UNITID,Year,XGRCOHRT,GRCOHRT,XUGENTER,UGENTERN,XPGRCOHR,PGRCOHRT,XRRFTCT,RRFTCT,XRRFTEX,RRFTEX,XRRFTIN,RRFTIN,XRRFTCTA,RRFTCTA,XRET_NMF,RET_NMF,XRET_PCF,RET_PCF,XRRPTCT,RRPTCT,XRRPTEX,RRPTEX,XRRPTIN,RRPTIN,XRRPTCTA,RRPTCTA,XRET_NMP,RET_NMP,XRET_PCP,RET_PCP,XSTUFACR,STUFACR 
100654,2018,R,1402.0,R,1676.0,R,84.0,R,1288.0,R,0.0,R,0.0,R,1288.0,R,784.0,R,61.0,R,6.0,R,0.0,R,0.0,R,6.0,R,6.0,R,100.0,R,20.0
100663,2018,R,2245.0,R,3965.0,R,57.0,R,2207.0,R,8.0,R,0.0,R,2199.0,R,1800.0,R,82.0,R,71.0,R,0.0,R,0.0,R,71.0,R,33.0,R,46.0,R,19.0
100690,2018,R,1.0,R,289.0,R,0.0,R,0.0,R,0.0,R,0.0,R,0.0,R,0.0,A,,R,0.0,R,0.0,R,0.0,R,0.0,R,0.0,A,,R,12.0
100706,2018,R,1428.0,R,2392.0,R,60.0,R,1340.0,R,2.0,Z,0.0,R,1338.0,R,1109.0,R,83.0,R,11.0,R,0.0,Z,0.0,R,11.0,R,1.0,R,9.0,R,17.0
100724,2018,R,1025.0,R,1185.0,R,86.0,R,951.0,R,0.0,R,0.0,R,951.0,R,558.0,R,59.0,R,16.0,R,0.0,R,0.0,R,16.0,R,2.0,R,13.0,R,15.0
100751,2018,R,6632.0,R,8442.0,R,79.0,R,7385.0,R,2.0,R,0.0,R,7383.0,R,6488.0,R,88.0,R,22.0,R,0.0,R,0.0,R,22.0,R,14.0,R,64.0,R,22.0
100760,2018,R,315.0,R,775.0,R,41.0,R,349.0,R,0.0,R,0.0,R,349.0,R,191.0,R,55.0,R,44.0,R,0.0,R,0.0,R,44.0,R,15.0,R,34.0,R,18.0
100812,2018,A,,A,,A,,A,,A,,A,,A,,A,,A,,A,,A,,A,,A,,A,,A,,R,15.0
100830,2018,R,730.0,R,1330.0,R,55.0,R,627.0,R,0.0,R,0.0,R,627.0,R,420.0,R,67.0,R,25.0,R,0.0,R,0.0,R,25.0,R,15.0,R,60.0,R,17.0
100858,2018,R,4744.0,R,6317.0,R,75.0,R,4771.0,R,7.0,R,0.0,R,4764.0,R,4287.0,R,90.0,R,65.0,R,6.0,R,0.0,R,59.0,R,44.0,R,75.0,R,19.0
100937,2018,R,328.0,R,374.0,R,88.0,R,349.0,R,0.0,R,0.0,R,349.0,R,279.0,R,80.0,A,,A,,A,,A,,A,,A,,R,12.0
101028,2018,R,329.0,R,743.0,R,44.0,R,276.0,R,0.0,R,0.0,R,276.0,R,150.0,R,54.0,R,65.0,R,0.0,R,0.0,R,65.0,R,15.0,R,23.0,R,17.0
101116,2018,R,7.0,R,71.0,R,10.0,R,6.0,R,0.0,R,0.0,R,6.0,R,2.0,R,33.0,R,1.0,R,0.0,R,0.0,R,1.0,R,0.0,R,0.0,R,10.0
101143,2018,R,317.0,R,841.0,R,38.0,R,306.0,R,0.0,R,0.0,R,306.0,R,167.0,R,55.0,R,97.0,R,0.0,R,0.0,R,97.0,R,33.0,R,34.0,R,18.0
101161,2018,R,1441.0,R,3652.0,R,39.0,R,1516.0,R,0.0,Z,0.0,R,1516.0,R,855.0,R,56.0,R,270.0,R,0.0,R,0.0,R,270.0,R,89.0,R,33.0,R,22.0
101189,2018,R,254.0,R,924.0,R,27.0,R,311.0,R,0.0,R,0.0,R,311.0,R,169.0,R,54.0,R,14.0,R,0.0,R,0.0,R,14.0,R,8.0,R,57.0,R,12.0
101240,2018,R,865.0,R,1835.0,R,47.0,R,888.0,R,0.0,R,0.0,R,888.0,R,484.0,R,55.0,R,216.0,R,0.0,R,0.0,R,216.0,R,109.0,R,50.0,R,17.0
101277,2018,A,,A,,A,,R,31.0,R,0.0,R,0.0,R,31.0,R,30.0,R,97.0,A,,A,,A,,A,,A,,A,,R,20.0
101286,2018,R,658.0,R,1708.0,R,39.0,R,705.0,Z,0.0,Z,0.0,R,705.0,R,412.0,R,58.0,R,217.0,Z,0.0,Z,0.0,R,217.0,R,103.0,R,47.0,R,17.0
101295,2018,R,934.0,R,1880.0,R,50.0,R,1003.0,R,0.0,Z,0.0,R,1003.0,R,630.0,R,63.0,R,300.0,R,0.0,Z,0.0,R,300.0,R,150.0,R,50.0,R,16.0
101301,2018,R,279.0,R,590.0,R,47.0,R,266.0,Z,0.0,Z,0.0,R,266.0,R,167.0,R,63.0,R,16.0,Z,0.0,Z,0.0,R,16.0,R,3.0,R,19.0,R,13.0
101365,2018,R,16.0,R,150.0,R,11.0,R,2.0,R,0.0,R,0.0,R,2.0,R,1.0,R,50.0,R,1.0,R,0.0,R,0.0,R,1.0,R,0.0,R,0.0,R,14.0
101435,2018,R,248.0,R,323.0,R,77.0,R,294.0,R,0.0,R,0.0,R,294.0,R,197.0,R,67.0,R,0.0,R,0.0,R,0.0,R,0.0,R,0.0,A,,R,14.0
101453,2018,R,4.0,R,10.0,R,40.0,R,8.0,R,0.0,R,0.0,R,8.0,R,8.0,R,100.0,R,0.0,R,0.0,R,0.0,R,0.0,R,0.0,A,,R,8.0
101462,2018,R,74.0,R,378.0,R,20.0,R,90.0,R,0.0,R,0.0,R,90.0,R,31.0,R,34.0,R,35.0,R,0.0,R,0.0,R,35.0,R,12.0,R,34.0,R,15.0
101471,2018,R,208.0,R,293.0,R,71.0,R,202.0,R,0.0,R,0.0,R,202.0,R,145.0,R,72.0,R,60.0,R,0.0,R,0.0,R,60.0,R,26.0,R,43.0,R,11.0
101480,2018,R,1060.0,R,2244.0,R,47.0,R,1115.0,R,0.0,R,0.0,R,1115.0,R,841.0,R,75.0,R,32.0,R,0.0,R,0.0,R,32.0,R,14.0,R,44.0,R,18.0
101505,2018,R,1031.0,R,4255.0,R,24.0,R,983.0,R,0.0,R,0.0,R,983.0,R,564.0,R,57.0,R,733.0,R,0.0,R,0.0,R,733.0,R,309.0,R,42.0,R,20.0
101514,2018,R,1182.0,R,3677.0,R,32.0,R,1072.0,R,0.0,R,0.0,R,1072.0,R,673.0,R,63.0,R,889.0,R,1.0,R,0.0,R,888.0,R,370.0,R,42.0,R,23.0
101541,2018,R,62.0,R,90.0,R,69.0,R,65.0,R,0.0,R,0.0,R,65.0,R,40.0,R,62.0,R,3.0,R,0.0,R,0.0,R,3.0,R,0.0,R,0.0,R,5.0
101569,2018,R,679.0,R,1484.0,R,46.0,R,715.0,R,0.0,R,0.0,R,715.0,R,365.0,R,51.0,R,197.0,R,0.0,R,0.0,R,197.0,R,71.0,R,36.0,R,16.0
101587,2018,R,413.0,R,771.0,R,54.0,R,460.0,Z,0.0,Z,0.0,R,460.0,R,287.0,R,62.0,R,1.0,Z,0.0,Z,0.0,R,1.0,R,1.0,R,100.0,R,14.0
101602,2018,R,377.0,R,877.0,R,43.0,R,415.0,R,0.0,R,0.0,R,415.0,R,236.0,R,57.0,R,50.0,R,0.0,R,0.0,R,50.0,R,26.0,R,52.0,R,17.0
101648,2018,R,230.0,R,241.0,R,95.0,R,281.0,R,0.0,R,0.0,R,281.0,R,126.0,R,45.0,A,,A,,A,,A,,A,,A,,R,14.0
101675,2018,R,348.0,R,504.0,R,69.0,R,307.0,R,0.0,R,0.0,R,307.0,R,167.0,R,54.0,R,2.0,R,0.0,R,0.0,R,2.0,R,0.0,R,0.0,R,16.0
101693,2018,R,241.0,R,716.0,R,34.0,R,226.0,R,0.0,R,0.0,R,226.0,R,171.0,R,76.0,R,0.0,R,0.0,R,0.0,R,0.0,R,0.0,A,,R,13.0
101709,2018,R,488.0,R,645.0,R,76.0,R,482.0,R,0.0,R,0.0,R,482.0,R,366.0,R,76.0,R,5.0,R,0.0,R,0.0,R,5.0,R,3.0,R,60.0,R,13.0
101736,2018,R,639.0,R,1539.0,R,42.0,R,677.0,R,0.0,R,0.0,R,677.0,R,397.0,R,59.0,R,136.0,R,0.0,R,0.0,R,136.0,R,60.0,R,44.0,R,19.0
101879,2018,R,987.0,R,1920.0,R,51.0,R,1108.0,R,1.0,R,0.0,R,1107.0,R,834.0,R,75.0,R,20.0,R,0.0,R,0.0,R,20.0,R,7.0,R,35.0,R,19.0
101897,2018,R,474.0,R,1224.0,R,39.0,R,496.0,R,0.0,Z,0.0,R,496.0,R,316.0,R,64.0,R,127.0,R,0.0,R,0.0,R,127.0,R,77.0,R,61.0,R,18.0
101912,2018,R,316.0,R,392.0,R,81.0,R,366.0,R,0.0,R,0.0,R,366.0,R,261.0,R,71.0,R,2.0,R,0.0,R,0.0,R,2.0,R,0.0,R,0.0,R,11.0
101994,2018,R,68.0,R,212.0,R,32.0,R,55.0,R,0.0,R,0.0,R,55.0,R,27.0,R,49.0,R,7.0,R,0.0,R,0.0,R,7.0,R,2.0,R,29.0,R,12.0
102030,2018,R,624.0,R,1370.0,R,46.0,R,647.0,R,0.0,R,0.0,R,647.0,R,298.0,R,46.0,R,165.0,R,0.0,R,0.0,R,165.0,R,48.0,R,29.0,R,19.0
102049,2018,R,958.0,R,1089.0,R,88.0,R,857.0,R,0.0,R,0.0,R,857.0,R,774.0,R,90.0,R,0.0,R,0.0,R,0.0,R,0.0,R,0.0,A,,R,12.0
102058,2018,P,50.0,P,187.0,P,27.0,P,46.0,P,0.0,P,0.0,P,46.0,P,15.0,P,33.0,P,0.0,P,0.0,P,0.0,P,0.0,P,0.0,A,,P,13.0
102067,2018,R,756.0,R,1654.0,R,46.0,R,795.0,R,0.0,R,0.0,R,795.0,R,459.0,R,58.0,R,373.0,R,0.0,R,0.0,R,373.0,R,149.0,R,40.0,R,19.0
102076,2018,R,449.0,R,963.0,R,47.0,R,539.0,R,0.0,R,0.0,R,539.0,R,336.0,R,62.0,R,69.0,R,0.0,R,0.0,R,69.0,R,27.0,R,39.0,R,21.0
102094,2018,R,1892.0,R,2894.0,R,65.0,R,1868.0,R,0.0,R,0.0,R,1868.0,R,1390.0,R,74.0,R,15.0,R,0.0,R,0.0,R,15.0,R,7.0,R,47.0,R,18.0
102234,2018,R,309.0,R,333.0,R,93.0,R,395.0,R,0.0,R,0.0,R,395.0,R,285.0,R,72.0,A,,A,,A,,A,,A,,A,,R,13.0
102270,2018,R,144.0,R,340.0,R,42.0,R,118.0,R,0.0,R,0.0,R,118.0,R,80.0,R,68.0,R,45.0,R,0.0,R,0.0,R,45.0,R,2.0,R,4.0,R,15.0
102298,2018,R,275.0,R,399.0,R,69.0,R,157.0,R,0.0,R,0.0,R,157.0,R,110.0,R,70.0,R,3.0,R,0.0,R,0.0,R,3.0,R,2.0,R,67.0,R,22.0
102313,2018,R,265.0,R,865.0,R,31.0,R,289.0,R,0.0,R,0.0,R,289.0,R,154.0,R,53.0,R,152.0,R,0.0,R,0.0,R,152.0,R,55.0,R,36.0,R,14.0
102368,2018,R,1691.0,R,3512.0,R,48.0,R,1866.0,R,0.0,R,0.0,R,1866.0,R,1358.0,R,73.0,R,209.0,R,0.0,R,0.0,R,209.0,R,70.0,R,33.0,R,16.0
102377,2018,R,561.0,R,660.0,R,85.0,R,615.0,R,0.0,R,0.0,R,615.0,R,433.0,R,70.0,R,1.0,R,0.0,R,0.0,R,1.0,R,1.0,R,100.0,R,14.0
102395,2018,A,,A,,A,,A,,A,,A,,A,,A,,A,,A,,A,,A,,A,,A,,A,,R,8.0
102429,2018,R,606.0,R,1644.0,R,37.0,R,646.0,R,0.0,Z,0.0,R,646.0,R,395.0,R,61.0,R,174.0,R,0.0,R,0.0,R,174.0,R,79.0,R,45.0,R,16.0
102553,2018,R,1151.0,R,2312.0,R,50.0,R,946.0,Z,0.0,Z,0.0,R,946.0,R,633.0,R,67.0,R,252.0,Z,0.0,Z,0.0,R,252.0,R,119.0,R,47.0,R,14.0
102580,2018,R,9.0,R,20.0,R,45.0,R,1.0,R,0.0,R,0.0,R,1.0,R,1.0,R,100.0,R,0.0,R,0.0,R,0.0,R,0.0,R,0.0,A,,R,6.0
102614,2018,R,584.0,R,1640.0,R,36.0,R,387.0,Z,0.0,Z,0.0,R,387.0,R,284.0,R,73.0,R,33.0,Z,0.0,Z,0.0,R,33.0,R,20.0,R,61.0,R,11.0
102632,2018,R,164.0,R,489.0,R,34.0,R,70.0,Z,0.0,Z,0.0,R,70.0,R,52.0,R,74.0,R,6.0,Z,0.0,Z,0.0,R,6.0,R,3.0,R,50.0,R,10.0
102669,2018,R,36.0,R,119.0,R,30.0,R,32.0,R,0.0,R,0.0,R,32.0,R,26.0,R,81.0,R,3.0,R,0.0,R,0.0,R,3.0,R,2.0,R,67.0,R,7.0
102711,2018,A,,A,,A,,R,143.0,R,0.0,R,0.0,R,143.0,R,135.0,R,94.0,R,713.0,R,0.0,R,0.0,R,713.0,R,695.0,R,97.0,R,15.0
102845,2018,A,,A,,A,,R,2.0,R,0.0,R,0.0,R,2.0,R,1.0,R,50.0,A,,A,,A,,A,,A,,A,,R,25.0
103501,2018,A,,A,,A,,R,255.0,R,0.0,R,0.0,R,255.0,R,184.0,R,72.0,A,,A,,A,,A,,A,,A,,R,15.0
103741,2018,A,,A,,A,,R,39.0,R,0.0,Z,0.0,R,39.0,R,27.0,R,69.0,R,9.0,R,0.0,Z,0.0,R,9.0,R,5.0,R,56.0,R,18.0
103893,2018,A,,A,,A,,R,122.0,Z,0.0,Z,0.0,R,122.0,R,83.0,R,68.0,Z,0.0,Z,0.0,Z,0.0,R,0.0,R,0.0,A,,R,39.0
103909,2018,A,,A,,A,,R,70.0,Z,0.0,Z,0.0,R,70.0,R,43.0,R,61.0,Z,0.0,Z,0.0,Z,0.0,R,0.0,R,0.0,A,,R,26.0
103927,2018,A,,A,,A,,R,57.0,Z,0.0,Z,0.0,R,57.0,R,33.0,R,58.0,Z,0.0,Z,0.0,Z,0.0,R,0.0,R,0.0,A,,R,34.0
103945,2018,A,,A,,A,,R,0.0,R,0.0,R,0.0,R,0.0,R,0.0,A,,A,,A,,A,,A,,A,,A,,R,11.0
103954,2018,A,,A,,A,,R,2.0,R,0.0,R,0.0,R,2.0,R,0.0,R,0.0,A,,A,,A,,A,,A,,A,,R,20.0
103963,2018,A,,A,,A,,R,298.0,Z,0.0,Z,0.0,R,298.0,R,165.0,R,55.0,A,,A,,A,,A,,A,,A,,R,22.0
104090,2018,A,,A,,A,,R,74.0,Z,0.0,Z,0.0,R,74.0,R,18.0,R,24.0,R,142.0,Z,0.0,Z,0.0,R,142.0,R,93.0,R,65.0,R,16.0
104151,2018,R,8809.0,R,12232.0,R,72.0,R,7822.0,R,72.0,R,0.0,R,7750.0,R,6793.0,R,88.0,R,52.0,R,2.0,R,0.0,R,50.0,R,24.0,R,48.0,R,19.0
104160,2018,R,762.0,R,2778.0,R,27.0,R,647.0,R,0.0,R,0.0,R,647.0,R,429.0,R,66.0,R,1081.0,R,0.0,R,0.0,R,1081.0,R,468.0,R,43.0,R,18.0
104179,2018,R,6011.0,R,10467.0,R,57.0,R,5902.0,R,27.0,R,0.0,R,5875.0,R,4773.0,R,81.0,R,1458.0,R,0.0,R,0.0,R,1458.0,R,929.0,R,64.0,R,15.0
104188,2018,R,23.0,R,43.0,R,53.0,R,16.0,R,0.0,R,0.0,R,16.0,R,13.0,R,81.0,R,0.0,R,0.0,R,0.0,R,0.0,R,0.0,A,,R,10.0
104346,2018,R,595.0,R,2067.0,R,29.0,R,514.0,R,0.0,R,0.0,R,514.0,R,275.0,R,54.0,R,659.0,R,0.0,R,0.0,R,659.0,R,188.0,R,29.0,R,17.0
104391,2018,A,,A,,A,,R,48.0,R,1.0,R,0.0,R,47.0,R,42.0,R,89.0,A,,A,,A,,A,,A,,A,,R,18.0
104425,2018,R,519.0,R,961.0,R,54.0,R,444.0,R,0.0,R,0.0,R,444.0,R,279.0,R,63.0,R,183.0,R,0.0,R,0.0,R,183.0,R,78.0,R,43.0,R,16.0
104434,2018,A,,A,,A,,R,16.0,R,0.0,Z,0.0,R,16.0,R,13.0,R,81.0,A,,A,,A,,A,,A,,A,,R,16.0
104443,2018,A,,A,,A,,R,18.0,R,0.0,Z,0.0,R,18.0,R,10.0,R,56.0,R,4.0,R,0.0,Z,0.0,R,4.0,R,2.0,R,50.0,R,13.0
104504,2018,A,,A,,A,,R,17.0,Z,0.0,Z,0.0,R,17.0,R,13.0,R,76.0,R,13.0,Z,0.0,Z,0.0,R,13.0,R,10.0,R,77.0,R,30.0
104568,2018,A,,A,,A,,R,103.0,R,0.0,R,0.0,R,103.0,R,92.0,R,89.0,R,118.0,R,0.0,R,0.0,R,118.0,R,108.0,R,92.0,R,17.0
104577,2018,R,496.0,R,1395.0,R,36.0,R,350.0,Z,0.0,R,0.0,R,350.0,R,223.0,R,64.0,R,247.0,Z,0.0,R,0.0,R,247.0,R,86.0,R,35.0,R,17.0
104586,2018,R,609.0,R,715.0,R,85.0,R,678.0,R,0.0,R,0.0,R,678.0,R,552.0,R,81.0,R,3.0,R,0.0,R,0.0,R,3.0,R,2.0,R,67.0,R,17.0
104708,2018,R,1533.0,R,4735.0,R,32.0,R,1680.0,R,0.0,Z,0.0,R,1680.0,R,1067.0,R,64.0,R,1042.0,R,0.0,Z,0.0,R,1042.0,R,452.0,R,43.0,R,22.0
104717,2018,R,2725.0,R,18010.0,R,15.0,R,2399.0,R,0.0,R,0.0,R,2399.0,R,1528.0,R,64.0,R,992.0,R,2.0,R,0.0,R,990.0,R,358.0,R,36.0,R,20.0
105145,2018,R,295.0,R,1564.0,R,19.0,R,312.0,R,0.0,Z,0.0,R,312.0,R,178.0,R,57.0,R,261.0,R,0.0,Z,0.0,R,261.0,R,116.0,R,44.0,R,15.0
105154,2018,R,1471.0,R,5806.0,R,25.0,R,1375.0,R,0.0,Z,0.0,R,1375.0,R,903.0,R,66.0,R,1004.0,R,0.0,Z,0.0,R,1004.0,R,407.0,R,41.0,R,22.0
105206,2018,R,126.0,R,760.0,R,17.0,R,153.0,R,0.0,R,0.0,R,153.0,R,79.0,R,52.0,R,346.0,R,0.0,R,0.0,R,346.0,R,136.0,R,39.0,R,13.0
105215,2018,A,,A,,A,,R,129.0,R,0.0,R,0.0,R,129.0,R,105.0,R,81.0,A,,A,,A,,A,,A,,A,,R,32.0
105297,2018,R,135.0,R,342.0,R,39.0,R,0.0,R,0.0,R,0.0,R,0.0,R,0.0,A,,R,0.0,R,0.0,R,0.0,R,0.0,R,0.0,A,,R,14.0
105330,2018,R,5047.0,R,8748.0,R,58.0,R,5260.0,R,1.0,R,0.0,R,5259.0,R,3863.0,R,73.0,R,637.0,R,2.0,R,0.0,R,635.0,R,309.0,R,49.0,R,19.0
105349,2018,R,32.0,R,1570.0,R,2.0,R,70.0,R,0.0,R,0.0,R,70.0,R,31.0,R,44.0,R,145.0,R,0.0,R,0.0,R,145.0,R,45.0,R,31.0,R,15.0
105367,2018,A,,A,,A,,A,,A,,A,,A,,A,,A,,A,,A,,A,,A,,A,,A,,R,8.0
105428,2018,R,648.0,R,3203.0,R,20.0,R,641.0,R,0.0,Z,0.0,R,641.0,R,376.0,R,59.0,R,598.0,R,0.0,Z,0.0,R,598.0,R,212.0,R,35.0,R,19.0
105482,2018,A,,A,,A,,A,,A,,A,,A,,A,,A,,A,,A,,A,,A,,A,,A,,R,15.0
105525,2018,R,1468.0,R,5706.0,R,26.0,R,2129.0,R,1.0,R,0.0,R,2128.0,R,1266.0,R,59.0,R,2345.0,R,0.0,R,0.0,R,2345.0,R,942.0,R,40.0,R,19.0
105534,2018,A,,A,,A,,R,0.0,Z,0.0,Z,0.0,R,0.0,R,0.0,A,,A,,A,,A,,A,,A,,A,,R,25.0
105543,2018,A,,A,,A,,R,75.0,R,0.0,R,0.0,R,75.0,R,53.0,R,71.0,A,,A,,A,,A,,A,,A,,R,25.0
105589,2018,R,45.0,R,136.0,R,33.0,R,64.0,R,0.0,R,0.0,R,64.0,R,46.0,R,72.0,A,,A,,A,,A,,A,,A,,R,9.0
105659,2018,A,,A,,A,,R,187.0,R,0.0,R,0.0,R,187.0,R,140.0,R,75.0,A,,A,,A,,A,,A,,A,,R,34.0
105668,2018,R,94.0,R,4752.0,R,2.0,R,77.0,R,0.0,Z,0.0,R,77.0,R,23.0,R,30.0,R,222.0,R,0.0,Z,0.0,R,222.0,R,64.0,R,29.0,R,31.0
105677,2018,A,,A,,A,,A,,A,,A,,A,,A,,A,,A,,A,,A,,A,,A,,A,,R,6.0
105747,2018,R,462.0,R,2418.0,R,19.0,R,484.0,R,0.0,Z,0.0,R,484.0,R,311.0,R,64.0,R,259.0,R,0.0,Z,0.0,R,259.0,R,118.0,R,46.0,R,19.0
105792,2018,R,386.0,R,1281.0,R,30.0,R,444.0,R,0.0,Z,0.0,R,444.0,R,267.0,R,60.0,R,251.0,R,0.0,Z,0.0,R,251.0,R,81.0,R,32.0,R,19.0
105899,2018,R,153.0,R,361.0,R,42.0,R,152.0,R,0.0,R,0.0,R,152.0,R,90.0,R,59.0,R,0.0,R,0.0,R,0.0,R,0.0,R,0.0,A,,R,14.0
106041,2018,A,,A,,A,,R,433.0,R,2.0,R,0.0,R,431.0,R,339.0,R,79.0,A,,A,,A,,A,,A,,A,,R,37.0
106111,2018,A,,A,,A,,R,40.0,R,0.0,Z,0.0,R,40.0,R,22.0,R,55.0,R,9.0,R,0.0,Z,0.0,R,9.0,R,7.0,R,78.0,R,16.0
106148,2018,R,508.0,R,2387.0,R,21.0,R,527.0,R,0.0,R,0.0,R,527.0,R,308.0,R,58.0,R,598.0,R,6.0,Z,0.0,R,592.0,R,257.0,R,43.0,R,18.0
106245,2018,R,557.0,R,2227.0,R,25.0,R,717.0,R,0.0,R,0.0,R,717.0,R,485.0,R,68.0,R,45.0,R,0.0,R,0.0,R,45.0,R,18.0,R,40.0,R,12.0
106263,2018,A,,A,,A,,A,,A,,A,,A,,A,,A,,A,,A,,A,,A,,A,,A,,R,10.0
106306,2018,R,176.0,R,267.0,R,66.0,R,14.0,R,0.0,R,0.0,R,14.0,R,7.0,R,50.0,R,1.0,R,0.0,R,0.0,R,1.0,R,0.0,R,0.0,R,23.0
106315,2018,A,,A,,A,,R,25.0,R,0.0,R,0.0,R,25.0,R,19.0,R,76.0,A,,A,,A,,A,,A,,A,,R,20.0
106324,2018,A,,A,,A,,R,20.0,R,0.0,R,0.0,R,20.0,R,17.0,R,85.0,R,1.0,R,0.0,R,0.0,R,1.0,R,0.0,R,0.0,R,4.0
106342,2018,R,215.0,R,255.0,R,84.0,R,190.0,R,1.0,R,0.0,R,189.0,R,135.0,R,71.0,A,,A,,A,,A,,A,,A,,R,10.0
106351,2018,A,,A,,A,,R,15.0,R,0.0,R,0.0,R,15.0,R,9.0,R,60.0,A,,A,,A,,A,,A,,A,,R,20.0
106360,2018,A,,A,,A,,R,9.0,R,0.0,Z,0.0,R,9.0,R,4.0,R,44.0,A,,A,,A,,A,,A,,A,,R,13.0
106397,2018,R,4977.0,R,6512.0,R,76.0,R,5032.0,R,1.0,Z,0.0,R,5031.0,R,4216.0,R,84.0,R,33.0,R,0.0,Z,0.0,R,33.0,R,24.0,R,73.0,R,18.0
106412,2018,R,563.0,R,704.0,R,80.0,R,507.0,R,1.0,Z,0.0,R,506.0,R,356.0,R,70.0,R,7.0,R,0.0,Z,0.0,R,7.0,R,1.0,R,14.0,R,15.0
106449,2018,R,661.0,R,962.0,R,69.0,R,730.0,R,1.0,R,0.0,R,729.0,R,478.0,R,66.0,R,97.0,R,0.0,R,0.0,R,97.0,R,33.0,R,34.0,R,17.0
106458,2018,R,1525.0,R,2391.0,R,64.0,R,1405.0,R,1.0,R,0.0,R,1404.0,R,1074.0,R,76.0,R,22.0,R,0.0,R,0.0,R,22.0,R,7.0,R,32.0,R,18.0
106467,2018,R,1633.0,R,2124.0,R,77.0,R,1514.0,Z,0.0,Z,0.0,R,1514.0,R,1065.0,R,70.0,R,24.0,Z,0.0,Z,0.0,R,24.0,R,12.0,R,50.0,R,18.0
106485,2018,R,552.0,R,852.0,R,65.0,R,337.0,R,0.0,R,0.0,R,337.0,R,207.0,R,61.0,R,5.0,R,0.0,R,0.0,R,5.0,R,3.0,R,60.0,R,14.0
106494,2018,A,,A,,A,,R,28.0,R,1.0,Z,0.0,R,27.0,R,13.0,R,48.0,A,,A,,A,,A,,A,,A,,R,12.0
106546,2018,R,3.0,R,230.0,R,1.0,R,7.0,R,0.0,R,0.0,R,7.0,R,6.0,R,86.0,A,,A,,A,,A,,A,,A,,R,10.0
106625,2018,R,314.0,R,567.0,R,55.0,R,309.0,Z,0.0,Z,0.0,R,309.0,R,144.0,R,47.0,R,45.0,Z,0.0,Z,0.0,R,45.0,R,18.0,R,40.0,R,15.0
106704,2018,R,2023.0,R,2702.0,R,75.0,R,1927.0,R,0.0,R,0.0,R,1927.0,R,1427.0,R,74.0,R,10.0,R,0.0,R,0.0,R,10.0,R,4.0,R,40.0,R,15.0
106713,2018,R,127.0,R,246.0,R,52.0,R,136.0,R,0.0,R,0.0,R,136.0,R,73.0,R,54.0,R,0.0,R,0.0,R,0.0,R,0.0,R,0.0,A,,R,11.0
106795,2018,R,174.0,R,603.0,R,29.0,R,213.0,R,0.0,R,0.0,R,213.0,R,128.0,R,60.0,R,86.0,R,0.0,R,0.0,R,86.0,R,29.0,R,34.0,R,16.0
106810,2018,R,53.0,R,87.0,R,61.0,R,23.0,R,1.0,R,0.0,R,22.0,R,9.0,R,41.0,R,0.0,R,0.0,R,0.0,R,0.0,R,0.0,A,,R,8.0
106829,2018,A,,A,,A,,R,66.0,R,0.0,R,0.0,R,66.0,R,32.0,R,48.0,R,10.0,R,0.0,R,0.0,R,10.0,R,6.0,R,60.0,R,6.0
106883,2018,R,179.0,R,551.0,R,32.0,R,130.0,R,0.0,R,0.0,R,130.0,R,73.0,R,56.0,R,19.0,R,0.0,R,0.0,R,19.0,R,9.0,R,47.0,R,9.0
106892,2018,A,,A,,A,,A,,A,,A,,A,,A,,A,,A,,A,,A,,A,,A,,A,,R,13.0
106908,2018,A,,A,,A,,R,64.0,R,0.0,R,0.0,R,64.0,R,46.0,R,72.0,R,4.0,Z,0.0,Z,0.0,R,4.0,R,4.0,R,100.0,R,11.0
106980,2018,R,238.0,R,605.0,R,39.0,R,430.0,R,2.0,R,0.0,R,428.0,R,231.0,R,54.0,R,129.0,R,0.0,R,0.0,R,129.0,R,32.0,R,25.0,R,19.0
106999,2018,R,237.0,R,424.0,R,56.0,R,243.0,R,0.0,R,0.0,R,243.0,R,153.0,R,63.0,R,25.0,R,0.0,R,0.0,R,25.0,R,8.0,R,32.0,R,17.0
107044,2018,R,856.0,R,1004.0,R,85.0,R,944.0,R,0.0,R,0.0,R,944.0,R,799.0,R,85.0,R,1.0,R,0.0,R,0.0,R,1.0,R,1.0,R,100.0,R,16.0
107071,2018,R,842.0,R,1485.0,R,57.0,R,615.0,R,0.0,R,0.0,R,615.0,R,396.0,R,64.0,R,2.0,R,0.0,R,0.0,R,2.0,R,0.0,R,0.0,R,14.0
107080,2018,R,309.0,R,329.0,R,94.0,R,338.0,R,0.0,R,0.0,R,338.0,R,290.0,R,86.0,A,,A,,A,,A,,A,,A,,R,10.0
107099,2018,A,,A,,A,,R,2.0,R,0.0,R,0.0,R,2.0,R,2.0,R,100.0,A,,A,,A,,A,,A,,A,,R,12.0
107123,2018,A,,A,,A,,A,,A,,A,,A,,A,,A,,A,,A,,A,,A,,A,,A,,R,8.0
107141,2018,R,319.0,R,687.0,R,46.0,R,326.0,R,1.0,Z,0.0,R,325.0,R,260.0,R,80.0,A,,A,,A,,A,,A,,A,,R,14.0
107220,2018,A,,A,,A,,R,156.0,R,0.0,R,0.0,R,156.0,R,122.0,R,78.0,A,,A,,A,,A,,A,,A,,R,9.0
107293,2018,A,,A,,A,,R,11.0,R,0.0,R,0.0,R,11.0,R,7.0,R,64.0,A,,A,,A,,A,,A,,A,,R,27.0
107318,2018,R,116.0,R,586.0,R,20.0,R,118.0,R,0.0,R,0.0,R,118.0,R,53.0,R,45.0,R,72.0,R,0.0,R,0.0,R,72.0,R,18.0,R,25.0,R,11.0
107327,2018,R,187.0,R,490.0,R,38.0,R,188.0,R,0.0,R,0.0,R,188.0,R,105.0,R,56.0,R,52.0,R,0.0,R,0.0,R,52.0,R,22.0,R,42.0,R,15.0
107442,2018,A,,A,,A,,R,5.0,R,0.0,R,0.0,R,5.0,R,4.0,R,80.0,A,,A,,A,,A,,A,,A,,R,20.0
107460,2018,R,375.0,R,578.0,R,65.0,R,409.0,R,0.0,R,0.0,R,409.0,R,221.0,R,54.0,R,52.0,R,0.0,R,0.0,R,52.0,R,24.0,R,46.0,R,14.0
107488,2018,A,,A,,A,,R,147.0,R,0.0,R,0.0,R,147.0,R,57.0,R,39.0,R,6.0,R,0.0,R,0.0,R,6.0,R,1.0,R,17.0,R,6.0
107512,2018,R,443.0,R,686.0,R,65.0,R,445.0,R,0.0,Z,0.0,R,445.0,R,370.0,R,83.0,R,0.0,R,0.0,R,0.0,R,0.0,R,0.0,A,,R,12.0
107521,2018,R,75.0,R,221.0,R,34.0,R,110.0,R,0.0,R,0.0,R,110.0,R,54.0,R,49.0,R,20.0,R,0.0,R,0.0,R,20.0,R,8.0,R,40.0,R,11.0
107549,2018,R,155.0,R,489.0,R,32.0,R,196.0,R,1.0,Z,0.0,R,195.0,R,154.0,R,79.0,R,40.0,Z,0.0,Z,0.0,R,40.0,R,14.0,R,35.0,R,14.0
107558,2018,R,273.0,R,329.0,R,83.0,R,259.0,R,0.0,R,0.0,R,259.0,R,195.0,R,75.0,R,0.0,R,0.0,R,0.0,R,0.0,R,0.0,A,,R,15.0
107585,2018,R,357.0,R,783.0,R,46.0,R,418.0,R,2.0,R,0.0,R,416.0,R,236.0,R,57.0,R,116.0,R,0.0,R,0.0,R,116.0,R,55.0,R,47.0,R,22.0
107600,2018,R,294.0,R,388.0,R,76.0,R,328.0,R,0.0,R,0.0,R,328.0,R,225.0,R,69.0,R,4.0,R,0.0,R,0.0,R,4.0,R,2.0,R,50.0,R,16.0
107619,2018,R,174.0,R,280.0,R,62.0,R,116.0,R,0.0,R,0.0,R,116.0,R,63.0,R,54.0,R,8.0,R,0.0,R,0.0,R,8.0,R,3.0,R,38.0,R,13.0
107637,2018,R,146.0,R,393.0,R,37.0,R,172.0,Z,0.0,Z,0.0,R,172.0,R,91.0,R,53.0,R,63.0,Z,0.0,Z,0.0,R,63.0,R,22.0,R,35.0,R,13.0
107655,2018,A,,A,,A,,R,6.0,R,0.0,R,0.0,R,6.0,R,4.0,R,67.0,A,,A,,A,,A,,A,,A,,R,15.0
107664,2018,R,641.0,R,1733.0,R,37.0,R,501.0,R,0.0,R,0.0,R,501.0,R,268.0,R,53.0,R,381.0,R,0.0,R,0.0,R,381.0,R,193.0,R,51.0,R,17.0
107725,2018,R,214.0,R,353.0,R,61.0,R,212.0,R,0.0,R,0.0,R,212.0,R,127.0,R,60.0,R,65.0,R,0.0,R,0.0,R,65.0,R,30.0,R,46.0,R,16.0
107743,2018,R,116.0,R,308.0,R,38.0,R,124.0,R,0.0,R,0.0,R,124.0,R,71.0,R,57.0,R,31.0,R,0.0,Z,0.0,R,31.0,R,18.0,R,58.0,R,19.0
107789,2018,A,,A,,A,,R,19.0,R,0.0,R,0.0,R,19.0,R,15.0,R,79.0,R,1.0,R,0.0,R,0.0,R,1.0,R,1.0,R,100.0,R,25.0
107831,2018,A,,A,,A,,R,13.0,Z,0.0,Z,0.0,R,13.0,R,8.0,R,62.0,A,,A,,A,,A,,A,,A,,R,20.0
107840,2018,R,107.0,R,284.0,R,38.0,R,78.0,R,0.0,R,0.0,R,78.0,R,0.0,R,0.0,R,42.0,R,0.0,R,0.0,R,42.0,R,6.0,R,14.0,R,16.0
107877,2018,R,156.0,R,218.0,R,72.0,R,142.0,R,0.0,R,0.0,R,142.0,R,74.0,R,52.0,A,,A,,A,,A,,A,,A,,R,14.0
107974,2018,R,157.0,R,589.0,R,27.0,R,152.0,R,0.0,Z,0.0,R,152.0,R,76.0,R,50.0,R,29.0,Z,0.0,Z,0.0,R,29.0,R,15.0,R,52.0,R,15.0
107983,2018,R,890.0,R,1287.0,R,69.0,R,858.0,R,1.0,R,0.0,R,857.0,R,560.0,R,65.0,R,12.0,R,0.0,R,0.0,R,12.0,R,4.0,R,33.0,R,17.0
107992,2018,R,170.0,R,362.0,R,47.0,R,168.0,R,1.0,R,0.0,R,167.0,R,115.0,R,69.0,R,40.0,R,0.0,R,0.0,R,40.0,R,16.0,R,40.0,R,13.0
108065,2018,A,,A,,A,,R,8.0,R,0.0,R,0.0,R,8.0,R,6.0,R,75.0,R,2.0,R,0.0,R,0.0,R,2.0,R,2.0,R,100.0,R,12.0
108092,2018,R,998.0,R,1439.0,R,69.0,R,756.0,R,0.0,R,0.0,R,756.0,R,483.0,R,64.0,R,52.0,R,0.0,R,4.0,R,56.0,R,28.0,R,50.0,R,17.0
108232,2018,R,338.0,R,1685.0,R,20.0,R,457.0,R,0.0,R,0.0,R,457.0,R,358.0,R,78.0,R,255.0,R,0.0,R,0.0,R,255.0,R,103.0,R,40.0,R,14.0
108348,2018,A,,A,,A,,R,13.0,R,0.0,R,0.0,R,13.0,R,10.0,R,77.0,A,,A,,A,,A,,A,,A,,R,3.0
108649,2018,A,,A,,A,,R,84.0,R,0.0,R,0.0,R,84.0,R,69.0,R,82.0,A,,A,,A,,A,,A,,A,,R,22.0
108667,2018,R,280.0,R,2711.0,R,10.0,R,199.0,R,0.0,R,0.0,R,199.0,R,130.0,R,65.0,R,423.0,R,0.0,R,0.0,R,423.0,R,141.0,R,33.0,R,27.0
108807,2018,R,1077.0,R,3283.0,R,33.0,R,770.0,R,0.0,R,0.0,R,770.0,R,574.0,R,75.0,R,721.0,R,0.0,R,0.0,R,721.0,R,350.0,R,49.0,R,22.0
108852,2018,R,79.0,R,108.0,R,73.0,R,113.0,R,0.0,R,0.0,R,113.0,R,89.0,R,79.0,A,,A,,A,,A,,A,,A,,R,14.0
108977,2018,A,,A,,A,,R,11.0,R,0.0,R,0.0,R,11.0,R,9.0,R,82.0,R,7.0,R,0.0,R,0.0,R,7.0,R,6.0,R,86.0,R,25.0
109040,2018,A,,A,,A,,R,218.0,R,0.0,R,0.0,R,218.0,R,154.0,R,71.0,A,,A,,A,,A,,A,,A,,R,42.0
109086,2018,A,,A,,A,,R,0.0,R,0.0,R,0.0,R,0.0,R,0.0,A,,A,,A,,A,,A,,A,,A,,R,6.0
109208,2018,R,1456.0,R,9281.0,R,16.0,R,1270.0,R,0.0,R,0.0,R,1270.0,R,899.0,R,71.0,R,2340.0,R,0.0,R,0.0,R,2340.0,R,1231.0,R,53.0,R,27.0
109350,2018,R,1134.0,R,3667.0,R,31.0,R,0.0,R,0.0,R,0.0,R,0.0,R,0.0,A,,R,0.0,R,0.0,R,0.0,R,0.0,R,0.0,A,,R,23.0
109651,2018,R,239.0,R,430.0,R,56.0,R,223.0,R,3.0,Z,0.0,R,220.0,R,182.0,R,83.0,A,,A,,A,,A,,A,,A,,R,8.0
109721,2018,A,,A,,A,,R,386.0,R,0.0,R,0.0,R,386.0,R,251.0,R,65.0,A,,A,,A,,A,,A,,A,,R,24.0
109730,2018,A,,A,,A,,A,,A,,A,,A,,A,,A,,A,,A,,A,,A,,A,,A,,R,15.0
109785,2018,R,998.0,R,1429.0,R,70.0,R,996.0,R,0.0,R,0.0,R,996.0,R,811.0,R,81.0,R,9.0,R,0.0,R,0.0,R,9.0,R,2.0,R,22.0,R,11.0
109819,2018,R,2214.0,R,7888.0,R,28.0,R,0.0,R,0.0,R,0.0,R,0.0,R,0.0,A,,R,0.0,R,0.0,R,0.0,R,0.0,R,0.0,A,,R,30.0
109907,2018,R,279.0,R,1159.0,R,24.0,R,278.0,R,0.0,R,0.0,R,278.0,R,181.0,R,65.0,R,157.0,R,0.0,R,0.0,R,157.0,R,45.0,R,29.0,R,25.0
109934,2018,A,,A,,A,,R,39.0,R,0.0,R,0.0,R,39.0,R,32.0,R,82.0,A,,A,,A,,A,,A,,A,,R,16.0
110060,2018,R,54.0,R,76.0,R,71.0,R,64.0,R,0.0,R,0.0,R,64.0,R,24.0,R,38.0,R,14.0,R,0.0,R,0.0,R,14.0,R,5.0,R,36.0,R,7.0
110097,2018,R,857.0,R,1131.0,R,76.0,R,890.0,R,0.0,R,0.0,R,890.0,R,765.0,R,86.0,R,1.0,R,0.0,R,0.0,R,1.0,R,1.0,R,100.0,R,14.0
110194,2018,A,,A,,A,,R,37.0,R,0.0,R,0.0,R,37.0,R,36.0,R,97.0,A,,A,,A,,A,,A,,A,,R,10.0
110219,2018,R,180.0,R,258.0,R,70.0,R,74.0,R,0.0,R,0.0,R,74.0,R,33.0,R,45.0,A,,A,,A,,A,,A,,A,,R,28.0
110246,2018,R,1305.0,R,3370.0,R,39.0,R,1194.0,R,0.0,R,0.0,R,1194.0,R,878.0,R,74.0,R,668.0,R,0.0,R,0.0,R,668.0,R,316.0,R,47.0,R,21.0
110316,2018,A,,A,,A,,A,,A,,A,,A,,A,,A,,A,,A,,A,,A,,A,,A,,R,12.0
110334,2018,R,938.0,R,2692.0,R,35.0,R,911.0,R,0.0,R,0.0,R,911.0,R,658.0,R,72.0,R,554.0,R,0.0,R,0.0,R,554.0,R,275.0,R,50.0,R,21.0
110361,2018,R,1567.0,R,2497.0,R,63.0,R,1375.0,R,1.0,R,0.0,R,1374.0,R,1048.0,R,76.0,R,37.0,R,0.0,R,0.0,R,37.0,R,13.0,R,35.0,R,14.0
110370,2018,R,263.0,R,385.0,R,68.0,R,235.0,Z,0.0,Z,0.0,R,235.0,R,190.0,R,81.0,A,,A,,A,,A,,A,,A,,R,11.0
110404,2018,R,231.0,R,233.0,R,99.0,R,235.0,R,0.0,Z,0.0,R,235.0,R,230.0,R,98.0,A,,A,,A,,A,,A,,A,,R,3.0
110413,2018,R,681.0,R,982.0,R,69.0,R,585.0,R,0.0,R,0.0,R,585.0,R,484.0,R,83.0,A,,A,,A,,A,,A,,A,,R,16.0
110422,2018,R,4383.0,R,5309.0,R,83.0,R,5241.0,Z,0.0,Z,0.0,R,5241.0,R,4935.0,R,94.0,R,12.0,Z,0.0,Z,0.0,R,12.0,R,11.0,R,92.0,R,21.0
110468,2018,A,,A,,A,,R,9.0,R,0.0,R,0.0,R,9.0,R,6.0,R,67.0,R,0.0,R,0.0,R,0.0,R,0.0,R,0.0,A,,R,13.0
110486,2018,R,1466.0,R,2903.0,R,50.0,R,1383.0,Z,0.0,Z,0.0,R,1383.0,R,1076.0,R,78.0,R,53.0,Z,0.0,Z,0.0,R,53.0,R,29.0,R,55.0,R,24.0
110495,2018,R,1508.0,R,2597.0,R,58.0,R,1362.0,Z,0.0,Z,0.0,R,1362.0,R,1111.0,R,82.0,R,59.0,Z,0.0,Z,0.0,R,59.0,R,32.0,R,54.0,R,22.0
110510,2018,R,2654.0,R,5407.0,R,49.0,R,2483.0,Z,0.0,Z,0.0,R,2483.0,R,2142.0,R,86.0,R,34.0,Z,0.0,Z,0.0,R,34.0,R,14.0,R,41.0,R,29.0
110529,2018,R,3776.0,R,7821.0,R,48.0,R,3668.0,Z,0.0,Z,0.0,R,3668.0,R,3177.0,R,87.0,R,118.0,Z,0.0,Z,0.0,R,118.0,R,72.0,R,61.0,R,28.0
110538,2018,R,2687.0,R,4408.0,R,61.0,R,2769.0,Z,0.0,Z,0.0,R,2769.0,R,2355.0,R,85.0,R,36.0,Z,0.0,Z,0.0,R,36.0,R,18.0,R,50.0,R,24.0
110547,2018,R,1970.0,R,5027.0,R,39.0,R,1635.0,Z,0.0,Z,0.0,R,1635.0,R,1279.0,R,78.0,R,43.0,Z,0.0,Z,0.0,R,43.0,R,15.0,R,35.0,R,25.0
110556,2018,R,3478.0,R,6093.0,R,57.0,R,3307.0,Z,0.0,Z,0.0,R,3307.0,R,2683.0,R,81.0,R,139.0,Z,0.0,Z,0.0,R,139.0,R,75.0,R,54.0,R,23.0
110565,2018,R,4303.0,R,8336.0,R,52.0,R,4305.0,Z,0.0,Z,0.0,R,4305.0,R,3794.0,R,88.0,R,132.0,Z,0.0,Z,0.0,R,132.0,R,96.0,R,73.0,R,25.0
110574,2018,R,1416.0,R,3926.0,R,36.0,R,1393.0,Z,0.0,Z,0.0,R,1393.0,R,1060.0,R,76.0,R,27.0,Z,0.0,Z,0.0,R,27.0,R,19.0,R,70.0,R,26.0
110583,2018,R,4852.0,R,9375.0,R,52.0,R,4107.0,Z,0.0,Z,0.0,R,4107.0,R,3580.0,R,87.0,R,31.0,Z,0.0,Z,0.0,R,31.0,R,17.0,R,55.0,R,23.0
110592,2018,R,3758.0,R,7007.0,R,54.0,R,3405.0,Z,0.0,Z,0.0,R,3405.0,R,2785.0,R,82.0,R,151.0,Z,0.0,Z,0.0,R,151.0,R,69.0,R,46.0,R,24.0
110608,2018,R,4764.0,R,10605.0,R,45.0,R,5174.0,Z,0.0,Z,0.0,R,5174.0,R,4196.0,R,81.0,R,53.0,Z,0.0,Z,0.0,R,53.0,R,26.0,R,49.0,R,26.0
110617,2018,R,3695.0,R,7785.0,R,47.0,R,3481.0,Z,0.0,Z,0.0,R,3481.0,R,2837.0,R,81.0,R,109.0,Z,0.0,Z,0.0,R,109.0,R,65.0,R,60.0,R,26.0
110635,2018,R,5980.0,R,8364.0,R,71.0,R,6344.0,R,0.0,R,0.0,R,6344.0,R,6144.0,R,97.0,R,35.0,R,0.0,R,0.0,R,35.0,R,26.0,R,74.0,R,20.0
110644,2018,R,6296.0,R,9535.0,R,66.0,R,5810.0,R,0.0,R,0.0,R,5810.0,R,5349.0,R,92.0,R,58.0,R,0.0,R,0.0,R,58.0,R,41.0,R,71.0,R,20.0
110653,2018,R,5779.0,R,8469.0,R,68.0,R,6534.0,R,0.0,R,0.0,R,6534.0,R,6076.0,R,93.0,R,11.0,R,0.0,R,0.0,R,11.0,R,8.0,R,73.0,R,18.0
110662,2018,R,6233.0,R,9683.0,R,64.0,R,6022.0,R,0.0,R,0.0,R,6022.0,R,5844.0,R,97.0,R,16.0,R,0.0,R,0.0,R,16.0,R,14.0,R,88.0,R,18.0
110671,2018,R,4530.0,R,6466.0,R,70.0,R,4575.0,R,0.0,R,0.0,R,4575.0,R,4083.0,R,89.0,R,21.0,R,0.0,R,0.0,R,21.0,R,11.0,R,52.0,R,21.0
110680,2018,R,6701.0,R,9835.0,R,68.0,R,5690.0,R,0.0,R,0.0,R,5690.0,R,5356.0,R,94.0,R,9.0,R,0.0,R,0.0,R,9.0,R,6.0,R,67.0,R,19.0
110705,2018,R,5084.0,R,7573.0,R,67.0,R,4514.0,R,0.0,R,0.0,R,4514.0,R,4174.0,R,92.0,R,24.0,R,0.0,R,0.0,R,24.0,R,17.0,R,71.0,R,22.0
110714,2018,R,3682.0,R,5521.0,R,67.0,R,4040.0,R,0.0,R,0.0,R,4040.0,R,3547.0,R,88.0,R,8.0,R,0.0,R,0.0,R,8.0,R,2.0,R,25.0,R,19.0
110778,2018,A,,A,,A,,A,,A,,A,,A,,A,,A,,A,,A,,A,,A,,A,,A,,R,9.0
110875,2018,A,,A,,A,,R,21.0,Z,0.0,Z,0.0,R,21.0,R,17.0,R,81.0,R,33.0,Z,0.0,Z,0.0,R,33.0,R,21.0,R,64.0,R,20.0
110918,2018,R,1.0,R,5.0,R,20.0,R,3.0,R,0.0,R,0.0,R,3.0,R,0.0,R,0.0,A,,A,,A,,A,,A,,A,,R,2.0
111054,2018,A,,A,,A,,R,33.0,R,0.0,R,0.0,R,33.0,R,24.0,R,73.0,A,,A,,A,,A,,A,,A,,R,18.0
111081,2018,R,215.0,R,331.0,R,65.0,R,213.0,R,0.0,R,0.0,R,213.0,R,170.0,R,80.0,A,,A,,A,,A,,A,,A,,R,7.0
111188,2018,R,216.0,R,284.0,R,76.0,R,223.0,Z,0.0,Z,0.0,R,223.0,R,182.0,R,82.0,A,,A,,A,,A,,A,,A,,R,13.0
111434,2018,R,318.0,R,2243.0,R,14.0,R,257.0,R,0.0,R,0.0,R,257.0,R,167.0,R,65.0,R,426.0,R,0.0,R,0.0,R,426.0,R,168.0,R,39.0,R,25.0
111461,2018,R,1528.0,R,4776.0,R,32.0,R,1487.0,R,0.0,R,0.0,R,1487.0,R,1130.0,R,76.0,R,943.0,R,0.0,R,0.0,R,943.0,R,474.0,R,50.0,R,26.0
111513,2018,A,,A,,A,,R,47.0,R,0.0,R,0.0,R,47.0,R,41.0,R,87.0,R,7.0,R,0.0,R,0.0,R,7.0,R,6.0,R,86.0,R,20.0
111638,2018,A,,A,,A,,R,10.0,R,0.0,R,0.0,R,10.0,R,3.0,R,30.0,A,,A,,A,,A,,A,,A,,R,19.0
111708,2018,A,,A,,A,,R,29.0,R,1.0,Z,0.0,R,28.0,R,24.0,R,86.0,A,,A,,A,,A,,A,,A,,R,29.0
111717,2018,A,,A,,A,,R,47.0,Z,0.0,Z,0.0,R,47.0,R,35.0,R,74.0,A,,A,,A,,A,,A,,A,,R,16.0
111726,2018,A,,A,,A,,R,47.0,Z,0.0,Z,0.0,R,47.0,R,44.0,R,94.0,A,,A,,A,,A,,A,,A,,R,18.0
111744,2018,A,,A,,A,,R,29.0,Z,0.0,Z,0.0,R,29.0,R,25.0,R,86.0,A,,A,,A,,A,,A,,A,,R,15.0
111762,2018,A,,A,,A,,R,17.0,Z,0.0,Z,0.0,R,17.0,R,14.0,R,82.0,A,,A,,A,,A,,A,,A,,R,10.0
111799,2018,A,,A,,A,,R,28.0,Z,0.0,Z,0.0,R,28.0,R,24.0,R,86.0,A,,A,,A,,A,,A,,A,,R,32.0
111887,2018,R,1832.0,R,7122.0,R,26.0,R,1704.0,R,0.0,R,0.0,R,1704.0,R,1226.0,R,72.0,R,1503.0,R,0.0,R,0.0,R,1503.0,R,740.0,R,49.0,R,25.0
111896,2018,R,221.0,R,2360.0,R,9.0,R,205.0,R,0.0,R,0.0,R,205.0,R,127.0,R,62.0,R,466.0,R,0.0,R,0.0,R,466.0,R,146.0,R,31.0,R,24.0
111920,2018,R,985.0,R,4178.0,R,24.0,R,920.0,R,0.0,R,0.0,R,920.0,R,698.0,R,76.0,R,1088.0,R,0.0,R,0.0,R,1088.0,R,539.0,R,50.0,R,26.0
111939,2018,R,1712.0,R,7018.0,R,24.0,R,1524.0,R,0.0,R,0.0,R,1524.0,R,1093.0,R,72.0,R,2099.0,R,0.0,R,0.0,R,2099.0,R,1173.0,R,56.0,R,24.0
111948,2018,R,1656.0,R,2278.0,R,73.0,R,1644.0,R,0.0,R,0.0,R,1644.0,R,1475.0,R,90.0,R,18.0,R,0.0,R,0.0,R,18.0,R,12.0,R,67.0,R,13.0
111966,2018,R,27.0,R,85.0,R,32.0,R,17.0,R,0.0,Z,0.0,R,17.0,R,9.0,R,53.0,R,1.0,R,0.0,R,0.0,R,1.0,R,0.0,R,0.0,R,12.0
112075,2018,R,319.0,R,463.0,R,69.0,R,328.0,R,0.0,R,0.0,R,328.0,R,255.0,R,78.0,R,0.0,Z,0.0,Z,0.0,R,0.0,Z,0.0,A,,R,16.0
112084,2018,R,67.0,R,140.0,R,48.0,R,69.0,R,0.0,R,0.0,R,69.0,R,35.0,R,51.0,R,2.0,R,0.0,R,0.0,R,2.0,R,0.0,R,0.0,R,8.0
112172,2018,R,1478.0,R,3786.0,R,39.0,R,1359.0,R,0.0,R,0.0,R,1359.0,R,1022.0,R,75.0,R,703.0,R,0.0,R,0.0,R,703.0,R,376.0,R,53.0,R,43.0
112181,2018,A,,A,,A,,R,20.0,R,0.0,R,0.0,R,20.0,R,16.0,R,80.0,A,,A,,A,,A,,A,,A,,R,12.0
112190,2018,R,1508.0,R,7307.0,R,21.0,R,1422.0,R,0.0,R,0.0,R,1422.0,R,1038.0,R,73.0,R,1668.0,R,0.0,R,0.0,R,1668.0,R,670.0,R,40.0,R,24.0
112260,2018,R,324.0,R,342.0,R,95.0,R,352.0,R,0.0,R,0.0,R,352.0,R,339.0,R,96.0,R,0.0,R,0.0,R,0.0,R,0.0,R,0.0,A,,R,8.0
112288,2018,A,,A,,A,,R,112.0,R,0.0,R,0.0,R,112.0,R,88.0,R,79.0,A,,A,,A,,A,,A,,A,,R,17.0
112367,2018,A,,A,,A,,R,232.0,R,12.0,R,0.0,R,220.0,R,139.0,R,63.0,R,263.0,R,39.0,Z,0.0,R,224.0,R,135.0,R,60.0,R,44.0
112385,2018,R,163.0,R,3921.0,R,4.0,R,156.0,R,0.0,R,0.0,R,156.0,R,74.0,R,47.0,R,802.0,R,0.0,R,0.0,R,802.0,R,248.0,R,31.0,R,36.0
112394,2018,R,87.0,R,156.0,R,56.0,R,63.0,R,0.0,R,0.0,R,63.0,R,39.0,R,62.0,R,6.0,R,0.0,R,0.0,R,6.0,R,3.0,R,50.0,R,11.0
112455,2018,A,,A,,A,,R,11.0,R,0.0,R,0.0,R,11.0,R,9.0,R,82.0,A,,A,,A,,A,,A,,A,,R,13.0
112561,2018,R,224.0,R,900.0,R,25.0,R,166.0,R,0.0,R,0.0,R,166.0,R,96.0,R,58.0,R,259.0,R,0.0,R,0.0,R,259.0,R,84.0,R,32.0,R,19.0
112570,2018,A,,A,,A,,R,84.0,R,0.0,R,0.0,R,84.0,R,59.0,R,70.0,R,6.0,R,0.0,R,0.0,R,6.0,R,3.0,R,50.0,R,14.0
112686,2018,R,318.0,R,2464.0,R,13.0,R,389.0,R,0.0,R,0.0,R,389.0,R,251.0,R,65.0,R,373.0,R,0.0,R,0.0,R,373.0,R,113.0,R,30.0,R,23.0
112826,2018,R,379.0,R,2247.0,R,17.0,R,242.0,R,0.0,R,0.0,R,242.0,R,161.0,R,67.0,R,429.0,R,0.0,R,0.0,R,429.0,R,171.0,R,40.0,R,25.0
113096,2018,R,1180.0,R,4734.0,R,25.0,R,979.0,R,0.0,R,0.0,R,979.0,R,695.0,R,71.0,R,1225.0,R,0.0,R,0.0,R,1225.0,R,591.0,R,48.0,R,28.0
113111,2018,R,539.0,R,2178.0,R,25.0,R,501.0,R,0.0,R,0.0,R,501.0,R,371.0,R,74.0,R,426.0,R,0.0,R,0.0,R,426.0,R,220.0,R,52.0,R,26.0
113193,2018,R,678.0,R,3679.0,R,18.0,R,722.0,R,0.0,R,0.0,R,722.0,R,500.0,R,69.0,R,404.0,R,0.0,R,0.0,R,404.0,R,147.0,R,36.0,R,29.0
113218,2018,R,455.0,R,2748.0,R,17.0,R,535.0,R,0.0,R,0.0,R,535.0,R,383.0,R,72.0,R,571.0,R,0.0,R,0.0,R,571.0,R,239.0,R,42.0,R,25.0
113236,2018,R,1423.0,R,5206.0,R,27.0,R,0.0,R,0.0,R,0.0,R,0.0,R,0.0,A,,R,0.0,R,0.0,R,0.0,R,0.0,R,0.0,A,,R,24.0
113333,2018,R,2688.0,R,5750.0,R,47.0,R,2152.0,R,0.0,R,0.0,R,2152.0,R,1697.0,R,79.0,R,920.0,R,0.0,R,0.0,R,920.0,R,408.0,R,44.0,R,29.0
113449,2018,A,,A,,A,,R,36.0,R,0.0,R,0.0,R,36.0,R,31.0,R,86.0,A,,A,,A,,A,,A,,A,,R,13.0
113537,2018,A,,A,,A,,R,0.0,R,0.0,R,0.0,R,0.0,R,0.0,A,,A,,A,,A,,A,,A,,A,,R,4.0
113573,2018,R,1612.0,R,3350.0,R,48.0,R,1398.0,R,0.0,R,0.0,R,1398.0,R,1011.0,R,72.0,R,708.0,R,0.0,R,0.0,R,708.0,R,332.0,R,47.0,R,28.0
113582,2018,R,5.0,R,20.0,R,25.0,R,2.0,R,0.0,R,0.0,R,2.0,R,2.0,R,100.0,R,1.0,R,0.0,R,0.0,R,1.0,R,0.0,R,0.0,R,7.0
113634,2018,R,1390.0,R,5234.0,R,27.0,R,1257.0,R,0.0,R,0.0,R,1257.0,R,994.0,R,79.0,R,1174.0,R,0.0,R,0.0,R,1174.0,R,615.0,R,52.0,R,26.0
113698,2018,R,288.0,R,432.0,R,67.0,R,241.0,R,0.0,R,0.0,R,241.0,R,198.0,R,82.0,R,1.0,R,0.0,R,0.0,R,1.0,R,0.0,R,0.0,R,9.0
113856,2018,R,1872.0,R,11075.0,R,17.0,R,2029.0,R,0.0,R,0.0,R,2029.0,R,1416.0,R,70.0,R,4979.0,R,0.0,R,0.0,R,4979.0,R,3050.0,R,61.0,R,38.0
113980,2018,R,2382.0,R,7891.0,R,30.0,R,2477.0,R,0.0,R,0.0,R,2477.0,R,1921.0,R,78.0,R,1447.0,R,0.0,R,0.0,R,1447.0,R,729.0,R,50.0,R,28.0
114044,2018,A,,A,,A,,R,96.0,R,0.0,R,0.0,R,96.0,R,75.0,R,78.0,A,,A,,A,,A,,A,,A,,R,22.0
114123,2018,A,,A,,A,,R,0.0,R,0.0,R,0.0,R,0.0,R,0.0,A,,R,0.0,R,0.0,R,0.0,R,0.0,R,0.0,A,,R,14.0
114266,2018,R,948.0,R,3051.0,R,31.0,R,768.0,R,0.0,R,0.0,R,768.0,R,573.0,R,75.0,R,570.0,R,0.0,R,0.0,R,570.0,R,271.0,R,48.0,R,31.0
114354,2018,R,433.0,R,766.0,R,57.0,R,164.0,R,0.0,R,0.0,R,164.0,R,150.0,R,91.0,R,1.0,R,0.0,R,0.0,R,1.0,R,1.0,R,100.0,R,18.0
114390,2018,R,29.0,R,64.0,R,45.0,R,35.0,R,0.0,R,0.0,R,35.0,R,32.0,R,91.0,A,,A,,A,,A,,A,,A,,R,11.0
114415,2018,R,43.0,R,63.0,R,68.0,R,49.0,R,0.0,R,0.0,R,49.0,R,33.0,R,67.0,R,0.0,R,0.0,R,0.0,R,0.0,R,0.0,A,,R,18.0
114433,2018,R,218.0,R,920.0,R,24.0,R,9.0,R,0.0,R,0.0,R,9.0,R,7.0,R,78.0,R,0.0,R,0.0,R,0.0,R,0.0,R,0.0,A,,R,19.0
114460,2018,A,,A,,A,,R,29.0,R,0.0,R,0.0,R,29.0,R,24.0,R,83.0,R,10.0,R,0.0,R,0.0,R,10.0,R,10.0,R,100.0,R,15.0
114637,2018,A,,A,,A,,R,2.0,R,0.0,R,0.0,R,2.0,R,2.0,R,100.0,A,,A,,A,,A,,A,,A,,R,20.0
114716,2018,R,953.0,R,4716.0,R,20.0,R,0.0,R,0.0,R,0.0,R,0.0,R,0.0,A,,R,0.0,R,0.0,R,0.0,R,0.0,R,0.0,A,,R,26.0
114761,2018,A,,A,,A,,R,19.0,R,0.0,R,0.0,R,19.0,R,14.0,R,74.0,A,,A,,A,,A,,A,,A,,R,19.0
114789,2018,R,2135.0,R,7578.0,R,28.0,R,2133.0,R,0.0,R,0.0,R,2133.0,R,1340.0,R,63.0,R,1462.0,R,0.0,R,0.0,R,1462.0,R,547.0,R,37.0,R,27.0
114813,2018,R,232.0,R,870.0,R,27.0,R,179.0,R,0.0,R,0.0,R,179.0,R,136.0,R,76.0,R,1.0,R,0.0,R,0.0,R,1.0,R,1.0,R,100.0,R,13.0
114859,2018,R,1717.0,R,6676.0,R,26.0,R,1954.0,R,0.0,R,0.0,R,1954.0,R,1375.0,R,70.0,R,1529.0,R,0.0,R,0.0,R,1529.0,R,757.0,R,50.0,R,26.0
114938,2018,R,455.0,R,1964.0,R,23.0,R,419.0,R,0.0,R,0.0,R,419.0,R,297.0,R,71.0,R,312.0,R,0.0,R,0.0,R,312.0,R,154.0,R,49.0,R,14.0
114947,2018,A,,A,,A,,A,,A,,A,,A,,A,,A,,A,,A,,A,,A,,A,,A,,R,12.0
115001,2018,R,1376.0,R,3858.0,R,36.0,R,1310.0,R,0.0,R,0.0,R,1310.0,R,959.0,R,73.0,R,748.0,R,0.0,R,0.0,R,748.0,R,371.0,R,50.0,R,26.0
115010,2018,A,,A,,A,,R,48.0,R,0.0,R,0.0,R,48.0,R,41.0,R,85.0,A,,A,,A,,A,,A,,A,,R,15.0
115083,2018,A,,A,,A,,A,,A,,A,,A,,A,,A,,A,,A,,A,,A,,A,,A,,R,14.0
115126,2018,R,1247.0,R,4213.0,R,30.0,R,1116.0,R,0.0,R,0.0,R,1116.0,R,802.0,R,72.0,R,806.0,R,0.0,R,0.0,R,806.0,R,393.0,R,49.0,R,28.0
115296,2018,R,1682.0,R,5205.0,R,32.0,R,1489.0,R,0.0,R,0.0,R,1489.0,R,1041.0,R,70.0,R,1201.0,R,0.0,R,0.0,R,1201.0,R,575.0,R,48.0,R,25.0
115357,2018,A,,A,,A,,R,15.0,Z,0.0,Z,0.0,R,15.0,R,9.0,R,60.0,A,,A,,A,,A,,A,,A,,R,15.0
115393,2018,R,960.0,R,4349.0,R,22.0,R,841.0,R,0.0,R,0.0,R,841.0,R,664.0,R,79.0,R,1483.0,R,0.0,R,0.0,R,1483.0,R,434.0,R,29.0,R,31.0
115409,2018,R,234.0,R,254.0,R,92.0,R,225.0,R,1.0,R,0.0,R,224.0,R,217.0,R,97.0,A,,A,,A,,A,,A,,A,,R,8.0
115658,2018,A,,A,,A,,R,1.0,Z,0.0,Z,0.0,R,1.0,R,0.0,R,0.0,R,12.0,Z,0.0,Z,0.0,R,12.0,R,9.0,R,75.0,R,15.0
115728,2018,R,175.0,R,232.0,R,75.0,R,176.0,R,0.0,R,0.0,R,176.0,R,111.0,R,63.0,R,1.0,R,0.0,R,0.0,R,1.0,R,1.0,R,100.0,R,7.0
115755,2018,R,1038.0,R,2003.0,R,52.0,R,1188.0,Z,0.0,Z,0.0,R,1188.0,R,848.0,R,71.0,R,22.0,Z,0.0,Z,0.0,R,22.0,R,10.0,R,45.0,R,21.0
115773,2018,R,13.0,R,67.0,R,19.0,R,1.0,R,0.0,R,0.0,R,1.0,R,1.0,R,100.0,R,0.0,R,0.0,R,0.0,R,0.0,R,0.0,A,,R,12.0
115861,2018,R,1157.0,R,2090.0,R,55.0,R,1169.0,R,0.0,R,0.0,R,1169.0,R,902.0,R,77.0,R,409.0,R,0.0,R,0.0,R,409.0,R,230.0,R,56.0,R,31.0
115931,2018,A,,A,,A,,R,142.0,R,0.0,R,0.0,R,142.0,R,115.0,R,81.0,A,,A,,A,,A,,A,,A,,R,20.0
116226,2018,A,,A,,A,,R,0.0,R,0.0,R,0.0,R,0.0,R,0.0,A,,R,0.0,R,0.0,R,0.0,R,0.0,R,0.0,A,,R,14.0
116350,2018,A,,A,,A,,R,23.0,Z,0.0,Z,0.0,R,23.0,R,16.0,R,70.0,A,,A,,A,,A,,A,,A,,R,12.0
116439,2018,R,1667.0,R,4859.0,R,34.0,R,1598.0,R,0.0,R,0.0,R,1598.0,R,1256.0,R,79.0,R,784.0,R,0.0,R,0.0,R,784.0,R,381.0,R,49.0,R,31.0
116563,2018,A,,A,,A,,R,25.0,R,0.0,R,0.0,R,25.0,R,23.0,R,92.0,A,,A,,A,,A,,A,,A,,R,14.0
116712,2018,A,,A,,A,,R,0.0,R,0.0,R,0.0,R,0.0,R,0.0,A,,A,,A,,A,,A,,A,,A,,R,6.0
116846,2018,R,6.0,R,17.0,R,35.0,R,10.0,R,0.0,R,0.0,R,10.0,R,7.0,R,70.0,R,0.0,Z,0.0,R,0.0,R,0.0,R,0.0,A,,R,7.0
117052,2018,R,1042.0,R,3930.0,R,27.0,R,950.0,R,0.0,R,0.0,R,950.0,R,597.0,R,63.0,R,873.0,R,0.0,R,0.0,R,873.0,R,396.0,R,45.0,R,24.0
117104,2018,R,99.0,R,186.0,R,53.0,R,63.0,R,0.0,R,0.0,R,63.0,R,47.0,R,75.0,R,1.0,R,0.0,R,0.0,R,1.0,R,0.0,R,0.0,R,14.0
117140,2018,R,670.0,R,1456.0,R,46.0,R,602.0,R,1.0,R,0.0,R,601.0,R,497.0,R,83.0,R,4.0,R,0.0,R,0.0,R,4.0,R,2.0,R,50.0,R,14.0
117168,2018,R,116.0,R,200.0,R,58.0,R,92.0,R,0.0,R,0.0,R,92.0,R,72.0,R,78.0,R,0.0,R,0.0,R,0.0,R,0.0,R,0.0,A,,R,12.0
117195,2018,R,132.0,R,938.0,R,14.0,R,116.0,R,0.0,R,0.0,R,116.0,R,61.0,R,53.0,R,150.0,R,0.0,R,0.0,R,150.0,R,43.0,R,29.0,R,18.0
117238,2018,A,,A,,A,,R,18.0,R,0.0,R,0.0,R,18.0,R,16.0,R,89.0,A,,A,,A,,A,,A,,A,,R,21.0
117247,2018,R,336.0,R,3161.0,R,11.0,R,322.0,R,0.0,R,0.0,R,322.0,R,210.0,R,65.0,R,720.0,R,0.0,R,0.0,R,720.0,R,290.0,R,40.0,R,28.0
117274,2018,R,154.0,R,1429.0,R,11.0,R,169.0,R,0.0,R,0.0,R,169.0,R,89.0,R,53.0,R,584.0,R,0.0,R,0.0,R,584.0,R,57.0,R,10.0,R,22.0
117557,2018,R,2.0,R,8.0,R,25.0,R,4.0,R,1.0,R,0.0,R,3.0,R,3.0,R,100.0,R,0.0,R,0.0,R,0.0,R,0.0,R,0.0,A,,R,18.0
117575,2018,R,1.0,R,8.0,R,13.0,R,0.0,R,0.0,R,0.0,R,0.0,R,0.0,A,,R,1.0,R,0.0,R,0.0,R,1.0,R,1.0,R,100.0,R,8.0
117627,2018,R,355.0,R,595.0,R,60.0,R,361.0,R,0.0,R,0.0,R,361.0,R,282.0,R,78.0,R,7.0,R,0.0,R,0.0,R,7.0,R,3.0,R,43.0,R,12.0
117636,2018,A,,A,,A,,A,,A,,A,,A,,A,,A,,A,,A,,A,,A,,A,,A,,R,3.0
117645,2018,R,2339.0,R,6411.0,R,36.0,R,2654.0,R,0.0,R,0.0,R,2654.0,R,1887.0,R,71.0,R,1484.0,R,0.0,R,0.0,R,1484.0,R,722.0,R,49.0,R,28.0
117672,2018,R,2.0,R,350.0,R,1.0,R,0.0,R,0.0,R,0.0,R,0.0,R,0.0,A,,R,0.0,R,0.0,R,0.0,R,0.0,R,0.0,A,,R,14.0
117690,2018,R,702.0,R,2871.0,R,24.0,R,793.0,R,0.0,R,0.0,R,793.0,R,554.0,R,70.0,R,637.0,R,0.0,R,0.0,R,637.0,R,301.0,R,47.0,R,28.0
117706,2018,R,1533.0,R,5524.0,R,28.0,R,1382.0,R,0.0,R,0.0,R,1382.0,R,997.0,R,72.0,R,1547.0,R,0.0,R,0.0,R,1547.0,R,779.0,R,50.0,R,29.0
117715,2018,R,352.0,R,2292.0,R,15.0,R,270.0,R,0.0,R,0.0,R,270.0,R,159.0,R,59.0,R,535.0,R,0.0,R,0.0,R,535.0,R,164.0,R,31.0,R,24.0
117724,2018,R,671.0,R,5291.0,R,13.0,R,451.0,R,0.0,R,0.0,R,451.0,R,273.0,R,61.0,R,1532.0,R,0.0,R,0.0,R,1532.0,R,479.0,R,31.0,R,26.0
117733,2018,R,993.0,R,5443.0,R,18.0,R,979.0,R,0.0,R,0.0,R,979.0,R,680.0,R,69.0,R,1183.0,R,0.0,R,0.0,R,1183.0,R,517.0,R,44.0,R,29.0
117751,2018,R,250.0,R,508.0,R,49.0,R,160.0,R,0.0,R,0.0,R,160.0,R,138.0,R,86.0,R,0.0,R,0.0,R,0.0,R,0.0,R,0.0,A,,R,10.0
117788,2018,R,796.0,R,5926.0,R,13.0,R,388.0,R,0.0,R,0.0,R,388.0,R,248.0,R,64.0,R,1617.0,R,0.0,R,0.0,R,1617.0,R,573.0,R,35.0,R,26.0
117803,2018,A,,A,,A,,A,,A,,A,,A,,A,,A,,A,,A,,A,,A,,A,,A,,R,3.0
117867,2018,R,568.0,R,3630.0,R,16.0,R,524.0,R,0.0,R,0.0,R,524.0,R,359.0,R,69.0,R,842.0,R,0.0,R,0.0,R,842.0,R,312.0,R,37.0,R,29.0
117894,2018,R,849.0,R,3084.0,R,28.0,R,665.0,R,0.0,R,0.0,R,665.0,R,511.0,R,77.0,R,913.0,R,0.0,R,0.0,R,913.0,R,521.0,R,57.0,R,24.0
117946,2018,R,1510.0,R,2081.0,R,73.0,R,1445.0,R,0.0,R,0.0,R,1445.0,R,1300.0,R,90.0,R,1.0,R,0.0,R,0.0,R,1.0,R,1.0,R,100.0,R,10.0
117955,2018,A,,A,,A,,R,76.0,R,0.0,R,0.0,R,76.0,R,35.0,R,46.0,A,,A,,A,,A,,A,,A,,R,20.0
118134,2018,A,,A,,A,,R,5.0,R,0.0,R,0.0,R,5.0,R,5.0,R,100.0,R,2.0,R,0.0,R,0.0,R,2.0,R,2.0,R,100.0,R,16.0
118143,2018,A,,A,,A,,R,7.0,R,0.0,R,0.0,R,7.0,R,5.0,R,71.0,R,4.0,Z,0.0,Z,0.0,R,4.0,R,4.0,R,100.0,R,15.0
118161,2018,A,,A,,A,,R,22.0,R,0.0,R,0.0,R,22.0,R,20.0,R,91.0,A,,A,,A,,A,,A,,A,,R,14.0
118189,2018,A,,A,,A,,R,62.0,R,0.0,R,0.0,R,62.0,R,60.0,R,97.0,A,,A,,A,,A,,A,,A,,R,10.0
118198,2018,A,,A,,A,,R,237.0,R,0.0,R,0.0,R,237.0,R,199.0,R,84.0,A,,A,,A,,A,,A,,A,,R,21.0
118347,2018,R,300.0,R,1459.0,R,21.0,R,272.0,R,0.0,R,0.0,R,272.0,R,217.0,R,80.0,R,304.0,R,0.0,R,0.0,R,304.0,R,138.0,R,45.0,R,17.0
118541,2018,R,151.0,R,235.0,R,64.0,R,228.0,R,0.0,R,0.0,R,228.0,R,124.0,R,54.0,R,4.0,R,0.0,R,0.0,R,4.0,R,2.0,R,50.0,R,17.0
118684,2018,R,151.0,R,980.0,R,15.0,R,133.0,R,0.0,R,0.0,R,133.0,R,90.0,R,68.0,R,152.0,R,0.0,R,0.0,R,152.0,R,51.0,R,34.0,R,17.0
118693,2018,R,157.0,R,296.0,R,53.0,R,152.0,R,0.0,R,0.0,R,152.0,R,100.0,R,66.0,R,0.0,R,0.0,R,0.0,R,0.0,R,0.0,A,,R,13.0
118718,2018,R,1264.0,R,3071.0,R,41.0,R,1249.0,R,0.0,R,0.0,R,1249.0,R,841.0,R,67.0,R,759.0,R,0.0,R,0.0,R,759.0,R,260.0,R,34.0,R,27.0
118772,2018,R,220.0,R,2955.0,R,7.0,R,179.0,R,0.0,R,0.0,R,179.0,R,105.0,R,59.0,R,462.0,R,0.0,R,0.0,R,462.0,R,143.0,R,31.0,R,27.0
118888,2018,R,157.0,R,274.0,R,57.0,R,163.0,R,0.0,R,0.0,R,163.0,R,122.0,R,75.0,R,3.0,R,0.0,R,0.0,R,3.0,R,1.0,R,33.0,R,11.0
118912,2018,R,1310.0,R,3976.0,R,33.0,R,23.0,R,0.0,R,0.0,R,23.0,R,23.0,R,100.0,R,0.0,R,0.0,R,0.0,R,0.0,R,0.0,A,,R,19.0
118930,2018,R,408.0,R,2606.0,R,16.0,R,271.0,R,0.0,R,0.0,R,271.0,R,194.0,R,72.0,R,660.0,R,0.0,R,0.0,R,660.0,R,321.0,R,49.0,R,22.0
118958,2018,A,,A,,A,,R,5.0,Z,0.0,Z,0.0,R,5.0,R,5.0,R,100.0,R,3.0,Z,0.0,Z,0.0,R,3.0,R,1.0,R,33.0,R,15.0
118976,2018,R,1477.0,R,4796.0,R,31.0,R,0.0,R,0.0,R,0.0,R,0.0,R,0.0,A,,R,0.0,R,0.0,R,0.0,R,0.0,R,0.0,A,,R,29.0
118994,2018,A,,A,,A,,R,43.0,R,0.0,R,0.0,R,43.0,R,35.0,R,81.0,A,,A,,A,,A,,A,,A,,R,21.0
119058,2018,A,,A,,A,,A,,A,,A,,A,,A,,A,,A,,A,,A,,A,,A,,A,,R,1.0
119067,2018,R,545.0,R,2525.0,R,22.0,R,540.0,R,0.0,R,0.0,R,540.0,R,371.0,R,69.0,R,394.0,R,0.0,R,0.0,R,394.0,R,160.0,R,41.0,R,23.0
119137,2018,R,1675.0,R,4511.0,R,37.0,R,1704.0,R,0.0,R,0.0,R,1704.0,R,1351.0,R,79.0,R,888.0,R,0.0,R,0.0,R,888.0,R,479.0,R,54.0,R,33.0
119164,2018,R,2758.0,R,7793.0,R,35.0,R,2561.0,R,0.0,R,0.0,R,2561.0,R,2037.0,R,80.0,R,1918.0,R,0.0,R,0.0,R,1918.0,R,1169.0,R,61.0,R,24.0
119173,2018,R,401.0,R,638.0,R,63.0,R,303.0,R,0.0,R,0.0,R,303.0,R,221.0,R,73.0,R,1.0,R,0.0,R,0.0,R,1.0,R,0.0,R,0.0,R,9.0
119216,2018,R,1547.0,R,5048.0,R,31.0,R,1472.0,R,0.0,R,0.0,R,1472.0,R,999.0,R,68.0,R,1472.0,R,0.0,R,0.0,R,1472.0,R,742.0,R,50.0,R,28.0
119270,2018,R,179.0,R,379.0,R,47.0,R,51.0,Z,0.0,Z,0.0,R,51.0,R,30.0,R,59.0,R,0.0,R,0.0,R,0.0,R,0.0,R,0.0,A,,R,5.0
119331,2018,R,479.0,R,1357.0,R,35.0,R,471.0,R,0.0,R,0.0,R,471.0,R,359.0,R,76.0,R,426.0,R,0.0,R,0.0,R,426.0,R,231.0,R,54.0,R,18.0
119553,2018,A,,A,,A,,R,151.0,R,0.0,R,0.0,R,151.0,R,139.0,R,92.0,A,,A,,A,,A,,A,,A,,R,17.0
119605,2018,A,,A,,A,,R,2.0,R,0.0,R,0.0,R,2.0,R,1.0,R,50.0,R,59.0,R,0.0,R,0.0,R,59.0,R,14.0,R,24.0,R,19.0
119775,2018,R,21.0,R,77.0,R,27.0,R,52.0,R,0.0,R,0.0,R,52.0,R,35.0,R,67.0,R,2.0,R,0.0,R,0.0,R,2.0,R,1.0,R,50.0,R,8.0
119845,2018,A,,A,,A,,R,17.0,Z,0.0,Z,0.0,R,17.0,R,13.0,R,76.0,R,5.0,Z,0.0,Z,0.0,R,5.0,R,4.0,R,80.0,R,15.0
119951,2018,A,,A,,A,,R,38.0,R,0.0,R,0.0,R,38.0,R,32.0,R,84.0,A,,A,,A,,A,,A,,A,,R,22.0
120069,2018,A,,A,,A,,R,251.0,R,0.0,R,0.0,R,251.0,R,220.0,R,88.0,A,,A,,A,,A,,A,,A,,R,27.0
120078,2018,A,,A,,A,,R,144.0,R,0.0,R,0.0,R,144.0,R,91.0,R,63.0,A,,A,,A,,A,,A,,A,,R,34.0
120087,2018,A,,A,,A,,R,85.0,R,0.0,R,0.0,R,85.0,R,47.0,R,55.0,A,,A,,A,,A,,A,,A,,R,17.0
120184,2018,R,179.0,R,290.0,R,62.0,R,169.0,R,0.0,R,0.0,R,169.0,R,104.0,R,62.0,R,0.0,R,0.0,R,0.0,R,0.0,R,0.0,A,,R,11.0
120254,2018,R,565.0,R,599.0,R,94.0,R,564.0,R,0.0,R,0.0,R,564.0,R,507.0,R,90.0,A,,A,,A,,A,,A,,A,,R,9.0
120290,2018,R,807.0,R,2452.0,R,33.0,R,676.0,R,0.0,R,0.0,R,676.0,R,541.0,R,80.0,R,447.0,R,0.0,R,0.0,R,447.0,R,206.0,R,46.0,R,24.0
120342,2018,R,2308.0,R,6404.0,R,36.0,R,2522.0,R,0.0,R,0.0,R,2522.0,R,1915.0,R,76.0,R,1466.0,R,0.0,R,0.0,R,1466.0,R,753.0,R,51.0,R,29.0
120403,2018,R,276.0,R,397.0,R,70.0,R,203.0,Z,0.0,Z,0.0,R,203.0,R,157.0,R,77.0,R,0.0,Z,0.0,Z,0.0,R,0.0,Z,0.0,A,,R,8.0
120421,2018,R,828.0,R,2492.0,R,33.0,R,724.0,R,0.0,R,0.0,R,724.0,R,530.0,R,73.0,R,509.0,R,0.0,R,0.0,R,509.0,R,219.0,R,43.0,R,31.0
120537,2018,R,89.0,R,223.0,R,40.0,R,92.0,R,0.0,R,0.0,R,92.0,R,53.0,R,58.0,R,4.0,R,0.0,R,0.0,R,4.0,R,0.0,R,0.0,R,13.0
120661,2018,A,,A,,A,,R,134.0,Z,0.0,Z,0.0,R,134.0,R,96.0,R,72.0,A,,A,,A,,A,,A,,A,,R,25.0
120698,2018,A,,A,,A,,A,,A,,A,,A,,A,,A,,A,,A,,A,,A,,A,,A,,R,16.0
120768,2018,A,,A,,A,,R,0.0,R,0.0,R,0.0,R,0.0,R,0.0,A,,R,0.0,R,0.0,R,0.0,R,0.0,R,0.0,A,,R,5.0
120838,2018,A,,A,,A,,R,0.0,R,0.0,R,0.0,R,0.0,R,0.0,A,,A,,A,,A,,A,,A,,A,,R,5.0
120865,2018,R,163.0,R,260.0,R,63.0,R,137.0,R,0.0,R,0.0,R,137.0,R,113.0,R,82.0,A,,A,,A,,A,,A,,A,,R,12.0
120883,2018,R,953.0,R,1213.0,R,79.0,R,767.0,R,0.0,R,0.0,R,767.0,R,630.0,R,82.0,R,4.0,R,0.0,R,0.0,R,4.0,R,2.0,R,50.0,R,13.0
120953,2018,R,66.0,R,1074.0,R,6.0,R,63.0,R,0.0,R,0.0,R,63.0,R,38.0,R,60.0,R,614.0,R,0.0,R,0.0,R,614.0,R,171.0,R,28.0,R,29.0
120971,2018,R,2330.0,R,7381.0,R,32.0,R,2023.0,R,0.0,R,0.0,R,2023.0,R,1418.0,R,70.0,R,1652.0,R,0.0,R,0.0,R,1652.0,R,658.0,R,40.0,R,26.0
121044,2018,R,3150.0,R,7622.0,R,41.0,R,3098.0,R,0.0,R,0.0,R,3098.0,R,2443.0,R,79.0,R,1699.0,R,0.0,R,0.0,R,1699.0,R,901.0,R,53.0,R,26.0
121150,2018,R,800.0,R,939.0,R,85.0,R,861.0,R,0.0,R,0.0,R,861.0,R,780.0,R,91.0,R,1.0,R,0.0,R,0.0,R,1.0,R,0.0,R,0.0,R,14.0
121257,2018,R,272.0,R,291.0,R,93.0,R,262.0,R,0.0,Z,0.0,R,262.0,R,238.0,R,91.0,R,0.0,Z,0.0,Z,0.0,R,0.0,Z,0.0,A,,R,10.0
121275,2018,A,,A,,A,,R,0.0,Z,0.0,Z,0.0,R,0.0,Z,0.0,A,,A,,A,,A,,A,,A,,A,,R,12.0
121309,2018,R,657.0,R,1053.0,R,62.0,R,618.0,R,0.0,R,0.0,R,618.0,R,524.0,R,85.0,R,0.0,R,0.0,R,0.0,R,0.0,R,0.0,A,,R,14.0
121345,2018,R,412.0,R,452.0,R,91.0,R,411.0,R,0.0,R,0.0,R,411.0,R,397.0,R,97.0,R,0.0,Z,0.0,Z,0.0,R,0.0,Z,0.0,A,,R,7.0
121363,2018,R,558.0,R,1434.0,R,39.0,R,512.0,R,0.0,R,0.0,R,512.0,R,370.0,R,72.0,R,177.0,R,0.0,R,0.0,R,177.0,R,87.0,R,49.0,R,27.0
121433,2018,A,,A,,A,,R,13.0,Z,0.0,Z,0.0,R,13.0,R,11.0,R,85.0,A,,A,,A,,A,,A,,A,,R,20.0
121619,2018,R,1718.0,R,7371.0,R,23.0,R,0.0,R,0.0,R,0.0,R,0.0,R,0.0,A,,R,0.0,R,0.0,R,0.0,R,0.0,R,0.0,A,,R,35.0
121637,2018,A,,A,,A,,R,16.0,R,0.0,R,0.0,R,16.0,R,8.0,R,50.0,A,,A,,A,,A,,A,,A,,R,16.0
121691,2018,R,723.0,R,918.0,R,79.0,R,728.0,R,0.0,R,0.0,R,728.0,R,616.0,R,85.0,R,0.0,R,0.0,R,0.0,R,0.0,R,0.0,A,,R,12.0
121707,2018,R,473.0,R,1528.0,R,31.0,R,347.0,R,0.0,R,0.0,R,347.0,R,191.0,R,55.0,R,283.0,R,0.0,R,0.0,R,283.0,R,124.0,R,44.0,R,18.0
121859,2018,A,,A,,A,,R,37.0,Z,0.0,Z,0.0,R,37.0,R,32.0,R,86.0,R,1.0,Z,0.0,Z,0.0,R,1.0,R,0.0,R,0.0,R,18.0
121868,2018,A,,A,,A,,R,27.0,Z,0.0,Z,0.0,R,27.0,R,22.0,R,81.0,A,,A,,A,,A,,A,,A,,R,14.0
121886,2018,R,1312.0,R,5767.0,R,23.0,R,0.0,R,0.0,R,0.0,R,0.0,R,0.0,A,,R,0.0,R,0.0,R,0.0,R,0.0,R,0.0,A,,R,30.0
121901,2018,R,2232.0,R,7240.0,R,31.0,R,1843.0,R,0.0,R,0.0,R,1843.0,R,1236.0,R,67.0,R,1894.0,R,0.0,R,0.0,R,1894.0,R,931.0,R,49.0,R,27.0
121992,2018,A,,A,,A,,R,110.0,R,0.0,R,0.0,R,110.0,R,107.0,R,97.0,R,6.0,R,0.0,R,0.0,R,6.0,R,6.0,R,100.0,R,23.0
122117,2018,A,,A,,A,,A,,A,,A,,A,,A,,A,,A,,A,,A,,A,,A,,A,,R,11.0
122180,2018,R,1313.0,R,7675.0,R,17.0,R,1209.0,R,0.0,R,0.0,R,1209.0,R,831.0,R,69.0,R,2392.0,R,0.0,R,0.0,R,2392.0,R,548.0,R,23.0,R,25.0
122205,2018,R,1305.0,R,5671.0,R,23.0,R,1444.0,R,0.0,R,0.0,R,1444.0,R,1083.0,R,75.0,R,1355.0,R,0.0,R,0.0,R,1355.0,R,607.0,R,45.0,R,26.0
122296,2018,A,,A,,A,,A,,A,,A,,A,,A,,A,,A,,A,,A,,A,,A,,A,,R,10.0
122339,2018,R,903.0,R,5843.0,R,15.0,R,867.0,R,0.0,R,0.0,R,867.0,R,586.0,R,68.0,R,965.0,R,0.0,R,0.0,R,965.0,R,366.0,R,38.0,R,24.0
122375,2018,R,1354.0,R,7836.0,R,17.0,R,0.0,R,0.0,R,0.0,R,0.0,R,0.0,A,,R,0.0,R,0.0,R,0.0,R,0.0,R,0.0,A,,R,26.0
122384,2018,R,808.0,R,6204.0,R,13.0,R,743.0,R,0.0,R,0.0,R,743.0,R,550.0,R,74.0,R,1100.0,R,0.0,R,0.0,R,1100.0,R,434.0,R,39.0,R,29.0
122409,2018,R,5646.0,R,9830.0,R,57.0,R,5084.0,Z,0.0,Z,0.0,R,5084.0,R,4519.0,R,89.0,R,282.0,Z,0.0,Z,0.0,R,282.0,R,226.0,R,80.0,R,27.0
122436,2018,R,1308.0,R,1690.0,R,77.0,R,1208.0,R,1.0,Z,0.0,R,1207.0,R,1084.0,R,90.0,A,,A,,A,,A,,A,,A,,R,14.0
122454,2018,R,53.0,R,94.0,R,56.0,R,51.0,R,0.0,R,0.0,R,51.0,R,30.0,R,59.0,R,1.0,R,0.0,R,0.0,R,1.0,R,1.0,R,100.0,R,9.0
122506,2018,R,61.0,R,93.0,R,66.0,R,61.0,R,0.0,R,0.0,R,61.0,R,53.0,R,87.0,A,,A,,A,,A,,A,,A,,R,8.0
122597,2018,R,4066.0,R,8409.0,R,48.0,R,4084.0,Z,0.0,Z,0.0,R,4084.0,R,3284.0,R,80.0,R,239.0,Z,0.0,Z,0.0,R,239.0,R,115.0,R,48.0,R,23.0
122612,2018,R,1541.0,R,1960.0,R,79.0,R,1531.0,R,0.0,R,0.0,R,1531.0,R,1273.0,R,83.0,R,1.0,R,0.0,R,0.0,R,1.0,R,1.0,R,100.0,R,13.0
122658,2018,R,1698.0,R,4980.0,R,34.0,R,1616.0,R,0.0,R,0.0,R,1616.0,R,1216.0,R,75.0,R,1237.0,R,0.0,R,0.0,R,1237.0,R,681.0,R,55.0,R,35.0
122685,2018,A,,A,,A,,R,49.0,R,0.0,R,0.0,R,49.0,R,37.0,R,76.0,A,,A,,A,,A,,A,,A,,R,19.0
122728,2018,R,210.0,R,433.0,R,48.0,R,168.0,R,0.0,R,0.0,R,168.0,R,140.0,R,83.0,R,1.0,R,0.0,R,0.0,R,1.0,R,0.0,R,0.0,R,12.0
122746,2018,R,516.0,R,3412.0,R,15.0,R,555.0,R,0.0,R,0.0,R,555.0,R,344.0,R,62.0,R,911.0,R,0.0,R,0.0,R,911.0,R,251.0,R,28.0,R,24.0
122755,2018,R,3704.0,R,7845.0,R,47.0,R,4320.0,Z,0.0,Z,0.0,R,4320.0,R,3600.0,R,83.0,R,170.0,Z,0.0,Z,0.0,R,170.0,R,131.0,R,77.0,R,26.0
122791,2018,R,878.0,R,2989.0,R,29.0,R,798.0,R,0.0,R,0.0,R,798.0,R,563.0,R,71.0,R,632.0,R,0.0,R,0.0,R,632.0,R,268.0,R,42.0,R,26.0
122834,2018,R,23.0,R,63.0,R,37.0,R,0.0,R,0.0,R,0.0,R,0.0,R,0.0,A,,A,,A,,A,,A,,A,,A,,R,6.0
122852,2018,R,6.0,R,30.0,R,20.0,R,0.0,R,0.0,R,0.0,R,0.0,R,0.0,A,,A,,A,,A,,A,,A,,A,,R,11.0
122889,2018,R,1576.0,R,4096.0,R,38.0,R,1475.0,R,99.0,R,0.0,R,1376.0,R,863.0,R,63.0,R,829.0,R,0.0,R,0.0,R,829.0,R,439.0,R,53.0,R,27.0
122931,2018,R,1391.0,R,1555.0,R,89.0,R,1403.0,R,0.0,R,0.0,R,1403.0,R,1327.0,R,95.0,R,3.0,R,0.0,R,0.0,R,3.0,R,1.0,R,33.0,R,10.0
122977,2018,R,3521.0,R,8741.0,R,40.0,R,0.0,R,0.0,R,0.0,R,0.0,R,0.0,A,,R,0.0,R,0.0,R,0.0,R,0.0,R,0.0,A,,R,30.0
123013,2018,R,924.0,R,3864.0,R,24.0,R,1109.0,R,0.0,R,0.0,R,1109.0,R,853.0,R,77.0,R,1056.0,R,0.0,R,0.0,R,1056.0,R,494.0,R,47.0,R,20.0
123165,2018,R,252.0,R,265.0,R,95.0,R,327.0,R,0.0,R,0.0,R,327.0,R,300.0,R,92.0,R,0.0,R,0.0,R,0.0,R,0.0,R,0.0,A,,R,10.0
123217,2018,R,1648.0,R,4019.0,R,41.0,R,1698.0,R,0.0,R,0.0,R,1698.0,R,1128.0,R,66.0,R,733.0,R,0.0,R,0.0,R,733.0,R,309.0,R,42.0,R,26.0
123280,2018,R,3.0,R,10.0,R,30.0,R,1.0,R,0.0,R,0.0,R,1.0,R,1.0,R,100.0,R,2.0,R,0.0,R,0.0,R,2.0,R,0.0,R,0.0,R,5.0
123299,2018,R,545.0,R,2474.0,R,22.0,R,0.0,R,0.0,R,0.0,R,0.0,R,0.0,A,,R,0.0,R,0.0,R,0.0,R,0.0,R,0.0,A,,R,28.0
123341,2018,R,1935.0,R,5718.0,R,34.0,R,1769.0,R,0.0,R,0.0,R,1769.0,R,1277.0,R,72.0,R,1235.0,R,0.0,R,0.0,R,1235.0,R,635.0,R,51.0,R,24.0
123350,2018,A,,A,,A,,R,29.0,R,0.0,R,0.0,R,29.0,R,26.0,R,90.0,R,4.0,R,0.0,R,0.0,R,4.0,R,3.0,R,75.0,R,13.0
123457,2018,R,86.0,R,274.0,R,31.0,R,99.0,Z,0.0,Z,0.0,R,99.0,R,63.0,R,64.0,R,1.0,Z,0.0,Z,0.0,R,1.0,R,0.0,R,0.0,R,11.0
123484,2018,R,210.0,R,568.0,R,37.0,R,240.0,R,0.0,R,0.0,R,240.0,R,124.0,R,52.0,R,82.0,R,0.0,R,0.0,R,82.0,R,14.0,R,17.0,R,17.0
123493,2018,A,,A,,A,,R,138.0,R,0.0,R,0.0,R,138.0,R,111.0,R,80.0,A,,A,,A,,A,,A,,A,,R,20.0
123509,2018,R,596.0,R,2847.0,R,21.0,R,0.0,R,0.0,R,0.0,R,0.0,R,0.0,A,,R,0.0,R,0.0,R,0.0,R,0.0,R,0.0,A,,R,25.0
123527,2018,R,988.0,R,4287.0,R,23.0,R,1069.0,R,0.0,R,0.0,R,1069.0,R,700.0,R,65.0,R,871.0,R,0.0,R,0.0,R,871.0,R,429.0,R,49.0,R,24.0
123554,2018,R,626.0,R,784.0,R,80.0,R,646.0,R,0.0,R,0.0,R,646.0,R,547.0,R,85.0,A,,A,,A,,A,,A,,A,,R,11.0
123563,2018,R,689.0,R,2600.0,R,27.0,R,0.0,R,0.0,R,0.0,R,0.0,R,0.0,A,,R,0.0,R,0.0,R,0.0,R,0.0,R,0.0,A,,R,23.0
123572,2018,R,1766.0,R,2647.0,R,67.0,R,1796.0,Z,0.0,Z,0.0,R,1796.0,R,1446.0,R,81.0,R,35.0,Z,0.0,Z,0.0,R,35.0,R,24.0,R,69.0,R,23.0
123642,2018,A,,A,,A,,R,14.0,R,0.0,R,0.0,R,14.0,R,9.0,R,64.0,R,0.0,R,0.0,R,0.0,R,0.0,R,0.0,A,,R,15.0
123651,2018,R,459.0,R,604.0,R,76.0,R,432.0,R,0.0,R,0.0,R,432.0,R,322.0,R,75.0,R,0.0,R,0.0,R,0.0,R,0.0,R,0.0,A,,R,15.0
123679,2018,A,,A,,A,,R,136.0,Z,0.0,Z,0.0,R,136.0,R,109.0,R,80.0,A,,A,,A,,A,,A,,A,,R,27.0
123800,2018,R,1933.0,R,5372.0,R,36.0,R,1818.0,R,0.0,R,0.0,R,1818.0,R,1315.0,R,72.0,R,1125.0,R,0.0,R,0.0,R,1125.0,R,588.0,R,52.0,R,22.0
123952,2018,R,29.0,R,54.0,R,54.0,R,32.0,R,1.0,R,0.0,R,31.0,R,22.0,R,71.0,A,,A,,A,,A,,A,,A,,R,11.0
123961,2018,R,3399.0,R,5138.0,R,66.0,R,3358.0,R,0.0,Z,0.0,R,3358.0,R,3246.0,R,97.0,R,0.0,Z,0.0,Z,0.0,R,0.0,R,0.0,A,,R,9.0
124113,2018,R,377.0,R,2418.0,R,16.0,R,400.0,R,0.0,R,0.0,R,400.0,R,286.0,R,72.0,R,1036.0,R,0.0,R,0.0,R,1036.0,R,136.0,R,13.0,R,37.0
124292,2018,R,121.0,R,134.0,R,90.0,R,90.0,R,0.0,R,0.0,R,90.0,R,82.0,R,91.0,A,,A,,A,,A,,A,,A,,R,11.0
124487,2018,R,4.0,R,36.0,R,11.0,R,1.0,R,0.0,R,0.0,R,1.0,R,0.0,R,0.0,R,1.0,R,0.0,R,0.0,R,1.0,R,1.0,R,100.0,R,9.0
124681,2018,A,,A,,A,,R,158.0,R,0.0,R,0.0,R,158.0,R,109.0,R,69.0,A,,A,,A,,A,,A,,A,,R,25.0
124706,2018,A,,A,,A,,R,133.0,Z,0.0,Z,0.0,R,133.0,R,91.0,R,68.0,A,,A,,A,,A,,A,,A,,R,29.0
124937,2018,A,,A,,A,,R,143.0,Z,0.0,Z,0.0,R,143.0,R,105.0,R,73.0,A,,A,,A,,A,,A,,A,,R,22.0
125028,2018,R,1139.0,R,3844.0,R,30.0,R,1205.0,R,0.0,R,0.0,R,1205.0,R,894.0,R,74.0,R,828.0,R,0.0,R,0.0,R,828.0,R,350.0,R,42.0,R,30.0
125091,2018,R,908.0,R,3553.0,R,26.0,R,1073.0,R,0.0,R,0.0,R,1073.0,R,728.0,R,68.0,R,904.0,R,0.0,R,0.0,R,904.0,R,458.0,R,51.0,R,23.0
125170,2018,R,370.0,R,2216.0,R,17.0,R,324.0,R,0.0,R,0.0,R,324.0,R,210.0,R,65.0,R,469.0,R,0.0,R,0.0,R,469.0,R,177.0,R,38.0,R,31.0
125231,2018,A,,A,,A,,R,2.0,R,0.0,R,0.0,R,2.0,R,1.0,R,50.0,R,126.0,R,0.0,R,0.0,R,126.0,R,32.0,R,25.0,R,18.0
125310,2018,A,,A,,A,,R,3.0,Z,0.0,Z,0.0,R,3.0,R,2.0,R,67.0,A,,A,,A,,A,,A,,A,,R,15.0
125462,2018,R,246.0,R,2270.0,R,11.0,R,244.0,R,0.0,R,0.0,R,244.0,R,162.0,R,66.0,R,350.0,R,0.0,R,0.0,R,350.0,R,189.0,R,54.0,R,31.0
125471,2018,R,527.0,R,5433.0,R,10.0,R,12.0,R,0.0,R,0.0,R,12.0,R,12.0,R,100.0,R,0.0,R,0.0,R,0.0,R,0.0,R,0.0,A,,R,30.0
125499,2018,R,778.0,R,2676.0,R,29.0,R,647.0,R,0.0,R,0.0,R,647.0,R,488.0,R,75.0,R,651.0,R,0.0,R,0.0,R,651.0,R,333.0,R,51.0,R,22.0
125532,2018,A,,A,,A,,R,51.0,Z,0.0,Z,0.0,R,51.0,R,39.0,R,76.0,R,1.0,Z,0.0,Z,0.0,R,1.0,R,0.0,R,0.0,R,15.0
125727,2018,R,343.0,R,398.0,R,86.0,R,351.0,R,0.0,R,2.0,R,353.0,R,290.0,R,82.0,R,0.0,R,0.0,R,0.0,R,0.0,R,0.0,A,,R,11.0
125763,2018,R,508.0,R,585.0,R,87.0,R,519.0,R,0.0,R,0.0,R,519.0,R,396.0,R,76.0,R,1.0,R,0.0,R,0.0,R,1.0,R,1.0,R,100.0,R,11.0
125897,2018,R,180.0,R,338.0,R,53.0,R,115.0,R,0.0,R,0.0,R,115.0,R,89.0,R,77.0,R,1.0,R,0.0,R,0.0,R,1.0,R,0.0,R,0.0,R,9.0
126076,2018,R,60.0,R,76.0,R,79.0,R,45.0,R,0.0,R,0.0,R,45.0,R,40.0,R,89.0,A,,A,,A,,A,,A,,A,,R,19.0
126119,2018,R,688.0,R,1565.0,R,44.0,R,505.0,R,0.0,R,0.0,R,505.0,R,333.0,R,66.0,R,308.0,R,0.0,R,0.0,R,308.0,R,155.0,R,50.0,R,19.0
126164,2018,A,,A,,A,,R,14.0,R,0.0,R,0.0,R,14.0,R,11.0,R,79.0,A,,A,,A,,A,,A,,A,,R,11.0
126182,2018,R,412.0,R,752.0,R,55.0,R,366.0,R,3.0,R,0.0,R,363.0,R,197.0,R,54.0,R,2.0,R,0.0,R,0.0,R,2.0,R,0.0,R,0.0,R,12.0
126207,2018,R,513.0,R,3482.0,R,15.0,R,479.0,R,0.0,R,0.0,R,479.0,R,305.0,R,64.0,R,310.0,R,0.0,R,0.0,R,310.0,R,146.0,R,47.0,R,16.0
126289,2018,R,409.0,R,1937.0,R,21.0,R,0.0,R,0.0,R,0.0,R,0.0,R,0.0,A,,R,0.0,R,0.0,R,0.0,R,0.0,R,0.0,A,,R,23.0
126359,2018,R,52.0,R,101.0,R,51.0,R,54.0,R,0.0,R,0.0,R,54.0,R,33.0,R,61.0,A,,A,,A,,A,,A,,A,,R,24.0
126562,2018,R,1600.0,R,3618.0,R,44.0,R,1409.0,R,1.0,R,0.0,R,1408.0,R,1007.0,R,72.0,R,104.0,R,0.0,R,0.0,R,104.0,R,52.0,R,50.0,R,17.0
126580,2018,R,1943.0,R,3327.0,R,58.0,R,1934.0,R,1.0,Z,0.0,R,1933.0,R,1331.0,R,69.0,R,111.0,R,0.0,R,0.0,R,111.0,R,44.0,R,40.0,R,18.0
126605,2018,A,,A,,A,,R,98.0,R,0.0,R,0.0,R,98.0,R,72.0,R,73.0,A,,A,,A,,A,,A,,A,,R,10.0
126614,2018,R,6613.0,R,8459.0,R,78.0,R,6484.0,R,0.0,R,0.0,R,6484.0,R,5675.0,R,88.0,R,64.0,R,0.0,R,0.0,R,64.0,R,41.0,R,64.0,R,18.0
126669,2018,R,416.0,R,2474.0,R,17.0,R,381.0,R,0.0,R,0.0,R,381.0,R,296.0,R,78.0,R,132.0,R,0.0,R,0.0,R,132.0,R,36.0,R,27.0,R,15.0
126678,2018,R,544.0,R,587.0,R,93.0,R,543.0,R,0.0,R,1.0,R,544.0,R,519.0,R,95.0,A,,A,,A,,A,,A,,A,,R,10.0
126687,2018,A,,A,,A,,R,133.0,Z,0.0,Z,0.0,R,133.0,R,81.0,R,61.0,A,,A,,A,,A,,A,,A,,R,41.0
126711,2018,R,285.0,R,869.0,R,33.0,R,35.0,R,0.0,R,0.0,R,35.0,R,16.0,R,46.0,R,11.0,R,0.0,R,0.0,R,11.0,R,7.0,R,64.0,R,12.0
126748,2018,R,168.0,R,347.0,R,48.0,R,131.0,R,1.0,R,0.0,R,130.0,R,70.0,R,54.0,R,40.0,R,0.0,R,0.0,R,40.0,R,17.0,R,43.0,R,13.0
126775,2018,R,1197.0,R,1356.0,R,88.0,R,1134.0,R,0.0,R,0.0,R,1134.0,R,1044.0,R,92.0,R,1.0,R,0.0,R,0.0,R,1.0,R,1.0,R,100.0,R,15.0
126784,2018,A,,A,,A,,R,70.0,R,0.0,R,0.0,R,70.0,R,56.0,R,80.0,A,,A,,A,,A,,A,,A,,R,11.0
126818,2018,R,5180.0,R,7741.0,R,67.0,R,4866.0,R,0.0,R,0.0,R,4866.0,R,4027.0,R,83.0,R,158.0,R,0.0,R,0.0,R,158.0,R,82.0,R,52.0,R,16.0
126827,2018,R,1308.0,R,6182.0,R,21.0,R,803.0,R,0.0,R,0.0,R,803.0,R,313.0,R,39.0,R,349.0,R,1.0,R,0.0,R,348.0,R,97.0,R,28.0,R,28.0
126863,2018,R,337.0,R,1472.0,R,23.0,R,407.0,R,4.0,R,0.0,R,403.0,R,243.0,R,60.0,R,521.0,R,0.0,R,0.0,R,521.0,R,217.0,R,42.0,R,23.0
126872,2018,A,,A,,A,,R,16.0,Z,0.0,Z,0.0,R,16.0,R,12.0,R,75.0,A,,A,,A,,A,,A,,A,,R,14.0
126915,2018,A,,A,,A,,R,39.0,R,0.0,R,0.0,R,39.0,R,34.0,R,87.0,R,45.0,Z,0.0,Z,0.0,R,45.0,R,42.0,R,93.0,R,8.0
126942,2018,R,660.0,R,2291.0,R,29.0,R,0.0,R,0.0,R,0.0,R,0.0,R,0.0,A,,R,0.0,R,0.0,R,0.0,R,0.0,R,0.0,A,,R,21.0
126951,2018,A,,A,,A,,R,344.0,R,0.0,R,0.0,R,344.0,R,246.0,R,72.0,A,,A,,A,,A,,A,,A,,R,24.0
127060,2018,R,1464.0,R,1677.0,R,87.0,R,1483.0,R,0.0,Z,0.0,R,1483.0,R,1298.0,R,88.0,R,21.0,R,0.0,Z,0.0,R,21.0,R,8.0,R,38.0,R,12.0
127158,2018,A,,A,,A,,R,669.0,R,0.0,R,0.0,R,669.0,R,555.0,R,83.0,R,1058.0,R,0.0,R,0.0,R,1058.0,R,867.0,R,82.0,R,11.0
127185,2018,R,738.0,R,1095.0,R,67.0,R,693.0,R,0.0,R,0.0,R,693.0,R,429.0,R,62.0,R,13.0,R,0.0,R,0.0,R,13.0,R,4.0,R,31.0,R,18.0
127200,2018,R,893.0,R,4288.0,R,21.0,R,1065.0,R,0.0,R,0.0,R,1065.0,R,624.0,R,59.0,R,1334.0,R,1.0,R,0.0,R,1333.0,R,611.0,R,46.0,R,18.0
127316,2018,A,,A,,A,,R,8.0,Z,0.0,Z,0.0,R,8.0,R,6.0,R,75.0,R,12.0,Z,0.0,Z,0.0,R,12.0,R,8.0,R,67.0,R,15.0
127389,2018,R,138.0,R,223.0,R,62.0,R,193.0,R,0.0,R,0.0,R,193.0,R,102.0,R,53.0,R,20.0,R,0.0,R,0.0,R,20.0,R,10.0,R,50.0,R,18.0
127556,2018,R,1944.0,R,2583.0,R,75.0,R,1164.0,R,0.0,R,0.0,R,1164.0,R,865.0,R,74.0,R,30.0,R,0.0,R,0.0,R,30.0,R,9.0,R,30.0,R,20.0
127565,2018,R,2161.0,R,5166.0,R,42.0,R,2236.0,R,165.0,R,0.0,R,2071.0,R,1354.0,R,65.0,R,306.0,R,61.0,R,0.0,R,245.0,R,124.0,R,51.0,R,17.0
127617,2018,R,85.0,R,238.0,R,36.0,R,86.0,R,3.0,R,0.0,R,83.0,R,52.0,R,63.0,R,98.0,R,0.0,R,0.0,R,98.0,R,47.0,R,48.0,R,11.0
127653,2018,R,30.0,R,129.0,R,23.0,R,37.0,R,0.0,R,0.0,R,37.0,R,27.0,R,73.0,R,3.0,R,0.0,R,0.0,R,3.0,R,2.0,R,67.0,R,9.0
127714,2018,A,,A,,A,,R,0.0,R,0.0,R,0.0,R,0.0,R,0.0,A,,R,4.0,R,0.0,R,0.0,R,4.0,R,1.0,R,25.0,R,6.0
127732,2018,R,375.0,R,497.0,R,75.0,R,413.0,R,0.0,R,0.0,R,413.0,R,260.0,R,63.0,R,33.0,R,0.0,R,0.0,R,33.0,R,7.0,R,21.0,R,17.0
127741,2018,R,1938.0,R,2926.0,R,66.0,R,2132.0,R,0.0,R,0.0,R,2132.0,R,1537.0,R,72.0,R,15.0,R,0.0,R,0.0,R,15.0,R,6.0,R,40.0,R,17.0
127778,2018,R,235.0,R,476.0,R,49.0,R,280.0,R,0.0,R,0.0,R,280.0,R,146.0,R,52.0,R,44.0,R,0.0,R,0.0,R,44.0,R,20.0,R,45.0,R,15.0
127787,2018,A,,A,,A,,A,,A,,A,,A,,A,,A,,A,,A,,A,,A,,A,,A,,R,24.0
127820,2018,R,1069.0,R,3552.0,R,30.0,R,0.0,R,0.0,R,0.0,R,0.0,R,0.0,A,,R,0.0,R,0.0,R,0.0,R,0.0,R,0.0,A,,R,20.0
127884,2018,R,339.0,R,1115.0,R,30.0,R,0.0,R,0.0,R,0.0,R,0.0,R,0.0,A,,R,0.0,R,0.0,R,0.0,R,0.0,R,0.0,A,,R,19.0
127909,2018,R,606.0,R,2096.0,R,29.0,R,0.0,R,0.0,R,0.0,R,0.0,R,0.0,A,,R,0.0,R,0.0,R,0.0,R,0.0,R,0.0,A,,R,21.0
127918,2018,R,508.0,R,833.0,R,61.0,R,540.0,Z,0.0,Z,0.0,R,540.0,R,428.0,R,79.0,A,,A,,A,,A,,A,,A,,R,14.0
127945,2018,R,70.0,R,292.0,R,24.0,R,64.0,R,0.0,R,0.0,R,64.0,R,37.0,R,58.0,R,6.0,R,0.0,R,0.0,R,6.0,R,4.0,R,67.0,R,8.0
127954,2018,A,,A,,A,,R,0.0,R,0.0,R,0.0,R,0.0,R,0.0,A,,A,,A,,A,,A,,A,,A,,R,15.0
128106,2018,R,668.0,R,1147.0,R,58.0,R,708.0,R,2.0,R,0.0,R,706.0,R,483.0,R,68.0,R,17.0,R,0.0,R,0.0,R,17.0,R,3.0,R,18.0,R,14.0
128151,2018,A,,A,,A,,R,129.0,R,0.0,R,0.0,R,129.0,R,83.0,R,64.0,R,5.0,Z,0.0,Z,0.0,R,5.0,R,2.0,R,40.0,R,22.0
128179,2018,A,,A,,A,,R,55.0,Z,0.0,Z,0.0,R,55.0,R,43.0,R,78.0,A,,A,,A,,A,,A,,A,,R,21.0
128188,2018,A,,A,,A,,R,95.0,Z,0.0,Z,0.0,R,95.0,R,63.0,R,66.0,A,,A,,A,,A,,A,,A,,R,22.0
128258,2018,R,222.0,R,427.0,R,52.0,R,279.0,R,8.0,R,0.0,R,271.0,R,186.0,R,69.0,R,60.0,R,0.0,R,0.0,R,60.0,R,28.0,R,47.0,R,11.0
128328,2018,R,1163.0,R,1163.0,R,100.0,R,1180.0,R,8.0,R,13.0,R,1185.0,R,1129.0,R,95.0,A,,A,,A,,A,,A,,A,,R,8.0
128337,2018,A,,A,,A,,R,29.0,R,0.0,Z,0.0,R,29.0,R,16.0,R,55.0,R,19.0,R,0.0,Z,0.0,R,19.0,R,9.0,R,47.0,R,18.0
128391,2018,R,501.0,R,864.0,R,58.0,R,446.0,R,1.0,R,0.0,R,445.0,R,310.0,R,70.0,R,2.0,R,0.0,R,0.0,R,2.0,R,0.0,R,0.0,R,14.0
128498,2018,R,169.0,R,262.0,R,65.0,R,115.0,R,0.0,R,0.0,R,115.0,R,78.0,R,68.0,R,0.0,R,0.0,R,0.0,R,0.0,R,0.0,A,,R,13.0
128577,2018,R,207.0,R,682.0,R,30.0,R,203.0,Z,0.0,Z,0.0,R,203.0,R,124.0,R,61.0,R,110.0,Z,0.0,Z,0.0,R,110.0,R,46.0,R,42.0,R,15.0
128586,2018,R,12.0,R,15.0,R,80.0,R,7.0,R,0.0,R,0.0,R,7.0,R,5.0,R,71.0,A,,A,,A,,A,,A,,A,,R,7.0
128674,2018,A,,A,,A,,R,37.0,R,0.0,R,0.0,R,37.0,R,21.0,R,57.0,R,14.0,R,0.0,R,0.0,R,14.0,R,10.0,R,71.0,R,16.0
128744,2018,R,523.0,R,791.0,R,66.0,R,549.0,Z,0.0,Z,0.0,R,549.0,R,370.0,R,67.0,R,1.0,Z,0.0,Z,0.0,R,1.0,R,1.0,R,100.0,R,16.0
128771,2018,R,1447.0,R,2596.0,R,56.0,R,1421.0,R,0.0,R,0.0,R,1421.0,R,1050.0,R,74.0,R,12.0,R,0.0,R,0.0,R,12.0,R,5.0,R,42.0,R,15.0
128780,2018,R,3.0,R,551.0,R,1.0,R,0.0,Z,0.0,Z,0.0,R,0.0,Z,0.0,A,,R,6.0,Z,0.0,Z,0.0,R,6.0,R,1.0,R,17.0,R,12.0
128896,2018,A,,A,,A,,A,,A,,A,,A,,A,,A,,A,,A,,A,,A,,A,,A,,R,15.0
128902,2018,R,508.0,R,581.0,R,87.0,R,444.0,Z,0.0,Z,0.0,R,444.0,R,403.0,R,91.0,A,,A,,A,,A,,A,,A,,R,9.0
129002,2018,A,,A,,A,,R,45.0,R,0.0,R,0.0,R,45.0,R,34.0,R,76.0,R,19.0,R,0.0,Z,0.0,R,19.0,R,12.0,R,63.0,R,8.0
129020,2018,R,3736.0,R,4604.0,R,81.0,R,3652.0,R,6.0,Z,0.0,R,3646.0,R,3393.0,R,93.0,R,7.0,Z,0.0,Z,0.0,R,7.0,R,6.0,R,86.0,R,16.0
129154,2018,R,67.0,R,1280.0,R,5.0,R,0.0,R,0.0,R,0.0,R,0.0,R,0.0,A,,R,0.0,R,0.0,R,0.0,R,0.0,R,0.0,A,,R,10.0
129181,2018,A,,A,,A,,R,125.0,R,0.0,Z,0.0,R,125.0,R,87.0,R,70.0,R,87.0,Z,0.0,R,0.0,R,87.0,R,61.0,R,70.0,R,21.0
129215,2018,R,966.0,R,1713.0,R,56.0,R,917.0,R,9.0,Z,0.0,R,908.0,R,723.0,R,80.0,R,8.0,Z,0.0,Z,0.0,R,8.0,R,4.0,R,50.0,R,15.0
129242,2018,R,1091.0,R,1173.0,R,93.0,R,993.0,Z,0.0,Z,0.0,R,993.0,R,896.0,R,90.0,R,1.0,Z,0.0,Z,0.0,R,1.0,Z,0.0,R,0.0,R,12.0
129349,2018,A,,A,,A,,R,26.0,R,0.0,R,0.0,R,26.0,R,24.0,R,92.0,R,5.0,R,0.0,R,0.0,R,5.0,R,5.0,R,100.0,R,15.0
129367,2018,R,208.0,R,1185.0,R,18.0,R,219.0,Z,0.0,Z,0.0,R,219.0,R,115.0,R,53.0,R,295.0,Z,0.0,Z,0.0,R,295.0,R,138.0,R,47.0,R,14.0
129482,2018,A,,A,,A,,R,50.0,R,0.0,R,0.0,R,50.0,R,35.0,R,70.0,A,,A,,A,,A,,A,,A,,R,15.0
129525,2018,R,1210.0,R,1533.0,R,79.0,R,1094.0,Z,0.0,Z,0.0,R,1094.0,R,833.0,R,76.0,R,8.0,Z,0.0,Z,0.0,R,8.0,R,2.0,R,25.0,R,9.0
129534,2018,R,6.0,R,41.0,R,15.0,R,5.0,Z,0.0,Z,0.0,R,5.0,R,4.0,R,80.0,R,9.0,Z,0.0,Z,0.0,R,9.0,R,8.0,R,89.0,R,5.0
129543,2018,R,511.0,R,1498.0,R,34.0,R,631.0,Z,0.0,Z,0.0,R,631.0,R,395.0,R,63.0,R,439.0,Z,0.0,Z,0.0,R,439.0,R,227.0,R,52.0,R,18.0
129695,2018,R,580.0,R,2218.0,R,26.0,R,572.0,Z,0.0,Z,0.0,R,572.0,R,354.0,R,62.0,R,652.0,Z,0.0,Z,0.0,R,652.0,R,287.0,R,44.0,R,16.0
129729,2018,R,795.0,R,1855.0,R,43.0,R,821.0,Z,0.0,Z,0.0,R,821.0,R,485.0,R,59.0,R,511.0,Z,0.0,Z,0.0,R,511.0,R,218.0,R,43.0,R,14.0
129756,2018,R,264.0,R,1042.0,R,25.0,R,341.0,Z,0.0,Z,0.0,R,341.0,R,201.0,R,59.0,R,161.0,Z,0.0,Z,0.0,R,161.0,R,80.0,R,50.0,R,15.0
129774,2018,R,147.0,R,269.0,R,55.0,R,145.0,Z,0.0,Z,0.0,R,145.0,R,87.0,R,60.0,R,2.0,Z,0.0,Z,0.0,R,2.0,R,2.0,R,100.0,R,15.0
129808,2018,R,435.0,R,1179.0,R,37.0,R,472.0,Z,0.0,Z,0.0,R,472.0,R,269.0,R,57.0,R,332.0,Z,0.0,Z,0.0,R,332.0,R,139.0,R,42.0,R,16.0
129923,2018,A,,A,,A,,R,96.0,R,0.0,R,0.0,R,96.0,R,73.0,R,76.0,R,17.0,R,0.0,R,0.0,R,17.0,R,13.0,R,76.0,R,14.0
129932,2018,A,,A,,A,,A,,A,,A,,A,,A,,A,,A,,A,,A,,A,,A,,A,,R,20.0
129941,2018,R,1331.0,R,1563.0,R,85.0,R,1408.0,R,0.0,Z,0.0,R,1408.0,R,1073.0,R,76.0,R,10.0,R,0.0,Z,0.0,R,10.0,R,6.0,R,60.0,R,16.0
130004,2018,R,441.0,R,2034.0,R,22.0,R,613.0,Z,0.0,Z,0.0,R,613.0,R,385.0,R,63.0,R,301.0,Z,0.0,Z,0.0,R,301.0,R,164.0,R,54.0,R,18.0
130040,2018,R,161.0,R,422.0,R,38.0,R,153.0,Z,0.0,Z,0.0,R,153.0,R,101.0,R,66.0,R,92.0,Z,0.0,Z,0.0,R,92.0,R,48.0,R,52.0,R,14.0
130110,2018,R,16.0,R,35.0,R,46.0,R,5.0,Z,0.0,Z,0.0,R,5.0,R,4.0,R,80.0,R,0.0,Z,0.0,Z,0.0,R,0.0,R,0.0,A,,R,3.0
130174,2018,A,,A,,A,,R,279.0,R,1.0,Z,0.0,R,278.0,R,180.0,R,65.0,R,87.0,R,1.0,Z,0.0,R,86.0,R,60.0,R,70.0,R,6.0
130183,2018,R,400.0,R,2804.0,R,14.0,R,234.0,Z,0.0,Z,0.0,R,234.0,R,136.0,R,58.0,R,313.0,Z,0.0,Z,0.0,R,313.0,R,89.0,R,28.0,R,20.0
130217,2018,R,192.0,R,461.0,R,42.0,R,172.0,Z,0.0,Z,0.0,R,172.0,R,109.0,R,63.0,R,181.0,Z,0.0,Z,0.0,R,181.0,R,78.0,R,43.0,R,14.0
130226,2018,R,1895.0,R,2198.0,R,86.0,R,1963.0,Z,0.0,Z,0.0,R,1963.0,R,1694.0,R,86.0,R,3.0,Z,0.0,Z,0.0,R,3.0,R,3.0,R,100.0,R,14.0
130253,2018,R,1464.0,R,1740.0,R,84.0,R,1387.0,Z,0.0,Z,0.0,R,1387.0,R,1155.0,R,83.0,R,0.0,Z,0.0,Z,0.0,R,0.0,R,0.0,A,,R,13.0
130314,2018,R,218.0,R,338.0,R,64.0,R,132.0,Z,0.0,Z,0.0,R,132.0,R,109.0,R,83.0,R,2.0,Z,0.0,Z,0.0,R,2.0,R,0.0,R,0.0,R,8.0
130396,2018,R,576.0,R,1996.0,R,29.0,R,658.0,R,0.0,R,0.0,R,658.0,R,373.0,R,57.0,R,630.0,R,0.0,R,0.0,R,630.0,R,284.0,R,45.0,R,16.0
130493,2018,R,1506.0,R,2693.0,R,56.0,R,1367.0,Z,0.0,Z,0.0,R,1367.0,R,980.0,R,72.0,R,12.0,Z,0.0,Z,0.0,R,12.0,R,7.0,R,58.0,R,14.0
130509,2018,A,,A,,A,,R,103.0,R,0.0,R,0.0,R,103.0,R,73.0,R,71.0,R,70.0,R,0.0,R,0.0,R,70.0,R,54.0,R,77.0,R,12.0
130590,2018,R,579.0,R,619.0,R,94.0,R,580.0,Z,0.0,Z,0.0,R,580.0,R,526.0,R,91.0,A,,A,,A,,A,,A,,A,,R,9.0
130606,2018,R,501.0,R,1333.0,R,38.0,R,592.0,Z,0.0,Z,0.0,R,592.0,R,336.0,R,57.0,R,255.0,Z,0.0,Z,0.0,R,255.0,R,109.0,R,43.0,R,16.0
130624,2018,R,275.0,R,275.0,R,100.0,R,289.0,Z,0.0,Z,0.0,R,289.0,R,281.0,R,97.0,A,,A,,A,,A,,A,,A,,R,7.0
130697,2018,R,802.0,R,873.0,R,92.0,R,761.0,Z,0.0,Z,0.0,R,761.0,R,730.0,R,96.0,A,,A,,A,,A,,A,,A,,R,8.0
130776,2018,R,881.0,R,1458.0,R,60.0,R,810.0,R,0.0,R,0.0,R,810.0,R,597.0,R,74.0,R,17.0,R,0.0,R,0.0,R,17.0,R,7.0,R,41.0,R,13.0
130794,2018,R,1573.0,R,1589.0,R,99.0,R,1579.0,Z,0.0,Z,0.0,R,1579.0,R,1562.0,R,99.0,A,,A,,A,,A,,A,,A,,R,6.0
130837,2018,A,,A,,A,,A,,A,,A,,A,,A,,A,,A,,A,,A,,A,,A,,A,,R,5.0
130873,2018,A,,A,,A,,A,,A,,A,,A,,A,,A,,A,,A,,A,,A,,A,,A,,R,9.0
130907,2018,R,2005.0,R,4605.0,R,44.0,R,0.0,R,0.0,R,0.0,R,0.0,R,0.0,A,,Z,0.0,Z,0.0,Z,0.0,R,0.0,Z,0.0,A,,R,12.0
130934,2018,R,1005.0,R,1615.0,R,62.0,R,940.0,R,1.0,R,0.0,R,939.0,R,680.0,R,72.0,R,11.0,Z,0.0,Z,0.0,R,11.0,R,3.0,R,27.0,R,15.0
130943,2018,R,4694.0,R,5203.0,R,90.0,R,4285.0,R,0.0,R,0.0,R,4285.0,R,3862.0,R,90.0,R,21.0,R,0.0,Z,0.0,R,21.0,R,6.0,R,29.0,R,15.0
130989,2018,R,149.0,R,237.0,R,63.0,R,162.0,R,3.0,R,0.0,R,159.0,R,119.0,R,75.0,R,3.0,R,0.0,R,0.0,R,3.0,R,0.0,R,0.0,R,20.0
131061,2018,A,,A,,A,,R,34.0,R,0.0,R,0.0,R,34.0,R,23.0,R,68.0,R,19.0,R,0.0,R,0.0,R,19.0,R,12.0,R,63.0,R,13.0
131098,2018,R,281.0,R,387.0,R,73.0,R,353.0,R,0.0,R,0.0,R,353.0,R,210.0,R,59.0,R,0.0,R,0.0,R,0.0,R,0.0,R,0.0,A,,R,12.0
131113,2018,R,234.0,R,2713.0,R,9.0,R,232.0,R,0.0,R,0.0,R,232.0,R,135.0,R,58.0,R,446.0,R,0.0,R,0.0,R,446.0,R,110.0,R,25.0,R,12.0
131159,2018,R,1752.0,R,2587.0,R,68.0,R,1777.0,R,1.0,R,0.0,R,1776.0,R,1560.0,R,88.0,R,3.0,R,0.0,R,0.0,R,3.0,R,0.0,R,0.0,R,12.0
131283,2018,R,833.0,R,949.0,R,88.0,R,830.0,R,0.0,R,0.0,R,830.0,R,724.0,R,87.0,R,1.0,Z,0.0,Z,0.0,R,1.0,R,1.0,R,100.0,R,7.0
131399,2018,R,364.0,R,1032.0,R,35.0,R,163.0,R,0.0,R,0.0,R,163.0,R,97.0,R,60.0,R,8.0,R,0.0,R,0.0,R,8.0,R,4.0,R,50.0,R,9.0
131450,2018,R,201.0,R,313.0,R,64.0,R,247.0,R,0.0,R,0.0,R,247.0,R,177.0,R,72.0,A,,A,,A,,A,,A,,A,,R,6.0
131469,2018,R,2838.0,R,3748.0,R,76.0,R,2607.0,Z,0.0,Z,0.0,R,2607.0,R,2422.0,R,93.0,R,3.0,Z,0.0,Z,0.0,R,3.0,R,1.0,R,33.0,R,13.0
131496,2018,R,1618.0,R,1920.0,R,84.0,R,1596.0,R,0.0,R,0.0,R,1596.0,R,1536.0,R,96.0,R,1.0,R,0.0,R,0.0,R,1.0,R,1.0,R,100.0,R,11.0
131520,2018,R,1498.0,R,1776.0,R,84.0,R,2077.0,R,0.0,R,0.0,R,2077.0,R,1760.0,R,85.0,R,2.0,R,0.0,R,0.0,R,2.0,R,0.0,R,0.0,R,10.0
131803,2018,R,1.0,R,169.0,R,1.0,R,1.0,R,0.0,R,0.0,R,1.0,R,0.0,R,0.0,R,50.0,R,0.0,R,0.0,R,50.0,R,22.0,R,44.0,R,29.0
131830,2018,A,,A,,A,,R,2.0,R,0.0,R,0.0,R,2.0,R,1.0,R,50.0,A,,A,,A,,A,,A,,A,,R,6.0
131876,2018,R,212.0,R,357.0,R,59.0,R,259.0,Z,0.0,Z,0.0,R,259.0,R,169.0,R,65.0,R,8.0,Z,0.0,Z,0.0,R,8.0,R,4.0,R,50.0,R,12.0
132374,2018,A,,A,,A,,R,864.0,R,0.0,R,0.0,R,864.0,R,501.0,R,58.0,A,,A,,A,,A,,A,,A,,R,18.0
132408,2018,R,27.0,R,76.0,R,36.0,R,37.0,Z,0.0,Z,0.0,R,37.0,R,28.0,R,76.0,R,1.0,Z,0.0,Z,0.0,R,1.0,R,1.0,R,100.0,R,8.0
132471,2018,R,639.0,R,1242.0,R,51.0,R,604.0,R,1.0,Z,0.0,R,603.0,R,371.0,R,62.0,R,0.0,Z,0.0,Z,0.0,R,0.0,Z,0.0,A,,R,12.0
132602,2018,R,937.0,R,1022.0,R,92.0,R,1175.0,R,0.0,R,0.0,R,1175.0,R,761.0,R,65.0,R,5.0,R,0.0,R,0.0,R,5.0,R,3.0,R,60.0,R,17.0
132657,2018,R,630.0,R,826.0,R,76.0,R,467.0,R,0.0,R,0.0,R,467.0,R,334.0,R,72.0,R,15.0,R,0.0,R,0.0,R,15.0,R,10.0,R,67.0,R,18.0
132675,2018,A,,A,,A,,R,33.0,R,0.0,R,0.0,R,33.0,R,10.0,R,30.0,R,6.0,R,0.0,R,0.0,R,6.0,R,2.0,R,33.0,R,6.0
132693,2018,R,1325.0,R,2917.0,R,45.0,R,0.0,R,0.0,R,0.0,R,0.0,R,0.0,A,,R,0.0,R,0.0,R,0.0,R,0.0,R,0.0,A,,R,17.0
132709,2018,R,3341.0,R,9024.0,R,37.0,R,0.0,R,0.0,Z,0.0,R,0.0,R,0.0,A,,R,0.0,R,0.0,Z,0.0,R,0.0,R,0.0,A,,R,30.0
132842,2018,R,5.0,R,34.0,R,15.0,R,15.0,R,0.0,R,0.0,R,15.0,R,13.0,R,87.0,R,2.0,R,0.0,R,0.0,R,2.0,R,1.0,R,50.0,R,15.0
132851,2018,R,947.0,R,1693.0,R,56.0,R,0.0,R,0.0,Z,0.0,R,0.0,R,0.0,A,,R,0.0,R,0.0,Z,0.0,R,0.0,R,0.0,A,,R,20.0
132879,2018,R,67.0,R,93.0,R,72.0,R,52.0,R,0.0,R,0.0,R,52.0,R,29.0,R,56.0,R,0.0,R,0.0,R,0.0,R,0.0,R,0.0,A,,R,10.0
132903,2018,R,7062.0,R,15443.0,R,46.0,R,6678.0,R,0.0,R,8.0,R,6686.0,R,6043.0,R,90.0,R,192.0,R,0.0,R,0.0,R,192.0,R,157.0,R,82.0,R,30.0
132976,2018,A,,A,,A,,R,79.0,R,0.0,Z,0.0,R,79.0,R,73.0,R,92.0,A,,A,,A,,A,,A,,A,,R,10.0
133021,2018,R,367.0,R,534.0,R,69.0,R,0.0,R,0.0,Z,0.0,R,0.0,R,0.0,A,,R,0.0,R,0.0,Z,0.0,R,0.0,R,0.0,A,,R,12.0
133155,2018,A,,A,,A,,R,222.0,R,0.0,R,0.0,R,222.0,R,178.0,R,80.0,R,152.0,R,0.0,R,0.0,R,152.0,R,140.0,R,92.0,R,20.0
133386,2018,R,1271.0,R,3068.0,R,41.0,R,0.0,R,0.0,Z,0.0,R,0.0,R,0.0,A,,R,0.0,R,0.0,Z,0.0,R,0.0,R,0.0,A,,R,18.0
133465,2018,R,6.0,R,117.0,R,5.0,R,4.0,Z,0.0,Z,0.0,R,4.0,R,1.0,R,25.0,R,0.0,Z,0.0,Z,0.0,R,0.0,Z,0.0,A,,R,14.0
133492,2018,R,580.0,R,636.0,R,91.0,R,558.0,R,0.0,Z,0.0,R,558.0,R,456.0,R,82.0,R,3.0,Z,0.0,Z,0.0,R,3.0,R,0.0,R,0.0,R,12.0
133508,2018,R,1989.0,R,3871.0,R,51.0,R,0.0,R,0.0,Z,0.0,R,0.0,R,0.0,A,,R,0.0,R,0.0,Z,0.0,R,0.0,R,0.0,A,,R,30.0
133526,2018,R,298.0,R,341.0,R,87.0,R,254.0,R,5.0,R,0.0,R,249.0,R,135.0,R,54.0,R,14.0,R,0.0,R,0.0,R,14.0,R,7.0,R,50.0,R,23.0
133553,2018,R,1409.0,R,1690.0,R,83.0,R,1338.0,R,0.0,R,0.0,R,1338.0,R,1098.0,R,82.0,R,4.0,R,0.0,R,0.0,R,4.0,R,0.0,R,0.0,R,17.0
133650,2018,R,1373.0,R,2347.0,R,59.0,R,1655.0,R,0.0,R,0.0,R,1655.0,R,1334.0,R,81.0,R,29.0,R,0.0,R,0.0,R,29.0,R,13.0,R,45.0,R,16.0
133669,2018,R,3158.0,R,6531.0,R,48.0,R,2781.0,R,4.0,R,0.0,R,2777.0,R,2285.0,R,82.0,R,9.0,R,0.0,R,0.0,R,9.0,R,7.0,R,78.0,R,21.0
133702,2018,R,1230.0,R,4402.0,R,28.0,R,0.0,R,0.0,Z,0.0,R,0.0,R,0.0,A,,R,0.0,R,0.0,Z,0.0,R,0.0,R,0.0,A,,R,25.0
133711,2018,R,653.0,R,847.0,R,77.0,R,735.0,R,0.0,R,0.0,R,735.0,R,505.0,R,69.0,R,2.0,R,0.0,R,0.0,R,2.0,R,0.0,R,0.0,R,18.0
133809,2018,R,205.0,R,242.0,R,85.0,R,156.0,R,0.0,R,0.0,R,156.0,R,96.0,R,62.0,R,1.0,R,0.0,R,0.0,R,1.0,R,1.0,R,100.0,R,13.0
133845,2018,A,,A,,A,,R,173.0,Z,0.0,Z,0.0,R,173.0,R,116.0,R,67.0,A,,A,,A,,A,,A,,A,,R,38.0
133854,2018,A,,A,,A,,R,114.0,Z,0.0,Z,0.0,R,114.0,R,82.0,R,72.0,A,,A,,A,,A,,A,,A,,R,36.0
133863,2018,A,,A,,A,,R,131.0,Z,0.0,Z,0.0,R,131.0,R,94.0,R,72.0,A,,A,,A,,A,,A,,A,,R,40.0
133872,2018,R,89.0,R,317.0,R,28.0,R,86.0,R,0.0,R,0.0,R,86.0,R,57.0,R,66.0,R,9.0,R,0.0,R,0.0,R,9.0,R,3.0,R,33.0,R,7.0
133881,2018,R,779.0,R,1125.0,R,69.0,R,718.0,R,0.0,R,0.0,R,718.0,R,578.0,R,81.0,R,3.0,R,0.0,R,0.0,R,3.0,R,3.0,R,100.0,R,14.0
133942,2018,A,,A,,A,,A,,A,,A,,A,,A,,A,,A,,A,,A,,A,,A,,A,,R,19.0
133951,2018,R,3942.0,R,14889.0,R,26.0,R,3489.0,R,1.0,R,0.0,R,3488.0,R,3145.0,R,90.0,R,796.0,R,0.0,R,0.0,R,796.0,R,691.0,R,87.0,R,26.0
133960,2018,R,126.0,R,336.0,R,38.0,R,0.0,R,0.0,Z,0.0,R,0.0,R,0.0,A,,R,0.0,R,0.0,Z,0.0,R,0.0,R,0.0,A,,R,11.0
133979,2018,R,332.0,R,414.0,R,80.0,R,315.0,R,6.0,R,0.0,R,309.0,R,175.0,R,57.0,R,8.0,R,0.0,R,0.0,R,8.0,R,4.0,R,50.0,R,14.0
133997,2018,A,,A,,A,,R,95.0,R,0.0,R,0.0,R,95.0,R,63.0,R,66.0,A,,A,,A,,A,,A,,A,,R,15.0
134024,2018,A,,A,,A,,A,,A,,A,,A,,A,,A,,A,,A,,A,,A,,A,,A,,R,9.0
134079,2018,R,702.0,R,857.0,R,82.0,R,717.0,R,1.0,Z,0.0,R,716.0,R,585.0,R,82.0,R,3.0,R,0.0,R,0.0,R,3.0,R,3.0,R,100.0,R,14.0
134097,2018,R,6259.0,R,8786.0,R,71.0,R,6365.0,R,1.0,R,79.0,R,6443.0,R,5968.0,R,93.0,R,72.0,R,0.0,R,0.0,R,72.0,R,56.0,R,78.0,R,21.0
134112,2018,A,,A,,A,,R,7.0,R,0.0,R,0.0,R,7.0,R,2.0,R,29.0,A,,A,,A,,A,,A,,A,,R,35.0
134130,2018,R,6758.0,R,9305.0,R,73.0,R,6396.0,R,0.0,R,0.0,R,6396.0,R,6184.0,R,97.0,R,32.0,R,0.0,R,0.0,R,32.0,R,26.0,R,81.0,R,18.0
134228,2018,A,,A,,A,,R,17.0,Z,0.0,Z,0.0,R,17.0,R,5.0,R,29.0,R,3.0,Z,0.0,Z,0.0,R,3.0,R,3.0,R,100.0,R,9.0
134237,2018,A,,A,,A,,R,2460.0,R,9.0,R,0.0,R,2451.0,R,1574.0,R,64.0,A,,A,,A,,A,,A,,A,,R,26.0
134291,2018,A,,A,,A,,R,328.0,R,0.0,R,0.0,R,328.0,R,253.0,R,77.0,R,48.0,R,0.0,R,0.0,R,48.0,R,23.0,R,48.0,R,19.0
134307,2018,A,,A,,A,,R,95.0,R,0.0,R,0.0,R,95.0,R,83.0,R,87.0,R,158.0,R,0.0,R,0.0,R,158.0,R,98.0,R,62.0,R,14.0
134343,2018,R,619.0,R,1242.0,R,50.0,R,0.0,R,0.0,Z,0.0,R,0.0,R,0.0,A,,R,0.0,R,0.0,Z,0.0,R,0.0,R,0.0,A,,R,19.0
134495,2018,R,3847.0,R,7815.0,R,49.0,R,3560.0,R,0.0,Z,0.0,R,3560.0,R,2137.0,R,60.0,R,1821.0,R,0.0,Z,0.0,R,1821.0,R,905.0,R,50.0,R,24.0
134510,2018,R,29.0,R,54.0,R,54.0,R,26.0,R,0.0,R,0.0,R,26.0,R,20.0,R,77.0,R,0.0,R,0.0,R,0.0,R,0.0,R,0.0,A,,R,12.0
134529,2018,A,,A,,A,,R,47.0,R,0.0,R,0.0,R,47.0,R,34.0,R,72.0,A,,A,,A,,A,,A,,A,,R,14.0
134574,2018,A,,A,,A,,A,,A,,A,,A,,A,,A,,A,,A,,A,,A,,A,,A,,R,15.0
134608,2018,R,1051.0,R,3212.0,R,33.0,R,0.0,R,0.0,Z,0.0,R,0.0,R,0.0,A,,R,0.0,R,0.0,Z,0.0,R,0.0,R,0.0,A,,R,26.0
134714,2018,A,,A,,A,,R,22.0,R,0.0,R,0.0,R,22.0,R,16.0,R,73.0,R,23.0,R,0.0,R,0.0,R,23.0,R,16.0,R,70.0,R,6.0
134811,2018,R,135.0,R,413.0,R,33.0,R,82.0,Z,0.0,Z,0.0,R,82.0,R,58.0,R,71.0,R,28.0,Z,0.0,Z,0.0,R,28.0,R,22.0,R,79.0,R,22.0
134945,2018,R,620.0,R,973.0,R,64.0,R,574.0,R,0.0,R,0.0,R,574.0,R,443.0,R,77.0,R,2.0,R,0.0,R,0.0,R,2.0,R,0.0,R,0.0,R,11.0
135081,2018,R,3360.0,R,5854.0,R,57.0,R,583.0,R,0.0,R,0.0,R,583.0,R,460.0,R,79.0,R,323.0,R,0.0,R,0.0,R,323.0,R,190.0,R,59.0,R,12.0
135142,2018,A,,A,,A,,R,2.0,R,0.0,R,0.0,R,2.0,R,2.0,R,100.0,R,43.0,R,0.0,R,0.0,R,43.0,R,40.0,R,93.0,R,20.0
135160,2018,R,371.0,R,805.0,R,46.0,R,0.0,R,0.0,Z,0.0,R,0.0,R,0.0,A,,R,0.0,R,0.0,Z,0.0,R,0.0,R,0.0,A,,R,17.0
135179,2018,A,,A,,A,,R,240.0,R,0.0,R,0.0,R,240.0,R,185.0,R,77.0,R,114.0,R,0.0,R,0.0,R,114.0,R,96.0,R,84.0,R,18.0
135188,2018,R,579.0,R,1242.0,R,47.0,R,0.0,R,0.0,Z,0.0,R,0.0,R,0.0,A,,R,0.0,R,0.0,Z,0.0,R,0.0,R,0.0,A,,R,24.0
135267,2018,A,,A,,A,,R,501.0,R,0.0,R,0.0,R,501.0,R,125.0,R,25.0,A,,A,,A,,A,,A,,A,,R,20.0
135276,2018,A,,A,,A,,R,297.0,R,0.0,R,0.0,R,297.0,R,166.0,R,56.0,R,97.0,R,0.0,R,0.0,R,97.0,R,44.0,R,45.0,R,20.0
135294,2018,A,,A,,A,,R,135.0,R,0.0,R,0.0,R,135.0,R,94.0,R,70.0,R,188.0,R,0.0,R,0.0,R,188.0,R,168.0,R,89.0,R,15.0
135337,2018,A,,A,,A,,R,32.0,R,0.0,R,0.0,R,32.0,R,28.0,R,88.0,R,12.0,R,0.0,R,0.0,R,12.0,R,11.0,R,92.0,R,24.0
135364,2018,A,,A,,A,,R,1.0,R,0.0,R,0.0,R,1.0,R,0.0,R,0.0,R,9.0,R,0.0,R,0.0,R,9.0,R,2.0,R,22.0,R,22.0
135391,2018,R,1217.0,R,2499.0,R,49.0,R,0.0,R,0.0,Z,0.0,R,0.0,R,0.0,A,,R,0.0,R,0.0,Z,0.0,R,0.0,R,0.0,A,,R,21.0
135407,2018,A,,A,,A,,R,406.0,Z,0.0,Z,0.0,R,406.0,R,352.0,R,87.0,R,66.0,R,0.0,R,0.0,R,66.0,R,6.0,R,9.0,R,9.0
135522,2018,A,,A,,A,,R,199.0,R,0.0,R,0.0,R,199.0,R,54.0,R,27.0,A,,A,,A,,A,,A,,A,,R,6.0
135559,2018,A,,A,,A,,A,,A,,A,,A,,A,,A,,A,,A,,A,,A,,A,,A,,R,10.0
135610,2018,R,2.0,R,25.0,R,8.0,R,0.0,Z,0.0,Z,0.0,R,0.0,Z,0.0,A,,R,2.0,R,0.0,R,0.0,R,2.0,R,2.0,R,100.0,R,7.0
135647,2018,A,,A,,A,,R,76.0,R,0.0,R,0.0,R,76.0,R,29.0,R,38.0,R,245.0,R,0.0,R,0.0,R,245.0,R,201.0,R,82.0,R,15.0
135717,2018,R,7768.0,R,14550.0,R,53.0,R,0.0,R,0.0,Z,0.0,R,0.0,R,0.0,A,,R,0.0,R,0.0,Z,0.0,R,0.0,R,0.0,A,,R,19.0
135726,2018,R,2342.0,R,3115.0,R,75.0,R,2185.0,R,0.0,R,0.0,R,2185.0,R,2018.0,R,92.0,R,26.0,R,0.0,R,0.0,R,26.0,R,21.0,R,81.0,R,12.0
135735,2018,A,,A,,A,,R,258.0,R,0.0,R,0.0,R,258.0,R,194.0,R,75.0,R,38.0,R,0.0,R,0.0,R,38.0,R,18.0,R,47.0,R,15.0
135771,2018,A,,A,,A,,R,73.0,R,0.0,R,0.0,R,73.0,R,58.0,R,79.0,A,,A,,A,,A,,A,,A,,R,7.0
136109,2018,A,,A,,A,,R,25.0,R,0.0,R,0.0,R,25.0,R,20.0,R,80.0,R,14.0,R,0.0,R,0.0,R,14.0,R,7.0,R,50.0,R,15.0
136145,2018,R,103.0,R,263.0,R,39.0,R,0.0,R,0.0,Z,0.0,R,0.0,R,0.0,A,,R,0.0,R,0.0,Z,0.0,R,0.0,R,0.0,A,,R,18.0
136172,2018,R,2333.0,R,4492.0,R,52.0,R,2161.0,R,2.0,R,0.0,R,2159.0,R,1761.0,R,82.0,R,132.0,R,0.0,R,0.0,R,132.0,R,78.0,R,59.0,R,19.0
136215,2018,R,1241.0,R,1857.0,R,67.0,R,976.0,R,0.0,R,0.0,R,976.0,R,775.0,R,79.0,R,8.0,R,0.0,R,0.0,R,8.0,R,4.0,R,50.0,R,17.0
136233,2018,R,608.0,R,1194.0,R,51.0,R,0.0,R,0.0,Z,0.0,R,0.0,R,0.0,A,,R,0.0,R,0.0,Z,0.0,R,0.0,R,0.0,A,,R,27.0
136303,2018,A,,A,,A,,R,117.0,R,0.0,R,0.0,R,117.0,R,62.0,R,53.0,R,65.0,R,0.0,R,0.0,R,65.0,R,34.0,R,52.0,R,9.0
136330,2018,R,521.0,R,1113.0,R,47.0,R,533.0,R,0.0,R,0.0,R,533.0,R,398.0,R,75.0,R,0.0,R,0.0,R,0.0,R,0.0,R,0.0,A,,R,12.0
136358,2018,R,2261.0,R,7594.0,R,30.0,R,0.0,R,0.0,Z,0.0,R,0.0,R,0.0,A,,R,0.0,R,0.0,Z,0.0,R,0.0,R,0.0,A,,R,24.0
136400,2018,R,1283.0,R,2481.0,R,52.0,R,0.0,R,0.0,Z,0.0,R,0.0,R,0.0,A,,R,0.0,R,0.0,Z,0.0,R,0.0,R,0.0,A,,R,34.0
136473,2018,R,919.0,R,1623.0,R,57.0,R,0.0,R,0.0,Z,0.0,R,0.0,R,0.0,A,,R,0.0,R,0.0,Z,0.0,R,0.0,R,0.0,A,,R,22.0
136491,2018,A,,A,,A,,R,219.0,R,1.0,R,0.0,R,218.0,R,121.0,R,56.0,R,20.0,R,0.0,R,0.0,R,20.0,R,7.0,R,35.0,R,6.0
136516,2018,R,799.0,R,2199.0,R,36.0,R,0.0,R,0.0,Z,0.0,R,0.0,R,0.0,A,,R,0.0,R,0.0,Z,0.0,R,0.0,R,0.0,A,,R,24.0
136659,2018,A,,A,,A,,R,79.0,R,0.0,R,0.0,R,79.0,R,46.0,R,58.0,R,97.0,R,0.0,R,0.0,R,97.0,R,24.0,R,25.0,R,22.0
136765,2018,A,,A,,A,,R,250.0,Z,0.0,Z,0.0,R,250.0,R,100.0,R,40.0,R,68.0,Z,0.0,Z,0.0,R,68.0,R,48.0,R,71.0,R,24.0
136774,2018,R,429.0,R,506.0,R,85.0,R,367.0,R,3.0,R,0.0,R,364.0,R,296.0,R,81.0,R,0.0,R,0.0,R,0.0,R,0.0,Z,0.0,A,,R,11.0
136826,2018,A,,A,,A,,R,241.0,R,0.0,R,0.0,R,241.0,R,116.0,R,48.0,R,95.0,R,0.0,R,0.0,R,95.0,R,48.0,R,51.0,R,18.0
136950,2018,R,549.0,R,623.0,R,88.0,R,530.0,R,0.0,R,0.0,R,530.0,R,456.0,R,86.0,A,,A,,A,,A,,A,,A,,R,10.0
137023,2018,A,,A,,A,,R,156.0,R,0.0,R,0.0,R,156.0,R,113.0,R,72.0,R,4.0,Z,0.0,Z,0.0,R,4.0,R,3.0,R,75.0,R,10.0
137032,2018,R,560.0,R,2331.0,R,24.0,R,535.0,R,0.0,R,0.0,R,535.0,R,384.0,R,72.0,A,,A,,A,,A,,A,,A,,R,14.0
137078,2018,R,2154.0,R,5728.0,R,38.0,R,0.0,R,0.0,Z,0.0,R,0.0,R,0.0,A,,R,0.0,R,0.0,Z,0.0,R,0.0,R,0.0,A,,R,24.0
137087,2018,A,,A,,A,,R,641.0,R,0.0,R,0.0,R,641.0,R,445.0,R,69.0,R,51.0,R,0.0,R,0.0,R,51.0,R,23.0,R,45.0,R,6.0
137096,2018,R,1645.0,R,4141.0,R,40.0,R,0.0,R,0.0,R,0.0,R,0.0,R,0.0,A,,R,0.0,R,0.0,R,0.0,R,0.0,R,0.0,A,,R,19.0
137120,2018,A,,A,,A,,R,208.0,R,0.0,R,0.0,R,208.0,R,75.0,R,36.0,R,29.0,Z,0.0,Z,0.0,R,29.0,R,11.0,R,38.0,R,4.0
137209,2018,R,2049.0,R,4477.0,R,46.0,R,0.0,R,0.0,Z,0.0,R,0.0,R,0.0,A,,R,0.0,R,0.0,Z,0.0,R,0.0,R,0.0,A,,R,27.0
137245,2018,A,,A,,A,,R,609.0,R,0.0,R,0.0,R,609.0,R,397.0,R,65.0,A,,A,,A,,A,,A,,A,,R,15.0
137272,2018,R,8.0,R,14.0,R,57.0,R,7.0,Z,0.0,Z,0.0,R,7.0,R,4.0,R,57.0,A,,A,,A,,A,,A,,A,,R,4.0
137281,2018,R,581.0,R,1326.0,R,44.0,R,0.0,R,0.0,Z,0.0,R,0.0,R,0.0,A,,R,0.0,R,0.0,Z,0.0,R,0.0,R,0.0,A,,R,19.0
137315,2018,R,296.0,R,598.0,R,49.0,R,0.0,R,0.0,Z,0.0,R,0.0,R,0.0,A,,R,0.0,R,0.0,Z,0.0,R,0.0,R,0.0,A,,R,17.0
137351,2018,R,4334.0,R,8939.0,R,48.0,R,4103.0,R,0.0,R,4.0,R,4107.0,R,3751.0,R,91.0,R,58.0,R,0.0,R,0.0,R,58.0,R,42.0,R,72.0,R,22.0
137476,2018,R,206.0,R,1409.0,R,15.0,R,229.0,R,0.0,R,0.0,R,229.0,R,166.0,R,72.0,R,2.0,R,0.0,R,0.0,R,2.0,R,1.0,R,50.0,R,12.0
137546,2018,R,895.0,R,1045.0,R,86.0,R,864.0,R,0.0,R,0.0,R,864.0,R,660.0,R,76.0,R,0.0,R,0.0,R,0.0,R,0.0,R,0.0,A,,R,13.0
137564,2018,R,1375.0,R,2228.0,R,62.0,R,800.0,R,0.0,R,0.0,R,800.0,R,574.0,R,72.0,R,50.0,R,0.0,R,0.0,R,50.0,R,17.0,R,34.0,R,18.0
137591,2018,A,,A,,A,,R,91.0,R,0.0,R,0.0,R,91.0,R,67.0,R,74.0,A,,A,,A,,A,,A,,A,,R,8.0
137713,2018,A,,A,,A,,R,102.0,R,0.0,R,0.0,R,102.0,R,65.0,R,64.0,R,35.0,R,0.0,R,0.0,R,35.0,R,20.0,R,57.0,R,7.0
137759,2018,R,2285.0,R,3901.0,R,59.0,R,0.0,R,0.0,Z,0.0,R,0.0,R,0.0,A,,R,0.0,R,0.0,Z,0.0,R,0.0,R,0.0,A,,R,25.0
137777,2018,R,8.0,R,8.0,R,100.0,R,10.0,R,0.0,R,0.0,R,10.0,R,9.0,R,90.0,A,,A,,A,,A,,A,,A,,R,3.0
137801,2018,A,,A,,A,,R,24.0,Z,0.0,Z,0.0,R,24.0,R,16.0,R,67.0,A,,A,,A,,A,,A,,A,,R,24.0
137847,2018,R,2158.0,R,2632.0,R,82.0,R,2137.0,R,2.0,R,0.0,R,2135.0,R,1629.0,R,76.0,R,4.0,R,0.0,R,0.0,R,4.0,R,1.0,R,25.0,R,17.0
137856,2018,A,,A,,A,,R,30.0,R,2.0,R,0.0,R,28.0,R,23.0,R,82.0,R,11.0,R,0.0,Z,0.0,R,11.0,R,9.0,R,82.0,R,16.0
137865,2018,A,,A,,A,,R,94.0,R,1.0,R,0.0,R,93.0,R,49.0,R,53.0,R,3.0,R,0.0,R,0.0,R,3.0,R,1.0,R,33.0,R,17.0
137953,2018,R,81.0,R,128.0,R,63.0,R,56.0,R,0.0,R,0.0,R,56.0,R,29.0,R,52.0,R,0.0,R,0.0,R,0.0,R,0.0,R,0.0,A,,R,14.0
137962,2018,R,32.0,R,87.0,R,37.0,R,30.0,R,0.0,R,0.0,R,30.0,R,12.0,R,40.0,R,0.0,R,0.0,R,0.0,R,0.0,R,0.0,A,,R,10.0
138132,2018,A,,A,,A,,R,4.0,R,0.0,R,0.0,R,4.0,R,2.0,R,50.0,R,5.0,R,0.0,R,0.0,R,5.0,R,0.0,R,0.0,R,9.0
138187,2018,R,4933.0,R,12680.0,R,39.0,R,0.0,R,0.0,Z,0.0,R,0.0,R,0.0,A,,R,0.0,R,0.0,Z,0.0,R,0.0,R,0.0,A,,R,24.0
138275,2018,R,197.0,R,323.0,R,61.0,R,253.0,R,0.0,R,0.0,R,253.0,R,139.0,R,55.0,R,8.0,R,0.0,R,0.0,R,8.0,R,2.0,R,25.0,R,13.0
138284,2018,A,,A,,A,,R,219.0,R,0.0,R,0.0,R,219.0,R,186.0,R,85.0,R,21.0,R,0.0,R,0.0,R,21.0,R,18.0,R,86.0,R,10.0
138293,2018,R,187.0,R,291.0,R,64.0,R,173.0,R,0.0,R,0.0,R,173.0,R,84.0,R,49.0,R,0.0,R,0.0,R,0.0,R,0.0,R,0.0,A,,R,23.0
138309,2018,R,229.0,R,1847.0,R,12.0,R,2.0,R,0.0,R,0.0,R,2.0,R,0.0,R,0.0,R,0.0,R,0.0,R,0.0,R,0.0,R,0.0,A,,R,13.0
138354,2018,R,1105.0,R,2715.0,R,41.0,R,1105.0,R,0.0,R,0.0,R,1105.0,R,880.0,R,80.0,R,18.0,R,0.0,R,0.0,R,18.0,R,9.0,R,50.0,R,21.0
138372,2018,A,,A,,A,,R,116.0,R,0.0,R,0.0,R,116.0,R,67.0,R,58.0,R,24.0,R,0.0,R,0.0,R,24.0,R,14.0,R,58.0,R,10.0
138479,2018,A,,A,,A,,R,278.0,R,0.0,R,0.0,R,278.0,R,177.0,R,64.0,A,,A,,A,,A,,A,,A,,R,13.0
138488,2018,A,,A,,A,,R,137.0,R,0.0,R,0.0,R,137.0,R,21.0,R,15.0,R,20.0,R,0.0,R,0.0,R,20.0,R,2.0,R,10.0,R,8.0
138497,2018,A,,A,,A,,R,89.0,R,0.0,R,0.0,R,89.0,R,81.0,R,91.0,A,,A,,A,,A,,A,,A,,R,5.0
138558,2018,R,899.0,R,1556.0,R,58.0,R,477.0,R,0.0,R,0.0,R,477.0,R,303.0,R,64.0,R,21.0,R,0.0,R,0.0,R,21.0,R,7.0,R,33.0,R,18.0
138600,2018,R,324.0,R,359.0,R,90.0,R,251.0,R,0.0,R,0.0,R,251.0,R,198.0,R,79.0,R,0.0,Z,0.0,Z,0.0,R,0.0,Z,0.0,A,,R,10.0
138655,2018,A,,A,,A,,R,110.0,R,0.0,R,0.0,R,110.0,R,55.0,R,50.0,R,2.0,R,0.0,R,0.0,R,2.0,R,1.0,R,50.0,R,23.0
138664,2018,A,,A,,A,,R,19.0,R,0.0,R,0.0,R,19.0,R,4.0,R,21.0,A,,A,,A,,A,,A,,A,,R,10.0
138682,2018,R,251.0,R,1184.0,R,21.0,R,299.0,R,0.0,Z,0.0,R,299.0,R,171.0,R,57.0,R,274.0,R,0.0,Z,0.0,R,274.0,R,144.0,R,53.0,R,15.0
138716,2018,R,1517.0,R,2208.0,R,69.0,R,603.0,R,0.0,R,0.0,R,603.0,R,374.0,R,62.0,R,27.0,R,0.0,R,0.0,R,27.0,R,7.0,R,26.0,R,18.0
138761,2018,R,120.0,R,181.0,R,66.0,R,2.0,R,0.0,R,0.0,R,2.0,R,1.0,R,50.0,A,,A,,A,,A,,A,,A,,R,9.0
138813,2018,R,107.0,R,359.0,R,30.0,R,100.0,Z,0.0,Z,0.0,R,100.0,R,57.0,R,57.0,R,89.0,Z,0.0,Z,0.0,R,89.0,R,34.0,R,38.0,R,23.0
138822,2018,A,,A,,A,,R,62.0,R,0.0,R,0.0,R,62.0,R,44.0,R,71.0,A,,A,,A,,A,,A,,A,,R,20.0
138840,2018,R,326.0,R,1507.0,R,22.0,R,380.0,R,0.0,Z,0.0,R,380.0,R,209.0,R,55.0,R,460.0,R,0.0,Z,0.0,R,460.0,R,132.0,R,29.0,R,15.0
138868,2018,R,243.0,R,1300.0,R,19.0,R,266.0,R,0.0,R,0.0,R,266.0,R,137.0,R,52.0,R,12.0,R,0.0,R,0.0,R,12.0,R,3.0,R,25.0,R,17.0
138901,2018,R,224.0,R,858.0,R,26.0,R,11.0,R,0.0,R,0.0,R,11.0,R,3.0,R,27.0,R,4.0,R,0.0,R,0.0,R,4.0,R,0.0,R,0.0,R,16.0
138938,2018,A,,A,,A,,R,118.0,R,3.0,R,0.0,R,115.0,R,76.0,R,66.0,R,95.0,R,2.0,R,0.0,R,93.0,R,58.0,R,62.0,R,20.0
138947,2018,R,918.0,R,1084.0,R,85.0,R,910.0,R,0.0,R,0.0,R,910.0,R,635.0,R,70.0,R,4.0,R,0.0,R,0.0,R,4.0,R,1.0,R,25.0,R,19.0
138956,2018,R,547.0,R,1700.0,R,32.0,R,510.0,R,0.0,Z,0.0,R,510.0,R,258.0,R,51.0,R,334.0,R,0.0,Z,0.0,R,334.0,R,155.0,R,46.0,R,16.0
139144,2018,R,509.0,R,556.0,R,92.0,R,553.0,R,1.0,R,0.0,R,552.0,R,464.0,R,84.0,A,,A,,A,,A,,A,,A,,R,11.0
139153,2018,R,3.0,R,36.0,R,8.0,R,6.0,R,0.0,R,0.0,R,6.0,R,4.0,R,67.0,R,7.0,R,0.0,R,0.0,R,7.0,R,2.0,R,29.0,R,6.0
139199,2018,R,233.0,R,685.0,R,34.0,R,254.0,Z,0.0,Z,0.0,R,254.0,R,130.0,R,51.0,R,10.0,Z,0.0,Z,0.0,R,10.0,R,3.0,R,30.0,R,10.0
139205,2018,R,195.0,R,584.0,R,33.0,R,166.0,R,0.0,R,0.0,R,166.0,R,69.0,R,42.0,R,4.0,R,0.0,R,0.0,R,4.0,R,1.0,R,25.0,R,15.0
139214,2018,R,1.0,R,3.0,R,33.0,R,4.0,R,0.0,R,0.0,R,4.0,R,2.0,R,50.0,R,3.0,R,0.0,R,0.0,R,3.0,R,2.0,R,67.0,R,11.0
139250,2018,R,676.0,R,1268.0,R,53.0,R,469.0,R,0.0,R,0.0,R,469.0,R,275.0,R,59.0,R,46.0,R,0.0,R,0.0,R,46.0,R,18.0,R,39.0,R,19.0
139278,2018,R,503.0,R,3111.0,R,16.0,R,459.0,R,0.0,Z,0.0,R,459.0,R,276.0,R,60.0,R,698.0,R,0.0,Z,0.0,R,698.0,R,350.0,R,50.0,R,18.0
139311,2018,R,552.0,R,2203.0,R,25.0,R,518.0,R,0.0,R,0.0,R,518.0,R,366.0,R,71.0,R,86.0,R,0.0,R,0.0,R,86.0,R,48.0,R,56.0,R,19.0
139357,2018,R,283.0,R,1677.0,R,17.0,R,232.0,R,0.0,Z,0.0,R,232.0,R,122.0,R,53.0,R,321.0,R,0.0,Z,0.0,R,321.0,R,140.0,R,44.0,R,17.0
139366,2018,R,1001.0,R,1936.0,R,52.0,R,893.0,R,0.0,R,0.0,R,893.0,R,644.0,R,72.0,R,31.0,R,0.0,R,0.0,R,31.0,R,6.0,R,19.0,R,16.0
139384,2018,R,301.0,R,2872.0,R,10.0,R,313.0,R,0.0,Z,0.0,R,313.0,R,190.0,R,61.0,R,468.0,R,0.0,Z,0.0,R,468.0,R,244.0,R,52.0,R,19.0
139393,2018,R,249.0,R,307.0,R,81.0,R,263.0,R,0.0,R,0.0,R,263.0,R,227.0,R,86.0,A,,A,,A,,A,,A,,A,,R,13.0
139463,2018,R,806.0,R,1453.0,R,55.0,R,386.0,R,0.0,R,0.0,R,386.0,R,271.0,R,70.0,R,77.0,R,0.0,R,0.0,R,77.0,R,33.0,R,43.0,R,23.0
139506,2018,A,,A,,A,,R,52.0,R,0.0,R,0.0,R,52.0,R,48.0,R,92.0,A,,A,,A,,A,,A,,A,,R,15.0
139579,2018,R,12.0,R,96.0,R,13.0,R,7.0,Z,0.0,Z,0.0,R,7.0,R,1.0,R,14.0,R,0.0,Z,0.0,Z,0.0,R,0.0,Z,0.0,A,,R,10.0
139621,2018,R,984.0,R,1596.0,R,62.0,R,25.0,R,0.0,R,0.0,R,25.0,R,13.0,R,52.0,R,18.0,R,0.0,R,0.0,R,18.0,R,12.0,R,67.0,R,26.0
139630,2018,R,246.0,R,393.0,R,63.0,R,263.0,R,0.0,R,0.0,R,263.0,R,153.0,R,58.0,R,1.0,R,0.0,R,0.0,R,1.0,R,0.0,R,0.0,R,13.0
139658,2018,R,1429.0,R,2219.0,R,64.0,R,1388.0,R,10.0,R,0.0,R,1378.0,R,1314.0,R,95.0,R,0.0,R,0.0,R,0.0,R,0.0,R,0.0,A,,R,9.0
139700,2018,R,1002.0,R,2320.0,R,43.0,R,1.0,R,0.0,R,0.0,R,1.0,R,1.0,R,100.0,R,1.0,R,0.0,R,0.0,R,1.0,R,1.0,R,100.0,R,20.0
139719,2018,R,467.0,R,705.0,R,66.0,R,509.0,R,0.0,R,0.0,R,509.0,R,380.0,R,75.0,R,12.0,R,0.0,R,0.0,R,12.0,R,3.0,R,25.0,R,17.0
139746,2018,A,,A,,A,,A,,A,,A,,A,,A,,A,,A,,A,,A,,A,,A,,A,,R,8.0
139755,2018,R,3115.0,R,4475.0,R,70.0,R,2853.0,R,0.0,R,0.0,R,2853.0,R,2773.0,R,97.0,R,6.0,R,0.0,R,0.0,R,6.0,R,3.0,R,50.0,R,18.0
139764,2018,R,406.0,R,859.0,R,47.0,R,445.0,R,0.0,R,0.0,R,445.0,R,274.0,R,62.0,R,2.0,R,0.0,R,0.0,R,2.0,R,2.0,R,100.0,R,16.0
139861,2018,R,1481.0,R,1844.0,R,80.0,R,1441.0,R,0.0,R,0.0,R,1441.0,R,1222.0,R,85.0,R,2.0,R,0.0,R,0.0,R,2.0,R,1.0,R,50.0,R,17.0
139931,2018,R,4223.0,R,6443.0,R,66.0,R,4054.0,R,0.0,R,0.0,R,4054.0,R,3167.0,R,78.0,R,111.0,R,0.0,R,0.0,R,111.0,R,49.0,R,44.0,R,20.0
139940,2018,R,4869.0,R,7344.0,R,66.0,R,4149.0,R,0.0,R,0.0,R,4149.0,R,3496.0,R,84.0,R,102.0,R,0.0,R,0.0,R,102.0,R,51.0,R,50.0,R,23.0
139959,2018,R,5703.0,R,7695.0,R,74.0,R,5809.0,R,0.0,R,0.0,R,5809.0,R,5534.0,R,95.0,R,17.0,R,0.0,R,0.0,R,17.0,R,13.0,R,76.0,R,17.0
139968,2018,R,837.0,R,1444.0,R,58.0,R,106.0,R,0.0,R,0.0,R,106.0,R,44.0,R,42.0,R,6.0,R,0.0,R,0.0,R,6.0,R,1.0,R,17.0,R,20.0
139986,2018,R,310.0,R,2541.0,R,12.0,R,323.0,R,0.0,Z,0.0,R,323.0,R,201.0,R,62.0,R,488.0,R,0.0,Z,0.0,R,488.0,R,228.0,R,47.0,R,16.0
139995,2018,R,82.0,R,82.0,R,100.0,R,144.0,R,0.0,R,0.0,R,144.0,R,116.0,R,81.0,A,,A,,A,,A,,A,,A,,R,35.0
140003,2018,R,42.0,R,70.0,R,60.0,R,57.0,R,0.0,R,0.0,R,57.0,R,43.0,R,75.0,R,31.0,R,0.0,R,0.0,R,31.0,R,16.0,R,52.0,R,15.0
140012,2018,R,325.0,R,3724.0,R,9.0,R,281.0,R,0.0,Z,0.0,R,281.0,R,175.0,R,62.0,R,912.0,R,0.0,Z,0.0,R,912.0,R,493.0,R,54.0,R,21.0
140234,2018,R,211.0,R,312.0,R,68.0,R,273.0,R,0.0,R,0.0,R,273.0,R,163.0,R,60.0,R,1.0,Z,0.0,Z,0.0,R,1.0,R,1.0,R,100.0,R,11.0
140243,2018,R,301.0,R,2002.0,R,15.0,R,272.0,R,0.0,Z,0.0,R,272.0,R,167.0,R,61.0,R,332.0,R,0.0,Z,0.0,R,332.0,R,173.0,R,52.0,R,14.0
140252,2018,R,174.0,R,324.0,R,54.0,R,113.0,R,0.0,R,0.0,R,113.0,R,71.0,R,63.0,R,2.0,R,0.0,R,0.0,R,2.0,R,1.0,R,50.0,R,15.0
140331,2018,R,624.0,R,4522.0,R,14.0,R,688.0,R,0.0,Z,0.0,R,688.0,R,356.0,R,52.0,R,1258.0,R,0.0,Z,0.0,R,1258.0,R,556.0,R,44.0,R,22.0
140340,2018,R,43.0,R,110.0,R,39.0,R,13.0,R,0.0,R,0.0,R,13.0,R,6.0,R,46.0,R,2.0,R,0.0,R,0.0,R,2.0,R,0.0,R,0.0,R,14.0
140447,2018,R,974.0,R,1479.0,R,66.0,R,888.0,R,3.0,R,0.0,R,885.0,R,789.0,R,89.0,R,24.0,R,0.0,R,0.0,R,24.0,R,19.0,R,79.0,R,13.0
140553,2018,R,604.0,R,649.0,R,93.0,R,617.0,R,0.0,R,0.0,R,617.0,R,463.0,R,75.0,R,0.0,R,0.0,R,0.0,R,0.0,R,0.0,A,,R,14.0
140678,2018,R,332.0,R,1080.0,R,31.0,R,373.0,R,0.0,Z,0.0,R,373.0,R,231.0,R,62.0,R,254.0,R,0.0,Z,0.0,R,254.0,R,123.0,R,48.0,R,15.0
140696,2018,R,329.0,R,410.0,R,80.0,R,332.0,R,0.0,R,0.0,R,332.0,R,267.0,R,80.0,R,2.0,R,0.0,R,0.0,R,2.0,R,1.0,R,50.0,R,15.0
140720,2018,R,201.0,R,245.0,R,82.0,R,90.0,R,0.0,R,0.0,R,90.0,R,59.0,R,66.0,R,5.0,R,0.0,R,0.0,R,5.0,R,2.0,R,40.0,R,10.0
140818,2018,R,252.0,R,396.0,R,64.0,R,290.0,R,0.0,R,0.0,R,290.0,R,179.0,R,62.0,R,1.0,R,0.0,R,0.0,R,1.0,R,0.0,R,0.0,R,10.0
140827,2018,A,,A,,A,,R,0.0,R,0.0,R,0.0,R,0.0,R,0.0,A,,A,,A,,A,,A,,A,,A,,R,9.0
140872,2018,R,346.0,R,552.0,R,63.0,R,335.0,R,1.0,R,0.0,R,334.0,R,199.0,R,60.0,R,3.0,R,0.0,R,0.0,R,3.0,R,1.0,R,33.0,R,13.0
140942,2018,R,316.0,R,2002.0,R,16.0,R,321.0,R,0.0,Z,0.0,R,321.0,R,192.0,R,60.0,R,368.0,R,0.0,Z,0.0,R,368.0,R,162.0,R,44.0,R,16.0
140951,2018,R,2596.0,R,3504.0,R,74.0,R,2274.0,R,0.0,R,0.0,R,2274.0,R,1915.0,R,84.0,R,155.0,R,0.0,R,0.0,R,155.0,R,121.0,R,78.0,R,21.0
140960,2018,R,774.0,R,1107.0,R,70.0,R,594.0,R,0.0,R,0.0,R,594.0,R,359.0,R,60.0,R,15.0,R,0.0,R,0.0,R,15.0,R,4.0,R,27.0,R,17.0
140988,2018,R,321.0,R,576.0,R,56.0,R,263.0,R,0.0,R,0.0,R,263.0,R,144.0,R,55.0,R,1.0,R,0.0,R,0.0,R,1.0,R,0.0,R,0.0,R,14.0
141006,2018,R,367.0,R,895.0,R,41.0,R,338.0,R,0.0,Z,0.0,R,338.0,R,233.0,R,69.0,R,162.0,R,0.0,Z,0.0,R,162.0,R,78.0,R,48.0,R,17.0
141015,2018,A,,A,,A,,R,7.0,Z,0.0,Z,0.0,R,7.0,R,4.0,R,57.0,R,4.0,Z,0.0,Z,0.0,R,4.0,R,1.0,R,25.0,R,5.0
141060,2018,R,571.0,R,612.0,R,93.0,R,546.0,R,1.0,R,0.0,R,545.0,R,494.0,R,91.0,R,2.0,R,0.0,R,0.0,R,2.0,R,2.0,R,100.0,R,11.0
141167,2018,R,75.0,R,146.0,R,51.0,R,76.0,R,0.0,R,0.0,R,76.0,R,36.0,R,47.0,R,3.0,R,0.0,R,0.0,R,3.0,R,0.0,R,0.0,R,10.0
141185,2018,R,213.0,R,775.0,R,27.0,R,213.0,R,0.0,R,0.0,R,213.0,R,129.0,R,61.0,R,4.0,R,0.0,R,0.0,R,4.0,R,1.0,R,25.0,R,14.0
141237,2018,R,283.0,R,1612.0,R,18.0,R,206.0,R,0.0,R,0.0,R,206.0,R,125.0,R,61.0,R,8.0,R,0.0,R,0.0,R,8.0,R,2.0,R,25.0,R,20.0
141255,2018,R,181.0,R,2446.0,R,7.0,R,169.0,R,0.0,Z,0.0,R,169.0,R,104.0,R,62.0,R,306.0,R,0.0,Z,0.0,R,306.0,R,131.0,R,43.0,R,14.0
141264,2018,R,1728.0,R,2828.0,R,61.0,R,1675.0,R,0.0,R,0.0,R,1675.0,R,1092.0,R,65.0,R,37.0,R,0.0,R,0.0,R,37.0,R,12.0,R,32.0,R,19.0
141325,2018,R,155.0,R,335.0,R,46.0,R,72.0,Z,0.0,Z,0.0,R,72.0,R,56.0,R,78.0,R,2.0,Z,0.0,Z,0.0,R,2.0,R,1.0,R,50.0,R,8.0
141334,2018,R,2182.0,R,3580.0,R,61.0,R,2177.0,R,0.0,R,0.0,R,2177.0,R,1499.0,R,69.0,R,63.0,R,0.0,R,0.0,R,63.0,R,34.0,R,54.0,R,19.0
141361,2018,R,309.0,R,735.0,R,42.0,R,265.0,R,0.0,R,0.0,R,265.0,R,201.0,R,76.0,R,0.0,R,0.0,R,0.0,R,0.0,R,0.0,A,,R,11.0
141486,2018,R,287.0,R,415.0,R,69.0,R,210.0,R,0.0,R,0.0,R,210.0,R,166.0,R,79.0,R,25.0,R,0.0,R,0.0,R,25.0,R,9.0,R,36.0,R,11.0
141565,2018,R,399.0,R,919.0,R,43.0,R,406.0,R,0.0,R,0.0,R,406.0,R,268.0,R,66.0,R,7.0,R,0.0,R,0.0,R,7.0,R,2.0,R,29.0,R,12.0
141574,2018,R,2114.0,R,4066.0,R,52.0,R,1898.0,R,0.0,R,0.0,R,1898.0,R,1502.0,R,79.0,R,59.0,R,0.0,R,0.0,R,59.0,R,40.0,R,68.0,R,12.0
141608,2018,A,,A,,A,,R,3.0,R,0.0,R,0.0,R,3.0,R,2.0,R,67.0,A,,A,,A,,A,,A,,A,,R,19.0
141644,2018,R,556.0,R,1452.0,R,38.0,R,480.0,R,0.0,R,0.0,R,480.0,R,286.0,R,60.0,R,20.0,R,0.0,R,0.0,R,20.0,R,6.0,R,30.0,R,15.0
141680,2018,R,339.0,R,1370.0,R,25.0,R,296.0,R,0.0,R,0.0,R,296.0,R,175.0,R,59.0,R,179.0,R,0.0,R,0.0,R,179.0,R,52.0,R,29.0,R,15.0
141796,2018,R,679.0,R,2552.0,R,27.0,R,694.0,R,1.0,R,0.0,R,693.0,R,436.0,R,63.0,R,364.0,R,0.0,R,0.0,R,364.0,R,153.0,R,42.0,R,17.0
141802,2018,R,106.0,R,607.0,R,17.0,R,133.0,R,0.0,R,0.0,R,133.0,R,90.0,R,68.0,R,114.0,R,0.0,R,0.0,R,114.0,R,60.0,R,53.0,R,11.0
141811,2018,R,759.0,R,2390.0,R,32.0,R,751.0,R,0.0,R,0.0,R,751.0,R,470.0,R,63.0,R,271.0,R,0.0,R,0.0,R,271.0,R,121.0,R,45.0,R,20.0
141839,2018,R,347.0,R,1114.0,R,31.0,R,8.0,R,0.0,R,0.0,R,8.0,R,6.0,R,75.0,R,0.0,R,0.0,R,0.0,R,0.0,R,0.0,A,,R,14.0
141945,2018,A,,A,,A,,P,18.0,P,0.0,P,0.0,P,18.0,P,15.0,P,83.0,P,0.0,P,0.0,P,0.0,P,0.0,P,0.0,A,,P,8.0
141981,2018,R,221.0,R,1029.0,R,21.0,R,269.0,R,0.0,R,0.0,R,269.0,R,194.0,R,72.0,R,13.0,R,0.0,R,0.0,R,13.0,R,3.0,R,23.0,R,18.0
141990,2018,R,202.0,R,1034.0,R,20.0,R,213.0,R,0.0,R,0.0,R,213.0,R,109.0,R,51.0,R,83.0,R,0.0,R,0.0,R,83.0,R,25.0,R,30.0,R,18.0
142054,2018,A,,A,,A,,R,33.0,Z,0.0,Z,0.0,R,33.0,R,22.0,R,67.0,Z,0.0,Z,0.0,Z,0.0,R,0.0,R,0.0,A,,R,15.0
142090,2018,R,19.0,R,32.0,R,59.0,R,17.0,R,0.0,R,0.0,R,17.0,R,12.0,R,71.0,R,0.0,R,0.0,R,0.0,R,0.0,R,0.0,A,,R,12.0
142115,2018,R,2774.0,R,8510.0,R,33.0,R,2665.0,R,0.0,Z,0.0,R,2665.0,R,2118.0,R,79.0,R,123.0,R,0.0,Z,0.0,R,123.0,R,55.0,R,45.0,R,17.0
142179,2018,R,131.0,R,965.0,R,14.0,R,134.0,R,0.0,R,0.0,R,134.0,R,98.0,R,73.0,R,96.0,R,0.0,Z,0.0,R,96.0,R,54.0,R,56.0,R,10.0
142276,2018,R,1401.0,R,3743.0,R,37.0,R,1186.0,R,0.0,Z,0.0,R,1186.0,R,750.0,R,63.0,R,84.0,Z,0.0,Z,0.0,R,84.0,R,35.0,R,42.0,R,13.0
142285,2018,R,1406.0,R,3320.0,R,42.0,R,1517.0,R,0.0,Z,0.0,R,1517.0,R,1225.0,R,81.0,R,20.0,R,0.0,Z,0.0,R,20.0,R,2.0,R,10.0,R,15.0
142294,2018,R,286.0,R,337.0,R,85.0,R,268.0,R,6.0,R,0.0,R,262.0,R,207.0,R,79.0,R,0.0,R,0.0,R,0.0,R,0.0,R,0.0,A,,R,10.0
142328,2018,R,473.0,R,828.0,R,57.0,R,377.0,R,0.0,R,0.0,R,377.0,R,237.0,R,63.0,R,13.0,Z,0.0,Z,0.0,R,13.0,R,3.0,R,23.0,R,12.0
142407,2018,A,,A,,A,,R,16.0,R,0.0,R,0.0,R,16.0,R,13.0,R,81.0,R,0.0,R,0.0,Z,0.0,R,0.0,R,0.0,A,,R,10.0
142416,2018,A,,A,,A,,R,10.0,R,0.0,R,0.0,R,10.0,R,9.0,R,90.0,A,,A,,A,,A,,A,,A,,R,20.0
142443,2018,R,687.0,R,2156.0,R,32.0,R,670.0,R,2.0,R,0.0,R,668.0,R,356.0,R,53.0,R,237.0,R,0.0,R,0.0,R,237.0,R,85.0,R,36.0,R,13.0
142461,2018,R,278.0,R,462.0,R,60.0,R,270.0,R,0.0,R,0.0,R,270.0,R,206.0,R,76.0,R,0.0,R,0.0,R,0.0,R,0.0,R,0.0,A,,R,16.0
142489,2018,A,,A,,A,,R,14.0,R,1.0,R,0.0,R,13.0,R,9.0,R,69.0,A,,A,,A,,A,,A,,A,,R,9.0
142522,2018,R,3935.0,R,6657.0,R,59.0,R,4131.0,R,941.0,R,0.0,R,3190.0,R,2341.0,R,73.0,R,505.0,R,106.0,R,0.0,R,399.0,R,285.0,R,71.0,R,22.0
142559,2018,R,591.0,R,1314.0,R,45.0,R,607.0,R,2.0,Z,0.0,R,605.0,R,355.0,R,59.0,R,265.0,R,0.0,Z,0.0,R,265.0,R,120.0,R,45.0,R,19.0
142887,2018,R,49.0,R,75.0,R,65.0,R,40.0,R,0.0,R,0.0,R,40.0,R,31.0,R,78.0,R,16.0,R,0.0,R,0.0,R,16.0,R,4.0,R,25.0,R,9.0
142957,2018,A,,A,,A,,A,,A,,A,,A,,A,,A,,A,,A,,A,,A,,A,,A,,R,2.0
143048,2018,R,631.0,R,840.0,R,75.0,R,650.0,R,6.0,R,0.0,R,644.0,R,519.0,R,81.0,R,1.0,R,1.0,R,0.0,R,0.0,R,0.0,A,,R,11.0
143084,2018,R,630.0,R,694.0,R,91.0,R,735.0,R,1.0,R,0.0,R,734.0,R,644.0,R,88.0,R,0.0,R,0.0,R,0.0,R,0.0,R,0.0,A,,R,12.0
143118,2018,R,762.0,R,1353.0,R,56.0,R,801.0,R,3.0,R,0.0,R,798.0,R,600.0,R,75.0,A,,A,,A,,A,,A,,A,,R,19.0
143181,2018,A,,A,,A,,R,13.0,Z,0.0,Z,0.0,R,13.0,R,10.0,R,77.0,A,,A,,A,,A,,A,,A,,R,10.0
143215,2018,R,870.0,R,2880.0,R,30.0,R,832.0,R,1.0,R,0.0,R,831.0,R,543.0,R,65.0,R,342.0,R,2.0,R,0.0,R,340.0,R,167.0,R,49.0,R,18.0
143279,2018,R,539.0,R,1893.0,R,28.0,R,525.0,R,4.0,R,0.0,R,521.0,R,331.0,R,64.0,R,133.0,R,4.0,R,0.0,R,129.0,R,52.0,R,40.0,R,18.0
143288,2018,R,167.0,R,199.0,R,84.0,R,145.0,R,0.0,R,0.0,R,145.0,R,102.0,R,70.0,R,0.0,R,0.0,R,0.0,R,0.0,R,0.0,A,,R,11.0
143297,2018,A,,A,,A,,A,,A,,A,,A,,A,,A,,A,,A,,A,,A,,A,,A,,R,10.0
143303,2018,A,,A,,A,,A,,A,,A,,A,,A,,A,,A,,A,,A,,A,,A,,A,,R,4.0
143358,2018,R,1089.0,R,1289.0,R,84.0,R,1264.0,R,2.0,R,0.0,R,1262.0,R,1041.0,R,82.0,R,1.0,R,0.0,R,0.0,R,1.0,R,0.0,R,0.0,R,12.0
143376,2018,A,,A,,A,,R,30.0,R,0.0,R,0.0,R,30.0,R,27.0,R,90.0,R,18.0,R,0.0,R,0.0,R,18.0,R,16.0,R,89.0,R,12.0
143464,2018,A,,A,,A,,R,2.0,R,0.0,R,0.0,R,2.0,R,2.0,R,100.0,R,4.0,R,0.0,R,0.0,R,4.0,R,4.0,R,100.0,R,8.0
143473,2018,A,,A,,A,,R,4.0,R,0.0,R,0.0,R,4.0,R,2.0,R,50.0,R,7.0,R,0.0,R,0.0,R,7.0,R,3.0,R,43.0,R,22.0
143482,2018,A,,A,,A,,R,1.0,R,0.0,R,0.0,R,1.0,R,1.0,R,100.0,R,3.0,R,0.0,R,0.0,R,3.0,R,1.0,R,33.0,R,11.0
143491,2018,A,,A,,A,,R,2.0,R,0.0,R,0.0,R,2.0,R,2.0,R,100.0,R,6.0,R,0.0,R,0.0,R,6.0,R,6.0,R,100.0,R,12.0
143543,2018,A,,A,,A,,R,21.0,R,0.0,Z,0.0,R,21.0,R,16.0,R,76.0,R,10.0,R,0.0,Z,0.0,R,10.0,R,5.0,R,50.0,R,12.0
143552,2018,A,,A,,A,,R,4.0,R,0.0,R,0.0,R,4.0,R,4.0,R,100.0,R,2.0,R,0.0,R,0.0,R,2.0,R,1.0,R,50.0,R,7.0
143613,2018,R,202.0,R,1033.0,R,20.0,R,257.0,R,2.0,R,0.0,R,255.0,R,142.0,R,56.0,R,58.0,R,1.0,R,0.0,R,57.0,R,22.0,R,39.0,R,14.0
143695,2018,A,,A,,A,,R,8.0,R,0.0,R,0.0,R,8.0,R,4.0,R,50.0,A,,A,,A,,A,,A,,A,,R,3.0
144005,2018,R,142.0,R,500.0,R,28.0,R,118.0,R,0.0,R,0.0,R,118.0,R,71.0,R,60.0,R,13.0,R,0.0,R,0.0,R,13.0,R,5.0,R,38.0,R,7.0
144050,2018,R,1809.0,R,1853.0,R,98.0,R,1736.0,R,6.0,R,0.0,R,1730.0,R,1705.0,R,99.0,A,,A,,A,,A,,A,,A,,R,5.0
144157,2018,R,238.0,R,1310.0,R,18.0,R,377.0,R,12.0,R,0.0,R,365.0,R,169.0,R,46.0,R,183.0,R,28.0,R,0.0,R,155.0,R,21.0,R,14.0,R,20.0
144166,2018,R,765.0,R,2444.0,R,31.0,R,721.0,R,27.0,R,0.0,R,694.0,R,399.0,R,57.0,R,315.0,R,20.0,R,0.0,R,295.0,R,111.0,R,38.0,R,25.0
144175,2018,R,169.0,R,1086.0,R,16.0,R,204.0,R,7.0,R,0.0,R,197.0,R,105.0,R,53.0,R,173.0,R,10.0,R,0.0,R,163.0,R,87.0,R,53.0,R,22.0
144184,2018,R,391.0,R,2688.0,R,15.0,R,387.0,R,22.0,R,0.0,R,365.0,R,212.0,R,58.0,R,186.0,R,14.0,R,0.0,R,172.0,R,65.0,R,38.0,R,30.0
144193,2018,R,494.0,R,2646.0,R,19.0,R,448.0,R,19.0,R,0.0,R,429.0,R,279.0,R,65.0,R,199.0,R,11.0,R,0.0,R,188.0,R,79.0,R,42.0,R,36.0
144209,2018,R,1318.0,R,3617.0,R,36.0,R,1313.0,R,36.0,R,0.0,R,1277.0,R,739.0,R,58.0,R,421.0,R,37.0,R,0.0,R,384.0,R,138.0,R,36.0,R,29.0
144218,2018,R,974.0,R,3401.0,R,29.0,R,1010.0,R,25.0,R,0.0,R,985.0,R,665.0,R,68.0,R,448.0,R,18.0,R,0.0,R,430.0,R,185.0,R,43.0,R,31.0
144281,2018,R,1294.0,R,2104.0,R,62.0,R,1432.0,R,0.0,R,0.0,R,1432.0,R,971.0,R,68.0,R,11.0,R,0.0,R,0.0,R,11.0,R,4.0,R,36.0,R,13.0
144351,2018,R,395.0,R,589.0,R,67.0,R,327.0,R,0.0,R,0.0,R,327.0,R,198.0,R,61.0,A,,A,,A,,A,,A,,A,,R,10.0
144485,2018,A,,A,,A,,R,153.0,R,0.0,R,0.0,R,153.0,R,83.0,R,54.0,A,,A,,A,,A,,A,,A,,R,17.0
144564,2018,R,276.0,R,1381.0,R,20.0,R,306.0,R,7.0,R,0.0,R,299.0,R,187.0,R,63.0,R,138.0,R,11.0,R,0.0,R,127.0,R,55.0,R,43.0,R,16.0
144573,2018,A,,A,,A,,R,3.0,Z,0.0,Z,0.0,R,3.0,R,3.0,R,100.0,A,,A,,A,,A,,A,,A,,R,8.0
144740,2018,R,2570.0,R,4009.0,R,64.0,R,2538.0,R,0.0,R,0.0,R,2538.0,R,2180.0,R,86.0,R,3.0,R,0.0,R,0.0,R,3.0,R,0.0,R,0.0,R,15.0
144795,2018,A,,A,,A,,R,72.0,R,0.0,R,0.0,R,72.0,R,52.0,R,72.0,R,2.0,R,0.0,R,0.0,R,2.0,R,0.0,R,0.0,R,18.0
144865,2018,R,1944.0,R,10652.0,R,18.0,R,2073.0,R,18.0,R,0.0,R,2055.0,R,1488.0,R,72.0,R,1024.0,R,24.0,R,0.0,R,1000.0,R,523.0,R,52.0,R,21.0
144883,2018,R,74.0,R,88.0,R,84.0,R,105.0,R,0.0,R,0.0,R,105.0,R,35.0,R,33.0,R,0.0,R,0.0,R,0.0,R,0.0,R,0.0,A,,R,16.0
144892,2018,R,796.0,R,2705.0,R,29.0,R,661.0,R,0.0,R,0.0,R,661.0,R,462.0,R,70.0,R,1.0,R,0.0,R,0.0,R,1.0,R,1.0,R,100.0,R,13.0
144944,2018,R,857.0,R,2473.0,R,35.0,R,882.0,R,52.0,R,0.0,R,830.0,R,654.0,R,79.0,R,427.0,R,25.0,R,0.0,R,402.0,R,238.0,R,59.0,R,20.0
144962,2018,R,530.0,R,969.0,R,55.0,R,497.0,Z,0.0,Z,0.0,R,497.0,R,389.0,R,78.0,A,,A,,A,,A,,A,,A,,R,13.0
144971,2018,R,140.0,R,199.0,R,70.0,R,106.0,R,0.0,R,0.0,R,106.0,R,66.0,R,62.0,R,0.0,R,0.0,R,0.0,R,0.0,R,0.0,A,,R,13.0
145099,2018,A,,A,,A,,A,,A,,A,,A,,A,,A,,A,,A,,A,,A,,A,,A,,R,25.0
145239,2018,R,29.0,R,158.0,R,18.0,R,24.0,R,0.0,R,0.0,R,24.0,R,17.0,R,71.0,A,,A,,A,,A,,A,,A,,R,11.0
145309,2018,A,,A,,A,,R,14.0,R,0.0,R,0.0,R,14.0,R,12.0,R,86.0,A,,A,,A,,A,,A,,A,,R,6.0
145336,2018,R,203.0,R,1016.0,R,20.0,R,199.0,R,0.0,R,0.0,R,199.0,R,106.0,R,53.0,A,,A,,A,,A,,A,,A,,R,10.0
145354,2018,A,,A,,A,,R,0.0,R,0.0,R,0.0,R,0.0,R,0.0,A,,R,0.0,R,0.0,R,0.0,R,0.0,R,0.0,A,,R,2.0
145372,2018,R,221.0,R,331.0,R,67.0,R,220.0,R,0.0,R,0.0,R,220.0,R,153.0,R,70.0,R,0.0,R,0.0,R,0.0,R,0.0,R,0.0,A,,R,11.0
145406,2018,A,,A,,A,,R,25.0,R,0.0,R,0.0,R,25.0,R,23.0,R,92.0,R,32.0,R,0.0,R,0.0,R,32.0,R,29.0,R,91.0,R,13.0
145424,2018,A,,A,,A,,R,1.0,R,0.0,R,0.0,R,1.0,R,1.0,R,100.0,R,2.0,R,0.0,R,0.0,R,2.0,R,1.0,R,50.0,R,9.0
145433,2018,A,,A,,A,,R,5.0,R,0.0,R,0.0,R,5.0,R,4.0,R,80.0,R,3.0,R,0.0,R,0.0,R,3.0,R,3.0,R,100.0,R,18.0
145497,2018,R,10.0,R,77.0,R,13.0,R,13.0,Z,0.0,R,13.0,R,26.0,R,23.0,R,88.0,R,1.0,Z,0.0,Z,0.0,R,1.0,R,0.0,R,0.0,R,5.0
145521,2018,R,276.0,R,689.0,R,40.0,R,206.0,R,0.0,R,0.0,R,206.0,R,127.0,R,62.0,R,60.0,R,6.0,R,0.0,R,54.0,R,17.0,R,31.0,R,14.0
145600,2018,R,4109.0,R,6523.0,R,63.0,R,4014.0,R,0.0,R,0.0,R,4014.0,R,3218.0,R,80.0,R,36.0,R,0.0,R,0.0,R,36.0,R,14.0,R,39.0,R,18.0
145619,2018,R,453.0,R,773.0,R,59.0,R,420.0,R,0.0,R,0.0,R,420.0,R,304.0,R,72.0,R,3.0,R,0.0,R,0.0,R,3.0,R,0.0,R,0.0,R,15.0
145637,2018,R,7600.0,R,9646.0,R,79.0,R,7503.0,R,1.0,R,0.0,R,7502.0,R,6959.0,R,93.0,R,15.0,R,0.0,R,0.0,R,15.0,R,6.0,R,40.0,R,20.0
145646,2018,R,494.0,R,541.0,R,91.0,R,378.0,R,0.0,R,0.0,R,378.0,R,345.0,R,91.0,A,,A,,A,,A,,A,,A,,R,11.0
145682,2018,R,1160.0,R,3901.0,R,30.0,R,1140.0,R,6.0,R,0.0,R,1134.0,R,801.0,R,71.0,R,491.0,R,21.0,R,0.0,R,470.0,R,178.0,R,38.0,R,17.0
145691,2018,R,294.0,R,335.0,R,88.0,R,258.0,R,0.0,R,0.0,R,258.0,R,199.0,R,77.0,A,,A,,A,,A,,A,,A,,R,13.0
145707,2018,R,234.0,R,479.0,R,49.0,R,217.0,R,8.0,R,0.0,R,209.0,R,139.0,R,67.0,R,27.0,R,1.0,R,0.0,R,26.0,R,13.0,R,50.0,R,13.0
145725,2018,R,608.0,R,924.0,R,66.0,R,471.0,R,0.0,R,0.0,R,471.0,R,407.0,R,86.0,R,0.0,R,0.0,R,0.0,R,0.0,R,0.0,A,,R,12.0
145813,2018,R,3673.0,R,5558.0,R,66.0,R,3333.0,R,1.0,R,0.0,R,3332.0,R,2620.0,R,79.0,R,19.0,R,0.0,R,0.0,R,19.0,R,13.0,R,68.0,R,20.0
145831,2018,R,427.0,R,1488.0,R,29.0,R,372.0,R,5.0,R,0.0,R,367.0,R,257.0,R,70.0,R,115.0,R,1.0,R,0.0,R,114.0,R,53.0,R,46.0,R,14.0
146205,2018,R,365.0,R,1403.0,R,26.0,R,447.0,R,25.0,R,0.0,R,422.0,R,217.0,R,51.0,R,187.0,R,24.0,R,0.0,R,163.0,R,52.0,R,32.0,R,22.0
146278,2018,R,385.0,R,1042.0,R,37.0,R,325.0,R,1.0,R,0.0,R,324.0,R,233.0,R,72.0,R,85.0,R,5.0,R,0.0,R,80.0,R,38.0,R,48.0,R,13.0
146296,2018,R,924.0,R,5502.0,R,17.0,R,998.0,R,5.0,R,0.0,R,993.0,R,647.0,R,65.0,R,797.0,R,29.0,R,0.0,R,768.0,R,324.0,R,42.0,R,22.0
146339,2018,R,153.0,R,389.0,R,39.0,R,169.0,R,0.0,R,0.0,R,169.0,R,117.0,R,69.0,R,11.0,R,0.0,R,0.0,R,11.0,R,7.0,R,64.0,R,8.0
146348,2018,R,298.0,R,820.0,R,36.0,R,214.0,R,10.0,R,0.0,R,204.0,R,142.0,R,70.0,R,103.0,R,11.0,R,0.0,R,92.0,R,40.0,R,43.0,R,13.0
146366,2018,R,187.0,R,1832.0,R,10.0,R,141.0,R,0.0,R,0.0,R,141.0,R,91.0,R,65.0,R,61.0,R,7.0,R,0.0,R,54.0,R,17.0,R,31.0,R,18.0
146418,2018,R,408.0,R,1462.0,R,28.0,R,437.0,R,4.0,R,0.0,R,433.0,R,285.0,R,66.0,R,137.0,R,9.0,R,0.0,R,128.0,R,63.0,R,49.0,R,18.0
146427,2018,R,345.0,R,380.0,R,91.0,R,358.0,R,0.0,R,0.0,R,358.0,R,290.0,R,81.0,A,,A,,A,,A,,A,,A,,R,11.0
146454,2018,A,,A,,A,,R,13.0,R,0.0,R,0.0,R,13.0,R,10.0,R,77.0,A,,A,,A,,A,,A,,A,,R,15.0
146472,2018,R,1263.0,R,3435.0,R,37.0,R,1157.0,R,25.0,R,0.0,R,1132.0,R,797.0,R,70.0,R,562.0,R,15.0,R,0.0,R,547.0,R,273.0,R,50.0,R,17.0
146481,2018,R,392.0,R,482.0,R,81.0,R,355.0,Z,0.0,Z,0.0,R,355.0,R,295.0,R,83.0,R,0.0,Z,0.0,Z,0.0,R,0.0,R,0.0,A,,R,12.0
146506,2018,R,756.0,R,2067.0,R,37.0,R,899.0,R,12.0,R,0.0,R,887.0,R,604.0,R,68.0,R,111.0,R,7.0,R,0.0,R,104.0,R,39.0,R,38.0,R,19.0
146533,2018,A,,A,,A,,A,,A,,A,,A,,A,,A,,A,,A,,A,,A,,A,,A,,R,8.0
146603,2018,R,549.0,R,3738.0,R,15.0,R,494.0,R,45.0,R,0.0,R,449.0,R,313.0,R,70.0,R,103.0,R,11.0,R,0.0,R,92.0,R,47.0,R,51.0,R,19.0
146612,2018,R,644.0,R,1359.0,R,47.0,R,601.0,R,0.0,R,0.0,R,601.0,R,494.0,R,82.0,R,0.0,R,0.0,R,0.0,R,0.0,R,0.0,A,,R,13.0
146667,2018,R,64.0,R,104.0,R,62.0,R,61.0,R,0.0,R,0.0,R,61.0,R,52.0,R,85.0,R,1.0,R,0.0,R,0.0,R,1.0,R,0.0,R,0.0,R,13.0
146676,2018,R,275.0,R,364.0,R,76.0,R,173.0,R,0.0,R,0.0,R,173.0,R,74.0,R,43.0,R,0.0,R,0.0,R,0.0,R,0.0,R,0.0,A,,R,14.0
146685,2018,R,750.0,R,1889.0,R,40.0,R,799.0,R,4.0,R,0.0,R,795.0,R,507.0,R,64.0,R,268.0,R,0.0,R,0.0,R,268.0,R,127.0,R,47.0,R,19.0
146700,2018,A,,A,,A,,R,251.0,R,0.0,R,0.0,R,251.0,R,178.0,R,71.0,A,,A,,A,,A,,A,,A,,R,26.0
146719,2018,R,2770.0,R,3464.0,R,80.0,R,2653.0,R,0.0,R,0.0,R,2653.0,R,2259.0,R,85.0,R,1.0,R,0.0,R,0.0,R,1.0,R,0.0,R,0.0,R,14.0
146755,2018,A,,A,,A,,R,0.0,R,0.0,R,0.0,R,0.0,R,0.0,A,,R,0.0,R,0.0,R,0.0,R,0.0,R,0.0,A,,R,8.0
146807,2018,A,,A,,A,,R,4.0,R,0.0,R,0.0,R,4.0,R,3.0,R,75.0,R,1.0,Z,0.0,Z,0.0,R,1.0,R,1.0,R,100.0,R,7.0
146816,2018,R,30.0,R,96.0,R,31.0,R,36.0,R,0.0,R,0.0,R,36.0,R,19.0,R,53.0,R,1.0,R,0.0,R,0.0,R,1.0,R,0.0,R,0.0,R,13.0
146825,2018,R,168.0,R,199.0,R,84.0,R,142.0,R,1.0,Z,0.0,R,141.0,R,103.0,R,73.0,R,0.0,Z,0.0,R,0.0,R,0.0,R,0.0,A,,R,13.0
147004,2018,R,559.0,R,3541.0,R,16.0,R,603.0,R,6.0,R,0.0,R,597.0,R,409.0,R,69.0,R,439.0,R,5.0,R,0.0,R,434.0,R,186.0,R,43.0,R,20.0
147013,2018,R,362.0,R,557.0,R,65.0,R,364.0,R,12.0,R,0.0,R,352.0,R,277.0,R,79.0,R,0.0,Z,0.0,Z,0.0,R,0.0,Z,0.0,A,,R,14.0
147129,2018,R,6.0,R,162.0,R,4.0,R,0.0,R,0.0,R,0.0,R,0.0,R,0.0,A,,R,1.0,R,0.0,R,0.0,R,1.0,R,0.0,R,0.0,R,9.0
147165,2018,R,1.0,R,49.0,R,2.0,R,2.0,R,0.0,R,0.0,R,2.0,R,2.0,R,100.0,R,3.0,R,0.0,R,0.0,R,3.0,R,2.0,R,67.0,R,5.0
147244,2018,R,468.0,R,625.0,R,75.0,R,474.0,R,0.0,R,0.0,R,474.0,R,370.0,R,78.0,R,0.0,R,0.0,R,0.0,R,0.0,R,0.0,A,,R,10.0
147341,2018,R,243.0,R,276.0,R,88.0,R,281.0,R,0.0,R,0.0,R,281.0,R,206.0,R,73.0,A,,A,,A,,A,,A,,A,,R,10.0
147369,2018,R,227.0,R,530.0,R,43.0,R,269.0,R,0.0,R,0.0,R,269.0,R,207.0,R,77.0,R,19.0,R,0.0,R,0.0,R,19.0,R,7.0,R,37.0,R,20.0
147378,2018,R,1609.0,R,4651.0,R,35.0,R,1611.0,R,29.0,R,0.0,R,1582.0,R,1109.0,R,70.0,R,434.0,R,13.0,R,0.0,R,421.0,R,176.0,R,42.0,R,21.0
147396,2018,R,49.0,R,52.0,R,94.0,R,64.0,R,0.0,R,0.0,R,64.0,R,32.0,R,50.0,A,,A,,A,,A,,A,,A,,R,9.0
147411,2018,R,259.0,R,1516.0,R,17.0,R,356.0,R,18.0,R,0.0,R,338.0,R,238.0,R,70.0,R,260.0,R,33.0,R,0.0,R,227.0,R,110.0,R,48.0,R,18.0
147439,2018,A,,A,,A,,R,14.0,R,0.0,R,0.0,R,14.0,R,6.0,R,43.0,R,3.0,R,0.0,R,0.0,R,3.0,R,1.0,R,33.0,R,10.0
147536,2018,R,584.0,R,1075.0,R,54.0,R,499.0,Z,0.0,Z,0.0,R,499.0,R,302.0,R,61.0,R,7.0,Z,0.0,Z,0.0,R,7.0,R,4.0,R,57.0,R,15.0
147590,2018,A,,A,,A,,A,,A,,A,,A,,A,,A,,A,,A,,A,,A,,A,,A,,R,8.0
147642,2018,A,,A,,A,,R,3.0,R,0.0,R,0.0,R,3.0,R,3.0,R,100.0,R,12.0,R,0.0,R,0.0,R,12.0,R,11.0,R,92.0,R,8.0
147660,2018,R,550.0,R,853.0,R,64.0,R,603.0,R,0.0,R,0.0,R,603.0,R,491.0,R,81.0,A,,A,,A,,A,,A,,A,,R,14.0
147679,2018,R,421.0,R,614.0,R,69.0,R,388.0,R,0.0,Z,0.0,R,388.0,R,291.0,R,75.0,R,0.0,Z,0.0,Z,0.0,R,0.0,Z,0.0,A,,R,10.0
147703,2018,R,1831.0,R,3434.0,R,53.0,R,1831.0,R,0.0,R,0.0,R,1831.0,R,1332.0,R,73.0,R,21.0,R,0.0,R,0.0,R,21.0,R,9.0,R,43.0,R,13.0
147767,2018,R,1931.0,R,2219.0,R,87.0,R,1903.0,R,1.0,R,0.0,R,1902.0,R,1853.0,R,97.0,A,,A,,A,,A,,A,,A,,R,6.0
147776,2018,R,425.0,R,1562.0,R,27.0,R,792.0,R,0.0,R,0.0,R,792.0,R,390.0,R,49.0,R,38.0,R,0.0,R,0.0,R,38.0,R,9.0,R,24.0,R,14.0
147800,2018,R,499.0,R,1629.0,R,31.0,R,487.0,R,40.0,R,0.0,R,447.0,R,344.0,R,77.0,R,357.0,R,87.0,R,0.0,R,270.0,R,127.0,R,47.0,R,16.0
147819,2018,A,,A,,A,,R,25.0,R,0.0,R,0.0,R,25.0,R,20.0,R,80.0,A,,A,,A,,A,,A,,A,,R,16.0
147828,2018,R,692.0,R,935.0,R,74.0,R,750.0,R,0.0,R,0.0,R,750.0,R,567.0,R,76.0,R,2.0,R,0.0,R,0.0,R,2.0,R,1.0,R,50.0,R,16.0
147916,2018,R,706.0,R,2424.0,R,29.0,R,738.0,R,7.0,R,0.0,R,731.0,R,468.0,R,64.0,R,203.0,R,7.0,R,0.0,R,196.0,R,97.0,R,49.0,R,17.0
148007,2018,R,284.0,R,1043.0,R,27.0,R,304.0,R,9.0,R,0.0,R,295.0,R,132.0,R,45.0,R,275.0,R,15.0,R,0.0,R,260.0,R,106.0,R,41.0,R,13.0
148016,2018,R,100.0,R,114.0,R,88.0,R,85.0,R,1.0,R,0.0,R,84.0,R,74.0,R,88.0,R,0.0,R,0.0,R,0.0,R,0.0,R,0.0,A,,R,6.0
148098,2018,A,,A,,A,,R,11.0,R,0.0,R,0.0,R,11.0,R,10.0,R,91.0,A,,A,,A,,A,,A,,A,,R,6.0
148131,2018,R,261.0,R,388.0,R,67.0,R,234.0,R,0.0,R,0.0,R,234.0,R,147.0,R,63.0,R,0.0,R,0.0,R,0.0,R,0.0,R,0.0,A,,R,14.0
148256,2018,R,472.0,R,1456.0,R,32.0,R,505.0,R,0.0,R,0.0,R,505.0,R,330.0,R,65.0,R,84.0,R,0.0,R,0.0,R,84.0,R,42.0,R,50.0,R,19.0
148292,2018,R,251.0,R,1101.0,R,23.0,R,265.0,R,1.0,R,0.0,R,264.0,R,177.0,R,67.0,R,156.0,R,5.0,R,0.0,R,151.0,R,65.0,R,43.0,R,15.0
148335,2018,R,398.0,R,656.0,R,61.0,R,424.0,R,0.0,R,0.0,R,424.0,R,190.0,R,45.0,R,3.0,R,0.0,R,0.0,R,3.0,R,0.0,R,0.0,R,20.0
148380,2018,R,675.0,R,1704.0,R,40.0,R,760.0,R,17.0,R,0.0,R,743.0,R,508.0,R,68.0,R,281.0,R,15.0,R,0.0,R,266.0,R,145.0,R,55.0,R,17.0
148399,2018,R,115.0,R,137.0,R,84.0,R,74.0,R,0.0,R,0.0,R,74.0,R,58.0,R,78.0,A,,A,,A,,A,,A,,A,,R,24.0
148405,2018,R,161.0,R,333.0,R,48.0,R,151.0,R,0.0,R,0.0,R,151.0,R,100.0,R,66.0,R,0.0,R,0.0,R,0.0,R,0.0,R,0.0,A,,R,10.0
148487,2018,R,323.0,R,808.0,R,40.0,R,360.0,R,0.0,R,0.0,R,360.0,R,265.0,R,74.0,R,0.0,R,0.0,R,0.0,R,0.0,R,0.0,A,,R,10.0
148496,2018,R,447.0,R,612.0,R,73.0,R,441.0,R,0.0,R,0.0,R,441.0,R,367.0,R,83.0,R,0.0,R,0.0,R,0.0,R,0.0,R,0.0,A,,R,10.0
148511,2018,A,,A,,A,,A,,A,,A,,A,,A,,A,,A,,A,,A,,A,,A,,A,,R,5.0
148575,2018,A,,A,,A,,A,,A,,A,,A,,A,,A,,A,,A,,A,,A,,A,,A,,R,9.0
148584,2018,R,214.0,R,502.0,R,43.0,R,229.0,R,0.0,R,0.0,R,229.0,R,182.0,R,79.0,A,,A,,A,,A,,A,,A,,R,13.0
148593,2018,A,,A,,A,,A,,A,,A,,A,,A,,A,,A,,A,,A,,A,,A,,A,,R,5.0
148627,2018,R,703.0,R,992.0,R,71.0,R,600.0,R,0.0,R,0.0,R,600.0,R,446.0,R,74.0,R,2.0,R,0.0,R,0.0,R,2.0,R,0.0,R,0.0,R,15.0
148654,2018,R,313.0,R,872.0,R,36.0,R,277.0,R,0.0,R,0.0,R,277.0,R,214.0,R,77.0,R,1.0,R,0.0,R,0.0,R,1.0,R,0.0,R,0.0,R,12.0
148672,2018,R,270.0,R,699.0,R,39.0,R,274.0,R,3.0,R,0.0,R,271.0,R,176.0,R,65.0,R,93.0,R,1.0,R,0.0,R,92.0,R,50.0,R,54.0,R,14.0
148821,2018,R,235.0,R,545.0,R,43.0,R,189.0,R,12.0,R,0.0,R,177.0,R,103.0,R,58.0,R,50.0,R,11.0,R,0.0,R,39.0,R,21.0,R,54.0,R,15.0
148876,2018,R,146.0,R,526.0,R,28.0,R,1.0,R,0.0,R,0.0,R,1.0,R,0.0,R,0.0,R,0.0,Z,0.0,Z,0.0,R,0.0,R,0.0,A,,R,14.0
148937,2018,R,230.0,R,919.0,R,25.0,R,257.0,R,14.0,R,0.0,R,243.0,R,151.0,R,62.0,R,63.0,R,8.0,R,0.0,R,55.0,R,18.0,R,33.0,R,18.0
148955,2018,A,,A,,A,,R,0.0,R,0.0,R,0.0,R,0.0,R,0.0,A,,A,,A,,A,,A,,A,,A,,R,10.0
148991,2018,R,131.0,R,534.0,R,25.0,R,172.0,R,5.0,R,0.0,R,167.0,R,92.0,R,55.0,R,43.0,R,2.0,R,0.0,R,41.0,R,29.0,R,71.0,R,17.0
149028,2018,A,,A,,A,,R,0.0,R,0.0,R,0.0,R,0.0,R,0.0,A,,R,0.0,R,0.0,R,0.0,R,0.0,R,0.0,A,,R,7.0
149204,2018,A,,A,,A,,R,10.0,Z,0.0,Z,0.0,R,10.0,R,7.0,R,70.0,A,,A,,A,,A,,A,,A,,R,6.0
149222,2018,R,1113.0,R,2470.0,R,45.0,R,1319.0,R,1.0,R,0.0,R,1318.0,R,950.0,R,72.0,R,21.0,R,0.0,R,0.0,R,21.0,R,11.0,R,52.0,R,13.0
149231,2018,R,1685.0,R,2980.0,R,57.0,R,1774.0,R,2.0,R,0.0,R,1772.0,R,1335.0,R,75.0,R,23.0,R,0.0,R,0.0,R,23.0,R,7.0,R,30.0,R,17.0
149310,2018,A,,A,,A,,R,29.0,R,0.0,R,0.0,R,29.0,R,19.0,R,66.0,A,,A,,A,,A,,A,,A,,R,12.0
149329,2018,R,26.0,R,26.0,R,100.0,R,13.0,R,0.0,R,0.0,R,13.0,R,13.0,R,100.0,A,,A,,A,,A,,A,,A,,R,13.0
149365,2018,R,289.0,R,2515.0,R,11.0,R,300.0,R,3.0,R,0.0,R,297.0,R,173.0,R,58.0,R,318.0,R,10.0,R,0.0,R,308.0,R,122.0,R,40.0,R,14.0
149499,2018,A,,A,,A,,R,7.0,R,0.0,R,0.0,R,7.0,R,1.0,R,14.0,A,,A,,A,,A,,A,,A,,R,8.0
149505,2018,R,153.0,R,297.0,R,52.0,R,190.0,R,0.0,R,0.0,R,190.0,R,153.0,R,81.0,R,1.0,R,0.0,R,0.0,R,1.0,R,1.0,R,100.0,R,10.0
149514,2018,R,154.0,R,262.0,R,59.0,R,138.0,R,0.0,R,0.0,R,138.0,R,78.0,R,57.0,R,32.0,R,0.0,R,0.0,R,32.0,R,20.0,R,63.0,R,14.0
149532,2018,R,648.0,R,2829.0,R,23.0,R,817.0,R,42.0,R,0.0,R,775.0,R,496.0,R,64.0,R,404.0,R,24.0,R,0.0,R,380.0,R,155.0,R,41.0,R,19.0
149550,2018,A,,A,,A,,R,20.0,R,0.0,R,0.0,R,20.0,R,15.0,R,75.0,R,1.0,R,0.0,R,0.0,R,1.0,R,0.0,R,0.0,R,8.0
149639,2018,R,13.0,R,29.0,R,45.0,R,15.0,R,0.0,R,0.0,R,15.0,R,14.0,R,93.0,A,,A,,A,,A,,A,,A,,R,5.0
149727,2018,R,952.0,R,3266.0,R,29.0,R,931.0,R,23.0,R,0.0,R,908.0,R,610.0,R,67.0,R,617.0,R,30.0,R,0.0,R,587.0,R,294.0,R,50.0,R,22.0
149763,2018,A,,A,,A,,A,,A,,A,,A,,A,,A,,A,,A,,A,,A,,A,,A,,R,13.0
149772,2018,R,923.0,R,1704.0,R,54.0,R,1191.0,R,4.0,R,0.0,R,1187.0,R,775.0,R,65.0,R,15.0,R,0.0,R,0.0,R,15.0,R,5.0,R,33.0,R,13.0
149781,2018,R,610.0,R,682.0,R,89.0,R,580.0,R,0.0,R,0.0,R,580.0,R,534.0,R,92.0,R,0.0,R,0.0,R,0.0,R,0.0,R,0.0,A,,R,10.0
149842,2018,R,1482.0,R,4563.0,R,32.0,R,1553.0,R,64.0,R,0.0,R,1489.0,R,1117.0,R,75.0,R,643.0,R,47.0,R,0.0,R,596.0,R,323.0,R,54.0,R,19.0
150048,2018,R,135.0,R,240.0,R,56.0,R,225.0,R,0.0,R,0.0,R,225.0,R,88.0,R,39.0,R,3.0,R,0.0,R,0.0,R,3.0,R,1.0,R,33.0,R,12.0
150066,2018,R,396.0,R,462.0,R,86.0,R,346.0,R,0.0,R,0.0,R,346.0,R,223.0,R,64.0,R,1.0,R,0.0,R,0.0,R,1.0,R,1.0,R,100.0,R,10.0
150136,2018,R,3719.0,R,4724.0,R,79.0,R,3992.0,R,34.0,R,0.0,R,3958.0,R,3090.0,R,78.0,R,14.0,R,0.0,R,0.0,R,14.0,R,2.0,R,14.0,R,16.0
150145,2018,R,295.0,R,479.0,R,62.0,R,224.0,R,0.0,R,0.0,R,224.0,R,158.0,R,71.0,R,3.0,R,0.0,R,0.0,R,3.0,R,2.0,R,67.0,R,12.0
150163,2018,R,1326.0,R,1551.0,R,85.0,R,1054.0,R,0.0,R,0.0,R,1054.0,R,940.0,R,89.0,R,0.0,R,0.0,R,0.0,R,0.0,R,0.0,A,,R,11.0
150172,2018,R,106.0,R,254.0,R,42.0,R,95.0,R,0.0,R,0.0,R,95.0,R,54.0,R,57.0,R,2.0,R,0.0,R,0.0,R,2.0,R,0.0,R,0.0,R,8.0
150251,2018,A,,A,,A,,R,49.0,Z,0.0,Z,0.0,R,49.0,R,32.0,R,65.0,R,29.0,Z,0.0,Z,0.0,R,29.0,R,22.0,R,76.0,R,18.0
150303,2018,A,,A,,A,,R,8.0,Z,0.0,Z,0.0,R,8.0,R,7.0,R,88.0,R,18.0,Z,0.0,Z,0.0,R,18.0,R,14.0,R,78.0,R,9.0
150400,2018,R,564.0,R,588.0,R,96.0,R,595.0,R,0.0,R,0.0,R,595.0,R,542.0,R,91.0,A,,A,,A,,A,,A,,A,,R,9.0
150428,2018,A,,A,,A,,R,14.0,R,0.0,R,0.0,R,14.0,R,14.0,R,100.0,R,8.0,R,0.0,R,0.0,R,8.0,R,7.0,R,88.0,R,10.0
150437,2018,A,,A,,A,,R,9.0,R,0.0,R,0.0,R,9.0,R,7.0,R,78.0,A,,A,,A,,A,,A,,A,,R,11.0
150455,2018,R,271.0,R,313.0,R,87.0,R,287.0,R,0.0,R,0.0,R,287.0,R,235.0,R,82.0,A,,A,,A,,A,,A,,A,,R,10.0
150534,2018,R,498.0,R,789.0,R,63.0,R,442.0,R,0.0,R,0.0,R,442.0,R,378.0,R,86.0,A,,A,,A,,A,,A,,A,,R,11.0
150604,2018,R,272.0,R,313.0,R,87.0,R,268.0,R,1.0,R,0.0,R,267.0,R,204.0,R,76.0,A,,A,,A,,A,,A,,A,,R,11.0
150668,2018,R,200.0,R,262.0,R,76.0,R,215.0,R,0.0,R,0.0,R,215.0,R,156.0,R,73.0,R,0.0,R,0.0,R,0.0,R,0.0,R,0.0,A,,R,11.0
150677,2018,R,320.0,R,566.0,R,57.0,R,349.0,R,0.0,R,0.0,R,349.0,R,294.0,R,84.0,A,,A,,A,,A,,A,,A,,R,19.0
150756,2018,R,356.0,R,370.0,R,96.0,R,343.0,R,0.0,R,0.0,R,343.0,R,257.0,R,75.0,R,0.0,R,0.0,R,0.0,R,0.0,R,0.0,A,,R,12.0
150765,2018,A,,A,,A,,R,8.0,R,0.0,R,0.0,R,8.0,R,5.0,R,63.0,A,,A,,A,,A,,A,,A,,R,16.0
150774,2018,R,166.0,R,193.0,R,86.0,R,192.0,R,0.0,R,0.0,R,192.0,R,77.0,R,40.0,R,11.0,R,0.0,R,0.0,R,11.0,R,9.0,R,82.0,R,13.0
150853,2018,A,,A,,A,,R,21.0,R,0.0,R,0.0,R,21.0,R,14.0,R,67.0,R,10.0,R,1.0,R,0.0,R,9.0,R,6.0,R,67.0,R,15.0
150941,2018,R,239.0,R,351.0,R,68.0,R,218.0,R,0.0,R,0.0,R,218.0,R,179.0,R,82.0,R,1.0,R,0.0,R,0.0,R,1.0,R,0.0,R,0.0,R,12.0
150987,2018,R,5421.0,R,15358.0,R,35.0,R,4803.0,R,0.0,R,0.0,R,4803.0,R,2472.0,R,51.0,R,4560.0,R,0.0,R,0.0,R,4560.0,R,2029.0,R,44.0,R,16.0
151102,2018,R,1503.0,R,4354.0,R,35.0,R,1461.0,R,1.0,R,0.0,R,1460.0,R,798.0,R,55.0,R,81.0,R,0.0,R,0.0,R,81.0,R,35.0,R,43.0,R,16.0
151111,2018,R,3949.0,R,5765.0,R,68.0,R,3880.0,R,1.0,R,0.0,R,3879.0,R,2776.0,R,72.0,R,157.0,R,0.0,R,0.0,R,157.0,R,73.0,R,46.0,R,15.0
151263,2018,R,1210.0,R,1429.0,R,85.0,R,1130.0,R,0.0,R,0.0,R,1130.0,R,836.0,R,74.0,R,16.0,Z,0.0,Z,0.0,R,16.0,R,8.0,R,50.0,R,13.0
151290,2018,R,431.0,R,498.0,R,87.0,R,428.0,R,0.0,R,0.0,R,428.0,R,271.0,R,63.0,R,0.0,R,0.0,R,0.0,R,0.0,R,0.0,A,,R,16.0
151306,2018,R,1627.0,R,3706.0,R,44.0,R,1675.0,R,1.0,R,0.0,R,1674.0,R,1204.0,R,72.0,R,18.0,R,0.0,R,0.0,R,18.0,R,5.0,R,28.0,R,16.0
151324,2018,R,2387.0,R,3639.0,R,66.0,R,2681.0,R,0.0,R,0.0,R,2681.0,R,1662.0,R,62.0,R,7.0,R,0.0,R,0.0,R,7.0,R,3.0,R,43.0,R,20.0
151333,2018,R,627.0,R,1031.0,R,61.0,R,573.0,R,0.0,R,0.0,R,573.0,R,345.0,R,60.0,R,15.0,R,0.0,R,0.0,R,15.0,R,6.0,R,40.0,R,15.0
151342,2018,R,869.0,R,1329.0,R,65.0,R,870.0,R,0.0,R,0.0,R,870.0,R,551.0,R,63.0,R,64.0,R,0.0,R,0.0,R,64.0,R,19.0,R,30.0,R,13.0
151351,2018,R,8058.0,R,8977.0,R,90.0,R,7975.0,R,2.0,Z,0.0,R,7973.0,R,7246.0,R,91.0,R,26.0,R,0.0,R,0.0,R,26.0,R,16.0,R,62.0,R,16.0
151360,2018,R,611.0,R,1023.0,R,60.0,R,543.0,R,0.0,R,0.0,R,543.0,R,358.0,R,66.0,R,44.0,R,0.0,R,0.0,R,44.0,R,20.0,R,45.0,R,14.0
151379,2018,R,940.0,R,1388.0,R,68.0,R,863.0,R,0.0,R,0.0,R,863.0,R,510.0,R,59.0,R,60.0,R,0.0,R,0.0,R,60.0,R,26.0,R,43.0,R,14.0
151388,2018,R,432.0,R,1071.0,R,40.0,R,377.0,R,0.0,R,0.0,R,377.0,R,246.0,R,65.0,R,19.0,R,0.0,R,0.0,R,19.0,R,9.0,R,47.0,R,15.0
151458,2018,R,62.0,R,62.0,R,100.0,R,75.0,R,0.0,R,0.0,R,75.0,R,52.0,R,69.0,A,,A,,A,,A,,A,,A,,R,21.0
151467,2018,R,103.0,R,126.0,R,82.0,R,135.0,R,0.0,R,0.0,R,135.0,R,124.0,R,92.0,A,,A,,A,,A,,A,,A,,R,17.0
151564,2018,A,,A,,A,,R,9.0,R,0.0,R,0.0,R,9.0,R,7.0,R,78.0,R,21.0,R,0.0,R,0.0,R,21.0,R,12.0,R,57.0,R,10.0
151607,2018,A,,A,,A,,R,14.0,Z,0.0,Z,0.0,R,14.0,R,11.0,R,79.0,R,4.0,Z,0.0,Z,0.0,R,4.0,R,2.0,R,50.0,R,10.0
151652,2018,A,,A,,A,,R,79.0,R,0.0,Z,0.0,R,79.0,R,49.0,R,62.0,R,32.0,R,0.0,Z,0.0,R,32.0,R,15.0,R,47.0,R,18.0
151661,2018,A,,A,,A,,R,207.0,R,0.0,R,0.0,R,207.0,R,147.0,R,71.0,A,,A,,A,,A,,A,,A,,R,26.0
151777,2018,R,408.0,R,426.0,R,96.0,R,397.0,R,0.0,R,0.0,R,397.0,R,239.0,R,60.0,R,0.0,R,0.0,R,0.0,R,0.0,R,0.0,A,,R,15.0
151786,2018,R,424.0,R,877.0,R,48.0,R,337.0,R,0.0,R,0.0,R,337.0,R,261.0,R,77.0,R,0.0,R,0.0,R,0.0,R,0.0,R,0.0,A,,R,13.0
151801,2018,R,718.0,R,976.0,R,74.0,R,784.0,R,0.0,R,0.0,R,784.0,R,620.0,R,79.0,R,3.0,R,0.0,R,0.0,R,3.0,R,2.0,R,67.0,R,13.0
151810,2018,R,8.0,R,45.0,R,18.0,R,15.0,R,0.0,R,0.0,R,15.0,R,8.0,R,53.0,R,7.0,R,0.0,R,0.0,R,7.0,R,4.0,R,57.0,R,17.0
151962,2018,R,58.0,R,68.0,R,85.0,R,21.0,R,0.0,R,0.0,R,21.0,R,19.0,R,90.0,A,,A,,A,,A,,A,,A,,R,10.0
152044,2018,A,,A,,A,,R,3.0,R,0.0,R,0.0,R,3.0,R,2.0,R,67.0,R,20.0,R,0.0,R,0.0,R,20.0,R,18.0,R,90.0,R,20.0
152080,2018,R,2070.0,R,2243.0,R,92.0,R,2051.0,R,1.0,R,0.0,R,2050.0,R,2011.0,R,98.0,A,,A,,A,,A,,A,,A,,R,10.0
152099,2018,R,116.0,R,599.0,R,19.0,R,97.0,R,0.0,R,0.0,R,97.0,R,63.0,R,65.0,R,1.0,R,0.0,R,0.0,R,1.0,R,1.0,R,100.0,R,12.0
152150,2018,A,,A,,A,,R,8.0,R,0.0,R,0.0,R,8.0,R,5.0,R,63.0,R,0.0,R,0.0,R,0.0,R,0.0,R,0.0,A,,R,13.0
152275,2018,A,,A,,A,,R,20.0,R,0.0,R,0.0,R,20.0,R,12.0,R,60.0,R,2.0,R,0.0,R,0.0,R,2.0,R,1.0,R,50.0,R,21.0
152309,2018,A,,A,,A,,R,14.0,Z,0.0,Z,0.0,R,14.0,R,12.0,R,86.0,R,2.0,Z,0.0,Z,0.0,R,2.0,R,1.0,R,50.0,R,9.0
152318,2018,R,499.0,R,521.0,R,96.0,R,557.0,R,1.0,R,0.0,R,556.0,R,510.0,R,92.0,A,,A,,A,,A,,A,,A,,R,11.0
152336,2018,R,342.0,R,534.0,R,64.0,R,422.0,R,0.0,R,0.0,R,422.0,R,314.0,R,74.0,R,3.0,R,0.0,R,0.0,R,3.0,R,2.0,R,67.0,R,10.0
152381,2018,R,163.0,R,304.0,R,54.0,R,132.0,R,0.0,R,0.0,R,132.0,R,95.0,R,72.0,R,3.0,R,0.0,R,0.0,R,3.0,R,1.0,R,33.0,R,7.0
152390,2018,R,403.0,R,458.0,R,88.0,R,362.0,R,0.0,R,0.0,R,362.0,R,307.0,R,85.0,A,,A,,A,,A,,A,,A,,R,9.0
152497,2018,A,,A,,A,,R,6.0,R,0.0,R,0.0,R,6.0,R,3.0,R,50.0,R,0.0,R,0.0,R,0.0,R,0.0,R,0.0,A,,R,6.0
152530,2018,R,531.0,R,601.0,R,88.0,R,448.0,R,0.0,R,0.0,R,448.0,R,384.0,R,86.0,R,0.0,Z,0.0,Z,0.0,R,0.0,Z,0.0,A,,R,12.0
152567,2018,R,641.0,R,2210.0,R,29.0,R,602.0,R,0.0,R,0.0,R,602.0,R,479.0,R,80.0,Z,0.0,R,0.0,Z,0.0,R,0.0,Z,0.0,A,,R,15.0
152600,2018,R,756.0,R,967.0,R,78.0,R,807.0,R,0.0,R,0.0,R,807.0,R,643.0,R,80.0,R,0.0,R,0.0,R,0.0,R,0.0,R,0.0,A,,R,11.0
152628,2018,A,,A,,A,,R,13.0,R,0.0,R,0.0,R,13.0,R,8.0,R,62.0,R,3.0,R,0.0,R,0.0,R,3.0,R,2.0,R,67.0,R,8.0
152637,2018,R,1523.0,R,9655.0,R,16.0,R,34.0,R,0.0,Z,0.0,R,34.0,R,19.0,R,56.0,R,0.0,R,0.0,R,0.0,R,0.0,R,0.0,A,,R,22.0
152673,2018,R,274.0,R,283.0,R,97.0,R,232.0,R,1.0,R,0.0,R,231.0,R,198.0,R,86.0,A,,A,,A,,A,,A,,A,,R,10.0
152798,2018,A,,A,,A,,R,0.0,R,0.0,R,0.0,R,0.0,R,0.0,A,,R,0.0,R,0.0,R,0.0,R,0.0,R,0.0,A,,R,9.0
152992,2018,R,181.0,R,348.0,R,52.0,R,158.0,R,0.0,R,0.0,R,158.0,R,108.0,R,68.0,A,,A,,A,,A,,A,,A,,R,11.0
153001,2018,R,201.0,R,424.0,R,47.0,R,203.0,R,0.0,R,0.0,R,203.0,R,121.0,R,60.0,R,0.0,R,0.0,R,0.0,R,0.0,R,0.0,A,,R,8.0
153074,2018,A,,A,,A,,R,19.0,R,0.0,R,0.0,R,19.0,R,16.0,R,84.0,A,,A,,A,,A,,A,,A,,R,8.0
153083,2018,A,,A,,A,,R,9.0,R,0.0,R,0.0,R,9.0,R,8.0,R,89.0,A,,A,,A,,A,,A,,A,,R,13.0
153108,2018,R,278.0,R,330.0,R,84.0,R,322.0,R,0.0,R,0.0,R,322.0,R,253.0,R,79.0,A,,A,,A,,A,,A,,A,,R,11.0
153126,2018,R,196.0,R,269.0,R,73.0,R,162.0,R,0.0,R,0.0,R,162.0,R,115.0,R,71.0,R,0.0,R,0.0,R,0.0,R,0.0,R,0.0,A,,R,8.0
153144,2018,R,393.0,R,471.0,R,83.0,R,400.0,R,0.0,R,0.0,R,400.0,R,298.0,R,75.0,A,,A,,A,,A,,A,,A,,R,11.0
153162,2018,R,296.0,R,333.0,R,89.0,R,300.0,R,0.0,R,0.0,R,300.0,R,245.0,R,82.0,A,,A,,A,,A,,A,,A,,R,12.0
153171,2018,A,,A,,A,,R,1.0,R,0.0,R,0.0,R,1.0,R,1.0,R,100.0,A,,A,,A,,A,,A,,A,,R,2.0
153214,2018,R,1746.0,R,8909.0,R,20.0,R,1888.0,R,0.0,R,0.0,R,1888.0,R,1132.0,R,60.0,R,1757.0,R,0.0,R,0.0,R,1757.0,R,636.0,R,36.0,R,19.0
153241,2018,R,1.0,R,10.0,R,10.0,R,1.0,R,0.0,R,0.0,R,1.0,R,1.0,R,100.0,R,0.0,R,0.0,R,0.0,R,0.0,R,0.0,A,,R,4.0
153250,2018,R,365.0,R,460.0,R,79.0,R,397.0,R,0.0,Z,0.0,R,397.0,R,302.0,R,76.0,A,,A,,A,,A,,A,,A,,R,14.0
153269,2018,R,749.0,R,856.0,R,88.0,R,758.0,R,0.0,R,0.0,R,758.0,R,677.0,R,89.0,R,0.0,R,0.0,R,0.0,R,0.0,R,0.0,A,,R,10.0
153278,2018,R,516.0,R,642.0,R,80.0,R,515.0,R,3.0,R,0.0,R,512.0,R,339.0,R,66.0,R,5.0,R,0.0,R,0.0,R,5.0,R,4.0,R,80.0,R,13.0
153296,2018,R,248.0,R,421.0,R,59.0,R,299.0,R,0.0,R,0.0,R,299.0,R,163.0,R,55.0,R,9.0,R,0.0,R,0.0,R,9.0,R,1.0,R,11.0,R,19.0
153302,2018,R,47.0,R,67.0,R,70.0,R,60.0,R,0.0,R,0.0,R,60.0,R,40.0,R,67.0,R,0.0,R,0.0,R,0.0,R,0.0,R,0.0,A,,R,8.0
153311,2018,R,409.0,R,2614.0,R,16.0,R,476.0,R,0.0,R,0.0,R,476.0,R,299.0,R,63.0,R,268.0,R,0.0,R,0.0,R,268.0,R,130.0,R,49.0,R,19.0
153320,2018,R,77.0,R,120.0,R,64.0,R,50.0,R,0.0,R,0.0,R,50.0,R,34.0,R,68.0,R,0.0,R,0.0,R,0.0,R,0.0,R,0.0,A,,R,14.0
153339,2018,A,,A,,A,,R,14.0,R,0.0,R,0.0,R,14.0,R,9.0,R,64.0,A,,A,,A,,A,,A,,A,,R,7.0
153366,2018,R,267.0,R,394.0,R,68.0,R,254.0,R,3.0,R,0.0,R,251.0,R,153.0,R,61.0,R,1.0,R,0.0,R,0.0,R,1.0,R,1.0,R,100.0,R,14.0
153375,2018,R,328.0,R,619.0,R,53.0,R,330.0,R,2.0,R,0.0,R,328.0,R,232.0,R,71.0,R,1.0,R,0.0,R,0.0,R,1.0,R,0.0,R,0.0,R,12.0
153384,2018,R,463.0,R,479.0,R,97.0,R,447.0,R,0.0,R,0.0,R,447.0,R,413.0,R,92.0,A,,A,,A,,A,,A,,A,,R,9.0
153409,2018,A,,A,,A,,R,0.0,Z,0.0,Z,0.0,R,0.0,Z,0.0,A,,R,2.0,R,0.0,Z,0.0,R,2.0,R,0.0,R,0.0,R,20.0
153418,2018,A,,A,,A,,R,0.0,Z,0.0,Z,0.0,R,0.0,Z,0.0,A,,R,3.0,R,0.0,Z,0.0,R,3.0,R,0.0,R,0.0,R,20.0
153427,2018,R,31.0,R,31.0,R,100.0,R,0.0,R,0.0,R,0.0,R,0.0,R,0.0,A,,A,,A,,A,,A,,A,,A,,R,10.0
153445,2018,R,786.0,R,1333.0,R,59.0,R,872.0,R,0.0,R,0.0,R,872.0,R,590.0,R,68.0,R,169.0,R,0.0,R,0.0,R,169.0,R,71.0,R,42.0,R,18.0
153463,2018,A,,A,,A,,R,9.0,R,0.0,R,0.0,R,9.0,R,5.0,R,56.0,A,,A,,A,,A,,A,,A,,R,8.0
153472,2018,A,,A,,A,,R,635.0,R,0.0,R,0.0,R,635.0,R,363.0,R,57.0,R,35.0,R,0.0,R,0.0,R,35.0,R,11.0,R,31.0,R,14.0
153524,2018,R,1096.0,R,1586.0,R,69.0,R,1186.0,R,2.0,R,0.0,R,1184.0,R,565.0,R,48.0,R,304.0,R,0.0,R,0.0,R,304.0,R,115.0,R,38.0,R,17.0
153533,2018,R,366.0,R,1229.0,R,30.0,R,338.0,R,0.0,R,0.0,R,338.0,R,219.0,R,65.0,R,6.0,R,0.0,R,0.0,R,6.0,R,1.0,R,17.0,R,15.0
153542,2018,A,,A,,A,,A,,A,,A,,A,,A,,A,,A,,A,,A,,A,,A,,A,,R,8.0
153588,2018,A,,A,,A,,R,1.0,R,0.0,R,0.0,R,1.0,R,1.0,R,100.0,A,,A,,A,,A,,A,,A,,R,8.0
153597,2018,A,,A,,A,,R,16.0,R,0.0,R,0.0,R,16.0,R,7.0,R,44.0,A,,A,,A,,A,,A,,A,,R,5.0
153603,2018,R,5917.0,R,7875.0,R,75.0,R,5761.0,R,0.0,R,0.0,R,5761.0,R,5040.0,R,87.0,R,162.0,R,0.0,R,0.0,R,162.0,R,108.0,R,67.0,R,19.0
153621,2018,R,170.0,R,212.0,R,80.0,R,208.0,R,0.0,R,0.0,R,208.0,R,140.0,R,67.0,R,1.0,R,0.0,R,0.0,R,1.0,R,0.0,R,0.0,R,10.0
153630,2018,R,871.0,R,1821.0,R,48.0,R,901.0,R,0.0,R,0.0,R,901.0,R,468.0,R,52.0,R,215.0,R,0.0,R,0.0,R,215.0,R,65.0,R,30.0,R,18.0
153658,2018,R,4726.0,R,6242.0,R,76.0,R,4707.0,R,0.0,R,0.0,R,4707.0,R,4067.0,R,86.0,R,309.0,R,0.0,R,0.0,R,309.0,R,264.0,R,85.0,R,16.0
153737,2018,R,1988.0,R,7541.0,R,26.0,R,2011.0,R,1.0,R,0.0,R,2010.0,R,1241.0,R,62.0,R,441.0,R,0.0,R,0.0,R,441.0,R,173.0,R,39.0,R,19.0
153746,2018,A,,A,,A,,R,13.0,R,0.0,R,0.0,R,13.0,R,8.0,R,62.0,A,,A,,A,,A,,A,,A,,R,4.0
153764,2018,A,,A,,A,,R,45.0,R,0.0,R,0.0,R,45.0,R,23.0,R,51.0,A,,A,,A,,A,,A,,A,,R,12.0
153773,2018,A,,A,,A,,R,31.0,Z,0.0,Z,0.0,R,31.0,R,25.0,R,81.0,A,,A,,A,,A,,A,,A,,R,7.0
153782,2018,A,,A,,A,,R,26.0,R,0.0,R,0.0,R,26.0,R,20.0,R,77.0,A,,A,,A,,A,,A,,A,,R,8.0
153825,2018,R,360.0,R,447.0,R,81.0,R,336.0,R,0.0,R,0.0,R,336.0,R,272.0,R,81.0,R,1.0,R,0.0,R,0.0,R,1.0,R,1.0,R,100.0,R,13.0
153834,2018,R,554.0,R,572.0,R,97.0,R,516.0,R,0.0,R,0.0,R,516.0,R,435.0,R,84.0,R,1.0,R,0.0,R,0.0,R,1.0,R,1.0,R,100.0,R,11.0
153861,2018,R,18.0,R,49.0,R,37.0,R,17.0,R,0.0,R,0.0,R,17.0,R,9.0,R,53.0,A,,A,,A,,A,,A,,A,,R,10.0
153922,2018,R,269.0,R,894.0,R,30.0,R,311.0,R,0.0,R,0.0,R,311.0,R,221.0,R,71.0,R,55.0,R,0.0,R,0.0,R,55.0,R,17.0,R,31.0,R,19.0
153977,2018,R,32.0,R,276.0,R,12.0,R,19.0,R,0.0,R,0.0,R,19.0,R,14.0,R,74.0,R,3.0,R,0.0,R,0.0,R,3.0,R,1.0,R,33.0,R,8.0
154004,2018,R,345.0,R,426.0,R,81.0,R,354.0,R,0.0,R,0.0,R,354.0,R,252.0,R,71.0,R,0.0,R,0.0,R,0.0,R,0.0,R,0.0,A,,R,13.0
154013,2018,R,239.0,R,481.0,R,50.0,R,238.0,R,0.0,R,0.0,R,238.0,R,159.0,R,67.0,R,1.0,R,0.0,R,0.0,R,1.0,R,0.0,R,0.0,R,15.0
154022,2018,A,,A,,A,,R,500.0,R,0.0,R,0.0,R,500.0,R,116.0,R,23.0,A,,A,,A,,A,,A,,A,,R,14.0
154059,2018,R,616.0,R,1458.0,R,42.0,R,575.0,R,0.0,R,0.0,R,575.0,R,361.0,R,63.0,R,24.0,R,0.0,R,0.0,R,24.0,R,8.0,R,33.0,R,22.0
154095,2018,R,1653.0,R,2530.0,R,65.0,R,1813.0,R,5.0,R,0.0,R,1808.0,R,1515.0,R,84.0,R,7.0,R,0.0,R,0.0,R,7.0,R,5.0,R,71.0,R,18.0
154101,2018,R,271.0,R,335.0,R,81.0,R,281.0,R,0.0,R,0.0,R,281.0,R,210.0,R,75.0,A,,A,,A,,A,,A,,A,,R,10.0
154110,2018,R,371.0,R,1929.0,R,19.0,R,419.0,Z,0.0,Z,0.0,R,419.0,R,256.0,R,61.0,R,164.0,Z,0.0,Z,0.0,R,164.0,R,70.0,R,43.0,R,13.0
154129,2018,R,239.0,R,972.0,R,25.0,R,209.0,R,0.0,Z,0.0,R,209.0,R,145.0,R,69.0,R,28.0,R,0.0,Z,0.0,R,28.0,R,11.0,R,39.0,R,12.0
154165,2018,A,,A,,A,,R,25.0,R,0.0,R,0.0,R,25.0,R,11.0,R,44.0,A,,A,,A,,A,,A,,A,,R,5.0
154174,2018,A,,A,,A,,R,0.0,R,0.0,R,0.0,R,0.0,R,0.0,A,,R,0.0,R,0.0,R,0.0,R,0.0,R,0.0,A,,R,5.0
154208,2018,A,,A,,A,,R,22.0,R,0.0,R,0.0,R,22.0,R,18.0,R,82.0,R,0.0,Z,0.0,Z,0.0,R,0.0,R,0.0,A,,R,15.0
154235,2018,R,505.0,R,715.0,R,71.0,R,546.0,R,0.0,R,0.0,R,546.0,R,437.0,R,80.0,R,4.0,R,0.0,R,0.0,R,4.0,R,1.0,R,25.0,R,11.0
154262,2018,R,8.0,R,60.0,R,13.0,R,0.0,R,0.0,R,0.0,R,0.0,R,0.0,A,,R,0.0,R,0.0,R,0.0,R,0.0,R,0.0,A,,R,6.0
154332,2018,A,,A,,A,,R,40.0,R,0.0,R,0.0,R,40.0,R,21.0,R,53.0,A,,A,,A,,A,,A,,A,,R,12.0
154341,2018,A,,A,,A,,R,27.0,R,0.0,R,0.0,R,27.0,R,17.0,R,63.0,A,,A,,A,,A,,A,,A,,R,8.0
154350,2018,R,360.0,R,459.0,R,78.0,R,296.0,R,0.0,R,0.0,R,296.0,R,227.0,R,77.0,R,1.0,R,0.0,R,0.0,R,1.0,R,0.0,R,0.0,R,11.0
154378,2018,R,434.0,R,1021.0,R,43.0,R,425.0,R,0.0,R,0.0,R,425.0,R,247.0,R,58.0,R,82.0,R,0.0,R,0.0,R,82.0,R,30.0,R,37.0,R,16.0
154396,2018,R,259.0,R,399.0,R,65.0,R,283.0,R,0.0,R,0.0,R,283.0,R,171.0,R,60.0,R,35.0,R,0.0,R,0.0,R,35.0,R,9.0,R,26.0,R,15.0
154448,2018,A,,A,,A,,R,11.0,R,0.0,R,0.0,R,11.0,R,10.0,R,91.0,A,,A,,A,,A,,A,,A,,R,11.0
154457,2018,A,,A,,A,,R,22.0,R,0.0,R,0.0,R,22.0,R,15.0,R,68.0,A,,A,,A,,A,,A,,A,,R,6.0
154466,2018,A,,A,,A,,R,10.0,R,0.0,R,0.0,R,10.0,R,5.0,R,50.0,A,,A,,A,,A,,A,,A,,R,12.0
154493,2018,R,180.0,R,594.0,R,30.0,R,211.0,R,0.0,R,6.0,R,217.0,R,154.0,R,71.0,R,3.0,R,0.0,R,0.0,R,3.0,R,0.0,R,0.0,R,13.0
154518,2018,R,246.0,R,633.0,R,39.0,R,147.0,R,0.0,R,0.0,R,147.0,R,87.0,R,59.0,R,12.0,R,0.0,R,0.0,R,12.0,R,2.0,R,17.0,R,23.0
154527,2018,R,469.0,R,521.0,R,90.0,R,451.0,R,3.0,R,0.0,R,448.0,R,355.0,R,79.0,A,,A,,A,,A,,A,,A,,R,11.0
154545,2018,A,,A,,A,,R,15.0,R,0.0,R,0.0,R,15.0,R,15.0,R,100.0,A,,A,,A,,A,,A,,A,,R,17.0
154572,2018,R,576.0,R,2618.0,R,22.0,R,386.0,R,0.0,R,0.0,R,386.0,R,236.0,R,61.0,R,173.0,R,0.0,R,0.0,R,173.0,R,64.0,R,37.0,R,16.0
154590,2018,R,281.0,R,528.0,R,53.0,R,264.0,R,0.0,R,0.0,R,264.0,R,139.0,R,53.0,R,0.0,Z,0.0,Z,0.0,R,0.0,Z,0.0,A,,R,16.0
154642,2018,R,331.0,R,1217.0,R,27.0,R,324.0,R,0.0,R,0.0,R,324.0,R,189.0,R,58.0,R,66.0,R,4.0,R,0.0,R,62.0,R,16.0,R,26.0,R,22.0
154688,2018,R,244.0,R,674.0,R,36.0,R,256.0,R,0.0,R,0.0,R,256.0,R,208.0,R,81.0,R,2.0,R,0.0,R,0.0,R,2.0,R,1.0,R,50.0,R,9.0
154697,2018,R,397.0,R,1897.0,R,21.0,R,382.0,R,1.0,R,0.0,R,381.0,R,224.0,R,59.0,R,278.0,R,0.0,R,0.0,R,278.0,R,82.0,R,29.0,R,17.0
154712,2018,R,570.0,R,631.0,R,90.0,R,438.0,R,2.0,R,0.0,R,436.0,R,345.0,R,79.0,R,0.0,Z,0.0,Z,0.0,R,0.0,Z,0.0,A,,R,13.0
154721,2018,R,291.0,R,472.0,R,62.0,R,279.0,R,0.0,R,0.0,R,279.0,R,186.0,R,67.0,R,0.0,R,0.0,R,0.0,R,0.0,R,0.0,A,,R,16.0
154749,2018,R,107.0,R,156.0,R,69.0,R,122.0,R,0.0,R,0.0,R,122.0,R,68.0,R,56.0,R,0.0,R,0.0,R,0.0,R,0.0,R,0.0,A,,R,9.0
154800,2018,R,1261.0,R,2630.0,R,48.0,R,1331.0,R,0.0,R,0.0,R,1331.0,R,801.0,R,60.0,R,538.0,R,0.0,R,0.0,R,538.0,R,192.0,R,36.0,R,19.0
154855,2018,A,,A,,A,,R,160.0,R,0.0,R,0.0,R,160.0,R,65.0,R,41.0,R,4.0,R,0.0,R,0.0,R,4.0,R,3.0,R,75.0,R,17.0
154907,2018,R,311.0,R,884.0,R,35.0,R,314.0,R,0.0,R,0.0,R,314.0,R,195.0,R,62.0,R,34.0,R,0.0,R,0.0,R,34.0,R,19.0,R,56.0,R,11.0
154925,2018,R,515.0,R,696.0,R,74.0,R,487.0,Z,0.0,Z,0.0,R,487.0,R,306.0,R,63.0,R,12.0,R,0.0,Z,0.0,R,12.0,R,9.0,R,75.0,R,26.0
154934,2018,R,210.0,R,600.0,R,35.0,R,180.0,R,0.0,Z,0.0,R,180.0,R,123.0,R,68.0,R,25.0,Z,0.0,Z,0.0,R,25.0,R,6.0,R,24.0,R,18.0
154952,2018,R,558.0,R,1281.0,R,44.0,R,591.0,R,0.0,R,0.0,R,591.0,R,367.0,R,62.0,R,93.0,R,0.0,R,0.0,R,93.0,R,30.0,R,32.0,R,18.0
154998,2018,R,349.0,R,768.0,R,45.0,R,436.0,R,0.0,R,0.0,R,436.0,R,238.0,R,55.0,R,58.0,R,0.0,R,0.0,R,58.0,R,12.0,R,21.0,R,15.0
155007,2018,R,48.0,R,134.0,R,36.0,R,50.0,R,0.0,R,0.0,R,50.0,R,32.0,R,64.0,R,5.0,R,0.0,R,0.0,R,5.0,R,1.0,R,20.0,R,11.0
155025,2018,R,656.0,R,1069.0,R,61.0,R,604.0,R,0.0,R,0.0,R,604.0,R,452.0,R,75.0,R,2.0,R,0.0,R,0.0,R,2.0,R,1.0,R,50.0,R,17.0
155052,2018,R,90.0,R,965.0,R,9.0,R,78.0,R,0.0,R,0.0,R,78.0,R,56.0,R,72.0,R,33.0,R,0.0,R,0.0,R,33.0,R,22.0,R,67.0,R,14.0
155061,2018,R,956.0,R,3800.0,R,25.0,R,933.0,R,1.0,Z,0.0,R,932.0,R,678.0,R,73.0,R,59.0,R,0.0,Z,0.0,R,59.0,R,30.0,R,51.0,R,18.0
155070,2018,R,31.0,R,67.0,R,46.0,R,29.0,R,0.0,R,0.0,R,29.0,R,18.0,R,62.0,R,0.0,R,0.0,R,0.0,R,0.0,R,0.0,A,,R,10.0
155089,2018,R,173.0,R,649.0,R,27.0,R,174.0,R,0.0,R,0.0,R,174.0,R,130.0,R,75.0,R,2.0,R,0.0,R,0.0,R,2.0,R,1.0,R,50.0,R,11.0
155098,2018,R,301.0,R,827.0,R,36.0,R,293.0,R,0.0,R,0.0,R,293.0,R,171.0,R,58.0,R,49.0,R,0.0,R,0.0,R,49.0,R,12.0,R,24.0,R,22.0
155104,2018,R,437.0,R,648.0,R,67.0,R,509.0,R,1.0,R,0.0,R,508.0,R,295.0,R,58.0,R,103.0,R,0.0,R,0.0,R,103.0,R,29.0,R,28.0,R,16.0
155140,2018,R,156.0,R,218.0,R,72.0,R,0.0,R,0.0,R,0.0,R,0.0,R,0.0,A,,R,0.0,R,0.0,R,0.0,R,0.0,R,0.0,A,,R,21.0
155159,2018,A,,A,,A,,R,38.0,Z,0.0,Z,0.0,R,38.0,R,33.0,R,87.0,A,,A,,A,,A,,A,,A,,R,10.0
155177,2018,R,132.0,R,181.0,R,73.0,R,12.0,R,0.0,R,0.0,R,12.0,R,8.0,R,67.0,R,0.0,R,0.0,R,0.0,R,0.0,R,0.0,A,,R,10.0
155186,2018,R,436.0,R,1056.0,R,41.0,R,477.0,R,0.0,R,0.0,R,477.0,R,185.0,R,39.0,R,202.0,R,0.0,R,0.0,R,202.0,R,46.0,R,23.0,R,21.0
155195,2018,R,816.0,R,2514.0,R,32.0,R,869.0,R,0.0,R,0.0,R,869.0,R,525.0,R,60.0,R,161.0,R,0.0,R,0.0,R,161.0,R,51.0,R,32.0,R,18.0
155201,2018,R,222.0,R,524.0,R,42.0,R,232.0,R,0.0,R,0.0,R,232.0,R,101.0,R,44.0,R,16.0,R,0.0,R,0.0,R,16.0,R,4.0,R,25.0,R,15.0
155210,2018,R,1479.0,R,4156.0,R,36.0,R,1525.0,R,1.0,Z,0.0,R,1524.0,R,983.0,R,65.0,R,875.0,Z,0.0,Z,0.0,R,875.0,R,399.0,R,46.0,R,20.0
155283,2018,A,,A,,A,,R,0.0,Z,0.0,Z,0.0,R,0.0,R,0.0,A,,A,,A,,A,,A,,A,,A,,R,34.0
155292,2018,R,571.0,R,1989.0,R,29.0,R,594.0,R,0.0,R,0.0,R,594.0,R,370.0,R,62.0,R,395.0,R,0.0,R,0.0,R,395.0,R,138.0,R,35.0,R,13.0
155308,2018,R,51.0,R,72.0,R,71.0,R,35.0,R,0.0,R,0.0,R,35.0,R,14.0,R,40.0,R,4.0,R,0.0,R,0.0,R,4.0,R,2.0,R,50.0,R,11.0
155317,2018,R,4097.0,R,5719.0,R,72.0,R,4079.0,R,1.0,R,0.0,R,4078.0,R,3423.0,R,84.0,R,74.0,R,0.0,R,0.0,R,74.0,R,43.0,R,58.0,R,17.0
155335,2018,R,180.0,R,1355.0,R,13.0,R,201.0,R,0.0,R,0.0,R,201.0,R,156.0,R,78.0,R,0.0,R,0.0,R,0.0,R,0.0,Z,0.0,A,,R,11.0
155353,2018,A,,A,,A,,R,15.0,R,0.0,R,0.0,R,15.0,R,10.0,R,67.0,A,,A,,A,,A,,A,,A,,R,10.0
155399,2018,R,3413.0,R,4807.0,R,71.0,R,3308.0,R,0.0,R,0.0,R,3308.0,R,2828.0,R,85.0,R,42.0,R,0.0,R,0.0,R,42.0,R,23.0,R,55.0,R,18.0
155414,2018,R,146.0,R,230.0,R,63.0,R,182.0,R,0.0,R,0.0,R,182.0,R,106.0,R,58.0,R,1.0,R,0.0,R,0.0,R,1.0,R,1.0,R,100.0,R,10.0
155423,2018,A,,A,,A,,R,200.0,R,0.0,R,0.0,R,200.0,R,131.0,R,66.0,R,91.0,R,0.0,R,0.0,R,91.0,R,50.0,R,55.0,R,17.0
155450,2018,R,218.0,R,452.0,R,48.0,R,242.0,R,0.0,R,0.0,R,242.0,R,127.0,R,52.0,R,48.0,R,0.0,R,0.0,R,48.0,R,20.0,R,42.0,R,15.0
155487,2018,R,65.0,R,194.0,R,34.0,R,45.0,R,0.0,R,0.0,R,45.0,R,24.0,R,53.0,R,37.0,R,0.0,R,0.0,R,37.0,R,21.0,R,57.0,R,14.0
155496,2018,R,70.0,R,91.0,R,77.0,R,82.0,R,0.0,R,0.0,R,82.0,R,42.0,R,51.0,A,,A,,A,,A,,A,,A,,R,12.0
155511,2018,R,175.0,R,289.0,R,61.0,R,202.0,R,1.0,R,0.0,R,201.0,R,140.0,R,70.0,R,0.0,R,0.0,R,0.0,R,0.0,R,0.0,A,,R,13.0
155520,2018,R,164.0,R,546.0,R,30.0,R,221.0,R,0.0,R,0.0,R,221.0,R,148.0,R,67.0,R,0.0,Z,0.0,Z,0.0,R,0.0,Z,0.0,A,,R,9.0
155566,2018,R,289.0,R,606.0,R,48.0,R,281.0,R,0.0,R,0.0,R,281.0,R,140.0,R,50.0,R,42.0,R,0.0,R,0.0,R,42.0,R,19.0,R,45.0,R,12.0
155593,2018,R,162.0,R,260.0,R,62.0,R,199.0,R,0.0,R,0.0,R,199.0,R,178.0,R,89.0,R,8.0,R,0.0,R,0.0,R,8.0,R,6.0,R,75.0,R,10.0
155618,2018,A,,A,,A,,R,218.0,R,0.0,R,0.0,R,218.0,R,139.0,R,64.0,R,0.0,R,0.0,R,0.0,R,0.0,R,0.0,A,,R,12.0
155627,2018,R,238.0,R,323.0,R,74.0,R,202.0,R,0.0,R,0.0,R,202.0,R,102.0,R,50.0,R,0.0,R,0.0,R,0.0,R,0.0,R,0.0,A,,R,12.0
155636,2018,A,,A,,A,,A,,A,,A,,A,,A,,A,,A,,A,,A,,A,,A,,A,,R,7.0
155681,2018,R,957.0,R,1499.0,R,64.0,R,963.0,R,1.0,R,0.0,R,962.0,R,723.0,R,75.0,R,9.0,R,0.0,R,0.0,R,9.0,R,3.0,R,33.0,R,17.0
155715,2018,R,254.0,R,502.0,R,51.0,R,287.0,R,1.0,R,0.0,R,286.0,R,154.0,R,54.0,R,11.0,R,0.0,R,0.0,R,11.0,R,3.0,R,27.0,R,23.0
155812,2018,R,134.0,R,278.0,R,48.0,R,143.0,R,0.0,R,0.0,R,143.0,R,88.0,R,62.0,R,1.0,R,0.0,R,0.0,R,1.0,R,0.0,R,0.0,R,11.0
155830,2018,R,77.0,R,615.0,R,13.0,R,76.0,R,0.0,R,0.0,R,76.0,R,53.0,R,70.0,R,36.0,R,0.0,R,0.0,R,36.0,R,33.0,R,92.0,R,12.0
155858,2018,R,292.0,R,872.0,R,33.0,R,301.0,R,0.0,R,0.0,R,301.0,R,184.0,R,61.0,R,54.0,R,0.0,R,0.0,R,54.0,R,21.0,R,39.0,R,15.0
155900,2018,R,186.0,R,438.0,R,42.0,R,188.0,R,0.0,R,0.0,R,188.0,R,101.0,R,54.0,R,1.0,R,0.0,R,0.0,R,1.0,R,0.0,R,0.0,R,10.0
155937,2018,R,154.0,R,263.0,R,59.0,R,218.0,R,0.0,R,0.0,R,218.0,R,109.0,R,50.0,R,0.0,R,0.0,Z,0.0,R,0.0,Z,0.0,A,,R,10.0
155973,2018,R,163.0,R,277.0,R,59.0,R,136.0,R,0.0,R,0.0,R,136.0,R,91.0,R,67.0,A,,A,,A,,A,,A,,A,,R,10.0
156082,2018,R,727.0,R,1953.0,R,37.0,R,819.0,R,0.0,R,0.0,R,819.0,R,575.0,R,70.0,R,82.0,R,0.0,R,0.0,R,82.0,R,29.0,R,35.0,R,12.0
156107,2018,R,424.0,R,2328.0,R,18.0,R,443.0,R,1.0,Z,0.0,R,442.0,R,259.0,R,59.0,R,306.0,R,2.0,Z,0.0,R,304.0,R,125.0,R,41.0,R,14.0
156125,2018,R,1648.0,R,4513.0,R,37.0,R,1502.0,R,0.0,R,0.0,R,1502.0,R,1097.0,R,73.0,R,39.0,R,0.0,R,0.0,R,39.0,R,14.0,R,36.0,R,19.0
156134,2018,A,,A,,A,,R,163.0,R,0.0,R,0.0,R,163.0,R,81.0,R,50.0,A,,A,,A,,A,,A,,A,,R,22.0
156189,2018,R,209.0,R,234.0,R,89.0,R,209.0,R,0.0,R,0.0,R,209.0,R,101.0,R,48.0,A,,A,,A,,A,,A,,A,,R,17.0
156213,2018,R,273.0,R,533.0,R,51.0,R,318.0,R,0.0,R,0.0,R,318.0,R,258.0,R,81.0,R,2.0,R,0.0,R,0.0,R,2.0,R,0.0,R,0.0,R,12.0
156231,2018,R,379.0,R,631.0,R,60.0,R,318.0,R,0.0,R,0.0,R,318.0,R,187.0,R,59.0,R,84.0,R,0.0,R,0.0,R,84.0,R,39.0,R,46.0,R,17.0
156277,2018,A,,A,,A,,R,37.0,R,0.0,R,0.0,R,37.0,R,28.0,R,76.0,A,,A,,A,,A,,A,,A,,R,12.0
156286,2018,R,653.0,R,757.0,R,86.0,R,680.0,R,0.0,R,0.0,R,680.0,R,535.0,R,79.0,R,1.0,R,0.0,R,0.0,R,1.0,R,1.0,R,100.0,R,11.0
156295,2018,R,438.0,R,517.0,R,85.0,R,432.0,R,0.0,R,0.0,R,432.0,R,359.0,R,83.0,A,,A,,A,,A,,A,,A,,R,10.0
156310,2018,A,,A,,A,,R,51.0,R,0.0,R,0.0,R,51.0,R,45.0,R,88.0,R,8.0,R,0.0,R,0.0,R,8.0,R,5.0,R,63.0,R,7.0
156338,2018,R,492.0,R,1043.0,R,47.0,R,188.0,R,0.0,R,0.0,R,188.0,R,121.0,R,64.0,R,173.0,R,1.0,R,0.0,R,172.0,R,85.0,R,49.0,R,20.0
156356,2018,R,229.0,R,337.0,R,68.0,R,126.0,R,0.0,R,0.0,R,126.0,R,79.0,R,63.0,R,2.0,R,0.0,R,0.0,R,2.0,R,2.0,R,100.0,R,13.0
156365,2018,R,642.0,R,2354.0,R,27.0,R,502.0,R,0.0,R,0.0,R,502.0,R,315.0,R,63.0,R,16.0,R,0.0,R,0.0,R,16.0,R,8.0,R,50.0,R,13.0
156392,2018,R,1494.0,R,2817.0,R,53.0,R,1273.0,R,0.0,R,0.0,R,1273.0,R,723.0,R,57.0,R,497.0,R,1.0,R,0.0,R,496.0,R,193.0,R,39.0,R,19.0
156408,2018,R,358.0,R,373.0,R,96.0,R,401.0,R,0.0,R,0.0,R,401.0,R,362.0,R,90.0,A,,A,,A,,A,,A,,A,,R,11.0
156417,2018,R,14.0,R,47.0,R,30.0,R,3.0,R,0.0,R,0.0,R,3.0,R,2.0,R,67.0,R,0.0,R,0.0,R,0.0,R,0.0,R,0.0,A,,R,10.0
156426,2018,A,,A,,A,,R,24.0,R,0.0,R,0.0,R,24.0,R,18.0,R,75.0,R,5.0,R,0.0,R,0.0,R,5.0,R,5.0,R,100.0,R,20.0
156471,2018,A,,A,,A,,R,0.0,R,0.0,R,0.0,R,0.0,R,0.0,A,,R,0.0,R,0.0,R,0.0,R,0.0,R,0.0,A,,R,18.0
156541,2018,R,467.0,R,758.0,R,62.0,R,428.0,R,0.0,R,0.0,R,428.0,R,267.0,R,62.0,R,5.0,R,0.0,R,0.0,R,5.0,R,2.0,R,40.0,R,15.0
156620,2018,R,2368.0,R,4174.0,R,57.0,R,2134.0,R,0.0,Z,0.0,R,2134.0,R,1558.0,R,73.0,R,34.0,R,0.0,Z,0.0,R,34.0,R,8.0,R,24.0,R,15.0
156648,2018,R,763.0,R,1569.0,R,49.0,R,737.0,R,1.0,R,0.0,R,736.0,R,437.0,R,59.0,R,332.0,R,0.0,R,0.0,R,332.0,R,106.0,R,32.0,R,22.0
156745,2018,R,262.0,R,316.0,R,83.0,R,305.0,R,0.0,R,0.0,R,305.0,R,192.0,R,63.0,A,,A,,A,,A,,A,,A,,R,11.0
156754,2018,A,,A,,A,,R,10.0,R,0.0,R,0.0,R,10.0,R,6.0,R,60.0,A,,A,,A,,A,,A,,A,,R,15.0
156790,2018,R,345.0,R,550.0,R,63.0,R,340.0,R,1.0,R,0.0,R,339.0,R,181.0,R,53.0,R,63.0,R,0.0,R,0.0,R,63.0,R,31.0,R,49.0,R,17.0
156842,2018,A,,A,,A,,R,8.0,R,0.0,R,0.0,R,8.0,R,7.0,R,88.0,R,5.0,R,0.0,R,0.0,R,5.0,R,3.0,R,60.0,R,17.0
156851,2018,R,201.0,R,337.0,R,60.0,R,189.0,R,0.0,R,0.0,R,189.0,R,99.0,R,52.0,R,96.0,R,0.0,R,0.0,R,96.0,R,38.0,R,40.0,R,15.0
156860,2018,R,282.0,R,796.0,R,35.0,R,156.0,R,0.0,R,0.0,R,156.0,R,94.0,R,60.0,R,137.0,R,0.0,R,0.0,R,137.0,R,51.0,R,37.0,R,20.0
156921,2018,R,915.0,R,2978.0,R,31.0,R,978.0,R,0.0,R,0.0,R,978.0,R,565.0,R,58.0,R,1206.0,R,0.0,R,0.0,R,1206.0,R,503.0,R,42.0,R,21.0
156967,2018,A,,A,,A,,R,9.0,R,0.0,R,0.0,R,9.0,R,8.0,R,89.0,A,,A,,A,,A,,A,,A,,R,20.0
157021,2018,R,28.0,R,81.0,R,35.0,R,0.0,R,0.0,R,0.0,R,0.0,R,0.0,A,,R,0.0,R,0.0,R,0.0,R,0.0,R,0.0,A,,R,11.0
157030,2018,R,12.0,R,18.0,R,67.0,R,12.0,R,0.0,R,0.0,R,12.0,R,8.0,R,67.0,R,0.0,R,0.0,R,0.0,R,0.0,R,0.0,A,,R,12.0
157058,2018,R,291.0,R,415.0,R,70.0,R,248.0,R,0.0,R,0.0,R,248.0,R,139.0,R,56.0,R,17.0,R,0.0,R,0.0,R,17.0,R,1.0,R,6.0,R,12.0
157076,2018,R,249.0,R,385.0,R,65.0,R,192.0,R,0.0,R,0.0,R,192.0,R,133.0,R,69.0,A,,A,,A,,A,,A,,A,,R,13.0
157085,2018,R,4980.0,R,6008.0,R,83.0,R,4755.0,R,2.0,R,0.0,R,4753.0,R,4018.0,R,85.0,R,100.0,R,0.0,Z,0.0,R,100.0,R,39.0,R,39.0,R,16.0
157100,2018,R,155.0,R,280.0,R,55.0,R,164.0,Z,0.0,Z,0.0,R,164.0,R,115.0,R,70.0,A,,A,,A,,A,,A,,A,,R,10.0
157216,2018,R,546.0,R,879.0,R,62.0,R,542.0,R,0.0,R,0.0,R,542.0,R,330.0,R,61.0,R,3.0,R,0.0,R,0.0,R,3.0,R,1.0,R,33.0,R,15.0
157289,2018,R,2731.0,R,3937.0,R,69.0,R,2640.0,R,0.0,R,0.0,R,2640.0,R,2119.0,R,80.0,R,156.0,R,0.0,R,0.0,R,156.0,R,89.0,R,57.0,R,14.0
157304,2018,R,263.0,R,657.0,R,40.0,R,336.0,R,0.0,R,0.0,R,336.0,R,203.0,R,60.0,R,116.0,R,0.0,R,0.0,R,116.0,R,54.0,R,47.0,R,17.0
157331,2018,R,475.0,R,786.0,R,60.0,R,433.0,R,0.0,R,0.0,R,433.0,R,267.0,R,62.0,R,152.0,R,0.0,R,0.0,R,152.0,R,61.0,R,40.0,R,22.0
157377,2018,R,228.0,R,399.0,R,57.0,R,123.0,R,0.0,R,0.0,R,123.0,R,91.0,R,74.0,R,9.0,R,0.0,R,0.0,R,9.0,R,5.0,R,56.0,R,17.0
157386,2018,R,1465.0,R,1906.0,R,77.0,R,1182.0,R,1.0,R,0.0,R,1181.0,R,871.0,R,74.0,R,1.0,R,0.0,Z,0.0,R,1.0,R,1.0,R,100.0,R,18.0
157401,2018,R,1318.0,R,2853.0,R,46.0,R,1320.0,R,0.0,R,0.0,R,1320.0,R,1047.0,R,79.0,R,1.0,R,0.0,R,0.0,R,1.0,R,1.0,R,100.0,R,15.0
157438,2018,R,351.0,R,912.0,R,38.0,R,366.0,R,0.0,R,0.0,R,366.0,R,228.0,R,62.0,R,310.0,R,0.0,R,0.0,R,310.0,R,132.0,R,43.0,R,16.0
157447,2018,R,1946.0,R,3970.0,R,49.0,R,1948.0,R,1.0,Z,0.0,R,1947.0,R,1335.0,R,69.0,R,50.0,Z,0.0,Z,0.0,R,50.0,R,10.0,R,20.0,R,19.0
157483,2018,R,742.0,R,1456.0,R,51.0,R,704.0,R,1.0,R,0.0,R,703.0,R,472.0,R,67.0,R,175.0,R,0.0,R,0.0,R,175.0,R,77.0,R,44.0,R,18.0
157535,2018,R,289.0,R,744.0,R,39.0,R,279.0,R,0.0,R,0.0,R,279.0,R,167.0,R,60.0,R,0.0,R,0.0,R,0.0,R,0.0,R,0.0,A,,R,14.0
157553,2018,R,572.0,R,1418.0,R,40.0,R,361.0,R,0.0,R,0.0,R,361.0,R,220.0,R,61.0,R,86.0,R,0.0,R,0.0,R,86.0,R,29.0,R,34.0,R,21.0
157614,2018,A,,A,,A,,R,12.0,R,0.0,Z,0.0,R,12.0,R,6.0,R,50.0,R,3.0,R,0.0,Z,0.0,R,3.0,R,0.0,R,0.0,R,20.0
157650,2018,A,,A,,A,,R,23.0,R,0.0,Z,0.0,R,23.0,R,10.0,R,43.0,R,5.0,R,0.0,Z,0.0,R,5.0,R,5.0,R,100.0,R,17.0
157669,2018,A,,A,,A,,R,32.0,R,0.0,Z,0.0,R,32.0,R,11.0,R,34.0,A,,A,,A,,A,,A,,A,,R,18.0
157678,2018,A,,A,,A,,R,18.0,R,0.0,Z,0.0,R,18.0,R,5.0,R,28.0,R,9.0,R,0.0,Z,0.0,R,9.0,R,1.0,R,11.0,R,25.0
157711,2018,R,816.0,R,1431.0,R,57.0,R,803.0,R,1.0,R,0.0,R,802.0,R,450.0,R,56.0,R,255.0,R,1.0,R,0.0,R,254.0,R,93.0,R,37.0,R,21.0
157739,2018,R,402.0,R,726.0,R,55.0,R,352.0,R,0.0,R,0.0,R,352.0,R,220.0,R,63.0,R,53.0,R,0.0,R,0.0,R,53.0,R,19.0,R,36.0,R,20.0
157748,2018,R,160.0,R,300.0,R,53.0,R,102.0,Z,0.0,Z,0.0,R,102.0,R,83.0,R,81.0,R,22.0,Z,0.0,Z,0.0,R,22.0,R,3.0,R,14.0,R,14.0
157757,2018,R,180.0,R,272.0,R,66.0,R,164.0,R,0.0,R,0.0,R,164.0,R,121.0,R,74.0,R,7.0,R,0.0,R,0.0,R,7.0,R,2.0,R,29.0,R,11.0
157793,2018,R,391.0,R,564.0,R,69.0,R,0.0,R,0.0,R,0.0,R,0.0,R,0.0,A,,R,0.0,R,0.0,R,0.0,R,0.0,R,0.0,A,,R,13.0
157809,2018,R,484.0,R,877.0,R,55.0,R,349.0,R,0.0,R,0.0,R,349.0,R,221.0,R,63.0,R,2.0,R,0.0,R,0.0,R,2.0,R,2.0,R,100.0,R,16.0
157818,2018,R,298.0,R,309.0,R,96.0,R,282.0,R,0.0,R,0.0,R,282.0,R,230.0,R,82.0,R,0.0,Z,0.0,Z,0.0,R,0.0,Z,0.0,A,,R,11.0
157827,2018,A,,A,,A,,R,16.0,Z,0.0,Z,0.0,R,16.0,R,9.0,R,56.0,R,4.0,Z,0.0,Z,0.0,R,4.0,R,1.0,R,25.0,R,20.0
157863,2018,R,221.0,R,387.0,R,57.0,R,248.0,R,0.0,R,0.0,R,248.0,R,158.0,R,64.0,R,2.0,R,0.0,R,0.0,R,2.0,R,0.0,R,0.0,R,14.0
157951,2018,R,2889.0,R,3883.0,R,74.0,R,2811.0,Z,0.0,Z,0.0,R,2811.0,R,2009.0,R,71.0,R,46.0,Z,0.0,Z,0.0,R,46.0,R,12.0,R,26.0,R,18.0
158088,2018,R,392.0,R,1649.0,R,24.0,R,472.0,R,0.0,R,0.0,R,472.0,R,326.0,R,69.0,R,156.0,R,0.0,R,0.0,R,156.0,R,101.0,R,65.0,R,26.0
158246,2018,A,,A,,A,,R,75.0,R,0.0,R,0.0,R,75.0,R,60.0,R,80.0,A,,A,,A,,A,,A,,A,,R,9.0
158325,2018,A,,A,,A,,A,,A,,A,,A,,A,,A,,A,,A,,A,,A,,A,,A,,R,10.0
158343,2018,A,,A,,A,,R,18.0,R,0.0,R,0.0,R,18.0,R,3.0,R,17.0,R,11.0,R,0.0,R,0.0,R,11.0,R,1.0,R,9.0,R,10.0
158431,2018,R,853.0,R,2287.0,R,37.0,R,915.0,R,0.0,R,0.0,R,915.0,R,462.0,R,50.0,R,380.0,R,0.0,R,0.0,R,380.0,R,141.0,R,37.0,R,25.0
158477,2018,R,169.0,R,192.0,R,88.0,R,173.0,R,0.0,R,0.0,R,173.0,R,132.0,R,76.0,R,0.0,R,0.0,R,0.0,R,0.0,R,0.0,A,,R,9.0
158538,2018,A,,A,,A,,R,36.0,R,0.0,R,0.0,R,36.0,R,27.0,R,75.0,A,,A,,A,,A,,A,,A,,R,20.0
158617,2018,A,,A,,A,,A,,A,,A,,A,,A,,A,,A,,A,,A,,A,,A,,A,,R,20.0
158644,2018,A,,A,,A,,R,16.0,R,0.0,R,0.0,R,16.0,R,11.0,R,69.0,A,,A,,A,,A,,A,,A,,R,9.0
158662,2018,R,1192.0,R,3804.0,R,31.0,R,1166.0,Z,0.0,R,0.0,R,1166.0,R,546.0,R,47.0,R,704.0,Z,0.0,Z,0.0,R,704.0,R,250.0,R,36.0,R,18.0
158778,2018,A,,A,,A,,R,38.0,R,0.0,R,0.0,R,38.0,R,20.0,R,53.0,A,,A,,A,,A,,A,,A,,R,9.0
158787,2018,A,,A,,A,,R,49.0,R,0.0,R,0.0,R,49.0,R,23.0,R,47.0,A,,A,,A,,A,,A,,A,,R,15.0
158802,2018,R,372.0,R,438.0,R,85.0,R,337.0,R,0.0,R,0.0,R,337.0,R,232.0,R,69.0,R,1.0,R,0.0,R,0.0,R,1.0,R,1.0,R,100.0,R,14.0
158884,2018,R,146.0,R,1387.0,R,11.0,R,186.0,R,0.0,R,0.0,R,186.0,R,89.0,R,48.0,R,104.0,Z,0.0,Z,0.0,R,104.0,R,34.0,R,33.0,R,20.0
159009,2018,R,896.0,R,1153.0,R,78.0,R,906.0,R,0.0,R,0.0,R,906.0,R,656.0,R,72.0,R,20.0,R,0.0,R,0.0,R,20.0,R,9.0,R,45.0,R,24.0
159027,2018,A,,A,,A,,R,89.0,R,0.0,R,0.0,R,89.0,R,74.0,R,83.0,A,,A,,A,,A,,A,,A,,R,11.0
159197,2018,R,185.0,R,185.0,R,100.0,R,179.0,R,1.0,R,0.0,R,178.0,R,95.0,R,53.0,A,,A,,A,,A,,A,,A,,R,15.0
159328,2018,A,,A,,A,,R,23.0,Z,0.0,Z,0.0,R,23.0,R,18.0,R,78.0,A,,A,,A,,A,,A,,A,,R,18.0
159373,2018,A,,A,,A,,A,,A,,A,,A,,A,,A,,A,,A,,A,,A,,A,,A,,R,3.0
159382,2018,R,416.0,R,749.0,R,56.0,R,195.0,R,0.0,R,0.0,R,195.0,R,110.0,R,56.0,R,35.0,R,0.0,R,0.0,R,35.0,R,15.0,R,43.0,R,19.0
159391,2018,R,5809.0,R,7935.0,R,73.0,R,4910.0,R,4.0,R,0.0,R,4906.0,R,4112.0,R,84.0,R,7.0,R,0.0,R,0.0,R,7.0,R,4.0,R,57.0,R,20.0
159407,2018,R,794.0,R,1143.0,R,69.0,R,664.0,R,0.0,R,0.0,R,664.0,R,358.0,R,54.0,R,137.0,R,0.0,R,0.0,R,137.0,R,57.0,R,42.0,R,20.0
159416,2018,R,285.0,R,897.0,R,32.0,R,280.0,Z,0.0,Z,0.0,R,280.0,R,176.0,R,63.0,R,6.0,Z,0.0,Z,0.0,R,6.0,R,3.0,R,50.0,R,29.0
159513,2018,A,,A,,A,,R,21.0,R,0.0,R,0.0,R,21.0,R,12.0,R,57.0,A,,A,,A,,A,,A,,A,,R,15.0
159522,2018,A,,A,,A,,R,16.0,R,0.0,R,0.0,R,16.0,R,16.0,R,100.0,A,,A,,A,,A,,A,,A,,R,15.0
159531,2018,A,,A,,A,,R,15.0,R,0.0,R,0.0,R,15.0,R,11.0,R,73.0,A,,A,,A,,A,,A,,A,,R,9.0
159568,2018,R,254.0,R,392.0,R,65.0,R,289.0,R,0.0,R,0.0,R,289.0,R,182.0,R,63.0,R,5.0,R,0.0,R,0.0,R,5.0,R,2.0,R,40.0,R,11.0
159601,2018,A,,A,,A,,R,6.0,R,0.0,R,0.0,R,6.0,R,4.0,R,67.0,A,,A,,A,,A,,A,,A,,R,6.0
159647,2018,R,2181.0,R,3925.0,R,56.0,R,1832.0,R,2.0,R,0.0,R,1830.0,R,1438.0,R,79.0,R,9.0,R,0.0,R,0.0,R,9.0,R,4.0,R,44.0,R,23.0
159656,2018,R,768.0,R,1082.0,R,71.0,R,801.0,R,0.0,R,0.0,R,801.0,R,679.0,R,85.0,R,2.0,R,0.0,R,0.0,R,2.0,R,1.0,R,50.0,R,12.0
159717,2018,R,1354.0,R,2468.0,R,55.0,R,1310.0,R,0.0,R,0.0,R,1310.0,R,916.0,R,70.0,R,4.0,R,0.0,R,0.0,R,4.0,R,2.0,R,50.0,R,20.0
159939,2018,R,1003.0,R,2185.0,R,46.0,R,948.0,R,0.0,R,0.0,R,948.0,R,674.0,R,71.0,R,12.0,R,0.0,R,0.0,R,12.0,R,6.0,R,50.0,R,19.0
159948,2018,R,28.0,R,147.0,R,19.0,R,26.0,R,0.0,R,0.0,R,26.0,R,15.0,R,58.0,R,33.0,R,0.0,R,0.0,R,33.0,R,12.0,R,36.0,R,8.0
159966,2018,R,1291.0,R,1825.0,R,71.0,R,1063.0,R,1.0,R,0.0,R,1062.0,R,789.0,R,74.0,R,119.0,R,0.0,R,0.0,R,119.0,R,65.0,R,55.0,R,19.0
159993,2018,R,1286.0,R,2734.0,R,47.0,R,1340.0,R,0.0,R,0.0,R,1340.0,R,956.0,R,71.0,R,24.0,R,0.0,R,0.0,R,24.0,R,15.0,R,63.0,R,20.0
160010,2018,R,134.0,R,413.0,R,32.0,R,148.0,R,0.0,R,0.0,R,148.0,R,72.0,R,49.0,R,62.0,R,0.0,R,0.0,R,62.0,R,24.0,R,39.0,R,12.0
160038,2018,R,1483.0,R,3298.0,R,45.0,R,1234.0,R,0.0,R,0.0,R,1234.0,R,873.0,R,71.0,R,221.0,R,0.0,R,0.0,R,221.0,R,117.0,R,53.0,R,19.0
160065,2018,R,79.0,R,267.0,R,30.0,R,67.0,R,0.0,R,0.0,R,67.0,R,51.0,R,76.0,R,14.0,R,0.0,R,0.0,R,14.0,R,7.0,R,50.0,R,10.0
160074,2018,R,67.0,R,232.0,R,29.0,R,61.0,R,0.0,R,0.0,R,61.0,R,47.0,R,77.0,R,7.0,R,0.0,R,0.0,R,7.0,R,0.0,R,0.0,R,8.0
160117,2018,A,,A,,A,,R,22.0,R,0.0,R,0.0,R,22.0,R,11.0,R,50.0,A,,A,,A,,A,,A,,A,,R,19.0
160126,2018,A,,A,,A,,R,1.0,Z,0.0,Z,0.0,R,1.0,R,1.0,R,100.0,R,7.0,Z,0.0,Z,0.0,R,7.0,R,6.0,R,86.0,R,11.0
160199,2018,A,,A,,A,,R,17.0,R,0.0,R,0.0,R,17.0,R,13.0,R,76.0,A,,A,,A,,A,,A,,A,,R,13.0
160320,2018,A,,A,,A,,R,189.0,Z,0.0,Z,0.0,R,189.0,R,158.0,R,84.0,A,,A,,A,,A,,A,,A,,R,15.0
160409,2018,R,23.0,R,54.0,R,43.0,R,15.0,R,0.0,R,0.0,R,15.0,R,10.0,R,67.0,R,2.0,R,0.0,R,0.0,R,2.0,R,1.0,R,50.0,R,8.0
160445,2018,A,,A,,A,,R,6.0,R,0.0,R,0.0,R,6.0,R,3.0,R,50.0,R,0.0,R,0.0,R,0.0,R,0.0,R,0.0,A,,R,12.0
160472,2018,A,,A,,A,,R,20.0,R,0.0,R,0.0,R,20.0,R,16.0,R,80.0,A,,A,,A,,A,,A,,A,,R,25.0
160481,2018,R,362.0,R,946.0,R,38.0,R,317.0,R,0.0,R,0.0,R,317.0,R,182.0,R,57.0,R,74.0,R,0.0,R,0.0,R,74.0,R,27.0,R,36.0,R,23.0
160524,2018,A,,A,,A,,R,126.0,R,0.0,R,0.0,R,126.0,R,89.0,R,71.0,A,,A,,A,,A,,A,,A,,R,16.0
160579,2018,R,580.0,R,1699.0,R,34.0,R,519.0,R,1.0,R,0.0,R,518.0,R,309.0,R,60.0,R,162.0,R,0.0,R,0.0,R,162.0,R,64.0,R,40.0,R,20.0
160597,2018,A,,A,,A,,R,8.0,R,0.0,R,0.0,R,8.0,R,7.0,R,88.0,R,5.0,R,0.0,R,0.0,R,5.0,R,4.0,R,80.0,R,20.0
160612,2018,R,2011.0,R,5192.0,R,39.0,R,2080.0,R,1.0,Z,0.0,R,2079.0,R,1401.0,R,67.0,R,636.0,R,0.0,R,0.0,R,636.0,R,365.0,R,57.0,R,20.0
160621,2018,R,1318.0,R,1666.0,R,79.0,R,1224.0,R,0.0,R,0.0,R,1224.0,R,786.0,R,64.0,R,25.0,R,0.0,R,0.0,R,25.0,R,3.0,R,12.0,R,24.0
160630,2018,R,183.0,R,673.0,R,27.0,R,194.0,R,0.0,R,0.0,R,194.0,R,94.0,R,48.0,R,10.0,R,0.0,R,0.0,R,10.0,R,4.0,R,40.0,R,18.0
160649,2018,R,630.0,R,1255.0,R,50.0,R,600.0,R,0.0,R,0.0,R,600.0,R,235.0,R,39.0,R,25.0,R,0.0,Z,0.0,R,25.0,R,10.0,R,40.0,R,21.0
160658,2018,R,2721.0,R,4210.0,R,65.0,R,2975.0,R,1.0,R,0.0,R,2974.0,R,2225.0,R,75.0,R,7.0,R,0.0,R,0.0,R,7.0,R,5.0,R,71.0,R,19.0
160667,2018,R,508.0,R,2949.0,R,17.0,R,427.0,R,0.0,R,0.0,R,427.0,R,200.0,R,47.0,R,157.0,R,0.0,R,0.0,R,157.0,R,57.0,R,36.0,R,26.0
160755,2018,R,1909.0,R,2025.0,R,94.0,R,1905.0,R,1.0,Z,0.0,R,1904.0,R,1794.0,R,94.0,A,,A,,A,,A,,A,,A,,R,8.0
160904,2018,R,861.0,R,952.0,R,90.0,R,715.0,Z,0.0,Z,0.0,R,715.0,R,534.0,R,75.0,R,1.0,Z,0.0,Z,0.0,R,1.0,R,1.0,R,100.0,R,15.0
160940,2018,A,,A,,A,,R,0.0,Z,0.0,Z,0.0,R,0.0,Z,0.0,A,,R,9.0,R,0.0,Z,0.0,R,9.0,R,6.0,R,67.0,R,20.0
160959,2018,R,82.0,R,98.0,R,84.0,R,91.0,R,0.0,R,0.0,R,91.0,R,74.0,R,81.0,R,0.0,R,0.0,R,0.0,R,0.0,R,0.0,A,,R,9.0
160977,2018,R,543.0,R,547.0,R,99.0,R,510.0,R,0.0,R,0.0,R,510.0,R,480.0,R,94.0,A,,A,,A,,A,,A,,A,,R,10.0
160995,2018,A,,A,,A,,R,49.0,R,0.0,R,0.0,R,49.0,R,26.0,R,53.0,R,3.0,R,0.0,R,0.0,R,3.0,R,1.0,R,33.0,R,15.0
161004,2018,R,510.0,R,516.0,R,99.0,R,501.0,R,0.0,R,0.0,R,501.0,R,491.0,R,98.0,A,,A,,A,,A,,A,,A,,R,9.0
161022,2018,R,3.0,R,76.0,R,4.0,R,0.0,Z,0.0,Z,0.0,R,0.0,Z,0.0,A,,R,0.0,Z,0.0,Z,0.0,R,0.0,Z,0.0,A,,R,6.0
161077,2018,R,468.0,R,1613.0,R,29.0,R,470.0,Z,0.0,Z,0.0,R,470.0,R,259.0,R,55.0,R,155.0,Z,0.0,Z,0.0,R,155.0,R,73.0,R,47.0,R,17.0
161086,2018,R,580.0,R,588.0,R,99.0,R,552.0,R,0.0,R,48.0,R,600.0,R,562.0,R,94.0,A,,A,,A,,A,,A,,A,,R,10.0
161138,2018,R,355.0,R,1165.0,R,30.0,R,393.0,R,3.0,R,0.0,R,390.0,R,208.0,R,53.0,R,77.0,R,0.0,R,0.0,R,77.0,R,29.0,R,38.0,R,14.0
161192,2018,R,202.0,R,1163.0,R,17.0,R,198.0,R,0.0,R,0.0,R,198.0,R,129.0,R,65.0,R,135.0,R,0.0,R,0.0,R,135.0,R,75.0,R,56.0,R,16.0
161208,2018,R,13.0,R,41.0,R,32.0,R,13.0,R,0.0,R,0.0,R,13.0,R,11.0,R,85.0,A,,A,,A,,A,,A,,A,,R,8.0
161217,2018,R,252.0,R,1340.0,R,19.0,R,165.0,R,0.0,R,0.0,R,165.0,R,97.0,R,59.0,R,65.0,R,0.0,R,0.0,R,65.0,R,33.0,R,51.0,R,16.0
161226,2018,R,390.0,R,569.0,R,69.0,R,437.0,R,0.0,R,0.0,R,437.0,R,309.0,R,71.0,R,0.0,R,0.0,R,0.0,R,0.0,R,0.0,A,,R,12.0
161235,2018,R,141.0,R,956.0,R,15.0,R,103.0,R,0.0,Z,0.0,R,103.0,R,65.0,R,63.0,R,3.0,R,0.0,Z,0.0,R,3.0,R,3.0,R,100.0,R,14.0
161244,2018,R,94.0,R,265.0,R,35.0,R,78.0,R,0.0,R,0.0,R,78.0,R,43.0,R,55.0,R,4.0,R,0.0,R,0.0,R,4.0,R,1.0,R,25.0,R,11.0
161253,2018,R,2232.0,R,2949.0,R,76.0,R,2254.0,R,0.0,R,0.0,R,2254.0,R,1755.0,R,78.0,R,29.0,R,0.0,R,0.0,R,29.0,R,9.0,R,31.0,R,15.0
161299,2018,R,222.0,R,262.0,R,85.0,R,244.0,R,1.0,R,0.0,R,243.0,R,203.0,R,84.0,A,,A,,A,,A,,A,,A,,R,11.0
161341,2018,R,160.0,R,740.0,R,22.0,R,138.0,R,0.0,R,0.0,R,138.0,R,85.0,R,62.0,R,10.0,R,0.0,R,0.0,R,10.0,R,1.0,R,10.0,R,13.0
161457,2018,R,635.0,R,2362.0,R,27.0,R,588.0,R,0.0,R,0.0,R,588.0,R,446.0,R,76.0,A,,A,,A,,A,,A,,A,,R,13.0
161484,2018,R,139.0,R,402.0,R,35.0,R,142.0,R,2.0,R,0.0,R,140.0,R,98.0,R,70.0,R,25.0,R,0.0,R,0.0,R,25.0,R,11.0,R,44.0,R,12.0
161493,2018,A,,A,,A,,R,56.0,R,0.0,Z,0.0,R,56.0,R,40.0,R,71.0,R,19.0,R,0.0,Z,0.0,R,19.0,R,10.0,R,53.0,R,18.0
161509,2018,R,97.0,R,123.0,R,79.0,R,119.0,R,0.0,R,0.0,R,119.0,R,85.0,R,71.0,R,2.0,R,0.0,R,0.0,R,2.0,R,0.0,R,0.0,R,8.0
161518,2018,R,289.0,R,350.0,R,83.0,R,254.0,R,0.0,R,0.0,R,254.0,R,210.0,R,83.0,R,13.0,R,0.0,R,0.0,R,13.0,R,7.0,R,54.0,R,13.0
161527,2018,A,,A,,A,,R,55.0,R,0.0,R,0.0,R,55.0,R,43.0,R,78.0,R,13.0,R,0.0,R,0.0,R,13.0,R,12.0,R,92.0,R,14.0
161545,2018,R,859.0,R,2397.0,R,36.0,R,856.0,R,0.0,R,0.0,R,856.0,R,463.0,R,54.0,R,357.0,R,0.0,R,0.0,R,357.0,R,152.0,R,43.0,R,17.0
161554,2018,R,917.0,R,2546.0,R,36.0,R,888.0,R,1.0,R,0.0,R,887.0,R,620.0,R,70.0,R,35.0,R,0.0,R,0.0,R,35.0,R,11.0,R,31.0,R,13.0
161563,2018,R,245.0,R,733.0,R,33.0,R,222.0,R,0.0,R,0.0,R,222.0,R,145.0,R,65.0,R,1.0,R,0.0,R,0.0,R,1.0,R,0.0,R,0.0,R,23.0
161572,2018,R,186.0,R,233.0,R,80.0,R,174.0,R,0.0,R,0.0,R,174.0,R,124.0,R,71.0,R,1.0,R,0.0,R,0.0,R,1.0,R,1.0,R,100.0,R,15.0
161581,2018,R,117.0,R,223.0,R,52.0,R,109.0,R,1.0,R,0.0,R,108.0,R,67.0,R,62.0,R,18.0,R,0.0,R,0.0,R,18.0,R,6.0,R,33.0,R,13.0
161688,2018,R,396.0,R,649.0,R,61.0,R,387.0,R,0.0,R,0.0,R,387.0,R,218.0,R,56.0,R,39.0,R,0.0,R,0.0,R,39.0,R,15.0,R,38.0,R,13.0
161767,2018,R,1228.0,R,3867.0,R,32.0,R,1263.0,R,0.0,R,0.0,R,1263.0,R,873.0,R,69.0,R,897.0,R,0.0,R,0.0,R,897.0,R,457.0,R,51.0,R,17.0
161800,2018,A,,A,,A,,R,31.0,R,0.0,R,0.0,R,31.0,R,16.0,R,52.0,R,21.0,R,0.0,R,0.0,R,21.0,R,11.0,R,52.0,R,20.0
161855,2018,A,,A,,A,,R,7.0,R,0.0,R,0.0,R,7.0,R,5.0,R,71.0,R,3.0,R,0.0,R,0.0,R,3.0,R,3.0,R,100.0,R,25.0
161864,2018,R,610.0,R,1671.0,R,37.0,R,335.0,R,0.0,R,0.0,R,335.0,R,153.0,R,46.0,R,311.0,Z,0.0,R,0.0,R,311.0,R,104.0,R,33.0,R,17.0
161873,2018,R,76.0,R,571.0,R,13.0,R,107.0,R,0.0,Z,0.0,R,107.0,R,82.0,R,77.0,R,22.0,R,0.0,R,0.0,R,22.0,R,13.0,R,59.0,R,14.0
162007,2018,R,898.0,R,1547.0,R,58.0,R,1075.0,R,0.0,R,0.0,R,1075.0,R,732.0,R,68.0,R,11.0,R,0.0,R,0.0,R,11.0,R,4.0,R,36.0,R,16.0
162061,2018,R,83.0,R,137.0,R,61.0,R,60.0,R,0.0,R,0.0,R,60.0,R,43.0,R,72.0,R,2.0,R,0.0,R,0.0,R,2.0,R,0.0,R,0.0,R,12.0
162104,2018,R,304.0,R,639.0,R,48.0,R,282.0,R,0.0,R,0.0,R,282.0,R,182.0,R,65.0,R,212.0,R,1.0,R,0.0,R,211.0,R,103.0,R,49.0,R,11.0
162122,2018,R,1021.0,R,2059.0,R,50.0,R,1027.0,R,0.0,R,0.0,R,1027.0,R,672.0,R,65.0,R,593.0,R,0.0,R,0.0,R,593.0,R,303.0,R,51.0,R,18.0
162168,2018,R,249.0,R,551.0,R,45.0,R,258.0,R,0.0,R,0.0,R,258.0,R,161.0,R,62.0,R,227.0,R,0.0,R,0.0,R,227.0,R,92.0,R,41.0,R,17.0
162210,2018,R,172.0,R,270.0,R,64.0,R,103.0,R,0.0,Z,0.0,R,103.0,R,81.0,R,79.0,R,4.0,Z,0.0,Z,0.0,R,4.0,R,3.0,R,75.0,R,10.0
162283,2018,R,389.0,R,658.0,R,59.0,R,383.0,R,0.0,Z,0.0,R,383.0,R,242.0,R,63.0,R,8.0,R,0.0,R,0.0,R,8.0,R,6.0,R,75.0,R,13.0
162335,2018,A,,A,,A,,R,6.0,Z,0.0,Z,0.0,R,6.0,R,5.0,R,83.0,A,,A,,A,,A,,A,,A,,R,13.0
162371,2018,A,,A,,A,,R,158.0,R,0.0,R,0.0,R,158.0,R,139.0,R,88.0,A,,A,,A,,A,,A,,A,,R,17.0
162557,2018,R,758.0,R,1555.0,R,49.0,R,764.0,R,0.0,Z,0.0,R,764.0,R,571.0,R,75.0,R,483.0,R,0.0,R,0.0,R,483.0,R,229.0,R,47.0,R,16.0
162584,2018,R,735.0,R,1210.0,R,61.0,R,774.0,R,0.0,Z,0.0,R,774.0,R,595.0,R,77.0,R,0.0,Z,0.0,R,0.0,R,0.0,Z,0.0,A,,R,15.0
162609,2018,R,202.0,R,340.0,R,59.0,R,219.0,R,0.0,R,0.0,R,219.0,R,109.0,R,50.0,R,6.0,R,0.0,R,0.0,R,6.0,R,3.0,R,50.0,R,15.0
162654,2018,R,432.0,R,498.0,R,87.0,R,420.0,R,0.0,Z,0.0,R,420.0,R,323.0,R,77.0,R,0.0,Z,0.0,R,0.0,R,0.0,Z,0.0,A,,R,10.0
162681,2018,A,,A,,A,,R,0.0,Z,0.0,Z,0.0,R,0.0,Z,0.0,A,,R,11.0,R,0.0,Z,0.0,R,11.0,R,5.0,R,45.0,R,20.0
162690,2018,R,406.0,R,1270.0,R,32.0,R,399.0,R,0.0,R,0.0,R,399.0,R,268.0,R,67.0,R,429.0,R,0.0,R,0.0,R,429.0,R,181.0,R,42.0,R,18.0
162706,2018,R,750.0,R,1581.0,R,47.0,R,853.0,Z,0.0,Z,0.0,R,853.0,R,586.0,R,69.0,R,345.0,R,2.0,Z,0.0,R,343.0,R,162.0,R,47.0,R,19.0
162760,2018,R,239.0,R,366.0,R,65.0,R,255.0,R,0.0,R,0.0,R,255.0,R,181.0,R,71.0,R,1.0,R,0.0,R,0.0,R,1.0,R,1.0,R,100.0,R,10.0
162779,2018,R,1017.0,R,2345.0,R,43.0,R,1041.0,R,0.0,Z,0.0,R,1041.0,R,701.0,R,67.0,R,717.0,R,0.0,Z,0.0,R,717.0,R,342.0,R,48.0,R,14.0
162830,2018,A,,A,,A,,R,5.0,R,0.0,R,0.0,R,5.0,R,3.0,R,60.0,A,,A,,A,,A,,A,,A,,R,15.0
162928,2018,R,1420.0,R,1798.0,R,79.0,R,1419.0,R,4.0,R,0.0,R,1415.0,R,1375.0,R,97.0,A,,A,,A,,A,,A,,A,,R,7.0
163028,2018,A,,A,,A,,R,156.0,R,0.0,R,0.0,R,156.0,R,125.0,R,80.0,R,26.0,R,0.0,R,0.0,R,26.0,R,16.0,R,62.0,R,22.0
163046,2018,R,1068.0,R,1133.0,R,94.0,R,1021.0,R,0.0,Z,0.0,R,1021.0,R,896.0,R,88.0,R,0.0,Z,0.0,R,0.0,R,0.0,Z,0.0,A,,R,12.0
163204,2018,R,213.0,R,11854.0,R,2.0,R,131.0,R,0.0,Z,0.0,R,131.0,R,70.0,R,53.0,R,324.0,Z,0.0,R,0.0,R,324.0,R,101.0,R,31.0,R,19.0
163259,2018,A,,A,,A,,A,,A,,A,,A,,A,,A,,A,,A,,A,,A,,A,,A,,R,7.0
163268,2018,R,1777.0,R,3005.0,R,59.0,R,1759.0,R,0.0,Z,0.0,R,1759.0,R,1533.0,R,87.0,R,13.0,Z,0.0,R,0.0,R,13.0,R,9.0,R,69.0,R,19.0
163286,2018,R,6052.0,R,8424.0,R,72.0,R,5178.0,R,3.0,R,9.0,R,5184.0,R,4937.0,R,95.0,R,10.0,R,0.0,R,0.0,R,10.0,R,7.0,R,70.0,R,18.0
163295,2018,R,425.0,R,520.0,R,82.0,R,423.0,R,2.0,R,0.0,R,421.0,R,373.0,R,89.0,R,0.0,R,0.0,R,0.0,R,0.0,R,0.0,A,,R,9.0
163338,2018,R,501.0,R,688.0,R,73.0,R,560.0,R,0.0,R,0.0,R,560.0,R,350.0,R,63.0,R,5.0,R,0.0,R,0.0,R,5.0,R,2.0,R,40.0,R,12.0
163347,2018,A,,A,,A,,R,107.0,Z,0.0,Z,0.0,R,107.0,R,34.0,R,32.0,A,,A,,A,,A,,A,,A,,R,37.0
163408,2018,A,,A,,A,,R,13.0,R,0.0,R,0.0,R,13.0,R,10.0,R,77.0,R,18.0,R,0.0,R,0.0,R,18.0,R,15.0,R,83.0,R,20.0
163426,2018,R,2009.0,R,5210.0,R,39.0,R,2133.0,R,0.0,R,0.0,R,2133.0,R,1601.0,R,75.0,R,1464.0,R,0.0,R,0.0,R,1464.0,R,757.0,R,52.0,R,18.0
163453,2018,R,1326.0,R,1766.0,R,75.0,R,1192.0,R,0.0,R,0.0,R,1192.0,R,859.0,R,72.0,R,12.0,R,0.0,R,0.0,R,12.0,R,6.0,R,50.0,R,13.0
163462,2018,R,548.0,R,614.0,R,89.0,R,524.0,R,0.0,Z,0.0,R,524.0,R,386.0,R,74.0,R,0.0,Z,0.0,R,0.0,R,0.0,Z,0.0,A,,R,13.0
163532,2018,R,34.0,R,77.0,R,44.0,R,36.0,R,0.0,R,0.0,R,36.0,R,32.0,R,89.0,A,,A,,A,,A,,A,,A,,R,17.0
163541,2018,A,,A,,A,,R,69.0,R,1.0,R,0.0,R,68.0,R,47.0,R,69.0,R,48.0,R,0.0,R,0.0,R,48.0,R,24.0,R,50.0,R,25.0
163578,2018,R,225.0,R,330.0,R,68.0,R,154.0,R,0.0,R,0.0,R,154.0,R,106.0,R,69.0,R,0.0,R,0.0,R,0.0,R,0.0,R,0.0,A,,R,10.0
163657,2018,R,744.0,R,2553.0,R,29.0,R,883.0,R,0.0,Z,0.0,R,883.0,R,534.0,R,60.0,R,1071.0,Z,0.0,Z,0.0,R,1071.0,R,516.0,R,48.0,R,16.0
163754,2018,A,,A,,A,,R,13.0,R,0.0,R,0.0,R,13.0,R,12.0,R,92.0,R,11.0,R,0.0,R,0.0,R,11.0,R,10.0,R,91.0,R,9.0
163815,2018,A,,A,,A,,R,14.0,R,0.0,R,0.0,R,14.0,R,11.0,R,79.0,R,10.0,R,0.0,R,0.0,R,10.0,R,8.0,R,80.0,R,25.0
163851,2018,R,1285.0,R,2037.0,R,63.0,R,1326.0,R,0.0,Z,0.0,R,1326.0,R,1094.0,R,83.0,R,2.0,R,0.0,R,0.0,R,2.0,R,1.0,R,50.0,R,15.0
163912,2018,R,376.0,R,492.0,R,76.0,R,341.0,R,0.0,R,0.0,R,341.0,R,279.0,R,82.0,R,1.0,R,0.0,R,0.0,R,1.0,R,0.0,R,0.0,R,9.0
163976,2018,R,122.0,R,141.0,R,87.0,R,122.0,R,0.0,R,0.0,R,122.0,R,111.0,R,91.0,A,,A,,A,,A,,A,,A,,R,7.0
164076,2018,R,2990.0,R,5336.0,R,56.0,R,2735.0,R,1.0,R,0.0,R,2734.0,R,2324.0,R,85.0,R,6.0,R,0.0,R,0.0,R,6.0,R,4.0,R,67.0,R,17.0
164155,2018,R,1194.0,R,1194.0,R,100.0,R,1203.0,R,0.0,R,0.0,R,1203.0,R,1172.0,R,97.0,A,,A,,A,,A,,A,,A,,R,8.0
164173,2018,R,604.0,R,801.0,R,75.0,R,688.0,R,6.0,R,0.0,R,682.0,R,536.0,R,79.0,R,0.0,R,0.0,R,0.0,R,0.0,R,0.0,A,,R,14.0
164216,2018,R,310.0,R,342.0,R,91.0,R,368.0,R,1.0,R,0.0,R,367.0,R,310.0,R,84.0,R,0.0,R,0.0,R,0.0,R,0.0,Z,0.0,A,,R,10.0
164270,2018,R,415.0,R,477.0,R,87.0,R,450.0,R,0.0,R,0.0,R,450.0,R,361.0,R,80.0,R,0.0,R,0.0,R,0.0,R,0.0,R,0.0,A,,R,11.0
164313,2018,R,353.0,R,867.0,R,41.0,R,330.0,R,0.0,Z,0.0,R,330.0,R,169.0,R,51.0,R,284.0,R,0.0,R,0.0,R,284.0,R,124.0,R,44.0,R,15.0
164368,2018,A,,A,,A,,R,152.0,R,0.0,R,0.0,R,152.0,R,115.0,R,76.0,A,,A,,A,,A,,A,,A,,R,14.0
164438,2018,A,,A,,A,,R,2.0,R,0.0,R,0.0,R,2.0,R,1.0,R,50.0,A,,A,,A,,A,,A,,A,,R,13.0
164447,2018,R,342.0,R,481.0,R,71.0,R,369.0,R,0.0,R,0.0,R,369.0,R,237.0,R,64.0,R,4.0,Z,0.0,Z,0.0,R,4.0,R,1.0,R,25.0,R,16.0
164465,2018,R,492.0,R,505.0,R,97.0,R,471.0,R,0.0,R,0.0,R,471.0,R,452.0,R,96.0,A,,A,,A,,A,,A,,A,,R,7.0
164492,2018,R,318.0,R,380.0,R,84.0,R,272.0,R,0.0,R,0.0,R,272.0,R,170.0,R,63.0,R,0.0,Z,0.0,Z,0.0,R,0.0,R,0.0,A,,R,12.0
164535,2018,A,,A,,A,,R,10.0,R,0.0,R,0.0,R,10.0,R,10.0,R,100.0,A,,A,,A,,A,,A,,A,,R,10.0
164562,2018,R,553.0,R,615.0,R,90.0,R,492.0,R,0.0,R,0.0,R,492.0,R,409.0,R,83.0,A,,A,,A,,A,,A,,A,,R,11.0
164580,2018,R,539.0,R,593.0,R,91.0,R,550.0,R,0.0,R,0.0,R,550.0,R,520.0,R,95.0,A,,A,,A,,A,,A,,A,,R,14.0
164599,2018,A,,A,,A,,A,,A,,A,,A,,A,,A,,A,,A,,A,,A,,A,,A,,R,7.0
164614,2018,R,7.0,R,14.0,R,50.0,R,10.0,R,0.0,R,0.0,R,10.0,R,7.0,R,70.0,A,,A,,A,,A,,A,,A,,R,7.0
164632,2018,R,133.0,R,498.0,R,27.0,R,144.0,R,0.0,R,0.0,R,144.0,R,115.0,R,80.0,R,0.0,R,0.0,R,0.0,R,0.0,R,0.0,A,,R,12.0
164641,2018,R,25.0,R,270.0,R,9.0,R,18.0,R,0.0,R,0.0,R,18.0,R,10.0,R,56.0,R,3.0,R,0.0,R,0.0,R,3.0,R,0.0,R,0.0,R,12.0
164678,2018,A,,A,,A,,P,28.0,P,0.0,P,0.0,P,28.0,P,22.0,P,79.0,P,6.0,P,0.0,P,0.0,P,6.0,P,4.0,P,71.0,P,15.0
164720,2018,R,304.0,R,559.0,R,54.0,R,360.0,R,0.0,R,0.0,R,360.0,R,262.0,R,73.0,R,2.0,R,0.0,R,0.0,R,2.0,R,1.0,R,50.0,R,16.0
164739,2018,R,1014.0,R,1182.0,R,86.0,R,1018.0,R,0.0,R,0.0,R,1018.0,R,949.0,R,93.0,A,,A,,A,,A,,A,,A,,R,11.0
164748,2018,R,1196.0,R,1727.0,R,69.0,R,1263.0,R,0.0,R,0.0,R,1263.0,R,1077.0,R,85.0,R,66.0,R,0.0,R,0.0,R,66.0,R,36.0,R,55.0,R,10.0
164775,2018,R,164.0,R,661.0,R,25.0,R,221.0,R,2.0,R,0.0,R,219.0,R,125.0,R,57.0,R,151.0,R,2.0,R,0.0,R,149.0,R,66.0,R,44.0,R,10.0
164845,2018,A,,A,,A,,R,50.0,R,0.0,Z,0.0,R,50.0,R,29.0,R,58.0,R,12.0,R,0.0,Z,0.0,R,12.0,R,9.0,R,75.0,R,17.0
164872,2018,R,19.0,R,89.0,R,21.0,R,26.0,R,0.0,R,0.0,R,26.0,R,17.0,R,65.0,R,0.0,R,0.0,R,0.0,R,0.0,R,0.0,A,,R,3.0
164924,2018,R,2326.0,R,2573.0,R,90.0,R,2410.0,R,0.0,R,0.0,R,2410.0,R,2287.0,R,95.0,R,8.0,R,0.0,R,0.0,R,8.0,R,7.0,R,88.0,R,13.0
164988,2018,R,3611.0,R,5108.0,R,71.0,R,3498.0,R,16.0,R,0.0,R,3482.0,R,3286.0,R,94.0,R,0.0,R,0.0,R,0.0,R,0.0,R,0.0,A,,R,10.0
165015,2018,R,895.0,R,939.0,R,95.0,R,858.0,R,2.0,R,0.0,R,856.0,R,791.0,R,92.0,A,,A,,A,,A,,A,,A,,R,10.0
165024,2018,R,1481.0,R,2763.0,R,54.0,R,1476.0,R,0.0,R,0.0,R,1476.0,R,1152.0,R,78.0,R,30.0,R,0.0,R,0.0,R,30.0,R,9.0,R,30.0,R,19.0
165033,2018,R,989.0,R,2293.0,R,43.0,R,1066.0,R,0.0,R,0.0,R,1066.0,R,642.0,R,60.0,R,562.0,R,0.0,R,0.0,R,562.0,R,255.0,R,45.0,R,15.0
165060,2018,A,,A,,A,,R,3.0,R,0.0,R,0.0,R,3.0,R,3.0,R,100.0,A,,A,,A,,A,,A,,A,,R,18.0
165112,2018,R,1072.0,R,7072.0,R,15.0,R,1219.0,R,0.0,R,45.0,R,1264.0,R,777.0,R,61.0,R,1293.0,R,35.0,R,0.0,R,1258.0,R,605.0,R,48.0,R,25.0
165167,2018,R,9.0,R,175.0,R,5.0,R,7.0,R,0.0,R,0.0,R,7.0,R,3.0,R,43.0,R,14.0,R,0.0,R,0.0,R,14.0,R,4.0,R,29.0,R,11.0
165194,2018,R,267.0,R,1080.0,R,25.0,R,350.0,R,0.0,R,0.0,R,350.0,R,172.0,R,49.0,R,201.0,R,0.0,R,0.0,R,201.0,R,72.0,R,36.0,R,11.0
165255,2018,A,,A,,A,,R,53.0,R,0.0,R,0.0,R,53.0,R,50.0,R,94.0,R,62.0,R,0.0,R,0.0,R,62.0,R,57.0,R,92.0,R,12.0
165264,2018,R,1.0,R,142.0,R,1.0,R,0.0,Z,0.0,Z,0.0,R,0.0,Z,0.0,A,,R,0.0,R,0.0,R,0.0,R,0.0,R,0.0,A,,R,8.0
165334,2018,R,582.0,R,654.0,R,89.0,R,615.0,R,0.0,R,0.0,R,615.0,R,532.0,R,87.0,A,,A,,A,,A,,A,,A,,R,10.0
165529,2018,R,581.0,R,718.0,R,81.0,R,601.0,R,0.0,R,0.0,R,601.0,R,369.0,R,61.0,R,2.0,R,0.0,R,0.0,R,2.0,R,0.0,R,0.0,R,12.0
165556,2018,A,,A,,A,,R,64.0,R,0.0,R,0.0,R,64.0,R,42.0,R,66.0,R,27.0,R,0.0,R,0.0,R,27.0,R,20.0,R,74.0,R,29.0
165574,2018,R,474.0,R,526.0,R,90.0,R,315.0,R,0.0,R,0.0,R,315.0,R,201.0,R,64.0,R,0.0,R,0.0,R,0.0,R,0.0,R,0.0,A,,R,17.0
165608,2018,A,,A,,A,,R,2.0,R,0.0,R,0.0,R,2.0,R,2.0,R,100.0,R,0.0,R,0.0,R,0.0,R,0.0,R,0.0,A,,R,8.0
165635,2018,A,,A,,A,,R,37.0,R,0.0,R,0.0,R,37.0,R,29.0,R,78.0,A,,A,,A,,A,,A,,A,,R,33.0
165644,2018,R,140.0,R,201.0,R,70.0,R,153.0,R,0.0,R,0.0,R,153.0,R,101.0,R,66.0,A,,A,,A,,A,,A,,A,,R,10.0
165662,2018,R,923.0,R,1137.0,R,81.0,R,931.0,R,0.0,R,0.0,R,931.0,R,808.0,R,87.0,R,1.0,Z,0.0,Z,0.0,R,1.0,R,1.0,R,100.0,R,15.0
165671,2018,R,596.0,R,734.0,R,81.0,R,474.0,R,0.0,R,0.0,R,474.0,R,368.0,R,78.0,A,,A,,A,,A,,A,,A,,R,13.0
165699,2018,R,753.0,R,981.0,R,77.0,R,757.0,R,0.0,R,0.0,R,757.0,R,629.0,R,83.0,R,1.0,R,0.0,R,0.0,R,1.0,R,0.0,R,0.0,R,14.0
165750,2018,A,,A,,A,,R,13.0,R,0.0,R,0.0,R,13.0,R,7.0,R,54.0,A,,A,,A,,A,,A,,A,,R,9.0
165802,2018,R,209.0,R,291.0,R,72.0,R,130.0,R,0.0,R,0.0,R,130.0,R,82.0,R,63.0,R,3.0,R,0.0,R,0.0,R,3.0,R,3.0,R,100.0,R,16.0
165820,2018,R,713.0,R,1201.0,R,59.0,R,751.0,R,0.0,R,0.0,R,751.0,R,551.0,R,73.0,R,5.0,R,0.0,R,0.0,R,5.0,R,2.0,R,40.0,R,14.0
165866,2018,R,757.0,R,1203.0,R,63.0,R,758.0,R,0.0,R,0.0,R,758.0,R,529.0,R,70.0,R,6.0,R,0.0,R,0.0,R,6.0,R,3.0,R,50.0,R,14.0
165884,2018,R,200.0,R,294.0,R,68.0,R,0.0,R,0.0,R,0.0,R,0.0,R,0.0,A,,R,0.0,R,0.0,R,0.0,R,0.0,R,0.0,A,,R,10.0
165936,2018,R,429.0,R,493.0,R,87.0,R,415.0,R,1.0,Z,0.0,R,414.0,R,344.0,R,83.0,R,2.0,R,0.0,R,0.0,R,2.0,R,0.0,R,0.0,R,11.0
165981,2018,R,133.0,R,623.0,R,21.0,R,134.0,R,0.0,R,0.0,R,134.0,R,100.0,R,75.0,R,178.0,R,0.0,R,0.0,R,178.0,R,104.0,R,58.0,R,12.0
166018,2018,R,282.0,R,339.0,R,83.0,R,325.0,R,0.0,R,0.0,R,325.0,R,258.0,R,79.0,A,,A,,A,,A,,A,,A,,R,10.0
166027,2018,R,1653.0,R,3361.0,R,49.0,R,1686.0,R,0.0,R,0.0,R,1686.0,R,1671.0,R,99.0,A,,A,,A,,A,,A,,A,,R,7.0
166045,2018,A,,A,,A,,A,,A,,A,,A,,A,,A,,A,,A,,A,,A,,A,,A,,R,1.0
166054,2018,R,9.0,R,15.0,R,60.0,R,9.0,R,0.0,R,0.0,R,9.0,R,9.0,R,100.0,R,0.0,R,0.0,R,0.0,R,0.0,R,0.0,A,,R,8.0
166124,2018,R,868.0,R,939.0,R,92.0,R,819.0,Z,0.0,Z,0.0,R,819.0,R,775.0,R,95.0,A,,A,,A,,A,,A,,A,,R,10.0
166133,2018,R,772.0,R,1844.0,R,42.0,R,898.0,R,0.0,R,0.0,R,898.0,R,526.0,R,59.0,R,459.0,R,0.0,R,0.0,R,459.0,R,201.0,R,44.0,R,15.0
166391,2018,R,381.0,R,555.0,R,69.0,R,410.0,R,0.0,R,0.0,R,410.0,R,278.0,R,68.0,R,1.0,R,0.0,R,0.0,R,1.0,R,1.0,R,100.0,R,13.0
166407,2018,A,,A,,A,,R,0.0,R,0.0,R,0.0,R,0.0,R,0.0,A,,R,0.0,R,0.0,R,0.0,R,0.0,R,0.0,A,,R,6.0
166452,2018,R,374.0,R,565.0,R,66.0,R,379.0,R,0.0,R,0.0,R,379.0,R,304.0,R,80.0,R,4.0,R,0.0,R,0.0,R,4.0,R,1.0,R,25.0,R,10.0
166489,2018,R,9.0,R,9.0,R,100.0,R,16.0,R,0.0,R,0.0,R,16.0,R,10.0,R,63.0,A,,A,,A,,A,,A,,A,,R,6.0
166498,2018,A,,A,,A,,R,20.0,R,0.0,R,0.0,R,20.0,R,8.0,R,40.0,R,37.0,R,0.0,R,0.0,R,37.0,R,18.0,R,49.0,R,15.0
166513,2018,R,2078.0,R,3640.0,R,57.0,R,1993.0,R,1.0,R,0.0,R,1992.0,R,1695.0,R,85.0,R,32.0,R,0.0,R,0.0,R,32.0,R,18.0,R,56.0,R,17.0
166629,2018,R,5030.0,R,6798.0,R,74.0,R,4701.0,R,8.0,R,0.0,R,4693.0,R,4258.0,R,91.0,R,13.0,R,0.0,R,0.0,R,13.0,R,4.0,R,31.0,R,17.0
166638,2018,R,2279.0,R,4014.0,R,57.0,R,1799.0,R,4.0,R,0.0,R,1795.0,R,1373.0,R,76.0,R,82.0,R,2.0,R,0.0,R,80.0,R,46.0,R,58.0,R,16.0
166647,2018,R,534.0,R,1669.0,R,32.0,R,553.0,R,0.0,R,0.0,R,553.0,R,297.0,R,54.0,R,490.0,R,0.0,R,0.0,R,490.0,R,224.0,R,46.0,R,15.0
166656,2018,R,682.0,R,1363.0,R,50.0,R,766.0,R,0.0,R,0.0,R,766.0,R,616.0,R,80.0,R,3.0,R,0.0,R,0.0,R,3.0,R,2.0,R,67.0,R,16.0
166674,2018,R,362.0,R,559.0,R,65.0,R,422.0,R,0.0,R,0.0,R,422.0,R,361.0,R,86.0,R,2.0,R,0.0,R,0.0,R,2.0,R,2.0,R,100.0,R,10.0
166683,2018,R,1114.0,R,1185.0,R,94.0,R,1097.0,R,0.0,R,0.0,R,1097.0,R,1083.0,R,99.0,A,,A,,A,,A,,A,,A,,R,3.0
166692,2018,R,399.0,R,489.0,R,82.0,R,392.0,R,1.0,Z,0.0,R,391.0,R,336.0,R,86.0,A,,A,,A,,A,,A,,A,,R,16.0
166717,2018,A,,A,,A,,A,,A,,A,,A,,A,,A,,A,,A,,A,,A,,A,,A,,R,7.0
166805,2018,A,,A,,A,,R,10.0,R,0.0,R,0.0,R,10.0,R,8.0,R,80.0,R,6.0,R,0.0,R,0.0,R,6.0,R,5.0,R,83.0,R,11.0
166823,2018,R,830.0,R,2638.0,R,31.0,R,927.0,R,0.0,R,0.0,R,927.0,R,564.0,R,61.0,R,480.0,R,0.0,R,0.0,R,480.0,R,223.0,R,46.0,R,17.0
166850,2018,R,1122.0,R,1349.0,R,83.0,R,854.0,R,0.0,R,0.0,R,854.0,R,727.0,R,85.0,R,1.0,R,0.0,R,0.0,R,1.0,R,0.0,R,0.0,R,14.0
166869,2018,A,,A,,A,,A,,A,,A,,A,,A,,A,,A,,A,,A,,A,,A,,A,,R,10.0
166887,2018,R,775.0,R,3104.0,R,25.0,R,923.0,R,0.0,R,0.0,R,923.0,R,567.0,R,61.0,R,574.0,R,0.0,R,0.0,R,574.0,R,248.0,R,43.0,R,18.0
166911,2018,R,101.0,R,120.0,R,84.0,R,91.0,R,0.0,R,0.0,R,91.0,R,75.0,R,82.0,R,1.0,R,0.0,R,0.0,R,1.0,R,1.0,R,100.0,R,12.0
166939,2018,R,628.0,R,677.0,R,93.0,R,529.0,R,0.0,Z,0.0,R,529.0,R,485.0,R,92.0,A,,A,,A,,A,,A,,A,,R,9.0
166957,2018,R,397.0,R,1290.0,R,31.0,R,415.0,R,0.0,R,0.0,R,415.0,R,248.0,R,60.0,R,265.0,R,0.0,R,0.0,R,265.0,R,121.0,R,46.0,R,10.0
167039,2018,A,,A,,A,,R,8.0,R,0.0,R,0.0,R,8.0,R,6.0,R,75.0,A,,A,,A,,A,,A,,A,,R,9.0
167057,2018,R,109.0,R,129.0,R,84.0,R,108.0,R,0.0,R,0.0,R,108.0,R,99.0,R,92.0,R,1.0,R,0.0,R,0.0,R,1.0,R,0.0,R,0.0,R,5.0
167224,2018,A,,A,,A,,R,26.0,Z,0.0,Z,0.0,R,26.0,R,18.0,R,69.0,A,,A,,A,,A,,A,,A,,R,4.0
167251,2018,R,200.0,R,236.0,R,85.0,R,170.0,R,0.0,R,0.0,R,170.0,R,98.0,R,58.0,R,1.0,R,0.0,R,0.0,R,1.0,R,0.0,R,0.0,R,13.0
167260,2018,R,354.0,R,446.0,R,79.0,R,374.0,R,0.0,R,0.0,R,374.0,R,279.0,R,75.0,R,0.0,R,0.0,R,0.0,R,0.0,R,0.0,A,,R,17.0
167288,2018,R,257.0,R,390.0,R,66.0,R,287.0,Z,0.0,Z,0.0,R,287.0,R,201.0,R,70.0,R,2.0,Z,0.0,Z,0.0,R,2.0,R,1.0,R,50.0,R,11.0
167297,2018,A,,A,,A,,R,24.0,R,0.0,R,0.0,R,24.0,R,20.0,R,83.0,A,,A,,A,,A,,A,,A,,R,10.0
167312,2018,R,615.0,R,2086.0,R,29.0,R,700.0,R,0.0,R,0.0,R,700.0,R,448.0,R,64.0,R,514.0,R,0.0,R,0.0,R,514.0,R,241.0,R,47.0,R,14.0
167358,2018,R,2746.0,R,3328.0,R,83.0,R,3108.0,R,1.0,Z,0.0,R,3107.0,R,3001.0,R,97.0,A,,A,,A,,A,,A,,A,,R,14.0
167376,2018,R,557.0,R,1652.0,R,34.0,R,702.0,R,0.0,R,0.0,R,702.0,R,390.0,R,56.0,R,555.0,R,0.0,R,0.0,R,555.0,R,224.0,R,40.0,R,20.0
167394,2018,R,141.0,R,415.0,R,34.0,R,173.0,R,0.0,R,0.0,R,173.0,R,137.0,R,79.0,R,0.0,Z,0.0,Z,0.0,R,0.0,Z,0.0,A,,R,11.0
167455,2018,R,62.0,R,146.0,R,42.0,R,74.0,R,0.0,R,0.0,R,74.0,R,47.0,R,64.0,A,,A,,A,,A,,A,,A,,R,15.0
167525,2018,R,314.0,R,1064.0,R,30.0,R,457.0,R,0.0,R,0.0,R,457.0,R,262.0,R,57.0,R,267.0,R,0.0,R,0.0,R,267.0,R,107.0,R,40.0,R,20.0
167534,2018,R,766.0,R,2381.0,R,32.0,R,840.0,R,7.0,R,0.0,R,833.0,R,468.0,R,56.0,R,655.0,R,0.0,R,0.0,R,655.0,R,335.0,R,51.0,R,15.0
167598,2018,R,229.0,R,278.0,R,82.0,R,272.0,R,0.0,R,0.0,R,272.0,R,231.0,R,85.0,R,0.0,R,0.0,R,0.0,R,0.0,R,0.0,A,,R,9.0
167631,2018,R,147.0,R,953.0,R,15.0,R,108.0,R,0.0,R,0.0,R,108.0,R,49.0,R,45.0,R,226.0,R,0.0,R,0.0,R,226.0,R,94.0,R,42.0,R,15.0
167677,2018,A,,A,,A,,R,0.0,R,0.0,R,0.0,R,0.0,R,0.0,A,,R,0.0,R,0.0,R,0.0,R,0.0,R,0.0,A,,R,6.0
167729,2018,R,1097.0,R,1969.0,R,56.0,R,1082.0,R,0.0,R,0.0,R,1082.0,R,804.0,R,74.0,R,12.0,R,0.0,R,0.0,R,12.0,R,3.0,R,25.0,R,14.0
167738,2018,A,,A,,A,,A,,A,,A,,A,,A,,A,,A,,A,,A,,A,,A,,A,,R,10.0
167783,2018,R,394.0,R,545.0,R,72.0,R,400.0,R,0.0,R,0.0,R,400.0,R,320.0,R,80.0,R,1.0,R,0.0,R,0.0,R,1.0,R,1.0,R,100.0,R,6.0
167792,2018,R,145.0,R,153.0,R,95.0,R,168.0,Z,0.0,Z,0.0,R,168.0,R,111.0,R,66.0,A,,A,,A,,A,,A,,A,,R,6.0
167835,2018,R,613.0,R,687.0,R,89.0,R,638.0,R,0.0,R,0.0,R,638.0,R,596.0,R,93.0,A,,A,,A,,A,,A,,A,,R,9.0
167871,2018,A,,A,,A,,R,36.0,R,0.0,R,0.0,R,36.0,R,30.0,R,83.0,R,17.0,R,0.0,R,0.0,R,17.0,R,15.0,R,88.0,R,6.0
167899,2018,R,527.0,R,612.0,R,86.0,R,655.0,R,0.0,R,0.0,R,655.0,R,529.0,R,81.0,A,,A,,A,,A,,A,,A,,R,12.0
167905,2018,R,675.0,R,1760.0,R,38.0,R,769.0,R,0.0,Z,0.0,R,769.0,R,469.0,R,61.0,R,345.0,R,2.0,Z,0.0,R,343.0,R,133.0,R,39.0,R,13.0
167987,2018,R,1405.0,R,2313.0,R,61.0,R,1317.0,R,3.0,R,0.0,R,1314.0,R,932.0,R,71.0,R,4.0,R,0.0,R,0.0,R,4.0,R,0.0,R,0.0,R,16.0
167996,2018,R,650.0,R,701.0,R,93.0,R,667.0,R,0.0,R,0.0,R,667.0,R,580.0,R,87.0,A,,A,,A,,A,,A,,A,,R,12.0
168005,2018,R,1226.0,R,1603.0,R,76.0,R,1059.0,R,1.0,Z,0.0,R,1058.0,R,805.0,R,76.0,R,2.0,Z,0.0,Z,0.0,R,2.0,R,1.0,R,50.0,R,15.0
168032,2018,A,,A,,A,,R,11.0,R,0.0,R,0.0,R,11.0,R,6.0,R,55.0,A,,A,,A,,A,,A,,A,,R,18.0
168148,2018,R,1541.0,R,1635.0,R,94.0,R,1410.0,R,0.0,R,0.0,R,1410.0,R,1354.0,R,96.0,R,0.0,R,0.0,R,0.0,R,0.0,R,0.0,A,,R,9.0
168218,2018,R,614.0,R,724.0,R,85.0,R,603.0,R,0.0,R,0.0,R,603.0,R,578.0,R,96.0,A,,A,,A,,A,,A,,A,,R,8.0
168227,2018,R,1017.0,R,1332.0,R,76.0,R,966.0,R,0.0,R,0.0,R,966.0,R,799.0,R,83.0,R,8.0,R,0.0,R,0.0,R,8.0,R,2.0,R,25.0,R,18.0
168254,2018,R,750.0,R,893.0,R,84.0,R,767.0,R,0.0,R,0.0,R,767.0,R,600.0,R,78.0,R,3.0,R,0.0,R,0.0,R,3.0,R,2.0,R,67.0,R,13.0
168263,2018,R,998.0,R,1638.0,R,61.0,R,1009.0,R,4.0,Z,0.0,R,1005.0,R,750.0,R,75.0,R,2.0,R,0.0,R,0.0,R,2.0,R,1.0,R,50.0,R,16.0
168281,2018,R,495.0,R,517.0,R,96.0,R,502.0,R,0.0,R,0.0,R,502.0,R,437.0,R,87.0,A,,A,,A,,A,,A,,A,,R,11.0
168342,2018,R,533.0,R,599.0,R,89.0,R,548.0,R,0.0,R,0.0,R,548.0,R,540.0,R,99.0,A,,A,,A,,A,,A,,A,,R,6.0
168421,2018,R,1276.0,R,1345.0,R,95.0,R,1124.0,R,0.0,R,0.0,R,1124.0,R,1074.0,R,96.0,A,,A,,A,,A,,A,,A,,R,13.0
168430,2018,R,887.0,R,1447.0,R,61.0,R,906.0,R,3.0,R,0.0,R,903.0,R,710.0,R,79.0,R,3.0,R,0.0,R,0.0,R,3.0,R,2.0,R,67.0,R,17.0
168528,2018,R,633.0,R,714.0,R,89.0,R,529.0,R,0.0,R,0.0,R,529.0,R,375.0,R,71.0,R,0.0,R,0.0,R,0.0,R,0.0,R,0.0,A,,R,14.0
168546,2018,R,428.0,R,472.0,R,91.0,R,515.0,R,0.0,R,0.0,R,515.0,R,386.0,R,75.0,R,0.0,Z,0.0,Z,0.0,R,0.0,Z,0.0,A,,R,11.0
168555,2018,A,,A,,A,,R,18.0,R,0.0,R,0.0,R,18.0,R,12.0,R,67.0,R,0.0,R,0.0,R,0.0,R,0.0,R,0.0,A,,R,11.0
168573,2018,A,,A,,A,,A,,A,,A,,A,,A,,A,,A,,A,,A,,A,,A,,A,,R,25.0
168591,2018,R,404.0,R,469.0,R,86.0,R,408.0,Z,0.0,Z,0.0,R,408.0,R,321.0,R,79.0,A,,A,,A,,A,,A,,A,,R,12.0
168607,2018,R,266.0,R,602.0,R,44.0,R,247.0,R,0.0,R,0.0,R,247.0,R,160.0,R,65.0,R,88.0,R,0.0,R,0.0,R,88.0,R,34.0,R,39.0,R,14.0
168740,2018,R,289.0,R,650.0,R,44.0,R,272.0,R,0.0,R,0.0,R,272.0,R,222.0,R,82.0,R,8.0,R,0.0,R,0.0,R,8.0,R,5.0,R,63.0,R,10.0
168786,2018,R,332.0,R,504.0,R,66.0,R,312.0,R,0.0,R,0.0,R,312.0,R,241.0,R,77.0,R,2.0,R,0.0,R,0.0,R,2.0,R,2.0,R,100.0,R,11.0
168847,2018,R,509.0,R,1953.0,R,26.0,R,187.0,R,0.0,R,0.0,R,187.0,R,91.0,R,49.0,R,121.0,R,0.0,R,0.0,R,121.0,R,53.0,R,44.0,R,8.0
168883,2018,R,273.0,R,957.0,R,29.0,R,268.0,R,0.0,R,0.0,R,268.0,R,158.0,R,59.0,R,95.0,R,0.0,R,0.0,R,95.0,R,35.0,R,37.0,R,16.0
168892,2018,A,,A,,A,,R,9.0,Z,0.0,Z,0.0,R,9.0,R,8.0,R,89.0,R,6.0,Z,0.0,Z,0.0,R,6.0,R,5.0,R,83.0,R,12.0
169080,2018,R,823.0,R,972.0,R,85.0,R,887.0,R,0.0,R,0.0,R,887.0,R,768.0,R,87.0,R,2.0,R,0.0,R,0.0,R,2.0,R,1.0,R,50.0,R,12.0
169187,2018,A,,A,,A,,R,14.0,R,0.0,R,0.0,R,14.0,R,14.0,R,100.0,R,9.0,R,0.0,R,0.0,R,9.0,R,8.0,R,89.0,R,8.0
169248,2018,R,2711.0,R,3932.0,R,69.0,R,3045.0,R,0.0,R,0.0,R,3045.0,R,2353.0,R,77.0,R,31.0,R,0.0,R,0.0,R,31.0,R,14.0,R,45.0,R,20.0
169275,2018,R,553.0,R,2083.0,R,27.0,R,612.0,R,2.0,R,0.0,R,610.0,R,358.0,R,59.0,R,725.0,R,0.0,R,0.0,R,725.0,R,329.0,R,45.0,R,18.0
169284,2018,A,,A,,A,,R,71.0,R,0.0,Z,0.0,R,71.0,R,47.0,R,66.0,R,25.0,R,0.0,Z,0.0,R,25.0,R,10.0,R,40.0,R,18.0
169327,2018,R,53.0,R,123.0,R,43.0,R,80.0,R,0.0,R,0.0,R,80.0,R,56.0,R,70.0,R,22.0,R,0.0,R,0.0,R,22.0,R,7.0,R,32.0,R,15.0
169363,2018,R,233.0,R,336.0,R,69.0,R,190.0,R,0.0,R,0.0,R,190.0,R,141.0,R,74.0,R,0.0,R,0.0,R,0.0,R,0.0,R,0.0,A,,R,11.0
169442,2018,R,245.0,R,435.0,R,56.0,R,237.0,R,0.0,R,0.0,R,237.0,R,193.0,R,81.0,R,26.0,R,0.0,R,0.0,R,26.0,R,15.0,R,58.0,R,10.0
169479,2018,R,571.0,R,1680.0,R,34.0,R,393.0,R,0.0,R,0.0,R,393.0,R,285.0,R,73.0,R,73.0,R,0.0,R,0.0,R,73.0,R,28.0,R,38.0,R,15.0
169503,2018,A,,A,,A,,R,19.0,R,0.0,R,0.0,R,19.0,R,16.0,R,84.0,A,,A,,A,,A,,A,,A,,R,20.0
169521,2018,R,935.0,R,2449.0,R,38.0,R,1018.0,R,0.0,R,0.0,R,1018.0,R,621.0,R,61.0,R,739.0,R,0.0,R,0.0,R,739.0,R,349.0,R,47.0,R,15.0
169576,2018,A,,A,,A,,A,,A,,A,,A,,A,,A,,A,,A,,A,,A,,A,,A,,R,17.0
169655,2018,A,,A,,A,,R,195.0,R,0.0,R,0.0,R,195.0,R,149.0,R,76.0,A,,A,,A,,A,,A,,A,,R,16.0
169716,2018,R,564.0,R,977.0,R,58.0,R,536.0,R,0.0,R,0.0,R,536.0,R,447.0,R,83.0,R,14.0,R,0.0,R,0.0,R,14.0,R,10.0,R,71.0,R,11.0
169734,2018,A,,A,,A,,R,72.0,R,0.0,R,0.0,R,72.0,R,39.0,R,54.0,A,,A,,A,,A,,A,,A,,R,18.0
169761,2018,A,,A,,A,,R,29.0,R,0.0,R,0.0,R,29.0,R,17.0,R,59.0,A,,A,,A,,A,,A,,A,,R,31.0
169798,2018,R,2375.0,R,3782.0,R,63.0,R,2783.0,R,0.0,Z,0.0,R,2783.0,R,1992.0,R,72.0,R,29.0,R,0.0,Z,0.0,R,29.0,R,10.0,R,34.0,R,14.0
169813,2018,A,,A,,A,,R,2.0,R,0.0,R,0.0,R,2.0,R,2.0,R,100.0,A,,A,,A,,A,,A,,A,,R,9.0
169910,2018,R,1845.0,R,3288.0,R,56.0,R,548.0,R,0.0,Z,0.0,R,548.0,R,418.0,R,76.0,R,28.0,R,0.0,Z,0.0,R,28.0,R,17.0,R,61.0,R,16.0
169947,2018,A,,A,,A,,R,9.0,R,0.0,R,0.0,R,9.0,R,8.0,R,89.0,A,,A,,A,,A,,A,,A,,R,13.0
169974,2018,R,159.0,R,473.0,R,34.0,R,151.0,R,0.0,R,0.0,R,151.0,R,84.0,R,56.0,R,49.0,R,0.0,R,0.0,R,49.0,R,24.0,R,49.0,R,22.0
169983,2018,R,363.0,R,413.0,R,88.0,R,371.0,R,0.0,R,0.0,R,371.0,R,339.0,R,91.0,R,0.0,R,0.0,R,0.0,R,0.0,R,0.0,A,,R,15.0
169992,2018,R,197.0,R,426.0,R,46.0,R,194.0,R,0.0,R,0.0,R,194.0,R,118.0,R,61.0,R,27.0,R,0.0,R,0.0,R,27.0,R,14.0,R,52.0,R,12.0
170000,2018,R,96.0,R,280.0,R,34.0,R,66.0,R,0.0,R,0.0,R,66.0,R,40.0,R,61.0,R,0.0,R,0.0,R,0.0,R,0.0,R,0.0,A,,R,18.0
170037,2018,R,285.0,R,344.0,R,83.0,R,276.0,R,0.0,R,0.0,R,276.0,R,219.0,R,79.0,R,11.0,R,0.0,R,0.0,R,11.0,R,3.0,R,27.0,R,15.0
170055,2018,R,1486.0,R,4839.0,R,31.0,R,1504.0,R,0.0,R,0.0,R,1504.0,R,869.0,R,58.0,R,1418.0,R,0.0,R,0.0,R,1418.0,R,695.0,R,49.0,R,20.0
170082,2018,R,4287.0,R,5896.0,R,73.0,R,4093.0,R,0.0,R,0.0,R,4093.0,R,3467.0,R,85.0,R,24.0,R,0.0,R,0.0,R,24.0,R,11.0,R,46.0,R,16.0
170091,2018,R,24.0,R,37.0,R,65.0,R,27.0,R,0.0,R,0.0,R,27.0,R,16.0,R,59.0,R,6.0,R,0.0,R,0.0,R,6.0,R,5.0,R,83.0,R,9.0
170240,2018,R,1323.0,R,3806.0,R,35.0,R,0.0,R,0.0,R,0.0,R,0.0,R,0.0,A,,R,0.0,R,0.0,R,0.0,R,0.0,R,0.0,A,,R,20.0
170286,2018,R,341.0,R,359.0,R,95.0,R,369.0,R,0.0,R,0.0,R,369.0,R,336.0,R,91.0,R,0.0,R,0.0,R,0.0,R,0.0,R,0.0,A,,R,9.0
170301,2018,R,798.0,R,923.0,R,86.0,R,779.0,R,0.0,R,0.0,R,779.0,R,695.0,R,89.0,A,,A,,A,,A,,A,,A,,R,11.0
170444,2018,R,471.0,R,1892.0,R,25.0,R,0.0,R,0.0,R,0.0,R,0.0,R,0.0,A,,R,0.0,R,0.0,R,0.0,R,0.0,R,0.0,A,,R,17.0
170532,2018,R,408.0,R,444.0,R,92.0,R,448.0,R,0.0,R,0.0,R,448.0,R,407.0,R,91.0,A,,A,,A,,A,,A,,A,,R,13.0
170541,2018,R,806.0,R,2889.0,R,28.0,R,755.0,R,0.0,R,0.0,R,755.0,R,472.0,R,63.0,R,650.0,R,0.0,R,0.0,R,650.0,R,298.0,R,46.0,R,16.0
170550,2018,R,196.0,R,969.0,R,20.0,R,221.0,R,0.0,R,0.0,R,221.0,R,125.0,R,57.0,R,215.0,R,0.0,R,0.0,R,215.0,R,82.0,R,38.0,R,14.0
170587,2018,R,102.0,R,271.0,R,38.0,R,100.0,R,1.0,R,0.0,R,99.0,R,59.0,R,60.0,R,101.0,R,0.0,R,0.0,R,101.0,R,47.0,R,47.0,R,15.0
170611,2018,A,,A,,A,,R,36.0,R,0.0,R,0.0,R,36.0,R,27.0,R,75.0,R,20.0,R,0.0,R,0.0,R,20.0,R,15.0,R,75.0,R,16.0
170620,2018,R,360.0,R,1247.0,R,29.0,R,0.0,R,0.0,R,0.0,R,0.0,R,0.0,A,,R,0.0,R,0.0,R,0.0,R,0.0,R,0.0,A,,R,14.0
170639,2018,R,410.0,R,559.0,R,73.0,R,321.0,R,0.0,R,0.0,R,321.0,R,246.0,R,77.0,R,2.0,R,0.0,R,0.0,R,2.0,R,2.0,R,100.0,R,16.0
170657,2018,R,1142.0,R,3466.0,R,33.0,R,1325.0,R,0.0,R,0.0,R,1325.0,R,820.0,R,62.0,R,876.0,R,0.0,R,0.0,R,876.0,R,341.0,R,39.0,R,11.0
170675,2018,R,378.0,R,1576.0,R,24.0,R,358.0,R,0.0,R,0.0,R,358.0,R,289.0,R,81.0,R,15.0,R,0.0,R,0.0,R,15.0,R,8.0,R,53.0,R,11.0
170736,2018,A,,A,,A,,R,12.0,R,0.0,R,0.0,R,12.0,R,8.0,R,67.0,R,23.0,Z,0.0,Z,0.0,R,23.0,R,18.0,R,78.0,R,20.0
170790,2018,R,1594.0,R,4545.0,R,35.0,R,1458.0,R,0.0,R,0.0,R,1458.0,R,945.0,R,65.0,R,1803.0,R,0.0,R,0.0,R,1803.0,R,909.0,R,50.0,R,25.0
170806,2018,R,215.0,R,790.0,R,27.0,R,267.0,R,0.0,R,0.0,R,267.0,R,204.0,R,76.0,R,7.0,R,0.0,R,0.0,R,7.0,R,4.0,R,57.0,R,12.0
170967,2018,R,136.0,R,358.0,R,38.0,R,157.0,R,0.0,R,0.0,R,157.0,R,103.0,R,66.0,R,8.0,R,0.0,R,0.0,R,8.0,R,0.0,R,0.0,R,12.0
170976,2018,R,6664.0,R,8128.0,R,82.0,R,6815.0,R,0.0,R,0.0,R,6815.0,R,6629.0,R,97.0,R,32.0,Z,0.0,Z,0.0,R,32.0,R,30.0,R,94.0,R,11.0
171012,2018,A,,A,,A,,R,9.0,Z,0.0,Z,0.0,R,9.0,R,5.0,R,56.0,A,,A,,A,,A,,A,,A,,R,36.0
171100,2018,R,8500.0,R,10468.0,R,81.0,R,8140.0,R,0.0,R,0.0,R,8140.0,R,7483.0,R,92.0,R,226.0,R,0.0,R,0.0,R,226.0,R,132.0,R,58.0,R,16.0
171128,2018,R,1245.0,R,1432.0,R,87.0,R,1316.0,R,1.0,R,0.0,R,1315.0,R,1100.0,R,84.0,R,7.0,R,0.0,R,0.0,R,7.0,R,4.0,R,57.0,R,13.0
171137,2018,R,1059.0,R,1923.0,R,55.0,R,1068.0,Z,0.0,Z,0.0,R,1068.0,R,835.0,R,78.0,R,38.0,Z,0.0,Z,0.0,R,38.0,R,21.0,R,55.0,R,17.0
171146,2018,R,641.0,R,2056.0,R,31.0,R,656.0,R,2.0,R,0.0,R,654.0,R,474.0,R,72.0,R,32.0,R,0.0,R,0.0,R,32.0,R,14.0,R,44.0,R,12.0
171155,2018,R,421.0,R,962.0,R,44.0,R,387.0,R,0.0,R,0.0,R,387.0,R,207.0,R,53.0,R,245.0,R,0.0,R,0.0,R,245.0,R,109.0,R,44.0,R,25.0
171225,2018,R,336.0,R,1011.0,R,33.0,R,311.0,R,0.0,R,0.0,R,311.0,R,212.0,R,68.0,R,243.0,R,0.0,R,0.0,R,243.0,R,96.0,R,40.0,R,14.0
171234,2018,R,85.0,R,563.0,R,15.0,R,123.0,R,0.0,R,0.0,R,123.0,R,79.0,R,64.0,R,156.0,R,0.0,R,0.0,R,156.0,R,76.0,R,49.0,R,14.0
171304,2018,R,499.0,R,1436.0,R,35.0,R,543.0,R,0.0,R,0.0,R,543.0,R,339.0,R,62.0,R,299.0,R,0.0,R,0.0,R,299.0,R,101.0,R,34.0,R,19.0
171395,2018,R,227.0,R,801.0,R,28.0,R,268.0,R,1.0,R,0.0,R,267.0,R,152.0,R,57.0,R,134.0,R,0.0,R,0.0,R,134.0,R,51.0,R,38.0,R,16.0
171456,2018,R,1611.0,R,2287.0,R,70.0,R,1033.0,R,1.0,R,0.0,R,1032.0,R,776.0,R,75.0,R,7.0,R,0.0,R,0.0,R,7.0,R,5.0,R,71.0,R,20.0
171483,2018,R,464.0,R,1020.0,R,45.0,R,27.0,R,0.0,R,0.0,R,27.0,R,25.0,R,93.0,R,0.0,R,0.0,R,0.0,R,0.0,R,0.0,A,,R,15.0
171492,2018,R,260.0,R,892.0,R,29.0,R,263.0,R,1.0,R,0.0,R,262.0,R,207.0,R,79.0,R,22.0,R,0.0,R,0.0,R,22.0,R,8.0,R,36.0,R,10.0
171535,2018,R,892.0,R,6411.0,R,14.0,R,805.0,R,0.0,R,0.0,R,805.0,R,485.0,R,60.0,R,1068.0,R,0.0,R,0.0,R,1068.0,R,579.0,R,54.0,R,21.0
171571,2018,R,2679.0,R,4423.0,R,61.0,R,2423.0,R,0.0,R,0.0,R,2423.0,R,1851.0,R,76.0,R,33.0,R,0.0,R,0.0,R,33.0,R,13.0,R,39.0,R,20.0
171599,2018,R,301.0,R,373.0,R,81.0,R,321.0,R,1.0,R,0.0,R,320.0,R,192.0,R,60.0,R,8.0,R,0.0,R,0.0,R,8.0,R,1.0,R,13.0,R,15.0
171775,2018,A,,A,,A,,R,5.0,Z,0.0,Z,0.0,R,5.0,R,5.0,R,100.0,R,8.0,Z,0.0,Z,0.0,R,8.0,R,8.0,R,100.0,R,10.0
171881,2018,R,24.0,R,48.0,R,50.0,R,28.0,R,0.0,R,0.0,R,28.0,R,21.0,R,75.0,R,4.0,R,0.0,R,0.0,R,4.0,R,2.0,R,50.0,R,11.0
171988,2018,A,,A,,A,,R,36.0,R,0.0,R,0.0,R,36.0,R,30.0,R,83.0,A,,A,,A,,A,,A,,A,,R,21.0
171997,2018,A,,A,,A,,R,55.0,R,0.0,R,0.0,R,55.0,R,45.0,R,82.0,A,,A,,A,,A,,A,,A,,R,20.0
172015,2018,A,,A,,A,,R,72.0,R,0.0,R,0.0,R,72.0,R,58.0,R,81.0,A,,A,,A,,A,,A,,A,,R,12.0
172033,2018,R,3.0,R,113.0,R,3.0,R,3.0,R,0.0,R,0.0,R,3.0,R,2.0,R,67.0,R,0.0,R,0.0,R,0.0,R,0.0,R,0.0,A,,R,8.0
172051,2018,R,1571.0,R,2178.0,R,72.0,R,1218.0,R,0.0,R,0.0,R,1218.0,R,943.0,R,77.0,R,13.0,R,0.0,R,0.0,R,13.0,R,8.0,R,62.0,R,17.0
172200,2018,R,700.0,R,4106.0,R,17.0,R,0.0,R,0.0,R,0.0,R,0.0,R,0.0,A,,R,0.0,R,0.0,R,0.0,R,0.0,R,0.0,A,,R,22.0
172264,2018,R,290.0,R,673.0,R,43.0,R,277.0,R,0.0,R,0.0,R,277.0,R,193.0,R,70.0,R,1.0,R,0.0,R,0.0,R,1.0,R,1.0,R,100.0,R,12.0
172291,2018,R,396.0,R,1254.0,R,32.0,R,393.0,R,0.0,R,0.0,R,393.0,R,234.0,R,60.0,R,226.0,R,0.0,R,0.0,R,226.0,R,98.0,R,43.0,R,18.0
172307,2018,R,409.0,R,633.0,R,65.0,R,532.0,R,0.0,R,0.0,R,532.0,R,254.0,R,48.0,R,119.0,R,0.0,R,0.0,R,119.0,R,49.0,R,41.0,R,15.0
172325,2018,A,,A,,A,,A,,A,,A,,A,,A,,A,,R,132.0,R,0.0,R,0.0,R,132.0,R,82.0,R,62.0,R,11.0
172334,2018,R,192.0,R,535.0,R,36.0,R,269.0,R,0.0,R,0.0,R,269.0,R,215.0,R,80.0,R,0.0,R,0.0,R,0.0,R,0.0,R,0.0,A,,R,11.0
172422,2018,A,,A,,A,,R,85.0,R,0.0,R,0.0,R,85.0,R,68.0,R,80.0,A,,A,,A,,A,,A,,A,,R,10.0
172440,2018,R,108.0,R,199.0,R,54.0,R,72.0,R,0.0,R,0.0,R,72.0,R,49.0,R,68.0,R,0.0,R,0.0,R,0.0,R,0.0,R,0.0,A,,R,9.0
172495,2018,A,,A,,A,,R,44.0,R,0.0,R,0.0,R,44.0,R,32.0,R,73.0,R,0.0,R,0.0,R,0.0,R,0.0,R,0.0,A,,R,15.0
172608,2018,A,,A,,A,,A,,A,,A,,A,,A,,A,,A,,A,,A,,A,,A,,A,,R,12.0
172617,2018,R,703.0,R,3148.0,R,22.0,R,678.0,R,0.0,R,0.0,R,678.0,R,473.0,R,70.0,R,873.0,R,0.0,R,0.0,R,873.0,R,433.0,R,50.0,R,18.0
172635,2018,R,542.0,R,6564.0,R,8.0,R,556.0,R,0.0,R,0.0,R,556.0,R,285.0,R,51.0,R,1776.0,R,0.0,R,0.0,R,1776.0,R,587.0,R,33.0,R,25.0
172644,2018,R,2957.0,R,5095.0,R,58.0,R,2567.0,R,0.0,R,0.0,R,2567.0,R,2017.0,R,79.0,R,86.0,R,0.0,R,0.0,R,86.0,R,37.0,R,43.0,R,14.0
172671,2018,R,113.0,R,238.0,R,47.0,R,120.0,R,0.0,R,0.0,R,120.0,R,67.0,R,56.0,R,68.0,R,0.0,R,0.0,R,68.0,R,27.0,R,40.0,R,13.0
172680,2018,A,,A,,A,,R,14.0,R,0.0,R,0.0,R,14.0,R,13.0,R,93.0,R,3.0,R,0.0,R,0.0,R,3.0,R,3.0,R,100.0,R,12.0
172699,2018,R,2990.0,R,4730.0,R,63.0,R,3139.0,R,2.0,R,0.0,R,3137.0,R,2507.0,R,80.0,R,40.0,R,0.0,R,0.0,R,40.0,R,13.0,R,33.0,R,16.0
172802,2018,A,,A,,A,,R,4.0,R,0.0,R,0.0,R,4.0,R,4.0,R,100.0,R,12.0,R,0.0,R,0.0,R,12.0,R,9.0,R,75.0,R,7.0
172866,2018,R,9.0,R,43.0,R,21.0,R,1.0,R,0.0,R,0.0,R,1.0,R,0.0,R,0.0,R,0.0,R,0.0,R,0.0,R,0.0,R,0.0,A,,R,10.0
172918,2018,R,406.0,R,1405.0,R,29.0,R,439.0,R,0.0,R,0.0,R,439.0,R,300.0,R,68.0,R,55.0,R,0.0,R,0.0,R,55.0,R,24.0,R,44.0,R,22.0
172927,2018,A,,A,,A,,A,,A,,A,,A,,A,,A,,A,,A,,A,,A,,A,,A,,R,9.0
172954,2018,R,153.0,R,875.0,R,17.0,R,189.0,R,0.0,R,0.0,R,189.0,R,119.0,R,63.0,R,80.0,R,0.0,R,0.0,R,80.0,R,43.0,R,54.0,R,17.0
172963,2018,R,703.0,R,3918.0,R,18.0,R,806.0,R,0.0,R,0.0,R,806.0,R,446.0,R,55.0,R,426.0,R,0.0,R,0.0,R,426.0,R,195.0,R,46.0,R,28.0
173045,2018,R,418.0,R,705.0,R,59.0,R,435.0,R,0.0,Z,0.0,R,435.0,R,312.0,R,72.0,R,1.0,R,0.0,Z,0.0,R,1.0,R,0.0,R,0.0,R,12.0
173063,2018,R,328.0,R,1604.0,R,20.0,R,303.0,R,0.0,R,0.0,R,303.0,R,162.0,R,53.0,R,106.0,R,0.0,R,0.0,R,106.0,R,40.0,R,38.0,R,19.0
173115,2018,R,96.0,R,528.0,R,18.0,R,73.0,R,0.0,R,0.0,R,73.0,R,44.0,R,60.0,R,32.0,R,0.0,R,0.0,R,32.0,R,10.0,R,31.0,R,21.0
173124,2018,R,732.0,R,1607.0,R,46.0,R,740.0,R,0.0,R,0.0,R,740.0,R,536.0,R,72.0,R,17.0,R,0.0,R,0.0,R,17.0,R,9.0,R,53.0,R,21.0
173142,2018,R,175.0,R,337.0,R,52.0,R,136.0,R,0.0,R,0.0,R,136.0,R,109.0,R,80.0,A,,A,,A,,A,,A,,A,,R,12.0
173160,2018,R,608.0,R,891.0,R,68.0,R,581.0,R,0.0,R,0.0,R,581.0,R,493.0,R,85.0,R,6.0,R,0.0,R,0.0,R,6.0,R,3.0,R,50.0,R,12.0
173203,2018,R,452.0,R,2088.0,R,22.0,R,474.0,R,0.0,R,0.0,R,474.0,R,271.0,R,57.0,R,97.0,R,0.0,R,0.0,R,97.0,R,42.0,R,43.0,R,18.0
173258,2018,R,529.0,R,581.0,R,91.0,R,522.0,R,0.0,R,0.0,R,522.0,R,507.0,R,97.0,A,,A,,A,,A,,A,,A,,R,9.0
173300,2018,R,597.0,R,678.0,R,88.0,R,568.0,R,0.0,R,0.0,R,568.0,R,480.0,R,85.0,A,,A,,A,,A,,A,,A,,R,12.0
173328,2018,R,244.0,R,1245.0,R,20.0,R,245.0,R,0.0,R,0.0,R,245.0,R,186.0,R,76.0,R,0.0,Z,0.0,Z,0.0,R,0.0,Z,0.0,A,,R,18.0
173416,2018,R,376.0,R,1104.0,R,34.0,R,387.0,R,0.0,R,0.0,R,387.0,R,266.0,R,69.0,R,97.0,R,0.0,R,0.0,R,97.0,R,47.0,R,48.0,R,21.0
173452,2018,R,195.0,R,233.0,R,84.0,R,183.0,R,2.0,R,0.0,R,181.0,R,154.0,R,85.0,R,0.0,R,0.0,R,0.0,R,0.0,R,0.0,A,,R,12.0
173461,2018,R,443.0,R,2516.0,R,18.0,R,438.0,R,0.0,R,0.0,R,438.0,R,269.0,R,61.0,R,233.0,R,0.0,R,0.0,R,233.0,R,128.0,R,55.0,R,21.0
173470,2018,A,,A,,A,,R,6.0,R,0.0,R,0.0,R,6.0,R,6.0,R,100.0,A,,A,,A,,A,,A,,A,,R,12.0
173559,2018,R,728.0,R,2653.0,R,27.0,R,712.0,R,0.0,R,0.0,R,712.0,R,440.0,R,62.0,R,305.0,R,0.0,R,0.0,R,305.0,R,146.0,R,48.0,R,18.0
173638,2018,R,364.0,R,1569.0,R,23.0,R,302.0,R,0.0,R,0.0,R,302.0,R,189.0,R,63.0,R,65.0,R,0.0,R,0.0,R,65.0,R,26.0,R,40.0,R,18.0
173647,2018,R,651.0,R,688.0,R,95.0,R,541.0,R,1.0,R,0.0,R,540.0,R,471.0,R,87.0,R,0.0,Z,0.0,Z,0.0,R,0.0,Z,0.0,A,,R,11.0
173665,2018,R,538.0,R,681.0,R,79.0,R,535.0,R,3.0,R,0.0,R,532.0,R,394.0,R,74.0,A,,A,,A,,A,,A,,A,,R,12.0
173708,2018,R,331.0,R,1914.0,R,17.0,R,332.0,R,0.0,R,0.0,R,332.0,R,204.0,R,61.0,R,247.0,R,0.0,R,0.0,R,247.0,R,126.0,R,51.0,R,21.0
173735,2018,R,151.0,R,535.0,R,28.0,R,167.0,R,0.0,R,0.0,R,167.0,R,104.0,R,62.0,R,27.0,R,0.0,R,0.0,R,27.0,R,11.0,R,41.0,R,16.0
173744,2018,A,,A,,A,,R,93.0,Z,0.0,Z,0.0,R,93.0,R,74.0,R,80.0,A,,A,,A,,A,,A,,A,,R,16.0
173799,2018,R,376.0,R,1868.0,R,20.0,R,405.0,R,0.0,R,0.0,R,405.0,R,237.0,R,59.0,R,180.0,R,0.0,R,0.0,R,180.0,R,62.0,R,34.0,R,23.0
173805,2018,R,241.0,R,670.0,R,36.0,R,219.0,R,0.0,R,0.0,R,219.0,R,130.0,R,59.0,R,53.0,R,0.0,R,0.0,R,53.0,R,25.0,R,47.0,R,19.0
173902,2018,R,621.0,R,632.0,R,98.0,R,543.0,R,0.0,R,0.0,R,543.0,R,520.0,R,96.0,A,,A,,A,,A,,A,,A,,R,10.0
173911,2018,R,375.0,R,1171.0,R,32.0,R,395.0,R,0.0,R,0.0,R,395.0,R,224.0,R,57.0,R,124.0,R,0.0,R,0.0,R,124.0,R,55.0,R,44.0,R,16.0
173920,2018,R,2364.0,R,3965.0,R,60.0,R,2252.0,R,0.0,R,0.0,R,2252.0,R,1676.0,R,74.0,R,15.0,R,0.0,R,0.0,R,15.0,R,3.0,R,20.0,R,22.0
173957,2018,A,,A,,A,,A,,A,,A,,A,,A,,A,,A,,A,,A,,A,,A,,A,,R,8.0
173993,2018,R,155.0,R,667.0,R,23.0,R,183.0,R,0.0,R,0.0,R,183.0,R,94.0,R,51.0,R,31.0,R,0.0,R,0.0,R,31.0,R,13.0,R,42.0,R,22.0
174020,2018,R,128.0,R,2065.0,R,6.0,R,85.0,R,0.0,R,0.0,R,85.0,R,56.0,R,66.0,R,41.0,R,0.0,R,0.0,R,41.0,R,25.0,R,61.0,R,16.0
174066,2018,R,5962.0,R,9932.0,R,60.0,R,6181.0,R,0.0,Z,0.0,R,6181.0,R,5731.0,R,93.0,R,12.0,R,0.0,Z,0.0,R,12.0,R,8.0,R,67.0,R,17.0
174075,2018,R,214.0,R,1121.0,R,19.0,R,192.0,R,0.0,Z,0.0,R,192.0,R,131.0,R,68.0,R,12.0,R,0.0,Z,0.0,R,12.0,R,4.0,R,33.0,R,16.0
174118,2018,R,72.0,R,72.0,R,100.0,R,87.0,R,0.0,R,0.0,R,87.0,R,72.0,R,83.0,A,,A,,A,,A,,A,,A,,R,30.0
174127,2018,R,174.0,R,239.0,R,73.0,R,133.0,R,0.0,R,0.0,R,133.0,R,115.0,R,86.0,A,,A,,A,,A,,A,,A,,R,11.0
174136,2018,R,492.0,R,2513.0,R,20.0,R,536.0,R,0.0,R,0.0,R,536.0,R,281.0,R,52.0,R,421.0,R,0.0,R,0.0,R,421.0,R,176.0,R,42.0,R,23.0
174154,2018,R,30.0,R,107.0,R,28.0,R,15.0,R,0.0,R,0.0,R,15.0,R,7.0,R,47.0,R,10.0,R,0.0,R,0.0,R,10.0,R,6.0,R,60.0,R,12.0
174190,2018,A,,A,,A,,R,35.0,R,0.0,R,0.0,R,35.0,R,28.0,R,80.0,R,0.0,R,0.0,R,0.0,R,0.0,R,0.0,A,,R,14.0
174233,2018,R,2208.0,R,3327.0,R,66.0,R,2257.0,R,0.0,Z,0.0,R,2257.0,R,1776.0,R,79.0,R,17.0,R,0.0,Z,0.0,R,17.0,R,7.0,R,41.0,R,18.0
174251,2018,R,368.0,R,489.0,R,75.0,R,352.0,R,0.0,Z,0.0,R,352.0,R,273.0,R,78.0,R,4.0,R,0.0,Z,0.0,R,4.0,R,0.0,R,0.0,R,11.0
174321,2018,A,,A,,A,,R,44.0,Z,0.0,Z,0.0,R,44.0,R,33.0,R,75.0,A,,A,,A,,A,,A,,A,,R,16.0
174358,2018,R,786.0,R,1436.0,R,55.0,R,832.0,R,0.0,R,0.0,R,832.0,R,597.0,R,72.0,R,10.0,R,0.0,R,0.0,R,10.0,R,3.0,R,30.0,R,19.0
174376,2018,R,446.0,R,2579.0,R,17.0,R,436.0,R,0.0,R,0.0,R,436.0,R,237.0,R,54.0,R,369.0,R,0.0,R,0.0,R,369.0,R,171.0,R,46.0,R,24.0
174385,2018,A,,A,,A,,R,0.0,Z,0.0,Z,0.0,R,0.0,Z,0.0,A,,R,0.0,Z,0.0,Z,0.0,R,0.0,Z,0.0,A,,R,2.0
174428,2018,R,1015.0,R,4456.0,R,23.0,R,903.0,R,0.0,R,0.0,R,903.0,R,490.0,R,54.0,R,522.0,R,0.0,R,0.0,R,522.0,R,253.0,R,48.0,R,26.0
174437,2018,R,220.0,R,390.0,R,56.0,R,201.0,R,0.0,R,0.0,R,201.0,R,161.0,R,80.0,R,0.0,R,0.0,R,0.0,R,0.0,R,0.0,A,,R,17.0
174473,2018,R,370.0,R,1534.0,R,24.0,R,331.0,R,0.0,R,0.0,R,331.0,R,198.0,R,60.0,R,116.0,R,0.0,R,0.0,R,116.0,R,62.0,R,53.0,R,18.0
174491,2018,R,411.0,R,1695.0,R,24.0,R,391.0,R,0.0,R,0.0,R,391.0,R,302.0,R,77.0,R,8.0,R,0.0,R,0.0,R,8.0,R,1.0,R,13.0,R,16.0
174507,2018,R,1.0,R,133.0,R,1.0,R,0.0,R,0.0,R,0.0,R,0.0,R,0.0,A,,A,,A,,A,,A,,A,,A,,R,12.0
174525,2018,R,22.0,R,41.0,R,54.0,R,17.0,R,0.0,R,0.0,R,17.0,R,4.0,R,24.0,R,0.0,R,0.0,R,0.0,R,0.0,R,0.0,A,,R,9.0
174570,2018,R,106.0,R,1260.0,R,8.0,R,74.0,R,0.0,R,0.0,R,74.0,R,30.0,R,41.0,R,66.0,R,0.0,R,0.0,R,66.0,R,37.0,R,56.0,R,20.0
174604,2018,R,55.0,R,133.0,R,41.0,R,58.0,R,0.0,R,0.0,R,58.0,R,34.0,R,59.0,R,6.0,R,0.0,R,0.0,R,6.0,R,0.0,R,0.0,R,18.0
174738,2018,R,679.0,R,2074.0,R,33.0,R,687.0,R,0.0,R,0.0,R,687.0,R,376.0,R,55.0,R,207.0,R,0.0,R,0.0,R,207.0,R,109.0,R,53.0,R,22.0
174747,2018,R,437.0,R,471.0,R,93.0,R,519.0,R,0.0,R,0.0,R,519.0,R,460.0,R,89.0,R,0.0,R,0.0,R,0.0,R,0.0,R,0.0,A,,R,12.0
174756,2018,R,580.0,R,1871.0,R,31.0,R,590.0,R,0.0,R,0.0,R,590.0,R,308.0,R,52.0,R,305.0,R,0.0,R,0.0,R,305.0,R,151.0,R,50.0,R,23.0
174783,2018,R,1236.0,R,4306.0,R,29.0,R,1457.0,R,0.0,R,0.0,R,1457.0,R,1050.0,R,72.0,R,40.0,R,0.0,R,0.0,R,40.0,R,22.0,R,55.0,R,20.0
174792,2018,R,398.0,R,429.0,R,93.0,R,465.0,R,0.0,R,0.0,R,465.0,R,405.0,R,87.0,R,0.0,R,0.0,R,0.0,R,0.0,R,0.0,A,,R,12.0
174817,2018,R,306.0,R,428.0,R,71.0,R,300.0,R,0.0,R,0.0,R,300.0,R,247.0,R,82.0,R,0.0,R,0.0,R,0.0,R,0.0,R,0.0,A,,R,18.0
174844,2018,R,809.0,R,856.0,R,95.0,R,786.0,R,2.0,R,0.0,R,784.0,R,710.0,R,91.0,A,,A,,A,,A,,A,,A,,R,12.0
174862,2018,R,152.0,R,503.0,R,30.0,R,129.0,R,0.0,R,0.0,R,129.0,R,101.0,R,78.0,R,12.0,R,0.0,R,0.0,R,12.0,R,7.0,R,58.0,R,18.0
174899,2018,R,397.0,R,794.0,R,50.0,R,482.0,R,0.0,R,0.0,R,482.0,R,385.0,R,80.0,R,0.0,R,0.0,R,0.0,R,0.0,R,0.0,A,,R,13.0
174914,2018,R,1759.0,R,1976.0,R,89.0,R,1391.0,R,1.0,Z,0.0,R,1390.0,R,1192.0,R,86.0,R,0.0,R,0.0,R,0.0,R,0.0,R,0.0,A,,R,14.0
174978,2018,A,,A,,A,,R,38.0,R,0.0,Z,0.0,R,38.0,R,22.0,R,58.0,R,5.0,R,0.0,Z,0.0,R,5.0,R,3.0,R,60.0,R,20.0
175005,2018,R,400.0,R,951.0,R,42.0,R,387.0,R,0.0,R,0.0,R,387.0,R,303.0,R,78.0,R,0.0,Z,0.0,Z,0.0,R,0.0,Z,0.0,A,,R,10.0
175014,2018,R,112.0,R,900.0,R,12.0,R,2.0,R,0.0,R,0.0,R,2.0,R,0.0,R,0.0,R,0.0,R,0.0,R,0.0,R,0.0,R,0.0,A,,R,18.0
175041,2018,R,647.0,R,2635.0,R,25.0,R,687.0,R,0.0,R,0.0,R,687.0,R,404.0,R,59.0,R,473.0,R,0.0,R,0.0,R,473.0,R,231.0,R,49.0,R,24.0
175078,2018,R,338.0,R,3925.0,R,9.0,R,329.0,R,0.0,R,0.0,R,329.0,R,214.0,R,65.0,R,2.0,R,0.0,R,0.0,R,2.0,R,1.0,R,50.0,R,15.0
175120,2018,A,,A,,A,,A,,A,,A,,A,,A,,A,,A,,A,,A,,A,,A,,A,,R,18.0
175157,2018,R,169.0,R,359.0,R,47.0,R,207.0,R,0.0,R,0.0,R,207.0,R,108.0,R,52.0,R,2.0,R,0.0,R,0.0,R,2.0,R,1.0,R,50.0,R,25.0
175227,2018,R,231.0,R,478.0,R,48.0,R,8.0,R,0.0,R,0.0,R,8.0,R,8.0,R,100.0,R,0.0,R,0.0,R,0.0,R,0.0,R,0.0,A,,R,11.0
175236,2018,R,460.0,R,1393.0,R,33.0,R,540.0,R,0.0,R,0.0,R,540.0,R,340.0,R,63.0,R,110.0,R,0.0,R,0.0,R,110.0,R,47.0,R,43.0,R,19.0
175263,2018,R,164.0,R,859.0,R,19.0,R,179.0,R,0.0,R,0.0,R,179.0,R,107.0,R,60.0,R,70.0,R,0.0,R,0.0,R,70.0,R,27.0,R,39.0,R,16.0
175272,2018,R,1530.0,R,2188.0,R,70.0,R,1595.0,R,0.0,R,0.0,R,1595.0,R,1239.0,R,78.0,R,11.0,R,0.0,R,0.0,R,11.0,R,4.0,R,36.0,R,18.0
175315,2018,R,659.0,R,3449.0,R,19.0,R,747.0,R,0.0,R,0.0,R,747.0,R,420.0,R,56.0,R,396.0,R,0.0,R,0.0,R,396.0,R,164.0,R,41.0,R,24.0
175342,2018,R,600.0,R,801.0,R,75.0,R,732.0,R,0.0,R,0.0,R,732.0,R,531.0,R,73.0,R,10.0,R,0.0,R,0.0,R,10.0,R,2.0,R,20.0,R,18.0
175421,2018,R,204.0,R,637.0,R,32.0,R,221.0,Z,0.0,Z,0.0,R,221.0,R,147.0,R,67.0,R,19.0,Z,0.0,Z,0.0,R,19.0,R,8.0,R,42.0,R,10.0
175430,2018,R,127.0,R,256.0,R,50.0,R,126.0,R,0.0,R,0.0,R,126.0,R,92.0,R,73.0,R,1.0,R,0.0,R,0.0,R,1.0,R,0.0,R,0.0,R,14.0
175494,2018,A,,A,,A,,R,36.0,R,0.0,R,0.0,R,36.0,R,29.0,R,81.0,A,,A,,A,,A,,A,,A,,R,16.0
175519,2018,R,511.0,R,881.0,R,58.0,R,423.0,R,0.0,R,0.0,R,423.0,R,257.0,R,61.0,R,46.0,R,0.0,R,0.0,R,46.0,R,6.0,R,13.0,R,16.0
175528,2018,R,34.0,R,39.0,R,87.0,R,61.0,R,0.0,R,0.0,R,61.0,R,17.0,R,28.0,R,1.0,R,0.0,R,0.0,R,1.0,R,1.0,R,100.0,R,10.0
175573,2018,R,725.0,R,1439.0,R,50.0,R,744.0,R,0.0,R,0.0,R,744.0,R,509.0,R,68.0,R,44.0,R,0.0,R,0.0,R,44.0,R,11.0,R,25.0,R,20.0
175607,2018,A,,A,,A,,R,4.0,R,0.0,R,0.0,R,4.0,R,3.0,R,75.0,A,,A,,A,,A,,A,,A,,R,15.0
175616,2018,R,283.0,R,1307.0,R,22.0,R,318.0,R,0.0,R,0.0,R,318.0,R,213.0,R,67.0,R,2.0,R,0.0,R,0.0,R,2.0,R,1.0,R,50.0,R,12.0
175643,2018,R,706.0,R,1478.0,R,48.0,R,815.0,R,0.0,R,0.0,R,815.0,R,457.0,R,56.0,R,19.0,R,0.0,R,0.0,R,19.0,R,2.0,R,11.0,R,20.0
175652,2018,R,819.0,R,2112.0,R,39.0,R,768.0,R,0.0,R,0.0,R,768.0,R,514.0,R,67.0,R,128.0,R,0.0,R,0.0,R,128.0,R,91.0,R,71.0,R,19.0
175698,2018,A,,A,,A,,R,18.0,R,0.0,R,0.0,R,18.0,R,12.0,R,67.0,R,11.0,R,0.0,R,0.0,R,11.0,R,8.0,R,73.0,R,10.0
175722,2018,A,,A,,A,,R,1.0,R,0.0,R,0.0,R,1.0,R,1.0,R,100.0,A,,A,,A,,A,,A,,A,,R,10.0
175786,2018,R,2297.0,R,5790.0,R,40.0,R,2265.0,R,0.0,R,0.0,R,2265.0,R,1477.0,R,65.0,R,316.0,Z,0.0,Z,0.0,R,316.0,R,111.0,R,35.0,R,17.0
175810,2018,R,1107.0,R,2787.0,R,40.0,R,1070.0,R,0.0,R,0.0,R,1070.0,R,717.0,R,67.0,R,122.0,R,0.0,R,0.0,R,122.0,R,33.0,R,27.0,R,18.0
175829,2018,R,1397.0,R,2708.0,R,52.0,R,1359.0,R,0.0,R,0.0,R,1359.0,R,918.0,R,68.0,R,111.0,Z,0.0,Z,0.0,R,111.0,R,19.0,R,17.0,R,19.0
175856,2018,R,825.0,R,1294.0,R,64.0,R,925.0,R,0.0,R,0.0,R,925.0,R,493.0,R,53.0,R,8.0,R,0.0,R,0.0,R,8.0,R,0.0,R,0.0,R,15.0
175883,2018,R,1004.0,R,1990.0,R,50.0,R,1089.0,R,0.0,R,0.0,R,1089.0,R,598.0,R,55.0,R,74.0,R,0.0,R,0.0,R,74.0,R,12.0,R,16.0,R,25.0
175935,2018,R,695.0,R,2160.0,R,32.0,R,674.0,Z,0.0,Z,0.0,R,674.0,R,366.0,R,54.0,R,65.0,Z,0.0,Z,0.0,R,65.0,R,13.0,R,20.0,R,16.0
175980,2018,R,245.0,R,262.0,R,94.0,R,229.0,R,0.0,R,0.0,R,229.0,R,180.0,R,79.0,R,0.0,Z,0.0,Z,0.0,R,0.0,Z,0.0,A,,R,9.0
176008,2018,R,541.0,R,969.0,R,56.0,R,534.0,R,0.0,R,0.0,R,534.0,R,324.0,R,61.0,R,33.0,R,0.0,R,0.0,R,33.0,R,15.0,R,45.0,R,18.0
176017,2018,R,3400.0,R,4960.0,R,69.0,R,3646.0,R,9.0,R,0.0,R,3637.0,R,3089.0,R,85.0,R,48.0,R,0.0,R,0.0,R,48.0,R,30.0,R,63.0,R,17.0
176035,2018,R,186.0,R,861.0,R,22.0,R,217.0,R,0.0,R,0.0,R,217.0,R,136.0,R,63.0,R,0.0,R,0.0,R,0.0,R,0.0,R,0.0,A,,R,13.0
176044,2018,R,355.0,R,787.0,R,45.0,R,402.0,R,0.0,R,0.0,R,402.0,R,248.0,R,62.0,R,3.0,R,0.0,R,0.0,R,3.0,R,2.0,R,67.0,R,13.0
176053,2018,R,514.0,R,1030.0,R,50.0,R,564.0,R,0.0,R,0.0,R,564.0,R,450.0,R,80.0,R,7.0,R,0.0,R,0.0,R,7.0,R,2.0,R,29.0,R,15.0
176062,2018,A,,A,,A,,R,13.0,R,0.0,R,0.0,R,13.0,R,12.0,R,92.0,A,,A,,A,,A,,A,,A,,R,27.0
176071,2018,R,1866.0,R,2744.0,R,68.0,R,1769.0,R,0.0,R,0.0,R,1769.0,R,1106.0,R,63.0,R,208.0,R,0.0,R,0.0,R,208.0,R,32.0,R,15.0,R,22.0
176080,2018,R,3550.0,R,5640.0,R,63.0,R,3428.0,R,1.0,R,0.0,R,3427.0,R,2735.0,R,80.0,R,7.0,R,0.0,R,0.0,R,7.0,R,2.0,R,29.0,R,17.0
176169,2018,R,1144.0,R,1616.0,R,71.0,R,1069.0,R,0.0,R,0.0,R,1069.0,R,725.0,R,68.0,R,54.0,R,0.0,R,0.0,R,54.0,R,15.0,R,28.0,R,22.0
176178,2018,R,1770.0,R,3587.0,R,49.0,R,1920.0,R,0.0,R,0.0,R,1920.0,R,1084.0,R,56.0,R,83.0,R,0.0,R,0.0,R,83.0,R,33.0,R,40.0,R,22.0
176239,2018,R,1124.0,R,2815.0,R,40.0,R,824.0,R,0.0,R,0.0,R,824.0,R,546.0,R,66.0,R,219.0,R,0.0,R,0.0,R,219.0,R,77.0,R,35.0,R,18.0
176318,2018,R,251.0,R,343.0,R,73.0,R,228.0,R,0.0,R,0.0,R,228.0,R,112.0,R,49.0,R,19.0,R,0.0,R,0.0,R,19.0,R,5.0,R,26.0,R,19.0
176336,2018,R,30.0,R,52.0,R,58.0,R,5.0,R,3.0,R,0.0,R,2.0,R,2.0,R,100.0,R,3.0,R,2.0,R,0.0,R,1.0,R,1.0,R,100.0,R,5.0
176354,2018,R,631.0,R,994.0,R,63.0,R,571.0,R,10.0,R,0.0,R,561.0,R,357.0,R,64.0,R,4.0,R,0.0,R,0.0,R,4.0,R,1.0,R,25.0,R,24.0
176372,2018,R,2024.0,R,3825.0,R,53.0,R,1895.0,R,0.0,R,0.0,R,1895.0,R,1359.0,R,72.0,R,8.0,R,0.0,R,0.0,R,8.0,R,3.0,R,38.0,R,17.0
176390,2018,A,,A,,A,,R,12.0,R,0.0,R,0.0,R,12.0,R,8.0,R,67.0,A,,A,,A,,A,,A,,A,,R,13.0
176406,2018,R,152.0,R,210.0,R,72.0,R,195.0,R,0.0,R,0.0,R,195.0,R,145.0,R,74.0,R,1.0,R,0.0,R,0.0,R,1.0,R,0.0,R,0.0,R,11.0
176479,2018,R,161.0,R,576.0,R,28.0,R,171.0,R,0.0,R,2.0,R,173.0,R,147.0,R,85.0,R,2.0,Z,0.0,Z,0.0,R,2.0,R,1.0,R,50.0,R,14.0
176628,2018,R,168.0,R,349.0,R,48.0,R,183.0,R,0.0,R,0.0,R,183.0,R,125.0,R,68.0,A,,A,,A,,A,,A,,A,,R,12.0
176664,2018,R,36.0,R,55.0,R,65.0,R,34.0,R,0.0,R,0.0,R,34.0,R,20.0,R,59.0,R,1.0,R,0.0,R,0.0,R,1.0,R,1.0,R,100.0,R,12.0
176716,2018,A,,A,,A,,R,10.0,R,0.0,R,0.0,R,10.0,R,7.0,R,70.0,R,7.0,R,0.0,R,0.0,R,7.0,R,5.0,R,71.0,R,25.0
176770,2018,R,1.0,R,133.0,R,1.0,R,1.0,R,0.0,R,0.0,R,1.0,R,1.0,R,100.0,R,2.0,R,0.0,R,0.0,R,2.0,R,2.0,R,100.0,R,9.0
176789,2018,R,46.0,R,112.0,R,41.0,R,37.0,R,0.0,R,0.0,R,37.0,R,23.0,R,62.0,R,6.0,R,0.0,R,0.0,R,6.0,R,2.0,R,33.0,R,12.0
176798,2018,A,,A,,A,,R,16.0,R,0.0,R,0.0,R,16.0,R,12.0,R,75.0,R,45.0,R,0.0,R,0.0,R,45.0,R,32.0,R,71.0,R,11.0
176910,2018,R,36.0,R,59.0,R,61.0,R,37.0,R,1.0,R,0.0,R,36.0,R,23.0,R,64.0,R,10.0,R,0.0,R,0.0,R,10.0,R,2.0,R,20.0,R,12.0
176947,2018,R,324.0,R,437.0,R,74.0,R,275.0,R,0.0,R,0.0,R,275.0,R,202.0,R,73.0,R,4.0,R,0.0,R,0.0,R,4.0,R,2.0,R,50.0,R,12.0
176965,2018,R,1459.0,R,3061.0,R,48.0,R,1665.0,R,1.0,R,0.0,R,1664.0,R,1160.0,R,70.0,R,26.0,R,0.0,R,0.0,R,26.0,R,12.0,R,46.0,R,17.0
176983,2018,A,,A,,A,,R,22.0,R,0.0,R,0.0,R,22.0,R,20.0,R,91.0,R,20.0,R,0.0,R,0.0,R,20.0,R,18.0,R,90.0,R,3.0
177038,2018,R,2.0,R,29.0,R,7.0,R,1.0,Z,0.0,Z,0.0,R,1.0,R,1.0,R,100.0,R,0.0,Z,0.0,Z,0.0,R,0.0,Z,0.0,A,,R,7.0
177056,2018,A,,A,,A,,R,9.0,R,0.0,R,0.0,R,9.0,R,7.0,R,78.0,R,9.0,R,0.0,R,0.0,R,9.0,R,5.0,R,56.0,R,6.0
177065,2018,R,319.0,R,2727.0,R,12.0,R,263.0,R,0.0,R,0.0,R,263.0,R,182.0,R,69.0,R,125.0,R,0.0,R,0.0,R,125.0,R,46.0,R,37.0,R,25.0
177083,2018,R,8.0,R,18.0,R,44.0,R,14.0,R,0.0,R,0.0,R,14.0,R,12.0,R,86.0,A,,A,,A,,A,,A,,A,,R,5.0
177117,2018,R,96.0,R,104.0,R,92.0,R,86.0,R,0.0,R,0.0,R,86.0,R,57.0,R,66.0,R,0.0,R,0.0,R,0.0,R,0.0,R,0.0,A,,R,6.0
177135,2018,R,820.0,R,1223.0,R,67.0,R,860.0,R,1.0,R,0.0,R,859.0,R,553.0,R,64.0,R,188.0,R,0.0,R,0.0,R,188.0,R,60.0,R,32.0,R,13.0
177144,2018,R,288.0,R,363.0,R,79.0,R,305.0,R,0.0,R,0.0,R,305.0,R,204.0,R,67.0,A,,A,,A,,A,,A,,A,,R,14.0
177214,2018,R,377.0,R,463.0,R,81.0,R,361.0,R,0.0,R,0.0,R,361.0,R,300.0,R,83.0,R,0.0,R,0.0,R,0.0,R,0.0,R,0.0,A,,R,11.0
177250,2018,R,549.0,R,1187.0,R,46.0,R,494.0,R,0.0,R,0.0,R,494.0,R,307.0,R,62.0,R,111.0,R,1.0,R,0.0,R,110.0,R,35.0,R,32.0,R,16.0
177287,2018,A,,A,,A,,R,10.0,R,0.0,R,0.0,R,10.0,R,8.0,R,80.0,R,0.0,R,0.0,R,0.0,R,0.0,R,0.0,A,,R,16.0
177302,2018,A,,A,,A,,R,188.0,R,0.0,R,0.0,R,188.0,R,135.0,R,72.0,A,,A,,A,,A,,A,,A,,R,10.0
177339,2018,R,372.0,R,457.0,R,81.0,R,400.0,R,0.0,R,0.0,R,400.0,R,316.0,R,79.0,R,0.0,R,0.0,R,0.0,R,0.0,R,0.0,A,,R,15.0
177418,2018,R,183.0,R,275.0,R,67.0,R,139.0,R,0.0,R,0.0,R,139.0,R,103.0,R,74.0,R,0.0,R,0.0,R,0.0,R,0.0,R,0.0,A,,R,10.0
177436,2018,A,,A,,A,,R,2.0,R,0.0,R,0.0,R,2.0,R,2.0,R,100.0,A,,A,,A,,A,,A,,A,,R,11.0
177472,2018,R,1979.0,R,3509.0,R,56.0,R,2119.0,Z,0.0,Z,0.0,R,2119.0,R,1296.0,R,61.0,R,788.0,Z,0.0,Z,0.0,R,788.0,R,270.0,R,34.0,R,15.0
177542,2018,R,129.0,R,315.0,R,41.0,R,133.0,R,0.0,R,0.0,R,133.0,R,79.0,R,59.0,R,1.0,R,0.0,R,0.0,R,1.0,R,0.0,R,0.0,R,12.0
177551,2018,R,507.0,R,713.0,R,71.0,R,260.0,R,0.0,R,0.0,R,260.0,R,170.0,R,65.0,R,10.0,R,0.0,R,0.0,R,10.0,R,1.0,R,10.0,R,17.0
177588,2018,A,,A,,A,,R,2.0,R,0.0,R,0.0,R,2.0,R,1.0,R,50.0,A,,A,,A,,A,,A,,A,,R,25.0
177603,2018,A,,A,,A,,R,10.0,R,0.0,R,0.0,R,10.0,R,6.0,R,60.0,R,2.0,R,0.0,R,0.0,R,2.0,R,2.0,R,100.0,R,5.0
177676,2018,R,791.0,R,1272.0,R,62.0,R,779.0,R,1.0,R,0.0,R,778.0,R,463.0,R,60.0,R,172.0,R,0.0,R,0.0,R,172.0,R,74.0,R,43.0,R,18.0
177685,2018,A,,A,,A,,R,39.0,R,0.0,R,0.0,R,39.0,R,33.0,R,85.0,A,,A,,A,,A,,A,,A,,R,12.0
177719,2018,A,,A,,A,,A,,A,,A,,A,,A,,A,,A,,A,,A,,A,,A,,A,,R,9.0
177746,2018,R,139.0,R,207.0,R,67.0,R,171.0,R,0.0,R,0.0,R,171.0,R,140.0,R,82.0,A,,A,,A,,A,,A,,A,,R,9.0
177816,2018,R,8.0,R,21.0,R,38.0,R,8.0,R,0.0,R,0.0,R,8.0,R,7.0,R,88.0,A,,A,,A,,A,,A,,A,,R,7.0
177870,2018,A,,A,,A,,R,11.0,R,0.0,R,0.0,R,11.0,R,11.0,R,100.0,A,,A,,A,,A,,A,,A,,R,7.0
177931,2018,A,,A,,A,,R,10.0,R,0.0,R,0.0,R,10.0,R,6.0,R,60.0,A,,A,,A,,A,,A,,A,,R,3.0
177940,2018,R,398.0,R,872.0,R,46.0,R,453.0,R,0.0,R,0.0,R,453.0,R,225.0,R,50.0,R,6.0,R,0.0,R,0.0,R,6.0,R,2.0,R,33.0,R,18.0
177968,2018,R,1052.0,R,1832.0,R,57.0,R,928.0,R,0.0,R,0.0,R,928.0,R,652.0,R,70.0,R,8.0,R,0.0,R,0.0,R,8.0,R,1.0,R,13.0,R,14.0
177977,2018,R,610.0,R,786.0,R,78.0,R,510.0,R,0.0,R,0.0,R,510.0,R,436.0,R,85.0,R,10.0,R,0.0,R,0.0,R,10.0,R,6.0,R,60.0,R,12.0
177986,2018,R,18.0,R,93.0,R,19.0,R,7.0,R,0.0,R,0.0,R,7.0,R,2.0,R,29.0,R,1.0,R,0.0,R,0.0,R,1.0,R,0.0,R,0.0,R,13.0
177995,2018,R,2500.0,R,6652.0,R,38.0,R,2462.0,R,3.0,R,0.0,R,2459.0,R,1503.0,R,61.0,R,1087.0,R,0.0,R,0.0,R,1087.0,R,391.0,R,36.0,R,13.0
178004,2018,A,,A,,A,,R,1.0,Z,0.0,Z,0.0,R,1.0,R,1.0,R,100.0,R,5.0,Z,0.0,Z,0.0,R,5.0,R,2.0,R,40.0,R,7.0
178059,2018,R,668.0,R,1423.0,R,47.0,R,604.0,R,0.0,R,0.0,R,604.0,R,517.0,R,86.0,A,,A,,A,,A,,A,,A,,R,14.0
178077,2018,A,,A,,A,,R,2.0,R,0.0,R,0.0,R,2.0,R,1.0,R,50.0,A,,A,,A,,A,,A,,A,,R,13.0
178110,2018,R,9.0,R,27.0,R,33.0,R,8.0,R,0.0,R,0.0,R,8.0,R,5.0,R,63.0,A,,A,,A,,A,,A,,A,,R,11.0
178183,2018,A,,A,,A,,R,23.0,Z,0.0,Z,0.0,R,23.0,R,21.0,R,91.0,A,,A,,A,,A,,A,,A,,R,6.0
178208,2018,R,29.0,R,220.0,R,13.0,R,19.0,R,0.0,R,0.0,R,19.0,R,12.0,R,63.0,R,9.0,R,0.0,R,0.0,R,9.0,R,1.0,R,11.0,R,18.0
178217,2018,R,534.0,R,738.0,R,72.0,R,593.0,R,0.0,R,0.0,R,593.0,R,373.0,R,63.0,R,62.0,R,1.0,R,0.0,R,61.0,R,27.0,R,44.0,R,19.0
178244,2018,R,252.0,R,2730.0,R,9.0,R,276.0,R,0.0,R,0.0,R,276.0,R,183.0,R,66.0,R,3.0,R,0.0,R,0.0,R,3.0,R,3.0,R,100.0,R,19.0
178341,2018,R,861.0,R,1956.0,R,44.0,R,908.0,R,1.0,R,0.0,R,907.0,R,554.0,R,61.0,R,50.0,R,0.0,R,0.0,R,50.0,R,13.0,R,26.0,R,19.0
178369,2018,R,520.0,R,1072.0,R,49.0,R,391.0,R,1.0,R,0.0,R,390.0,R,172.0,R,44.0,R,1.0,R,0.0,R,0.0,R,1.0,R,0.0,R,0.0,R,16.0
178387,2018,R,986.0,R,1373.0,R,72.0,R,882.0,R,5.0,R,0.0,R,877.0,R,541.0,R,62.0,R,64.0,R,1.0,R,0.0,R,63.0,R,15.0,R,24.0,R,17.0
178396,2018,R,4615.0,R,5715.0,R,81.0,R,4096.0,R,5.0,R,0.0,R,4091.0,R,3575.0,R,87.0,R,38.0,R,0.0,R,0.0,R,38.0,R,26.0,R,68.0,R,17.0
178402,2018,R,1175.0,R,2363.0,R,50.0,R,1218.0,R,0.0,R,0.0,R,1218.0,R,891.0,R,73.0,R,26.0,R,0.0,R,0.0,R,26.0,R,9.0,R,35.0,R,15.0
178411,2018,R,1309.0,R,1652.0,R,79.0,R,1414.0,R,1.0,R,0.0,R,1413.0,R,1178.0,R,83.0,R,12.0,R,0.0,R,0.0,R,12.0,R,9.0,R,75.0,R,18.0
178420,2018,R,465.0,R,2012.0,R,23.0,R,469.0,R,1.0,R,0.0,R,468.0,R,354.0,R,76.0,R,13.0,R,1.0,R,0.0,R,12.0,R,1.0,R,8.0,R,19.0
178448,2018,R,873.0,R,2358.0,R,37.0,R,870.0,R,0.0,R,0.0,R,870.0,R,535.0,R,61.0,R,272.0,R,0.0,R,0.0,R,272.0,R,84.0,R,31.0,R,23.0
178466,2018,A,,A,,A,,R,20.0,R,0.0,R,0.0,R,20.0,R,19.0,R,95.0,A,,A,,A,,A,,A,,A,,R,4.0
178527,2018,A,,A,,A,,R,9.0,R,0.0,R,0.0,R,9.0,R,5.0,R,56.0,R,13.0,R,0.0,R,0.0,R,13.0,R,11.0,R,85.0,R,12.0
178615,2018,R,1097.0,R,1754.0,R,63.0,R,1322.0,R,3.0,R,0.0,R,1319.0,R,1101.0,R,83.0,R,6.0,R,0.0,R,0.0,R,6.0,R,4.0,R,67.0,R,17.0
178624,2018,R,1315.0,R,1989.0,R,66.0,R,1162.0,R,0.0,R,0.0,R,1162.0,R,906.0,R,78.0,R,54.0,R,0.0,R,0.0,R,54.0,R,36.0,R,67.0,R,22.0
178679,2018,R,133.0,R,186.0,R,72.0,R,106.0,R,0.0,R,0.0,R,106.0,R,86.0,R,81.0,R,3.0,R,0.0,R,0.0,R,3.0,R,2.0,R,67.0,R,15.0
178697,2018,R,314.0,R,343.0,R,92.0,R,367.0,R,0.0,R,0.0,R,367.0,R,276.0,R,75.0,R,1.0,R,0.0,R,0.0,R,1.0,R,1.0,R,100.0,R,14.0
178721,2018,R,216.0,R,1363.0,R,16.0,R,225.0,R,0.0,R,0.0,R,225.0,R,123.0,R,55.0,R,222.0,R,0.0,R,0.0,R,222.0,R,66.0,R,30.0,R,15.0
178767,2018,R,7.0,R,32.0,R,22.0,R,1.0,R,0.0,R,0.0,R,1.0,R,1.0,R,100.0,R,0.0,R,0.0,R,0.0,R,0.0,R,0.0,A,,R,10.0
178828,2018,A,,A,,A,,R,16.0,R,0.0,R,0.0,R,16.0,R,15.0,R,94.0,A,,A,,A,,A,,A,,A,,R,2.0
178891,2018,R,425.0,R,756.0,R,56.0,R,18.0,R,0.0,R,0.0,R,18.0,R,11.0,R,61.0,R,1.0,R,0.0,R,0.0,R,1.0,R,0.0,R,0.0,R,11.0
178989,2018,A,,A,,A,,A,,A,,A,,A,,A,,A,,A,,A,,A,,A,,A,,A,,R,7.0
179043,2018,R,402.0,R,859.0,R,47.0,R,430.0,R,0.0,R,0.0,R,430.0,R,368.0,R,86.0,A,,A,,A,,A,,A,,A,,R,14.0
179052,2018,A,,A,,A,,R,30.0,R,0.0,R,0.0,R,30.0,R,15.0,R,50.0,A,,A,,A,,A,,A,,A,,R,6.0
179159,2018,R,1511.0,R,3743.0,R,40.0,R,1632.0,R,0.0,R,0.0,R,1632.0,R,1462.0,R,90.0,R,1.0,R,0.0,R,0.0,R,1.0,R,1.0,R,100.0,R,9.0
179195,2018,A,,A,,A,,R,8.0,R,0.0,R,0.0,R,8.0,R,4.0,R,50.0,A,,A,,A,,A,,A,,A,,R,17.0
179229,2018,A,,A,,A,,R,8.0,R,0.0,R,0.0,R,8.0,R,7.0,R,88.0,A,,A,,A,,A,,A,,A,,R,7.0
179238,2018,A,,A,,A,,R,14.0,R,0.0,R,0.0,R,14.0,R,12.0,R,86.0,A,,A,,A,,A,,A,,A,,R,4.0
179256,2018,R,7.0,R,45.0,R,16.0,R,1.0,R,0.0,Z,0.0,R,1.0,R,1.0,R,100.0,R,0.0,Z,0.0,Z,0.0,R,0.0,R,0.0,A,,R,5.0
179265,2018,R,107.0,R,137.0,R,78.0,R,106.0,R,0.0,R,0.0,R,106.0,R,95.0,R,90.0,A,,A,,A,,A,,A,,A,,R,9.0
179308,2018,R,2147.0,R,4644.0,R,46.0,R,2384.0,R,0.0,R,0.0,R,2384.0,R,1399.0,R,59.0,R,1110.0,R,0.0,R,0.0,R,1110.0,R,416.0,R,37.0,R,19.0
179326,2018,R,438.0,R,952.0,R,46.0,R,453.0,R,0.0,R,0.0,R,453.0,R,322.0,R,71.0,R,21.0,R,0.0,R,0.0,R,21.0,R,8.0,R,38.0,R,12.0
179344,2018,R,370.0,R,987.0,R,37.0,R,356.0,R,0.0,R,0.0,R,356.0,R,180.0,R,51.0,R,62.0,R,0.0,R,0.0,R,62.0,R,12.0,R,19.0,R,14.0
179450,2018,R,6.0,R,167.0,R,4.0,R,0.0,R,0.0,R,0.0,R,0.0,R,0.0,A,,R,0.0,R,0.0,R,0.0,R,0.0,R,0.0,A,,R,12.0
179511,2018,A,,A,,A,,R,22.0,R,0.0,R,0.0,R,22.0,R,14.0,R,64.0,R,18.0,R,0.0,R,0.0,R,18.0,R,6.0,R,33.0,R,10.0
179539,2018,R,902.0,R,2221.0,R,41.0,R,879.0,R,1.0,R,0.0,R,878.0,R,548.0,R,62.0,R,209.0,R,1.0,R,0.0,R,208.0,R,68.0,R,33.0,R,21.0
179548,2018,R,117.0,R,157.0,R,75.0,R,129.0,Z,0.0,Z,0.0,R,129.0,R,82.0,R,64.0,R,0.0,Z,0.0,Z,0.0,R,0.0,R,0.0,A,,R,11.0
179557,2018,R,1466.0,R,3300.0,R,44.0,R,1680.0,R,0.0,R,0.0,R,1680.0,R,1250.0,R,74.0,R,113.0,R,0.0,R,0.0,R,113.0,R,52.0,R,46.0,R,20.0
179566,2018,R,3006.0,R,7083.0,R,42.0,R,3182.0,R,0.0,R,0.0,R,3182.0,R,2471.0,R,78.0,R,55.0,R,0.0,R,0.0,R,55.0,R,25.0,R,45.0,R,21.0
179645,2018,R,569.0,R,1242.0,R,46.0,R,639.0,R,2.0,R,0.0,R,637.0,R,369.0,R,58.0,R,179.0,R,0.0,R,0.0,R,179.0,R,69.0,R,39.0,R,19.0
179715,2018,R,351.0,R,576.0,R,61.0,R,329.0,R,0.0,R,0.0,R,329.0,R,182.0,R,55.0,R,94.0,R,0.0,R,0.0,R,94.0,R,38.0,R,40.0,R,21.0
179867,2018,R,1785.0,R,2084.0,R,86.0,R,1771.0,R,1.0,Z,0.0,R,1770.0,R,1711.0,R,97.0,R,7.0,R,0.0,Z,0.0,R,7.0,R,3.0,R,43.0,R,7.0
179894,2018,R,483.0,R,964.0,R,50.0,R,511.0,R,0.0,R,0.0,R,511.0,R,398.0,R,78.0,R,4.0,R,0.0,R,0.0,R,4.0,R,1.0,R,25.0,R,12.0
179946,2018,R,173.0,R,205.0,R,84.0,R,174.0,R,0.0,R,0.0,R,174.0,R,133.0,R,76.0,A,,A,,A,,A,,A,,A,,R,11.0
179955,2018,R,167.0,R,204.0,R,82.0,R,198.0,R,0.0,R,0.0,R,198.0,R,144.0,R,73.0,A,,A,,A,,A,,A,,A,,R,10.0
179964,2018,R,188.0,R,313.0,R,60.0,R,190.0,R,0.0,R,0.0,R,190.0,R,141.0,R,74.0,R,3.0,R,1.0,R,0.0,R,2.0,R,0.0,R,0.0,R,10.0
179991,2018,A,,A,,A,,R,24.0,R,0.0,R,0.0,R,24.0,R,19.0,R,79.0,A,,A,,A,,A,,A,,A,,R,21.0
180054,2018,R,61.0,R,87.0,R,70.0,R,54.0,R,0.0,R,0.0,R,54.0,R,54.0,R,100.0,R,4.0,R,0.0,R,0.0,R,4.0,R,4.0,R,100.0,R,9.0
180063,2018,A,,A,,A,,R,16.0,R,0.0,R,0.0,R,16.0,R,9.0,R,56.0,A,,A,,A,,A,,A,,A,,R,7.0
180081,2018,R,133.0,R,470.0,R,28.0,R,143.0,R,0.0,R,0.0,R,143.0,R,77.0,R,54.0,R,9.0,R,0.0,R,0.0,R,9.0,R,3.0,R,33.0,R,13.0
180090,2018,A,,A,,A,,R,21.0,R,0.0,R,0.0,R,21.0,R,19.0,R,90.0,A,,A,,A,,A,,A,,A,,R,13.0
180106,2018,R,254.0,R,396.0,R,64.0,R,294.0,R,0.0,R,0.0,R,294.0,R,237.0,R,81.0,A,,A,,A,,A,,A,,A,,R,12.0
180151,2018,R,74.0,R,225.0,R,33.0,R,106.0,R,0.0,R,0.0,R,106.0,R,51.0,R,48.0,R,6.0,R,0.0,R,0.0,R,6.0,R,3.0,R,50.0,R,14.0
180160,2018,R,21.0,R,27.0,R,78.0,R,15.0,R,0.0,R,0.0,R,15.0,R,12.0,R,80.0,R,7.0,R,0.0,R,0.0,R,7.0,R,5.0,R,71.0,R,12.0
180179,2018,R,536.0,R,1409.0,R,38.0,R,376.0,R,0.0,R,0.0,R,376.0,R,204.0,R,54.0,R,45.0,R,0.0,R,0.0,R,45.0,R,18.0,R,40.0,R,14.0
180197,2018,R,255.0,R,923.0,R,28.0,R,284.0,R,0.0,R,0.0,R,284.0,R,179.0,R,63.0,R,103.0,R,0.0,R,0.0,R,103.0,R,40.0,R,39.0,R,12.0
180203,2018,R,39.0,R,76.0,R,51.0,R,35.0,R,0.0,R,0.0,R,35.0,R,12.0,R,34.0,R,5.0,R,0.0,R,0.0,R,5.0,R,0.0,R,0.0,R,10.0
180212,2018,R,42.0,R,82.0,R,51.0,R,45.0,R,0.0,R,0.0,R,45.0,R,18.0,R,40.0,R,4.0,R,0.0,R,0.0,R,4.0,R,2.0,R,50.0,R,10.0
180249,2018,R,156.0,R,668.0,R,23.0,R,123.0,R,0.0,R,0.0,R,123.0,R,53.0,R,43.0,R,80.0,R,0.0,R,0.0,R,80.0,R,31.0,R,39.0,R,12.0
180258,2018,R,136.0,R,323.0,R,42.0,R,92.0,R,0.0,R,0.0,R,92.0,R,48.0,R,52.0,R,9.0,R,0.0,R,0.0,R,9.0,R,4.0,R,44.0,R,12.0
180276,2018,R,133.0,R,838.0,R,16.0,R,156.0,Z,0.0,Z,0.0,R,156.0,R,87.0,R,56.0,R,47.0,Z,0.0,Z,0.0,R,47.0,R,15.0,R,32.0,R,12.0
180328,2018,R,72.0,R,73.0,R,99.0,R,58.0,R,1.0,R,0.0,R,57.0,R,38.0,R,67.0,R,1.0,R,0.0,R,0.0,R,1.0,R,0.0,R,0.0,R,15.0
180373,2018,R,125.0,R,237.0,R,53.0,R,133.0,R,1.0,R,0.0,R,132.0,R,69.0,R,52.0,R,15.0,R,0.0,R,0.0,R,15.0,R,5.0,R,33.0,R,11.0
180416,2018,R,274.0,R,399.0,R,69.0,R,236.0,R,0.0,R,0.0,R,236.0,R,172.0,R,73.0,R,1.0,R,0.0,R,0.0,R,1.0,R,0.0,R,0.0,R,13.0
180461,2018,R,2805.0,R,4451.0,R,63.0,R,2700.0,R,0.0,R,0.0,R,2700.0,R,2083.0,R,77.0,R,518.0,R,0.0,R,0.0,R,518.0,R,309.0,R,60.0,R,19.0
180489,2018,R,1372.0,R,2180.0,R,63.0,R,1219.0,R,0.0,R,0.0,R,1219.0,R,834.0,R,68.0,R,45.0,R,0.0,R,0.0,R,45.0,R,14.0,R,31.0,R,16.0
180522,2018,R,180.0,R,352.0,R,51.0,R,82.0,R,0.0,R,0.0,R,82.0,R,54.0,R,66.0,R,1.0,R,0.0,R,0.0,R,1.0,R,0.0,R,0.0,R,15.0
180595,2018,R,252.0,R,307.0,R,82.0,R,247.0,R,2.0,R,0.0,R,245.0,R,163.0,R,67.0,R,0.0,R,0.0,R,0.0,R,0.0,R,0.0,A,,R,11.0
180647,2018,R,121.0,R,214.0,R,57.0,R,19.0,Z,0.0,Z,0.0,R,19.0,R,11.0,R,58.0,R,2.0,Z,0.0,Z,0.0,R,2.0,R,1.0,R,50.0,R,8.0
180692,2018,R,240.0,R,472.0,R,51.0,R,165.0,R,0.0,R,0.0,R,165.0,R,124.0,R,75.0,R,1.0,Z,0.0,Z,0.0,R,1.0,R,0.0,R,0.0,R,17.0
180771,2018,A,,A,,A,,R,10.0,R,0.0,R,0.0,R,10.0,R,6.0,R,60.0,A,,A,,A,,A,,A,,A,,R,6.0
180814,2018,R,27.0,R,2338.0,R,1.0,R,35.0,R,0.0,R,0.0,R,35.0,R,27.0,R,77.0,R,14.0,R,0.0,R,0.0,R,14.0,R,5.0,R,36.0,R,27.0
180832,2018,R,17.0,R,184.0,R,9.0,R,23.0,R,0.0,R,0.0,R,23.0,R,16.0,R,70.0,R,0.0,R,0.0,R,0.0,R,0.0,R,0.0,A,,R,18.0
180878,2018,R,60.0,R,179.0,R,34.0,R,47.0,R,0.0,R,0.0,R,47.0,R,39.0,R,83.0,R,6.0,R,0.0,R,0.0,R,6.0,R,3.0,R,50.0,R,9.0
180902,2018,R,589.0,R,2636.0,R,22.0,R,561.0,R,2.0,R,0.0,R,559.0,R,373.0,R,67.0,R,182.0,R,0.0,R,0.0,R,182.0,R,90.0,R,49.0,R,14.0
180948,2018,R,367.0,R,653.0,R,56.0,R,394.0,R,0.0,R,0.0,R,394.0,R,226.0,R,57.0,R,3.0,R,0.0,R,0.0,R,3.0,R,0.0,R,0.0,R,17.0
180957,2018,A,,A,,A,,R,65.0,R,0.0,Z,0.0,R,65.0,R,49.0,R,75.0,A,,A,,A,,A,,A,,A,,R,9.0
180984,2018,R,356.0,R,863.0,R,41.0,R,348.0,Z,0.0,Z,0.0,R,348.0,R,273.0,R,78.0,A,,A,,A,,A,,A,,A,,R,14.0
181002,2018,R,1155.0,R,1357.0,R,85.0,R,1117.0,R,0.0,R,0.0,R,1117.0,R,999.0,R,89.0,R,3.0,R,0.0,R,0.0,R,3.0,R,0.0,R,0.0,R,11.0
181020,2018,R,259.0,R,300.0,R,86.0,R,299.0,R,0.0,R,0.0,R,299.0,R,212.0,R,71.0,A,,A,,A,,A,,A,,A,,R,11.0
181127,2018,R,263.0,R,394.0,R,67.0,R,306.0,R,0.0,R,0.0,R,306.0,R,203.0,R,66.0,A,,A,,A,,A,,A,,A,,R,12.0
181145,2018,A,,A,,A,,A,,A,,A,,A,,A,,A,,A,,A,,A,,A,,A,,A,,R,6.0
181190,2018,A,,A,,A,,R,34.0,R,0.0,R,0.0,R,34.0,R,16.0,R,47.0,A,,A,,A,,A,,A,,A,,R,8.0
181215,2018,R,939.0,R,1296.0,R,72.0,R,897.0,R,0.0,R,0.0,R,897.0,R,718.0,R,80.0,R,7.0,R,0.0,R,0.0,R,7.0,R,4.0,R,57.0,R,13.0
181242,2018,A,,A,,A,,R,0.0,Z,0.0,Z,0.0,R,0.0,Z,0.0,A,,R,1.0,R,0.0,Z,0.0,R,1.0,R,1.0,R,100.0,R,20.0
181297,2018,R,41.0,R,178.0,R,23.0,R,35.0,Z,0.0,Z,0.0,R,35.0,R,29.0,R,83.0,R,1.0,Z,0.0,Z,0.0,R,1.0,R,0.0,R,0.0,R,13.0
181303,2018,R,695.0,R,5099.0,R,14.0,R,665.0,R,0.0,R,0.0,R,665.0,R,354.0,R,53.0,R,585.0,R,0.0,R,0.0,R,585.0,R,250.0,R,43.0,R,14.0
181312,2018,R,329.0,R,494.0,R,67.0,R,321.0,R,0.0,R,0.0,R,321.0,R,200.0,R,62.0,R,44.0,R,0.0,R,0.0,R,44.0,R,11.0,R,25.0,R,11.0
181330,2018,R,330.0,R,933.0,R,35.0,R,326.0,R,1.0,R,0.0,R,325.0,R,196.0,R,60.0,R,0.0,R,0.0,R,0.0,R,0.0,R,0.0,A,,R,16.0
181376,2018,R,31.0,R,52.0,R,60.0,R,46.0,R,0.0,R,0.0,R,46.0,R,23.0,R,50.0,R,0.0,R,0.0,R,0.0,R,0.0,R,0.0,A,,R,13.0
181394,2018,R,2103.0,R,3320.0,R,63.0,R,1550.0,R,0.0,R,0.0,R,1550.0,R,1157.0,R,75.0,R,72.0,R,0.0,R,0.0,R,72.0,R,25.0,R,35.0,R,15.0
181400,2018,A,,A,,A,,R,0.0,Z,0.0,Z,0.0,R,0.0,Z,0.0,A,,R,3.0,R,0.0,Z,0.0,R,3.0,R,0.0,R,0.0,R,20.0
181419,2018,R,11.0,R,56.0,R,20.0,R,18.0,R,1.0,R,0.0,R,17.0,R,10.0,R,59.0,R,12.0,R,0.0,R,0.0,R,12.0,R,5.0,R,42.0,R,5.0
181428,2018,A,,A,,A,,A,,A,,A,,A,,A,,A,,A,,A,,A,,A,,A,,A,,R,2.0
181446,2018,R,487.0,R,590.0,R,83.0,R,406.0,R,0.0,R,0.0,R,406.0,R,339.0,R,83.0,A,,A,,A,,A,,A,,A,,R,10.0
181464,2018,R,4802.0,R,5790.0,R,83.0,R,4883.0,R,0.0,Z,0.0,R,4883.0,R,4061.0,R,83.0,R,22.0,R,0.0,Z,0.0,R,22.0,R,11.0,R,50.0,R,18.0
181491,2018,R,894.0,R,1339.0,R,67.0,R,885.0,R,0.0,R,0.0,R,885.0,R,595.0,R,67.0,R,68.0,R,0.0,R,0.0,R,68.0,R,19.0,R,28.0,R,16.0
181534,2018,R,218.0,R,526.0,R,41.0,R,229.0,R,0.0,R,0.0,R,229.0,R,143.0,R,62.0,R,5.0,R,0.0,R,0.0,R,5.0,R,0.0,R,0.0,R,19.0
181543,2018,R,4.0,R,10.0,R,40.0,R,2.0,R,0.0,R,0.0,R,2.0,R,2.0,R,100.0,R,0.0,R,0.0,R,0.0,R,0.0,R,0.0,A,,R,7.0
181604,2018,R,119.0,R,287.0,R,41.0,R,101.0,R,0.0,R,0.0,R,101.0,R,77.0,R,76.0,R,0.0,R,0.0,R,0.0,R,0.0,R,0.0,A,,R,10.0
181640,2018,R,1043.0,R,4056.0,R,26.0,R,972.0,R,0.0,R,0.0,R,972.0,R,598.0,R,62.0,R,422.0,R,0.0,R,0.0,R,422.0,R,184.0,R,44.0,R,12.0
181738,2018,R,154.0,R,213.0,R,72.0,R,138.0,R,0.0,R,0.0,R,138.0,R,97.0,R,70.0,R,0.0,R,0.0,R,0.0,R,0.0,R,0.0,A,,R,9.0
181765,2018,R,119.0,R,189.0,R,63.0,R,103.0,R,0.0,R,0.0,R,103.0,R,57.0,R,55.0,R,0.0,R,0.0,R,0.0,R,0.0,R,0.0,A,,R,15.0
181783,2018,R,721.0,R,1133.0,R,64.0,R,605.0,R,0.0,R,0.0,R,605.0,R,453.0,R,75.0,R,1.0,R,0.0,R,0.0,R,1.0,R,0.0,R,0.0,R,20.0
181817,2018,R,319.0,R,870.0,R,37.0,R,273.0,R,0.0,R,0.0,R,273.0,R,147.0,R,54.0,R,64.0,R,0.0,R,0.0,R,64.0,R,17.0,R,27.0,R,13.0
181853,2018,R,113.0,R,154.0,R,73.0,R,132.0,R,0.0,R,0.0,R,132.0,R,69.0,R,52.0,A,,A,,A,,A,,A,,A,,R,11.0
181880,2018,A,,A,,A,,R,106.0,R,0.0,R,0.0,R,106.0,R,84.0,R,79.0,A,,A,,A,,A,,A,,A,,R,16.0
181941,2018,A,,A,,A,,R,122.0,Z,0.0,Z,0.0,R,122.0,R,92.0,R,75.0,A,,A,,A,,A,,A,,A,,R,11.0
182005,2018,R,3272.0,R,11279.0,R,29.0,R,0.0,R,0.0,R,0.0,R,0.0,R,0.0,A,,R,0.0,R,0.0,R,0.0,R,0.0,R,0.0,A,,R,23.0
182111,2018,R,42.0,R,133.0,R,32.0,R,49.0,Z,0.0,Z,0.0,R,49.0,R,23.0,R,47.0,R,26.0,Z,0.0,Z,0.0,R,26.0,R,8.0,R,31.0,R,15.0
182148,2018,A,,A,,A,,R,23.0,Z,0.0,Z,0.0,R,23.0,R,13.0,R,57.0,A,,A,,A,,A,,A,,A,,R,8.0
182281,2018,R,3947.0,R,6834.0,R,58.0,R,4048.0,R,1.0,R,0.0,R,4047.0,R,3073.0,R,76.0,R,91.0,R,0.0,R,0.0,R,91.0,R,49.0,R,54.0,R,20.0
182290,2018,R,3651.0,R,5079.0,R,72.0,R,3591.0,R,0.0,R,0.0,R,3591.0,R,2899.0,R,81.0,R,52.0,R,0.0,R,0.0,R,52.0,R,17.0,R,33.0,R,19.0
182306,2018,R,252.0,R,649.0,R,39.0,R,16.0,R,0.0,R,0.0,R,16.0,R,10.0,R,63.0,R,23.0,R,0.0,R,0.0,R,23.0,R,7.0,R,30.0,R,15.0
182458,2018,R,80.0,R,152.0,R,53.0,R,71.0,R,0.0,R,0.0,R,71.0,R,40.0,R,56.0,R,1.0,R,0.0,R,0.0,R,1.0,R,1.0,R,100.0,R,10.0
182500,2018,R,925.0,R,2493.0,R,37.0,R,0.0,R,0.0,R,0.0,R,0.0,R,0.0,A,,R,0.0,R,0.0,R,0.0,R,0.0,R,0.0,A,,R,20.0
182564,2018,R,337.0,R,961.0,R,35.0,R,0.0,R,0.0,R,0.0,R,0.0,R,0.0,A,,R,0.0,R,0.0,R,0.0,R,0.0,R,0.0,A,,R,17.0
182634,2018,R,235.0,R,267.0,R,88.0,R,271.0,R,0.0,R,0.0,R,271.0,R,198.0,R,73.0,R,0.0,R,0.0,R,0.0,R,0.0,R,0.0,A,,R,12.0
182652,2018,A,,A,,A,,R,18.0,R,0.0,R,0.0,R,18.0,R,17.0,R,94.0,A,,A,,A,,A,,A,,A,,R,12.0
182670,2018,R,1167.0,R,1265.0,R,92.0,R,1215.0,R,0.0,Z,0.0,R,1215.0,R,1174.0,R,97.0,A,,A,,A,,A,,A,,A,,R,7.0
182704,2018,A,,A,,A,,R,3.0,R,0.0,R,0.0,R,3.0,R,2.0,R,67.0,R,4.0,R,0.0,R,0.0,R,4.0,R,3.0,R,75.0,R,15.0
182722,2018,A,,A,,A,,R,1.0,R,0.0,R,0.0,R,1.0,R,1.0,R,100.0,R,3.0,R,0.0,R,0.0,R,3.0,R,3.0,R,100.0,R,20.0
182795,2018,R,458.0,R,522.0,R,88.0,R,462.0,R,0.0,R,0.0,R,462.0,R,277.0,R,60.0,R,0.0,Z,0.0,Z,0.0,R,0.0,R,0.0,A,,R,12.0
182892,2018,A,,A,,A,,R,21.0,R,0.0,R,0.0,R,21.0,R,19.0,R,90.0,R,5.0,R,0.0,R,0.0,R,5.0,R,4.0,R,80.0,R,13.0
182917,2018,R,24.0,R,30.0,R,80.0,R,15.0,R,0.0,R,0.0,R,15.0,R,11.0,R,73.0,A,,A,,A,,A,,A,,A,,R,7.0
182953,2018,A,,A,,A,,R,37.0,R,0.0,R,0.0,R,37.0,R,25.0,R,68.0,A,,A,,A,,A,,A,,A,,R,15.0
182980,2018,A,,A,,A,,R,478.0,R,1.0,R,0.0,R,477.0,R,265.0,R,56.0,R,2.0,R,1.0,R,0.0,R,1.0,R,0.0,R,0.0,R,15.0
182999,2018,A,,A,,A,,R,25.0,Z,0.0,Z,0.0,R,25.0,R,20.0,R,80.0,R,2.0,Z,0.0,Z,0.0,R,2.0,R,2.0,R,100.0,R,7.0
183026,2018,R,2832.0,R,22877.0,R,12.0,R,1539.0,R,0.0,R,0.0,R,1539.0,R,1053.0,R,68.0,R,3630.0,R,0.0,R,0.0,R,3630.0,R,1545.0,R,43.0,R,24.0
183035,2018,A,,A,,A,,A,,A,,A,,A,,A,,A,,A,,A,,A,,A,,A,,A,,R,12.0
183044,2018,R,3031.0,R,3573.0,R,85.0,R,2950.0,R,0.0,R,0.0,R,2950.0,R,2531.0,R,86.0,R,0.0,R,0.0,R,0.0,R,0.0,R,0.0,A,,R,19.0
183062,2018,R,947.0,R,1100.0,R,86.0,R,928.0,Z,0.0,Z,0.0,R,928.0,R,669.0,R,72.0,R,3.0,Z,0.0,Z,0.0,R,3.0,R,1.0,R,33.0,R,14.0
183071,2018,R,93.0,R,247.0,R,38.0,R,51.0,R,0.0,R,0.0,R,51.0,R,43.0,R,84.0,R,0.0,R,0.0,R,0.0,R,0.0,R,0.0,A,,R,10.0
183080,2018,R,1090.0,R,1356.0,R,80.0,R,1107.0,R,0.0,R,0.0,R,1107.0,R,768.0,R,69.0,R,3.0,R,0.0,R,0.0,R,3.0,R,0.0,R,0.0,R,17.0
183099,2018,R,540.0,R,1265.0,R,43.0,R,698.0,Z,0.0,Z,0.0,R,698.0,R,456.0,R,65.0,R,310.0,Z,0.0,Z,0.0,R,310.0,R,133.0,R,43.0,R,11.0
183105,2018,R,133.0,R,285.0,R,47.0,R,113.0,R,0.0,R,0.0,R,113.0,R,78.0,R,69.0,R,48.0,R,0.0,R,0.0,R,48.0,R,25.0,R,52.0,R,7.0
183114,2018,R,42.0,R,300.0,R,14.0,R,42.0,R,0.0,R,0.0,R,42.0,R,29.0,R,69.0,R,107.0,R,0.0,R,0.0,R,107.0,R,53.0,R,50.0,R,5.0
183123,2018,R,138.0,R,271.0,R,51.0,R,172.0,Z,0.0,Z,0.0,R,172.0,R,107.0,R,62.0,R,34.0,R,0.0,R,0.0,R,34.0,R,9.0,R,26.0,R,10.0
183132,2018,R,317.0,R,1088.0,R,29.0,R,250.0,Z,0.0,Z,0.0,R,250.0,R,170.0,R,68.0,R,241.0,Z,0.0,Z,0.0,R,241.0,R,163.0,R,68.0,R,9.0
183141,2018,R,191.0,R,570.0,R,34.0,R,221.0,R,0.0,R,0.0,R,221.0,R,142.0,R,64.0,R,188.0,R,0.0,R,0.0,R,188.0,R,99.0,R,53.0,R,7.0
183150,2018,R,207.0,R,805.0,R,26.0,R,226.0,R,0.0,R,0.0,R,226.0,R,111.0,R,49.0,R,194.0,R,0.0,R,0.0,R,194.0,R,97.0,R,50.0,R,9.0
183202,2018,A,,A,,A,,R,7.0,R,0.0,R,0.0,R,7.0,R,6.0,R,86.0,A,,A,,A,,A,,A,,A,,R,12.0
183211,2018,R,267.0,R,425.0,R,63.0,R,265.0,R,0.0,R,0.0,R,265.0,R,190.0,R,72.0,R,0.0,R,0.0,R,0.0,R,0.0,R,0.0,A,,R,12.0
183239,2018,R,591.0,R,610.0,R,97.0,R,546.0,R,0.0,R,0.0,R,546.0,R,496.0,R,91.0,R,0.0,R,0.0,R,0.0,R,0.0,R,0.0,A,,R,11.0
183248,2018,A,,A,,A,,R,0.0,R,0.0,R,0.0,R,0.0,R,0.0,A,,R,0.0,R,0.0,R,0.0,R,0.0,R,0.0,A,,R,8.0
183257,2018,R,44.0,R,484.0,R,9.0,R,25.0,R,0.0,R,0.0,R,25.0,R,8.0,R,32.0,R,10.0,R,0.0,R,0.0,R,10.0,R,5.0,R,50.0,R,18.0
183275,2018,R,23.0,R,36.0,R,64.0,R,13.0,R,0.0,R,0.0,R,13.0,R,10.0,R,77.0,A,,A,,A,,A,,A,,A,,R,9.0
183488,2018,R,136.0,R,188.0,R,72.0,R,109.0,R,0.0,R,0.0,R,109.0,R,62.0,R,57.0,R,3.0,R,0.0,R,0.0,R,3.0,R,2.0,R,67.0,R,11.0
183600,2018,R,6.0,R,21.0,R,29.0,R,9.0,R,0.0,R,0.0,R,9.0,R,9.0,R,100.0,R,10.0,R,0.0,R,0.0,R,10.0,R,9.0,R,90.0,R,8.0
183655,2018,R,837.0,R,1515.0,R,55.0,R,876.0,R,0.0,R,0.0,R,876.0,R,542.0,R,62.0,R,365.0,R,0.0,R,0.0,R,365.0,R,167.0,R,46.0,R,18.0
183725,2018,A,,A,,A,,R,139.0,Z,0.0,Z,0.0,R,139.0,R,109.0,R,78.0,R,18.0,Z,0.0,Z,0.0,R,18.0,R,10.0,R,56.0,R,13.0
183743,2018,R,2166.0,R,4063.0,R,53.0,R,2312.0,R,0.0,R,0.0,R,2312.0,R,1515.0,R,66.0,R,533.0,R,0.0,R,0.0,R,533.0,R,283.0,R,53.0,R,19.0
183789,2018,R,423.0,R,961.0,R,44.0,R,178.0,R,0.0,R,0.0,R,178.0,R,108.0,R,61.0,R,6.0,R,0.0,R,0.0,R,6.0,R,3.0,R,50.0,R,15.0
183804,2018,A,,A,,A,,A,,A,,A,,A,,A,,A,,A,,A,,A,,A,,A,,A,,R,18.0
183822,2018,R,391.0,R,526.0,R,74.0,R,404.0,Z,0.0,Z,0.0,R,404.0,R,242.0,R,60.0,R,1.0,Z,0.0,Z,0.0,R,1.0,Z,0.0,R,0.0,R,14.0
183859,2018,R,1792.0,R,3588.0,R,50.0,R,1908.0,R,0.0,R,0.0,R,1908.0,R,1374.0,R,72.0,R,548.0,R,0.0,R,0.0,R,548.0,R,290.0,R,53.0,R,20.0
183877,2018,R,1600.0,R,2948.0,R,54.0,R,1564.0,R,0.0,R,0.0,R,1564.0,R,1065.0,R,68.0,R,381.0,R,0.0,R,0.0,R,381.0,R,162.0,R,43.0,R,23.0
183910,2018,R,494.0,R,583.0,R,85.0,R,361.0,R,0.0,R,0.0,R,361.0,R,285.0,R,79.0,A,,A,,A,,A,,A,,A,,R,13.0
183938,2018,R,1053.0,R,2816.0,R,37.0,R,1488.0,R,0.0,R,0.0,R,1488.0,R,841.0,R,57.0,R,371.0,R,0.0,R,0.0,R,371.0,R,158.0,R,43.0,R,23.0
183974,2018,R,224.0,R,402.0,R,56.0,R,212.0,R,0.0,R,0.0,R,212.0,R,146.0,R,69.0,R,7.0,R,0.0,R,0.0,R,7.0,R,1.0,R,14.0,R,13.0
183983,2018,A,,A,,A,,R,50.0,R,0.0,R,0.0,R,50.0,R,32.0,R,64.0,A,,A,,A,,A,,A,,A,,R,18.0
184047,2018,A,,A,,A,,R,9.0,R,0.0,R,0.0,R,9.0,R,5.0,R,56.0,A,,A,,A,,A,,A,,A,,R,11.0
184056,2018,A,,A,,A,,R,89.0,R,0.0,R,0.0,R,89.0,R,69.0,R,78.0,R,23.0,R,0.0,R,0.0,R,23.0,R,14.0,R,61.0,R,14.0
184092,2018,A,,A,,A,,R,74.0,R,0.0,R,0.0,R,74.0,R,49.0,R,66.0,A,,A,,A,,A,,A,,A,,R,22.0
184180,2018,R,1006.0,R,2411.0,R,42.0,R,1114.0,R,0.0,R,0.0,R,1114.0,R,808.0,R,73.0,R,510.0,R,0.0,R,0.0,R,510.0,R,302.0,R,59.0,R,17.0
184205,2018,R,541.0,R,888.0,R,61.0,R,662.0,R,0.0,R,0.0,R,662.0,R,411.0,R,62.0,R,252.0,R,0.0,R,0.0,R,252.0,R,115.0,R,46.0,R,17.0
184278,2018,A,,A,,A,,A,,A,,A,,A,,A,,A,,A,,A,,A,,A,,A,,A,,R,6.0
184348,2018,R,420.0,R,578.0,R,73.0,R,371.0,R,0.0,R,0.0,R,371.0,R,310.0,R,84.0,A,,A,,A,,A,,A,,A,,R,11.0
184427,2018,A,,A,,A,,R,81.0,R,0.0,R,0.0,R,81.0,R,65.0,R,80.0,R,12.0,R,0.0,R,0.0,R,12.0,R,9.0,R,75.0,R,15.0
184481,2018,R,1119.0,R,1822.0,R,61.0,R,1249.0,R,0.0,R,0.0,R,1249.0,R,645.0,R,52.0,R,398.0,R,0.0,R,0.0,R,398.0,R,129.0,R,32.0,R,22.0
184506,2018,A,,A,,A,,R,39.0,R,0.0,Z,0.0,R,39.0,R,24.0,R,62.0,R,6.0,R,0.0,Z,0.0,R,6.0,R,4.0,R,67.0,R,14.0
184603,2018,R,527.0,R,3198.0,R,16.0,R,561.0,R,0.0,R,0.0,R,561.0,R,448.0,R,80.0,R,7.0,R,0.0,R,0.0,R,7.0,R,3.0,R,43.0,R,13.0
184612,2018,R,288.0,R,451.0,R,64.0,R,308.0,R,0.0,R,0.0,R,308.0,R,236.0,R,77.0,A,,A,,A,,A,,A,,A,,R,13.0
184694,2018,R,671.0,R,808.0,R,83.0,R,799.0,R,0.0,R,6.0,R,805.0,R,687.0,R,85.0,R,3.0,R,0.0,R,0.0,R,3.0,R,1.0,R,33.0,R,13.0
184746,2018,A,,A,,A,,R,136.0,R,1.0,R,0.0,R,135.0,R,107.0,R,79.0,R,27.0,R,0.0,R,0.0,R,27.0,R,19.0,R,70.0,R,12.0
184773,2018,R,280.0,R,732.0,R,38.0,R,216.0,R,0.0,R,0.0,R,216.0,R,159.0,R,74.0,R,0.0,R,0.0,R,0.0,R,0.0,R,0.0,A,,R,12.0
184782,2018,R,2677.0,R,4993.0,R,54.0,R,2458.0,R,0.0,R,0.0,R,2458.0,R,2073.0,R,84.0,R,8.0,R,0.0,R,0.0,R,8.0,R,3.0,R,38.0,R,17.0
184791,2018,R,1669.0,R,2897.0,R,58.0,R,1757.0,R,0.0,R,0.0,R,1757.0,R,1156.0,R,66.0,R,442.0,R,0.0,R,0.0,R,442.0,R,197.0,R,45.0,R,29.0
184816,2018,A,,A,,A,,R,51.0,R,0.0,Z,0.0,R,51.0,R,32.0,R,63.0,R,15.0,R,0.0,Z,0.0,R,15.0,R,10.0,R,67.0,R,13.0
184870,2018,A,,A,,A,,R,53.0,R,0.0,R,0.0,R,53.0,R,34.0,R,64.0,R,19.0,R,0.0,R,0.0,R,19.0,R,11.0,R,58.0,R,22.0
184959,2018,R,53.0,R,246.0,R,22.0,R,0.0,R,0.0,R,0.0,R,0.0,R,0.0,A,,R,0.0,R,0.0,R,0.0,R,0.0,R,0.0,A,,R,11.0
184968,2018,A,,A,,A,,R,2.0,R,0.0,R,0.0,R,2.0,R,1.0,R,50.0,R,0.0,R,0.0,R,0.0,R,0.0,R,0.0,A,,R,9.0
184995,2018,R,1595.0,R,2806.0,R,57.0,R,1735.0,R,0.0,R,0.0,R,1735.0,R,981.0,R,57.0,R,380.0,R,0.0,R,0.0,R,380.0,R,149.0,R,39.0,R,24.0
185129,2018,R,959.0,R,1820.0,R,53.0,R,950.0,R,0.0,R,0.0,R,950.0,R,694.0,R,73.0,R,41.0,R,0.0,R,0.0,R,41.0,R,13.0,R,32.0,R,13.0
185174,2018,A,,A,,A,,R,48.0,R,0.0,R,0.0,R,48.0,R,33.0,R,69.0,A,,A,,A,,A,,A,,A,,R,5.0
185262,2018,R,1781.0,R,3408.0,R,52.0,R,1760.0,R,1.0,R,0.0,R,1759.0,R,1264.0,R,72.0,R,24.0,R,0.0,R,0.0,R,24.0,R,11.0,R,46.0,R,17.0
185332,2018,A,,A,,A,,R,63.0,R,0.0,R,0.0,R,63.0,R,43.0,R,68.0,R,41.0,R,0.0,R,0.0,R,41.0,R,19.0,R,46.0,R,27.0
185396,2018,A,,A,,A,,R,304.0,R,0.0,R,0.0,R,304.0,R,229.0,R,75.0,R,69.0,R,0.0,R,0.0,R,69.0,R,55.0,R,80.0,R,30.0
185466,2018,A,,A,,A,,R,202.0,R,0.0,R,0.0,R,202.0,R,202.0,R,100.0,R,85.0,R,0.0,R,0.0,R,85.0,R,85.0,R,100.0,R,25.0
185509,2018,R,927.0,R,2548.0,R,36.0,R,967.0,R,0.0,R,0.0,R,967.0,R,619.0,R,64.0,R,644.0,R,0.0,R,0.0,R,644.0,R,317.0,R,49.0,R,17.0
185536,2018,R,1813.0,R,3291.0,R,55.0,R,1967.0,R,0.0,R,0.0,R,1967.0,R,1322.0,R,67.0,R,773.0,R,0.0,R,0.0,R,773.0,R,398.0,R,51.0,R,23.0
185572,2018,R,1050.0,R,1301.0,R,81.0,R,1083.0,R,1.0,R,0.0,R,1082.0,R,872.0,R,81.0,A,,A,,A,,A,,A,,A,,R,13.0
185590,2018,R,3168.0,R,4985.0,R,64.0,R,3004.0,R,0.0,R,0.0,R,3004.0,R,2387.0,R,79.0,R,13.0,R,0.0,R,0.0,R,13.0,R,5.0,R,38.0,R,17.0
185651,2018,A,,A,,A,,R,0.0,Z,0.0,Z,0.0,R,0.0,Z,0.0,A,,R,1.0,R,0.0,Z,0.0,R,1.0,R,1.0,R,100.0,R,10.0
185679,2018,A,,A,,A,,R,3.0,R,0.0,Z,0.0,R,3.0,R,2.0,R,67.0,R,1.0,R,0.0,Z,0.0,R,1.0,R,0.0,R,0.0,R,10.0
185721,2018,R,151.0,R,241.0,R,63.0,R,110.0,R,0.0,R,0.0,R,110.0,R,74.0,R,67.0,R,29.0,R,0.0,R,0.0,R,29.0,R,19.0,R,66.0,R,12.0
185767,2018,A,,A,,A,,R,11.0,R,0.0,R,0.0,R,11.0,R,9.0,R,82.0,R,16.0,Z,0.0,Z,0.0,R,16.0,R,13.0,R,81.0,R,24.0
185828,2018,R,1264.0,R,2873.0,R,44.0,R,1082.0,R,0.0,R,0.0,R,1082.0,R,947.0,R,88.0,R,32.0,R,0.0,R,0.0,R,32.0,R,16.0,R,50.0,R,17.0
185873,2018,R,1667.0,R,2848.0,R,59.0,R,1654.0,R,0.0,R,0.0,R,1654.0,R,1167.0,R,71.0,R,296.0,R,0.0,R,0.0,R,296.0,R,137.0,R,46.0,R,25.0
185970,2018,A,,A,,A,,R,19.0,R,0.0,R,0.0,R,19.0,R,16.0,R,84.0,R,5.0,R,0.0,R,0.0,R,5.0,R,5.0,R,100.0,R,15.0
186016,2018,A,,A,,A,,R,34.0,R,0.0,R,0.0,R,34.0,R,31.0,R,91.0,R,13.0,R,0.0,R,0.0,R,13.0,R,12.0,R,92.0,R,15.0
186034,2018,R,559.0,R,1127.0,R,50.0,R,611.0,R,0.0,R,0.0,R,611.0,R,381.0,R,62.0,R,321.0,R,0.0,R,0.0,R,321.0,R,148.0,R,46.0,R,19.0
186052,2018,A,,A,,A,,R,124.0,R,0.0,R,0.0,R,124.0,R,78.0,R,63.0,R,64.0,R,0.0,R,0.0,R,64.0,R,40.0,R,63.0,R,18.0
186131,2018,R,1338.0,R,1415.0,R,95.0,R,1305.0,R,0.0,R,0.0,R,1305.0,R,1280.0,R,98.0,A,,A,,A,,A,,A,,A,,R,5.0
186186,2018,R,54.0,R,124.0,R,44.0,R,61.0,R,0.0,R,0.0,R,61.0,R,36.0,R,59.0,A,,A,,A,,A,,A,,A,,R,15.0
186201,2018,R,944.0,R,1774.0,R,53.0,R,918.0,R,0.0,R,0.0,R,918.0,R,806.0,R,88.0,R,1.0,R,0.0,R,0.0,R,1.0,R,0.0,R,0.0,R,16.0
186274,2018,A,,A,,A,,R,3.0,R,0.0,R,0.0,R,3.0,R,2.0,R,67.0,R,2.0,R,0.0,R,0.0,R,2.0,R,0.0,R,0.0,R,15.0
186283,2018,R,918.0,R,1181.0,R,78.0,R,1008.0,R,0.0,R,0.0,R,1008.0,R,783.0,R,78.0,R,3.0,R,0.0,R,0.0,R,3.0,R,1.0,R,33.0,R,10.0
186371,2018,R,817.0,R,1819.0,R,45.0,R,757.0,Z,0.0,Z,0.0,R,757.0,R,634.0,R,84.0,R,1.0,Z,0.0,Z,0.0,R,1.0,R,0.0,R,0.0,R,15.0
186380,2018,R,7028.0,R,9900.0,R,71.0,R,6044.0,Z,0.0,Z,0.0,R,6044.0,R,5626.0,R,93.0,R,2.0,Z,0.0,Z,0.0,R,2.0,R,0.0,R,0.0,R,16.0
186399,2018,R,1318.0,R,2758.0,R,48.0,R,1319.0,Z,0.0,Z,0.0,R,1319.0,R,1157.0,R,88.0,R,6.0,Z,0.0,Z,0.0,R,6.0,R,3.0,R,50.0,R,16.0
186405,2018,A,,A,,A,,A,,A,,A,,A,,A,,A,,A,,A,,A,,A,,A,,A,,R,5.0
186423,2018,A,,A,,A,,A,,A,,A,,A,,A,,A,,A,,A,,A,,A,,A,,A,,R,7.0
186432,2018,R,563.0,R,780.0,R,72.0,R,651.0,R,0.0,R,0.0,R,651.0,R,535.0,R,82.0,R,0.0,R,0.0,R,0.0,R,0.0,R,0.0,A,,R,14.0
186469,2018,R,158.0,R,303.0,R,52.0,R,158.0,R,1.0,R,0.0,R,157.0,R,104.0,R,66.0,R,87.0,R,0.0,R,0.0,R,87.0,R,35.0,R,40.0,R,14.0
186584,2018,R,1524.0,R,1937.0,R,79.0,R,1458.0,R,0.0,R,0.0,R,1458.0,R,1206.0,R,83.0,R,1.0,R,0.0,R,0.0,R,1.0,R,0.0,R,0.0,R,13.0
186593,2018,A,,A,,A,,R,9.0,R,0.0,R,0.0,R,9.0,R,8.0,R,89.0,R,2.0,R,0.0,R,0.0,R,2.0,R,2.0,R,100.0,R,14.0
186618,2018,R,182.0,R,351.0,R,52.0,R,164.0,R,0.0,R,0.0,R,164.0,R,102.0,R,62.0,A,,A,,A,,A,,A,,A,,R,11.0
186645,2018,R,1141.0,R,2007.0,R,57.0,R,1287.0,Z,0.0,Z,0.0,R,1287.0,R,897.0,R,70.0,R,389.0,Z,0.0,Z,0.0,R,389.0,R,197.0,R,51.0,R,19.0
186867,2018,R,1009.0,R,1039.0,R,97.0,R,762.0,R,1.0,R,0.0,R,761.0,R,720.0,R,95.0,A,,A,,A,,A,,A,,A,,R,11.0
186876,2018,R,1594.0,R,2647.0,R,60.0,R,1564.0,R,2.0,R,0.0,R,1562.0,R,1335.0,R,85.0,R,5.0,R,0.0,R,0.0,R,5.0,R,1.0,R,20.0,R,17.0
186900,2018,R,4.0,R,28.0,R,14.0,R,10.0,R,0.0,R,0.0,R,10.0,R,6.0,R,60.0,A,,A,,A,,A,,A,,A,,R,11.0
187000,2018,A,,A,,A,,R,74.0,Z,0.0,Z,0.0,R,74.0,R,66.0,R,89.0,A,,A,,A,,A,,A,,A,,R,25.0
187046,2018,A,,A,,A,,R,0.0,R,0.0,R,0.0,R,0.0,R,0.0,A,,R,0.0,R,0.0,R,0.0,R,0.0,R,0.0,A,,R,15.0
187134,2018,R,1550.0,R,1888.0,R,82.0,R,1541.0,R,0.0,R,0.0,R,1541.0,R,1434.0,R,93.0,R,1.0,R,0.0,R,0.0,R,1.0,R,1.0,R,100.0,R,13.0
187198,2018,R,1442.0,R,2835.0,R,51.0,R,1348.0,R,0.0,R,0.0,R,1348.0,R,922.0,R,68.0,R,475.0,R,0.0,R,0.0,R,475.0,R,227.0,R,48.0,R,25.0
187444,2018,R,1698.0,R,2695.0,R,63.0,R,1311.0,R,0.0,R,0.0,R,1311.0,R,918.0,R,70.0,R,6.0,R,0.0,R,0.0,R,6.0,R,1.0,R,17.0,R,14.0
187505,2018,A,,A,,A,,R,273.0,R,2.0,R,0.0,R,271.0,R,141.0,R,52.0,A,,A,,A,,A,,A,,A,,R,20.0
187532,2018,R,2259.0,R,5170.0,R,44.0,R,2222.0,R,0.0,R,0.0,R,2222.0,R,1405.0,R,63.0,R,1999.0,R,2.0,R,0.0,R,1997.0,R,791.0,R,40.0,R,23.0
187596,2018,R,205.0,R,341.0,R,60.0,R,22.0,R,0.0,R,0.0,R,22.0,R,15.0,R,68.0,R,7.0,R,0.0,R,0.0,R,7.0,R,1.0,R,14.0,R,12.0
187620,2018,R,1108.0,R,2127.0,R,52.0,R,1084.0,R,0.0,R,0.0,R,1084.0,R,641.0,R,59.0,R,217.0,R,0.0,R,0.0,R,217.0,R,96.0,R,44.0,R,22.0
187639,2018,R,276.0,R,756.0,R,37.0,R,291.0,R,0.0,R,0.0,R,291.0,R,196.0,R,67.0,R,172.0,R,0.0,R,0.0,R,172.0,R,45.0,R,26.0,R,18.0
187648,2018,R,550.0,R,1974.0,R,28.0,R,623.0,R,0.0,R,0.0,R,623.0,R,389.0,R,62.0,R,7.0,R,0.0,R,0.0,R,7.0,R,4.0,R,57.0,R,17.0
187666,2018,R,344.0,R,594.0,R,58.0,R,356.0,R,1.0,Z,0.0,R,355.0,R,185.0,R,52.0,R,67.0,R,0.0,Z,0.0,R,67.0,R,24.0,R,36.0,R,22.0
187745,2018,R,45.0,R,282.0,R,16.0,R,41.0,R,0.0,R,0.0,R,41.0,R,21.0,R,51.0,R,23.0,R,0.0,R,0.0,R,23.0,R,11.0,R,48.0,R,8.0
187897,2018,R,280.0,R,655.0,R,43.0,R,254.0,R,0.0,R,0.0,R,254.0,R,131.0,R,52.0,R,4.0,R,0.0,R,0.0,R,4.0,R,1.0,R,25.0,R,14.0
187903,2018,R,178.0,R,575.0,R,31.0,R,312.0,R,0.0,R,0.0,R,312.0,R,167.0,R,54.0,R,638.0,R,0.0,R,0.0,R,638.0,R,210.0,R,33.0,R,15.0
187912,2018,R,241.0,R,255.0,R,95.0,R,217.0,R,1.0,R,0.0,R,216.0,R,118.0,R,55.0,A,,A,,A,,A,,A,,A,,R,16.0
187958,2018,R,227.0,R,370.0,R,61.0,R,227.0,R,0.0,R,0.0,R,227.0,R,141.0,R,62.0,R,82.0,R,0.0,R,0.0,R,82.0,R,23.0,R,28.0,R,27.0
187967,2018,R,305.0,R,391.0,R,78.0,R,238.0,R,0.0,R,0.0,R,238.0,R,180.0,R,76.0,R,0.0,R,0.0,R,0.0,R,0.0,R,0.0,A,,R,8.0
187976,2018,R,64.0,R,150.0,R,43.0,R,70.0,R,1.0,R,0.0,R,69.0,R,33.0,R,48.0,R,28.0,R,0.0,R,0.0,R,28.0,R,9.0,R,32.0,R,24.0
187985,2018,R,2596.0,R,3785.0,R,69.0,R,3170.0,R,3.0,R,0.0,R,3167.0,R,2334.0,R,74.0,R,49.0,R,0.0,R,0.0,R,49.0,R,24.0,R,49.0,R,17.0
187994,2018,R,130.0,R,387.0,R,34.0,R,127.0,R,0.0,R,0.0,R,127.0,R,66.0,R,52.0,R,26.0,R,0.0,R,0.0,R,26.0,R,9.0,R,35.0,R,18.0
188003,2018,R,101.0,R,271.0,R,37.0,R,155.0,R,0.0,R,0.0,R,155.0,R,77.0,R,50.0,R,27.0,R,0.0,R,0.0,R,27.0,R,3.0,R,11.0,R,17.0
188021,2018,R,50.0,R,159.0,R,31.0,R,40.0,R,0.0,R,0.0,R,40.0,R,21.0,R,53.0,R,20.0,R,0.0,R,0.0,R,20.0,R,7.0,R,35.0,R,17.0
188030,2018,R,2257.0,R,2871.0,R,79.0,R,2033.0,R,1.0,R,0.0,R,2032.0,R,1499.0,R,74.0,R,9.0,R,0.0,R,0.0,R,9.0,R,6.0,R,67.0,R,17.0
188049,2018,R,206.0,R,286.0,R,72.0,R,229.0,R,0.0,R,0.0,R,229.0,R,142.0,R,62.0,R,63.0,R,0.0,R,0.0,R,63.0,R,18.0,R,29.0,R,32.0
188058,2018,R,158.0,R,272.0,R,58.0,R,57.0,R,1.0,R,0.0,R,56.0,R,23.0,R,41.0,R,6.0,R,0.0,R,0.0,R,6.0,R,2.0,R,33.0,R,12.0
188100,2018,R,581.0,R,1351.0,R,43.0,R,515.0,R,0.0,R,0.0,R,515.0,R,295.0,R,57.0,R,192.0,R,0.0,R,0.0,R,192.0,R,70.0,R,36.0,R,15.0
188137,2018,R,261.0,R,932.0,R,28.0,R,359.0,R,0.0,R,0.0,R,359.0,R,232.0,R,65.0,R,205.0,R,0.0,R,0.0,R,205.0,R,80.0,R,39.0,R,13.0
188182,2018,R,64.0,R,163.0,R,39.0,R,95.0,R,0.0,R,0.0,R,95.0,R,51.0,R,54.0,R,13.0,R,0.0,R,0.0,R,13.0,R,9.0,R,69.0,R,14.0
188216,2018,R,116.0,R,215.0,R,54.0,R,110.0,R,0.0,R,0.0,R,110.0,R,68.0,R,62.0,R,9.0,R,0.0,R,0.0,R,9.0,R,6.0,R,67.0,R,18.0
188225,2018,R,85.0,R,170.0,R,50.0,R,69.0,R,0.0,R,0.0,R,69.0,R,42.0,R,61.0,R,16.0,R,0.0,R,0.0,R,16.0,R,4.0,R,25.0,R,23.0
188261,2018,R,39.0,R,377.0,R,10.0,R,68.0,R,0.0,Z,0.0,R,68.0,R,49.0,R,72.0,R,29.0,R,0.0,Z,0.0,R,29.0,R,16.0,R,55.0,R,18.0
188289,2018,A,,A,,A,,R,20.0,R,0.0,R,0.0,R,20.0,R,13.0,R,65.0,R,7.0,R,0.0,R,0.0,R,7.0,R,6.0,R,86.0,R,8.0
188304,2018,R,246.0,R,690.0,R,36.0,R,210.0,R,0.0,R,0.0,R,210.0,R,134.0,R,64.0,R,11.0,R,0.0,R,0.0,R,11.0,R,2.0,R,18.0,R,15.0
188340,2018,R,305.0,R,499.0,R,61.0,R,88.0,Z,0.0,Z,0.0,R,88.0,R,69.0,R,78.0,R,3.0,Z,0.0,Z,0.0,R,3.0,R,0.0,R,0.0,R,14.0
188429,2018,R,1237.0,R,1776.0,R,70.0,R,1121.0,R,0.0,Z,0.0,R,1121.0,R,902.0,R,80.0,R,10.0,R,0.0,R,0.0,R,10.0,R,7.0,R,70.0,R,12.0
188438,2018,R,784.0,R,1111.0,R,71.0,R,869.0,Z,0.0,Z,0.0,R,869.0,R,534.0,R,61.0,R,73.0,Z,0.0,Z,0.0,R,73.0,R,31.0,R,42.0,R,16.0
188517,2018,R,43.0,R,157.0,R,27.0,R,0.0,R,0.0,R,0.0,R,0.0,R,0.0,A,,R,0.0,R,0.0,R,0.0,R,0.0,R,0.0,A,,R,10.0
188526,2018,R,191.0,R,309.0,R,62.0,R,185.0,R,0.0,R,0.0,R,185.0,R,149.0,R,81.0,R,1.0,R,0.0,R,0.0,R,1.0,R,0.0,R,0.0,R,9.0
188641,2018,R,437.0,R,611.0,R,72.0,R,418.0,R,0.0,R,0.0,R,418.0,R,306.0,R,73.0,A,,A,,A,,A,,A,,A,,R,11.0
188650,2018,A,,A,,A,,R,72.0,Z,0.0,Z,0.0,R,72.0,R,51.0,R,71.0,A,,A,,A,,A,,A,,A,,R,18.0
188669,2018,A,,A,,A,,R,27.0,R,0.0,Z,0.0,R,27.0,R,21.0,R,78.0,A,,A,,A,,A,,A,,A,,R,3.0
188678,2018,R,92.0,R,132.0,R,70.0,R,107.0,Z,0.0,Z,0.0,R,107.0,R,107.0,R,100.0,A,,A,,A,,A,,A,,A,,R,8.0
188687,2018,R,9.0,R,116.0,R,8.0,R,12.0,Z,0.0,Z,0.0,R,12.0,R,5.0,R,42.0,R,30.0,Z,0.0,Z,0.0,R,30.0,R,13.0,R,43.0,R,22.0
188696,2018,A,,A,,A,,R,73.0,R,0.0,R,0.0,R,73.0,R,49.0,R,67.0,A,,A,,A,,A,,A,,A,,R,18.0
188854,2018,R,545.0,R,624.0,R,87.0,R,180.0,Z,0.0,Z,0.0,R,180.0,R,131.0,R,73.0,A,,A,,A,,A,,A,,A,,R,9.0
188890,2018,A,,A,,A,,R,780.0,R,1.0,R,0.0,R,779.0,R,452.0,R,58.0,R,275.0,R,0.0,R,0.0,R,275.0,R,192.0,R,70.0,R,15.0
188915,2018,A,,A,,A,,R,8.0,R,0.0,R,0.0,R,8.0,R,3.0,R,38.0,A,,A,,A,,A,,A,,A,,R,6.0
188942,2018,R,63.0,R,158.0,R,40.0,R,54.0,R,0.0,R,0.0,R,54.0,R,18.0,R,33.0,A,,A,,A,,A,,A,,A,,R,15.0
189088,2018,R,486.0,R,585.0,R,83.0,R,470.0,R,1.0,R,0.0,R,469.0,R,399.0,R,85.0,A,,A,,A,,A,,A,,A,,R,9.0
189097,2018,R,602.0,R,700.0,R,86.0,R,595.0,R,0.0,R,0.0,R,595.0,R,568.0,R,95.0,R,8.0,R,0.0,R,0.0,R,8.0,R,8.0,R,100.0,R,9.0
189219,2018,A,,A,,A,,A,,A,,A,,A,,A,,A,,A,,A,,A,,A,,A,,A,,R,14.0
189228,2018,R,413.0,R,1059.0,R,39.0,R,223.0,R,0.0,R,0.0,R,223.0,R,145.0,R,65.0,R,7.0,R,0.0,R,0.0,R,7.0,R,3.0,R,43.0,R,22.0
189255,2018,A,,A,,A,,A,,A,,A,,A,,A,,A,,A,,A,,A,,A,,A,,A,,R,15.0
189264,2018,A,,A,,A,,R,1.0,R,0.0,R,0.0,R,1.0,R,0.0,R,0.0,A,,A,,A,,A,,A,,A,,R,3.0
189273,2018,R,23.0,R,44.0,R,52.0,R,20.0,R,0.0,R,0.0,R,20.0,R,14.0,R,70.0,A,,A,,A,,A,,A,,A,,R,14.0
189282,2018,R,1.0,R,103.0,R,1.0,R,0.0,R,0.0,R,0.0,R,0.0,R,0.0,A,,A,,A,,A,,A,,A,,A,,R,7.0
189404,2018,A,,A,,A,,R,17.0,R,0.0,R,0.0,R,17.0,R,15.0,R,88.0,R,61.0,R,0.0,R,0.0,R,61.0,R,59.0,R,97.0,R,7.0
189413,2018,R,67.0,R,152.0,R,44.0,R,112.0,R,21.0,R,0.0,R,91.0,R,46.0,R,51.0,A,,A,,A,,A,,A,,A,,R,20.0
189468,2018,A,,A,,A,,R,56.0,R,0.0,R,0.0,R,56.0,R,41.0,R,73.0,R,33.0,R,0.0,R,0.0,R,33.0,R,24.0,R,73.0,R,15.0
189477,2018,A,,A,,A,,R,43.0,R,0.0,R,0.0,R,43.0,R,32.0,R,74.0,R,73.0,R,0.0,R,0.0,R,73.0,R,46.0,R,63.0,R,19.0
189547,2018,R,1522.0,R,2192.0,R,69.0,R,1673.0,Z,0.0,Z,0.0,R,1673.0,R,873.0,R,52.0,R,124.0,Z,0.0,Z,0.0,R,124.0,R,58.0,R,47.0,R,20.0
189556,2018,R,18.0,R,86.0,R,21.0,R,0.0,R,0.0,R,0.0,R,0.0,R,0.0,A,,R,0.0,R,0.0,R,0.0,R,0.0,R,0.0,A,,R,11.0
189565,2018,R,29.0,R,77.0,R,38.0,R,0.0,R,0.0,R,0.0,R,0.0,R,0.0,A,,R,0.0,R,0.0,R,0.0,R,0.0,R,0.0,A,,R,12.0
189574,2018,R,70.0,R,153.0,R,46.0,R,89.0,R,0.0,R,0.0,R,89.0,R,33.0,R,37.0,R,2.0,R,0.0,R,0.0,R,2.0,R,1.0,R,50.0,R,13.0
189583,2018,R,67.0,R,161.0,R,42.0,R,0.0,R,0.0,R,0.0,R,0.0,R,0.0,A,,R,0.0,R,0.0,R,0.0,R,0.0,R,0.0,A,,R,13.0
189592,2018,R,25.0,R,86.0,R,29.0,R,0.0,R,0.0,R,0.0,R,0.0,R,0.0,A,,R,0.0,R,0.0,R,0.0,R,0.0,R,0.0,A,,R,10.0
189705,2018,R,484.0,R,624.0,R,78.0,R,553.0,R,0.0,R,0.0,R,553.0,R,469.0,R,85.0,R,0.0,R,0.0,R,0.0,R,0.0,R,0.0,A,,R,12.0
189714,2018,A,,A,,A,,R,25.0,R,0.0,R,0.0,R,25.0,R,15.0,R,60.0,R,11.0,R,0.0,R,0.0,R,11.0,R,7.0,R,64.0,R,12.0
189811,2018,A,,A,,A,,R,13.0,Z,0.0,Z,0.0,R,13.0,R,8.0,R,62.0,A,,A,,A,,A,,A,,A,,R,17.0
189839,2018,R,454.0,R,1058.0,R,43.0,R,517.0,Z,0.0,Z,0.0,R,517.0,R,279.0,R,54.0,R,61.0,Z,0.0,Z,0.0,R,61.0,R,28.0,R,46.0,R,23.0
189848,2018,R,204.0,R,308.0,R,66.0,R,165.0,R,0.0,R,0.0,R,165.0,R,115.0,R,70.0,A,,A,,A,,A,,A,,A,,R,10.0
189857,2018,R,39.0,R,241.0,R,16.0,R,36.0,R,0.0,R,0.0,R,36.0,R,23.0,R,64.0,A,,A,,A,,A,,A,,A,,R,32.0
189954,2018,A,,A,,A,,R,13.0,R,0.0,R,0.0,R,13.0,R,8.0,R,62.0,A,,A,,A,,A,,A,,A,,R,9.0
189990,2018,A,,A,,A,,A,,A,,A,,A,,A,,A,,A,,A,,A,,A,,A,,A,,R,30.0
190008,2018,A,,A,,A,,R,8.0,R,0.0,R,0.0,R,8.0,R,7.0,R,88.0,A,,A,,A,,A,,A,,A,,R,2.0
190044,2018,R,797.0,R,985.0,R,81.0,R,677.0,R,0.0,R,0.0,R,677.0,R,583.0,R,86.0,A,,A,,A,,A,,A,,A,,R,14.0
190053,2018,R,208.0,R,625.0,R,33.0,R,266.0,Z,0.0,Z,0.0,R,266.0,R,146.0,R,55.0,R,20.0,Z,0.0,Z,0.0,R,20.0,R,8.0,R,40.0,R,15.0
190071,2018,A,,A,,A,,A,,A,,A,,A,,A,,A,,A,,A,,A,,A,,A,,A,,R,4.0
190099,2018,R,815.0,R,855.0,R,95.0,R,771.0,R,0.0,R,0.0,R,771.0,R,726.0,R,94.0,A,,A,,A,,A,,A,,A,,R,9.0
190114,2018,R,28.0,R,212.0,R,13.0,R,56.0,R,0.0,R,0.0,R,56.0,R,20.0,R,36.0,R,3.0,R,0.0,R,0.0,R,3.0,R,1.0,R,33.0,R,10.0
190150,2018,R,1447.0,R,2102.0,R,69.0,R,1434.0,R,6.0,R,0.0,R,1428.0,R,1399.0,R,98.0,R,40.0,R,0.0,R,1.0,R,41.0,R,37.0,R,90.0,R,6.0
190169,2018,R,230.0,R,428.0,R,54.0,R,228.0,Z,0.0,Z,0.0,R,228.0,R,147.0,R,64.0,R,51.0,Z,0.0,Z,0.0,R,51.0,R,16.0,R,31.0,R,17.0
190239,2018,A,,A,,A,,R,58.0,R,0.0,Z,0.0,R,58.0,R,33.0,R,57.0,R,13.0,R,0.0,Z,0.0,R,13.0,R,9.0,R,69.0,R,21.0
190248,2018,R,147.0,R,456.0,R,32.0,R,147.0,R,0.0,R,0.0,R,147.0,R,113.0,R,77.0,R,0.0,R,0.0,R,0.0,R,0.0,R,0.0,A,,R,10.0
190318,2018,A,,A,,A,,R,19.0,R,0.0,Z,0.0,R,19.0,R,18.0,R,95.0,R,10.0,R,0.0,Z,0.0,R,10.0,R,5.0,R,50.0,R,20.0
190372,2018,R,216.0,R,245.0,R,88.0,R,189.0,R,0.0,R,0.0,R,189.0,R,172.0,R,91.0,R,0.0,R,0.0,R,0.0,R,0.0,R,0.0,A,,R,6.0
190415,2018,R,3295.0,R,4016.0,R,82.0,R,3349.0,R,1.0,R,0.0,R,3348.0,R,3259.0,R,97.0,A,,A,,A,,A,,A,,A,,R,9.0
190442,2018,R,611.0,R,796.0,R,77.0,R,696.0,Z,0.0,Z,0.0,R,696.0,R,424.0,R,61.0,R,81.0,Z,0.0,Z,0.0,R,81.0,R,28.0,R,35.0,R,19.0
190451,2018,R,13.0,R,19.0,R,68.0,R,20.0,R,0.0,R,0.0,R,20.0,R,16.0,R,80.0,R,3.0,R,0.0,R,0.0,R,3.0,R,0.0,R,0.0,R,5.0
190503,2018,A,,A,,A,,R,104.0,R,0.0,R,0.0,R,104.0,R,80.0,R,77.0,A,,A,,A,,A,,A,,A,,R,18.0
190512,2018,R,1682.0,R,3536.0,R,48.0,R,1599.0,R,0.0,R,0.0,R,1599.0,R,1415.0,R,88.0,R,6.0,R,0.0,R,0.0,R,6.0,R,2.0,R,33.0,R,18.0
190521,2018,R,5855.0,R,9892.0,R,59.0,R,5469.0,R,0.0,R,0.0,R,5469.0,R,3163.0,R,58.0,R,855.0,R,0.0,R,0.0,R,855.0,R,315.0,R,37.0,R,26.0
190530,2018,R,1851.0,R,3756.0,R,49.0,R,1917.0,R,0.0,R,0.0,R,1917.0,R,1045.0,R,55.0,R,138.0,R,0.0,R,0.0,R,138.0,R,45.0,R,33.0,R,20.0
190549,2018,R,1738.0,R,4815.0,R,36.0,R,1642.0,R,0.0,R,0.0,R,1642.0,R,1362.0,R,83.0,R,20.0,R,0.0,R,0.0,R,20.0,R,10.0,R,50.0,R,16.0
190558,2018,R,2555.0,R,3689.0,R,69.0,R,704.0,R,0.0,R,0.0,R,704.0,R,544.0,R,77.0,R,19.0,R,0.0,R,0.0,R,19.0,R,11.0,R,58.0,R,18.0
190567,2018,R,1804.0,R,3779.0,R,48.0,R,1683.0,R,0.0,R,0.0,R,1683.0,R,1391.0,R,83.0,R,22.0,R,0.0,R,0.0,R,22.0,R,11.0,R,50.0,R,14.0
190576,2018,A,,A,,A,,A,,A,,A,,A,,A,,A,,A,,A,,A,,A,,A,,A,,R,7.0
190585,2018,R,1154.0,R,2860.0,R,40.0,R,1040.0,R,0.0,R,0.0,R,1040.0,R,580.0,R,56.0,R,156.0,R,0.0,R,0.0,R,156.0,R,65.0,R,42.0,R,21.0
190594,2018,R,2589.0,R,5335.0,R,49.0,R,2330.0,R,0.0,R,0.0,R,2330.0,R,1988.0,R,85.0,R,6.0,R,0.0,R,0.0,R,6.0,R,5.0,R,83.0,R,13.0
190600,2018,R,1852.0,R,4299.0,R,43.0,R,1831.0,R,0.0,R,0.0,R,1831.0,R,1463.0,R,80.0,R,13.0,R,0.0,R,0.0,R,13.0,R,5.0,R,38.0,R,17.0
190619,2018,R,1989.0,R,7580.0,R,26.0,R,1848.0,R,0.0,R,0.0,R,1848.0,R,1256.0,R,68.0,R,120.0,R,0.0,R,0.0,R,120.0,R,50.0,R,42.0,R,22.0
190628,2018,R,2348.0,R,8054.0,R,29.0,R,2576.0,R,0.0,R,0.0,R,2576.0,R,1672.0,R,65.0,R,373.0,R,0.0,R,0.0,R,373.0,R,123.0,R,33.0,R,24.0
190637,2018,R,1012.0,R,4268.0,R,24.0,R,919.0,R,0.0,R,0.0,R,919.0,R,742.0,R,81.0,R,21.0,R,0.0,R,0.0,R,21.0,R,10.0,R,48.0,R,16.0
190646,2018,R,1148.0,R,2305.0,R,50.0,R,149.0,R,0.0,R,0.0,R,149.0,R,87.0,R,58.0,R,3.0,R,0.0,R,0.0,R,3.0,R,1.0,R,33.0,R,20.0
190655,2018,R,3223.0,R,5930.0,R,54.0,R,912.0,R,0.0,R,0.0,R,912.0,R,627.0,R,69.0,R,19.0,R,0.0,R,0.0,R,19.0,R,12.0,R,63.0,R,18.0
190664,2018,R,1936.0,R,4989.0,R,39.0,R,1639.0,R,0.0,R,0.0,R,1639.0,R,1382.0,R,84.0,R,33.0,R,0.0,R,0.0,R,33.0,R,20.0,R,61.0,R,15.0
190673,2018,R,2985.0,R,6424.0,R,46.0,R,2880.0,R,0.0,R,0.0,R,2880.0,R,1848.0,R,64.0,R,266.0,R,0.0,R,0.0,R,266.0,R,126.0,R,47.0,R,21.0
190691,2018,R,1107.0,R,3382.0,R,33.0,R,1087.0,R,0.0,R,0.0,R,1087.0,R,696.0,R,64.0,R,50.0,R,0.0,R,0.0,R,50.0,R,29.0,R,58.0,R,20.0
190707,2018,A,,A,,A,,R,7.0,Z,0.0,Z,0.0,R,7.0,R,6.0,R,86.0,A,,A,,A,,A,,A,,A,,R,3.0
190716,2018,R,243.0,R,453.0,R,54.0,R,276.0,R,0.0,R,0.0,R,276.0,R,213.0,R,77.0,R,1.0,R,0.0,R,0.0,R,1.0,R,0.0,R,0.0,R,10.0
190725,2018,R,338.0,R,616.0,R,55.0,R,387.0,R,0.0,R,0.0,R,387.0,R,300.0,R,78.0,R,0.0,R,0.0,R,0.0,R,0.0,R,0.0,A,,R,12.0
190752,2018,R,10.0,R,14.0,R,71.0,R,15.0,R,0.0,R,0.0,R,15.0,R,12.0,R,80.0,A,,A,,A,,A,,A,,A,,R,7.0
190761,2018,R,299.0,R,464.0,R,64.0,R,229.0,R,0.0,R,0.0,R,229.0,R,171.0,R,75.0,R,0.0,R,0.0,R,0.0,R,0.0,R,0.0,A,,R,15.0
190840,2018,R,1454.0,R,2068.0,R,70.0,R,1554.0,R,1.0,R,0.0,R,1553.0,R,942.0,R,61.0,R,168.0,R,0.0,R,0.0,R,168.0,R,73.0,R,43.0,R,21.0
190956,2018,A,,A,,A,,R,0.0,R,0.0,R,0.0,R,0.0,R,0.0,A,,A,,A,,A,,A,,A,,A,,R,3.0
190974,2018,R,4.0,R,25.0,R,16.0,R,8.0,R,0.0,R,0.0,R,8.0,R,4.0,R,50.0,R,4.0,R,0.0,R,0.0,R,4.0,R,2.0,R,50.0,R,10.0
190983,2018,R,206.0,R,254.0,R,81.0,R,204.0,R,0.0,R,0.0,R,204.0,R,159.0,R,78.0,R,0.0,R,0.0,R,0.0,R,0.0,R,0.0,A,,R,11.0
191083,2018,R,1868.0,R,3100.0,R,60.0,R,2065.0,Z,0.0,Z,0.0,R,2065.0,R,1126.0,R,55.0,R,204.0,Z,0.0,Z,0.0,R,204.0,R,60.0,R,29.0,R,18.0
191126,2018,R,1325.0,R,2318.0,R,57.0,R,1248.0,R,0.0,R,0.0,R,1248.0,R,1109.0,R,89.0,R,15.0,R,0.0,R,0.0,R,15.0,R,5.0,R,33.0,R,16.0
191199,2018,R,902.0,R,1391.0,R,65.0,R,1070.0,Z,0.0,Z,0.0,R,1070.0,R,626.0,R,59.0,R,95.0,Z,0.0,Z,0.0,R,95.0,R,37.0,R,39.0,R,19.0
191205,2018,R,141.0,R,206.0,R,68.0,R,133.0,R,0.0,R,0.0,R,133.0,R,93.0,R,70.0,R,5.0,R,0.0,R,0.0,R,5.0,R,2.0,R,40.0,R,10.0
191241,2018,R,2285.0,R,2781.0,R,82.0,R,2269.0,R,0.0,R,0.0,R,2269.0,R,2036.0,R,90.0,R,14.0,R,0.0,R,0.0,R,14.0,R,9.0,R,64.0,R,15.0
191287,2018,A,,A,,A,,A,,A,,A,,A,,A,,A,,A,,A,,A,,A,,A,,A,,R,10.0
191302,2018,R,421.0,R,540.0,R,78.0,R,527.0,Z,0.0,Z,0.0,R,527.0,R,299.0,R,57.0,R,48.0,Z,0.0,Z,0.0,R,48.0,R,23.0,R,48.0,R,18.0
191311,2018,A,,A,,A,,A,,A,,A,,A,,A,,A,,A,,A,,A,,A,,A,,A,,R,13.0
191339,2018,R,624.0,R,1087.0,R,57.0,R,825.0,R,0.0,R,0.0,R,825.0,R,463.0,R,56.0,R,72.0,R,0.0,R,0.0,R,72.0,R,27.0,R,38.0,R,15.0
191515,2018,R,481.0,R,512.0,R,94.0,R,480.0,R,0.0,R,0.0,R,480.0,R,453.0,R,94.0,A,,A,,A,,A,,A,,A,,R,9.0
191533,2018,R,407.0,R,451.0,R,90.0,R,351.0,R,0.0,R,0.0,R,351.0,R,243.0,R,69.0,A,,A,,A,,A,,A,,A,,R,10.0
191597,2018,A,,A,,A,,A,,A,,A,,A,,A,,A,,A,,A,,A,,A,,A,,A,,R,7.0
191612,2018,R,436.0,R,751.0,R,58.0,R,599.0,R,0.0,Z,0.0,R,599.0,R,337.0,R,56.0,R,12.0,Z,0.0,Z,0.0,R,12.0,R,5.0,R,42.0,R,19.0
191621,2018,R,222.0,R,285.0,R,78.0,R,167.0,R,0.0,R,0.0,R,167.0,R,114.0,R,68.0,R,2.0,R,0.0,R,0.0,R,2.0,R,2.0,R,100.0,R,12.0
191630,2018,R,611.0,R,638.0,R,96.0,R,634.0,R,0.0,R,0.0,R,634.0,R,545.0,R,86.0,A,,A,,A,,A,,A,,A,,R,10.0
191649,2018,R,1552.0,R,1931.0,R,80.0,R,1637.0,R,8.0,R,0.0,R,1629.0,R,1335.0,R,82.0,R,1.0,R,0.0,R,0.0,R,1.0,R,0.0,R,0.0,R,13.0
191676,2018,R,253.0,R,302.0,R,84.0,R,219.0,R,0.0,Z,0.0,R,219.0,R,199.0,R,91.0,R,0.0,R,0.0,Z,0.0,R,0.0,R,0.0,A,,R,11.0
191719,2018,R,2064.0,R,3421.0,R,60.0,R,2077.0,Z,0.0,Z,0.0,R,2077.0,R,1175.0,R,57.0,R,177.0,Z,0.0,Z,0.0,R,177.0,R,98.0,R,55.0,R,20.0
191728,2018,A,,A,,A,,R,337.0,R,0.0,R,0.0,R,337.0,R,276.0,R,82.0,R,161.0,R,0.0,R,0.0,R,161.0,R,127.0,R,79.0,R,15.0
191931,2018,R,852.0,R,1228.0,R,69.0,R,860.0,R,0.0,R,0.0,R,860.0,R,641.0,R,75.0,R,0.0,R,0.0,R,0.0,R,0.0,R,0.0,A,,R,16.0
191940,2018,A,,A,,A,,A,,A,,A,,A,,A,,A,,A,,A,,A,,A,,A,,A,,R,9.0
191959,2018,R,41.0,R,41.0,R,100.0,R,39.0,Z,0.0,Z,0.0,R,39.0,R,35.0,R,90.0,A,,A,,A,,A,,A,,A,,R,25.0
191968,2018,R,1666.0,R,1767.0,R,94.0,R,1622.0,R,0.0,R,0.0,R,1622.0,R,1378.0,R,85.0,R,0.0,R,0.0,R,0.0,R,0.0,R,0.0,A,,R,10.0
191986,2018,R,700.0,R,979.0,R,72.0,R,752.0,Z,0.0,Z,0.0,R,752.0,R,436.0,R,58.0,R,42.0,Z,0.0,Z,0.0,R,42.0,R,14.0,R,33.0,R,15.0
192004,2018,R,111.0,R,132.0,R,84.0,R,0.0,R,0.0,R,0.0,R,0.0,R,0.0,A,,R,0.0,R,0.0,R,0.0,R,0.0,R,0.0,A,,R,29.0
192022,2018,R,652.0,R,993.0,R,66.0,R,740.0,Z,0.0,Z,0.0,R,740.0,R,422.0,R,57.0,R,115.0,Z,0.0,Z,0.0,R,115.0,R,33.0,R,29.0,R,18.0
192040,2018,R,31.0,R,34.0,R,91.0,R,38.0,Z,0.0,Z,0.0,R,38.0,R,35.0,R,92.0,A,,A,,A,,A,,A,,A,,R,6.0
192110,2018,R,121.0,R,197.0,R,61.0,R,110.0,R,0.0,R,0.0,R,110.0,R,106.0,R,96.0,A,,A,,A,,A,,A,,A,,R,5.0
192165,2018,R,41.0,R,41.0,R,100.0,R,49.0,R,0.0,R,0.0,R,49.0,R,47.0,R,96.0,A,,A,,A,,A,,A,,A,,R,15.0
192192,2018,R,330.0,R,542.0,R,61.0,R,367.0,R,0.0,R,0.0,R,367.0,R,256.0,R,70.0,A,,A,,A,,A,,A,,A,,R,11.0
192271,2018,R,289.0,R,490.0,R,59.0,R,240.0,R,0.0,R,0.0,R,240.0,R,185.0,R,77.0,R,0.0,R,0.0,R,0.0,R,0.0,R,0.0,A,,R,16.0
192323,2018,R,656.0,R,931.0,R,70.0,R,544.0,R,2.0,R,0.0,R,542.0,R,453.0,R,84.0,R,1.0,R,0.0,R,0.0,R,1.0,R,1.0,R,100.0,R,12.0
192448,2018,R,961.0,R,4809.0,R,20.0,R,1376.0,R,0.0,R,0.0,R,1376.0,R,1020.0,R,74.0,R,7.0,R,0.0,R,0.0,R,7.0,R,3.0,R,43.0,R,13.0
192484,2018,A,,A,,A,,R,2.0,R,0.0,R,0.0,R,2.0,R,1.0,R,50.0,R,3.0,R,0.0,R,0.0,R,3.0,R,3.0,R,100.0,R,12.0
192509,2018,R,172.0,R,245.0,R,70.0,R,220.0,R,0.0,R,0.0,R,220.0,R,65.0,R,30.0,R,6.0,R,0.0,R,0.0,R,6.0,R,1.0,R,17.0,R,11.0
192624,2018,R,27.0,R,35.0,R,77.0,R,44.0,R,0.0,R,0.0,R,44.0,R,39.0,R,89.0,A,,A,,A,,A,,A,,A,,R,14.0
192688,2018,R,80.0,R,218.0,R,37.0,R,80.0,R,0.0,R,0.0,R,80.0,R,29.0,R,36.0,R,1.0,R,0.0,R,0.0,R,1.0,R,1.0,R,100.0,R,18.0
192703,2018,R,813.0,R,978.0,R,83.0,R,764.0,R,0.0,R,0.0,R,764.0,R,624.0,R,82.0,R,1.0,R,0.0,R,0.0,R,1.0,R,1.0,R,100.0,R,13.0
192712,2018,R,144.0,R,159.0,R,91.0,R,115.0,R,0.0,R,0.0,R,115.0,R,102.0,R,89.0,A,,A,,A,,A,,A,,A,,R,5.0
192749,2018,R,392.0,R,465.0,R,84.0,R,416.0,R,0.0,R,0.0,R,416.0,R,292.0,R,70.0,R,0.0,R,0.0,R,0.0,R,0.0,R,0.0,A,,R,11.0
192785,2018,R,31.0,R,367.0,R,8.0,R,6.0,R,0.0,R,0.0,R,6.0,R,6.0,R,100.0,R,3.0,R,0.0,R,0.0,R,3.0,R,1.0,R,33.0,R,10.0
192800,2018,A,,A,,A,,R,0.0,R,0.0,R,0.0,R,0.0,R,0.0,A,,R,0.0,R,0.0,R,0.0,R,0.0,R,0.0,A,,R,22.0
192819,2018,R,1299.0,R,1696.0,R,77.0,R,1285.0,R,0.0,R,0.0,R,1285.0,R,1123.0,R,87.0,A,,A,,A,,A,,A,,A,,R,16.0
192864,2018,R,471.0,R,639.0,R,74.0,R,516.0,R,0.0,R,0.0,R,516.0,R,353.0,R,68.0,R,30.0,R,0.0,R,0.0,R,30.0,R,16.0,R,53.0,R,10.0
192925,2018,R,363.0,R,549.0,R,66.0,R,236.0,Z,0.0,Z,0.0,R,236.0,R,153.0,R,65.0,Z,0.0,Z,0.0,Z,0.0,R,0.0,R,0.0,A,,R,12.0
192961,2018,A,,A,,A,,R,0.0,R,0.0,R,0.0,R,0.0,R,0.0,A,,R,0.0,R,0.0,R,0.0,R,0.0,R,0.0,A,,R,3.0
192970,2018,A,,A,,A,,A,,A,,A,,A,,A,,A,,A,,A,,A,,A,,A,,A,,R,4.0
193016,2018,R,887.0,R,2162.0,R,41.0,R,857.0,R,1.0,R,0.0,R,856.0,R,638.0,R,75.0,R,43.0,R,0.0,R,0.0,R,43.0,R,31.0,R,72.0,R,17.0
193052,2018,R,4.0,R,58.0,R,7.0,R,9.0,R,0.0,R,0.0,R,9.0,R,2.0,R,22.0,A,,A,,A,,A,,A,,A,,R,23.0
193061,2018,R,6.0,R,10.0,R,60.0,R,4.0,R,0.0,R,0.0,R,4.0,R,3.0,R,75.0,A,,A,,A,,A,,A,,A,,R,9.0
193070,2018,R,15.0,R,15.0,R,100.0,R,12.0,R,0.0,R,0.0,R,12.0,R,9.0,R,75.0,A,,A,,A,,A,,A,,A,,R,6.0
193122,2018,A,,A,,A,,R,24.0,Z,0.0,Z,0.0,R,24.0,R,23.0,R,96.0,R,65.0,Z,0.0,Z,0.0,R,65.0,R,51.0,R,78.0,R,30.0
193186,2018,A,,A,,A,,R,14.0,R,0.0,R,0.0,R,14.0,R,5.0,R,36.0,R,10.0,R,0.0,R,0.0,R,10.0,R,5.0,R,50.0,R,16.0
193201,2018,R,99.0,R,118.0,R,84.0,R,88.0,R,0.0,R,0.0,R,88.0,R,44.0,R,50.0,R,14.0,R,0.0,R,0.0,R,14.0,R,9.0,R,64.0,R,16.0
193247,2018,R,34.0,R,36.0,R,94.0,R,48.0,R,0.0,R,0.0,R,48.0,R,35.0,R,73.0,A,,A,,A,,A,,A,,A,,R,7.0
193265,2018,A,,A,,A,,R,44.0,R,0.0,R,0.0,R,44.0,R,42.0,R,95.0,R,21.0,Z,0.0,R,0.0,R,21.0,R,20.0,R,95.0,R,18.0
193283,2018,R,1143.0,R,1548.0,R,74.0,R,1254.0,R,2.0,Z,0.0,R,1252.0,R,713.0,R,57.0,R,82.0,Z,0.0,Z,0.0,R,82.0,R,34.0,R,41.0,R,18.0
193292,2018,R,592.0,R,925.0,R,64.0,R,506.0,R,0.0,R,0.0,R,506.0,R,448.0,R,89.0,R,4.0,R,0.0,R,0.0,R,4.0,R,1.0,R,25.0,R,10.0
193308,2018,R,948.0,R,2949.0,R,32.0,R,351.0,R,0.0,R,0.0,R,351.0,R,278.0,R,79.0,R,15.0,Z,0.0,Z,0.0,R,15.0,R,7.0,R,47.0,R,16.0
193326,2018,R,2508.0,R,4056.0,R,62.0,R,2468.0,Z,0.0,Z,0.0,R,2468.0,R,1508.0,R,61.0,R,352.0,Z,0.0,Z,0.0,R,352.0,R,138.0,R,39.0,R,21.0
193353,2018,R,388.0,R,550.0,R,71.0,R,399.0,R,0.0,R,0.0,R,399.0,R,339.0,R,85.0,R,2.0,R,0.0,R,0.0,R,2.0,R,1.0,R,50.0,R,14.0
193380,2018,A,,A,,A,,R,0.0,R,0.0,R,0.0,R,0.0,R,0.0,A,,R,0.0,R,0.0,R,0.0,R,0.0,R,0.0,A,,R,1.0
193399,2018,R,412.0,R,525.0,R,78.0,R,447.0,R,0.0,R,0.0,R,447.0,R,342.0,R,77.0,A,,A,,A,,A,,A,,A,,R,13.0
193478,2018,R,3096.0,R,5418.0,R,57.0,R,3315.0,Z,0.0,Z,0.0,R,3315.0,R,2139.0,R,65.0,R,459.0,Z,0.0,Z,0.0,R,459.0,R,240.0,R,52.0,R,17.0
193584,2018,R,544.0,R,689.0,R,79.0,R,550.0,R,0.0,R,0.0,R,550.0,R,469.0,R,85.0,R,0.0,R,0.0,R,0.0,R,0.0,R,0.0,A,,R,9.0
193609,2018,A,,A,,A,,R,50.0,R,0.0,R,0.0,R,50.0,R,35.0,R,70.0,A,,A,,A,,A,,A,,A,,R,8.0
193645,2018,R,311.0,R,533.0,R,58.0,R,269.0,R,0.0,R,0.0,R,269.0,R,145.0,R,54.0,R,4.0,R,0.0,R,0.0,R,4.0,R,2.0,R,50.0,R,14.0
193654,2018,R,1763.0,R,2424.0,R,73.0,R,1513.0,R,0.0,R,0.0,R,1513.0,R,1244.0,R,82.0,R,28.0,R,0.0,R,0.0,R,28.0,R,21.0,R,75.0,R,10.0
193672,2018,A,,A,,A,,R,15.0,Z,0.0,Z,0.0,R,15.0,R,12.0,R,80.0,A,,A,,A,,A,,A,,A,,R,10.0
193858,2018,A,,A,,A,,R,109.0,R,0.0,Z,0.0,R,109.0,R,83.0,R,76.0,A,,A,,A,,A,,A,,A,,R,20.0
193900,2018,R,6160.0,R,7397.0,R,83.0,R,5989.0,R,14.0,R,0.0,R,5975.0,R,5618.0,R,94.0,R,14.0,R,0.0,R,0.0,R,14.0,R,8.0,R,57.0,R,9.0
193946,2018,R,944.0,R,1507.0,R,63.0,R,1029.0,Z,0.0,Z,0.0,R,1029.0,R,650.0,R,63.0,R,86.0,Z,0.0,Z,0.0,R,86.0,R,34.0,R,40.0,R,17.0
193973,2018,R,513.0,R,690.0,R,74.0,R,590.0,R,2.0,R,0.0,R,588.0,R,491.0,R,84.0,R,0.0,Z,0.0,Z,0.0,R,0.0,Z,0.0,A,,R,11.0
193991,2018,A,,A,,A,,R,10.0,R,0.0,Z,0.0,R,10.0,R,8.0,R,80.0,A,,A,,A,,A,,A,,A,,R,12.0
194028,2018,R,229.0,R,329.0,R,70.0,R,268.0,Z,0.0,Z,0.0,R,268.0,R,160.0,R,60.0,R,17.0,Z,0.0,Z,0.0,R,17.0,R,9.0,R,53.0,R,13.0
194091,2018,R,844.0,R,1121.0,R,75.0,R,852.0,R,1.0,R,0.0,R,851.0,R,609.0,R,72.0,R,37.0,R,1.0,R,0.0,R,36.0,R,14.0,R,39.0,R,12.0
194116,2018,R,13.0,R,126.0,R,10.0,R,5.0,R,0.0,R,0.0,R,5.0,R,5.0,R,100.0,R,3.0,R,0.0,R,0.0,R,3.0,R,2.0,R,67.0,R,10.0
194161,2018,R,189.0,R,427.0,R,44.0,R,156.0,R,0.0,R,0.0,R,156.0,R,112.0,R,72.0,R,5.0,R,0.0,R,0.0,R,5.0,R,4.0,R,80.0,R,12.0
194189,2018,A,,A,,A,,R,3.0,R,0.0,R,0.0,R,3.0,R,3.0,R,100.0,A,,A,,A,,A,,A,,A,,R,18.0
194222,2018,R,1699.0,R,2572.0,R,66.0,R,1810.0,Z,0.0,Z,0.0,R,1810.0,R,979.0,R,54.0,R,227.0,Z,0.0,Z,0.0,R,227.0,R,70.0,R,31.0,R,19.0
194240,2018,R,1100.0,R,1745.0,R,63.0,R,1131.0,Z,0.0,Z,0.0,R,1131.0,R,713.0,R,63.0,R,162.0,Z,0.0,Z,0.0,R,162.0,R,76.0,R,47.0,R,18.0
194259,2018,A,,A,,A,,R,31.0,Z,0.0,Z,0.0,R,31.0,R,31.0,R,100.0,A,,A,,A,,A,,A,,A,,R,9.0
194310,2018,R,1976.0,R,2765.0,R,71.0,R,1999.0,R,0.0,R,0.0,R,1999.0,R,1587.0,R,79.0,R,46.0,R,0.0,R,0.0,R,46.0,R,36.0,R,78.0,R,14.0
194392,2018,R,186.0,R,247.0,R,75.0,R,173.0,R,0.0,R,0.0,R,173.0,R,122.0,R,71.0,A,,A,,A,,A,,A,,A,,R,12.0
194435,2018,A,,A,,A,,R,3.0,R,0.0,Z,0.0,R,3.0,R,3.0,R,100.0,R,2.0,R,0.0,Z,0.0,R,2.0,R,1.0,R,50.0,R,20.0
194499,2018,R,287.0,R,473.0,R,61.0,R,0.0,R,0.0,R,0.0,R,0.0,R,0.0,A,,Z,0.0,Z,0.0,R,0.0,R,0.0,Z,0.0,A,,R,28.0
194569,2018,R,16.0,R,95.0,R,17.0,R,12.0,R,0.0,R,0.0,R,12.0,R,8.0,R,67.0,R,2.0,R,0.0,R,0.0,R,2.0,R,0.0,R,0.0,R,16.0
194578,2018,R,846.0,R,1010.0,R,84.0,R,798.0,R,21.0,R,0.0,R,777.0,R,683.0,R,88.0,R,2.0,R,0.0,Z,0.0,R,2.0,R,0.0,R,0.0,R,9.0
194657,2018,R,39.0,R,55.0,R,71.0,R,26.0,R,0.0,R,0.0,R,26.0,R,26.0,R,100.0,A,,A,,A,,A,,A,,A,,R,21.0
194666,2018,R,69.0,R,91.0,R,76.0,R,70.0,R,0.0,R,0.0,R,70.0,R,70.0,R,100.0,A,,A,,A,,A,,A,,A,,R,33.0
194693,2018,R,16.0,R,16.0,R,100.0,R,12.0,R,0.0,R,0.0,R,12.0,R,8.0,R,67.0,A,,A,,A,,A,,A,,A,,R,11.0
194736,2018,R,44.0,R,44.0,R,100.0,R,41.0,R,0.0,R,0.0,R,41.0,R,37.0,R,90.0,A,,A,,A,,A,,A,,A,,R,20.0
194763,2018,R,76.0,R,76.0,R,100.0,R,101.0,R,0.0,R,0.0,R,101.0,R,16.0,R,16.0,A,,A,,A,,A,,A,,A,,R,35.0
194824,2018,R,1778.0,R,1950.0,R,91.0,R,1663.0,R,0.0,R,0.0,R,1663.0,R,1522.0,R,92.0,A,,A,,A,,A,,A,,A,,R,13.0
194958,2018,R,228.0,R,288.0,R,79.0,R,219.0,R,0.0,R,0.0,R,219.0,R,171.0,R,78.0,R,0.0,R,0.0,R,0.0,R,0.0,R,0.0,A,,R,13.0
195003,2018,R,2845.0,R,3666.0,R,78.0,R,2611.0,R,1.0,R,0.0,R,2610.0,R,2325.0,R,89.0,R,2.0,R,0.0,R,0.0,R,2.0,R,2.0,R,100.0,R,13.0
195030,2018,R,1522.0,R,1768.0,R,86.0,R,1550.0,R,6.0,Z,0.0,R,1544.0,R,1472.0,R,95.0,A,,A,,A,,A,,A,,A,,R,10.0
195058,2018,R,1225.0,R,1996.0,R,61.0,R,1236.0,Z,0.0,Z,0.0,R,1236.0,R,816.0,R,66.0,R,165.0,Z,0.0,Z,0.0,R,165.0,R,83.0,R,50.0,R,21.0
195067,2018,A,,A,,A,,R,166.0,R,0.0,Z,0.0,R,166.0,R,81.0,R,49.0,R,27.0,R,0.0,Z,0.0,R,27.0,R,17.0,R,63.0,R,20.0
195128,2018,R,369.0,R,601.0,R,61.0,R,201.0,R,0.0,R,0.0,R,201.0,R,156.0,R,78.0,R,1.0,R,0.0,R,0.0,R,1.0,R,0.0,R,0.0,R,10.0
195164,2018,R,551.0,R,682.0,R,81.0,R,439.0,R,0.0,R,0.0,R,439.0,R,376.0,R,86.0,R,0.0,R,0.0,R,0.0,R,0.0,R,0.0,A,,R,12.0
195173,2018,R,561.0,R,741.0,R,76.0,R,435.0,R,0.0,R,0.0,R,435.0,R,335.0,R,77.0,R,5.0,R,0.0,R,0.0,R,5.0,R,2.0,R,40.0,R,15.0
195191,2018,R,2.0,R,151.0,R,1.0,R,0.0,R,0.0,R,0.0,R,0.0,R,0.0,A,,R,2.0,R,0.0,R,0.0,R,2.0,R,0.0,R,0.0,R,11.0
195216,2018,R,640.0,R,683.0,R,94.0,R,695.0,R,0.0,R,0.0,R,695.0,R,616.0,R,89.0,A,,A,,A,,A,,A,,A,,R,11.0
195234,2018,R,615.0,R,801.0,R,77.0,R,577.0,R,1.0,R,0.0,R,576.0,R,429.0,R,74.0,R,0.0,R,0.0,R,0.0,R,0.0,R,0.0,A,,R,14.0
195243,2018,R,270.0,R,1078.0,R,25.0,R,246.0,R,0.0,R,0.0,R,246.0,R,200.0,R,81.0,R,0.0,R,0.0,R,0.0,R,0.0,R,0.0,A,,R,14.0
195289,2018,R,1.0,R,49.0,R,2.0,R,3.0,R,0.0,R,0.0,R,3.0,R,1.0,R,33.0,R,3.0,R,0.0,R,0.0,R,3.0,R,2.0,R,67.0,R,5.0
195304,2018,R,425.0,R,491.0,R,87.0,R,393.0,R,0.0,R,0.0,R,393.0,R,315.0,R,80.0,A,,A,,A,,A,,A,,A,,R,9.0
195322,2018,R,527.0,R,1007.0,R,52.0,R,670.0,Z,0.0,Z,0.0,R,670.0,R,346.0,R,52.0,R,155.0,Z,0.0,Z,0.0,R,155.0,R,68.0,R,44.0,R,20.0
195438,2018,R,1.0,R,64.0,R,2.0,R,3.0,R,0.0,R,0.0,R,3.0,R,1.0,R,33.0,A,,A,,A,,A,,A,,A,,R,7.0
195474,2018,R,745.0,R,901.0,R,83.0,R,776.0,R,1.0,R,0.0,R,775.0,R,680.0,R,88.0,A,,A,,A,,A,,A,,A,,R,12.0
195526,2018,R,678.0,R,722.0,R,94.0,R,661.0,R,0.0,R,0.0,R,661.0,R,603.0,R,91.0,A,,A,,A,,A,,A,,A,,R,8.0
195544,2018,R,200.0,R,292.0,R,68.0,R,170.0,R,0.0,R,0.0,R,170.0,R,135.0,R,79.0,R,2.0,R,0.0,R,0.0,R,2.0,R,0.0,R,0.0,R,9.0
195562,2018,R,447.0,R,956.0,R,47.0,R,386.0,R,0.0,R,0.0,R,386.0,R,309.0,R,80.0,R,16.0,R,0.0,R,0.0,R,16.0,R,7.0,R,44.0,R,13.0
195702,2018,A,,A,,A,,R,2.0,R,0.0,R,0.0,R,2.0,R,2.0,R,100.0,R,0.0,R,0.0,R,0.0,R,0.0,R,0.0,A,,R,7.0
195720,2018,R,601.0,R,787.0,R,76.0,R,626.0,R,0.0,R,0.0,R,626.0,R,542.0,R,87.0,R,0.0,Z,0.0,Z,0.0,R,0.0,Z,0.0,A,,R,12.0
195784,2018,A,,A,,A,,R,32.0,Z,0.0,Z,0.0,R,32.0,R,19.0,R,59.0,A,,A,,A,,A,,A,,A,,R,13.0
195809,2018,R,3101.0,R,7805.0,R,40.0,R,2943.0,R,0.0,R,0.0,R,2943.0,R,2468.0,R,84.0,R,15.0,R,0.0,R,0.0,R,15.0,R,3.0,R,20.0,R,17.0
195933,2018,A,,A,,A,,A,,A,,A,,A,,A,,A,,A,,A,,A,,A,,A,,A,,R,11.0
195988,2018,R,290.0,R,433.0,R,67.0,R,318.0,Z,0.0,Z,0.0,R,318.0,R,168.0,R,53.0,R,18.0,Z,0.0,Z,0.0,R,18.0,R,7.0,R,39.0,R,18.0
196006,2018,R,1215.0,R,1500.0,R,81.0,R,293.0,Z,0.0,Z,0.0,R,293.0,R,203.0,R,69.0,R,0.0,R,0.0,R,0.0,R,0.0,R,0.0,A,,R,18.0
196015,2018,R,723.0,R,1104.0,R,65.0,R,208.0,Z,0.0,Z,0.0,R,208.0,R,159.0,R,76.0,R,0.0,R,0.0,R,0.0,R,0.0,R,0.0,A,,R,18.0
196024,2018,R,788.0,R,1040.0,R,76.0,R,124.0,R,0.0,R,0.0,R,124.0,R,98.0,R,79.0,R,1.0,Z,0.0,Z,0.0,R,1.0,R,0.0,R,0.0,R,15.0
196033,2018,R,640.0,R,919.0,R,70.0,R,187.0,Z,0.0,Z,0.0,R,187.0,R,139.0,R,74.0,R,1.0,Z,0.0,Z,0.0,R,1.0,R,0.0,R,0.0,R,16.0
196042,2018,R,1315.0,R,2769.0,R,47.0,R,690.0,Z,0.0,Z,0.0,R,690.0,R,580.0,R,84.0,R,12.0,Z,0.0,Z,0.0,R,12.0,R,5.0,R,42.0,R,20.0
196051,2018,R,812.0,R,1203.0,R,67.0,R,127.0,Z,0.0,Z,0.0,R,127.0,R,81.0,R,64.0,R,0.0,R,0.0,R,0.0,R,0.0,R,0.0,A,,R,16.0
196060,2018,R,2765.0,R,4262.0,R,65.0,R,2811.0,Z,0.0,Z,0.0,R,2811.0,R,2289.0,R,81.0,R,4.0,Z,0.0,Z,0.0,R,4.0,R,2.0,R,50.0,R,19.0
196079,2018,R,2906.0,R,4017.0,R,72.0,R,2672.0,R,0.0,R,0.0,R,2672.0,R,2460.0,R,92.0,R,64.0,R,0.0,R,0.0,R,64.0,R,60.0,R,94.0,R,19.0
196088,2018,R,4252.0,R,6171.0,R,69.0,R,4170.0,R,0.0,R,0.0,R,4170.0,R,3620.0,R,87.0,R,9.0,R,0.0,R,0.0,R,9.0,R,5.0,R,56.0,R,13.0
196097,2018,R,3375.0,R,5110.0,R,66.0,R,3160.0,R,0.0,R,0.0,R,3160.0,R,2835.0,R,90.0,R,7.0,R,0.0,R,0.0,R,7.0,R,2.0,R,29.0,R,18.0
196103,2018,R,383.0,R,594.0,R,64.0,R,326.0,Z,0.0,Z,0.0,R,326.0,R,274.0,R,84.0,R,1.0,Z,0.0,Z,0.0,R,1.0,Z,0.0,R,0.0,R,14.0
196112,2018,R,423.0,R,764.0,R,55.0,R,463.0,Z,0.0,Z,0.0,R,463.0,R,361.0,R,78.0,A,,A,,A,,A,,A,,A,,R,13.0
196121,2018,R,1270.0,R,2202.0,R,58.0,R,1257.0,Z,0.0,Z,0.0,R,1257.0,R,928.0,R,74.0,R,4.0,Z,0.0,Z,0.0,R,4.0,R,4.0,R,100.0,R,18.0
196130,2018,R,1741.0,R,2555.0,R,68.0,R,1801.0,Z,0.0,Z,0.0,R,1801.0,R,1096.0,R,61.0,R,5.0,Z,0.0,Z,0.0,R,5.0,R,1.0,R,20.0,R,15.0
196149,2018,R,1220.0,R,1899.0,R,64.0,R,1288.0,Z,0.0,Z,0.0,R,1288.0,R,1028.0,R,80.0,A,,A,,A,,A,,A,,A,,R,16.0
196158,2018,R,1175.0,R,1510.0,R,78.0,R,1122.0,Z,0.0,Z,0.0,R,1122.0,R,818.0,R,73.0,R,6.0,Z,0.0,Z,0.0,R,6.0,R,5.0,R,83.0,R,14.0
196167,2018,R,1338.0,R,1591.0,R,84.0,R,1333.0,R,1.0,R,0.0,R,1332.0,R,1135.0,R,85.0,R,7.0,R,0.0,R,0.0,R,7.0,R,6.0,R,86.0,R,18.0
196176,2018,R,1148.0,R,2035.0,R,56.0,R,1099.0,Z,0.0,Z,0.0,R,1099.0,R,913.0,R,83.0,R,5.0,Z,0.0,Z,0.0,R,5.0,R,5.0,R,100.0,R,15.0
196185,2018,R,1324.0,R,1887.0,R,70.0,R,1381.0,Z,0.0,Z,0.0,R,1381.0,R,1142.0,R,83.0,R,0.0,R,0.0,R,0.0,R,0.0,R,0.0,A,,R,18.0
196194,2018,R,1481.0,R,2172.0,R,68.0,R,1461.0,Z,0.0,Z,0.0,R,1461.0,R,1112.0,R,76.0,R,2.0,Z,0.0,Z,0.0,R,2.0,R,1.0,R,50.0,R,17.0
196200,2018,R,873.0,R,1064.0,R,82.0,R,779.0,Z,0.0,Z,0.0,R,779.0,R,585.0,R,75.0,R,4.0,Z,0.0,Z,0.0,R,4.0,R,1.0,R,25.0,R,12.0
196219,2018,R,881.0,R,1307.0,R,67.0,R,757.0,Z,0.0,Z,0.0,R,757.0,R,611.0,R,81.0,R,3.0,Z,0.0,Z,0.0,R,3.0,R,2.0,R,67.0,R,14.0
196237,2018,R,736.0,R,1547.0,R,48.0,R,659.0,R,0.0,R,0.0,R,659.0,R,503.0,R,76.0,R,2.0,R,0.0,R,0.0,R,2.0,R,1.0,R,50.0,R,20.0
196246,2018,R,1140.0,R,1663.0,R,69.0,R,1108.0,Z,0.0,Z,0.0,R,1108.0,R,862.0,R,78.0,R,2.0,Z,0.0,Z,0.0,R,2.0,Z,0.0,R,0.0,R,16.0
196255,2018,A,,A,,A,,A,,A,,A,,A,,A,,A,,A,,A,,A,,A,,A,,A,,R,8.0
196264,2018,R,114.0,R,2148.0,R,5.0,R,100.0,R,0.0,Z,0.0,R,100.0,R,51.0,R,51.0,R,50.0,R,0.0,Z,0.0,R,50.0,R,31.0,R,62.0,R,15.0
196291,2018,R,351.0,R,444.0,R,79.0,R,331.0,Z,0.0,Z,0.0,R,331.0,R,284.0,R,86.0,A,,A,,A,,A,,A,,A,,R,15.0
196307,2018,A,,A,,A,,A,,A,,A,,A,,A,,A,,A,,A,,A,,A,,A,,A,,R,6.0
196389,2018,R,85.0,R,253.0,R,34.0,R,57.0,R,0.0,R,0.0,R,57.0,R,37.0,R,65.0,R,1.0,R,0.0,R,0.0,R,1.0,R,0.0,R,0.0,R,9.0
196413,2018,R,3595.0,R,4271.0,R,84.0,R,3644.0,R,6.0,Z,0.0,R,3638.0,R,3260.0,R,90.0,R,5.0,Z,0.0,Z,0.0,R,5.0,R,5.0,R,100.0,R,15.0
196431,2018,R,27.0,R,212.0,R,13.0,R,43.0,R,0.0,R,0.0,R,43.0,R,32.0,R,74.0,A,,A,,A,,A,,A,,A,,R,13.0
196440,2018,A,,A,,A,,R,6.0,R,0.0,R,0.0,R,6.0,R,5.0,R,83.0,A,,A,,A,,A,,A,,A,,R,6.0
196565,2018,R,591.0,R,911.0,R,65.0,R,619.0,R,1.0,R,0.0,R,618.0,R,251.0,R,41.0,R,33.0,R,0.0,R,0.0,R,33.0,R,17.0,R,52.0,R,15.0
196583,2018,R,3.0,R,8.0,R,38.0,R,21.0,R,0.0,R,0.0,R,21.0,R,5.0,R,24.0,A,,A,,A,,A,,A,,A,,R,2.0
196592,2018,R,469.0,R,1961.0,R,24.0,R,293.0,Z,0.0,R,100.0,R,393.0,R,306.0,R,78.0,R,231.0,Z,0.0,Z,0.0,R,231.0,R,86.0,R,37.0,R,13.0
196653,2018,R,81.0,R,442.0,R,18.0,R,0.0,R,0.0,R,0.0,R,0.0,R,0.0,A,,R,0.0,R,0.0,R,0.0,R,0.0,R,0.0,A,,R,10.0
196680,2018,A,,A,,A,,A,,A,,A,,A,,A,,A,,R,111.0,Z,0.0,Z,0.0,R,111.0,R,92.0,R,83.0,R,18.0
196699,2018,R,430.0,R,736.0,R,58.0,R,480.0,R,1.0,Z,0.0,R,479.0,R,296.0,R,62.0,R,79.0,Z,0.0,Z,0.0,R,79.0,R,36.0,R,46.0,R,20.0
196866,2018,R,571.0,R,608.0,R,94.0,R,570.0,R,0.0,R,0.0,R,570.0,R,541.0,R,95.0,A,,A,,A,,A,,A,,A,,R,10.0
197018,2018,R,450.0,R,566.0,R,80.0,R,418.0,R,0.0,R,0.0,R,418.0,R,389.0,R,93.0,A,,A,,A,,A,,A,,A,,R,15.0
197027,2018,R,261.0,R,276.0,R,95.0,R,263.0,R,0.0,R,0.0,R,263.0,R,259.0,R,98.0,A,,A,,A,,A,,A,,A,,R,13.0
197036,2018,R,1186.0,R,1186.0,R,100.0,R,1194.0,R,2.0,R,0.0,R,1192.0,R,1156.0,R,97.0,A,,A,,A,,A,,A,,A,,R,7.0
197045,2018,R,587.0,R,1121.0,R,52.0,R,548.0,R,0.0,R,0.0,R,548.0,R,384.0,R,70.0,R,0.0,R,0.0,R,0.0,R,0.0,R,0.0,A,,R,13.0
197133,2018,R,685.0,R,710.0,R,96.0,R,624.0,R,0.0,R,0.0,R,624.0,R,597.0,R,96.0,A,,A,,A,,A,,A,,A,,R,8.0
197142,2018,R,126.0,R,192.0,R,66.0,R,101.0,R,0.0,R,0.0,R,101.0,R,64.0,R,63.0,R,1.0,R,0.0,R,0.0,R,1.0,R,0.0,R,0.0,R,8.0
197151,2018,R,882.0,R,1140.0,R,77.0,R,743.0,R,0.0,R,0.0,R,743.0,R,640.0,R,86.0,R,1.0,R,0.0,R,0.0,R,1.0,R,1.0,R,100.0,R,8.0
197197,2018,R,416.0,R,572.0,R,73.0,R,430.0,R,0.0,R,0.0,R,430.0,R,349.0,R,81.0,R,0.0,R,0.0,R,0.0,R,0.0,R,0.0,A,,R,15.0
197221,2018,R,25.0,R,28.0,R,89.0,R,26.0,R,0.0,R,0.0,R,26.0,R,26.0,R,100.0,A,,A,,A,,A,,A,,A,,R,9.0
197230,2018,R,147.0,R,166.0,R,89.0,R,137.0,R,0.0,R,0.0,R,137.0,R,96.0,R,70.0,R,0.0,R,0.0,R,0.0,R,0.0,R,0.0,A,,R,9.0
197285,2018,R,162.0,R,365.0,R,44.0,R,50.0,R,0.0,R,0.0,R,50.0,R,29.0,R,58.0,R,1.0,R,0.0,R,0.0,R,1.0,R,0.0,R,0.0,R,18.0
197294,2018,R,1928.0,R,3724.0,R,52.0,R,2094.0,Z,0.0,Z,0.0,R,2094.0,R,1222.0,R,58.0,R,479.0,Z,0.0,Z,0.0,R,479.0,R,206.0,R,43.0,R,14.0
197337,2018,A,,A,,A,,R,4.0,Z,0.0,Z,0.0,R,4.0,R,3.0,R,75.0,R,2.0,R,0.0,R,0.0,R,2.0,R,2.0,R,100.0,R,21.0
197531,2018,A,,A,,A,,R,317.0,R,0.0,R,0.0,R,317.0,R,245.0,R,77.0,A,,A,,A,,A,,A,,A,,R,24.0
197601,2018,R,35.0,R,35.0,R,100.0,R,28.0,R,5.0,R,0.0,R,23.0,R,11.0,R,48.0,A,,A,,A,,A,,A,,A,,R,12.0
197647,2018,R,25.0,R,38.0,R,66.0,R,22.0,R,0.0,R,0.0,R,22.0,R,18.0,R,82.0,A,,A,,A,,A,,A,,A,,R,10.0
197674,2018,R,53.0,R,70.0,R,76.0,R,44.0,R,0.0,R,0.0,R,44.0,R,39.0,R,89.0,A,,A,,A,,A,,A,,A,,R,11.0
197692,2018,R,30.0,R,30.0,R,100.0,R,22.0,R,0.0,R,0.0,R,22.0,R,19.0,R,86.0,A,,A,,A,,A,,A,,A,,R,12.0
197708,2018,R,553.0,R,610.0,R,91.0,R,576.0,R,2.0,Z,0.0,R,574.0,R,497.0,R,87.0,R,9.0,Z,0.0,Z,0.0,R,9.0,R,6.0,R,67.0,R,7.0
197735,2018,R,98.0,R,98.0,R,100.0,R,109.0,R,0.0,R,0.0,R,109.0,R,101.0,R,93.0,A,,A,,A,,A,,A,,A,,R,11.0
197744,2018,R,10.0,R,76.0,R,13.0,R,10.0,R,0.0,R,0.0,R,10.0,R,7.0,R,70.0,A,,A,,A,,A,,A,,A,,R,24.0
197814,2018,R,159.0,R,805.0,R,20.0,R,189.0,Z,0.0,Z,0.0,R,189.0,R,128.0,R,68.0,R,173.0,Z,0.0,Z,0.0,R,173.0,R,82.0,R,47.0,R,13.0
197850,2018,R,100.0,R,1110.0,R,9.0,R,120.0,R,0.0,R,0.0,R,120.0,R,61.0,R,51.0,R,170.0,R,0.0,R,0.0,R,170.0,R,67.0,R,39.0,R,14.0
197869,2018,R,3440.0,R,5099.0,R,67.0,R,3302.0,R,0.0,Z,0.0,R,3302.0,R,2878.0,R,87.0,R,4.0,R,0.0,Z,0.0,R,4.0,R,3.0,R,75.0,R,16.0
197887,2018,R,431.0,R,1830.0,R,24.0,R,471.0,R,1.0,R,0.0,R,470.0,R,284.0,R,60.0,R,473.0,R,0.0,R,0.0,R,473.0,R,217.0,R,46.0,R,14.0
197911,2018,R,277.0,R,385.0,R,72.0,R,198.0,R,0.0,R,0.0,R,198.0,R,142.0,R,72.0,R,0.0,R,0.0,R,0.0,R,0.0,R,0.0,A,,R,11.0
197966,2018,R,81.0,R,295.0,R,27.0,R,90.0,R,0.0,R,0.0,R,90.0,R,55.0,R,61.0,R,71.0,R,0.0,R,0.0,R,71.0,R,29.0,R,41.0,R,10.0
197984,2018,R,392.0,R,528.0,R,74.0,R,399.0,R,0.0,R,0.0,R,399.0,R,264.0,R,66.0,R,2.0,R,0.0,R,0.0,R,2.0,R,1.0,R,50.0,R,17.0
197993,2018,R,234.0,R,258.0,R,91.0,R,173.0,R,0.0,R,0.0,R,173.0,R,92.0,R,53.0,R,1.0,R,0.0,R,0.0,R,1.0,R,0.0,R,0.0,R,11.0
198011,2018,R,27.0,R,304.0,R,9.0,R,107.0,R,0.0,R,0.0,R,107.0,R,66.0,R,62.0,R,41.0,R,0.0,R,0.0,R,41.0,R,15.0,R,37.0,R,8.0
198039,2018,R,142.0,R,712.0,R,20.0,R,213.0,R,0.0,R,0.0,R,213.0,R,137.0,R,64.0,R,154.0,Z,0.0,Z,0.0,R,154.0,R,90.0,R,58.0,R,11.0
198066,2018,R,266.0,R,304.0,R,88.0,R,244.0,R,0.0,R,0.0,R,244.0,R,137.0,R,56.0,A,,A,,A,,A,,A,,A,,R,11.0
198084,2018,R,215.0,R,579.0,R,37.0,R,176.0,Z,0.0,Z,0.0,R,176.0,R,116.0,R,66.0,R,81.0,Z,0.0,Z,0.0,R,81.0,R,32.0,R,40.0,R,9.0
198109,2018,R,14.0,R,170.0,R,8.0,R,0.0,R,0.0,R,0.0,R,0.0,R,0.0,A,,R,0.0,R,0.0,R,0.0,R,0.0,R,0.0,A,,R,7.0
198118,2018,R,284.0,R,1310.0,R,22.0,R,276.0,R,0.0,R,0.0,R,276.0,R,141.0,R,51.0,R,158.0,R,0.0,R,0.0,R,158.0,R,58.0,R,37.0,R,17.0
198136,2018,R,812.0,R,1260.0,R,64.0,R,774.0,R,0.0,R,0.0,R,774.0,R,576.0,R,74.0,R,15.0,R,0.0,R,0.0,R,15.0,R,0.0,R,0.0,R,16.0
198154,2018,R,909.0,R,3300.0,R,28.0,R,909.0,R,0.0,R,0.0,R,909.0,R,626.0,R,69.0,R,434.0,R,0.0,R,0.0,R,434.0,R,242.0,R,56.0,R,14.0
198190,2018,A,,A,,A,,A,,A,,A,,A,,A,,A,,A,,A,,A,,A,,A,,A,,R,2.0
198206,2018,R,62.0,R,414.0,R,15.0,R,91.0,R,0.0,R,0.0,R,91.0,R,56.0,R,62.0,R,148.0,R,0.0,R,0.0,R,148.0,R,60.0,R,41.0,R,7.0
198215,2018,R,338.0,R,422.0,R,80.0,R,332.0,R,0.0,R,0.0,R,332.0,R,235.0,R,71.0,A,,A,,A,,A,,A,,A,,R,12.0
198233,2018,R,585.0,R,1703.0,R,34.0,R,491.0,R,0.0,R,0.0,R,491.0,R,308.0,R,63.0,R,317.0,R,0.0,R,0.0,R,317.0,R,132.0,R,42.0,R,13.0
198251,2018,R,567.0,R,2322.0,R,24.0,R,494.0,R,0.0,R,0.0,R,494.0,R,316.0,R,64.0,R,257.0,R,0.0,R,0.0,R,257.0,R,117.0,R,46.0,R,14.0
198260,2018,R,1352.0,R,5403.0,R,25.0,R,1327.0,R,0.0,R,0.0,R,1327.0,R,729.0,R,55.0,R,1155.0,R,0.0,R,0.0,R,1155.0,R,492.0,R,43.0,R,19.0
198303,2018,R,414.0,R,496.0,R,83.0,R,526.0,R,0.0,R,0.0,R,526.0,R,288.0,R,55.0,A,,A,,A,,A,,A,,A,,R,16.0
198321,2018,R,124.0,R,428.0,R,29.0,R,249.0,R,0.0,R,0.0,R,249.0,R,139.0,R,56.0,R,90.0,R,0.0,R,0.0,R,90.0,R,28.0,R,31.0,R,11.0
198330,2018,R,457.0,R,1405.0,R,33.0,R,488.0,R,0.0,R,0.0,R,488.0,R,294.0,R,60.0,R,287.0,R,0.0,R,0.0,R,287.0,R,111.0,R,39.0,R,14.0
198367,2018,R,178.0,R,874.0,R,20.0,R,134.0,Z,0.0,Z,0.0,R,134.0,R,84.0,R,63.0,R,143.0,Z,0.0,Z,0.0,R,143.0,R,51.0,R,36.0,R,14.0
198376,2018,R,311.0,R,1179.0,R,26.0,R,303.0,R,0.0,R,0.0,R,303.0,R,178.0,R,59.0,R,153.0,R,0.0,R,0.0,R,153.0,R,71.0,R,46.0,R,16.0
198385,2018,R,515.0,R,534.0,R,96.0,R,519.0,R,0.0,R,0.0,R,519.0,R,495.0,R,95.0,A,,A,,A,,A,,A,,A,,R,9.0
198419,2018,R,1745.0,R,1851.0,R,94.0,R,1744.0,R,0.0,R,0.0,R,1744.0,R,1702.0,R,98.0,A,,A,,A,,A,,A,,A,,R,6.0
198455,2018,R,243.0,R,1673.0,R,15.0,R,235.0,R,0.0,R,0.0,R,235.0,R,137.0,R,58.0,R,413.0,R,0.0,R,0.0,R,413.0,R,186.0,R,45.0,R,13.0
198464,2018,R,4106.0,R,6436.0,R,64.0,R,4312.0,R,0.0,Z,0.0,R,4312.0,R,3485.0,R,81.0,R,50.0,R,0.0,Z,0.0,R,50.0,R,41.0,R,82.0,R,18.0
198491,2018,R,139.0,R,399.0,R,35.0,R,138.0,R,0.0,R,0.0,R,138.0,R,98.0,R,71.0,R,117.0,R,0.0,R,0.0,R,117.0,R,44.0,R,38.0,R,15.0
198507,2018,R,416.0,R,647.0,R,64.0,R,341.0,R,0.0,Z,0.0,R,341.0,R,248.0,R,73.0,R,8.0,R,0.0,Z,0.0,R,8.0,R,2.0,R,25.0,R,16.0
198516,2018,R,1698.0,R,1752.0,R,97.0,R,1573.0,R,0.0,R,0.0,R,1573.0,R,1415.0,R,90.0,A,,A,,A,,A,,A,,A,,R,12.0
198534,2018,R,999.0,R,3410.0,R,29.0,R,1121.0,R,41.0,R,0.0,R,1080.0,R,598.0,R,55.0,R,942.0,R,164.0,R,0.0,R,778.0,R,345.0,R,44.0,R,19.0
198543,2018,R,611.0,R,1760.0,R,35.0,R,662.0,R,0.0,Z,0.0,R,662.0,R,455.0,R,69.0,R,8.0,R,0.0,Z,0.0,R,8.0,R,3.0,R,38.0,R,17.0
198552,2018,R,624.0,R,2143.0,R,29.0,R,770.0,R,0.0,R,0.0,R,770.0,R,468.0,R,61.0,R,443.0,R,0.0,R,0.0,R,443.0,R,204.0,R,46.0,R,11.0
198561,2018,R,408.0,R,672.0,R,61.0,R,381.0,R,0.0,R,0.0,R,381.0,R,291.0,R,76.0,A,,A,,A,,A,,A,,A,,R,11.0
198570,2018,R,336.0,R,2138.0,R,16.0,R,336.0,Z,0.0,Z,0.0,R,336.0,R,235.0,R,70.0,R,914.0,Z,0.0,Z,0.0,R,914.0,R,402.0,R,44.0,R,19.0
198598,2018,R,180.0,R,322.0,R,56.0,R,223.0,R,0.0,R,0.0,R,223.0,R,133.0,R,60.0,R,0.0,R,0.0,R,0.0,R,0.0,R,0.0,A,,R,10.0
198613,2018,R,358.0,R,458.0,R,78.0,R,342.0,R,0.0,R,0.0,R,342.0,R,231.0,R,68.0,R,1.0,R,0.0,R,0.0,R,1.0,R,1.0,R,100.0,R,12.0
198622,2018,R,864.0,R,3453.0,R,25.0,R,819.0,R,1.0,R,0.0,R,818.0,R,434.0,R,53.0,R,906.0,R,1.0,R,0.0,R,905.0,R,393.0,R,43.0,R,18.0
198640,2018,R,138.0,R,351.0,R,39.0,R,135.0,R,0.0,R,0.0,R,135.0,R,86.0,R,64.0,R,49.0,R,0.0,R,0.0,R,49.0,R,15.0,R,31.0,R,11.0
198668,2018,R,162.0,R,702.0,R,23.0,R,179.0,R,0.0,R,0.0,R,179.0,R,112.0,R,63.0,R,92.0,R,0.0,R,0.0,R,92.0,R,42.0,R,46.0,R,13.0
198677,2018,A,,A,,A,,R,5.0,R,0.0,R,0.0,R,5.0,R,4.0,R,80.0,R,3.0,R,0.0,R,0.0,R,3.0,R,1.0,R,33.0,R,3.0
198695,2018,R,1423.0,R,1529.0,R,93.0,R,1111.0,R,1.0,R,0.0,R,1110.0,R,904.0,R,81.0,A,,A,,A,,A,,A,,A,,R,14.0
198710,2018,R,243.0,R,687.0,R,35.0,R,242.0,R,1.0,R,0.0,R,241.0,R,124.0,R,51.0,R,95.0,R,1.0,R,0.0,R,94.0,R,42.0,R,45.0,R,13.0
198729,2018,R,42.0,R,249.0,R,17.0,R,125.0,R,0.0,R,0.0,R,125.0,R,88.0,R,70.0,R,77.0,R,0.0,R,0.0,R,77.0,R,30.0,R,39.0,R,10.0
198756,2018,R,349.0,R,462.0,R,76.0,R,336.0,Z,0.0,Z,0.0,R,336.0,R,232.0,R,69.0,R,3.0,Z,0.0,Z,0.0,R,3.0,R,1.0,R,33.0,R,12.0
198774,2018,R,345.0,R,1435.0,R,24.0,R,399.0,R,0.0,R,0.0,R,399.0,R,217.0,R,54.0,R,190.0,R,0.0,R,0.0,R,190.0,R,91.0,R,48.0,R,15.0
198808,2018,R,222.0,R,395.0,R,56.0,R,208.0,R,0.0,R,0.0,R,208.0,R,139.0,R,67.0,R,0.0,R,0.0,R,0.0,R,0.0,R,0.0,A,,R,12.0
198817,2018,R,145.0,R,903.0,R,16.0,R,228.0,R,5.0,R,0.0,R,223.0,R,133.0,R,60.0,R,93.0,R,0.0,R,0.0,R,93.0,R,39.0,R,42.0,R,15.0
198835,2018,R,500.0,R,746.0,R,67.0,R,384.0,R,0.0,R,0.0,R,384.0,R,263.0,R,68.0,R,24.0,R,0.0,R,0.0,R,24.0,R,22.0,R,92.0,R,13.0
198844,2018,A,,A,,A,,R,93.0,Z,0.0,Z,0.0,R,93.0,R,84.0,R,90.0,R,0.0,R,0.0,R,0.0,R,0.0,R,0.0,A,,R,18.0
198862,2018,R,377.0,R,442.0,R,85.0,R,365.0,R,0.0,R,0.0,R,365.0,R,181.0,R,50.0,R,1.0,R,0.0,R,0.0,R,1.0,R,0.0,R,0.0,R,16.0
198871,2018,R,327.0,R,383.0,R,85.0,R,346.0,R,0.0,R,0.0,R,346.0,R,158.0,R,46.0,R,15.0,R,0.0,R,0.0,R,15.0,R,1.0,R,7.0,R,11.0
198899,2018,R,264.0,R,322.0,R,82.0,R,353.0,R,0.0,R,0.0,R,353.0,R,224.0,R,63.0,R,0.0,R,0.0,R,0.0,R,0.0,R,0.0,A,,R,9.0
198905,2018,R,49.0,R,289.0,R,17.0,R,35.0,Z,0.0,Z,0.0,R,35.0,R,22.0,R,63.0,R,29.0,R,0.0,R,0.0,R,29.0,R,8.0,R,28.0,R,12.0
198914,2018,R,58.0,R,97.0,R,60.0,R,48.0,R,0.0,R,0.0,R,48.0,R,33.0,R,69.0,R,39.0,Z,0.0,Z,0.0,R,39.0,R,36.0,R,92.0,R,13.0
198923,2018,R,81.0,R,403.0,R,20.0,R,75.0,Z,0.0,Z,0.0,R,75.0,R,54.0,R,72.0,R,57.0,Z,0.0,Z,0.0,R,57.0,R,22.0,R,39.0,R,8.0
198950,2018,R,401.0,R,497.0,R,81.0,R,394.0,R,0.0,R,0.0,R,394.0,R,315.0,R,80.0,R,0.0,R,0.0,R,0.0,R,0.0,R,0.0,A,,R,11.0
198969,2018,R,370.0,R,572.0,R,65.0,R,400.0,R,0.0,R,0.0,R,400.0,R,210.0,R,53.0,R,7.0,R,0.0,R,0.0,R,7.0,R,2.0,R,29.0,R,9.0
198978,2018,A,,A,,A,,R,8.0,Z,0.0,Z,0.0,R,8.0,R,6.0,R,75.0,R,3.0,Z,0.0,Z,0.0,R,3.0,R,1.0,R,33.0,R,15.0
198987,2018,R,252.0,R,1240.0,R,20.0,R,257.0,R,0.0,R,0.0,R,257.0,R,131.0,R,51.0,R,131.0,R,0.0,R,0.0,R,131.0,R,51.0,R,39.0,R,18.0
199005,2018,A,,A,,A,,R,7.0,Z,0.0,Z,0.0,R,7.0,R,5.0,R,71.0,A,,A,,A,,A,,A,,A,,R,9.0
199023,2018,R,74.0,R,275.0,R,27.0,R,109.0,R,0.0,R,0.0,R,109.0,R,75.0,R,69.0,R,51.0,R,0.0,R,0.0,R,51.0,R,23.0,R,45.0,R,8.0
199032,2018,R,147.0,R,293.0,R,50.0,R,174.0,R,0.0,R,0.0,R,174.0,R,104.0,R,60.0,R,2.0,R,0.0,R,0.0,R,2.0,R,1.0,R,50.0,R,11.0
199069,2018,R,253.0,R,819.0,R,31.0,R,276.0,R,0.0,R,0.0,R,276.0,R,184.0,R,67.0,R,33.0,R,0.0,R,0.0,R,33.0,R,14.0,R,42.0,R,12.0
199078,2018,A,,A,,A,,R,35.0,R,9.0,R,0.0,R,26.0,R,22.0,R,85.0,R,4.0,R,0.0,Z,0.0,R,4.0,R,3.0,R,75.0,R,16.0
199087,2018,R,335.0,R,1250.0,R,27.0,R,330.0,R,35.0,R,0.0,R,295.0,R,159.0,R,54.0,R,123.0,R,34.0,R,0.0,R,89.0,R,30.0,R,34.0,R,25.0
199102,2018,R,2186.0,R,3231.0,R,68.0,R,2285.0,R,0.0,Z,0.0,R,2285.0,R,1759.0,R,77.0,R,24.0,R,0.0,Z,0.0,R,24.0,R,9.0,R,38.0,R,18.0
199111,2018,R,783.0,R,1226.0,R,64.0,R,647.0,R,1.0,Z,0.0,R,646.0,R,472.0,R,73.0,R,1.0,R,0.0,Z,0.0,R,1.0,R,0.0,R,0.0,R,13.0
199120,2018,R,4318.0,R,5277.0,R,82.0,R,4355.0,R,1.0,Z,0.0,R,4354.0,R,4233.0,R,97.0,R,1.0,R,0.0,Z,0.0,R,1.0,R,1.0,R,100.0,R,13.0
199139,2018,R,3678.0,R,6979.0,R,53.0,R,3355.0,R,0.0,Z,0.0,R,3355.0,R,2747.0,R,82.0,R,18.0,R,0.0,Z,0.0,R,18.0,R,8.0,R,44.0,R,19.0
199148,2018,R,2972.0,R,5446.0,R,55.0,R,2768.0,R,1.0,Z,0.0,R,2767.0,R,2120.0,R,77.0,R,23.0,R,0.0,Z,0.0,R,23.0,R,7.0,R,30.0,R,17.0
199157,2018,R,1126.0,R,1911.0,R,59.0,R,1264.0,R,0.0,Z,0.0,R,1264.0,R,1040.0,R,82.0,R,11.0,R,0.0,Z,0.0,R,11.0,R,6.0,R,55.0,R,16.0
199184,2018,R,243.0,R,280.0,R,87.0,R,172.0,R,0.0,Z,0.0,R,172.0,R,151.0,R,88.0,R,0.0,R,0.0,Z,0.0,R,0.0,R,0.0,A,,R,7.0
199193,2018,R,4939.0,R,7373.0,R,67.0,R,4648.0,R,2.0,Z,0.0,R,4646.0,R,4361.0,R,94.0,R,8.0,R,0.0,Z,0.0,R,8.0,R,5.0,R,63.0,R,14.0
199209,2018,R,386.0,R,616.0,R,63.0,R,329.0,R,0.0,R,0.0,R,329.0,R,208.0,R,63.0,R,26.0,R,0.0,R,0.0,R,26.0,R,13.0,R,50.0,R,17.0
199218,2018,R,2143.0,R,4330.0,R,49.0,R,2137.0,R,0.0,Z,0.0,R,2137.0,R,1778.0,R,83.0,R,8.0,R,0.0,Z,0.0,R,8.0,R,4.0,R,50.0,R,17.0
199263,2018,R,66.0,R,213.0,R,31.0,R,42.0,R,0.0,R,0.0,R,42.0,R,36.0,R,86.0,R,41.0,R,0.0,R,0.0,R,41.0,R,19.0,R,46.0,R,9.0
199272,2018,R,212.0,R,331.0,R,64.0,R,203.0,R,0.0,R,0.0,R,203.0,R,131.0,R,65.0,R,0.0,R,0.0,R,0.0,R,0.0,R,0.0,A,,R,13.0
199281,2018,R,1212.0,R,2115.0,R,57.0,R,1022.0,R,0.0,Z,0.0,R,1022.0,R,754.0,R,74.0,R,11.0,R,0.0,Z,0.0,R,11.0,R,4.0,R,36.0,R,18.0
199306,2018,R,308.0,R,388.0,R,79.0,R,277.0,R,0.0,R,0.0,R,277.0,R,176.0,R,64.0,R,0.0,Z,0.0,Z,0.0,R,0.0,Z,0.0,A,,R,10.0
199324,2018,R,88.0,R,407.0,R,22.0,R,105.0,R,0.0,R,0.0,R,105.0,R,68.0,R,65.0,R,76.0,R,0.0,R,0.0,R,76.0,R,39.0,R,51.0,R,8.0
199333,2018,R,861.0,R,3237.0,R,27.0,R,923.0,R,0.0,R,0.0,R,923.0,R,547.0,R,59.0,R,327.0,R,0.0,R,0.0,R,327.0,R,146.0,R,45.0,R,19.0
199412,2018,R,368.0,R,617.0,R,60.0,R,383.0,R,0.0,R,0.0,R,383.0,R,315.0,R,82.0,R,3.0,R,0.0,R,0.0,R,3.0,R,2.0,R,67.0,R,10.0
199421,2018,R,217.0,R,1154.0,R,19.0,R,313.0,R,0.0,R,0.0,R,313.0,R,197.0,R,63.0,R,159.0,R,0.0,R,0.0,R,159.0,R,80.0,R,50.0,R,11.0
199449,2018,R,241.0,R,956.0,R,25.0,R,220.0,R,0.0,R,0.0,R,220.0,R,138.0,R,63.0,R,109.0,R,0.0,R,0.0,R,109.0,R,52.0,R,48.0,R,15.0
199458,2018,R,53.0,R,82.0,R,65.0,R,48.0,R,0.0,R,0.0,R,48.0,R,31.0,R,65.0,R,1.0,R,0.0,R,0.0,R,1.0,R,0.0,R,0.0,R,10.0
199467,2018,R,56.0,R,229.0,R,24.0,R,58.0,R,0.0,R,0.0,R,58.0,R,35.0,R,60.0,R,29.0,R,0.0,R,0.0,R,29.0,R,7.0,R,24.0,R,19.0
199476,2018,R,135.0,R,413.0,R,33.0,R,166.0,Z,0.0,Z,0.0,R,166.0,R,96.0,R,58.0,R,96.0,Z,0.0,Z,0.0,R,96.0,R,45.0,R,47.0,R,12.0
199485,2018,R,186.0,R,591.0,R,31.0,R,173.0,R,0.0,R,0.0,R,173.0,R,91.0,R,53.0,R,170.0,R,0.0,R,0.0,R,170.0,R,70.0,R,41.0,R,13.0
199494,2018,R,648.0,R,2242.0,R,29.0,R,808.0,R,0.0,R,0.0,R,808.0,R,478.0,R,59.0,R,276.0,R,0.0,Z,0.0,R,276.0,R,106.0,R,38.0,R,16.0
199582,2018,R,211.0,R,213.0,R,99.0,R,332.0,R,0.0,R,0.0,R,332.0,R,148.0,R,45.0,A,,A,,A,,A,,A,,A,,R,9.0
199607,2018,R,101.0,R,172.0,R,59.0,R,160.0,R,0.0,R,0.0,R,160.0,R,115.0,R,72.0,R,3.0,R,0.0,R,0.0,R,3.0,R,1.0,R,33.0,R,11.0
199625,2018,R,84.0,R,518.0,R,16.0,R,90.0,R,0.0,R,0.0,R,90.0,R,41.0,R,46.0,R,254.0,R,0.0,R,0.0,R,254.0,R,105.0,R,41.0,R,10.0
199634,2018,R,507.0,R,1674.0,R,30.0,R,485.0,R,0.0,R,0.0,R,485.0,R,302.0,R,62.0,R,235.0,R,0.0,R,0.0,R,235.0,R,92.0,R,39.0,R,13.0
199643,2018,R,390.0,R,468.0,R,83.0,R,489.0,R,0.0,R,0.0,R,489.0,R,232.0,R,47.0,R,4.0,R,0.0,R,0.0,R,4.0,R,0.0,R,0.0,R,16.0
199670,2018,A,,A,,A,,R,37.0,R,0.0,R,0.0,R,37.0,R,17.0,R,46.0,A,,A,,A,,A,,A,,A,,R,42.0
199689,2018,A,,A,,A,,R,20.0,R,0.0,R,0.0,R,20.0,R,15.0,R,75.0,R,2.0,R,0.0,R,0.0,R,2.0,R,2.0,R,100.0,R,15.0
199698,2018,R,190.0,R,255.0,R,75.0,R,187.0,R,0.0,R,0.0,R,187.0,R,90.0,R,48.0,R,0.0,Z,0.0,R,0.0,R,0.0,Z,0.0,A,,R,14.0
199722,2018,R,132.0,R,244.0,R,54.0,R,218.0,R,0.0,R,0.0,R,218.0,R,140.0,R,64.0,R,52.0,R,0.0,R,0.0,R,52.0,R,26.0,R,50.0,R,9.0
199731,2018,R,154.0,R,780.0,R,20.0,R,162.0,R,0.0,R,0.0,R,162.0,R,113.0,R,70.0,R,131.0,R,0.0,R,0.0,R,131.0,R,58.0,R,44.0,R,13.0
199740,2018,R,163.0,R,469.0,R,35.0,R,251.0,Z,0.0,Z,0.0,R,251.0,R,155.0,R,62.0,R,157.0,Z,0.0,Z,0.0,R,157.0,R,56.0,R,36.0,R,13.0
199759,2018,R,94.0,R,152.0,R,62.0,R,65.0,R,0.0,R,0.0,R,65.0,R,50.0,R,77.0,R,27.0,R,0.0,R,0.0,R,27.0,R,18.0,R,67.0,R,22.0
199768,2018,R,298.0,R,1247.0,R,24.0,R,305.0,R,1.0,R,0.0,R,304.0,R,207.0,R,68.0,R,177.0,R,0.0,R,0.0,R,177.0,R,95.0,R,54.0,R,12.0
199786,2018,R,372.0,R,1049.0,R,35.0,R,475.0,R,0.0,R,0.0,R,475.0,R,303.0,R,64.0,R,299.0,R,0.0,R,0.0,R,299.0,R,139.0,R,46.0,R,14.0
199795,2018,R,65.0,R,288.0,R,23.0,R,68.0,R,1.0,R,0.0,R,67.0,R,41.0,R,61.0,R,35.0,R,2.0,R,0.0,R,33.0,R,14.0,R,42.0,R,16.0
199838,2018,R,170.0,R,733.0,R,23.0,R,176.0,Z,0.0,Z,0.0,R,176.0,R,102.0,R,58.0,R,154.0,R,1.0,Z,0.0,R,153.0,R,74.0,R,48.0,R,13.0
199847,2018,R,1420.0,R,1434.0,R,99.0,R,1348.0,R,1.0,R,0.0,R,1347.0,R,1287.0,R,96.0,R,1.0,R,0.0,R,0.0,R,1.0,R,1.0,R,100.0,R,10.0
199856,2018,R,1967.0,R,7300.0,R,27.0,R,1843.0,R,1.0,R,0.0,R,1842.0,R,1223.0,R,66.0,R,1654.0,R,0.0,R,0.0,R,1654.0,R,804.0,R,49.0,R,18.0
199865,2018,R,251.0,R,312.0,R,80.0,R,146.0,R,0.0,R,0.0,R,146.0,R,95.0,R,65.0,A,,A,,A,,A,,A,,A,,R,10.0
199883,2018,A,,A,,A,,A,,A,,A,,A,,A,,A,,A,,A,,A,,A,,A,,A,,R,8.0
199892,2018,R,359.0,R,960.0,R,37.0,R,384.0,Z,0.0,Z,0.0,R,384.0,R,271.0,R,71.0,R,213.0,R,0.0,R,0.0,R,213.0,R,109.0,R,51.0,R,12.0
199908,2018,R,181.0,R,666.0,R,27.0,R,189.0,R,0.0,R,0.0,R,189.0,R,117.0,R,62.0,R,124.0,R,0.0,R,0.0,R,124.0,R,45.0,R,36.0,R,10.0
199926,2018,R,398.0,R,1064.0,R,37.0,R,409.0,R,0.0,R,0.0,R,409.0,R,268.0,R,66.0,R,170.0,R,0.0,R,0.0,R,170.0,R,101.0,R,59.0,R,11.0
199953,2018,R,113.0,R,672.0,R,17.0,R,124.0,R,0.0,R,0.0,R,124.0,R,63.0,R,51.0,R,76.0,R,0.0,R,0.0,R,76.0,R,36.0,R,47.0,R,11.0
199962,2018,R,933.0,R,1014.0,R,92.0,R,1071.0,R,0.0,R,0.0,R,1071.0,R,683.0,R,64.0,R,2.0,R,0.0,R,0.0,R,2.0,R,0.0,R,0.0,R,16.0
199971,2018,R,16.0,R,41.0,R,39.0,R,1.0,R,0.0,R,0.0,R,1.0,R,1.0,R,100.0,A,,A,,A,,A,,A,,A,,R,15.0
199980,2018,A,,A,,A,,R,17.0,R,0.0,R,0.0,R,17.0,R,13.0,R,76.0,A,,A,,A,,A,,A,,A,,R,22.0
199999,2018,R,934.0,R,1473.0,R,63.0,R,933.0,R,0.0,Z,0.0,R,933.0,R,720.0,R,77.0,R,4.0,R,0.0,Z,0.0,R,4.0,R,0.0,R,0.0,R,14.0
200004,2018,R,2189.0,R,3420.0,R,64.0,R,1980.0,R,1.0,Z,0.0,R,1979.0,R,1582.0,R,80.0,R,18.0,R,0.0,Z,0.0,R,18.0,R,6.0,R,33.0,R,17.0
200013,2018,R,24.0,R,154.0,R,16.0,R,0.0,Z,0.0,Z,0.0,R,0.0,Z,0.0,A,,R,0.0,Z,0.0,Z,0.0,R,0.0,Z,0.0,A,,R,12.0
200022,2018,R,797.0,R,1728.0,R,46.0,R,0.0,R,0.0,R,0.0,R,0.0,R,0.0,A,,R,0.0,R,0.0,R,0.0,R,0.0,R,0.0,A,,R,14.0
200059,2018,R,168.0,R,523.0,R,32.0,R,189.0,R,0.0,R,0.0,R,189.0,R,135.0,R,71.0,R,5.0,R,0.0,R,0.0,R,5.0,R,3.0,R,60.0,R,10.0
200086,2018,R,41.0,R,91.0,R,45.0,R,0.0,R,0.0,R,0.0,R,0.0,R,0.0,A,,R,0.0,R,0.0,R,0.0,R,0.0,R,0.0,A,,R,6.0
200110,2018,A,,A,,A,,R,19.0,R,0.0,R,0.0,R,19.0,R,17.0,R,89.0,A,,A,,A,,A,,A,,A,,R,16.0
200156,2018,R,264.0,R,326.0,R,81.0,R,235.0,R,0.0,R,0.0,R,235.0,R,140.0,R,60.0,A,,A,,A,,A,,A,,A,,R,10.0
200192,2018,R,196.0,R,1066.0,R,18.0,R,203.0,R,0.0,R,0.0,R,203.0,R,124.0,R,61.0,R,11.0,R,0.0,R,0.0,R,11.0,R,2.0,R,18.0,R,14.0
200208,2018,R,16.0,R,46.0,R,35.0,R,36.0,R,0.0,R,0.0,R,36.0,R,16.0,R,44.0,R,20.0,R,1.0,R,0.0,R,19.0,R,3.0,R,16.0,R,5.0
200217,2018,R,529.0,R,925.0,R,57.0,R,437.0,R,0.0,R,0.0,R,437.0,R,357.0,R,82.0,R,0.0,R,0.0,R,0.0,R,0.0,R,0.0,A,,R,14.0
200226,2018,R,133.0,R,505.0,R,26.0,R,125.0,R,0.0,R,0.0,R,125.0,R,83.0,R,66.0,R,6.0,R,0.0,R,0.0,R,6.0,R,2.0,R,33.0,R,13.0
200253,2018,R,384.0,R,995.0,R,39.0,R,335.0,R,0.0,R,0.0,R,335.0,R,235.0,R,70.0,R,38.0,R,0.0,R,0.0,R,38.0,R,19.0,R,50.0,R,12.0
200262,2018,A,,A,,A,,R,2.0,Z,0.0,Z,0.0,R,2.0,R,1.0,R,50.0,A,,A,,A,,A,,A,,A,,R,8.0
200280,2018,R,1809.0,R,3118.0,R,58.0,R,1920.0,R,0.0,R,0.0,R,1920.0,R,1537.0,R,80.0,R,19.0,R,0.0,R,0.0,R,19.0,R,6.0,R,32.0,R,18.0
200305,2018,R,550.0,R,1410.0,R,39.0,R,668.0,R,0.0,R,0.0,R,668.0,R,479.0,R,72.0,R,69.0,R,0.0,R,0.0,R,69.0,R,28.0,R,41.0,R,13.0
200314,2018,R,161.0,R,574.0,R,28.0,R,134.0,R,0.0,R,0.0,R,134.0,R,72.0,R,54.0,R,19.0,R,0.0,R,0.0,R,19.0,R,7.0,R,37.0,R,17.0
200332,2018,R,2270.0,R,2998.0,R,76.0,R,2615.0,R,1.0,R,0.0,R,2614.0,R,2063.0,R,79.0,R,17.0,R,0.0,R,0.0,R,17.0,R,7.0,R,41.0,R,19.0
200341,2018,R,300.0,R,711.0,R,42.0,R,290.0,R,0.0,R,0.0,R,290.0,R,163.0,R,56.0,R,16.0,R,0.0,R,0.0,R,16.0,R,3.0,R,19.0,R,25.0
200387,2018,A,,A,,A,,R,8.0,R,0.0,R,0.0,R,8.0,R,6.0,R,75.0,A,,A,,A,,A,,A,,A,,R,16.0
200466,2018,R,37.0,R,64.0,R,58.0,R,0.0,R,0.0,R,0.0,R,0.0,R,0.0,A,,R,0.0,R,0.0,R,0.0,R,0.0,R,0.0,A,,R,7.0
200484,2018,R,38.0,R,65.0,R,58.0,R,42.0,R,0.0,R,0.0,R,42.0,R,30.0,R,71.0,R,1.0,R,0.0,R,0.0,R,1.0,R,1.0,R,100.0,R,11.0
200527,2018,R,120.0,R,185.0,R,65.0,R,15.0,R,0.0,R,0.0,R,15.0,R,11.0,R,73.0,R,0.0,R,0.0,R,0.0,R,0.0,R,0.0,A,,R,10.0
200554,2018,R,71.0,R,145.0,R,49.0,R,0.0,R,0.0,R,0.0,R,0.0,R,0.0,A,,R,0.0,R,0.0,R,0.0,R,0.0,R,0.0,A,,R,9.0
200572,2018,R,151.0,R,467.0,R,32.0,R,160.0,R,0.0,R,0.0,R,160.0,R,109.0,R,68.0,R,30.0,R,0.0,R,0.0,R,30.0,R,15.0,R,50.0,R,13.0
200590,2018,R,12.0,R,56.0,R,21.0,R,8.0,R,0.0,R,0.0,R,8.0,R,7.0,R,88.0,R,24.0,R,0.0,R,0.0,R,24.0,R,19.0,R,79.0,R,5.0
200624,2018,R,8.0,R,10.0,R,80.0,R,8.0,R,0.0,R,0.0,R,8.0,R,2.0,R,25.0,A,,A,,A,,A,,A,,A,,R,6.0
200785,2018,R,37.0,R,96.0,R,39.0,R,7.0,R,0.0,R,0.0,R,7.0,R,2.0,R,29.0,R,1.0,R,0.0,R,0.0,R,1.0,R,0.0,R,0.0,R,13.0
200800,2018,R,2744.0,R,4052.0,R,68.0,R,2874.0,Z,0.0,Z,0.0,R,2874.0,R,2066.0,R,72.0,R,58.0,Z,0.0,Z,0.0,R,58.0,R,24.0,R,41.0,R,18.0
200846,2018,R,216.0,R,846.0,R,26.0,R,242.0,Z,0.0,Z,0.0,R,242.0,R,144.0,R,60.0,R,40.0,Z,0.0,Z,0.0,R,40.0,R,15.0,R,38.0,R,20.0
200873,2018,R,13.0,R,16.0,R,81.0,R,15.0,R,0.0,R,0.0,R,15.0,R,10.0,R,67.0,R,0.0,R,0.0,R,0.0,R,0.0,R,0.0,A,,R,9.0
201016,2018,R,19.0,R,19.0,R,100.0,R,51.0,R,0.0,R,0.0,R,51.0,R,26.0,R,51.0,A,,A,,A,,A,,A,,A,,R,10.0
201034,2018,A,,A,,A,,R,71.0,R,0.0,R,0.0,R,71.0,R,42.0,R,59.0,R,210.0,R,0.0,R,0.0,R,210.0,R,205.0,R,98.0,R,6.0
201061,2018,R,63.0,R,79.0,R,80.0,R,30.0,R,0.0,R,0.0,R,30.0,R,14.0,R,47.0,R,0.0,R,0.0,R,0.0,R,0.0,R,0.0,A,,R,10.0
201098,2018,A,,A,,A,,R,24.0,R,0.0,R,0.0,R,24.0,R,19.0,R,79.0,R,5.0,R,0.0,R,0.0,R,5.0,R,4.0,R,80.0,R,6.0
201104,2018,R,602.0,R,1246.0,R,48.0,R,613.0,R,0.0,R,0.0,R,613.0,R,478.0,R,78.0,R,2.0,R,0.0,R,0.0,R,2.0,R,0.0,R,0.0,R,16.0
201131,2018,A,,A,,A,,R,67.0,Z,0.0,Z,0.0,R,67.0,R,48.0,R,72.0,R,45.0,Z,0.0,Z,0.0,R,45.0,R,33.0,R,73.0,R,5.0
201140,2018,A,,A,,A,,A,,A,,A,,A,,A,,A,,R,0.0,R,0.0,R,0.0,R,0.0,R,0.0,A,,R,11.0
201159,2018,A,,A,,A,,R,48.0,R,0.0,R,0.0,R,48.0,R,43.0,R,90.0,R,21.0,R,0.0,R,0.0,R,21.0,R,21.0,R,100.0,R,8.0
201177,2018,R,30.0,R,121.0,R,25.0,R,27.0,R,0.0,R,0.0,R,27.0,R,21.0,R,78.0,R,9.0,R,0.0,R,0.0,R,9.0,R,5.0,R,56.0,R,6.0
201195,2018,R,677.0,R,899.0,R,75.0,R,685.0,R,0.0,R,0.0,R,685.0,R,565.0,R,82.0,R,0.0,R,0.0,R,0.0,R,0.0,R,0.0,A,,R,11.0
201283,2018,R,136.0,R,341.0,R,40.0,R,142.0,R,0.0,R,0.0,R,142.0,R,69.0,R,49.0,R,27.0,R,0.0,R,0.0,R,27.0,R,9.0,R,33.0,R,12.0
201371,2018,R,174.0,R,241.0,R,72.0,R,211.0,R,0.0,R,0.0,R,211.0,R,139.0,R,66.0,R,0.0,R,0.0,R,0.0,R,0.0,R,0.0,A,,R,11.0
201399,2018,A,,A,,A,,A,,A,,A,,A,,A,,A,,A,,A,,A,,A,,A,,A,,R,11.0
201432,2018,R,430.0,R,970.0,R,44.0,R,365.0,R,0.0,R,0.0,R,365.0,R,206.0,R,56.0,R,54.0,R,0.0,R,0.0,R,54.0,R,16.0,R,30.0,R,21.0
201441,2018,R,3251.0,R,4609.0,R,71.0,R,3326.0,R,32.0,R,0.0,R,3294.0,R,2542.0,R,77.0,R,18.0,R,1.0,R,0.0,R,17.0,R,5.0,R,29.0,R,17.0
201469,2018,R,27.0,R,99.0,R,27.0,R,0.0,R,0.0,R,0.0,R,0.0,R,0.0,A,,R,0.0,R,0.0,R,0.0,R,0.0,R,0.0,A,,R,11.0
201478,2018,A,,A,,A,,R,122.0,R,0.0,R,0.0,R,122.0,R,58.0,R,48.0,R,74.0,R,0.0,R,0.0,R,74.0,R,68.0,R,92.0,R,6.0
201496,2018,A,,A,,A,,R,126.0,R,0.0,R,0.0,R,126.0,R,100.0,R,79.0,A,,A,,A,,A,,A,,A,,R,12.0
201539,2018,A,,A,,A,,R,16.0,Z,0.0,Z,0.0,R,16.0,R,15.0,R,94.0,R,2.0,Z,0.0,Z,0.0,R,2.0,R,2.0,R,100.0,R,7.0
201548,2018,R,589.0,R,714.0,R,82.0,R,595.0,R,1.0,R,0.0,R,594.0,R,464.0,R,78.0,R,0.0,Z,0.0,Z,0.0,R,0.0,Z,0.0,A,,R,11.0
201645,2018,R,1393.0,R,1504.0,R,93.0,R,1308.0,R,1.0,Z,0.0,R,1307.0,R,1236.0,R,95.0,R,1.0,Z,0.0,Z,0.0,R,1.0,R,1.0,R,100.0,R,11.0
201654,2018,R,910.0,R,1352.0,R,67.0,R,870.0,R,0.0,R,0.0,R,870.0,R,753.0,R,87.0,R,2.0,R,0.0,R,0.0,R,2.0,R,1.0,R,50.0,R,15.0
201672,2018,R,202.0,R,1688.0,R,12.0,R,194.0,R,0.0,R,0.0,R,194.0,R,95.0,R,49.0,R,216.0,R,0.0,R,0.0,R,216.0,R,93.0,R,43.0,R,15.0
201681,2018,A,,A,,A,,R,117.0,R,0.0,R,0.0,R,117.0,R,79.0,R,68.0,A,,A,,A,,A,,A,,A,,R,10.0
201690,2018,R,789.0,R,922.0,R,86.0,R,661.0,R,0.0,R,0.0,R,661.0,R,356.0,R,54.0,R,3.0,R,0.0,R,0.0,R,3.0,R,0.0,R,0.0,R,15.0
201751,2018,R,14.0,R,89.0,R,16.0,R,22.0,R,0.0,R,0.0,R,22.0,R,9.0,R,41.0,R,8.0,Z,0.0,Z,0.0,R,8.0,R,2.0,R,25.0,R,7.0
201803,2018,A,,A,,A,,R,100.0,R,0.0,R,0.0,R,100.0,R,86.0,R,86.0,A,,A,,A,,A,,A,,A,,R,8.0
201821,2018,R,70.0,R,326.0,R,21.0,R,75.0,R,0.0,R,0.0,R,75.0,R,57.0,R,76.0,R,4.0,Z,0.0,Z,0.0,R,4.0,R,3.0,R,75.0,R,14.0
201858,2018,R,236.0,R,330.0,R,72.0,R,118.0,R,0.0,R,0.0,R,118.0,R,58.0,R,49.0,R,1.0,R,0.0,R,0.0,R,1.0,R,1.0,R,100.0,R,19.0
201867,2018,A,,A,,A,,A,,A,,A,,A,,A,,A,,A,,A,,A,,A,,A,,A,,R,15.0
201885,2018,R,5291.0,R,7148.0,R,74.0,R,5357.0,R,0.0,R,0.0,R,5357.0,R,4608.0,R,86.0,R,21.0,R,0.0,R,0.0,R,21.0,R,10.0,R,48.0,R,16.0
201928,2018,R,502.0,R,2949.0,R,17.0,R,472.0,R,0.0,R,0.0,R,472.0,R,236.0,R,50.0,R,438.0,R,0.0,R,0.0,R,438.0,R,202.0,R,46.0,R,13.0
201946,2018,R,577.0,R,1280.0,R,45.0,R,0.0,R,0.0,R,0.0,R,0.0,R,0.0,A,,R,0.0,R,0.0,R,0.0,R,0.0,R,0.0,A,,R,13.0
201955,2018,R,1399.0,R,2038.0,R,69.0,R,0.0,R,0.0,R,0.0,R,0.0,R,0.0,A,,R,0.0,R,0.0,R,0.0,R,0.0,R,0.0,A,,R,17.0
201964,2018,R,277.0,R,969.0,R,29.0,R,141.0,R,0.0,R,0.0,R,141.0,R,98.0,R,70.0,R,4.0,R,0.0,R,0.0,R,4.0,R,1.0,R,25.0,R,11.0
201973,2018,R,194.0,R,2191.0,R,9.0,R,215.0,R,0.0,R,0.0,R,215.0,R,102.0,R,47.0,R,298.0,R,0.0,R,0.0,R,298.0,R,141.0,R,47.0,R,14.0
201982,2018,A,,A,,A,,R,40.0,R,0.0,R,0.0,R,40.0,R,9.0,R,23.0,A,,A,,A,,A,,A,,A,,R,6.0
202046,2018,R,175.0,R,222.0,R,79.0,R,154.0,R,0.0,R,0.0,R,154.0,R,133.0,R,86.0,A,,A,,A,,A,,A,,A,,R,9.0
202073,2018,R,62.0,R,75.0,R,83.0,R,58.0,R,0.0,R,0.0,R,58.0,R,52.0,R,90.0,A,,A,,A,,A,,A,,A,,R,5.0
202134,2018,R,1946.0,R,3561.0,R,55.0,R,1926.0,R,0.0,R,0.0,R,1926.0,R,1378.0,R,72.0,R,33.0,R,0.0,R,0.0,R,33.0,R,14.0,R,42.0,R,16.0
202152,2018,A,,A,,A,,R,104.0,R,0.0,R,0.0,R,104.0,R,88.0,R,85.0,A,,A,,A,,A,,A,,A,,R,16.0
202161,2018,R,84.0,R,141.0,R,60.0,R,88.0,R,0.0,R,0.0,R,88.0,R,61.0,R,69.0,A,,A,,A,,A,,A,,A,,R,15.0
202170,2018,R,242.0,R,324.0,R,75.0,R,254.0,R,0.0,R,0.0,R,254.0,R,198.0,R,78.0,R,1.0,R,0.0,R,0.0,R,1.0,R,0.0,R,0.0,R,9.0
202222,2018,R,2056.0,R,11719.0,R,18.0,R,1881.0,R,0.0,R,0.0,R,1881.0,R,1148.0,R,61.0,R,1952.0,R,0.0,R,0.0,R,1952.0,R,940.0,R,48.0,R,19.0
202356,2018,R,1595.0,R,6157.0,R,26.0,R,1542.0,R,0.0,R,0.0,R,1542.0,R,858.0,R,56.0,R,486.0,R,0.0,R,0.0,R,486.0,R,161.0,R,33.0,R,16.0
202435,2018,R,5.0,R,26.0,R,19.0,R,14.0,R,0.0,R,0.0,R,14.0,R,1.0,R,7.0,R,24.0,R,0.0,R,0.0,R,24.0,R,13.0,R,54.0,R,5.0
202453,2018,A,,A,,A,,R,16.0,R,0.0,R,0.0,R,16.0,R,13.0,R,81.0,R,5.0,R,0.0,R,0.0,R,5.0,R,4.0,R,80.0,R,15.0
202480,2018,R,2198.0,R,2419.0,R,91.0,R,2225.0,R,0.0,R,0.0,R,2225.0,R,2021.0,R,91.0,R,1.0,R,0.0,R,0.0,R,1.0,R,1.0,R,100.0,R,14.0
202514,2018,R,157.0,R,185.0,R,85.0,R,150.0,R,0.0,R,0.0,R,150.0,R,83.0,R,55.0,R,0.0,R,0.0,R,0.0,R,0.0,R,0.0,A,,R,9.0
202523,2018,R,654.0,R,689.0,R,95.0,R,617.0,R,0.0,R,0.0,R,617.0,R,551.0,R,89.0,A,,A,,A,,A,,A,,A,,R,9.0
202648,2018,R,222.0,R,1775.0,R,13.0,R,243.0,Z,0.0,Z,0.0,R,243.0,R,128.0,R,53.0,R,192.0,Z,0.0,Z,0.0,R,192.0,R,72.0,R,38.0,R,19.0
202657,2018,A,,A,,A,,R,83.0,R,0.0,R,0.0,R,83.0,R,70.0,R,84.0,R,7.0,Z,0.0,Z,0.0,R,7.0,R,6.0,R,86.0,R,15.0
202684,2018,R,22.0,R,68.0,R,32.0,R,0.0,R,0.0,R,0.0,R,0.0,R,0.0,A,,R,0.0,R,0.0,R,0.0,R,0.0,R,0.0,A,,R,11.0
202763,2018,R,560.0,R,1488.0,R,38.0,R,594.0,R,0.0,R,0.0,R,594.0,R,478.0,R,80.0,A,,A,,A,,A,,A,,A,,R,16.0
202806,2018,R,8.0,R,1065.0,R,1.0,R,7.0,R,0.0,R,0.0,R,7.0,R,2.0,R,29.0,R,22.0,R,0.0,R,0.0,R,22.0,R,10.0,R,45.0,R,12.0
202888,2018,A,,A,,A,,R,18.0,R,0.0,R,0.0,R,18.0,R,5.0,R,28.0,R,6.0,R,0.0,R,0.0,R,6.0,R,2.0,R,33.0,R,10.0
202903,2018,R,36.0,R,62.0,R,58.0,R,14.0,R,0.0,R,0.0,R,14.0,R,13.0,R,93.0,R,2.0,R,0.0,R,0.0,R,2.0,R,1.0,R,50.0,R,9.0
202912,2018,R,11.0,R,77.0,R,14.0,R,0.0,R,0.0,R,0.0,R,0.0,R,0.0,A,,R,0.0,R,0.0,R,0.0,R,0.0,R,0.0,A,,R,6.0
202949,2018,A,,A,,A,,R,117.0,R,0.0,R,0.0,R,117.0,R,103.0,R,88.0,A,,A,,A,,A,,A,,A,,R,15.0
202985,2018,A,,A,,A,,R,11.0,Z,0.0,Z,0.0,R,11.0,R,8.0,R,73.0,R,0.0,Z,0.0,Z,0.0,R,0.0,R,0.0,A,,R,11.0
203030,2018,A,,A,,A,,R,12.0,R,0.0,R,0.0,R,12.0,R,10.0,R,83.0,R,1.0,R,0.0,R,0.0,R,1.0,R,1.0,R,100.0,R,22.0
203085,2018,R,329.0,R,359.0,R,92.0,R,319.0,R,0.0,R,0.0,R,319.0,R,215.0,R,67.0,R,0.0,R,0.0,R,0.0,R,0.0,R,0.0,A,,R,13.0
203128,2018,R,233.0,R,563.0,R,41.0,R,257.0,R,0.0,R,0.0,R,257.0,R,195.0,R,76.0,R,0.0,R,0.0,R,0.0,R,0.0,R,0.0,A,,R,13.0
203146,2018,A,,A,,A,,R,370.0,Z,0.0,Z,0.0,R,370.0,R,348.0,R,94.0,A,,A,,A,,A,,A,,A,,R,13.0
203155,2018,R,667.0,R,2493.0,R,27.0,R,705.0,R,0.0,R,0.0,R,705.0,R,331.0,R,47.0,R,36.0,R,0.0,R,0.0,R,36.0,R,10.0,R,28.0,R,19.0
203234,2018,A,,A,,A,,R,31.0,R,0.0,R,0.0,R,31.0,R,27.0,R,87.0,A,,A,,A,,A,,A,,A,,R,22.0
203289,2018,R,9.0,R,15.0,R,60.0,R,9.0,R,0.0,R,0.0,R,9.0,R,5.0,R,56.0,A,,A,,A,,A,,A,,A,,R,8.0
203331,2018,R,858.0,R,9013.0,R,10.0,R,359.0,R,0.0,R,0.0,R,359.0,R,212.0,R,59.0,R,1107.0,R,0.0,R,0.0,R,1107.0,R,589.0,R,53.0,R,30.0
203368,2018,R,843.0,R,958.0,R,88.0,R,751.0,R,0.0,R,0.0,R,751.0,R,626.0,R,83.0,R,2.0,R,0.0,R,0.0,R,2.0,R,2.0,R,100.0,R,13.0
203386,2018,R,81.0,R,696.0,R,12.0,R,0.0,R,0.0,R,0.0,R,0.0,R,0.0,A,,A,,A,,A,,A,,A,,A,,R,14.0
203438,2018,A,,A,,A,,R,12.0,R,0.0,R,0.0,R,12.0,R,7.0,R,58.0,R,7.0,R,0.0,R,0.0,R,7.0,R,6.0,R,86.0,R,7.0
203447,2018,R,178.0,R,485.0,R,37.0,R,108.0,R,0.0,R,0.0,R,108.0,R,53.0,R,49.0,R,24.0,R,0.0,R,0.0,R,24.0,R,8.0,R,33.0,R,22.0
203456,2018,R,38.0,R,211.0,R,18.0,R,34.0,R,0.0,R,0.0,R,34.0,R,14.0,R,41.0,R,12.0,R,0.0,Z,0.0,R,12.0,R,2.0,R,17.0,R,26.0
203465,2018,R,483.0,R,1479.0,R,33.0,R,521.0,R,0.0,R,0.0,R,521.0,R,337.0,R,65.0,R,122.0,R,0.0,R,0.0,R,122.0,R,52.0,R,43.0,R,23.0
203474,2018,R,202.0,R,559.0,R,36.0,R,158.0,R,0.0,R,0.0,R,158.0,R,95.0,R,60.0,R,30.0,R,0.0,R,0.0,R,30.0,R,13.0,R,43.0,R,27.0
203483,2018,R,266.0,R,687.0,R,39.0,R,165.0,R,0.0,R,0.0,R,165.0,R,110.0,R,67.0,R,23.0,R,0.0,R,0.0,R,23.0,R,12.0,R,52.0,R,22.0
203492,2018,R,149.0,R,480.0,R,31.0,R,110.0,R,0.0,R,0.0,R,110.0,R,57.0,R,52.0,R,17.0,R,0.0,R,0.0,R,17.0,R,11.0,R,65.0,R,21.0
203517,2018,R,4330.0,R,5867.0,R,74.0,R,4235.0,R,1.0,R,0.0,R,4234.0,R,3426.0,R,81.0,R,52.0,R,0.0,R,0.0,R,52.0,R,26.0,R,50.0,R,20.0
203526,2018,R,223.0,R,586.0,R,38.0,R,211.0,R,0.0,R,0.0,R,211.0,R,130.0,R,62.0,R,42.0,R,0.0,Z,0.0,R,42.0,R,14.0,R,33.0,R,22.0
203535,2018,R,539.0,R,551.0,R,98.0,R,453.0,R,0.0,R,0.0,R,453.0,R,411.0,R,91.0,A,,A,,A,,A,,A,,A,,R,10.0
203544,2018,R,43.0,R,190.0,R,23.0,R,34.0,R,0.0,R,0.0,R,34.0,R,24.0,R,71.0,R,5.0,R,0.0,R,0.0,R,5.0,R,4.0,R,80.0,R,10.0
203580,2018,R,195.0,R,419.0,R,47.0,R,219.0,R,1.0,R,0.0,R,218.0,R,147.0,R,67.0,R,0.0,R,0.0,R,0.0,R,0.0,R,0.0,A,,R,14.0
203599,2018,R,379.0,R,2340.0,R,16.0,R,421.0,R,0.0,R,0.0,R,421.0,R,208.0,R,49.0,R,384.0,R,0.0,R,0.0,R,384.0,R,169.0,R,44.0,R,13.0
203614,2018,A,,A,,A,,R,164.0,R,0.0,R,0.0,R,164.0,R,164.0,R,100.0,R,21.0,R,0.0,R,0.0,R,21.0,R,21.0,R,100.0,R,5.0
203678,2018,R,266.0,R,818.0,R,33.0,R,316.0,R,1.0,R,0.0,R,315.0,R,195.0,R,62.0,R,153.0,R,0.0,R,0.0,R,153.0,R,79.0,R,52.0,R,14.0
203720,2018,R,27.0,R,94.0,R,29.0,R,28.0,R,0.0,R,0.0,R,28.0,R,17.0,R,61.0,R,1.0,R,0.0,R,0.0,R,1.0,R,0.0,R,0.0,R,8.0
203739,2018,R,13.0,R,85.0,R,15.0,R,31.0,R,1.0,R,0.0,R,30.0,R,22.0,R,73.0,R,13.0,R,0.0,R,0.0,R,13.0,R,9.0,R,69.0,R,8.0
203748,2018,R,906.0,R,3832.0,R,24.0,R,0.0,Z,0.0,Z,0.0,R,0.0,Z,0.0,A,,R,0.0,Z,0.0,Z,0.0,R,0.0,Z,0.0,A,,R,16.0
203757,2018,R,191.0,R,353.0,R,54.0,R,209.0,R,1.0,R,0.0,R,208.0,R,143.0,R,69.0,R,3.0,R,0.0,R,0.0,R,3.0,R,2.0,R,67.0,R,14.0
203775,2018,R,309.0,R,462.0,R,67.0,R,335.0,R,0.0,R,0.0,R,335.0,R,243.0,R,73.0,R,3.0,R,0.0,R,0.0,R,3.0,R,2.0,R,67.0,R,11.0
203845,2018,R,347.0,R,417.0,R,83.0,R,272.0,R,0.0,R,0.0,R,272.0,R,198.0,R,73.0,A,,A,,A,,A,,A,,A,,R,9.0
203881,2018,R,173.0,R,928.0,R,19.0,R,184.0,R,0.0,R,0.0,R,184.0,R,99.0,R,54.0,R,315.0,R,0.0,Z,0.0,R,315.0,R,78.0,R,25.0,R,12.0
203942,2018,A,,A,,A,,R,60.0,R,0.0,R,0.0,R,60.0,R,55.0,R,92.0,R,0.0,R,0.0,R,0.0,R,0.0,R,0.0,A,,R,5.0
203960,2018,R,43.0,R,471.0,R,9.0,R,27.0,R,0.0,R,0.0,R,27.0,R,22.0,R,81.0,R,0.0,R,0.0,R,0.0,R,0.0,R,0.0,A,,R,7.0
204006,2018,R,449.0,R,820.0,R,55.0,R,460.0,R,0.0,R,0.0,R,460.0,R,333.0,R,72.0,R,90.0,R,0.0,R,0.0,R,90.0,R,32.0,R,36.0,R,15.0
204015,2018,R,252.0,R,696.0,R,36.0,R,259.0,R,1.0,R,0.0,R,258.0,R,177.0,R,69.0,R,44.0,R,0.0,R,0.0,R,44.0,R,21.0,R,48.0,R,14.0
204024,2018,R,3925.0,R,4384.0,R,90.0,R,3793.0,R,0.0,R,0.0,R,3793.0,R,3487.0,R,92.0,R,4.0,R,0.0,Z,0.0,R,4.0,R,3.0,R,75.0,R,13.0
204121,2018,A,,A,,A,,R,23.0,R,0.0,R,0.0,R,23.0,R,14.0,R,61.0,R,20.0,R,0.0,R,0.0,R,20.0,R,11.0,R,55.0,R,17.0
204158,2018,A,,A,,A,,R,117.0,Z,0.0,Z,0.0,R,117.0,R,85.0,R,73.0,A,,A,,A,,A,,A,,A,,R,5.0
204176,2018,R,52.0,R,270.0,R,19.0,R,75.0,R,0.0,R,0.0,R,75.0,R,48.0,R,64.0,R,20.0,R,0.0,R,0.0,R,20.0,R,15.0,R,75.0,R,9.0
204185,2018,R,625.0,R,683.0,R,92.0,R,538.0,R,0.0,R,0.0,R,538.0,R,413.0,R,77.0,R,1.0,R,0.0,R,0.0,R,1.0,R,0.0,R,0.0,R,13.0
204194,2018,R,372.0,R,638.0,R,58.0,R,330.0,R,0.0,R,0.0,R,330.0,R,261.0,R,79.0,R,1.0,R,0.0,R,0.0,R,1.0,R,0.0,R,0.0,R,10.0
204200,2018,R,316.0,R,408.0,R,77.0,R,276.0,R,0.0,R,0.0,R,276.0,R,200.0,R,72.0,R,1.0,R,0.0,R,0.0,R,1.0,R,0.0,R,0.0,R,11.0
204255,2018,R,232.0,R,1192.0,R,19.0,R,202.0,Z,0.0,Z,0.0,R,202.0,R,132.0,R,65.0,R,97.0,Z,0.0,Z,0.0,R,97.0,R,34.0,R,35.0,R,18.0
204264,2018,R,369.0,R,562.0,R,66.0,R,383.0,R,0.0,R,0.0,R,383.0,R,290.0,R,76.0,R,1.0,R,0.0,R,0.0,R,1.0,R,0.0,R,0.0,R,12.0
204334,2018,A,,A,,A,,R,3.0,R,0.0,R,0.0,R,3.0,R,3.0,R,100.0,R,25.0,R,0.0,R,0.0,R,25.0,R,16.0,R,64.0,R,6.0
204422,2018,R,350.0,R,1368.0,R,26.0,R,326.0,R,0.0,Z,0.0,R,326.0,R,182.0,R,56.0,R,151.0,R,0.0,R,0.0,R,151.0,R,68.0,R,45.0,R,20.0
204431,2018,A,,A,,A,,R,7.0,R,0.0,R,0.0,R,7.0,R,4.0,R,57.0,A,,A,,A,,A,,A,,A,,R,8.0
204440,2018,R,120.0,R,936.0,R,13.0,R,152.0,R,0.0,R,0.0,R,152.0,R,103.0,R,68.0,R,95.0,R,0.0,R,0.0,R,95.0,R,41.0,R,43.0,R,31.0
204459,2018,A,,A,,A,,R,23.0,Z,0.0,Z,0.0,R,23.0,R,22.0,R,96.0,A,,A,,A,,A,,A,,A,,R,12.0
204468,2018,R,297.0,R,524.0,R,57.0,R,303.0,R,0.0,R,0.0,R,303.0,R,183.0,R,60.0,R,2.0,R,0.0,R,0.0,R,2.0,R,1.0,R,50.0,R,13.0
204486,2018,R,979.0,R,1201.0,R,82.0,R,72.0,R,0.0,R,0.0,R,72.0,R,37.0,R,51.0,R,2.0,R,0.0,R,0.0,R,2.0,R,1.0,R,50.0,R,24.0
204501,2018,R,804.0,R,831.0,R,97.0,R,724.0,R,1.0,R,0.0,R,723.0,R,647.0,R,89.0,A,,A,,A,,A,,A,,A,,R,9.0
204608,2018,A,,A,,A,,R,251.0,Z,0.0,Z,0.0,R,251.0,R,202.0,R,80.0,A,,A,,A,,A,,A,,A,,R,17.0
204617,2018,R,259.0,R,404.0,R,64.0,R,239.0,R,0.0,R,0.0,R,239.0,R,155.0,R,65.0,R,5.0,R,0.0,R,0.0,R,5.0,R,2.0,R,40.0,R,14.0
204635,2018,R,681.0,R,824.0,R,83.0,R,640.0,R,0.0,R,0.0,R,640.0,R,541.0,R,85.0,R,0.0,R,0.0,R,0.0,R,0.0,R,0.0,A,,R,11.0
204662,2018,R,294.0,R,338.0,R,87.0,R,286.0,R,0.0,R,0.0,R,286.0,R,201.0,R,70.0,R,3.0,R,0.0,R,0.0,R,3.0,R,1.0,R,33.0,R,15.0
204671,2018,R,361.0,R,479.0,R,75.0,R,315.0,R,0.0,R,0.0,R,315.0,R,216.0,R,69.0,R,10.0,R,0.0,R,0.0,R,10.0,R,2.0,R,20.0,R,19.0
204680,2018,R,431.0,R,608.0,R,71.0,R,435.0,R,1.0,R,0.0,R,434.0,R,306.0,R,71.0,R,9.0,R,0.0,R,0.0,R,9.0,R,4.0,R,44.0,R,19.0
204699,2018,R,473.0,R,594.0,R,80.0,R,418.0,R,0.0,R,0.0,R,418.0,R,309.0,R,74.0,R,19.0,R,1.0,R,0.0,R,18.0,R,7.0,R,39.0,R,18.0
204705,2018,R,1502.0,R,1787.0,R,84.0,R,1336.0,R,0.0,R,0.0,R,1336.0,R,935.0,R,70.0,R,33.0,R,0.0,R,0.0,R,33.0,R,12.0,R,36.0,R,31.0
204714,2018,A,,A,,A,,R,34.0,R,0.0,R,0.0,R,34.0,R,25.0,R,74.0,A,,A,,A,,A,,A,,A,,R,13.0
204723,2018,A,,A,,A,,R,82.0,R,0.0,R,0.0,R,82.0,R,58.0,R,71.0,A,,A,,A,,A,,A,,A,,R,20.0
204769,2018,A,,A,,A,,R,56.0,R,0.0,R,0.0,R,56.0,R,49.0,R,88.0,A,,A,,A,,A,,A,,A,,R,24.0
204778,2018,A,,A,,A,,R,59.0,R,0.0,R,0.0,R,59.0,R,46.0,R,78.0,A,,A,,A,,A,,A,,A,,R,20.0
204796,2018,R,7941.0,R,11025.0,R,72.0,R,7202.0,R,2.0,R,0.0,R,7200.0,R,6805.0,R,95.0,R,7.0,R,0.0,R,0.0,R,7.0,R,5.0,R,71.0,R,19.0
204802,2018,R,92.0,R,198.0,R,46.0,R,109.0,R,0.0,R,0.0,R,109.0,R,53.0,R,49.0,R,3.0,R,0.0,R,0.0,R,3.0,R,2.0,R,67.0,R,14.0
204820,2018,R,270.0,R,493.0,R,55.0,R,225.0,R,1.0,R,0.0,R,224.0,R,136.0,R,61.0,R,17.0,R,0.0,R,0.0,R,17.0,R,8.0,R,47.0,R,17.0
204839,2018,R,190.0,R,384.0,R,49.0,R,112.0,R,0.0,R,0.0,R,112.0,R,60.0,R,54.0,R,9.0,R,0.0,R,0.0,R,9.0,R,1.0,R,11.0,R,14.0
204848,2018,R,344.0,R,597.0,R,58.0,R,286.0,R,0.0,R,0.0,R,286.0,R,152.0,R,53.0,R,39.0,R,0.0,R,0.0,R,39.0,R,17.0,R,44.0,R,19.0
204857,2018,R,3974.0,R,5528.0,R,72.0,R,4032.0,R,2.0,R,0.0,R,4030.0,R,3284.0,R,81.0,R,13.0,R,0.0,R,0.0,R,13.0,R,7.0,R,54.0,R,17.0
204866,2018,R,213.0,R,368.0,R,58.0,R,172.0,R,0.0,R,0.0,R,172.0,R,91.0,R,53.0,R,4.0,R,0.0,R,0.0,R,4.0,R,0.0,R,0.0,R,18.0
204884,2018,R,52.0,R,115.0,R,45.0,R,42.0,R,0.0,R,0.0,R,42.0,R,33.0,R,79.0,A,,A,,A,,A,,A,,A,,R,16.0
204893,2018,A,,A,,A,,R,5.0,R,0.0,R,0.0,R,5.0,R,1.0,R,20.0,R,0.0,R,0.0,R,0.0,R,0.0,R,0.0,A,,R,5.0
204909,2018,R,453.0,R,486.0,R,93.0,R,448.0,R,0.0,R,0.0,R,448.0,R,344.0,R,77.0,A,,A,,A,,A,,A,,A,,R,10.0
204936,2018,R,576.0,R,740.0,R,78.0,R,603.0,R,0.0,R,0.0,R,603.0,R,494.0,R,82.0,R,3.0,R,0.0,R,0.0,R,3.0,R,1.0,R,33.0,R,11.0
204945,2018,R,806.0,R,3404.0,R,24.0,R,819.0,R,0.0,R,0.0,R,819.0,R,406.0,R,50.0,R,575.0,R,0.0,R,0.0,R,575.0,R,209.0,R,36.0,R,15.0
204963,2018,A,,A,,A,,R,19.0,R,0.0,R,0.0,R,19.0,R,10.0,R,53.0,R,11.0,R,0.0,R,0.0,R,11.0,R,6.0,R,55.0,R,8.0
204981,2018,A,,A,,A,,R,10.0,R,0.0,R,0.0,R,10.0,R,9.0,R,90.0,R,19.0,R,0.0,R,0.0,R,19.0,R,17.0,R,89.0,R,9.0
205027,2018,R,19.0,R,38.0,R,50.0,R,11.0,R,0.0,R,0.0,R,11.0,R,10.0,R,91.0,A,,A,,A,,A,,A,,A,,R,6.0
205054,2018,R,22.0,R,113.0,R,19.0,R,46.0,Z,0.0,Z,0.0,R,46.0,R,21.0,R,46.0,A,,A,,A,,A,,A,,A,,R,14.0
205090,2018,A,,A,,A,,A,,A,,A,,A,,A,,A,,A,,A,,A,,A,,A,,A,,R,6.0
205124,2018,R,19.0,R,19.0,R,100.0,R,11.0,R,0.0,R,0.0,R,11.0,R,9.0,R,82.0,A,,A,,A,,A,,A,,A,,R,7.0
205142,2018,A,,A,,A,,R,17.0,R,0.0,R,0.0,R,17.0,R,11.0,R,65.0,R,1.0,R,0.0,R,0.0,R,1.0,R,1.0,R,100.0,R,22.0
205179,2018,A,,A,,A,,R,49.0,Z,0.0,Z,0.0,R,49.0,R,26.0,R,53.0,R,0.0,R,0.0,Z,0.0,R,0.0,R,0.0,A,,R,12.0
205203,2018,R,318.0,R,738.0,R,43.0,R,219.0,R,0.0,R,0.0,R,219.0,R,112.0,R,51.0,R,24.0,R,0.0,R,0.0,R,24.0,R,9.0,R,38.0,R,17.0
205391,2018,R,83.0,R,94.0,R,88.0,R,113.0,R,0.0,R,0.0,R,113.0,R,78.0,R,69.0,A,,A,,A,,A,,A,,A,,R,13.0
205443,2018,R,607.0,R,945.0,R,64.0,R,399.0,R,0.0,R,0.0,R,399.0,R,279.0,R,70.0,R,5.0,R,0.0,R,0.0,R,5.0,R,4.0,R,80.0,R,14.0
205470,2018,R,1341.0,R,8429.0,R,16.0,R,1613.0,Z,0.0,Z,0.0,R,1613.0,R,901.0,R,56.0,R,1312.0,Z,0.0,Z,0.0,R,1312.0,R,559.0,R,43.0,R,16.0
205559,2018,R,31.0,R,80.0,R,39.0,R,58.0,R,0.0,R,0.0,R,58.0,R,34.0,R,59.0,R,27.0,R,0.0,R,0.0,R,27.0,R,6.0,R,22.0,R,10.0
205841,2018,R,957.0,R,5227.0,R,18.0,R,925.0,R,0.0,Z,0.0,R,925.0,R,453.0,R,49.0,R,633.0,R,0.0,R,0.0,R,633.0,R,276.0,R,44.0,R,21.0
205887,2018,R,62.0,R,179.0,R,35.0,R,3.0,R,0.0,R,0.0,R,3.0,R,2.0,R,67.0,R,30.0,R,0.0,R,0.0,R,30.0,R,14.0,R,47.0,R,16.0
205957,2018,R,564.0,R,761.0,R,74.0,R,435.0,R,0.0,R,0.0,R,435.0,R,375.0,R,86.0,R,4.0,R,0.0,R,0.0,R,4.0,R,2.0,R,50.0,R,15.0
205966,2018,R,200.0,R,1068.0,R,19.0,R,214.0,R,0.0,R,0.0,R,214.0,R,102.0,R,48.0,R,132.0,R,0.0,R,0.0,R,132.0,R,52.0,R,39.0,R,18.0
206011,2018,R,264.0,R,1033.0,R,26.0,R,136.0,Z,0.0,Z,0.0,R,136.0,R,70.0,R,51.0,R,187.0,Z,0.0,Z,0.0,R,187.0,R,67.0,R,36.0,R,13.0
206039,2018,A,,A,,A,,R,18.0,R,0.0,R,0.0,R,18.0,R,17.0,R,94.0,R,0.0,R,0.0,R,0.0,R,0.0,R,0.0,A,,R,9.0
206048,2018,R,465.0,R,798.0,R,58.0,R,445.0,R,0.0,R,0.0,R,445.0,R,299.0,R,67.0,R,7.0,R,0.0,R,0.0,R,7.0,R,4.0,R,57.0,R,15.0
206084,2018,R,3211.0,R,4577.0,R,70.0,R,2975.0,R,0.0,R,0.0,R,2975.0,R,2259.0,R,76.0,R,53.0,R,0.0,R,0.0,R,53.0,R,26.0,R,49.0,R,20.0
206154,2018,R,1.0,R,9.0,R,11.0,R,0.0,R,0.0,R,0.0,R,0.0,R,0.0,A,,R,0.0,R,0.0,R,0.0,R,0.0,R,0.0,A,,R,2.0
206172,2018,A,,A,,A,,R,30.0,R,0.0,R,0.0,R,30.0,R,24.0,R,80.0,A,,A,,A,,A,,A,,A,,R,11.0
206181,2018,A,,A,,A,,R,26.0,R,0.0,Z,0.0,R,26.0,R,19.0,R,73.0,R,5.0,Z,0.0,Z,0.0,R,5.0,R,4.0,R,80.0,R,10.0
206279,2018,R,1.0,R,130.0,R,1.0,R,2.0,R,0.0,R,0.0,R,2.0,R,1.0,R,50.0,R,7.0,R,1.0,R,0.0,R,6.0,R,4.0,R,67.0,R,8.0
206321,2018,A,,A,,A,,R,19.0,R,0.0,R,0.0,R,19.0,R,17.0,R,89.0,R,21.0,R,0.0,R,0.0,R,21.0,R,19.0,R,90.0,R,3.0
206330,2018,R,129.0,R,269.0,R,48.0,R,79.0,R,0.0,R,0.0,R,79.0,R,49.0,R,62.0,R,0.0,Z,0.0,Z,0.0,R,0.0,Z,0.0,A,,R,9.0
206349,2018,R,96.0,R,161.0,R,60.0,R,78.0,R,0.0,R,0.0,R,78.0,R,55.0,R,71.0,R,1.0,R,0.0,R,0.0,R,1.0,R,0.0,R,0.0,R,8.0
206394,2018,R,10.0,R,30.0,R,33.0,R,10.0,R,0.0,Z,0.0,R,10.0,R,5.0,R,50.0,R,4.0,Z,0.0,Z,0.0,R,4.0,R,3.0,R,75.0,R,6.0
206437,2018,R,453.0,R,688.0,R,66.0,R,462.0,R,0.0,R,0.0,R,462.0,R,357.0,R,77.0,R,0.0,Z,0.0,Z,0.0,R,0.0,Z,0.0,A,,R,13.0
206446,2018,R,244.0,R,828.0,R,29.0,R,219.0,R,0.0,R,0.0,R,219.0,R,112.0,R,51.0,R,43.0,R,0.0,R,0.0,R,43.0,R,19.0,R,44.0,R,14.0
206491,2018,R,233.0,R,288.0,R,81.0,R,117.0,R,0.0,R,0.0,R,117.0,R,46.0,R,39.0,R,19.0,R,0.0,R,0.0,R,19.0,R,1.0,R,5.0,R,11.0
206507,2018,R,385.0,R,494.0,R,78.0,R,307.0,R,2.0,R,0.0,R,305.0,R,216.0,R,71.0,A,,A,,A,,A,,A,,A,,R,15.0
206525,2018,R,485.0,R,556.0,R,87.0,R,539.0,R,0.0,R,0.0,R,539.0,R,377.0,R,70.0,A,,A,,A,,A,,A,,A,,R,12.0
206589,2018,R,569.0,R,591.0,R,96.0,R,568.0,R,0.0,R,0.0,R,568.0,R,495.0,R,87.0,A,,A,,A,,A,,A,,A,,R,11.0
206604,2018,R,1854.0,R,3235.0,R,57.0,R,2208.0,R,0.0,R,0.0,R,2208.0,R,1416.0,R,64.0,R,73.0,R,0.0,R,0.0,R,73.0,R,20.0,R,27.0,R,15.0
206613,2018,R,205.0,R,425.0,R,48.0,R,190.0,R,0.0,R,0.0,R,190.0,R,119.0,R,63.0,R,12.0,R,0.0,R,0.0,R,12.0,R,6.0,R,50.0,R,14.0
206622,2018,R,1399.0,R,1502.0,R,93.0,R,1239.0,R,2.0,R,0.0,R,1237.0,R,1037.0,R,84.0,R,0.0,R,0.0,R,0.0,R,0.0,R,0.0,A,,R,11.0
206695,2018,R,2286.0,R,3695.0,R,62.0,R,2127.0,R,0.0,R,0.0,R,2127.0,R,1609.0,R,76.0,R,30.0,R,0.0,R,0.0,R,30.0,R,10.0,R,33.0,R,17.0
206817,2018,R,40.0,R,60.0,R,67.0,R,297.0,R,0.0,R,0.0,R,297.0,R,32.0,R,11.0,R,1.0,R,0.0,R,0.0,R,1.0,R,0.0,R,0.0,R,7.0
206835,2018,R,189.0,R,268.0,R,71.0,R,200.0,R,0.0,R,0.0,R,200.0,R,88.0,R,44.0,R,5.0,R,0.0,R,0.0,R,5.0,R,2.0,R,40.0,R,13.0
206862,2018,R,290.0,R,345.0,R,84.0,R,267.0,R,0.0,R,0.0,R,267.0,R,201.0,R,75.0,A,,A,,A,,A,,A,,A,,R,11.0
206880,2018,A,,A,,A,,R,23.0,R,0.0,R,0.0,R,23.0,R,18.0,R,78.0,A,,A,,A,,A,,A,,A,,R,14.0
206905,2018,A,,A,,A,,R,21.0,R,0.0,R,0.0,R,21.0,R,4.0,R,19.0,R,1.0,R,0.0,R,0.0,R,1.0,R,0.0,R,0.0,R,8.0
206914,2018,R,600.0,R,1275.0,R,47.0,R,325.0,R,0.0,R,0.0,R,325.0,R,194.0,R,60.0,R,15.0,R,0.0,R,0.0,R,15.0,R,5.0,R,33.0,R,19.0
206923,2018,R,397.0,R,738.0,R,54.0,R,256.0,R,0.0,R,0.0,R,256.0,R,117.0,R,46.0,R,91.0,R,0.0,R,0.0,R,91.0,R,32.0,R,35.0,R,21.0
206932,2018,A,,A,,A,,R,1.0,R,0.0,R,0.0,R,1.0,R,0.0,R,0.0,R,0.0,R,0.0,R,0.0,R,0.0,R,0.0,A,,R,18.0
206941,2018,R,1955.0,R,3501.0,R,56.0,R,1897.0,R,1.0,R,0.0,R,1896.0,R,1223.0,R,65.0,R,131.0,R,0.0,R,0.0,R,131.0,R,64.0,R,49.0,R,18.0
206996,2018,R,456.0,R,946.0,R,48.0,R,510.0,R,0.0,R,0.0,R,510.0,R,290.0,R,57.0,R,233.0,R,0.0,R,0.0,R,233.0,R,81.0,R,35.0,R,27.0
207041,2018,R,430.0,R,791.0,R,54.0,R,452.0,R,0.0,R,0.0,R,452.0,R,264.0,R,58.0,R,16.0,R,0.0,R,0.0,R,16.0,R,8.0,R,50.0,R,18.0
207050,2018,R,286.0,R,680.0,R,42.0,R,303.0,R,0.0,R,0.0,R,303.0,R,169.0,R,56.0,R,41.0,R,0.0,R,0.0,R,41.0,R,19.0,R,46.0,R,22.0
207069,2018,R,262.0,R,1430.0,R,18.0,R,258.0,R,0.0,R,0.0,R,258.0,R,138.0,R,53.0,R,85.0,R,0.0,R,0.0,R,85.0,R,38.0,R,45.0,R,21.0
207087,2018,A,,A,,A,,R,7.0,R,0.0,R,0.0,R,7.0,R,5.0,R,71.0,A,,A,,A,,A,,A,,A,,R,10.0
207102,2018,A,,A,,A,,R,10.0,R,0.0,R,0.0,R,10.0,R,8.0,R,80.0,A,,A,,A,,A,,A,,A,,R,11.0
207157,2018,R,77.0,R,107.0,R,72.0,R,73.0,R,0.0,Z,0.0,R,73.0,R,30.0,R,41.0,R,4.0,Z,0.0,Z,0.0,R,4.0,R,3.0,R,75.0,R,15.0
207209,2018,R,559.0,R,745.0,R,75.0,R,503.0,R,0.0,R,0.0,R,503.0,R,261.0,R,52.0,R,15.0,R,0.0,R,0.0,R,15.0,R,8.0,R,53.0,R,16.0
207236,2018,R,387.0,R,1390.0,R,28.0,R,449.0,R,0.0,R,0.0,R,449.0,R,250.0,R,56.0,R,130.0,R,0.0,R,0.0,R,130.0,R,45.0,R,35.0,R,16.0
207254,2018,A,,A,,A,,R,0.0,R,0.0,R,0.0,R,0.0,R,0.0,A,,A,,A,,A,,A,,A,,A,,R,11.0
207263,2018,R,837.0,R,2158.0,R,39.0,R,841.0,R,0.0,R,0.0,R,841.0,R,537.0,R,64.0,R,16.0,R,0.0,R,0.0,R,16.0,R,6.0,R,38.0,R,19.0
207272,2018,A,,A,,A,,R,8.0,Z,0.0,Z,0.0,R,8.0,R,6.0,R,75.0,A,,A,,A,,A,,A,,A,,R,12.0
207281,2018,R,711.0,R,2332.0,R,30.0,R,789.0,R,0.0,R,0.0,R,789.0,R,446.0,R,57.0,R,79.0,R,0.0,R,0.0,R,79.0,R,43.0,R,54.0,R,17.0
207290,2018,R,587.0,R,915.0,R,64.0,R,645.0,R,0.0,R,0.0,R,645.0,R,287.0,R,44.0,R,20.0,R,0.0,R,0.0,R,20.0,R,5.0,R,25.0,R,23.0
207306,2018,R,369.0,R,656.0,R,56.0,R,319.0,R,0.0,R,0.0,R,319.0,R,192.0,R,60.0,R,34.0,R,0.0,R,0.0,R,34.0,R,8.0,R,24.0,R,15.0
207324,2018,R,454.0,R,525.0,R,86.0,R,507.0,R,0.0,R,0.0,R,507.0,R,378.0,R,75.0,R,4.0,R,0.0,R,0.0,R,4.0,R,3.0,R,75.0,R,13.0
207342,2018,A,,A,,A,,A,,A,,A,,A,,A,,A,,A,,A,,A,,A,,A,,A,,R,8.0
207351,2018,R,234.0,R,364.0,R,64.0,R,116.0,R,0.0,R,0.0,R,116.0,R,68.0,R,59.0,R,1.0,R,0.0,R,0.0,R,1.0,R,0.0,R,0.0,R,15.0
207388,2018,R,3537.0,R,5676.0,R,62.0,R,3799.0,R,0.0,R,0.0,R,3799.0,R,3104.0,R,82.0,R,419.0,R,0.0,R,0.0,R,419.0,R,274.0,R,65.0,R,19.0
207397,2018,R,530.0,R,1992.0,R,27.0,R,0.0,R,0.0,R,0.0,R,0.0,R,0.0,A,,R,0.0,R,0.0,R,0.0,R,0.0,R,0.0,A,,R,22.0
207403,2018,R,527.0,R,629.0,R,84.0,R,555.0,R,1.0,R,0.0,R,554.0,R,364.0,R,66.0,R,0.0,R,0.0,R,0.0,R,0.0,R,0.0,A,,R,15.0
207449,2018,R,1092.0,R,4217.0,R,26.0,R,1091.0,R,0.0,R,0.0,R,1091.0,R,524.0,R,48.0,R,958.0,R,0.0,R,0.0,R,958.0,R,308.0,R,32.0,R,25.0
207458,2018,R,373.0,R,568.0,R,66.0,R,295.0,R,0.0,R,0.0,R,295.0,R,238.0,R,81.0,R,1.0,R,0.0,R,0.0,R,1.0,R,0.0,R,0.0,R,11.0
207500,2018,R,3831.0,R,5815.0,R,66.0,R,3980.0,R,18.0,R,0.0,R,3962.0,R,3573.0,R,90.0,R,460.0,R,0.0,R,0.0,R,460.0,R,368.0,R,80.0,R,18.0
207564,2018,R,618.0,R,1085.0,R,57.0,R,0.0,R,0.0,R,0.0,R,0.0,R,0.0,A,,R,0.0,R,0.0,R,0.0,R,0.0,R,0.0,A,,R,15.0
207582,2018,R,554.0,R,1053.0,R,53.0,R,618.0,R,7.0,Z,0.0,R,611.0,R,506.0,R,83.0,R,11.0,Z,0.0,Z,0.0,R,11.0,R,5.0,R,45.0,R,16.0
207661,2018,R,556.0,R,1405.0,R,40.0,R,386.0,R,0.0,R,0.0,R,386.0,R,239.0,R,62.0,R,42.0,R,0.0,R,0.0,R,42.0,R,17.0,R,40.0,R,19.0
207670,2018,R,1005.0,R,3336.0,R,30.0,R,1117.0,R,0.0,R,0.0,R,1117.0,R,541.0,R,48.0,R,432.0,R,0.0,R,0.0,R,432.0,R,133.0,R,31.0,R,20.0
207704,2018,A,,A,,A,,R,2.0,R,0.0,R,0.0,R,2.0,R,0.0,R,0.0,R,0.0,R,0.0,R,0.0,R,0.0,R,0.0,A,,R,8.0
207722,2018,R,205.0,C,276.0,C,74.0,R,182.0,R,0.0,R,0.0,R,182.0,R,112.0,R,62.0,R,21.0,R,0.0,R,0.0,R,21.0,R,2.0,R,10.0,R,13.0
207740,2018,R,283.0,R,631.0,R,45.0,R,290.0,R,0.0,R,0.0,R,290.0,R,156.0,R,54.0,R,47.0,R,0.0,R,0.0,R,47.0,R,15.0,R,32.0,R,18.0
207786,2018,A,,A,,A,,R,23.0,R,0.0,R,0.0,R,23.0,R,19.0,R,83.0,A,,A,,A,,A,,A,,A,,R,24.0
207847,2018,R,557.0,R,1088.0,R,51.0,R,513.0,R,0.0,R,0.0,R,513.0,R,328.0,R,64.0,R,16.0,R,0.0,R,0.0,R,16.0,R,3.0,R,19.0,R,20.0
207856,2018,R,132.0,R,214.0,R,62.0,R,130.0,R,0.0,R,0.0,R,130.0,R,53.0,R,41.0,R,1.0,R,0.0,R,0.0,R,1.0,R,0.0,R,0.0,R,12.0
207865,2018,R,969.0,R,1572.0,R,62.0,R,865.0,R,0.0,R,0.0,R,865.0,R,567.0,R,66.0,R,11.0,R,0.0,R,0.0,R,11.0,R,4.0,R,36.0,R,18.0
207935,2018,R,1646.0,R,6179.0,R,27.0,R,1520.0,R,0.0,R,0.0,R,1520.0,R,851.0,R,56.0,R,2248.0,R,0.0,R,0.0,R,2248.0,R,1032.0,R,46.0,R,19.0
207962,2018,A,,A,,A,,R,391.0,R,0.0,R,0.0,R,391.0,R,252.0,R,64.0,A,,A,,A,,A,,A,,A,,R,30.0
207971,2018,R,803.0,R,942.0,R,85.0,R,739.0,R,0.0,R,0.0,R,739.0,R,647.0,R,88.0,R,4.0,R,0.0,R,0.0,R,4.0,R,3.0,R,75.0,R,11.0
208017,2018,A,,A,,A,,R,2.0,R,0.0,R,0.0,R,2.0,R,1.0,R,50.0,A,,A,,A,,A,,A,,A,,R,17.0
208035,2018,R,236.0,R,618.0,R,38.0,R,260.0,R,0.0,R,0.0,R,260.0,R,143.0,R,55.0,R,60.0,R,0.0,R,0.0,R,60.0,R,16.0,R,27.0,R,18.0
208044,2018,A,,A,,A,,R,23.0,R,0.0,R,0.0,R,23.0,R,12.0,R,52.0,A,,A,,A,,A,,A,,A,,R,19.0
208053,2018,A,,A,,A,,R,33.0,R,0.0,R,0.0,R,33.0,R,23.0,R,70.0,R,22.0,R,0.0,R,0.0,R,22.0,R,11.0,R,50.0,R,11.0
208187,2018,A,,A,,A,,R,23.0,R,0.0,R,0.0,R,23.0,R,18.0,R,78.0,R,3.0,R,0.0,R,0.0,R,3.0,R,1.0,R,33.0,R,15.0
208275,2018,R,269.0,R,572.0,R,47.0,R,200.0,Z,0.0,Z,0.0,R,200.0,R,155.0,R,78.0,R,75.0,Z,0.0,Z,0.0,R,75.0,R,42.0,R,56.0,R,18.0
208318,2018,R,672.0,R,1599.0,R,42.0,R,689.0,R,0.0,R,0.0,R,689.0,R,369.0,R,54.0,R,443.0,R,0.0,R,0.0,R,443.0,R,159.0,R,36.0,R,16.0
208390,2018,R,1345.0,R,2839.0,R,47.0,R,1393.0,R,0.0,R,0.0,R,1393.0,R,897.0,R,64.0,R,676.0,R,0.0,R,0.0,R,676.0,R,290.0,R,43.0,R,22.0
208406,2018,R,739.0,R,2942.0,R,25.0,R,829.0,R,0.0,R,0.0,R,829.0,R,477.0,R,58.0,R,757.0,Z,0.0,Z,0.0,R,757.0,R,320.0,R,42.0,R,18.0
208415,2018,R,73.0,R,304.0,R,24.0,R,77.0,Z,0.0,Z,0.0,R,77.0,R,39.0,R,51.0,R,55.0,Z,0.0,Z,0.0,R,55.0,R,22.0,R,40.0,R,9.0
208433,2018,A,,A,,A,,R,28.0,R,0.0,R,0.0,R,28.0,R,23.0,R,82.0,A,,A,,A,,A,,A,,A,,R,16.0
208479,2018,A,,A,,A,,R,55.0,Z,0.0,Z,0.0,R,55.0,R,36.0,R,65.0,A,,A,,A,,A,,A,,A,,R,34.0
208488,2018,R,244.0,R,584.0,R,42.0,R,217.0,R,0.0,R,0.0,R,217.0,R,143.0,R,66.0,R,0.0,R,0.0,R,0.0,R,0.0,R,0.0,A,,R,18.0
208512,2018,A,,A,,A,,R,13.0,R,0.0,R,0.0,R,13.0,R,11.0,R,85.0,A,,A,,A,,A,,A,,A,,R,10.0
208637,2018,A,,A,,A,,A,,A,,A,,A,,A,,A,,A,,A,,A,,A,,A,,A,,R,10.0
208646,2018,R,300.0,R,848.0,R,35.0,R,314.0,R,0.0,R,0.0,R,314.0,R,214.0,R,68.0,R,13.0,R,0.0,R,0.0,R,13.0,R,6.0,R,46.0,R,17.0
208725,2018,R,21.0,R,40.0,R,53.0,R,11.0,R,0.0,R,0.0,R,11.0,R,7.0,R,64.0,R,2.0,R,0.0,R,0.0,R,2.0,R,1.0,R,50.0,R,10.0
208822,2018,R,593.0,R,815.0,R,73.0,R,630.0,R,2.0,R,0.0,R,628.0,R,511.0,R,81.0,R,3.0,R,0.0,R,0.0,R,3.0,R,0.0,R,0.0,R,14.0
208859,2018,A,,A,,A,,R,28.0,Z,0.0,Z,0.0,R,28.0,R,23.0,R,82.0,A,,A,,A,,A,,A,,A,,R,10.0
209038,2018,R,1039.0,R,3318.0,R,31.0,R,932.0,R,0.0,Z,0.0,R,932.0,R,536.0,R,58.0,R,532.0,R,0.0,R,0.0,R,532.0,R,229.0,R,43.0,R,17.0
209056,2018,R,562.0,R,637.0,R,88.0,R,525.0,R,0.0,R,0.0,R,525.0,R,428.0,R,82.0,R,0.0,R,0.0,R,0.0,R,0.0,R,0.0,A,,R,12.0
209065,2018,R,325.0,R,405.0,R,80.0,R,399.0,R,2.0,R,0.0,R,397.0,R,314.0,R,79.0,R,1.0,R,0.0,R,0.0,R,1.0,R,1.0,R,100.0,R,9.0
209074,2018,R,830.0,R,2258.0,R,37.0,R,913.0,R,0.0,R,0.0,R,913.0,R,503.0,R,55.0,R,399.0,R,0.0,R,0.0,R,399.0,R,134.0,R,34.0,R,18.0
209083,2018,A,,A,,A,,R,11.0,R,0.0,Z,0.0,R,11.0,R,7.0,R,64.0,A,,A,,A,,A,,A,,A,,R,12.0
209153,2018,A,,A,,A,,R,38.0,Z,0.0,Z,0.0,R,38.0,R,29.0,R,76.0,A,,A,,A,,A,,A,,A,,R,9.0
209205,2018,A,,A,,A,,R,10.0,R,0.0,R,0.0,R,10.0,R,8.0,R,80.0,A,,A,,A,,A,,A,,A,,R,12.0
209241,2018,R,3.0,R,10.0,R,30.0,R,7.0,R,0.0,R,0.0,R,7.0,R,5.0,R,71.0,A,,A,,A,,A,,A,,A,,R,8.0
209250,2018,R,620.0,R,2047.0,R,30.0,R,712.0,R,0.0,R,0.0,R,712.0,R,436.0,R,61.0,R,411.0,R,0.0,R,0.0,R,411.0,R,186.0,R,45.0,R,18.0
209287,2018,R,68.0,R,159.0,R,43.0,R,62.0,R,0.0,R,0.0,R,62.0,R,35.0,R,56.0,R,5.0,R,0.0,R,0.0,R,5.0,R,1.0,R,20.0,R,11.0
209296,2018,A,,A,,A,,A,,A,,A,,A,,A,,A,,A,,A,,A,,A,,A,,A,,R,3.0
209409,2018,R,100.0,R,149.0,R,67.0,R,102.0,R,0.0,R,0.0,R,102.0,R,72.0,R,71.0,R,0.0,Z,0.0,Z,0.0,R,0.0,Z,0.0,A,,R,15.0
209490,2018,A,,A,,A,,A,,A,,A,,A,,A,,A,,A,,A,,A,,A,,A,,A,,R,9.0
209506,2018,R,331.0,R,2130.0,R,16.0,R,303.0,R,0.0,R,0.0,R,303.0,R,241.0,R,80.0,R,31.0,R,0.0,R,0.0,R,31.0,R,12.0,R,39.0,R,15.0
209533,2018,R,16.0,R,39.0,R,41.0,R,13.0,R,0.0,R,0.0,R,13.0,R,6.0,R,46.0,R,0.0,R,0.0,R,0.0,R,0.0,R,0.0,A,,R,6.0
209542,2018,R,3341.0,R,6395.0,R,52.0,R,3421.0,R,1.0,R,0.0,R,3420.0,R,2879.0,R,84.0,R,398.0,R,0.0,R,0.0,R,398.0,R,279.0,R,70.0,R,17.0
209551,2018,R,4107.0,R,5356.0,R,77.0,R,3863.0,R,1.0,R,0.0,R,3862.0,R,3291.0,R,85.0,R,75.0,R,0.0,R,0.0,R,75.0,R,33.0,R,44.0,R,17.0
209603,2018,R,127.0,R,207.0,R,61.0,R,81.0,R,0.0,R,0.0,R,81.0,R,56.0,R,69.0,R,1.0,R,0.0,R,0.0,R,1.0,R,0.0,R,0.0,R,10.0
209612,2018,R,421.0,R,669.0,R,63.0,R,424.0,R,0.0,R,0.0,R,424.0,R,330.0,R,78.0,A,,A,,A,,A,,A,,A,,R,10.0
209667,2018,A,,A,,A,,R,38.0,R,0.0,Z,0.0,R,38.0,R,29.0,R,76.0,A,,A,,A,,A,,A,,A,,R,10.0
209676,2018,A,,A,,A,,R,66.0,Z,0.0,Z,0.0,R,66.0,R,48.0,R,73.0,A,,A,,A,,A,,A,,A,,R,12.0
209694,2018,A,,A,,A,,R,27.0,R,0.0,Z,0.0,R,27.0,R,21.0,R,78.0,A,,A,,A,,A,,A,,A,,R,7.0
209700,2018,A,,A,,A,,R,30.0,R,0.0,R,0.0,R,30.0,R,19.0,R,63.0,A,,A,,A,,A,,A,,A,,R,17.0
209719,2018,A,,A,,A,,R,29.0,R,0.0,R,0.0,R,29.0,R,11.0,R,38.0,A,,A,,A,,A,,A,,A,,R,14.0
209746,2018,R,2023.0,R,6455.0,R,31.0,R,1967.0,R,1.0,R,0.0,R,1966.0,R,1239.0,R,63.0,R,1306.0,R,0.0,R,0.0,R,1306.0,R,589.0,R,45.0,R,19.0
209807,2018,R,1770.0,R,6621.0,R,27.0,R,1803.0,R,0.0,R,0.0,R,1803.0,R,1363.0,R,76.0,R,126.0,R,0.0,R,0.0,R,126.0,R,65.0,R,52.0,R,21.0
209825,2018,R,1003.0,R,1089.0,R,92.0,R,1001.0,R,0.0,R,0.0,R,1001.0,R,898.0,R,90.0,R,2.0,R,0.0,R,0.0,R,2.0,R,2.0,R,100.0,R,12.0
209922,2018,R,363.0,R,419.0,R,87.0,R,407.0,R,0.0,R,0.0,R,407.0,R,358.0,R,88.0,R,4.0,R,0.0,R,0.0,R,4.0,R,3.0,R,75.0,R,9.0
209940,2018,R,506.0,R,1582.0,R,32.0,R,474.0,R,0.0,R,0.0,R,474.0,R,264.0,R,56.0,R,499.0,R,0.0,R,0.0,R,499.0,R,200.0,R,40.0,R,18.0
210076,2018,A,,A,,A,,R,0.0,R,0.0,R,0.0,R,0.0,R,0.0,A,,R,0.0,R,0.0,R,0.0,R,0.0,R,0.0,A,,R,11.0
210146,2018,R,615.0,R,1849.0,R,33.0,R,719.0,R,0.0,R,0.0,R,719.0,R,497.0,R,69.0,R,4.0,R,0.0,R,0.0,R,4.0,R,2.0,R,50.0,R,26.0
210155,2018,R,444.0,R,839.0,R,53.0,R,512.0,Z,0.0,Z,0.0,R,512.0,R,249.0,R,49.0,R,121.0,Z,0.0,Z,0.0,R,121.0,R,27.0,R,22.0,R,13.0
210234,2018,R,290.0,R,909.0,R,32.0,R,292.0,R,1.0,R,0.0,R,291.0,R,119.0,R,41.0,R,125.0,R,1.0,R,0.0,R,124.0,R,34.0,R,27.0,R,14.0
210270,2018,R,410.0,R,811.0,R,51.0,R,347.0,R,0.0,R,0.0,R,347.0,R,206.0,R,59.0,R,217.0,R,1.0,R,0.0,R,216.0,R,100.0,R,46.0,R,20.0
210304,2018,R,66.0,R,118.0,R,56.0,R,68.0,R,0.0,R,0.0,R,68.0,R,50.0,R,74.0,R,0.0,Z,0.0,Z,0.0,R,0.0,Z,0.0,A,,R,9.0
210331,2018,R,216.0,R,340.0,R,64.0,R,195.0,R,0.0,R,0.0,R,195.0,R,151.0,R,77.0,R,0.0,Z,0.0,Z,0.0,R,0.0,Z,0.0,A,,R,12.0
210340,2018,A,,A,,A,,R,6.0,R,0.0,R,0.0,R,6.0,R,5.0,R,83.0,A,,A,,A,,A,,A,,A,,R,24.0
210401,2018,R,389.0,R,561.0,R,69.0,R,440.0,Z,0.0,Z,0.0,R,440.0,R,363.0,R,83.0,R,0.0,Z,0.0,Z,0.0,R,0.0,Z,0.0,A,,R,11.0
210429,2018,R,781.0,R,1151.0,R,68.0,R,711.0,R,0.0,R,0.0,R,711.0,R,490.0,R,69.0,R,16.0,R,0.0,R,0.0,R,16.0,R,3.0,R,19.0,R,14.0
210438,2018,A,,A,,A,,A,,A,,A,,A,,A,,A,,A,,A,,A,,A,,A,,A,,R,10.0
210474,2018,A,,A,,A,,R,3.0,R,0.0,R,0.0,R,3.0,R,2.0,R,67.0,R,4.0,R,0.0,R,0.0,R,4.0,R,3.0,R,75.0,R,12.0
210492,2018,R,64.0,R,81.0,R,79.0,R,95.0,R,0.0,R,1.0,R,96.0,R,73.0,R,76.0,A,,A,,A,,A,,A,,A,,R,6.0
210571,2018,R,575.0,R,662.0,R,87.0,R,464.0,R,0.0,R,0.0,R,464.0,R,316.0,R,68.0,A,,A,,A,,A,,A,,A,,R,15.0
210599,2018,A,,A,,A,,R,84.0,Z,0.0,Z,0.0,R,84.0,R,56.0,R,67.0,A,,A,,A,,A,,A,,A,,R,20.0
210605,2018,R,1948.0,R,4686.0,R,42.0,R,2086.0,R,1.0,R,0.0,R,2085.0,R,1248.0,R,60.0,R,1953.0,R,1.0,R,0.0,R,1952.0,R,918.0,R,47.0,R,18.0
210669,2018,R,470.0,R,528.0,R,89.0,R,481.0,R,0.0,R,0.0,R,481.0,R,396.0,R,82.0,R,3.0,R,0.0,R,0.0,R,3.0,R,1.0,R,33.0,R,10.0
210711,2018,A,,A,,A,,R,18.0,R,0.0,R,0.0,R,18.0,R,14.0,R,78.0,A,,A,,A,,A,,A,,A,,R,4.0
210739,2018,R,500.0,R,707.0,R,71.0,R,421.0,R,0.0,R,0.0,R,421.0,R,348.0,R,83.0,R,9.0,R,0.0,R,0.0,R,9.0,R,5.0,R,56.0,R,14.0
210748,2018,A,,A,,A,,R,9.0,R,0.0,R,0.0,R,9.0,R,9.0,R,100.0,R,2.0,R,0.0,R,0.0,R,2.0,R,2.0,R,100.0,R,8.0
210775,2018,R,434.0,R,493.0,R,88.0,R,371.0,R,0.0,R,0.0,R,371.0,R,276.0,R,74.0,R,0.0,R,0.0,R,0.0,R,0.0,R,0.0,A,,R,12.0
210784,2018,A,,A,,A,,R,61.0,R,0.0,R,0.0,R,61.0,R,48.0,R,79.0,R,10.0,R,0.0,R,0.0,R,10.0,R,8.0,R,80.0,R,7.0
210809,2018,A,,A,,A,,A,,A,,A,,A,,A,,A,,A,,A,,A,,A,,A,,A,,R,223.0
211006,2018,A,,A,,A,,R,20.0,R,0.0,R,0.0,R,20.0,R,13.0,R,65.0,R,1.0,R,0.0,R,0.0,R,1.0,R,1.0,R,100.0,R,24.0
211024,2018,R,73.0,R,175.0,R,42.0,R,80.0,R,0.0,R,0.0,R,80.0,R,52.0,R,65.0,R,9.0,R,0.0,R,0.0,R,9.0,R,5.0,R,56.0,R,11.0
211079,2018,R,328.0,R,910.0,R,36.0,R,357.0,R,0.0,R,0.0,R,357.0,R,184.0,R,52.0,R,171.0,R,1.0,R,0.0,R,170.0,R,84.0,R,49.0,R,17.0
211088,2018,R,472.0,R,575.0,R,82.0,R,565.0,R,0.0,R,0.0,R,565.0,R,439.0,R,78.0,R,4.0,R,0.0,R,0.0,R,4.0,R,3.0,R,75.0,R,12.0
211149,2018,A,,A,,A,,R,20.0,R,0.0,R,0.0,R,20.0,R,15.0,R,75.0,A,,A,,A,,A,,A,,A,,R,10.0
211158,2018,R,1843.0,R,2580.0,R,71.0,R,1852.0,R,0.0,Z,0.0,R,1852.0,R,1337.0,R,72.0,R,8.0,R,0.0,Z,0.0,R,8.0,R,3.0,R,38.0,R,19.0
211273,2018,R,391.0,R,400.0,R,98.0,R,354.0,Z,0.0,Z,0.0,R,354.0,R,325.0,R,92.0,A,,A,,A,,A,,A,,A,,R,9.0
211291,2018,R,974.0,R,1010.0,R,96.0,R,973.0,R,0.0,R,0.0,R,973.0,R,898.0,R,92.0,A,,A,,A,,A,,A,,A,,R,9.0
211307,2018,R,978.0,R,2519.0,R,39.0,R,1032.0,R,0.0,R,0.0,R,1032.0,R,712.0,R,69.0,R,637.0,R,0.0,R,0.0,R,637.0,R,326.0,R,51.0,R,15.0
211316,2018,A,,A,,A,,R,12.0,R,0.0,R,0.0,R,12.0,R,10.0,R,83.0,R,6.0,R,0.0,R,0.0,R,6.0,R,6.0,R,100.0,R,10.0
211334,2018,A,,A,,A,,R,14.0,R,0.0,R,0.0,R,14.0,R,9.0,R,64.0,A,,A,,A,,A,,A,,A,,R,9.0
211343,2018,R,675.0,R,1730.0,R,39.0,R,619.0,R,0.0,R,0.0,R,619.0,R,370.0,R,60.0,R,201.0,Z,0.0,Z,0.0,R,201.0,R,89.0,R,44.0,R,15.0
211352,2018,R,440.0,R,647.0,R,68.0,R,492.0,R,0.0,R,0.0,R,492.0,R,350.0,R,71.0,R,2.0,R,0.0,R,0.0,R,2.0,R,2.0,R,100.0,R,13.0
211361,2018,R,974.0,R,1637.0,R,59.0,R,913.0,R,1.0,Z,0.0,R,912.0,R,651.0,R,71.0,R,16.0,R,0.0,Z,0.0,R,16.0,R,4.0,R,25.0,R,18.0
211431,2018,R,247.0,R,437.0,R,57.0,R,241.0,R,0.0,R,0.0,R,241.0,R,192.0,R,80.0,R,0.0,R,0.0,R,0.0,R,0.0,R,0.0,A,,R,12.0
211440,2018,R,1572.0,R,1684.0,R,93.0,R,1676.0,R,9.0,R,0.0,R,1667.0,R,1612.0,R,97.0,R,0.0,R,0.0,R,0.0,R,0.0,R,0.0,A,,R,10.0
211468,2018,R,207.0,R,346.0,R,60.0,R,213.0,R,0.0,R,0.0,R,213.0,R,171.0,R,80.0,R,0.0,R,0.0,R,0.0,R,0.0,R,0.0,A,,R,10.0
211477,2018,R,56.0,R,293.0,R,19.0,R,54.0,R,0.0,R,0.0,R,54.0,R,27.0,R,50.0,R,51.0,R,0.0,R,0.0,R,51.0,R,14.0,R,27.0,R,9.0
211556,2018,R,280.0,R,450.0,R,62.0,R,284.0,R,0.0,R,0.0,R,284.0,R,221.0,R,78.0,R,0.0,R,0.0,R,0.0,R,0.0,R,0.0,A,,R,10.0
211583,2018,R,164.0,R,356.0,R,46.0,R,206.0,R,0.0,R,0.0,R,206.0,R,147.0,R,71.0,R,1.0,R,0.0,R,0.0,R,1.0,R,1.0,R,100.0,R,10.0
211608,2018,R,101.0,R,138.0,R,73.0,R,198.0,R,0.0,Z,0.0,R,198.0,R,72.0,R,36.0,R,13.0,R,0.0,Z,0.0,R,13.0,R,1.0,R,8.0,R,12.0
211635,2018,A,,A,,A,,R,0.0,R,0.0,R,0.0,R,0.0,R,0.0,A,,A,,A,,A,,A,,A,,A,,R,10.0
211644,2018,R,707.0,R,1089.0,R,65.0,R,743.0,R,2.0,Z,0.0,R,741.0,R,545.0,R,74.0,R,9.0,R,0.0,Z,0.0,R,9.0,R,5.0,R,56.0,R,17.0
211802,2018,A,,A,,A,,R,25.0,R,0.0,R,0.0,R,25.0,R,18.0,R,72.0,A,,A,,A,,A,,A,,A,,R,10.0
211893,2018,R,26.0,R,32.0,R,81.0,R,9.0,R,0.0,R,0.0,R,9.0,R,9.0,R,100.0,A,,A,,A,,A,,A,,A,,R,2.0
211909,2018,R,45.0,R,57.0,R,79.0,R,47.0,R,0.0,R,0.0,R,47.0,R,41.0,R,87.0,R,14.0,R,0.0,R,0.0,R,14.0,R,12.0,R,86.0,R,12.0
211927,2018,R,867.0,R,3698.0,R,23.0,R,903.0,Z,0.0,Z,0.0,R,903.0,R,539.0,R,60.0,R,1843.0,Z,0.0,Z,0.0,R,1843.0,R,644.0,R,35.0,R,19.0
211981,2018,R,447.0,R,693.0,R,65.0,R,412.0,R,1.0,R,0.0,R,411.0,R,296.0,R,72.0,A,,A,,A,,A,,A,,A,,R,13.0
212009,2018,R,635.0,R,684.0,R,93.0,R,606.0,R,3.0,R,0.0,R,603.0,R,552.0,R,92.0,R,0.0,R,0.0,R,0.0,R,0.0,R,0.0,A,,R,9.0
212045,2018,R,78.0,R,133.0,R,59.0,R,75.0,R,0.0,R,0.0,R,75.0,R,57.0,R,76.0,R,1.0,R,0.0,R,0.0,R,1.0,R,1.0,R,100.0,R,11.0
212054,2018,R,3353.0,R,4338.0,R,77.0,R,3268.0,R,0.0,R,0.0,R,3268.0,R,2904.0,R,89.0,R,6.0,R,0.0,R,0.0,R,6.0,R,4.0,R,67.0,R,11.0
212106,2018,R,1507.0,R,1806.0,R,83.0,R,1416.0,R,1.0,R,0.0,R,1415.0,R,1193.0,R,84.0,R,4.0,R,0.0,R,0.0,R,4.0,R,4.0,R,100.0,R,13.0
212115,2018,R,1134.0,R,1678.0,R,68.0,R,1280.0,R,0.0,Z,0.0,R,1280.0,R,889.0,R,69.0,R,12.0,R,0.0,Z,0.0,R,12.0,R,4.0,R,33.0,R,21.0
212133,2018,R,400.0,R,615.0,R,65.0,R,305.0,R,0.0,R,0.0,R,305.0,R,229.0,R,75.0,R,5.0,R,0.0,R,0.0,R,5.0,R,5.0,R,100.0,R,10.0
212160,2018,R,578.0,R,853.0,R,68.0,R,634.0,R,0.0,Z,0.0,R,634.0,R,465.0,R,73.0,R,4.0,R,0.0,Z,0.0,R,4.0,R,3.0,R,75.0,R,16.0
212197,2018,R,386.0,R,434.0,R,89.0,R,410.0,R,0.0,R,0.0,R,410.0,R,364.0,R,89.0,R,1.0,Z,0.0,Z,0.0,R,1.0,R,1.0,R,100.0,R,11.0
212230,2018,A,,A,,A,,R,23.0,Z,0.0,Z,0.0,R,23.0,R,16.0,R,70.0,A,,A,,A,,A,,A,,A,,R,21.0
212267,2018,A,,A,,A,,R,37.0,R,2.0,Z,0.0,R,35.0,R,17.0,R,49.0,R,17.0,R,0.0,Z,0.0,R,17.0,R,11.0,R,65.0,R,22.0
212276,2018,A,,A,,A,,R,33.0,R,1.0,Z,0.0,R,32.0,R,27.0,R,84.0,R,9.0,R,0.0,Z,0.0,R,9.0,R,1.0,R,11.0,R,18.0
212294,2018,A,,A,,A,,R,21.0,Z,0.0,Z,0.0,R,21.0,R,12.0,R,57.0,A,,A,,A,,A,,A,,A,,R,17.0
212300,2018,A,,A,,A,,R,21.0,R,0.0,Z,0.0,R,21.0,R,18.0,R,86.0,A,,A,,A,,A,,A,,A,,R,18.0
212328,2018,A,,A,,A,,R,35.0,R,0.0,Z,0.0,R,35.0,R,23.0,R,66.0,R,15.0,R,0.0,Z,0.0,R,15.0,R,8.0,R,53.0,R,19.0
212337,2018,A,,A,,A,,R,53.0,R,0.0,Z,0.0,R,53.0,R,28.0,R,53.0,R,4.0,R,0.0,Z,0.0,R,4.0,R,2.0,R,50.0,R,25.0
212355,2018,A,,A,,A,,R,56.0,R,0.0,Z,0.0,R,56.0,R,44.0,R,79.0,R,22.0,R,0.0,Z,0.0,R,22.0,R,17.0,R,77.0,R,34.0
212373,2018,A,,A,,A,,R,9.0,R,0.0,Z,0.0,R,9.0,R,7.0,R,78.0,A,,A,,A,,A,,A,,A,,R,8.0
212382,2018,A,,A,,A,,R,41.0,R,0.0,Z,0.0,R,41.0,R,27.0,R,66.0,R,14.0,R,0.0,Z,0.0,R,14.0,R,8.0,R,57.0,R,24.0
212391,2018,A,,A,,A,,R,36.0,R,0.0,Z,0.0,R,36.0,R,26.0,R,72.0,R,12.0,R,0.0,Z,0.0,R,12.0,R,7.0,R,58.0,R,16.0
212434,2018,R,79.0,R,79.0,R,100.0,R,59.0,R,0.0,R,0.0,R,59.0,R,44.0,R,75.0,A,,A,,A,,A,,A,,A,,R,7.0
212452,2018,R,1.0,R,2.0,R,50.0,R,2.0,R,0.0,R,0.0,R,2.0,R,0.0,R,0.0,R,2.0,R,0.0,R,0.0,R,2.0,R,1.0,R,50.0,R,8.0
212568,2018,A,,A,,A,,A,,A,,A,,A,,A,,A,,A,,A,,A,,A,,A,,A,,R,14.0
212577,2018,R,611.0,R,637.0,R,96.0,R,645.0,R,1.0,R,0.0,R,644.0,R,595.0,R,92.0,A,,A,,A,,A,,A,,A,,R,9.0
212601,2018,R,762.0,R,1315.0,R,58.0,R,614.0,R,0.0,R,0.0,R,614.0,R,510.0,R,83.0,R,3.0,R,0.0,R,0.0,R,3.0,R,3.0,R,100.0,R,13.0
212656,2018,R,305.0,R,462.0,R,66.0,R,300.0,R,0.0,R,0.0,R,300.0,R,229.0,R,76.0,R,0.0,R,0.0,R,0.0,R,0.0,R,0.0,A,,R,12.0
212674,2018,R,748.0,R,760.0,R,98.0,R,720.0,Z,0.0,Z,0.0,R,720.0,R,652.0,R,91.0,A,,A,,A,,A,,A,,A,,R,9.0
212753,2018,A,,A,,A,,R,53.0,R,0.0,Z,0.0,R,53.0,R,42.0,R,79.0,R,22.0,R,0.0,Z,0.0,R,22.0,R,11.0,R,50.0,R,29.0
212771,2018,A,,A,,A,,A,,A,,A,,A,,A,,A,,A,,A,,A,,A,,A,,A,,R,9.0
212805,2018,R,608.0,R,696.0,R,87.0,R,636.0,R,1.0,R,0.0,R,635.0,R,557.0,R,88.0,A,,A,,A,,A,,A,,A,,R,13.0
212832,2018,R,276.0,R,771.0,R,36.0,R,173.0,R,0.0,R,0.0,R,173.0,R,141.0,R,82.0,R,1.0,R,0.0,R,0.0,R,1.0,R,1.0,R,100.0,R,10.0
212869,2018,R,226.0,R,508.0,R,44.0,R,276.0,R,0.0,R,0.0,R,276.0,R,147.0,R,53.0,R,23.0,R,0.0,R,0.0,R,23.0,R,8.0,R,35.0,R,15.0
212878,2018,R,1350.0,R,6037.0,R,22.0,R,1615.0,R,0.0,R,0.0,R,1615.0,R,836.0,R,52.0,R,1493.0,R,1.0,R,0.0,R,1492.0,R,639.0,R,43.0,R,14.0
212911,2018,R,357.0,R,372.0,R,96.0,R,349.0,R,0.0,R,0.0,R,349.0,R,338.0,R,97.0,A,,A,,A,,A,,A,,A,,R,8.0
212975,2018,R,107.0,R,107.0,R,100.0,R,90.0,R,4.0,R,0.0,R,86.0,R,74.0,R,86.0,R,1.0,R,0.0,R,0.0,R,1.0,R,0.0,R,0.0,R,8.0
212984,2018,R,353.0,R,501.0,R,70.0,R,356.0,R,0.0,R,0.0,R,356.0,R,283.0,R,79.0,R,5.0,R,0.0,R,0.0,R,5.0,R,1.0,R,20.0,R,12.0
212993,2018,R,32.0,R,49.0,R,65.0,R,15.0,R,0.0,R,0.0,R,15.0,R,9.0,R,60.0,A,,A,,A,,A,,A,,A,,R,8.0
213011,2018,R,183.0,R,497.0,R,37.0,R,197.0,R,0.0,R,0.0,R,197.0,R,147.0,R,75.0,R,3.0,R,0.0,R,0.0,R,3.0,R,1.0,R,33.0,R,9.0
213020,2018,R,2083.0,R,2645.0,R,79.0,R,2308.0,R,2.0,Z,0.0,R,2306.0,R,1629.0,R,71.0,R,8.0,R,0.0,Z,0.0,R,8.0,R,4.0,R,50.0,R,18.0
213163,2018,A,,A,,A,,R,0.0,R,0.0,R,0.0,R,0.0,R,0.0,A,,A,,A,,A,,A,,A,,A,,R,6.0
213181,2018,A,,A,,A,,R,102.0,R,0.0,R,0.0,R,102.0,R,89.0,R,87.0,A,,A,,A,,A,,A,,A,,R,11.0
213215,2018,A,,A,,A,,R,48.0,R,0.0,R,0.0,R,48.0,R,34.0,R,71.0,R,6.0,R,0.0,R,0.0,R,6.0,R,3.0,R,50.0,R,10.0
213233,2018,R,114.0,R,203.0,R,56.0,R,133.0,R,0.0,R,0.0,R,133.0,R,98.0,R,74.0,R,0.0,R,0.0,R,0.0,R,0.0,R,0.0,A,,R,9.0
213251,2018,R,350.0,R,461.0,R,76.0,R,341.0,R,0.0,R,0.0,R,341.0,R,286.0,R,84.0,A,,A,,A,,A,,A,,A,,R,11.0
213303,2018,R,329.0,R,389.0,R,85.0,R,289.0,R,0.0,R,0.0,R,289.0,R,180.0,R,62.0,R,1.0,Z,0.0,Z,0.0,R,1.0,R,1.0,R,100.0,R,12.0
213321,2018,R,551.0,R,743.0,R,74.0,R,624.0,R,0.0,R,0.0,R,624.0,R,462.0,R,74.0,R,0.0,Z,0.0,Z,0.0,R,0.0,Z,0.0,A,,R,13.0
213330,2018,A,,A,,A,,R,6.0,R,0.0,R,0.0,R,6.0,R,5.0,R,83.0,A,,A,,A,,A,,A,,A,,R,10.0
213349,2018,R,1635.0,R,2256.0,R,72.0,R,1604.0,R,0.0,Z,0.0,R,1604.0,R,1194.0,R,74.0,R,1.0,R,0.0,Z,0.0,R,1.0,R,0.0,R,0.0,R,18.0
213358,2018,R,225.0,R,383.0,R,59.0,R,221.0,R,0.0,R,0.0,R,221.0,R,155.0,R,70.0,R,1.0,R,0.0,R,0.0,R,1.0,R,1.0,R,100.0,R,12.0
213367,2018,R,1040.0,R,1295.0,R,80.0,R,932.0,R,1.0,R,0.0,R,931.0,R,692.0,R,74.0,R,0.0,R,0.0,R,0.0,R,0.0,R,0.0,A,,R,12.0
213376,2018,R,392.0,R,707.0,R,55.0,R,5.0,R,0.0,R,0.0,R,5.0,R,1.0,R,20.0,R,0.0,R,0.0,R,0.0,R,0.0,R,0.0,A,,R,19.0
213385,2018,R,733.0,R,765.0,R,96.0,R,680.0,R,1.0,R,0.0,R,679.0,R,632.0,R,93.0,A,,A,,A,,A,,A,,A,,R,10.0
213400,2018,R,189.0,R,482.0,R,39.0,R,151.0,R,0.0,R,0.0,R,151.0,R,123.0,R,81.0,R,5.0,R,0.0,R,0.0,R,5.0,R,1.0,R,20.0,R,14.0
213455,2018,A,,A,,A,,R,16.0,Z,0.0,Z,0.0,R,16.0,R,14.0,R,88.0,R,98.0,R,0.0,R,0.0,R,98.0,R,77.0,R,79.0,R,17.0
213473,2018,R,7.0,R,10.0,R,70.0,R,17.0,R,0.0,R,0.0,R,17.0,R,15.0,R,88.0,R,21.0,R,0.0,R,0.0,R,21.0,R,15.0,R,71.0,R,8.0
213491,2018,A,,A,,A,,R,11.0,R,0.0,R,0.0,R,11.0,R,8.0,R,73.0,R,29.0,R,0.0,R,0.0,R,29.0,R,20.0,R,69.0,R,11.0
213507,2018,R,473.0,R,572.0,R,83.0,R,466.0,R,2.0,R,0.0,R,464.0,R,379.0,R,82.0,R,0.0,R,0.0,R,0.0,R,0.0,R,0.0,A,,R,10.0
213525,2018,R,1020.0,R,3174.0,R,32.0,R,926.0,R,0.0,R,0.0,R,926.0,R,550.0,R,59.0,R,484.0,Z,0.0,Z,0.0,R,484.0,R,234.0,R,48.0,R,18.0
213534,2018,A,,A,,A,,R,187.0,Z,0.0,Z,0.0,R,187.0,R,123.0,R,66.0,R,97.0,Z,0.0,Z,0.0,R,97.0,R,32.0,R,33.0,R,11.0
213543,2018,R,1275.0,R,1315.0,R,97.0,R,1234.0,R,0.0,R,0.0,R,1234.0,R,1161.0,R,94.0,A,,A,,A,,A,,A,,A,,R,9.0
213552,2018,A,,A,,A,,R,38.0,R,0.0,R,0.0,R,38.0,R,33.0,R,87.0,R,22.0,R,0.0,R,0.0,R,22.0,R,19.0,R,86.0,R,13.0
213570,2018,A,,A,,A,,R,128.0,R,0.0,R,0.0,R,128.0,R,98.0,R,77.0,A,,A,,A,,A,,A,,A,,R,29.0
213589,2018,A,,A,,A,,R,89.0,R,0.0,R,0.0,R,89.0,R,49.0,R,55.0,A,,A,,A,,A,,A,,A,,R,33.0
213598,2018,R,536.0,R,643.0,R,83.0,R,660.0,R,0.0,R,0.0,R,660.0,R,517.0,R,78.0,R,4.0,R,0.0,R,0.0,R,4.0,R,1.0,R,25.0,R,15.0
213613,2018,R,687.0,R,867.0,R,79.0,R,732.0,R,0.0,Z,0.0,R,732.0,R,473.0,R,65.0,R,3.0,R,0.0,Z,0.0,R,3.0,R,1.0,R,33.0,R,16.0
213622,2018,A,,A,,A,,R,6.0,R,0.0,R,0.0,R,6.0,R,4.0,R,67.0,A,,A,,A,,A,,A,,A,,R,14.0
213659,2018,R,763.0,R,1862.0,R,41.0,R,851.0,Z,0.0,Z,0.0,R,851.0,R,438.0,R,51.0,R,374.0,Z,0.0,Z,0.0,R,374.0,R,148.0,R,40.0,R,15.0
213668,2018,R,323.0,R,352.0,R,92.0,R,282.0,Z,0.0,Z,0.0,R,282.0,R,211.0,R,75.0,A,,A,,A,,A,,A,,A,,R,12.0
213774,2018,R,202.0,R,381.0,R,53.0,R,172.0,R,0.0,R,0.0,R,172.0,R,100.0,R,58.0,R,12.0,R,0.0,R,0.0,R,12.0,R,7.0,R,58.0,R,12.0
213783,2018,R,325.0,R,469.0,R,69.0,R,298.0,R,0.0,Z,0.0,R,298.0,R,213.0,R,71.0,R,2.0,R,0.0,Z,0.0,R,2.0,R,0.0,R,0.0,R,14.0
213826,2018,R,388.0,R,537.0,R,72.0,R,446.0,R,0.0,R,0.0,R,446.0,R,383.0,R,86.0,R,3.0,R,0.0,R,0.0,R,3.0,R,1.0,R,33.0,R,12.0
213914,2018,R,103.0,R,171.0,R,60.0,R,83.0,R,0.0,R,0.0,R,83.0,R,60.0,R,72.0,A,,A,,A,,A,,A,,A,,R,27.0
213932,2018,A,,A,,A,,A,,A,,A,,A,,A,,A,,A,,A,,A,,A,,A,,A,,R,9.0
213987,2018,R,642.0,R,716.0,R,90.0,R,588.0,R,2.0,R,0.0,R,586.0,R,457.0,R,78.0,R,1.0,R,0.0,R,0.0,R,1.0,R,1.0,R,100.0,R,14.0
213996,2018,R,647.0,R,745.0,R,87.0,R,665.0,R,0.0,R,0.0,R,665.0,R,577.0,R,87.0,A,,A,,A,,A,,A,,A,,R,12.0
214023,2018,R,2.0,R,2.0,R,100.0,R,2.0,R,0.0,R,0.0,R,2.0,R,1.0,R,50.0,R,0.0,R,0.0,R,0.0,R,0.0,R,0.0,A,,R,7.0
214041,2018,R,1357.0,R,2053.0,R,66.0,R,1342.0,R,0.0,Z,0.0,R,1342.0,R,1007.0,R,75.0,R,9.0,R,0.0,Z,0.0,R,9.0,R,4.0,R,44.0,R,19.0
214069,2018,R,410.0,R,572.0,R,72.0,R,435.0,R,0.0,R,0.0,R,435.0,R,342.0,R,79.0,R,5.0,R,0.0,R,0.0,R,5.0,R,1.0,R,20.0,R,11.0
214111,2018,R,1029.0,R,3741.0,R,28.0,R,1060.0,R,0.0,R,0.0,R,1060.0,R,659.0,R,62.0,R,680.0,R,0.0,R,0.0,R,680.0,R,315.0,R,46.0,R,16.0
214148,2018,R,98.0,R,123.0,R,80.0,R,88.0,R,0.0,R,0.0,R,88.0,R,63.0,R,72.0,R,1.0,R,0.0,R,0.0,R,1.0,R,1.0,R,100.0,R,7.0
214157,2018,R,448.0,R,633.0,R,71.0,R,477.0,R,1.0,R,1.0,R,477.0,R,384.0,R,81.0,R,0.0,R,0.0,R,0.0,R,0.0,R,0.0,A,,R,11.0
214166,2018,R,246.0,R,916.0,R,27.0,R,128.0,Z,0.0,Z,0.0,R,128.0,R,92.0,R,72.0,R,1.0,Z,0.0,Z,0.0,R,1.0,R,1.0,R,100.0,R,11.0
214175,2018,R,548.0,R,629.0,R,87.0,R,564.0,R,0.0,R,0.0,R,564.0,R,496.0,R,88.0,A,,A,,A,,A,,A,,A,,R,10.0
214272,2018,R,421.0,R,614.0,R,69.0,R,360.0,R,0.0,R,0.0,R,360.0,R,254.0,R,71.0,R,0.0,R,0.0,R,0.0,R,0.0,R,0.0,A,,R,14.0
214290,2018,A,,A,,A,,R,181.0,R,0.0,R,0.0,R,181.0,R,139.0,R,77.0,A,,A,,A,,A,,A,,A,,R,11.0
214379,2018,R,1308.0,R,3450.0,R,38.0,R,1418.0,R,1.0,R,0.0,R,1417.0,R,787.0,R,56.0,R,592.0,R,0.0,R,0.0,R,592.0,R,268.0,R,45.0,R,19.0
214476,2018,A,,A,,A,,R,3.0,R,0.0,R,0.0,R,3.0,R,3.0,R,100.0,R,1.0,R,0.0,R,0.0,R,1.0,R,1.0,R,100.0,R,11.0
214528,2018,A,,A,,A,,R,71.0,R,0.0,R,0.0,R,71.0,R,51.0,R,72.0,R,0.0,R,0.0,R,0.0,R,0.0,R,0.0,A,,R,20.0
214582,2018,R,80.0,R,164.0,R,49.0,R,94.0,Z,0.0,Z,0.0,R,94.0,R,43.0,R,46.0,R,61.0,Z,0.0,Z,0.0,R,61.0,R,13.0,R,21.0,R,11.0
214591,2018,R,1060.0,R,1198.0,R,88.0,R,1043.0,R,1.0,R,0.0,R,1042.0,R,879.0,R,84.0,R,4.0,R,0.0,R,0.0,R,4.0,R,1.0,R,25.0,R,13.0
214625,2018,R,163.0,R,219.0,R,74.0,R,118.0,R,0.0,R,0.0,R,118.0,R,92.0,R,78.0,R,0.0,R,0.0,R,0.0,R,0.0,R,0.0,A,,R,11.0
214634,2018,R,62.0,R,202.0,R,31.0,R,36.0,R,0.0,R,0.0,R,36.0,R,22.0,R,61.0,R,1.0,R,0.0,R,0.0,R,1.0,R,0.0,R,0.0,R,8.0
214643,2018,R,88.0,R,151.0,R,58.0,R,100.0,R,0.0,R,0.0,R,100.0,R,84.0,R,84.0,R,1.0,R,0.0,R,0.0,R,1.0,R,0.0,R,0.0,R,10.0
214652,2018,R,224.0,R,286.0,R,78.0,R,254.0,R,0.0,R,0.0,R,254.0,R,201.0,R,79.0,R,6.0,R,0.0,R,0.0,R,6.0,R,3.0,R,50.0,R,13.0
214670,2018,R,230.0,R,382.0,R,60.0,R,237.0,R,0.0,R,0.0,R,237.0,R,189.0,R,80.0,R,4.0,R,0.0,R,0.0,R,4.0,R,2.0,R,50.0,R,14.0
214689,2018,R,1133.0,R,1277.0,R,89.0,R,1258.0,R,0.0,R,0.0,R,1258.0,R,1018.0,R,81.0,R,9.0,R,0.0,R,0.0,R,9.0,R,5.0,R,56.0,R,14.0
214698,2018,R,184.0,R,272.0,R,68.0,R,184.0,R,0.0,R,0.0,R,184.0,R,133.0,R,72.0,R,0.0,R,0.0,R,0.0,R,0.0,R,0.0,A,,R,13.0
214704,2018,R,588.0,R,845.0,R,70.0,R,668.0,R,1.0,R,0.0,R,667.0,R,497.0,R,75.0,R,11.0,R,0.0,R,0.0,R,11.0,R,4.0,R,36.0,R,15.0
214713,2018,R,981.0,R,1381.0,R,71.0,R,948.0,R,1.0,R,0.0,R,947.0,R,815.0,R,86.0,R,11.0,R,0.0,R,0.0,R,11.0,R,4.0,R,36.0,R,15.0
214731,2018,R,381.0,R,474.0,R,80.0,R,412.0,R,0.0,R,0.0,R,412.0,R,298.0,R,72.0,R,7.0,R,0.0,R,0.0,R,7.0,R,1.0,R,14.0,R,13.0
214740,2018,R,139.0,R,260.0,R,53.0,R,85.0,R,0.0,R,0.0,R,85.0,R,60.0,R,71.0,R,0.0,R,0.0,R,0.0,R,0.0,R,0.0,A,,R,11.0
214759,2018,R,189.0,R,239.0,R,79.0,R,153.0,R,0.0,R,0.0,R,153.0,R,111.0,R,73.0,R,1.0,R,0.0,R,0.0,R,1.0,R,1.0,R,100.0,R,11.0
214768,2018,R,195.0,R,287.0,R,68.0,R,177.0,R,0.0,R,0.0,R,177.0,R,130.0,R,73.0,R,2.0,R,0.0,R,0.0,R,2.0,R,1.0,R,50.0,R,11.0
214777,2018,R,8055.0,R,8673.0,R,93.0,R,7832.0,R,1.0,R,0.0,R,7831.0,R,7287.0,R,93.0,R,31.0,R,0.0,R,0.0,R,31.0,R,21.0,R,68.0,R,14.0
214786,2018,R,116.0,R,161.0,R,72.0,R,114.0,R,1.0,R,0.0,R,113.0,R,94.0,R,83.0,R,1.0,R,0.0,R,0.0,R,1.0,R,1.0,R,100.0,R,9.0
214795,2018,R,208.0,R,368.0,R,57.0,R,160.0,R,0.0,R,0.0,R,160.0,R,127.0,R,79.0,A,,A,,A,,A,,A,,A,,R,9.0
214801,2018,R,1039.0,R,1299.0,R,80.0,R,1032.0,R,0.0,R,0.0,R,1032.0,R,816.0,R,79.0,R,12.0,R,0.0,R,0.0,R,12.0,R,5.0,R,42.0,R,16.0
214810,2018,R,138.0,R,225.0,R,61.0,R,149.0,R,1.0,R,0.0,R,148.0,R,114.0,R,77.0,R,3.0,R,0.0,R,0.0,R,3.0,R,2.0,R,67.0,R,11.0
214829,2018,R,252.0,R,357.0,R,71.0,R,277.0,R,0.0,R,0.0,R,277.0,R,235.0,R,85.0,R,6.0,R,0.0,R,0.0,R,6.0,R,3.0,R,50.0,R,14.0
214883,2018,R,10.0,R,261.0,R,4.0,R,0.0,R,0.0,R,0.0,R,0.0,R,0.0,A,,R,6.0,R,0.0,R,0.0,R,6.0,R,6.0,R,100.0,R,9.0
214892,2018,R,73.0,R,73.0,R,100.0,R,62.0,R,0.0,R,0.0,R,62.0,R,43.0,R,69.0,A,,A,,A,,A,,A,,A,,R,14.0
214944,2018,A,,A,,A,,R,50.0,R,0.0,R,0.0,R,50.0,R,37.0,R,74.0,R,33.0,R,0.0,R,0.0,R,33.0,R,22.0,R,67.0,R,13.0
214971,2018,R,34.0,R,61.0,R,56.0,R,37.0,R,0.0,R,0.0,R,37.0,R,32.0,R,86.0,R,0.0,R,0.0,R,0.0,R,0.0,R,0.0,A,,R,7.0
215008,2018,A,,A,,A,,R,18.0,R,0.0,R,0.0,R,18.0,R,17.0,R,94.0,A,,A,,A,,A,,A,,A,,R,15.0
215044,2018,A,,A,,A,,A,,A,,A,,A,,A,,A,,A,,A,,A,,A,,A,,A,,R,30.0
215053,2018,R,54.0,R,72.0,R,75.0,R,71.0,R,0.0,R,0.0,R,71.0,R,57.0,R,80.0,R,1.0,R,0.0,R,0.0,R,1.0,R,0.0,R,0.0,R,10.0
215062,2018,R,2457.0,R,3236.0,R,76.0,R,2412.0,R,5.0,R,0.0,R,2407.0,R,2367.0,R,98.0,R,37.0,R,0.0,R,0.0,R,37.0,R,33.0,R,89.0,R,6.0
215105,2018,R,425.0,R,524.0,R,81.0,R,410.0,R,1.0,R,0.0,R,409.0,R,342.0,R,84.0,A,,A,,A,,A,,A,,A,,R,8.0
215114,2018,R,186.0,R,268.0,R,69.0,R,140.0,R,0.0,R,0.0,R,140.0,R,112.0,R,80.0,R,0.0,R,0.0,R,0.0,R,0.0,R,0.0,A,,R,11.0
215132,2018,R,321.0,R,367.0,R,87.0,R,352.0,Z,0.0,Z,0.0,R,352.0,R,297.0,R,84.0,R,1.0,Z,0.0,Z,0.0,R,1.0,R,0.0,R,0.0,R,7.0
215239,2018,R,1505.0,R,4636.0,R,32.0,R,1526.0,R,0.0,R,0.0,R,1526.0,R,829.0,R,54.0,R,2175.0,R,0.0,R,0.0,R,2175.0,R,916.0,R,42.0,R,15.0
215266,2018,R,355.0,R,480.0,R,74.0,R,284.0,Z,0.0,Z,0.0,R,284.0,R,196.0,R,69.0,R,1.0,Z,0.0,Z,0.0,R,1.0,R,1.0,R,100.0,R,15.0
215275,2018,R,398.0,R,522.0,R,76.0,R,430.0,Z,0.0,Z,0.0,R,430.0,R,289.0,R,67.0,R,3.0,Z,0.0,Z,0.0,R,3.0,R,3.0,R,100.0,R,18.0
215284,2018,R,662.0,R,779.0,R,85.0,R,762.0,Z,0.0,Z,0.0,R,762.0,R,553.0,R,73.0,R,0.0,Z,0.0,Z,0.0,R,0.0,R,0.0,A,,R,17.0
215293,2018,R,4126.0,R,5140.0,R,80.0,R,4012.0,R,4.0,Z,0.0,R,4008.0,R,3736.0,R,93.0,R,7.0,Z,0.0,Z,0.0,R,7.0,R,3.0,R,43.0,R,14.0
215309,2018,R,74.0,R,98.0,R,76.0,R,100.0,Z,0.0,Z,0.0,R,100.0,R,60.0,R,60.0,R,3.0,Z,0.0,Z,0.0,R,3.0,R,1.0,R,33.0,R,7.0
215336,2018,A,,A,,A,,R,11.0,R,0.0,R,0.0,R,11.0,R,6.0,R,55.0,A,,A,,A,,A,,A,,A,,R,9.0
215381,2018,R,144.0,R,187.0,R,77.0,R,134.0,R,0.0,R,0.0,R,134.0,R,99.0,R,74.0,A,,A,,A,,A,,A,,A,,R,13.0
215390,2018,A,,A,,A,,R,58.0,Z,0.0,Z,0.0,R,58.0,R,56.0,R,97.0,A,,A,,A,,A,,A,,A,,R,17.0
215415,2018,R,631.0,R,885.0,R,71.0,R,20.0,R,0.0,R,0.0,R,20.0,R,17.0,R,85.0,A,,A,,A,,A,,A,,A,,R,19.0
215442,2018,R,603.0,R,968.0,R,62.0,R,633.0,R,0.0,R,0.0,R,633.0,R,483.0,R,76.0,R,3.0,R,0.0,R,0.0,R,3.0,R,1.0,R,33.0,R,12.0
215479,2018,A,,A,,A,,A,,A,,A,,A,,A,,A,,A,,A,,A,,A,,A,,A,,R,7.0
215530,2018,A,,A,,A,,R,24.0,R,0.0,R,0.0,R,24.0,R,21.0,R,88.0,R,14.0,R,0.0,R,0.0,R,14.0,R,11.0,R,79.0,R,11.0
215585,2018,R,388.0,R,1632.0,R,24.0,R,306.0,R,0.0,R,0.0,R,306.0,R,179.0,R,58.0,R,444.0,R,0.0,R,0.0,R,444.0,R,207.0,R,47.0,R,19.0
215594,2018,A,,A,,A,,R,25.0,R,0.0,R,0.0,R,25.0,R,15.0,R,60.0,R,4.0,R,0.0,R,0.0,R,4.0,R,3.0,R,75.0,R,8.0
215637,2018,R,118.0,R,118.0,R,100.0,R,100.0,R,0.0,R,0.0,R,100.0,R,87.0,R,87.0,A,,A,,A,,A,,A,,A,,R,21.0
215655,2018,R,815.0,R,1076.0,R,76.0,R,868.0,R,0.0,R,0.0,R,868.0,R,703.0,R,81.0,R,3.0,R,0.0,R,3.0,R,6.0,R,2.0,R,33.0,R,15.0
215682,2018,R,257.0,R,257.0,R,100.0,R,153.0,R,0.0,R,0.0,R,153.0,R,92.0,R,60.0,A,,A,,A,,A,,A,,A,,R,15.0
215691,2018,R,91.0,R,146.0,R,62.0,R,140.0,R,0.0,R,2.0,R,142.0,R,101.0,R,71.0,R,0.0,Z,0.0,Z,0.0,R,0.0,Z,0.0,A,,R,11.0
215743,2018,R,342.0,R,687.0,R,50.0,R,348.0,R,1.0,R,0.0,R,347.0,R,263.0,R,76.0,R,0.0,R,0.0,R,0.0,R,0.0,R,0.0,A,,R,14.0
215770,2018,R,1127.0,R,1353.0,R,83.0,R,1075.0,R,1.0,R,0.0,R,1074.0,R,955.0,R,89.0,R,1.0,R,0.0,R,0.0,R,1.0,R,1.0,R,100.0,R,11.0
215798,2018,R,417.0,R,496.0,R,84.0,R,456.0,R,0.0,R,0.0,R,456.0,R,374.0,R,82.0,A,,A,,A,,A,,A,,A,,R,11.0
215886,2018,A,,A,,A,,R,28.0,R,0.0,R,0.0,R,28.0,R,26.0,R,93.0,R,22.0,R,0.0,R,0.0,R,22.0,R,18.0,R,82.0,R,10.0
215929,2018,R,940.0,R,1068.0,R,88.0,R,902.0,R,0.0,R,0.0,R,902.0,R,784.0,R,87.0,R,1.0,R,0.0,R,0.0,R,1.0,R,1.0,R,100.0,R,13.0
215947,2018,R,380.0,R,478.0,R,79.0,R,424.0,R,0.0,R,0.0,R,424.0,R,348.0,R,82.0,R,0.0,R,0.0,R,0.0,R,0.0,R,0.0,A,,R,14.0
215974,2018,A,,A,,A,,R,11.0,R,0.0,R,0.0,R,11.0,R,9.0,R,82.0,R,0.0,R,0.0,R,0.0,R,0.0,R,0.0,A,,R,4.0
215983,2018,A,,A,,A,,R,5.0,R,0.0,R,0.0,R,5.0,R,4.0,R,80.0,A,,A,,A,,A,,A,,A,,R,2.0
215992,2018,R,51.0,R,102.0,R,50.0,R,49.0,R,0.0,R,0.0,R,49.0,R,31.0,R,63.0,R,18.0,Z,0.0,R,0.0,R,18.0,R,14.0,R,78.0,R,9.0
216010,2018,R,1352.0,R,1772.0,R,76.0,R,1209.0,R,0.0,Z,0.0,R,1209.0,R,874.0,R,72.0,R,9.0,R,0.0,Z,0.0,R,9.0,R,3.0,R,33.0,R,16.0
216038,2018,R,1553.0,R,2156.0,R,72.0,R,1596.0,R,10.0,Z,0.0,R,1586.0,R,1284.0,R,81.0,R,1.0,R,0.0,Z,0.0,R,1.0,R,1.0,R,100.0,R,21.0
216047,2018,R,12.0,R,21.0,R,57.0,R,8.0,R,0.0,R,0.0,R,8.0,R,8.0,R,100.0,R,0.0,R,0.0,R,0.0,R,0.0,R,0.0,A,,R,7.0
216074,2018,A,,A,,A,,R,86.0,R,0.0,R,0.0,R,86.0,R,80.0,R,93.0,R,54.0,R,0.0,R,0.0,R,54.0,R,46.0,R,85.0,R,8.0
216083,2018,R,129.0,R,205.0,R,63.0,R,109.0,R,1.0,R,0.0,R,108.0,R,82.0,R,76.0,R,5.0,R,0.0,R,0.0,R,5.0,R,3.0,R,60.0,R,7.0
216162,2018,A,,A,,A,,A,,A,,A,,A,,A,,A,,A,,A,,A,,A,,A,,A,,R,7.0
216223,2018,A,,A,,A,,R,19.0,Z,0.0,Z,0.0,R,19.0,R,15.0,R,79.0,A,,A,,A,,A,,A,,A,,R,5.0
216278,2018,R,619.0,R,706.0,R,88.0,R,634.0,R,1.0,R,0.0,R,633.0,R,507.0,R,80.0,R,0.0,R,0.0,R,0.0,R,0.0,R,0.0,A,,R,12.0
216287,2018,R,414.0,R,447.0,R,93.0,R,392.0,R,0.0,R,0.0,R,392.0,R,380.0,R,97.0,A,,A,,A,,A,,A,,A,,R,8.0
216296,2018,R,524.0,R,649.0,R,81.0,R,562.0,R,0.0,R,0.0,R,562.0,R,452.0,R,80.0,R,0.0,R,0.0,R,0.0,R,0.0,R,0.0,A,,R,16.0
216311,2018,R,36.0,R,37.0,R,97.0,R,38.0,Z,0.0,Z,0.0,R,38.0,R,37.0,R,97.0,A,,A,,A,,A,,A,,A,,R,19.0
216339,2018,R,5009.0,R,7646.0,R,66.0,R,5141.0,R,1.0,R,0.0,R,5140.0,R,4559.0,R,89.0,R,30.0,R,0.0,R,0.0,R,30.0,R,20.0,R,67.0,R,14.0
216357,2018,R,236.0,R,251.0,R,94.0,R,186.0,R,0.0,R,0.0,R,186.0,R,108.0,R,58.0,A,,A,,A,,A,,A,,A,,R,11.0
216366,2018,R,563.0,R,1309.0,R,43.0,R,481.0,R,0.0,R,0.0,R,481.0,R,388.0,R,81.0,R,7.0,R,0.0,R,0.0,R,7.0,R,0.0,R,0.0,R,12.0
216418,2018,A,,A,,A,,R,37.0,Z,0.0,Z,0.0,R,37.0,R,21.0,R,57.0,A,,A,,A,,A,,A,,A,,R,9.0
216427,2018,R,6.0,R,7.0,R,86.0,R,19.0,R,0.0,R,0.0,R,19.0,R,14.0,R,74.0,A,,A,,A,,A,,A,,A,,R,5.0
216436,2018,R,58.0,R,83.0,R,70.0,R,41.0,R,0.0,R,0.0,R,41.0,R,31.0,R,76.0,A,,A,,A,,A,,A,,A,,R,9.0
216445,2018,R,38.0,R,70.0,R,54.0,R,35.0,R,0.0,R,0.0,R,35.0,R,32.0,R,91.0,A,,A,,A,,A,,A,,A,,R,8.0
216454,2018,R,44.0,R,59.0,R,75.0,R,61.0,Z,0.0,Z,0.0,R,61.0,R,51.0,R,84.0,A,,A,,A,,A,,A,,A,,R,10.0
216524,2018,R,378.0,R,416.0,R,91.0,R,402.0,R,0.0,R,0.0,R,402.0,R,357.0,R,89.0,A,,A,,A,,A,,A,,A,,R,10.0
216542,2018,R,103.0,R,160.0,R,64.0,R,97.0,R,0.0,R,0.0,R,97.0,R,71.0,R,73.0,R,4.0,R,0.0,R,0.0,R,4.0,R,1.0,R,25.0,R,10.0
216551,2018,R,168.0,R,185.0,R,91.0,R,158.0,R,0.0,R,0.0,R,158.0,R,90.0,R,57.0,A,,A,,A,,A,,A,,A,,R,8.0
216579,2018,A,,A,,A,,R,47.0,Z,0.0,Z,0.0,R,47.0,R,40.0,R,85.0,A,,A,,A,,A,,A,,A,,R,24.0
216597,2018,R,1685.0,R,1827.0,R,92.0,R,1713.0,R,0.0,R,0.0,R,1713.0,R,1646.0,R,96.0,R,11.0,R,0.0,R,0.0,R,11.0,R,0.0,R,0.0,R,11.0
216630,2018,A,,A,,A,,A,,A,,A,,A,,A,,A,,A,,A,,A,,A,,A,,A,,R,6.0
216667,2018,R,351.0,R,388.0,R,90.0,R,339.0,R,0.0,R,0.0,R,339.0,R,276.0,R,81.0,R,0.0,R,0.0,R,0.0,R,0.0,R,0.0,A,,R,11.0
216694,2018,R,325.0,R,366.0,R,89.0,R,400.0,R,5.0,R,0.0,R,395.0,R,309.0,R,78.0,R,0.0,R,0.0,R,0.0,R,0.0,R,0.0,A,,R,13.0
216746,2018,A,,A,,A,,R,20.0,R,0.0,R,0.0,R,20.0,R,17.0,R,85.0,R,4.0,R,0.0,R,0.0,R,4.0,R,3.0,R,75.0,R,15.0
216764,2018,R,2771.0,R,4232.0,R,65.0,R,2620.0,R,1.0,Z,0.0,R,2619.0,R,2211.0,R,84.0,R,10.0,R,0.0,Z,0.0,R,10.0,R,6.0,R,60.0,R,19.0
216773,2018,A,,A,,A,,R,14.0,R,0.0,R,0.0,R,14.0,R,10.0,R,71.0,A,,A,,A,,A,,A,,A,,R,11.0
216782,2018,A,,A,,A,,R,38.0,R,0.0,R,0.0,R,38.0,R,21.0,R,55.0,R,24.0,Z,0.0,Z,0.0,R,24.0,R,14.0,R,58.0,R,9.0
216807,2018,R,348.0,R,389.0,R,89.0,R,332.0,R,0.0,R,0.0,R,332.0,R,254.0,R,77.0,A,,A,,A,,A,,A,,A,,R,11.0
216825,2018,R,577.0,R,1832.0,R,31.0,R,653.0,R,1.0,R,0.0,R,652.0,R,369.0,R,57.0,R,313.0,R,0.0,R,0.0,R,313.0,R,134.0,R,43.0,R,14.0
216852,2018,R,768.0,R,1041.0,R,74.0,R,770.0,R,0.0,R,0.0,R,770.0,R,597.0,R,78.0,R,1.0,R,0.0,R,0.0,R,1.0,R,0.0,R,0.0,R,13.0
216931,2018,R,631.0,R,834.0,R,76.0,R,580.0,R,0.0,R,0.0,R,580.0,R,441.0,R,76.0,R,27.0,R,0.0,R,0.0,R,27.0,R,14.0,R,52.0,R,12.0
216940,2018,R,90.0,R,99.0,R,91.0,R,92.0,R,0.0,R,0.0,R,92.0,R,72.0,R,78.0,A,,A,,A,,A,,A,,A,,R,10.0
217013,2018,R,189.0,R,346.0,R,55.0,R,164.0,R,0.0,R,0.0,R,164.0,R,124.0,R,76.0,R,1.0,R,0.0,R,0.0,R,1.0,R,1.0,R,100.0,R,12.0
217040,2018,R,9.0,R,10.0,R,90.0,R,4.0,R,0.0,R,0.0,R,4.0,R,3.0,R,75.0,A,,A,,A,,A,,A,,A,,R,6.0
217059,2018,R,975.0,R,1225.0,R,80.0,R,993.0,R,0.0,R,0.0,R,993.0,R,763.0,R,77.0,R,4.0,R,0.0,R,0.0,R,4.0,R,3.0,R,75.0,R,14.0
217077,2018,A,,A,,A,,R,81.0,Z,0.0,Z,0.0,R,81.0,R,53.0,R,65.0,A,,A,,A,,A,,A,,A,,R,14.0
217156,2018,R,1652.0,R,1893.0,R,87.0,R,1637.0,R,1.0,R,0.0,R,1636.0,R,1609.0,R,98.0,A,,A,,A,,A,,A,,A,,R,6.0
217165,2018,R,866.0,R,965.0,R,90.0,R,892.0,R,0.0,R,0.0,R,892.0,R,802.0,R,90.0,R,0.0,Z,0.0,Z,0.0,R,0.0,Z,0.0,A,,R,13.0
217235,2018,R,1424.0,R,1762.0,R,81.0,R,1466.0,R,0.0,R,0.0,R,1466.0,R,1043.0,R,71.0,R,10.0,R,0.0,R,0.0,R,10.0,R,3.0,R,30.0,R,18.0
217305,2018,R,525.0,R,615.0,R,85.0,R,0.0,R,0.0,R,0.0,R,0.0,R,0.0,A,,A,,A,,A,,A,,A,,A,,R,13.0
217323,2018,A,,A,,A,,R,213.0,R,0.0,R,0.0,R,213.0,R,149.0,R,70.0,A,,A,,A,,A,,A,,A,,R,8.0
217402,2018,R,1121.0,R,1254.0,R,89.0,R,1063.0,R,0.0,R,0.0,R,1063.0,R,986.0,R,93.0,R,1.0,Z,0.0,Z,0.0,R,1.0,Z,0.0,R,0.0,R,11.0
217420,2018,R,830.0,R,1547.0,R,54.0,R,1023.0,R,0.0,R,0.0,R,1023.0,R,744.0,R,73.0,R,17.0,R,0.0,R,0.0,R,17.0,R,6.0,R,35.0,R,14.0
217475,2018,R,2581.0,R,4385.0,R,59.0,R,1653.0,R,0.0,R,0.0,R,1653.0,R,1097.0,R,66.0,R,800.0,R,0.0,R,0.0,R,800.0,R,369.0,R,46.0,R,18.0
217484,2018,R,3039.0,R,4669.0,R,65.0,R,3163.0,R,0.0,R,0.0,R,3163.0,R,2611.0,R,83.0,R,8.0,R,0.0,R,0.0,R,8.0,R,1.0,R,13.0,R,16.0
217493,2018,R,473.0,R,519.0,R,91.0,R,451.0,R,0.0,R,0.0,R,451.0,R,422.0,R,94.0,A,,A,,A,,A,,A,,A,,R,9.0
217518,2018,R,1040.0,R,1319.0,R,79.0,R,1135.0,Z,0.0,Z,0.0,R,1135.0,R,921.0,R,81.0,A,,A,,A,,A,,A,,A,,R,14.0
217536,2018,R,493.0,R,551.0,R,89.0,R,590.0,R,0.0,R,0.0,R,590.0,R,489.0,R,83.0,R,0.0,R,0.0,R,0.0,R,0.0,R,0.0,A,,R,13.0
217572,2018,A,,A,,A,,A,,A,,A,,A,,A,,A,,A,,A,,A,,A,,A,,A,,R,6.0
217581,2018,A,,A,,A,,R,20.0,R,0.0,Z,0.0,R,20.0,R,12.0,R,60.0,R,4.0,R,0.0,Z,0.0,R,4.0,R,2.0,R,50.0,R,16.0
217606,2018,R,46.0,R,79.0,R,58.0,R,57.0,R,0.0,R,0.0,R,57.0,R,36.0,R,63.0,R,4.0,R,0.0,R,0.0,R,4.0,R,0.0,R,0.0,R,20.0
217615,2018,R,236.0,R,832.0,R,28.0,R,221.0,R,0.0,R,0.0,R,221.0,R,129.0,R,58.0,R,350.0,R,0.0,R,0.0,R,350.0,R,135.0,R,39.0,R,13.0
217624,2018,R,263.0,R,308.0,R,85.0,R,183.0,R,0.0,R,0.0,R,183.0,R,67.0,R,37.0,R,6.0,R,0.0,R,0.0,R,6.0,R,5.0,R,83.0,R,16.0
217633,2018,R,642.0,R,976.0,R,66.0,R,679.0,R,0.0,R,0.0,R,679.0,R,539.0,R,79.0,R,2.0,R,0.0,R,0.0,R,2.0,R,1.0,R,50.0,R,15.0
217688,2018,R,582.0,R,879.0,R,66.0,R,627.0,R,3.0,R,0.0,R,624.0,R,418.0,R,67.0,R,4.0,R,0.0,R,0.0,R,4.0,R,0.0,R,0.0,R,12.0
217712,2018,R,192.0,R,902.0,R,21.0,R,206.0,R,0.0,R,0.0,R,206.0,R,97.0,R,47.0,R,302.0,R,0.0,R,0.0,R,302.0,R,105.0,R,35.0,R,14.0
217721,2018,R,705.0,R,807.0,R,87.0,R,557.0,R,0.0,R,0.0,R,557.0,R,315.0,R,57.0,R,1.0,R,0.0,R,0.0,R,1.0,R,0.0,R,0.0,R,17.0
217749,2018,R,594.0,R,928.0,R,64.0,R,549.0,R,0.0,R,0.0,R,549.0,R,452.0,R,82.0,R,6.0,R,0.0,R,0.0,R,6.0,R,3.0,R,50.0,R,12.0
217776,2018,R,206.0,R,404.0,R,51.0,R,197.0,R,0.0,R,0.0,R,197.0,R,134.0,R,68.0,R,4.0,R,0.0,R,0.0,R,4.0,R,1.0,R,25.0,R,14.0
217794,2018,A,,A,,A,,R,67.0,Z,0.0,Z,0.0,R,67.0,R,53.0,R,79.0,R,19.0,R,0.0,R,0.0,R,19.0,R,13.0,R,68.0,R,10.0
217819,2018,R,2197.0,R,2877.0,R,76.0,R,1838.0,R,0.0,R,0.0,R,1838.0,R,1458.0,R,79.0,R,2.0,R,0.0,R,0.0,R,2.0,R,1.0,R,50.0,R,15.0
217828,2018,A,,A,,A,,R,27.0,R,0.0,R,0.0,R,27.0,R,20.0,R,74.0,R,10.0,R,0.0,R,0.0,R,10.0,R,7.0,R,70.0,R,15.0
217837,2018,R,158.0,R,600.0,R,26.0,R,148.0,R,0.0,R,0.0,R,148.0,R,91.0,R,61.0,R,101.0,R,0.0,R,0.0,R,101.0,R,39.0,R,39.0,R,19.0
217864,2018,R,703.0,R,855.0,R,82.0,R,687.0,R,0.0,R,0.0,R,687.0,R,576.0,R,84.0,R,0.0,R,0.0,R,0.0,R,0.0,R,0.0,A,,R,12.0
217873,2018,R,572.0,R,690.0,R,83.0,R,519.0,R,0.0,R,0.0,R,519.0,R,393.0,R,76.0,R,0.0,R,0.0,R,0.0,R,0.0,R,0.0,A,,R,14.0
217882,2018,R,3785.0,R,5371.0,R,70.0,R,3646.0,R,0.0,R,0.0,R,3646.0,R,3403.0,R,93.0,R,3.0,R,0.0,R,0.0,R,3.0,R,1.0,R,33.0,R,16.0
217891,2018,R,131.0,R,147.0,R,89.0,R,17.0,Z,0.0,Z,0.0,R,17.0,R,7.0,R,41.0,A,,A,,A,,A,,A,,A,,R,15.0
217907,2018,R,293.0,R,516.0,R,57.0,R,207.0,R,1.0,R,0.0,R,206.0,R,105.0,R,51.0,R,3.0,R,0.0,R,0.0,R,3.0,R,2.0,R,67.0,R,12.0
217925,2018,R,109.0,R,198.0,R,55.0,R,87.0,R,0.0,R,0.0,R,87.0,R,75.0,R,86.0,R,1.0,R,0.0,R,0.0,R,1.0,R,0.0,R,0.0,R,15.0
217934,2018,R,160.0,R,345.0,R,46.0,R,159.0,R,0.0,R,0.0,R,159.0,R,112.0,R,70.0,R,0.0,R,0.0,R,0.0,R,0.0,R,0.0,A,,R,11.0
217961,2018,R,208.0,R,235.0,R,89.0,R,269.0,R,0.0,R,0.0,R,269.0,R,188.0,R,70.0,R,3.0,R,0.0,R,0.0,R,3.0,R,1.0,R,33.0,R,12.0
217989,2018,R,96.0,R,224.0,R,43.0,R,106.0,R,0.0,R,0.0,R,106.0,R,47.0,R,44.0,R,13.0,R,0.0,R,0.0,R,13.0,R,4.0,R,31.0,R,12.0
217998,2018,R,166.0,R,199.0,R,83.0,R,178.0,R,0.0,R,0.0,R,178.0,R,96.0,R,54.0,R,1.0,R,0.0,R,0.0,R,1.0,R,0.0,R,0.0,R,12.0
218025,2018,R,569.0,R,1285.0,R,44.0,R,583.0,R,0.0,R,0.0,R,583.0,R,290.0,R,50.0,R,782.0,R,0.0,R,0.0,R,782.0,R,195.0,R,25.0,R,16.0
218043,2018,R,11.0,R,18.0,R,61.0,R,14.0,R,1.0,R,0.0,R,13.0,R,10.0,R,77.0,R,2.0,R,0.0,R,0.0,R,2.0,R,2.0,R,100.0,R,11.0
218061,2018,R,726.0,R,1301.0,R,56.0,R,688.0,R,0.0,R,0.0,R,688.0,R,461.0,R,67.0,R,0.0,R,0.0,R,0.0,R,0.0,R,0.0,A,,R,15.0
218070,2018,R,713.0,R,774.0,R,92.0,R,700.0,R,0.0,R,0.0,R,700.0,R,619.0,R,88.0,R,2.0,R,0.0,R,0.0,R,2.0,R,1.0,R,50.0,R,10.0
218113,2018,R,1460.0,R,3578.0,R,41.0,R,1693.0,R,0.0,R,0.0,R,1693.0,R,843.0,R,50.0,R,547.0,R,0.0,R,0.0,R,547.0,R,177.0,R,32.0,R,15.0
218140,2018,R,1010.0,R,2465.0,R,41.0,R,981.0,R,0.0,R,0.0,R,981.0,R,489.0,R,50.0,R,280.0,R,0.0,R,0.0,R,280.0,R,106.0,R,38.0,R,24.0
218159,2018,A,,A,,A,,R,5.0,R,0.0,R,0.0,R,5.0,R,3.0,R,60.0,R,1.0,R,0.0,R,0.0,R,1.0,R,1.0,R,100.0,R,20.0
218195,2018,A,,A,,A,,R,6.0,R,0.0,R,0.0,R,6.0,R,3.0,R,50.0,R,1.0,R,0.0,R,0.0,R,1.0,R,1.0,R,100.0,R,20.0
218229,2018,R,870.0,R,1145.0,R,76.0,R,765.0,R,0.0,R,0.0,R,765.0,R,488.0,R,64.0,R,0.0,R,0.0,R,0.0,R,0.0,R,0.0,A,,R,16.0
218238,2018,R,359.0,R,726.0,R,49.0,R,367.0,R,0.0,R,0.0,R,367.0,R,192.0,R,52.0,R,12.0,R,0.0,R,0.0,R,12.0,R,3.0,R,25.0,R,13.0
218335,2018,A,,A,,A,,A,,A,,A,,A,,A,,A,,A,,A,,A,,A,,A,,A,,R,10.0
218353,2018,R,1563.0,R,3868.0,R,40.0,R,1572.0,R,0.0,R,0.0,R,1572.0,R,754.0,R,48.0,R,818.0,R,0.0,R,0.0,R,818.0,R,285.0,R,35.0,R,18.0
218399,2018,R,196.0,R,235.0,R,83.0,R,236.0,R,1.0,R,0.0,R,235.0,R,118.0,R,50.0,R,0.0,R,0.0,R,0.0,R,0.0,R,0.0,A,,R,15.0
218414,2018,R,374.0,R,457.0,R,82.0,R,353.0,R,0.0,R,0.0,R,353.0,R,215.0,R,61.0,A,,A,,A,,A,,A,,A,,R,13.0
218441,2018,R,497.0,R,873.0,R,57.0,R,530.0,R,0.0,R,0.0,R,530.0,R,388.0,R,73.0,R,6.0,R,0.0,R,0.0,R,6.0,R,3.0,R,50.0,R,14.0
218487,2018,R,251.0,R,1025.0,R,24.0,R,277.0,R,0.0,R,0.0,R,277.0,R,163.0,R,59.0,R,97.0,R,0.0,R,0.0,R,97.0,R,29.0,R,30.0,R,15.0
218520,2018,R,597.0,R,1809.0,R,33.0,R,526.0,R,0.0,R,0.0,R,526.0,R,280.0,R,53.0,R,385.0,R,0.0,R,0.0,R,385.0,R,138.0,R,36.0,R,16.0
218539,2018,R,310.0,R,443.0,R,70.0,R,276.0,R,0.0,R,0.0,R,276.0,R,211.0,R,76.0,A,,A,,A,,A,,A,,A,,R,11.0
218645,2018,R,542.0,R,1251.0,R,43.0,R,566.0,R,0.0,R,0.0,R,566.0,R,361.0,R,64.0,R,7.0,R,0.0,R,0.0,R,7.0,R,4.0,R,57.0,R,14.0
218654,2018,R,406.0,R,736.0,R,55.0,R,482.0,R,0.0,R,0.0,R,482.0,R,302.0,R,63.0,R,5.0,R,0.0,R,0.0,R,5.0,R,3.0,R,60.0,R,16.0
218663,2018,R,5849.0,R,7976.0,R,73.0,R,5875.0,R,0.0,R,0.0,R,5875.0,R,5172.0,R,88.0,R,4.0,R,0.0,R,0.0,R,4.0,R,2.0,R,50.0,R,17.0
218672,2018,R,315.0,R,625.0,R,50.0,R,303.0,R,0.0,R,0.0,R,303.0,R,162.0,R,53.0,R,17.0,R,0.0,R,0.0,R,17.0,R,8.0,R,47.0,R,14.0
218681,2018,R,264.0,R,340.0,R,78.0,R,227.0,R,0.0,R,0.0,R,227.0,R,103.0,R,45.0,R,14.0,R,0.0,R,0.0,R,14.0,R,4.0,R,29.0,R,16.0
218690,2018,R,246.0,R,415.0,R,59.0,R,265.0,R,0.0,R,0.0,R,265.0,R,137.0,R,52.0,R,5.0,R,0.0,R,0.0,R,5.0,R,3.0,R,60.0,R,15.0
218706,2018,R,176.0,R,975.0,R,18.0,R,179.0,R,0.0,R,0.0,R,179.0,R,74.0,R,41.0,R,2.0,R,0.0,R,0.0,R,2.0,R,0.0,R,0.0,R,18.0
218724,2018,R,2313.0,R,3285.0,R,70.0,R,2381.0,R,0.0,R,0.0,R,2381.0,R,1641.0,R,69.0,R,9.0,R,0.0,R,0.0,R,9.0,R,3.0,R,33.0,R,16.0
218733,2018,R,475.0,R,723.0,R,66.0,R,561.0,R,0.0,R,0.0,R,561.0,R,358.0,R,64.0,R,30.0,R,0.0,R,0.0,R,30.0,R,4.0,R,13.0,R,16.0
218742,2018,R,1008.0,R,2512.0,R,40.0,R,877.0,R,0.0,R,0.0,R,877.0,R,569.0,R,65.0,R,2.0,R,0.0,R,0.0,R,2.0,R,1.0,R,50.0,R,16.0
218821,2018,R,503.0,R,545.0,R,92.0,R,493.0,R,0.0,R,0.0,R,493.0,R,246.0,R,50.0,A,,A,,A,,A,,A,,A,,R,20.0
218830,2018,R,682.0,R,1944.0,R,35.0,R,641.0,R,0.0,R,0.0,R,641.0,R,388.0,R,61.0,R,193.0,R,0.0,R,0.0,R,193.0,R,61.0,R,32.0,R,16.0
218858,2018,R,533.0,R,1255.0,R,42.0,R,549.0,R,0.0,R,0.0,R,549.0,R,306.0,R,56.0,R,240.0,R,0.0,R,0.0,R,240.0,R,94.0,R,39.0,R,16.0
218867,2018,A,,A,,A,,R,5.0,R,0.0,R,0.0,R,5.0,R,4.0,R,80.0,A,,A,,A,,A,,A,,A,,R,5.0
218885,2018,R,1933.0,R,3172.0,R,61.0,R,1827.0,R,0.0,R,0.0,R,1827.0,R,938.0,R,51.0,R,155.0,R,0.0,R,0.0,R,155.0,R,55.0,R,35.0,R,19.0
218894,2018,R,1397.0,R,5198.0,R,27.0,R,1433.0,R,3.0,R,0.0,R,1430.0,R,781.0,R,55.0,R,770.0,R,1.0,R,0.0,R,769.0,R,259.0,R,34.0,R,20.0
218919,2018,R,149.0,R,178.0,R,84.0,R,172.0,R,0.0,R,0.0,R,172.0,R,94.0,R,55.0,R,2.0,R,0.0,R,2.0,R,4.0,R,2.0,R,50.0,R,14.0
218955,2018,R,51.0,R,339.0,R,15.0,R,51.0,R,0.0,R,0.0,R,51.0,R,19.0,R,37.0,R,52.0,R,0.0,R,0.0,R,52.0,R,22.0,R,42.0,R,12.0
218964,2018,R,990.0,R,1596.0,R,62.0,R,1047.0,R,0.0,R,0.0,R,1047.0,R,785.0,R,75.0,R,3.0,R,0.0,R,0.0,R,3.0,R,1.0,R,33.0,R,14.0
218973,2018,R,465.0,R,491.0,R,95.0,R,452.0,R,0.0,R,0.0,R,452.0,R,397.0,R,88.0,A,,A,,A,,A,,A,,A,,R,11.0
218991,2018,R,752.0,R,1686.0,R,45.0,R,833.0,R,0.0,R,0.0,R,833.0,R,442.0,R,53.0,R,258.0,R,0.0,R,0.0,R,258.0,R,83.0,R,32.0,R,17.0
219000,2018,R,455.0,R,555.0,R,82.0,R,481.0,R,2.0,R,0.0,R,479.0,R,407.0,R,85.0,R,0.0,R,0.0,R,0.0,R,0.0,R,0.0,A,,R,12.0
219037,2018,A,,A,,A,,R,21.0,Z,0.0,Z,0.0,R,21.0,R,15.0,R,71.0,A,,A,,A,,A,,A,,A,,R,13.0
219046,2018,R,450.0,R,1447.0,R,31.0,R,456.0,R,0.0,R,0.0,R,456.0,R,283.0,R,62.0,R,31.0,R,0.0,R,0.0,R,31.0,R,12.0,R,39.0,R,18.0
219082,2018,R,389.0,R,1272.0,R,31.0,R,355.0,R,1.0,Z,0.0,R,354.0,R,237.0,R,67.0,R,15.0,Z,0.0,Z,0.0,R,15.0,R,6.0,R,40.0,R,18.0
219091,2018,R,170.0,R,263.0,R,65.0,R,178.0,R,0.0,R,0.0,R,178.0,R,126.0,R,71.0,A,,A,,A,,A,,A,,A,,R,12.0
219125,2018,A,,A,,A,,R,20.0,Z,0.0,Z,0.0,R,20.0,R,13.0,R,65.0,A,,A,,A,,A,,A,,A,,R,12.0
219143,2018,R,634.0,R,1249.0,R,51.0,R,640.0,R,9.0,Z,0.0,R,631.0,R,509.0,R,81.0,R,36.0,R,1.0,Z,0.0,R,35.0,R,21.0,R,60.0,R,17.0
219170,2018,A,,A,,A,,A,,A,,A,,A,,A,,A,,A,,A,,A,,A,,A,,A,,R,11.0
219189,2018,R,346.0,R,650.0,R,53.0,R,378.0,R,0.0,R,0.0,R,378.0,R,306.0,R,81.0,R,10.0,R,0.0,R,0.0,R,10.0,R,9.0,R,90.0,R,13.0
219198,2018,R,126.0,R,205.0,R,61.0,R,109.0,R,0.0,R,0.0,R,109.0,R,77.0,R,71.0,R,11.0,R,0.0,R,0.0,R,11.0,R,9.0,R,82.0,R,13.0
219204,2018,R,7.0,R,314.0,R,2.0,R,0.0,Z,0.0,Z,0.0,R,0.0,Z,0.0,A,,R,0.0,Z,0.0,Z,0.0,R,0.0,Z,0.0,A,,R,10.0
219213,2018,A,,A,,A,,R,0.0,Z,0.0,Z,0.0,R,0.0,R,0.0,A,,R,4.0,Z,0.0,Z,0.0,R,4.0,R,3.0,R,75.0,R,5.0
219259,2018,R,334.0,R,1512.0,R,22.0,R,269.0,R,0.0,R,0.0,R,269.0,R,201.0,R,75.0,R,11.0,R,0.0,R,0.0,R,11.0,R,6.0,R,55.0,R,21.0
219277,2018,R,93.0,R,192.0,R,48.0,R,38.0,R,0.0,R,0.0,R,38.0,R,24.0,R,63.0,R,11.0,R,0.0,R,0.0,R,11.0,R,7.0,R,64.0,R,10.0
219295,2018,R,98.0,R,192.0,R,51.0,R,108.0,R,0.0,R,0.0,R,108.0,R,69.0,R,64.0,R,2.0,R,0.0,R,0.0,R,2.0,R,0.0,R,0.0,R,11.0
219338,2018,A,,A,,A,,A,,A,,A,,A,,A,,A,,A,,A,,A,,A,,A,,A,,R,10.0
219347,2018,R,457.0,R,638.0,R,72.0,R,459.0,R,0.0,R,0.0,R,459.0,R,348.0,R,76.0,R,4.0,R,0.0,R,0.0,R,4.0,R,3.0,R,75.0,R,15.0
219356,2018,R,2114.0,R,3442.0,R,61.0,R,2164.0,R,1.0,R,0.0,R,2163.0,R,1642.0,R,76.0,R,60.0,R,0.0,R,0.0,R,60.0,R,23.0,R,38.0,R,17.0
219374,2018,R,86.0,R,207.0,R,42.0,R,2.0,R,0.0,R,0.0,R,2.0,R,2.0,R,100.0,R,0.0,R,0.0,R,0.0,R,0.0,R,0.0,A,,R,12.0
219383,2018,R,303.0,R,469.0,R,65.0,R,276.0,Z,0.0,Z,0.0,R,276.0,R,201.0,R,73.0,R,4.0,Z,0.0,Z,0.0,R,4.0,R,2.0,R,50.0,R,16.0
219392,2018,A,,A,,A,,A,,A,,A,,A,,A,,A,,A,,A,,A,,A,,A,,A,,R,4.0
219408,2018,R,35.0,R,40.0,R,88.0,R,61.0,R,0.0,R,0.0,R,61.0,R,20.0,R,33.0,R,4.0,R,0.0,R,0.0,R,4.0,R,0.0,R,0.0,R,10.0
219426,2018,R,460.0,R,1000.0,R,46.0,R,477.0,R,3.0,R,0.0,R,474.0,R,344.0,R,73.0,R,61.0,R,0.0,R,0.0,R,61.0,R,36.0,R,59.0,R,14.0
219453,2018,A,,A,,A,,R,22.0,R,0.0,R,0.0,R,22.0,R,21.0,R,95.0,A,,A,,A,,A,,A,,A,,R,9.0
219471,2018,R,1297.0,R,2799.0,R,46.0,R,1186.0,R,1.0,R,0.0,R,1185.0,R,917.0,R,77.0,R,54.0,R,0.0,R,0.0,R,54.0,R,27.0,R,50.0,R,16.0
219480,2018,R,142.0,R,560.0,R,25.0,R,201.0,R,2.0,R,0.0,R,199.0,R,113.0,R,57.0,R,22.0,R,0.0,R,0.0,R,22.0,R,8.0,R,36.0,R,12.0
219505,2018,R,18.0,R,19.0,R,95.0,R,6.0,R,0.0,R,0.0,R,6.0,R,4.0,R,67.0,R,1.0,R,0.0,R,0.0,R,1.0,R,0.0,R,0.0,R,9.0
219587,2018,A,,A,,A,,R,12.0,R,0.0,R,0.0,R,12.0,R,11.0,R,92.0,A,,A,,A,,A,,A,,A,,R,7.0
219596,2018,A,,A,,A,,R,60.0,R,0.0,R,0.0,R,60.0,R,49.0,R,82.0,A,,A,,A,,A,,A,,A,,R,20.0
219602,2018,R,1819.0,R,2968.0,R,61.0,R,1047.0,R,0.0,R,0.0,R,1047.0,R,706.0,R,67.0,R,146.0,R,0.0,R,0.0,R,146.0,R,69.0,R,47.0,R,18.0
219639,2018,R,98.0,R,315.0,R,31.0,R,80.0,R,0.0,R,0.0,R,80.0,R,65.0,R,81.0,R,6.0,R,0.0,R,0.0,R,6.0,R,1.0,R,17.0,R,10.0
219709,2018,R,1561.0,R,2054.0,R,76.0,R,1565.0,R,1.0,R,0.0,R,1564.0,R,1289.0,R,82.0,R,3.0,R,0.0,R,0.0,R,3.0,R,3.0,R,100.0,R,14.0
219718,2018,R,408.0,R,1707.0,R,24.0,R,446.0,R,0.0,R,0.0,R,446.0,R,254.0,R,57.0,R,9.0,R,0.0,R,0.0,R,9.0,R,0.0,R,0.0,R,17.0
219790,2018,R,191.0,R,375.0,R,51.0,R,163.0,R,0.0,R,0.0,R,163.0,R,109.0,R,67.0,R,0.0,Z,0.0,Z,0.0,R,0.0,Z,0.0,A,,R,12.0
219806,2018,R,479.0,R,660.0,R,73.0,R,394.0,R,0.0,R,0.0,R,394.0,R,248.0,R,63.0,R,1.0,R,0.0,R,0.0,R,1.0,R,1.0,R,100.0,R,13.0
219824,2018,R,1667.0,R,2710.0,R,62.0,R,1568.0,R,0.0,R,0.0,R,1568.0,R,768.0,R,49.0,R,174.0,R,0.0,R,0.0,R,174.0,R,78.0,R,45.0,R,16.0
219833,2018,R,393.0,R,583.0,R,67.0,R,384.0,Z,0.0,Z,0.0,R,384.0,R,305.0,R,79.0,Z,0.0,Z,0.0,Z,0.0,R,0.0,R,0.0,A,,R,12.0
219842,2018,A,,A,,A,,A,,A,,A,,A,,A,,A,,A,,A,,A,,A,,A,,A,,R,13.0
219851,2018,A,,A,,A,,R,7.0,R,0.0,R,0.0,R,7.0,R,7.0,R,100.0,A,,A,,A,,A,,A,,A,,R,8.0
219879,2018,R,706.0,R,1004.0,R,70.0,R,681.0,Z,0.0,Z,0.0,R,681.0,R,347.0,R,51.0,R,39.0,Z,0.0,Z,0.0,R,39.0,R,14.0,R,36.0,R,18.0
219888,2018,R,1487.0,R,2306.0,R,64.0,R,1407.0,R,0.0,R,0.0,R,1407.0,R,758.0,R,54.0,R,230.0,R,0.0,R,0.0,R,230.0,R,89.0,R,39.0,R,20.0
219903,2018,A,,A,,A,,R,394.0,Z,0.0,Z,0.0,R,394.0,R,249.0,R,63.0,A,,A,,A,,A,,A,,A,,R,35.0
219921,2018,A,,A,,A,,R,61.0,R,0.0,R,0.0,R,61.0,R,42.0,R,69.0,R,26.0,R,0.0,R,0.0,R,26.0,R,16.0,R,62.0,R,17.0
219949,2018,R,601.0,R,1017.0,R,59.0,R,209.0,R,0.0,R,0.0,R,209.0,R,132.0,R,63.0,R,0.0,R,0.0,R,0.0,R,0.0,R,0.0,A,,R,17.0
219976,2018,R,664.0,R,850.0,R,78.0,R,640.0,R,0.0,R,0.0,R,640.0,R,521.0,R,81.0,R,1.0,R,0.0,R,0.0,R,1.0,R,0.0,R,0.0,R,13.0
219994,2018,A,,A,,A,,R,227.0,R,0.0,R,0.0,R,227.0,R,171.0,R,75.0,R,5.0,R,0.0,R,0.0,R,5.0,R,3.0,R,60.0,R,18.0
220002,2018,R,40.0,R,80.0,R,50.0,R,1.0,R,0.0,R,0.0,R,1.0,R,1.0,R,100.0,R,0.0,R,0.0,R,0.0,R,0.0,R,0.0,A,,R,9.0
220057,2018,R,549.0,R,925.0,R,59.0,R,527.0,Z,0.0,Z,0.0,R,527.0,R,259.0,R,49.0,R,57.0,Z,0.0,Z,0.0,R,57.0,R,21.0,R,37.0,R,21.0
220075,2018,R,1960.0,R,3211.0,R,61.0,R,2034.0,R,1.0,R,0.0,R,2033.0,R,1486.0,R,73.0,R,16.0,R,0.0,R,0.0,R,16.0,R,9.0,R,56.0,R,16.0
220118,2018,R,3.0,R,3.0,R,100.0,R,76.0,R,1.0,R,0.0,R,75.0,R,32.0,R,43.0,A,,A,,A,,A,,A,,A,,R,14.0
220127,2018,A,,A,,A,,R,373.0,R,0.0,R,0.0,R,373.0,R,318.0,R,85.0,R,47.0,R,0.0,R,0.0,R,47.0,R,46.0,R,98.0,R,20.0
220163,2018,A,,A,,A,,R,12.0,R,0.0,R,0.0,R,12.0,R,9.0,R,75.0,R,14.0,R,0.0,R,0.0,R,14.0,R,12.0,R,86.0,R,9.0
220181,2018,R,274.0,R,288.0,R,95.0,R,132.0,R,0.0,R,0.0,R,132.0,R,107.0,R,81.0,R,3.0,R,0.0,R,0.0,R,3.0,R,0.0,R,0.0,R,12.0
220206,2018,R,94.0,R,188.0,R,50.0,R,36.0,R,0.0,R,0.0,R,36.0,R,23.0,R,64.0,R,7.0,R,0.0,R,0.0,R,7.0,R,5.0,R,71.0,R,10.0
220215,2018,R,308.0,R,582.0,R,53.0,R,313.0,R,0.0,R,0.0,R,313.0,R,257.0,R,82.0,R,2.0,R,0.0,R,0.0,R,2.0,R,0.0,R,0.0,R,13.0
220251,2018,A,,A,,A,,R,227.0,R,0.0,R,0.0,R,227.0,R,186.0,R,82.0,R,28.0,R,0.0,R,0.0,R,28.0,R,28.0,R,100.0,R,18.0
220279,2018,A,,A,,A,,R,144.0,R,0.0,R,0.0,R,144.0,R,95.0,R,66.0,R,29.0,Z,0.0,Z,0.0,R,29.0,R,20.0,R,69.0,R,17.0
220312,2018,R,69.0,R,73.0,R,95.0,R,78.0,R,0.0,R,0.0,R,78.0,R,66.0,R,85.0,A,,A,,A,,A,,A,,A,,R,8.0
220321,2018,A,,A,,A,,R,101.0,R,0.0,R,0.0,R,101.0,R,86.0,R,85.0,R,2.0,R,0.0,R,0.0,R,2.0,R,0.0,R,0.0,R,20.0
220394,2018,A,,A,,A,,R,107.0,R,0.0,R,0.0,R,107.0,R,68.0,R,64.0,R,15.0,R,0.0,R,0.0,R,15.0,R,12.0,R,80.0,R,18.0
220400,2018,R,994.0,R,2285.0,R,44.0,R,991.0,R,0.0,R,5.0,R,996.0,R,518.0,R,52.0,R,55.0,R,0.0,R,1.0,R,56.0,R,19.0,R,34.0,R,23.0
220464,2018,R,14.0,R,57.0,R,25.0,R,10.0,R,0.0,R,0.0,R,10.0,R,7.0,R,70.0,R,0.0,R,0.0,R,0.0,R,0.0,R,0.0,A,,R,11.0
220473,2018,R,158.0,R,216.0,R,73.0,R,147.0,R,0.0,R,0.0,R,147.0,R,101.0,R,69.0,R,5.0,R,0.0,R,0.0,R,5.0,R,4.0,R,80.0,R,10.0
220491,2018,A,,A,,A,,R,13.0,Z,0.0,Z,0.0,R,13.0,R,10.0,R,77.0,R,2.0,Z,0.0,Z,0.0,R,2.0,R,2.0,R,100.0,R,15.0
220516,2018,R,188.0,R,469.0,R,40.0,R,197.0,R,0.0,R,0.0,R,197.0,R,130.0,R,66.0,R,0.0,Z,0.0,Z,0.0,R,0.0,Z,0.0,A,,R,12.0
220552,2018,R,433.0,R,770.0,R,56.0,R,109.0,R,0.0,R,0.0,R,109.0,R,66.0,R,61.0,A,,A,,A,,A,,A,,A,,R,18.0
220598,2018,R,342.0,R,408.0,R,84.0,R,417.0,R,0.0,R,0.0,R,417.0,R,208.0,R,50.0,R,11.0,R,0.0,R,0.0,R,11.0,R,6.0,R,55.0,R,18.0
220604,2018,R,148.0,R,270.0,R,55.0,R,166.0,R,0.0,R,0.0,R,166.0,R,103.0,R,62.0,R,4.0,R,0.0,R,0.0,R,4.0,R,2.0,R,50.0,R,13.0
220613,2018,R,875.0,R,1439.0,R,61.0,R,895.0,R,0.0,R,0.0,R,895.0,R,714.0,R,80.0,R,6.0,R,0.0,R,0.0,R,6.0,R,0.0,R,0.0,R,16.0
220631,2018,R,290.0,R,700.0,R,41.0,R,268.0,R,0.0,R,0.0,R,268.0,R,200.0,R,75.0,R,4.0,R,0.0,R,0.0,R,4.0,R,1.0,R,25.0,R,14.0
220640,2018,A,,A,,A,,R,48.0,R,0.0,R,0.0,R,48.0,R,38.0,R,79.0,R,14.0,Z,0.0,Z,0.0,R,14.0,R,11.0,R,79.0,R,25.0
220701,2018,R,275.0,R,388.0,R,71.0,R,243.0,R,1.0,R,0.0,R,242.0,R,125.0,R,52.0,R,2.0,R,0.0,R,0.0,R,2.0,R,1.0,R,50.0,R,14.0
220710,2018,R,282.0,R,382.0,R,74.0,R,301.0,R,0.0,R,0.0,R,301.0,R,206.0,R,68.0,A,,A,,A,,A,,A,,A,,R,12.0
220756,2018,A,,A,,A,,R,65.0,R,0.0,R,0.0,R,65.0,R,45.0,R,69.0,R,1.0,R,0.0,R,0.0,R,1.0,R,1.0,R,100.0,R,17.0
220765,2018,A,,A,,A,,R,89.0,R,0.0,R,0.0,R,89.0,R,64.0,R,72.0,A,,A,,A,,A,,A,,A,,R,15.0
220808,2018,A,,A,,A,,A,,A,,A,,A,,A,,A,,A,,A,,A,,A,,A,,A,,R,6.0
220853,2018,A,,A,,A,,R,268.0,R,15.0,R,0.0,R,253.0,R,242.0,R,96.0,R,31.0,R,0.0,R,0.0,R,31.0,R,25.0,R,81.0,R,20.0
220862,2018,R,2428.0,R,3980.0,R,61.0,R,2612.0,R,0.0,R,0.0,R,2612.0,R,1988.0,R,76.0,R,57.0,R,0.0,R,0.0,R,57.0,R,31.0,R,54.0,R,15.0
220978,2018,R,2862.0,R,4952.0,R,58.0,R,2976.0,Z,0.0,Z,0.0,R,2976.0,R,2256.0,R,76.0,R,40.0,Z,0.0,Z,0.0,R,40.0,R,25.0,R,63.0,R,17.0
221050,2018,A,,A,,A,,R,256.0,R,8.0,Z,0.0,R,248.0,R,186.0,R,75.0,R,44.0,R,0.0,R,0.0,R,44.0,R,34.0,R,77.0,R,20.0
221096,2018,R,1550.0,R,2257.0,R,69.0,R,1711.0,R,0.0,R,0.0,R,1711.0,R,909.0,R,53.0,R,127.0,R,0.0,R,0.0,R,127.0,R,59.0,R,46.0,R,28.0
221102,2018,A,,A,,A,,R,127.0,Z,0.0,Z,0.0,R,127.0,R,85.0,R,67.0,R,26.0,Z,0.0,Z,0.0,R,26.0,R,10.0,R,38.0,R,20.0
221148,2018,A,,A,,A,,R,523.0,R,0.0,R,0.0,R,523.0,R,329.0,R,63.0,A,,A,,A,,A,,A,,A,,R,29.0
221157,2018,A,,A,,A,,R,28.0,R,0.0,R,0.0,R,28.0,R,27.0,R,96.0,A,,A,,A,,A,,A,,A,,R,11.0
221184,2018,R,1368.0,R,2732.0,R,50.0,R,1305.0,Z,0.0,Z,0.0,R,1305.0,R,591.0,R,45.0,R,285.0,Z,0.0,Z,0.0,R,285.0,R,130.0,R,46.0,R,21.0
221236,2018,A,,A,,A,,R,137.0,R,0.0,R,0.0,R,137.0,R,120.0,R,88.0,R,12.0,Z,0.0,Z,0.0,R,12.0,R,10.0,R,83.0,R,17.0
221281,2018,A,,A,,A,,R,71.0,Z,0.0,Z,0.0,R,71.0,R,56.0,R,79.0,R,4.0,Z,0.0,Z,0.0,R,4.0,R,0.0,R,0.0,R,13.0
221333,2018,A,,A,,A,,R,62.0,Z,0.0,Z,0.0,R,62.0,R,46.0,R,74.0,R,25.0,Z,0.0,Z,0.0,R,25.0,R,13.0,R,52.0,R,10.0
221351,2018,R,543.0,R,573.0,R,95.0,R,512.0,Z,0.0,Z,0.0,R,512.0,R,462.0,R,90.0,R,0.0,Z,0.0,Z,0.0,R,0.0,Z,0.0,A,,R,10.0
221388,2018,A,,A,,A,,R,41.0,R,1.0,R,0.0,R,40.0,R,35.0,R,88.0,R,3.0,R,0.0,R,0.0,R,3.0,R,1.0,R,33.0,R,16.0
221397,2018,R,1064.0,R,1625.0,R,65.0,R,1154.0,R,0.0,R,0.0,R,1154.0,R,621.0,R,54.0,R,191.0,R,0.0,R,0.0,R,191.0,R,93.0,R,49.0,R,18.0
221430,2018,A,,A,,A,,R,139.0,R,0.0,R,0.0,R,139.0,R,135.0,R,97.0,R,256.0,R,2.0,R,0.0,R,254.0,R,232.0,R,91.0,R,20.0
221485,2018,R,1907.0,R,3154.0,R,60.0,R,2078.0,R,0.0,R,0.0,R,2078.0,R,1018.0,R,49.0,R,389.0,R,0.0,R,0.0,R,389.0,R,122.0,R,31.0,R,32.0
221494,2018,A,,A,,A,,R,136.0,R,0.0,R,0.0,R,136.0,R,114.0,R,84.0,R,18.0,R,0.0,R,0.0,R,18.0,R,11.0,R,61.0,R,20.0
221519,2018,R,477.0,R,511.0,R,93.0,R,448.0,R,0.0,R,0.0,R,448.0,R,399.0,R,89.0,A,,A,,A,,A,,A,,A,,R,10.0
221582,2018,A,,A,,A,,R,137.0,R,0.0,R,0.0,R,137.0,R,119.0,R,87.0,R,123.0,R,0.0,R,0.0,R,123.0,R,103.0,R,84.0,R,15.0
221591,2018,A,,A,,A,,R,57.0,R,0.0,R,0.0,R,57.0,R,40.0,R,70.0,R,5.0,R,0.0,R,0.0,R,5.0,R,2.0,R,40.0,R,20.0
221607,2018,A,,A,,A,,R,47.0,R,0.0,R,0.0,R,47.0,R,39.0,R,83.0,R,1.0,R,0.0,R,0.0,R,1.0,R,1.0,R,100.0,R,13.0
221616,2018,A,,A,,A,,R,181.0,Z,0.0,Z,0.0,R,181.0,R,149.0,R,82.0,A,,A,,A,,A,,A,,A,,R,15.0
221625,2018,A,,A,,A,,R,427.0,R,0.0,R,0.0,R,427.0,R,281.0,R,66.0,R,96.0,R,0.0,R,0.0,R,96.0,R,69.0,R,72.0,R,15.0
221634,2018,A,,A,,A,,R,92.0,R,0.0,R,0.0,R,92.0,R,70.0,R,76.0,R,9.0,R,0.0,R,0.0,R,9.0,R,9.0,R,100.0,R,8.0
221643,2018,R,2182.0,R,4179.0,R,52.0,R,2331.0,R,0.0,R,0.0,R,2331.0,R,1183.0,R,51.0,R,435.0,R,0.0,R,0.0,R,435.0,R,214.0,R,49.0,R,20.0
221661,2018,R,492.0,R,763.0,R,64.0,R,466.0,Z,0.0,Z,0.0,R,466.0,R,355.0,R,76.0,R,6.0,Z,0.0,Z,0.0,R,6.0,R,4.0,R,67.0,R,13.0
221731,2018,R,188.0,R,340.0,R,55.0,R,203.0,R,0.0,R,0.0,R,203.0,R,139.0,R,68.0,R,1.0,R,0.0,R,0.0,R,1.0,R,0.0,R,0.0,R,13.0
221740,2018,R,2245.0,R,3423.0,R,66.0,R,2136.0,R,0.0,R,0.0,R,2136.0,R,1550.0,R,73.0,R,11.0,R,0.0,R,0.0,R,11.0,R,4.0,R,36.0,R,19.0
221759,2018,R,5205.0,R,6604.0,R,79.0,R,4883.0,R,0.0,R,0.0,R,4883.0,R,4237.0,R,87.0,R,12.0,R,0.0,R,0.0,R,12.0,R,8.0,R,67.0,R,17.0
221768,2018,R,1124.0,R,1660.0,R,68.0,R,1047.0,R,0.0,R,0.0,R,1047.0,R,772.0,R,74.0,R,5.0,R,0.0,R,0.0,R,5.0,R,1.0,R,20.0,R,15.0
221829,2018,A,,A,,A,,R,72.0,R,0.0,R,0.0,R,72.0,R,41.0,R,57.0,A,,A,,A,,A,,A,,A,,R,20.0
221838,2018,R,1203.0,R,1728.0,R,70.0,R,1469.0,R,0.0,Z,0.0,R,1469.0,R,936.0,R,64.0,R,27.0,R,0.0,Z,0.0,R,27.0,R,16.0,R,59.0,R,12.0
221847,2018,R,1874.0,R,2575.0,R,73.0,R,1750.0,Z,0.0,Z,0.0,R,1750.0,R,1312.0,R,75.0,R,11.0,Z,0.0,Z,0.0,R,11.0,R,5.0,R,45.0,R,18.0
221892,2018,R,365.0,R,553.0,R,66.0,R,380.0,R,0.0,R,0.0,R,380.0,R,291.0,R,77.0,R,1.0,R,0.0,R,0.0,R,1.0,R,1.0,R,100.0,R,20.0
221908,2018,R,1313.0,R,1837.0,R,71.0,R,1380.0,Z,0.0,Z,0.0,R,1380.0,R,768.0,R,56.0,R,205.0,Z,0.0,Z,0.0,R,205.0,R,116.0,R,57.0,R,22.0
221953,2018,R,275.0,R,512.0,R,54.0,R,334.0,R,0.0,R,0.0,R,334.0,R,180.0,R,54.0,R,3.0,R,0.0,R,0.0,R,3.0,R,2.0,R,67.0,R,16.0
221971,2018,R,376.0,R,707.0,R,53.0,R,337.0,R,0.0,R,0.0,R,337.0,R,298.0,R,88.0,R,0.0,R,0.0,R,0.0,R,0.0,R,0.0,A,,R,10.0
221999,2018,R,1601.0,R,1843.0,R,87.0,R,1606.0,R,1.0,Z,0.0,R,1605.0,R,1555.0,R,97.0,R,1.0,R,0.0,Z,0.0,R,1.0,R,1.0,R,100.0,R,7.0
222053,2018,R,2123.0,R,3120.0,R,68.0,R,2176.0,R,3.0,R,0.0,R,2173.0,R,1103.0,R,51.0,R,221.0,R,0.0,R,0.0,R,221.0,R,79.0,R,36.0,R,23.0
222062,2018,R,1415.0,R,1908.0,R,74.0,R,1601.0,R,0.0,R,0.0,R,1601.0,R,851.0,R,53.0,R,94.0,R,0.0,R,0.0,R,94.0,R,44.0,R,47.0,R,17.0
222105,2018,R,62.0,R,129.0,R,48.0,R,33.0,R,0.0,R,0.0,R,33.0,R,21.0,R,64.0,R,62.0,R,0.0,R,0.0,R,62.0,R,38.0,R,61.0,R,15.0
222178,2018,R,905.0,R,1027.0,R,88.0,R,940.0,R,0.0,R,0.0,R,940.0,R,723.0,R,77.0,R,32.0,R,0.0,R,0.0,R,32.0,R,14.0,R,44.0,R,15.0
222567,2018,R,524.0,R,2943.0,R,18.0,R,562.0,Z,0.0,Z,0.0,R,562.0,R,309.0,R,55.0,R,460.0,Z,0.0,Z,0.0,R,460.0,R,197.0,R,43.0,R,12.0
222576,2018,R,964.0,R,2924.0,R,33.0,R,734.0,R,1.0,R,0.0,R,733.0,R,528.0,R,72.0,R,494.0,R,0.0,R,0.0,R,494.0,R,214.0,R,43.0,R,20.0
222628,2018,A,,A,,A,,A,,A,,A,,A,,A,,A,,A,,A,,A,,A,,A,,A,,R,17.0
222822,2018,R,427.0,R,2245.0,R,19.0,R,675.0,R,0.0,R,0.0,R,675.0,R,218.0,R,32.0,R,291.0,R,0.0,R,0.0,R,291.0,R,109.0,R,37.0,R,15.0
222831,2018,R,1517.0,R,3590.0,R,42.0,R,1563.0,R,1.0,Z,0.0,R,1562.0,R,1044.0,R,67.0,R,12.0,Z,0.0,Z,0.0,R,12.0,R,4.0,R,33.0,R,20.0
222877,2018,R,39.0,R,54.0,R,72.0,R,21.0,Z,0.0,Z,0.0,R,21.0,R,7.0,R,33.0,R,0.0,Z,0.0,Z,0.0,R,0.0,Z,0.0,A,,R,9.0
222886,2018,A,,A,,A,,R,136.0,R,0.0,R,0.0,R,136.0,R,99.0,R,73.0,R,23.0,R,0.0,R,0.0,R,23.0,R,17.0,R,74.0,R,23.0
222938,2018,R,66.0,R,273.0,R,24.0,R,60.0,Z,0.0,Z,0.0,R,60.0,R,33.0,R,55.0,R,29.0,Z,0.0,Z,0.0,R,29.0,R,8.0,R,28.0,R,16.0
222983,2018,R,435.0,R,455.0,R,96.0,R,332.0,R,0.0,R,0.0,R,332.0,R,271.0,R,82.0,A,,A,,A,,A,,A,,A,,R,13.0
222992,2018,R,2455.0,R,10000.0,R,25.0,R,0.0,Z,0.0,Z,0.0,R,0.0,R,0.0,A,,R,0.0,Z,0.0,Z,0.0,R,0.0,Z,0.0,A,,R,21.0
223056,2018,A,,A,,A,,R,74.0,R,0.0,R,0.0,R,74.0,R,66.0,R,89.0,A,,A,,A,,A,,A,,A,,R,15.0
223083,2018,A,,A,,A,,A,,A,,A,,A,,A,,A,,A,,A,,A,,A,,A,,A,,R,12.0
223117,2018,A,,A,,A,,R,0.0,R,0.0,R,0.0,R,0.0,R,0.0,A,,R,4.0,R,0.0,R,0.0,R,4.0,R,3.0,R,75.0,R,4.0
223232,2018,R,3364.0,R,3736.0,R,90.0,R,3316.0,R,0.0,R,0.0,R,3316.0,R,2946.0,R,89.0,R,4.0,R,0.0,R,0.0,R,4.0,R,2.0,R,50.0,R,14.0
223320,2018,R,482.0,R,902.0,R,53.0,R,315.0,R,0.0,Z,0.0,R,315.0,R,107.0,R,34.0,R,174.0,Z,0.0,Z,0.0,R,174.0,R,108.0,R,62.0,R,21.0
223427,2018,R,4650.0,R,9242.0,R,50.0,R,4149.0,R,0.0,R,0.0,R,4149.0,R,2224.0,R,54.0,R,3016.0,R,0.0,R,0.0,R,3016.0,R,1515.0,R,50.0,R,26.0
223463,2018,A,,A,,A,,R,1.0,R,0.0,R,0.0,R,1.0,R,1.0,R,100.0,A,,A,,A,,A,,A,,A,,R,22.0
223472,2018,R,29.0,R,67.0,R,43.0,R,24.0,R,0.0,R,0.0,R,24.0,R,12.0,R,50.0,A,,A,,A,,A,,A,,A,,R,18.0
223506,2018,R,245.0,R,1263.0,R,19.0,R,0.0,R,0.0,R,0.0,R,0.0,R,0.0,A,,R,0.0,R,0.0,R,0.0,R,0.0,R,0.0,A,,R,13.0
223524,2018,R,267.0,R,6431.0,R,4.0,R,314.0,R,0.0,R,0.0,R,314.0,R,199.0,R,63.0,R,907.0,R,0.0,R,0.0,R,907.0,R,417.0,R,46.0,R,21.0
223773,2018,R,302.0,R,3880.0,R,8.0,R,201.0,Z,0.0,Z,0.0,R,201.0,R,110.0,R,55.0,R,499.0,Z,0.0,Z,0.0,R,499.0,R,168.0,R,34.0,R,27.0
223816,2018,R,729.0,R,4742.0,R,15.0,R,672.0,R,4.0,R,0.0,R,668.0,R,360.0,R,54.0,R,1411.0,R,4.0,R,0.0,R,1407.0,R,499.0,R,35.0,R,17.0
223852,2018,A,,A,,A,,R,16.0,R,0.0,R,0.0,R,16.0,R,14.0,R,88.0,A,,A,,A,,A,,A,,A,,R,5.0
223898,2018,R,397.0,R,1515.0,R,26.0,R,394.0,Z,0.0,Z,0.0,R,394.0,R,202.0,R,51.0,R,654.0,Z,0.0,Z,0.0,R,654.0,R,350.0,R,54.0,R,20.0
223922,2018,R,220.0,R,820.0,R,27.0,R,258.0,R,1.0,R,0.0,R,257.0,R,132.0,R,51.0,R,347.0,R,0.0,R,0.0,R,347.0,R,173.0,R,50.0,R,21.0
224004,2018,R,213.0,R,449.0,R,47.0,R,274.0,R,0.0,R,0.0,R,274.0,R,161.0,R,59.0,R,4.0,R,0.0,R,0.0,R,4.0,R,2.0,R,50.0,R,12.0
224013,2018,A,,A,,A,,R,1.0,Z,0.0,Z,0.0,R,1.0,R,1.0,R,100.0,A,,A,,A,,A,,A,,A,,R,9.0
224110,2018,R,917.0,R,3852.0,R,24.0,R,753.0,R,1.0,R,0.0,R,752.0,R,417.0,R,55.0,R,2176.0,R,0.0,R,0.0,R,2176.0,R,1005.0,R,46.0,R,22.0
224147,2018,R,1887.0,R,2848.0,R,66.0,R,2224.0,R,1.0,R,0.0,R,2223.0,R,1279.0,R,58.0,R,43.0,R,0.0,R,0.0,R,43.0,R,25.0,R,58.0,R,19.0
224156,2018,A,,A,,A,,R,41.0,R,0.0,R,0.0,R,41.0,R,33.0,R,80.0,R,2.0,R,0.0,R,0.0,R,2.0,R,2.0,R,100.0,R,18.0
224226,2018,R,535.0,R,764.0,R,70.0,R,538.0,R,1.0,R,0.0,R,537.0,R,416.0,R,77.0,R,2.0,R,0.0,R,0.0,R,2.0,R,0.0,R,0.0,R,13.0
224244,2018,R,49.0,R,85.0,R,58.0,R,46.0,R,0.0,R,0.0,R,46.0,R,23.0,R,50.0,R,2.0,R,0.0,R,0.0,R,2.0,R,1.0,R,50.0,R,10.0
224271,2018,R,52.0,R,171.0,R,30.0,R,31.0,R,0.0,R,0.0,R,31.0,R,16.0,R,52.0,A,,A,,A,,A,,A,,A,,R,11.0
224323,2018,R,376.0,R,423.0,R,89.0,R,419.0,R,0.0,R,0.0,R,419.0,R,333.0,R,79.0,A,,A,,A,,A,,A,,A,,R,11.0
224350,2018,R,505.0,R,1946.0,R,26.0,R,491.0,R,0.0,R,0.0,R,491.0,R,274.0,R,56.0,R,718.0,R,0.0,R,0.0,R,718.0,R,365.0,R,51.0,R,14.0
224527,2018,R,400.0,R,615.0,R,65.0,R,419.0,R,0.0,R,0.0,R,419.0,R,266.0,R,63.0,R,1.0,R,0.0,R,0.0,R,1.0,R,0.0,R,0.0,R,15.0
224545,2018,R,230.0,R,549.0,R,42.0,R,199.0,R,0.0,R,0.0,R,199.0,R,113.0,R,57.0,R,5.0,R,0.0,R,0.0,R,5.0,R,2.0,R,40.0,R,12.0
224554,2018,R,1059.0,R,2335.0,R,45.0,R,994.0,R,0.0,R,0.0,R,994.0,R,653.0,R,66.0,R,20.0,R,0.0,R,0.0,R,20.0,R,5.0,R,25.0,R,21.0
224572,2018,R,350.0,R,7159.0,R,5.0,R,428.0,Z,0.0,Z,0.0,R,428.0,R,275.0,R,64.0,R,1324.0,Z,0.0,Z,0.0,R,1324.0,R,603.0,R,46.0,R,31.0
224615,2018,R,156.0,R,5731.0,R,3.0,R,148.0,Z,0.0,Z,0.0,R,148.0,R,85.0,R,57.0,R,712.0,Z,0.0,Z,0.0,R,712.0,R,339.0,R,48.0,R,20.0
224642,2018,R,2909.0,R,6562.0,R,44.0,R,2572.0,R,0.0,R,0.0,R,2572.0,R,1685.0,R,66.0,R,1984.0,R,0.0,R,0.0,R,1984.0,R,967.0,R,49.0,R,25.0
224660,2018,A,,A,,A,,R,0.0,R,0.0,R,0.0,R,0.0,R,0.0,A,,A,,A,,A,,A,,A,,A,,R,20.0
224679,2018,A,,A,,A,,R,0.0,Z,0.0,Z,0.0,R,0.0,Z,0.0,A,,A,,A,,A,,A,,A,,A,,R,30.0
224758,2018,A,,A,,A,,R,13.0,Z,0.0,Z,0.0,R,13.0,R,8.0,R,62.0,R,0.0,Z,0.0,Z,0.0,R,0.0,R,0.0,A,,R,10.0
224776,2018,R,37.0,R,152.0,R,24.0,R,49.0,Z,0.0,Z,0.0,R,49.0,R,29.0,R,59.0,R,36.0,Z,0.0,Z,0.0,R,36.0,R,15.0,R,42.0,R,15.0
224828,2018,A,,A,,A,,R,7.0,R,0.0,R,0.0,R,7.0,R,3.0,R,43.0,R,8.0,R,0.0,R,0.0,R,8.0,R,6.0,R,75.0,R,7.0
224891,2018,R,160.0,R,760.0,R,21.0,R,207.0,R,0.0,R,0.0,R,207.0,R,128.0,R,62.0,R,6.0,R,0.0,R,0.0,R,6.0,R,3.0,R,50.0,R,21.0
224961,2018,R,151.0,R,901.0,R,17.0,R,127.0,Z,0.0,Z,0.0,R,127.0,R,75.0,R,59.0,R,124.0,Z,0.0,Z,0.0,R,124.0,R,72.0,R,58.0,R,18.0
225070,2018,R,347.0,R,1667.0,R,21.0,R,547.0,R,0.0,R,0.0,R,547.0,R,340.0,R,62.0,R,209.0,R,0.0,R,0.0,R,209.0,R,82.0,R,39.0,R,21.0
225201,2018,A,,A,,A,,R,58.0,Z,0.0,Z,0.0,R,58.0,R,40.0,R,69.0,A,,A,,A,,A,,A,,A,,R,25.0
225247,2018,R,480.0,R,620.0,R,77.0,R,454.0,R,0.0,R,0.0,R,454.0,R,307.0,R,68.0,R,3.0,R,0.0,R,0.0,R,3.0,R,2.0,R,67.0,R,12.0
225308,2018,R,724.0,R,1590.0,R,46.0,R,708.0,R,3.0,Z,0.0,R,705.0,R,341.0,R,48.0,R,300.0,R,0.0,R,0.0,R,300.0,R,96.0,R,32.0,R,22.0
225371,2018,R,550.0,R,1946.0,R,28.0,R,508.0,R,1.0,R,0.0,R,507.0,R,257.0,R,51.0,R,142.0,R,0.0,R,0.0,R,142.0,R,60.0,R,42.0,R,18.0
225399,2018,R,511.0,R,802.0,R,64.0,R,510.0,Z,0.0,Z,0.0,R,510.0,R,351.0,R,69.0,R,9.0,Z,0.0,Z,0.0,R,9.0,R,1.0,R,11.0,R,12.0
225414,2018,R,246.0,R,1670.0,R,15.0,R,234.0,R,0.0,R,0.0,R,234.0,R,173.0,R,74.0,R,46.0,R,0.0,R,0.0,R,46.0,R,32.0,R,70.0,R,16.0
225423,2018,R,4022.0,R,12727.0,R,32.0,R,3847.0,R,0.0,R,0.0,R,3847.0,R,2551.0,R,66.0,R,4399.0,R,0.0,R,0.0,R,4399.0,R,2083.0,R,47.0,R,24.0
225432,2018,R,973.0,R,3264.0,R,30.0,R,856.0,R,1.0,R,0.0,R,855.0,R,611.0,R,71.0,R,111.0,R,0.0,R,0.0,R,111.0,R,67.0,R,60.0,R,18.0
225502,2018,R,305.0,R,824.0,R,37.0,R,288.0,R,0.0,R,0.0,R,288.0,R,162.0,R,56.0,R,8.0,R,0.0,R,0.0,R,8.0,R,2.0,R,25.0,R,15.0
225511,2018,R,4919.0,R,10526.0,R,47.0,R,4745.0,Z,0.0,Z,0.0,R,4745.0,R,4027.0,R,85.0,R,214.0,R,0.0,R,0.0,R,214.0,R,142.0,R,66.0,R,22.0
225520,2018,R,410.0,R,2203.0,R,19.0,R,410.0,R,0.0,R,0.0,R,410.0,R,161.0,R,39.0,R,129.0,R,0.0,R,0.0,R,129.0,R,56.0,R,43.0,R,15.0
225548,2018,R,248.0,R,383.0,R,65.0,R,246.0,R,0.0,R,0.0,R,246.0,R,121.0,R,49.0,R,7.0,R,0.0,R,0.0,R,7.0,R,3.0,R,43.0,R,9.0
225575,2018,R,218.0,R,322.0,R,68.0,R,182.0,R,0.0,R,1.0,R,183.0,R,117.0,R,64.0,R,0.0,R,0.0,R,0.0,R,0.0,R,0.0,A,,R,17.0
225627,2018,R,816.0,R,1546.0,R,53.0,R,712.0,R,0.0,R,0.0,R,712.0,R,526.0,R,74.0,R,14.0,R,0.0,R,0.0,R,14.0,R,7.0,R,50.0,R,11.0
225779,2018,A,,A,,A,,R,35.0,R,8.0,R,0.0,R,27.0,R,3.0,R,11.0,A,,A,,A,,A,,A,,A,,R,6.0
225788,2018,A,,A,,A,,R,154.0,R,13.0,R,0.0,R,141.0,R,98.0,R,70.0,R,24.0,R,8.0,R,0.0,R,16.0,R,12.0,R,75.0,R,10.0
225876,2018,R,113.0,R,280.0,R,40.0,R,94.0,Z,0.0,Z,0.0,R,94.0,R,45.0,R,48.0,R,0.0,R,0.0,R,0.0,R,0.0,R,0.0,A,,R,16.0
225885,2018,R,349.0,R,415.0,R,84.0,R,257.0,R,0.0,R,0.0,R,257.0,R,147.0,R,57.0,A,,A,,A,,A,,A,,A,,R,20.0
225991,2018,R,26.0,R,51.0,R,51.0,R,23.0,R,0.0,R,0.0,R,23.0,R,18.0,R,78.0,A,,A,,A,,A,,A,,A,,R,10.0
226019,2018,R,867.0,R,2228.0,R,39.0,R,856.0,R,0.0,R,0.0,R,856.0,R,494.0,R,58.0,R,178.0,R,0.0,R,0.0,R,178.0,R,75.0,R,42.0,R,14.0
226091,2018,R,1433.0,R,2255.0,R,64.0,R,1447.0,R,0.0,R,0.0,R,1447.0,R,922.0,R,64.0,R,84.0,R,0.0,R,0.0,R,84.0,R,43.0,R,51.0,R,18.0
226107,2018,R,274.0,R,742.0,R,37.0,R,291.0,R,0.0,R,0.0,R,291.0,R,172.0,R,59.0,R,56.0,R,0.0,R,0.0,R,56.0,R,21.0,R,38.0,R,22.0
226116,2018,R,302.0,R,735.0,R,41.0,R,255.0,R,0.0,R,0.0,R,255.0,R,149.0,R,58.0,R,105.0,R,0.0,R,0.0,R,105.0,R,55.0,R,52.0,R,19.0
226125,2018,A,,A,,A,,R,45.0,R,1.0,R,0.0,R,44.0,R,30.0,R,68.0,A,,A,,A,,A,,A,,A,,R,16.0
226134,2018,R,1065.0,R,1923.0,R,55.0,R,890.0,R,0.0,R,0.0,R,890.0,R,608.0,R,68.0,R,910.0,R,0.0,R,0.0,R,910.0,R,456.0,R,50.0,R,27.0
226152,2018,R,1323.0,R,1897.0,R,70.0,R,1116.0,R,0.0,R,0.0,R,1116.0,R,860.0,R,77.0,R,32.0,R,0.0,R,0.0,R,32.0,R,22.0,R,69.0,R,22.0
226204,2018,R,396.0,R,1504.0,R,26.0,R,405.0,R,0.0,R,0.0,R,405.0,R,282.0,R,70.0,R,914.0,R,0.0,R,0.0,R,914.0,R,513.0,R,56.0,R,14.0
226231,2018,R,309.0,R,1227.0,R,25.0,R,288.0,R,0.0,R,0.0,R,288.0,R,226.0,R,78.0,R,28.0,R,0.0,R,0.0,R,28.0,R,14.0,R,50.0,R,11.0
226277,2018,A,,A,,A,,R,339.0,R,0.0,R,0.0,R,339.0,R,251.0,R,74.0,A,,A,,A,,A,,A,,A,,R,22.0
226383,2018,R,293.0,R,472.0,R,62.0,R,309.0,R,0.0,R,0.0,R,309.0,R,214.0,R,69.0,R,1.0,R,0.0,R,0.0,R,1.0,R,1.0,R,100.0,R,13.0
226408,2018,R,356.0,R,1647.0,R,22.0,R,316.0,R,1.0,R,0.0,R,315.0,R,200.0,R,63.0,R,259.0,R,0.0,R,0.0,R,259.0,R,128.0,R,49.0,R,15.0
226471,2018,R,872.0,R,1168.0,R,75.0,R,751.0,R,0.0,R,0.0,R,751.0,R,548.0,R,73.0,R,3.0,R,0.0,R,0.0,R,3.0,R,3.0,R,100.0,R,18.0
226578,2018,R,998.0,R,2018.0,R,49.0,R,1044.0,R,0.0,R,0.0,R,1044.0,R,620.0,R,59.0,R,401.0,R,0.0,R,0.0,R,401.0,R,174.0,R,43.0,R,18.0
226587,2018,R,219.0,R,385.0,R,57.0,R,246.0,R,0.0,R,0.0,R,246.0,R,152.0,R,62.0,R,0.0,R,0.0,R,0.0,R,0.0,R,0.0,A,,R,11.0
226675,2018,A,,A,,A,,A,,A,,A,,A,,A,,A,,A,,A,,A,,A,,A,,A,,R,9.0
226806,2018,R,465.0,R,1655.0,R,28.0,R,0.0,R,0.0,R,0.0,R,0.0,R,0.0,A,,R,0.0,R,0.0,R,0.0,R,0.0,R,0.0,A,,R,16.0
226833,2018,R,890.0,R,1565.0,R,57.0,R,814.0,Z,0.0,Z,0.0,R,814.0,R,526.0,R,65.0,R,5.0,Z,0.0,Z,0.0,R,5.0,R,3.0,R,60.0,R,17.0
226860,2018,A,,A,,A,,R,7.0,R,0.0,R,0.0,R,7.0,R,5.0,R,71.0,A,,A,,A,,A,,A,,A,,R,12.0
226879,2018,R,15.0,R,50.0,R,30.0,R,4.0,R,0.0,R,0.0,R,4.0,R,4.0,R,100.0,R,0.0,R,0.0,R,0.0,R,0.0,R,0.0,A,,R,12.0
226903,2018,A,,A,,A,,R,364.0,R,0.0,R,0.0,R,364.0,R,196.0,R,54.0,A,,A,,A,,A,,A,,A,,R,22.0
226930,2018,R,353.0,R,5123.0,R,7.0,R,372.0,Z,0.0,Z,0.0,R,372.0,R,248.0,R,67.0,R,810.0,Z,0.0,Z,0.0,R,810.0,R,403.0,R,50.0,R,27.0
227058,2018,A,,A,,A,,R,26.0,R,0.0,R,0.0,R,26.0,R,18.0,R,69.0,A,,A,,A,,A,,A,,A,,R,14.0
227146,2018,R,1255.0,R,2137.0,R,59.0,R,1197.0,R,0.0,R,0.0,R,1197.0,R,608.0,R,51.0,R,512.0,R,0.0,R,0.0,R,512.0,R,219.0,R,43.0,R,23.0
227155,2018,A,,A,,A,,R,2.0,R,0.0,R,0.0,R,2.0,R,2.0,R,100.0,R,26.0,R,0.0,R,0.0,R,26.0,R,23.0,R,88.0,R,11.0
227182,2018,R,6344.0,R,29998.0,R,21.0,R,6486.0,Z,0.0,Z,0.0,R,6486.0,R,3501.0,R,54.0,R,5888.0,Z,0.0,Z,0.0,R,5888.0,R,2440.0,R,41.0,R,21.0
227191,2018,R,230.0,R,5593.0,R,4.0,R,287.0,Z,0.0,Z,0.0,R,287.0,R,179.0,R,62.0,R,782.0,Z,0.0,Z,0.0,R,782.0,R,395.0,R,51.0,R,27.0
227216,2018,R,4770.0,R,9019.0,R,53.0,R,4720.0,R,7.0,Z,0.0,R,4713.0,R,3685.0,R,78.0,R,95.0,R,0.0,R,0.0,R,95.0,R,54.0,R,57.0,R,25.0
227225,2018,R,478.0,R,751.0,R,64.0,R,440.0,R,0.0,R,0.0,R,440.0,R,238.0,R,54.0,R,102.0,R,0.0,R,0.0,R,102.0,R,43.0,R,42.0,R,20.0
227298,2018,A,,A,,A,,A,,A,,A,,A,,A,,A,,A,,A,,A,,A,,A,,A,,R,17.0
227304,2018,R,519.0,R,2553.0,R,20.0,R,570.0,R,0.0,R,0.0,R,570.0,R,332.0,R,58.0,R,369.0,R,0.0,R,0.0,R,369.0,R,162.0,R,44.0,R,20.0
227313,2018,A,,A,,A,,R,95.0,R,0.0,R,0.0,R,95.0,R,71.0,R,75.0,R,32.0,R,0.0,R,0.0,R,32.0,R,17.0,R,53.0,R,20.0
227322,2018,A,,A,,A,,R,98.0,R,0.0,R,0.0,R,98.0,R,77.0,R,79.0,R,51.0,R,0.0,R,0.0,R,51.0,R,36.0,R,71.0,R,30.0
227331,2018,R,373.0,R,552.0,R,68.0,R,337.0,R,0.0,R,0.0,R,337.0,R,230.0,R,68.0,R,1.0,R,0.0,R,0.0,R,1.0,R,1.0,R,100.0,R,11.0
227368,2018,R,4234.0,R,6241.0,R,68.0,R,4197.0,R,0.0,R,0.0,R,4197.0,R,3209.0,R,76.0,R,307.0,R,0.0,R,0.0,R,307.0,R,188.0,R,61.0,R,19.0
227377,2018,R,497.0,R,3027.0,R,16.0,R,397.0,R,0.0,R,0.0,R,397.0,R,275.0,R,69.0,R,594.0,R,0.0,R,0.0,R,594.0,R,347.0,R,58.0,R,19.0
227386,2018,R,348.0,R,1403.0,R,25.0,R,391.0,R,0.0,R,0.0,R,391.0,R,186.0,R,48.0,R,60.0,R,1.0,R,0.0,R,59.0,R,22.0,R,37.0,R,15.0
227401,2018,R,647.0,R,2062.0,R,31.0,R,754.0,R,0.0,R,0.0,R,754.0,R,417.0,R,55.0,R,239.0,R,0.0,R,0.0,R,239.0,R,76.0,R,32.0,R,26.0
227429,2018,R,134.0,R,178.0,R,75.0,R,105.0,R,0.0,R,0.0,R,105.0,R,71.0,R,68.0,R,2.0,R,0.0,R,0.0,R,2.0,R,2.0,R,100.0,R,22.0
227526,2018,R,2176.0,R,2696.0,R,81.0,R,2043.0,R,0.0,R,0.0,R,2043.0,R,1503.0,R,74.0,R,8.0,R,0.0,R,0.0,R,8.0,R,4.0,R,50.0,R,19.0
227687,2018,R,336.0,R,1193.0,R,28.0,R,387.0,Z,0.0,Z,0.0,R,387.0,R,174.0,R,45.0,R,629.0,Z,0.0,Z,0.0,R,629.0,R,357.0,R,57.0,R,17.0
227748,2018,A,,A,,A,,R,34.0,Z,0.0,Z,0.0,R,34.0,R,29.0,R,85.0,R,2.0,Z,0.0,Z,0.0,R,2.0,R,2.0,R,100.0,R,14.0
227757,2018,R,956.0,R,1024.0,R,93.0,R,1046.0,R,2.0,R,0.0,R,1044.0,R,1017.0,R,97.0,A,,A,,A,,A,,A,,A,,R,6.0
227766,2018,R,433.0,R,8548.0,R,5.0,R,569.0,Z,0.0,Z,0.0,R,569.0,R,386.0,R,68.0,R,1382.0,Z,0.0,Z,0.0,R,1382.0,R,756.0,R,55.0,R,28.0
227845,2018,R,803.0,R,1077.0,R,75.0,R,790.0,R,0.0,R,0.0,R,790.0,R,622.0,R,79.0,R,3.0,R,0.0,R,0.0,R,3.0,R,0.0,R,0.0,R,15.0
227854,2018,R,329.0,R,1659.0,R,20.0,R,322.0,Z,0.0,Z,0.0,R,322.0,R,180.0,R,56.0,R,700.0,Z,0.0,Z,0.0,R,700.0,R,280.0,R,40.0,R,20.0
227863,2018,R,350.0,R,614.0,R,57.0,R,290.0,R,0.0,R,0.0,R,290.0,R,239.0,R,82.0,R,5.0,R,0.0,R,0.0,R,5.0,R,2.0,R,40.0,R,11.0
227881,2018,R,2827.0,R,5386.0,R,52.0,R,2780.0,R,0.0,R,0.0,R,2780.0,R,2105.0,R,76.0,R,93.0,R,0.0,R,0.0,R,93.0,R,50.0,R,54.0,R,21.0
227924,2018,R,976.0,R,3761.0,R,26.0,R,825.0,Z,0.0,Z,0.0,R,825.0,R,477.0,R,58.0,R,2043.0,Z,0.0,R,0.0,R,2043.0,R,752.0,R,37.0,R,21.0
227979,2018,R,2431.0,R,7935.0,R,31.0,R,2338.0,R,0.0,R,0.0,R,2338.0,R,1685.0,R,72.0,R,3193.0,R,0.0,R,0.0,R,3193.0,R,1836.0,R,58.0,R,20.0
228042,2018,R,359.0,R,602.0,R,60.0,R,341.0,R,0.0,R,0.0,R,341.0,R,208.0,R,61.0,R,0.0,R,0.0,R,0.0,R,0.0,R,0.0,A,,R,13.0
228088,2018,A,,A,,A,,R,5.0,R,0.0,R,0.0,R,5.0,R,3.0,R,60.0,A,,A,,A,,A,,A,,A,,R,12.0
228149,2018,R,638.0,R,753.0,R,85.0,R,643.0,R,0.0,R,0.0,R,643.0,R,485.0,R,75.0,R,0.0,R,0.0,R,0.0,R,0.0,R,0.0,A,,R,11.0
228158,2018,R,1570.0,R,3329.0,R,47.0,R,1349.0,R,0.0,R,0.0,R,1349.0,R,619.0,R,46.0,R,359.0,R,0.0,R,0.0,R,359.0,R,161.0,R,45.0,R,25.0
228185,2018,A,,A,,A,,R,6.0,R,0.0,R,0.0,R,6.0,R,6.0,R,100.0,R,0.0,R,0.0,R,0.0,R,0.0,R,0.0,A,,R,22.0
228200,2018,A,,A,,A,,R,177.0,Z,0.0,Z,0.0,R,177.0,R,118.0,R,67.0,A,,A,,A,,A,,A,,A,,R,26.0
228219,2018,A,,A,,A,,R,140.0,Z,0.0,Z,0.0,R,140.0,R,89.0,R,64.0,A,,A,,A,,A,,A,,A,,R,24.0
228246,2018,R,1526.0,R,1795.0,R,85.0,R,1421.0,R,0.0,R,0.0,R,1421.0,R,1287.0,R,91.0,R,2.0,R,0.0,R,0.0,R,2.0,R,2.0,R,100.0,R,11.0
228282,2018,A,,A,,A,,A,,A,,A,,A,,A,,A,,A,,A,,A,,A,,A,,A,,R,9.0
228316,2018,R,528.0,R,2726.0,R,19.0,R,608.0,Z,0.0,Z,0.0,R,608.0,R,379.0,R,62.0,R,420.0,R,0.0,R,0.0,R,420.0,R,228.0,R,54.0,R,21.0
228325,2018,R,296.0,R,549.0,R,54.0,R,188.0,R,0.0,R,0.0,R,188.0,R,131.0,R,70.0,R,7.0,R,0.0,R,0.0,R,7.0,R,5.0,R,71.0,R,15.0
228343,2018,R,441.0,R,490.0,R,90.0,R,362.0,R,0.0,R,0.0,R,362.0,R,293.0,R,81.0,A,,A,,A,,A,,A,,A,,R,12.0
228431,2018,R,2184.0,R,3844.0,R,57.0,R,2320.0,R,0.0,R,0.0,R,2320.0,R,1636.0,R,71.0,R,20.0,Z,0.0,Z,0.0,R,20.0,R,10.0,R,50.0,R,18.0
228459,2018,R,5966.0,R,9675.0,R,62.0,R,5661.0,R,1.0,R,71.0,R,5731.0,R,4421.0,R,77.0,R,213.0,R,0.0,R,0.0,R,213.0,R,119.0,R,56.0,R,22.0
228468,2018,R,127.0,R,243.0,R,52.0,R,128.0,R,0.0,R,0.0,R,128.0,R,82.0,R,64.0,R,0.0,R,0.0,R,0.0,R,0.0,R,0.0,A,,R,15.0
228486,2018,R,32.0,R,35.0,R,91.0,R,8.0,R,0.0,R,0.0,R,8.0,R,4.0,R,50.0,R,0.0,R,0.0,R,0.0,R,0.0,R,0.0,A,,R,15.0
228501,2018,R,344.0,R,594.0,R,58.0,R,328.0,R,0.0,R,0.0,R,328.0,R,159.0,R,48.0,R,5.0,R,0.0,R,0.0,R,5.0,R,2.0,R,40.0,R,15.0
228529,2018,R,2045.0,R,3540.0,R,58.0,R,1743.0,R,0.0,R,0.0,R,1743.0,R,1212.0,R,70.0,R,155.0,R,0.0,R,0.0,R,155.0,R,96.0,R,62.0,R,19.0
228547,2018,R,3999.0,R,15585.0,R,26.0,R,4186.0,Z,0.0,Z,0.0,R,4186.0,R,2628.0,R,63.0,R,4379.0,Z,0.0,Z,0.0,R,4379.0,R,2104.0,R,48.0,R,22.0
228608,2018,R,357.0,R,1058.0,R,34.0,R,412.0,R,0.0,R,0.0,R,412.0,R,232.0,R,56.0,R,252.0,R,0.0,Z,0.0,R,252.0,R,99.0,R,39.0,R,18.0
228644,2018,A,,A,,A,,A,,A,,A,,A,,A,,A,,A,,A,,A,,A,,A,,A,,R,6.0
228653,2018,A,,A,,A,,A,,A,,A,,A,,A,,A,,A,,A,,A,,A,,A,,A,,R,14.0
228699,2018,R,397.0,R,658.0,R,60.0,R,448.0,R,1.0,R,0.0,R,447.0,R,200.0,R,45.0,R,126.0,R,0.0,R,0.0,R,126.0,R,59.0,R,47.0,R,22.0
228705,2018,R,1213.0,R,1776.0,R,68.0,R,1078.0,R,0.0,R,0.0,R,1078.0,R,720.0,R,67.0,R,36.0,R,0.0,R,0.0,R,36.0,R,19.0,R,53.0,R,18.0
228723,2018,R,10049.0,R,14239.0,R,71.0,R,10099.0,Z,0.0,Z,0.0,R,10099.0,R,9294.0,R,92.0,R,1540.0,Z,0.0,Z,0.0,R,1540.0,R,1402.0,R,91.0,R,20.0
228769,2018,R,3400.0,R,9560.0,R,36.0,R,3158.0,Z,0.0,Z,0.0,R,3158.0,R,2323.0,R,74.0,R,210.0,Z,0.0,Z,0.0,R,210.0,R,125.0,R,60.0,R,24.0
228778,2018,R,8817.0,R,10664.0,R,83.0,R,8238.0,R,0.0,R,0.0,R,8238.0,R,7822.0,R,95.0,R,143.0,R,0.0,R,0.0,R,143.0,R,127.0,R,89.0,R,18.0
228787,2018,R,3751.0,R,6016.0,R,62.0,R,3085.0,R,0.0,R,0.0,R,3085.0,R,2730.0,R,88.0,R,92.0,R,0.0,R,0.0,R,92.0,R,67.0,R,73.0,R,25.0
228796,2018,R,2896.0,R,5434.0,R,53.0,R,3084.0,R,0.0,R,0.0,R,3084.0,R,2250.0,R,73.0,R,505.0,R,0.0,R,0.0,R,505.0,R,246.0,R,49.0,R,20.0
228802,2018,R,824.0,R,2454.0,R,34.0,R,650.0,Z,0.0,Z,0.0,R,650.0,R,400.0,R,62.0,R,66.0,Z,0.0,Z,0.0,R,66.0,R,44.0,R,67.0,R,19.0
228875,2018,R,2187.0,R,2706.0,R,81.0,R,1949.0,R,0.0,R,0.0,R,1949.0,R,1784.0,R,92.0,R,6.0,R,0.0,R,0.0,R,6.0,R,5.0,R,83.0,R,13.0
228884,2018,R,274.0,R,397.0,R,69.0,R,255.0,R,9.0,R,0.0,R,246.0,R,160.0,R,65.0,R,0.0,R,0.0,R,0.0,R,0.0,R,0.0,A,,R,25.0
228981,2018,R,364.0,R,479.0,R,76.0,R,416.0,R,0.0,R,0.0,R,416.0,R,297.0,R,71.0,R,1.0,R,0.0,R,0.0,R,1.0,R,0.0,R,0.0,R,14.0
229018,2018,R,363.0,R,1640.0,R,22.0,R,429.0,R,0.0,Z,0.0,R,429.0,R,291.0,R,68.0,R,23.0,R,0.0,R,0.0,R,23.0,R,17.0,R,74.0,R,20.0
229027,2018,R,4865.0,R,8433.0,R,58.0,R,4946.0,R,0.0,R,0.0,R,4946.0,R,3631.0,R,73.0,R,83.0,R,0.0,R,0.0,R,83.0,R,46.0,R,55.0,R,25.0
229063,2018,R,1503.0,R,2349.0,R,64.0,R,1755.0,Z,0.0,Z,0.0,R,1755.0,R,948.0,R,54.0,R,220.0,Z,0.0,Z,0.0,R,220.0,R,35.0,R,16.0,R,18.0
229115,2018,R,6083.0,R,9731.0,R,63.0,R,5784.0,R,1.0,R,0.0,R,5783.0,R,4913.0,R,85.0,R,99.0,R,0.0,R,0.0,R,99.0,R,60.0,R,61.0,R,20.0
229160,2018,R,298.0,R,527.0,R,57.0,R,306.0,R,0.0,R,0.0,R,306.0,R,155.0,R,51.0,R,0.0,R,0.0,R,0.0,R,0.0,R,0.0,A,,R,15.0
229179,2018,R,1223.0,R,3355.0,R,36.0,R,1249.0,R,0.0,R,0.0,R,1249.0,R,906.0,R,73.0,R,30.0,R,0.0,R,0.0,R,30.0,R,17.0,R,57.0,R,16.0
229267,2018,R,690.0,R,718.0,R,96.0,R,642.0,R,0.0,R,0.0,R,642.0,R,582.0,R,91.0,A,,A,,A,,A,,A,,A,,R,9.0
229300,2018,A,,A,,A,,A,,A,,A,,A,,A,,A,,A,,A,,A,,A,,A,,A,,R,5.0
229337,2018,A,,A,,A,,A,,A,,A,,A,,A,,A,,A,,A,,A,,A,,A,,A,,R,7.0
229355,2018,R,2697.0,R,4323.0,R,62.0,R,0.0,R,0.0,R,0.0,R,0.0,R,0.0,A,,R,0.0,R,0.0,R,0.0,R,0.0,R,0.0,A,,R,18.0
229416,2018,A,,A,,A,,R,376.0,R,1.0,R,0.0,R,375.0,R,248.0,R,66.0,A,,A,,A,,A,,A,,A,,R,33.0
229425,2018,A,,A,,A,,R,24.0,R,0.0,R,0.0,R,24.0,R,16.0,R,67.0,R,13.0,R,0.0,R,0.0,R,13.0,R,9.0,R,69.0,R,15.0
229504,2018,R,284.0,R,896.0,R,32.0,R,321.0,Z,0.0,Z,0.0,R,321.0,R,169.0,R,53.0,R,116.0,Z,0.0,Z,0.0,R,116.0,R,46.0,R,40.0,R,15.0
229522,2018,A,,A,,A,,R,13.0,Z,0.0,Z,0.0,R,13.0,R,8.0,R,62.0,R,8.0,Z,0.0,Z,0.0,R,8.0,R,6.0,R,75.0,R,4.0
229540,2018,R,385.0,R,1289.0,R,30.0,R,320.0,R,0.0,R,0.0,R,320.0,R,222.0,R,69.0,R,313.0,R,1.0,R,0.0,R,312.0,R,148.0,R,47.0,R,16.0
229656,2018,A,,A,,A,,R,90.0,R,0.0,R,0.0,R,90.0,R,53.0,R,59.0,R,18.0,Z,0.0,Z,0.0,R,18.0,R,17.0,R,94.0,R,12.0
229780,2018,R,281.0,R,591.0,R,48.0,R,271.0,R,0.0,R,0.0,R,271.0,R,132.0,R,49.0,R,26.0,R,0.0,R,0.0,R,26.0,R,15.0,R,58.0,R,8.0
229799,2018,R,754.0,R,2360.0,R,32.0,R,876.0,R,0.0,R,0.0,R,876.0,R,488.0,R,56.0,R,256.0,R,0.0,R,0.0,R,256.0,R,108.0,R,42.0,R,18.0
229814,2018,R,1170.0,R,2231.0,R,52.0,R,1228.0,R,0.0,R,0.0,R,1228.0,R,824.0,R,67.0,R,17.0,R,0.0,R,0.0,R,17.0,R,9.0,R,53.0,R,20.0
229832,2018,R,243.0,R,656.0,R,37.0,R,229.0,R,0.0,R,0.0,R,229.0,R,127.0,R,55.0,R,78.0,R,0.0,R,0.0,R,78.0,R,43.0,R,55.0,R,20.0
229841,2018,R,1338.0,R,2603.0,R,51.0,R,1278.0,R,0.0,R,0.0,R,1278.0,R,903.0,R,71.0,R,422.0,R,0.0,R,0.0,R,422.0,R,211.0,R,50.0,R,20.0
229887,2018,R,123.0,R,209.0,R,59.0,R,175.0,R,0.0,R,0.0,R,175.0,R,68.0,R,39.0,A,,A,,A,,A,,A,,A,,R,14.0
229957,2018,A,,A,,A,,R,0.0,R,0.0,R,0.0,R,0.0,R,0.0,A,,R,15.0,R,0.0,R,0.0,R,15.0,R,14.0,R,93.0,R,4.0
230010,2018,A,,A,,A,,R,234.0,R,3.0,R,0.0,R,231.0,R,127.0,R,55.0,R,238.0,R,3.0,R,0.0,R,235.0,R,143.0,R,61.0,R,16.0
230038,2018,R,5635.0,R,6544.0,R,86.0,R,5352.0,R,2007.0,R,0.0,R,3345.0,R,2944.0,R,88.0,R,88.0,R,22.0,R,0.0,R,66.0,R,44.0,R,67.0,R,20.0
230047,2018,R,525.0,R,702.0,R,75.0,R,607.0,R,142.0,R,0.0,R,465.0,R,295.0,R,63.0,R,4.0,R,0.0,R,0.0,R,4.0,R,1.0,R,25.0,R,17.0
230056,2018,R,18.0,R,50.0,R,36.0,R,0.0,R,0.0,R,0.0,R,0.0,R,0.0,A,,R,0.0,R,0.0,R,0.0,R,0.0,R,0.0,A,,R,8.0
230065,2018,A,,A,,A,,R,16.0,R,0.0,R,0.0,R,16.0,R,13.0,R,81.0,R,5.0,R,0.0,R,0.0,R,5.0,R,4.0,R,80.0,R,9.0
230144,2018,A,,A,,A,,R,4.0,R,0.0,R,0.0,R,4.0,R,3.0,R,75.0,A,,A,,A,,A,,A,,A,,R,10.0
230162,2018,A,,A,,A,,R,95.0,R,0.0,Z,0.0,R,95.0,R,60.0,R,63.0,R,215.0,R,1.0,Z,0.0,R,214.0,R,109.0,R,51.0,R,10.0
230171,2018,R,1942.0,R,4183.0,R,46.0,R,1356.0,R,93.0,Z,0.0,R,1263.0,R,666.0,R,53.0,R,146.0,R,4.0,R,0.0,R,142.0,R,47.0,R,33.0,R,20.0
230199,2018,A,,A,,A,,R,20.0,R,0.0,R,0.0,R,20.0,R,4.0,R,20.0,A,,A,,A,,A,,A,,A,,R,13.0
230205,2018,A,,A,,A,,R,10.0,R,0.0,R,0.0,R,10.0,R,10.0,R,100.0,R,2.0,R,0.0,R,0.0,R,2.0,R,2.0,R,100.0,R,20.0
230214,2018,A,,A,,A,,R,6.0,R,0.0,R,0.0,R,6.0,R,6.0,R,100.0,R,6.0,R,0.0,R,0.0,R,6.0,R,4.0,R,67.0,R,15.0
230366,2018,R,20.0,R,68.0,R,29.0,R,18.0,R,0.0,Z,0.0,R,18.0,R,11.0,R,61.0,R,6.0,R,0.0,Z,0.0,R,6.0,R,1.0,R,17.0,R,8.0
230418,2018,R,399.0,R,803.0,R,50.0,R,380.0,R,0.0,R,0.0,R,380.0,R,195.0,R,51.0,R,121.0,R,0.0,R,0.0,R,121.0,R,35.0,R,29.0,R,21.0
230490,2018,A,,A,,A,,R,41.0,R,3.0,R,0.0,R,38.0,R,18.0,R,47.0,R,128.0,R,1.0,R,0.0,R,127.0,R,62.0,R,49.0,R,11.0
230597,2018,R,1397.0,R,3089.0,R,45.0,R,1453.0,R,363.0,R,0.0,R,1090.0,R,697.0,R,64.0,R,100.0,R,38.0,R,0.0,R,62.0,R,24.0,R,39.0,R,20.0
230603,2018,R,2042.0,R,3431.0,R,60.0,R,1687.0,R,263.0,R,0.0,R,1424.0,R,1037.0,R,73.0,R,47.0,R,7.0,R,0.0,R,40.0,R,17.0,R,43.0,R,19.0
230621,2018,A,,A,,A,,R,11.0,R,0.0,R,0.0,R,11.0,R,5.0,R,45.0,A,,A,,A,,A,,A,,A,,R,15.0
230630,2018,A,,A,,A,,R,3.0,R,0.0,R,0.0,R,3.0,R,2.0,R,67.0,A,,A,,A,,A,,A,,A,,R,8.0
230676,2018,A,,A,,A,,R,52.0,R,0.0,R,0.0,R,52.0,R,40.0,R,77.0,R,42.0,R,0.0,R,0.0,R,42.0,R,27.0,R,64.0,R,8.0
230728,2018,R,4086.0,R,5843.0,R,70.0,R,3370.0,R,510.0,Z,0.0,R,2860.0,R,2075.0,R,73.0,R,198.0,R,14.0,Z,0.0,R,184.0,R,98.0,R,53.0,R,20.0
230737,2018,R,3601.0,R,7838.0,R,46.0,R,1774.0,R,248.0,R,0.0,R,1526.0,R,983.0,R,64.0,R,561.0,R,37.0,R,0.0,R,524.0,R,232.0,R,44.0,R,22.0
230746,2018,R,1852.0,R,6757.0,R,27.0,R,2064.0,Z,0.0,Z,0.0,R,2064.0,R,1233.0,R,60.0,R,2333.0,R,3.0,Z,0.0,R,2330.0,R,1025.0,R,44.0,R,18.0
230764,2018,R,3987.0,R,6135.0,R,65.0,R,3853.0,R,463.0,Z,0.0,R,3390.0,R,3003.0,R,89.0,R,266.0,R,31.0,R,0.0,R,235.0,R,129.0,R,55.0,R,17.0
230782,2018,R,2515.0,R,12620.0,R,20.0,R,1350.0,R,90.0,R,0.0,R,1260.0,R,822.0,R,65.0,R,384.0,R,11.0,Z,0.0,R,373.0,R,161.0,R,43.0,R,21.0
230807,2018,R,435.0,R,609.0,R,71.0,R,365.0,R,10.0,R,0.0,R,355.0,R,290.0,R,82.0,R,3.0,R,0.0,R,0.0,R,3.0,R,1.0,R,33.0,R,8.0
230816,2018,R,198.0,R,228.0,R,87.0,R,219.0,R,0.0,R,0.0,R,219.0,R,160.0,R,73.0,R,6.0,R,0.0,R,0.0,R,6.0,R,1.0,R,17.0,R,9.0
230834,2018,R,423.0,R,681.0,R,62.0,R,365.0,R,0.0,R,0.0,R,365.0,R,253.0,R,69.0,R,3.0,R,0.0,R,0.0,R,3.0,R,0.0,R,0.0,R,18.0
230852,2018,R,536.0,R,798.0,R,67.0,R,586.0,R,0.0,R,0.0,R,586.0,R,454.0,R,77.0,R,1.0,R,0.0,R,0.0,R,1.0,R,0.0,R,0.0,R,14.0
230861,2018,R,194.0,R,2148.0,R,9.0,R,212.0,R,0.0,R,0.0,R,212.0,R,113.0,R,53.0,R,528.0,R,17.0,Z,0.0,R,511.0,R,175.0,R,34.0,R,13.0
230889,2018,R,5.0,R,61.0,R,8.0,R,4.0,R,0.0,R,0.0,R,4.0,R,2.0,R,50.0,R,0.0,R,0.0,R,0.0,R,0.0,R,0.0,A,,R,13.0
230898,2018,R,115.0,R,157.0,R,73.0,R,111.0,R,0.0,R,0.0,R,111.0,R,78.0,R,70.0,A,,A,,A,,A,,A,,A,,R,14.0
230913,2018,R,399.0,R,788.0,R,51.0,R,403.0,R,0.0,R,0.0,R,403.0,R,266.0,R,66.0,R,12.0,R,0.0,R,0.0,R,12.0,R,6.0,R,50.0,R,15.0
230940,2018,R,38.0,R,46.0,R,83.0,R,28.0,R,0.0,R,0.0,R,28.0,R,17.0,R,61.0,A,,A,,A,,A,,A,,A,,R,4.0
230959,2018,R,628.0,R,646.0,R,97.0,R,635.0,R,0.0,R,0.0,R,635.0,R,612.0,R,96.0,A,,A,,A,,A,,A,,A,,R,8.0
230977,2018,R,23.0,R,32.0,R,72.0,R,18.0,R,0.0,R,0.0,R,18.0,R,18.0,R,100.0,A,,A,,A,,A,,A,,A,,R,6.0
230995,2018,R,677.0,R,918.0,R,74.0,R,681.0,R,0.0,R,0.0,R,681.0,R,536.0,R,79.0,R,1.0,R,0.0,R,0.0,R,1.0,R,0.0,R,0.0,R,14.0
231004,2018,A,,A,,A,,R,5.0,R,0.0,R,0.0,R,5.0,R,2.0,R,40.0,A,,A,,A,,A,,A,,A,,R,8.0
231059,2018,R,448.0,R,496.0,R,90.0,R,408.0,R,0.0,R,0.0,R,408.0,R,341.0,R,84.0,R,1.0,R,0.0,R,0.0,R,1.0,R,1.0,R,100.0,R,13.0
231077,2018,R,24.0,R,47.0,R,51.0,R,67.0,R,0.0,R,0.0,R,67.0,R,30.0,R,45.0,R,0.0,R,0.0,R,0.0,R,0.0,R,0.0,A,,R,7.0
231086,2018,R,79.0,R,133.0,R,59.0,R,84.0,R,0.0,R,0.0,R,84.0,R,49.0,R,58.0,R,0.0,R,0.0,R,0.0,R,0.0,R,0.0,A,,R,10.0
231095,2018,R,19.0,R,64.0,R,30.0,R,28.0,R,0.0,R,0.0,R,28.0,R,16.0,R,57.0,R,0.0,R,0.0,R,0.0,R,0.0,R,0.0,A,,R,7.0
231165,2018,R,222.0,R,703.0,R,32.0,R,98.0,R,0.0,R,0.0,R,98.0,R,75.0,R,77.0,R,7.0,R,0.0,R,0.0,R,7.0,R,5.0,R,71.0,R,11.0
231174,2018,R,2512.0,R,3293.0,R,76.0,R,2622.0,R,1.0,R,4.0,R,2625.0,R,2276.0,R,87.0,R,20.0,Z,0.0,Z,0.0,R,20.0,R,12.0,R,60.0,R,16.0
231280,2018,A,,A,,A,,R,45.0,R,0.0,R,0.0,R,45.0,R,16.0,R,36.0,R,24.0,R,0.0,R,0.0,R,24.0,R,10.0,R,42.0,R,6.0
231411,2018,R,216.0,R,243.0,R,89.0,R,169.0,R,10.0,R,0.0,R,159.0,R,119.0,R,75.0,A,,A,,A,,A,,A,,A,,R,20.0
231420,2018,R,291.0,R,357.0,R,82.0,R,280.0,R,1.0,R,0.0,R,279.0,R,176.0,R,63.0,R,0.0,R,0.0,R,0.0,R,0.0,R,0.0,A,,R,12.0
231536,2018,R,476.0,R,1054.0,R,45.0,R,468.0,R,0.0,R,0.0,R,468.0,R,278.0,R,59.0,R,413.0,R,0.0,R,0.0,R,413.0,R,176.0,R,43.0,R,20.0
231554,2018,R,220.0,R,381.0,R,58.0,R,208.0,Z,0.0,Z,0.0,R,208.0,R,107.0,R,51.0,R,0.0,Z,0.0,Z,0.0,R,0.0,R,0.0,A,,R,14.0
231581,2018,R,590.0,R,632.0,R,93.0,R,534.0,R,0.0,R,0.0,R,534.0,R,361.0,R,68.0,A,,A,,A,,A,,A,,A,,R,14.0
231624,2018,R,1545.0,R,1720.0,R,90.0,R,1529.0,R,2.0,R,0.0,R,1527.0,R,1453.0,R,95.0,R,2.0,R,0.0,R,0.0,R,2.0,R,2.0,R,100.0,R,11.0
231651,2018,R,334.0,R,1503.0,R,22.0,R,275.0,R,0.0,R,0.0,R,275.0,R,210.0,R,76.0,R,131.0,R,0.0,R,0.0,R,131.0,R,34.0,R,26.0,R,47.0
231688,2018,A,,A,,A,,R,10.0,R,0.0,R,0.0,R,10.0,R,8.0,R,80.0,R,4.0,R,0.0,R,0.0,R,4.0,R,3.0,R,75.0,R,7.0
231697,2018,R,385.0,R,943.0,R,41.0,R,343.0,R,0.0,R,0.0,R,343.0,R,207.0,R,60.0,R,320.0,R,0.0,R,0.0,R,320.0,R,121.0,R,38.0,R,18.0
231712,2018,R,1228.0,R,1372.0,R,90.0,R,1293.0,R,0.0,R,0.0,R,1293.0,R,1126.0,R,87.0,R,0.0,R,0.0,R,0.0,R,0.0,R,0.0,A,,R,14.0
231721,2018,A,,A,,A,,R,0.0,R,0.0,R,0.0,R,0.0,R,0.0,A,,R,0.0,R,0.0,R,0.0,R,0.0,R,0.0,A,,R,10.0
231785,2018,R,85.0,R,205.0,R,41.0,R,0.0,R,0.0,R,0.0,R,0.0,R,0.0,A,,R,0.0,R,0.0,R,0.0,R,0.0,R,0.0,A,,R,13.0
231828,2018,R,30.0,R,264.0,R,11.0,R,0.0,R,0.0,R,0.0,R,0.0,R,0.0,A,,R,0.0,R,0.0,R,0.0,R,0.0,R,0.0,A,,R,23.0
231837,2018,R,63.0,R,264.0,R,24.0,R,52.0,R,0.0,R,0.0,R,52.0,R,34.0,R,65.0,R,1.0,R,0.0,R,0.0,R,1.0,R,1.0,R,100.0,R,8.0
231873,2018,R,148.0,R,228.0,R,65.0,R,136.0,R,0.0,R,0.0,R,136.0,R,77.0,R,57.0,R,45.0,R,0.0,R,0.0,R,45.0,R,18.0,R,40.0,R,14.0
231882,2018,R,345.0,R,597.0,R,58.0,R,308.0,R,0.0,R,0.0,R,308.0,R,204.0,R,66.0,R,134.0,R,0.0,R,0.0,R,134.0,R,54.0,R,40.0,R,21.0
232016,2018,R,12.0,R,12.0,R,100.0,R,0.0,Z,0.0,Z,0.0,R,0.0,R,0.0,A,,A,,A,,A,,A,,A,,A,,R,6.0
232025,2018,R,268.0,R,330.0,R,81.0,R,253.0,R,0.0,R,0.0,R,253.0,R,186.0,R,74.0,R,0.0,R,0.0,R,0.0,R,0.0,R,0.0,A,,R,10.0
232043,2018,R,200.0,R,288.0,R,69.0,R,189.0,R,0.0,R,0.0,R,189.0,R,133.0,R,70.0,R,0.0,R,0.0,R,0.0,R,0.0,R,0.0,A,,R,9.0
232052,2018,R,57.0,R,125.0,R,46.0,R,52.0,R,0.0,R,0.0,R,52.0,R,32.0,R,62.0,R,64.0,R,0.0,R,0.0,R,64.0,R,36.0,R,56.0,R,11.0
232089,2018,R,416.0,R,457.0,R,91.0,R,359.0,R,0.0,R,0.0,R,359.0,R,177.0,R,49.0,A,,A,,A,,A,,A,,A,,R,13.0
232186,2018,R,3664.0,R,7097.0,R,52.0,R,3442.0,R,1.0,R,0.0,R,3441.0,R,2983.0,R,87.0,R,47.0,R,0.0,R,0.0,R,47.0,R,31.0,R,66.0,R,17.0
232195,2018,R,799.0,R,1760.0,R,45.0,R,653.0,R,0.0,R,0.0,R,653.0,R,445.0,R,68.0,R,581.0,R,0.0,R,0.0,R,581.0,R,267.0,R,46.0,R,22.0
232256,2018,R,343.0,R,354.0,R,97.0,R,312.0,R,1.0,R,0.0,R,311.0,R,253.0,R,81.0,A,,A,,A,,A,,A,,A,,R,11.0
232265,2018,R,910.0,R,1032.0,R,88.0,R,1015.0,R,0.0,R,0.0,R,1015.0,R,756.0,R,74.0,R,3.0,R,0.0,R,0.0,R,3.0,R,1.0,R,33.0,R,13.0
232308,2018,R,199.0,R,232.0,R,86.0,R,155.0,R,0.0,R,0.0,R,155.0,R,121.0,R,78.0,R,0.0,R,0.0,R,0.0,R,0.0,R,0.0,A,,R,10.0
232414,2018,R,542.0,R,1936.0,R,28.0,R,502.0,R,0.0,R,0.0,R,502.0,R,331.0,R,66.0,R,709.0,R,0.0,R,0.0,R,709.0,R,328.0,R,46.0,R,18.0
232423,2018,R,4540.0,R,5340.0,R,85.0,R,4665.0,R,0.0,R,0.0,R,4665.0,R,4216.0,R,90.0,R,3.0,R,0.0,R,0.0,R,3.0,R,2.0,R,67.0,R,16.0
232450,2018,R,817.0,R,2091.0,R,39.0,R,922.0,R,0.0,R,0.0,R,922.0,R,597.0,R,65.0,R,609.0,R,0.0,R,0.0,R,609.0,R,278.0,R,46.0,R,23.0
232557,2018,R,3645.0,R,9814.0,R,37.0,R,3211.0,R,0.0,Z,0.0,R,3211.0,R,2628.0,R,82.0,R,515.0,R,0.0,Z,0.0,R,515.0,R,211.0,R,41.0,R,18.0
232566,2018,R,1003.0,R,1307.0,R,77.0,R,1016.0,R,1.0,R,0.0,R,1015.0,R,762.0,R,75.0,R,37.0,R,0.0,R,0.0,R,37.0,R,21.0,R,57.0,R,14.0
232575,2018,R,637.0,R,1458.0,R,44.0,R,581.0,R,0.0,R,0.0,R,581.0,R,382.0,R,66.0,R,522.0,R,0.0,R,0.0,R,522.0,R,236.0,R,45.0,R,21.0
232609,2018,R,534.0,R,627.0,R,85.0,R,542.0,R,0.0,R,0.0,R,542.0,R,428.0,R,79.0,R,0.0,Z,0.0,Z,0.0,R,0.0,R,0.0,A,,R,11.0
232618,2018,R,12.0,R,79.0,R,15.0,R,0.0,R,0.0,R,0.0,R,0.0,R,0.0,A,,R,0.0,R,0.0,R,0.0,R,0.0,R,0.0,A,,R,11.0
232672,2018,R,369.0,R,565.0,R,65.0,R,106.0,R,0.0,R,0.0,R,106.0,R,80.0,R,75.0,R,3.0,R,0.0,R,0.0,R,3.0,R,2.0,R,67.0,R,10.0
232681,2018,R,920.0,R,1263.0,R,73.0,R,932.0,R,0.0,R,0.0,R,932.0,R,760.0,R,82.0,R,18.0,R,0.0,R,0.0,R,18.0,R,14.0,R,78.0,R,14.0
232706,2018,R,414.0,R,679.0,R,61.0,R,401.0,R,0.0,R,0.0,R,401.0,R,290.0,R,72.0,R,4.0,R,0.0,R,0.0,R,4.0,R,3.0,R,75.0,R,13.0
232724,2018,A,,A,,A,,A,,A,,A,,A,,A,,A,,A,,A,,A,,A,,A,,A,,R,4.0
232788,2018,R,272.0,R,492.0,R,55.0,R,344.0,R,0.0,R,0.0,R,344.0,R,207.0,R,60.0,R,88.0,R,0.0,R,0.0,R,88.0,R,25.0,R,28.0,R,20.0
232797,2018,R,92.0,R,275.0,R,33.0,R,0.0,R,0.0,R,0.0,R,0.0,R,0.0,A,,R,0.0,R,0.0,R,0.0,R,0.0,R,0.0,A,,R,18.0
232867,2018,R,553.0,R,963.0,R,57.0,R,520.0,R,0.0,R,0.0,R,520.0,R,339.0,R,65.0,R,124.0,R,0.0,R,0.0,R,124.0,R,51.0,R,41.0,R,32.0
232885,2018,A,,A,,A,,A,,A,,A,,A,,A,,A,,A,,A,,A,,A,,A,,A,,R,9.0
232919,2018,A,,A,,A,,R,56.0,Z,0.0,Z,0.0,R,56.0,R,52.0,R,93.0,R,4.0,Z,0.0,Z,0.0,R,4.0,R,4.0,R,100.0,R,15.0
232937,2018,R,1067.0,R,1490.0,R,72.0,R,1010.0,R,0.0,R,0.0,R,1010.0,R,705.0,R,70.0,R,0.0,R,0.0,R,0.0,R,0.0,R,0.0,A,,R,16.0
232946,2018,R,5667.0,R,10879.0,R,52.0,R,5505.0,R,0.0,R,0.0,R,5505.0,R,3974.0,R,72.0,R,3114.0,R,0.0,R,0.0,R,3114.0,R,1647.0,R,53.0,R,25.0
232982,2018,R,3150.0,R,5204.0,R,61.0,R,2916.0,R,53.0,R,0.0,R,2863.0,R,2252.0,R,79.0,R,22.0,R,0.0,R,0.0,R,22.0,R,13.0,R,59.0,R,17.0
233019,2018,R,403.0,R,603.0,R,67.0,R,325.0,R,0.0,R,0.0,R,325.0,R,211.0,R,65.0,R,115.0,R,0.0,R,0.0,R,115.0,R,60.0,R,52.0,R,17.0
233037,2018,R,135.0,R,273.0,R,49.0,R,98.0,R,0.0,R,0.0,R,98.0,R,63.0,R,64.0,R,77.0,R,0.0,R,0.0,R,77.0,R,19.0,R,25.0,R,13.0
233082,2018,A,,A,,A,,R,0.0,R,0.0,R,0.0,R,0.0,R,0.0,A,,R,0.0,R,0.0,R,0.0,R,0.0,R,0.0,A,,R,4.0
233116,2018,R,354.0,R,1034.0,R,34.0,R,397.0,R,0.0,R,0.0,R,397.0,R,263.0,R,66.0,R,361.0,R,0.0,R,0.0,R,361.0,R,175.0,R,48.0,R,18.0
233277,2018,R,1759.0,R,2377.0,R,74.0,R,1845.0,R,1.0,R,0.0,R,1844.0,R,1308.0,R,71.0,R,3.0,R,0.0,R,0.0,R,3.0,R,1.0,R,33.0,R,16.0
233286,2018,A,,A,,A,,R,34.0,R,0.0,R,0.0,R,34.0,R,25.0,R,74.0,A,,A,,A,,A,,A,,A,,R,9.0
233295,2018,R,420.0,R,473.0,R,89.0,R,374.0,R,0.0,R,0.0,R,374.0,R,320.0,R,86.0,R,0.0,R,0.0,R,0.0,R,0.0,R,0.0,A,,R,11.0
233301,2018,R,166.0,R,207.0,R,80.0,R,202.0,R,0.0,R,0.0,R,202.0,R,131.0,R,65.0,A,,A,,A,,A,,A,,A,,R,9.0
233310,2018,R,189.0,R,488.0,R,39.0,R,184.0,R,0.0,R,0.0,R,184.0,R,117.0,R,64.0,R,210.0,R,0.0,R,0.0,R,210.0,R,90.0,R,43.0,R,19.0
233329,2018,A,,A,,A,,R,16.0,Z,0.0,Z,0.0,R,16.0,R,5.0,R,31.0,A,,A,,A,,A,,A,,A,,R,16.0
233338,2018,R,425.0,R,473.0,R,90.0,R,372.0,R,0.0,R,0.0,R,372.0,R,239.0,R,64.0,R,29.0,R,0.0,R,0.0,R,29.0,R,9.0,R,31.0,R,26.0
233356,2018,A,,A,,A,,A,,A,,A,,A,,A,,A,,A,,A,,A,,A,,A,,A,,R,10.0
233374,2018,R,831.0,R,1002.0,R,83.0,R,799.0,R,1.0,Z,0.0,R,798.0,R,746.0,R,93.0,R,2.0,R,0.0,Z,0.0,R,2.0,R,1.0,R,50.0,R,8.0
233408,2018,R,6.0,R,6.0,R,100.0,R,8.0,R,0.0,R,0.0,R,8.0,R,6.0,R,75.0,A,,A,,A,,A,,A,,A,,R,11.0
233426,2018,R,576.0,R,642.0,R,90.0,R,557.0,R,1.0,R,0.0,R,556.0,R,435.0,R,78.0,R,0.0,R,0.0,R,0.0,R,0.0,R,0.0,A,,R,11.0
233480,2018,A,,A,,A,,A,,A,,A,,A,,A,,A,,A,,A,,A,,A,,A,,A,,R,6.0
233541,2018,R,443.0,R,574.0,R,77.0,R,438.0,R,0.0,R,0.0,R,438.0,R,363.0,R,83.0,R,0.0,R,0.0,R,0.0,R,0.0,R,0.0,A,,R,11.0
233611,2018,R,306.0,R,400.0,R,77.0,R,270.0,R,85.0,R,0.0,R,185.0,R,149.0,R,81.0,R,1.0,R,0.0,R,0.0,R,1.0,R,0.0,R,0.0,R,15.0
233639,2018,R,217.0,R,526.0,R,41.0,R,236.0,R,0.0,R,0.0,R,236.0,R,138.0,R,58.0,R,190.0,R,0.0,R,0.0,R,190.0,R,75.0,R,39.0,R,21.0
233648,2018,R,341.0,R,515.0,R,66.0,R,335.0,R,0.0,R,0.0,R,335.0,R,193.0,R,58.0,R,99.0,R,0.0,R,0.0,R,99.0,R,46.0,R,46.0,R,24.0
233666,2018,A,,A,,A,,R,6.0,R,0.0,R,0.0,R,6.0,R,6.0,R,100.0,R,10.0,R,0.0,R,0.0,R,10.0,R,9.0,R,90.0,R,14.0
233684,2018,R,22.0,R,1041.0,R,2.0,R,21.0,R,0.0,R,0.0,R,21.0,R,7.0,R,33.0,R,173.0,R,0.0,R,0.0,R,173.0,R,68.0,R,39.0,R,37.0
233718,2018,R,110.0,R,143.0,R,77.0,R,79.0,R,0.0,R,0.0,R,79.0,R,58.0,R,73.0,A,,A,,A,,A,,A,,A,,R,7.0
233754,2018,R,803.0,R,1840.0,R,44.0,R,739.0,R,0.0,R,0.0,R,739.0,R,427.0,R,58.0,R,610.0,R,0.0,R,0.0,R,610.0,R,239.0,R,39.0,R,18.0
233772,2018,R,2222.0,R,5521.0,R,40.0,R,2423.0,R,0.0,R,0.0,R,2423.0,R,1383.0,R,57.0,R,1801.0,R,0.0,R,0.0,R,1801.0,R,682.0,R,38.0,R,20.0
233897,2018,R,307.0,R,890.0,R,34.0,R,257.0,Z,0.0,Z,0.0,R,257.0,R,184.0,R,72.0,R,0.0,Z,0.0,Z,0.0,R,0.0,R,0.0,A,,R,11.0
233903,2018,R,317.0,R,547.0,R,58.0,R,294.0,R,0.0,R,0.0,R,294.0,R,174.0,R,59.0,R,115.0,R,0.0,R,0.0,R,115.0,R,40.0,R,35.0,R,17.0
233921,2018,R,6254.0,R,7387.0,R,85.0,R,6769.0,R,1.0,R,0.0,R,6768.0,R,6283.0,R,93.0,R,4.0,R,0.0,R,0.0,R,4.0,R,1.0,R,25.0,R,14.0
233949,2018,R,716.0,R,1452.0,R,49.0,R,795.0,R,0.0,R,0.0,R,795.0,R,504.0,R,63.0,R,437.0,R,0.0,R,0.0,R,437.0,R,205.0,R,47.0,R,23.0
234030,2018,R,4517.0,R,6239.0,R,72.0,R,4117.0,R,1.0,R,0.0,R,4116.0,R,3480.0,R,85.0,R,13.0,R,0.0,R,0.0,R,13.0,R,7.0,R,54.0,R,18.0
234076,2018,R,3822.0,R,4835.0,R,79.0,R,3788.0,R,1.0,R,0.0,R,3787.0,R,3671.0,R,97.0,R,0.0,R,0.0,R,0.0,R,0.0,R,0.0,A,,R,15.0
234085,2018,R,454.0,R,493.0,R,92.0,R,424.0,R,0.0,R,0.0,R,424.0,R,377.0,R,89.0,A,,A,,A,,A,,A,,A,,R,10.0
234119,2018,A,,A,,A,,R,5.0,R,0.0,R,0.0,R,5.0,R,4.0,R,80.0,R,10.0,R,0.0,R,0.0,R,10.0,R,7.0,R,70.0,R,14.0
234137,2018,R,88.0,R,108.0,R,81.0,R,9.0,R,0.0,R,0.0,R,9.0,R,8.0,R,89.0,R,12.0,R,0.0,R,0.0,R,12.0,R,11.0,R,92.0,R,15.0
234155,2018,R,928.0,R,1195.0,R,78.0,R,1083.0,Z,0.0,Z,0.0,R,1083.0,R,713.0,R,66.0,R,62.0,Z,0.0,Z,0.0,R,62.0,R,36.0,R,58.0,R,13.0
234164,2018,R,170.0,R,276.0,R,62.0,R,337.0,R,0.0,R,0.0,R,337.0,R,230.0,R,68.0,R,1.0,R,0.0,R,0.0,R,1.0,R,0.0,R,0.0,R,16.0
234173,2018,R,354.0,R,491.0,R,72.0,R,423.0,R,0.0,R,0.0,R,423.0,R,264.0,R,62.0,A,,A,,A,,A,,A,,A,,R,12.0
234207,2018,R,474.0,R,492.0,R,96.0,R,471.0,R,0.0,R,0.0,R,471.0,R,453.0,R,96.0,A,,A,,A,,A,,A,,A,,R,8.0
234377,2018,R,297.0,R,567.0,R,52.0,R,308.0,R,0.0,R,0.0,R,308.0,R,185.0,R,60.0,R,133.0,R,0.0,R,0.0,R,133.0,R,55.0,R,41.0,R,23.0
234669,2018,R,735.0,R,3068.0,R,24.0,R,0.0,Z,0.0,Z,0.0,R,0.0,R,0.0,A,,R,0.0,Z,0.0,Z,0.0,R,0.0,R,0.0,A,,R,15.0
234696,2018,R,12.0,R,719.0,R,2.0,R,0.0,Z,0.0,Z,0.0,R,0.0,R,0.0,A,,R,0.0,Z,0.0,Z,0.0,R,0.0,R,0.0,A,,R,18.0
234711,2018,R,318.0,R,554.0,R,57.0,R,300.0,Z,0.0,Z,0.0,R,300.0,R,167.0,R,56.0,R,34.0,Z,0.0,Z,0.0,R,34.0,R,14.0,R,41.0,R,15.0
234827,2018,R,2004.0,R,3569.0,R,56.0,R,1668.0,R,0.0,R,0.0,R,1668.0,R,1170.0,R,70.0,R,20.0,R,0.0,R,0.0,R,20.0,R,12.0,R,60.0,R,21.0
234845,2018,R,314.0,R,841.0,R,37.0,R,0.0,Z,0.0,Z,0.0,R,0.0,R,0.0,A,,R,0.0,Z,0.0,Z,0.0,R,0.0,R,0.0,A,,R,15.0
234915,2018,A,,A,,A,,R,4.0,R,0.0,R,0.0,R,4.0,R,3.0,R,75.0,R,9.0,R,0.0,R,0.0,R,9.0,R,2.0,R,22.0,R,6.0
234924,2018,A,,A,,A,,R,22.0,R,0.0,R,0.0,R,22.0,R,13.0,R,59.0,A,,A,,A,,A,,A,,A,,R,15.0
234933,2018,R,973.0,R,2286.0,R,43.0,R,0.0,Z,0.0,Z,0.0,R,0.0,R,0.0,A,,R,0.0,Z,0.0,Z,0.0,R,0.0,R,0.0,A,,R,13.0
234951,2018,R,262.0,R,1080.0,R,24.0,R,0.0,Z,0.0,Z,0.0,R,0.0,R,0.0,A,,R,0.0,Z,0.0,Z,0.0,R,0.0,R,0.0,A,,R,21.0
234979,2018,R,901.0,R,1723.0,R,52.0,R,0.0,Z,0.0,Z,0.0,R,0.0,R,0.0,A,,R,0.0,Z,0.0,Z,0.0,R,0.0,R,0.0,A,,R,18.0
235024,2018,R,142.0,R,196.0,R,72.0,R,177.0,Z,0.0,Z,0.0,R,177.0,R,129.0,R,73.0,A,,A,,A,,A,,A,,A,,R,8.0
235088,2018,A,,A,,A,,R,166.0,Z,0.0,Z,0.0,R,166.0,R,152.0,R,92.0,A,,A,,A,,A,,A,,A,,R,17.0
235097,2018,R,1720.0,R,2900.0,R,59.0,R,1615.0,R,0.0,R,0.0,R,1615.0,R,1203.0,R,74.0,R,19.0,R,0.0,R,0.0,R,19.0,R,12.0,R,63.0,R,21.0
235103,2018,R,355.0,R,1890.0,R,19.0,R,0.0,Z,0.0,Z,0.0,R,0.0,R,0.0,A,,R,0.0,Z,0.0,Z,0.0,R,0.0,R,0.0,A,,R,13.0
235149,2018,R,609.0,R,1872.0,R,33.0,R,724.0,Z,0.0,Z,0.0,R,724.0,R,465.0,R,64.0,R,340.0,Z,0.0,Z,0.0,R,340.0,R,189.0,R,56.0,R,14.0
235158,2018,A,,A,,A,,R,28.0,R,0.0,R,0.0,R,28.0,R,26.0,R,93.0,A,,A,,A,,A,,A,,A,,R,14.0
235167,2018,R,302.0,R,761.0,R,40.0,R,509.0,R,1.0,R,0.0,R,508.0,R,334.0,R,66.0,R,12.0,R,0.0,R,0.0,R,12.0,R,6.0,R,50.0,R,21.0
235237,2018,R,382.0,R,1560.0,R,24.0,R,0.0,Z,0.0,Z,0.0,R,0.0,R,0.0,A,,R,0.0,Z,0.0,Z,0.0,R,0.0,R,0.0,A,,R,15.0
235307,2018,A,,A,,A,,R,24.0,R,0.0,R,0.0,R,24.0,R,20.0,R,83.0,A,,A,,A,,A,,A,,A,,R,15.0
235316,2018,R,1196.0,R,1396.0,R,86.0,R,1257.0,R,0.0,R,0.0,R,1257.0,R,1183.0,R,94.0,R,0.0,R,0.0,R,0.0,R,0.0,R,0.0,A,,R,11.0
235334,2018,R,266.0,R,470.0,R,57.0,R,0.0,Z,0.0,Z,0.0,R,0.0,R,0.0,A,,R,0.0,Z,0.0,Z,0.0,R,0.0,R,0.0,A,,R,16.0
235343,2018,R,681.0,R,1811.0,R,38.0,R,643.0,Z,0.0,Z,0.0,R,643.0,R,397.0,R,62.0,R,246.0,Z,0.0,Z,0.0,R,246.0,R,118.0,R,48.0,R,12.0
235352,2018,A,,A,,A,,R,9.0,R,0.0,R,0.0,R,9.0,R,8.0,R,89.0,A,,A,,A,,A,,A,,A,,R,10.0
235422,2018,R,95.0,R,253.0,R,38.0,R,107.0,R,0.0,R,0.0,R,107.0,R,69.0,R,64.0,R,1.0,Z,0.0,Z,0.0,R,1.0,R,0.0,R,0.0,R,7.0
235431,2018,R,361.0,R,1391.0,R,26.0,R,0.0,Z,0.0,Z,0.0,R,0.0,R,0.0,A,,R,0.0,Z,0.0,Z,0.0,R,0.0,R,0.0,A,,R,13.0
235501,2018,A,,A,,A,,R,62.0,R,0.0,R,0.0,R,62.0,R,41.0,R,66.0,A,,A,,A,,A,,A,,A,,R,6.0
235547,2018,A,,A,,A,,A,,A,,A,,A,,A,,A,,A,,A,,A,,A,,A,,A,,R,12.0
235583,2018,A,,A,,A,,R,33.0,Z,0.0,Z,0.0,R,33.0,R,21.0,R,64.0,A,,A,,A,,A,,A,,A,,R,14.0
235671,2018,R,166.0,R,1998.0,R,8.0,R,201.0,Z,0.0,Z,0.0,R,201.0,R,124.0,R,62.0,R,23.0,Z,0.0,Z,0.0,R,23.0,R,15.0,R,65.0,R,21.0
235699,2018,R,154.0,R,1254.0,R,12.0,R,0.0,Z,0.0,Z,0.0,R,0.0,R,0.0,A,,R,0.0,Z,0.0,Z,0.0,R,0.0,R,0.0,A,,R,12.0
235750,2018,R,201.0,R,711.0,R,28.0,R,228.0,Z,0.0,Z,0.0,R,228.0,R,123.0,R,54.0,R,81.0,Z,0.0,Z,0.0,R,81.0,R,30.0,R,37.0,R,13.0
236018,2018,A,,A,,A,,R,2.0,R,0.0,R,0.0,R,2.0,R,2.0,R,100.0,A,,A,,A,,A,,A,,A,,R,8.0
236072,2018,R,177.0,R,1904.0,R,9.0,R,0.0,Z,0.0,Z,0.0,R,0.0,R,0.0,A,,R,0.0,Z,0.0,Z,0.0,R,0.0,R,0.0,A,,R,17.0
236133,2018,R,219.0,R,349.0,R,63.0,R,188.0,R,0.0,R,0.0,R,188.0,R,158.0,R,84.0,R,2.0,R,0.0,R,0.0,R,2.0,R,1.0,R,50.0,R,12.0
236188,2018,R,406.0,R,1372.0,R,30.0,R,0.0,R,0.0,R,0.0,R,0.0,R,0.0,A,,R,0.0,R,0.0,R,0.0,R,0.0,R,0.0,A,,R,18.0
236212,2018,A,,A,,A,,R,202.0,R,0.0,R,0.0,R,202.0,R,173.0,R,86.0,A,,A,,A,,A,,A,,A,,R,16.0
236230,2018,R,649.0,R,845.0,R,77.0,R,619.0,R,0.0,R,0.0,R,619.0,R,514.0,R,83.0,A,,A,,A,,A,,A,,A,,R,12.0
236258,2018,R,160.0,R,390.0,R,41.0,R,0.0,Z,0.0,Z,0.0,R,0.0,R,0.0,A,,R,0.0,Z,0.0,Z,0.0,R,0.0,R,0.0,A,,R,14.0
236328,2018,R,653.0,R,711.0,R,92.0,R,590.0,R,1.0,R,0.0,R,589.0,R,475.0,R,81.0,R,3.0,R,0.0,R,0.0,R,3.0,R,1.0,R,33.0,R,11.0
236382,2018,R,181.0,R,1139.0,R,16.0,R,0.0,Z,0.0,R,0.0,R,0.0,R,0.0,A,,R,0.0,R,0.0,R,0.0,R,0.0,R,0.0,A,,R,17.0
236452,2018,R,239.0,R,473.0,R,51.0,R,275.0,R,0.0,R,0.0,R,275.0,R,215.0,R,78.0,R,3.0,R,0.0,R,0.0,R,3.0,R,3.0,R,100.0,R,11.0
236504,2018,R,226.0,R,1889.0,R,12.0,R,0.0,Z,0.0,Z,0.0,R,0.0,R,0.0,A,,R,0.0,Z,0.0,Z,0.0,R,0.0,R,0.0,A,,R,18.0
236513,2018,R,206.0,R,1750.0,R,12.0,R,0.0,Z,0.0,Z,0.0,R,0.0,R,0.0,A,,R,0.0,Z,0.0,Z,0.0,R,0.0,R,0.0,A,,R,14.0
236577,2018,R,708.0,R,921.0,R,77.0,R,642.0,R,0.0,R,0.0,R,642.0,R,512.0,R,80.0,R,5.0,R,0.0,R,0.0,R,5.0,R,3.0,R,60.0,R,13.0
236595,2018,R,1074.0,R,1517.0,R,71.0,R,948.0,R,0.0,Z,0.0,R,948.0,R,808.0,R,85.0,R,9.0,R,0.0,Z,0.0,R,9.0,R,2.0,R,22.0,R,11.0
236610,2018,R,279.0,R,1640.0,R,17.0,R,313.0,Z,0.0,Z,0.0,R,313.0,R,194.0,R,62.0,R,120.0,Z,0.0,Z,0.0,R,120.0,R,54.0,R,45.0,R,13.0
236638,2018,R,407.0,R,1380.0,R,29.0,R,0.0,Z,0.0,Z,0.0,R,0.0,R,0.0,A,,R,0.0,Z,0.0,Z,0.0,R,0.0,R,0.0,A,,R,15.0
236656,2018,R,476.0,R,1269.0,R,38.0,R,482.0,Z,0.0,Z,0.0,R,482.0,R,284.0,R,59.0,R,205.0,Z,0.0,Z,0.0,R,205.0,R,89.0,R,43.0,R,15.0
236692,2018,R,792.0,R,3325.0,R,24.0,R,0.0,Z,0.0,Z,0.0,R,0.0,R,0.0,A,,R,0.0,Z,0.0,Z,0.0,R,0.0,R,0.0,A,,R,21.0
236708,2018,R,977.0,R,1956.0,R,50.0,R,0.0,Z,0.0,Z,0.0,R,0.0,R,0.0,A,,R,0.0,Z,0.0,Z,0.0,R,0.0,R,0.0,A,,R,19.0
236744,2018,A,,A,,A,,R,36.0,R,0.0,R,0.0,R,36.0,R,25.0,R,69.0,A,,A,,A,,A,,A,,A,,R,14.0
236753,2018,R,742.0,R,1707.0,R,43.0,R,0.0,Z,0.0,Z,0.0,R,0.0,R,0.0,A,,R,0.0,Z,0.0,Z,0.0,R,0.0,R,0.0,A,,R,16.0
236887,2018,R,416.0,R,915.0,R,45.0,R,0.0,Z,0.0,Z,0.0,R,0.0,R,0.0,A,,R,0.0,Z,0.0,Z,0.0,R,0.0,R,0.0,A,,R,16.0
236896,2018,R,402.0,R,479.0,R,84.0,R,332.0,R,0.0,R,0.0,R,332.0,R,279.0,R,84.0,R,1.0,R,0.0,R,0.0,R,1.0,R,0.0,R,0.0,R,15.0
236939,2018,R,5048.0,R,7994.0,R,63.0,R,4523.0,R,0.0,Z,0.0,R,4523.0,R,3589.0,R,79.0,R,88.0,Z,0.0,R,0.0,R,88.0,R,42.0,R,48.0,R,15.0
236948,2018,R,7096.0,R,9577.0,R,74.0,R,6716.0,R,0.0,R,0.0,R,6716.0,R,6300.0,R,94.0,R,77.0,R,0.0,R,0.0,R,77.0,R,60.0,R,78.0,R,19.0
236975,2018,R,418.0,R,922.0,R,45.0,R,0.0,Z,0.0,Z,0.0,R,0.0,R,0.0,A,,R,0.0,Z,0.0,Z,0.0,R,0.0,R,0.0,A,,R,14.0
237011,2018,R,3117.0,R,4443.0,R,70.0,R,3072.0,R,0.0,R,0.0,R,3072.0,R,2501.0,R,81.0,R,42.0,R,0.0,R,0.0,R,42.0,R,27.0,R,64.0,R,18.0
237039,2018,R,305.0,R,1095.0,R,28.0,R,0.0,Z,0.0,Z,0.0,R,0.0,R,0.0,A,,R,0.0,Z,0.0,Z,0.0,R,0.0,R,0.0,A,,R,12.0
237057,2018,R,426.0,R,462.0,R,92.0,R,389.0,R,0.0,R,0.0,R,389.0,R,352.0,R,90.0,A,,A,,A,,A,,A,,A,,R,9.0
237066,2018,R,696.0,R,808.0,R,86.0,R,504.0,R,0.0,R,0.0,R,504.0,R,415.0,R,82.0,R,1.0,R,0.0,R,0.0,R,1.0,R,0.0,R,0.0,R,11.0
237109,2018,R,451.0,R,1045.0,R,43.0,R,0.0,Z,0.0,Z,0.0,R,0.0,R,0.0,A,,R,0.0,Z,0.0,Z,0.0,R,0.0,R,0.0,A,,R,19.0
237118,2018,R,256.0,R,330.0,R,78.0,R,309.0,R,0.0,R,0.0,R,309.0,R,159.0,R,51.0,A,,A,,A,,A,,A,,A,,R,14.0
237127,2018,A,,A,,A,,R,6.0,Z,0.0,Z,0.0,R,6.0,R,4.0,R,67.0,A,,A,,A,,A,,A,,A,,R,20.0
237136,2018,R,38.0,R,101.0,R,38.0,R,33.0,R,0.0,R,0.0,R,33.0,R,28.0,R,85.0,R,0.0,Z,0.0,Z,0.0,R,0.0,Z,0.0,A,,R,9.0
237145,2018,A,,A,,A,,R,6.0,R,0.0,R,0.0,R,6.0,R,6.0,R,100.0,A,,A,,A,,A,,A,,A,,R,12.0
237172,2018,A,,A,,A,,R,39.0,R,0.0,R,0.0,R,39.0,R,34.0,R,87.0,A,,A,,A,,A,,A,,A,,R,9.0
237181,2018,R,178.0,R,186.0,R,96.0,R,160.0,R,0.0,R,0.0,R,160.0,R,107.0,R,67.0,A,,A,,A,,A,,A,,A,,R,10.0
237215,2018,R,200.0,R,329.0,R,61.0,R,126.0,R,0.0,R,0.0,R,126.0,R,80.0,R,63.0,R,1.0,R,0.0,R,0.0,R,1.0,R,0.0,R,0.0,R,12.0
237242,2018,A,,A,,A,,R,12.0,R,0.0,R,0.0,R,12.0,R,12.0,R,100.0,R,4.0,R,0.0,R,0.0,R,4.0,R,4.0,R,100.0,R,4.0
237303,2018,A,,A,,A,,R,32.0,R,0.0,R,0.0,R,32.0,R,13.0,R,41.0,A,,A,,A,,A,,A,,A,,R,12.0
237312,2018,R,292.0,R,596.0,R,49.0,R,341.0,R,0.0,R,0.0,R,341.0,R,228.0,R,67.0,R,2.0,R,0.0,R,0.0,R,2.0,R,0.0,R,0.0,R,15.0
237321,2018,A,,A,,A,,R,21.0,R,0.0,R,0.0,R,21.0,R,13.0,R,62.0,A,,A,,A,,A,,A,,A,,R,11.0
237330,2018,R,428.0,R,611.0,R,70.0,R,428.0,R,0.0,R,0.0,R,428.0,R,264.0,R,62.0,R,6.0,R,0.0,R,0.0,R,6.0,R,1.0,R,17.0,R,15.0
237358,2018,R,196.0,R,288.0,R,68.0,R,182.0,R,0.0,R,0.0,R,182.0,R,123.0,R,68.0,R,0.0,R,0.0,R,0.0,R,0.0,R,0.0,A,,R,11.0
237367,2018,R,809.0,R,1208.0,R,67.0,R,748.0,R,0.0,R,0.0,R,748.0,R,491.0,R,66.0,R,15.0,R,0.0,R,0.0,R,15.0,R,6.0,R,40.0,R,16.0
237385,2018,R,292.0,R,770.0,R,38.0,R,295.0,R,0.0,R,0.0,R,295.0,R,162.0,R,55.0,R,63.0,R,0.0,R,0.0,R,63.0,R,27.0,R,43.0,R,17.0
237437,2018,R,27.0,R,48.0,R,56.0,R,48.0,R,0.0,R,0.0,R,48.0,R,20.0,R,42.0,R,0.0,R,0.0,R,0.0,R,0.0,R,0.0,A,,R,20.0
237473,2018,A,,A,,A,,R,108.0,R,0.0,R,0.0,R,108.0,R,102.0,R,94.0,A,,A,,A,,A,,A,,A,,R,11.0
237491,2018,A,,A,,A,,R,12.0,R,0.0,R,0.0,R,12.0,R,11.0,R,92.0,A,,A,,A,,A,,A,,A,,R,12.0
237525,2018,R,1668.0,R,3275.0,R,51.0,R,1786.0,R,0.0,R,0.0,R,1786.0,R,1293.0,R,72.0,R,10.0,R,0.0,R,0.0,R,10.0,R,3.0,R,30.0,R,18.0
237543,2018,A,,A,,A,,R,22.0,R,0.0,Z,0.0,R,22.0,R,21.0,R,95.0,R,37.0,R,0.0,R,0.0,R,37.0,R,33.0,R,89.0,R,11.0
237552,2018,A,,A,,A,,R,24.0,R,0.0,R,0.0,R,24.0,R,18.0,R,75.0,A,,A,,A,,A,,A,,A,,R,9.0
237561,2018,A,,A,,A,,R,20.0,Z,0.0,Z,0.0,R,20.0,R,15.0,R,75.0,A,,A,,A,,A,,A,,A,,R,14.0
237570,2018,A,,A,,A,,R,11.0,R,0.0,R,0.0,R,11.0,R,6.0,R,55.0,A,,A,,A,,A,,A,,A,,R,12.0
237598,2018,R,1.0,R,1.0,R,100.0,R,5.0,R,0.0,R,0.0,R,5.0,R,3.0,R,60.0,A,,A,,A,,A,,A,,A,,R,18.0
237640,2018,R,79.0,R,200.0,R,40.0,R,128.0,R,0.0,R,0.0,R,128.0,R,85.0,R,66.0,R,1.0,R,0.0,R,0.0,R,1.0,R,0.0,R,0.0,R,12.0
237686,2018,R,316.0,R,560.0,R,56.0,R,0.0,R,0.0,R,0.0,R,0.0,R,0.0,A,,R,0.0,R,0.0,R,0.0,R,0.0,R,0.0,A,,R,15.0
237701,2018,R,533.0,R,823.0,R,65.0,R,589.0,R,1.0,R,0.0,R,588.0,R,232.0,R,39.0,R,8.0,R,0.0,R,0.0,R,8.0,R,0.0,R,0.0,R,19.0
237729,2018,A,,A,,A,,R,43.0,R,0.0,R,0.0,R,43.0,R,31.0,R,72.0,R,33.0,R,0.0,R,0.0,R,33.0,R,28.0,R,85.0,R,11.0
237783,2018,A,,A,,A,,R,182.0,R,0.0,R,0.0,R,182.0,R,83.0,R,46.0,A,,A,,A,,A,,A,,A,,R,22.0
237792,2018,R,584.0,R,1230.0,R,47.0,R,590.0,R,0.0,R,0.0,R,590.0,R,407.0,R,69.0,R,8.0,R,0.0,R,0.0,R,8.0,R,4.0,R,50.0,R,16.0
237817,2018,R,382.0,R,589.0,R,65.0,R,419.0,R,1.0,R,0.0,R,418.0,R,204.0,R,49.0,R,46.0,R,0.0,Z,0.0,R,46.0,R,18.0,R,39.0,R,17.0
237844,2018,A,,A,,A,,R,86.0,R,0.0,R,0.0,R,86.0,R,66.0,R,77.0,R,27.0,R,0.0,R,0.0,R,27.0,R,5.0,R,19.0,R,16.0
237899,2018,R,326.0,R,1647.0,R,20.0,R,385.0,R,0.0,R,0.0,R,385.0,R,213.0,R,55.0,R,9.0,R,0.0,R,0.0,R,9.0,R,2.0,R,22.0,R,19.0
237905,2018,A,,A,,A,,A,,A,,A,,A,,A,,A,,A,,A,,A,,A,,A,,A,,R,6.0
237932,2018,R,468.0,R,802.0,R,58.0,R,492.0,R,0.0,R,0.0,R,492.0,R,353.0,R,72.0,R,2.0,R,0.0,R,0.0,R,2.0,R,0.0,R,0.0,R,13.0
237950,2018,R,361.0,R,876.0,R,41.0,R,334.0,R,0.0,R,0.0,R,334.0,R,188.0,R,56.0,R,17.0,R,0.0,R,0.0,R,17.0,R,4.0,R,24.0,R,13.0
237969,2018,R,322.0,R,350.0,R,92.0,R,366.0,R,0.0,R,0.0,R,366.0,R,258.0,R,70.0,R,0.0,R,0.0,R,0.0,R,0.0,R,0.0,A,,R,13.0
237987,2018,R,45.0,R,63.0,R,71.0,R,36.0,R,0.0,R,0.0,R,36.0,R,19.0,R,53.0,A,,A,,A,,A,,A,,A,,R,22.0
237996,2018,R,91.0,R,244.0,R,37.0,R,84.0,Z,0.0,R,0.0,R,84.0,R,61.0,R,73.0,A,,A,,A,,A,,A,,A,,R,20.0
238005,2018,A,,A,,A,,R,21.0,R,0.0,R,0.0,R,21.0,R,19.0,R,90.0,A,,A,,A,,A,,A,,A,,R,20.0
238014,2018,R,246.0,R,443.0,R,56.0,R,215.0,Z,0.0,Z,0.0,R,215.0,R,103.0,R,48.0,R,30.0,Z,0.0,Z,0.0,R,30.0,R,14.0,R,47.0,R,12.0
238032,2018,R,4714.0,R,6025.0,R,78.0,R,5214.0,R,0.0,R,0.0,R,5214.0,R,3956.0,R,76.0,R,11.0,R,0.0,R,0.0,R,11.0,R,3.0,R,27.0,R,18.0
238078,2018,R,300.0,R,395.0,R,76.0,R,181.0,R,0.0,R,0.0,R,181.0,R,123.0,R,68.0,A,,A,,A,,A,,A,,A,,R,11.0
238096,2018,A,,A,,A,,R,4.0,R,0.0,R,0.0,R,4.0,R,1.0,R,25.0,A,,A,,A,,A,,A,,A,,R,10.0
238175,2018,A,,A,,A,,R,38.0,Z,0.0,Z,0.0,R,38.0,R,32.0,R,84.0,A,,A,,A,,A,,A,,A,,R,12.0
238193,2018,R,185.0,R,308.0,R,60.0,R,187.0,R,0.0,R,0.0,R,187.0,R,127.0,R,68.0,R,1.0,R,0.0,R,0.0,R,1.0,R,0.0,R,0.0,R,10.0
238263,2018,R,733.0,R,2791.0,R,26.0,R,0.0,R,0.0,Z,0.0,R,0.0,R,0.0,A,,R,0.0,Z,0.0,R,0.0,R,0.0,Z,0.0,A,,R,11.0
238324,2018,R,42.0,R,187.0,R,22.0,R,34.0,R,0.0,R,0.0,R,34.0,R,27.0,R,79.0,R,4.0,R,0.0,R,0.0,R,4.0,R,2.0,R,50.0,R,13.0
238333,2018,R,266.0,R,348.0,R,76.0,R,323.0,R,0.0,R,0.0,R,323.0,R,253.0,R,78.0,A,,A,,A,,A,,A,,A,,R,10.0
238397,2018,R,191.0,R,350.0,R,55.0,R,204.0,R,0.0,R,0.0,R,204.0,R,114.0,R,56.0,R,133.0,Z,0.0,Z,0.0,R,133.0,R,76.0,R,57.0,R,9.0
238430,2018,R,130.0,R,546.0,R,24.0,R,139.0,R,0.0,R,0.0,R,139.0,R,100.0,R,72.0,R,2.0,R,0.0,R,0.0,R,2.0,R,0.0,R,0.0,R,8.0
238458,2018,R,711.0,R,873.0,R,81.0,R,717.0,R,0.0,R,0.0,R,717.0,R,579.0,R,81.0,R,7.0,R,0.0,R,0.0,R,7.0,R,4.0,R,57.0,R,14.0
238476,2018,R,761.0,R,857.0,R,89.0,R,707.0,R,2.0,R,0.0,R,705.0,R,543.0,R,77.0,R,2.0,R,0.0,R,0.0,R,2.0,R,2.0,R,100.0,R,12.0
238573,2018,A,,A,,A,,A,,A,,A,,A,,A,,A,,A,,A,,A,,A,,A,,A,,R,8.0
238616,2018,R,560.0,R,848.0,R,66.0,R,557.0,R,0.0,R,0.0,R,557.0,R,425.0,R,76.0,R,2.0,R,0.0,R,0.0,R,2.0,R,2.0,R,100.0,R,12.0
238661,2018,R,255.0,R,427.0,R,60.0,R,281.0,R,0.0,R,0.0,R,281.0,R,218.0,R,78.0,R,3.0,R,0.0,R,0.0,R,3.0,R,2.0,R,67.0,R,10.0
238722,2018,R,269.0,R,6201.0,R,4.0,R,272.0,R,1.0,R,0.0,R,271.0,R,189.0,R,70.0,R,543.0,R,0.0,R,0.0,R,543.0,R,289.0,R,53.0,R,11.0
238759,2018,R,475.0,R,2094.0,R,23.0,R,465.0,R,0.0,R,0.0,R,465.0,R,279.0,R,60.0,R,813.0,R,0.0,R,0.0,R,813.0,R,452.0,R,56.0,R,8.0
238810,2018,A,,A,,A,,R,17.0,R,0.0,R,0.0,R,17.0,R,17.0,R,100.0,R,7.0,R,0.0,R,0.0,R,7.0,R,7.0,R,100.0,R,8.0
238980,2018,R,212.0,R,471.0,R,45.0,R,174.0,R,0.0,R,0.0,R,174.0,R,117.0,R,67.0,R,8.0,R,0.0,R,0.0,R,8.0,R,3.0,R,38.0,R,13.0
239008,2018,R,106.0,R,790.0,R,13.0,R,129.0,R,1.0,Z,0.0,R,128.0,R,75.0,R,59.0,R,154.0,R,0.0,R,0.0,R,154.0,R,90.0,R,58.0,R,13.0
239017,2018,R,396.0,R,430.0,R,92.0,R,353.0,R,0.0,R,0.0,R,353.0,R,300.0,R,85.0,R,0.0,R,0.0,R,0.0,R,0.0,R,0.0,A,,R,8.0
239071,2018,R,140.0,R,295.0,R,47.0,R,137.0,R,0.0,R,0.0,R,137.0,R,98.0,R,72.0,R,10.0,Z,0.0,Z,0.0,R,10.0,R,4.0,R,40.0,R,11.0
239080,2018,R,309.0,R,452.0,R,68.0,R,352.0,R,0.0,R,0.0,R,352.0,R,230.0,R,65.0,A,,A,,A,,A,,A,,A,,R,11.0
239105,2018,R,2162.0,R,2489.0,R,87.0,R,2021.0,R,0.0,Z,0.0,R,2021.0,R,1762.0,R,87.0,R,2.0,R,0.0,Z,0.0,R,2.0,R,2.0,R,100.0,R,14.0
239220,2018,R,86.0,R,848.0,R,10.0,R,90.0,R,0.0,R,0.0,R,90.0,R,43.0,R,48.0,R,181.0,R,0.0,R,0.0,R,181.0,R,81.0,R,45.0,R,12.0
239248,2018,R,1019.0,R,4383.0,R,23.0,R,1319.0,R,0.0,R,0.0,R,1319.0,R,717.0,R,54.0,R,949.0,R,0.0,R,0.0,R,949.0,R,442.0,R,47.0,R,13.0
239309,2018,R,236.0,R,285.0,R,83.0,R,196.0,R,0.0,R,0.0,R,196.0,R,157.0,R,80.0,R,1.0,R,0.0,R,0.0,R,1.0,R,1.0,R,100.0,R,11.0
239318,2018,R,597.0,R,760.0,R,79.0,R,515.0,R,0.0,R,0.0,R,515.0,R,449.0,R,87.0,R,0.0,R,0.0,R,0.0,R,0.0,R,0.0,A,,R,15.0
239372,2018,R,252.0,R,675.0,R,37.0,R,201.0,R,0.0,R,0.0,R,201.0,R,147.0,R,73.0,R,490.0,R,0.0,R,0.0,R,490.0,R,229.0,R,47.0,R,16.0
239390,2018,R,142.0,R,200.0,R,71.0,R,122.0,Z,0.0,Z,0.0,R,122.0,R,88.0,R,72.0,R,1.0,Z,0.0,Z,0.0,R,1.0,R,1.0,R,100.0,R,12.0
239442,2018,R,106.0,R,316.0,R,34.0,R,127.0,R,0.0,R,0.0,R,127.0,R,76.0,R,60.0,R,130.0,R,0.0,R,0.0,R,130.0,R,69.0,R,53.0,R,8.0
239460,2018,R,223.0,R,2824.0,R,8.0,R,288.0,R,0.0,R,0.0,R,288.0,R,180.0,R,63.0,R,419.0,R,0.0,R,0.0,R,419.0,R,242.0,R,58.0,R,11.0
239488,2018,R,394.0,R,4268.0,R,9.0,R,444.0,R,0.0,R,0.0,R,444.0,R,257.0,R,58.0,R,587.0,R,0.0,R,0.0,R,587.0,R,327.0,R,56.0,R,17.0
239512,2018,R,145.0,R,197.0,R,74.0,R,188.0,R,0.0,R,0.0,R,188.0,R,120.0,R,64.0,R,1.0,R,0.0,R,0.0,R,1.0,R,1.0,R,100.0,R,10.0
239628,2018,R,267.0,R,298.0,R,90.0,R,233.0,R,0.0,R,0.0,R,233.0,R,185.0,R,79.0,R,1.0,R,0.0,R,0.0,R,1.0,R,0.0,R,0.0,R,12.0
239716,2018,R,620.0,R,668.0,R,93.0,R,526.0,R,0.0,R,0.0,R,526.0,R,435.0,R,83.0,R,0.0,R,0.0,R,0.0,R,0.0,R,0.0,A,,R,14.0
239743,2018,R,50.0,R,114.0,R,44.0,R,92.0,R,0.0,R,0.0,R,92.0,R,42.0,R,46.0,R,0.0,Z,0.0,Z,0.0,R,0.0,Z,0.0,A,,R,9.0
239877,2018,A,,A,,A,,R,10.0,Z,0.0,Z,0.0,R,10.0,R,10.0,R,100.0,R,2.0,Z,0.0,Z,0.0,R,2.0,R,2.0,R,100.0,R,11.0
239910,2018,R,256.0,R,1216.0,R,21.0,R,261.0,R,1.0,R,0.0,R,260.0,R,180.0,R,69.0,R,147.0,R,0.0,R,0.0,R,147.0,R,94.0,R,64.0,R,12.0
240107,2018,R,292.0,R,480.0,R,61.0,R,287.0,R,0.0,R,0.0,R,287.0,R,221.0,R,77.0,R,1.0,R,0.0,R,0.0,R,1.0,R,1.0,R,100.0,R,11.0
240116,2018,R,633.0,R,3295.0,R,19.0,R,606.0,R,0.0,R,0.0,R,606.0,R,370.0,R,61.0,R,337.0,R,0.0,R,5.0,R,342.0,R,177.0,R,52.0,R,14.0
240125,2018,R,279.0,R,2835.0,R,10.0,R,225.0,R,0.0,R,0.0,R,225.0,R,162.0,R,72.0,R,234.0,R,0.0,R,0.0,R,234.0,R,132.0,R,56.0,R,19.0
240170,2018,R,630.0,R,1347.0,R,47.0,R,513.0,Z,0.0,Z,0.0,R,513.0,R,323.0,R,63.0,R,322.0,Z,0.0,Z,0.0,R,322.0,R,168.0,R,52.0,R,9.0
240189,2018,R,2124.0,R,3425.0,R,62.0,R,2000.0,R,0.0,R,0.0,R,2000.0,R,1644.0,R,82.0,R,14.0,R,0.0,R,0.0,R,14.0,R,9.0,R,64.0,R,20.0
240198,2018,R,251.0,R,741.0,R,34.0,R,227.0,R,1.0,R,0.0,R,226.0,R,162.0,R,72.0,R,170.0,R,0.0,R,0.0,R,170.0,R,94.0,R,55.0,R,9.0
240268,2018,R,2454.0,R,3345.0,R,73.0,R,2343.0,R,0.0,R,0.0,R,2343.0,R,1909.0,R,81.0,R,9.0,R,0.0,R,0.0,R,9.0,R,9.0,R,100.0,R,23.0
240277,2018,R,1207.0,R,3457.0,R,35.0,R,938.0,R,0.0,R,0.0,R,938.0,R,668.0,R,71.0,R,37.0,R,0.0,R,0.0,R,37.0,R,22.0,R,59.0,R,23.0
240329,2018,R,2176.0,R,2766.0,R,79.0,R,2114.0,R,0.0,R,0.0,R,2114.0,R,1819.0,R,86.0,R,5.0,R,0.0,R,0.0,R,5.0,R,1.0,R,20.0,R,19.0
240338,2018,R,292.0,R,391.0,R,75.0,R,233.0,R,0.0,R,0.0,R,233.0,R,184.0,R,79.0,R,0.0,R,0.0,R,0.0,R,0.0,R,0.0,A,,R,12.0
240365,2018,R,2308.0,R,7555.0,R,31.0,R,1501.0,R,0.0,R,0.0,R,1501.0,R,1170.0,R,78.0,R,18.0,R,0.0,R,0.0,R,18.0,R,6.0,R,33.0,R,22.0
240374,2018,R,604.0,R,1127.0,R,54.0,R,673.0,R,0.0,R,0.0,R,673.0,R,478.0,R,71.0,R,36.0,R,0.0,R,0.0,R,36.0,R,11.0,R,31.0,R,19.0
240392,2018,R,81.0,R,201.0,R,40.0,R,12.0,R,0.0,R,0.0,R,12.0,R,4.0,R,33.0,R,3.0,R,0.0,R,0.0,R,3.0,R,1.0,R,33.0,R,17.0
240417,2018,R,1378.0,R,2020.0,R,68.0,R,1502.0,R,0.0,R,0.0,R,1502.0,R,1046.0,R,70.0,R,26.0,Z,0.0,Z,0.0,R,26.0,R,6.0,R,23.0,R,19.0
240426,2018,R,320.0,R,667.0,R,48.0,R,340.0,R,0.0,R,0.0,R,340.0,R,239.0,R,70.0,R,5.0,Z,0.0,Z,0.0,R,5.0,R,1.0,R,20.0,R,16.0
240444,2018,R,6851.0,R,8876.0,R,77.0,R,6597.0,R,0.0,R,0.0,R,6597.0,R,6294.0,R,95.0,R,12.0,R,0.0,R,0.0,R,12.0,R,9.0,R,75.0,R,17.0
240453,2018,R,3808.0,R,6196.0,R,61.0,R,3190.0,R,0.0,R,0.0,R,3190.0,R,2338.0,R,73.0,R,43.0,R,0.0,R,0.0,R,43.0,R,22.0,R,51.0,R,18.0
240462,2018,R,1614.0,R,2322.0,R,70.0,R,1412.0,R,0.0,Z,0.0,R,1412.0,R,1089.0,R,77.0,R,14.0,Z,0.0,Z,0.0,R,14.0,R,5.0,R,36.0,R,21.0
240471,2018,R,1293.0,R,1795.0,R,72.0,R,1199.0,R,0.0,R,0.0,R,1199.0,R,909.0,R,76.0,R,126.0,R,0.0,R,0.0,R,126.0,R,81.0,R,64.0,R,22.0
240480,2018,R,1731.0,R,2819.0,R,61.0,R,1535.0,Z,0.0,Z,0.0,R,1535.0,R,1119.0,R,73.0,R,25.0,R,0.0,R,0.0,R,25.0,R,11.0,R,44.0,R,20.0
240505,2018,R,331.0,R,1100.0,R,30.0,R,537.0,R,0.0,R,0.0,R,537.0,R,318.0,R,59.0,R,93.0,R,0.0,R,0.0,R,93.0,R,32.0,R,34.0,R,13.0
240514,2018,R,227.0,R,662.0,R,34.0,R,188.0,R,0.0,R,0.0,R,188.0,R,108.0,R,57.0,R,35.0,R,0.0,R,0.0,R,35.0,R,13.0,R,37.0,R,16.0
240596,2018,R,194.0,R,674.0,R,29.0,R,174.0,Z,0.0,Z,0.0,R,174.0,R,109.0,R,63.0,R,40.0,Z,0.0,Z,0.0,R,40.0,R,7.0,R,18.0,R,15.0
240620,2018,R,474.0,R,930.0,R,51.0,R,444.0,R,0.0,R,0.0,R,444.0,R,287.0,R,65.0,R,96.0,R,0.0,R,0.0,R,96.0,R,30.0,R,31.0,R,15.0
240657,2018,R,298.0,R,371.0,R,80.0,R,349.0,R,0.0,R,0.0,R,349.0,R,214.0,R,61.0,R,24.0,R,0.0,R,0.0,R,24.0,R,6.0,R,25.0,R,12.0
240666,2018,R,576.0,R,1742.0,R,33.0,R,568.0,R,0.0,R,0.0,R,568.0,R,375.0,R,66.0,R,80.0,R,0.0,R,0.0,R,80.0,R,30.0,R,38.0,R,16.0
240693,2018,R,437.0,R,734.0,R,60.0,R,453.0,R,0.0,R,0.0,R,453.0,R,262.0,R,58.0,R,232.0,R,0.0,R,0.0,R,232.0,R,31.0,R,13.0,R,13.0
240709,2018,A,,A,,A,,R,21.0,R,0.0,R,0.0,R,21.0,R,16.0,R,76.0,R,12.0,R,0.0,R,0.0,R,12.0,R,9.0,R,75.0,R,11.0
240718,2018,A,,A,,A,,R,170.0,R,0.0,R,0.0,R,170.0,R,117.0,R,69.0,A,,A,,A,,A,,A,,A,,R,5.0
240727,2018,R,1849.0,R,2938.0,R,63.0,R,1684.0,R,2.0,R,0.0,R,1682.0,R,1313.0,R,78.0,R,12.0,R,0.0,R,0.0,R,12.0,R,1.0,R,8.0,R,15.0
240736,2018,R,253.0,R,323.0,R,78.0,R,0.0,R,0.0,R,0.0,R,0.0,R,0.0,A,,R,0.0,R,0.0,R,0.0,R,0.0,R,0.0,A,,R,14.0
240745,2018,R,300.0,R,696.0,R,43.0,R,450.0,R,0.0,R,0.0,R,450.0,R,279.0,R,62.0,R,315.0,R,0.0,R,0.0,R,315.0,R,144.0,R,46.0,R,15.0
240754,2018,R,477.0,R,687.0,R,69.0,R,419.0,R,0.0,R,0.0,R,419.0,R,307.0,R,73.0,R,62.0,R,0.0,R,0.0,R,62.0,R,25.0,R,40.0,R,17.0
240790,2018,R,297.0,R,369.0,R,80.0,R,48.0,R,0.0,R,0.0,R,48.0,R,34.0,R,71.0,R,8.0,R,0.0,R,0.0,R,8.0,R,4.0,R,50.0,R,25.0
240879,2018,A,,A,,A,,R,108.0,R,0.0,R,0.0,R,108.0,R,78.0,R,72.0,A,,A,,A,,A,,A,,A,,R,30.0
240985,2018,A,,A,,A,,R,242.0,R,0.0,R,0.0,R,242.0,R,26.0,R,11.0,A,,A,,A,,A,,A,,A,,R,21.0
241100,2018,R,66.0,R,85.0,R,78.0,R,48.0,R,0.0,R,0.0,R,48.0,R,32.0,R,67.0,R,1.0,R,0.0,R,0.0,R,1.0,R,1.0,R,100.0,R,15.0
241128,2018,R,68.0,R,106.0,R,64.0,R,62.0,R,0.0,R,0.0,R,62.0,R,46.0,R,74.0,R,0.0,R,0.0,R,0.0,R,0.0,R,0.0,A,,R,20.0
241182,2018,A,,A,,A,,R,44.0,R,0.0,R,0.0,R,44.0,R,34.0,R,77.0,A,,A,,A,,A,,A,,A,,R,22.0
241191,2018,R,121.0,R,203.0,R,60.0,R,126.0,R,1.0,R,0.0,R,125.0,R,88.0,R,70.0,R,0.0,R,0.0,R,0.0,R,0.0,R,0.0,A,,R,19.0
241216,2018,R,379.0,R,486.0,R,78.0,R,319.0,R,0.0,R,0.0,R,319.0,R,241.0,R,76.0,R,7.0,R,0.0,R,0.0,R,7.0,R,6.0,R,86.0,R,23.0
241225,2018,R,173.0,R,248.0,R,70.0,R,180.0,R,0.0,R,0.0,R,180.0,R,86.0,R,48.0,R,10.0,R,0.0,R,0.0,R,10.0,R,6.0,R,60.0,R,14.0
241304,2018,R,157.0,R,317.0,R,50.0,R,18.0,R,0.0,R,0.0,R,18.0,R,5.0,R,28.0,R,0.0,R,0.0,R,0.0,R,0.0,R,0.0,A,,R,16.0
241331,2018,R,93.0,R,246.0,R,38.0,R,104.0,R,0.0,R,0.0,R,104.0,R,68.0,R,65.0,R,2.0,R,0.0,R,0.0,R,2.0,R,1.0,R,50.0,R,16.0
241377,2018,R,94.0,R,141.0,R,67.0,R,60.0,R,0.0,R,0.0,R,60.0,R,42.0,R,70.0,R,5.0,R,0.0,R,0.0,R,5.0,R,0.0,R,0.0,R,14.0
241386,2018,R,18.0,R,23.0,R,78.0,R,9.0,R,0.0,R,0.0,R,9.0,R,6.0,R,67.0,R,1.0,R,0.0,R,0.0,R,1.0,R,0.0,R,0.0,R,11.0
241395,2018,R,76.0,R,131.0,R,58.0,R,75.0,R,0.0,R,0.0,R,75.0,R,58.0,R,77.0,R,0.0,R,0.0,R,0.0,R,0.0,R,0.0,A,,R,16.0
241410,2018,R,1171.0,R,1418.0,R,83.0,R,1144.0,R,0.0,R,0.0,R,1144.0,R,921.0,R,81.0,R,0.0,R,0.0,R,0.0,R,0.0,R,0.0,A,,R,22.0
241517,2018,R,78.0,R,177.0,R,44.0,R,11.0,R,0.0,R,0.0,R,11.0,R,6.0,R,55.0,A,,A,,A,,A,,A,,A,,R,19.0
241614,2018,R,35.0,R,71.0,R,49.0,R,38.0,R,0.0,R,0.0,R,38.0,R,15.0,R,39.0,R,11.0,R,0.0,R,0.0,R,11.0,R,2.0,R,18.0,R,9.0
241720,2018,R,155.0,R,289.0,R,54.0,R,64.0,R,0.0,R,0.0,R,64.0,R,33.0,R,52.0,R,0.0,R,0.0,R,0.0,R,0.0,R,0.0,A,,R,20.0
241739,2018,R,1530.0,R,2016.0,R,76.0,R,1295.0,R,0.0,R,0.0,R,1295.0,R,877.0,R,68.0,R,86.0,R,0.0,R,0.0,R,86.0,R,17.0,R,20.0,R,24.0
241766,2018,R,18.0,R,79.0,R,23.0,R,21.0,R,0.0,R,0.0,R,21.0,R,16.0,R,76.0,R,46.0,R,0.0,R,0.0,R,46.0,R,34.0,R,74.0,R,6.0
241836,2018,R,110.0,R,255.0,R,43.0,R,8.0,R,0.0,R,0.0,R,8.0,R,5.0,R,63.0,R,2.0,R,0.0,R,0.0,R,2.0,R,2.0,R,100.0,R,28.0
241906,2018,A,,A,,A,,R,109.0,R,0.0,R,0.0,R,109.0,R,69.0,R,63.0,A,,A,,A,,A,,A,,A,,R,22.0
241951,2018,R,67.0,R,84.0,R,80.0,R,69.0,R,0.0,R,0.0,R,69.0,R,59.0,R,86.0,R,0.0,R,0.0,R,0.0,R,0.0,R,0.0,A,,R,10.0
242042,2018,R,241.0,R,244.0,R,99.0,R,307.0,R,0.0,R,0.0,R,307.0,R,210.0,R,68.0,R,8.0,R,0.0,R,0.0,R,8.0,R,6.0,R,75.0,R,11.0
242112,2018,R,135.0,R,331.0,R,41.0,R,22.0,R,0.0,R,0.0,R,22.0,R,11.0,R,50.0,R,0.0,R,0.0,R,0.0,R,0.0,R,0.0,A,,R,18.0
242121,2018,R,131.0,R,160.0,R,82.0,R,22.0,R,0.0,R,0.0,R,22.0,R,14.0,R,64.0,A,,A,,A,,A,,A,,A,,R,12.0
242130,2018,R,63.0,R,102.0,R,62.0,R,47.0,R,0.0,R,0.0,R,47.0,R,23.0,R,49.0,R,2.0,R,0.0,R,0.0,R,2.0,R,0.0,R,0.0,R,13.0
242149,2018,R,135.0,R,166.0,R,81.0,R,73.0,R,0.0,R,0.0,R,73.0,R,44.0,R,60.0,R,6.0,R,0.0,R,0.0,R,6.0,R,6.0,R,100.0,R,20.0
242413,2018,A,,A,,A,,R,31.0,R,0.0,R,0.0,R,31.0,R,27.0,R,87.0,A,,A,,A,,A,,A,,A,,R,15.0
242422,2018,A,,A,,A,,R,481.0,R,10.0,R,0.0,R,471.0,R,317.0,R,67.0,R,330.0,R,0.0,R,0.0,R,330.0,R,211.0,R,64.0,R,23.0
242556,2018,R,192.0,R,240.0,R,80.0,R,277.0,R,0.0,R,0.0,R,277.0,R,265.0,R,96.0,R,17.0,Z,0.0,Z,0.0,R,17.0,R,14.0,R,82.0,R,10.0
242565,2018,R,116.0,R,180.0,R,64.0,R,554.0,Z,0.0,Z,0.0,R,554.0,R,190.0,R,34.0,A,,A,,A,,A,,A,,A,,R,20.0
242583,2018,R,150.0,R,193.0,R,78.0,R,245.0,R,0.0,R,0.0,R,245.0,R,170.0,R,69.0,R,29.0,R,0.0,R,0.0,R,29.0,R,19.0,R,66.0,R,10.0
242617,2018,R,804.0,R,946.0,R,85.0,R,725.0,R,0.0,R,0.0,R,725.0,R,567.0,R,78.0,R,15.0,R,0.0,R,0.0,R,15.0,R,3.0,R,20.0,R,24.0
242626,2018,R,786.0,R,994.0,R,79.0,R,575.0,R,0.0,R,0.0,R,575.0,R,405.0,R,70.0,R,5.0,R,0.0,R,0.0,R,5.0,R,0.0,R,0.0,R,26.0
242635,2018,R,723.0,R,928.0,R,78.0,R,709.0,R,0.0,R,0.0,R,709.0,R,495.0,R,70.0,R,6.0,R,0.0,R,0.0,R,6.0,R,1.0,R,17.0,R,27.0
242644,2018,R,363.0,R,406.0,R,89.0,R,225.0,R,0.0,R,0.0,R,225.0,R,156.0,R,69.0,R,2.0,R,0.0,R,0.0,R,2.0,R,1.0,R,50.0,R,22.0
242653,2018,R,639.0,R,1281.0,R,50.0,R,647.0,R,0.0,R,0.0,R,647.0,R,447.0,R,69.0,R,21.0,R,0.0,R,0.0,R,21.0,R,7.0,R,33.0,R,21.0
242662,2018,R,765.0,R,932.0,R,82.0,R,634.0,R,0.0,R,0.0,R,634.0,R,491.0,R,77.0,R,8.0,R,0.0,R,0.0,R,8.0,R,2.0,R,25.0,R,25.0
242680,2018,R,369.0,R,419.0,R,88.0,R,313.0,R,0.0,R,0.0,R,313.0,R,218.0,R,70.0,R,5.0,R,0.0,R,0.0,R,5.0,R,3.0,R,60.0,R,23.0
242699,2018,R,285.0,R,409.0,R,70.0,R,174.0,R,0.0,R,0.0,R,174.0,R,128.0,R,74.0,R,4.0,R,0.0,R,0.0,R,4.0,R,2.0,R,50.0,R,20.0
242705,2018,R,862.0,R,1030.0,R,84.0,R,922.0,R,0.0,R,0.0,R,922.0,R,657.0,R,71.0,R,15.0,R,0.0,R,0.0,R,15.0,R,5.0,R,33.0,R,27.0
242750,2018,A,,A,,A,,R,30.0,R,0.0,R,0.0,R,30.0,R,19.0,R,63.0,A,,A,,A,,A,,A,,A,,R,8.0
242820,2018,A,,A,,A,,R,493.0,R,0.0,R,0.0,R,493.0,R,344.0,R,70.0,A,,A,,A,,A,,A,,A,,R,27.0
242945,2018,A,,A,,A,,R,151.0,R,0.0,R,0.0,R,151.0,R,99.0,R,66.0,R,19.0,R,0.0,R,0.0,R,19.0,R,12.0,R,63.0,R,25.0
242954,2018,A,,A,,A,,R,47.0,R,2.0,R,0.0,R,45.0,R,30.0,R,67.0,R,4.0,R,0.0,R,0.0,R,4.0,R,2.0,R,50.0,R,20.0
242972,2018,R,1188.0,R,3744.0,R,32.0,R,1748.0,R,0.0,R,0.0,R,1748.0,R,979.0,R,56.0,R,285.0,R,0.0,R,0.0,R,285.0,R,103.0,R,36.0,R,24.0
243081,2018,R,10.0,R,14.0,R,71.0,R,8.0,R,0.0,R,0.0,R,8.0,R,7.0,R,88.0,A,,A,,A,,A,,A,,A,,R,3.0
243106,2018,R,708.0,R,796.0,R,89.0,R,611.0,Z,0.0,Z,0.0,R,611.0,R,480.0,R,79.0,Z,0.0,Z,0.0,Z,0.0,R,0.0,R,0.0,A,,R,24.0
243115,2018,R,803.0,R,859.0,R,93.0,R,731.0,R,0.0,R,0.0,R,731.0,R,584.0,R,80.0,R,1.0,R,0.0,R,0.0,R,1.0,R,1.0,R,100.0,R,23.0
243133,2018,R,977.0,R,1034.0,R,94.0,R,709.0,R,0.0,R,0.0,R,709.0,R,587.0,R,83.0,R,5.0,R,0.0,R,0.0,R,5.0,R,4.0,R,80.0,R,21.0
243142,2018,R,703.0,R,843.0,R,83.0,R,509.0,R,0.0,R,0.0,R,509.0,R,402.0,R,79.0,R,1.0,R,0.0,R,0.0,R,1.0,R,1.0,R,100.0,R,21.0
243151,2018,R,590.0,R,681.0,R,87.0,R,685.0,R,0.0,R,0.0,R,685.0,R,552.0,R,81.0,R,1.0,R,0.0,R,0.0,R,1.0,R,1.0,R,100.0,R,25.0
243179,2018,R,643.0,R,715.0,R,90.0,R,547.0,R,1.0,R,0.0,R,546.0,R,457.0,R,84.0,R,4.0,Z,0.0,Z,0.0,R,4.0,R,3.0,R,75.0,R,16.0
243188,2018,R,258.0,R,280.0,R,92.0,R,65.0,R,0.0,R,0.0,R,65.0,R,37.0,R,57.0,R,0.0,R,0.0,Z,0.0,R,0.0,R,0.0,A,,R,15.0
243197,2018,R,2110.0,R,2255.0,R,94.0,R,2285.0,R,0.0,R,0.0,R,2285.0,R,2017.0,R,88.0,R,5.0,R,0.0,R,0.0,R,5.0,R,2.0,R,40.0,R,22.0
243203,2018,A,,A,,A,,A,,A,,A,,A,,A,,A,,A,,A,,A,,A,,A,,A,,R,2.0
243212,2018,R,576.0,R,630.0,R,91.0,R,426.0,R,0.0,R,0.0,R,426.0,R,357.0,R,84.0,A,,A,,A,,A,,A,,A,,R,23.0
243221,2018,R,2155.0,R,2441.0,R,88.0,R,2113.0,R,0.0,R,0.0,R,2113.0,R,1783.0,R,84.0,R,16.0,R,0.0,R,0.0,R,16.0,R,8.0,R,50.0,R,15.0
243346,2018,R,1433.0,R,1910.0,R,75.0,R,778.0,R,0.0,R,0.0,R,778.0,R,547.0,R,70.0,R,86.0,R,0.0,R,0.0,R,86.0,R,19.0,R,22.0,R,23.0
243443,2018,R,799.0,R,1288.0,R,62.0,R,766.0,R,0.0,R,0.0,R,766.0,R,557.0,R,73.0,R,17.0,R,0.0,R,0.0,R,17.0,R,10.0,R,59.0,R,20.0
243568,2018,R,15.0,R,28.0,R,54.0,R,21.0,R,0.0,R,0.0,R,21.0,R,17.0,R,81.0,A,,A,,A,,A,,A,,A,,R,22.0
243577,2018,R,510.0,R,764.0,R,67.0,R,505.0,R,0.0,R,0.0,R,505.0,R,413.0,R,82.0,R,13.0,R,0.0,R,0.0,R,13.0,R,7.0,R,54.0,R,17.0
243586,2018,R,183.0,R,253.0,R,72.0,R,151.0,R,0.0,R,0.0,R,151.0,R,103.0,R,68.0,R,0.0,R,0.0,R,0.0,R,0.0,R,0.0,A,,R,20.0
243601,2018,R,2064.0,R,2608.0,R,79.0,R,1404.0,R,0.0,R,0.0,R,1404.0,R,1046.0,R,75.0,R,88.0,R,0.0,R,0.0,R,88.0,R,13.0,R,15.0,R,28.0
243638,2018,R,607.0,R,701.0,R,87.0,R,572.0,R,0.0,R,0.0,R,572.0,R,332.0,R,58.0,R,75.0,R,0.0,R,0.0,R,75.0,R,28.0,R,37.0,R,15.0
243647,2018,R,111.0,R,141.0,R,79.0,R,151.0,R,2.0,R,0.0,R,149.0,R,87.0,R,58.0,R,14.0,R,0.0,R,0.0,R,14.0,R,5.0,R,36.0,R,10.0
243665,2018,R,294.0,R,436.0,R,67.0,R,266.0,R,0.0,R,0.0,R,266.0,R,204.0,R,77.0,R,28.0,R,0.0,R,0.0,R,28.0,R,12.0,R,43.0,R,11.0
243744,2018,R,1696.0,R,1724.0,R,98.0,R,1700.0,R,0.0,R,0.0,R,1700.0,R,1680.0,R,99.0,A,,A,,A,,A,,A,,A,,R,5.0
243780,2018,R,8453.0,R,9768.0,R,87.0,R,7696.0,R,1.0,Z,0.0,R,7695.0,R,7044.0,R,92.0,R,21.0,R,0.0,Z,0.0,R,21.0,R,16.0,R,76.0,R,13.0
243799,2018,A,,A,,A,,R,1.0,R,0.0,R,0.0,R,1.0,R,0.0,R,0.0,A,,A,,A,,A,,A,,A,,R,10.0
243823,2018,R,127.0,R,201.0,R,63.0,R,51.0,R,0.0,R,0.0,R,51.0,R,39.0,R,76.0,R,6.0,R,0.0,R,0.0,R,6.0,R,6.0,R,100.0,R,9.0
243832,2018,R,124.0,R,662.0,R,19.0,R,21.0,R,0.0,R,0.0,R,21.0,R,12.0,R,57.0,R,5.0,R,0.0,R,0.0,R,5.0,R,2.0,R,40.0,R,16.0
243841,2018,R,197.0,R,334.0,R,59.0,R,37.0,R,0.0,R,0.0,R,37.0,R,19.0,R,51.0,R,0.0,R,0.0,R,0.0,R,0.0,R,0.0,A,,R,17.0
244233,2018,R,17.0,R,47.0,R,36.0,R,0.0,R,0.0,R,0.0,R,0.0,R,0.0,A,,R,0.0,R,0.0,R,0.0,R,0.0,R,0.0,A,,R,8.0
244279,2018,A,,A,,A,,R,36.0,R,0.0,R,0.0,R,36.0,R,26.0,R,72.0,A,,A,,A,,A,,A,,A,,R,18.0
244437,2018,R,2585.0,R,6646.0,R,39.0,R,2178.0,R,0.0,R,0.0,R,2178.0,R,1443.0,R,66.0,R,1084.0,R,0.0,R,0.0,R,1084.0,R,646.0,R,60.0,R,20.0
244446,2018,R,159.0,R,1983.0,R,8.0,R,204.0,R,0.0,Z,0.0,R,204.0,R,121.0,R,59.0,R,474.0,R,0.0,Z,0.0,R,474.0,R,157.0,R,33.0,R,15.0
244561,2018,A,,A,,A,,A,,A,,A,,A,,A,,A,,A,,A,,A,,A,,A,,A,,R,15.0
244613,2018,A,,A,,A,,R,72.0,R,0.0,R,0.0,R,72.0,R,40.0,R,56.0,R,40.0,R,0.0,R,0.0,R,40.0,R,35.0,R,88.0,R,18.0
245069,2018,A,,A,,A,,R,12.0,Z,0.0,Z,0.0,R,12.0,R,2.0,R,17.0,R,0.0,Z,0.0,Z,0.0,R,0.0,Z,0.0,A,,R,20.0
245281,2018,A,,A,,A,,R,1.0,R,0.0,R,0.0,R,1.0,R,1.0,R,100.0,A,,A,,A,,A,,A,,A,,R,15.0
245421,2018,R,4.0,R,28.0,R,14.0,R,0.0,R,0.0,R,0.0,R,0.0,R,0.0,A,,A,,A,,A,,A,,A,,A,,R,5.0
245430,2018,R,14.0,R,21.0,R,67.0,R,9.0,R,0.0,R,0.0,R,9.0,R,5.0,R,56.0,A,,A,,A,,A,,A,,A,,R,6.0
245625,2018,R,210.0,R,2884.0,R,7.0,R,211.0,R,0.0,R,0.0,R,211.0,R,146.0,R,69.0,R,126.0,R,0.0,R,0.0,R,126.0,R,78.0,R,62.0,R,17.0
245652,2018,R,71.0,R,81.0,R,88.0,R,70.0,R,0.0,R,0.0,R,70.0,R,52.0,R,74.0,A,,A,,A,,A,,A,,A,,R,7.0
245777,2018,R,4.0,R,23.0,R,17.0,R,0.0,R,0.0,R,0.0,R,0.0,R,0.0,A,,A,,A,,A,,A,,A,,A,,R,21.0
245838,2018,A,,A,,A,,A,,A,,A,,A,,A,,A,,A,,A,,A,,A,,A,,A,,R,3.0
245847,2018,A,,A,,A,,A,,A,,A,,A,,A,,A,,A,,A,,A,,A,,A,,A,,R,3.0
245883,2018,A,,A,,A,,A,,A,,A,,A,,A,,A,,A,,A,,A,,A,,A,,A,,R,4.0
245892,2018,A,,A,,A,,A,,A,,A,,A,,A,,A,,A,,A,,A,,A,,A,,A,,R,3.0
245953,2018,R,104.0,R,394.0,R,26.0,R,78.0,R,0.0,R,0.0,R,78.0,R,47.0,R,60.0,R,32.0,R,0.0,R,0.0,R,32.0,R,23.0,R,72.0,R,7.0
245962,2018,A,,A,,A,,R,68.0,Z,0.0,Z,0.0,R,68.0,R,37.0,R,54.0,A,,A,,A,,A,,A,,A,,R,11.0
245980,2018,A,,A,,A,,R,14.0,R,0.0,R,0.0,R,14.0,R,12.0,R,86.0,A,,A,,A,,A,,A,,A,,R,22.0
245999,2018,A,,A,,A,,R,273.0,R,0.0,R,0.0,R,273.0,R,97.0,R,36.0,R,203.0,R,0.0,R,0.0,R,203.0,R,62.0,R,31.0,R,20.0
246017,2018,A,,A,,A,,R,119.0,R,0.0,R,0.0,R,119.0,R,23.0,R,19.0,R,88.0,R,0.0,R,0.0,R,88.0,R,13.0,R,15.0,R,6.0
246035,2018,A,,A,,A,,R,33.0,Z,0.0,Z,0.0,R,33.0,R,24.0,R,73.0,R,0.0,Z,0.0,Z,0.0,R,0.0,Z,0.0,A,,R,38.0
246071,2018,A,,A,,A,,R,13.0,R,0.0,R,0.0,R,13.0,R,7.0,R,54.0,A,,A,,A,,A,,A,,A,,R,9.0
246354,2018,R,713.0,R,2081.0,R,34.0,R,670.0,Z,0.0,Z,0.0,R,670.0,R,419.0,R,63.0,R,986.0,Z,0.0,R,0.0,R,986.0,R,421.0,R,43.0,R,27.0
246406,2018,A,,A,,A,,R,12.0,R,0.0,R,0.0,R,12.0,R,11.0,R,92.0,A,,A,,A,,A,,A,,A,,R,10.0
246415,2018,A,,A,,A,,R,4.0,R,0.0,R,0.0,R,4.0,R,2.0,R,50.0,R,25.0,R,0.0,R,0.0,R,25.0,R,10.0,R,40.0,R,10.0
246460,2018,A,,A,,A,,R,76.0,R,0.0,R,0.0,R,76.0,R,18.0,R,24.0,A,,A,,A,,A,,A,,A,,R,20.0
246813,2018,R,288.0,R,1930.0,R,15.0,R,295.0,R,0.0,Z,0.0,R,295.0,R,170.0,R,58.0,R,484.0,R,0.0,Z,0.0,R,484.0,R,219.0,R,45.0,R,14.0
246895,2018,A,,A,,A,,R,57.0,R,0.0,Z,0.0,R,57.0,R,45.0,R,79.0,R,9.0,R,0.0,Z,0.0,R,9.0,R,6.0,R,67.0,R,13.0
246974,2018,A,,A,,A,,R,20.0,Z,0.0,Z,0.0,R,20.0,R,13.0,R,65.0,R,4.0,Z,0.0,Z,0.0,R,4.0,R,2.0,R,50.0,R,27.0
247010,2018,A,,A,,A,,R,6.0,R,0.0,R,0.0,R,6.0,R,5.0,R,83.0,A,,A,,A,,A,,A,,A,,R,10.0
247047,2018,A,,A,,A,,R,9.0,R,0.0,R,0.0,R,9.0,R,8.0,R,89.0,A,,A,,A,,A,,A,,A,,R,17.0
247065,2018,R,41.0,R,148.0,R,28.0,R,0.0,R,0.0,R,0.0,R,0.0,R,0.0,A,,R,0.0,R,0.0,R,0.0,R,0.0,R,0.0,A,,R,12.0
247153,2018,A,,A,,A,,R,70.0,R,0.0,R,0.0,R,70.0,R,47.0,R,67.0,A,,A,,A,,A,,A,,A,,R,17.0
247162,2018,A,,A,,A,,A,,A,,A,,A,,A,,A,,R,0.0,R,0.0,R,0.0,R,0.0,R,0.0,A,,R,7.0
247409,2018,A,,A,,A,,R,54.0,R,0.0,R,0.0,R,54.0,R,33.0,R,61.0,A,,A,,A,,A,,A,,A,,R,13.0
247603,2018,R,316.0,R,758.0,R,42.0,R,388.0,R,0.0,R,0.0,R,388.0,R,283.0,R,73.0,R,94.0,R,0.0,R,0.0,R,94.0,R,41.0,R,44.0,R,15.0
247649,2018,R,86.0,R,260.0,R,33.0,R,17.0,R,0.0,R,0.0,R,17.0,R,8.0,R,47.0,R,8.0,R,0.0,R,0.0,R,8.0,R,2.0,R,25.0,R,6.0
247700,2018,A,,A,,A,,R,0.0,Z,0.0,Z,0.0,R,0.0,Z,0.0,A,,R,0.0,Z,0.0,Z,0.0,R,0.0,Z,0.0,A,,R,5.0
247773,2018,R,15.0,R,16.0,R,94.0,R,13.0,R,0.0,R,0.0,R,13.0,R,11.0,R,85.0,A,,A,,A,,A,,A,,A,,R,11.0
247825,2018,A,,A,,A,,A,,A,,A,,A,,A,,A,,A,,A,,A,,A,,A,,A,,R,4.0
247834,2018,R,3456.0,R,13326.0,R,26.0,R,3245.0,R,2.0,R,0.0,R,3243.0,R,2155.0,R,66.0,R,2482.0,R,2.0,R,0.0,R,2480.0,R,1294.0,R,52.0,R,24.0
247940,2018,R,443.0,R,774.0,R,57.0,R,462.0,R,0.0,R,0.0,R,462.0,R,281.0,R,61.0,R,121.0,R,0.0,R,0.0,R,121.0,R,53.0,R,44.0,R,19.0
248192,2018,A,,A,,A,,R,15.0,R,0.0,R,0.0,R,15.0,R,14.0,R,93.0,R,6.0,R,0.0,R,0.0,R,6.0,R,6.0,R,100.0,R,10.0
248305,2018,A,,A,,A,,R,15.0,R,0.0,Z,0.0,R,15.0,R,11.0,R,73.0,R,3.0,R,0.0,Z,0.0,R,3.0,R,2.0,R,67.0,R,11.0
248527,2018,A,,A,,A,,R,25.0,R,0.0,R,0.0,R,25.0,R,19.0,R,76.0,A,,A,,A,,A,,A,,A,,R,20.0
248606,2018,A,,A,,A,,R,219.0,R,3.0,R,0.0,R,216.0,R,106.0,R,49.0,R,162.0,R,1.0,Z,0.0,R,161.0,R,65.0,R,40.0,R,28.0
248624,2018,A,,A,,A,,R,11.0,R,0.0,R,0.0,R,11.0,R,11.0,R,100.0,A,,A,,A,,A,,A,,A,,R,15.0
248633,2018,A,,A,,A,,R,81.0,R,0.0,R,0.0,R,81.0,R,65.0,R,80.0,A,,A,,A,,A,,A,,A,,R,10.0
248660,2018,A,,A,,A,,R,14.0,R,0.0,R,0.0,R,14.0,R,7.0,R,50.0,R,1.0,Z,0.0,R,0.0,R,1.0,R,0.0,R,0.0,R,17.0
248703,2018,A,,A,,A,,R,50.0,R,0.0,R,0.0,R,50.0,R,43.0,R,86.0,R,16.0,R,0.0,R,0.0,R,16.0,R,9.0,R,56.0,R,16.0
248846,2018,R,35.0,R,53.0,R,66.0,R,35.0,R,0.0,R,0.0,R,35.0,R,26.0,R,74.0,R,1.0,R,0.0,R,0.0,R,1.0,R,1.0,R,100.0,R,21.0
248925,2018,A,,A,,A,,R,293.0,R,2.0,R,0.0,R,291.0,R,193.0,R,66.0,R,36.0,R,2.0,R,0.0,R,34.0,R,16.0,R,47.0,R,16.0
248934,2018,R,1296.0,R,3653.0,R,35.0,R,393.0,R,39.0,R,0.0,R,354.0,R,170.0,R,48.0,A,,A,,A,,A,,A,,A,,R,11.0
249140,2018,A,,A,,A,,R,36.0,R,0.0,R,0.0,R,36.0,R,16.0,R,44.0,A,,A,,A,,A,,A,,A,,R,24.0
249238,2018,A,,A,,A,,R,38.0,R,0.0,R,0.0,R,38.0,R,31.0,R,82.0,R,4.0,R,0.0,R,0.0,R,4.0,R,3.0,R,75.0,R,15.0
249566,2018,A,,A,,A,,R,214.0,R,0.0,R,0.0,R,214.0,R,184.0,R,86.0,A,,A,,A,,A,,A,,A,,R,5.0
249609,2018,A,,A,,A,,R,35.0,Z,0.0,Z,0.0,R,35.0,R,17.0,R,49.0,A,,A,,A,,A,,A,,A,,R,12.0
250027,2018,R,76.0,R,151.0,R,50.0,R,105.0,R,0.0,R,0.0,R,105.0,R,75.0,R,71.0,R,10.0,R,0.0,R,0.0,R,10.0,R,9.0,R,90.0,R,10.0
250285,2018,A,,A,,A,,R,51.0,Z,0.0,Z,0.0,R,51.0,R,43.0,R,84.0,R,14.0,Z,0.0,Z,0.0,R,14.0,R,6.0,R,43.0,R,11.0
250601,2018,A,,A,,A,,R,18.0,Z,0.0,Z,0.0,R,18.0,R,7.0,R,39.0,Z,0.0,Z,0.0,Z,0.0,R,0.0,R,0.0,A,,R,14.0
250744,2018,A,,A,,A,,R,134.0,R,0.0,R,0.0,R,134.0,R,59.0,R,44.0,A,,A,,A,,A,,A,,A,,R,15.0
250902,2018,A,,A,,A,,R,34.0,R,3.0,R,0.0,R,31.0,R,17.0,R,55.0,R,34.0,R,4.0,R,0.0,R,30.0,R,18.0,R,60.0,R,16.0
250993,2018,A,,A,,A,,R,34.0,R,0.0,R,0.0,R,34.0,R,17.0,R,50.0,R,24.0,R,0.0,R,0.0,R,24.0,R,14.0,R,58.0,R,19.0
251260,2018,R,1045.0,R,1978.0,R,53.0,R,982.0,R,0.0,R,0.0,R,982.0,R,632.0,R,64.0,R,165.0,R,0.0,R,0.0,R,165.0,R,72.0,R,44.0,R,19.0
251312,2018,R,16.0,R,137.0,R,12.0,R,8.0,R,0.0,R,0.0,R,8.0,R,0.0,R,0.0,R,8.0,R,0.0,R,0.0,R,8.0,R,4.0,R,50.0,R,10.0
260336,2018,A,,A,,A,,R,1.0,R,0.0,R,0.0,R,1.0,R,1.0,R,100.0,A,,A,,A,,A,,A,,A,,R,2.0
260363,2018,A,,A,,A,,R,10.0,R,0.0,R,0.0,R,10.0,R,4.0,R,40.0,A,,A,,A,,A,,A,,A,,R,10.0
260372,2018,R,17.0,R,42.0,R,40.0,R,24.0,R,0.0,R,0.0,R,24.0,R,16.0,R,67.0,R,8.0,R,0.0,R,0.0,R,8.0,R,6.0,R,75.0,R,20.0
260664,2018,A,,A,,A,,A,,A,,A,,A,,A,,A,,A,,A,,A,,A,,A,,A,,R,8.0
260691,2018,A,,A,,A,,R,93.0,R,0.0,R,0.0,R,93.0,R,67.0,R,72.0,A,,A,,A,,A,,A,,A,,R,25.0
260789,2018,A,,A,,A,,R,0.0,R,0.0,R,0.0,R,0.0,R,0.0,A,,A,,A,,A,,A,,A,,A,,R,19.0
260813,2018,R,2.0,R,23.0,R,9.0,R,5.0,R,0.0,R,0.0,R,5.0,R,3.0,R,60.0,A,,A,,A,,A,,A,,A,,R,11.0
260901,2018,A,,A,,A,,R,1.0,R,0.0,Z,0.0,R,1.0,R,1.0,R,100.0,R,524.0,R,3.0,Z,0.0,R,521.0,R,134.0,R,26.0,R,20.0
260910,2018,A,,A,,A,,R,0.0,Z,0.0,Z,0.0,R,0.0,Z,0.0,A,,R,1.0,R,0.0,Z,0.0,R,1.0,R,0.0,R,0.0,R,20.0
260929,2018,A,,A,,A,,R,43.0,R,0.0,R,0.0,R,43.0,R,27.0,R,63.0,R,3.0,R,0.0,R,0.0,R,3.0,R,3.0,R,100.0,R,15.0
260965,2018,A,,A,,A,,R,11.0,Z,0.0,Z,0.0,R,11.0,R,7.0,R,64.0,A,,A,,A,,A,,A,,A,,R,8.0
260992,2018,R,74.0,R,148.0,R,50.0,R,0.0,R,0.0,R,0.0,R,0.0,R,0.0,A,,R,0.0,R,0.0,R,0.0,R,0.0,R,0.0,A,,R,12.0
261436,2018,A,,A,,A,,R,320.0,Z,0.0,Z,0.0,R,320.0,R,278.0,R,87.0,A,,A,,A,,A,,A,,A,,R,17.0
261676,2018,A,,A,,A,,R,29.0,R,0.0,R,0.0,R,29.0,R,23.0,R,79.0,A,,A,,A,,A,,A,,A,,R,9.0
261685,2018,A,,A,,A,,R,22.0,R,0.0,R,0.0,R,22.0,R,13.0,R,59.0,A,,A,,A,,A,,A,,A,,R,10.0
261719,2018,A,,A,,A,,R,47.0,R,0.0,R,0.0,R,47.0,R,19.0,R,40.0,A,,A,,A,,A,,A,,A,,R,21.0
261773,2018,A,,A,,A,,R,2.0,R,0.0,R,0.0,R,2.0,R,1.0,R,50.0,R,1.0,R,0.0,R,0.0,R,1.0,R,0.0,R,0.0,R,2.0
261861,2018,R,40.0,R,47.0,R,85.0,R,16.0,R,0.0,R,0.0,R,16.0,R,12.0,R,75.0,A,,A,,A,,A,,A,,A,,R,15.0
262031,2018,R,1197.0,R,2024.0,R,59.0,R,1191.0,R,0.0,R,0.0,R,1191.0,R,773.0,R,65.0,R,353.0,R,0.0,R,0.0,R,353.0,R,137.0,R,39.0,R,19.0
262086,2018,R,9.0,R,1406.0,R,1.0,R,0.0,R,0.0,R,0.0,R,0.0,R,0.0,A,,R,5.0,R,0.0,R,0.0,R,5.0,R,2.0,R,40.0,R,17.0
262129,2018,R,192.0,R,226.0,R,85.0,R,199.0,R,0.0,R,0.0,R,199.0,R,151.0,R,76.0,A,,A,,A,,A,,A,,A,,R,8.0
262341,2018,A,,A,,A,,R,244.0,R,0.0,R,0.0,R,244.0,R,97.0,R,40.0,A,,A,,A,,A,,A,,A,,R,12.0
262369,2018,A,,A,,A,,R,81.0,R,0.0,R,0.0,R,81.0,R,61.0,R,75.0,A,,A,,A,,A,,A,,A,,R,13.0
262402,2018,A,,A,,A,,A,,A,,A,,A,,A,,A,,A,,A,,A,,A,,A,,A,,R,4.0
262466,2018,A,,A,,A,,A,,A,,A,,A,,A,,A,,A,,A,,A,,A,,A,,A,,R,10.0
362700,2018,A,,A,,A,,R,46.0,R,0.0,R,0.0,R,46.0,R,38.0,R,83.0,R,0.0,R,0.0,R,0.0,R,0.0,R,0.0,A,,R,16.0
362782,2018,A,,A,,A,,A,,A,,A,,A,,A,,A,,A,,A,,A,,A,,A,,A,,R,15.0
363013,2018,A,,A,,A,,R,17.0,R,0.0,R,0.0,R,17.0,R,12.0,R,71.0,A,,A,,A,,A,,A,,A,,R,24.0
363077,2018,A,,A,,A,,R,18.0,R,0.0,R,0.0,R,18.0,R,14.0,R,78.0,R,12.0,R,0.0,R,0.0,R,12.0,R,8.0,R,67.0,R,10.0
363147,2018,A,,A,,A,,R,25.0,R,0.0,R,0.0,R,25.0,R,16.0,R,64.0,A,,A,,A,,A,,A,,A,,R,24.0
363165,2018,A,,A,,A,,R,66.0,R,0.0,R,0.0,R,66.0,R,38.0,R,58.0,R,463.0,R,0.0,R,0.0,R,463.0,R,168.0,R,36.0,R,14.0
363439,2018,R,55.0,R,151.0,R,36.0,R,0.0,R,0.0,R,0.0,R,0.0,R,0.0,A,,R,0.0,R,0.0,R,0.0,R,0.0,R,0.0,A,,R,15.0
363633,2018,R,108.0,R,279.0,R,39.0,R,86.0,R,0.0,R,0.0,R,86.0,R,41.0,R,48.0,R,18.0,R,0.0,R,0.0,R,18.0,R,3.0,R,17.0,R,13.0
363679,2018,A,,A,,A,,R,35.0,Z,0.0,Z,0.0,R,35.0,R,31.0,R,89.0,R,19.0,Z,0.0,Z,0.0,R,19.0,R,14.0,R,74.0,R,14.0
363712,2018,R,10.0,R,33.0,R,30.0,R,4.0,R,0.0,R,0.0,R,4.0,R,1.0,R,25.0,A,,A,,A,,A,,A,,A,,R,8.0
363882,2018,A,,A,,A,,R,10.0,R,0.0,Z,0.0,R,10.0,R,9.0,R,90.0,A,,A,,A,,A,,A,,A,,R,22.0
363907,2018,R,30.0,R,65.0,R,46.0,R,23.0,R,0.0,R,0.0,R,23.0,R,19.0,R,83.0,A,,A,,A,,A,,A,,A,,R,7.0
363916,2018,R,24.0,R,29.0,R,83.0,R,7.0,R,0.0,R,0.0,R,7.0,R,5.0,R,71.0,R,1.0,R,0.0,R,0.0,R,1.0,R,1.0,R,100.0,R,8.0
363934,2018,R,115.0,R,215.0,R,53.0,R,92.0,R,0.0,R,0.0,R,92.0,R,53.0,R,58.0,A,,A,,A,,A,,A,,A,,R,11.0
364016,2018,R,541.0,R,2526.0,R,21.0,R,518.0,R,0.0,Z,0.0,R,518.0,R,335.0,R,65.0,R,426.0,R,0.0,Z,0.0,R,426.0,R,196.0,R,46.0,R,20.0
364025,2018,R,887.0,R,3513.0,R,25.0,R,793.0,R,0.0,Z,0.0,R,793.0,R,546.0,R,69.0,R,710.0,R,0.0,Z,0.0,R,710.0,R,338.0,R,48.0,R,29.0
364122,2018,A,,A,,A,,A,,A,,A,,A,,A,,A,,A,,A,,A,,A,,A,,A,,R,2.0
364168,2018,A,,A,,A,,R,49.0,R,0.0,R,0.0,R,49.0,R,42.0,R,86.0,A,,A,,A,,A,,A,,A,,R,8.0
364548,2018,A,,A,,A,,R,139.0,R,0.0,R,0.0,R,139.0,R,120.0,R,86.0,R,59.0,R,0.0,R,0.0,R,59.0,R,54.0,R,92.0,R,4.0
364575,2018,A,,A,,A,,R,21.0,R,0.0,R,0.0,R,21.0,R,16.0,R,76.0,A,,A,,A,,A,,A,,A,,R,9.0
364627,2018,A,,A,,A,,R,47.0,R,0.0,R,0.0,R,47.0,R,35.0,R,74.0,R,7.0,R,0.0,R,0.0,R,7.0,R,4.0,R,57.0,R,11.0
364636,2018,A,,A,,A,,R,31.0,R,0.0,R,0.0,R,31.0,R,22.0,R,71.0,R,3.0,R,0.0,R,0.0,R,3.0,R,3.0,R,100.0,R,10.0
364751,2018,A,,A,,A,,A,,A,,A,,A,,A,,A,,A,,A,,A,,A,,A,,A,,R,10.0
364760,2018,A,,A,,A,,R,22.0,R,0.0,R,0.0,R,22.0,R,17.0,R,77.0,R,39.0,R,0.0,R,0.0,R,39.0,R,32.0,R,82.0,R,15.0
364946,2018,A,,A,,A,,R,41.0,R,0.0,R,0.0,R,41.0,R,24.0,R,59.0,R,238.0,R,0.0,R,0.0,R,238.0,R,140.0,R,59.0,R,6.0
364964,2018,A,,A,,A,,R,21.0,R,0.0,R,0.0,R,21.0,R,11.0,R,52.0,A,,A,,A,,A,,A,,A,,R,9.0
365091,2018,A,,A,,A,,R,5.0,R,0.0,R,0.0,R,5.0,R,4.0,R,80.0,A,,A,,A,,A,,A,,A,,R,20.0
365125,2018,A,,A,,A,,R,18.0,Z,0.0,Z,0.0,R,18.0,R,13.0,R,72.0,A,,A,,A,,A,,A,,A,,R,15.0
365198,2018,A,,A,,A,,R,23.0,R,0.0,R,0.0,R,23.0,R,19.0,R,83.0,R,27.0,R,0.0,R,0.0,R,27.0,R,20.0,R,74.0,R,9.0
365204,2018,R,147.0,R,1198.0,R,12.0,R,1289.0,R,4.0,R,0.0,R,1285.0,R,765.0,R,60.0,A,,A,,A,,A,,A,,A,,R,17.0
365213,2018,A,,A,,A,,R,19.0,R,0.0,R,0.0,R,19.0,R,12.0,R,63.0,R,116.0,R,0.0,R,0.0,R,116.0,R,56.0,R,48.0,R,11.0
365240,2018,A,,A,,A,,A,,A,,A,,A,,A,,A,,A,,A,,A,,A,,A,,A,,R,12.0
365374,2018,A,,A,,A,,R,78.0,R,0.0,R,0.0,R,78.0,R,62.0,R,79.0,R,63.0,R,0.0,R,0.0,R,63.0,R,30.0,R,48.0,R,18.0
365383,2018,A,,A,,A,,R,44.0,R,0.0,R,0.0,R,44.0,R,26.0,R,59.0,A,,A,,A,,A,,A,,A,,R,15.0
365480,2018,A,,A,,A,,R,29.0,R,0.0,R,0.0,R,29.0,R,21.0,R,72.0,R,59.0,R,0.0,R,0.0,R,59.0,R,33.0,R,56.0,R,9.0
365505,2018,A,,A,,A,,R,43.0,R,0.0,R,0.0,R,43.0,R,43.0,R,100.0,A,,A,,A,,A,,A,,A,,R,15.0
365693,2018,A,,A,,A,,R,80.0,R,5.0,R,0.0,R,75.0,R,74.0,R,99.0,R,12.0,R,1.0,R,0.0,R,11.0,R,10.0,R,91.0,R,12.0
365763,2018,A,,A,,A,,R,27.0,R,0.0,R,0.0,R,27.0,R,26.0,R,96.0,A,,A,,A,,A,,A,,A,,R,13.0
365824,2018,A,,A,,A,,R,59.0,R,0.0,R,0.0,R,59.0,R,46.0,R,78.0,A,,A,,A,,A,,A,,A,,R,19.0
365833,2018,A,,A,,A,,R,78.0,R,0.0,R,0.0,R,78.0,R,58.0,R,74.0,A,,A,,A,,A,,A,,A,,R,18.0
366003,2018,R,1.0,R,35.0,R,3.0,R,8.0,R,0.0,R,0.0,R,8.0,R,5.0,R,63.0,R,4.0,R,0.0,R,0.0,R,4.0,R,1.0,R,25.0,R,14.0
366155,2018,A,,A,,A,,R,14.0,R,0.0,R,0.0,R,14.0,R,10.0,R,71.0,A,,A,,A,,A,,A,,A,,R,20.0
366191,2018,A,,A,,A,,R,278.0,R,1.0,R,0.0,R,277.0,R,212.0,R,77.0,A,,A,,A,,A,,A,,A,,R,43.0
366252,2018,R,1195.0,R,1648.0,R,73.0,R,412.0,R,0.0,R,0.0,R,412.0,R,329.0,R,80.0,R,7.0,R,0.0,R,0.0,R,7.0,R,3.0,R,43.0,R,14.0
366261,2018,R,33.0,R,51.0,R,65.0,R,38.0,R,0.0,R,0.0,R,38.0,R,18.0,R,47.0,A,,A,,A,,A,,A,,A,,R,24.0
366270,2018,A,,A,,A,,R,26.0,R,0.0,R,0.0,R,26.0,R,14.0,R,54.0,A,,A,,A,,A,,A,,A,,R,15.0
366289,2018,A,,A,,A,,R,42.0,R,0.0,R,0.0,R,42.0,R,31.0,R,74.0,A,,A,,A,,A,,A,,A,,R,15.0
366340,2018,R,35.0,R,116.0,R,30.0,R,4.0,R,0.0,R,0.0,R,4.0,R,2.0,R,50.0,R,0.0,R,0.0,R,0.0,R,0.0,R,0.0,A,,R,22.0
366395,2018,R,4023.0,R,6245.0,R,64.0,R,4419.0,Z,0.0,Z,0.0,R,4419.0,R,2987.0,R,68.0,R,595.0,Z,0.0,Z,0.0,R,595.0,R,306.0,R,51.0,R,22.0
366401,2018,R,774.0,R,2809.0,R,28.0,R,795.0,R,0.0,R,0.0,R,795.0,R,625.0,R,79.0,R,705.0,R,0.0,R,0.0,R,705.0,R,376.0,R,53.0,R,25.0
366438,2018,A,,A,,A,,R,23.0,Z,0.0,Z,0.0,R,23.0,R,21.0,R,91.0,R,40.0,Z,0.0,Z,0.0,R,40.0,R,29.0,R,73.0,R,15.0
366465,2018,R,171.0,R,914.0,R,19.0,R,179.0,R,0.0,Z,0.0,R,179.0,R,104.0,R,58.0,R,173.0,R,0.0,Z,0.0,R,173.0,R,94.0,R,54.0,R,14.0
366535,2018,A,,A,,A,,R,90.0,R,0.0,R,0.0,R,90.0,R,63.0,R,70.0,A,,A,,A,,A,,A,,A,,R,17.0
366553,2018,R,169.0,R,291.0,R,58.0,R,5.0,R,0.0,R,0.0,R,5.0,R,0.0,R,0.0,R,3.0,R,0.0,R,0.0,R,3.0,R,1.0,R,33.0,R,9.0
366571,2018,A,,A,,A,,A,,A,,A,,A,,A,,A,,A,,A,,A,,A,,A,,A,,R,12.0
366623,2018,A,,A,,A,,R,7.0,Z,0.0,Z,0.0,R,7.0,R,6.0,R,86.0,R,4.0,Z,0.0,Z,0.0,R,4.0,R,3.0,R,75.0,R,6.0
366632,2018,A,,A,,A,,R,29.0,R,0.0,R,0.0,R,29.0,R,17.0,R,59.0,A,,A,,A,,A,,A,,A,,R,16.0
366711,2018,R,2348.0,R,4736.0,R,50.0,R,2405.0,Z,0.0,Z,0.0,R,2405.0,R,1854.0,R,77.0,R,94.0,Z,0.0,Z,0.0,R,94.0,R,47.0,R,50.0,R,25.0
367024,2018,A,,A,,A,,R,0.0,Z,0.0,Z,0.0,R,0.0,Z,0.0,A,,R,7.0,R,0.0,Z,0.0,R,7.0,R,4.0,R,57.0,R,20.0
367051,2018,A,,A,,A,,R,22.0,R,0.0,R,0.0,R,22.0,R,20.0,R,91.0,R,25.0,R,0.0,R,0.0,R,25.0,R,23.0,R,92.0,R,15.0
367088,2018,A,,A,,A,,R,8.0,R,0.0,R,0.0,R,8.0,R,4.0,R,50.0,R,1.0,R,0.0,R,0.0,R,1.0,R,1.0,R,100.0,R,12.0
367103,2018,A,,A,,A,,R,5.0,R,0.0,R,0.0,R,5.0,R,2.0,R,40.0,A,,A,,A,,A,,A,,A,,R,12.0
367112,2018,A,,A,,A,,R,170.0,Z,0.0,Z,0.0,R,170.0,R,80.0,R,47.0,R,65.0,Z,0.0,Z,0.0,R,65.0,R,12.0,R,18.0,R,17.0
367158,2018,A,,A,,A,,R,14.0,R,0.0,R,0.0,R,14.0,R,12.0,R,86.0,A,,A,,A,,A,,A,,A,,R,15.0
367334,2018,A,,A,,A,,A,,A,,A,,A,,A,,A,,A,,A,,A,,A,,A,,A,,R,6.0
367361,2018,A,,A,,A,,R,6.0,R,0.0,R,0.0,R,6.0,R,3.0,R,50.0,A,,A,,A,,A,,A,,A,,R,12.0
367431,2018,A,,A,,A,,R,13.0,R,0.0,R,0.0,R,13.0,R,11.0,R,85.0,A,,A,,A,,A,,A,,A,,R,11.0
367459,2018,R,908.0,R,3632.0,R,25.0,R,900.0,R,0.0,R,0.0,R,900.0,R,527.0,R,59.0,R,519.0,R,0.0,R,0.0,R,519.0,R,236.0,R,45.0,R,18.0
367875,2018,A,,A,,A,,R,223.0,R,0.0,R,0.0,R,223.0,R,44.0,R,20.0,A,,A,,A,,A,,A,,A,,R,6.0
367884,2018,R,59.0,R,172.0,R,34.0,R,31.0,R,0.0,R,0.0,R,31.0,R,15.0,R,48.0,R,8.0,R,0.0,R,0.0,R,8.0,R,3.0,R,38.0,R,12.0
367972,2018,A,,A,,A,,A,,A,,A,,A,,A,,A,,A,,A,,A,,A,,A,,A,,R,13.0
367981,2018,A,,A,,A,,R,1.0,R,0.0,R,0.0,R,1.0,R,1.0,R,100.0,R,6.0,Z,0.0,Z,0.0,R,6.0,R,5.0,R,83.0,R,12.0
368036,2018,A,,A,,A,,A,,A,,A,,A,,A,,A,,A,,A,,A,,A,,A,,A,,R,23.0
368230,2018,A,,A,,A,,R,60.0,R,0.0,Z,0.0,R,60.0,R,39.0,R,65.0,R,17.0,R,0.0,Z,0.0,R,17.0,R,13.0,R,76.0,R,17.0
368364,2018,A,,A,,A,,R,14.0,R,0.0,R,0.0,R,14.0,R,5.0,R,36.0,R,14.0,R,4.0,Z,0.0,R,10.0,R,3.0,R,30.0,R,16.0
368407,2018,A,,A,,A,,R,10.0,R,0.0,R,0.0,R,10.0,R,7.0,R,70.0,R,11.0,R,0.0,R,0.0,R,11.0,R,10.0,R,91.0,R,16.0
368443,2018,R,162.0,R,458.0,R,35.0,R,1.0,R,0.0,R,0.0,R,1.0,R,1.0,R,100.0,R,0.0,R,0.0,R,0.0,R,0.0,R,0.0,A,,R,15.0
368452,2018,R,124.0,R,146.0,R,85.0,R,69.0,R,0.0,R,0.0,R,69.0,R,41.0,R,59.0,A,,A,,A,,A,,A,,A,,R,8.0
368540,2018,A,,A,,A,,R,14.0,R,0.0,R,0.0,R,14.0,R,10.0,R,71.0,A,,A,,A,,A,,A,,A,,R,12.0
368629,2018,A,,A,,A,,R,49.0,R,0.0,R,0.0,R,49.0,R,37.0,R,76.0,A,,A,,A,,A,,A,,A,,R,25.0
368647,2018,A,,A,,A,,R,0.0,R,0.0,R,0.0,R,0.0,R,0.0,A,,A,,A,,A,,A,,A,,A,,R,6.0
368771,2018,A,,A,,A,,A,,A,,A,,A,,A,,A,,A,,A,,A,,A,,A,,A,,R,35.0
368780,2018,A,,A,,A,,R,40.0,R,0.0,R,0.0,R,40.0,R,11.0,R,28.0,A,,A,,A,,A,,A,,A,,R,18.0
368832,2018,A,,A,,A,,R,8.0,Z,0.0,Z,0.0,R,8.0,R,4.0,R,50.0,R,1.0,Z,0.0,Z,0.0,R,1.0,R,1.0,R,100.0,R,20.0
368911,2018,R,108.0,R,831.0,R,13.0,R,117.0,R,0.0,Z,0.0,R,117.0,R,67.0,R,57.0,R,127.0,R,0.0,Z,0.0,R,127.0,R,70.0,R,55.0,R,11.0
369109,2018,A,,A,,A,,R,22.0,R,0.0,R,0.0,R,22.0,R,18.0,R,82.0,R,0.0,R,0.0,R,0.0,R,0.0,R,0.0,A,,R,11.0
369400,2018,A,,A,,A,,R,420.0,R,2.0,R,0.0,R,418.0,R,290.0,R,69.0,A,,A,,A,,A,,A,,A,,R,37.0
369419,2018,A,,A,,A,,R,854.0,R,0.0,R,0.0,R,854.0,R,282.0,R,33.0,A,,A,,A,,A,,A,,A,,R,20.0
369446,2018,A,,A,,A,,R,4.0,R,0.0,R,0.0,R,4.0,R,4.0,R,100.0,R,0.0,R,0.0,R,0.0,R,0.0,R,0.0,A,,R,15.0
369455,2018,A,,A,,A,,A,,A,,A,,A,,A,,A,,A,,A,,A,,A,,A,,A,,R,16.0
369516,2018,A,,A,,A,,R,0.0,R,0.0,R,0.0,R,0.0,R,0.0,A,,A,,A,,A,,A,,A,,A,,R,9.0
369668,2018,A,,A,,A,,R,200.0,R,0.0,R,0.0,R,200.0,R,166.0,R,83.0,R,0.0,R,0.0,R,0.0,R,0.0,R,0.0,A,,R,10.0
369686,2018,A,,A,,A,,R,152.0,R,0.0,R,0.0,R,152.0,R,130.0,R,86.0,A,,A,,A,,A,,A,,A,,R,20.0
369695,2018,A,,A,,A,,R,86.0,R,0.0,R,0.0,R,86.0,R,80.0,R,93.0,A,,A,,A,,A,,A,,A,,R,29.0
369783,2018,A,,A,,A,,R,119.0,Z,0.0,Z,0.0,R,119.0,R,100.0,R,84.0,A,,A,,A,,A,,A,,A,,R,28.0
369905,2018,R,22.0,R,72.0,R,31.0,R,0.0,R,0.0,R,0.0,R,0.0,R,0.0,A,,R,0.0,R,0.0,R,0.0,R,0.0,R,0.0,A,,R,9.0
369950,2018,A,,A,,A,,A,,A,,A,,A,,A,,A,,A,,A,,A,,A,,A,,A,,R,15.0
371034,2018,A,,A,,A,,R,2.0,Z,0.0,Z,0.0,R,2.0,R,1.0,R,50.0,A,,A,,A,,A,,A,,A,,R,8.0
371052,2018,A,,A,,A,,R,67.0,Z,0.0,Z,0.0,R,67.0,R,37.0,R,55.0,A,,A,,A,,A,,A,,A,,R,19.0
371690,2018,A,,A,,A,,R,282.0,Z,0.0,Z,0.0,R,282.0,R,193.0,R,68.0,R,490.0,Z,0.0,Z,0.0,R,490.0,R,157.0,R,32.0,R,30.0
371830,2018,A,,A,,A,,R,9.0,R,0.0,R,0.0,R,9.0,R,2.0,R,22.0,A,,A,,A,,A,,A,,A,,R,25.0
371928,2018,A,,A,,A,,R,40.0,R,0.0,R,0.0,R,40.0,R,32.0,R,80.0,A,,A,,A,,A,,A,,A,,R,17.0
371964,2018,A,,A,,A,,R,74.0,R,0.0,R,0.0,R,74.0,R,64.0,R,86.0,A,,A,,A,,A,,A,,A,,R,21.0
372028,2018,A,,A,,A,,R,109.0,R,0.0,R,0.0,R,109.0,R,91.0,R,83.0,A,,A,,A,,A,,A,,A,,R,47.0
372073,2018,A,,A,,A,,R,0.0,R,0.0,R,0.0,R,0.0,R,0.0,A,,A,,A,,A,,A,,A,,A,,R,12.0
372082,2018,A,,A,,A,,R,39.0,R,0.0,R,0.0,R,39.0,R,29.0,R,74.0,R,0.0,R,0.0,R,0.0,R,0.0,R,0.0,A,,R,20.0
372240,2018,A,,A,,A,,R,1.0,R,0.0,R,0.0,R,1.0,R,1.0,R,100.0,A,,A,,A,,A,,A,,A,,R,15.0
372329,2018,R,357.0,R,357.0,R,100.0,R,322.0,R,3.0,R,0.0,R,319.0,R,282.0,R,88.0,A,,A,,A,,A,,A,,A,,R,7.0
372356,2018,A,,A,,A,,R,49.0,R,0.0,R,0.0,R,49.0,R,44.0,R,90.0,A,,A,,A,,A,,A,,A,,R,10.0
372462,2018,A,,A,,A,,R,9.0,R,0.0,R,0.0,R,9.0,R,9.0,R,100.0,A,,A,,A,,A,,A,,A,,R,8.0
372718,2018,A,,A,,A,,R,27.0,R,0.0,R,0.0,R,27.0,R,23.0,R,85.0,R,0.0,R,0.0,R,0.0,R,0.0,R,0.0,A,,R,16.0
372921,2018,A,,A,,A,,R,96.0,Z,0.0,Z,0.0,R,96.0,R,60.0,R,63.0,A,,A,,A,,A,,A,,A,,R,24.0
372958,2018,A,,A,,A,,R,8.0,R,0.0,R,0.0,R,8.0,R,4.0,R,50.0,A,,A,,A,,A,,A,,A,,R,20.0
373085,2018,A,,A,,A,,R,9.0,R,0.0,R,0.0,R,9.0,R,6.0,R,67.0,R,3.0,R,0.0,R,0.0,R,3.0,R,0.0,R,0.0,R,11.0
373216,2018,A,,A,,A,,R,23.0,Z,0.0,Z,0.0,R,23.0,R,19.0,R,83.0,A,,A,,A,,A,,A,,A,,R,17.0
373456,2018,A,,A,,A,,R,9.0,R,0.0,R,0.0,R,9.0,R,7.0,R,78.0,R,0.0,R,0.0,R,0.0,R,0.0,R,0.0,A,,R,6.0
373526,2018,A,,A,,A,,A,,A,,A,,A,,A,,A,,A,,A,,A,,A,,A,,A,,R,8.0
373678,2018,A,,A,,A,,R,29.0,R,0.0,R,0.0,R,29.0,R,24.0,R,83.0,R,2.0,R,0.0,R,0.0,R,2.0,R,2.0,R,100.0,R,17.0
373696,2018,A,,A,,A,,R,40.0,R,0.0,R,0.0,R,40.0,R,27.0,R,68.0,A,,A,,A,,A,,A,,A,,R,16.0
373711,2018,A,,A,,A,,R,14.0,R,0.0,R,0.0,R,14.0,R,14.0,R,100.0,R,4.0,R,0.0,R,0.0,R,4.0,R,2.0,R,50.0,R,10.0
373784,2018,A,,A,,A,,R,145.0,Z,0.0,Z,0.0,R,145.0,R,96.0,R,66.0,A,,A,,A,,A,,A,,A,,R,24.0
374316,2018,A,,A,,A,,R,2.0,R,0.0,R,0.0,R,2.0,R,1.0,R,50.0,R,2.0,R,0.0,R,0.0,R,2.0,R,1.0,R,50.0,R,15.0
374343,2018,A,,A,,A,,R,19.0,R,0.0,R,0.0,R,19.0,R,19.0,R,100.0,A,,A,,A,,A,,A,,A,,R,14.0
374574,2018,A,,A,,A,,R,129.0,R,0.0,R,0.0,R,129.0,R,98.0,R,76.0,R,10.0,R,0.0,R,0.0,R,10.0,R,8.0,R,80.0,R,19.0
374592,2018,A,,A,,A,,R,54.0,R,0.0,R,0.0,R,54.0,R,10.0,R,19.0,A,,A,,A,,A,,A,,A,,R,16.0
374927,2018,A,,A,,A,,R,14.0,R,0.0,R,0.0,R,14.0,R,13.0,R,93.0,R,4.0,R,0.0,R,0.0,R,4.0,R,2.0,R,50.0,R,7.0
374972,2018,R,14.0,R,60.0,R,23.0,R,0.0,R,0.0,R,0.0,R,0.0,R,0.0,A,,R,0.0,R,0.0,R,0.0,R,0.0,R,0.0,A,,R,10.0
374990,2018,A,,A,,A,,R,11.0,R,0.0,Z,0.0,R,11.0,R,8.0,R,73.0,A,,A,,A,,A,,A,,A,,R,20.0
375106,2018,A,,A,,A,,A,,A,,A,,A,,A,,A,,A,,A,,A,,A,,A,,A,,R,15.0
375230,2018,R,37.0,R,77.0,R,48.0,R,13.0,R,0.0,R,0.0,R,13.0,R,12.0,R,92.0,A,,A,,A,,A,,A,,A,,R,18.0
375373,2018,A,,A,,A,,R,7.0,R,0.0,R,0.0,R,7.0,R,6.0,R,86.0,R,30.0,Z,0.0,Z,0.0,R,30.0,R,23.0,R,77.0,R,7.0
375407,2018,A,,A,,A,,R,39.0,Z,0.0,Z,0.0,R,39.0,R,34.0,R,87.0,R,11.0,Z,0.0,Z,0.0,R,11.0,R,10.0,R,91.0,R,9.0
375416,2018,A,,A,,A,,R,175.0,R,0.0,R,0.0,R,175.0,R,105.0,R,60.0,A,,A,,A,,A,,A,,A,,R,16.0
375540,2018,A,,A,,A,,R,31.0,R,0.0,R,0.0,R,31.0,R,25.0,R,81.0,R,19.0,R,0.0,R,0.0,R,19.0,R,5.0,R,26.0,R,25.0
375568,2018,A,,A,,A,,R,11.0,Z,0.0,Z,0.0,R,11.0,R,11.0,R,100.0,R,12.0,Z,0.0,Z,0.0,R,12.0,R,12.0,R,100.0,R,5.0
375656,2018,A,,A,,A,,R,14.0,R,0.0,R,0.0,R,14.0,R,11.0,R,79.0,R,7.0,R,0.0,R,0.0,R,7.0,R,3.0,R,43.0,R,8.0
375683,2018,A,,A,,A,,R,47.0,R,0.0,R,0.0,R,47.0,R,43.0,R,91.0,R,489.0,R,10.0,Z,0.0,R,479.0,R,435.0,R,91.0,R,18.0
375726,2018,A,,A,,A,,R,159.0,R,1.0,R,0.0,R,158.0,R,87.0,R,55.0,R,64.0,R,0.0,R,0.0,R,64.0,R,25.0,R,39.0,R,3.0
375939,2018,A,,A,,A,,R,21.0,R,0.0,R,0.0,R,21.0,R,12.0,R,57.0,A,,A,,A,,A,,A,,A,,R,3.0
375966,2018,A,,A,,A,,R,4.0,R,0.0,R,0.0,R,4.0,R,3.0,R,75.0,R,4.0,R,0.0,R,0.0,R,4.0,R,4.0,R,100.0,R,4.0
375984,2018,A,,A,,A,,R,106.0,R,0.0,Z,0.0,R,106.0,R,42.0,R,40.0,R,32.0,R,0.0,Z,0.0,R,32.0,R,16.0,R,50.0,R,26.0
376224,2018,R,55.0,R,78.0,R,71.0,R,15.0,R,0.0,R,0.0,R,15.0,R,11.0,R,73.0,A,,A,,A,,A,,A,,A,,R,17.0
376242,2018,A,,A,,A,,R,40.0,R,0.0,Z,0.0,R,40.0,R,18.0,R,45.0,A,,A,,A,,A,,A,,A,,R,19.0
376288,2018,A,,A,,A,,R,39.0,R,0.0,R,0.0,R,39.0,R,26.0,R,67.0,A,,A,,A,,A,,A,,A,,R,8.0
376321,2018,R,358.0,R,1007.0,R,36.0,R,31.0,R,0.0,R,0.0,R,31.0,R,30.0,R,97.0,R,15.0,R,0.0,R,0.0,R,15.0,R,14.0,R,93.0,R,15.0
376330,2018,A,,A,,A,,R,30.0,R,0.0,R,0.0,R,30.0,R,30.0,R,100.0,A,,A,,A,,A,,A,,A,,R,17.0
376385,2018,A,,A,,A,,R,2.0,R,0.0,R,0.0,R,2.0,R,2.0,R,100.0,A,,A,,A,,A,,A,,A,,R,20.0
376446,2018,A,,A,,A,,R,3.0,R,0.0,R,0.0,R,3.0,R,2.0,R,67.0,R,9.0,R,0.0,Z,0.0,R,9.0,R,4.0,R,44.0,R,10.0
376631,2018,A,,A,,A,,R,11.0,R,0.0,R,0.0,R,11.0,R,4.0,R,36.0,R,8.0,R,0.0,R,0.0,R,8.0,R,1.0,R,13.0,R,18.0
376677,2018,A,,A,,A,,R,3.0,R,0.0,R,0.0,R,3.0,R,2.0,R,67.0,A,,A,,A,,A,,A,,A,,R,17.0
376695,2018,R,292.0,R,347.0,R,84.0,R,0.0,R,0.0,R,0.0,R,0.0,R,0.0,A,,R,0.0,R,0.0,R,0.0,R,0.0,R,0.0,A,,R,12.0
377111,2018,A,,A,,A,,R,4.0,R,0.0,R,0.0,R,4.0,R,2.0,R,50.0,A,,A,,A,,A,,A,,A,,R,20.0
377193,2018,A,,A,,A,,R,5.0,R,0.0,R,0.0,R,5.0,R,5.0,R,100.0,A,,A,,A,,A,,A,,A,,R,7.0
377218,2018,A,,A,,A,,R,20.0,R,1.0,R,0.0,R,19.0,R,18.0,R,95.0,A,,A,,A,,A,,A,,A,,R,16.0
377272,2018,A,,A,,A,,R,16.0,R,0.0,R,0.0,R,16.0,R,12.0,R,75.0,A,,A,,A,,A,,A,,A,,R,9.0
377281,2018,A,,A,,A,,R,44.0,R,0.0,R,0.0,R,44.0,R,36.0,R,82.0,A,,A,,A,,A,,A,,A,,R,10.0
377315,2018,A,,A,,A,,R,19.0,R,0.0,R,0.0,R,19.0,R,15.0,R,79.0,A,,A,,A,,A,,A,,A,,R,9.0
377342,2018,A,,A,,A,,R,1.0,R,0.0,R,0.0,R,1.0,R,1.0,R,100.0,A,,A,,A,,A,,A,,A,,R,27.0
377449,2018,R,7.0,R,7.0,R,100.0,R,11.0,Z,0.0,Z,0.0,R,11.0,R,9.0,R,82.0,R,4.0,Z,0.0,Z,0.0,R,4.0,R,2.0,R,50.0,R,8.0
377458,2018,R,25.0,R,25.0,R,100.0,R,22.0,Z,0.0,Z,0.0,R,22.0,R,17.0,R,77.0,R,15.0,Z,0.0,Z,0.0,R,15.0,R,11.0,R,73.0,R,10.0
377485,2018,A,,A,,A,,R,6.0,R,0.0,R,0.0,R,6.0,R,5.0,R,83.0,R,2.0,R,0.0,R,0.0,R,2.0,Z,0.0,R,0.0,R,9.0
377546,2018,R,26.0,R,37.0,R,70.0,R,22.0,R,0.0,R,0.0,R,22.0,R,11.0,R,50.0,R,1.0,R,0.0,Z,0.0,R,1.0,R,1.0,R,100.0,R,21.0
377555,2018,R,745.0,R,1581.0,R,47.0,R,773.0,R,0.0,R,0.0,R,773.0,R,670.0,R,87.0,R,27.0,R,0.0,R,0.0,R,27.0,R,19.0,R,70.0,R,20.0
377564,2018,R,623.0,R,1527.0,R,41.0,R,567.0,R,0.0,R,0.0,R,567.0,R,458.0,R,81.0,R,21.0,R,0.0,R,0.0,R,21.0,R,16.0,R,76.0,R,16.0
377643,2018,A,,A,,A,,R,6.0,R,0.0,R,0.0,R,6.0,R,3.0,R,50.0,A,,A,,A,,A,,A,,A,,R,20.0
377652,2018,A,,A,,A,,R,16.0,R,0.0,R,0.0,R,16.0,R,9.0,R,56.0,A,,A,,A,,A,,A,,A,,R,24.0
377661,2018,A,,A,,A,,R,0.0,R,0.0,R,0.0,R,0.0,R,0.0,A,,A,,A,,A,,A,,A,,A,,R,24.0
377670,2018,A,,A,,A,,R,10.0,R,0.0,R,0.0,R,10.0,R,4.0,R,40.0,A,,A,,A,,A,,A,,A,,R,15.0
377722,2018,A,,A,,A,,R,20.0,Z,0.0,Z,0.0,R,20.0,R,19.0,R,95.0,A,,A,,A,,A,,A,,A,,R,16.0
377759,2018,A,,A,,A,,R,9.0,R,0.0,R,0.0,R,9.0,R,8.0,R,89.0,A,,A,,A,,A,,A,,A,,R,15.0
378105,2018,A,,A,,A,,R,60.0,R,3.0,R,0.0,R,57.0,R,38.0,R,67.0,R,84.0,R,0.0,R,0.0,R,84.0,R,77.0,R,92.0,R,19.0
378576,2018,R,26.0,R,42.0,R,62.0,Z,0.0,Z,0.0,Z,0.0,R,0.0,R,0.0,A,,Z,0.0,Z,0.0,R,0.0,R,0.0,Z,0.0,A,,R,15.0
378886,2018,A,,A,,A,,R,12.0,R,0.0,R,0.0,R,12.0,R,10.0,R,83.0,R,25.0,R,0.0,R,0.0,R,25.0,R,22.0,R,88.0,R,5.0
378956,2018,A,,A,,A,,R,133.0,R,0.0,R,0.0,R,133.0,R,94.0,R,71.0,A,,A,,A,,A,,A,,A,,R,21.0
379621,2018,A,,A,,A,,R,7.0,Z,0.0,Z,0.0,R,7.0,R,5.0,R,71.0,R,0.0,R,0.0,R,0.0,R,0.0,R,0.0,A,,R,17.0
379746,2018,A,,A,,A,,R,35.0,R,0.0,R,0.0,R,35.0,R,35.0,R,100.0,R,8.0,R,0.0,Z,0.0,R,8.0,R,8.0,R,100.0,R,25.0
379782,2018,A,,A,,A,,R,11.0,R,0.0,R,0.0,R,11.0,R,8.0,R,73.0,A,,A,,A,,A,,A,,A,,R,15.0
380067,2018,A,,A,,A,,R,57.0,R,0.0,R,0.0,R,57.0,R,47.0,R,82.0,A,,A,,A,,A,,A,,A,,R,24.0
380359,2018,R,38.0,R,128.0,R,30.0,R,0.0,R,0.0,R,0.0,R,0.0,R,0.0,A,,R,0.0,R,0.0,R,0.0,R,0.0,R,0.0,A,,R,14.0
380368,2018,R,113.0,R,1043.0,R,11.0,R,121.0,R,0.0,R,0.0,R,121.0,R,58.0,R,48.0,R,20.0,R,0.0,R,0.0,R,20.0,R,7.0,R,35.0,R,17.0
380377,2018,R,73.0,R,117.0,R,62.0,R,11.0,R,0.0,R,0.0,R,11.0,R,5.0,R,45.0,R,0.0,R,0.0,R,0.0,R,0.0,R,0.0,A,,R,9.0
380438,2018,R,31.0,R,172.0,R,18.0,R,34.0,R,0.0,R,0.0,R,34.0,R,28.0,R,82.0,R,16.0,Z,0.0,Z,0.0,R,16.0,R,0.0,R,0.0,R,17.0
380456,2018,A,,A,,A,,R,18.0,R,0.0,R,0.0,R,18.0,R,16.0,R,89.0,R,5.0,R,0.0,R,0.0,R,5.0,R,5.0,R,100.0,R,15.0
380465,2018,A,,A,,A,,A,,A,,A,,A,,A,,A,,A,,A,,A,,A,,A,,A,,R,6.0
380474,2018,A,,A,,A,,R,36.0,Z,0.0,Z,0.0,R,36.0,R,27.0,R,75.0,R,33.0,Z,0.0,Z,0.0,R,33.0,R,27.0,R,82.0,R,20.0
381255,2018,A,,A,,A,,R,32.0,Z,0.0,Z,0.0,R,32.0,R,27.0,R,84.0,A,,A,,A,,A,,A,,A,,R,14.0
381282,2018,A,,A,,A,,R,34.0,Z,0.0,Z,0.0,R,34.0,R,20.0,R,59.0,A,,A,,A,,A,,A,,A,,R,22.0
381325,2018,A,,A,,A,,R,23.0,Z,0.0,Z,0.0,R,23.0,R,23.0,R,100.0,A,,A,,A,,A,,A,,A,,R,14.0
381361,2018,A,,A,,A,,R,21.0,R,0.0,R,0.0,R,21.0,R,17.0,R,81.0,A,,A,,A,,A,,A,,A,,R,4.0
381370,2018,A,,A,,A,,R,138.0,R,0.0,R,0.0,R,138.0,R,102.0,R,74.0,R,55.0,R,0.0,R,0.0,R,55.0,R,44.0,R,80.0,R,17.0
381404,2018,A,,A,,A,,R,82.0,R,0.0,R,0.0,R,82.0,R,57.0,R,70.0,R,55.0,Z,0.0,Z,0.0,R,55.0,R,38.0,R,69.0,R,27.0
381486,2018,A,,A,,A,,R,4.0,R,0.0,R,0.0,R,4.0,R,2.0,R,50.0,A,,A,,A,,A,,A,,A,,R,3.0
381699,2018,A,,A,,A,,R,17.0,R,0.0,R,0.0,R,17.0,R,13.0,R,76.0,R,6.0,R,0.0,R,0.0,R,6.0,R,5.0,R,83.0,R,10.0
381732,2018,A,,A,,A,,A,,A,,A,,A,,A,,A,,A,,A,,A,,A,,A,,A,,R,5.0
381866,2018,A,,A,,A,,A,,A,,A,,A,,A,,A,,A,,A,,A,,A,,A,,A,,R,19.0
382063,2018,A,,A,,A,,A,,A,,A,,A,,A,,A,,A,,A,,A,,A,,A,,A,,R,3.0
382258,2018,A,,A,,A,,R,28.0,R,0.0,R,0.0,R,28.0,R,24.0,R,86.0,R,46.0,R,0.0,R,0.0,R,46.0,R,34.0,R,74.0,R,5.0
382267,2018,A,,A,,A,,R,18.0,R,0.0,R,0.0,R,18.0,R,15.0,R,83.0,A,,A,,A,,A,,A,,A,,R,25.0
382416,2018,A,,A,,A,,R,6.0,R,0.0,R,0.0,R,6.0,R,5.0,R,83.0,A,,A,,A,,A,,A,,A,,R,10.0
382461,2018,A,,A,,A,,R,4.0,R,0.0,R,0.0,R,4.0,R,3.0,R,75.0,R,2.0,R,0.0,R,0.0,R,2.0,R,1.0,R,50.0,R,12.0
382780,2018,A,,A,,A,,R,66.0,R,0.0,R,0.0,R,66.0,R,52.0,R,79.0,A,,A,,A,,A,,A,,A,,R,12.0
382902,2018,A,,A,,A,,R,20.0,R,0.0,R,0.0,R,20.0,R,14.0,R,70.0,A,,A,,A,,A,,A,,A,,R,13.0
382911,2018,R,22.0,R,31.0,R,71.0,R,21.0,R,0.0,R,0.0,R,21.0,R,11.0,R,52.0,A,,A,,A,,A,,A,,A,,R,7.0
382957,2018,A,,A,,A,,R,59.0,Z,0.0,Z,0.0,R,59.0,R,26.0,R,44.0,A,,A,,A,,A,,A,,A,,R,16.0
383020,2018,A,,A,,A,,A,,A,,A,,A,,A,,A,,A,,A,,A,,A,,A,,A,,R,9.0
383084,2018,A,,A,,A,,R,1645.0,R,0.0,R,0.0,R,1645.0,R,1550.0,R,94.0,R,1103.0,R,0.0,R,0.0,R,1103.0,R,1045.0,R,95.0,R,32.0
383163,2018,A,,A,,A,,R,11.0,R,0.0,R,0.0,R,11.0,R,10.0,R,91.0,R,33.0,R,0.0,R,0.0,R,33.0,R,30.0,R,91.0,R,20.0
383190,2018,R,340.0,R,991.0,R,34.0,R,360.0,R,0.0,R,0.0,R,360.0,R,205.0,R,57.0,R,193.0,R,0.0,R,0.0,R,193.0,R,74.0,R,38.0,R,14.0
383279,2018,A,,A,,A,,R,6.0,R,0.0,R,0.0,R,6.0,R,3.0,R,50.0,R,6.0,R,0.0,R,0.0,R,6.0,R,5.0,R,83.0,R,15.0
383297,2018,A,,A,,A,,R,8.0,R,0.0,R,0.0,R,8.0,R,7.0,R,88.0,R,16.0,R,0.0,R,0.0,R,16.0,R,15.0,R,94.0,R,8.0
383312,2018,A,,A,,A,,R,102.0,R,0.0,R,0.0,R,102.0,R,86.0,R,84.0,A,,A,,A,,A,,A,,A,,R,11.0
383330,2018,A,,A,,A,,R,16.0,R,0.0,R,0.0,R,16.0,R,14.0,R,88.0,A,,A,,A,,A,,A,,A,,R,3.0
383367,2018,A,,A,,A,,R,69.0,R,0.0,R,0.0,R,69.0,R,51.0,R,74.0,R,22.0,R,0.0,R,0.0,R,22.0,R,19.0,R,86.0,R,5.0
383464,2018,A,,A,,A,,R,125.0,R,0.0,R,0.0,R,125.0,R,65.0,R,52.0,A,,A,,A,,A,,A,,A,,R,18.0
383525,2018,A,,A,,A,,R,16.0,R,0.0,R,0.0,R,16.0,R,13.0,R,81.0,A,,A,,A,,A,,A,,A,,R,10.0
383765,2018,A,,A,,A,,R,48.0,R,0.0,Z,0.0,R,48.0,R,31.0,R,65.0,R,16.0,R,0.0,Z,0.0,R,16.0,R,10.0,R,63.0,R,18.0
383792,2018,A,,A,,A,,R,92.0,R,0.0,R,0.0,R,92.0,R,73.0,R,79.0,A,,A,,A,,A,,A,,A,,R,24.0
383950,2018,R,4.0,R,8.0,R,50.0,R,61.0,R,0.0,R,0.0,R,61.0,R,39.0,R,64.0,R,0.0,Z,0.0,Z,0.0,R,0.0,Z,0.0,A,,R,10.0
383996,2018,R,48.0,R,235.0,R,20.0,R,51.0,R,0.0,R,0.0,R,51.0,R,20.0,R,39.0,R,16.0,R,0.0,R,0.0,R,16.0,R,8.0,R,50.0,R,14.0
384236,2018,A,,A,,A,,R,67.0,R,0.0,R,0.0,R,67.0,R,48.0,R,72.0,A,,A,,A,,A,,A,,A,,R,20.0
384245,2018,A,,A,,A,,R,136.0,R,0.0,R,0.0,R,136.0,R,100.0,R,74.0,A,,A,,A,,A,,A,,A,,R,25.0
384254,2018,R,89.0,R,124.0,R,72.0,R,82.0,R,0.0,R,0.0,R,82.0,R,60.0,R,73.0,R,0.0,R,0.0,R,0.0,R,0.0,R,0.0,A,,R,11.0
384333,2018,R,969.0,R,2974.0,R,33.0,R,871.0,R,0.0,Z,0.0,R,871.0,R,629.0,R,72.0,R,667.0,R,0.0,Z,0.0,R,667.0,R,314.0,R,47.0,R,25.0
384342,2018,R,560.0,R,2146.0,R,26.0,R,608.0,R,7.0,R,0.0,R,601.0,R,401.0,R,67.0,R,128.0,R,3.0,R,0.0,R,125.0,R,58.0,R,46.0,R,18.0
384412,2018,R,30.0,R,30.0,R,100.0,R,12.0,R,0.0,R,0.0,R,12.0,R,6.0,R,50.0,A,,A,,A,,A,,A,,A,,R,8.0
384421,2018,R,6.0,R,9.0,R,67.0,R,28.0,R,0.0,R,0.0,R,28.0,R,16.0,R,57.0,A,,A,,A,,A,,A,,A,,R,12.0
385132,2018,A,,A,,A,,R,28.0,Z,0.0,Z,0.0,R,28.0,R,25.0,R,89.0,R,2.0,Z,0.0,Z,0.0,R,2.0,R,1.0,R,50.0,R,9.0
385503,2018,A,,A,,A,,R,29.0,Z,0.0,Z,0.0,R,29.0,R,16.0,R,55.0,A,,A,,A,,A,,A,,A,,R,17.0
385549,2018,A,,A,,A,,R,21.0,Z,0.0,Z,0.0,R,21.0,R,8.0,R,38.0,A,,A,,A,,A,,A,,A,,R,8.0
385619,2018,R,589.0,R,619.0,R,95.0,R,634.0,R,0.0,R,0.0,R,634.0,R,413.0,R,65.0,A,,A,,A,,A,,A,,A,,R,18.0
386153,2018,R,260.0,R,306.0,R,85.0,R,307.0,R,0.0,R,0.0,R,307.0,R,204.0,R,66.0,R,0.0,R,0.0,R,0.0,R,0.0,R,0.0,A,,R,24.0
386472,2018,R,35.0,R,82.0,R,43.0,R,4.0,R,0.0,R,0.0,R,4.0,R,2.0,R,50.0,R,1.0,R,0.0,R,0.0,R,1.0,R,1.0,R,100.0,R,14.0
387925,2018,A,,A,,A,,R,62.0,Z,0.0,Z,0.0,R,62.0,R,47.0,R,76.0,A,,A,,A,,A,,A,,A,,R,25.0
388043,2018,R,20.0,R,59.0,R,34.0,R,18.0,R,0.0,R,0.0,R,18.0,R,9.0,R,50.0,R,8.0,R,0.0,R,0.0,R,8.0,R,1.0,R,13.0,R,12.0
388520,2018,A,,A,,A,,R,0.0,R,0.0,R,0.0,R,0.0,R,0.0,A,,R,0.0,R,0.0,R,0.0,R,0.0,R,0.0,A,,R,13.0
388663,2018,A,,A,,A,,R,30.0,R,0.0,R,0.0,R,30.0,R,22.0,R,73.0,A,,A,,A,,A,,A,,A,,R,15.0
389860,2018,A,,A,,A,,R,57.0,R,0.0,R,0.0,R,57.0,R,49.0,R,86.0,A,,A,,A,,A,,A,,A,,R,6.0
390905,2018,A,,A,,A,,R,112.0,Z,0.0,Z,0.0,R,112.0,R,81.0,R,72.0,A,,A,,A,,A,,A,,A,,R,10.0
391005,2018,A,,A,,A,,R,8.0,R,0.0,R,0.0,R,8.0,R,6.0,R,75.0,A,,A,,A,,A,,A,,A,,R,20.0
391546,2018,A,,A,,A,,R,1.0,R,0.0,R,0.0,R,1.0,R,1.0,R,100.0,R,62.0,R,0.0,R,0.0,R,62.0,R,58.0,R,94.0,R,10.0
391759,2018,A,,A,,A,,R,0.0,R,0.0,R,0.0,R,0.0,R,0.0,A,,R,4.0,R,0.0,R,0.0,R,4.0,R,1.0,R,25.0,R,9.0
392257,2018,A,,A,,A,,R,58.0,Z,0.0,R,0.0,R,58.0,R,47.0,R,81.0,A,,A,,A,,A,,A,,A,,R,14.0
392354,2018,A,,A,,A,,R,1.0,R,0.0,R,0.0,R,1.0,R,1.0,R,100.0,A,,A,,A,,A,,A,,A,,R,2.0
392415,2018,A,,A,,A,,R,61.0,Z,0.0,Z,0.0,R,61.0,R,40.0,R,66.0,A,,A,,A,,A,,A,,A,,R,30.0
392840,2018,R,28.0,R,53.0,R,53.0,R,30.0,R,0.0,R,0.0,R,30.0,R,21.0,R,70.0,R,1.0,R,0.0,R,0.0,R,1.0,R,0.0,R,0.0,R,7.0
393524,2018,A,,A,,A,,R,28.0,R,0.0,R,0.0,R,28.0,R,14.0,R,50.0,A,,A,,A,,A,,A,,A,,R,20.0
393649,2018,A,,A,,A,,R,156.0,R,0.0,R,0.0,R,156.0,R,103.0,R,66.0,A,,A,,A,,A,,A,,A,,R,30.0
393861,2018,A,,A,,A,,R,163.0,R,0.0,R,0.0,R,163.0,R,147.0,R,90.0,R,15.0,R,0.0,R,0.0,R,15.0,R,10.0,R,67.0,R,20.0
395362,2018,R,111.0,R,611.0,R,18.0,R,133.0,R,0.0,R,0.0,R,133.0,R,86.0,R,65.0,R,213.0,R,0.0,R,0.0,R,213.0,R,77.0,R,36.0,R,14.0
395690,2018,A,,A,,A,,A,,A,,A,,A,,A,,A,,A,,A,,A,,A,,A,,A,,R,27.0
397942,2018,A,,A,,A,,R,168.0,R,0.0,R,0.0,R,168.0,R,102.0,R,61.0,A,,A,,A,,A,,A,,A,,R,25.0
398130,2018,R,4.0,R,11.0,R,36.0,R,14.0,R,1.0,R,0.0,R,13.0,R,10.0,R,77.0,R,1.0,R,0.0,R,0.0,R,1.0,R,1.0,R,100.0,R,9.0
399212,2018,R,1093.0,R,3873.0,R,28.0,R,1137.0,R,0.0,R,0.0,R,1137.0,R,858.0,R,75.0,R,1040.0,R,0.0,R,0.0,R,1040.0,R,424.0,R,41.0,R,36.0
399869,2018,A,,A,,A,,R,21.0,R,0.0,R,0.0,R,21.0,R,14.0,R,67.0,A,,A,,A,,A,,A,,A,,R,26.0
399911,2018,R,111.0,R,111.0,R,100.0,R,107.0,R,0.0,Z,0.0,R,107.0,R,98.0,R,92.0,A,,A,,A,,A,,A,,A,,R,8.0
400080,2018,A,,A,,A,,R,910.0,R,0.0,R,0.0,R,910.0,R,708.0,R,78.0,A,,A,,A,,A,,A,,A,,R,27.0
400187,2018,A,,A,,A,,R,91.0,R,0.0,R,0.0,R,91.0,R,83.0,R,91.0,R,54.0,R,0.0,R,0.0,R,54.0,R,42.0,R,78.0,R,30.0
401223,2018,R,9.0,R,37.0,R,24.0,R,2.0,R,0.0,R,0.0,R,2.0,R,2.0,R,100.0,R,9.0,R,0.0,R,0.0,R,9.0,R,7.0,R,78.0,R,7.0
401481,2018,A,,A,,A,,R,5.0,R,0.0,R,0.0,R,5.0,R,3.0,R,60.0,R,4.0,R,0.0,R,0.0,R,4.0,R,3.0,R,75.0,R,8.0
401764,2018,A,,A,,A,,R,14.0,R,0.0,R,0.0,R,14.0,R,9.0,R,64.0,R,11.0,R,0.0,R,0.0,R,11.0,R,7.0,R,64.0,R,9.0
402563,2018,A,,A,,A,,R,50.0,R,0.0,R,0.0,R,50.0,R,38.0,R,76.0,A,,A,,A,,A,,A,,A,,R,15.0
402776,2018,R,9.0,R,13.0,R,69.0,R,11.0,R,0.0,R,0.0,R,11.0,R,7.0,R,64.0,R,0.0,R,0.0,R,0.0,R,0.0,R,0.0,A,,R,4.0
402800,2018,A,,A,,A,,R,31.0,R,2.0,Z,0.0,R,29.0,R,22.0,R,76.0,R,0.0,R,0.0,R,0.0,R,0.0,R,0.0,A,,R,14.0
403469,2018,R,111.0,R,697.0,R,16.0,R,114.0,R,4.0,R,0.0,R,110.0,R,87.0,R,79.0,R,21.0,R,5.0,R,0.0,R,16.0,R,10.0,R,63.0,R,24.0
403478,2018,R,159.0,R,448.0,R,35.0,R,165.0,R,4.0,R,0.0,R,161.0,R,103.0,R,64.0,R,9.0,R,0.0,R,0.0,R,9.0,R,4.0,R,44.0,R,18.0
403487,2018,R,207.0,R,746.0,R,28.0,R,195.0,R,3.0,R,0.0,R,192.0,R,128.0,R,67.0,R,6.0,R,0.0,R,0.0,R,6.0,R,1.0,R,17.0,R,27.0
404037,2018,A,,A,,A,,A,,A,,A,,A,,A,,A,,A,,A,,A,,A,,A,,A,,R,14.0
404055,2018,A,,A,,A,,R,98.0,R,0.0,R,0.0,R,98.0,R,20.0,R,20.0,R,31.0,R,0.0,R,0.0,R,31.0,R,5.0,R,16.0,R,20.0
404338,2018,R,2.0,R,4.0,R,50.0,R,0.0,R,0.0,R,0.0,R,0.0,R,0.0,A,,A,,A,,A,,A,,A,,A,,R,9.0
404426,2018,R,261.0,R,1576.0,R,17.0,R,239.0,R,0.0,R,0.0,R,239.0,R,136.0,R,57.0,R,197.0,R,0.0,R,0.0,R,197.0,R,68.0,R,35.0,R,25.0
404684,2018,A,,A,,A,,R,67.0,R,0.0,R,0.0,R,67.0,R,58.0,R,87.0,A,,A,,A,,A,,A,,A,,R,13.0
404718,2018,A,,A,,A,,R,11.0,R,2.0,R,0.0,R,9.0,R,6.0,R,67.0,A,,A,,A,,A,,A,,A,,R,16.0
404806,2018,R,47.0,R,107.0,R,44.0,R,0.0,R,0.0,R,0.0,R,0.0,R,0.0,A,,R,0.0,R,0.0,R,0.0,R,0.0,R,0.0,A,,R,12.0
404912,2018,A,,A,,A,,R,63.0,R,0.0,R,0.0,R,63.0,R,54.0,R,86.0,A,,A,,A,,A,,A,,A,,R,25.0
404994,2018,R,1117.0,R,1372.0,R,81.0,R,1295.0,R,2.0,R,0.0,R,1293.0,R,486.0,R,38.0,R,66.0,R,0.0,R,0.0,R,66.0,R,23.0,R,35.0,R,12.0
405012,2018,A,,A,,A,,R,35.0,R,0.0,R,0.0,R,35.0,R,27.0,R,77.0,A,,A,,A,,A,,A,,A,,R,13.0
405021,2018,A,,A,,A,,R,34.0,R,0.0,R,0.0,R,34.0,R,26.0,R,76.0,A,,A,,A,,A,,A,,A,,R,11.0
405058,2018,R,52.0,R,65.0,R,80.0,R,43.0,R,0.0,R,0.0,R,43.0,R,31.0,R,72.0,A,,A,,A,,A,,A,,A,,R,27.0
405076,2018,A,,A,,A,,R,302.0,Z,0.0,Z,0.0,R,302.0,R,156.0,R,52.0,A,,A,,A,,A,,A,,A,,R,25.0
405854,2018,R,21.0,R,24.0,R,88.0,R,24.0,R,3.0,R,0.0,R,21.0,R,9.0,R,43.0,A,,A,,A,,A,,A,,A,,R,15.0
405872,2018,R,393.0,R,806.0,R,49.0,R,387.0,R,0.0,R,0.0,R,387.0,R,286.0,R,74.0,R,180.0,R,0.0,R,0.0,R,180.0,R,101.0,R,56.0,R,14.0
405997,2018,A,,A,,A,,A,,A,,A,,A,,A,,A,,A,,A,,A,,A,,A,,A,,R,5.0
406024,2018,A,,A,,A,,R,0.0,R,0.0,R,0.0,R,0.0,R,0.0,A,,R,0.0,R,0.0,R,0.0,R,0.0,R,0.0,A,,R,17.0
406033,2018,A,,A,,A,,R,0.0,R,0.0,R,0.0,R,0.0,R,0.0,A,,R,0.0,R,0.0,R,0.0,R,0.0,R,0.0,A,,R,16.0
406149,2018,A,,A,,A,,A,,A,,A,,A,,A,,A,,A,,A,,A,,A,,A,,A,,R,9.0
406325,2018,A,,A,,A,,R,14.0,R,0.0,R,0.0,R,14.0,R,11.0,R,79.0,R,34.0,R,0.0,R,0.0,R,34.0,R,30.0,R,88.0,R,10.0
406361,2018,A,,A,,A,,R,0.0,R,0.0,R,0.0,R,0.0,R,0.0,A,,A,,A,,A,,A,,A,,A,,R,7.0
406413,2018,A,,A,,A,,R,21.0,R,0.0,R,0.0,R,21.0,R,17.0,R,81.0,A,,A,,A,,A,,A,,A,,R,16.0
406422,2018,A,,A,,A,,R,36.0,Z,0.0,Z,0.0,R,36.0,R,30.0,R,83.0,A,,A,,A,,A,,A,,A,,R,11.0
406486,2018,A,,A,,A,,A,,A,,A,,A,,A,,A,,A,,A,,A,,A,,A,,A,,R,8.0
406547,2018,R,21.0,R,46.0,R,46.0,R,0.0,R,0.0,R,0.0,R,0.0,R,0.0,A,,R,0.0,R,0.0,R,0.0,R,0.0,R,0.0,A,,R,11.0
407009,2018,R,660.0,R,1359.0,R,49.0,R,520.0,R,4.0,R,0.0,R,516.0,R,427.0,R,83.0,R,2.0,R,0.0,R,0.0,R,2.0,R,2.0,R,100.0,R,12.0
407054,2018,A,,A,,A,,A,,A,,A,,A,,A,,A,,A,,A,,A,,A,,A,,A,,R,15.0
407090,2018,A,,A,,A,,R,16.0,Z,0.0,Z,0.0,R,16.0,R,12.0,R,75.0,R,25.0,Z,0.0,Z,0.0,R,25.0,R,22.0,R,88.0,R,14.0
407142,2018,A,,A,,A,,R,13.0,R,0.0,R,0.0,R,13.0,R,13.0,R,100.0,A,,A,,A,,A,,A,,A,,R,17.0
407151,2018,A,,A,,A,,R,19.0,R,0.0,Z,0.0,R,19.0,R,13.0,R,68.0,A,,A,,A,,A,,A,,A,,R,16.0
407179,2018,A,,A,,A,,R,29.0,R,0.0,Z,0.0,R,29.0,R,17.0,R,59.0,R,11.0,R,0.0,Z,0.0,R,11.0,R,11.0,R,100.0,R,12.0
407355,2018,A,,A,,A,,R,36.0,R,0.0,R,0.0,R,36.0,R,29.0,R,81.0,A,,A,,A,,A,,A,,A,,R,20.0
407391,2018,A,,A,,A,,R,2.0,R,0.0,R,0.0,R,2.0,R,1.0,R,50.0,A,,A,,A,,A,,A,,A,,R,10.0
407407,2018,A,,A,,A,,R,4.0,R,0.0,R,0.0,R,4.0,R,4.0,R,100.0,A,,A,,A,,A,,A,,A,,R,10.0
407425,2018,A,,A,,A,,R,6.0,R,0.0,R,0.0,R,6.0,R,5.0,R,83.0,A,,A,,A,,A,,A,,A,,R,13.0
407434,2018,A,,A,,A,,R,42.0,R,0.0,R,0.0,R,42.0,R,35.0,R,83.0,R,12.0,R,0.0,R,0.0,R,12.0,R,8.0,R,67.0,R,7.0
407461,2018,A,,A,,A,,R,65.0,R,0.0,R,0.0,R,65.0,R,56.0,R,86.0,A,,A,,A,,A,,A,,A,,R,7.0
407470,2018,A,,A,,A,,R,49.0,R,0.0,Z,0.0,R,49.0,R,28.0,R,57.0,R,15.0,R,0.0,Z,0.0,R,15.0,R,3.0,R,20.0,R,21.0
407489,2018,A,,A,,A,,R,9.0,R,0.0,R,0.0,R,9.0,R,6.0,R,67.0,R,24.0,R,0.0,R,0.0,R,24.0,R,23.0,R,96.0,R,9.0
407513,2018,A,,A,,A,,R,41.0,R,0.0,R,0.0,R,41.0,R,34.0,R,83.0,R,57.0,R,0.0,R,0.0,R,57.0,R,51.0,R,89.0,R,8.0
407522,2018,A,,A,,A,,A,,A,,A,,A,,A,,A,,A,,A,,A,,A,,A,,A,,R,4.0
407568,2018,A,,A,,A,,R,14.0,Z,0.0,Z,0.0,R,14.0,R,9.0,R,64.0,R,3.0,Z,0.0,Z,0.0,R,3.0,R,2.0,R,67.0,R,20.0
407577,2018,A,,A,,A,,R,38.0,R,0.0,R,0.0,R,38.0,R,22.0,R,58.0,R,11.0,R,0.0,R,0.0,R,11.0,R,6.0,R,55.0,R,15.0
407595,2018,A,,A,,A,,R,70.0,R,0.0,R,0.0,R,70.0,R,58.0,R,83.0,A,,A,,A,,A,,A,,A,,R,7.0
407601,2018,A,,A,,A,,R,3.0,Z,0.0,Z,0.0,R,3.0,R,3.0,R,100.0,R,1.0,Z,0.0,Z,0.0,R,1.0,R,1.0,R,100.0,R,5.0
407610,2018,R,1.0,R,15.0,R,7.0,R,5.0,R,0.0,R,0.0,R,5.0,R,2.0,R,40.0,R,2.0,R,0.0,R,0.0,R,2.0,R,0.0,R,0.0,R,5.0
407629,2018,A,,A,,A,,A,,A,,A,,A,,A,,A,,A,,A,,A,,A,,A,,A,,R,1.0
407683,2018,A,,A,,A,,R,28.0,R,0.0,R,0.0,R,28.0,R,26.0,R,93.0,R,48.0,R,0.0,R,0.0,R,48.0,R,22.0,R,46.0,R,17.0
407708,2018,A,,A,,A,,R,35.0,R,0.0,R,0.0,R,35.0,R,32.0,R,91.0,A,,A,,A,,A,,A,,A,,R,18.0
407735,2018,A,,A,,A,,R,17.0,R,1.0,Z,0.0,R,16.0,R,12.0,R,75.0,A,,A,,A,,A,,A,,A,,R,10.0
407832,2018,A,,A,,A,,R,79.0,R,0.0,R,0.0,R,79.0,R,64.0,R,81.0,R,14.0,R,0.0,R,0.0,R,14.0,R,8.0,R,57.0,R,10.0
408066,2018,A,,A,,A,,R,31.0,R,0.0,R,0.0,R,31.0,R,30.0,R,97.0,R,7.0,R,0.0,R,0.0,R,7.0,R,5.0,R,71.0,R,15.0
408163,2018,A,,A,,A,,R,5.0,R,0.0,R,0.0,R,5.0,R,3.0,R,60.0,A,,A,,A,,A,,A,,A,,R,11.0
408385,2018,A,,A,,A,,R,478.0,Z,0.0,Z,0.0,R,478.0,R,246.0,R,51.0,A,,A,,A,,A,,A,,A,,R,24.0
408729,2018,R,62.0,R,85.0,R,73.0,R,30.0,R,1.0,R,0.0,R,29.0,R,17.0,R,59.0,R,2.0,Z,0.0,Z,0.0,R,2.0,R,2.0,R,100.0,R,8.0
408844,2018,R,423.0,R,1000.0,R,42.0,R,65.0,R,0.0,R,0.0,R,65.0,R,59.0,R,91.0,R,11.0,R,0.0,R,0.0,R,11.0,R,8.0,R,73.0,R,23.0
408862,2018,A,,A,,A,,R,25.0,R,0.0,Z,0.0,R,25.0,R,18.0,R,72.0,R,65.0,R,0.0,R,0.0,R,65.0,R,51.0,R,78.0,R,20.0
409032,2018,A,,A,,A,,R,79.0,R,0.0,R,0.0,R,79.0,R,61.0,R,77.0,A,,A,,A,,A,,A,,A,,R,1.0
409120,2018,A,,A,,A,,R,46.0,R,0.0,R,0.0,R,46.0,R,36.0,R,78.0,A,,A,,A,,A,,A,,A,,R,12.0
409193,2018,A,,A,,A,,R,20.0,R,0.0,R,0.0,R,20.0,R,17.0,R,85.0,A,,A,,A,,A,,A,,A,,R,20.0
409315,2018,R,2928.0,R,9563.0,R,31.0,R,46.0,Z,0.0,Z,0.0,R,46.0,R,33.0,R,72.0,R,26.0,Z,0.0,Z,0.0,R,26.0,R,12.0,R,46.0,R,23.0
409537,2018,A,,A,,A,,A,,A,,A,,A,,A,,A,,A,,A,,A,,A,,A,,A,,R,10.0
409591,2018,A,,A,,A,,R,28.0,R,0.0,R,0.0,R,28.0,R,22.0,R,79.0,R,39.0,R,0.0,R,0.0,R,39.0,R,29.0,R,74.0,R,10.0
409698,2018,R,990.0,R,2174.0,R,46.0,R,922.0,Z,0.0,Z,0.0,R,922.0,R,763.0,R,83.0,R,4.0,Z,0.0,Z,0.0,R,4.0,R,2.0,R,50.0,R,24.0
410496,2018,R,25.0,R,76.0,R,33.0,R,11.0,R,0.0,R,0.0,R,11.0,R,3.0,R,27.0,R,1.0,R,0.0,R,0.0,R,1.0,R,0.0,R,0.0,R,13.0
410797,2018,A,,A,,A,,A,,A,,A,,A,,A,,A,,A,,A,,A,,A,,A,,A,,R,14.0
410964,2018,A,,A,,A,,R,5.0,R,0.0,R,0.0,R,5.0,R,5.0,R,100.0,R,5.0,R,0.0,R,0.0,R,5.0,R,5.0,R,100.0,R,10.0
411684,2018,A,,A,,A,,R,19.0,R,0.0,R,0.0,R,19.0,R,15.0,R,79.0,A,,A,,A,,A,,A,,A,,R,18.0
411754,2018,A,,A,,A,,A,,A,,A,,A,,A,,A,,A,,A,,A,,A,,A,,A,,R,10.0
412173,2018,A,,A,,A,,R,10.0,R,0.0,R,0.0,R,10.0,R,9.0,R,90.0,A,,A,,A,,A,,A,,A,,R,12.0
412535,2018,A,,A,,A,,R,12.0,R,0.0,R,0.0,R,12.0,R,9.0,R,75.0,A,,A,,A,,A,,A,,A,,R,18.0
412544,2018,A,,A,,A,,R,8.0,R,0.0,R,0.0,R,8.0,R,8.0,R,100.0,R,4.0,R,0.0,R,0.0,R,4.0,R,4.0,R,100.0,R,14.0
412599,2018,A,,A,,A,,R,3.0,R,0.0,R,0.0,R,3.0,R,2.0,R,67.0,A,,A,,A,,A,,A,,A,,R,21.0
413176,2018,A,,A,,A,,R,12.0,Z,0.0,Z,0.0,R,12.0,R,8.0,R,67.0,A,,A,,A,,A,,A,,A,,R,10.0
413413,2018,R,15.0,R,3127.0,R,0.0,R,9.0,R,0.0,Z,0.0,R,9.0,R,5.0,R,56.0,R,159.0,R,0.0,Z,0.0,R,159.0,R,43.0,R,27.0,R,22.0
413617,2018,R,44.0,R,112.0,R,39.0,R,1.0,R,0.0,R,0.0,R,1.0,R,0.0,R,0.0,R,1.0,R,0.0,R,0.0,R,1.0,R,0.0,R,0.0,R,6.0
413626,2018,R,36.0,R,65.0,R,55.0,R,38.0,R,0.0,R,0.0,R,38.0,R,20.0,R,53.0,R,6.0,R,0.0,R,0.0,R,6.0,R,1.0,R,17.0,R,9.0
413680,2018,A,,A,,A,,R,93.0,R,0.0,R,0.0,R,93.0,R,67.0,R,72.0,A,,A,,A,,A,,A,,A,,R,18.0
413778,2018,A,,A,,A,,R,104.0,R,0.0,R,0.0,R,104.0,R,75.0,R,72.0,A,,A,,A,,A,,A,,A,,R,8.0
413802,2018,A,,A,,A,,R,34.0,R,0.0,R,0.0,R,34.0,R,25.0,R,74.0,R,26.0,Z,0.0,Z,0.0,R,26.0,R,20.0,R,77.0,R,14.0
413820,2018,A,,A,,A,,R,6.0,Z,0.0,R,0.0,R,6.0,R,5.0,R,83.0,A,,A,,A,,A,,A,,A,,R,6.0
413893,2018,A,,A,,A,,R,99.0,R,0.0,R,0.0,R,99.0,R,61.0,R,62.0,A,,A,,A,,A,,A,,A,,R,30.0
413945,2018,A,,A,,A,,R,12.0,R,0.0,R,0.0,R,12.0,R,8.0,R,67.0,A,,A,,A,,A,,A,,A,,R,14.0
413972,2018,A,,A,,A,,R,19.0,Z,0.0,Z,0.0,R,19.0,R,16.0,R,84.0,A,,A,,A,,A,,A,,A,,R,6.0
414063,2018,A,,A,,A,,R,39.0,R,0.0,R,0.0,R,39.0,R,34.0,R,87.0,R,2.0,R,0.0,R,0.0,R,2.0,R,2.0,R,100.0,R,15.0
414124,2018,A,,A,,A,,A,,A,,A,,A,,A,,A,,A,,A,,A,,A,,A,,A,,R,9.0
414461,2018,R,903.0,R,1152.0,R,78.0,R,792.0,R,0.0,R,0.0,R,792.0,R,445.0,R,56.0,A,,A,,A,,A,,A,,A,,R,26.0
414489,2018,A,,A,,A,,R,90.0,R,0.0,R,0.0,R,90.0,R,83.0,R,92.0,A,,A,,A,,A,,A,,A,,R,15.0
414540,2018,A,,A,,A,,R,60.0,R,0.0,R,0.0,R,60.0,R,50.0,R,83.0,R,4.0,R,0.0,R,0.0,R,4.0,R,4.0,R,100.0,R,14.0
414595,2018,R,11.0,R,45.0,R,24.0,R,0.0,Z,0.0,Z,0.0,R,0.0,Z,0.0,A,,R,0.0,Z,0.0,Z,0.0,R,0.0,Z,0.0,A,,R,9.0
414823,2018,R,289.0,R,433.0,R,67.0,R,281.0,R,0.0,R,0.0,R,281.0,R,198.0,R,70.0,R,91.0,R,0.0,R,0.0,R,91.0,R,60.0,R,66.0,R,20.0
414869,2018,A,,A,,A,,R,10.0,Z,0.0,Z,0.0,R,10.0,R,7.0,R,70.0,R,11.0,Z,0.0,Z,0.0,R,11.0,R,7.0,R,64.0,R,7.0
414878,2018,R,2.0,R,40.0,R,5.0,R,1.0,R,0.0,R,0.0,R,1.0,R,1.0,R,100.0,R,1.0,R,0.0,R,0.0,R,1.0,R,1.0,R,100.0,R,7.0
414911,2018,R,200.0,R,1453.0,R,14.0,R,214.0,R,0.0,R,0.0,R,214.0,R,117.0,R,55.0,R,52.0,R,0.0,R,0.0,R,52.0,R,21.0,R,40.0,R,16.0
414939,2018,A,,A,,A,,R,71.0,R,0.0,R,0.0,R,71.0,R,49.0,R,69.0,A,,A,,A,,A,,A,,A,,R,27.0
415039,2018,A,,A,,A,,R,30.0,R,0.0,Z,0.0,R,30.0,R,26.0,R,87.0,R,10.0,R,0.0,Z,0.0,R,10.0,R,6.0,R,60.0,R,19.0
415057,2018,A,,A,,A,,R,39.0,R,0.0,R,0.0,R,39.0,R,34.0,R,87.0,A,,A,,A,,A,,A,,A,,R,14.0
415987,2018,A,,A,,A,,R,11.0,Z,0.0,Z,0.0,R,11.0,R,8.0,R,73.0,A,,A,,A,,A,,A,,A,,R,17.0
416458,2018,A,,A,,A,,R,130.0,R,0.0,R,0.0,R,130.0,R,104.0,R,80.0,A,,A,,A,,A,,A,,A,,R,18.0
416801,2018,A,,A,,A,,A,,A,,A,,A,,A,,A,,A,,A,,A,,A,,A,,A,,R,11.0
417008,2018,A,,A,,A,,R,13.0,R,0.0,R,0.0,R,13.0,R,9.0,R,69.0,A,,A,,A,,A,,A,,A,,R,15.0
417062,2018,A,,A,,A,,R,10.0,R,0.0,R,0.0,R,10.0,R,8.0,R,80.0,A,,A,,A,,A,,A,,A,,R,21.0
417105,2018,A,,A,,A,,R,49.0,R,0.0,R,0.0,R,49.0,R,32.0,R,65.0,R,12.0,R,0.0,R,0.0,R,12.0,R,7.0,R,58.0,R,24.0
417123,2018,A,,A,,A,,R,30.0,R,5.0,R,0.0,R,25.0,R,21.0,R,84.0,R,6.0,R,1.0,R,0.0,R,5.0,R,4.0,R,80.0,R,7.0
417248,2018,A,,A,,A,,R,13.0,Z,0.0,Z,0.0,R,13.0,R,1.0,R,8.0,A,,A,,A,,A,,A,,A,,R,18.0
417275,2018,A,,A,,A,,R,52.0,R,0.0,R,0.0,R,52.0,R,52.0,R,100.0,A,,A,,A,,A,,A,,A,,R,13.0
417327,2018,R,10.0,R,35.0,R,29.0,R,3.0,R,0.0,R,0.0,R,3.0,R,1.0,R,33.0,R,0.0,R,0.0,R,0.0,R,0.0,R,0.0,A,,R,9.0
417381,2018,A,,A,,A,,R,24.0,R,0.0,Z,0.0,R,24.0,R,9.0,R,38.0,R,11.0,R,0.0,Z,0.0,R,11.0,R,5.0,R,45.0,R,14.0
417406,2018,A,,A,,A,,R,6.0,R,0.0,Z,0.0,R,6.0,R,5.0,R,83.0,A,,A,,A,,A,,A,,A,,R,11.0
417442,2018,A,,A,,A,,R,0.0,R,0.0,R,0.0,R,0.0,R,0.0,A,,A,,A,,A,,A,,A,,A,,R,12.0
417503,2018,A,,A,,A,,R,89.0,R,0.0,R,0.0,R,89.0,R,59.0,R,66.0,R,15.0,R,0.0,R,0.0,R,15.0,R,13.0,R,87.0,R,6.0
417549,2018,A,,A,,A,,R,115.0,R,0.0,R,0.0,R,115.0,R,49.0,R,43.0,A,,A,,A,,A,,A,,A,,R,19.0
417600,2018,A,,A,,A,,R,19.0,Z,0.0,Z,0.0,R,19.0,R,18.0,R,95.0,A,,A,,A,,A,,A,,A,,R,10.0
417628,2018,A,,A,,A,,R,11.0,R,0.0,R,0.0,R,11.0,R,11.0,R,100.0,R,4.0,R,0.0,R,0.0,R,4.0,R,3.0,R,75.0,R,3.0
417637,2018,A,,A,,A,,R,31.0,R,0.0,R,0.0,R,31.0,R,31.0,R,100.0,A,,A,,A,,A,,A,,A,,R,8.0
417646,2018,A,,A,,A,,R,10.0,R,0.0,R,0.0,R,10.0,R,7.0,R,70.0,A,,A,,A,,A,,A,,A,,R,10.0
417655,2018,A,,A,,A,,R,17.0,R,0.0,Z,0.0,R,17.0,R,15.0,R,88.0,A,,A,,A,,A,,A,,A,,R,7.0
417673,2018,A,,A,,A,,R,2.0,R,0.0,R,0.0,R,2.0,R,2.0,R,100.0,A,,A,,A,,A,,A,,A,,R,7.0
417682,2018,A,,A,,A,,R,8.0,R,0.0,R,0.0,R,8.0,R,5.0,R,63.0,A,,A,,A,,A,,A,,A,,R,6.0
417716,2018,A,,A,,A,,R,17.0,R,0.0,R,0.0,R,17.0,R,17.0,R,100.0,A,,A,,A,,A,,A,,A,,R,13.0
417725,2018,A,,A,,A,,R,8.0,R,0.0,R,0.0,R,8.0,R,6.0,R,75.0,A,,A,,A,,A,,A,,A,,R,13.0
417734,2018,R,8.0,R,66.0,R,12.0,R,0.0,R,0.0,R,0.0,R,0.0,R,0.0,A,,R,0.0,R,0.0,R,0.0,R,0.0,R,0.0,A,,R,4.0
417752,2018,R,8.0,R,8.0,R,100.0,R,9.0,R,0.0,R,0.0,R,9.0,R,8.0,R,89.0,R,0.0,R,0.0,R,0.0,R,0.0,R,0.0,A,,R,4.0
417804,2018,A,,A,,A,,R,14.0,Z,0.0,Z,0.0,R,14.0,R,4.0,R,29.0,A,,A,,A,,A,,A,,A,,R,8.0
417831,2018,A,,A,,A,,R,71.0,R,0.0,R,0.0,R,71.0,R,71.0,R,100.0,A,,A,,A,,A,,A,,A,,R,24.0
417840,2018,A,,A,,A,,R,81.0,Z,0.0,Z,0.0,R,81.0,R,61.0,R,75.0,A,,A,,A,,A,,A,,A,,R,30.0
417868,2018,A,,A,,A,,R,45.0,R,0.0,R,0.0,R,45.0,R,39.0,R,87.0,R,13.0,R,0.0,R,0.0,R,13.0,R,8.0,R,62.0,R,2.0
417886,2018,A,,A,,A,,R,14.0,R,0.0,R,0.0,R,14.0,R,8.0,R,57.0,A,,A,,A,,A,,A,,A,,R,8.0
417910,2018,A,,A,,A,,R,25.0,R,0.0,R,0.0,R,25.0,R,20.0,R,80.0,A,,A,,A,,A,,A,,A,,R,12.0
417983,2018,A,,A,,A,,A,,A,,A,,A,,A,,A,,R,46.0,R,0.0,R,0.0,R,46.0,R,22.0,R,48.0,R,5.0
417992,2018,A,,A,,A,,R,11.0,R,0.0,R,0.0,R,11.0,R,10.0,R,91.0,R,3.0,R,0.0,R,0.0,R,3.0,R,2.0,R,67.0,R,16.0
418001,2018,A,,A,,A,,R,22.0,R,0.0,R,0.0,R,22.0,R,16.0,R,73.0,A,,A,,A,,A,,A,,A,,R,14.0
418010,2018,A,,A,,A,,R,3.0,R,0.0,R,0.0,R,3.0,R,3.0,R,100.0,R,5.0,R,0.0,R,0.0,R,5.0,R,5.0,R,100.0,R,10.0
418029,2018,A,,A,,A,,R,8.0,Z,0.0,Z,0.0,R,8.0,R,5.0,R,63.0,A,,A,,A,,A,,A,,A,,R,9.0
418038,2018,A,,A,,A,,R,14.0,R,0.0,R,0.0,R,14.0,R,10.0,R,71.0,A,,A,,A,,A,,A,,A,,R,35.0
418056,2018,A,,A,,A,,R,15.0,R,0.0,R,0.0,R,15.0,R,9.0,R,60.0,R,3.0,R,0.0,R,0.0,R,3.0,R,3.0,R,100.0,R,11.0
418065,2018,A,,A,,A,,R,59.0,Z,0.0,Z,0.0,R,59.0,R,47.0,R,80.0,R,15.0,Z,0.0,Z,0.0,R,15.0,R,14.0,R,93.0,R,21.0
418083,2018,A,,A,,A,,R,5.0,R,0.0,R,0.0,R,5.0,R,4.0,R,80.0,A,,A,,A,,A,,A,,A,,R,24.0
418126,2018,R,32.0,R,139.0,R,23.0,R,0.0,R,0.0,R,0.0,R,0.0,R,0.0,A,,R,0.0,R,0.0,R,0.0,R,0.0,R,0.0,A,,R,10.0
418171,2018,A,,A,,A,,R,12.0,R,0.0,R,0.0,R,12.0,R,11.0,R,92.0,A,,A,,A,,A,,A,,A,,R,21.0
418199,2018,A,,A,,A,,A,,A,,A,,A,,A,,A,,A,,A,,A,,A,,A,,A,,R,13.0
418205,2018,A,,A,,A,,R,55.0,R,0.0,Z,0.0,R,55.0,R,50.0,R,91.0,R,6.0,R,0.0,R,0.0,R,6.0,R,6.0,R,100.0,R,12.0
418223,2018,A,,A,,A,,R,72.0,Z,0.0,Z,0.0,R,72.0,R,55.0,R,76.0,A,,A,,A,,A,,A,,A,,R,6.0
418250,2018,A,,A,,A,,R,98.0,R,0.0,R,0.0,R,98.0,R,64.0,R,65.0,R,31.0,R,0.0,R,0.0,R,31.0,R,24.0,R,77.0,R,11.0
418269,2018,A,,A,,A,,A,,A,,A,,A,,A,,A,,A,,A,,A,,A,,A,,A,,R,10.0
418278,2018,A,,A,,A,,R,4.0,R,0.0,R,0.0,R,4.0,R,4.0,R,100.0,R,15.0,R,0.0,R,0.0,R,15.0,R,13.0,R,87.0,R,16.0
418296,2018,A,,A,,A,,R,77.0,R,0.0,R,0.0,R,77.0,R,77.0,R,100.0,R,396.0,R,0.0,R,0.0,R,396.0,R,200.0,R,51.0,R,18.0
418302,2018,A,,A,,A,,R,39.0,R,0.0,R,0.0,R,39.0,R,27.0,R,69.0,R,42.0,R,0.0,R,0.0,R,42.0,R,34.0,R,81.0,R,8.0
418320,2018,A,,A,,A,,R,19.0,R,0.0,R,0.0,R,19.0,R,8.0,R,42.0,R,102.0,R,0.0,R,0.0,R,102.0,R,48.0,R,47.0,R,9.0
418339,2018,A,,A,,A,,R,18.0,R,0.0,R,0.0,R,18.0,R,3.0,R,17.0,R,44.0,R,0.0,R,0.0,R,44.0,R,7.0,R,16.0,R,12.0
418348,2018,A,,A,,A,,R,48.0,R,0.0,R,0.0,R,48.0,R,39.0,R,81.0,R,30.0,R,0.0,R,0.0,R,30.0,R,17.0,R,57.0,R,12.0
418357,2018,A,,A,,A,,R,21.0,R,0.0,R,0.0,R,21.0,R,4.0,R,19.0,R,4.0,R,0.0,R,0.0,R,4.0,R,0.0,R,0.0,R,9.0
418409,2018,A,,A,,A,,R,50.0,R,0.0,R,0.0,R,50.0,R,40.0,R,80.0,R,6.0,Z,0.0,Z,0.0,R,6.0,R,5.0,R,83.0,R,10.0
418427,2018,A,,A,,A,,R,7.0,R,0.0,R,0.0,R,7.0,R,4.0,R,57.0,R,0.0,R,0.0,R,0.0,R,0.0,R,0.0,A,,R,13.0
418445,2018,A,,A,,A,,R,10.0,R,0.0,R,0.0,R,10.0,R,8.0,R,80.0,A,,A,,A,,A,,A,,A,,R,8.0
418454,2018,A,,A,,A,,R,77.0,R,0.0,R,0.0,R,77.0,R,56.0,R,73.0,R,16.0,Z,0.0,Z,0.0,R,16.0,R,15.0,R,94.0,R,10.0
418481,2018,A,,A,,A,,R,25.0,R,0.0,R,0.0,R,25.0,R,22.0,R,88.0,A,,A,,A,,A,,A,,A,,R,15.0
418515,2018,A,,A,,A,,R,117.0,R,0.0,R,0.0,R,117.0,R,84.0,R,72.0,R,18.0,R,0.0,R,0.0,R,18.0,R,14.0,R,78.0,R,11.0
418524,2018,A,,A,,A,,R,26.0,R,0.0,R,0.0,R,26.0,R,16.0,R,62.0,A,,A,,A,,A,,A,,A,,R,13.0
418533,2018,A,,A,,A,,R,57.0,R,1.0,R,0.0,R,56.0,R,46.0,R,82.0,R,16.0,R,1.0,R,0.0,R,15.0,R,10.0,R,67.0,R,17.0
418542,2018,A,,A,,A,,R,26.0,Z,0.0,Z,0.0,R,26.0,R,21.0,R,81.0,R,38.0,Z,0.0,Z,0.0,R,38.0,R,28.0,R,74.0,R,4.0
418560,2018,A,,A,,A,,R,10.0,R,0.0,R,0.0,R,10.0,R,2.0,R,20.0,R,20.0,R,0.0,R,0.0,R,20.0,R,15.0,R,75.0,R,2.0
418588,2018,A,,A,,A,,R,27.0,R,0.0,R,0.0,R,27.0,R,16.0,R,59.0,A,,A,,A,,A,,A,,A,,R,15.0
418603,2018,A,,A,,A,,R,12.0,R,0.0,R,0.0,R,12.0,R,12.0,R,100.0,R,0.0,R,0.0,R,0.0,R,0.0,R,0.0,A,,R,11.0
418612,2018,A,,A,,A,,R,0.0,Z,0.0,Z,0.0,R,0.0,R,0.0,A,,A,,A,,A,,A,,A,,A,,R,8.0
418658,2018,A,,A,,A,,R,62.0,Z,0.0,Z,0.0,R,62.0,R,49.0,R,79.0,A,,A,,A,,A,,A,,A,,R,15.0
418755,2018,A,,A,,A,,R,24.0,R,0.0,R,0.0,R,24.0,R,14.0,R,58.0,A,,A,,A,,A,,A,,A,,R,6.0
418764,2018,A,,A,,A,,R,13.0,R,0.0,R,0.0,R,13.0,R,11.0,R,85.0,A,,A,,A,,A,,A,,A,,R,20.0
418773,2018,A,,A,,A,,R,135.0,R,0.0,R,0.0,R,135.0,R,98.0,R,73.0,R,25.0,Z,0.0,Z,0.0,R,25.0,R,20.0,R,80.0,R,15.0
418782,2018,A,,A,,A,,R,137.0,R,0.0,R,0.0,R,137.0,R,107.0,R,78.0,A,,A,,A,,A,,A,,A,,R,16.0
418870,2018,A,,A,,A,,R,19.0,Z,0.0,Z,0.0,R,19.0,R,9.0,R,47.0,A,,A,,A,,A,,A,,A,,R,13.0
418889,2018,A,,A,,A,,R,20.0,R,0.0,R,0.0,R,20.0,R,16.0,R,80.0,R,19.0,R,0.0,R,0.0,R,19.0,R,19.0,R,100.0,R,12.0
418913,2018,A,,A,,A,,R,29.0,R,0.0,R,0.0,R,29.0,R,15.0,R,52.0,A,,A,,A,,A,,A,,A,,R,1.0
418968,2018,A,,A,,A,,R,38.0,R,0.0,R,0.0,R,38.0,R,22.0,R,58.0,A,,A,,A,,A,,A,,A,,R,14.0
419031,2018,A,,A,,A,,R,10.0,Z,0.0,Z,0.0,R,10.0,R,7.0,R,70.0,A,,A,,A,,A,,A,,A,,R,12.0
419095,2018,A,,A,,A,,R,9.0,R,0.0,R,0.0,R,9.0,R,8.0,R,89.0,A,,A,,A,,A,,A,,A,,R,4.0
419183,2018,A,,A,,A,,R,122.0,R,0.0,R,0.0,R,122.0,R,95.0,R,78.0,A,,A,,A,,A,,A,,A,,R,16.0
419217,2018,A,,A,,A,,R,2.0,R,0.0,R,0.0,R,2.0,R,0.0,R,0.0,A,,A,,A,,A,,A,,A,,R,13.0
419226,2018,A,,A,,A,,R,288.0,R,0.0,R,0.0,R,288.0,R,281.0,R,98.0,A,,A,,A,,A,,A,,A,,R,6.0
419235,2018,A,,A,,A,,R,46.0,R,2.0,R,0.0,R,44.0,R,38.0,R,86.0,A,,A,,A,,A,,A,,A,,R,15.0
419244,2018,A,,A,,A,,R,25.0,R,0.0,R,0.0,R,25.0,R,19.0,R,76.0,R,20.0,R,0.0,R,0.0,R,20.0,R,13.0,R,65.0,R,11.0
419253,2018,A,,A,,A,,A,,A,,A,,A,,A,,A,,A,,A,,A,,A,,A,,A,,R,9.0
419280,2018,A,,A,,A,,R,2.0,R,0.0,R,0.0,R,2.0,R,2.0,R,100.0,R,1.0,R,0.0,R,0.0,R,1.0,R,0.0,R,0.0,R,5.0
419332,2018,A,,A,,A,,R,2.0,R,0.0,R,0.0,R,2.0,R,1.0,R,50.0,R,1.0,R,1.0,R,0.0,R,0.0,R,0.0,A,,R,10.0
419341,2018,R,17.0,R,17.0,R,100.0,R,13.0,R,0.0,Z,0.0,R,13.0,R,10.0,R,77.0,A,,A,,A,,A,,A,,A,,R,7.0
419411,2018,A,,A,,A,,R,26.0,Z,0.0,Z,0.0,R,26.0,R,19.0,R,73.0,R,17.0,Z,0.0,Z,0.0,R,17.0,R,13.0,R,76.0,R,15.0
419420,2018,A,,A,,A,,R,15.0,R,0.0,R,0.0,R,15.0,R,10.0,R,67.0,R,18.0,Z,0.0,Z,0.0,R,18.0,R,13.0,R,72.0,R,19.0
419484,2018,A,,A,,A,,R,8.0,R,0.0,R,0.0,R,8.0,R,4.0,R,50.0,A,,A,,A,,A,,A,,A,,R,15.0
419633,2018,A,,A,,A,,R,20.0,R,0.0,R,0.0,R,20.0,R,16.0,R,80.0,A,,A,,A,,A,,A,,A,,R,9.0
419660,2018,A,,A,,A,,R,77.0,R,0.0,R,0.0,R,77.0,R,68.0,R,88.0,A,,A,,A,,A,,A,,A,,R,12.0
419703,2018,A,,A,,A,,R,324.0,R,0.0,R,0.0,R,324.0,R,197.0,R,61.0,A,,A,,A,,A,,A,,A,,R,16.0
419712,2018,A,,A,,A,,R,119.0,R,0.0,R,0.0,R,119.0,R,81.0,R,68.0,A,,A,,A,,A,,A,,A,,R,11.0
419721,2018,A,,A,,A,,R,132.0,R,0.0,R,0.0,R,132.0,R,106.0,R,80.0,A,,A,,A,,A,,A,,A,,R,13.0
420024,2018,R,9.0,R,9.0,R,100.0,R,0.0,Z,0.0,Z,0.0,R,0.0,R,0.0,A,,R,0.0,Z,0.0,Z,0.0,R,0.0,R,0.0,A,,R,9.0
420042,2018,A,,A,,A,,R,3.0,R,0.0,Z,0.0,R,3.0,R,2.0,R,67.0,A,,A,,A,,A,,A,,A,,R,10.0
420103,2018,A,,A,,A,,R,55.0,Z,0.0,Z,0.0,R,55.0,R,39.0,R,71.0,A,,A,,A,,A,,A,,A,,R,20.0
420130,2018,A,,A,,A,,R,67.0,R,0.0,R,0.0,R,67.0,R,42.0,R,63.0,A,,A,,A,,A,,A,,A,,R,20.0
420255,2018,A,,A,,A,,R,27.0,R,0.0,R,0.0,R,27.0,R,21.0,R,78.0,A,,A,,A,,A,,A,,A,,R,14.0
420325,2018,R,18.0,R,29.0,R,62.0,R,19.0,R,0.0,R,0.0,R,19.0,R,7.0,R,37.0,A,,A,,A,,A,,A,,A,,R,15.0
420343,2018,A,,A,,A,,R,257.0,R,0.0,R,0.0,R,257.0,R,200.0,R,78.0,R,66.0,R,0.0,R,0.0,R,66.0,R,50.0,R,76.0,R,24.0
420370,2018,A,,A,,A,,R,104.0,R,0.0,R,0.0,R,104.0,R,72.0,R,69.0,A,,A,,A,,A,,A,,A,,R,24.0
420398,2018,R,1307.0,R,3584.0,R,36.0,R,1282.0,Z,0.0,Z,0.0,R,1282.0,R,849.0,R,66.0,R,1305.0,Z,0.0,Z,0.0,R,1305.0,R,666.0,R,51.0,R,27.0
420431,2018,R,69.0,R,604.0,R,11.0,R,63.0,R,0.0,Z,0.0,R,63.0,R,42.0,R,67.0,R,179.0,R,0.0,Z,0.0,R,179.0,R,94.0,R,53.0,R,9.0
420440,2018,R,153.0,R,730.0,R,21.0,R,133.0,R,0.0,R,0.0,R,133.0,R,80.0,R,60.0,R,95.0,R,0.0,R,0.0,R,95.0,R,41.0,R,43.0,R,15.0
420459,2018,A,,A,,A,,R,57.0,R,0.0,R,0.0,R,57.0,R,2.0,R,4.0,R,34.0,R,0.0,R,0.0,R,34.0,R,5.0,R,15.0,R,13.0
420468,2018,A,,A,,A,,R,119.0,Z,0.0,Z,0.0,R,119.0,R,80.0,R,67.0,R,58.0,Z,0.0,Z,0.0,R,58.0,R,37.0,R,64.0,R,12.0
420538,2018,R,151.0,R,628.0,R,24.0,R,184.0,R,0.0,R,0.0,R,184.0,R,102.0,R,55.0,R,66.0,R,0.0,R,0.0,R,66.0,R,29.0,R,44.0,R,16.0
420556,2018,R,105.0,R,293.0,R,36.0,R,85.0,Z,0.0,Z,0.0,R,85.0,R,42.0,R,49.0,R,60.0,Z,0.0,Z,0.0,R,60.0,R,9.0,R,15.0,R,12.0
420574,2018,R,638.0,R,1179.0,R,54.0,R,576.0,R,10.0,R,0.0,R,566.0,R,461.0,R,81.0,R,5.0,R,0.0,R,0.0,R,5.0,R,2.0,R,40.0,R,18.0
420608,2018,A,,A,,A,,R,9.0,R,0.0,R,0.0,R,9.0,R,8.0,R,89.0,A,,A,,A,,A,,A,,A,,R,30.0
420723,2018,R,55.0,R,97.0,R,57.0,R,72.0,R,0.0,R,0.0,R,72.0,R,33.0,R,46.0,R,27.0,R,0.0,R,0.0,R,27.0,R,4.0,R,15.0,R,9.0
420981,2018,A,,A,,A,,R,215.0,R,0.0,R,0.0,R,215.0,R,159.0,R,74.0,A,,A,,A,,A,,A,,A,,R,14.0
421513,2018,A,,A,,A,,R,5.0,R,0.0,R,0.0,R,5.0,R,4.0,R,80.0,R,0.0,R,0.0,R,0.0,R,0.0,R,0.0,A,,R,9.0
421610,2018,A,,A,,A,,R,10.0,R,0.0,R,0.0,R,10.0,R,10.0,R,100.0,R,2.0,R,0.0,R,0.0,R,2.0,R,2.0,R,100.0,R,10.0
421665,2018,A,,A,,A,,R,1.0,Z,0.0,Z,0.0,R,1.0,R,0.0,R,0.0,R,0.0,R,0.0,R,0.0,R,0.0,R,0.0,A,,R,4.0
421708,2018,A,,A,,A,,R,232.0,R,0.0,R,0.0,R,232.0,R,127.0,R,55.0,A,,A,,A,,A,,A,,A,,R,24.0
421717,2018,A,,A,,A,,R,15.0,R,0.0,R,0.0,R,15.0,R,10.0,R,67.0,A,,A,,A,,A,,A,,A,,R,10.0
421771,2018,A,,A,,A,,R,2.0,R,0.0,R,0.0,R,2.0,R,1.0,R,50.0,A,,A,,A,,A,,A,,A,,R,25.0
421832,2018,R,43.0,R,55.0,R,78.0,R,7.0,R,0.0,Z,0.0,R,7.0,R,3.0,R,43.0,A,,A,,A,,A,,A,,A,,R,10.0
421841,2018,R,106.0,R,146.0,R,73.0,R,80.0,R,0.0,R,0.0,R,80.0,R,64.0,R,80.0,A,,A,,A,,A,,A,,A,,R,18.0
421878,2018,R,74.0,R,98.0,R,76.0,R,17.0,R,0.0,R,0.0,R,17.0,R,11.0,R,65.0,R,5.0,Z,0.0,Z,0.0,R,5.0,R,3.0,R,60.0,R,10.0
421896,2018,A,,A,,A,,R,52.0,R,0.0,R,0.0,R,52.0,R,44.0,R,85.0,A,,A,,A,,A,,A,,A,,R,23.0
422190,2018,A,,A,,A,,R,3.0,Z,0.0,Z,0.0,R,3.0,R,2.0,R,67.0,R,2.0,Z,0.0,Z,0.0,R,2.0,R,1.0,R,50.0,R,25.0
422695,2018,A,,A,,A,,R,0.0,R,0.0,R,0.0,R,0.0,R,0.0,A,,A,,A,,A,,A,,A,,A,,R,18.0
422835,2018,A,,A,,A,,R,44.0,R,0.0,R,0.0,R,44.0,R,37.0,R,84.0,A,,A,,A,,A,,A,,A,,R,14.0
423120,2018,A,,A,,A,,A,,A,,A,,A,,A,,A,,A,,A,,A,,A,,A,,A,,R,45.0
423397,2018,A,,A,,A,,R,67.0,R,0.0,R,0.0,R,67.0,R,45.0,R,67.0,A,,A,,A,,A,,A,,A,,R,27.0
423412,2018,A,,A,,A,,R,0.0,R,0.0,R,0.0,R,0.0,R,0.0,A,,A,,A,,A,,A,,A,,A,,R,10.0
423652,2018,R,68.0,R,137.0,R,50.0,R,61.0,R,1.0,Z,0.0,R,60.0,R,30.0,R,50.0,R,73.0,Z,0.0,Z,0.0,R,73.0,R,16.0,R,22.0,R,10.0
425250,2018,A,,A,,A,,R,15.0,R,1.0,R,0.0,R,14.0,R,11.0,R,79.0,R,9.0,R,0.0,R,0.0,R,9.0,R,6.0,R,67.0,R,11.0
425986,2018,A,,A,,A,,R,65.0,R,0.0,R,0.0,R,65.0,R,32.0,R,49.0,A,,A,,A,,A,,A,,A,,R,15.0
426314,2018,A,,A,,A,,R,61.0,R,0.0,R,0.0,R,61.0,R,29.0,R,48.0,R,314.0,R,0.0,R,0.0,R,314.0,R,138.0,R,44.0,R,18.0
427308,2018,A,,A,,A,,R,69.0,R,8.0,R,0.0,R,61.0,R,55.0,R,90.0,A,,A,,A,,A,,A,,A,,R,13.0
427335,2018,A,,A,,A,,A,,A,,A,,A,,A,,A,,A,,A,,A,,A,,A,,A,,R,8.0
427894,2018,A,,A,,A,,R,21.0,Z,0.0,Z,0.0,R,21.0,R,16.0,R,76.0,A,,A,,A,,A,,A,,A,,R,14.0
427973,2018,A,,A,,A,,R,23.0,Z,0.0,Z,0.0,R,23.0,R,23.0,R,100.0,R,5.0,Z,0.0,Z,0.0,R,5.0,R,3.0,R,60.0,R,14.0
427982,2018,R,2.0,R,2.0,R,100.0,R,12.0,Z,0.0,Z,0.0,R,12.0,R,9.0,R,75.0,R,1.0,Z,0.0,Z,0.0,R,1.0,R,0.0,R,0.0,R,4.0
427991,2018,A,,A,,A,,R,243.0,R,0.0,R,0.0,R,243.0,R,167.0,R,69.0,R,36.0,R,0.0,R,0.0,R,36.0,R,19.0,R,53.0,R,19.0
428000,2018,A,,A,,A,,R,0.0,R,0.0,R,0.0,R,0.0,R,0.0,A,,A,,A,,A,,A,,A,,A,,R,14.0
428019,2018,A,,A,,A,,R,39.0,R,0.0,R,0.0,R,39.0,R,12.0,R,31.0,A,,A,,A,,A,,A,,A,,R,11.0
428055,2018,A,,A,,A,,R,64.0,R,0.0,R,0.0,R,64.0,R,41.0,R,64.0,A,,A,,A,,A,,A,,A,,R,18.0
428125,2018,A,,A,,A,,R,13.0,R,0.0,R,0.0,R,13.0,R,10.0,R,77.0,A,,A,,A,,A,,A,,A,,R,25.0
428143,2018,A,,A,,A,,R,11.0,Z,0.0,Z,0.0,R,11.0,R,6.0,R,55.0,A,,A,,A,,A,,A,,A,,R,20.0
428170,2018,R,180.0,R,471.0,R,38.0,R,187.0,R,0.0,R,0.0,R,187.0,R,159.0,R,85.0,R,197.0,R,0.0,R,0.0,R,197.0,R,136.0,R,69.0,R,5.0
428259,2018,A,,A,,A,,A,,A,,A,,A,,A,,A,,A,,A,,A,,A,,A,,A,,R,4.0
428392,2018,R,177.0,R,398.0,R,44.0,R,212.0,Z,0.0,Z,0.0,R,212.0,R,103.0,R,49.0,R,171.0,Z,0.0,Z,0.0,R,171.0,R,43.0,R,25.0,R,15.0
429012,2018,A,,A,,A,,A,,A,,A,,A,,A,,A,,A,,A,,A,,A,,A,,A,,R,1.0
429128,2018,R,12.0,R,268.0,R,4.0,R,16.0,Z,0.0,Z,0.0,R,16.0,R,8.0,R,50.0,R,82.0,Z,0.0,Z,0.0,R,82.0,R,41.0,R,50.0,R,12.0
430184,2018,R,8.0,R,721.0,R,1.0,R,7.0,R,0.0,R,0.0,R,7.0,R,4.0,R,57.0,R,172.0,R,0.0,R,0.0,R,172.0,R,79.0,R,46.0,R,40.0
430218,2018,A,,A,,A,,R,25.0,R,0.0,Z,0.0,R,25.0,R,18.0,R,72.0,R,13.0,R,0.0,Z,0.0,R,13.0,R,8.0,R,62.0,R,13.0
430227,2018,A,,A,,A,,R,30.0,R,0.0,Z,0.0,R,30.0,R,22.0,R,73.0,R,10.0,R,0.0,Z,0.0,R,10.0,R,7.0,R,70.0,R,23.0
430245,2018,A,,A,,A,,R,412.0,R,0.0,R,0.0,R,412.0,R,268.0,R,65.0,A,,A,,A,,A,,A,,A,,R,20.0
430306,2018,A,,A,,A,,A,,A,,A,,A,,A,,A,,A,,A,,A,,A,,A,,A,,R,12.0
430342,2018,A,,A,,A,,R,14.0,Z,0.0,Z,0.0,R,14.0,R,9.0,R,64.0,A,,A,,A,,A,,A,,A,,R,22.0
430403,2018,A,,A,,A,,R,40.0,Z,0.0,Z,0.0,R,40.0,R,32.0,R,80.0,A,,A,,A,,A,,A,,A,,R,20.0
430485,2018,R,13.0,R,15.0,R,87.0,R,0.0,R,0.0,R,0.0,R,0.0,R,0.0,A,,R,0.0,R,0.0,R,0.0,R,0.0,R,0.0,A,,R,9.0
430564,2018,A,,A,,A,,A,,A,,A,,A,,A,,A,,A,,A,,A,,A,,A,,A,,R,10.0
430582,2018,A,,A,,A,,A,,A,,A,,A,,A,,A,,A,,A,,A,,A,,A,,A,,R,50.0
430670,2018,R,14.0,R,25.0,R,56.0,R,4.0,R,0.0,R,0.0,R,4.0,R,4.0,R,100.0,A,,A,,A,,A,,A,,A,,R,7.0
430704,2018,A,,A,,A,,A,,A,,A,,A,,A,,A,,A,,A,,A,,A,,A,,A,,R,6.0
430795,2018,A,,A,,A,,R,178.0,R,0.0,R,0.0,R,178.0,R,163.0,R,92.0,R,16.0,R,0.0,R,0.0,R,16.0,R,16.0,R,100.0,R,16.0
430810,2018,R,66.0,R,90.0,R,73.0,R,62.0,R,0.0,R,0.0,R,62.0,R,40.0,R,65.0,A,,A,,A,,A,,A,,A,,R,8.0
430883,2018,A,,A,,A,,R,9.0,R,0.0,R,0.0,R,9.0,R,6.0,R,67.0,A,,A,,A,,A,,A,,A,,R,8.0
430908,2018,A,,A,,A,,R,31.0,R,0.0,R,0.0,R,31.0,R,25.0,R,81.0,R,10.0,R,0.0,R,0.0,R,10.0,R,9.0,R,90.0,R,10.0
430935,2018,R,117.0,R,250.0,R,47.0,R,132.0,R,0.0,R,0.0,R,132.0,R,80.0,R,61.0,R,26.0,R,0.0,R,0.0,R,26.0,R,16.0,R,62.0,R,30.0
430971,2018,A,,A,,A,,R,8.0,R,0.0,R,0.0,R,8.0,R,7.0,R,88.0,A,,A,,A,,A,,A,,A,,R,10.0
431017,2018,A,,A,,A,,R,39.0,R,0.0,R,0.0,R,39.0,R,20.0,R,51.0,R,21.0,R,0.0,R,0.0,R,21.0,R,14.0,R,67.0,R,3.0
431071,2018,A,,A,,A,,R,8.0,R,0.0,R,0.0,R,8.0,R,7.0,R,88.0,R,3.0,R,0.0,R,0.0,R,3.0,R,3.0,R,100.0,R,12.0
431099,2018,A,,A,,A,,R,25.0,R,0.0,R,0.0,R,25.0,R,19.0,R,76.0,R,18.0,R,2.0,R,0.0,R,16.0,R,14.0,R,88.0,R,17.0
431105,2018,A,,A,,A,,R,11.0,R,0.0,R,0.0,R,11.0,R,9.0,R,82.0,R,22.0,R,0.0,R,0.0,R,22.0,R,9.0,R,41.0,R,7.0
431123,2018,A,,A,,A,,R,47.0,R,0.0,R,0.0,R,47.0,R,44.0,R,94.0,A,,A,,A,,A,,A,,A,,R,12.0
431141,2018,A,,A,,A,,R,243.0,R,1.0,R,0.0,R,242.0,R,168.0,R,69.0,A,,A,,A,,A,,A,,A,,R,17.0
431169,2018,A,,A,,A,,R,29.0,R,0.0,R,0.0,R,29.0,R,15.0,R,52.0,A,,A,,A,,A,,A,,A,,R,9.0
431187,2018,A,,A,,A,,R,48.0,R,0.0,R,0.0,R,48.0,R,48.0,R,100.0,A,,A,,A,,A,,A,,A,,R,8.0
431196,2018,A,,A,,A,,R,14.0,R,0.0,R,0.0,R,14.0,R,12.0,R,86.0,A,,A,,A,,A,,A,,A,,R,24.0
431266,2018,A,,A,,A,,A,,A,,A,,A,,A,,A,,R,18.0,R,0.0,R,0.0,R,18.0,R,5.0,R,28.0,R,10.0
431275,2018,A,,A,,A,,R,3.0,R,0.0,Z,0.0,R,3.0,R,1.0,R,33.0,R,7.0,R,0.0,R,0.0,R,7.0,R,3.0,R,43.0,R,6.0
431284,2018,A,,A,,A,,R,12.0,R,0.0,R,0.0,R,12.0,R,8.0,R,67.0,R,11.0,R,0.0,R,0.0,R,11.0,R,7.0,R,64.0,R,25.0
431558,2018,A,,A,,A,,R,120.0,R,0.0,R,0.0,R,120.0,R,32.0,R,27.0,A,,A,,A,,A,,A,,A,,R,18.0
431600,2018,A,,A,,A,,R,14.0,R,0.0,R,0.0,R,14.0,R,6.0,R,43.0,A,,A,,A,,A,,A,,A,,R,14.0
431716,2018,A,,A,,A,,R,250.0,R,0.0,R,0.0,R,250.0,R,101.0,R,40.0,A,,A,,A,,A,,A,,A,,R,3.0
431929,2018,R,14.0,R,27.0,R,52.0,R,0.0,R,0.0,R,0.0,R,0.0,R,0.0,A,,A,,A,,A,,A,,A,,A,,R,7.0
431956,2018,A,,A,,A,,R,30.0,Z,0.0,Z,0.0,R,30.0,R,22.0,R,73.0,A,,A,,A,,A,,A,,A,,R,15.0
431965,2018,A,,A,,A,,R,11.0,R,0.0,R,0.0,R,11.0,R,10.0,R,91.0,A,,A,,A,,A,,A,,A,,R,14.0
431983,2018,R,18.0,R,18.0,R,100.0,R,33.0,R,0.0,R,0.0,R,33.0,R,28.0,R,85.0,A,,A,,A,,A,,A,,A,,R,19.0
432074,2018,A,,A,,A,,R,43.0,R,0.0,R,0.0,R,43.0,R,7.0,R,16.0,R,29.0,R,0.0,R,0.0,R,29.0,R,5.0,R,17.0,R,13.0
432117,2018,A,,A,,A,,R,15.0,R,0.0,R,0.0,R,15.0,R,11.0,R,73.0,R,2.0,R,0.0,R,0.0,R,2.0,R,1.0,R,50.0,R,20.0
432223,2018,A,,A,,A,,A,,A,,A,,A,,A,,A,,A,,A,,A,,A,,A,,A,,R,9.0
432269,2018,A,,A,,A,,R,12.0,Z,0.0,Z,0.0,R,12.0,R,8.0,R,67.0,A,,A,,A,,A,,A,,A,,R,10.0
432384,2018,A,,A,,A,,R,0.0,R,0.0,R,0.0,R,0.0,R,0.0,A,,A,,A,,A,,A,,A,,A,,R,17.0
432524,2018,R,57.0,R,79.0,R,72.0,R,52.0,Z,0.0,Z,0.0,R,52.0,R,36.0,R,69.0,R,1.0,Z,0.0,Z,0.0,R,1.0,R,0.0,R,0.0,R,9.0
433004,2018,R,2.0,R,24.0,R,8.0,R,2.0,R,0.0,R,0.0,R,2.0,R,1.0,R,50.0,A,,A,,A,,A,,A,,A,,R,16.0
433013,2018,A,,A,,A,,R,12.0,R,0.0,R,0.0,R,12.0,R,12.0,R,100.0,A,,A,,A,,A,,A,,A,,R,30.0
433040,2018,A,,A,,A,,R,35.0,R,0.0,R,0.0,R,35.0,R,28.0,R,80.0,A,,A,,A,,A,,A,,A,,R,8.0
433068,2018,A,,A,,A,,R,65.0,Z,0.0,Z,0.0,R,65.0,R,23.0,R,35.0,R,15.0,Z,0.0,Z,0.0,R,15.0,R,1.0,R,7.0,R,18.0
433101,2018,A,,A,,A,,R,146.0,R,0.0,R,0.0,R,146.0,R,115.0,R,79.0,R,28.0,R,0.0,R,0.0,R,28.0,R,20.0,R,71.0,R,19.0
433138,2018,A,,A,,A,,R,152.0,R,0.0,R,0.0,R,152.0,R,111.0,R,73.0,R,26.0,R,0.0,R,0.0,R,26.0,R,23.0,R,88.0,R,5.0
433165,2018,A,,A,,A,,A,,A,,A,,A,,A,,A,,A,,A,,A,,A,,A,,A,,R,4.0
433174,2018,R,3.0,R,117.0,R,3.0,R,0.0,Z,0.0,Z,0.0,R,0.0,Z,0.0,A,,R,0.0,Z,0.0,Z,0.0,R,0.0,Z,0.0,A,,R,6.0
433387,2018,A,,A,,A,,R,0.0,R,0.0,R,0.0,R,0.0,R,0.0,A,,A,,A,,A,,A,,A,,A,,R,41.0
433420,2018,R,54.0,R,118.0,R,46.0,R,2.0,R,0.0,R,0.0,R,2.0,R,2.0,R,100.0,A,,A,,A,,A,,A,,A,,R,10.0
433536,2018,R,13.0,R,39.0,R,33.0,R,2.0,R,0.0,R,0.0,R,2.0,R,0.0,R,0.0,R,3.0,R,0.0,R,0.0,R,3.0,R,0.0,R,0.0,R,16.0
433660,2018,R,2833.0,R,4010.0,R,71.0,R,2578.0,R,9.0,Z,0.0,R,2569.0,R,1998.0,R,78.0,R,48.0,Z,0.0,Z,0.0,R,48.0,R,32.0,R,67.0,R,22.0
433970,2018,A,,A,,A,,R,12.0,R,0.0,R,0.0,R,12.0,R,8.0,R,67.0,A,,A,,A,,A,,A,,A,,R,19.0
434016,2018,R,28.0,R,63.0,R,44.0,R,36.0,R,0.0,R,0.0,R,36.0,R,16.0,R,44.0,R,7.0,R,0.0,R,0.0,R,7.0,R,1.0,R,14.0,R,10.0
434061,2018,R,1020.0,R,2875.0,R,35.0,R,1134.0,R,0.0,R,0.0,R,1134.0,R,605.0,R,53.0,R,237.0,R,0.0,R,0.0,R,237.0,R,91.0,R,38.0,R,23.0
434140,2018,A,,A,,A,,R,83.0,R,0.0,R,0.0,R,83.0,R,65.0,R,78.0,A,,A,,A,,A,,A,,A,,R,25.0
434159,2018,A,,A,,A,,R,72.0,R,0.0,R,0.0,R,72.0,R,53.0,R,74.0,A,,A,,A,,A,,A,,A,,R,24.0
434274,2018,A,,A,,A,,R,55.0,R,0.0,R,0.0,R,55.0,R,17.0,R,31.0,R,21.0,R,0.0,R,0.0,R,21.0,R,6.0,R,29.0,R,10.0
434283,2018,A,,A,,A,,R,14.0,R,0.0,R,0.0,R,14.0,R,5.0,R,36.0,A,,A,,A,,A,,A,,A,,R,7.0
434292,2018,A,,A,,A,,R,2.0,R,0.0,R,0.0,R,2.0,R,1.0,R,50.0,A,,A,,A,,A,,A,,A,,R,20.0
434308,2018,A,,A,,A,,A,,A,,A,,A,,A,,A,,A,,A,,A,,A,,A,,A,,R,30.0
434344,2018,A,,A,,A,,R,53.0,R,0.0,R,0.0,R,53.0,R,45.0,R,85.0,R,3.0,R,0.0,R,0.0,R,3.0,R,2.0,R,67.0,R,17.0
434362,2018,A,,A,,A,,R,38.0,R,0.0,R,0.0,R,38.0,R,29.0,R,76.0,A,,A,,A,,A,,A,,A,,R,17.0
434432,2018,R,4.0,R,4.0,R,100.0,R,8.0,R,0.0,R,0.0,R,8.0,R,6.0,R,75.0,A,,A,,A,,A,,A,,A,,R,20.0
434469,2018,A,,A,,A,,R,9.0,R,0.0,R,0.0,R,9.0,R,9.0,R,100.0,R,6.0,R,0.0,R,0.0,R,6.0,R,6.0,R,100.0,R,3.0
434496,2018,A,,A,,A,,R,64.0,R,0.0,R,0.0,R,64.0,R,51.0,R,80.0,A,,A,,A,,A,,A,,A,,R,20.0
434520,2018,A,,A,,A,,R,37.0,R,0.0,R,0.0,R,37.0,R,18.0,R,49.0,R,15.0,R,0.0,R,0.0,R,15.0,R,9.0,R,60.0,R,16.0
434539,2018,R,29.0,R,57.0,R,51.0,R,0.0,R,0.0,R,0.0,R,0.0,R,0.0,A,,R,0.0,R,0.0,R,0.0,R,0.0,R,0.0,A,,R,15.0
434584,2018,R,26.0,R,100.0,R,26.0,R,0.0,R,0.0,R,0.0,R,0.0,R,0.0,A,,R,0.0,R,0.0,R,0.0,R,0.0,R,0.0,A,,R,8.0
434672,2018,R,1757.0,R,5163.0,R,34.0,R,1725.0,R,0.0,Z,0.0,R,1725.0,R,820.0,R,48.0,R,1835.0,R,0.0,Z,0.0,R,1835.0,R,722.0,R,39.0,R,15.0
434751,2018,R,17.0,R,30.0,R,57.0,R,16.0,R,0.0,R,0.0,R,16.0,R,11.0,R,69.0,R,16.0,R,0.0,R,0.0,R,16.0,R,7.0,R,44.0,R,9.0
434821,2018,A,,A,,A,,R,271.0,R,0.0,R,0.0,R,271.0,R,98.0,R,36.0,A,,A,,A,,A,,A,,A,,R,23.0
434830,2018,A,,A,,A,,R,67.0,R,0.0,R,0.0,R,67.0,R,52.0,R,78.0,R,26.0,R,0.0,R,0.0,R,26.0,R,23.0,R,88.0,R,17.0
434900,2018,R,58.0,R,58.0,R,100.0,R,70.0,R,0.0,R,0.0,R,70.0,R,44.0,R,63.0,A,,A,,A,,A,,A,,A,,R,16.0
434937,2018,R,5.0,R,16.0,R,31.0,R,2.0,R,0.0,R,0.0,R,2.0,R,1.0,R,50.0,A,,A,,A,,A,,A,,A,,R,3.0
434973,2018,A,,A,,A,,A,,A,,A,,A,,A,,A,,A,,A,,A,,A,,A,,A,,R,1.0
435000,2018,A,,A,,A,,A,,A,,A,,A,,A,,A,,A,,A,,A,,A,,A,,A,,R,3.0
436003,2018,A,,A,,A,,R,66.0,R,0.0,R,0.0,R,66.0,R,54.0,R,82.0,R,24.0,Z,0.0,Z,0.0,R,24.0,R,21.0,R,88.0,R,15.0
436030,2018,A,,A,,A,,R,69.0,R,0.0,R,0.0,R,69.0,R,35.0,R,51.0,R,19.0,R,0.0,R,0.0,R,19.0,R,10.0,R,53.0,R,25.0
436100,2018,A,,A,,A,,R,16.0,R,0.0,R,0.0,R,16.0,R,15.0,R,94.0,A,,A,,A,,A,,A,,A,,R,20.0
436270,2018,A,,A,,A,,A,,A,,A,,A,,A,,A,,A,,A,,A,,A,,A,,A,,R,15.0
436304,2018,R,489.0,R,1417.0,R,35.0,R,350.0,R,0.0,R,0.0,R,350.0,R,194.0,R,55.0,R,103.0,R,0.0,R,0.0,R,103.0,R,28.0,R,27.0,R,33.0
436429,2018,A,,A,,A,,R,385.0,R,0.0,R,0.0,R,385.0,R,329.0,R,85.0,A,,A,,A,,A,,A,,A,,R,24.0
436553,2018,A,,A,,A,,R,14.0,R,0.0,R,0.0,R,14.0,R,12.0,R,86.0,A,,A,,A,,A,,A,,A,,R,20.0
436599,2018,R,2.0,R,26.0,R,8.0,R,3.0,R,0.0,R,0.0,R,3.0,R,2.0,R,67.0,R,9.0,R,0.0,R,0.0,R,9.0,R,7.0,R,78.0,R,9.0
436614,2018,R,8.0,R,10.0,R,80.0,R,4.0,R,0.0,R,0.0,R,4.0,R,4.0,R,100.0,R,1.0,R,0.0,R,0.0,R,1.0,R,1.0,R,100.0,R,4.0
436632,2018,A,,A,,A,,R,74.0,Z,0.0,Z,0.0,R,74.0,R,61.0,R,82.0,R,72.0,Z,0.0,Z,0.0,R,72.0,R,59.0,R,82.0,R,14.0
436641,2018,A,,A,,A,,R,33.0,Z,0.0,Z,0.0,R,33.0,R,22.0,R,67.0,A,,A,,A,,A,,A,,A,,R,22.0
436650,2018,A,,A,,A,,A,,A,,A,,A,,A,,A,,A,,A,,A,,A,,A,,A,,R,15.0
436775,2018,A,,A,,A,,R,26.0,Z,0.0,Z,0.0,R,26.0,R,21.0,R,81.0,A,,A,,A,,A,,A,,A,,R,15.0
436818,2018,R,311.0,R,345.0,R,90.0,R,306.0,Z,0.0,Z,0.0,R,306.0,R,258.0,R,84.0,R,6.0,Z,0.0,Z,0.0,R,6.0,R,3.0,R,50.0,R,22.0
436827,2018,R,199.0,R,242.0,R,82.0,R,211.0,Z,0.0,Z,0.0,R,211.0,R,164.0,R,78.0,R,4.0,Z,0.0,Z,0.0,R,4.0,R,2.0,R,50.0,R,16.0
436836,2018,R,647.0,R,812.0,R,80.0,R,549.0,R,2.0,Z,0.0,R,547.0,R,437.0,R,80.0,R,12.0,Z,0.0,Z,0.0,R,12.0,R,6.0,R,50.0,R,19.0
437097,2018,R,5.0,R,85.0,R,6.0,R,0.0,R,0.0,R,0.0,R,0.0,R,0.0,A,,R,0.0,R,0.0,R,0.0,R,0.0,R,0.0,A,,R,7.0
437103,2018,R,1295.0,R,3057.0,R,42.0,R,1208.0,R,2.0,R,0.0,R,1206.0,R,624.0,R,52.0,R,483.0,R,0.0,R,0.0,R,483.0,R,155.0,R,32.0,R,29.0
437237,2018,A,,A,,A,,R,39.0,R,0.0,R,0.0,R,39.0,R,33.0,R,85.0,A,,A,,A,,A,,A,,A,,R,3.0
437316,2018,A,,A,,A,,A,,A,,A,,A,,A,,A,,A,,A,,A,,A,,A,,A,,R,13.0
437325,2018,A,,A,,A,,A,,A,,A,,A,,A,,A,,A,,A,,A,,A,,A,,A,,R,7.0
437556,2018,A,,A,,A,,R,516.0,R,0.0,R,0.0,R,516.0,R,428.0,R,83.0,R,16.0,R,0.0,R,0.0,R,16.0,R,16.0,R,100.0,R,19.0
437608,2018,A,,A,,A,,R,141.0,R,6.0,R,0.0,R,135.0,R,60.0,R,44.0,R,16.0,R,0.0,R,0.0,R,16.0,R,12.0,R,75.0,R,20.0
437635,2018,A,,A,,A,,R,367.0,R,0.0,R,0.0,R,367.0,R,302.0,R,82.0,A,,A,,A,,A,,A,,A,,R,11.0
437705,2018,A,,A,,A,,R,6.0,R,0.0,R,0.0,R,6.0,R,6.0,R,100.0,R,1.0,R,0.0,R,0.0,R,1.0,R,1.0,R,100.0,R,2.0
437723,2018,A,,A,,A,,R,0.0,R,0.0,R,0.0,R,0.0,R,0.0,A,,A,,A,,A,,A,,A,,A,,R,15.0
437732,2018,A,,A,,A,,R,0.0,R,0.0,R,0.0,R,0.0,R,0.0,A,,A,,A,,A,,A,,A,,A,,R,11.0
437750,2018,R,26.0,R,26.0,R,100.0,R,36.0,R,0.0,R,0.0,R,36.0,R,6.0,R,17.0,A,,A,,A,,A,,A,,A,,R,17.0
437769,2018,A,,A,,A,,R,7.0,R,0.0,R,0.0,R,7.0,R,4.0,R,57.0,A,,A,,A,,A,,A,,A,,R,8.0
437778,2018,A,,A,,A,,R,57.0,R,0.0,R,0.0,R,57.0,R,29.0,R,51.0,A,,A,,A,,A,,A,,A,,R,15.0
437857,2018,A,,A,,A,,R,17.0,R,0.0,R,0.0,R,17.0,R,15.0,R,88.0,R,5.0,R,0.0,R,0.0,R,5.0,R,4.0,R,80.0,R,12.0
437936,2018,A,,A,,A,,R,48.0,Z,0.0,Z,0.0,R,48.0,R,36.0,R,75.0,R,11.0,Z,0.0,Z,0.0,R,11.0,R,4.0,R,36.0,R,18.0
438151,2018,A,,A,,A,,R,3.0,R,0.0,R,0.0,R,3.0,R,1.0,R,33.0,A,,A,,A,,A,,A,,A,,R,13.0
438179,2018,A,,A,,A,,R,12.0,R,0.0,R,0.0,R,12.0,R,10.0,R,83.0,R,8.0,R,0.0,R,0.0,R,8.0,R,6.0,R,75.0,R,25.0
438221,2018,A,,A,,A,,R,53.0,Z,0.0,Z,0.0,R,53.0,R,28.0,R,53.0,R,16.0,Z,0.0,Z,0.0,R,16.0,R,6.0,R,38.0,R,15.0
438258,2018,A,,A,,A,,R,18.0,Z,0.0,Z,0.0,R,18.0,R,13.0,R,72.0,R,0.0,R,0.0,R,0.0,R,0.0,R,0.0,A,,R,21.0
438285,2018,A,,A,,A,,R,174.0,Z,0.0,Z,0.0,R,174.0,R,136.0,R,78.0,A,,A,,A,,A,,A,,A,,R,25.0
438337,2018,A,,A,,A,,R,131.0,R,0.0,R,0.0,R,131.0,R,93.0,R,71.0,R,31.0,R,0.0,R,0.0,R,31.0,R,10.0,R,32.0,R,25.0
438498,2018,R,8.0,R,195.0,R,4.0,R,5.0,R,0.0,R,0.0,R,5.0,R,1.0,R,20.0,R,28.0,R,0.0,R,0.0,R,28.0,R,10.0,R,36.0,R,8.0
438504,2018,A,,A,,A,,R,264.0,R,2.0,R,0.0,R,262.0,R,180.0,R,69.0,A,,A,,A,,A,,A,,A,,R,40.0
438586,2018,R,84.0,R,472.0,R,18.0,R,46.0,R,0.0,R,0.0,R,46.0,R,18.0,R,39.0,R,41.0,R,0.0,R,0.0,R,41.0,R,5.0,R,12.0,R,18.0
438674,2018,A,,A,,A,,R,4.0,R,0.0,R,0.0,R,4.0,R,4.0,R,100.0,A,,A,,A,,A,,A,,A,,R,10.0
438708,2018,R,27.0,R,65.0,R,42.0,R,33.0,Z,0.0,Z,0.0,R,33.0,R,17.0,R,52.0,R,13.0,Z,0.0,Z,0.0,R,13.0,R,7.0,R,54.0,R,8.0
438735,2018,A,,A,,A,,R,14.0,Z,0.0,Z,0.0,R,14.0,R,8.0,R,57.0,R,3.0,Z,0.0,Z,0.0,R,3.0,R,2.0,R,67.0,R,10.0
438805,2018,A,,A,,A,,A,,A,,A,,A,,A,,A,,A,,A,,A,,A,,A,,A,,R,11.0
438869,2018,A,,A,,A,,R,9.0,R,0.0,R,0.0,R,9.0,R,4.0,R,44.0,A,,A,,A,,A,,A,,A,,R,5.0
438984,2018,A,,A,,A,,R,57.0,R,0.0,R,0.0,R,57.0,R,25.0,R,44.0,A,,A,,A,,A,,A,,A,,R,16.0
439020,2018,A,,A,,A,,A,,A,,A,,A,,A,,A,,A,,A,,A,,A,,A,,A,,R,11.0
439118,2018,A,,A,,A,,R,42.0,Z,0.0,Z,0.0,R,42.0,R,29.0,R,69.0,R,0.0,Z,0.0,Z,0.0,R,0.0,Z,0.0,A,,R,35.0
439145,2018,R,320.0,R,1179.0,R,27.0,R,359.0,Z,0.0,Z,0.0,R,359.0,R,178.0,R,50.0,R,386.0,Z,0.0,Z,0.0,R,386.0,R,131.0,R,34.0,R,13.0
439190,2018,R,243.0,R,769.0,R,32.0,R,0.0,Z,0.0,Z,0.0,R,0.0,R,0.0,A,,R,0.0,Z,0.0,Z,0.0,R,0.0,R,0.0,A,,R,16.0
439288,2018,R,291.0,R,348.0,R,84.0,R,204.0,R,0.0,R,0.0,R,204.0,R,131.0,R,64.0,R,1.0,R,0.0,R,0.0,R,1.0,R,0.0,R,0.0,R,13.0
439367,2018,A,,A,,A,,R,75.0,R,0.0,R,0.0,R,75.0,R,71.0,R,95.0,A,,A,,A,,A,,A,,A,,R,20.0
439446,2018,A,,A,,A,,A,,A,,A,,A,,A,,A,,A,,A,,A,,A,,A,,A,,R,6.0
439455,2018,A,,A,,A,,R,11.0,R,0.0,R,0.0,R,11.0,R,3.0,R,27.0,R,1.0,Z,0.0,Z,0.0,R,1.0,R,1.0,R,100.0,R,14.0
439473,2018,A,,A,,A,,R,74.0,Z,0.0,Z,0.0,R,74.0,R,43.0,R,58.0,R,47.0,Z,0.0,Z,0.0,R,47.0,R,27.0,R,57.0,R,20.0
439491,2018,A,,A,,A,,R,73.0,R,0.0,R,0.0,R,73.0,R,35.0,R,48.0,A,,A,,A,,A,,A,,A,,R,20.0
439507,2018,A,,A,,A,,R,35.0,R,0.0,R,0.0,R,35.0,R,20.0,R,57.0,A,,A,,A,,A,,A,,A,,R,18.0
439570,2018,A,,A,,A,,R,119.0,R,0.0,R,0.0,R,119.0,R,98.0,R,82.0,A,,A,,A,,A,,A,,A,,R,25.0
439613,2018,R,4.0,R,47.0,R,9.0,R,2.0,R,0.0,R,0.0,R,2.0,R,1.0,R,50.0,R,3.0,R,0.0,R,0.0,R,3.0,R,2.0,R,67.0,R,13.0
439622,2018,A,,A,,A,,R,100.0,Z,0.0,Z,0.0,R,100.0,R,89.0,R,89.0,A,,A,,A,,A,,A,,A,,R,20.0
439668,2018,A,,A,,A,,A,,A,,A,,A,,A,,A,,A,,A,,A,,A,,A,,A,,R,14.0
439686,2018,A,,A,,A,,A,,A,,A,,A,,A,,A,,A,,A,,A,,A,,A,,A,,R,14.0
439701,2018,R,18.0,R,86.0,R,21.0,R,15.0,Z,0.0,Z,0.0,R,15.0,R,11.0,R,73.0,R,7.0,Z,0.0,Z,0.0,R,7.0,R,4.0,R,57.0,R,12.0
439738,2018,A,,A,,A,,R,22.0,Z,0.0,Z,0.0,R,22.0,R,10.0,R,45.0,A,,A,,A,,A,,A,,A,,R,26.0
439747,2018,A,,A,,A,,R,29.0,R,0.0,R,0.0,R,29.0,R,27.0,R,93.0,R,14.0,R,0.0,R,0.0,R,14.0,R,11.0,R,79.0,R,30.0
439774,2018,A,,A,,A,,R,26.0,R,0.0,R,0.0,R,26.0,R,24.0,R,92.0,R,5.0,R,0.0,R,0.0,R,5.0,R,4.0,R,80.0,R,18.0
439783,2018,A,,A,,A,,A,,A,,A,,A,,A,,A,,A,,A,,A,,A,,A,,A,,R,10.0
439792,2018,A,,A,,A,,R,32.0,Z,0.0,Z,0.0,R,32.0,R,24.0,R,75.0,A,,A,,A,,A,,A,,A,,R,21.0
439844,2018,A,,A,,A,,R,21.0,R,1.0,R,0.0,R,20.0,R,16.0,R,80.0,A,,A,,A,,A,,A,,A,,R,11.0
439862,2018,R,15.0,R,21.0,R,71.0,R,1.0,R,0.0,R,0.0,R,1.0,R,0.0,R,0.0,R,0.0,R,0.0,R,0.0,R,0.0,R,0.0,A,,R,8.0
439871,2018,A,,A,,A,,R,0.0,Z,0.0,Z,0.0,R,0.0,Z,0.0,A,,A,,A,,A,,A,,A,,A,,R,10.0
439899,2018,A,,A,,A,,R,19.0,R,2.0,Z,0.0,R,17.0,R,12.0,R,71.0,R,3.0,Z,0.0,Z,0.0,R,3.0,R,0.0,R,0.0,R,14.0
439932,2018,A,,A,,A,,R,13.0,Z,0.0,Z,0.0,R,13.0,R,10.0,R,77.0,A,,A,,A,,A,,A,,A,,R,10.0
439969,2018,R,20.0,R,21.0,R,95.0,R,13.0,R,0.0,R,0.0,R,13.0,R,9.0,R,69.0,A,,A,,A,,A,,A,,A,,R,16.0
439996,2018,A,,A,,A,,R,93.0,R,1.0,R,0.0,R,92.0,R,66.0,R,72.0,A,,A,,A,,A,,A,,A,,R,14.0
440059,2018,R,98.0,R,98.0,R,100.0,R,71.0,R,0.0,R,0.0,R,71.0,R,69.0,R,97.0,R,14.0,R,0.0,R,0.0,R,14.0,R,6.0,R,43.0,R,13.0
440101,2018,A,,A,,A,,R,29.0,R,0.0,Z,0.0,R,29.0,R,18.0,R,62.0,R,10.0,R,0.0,Z,0.0,R,10.0,R,6.0,R,60.0,R,17.0
440217,2018,A,,A,,A,,R,16.0,R,0.0,R,0.0,R,16.0,R,15.0,R,94.0,A,,A,,A,,A,,A,,A,,R,14.0
440226,2018,A,,A,,A,,R,27.0,R,1.0,Z,0.0,R,26.0,R,14.0,R,54.0,A,,A,,A,,A,,A,,A,,R,7.0
440262,2018,A,,A,,A,,R,103.0,R,1.0,R,0.0,R,102.0,R,85.0,R,83.0,A,,A,,A,,A,,A,,A,,R,18.0
440271,2018,A,,A,,A,,R,11.0,Z,0.0,Z,0.0,R,11.0,R,8.0,R,73.0,A,,A,,A,,A,,A,,A,,R,13.0
440396,2018,R,46.0,R,48.0,R,96.0,R,29.0,R,0.0,R,0.0,R,29.0,R,25.0,R,86.0,R,1.0,Z,0.0,Z,0.0,R,1.0,Z,0.0,R,0.0,R,13.0
440402,2018,R,296.0,R,781.0,R,38.0,R,331.0,R,0.0,R,0.0,R,331.0,R,252.0,R,76.0,R,70.0,R,0.0,R,0.0,R,70.0,R,33.0,R,47.0,R,15.0
440420,2018,A,,A,,A,,A,,A,,A,,A,,A,,A,,A,,A,,A,,A,,A,,A,,R,3.0
440651,2018,R,154.0,R,297.0,R,52.0,R,37.0,R,0.0,R,0.0,R,37.0,R,27.0,R,73.0,R,1.0,R,0.0,R,0.0,R,1.0,R,0.0,R,0.0,R,22.0
440730,2018,A,,A,,A,,R,147.0,R,0.0,R,0.0,R,147.0,R,125.0,R,85.0,A,,A,,A,,A,,A,,A,,R,19.0
440749,2018,R,3.0,R,92.0,R,3.0,R,1.0,Z,0.0,Z,0.0,R,1.0,R,1.0,R,100.0,R,0.0,Z,0.0,Z,0.0,R,0.0,R,0.0,A,,R,8.0
440758,2018,R,1.0,R,12.0,R,8.0,R,0.0,Z,0.0,Z,0.0,R,0.0,Z,0.0,A,,R,1.0,Z,0.0,Z,0.0,R,1.0,R,1.0,R,100.0,R,11.0
440776,2018,A,,A,,A,,R,4.0,R,0.0,R,0.0,R,4.0,R,2.0,R,50.0,A,,A,,A,,A,,A,,A,,R,10.0
440794,2018,R,41.0,R,158.0,R,26.0,R,24.0,R,0.0,R,0.0,R,24.0,R,15.0,R,63.0,R,2.0,R,0.0,R,0.0,R,2.0,R,1.0,R,50.0,R,10.0
440819,2018,A,,A,,A,,R,0.0,R,0.0,R,0.0,R,0.0,R,0.0,A,,A,,A,,A,,A,,A,,A,,R,9.0
440828,2018,R,64.0,R,334.0,R,19.0,R,41.0,R,0.0,R,0.0,R,41.0,R,28.0,R,68.0,R,38.0,R,0.0,R,0.0,R,38.0,R,23.0,R,61.0,R,11.0
440855,2018,A,,A,,A,,A,,A,,A,,A,,A,,A,,A,,A,,A,,A,,A,,A,,R,12.0
440989,2018,A,,A,,A,,R,54.0,R,1.0,R,0.0,R,53.0,R,20.0,R,38.0,A,,A,,A,,A,,A,,A,,R,20.0
441025,2018,A,,A,,A,,R,118.0,Z,0.0,Z,0.0,R,118.0,R,85.0,R,72.0,R,26.0,Z,0.0,Z,0.0,R,26.0,R,6.0,R,23.0,R,21.0
441052,2018,A,,A,,A,,R,89.0,R,0.0,R,0.0,R,89.0,R,64.0,R,72.0,A,,A,,A,,A,,A,,A,,R,34.0
441070,2018,R,11.0,R,31.0,R,35.0,R,7.0,R,0.0,R,0.0,R,7.0,R,4.0,R,57.0,R,20.0,R,0.0,R,0.0,R,20.0,R,8.0,R,40.0,R,6.0
441168,2018,A,,A,,A,,R,8.0,Z,0.0,Z,0.0,R,8.0,R,6.0,R,75.0,A,,A,,A,,A,,A,,A,,R,11.0
441210,2018,A,,A,,A,,R,28.0,R,0.0,R,0.0,R,28.0,R,25.0,R,89.0,R,52.0,R,0.0,R,0.0,R,52.0,R,42.0,R,81.0,R,20.0
441229,2018,R,171.0,R,259.0,R,66.0,R,163.0,R,0.0,R,0.0,R,163.0,R,135.0,R,83.0,A,,A,,A,,A,,A,,A,,R,7.0
441256,2018,A,,A,,A,,R,10.0,R,0.0,R,0.0,R,10.0,R,8.0,R,80.0,A,,A,,A,,A,,A,,A,,R,14.0
441362,2018,A,,A,,A,,R,45.0,R,0.0,R,0.0,R,45.0,R,29.0,R,64.0,R,14.0,R,0.0,R,0.0,R,14.0,R,7.0,R,50.0,R,30.0
441371,2018,A,,A,,A,,R,4532.0,R,5.0,R,0.0,R,4527.0,R,3673.0,R,81.0,A,,A,,A,,A,,A,,A,,R,16.0
441380,2018,A,,A,,A,,R,92.0,R,0.0,R,0.0,R,92.0,R,1.0,R,1.0,R,79.0,R,0.0,R,0.0,R,79.0,R,2.0,R,3.0,R,30.0
441414,2018,A,,A,,A,,R,21.0,R,0.0,R,0.0,R,21.0,R,17.0,R,81.0,R,54.0,R,0.0,R,0.0,R,54.0,R,42.0,R,78.0,R,20.0
441423,2018,A,,A,,A,,R,156.0,R,0.0,R,0.0,R,156.0,R,130.0,R,83.0,A,,A,,A,,A,,A,,A,,R,22.0
441487,2018,R,7.0,R,29.0,R,24.0,R,9.0,R,0.0,R,0.0,R,9.0,R,4.0,R,44.0,R,1.0,Z,0.0,Z,0.0,R,1.0,R,0.0,R,0.0,R,10.0
441496,2018,A,,A,,A,,R,18.0,Z,0.0,Z,0.0,R,18.0,R,11.0,R,61.0,A,,A,,A,,A,,A,,A,,R,9.0
441502,2018,A,,A,,A,,R,102.0,R,0.0,R,0.0,R,102.0,R,44.0,R,43.0,A,,A,,A,,A,,A,,A,,R,20.0
441511,2018,R,15.0,R,37.0,R,41.0,R,67.0,R,0.0,R,0.0,R,67.0,R,48.0,R,72.0,R,8.0,R,0.0,R,0.0,R,8.0,R,7.0,R,88.0,R,10.0
441548,2018,A,,A,,A,,A,,A,,A,,A,,A,,A,,A,,A,,A,,A,,A,,A,,R,10.0
441575,2018,A,,A,,A,,R,119.0,R,0.0,R,0.0,R,119.0,R,81.0,R,68.0,A,,A,,A,,A,,A,,A,,R,12.0
441593,2018,A,,A,,A,,R,9.0,Z,0.0,Z,0.0,R,9.0,R,3.0,R,33.0,A,,A,,A,,A,,A,,A,,R,29.0
441609,2018,A,,A,,A,,R,0.0,R,0.0,R,0.0,R,0.0,R,0.0,A,,A,,A,,A,,A,,A,,A,,R,10.0
441618,2018,A,,A,,A,,R,5.0,R,0.0,R,0.0,R,5.0,R,5.0,R,100.0,R,7.0,R,0.0,R,0.0,R,7.0,R,6.0,R,86.0,R,6.0
441636,2018,A,,A,,A,,R,0.0,R,0.0,R,0.0,R,0.0,R,0.0,A,,R,0.0,R,0.0,R,0.0,R,0.0,R,0.0,A,,R,17.0
441645,2018,A,,A,,A,,R,19.0,R,0.0,R,0.0,R,19.0,R,16.0,R,84.0,A,,A,,A,,A,,A,,A,,R,9.0
441663,2018,A,,A,,A,,R,109.0,R,3.0,R,0.0,R,106.0,R,85.0,R,80.0,A,,A,,A,,A,,A,,A,,R,20.0
441672,2018,A,,A,,A,,R,35.0,R,0.0,R,0.0,R,35.0,R,33.0,R,94.0,A,,A,,A,,A,,A,,A,,R,3.0
441690,2018,R,13.0,R,53.0,R,25.0,R,7.0,R,0.0,R,0.0,R,7.0,R,4.0,R,57.0,R,1.0,R,0.0,R,0.0,R,1.0,R,1.0,R,100.0,R,7.0
441706,2018,A,,A,,A,,R,37.0,R,0.0,R,0.0,R,37.0,R,32.0,R,86.0,A,,A,,A,,A,,A,,A,,R,13.0
441742,2018,A,,A,,A,,R,134.0,Z,0.0,Z,0.0,R,134.0,R,100.0,R,75.0,A,,A,,A,,A,,A,,A,,R,34.0
441760,2018,R,506.0,R,1286.0,R,39.0,R,536.0,R,1.0,R,0.0,R,535.0,R,324.0,R,61.0,R,191.0,R,0.0,R,0.0,R,191.0,R,94.0,R,49.0,R,17.0
441788,2018,A,,A,,A,,R,47.0,Z,0.0,Z,0.0,R,47.0,R,32.0,R,68.0,R,5.0,Z,0.0,Z,0.0,R,5.0,R,0.0,R,0.0,R,16.0
441830,2018,A,,A,,A,,R,21.0,R,0.0,R,0.0,R,21.0,R,19.0,R,90.0,A,,A,,A,,A,,A,,A,,R,8.0
441858,2018,A,,A,,A,,R,44.0,R,0.0,R,0.0,R,44.0,R,42.0,R,95.0,R,17.0,R,0.0,R,0.0,R,17.0,R,15.0,R,88.0,R,5.0
441876,2018,A,,A,,A,,R,18.0,R,0.0,R,0.0,R,18.0,R,12.0,R,67.0,R,4.0,R,0.0,R,0.0,R,4.0,R,3.0,R,75.0,R,14.0
441900,2018,R,408.0,R,1586.0,R,26.0,R,464.0,R,0.0,R,0.0,R,464.0,R,324.0,R,70.0,R,89.0,R,0.0,R,0.0,R,89.0,R,31.0,R,35.0,R,18.0
441937,2018,R,947.0,R,2173.0,R,44.0,R,913.0,Z,0.0,Z,0.0,R,913.0,R,709.0,R,78.0,R,42.0,Z,0.0,Z,0.0,R,42.0,R,23.0,R,55.0,R,22.0
441982,2018,R,84.0,R,116.0,R,72.0,R,90.0,R,1.0,R,0.0,R,89.0,R,89.0,R,100.0,A,,A,,A,,A,,A,,A,,R,7.0
442073,2018,A,,A,,A,,R,100.0,R,0.0,R,0.0,R,100.0,R,76.0,R,76.0,R,52.0,R,0.0,R,0.0,R,52.0,R,35.0,R,67.0,R,14.0
442134,2018,A,,A,,A,,R,61.0,R,0.0,R,0.0,R,61.0,R,48.0,R,79.0,A,,A,,A,,A,,A,,A,,R,25.0
442161,2018,A,,A,,A,,A,,A,,A,,A,,A,,A,,A,,A,,A,,A,,A,,A,,R,5.0
442213,2018,A,,A,,A,,R,0.0,Z,0.0,Z,0.0,R,0.0,R,0.0,A,,R,0.0,R,0.0,R,0.0,R,0.0,R,0.0,A,,R,6.0
442240,2018,A,,A,,A,,R,21.0,R,0.0,R,0.0,R,21.0,R,19.0,R,90.0,R,6.0,R,0.0,R,0.0,R,6.0,R,5.0,R,83.0,R,15.0
442329,2018,A,,A,,A,,R,352.0,R,1.0,R,0.0,R,351.0,R,236.0,R,67.0,A,,A,,A,,A,,A,,A,,R,30.0
442356,2018,R,64.0,R,636.0,R,10.0,R,20.0,R,0.0,R,0.0,R,20.0,R,18.0,R,90.0,R,6.0,Z,0.0,Z,0.0,R,6.0,R,5.0,R,83.0,R,12.0
442383,2018,R,28.0,R,51.0,R,55.0,R,32.0,R,0.0,R,0.0,R,32.0,R,25.0,R,78.0,A,,A,,A,,A,,A,,A,,R,15.0
442426,2018,A,,A,,A,,R,0.0,R,0.0,R,0.0,R,0.0,R,0.0,A,,R,0.0,R,0.0,R,0.0,R,0.0,R,0.0,A,,R,30.0
442435,2018,A,,A,,A,,R,12.0,R,0.0,R,0.0,R,12.0,R,4.0,R,33.0,A,,A,,A,,A,,A,,A,,R,12.0
442523,2018,R,27.0,R,32.0,R,84.0,R,26.0,Z,0.0,Z,0.0,R,26.0,R,13.0,R,50.0,R,1.0,Z,0.0,Z,0.0,R,1.0,R,0.0,R,0.0,R,10.0
442569,2018,A,,A,,A,,R,170.0,R,0.0,R,0.0,R,170.0,R,76.0,R,45.0,R,274.0,R,0.0,R,0.0,R,274.0,R,87.0,R,32.0,R,20.0
442602,2018,A,,A,,A,,R,18.0,Z,0.0,Z,0.0,R,18.0,R,14.0,R,78.0,R,0.0,R,0.0,R,0.0,R,0.0,R,0.0,A,,R,21.0
442611,2018,A,,A,,A,,R,292.0,R,1.0,R,0.0,R,291.0,R,190.0,R,65.0,A,,A,,A,,A,,A,,A,,R,33.0
442639,2018,R,5.0,R,5.0,R,100.0,R,9.0,R,0.0,R,0.0,R,9.0,R,8.0,R,89.0,A,,A,,A,,A,,A,,A,,R,8.0
442657,2018,A,,A,,A,,A,,A,,A,,A,,A,,A,,A,,A,,A,,A,,A,,A,,R,15.0
442718,2018,R,8.0,R,58.0,R,14.0,R,0.0,Z,0.0,Z,0.0,R,0.0,Z,0.0,A,,R,0.0,Z,0.0,Z,0.0,R,0.0,Z,0.0,A,,R,10.0
442781,2018,R,59.0,R,175.0,R,34.0,R,43.0,R,0.0,R,0.0,R,43.0,R,13.0,R,30.0,R,83.0,R,0.0,R,0.0,R,83.0,R,11.0,R,13.0,R,8.0
442815,2018,A,,A,,A,,R,30.0,R,0.0,R,0.0,R,30.0,R,18.0,R,60.0,R,11.0,R,0.0,R,0.0,R,11.0,R,8.0,R,73.0,R,11.0
442842,2018,R,17.0,R,19.0,R,89.0,R,0.0,Z,0.0,Z,0.0,R,0.0,Z,0.0,A,,R,0.0,Z,0.0,Z,0.0,R,0.0,Z,0.0,A,,R,12.0
442879,2018,A,,A,,A,,R,214.0,R,0.0,R,0.0,R,214.0,R,172.0,R,80.0,R,101.0,R,0.0,R,0.0,R,101.0,R,74.0,R,73.0,R,20.0
442888,2018,A,,A,,A,,R,26.0,R,0.0,R,0.0,R,26.0,R,19.0,R,73.0,A,,A,,A,,A,,A,,A,,R,15.0
442897,2018,A,,A,,A,,A,,A,,A,,A,,A,,A,,R,0.0,R,0.0,R,0.0,R,0.0,R,0.0,A,,R,2.0
442930,2018,A,,A,,A,,R,132.0,R,0.0,R,0.0,R,132.0,R,99.0,R,75.0,A,,A,,A,,A,,A,,A,,R,15.0
442949,2018,A,,A,,A,,A,,A,,A,,A,,A,,A,,A,,A,,A,,A,,A,,A,,R,4.0
442967,2018,A,,A,,A,,R,27.0,R,0.0,R,0.0,R,27.0,R,21.0,R,78.0,A,,A,,A,,A,,A,,A,,R,25.0
442976,2018,A,,A,,A,,R,20.0,R,0.0,R,0.0,R,20.0,R,14.0,R,70.0,A,,A,,A,,A,,A,,A,,R,16.0
442985,2018,A,,A,,A,,R,75.0,R,0.0,R,0.0,R,75.0,R,50.0,R,67.0,A,,A,,A,,A,,A,,A,,R,8.0
443021,2018,A,,A,,A,,R,103.0,R,0.0,R,0.0,R,103.0,R,76.0,R,74.0,A,,A,,A,,A,,A,,A,,R,11.0
443049,2018,R,2.0,R,4.0,R,50.0,R,6.0,R,0.0,R,0.0,R,6.0,R,4.0,R,67.0,R,0.0,R,0.0,R,0.0,R,0.0,R,0.0,A,,R,15.0
443058,2018,A,,A,,A,,R,3.0,R,0.0,R,0.0,R,3.0,R,1.0,R,33.0,R,0.0,Z,0.0,Z,0.0,R,0.0,Z,0.0,A,,R,3.0
443100,2018,A,,A,,A,,R,53.0,R,0.0,R,0.0,R,53.0,R,25.0,R,47.0,R,0.0,R,0.0,R,0.0,R,0.0,R,0.0,A,,R,15.0
443137,2018,A,,A,,A,,A,,A,,A,,A,,A,,A,,A,,A,,A,,A,,A,,A,,R,20.0
443146,2018,A,,A,,A,,R,8.0,R,4.0,R,0.0,R,4.0,R,2.0,R,50.0,R,3.0,Z,0.0,Z,0.0,R,3.0,R,3.0,R,100.0,R,29.0
443173,2018,A,,A,,A,,R,3.0,R,0.0,R,0.0,R,3.0,R,2.0,R,67.0,A,,A,,A,,A,,A,,A,,R,6.0
443207,2018,A,,A,,A,,A,,A,,A,,A,,A,,A,,A,,A,,A,,A,,A,,A,,R,12.0
443216,2018,A,,A,,A,,R,46.0,R,0.0,R,0.0,R,46.0,R,37.0,R,80.0,A,,A,,A,,A,,A,,A,,R,29.0
443225,2018,A,,A,,A,,R,30.0,R,0.0,R,0.0,R,30.0,R,26.0,R,87.0,A,,A,,A,,A,,A,,A,,R,24.0
443234,2018,A,,A,,A,,R,19.0,Z,0.0,Z,0.0,R,19.0,R,17.0,R,89.0,A,,A,,A,,A,,A,,A,,R,14.0
443252,2018,A,,A,,A,,R,875.0,R,0.0,R,0.0,R,875.0,R,779.0,R,89.0,A,,A,,A,,A,,A,,A,,R,20.0
443261,2018,A,,A,,A,,R,31.0,R,0.0,R,0.0,R,31.0,R,30.0,R,97.0,R,16.0,R,0.0,R,0.0,R,16.0,R,11.0,R,69.0,R,9.0
443289,2018,A,,A,,A,,R,250.0,R,0.0,R,0.0,R,250.0,R,245.0,R,98.0,A,,A,,A,,A,,A,,A,,R,25.0
443298,2018,A,,A,,A,,R,13.0,R,0.0,R,0.0,R,13.0,R,11.0,R,85.0,A,,A,,A,,A,,A,,A,,R,11.0
443322,2018,A,,A,,A,,R,137.0,R,0.0,R,0.0,R,137.0,R,104.0,R,76.0,A,,A,,A,,A,,A,,A,,R,19.0
443331,2018,R,17.0,R,274.0,R,6.0,R,9.0,Z,0.0,Z,0.0,R,9.0,R,6.0,R,67.0,Z,0.0,Z,0.0,Z,0.0,R,0.0,R,0.0,A,,R,20.0
443340,2018,R,3.0,R,7.0,R,43.0,R,3.0,R,0.0,R,0.0,R,3.0,R,2.0,R,67.0,R,0.0,R,0.0,R,0.0,R,0.0,R,0.0,A,,R,7.0
443377,2018,R,35.0,R,49.0,R,71.0,R,38.0,R,0.0,R,0.0,R,38.0,R,31.0,R,82.0,A,,A,,A,,A,,A,,A,,R,7.0
443410,2018,R,216.0,R,344.0,R,63.0,R,225.0,R,0.0,R,0.0,R,225.0,R,159.0,R,71.0,R,0.0,R,0.0,R,0.0,R,0.0,R,0.0,A,,R,13.0
443483,2018,A,,A,,A,,A,,A,,A,,A,,A,,A,,A,,A,,A,,A,,A,,A,,R,15.0
443492,2018,R,299.0,R,1002.0,R,30.0,R,303.0,R,0.0,R,0.0,R,303.0,R,169.0,R,56.0,R,14.0,R,0.0,R,0.0,R,14.0,R,4.0,R,29.0,R,15.0
443562,2018,R,54.0,R,81.0,R,67.0,R,65.0,R,0.0,R,0.0,R,65.0,R,45.0,R,69.0,R,25.0,R,0.0,R,0.0,R,25.0,R,17.0,R,68.0,R,15.0
443571,2018,A,,A,,A,,R,23.0,R,0.0,R,0.0,R,23.0,R,17.0,R,74.0,A,,A,,A,,A,,A,,A,,R,15.0
443599,2018,R,1.0,R,161.0,R,1.0,R,0.0,R,0.0,R,0.0,R,0.0,R,0.0,A,,R,0.0,R,0.0,R,0.0,R,0.0,R,0.0,A,,R,20.0
443632,2018,A,,A,,A,,A,,A,,A,,A,,A,,A,,A,,A,,A,,A,,A,,A,,R,13.0
443641,2018,A,,A,,A,,R,15.0,R,0.0,R,0.0,R,15.0,R,12.0,R,80.0,R,17.0,R,0.0,R,0.0,R,17.0,R,10.0,R,59.0,R,15.0
443650,2018,A,,A,,A,,R,206.0,Z,0.0,Z,0.0,R,206.0,R,121.0,R,59.0,R,29.0,Z,0.0,Z,0.0,R,29.0,R,11.0,R,38.0,R,15.0
443669,2018,A,,A,,A,,R,67.0,R,0.0,R,0.0,R,67.0,R,50.0,R,75.0,A,,A,,A,,A,,A,,A,,R,15.0
443678,2018,A,,A,,A,,R,17.0,R,0.0,Z,0.0,R,17.0,R,12.0,R,71.0,R,12.0,R,0.0,Z,0.0,R,12.0,R,9.0,R,75.0,R,7.0
443696,2018,A,,A,,A,,R,9.0,R,0.0,R,0.0,R,9.0,R,3.0,R,33.0,A,,A,,A,,A,,A,,A,,R,10.0
443748,2018,A,,A,,A,,R,43.0,Z,0.0,Z,0.0,R,43.0,R,30.0,R,70.0,R,3.0,Z,0.0,Z,0.0,R,3.0,R,0.0,R,0.0,R,24.0
443766,2018,R,6.0,R,1090.0,R,1.0,R,2.0,Z,0.0,Z,0.0,R,2.0,R,1.0,R,50.0,R,231.0,Z,0.0,Z,0.0,R,231.0,R,76.0,R,33.0,R,37.0
443784,2018,R,4.0,R,625.0,R,1.0,R,0.0,Z,0.0,Z,0.0,R,0.0,R,0.0,A,,R,169.0,Z,0.0,Z,0.0,R,169.0,R,66.0,R,39.0,R,32.0
443951,2018,A,,A,,A,,R,25.0,R,0.0,R,0.0,R,25.0,R,13.0,R,52.0,A,,A,,A,,A,,A,,A,,R,15.0
443979,2018,A,,A,,A,,R,20.0,R,0.0,R,0.0,R,20.0,R,17.0,R,85.0,R,10.0,R,0.0,R,0.0,R,10.0,R,9.0,R,90.0,R,8.0
444051,2018,A,,A,,A,,R,61.0,R,0.0,R,0.0,R,61.0,R,53.0,R,87.0,R,14.0,R,0.0,R,0.0,R,14.0,R,8.0,R,57.0,R,23.0
444088,2018,A,,A,,A,,R,11.0,R,0.0,R,0.0,R,11.0,R,9.0,R,82.0,R,43.0,R,0.0,R,0.0,R,43.0,R,30.0,R,70.0,R,16.0
444130,2018,A,,A,,A,,A,,A,,A,,A,,A,,A,,A,,A,,A,,A,,A,,A,,R,1.0
444194,2018,A,,A,,A,,R,7.0,R,0.0,R,0.0,R,7.0,R,4.0,R,57.0,A,,A,,A,,A,,A,,A,,R,8.0
444200,2018,A,,A,,A,,R,63.0,R,0.0,R,0.0,R,63.0,R,44.0,R,70.0,R,19.0,R,0.0,R,0.0,R,19.0,R,3.0,R,16.0,R,22.0
444219,2018,R,870.0,R,3235.0,R,27.0,R,635.0,R,0.0,R,0.0,R,635.0,R,469.0,R,74.0,R,792.0,R,0.0,R,0.0,R,792.0,R,371.0,R,47.0,R,26.0
444228,2018,A,,A,,A,,R,8.0,Z,0.0,Z,0.0,R,8.0,R,6.0,R,75.0,A,,A,,A,,A,,A,,A,,R,15.0
444255,2018,R,50.0,R,126.0,R,40.0,R,1.0,R,0.0,R,0.0,R,1.0,R,1.0,R,100.0,R,0.0,R,0.0,R,0.0,R,0.0,R,0.0,A,,R,20.0
444264,2018,A,,A,,A,,R,37.0,Z,0.0,Z,0.0,R,37.0,R,25.0,R,68.0,R,10.0,R,0.0,R,0.0,R,10.0,R,7.0,R,70.0,R,8.0
444282,2018,A,,A,,A,,R,20.0,R,0.0,Z,0.0,R,20.0,R,10.0,R,50.0,R,3.0,R,0.0,Z,0.0,R,3.0,R,1.0,R,33.0,R,16.0
444291,2018,A,,A,,A,,R,33.0,R,0.0,Z,0.0,R,33.0,R,15.0,R,45.0,R,9.0,R,0.0,Z,0.0,R,9.0,R,3.0,R,33.0,R,17.0
444307,2018,A,,A,,A,,R,33.0,R,1.0,Z,0.0,R,32.0,R,23.0,R,72.0,R,12.0,R,0.0,Z,0.0,R,12.0,R,6.0,R,50.0,R,13.0
444316,2018,A,,A,,A,,R,88.0,R,1.0,R,0.0,R,87.0,R,79.0,R,91.0,A,,A,,A,,A,,A,,A,,R,12.0
444325,2018,A,,A,,A,,R,10.0,R,3.0,R,0.0,R,7.0,R,7.0,R,100.0,R,2.0,R,0.0,R,0.0,R,2.0,R,0.0,R,0.0,R,30.0
444334,2018,A,,A,,A,,R,11.0,R,0.0,R,0.0,R,11.0,R,3.0,R,27.0,A,,A,,A,,A,,A,,A,,R,15.0
444343,2018,A,,A,,A,,R,9.0,R,0.0,R,0.0,R,9.0,R,5.0,R,56.0,A,,A,,A,,A,,A,,A,,R,5.0
444361,2018,A,,A,,A,,R,25.0,R,0.0,R,0.0,R,25.0,R,22.0,R,88.0,A,,A,,A,,A,,A,,A,,R,18.0
444370,2018,A,,A,,A,,A,,A,,A,,A,,A,,A,,A,,A,,A,,A,,A,,A,,R,28.0
444398,2018,R,9.0,R,29.0,R,31.0,R,11.0,R,0.0,R,0.0,R,11.0,R,8.0,R,73.0,R,8.0,R,0.0,R,0.0,R,8.0,R,1.0,R,13.0,R,10.0
444404,2018,A,,A,,A,,R,18.0,R,0.0,R,0.0,R,18.0,R,12.0,R,67.0,R,20.0,R,0.0,R,0.0,R,20.0,R,18.0,R,90.0,R,15.0
444413,2018,R,38.0,R,46.0,R,83.0,R,34.0,R,0.0,R,0.0,R,34.0,R,32.0,R,94.0,A,,A,,A,,A,,A,,A,,R,20.0
444440,2018,A,,A,,A,,R,31.0,R,0.0,R,0.0,R,31.0,R,23.0,R,74.0,A,,A,,A,,A,,A,,A,,R,17.0
444468,2018,A,,A,,A,,R,4.0,R,0.0,R,0.0,R,4.0,R,4.0,R,100.0,A,,A,,A,,A,,A,,A,,R,11.0
444486,2018,A,,A,,A,,R,24.0,R,0.0,R,0.0,R,24.0,R,12.0,R,50.0,R,18.0,R,0.0,R,0.0,R,18.0,R,9.0,R,50.0,R,20.0
444510,2018,A,,A,,A,,R,25.0,R,0.0,R,0.0,R,25.0,R,21.0,R,84.0,A,,A,,A,,A,,A,,A,,R,15.0
444529,2018,A,,A,,A,,A,,A,,A,,A,,A,,A,,A,,A,,A,,A,,A,,A,,R,11.0
444556,2018,A,,A,,A,,R,130.0,R,0.0,Z,0.0,R,130.0,R,87.0,R,67.0,A,,A,,A,,A,,A,,A,,R,23.0
444565,2018,R,35.0,R,59.0,R,59.0,R,37.0,Z,0.0,Z,0.0,R,37.0,R,30.0,R,81.0,R,30.0,R,0.0,R,0.0,R,30.0,R,26.0,R,87.0,R,8.0
444583,2018,A,,A,,A,,R,510.0,R,0.0,R,0.0,R,510.0,R,27.0,R,5.0,A,,A,,A,,A,,A,,A,,R,30.0
444592,2018,A,,A,,A,,R,30.0,Z,0.0,Z,0.0,R,30.0,R,28.0,R,93.0,R,2.0,Z,0.0,Z,0.0,R,2.0,R,2.0,R,100.0,R,11.0
444635,2018,A,,A,,A,,R,0.0,R,0.0,R,0.0,R,0.0,R,0.0,A,,R,26.0,Z,0.0,Z,0.0,R,26.0,R,24.0,R,92.0,R,5.0
444644,2018,A,,A,,A,,A,,A,,A,,A,,A,,A,,A,,A,,A,,A,,A,,A,,R,22.0
444662,2018,A,,A,,A,,R,18.0,R,0.0,R,0.0,R,18.0,R,14.0,R,78.0,A,,A,,A,,A,,A,,A,,R,18.0
444671,2018,A,,A,,A,,R,70.0,R,0.0,R,0.0,R,70.0,R,46.0,R,66.0,A,,A,,A,,A,,A,,A,,R,12.0
444680,2018,A,,A,,A,,R,4.0,Z,0.0,Z,0.0,R,4.0,R,3.0,R,75.0,A,,A,,A,,A,,A,,A,,R,11.0
444714,2018,A,,A,,A,,R,13.0,R,0.0,R,0.0,R,13.0,R,10.0,R,77.0,A,,A,,A,,A,,A,,A,,R,12.0
444732,2018,A,,A,,A,,R,3.0,R,0.0,R,0.0,R,3.0,R,2.0,R,67.0,A,,A,,A,,A,,A,,A,,R,18.0
444778,2018,A,,A,,A,,R,1.0,R,0.0,R,0.0,R,1.0,R,0.0,R,0.0,R,0.0,R,0.0,R,0.0,R,0.0,R,0.0,A,,R,5.0
444787,2018,A,,A,,A,,R,7.0,R,0.0,R,0.0,R,7.0,R,3.0,R,43.0,A,,A,,A,,A,,A,,A,,R,7.0
444796,2018,A,,A,,A,,R,45.0,R,0.0,R,0.0,R,45.0,R,39.0,R,87.0,A,,A,,A,,A,,A,,A,,R,12.0
444811,2018,A,,A,,A,,R,36.0,Z,0.0,Z,0.0,R,36.0,R,26.0,R,72.0,R,22.0,Z,0.0,Z,0.0,R,22.0,R,0.0,R,0.0,R,13.0
444857,2018,A,,A,,A,,R,25.0,R,0.0,R,0.0,R,25.0,R,16.0,R,64.0,A,,A,,A,,A,,A,,A,,R,14.0
444866,2018,A,,A,,A,,R,31.0,R,0.0,R,0.0,R,31.0,R,24.0,R,77.0,R,28.0,R,0.0,R,0.0,R,28.0,R,22.0,R,79.0,R,10.0
444893,2018,A,,A,,A,,R,145.0,R,0.0,R,0.0,R,145.0,R,73.0,R,50.0,A,,A,,A,,A,,A,,A,,R,24.0
444936,2018,A,,A,,A,,R,55.0,Z,0.0,Z,0.0,R,55.0,R,48.0,R,87.0,A,,A,,A,,A,,A,,A,,R,10.0
444945,2018,A,,A,,A,,R,119.0,R,0.0,R,0.0,R,119.0,R,82.0,R,69.0,A,,A,,A,,A,,A,,A,,R,16.0
444954,2018,R,300.0,R,1075.0,R,28.0,R,341.0,R,0.0,R,0.0,R,341.0,R,147.0,R,43.0,R,84.0,R,0.0,R,0.0,R,84.0,R,30.0,R,36.0,R,14.0
444972,2018,A,,A,,A,,R,14.0,Z,0.0,Z,0.0,R,14.0,R,8.0,R,57.0,R,2.0,Z,0.0,Z,0.0,R,2.0,R,2.0,R,100.0,A,
444990,2018,A,,A,,A,,A,,A,,A,,A,,A,,A,,A,,A,,A,,A,,A,,A,,R,17.0
445027,2018,R,727.0,R,2635.0,R,28.0,R,219.0,R,0.0,R,0.0,R,219.0,R,90.0,R,41.0,R,242.0,R,0.0,R,0.0,R,242.0,R,18.0,R,7.0,R,38.0
445133,2018,R,24.0,R,79.0,R,30.0,R,8.0,R,0.0,R,0.0,R,8.0,R,5.0,R,63.0,R,2.0,R,0.0,R,0.0,R,2.0,R,1.0,R,50.0,R,21.0
445188,2018,R,2206.0,R,2408.0,R,92.0,R,2284.0,R,0.0,R,0.0,R,2284.0,R,1861.0,R,81.0,R,8.0,R,0.0,R,0.0,R,8.0,R,3.0,R,38.0,R,20.0
445203,2018,A,,A,,A,,R,1.0,R,0.0,R,0.0,R,1.0,R,1.0,R,100.0,A,,A,,A,,A,,A,,A,,R,20.0
445212,2018,A,,A,,A,,R,26.0,R,0.0,R,0.0,R,26.0,R,15.0,R,58.0,R,13.0,R,0.0,R,0.0,R,13.0,R,9.0,R,69.0,R,15.0
445230,2018,A,,A,,A,,R,155.0,R,0.0,R,0.0,R,155.0,R,98.0,R,63.0,A,,A,,A,,A,,A,,A,,R,25.0
445249,2018,A,,A,,A,,R,70.0,Z,0.0,Z,0.0,R,70.0,R,47.0,R,67.0,A,,A,,A,,A,,A,,A,,R,13.0
445258,2018,A,,A,,A,,R,71.0,Z,0.0,Z,0.0,R,71.0,R,37.0,R,52.0,A,,A,,A,,A,,A,,A,,R,18.0
445267,2018,R,2.0,R,1766.0,R,0.0,R,3.0,R,0.0,R,0.0,R,3.0,R,1.0,R,33.0,R,0.0,R,0.0,R,0.0,R,0.0,R,0.0,A,,R,17.0
445300,2018,A,,A,,A,,A,,A,,A,,A,,A,,A,,A,,A,,A,,A,,A,,A,,R,6.0
445364,2018,A,,A,,A,,R,85.0,R,0.0,R,0.0,R,85.0,R,74.0,R,87.0,A,,A,,A,,A,,A,,A,,R,22.0
445461,2018,A,,A,,A,,R,47.0,R,0.0,R,0.0,R,47.0,R,40.0,R,85.0,R,4.0,R,0.0,R,0.0,R,4.0,R,0.0,R,0.0,R,24.0
445498,2018,A,,A,,A,,R,7.0,R,0.0,R,0.0,R,7.0,R,6.0,R,86.0,A,,A,,A,,A,,A,,A,,R,12.0
445540,2018,A,,A,,A,,R,16.0,R,0.0,Z,0.0,R,16.0,R,8.0,R,50.0,A,,A,,A,,A,,A,,A,,R,14.0
445638,2018,A,,A,,A,,A,,A,,A,,A,,A,,A,,A,,A,,A,,A,,A,,A,,R,10.0
445647,2018,A,,A,,A,,A,,A,,A,,A,,A,,A,,A,,A,,A,,A,,A,,A,,R,14.0
445656,2018,A,,A,,A,,A,,A,,A,,A,,A,,A,,A,,A,,A,,A,,A,,A,,R,16.0
445692,2018,R,137.0,R,137.0,R,100.0,R,162.0,R,0.0,R,0.0,R,162.0,R,123.0,R,76.0,R,0.0,R,0.0,R,0.0,R,0.0,R,0.0,A,,R,19.0
445708,2018,R,486.0,R,576.0,R,84.0,R,443.0,R,0.0,R,0.0,R,443.0,R,298.0,R,67.0,R,2.0,R,0.0,R,0.0,R,2.0,R,0.0,R,0.0,R,19.0
445735,2018,A,,A,,A,,A,,A,,A,,A,,A,,A,,A,,A,,A,,A,,A,,A,,R,10.0
445744,2018,A,,A,,A,,R,24.0,Z,0.0,Z,0.0,R,24.0,R,18.0,R,75.0,A,,A,,A,,A,,A,,A,,R,21.0
445762,2018,A,,A,,A,,R,49.0,Z,0.0,Z,0.0,R,49.0,R,21.0,R,43.0,A,,A,,A,,A,,A,,A,,R,13.0
445780,2018,A,,A,,A,,R,3.0,R,0.0,Z,0.0,R,3.0,R,2.0,R,67.0,R,0.0,R,0.0,Z,0.0,R,0.0,R,0.0,A,,R,4.0
445799,2018,A,,A,,A,,R,438.0,R,0.0,R,0.0,R,438.0,R,303.0,R,69.0,A,,A,,A,,A,,A,,A,,R,37.0
445841,2018,A,,A,,A,,R,17.0,R,0.0,R,0.0,R,17.0,R,15.0,R,88.0,R,7.0,R,0.0,R,0.0,R,7.0,R,6.0,R,86.0,R,20.0
445850,2018,A,,A,,A,,R,5.0,R,0.0,R,0.0,R,5.0,R,1.0,R,20.0,R,1.0,R,0.0,R,0.0,R,1.0,R,1.0,R,100.0,R,20.0
445911,2018,A,,A,,A,,R,111.0,R,0.0,R,0.0,R,111.0,R,93.0,R,84.0,R,28.0,R,0.0,R,0.0,R,28.0,R,18.0,R,64.0,R,13.0
445948,2018,A,,A,,A,,R,247.0,Z,0.0,Z,0.0,R,247.0,R,183.0,R,74.0,A,,A,,A,,A,,A,,A,,R,30.0
445957,2018,A,,A,,A,,A,,A,,A,,A,,A,,A,,A,,A,,A,,A,,A,,A,,R,10.0
446048,2018,R,331.0,R,432.0,R,77.0,R,266.0,R,0.0,R,0.0,R,266.0,R,191.0,R,72.0,A,,A,,A,,A,,A,,A,,R,14.0
446084,2018,A,,A,,A,,R,0.0,Z,0.0,Z,0.0,R,0.0,Z,0.0,A,,R,30.0,Z,0.0,Z,0.0,R,30.0,R,25.0,R,83.0,R,7.0
446093,2018,A,,A,,A,,R,8.0,R,0.0,R,0.0,R,8.0,R,6.0,R,75.0,R,5.0,R,0.0,R,0.0,R,5.0,R,4.0,R,80.0,R,39.0
446109,2018,R,154.0,R,154.0,R,100.0,R,32.0,R,0.0,R,0.0,R,32.0,R,23.0,R,72.0,A,,A,,A,,A,,A,,A,,R,20.0
446118,2018,A,,A,,A,,R,126.0,R,0.0,R,0.0,R,126.0,R,77.0,R,61.0,A,,A,,A,,A,,A,,A,,R,12.0
446127,2018,R,17.0,R,49.0,R,35.0,R,31.0,R,0.0,R,0.0,R,31.0,R,22.0,R,71.0,A,,A,,A,,A,,A,,A,,R,15.0
446136,2018,A,,A,,A,,R,91.0,Z,0.0,Z,0.0,R,91.0,R,56.0,R,62.0,A,,A,,A,,A,,A,,A,,R,14.0
446163,2018,R,18.0,R,55.0,R,33.0,R,12.0,R,0.0,R,0.0,R,12.0,R,9.0,R,75.0,R,21.0,R,0.0,R,0.0,R,21.0,R,18.0,R,86.0,R,6.0
446206,2018,A,,A,,A,,R,7.0,Z,0.0,Z,0.0,R,7.0,R,6.0,R,86.0,R,2.0,Z,0.0,Z,0.0,R,2.0,R,2.0,R,100.0,R,7.0
446224,2018,A,,A,,A,,A,,A,,A,,A,,A,,A,,A,,A,,A,,A,,A,,A,,R,6.0
446233,2018,R,44.0,R,91.0,R,48.0,R,54.0,R,0.0,R,0.0,R,54.0,R,25.0,R,46.0,R,5.0,R,0.0,R,0.0,R,5.0,R,4.0,R,80.0,R,10.0
446242,2018,A,,A,,A,,R,23.0,R,0.0,R,0.0,R,23.0,R,13.0,R,57.0,A,,A,,A,,A,,A,,A,,R,15.0
446251,2018,A,,A,,A,,A,,A,,A,,A,,A,,A,,A,,A,,A,,A,,A,,A,,R,14.0
446260,2018,A,,A,,A,,R,28.0,R,0.0,R,0.0,R,28.0,R,19.0,R,68.0,A,,A,,A,,A,,A,,A,,R,20.0
446288,2018,A,,A,,A,,R,14.0,R,0.0,R,0.0,R,14.0,R,12.0,R,86.0,R,4.0,R,0.0,R,0.0,R,4.0,R,4.0,R,100.0,R,15.0
446303,2018,A,,A,,A,,R,6.0,Z,0.0,Z,0.0,R,6.0,R,6.0,R,100.0,R,1.0,Z,0.0,Z,0.0,R,1.0,R,1.0,R,100.0,R,9.0
446349,2018,A,,A,,A,,R,1.0,Z,0.0,Z,0.0,R,1.0,R,1.0,R,100.0,A,,A,,A,,A,,A,,A,,R,10.0
446385,2018,R,68.0,R,105.0,R,65.0,R,40.0,R,0.0,R,0.0,R,40.0,R,31.0,R,78.0,A,,A,,A,,A,,A,,A,,R,5.0
446394,2018,A,,A,,A,,R,0.0,Z,0.0,Z,0.0,R,0.0,R,0.0,A,,R,1.0,R,0.0,R,0.0,R,1.0,R,0.0,R,0.0,R,4.0
446455,2018,A,,A,,A,,R,22.0,R,0.0,R,0.0,R,22.0,R,21.0,R,95.0,A,,A,,A,,A,,A,,A,,R,5.0
446516,2018,A,,A,,A,,R,16.0,R,0.0,R,0.0,R,16.0,R,8.0,R,50.0,A,,A,,A,,A,,A,,A,,R,8.0
446525,2018,R,48.0,R,53.0,R,91.0,R,74.0,R,0.0,R,0.0,R,74.0,R,34.0,R,46.0,A,,A,,A,,A,,A,,A,,R,15.0
446534,2018,A,,A,,A,,R,13.0,R,0.0,R,0.0,R,13.0,R,10.0,R,77.0,A,,A,,A,,A,,A,,A,,R,8.0
446552,2018,A,,A,,A,,R,495.0,R,3.0,R,0.0,R,492.0,R,298.0,R,61.0,A,,A,,A,,A,,A,,A,,R,29.0
446561,2018,A,,A,,A,,R,6.0,R,0.0,R,0.0,R,6.0,R,4.0,R,67.0,A,,A,,A,,A,,A,,A,,R,15.0
446589,2018,A,,A,,A,,R,22.0,R,0.0,R,0.0,R,22.0,R,21.0,R,95.0,R,4.0,Z,0.0,Z,0.0,R,4.0,R,4.0,R,100.0,R,25.0
446598,2018,A,,A,,A,,R,5.0,Z,0.0,Z,0.0,R,5.0,R,4.0,R,80.0,R,0.0,Z,0.0,Z,0.0,R,0.0,R,0.0,A,,R,12.0
446604,2018,R,359.0,R,592.0,R,61.0,R,315.0,R,0.0,R,0.0,R,315.0,R,310.0,R,98.0,A,,A,,A,,A,,A,,A,,R,13.0
446640,2018,R,186.0,R,215.0,R,87.0,R,199.0,R,0.0,R,0.0,R,199.0,R,144.0,R,72.0,R,2.0,R,0.0,R,0.0,R,2.0,R,0.0,R,0.0,R,28.0
446677,2018,A,,A,,A,,R,3.0,R,0.0,R,0.0,R,3.0,R,1.0,R,33.0,A,,A,,A,,A,,A,,A,,R,7.0
446774,2018,R,269.0,R,1885.0,R,14.0,R,237.0,R,0.0,R,0.0,R,237.0,R,152.0,R,64.0,R,113.0,R,0.0,R,0.0,R,113.0,R,44.0,R,39.0,R,25.0
446996,2018,A,,A,,A,,R,22.0,Z,0.0,Z,0.0,R,22.0,R,11.0,R,50.0,R,9.0,Z,0.0,Z,0.0,R,9.0,R,5.0,R,56.0,R,15.0
447014,2018,A,,A,,A,,R,0.0,R,0.0,R,0.0,R,0.0,R,0.0,A,,A,,A,,A,,A,,A,,A,,R,12.0
447023,2018,A,,A,,A,,R,393.0,R,0.0,R,0.0,R,393.0,R,381.0,R,97.0,R,27.0,R,0.0,R,0.0,R,27.0,R,26.0,R,96.0,R,16.0
447050,2018,A,,A,,A,,R,0.0,R,0.0,R,0.0,R,0.0,R,0.0,A,,R,0.0,R,0.0,R,0.0,R,0.0,R,0.0,A,,R,13.0
447148,2018,A,,A,,A,,R,63.0,R,0.0,Z,0.0,R,63.0,R,41.0,R,65.0,R,21.0,R,0.0,Z,0.0,R,21.0,R,12.0,R,57.0,R,21.0
447166,2018,A,,A,,A,,R,26.0,R,0.0,Z,0.0,R,26.0,R,19.0,R,73.0,R,8.0,R,0.0,Z,0.0,R,8.0,R,3.0,R,38.0,R,12.0
447175,2018,A,,A,,A,,R,15.0,R,0.0,Z,0.0,R,15.0,R,9.0,R,60.0,R,1.0,R,0.0,Z,0.0,R,1.0,R,0.0,R,0.0,R,12.0
447263,2018,R,26.0,R,383.0,R,7.0,R,0.0,R,0.0,R,0.0,R,0.0,R,0.0,A,,R,0.0,R,0.0,R,0.0,R,0.0,R,0.0,A,,R,15.0
447379,2018,A,,A,,A,,R,65.0,Z,0.0,Z,0.0,R,65.0,R,44.0,R,68.0,A,,A,,A,,A,,A,,A,,R,20.0
447403,2018,A,,A,,A,,R,162.0,R,2.0,R,0.0,R,160.0,R,113.0,R,71.0,A,,A,,A,,A,,A,,A,,R,24.0
447421,2018,R,10.0,R,51.0,R,20.0,R,23.0,R,0.0,R,0.0,R,23.0,R,20.0,R,87.0,R,8.0,R,0.0,R,0.0,R,8.0,R,2.0,R,25.0,R,14.0
447430,2018,A,,A,,A,,R,15.0,R,0.0,R,0.0,R,15.0,R,11.0,R,73.0,R,6.0,R,0.0,R,0.0,R,6.0,R,5.0,R,83.0,R,13.0
447449,2018,A,,A,,A,,R,17.0,R,0.0,R,0.0,R,17.0,R,5.0,R,29.0,R,17.0,R,0.0,R,0.0,R,17.0,R,2.0,R,12.0,R,12.0
447458,2018,A,,A,,A,,R,8.0,R,0.0,R,0.0,R,8.0,R,6.0,R,75.0,A,,A,,A,,A,,A,,A,,R,15.0
447467,2018,A,,A,,A,,R,52.0,R,0.0,R,0.0,R,52.0,R,27.0,R,52.0,A,,A,,A,,A,,A,,A,,R,12.0
447582,2018,R,212.0,R,692.0,R,31.0,R,231.0,R,0.0,R,0.0,R,231.0,R,84.0,R,36.0,R,38.0,R,0.0,R,0.0,R,38.0,R,11.0,R,29.0,R,15.0
447591,2018,A,,A,,A,,R,437.0,R,0.0,R,0.0,R,437.0,R,391.0,R,89.0,A,,A,,A,,A,,A,,A,,R,14.0
447607,2018,A,,A,,A,,R,103.0,R,0.0,R,0.0,R,103.0,R,69.0,R,67.0,A,,A,,A,,A,,A,,A,,R,25.0
447616,2018,A,,A,,A,,R,92.0,R,0.0,R,0.0,R,92.0,R,70.0,R,76.0,A,,A,,A,,A,,A,,A,,R,25.0
447689,2018,R,2073.0,R,3865.0,R,54.0,R,2126.0,R,0.0,R,0.0,R,2126.0,R,1391.0,R,65.0,R,318.0,R,0.0,R,0.0,R,318.0,R,160.0,R,50.0,R,18.0
447704,2018,A,,A,,A,,R,15.0,R,0.0,R,0.0,R,15.0,R,13.0,R,87.0,A,,A,,A,,A,,A,,A,,R,13.0
447713,2018,A,,A,,A,,R,5.0,R,0.0,R,0.0,R,5.0,R,5.0,R,100.0,R,14.0,R,0.0,R,0.0,R,14.0,R,14.0,R,100.0,R,7.0
447722,2018,A,,A,,A,,R,8.0,Z,0.0,Z,0.0,R,8.0,R,7.0,R,88.0,A,,A,,A,,A,,A,,A,,R,12.0
447731,2018,A,,A,,A,,R,38.0,Z,0.0,Z,0.0,R,38.0,R,34.0,R,89.0,R,5.0,Z,0.0,Z,0.0,R,5.0,R,5.0,R,100.0,R,21.0
447759,2018,A,,A,,A,,R,8.0,R,0.0,R,0.0,R,8.0,R,8.0,R,100.0,R,5.0,R,0.0,R,0.0,R,5.0,R,5.0,R,100.0,R,25.0
447768,2018,A,,A,,A,,R,100.0,R,0.0,R,0.0,R,100.0,R,75.0,R,75.0,A,,A,,A,,A,,A,,A,,R,37.0
447777,2018,A,,A,,A,,R,10.0,R,0.0,R,0.0,R,10.0,R,5.0,R,50.0,R,216.0,R,0.0,R,0.0,R,216.0,R,26.0,R,12.0,R,25.0
447795,2018,A,,A,,A,,R,13.0,R,0.0,R,0.0,R,13.0,R,12.0,R,92.0,A,,A,,A,,A,,A,,A,,R,8.0
447810,2018,A,,A,,A,,R,126.0,R,0.0,R,0.0,R,126.0,R,113.0,R,90.0,A,,A,,A,,A,,A,,A,,R,20.0
447847,2018,R,51.0,R,105.0,R,49.0,R,57.0,R,0.0,R,0.0,R,57.0,R,49.0,R,86.0,A,,A,,A,,A,,A,,A,,R,5.0
447865,2018,A,,A,,A,,R,1.0,R,0.0,R,0.0,R,1.0,R,1.0,R,100.0,R,7.0,R,2.0,Z,0.0,R,5.0,R,5.0,R,100.0,R,8.0
447874,2018,A,,A,,A,,A,,A,,A,,A,,A,,A,,A,,A,,A,,A,,A,,A,,R,12.0
447883,2018,A,,A,,A,,R,25.0,R,0.0,R,0.0,R,25.0,R,18.0,R,72.0,R,25.0,R,0.0,R,0.0,R,25.0,R,13.0,R,52.0,R,10.0
447892,2018,A,,A,,A,,R,21.0,Z,0.0,Z,0.0,R,21.0,R,16.0,R,76.0,R,10.0,Z,0.0,Z,0.0,R,10.0,R,5.0,R,50.0,R,20.0
447908,2018,A,,A,,A,,R,10.0,Z,0.0,Z,0.0,R,10.0,R,9.0,R,90.0,R,0.0,Z,0.0,Z,0.0,R,0.0,Z,0.0,A,,R,20.0
447917,2018,A,,A,,A,,A,,A,,A,,A,,A,,A,,A,,A,,A,,A,,A,,A,,R,12.0
447935,2018,R,39.0,R,71.0,R,55.0,R,33.0,R,0.0,R,0.0,R,33.0,R,19.0,R,58.0,A,,A,,A,,A,,A,,A,,R,15.0
447953,2018,R,79.0,R,112.0,R,71.0,R,79.0,R,0.0,R,0.0,R,79.0,R,45.0,R,57.0,R,17.0,R,0.0,R,0.0,R,17.0,R,10.0,R,59.0,R,10.0
447962,2018,A,,A,,A,,R,97.0,R,2.0,R,0.0,R,95.0,R,55.0,R,58.0,A,,A,,A,,A,,A,,A,,R,19.0
447971,2018,A,,A,,A,,R,69.0,R,0.0,R,0.0,R,69.0,R,59.0,R,86.0,A,,A,,A,,A,,A,,A,,R,20.0
447980,2018,A,,A,,A,,R,41.0,R,0.0,R,0.0,R,41.0,R,28.0,R,68.0,R,8.0,R,0.0,R,0.0,R,8.0,R,7.0,R,88.0,R,14.0
447999,2018,A,,A,,A,,R,47.0,R,0.0,R,0.0,R,47.0,R,42.0,R,89.0,A,,A,,A,,A,,A,,A,,R,9.0
448017,2018,A,,A,,A,,A,,A,,A,,A,,A,,A,,A,,A,,A,,A,,A,,A,,R,10.0
448026,2018,A,,A,,A,,R,25.0,R,0.0,R,0.0,R,25.0,R,21.0,R,84.0,R,2.0,R,0.0,R,0.0,R,2.0,R,2.0,R,100.0,R,10.0
448044,2018,A,,A,,A,,A,,A,,A,,A,,A,,A,,A,,A,,A,,A,,A,,A,,R,1.0
448071,2018,A,,A,,A,,R,19.0,R,0.0,R,0.0,R,19.0,R,17.0,R,89.0,R,2.0,R,0.0,R,0.0,R,2.0,R,2.0,R,100.0,R,16.0
448123,2018,A,,A,,A,,R,182.0,R,0.0,R,0.0,R,182.0,R,126.0,R,69.0,A,,A,,A,,A,,A,,A,,R,10.0
448150,2018,A,,A,,A,,R,12.0,R,0.0,R,0.0,R,12.0,R,7.0,R,58.0,A,,A,,A,,A,,A,,A,,R,20.0
448196,2018,A,,A,,A,,R,15.0,R,0.0,R,0.0,R,15.0,R,13.0,R,87.0,R,0.0,Z,0.0,Z,0.0,R,0.0,Z,0.0,A,,R,19.0
448220,2018,A,,A,,A,,R,17.0,R,0.0,R,0.0,R,17.0,R,16.0,R,94.0,A,,A,,A,,A,,A,,A,,R,15.0
448239,2018,A,,A,,A,,A,,A,,A,,A,,A,,A,,A,,A,,A,,A,,A,,A,,R,17.0
448248,2018,A,,A,,A,,R,137.0,R,1.0,R,0.0,R,136.0,R,127.0,R,93.0,R,592.0,R,1.0,R,0.0,R,591.0,R,473.0,R,80.0,R,14.0
448257,2018,A,,A,,A,,R,5.0,Z,0.0,Z,0.0,R,5.0,R,1.0,R,20.0,A,,A,,A,,A,,A,,A,,R,7.0
448275,2018,A,,A,,A,,A,,A,,A,,A,,A,,A,,A,,A,,A,,A,,A,,A,,R,20.0
448284,2018,A,,A,,A,,R,1.0,R,0.0,R,0.0,R,1.0,R,1.0,R,100.0,R,0.0,R,0.0,R,0.0,R,0.0,R,0.0,A,,R,14.0
448309,2018,A,,A,,A,,R,0.0,R,0.0,R,0.0,R,0.0,R,0.0,A,,R,0.0,R,0.0,R,0.0,R,0.0,R,0.0,A,,R,14.0
448354,2018,R,34.0,R,70.0,R,49.0,R,12.0,Z,0.0,Z,0.0,R,12.0,R,8.0,R,67.0,R,3.0,Z,0.0,Z,0.0,R,3.0,R,2.0,R,67.0,R,10.0
448424,2018,A,,A,,A,,R,13.0,R,0.0,R,0.0,R,13.0,R,12.0,R,92.0,R,2.0,R,0.0,R,0.0,R,2.0,R,2.0,R,100.0,R,13.0
448433,2018,A,,A,,A,,R,331.0,R,3.0,R,0.0,R,328.0,R,237.0,R,72.0,A,,A,,A,,A,,A,,A,,R,37.0
448567,2018,A,,A,,A,,A,,A,,A,,A,,A,,A,,A,,A,,A,,A,,A,,A,,R,6.0
448594,2018,R,459.0,R,1532.0,R,30.0,R,454.0,R,0.0,R,0.0,R,454.0,R,330.0,R,73.0,R,275.0,R,0.0,R,0.0,R,275.0,R,103.0,R,37.0,R,28.0
448600,2018,R,36.0,R,92.0,R,39.0,R,5.0,R,0.0,R,0.0,R,5.0,R,3.0,R,60.0,A,,A,,A,,A,,A,,A,,R,21.0
448619,2018,A,,A,,A,,R,82.0,R,0.0,R,0.0,R,82.0,R,61.0,R,74.0,R,48.0,R,0.0,R,0.0,R,48.0,R,32.0,R,67.0,R,13.0
448646,2018,A,,A,,A,,R,57.0,R,0.0,R,0.0,R,57.0,R,30.0,R,53.0,A,,A,,A,,A,,A,,A,,R,18.0
448673,2018,R,79.0,R,421.0,R,19.0,R,0.0,Z,0.0,Z,0.0,R,0.0,Z,0.0,A,,R,0.0,Z,0.0,Z,0.0,R,0.0,Z,0.0,A,,R,17.0
448707,2018,A,,A,,A,,R,108.0,R,0.0,R,0.0,R,108.0,R,68.0,R,63.0,A,,A,,A,,A,,A,,A,,R,21.0
448716,2018,A,,A,,A,,R,109.0,Z,0.0,Z,0.0,R,109.0,R,81.0,R,74.0,A,,A,,A,,A,,A,,A,,R,8.0
448752,2018,A,,A,,A,,R,4.0,R,0.0,R,0.0,R,4.0,R,1.0,R,25.0,A,,A,,A,,A,,A,,A,,R,13.0
448761,2018,A,,A,,A,,R,8.0,R,0.0,R,0.0,R,8.0,R,3.0,R,38.0,A,,A,,A,,A,,A,,A,,R,13.0
448770,2018,A,,A,,A,,R,47.0,R,0.0,R,0.0,R,47.0,R,26.0,R,55.0,R,2.0,R,0.0,R,0.0,R,2.0,R,2.0,R,100.0,R,22.0
448798,2018,A,,A,,A,,R,31.0,R,0.0,Z,0.0,R,31.0,R,16.0,R,52.0,A,,A,,A,,A,,A,,A,,R,20.0
448840,2018,R,536.0,R,1169.0,R,46.0,R,630.0,R,0.0,R,0.0,R,630.0,R,468.0,R,74.0,R,13.0,R,0.0,R,0.0,R,13.0,R,3.0,R,23.0,R,18.0
448859,2018,R,47.0,R,75.0,R,63.0,R,39.0,R,0.0,R,0.0,R,39.0,R,29.0,R,74.0,A,,A,,A,,A,,A,,A,,R,10.0
448886,2018,R,1407.0,R,2266.0,R,62.0,R,1290.0,R,12.0,R,0.0,R,1278.0,R,1094.0,R,86.0,R,11.0,R,2.0,R,0.0,R,9.0,R,5.0,R,56.0,R,14.0
448895,2018,A,,A,,A,,R,97.0,R,0.0,R,0.0,R,97.0,R,56.0,R,58.0,A,,A,,A,,A,,A,,A,,R,23.0
448974,2018,A,,A,,A,,A,,A,,A,,A,,A,,A,,A,,A,,A,,A,,A,,A,,R,14.0
448983,2018,A,,A,,A,,R,52.0,R,0.0,R,0.0,R,52.0,R,34.0,R,65.0,R,16.0,R,0.0,R,0.0,R,16.0,R,9.0,R,56.0,R,12.0
449038,2018,R,1.0,R,539.0,R,0.0,R,3.0,R,0.0,R,0.0,R,3.0,R,2.0,R,67.0,R,95.0,R,0.0,R,0.0,R,95.0,R,42.0,R,44.0,R,21.0
449074,2018,A,,A,,A,,R,106.0,R,1.0,R,0.0,R,105.0,R,80.0,R,76.0,A,,A,,A,,A,,A,,A,,R,25.0
449083,2018,A,,A,,A,,R,28.0,R,0.0,R,0.0,R,28.0,R,22.0,R,79.0,A,,A,,A,,A,,A,,A,,R,15.0
449092,2018,A,,A,,A,,R,30.0,R,0.0,R,0.0,R,30.0,R,23.0,R,77.0,A,,A,,A,,A,,A,,A,,R,15.0
449117,2018,A,,A,,A,,R,58.0,Z,0.0,Z,0.0,R,58.0,R,23.0,R,40.0,R,8.0,Z,0.0,Z,0.0,R,8.0,R,5.0,R,63.0,R,11.0
449135,2018,R,15.0,R,15.0,R,100.0,R,45.0,R,0.0,R,0.0,R,45.0,R,28.0,R,62.0,A,,A,,A,,A,,A,,A,,R,15.0
449250,2018,A,,A,,A,,R,328.0,R,0.0,R,0.0,R,328.0,R,284.0,R,87.0,A,,A,,A,,A,,A,,A,,R,13.0
449311,2018,A,,A,,A,,R,46.0,R,0.0,R,0.0,R,46.0,R,32.0,R,70.0,R,41.0,R,0.0,R,0.0,R,41.0,R,25.0,R,61.0,R,14.0
449320,2018,A,,A,,A,,R,104.0,R,0.0,R,0.0,R,104.0,R,89.0,R,86.0,R,63.0,R,0.0,R,0.0,R,63.0,R,55.0,R,87.0,R,20.0
449339,2018,A,,A,,A,,R,48.0,R,0.0,R,0.0,R,48.0,R,47.0,R,98.0,R,600.0,R,0.0,R,0.0,R,600.0,R,558.0,R,93.0,R,21.0
449348,2018,R,2.0,R,20.0,R,10.0,R,1.0,R,0.0,R,0.0,R,1.0,R,0.0,R,0.0,R,1.0,R,0.0,R,0.0,R,1.0,R,0.0,R,0.0,R,13.0
449357,2018,A,,A,,A,,R,10.0,R,0.0,R,0.0,R,10.0,R,7.0,R,70.0,A,,A,,A,,A,,A,,A,,R,15.0
449366,2018,A,,A,,A,,A,,A,,A,,A,,A,,A,,A,,A,,A,,A,,A,,A,,R,15.0
449384,2018,R,7.0,R,92.0,R,8.0,R,4.0,R,0.0,R,0.0,R,4.0,R,4.0,R,100.0,A,,A,,A,,A,,A,,A,,R,10.0
449393,2018,A,,A,,A,,R,17.0,R,0.0,R,0.0,R,17.0,R,12.0,R,71.0,A,,A,,A,,A,,A,,A,,R,15.0
449445,2018,A,,A,,A,,R,26.0,R,1.0,Z,0.0,R,25.0,R,17.0,R,68.0,A,,A,,A,,A,,A,,A,,R,15.0
449454,2018,A,,A,,A,,A,,A,,A,,A,,A,,A,,R,4.0,R,0.0,R,0.0,R,4.0,R,4.0,R,100.0,R,10.0
449463,2018,A,,A,,A,,R,46.0,R,0.0,R,0.0,R,46.0,R,28.0,R,61.0,R,23.0,R,0.0,R,0.0,R,23.0,R,21.0,R,91.0,R,7.0
449472,2018,A,,A,,A,,R,18.0,R,0.0,R,0.0,R,18.0,R,16.0,R,89.0,A,,A,,A,,A,,A,,A,,R,10.0
449490,2018,A,,A,,A,,R,48.0,R,0.0,R,0.0,R,48.0,R,37.0,R,77.0,A,,A,,A,,A,,A,,A,,R,9.0
449506,2018,A,,A,,A,,R,87.0,R,0.0,R,0.0,R,87.0,R,82.0,R,94.0,A,,A,,A,,A,,A,,A,,R,24.0
449524,2018,R,6.0,R,77.0,R,8.0,R,10.0,R,0.0,R,0.0,R,10.0,R,5.0,R,50.0,A,,A,,A,,A,,A,,A,,R,15.0
449533,2018,A,,A,,A,,A,,A,,A,,A,,A,,A,,A,,A,,A,,A,,A,,A,,R,10.0
449597,2018,A,,A,,A,,R,1.0,Z,0.0,Z,0.0,R,1.0,R,0.0,R,0.0,R,0.0,Z,0.0,Z,0.0,R,0.0,R,0.0,A,,R,9.0
449603,2018,A,,A,,A,,R,70.0,R,0.0,R,0.0,R,70.0,R,48.0,R,69.0,A,,A,,A,,A,,A,,A,,R,13.0
449612,2018,A,,A,,A,,R,13.0,R,0.0,Z,0.0,R,13.0,R,10.0,R,77.0,A,,A,,A,,A,,A,,A,,R,16.0
449658,2018,R,24.0,R,33.0,R,73.0,R,28.0,R,0.0,R,0.0,R,28.0,R,22.0,R,79.0,A,,A,,A,,A,,A,,A,,R,16.0
449667,2018,A,,A,,A,,R,16.0,R,0.0,R,0.0,R,16.0,R,11.0,R,69.0,A,,A,,A,,A,,A,,A,,R,4.0
449676,2018,A,,A,,A,,R,130.0,R,0.0,R,0.0,R,130.0,R,107.0,R,82.0,A,,A,,A,,A,,A,,A,,R,11.0
449685,2018,A,,A,,A,,R,135.0,R,0.0,R,0.0,R,135.0,R,104.0,R,77.0,A,,A,,A,,A,,A,,A,,R,20.0
449700,2018,A,,A,,A,,R,88.0,R,0.0,R,0.0,R,88.0,R,71.0,R,81.0,A,,A,,A,,A,,A,,A,,R,30.0
449719,2018,A,,A,,A,,R,18.0,R,0.0,R,0.0,R,18.0,R,14.0,R,78.0,A,,A,,A,,A,,A,,A,,R,14.0
449728,2018,A,,A,,A,,R,22.0,R,0.0,R,0.0,R,22.0,R,8.0,R,36.0,A,,A,,A,,A,,A,,A,,R,30.0
449764,2018,R,36.0,R,84.0,R,43.0,R,20.0,R,0.0,R,0.0,R,20.0,R,17.0,R,85.0,R,0.0,R,0.0,R,0.0,R,0.0,R,0.0,A,,R,6.0
449773,2018,A,,A,,A,,A,,A,,A,,A,,A,,A,,A,,A,,A,,A,,A,,A,,R,12.0
449782,2018,A,,A,,A,,R,18.0,R,0.0,R,0.0,R,18.0,R,15.0,R,83.0,R,29.0,R,0.0,R,0.0,R,29.0,R,20.0,R,69.0,R,16.0
449807,2018,A,,A,,A,,R,20.0,R,0.0,R,0.0,R,20.0,R,13.0,R,65.0,A,,A,,A,,A,,A,,A,,R,11.0
449816,2018,A,,A,,A,,R,19.0,R,0.0,R,0.0,R,19.0,R,15.0,R,79.0,R,35.0,R,0.0,R,0.0,R,35.0,R,18.0,R,51.0,R,9.0
449861,2018,A,,A,,A,,R,67.0,R,0.0,R,0.0,R,67.0,R,51.0,R,76.0,A,,A,,A,,A,,A,,A,,R,13.0
449870,2018,R,16.0,R,48.0,R,33.0,R,44.0,R,0.0,R,0.0,R,44.0,R,8.0,R,18.0,R,0.0,Z,0.0,Z,0.0,R,0.0,Z,0.0,A,,R,10.0
449889,2018,A,,A,,A,,A,,A,,A,,A,,A,,A,,A,,A,,A,,A,,A,,A,,R,9.0
449898,2018,R,19.0,R,170.0,R,11.0,R,7.0,Z,0.0,Z,0.0,R,7.0,R,1.0,R,14.0,R,0.0,Z,0.0,Z,0.0,R,0.0,Z,0.0,A,,R,12.0
449904,2018,A,,A,,A,,R,24.0,Z,0.0,Z,0.0,R,24.0,R,12.0,R,50.0,A,,A,,A,,A,,A,,A,,R,14.0
449931,2018,A,,A,,A,,R,1.0,R,0.0,R,0.0,R,1.0,R,1.0,R,100.0,R,7.0,R,0.0,R,0.0,R,7.0,R,3.0,R,43.0,R,5.0
449959,2018,A,,A,,A,,R,14.0,R,0.0,R,0.0,R,14.0,R,13.0,R,93.0,R,9.0,R,0.0,R,0.0,R,9.0,R,6.0,R,67.0,R,15.0
449968,2018,A,,A,,A,,R,15.0,R,0.0,R,0.0,R,15.0,R,12.0,R,80.0,R,5.0,R,0.0,R,0.0,R,5.0,R,3.0,R,60.0,R,15.0
449977,2018,A,,A,,A,,R,26.0,R,0.0,R,0.0,R,26.0,R,23.0,R,88.0,R,3.0,R,0.0,R,0.0,R,3.0,R,3.0,R,100.0,R,15.0
449986,2018,A,,A,,A,,R,17.0,R,0.0,R,0.0,R,17.0,R,15.0,R,88.0,R,6.0,R,0.0,R,0.0,R,6.0,R,4.0,R,67.0,R,15.0
449995,2018,A,,A,,A,,R,31.0,R,0.0,R,0.0,R,31.0,R,25.0,R,81.0,R,37.0,R,0.0,R,0.0,R,37.0,R,22.0,R,59.0,R,15.0
450021,2018,A,,A,,A,,R,82.0,R,0.0,R,0.0,R,82.0,R,36.0,R,44.0,A,,A,,A,,A,,A,,A,,R,18.0
450058,2018,A,,A,,A,,R,48.0,Z,0.0,Z,0.0,R,48.0,R,28.0,R,58.0,A,,A,,A,,A,,A,,A,,R,15.0
450067,2018,A,,A,,A,,R,22.0,Z,0.0,Z,0.0,R,22.0,R,18.0,R,82.0,A,,A,,A,,A,,A,,A,,R,16.0
450119,2018,A,,A,,A,,R,71.0,R,0.0,R,0.0,R,71.0,R,34.0,R,48.0,A,,A,,A,,A,,A,,A,,R,22.0
450128,2018,A,,A,,A,,R,129.0,R,0.0,R,0.0,R,129.0,R,49.0,R,38.0,A,,A,,A,,A,,A,,A,,R,19.0
450182,2018,A,,A,,A,,R,28.0,R,0.0,R,0.0,R,28.0,R,22.0,R,79.0,A,,A,,A,,A,,A,,A,,R,8.0
450298,2018,A,,A,,A,,R,0.0,R,0.0,R,0.0,R,0.0,R,0.0,A,,R,33.0,R,0.0,R,0.0,R,33.0,R,9.0,R,27.0,R,41.0
450377,2018,R,1.0,R,481.0,R,0.0,R,1.0,R,0.0,R,0.0,R,1.0,R,0.0,R,0.0,R,85.0,R,0.0,R,0.0,R,85.0,R,28.0,R,33.0,R,35.0
450395,2018,A,,A,,A,,R,13.0,R,0.0,R,0.0,R,13.0,R,10.0,R,77.0,R,0.0,R,0.0,R,0.0,R,0.0,R,0.0,A,,R,7.0
450401,2018,A,,A,,A,,R,313.0,R,0.0,R,0.0,R,313.0,R,257.0,R,82.0,A,,A,,A,,A,,A,,A,,R,13.0
450483,2018,A,,A,,A,,A,,A,,A,,A,,A,,A,,A,,A,,A,,A,,A,,A,,R,8.0
450571,2018,R,24.0,R,158.0,R,15.0,R,0.0,Z,0.0,Z,0.0,R,0.0,Z,0.0,A,,R,0.0,Z,0.0,Z,0.0,R,0.0,Z,0.0,A,,R,16.0
450599,2018,A,,A,,A,,R,34.0,R,0.0,Z,0.0,R,34.0,R,21.0,R,62.0,A,,A,,A,,A,,A,,A,,R,22.0
450605,2018,A,,A,,A,,R,26.0,R,0.0,Z,0.0,R,26.0,R,15.0,R,58.0,R,5.0,R,0.0,Z,0.0,R,5.0,R,5.0,R,100.0,R,11.0
450614,2018,A,,A,,A,,R,37.0,R,0.0,Z,0.0,R,37.0,R,21.0,R,57.0,R,2.0,R,0.0,Z,0.0,R,2.0,R,1.0,R,50.0,R,19.0
450632,2018,A,,A,,A,,A,,A,,A,,A,,A,,A,,A,,A,,A,,A,,A,,A,,R,5.0
450641,2018,A,,A,,A,,R,5.0,R,0.0,R,0.0,R,5.0,R,4.0,R,80.0,R,5.0,R,0.0,R,0.0,R,5.0,R,4.0,R,80.0,R,15.0
450650,2018,A,,A,,A,,R,31.0,Z,0.0,Z,0.0,R,31.0,R,26.0,R,84.0,R,50.0,Z,0.0,Z,0.0,R,50.0,R,37.0,R,74.0,R,7.0
450696,2018,A,,A,,A,,R,61.0,Z,0.0,Z,0.0,R,61.0,R,47.0,R,77.0,Z,0.0,Z,0.0,Z,0.0,R,0.0,R,0.0,A,,R,33.0
450702,2018,A,,A,,A,,R,32.0,Z,0.0,Z,0.0,R,32.0,R,20.0,R,63.0,R,0.0,Z,0.0,Z,0.0,R,0.0,R,0.0,A,,R,23.0
450711,2018,A,,A,,A,,R,16.0,R,0.0,R,0.0,R,16.0,R,3.0,R,19.0,A,,A,,A,,A,,A,,A,,R,15.0
450720,2018,A,,A,,A,,R,78.0,R,0.0,R,0.0,R,78.0,R,65.0,R,83.0,R,41.0,R,0.0,R,0.0,R,41.0,R,32.0,R,78.0,R,24.0
450933,2018,A,,A,,A,,R,108.0,R,1.0,R,0.0,R,107.0,R,60.0,R,56.0,R,55.0,R,0.0,R,0.0,R,55.0,R,12.0,R,22.0,R,62.0
450951,2018,A,,A,,A,,R,19.0,R,0.0,R,0.0,R,19.0,R,15.0,R,79.0,A,,A,,A,,A,,A,,A,,R,10.0
450960,2018,A,,A,,A,,R,129.0,Z,0.0,Z,0.0,R,129.0,R,103.0,R,80.0,R,8.0,Z,0.0,Z,0.0,R,8.0,R,6.0,R,75.0,R,10.0
450979,2018,A,,A,,A,,R,86.0,R,12.0,Z,0.0,R,74.0,R,22.0,R,30.0,R,126.0,R,18.0,Z,0.0,R,108.0,R,18.0,R,17.0,R,16.0
450988,2018,A,,A,,A,,R,38.0,R,0.0,R,0.0,R,38.0,R,35.0,R,92.0,R,6.0,Z,0.0,Z,0.0,R,6.0,R,6.0,R,100.0,R,30.0
451006,2018,A,,A,,A,,R,5.0,Z,0.0,Z,0.0,R,5.0,R,3.0,R,60.0,R,2.0,Z,0.0,Z,0.0,R,2.0,R,1.0,R,50.0,R,12.0
451033,2018,A,,A,,A,,A,,A,,A,,A,,A,,A,,R,0.0,R,0.0,R,0.0,R,0.0,R,0.0,A,,R,9.0
451042,2018,A,,A,,A,,R,7.0,R,0.0,Z,0.0,R,7.0,R,7.0,R,100.0,R,11.0,Z,0.0,Z,0.0,R,11.0,R,9.0,R,82.0,R,7.0
451051,2018,A,,A,,A,,A,,A,,A,,A,,A,,A,,A,,A,,A,,A,,A,,A,,R,7.0
451097,2018,A,,A,,A,,R,26.0,Z,0.0,Z,0.0,R,26.0,R,22.0,R,85.0,R,16.0,Z,0.0,Z,0.0,R,16.0,R,12.0,R,75.0,R,16.0
451103,2018,A,,A,,A,,R,3.0,R,0.0,R,0.0,R,3.0,R,1.0,R,33.0,R,0.0,R,0.0,R,0.0,R,0.0,R,0.0,A,,R,17.0
451121,2018,A,,A,,A,,R,10.0,R,0.0,R,0.0,R,10.0,R,8.0,R,80.0,R,5.0,R,0.0,R,0.0,R,5.0,R,5.0,R,100.0,R,12.0
451149,2018,A,,A,,A,,R,33.0,R,0.0,R,0.0,R,33.0,R,28.0,R,85.0,A,,A,,A,,A,,A,,A,,R,20.0
451158,2018,A,,A,,A,,R,22.0,R,0.0,R,0.0,R,22.0,R,21.0,R,95.0,A,,A,,A,,A,,A,,A,,R,20.0
451167,2018,A,,A,,A,,R,18.0,R,0.0,R,0.0,R,18.0,R,12.0,R,67.0,R,6.0,R,0.0,R,0.0,R,6.0,R,6.0,R,100.0,R,13.0
451194,2018,A,,A,,A,,A,,A,,A,,A,,A,,A,,A,,A,,A,,A,,A,,A,,R,9.0
451228,2018,A,,A,,A,,A,,A,,A,,A,,A,,A,,A,,A,,A,,A,,A,,A,,R,35.0
451237,2018,A,,A,,A,,R,32.0,R,0.0,R,0.0,R,32.0,R,6.0,R,19.0,A,,A,,A,,A,,A,,A,,R,13.0
451255,2018,A,,A,,A,,R,4.0,R,1.0,R,0.0,R,3.0,R,2.0,R,67.0,R,5.0,R,0.0,R,0.0,R,5.0,R,2.0,R,40.0,R,2.0
451264,2018,A,,A,,A,,A,,A,,A,,A,,A,,A,,A,,A,,A,,A,,A,,A,,R,13.0
451282,2018,A,,A,,A,,R,21.0,R,0.0,R,0.0,R,21.0,R,16.0,R,76.0,R,0.0,R,0.0,R,0.0,R,0.0,R,0.0,A,,R,8.0
451291,2018,A,,A,,A,,A,,A,,A,,A,,A,,A,,A,,A,,A,,A,,A,,A,,R,8.0
451334,2018,A,,A,,A,,R,71.0,R,0.0,Z,0.0,R,71.0,R,58.0,R,82.0,A,,A,,A,,A,,A,,A,,R,11.0
451343,2018,A,,A,,A,,R,10.0,R,0.0,R,0.0,R,10.0,R,10.0,R,100.0,R,2.0,R,0.0,R,0.0,R,2.0,R,2.0,R,100.0,R,20.0
451352,2018,A,,A,,A,,R,84.0,R,0.0,R,0.0,R,84.0,R,77.0,R,92.0,R,75.0,R,0.0,R,0.0,R,75.0,R,59.0,R,79.0,R,12.0
451370,2018,R,7.0,R,23.0,R,30.0,R,7.0,R,0.0,R,0.0,R,7.0,R,6.0,R,86.0,A,,A,,A,,A,,A,,A,,R,11.0
451398,2018,R,52.0,R,57.0,R,91.0,R,57.0,R,0.0,R,0.0,R,57.0,R,55.0,R,96.0,A,,A,,A,,A,,A,,A,,R,25.0
451404,2018,R,102.0,R,183.0,R,56.0,R,79.0,R,0.0,R,0.0,R,79.0,R,52.0,R,66.0,A,,A,,A,,A,,A,,A,,R,13.0
451413,2018,A,,A,,A,,R,24.0,R,0.0,R,0.0,R,24.0,R,17.0,R,71.0,A,,A,,A,,A,,A,,A,,R,12.0
451459,2018,A,,A,,A,,A,,A,,A,,A,,A,,A,,A,,A,,A,,A,,A,,A,,R,8.0
451468,2018,A,,A,,A,,R,14.0,R,0.0,R,0.0,R,14.0,R,13.0,R,93.0,A,,A,,A,,A,,A,,A,,R,11.0
451477,2018,A,,A,,A,,R,158.0,R,0.0,R,0.0,R,158.0,R,100.0,R,63.0,A,,A,,A,,A,,A,,A,,R,18.0
451495,2018,A,,A,,A,,R,7.0,Z,0.0,Z,0.0,R,7.0,R,7.0,R,100.0,R,0.0,R,0.0,R,0.0,R,0.0,R,0.0,A,,R,24.0
451501,2018,A,,A,,A,,R,89.0,R,0.0,R,0.0,R,89.0,R,70.0,R,79.0,A,,A,,A,,A,,A,,A,,R,22.0
451529,2018,A,,A,,A,,R,16.0,R,0.0,R,0.0,R,16.0,R,9.0,R,56.0,R,56.0,R,0.0,R,0.0,R,56.0,R,32.0,R,57.0,R,7.0
451538,2018,A,,A,,A,,R,19.0,R,0.0,R,0.0,R,19.0,R,16.0,R,84.0,R,78.0,Z,0.0,Z,0.0,R,78.0,R,40.0,R,51.0,R,15.0
451547,2018,A,,A,,A,,R,15.0,Z,0.0,Z,0.0,R,15.0,R,12.0,R,80.0,A,,A,,A,,A,,A,,A,,R,25.0
451556,2018,R,752.0,R,752.0,R,100.0,R,133.0,R,0.0,R,0.0,R,133.0,R,83.0,R,62.0,A,,A,,A,,A,,A,,A,,R,16.0
451565,2018,A,,A,,A,,R,28.0,R,0.0,R,0.0,R,28.0,R,21.0,R,75.0,R,8.0,R,0.0,R,0.0,R,8.0,R,3.0,R,38.0,R,12.0
451574,2018,A,,A,,A,,R,23.0,R,0.0,R,0.0,R,23.0,R,17.0,R,74.0,A,,A,,A,,A,,A,,A,,R,8.0
451583,2018,A,,A,,A,,R,33.0,R,2.0,R,0.0,R,31.0,R,29.0,R,94.0,R,79.0,R,2.0,R,0.0,R,77.0,R,52.0,R,68.0,R,7.0
451626,2018,A,,A,,A,,R,42.0,R,0.0,R,0.0,R,42.0,R,36.0,R,86.0,R,28.0,R,0.0,R,0.0,R,28.0,R,25.0,R,89.0,R,9.0
451635,2018,A,,A,,A,,A,,A,,A,,A,,A,,A,,A,,A,,A,,A,,A,,A,,R,10.0
451671,2018,R,105.0,R,530.0,R,20.0,R,131.0,R,0.0,R,0.0,R,131.0,R,117.0,R,89.0,R,4.0,R,0.0,R,0.0,R,4.0,R,2.0,R,50.0,R,12.0
451714,2018,A,,A,,A,,R,37.0,R,1.0,R,0.0,R,36.0,R,28.0,R,78.0,R,2.0,R,0.0,R,0.0,R,2.0,R,2.0,R,100.0,R,18.0
451741,2018,R,50.0,R,109.0,R,46.0,R,0.0,R,0.0,R,0.0,R,0.0,R,0.0,A,,A,,A,,A,,A,,A,,A,,R,19.0
451750,2018,R,98.0,R,285.0,R,34.0,R,11.0,R,0.0,R,0.0,R,11.0,R,7.0,R,64.0,R,0.0,R,0.0,R,0.0,R,0.0,R,0.0,A,,R,15.0
451820,2018,R,48.0,R,131.0,R,37.0,R,62.0,R,1.0,Z,0.0,R,61.0,R,31.0,R,51.0,R,14.0,Z,0.0,Z,0.0,R,14.0,R,6.0,R,43.0,R,17.0
451857,2018,A,,A,,A,,R,73.0,R,0.0,R,0.0,R,73.0,R,47.0,R,64.0,A,,A,,A,,A,,A,,A,,R,16.0
451866,2018,A,,A,,A,,R,1.0,R,0.0,R,0.0,R,1.0,R,1.0,R,100.0,A,,A,,A,,A,,A,,A,,R,11.0
451875,2018,R,2.0,R,34.0,R,6.0,R,2.0,Z,0.0,Z,0.0,R,2.0,R,1.0,R,50.0,R,3.0,Z,0.0,Z,0.0,R,3.0,R,1.0,R,33.0,R,6.0
451884,2018,A,,A,,A,,R,0.0,Z,0.0,Z,0.0,R,0.0,Z,0.0,A,,R,1.0,Z,0.0,Z,0.0,R,1.0,R,0.0,R,0.0,R,3.0
451909,2018,A,,A,,A,,R,127.0,Z,0.0,Z,0.0,R,127.0,R,88.0,R,69.0,A,,A,,A,,A,,A,,A,,R,18.0
451918,2018,A,,A,,A,,R,14.0,R,0.0,Z,0.0,R,14.0,R,10.0,R,71.0,A,,A,,A,,A,,A,,A,,R,12.0
452009,2018,A,,A,,A,,R,15.0,Z,0.0,Z,0.0,R,15.0,R,12.0,R,80.0,A,,A,,A,,A,,A,,A,,R,17.0
452072,2018,A,,A,,A,,R,34.0,R,0.0,R,0.0,R,34.0,R,30.0,R,88.0,A,,A,,A,,A,,A,,A,,R,19.0
452081,2018,A,,A,,A,,R,131.0,R,0.0,R,0.0,R,131.0,R,88.0,R,67.0,A,,A,,A,,A,,A,,A,,R,34.0
452106,2018,A,,A,,A,,R,27.0,R,2.0,R,0.0,R,25.0,R,25.0,R,100.0,A,,A,,A,,A,,A,,A,,R,13.0
452124,2018,A,,A,,A,,R,30.0,Z,0.0,Z,0.0,R,30.0,R,17.0,R,57.0,A,,A,,A,,A,,A,,A,,R,19.0
452373,2018,R,18.0,R,89.0,R,20.0,R,11.0,R,0.0,R,0.0,R,11.0,R,6.0,R,55.0,A,,A,,A,,A,,A,,A,,R,10.0
452540,2018,A,,A,,A,,A,,A,,A,,A,,A,,A,,A,,A,,A,,A,,A,,A,,R,10.0
452771,2018,A,,A,,A,,A,,A,,A,,A,,A,,A,,A,,A,,A,,A,,A,,A,,R,10.0
452780,2018,A,,A,,A,,A,,A,,A,,A,,A,,A,,A,,A,,A,,A,,A,,A,,R,10.0
452887,2018,A,,A,,A,,R,67.0,R,0.0,R,0.0,R,67.0,R,58.0,R,87.0,A,,A,,A,,A,,A,,A,,R,16.0
452948,2018,A,,A,,A,,R,17.0,R,0.0,R,0.0,R,17.0,R,9.0,R,53.0,R,19.0,R,0.0,R,0.0,R,19.0,R,10.0,R,53.0,R,18.0
453109,2018,A,,A,,A,,A,,A,,A,,A,,A,,A,,A,,A,,A,,A,,A,,A,,R,5.0
453163,2018,R,3.0,R,1848.0,R,0.0,R,9.0,Z,0.0,Z,0.0,R,9.0,R,4.0,R,44.0,R,351.0,Z,0.0,Z,0.0,R,351.0,R,100.0,R,28.0,R,54.0
453215,2018,R,3.0,R,272.0,R,1.0,R,6.0,Z,0.0,Z,0.0,R,6.0,R,2.0,R,33.0,R,71.0,Z,0.0,Z,0.0,R,71.0,R,32.0,R,45.0,R,33.0
453297,2018,A,,A,,A,,R,8.0,R,0.0,Z,0.0,R,8.0,R,5.0,R,63.0,R,0.0,Z,0.0,Z,0.0,R,0.0,Z,0.0,A,,R,5.0
453756,2018,A,,A,,A,,A,,A,,A,,A,,A,,A,,A,,A,,A,,A,,A,,A,,R,14.0
453792,2018,A,,A,,A,,R,35.0,R,0.0,R,0.0,R,35.0,R,32.0,R,91.0,A,,A,,A,,A,,A,,A,,R,20.0
454184,2018,R,143.0,R,195.0,R,73.0,R,149.0,R,0.0,R,0.0,R,149.0,R,117.0,R,79.0,R,0.0,R,0.0,R,0.0,R,0.0,R,0.0,A,,R,15.0
454227,2018,R,24.0,R,5834.0,R,0.0,R,20.0,R,0.0,R,0.0,R,20.0,R,17.0,R,85.0,R,1.0,R,0.0,R,0.0,R,1.0,R,0.0,R,0.0,R,20.0
454236,2018,R,7.0,R,179.0,R,4.0,R,5.0,R,0.0,R,0.0,R,5.0,R,3.0,R,60.0,R,2.0,R,0.0,R,0.0,R,2.0,R,0.0,R,0.0,R,8.0
454245,2018,R,2.0,R,206.0,R,1.0,R,3.0,R,0.0,R,0.0,R,3.0,R,2.0,R,67.0,R,0.0,R,0.0,R,0.0,R,0.0,R,0.0,A,,R,10.0
454306,2018,A,,A,,A,,R,44.0,Z,0.0,Z,0.0,R,44.0,R,23.0,R,52.0,A,,A,,A,,A,,A,,A,,R,16.0
454458,2018,A,,A,,A,,R,55.0,R,0.0,R,0.0,R,55.0,R,37.0,R,67.0,A,,A,,A,,A,,A,,A,,R,6.0
454537,2018,A,,A,,A,,R,19.0,R,0.0,R,0.0,R,19.0,R,15.0,R,79.0,A,,A,,A,,A,,A,,A,,R,9.0
454546,2018,A,,A,,A,,R,19.0,R,0.0,R,0.0,R,19.0,R,9.0,R,47.0,A,,A,,A,,A,,A,,A,,R,15.0
454555,2018,A,,A,,A,,R,40.0,Z,0.0,Z,0.0,R,40.0,R,22.0,R,55.0,A,,A,,A,,A,,A,,A,,R,16.0
454573,2018,A,,A,,A,,R,47.0,R,0.0,R,0.0,R,47.0,R,22.0,R,47.0,A,,A,,A,,A,,A,,A,,R,23.0
454582,2018,R,7.0,R,42.0,R,17.0,R,0.0,R,0.0,R,0.0,R,0.0,R,0.0,A,,R,0.0,R,0.0,R,0.0,R,0.0,R,0.0,A,,R,3.0
454607,2018,A,,A,,A,,R,52.0,Z,0.0,Z,0.0,R,52.0,R,39.0,R,75.0,A,,A,,A,,A,,A,,A,,R,14.0
454616,2018,R,36.0,R,91.0,R,40.0,R,3.0,R,0.0,R,0.0,R,3.0,R,3.0,R,100.0,R,0.0,R,0.0,R,0.0,R,0.0,R,0.0,A,,R,14.0
454652,2018,A,,A,,A,,R,9.0,R,0.0,R,0.0,R,9.0,R,7.0,R,78.0,A,,A,,A,,A,,A,,A,,R,10.0
454689,2018,A,,A,,A,,A,,A,,A,,A,,A,,A,,A,,A,,A,,A,,A,,A,,R,15.0
454698,2018,A,,A,,A,,R,288.0,R,0.0,R,0.0,R,288.0,R,211.0,R,73.0,A,,A,,A,,A,,A,,A,,R,20.0
454722,2018,A,,A,,A,,R,10.0,Z,0.0,Z,0.0,R,10.0,R,8.0,R,80.0,A,,A,,A,,A,,A,,A,,R,25.0
454759,2018,A,,A,,A,,R,1.0,Z,0.0,Z,0.0,R,1.0,R,1.0,R,100.0,R,8.0,Z,0.0,Z,0.0,R,8.0,R,5.0,R,63.0,R,10.0
454768,2018,A,,A,,A,,R,11.0,R,0.0,R,0.0,R,11.0,R,11.0,R,100.0,R,7.0,R,0.0,R,0.0,R,7.0,R,7.0,R,100.0,R,18.0
454777,2018,A,,A,,A,,R,16.0,R,0.0,R,0.0,R,16.0,R,16.0,R,100.0,R,7.0,R,0.0,R,0.0,R,7.0,R,6.0,R,86.0,R,10.0
454786,2018,A,,A,,A,,R,0.0,R,0.0,R,0.0,R,0.0,R,0.0,A,,R,0.0,R,0.0,R,0.0,R,0.0,R,0.0,A,,R,14.0
454795,2018,A,,A,,A,,R,23.0,R,0.0,R,0.0,R,23.0,R,18.0,R,78.0,R,9.0,R,0.0,R,0.0,R,9.0,R,8.0,R,89.0,R,31.0
454801,2018,A,,A,,A,,R,31.0,R,0.0,R,0.0,R,31.0,R,23.0,R,74.0,A,,A,,A,,A,,A,,A,,R,21.0
454810,2018,A,,A,,A,,R,387.0,R,0.0,R,0.0,R,387.0,R,208.0,R,54.0,A,,A,,A,,A,,A,,A,,R,36.0
454829,2018,A,,A,,A,,R,0.0,Z,0.0,Z,0.0,R,0.0,R,0.0,A,,R,1.0,Z,0.0,Z,0.0,R,1.0,R,1.0,R,100.0,R,20.0
454847,2018,A,,A,,A,,R,48.0,R,0.0,R,0.0,R,48.0,R,43.0,R,90.0,A,,A,,A,,A,,A,,A,,R,10.0
454856,2018,A,,A,,A,,A,,A,,A,,A,,A,,A,,A,,A,,A,,A,,A,,A,,R,13.0
454865,2018,R,233.0,R,329.0,R,71.0,R,16.0,R,0.0,R,0.0,R,16.0,R,12.0,R,75.0,R,8.0,R,0.0,R,0.0,R,8.0,R,6.0,R,75.0,R,20.0
454874,2018,A,,A,,A,,R,24.0,R,0.0,R,0.0,R,24.0,R,19.0,R,79.0,R,16.0,Z,0.0,Z,0.0,R,16.0,R,14.0,R,88.0,R,6.0
454908,2018,A,,A,,A,,R,19.0,R,0.0,R,0.0,R,19.0,R,17.0,R,89.0,A,,A,,A,,A,,A,,A,,R,6.0
454917,2018,A,,A,,A,,R,11.0,Z,0.0,Z,0.0,R,11.0,R,11.0,R,100.0,R,4.0,Z,0.0,Z,0.0,R,4.0,R,3.0,R,75.0,R,15.0
454926,2018,A,,A,,A,,R,34.0,R,0.0,R,0.0,R,34.0,R,24.0,R,71.0,A,,A,,A,,A,,A,,A,,R,20.0
454935,2018,A,,A,,A,,R,18.0,R,0.0,R,0.0,R,18.0,R,16.0,R,89.0,A,,A,,A,,A,,A,,A,,R,6.0
454944,2018,A,,A,,A,,R,11.0,R,0.0,R,0.0,R,11.0,R,9.0,R,82.0,A,,A,,A,,A,,A,,A,,R,20.0
454953,2018,A,,A,,A,,R,2.0,R,0.0,R,0.0,R,2.0,R,2.0,R,100.0,R,5.0,R,0.0,R,0.0,R,5.0,R,5.0,R,100.0,R,10.0
454962,2018,A,,A,,A,,R,5.0,R,0.0,R,0.0,R,5.0,R,5.0,R,100.0,R,5.0,R,0.0,R,0.0,R,5.0,R,5.0,R,100.0,R,12.0
454971,2018,A,,A,,A,,R,16.0,Z,0.0,Z,0.0,R,16.0,R,14.0,R,88.0,R,3.0,Z,0.0,Z,0.0,R,3.0,R,2.0,R,67.0,R,9.0
454980,2018,A,,A,,A,,R,8.0,Z,0.0,Z,0.0,R,8.0,R,6.0,R,75.0,R,3.0,Z,0.0,Z,0.0,R,3.0,R,3.0,R,100.0,R,5.0
454999,2018,A,,A,,A,,R,3.0,Z,0.0,Z,0.0,R,3.0,R,1.0,R,33.0,R,9.0,Z,0.0,Z,0.0,R,9.0,R,8.0,R,89.0,R,8.0
455008,2018,A,,A,,A,,R,24.0,Z,0.0,Z,0.0,R,24.0,R,20.0,R,83.0,R,9.0,Z,0.0,Z,0.0,R,9.0,R,6.0,R,67.0,R,14.0
455017,2018,A,,A,,A,,R,5.0,R,0.0,R,0.0,R,5.0,R,4.0,R,80.0,R,2.0,R,0.0,R,0.0,R,2.0,R,2.0,R,100.0,R,5.0
455026,2018,A,,A,,A,,R,17.0,R,0.0,R,0.0,R,17.0,R,12.0,R,71.0,R,3.0,R,0.0,R,0.0,R,3.0,R,1.0,R,33.0,R,7.0
455053,2018,A,,A,,A,,R,12.0,R,0.0,R,0.0,R,12.0,R,4.0,R,33.0,R,3.0,R,0.0,R,0.0,R,3.0,R,3.0,R,100.0,R,16.0
455062,2018,A,,A,,A,,R,2.0,Z,0.0,Z,0.0,R,2.0,R,2.0,R,100.0,R,0.0,Z,0.0,Z,0.0,R,0.0,R,0.0,A,,R,20.0
455071,2018,A,,A,,A,,A,,A,,A,,A,,A,,A,,A,,A,,A,,A,,A,,A,,R,20.0
455080,2018,A,,A,,A,,R,43.0,R,0.0,R,0.0,R,43.0,R,24.0,R,56.0,R,1.0,R,0.0,R,0.0,R,1.0,R,1.0,R,100.0,R,14.0
455105,2018,A,,A,,A,,R,1.0,R,0.0,R,0.0,R,1.0,R,1.0,R,100.0,A,,A,,A,,A,,A,,A,,R,10.0
455114,2018,R,719.0,R,4367.0,R,16.0,R,805.0,R,1.0,R,0.0,R,804.0,R,419.0,R,52.0,R,739.0,R,1.0,R,0.0,R,738.0,R,305.0,R,41.0,R,22.0
455141,2018,A,,A,,A,,R,62.0,R,0.0,R,0.0,R,62.0,R,47.0,R,76.0,A,,A,,A,,A,,A,,A,,R,11.0
455187,2018,A,,A,,A,,R,13.0,R,0.0,R,0.0,R,13.0,R,10.0,R,77.0,R,37.0,Z,0.0,Z,0.0,R,37.0,R,35.0,R,95.0,R,20.0
455196,2018,A,,A,,A,,R,130.0,Z,0.0,Z,0.0,R,130.0,R,104.0,R,80.0,A,,A,,A,,A,,A,,A,,R,22.0
455202,2018,A,,A,,A,,R,38.0,R,0.0,R,0.0,R,38.0,R,36.0,R,95.0,R,5.0,R,0.0,R,0.0,R,5.0,R,4.0,R,80.0,R,12.0
455211,2018,A,,A,,A,,R,29.0,R,0.0,R,0.0,R,29.0,R,23.0,R,79.0,A,,A,,A,,A,,A,,A,,R,9.0
455220,2018,A,,A,,A,,R,33.0,R,0.0,R,0.0,R,33.0,R,9.0,R,27.0,A,,A,,A,,A,,A,,A,,R,12.0
455239,2018,A,,A,,A,,R,6.0,R,0.0,R,0.0,R,6.0,R,5.0,R,83.0,R,2.0,R,0.0,R,0.0,R,2.0,R,2.0,R,100.0,R,4.0
455257,2018,R,80.0,R,121.0,R,66.0,R,66.0,R,0.0,R,0.0,R,66.0,R,66.0,R,100.0,A,,A,,A,,A,,A,,A,,R,37.0
455275,2018,A,,A,,A,,R,70.0,R,0.0,R,0.0,R,70.0,R,49.0,R,70.0,A,,A,,A,,A,,A,,A,,R,14.0
455284,2018,A,,A,,A,,R,26.0,R,0.0,R,0.0,R,26.0,R,20.0,R,77.0,R,22.0,R,0.0,R,0.0,R,22.0,R,11.0,R,50.0,R,14.0
455327,2018,A,,A,,A,,A,,A,,A,,A,,A,,A,,A,,A,,A,,A,,A,,A,,R,12.0
455336,2018,A,,A,,A,,R,102.0,R,0.0,R,0.0,R,102.0,R,62.0,R,61.0,A,,A,,A,,A,,A,,A,,R,15.0
455345,2018,A,,A,,A,,R,1.0,R,0.0,R,0.0,R,1.0,R,1.0,R,100.0,A,,A,,A,,A,,A,,A,,R,8.0
455354,2018,A,,A,,A,,R,43.0,Z,0.0,Z,0.0,R,43.0,R,32.0,R,74.0,A,,A,,A,,A,,A,,A,,R,15.0
455381,2018,A,,A,,A,,R,10.0,R,0.0,R,0.0,R,10.0,R,8.0,R,80.0,R,3.0,R,0.0,R,0.0,R,3.0,R,3.0,R,100.0,R,10.0
455460,2018,A,,A,,A,,R,22.0,Z,0.0,Z,0.0,R,22.0,R,9.0,R,41.0,A,,A,,A,,A,,A,,A,,R,25.0
455479,2018,A,,A,,A,,R,43.0,Z,0.0,Z,0.0,R,43.0,R,30.0,R,70.0,A,,A,,A,,A,,A,,A,,R,24.0
455488,2018,A,,A,,A,,R,62.0,Z,0.0,Z,0.0,R,62.0,R,27.0,R,44.0,A,,A,,A,,A,,A,,A,,R,39.0
455512,2018,R,262.0,R,1270.0,R,21.0,R,191.0,R,0.0,R,0.0,R,191.0,R,132.0,R,69.0,R,250.0,R,0.0,R,0.0,R,250.0,R,118.0,R,47.0,R,19.0
455558,2018,A,,A,,A,,R,54.0,R,0.0,R,0.0,R,54.0,R,30.0,R,56.0,A,,A,,A,,A,,A,,A,,R,15.0
455628,2018,A,,A,,A,,R,50.0,Z,0.0,Z,0.0,R,50.0,R,25.0,R,50.0,A,,A,,A,,A,,A,,A,,R,20.0
455664,2018,R,1.0,R,47.0,R,2.0,R,0.0,R,0.0,R,0.0,R,0.0,R,0.0,A,,R,0.0,R,0.0,R,0.0,R,0.0,R,0.0,A,,R,5.0
455707,2018,A,,A,,A,,A,,A,,A,,A,,A,,A,,A,,A,,A,,A,,A,,A,,R,15.0
455725,2018,A,,A,,A,,R,211.0,R,0.0,R,0.0,R,211.0,R,168.0,R,80.0,R,40.0,R,0.0,R,0.0,R,40.0,R,28.0,R,70.0,R,11.0
455734,2018,A,,A,,A,,R,75.0,R,0.0,R,0.0,R,75.0,R,48.0,R,64.0,A,,A,,A,,A,,A,,A,,R,15.0
455761,2018,A,,A,,A,,R,58.0,Z,0.0,Z,0.0,R,58.0,R,46.0,R,79.0,R,24.0,Z,0.0,Z,0.0,R,24.0,R,19.0,R,79.0,R,14.0
455770,2018,R,35.0,R,57.0,R,61.0,R,31.0,R,0.0,R,0.0,R,31.0,R,24.0,R,77.0,R,2.0,R,0.0,R,0.0,R,2.0,R,0.0,R,0.0,R,15.0
455798,2018,A,,A,,A,,R,18.0,R,0.0,R,0.0,R,18.0,R,15.0,R,83.0,R,7.0,R,0.0,R,0.0,R,7.0,R,6.0,R,86.0,R,12.0
455831,2018,A,,A,,A,,R,114.0,R,0.0,R,0.0,R,114.0,R,90.0,R,79.0,A,,A,,A,,A,,A,,A,,R,7.0
455840,2018,A,,A,,A,,R,41.0,R,0.0,R,0.0,R,41.0,R,29.0,R,71.0,A,,A,,A,,A,,A,,A,,R,8.0
455859,2018,A,,A,,A,,R,41.0,R,0.0,R,0.0,R,41.0,R,37.0,R,90.0,R,8.0,R,0.0,R,0.0,R,8.0,R,8.0,R,100.0,R,19.0
455868,2018,A,,A,,A,,R,71.0,R,0.0,R,0.0,R,71.0,R,56.0,R,79.0,A,,A,,A,,A,,A,,A,,R,22.0
455877,2018,A,,A,,A,,R,31.0,Z,0.0,Z,0.0,R,31.0,R,27.0,R,87.0,R,16.0,Z,0.0,Z,0.0,R,16.0,R,12.0,R,75.0,R,15.0
455886,2018,A,,A,,A,,R,17.0,Z,0.0,Z,0.0,R,17.0,R,12.0,R,71.0,R,6.0,Z,0.0,Z,0.0,R,6.0,R,5.0,R,83.0,R,8.0
455895,2018,A,,A,,A,,R,18.0,R,0.0,R,0.0,R,18.0,R,16.0,R,89.0,R,12.0,R,0.0,R,0.0,R,12.0,R,7.0,R,58.0,R,11.0
455901,2018,A,,A,,A,,R,40.0,R,0.0,R,0.0,R,40.0,R,38.0,R,95.0,A,,A,,A,,A,,A,,A,,R,10.0
455910,2018,A,,A,,A,,A,,A,,A,,A,,A,,A,,A,,A,,A,,A,,A,,A,,R,4.0
455929,2018,A,,A,,A,,R,3.0,Z,0.0,Z,0.0,R,3.0,R,2.0,R,67.0,A,,A,,A,,A,,A,,A,,R,15.0
455956,2018,A,,A,,A,,R,61.0,R,0.0,R,0.0,R,61.0,R,46.0,R,75.0,A,,A,,A,,A,,A,,A,,R,25.0
455965,2018,A,,A,,A,,R,20.0,R,0.0,R,0.0,R,20.0,R,19.0,R,95.0,R,0.0,R,0.0,R,0.0,R,0.0,R,0.0,A,,R,20.0
455974,2018,A,,A,,A,,A,,A,,A,,A,,A,,A,,A,,A,,A,,A,,A,,A,,R,15.0
455983,2018,A,,A,,A,,R,102.0,R,0.0,R,0.0,R,102.0,R,77.0,R,75.0,R,2.0,R,0.0,R,0.0,R,2.0,R,1.0,R,50.0,R,11.0
456001,2018,A,,A,,A,,R,24.0,Z,0.0,Z,0.0,R,24.0,R,24.0,R,100.0,A,,A,,A,,A,,A,,A,,R,11.0
456029,2018,A,,A,,A,,R,22.0,R,0.0,R,0.0,R,22.0,R,18.0,R,82.0,A,,A,,A,,A,,A,,A,,R,20.0
456038,2018,A,,A,,A,,R,109.0,R,0.0,R,0.0,R,109.0,R,80.0,R,73.0,A,,A,,A,,A,,A,,A,,R,25.0
456065,2018,A,,A,,A,,R,52.0,R,0.0,R,0.0,R,52.0,R,27.0,R,52.0,A,,A,,A,,A,,A,,A,,R,20.0
456074,2018,A,,A,,A,,R,44.0,Z,0.0,Z,0.0,R,44.0,R,28.0,R,64.0,A,,A,,A,,A,,A,,A,,R,20.0
456126,2018,A,,A,,A,,R,21.0,R,0.0,Z,0.0,R,21.0,R,14.0,R,67.0,R,9.0,R,0.0,Z,0.0,R,9.0,R,6.0,R,67.0,R,12.0
456135,2018,A,,A,,A,,R,23.0,R,1.0,Z,0.0,R,22.0,R,12.0,R,55.0,R,13.0,R,0.0,Z,0.0,R,13.0,R,6.0,R,46.0,R,17.0
456153,2018,A,,A,,A,,R,36.0,R,0.0,R,0.0,R,36.0,R,20.0,R,56.0,A,,A,,A,,A,,A,,A,,R,14.0
456180,2018,A,,A,,A,,A,,A,,A,,A,,A,,A,,A,,A,,A,,A,,A,,A,,R,8.0
456205,2018,A,,A,,A,,R,97.0,Z,0.0,Z,0.0,R,97.0,R,58.0,R,60.0,R,16.0,Z,0.0,Z,0.0,R,16.0,R,9.0,R,56.0,R,23.0
456214,2018,A,,A,,A,,R,65.0,R,0.0,R,0.0,R,65.0,R,49.0,R,75.0,A,,A,,A,,A,,A,,A,,R,15.0
456287,2018,A,,A,,A,,R,25.0,R,0.0,R,0.0,R,25.0,R,24.0,R,96.0,A,,A,,A,,A,,A,,A,,R,12.0
456454,2018,A,,A,,A,,R,36.0,Z,0.0,Z,0.0,R,36.0,R,20.0,R,56.0,A,,A,,A,,A,,A,,A,,R,17.0
456481,2018,R,2.0,R,15.0,R,13.0,R,1.0,Z,0.0,Z,0.0,R,1.0,R,1.0,R,100.0,R,1.0,Z,0.0,Z,0.0,R,1.0,R,1.0,R,100.0,R,7.0
456490,2018,R,6.0,R,30.0,R,20.0,R,1.0,R,0.0,R,0.0,R,1.0,R,1.0,R,100.0,R,1.0,R,0.0,R,0.0,R,1.0,R,0.0,R,0.0,R,5.0
456506,2018,A,,A,,A,,R,42.0,R,0.0,R,0.0,R,42.0,R,28.0,R,67.0,A,,A,,A,,A,,A,,A,,R,16.0
456515,2018,A,,A,,A,,R,47.0,R,0.0,R,0.0,R,47.0,R,37.0,R,79.0,A,,A,,A,,A,,A,,A,,R,16.0
456551,2018,A,,A,,A,,R,38.0,R,0.0,R,0.0,R,38.0,R,32.0,R,84.0,A,,A,,A,,A,,A,,A,,R,13.0
456560,2018,A,,A,,A,,R,12.0,R,0.0,R,0.0,R,12.0,R,2.0,R,17.0,R,6.0,R,0.0,R,0.0,R,6.0,R,1.0,R,17.0,R,10.0
456579,2018,A,,A,,A,,R,230.0,Z,0.0,Z,0.0,R,230.0,R,134.0,R,58.0,R,34.0,Z,0.0,Z,0.0,R,34.0,R,19.0,R,56.0,R,15.0
456588,2018,A,,A,,A,,R,12.0,Z,0.0,Z,0.0,R,12.0,R,11.0,R,92.0,A,,A,,A,,A,,A,,A,,R,12.0
456597,2018,A,,A,,A,,R,24.0,Z,0.0,Z,0.0,R,24.0,R,19.0,R,79.0,A,,A,,A,,A,,A,,A,,R,16.0
456621,2018,R,1.0,R,87.0,R,1.0,R,2.0,R,0.0,R,0.0,R,2.0,R,1.0,R,50.0,R,13.0,R,0.0,R,0.0,R,13.0,R,6.0,R,46.0,R,41.0
456825,2018,A,,A,,A,,R,30.0,R,0.0,R,0.0,R,30.0,R,24.0,R,80.0,R,0.0,R,0.0,R,0.0,R,0.0,R,0.0,A,,R,20.0
456861,2018,A,,A,,A,,R,104.0,R,0.0,R,0.0,R,104.0,R,79.0,R,76.0,A,,A,,A,,A,,A,,A,,R,13.0
456922,2018,A,,A,,A,,R,133.0,Z,0.0,Z,0.0,R,133.0,R,87.0,R,65.0,A,,A,,A,,A,,A,,A,,R,24.0
456931,2018,A,,A,,A,,R,98.0,Z,0.0,Z,0.0,R,98.0,R,71.0,R,72.0,A,,A,,A,,A,,A,,A,,R,27.0
456959,2018,R,169.0,R,219.0,R,77.0,R,176.0,R,0.0,Z,0.0,R,176.0,R,141.0,R,80.0,A,,A,,A,,A,,A,,A,,R,14.0
456968,2018,A,,A,,A,,R,21.0,R,0.0,R,0.0,R,21.0,R,17.0,R,81.0,R,21.0,R,0.0,R,0.0,R,21.0,R,16.0,R,76.0,R,20.0
456977,2018,A,,A,,A,,R,11.0,Z,0.0,Z,0.0,R,11.0,R,2.0,R,18.0,A,,A,,A,,A,,A,,A,,R,15.0
457022,2018,A,,A,,A,,R,3.0,R,0.0,R,0.0,R,3.0,R,2.0,R,67.0,R,0.0,R,0.0,R,0.0,R,0.0,R,0.0,A,,R,10.0
457031,2018,A,,A,,A,,R,17.0,R,0.0,R,0.0,R,17.0,R,17.0,R,100.0,R,0.0,R,0.0,R,0.0,R,0.0,R,0.0,A,,R,11.0
457077,2018,A,,A,,A,,R,98.0,Z,0.0,Z,0.0,R,98.0,R,64.0,R,65.0,A,,A,,A,,A,,A,,A,,R,23.0
457086,2018,A,,A,,A,,R,0.0,R,0.0,R,0.0,R,0.0,R,0.0,A,,A,,A,,A,,A,,A,,A,,R,15.0
457101,2018,A,,A,,A,,R,24.0,Z,0.0,Z,0.0,R,24.0,R,14.0,R,58.0,R,0.0,Z,0.0,Z,0.0,R,0.0,Z,0.0,A,,R,22.0
457110,2018,A,,A,,A,,R,16.0,Z,0.0,Z,0.0,R,16.0,R,14.0,R,88.0,Z,0.0,Z,0.0,Z,0.0,R,0.0,R,0.0,A,,R,17.0
457129,2018,R,6.0,R,300.0,R,2.0,R,3.0,R,0.0,R,0.0,R,3.0,R,1.0,R,33.0,R,3.0,R,0.0,R,0.0,R,3.0,R,0.0,R,0.0,R,10.0
457174,2018,A,,A,,A,,R,89.0,R,0.0,R,0.0,R,89.0,R,70.0,R,79.0,A,,A,,A,,A,,A,,A,,R,20.0
457192,2018,A,,A,,A,,R,9.0,R,0.0,R,0.0,R,9.0,R,3.0,R,33.0,A,,A,,A,,A,,A,,A,,R,8.0
457208,2018,A,,A,,A,,R,23.0,R,0.0,R,0.0,R,23.0,R,17.0,R,74.0,A,,A,,A,,A,,A,,A,,R,15.0
457226,2018,A,,A,,A,,R,0.0,R,0.0,R,0.0,R,0.0,R,0.0,A,,R,0.0,R,0.0,R,0.0,R,0.0,R,0.0,A,,R,6.0
457244,2018,A,,A,,A,,R,27.0,R,0.0,R,0.0,R,27.0,R,9.0,R,33.0,R,3.0,R,0.0,R,0.0,R,3.0,R,2.0,R,67.0,R,16.0
457253,2018,A,,A,,A,,R,8.0,R,0.0,R,0.0,R,8.0,R,3.0,R,38.0,R,10.0,R,0.0,R,0.0,R,10.0,R,4.0,R,40.0,R,12.0
457299,2018,A,,A,,A,,R,2.0,R,0.0,R,0.0,R,2.0,R,2.0,R,100.0,R,0.0,R,0.0,R,0.0,R,0.0,R,0.0,A,,R,20.0
457314,2018,A,,A,,A,,R,12.0,R,0.0,R,0.0,R,12.0,R,3.0,R,25.0,A,,A,,A,,A,,A,,A,,R,10.0
457323,2018,A,,A,,A,,R,67.0,R,0.0,R,0.0,R,67.0,R,57.0,R,85.0,A,,A,,A,,A,,A,,A,,R,20.0
457332,2018,A,,A,,A,,R,2.0,R,0.0,R,0.0,R,2.0,R,2.0,R,100.0,R,10.0,R,0.0,R,0.0,R,10.0,R,9.0,R,90.0,R,5.0
457341,2018,A,,A,,A,,R,24.0,R,0.0,Z,0.0,R,24.0,R,22.0,R,92.0,R,1.0,Z,0.0,Z,0.0,R,1.0,R,1.0,R,100.0,R,12.0
457350,2018,A,,A,,A,,A,,A,,A,,A,,A,,A,,A,,A,,A,,A,,A,,A,,R,16.0
457378,2018,A,,A,,A,,R,50.0,R,0.0,R,0.0,R,50.0,R,45.0,R,90.0,R,36.0,R,0.0,R,0.0,R,36.0,R,30.0,R,83.0,R,10.0
457387,2018,A,,A,,A,,R,81.0,R,1.0,R,0.0,R,80.0,R,72.0,R,90.0,A,,A,,A,,A,,A,,A,,R,13.0
457396,2018,A,,A,,A,,R,11.0,R,0.0,R,0.0,R,11.0,R,6.0,R,55.0,R,25.0,R,0.0,R,0.0,R,25.0,R,15.0,R,60.0,R,15.0
457402,2018,R,1.0,R,38.0,R,3.0,R,0.0,R,0.0,R,0.0,R,0.0,R,0.0,A,,R,2.0,R,0.0,R,0.0,R,2.0,R,1.0,R,50.0,R,5.0
457411,2018,A,,A,,A,,R,25.0,Z,0.0,Z,0.0,R,25.0,R,18.0,R,72.0,R,4.0,Z,0.0,Z,0.0,R,4.0,R,2.0,R,50.0,R,16.0
457420,2018,A,,A,,A,,R,5.0,Z,0.0,Z,0.0,R,5.0,R,3.0,R,60.0,R,3.0,Z,0.0,Z,0.0,R,3.0,R,3.0,R,100.0,R,11.0
457439,2018,A,,A,,A,,R,10.0,R,0.0,R,0.0,R,10.0,R,5.0,R,50.0,R,8.0,R,0.0,R,0.0,R,8.0,R,2.0,R,25.0,R,9.0
457448,2018,A,,A,,A,,R,38.0,R,0.0,R,0.0,R,38.0,R,27.0,R,71.0,A,,A,,A,,A,,A,,A,,R,15.0
457466,2018,A,,A,,A,,R,8.0,R,0.0,R,0.0,R,8.0,R,8.0,R,100.0,A,,A,,A,,A,,A,,A,,R,15.0
457475,2018,A,,A,,A,,R,21.0,R,0.0,R,0.0,R,21.0,R,19.0,R,90.0,A,,A,,A,,A,,A,,A,,R,13.0
457484,2018,R,17.0,R,27.0,R,63.0,R,10.0,R,0.0,R,0.0,R,10.0,R,6.0,R,60.0,R,2.0,R,0.0,R,0.0,R,2.0,R,0.0,R,0.0,R,13.0
457493,2018,A,,A,,A,,R,2.0,R,0.0,Z,0.0,R,2.0,R,2.0,R,100.0,A,,A,,A,,A,,A,,A,,R,8.0
457527,2018,A,,A,,A,,R,0.0,R,0.0,R,0.0,R,0.0,R,0.0,A,,R,0.0,R,0.0,R,0.0,R,0.0,R,0.0,A,,R,6.0
457536,2018,A,,A,,A,,R,61.0,Z,0.0,Z,0.0,R,61.0,R,45.0,R,74.0,A,,A,,A,,A,,A,,A,,R,25.0
457545,2018,A,,A,,A,,R,25.0,R,0.0,R,0.0,R,25.0,R,23.0,R,92.0,R,6.0,R,0.0,R,0.0,R,6.0,R,4.0,R,67.0,R,15.0
457554,2018,A,,A,,A,,R,21.0,R,0.0,R,0.0,R,21.0,R,16.0,R,76.0,A,,A,,A,,A,,A,,A,,R,9.0
457563,2018,A,,A,,A,,R,69.0,R,0.0,R,0.0,R,69.0,R,59.0,R,86.0,A,,A,,A,,A,,A,,A,,R,15.0
457572,2018,A,,A,,A,,R,5.0,R,0.0,Z,0.0,R,5.0,R,4.0,R,80.0,A,,A,,A,,A,,A,,A,,R,17.0
457581,2018,A,,A,,A,,R,17.0,R,0.0,R,0.0,R,17.0,R,14.0,R,82.0,R,0.0,R,0.0,R,0.0,R,0.0,R,0.0,A,,R,16.0
457606,2018,A,,A,,A,,R,22.0,R,0.0,R,0.0,R,22.0,R,20.0,R,91.0,A,,A,,A,,A,,A,,A,,R,15.0
457615,2018,A,,A,,A,,A,,A,,A,,A,,A,,A,,R,25.0,R,0.0,R,0.0,R,25.0,R,19.0,R,76.0,R,10.0
457624,2018,A,,A,,A,,R,8.0,R,0.0,R,0.0,R,8.0,R,7.0,R,88.0,A,,A,,A,,A,,A,,A,,R,10.0
457633,2018,A,,A,,A,,R,10.0,R,0.0,R,0.0,R,10.0,R,9.0,R,90.0,R,15.0,R,0.0,R,0.0,R,15.0,R,13.0,R,87.0,R,7.0
457642,2018,A,,A,,A,,R,9.0,R,0.0,R,0.0,R,9.0,R,7.0,R,78.0,A,,A,,A,,A,,A,,A,,R,23.0
457651,2018,A,,A,,A,,R,8.0,R,0.0,R,0.0,R,8.0,R,7.0,R,88.0,R,5.0,R,0.0,R,0.0,R,5.0,R,4.0,R,80.0,R,9.0
457679,2018,A,,A,,A,,R,4.0,R,0.0,R,0.0,R,4.0,R,0.0,R,0.0,A,,A,,A,,A,,A,,A,,R,13.0
457688,2018,A,,A,,A,,R,0.0,R,0.0,R,0.0,R,0.0,R,0.0,A,,A,,A,,A,,A,,A,,A,,R,14.0
457697,2018,A,,A,,A,,R,0.0,R,0.0,R,0.0,R,0.0,R,0.0,A,,R,2.0,R,0.0,R,0.0,R,2.0,R,1.0,R,50.0,R,8.0
457703,2018,A,,A,,A,,R,1.0,Z,0.0,R,0.0,R,1.0,R,1.0,R,100.0,R,1.0,R,0.0,R,0.0,R,1.0,R,1.0,R,100.0,R,8.0
457721,2018,A,,A,,A,,R,12.0,R,0.0,R,0.0,R,12.0,R,11.0,R,92.0,A,,A,,A,,A,,A,,A,,R,13.0
457749,2018,A,,A,,A,,R,22.0,R,0.0,Z,0.0,R,22.0,R,18.0,R,82.0,A,,A,,A,,A,,A,,A,,R,14.0
457767,2018,A,,A,,A,,R,31.0,Z,0.0,Z,0.0,R,31.0,R,18.0,R,58.0,A,,A,,A,,A,,A,,A,,R,20.0
457776,2018,A,,A,,A,,R,12.0,R,0.0,R,0.0,R,12.0,R,7.0,R,58.0,R,0.0,R,0.0,R,0.0,R,0.0,R,0.0,A,,R,18.0
457785,2018,A,,A,,A,,R,90.0,R,0.0,R,0.0,R,90.0,R,83.0,R,92.0,A,,A,,A,,A,,A,,A,,R,4.0
457794,2018,A,,A,,A,,R,74.0,R,0.0,R,0.0,R,74.0,R,69.0,R,93.0,A,,A,,A,,A,,A,,A,,R,20.0
457800,2018,A,,A,,A,,R,120.0,R,0.0,R,0.0,R,120.0,R,30.0,R,25.0,R,174.0,R,0.0,R,0.0,R,174.0,R,20.0,R,11.0,R,23.0
457819,2018,A,,A,,A,,A,,A,,A,,A,,A,,A,,A,,A,,A,,A,,A,,A,,R,9.0
457837,2018,A,,A,,A,,R,18.0,R,0.0,R,0.0,R,18.0,R,17.0,R,94.0,R,27.0,R,0.0,R,0.0,R,27.0,R,24.0,R,89.0,R,11.0
457846,2018,A,,A,,A,,R,1.0,R,0.0,R,0.0,R,1.0,R,1.0,R,100.0,R,6.0,R,0.0,R,0.0,R,6.0,R,6.0,R,100.0,R,7.0
457855,2018,A,,A,,A,,R,21.0,Z,0.0,Z,0.0,R,21.0,R,18.0,R,86.0,A,,A,,A,,A,,A,,A,,R,13.0
457864,2018,A,,A,,A,,R,9.0,R,0.0,R,0.0,R,9.0,R,9.0,R,100.0,R,6.0,R,1.0,Z,0.0,R,5.0,R,5.0,R,100.0,R,15.0
457873,2018,A,,A,,A,,A,,A,,A,,A,,A,,A,,R,30.0,R,0.0,R,0.0,R,30.0,R,22.0,R,73.0,R,4.0
457891,2018,A,,A,,A,,R,15.0,R,0.0,R,0.0,R,15.0,R,7.0,R,47.0,A,,A,,A,,A,,A,,A,,R,13.0
457916,2018,A,,A,,A,,R,12.0,R,0.0,R,0.0,R,12.0,R,12.0,R,100.0,R,13.0,R,0.0,R,0.0,R,13.0,R,13.0,R,100.0,R,8.0
457925,2018,A,,A,,A,,R,1.0,R,0.0,R,0.0,R,1.0,R,1.0,R,100.0,A,,A,,A,,A,,A,,A,,R,6.0
457943,2018,A,,A,,A,,R,23.0,R,0.0,R,0.0,R,23.0,R,15.0,R,65.0,A,,A,,A,,A,,A,,A,,R,4.0
457952,2018,A,,A,,A,,R,14.0,Z,0.0,R,0.0,R,14.0,R,13.0,R,93.0,R,4.0,Z,0.0,Z,0.0,R,4.0,R,4.0,R,100.0,R,16.0
457989,2018,A,,A,,A,,R,18.0,R,0.0,R,0.0,R,18.0,R,18.0,R,100.0,A,,A,,A,,A,,A,,A,,R,10.0
457998,2018,A,,A,,A,,R,1.0,R,0.0,R,0.0,R,1.0,R,1.0,R,100.0,A,,A,,A,,A,,A,,A,,R,17.0
458007,2018,A,,A,,A,,R,26.0,Z,0.0,Z,0.0,R,26.0,R,26.0,R,100.0,R,32.0,Z,0.0,Z,0.0,R,32.0,R,32.0,R,100.0,R,15.0
458016,2018,A,,A,,A,,R,93.0,R,0.0,R,0.0,R,93.0,R,81.0,R,87.0,A,,A,,A,,A,,A,,A,,R,25.0
458034,2018,R,5.0,R,17.0,R,29.0,R,9.0,R,0.0,R,0.0,R,9.0,R,9.0,R,100.0,R,2.0,R,0.0,R,0.0,R,2.0,R,2.0,R,100.0,R,11.0
458043,2018,A,,A,,A,,R,9.0,R,0.0,R,0.0,R,9.0,R,3.0,R,33.0,R,0.0,R,0.0,R,0.0,R,0.0,R,0.0,A,,R,15.0
458052,2018,A,,A,,A,,R,9.0,R,0.0,R,0.0,R,9.0,R,9.0,R,100.0,R,11.0,R,0.0,R,0.0,R,11.0,R,10.0,R,91.0,R,11.0
458061,2018,A,,A,,A,,R,0.0,R,0.0,R,0.0,R,0.0,R,0.0,A,,R,9.0,R,1.0,R,0.0,R,8.0,R,2.0,R,25.0,R,50.0
458070,2018,A,,A,,A,,R,47.0,R,0.0,R,0.0,R,47.0,R,43.0,R,91.0,R,0.0,R,0.0,R,0.0,R,0.0,R,0.0,A,,R,13.0
458098,2018,A,,A,,A,,R,20.0,R,0.0,R,0.0,R,20.0,R,19.0,R,95.0,R,1.0,R,0.0,R,0.0,R,1.0,R,0.0,R,0.0,R,10.0
458104,2018,A,,A,,A,,R,4.0,R,0.0,R,0.0,R,4.0,R,3.0,R,75.0,R,2.0,R,0.0,R,0.0,R,2.0,R,2.0,R,100.0,R,14.0
458113,2018,R,2.0,R,9.0,R,22.0,R,0.0,Z,0.0,Z,0.0,R,0.0,R,0.0,A,,R,1.0,Z,0.0,Z,0.0,R,1.0,R,0.0,R,0.0,R,3.0
458122,2018,A,,A,,A,,A,,A,,A,,A,,A,,A,,A,,A,,A,,A,,A,,A,,R,9.0
458131,2018,A,,A,,A,,R,52.0,R,0.0,R,0.0,R,52.0,R,37.0,R,71.0,A,,A,,A,,A,,A,,A,,R,10.0
458140,2018,R,7.0,R,46.0,R,15.0,R,13.0,Z,0.0,Z,0.0,R,13.0,R,13.0,R,100.0,A,,A,,A,,A,,A,,A,,R,10.0
458168,2018,A,,A,,A,,R,37.0,R,0.0,R,0.0,R,37.0,R,30.0,R,81.0,A,,A,,A,,A,,A,,A,,R,9.0
458210,2018,R,17.0,R,399.0,R,4.0,R,12.0,Z,0.0,Z,0.0,R,12.0,R,11.0,R,92.0,R,0.0,Z,0.0,Z,0.0,R,0.0,Z,0.0,A,,R,13.0
458229,2018,R,21.0,R,261.0,R,8.0,R,12.0,Z,0.0,Z,0.0,R,12.0,R,7.0,R,58.0,R,0.0,Z,0.0,Z,0.0,R,0.0,Z,0.0,A,,R,22.0
458265,2018,A,,A,,A,,R,335.0,R,0.0,R,0.0,R,335.0,R,290.0,R,87.0,R,19.0,R,0.0,R,0.0,R,19.0,R,18.0,R,95.0,R,25.0
458274,2018,A,,A,,A,,R,33.0,R,0.0,R,0.0,R,33.0,R,25.0,R,76.0,R,2.0,R,0.0,R,0.0,R,2.0,R,2.0,R,100.0,R,15.0
458380,2018,A,,A,,A,,R,36.0,R,0.0,R,0.0,R,36.0,R,18.0,R,50.0,A,,A,,A,,A,,A,,A,,R,22.0
458405,2018,A,,A,,A,,R,286.0,Z,0.0,Z,0.0,R,286.0,R,165.0,R,58.0,R,36.0,Z,0.0,Z,0.0,R,36.0,R,12.0,R,33.0,R,13.0
458423,2018,A,,A,,A,,A,,A,,A,,A,,A,,A,,A,,A,,A,,A,,A,,A,,R,12.0
458441,2018,A,,A,,A,,R,159.0,Z,0.0,Z,0.0,R,159.0,R,64.0,R,40.0,R,34.0,Z,0.0,Z,0.0,R,34.0,R,15.0,R,44.0,R,23.0
458478,2018,A,,A,,A,,R,50.0,Z,0.0,Z,0.0,R,50.0,R,21.0,R,42.0,A,,A,,A,,A,,A,,A,,R,21.0
458496,2018,R,36.0,R,96.0,R,38.0,R,14.0,Z,0.0,Z,0.0,R,14.0,R,13.0,R,93.0,R,17.0,Z,0.0,Z,0.0,R,17.0,R,13.0,R,76.0,R,15.0
458502,2018,R,44.0,R,141.0,R,31.0,R,0.0,R,0.0,R,0.0,R,0.0,R,0.0,A,,R,0.0,R,0.0,R,0.0,R,0.0,R,0.0,A,,R,14.0
458575,2018,R,1.0,R,5.0,R,20.0,R,8.0,R,0.0,R,0.0,R,8.0,R,4.0,R,50.0,A,,A,,A,,A,,A,,A,,R,3.0
458681,2018,A,,A,,A,,R,27.0,Z,0.0,Z,0.0,R,27.0,R,12.0,R,44.0,A,,A,,A,,A,,A,,A,,R,37.0
458803,2018,A,,A,,A,,R,39.0,R,0.0,Z,0.0,R,39.0,R,19.0,R,49.0,R,9.0,R,0.0,Z,0.0,R,9.0,R,3.0,R,33.0,R,19.0
458812,2018,A,,A,,A,,R,17.0,R,0.0,Z,0.0,R,17.0,R,10.0,R,59.0,A,,A,,A,,A,,A,,A,,R,24.0
458821,2018,A,,A,,A,,R,24.0,R,0.0,Z,0.0,R,24.0,R,14.0,R,58.0,A,,A,,A,,A,,A,,A,,R,25.0
458830,2018,A,,A,,A,,R,45.0,R,0.0,Z,0.0,R,45.0,R,25.0,R,56.0,R,16.0,R,0.0,Z,0.0,R,16.0,R,8.0,R,50.0,R,17.0
458849,2018,A,,A,,A,,R,20.0,R,0.0,Z,0.0,R,20.0,R,16.0,R,80.0,R,4.0,R,0.0,Z,0.0,R,4.0,R,4.0,R,100.0,R,19.0
458858,2018,A,,A,,A,,R,63.0,R,0.0,Z,0.0,R,63.0,R,25.0,R,40.0,R,23.0,R,0.0,Z,0.0,R,23.0,R,8.0,R,35.0,R,17.0
458867,2018,A,,A,,A,,R,94.0,R,0.0,Z,0.0,R,94.0,R,68.0,R,72.0,R,21.0,R,0.0,Z,0.0,R,21.0,R,10.0,R,48.0,R,19.0
458885,2018,A,,A,,A,,R,0.0,R,0.0,R,0.0,R,0.0,R,0.0,A,,R,20.0,R,0.0,R,0.0,R,20.0,R,5.0,R,25.0,R,50.0
458919,2018,R,14.0,R,2613.0,R,1.0,R,12.0,Z,0.0,Z,0.0,R,12.0,R,7.0,R,58.0,R,467.0,R,0.0,R,0.0,R,467.0,R,147.0,R,31.0,R,40.0
458955,2018,R,1.0,R,233.0,R,0.0,R,0.0,R,0.0,R,0.0,R,0.0,R,0.0,A,,R,27.0,R,0.0,R,0.0,R,27.0,R,10.0,R,37.0,R,29.0
458964,2018,R,6.0,R,935.0,R,1.0,R,3.0,Z,0.0,Z,0.0,R,3.0,R,1.0,R,33.0,R,155.0,Z,0.0,Z,0.0,R,155.0,R,43.0,R,28.0,R,46.0
458973,2018,R,4.0,R,839.0,R,0.0,R,7.0,R,0.0,R,0.0,R,7.0,R,5.0,R,71.0,R,123.0,R,0.0,R,0.0,R,123.0,R,40.0,R,33.0,R,37.0
458982,2018,R,40.0,R,157.0,R,25.0,R,48.0,Z,0.0,Z,0.0,R,48.0,R,24.0,R,50.0,R,31.0,Z,0.0,Z,0.0,R,31.0,R,11.0,R,35.0,R,16.0
459000,2018,A,,A,,A,,R,36.0,R,0.0,Z,0.0,R,36.0,R,17.0,R,47.0,A,,A,,A,,A,,A,,A,,R,25.0
459019,2018,A,,A,,A,,R,21.0,R,0.0,Z,0.0,R,21.0,R,5.0,R,24.0,R,10.0,R,0.0,Z,0.0,R,10.0,R,5.0,R,50.0,R,28.0
459037,2018,A,,A,,A,,R,27.0,R,0.0,Z,0.0,R,27.0,R,12.0,R,44.0,R,6.0,R,0.0,Z,0.0,R,6.0,R,2.0,R,33.0,R,13.0
459046,2018,A,,A,,A,,R,26.0,R,0.0,Z,0.0,R,26.0,R,7.0,R,27.0,R,9.0,R,0.0,Z,0.0,R,9.0,R,6.0,R,67.0,R,19.0
459055,2018,A,,A,,A,,R,25.0,R,0.0,Z,0.0,R,25.0,R,13.0,R,52.0,R,7.0,R,0.0,Z,0.0,R,7.0,R,4.0,R,57.0,R,17.0
459064,2018,A,,A,,A,,R,33.0,R,0.0,Z,0.0,R,33.0,R,17.0,R,52.0,R,5.0,R,0.0,Z,0.0,R,5.0,R,3.0,R,60.0,R,16.0
459073,2018,A,,A,,A,,R,35.0,R,0.0,Z,0.0,R,35.0,R,18.0,R,51.0,A,,A,,A,,A,,A,,A,,R,17.0
459107,2018,R,25.0,R,110.0,R,23.0,R,0.0,R,0.0,R,0.0,R,0.0,R,0.0,A,,R,0.0,R,0.0,R,0.0,R,0.0,R,0.0,A,,R,11.0
459116,2018,A,,A,,A,,R,23.0,R,0.0,R,0.0,R,23.0,R,14.0,R,61.0,A,,A,,A,,A,,A,,A,,R,15.0
459125,2018,A,,A,,A,,R,2.0,Z,0.0,Z,0.0,R,2.0,R,2.0,R,100.0,A,,A,,A,,A,,A,,A,,R,8.0
459161,2018,A,,A,,A,,R,0.0,R,0.0,R,0.0,R,0.0,R,0.0,A,,R,0.0,R,0.0,R,0.0,R,0.0,R,0.0,A,,R,15.0
459170,2018,A,,A,,A,,R,46.0,R,2.0,R,0.0,R,44.0,R,32.0,R,73.0,R,41.0,R,0.0,R,0.0,R,41.0,R,1.0,R,2.0,R,10.0
459189,2018,A,,A,,A,,R,1.0,R,0.0,R,0.0,R,1.0,R,1.0,R,100.0,R,2.0,R,0.0,R,0.0,R,2.0,R,2.0,R,100.0,R,12.0
459198,2018,A,,A,,A,,R,32.0,R,0.0,R,0.0,R,32.0,R,28.0,R,88.0,R,14.0,R,0.0,R,0.0,R,14.0,R,13.0,R,93.0,R,15.0
459204,2018,A,,A,,A,,R,0.0,R,0.0,R,0.0,R,0.0,R,0.0,A,,A,,A,,A,,A,,A,,A,,R,21.0
459213,2018,A,,A,,A,,R,1.0,Z,0.0,Z,0.0,R,1.0,R,1.0,R,100.0,A,,A,,A,,A,,A,,A,,R,18.0
459231,2018,A,,A,,A,,R,19.0,R,0.0,R,0.0,R,19.0,R,15.0,R,79.0,A,,A,,A,,A,,A,,A,,R,20.0
459259,2018,R,12.0,R,81.0,R,15.0,R,11.0,Z,0.0,Z,0.0,R,11.0,R,5.0,R,45.0,R,3.0,Z,0.0,Z,0.0,R,3.0,R,0.0,R,0.0,R,9.0
459268,2018,R,5.0,R,85.0,R,6.0,R,4.0,Z,0.0,Z,0.0,R,4.0,R,1.0,R,25.0,R,1.0,Z,0.0,Z,0.0,R,1.0,Z,0.0,R,0.0,R,9.0
459277,2018,A,,A,,A,,R,71.0,R,0.0,R,0.0,R,71.0,R,55.0,R,77.0,A,,A,,A,,A,,A,,A,,R,16.0
459286,2018,A,,A,,A,,R,20.0,R,0.0,R,0.0,R,20.0,R,13.0,R,65.0,R,4.0,R,0.0,R,0.0,R,4.0,R,2.0,R,50.0,R,15.0
459295,2018,A,,A,,A,,R,13.0,R,0.0,R,0.0,R,13.0,R,9.0,R,69.0,R,11.0,R,0.0,R,0.0,R,11.0,R,7.0,R,64.0,R,3.0
459301,2018,A,,A,,A,,R,18.0,R,0.0,R,0.0,R,18.0,R,15.0,R,83.0,R,0.0,R,0.0,R,0.0,R,0.0,R,0.0,A,,R,17.0
459310,2018,R,49.0,R,49.0,R,100.0,R,73.0,R,8.0,R,0.0,R,65.0,R,65.0,R,100.0,A,,A,,A,,A,,A,,A,,R,15.0
459329,2018,A,,A,,A,,R,136.0,R,0.0,R,0.0,R,136.0,R,90.0,R,66.0,R,14.0,R,0.0,R,0.0,R,14.0,R,10.0,R,71.0,R,12.0
459347,2018,A,,A,,A,,R,5.0,R,0.0,R,0.0,R,5.0,R,2.0,R,40.0,R,6.0,R,0.0,R,0.0,R,6.0,R,5.0,R,83.0,R,6.0
459374,2018,A,,A,,A,,A,,A,,A,,A,,A,,A,,A,,A,,A,,A,,A,,A,,R,9.0
459392,2018,A,,A,,A,,R,23.0,Z,0.0,Z,0.0,R,23.0,R,22.0,R,96.0,R,4.0,Z,0.0,Z,0.0,R,4.0,R,4.0,R,100.0,R,13.0
459408,2018,A,,A,,A,,R,18.0,R,0.0,R,0.0,R,18.0,R,18.0,R,100.0,R,5.0,R,0.0,R,0.0,R,5.0,R,5.0,R,100.0,R,9.0
459417,2018,R,36.0,R,49.0,R,73.0,R,34.0,R,0.0,R,0.0,R,34.0,R,25.0,R,74.0,A,,A,,A,,A,,A,,A,,R,12.0
459426,2018,A,,A,,A,,R,42.0,Z,0.0,Z,0.0,R,42.0,R,26.0,R,62.0,A,,A,,A,,A,,A,,A,,R,5.0
459462,2018,A,,A,,A,,R,39.0,R,0.0,R,0.0,R,39.0,R,23.0,R,59.0,R,142.0,R,0.0,R,0.0,R,142.0,R,23.0,R,16.0,R,28.0
459499,2018,A,,A,,A,,A,,A,,A,,A,,A,,A,,A,,A,,A,,A,,A,,A,,R,6.0
459514,2018,R,24.0,R,32.0,R,75.0,R,31.0,Z,0.0,Z,0.0,R,31.0,R,17.0,R,55.0,A,,A,,A,,A,,A,,A,,R,20.0
459523,2018,A,,A,,A,,R,8.0,R,0.0,R,0.0,R,8.0,R,2.0,R,25.0,R,1.0,R,0.0,R,0.0,R,1.0,R,1.0,R,100.0,R,10.0
459532,2018,A,,A,,A,,R,17.0,R,0.0,R,0.0,R,17.0,R,13.0,R,76.0,A,,A,,A,,A,,A,,A,,R,25.0
459541,2018,A,,A,,A,,R,3.0,R,0.0,R,0.0,R,3.0,R,3.0,R,100.0,R,2.0,R,0.0,R,0.0,R,2.0,R,2.0,R,100.0,R,7.0
459550,2018,A,,A,,A,,R,14.0,R,0.0,R,0.0,R,14.0,R,12.0,R,86.0,R,0.0,R,0.0,R,0.0,R,0.0,R,0.0,A,,R,14.0
459578,2018,A,,A,,A,,R,13.0,R,0.0,R,0.0,R,13.0,R,12.0,R,92.0,R,6.0,R,0.0,R,0.0,R,6.0,R,3.0,R,50.0,R,12.0
459727,2018,R,21.0,R,152.0,R,14.0,R,26.0,R,0.0,R,0.0,R,26.0,R,18.0,R,69.0,R,13.0,R,0.0,R,0.0,R,13.0,R,3.0,R,23.0,R,9.0
459824,2018,A,,A,,A,,A,,A,,A,,A,,A,,A,,A,,A,,A,,A,,A,,A,,R,9.0
459842,2018,R,18.0,R,87.0,R,21.0,R,11.0,R,0.0,R,0.0,R,11.0,R,8.0,R,73.0,R,1.0,R,0.0,R,0.0,R,1.0,R,1.0,R,100.0,R,16.0
459851,2018,R,36.0,R,108.0,R,33.0,R,3.0,R,0.0,R,0.0,R,3.0,R,1.0,R,33.0,R,1.0,R,0.0,R,0.0,R,1.0,R,1.0,R,100.0,R,13.0
459949,2018,R,473.0,R,1740.0,R,27.0,R,510.0,R,0.0,R,0.0,R,510.0,R,302.0,R,59.0,R,54.0,R,0.0,R,0.0,R,54.0,R,23.0,R,43.0,R,18.0
459958,2018,A,,A,,A,,R,63.0,Z,0.0,Z,0.0,R,63.0,R,43.0,R,68.0,A,,A,,A,,A,,A,,A,,R,27.0
459967,2018,A,,A,,A,,R,325.0,Z,0.0,Z,0.0,R,325.0,R,215.0,R,66.0,A,,A,,A,,A,,A,,A,,R,28.0
459985,2018,A,,A,,A,,R,372.0,Z,0.0,Z,0.0,R,372.0,R,196.0,R,53.0,A,,A,,A,,A,,A,,A,,R,28.0
459994,2018,R,14.0,R,2848.0,R,0.0,R,11.0,R,0.0,R,0.0,R,11.0,R,5.0,R,45.0,R,451.0,R,0.0,R,0.0,R,451.0,R,143.0,R,32.0,R,11.0
460011,2018,A,,A,,A,,R,15.0,R,0.0,R,0.0,R,15.0,R,14.0,R,93.0,R,6.0,R,0.0,R,0.0,R,6.0,R,5.0,R,83.0,R,20.0
460020,2018,A,,A,,A,,R,26.0,Z,0.0,Z,0.0,R,26.0,R,13.0,R,50.0,A,,A,,A,,A,,A,,A,,R,14.0
460093,2018,A,,A,,A,,R,41.0,R,0.0,R,0.0,R,41.0,R,35.0,R,85.0,A,,A,,A,,A,,A,,A,,R,12.0
460109,2018,A,,A,,A,,R,67.0,R,0.0,R,0.0,R,67.0,R,44.0,R,66.0,A,,A,,A,,A,,A,,A,,R,17.0
460118,2018,A,,A,,A,,R,58.0,R,0.0,R,0.0,R,58.0,R,42.0,R,72.0,A,,A,,A,,A,,A,,A,,R,21.0
460127,2018,A,,A,,A,,R,23.0,R,0.0,R,0.0,R,23.0,R,20.0,R,87.0,A,,A,,A,,A,,A,,A,,R,10.0
460136,2018,A,,A,,A,,R,116.0,R,0.0,R,0.0,R,116.0,R,90.0,R,78.0,A,,A,,A,,A,,A,,A,,R,25.0
460145,2018,A,,A,,A,,A,,A,,A,,A,,A,,A,,A,,A,,A,,A,,A,,A,,R,9.0
460172,2018,A,,A,,A,,R,132.0,Z,0.0,Z,0.0,R,132.0,R,102.0,R,77.0,A,,A,,A,,A,,A,,A,,R,22.0
460181,2018,A,,A,,A,,R,202.0,Z,0.0,Z,0.0,R,202.0,R,145.0,R,72.0,A,,A,,A,,A,,A,,A,,R,44.0
460190,2018,A,,A,,A,,R,82.0,Z,0.0,Z,0.0,R,82.0,R,64.0,R,78.0,A,,A,,A,,A,,A,,A,,R,45.0
460206,2018,A,,A,,A,,R,201.0,Z,0.0,Z,0.0,R,201.0,R,147.0,R,73.0,A,,A,,A,,A,,A,,A,,R,45.0
460349,2018,R,4.0,R,201.0,R,2.0,R,3.0,R,0.0,R,0.0,R,3.0,R,0.0,R,0.0,R,18.0,R,0.0,R,0.0,R,18.0,R,5.0,R,28.0,R,18.0
460376,2018,R,2.0,R,5.0,R,40.0,R,6.0,R,0.0,R,0.0,R,6.0,R,4.0,R,67.0,R,0.0,R,0.0,R,0.0,R,0.0,R,0.0,A,,R,9.0
460385,2018,A,,A,,A,,R,24.0,R,4.0,R,0.0,R,20.0,R,19.0,R,95.0,A,,A,,A,,A,,A,,A,,R,10.0
460394,2018,R,835.0,R,3753.0,R,22.0,R,700.0,R,0.0,R,0.0,R,700.0,R,405.0,R,58.0,R,715.0,R,0.0,R,0.0,R,715.0,R,275.0,R,38.0,R,26.0
460446,2018,A,,A,,A,,R,12.0,R,0.0,R,0.0,R,12.0,R,8.0,R,67.0,R,22.0,Z,0.0,Z,0.0,R,22.0,R,16.0,R,73.0,R,12.0
460455,2018,A,,A,,A,,R,6.0,R,0.0,R,0.0,R,6.0,R,6.0,R,100.0,R,14.0,R,0.0,R,0.0,R,14.0,R,14.0,R,100.0,R,6.0
460464,2018,R,676.0,R,3969.0,R,17.0,R,631.0,R,0.0,R,0.0,R,631.0,R,454.0,R,72.0,R,869.0,R,0.0,R,0.0,R,869.0,R,435.0,R,50.0,R,30.0
460482,2018,A,,A,,A,,R,31.0,R,0.0,R,0.0,R,31.0,R,10.0,R,32.0,A,,A,,A,,A,,A,,A,,R,14.0
460516,2018,A,,A,,A,,R,29.0,Z,0.0,Z,0.0,R,29.0,R,11.0,R,38.0,A,,A,,A,,A,,A,,A,,R,16.0
460525,2018,A,,A,,A,,A,,A,,A,,A,,A,,A,,A,,A,,A,,A,,A,,A,,R,14.0
460534,2018,A,,A,,A,,R,68.0,R,0.0,R,0.0,R,68.0,R,44.0,R,65.0,A,,A,,A,,A,,A,,A,,R,15.0
460543,2018,A,,A,,A,,R,298.0,R,1.0,R,0.0,R,297.0,R,228.0,R,77.0,A,,A,,A,,A,,A,,A,,R,39.0
460552,2018,A,,A,,A,,R,2.0,R,0.0,R,0.0,R,2.0,R,2.0,R,100.0,R,8.0,Z,0.0,Z,0.0,R,8.0,R,7.0,R,88.0,R,15.0
460570,2018,A,,A,,A,,R,28.0,R,0.0,R,0.0,R,28.0,R,26.0,R,93.0,R,1.0,R,0.0,R,0.0,R,1.0,R,0.0,R,0.0,R,15.0
460598,2018,A,,A,,A,,R,150.0,R,0.0,R,0.0,R,150.0,R,50.0,R,33.0,R,62.0,R,0.0,R,0.0,R,62.0,R,13.0,R,21.0,R,12.0
460640,2018,A,,A,,A,,A,,A,,A,,A,,A,,A,,A,,A,,A,,A,,A,,A,,R,30.0
460677,2018,R,72.0,R,143.0,R,50.0,R,130.0,R,0.0,R,0.0,R,130.0,R,24.0,R,18.0,R,4.0,R,0.0,R,0.0,R,4.0,R,2.0,R,50.0,R,20.0
460701,2018,A,,A,,A,,R,10.0,R,0.0,R,0.0,R,10.0,R,8.0,R,80.0,R,12.0,R,0.0,R,0.0,R,12.0,R,9.0,R,75.0,R,12.0
460738,2018,A,,A,,A,,R,0.0,R,0.0,R,0.0,R,0.0,R,0.0,A,,R,0.0,R,0.0,R,0.0,R,0.0,R,0.0,A,,R,25.0
460756,2018,R,213.0,R,691.0,R,31.0,R,180.0,R,0.0,R,0.0,R,180.0,R,74.0,R,41.0,A,,A,,A,,A,,A,,A,,R,21.0
460765,2018,A,,A,,A,,R,50.0,R,0.0,R,0.0,R,50.0,R,44.0,R,88.0,A,,A,,A,,A,,A,,A,,R,11.0
460783,2018,A,,A,,A,,R,23.0,R,0.0,R,0.0,R,23.0,R,12.0,R,52.0,A,,A,,A,,A,,A,,A,,R,8.0
460808,2018,A,,A,,A,,A,,A,,A,,A,,A,,A,,A,,A,,A,,A,,A,,A,,R,11.0
460817,2018,A,,A,,A,,R,177.0,Z,0.0,Z,0.0,R,177.0,R,101.0,R,57.0,R,54.0,Z,0.0,Z,0.0,R,54.0,R,22.0,R,41.0,R,18.0
460826,2018,A,,A,,A,,R,180.0,Z,0.0,Z,0.0,R,180.0,R,79.0,R,44.0,R,26.0,Z,0.0,Z,0.0,R,26.0,R,9.0,R,35.0,R,16.0
460835,2018,A,,A,,A,,R,175.0,Z,0.0,Z,0.0,R,175.0,R,74.0,R,42.0,R,169.0,Z,0.0,Z,0.0,R,169.0,R,37.0,R,22.0,R,31.0
460862,2018,A,,A,,A,,R,10.0,R,0.0,R,0.0,R,10.0,R,9.0,R,90.0,R,4.0,R,0.0,R,0.0,R,4.0,R,3.0,R,75.0,R,19.0
460871,2018,R,1.0,R,147.0,R,1.0,R,1.0,R,0.0,R,0.0,R,1.0,R,1.0,R,100.0,R,0.0,R,0.0,R,0.0,R,0.0,R,0.0,A,,R,8.0
460899,2018,A,,A,,A,,R,34.0,R,0.0,R,0.0,R,34.0,R,16.0,R,47.0,A,,A,,A,,A,,A,,A,,R,9.0
460914,2018,A,,A,,A,,R,16.0,Z,0.0,Z,0.0,R,16.0,R,16.0,R,100.0,A,,A,,A,,A,,A,,A,,R,14.0
460932,2018,A,,A,,A,,R,61.0,R,0.0,R,0.0,R,61.0,R,61.0,R,100.0,A,,A,,A,,A,,A,,A,,R,15.0
460969,2018,A,,A,,A,,R,41.0,R,0.0,R,0.0,R,41.0,R,37.0,R,90.0,A,,A,,A,,A,,A,,A,,R,19.0
460978,2018,A,,A,,A,,R,79.0,R,0.0,R,0.0,R,79.0,R,62.0,R,78.0,R,19.0,R,0.0,R,0.0,R,19.0,R,6.0,R,32.0,R,21.0
460987,2018,A,,A,,A,,R,37.0,R,0.0,Z,0.0,R,37.0,R,31.0,R,84.0,A,,A,,A,,A,,A,,A,,R,10.0
460996,2018,A,,A,,A,,R,24.0,Z,0.0,Z,0.0,R,24.0,R,21.0,R,88.0,R,1.0,Z,0.0,Z,0.0,R,1.0,R,1.0,R,100.0,R,10.0
461005,2018,A,,A,,A,,R,0.0,R,0.0,R,0.0,R,0.0,R,0.0,A,,R,0.0,R,0.0,R,0.0,R,0.0,R,0.0,A,,R,25.0
461014,2018,R,221.0,R,295.0,R,75.0,R,140.0,R,0.0,R,0.0,R,140.0,R,61.0,R,44.0,A,,A,,A,,A,,A,,A,,R,35.0
461023,2018,A,,A,,A,,R,7.0,R,0.0,R,0.0,R,7.0,R,4.0,R,57.0,R,2.0,R,0.0,R,0.0,R,2.0,R,0.0,R,0.0,R,50.0
461032,2018,R,12.0,R,43.0,R,28.0,R,5.0,R,0.0,R,0.0,R,5.0,R,2.0,R,40.0,R,2.0,R,0.0,R,0.0,R,2.0,R,1.0,R,50.0,R,8.0
461111,2018,A,,A,,A,,P,16.0,P,0.0,P,0.0,P,16.0,P,16.0,P,100.0,P,4.0,P,0.0,P,0.0,P,4.0,P,4.0,P,100.0,P,10.0
461148,2018,R,226.0,R,274.0,R,82.0,R,108.0,R,2.0,Z,0.0,R,106.0,R,86.0,R,81.0,A,,A,,A,,A,,A,,A,,R,7.0
461157,2018,A,,A,,A,,R,6.0,Z,0.0,Z,0.0,R,6.0,R,5.0,R,83.0,A,,A,,A,,A,,A,,A,,R,5.0
461175,2018,A,,A,,A,,R,30.0,Z,0.0,Z,0.0,R,30.0,R,24.0,R,80.0,R,15.0,Z,0.0,Z,0.0,R,15.0,R,10.0,R,67.0,R,11.0
461193,2018,A,,A,,A,,R,47.0,Z,0.0,R,0.0,R,47.0,R,43.0,R,91.0,A,,A,,A,,A,,A,,A,,R,17.0
461218,2018,A,,A,,A,,R,21.0,R,0.0,R,0.0,R,21.0,R,21.0,R,100.0,R,0.0,R,0.0,R,0.0,R,0.0,R,0.0,A,,R,12.0
461245,2018,A,,A,,A,,R,14.0,R,0.0,R,0.0,R,14.0,R,10.0,R,71.0,R,40.0,R,0.0,R,0.0,R,40.0,R,30.0,R,75.0,R,6.0
461254,2018,A,,A,,A,,R,13.0,Z,0.0,Z,0.0,R,13.0,R,13.0,R,100.0,A,,A,,A,,A,,A,,A,,R,10.0
461263,2018,A,,A,,A,,R,10.0,Z,0.0,Z,0.0,R,10.0,R,8.0,R,80.0,A,,A,,A,,A,,A,,A,,R,9.0
461272,2018,A,,A,,A,,R,11.0,R,0.0,R,0.0,R,11.0,R,6.0,R,55.0,R,5.0,R,0.0,R,0.0,R,5.0,R,1.0,R,20.0,R,6.0
461281,2018,A,,A,,A,,R,0.0,R,0.0,R,0.0,R,0.0,R,0.0,A,,R,0.0,R,0.0,R,0.0,R,0.0,R,0.0,A,,R,12.0
461290,2018,A,,A,,A,,R,26.0,R,0.0,R,0.0,R,26.0,R,24.0,R,92.0,R,14.0,R,0.0,R,0.0,R,14.0,R,12.0,R,86.0,R,8.0
461306,2018,A,,A,,A,,R,37.0,R,0.0,R,0.0,R,37.0,R,7.0,R,19.0,R,105.0,R,0.0,R,0.0,R,105.0,R,30.0,R,29.0,R,12.0
461315,2018,R,11.0,R,33.0,R,33.0,R,10.0,R,0.0,R,0.0,R,10.0,R,5.0,R,50.0,R,11.0,R,0.0,R,0.0,R,11.0,R,4.0,R,36.0,R,6.0
461324,2018,A,,A,,A,,A,,A,,A,,A,,A,,A,,A,,A,,A,,A,,A,,A,,R,25.0
461333,2018,A,,A,,A,,A,,A,,A,,A,,A,,A,,A,,A,,A,,A,,A,,A,,R,2.0
461342,2018,A,,A,,A,,R,21.0,Z,0.0,Z,0.0,R,21.0,R,21.0,R,100.0,R,9.0,Z,0.0,Z,0.0,R,9.0,R,9.0,R,100.0,R,10.0
461351,2018,A,,A,,A,,R,89.0,Z,0.0,Z,0.0,R,89.0,R,75.0,R,84.0,R,477.0,R,62.0,Z,0.0,R,415.0,R,365.0,R,88.0,R,22.0
461360,2018,A,,A,,A,,R,7.0,R,0.0,R,0.0,R,7.0,R,5.0,R,71.0,A,,A,,A,,A,,A,,A,,R,10.0
461379,2018,A,,A,,A,,A,,A,,A,,A,,A,,A,,A,,A,,A,,A,,A,,A,,R,3.0
461388,2018,A,,A,,A,,R,13.0,Z,0.0,Z,0.0,R,13.0,R,5.0,R,38.0,A,,A,,A,,A,,A,,A,,R,11.0
461412,2018,A,,A,,A,,A,,A,,A,,A,,A,,A,,A,,A,,A,,A,,A,,A,,R,18.0
461421,2018,A,,A,,A,,R,34.0,R,0.0,R,0.0,R,34.0,R,25.0,R,74.0,A,,A,,A,,A,,A,,A,,R,13.0
461430,2018,A,,A,,A,,A,,A,,A,,A,,A,,A,,R,116.0,R,0.0,Z,0.0,R,116.0,R,92.0,R,79.0,R,15.0
461494,2018,A,,A,,A,,R,8.0,R,0.0,R,0.0,R,8.0,R,7.0,R,88.0,R,12.0,R,0.0,R,0.0,R,12.0,R,11.0,R,92.0,R,14.0
461500,2018,A,,A,,A,,R,3.0,R,0.0,R,0.0,R,3.0,R,2.0,R,67.0,R,3.0,R,0.0,R,0.0,R,3.0,R,2.0,R,67.0,R,10.0
461528,2018,R,5.0,R,14.0,R,36.0,R,0.0,R,0.0,R,0.0,R,0.0,R,0.0,A,,R,5.0,R,0.0,R,0.0,R,5.0,R,3.0,R,60.0,R,7.0
461537,2018,A,,A,,A,,R,9.0,R,0.0,R,0.0,R,9.0,R,9.0,R,100.0,A,,A,,A,,A,,A,,A,,R,9.0
461546,2018,A,,A,,A,,R,6.0,Z,0.0,Z,0.0,R,6.0,R,6.0,R,100.0,A,,A,,A,,A,,A,,A,,R,8.0
461555,2018,A,,A,,A,,R,43.0,R,0.0,R,0.0,R,43.0,R,41.0,R,95.0,A,,A,,A,,A,,A,,A,,R,20.0
461573,2018,A,,A,,A,,R,32.0,Z,0.0,Z,0.0,R,32.0,R,25.0,R,78.0,A,,A,,A,,A,,A,,A,,R,13.0
461582,2018,A,,A,,A,,A,,A,,A,,A,,A,,A,,A,,A,,A,,A,,A,,A,,R,12.0
461591,2018,A,,A,,A,,R,15.0,R,0.0,R,0.0,R,15.0,R,11.0,R,73.0,A,,A,,A,,A,,A,,A,,R,15.0
461607,2018,A,,A,,A,,R,8.0,R,0.0,R,0.0,R,8.0,R,4.0,R,50.0,R,7.0,R,0.0,R,0.0,R,7.0,R,5.0,R,71.0,R,13.0
461625,2018,A,,A,,A,,R,6.0,R,0.0,R,0.0,R,6.0,R,5.0,R,83.0,A,,A,,A,,A,,A,,A,,R,6.0
461643,2018,A,,A,,A,,A,,A,,A,,A,,A,,A,,A,,A,,A,,A,,A,,A,,R,6.0
461652,2018,A,,A,,A,,R,10.0,R,0.0,R,0.0,R,10.0,R,7.0,R,70.0,R,2.0,R,0.0,R,0.0,R,2.0,R,2.0,R,100.0,R,9.0
461689,2018,A,,A,,A,,R,35.0,R,0.0,R,0.0,R,35.0,R,30.0,R,86.0,A,,A,,A,,A,,A,,A,,R,25.0
461704,2018,A,,A,,A,,R,89.0,R,0.0,R,0.0,R,89.0,R,64.0,R,72.0,A,,A,,A,,A,,A,,A,,R,13.0
461713,2018,A,,A,,A,,A,,A,,A,,A,,A,,A,,A,,A,,A,,A,,A,,A,,R,9.0
461722,2018,A,,A,,A,,R,7.0,R,0.0,R,0.0,R,7.0,R,5.0,R,71.0,A,,A,,A,,A,,A,,A,,R,8.0
461740,2018,A,,A,,A,,R,14.0,R,0.0,R,0.0,R,14.0,R,9.0,R,64.0,A,,A,,A,,A,,A,,A,,R,20.0
461759,2018,R,57.0,R,64.0,R,89.0,R,47.0,R,0.0,R,0.0,R,47.0,R,23.0,R,49.0,R,10.0,R,0.0,R,0.0,R,10.0,R,2.0,R,20.0,R,9.0
461768,2018,A,,A,,A,,A,,A,,A,,A,,A,,A,,A,,A,,A,,A,,A,,A,,R,25.0
461786,2018,A,,A,,A,,R,21.0,R,0.0,R,0.0,R,21.0,R,21.0,R,100.0,A,,A,,A,,A,,A,,A,,R,6.0
461795,2018,R,57.0,R,77.0,R,74.0,R,50.0,R,0.0,R,0.0,R,50.0,R,30.0,R,60.0,A,,A,,A,,A,,A,,A,,R,15.0
461801,2018,A,,A,,A,,R,12.0,R,0.0,R,0.0,R,12.0,R,9.0,R,75.0,A,,A,,A,,A,,A,,A,,R,4.0
461810,2018,A,,A,,A,,R,20.0,R,0.0,R,0.0,R,20.0,R,1.0,R,5.0,R,1.0,R,0.0,R,0.0,R,1.0,R,0.0,R,0.0,R,20.0
461829,2018,A,,A,,A,,R,40.0,R,0.0,R,0.0,R,40.0,R,32.0,R,80.0,A,,A,,A,,A,,A,,A,,R,10.0
461838,2018,A,,A,,A,,A,,A,,A,,A,,A,,A,,A,,A,,A,,A,,A,,A,,R,20.0
461856,2018,A,,A,,A,,R,182.0,R,0.0,R,0.0,R,182.0,R,142.0,R,78.0,A,,A,,A,,A,,A,,A,,R,27.0
461865,2018,A,,A,,A,,R,41.0,R,8.0,R,0.0,R,33.0,R,23.0,R,70.0,A,,A,,A,,A,,A,,A,,R,40.0
461874,2018,A,,A,,A,,R,9.0,R,0.0,R,0.0,R,9.0,R,8.0,R,89.0,A,,A,,A,,A,,A,,A,,R,10.0
461883,2018,R,3.0,R,14.0,R,21.0,R,4.0,R,0.0,R,0.0,R,4.0,R,3.0,R,75.0,R,1.0,R,0.0,R,0.0,R,1.0,R,1.0,R,100.0,R,20.0
461892,2018,A,,A,,A,,R,32.0,R,0.0,R,0.0,R,32.0,R,24.0,R,75.0,A,,A,,A,,A,,A,,A,,R,10.0
461908,2018,A,,A,,A,,R,15.0,R,0.0,R,0.0,R,15.0,R,12.0,R,80.0,R,6.0,R,0.0,R,0.0,R,6.0,R,6.0,R,100.0,R,13.0
461917,2018,A,,A,,A,,R,24.0,R,0.0,R,0.0,R,24.0,R,19.0,R,79.0,R,17.0,R,0.0,R,0.0,R,17.0,R,12.0,R,71.0,R,15.0
461926,2018,A,,A,,A,,R,51.0,R,0.0,R,0.0,R,51.0,R,45.0,R,88.0,R,16.0,R,1.0,R,0.0,R,15.0,R,14.0,R,93.0,R,14.0
461944,2018,A,,A,,A,,R,24.0,R,0.0,R,0.0,R,24.0,R,10.0,R,42.0,A,,A,,A,,A,,A,,A,,R,6.0
461953,2018,R,10.0,R,32.0,R,31.0,R,10.0,R,0.0,R,0.0,R,10.0,R,8.0,R,80.0,R,1.0,R,0.0,R,0.0,R,1.0,R,0.0,R,0.0,R,16.0
461962,2018,A,,A,,A,,R,166.0,Z,0.0,Z,0.0,R,166.0,R,136.0,R,82.0,R,124.0,R,0.0,R,0.0,R,124.0,R,92.0,R,74.0,R,12.0
461999,2018,A,,A,,A,,R,32.0,R,1.0,R,0.0,R,31.0,R,19.0,R,61.0,A,,A,,A,,A,,A,,A,,R,13.0
462008,2018,A,,A,,A,,R,33.0,R,0.0,R,0.0,R,33.0,R,30.0,R,91.0,R,0.0,R,0.0,R,0.0,R,0.0,R,0.0,A,,R,15.0
462017,2018,A,,A,,A,,R,22.0,Z,0.0,Z,0.0,R,22.0,R,16.0,R,73.0,A,,A,,A,,A,,A,,A,,R,17.0
462035,2018,A,,A,,A,,R,107.0,R,0.0,R,0.0,R,107.0,R,101.0,R,94.0,R,12.0,R,0.0,R,0.0,R,12.0,R,11.0,R,92.0,R,12.0
462053,2018,A,,A,,A,,R,29.0,R,0.0,R,0.0,R,29.0,R,25.0,R,86.0,A,,A,,A,,A,,A,,A,,R,20.0
462062,2018,A,,A,,A,,R,13.0,Z,0.0,Z,0.0,R,13.0,R,9.0,R,69.0,R,4.0,Z,0.0,Z,0.0,R,4.0,R,4.0,R,100.0,R,13.0
462071,2018,A,,A,,A,,R,22.0,R,0.0,R,0.0,R,22.0,R,12.0,R,55.0,R,0.0,R,0.0,R,0.0,R,0.0,R,0.0,A,,R,15.0
462309,2018,A,,A,,A,,A,,A,,A,,A,,A,,A,,A,,A,,A,,A,,A,,A,,R,8.0
462318,2018,A,,A,,A,,A,,A,,A,,A,,A,,A,,A,,A,,A,,A,,A,,A,,R,30.0
462327,2018,A,,A,,A,,A,,A,,A,,A,,A,,A,,A,,A,,A,,A,,A,,A,,R,20.0
462336,2018,A,,A,,A,,R,32.0,Z,0.0,Z,0.0,R,32.0,R,25.0,R,78.0,A,,A,,A,,A,,A,,A,,R,25.0
462345,2018,A,,A,,A,,R,17.0,R,0.0,R,0.0,R,17.0,R,14.0,R,82.0,R,25.0,R,0.0,R,0.0,R,25.0,R,20.0,R,80.0,R,13.0
462354,2018,R,83.0,R,113.0,R,73.0,R,75.0,R,0.0,R,0.0,R,75.0,R,60.0,R,80.0,R,2.0,R,0.0,R,0.0,R,2.0,R,1.0,R,50.0,R,15.0
463056,2018,R,620.0,R,688.0,R,90.0,R,512.0,R,1.0,Z,0.0,R,511.0,R,429.0,R,84.0,R,9.0,Z,0.0,Z,0.0,R,9.0,R,4.0,R,44.0,R,21.0
464226,2018,R,197.0,R,305.0,R,65.0,R,252.0,R,0.0,R,0.0,R,252.0,R,109.0,R,43.0,R,16.0,R,0.0,R,0.0,R,16.0,R,1.0,R,6.0,R,11.0
465812,2018,A,,A,,A,,R,871.0,R,0.0,R,0.0,R,871.0,R,397.0,R,46.0,A,,A,,A,,A,,A,,A,,R,30.0
466152,2018,A,,A,,A,,R,0.0,Z,0.0,Z,0.0,R,0.0,Z,0.0,A,,R,2.0,Z,0.0,Z,0.0,R,2.0,R,1.0,R,50.0,R,3.0
466161,2018,R,5.0,R,16.0,R,31.0,R,1.0,Z,0.0,Z,0.0,R,1.0,R,1.0,R,100.0,R,1.0,Z,0.0,Z,0.0,R,1.0,R,0.0,R,0.0,R,6.0
466189,2018,R,1.0,R,28.0,R,4.0,R,0.0,Z,0.0,Z,0.0,R,0.0,R,0.0,A,,R,2.0,Z,0.0,Z,0.0,R,2.0,R,0.0,R,0.0,R,7.0
466921,2018,R,4.0,R,143.0,R,3.0,R,3.0,R,0.0,R,0.0,R,3.0,R,1.0,R,33.0,R,0.0,R,0.0,R,0.0,R,0.0,R,0.0,A,,R,8.0
466930,2018,R,4.0,R,287.0,R,1.0,R,2.0,R,0.0,R,0.0,R,2.0,R,1.0,R,50.0,R,2.0,R,0.0,R,0.0,R,2.0,R,0.0,R,0.0,R,7.0
467094,2018,A,,A,,A,,R,16.0,R,1.0,R,0.0,R,15.0,R,14.0,R,93.0,R,13.0,Z,0.0,Z,0.0,R,13.0,R,9.0,R,69.0,R,20.0
467368,2018,A,,A,,A,,R,8.0,Z,0.0,R,0.0,R,8.0,R,7.0,R,88.0,R,11.0,Z,0.0,Z,0.0,R,11.0,R,6.0,R,55.0,R,16.0
467863,2018,A,,A,,A,,R,36.0,R,0.0,R,0.0,R,36.0,R,29.0,R,81.0,R,4.0,R,0.0,R,0.0,R,4.0,R,2.0,R,50.0,R,15.0
467872,2018,A,,A,,A,,R,20.0,R,0.0,R,0.0,R,20.0,R,18.0,R,90.0,R,5.0,R,0.0,R,0.0,R,5.0,R,4.0,R,80.0,R,15.0
467906,2018,A,,A,,A,,R,23.0,R,0.0,R,0.0,R,23.0,R,17.0,R,74.0,R,2.0,R,0.0,R,0.0,R,2.0,R,1.0,R,50.0,R,20.0
468024,2018,A,,A,,A,,A,,A,,A,,A,,A,,A,,A,,A,,A,,A,,A,,A,,R,4.0
468246,2018,A,,A,,A,,R,30.0,R,1.0,Z,0.0,R,29.0,R,15.0,R,52.0,A,,A,,A,,A,,A,,A,,R,14.0
468255,2018,A,,A,,A,,R,6.0,Z,0.0,Z,0.0,R,6.0,R,5.0,R,83.0,A,,A,,A,,A,,A,,A,,R,5.0
468705,2018,A,,A,,A,,R,24.0,R,0.0,Z,0.0,R,24.0,R,5.0,R,21.0,R,4.0,R,0.0,Z,0.0,R,4.0,R,1.0,R,25.0,R,20.0
468732,2018,A,,A,,A,,R,32.0,R,0.0,R,0.0,R,32.0,R,26.0,R,81.0,A,,A,,A,,A,,A,,A,,R,7.0
468769,2018,A,,A,,A,,R,12.0,Z,0.0,Z,0.0,R,12.0,R,7.0,R,58.0,A,,A,,A,,A,,A,,A,,R,21.0
468848,2018,A,,A,,A,,R,59.0,R,1.0,R,0.0,R,58.0,R,45.0,R,78.0,A,,A,,A,,A,,A,,A,,R,20.0
468893,2018,A,,A,,A,,R,18.0,R,0.0,R,0.0,R,18.0,R,11.0,R,61.0,R,1.0,R,0.0,R,0.0,R,1.0,R,1.0,R,100.0,R,20.0
468909,2018,A,,A,,A,,R,86.0,R,0.0,R,0.0,R,86.0,R,62.0,R,72.0,A,,A,,A,,A,,A,,A,,R,25.0
468963,2018,A,,A,,A,,R,181.0,R,0.0,R,0.0,R,181.0,R,135.0,R,75.0,A,,A,,A,,A,,A,,A,,R,9.0
469124,2018,A,,A,,A,,R,62.0,Z,0.0,Z,0.0,R,62.0,R,48.0,R,77.0,R,64.0,Z,0.0,Z,0.0,R,64.0,R,48.0,R,75.0,R,15.0
469133,2018,A,,A,,A,,R,56.0,R,0.0,R,0.0,R,56.0,R,29.0,R,52.0,R,48.0,R,0.0,R,0.0,R,48.0,R,29.0,R,60.0,R,15.0
469142,2018,A,,A,,A,,A,,A,,A,,A,,A,,A,,A,,A,,A,,A,,A,,A,,R,20.0
469151,2018,A,,A,,A,,A,,A,,A,,A,,A,,A,,A,,A,,A,,A,,A,,A,,R,15.0
469160,2018,A,,A,,A,,A,,A,,A,,A,,A,,A,,A,,A,,A,,A,,A,,A,,R,15.0
469416,2018,R,39.0,R,39.0,R,100.0,R,65.0,R,0.0,R,0.0,R,65.0,R,40.0,R,62.0,A,,A,,A,,A,,A,,A,,R,15.0
469586,2018,A,,A,,A,,A,,A,,A,,A,,A,,A,,A,,A,,A,,A,,A,,A,,R,30.0
469610,2018,A,,A,,A,,A,,A,,A,,A,,A,,A,,A,,A,,A,,A,,A,,A,,R,17.0
469629,2018,A,,A,,A,,R,148.0,R,2.0,R,0.0,R,146.0,R,146.0,R,100.0,A,,A,,A,,A,,A,,A,,R,11.0
469638,2018,A,,A,,A,,R,294.0,R,0.0,R,0.0,R,294.0,R,278.0,R,95.0,A,,A,,A,,A,,A,,A,,R,19.0
469911,2018,A,,A,,A,,R,55.0,R,0.0,R,0.0,R,55.0,R,37.0,R,67.0,A,,A,,A,,A,,A,,A,,R,14.0
469920,2018,A,,A,,A,,R,59.0,R,0.0,R,0.0,R,59.0,R,29.0,R,49.0,A,,A,,A,,A,,A,,A,,R,11.0
469957,2018,A,,A,,A,,R,29.0,R,0.0,R,0.0,R,29.0,R,22.0,R,76.0,A,,A,,A,,A,,A,,A,,R,13.0
470038,2018,A,,A,,A,,R,94.0,R,1.0,R,0.0,R,93.0,R,65.0,R,70.0,A,,A,,A,,A,,A,,A,,R,30.0
470047,2018,A,,A,,A,,R,5.0,R,0.0,R,0.0,R,5.0,R,5.0,R,100.0,A,,A,,A,,A,,A,,A,,R,6.0
470296,2018,A,,A,,A,,R,12.0,Z,0.0,Z,0.0,R,12.0,R,10.0,R,83.0,A,,A,,A,,A,,A,,A,,R,25.0
470393,2018,A,,A,,A,,R,9.0,R,0.0,R,0.0,R,9.0,R,8.0,R,89.0,R,1.0,R,0.0,R,0.0,R,1.0,R,0.0,R,0.0,R,10.0
474863,2018,A,,A,,A,,R,8.0,R,0.0,R,0.0,R,8.0,R,1.0,R,13.0,R,15.0,R,0.0,R,0.0,R,15.0,R,7.0,R,47.0,R,23.0
474890,2018,A,,A,,A,,R,0.0,Z,0.0,Z,0.0,R,0.0,R,0.0,A,,A,,A,,A,,A,,A,,A,,R,30.0
474906,2018,A,,A,,A,,R,4.0,R,0.0,R,0.0,R,4.0,R,4.0,R,100.0,A,,A,,A,,A,,A,,A,,R,11.0
474915,2018,A,,A,,A,,R,130.0,R,0.0,R,0.0,R,130.0,R,113.0,R,87.0,R,114.0,R,0.0,R,0.0,R,114.0,R,110.0,R,96.0,R,21.0
474924,2018,A,,A,,A,,R,96.0,R,0.0,R,0.0,R,96.0,R,90.0,R,94.0,R,43.0,R,0.0,R,0.0,R,43.0,R,33.0,R,77.0,R,16.0
474997,2018,A,,A,,A,,R,75.0,Z,0.0,Z,0.0,R,75.0,R,45.0,R,60.0,A,,A,,A,,A,,A,,A,,R,24.0
475015,2018,A,,A,,A,,R,24.0,R,0.0,R,0.0,R,24.0,R,17.0,R,71.0,A,,A,,A,,A,,A,,A,,R,15.0
475024,2018,A,,A,,A,,R,49.0,Z,0.0,Z,0.0,R,49.0,R,33.0,R,67.0,A,,A,,A,,A,,A,,A,,R,27.0
475033,2018,A,,A,,A,,A,,A,,A,,A,,A,,A,,A,,A,,A,,A,,A,,A,,R,35.0
475060,2018,A,,A,,A,,R,134.0,Z,0.0,Z,0.0,R,134.0,R,54.0,R,40.0,R,19.0,Z,0.0,Z,0.0,R,19.0,R,4.0,R,21.0,R,28.0
475097,2018,A,,A,,A,,R,2.0,R,0.0,R,0.0,R,2.0,R,2.0,R,100.0,R,8.0,R,0.0,R,0.0,R,8.0,R,5.0,R,63.0,R,10.0
475121,2018,A,,A,,A,,R,33.0,R,1.0,Z,0.0,R,32.0,R,14.0,R,44.0,R,274.0,R,2.0,Z,0.0,R,272.0,R,59.0,R,22.0,R,16.0
475130,2018,A,,A,,A,,R,15.0,Z,0.0,Z,0.0,R,15.0,R,7.0,R,47.0,A,,A,,A,,A,,A,,A,,R,35.0
475200,2018,A,,A,,A,,A,,A,,A,,A,,A,,A,,R,3.0,R,0.0,R,0.0,R,3.0,R,3.0,R,100.0,R,17.0
475273,2018,A,,A,,A,,A,,A,,A,,A,,A,,A,,A,,A,,A,,A,,A,,A,,R,10.0
475282,2018,A,,A,,A,,R,38.0,R,0.0,R,0.0,R,38.0,R,28.0,R,74.0,A,,A,,A,,A,,A,,A,,R,21.0
475325,2018,A,,A,,A,,R,110.0,R,0.0,R,0.0,R,110.0,R,82.0,R,75.0,A,,A,,A,,A,,A,,A,,R,18.0
475398,2018,A,,A,,A,,R,0.0,R,0.0,R,0.0,R,0.0,R,0.0,A,,R,0.0,R,0.0,R,0.0,R,0.0,R,0.0,A,,R,3.0
475404,2018,A,,A,,A,,A,,A,,A,,A,,A,,A,,A,,A,,A,,A,,A,,A,,R,12.0
475413,2018,A,,A,,A,,R,25.0,R,0.0,R,0.0,R,25.0,R,20.0,R,80.0,R,2.0,R,0.0,R,0.0,R,2.0,R,2.0,R,100.0,R,18.0
475422,2018,R,4.0,R,64.0,R,6.0,R,6.0,R,0.0,R,0.0,R,6.0,R,2.0,R,33.0,A,,A,,A,,A,,A,,A,,R,5.0
475431,2018,A,,A,,A,,A,,A,,A,,A,,A,,A,,A,,A,,A,,A,,A,,A,,R,14.0
475459,2018,A,,A,,A,,R,361.0,R,0.0,R,0.0,R,361.0,R,346.0,R,96.0,R,20.0,R,0.0,R,0.0,R,20.0,R,14.0,R,70.0,R,24.0
475468,2018,A,,A,,A,,R,13.0,R,0.0,R,0.0,R,13.0,R,12.0,R,92.0,R,10.0,R,0.0,R,0.0,R,10.0,R,9.0,R,90.0,R,11.0
475477,2018,R,18.0,R,50.0,R,36.0,R,9.0,R,1.0,R,0.0,R,8.0,R,3.0,R,38.0,R,3.0,R,0.0,R,0.0,R,3.0,R,3.0,R,100.0,R,12.0
475486,2018,A,,A,,A,,R,43.0,R,0.0,R,0.0,R,43.0,R,33.0,R,77.0,R,0.0,R,0.0,R,0.0,R,0.0,R,0.0,A,,R,18.0
475538,2018,A,,A,,A,,R,15.0,Z,0.0,Z,0.0,R,15.0,R,11.0,R,73.0,R,1.0,Z,0.0,Z,0.0,R,1.0,R,1.0,R,100.0,R,15.0
475547,2018,A,,A,,A,,R,12.0,R,0.0,R,0.0,R,12.0,R,8.0,R,67.0,R,4.0,R,0.0,R,0.0,R,4.0,R,4.0,R,100.0,R,15.0
475556,2018,A,,A,,A,,R,18.0,R,0.0,R,0.0,R,18.0,R,14.0,R,78.0,R,7.0,R,0.0,R,0.0,R,7.0,R,4.0,R,57.0,R,15.0
475565,2018,R,455.0,R,469.0,R,97.0,R,460.0,R,0.0,R,0.0,R,460.0,R,292.0,R,63.0,A,,A,,A,,A,,A,,A,,R,15.0
475574,2018,A,,A,,A,,R,2.0,R,1.0,R,0.0,R,1.0,R,0.0,R,0.0,R,3.0,R,0.0,R,0.0,R,3.0,R,1.0,R,33.0,R,17.0
475608,2018,R,8.0,R,32.0,R,25.0,R,15.0,Z,0.0,Z,0.0,R,15.0,R,11.0,R,73.0,R,2.0,Z,0.0,Z,0.0,R,2.0,R,0.0,R,0.0,R,8.0
475635,2018,R,2.0,R,5.0,R,40.0,R,1.0,R,0.0,R,0.0,R,1.0,R,1.0,R,100.0,A,,A,,A,,A,,A,,A,,R,5.0
475653,2018,A,,A,,A,,R,5.0,R,1.0,Z,0.0,R,4.0,R,1.0,R,25.0,R,5.0,Z,0.0,Z,0.0,R,5.0,R,2.0,R,40.0,R,6.0
475662,2018,A,,A,,A,,R,21.0,R,0.0,R,0.0,R,21.0,R,18.0,R,86.0,R,10.0,R,0.0,R,0.0,R,10.0,R,6.0,R,60.0,R,7.0
475699,2018,R,13.0,R,45.0,R,29.0,R,0.0,R,0.0,R,0.0,R,0.0,R,0.0,A,,R,0.0,R,0.0,R,0.0,R,0.0,R,0.0,A,,R,11.0
475705,2018,A,,A,,A,,R,0.0,R,0.0,R,0.0,R,0.0,R,0.0,A,,A,,A,,A,,A,,A,,A,,R,8.0
475714,2018,A,,A,,A,,R,48.0,R,0.0,R,0.0,R,48.0,R,5.0,R,10.0,R,2.0,R,0.0,R,0.0,R,2.0,R,1.0,R,50.0,R,6.0
475723,2018,A,,A,,A,,R,52.0,R,1.0,R,0.0,R,51.0,R,42.0,R,82.0,R,135.0,R,0.0,R,0.0,R,135.0,R,79.0,R,59.0,R,13.0
475732,2018,R,2.0,R,329.0,R,1.0,R,0.0,R,0.0,R,0.0,R,0.0,R,0.0,A,,R,0.0,R,0.0,R,0.0,R,0.0,R,0.0,A,,R,11.0
475741,2018,R,2.0,R,68.0,R,3.0,R,1.0,R,0.0,R,0.0,R,1.0,R,1.0,R,100.0,R,2.0,R,0.0,R,0.0,R,2.0,R,2.0,R,100.0,R,12.0
475750,2018,A,,A,,A,,R,0.0,Z,0.0,Z,0.0,R,0.0,Z,0.0,A,,R,0.0,Z,0.0,Z,0.0,R,0.0,Z,0.0,A,,R,12.0
475839,2018,R,15.0,R,98.0,R,15.0,R,12.0,Z,0.0,Z,0.0,R,12.0,R,6.0,R,50.0,R,11.0,Z,0.0,Z,0.0,R,11.0,R,8.0,R,73.0,R,8.0
476063,2018,A,,A,,A,,R,89.0,R,0.0,R,0.0,R,89.0,R,59.0,R,66.0,A,,A,,A,,A,,A,,A,,R,38.0
476179,2018,A,,A,,A,,R,29.0,R,0.0,Z,0.0,R,29.0,R,12.0,R,41.0,R,11.0,R,0.0,Z,0.0,R,11.0,R,6.0,R,55.0,R,29.0
476230,2018,A,,A,,A,,R,26.0,R,0.0,R,0.0,R,26.0,R,23.0,R,88.0,A,,A,,A,,A,,A,,A,,R,10.0
476294,2018,A,,A,,A,,R,5.0,R,0.0,R,0.0,R,5.0,R,4.0,R,80.0,R,12.0,R,0.0,R,0.0,R,12.0,R,8.0,R,67.0,R,15.0
476346,2018,A,,A,,A,,A,,A,,A,,A,,A,,A,,A,,A,,A,,A,,A,,A,,R,15.0
476355,2018,A,,A,,A,,R,0.0,R,0.0,R,0.0,R,0.0,R,0.0,A,,A,,A,,A,,A,,A,,A,,R,9.0
476489,2018,A,,A,,A,,R,9.0,R,0.0,R,0.0,R,9.0,R,2.0,R,22.0,A,,A,,A,,A,,A,,A,,R,25.0
476498,2018,A,,A,,A,,R,27.0,R,0.0,R,0.0,R,27.0,R,26.0,R,96.0,A,,A,,A,,A,,A,,A,,R,25.0
476513,2018,A,,A,,A,,R,4.0,R,0.0,Z,0.0,R,4.0,R,3.0,R,75.0,A,,A,,A,,A,,A,,A,,R,17.0
476540,2018,A,,A,,A,,R,42.0,R,0.0,R,0.0,R,42.0,R,25.0,R,60.0,R,16.0,R,0.0,R,0.0,R,16.0,R,10.0,R,63.0,R,9.0
476559,2018,A,,A,,A,,R,23.0,R,0.0,R,0.0,R,23.0,R,15.0,R,65.0,R,17.0,R,0.0,R,0.0,R,17.0,R,12.0,R,71.0,R,9.0
476568,2018,A,,A,,A,,R,11.0,R,0.0,R,0.0,R,11.0,R,7.0,R,64.0,A,,A,,A,,A,,A,,A,,R,6.0
476586,2018,A,,A,,A,,A,,A,,A,,A,,A,,A,,A,,A,,A,,A,,A,,A,,R,12.0
476595,2018,A,,A,,A,,R,28.0,R,0.0,R,0.0,R,28.0,R,25.0,R,89.0,R,7.0,R,0.0,R,0.0,R,7.0,R,6.0,R,86.0,R,15.0
476601,2018,R,22.0,R,24.0,R,92.0,R,25.0,R,0.0,R,0.0,R,25.0,R,20.0,R,80.0,A,,A,,A,,A,,A,,A,,R,11.0
476610,2018,A,,A,,A,,A,,A,,A,,A,,A,,A,,A,,A,,A,,A,,A,,A,,R,3.0
476629,2018,A,,A,,A,,R,18.0,R,0.0,R,0.0,R,18.0,R,16.0,R,89.0,A,,A,,A,,A,,A,,A,,R,11.0
476674,2018,A,,A,,A,,R,7.0,R,0.0,R,0.0,R,7.0,R,6.0,R,86.0,A,,A,,A,,A,,A,,A,,R,22.0
476683,2018,A,,A,,A,,R,79.0,R,0.0,R,0.0,R,79.0,R,23.0,R,29.0,A,,A,,A,,A,,A,,A,,R,20.0
476692,2018,R,6.0,R,7.0,R,86.0,R,5.0,R,0.0,R,0.0,R,5.0,R,4.0,R,80.0,A,,A,,A,,A,,A,,A,,R,9.0
476708,2018,A,,A,,A,,R,80.0,R,0.0,R,0.0,R,80.0,R,80.0,R,100.0,R,7.0,R,0.0,R,0.0,R,7.0,R,4.0,R,57.0,R,20.0
476717,2018,R,148.0,R,152.0,R,97.0,R,115.0,R,0.0,R,0.0,R,115.0,R,111.0,R,97.0,A,,A,,A,,A,,A,,A,,R,16.0
476726,2018,A,,A,,A,,R,172.0,R,0.0,R,0.0,R,172.0,R,136.0,R,79.0,A,,A,,A,,A,,A,,A,,R,30.0
476735,2018,A,,A,,A,,R,38.0,R,0.0,R,0.0,R,38.0,R,8.0,R,21.0,R,15.0,R,1.0,R,0.0,R,14.0,R,5.0,R,36.0,R,6.0
476753,2018,A,,A,,A,,R,14.0,Z,0.0,Z,0.0,R,14.0,R,13.0,R,93.0,A,,A,,A,,A,,A,,A,,R,17.0
476771,2018,A,,A,,A,,R,20.0,R,0.0,R,0.0,R,20.0,R,9.0,R,45.0,R,5.0,R,0.0,R,0.0,R,5.0,R,4.0,R,80.0,R,10.0
476780,2018,A,,A,,A,,R,50.0,R,0.0,R,0.0,R,50.0,R,46.0,R,92.0,R,9.0,R,0.0,R,0.0,R,9.0,R,6.0,R,67.0,R,30.0
476799,2018,A,,A,,A,,R,137.0,R,0.0,R,0.0,R,137.0,R,116.0,R,85.0,A,,A,,A,,A,,A,,A,,R,10.0
476805,2018,A,,A,,A,,R,4.0,R,0.0,R,0.0,R,4.0,R,4.0,R,100.0,A,,A,,A,,A,,A,,A,,R,12.0
476814,2018,A,,A,,A,,A,,A,,A,,A,,A,,A,,A,,A,,A,,A,,A,,A,,R,12.0
476823,2018,A,,A,,A,,R,13.0,R,0.0,R,0.0,R,13.0,R,12.0,R,92.0,A,,A,,A,,A,,A,,A,,R,11.0
476841,2018,A,,A,,A,,R,29.0,R,0.0,R,0.0,R,29.0,R,21.0,R,72.0,R,0.0,R,0.0,R,0.0,R,0.0,R,0.0,A,,R,20.0
476850,2018,A,,A,,A,,R,21.0,R,0.0,R,0.0,R,21.0,R,15.0,R,71.0,A,,A,,A,,A,,A,,A,,R,20.0
476869,2018,A,,A,,A,,R,59.0,R,0.0,R,0.0,R,59.0,R,46.0,R,78.0,A,,A,,A,,A,,A,,A,,R,12.0
476878,2018,A,,A,,A,,A,,A,,A,,A,,A,,A,,A,,A,,A,,A,,A,,A,,R,16.0
476887,2018,A,,A,,A,,R,163.0,R,0.0,R,0.0,R,163.0,R,137.0,R,84.0,R,35.0,R,0.0,R,0.0,R,35.0,R,27.0,R,77.0,R,16.0
476896,2018,A,,A,,A,,R,16.0,R,0.0,R,0.0,R,16.0,R,11.0,R,69.0,A,,A,,A,,A,,A,,A,,R,7.0
476902,2018,A,,A,,A,,R,16.0,R,0.0,R,0.0,R,16.0,R,12.0,R,75.0,R,4.0,Z,0.0,Z,0.0,R,4.0,R,3.0,R,75.0,R,12.0
476911,2018,A,,A,,A,,R,142.0,R,0.0,R,0.0,R,142.0,R,76.0,R,54.0,A,,A,,A,,A,,A,,A,,R,17.0
476939,2018,A,,A,,A,,R,165.0,R,0.0,R,0.0,R,165.0,R,130.0,R,79.0,A,,A,,A,,A,,A,,A,,R,26.0
476948,2018,A,,A,,A,,R,124.0,R,0.0,R,0.0,R,124.0,R,20.0,R,16.0,A,,A,,A,,A,,A,,A,,R,28.0
476957,2018,A,,A,,A,,R,13.0,R,0.0,R,0.0,R,13.0,R,11.0,R,85.0,A,,A,,A,,A,,A,,A,,R,13.0
476966,2018,A,,A,,A,,R,113.0,R,0.0,R,0.0,R,113.0,R,56.0,R,50.0,A,,A,,A,,A,,A,,A,,R,16.0
476975,2018,A,,A,,A,,A,,A,,A,,A,,A,,A,,A,,A,,A,,A,,A,,A,,R,27.0
476984,2018,A,,A,,A,,R,17.0,R,0.0,R,0.0,R,17.0,R,15.0,R,88.0,R,4.0,R,0.0,R,0.0,R,4.0,R,4.0,R,100.0,R,15.0
476993,2018,A,,A,,A,,R,32.0,R,0.0,R,0.0,R,32.0,R,13.0,R,41.0,A,,A,,A,,A,,A,,A,,R,16.0
477002,2018,A,,A,,A,,R,15.0,R,0.0,R,0.0,R,15.0,R,5.0,R,33.0,R,14.0,R,0.0,R,0.0,R,14.0,R,2.0,R,14.0,R,6.0
477039,2018,R,16.0,R,167.0,R,10.0,R,0.0,Z,0.0,Z,0.0,R,0.0,Z,0.0,A,,R,0.0,Z,0.0,Z,0.0,R,0.0,Z,0.0,A,,R,18.0
477950,2018,A,,A,,A,,R,0.0,R,0.0,R,0.0,R,0.0,R,0.0,A,,A,,A,,A,,A,,A,,A,,R,10.0
477996,2018,R,1.0,R,9.0,R,11.0,R,0.0,Z,0.0,Z,0.0,R,0.0,Z,0.0,A,,Z,0.0,Z,0.0,Z,0.0,R,0.0,R,0.0,A,,R,3.0
478014,2018,R,3.0,R,34.0,R,9.0,R,0.0,Z,0.0,Z,0.0,R,0.0,Z,0.0,A,,R,0.0,Z,0.0,Z,0.0,R,0.0,Z,0.0,A,,R,2.0
478582,2018,A,,A,,A,,R,24.0,R,0.0,Z,0.0,R,24.0,R,15.0,R,63.0,R,4.0,R,0.0,Z,0.0,R,4.0,R,2.0,R,50.0,R,17.0
478591,2018,A,,A,,A,,R,69.0,R,0.0,R,0.0,R,69.0,R,60.0,R,87.0,R,35.0,R,0.0,R,0.0,R,35.0,R,27.0,R,77.0,R,16.0
478616,2018,A,,A,,A,,R,20.0,R,0.0,Z,0.0,R,20.0,R,10.0,R,50.0,R,12.0,R,0.0,Z,0.0,R,12.0,R,6.0,R,50.0,R,18.0
478634,2018,A,,A,,A,,R,6.0,R,0.0,R,0.0,R,6.0,R,6.0,R,100.0,A,,A,,A,,A,,A,,A,,R,17.0
478661,2018,A,,A,,A,,R,27.0,R,0.0,R,0.0,R,27.0,R,14.0,R,52.0,R,3.0,R,0.0,R,0.0,R,3.0,R,2.0,R,67.0,R,15.0
478917,2018,A,,A,,A,,R,38.0,R,0.0,R,0.0,R,38.0,R,32.0,R,84.0,A,,A,,A,,A,,A,,A,,R,10.0
478953,2018,A,,A,,A,,R,42.0,R,0.0,R,0.0,R,42.0,R,31.0,R,74.0,A,,A,,A,,A,,A,,A,,R,17.0
479053,2018,A,,A,,A,,R,26.0,Z,0.0,Z,0.0,R,26.0,R,21.0,R,81.0,R,17.0,Z,0.0,Z,0.0,R,17.0,R,13.0,R,76.0,R,15.0
479062,2018,A,,A,,A,,R,12.0,R,0.0,R,0.0,R,12.0,R,11.0,R,92.0,R,0.0,R,0.0,R,0.0,R,0.0,R,0.0,A,,R,12.0
479248,2018,A,,A,,A,,R,49.0,R,0.0,R,0.0,R,49.0,R,41.0,R,84.0,R,2.0,R,0.0,R,0.0,R,2.0,R,1.0,R,50.0,R,11.0
479424,2018,A,,A,,A,,R,245.0,R,0.0,R,0.0,R,245.0,R,209.0,R,85.0,A,,A,,A,,A,,A,,A,,R,10.0
479956,2018,R,82.0,R,1800.0,R,5.0,R,99.0,R,0.0,R,0.0,R,99.0,R,61.0,R,62.0,R,131.0,R,0.0,R,0.0,R,131.0,R,61.0,R,47.0,R,17.0
479965,2018,A,,A,,A,,R,59.0,R,0.0,R,0.0,R,59.0,R,42.0,R,71.0,A,,A,,A,,A,,A,,A,,R,12.0
479974,2018,A,,A,,A,,R,4.0,Z,0.0,Z,0.0,R,4.0,R,3.0,R,75.0,R,3.0,Z,0.0,Z,0.0,R,3.0,R,0.0,R,0.0,R,20.0
479983,2018,A,,A,,A,,R,4.0,Z,0.0,Z,0.0,R,4.0,R,4.0,R,100.0,R,0.0,R,0.0,R,0.0,R,0.0,R,0.0,A,,R,15.0
479992,2018,A,,A,,A,,R,2.0,Z,0.0,Z,0.0,R,2.0,R,2.0,R,100.0,R,2.0,Z,0.0,Z,0.0,R,2.0,R,2.0,R,100.0,R,10.0
480000,2018,A,,A,,A,,R,71.0,R,0.0,R,0.0,R,71.0,R,55.0,R,77.0,A,,A,,A,,A,,A,,A,,R,25.0
480019,2018,A,,A,,A,,A,,A,,A,,A,,A,,A,,A,,A,,A,,A,,A,,A,,R,12.0
480028,2018,A,,A,,A,,R,37.0,R,0.0,R,0.0,R,37.0,R,28.0,R,76.0,A,,A,,A,,A,,A,,A,,R,9.0
480037,2018,A,,A,,A,,A,,A,,A,,A,,A,,A,,A,,A,,A,,A,,A,,A,,R,18.0
480064,2018,A,,A,,A,,R,1.0,R,0.0,Z,0.0,R,1.0,R,1.0,R,100.0,R,14.0,R,0.0,Z,0.0,R,14.0,R,7.0,R,50.0,R,20.0
480073,2018,R,2.0,R,65.0,R,3.0,R,6.0,R,0.0,R,0.0,R,6.0,R,4.0,R,67.0,R,1.0,R,0.0,R,0.0,R,1.0,R,0.0,R,0.0,R,10.0
480082,2018,A,,A,,A,,A,,A,,A,,A,,A,,A,,A,,A,,A,,A,,A,,A,,R,8.0
480091,2018,R,310.0,R,1720.0,R,18.0,R,7.0,R,0.0,R,0.0,R,7.0,R,2.0,R,29.0,R,4.0,R,0.0,R,0.0,R,4.0,R,2.0,R,50.0,R,29.0
480125,2018,A,,A,,A,,R,99.0,R,0.0,R,0.0,R,99.0,R,73.0,R,74.0,R,31.0,R,0.0,R,0.0,R,31.0,R,20.0,R,65.0,R,28.0
480134,2018,A,,A,,A,,A,,A,,A,,A,,A,,A,,R,9.0,R,0.0,R,0.0,R,9.0,R,3.0,R,33.0,R,7.0
480161,2018,A,,A,,A,,R,9.0,Z,0.0,Z,0.0,R,9.0,R,6.0,R,67.0,A,,A,,A,,A,,A,,A,,R,7.0
480170,2018,A,,A,,A,,R,21.0,R,0.0,R,0.0,R,21.0,R,14.0,R,67.0,R,0.0,R,0.0,R,0.0,R,0.0,R,0.0,A,,R,10.0
480189,2018,R,145.0,R,271.0,R,54.0,R,173.0,R,1.0,Z,0.0,R,172.0,R,82.0,R,48.0,R,1.0,R,0.0,R,0.0,R,1.0,R,1.0,R,100.0,R,12.0
480198,2018,A,,A,,A,,R,5.0,R,0.0,R,0.0,R,5.0,R,2.0,R,40.0,Z,0.0,Z,0.0,Z,0.0,R,0.0,R,0.0,A,,R,34.0
480204,2018,A,,A,,A,,R,0.0,R,0.0,R,0.0,R,0.0,R,0.0,A,,A,,A,,A,,A,,A,,A,,R,20.0
480310,2018,A,,A,,A,,R,35.0,R,0.0,Z,0.0,R,35.0,R,22.0,R,63.0,R,12.0,R,0.0,Z,0.0,R,12.0,R,7.0,R,58.0,R,22.0
480347,2018,A,,A,,A,,R,7.0,Z,0.0,Z,0.0,R,7.0,R,4.0,R,57.0,A,,A,,A,,A,,A,,A,,R,12.0
480471,2018,A,,A,,A,,R,100.0,R,0.0,R,0.0,R,100.0,R,64.0,R,64.0,A,,A,,A,,A,,A,,A,,R,30.0
480499,2018,A,,A,,A,,R,0.0,R,0.0,R,0.0,R,0.0,R,0.0,A,,R,1.0,R,0.0,R,0.0,R,1.0,R,0.0,R,0.0,R,2.0
480523,2018,A,,A,,A,,R,27.0,R,0.0,R,0.0,R,27.0,R,18.0,R,67.0,A,,A,,A,,A,,A,,A,,R,15.0
480532,2018,A,,A,,A,,R,35.0,R,0.0,R,0.0,R,35.0,R,28.0,R,80.0,A,,A,,A,,A,,A,,A,,R,18.0
480550,2018,A,,A,,A,,R,38.0,R,0.0,R,0.0,R,38.0,R,24.0,R,63.0,A,,A,,A,,A,,A,,A,,R,18.0
480569,2018,A,,A,,A,,A,,A,,A,,A,,A,,A,,A,,A,,A,,A,,A,,A,,R,16.0
480657,2018,R,22.0,R,154.0,R,14.0,R,0.0,Z,0.0,Z,0.0,R,0.0,Z,0.0,A,,R,0.0,Z,0.0,Z,0.0,R,0.0,Z,0.0,A,,R,17.0
480693,2018,A,,A,,A,,R,85.0,R,0.0,R,0.0,R,85.0,R,61.0,R,72.0,R,2.0,R,0.0,R,0.0,R,2.0,R,1.0,R,50.0,R,10.0
480727,2018,A,,A,,A,,R,17.0,R,0.0,R,0.0,R,17.0,R,17.0,R,100.0,A,,A,,A,,A,,A,,A,,R,5.0
480736,2018,A,,A,,A,,R,12.0,R,0.0,R,0.0,R,12.0,R,5.0,R,42.0,R,16.0,R,0.0,R,0.0,R,16.0,R,11.0,R,69.0,R,15.0
480781,2018,A,,A,,A,,R,5.0,R,0.0,R,0.0,R,5.0,R,3.0,R,60.0,R,0.0,R,0.0,R,0.0,R,0.0,R,0.0,A,,R,10.0
480824,2018,A,,A,,A,,R,47.0,R,0.0,R,0.0,R,47.0,R,38.0,R,81.0,A,,A,,A,,A,,A,,A,,R,11.0
480833,2018,A,,A,,A,,R,490.0,R,0.0,Z,0.0,R,490.0,R,417.0,R,85.0,A,,A,,A,,A,,A,,A,,R,13.0
480842,2018,A,,A,,A,,R,13.0,R,0.0,R,0.0,R,13.0,R,10.0,R,77.0,A,,A,,A,,A,,A,,A,,R,9.0
480851,2018,A,,A,,A,,R,77.0,Z,0.0,Z,0.0,R,77.0,R,62.0,R,81.0,A,,A,,A,,A,,A,,A,,R,14.0
480879,2018,A,,A,,A,,R,7.0,R,0.0,Z,0.0,R,7.0,R,4.0,R,57.0,A,,A,,A,,A,,A,,A,,R,11.0
480888,2018,A,,A,,A,,R,37.0,R,0.0,R,0.0,R,37.0,R,31.0,R,84.0,A,,A,,A,,A,,A,,A,,R,6.0
480903,2018,A,,A,,A,,A,,A,,A,,A,,A,,A,,A,,A,,A,,A,,A,,A,,R,13.0
480912,2018,A,,A,,A,,R,0.0,R,0.0,R,0.0,R,0.0,R,0.0,A,,A,,A,,A,,A,,A,,A,,R,3.0
480921,2018,A,,A,,A,,R,4.0,R,0.0,R,0.0,R,4.0,R,3.0,R,75.0,A,,A,,A,,A,,A,,A,,R,14.0
480930,2018,A,,A,,A,,R,13.0,R,0.0,R,0.0,R,13.0,R,12.0,R,92.0,R,8.0,R,0.0,R,0.0,R,8.0,R,4.0,R,50.0,R,15.0
480967,2018,R,68.0,R,88.0,R,77.0,R,51.0,R,0.0,R,0.0,R,51.0,R,28.0,R,55.0,R,5.0,R,0.0,R,0.0,R,5.0,R,2.0,R,40.0,R,13.0
480976,2018,A,,A,,A,,R,13.0,R,0.0,R,0.0,R,13.0,R,10.0,R,77.0,A,,A,,A,,A,,A,,A,,R,10.0
480985,2018,R,5.0,R,40.0,R,13.0,R,6.0,Z,0.0,Z,0.0,R,6.0,R,4.0,R,67.0,A,,A,,A,,A,,A,,A,,R,6.0
480994,2018,A,,A,,A,,R,5.0,Z,0.0,Z,0.0,R,5.0,R,4.0,R,80.0,A,,A,,A,,A,,A,,A,,R,14.0
481003,2018,A,,A,,A,,R,52.0,R,0.0,R,0.0,R,52.0,R,43.0,R,83.0,A,,A,,A,,A,,A,,A,,R,15.0
481021,2018,A,,A,,A,,R,33.0,R,0.0,R,0.0,R,33.0,R,28.0,R,85.0,R,6.0,R,0.0,R,0.0,R,6.0,R,5.0,R,83.0,R,2.0
481049,2018,A,,A,,A,,R,0.0,R,0.0,R,0.0,R,0.0,R,0.0,A,,A,,A,,A,,A,,A,,A,,R,9.0
481058,2018,R,1.0,R,13.0,R,8.0,R,2.0,R,0.0,R,0.0,R,2.0,R,1.0,R,50.0,R,0.0,R,0.0,R,0.0,R,0.0,R,0.0,A,,R,25.0
481085,2018,A,,A,,A,,A,,A,,A,,A,,A,,A,,A,,A,,A,,A,,A,,A,,R,25.0
481100,2018,A,,A,,A,,R,11.0,R,1.0,R,0.0,R,10.0,R,9.0,R,90.0,R,17.0,R,0.0,R,0.0,R,17.0,R,15.0,R,88.0,R,5.0
481128,2018,A,,A,,A,,R,22.0,Z,0.0,Z,0.0,R,22.0,R,19.0,R,86.0,R,1.0,Z,0.0,Z,0.0,R,1.0,R,1.0,R,100.0,R,25.0
481137,2018,A,,A,,A,,R,29.0,R,0.0,R,0.0,R,29.0,R,25.0,R,86.0,A,,A,,A,,A,,A,,A,,R,6.0
481146,2018,A,,A,,A,,R,37.0,R,0.0,R,0.0,R,37.0,R,24.0,R,65.0,A,,A,,A,,A,,A,,A,,R,15.0
481155,2018,R,141.0,R,141.0,R,100.0,R,55.0,Z,0.0,Z,0.0,R,55.0,R,37.0,R,67.0,A,,A,,A,,A,,A,,A,,R,15.0
481182,2018,A,,A,,A,,R,2.0,R,0.0,R,0.0,R,2.0,R,2.0,R,100.0,A,,A,,A,,A,,A,,A,,R,20.0
481191,2018,A,,A,,A,,R,120.0,R,0.0,R,0.0,R,120.0,R,116.0,R,97.0,A,,A,,A,,A,,A,,A,,R,18.0
481207,2018,A,,A,,A,,R,22.0,R,0.0,R,0.0,R,22.0,R,22.0,R,100.0,A,,A,,A,,A,,A,,A,,R,21.0
481225,2018,R,5.0,R,12.0,R,42.0,R,6.0,R,0.0,R,0.0,R,6.0,R,6.0,R,100.0,R,0.0,R,0.0,R,0.0,R,0.0,R,0.0,A,,R,4.0
481243,2018,A,,A,,A,,R,8.0,R,0.0,R,0.0,R,8.0,R,8.0,R,100.0,R,11.0,R,0.0,R,0.0,R,11.0,R,11.0,R,100.0,R,11.0
481252,2018,A,,A,,A,,R,43.0,R,0.0,R,0.0,R,43.0,R,39.0,R,91.0,A,,A,,A,,A,,A,,A,,R,13.0
481289,2018,A,,A,,A,,R,0.0,R,0.0,R,0.0,R,0.0,R,0.0,A,,A,,A,,A,,A,,A,,A,,R,15.0
481298,2018,A,,A,,A,,R,11.0,R,0.0,R,0.0,R,11.0,R,9.0,R,82.0,A,,A,,A,,A,,A,,A,,R,13.0
481313,2018,A,,A,,A,,R,14.0,R,0.0,R,0.0,R,14.0,R,10.0,R,71.0,R,10.0,R,0.0,R,0.0,R,10.0,R,5.0,R,50.0,R,15.0
481331,2018,A,,A,,A,,A,,A,,A,,A,,A,,A,,A,,A,,A,,A,,A,,A,,R,8.0
481340,2018,A,,A,,A,,R,30.0,R,0.0,R,0.0,R,30.0,R,28.0,R,93.0,A,,A,,A,,A,,A,,A,,R,7.0
481368,2018,A,,A,,A,,R,32.0,R,0.0,R,0.0,R,32.0,R,32.0,R,100.0,A,,A,,A,,A,,A,,A,,R,6.0
481386,2018,A,,A,,A,,R,0.0,R,0.0,R,0.0,R,0.0,R,0.0,A,,R,123.0,R,0.0,R,0.0,R,123.0,R,98.0,R,80.0,R,15.0
481395,2018,A,,A,,A,,R,8.0,R,0.0,R,0.0,R,8.0,R,5.0,R,63.0,R,7.0,R,0.0,R,0.0,R,7.0,R,6.0,R,86.0,R,6.0
481401,2018,R,2.0,R,60.0,R,3.0,R,0.0,Z,0.0,Z,0.0,R,0.0,Z,0.0,A,,R,20.0,Z,0.0,Z,0.0,R,20.0,R,10.0,R,50.0,R,14.0
481410,2018,R,23.0,R,30.0,R,77.0,R,20.0,R,0.0,R,0.0,R,20.0,R,18.0,R,90.0,A,,A,,A,,A,,A,,A,,R,20.0
481429,2018,A,,A,,A,,R,40.0,R,0.0,R,0.0,R,40.0,R,33.0,R,83.0,A,,A,,A,,A,,A,,A,,R,29.0
481438,2018,R,23.0,R,23.0,R,100.0,R,27.0,R,0.0,R,0.0,R,27.0,R,7.0,R,26.0,A,,A,,A,,A,,A,,A,,R,7.0
481447,2018,A,,A,,A,,A,,A,,A,,A,,A,,A,,A,,A,,A,,A,,A,,A,,R,12.0
481456,2018,A,,A,,A,,R,1.0,R,0.0,R,0.0,R,1.0,R,1.0,R,100.0,R,4.0,R,0.0,R,0.0,R,4.0,R,3.0,R,75.0,R,1.0
481465,2018,A,,A,,A,,R,4.0,R,0.0,R,0.0,R,4.0,R,4.0,R,100.0,A,,A,,A,,A,,A,,A,,R,10.0
481474,2018,A,,A,,A,,R,3.0,R,0.0,R,0.0,R,3.0,R,3.0,R,100.0,R,29.0,R,0.0,R,0.0,R,29.0,R,22.0,R,76.0,R,15.0
481483,2018,A,,A,,A,,R,31.0,R,0.0,R,0.0,R,31.0,R,22.0,R,71.0,R,9.0,R,0.0,R,0.0,R,9.0,R,7.0,R,78.0,R,16.0
481508,2018,A,,A,,A,,R,32.0,R,0.0,R,0.0,R,32.0,R,26.0,R,81.0,A,,A,,A,,A,,A,,A,,R,25.0
481517,2018,A,,A,,A,,R,13.0,R,0.0,R,0.0,R,13.0,R,11.0,R,85.0,R,0.0,R,0.0,R,0.0,R,0.0,R,0.0,A,,R,8.0
481526,2018,A,,A,,A,,A,,A,,A,,A,,A,,A,,A,,A,,A,,A,,A,,A,,R,20.0
481544,2018,A,,A,,A,,A,,A,,A,,A,,A,,A,,A,,A,,A,,A,,A,,A,,R,4.0
481571,2018,A,,A,,A,,R,4.0,R,0.0,R,0.0,R,4.0,R,4.0,R,100.0,R,0.0,R,0.0,R,0.0,R,0.0,R,0.0,A,,R,15.0
481678,2018,A,,A,,A,,R,16.0,R,0.0,Z,0.0,R,16.0,R,9.0,R,56.0,R,4.0,R,0.0,Z,0.0,R,4.0,R,1.0,R,25.0,R,16.0
481720,2018,A,,A,,A,,A,,A,,A,,A,,A,,A,,A,,A,,A,,A,,A,,A,,R,3.0
481739,2018,A,,A,,A,,R,22.0,R,0.0,Z,0.0,R,22.0,R,16.0,R,73.0,R,16.0,R,0.0,Z,0.0,R,16.0,R,11.0,R,69.0,R,24.0
481748,2018,A,,A,,A,,R,48.0,R,0.0,Z,0.0,R,48.0,R,23.0,R,48.0,R,14.0,R,0.0,Z,0.0,R,14.0,R,8.0,R,57.0,R,21.0
481845,2018,A,,A,,A,,R,22.0,R,0.0,Z,0.0,R,22.0,R,15.0,R,68.0,R,13.0,R,0.0,Z,0.0,R,13.0,R,8.0,R,62.0,R,10.0
481863,2018,A,,A,,A,,R,40.0,R,0.0,R,0.0,R,40.0,R,34.0,R,85.0,A,,A,,A,,A,,A,,A,,R,14.0
481890,2018,A,,A,,A,,R,43.0,R,0.0,R,0.0,R,43.0,R,31.0,R,72.0,A,,A,,A,,A,,A,,A,,R,16.0
481906,2018,A,,A,,A,,R,64.0,R,0.0,R,0.0,R,64.0,R,45.0,R,70.0,A,,A,,A,,A,,A,,A,,R,15.0
481942,2018,A,,A,,A,,A,,A,,A,,A,,A,,A,,A,,A,,A,,A,,A,,A,,R,36.0
481960,2018,A,,A,,A,,R,13.0,Z,0.0,Z,0.0,R,13.0,R,11.0,R,85.0,A,,A,,A,,A,,A,,A,,R,15.0
482015,2018,A,,A,,A,,R,387.0,Z,0.0,Z,0.0,R,387.0,R,210.0,R,54.0,A,,A,,A,,A,,A,,A,,R,32.0
482060,2018,A,,A,,A,,R,84.0,R,0.0,R,0.0,R,84.0,R,51.0,R,61.0,A,,A,,A,,A,,A,,A,,R,20.0
482097,2018,A,,A,,A,,R,96.0,R,0.0,R,0.0,R,96.0,R,70.0,R,73.0,R,10.0,R,0.0,R,0.0,R,10.0,R,10.0,R,100.0,R,17.0
482103,2018,A,,A,,A,,A,,A,,A,,A,,A,,A,,A,,A,,A,,A,,A,,A,,R,12.0
482149,2018,R,1051.0,R,1822.0,R,58.0,R,882.0,R,0.0,R,0.0,R,882.0,R,642.0,R,73.0,R,24.0,R,0.0,R,0.0,R,24.0,R,8.0,R,33.0,R,16.0
482158,2018,R,1358.0,R,2732.0,R,50.0,R,740.0,R,0.0,R,0.0,R,740.0,R,473.0,R,64.0,R,49.0,R,0.0,R,0.0,R,49.0,R,20.0,R,41.0,R,18.0
482167,2018,A,,A,,A,,R,10.0,R,0.0,R,0.0,R,10.0,R,4.0,R,40.0,R,31.0,R,0.0,R,0.0,R,31.0,R,10.0,R,32.0,R,16.0
482176,2018,A,,A,,A,,R,31.0,R,0.0,R,0.0,R,31.0,R,13.0,R,42.0,R,3.0,R,0.0,R,0.0,R,3.0,R,1.0,R,33.0,R,15.0
482185,2018,A,,A,,A,,R,48.0,R,0.0,R,0.0,R,48.0,R,41.0,R,85.0,A,,A,,A,,A,,A,,A,,R,22.0
482194,2018,A,,A,,A,,R,18.0,R,0.0,R,0.0,R,18.0,R,16.0,R,89.0,R,6.0,R,0.0,R,0.0,R,6.0,R,5.0,R,83.0,R,7.0
482200,2018,A,,A,,A,,R,15.0,R,0.0,R,0.0,R,15.0,R,8.0,R,53.0,A,,A,,A,,A,,A,,A,,R,13.0
482228,2018,R,17.0,R,50.0,R,34.0,R,38.0,R,0.0,R,0.0,R,38.0,R,14.0,R,37.0,R,17.0,R,0.0,R,0.0,R,17.0,R,4.0,R,24.0,R,9.0
482246,2018,A,,A,,A,,A,,A,,A,,A,,A,,A,,A,,A,,A,,A,,A,,A,,R,12.0
482255,2018,A,,A,,A,,R,28.0,Z,0.0,Z,0.0,R,28.0,R,21.0,R,75.0,R,3.0,Z,0.0,Z,0.0,R,3.0,R,1.0,R,33.0,R,17.0
482291,2018,A,,A,,A,,R,178.0,R,0.0,R,0.0,R,178.0,R,128.0,R,72.0,A,,A,,A,,A,,A,,A,,R,30.0
482325,2018,R,2.0,R,25.0,R,8.0,R,0.0,Z,0.0,Z,0.0,R,0.0,Z,0.0,A,,R,0.0,Z,0.0,Z,0.0,R,0.0,Z,0.0,A,,R,2.0
482343,2018,A,,A,,A,,R,0.0,Z,0.0,Z,0.0,R,0.0,Z,0.0,A,,R,0.0,Z,0.0,Z,0.0,R,0.0,Z,0.0,A,,R,1.0
482370,2018,R,1.0,R,258.0,R,0.0,R,0.0,Z,0.0,Z,0.0,R,0.0,Z,0.0,A,,R,0.0,Z,0.0,Z,0.0,R,0.0,Z,0.0,A,,R,6.0
482413,2018,R,39.0,R,350.0,R,11.0,R,24.0,R,0.0,R,0.0,R,24.0,R,16.0,R,67.0,R,10.0,R,0.0,R,0.0,R,10.0,R,1.0,R,10.0,R,35.0
482422,2018,R,9.0,R,108.0,R,8.0,R,8.0,R,0.0,R,0.0,R,8.0,R,7.0,R,88.0,R,5.0,R,0.0,R,0.0,R,5.0,R,1.0,R,20.0,R,12.0
482431,2018,R,24.0,R,618.0,R,4.0,R,18.0,R,0.0,R,0.0,R,18.0,R,12.0,R,67.0,R,10.0,R,0.0,R,0.0,R,10.0,R,1.0,R,10.0,R,17.0
482440,2018,R,5.0,R,50.0,R,10.0,R,0.0,R,0.0,R,0.0,R,0.0,R,0.0,A,,R,0.0,R,0.0,R,0.0,R,0.0,R,0.0,A,,R,11.0
482459,2018,R,6.0,R,193.0,R,3.0,R,5.0,R,0.0,R,0.0,R,5.0,R,2.0,R,40.0,R,11.0,R,0.0,R,0.0,R,11.0,R,4.0,R,36.0,R,22.0
482468,2018,R,9.0,R,376.0,R,2.0,R,9.0,R,0.0,R,0.0,R,9.0,R,5.0,R,56.0,R,8.0,R,0.0,R,0.0,R,8.0,R,2.0,R,25.0,R,28.0
482477,2018,R,353.0,R,5813.0,R,6.0,R,107.0,R,0.0,R,0.0,R,107.0,R,50.0,R,47.0,R,135.0,R,0.0,R,0.0,R,135.0,R,30.0,R,22.0,R,20.0
482486,2018,A,,A,,A,,R,0.0,R,0.0,R,0.0,R,0.0,R,0.0,A,,R,2.0,R,0.0,R,0.0,R,2.0,R,1.0,R,50.0,R,14.0
482538,2018,R,2.0,R,25.0,R,8.0,R,2.0,R,0.0,R,0.0,R,2.0,R,1.0,R,50.0,R,0.0,R,0.0,R,0.0,R,0.0,R,0.0,A,,R,7.0
482547,2018,R,1.0,R,29.0,R,3.0,R,1.0,R,0.0,R,0.0,R,1.0,R,0.0,R,0.0,R,0.0,R,0.0,R,0.0,R,0.0,R,0.0,A,,R,15.0
482556,2018,R,7.0,R,65.0,R,11.0,R,5.0,R,0.0,R,0.0,R,5.0,R,5.0,R,100.0,R,5.0,R,0.0,R,0.0,R,5.0,R,2.0,R,40.0,R,15.0
482565,2018,A,,A,,A,,R,0.0,R,0.0,R,0.0,R,0.0,R,0.0,A,,R,1.0,R,0.0,R,0.0,R,1.0,R,1.0,R,100.0,R,4.0
482574,2018,R,18.0,R,191.0,R,9.0,R,14.0,R,0.0,R,0.0,R,14.0,R,8.0,R,57.0,R,15.0,R,0.0,R,0.0,R,15.0,R,4.0,R,27.0,R,18.0
482608,2018,R,2.0,R,52.0,R,4.0,R,1.0,R,0.0,R,0.0,R,1.0,R,1.0,R,100.0,R,7.0,R,0.0,R,0.0,R,7.0,R,1.0,R,14.0,R,25.0
482617,2018,R,1.0,R,9.0,R,11.0,R,1.0,R,0.0,R,0.0,R,1.0,R,0.0,R,0.0,R,0.0,R,0.0,R,0.0,R,0.0,R,0.0,A,,R,5.0
482635,2018,R,3.0,R,129.0,R,2.0,R,3.0,R,0.0,R,0.0,R,3.0,R,1.0,R,33.0,R,3.0,R,0.0,R,0.0,R,3.0,R,0.0,R,0.0,R,11.0
482653,2018,R,1.0,R,60.0,R,2.0,R,1.0,R,0.0,R,0.0,R,1.0,R,1.0,R,100.0,R,0.0,R,0.0,R,0.0,R,0.0,R,0.0,A,,R,16.0
482680,2018,R,4158.0,R,6503.0,R,64.0,R,1453.0,R,1.0,R,0.0,R,1452.0,R,1145.0,R,79.0,R,41.0,R,0.0,R,0.0,R,41.0,R,26.0,R,63.0,R,19.0
482699,2018,R,778.0,R,1186.0,R,66.0,R,0.0,R,0.0,R,0.0,R,0.0,R,0.0,A,,R,0.0,R,0.0,Z,0.0,R,0.0,R,0.0,A,,R,23.0
482705,2018,A,,A,,A,,A,,A,,A,,A,,A,,A,,A,,A,,A,,A,,A,,A,,R,12.0
482936,2018,R,315.0,R,370.0,R,85.0,R,316.0,R,0.0,R,0.0,R,316.0,R,249.0,R,79.0,R,1.0,R,0.0,R,0.0,R,1.0,R,1.0,R,100.0,R,17.0
482963,2018,A,,A,,A,,R,59.0,R,0.0,R,0.0,R,59.0,R,35.0,R,59.0,A,,A,,A,,A,,A,,A,,R,23.0
482972,2018,A,,A,,A,,A,,A,,A,,A,,A,,A,,A,,A,,A,,A,,A,,A,,R,10.0
482981,2018,A,,A,,A,,R,19.0,R,0.0,R,0.0,R,19.0,R,17.0,R,89.0,R,0.0,R,0.0,R,0.0,R,0.0,R,0.0,A,,R,25.0
482990,2018,A,,A,,A,,R,175.0,R,0.0,R,0.0,R,175.0,R,131.0,R,75.0,R,0.0,R,0.0,R,0.0,R,0.0,R,0.0,A,,R,17.0
483009,2018,A,,A,,A,,R,39.0,R,0.0,R,0.0,R,39.0,R,28.0,R,72.0,A,,A,,A,,A,,A,,A,,R,10.0
483018,2018,R,34.0,R,46.0,R,74.0,R,19.0,R,0.0,R,0.0,R,19.0,R,9.0,R,47.0,A,,A,,A,,A,,A,,A,,R,4.0
483036,2018,A,,A,,A,,A,,A,,A,,A,,A,,A,,A,,A,,A,,A,,A,,A,,R,14.0
483045,2018,R,484.0,R,3465.0,R,14.0,R,551.0,R,0.0,Z,0.0,R,551.0,R,302.0,R,55.0,R,1032.0,R,0.0,Z,0.0,R,1032.0,R,531.0,R,51.0,R,14.0
483054,2018,A,,A,,A,,R,31.0,R,0.0,Z,0.0,R,31.0,R,26.0,R,84.0,A,,A,,A,,A,,A,,A,,R,13.0
483106,2018,A,,A,,A,,R,14.0,R,0.0,R,0.0,R,14.0,R,12.0,R,86.0,R,6.0,R,0.0,R,0.0,R,6.0,R,5.0,R,83.0,R,10.0
483124,2018,R,1043.0,R,10201.0,R,10.0,R,1055.0,R,2.0,R,0.0,R,1053.0,R,769.0,R,73.0,R,1004.0,R,17.0,R,0.0,R,987.0,R,429.0,R,43.0,R,23.0
483212,2018,R,556.0,R,1765.0,R,32.0,R,573.0,Z,0.0,Z,0.0,R,573.0,R,265.0,R,46.0,R,187.0,Z,0.0,Z,0.0,R,187.0,R,52.0,R,28.0,R,24.0
483221,2018,A,,A,,A,,R,136.0,R,0.0,R,0.0,R,136.0,R,124.0,R,91.0,A,,A,,A,,A,,A,,A,,R,8.0
483230,2018,A,,A,,A,,A,,A,,A,,A,,A,,A,,A,,A,,A,,A,,A,,A,,R,12.0
483258,2018,A,,A,,A,,R,9.0,R,0.0,R,0.0,R,9.0,R,8.0,R,89.0,A,,A,,A,,A,,A,,A,,R,21.0
483276,2018,A,,A,,A,,R,28.0,R,0.0,R,0.0,R,28.0,R,27.0,R,96.0,A,,A,,A,,A,,A,,A,,R,23.0
483328,2018,A,,A,,A,,R,25.0,R,0.0,R,0.0,R,25.0,R,22.0,R,88.0,R,6.0,R,0.0,R,0.0,R,6.0,R,3.0,R,50.0,R,15.0
483337,2018,A,,A,,A,,R,31.0,R,0.0,R,0.0,R,31.0,R,24.0,R,77.0,R,11.0,R,0.0,R,0.0,R,11.0,R,5.0,R,45.0,R,15.0
483346,2018,A,,A,,A,,R,5.0,R,0.0,R,0.0,R,5.0,R,5.0,R,100.0,A,,A,,A,,A,,A,,A,,R,8.0
483355,2018,A,,A,,A,,R,43.0,R,0.0,R,0.0,R,43.0,R,29.0,R,67.0,A,,A,,A,,A,,A,,A,,R,8.0
483364,2018,A,,A,,A,,R,24.0,R,0.0,R,0.0,R,24.0,R,18.0,R,75.0,A,,A,,A,,A,,A,,A,,R,6.0
483373,2018,A,,A,,A,,R,8.0,Z,0.0,Z,0.0,R,8.0,R,5.0,R,63.0,A,,A,,A,,A,,A,,A,,R,20.0
483382,2018,A,,A,,A,,A,,A,,A,,A,,A,,A,,A,,A,,A,,A,,A,,A,,R,20.0
483425,2018,A,,A,,A,,R,3.0,R,0.0,R,0.0,R,3.0,R,3.0,R,100.0,A,,A,,A,,A,,A,,A,,R,9.0
483443,2018,A,,A,,A,,R,237.0,R,0.0,R,0.0,R,237.0,R,230.0,R,97.0,A,,A,,A,,A,,A,,A,,R,22.0
483470,2018,A,,A,,A,,R,26.0,Z,0.0,Z,0.0,R,26.0,R,24.0,R,92.0,A,,A,,A,,A,,A,,A,,R,17.0
483504,2018,A,,A,,A,,R,70.0,R,0.0,R,0.0,R,70.0,R,26.0,R,37.0,A,,A,,A,,A,,A,,A,,R,21.0
483513,2018,A,,A,,A,,R,19.0,R,0.0,R,0.0,R,19.0,R,11.0,R,58.0,A,,A,,A,,A,,A,,A,,R,25.0
483559,2018,A,,A,,A,,R,35.0,R,0.0,R,0.0,R,35.0,R,30.0,R,86.0,R,3.0,R,0.0,R,0.0,R,3.0,R,0.0,R,0.0,R,19.0
483577,2018,A,,A,,A,,R,3.0,R,0.0,R,0.0,R,3.0,R,3.0,R,100.0,R,3.0,R,0.0,R,0.0,R,3.0,R,3.0,R,100.0,R,2.0
483610,2018,A,,A,,A,,R,17.0,Z,0.0,Z,0.0,R,17.0,R,12.0,R,71.0,A,,A,,A,,A,,A,,A,,R,19.0
483638,2018,A,,A,,A,,R,34.0,R,0.0,R,0.0,R,34.0,R,10.0,R,29.0,R,25.0,R,1.0,R,0.0,R,24.0,R,24.0,R,100.0,R,10.0
483647,2018,A,,A,,A,,R,15.0,R,0.0,R,0.0,R,15.0,R,9.0,R,60.0,A,,A,,A,,A,,A,,A,,R,3.0
483665,2018,A,,A,,A,,R,7.0,R,0.0,R,0.0,R,7.0,R,4.0,R,57.0,A,,A,,A,,A,,A,,A,,R,13.0
483708,2018,A,,A,,A,,R,33.0,R,0.0,R,0.0,R,33.0,R,30.0,R,91.0,A,,A,,A,,A,,A,,A,,R,13.0
483717,2018,A,,A,,A,,R,12.0,R,0.0,R,0.0,R,12.0,R,12.0,R,100.0,A,,A,,A,,A,,A,,A,,R,12.0
483726,2018,A,,A,,A,,R,7.0,R,0.0,R,0.0,R,7.0,R,7.0,R,100.0,R,5.0,Z,0.0,Z,0.0,R,5.0,R,5.0,R,100.0,R,8.0
483735,2018,A,,A,,A,,R,14.0,R,0.0,R,0.0,R,14.0,R,8.0,R,57.0,R,10.0,Z,0.0,Z,0.0,R,10.0,R,6.0,R,60.0,R,11.0
483744,2018,A,,A,,A,,R,1.0,Z,0.0,Z,0.0,R,1.0,R,1.0,R,100.0,A,,A,,A,,A,,A,,A,,R,15.0
483753,2018,A,,A,,A,,R,6.0,R,0.0,R,0.0,R,6.0,R,3.0,R,50.0,R,1.0,R,0.0,R,0.0,R,1.0,R,1.0,R,100.0,R,20.0
483780,2018,R,6.0,R,6.0,R,100.0,R,10.0,Z,0.0,Z,0.0,R,10.0,R,8.0,R,80.0,R,1.0,Z,0.0,Z,0.0,R,1.0,R,1.0,R,100.0,R,8.0
483799,2018,A,,A,,A,,A,,A,,A,,A,,A,,A,,A,,A,,A,,A,,A,,A,,R,9.0
483814,2018,A,,A,,A,,R,44.0,Z,0.0,Z,0.0,R,44.0,R,32.0,R,73.0,R,0.0,Z,0.0,Z,0.0,R,0.0,R,0.0,A,,R,33.0
483823,2018,A,,A,,A,,R,163.0,R,1.0,R,0.0,R,162.0,R,126.0,R,78.0,A,,A,,A,,A,,A,,A,,R,9.0
483841,2018,A,,A,,A,,R,24.0,Z,0.0,Z,0.0,R,24.0,R,22.0,R,92.0,A,,A,,A,,A,,A,,A,,R,10.0
483850,2018,A,,A,,A,,R,10.0,R,3.0,R,0.0,R,7.0,R,6.0,R,86.0,A,,A,,A,,A,,A,,A,,R,10.0
483869,2018,A,,A,,A,,R,137.0,R,0.0,R,0.0,R,137.0,R,129.0,R,94.0,A,,A,,A,,A,,A,,A,,R,24.0
483878,2018,A,,A,,A,,R,53.0,R,4.0,Z,0.0,R,49.0,R,40.0,R,82.0,A,,A,,A,,A,,A,,A,,R,20.0
483887,2018,A,,A,,A,,A,,A,,A,,A,,A,,A,,A,,A,,A,,A,,A,,A,,R,12.0
483896,2018,A,,A,,A,,R,0.0,R,0.0,R,0.0,R,0.0,R,0.0,A,,R,0.0,R,0.0,R,0.0,R,0.0,R,0.0,A,,R,18.0
483911,2018,A,,A,,A,,R,5.0,R,0.0,R,0.0,R,5.0,R,2.0,R,40.0,A,,A,,A,,A,,A,,A,,R,15.0
483920,2018,A,,A,,A,,R,49.0,R,0.0,R,0.0,R,49.0,R,40.0,R,82.0,R,1.0,R,0.0,R,0.0,R,1.0,R,1.0,R,100.0,R,17.0
483939,2018,A,,A,,A,,R,9.0,R,0.0,R,0.0,R,9.0,R,4.0,R,44.0,A,,A,,A,,A,,A,,A,,R,10.0
483948,2018,A,,A,,A,,R,15.0,R,0.0,R,0.0,R,15.0,R,5.0,R,33.0,R,3.0,R,0.0,R,0.0,R,3.0,R,2.0,R,67.0,R,12.0
483957,2018,A,,A,,A,,R,18.0,R,0.0,Z,0.0,R,18.0,R,14.0,R,78.0,A,,A,,A,,A,,A,,A,,R,14.0
484002,2018,A,,A,,A,,R,52.0,R,0.0,R,0.0,R,52.0,R,36.0,R,69.0,R,16.0,R,0.0,R,0.0,R,16.0,R,12.0,R,75.0,R,20.0
484011,2018,A,,A,,A,,R,39.0,R,0.0,R,0.0,R,39.0,R,37.0,R,95.0,R,3.0,R,0.0,R,0.0,R,3.0,R,2.0,R,67.0,R,15.0
484020,2018,A,,A,,A,,R,6.0,R,0.0,R,0.0,R,6.0,R,3.0,R,50.0,R,15.0,R,0.0,R,0.0,R,15.0,R,13.0,R,87.0,R,16.0
484039,2018,A,,A,,A,,R,1.0,R,0.0,R,0.0,R,1.0,R,1.0,R,100.0,R,0.0,R,0.0,R,0.0,R,0.0,R,0.0,A,,R,10.0
484048,2018,A,,A,,A,,R,2.0,Z,0.0,Z,0.0,R,2.0,R,2.0,R,100.0,A,,A,,A,,A,,A,,A,,R,15.0
484057,2018,A,,A,,A,,R,32.0,R,0.0,R,0.0,R,32.0,R,29.0,R,91.0,R,70.0,R,0.0,R,0.0,R,70.0,R,63.0,R,90.0,R,12.0
484066,2018,A,,A,,A,,R,32.0,R,0.0,R,0.0,R,32.0,R,32.0,R,100.0,A,,A,,A,,A,,A,,A,,R,15.0
484075,2018,A,,A,,A,,R,15.0,R,0.0,R,0.0,R,15.0,R,3.0,R,20.0,R,4.0,R,0.0,R,0.0,R,4.0,R,3.0,R,75.0,R,21.0
484084,2018,A,,A,,A,,R,6.0,R,0.0,R,0.0,R,6.0,R,2.0,R,33.0,R,16.0,R,0.0,R,0.0,R,16.0,R,13.0,R,81.0,R,8.0
484093,2018,A,,A,,A,,R,14.0,R,0.0,R,0.0,R,14.0,R,12.0,R,86.0,R,4.0,R,0.0,R,0.0,R,4.0,R,4.0,R,100.0,R,12.0
484109,2018,A,,A,,A,,R,1.0,R,0.0,R,0.0,R,1.0,R,1.0,R,100.0,A,,A,,A,,A,,A,,A,,R,11.0
484118,2018,A,,A,,A,,R,5.0,R,0.0,R,0.0,R,5.0,R,4.0,R,80.0,R,6.0,R,0.0,R,0.0,R,6.0,R,3.0,R,50.0,R,10.0
484127,2018,A,,A,,A,,R,32.0,R,0.0,R,0.0,R,32.0,R,23.0,R,72.0,A,,A,,A,,A,,A,,A,,R,12.0
484136,2018,A,,A,,A,,R,14.0,R,3.0,R,0.0,R,11.0,R,10.0,R,91.0,A,,A,,A,,A,,A,,A,,R,20.0
484154,2018,A,,A,,A,,R,44.0,R,0.0,R,0.0,R,44.0,R,44.0,R,100.0,A,,A,,A,,A,,A,,A,,R,15.0
484163,2018,A,,A,,A,,A,,A,,A,,A,,A,,A,,A,,A,,A,,A,,A,,A,,R,7.0
484172,2018,A,,A,,A,,A,,A,,A,,A,,A,,A,,A,,A,,A,,A,,A,,A,,R,11.0
484190,2018,A,,A,,A,,R,7.0,R,0.0,R,0.0,R,7.0,R,7.0,R,100.0,A,,A,,A,,A,,A,,A,,R,13.0
484206,2018,A,,A,,A,,R,5.0,R,0.0,R,0.0,R,5.0,R,5.0,R,100.0,R,8.0,R,0.0,R,0.0,R,8.0,R,6.0,R,75.0,R,14.0
484233,2018,A,,A,,A,,A,,A,,A,,A,,A,,A,,R,112.0,Z,0.0,Z,0.0,R,112.0,R,81.0,R,72.0,R,15.0
484321,2018,A,,A,,A,,R,7.0,R,0.0,R,0.0,R,7.0,R,5.0,R,71.0,R,1.0,R,0.0,R,0.0,R,1.0,R,0.0,R,0.0,R,9.0
484330,2018,A,,A,,A,,R,23.0,R,0.0,R,0.0,R,23.0,R,17.0,R,74.0,A,,A,,A,,A,,A,,A,,R,8.0
484349,2018,A,,A,,A,,R,39.0,R,0.0,R,0.0,R,39.0,R,23.0,R,59.0,A,,A,,A,,A,,A,,A,,R,18.0
484358,2018,A,,A,,A,,R,53.0,R,0.0,R,0.0,R,53.0,R,42.0,R,79.0,A,,A,,A,,A,,A,,A,,R,12.0
484367,2018,A,,A,,A,,R,146.0,R,0.0,R,0.0,R,146.0,R,127.0,R,87.0,A,,A,,A,,A,,A,,A,,R,41.0
484376,2018,A,,A,,A,,R,158.0,R,0.0,R,0.0,R,158.0,R,148.0,R,94.0,A,,A,,A,,A,,A,,A,,R,19.0
484385,2018,A,,A,,A,,R,39.0,R,0.0,R,0.0,R,39.0,R,22.0,R,56.0,R,31.0,R,0.0,R,0.0,R,31.0,R,9.0,R,29.0,R,35.0
484394,2018,A,,A,,A,,R,17.0,R,0.0,R,0.0,R,17.0,R,15.0,R,88.0,R,5.0,R,0.0,R,0.0,R,5.0,R,4.0,R,80.0,R,18.0
484473,2018,R,470.0,R,1336.0,R,35.0,R,473.0,R,0.0,R,0.0,R,473.0,R,424.0,R,90.0,R,70.0,R,0.0,R,0.0,R,70.0,R,52.0,R,74.0,R,78.0
484604,2018,A,,A,,A,,R,94.0,R,0.0,R,0.0,R,94.0,R,77.0,R,82.0,R,49.0,R,0.0,R,0.0,R,49.0,R,37.0,R,76.0,R,21.0
484613,2018,A,,A,,A,,R,1872.0,R,0.0,Z,0.0,R,1872.0,R,610.0,R,33.0,A,,A,,A,,A,,A,,A,,R,55.0
484631,2018,A,,A,,A,,R,22.0,R,0.0,Z,0.0,R,22.0,R,12.0,R,55.0,A,,A,,A,,A,,A,,A,,R,17.0
484640,2018,A,,A,,A,,A,,A,,A,,A,,A,,A,,A,,A,,A,,A,,A,,A,,R,5.0
484668,2018,A,,A,,A,,A,,A,,A,,A,,A,,A,,A,,A,,A,,A,,A,,A,,R,5.0
484677,2018,A,,A,,A,,A,,A,,A,,A,,A,,A,,A,,A,,A,,A,,A,,A,,R,5.0
484686,2018,A,,A,,A,,A,,A,,A,,A,,A,,A,,A,,A,,A,,A,,A,,A,,R,3.0
484695,2018,A,,A,,A,,A,,A,,A,,A,,A,,A,,A,,A,,A,,A,,A,,A,,R,4.0
484701,2018,A,,A,,A,,A,,A,,A,,A,,A,,A,,A,,A,,A,,A,,A,,A,,R,8.0
484710,2018,A,,A,,A,,R,1.0,R,0.0,Z,0.0,R,1.0,R,1.0,R,100.0,A,,A,,A,,A,,A,,A,,R,9.0
484729,2018,A,,A,,A,,A,,A,,A,,A,,A,,A,,A,,A,,A,,A,,A,,A,,R,6.0
484747,2018,A,,A,,A,,A,,A,,A,,A,,A,,A,,A,,A,,A,,A,,A,,A,,R,3.0
484756,2018,A,,A,,A,,R,6.0,R,0.0,Z,0.0,R,6.0,R,1.0,R,17.0,A,,A,,A,,A,,A,,A,,R,9.0
484765,2018,A,,A,,A,,R,0.0,R,0.0,Z,0.0,R,0.0,R,0.0,A,,A,,A,,A,,A,,A,,A,,R,4.0
484783,2018,A,,A,,A,,A,,A,,A,,A,,A,,A,,A,,A,,A,,A,,A,,A,,R,5.0
484826,2018,A,,A,,A,,R,26.0,R,0.0,R,0.0,R,26.0,R,20.0,R,77.0,A,,A,,A,,A,,A,,A,,R,10.0
484835,2018,R,50.0,R,95.0,R,53.0,R,5.0,R,0.0,R,0.0,R,5.0,R,5.0,R,100.0,A,,A,,A,,A,,A,,A,,R,21.0
484862,2018,A,,A,,A,,A,,A,,A,,A,,A,,A,,A,,A,,A,,A,,A,,A,,R,1.0
484871,2018,R,33.0,R,36.0,R,92.0,R,33.0,Z,0.0,Z,0.0,R,33.0,R,30.0,R,91.0,A,,A,,A,,A,,A,,A,,R,24.0
484899,2018,A,,A,,A,,R,70.0,R,0.0,R,0.0,R,70.0,R,65.0,R,93.0,A,,A,,A,,A,,A,,A,,R,11.0
484905,2018,R,352.0,R,949.0,R,37.0,R,290.0,R,0.0,R,0.0,R,290.0,R,213.0,R,73.0,R,26.0,R,0.0,R,0.0,R,26.0,R,11.0,R,42.0,R,17.0
484923,2018,A,,A,,A,,A,,A,,A,,A,,A,,A,,A,,A,,A,,A,,A,,A,,R,12.0
484932,2018,R,294.0,R,678.0,R,43.0,R,316.0,R,0.0,R,0.0,R,316.0,R,147.0,R,47.0,R,117.0,R,0.0,R,0.0,R,117.0,R,33.0,R,28.0,R,12.0
484950,2018,A,,A,,A,,R,10.0,Z,0.0,Z,0.0,R,10.0,R,8.0,R,80.0,A,,A,,A,,A,,A,,A,,R,14.0
484996,2018,A,,A,,A,,R,57.0,R,0.0,R,0.0,R,57.0,R,46.0,R,81.0,A,,A,,A,,A,,A,,A,,R,24.0
485014,2018,A,,A,,A,,R,29.0,R,0.0,Z,0.0,R,29.0,R,16.0,R,55.0,A,,A,,A,,A,,A,,A,,R,14.0
485032,2018,A,,A,,A,,R,11.0,R,0.0,R,0.0,R,11.0,R,10.0,R,91.0,R,6.0,R,0.0,R,0.0,R,6.0,R,4.0,R,67.0,R,17.0
485111,2018,R,1249.0,R,4605.0,R,27.0,R,0.0,R,0.0,R,0.0,R,0.0,R,0.0,A,,R,0.0,R,0.0,R,0.0,R,0.0,R,0.0,A,,R,20.0
485120,2018,A,,A,,A,,R,54.0,R,0.0,R,0.0,R,54.0,R,22.0,R,41.0,R,8.0,R,0.0,R,0.0,R,8.0,R,1.0,R,13.0,R,10.0
485139,2018,A,,A,,A,,R,44.0,R,0.0,R,0.0,R,44.0,R,23.0,R,52.0,A,,A,,A,,A,,A,,A,,R,14.0
485166,2018,A,,A,,A,,R,17.0,R,0.0,R,0.0,R,17.0,R,12.0,R,71.0,A,,A,,A,,A,,A,,A,,R,18.0
485236,2018,A,,A,,A,,R,1.0,R,0.0,R,0.0,R,1.0,R,0.0,R,0.0,R,9.0,Z,0.0,Z,0.0,R,9.0,R,5.0,R,56.0,R,8.0
485263,2018,A,,A,,A,,R,11.0,R,0.0,R,0.0,R,11.0,R,7.0,R,64.0,A,,A,,A,,A,,A,,A,,R,20.0
485272,2018,R,14.0,R,142.0,R,10.0,R,7.0,Z,0.0,Z,0.0,R,7.0,R,6.0,R,86.0,R,0.0,Z,0.0,Z,0.0,R,0.0,Z,0.0,A,,R,12.0
485306,2018,A,,A,,A,,R,8.0,Z,0.0,Z,0.0,R,8.0,R,6.0,R,75.0,A,,A,,A,,A,,A,,A,,R,15.0
485342,2018,A,,A,,A,,R,13.0,R,0.0,R,0.0,R,13.0,R,11.0,R,85.0,A,,A,,A,,A,,A,,A,,R,17.0
485360,2018,A,,A,,A,,R,1.0,R,0.0,R,0.0,R,1.0,R,1.0,R,100.0,A,,A,,A,,A,,A,,A,,R,11.0
485379,2018,A,,A,,A,,R,59.0,R,0.0,R,0.0,R,59.0,R,52.0,R,88.0,A,,A,,A,,A,,A,,A,,R,14.0
485388,2018,A,,A,,A,,R,102.0,R,0.0,R,0.0,R,102.0,R,79.0,R,77.0,A,,A,,A,,A,,A,,A,,R,14.0
485397,2018,A,,A,,A,,R,36.0,R,0.0,Z,0.0,R,36.0,R,23.0,R,64.0,R,15.0,R,0.0,Z,0.0,R,15.0,R,8.0,R,53.0,R,25.0
485412,2018,A,,A,,A,,R,9.0,R,0.0,R,0.0,R,9.0,R,8.0,R,89.0,A,,A,,A,,A,,A,,A,,R,15.0
485458,2018,R,178.0,R,1921.0,R,9.0,R,139.0,R,0.0,Z,0.0,R,139.0,R,84.0,R,60.0,R,258.0,R,0.0,Z,0.0,R,258.0,R,132.0,R,51.0,R,15.0
485476,2018,A,,A,,A,,R,10.0,R,0.0,Z,0.0,R,10.0,R,9.0,R,90.0,A,,A,,A,,A,,A,,A,,R,10.0
485485,2018,A,,A,,A,,R,94.0,R,0.0,R,0.0,R,94.0,R,84.0,R,89.0,A,,A,,A,,A,,A,,A,,R,9.0
485494,2018,A,,A,,A,,R,27.0,R,0.0,R,0.0,R,27.0,R,27.0,R,100.0,A,,A,,A,,A,,A,,A,,R,15.0
485500,2018,A,,A,,A,,A,,A,,A,,A,,A,,A,,A,,A,,A,,A,,A,,A,,R,7.0
485519,2018,A,,A,,A,,A,,A,,A,,A,,A,,A,,R,21.0,R,0.0,R,0.0,R,21.0,R,7.0,R,33.0,R,22.0
485528,2018,A,,A,,A,,R,13.0,R,0.0,R,0.0,R,13.0,R,10.0,R,77.0,A,,A,,A,,A,,A,,A,,R,20.0
485546,2018,A,,A,,A,,R,0.0,R,0.0,R,0.0,R,0.0,R,0.0,A,,R,25.0,R,0.0,R,0.0,R,25.0,R,1.0,R,4.0,R,1.0
485564,2018,A,,A,,A,,R,30.0,R,0.0,R,0.0,R,30.0,R,25.0,R,83.0,R,4.0,Z,0.0,Z,0.0,R,4.0,R,3.0,R,75.0,R,23.0
485573,2018,A,,A,,A,,R,12.0,Z,0.0,Z,0.0,R,12.0,R,12.0,R,100.0,A,,A,,A,,A,,A,,A,,R,18.0
485582,2018,A,,A,,A,,R,84.0,R,0.0,R,0.0,R,84.0,R,77.0,R,92.0,R,28.0,R,0.0,R,0.0,R,28.0,R,25.0,R,89.0,R,12.0
485591,2018,A,,A,,A,,R,7.0,R,0.0,R,0.0,R,7.0,R,7.0,R,100.0,A,,A,,A,,A,,A,,A,,R,16.0
485607,2018,A,,A,,A,,R,5.0,Z,0.0,Z,0.0,R,5.0,R,5.0,R,100.0,R,6.0,Z,0.0,Z,0.0,R,6.0,R,2.0,R,33.0,R,15.0
485704,2018,A,,A,,A,,A,,A,,A,,A,,A,,A,,A,,A,,A,,A,,A,,A,,R,7.0
485731,2018,A,,A,,A,,R,8.0,R,0.0,R,0.0,R,8.0,R,5.0,R,63.0,A,,A,,A,,A,,A,,A,,R,13.0
485768,2018,A,,A,,A,,R,68.0,R,5.0,R,0.0,R,63.0,R,60.0,R,95.0,R,12.0,R,4.0,R,0.0,R,8.0,R,7.0,R,88.0,R,25.0
485801,2018,A,,A,,A,,R,30.0,R,1.0,R,0.0,R,29.0,R,29.0,R,100.0,A,,A,,A,,A,,A,,A,,R,19.0
485810,2018,A,,A,,A,,R,17.0,R,0.0,R,0.0,R,17.0,R,13.0,R,76.0,A,,A,,A,,A,,A,,A,,R,4.0
485856,2018,A,,A,,A,,R,3.0,R,0.0,Z,0.0,R,3.0,R,2.0,R,67.0,R,0.0,Z,0.0,Z,0.0,R,0.0,R,0.0,A,,R,5.0
485874,2018,A,,A,,A,,R,14.0,R,0.0,R,0.0,R,14.0,R,13.0,R,93.0,R,27.0,R,0.0,R,0.0,R,27.0,R,27.0,R,100.0,R,19.0
485908,2018,A,,A,,A,,A,,A,,A,,A,,A,,A,,A,,A,,A,,A,,A,,A,,R,13.0
485926,2018,A,,A,,A,,R,0.0,R,0.0,R,0.0,R,0.0,R,0.0,A,,R,0.0,R,0.0,R,0.0,R,0.0,R,0.0,A,,R,25.0
485953,2018,A,,A,,A,,R,30.0,R,0.0,R,0.0,R,30.0,R,22.0,R,73.0,A,,A,,A,,A,,A,,A,,R,1.0
485962,2018,A,,A,,A,,R,3.0,R,0.0,R,0.0,R,3.0,R,0.0,R,0.0,R,0.0,R,0.0,R,0.0,R,0.0,R,0.0,A,,R,12.0
485999,2018,R,26.0,R,27.0,R,96.0,R,24.0,R,0.0,R,0.0,R,24.0,R,22.0,R,92.0,A,,A,,A,,A,,A,,A,,R,9.0
486017,2018,R,7.0,R,20.0,R,35.0,R,8.0,R,0.0,R,0.0,R,8.0,R,1.0,R,13.0,A,,A,,A,,A,,A,,A,,R,7.0
486026,2018,R,25.0,R,26.0,R,96.0,R,34.0,R,0.0,R,0.0,R,34.0,R,21.0,R,62.0,A,,A,,A,,A,,A,,A,,R,20.0
486053,2018,R,26.0,R,43.0,R,60.0,R,20.0,R,0.0,R,0.0,R,20.0,R,17.0,R,85.0,R,0.0,R,0.0,R,0.0,R,0.0,R,0.0,A,,R,9.0
486099,2018,A,,A,,A,,R,19.0,R,0.0,R,0.0,R,19.0,R,11.0,R,58.0,A,,A,,A,,A,,A,,A,,R,3.0
486105,2018,A,,A,,A,,R,4.0,Z,0.0,Z,0.0,R,4.0,R,3.0,R,75.0,R,0.0,Z,0.0,Z,0.0,R,0.0,R,0.0,A,,R,5.0
486123,2018,R,6.0,R,7.0,R,86.0,R,5.0,R,0.0,R,0.0,R,5.0,R,5.0,R,100.0,A,,A,,A,,A,,A,,A,,R,3.0
486141,2018,A,,A,,A,,R,5.0,R,0.0,R,0.0,R,5.0,R,4.0,R,80.0,A,,A,,A,,A,,A,,A,,R,5.0
486150,2018,A,,A,,A,,R,3.0,Z,0.0,Z,0.0,R,3.0,R,3.0,R,100.0,R,0.0,R,0.0,R,0.0,R,0.0,R,0.0,A,,R,9.0
486169,2018,A,,A,,A,,R,29.0,R,1.0,R,0.0,R,28.0,R,23.0,R,82.0,A,,A,,A,,A,,A,,A,,R,20.0
486196,2018,R,58.0,R,60.0,R,97.0,R,63.0,R,0.0,R,0.0,R,63.0,R,54.0,R,86.0,A,,A,,A,,A,,A,,A,,R,13.0
486202,2018,A,,A,,A,,R,19.0,R,0.0,R,0.0,R,19.0,R,17.0,R,89.0,R,1.0,R,0.0,R,0.0,R,1.0,R,1.0,R,100.0,R,10.0
486239,2018,R,23.0,R,47.0,R,49.0,R,19.0,R,0.0,R,0.0,R,19.0,R,16.0,R,84.0,R,6.0,R,0.0,R,0.0,R,6.0,R,3.0,R,50.0,R,11.0
486248,2018,A,,A,,A,,R,18.0,R,0.0,R,0.0,R,18.0,R,14.0,R,78.0,A,,A,,A,,A,,A,,A,,R,25.0
486257,2018,R,35.0,R,120.0,R,29.0,R,37.0,R,0.0,R,0.0,R,37.0,R,26.0,R,70.0,R,17.0,R,0.0,R,0.0,R,17.0,R,11.0,R,65.0,R,17.0
486284,2018,R,71.0,R,101.0,R,70.0,R,60.0,R,0.0,R,0.0,R,60.0,R,42.0,R,70.0,R,0.0,R,0.0,R,0.0,R,0.0,R,0.0,A,,R,17.0
486309,2018,A,,A,,A,,R,14.0,Z,0.0,Z,0.0,R,14.0,R,9.0,R,64.0,A,,A,,A,,A,,A,,A,,R,10.0
486327,2018,A,,A,,A,,R,7.0,R,0.0,R,0.0,R,7.0,R,6.0,R,86.0,A,,A,,A,,A,,A,,A,,R,20.0
486345,2018,A,,A,,A,,A,,A,,A,,A,,A,,A,,A,,A,,A,,A,,A,,A,,R,12.0
486354,2018,R,41.0,R,41.0,R,100.0,R,4.0,Z,0.0,Z,0.0,R,4.0,R,4.0,R,100.0,A,,A,,A,,A,,A,,A,,R,15.0
486372,2018,A,,A,,A,,R,4.0,R,0.0,R,0.0,R,4.0,R,4.0,R,100.0,R,0.0,R,0.0,R,0.0,R,0.0,R,0.0,A,,R,6.0
486381,2018,A,,A,,A,,R,37.0,R,0.0,R,0.0,R,37.0,R,28.0,R,76.0,A,,A,,A,,A,,A,,A,,R,14.0
486390,2018,A,,A,,A,,A,,A,,A,,A,,A,,A,,A,,A,,A,,A,,A,,A,,R,40.0
486406,2018,A,,A,,A,,R,9.0,R,0.0,R,0.0,R,9.0,R,6.0,R,67.0,A,,A,,A,,A,,A,,A,,R,8.0
486415,2018,A,,A,,A,,R,10.0,R,0.0,R,0.0,R,10.0,R,8.0,R,80.0,A,,A,,A,,A,,A,,A,,R,15.0
486424,2018,A,,A,,A,,R,26.0,R,0.0,R,0.0,R,26.0,R,24.0,R,92.0,R,2.0,R,0.0,R,0.0,R,2.0,R,2.0,R,100.0,R,15.0
486442,2018,A,,A,,A,,R,8.0,R,1.0,R,0.0,R,7.0,R,5.0,R,71.0,A,,A,,A,,A,,A,,A,,R,20.0
486488,2018,R,1.0,R,8.0,R,13.0,R,4.0,R,0.0,R,0.0,R,4.0,R,3.0,R,75.0,R,0.0,R,0.0,R,0.0,R,0.0,R,0.0,A,,R,6.0
486497,2018,A,,A,,A,,R,18.0,R,0.0,R,0.0,R,18.0,R,11.0,R,61.0,A,,A,,A,,A,,A,,A,,R,25.0
486503,2018,A,,A,,A,,R,16.0,R,0.0,R,0.0,R,16.0,R,11.0,R,69.0,R,0.0,Z,0.0,Z,0.0,R,0.0,R,0.0,A,,R,16.0
486512,2018,A,,A,,A,,A,,A,,A,,A,,A,,A,,A,,A,,A,,A,,A,,A,,R,30.0
486521,2018,A,,A,,A,,A,,A,,A,,A,,A,,A,,A,,A,,A,,A,,A,,A,,R,1.0
486530,2018,A,,A,,A,,R,3.0,Z,0.0,Z,0.0,R,3.0,R,3.0,R,100.0,A,,A,,A,,A,,A,,A,,R,10.0
486558,2018,A,,A,,A,,R,17.0,Z,0.0,Z,0.0,R,17.0,R,12.0,R,71.0,R,10.0,Z,0.0,Z,0.0,R,10.0,R,8.0,R,80.0,R,13.0
486567,2018,A,,A,,A,,R,29.0,R,0.0,R,0.0,R,29.0,R,23.0,R,79.0,R,0.0,R,0.0,R,0.0,R,0.0,R,0.0,A,,R,15.0
486576,2018,A,,A,,A,,R,142.0,R,0.0,R,0.0,R,142.0,R,19.0,R,13.0,A,,A,,A,,A,,A,,A,,R,50.0
486594,2018,R,11.0,R,35.0,R,31.0,R,11.0,R,0.0,R,0.0,R,11.0,R,8.0,R,73.0,R,4.0,R,0.0,R,0.0,R,4.0,R,2.0,R,50.0,R,7.0
486619,2018,A,,A,,A,,R,2.0,R,0.0,R,0.0,R,2.0,R,1.0,R,50.0,A,,A,,A,,A,,A,,A,,R,18.0
486691,2018,A,,A,,A,,R,41.0,R,0.0,Z,0.0,R,41.0,R,21.0,R,51.0,A,,A,,A,,A,,A,,A,,R,25.0
486707,2018,A,,A,,A,,R,43.0,R,0.0,R,0.0,R,43.0,R,30.0,R,70.0,A,,A,,A,,A,,A,,A,,R,14.0
486716,2018,A,,A,,A,,R,27.0,R,0.0,R,0.0,R,27.0,R,22.0,R,81.0,A,,A,,A,,A,,A,,A,,R,17.0
486734,2018,A,,A,,A,,R,19.0,R,0.0,R,0.0,R,19.0,R,16.0,R,84.0,R,16.0,R,0.0,R,0.0,R,16.0,R,10.0,R,63.0,R,11.0
486752,2018,A,,A,,A,,R,28.0,R,0.0,R,0.0,R,28.0,R,19.0,R,68.0,A,,A,,A,,A,,A,,A,,R,18.0
486770,2018,A,,A,,A,,A,,A,,A,,A,,A,,A,,A,,A,,A,,A,,A,,A,,R,36.0
486798,2018,A,,A,,A,,R,541.0,R,1.0,R,0.0,R,540.0,R,334.0,R,62.0,A,,A,,A,,A,,A,,A,,R,30.0
486813,2018,A,,A,,A,,R,131.0,R,0.0,R,0.0,R,131.0,R,78.0,R,60.0,A,,A,,A,,A,,A,,A,,R,25.0
486822,2018,A,,A,,A,,R,103.0,R,0.0,R,0.0,R,103.0,R,77.0,R,75.0,A,,A,,A,,A,,A,,A,,R,25.0
486840,2018,R,4657.0,R,8208.0,R,57.0,R,5077.0,R,0.0,R,0.0,R,5077.0,R,3987.0,R,79.0,R,160.0,R,0.0,R,0.0,R,160.0,R,91.0,R,57.0,R,21.0
486859,2018,A,,A,,A,,R,17.0,R,0.0,R,0.0,R,17.0,R,12.0,R,71.0,A,,A,,A,,A,,A,,A,,R,15.0
486868,2018,A,,A,,A,,R,9.0,R,0.0,R,0.0,R,9.0,R,8.0,R,89.0,A,,A,,A,,A,,A,,A,,R,16.0
486877,2018,A,,A,,A,,R,8.0,Z,0.0,Z,0.0,R,8.0,R,7.0,R,88.0,A,,A,,A,,A,,A,,A,,R,21.0
486886,2018,A,,A,,A,,R,0.0,Z,0.0,Z,0.0,R,0.0,R,0.0,A,,R,0.0,Z,0.0,Z,0.0,R,0.0,Z,0.0,A,,R,14.0
486901,2018,R,175.0,R,276.0,R,63.0,R,204.0,R,0.0,R,0.0,R,204.0,R,145.0,R,71.0,R,0.0,R,0.0,R,0.0,R,0.0,R,0.0,A,,R,9.0
486938,2018,R,5.0,R,127.0,R,4.0,R,1.0,R,0.0,R,0.0,R,1.0,R,0.0,R,0.0,R,0.0,R,0.0,R,0.0,R,0.0,R,0.0,A,,R,11.0
486947,2018,R,1.0,R,72.0,R,1.0,R,0.0,R,0.0,R,0.0,R,0.0,R,0.0,A,,R,0.0,R,0.0,R,0.0,R,0.0,R,0.0,A,,R,5.0
486956,2018,R,3.0,R,220.0,R,1.0,R,3.0,R,0.0,R,0.0,R,3.0,R,3.0,R,100.0,R,0.0,R,0.0,R,0.0,R,0.0,R,0.0,A,,R,10.0
486965,2018,R,84.0,R,88.0,R,95.0,R,75.0,R,0.0,R,0.0,R,75.0,R,51.0,R,68.0,A,,A,,A,,A,,A,,A,,R,5.0
486983,2018,A,,A,,A,,R,6.0,R,0.0,R,0.0,R,6.0,R,3.0,R,50.0,A,,A,,A,,A,,A,,A,,R,12.0
487010,2018,A,,A,,A,,A,,A,,A,,A,,A,,A,,A,,A,,A,,A,,A,,A,,R,7.0
487047,2018,A,,A,,A,,R,42.0,R,0.0,R,0.0,R,42.0,R,21.0,R,50.0,A,,A,,A,,A,,A,,A,,R,12.0
487065,2018,A,,A,,A,,R,10.0,R,0.0,R,0.0,R,10.0,R,7.0,R,70.0,A,,A,,A,,A,,A,,A,,R,17.0
487083,2018,A,,A,,A,,R,12.0,R,0.0,R,0.0,R,12.0,R,12.0,R,100.0,A,,A,,A,,A,,A,,A,,R,5.0
487092,2018,R,533.0,R,534.0,R,100.0,R,476.0,R,1.0,R,0.0,R,475.0,R,449.0,R,95.0,R,0.0,R,0.0,R,0.0,R,0.0,R,0.0,A,,R,11.0
487162,2018,R,309.0,R,2248.0,R,14.0,R,293.0,R,0.0,Z,0.0,R,293.0,R,170.0,R,58.0,R,223.0,R,0.0,Z,0.0,R,223.0,R,102.0,R,46.0,R,14.0
487232,2018,A,,A,,A,,R,14.0,R,0.0,R,0.0,R,14.0,R,11.0,R,79.0,A,,A,,A,,A,,A,,A,,R,9.0
487296,2018,A,,A,,A,,A,,A,,A,,A,,A,,A,,A,,A,,A,,A,,A,,A,,R,8.0
487302,2018,A,,A,,A,,R,47.0,Z,0.0,Z,0.0,R,47.0,R,28.0,R,60.0,R,1.0,Z,0.0,Z,0.0,R,1.0,R,1.0,R,100.0,R,16.0
487311,2018,R,62.0,R,63.0,R,98.0,R,97.0,R,0.0,R,0.0,R,97.0,R,61.0,R,63.0,A,,A,,A,,A,,A,,A,,R,16.0
487320,2018,R,1247.0,R,3677.0,R,34.0,R,1247.0,R,2.0,R,0.0,R,1245.0,R,874.0,R,70.0,R,858.0,R,0.0,R,0.0,R,858.0,R,410.0,R,48.0,R,15.0
487348,2018,A,,A,,A,,R,7.0,R,0.0,R,0.0,R,7.0,R,6.0,R,86.0,R,4.0,R,0.0,R,0.0,R,4.0,R,3.0,R,75.0,R,13.0
487375,2018,A,,A,,A,,R,25.0,Z,0.0,Z,0.0,R,25.0,R,23.0,R,92.0,R,28.0,Z,0.0,Z,0.0,R,28.0,R,21.0,R,75.0,R,14.0
487384,2018,A,,A,,A,,R,106.0,R,0.0,R,0.0,R,106.0,R,75.0,R,71.0,A,,A,,A,,A,,A,,A,,R,15.0
487393,2018,A,,A,,A,,R,115.0,R,0.0,R,0.0,R,115.0,R,73.0,R,63.0,A,,A,,A,,A,,A,,A,,R,15.0
487409,2018,A,,A,,A,,R,125.0,R,0.0,R,0.0,R,125.0,R,81.0,R,65.0,A,,A,,A,,A,,A,,A,,R,15.0
487418,2018,A,,A,,A,,R,136.0,R,0.0,R,0.0,R,136.0,R,82.0,R,60.0,A,,A,,A,,A,,A,,A,,R,15.0
487427,2018,A,,A,,A,,R,125.0,R,0.0,R,0.0,R,125.0,R,56.0,R,45.0,A,,A,,A,,A,,A,,A,,R,15.0
487436,2018,A,,A,,A,,R,68.0,R,0.0,R,0.0,R,68.0,R,32.0,R,47.0,A,,A,,A,,A,,A,,A,,R,15.0
487445,2018,A,,A,,A,,R,58.0,R,0.0,R,0.0,R,58.0,R,40.0,R,69.0,A,,A,,A,,A,,A,,A,,R,15.0
487454,2018,A,,A,,A,,R,88.0,R,0.0,R,0.0,R,88.0,R,56.0,R,64.0,A,,A,,A,,A,,A,,A,,R,15.0
487472,2018,A,,A,,A,,R,158.0,R,0.0,R,0.0,R,158.0,R,90.0,R,57.0,A,,A,,A,,A,,A,,A,,R,15.0
487481,2018,A,,A,,A,,R,88.0,R,0.0,R,0.0,R,88.0,R,51.0,R,58.0,A,,A,,A,,A,,A,,A,,R,20.0
487490,2018,A,,A,,A,,R,104.0,R,0.0,R,0.0,R,104.0,R,49.0,R,47.0,A,,A,,A,,A,,A,,A,,R,15.0
487506,2018,A,,A,,A,,R,15.0,R,0.0,R,0.0,R,15.0,R,12.0,R,80.0,R,21.0,Z,0.0,Z,0.0,R,21.0,R,13.0,R,62.0,R,4.0
487524,2018,R,650.0,R,1023.0,R,64.0,R,553.0,R,0.0,R,0.0,R,553.0,R,414.0,R,75.0,R,8.0,R,0.0,R,0.0,R,8.0,R,5.0,R,63.0,R,15.0
487533,2018,A,,A,,A,,R,12.0,Z,0.0,Z,0.0,R,12.0,R,12.0,R,100.0,R,13.0,Z,0.0,Z,0.0,R,13.0,R,8.0,R,62.0,R,6.0
487588,2018,A,,A,,A,,R,107.0,Z,0.0,Z,0.0,R,107.0,R,75.0,R,70.0,A,,A,,A,,A,,A,,A,,R,33.0
487597,2018,A,,A,,A,,R,216.0,R,0.0,R,0.0,R,216.0,R,149.0,R,69.0,A,,A,,A,,A,,A,,A,,R,34.0
487603,2018,R,74.0,R,556.0,R,13.0,R,51.0,R,0.0,R,0.0,R,51.0,R,26.0,R,51.0,R,10.0,R,0.0,R,0.0,R,10.0,R,1.0,R,10.0,R,17.0
487621,2018,A,,A,,A,,R,2.0,Z,0.0,Z,0.0,R,2.0,R,2.0,R,100.0,R,0.0,Z,0.0,Z,0.0,R,0.0,Z,0.0,A,,R,8.0
487658,2018,R,36.0,R,36.0,R,100.0,R,15.0,R,0.0,R,0.0,R,15.0,R,11.0,R,73.0,A,,A,,A,,A,,A,,A,,R,19.0
487676,2018,A,,A,,A,,R,26.0,R,0.0,R,0.0,R,26.0,R,23.0,R,88.0,A,,A,,A,,A,,A,,A,,R,10.0
487746,2018,R,2.0,R,6.0,R,33.0,R,2.0,R,0.0,R,0.0,R,2.0,R,1.0,R,50.0,A,,A,,A,,A,,A,,A,,R,3.0
487773,2018,A,,A,,A,,R,15.0,R,0.0,R,0.0,R,15.0,R,13.0,R,87.0,R,0.0,R,0.0,R,0.0,R,0.0,R,0.0,A,,R,18.0
487791,2018,A,,A,,A,,R,25.0,R,0.0,R,0.0,R,25.0,R,22.0,R,88.0,R,14.0,R,0.0,R,0.0,R,14.0,R,10.0,R,71.0,R,16.0
487807,2018,A,,A,,A,,R,4.0,R,0.0,R,0.0,R,4.0,R,4.0,R,100.0,R,1.0,R,0.0,R,0.0,R,1.0,R,1.0,R,100.0,R,3.0
487816,2018,A,,A,,A,,R,3.0,R,0.0,R,0.0,R,3.0,R,3.0,R,100.0,R,0.0,R,0.0,R,0.0,R,0.0,R,0.0,A,,R,16.0
487852,2018,A,,A,,A,,A,,A,,A,,A,,A,,A,,A,,A,,A,,A,,A,,A,,R,6.0
487861,2018,A,,A,,A,,R,48.0,R,0.0,R,0.0,R,48.0,R,40.0,R,83.0,A,,A,,A,,A,,A,,A,,R,10.0
487870,2018,A,,A,,A,,R,6.0,R,0.0,R,0.0,R,6.0,R,5.0,R,83.0,R,1.0,R,0.0,R,0.0,R,1.0,R,1.0,R,100.0,R,9.0
487889,2018,A,,A,,A,,A,,A,,A,,A,,A,,A,,A,,A,,A,,A,,A,,A,,R,10.0
487898,2018,A,,A,,A,,R,21.0,Z,0.0,Z,0.0,R,21.0,R,14.0,R,67.0,R,17.0,Z,0.0,Z,0.0,R,17.0,R,6.0,R,35.0,R,9.0
487904,2018,A,,A,,A,,R,19.0,R,1.0,Z,0.0,R,18.0,R,16.0,R,89.0,A,,A,,A,,A,,A,,A,,R,9.0
487913,2018,A,,A,,A,,R,8.0,R,0.0,R,0.0,R,8.0,R,8.0,R,100.0,R,1.0,R,0.0,R,0.0,R,1.0,R,1.0,R,100.0,R,20.0
487922,2018,A,,A,,A,,R,35.0,R,0.0,R,0.0,R,35.0,R,34.0,R,97.0,R,17.0,R,0.0,R,0.0,R,17.0,R,17.0,R,100.0,R,7.0
487959,2018,A,,A,,A,,R,13.0,R,0.0,R,0.0,R,13.0,R,13.0,R,100.0,A,,A,,A,,A,,A,,A,,R,20.0
487968,2018,A,,A,,A,,R,31.0,R,0.0,R,0.0,R,31.0,R,30.0,R,97.0,A,,A,,A,,A,,A,,A,,R,10.0
487977,2018,A,,A,,A,,R,3.0,R,0.0,R,0.0,R,3.0,R,2.0,R,67.0,R,156.0,R,0.0,R,0.0,R,156.0,R,132.0,R,85.0,R,49.0
487995,2018,A,,A,,A,,A,,A,,A,,A,,A,,A,,A,,A,,A,,A,,A,,A,,R,13.0
488004,2018,A,,A,,A,,A,,A,,A,,A,,A,,A,,A,,A,,A,,A,,A,,A,,R,4.0
488013,2018,A,,A,,A,,A,,A,,A,,A,,A,,A,,A,,A,,A,,A,,A,,A,,R,15.0
488022,2018,A,,A,,A,,R,1.0,R,0.0,R,0.0,R,1.0,R,1.0,R,100.0,R,0.0,Z,0.0,Z,0.0,R,0.0,R,0.0,A,,R,11.0
488031,2018,A,,A,,A,,R,1.0,R,0.0,R,0.0,R,1.0,R,0.0,R,0.0,R,0.0,R,0.0,R,0.0,R,0.0,R,0.0,A,,R,3.0
488040,2018,A,,A,,A,,R,45.0,R,0.0,R,0.0,R,45.0,R,45.0,R,100.0,A,,A,,A,,A,,A,,A,,R,10.0
488059,2018,A,,A,,A,,R,10.0,R,0.0,R,0.0,R,10.0,R,7.0,R,70.0,A,,A,,A,,A,,A,,A,,R,20.0
488068,2018,A,,A,,A,,R,0.0,R,0.0,R,0.0,R,0.0,R,0.0,A,,R,0.0,R,0.0,R,0.0,R,0.0,R,0.0,A,,R,8.0
488077,2018,A,,A,,A,,R,138.0,R,3.0,R,0.0,R,135.0,R,82.0,R,61.0,R,36.0,R,0.0,R,0.0,R,36.0,R,10.0,R,28.0,R,50.0
488086,2018,A,,A,,A,,A,,A,,A,,A,,A,,A,,A,,A,,A,,A,,A,,A,,R,15.0
488101,2018,R,26.0,R,35.0,R,74.0,R,14.0,R,0.0,Z,0.0,R,14.0,R,13.0,R,93.0,A,,A,,A,,A,,A,,A,,R,10.0
488110,2018,A,,A,,A,,R,7.0,R,0.0,R,0.0,R,7.0,R,3.0,R,43.0,R,2.0,Z,0.0,Z,0.0,R,2.0,R,2.0,R,100.0,R,15.0
488129,2018,A,,A,,A,,R,5.0,R,0.0,R,0.0,R,5.0,R,3.0,R,60.0,R,4.0,R,0.0,R,0.0,R,4.0,R,2.0,R,50.0,R,20.0
488138,2018,A,,A,,A,,A,,A,,A,,A,,A,,A,,A,,A,,A,,A,,A,,A,,R,10.0
488147,2018,A,,A,,A,,R,19.0,R,0.0,R,0.0,R,19.0,R,16.0,R,84.0,A,,A,,A,,A,,A,,A,,R,10.0
488156,2018,A,,A,,A,,P,7.0,P,0.0,P,0.0,P,7.0,P,0.0,P,0.0,P,1.0,P,0.0,P,0.0,P,1.0,P,0.0,P,0.0,P,15.0
488165,2018,A,,A,,A,,R,28.0,Z,0.0,Z,0.0,R,28.0,R,5.0,R,18.0,A,,A,,A,,A,,A,,A,,R,4.0
488174,2018,A,,A,,A,,R,12.0,R,0.0,R,0.0,R,12.0,R,11.0,R,92.0,R,10.0,R,0.0,R,0.0,R,10.0,R,9.0,R,90.0,R,15.0
488183,2018,A,,A,,A,,R,4.0,R,0.0,R,0.0,R,4.0,R,3.0,R,75.0,A,,A,,A,,A,,A,,A,,R,10.0
488192,2018,A,,A,,A,,A,,A,,A,,A,,A,,A,,A,,A,,A,,A,,A,,A,,R,9.0
488217,2018,A,,A,,A,,R,84.0,R,0.0,R,0.0,R,84.0,R,72.0,R,86.0,A,,A,,A,,A,,A,,A,,R,15.0
488226,2018,A,,A,,A,,R,2.0,R,0.0,R,0.0,R,2.0,R,2.0,R,100.0,A,,A,,A,,A,,A,,A,,R,8.0
488235,2018,A,,A,,A,,R,1.0,Z,0.0,Z,0.0,R,1.0,R,1.0,R,100.0,A,,A,,A,,A,,A,,A,,R,6.0
488253,2018,A,,A,,A,,A,,A,,A,,A,,A,,A,,A,,A,,A,,A,,A,,A,,R,18.0
488262,2018,A,,A,,A,,R,23.0,R,0.0,R,0.0,R,23.0,R,17.0,R,74.0,R,5.0,R,0.0,R,0.0,R,5.0,R,2.0,R,40.0,R,9.0
488271,2018,A,,A,,A,,R,93.0,R,0.0,R,0.0,R,93.0,R,85.0,R,91.0,A,,A,,A,,A,,A,,A,,R,10.0
488280,2018,A,,A,,A,,A,,A,,A,,A,,A,,A,,A,,A,,A,,A,,A,,A,,R,29.0
488299,2018,A,,A,,A,,R,4.0,R,1.0,R,0.0,R,3.0,R,3.0,R,100.0,R,18.0,R,0.0,R,0.0,R,18.0,R,4.0,R,22.0,R,4.0
488305,2018,R,30.0,R,57.0,R,53.0,R,33.0,Z,0.0,Z,0.0,R,33.0,R,20.0,R,61.0,R,1.0,Z,0.0,Z,0.0,R,1.0,R,0.0,R,0.0,R,13.0
488314,2018,R,22.0,R,30.0,R,73.0,R,23.0,R,0.0,R,0.0,R,23.0,R,10.0,R,43.0,A,,A,,A,,A,,A,,A,,R,19.0
488332,2018,A,,A,,A,,R,29.0,R,0.0,Z,0.0,R,29.0,R,5.0,R,17.0,A,,A,,A,,A,,A,,A,,R,14.0
488350,2018,R,18.0,R,21.0,R,86.0,R,23.0,R,0.0,R,0.0,R,23.0,R,23.0,R,100.0,A,,A,,A,,A,,A,,A,,R,21.0
488369,2018,A,,A,,A,,R,7.0,R,0.0,R,0.0,R,7.0,R,6.0,R,86.0,A,,A,,A,,A,,A,,A,,R,16.0
488378,2018,A,,A,,A,,R,17.0,R,0.0,R,0.0,R,17.0,R,15.0,R,88.0,R,2.0,Z,0.0,Z,0.0,R,2.0,R,2.0,R,100.0,R,20.0
488396,2018,A,,A,,A,,R,7.0,R,0.0,R,0.0,R,7.0,R,5.0,R,71.0,R,12.0,R,0.0,R,0.0,R,12.0,R,3.0,R,25.0,R,25.0
488411,2018,A,,A,,A,,R,18.0,R,0.0,R,0.0,R,18.0,R,15.0,R,83.0,A,,A,,A,,A,,A,,A,,R,9.0
488420,2018,A,,A,,A,,A,,A,,A,,A,,A,,A,,A,,A,,A,,A,,A,,A,,R,12.0
488439,2018,A,,A,,A,,R,22.0,R,0.0,R,0.0,R,22.0,R,9.0,R,41.0,R,4.0,Z,0.0,Z,0.0,R,4.0,R,2.0,R,50.0,R,20.0
488448,2018,R,7.0,R,27.0,R,26.0,R,0.0,R,0.0,R,0.0,R,0.0,R,0.0,A,,R,0.0,R,0.0,R,0.0,R,0.0,R,0.0,A,,R,7.0
488590,2018,A,,A,,A,,R,6.0,R,0.0,R,0.0,R,6.0,R,6.0,R,100.0,A,,A,,A,,A,,A,,A,,R,11.0
488651,2018,A,,A,,A,,R,59.0,R,0.0,R,0.0,R,59.0,R,56.0,R,95.0,R,27.0,R,0.0,R,0.0,R,27.0,R,23.0,R,85.0,R,16.0
488679,2018,A,,A,,A,,R,0.0,R,0.0,R,0.0,R,0.0,R,0.0,A,,R,0.0,R,0.0,R,0.0,R,0.0,R,0.0,A,,R,13.0
488730,2018,R,554.0,R,1523.0,R,36.0,R,248.0,Z,0.0,Z,0.0,R,248.0,R,155.0,R,63.0,R,763.0,Z,0.0,Z,0.0,R,763.0,R,421.0,R,55.0,R,27.0
488749,2018,A,,A,,A,,R,83.0,R,0.0,R,0.0,R,83.0,R,66.0,R,80.0,R,11.0,R,0.0,R,0.0,R,11.0,R,9.0,R,82.0,R,20.0
488776,2018,A,,A,,A,,A,,A,,A,,A,,A,,A,,A,,A,,A,,A,,A,,A,,R,5.0
488785,2018,R,46.0,R,100.0,R,46.0,R,23.0,R,0.0,R,0.0,R,23.0,R,12.0,R,52.0,R,0.0,R,0.0,R,0.0,R,0.0,R,0.0,A,,R,12.0
488800,2018,A,,A,,A,,A,,A,,A,,A,,A,,A,,A,,A,,A,,A,,A,,A,,R,10.0
488828,2018,A,,A,,A,,R,2.0,R,0.0,R,0.0,R,2.0,R,2.0,R,100.0,A,,A,,A,,A,,A,,A,,R,7.0
488837,2018,A,,A,,A,,A,,A,,A,,A,,A,,A,,A,,A,,A,,A,,A,,A,,R,5.0
488846,2018,A,,A,,A,,Z,0.0,R,0.0,R,0.0,R,0.0,Z,0.0,A,,R,282.0,R,0.0,R,0.0,R,282.0,R,161.0,R,57.0,R,14.0
488891,2018,A,,A,,A,,R,46.0,Z,0.0,Z,0.0,R,46.0,R,31.0,R,67.0,A,,A,,A,,A,,A,,A,,R,23.0
488916,2018,A,,A,,A,,R,18.0,R,1.0,Z,0.0,R,17.0,R,14.0,R,82.0,A,,A,,A,,A,,A,,A,,R,20.0
488925,2018,A,,A,,A,,A,,A,,A,,A,,A,,A,,A,,A,,A,,A,,A,,A,,R,15.0
488934,2018,A,,A,,A,,R,290.0,R,0.0,R,0.0,R,290.0,R,238.0,R,82.0,R,244.0,R,0.0,R,0.0,R,244.0,R,172.0,R,70.0,R,10.0
488952,2018,A,,A,,A,,R,55.0,R,0.0,R,0.0,R,55.0,R,44.0,R,80.0,A,,A,,A,,A,,A,,A,,R,17.0
488961,2018,A,,A,,A,,R,48.0,R,0.0,R,0.0,R,48.0,R,27.0,R,56.0,A,,A,,A,,A,,A,,A,,R,18.0
488970,2018,A,,A,,A,,R,28.0,R,0.0,R,0.0,R,28.0,R,22.0,R,79.0,A,,A,,A,,A,,A,,A,,R,20.0
488989,2018,A,,A,,A,,R,26.0,R,0.0,R,0.0,R,26.0,R,19.0,R,73.0,A,,A,,A,,A,,A,,A,,R,15.0
488998,2018,A,,A,,A,,R,22.0,R,0.0,R,0.0,R,22.0,R,13.0,R,59.0,A,,A,,A,,A,,A,,A,,R,15.0
489122,2018,A,,A,,A,,R,43.0,R,0.0,R,0.0,R,43.0,R,35.0,R,81.0,A,,A,,A,,A,,A,,A,,R,10.0
489131,2018,A,,A,,A,,R,19.0,R,0.0,R,0.0,R,19.0,R,16.0,R,84.0,A,,A,,A,,A,,A,,A,,R,10.0
489140,2018,A,,A,,A,,R,18.0,R,0.0,R,0.0,R,18.0,R,14.0,R,78.0,A,,A,,A,,A,,A,,A,,R,10.0
489159,2018,A,,A,,A,,R,11.0,R,0.0,R,0.0,R,11.0,R,9.0,R,82.0,R,5.0,R,0.0,R,0.0,R,5.0,R,5.0,R,100.0,R,20.0
489201,2018,R,857.0,R,3393.0,R,25.0,R,743.0,R,0.0,R,0.0,R,743.0,R,515.0,R,69.0,R,549.0,R,0.0,R,0.0,R,549.0,R,268.0,R,49.0,R,31.0
489238,2018,A,,A,,A,,R,72.0,R,0.0,R,0.0,R,72.0,R,52.0,R,72.0,R,5.0,R,0.0,R,0.0,R,5.0,R,4.0,R,80.0,R,16.0
489247,2018,A,,A,,A,,R,5.0,R,0.0,R,0.0,R,5.0,R,3.0,R,60.0,R,5.0,R,0.0,R,0.0,R,5.0,R,5.0,R,100.0,R,2.0
489256,2018,A,,A,,A,,R,204.0,R,0.0,R,0.0,R,204.0,R,197.0,R,97.0,R,4.0,R,0.0,R,0.0,R,4.0,R,0.0,R,0.0,R,25.0
489283,2018,A,,A,,A,,R,382.0,Z,0.0,Z,0.0,R,382.0,R,345.0,R,90.0,A,,A,,A,,A,,A,,A,,R,13.0
489344,2018,A,,A,,A,,R,1.0,R,0.0,R,0.0,R,1.0,R,1.0,R,100.0,R,0.0,R,0.0,R,0.0,R,0.0,R,0.0,A,,R,8.0
489353,2018,A,,A,,A,,R,1.0,R,0.0,R,0.0,R,1.0,R,0.0,R,0.0,R,0.0,R,0.0,R,0.0,R,0.0,R,0.0,A,,R,11.0
489371,2018,A,,A,,A,,R,84.0,R,0.0,R,0.0,R,84.0,R,60.0,R,71.0,A,,A,,A,,A,,A,,A,,R,10.0
489399,2018,A,,A,,A,,A,,A,,A,,A,,A,,A,,A,,A,,A,,A,,A,,A,,R,12.0
489414,2018,A,,A,,A,,R,26.0,Z,0.0,Z,0.0,R,26.0,R,21.0,R,81.0,A,,A,,A,,A,,A,,A,,R,10.0
489760,2018,A,,A,,A,,R,12.0,R,0.0,R,0.0,R,12.0,R,10.0,R,83.0,A,,A,,A,,A,,A,,A,,R,12.0
489779,2018,A,,A,,A,,R,0.0,Z,0.0,Z,0.0,R,0.0,Z,0.0,A,,R,13.0,R,0.0,Z,0.0,R,13.0,R,6.0,R,46.0,R,20.0
489788,2018,A,,A,,A,,R,0.0,Z,0.0,Z,0.0,R,0.0,Z,0.0,A,,R,14.0,R,0.0,Z,0.0,R,14.0,R,4.0,R,29.0,R,20.0
489812,2018,A,,A,,A,,R,8.0,R,0.0,R,0.0,R,8.0,R,6.0,R,75.0,A,,A,,A,,A,,A,,A,,R,25.0
489830,2018,A,,A,,A,,R,26.0,R,1.0,Z,0.0,R,25.0,R,15.0,R,60.0,A,,A,,A,,A,,A,,A,,R,19.0
489937,2018,R,116.0,R,249.0,R,47.0,R,64.0,R,0.0,R,0.0,R,64.0,R,33.0,R,52.0,R,1.0,R,0.0,R,0.0,R,1.0,R,1.0,R,100.0,R,9.0
490018,2018,A,,A,,A,,A,,A,,A,,A,,A,,A,,A,,A,,A,,A,,A,,A,,R,20.0
490045,2018,A,,A,,A,,R,2.0,R,0.0,R,0.0,R,2.0,R,2.0,R,100.0,R,10.0,R,0.0,R,0.0,R,10.0,R,9.0,R,90.0,R,18.0
490054,2018,R,6.0,R,119.0,R,5.0,R,0.0,R,0.0,R,0.0,R,0.0,R,0.0,A,,R,0.0,R,0.0,R,0.0,R,0.0,R,0.0,A,,R,7.0
490063,2018,A,,A,,A,,R,21.0,R,0.0,R,0.0,R,21.0,R,17.0,R,81.0,A,,A,,A,,A,,A,,A,,R,5.0
490072,2018,A,,A,,A,,A,,A,,A,,A,,A,,A,,A,,A,,A,,A,,A,,A,,R,2.0
490081,2018,R,11.0,R,25.0,R,44.0,R,1.0,R,1.0,Z,0.0,R,0.0,R,0.0,A,,R,1.0,R,0.0,R,0.0,R,1.0,R,1.0,R,100.0,R,4.0
490090,2018,A,,A,,A,,R,10.0,R,0.0,R,0.0,R,10.0,R,5.0,R,50.0,R,21.0,R,0.0,R,0.0,R,21.0,R,11.0,R,52.0,R,3.0
490115,2018,A,,A,,A,,R,23.0,Z,0.0,Z,0.0,R,23.0,R,16.0,R,70.0,A,,A,,A,,A,,A,,A,,R,14.0
490124,2018,R,1.0,R,7.0,R,14.0,R,0.0,R,0.0,R,0.0,R,0.0,R,0.0,A,,A,,A,,A,,A,,A,,A,,R,14.0
490133,2018,A,,A,,A,,R,52.0,R,0.0,R,0.0,R,52.0,R,29.0,R,56.0,R,0.0,R,0.0,R,0.0,R,0.0,R,0.0,A,,R,10.0
490142,2018,A,,A,,A,,R,2.0,Z,0.0,Z,0.0,R,2.0,R,1.0,R,50.0,A,,A,,A,,A,,A,,A,,R,8.0
490151,2018,A,,A,,A,,A,,A,,A,,A,,A,,A,,A,,A,,A,,A,,A,,A,,R,15.0
490160,2018,A,,A,,A,,R,11.0,R,0.0,R,0.0,R,11.0,R,11.0,R,100.0,A,,A,,A,,A,,A,,A,,R,25.0
490179,2018,A,,A,,A,,R,0.0,R,0.0,R,0.0,R,0.0,R,0.0,A,,R,0.0,R,0.0,R,0.0,R,0.0,R,0.0,A,,R,14.0
490188,2018,A,,A,,A,,R,6.0,Z,0.0,Z,0.0,R,6.0,R,3.0,R,50.0,A,,A,,A,,A,,A,,A,,R,25.0
490197,2018,A,,A,,A,,R,4.0,Z,0.0,Z,0.0,R,4.0,R,4.0,R,100.0,A,,A,,A,,A,,A,,A,,R,15.0
490203,2018,R,12.0,R,22.0,R,55.0,R,9.0,R,0.0,R,0.0,R,9.0,R,3.0,R,33.0,R,7.0,R,0.0,R,0.0,R,7.0,R,4.0,R,57.0,R,8.0
490212,2018,A,,A,,A,,R,16.0,R,0.0,R,0.0,R,16.0,R,15.0,R,94.0,A,,A,,A,,A,,A,,A,,R,13.0
490221,2018,A,,A,,A,,R,1.0,Z,0.0,Z,0.0,R,1.0,R,1.0,R,100.0,R,6.0,Z,0.0,Z,0.0,R,6.0,R,6.0,R,100.0,R,1.0
490230,2018,R,11.0,R,38.0,R,29.0,R,2.0,R,0.0,R,0.0,R,2.0,R,2.0,R,100.0,R,0.0,R,0.0,R,0.0,R,0.0,R,0.0,A,,R,11.0
490249,2018,A,,A,,A,,A,,A,,A,,A,,A,,A,,A,,A,,A,,A,,A,,A,,R,10.0
490258,2018,A,,A,,A,,R,11.0,Z,0.0,Z,0.0,R,11.0,R,5.0,R,45.0,R,0.0,Z,0.0,Z,0.0,R,0.0,R,0.0,A,,R,14.0
490267,2018,A,,A,,A,,R,0.0,R,0.0,R,0.0,R,0.0,R,0.0,A,,R,0.0,R,0.0,R,0.0,R,0.0,R,0.0,A,,R,7.0
490276,2018,R,32.0,R,32.0,R,100.0,R,37.0,R,0.0,R,0.0,R,37.0,R,27.0,R,73.0,A,,A,,A,,A,,A,,A,,R,9.0
490285,2018,A,,A,,A,,R,53.0,R,0.0,R,0.0,R,53.0,R,41.0,R,77.0,R,2.0,Z,0.0,Z,0.0,R,2.0,R,2.0,R,100.0,R,15.0
490294,2018,A,,A,,A,,R,18.0,Z,0.0,Z,0.0,R,18.0,R,16.0,R,89.0,R,18.0,Z,0.0,Z,0.0,R,18.0,R,4.0,R,22.0,R,13.0
490300,2018,A,,A,,A,,R,13.0,R,0.0,R,0.0,R,13.0,R,12.0,R,92.0,R,1.0,R,0.0,R,0.0,R,1.0,R,1.0,R,100.0,R,12.0
490319,2018,R,6.0,R,8.0,R,75.0,R,13.0,R,0.0,R,0.0,R,13.0,R,9.0,R,69.0,A,,A,,A,,A,,A,,A,,R,9.0
490328,2018,A,,A,,A,,R,0.0,R,0.0,R,0.0,R,0.0,R,0.0,A,,A,,A,,A,,A,,A,,A,,R,12.0
490337,2018,A,,A,,A,,R,7.0,R,0.0,R,0.0,R,7.0,R,5.0,R,71.0,A,,A,,A,,A,,A,,A,,R,25.0
490346,2018,R,41.0,R,41.0,R,100.0,R,25.0,R,0.0,R,0.0,R,25.0,R,25.0,R,100.0,A,,A,,A,,A,,A,,A,,R,8.0
490364,2018,A,,A,,A,,R,2.0,R,0.0,R,0.0,R,2.0,R,2.0,R,100.0,R,1.0,R,0.0,R,0.0,R,1.0,R,1.0,R,100.0,R,2.0
490382,2018,A,,A,,A,,R,14.0,R,0.0,R,0.0,R,14.0,R,14.0,R,100.0,A,,A,,A,,A,,A,,A,,R,14.0
490391,2018,A,,A,,A,,R,15.0,R,0.0,R,0.0,R,15.0,R,13.0,R,87.0,A,,A,,A,,A,,A,,A,,R,23.0
490407,2018,A,,A,,A,,R,7.0,R,0.0,R,0.0,R,7.0,R,7.0,R,100.0,R,6.0,R,0.0,R,0.0,R,6.0,R,6.0,R,100.0,R,4.0
490416,2018,A,,A,,A,,R,7.0,R,0.0,R,0.0,R,7.0,R,5.0,R,71.0,R,1.0,R,0.0,R,0.0,R,1.0,R,1.0,R,100.0,R,10.0
490425,2018,A,,A,,A,,R,44.0,R,2.0,Z,0.0,R,42.0,R,32.0,R,76.0,A,,A,,A,,A,,A,,A,,R,25.0
490434,2018,A,,A,,A,,R,18.0,R,0.0,R,0.0,R,18.0,R,18.0,R,100.0,A,,A,,A,,A,,A,,A,,R,7.0
490443,2018,A,,A,,A,,A,,A,,A,,A,,A,,A,,A,,A,,A,,A,,A,,A,,R,18.0
490452,2018,A,,A,,A,,R,3.0,R,0.0,R,0.0,R,3.0,R,3.0,R,100.0,R,2.0,R,0.0,R,0.0,R,2.0,R,0.0,R,0.0,R,20.0
490461,2018,A,,A,,A,,A,,A,,A,,A,,A,,A,,A,,A,,A,,A,,A,,A,,R,17.0
490470,2018,A,,A,,A,,A,,A,,A,,A,,A,,A,,A,,A,,A,,A,,A,,A,,R,12.0
490498,2018,A,,A,,A,,R,5.0,R,0.0,R,0.0,R,5.0,R,5.0,R,100.0,A,,A,,A,,A,,A,,A,,R,13.0
490504,2018,R,8.0,R,9.0,R,89.0,R,11.0,R,0.0,R,0.0,R,11.0,R,3.0,R,27.0,A,,A,,A,,A,,A,,A,,R,7.0
490513,2018,R,19.0,R,22.0,R,86.0,R,21.0,R,0.0,R,0.0,R,21.0,R,15.0,R,71.0,R,0.0,R,0.0,R,0.0,R,0.0,R,0.0,A,,R,10.0
490522,2018,A,,A,,A,,R,0.0,R,0.0,R,0.0,R,0.0,R,0.0,A,,A,,A,,A,,A,,A,,A,,R,8.0
490531,2018,A,,A,,A,,R,6.0,R,0.0,R,0.0,R,6.0,R,5.0,R,83.0,R,6.0,R,0.0,R,0.0,R,6.0,R,4.0,R,67.0,R,10.0
490540,2018,A,,A,,A,,R,13.0,R,0.0,R,0.0,R,13.0,R,11.0,R,85.0,R,5.0,Z,0.0,Z,0.0,R,5.0,R,3.0,R,60.0,R,15.0
490559,2018,A,,A,,A,,R,59.0,R,0.0,R,0.0,R,59.0,R,25.0,R,42.0,A,,A,,A,,A,,A,,A,,R,10.0
490568,2018,A,,A,,A,,R,19.0,R,0.0,R,0.0,R,19.0,R,15.0,R,79.0,A,,A,,A,,A,,A,,A,,R,10.0
490674,2018,A,,A,,A,,R,10.0,Z,0.0,Z,0.0,R,10.0,R,8.0,R,80.0,A,,A,,A,,A,,A,,A,,R,25.0
490692,2018,A,,A,,A,,R,6.0,R,0.0,R,0.0,R,6.0,R,4.0,R,67.0,A,,A,,A,,A,,A,,A,,R,18.0
490717,2018,A,,A,,A,,A,,A,,A,,A,,A,,A,,A,,A,,A,,A,,A,,A,,R,12.0
490735,2018,A,,A,,A,,R,11.0,Z,0.0,Z,0.0,R,11.0,R,7.0,R,64.0,A,,A,,A,,A,,A,,A,,R,23.0
490744,2018,A,,A,,A,,R,6.0,Z,0.0,Z,0.0,R,6.0,R,5.0,R,83.0,R,1.0,Z,0.0,Z,0.0,R,1.0,R,1.0,R,100.0,R,20.0
490771,2018,A,,A,,A,,R,0.0,Z,0.0,Z,0.0,R,0.0,Z,0.0,A,,R,12.0,R,0.0,Z,0.0,R,12.0,R,5.0,R,42.0,R,20.0
490805,2018,R,1121.0,R,2838.0,R,39.0,R,1070.0,R,0.0,R,0.0,R,1070.0,R,743.0,R,69.0,R,55.0,R,0.0,R,0.0,R,55.0,R,25.0,R,45.0,R,17.0
490814,2018,A,,A,,A,,R,26.0,R,0.0,R,0.0,R,26.0,R,23.0,R,88.0,A,,A,,A,,A,,A,,A,,R,15.0
490832,2018,A,,A,,A,,R,16.0,R,0.0,R,0.0,R,16.0,R,9.0,R,56.0,R,2.0,R,0.0,R,0.0,R,2.0,R,0.0,R,0.0,R,10.0
490841,2018,A,,A,,A,,R,44.0,R,0.0,R,0.0,R,44.0,R,37.0,R,84.0,A,,A,,A,,A,,A,,A,,R,13.0
490850,2018,N,6.0,N,9.0,N,67.0,N,5.0,N,0.0,N,0.0,N,5.0,N,2.0,N,40.0,N,0.0,N,0.0,N,0.0,N,0.0,N,0.0,A,,N,10.0
490869,2018,A,,A,,A,,R,17.0,R,0.0,R,0.0,R,17.0,R,11.0,R,65.0,A,,A,,A,,A,,A,,A,,R,16.0
490878,2018,A,,A,,A,,R,0.0,R,0.0,R,0.0,R,0.0,R,0.0,A,,A,,A,,A,,A,,A,,A,,R,15.0
490896,2018,A,,A,,A,,A,,A,,A,,A,,A,,A,,A,,A,,A,,A,,A,,A,,R,17.0
490948,2018,A,,A,,A,,R,3.0,Z,0.0,Z,0.0,R,3.0,R,3.0,R,100.0,A,,A,,A,,A,,A,,A,,R,20.0
490975,2018,A,,A,,A,,R,26.0,Z,0.0,Z,0.0,R,26.0,R,19.0,R,73.0,A,,A,,A,,A,,A,,A,,R,24.0
491057,2018,R,5.0,R,48.0,R,10.0,R,7.0,R,0.0,R,0.0,R,7.0,R,4.0,R,57.0,A,,A,,A,,A,,A,,A,,R,13.0
491066,2018,A,,A,,A,,R,0.0,R,0.0,R,0.0,R,0.0,R,0.0,A,,A,,A,,A,,A,,A,,A,,R,3.0
491075,2018,A,,A,,A,,A,,A,,A,,A,,A,,A,,A,,A,,A,,A,,A,,A,,R,14.0
491084,2018,A,,A,,A,,R,38.0,R,0.0,R,0.0,R,38.0,R,20.0,R,53.0,A,,A,,A,,A,,A,,A,,R,12.0
491093,2018,A,,A,,A,,R,0.0,Z,0.0,Z,0.0,R,0.0,Z,0.0,A,,R,1.0,Z,0.0,Z,0.0,R,1.0,R,0.0,R,0.0,R,8.0
491118,2018,A,,A,,A,,A,,A,,A,,A,,A,,A,,A,,A,,A,,A,,A,,A,,R,10.0
491136,2018,A,,A,,A,,R,39.0,R,0.0,Z,0.0,R,39.0,R,27.0,R,69.0,A,,A,,A,,A,,A,,A,,R,18.0
491145,2018,A,,A,,A,,R,38.0,R,0.0,Z,0.0,R,38.0,R,23.0,R,61.0,A,,A,,A,,A,,A,,A,,R,23.0
491163,2018,A,,A,,A,,R,12.0,R,0.0,R,0.0,R,12.0,R,3.0,R,25.0,R,2.0,R,0.0,R,0.0,R,2.0,R,2.0,R,100.0,R,4.0
491181,2018,A,,A,,A,,R,2.0,R,0.0,R,0.0,R,2.0,R,1.0,R,50.0,A,,A,,A,,A,,A,,A,,R,12.0
491224,2018,A,,A,,A,,R,2.0,Z,0.0,Z,0.0,R,2.0,R,2.0,R,100.0,A,,A,,A,,A,,A,,A,,R,8.0
491233,2018,A,,A,,A,,R,3.0,Z,0.0,Z,0.0,R,3.0,R,3.0,R,100.0,R,2.0,Z,0.0,Z,0.0,R,2.0,R,2.0,R,100.0,R,20.0
491242,2018,A,,A,,A,,R,17.0,R,0.0,R,0.0,R,17.0,R,11.0,R,65.0,A,,A,,A,,A,,A,,A,,R,15.0
491251,2018,A,,A,,A,,R,0.0,R,0.0,R,0.0,R,0.0,R,0.0,A,,A,,A,,A,,A,,A,,A,,R,12.0
491260,2018,A,,A,,A,,R,16.0,R,0.0,R,0.0,R,16.0,R,13.0,R,81.0,R,10.0,R,0.0,R,0.0,R,10.0,R,8.0,R,80.0,R,8.0
491288,2018,A,,A,,A,,A,,A,,A,,A,,A,,A,,A,,A,,A,,A,,A,,A,,R,18.0
491297,2018,A,,A,,A,,A,,A,,A,,A,,A,,A,,A,,A,,A,,A,,A,,A,,R,19.0
491303,2018,A,,A,,A,,A,,A,,A,,A,,A,,A,,R,4.0,R,0.0,R,0.0,R,4.0,R,0.0,R,0.0,R,20.0
491394,2018,A,,A,,A,,A,,A,,A,,A,,A,,A,,A,,A,,A,,A,,A,,A,,R,11.0
491446,2018,R,84.0,R,87.0,R,97.0,R,69.0,R,0.0,R,0.0,R,69.0,R,56.0,R,81.0,A,,A,,A,,A,,A,,A,,R,19.0
491455,2018,A,,A,,A,,A,,A,,A,,A,,A,,A,,A,,A,,A,,A,,A,,A,,R,5.0
491464,2018,A,,A,,A,,R,0.0,Z,0.0,Z,0.0,R,0.0,Z,0.0,A,,R,0.0,Z,0.0,Z,0.0,R,0.0,Z,0.0,A,,R,4.0
491473,2018,A,,A,,A,,R,32.0,R,0.0,R,0.0,R,32.0,R,28.0,R,88.0,R,191.0,R,0.0,R,0.0,R,191.0,R,164.0,R,86.0,R,5.0
491482,2018,A,,A,,A,,A,,A,,A,,A,,A,,A,,A,,A,,A,,A,,A,,A,,R,5.0
491491,2018,R,2.0,R,19.0,R,11.0,R,2.0,R,0.0,R,0.0,R,2.0,R,1.0,R,50.0,A,,A,,A,,A,,A,,A,,R,25.0
491507,2018,A,,A,,A,,A,,A,,A,,A,,A,,A,,A,,A,,A,,A,,A,,A,,R,8.0
491525,2018,R,9.0,R,12.0,R,75.0,R,7.0,R,0.0,R,0.0,R,7.0,R,5.0,R,71.0,R,0.0,R,0.0,R,0.0,R,0.0,R,0.0,A,,R,6.0
491534,2018,A,,A,,A,,A,,A,,A,,A,,A,,A,,A,,A,,A,,A,,A,,A,,R,2.0
491543,2018,A,,A,,A,,R,0.0,R,0.0,R,0.0,R,0.0,R,0.0,A,,R,0.0,R,0.0,R,0.0,R,0.0,R,0.0,A,,R,25.0
491552,2018,A,,A,,A,,Z,0.0,Z,0.0,Z,0.0,R,0.0,Z,0.0,A,,A,,A,,A,,A,,A,,A,,R,10.0
491570,2018,A,,A,,A,,R,22.0,Z,0.0,Z,0.0,R,22.0,R,22.0,R,100.0,A,,A,,A,,A,,A,,A,,R,9.0
491589,2018,A,,A,,A,,R,20.0,R,0.0,R,0.0,R,20.0,R,15.0,R,75.0,R,5.0,R,0.0,R,0.0,R,5.0,R,3.0,R,60.0,R,3.0
491598,2018,A,,A,,A,,A,,A,,A,,A,,A,,A,,A,,A,,A,,A,,A,,A,,R,13.0
491613,2018,R,17.0,R,24.0,R,71.0,R,10.0,R,0.0,R,0.0,R,10.0,R,7.0,R,70.0,A,,A,,A,,A,,A,,A,,R,13.0
491622,2018,R,20.0,R,21.0,R,95.0,R,17.0,R,0.0,R,0.0,R,17.0,R,13.0,R,76.0,A,,A,,A,,A,,A,,A,,R,9.0
491631,2018,R,3.0,R,54.0,R,6.0,R,1.0,R,0.0,R,0.0,R,1.0,R,1.0,R,100.0,R,0.0,R,0.0,R,0.0,R,0.0,R,0.0,A,,R,5.0
491640,2018,R,39.0,R,44.0,R,89.0,R,41.0,R,0.0,R,0.0,R,41.0,R,32.0,R,78.0,A,,A,,A,,A,,A,,A,,R,19.0
491659,2018,A,,A,,A,,R,22.0,R,0.0,R,0.0,R,22.0,R,16.0,R,73.0,R,0.0,R,0.0,R,0.0,R,0.0,R,0.0,A,,R,10.0
491668,2018,A,,A,,A,,A,,A,,A,,A,,A,,A,,A,,A,,A,,A,,A,,A,,R,9.0
491677,2018,A,,A,,A,,R,0.0,R,0.0,R,0.0,R,0.0,R,0.0,A,,R,0.0,R,0.0,R,0.0,R,0.0,R,0.0,A,,R,11.0
491686,2018,A,,A,,A,,R,0.0,Z,0.0,Z,0.0,R,0.0,Z,0.0,A,,A,,A,,A,,A,,A,,A,,R,20.0
491695,2018,A,,A,,A,,R,4.0,R,0.0,Z,0.0,R,4.0,R,4.0,R,100.0,A,,A,,A,,A,,A,,A,,R,11.0
491701,2018,A,,A,,A,,A,,A,,A,,A,,A,,A,,A,,A,,A,,A,,A,,A,,R,15.0
491710,2018,R,21.0,R,33.0,R,64.0,R,20.0,R,0.0,R,0.0,R,20.0,R,19.0,R,95.0,A,,A,,A,,A,,A,,A,,R,21.0
491729,2018,A,,A,,A,,R,12.0,R,0.0,R,0.0,R,12.0,R,2.0,R,17.0,A,,A,,A,,A,,A,,A,,R,20.0
491738,2018,A,,A,,A,,R,6.0,R,0.0,R,0.0,R,6.0,R,6.0,R,100.0,R,8.0,R,0.0,Z,0.0,R,8.0,R,6.0,R,75.0,R,25.0
491747,2018,A,,A,,A,,R,16.0,R,0.0,R,0.0,R,16.0,R,13.0,R,81.0,R,19.0,R,0.0,R,0.0,R,19.0,R,17.0,R,89.0,R,25.0
491756,2018,A,,A,,A,,R,35.0,R,0.0,R,0.0,R,35.0,R,28.0,R,80.0,A,,A,,A,,A,,A,,A,,R,11.0
491765,2018,A,,A,,A,,R,0.0,R,0.0,R,0.0,R,0.0,R,0.0,A,,A,,A,,A,,A,,A,,A,,R,7.0
491774,2018,A,,A,,A,,R,0.0,Z,0.0,Z,0.0,R,0.0,Z,0.0,A,,R,0.0,Z,0.0,Z,0.0,R,0.0,Z,0.0,A,,R,8.0
491783,2018,A,,A,,A,,R,4.0,R,0.0,R,0.0,R,4.0,R,4.0,R,100.0,R,2.0,R,0.0,R,0.0,R,2.0,R,0.0,R,0.0,R,9.0
491792,2018,A,,A,,A,,R,0.0,R,0.0,R,0.0,R,0.0,R,0.0,A,,A,,A,,A,,A,,A,,A,,R,15.0
491817,2018,R,105.0,R,116.0,R,91.0,R,70.0,R,0.0,R,0.0,R,70.0,R,69.0,R,99.0,R,0.0,R,0.0,R,0.0,R,0.0,R,0.0,A,,R,32.0
491826,2018,A,,A,,A,,R,22.0,R,0.0,R,0.0,R,22.0,R,14.0,R,64.0,A,,A,,A,,A,,A,,A,,R,10.0
491835,2018,A,,A,,A,,R,37.0,R,0.0,R,0.0,R,37.0,R,30.0,R,81.0,A,,A,,A,,A,,A,,A,,R,8.0
491844,2018,A,,A,,A,,R,41.0,R,0.0,R,0.0,R,41.0,R,13.0,R,32.0,R,32.0,R,0.0,R,0.0,R,32.0,R,11.0,R,34.0,R,11.0
491853,2018,A,,A,,A,,R,1.0,R,0.0,R,0.0,R,1.0,R,1.0,R,100.0,A,,A,,A,,A,,A,,A,,R,12.0
491871,2018,A,,A,,A,,R,0.0,R,0.0,R,0.0,R,0.0,R,0.0,A,,R,4.0,R,0.0,R,0.0,R,4.0,R,4.0,R,100.0,R,25.0
491880,2018,A,,A,,A,,Z,0.0,Z,0.0,Z,0.0,R,0.0,Z,0.0,A,,A,,A,,A,,A,,A,,A,,R,6.0
491899,2018,A,,A,,A,,R,0.0,R,0.0,R,0.0,R,0.0,R,0.0,A,,R,0.0,R,0.0,R,0.0,R,0.0,R,0.0,A,,R,25.0
491905,2018,A,,A,,A,,R,0.0,R,0.0,R,0.0,R,0.0,R,0.0,A,,A,,A,,A,,A,,A,,A,,R,10.0
491914,2018,R,23.0,R,45.0,R,51.0,R,18.0,R,0.0,R,0.0,R,18.0,R,18.0,R,100.0,A,,A,,A,,A,,A,,A,,R,17.0
491923,2018,A,,A,,A,,A,,A,,A,,A,,A,,A,,A,,A,,A,,A,,A,,A,,R,20.0
491932,2018,A,,A,,A,,R,15.0,R,1.0,R,0.0,R,14.0,R,14.0,R,100.0,R,0.0,R,0.0,R,0.0,R,0.0,R,0.0,A,,R,12.0
491941,2018,A,,A,,A,,R,16.0,R,0.0,R,0.0,R,16.0,R,15.0,R,94.0,A,,A,,A,,A,,A,,A,,R,3.0
491950,2018,A,,A,,A,,R,0.0,R,0.0,R,0.0,R,0.0,R,0.0,A,,R,0.0,R,0.0,R,0.0,R,0.0,R,0.0,A,,R,29.0
491969,2018,A,,A,,A,,R,8.0,R,0.0,R,0.0,R,8.0,R,8.0,R,100.0,A,,A,,A,,A,,A,,A,,R,8.0
491978,2018,A,,A,,A,,R,18.0,R,0.0,R,0.0,R,18.0,R,15.0,R,83.0,R,4.0,R,0.0,R,0.0,R,4.0,R,3.0,R,75.0,R,8.0
491996,2018,A,,A,,A,,R,8.0,R,0.0,Z,0.0,R,8.0,R,7.0,R,88.0,R,0.0,R,0.0,Z,0.0,R,0.0,R,0.0,A,,R,13.0
492005,2018,A,,A,,A,,R,9.0,R,0.0,R,0.0,R,9.0,R,9.0,R,100.0,R,1.0,R,0.0,R,0.0,R,1.0,R,1.0,R,100.0,R,10.0
492032,2018,A,,A,,A,,A,,A,,A,,A,,A,,A,,A,,A,,A,,A,,A,,A,,R,1.0
492069,2018,R,45.0,R,69.0,R,65.0,R,37.0,R,0.0,R,0.0,R,37.0,R,18.0,R,49.0,R,0.0,R,0.0,R,0.0,R,0.0,R,0.0,A,,R,10.0
492139,2018,A,,A,,A,,A,,A,,A,,A,,A,,A,,A,,A,,A,,A,,A,,A,,R,11.0
492306,2018,A,,A,,A,,A,,A,,A,,A,,A,,A,,A,,A,,A,,A,,A,,A,,R,20.0
492315,2018,A,,A,,A,,A,,A,,A,,A,,A,,A,,R,68.0,R,0.0,R,0.0,R,68.0,R,5.0,R,7.0,R,11.0
492324,2018,A,,A,,A,,A,,A,,A,,A,,A,,A,,R,164.0,Z,0.0,Z,0.0,R,164.0,R,16.0,R,10.0,R,17.0
492360,2018,A,,A,,A,,R,6.0,R,0.0,R,0.0,R,6.0,R,4.0,R,67.0,R,0.0,R,0.0,R,0.0,R,0.0,R,0.0,A,,R,3.0
492379,2018,A,,A,,A,,A,,A,,A,,A,,A,,A,,A,,A,,A,,A,,A,,A,,R,16.0
492397,2018,A,,A,,A,,R,7.0,R,0.0,R,0.0,R,7.0,R,6.0,R,86.0,A,,A,,A,,A,,A,,A,,R,13.0
492421,2018,A,,A,,A,,R,0.0,Z,0.0,Z,0.0,R,0.0,Z,0.0,A,,A,,A,,A,,A,,A,,A,,R,20.0
492449,2018,A,,A,,A,,R,23.0,R,0.0,R,0.0,R,23.0,R,21.0,R,91.0,A,,A,,A,,A,,A,,A,,R,25.0
492458,2018,R,10.0,R,69.0,R,14.0,R,0.0,R,0.0,R,0.0,R,0.0,R,0.0,A,,R,0.0,R,0.0,R,0.0,R,0.0,R,0.0,A,,R,11.0
492476,2018,R,4.0,R,22.0,R,18.0,R,0.0,R,0.0,R,0.0,R,0.0,R,0.0,A,,R,0.0,R,0.0,R,0.0,R,0.0,R,0.0,A,,R,6.0
492591,2018,A,,A,,A,,R,2.0,R,0.0,R,0.0,R,2.0,R,2.0,R,100.0,A,,A,,A,,A,,A,,A,,R,7.0
492643,2018,A,,A,,A,,A,,A,,A,,A,,A,,A,,A,,A,,A,,A,,A,,A,,R,11.0
492652,2018,A,,A,,A,,R,3.0,R,0.0,R,0.0,R,3.0,R,3.0,R,100.0,R,0.0,R,0.0,R,0.0,R,0.0,R,0.0,A,,R,10.0
492661,2018,A,,A,,A,,R,22.0,R,0.0,R,0.0,R,22.0,R,19.0,R,86.0,R,0.0,R,0.0,R,0.0,R,0.0,R,0.0,A,,R,13.0
492689,2018,A,,A,,A,,A,,A,,A,,A,,A,,A,,A,,A,,A,,A,,A,,A,,R,13.0
492722,2018,A,,A,,A,,R,0.0,R,0.0,R,0.0,R,0.0,R,0.0,A,,A,,A,,A,,A,,A,,A,,R,13.0
492731,2018,A,,A,,A,,R,2.0,R,0.0,R,0.0,R,2.0,R,2.0,R,100.0,A,,A,,A,,A,,A,,A,,R,12.0
492759,2018,A,,A,,A,,R,0.0,R,0.0,R,0.0,R,0.0,R,0.0,A,,R,0.0,R,0.0,R,0.0,R,0.0,R,0.0,A,,R,15.0
492801,2018,R,74.0,R,342.0,R,22.0,R,37.0,R,0.0,R,0.0,R,37.0,R,28.0,R,76.0,R,23.0,R,0.0,R,0.0,R,23.0,R,4.0,R,17.0,R,12.0
492935,2018,A,,A,,A,,R,22.0,R,0.0,Z,0.0,R,22.0,R,10.0,R,45.0,A,,A,,A,,A,,A,,A,,R,8.0
492953,2018,A,,A,,A,,Z,0.0,Z,0.0,R,0.0,R,0.0,Z,0.0,A,,Z,0.0,R,0.0,Z,0.0,R,0.0,Z,0.0,A,,R,15.0
492962,2018,R,347.0,R,1271.0,R,27.0,R,3182.0,Z,0.0,Z,0.0,R,3182.0,R,1905.0,R,60.0,R,2991.0,Z,0.0,Z,0.0,R,2991.0,R,1075.0,R,36.0,R,26.0
493071,2018,A,,A,,A,,R,0.0,R,0.0,R,0.0,R,0.0,R,0.0,A,,A,,A,,A,,A,,A,,A,,R,15.0
493080,2018,A,,A,,A,,A,,A,,A,,A,,A,,A,,A,,A,,A,,A,,A,,A,,R,6.0
493132,2018,A,,A,,A,,R,0.0,R,0.0,R,0.0,R,0.0,R,0.0,A,,A,,A,,A,,A,,A,,A,,R,14.0
493150,2018,A,,A,,A,,R,0.0,R,0.0,R,0.0,R,0.0,R,0.0,A,,A,,A,,A,,A,,A,,A,,R,10.0
493318,2018,A,,A,,A,,R,0.0,R,0.0,R,0.0,R,0.0,R,0.0,A,,A,,A,,A,,A,,A,,A,,R,15.0
493372,2018,A,,A,,A,,R,0.0,R,0.0,R,0.0,R,0.0,R,0.0,A,,R,0.0,R,0.0,R,0.0,R,0.0,R,0.0,A,,R,12.0
493424,2018,A,,A,,A,,R,0.0,Z,0.0,Z,0.0,R,0.0,Z,0.0,A,,A,,A,,A,,A,,A,,A,,R,14.0
493451,2018,A,,A,,A,,R,0.0,R,0.0,R,0.0,R,0.0,R,0.0,A,,A,,A,,A,,A,,A,,A,,R,10.0
