UNITID,Year,XGRCOHRT,GRCOHRT,XUGENTER,UGENTERN,XPGRCOHR,PGRCOHRT,XRRFTCT,RRFTCT,XRRFTEX,RRFTEX,XRRFTCTA,RRFTCTA,XRET_NMF,RET_NMF,XRET_PCF,RET_PCF,XRRPTCT,RRPTCT,XRRPTEX,RRPTEX,XRRPTCTA,RRPTCTA,XRET_NMP,RET_NMP,XRET_PCP,RET_PCP,XSTUFACR,STUFACR 
100654,2010,R,1113.0,R,1345.0,R,83.0,R,1046.0,R,0.0,R,1046.0,R,780.0,R,75.0,R,8.0,R,0.0,R,8.0,R,4.0,R,50.0,R,20
100663,2010,R,1542.0,R,2967.0,R,52.0,R,1503.0,R,0.0,R,1503.0,R,1202.0,R,80.0,R,20.0,R,0.0,R,20.0,R,14.0,R,70.0,R,17
100690,2010,R,4.0,R,4.0,R,100.0,R,5.0,R,0.0,R,5.0,R,4.0,R,80.0,R,0.0,R,0.0,R,0.0,R,0.0,A,,R,10
100706,2010,R,600.0,R,1395.0,R,43.0,R,774.0,R,0.0,R,774.0,R,584.0,R,75.0,R,26.0,R,0.0,R,26.0,R,14.0,R,54.0,R,16
100724,2010,R,1090.0,R,1386.0,R,79.0,R,1209.0,R,0.0,R,1209.0,R,768.0,R,64.0,R,12.0,R,0.0,R,12.0,R,5.0,R,42.0,R,17
100751,2010,R,5489.0,R,7158.0,R,77.0,R,5096.0,R,34.0,R,5062.0,R,4294.0,R,85.0,R,20.0,R,0.0,R,20.0,R,13.0,R,65.0,R,19
100760,2010,R,594.0,R,890.0,R,67.0,R,594.0,Z,0.0,R,594.0,R,358.0,R,60.0,R,92.0,Z,0.0,R,92.0,R,31.0,R,34.0,R,16
100812,2010,A,,A,,A,,A,,A,,A,,A,,A,,A,,A,,A,,A,,A,,R,18
100830,2010,R,758.0,R,1332.0,R,57.0,R,729.0,R,0.0,R,729.0,R,396.0,R,54.0,R,139.0,R,0.0,R,139.0,R,59.0,R,42.0,R,19
100858,2010,R,4079.0,R,5176.0,R,79.0,R,3896.0,R,0.0,R,3896.0,R,3407.0,R,87.0,R,18.0,R,0.0,R,18.0,R,4.0,R,22.0,R,18
100937,2010,R,368.0,R,397.0,R,93.0,R,424.0,R,0.0,R,424.0,R,349.0,R,82.0,R,0.0,R,0.0,R,0.0,R,0.0,A,,R,13
101028,2010,R,278.0,R,692.0,R,40.0,R,281.0,R,0.0,R,281.0,R,159.0,R,57.0,R,97.0,R,0.0,R,97.0,R,15.0,R,15.0,R,20
101073,2010,R,361.0,R,382.0,R,95.0,R,286.0,Z,0.0,R,286.0,R,130.0,R,45.0,R,61.0,R,0.0,R,61.0,R,4.0,R,7.0,R,21
101116,2010,R,47.0,R,322.0,R,15.0,R,21.0,R,0.0,R,21.0,R,8.0,R,38.0,R,12.0,R,0.0,R,12.0,R,1.0,R,8.0,R,14
101143,2010,R,520.0,R,1192.0,R,44.0,R,553.0,R,0.0,R,553.0,R,330.0,R,60.0,R,128.0,R,0.0,R,128.0,R,45.0,R,35.0,R,18
101161,2010,R,1035.0,R,1895.0,R,55.0,R,1070.0,R,0.0,R,1070.0,R,500.0,R,47.0,R,187.0,R,0.0,R,187.0,R,123.0,R,66.0,R,27
101189,2010,R,215.0,R,484.0,R,44.0,R,344.0,R,0.0,R,344.0,R,228.0,R,66.0,R,84.0,R,0.0,R,84.0,R,58.0,R,69.0,R,13
101240,2010,R,1523.0,R,2564.0,R,59.0,R,1573.0,R,0.0,R,1573.0,R,869.0,R,55.0,R,300.0,R,0.0,R,300.0,R,132.0,R,44.0,R,25
101286,2010,R,953.0,R,1776.0,R,54.0,R,973.0,R,0.0,R,973.0,R,551.0,R,57.0,R,184.0,R,0.0,R,184.0,R,79.0,R,43.0,R,20
101295,2010,R,1091.0,R,2204.0,R,50.0,R,1108.0,R,1.0,R,1107.0,R,674.0,R,61.0,R,157.0,R,0.0,R,157.0,R,91.0,R,58.0,R,25
101301,2010,R,415.0,R,807.0,R,51.0,R,462.0,R,0.0,R,462.0,R,202.0,R,44.0,R,36.0,R,0.0,R,36.0,R,15.0,R,42.0,R,21
101365,2010,R,17.0,R,157.0,R,11.0,R,2.0,R,0.0,R,2.0,R,1.0,R,50.0,R,0.0,R,0.0,R,0.0,Z,0.0,A,,R,14
101435,2010,R,272.0,R,371.0,R,73.0,R,237.0,R,0.0,R,237.0,R,141.0,R,59.0,R,0.0,R,0.0,R,0.0,R,0.0,A,,R,13
101453,2010,R,5.0,R,12.0,R,42.0,R,2.0,R,0.0,R,2.0,R,1.0,R,50.0,R,2.0,R,0.0,R,2.0,R,1.0,R,50.0,R,5
101462,2010,R,228.0,R,862.0,R,26.0,R,240.0,Z,0.0,R,240.0,R,102.0,R,43.0,R,101.0,Z,0.0,R,101.0,R,33.0,R,33.0,R,16
101471,2010,R,297.0,R,333.0,R,89.0,R,279.0,R,0.0,R,279.0,R,139.0,R,50.0,R,19.0,R,0.0,R,19.0,R,14.0,R,74.0,R,17
101480,2010,R,1246.0,R,2258.0,R,55.0,R,1220.0,R,0.0,R,1220.0,R,829.0,R,68.0,R,32.0,R,0.0,R,32.0,R,22.0,R,69.0,R,20
101499,2010,R,264.0,R,520.0,R,51.0,R,323.0,R,0.0,R,323.0,R,132.0,R,41.0,R,126.0,R,0.0,R,126.0,R,32.0,R,25.0,R,19
101505,2010,R,1309.0,R,3898.0,R,34.0,R,1035.0,R,9.0,R,1026.0,R,609.0,R,59.0,R,498.0,R,2.0,R,496.0,R,223.0,R,45.0,R,24
101514,2010,R,1436.0,R,3508.0,R,41.0,R,1405.0,R,2.0,R,1403.0,R,921.0,R,66.0,R,723.0,R,0.0,R,723.0,R,395.0,R,55.0,R,26
101541,2010,R,93.0,R,117.0,R,79.0,R,68.0,R,0.0,R,68.0,R,43.0,R,63.0,R,0.0,R,0.0,R,0.0,R,0.0,A,,R,10
101569,2010,R,1044.0,R,1948.0,R,54.0,R,1014.0,R,1.0,R,1013.0,R,536.0,R,53.0,R,229.0,R,0.0,R,229.0,R,124.0,R,54.0,R,23
101587,2010,R,290.0,R,536.0,R,54.0,R,193.0,R,0.0,R,193.0,R,121.0,R,63.0,R,16.0,R,0.0,R,16.0,R,4.0,R,25.0,R,18
101602,2010,R,433.0,R,821.0,R,53.0,R,354.0,R,0.0,R,354.0,R,179.0,R,51.0,R,49.0,R,0.0,R,49.0,R,15.0,R,31.0,R,17
101648,2010,R,232.0,R,284.0,R,82.0,R,254.0,R,1.0,R,253.0,R,86.0,R,34.0,Z,0.0,Z,0.0,Z,0.0,Z,0.0,A,,R,18
101675,2010,R,343.0,R,467.0,R,73.0,R,407.0,R,0.0,R,407.0,R,222.0,R,55.0,R,10.0,R,0.0,R,10.0,R,7.0,R,70.0,R,15
101693,2010,R,233.0,R,394.0,R,59.0,R,221.0,Z,0.0,R,221.0,R,157.0,R,71.0,R,7.0,R,0.0,R,7.0,R,2.0,R,29.0,R,12
101709,2010,R,425.0,R,647.0,R,66.0,R,409.0,R,1.0,R,408.0,R,295.0,R,72.0,R,20.0,R,0.0,R,20.0,R,9.0,R,45.0,R,17
101736,2010,R,834.0,R,1620.0,R,51.0,R,919.0,R,0.0,R,919.0,R,480.0,R,52.0,R,181.0,R,0.0,R,181.0,R,53.0,R,29.0,R,23
101879,2010,R,961.0,R,1686.0,R,57.0,R,1064.0,R,0.0,R,1064.0,R,694.0,R,65.0,R,17.0,R,0.0,R,17.0,R,12.0,R,71.0,R,21
101897,2010,R,671.0,R,1230.0,R,55.0,R,834.0,R,0.0,R,834.0,R,498.0,R,60.0,R,137.0,R,0.0,R,137.0,R,55.0,R,40.0,R,23
101912,2010,R,455.0,R,561.0,R,81.0,R,394.0,R,0.0,R,394.0,R,264.0,R,67.0,R,1.0,R,0.0,R,1.0,R,0.0,R,0.0,R,14
101949,2010,R,432.0,R,685.0,R,63.0,R,390.0,R,0.0,R,390.0,R,72.0,R,18.0,R,65.0,R,0.0,R,65.0,R,20.0,R,31.0,R,18
101958,2010,R,4.0,R,21.0,R,19.0,R,2.0,R,0.0,R,2.0,R,2.0,R,100.0,R,0.0,R,0.0,R,0.0,R,0.0,A,,R,15
101994,2010,R,108.0,R,301.0,R,36.0,R,159.0,Z,0.0,R,159.0,R,105.0,R,66.0,R,27.0,Z,0.0,R,27.0,R,12.0,R,44.0,R,20
102030,2010,R,555.0,R,1510.0,R,37.0,R,524.0,R,0.0,R,524.0,R,208.0,R,40.0,R,140.0,R,0.0,R,140.0,R,53.0,R,38.0,R,19
102049,2010,R,712.0,R,857.0,R,83.0,R,732.0,R,0.0,R,732.0,R,630.0,R,86.0,R,1.0,R,0.0,R,1.0,R,0.0,R,0.0,R,12
102058,2010,R,215.0,R,356.0,R,60.0,R,150.0,R,0.0,R,150.0,R,70.0,R,47.0,R,50.0,R,0.0,R,50.0,R,20.0,R,40.0,R,15
102067,2010,R,918.0,R,1770.0,R,52.0,R,1072.0,R,0.0,R,1072.0,R,603.0,R,56.0,R,184.0,R,0.0,R,184.0,R,48.0,R,26.0,R,27
102076,2010,R,597.0,R,963.0,R,62.0,R,602.0,R,0.0,R,602.0,R,385.0,R,64.0,R,85.0,R,0.0,R,85.0,R,32.0,R,38.0,R,28
102094,2010,R,1707.0,R,2870.0,R,59.0,R,1753.0,R,0.0,R,1753.0,R,1151.0,R,66.0,R,88.0,R,0.0,R,88.0,R,50.0,R,57.0,R,22
102234,2010,R,397.0,R,455.0,R,87.0,R,353.0,R,1.0,R,352.0,R,275.0,R,78.0,R,3.0,R,0.0,R,3.0,R,2.0,R,67.0,R,15
102261,2010,R,11.0,R,47.0,R,23.0,R,24.0,R,0.0,R,24.0,R,13.0,R,54.0,R,8.0,R,0.0,R,8.0,R,5.0,R,63.0,R,12
102270,2010,R,297.0,R,422.0,R,70.0,R,431.0,R,0.0,R,431.0,R,216.0,R,50.0,R,0.0,R,0.0,R,0.0,R,0.0,A,,R,18
102298,2010,R,211.0,R,271.0,R,78.0,R,243.0,R,0.0,R,243.0,R,132.0,R,54.0,R,18.0,R,0.0,R,18.0,R,10.0,R,56.0,R,18
102313,2010,R,278.0,R,723.0,R,38.0,R,384.0,R,0.0,R,384.0,R,230.0,R,60.0,R,133.0,R,0.0,R,133.0,R,58.0,R,44.0,R,13
102368,2010,R,1810.0,R,4865.0,R,37.0,R,1997.0,R,0.0,R,1997.0,R,1456.0,R,73.0,R,1326.0,R,0.0,R,1326.0,R,456.0,R,34.0,R,20
102377,2010,R,701.0,R,844.0,R,83.0,R,692.0,R,0.0,R,692.0,R,491.0,R,71.0,R,0.0,R,0.0,R,0.0,R,0.0,A,,R,12
102395,2010,A,,A,,A,,A,,A,,A,,A,,A,,A,,A,,A,,A,,A,,R,14
102429,2010,R,1006.0,R,1749.0,R,58.0,R,937.0,R,0.0,R,937.0,R,578.0,R,62.0,R,243.0,R,0.0,R,243.0,R,112.0,R,46.0,R,17
102553,2010,R,1580.0,R,3274.0,R,48.0,R,985.0,Z,0.0,R,985.0,R,700.0,R,71.0,R,258.0,R,0.0,R,258.0,R,131.0,R,51.0,R,16
102580,2010,R,10.0,R,39.0,R,26.0,R,27.0,R,0.0,R,27.0,R,17.0,R,63.0,R,1.0,R,0.0,R,1.0,R,1.0,R,100.0,R,3
102614,2010,R,854.0,R,2523.0,R,34.0,R,443.0,Z,0.0,R,443.0,R,338.0,R,76.0,R,28.0,R,0.0,R,28.0,R,16.0,R,57.0,R,12
102632,2010,R,208.0,R,905.0,R,23.0,R,93.0,Z,0.0,R,93.0,R,59.0,R,63.0,R,24.0,R,0.0,R,24.0,R,13.0,R,54.0,R,13
102669,2010,R,45.0,R,197.0,R,23.0,R,27.0,R,0.0,R,27.0,R,18.0,R,67.0,R,2.0,R,0.0,R,2.0,R,0.0,R,0.0,R,7
102711,2010,A,,A,,A,,R,229.0,R,0.0,R,229.0,R,201.0,R,88.0,R,407.0,R,0.0,R,407.0,R,405.0,R,100.0,R,15
102845,2010,R,1658.0,R,1658.0,R,100.0,R,58.0,R,0.0,R,58.0,R,13.0,R,22.0,R,140.0,R,0.0,R,140.0,R,15.0,R,11.0,R,19
103361,2010,R,26.0,R,157.0,R,17.0,R,27.0,R,0.0,R,27.0,R,5.0,R,19.0,R,7.0,R,0.0,R,7.0,R,1.0,R,14.0,R,12
103501,2010,A,,A,,A,,R,202.0,R,0.0,R,202.0,R,182.0,R,90.0,R,0.0,R,0.0,R,0.0,R,0.0,A,,R,23
103644,2010,A,,A,,A,,R,30.0,R,0.0,R,30.0,R,13.0,R,43.0,R,3.0,R,0.0,R,3.0,R,0.0,R,0.0,R,61
103723,2010,R,168.0,R,303.0,R,55.0,R,143.0,R,0.0,R,143.0,R,74.0,R,52.0,R,8.0,R,0.0,R,8.0,R,1.0,R,13.0,R,20
103732,2010,A,,A,,A,,R,24.0,R,1.0,R,23.0,R,14.0,R,61.0,R,5.0,R,1.0,R,4.0,R,1.0,R,25.0,R,13
103741,2010,A,,A,,A,,R,56.0,R,0.0,R,56.0,R,28.0,R,50.0,R,23.0,R,2.0,R,21.0,R,16.0,R,76.0,R,10
103778,2010,A,,A,,A,,Z,0.0,Z,0.0,Z,0.0,Z,0.0,A,,Z,0.0,Z,0.0,Z,0.0,Z,0.0,A,,R,36
103787,2010,R,18.0,R,22.0,R,82.0,R,18.0,Z,0.0,R,18.0,R,16.0,R,89.0,R,2.0,Z,0.0,R,2.0,R,1.0,R,50.0,R,8
103811,2010,A,,A,,A,,A,,A,,A,,A,,A,,A,,A,,A,,A,,A,,R,8
103893,2010,A,,A,,A,,R,308.0,R,0.0,R,308.0,R,219.0,R,71.0,Z,0.0,Z,0.0,Z,0.0,Z,0.0,A,,R,38
103909,2010,A,,A,,A,,R,344.0,R,0.0,R,344.0,R,247.0,R,72.0,Z,0.0,Z,0.0,Z,0.0,Z,0.0,A,,R,31
103927,2010,A,,A,,A,,R,266.0,R,0.0,R,266.0,R,169.0,R,64.0,Z,0.0,Z,0.0,Z,0.0,Z,0.0,A,,R,46
103945,2010,A,,A,,A,,R,16.0,R,0.0,R,16.0,R,11.0,R,69.0,R,0.0,R,0.0,R,0.0,R,0.0,A,,R,34
103954,2010,A,,A,,A,,R,41.0,R,0.0,R,41.0,R,34.0,R,83.0,R,0.0,R,0.0,R,0.0,R,0.0,A,,R,20
103963,2010,A,,A,,A,,R,577.0,Z,0.0,R,577.0,R,339.0,R,59.0,Z,0.0,Z,0.0,Z,0.0,Z,0.0,A,,R,29
104090,2010,A,,A,,A,,R,16.0,R,0.0,R,16.0,R,5.0,R,31.0,Z,0.0,Z,0.0,Z,0.0,Z,0.0,A,,R,25
104151,2010,R,7544.0,R,15967.0,R,47.0,R,8261.0,R,134.0,R,8127.0,R,6828.0,R,84.0,R,1083.0,R,23.0,R,1060.0,R,713.0,R,67.0,R,23
104160,2010,R,939.0,R,2442.0,R,38.0,R,799.0,Z,0.0,R,799.0,R,506.0,R,63.0,R,1075.0,Z,0.0,R,1075.0,R,433.0,R,40.0,R,21
104179,2010,R,6810.0,R,8998.0,R,76.0,R,6782.0,R,0.0,R,6782.0,R,5235.0,R,77.0,R,184.0,R,0.0,R,184.0,R,67.0,R,36.0,R,21
104188,2010,R,17.0,R,61.0,R,28.0,R,35.0,R,0.0,R,35.0,R,27.0,R,77.0,R,19.0,R,0.0,R,19.0,R,12.0,R,63.0,R,6
104294,2010,A,,A,,A,,R,171.0,R,0.0,R,171.0,R,150.0,R,88.0,R,0.0,R,0.0,R,0.0,R,0.0,A,,R,17
104346,2010,R,514.0,R,2639.0,R,19.0,R,604.0,R,0.0,R,604.0,R,358.0,R,59.0,R,1122.0,R,0.0,R,1122.0,R,346.0,R,31.0,R,14
104364,2010,R,134.0,R,134.0,R,100.0,R,2.0,Z,0.0,R,2.0,R,0.0,R,0.0,R,0.0,Z,0.0,R,0.0,R,0.0,A,,R,10
104391,2010,A,,A,,A,,R,77.0,R,0.0,R,77.0,R,67.0,R,87.0,R,0.0,R,0.0,R,0.0,R,0.0,A,,R,18
104425,2010,R,482.0,R,1581.0,R,30.0,R,376.0,R,0.0,R,376.0,R,228.0,R,61.0,R,442.0,R,0.0,R,442.0,R,148.0,R,33.0,R,16
104434,2010,A,,A,,A,,R,22.0,R,0.0,R,22.0,R,14.0,R,64.0,R,0.0,Z,0.0,R,0.0,Z,0.0,A,,R,10
104443,2010,A,,A,,A,,R,23.0,R,0.0,R,23.0,R,16.0,R,70.0,R,25.0,Z,0.0,R,25.0,R,9.0,R,36.0,R,11
104504,2010,A,,A,,A,,R,55.0,R,0.0,R,55.0,R,48.0,R,87.0,R,38.0,R,0.0,R,38.0,R,35.0,R,92.0,R,26
104531,2010,R,255.0,R,951.0,R,27.0,R,212.0,R,0.0,R,212.0,R,101.0,R,48.0,R,90.0,R,0.0,R,90.0,R,29.0,R,32.0,R,24
104568,2010,A,,A,,A,,R,29.0,Z,0.0,R,29.0,R,16.0,R,55.0,R,29.0,Z,0.0,R,29.0,R,16.0,R,55.0,R,14
104577,2010,R,842.0,R,1934.0,R,44.0,R,648.0,R,13.0,R,635.0,R,336.0,R,53.0,R,815.0,R,26.0,R,789.0,R,383.0,R,49.0,R,20
104586,2010,R,352.0,R,484.0,R,73.0,R,318.0,R,0.0,R,318.0,R,249.0,R,78.0,R,0.0,R,0.0,R,0.0,R,0.0,A,,R,17
104665,2010,A,,A,,A,,A,,A,,A,,A,,A,,A,,A,,A,,A,,A,,R,8
104708,2010,R,2235.0,R,6824.0,R,33.0,R,2036.0,R,0.0,R,2036.0,R,1225.0,R,60.0,R,1387.0,R,0.0,R,1387.0,R,563.0,R,41.0,R,24
104717,2010,R,704.0,R,7177.0,R,10.0,R,1222.0,R,0.0,R,1222.0,R,306.0,R,25.0,R,1013.0,R,0.0,R,1013.0,R,251.0,R,25.0,R,16
104805,2010,A,,A,,A,,R,434.0,R,2.0,R,432.0,R,268.0,R,62.0,R,0.0,R,0.0,R,0.0,R,0.0,A,,R,30
104911,2010,A,,A,,A,,R,58.0,R,3.0,R,55.0,R,46.0,R,84.0,Z,0.0,Z,0.0,Z,0.0,Z,0.0,A,,R,12
104984,2010,A,,A,,A,,R,96.0,R,0.0,R,96.0,R,84.0,R,88.0,Z,0.0,Z,0.0,Z,0.0,Z,0.0,A,,R,20
105118,2010,A,,A,,A,,R,157.0,Z,0.0,R,157.0,R,82.0,R,52.0,R,0.0,Z,0.0,R,0.0,R,0.0,A,,R,29
105127,2010,A,,A,,A,,R,42.0,Z,0.0,R,42.0,R,41.0,R,98.0,R,27.0,Z,0.0,R,27.0,R,25.0,R,93.0,R,14
105145,2010,R,240.0,R,2030.0,R,12.0,R,228.0,R,0.0,R,228.0,R,130.0,R,57.0,R,481.0,R,0.0,R,481.0,R,145.0,R,30.0,R,18
105154,2010,R,2417.0,R,7642.0,R,32.0,R,2432.0,R,0.0,R,2432.0,R,1433.0,R,59.0,R,1890.0,R,0.0,R,1890.0,R,663.0,R,35.0,R,23
105163,2010,R,45.0,R,78.0,R,58.0,R,0.0,R,0.0,R,0.0,R,0.0,A,,R,0.0,R,0.0,R,0.0,R,0.0,A,,R,25
105172,2010,R,97.0,R,137.0,R,71.0,R,3.0,R,0.0,R,3.0,R,2.0,R,67.0,R,0.0,R,0.0,R,0.0,R,0.0,A,,R,24
105206,2010,R,254.0,R,1569.0,R,16.0,R,275.0,Z,0.0,R,275.0,R,106.0,R,39.0,R,1073.0,Z,0.0,R,1073.0,R,449.0,R,42.0,R,21
105215,2010,A,,A,,A,,R,1163.0,R,4.0,R,1159.0,R,911.0,R,79.0,R,0.0,R,0.0,R,0.0,R,0.0,A,,R,29
105297,2010,R,388.0,R,685.0,R,57.0,R,0.0,Z,0.0,R,0.0,Z,0.0,A,,R,0.0,Z,0.0,R,0.0,Z,0.0,A,,R,27
105330,2010,R,3789.0,R,6428.0,R,59.0,R,3454.0,R,0.0,R,3454.0,R,2453.0,R,71.0,R,248.0,R,0.0,R,248.0,R,132.0,R,53.0,R,20
105349,2010,R,149.0,R,2326.0,R,6.0,R,99.0,R,0.0,R,99.0,R,43.0,R,43.0,R,236.0,R,0.0,R,236.0,R,54.0,R,23.0,R,17
105367,2010,A,,A,,A,,R,0.0,R,0.0,R,0.0,R,0.0,A,,R,0.0,R,0.0,R,0.0,R,0.0,A,,R,16
105428,2010,R,734.0,R,4372.0,R,17.0,R,725.0,R,0.0,R,725.0,R,428.0,R,59.0,R,836.0,R,0.0,R,836.0,R,350.0,R,42.0,R,20
105482,2010,A,,A,,A,,A,,A,,A,,A,,A,,A,,A,,A,,A,,A,,R,21
105516,2010,A,,A,,A,,R,123.0,R,0.0,R,123.0,R,62.0,R,50.0,R,0.0,R,0.0,R,0.0,R,0.0,A,,R,19
105525,2010,R,3478.0,R,12198.0,R,29.0,R,3146.0,R,0.0,R,3146.0,R,2083.0,R,66.0,R,3473.0,R,0.0,R,3473.0,R,1341.0,R,39.0,R,29
105534,2010,A,,A,,A,,R,0.0,R,0.0,R,0.0,R,0.0,A,,R,0.0,R,0.0,R,0.0,R,0.0,A,,R,25
105543,2010,A,,A,,A,,R,344.0,R,0.0,R,344.0,R,268.0,R,78.0,R,0.0,R,0.0,R,0.0,R,0.0,A,,R,25
105589,2010,R,76.0,R,257.0,R,30.0,R,73.0,R,0.0,R,73.0,R,44.0,R,60.0,R,0.0,R,0.0,R,0.0,R,0.0,A,,R,7
105659,2010,A,,A,,A,,R,202.0,R,0.0,R,202.0,R,154.0,R,76.0,R,0.0,R,0.0,R,0.0,R,0.0,A,,R,24
105668,2010,R,343.0,R,6861.0,R,5.0,R,208.0,R,0.0,R,208.0,R,81.0,R,39.0,R,773.0,R,0.0,R,773.0,R,168.0,R,22.0,R,39
105677,2010,A,,A,,A,,A,,A,,A,,A,,A,,A,,A,,A,,A,,A,,R,6
105701,2010,A,,A,,A,,R,51.0,R,0.0,R,51.0,R,40.0,R,78.0,R,0.0,R,0.0,R,0.0,R,0.0,A,,R,16
105747,2010,R,996.0,R,3677.0,R,27.0,R,1096.0,R,0.0,R,1096.0,R,684.0,R,62.0,R,507.0,R,0.0,R,507.0,R,215.0,R,42.0,R,20
105792,2010,R,424.0,R,2529.0,R,17.0,R,390.0,R,0.0,R,390.0,R,203.0,R,52.0,R,318.0,R,0.0,R,318.0,R,109.0,R,34.0,R,23
105899,2010,R,75.0,R,193.0,R,39.0,R,68.0,R,0.0,R,68.0,R,49.0,R,72.0,R,0.0,Z,0.0,R,0.0,R,0.0,A,,R,33
105987,2010,A,,A,,A,,A,,A,,A,,A,,A,,A,,A,,A,,A,,A,,R,21
106041,2010,A,,A,,A,,R,1160.0,R,1.0,R,1159.0,R,882.0,R,76.0,R,0.0,R,0.0,R,0.0,R,0.0,A,,R,34
106102,2010,A,,A,,A,,R,9.0,R,0.0,R,9.0,R,6.0,R,67.0,R,0.0,R,0.0,R,0.0,R,0.0,A,,R,19
106111,2010,A,,A,,A,,R,52.0,R,0.0,R,52.0,R,20.0,R,38.0,R,14.0,Z,0.0,R,14.0,R,9.0,R,64.0,R,15
106148,2010,R,498.0,R,2236.0,R,22.0,R,345.0,R,0.0,R,345.0,R,186.0,R,54.0,R,735.0,R,0.0,R,735.0,R,256.0,R,35.0,R,19
106245,2010,R,768.0,R,2478.0,R,31.0,R,666.0,R,0.0,R,666.0,R,429.0,R,64.0,R,26.0,R,0.0,R,26.0,R,10.0,R,38.0,R,16
106263,2010,A,,A,,A,,A,,A,,A,,A,,A,,A,,A,,A,,A,,A,,R,10
106281,2010,A,,A,,A,,R,5.0,Z,0.0,R,5.0,R,4.0,R,80.0,R,1.0,R,0.0,R,1.0,R,1.0,R,100.0,R,16
106306,2010,R,385.0,R,499.0,R,77.0,R,190.0,R,0.0,R,190.0,R,96.0,R,51.0,R,40.0,R,0.0,R,40.0,R,16.0,R,40.0,R,22
106315,2010,A,,A,,A,,R,15.0,R,0.0,R,15.0,R,10.0,R,67.0,R,5.0,R,0.0,R,5.0,R,4.0,R,80.0,R,9
106324,2010,A,,A,,A,,R,12.0,R,0.0,R,12.0,R,12.0,R,100.0,R,0.0,Z,0.0,R,0.0,Z,0.0,A,,R,8
106342,2010,R,203.0,R,279.0,R,73.0,R,217.0,R,0.0,R,217.0,R,139.0,R,64.0,R,0.0,R,0.0,R,0.0,R,0.0,A,,R,13
106351,2010,A,,A,,A,,R,14.0,Z,0.0,R,14.0,R,10.0,R,71.0,R,2.0,Z,0.0,R,2.0,R,1.0,R,50.0,R,20
106360,2010,A,,A,,A,,R,17.0,R,0.0,R,17.0,R,13.0,R,76.0,R,0.0,R,0.0,R,0.0,R,0.0,A,,R,10
106397,2010,R,3780.0,R,5319.0,R,71.0,R,2891.0,R,0.0,R,2891.0,R,2390.0,R,83.0,R,28.0,R,0.0,R,28.0,R,18.0,R,64.0,R,18
106412,2010,R,781.0,R,962.0,R,81.0,R,960.0,Z,0.0,R,960.0,R,546.0,R,57.0,R,17.0,Z,0.0,R,17.0,R,6.0,R,35.0,R,17
106449,2010,R,809.0,R,1316.0,R,61.0,R,951.0,R,0.0,R,951.0,R,587.0,R,62.0,R,124.0,R,0.0,R,124.0,R,51.0,R,41.0,R,19
106458,2010,R,1665.0,R,2696.0,R,62.0,R,1650.0,R,0.0,R,1650.0,R,1169.0,R,71.0,R,75.0,R,0.0,R,75.0,R,26.0,R,35.0,R,19
106467,2010,R,1686.0,R,2310.0,R,73.0,R,1457.0,R,0.0,R,1457.0,R,1074.0,R,74.0,R,35.0,R,0.0,R,35.0,R,18.0,R,51.0,R,18
106485,2010,R,691.0,R,1108.0,R,62.0,R,587.0,R,0.0,R,587.0,R,253.0,R,43.0,R,53.0,R,0.0,R,53.0,R,5.0,R,9.0,R,16
106494,2010,A,,A,,A,,R,17.0,R,0.0,R,17.0,R,12.0,R,71.0,R,0.0,R,0.0,R,0.0,R,0.0,A,,R,10
106546,2010,A,,A,,A,,R,62.0,R,0.0,R,62.0,R,43.0,R,69.0,R,2.0,R,0.0,R,2.0,R,1.0,R,50.0,R,12
106607,2010,A,,A,,A,,R,23.0,R,0.0,R,23.0,R,19.0,R,83.0,R,1.0,R,0.0,R,1.0,R,0.0,R,0.0,R,7
106625,2010,R,451.0,R,739.0,R,61.0,R,494.0,R,0.0,R,494.0,R,306.0,R,62.0,R,52.0,R,0.0,R,52.0,R,23.0,R,44.0,R,25
106704,2010,R,1828.0,R,2453.0,R,75.0,R,1753.0,R,0.0,R,1753.0,R,1288.0,R,73.0,R,24.0,R,0.0,R,24.0,R,9.0,R,38.0,R,17
106713,2010,R,151.0,R,289.0,R,52.0,R,58.0,Z,0.0,R,58.0,R,37.0,R,64.0,R,2.0,Z,0.0,R,2.0,Z,0.0,R,0.0,R,16
106795,2010,R,180.0,R,596.0,R,30.0,R,149.0,R,0.0,R,149.0,R,77.0,R,52.0,R,78.0,R,0.0,R,78.0,R,26.0,R,33.0,R,14
106810,2010,R,55.0,R,98.0,R,56.0,R,57.0,R,0.0,R,57.0,R,30.0,R,53.0,R,0.0,R,0.0,R,0.0,R,0.0,A,,R,10
106829,2010,A,,A,,A,,R,76.0,R,0.0,R,76.0,R,37.0,R,49.0,R,15.0,R,0.0,R,15.0,R,12.0,R,80.0,R,12
106883,2010,R,234.0,R,479.0,R,49.0,R,293.0,R,0.0,R,293.0,R,136.0,R,46.0,R,53.0,R,0.0,R,53.0,R,19.0,R,36.0,R,18
106892,2010,A,,A,,A,,A,,A,,A,,A,,A,,A,,A,,A,,A,,A,,R,20
106908,2010,A,,A,,A,,R,105.0,R,0.0,R,105.0,R,80.0,R,76.0,R,1.0,R,0.0,R,1.0,R,0.0,R,0.0,R,16
106980,2010,R,456.0,R,905.0,R,50.0,R,493.0,R,0.0,R,493.0,R,341.0,R,69.0,R,130.0,R,0.0,R,130.0,R,55.0,R,42.0,R,21
106999,2010,R,271.0,R,472.0,R,57.0,R,293.0,R,0.0,R,293.0,R,140.0,R,48.0,R,66.0,R,0.0,R,66.0,R,25.0,R,38.0,R,19
107044,2010,R,988.0,R,1232.0,R,80.0,R,953.0,R,0.0,R,953.0,R,762.0,R,80.0,R,2.0,R,0.0,R,2.0,R,2.0,R,100.0,R,17
107071,2010,R,799.0,R,1130.0,R,71.0,R,627.0,R,1.0,R,626.0,R,388.0,R,62.0,R,16.0,R,8.0,R,8.0,R,5.0,R,63.0,R,17
107080,2010,R,404.0,R,424.0,R,95.0,R,412.0,R,0.0,R,412.0,R,356.0,R,86.0,R,0.0,Z,0.0,R,0.0,Z,0.0,A,,R,12
107099,2010,A,,A,,A,,R,27.0,Z,0.0,R,27.0,R,22.0,R,81.0,R,0.0,R,0.0,R,0.0,R,0.0,A,,R,19
107123,2010,A,,A,,A,,R,35.0,R,0.0,R,35.0,R,34.0,R,97.0,R,0.0,R,0.0,R,0.0,R,0.0,A,,R,8
107141,2010,R,322.0,R,575.0,R,56.0,R,305.0,R,1.0,R,304.0,R,229.0,R,75.0,R,0.0,R,0.0,R,0.0,R,0.0,A,,R,13
107211,2010,A,,A,,A,,R,19.0,R,0.0,R,19.0,R,13.0,R,68.0,R,0.0,R,0.0,R,0.0,R,0.0,A,,R,19
107220,2010,A,,A,,A,,R,76.0,R,0.0,R,76.0,R,52.0,R,68.0,Z,0.0,Z,0.0,Z,0.0,Z,0.0,A,,R,16
107275,2010,A,,A,,A,,R,10.0,R,0.0,R,10.0,R,8.0,R,80.0,R,0.0,R,0.0,R,0.0,R,0.0,A,,R,8
107293,2010,A,,A,,A,,R,66.0,Z,0.0,R,66.0,R,64.0,R,97.0,Z,0.0,Z,0.0,Z,0.0,Z,0.0,A,,R,11
107318,2010,R,287.0,R,944.0,R,30.0,R,200.0,R,0.0,R,200.0,R,94.0,R,47.0,R,183.0,R,0.0,R,183.0,R,72.0,R,39.0,R,19
107327,2010,R,334.0,R,1085.0,R,31.0,R,357.0,R,1.0,R,356.0,R,161.0,R,45.0,R,108.0,R,0.0,R,108.0,R,49.0,R,45.0,R,16
107363,2010,A,,A,,A,,R,20.0,R,0.0,R,20.0,R,7.0,R,35.0,R,7.0,Z,0.0,R,7.0,R,2.0,R,29.0,R,25
107442,2010,A,,A,,A,,R,15.0,R,0.0,R,15.0,R,12.0,R,80.0,R,0.0,R,0.0,R,0.0,R,0.0,A,,R,15
107460,2010,R,471.0,R,758.0,R,62.0,R,502.0,Z,0.0,R,502.0,R,279.0,R,56.0,R,76.0,Z,0.0,R,76.0,R,35.0,R,46.0,R,19
107488,2010,A,,A,,A,,R,271.0,R,0.0,R,271.0,R,46.0,R,17.0,R,21.0,R,0.0,R,21.0,R,1.0,R,5.0,R,5
107512,2010,R,451.0,R,519.0,R,87.0,R,390.0,R,0.0,R,390.0,R,316.0,R,81.0,R,0.0,R,0.0,R,0.0,R,0.0,A,,R,12
107521,2010,R,173.0,R,311.0,R,56.0,R,133.0,R,0.0,R,133.0,R,72.0,R,54.0,R,37.0,R,0.0,R,37.0,R,19.0,R,51.0,R,17
107549,2010,R,306.0,R,842.0,R,36.0,R,229.0,Z,0.0,R,229.0,R,121.0,R,53.0,R,218.0,Z,0.0,R,218.0,R,45.0,R,21.0,R,15
107558,2010,R,204.0,R,236.0,R,86.0,R,152.0,R,2.0,R,150.0,R,96.0,R,64.0,R,0.0,R,0.0,R,0.0,R,0.0,A,,R,11
107585,2010,R,536.0,R,995.0,R,54.0,R,621.0,R,0.0,R,621.0,R,288.0,R,46.0,R,144.0,R,0.0,R,144.0,R,53.0,R,37.0,R,23
107600,2010,R,178.0,R,238.0,R,75.0,R,152.0,R,0.0,R,152.0,R,118.0,R,78.0,R,5.0,R,0.0,R,5.0,R,0.0,R,0.0,R,11
107619,2010,R,204.0,R,354.0,R,58.0,R,216.0,R,0.0,R,216.0,R,125.0,R,58.0,R,32.0,R,0.0,R,32.0,R,11.0,R,34.0,R,11
107637,2010,R,290.0,R,546.0,R,53.0,R,367.0,R,105.0,R,262.0,R,144.0,R,55.0,R,200.0,R,41.0,R,159.0,R,45.0,R,28.0,R,16
107655,2010,A,,A,,A,,R,30.0,Z,0.0,R,30.0,R,20.0,R,67.0,R,0.0,Z,0.0,R,0.0,R,0.0,A,,R,20
107664,2010,R,996.0,R,2094.0,R,48.0,R,1090.0,R,0.0,R,1090.0,R,607.0,R,56.0,R,388.0,R,0.0,R,388.0,R,226.0,R,58.0,R,26
107725,2010,R,236.0,R,579.0,R,41.0,R,283.0,R,6.0,R,277.0,R,160.0,R,58.0,R,93.0,R,0.0,R,93.0,R,28.0,R,30.0,R,21
107743,2010,R,144.0,R,417.0,R,35.0,R,141.0,R,0.0,R,141.0,R,59.0,R,42.0,R,34.0,R,0.0,R,34.0,R,12.0,R,35.0,R,16
107789,2010,A,,A,,A,,R,41.0,R,0.0,R,41.0,R,35.0,R,85.0,R,5.0,R,0.0,R,5.0,R,0.0,R,0.0,R,20
107831,2010,A,,A,,A,,R,39.0,R,0.0,R,39.0,R,29.0,R,74.0,R,0.0,R,0.0,R,0.0,R,0.0,A,,R,22
107877,2010,R,155.0,R,251.0,R,62.0,R,134.0,R,0.0,R,134.0,R,81.0,R,60.0,R,0.0,R,0.0,R,0.0,R,0.0,A,,R,20
107974,2010,R,177.0,R,385.0,R,46.0,R,161.0,R,0.0,R,161.0,R,76.0,R,47.0,R,80.0,R,0.0,R,80.0,R,32.0,R,40.0,R,14
107983,2010,R,643.0,R,877.0,R,73.0,R,616.0,Z,0.0,R,616.0,R,384.0,R,62.0,R,1.0,Z,0.0,R,1.0,R,0.0,R,0.0,R,16
107992,2010,R,192.0,R,394.0,R,49.0,R,221.0,R,0.0,R,221.0,R,138.0,R,62.0,R,30.0,R,0.0,R,30.0,R,10.0,R,33.0,R,19
108065,2010,A,,A,,A,,R,7.0,R,0.0,R,7.0,R,3.0,R,43.0,R,2.0,R,0.0,R,2.0,R,0.0,R,0.0,R,11
108092,2010,R,1337.0,R,2385.0,R,56.0,R,659.0,R,0.0,R,659.0,R,416.0,R,63.0,R,40.0,R,0.0,R,40.0,R,17.0,R,43.0,R,20
108199,2010,A,,A,,A,,R,801.0,R,0.0,R,801.0,R,642.0,R,80.0,R,248.0,R,0.0,R,248.0,R,209.0,R,84.0,R,37
108232,2010,R,1099.0,R,2921.0,R,38.0,R,1132.0,R,0.0,R,1132.0,R,709.0,R,63.0,R,578.0,R,0.0,R,578.0,R,213.0,R,37.0,R,22
108250,2010,R,74.0,R,108.0,R,69.0,R,0.0,R,0.0,R,0.0,R,0.0,A,,R,0.0,R,0.0,R,0.0,R,0.0,A,,R,19
108348,2010,A,,A,,A,,R,54.0,R,0.0,R,54.0,R,42.0,R,78.0,R,0.0,R,0.0,R,0.0,R,0.0,A,,R,5
108649,2010,A,,A,,A,,R,79.0,R,0.0,R,79.0,R,48.0,R,61.0,R,42.0,Z,0.0,R,42.0,R,26.0,R,62.0,R,20
108667,2010,R,217.0,R,2612.0,R,8.0,R,268.0,Z,0.0,R,268.0,R,156.0,R,58.0,R,840.0,Z,0.0,R,840.0,R,227.0,R,27.0,R,31
108807,2010,R,945.0,R,3383.0,R,28.0,R,852.0,Z,0.0,R,852.0,R,621.0,R,73.0,R,795.0,Z,0.0,R,795.0,R,339.0,R,43.0,R,27
108852,2010,R,91.0,R,91.0,R,100.0,R,72.0,R,1.0,R,71.0,R,51.0,R,72.0,R,0.0,R,0.0,R,0.0,R,0.0,A,,R,9
108977,2010,A,,A,,A,,R,2.0,R,1.0,R,1.0,R,1.0,R,100.0,R,0.0,R,0.0,R,0.0,R,0.0,A,,R,22
109040,2010,A,,A,,A,,R,1689.0,R,0.0,R,1689.0,R,1552.0,R,92.0,R,0.0,R,0.0,R,0.0,R,0.0,A,,R,13
109086,2010,A,,A,,A,,A,,A,,A,,A,,A,,A,,A,,A,,A,,A,,R,1
109208,2010,R,1431.0,R,9348.0,R,15.0,R,1662.0,Z,0.0,R,1662.0,R,1108.0,R,67.0,R,2753.0,Z,0.0,R,2753.0,R,1064.0,R,39.0,R,30
109332,2010,A,,A,,A,,R,172.0,R,0.0,R,172.0,R,109.0,R,63.0,R,0.0,R,0.0,R,0.0,R,0.0,A,,R,32
109350,2010,R,1022.0,R,3581.0,R,29.0,R,1105.0,R,0.0,R,1105.0,R,772.0,R,70.0,R,1475.0,R,0.0,R,1475.0,R,667.0,R,45.0,R,26
109651,2010,R,137.0,R,337.0,R,41.0,R,114.0,Z,0.0,R,114.0,R,77.0,R,68.0,Z,0.0,Z,0.0,Z,0.0,Z,0.0,A,,R,9
109721,2010,A,,A,,A,,A,,A,,A,,A,,A,,A,,A,,A,,A,,A,,R,16
109730,2010,A,,A,,A,,A,,A,,A,,A,,A,,A,,A,,A,,A,,A,,R,12
109785,2010,R,1192.0,R,1902.0,R,63.0,R,1013.0,R,0.0,R,1013.0,R,871.0,R,86.0,R,9.0,R,0.0,R,9.0,R,3.0,R,33.0,R,13
109819,2010,R,1583.0,R,5048.0,R,31.0,R,1682.0,Z,0.0,R,1682.0,R,1220.0,R,73.0,R,1648.0,Z,0.0,R,1648.0,R,777.0,R,47.0,R,30
109891,2010,A,,A,,A,,R,7.0,R,0.0,R,7.0,R,7.0,R,100.0,R,0.0,R,0.0,R,0.0,R,0.0,A,,R,25
109907,2010,R,267.0,R,1282.0,R,21.0,R,284.0,Z,0.0,R,284.0,R,118.0,R,42.0,R,385.0,Z,0.0,R,385.0,R,58.0,R,15.0,R,22
109934,2010,A,,A,,A,,R,138.0,R,0.0,R,138.0,R,101.0,R,73.0,R,0.0,R,0.0,R,0.0,R,0.0,A,,R,24
110051,2010,R,74.0,R,153.0,R,48.0,R,73.0,R,0.0,R,73.0,R,27.0,R,37.0,R,2.0,R,0.0,R,2.0,R,0.0,R,0.0,R,11
110060,2010,R,32.0,R,48.0,R,67.0,R,12.0,Z,0.0,R,12.0,R,10.0,R,83.0,R,5.0,Z,0.0,R,5.0,R,4.0,R,80.0,R,6
110097,2010,R,877.0,R,1324.0,R,66.0,R,774.0,R,0.0,R,774.0,R,698.0,R,90.0,R,0.0,Z,0.0,R,0.0,Z,0.0,A,,R,17
110185,2010,R,54.0,R,54.0,R,100.0,R,96.0,Z,0.0,R,96.0,R,60.0,R,63.0,Z,0.0,Z,0.0,Z,0.0,Z,0.0,A,,R,9
110194,2010,A,,A,,A,,R,72.0,R,0.0,R,72.0,R,67.0,R,93.0,R,0.0,R,0.0,R,0.0,R,0.0,A,,R,10
110219,2010,R,636.0,R,636.0,R,100.0,R,51.0,R,0.0,R,51.0,R,26.0,R,51.0,R,40.0,R,0.0,R,40.0,R,19.0,R,48.0,R,18
110246,2010,R,1230.0,R,3501.0,R,35.0,R,1102.0,Z,0.0,R,1102.0,R,708.0,R,64.0,R,674.0,Z,0.0,R,674.0,R,299.0,R,44.0,R,27
110316,2010,A,,A,,A,,A,,A,,A,,A,,A,,A,,A,,A,,A,,A,,R,14
110334,2010,R,973.0,R,3169.0,R,31.0,R,767.0,Z,0.0,R,767.0,R,547.0,R,71.0,R,844.0,Z,0.0,R,844.0,R,367.0,R,43.0,R,25
110361,2010,R,804.0,R,1409.0,R,57.0,R,569.0,R,0.0,R,569.0,R,424.0,R,75.0,R,7.0,R,0.0,R,7.0,R,4.0,R,57.0,R,18
110370,2010,R,229.0,R,438.0,R,52.0,R,211.0,R,0.0,R,211.0,R,158.0,R,75.0,R,1.0,R,0.0,R,1.0,R,1.0,R,100.0,R,10
110404,2010,R,222.0,R,232.0,R,96.0,R,252.0,R,0.0,R,252.0,R,246.0,R,98.0,R,0.0,R,0.0,R,0.0,R,0.0,A,,R,3
110413,2010,R,556.0,R,868.0,R,64.0,R,464.0,R,1.0,R,463.0,R,384.0,R,83.0,Z,0.0,Z,0.0,Z,0.0,Z,0.0,A,,R,16
110422,2010,R,3459.0,R,4065.0,R,85.0,R,3877.0,Z,0.0,R,3877.0,R,3536.0,R,91.0,R,26.0,Z,0.0,R,26.0,R,10.0,R,38.0,R,22
110468,2010,A,,A,,A,,A,,A,,A,,A,,A,,A,,A,,A,,A,,A,,R,14
110486,2010,R,1013.0,R,2024.0,R,50.0,R,1061.0,Z,0.0,R,1061.0,R,720.0,R,68.0,R,20.0,Z,0.0,R,20.0,R,8.0,R,40.0,R,26
110495,2010,R,998.0,R,1992.0,R,50.0,R,798.0,Z,0.0,R,798.0,R,684.0,R,86.0,R,166.0,Z,0.0,R,166.0,R,118.0,R,71.0,R,22
110510,2010,R,1747.0,R,3542.0,R,49.0,R,1968.0,Z,0.0,R,1968.0,R,1684.0,R,86.0,R,49.0,Z,0.0,R,49.0,R,28.0,R,57.0,R,26
110529,2010,R,1924.0,R,3604.0,R,53.0,R,2728.0,Z,0.0,R,2728.0,R,2396.0,R,88.0,R,185.0,Z,0.0,R,185.0,R,132.0,R,71.0,R,28
110538,2010,R,1880.0,R,3323.0,R,57.0,R,2468.0,Z,0.0,R,2468.0,R,2102.0,R,85.0,R,37.0,Z,0.0,R,37.0,R,24.0,R,65.0,R,25
110547,2010,R,982.0,R,3684.0,R,27.0,R,1069.0,Z,0.0,R,1069.0,R,738.0,R,69.0,R,66.0,Z,0.0,R,66.0,R,29.0,R,44.0,R,27
110556,2010,R,2583.0,R,4860.0,R,53.0,R,2619.0,Z,0.0,R,2619.0,R,2266.0,R,87.0,R,144.0,Z,0.0,R,144.0,R,86.0,R,60.0,R,24
110565,2010,R,3749.0,R,8163.0,R,46.0,R,3842.0,Z,0.0,R,3842.0,R,3242.0,R,84.0,R,219.0,Z,0.0,R,219.0,R,132.0,R,60.0,R,26
110574,2010,R,1192.0,R,2644.0,R,45.0,R,1436.0,Z,0.0,R,1436.0,R,1065.0,R,74.0,R,25.0,Z,0.0,R,25.0,R,6.0,R,24.0,R,26
110583,2010,R,3913.0,R,6381.0,R,61.0,R,3473.0,Z,0.0,R,3473.0,R,3063.0,R,88.0,R,78.0,Z,0.0,R,78.0,R,59.0,R,76.0,R,23
110592,2010,R,2013.0,R,4711.0,R,43.0,R,1877.0,Z,0.0,R,1877.0,R,1544.0,R,82.0,R,149.0,Z,0.0,R,149.0,R,92.0,R,62.0,R,24
110608,2010,R,5066.0,R,9839.0,R,51.0,R,4049.0,Z,0.0,R,4049.0,R,3035.0,R,75.0,R,151.0,Z,0.0,R,151.0,R,84.0,R,56.0,R,26
110617,2010,R,2625.0,R,6317.0,R,42.0,R,2954.0,Z,0.0,R,2954.0,R,2360.0,R,80.0,R,121.0,Z,0.0,R,121.0,R,69.0,R,57.0,R,27
110635,2010,R,4081.0,R,6304.0,R,65.0,R,4339.0,R,0.0,R,4339.0,R,4199.0,R,97.0,R,17.0,R,0.0,R,17.0,R,15.0,R,88.0,R,16
110644,2010,R,4437.0,R,7260.0,R,61.0,R,4338.0,R,0.0,R,4338.0,R,3989.0,R,92.0,R,76.0,R,0.0,R,76.0,R,62.0,R,82.0,R,16
110653,2010,R,4405.0,R,6279.0,R,70.0,R,4015.0,R,0.0,R,4015.0,R,3802.0,R,95.0,R,15.0,R,0.0,R,15.0,R,10.0,R,67.0,R,19
110662,2010,R,4626.0,R,7864.0,R,59.0,R,4457.0,R,0.0,R,4457.0,R,4321.0,R,97.0,R,15.0,R,0.0,R,15.0,R,10.0,R,67.0,R,16
110671,2010,R,4458.0,R,5647.0,R,79.0,R,4265.0,R,0.0,R,4265.0,R,3728.0,R,87.0,R,34.0,R,0.0,R,34.0,R,15.0,R,44.0,R,18
110680,2010,R,3944.0,R,6525.0,R,60.0,R,3746.0,R,0.0,R,3746.0,R,3590.0,R,96.0,R,3.0,R,0.0,R,3.0,R,1.0,R,33.0,R,19
110705,2010,R,3696.0,R,5313.0,R,70.0,R,4569.0,R,0.0,R,4569.0,R,4164.0,R,91.0,R,18.0,R,0.0,R,18.0,R,13.0,R,72.0,R,17
110714,2010,R,3280.0,R,4480.0,R,73.0,R,3203.0,R,0.0,R,3203.0,R,2861.0,R,89.0,R,12.0,R,0.0,R,12.0,R,9.0,R,75.0,R,18
110875,2010,A,,A,,A,,R,9.0,R,0.0,R,9.0,R,6.0,R,67.0,R,0.0,R,0.0,R,0.0,R,0.0,A,,R,18
110918,2010,R,4.0,R,7.0,R,57.0,R,2.0,R,0.0,R,2.0,R,2.0,R,100.0,R,1.0,Z,0.0,R,1.0,R,0.0,R,0.0,R,3
110945,2010,A,,A,,A,,R,133.0,R,1.0,R,132.0,R,125.0,R,95.0,Z,0.0,Z,0.0,Z,0.0,Z,0.0,A,,R,20
111009,2010,A,,A,,A,,R,221.0,R,0.0,R,221.0,R,153.0,R,69.0,R,0.0,R,0.0,R,0.0,R,0.0,A,,R,25
111054,2010,A,,A,,A,,R,84.0,R,0.0,R,84.0,R,52.0,R,62.0,R,0.0,R,0.0,R,0.0,R,0.0,A,,R,15
111081,2010,R,151.0,R,308.0,R,49.0,R,160.0,R,0.0,R,160.0,R,126.0,R,79.0,R,0.0,R,0.0,R,0.0,R,0.0,A,,R,7
111188,2010,R,161.0,R,287.0,R,56.0,R,146.0,Z,0.0,R,146.0,R,118.0,R,81.0,R,4.0,Z,0.0,R,4.0,R,3.0,R,75.0,R,13
111434,2010,R,308.0,R,2189.0,R,14.0,R,298.0,Z,0.0,R,298.0,R,195.0,R,65.0,R,458.0,Z,0.0,R,458.0,R,147.0,R,32.0,R,27
111461,2010,R,1103.0,R,4176.0,R,26.0,R,1209.0,Z,0.0,R,1209.0,R,873.0,R,72.0,R,1333.0,Z,0.0,R,1333.0,R,584.0,R,44.0,R,36
111513,2010,A,,A,,A,,R,33.0,R,0.0,R,33.0,R,27.0,R,82.0,R,39.0,R,0.0,R,39.0,R,25.0,R,64.0,R,7
111638,2010,A,,A,,A,,R,52.0,R,0.0,R,52.0,R,43.0,R,83.0,R,0.0,R,0.0,R,0.0,R,0.0,A,,R,10
111708,2010,A,,A,,A,,R,52.0,R,0.0,R,52.0,R,42.0,R,81.0,R,13.0,R,0.0,R,13.0,R,9.0,R,69.0,R,14
111717,2010,A,,A,,A,,R,160.0,R,0.0,R,160.0,R,132.0,R,83.0,R,7.0,R,0.0,R,7.0,R,4.0,R,57.0,R,14
111726,2010,A,,A,,A,,R,107.0,R,0.0,R,107.0,R,98.0,R,92.0,Z,0.0,Z,0.0,Z,0.0,Z,0.0,A,,R,14
111744,2010,A,,A,,A,,R,52.0,R,0.0,R,52.0,R,47.0,R,90.0,Z,0.0,Z,0.0,Z,0.0,Z,0.0,A,,R,14
111762,2010,A,,A,,A,,R,38.0,R,0.0,R,38.0,R,34.0,R,89.0,Z,0.0,Z,0.0,Z,0.0,Z,0.0,A,,R,14
111771,2010,A,,A,,A,,R,50.0,R,0.0,R,50.0,R,42.0,R,84.0,Z,0.0,Z,0.0,Z,0.0,Z,0.0,A,,R,14
111799,2010,A,,A,,A,,R,48.0,R,0.0,R,48.0,R,36.0,R,75.0,Z,0.0,Z,0.0,Z,0.0,Z,0.0,A,,R,14
111887,2010,R,1359.0,R,5750.0,R,24.0,R,1605.0,Z,0.0,R,1605.0,R,1219.0,R,76.0,R,2308.0,Z,0.0,R,2308.0,R,1139.0,R,49.0,R,29
111896,2010,R,251.0,R,2398.0,R,10.0,R,240.0,Z,0.0,R,240.0,R,123.0,R,51.0,R,455.0,Z,0.0,R,455.0,R,96.0,R,21.0,R,32
111920,2010,R,1056.0,R,4500.0,R,23.0,R,976.0,Z,0.0,R,976.0,R,685.0,R,70.0,R,1417.0,Z,0.0,R,1417.0,R,547.0,R,39.0,R,29
111939,2010,R,1200.0,R,4924.0,R,24.0,R,1686.0,Z,0.0,R,1686.0,R,1232.0,R,73.0,R,2021.0,Z,0.0,R,2021.0,R,1092.0,R,54.0,R,30
111948,2010,R,1173.0,R,1550.0,R,76.0,R,1028.0,R,0.0,R,1028.0,R,959.0,R,93.0,R,4.0,R,0.0,R,4.0,R,3.0,R,75.0,R,14
111966,2010,R,3.0,R,38.0,R,8.0,R,0.0,Z,0.0,R,0.0,Z,0.0,A,,R,1.0,Z,0.0,R,1.0,R,1.0,R,100.0,R,9
112075,2010,R,308.0,R,519.0,R,59.0,R,300.0,R,0.0,R,300.0,R,226.0,R,75.0,R,0.0,R,0.0,R,0.0,R,0.0,A,,R,17
112084,2010,R,72.0,R,202.0,R,36.0,R,62.0,Z,0.0,R,62.0,R,30.0,R,48.0,R,3.0,Z,0.0,R,3.0,R,2.0,R,67.0,R,14
112172,2010,R,884.0,R,3713.0,R,24.0,R,1146.0,Z,0.0,R,1146.0,R,778.0,R,68.0,R,1182.0,Z,0.0,R,1182.0,R,669.0,R,57.0,R,29
112190,2010,R,1608.0,R,7614.0,R,21.0,R,1177.0,Z,0.0,R,1177.0,R,851.0,R,72.0,R,2879.0,Z,0.0,R,2879.0,R,1455.0,R,51.0,R,24
112260,2010,R,314.0,R,352.0,R,89.0,R,282.0,R,0.0,R,282.0,R,268.0,R,95.0,R,0.0,R,0.0,R,0.0,R,0.0,A,,R,9
112288,2010,A,,A,,A,,A,,A,,A,,A,,A,,A,,A,,A,,A,,A,,R,19
112312,2010,R,2.0,R,32.0,R,6.0,R,8.0,R,0.0,R,8.0,R,7.0,R,88.0,R,0.0,R,0.0,R,0.0,R,0.0,A,,R,10
112367,2010,A,,A,,A,,R,108.0,R,0.0,R,108.0,R,68.0,R,63.0,R,140.0,R,0.0,R,140.0,R,91.0,R,65.0,R,45
112385,2010,R,151.0,R,4680.0,R,3.0,R,88.0,Z,0.0,R,88.0,R,48.0,R,55.0,R,1042.0,Z,0.0,R,1042.0,R,217.0,R,21.0,R,41
112394,2010,R,34.0,R,89.0,R,38.0,R,21.0,R,0.0,R,21.0,R,15.0,R,71.0,R,0.0,R,0.0,R,0.0,R,0.0,A,,R,7
112446,2010,R,100.0,R,100.0,R,100.0,R,0.0,R,0.0,R,0.0,R,0.0,A,,R,0.0,R,0.0,R,0.0,R,0.0,A,,R,7
112455,2010,A,,A,,A,,R,27.0,R,1.0,R,26.0,R,22.0,R,85.0,R,0.0,R,0.0,R,0.0,R,0.0,A,,R,30
112561,2010,R,259.0,R,1179.0,R,22.0,R,287.0,Z,0.0,R,287.0,R,168.0,R,59.0,R,760.0,Z,0.0,R,760.0,R,121.0,R,16.0,R,22
112570,2010,R,46.0,R,71.0,R,65.0,R,44.0,R,0.0,R,44.0,R,33.0,R,75.0,R,4.0,R,0.0,R,4.0,R,1.0,R,25.0,R,16
112686,2010,R,399.0,R,4034.0,R,10.0,R,419.0,Z,0.0,R,419.0,R,203.0,R,48.0,R,671.0,Z,0.0,R,671.0,R,154.0,R,23.0,R,29
112783,2010,A,,A,,A,,R,146.0,R,0.0,R,146.0,R,103.0,R,71.0,R,11.0,R,0.0,R,11.0,R,7.0,R,64.0,R,15
112826,2010,R,379.0,R,1983.0,R,19.0,R,405.0,Z,0.0,R,405.0,R,255.0,R,63.0,R,566.0,Z,0.0,R,566.0,R,192.0,R,34.0,R,28
113096,2010,R,819.0,R,4673.0,R,18.0,R,974.0,Z,0.0,R,974.0,R,689.0,R,71.0,R,1520.0,Z,0.0,R,1520.0,R,614.0,R,40.0,R,33
113111,2010,R,496.0,R,1895.0,R,26.0,R,488.0,Z,0.0,R,488.0,R,338.0,R,69.0,R,709.0,Z,0.0,R,709.0,R,375.0,R,53.0,R,34
113193,2010,R,1200.0,R,3538.0,R,34.0,R,1189.0,Z,0.0,R,1189.0,R,735.0,R,62.0,R,638.0,Z,0.0,R,638.0,R,241.0,R,38.0,R,25
113218,2010,R,669.0,R,3745.0,R,18.0,R,648.0,Z,0.0,R,648.0,R,438.0,R,68.0,R,825.0,Z,0.0,R,825.0,R,324.0,R,39.0,R,29
113227,2010,A,,A,,A,,R,57.0,R,0.0,R,57.0,R,41.0,R,72.0,R,0.0,R,0.0,R,0.0,R,0.0,A,,R,22
113236,2010,R,1125.0,R,5281.0,R,21.0,R,1575.0,Z,0.0,R,1575.0,R,1172.0,R,74.0,R,1471.0,Z,0.0,R,1471.0,R,707.0,R,48.0,R,27
113333,2010,R,2638.0,R,5621.0,R,47.0,R,2419.0,R,0.0,R,2419.0,R,1933.0,R,80.0,R,999.0,R,0.0,R,999.0,R,438.0,R,44.0,R,33
113397,2010,A,,A,,A,,R,108.0,Z,0.0,R,108.0,R,66.0,R,61.0,R,12.0,Z,0.0,R,12.0,R,8.0,R,67.0,R,20
113449,2010,A,,A,,A,,R,43.0,R,0.0,R,43.0,R,31.0,R,72.0,R,0.0,R,0.0,R,0.0,R,0.0,A,,R,18
113537,2010,A,,A,,A,,R,0.0,Z,0.0,R,0.0,R,0.0,A,,R,0.0,Z,0.0,R,0.0,Z,0.0,A,,R,10
113573,2010,R,843.0,R,2628.0,R,32.0,R,958.0,Z,0.0,R,958.0,R,703.0,R,73.0,R,773.0,Z,0.0,R,773.0,R,405.0,R,52.0,R,30
113582,2010,R,8.0,R,37.0,R,22.0,R,8.0,R,0.0,R,8.0,R,8.0,R,100.0,R,2.0,R,0.0,R,2.0,R,2.0,R,100.0,R,13
113607,2010,R,1197.0,R,5362.0,R,22.0,R,711.0,R,0.0,R,711.0,R,417.0,R,59.0,R,367.0,R,0.0,R,367.0,R,182.0,R,50.0,R,32
113634,2010,R,1297.0,R,5142.0,R,25.0,R,1480.0,Z,0.0,R,1480.0,R,1144.0,R,77.0,R,1667.0,Z,0.0,R,1667.0,R,714.0,R,43.0,R,28
113698,2010,R,338.0,R,524.0,R,65.0,R,289.0,Z,0.0,R,289.0,R,243.0,R,84.0,Z,0.0,Z,0.0,Z,0.0,Z,0.0,A,,R,12
113856,2010,R,1598.0,R,9017.0,R,18.0,R,1524.0,Z,0.0,R,1524.0,R,1061.0,R,70.0,R,4273.0,Z,0.0,R,4273.0,R,1551.0,R,36.0,R,48
113908,2010,A,,A,,A,,R,131.0,R,1.0,R,130.0,R,79.0,R,61.0,R,53.0,R,0.0,R,53.0,R,33.0,R,62.0,R,15
113953,2010,A,,A,,A,,R,31.0,R,0.0,R,31.0,R,10.0,R,32.0,R,1276.0,R,0.0,R,1276.0,R,93.0,R,7.0,R,26
113980,2010,R,1888.0,R,6287.0,R,30.0,R,2267.0,Z,0.0,R,2267.0,R,1704.0,R,75.0,R,2438.0,Z,0.0,R,2438.0,R,1051.0,R,43.0,R,29
114044,2010,A,,A,,A,,A,,A,,A,,A,,A,,A,,A,,A,,A,,A,,R,7
114062,2010,A,,A,,A,,R,26.0,R,0.0,R,26.0,R,18.0,R,69.0,R,26.0,Z,0.0,R,26.0,R,18.0,R,69.0,R,13
114071,2010,A,,A,,A,,R,69.0,Z,0.0,R,69.0,R,46.0,R,67.0,R,40.0,Z,0.0,R,40.0,R,34.0,R,85.0,R,21
114080,2010,A,,A,,A,,R,67.0,Z,0.0,R,67.0,R,52.0,R,78.0,R,37.0,Z,0.0,R,37.0,R,28.0,R,76.0,R,15
114123,2010,A,,A,,A,,R,347.0,R,3.0,R,344.0,R,275.0,R,80.0,R,2.0,Z,0.0,R,2.0,R,0.0,R,0.0,R,14
114266,2010,R,608.0,R,3144.0,R,19.0,R,543.0,Z,0.0,R,543.0,R,404.0,R,74.0,R,1136.0,Z,0.0,R,1136.0,R,367.0,R,32.0,R,32
114354,2010,R,813.0,R,1637.0,R,50.0,R,777.0,R,0.0,R,777.0,R,571.0,R,73.0,R,12.0,R,0.0,R,12.0,R,8.0,R,67.0,R,17
114372,2010,R,30.0,R,30.0,R,100.0,R,25.0,R,0.0,R,25.0,R,21.0,R,84.0,R,0.0,R,0.0,R,0.0,R,0.0,A,,R,15
114390,2010,R,204.0,R,440.0,R,46.0,R,205.0,R,0.0,R,205.0,R,136.0,R,66.0,R,6.0,R,0.0,R,6.0,R,4.0,R,67.0,R,16
114415,2010,R,200.0,R,308.0,R,65.0,R,185.0,R,0.0,R,185.0,R,142.0,R,77.0,R,3.0,R,0.0,R,3.0,R,2.0,R,67.0,R,16
114433,2010,R,202.0,R,797.0,R,25.0,R,210.0,Z,0.0,R,210.0,R,107.0,R,51.0,R,279.0,Z,0.0,R,279.0,R,68.0,R,24.0,R,22
114460,2010,A,,A,,A,,R,18.0,R,0.0,R,18.0,R,15.0,R,83.0,R,14.0,R,0.0,R,14.0,R,10.0,R,71.0,R,13
114628,2010,A,,A,,A,,R,42.0,R,0.0,R,42.0,R,28.0,R,67.0,R,17.0,R,0.0,R,17.0,R,14.0,R,82.0,R,38
114716,2010,R,1312.0,R,4205.0,R,31.0,R,734.0,R,0.0,R,734.0,R,540.0,R,74.0,R,530.0,R,0.0,R,530.0,R,235.0,R,44.0,R,28
114761,2010,A,,A,,A,,R,20.0,R,0.0,R,20.0,R,13.0,R,65.0,R,0.0,R,0.0,R,0.0,R,0.0,A,,R,33
114789,2010,R,2105.0,R,6353.0,R,33.0,R,2688.0,Z,0.0,R,2688.0,R,1770.0,R,66.0,R,2069.0,Z,0.0,R,2069.0,R,830.0,R,40.0,R,29
114813,2010,R,231.0,R,960.0,R,24.0,R,173.0,R,0.0,R,173.0,R,138.0,R,80.0,R,3.0,Z,0.0,R,3.0,R,1.0,R,33.0,R,16
114859,2010,R,1771.0,R,6479.0,R,27.0,R,2116.0,Z,0.0,R,2116.0,R,1618.0,R,76.0,R,1888.0,Z,0.0,R,1888.0,R,1039.0,R,55.0,R,29
114895,2010,A,,A,,A,,A,,A,,A,,A,,A,,A,,A,,A,,A,,A,,R,45
114938,2010,R,490.0,R,2483.0,R,20.0,R,485.0,Z,0.0,R,485.0,R,305.0,R,63.0,R,1278.0,Z,0.0,R,1278.0,R,316.0,R,25.0,R,28
114947,2010,A,,A,,A,,A,,A,,A,,A,,A,,A,,A,,A,,A,,A,,R,34
115001,2010,R,1207.0,R,4493.0,R,27.0,R,1452.0,R,0.0,R,1452.0,R,711.0,R,49.0,R,1542.0,R,0.0,R,1542.0,R,748.0,R,49.0,R,28
115010,2010,A,,A,,A,,R,54.0,R,0.0,R,54.0,R,45.0,R,83.0,R,0.0,R,0.0,R,0.0,R,0.0,A,,R,22
115083,2010,A,,A,,A,,R,0.0,R,0.0,R,0.0,R,0.0,A,,R,0.0,R,0.0,R,0.0,R,0.0,A,,R,13
115126,2010,R,1303.0,R,4875.0,R,27.0,R,1216.0,Z,0.0,R,1216.0,R,874.0,R,72.0,R,1011.0,Z,0.0,R,1011.0,R,414.0,R,41.0,R,35
115296,2010,R,1715.0,R,6239.0,R,27.0,R,1771.0,Z,0.0,R,1771.0,R,1127.0,R,64.0,R,1455.0,Z,0.0,R,1455.0,R,596.0,R,41.0,R,28
115357,2010,A,,A,,A,,R,15.0,R,0.0,R,15.0,R,9.0,R,60.0,R,0.0,R,0.0,R,0.0,R,0.0,A,,R,28
115393,2010,R,672.0,R,2344.0,R,29.0,R,642.0,Z,0.0,R,642.0,R,459.0,R,71.0,R,877.0,Z,0.0,R,877.0,R,291.0,R,33.0,R,36
115409,2010,R,195.0,R,197.0,R,99.0,R,207.0,R,0.0,R,207.0,R,205.0,R,99.0,R,0.0,R,0.0,R,0.0,R,0.0,A,,R,8
115454,2010,R,181.0,R,443.0,R,41.0,R,137.0,R,0.0,R,137.0,R,82.0,R,60.0,R,155.0,R,0.0,R,155.0,R,82.0,R,53.0,R,25
115472,2010,R,354.0,R,720.0,R,49.0,R,233.0,R,0.0,R,233.0,R,134.0,R,58.0,R,205.0,R,0.0,R,205.0,R,111.0,R,54.0,R,34
115490,2010,R,171.0,R,447.0,R,38.0,R,156.0,R,0.0,R,156.0,R,99.0,R,63.0,R,149.0,R,0.0,R,149.0,R,94.0,R,63.0,R,38
115515,2010,R,174.0,R,442.0,R,39.0,R,135.0,R,0.0,R,135.0,R,75.0,R,56.0,R,186.0,R,0.0,R,186.0,R,108.0,R,58.0,R,25
115533,2010,R,212.0,R,505.0,R,42.0,R,221.0,R,0.0,R,221.0,R,134.0,R,61.0,R,191.0,R,0.0,R,191.0,R,114.0,R,60.0,R,29
115658,2010,A,,A,,A,,R,10.0,R,0.0,R,10.0,R,7.0,R,70.0,R,15.0,R,0.0,R,15.0,R,14.0,R,93.0,R,15
115728,2010,R,112.0,R,266.0,R,42.0,R,103.0,R,0.0,R,103.0,R,90.0,R,87.0,R,1.0,R,0.0,R,1.0,R,1.0,R,100.0,R,17
115755,2010,R,1282.0,R,2275.0,R,56.0,R,1345.0,Z,0.0,R,1345.0,R,996.0,R,74.0,R,40.0,Z,0.0,R,40.0,R,21.0,R,53.0,R,23
115773,2010,R,76.0,R,198.0,R,38.0,R,59.0,R,6.0,R,53.0,R,28.0,R,53.0,R,22.0,R,4.0,R,18.0,R,9.0,R,50.0,R,17
115861,2010,R,992.0,R,2132.0,R,47.0,R,1010.0,Z,0.0,R,1010.0,R,800.0,R,79.0,R,527.0,Z,0.0,R,527.0,R,298.0,R,57.0,R,31
115931,2010,A,,A,,A,,R,110.0,R,0.0,R,110.0,R,81.0,R,74.0,Z,0.0,Z,0.0,Z,0.0,Z,0.0,A,,R,39
116040,2010,A,,A,,A,,R,14.0,R,0.0,R,14.0,R,2.0,R,14.0,R,0.0,R,0.0,R,0.0,R,0.0,A,,R,14
116226,2010,A,,A,,A,,R,0.0,R,0.0,R,0.0,R,0.0,A,,R,5.0,R,0.0,R,5.0,R,5.0,R,100.0,R,17
116350,2010,A,,A,,A,,R,16.0,R,0.0,R,16.0,R,13.0,R,81.0,Z,0.0,Z,0.0,Z,0.0,Z,0.0,A,,R,12
116439,2010,R,1080.0,R,5076.0,R,21.0,R,1078.0,Z,0.0,R,1078.0,R,801.0,R,74.0,R,896.0,Z,0.0,R,896.0,R,354.0,R,40.0,R,33
116466,2010,R,180.0,R,258.0,R,70.0,R,2.0,R,0.0,R,2.0,R,2.0,R,100.0,R,1.0,R,0.0,R,1.0,R,0.0,R,0.0,R,31
116475,2010,R,84.0,R,116.0,R,72.0,R,0.0,R,0.0,R,0.0,R,0.0,A,,R,0.0,R,0.0,R,0.0,R,0.0,A,,R,29
116484,2010,R,113.0,R,148.0,R,76.0,R,0.0,R,0.0,R,0.0,R,0.0,A,,R,1.0,R,0.0,R,1.0,R,0.0,R,0.0,R,31
116563,2010,A,,A,,A,,R,87.0,R,0.0,R,87.0,R,66.0,R,76.0,R,0.0,R,0.0,R,0.0,R,0.0,A,,R,15
116712,2010,A,,A,,A,,A,,A,,A,,A,,A,,A,,A,,A,,A,,A,,R,6
116846,2010,R,23.0,R,45.0,R,51.0,R,13.0,R,0.0,R,13.0,R,13.0,R,100.0,R,0.0,R,0.0,R,0.0,R,0.0,A,,R,3
117052,2010,R,1859.0,R,4977.0,R,37.0,R,2049.0,Z,0.0,R,2049.0,R,1315.0,R,64.0,R,1206.0,Z,0.0,R,1206.0,R,426.0,R,35.0,R,30
117104,2010,R,42.0,R,211.0,R,20.0,R,40.0,R,0.0,R,40.0,R,25.0,R,63.0,R,4.0,R,0.0,R,4.0,R,3.0,R,75.0,R,18
117113,2010,R,289.0,R,635.0,R,46.0,R,145.0,R,2.0,R,143.0,R,87.0,R,61.0,R,25.0,R,0.0,R,25.0,R,7.0,R,28.0,R,23
117140,2010,R,536.0,R,1379.0,R,39.0,R,329.0,R,1.0,R,328.0,R,274.0,R,84.0,R,4.0,R,0.0,R,4.0,R,3.0,R,75.0,R,16
117168,2010,R,57.0,R,136.0,R,42.0,R,65.0,R,0.0,R,65.0,R,56.0,R,86.0,R,3.0,R,0.0,R,3.0,R,1.0,R,33.0,R,11
117195,2010,R,227.0,R,686.0,R,33.0,R,230.0,Z,0.0,R,230.0,R,110.0,R,48.0,R,433.0,Z,0.0,R,433.0,R,103.0,R,24.0,R,19
117238,2010,A,,A,,A,,R,46.0,R,0.0,R,46.0,R,40.0,R,87.0,R,3.0,R,0.0,R,3.0,R,3.0,R,100.0,R,23
117247,2010,R,330.0,R,4047.0,R,8.0,R,536.0,Z,0.0,R,536.0,R,307.0,R,57.0,R,1443.0,Z,0.0,R,1443.0,R,385.0,R,27.0,R,28
117274,2010,R,193.0,R,1531.0,R,13.0,R,170.0,Z,0.0,R,170.0,R,59.0,R,35.0,R,242.0,Z,0.0,R,242.0,R,53.0,R,22.0,R,21
117557,2010,R,21.0,R,33.0,R,64.0,R,31.0,R,0.0,R,31.0,R,26.0,R,84.0,R,2.0,R,0.0,R,2.0,R,1.0,R,50.0,R,36
117575,2010,R,4.0,R,19.0,R,21.0,R,4.0,R,2.0,R,2.0,R,2.0,R,100.0,R,0.0,R,0.0,R,0.0,R,0.0,A,,R,9
117627,2010,R,330.0,R,650.0,R,51.0,R,302.0,R,0.0,R,302.0,R,220.0,R,73.0,R,46.0,R,0.0,R,46.0,R,13.0,R,28.0,R,15
117636,2010,A,,A,,A,,A,,A,,A,,A,,A,,A,,A,,A,,A,,A,,R,3
117645,2010,R,1901.0,R,7591.0,R,25.0,R,2122.0,Z,0.0,R,2122.0,R,1407.0,R,66.0,R,2518.0,Z,0.0,R,2518.0,R,971.0,R,39.0,R,29
117672,2010,A,,A,,A,,R,0.0,R,0.0,R,0.0,R,0.0,A,,R,0.0,R,0.0,R,0.0,R,0.0,A,,R,8
117690,2010,R,658.0,R,3500.0,R,19.0,R,606.0,Z,0.0,R,606.0,R,425.0,R,70.0,R,890.0,Z,0.0,R,890.0,R,395.0,R,44.0,R,38
117706,2010,R,1191.0,R,6254.0,R,19.0,R,1294.0,Z,0.0,R,1294.0,R,952.0,R,74.0,R,2001.0,Z,0.0,R,2001.0,R,962.0,R,48.0,R,41
117715,2010,R,261.0,R,2627.0,R,10.0,R,425.0,Z,0.0,R,425.0,R,232.0,R,55.0,R,539.0,Z,0.0,R,539.0,R,147.0,R,27.0,R,37
117724,2010,R,670.0,R,5414.0,R,12.0,R,673.0,Z,0.0,R,673.0,R,383.0,R,57.0,R,1679.0,Z,0.0,R,1679.0,R,464.0,R,28.0,R,36
117733,2010,R,999.0,R,6288.0,R,16.0,R,1100.0,Z,0.0,R,1100.0,R,824.0,R,75.0,R,1545.0,Z,0.0,R,1545.0,R,643.0,R,42.0,R,45
117751,2010,R,210.0,R,413.0,R,51.0,R,173.0,R,0.0,R,173.0,R,141.0,R,82.0,R,1.0,R,0.0,R,1.0,R,0.0,R,0.0,R,12
117788,2010,R,701.0,R,6979.0,R,10.0,R,812.0,Z,0.0,R,812.0,R,497.0,R,61.0,R,1559.0,Z,0.0,R,1559.0,R,542.0,R,35.0,R,43
117803,2010,A,,A,,A,,A,,A,,A,,A,,A,,A,,A,,A,,A,,A,,R,2
117867,2010,R,679.0,R,3685.0,R,18.0,R,537.0,Z,0.0,R,537.0,R,373.0,R,69.0,R,821.0,Z,0.0,R,821.0,R,340.0,R,41.0,R,39
117894,2010,R,607.0,R,2430.0,R,25.0,R,759.0,Z,0.0,R,759.0,R,511.0,R,67.0,R,948.0,Z,0.0,R,948.0,R,362.0,R,38.0,R,26
117928,2010,R,211.0,R,528.0,R,40.0,R,149.0,R,0.0,R,149.0,R,88.0,R,59.0,R,43.0,R,0.0,R,43.0,R,18.0,R,42.0,R,20
117946,2010,R,1378.0,R,1718.0,R,80.0,R,1383.0,R,0.0,R,1383.0,R,1224.0,R,89.0,R,2.0,R,0.0,R,2.0,R,2.0,R,100.0,R,11
117955,2010,A,,A,,A,,R,22.0,R,0.0,R,22.0,R,17.0,R,77.0,R,0.0,R,0.0,R,0.0,R,0.0,A,,R,15
118116,2010,A,,A,,A,,R,13.0,R,0.0,R,13.0,R,8.0,R,62.0,R,94.0,R,0.0,R,94.0,R,66.0,R,70.0,R,25
118125,2010,A,,A,,A,,R,42.0,R,0.0,R,42.0,R,32.0,R,76.0,R,33.0,R,0.0,R,33.0,R,22.0,R,67.0,R,25
118134,2010,A,,A,,A,,R,50.0,R,0.0,R,50.0,R,45.0,R,90.0,R,59.0,R,0.0,R,59.0,R,52.0,R,88.0,R,16
118143,2010,A,,A,,A,,R,13.0,R,0.0,R,13.0,R,11.0,R,85.0,R,4.0,R,0.0,R,4.0,R,3.0,R,75.0,R,16
118161,2010,A,,A,,A,,R,63.0,Z,0.0,R,63.0,R,55.0,R,87.0,R,0.0,R,0.0,R,0.0,R,0.0,A,,R,12
118189,2010,A,,A,,A,,R,150.0,R,0.0,R,150.0,R,130.0,R,87.0,R,0.0,R,0.0,R,0.0,R,0.0,A,,R,15
118198,2010,A,,A,,A,,R,196.0,R,0.0,R,196.0,R,102.0,R,52.0,R,5.0,R,0.0,R,5.0,R,1.0,R,20.0,R,15
118259,2010,A,,A,,A,,R,234.0,Z,0.0,R,234.0,R,139.0,R,59.0,R,0.0,Z,0.0,R,0.0,R,0.0,A,,R,29
118277,2010,A,,A,,A,,R,241.0,Z,0.0,R,241.0,R,196.0,R,81.0,R,0.0,Z,0.0,R,0.0,R,0.0,A,,R,21
118286,2010,A,,A,,A,,R,390.0,Z,0.0,R,390.0,R,326.0,R,84.0,R,0.0,Z,0.0,R,0.0,R,0.0,A,,R,49
118347,2010,R,306.0,R,1971.0,R,16.0,R,237.0,Z,0.0,R,237.0,R,154.0,R,65.0,R,579.0,Z,0.0,R,579.0,R,223.0,R,39.0,R,21
118356,2010,A,,A,,A,,R,490.0,R,2.0,R,488.0,R,315.0,R,65.0,R,166.0,R,0.0,R,166.0,R,103.0,R,62.0,R,19
118541,2010,R,384.0,R,449.0,R,86.0,R,306.0,R,0.0,R,306.0,R,199.0,R,65.0,R,7.0,R,0.0,R,7.0,R,4.0,R,57.0,R,16
118684,2010,R,178.0,R,936.0,R,19.0,R,174.0,Z,0.0,R,174.0,R,101.0,R,58.0,R,265.0,Z,0.0,R,265.0,R,77.0,R,29.0,R,18
118693,2010,R,153.0,R,234.0,R,65.0,R,133.0,R,0.0,R,133.0,R,94.0,R,71.0,R,1.0,R,0.0,R,1.0,R,0.0,R,0.0,R,13
118718,2010,R,1262.0,R,2991.0,R,42.0,R,1211.0,Z,0.0,R,1211.0,R,822.0,R,68.0,R,709.0,Z,0.0,R,709.0,R,288.0,R,41.0,R,29
118772,2010,R,211.0,R,2530.0,R,8.0,R,257.0,Z,0.0,R,257.0,R,116.0,R,45.0,R,792.0,Z,0.0,R,792.0,R,196.0,R,25.0,R,26
118888,2010,R,206.0,R,331.0,R,62.0,R,158.0,R,0.0,R,158.0,R,129.0,R,82.0,R,1.0,R,0.0,R,1.0,R,0.0,R,0.0,R,11
118912,2010,R,1308.0,R,4871.0,R,27.0,R,1167.0,Z,0.0,R,1167.0,R,771.0,R,66.0,R,995.0,Z,0.0,R,995.0,R,339.0,R,34.0,R,30
118921,2010,A,,A,,A,,R,67.0,R,1.0,R,66.0,R,40.0,R,61.0,R,77.0,R,0.0,R,77.0,R,55.0,R,71.0,R,11
118930,2010,R,452.0,R,2952.0,R,15.0,R,425.0,Z,0.0,R,425.0,R,273.0,R,64.0,R,694.0,Z,0.0,R,694.0,R,227.0,R,33.0,R,26
118958,2010,A,,A,,A,,R,10.0,R,0.0,R,10.0,R,8.0,R,80.0,R,0.0,R,0.0,R,0.0,R,0.0,A,,R,15
118967,2010,A,,A,,A,,R,285.0,Z,0.0,R,285.0,R,204.0,R,72.0,Z,0.0,Z,0.0,Z,0.0,Z,0.0,A,,R,26
118976,2010,R,1398.0,R,4459.0,R,31.0,R,1436.0,Z,0.0,R,1436.0,R,1060.0,R,74.0,R,1777.0,Z,0.0,R,1777.0,R,965.0,R,54.0,R,32
118994,2010,A,,A,,A,,R,6.0,R,0.0,R,6.0,R,4.0,R,67.0,R,0.0,R,0.0,R,0.0,R,0.0,A,,R,23
119058,2010,A,,A,,A,,A,,A,,A,,A,,A,,A,,A,,A,,A,,A,,R,1
119067,2010,R,548.0,R,2828.0,R,19.0,R,469.0,Z,0.0,R,469.0,R,319.0,R,68.0,R,941.0,Z,0.0,R,941.0,R,237.0,R,25.0,R,25
119137,2010,R,1711.0,R,4373.0,R,39.0,R,1789.0,Z,0.0,R,1789.0,R,1329.0,R,74.0,R,1063.0,Z,0.0,R,1063.0,R,459.0,R,43.0,R,37
119164,2010,R,2693.0,R,7716.0,R,35.0,R,3055.0,Z,0.0,R,3055.0,R,2284.0,R,75.0,R,3008.0,Z,0.0,R,3008.0,R,1684.0,R,56.0,R,28
119173,2010,R,525.0,R,837.0,R,63.0,R,210.0,R,0.0,R,210.0,R,177.0,R,84.0,R,4.0,R,0.0,R,4.0,R,2.0,R,50.0,R,12
119216,2010,R,865.0,R,4339.0,R,20.0,R,1582.0,Z,0.0,R,1582.0,R,1000.0,R,63.0,R,1773.0,Z,0.0,R,1773.0,R,781.0,R,44.0,R,26
119234,2010,A,,A,,A,,R,39.0,Z,0.0,R,39.0,R,29.0,R,74.0,R,150.0,Z,0.0,R,150.0,R,99.0,R,66.0,R,24
119270,2010,R,823.0,R,871.0,R,94.0,R,20.0,R,0.0,R,20.0,R,17.0,R,85.0,R,0.0,R,0.0,R,0.0,R,0.0,A,,R,8
119331,2010,R,378.0,R,1799.0,R,21.0,R,535.0,R,0.0,R,535.0,R,386.0,R,72.0,R,793.0,R,0.0,R,793.0,R,260.0,R,33.0,R,19
119340,2010,A,,A,,A,,R,157.0,R,0.0,R,157.0,R,103.0,R,66.0,R,0.0,R,0.0,R,0.0,R,0.0,A,,R,36
119359,2010,A,,A,,A,,R,151.0,R,0.0,R,151.0,R,110.0,R,73.0,R,0.0,R,0.0,R,0.0,R,0.0,A,,R,48
119368,2010,A,,A,,A,,R,66.0,R,0.0,R,66.0,R,46.0,R,70.0,R,0.0,R,0.0,R,0.0,R,0.0,A,,R,41
119438,2010,A,,A,,A,,R,195.0,R,0.0,R,195.0,R,135.0,R,69.0,R,0.0,R,0.0,R,0.0,R,0.0,A,,R,37
119456,2010,A,,A,,A,,R,128.0,R,0.0,R,128.0,R,94.0,R,73.0,R,0.0,R,0.0,R,0.0,R,0.0,A,,R,52
119465,2010,A,,A,,A,,R,198.0,R,0.0,R,198.0,R,149.0,R,75.0,R,0.0,R,0.0,R,0.0,R,0.0,A,,R,34
119508,2010,A,,A,,A,,R,105.0,R,5.0,R,100.0,R,51.0,R,51.0,R,7.0,R,0.0,R,7.0,R,2.0,R,29.0,R,28
119544,2010,R,80.0,R,140.0,R,57.0,R,53.0,R,0.0,R,53.0,R,33.0,R,62.0,R,6.0,R,0.0,R,6.0,R,1.0,R,17.0,R,14
119553,2010,A,,A,,A,,R,58.0,R,0.0,R,58.0,R,35.0,R,60.0,Z,0.0,Z,0.0,Z,0.0,Z,0.0,A,,R,15
119605,2010,A,,A,,A,,R,203.0,Z,0.0,R,203.0,R,160.0,R,79.0,R,395.0,R,0.0,R,395.0,R,165.0,R,42.0,R,9
119775,2010,R,24.0,R,85.0,R,28.0,R,15.0,R,0.0,R,15.0,R,8.0,R,53.0,R,5.0,R,0.0,R,5.0,R,1.0,R,20.0,R,13
119845,2010,A,,A,,A,,R,30.0,R,0.0,R,30.0,R,26.0,R,87.0,R,16.0,R,0.0,R,16.0,R,11.0,R,69.0,R,15
119951,2010,A,,A,,A,,R,61.0,R,0.0,R,61.0,R,48.0,R,79.0,R,0.0,R,0.0,R,0.0,R,0.0,A,,R,21
120069,2010,A,,A,,A,,R,60.0,R,0.0,R,60.0,R,42.0,R,70.0,R,0.0,R,0.0,R,0.0,R,0.0,A,,R,20
120078,2010,A,,A,,A,,R,56.0,R,0.0,R,56.0,R,45.0,R,80.0,R,0.0,R,0.0,R,0.0,R,0.0,A,,R,20
120087,2010,A,,A,,A,,R,51.0,R,0.0,R,51.0,R,41.0,R,80.0,R,0.0,R,0.0,R,0.0,R,0.0,A,,R,20
120166,2010,R,54.0,R,56.0,R,96.0,R,73.0,R,5.0,R,68.0,R,32.0,R,47.0,R,3.0,R,0.0,R,3.0,R,2.0,R,67.0,R,17
120184,2010,R,145.0,R,338.0,R,43.0,R,116.0,R,0.0,R,116.0,R,84.0,R,72.0,R,0.0,R,0.0,R,0.0,R,0.0,A,,R,12
120254,2010,R,573.0,R,624.0,R,92.0,R,576.0,R,0.0,R,576.0,R,542.0,R,94.0,R,0.0,R,0.0,R,0.0,R,0.0,A,,R,9
120272,2010,A,,A,,A,,R,50.0,R,0.0,R,50.0,R,41.0,R,82.0,R,0.0,R,0.0,R,0.0,R,0.0,A,,R,25
120290,2010,R,731.0,R,4091.0,R,18.0,R,769.0,Z,0.0,R,769.0,R,595.0,R,77.0,R,1018.0,Z,0.0,R,1018.0,R,300.0,R,29.0,R,29
120342,2010,R,2209.0,R,6719.0,R,33.0,R,2791.0,Z,0.0,R,2791.0,R,2099.0,R,75.0,R,2159.0,Z,0.0,R,2159.0,R,1125.0,R,52.0,R,36
120403,2010,R,167.0,R,318.0,R,53.0,R,173.0,R,0.0,R,173.0,R,151.0,R,87.0,R,0.0,R,0.0,R,0.0,R,0.0,A,,R,9
120421,2010,R,469.0,R,2219.0,R,21.0,R,453.0,Z,0.0,R,453.0,R,291.0,R,64.0,R,642.0,Z,0.0,R,642.0,R,219.0,R,34.0,R,34
120537,2010,R,83.0,R,216.0,R,38.0,R,66.0,R,0.0,R,66.0,R,46.0,R,70.0,R,0.0,R,0.0,R,0.0,R,0.0,A,,R,14
120661,2010,A,,A,,A,,R,275.0,R,0.0,R,275.0,R,193.0,R,70.0,R,0.0,R,0.0,R,0.0,R,0.0,A,,R,19
120698,2010,A,,A,,A,,A,,A,,A,,A,,A,,A,,A,,A,,A,,A,,R,14
120768,2010,A,,A,,A,,A,,A,,A,,A,,A,,A,,A,,A,,A,,A,,R,19
120838,2010,R,2.0,R,10.0,R,20.0,R,2.0,R,0.0,R,2.0,R,1.0,R,50.0,R,0.0,R,0.0,R,0.0,R,0.0,A,,R,13
120865,2010,R,353.0,R,476.0,R,74.0,R,335.0,R,0.0,R,335.0,R,235.0,R,70.0,R,0.0,R,0.0,R,0.0,R,0.0,A,,R,15
120883,2010,R,1009.0,R,1298.0,R,78.0,R,713.0,R,0.0,R,713.0,R,625.0,R,88.0,R,2.0,R,0.0,R,2.0,R,2.0,R,100.0,R,14
120953,2010,R,82.0,R,1273.0,R,6.0,R,109.0,Z,0.0,R,109.0,R,63.0,R,58.0,R,467.0,Z,0.0,R,467.0,R,119.0,R,25.0,R,30
120971,2010,R,2153.0,R,7438.0,R,29.0,R,2340.0,Z,0.0,R,2340.0,R,1612.0,R,69.0,R,2247.0,Z,0.0,R,2247.0,R,889.0,R,40.0,R,29
121008,2010,A,,A,,A,,R,51.0,Z,0.0,R,51.0,R,33.0,R,65.0,R,1.0,Z,0.0,R,1.0,R,1.0,R,100.0,R,25
121017,2010,A,,A,,A,,R,71.0,R,0.0,R,71.0,R,70.0,R,99.0,R,200.0,Z,0.0,R,200.0,R,140.0,R,70.0,R,25
121044,2010,R,2044.0,R,7411.0,R,28.0,R,2086.0,Z,0.0,R,2086.0,R,1647.0,R,79.0,R,2693.0,Z,0.0,R,2693.0,R,1622.0,R,60.0,R,29
121071,2010,R,25.0,R,259.0,R,10.0,R,46.0,R,0.0,R,46.0,R,27.0,R,59.0,R,24.0,R,0.0,R,24.0,R,15.0,R,63.0,R,20
121150,2010,R,627.0,R,776.0,R,81.0,R,765.0,R,0.0,R,765.0,R,683.0,R,89.0,R,1.0,R,0.0,R,1.0,R,0.0,R,0.0,R,13
121257,2010,R,274.0,R,304.0,R,90.0,R,255.0,R,0.0,R,255.0,R,237.0,R,93.0,R,1.0,R,0.0,R,1.0,R,0.0,R,0.0,R,12
121275,2010,A,,A,,A,,R,0.0,R,0.0,R,0.0,R,0.0,A,,R,0.0,R,0.0,R,0.0,R,0.0,A,,R,25
121309,2010,R,589.0,R,734.0,R,80.0,R,535.0,R,2.0,R,533.0,R,450.0,R,84.0,R,1.0,R,0.0,R,1.0,R,1.0,R,100.0,R,15
121345,2010,R,401.0,R,418.0,R,96.0,R,390.0,R,0.0,R,390.0,R,379.0,R,97.0,R,0.0,Z,0.0,R,0.0,Z,0.0,A,,R,7
121363,2010,R,418.0,R,1302.0,R,32.0,R,442.0,Z,0.0,R,442.0,R,314.0,R,71.0,R,308.0,Z,0.0,R,308.0,R,112.0,R,36.0,R,29
121381,2010,R,91.0,R,148.0,R,61.0,R,110.0,R,1.0,R,109.0,R,52.0,R,48.0,R,8.0,R,1.0,R,7.0,R,1.0,R,14.0,R,20
121433,2010,A,,A,,A,,R,30.0,R,0.0,R,30.0,R,19.0,R,63.0,R,0.0,R,0.0,R,0.0,R,0.0,A,,R,20
121619,2010,R,1271.0,R,7400.0,R,17.0,R,1810.0,Z,0.0,R,1810.0,R,1201.0,R,66.0,R,4248.0,Z,0.0,R,4248.0,R,1718.0,R,40.0,R,43
121637,2010,A,,A,,A,,R,16.0,Z,0.0,R,16.0,R,13.0,R,81.0,Z,0.0,Z,0.0,Z,0.0,Z,0.0,A,,R,9
121691,2010,R,646.0,R,879.0,R,73.0,R,560.0,R,0.0,R,560.0,R,484.0,R,86.0,R,0.0,R,0.0,R,0.0,R,0.0,A,,R,14
121707,2010,R,451.0,R,1601.0,R,28.0,R,687.0,Z,0.0,R,687.0,R,373.0,R,54.0,R,715.0,Z,0.0,R,715.0,R,242.0,R,34.0,R,22
121859,2010,A,,A,,A,,R,44.0,R,0.0,R,44.0,R,38.0,R,86.0,R,0.0,R,0.0,R,0.0,R,0.0,A,,R,24
121868,2010,A,,A,,A,,R,22.0,R,0.0,R,22.0,R,19.0,R,86.0,R,0.0,R,0.0,R,0.0,R,0.0,A,,R,20
121877,2010,A,,A,,A,,R,24.0,R,0.0,R,24.0,R,16.0,R,67.0,R,10.0,R,0.0,R,10.0,R,9.0,R,90.0,R,20
121886,2010,R,1484.0,R,6940.0,R,21.0,R,210.0,R,0.0,R,210.0,R,55.0,R,26.0,R,3844.0,R,0.0,R,3844.0,R,321.0,R,8.0,R,37
121901,2010,R,1018.0,R,5200.0,R,20.0,R,2577.0,Z,0.0,R,2577.0,R,1240.0,R,48.0,R,3863.0,Z,0.0,R,3863.0,R,1146.0,R,30.0,R,27
121983,2010,R,6.0,R,32.0,R,19.0,R,10.0,R,0.0,R,10.0,R,3.0,R,30.0,R,11.0,R,0.0,R,11.0,R,1.0,R,9.0,R,11
121992,2010,A,,A,,A,,R,138.0,Z,0.0,R,138.0,R,120.0,R,87.0,R,30.0,Z,0.0,R,30.0,R,25.0,R,83.0,R,30
122117,2010,A,,A,,A,,A,,A,,A,,A,,A,,A,,A,,A,,A,,A,,R,30
122180,2010,R,1051.0,R,7942.0,R,13.0,R,1300.0,Z,0.0,R,1300.0,R,858.0,R,66.0,R,3414.0,Z,0.0,R,3414.0,R,832.0,R,24.0,R,29
122205,2010,R,1708.0,R,7933.0,R,22.0,R,1766.0,Z,0.0,R,1766.0,R,1324.0,R,75.0,R,2044.0,Z,0.0,R,2044.0,R,870.0,R,43.0,R,33
122296,2010,A,,A,,A,,A,,A,,A,,A,,A,,A,,A,,A,,A,,A,,R,11
122339,2010,R,907.0,R,7155.0,R,13.0,R,767.0,Z,0.0,R,767.0,R,477.0,R,62.0,R,1320.0,Z,0.0,R,1320.0,R,462.0,R,35.0,R,23
122366,2010,R,59.0,R,103.0,R,57.0,R,79.0,R,1.0,R,78.0,R,59.0,R,76.0,R,0.0,R,0.0,R,0.0,R,0.0,A,,R,30
122375,2010,R,1405.0,R,10232.0,R,14.0,R,1102.0,Z,0.0,R,1102.0,R,711.0,R,65.0,R,2214.0,Z,0.0,R,2214.0,R,718.0,R,32.0,R,28
122384,2010,R,525.0,R,4625.0,R,11.0,R,480.0,Z,0.0,R,480.0,R,341.0,R,71.0,R,916.0,Z,0.0,R,916.0,R,309.0,R,34.0,R,22
122409,2010,R,2995.0,R,5734.0,R,52.0,R,3291.0,Z,0.0,R,3291.0,R,2816.0,R,86.0,R,982.0,Z,0.0,R,982.0,R,698.0,R,71.0,R,25
122436,2010,R,1149.0,R,1651.0,R,70.0,R,1081.0,R,0.0,R,1081.0,R,949.0,R,88.0,R,1.0,R,0.0,R,1.0,R,1.0,R,100.0,R,15
122454,2010,R,73.0,R,168.0,R,43.0,R,56.0,R,0.0,R,56.0,R,36.0,R,64.0,R,0.0,R,0.0,R,0.0,R,0.0,A,,R,10
122506,2010,R,41.0,R,58.0,R,71.0,R,54.0,R,0.0,R,54.0,R,43.0,R,80.0,R,0.0,R,0.0,R,0.0,R,0.0,A,,R,7
122597,2010,R,3609.0,R,7956.0,R,45.0,R,3855.0,Z,0.0,R,3855.0,R,2971.0,R,77.0,R,176.0,Z,0.0,R,176.0,R,90.0,R,51.0,R,26
122612,2010,R,1172.0,R,1742.0,R,67.0,R,1072.0,R,0.0,R,1072.0,R,912.0,R,85.0,R,1.0,R,0.0,R,1.0,R,0.0,R,0.0,R,15
122658,2010,R,1551.0,R,4172.0,R,37.0,R,1747.0,Z,0.0,R,1747.0,R,1330.0,R,76.0,R,1610.0,Z,0.0,R,1610.0,R,798.0,R,50.0,R,39
122685,2010,A,,A,,A,,R,326.0,R,0.0,R,326.0,R,286.0,R,88.0,R,0.0,R,0.0,R,0.0,R,0.0,A,,R,9
122694,2010,A,,A,,A,,R,289.0,R,1.0,R,288.0,R,240.0,R,83.0,R,0.0,R,0.0,R,0.0,R,0.0,A,,R,15
122728,2010,R,116.0,R,270.0,R,43.0,R,89.0,R,0.0,R,89.0,R,68.0,R,76.0,R,1.0,R,0.0,R,1.0,R,1.0,R,100.0,R,13
122746,2010,R,551.0,R,3479.0,R,16.0,R,568.0,Z,0.0,R,568.0,R,335.0,R,59.0,R,967.0,Z,0.0,R,967.0,R,299.0,R,31.0,R,29
122755,2010,R,2697.0,R,5743.0,R,47.0,R,2621.0,Z,0.0,R,2621.0,R,2235.0,R,85.0,R,142.0,Z,0.0,R,142.0,R,94.0,R,66.0,R,25
122791,2010,R,692.0,R,3154.0,R,22.0,R,751.0,Z,0.0,R,751.0,R,518.0,R,69.0,R,820.0,Z,0.0,R,820.0,R,295.0,R,36.0,R,27
122834,2010,A,,A,,A,,R,138.0,Z,0.0,R,138.0,R,75.0,R,54.0,Z,0.0,Z,0.0,Z,0.0,Z,0.0,A,,R,18
122843,2010,R,406.0,R,835.0,R,49.0,R,286.0,R,2.0,R,284.0,R,102.0,R,36.0,R,204.0,R,3.0,R,201.0,R,27.0,R,13.0,R,25
122852,2010,A,,A,,A,,R,44.0,Z,0.0,R,44.0,R,27.0,R,61.0,Z,0.0,Z,0.0,Z,0.0,Z,0.0,A,,R,25
122889,2010,R,1719.0,R,5580.0,R,31.0,R,1718.0,Z,0.0,R,1718.0,R,1092.0,R,64.0,R,945.0,Z,0.0,R,945.0,R,353.0,R,37.0,R,31
122931,2010,R,1296.0,R,1532.0,R,85.0,R,1085.0,R,0.0,R,1085.0,R,1007.0,R,93.0,R,0.0,R,0.0,R,0.0,R,0.0,A,,R,13
122977,2010,R,3124.0,R,9892.0,R,32.0,R,3671.0,Z,0.0,R,3671.0,R,2620.0,R,71.0,R,2557.0,Z,0.0,R,2557.0,R,1155.0,R,45.0,R,33
123013,2010,R,1559.0,R,5319.0,R,29.0,R,1595.0,Z,0.0,R,1595.0,R,1193.0,R,75.0,R,1481.0,Z,0.0,R,1481.0,R,669.0,R,45.0,R,24
123165,2010,R,262.0,R,296.0,R,89.0,R,203.0,Z,0.0,R,203.0,R,194.0,R,96.0,R,0.0,Z,0.0,R,0.0,Z,0.0,A,,R,10
123208,2010,A,,A,,A,,R,503.0,R,0.0,R,503.0,R,344.0,R,68.0,R,0.0,R,0.0,R,0.0,R,0.0,A,,R,24
123217,2010,R,1469.0,R,3602.0,R,41.0,R,1535.0,Z,0.0,R,1535.0,R,983.0,R,64.0,R,756.0,Z,0.0,R,756.0,R,279.0,R,37.0,R,34
123280,2010,R,12.0,R,15.0,R,80.0,R,7.0,R,0.0,R,7.0,R,6.0,R,86.0,R,1.0,Z,0.0,R,1.0,R,1.0,R,100.0,R,5
123299,2010,R,836.0,R,2269.0,R,37.0,R,814.0,Z,0.0,R,814.0,R,484.0,R,59.0,R,939.0,Z,0.0,R,939.0,R,295.0,R,31.0,R,30
123341,2010,R,1898.0,R,5451.0,R,35.0,R,1900.0,Z,0.0,R,1900.0,R,1369.0,R,72.0,R,1744.0,Z,0.0,R,1744.0,R,847.0,R,49.0,R,28
123350,2010,A,,A,,A,,R,17.0,R,0.0,R,17.0,R,15.0,R,88.0,R,34.0,R,0.0,R,34.0,R,30.0,R,88.0,R,13
123396,2010,A,,A,,A,,R,28.0,R,0.0,R,28.0,R,18.0,R,64.0,R,0.0,R,0.0,R,0.0,R,0.0,A,,R,29
123457,2010,R,158.0,R,384.0,R,41.0,R,144.0,Z,0.0,R,144.0,R,94.0,R,65.0,Z,0.0,Z,0.0,Z,0.0,Z,0.0,A,,R,15
123484,2010,R,236.0,R,803.0,R,29.0,R,244.0,Z,0.0,R,244.0,R,139.0,R,57.0,R,266.0,Z,0.0,R,266.0,R,52.0,R,20.0,R,16
123493,2010,A,,A,,A,,R,390.0,R,1.0,R,389.0,R,286.0,R,74.0,R,176.0,R,0.0,R,176.0,R,65.0,R,37.0,R,32
123509,2010,R,412.0,R,2767.0,R,15.0,R,488.0,Z,0.0,R,488.0,R,373.0,R,76.0,R,702.0,Z,0.0,R,702.0,R,264.0,R,38.0,R,30
123527,2010,R,843.0,R,3840.0,R,22.0,R,904.0,Z,0.0,R,904.0,R,584.0,R,65.0,R,1359.0,Z,0.0,R,1359.0,R,547.0,R,40.0,R,29
123554,2010,R,695.0,R,907.0,R,77.0,R,569.0,R,0.0,R,569.0,R,487.0,R,86.0,R,0.0,Z,0.0,R,0.0,Z,0.0,A,,R,12
123563,2010,R,855.0,R,3027.0,R,28.0,R,779.0,Z,0.0,R,779.0,R,545.0,R,70.0,R,887.0,Z,0.0,R,887.0,R,344.0,R,39.0,R,26
123572,2010,R,1547.0,R,2289.0,R,68.0,R,1465.0,Z,0.0,R,1465.0,R,1169.0,R,80.0,R,23.0,Z,0.0,R,23.0,R,12.0,R,52.0,R,22
123581,2010,A,,A,,A,,R,63.0,R,0.0,R,63.0,R,57.0,R,90.0,R,0.0,R,0.0,R,0.0,R,0.0,A,,R,23
123633,2010,A,,A,,A,,A,,A,,A,,A,,A,,A,,A,,A,,A,,A,,R,9
123642,2010,A,,A,,A,,R,40.0,R,0.0,R,40.0,R,29.0,R,73.0,R,11.0,R,0.0,R,11.0,R,5.0,R,45.0,R,24
123651,2010,R,334.0,R,623.0,R,54.0,R,261.0,R,0.0,R,261.0,R,183.0,R,70.0,R,0.0,R,0.0,R,0.0,R,0.0,A,,R,17
123679,2010,A,,A,,A,,R,227.0,R,5.0,R,222.0,R,176.0,R,79.0,R,0.0,Z,0.0,R,0.0,Z,0.0,A,,R,20
123800,2010,R,1443.0,R,4995.0,R,29.0,R,1900.0,Z,0.0,R,1900.0,R,1229.0,R,65.0,R,2105.0,Z,0.0,R,2105.0,R,854.0,R,41.0,R,25
123952,2010,R,20.0,R,20.0,R,100.0,R,15.0,R,0.0,R,15.0,R,12.0,R,80.0,R,0.0,R,0.0,R,0.0,R,0.0,A,,R,15
123961,2010,R,2972.0,R,4700.0,R,63.0,R,2867.0,R,0.0,R,2867.0,R,2781.0,R,97.0,R,0.0,R,0.0,R,0.0,R,0.0,A,,R,9
124113,2010,R,417.0,R,3136.0,R,13.0,R,342.0,Z,0.0,R,342.0,R,215.0,R,63.0,R,1189.0,Z,0.0,R,1189.0,R,90.0,R,8.0,R,50
124292,2010,R,87.0,R,103.0,R,84.0,R,87.0,R,0.0,R,87.0,R,80.0,R,92.0,R,0.0,R,0.0,R,0.0,R,0.0,A,,R,11
124344,2010,A,,A,,A,,R,28.0,Z,0.0,R,28.0,R,19.0,R,68.0,R,18.0,Z,0.0,R,18.0,R,16.0,R,89.0,R,14
124487,2010,R,20.0,R,84.0,R,24.0,R,11.0,R,0.0,R,11.0,R,5.0,R,45.0,R,6.0,R,0.0,R,6.0,R,3.0,R,50.0,R,12
124681,2010,A,,A,,A,,R,3215.0,R,0.0,R,3215.0,R,2353.0,R,73.0,R,0.0,R,0.0,R,0.0,R,0.0,A,,R,20
124706,2010,A,,A,,A,,R,308.0,R,0.0,R,308.0,R,236.0,R,77.0,R,0.0,R,0.0,R,0.0,R,0.0,A,,R,17
124779,2010,A,,A,,A,,R,25.0,R,0.0,R,25.0,R,18.0,R,72.0,R,2.0,R,0.0,R,2.0,R,0.0,R,0.0,R,15
124937,2010,A,,A,,A,,R,278.0,R,1.0,R,277.0,R,233.0,R,84.0,R,0.0,R,0.0,R,0.0,R,0.0,A,,R,21
125028,2010,R,1006.0,R,3534.0,R,28.0,R,1216.0,Z,0.0,R,1216.0,R,837.0,R,69.0,R,933.0,Z,0.0,R,933.0,R,350.0,R,38.0,R,34
125082,2010,A,,A,,A,,R,28.0,R,0.0,R,28.0,R,19.0,R,68.0,R,0.0,R,0.0,R,0.0,R,0.0,A,,R,25
125091,2010,R,999.0,R,3577.0,R,28.0,R,1042.0,Z,0.0,R,1042.0,R,685.0,R,66.0,R,1181.0,Z,0.0,R,1181.0,R,503.0,R,43.0,R,27
125170,2010,R,283.0,R,2805.0,R,10.0,R,382.0,Z,0.0,R,382.0,R,197.0,R,52.0,R,920.0,Z,0.0,R,920.0,R,245.0,R,27.0,R,32
125231,2010,R,18.0,R,3090.0,R,1.0,R,17.0,R,0.0,R,17.0,R,5.0,R,29.0,R,703.0,R,0.0,R,703.0,R,249.0,R,35.0,R,32
125301,2010,A,,A,,A,,R,535.0,R,21.0,R,514.0,R,502.0,R,98.0,R,424.0,R,4.0,R,420.0,R,407.0,R,97.0,R,20
125462,2010,R,269.0,R,1000.0,R,27.0,R,238.0,Z,0.0,R,238.0,R,133.0,R,56.0,R,278.0,Z,0.0,R,278.0,R,68.0,R,24.0,R,31
125471,2010,R,560.0,R,4184.0,R,13.0,R,449.0,Z,0.0,R,449.0,R,290.0,R,65.0,R,886.0,Z,0.0,R,886.0,R,276.0,R,31.0,R,41
125499,2010,R,841.0,R,3557.0,R,24.0,R,661.0,Z,0.0,R,661.0,R,453.0,R,69.0,R,847.0,Z,0.0,R,847.0,R,260.0,R,31.0,R,28
125532,2010,A,,A,,A,,R,315.0,R,0.0,R,315.0,R,198.0,R,63.0,Z,0.0,Z,0.0,Z,0.0,Z,0.0,A,,R,26
125727,2010,R,385.0,R,439.0,R,88.0,R,320.0,R,0.0,R,320.0,R,278.0,R,87.0,R,0.0,R,0.0,R,0.0,R,0.0,A,,R,12
125763,2010,R,453.0,R,569.0,R,80.0,R,358.0,Z,0.0,R,358.0,R,294.0,R,82.0,R,1.0,Z,0.0,R,1.0,R,1.0,R,100.0,R,14
125897,2010,R,102.0,R,328.0,R,31.0,R,134.0,R,0.0,R,134.0,R,103.0,R,77.0,R,0.0,R,0.0,R,0.0,R,0.0,A,,R,10
126076,2010,R,54.0,R,83.0,R,65.0,R,44.0,R,0.0,R,44.0,R,25.0,R,57.0,R,0.0,R,0.0,R,0.0,R,0.0,A,,R,17
126119,2010,R,648.0,R,2038.0,R,32.0,R,665.0,Z,0.0,R,665.0,R,446.0,R,67.0,R,616.0,Z,0.0,R,616.0,R,212.0,R,34.0,R,28
126164,2010,A,,A,,A,,R,15.0,R,0.0,R,15.0,R,12.0,R,80.0,R,0.0,R,0.0,R,0.0,R,0.0,A,,R,15
126182,2010,R,557.0,R,886.0,R,63.0,R,442.0,R,0.0,R,442.0,R,275.0,R,62.0,R,3.0,R,0.0,R,3.0,R,2.0,R,67.0,R,17
126207,2010,R,330.0,R,1511.0,R,22.0,R,539.0,R,0.0,R,539.0,R,283.0,R,53.0,R,400.0,R,0.0,R,400.0,R,153.0,R,38.0,R,17
126289,2010,R,452.0,R,3007.0,R,15.0,R,399.0,R,0.0,R,399.0,R,219.0,R,55.0,R,751.0,R,0.0,R,751.0,R,295.0,R,39.0,R,23
126359,2010,R,176.0,R,176.0,R,100.0,R,214.0,R,1.0,R,213.0,R,156.0,R,73.0,Z,0.0,Z,0.0,Z,0.0,Z,0.0,A,,R,29
126401,2010,A,,A,,A,,R,125.0,R,0.0,R,125.0,R,62.0,R,50.0,R,35.0,R,0.0,R,35.0,R,12.0,R,34.0,R,25
126410,2010,R,12.0,R,12.0,R,100.0,R,11.0,R,0.0,R,11.0,R,8.0,R,73.0,R,0.0,R,0.0,R,0.0,R,0.0,A,,R,18
126562,2010,R,1023.0,R,5843.0,R,18.0,R,1039.0,R,1.0,R,1038.0,R,761.0,R,73.0,R,85.0,R,0.0,R,85.0,R,49.0,R,58.0,R,19
126580,2010,R,1124.0,R,2328.0,R,48.0,R,1026.0,R,0.0,R,1026.0,R,703.0,R,69.0,R,71.0,R,0.0,R,71.0,R,37.0,R,52.0,R,18
126605,2010,R,123.0,R,188.0,R,65.0,R,125.0,R,0.0,R,125.0,R,82.0,R,66.0,R,0.0,Z,0.0,R,0.0,Z,0.0,A,,R,16
126614,2010,R,5144.0,R,6383.0,R,81.0,R,5530.0,R,2.0,R,5528.0,R,4681.0,R,85.0,R,24.0,R,0.0,R,24.0,R,15.0,R,63.0,R,18
126669,2010,R,290.0,R,755.0,R,38.0,R,253.0,Z,0.0,R,253.0,R,168.0,R,66.0,R,40.0,Z,0.0,R,40.0,R,15.0,R,38.0,R,9
126678,2010,R,536.0,R,584.0,R,92.0,R,526.0,R,0.0,R,526.0,R,503.0,R,96.0,R,0.0,R,0.0,R,0.0,R,0.0,A,,R,10
126687,2010,A,,A,,A,,R,225.0,R,0.0,R,225.0,R,148.0,R,66.0,R,0.0,R,0.0,R,0.0,R,0.0,A,,R,18
126702,2010,R,227.0,R,557.0,R,41.0,R,187.0,R,0.0,R,187.0,R,95.0,R,51.0,R,35.0,R,0.0,R,35.0,R,10.0,R,29.0,R,18
126711,2010,R,362.0,R,2068.0,R,18.0,R,386.0,R,0.0,R,386.0,R,227.0,R,59.0,R,323.0,R,0.0,R,323.0,R,144.0,R,45.0,R,8
126748,2010,R,166.0,R,722.0,R,23.0,R,147.0,R,4.0,R,143.0,R,63.0,R,44.0,R,49.0,R,2.0,R,47.0,R,15.0,R,32.0,R,12
126775,2010,R,874.0,R,974.0,R,90.0,R,879.0,R,0.0,R,879.0,R,768.0,R,87.0,R,0.0,R,0.0,R,0.0,R,0.0,A,,R,16
126784,2010,A,,A,,A,,R,32.0,R,0.0,R,32.0,R,27.0,R,84.0,Z,0.0,Z,0.0,Z,0.0,Z,0.0,A,,R,14
126818,2010,R,4324.0,R,6325.0,R,68.0,R,4274.0,R,3.0,R,4271.0,R,3551.0,R,83.0,R,55.0,R,0.0,R,55.0,R,36.0,R,65.0,R,18
126827,2010,R,168.0,R,449.0,R,37.0,R,134.0,Z,0.0,R,134.0,R,113.0,R,84.0,R,102.0,Z,0.0,R,102.0,R,68.0,R,67.0,R,15
126854,2010,A,,A,,A,,R,44.0,Z,0.0,R,44.0,R,18.0,R,41.0,R,5.0,Z,0.0,R,5.0,R,0.0,R,0.0,R,18
126863,2010,R,494.0,R,3589.0,R,14.0,R,457.0,R,28.0,R,429.0,R,217.0,R,51.0,R,960.0,R,0.0,R,960.0,R,376.0,R,39.0,R,22
126872,2010,A,,A,,A,,R,55.0,R,0.0,R,55.0,R,21.0,R,38.0,R,0.0,R,0.0,R,0.0,R,0.0,A,,R,22
126915,2010,A,,A,,A,,R,44.0,Z,0.0,R,44.0,R,41.0,R,93.0,R,233.0,Z,0.0,R,233.0,R,225.0,R,97.0,R,20
126924,2010,R,33.0,R,33.0,R,100.0,R,6.0,R,0.0,R,6.0,R,0.0,R,0.0,R,0.0,R,0.0,R,0.0,R,0.0,A,,R,10
126942,2010,R,891.0,R,3995.0,R,22.0,R,796.0,R,37.0,R,759.0,R,419.0,R,55.0,R,1530.0,R,149.0,R,1381.0,R,576.0,R,42.0,R,26
126951,2010,A,,A,,A,,R,306.0,R,0.0,R,306.0,R,192.0,R,63.0,R,0.0,R,0.0,R,0.0,R,0.0,A,,R,29
127024,2010,R,75.0,R,159.0,R,47.0,R,96.0,R,1.0,R,95.0,R,30.0,R,32.0,R,13.0,R,1.0,R,12.0,R,2.0,R,17.0,R,15
127060,2010,R,1216.0,R,1519.0,R,80.0,R,1198.0,R,0.0,R,1198.0,R,1048.0,R,87.0,R,9.0,R,0.0,R,9.0,R,7.0,R,78.0,R,12
127158,2010,A,,A,,A,,R,217.0,R,0.0,R,217.0,R,131.0,R,60.0,R,429.0,R,0.0,R,429.0,R,246.0,R,57.0,R,11
127185,2010,R,833.0,R,1267.0,R,66.0,R,795.0,R,35.0,R,760.0,R,481.0,R,63.0,R,10.0,R,0.0,R,10.0,R,5.0,R,50.0,R,18
127200,2010,R,1544.0,R,6720.0,R,23.0,R,1650.0,R,0.0,R,1650.0,R,942.0,R,57.0,R,2091.0,R,0.0,R,2091.0,R,908.0,R,43.0,R,23
127219,2010,A,,A,,A,,R,12.0,Z,0.0,R,12.0,R,12.0,R,100.0,R,6.0,Z,0.0,R,6.0,R,6.0,R,100.0,R,10
127228,2010,A,,A,,A,,R,90.0,R,0.0,R,90.0,R,69.0,R,77.0,R,0.0,Z,0.0,R,0.0,Z,0.0,A,,R,22
127316,2010,A,,A,,A,,R,57.0,R,0.0,R,57.0,R,35.0,R,61.0,R,30.0,R,0.0,R,30.0,R,25.0,R,83.0,R,20
127389,2010,R,134.0,R,325.0,R,41.0,R,187.0,R,0.0,R,187.0,R,101.0,R,54.0,R,32.0,R,0.0,R,32.0,R,6.0,R,19.0,R,23
127556,2010,R,1831.0,R,3063.0,R,60.0,R,963.0,R,0.0,R,963.0,R,631.0,R,66.0,R,34.0,R,0.0,R,34.0,R,20.0,R,59.0,R,23
127565,2010,R,2023.0,R,5444.0,R,37.0,R,2135.0,R,175.0,R,1960.0,R,1306.0,R,67.0,R,448.0,R,77.0,R,371.0,R,208.0,R,56.0,R,22
127617,2010,R,87.0,R,929.0,R,9.0,R,61.0,R,0.0,R,61.0,R,35.0,R,57.0,R,144.0,R,2.0,R,142.0,R,72.0,R,51.0,R,14
127653,2010,R,38.0,R,130.0,R,29.0,R,45.0,R,0.0,R,45.0,R,24.0,R,53.0,R,0.0,R,0.0,R,0.0,R,0.0,A,,R,9
127680,2010,R,11.0,R,143.0,R,8.0,R,13.0,R,0.0,R,13.0,R,5.0,R,38.0,R,34.0,R,0.0,R,34.0,R,11.0,R,32.0,R,29
127699,2010,R,6.0,R,169.0,R,4.0,R,4.0,R,0.0,R,4.0,R,1.0,R,25.0,R,99.0,R,0.0,R,99.0,R,31.0,R,31.0,R,14
127714,2010,R,4.0,R,152.0,R,3.0,R,4.0,R,0.0,R,4.0,R,1.0,R,25.0,R,20.0,R,0.0,R,20.0,R,5.0,R,25.0,R,11
127732,2010,R,442.0,R,959.0,R,46.0,R,352.0,R,0.0,R,352.0,R,193.0,R,55.0,R,85.0,R,0.0,R,85.0,R,29.0,R,34.0,R,20
127741,2010,R,2227.0,R,3535.0,R,63.0,R,2279.0,R,6.0,R,2273.0,R,1572.0,R,69.0,R,19.0,R,0.0,R,19.0,R,3.0,R,16.0,R,20
127778,2010,R,283.0,R,986.0,R,29.0,R,262.0,R,0.0,R,262.0,R,149.0,R,57.0,R,56.0,R,0.0,R,56.0,R,28.0,R,50.0,R,23
127787,2010,A,,A,,A,,R,156.0,R,0.0,R,156.0,R,96.0,R,62.0,R,32.0,R,0.0,R,32.0,R,8.0,R,25.0,R,22
127820,2010,R,1612.0,R,5864.0,R,27.0,R,1366.0,R,297.0,R,1069.0,R,581.0,R,54.0,R,1507.0,R,14.0,R,1493.0,R,531.0,R,36.0,R,22
127839,2010,A,,A,,A,,R,170.0,R,0.0,R,170.0,R,122.0,R,72.0,R,0.0,R,0.0,R,0.0,R,0.0,A,,R,9
127884,2010,R,666.0,R,3255.0,R,20.0,R,667.0,R,35.0,R,632.0,R,351.0,R,56.0,R,924.0,R,129.0,R,795.0,R,289.0,R,36.0,R,19
127909,2010,R,836.0,R,3635.0,R,23.0,R,781.0,R,72.0,R,709.0,R,385.0,R,54.0,R,1256.0,R,9.0,R,1247.0,R,472.0,R,38.0,R,23
127918,2010,R,449.0,R,1583.0,R,28.0,R,360.0,R,0.0,R,360.0,R,334.0,R,93.0,R,75.0,R,0.0,R,75.0,R,37.0,R,49.0,R,8
127945,2010,R,143.0,R,241.0,R,59.0,R,135.0,R,0.0,R,135.0,R,82.0,R,61.0,R,4.0,R,0.0,R,4.0,R,1.0,R,25.0,R,10
127954,2010,A,,A,,A,,R,4.0,R,0.0,R,4.0,R,2.0,R,50.0,R,0.0,R,0.0,R,0.0,R,0.0,A,,R,19
128106,2010,R,980.0,R,2271.0,R,43.0,R,1017.0,R,1.0,R,1016.0,R,646.0,R,64.0,R,43.0,R,0.0,R,43.0,R,12.0,R,28.0,R,16
128151,2010,A,,A,,A,,R,476.0,R,0.0,R,476.0,R,328.0,R,69.0,R,98.0,R,0.0,R,98.0,R,65.0,R,66.0,R,24
128179,2010,A,,A,,A,,R,241.0,Z,0.0,R,241.0,R,215.0,R,89.0,R,0.0,Z,0.0,R,0.0,Z,0.0,A,,R,18
128188,2010,A,,A,,A,,R,169.0,R,0.0,R,169.0,R,130.0,R,77.0,R,0.0,R,0.0,R,0.0,R,0.0,A,,R,21
128258,2010,R,302.0,R,836.0,R,36.0,R,370.0,R,57.0,R,313.0,R,195.0,R,62.0,R,136.0,R,33.0,R,103.0,R,39.0,R,38.0,R,17
128328,2010,R,1245.0,R,1245.0,R,100.0,R,1362.0,R,26.0,R,1336.0,R,1198.0,R,90.0,Z,0.0,Z,0.0,Z,0.0,Z,0.0,A,,R,8
128337,2010,A,,A,,A,,R,54.0,Z,0.0,R,54.0,R,29.0,R,54.0,R,15.0,R,2.0,R,13.0,R,11.0,R,85.0,R,25
128391,2010,R,479.0,R,724.0,R,66.0,R,499.0,R,0.0,R,499.0,R,295.0,R,59.0,R,5.0,R,0.0,R,5.0,R,3.0,R,60.0,R,17
128425,2010,R,9.0,R,10.0,R,90.0,R,12.0,R,0.0,R,12.0,R,8.0,R,67.0,R,0.0,R,0.0,R,0.0,R,0.0,A,,R,9
128498,2010,R,161.0,R,272.0,R,59.0,R,185.0,Z,0.0,R,185.0,R,133.0,R,72.0,R,3.0,Z,0.0,R,3.0,R,1.0,R,33.0,R,14
128540,2010,A,,A,,A,,R,28.0,R,0.0,R,28.0,R,24.0,R,86.0,R,5.0,R,0.0,R,5.0,R,4.0,R,80.0,R,10
128577,2010,R,224.0,R,644.0,R,35.0,R,268.0,Z,0.0,R,268.0,R,182.0,R,68.0,R,60.0,Z,0.0,R,60.0,R,32.0,R,53.0,R,18
128586,2010,R,25.0,R,27.0,R,93.0,R,20.0,R,0.0,R,20.0,R,16.0,R,80.0,R,0.0,R,0.0,R,0.0,R,0.0,A,,R,10
128674,2010,A,,A,,A,,R,153.0,R,0.0,R,153.0,R,96.0,R,63.0,R,41.0,R,0.0,R,41.0,R,21.0,R,51.0,R,22
128683,2010,R,290.0,R,422.0,R,69.0,R,17.0,Z,0.0,R,17.0,R,10.0,R,59.0,R,2.0,Z,0.0,R,2.0,R,1.0,R,50.0,R,10
128726,2010,A,,A,,A,,R,120.0,R,0.0,R,120.0,R,110.0,R,92.0,R,11.0,R,2.0,R,9.0,R,8.0,R,89.0,R,8
128744,2010,R,605.0,R,792.0,R,76.0,R,436.0,R,7.0,R,429.0,R,225.0,R,52.0,R,4.0,R,1.0,R,3.0,R,2.0,R,67.0,R,17
128762,2010,A,,A,,A,,R,58.0,R,0.0,R,58.0,R,42.0,R,72.0,R,0.0,R,0.0,R,0.0,R,0.0,A,,R,16
128771,2010,R,1350.0,R,2521.0,R,54.0,R,1281.0,R,3.0,R,1278.0,R,1037.0,R,81.0,R,7.0,R,0.0,R,7.0,R,3.0,R,43.0,R,16
128780,2010,A,,A,,A,,A,,A,,A,,A,,A,,A,,A,,A,,A,,A,,R,21
128896,2010,A,,A,,A,,R,9.0,R,0.0,R,9.0,R,8.0,R,89.0,R,18.0,R,0.0,R,18.0,R,13.0,R,72.0,R,7
128902,2010,R,488.0,R,499.0,R,98.0,R,502.0,Z,0.0,R,502.0,R,449.0,R,89.0,Z,0.0,Z,0.0,Z,0.0,Z,0.0,A,,R,9
128957,2010,A,,A,,A,,R,39.0,R,0.0,R,39.0,R,28.0,R,72.0,R,61.0,R,0.0,R,61.0,R,44.0,R,72.0,R,18
129002,2010,A,,A,,A,,R,82.0,Z,0.0,R,82.0,R,60.0,R,73.0,R,47.0,Z,0.0,R,47.0,R,25.0,R,53.0,R,14
129020,2010,R,3335.0,R,4514.0,R,74.0,R,3182.0,R,3.0,R,3179.0,R,2941.0,R,93.0,R,6.0,Z,0.0,R,6.0,R,5.0,R,83.0,R,18
129154,2010,R,292.0,R,1168.0,R,25.0,R,61.0,R,0.0,R,61.0,R,20.0,R,33.0,R,50.0,R,0.0,R,50.0,R,24.0,R,48.0,R,13
129181,2010,A,,A,,A,,R,283.0,R,0.0,R,283.0,R,248.0,R,88.0,R,11.0,R,0.0,R,11.0,R,7.0,R,64.0,R,21
129215,2010,R,915.0,R,1676.0,R,55.0,R,944.0,R,2.0,R,942.0,R,723.0,R,77.0,R,37.0,R,0.0,R,37.0,R,26.0,R,70.0,R,17
129242,2010,R,922.0,R,1086.0,R,85.0,R,849.0,R,0.0,R,849.0,R,753.0,R,89.0,R,0.0,R,0.0,R,0.0,R,0.0,A,,R,12
129349,2010,A,,A,,A,,R,109.0,R,0.0,R,109.0,R,100.0,R,92.0,R,19.0,R,0.0,R,19.0,R,15.0,R,79.0,R,15
129367,2010,R,425.0,R,1716.0,R,25.0,R,387.0,R,0.0,R,387.0,R,211.0,R,55.0,R,415.0,R,0.0,R,415.0,R,171.0,R,41.0,R,30
129482,2010,A,,A,,A,,R,107.0,R,0.0,R,107.0,R,61.0,R,57.0,R,0.0,R,0.0,R,0.0,R,0.0,A,,R,18
129525,2010,R,1369.0,R,1742.0,R,79.0,R,1450.0,Z,0.0,R,1450.0,R,1002.0,R,69.0,R,16.0,Z,0.0,R,16.0,R,2.0,R,13.0,R,12
129534,2010,R,2.0,R,18.0,R,11.0,R,2.0,Z,0.0,R,2.0,R,2.0,R,100.0,Z,0.0,Z,0.0,Z,0.0,Z,0.0,A,,R,9
129543,2010,R,858.0,R,1874.0,R,46.0,R,783.0,Z,0.0,R,783.0,R,491.0,R,63.0,R,443.0,Z,0.0,R,443.0,R,238.0,R,54.0,R,20
129613,2010,R,57.0,R,69.0,R,83.0,R,0.0,Z,0.0,R,0.0,Z,0.0,A,,R,0.0,Z,0.0,R,0.0,Z,0.0,A,,R,10
129640,2010,A,,A,,A,,R,5.0,R,0.0,R,5.0,R,4.0,R,80.0,R,3.0,R,0.0,R,3.0,R,2.0,R,67.0,R,12
129686,2010,R,19.0,R,23.0,R,83.0,R,11.0,Z,0.0,R,11.0,R,9.0,R,82.0,Z,0.0,Z,0.0,Z,0.0,Z,0.0,A,,R,4
129695,2010,R,1103.0,R,2494.0,R,44.0,R,1244.0,Z,0.0,R,1244.0,R,741.0,R,60.0,R,501.0,Z,0.0,R,501.0,R,227.0,R,45.0,R,19
129729,2010,R,1004.0,R,2208.0,R,45.0,R,951.0,R,3.0,R,948.0,R,599.0,R,63.0,R,388.0,Z,0.0,R,388.0,R,170.0,R,44.0,R,18
129756,2010,R,374.0,R,1481.0,R,25.0,R,424.0,Z,0.0,R,424.0,R,228.0,R,54.0,R,180.0,Z,0.0,R,180.0,R,62.0,R,34.0,R,22
129774,2010,R,228.0,R,385.0,R,59.0,R,235.0,Z,0.0,R,235.0,R,143.0,R,61.0,R,1.0,Z,0.0,R,1.0,R,1.0,R,100.0,R,15
129808,2010,R,670.0,R,1699.0,R,39.0,R,614.0,Z,0.0,R,614.0,R,373.0,R,61.0,R,405.0,Z,0.0,R,405.0,R,169.0,R,42.0,R,20
129923,2010,A,,A,,A,,R,441.0,R,0.0,R,441.0,R,286.0,R,65.0,R,0.0,R,0.0,R,0.0,R,0.0,A,,R,25
129932,2010,A,,A,,A,,A,,A,,A,,A,,A,,A,,A,,A,,A,,A,,R,20
129941,2010,R,1005.0,R,1311.0,R,77.0,R,1249.0,Z,0.0,R,1249.0,R,896.0,R,72.0,R,14.0,Z,0.0,R,14.0,R,6.0,R,43.0,R,15
129969,2010,A,,A,,A,,R,115.0,R,0.0,R,115.0,R,63.0,R,55.0,R,0.0,R,0.0,R,0.0,R,0.0,A,,R,18
130004,2010,R,577.0,R,1312.0,R,44.0,R,761.0,Z,0.0,R,761.0,R,500.0,R,66.0,R,445.0,Z,0.0,R,445.0,R,185.0,R,42.0,R,18
130040,2010,R,193.0,R,600.0,R,32.0,R,215.0,Z,0.0,R,215.0,R,114.0,R,53.0,R,97.0,Z,0.0,R,97.0,R,45.0,R,46.0,R,20
130110,2010,R,21.0,R,49.0,R,43.0,R,33.0,R,0.0,R,33.0,R,27.0,R,82.0,R,7.0,R,0.0,R,7.0,R,4.0,R,57.0,R,7
130129,2010,A,,A,,A,,R,6.0,R,0.0,R,6.0,R,5.0,R,83.0,R,28.0,R,0.0,R,28.0,R,19.0,R,68.0,R,14
130174,2010,A,,A,,A,,R,515.0,R,5.0,R,510.0,R,370.0,R,73.0,R,234.0,R,3.0,R,231.0,R,147.0,R,64.0,R,10
130183,2010,R,587.0,R,1370.0,R,43.0,R,278.0,Z,0.0,R,278.0,R,164.0,R,59.0,R,89.0,Z,0.0,R,89.0,R,25.0,R,28.0,R,20
130217,2010,R,320.0,R,762.0,R,42.0,R,299.0,Z,0.0,R,299.0,R,168.0,R,56.0,R,194.0,Z,0.0,R,194.0,R,80.0,R,41.0,R,18
130226,2010,R,1637.0,R,1880.0,R,87.0,R,1586.0,Z,0.0,R,1586.0,R,1357.0,R,86.0,R,1.0,Z,0.0,R,1.0,Z,0.0,R,0.0,R,13
130253,2010,R,974.0,R,1118.0,R,87.0,R,909.0,R,0.0,R,909.0,R,695.0,R,76.0,R,0.0,R,0.0,R,0.0,R,0.0,A,,R,15
130314,2010,R,229.0,R,339.0,R,68.0,R,184.0,Z,0.0,R,184.0,R,144.0,R,78.0,Z,0.0,Z,0.0,Z,0.0,Z,0.0,A,,R,13
130396,2010,R,894.0,R,3106.0,R,29.0,R,879.0,Z,0.0,R,879.0,R,478.0,R,54.0,R,552.0,Z,0.0,R,552.0,R,217.0,R,39.0,R,19
130448,2010,R,4.0,R,233.0,R,2.0,R,6.0,Z,0.0,R,6.0,R,2.0,R,33.0,R,11.0,Z,0.0,R,11.0,R,4.0,R,36.0,R,26
130493,2010,R,1248.0,R,2354.0,R,53.0,R,1237.0,Z,0.0,R,1237.0,R,967.0,R,78.0,R,7.0,Z,0.0,R,7.0,R,2.0,R,29.0,R,15
130509,2010,A,,A,,A,,R,156.0,R,0.0,R,156.0,R,114.0,R,73.0,R,36.0,R,0.0,R,36.0,R,28.0,R,78.0,R,16
130590,2010,R,591.0,R,657.0,R,90.0,R,572.0,Z,0.0,R,572.0,R,527.0,R,92.0,Z,0.0,Z,0.0,Z,0.0,Z,0.0,A,,R,10
130606,2010,R,613.0,R,1581.0,R,39.0,R,581.0,Z,0.0,R,581.0,R,357.0,R,61.0,R,265.0,Z,0.0,R,265.0,R,129.0,R,49.0,R,20
130624,2010,R,279.0,R,279.0,R,100.0,R,273.0,Z,0.0,R,273.0,R,254.0,R,93.0,Z,0.0,Z,0.0,Z,0.0,Z,0.0,A,,R,8
130697,2010,R,748.0,R,823.0,R,91.0,R,745.0,R,0.0,R,745.0,R,729.0,R,98.0,R,0.0,R,0.0,R,0.0,R,0.0,A,,R,9
130776,2010,R,975.0,R,1648.0,R,59.0,R,1008.0,Z,0.0,R,1008.0,R,752.0,R,75.0,R,69.0,Z,0.0,R,69.0,R,37.0,R,54.0,R,16
130794,2010,R,1343.0,R,1389.0,R,97.0,R,1305.0,Z,0.0,R,1305.0,R,1292.0,R,99.0,Z,0.0,Z,0.0,Z,0.0,Z,0.0,A,,R,6
130837,2010,A,,A,,A,,A,,A,,A,,A,,A,,A,,A,,A,,A,,A,,R,7
130873,2010,A,,A,,A,,A,,A,,A,,A,,A,,A,,A,,A,,A,,A,,R,13
130891,2010,R,756.0,R,1277.0,R,59.0,R,681.0,R,0.0,R,681.0,R,408.0,R,60.0,R,141.0,R,0.0,R,141.0,R,56.0,R,40.0,R,17
130907,2010,R,530.0,R,868.0,R,61.0,R,556.0,R,0.0,R,556.0,R,307.0,R,55.0,R,128.0,R,0.0,R,128.0,R,43.0,R,34.0,R,16
130916,2010,R,964.0,R,1872.0,R,51.0,R,1024.0,R,0.0,R,1024.0,R,575.0,R,56.0,R,359.0,R,0.0,R,359.0,R,123.0,R,34.0,R,16
130934,2010,R,887.0,R,1131.0,R,78.0,R,739.0,R,0.0,R,739.0,R,492.0,R,67.0,R,18.0,R,0.0,R,18.0,R,8.0,R,44.0,R,12
130943,2010,R,3719.0,R,4232.0,R,88.0,R,3811.0,R,0.0,R,3811.0,R,3505.0,R,92.0,R,7.0,R,0.0,R,7.0,R,7.0,R,100.0,R,15
130989,2010,R,105.0,R,185.0,R,57.0,R,76.0,R,0.0,R,76.0,R,58.0,R,76.0,R,2.0,R,0.0,R,2.0,R,2.0,R,100.0,R,25
131061,2010,A,,A,,A,,R,33.0,R,0.0,R,33.0,R,23.0,R,70.0,R,5.0,R,0.0,R,5.0,R,2.0,R,40.0,R,9
131098,2010,R,503.0,R,659.0,R,76.0,R,593.0,R,0.0,R,593.0,R,269.0,R,45.0,R,0.0,R,0.0,R,0.0,R,0.0,A,,R,17
131113,2010,R,377.0,R,1801.0,R,21.0,R,377.0,R,0.0,R,377.0,R,211.0,R,56.0,R,200.0,R,0.0,R,200.0,R,56.0,R,28.0,R,14
131159,2010,R,1502.0,R,1989.0,R,76.0,R,1533.0,R,5.0,R,1528.0,R,1386.0,R,91.0,R,0.0,R,0.0,R,0.0,R,0.0,A,,R,13
131283,2010,R,991.0,R,1139.0,R,87.0,R,813.0,Z,0.0,R,813.0,R,649.0,R,80.0,R,1.0,Z,0.0,R,1.0,R,1.0,R,100.0,R,9
131308,2010,R,55.0,R,227.0,R,24.0,R,72.0,R,0.0,R,72.0,R,59.0,R,82.0,R,1.0,R,0.0,R,1.0,R,1.0,R,100.0,R,12
131399,2010,R,470.0,R,1143.0,R,41.0,R,125.0,R,0.0,R,125.0,R,67.0,R,54.0,R,127.0,Z,0.0,R,127.0,R,61.0,R,48.0,R,14
131450,2010,R,198.0,R,313.0,R,63.0,R,211.0,R,0.0,R,211.0,R,154.0,R,73.0,R,0.0,R,0.0,R,0.0,R,0.0,A,,R,6
131469,2010,R,2383.0,R,2949.0,R,81.0,R,2568.0,R,0.0,R,2568.0,R,2413.0,R,94.0,R,8.0,R,0.0,R,8.0,R,6.0,R,75.0,R,13
131496,2010,R,1570.0,R,2059.0,R,76.0,R,1551.0,R,0.0,R,1551.0,R,1495.0,R,96.0,R,4.0,Z,0.0,R,4.0,R,3.0,R,75.0,R,11
131520,2010,R,1464.0,R,1827.0,R,80.0,P,1572.0,P,0.0,P,1572.0,P,1305.0,P,83.0,P,19.0,P,0.0,P,19.0,P,11.0,P,58.0,R,10
131566,2010,A,,A,,A,,R,19.0,R,1.0,R,18.0,R,17.0,R,94.0,R,20.0,R,0.0,R,20.0,R,19.0,R,95.0,R,25
131742,2010,A,,A,,A,,R,374.0,R,0.0,R,374.0,R,268.0,R,72.0,Z,0.0,Z,0.0,Z,0.0,Z,0.0,A,,R,44
131803,2010,R,17.0,R,393.0,R,4.0,R,28.0,R,0.0,R,28.0,R,13.0,R,46.0,R,315.0,R,0.0,R,315.0,R,114.0,R,36.0,R,24
131830,2010,A,,A,,A,,R,9.0,R,0.0,R,9.0,R,6.0,R,67.0,R,0.0,R,0.0,R,0.0,R,0.0,A,,R,6
131876,2010,R,269.0,R,457.0,R,59.0,R,243.0,R,0.0,R,243.0,R,166.0,R,68.0,R,8.0,R,0.0,R,8.0,R,2.0,R,25.0,R,9
132268,2010,A,,A,,A,,R,324.0,R,0.0,R,324.0,R,222.0,R,69.0,R,0.0,R,0.0,R,0.0,R,0.0,A,,R,26
132338,2010,R,327.0,R,779.0,R,42.0,R,185.0,R,0.0,R,185.0,R,115.0,R,62.0,R,24.0,R,0.0,R,24.0,R,11.0,R,46.0,R,18
132374,2010,A,,A,,A,,R,443.0,R,0.0,R,443.0,R,273.0,R,62.0,R,0.0,R,0.0,R,0.0,R,0.0,A,,R,11
132408,2010,R,57.0,R,154.0,R,37.0,R,45.0,R,0.0,R,45.0,R,32.0,R,71.0,R,4.0,R,0.0,R,4.0,R,2.0,R,50.0,R,14
132471,2010,R,625.0,R,1055.0,R,59.0,R,645.0,R,4.0,R,641.0,R,407.0,R,63.0,R,3.0,R,0.0,R,3.0,R,0.0,R,0.0,R,15
132602,2010,R,925.0,R,1154.0,R,80.0,R,787.0,R,0.0,R,787.0,R,532.0,R,68.0,R,5.0,R,0.0,R,5.0,R,3.0,R,60.0,R,17
132657,2010,R,355.0,R,492.0,R,72.0,R,334.0,R,0.0,R,334.0,R,205.0,R,61.0,R,0.0,R,0.0,R,0.0,R,0.0,A,,R,16
132666,2010,A,,A,,A,,R,38.0,R,0.0,R,38.0,R,38.0,R,100.0,R,0.0,R,0.0,R,0.0,R,0.0,A,,R,22
132675,2010,A,,A,,A,,R,81.0,R,0.0,R,81.0,R,46.0,R,57.0,R,10.0,R,1.0,R,9.0,R,9.0,R,100.0,R,7
132693,2010,R,2052.0,R,3763.0,R,55.0,R,1997.0,R,0.0,R,1997.0,R,1345.0,R,67.0,R,884.0,R,0.0,R,884.0,R,411.0,R,46.0,R,21
132709,2010,R,4054.0,R,10279.0,R,39.0,R,0.0,R,0.0,R,0.0,R,0.0,A,,R,0.0,R,0.0,R,0.0,R,0.0,A,,R,30
132806,2010,A,,A,,A,,R,136.0,R,0.0,R,136.0,R,102.0,R,75.0,R,0.0,R,0.0,R,0.0,R,0.0,A,,R,10
132842,2010,R,19.0,R,92.0,R,21.0,R,13.0,R,0.0,R,13.0,R,11.0,R,85.0,R,9.0,R,0.0,R,9.0,R,2.0,R,22.0,R,17
132851,2010,R,879.0,R,2385.0,R,37.0,R,0.0,R,0.0,R,0.0,R,0.0,A,,R,0.0,R,0.0,R,0.0,R,0.0,A,,R,18
132879,2010,R,52.0,R,83.0,R,63.0,R,51.0,R,0.0,R,51.0,R,40.0,R,78.0,R,3.0,R,0.0,R,3.0,R,2.0,R,67.0,R,13
132903,2010,R,6050.0,R,13245.0,R,46.0,R,6261.0,Z,0.0,R,6261.0,R,5424.0,R,87.0,R,117.0,Z,0.0,R,117.0,R,90.0,R,77.0,R,31
132976,2010,A,,A,,A,,R,235.0,R,0.0,R,235.0,R,194.0,R,83.0,R,0.0,R,0.0,R,0.0,R,0.0,A,,R,11
133021,2010,R,407.0,R,581.0,R,70.0,R,0.0,R,0.0,R,0.0,R,0.0,A,,R,0.0,R,0.0,R,0.0,R,0.0,A,,R,17
133085,2010,R,142.0,R,188.0,R,76.0,R,133.0,R,0.0,R,133.0,R,79.0,R,59.0,R,0.0,R,0.0,R,0.0,R,0.0,A,,R,16
133155,2010,A,,A,,A,,R,266.0,R,0.0,R,266.0,R,181.0,R,68.0,R,56.0,R,0.0,R,56.0,R,42.0,R,75.0,R,25
133386,2010,R,1887.0,R,4397.0,R,43.0,R,0.0,R,0.0,R,0.0,R,0.0,A,,R,0.0,R,0.0,R,0.0,R,0.0,A,,R,23
133465,2010,R,59.0,R,320.0,R,18.0,R,42.0,Z,0.0,R,42.0,R,16.0,R,38.0,R,31.0,Z,0.0,R,31.0,R,3.0,R,10.0,R,15
133492,2010,R,500.0,R,651.0,R,77.0,R,506.0,R,1.0,R,505.0,R,402.0,R,80.0,R,13.0,R,0.0,R,13.0,R,9.0,R,69.0,R,13
133508,2010,R,1794.0,R,4373.0,R,41.0,R,0.0,R,0.0,R,0.0,R,0.0,A,,R,0.0,R,0.0,R,0.0,R,0.0,A,,R,28
133526,2010,R,268.0,R,292.0,R,92.0,R,245.0,R,2.0,R,243.0,R,116.0,R,48.0,R,1.0,R,0.0,R,1.0,R,0.0,R,0.0,R,17
133553,2010,R,951.0,R,1261.0,R,75.0,R,857.0,R,1.0,R,856.0,R,616.0,R,72.0,R,5.0,R,0.0,R,5.0,R,1.0,R,20.0,R,15
133650,2010,R,2702.0,R,3357.0,R,80.0,R,2420.0,R,0.0,R,2420.0,R,1970.0,R,81.0,R,24.0,R,0.0,R,24.0,R,13.0,R,54.0,R,19
133669,2010,R,2628.0,R,6512.0,R,40.0,R,2389.0,R,0.0,R,2389.0,R,1906.0,R,80.0,R,165.0,R,0.0,R,165.0,R,118.0,R,72.0,R,21
133702,2010,R,1866.0,R,6239.0,R,30.0,R,0.0,R,0.0,R,0.0,R,0.0,A,,R,0.0,R,0.0,R,0.0,R,0.0,A,,R,37
133711,2010,R,615.0,R,859.0,R,72.0,R,564.0,R,0.0,R,564.0,R,417.0,R,74.0,R,2.0,R,0.0,R,2.0,R,2.0,R,100.0,R,18
133809,2010,R,199.0,R,217.0,R,92.0,R,191.0,R,0.0,R,191.0,R,121.0,R,63.0,R,0.0,R,0.0,R,0.0,R,0.0,A,,R,12
133845,2010,A,,A,,A,,R,253.0,R,0.0,R,253.0,R,171.0,R,68.0,R,0.0,R,0.0,R,0.0,R,0.0,A,,R,16
133854,2010,A,,A,,A,,R,164.0,R,0.0,R,164.0,R,137.0,R,84.0,R,0.0,R,0.0,R,0.0,R,0.0,A,,R,16
133863,2010,A,,A,,A,,R,231.0,R,0.0,R,231.0,R,172.0,R,74.0,R,0.0,R,0.0,R,0.0,R,0.0,A,,R,18
133872,2010,R,49.0,R,740.0,R,7.0,R,8.0,R,0.0,R,8.0,R,5.0,R,63.0,R,0.0,R,0.0,R,0.0,Z,0.0,A,,R,12
133881,2010,R,489.0,R,722.0,R,68.0,R,539.0,R,0.0,R,539.0,R,406.0,R,75.0,R,0.0,R,0.0,R,0.0,R,0.0,A,,R,16
133942,2010,A,,A,,A,,A,,A,,A,,A,,A,,A,,A,,A,,A,,A,,R,13
133951,2010,R,3693.0,R,9645.0,R,38.0,R,2737.0,R,0.0,R,2737.0,R,2268.0,R,83.0,R,160.0,R,0.0,R,160.0,R,111.0,R,69.0,R,28
133960,2010,R,121.0,R,284.0,R,43.0,R,106.0,R,0.0,R,106.0,R,59.0,R,56.0,R,116.0,R,0.0,R,116.0,R,59.0,R,51.0,R,16
133979,2010,R,464.0,R,607.0,R,76.0,R,530.0,R,1.0,R,529.0,R,367.0,R,69.0,R,13.0,R,0.0,R,13.0,R,10.0,R,77.0,R,17
133997,2010,R,1993.0,R,2326.0,R,86.0,R,41.0,R,0.0,R,41.0,R,33.0,R,80.0,R,0.0,R,0.0,R,0.0,R,0.0,A,,R,15
134024,2010,A,,A,,A,,A,,A,,A,,A,,A,,A,,A,,A,,A,,A,,R,14
134079,2010,R,605.0,R,761.0,R,80.0,R,553.0,R,0.0,R,553.0,R,409.0,R,74.0,R,0.0,Z,0.0,R,0.0,Z,0.0,A,,R,15
134097,2010,R,5912.0,R,8795.0,R,67.0,R,5979.0,R,0.0,R,5979.0,R,5483.0,R,92.0,R,14.0,Z,0.0,R,14.0,R,9.0,R,64.0,R,26
134112,2010,A,,A,,A,,R,637.0,R,0.0,R,637.0,R,383.0,R,60.0,R,0.0,R,0.0,R,0.0,R,0.0,A,,R,19
134121,2010,A,,A,,A,,R,116.0,R,0.0,R,116.0,R,70.0,R,60.0,R,0.0,R,0.0,R,0.0,R,0.0,A,,R,25
134130,2010,R,6372.0,R,8568.0,R,74.0,R,6301.0,R,0.0,R,6301.0,R,6023.0,R,96.0,R,13.0,R,0.0,R,13.0,R,11.0,R,85.0,R,21
134149,2010,A,,A,,A,,R,5.0,R,0.0,R,5.0,R,1.0,R,20.0,R,3.0,R,0.0,R,3.0,R,0.0,R,0.0,R,39
134228,2010,A,,A,,A,,R,21.0,R,0.0,R,21.0,R,4.0,R,19.0,R,3.0,Z,0.0,R,3.0,R,1.0,R,33.0,R,8
134237,2010,A,,A,,A,,R,2273.0,R,4.0,R,2269.0,R,1591.0,R,70.0,R,0.0,R,0.0,R,0.0,R,0.0,A,,R,17
134291,2010,A,,A,,A,,R,333.0,R,1.0,R,332.0,R,129.0,R,39.0,R,109.0,R,0.0,R,109.0,R,57.0,R,52.0,R,18
134307,2010,A,,A,,A,,R,112.0,R,0.0,R,112.0,R,65.0,R,58.0,R,65.0,R,0.0,R,65.0,R,34.0,R,52.0,R,32
134343,2010,R,700.0,R,1620.0,R,43.0,R,0.0,R,0.0,R,0.0,R,0.0,A,,R,0.0,R,0.0,R,0.0,R,0.0,A,,R,22
134422,2010,R,39.0,R,76.0,R,51.0,R,39.0,R,0.0,R,39.0,R,29.0,R,74.0,R,0.0,R,0.0,R,0.0,R,0.0,A,,R,11
134495,2010,R,2865.0,R,6439.0,R,44.0,R,2961.0,R,0.0,R,2961.0,R,1841.0,R,62.0,R,1638.0,R,0.0,R,1638.0,R,809.0,R,49.0,R,25
134510,2010,R,19.0,R,32.0,R,59.0,R,13.0,R,0.0,R,13.0,R,10.0,R,77.0,R,0.0,R,0.0,R,0.0,R,0.0,A,,R,9
134529,2010,A,,A,,A,,R,26.0,R,0.0,R,26.0,R,21.0,R,81.0,R,0.0,R,0.0,R,0.0,R,0.0,A,,R,22
134574,2010,A,,A,,A,,A,,A,,A,,A,,A,,A,,A,,A,,A,,A,,R,24
134608,2010,R,1761.0,R,3661.0,R,48.0,R,0.0,R,0.0,R,0.0,R,0.0,A,,R,0.0,R,0.0,R,0.0,R,0.0,A,,R,22
134680,2010,R,126.0,R,267.0,R,47.0,R,78.0,R,0.0,R,78.0,R,26.0,R,33.0,R,73.0,R,0.0,R,73.0,R,27.0,R,37.0,R,21
134714,2010,A,,A,,A,,R,54.0,R,1.0,R,53.0,R,42.0,R,79.0,R,51.0,R,0.0,R,51.0,R,36.0,R,71.0,R,11
134811,2010,R,609.0,R,1130.0,R,54.0,R,561.0,R,4.0,R,557.0,R,302.0,R,54.0,R,47.0,R,2.0,R,45.0,R,20.0,R,44.0,R,20
134875,2010,A,,A,,A,,R,306.0,R,0.0,R,306.0,R,187.0,R,61.0,R,0.0,R,0.0,R,0.0,R,0.0,A,,R,21
134909,2010,R,94.0,R,143.0,R,66.0,R,0.0,R,0.0,R,0.0,R,0.0,A,,R,0.0,R,0.0,R,0.0,R,0.0,A,,R,23
134945,2010,R,624.0,R,1236.0,R,50.0,R,662.0,Z,0.0,R,662.0,R,395.0,R,60.0,R,3.0,Z,0.0,R,3.0,R,1.0,R,33.0,R,14
135063,2010,R,14.0,R,91.0,R,15.0,R,8.0,R,0.0,R,8.0,R,6.0,R,75.0,R,4.0,R,0.0,R,4.0,R,2.0,R,50.0,R,9
135081,2010,R,2815.0,R,4155.0,R,68.0,R,3092.0,R,0.0,R,3092.0,R,1844.0,R,60.0,R,994.0,R,0.0,R,994.0,R,781.0,R,79.0,R,20
135124,2010,A,,A,,A,,R,269.0,R,3.0,R,266.0,R,229.0,R,86.0,R,0.0,R,0.0,R,0.0,R,0.0,A,,R,37
135142,2010,A,,A,,A,,R,24.0,R,0.0,R,24.0,R,20.0,R,83.0,R,51.0,R,0.0,R,51.0,R,48.0,R,94.0,R,24
135160,2010,R,360.0,R,762.0,R,47.0,R,420.0,R,0.0,R,420.0,R,220.0,R,52.0,R,268.0,R,0.0,R,268.0,R,100.0,R,37.0,R,13
135179,2010,A,,A,,A,,R,190.0,Z,0.0,R,190.0,R,109.0,R,57.0,R,78.0,Z,0.0,R,78.0,R,51.0,R,65.0,R,14
135188,2010,R,602.0,R,1030.0,R,58.0,R,583.0,R,0.0,R,583.0,R,362.0,R,62.0,R,398.0,R,0.0,R,398.0,R,189.0,R,47.0,R,17
135267,2010,A,,A,,A,,R,218.0,R,0.0,R,218.0,R,146.0,R,67.0,R,0.0,R,0.0,R,0.0,R,0.0,A,,R,22
135276,2010,A,,A,,A,,R,343.0,R,0.0,R,343.0,R,207.0,R,60.0,R,312.0,R,0.0,R,312.0,R,91.0,R,29.0,R,18
135294,2010,A,,A,,A,,R,177.0,R,0.0,R,177.0,R,48.0,R,27.0,R,264.0,R,0.0,R,264.0,R,54.0,R,20.0,R,19
135337,2010,A,,A,,A,,R,27.0,R,0.0,R,27.0,R,6.0,R,22.0,R,18.0,R,0.0,R,18.0,R,9.0,R,50.0,R,20
135364,2010,R,5.0,R,19.0,R,26.0,P,4.0,P,0.0,P,4.0,P,2.0,P,50.0,P,11.0,P,0.0,P,11.0,P,9.0,P,82.0,R,34
135391,2010,R,1378.0,R,2880.0,R,48.0,R,0.0,R,0.0,R,0.0,R,0.0,A,,R,0.0,R,0.0,R,0.0,R,0.0,A,,R,24
135407,2010,A,,A,,A,,R,140.0,R,0.0,R,140.0,R,79.0,R,56.0,R,59.0,R,0.0,R,59.0,R,31.0,R,53.0,R,8
135416,2010,A,,A,,A,,R,203.0,R,0.0,R,203.0,R,134.0,R,66.0,R,0.0,R,0.0,R,0.0,R,0.0,A,,R,13
135434,2010,A,,A,,A,,R,109.0,R,0.0,R,109.0,R,85.0,R,78.0,R,1.0,R,0.0,R,1.0,R,0.0,R,0.0,R,12
135522,2010,A,,A,,A,,R,268.0,R,30.0,R,238.0,R,85.0,R,36.0,R,48.0,R,10.0,R,38.0,R,25.0,R,66.0,R,5
135610,2010,R,2.0,R,49.0,R,4.0,R,0.0,R,0.0,R,0.0,R,0.0,A,,R,10.0,R,0.0,R,10.0,R,7.0,R,70.0,R,9
135647,2010,A,,A,,A,,R,364.0,R,0.0,R,364.0,R,208.0,R,57.0,R,107.0,R,0.0,R,107.0,R,50.0,R,47.0,R,30
135717,2010,R,8241.0,R,14558.0,R,57.0,R,0.0,R,0.0,R,0.0,R,0.0,A,,R,0.0,R,0.0,R,0.0,R,0.0,A,,R,24
135726,2010,R,2106.0,R,3107.0,R,68.0,R,1905.0,R,0.0,R,1905.0,R,1708.0,R,90.0,R,101.0,R,0.0,R,101.0,R,93.0,R,92.0,R,11
135735,2010,A,,A,,A,,R,627.0,R,0.0,R,627.0,R,539.0,R,86.0,R,241.0,R,0.0,R,241.0,R,184.0,R,76.0,R,11
135771,2010,A,,A,,A,,R,163.0,R,0.0,R,163.0,R,136.0,R,83.0,Z,0.0,Z,0.0,Z,0.0,Z,0.0,A,,R,24
135939,2010,A,,A,,A,,R,107.0,Z,0.0,R,107.0,R,71.0,R,66.0,Z,0.0,Z,0.0,Z,0.0,Z,0.0,A,,R,14
135957,2010,A,,A,,A,,R,138.0,R,0.0,R,138.0,R,78.0,R,57.0,R,18.0,R,0.0,R,18.0,R,10.0,R,56.0,R,33
136011,2010,A,,A,,A,,R,122.0,R,0.0,R,122.0,R,65.0,R,53.0,R,16.0,R,0.0,R,16.0,R,6.0,R,38.0,R,26
136048,2010,A,,A,,A,,R,34.0,R,0.0,R,34.0,R,31.0,R,91.0,R,33.0,R,0.0,R,33.0,R,31.0,R,94.0,R,9
136066,2010,R,374.0,R,433.0,R,86.0,R,5.0,R,0.0,R,5.0,R,3.0,R,60.0,R,0.0,R,0.0,R,0.0,R,0.0,A,,R,27
136075,2010,R,161.0,R,222.0,R,73.0,R,58.0,R,0.0,R,58.0,R,52.0,R,90.0,R,0.0,R,0.0,R,0.0,R,0.0,A,,R,15
136109,2010,A,,A,,A,,R,38.0,Z,0.0,R,38.0,R,32.0,R,84.0,R,11.0,Z,0.0,R,11.0,R,9.0,R,82.0,R,15
136145,2010,R,212.0,R,359.0,R,59.0,R,158.0,R,0.0,R,158.0,R,105.0,R,66.0,R,71.0,R,0.0,R,71.0,R,30.0,R,42.0,R,22
136172,2010,R,1930.0,R,3773.0,R,51.0,R,2011.0,R,0.0,R,2011.0,R,1670.0,R,83.0,R,216.0,R,0.0,R,216.0,R,163.0,R,75.0,R,21
136206,2010,R,105.0,R,286.0,R,37.0,R,95.0,Z,0.0,R,95.0,R,64.0,R,67.0,R,3.0,Z,0.0,R,3.0,R,0.0,R,0.0,R,15
136215,2010,R,710.0,R,2066.0,R,34.0,R,583.0,Z,0.0,R,583.0,R,401.0,R,69.0,R,69.0,Z,0.0,R,69.0,R,23.0,R,33.0,R,22
136233,2010,R,754.0,R,1841.0,R,41.0,R,0.0,R,0.0,R,0.0,R,0.0,A,,R,0.0,R,0.0,R,0.0,R,0.0,A,,R,27
136251,2010,A,,A,,A,,R,19.0,Z,0.0,R,19.0,R,14.0,R,74.0,R,3.0,Z,0.0,R,3.0,R,2.0,R,67.0,R,14
136288,2010,A,,A,,A,,R,3.0,R,0.0,R,3.0,R,0.0,R,0.0,R,4.0,R,0.0,R,4.0,R,1.0,R,25.0,R,36
136303,2010,A,,A,,A,,R,183.0,R,0.0,R,183.0,R,127.0,R,69.0,R,266.0,Z,0.0,R,266.0,R,143.0,R,54.0,R,12
136330,2010,R,445.0,R,1196.0,R,37.0,R,422.0,R,0.0,R,422.0,R,270.0,R,64.0,R,0.0,R,0.0,R,0.0,R,0.0,A,,R,13
136358,2010,R,2851.0,R,7051.0,R,40.0,R,0.0,R,0.0,R,0.0,R,0.0,A,,R,0.0,R,0.0,R,0.0,R,0.0,A,,R,26
136400,2010,R,1487.0,R,2968.0,R,50.0,R,1399.0,R,0.0,R,1399.0,R,927.0,R,66.0,R,903.0,R,0.0,R,903.0,R,459.0,R,51.0,R,31
136473,2010,R,1242.0,R,2712.0,R,46.0,R,0.0,R,0.0,R,0.0,R,0.0,A,,R,0.0,R,0.0,R,0.0,R,0.0,A,,R,25
136491,2010,A,,A,,A,,R,166.0,R,0.0,R,166.0,R,128.0,R,77.0,R,5.0,R,0.0,R,5.0,R,4.0,R,80.0,R,16
136516,2010,R,1201.0,R,2603.0,R,46.0,R,0.0,R,0.0,R,0.0,R,0.0,A,,R,0.0,R,0.0,R,0.0,R,0.0,A,,R,19
136659,2010,A,,A,,A,,R,65.0,R,0.0,R,65.0,R,61.0,R,94.0,R,126.0,R,0.0,R,126.0,R,7.0,R,6.0,R,8
136738,2010,A,,A,,A,,R,376.0,Z,0.0,R,376.0,R,228.0,R,61.0,Z,0.0,Z,0.0,Z,0.0,Z,0.0,A,,R,40
136747,2010,A,,A,,A,,R,549.0,Z,0.0,R,549.0,R,356.0,R,65.0,Z,0.0,Z,0.0,Z,0.0,Z,0.0,A,,R,33
136765,2010,A,,A,,A,,R,266.0,R,0.0,R,266.0,R,226.0,R,85.0,R,95.0,R,0.0,R,95.0,R,82.0,R,86.0,R,20
136774,2010,R,317.0,R,410.0,R,77.0,R,319.0,R,0.0,R,319.0,R,261.0,R,82.0,R,0.0,R,0.0,R,0.0,R,0.0,A,,R,12
136783,2010,A,,A,,A,,R,10.0,R,0.0,R,10.0,R,8.0,R,80.0,R,24.0,R,0.0,R,24.0,R,18.0,R,75.0,R,13
136826,2010,A,,A,,A,,R,124.0,R,0.0,R,124.0,R,49.0,R,40.0,R,179.0,R,0.0,R,179.0,R,63.0,R,35.0,R,18
136950,2010,R,469.0,R,533.0,R,88.0,R,464.0,R,0.0,R,464.0,R,380.0,R,82.0,R,0.0,R,0.0,R,0.0,R,0.0,A,,R,10
137023,2010,A,,A,,A,,R,174.0,R,0.0,R,174.0,R,142.0,R,82.0,R,72.0,R,0.0,R,72.0,R,71.0,R,99.0,R,13
137032,2010,R,539.0,R,3636.0,R,15.0,R,486.0,R,0.0,R,486.0,R,336.0,R,69.0,R,2.0,R,0.0,R,2.0,R,0.0,R,0.0,R,16
137078,2010,R,2322.0,R,6873.0,R,34.0,R,0.0,R,0.0,R,0.0,R,0.0,A,,R,0.0,R,0.0,R,0.0,R,0.0,A,,R,22
137087,2010,A,,A,,A,,R,880.0,R,0.0,R,880.0,R,805.0,R,91.0,R,0.0,R,0.0,R,0.0,R,0.0,A,,R,33
137096,2010,R,1394.0,R,4922.0,R,28.0,R,0.0,R,0.0,R,0.0,R,0.0,A,,R,0.0,R,0.0,R,0.0,R,0.0,A,,R,25
137120,2010,A,,A,,A,,R,221.0,R,0.0,R,221.0,R,141.0,R,64.0,R,114.0,R,1.0,R,113.0,R,70.0,R,62.0,R,3
137148,2010,R,8.0,R,28.0,R,29.0,R,2.0,R,0.0,R,2.0,R,1.0,R,50.0,R,16.0,R,0.0,R,16.0,R,10.0,R,63.0,R,9
137209,2010,R,2574.0,R,4597.0,R,56.0,R,0.0,R,0.0,R,0.0,R,0.0,A,,R,0.0,R,0.0,R,0.0,R,0.0,A,,R,29
137245,2010,A,,A,,A,,R,975.0,R,0.0,R,975.0,R,445.0,R,46.0,R,0.0,R,0.0,R,0.0,R,0.0,A,,R,12
137272,2010,R,6.0,R,16.0,R,38.0,R,6.0,R,0.0,R,6.0,R,4.0,R,67.0,Z,0.0,Z,0.0,Z,0.0,Z,0.0,A,,R,8
137281,2010,R,755.0,R,1820.0,R,41.0,R,0.0,R,0.0,R,0.0,R,0.0,A,,R,0.0,R,0.0,R,0.0,R,0.0,A,,R,16
137315,2010,R,335.0,R,592.0,R,57.0,R,383.0,R,0.0,R,383.0,R,224.0,R,58.0,R,224.0,R,0.0,R,224.0,R,113.0,R,50.0,R,15
137351,2010,R,4392.0,R,7843.0,R,56.0,R,3773.0,R,0.0,R,3773.0,R,3317.0,R,88.0,R,84.0,R,0.0,R,84.0,R,61.0,R,73.0,R,28
137476,2010,R,268.0,R,426.0,R,63.0,R,238.0,R,0.0,R,238.0,R,165.0,R,69.0,R,3.0,R,0.0,R,3.0,R,1.0,R,33.0,R,14
137537,2010,R,6.0,R,17.0,R,35.0,R,12.0,R,0.0,R,12.0,R,8.0,R,67.0,R,7.0,R,0.0,R,7.0,R,4.0,R,57.0,R,16
137546,2010,R,546.0,R,673.0,R,81.0,R,502.0,R,0.0,R,502.0,R,384.0,R,76.0,R,0.0,R,0.0,R,0.0,R,0.0,A,,R,11
137564,2010,R,508.0,R,833.0,R,61.0,R,556.0,R,0.0,R,556.0,R,353.0,R,63.0,R,13.0,R,0.0,R,13.0,R,1.0,R,8.0,R,20
137591,2010,A,,A,,A,,R,83.0,R,0.0,R,83.0,R,66.0,R,80.0,R,0.0,R,0.0,R,0.0,R,0.0,A,,R,10
137713,2010,A,,A,,A,,R,85.0,Z,0.0,R,85.0,R,66.0,R,78.0,R,6.0,Z,0.0,R,6.0,R,6.0,R,100.0,R,6
137759,2010,R,2559.0,R,5143.0,R,50.0,R,2549.0,R,0.0,R,2549.0,R,1452.0,R,57.0,R,779.0,R,0.0,R,779.0,R,374.0,R,48.0,R,25
137777,2010,R,12.0,R,14.0,R,86.0,R,6.0,R,0.0,R,6.0,R,4.0,R,67.0,R,0.0,R,0.0,R,0.0,R,0.0,A,,R,6
137801,2010,A,,A,,A,,R,1.0,R,0.0,R,1.0,R,1.0,R,100.0,R,5.0,R,0.0,R,5.0,R,3.0,R,60.0,R,39
137810,2010,A,,A,,A,,R,0.0,R,0.0,R,0.0,R,0.0,A,,R,2.0,R,0.0,R,2.0,R,1.0,R,50.0,R,19
137847,2010,R,1348.0,R,1852.0,R,73.0,R,1413.0,R,1.0,R,1412.0,R,977.0,R,69.0,R,5.0,R,0.0,R,5.0,R,3.0,R,60.0,R,17
137856,2010,A,,A,,A,,R,85.0,R,0.0,R,85.0,R,65.0,R,76.0,R,65.0,R,0.0,R,65.0,R,51.0,R,78.0,R,20
137865,2010,A,,A,,A,,R,93.0,R,0.0,R,93.0,R,40.0,R,43.0,R,63.0,R,0.0,R,63.0,R,25.0,R,40.0,R,13
137892,2010,A,,A,,A,,R,328.0,Z,0.0,R,328.0,R,154.0,R,47.0,Z,0.0,Z,0.0,Z,0.0,Z,0.0,A,,R,33
137953,2010,R,63.0,R,78.0,R,81.0,R,80.0,R,0.0,R,80.0,R,31.0,R,39.0,R,3.0,R,0.0,R,3.0,R,0.0,R,0.0,R,10
137962,2010,R,31.0,R,83.0,R,37.0,R,32.0,R,0.0,R,32.0,R,13.0,R,41.0,R,4.0,R,0.0,R,4.0,R,1.0,R,25.0,R,12
138132,2010,A,,A,,A,,R,12.0,R,0.0,R,12.0,R,12.0,R,100.0,R,15.0,R,0.0,R,15.0,R,11.0,R,73.0,R,9
138187,2010,R,5117.0,R,14084.0,R,36.0,R,5239.0,R,0.0,R,5239.0,R,3681.0,R,70.0,R,2033.0,R,0.0,R,2033.0,R,1142.0,R,56.0,R,35
138275,2010,R,172.0,R,318.0,R,54.0,R,138.0,R,0.0,R,138.0,R,93.0,R,67.0,R,3.0,R,0.0,R,3.0,R,0.0,R,0.0,R,13
138284,2010,A,,A,,A,,R,315.0,R,0.0,R,315.0,R,75.0,R,24.0,R,288.0,R,0.0,R,288.0,R,66.0,R,23.0,R,12
138293,2010,R,175.0,R,289.0,R,61.0,R,172.0,R,0.0,R,172.0,R,86.0,R,50.0,R,1.0,Z,0.0,R,1.0,R,0.0,R,0.0,R,24
138309,2010,R,209.0,R,1220.0,R,17.0,R,263.0,Z,0.0,R,263.0,R,106.0,R,40.0,R,91.0,Z,0.0,R,91.0,R,32.0,R,35.0,R,21
138354,2010,R,1181.0,R,2950.0,R,40.0,R,1113.0,R,1.0,R,1112.0,R,810.0,R,73.0,R,75.0,R,0.0,R,75.0,R,54.0,R,72.0,R,23
138372,2010,A,,A,,A,,R,240.0,R,0.0,R,240.0,R,118.0,R,49.0,R,266.0,R,0.0,R,266.0,R,55.0,R,21.0,R,12
138479,2010,A,,A,,A,,R,557.0,R,0.0,R,557.0,R,337.0,R,61.0,R,0.0,R,0.0,R,0.0,R,0.0,A,,R,5
138488,2010,A,,A,,A,,R,163.0,R,0.0,R,163.0,R,117.0,R,72.0,R,147.0,R,0.0,R,147.0,R,75.0,R,51.0,R,8
138497,2010,A,,A,,A,,R,86.0,R,0.0,R,86.0,R,62.0,R,72.0,R,51.0,R,0.0,R,51.0,R,32.0,R,63.0,R,16
138558,2010,R,1114.0,R,1458.0,R,76.0,R,31.0,R,0.0,R,31.0,R,21.0,R,68.0,R,1.0,R,0.0,R,1.0,R,0.0,R,0.0,R,29
138594,2010,A,,A,,A,,A,,A,,A,,A,,A,,A,,A,,A,,A,,A,,R,18
138600,2010,R,268.0,R,334.0,R,80.0,R,238.0,R,0.0,R,238.0,R,189.0,R,79.0,R,0.0,R,0.0,R,0.0,R,0.0,A,,R,10
138655,2010,R,130.0,R,135.0,R,96.0,R,98.0,R,0.0,R,98.0,R,64.0,R,65.0,R,4.0,R,0.0,R,4.0,R,3.0,R,75.0,R,25
138664,2010,A,,A,,A,,R,36.0,Z,0.0,R,36.0,R,19.0,R,53.0,Z,0.0,Z,0.0,Z,0.0,Z,0.0,A,,R,13
138682,2010,R,553.0,R,1271.0,R,44.0,R,658.0,R,0.0,R,658.0,R,387.0,R,59.0,R,181.0,R,0.0,R,181.0,R,86.0,R,48.0,R,36
138691,2010,R,1040.0,R,2278.0,R,46.0,R,1117.0,R,0.0,R,1117.0,R,499.0,R,45.0,R,347.0,R,0.0,R,347.0,R,142.0,R,41.0,R,21
138716,2010,R,883.0,R,1181.0,R,75.0,R,745.0,R,0.0,R,745.0,R,533.0,R,72.0,R,15.0,R,0.0,R,15.0,R,10.0,R,67.0,R,21
138761,2010,R,154.0,R,169.0,R,91.0,R,154.0,R,0.0,R,154.0,R,73.0,R,47.0,Z,0.0,Z,0.0,Z,0.0,Z,0.0,A,,R,12
138789,2010,R,1161.0,R,2116.0,R,55.0,R,963.0,R,0.0,R,963.0,R,692.0,R,72.0,R,153.0,R,0.0,R,153.0,R,80.0,R,52.0,R,19
138813,2010,R,959.0,R,1387.0,R,69.0,R,908.0,R,0.0,R,908.0,R,465.0,R,51.0,R,186.0,R,0.0,R,186.0,R,47.0,R,25.0,R,20
138822,2010,A,,A,,A,,R,760.0,R,0.0,R,760.0,R,556.0,R,73.0,Z,0.0,Z,0.0,Z,0.0,Z,0.0,A,,R,24
138840,2010,R,488.0,R,1139.0,R,43.0,R,579.0,R,0.0,R,579.0,R,303.0,R,52.0,R,451.0,R,0.0,R,451.0,R,203.0,R,45.0,R,24
138868,2010,R,91.0,R,209.0,R,44.0,R,110.0,Z,0.0,R,110.0,R,76.0,R,69.0,R,1.0,Z,0.0,R,1.0,R,1.0,R,100.0,R,25
138901,2010,R,473.0,R,1276.0,R,37.0,R,418.0,R,0.0,R,418.0,R,218.0,R,52.0,R,146.0,R,0.0,R,146.0,R,57.0,R,39.0,R,23
138938,2010,A,,A,,A,,R,29.0,R,0.0,R,29.0,R,26.0,R,90.0,R,21.0,Z,0.0,R,21.0,R,17.0,R,81.0,R,20
138947,2010,R,842.0,R,1063.0,R,79.0,R,702.0,R,0.0,R,702.0,R,464.0,R,66.0,R,1.0,R,0.0,R,1.0,R,0.0,R,0.0,R,17
138956,2010,R,626.0,R,1495.0,R,42.0,R,508.0,R,0.0,R,508.0,R,254.0,R,50.0,R,294.0,R,0.0,R,294.0,R,122.0,R,41.0,R,20
138983,2010,R,933.0,R,1619.0,R,58.0,R,1006.0,R,1.0,R,1005.0,R,689.0,R,69.0,R,81.0,R,0.0,R,81.0,R,28.0,R,35.0,R,17
139010,2010,R,567.0,R,1122.0,R,51.0,R,523.0,R,0.0,R,523.0,R,297.0,R,57.0,R,251.0,R,0.0,R,251.0,R,133.0,R,53.0,R,25
139074,2010,A,,A,,A,,R,72.0,Z,0.0,R,72.0,R,24.0,R,33.0,R,23.0,Z,0.0,R,23.0,R,5.0,R,22.0,R,20
139092,2010,A,,A,,A,,R,15.0,R,0.0,R,15.0,R,7.0,R,47.0,R,0.0,R,0.0,R,0.0,R,0.0,A,,R,14
139144,2010,R,653.0,R,694.0,R,94.0,R,569.0,R,0.0,R,569.0,R,443.0,R,78.0,R,0.0,R,0.0,R,0.0,R,0.0,A,,R,12
139153,2010,R,32.0,R,229.0,R,14.0,R,66.0,R,0.0,R,66.0,R,40.0,R,61.0,R,39.0,R,15.0,R,24.0,R,7.0,R,29.0,R,15
139199,2010,R,181.0,R,533.0,R,34.0,R,159.0,R,0.0,R,159.0,R,115.0,R,72.0,Z,0.0,Z,0.0,Z,0.0,Z,0.0,A,,R,11
139205,2010,R,131.0,R,335.0,R,39.0,R,193.0,R,0.0,R,193.0,R,76.0,R,39.0,R,2.0,R,0.0,R,2.0,R,1.0,R,50.0,R,11
139214,2010,R,10.0,R,34.0,R,29.0,R,11.0,R,0.0,R,11.0,R,7.0,R,64.0,R,5.0,R,0.0,R,5.0,R,2.0,R,40.0,R,10
139250,2010,R,625.0,R,1157.0,R,54.0,R,59.0,R,0.0,R,59.0,R,52.0,R,88.0,R,14.0,R,0.0,R,14.0,R,7.0,R,50.0,R,23
139278,2010,R,911.0,R,2287.0,R,40.0,R,795.0,R,0.0,R,795.0,R,405.0,R,51.0,R,698.0,R,0.0,R,698.0,R,291.0,R,42.0,R,25
139287,2010,R,34.0,R,39.0,R,87.0,R,18.0,Z,0.0,R,18.0,R,8.0,R,44.0,R,3.0,Z,0.0,R,3.0,R,2.0,R,67.0,R,15
139311,2010,R,457.0,R,1731.0,R,26.0,R,342.0,R,0.0,R,342.0,R,206.0,R,60.0,R,197.0,R,0.0,R,197.0,R,98.0,R,50.0,R,18
139357,2010,R,467.0,R,1459.0,R,32.0,R,478.0,R,0.0,R,478.0,R,201.0,R,42.0,R,377.0,R,0.0,R,377.0,R,172.0,R,46.0,R,26
139366,2010,R,1154.0,R,2054.0,R,56.0,R,1216.0,R,19.0,R,1197.0,R,834.0,R,70.0,R,91.0,R,11.0,R,80.0,R,42.0,R,53.0,R,19
139384,2010,R,849.0,R,2434.0,R,35.0,R,811.0,R,0.0,R,811.0,R,459.0,R,57.0,R,524.0,R,0.0,R,524.0,R,212.0,R,40.0,R,27
139393,2010,R,269.0,R,556.0,R,48.0,R,277.0,R,0.0,R,277.0,R,219.0,R,79.0,R,0.0,R,0.0,R,0.0,R,0.0,A,,R,14
139463,2010,R,1156.0,R,1802.0,R,64.0,R,300.0,R,0.0,R,300.0,R,212.0,R,71.0,R,36.0,R,0.0,R,36.0,R,22.0,R,61.0,R,23
139506,2010,A,,A,,A,,R,85.0,R,0.0,R,85.0,R,56.0,R,66.0,R,0.0,R,0.0,R,0.0,R,0.0,A,,R,15
139533,2010,R,313.0,R,2247.0,R,14.0,R,253.0,R,0.0,R,253.0,R,115.0,R,45.0,R,182.0,R,0.0,R,182.0,R,73.0,R,40.0,R,34
139579,2010,R,3413.0,R,7936.0,R,43.0,R,1047.0,Z,0.0,R,1047.0,R,177.0,R,17.0,R,621.0,R,2.0,R,619.0,R,159.0,R,26.0,R,22
139621,2010,R,1074.0,R,1419.0,R,76.0,R,990.0,R,0.0,R,990.0,R,585.0,R,59.0,R,91.0,R,0.0,R,91.0,R,39.0,R,43.0,R,29
139630,2010,R,196.0,R,318.0,R,62.0,R,158.0,R,0.0,R,158.0,R,102.0,R,65.0,R,4.0,R,0.0,R,4.0,R,4.0,R,100.0,R,14
139658,2010,R,1875.0,R,2208.0,R,85.0,R,1297.0,R,10.0,R,1287.0,R,1215.0,R,94.0,R,0.0,R,0.0,R,0.0,R,0.0,A,,R,7
139700,2010,R,1125.0,R,1918.0,R,59.0,R,1124.0,R,2.0,R,1122.0,R,677.0,R,60.0,R,158.0,R,0.0,R,158.0,R,63.0,R,40.0,R,22
139719,2010,R,840.0,R,1093.0,R,77.0,R,984.0,R,0.0,R,984.0,R,625.0,R,64.0,R,36.0,R,0.0,R,36.0,R,11.0,R,31.0,R,20
139746,2010,A,,A,,A,,A,,A,,A,,A,,A,,A,,A,,A,,A,,A,,R,16
139755,2010,R,2706.0,R,3694.0,R,73.0,R,2655.0,R,0.0,R,2655.0,R,2503.0,R,94.0,R,6.0,R,0.0,R,6.0,R,4.0,R,67.0,R,18
139764,2010,R,474.0,R,1006.0,R,47.0,R,435.0,R,0.0,R,435.0,R,289.0,R,66.0,R,28.0,R,0.0,R,28.0,R,12.0,R,43.0,R,20
139773,2010,R,2071.0,R,3402.0,R,61.0,R,4.0,R,0.0,R,4.0,R,3.0,R,75.0,R,2.0,R,0.0,R,2.0,R,2.0,R,100.0,R,26
139861,2010,R,1202.0,R,1706.0,R,70.0,R,1206.0,R,0.0,R,1206.0,R,1031.0,R,85.0,R,0.0,R,0.0,R,0.0,R,0.0,A,,R,17
139904,2010,R,395.0,R,629.0,R,63.0,R,340.0,R,0.0,R,340.0,R,183.0,R,54.0,R,9.0,R,0.0,R,9.0,R,3.0,R,33.0,R,29
139931,2010,R,3597.0,R,5325.0,R,68.0,R,3492.0,R,2.0,R,3490.0,R,2776.0,R,80.0,R,47.0,R,0.0,R,47.0,R,32.0,R,68.0,R,23
139940,2010,R,2853.0,R,6075.0,R,47.0,R,2937.0,R,0.0,R,2937.0,R,2468.0,R,84.0,R,89.0,R,0.0,R,89.0,R,63.0,R,71.0,R,20
139959,2010,R,4667.0,R,6181.0,R,76.0,R,4676.0,R,0.0,R,4676.0,R,4398.0,R,94.0,R,9.0,R,0.0,R,9.0,R,7.0,R,78.0,R,19
139968,2010,R,1594.0,R,2119.0,R,75.0,R,0.0,R,0.0,R,0.0,R,0.0,A,,R,0.0,R,0.0,R,0.0,R,0.0,A,,R,27
139986,2010,R,719.0,R,2147.0,R,33.0,R,849.0,R,0.0,R,849.0,R,403.0,R,47.0,R,463.0,R,0.0,R,463.0,R,180.0,R,39.0,R,29
139995,2010,R,119.0,R,119.0,R,100.0,R,127.0,R,0.0,R,127.0,R,85.0,R,67.0,R,0.0,R,0.0,R,0.0,R,0.0,A,,R,30
140003,2010,R,89.0,R,111.0,R,80.0,R,76.0,R,0.0,R,76.0,R,50.0,R,66.0,R,38.0,R,0.0,R,38.0,R,24.0,R,63.0,R,22
140012,2010,R,554.0,R,1716.0,R,32.0,R,677.0,R,0.0,R,677.0,R,369.0,R,55.0,R,400.0,R,0.0,R,400.0,R,178.0,R,45.0,R,31
140076,2010,R,157.0,R,395.0,R,40.0,R,214.0,R,0.0,R,214.0,R,117.0,R,55.0,R,138.0,R,0.0,R,138.0,R,44.0,R,32.0,R,17
140085,2010,R,968.0,R,1852.0,R,52.0,R,670.0,R,0.0,R,670.0,R,333.0,R,50.0,R,182.0,R,0.0,R,182.0,R,69.0,R,38.0,R,30
140164,2010,R,2895.0,R,5730.0,R,51.0,R,2723.0,R,0.0,R,2723.0,R,2097.0,R,77.0,R,137.0,R,0.0,R,137.0,R,73.0,R,53.0,R,21
140234,2010,R,174.0,R,257.0,R,68.0,R,231.0,R,2.0,R,229.0,R,142.0,R,62.0,R,2.0,R,0.0,R,2.0,R,0.0,R,0.0,R,10
140243,2010,R,424.0,R,1066.0,R,40.0,R,575.0,R,0.0,R,575.0,R,343.0,R,60.0,R,431.0,R,0.0,R,431.0,R,211.0,R,49.0,R,23
140252,2010,R,153.0,R,227.0,R,67.0,R,164.0,R,0.0,R,164.0,R,123.0,R,75.0,R,44.0,R,0.0,R,44.0,R,22.0,R,50.0,R,18
140304,2010,R,1099.0,R,2223.0,R,49.0,R,941.0,R,0.0,R,941.0,R,518.0,R,55.0,R,458.0,R,0.0,R,458.0,R,160.0,R,35.0,R,29
140322,2010,R,821.0,R,1766.0,R,46.0,R,134.0,R,0.0,R,134.0,R,89.0,R,66.0,R,21.0,R,0.0,R,21.0,R,10.0,R,48.0,R,22
140331,2010,R,1520.0,R,5117.0,R,30.0,R,1187.0,R,0.0,R,1187.0,R,602.0,R,51.0,R,746.0,R,0.0,R,746.0,R,294.0,R,39.0,R,34
140340,2010,R,30.0,R,130.0,R,23.0,R,50.0,R,0.0,R,50.0,R,23.0,R,46.0,R,12.0,R,0.0,R,12.0,R,3.0,R,25.0,R,18
140401,2010,A,,A,,A,,A,,A,,A,,A,,A,,A,,A,,A,,A,,A,,R,16
140447,2010,R,599.0,R,1224.0,R,49.0,R,632.0,R,0.0,R,632.0,R,515.0,R,81.0,R,55.0,R,0.0,R,55.0,R,29.0,R,53.0,R,13
140483,2010,R,953.0,R,1437.0,R,66.0,R,34.0,R,0.0,R,34.0,R,22.0,R,65.0,R,2.0,R,0.0,R,2.0,R,1.0,R,50.0,R,22
140553,2010,R,525.0,R,625.0,R,84.0,R,607.0,R,0.0,R,607.0,R,503.0,R,83.0,R,6.0,Z,0.0,R,6.0,R,0.0,R,0.0,R,14
140599,2010,R,298.0,R,450.0,R,66.0,R,323.0,R,0.0,R,323.0,R,176.0,R,54.0,R,158.0,R,0.0,R,158.0,R,46.0,R,29.0,R,22
140669,2010,R,1030.0,R,1617.0,R,64.0,R,814.0,R,2.0,R,812.0,R,647.0,R,80.0,R,8.0,R,0.0,R,8.0,R,3.0,R,38.0,R,18
140678,2010,R,562.0,R,1083.0,R,52.0,R,635.0,R,0.0,R,635.0,R,348.0,R,55.0,R,183.0,R,0.0,R,183.0,R,77.0,R,42.0,R,23
140696,2010,R,232.0,R,310.0,R,75.0,R,232.0,R,0.0,R,232.0,R,178.0,R,77.0,R,0.0,R,0.0,R,0.0,R,0.0,A,,R,16
140720,2010,R,215.0,R,266.0,R,81.0,R,274.0,R,0.0,R,274.0,R,178.0,R,65.0,R,0.0,R,0.0,R,0.0,R,0.0,A,,R,12
140818,2010,R,285.0,R,400.0,R,71.0,R,215.0,R,0.0,R,215.0,R,145.0,R,67.0,R,5.0,R,0.0,R,5.0,R,3.0,R,60.0,R,14
140827,2010,A,,A,,A,,R,4.0,R,0.0,R,4.0,R,2.0,R,50.0,R,0.0,R,0.0,R,0.0,R,0.0,A,,R,6
140872,2010,R,244.0,R,391.0,R,62.0,R,244.0,Z,0.0,R,244.0,R,142.0,R,58.0,R,2.0,Z,0.0,R,2.0,R,0.0,R,0.0,R,12
140942,2010,R,551.0,R,2081.0,R,26.0,R,647.0,R,0.0,R,647.0,R,312.0,R,48.0,R,500.0,R,0.0,R,500.0,R,204.0,R,41.0,R,27
140951,2010,R,1629.0,R,2410.0,R,68.0,R,1632.0,R,1.0,R,1631.0,R,1334.0,R,82.0,R,32.0,R,0.0,R,32.0,R,21.0,R,66.0,R,16
140960,2010,R,953.0,R,1245.0,R,77.0,R,866.0,R,0.0,R,866.0,R,621.0,R,72.0,R,50.0,R,0.0,R,50.0,R,17.0,R,34.0,R,21
140988,2010,R,448.0,R,693.0,R,65.0,R,333.0,R,0.0,R,333.0,R,252.0,R,76.0,R,0.0,R,0.0,R,0.0,R,0.0,A,,R,13
140997,2010,R,838.0,R,1113.0,R,75.0,R,743.0,R,0.0,R,743.0,R,356.0,R,48.0,R,55.0,R,0.0,R,55.0,R,24.0,R,44.0,R,28
141006,2010,R,530.0,R,750.0,R,71.0,R,585.0,R,0.0,R,585.0,R,303.0,R,52.0,R,193.0,R,0.0,R,193.0,R,57.0,R,30.0,R,24
141015,2010,A,,A,,A,,R,2.0,R,0.0,R,2.0,R,2.0,R,100.0,R,3.0,R,0.0,R,3.0,R,0.0,R,0.0,R,8
141060,2010,R,536.0,R,584.0,R,92.0,R,563.0,Z,0.0,R,563.0,R,494.0,R,88.0,R,4.0,Z,0.0,R,4.0,R,4.0,R,100.0,R,10
141097,2010,R,587.0,R,1388.0,R,42.0,R,487.0,R,0.0,R,487.0,R,359.0,R,74.0,R,19.0,R,0.0,R,19.0,R,8.0,R,42.0,R,18
141158,2010,R,131.0,R,712.0,R,18.0,R,161.0,R,0.0,R,161.0,R,81.0,R,50.0,R,118.0,R,0.0,R,118.0,R,56.0,R,47.0,R,15
141167,2010,R,43.0,R,292.0,R,15.0,R,38.0,R,0.0,R,38.0,R,19.0,R,50.0,R,10.0,R,0.0,R,10.0,R,7.0,R,70.0,R,11
141185,2010,R,152.0,R,232.0,R,66.0,R,168.0,R,0.0,R,168.0,R,112.0,R,67.0,R,7.0,R,0.0,R,7.0,R,5.0,R,71.0,R,13
141237,2010,R,162.0,R,495.0,R,33.0,R,136.0,R,0.0,R,136.0,R,84.0,R,62.0,R,1.0,R,0.0,R,1.0,R,0.0,R,0.0,R,13
141255,2010,R,613.0,R,1863.0,R,33.0,R,782.0,R,0.0,R,782.0,R,367.0,R,47.0,R,462.0,R,0.0,R,462.0,R,142.0,R,31.0,R,27
141264,2010,R,2528.0,R,3443.0,R,73.0,R,2403.0,R,0.0,R,2403.0,R,1636.0,R,68.0,R,48.0,R,0.0,R,48.0,R,19.0,R,40.0,R,22
141307,2010,R,250.0,R,541.0,R,46.0,R,267.0,R,0.0,R,267.0,R,144.0,R,54.0,R,62.0,R,0.0,R,62.0,R,26.0,R,42.0,R,22
141325,2010,R,105.0,R,162.0,R,65.0,R,99.0,R,0.0,R,99.0,R,77.0,R,78.0,Z,0.0,Z,0.0,Z,0.0,Z,0.0,A,,R,10
141334,2010,R,1844.0,R,2733.0,R,67.0,R,1911.0,R,2.0,R,1909.0,R,1397.0,R,73.0,R,49.0,R,0.0,R,49.0,R,29.0,R,59.0,R,20
141361,2010,R,329.0,R,392.0,R,84.0,R,337.0,R,0.0,R,337.0,R,227.0,R,67.0,R,14.0,R,0.0,R,14.0,R,9.0,R,64.0,R,11
141468,2010,R,231.0,R,556.0,R,42.0,R,204.0,R,0.0,R,204.0,R,140.0,R,69.0,R,193.0,R,0.0,R,193.0,R,98.0,R,51.0,R,27
141486,2010,R,287.0,R,639.0,R,45.0,R,262.0,R,0.0,R,262.0,R,176.0,R,67.0,R,96.0,R,0.0,R,96.0,R,36.0,R,38.0,R,12
141565,2010,R,393.0,R,1055.0,R,37.0,R,455.0,R,0.0,R,455.0,R,324.0,R,71.0,R,16.0,R,0.0,R,16.0,R,9.0,R,56.0,R,14
141574,2010,R,1811.0,R,3862.0,R,47.0,R,1801.0,R,0.0,R,1801.0,R,1380.0,R,77.0,R,42.0,R,0.0,R,42.0,R,24.0,R,57.0,R,14
141608,2010,A,,A,,A,,R,21.0,R,0.0,R,21.0,R,12.0,R,57.0,R,0.0,R,0.0,R,0.0,R,0.0,A,,R,19
141644,2010,R,599.0,R,1832.0,R,33.0,R,598.0,R,0.0,R,598.0,R,436.0,R,73.0,R,33.0,R,0.0,R,33.0,R,16.0,R,48.0,R,15
141680,2010,R,491.0,R,1926.0,R,25.0,R,528.0,R,0.0,R,528.0,R,287.0,R,54.0,R,284.0,R,0.0,R,284.0,R,97.0,R,34.0,R,18
141796,2010,R,741.0,R,3383.0,R,22.0,R,731.0,R,0.0,R,731.0,R,447.0,R,61.0,R,576.0,R,0.0,R,576.0,R,301.0,R,52.0,R,20
141802,2010,R,164.0,R,513.0,R,32.0,R,217.0,R,0.0,R,217.0,R,134.0,R,62.0,R,80.0,R,0.0,R,80.0,R,31.0,R,39.0,R,12
141811,2010,R,864.0,R,2955.0,R,29.0,R,907.0,R,0.0,R,907.0,R,589.0,R,65.0,R,472.0,R,0.0,R,472.0,R,201.0,R,43.0,R,26
141839,2010,R,548.0,R,1531.0,R,36.0,R,0.0,R,0.0,R,0.0,R,0.0,A,,R,0.0,R,0.0,R,0.0,R,0.0,A,,R,18
141848,2010,A,,A,,A,,A,,A,,A,,A,,A,,A,,A,,A,,A,,A,,R,20
141945,2010,A,,A,,A,,R,71.0,R,1.0,R,70.0,R,66.0,R,94.0,R,0.0,R,0.0,R,0.0,R,0.0,A,,R,14
141981,2010,R,30.0,R,493.0,R,6.0,R,41.0,R,0.0,R,41.0,R,23.0,R,56.0,R,63.0,R,0.0,R,63.0,R,32.0,R,51.0,R,16
141990,2010,R,304.0,R,1175.0,R,26.0,R,276.0,R,0.0,R,276.0,R,150.0,R,54.0,R,166.0,R,0.0,R,166.0,R,67.0,R,40.0,R,19
142054,2010,A,,A,,A,,R,219.0,R,0.0,R,219.0,R,148.0,R,68.0,Z,0.0,Z,0.0,Z,0.0,Z,0.0,A,,R,22
142090,2010,R,56.0,R,77.0,R,73.0,R,52.0,R,0.0,R,52.0,R,28.0,R,54.0,R,0.0,R,0.0,R,0.0,R,0.0,A,,R,16
142115,2010,R,2302.0,R,4013.0,R,57.0,R,2040.0,R,0.0,R,2040.0,R,1405.0,R,69.0,R,192.0,R,0.0,R,192.0,R,89.0,R,46.0,R,21
142179,2010,R,65.0,R,342.0,R,19.0,R,68.0,Z,0.0,R,68.0,R,31.0,R,46.0,R,47.0,Z,0.0,R,47.0,R,17.0,R,36.0,R,4
142276,2010,R,1427.0,R,2255.0,R,63.0,R,693.0,R,0.0,R,693.0,R,428.0,R,62.0,R,551.0,R,0.0,R,551.0,R,273.0,R,50.0,R,16
142285,2010,R,1719.0,R,2541.0,R,68.0,R,1757.0,R,0.0,R,1757.0,R,1416.0,R,81.0,R,23.0,R,0.0,R,23.0,R,10.0,R,43.0,R,18
142294,2010,R,266.0,R,320.0,R,83.0,R,287.0,R,1.0,R,286.0,R,254.0,R,89.0,R,13.0,R,0.0,R,13.0,R,6.0,R,46.0,R,12
142328,2010,R,596.0,R,2003.0,R,30.0,R,437.0,R,0.0,R,437.0,R,227.0,R,52.0,R,22.0,R,0.0,R,22.0,R,10.0,R,45.0,R,18
142337,2010,R,68.0,R,89.0,R,76.0,R,0.0,R,0.0,R,0.0,R,0.0,A,,R,0.0,R,0.0,R,0.0,R,0.0,A,,R,17
142407,2010,A,,A,,A,,R,4.0,R,0.0,R,4.0,R,4.0,R,100.0,R,0.0,R,0.0,R,0.0,R,0.0,A,,R,20
142416,2010,A,,A,,A,,R,30.0,R,0.0,R,30.0,R,22.0,R,73.0,R,0.0,R,0.0,R,0.0,R,0.0,A,,R,20
142443,2010,R,928.0,R,2146.0,R,43.0,R,896.0,R,0.0,R,896.0,R,474.0,R,53.0,R,289.0,R,0.0,R,289.0,R,111.0,R,38.0,R,17
142461,2010,R,267.0,R,391.0,R,68.0,R,254.0,R,0.0,R,254.0,R,174.0,R,69.0,R,0.0,R,0.0,R,0.0,R,0.0,A,,R,13
142489,2010,A,,A,,A,,R,23.0,R,1.0,R,22.0,R,17.0,R,77.0,Z,0.0,Z,0.0,Z,0.0,Z,0.0,A,,R,12
142522,2010,R,2092.0,R,4162.0,R,50.0,R,1801.0,R,288.0,R,1513.0,R,1076.0,R,71.0,R,74.0,R,9.0,R,65.0,R,36.0,R,55.0,R,21
142559,2010,R,1148.0,R,3154.0,R,36.0,R,1076.0,Z,0.0,R,1076.0,R,611.0,R,57.0,R,483.0,Z,0.0,R,483.0,R,151.0,R,31.0,R,20
142869,2010,A,,A,,A,,R,24.0,R,0.0,R,24.0,R,10.0,R,42.0,R,12.0,R,0.0,R,12.0,R,4.0,R,33.0,R,7
142878,2010,A,,A,,A,,R,14.0,R,0.0,R,14.0,R,14.0,R,100.0,Z,0.0,Z,0.0,Z,0.0,Z,0.0,A,,R,7
142887,2010,R,133.0,R,189.0,R,70.0,R,107.0,R,0.0,R,107.0,R,79.0,R,74.0,R,39.0,R,0.0,R,39.0,R,20.0,R,51.0,R,14
143048,2010,R,478.0,R,828.0,R,58.0,R,456.0,R,0.0,R,456.0,R,347.0,R,76.0,R,6.0,R,0.0,R,6.0,R,2.0,R,33.0,R,10
143075,2010,A,,A,,A,,R,79.0,R,0.0,R,79.0,R,58.0,R,73.0,R,0.0,R,0.0,R,0.0,R,0.0,A,,R,11
143084,2010,R,753.0,R,806.0,R,93.0,R,616.0,R,0.0,R,616.0,R,541.0,R,88.0,R,4.0,R,0.0,R,4.0,R,1.0,R,25.0,R,12
143118,2010,R,500.0,R,944.0,R,53.0,R,416.0,R,0.0,R,416.0,R,305.0,R,73.0,R,1.0,R,0.0,R,1.0,R,0.0,R,0.0,R,15
143181,2010,A,,A,,A,,R,40.0,R,0.0,R,40.0,R,30.0,R,75.0,R,0.0,R,0.0,R,0.0,R,0.0,A,,R,12
143215,2010,R,809.0,R,2130.0,R,38.0,R,824.0,R,11.0,R,813.0,R,496.0,R,61.0,R,345.0,R,15.0,R,330.0,R,150.0,R,45.0,R,19
143279,2010,R,550.0,R,1486.0,R,37.0,R,491.0,R,4.0,R,487.0,R,286.0,R,59.0,R,110.0,R,2.0,R,108.0,R,34.0,R,31.0,R,20
143288,2010,R,150.0,R,212.0,R,71.0,R,146.0,R,0.0,R,146.0,R,93.0,R,64.0,R,3.0,R,0.0,R,3.0,R,0.0,R,0.0,R,12
143297,2010,A,,A,,A,,A,,A,,A,,A,,A,,A,,A,,A,,A,,A,,R,11
143303,2010,A,,A,,A,,A,,A,,A,,A,,A,,A,,A,,A,,A,,A,,R,9
143358,2010,R,1136.0,R,1136.0,R,100.0,R,1106.0,R,0.0,R,1106.0,R,964.0,R,87.0,R,0.0,R,0.0,R,0.0,R,0.0,A,,R,13
143376,2010,A,,A,,A,,R,120.0,Z,0.0,R,120.0,R,116.0,R,97.0,R,59.0,Z,0.0,R,59.0,R,49.0,R,83.0,R,10
143464,2010,A,,A,,A,,R,49.0,R,0.0,R,49.0,R,44.0,R,90.0,R,23.0,R,0.0,R,23.0,R,17.0,R,74.0,R,9
143473,2010,A,,A,,A,,R,9.0,R,0.0,R,9.0,R,7.0,R,78.0,R,23.0,R,0.0,R,23.0,R,21.0,R,91.0,R,22
143482,2010,A,,A,,A,,R,18.0,R,0.0,R,18.0,R,6.0,R,33.0,R,37.0,R,0.0,R,37.0,R,29.0,R,78.0,R,23
143491,2010,A,,A,,A,,R,9.0,R,0.0,R,9.0,R,8.0,R,89.0,R,39.0,R,0.0,R,39.0,R,34.0,R,87.0,R,17
143516,2010,A,,A,,A,,R,5.0,R,0.0,R,5.0,R,3.0,R,60.0,R,8.0,R,0.0,R,8.0,R,7.0,R,88.0,R,21
143534,2010,A,,A,,A,,R,26.0,R,0.0,R,26.0,R,18.0,R,69.0,R,24.0,R,0.0,R,24.0,R,23.0,R,96.0,R,14
143543,2010,A,,A,,A,,R,23.0,Z,0.0,R,23.0,R,11.0,R,48.0,R,13.0,Z,0.0,R,13.0,R,6.0,R,46.0,R,14
143552,2010,A,,A,,A,,R,30.0,R,0.0,R,30.0,R,25.0,R,83.0,R,8.0,R,0.0,R,8.0,R,6.0,R,75.0,R,16
143613,2010,R,363.0,R,911.0,R,40.0,R,309.0,R,1.0,R,308.0,R,151.0,R,49.0,R,100.0,R,2.0,R,98.0,R,43.0,R,44.0,R,19
143695,2010,A,,A,,A,,R,10.0,Z,0.0,R,10.0,R,9.0,R,90.0,Z,0.0,Z,0.0,Z,0.0,Z,0.0,A,,R,12
144005,2010,R,523.0,R,1241.0,R,42.0,R,589.0,R,0.0,R,589.0,R,353.0,R,60.0,R,62.0,R,0.0,R,62.0,R,33.0,R,53.0,R,15
144050,2010,R,1387.0,R,1449.0,R,96.0,R,1336.0,R,0.0,R,1336.0,R,1311.0,R,98.0,R,0.0,R,0.0,R,0.0,R,0.0,A,,R,6
144157,2010,R,770.0,R,1670.0,R,46.0,R,873.0,R,47.0,R,826.0,R,414.0,R,50.0,R,275.0,R,28.0,R,247.0,R,61.0,R,25.0,R,30
144166,2010,R,614.0,R,2461.0,R,25.0,R,605.0,R,42.0,R,563.0,R,262.0,R,47.0,R,365.0,R,14.0,R,351.0,R,121.0,R,34.0,R,34
144175,2010,R,474.0,R,1031.0,R,46.0,R,450.0,R,26.0,R,424.0,R,172.0,R,41.0,R,202.0,R,16.0,R,186.0,R,50.0,R,27.0,R,30
144184,2010,R,954.0,R,3444.0,R,28.0,R,887.0,R,52.0,R,835.0,R,377.0,R,45.0,R,628.0,R,26.0,R,602.0,R,189.0,R,31.0,R,40
144193,2010,R,498.0,R,2228.0,R,22.0,R,428.0,R,14.0,R,414.0,R,217.0,R,52.0,R,386.0,R,28.0,R,358.0,R,113.0,R,32.0,R,71
144209,2010,R,1213.0,R,2175.0,R,56.0,R,1144.0,R,50.0,R,1094.0,R,587.0,R,54.0,R,538.0,R,34.0,R,504.0,R,198.0,R,39.0,R,59
144218,2010,R,1141.0,R,3292.0,R,35.0,R,1201.0,R,40.0,R,1161.0,R,735.0,R,63.0,R,752.0,R,33.0,R,719.0,R,279.0,R,39.0,R,38
144281,2010,R,2209.0,R,3476.0,R,64.0,R,2094.0,R,0.0,R,2094.0,R,1380.0,R,66.0,R,64.0,R,0.0,R,64.0,R,32.0,R,50.0,R,11
144351,2010,R,303.0,R,516.0,R,59.0,R,359.0,R,0.0,R,359.0,R,244.0,R,68.0,R,1.0,Z,0.0,R,1.0,R,0.0,R,0.0,R,8
144467,2010,A,,A,,A,,R,195.0,R,0.0,R,195.0,R,131.0,R,67.0,R,0.0,R,0.0,R,0.0,R,0.0,A,,R,37
144485,2010,A,,A,,A,,R,299.0,R,0.0,R,299.0,R,212.0,R,71.0,R,0.0,R,0.0,R,0.0,R,0.0,A,,R,28
144564,2010,R,702.0,R,1600.0,R,44.0,R,616.0,R,27.0,R,589.0,R,357.0,R,61.0,R,438.0,R,35.0,R,403.0,R,194.0,R,48.0,R,27
144573,2010,A,,A,,A,,R,11.0,R,0.0,R,11.0,R,8.0,R,73.0,R,0.0,R,0.0,R,0.0,R,0.0,A,,R,15
144616,2010,A,,A,,A,,R,21.0,R,0.0,R,21.0,R,16.0,R,76.0,R,4.0,R,0.0,R,4.0,R,4.0,R,100.0,R,2
144740,2010,R,2236.0,R,3969.0,R,56.0,R,2526.0,R,0.0,R,2526.0,R,2195.0,R,87.0,R,8.0,R,0.0,R,8.0,R,8.0,R,100.0,R,17
144759,2010,R,1541.0,R,14646.0,R,11.0,R,1051.0,R,0.0,R,1051.0,R,498.0,R,47.0,R,1284.0,R,0.0,R,1284.0,R,538.0,R,42.0,R,16
144795,2010,A,,A,,A,,R,149.0,R,3.0,R,146.0,R,112.0,R,77.0,R,77.0,R,0.0,R,77.0,R,51.0,R,66.0,R,20
144865,2010,R,2444.0,R,6685.0,R,37.0,R,2049.0,R,30.0,R,2019.0,R,1287.0,R,64.0,R,817.0,R,24.0,R,793.0,R,317.0,R,40.0,R,26
144883,2010,R,268.0,R,328.0,R,82.0,R,305.0,R,0.0,R,305.0,R,90.0,R,30.0,R,0.0,R,0.0,R,0.0,R,0.0,A,,R,24
144892,2010,R,1461.0,R,2623.0,R,56.0,R,1649.0,R,0.0,R,1649.0,R,1309.0,R,79.0,R,5.0,R,0.0,R,5.0,R,2.0,R,40.0,R,16
144944,2010,R,924.0,R,2597.0,R,36.0,R,955.0,R,20.0,R,935.0,R,672.0,R,72.0,R,326.0,R,13.0,R,313.0,R,163.0,R,52.0,R,24
144962,2010,R,538.0,R,974.0,R,55.0,R,584.0,R,0.0,R,584.0,R,449.0,R,77.0,R,3.0,R,0.0,R,3.0,R,1.0,R,33.0,R,13
144971,2010,R,174.0,R,304.0,R,57.0,R,143.0,R,0.0,R,143.0,R,99.0,R,69.0,R,0.0,R,0.0,R,0.0,R,0.0,A,,R,14
145099,2010,A,,A,,A,,A,,A,,A,,A,,A,,A,,A,,A,,A,,A,,R,26
145239,2010,R,94.0,R,261.0,R,36.0,R,76.0,R,0.0,R,76.0,R,63.0,R,83.0,R,0.0,R,0.0,R,0.0,R,0.0,A,,R,18
145309,2010,A,,A,,A,,R,31.0,R,0.0,R,31.0,R,26.0,R,84.0,R,0.0,R,0.0,R,0.0,R,0.0,A,,R,8
145336,2010,A,,A,,A,,A,,A,,A,,A,,A,,A,,A,,A,,A,,A,,R,12
145354,2010,A,,A,,A,,R,2.0,R,0.0,R,2.0,R,0.0,R,0.0,R,0.0,R,0.0,R,0.0,R,0.0,A,,R,5
145372,2010,R,283.0,R,437.0,R,65.0,R,253.0,R,0.0,R,253.0,R,191.0,R,75.0,R,0.0,R,0.0,R,0.0,R,0.0,A,,R,13
145406,2010,A,,A,,A,,R,24.0,Z,0.0,R,24.0,R,17.0,R,71.0,R,62.0,R,1.0,R,61.0,R,36.0,R,59.0,R,18
145424,2010,A,,A,,A,,R,19.0,R,0.0,R,19.0,R,17.0,R,89.0,R,44.0,R,0.0,R,44.0,R,29.0,R,66.0,R,12
145433,2010,A,,A,,A,,R,13.0,R,0.0,R,13.0,R,9.0,R,69.0,R,27.0,R,0.0,R,27.0,R,16.0,R,59.0,R,23
145460,2010,R,71.0,R,197.0,R,36.0,R,47.0,R,0.0,R,47.0,R,30.0,R,64.0,R,15.0,R,0.0,R,15.0,R,6.0,R,40.0,R,13
145497,2010,R,374.0,R,379.0,R,99.0,R,251.0,R,0.0,R,251.0,R,24.0,R,10.0,R,2.0,R,0.0,R,2.0,R,2.0,R,100.0,R,24
145521,2010,R,401.0,R,708.0,R,57.0,R,385.0,R,4.0,R,381.0,R,239.0,R,63.0,R,108.0,R,11.0,R,97.0,R,39.0,R,40.0,R,18
145600,2010,R,3185.0,R,4894.0,R,65.0,R,3126.0,R,0.0,R,3126.0,R,2555.0,R,82.0,R,21.0,R,0.0,R,21.0,R,12.0,R,57.0,R,17
145619,2010,R,548.0,R,670.0,R,82.0,R,452.0,R,0.0,R,452.0,R,345.0,R,76.0,R,1.0,R,0.0,R,1.0,R,1.0,R,100.0,R,18
145637,2010,R,6924.0,R,8324.0,R,83.0,R,6977.0,R,1.0,R,6976.0,R,6544.0,R,94.0,R,7.0,R,0.0,R,7.0,R,2.0,R,29.0,R,19
145646,2010,R,587.0,R,618.0,R,95.0,R,518.0,R,0.0,R,518.0,R,473.0,R,91.0,Z,0.0,Z,0.0,Z,0.0,Z,0.0,A,,R,11
145682,2010,R,1096.0,R,3463.0,R,32.0,R,1213.0,R,6.0,R,1207.0,R,771.0,R,64.0,R,420.0,R,13.0,R,407.0,R,137.0,R,34.0,R,22
145691,2010,R,227.0,R,271.0,R,84.0,R,225.0,R,0.0,R,225.0,R,193.0,R,86.0,R,0.0,R,0.0,R,0.0,R,0.0,A,,R,11
145707,2010,R,63.0,R,116.0,R,54.0,R,102.0,R,0.0,R,102.0,R,56.0,R,55.0,R,15.0,R,1.0,R,14.0,R,7.0,R,50.0,R,17
145725,2010,R,401.0,R,604.0,R,66.0,R,459.0,R,0.0,R,459.0,R,403.0,R,88.0,R,1.0,R,0.0,R,1.0,R,1.0,R,100.0,R,13
145770,2010,R,33.0,R,114.0,R,29.0,R,18.0,R,0.0,R,18.0,R,5.0,R,28.0,R,4.0,R,0.0,R,4.0,R,0.0,R,0.0,R,11
145813,2010,R,3182.0,R,5090.0,R,63.0,R,3030.0,Z,0.0,R,3030.0,R,2578.0,R,85.0,R,3.0,Z,0.0,R,3.0,R,1.0,R,33.0,R,19
145831,2010,R,229.0,R,812.0,R,28.0,R,266.0,R,7.0,R,259.0,R,178.0,R,69.0,R,101.0,R,2.0,R,99.0,R,60.0,R,61.0,R,23
146010,2010,R,213.0,R,287.0,R,74.0,R,213.0,R,0.0,R,213.0,R,91.0,R,43.0,R,8.0,R,0.0,R,8.0,R,1.0,R,13.0,R,20
146205,2010,R,512.0,R,2082.0,R,25.0,R,748.0,R,51.0,R,697.0,R,404.0,R,58.0,R,750.0,R,80.0,R,670.0,R,270.0,R,40.0,R,25
146278,2010,R,516.0,R,1155.0,R,45.0,R,558.0,R,5.0,R,553.0,R,329.0,R,59.0,R,138.0,R,3.0,R,135.0,R,57.0,R,42.0,R,14
146296,2010,R,1095.0,R,2693.0,R,41.0,R,1205.0,R,48.0,R,1157.0,R,711.0,R,61.0,R,845.0,R,71.0,R,774.0,R,275.0,R,36.0,R,25
146339,2010,R,155.0,R,333.0,R,47.0,R,142.0,R,0.0,R,142.0,R,97.0,R,68.0,R,33.0,R,0.0,R,33.0,R,17.0,R,52.0,R,10
146348,2010,R,268.0,R,894.0,R,30.0,R,263.0,R,7.0,R,256.0,R,162.0,R,63.0,R,104.0,R,6.0,R,98.0,R,43.0,R,44.0,R,22
146366,2010,R,856.0,R,2966.0,R,29.0,R,574.0,R,10.0,R,564.0,R,336.0,R,60.0,R,293.0,R,12.0,R,281.0,R,130.0,R,46.0,R,26
146393,2010,R,152.0,R,610.0,R,25.0,R,89.0,R,0.0,R,89.0,R,48.0,R,54.0,R,9.0,R,0.0,R,9.0,R,3.0,R,33.0,R,16
146418,2010,R,611.0,R,1498.0,R,41.0,R,510.0,R,2.0,R,508.0,R,243.0,R,48.0,R,155.0,R,1.0,R,154.0,R,65.0,R,42.0,R,29
146427,2010,R,358.0,R,402.0,R,89.0,R,359.0,R,0.0,R,359.0,R,316.0,R,88.0,R,0.0,R,0.0,R,0.0,R,0.0,A,,R,12
146454,2010,A,,A,,A,,R,16.0,R,0.0,R,16.0,R,11.0,R,69.0,R,0.0,R,0.0,R,0.0,R,0.0,A,,R,5
146472,2010,R,1244.0,R,4017.0,R,31.0,R,1353.0,R,30.0,R,1323.0,R,868.0,R,66.0,R,764.0,R,40.0,R,724.0,R,311.0,R,43.0,R,23
146481,2010,R,402.0,R,460.0,R,87.0,R,355.0,R,0.0,R,355.0,R,297.0,R,84.0,R,0.0,R,0.0,R,0.0,R,0.0,A,,R,12
146506,2010,R,564.0,R,2093.0,R,27.0,R,680.0,R,15.0,R,665.0,R,424.0,R,64.0,R,400.0,R,33.0,R,367.0,R,130.0,R,35.0,R,34
146533,2010,A,,A,,A,,A,,A,,A,,A,,A,,A,,A,,A,,A,,A,,R,8
146603,2010,R,326.0,R,2193.0,R,15.0,R,308.0,R,25.0,R,283.0,R,146.0,R,52.0,R,175.0,R,27.0,R,148.0,R,58.0,R,39.0,R,26
146612,2010,R,634.0,R,1299.0,R,49.0,R,654.0,R,0.0,R,654.0,R,538.0,R,82.0,R,4.0,R,0.0,R,4.0,R,2.0,R,50.0,R,14
146621,2010,R,10.0,R,21.0,R,48.0,R,9.0,R,0.0,R,9.0,R,8.0,R,89.0,R,0.0,R,0.0,R,0.0,R,0.0,A,,R,7
146667,2010,R,95.0,R,138.0,R,69.0,R,72.0,R,0.0,R,72.0,R,54.0,R,75.0,R,0.0,R,0.0,R,0.0,R,0.0,A,,R,12
146676,2010,R,427.0,R,588.0,R,73.0,R,19.0,R,0.0,R,19.0,R,10.0,R,53.0,R,1.0,R,0.0,R,1.0,R,1.0,R,100.0,R,15
146685,2010,R,757.0,R,1822.0,R,42.0,R,651.0,R,3.0,R,648.0,R,318.0,R,49.0,R,436.0,R,23.0,R,413.0,R,201.0,R,49.0,R,25
146700,2010,A,,A,,A,,R,512.0,R,0.0,R,512.0,R,323.0,R,63.0,R,0.0,R,0.0,R,0.0,R,0.0,A,,R,30
146719,2010,R,2060.0,R,2576.0,R,80.0,R,2074.0,R,0.0,R,2074.0,R,1766.0,R,85.0,R,2.0,R,0.0,R,2.0,R,1.0,R,50.0,R,14
146755,2010,R,1.0,R,39.0,R,3.0,R,4.0,R,0.0,R,4.0,R,3.0,R,75.0,R,0.0,R,0.0,R,0.0,R,0.0,A,,R,10
146791,2010,A,,A,,A,,R,142.0,R,0.0,R,142.0,R,118.0,R,83.0,Z,0.0,Z,0.0,Z,0.0,Z,0.0,A,,R,14
146807,2010,A,,A,,A,,R,5.0,R,0.0,R,5.0,R,5.0,R,100.0,R,3.0,Z,0.0,R,3.0,R,3.0,R,100.0,R,10
146816,2010,R,20.0,R,86.0,R,23.0,R,26.0,R,0.0,R,26.0,R,26.0,R,100.0,R,19.0,R,1.0,R,18.0,R,18.0,R,100.0,R,9
146825,2010,R,90.0,R,171.0,R,53.0,R,96.0,R,0.0,R,96.0,R,47.0,R,49.0,R,1.0,R,0.0,R,1.0,R,1.0,R,100.0,R,10
147004,2010,R,479.0,R,1556.0,R,31.0,R,942.0,R,25.0,R,917.0,R,610.0,R,67.0,R,278.0,R,5.0,R,273.0,R,122.0,R,45.0,R,25
147013,2010,R,341.0,R,678.0,R,50.0,R,305.0,R,0.0,R,305.0,R,242.0,R,79.0,R,0.0,R,0.0,R,0.0,R,0.0,A,,R,14
147129,2010,R,23.0,R,265.0,R,9.0,Z,0.0,Z,0.0,Z,0.0,Z,0.0,A,,Z,0.0,Z,0.0,Z,0.0,Z,0.0,A,,R,16
147165,2010,R,22.0,R,143.0,R,15.0,R,2.0,R,0.0,R,2.0,R,2.0,R,100.0,R,0.0,R,0.0,R,0.0,R,0.0,A,,R,9
147244,2010,R,498.0,R,691.0,R,72.0,R,542.0,R,1.0,R,541.0,R,420.0,R,78.0,R,0.0,R,0.0,R,0.0,R,0.0,A,,R,11
147341,2010,R,357.0,R,429.0,R,83.0,R,379.0,R,0.0,R,379.0,R,283.0,R,75.0,R,0.0,R,0.0,R,0.0,R,0.0,A,,R,14
147369,2010,R,400.0,R,894.0,R,45.0,R,369.0,R,0.0,R,369.0,R,348.0,R,94.0,R,17.0,R,0.0,R,17.0,R,4.0,R,24.0,R,17
147378,2010,R,1294.0,R,3329.0,R,39.0,R,1442.0,R,22.0,R,1420.0,R,933.0,R,66.0,R,408.0,R,4.0,R,404.0,R,154.0,R,38.0,R,30
147396,2010,R,45.0,R,50.0,R,90.0,R,45.0,R,0.0,R,45.0,R,33.0,R,73.0,R,2.0,R,0.0,R,2.0,R,2.0,R,100.0,R,10
147411,2010,R,258.0,R,1127.0,R,23.0,R,257.0,R,6.0,R,251.0,R,170.0,R,68.0,R,197.0,R,11.0,R,186.0,R,91.0,R,49.0,R,23
147439,2010,A,,A,,A,,R,42.0,Z,0.0,R,42.0,R,29.0,R,69.0,R,8.0,R,0.0,R,8.0,R,5.0,R,63.0,R,15
147536,2010,R,10.0,R,365.0,R,3.0,R,1.0,R,0.0,R,1.0,R,0.0,R,0.0,R,2.0,R,0.0,R,2.0,R,0.0,R,0.0,R,9
147590,2010,A,,A,,A,,A,,A,,A,,A,,A,,A,,A,,A,,A,,A,,R,6
147642,2010,A,,A,,A,,R,19.0,R,0.0,R,19.0,R,16.0,R,84.0,R,19.0,R,0.0,R,19.0,R,13.0,R,68.0,R,16
147660,2010,R,581.0,R,945.0,R,61.0,R,542.0,R,0.0,R,542.0,R,437.0,R,81.0,R,1.0,R,0.0,R,1.0,R,0.0,R,0.0,R,16
147679,2010,R,372.0,R,668.0,R,56.0,R,362.0,R,0.0,R,362.0,R,252.0,R,70.0,R,1.0,R,0.0,R,1.0,R,0.0,R,0.0,R,12
147697,2010,A,,A,,A,,Z,0.0,Z,0.0,Z,0.0,Z,0.0,A,,Z,0.0,Z,0.0,Z,0.0,Z,0.0,A,,R,13
147703,2010,R,2663.0,R,5024.0,R,53.0,R,2992.0,R,0.0,R,2992.0,R,2202.0,R,74.0,R,41.0,R,0.0,R,41.0,R,22.0,R,54.0,R,17
147749,2010,R,156.0,R,310.0,R,50.0,R,153.0,Z,0.0,R,153.0,R,52.0,R,34.0,R,154.0,R,0.0,R,154.0,R,45.0,R,29.0,R,17
147767,2010,R,2128.0,R,2399.0,R,89.0,R,2128.0,R,0.0,R,2128.0,R,2034.0,R,96.0,R,0.0,R,0.0,R,0.0,R,0.0,A,,R,7
147776,2010,R,976.0,R,2516.0,R,39.0,R,996.0,R,0.0,R,996.0,R,679.0,R,68.0,R,75.0,R,0.0,R,75.0,R,31.0,R,41.0,R,15
147800,2010,R,846.0,R,3028.0,R,28.0,R,888.0,R,64.0,R,824.0,R,582.0,R,71.0,R,706.0,R,144.0,R,562.0,R,246.0,R,44.0,R,22
147819,2010,A,,A,,A,,R,57.0,R,0.0,R,57.0,R,28.0,R,49.0,R,0.0,R,0.0,R,0.0,R,0.0,A,,R,12
147828,2010,R,740.0,R,956.0,R,77.0,R,772.0,R,0.0,R,772.0,R,582.0,R,75.0,R,6.0,R,0.0,R,6.0,R,5.0,R,83.0,R,17
147916,2010,R,948.0,R,3343.0,R,28.0,R,899.0,R,15.0,R,884.0,R,546.0,R,62.0,R,173.0,R,10.0,R,163.0,R,60.0,R,37.0,R,20
147970,2010,A,,A,,A,,R,98.0,R,0.0,R,98.0,R,84.0,R,86.0,R,7.0,R,0.0,R,7.0,R,6.0,R,86.0,R,22
148007,2010,R,665.0,R,1492.0,R,45.0,R,666.0,R,34.0,R,632.0,R,308.0,R,49.0,R,548.0,R,88.0,R,460.0,R,173.0,R,38.0,R,18
148016,2010,R,127.0,R,151.0,R,84.0,R,111.0,R,0.0,R,111.0,R,94.0,R,85.0,Z,0.0,Z,0.0,Z,0.0,Z,0.0,A,,R,7
148098,2010,A,,A,,A,,R,14.0,R,0.0,R,14.0,R,14.0,R,100.0,R,13.0,R,0.0,R,13.0,R,1.0,R,8.0,R,9
148131,2010,R,273.0,R,438.0,R,62.0,R,249.0,R,0.0,R,249.0,R,187.0,R,75.0,R,0.0,R,0.0,R,0.0,Z,0.0,A,,R,14
148140,2010,A,,A,,A,,R,177.0,R,0.0,R,177.0,R,108.0,R,61.0,R,0.0,R,0.0,R,0.0,R,0.0,A,,R,31
148177,2010,R,382.0,R,916.0,R,42.0,R,392.0,R,0.0,R,392.0,R,198.0,R,51.0,R,87.0,R,0.0,R,87.0,R,33.0,R,38.0,R,20
148256,2010,R,1112.0,R,3182.0,R,35.0,R,992.0,R,1.0,R,991.0,R,591.0,R,60.0,R,384.0,R,7.0,R,377.0,R,142.0,R,38.0,R,26
148292,2010,R,204.0,R,892.0,R,23.0,R,252.0,R,4.0,R,248.0,R,137.0,R,55.0,R,316.0,R,11.0,R,305.0,R,110.0,R,36.0,R,18
148335,2010,R,935.0,R,1713.0,R,55.0,R,956.0,R,0.0,R,956.0,R,442.0,R,46.0,R,0.0,R,0.0,R,0.0,R,0.0,A,,R,20
148380,2010,R,994.0,R,1994.0,R,50.0,R,913.0,R,12.0,R,901.0,R,592.0,R,66.0,R,413.0,R,7.0,R,406.0,R,196.0,R,48.0,R,25
148399,2010,R,97.0,R,152.0,R,64.0,R,58.0,Z,0.0,R,58.0,R,57.0,R,98.0,R,146.0,Z,0.0,R,146.0,R,52.0,R,36.0,R,10
148405,2010,R,144.0,R,354.0,R,41.0,R,89.0,R,0.0,R,89.0,R,54.0,R,61.0,R,3.0,R,0.0,R,3.0,R,3.0,R,100.0,R,11
148487,2010,R,482.0,R,1253.0,R,38.0,R,574.0,R,0.0,R,574.0,R,324.0,R,56.0,R,21.0,R,0.0,R,21.0,R,9.0,R,43.0,R,12
148496,2010,R,427.0,R,619.0,R,69.0,R,405.0,R,0.0,R,405.0,R,329.0,R,81.0,R,0.0,R,0.0,R,0.0,R,0.0,A,,R,12
148511,2010,A,,A,,A,,A,,A,,A,,A,,A,,A,,A,,A,,A,,A,,R,25
148575,2010,A,,A,,A,,A,,A,,A,,A,,A,,A,,A,,A,,A,,A,,R,10
148584,2010,R,210.0,R,527.0,R,40.0,R,223.0,R,0.0,R,223.0,R,185.0,R,83.0,R,0.0,R,0.0,R,0.0,R,0.0,A,,R,12
148593,2010,A,,A,,A,,A,,A,,A,,A,,A,,A,,A,,A,,A,,A,,R,6
148627,2010,R,488.0,R,844.0,R,58.0,R,435.0,R,0.0,R,435.0,R,313.0,R,72.0,R,4.0,R,0.0,R,4.0,R,0.0,R,0.0,R,14
148654,2010,R,291.0,R,991.0,R,29.0,R,284.0,R,0.0,R,284.0,R,216.0,R,76.0,R,4.0,R,0.0,R,4.0,R,3.0,R,75.0,R,15
148672,2010,R,220.0,R,526.0,R,42.0,R,268.0,R,2.0,R,266.0,R,170.0,R,64.0,R,95.0,R,7.0,R,88.0,R,50.0,R,57.0,R,21
148821,2010,R,114.0,R,284.0,R,40.0,R,159.0,R,8.0,R,151.0,R,77.0,R,51.0,R,155.0,R,26.0,R,129.0,R,59.0,R,46.0,R,18
148849,2010,R,19.0,R,36.0,R,53.0,R,20.0,Z,0.0,R,20.0,R,14.0,R,70.0,R,0.0,Z,0.0,R,0.0,R,0.0,A,,R,8
148876,2010,R,378.0,R,474.0,R,80.0,R,350.0,R,0.0,R,350.0,R,177.0,R,51.0,R,30.0,Z,0.0,R,30.0,R,9.0,R,30.0,R,19
148937,2010,R,120.0,R,851.0,R,14.0,R,162.0,R,4.0,R,158.0,R,83.0,R,53.0,R,77.0,R,1.0,R,76.0,R,23.0,R,30.0,R,23
148955,2010,A,,A,,A,,R,97.0,R,0.0,R,97.0,R,81.0,R,84.0,R,0.0,R,0.0,R,0.0,R,0.0,A,,R,12
148991,2010,R,263.0,R,1070.0,R,25.0,R,408.0,R,11.0,R,397.0,R,243.0,R,61.0,R,123.0,R,5.0,R,118.0,R,44.0,R,37.0,R,17
149019,2010,A,,A,,A,,A,,A,,A,,A,,A,,A,,A,,A,,A,,A,,R,3
149028,2010,A,,A,,A,,A,,A,,A,,A,,A,,A,,A,,A,,A,,A,,R,12
149204,2010,A,,A,,A,,R,18.0,R,0.0,R,18.0,R,12.0,R,67.0,Z,0.0,Z,0.0,Z,0.0,Z,0.0,A,,R,3
149222,2010,R,2267.0,R,4161.0,R,54.0,R,2249.0,R,0.0,R,2249.0,R,1550.0,R,69.0,R,35.0,R,0.0,R,35.0,R,20.0,R,57.0,R,17
149231,2010,R,2025.0,R,3306.0,R,61.0,R,1912.0,R,0.0,R,1912.0,R,1374.0,R,72.0,R,38.0,R,0.0,R,38.0,R,14.0,R,37.0,R,18
149310,2010,A,,A,,A,,R,191.0,Z,0.0,R,191.0,R,121.0,R,63.0,Z,0.0,Z,0.0,Z,0.0,Z,0.0,A,,R,14
149329,2010,R,17.0,R,17.0,R,100.0,R,17.0,R,0.0,R,17.0,R,14.0,R,82.0,R,0.0,R,0.0,R,0.0,R,0.0,A,,R,12
149365,2010,R,203.0,R,978.0,R,21.0,R,241.0,R,2.0,R,239.0,R,135.0,R,56.0,R,159.0,R,2.0,R,157.0,R,39.0,R,25.0,R,23
149499,2010,A,,A,,A,,R,1.0,R,0.0,R,1.0,R,1.0,R,100.0,R,0.0,R,0.0,R,0.0,R,0.0,A,,R,7
149505,2010,R,234.0,R,538.0,R,43.0,R,201.0,R,0.0,R,201.0,R,152.0,R,76.0,Z,0.0,Z,0.0,Z,0.0,Z,0.0,A,,R,11
149514,2010,R,170.0,R,272.0,R,63.0,R,155.0,Z,0.0,R,155.0,R,110.0,R,71.0,R,1.0,Z,0.0,R,1.0,R,1.0,R,100.0,R,12
149532,2010,R,1309.0,R,3829.0,R,34.0,R,1408.0,R,49.0,R,1359.0,R,786.0,R,58.0,R,1063.0,R,118.0,R,945.0,R,352.0,R,37.0,R,27
149550,2010,A,,A,,A,,R,60.0,R,0.0,R,60.0,R,41.0,R,68.0,R,18.0,R,0.0,R,18.0,R,13.0,R,72.0,R,22
149639,2010,R,34.0,R,62.0,R,55.0,R,31.0,R,0.0,R,31.0,R,29.0,R,94.0,R,0.0,R,0.0,R,0.0,R,0.0,A,,R,9
149727,2010,R,906.0,R,2473.0,R,37.0,R,991.0,R,18.0,R,973.0,R,634.0,R,65.0,R,430.0,R,14.0,R,416.0,R,192.0,R,46.0,R,25
149763,2010,A,,A,,A,,A,,A,,A,,A,,A,,A,,A,,A,,A,,A,,R,10
149772,2010,R,1747.0,R,3106.0,R,56.0,R,1638.0,R,2.0,R,1636.0,R,1191.0,R,73.0,R,3.0,R,2.0,R,1.0,R,0.0,R,0.0,R,16
149781,2010,R,602.0,R,671.0,R,90.0,R,620.0,R,0.0,R,620.0,R,592.0,R,95.0,R,0.0,R,0.0,R,0.0,R,0.0,A,,R,12
149842,2010,R,1584.0,R,5178.0,R,31.0,R,1564.0,R,24.0,R,1540.0,R,1038.0,R,67.0,R,651.0,R,25.0,R,626.0,R,277.0,R,44.0,R,24
150048,2010,R,167.0,R,252.0,R,66.0,R,162.0,R,0.0,R,162.0,R,72.0,R,44.0,R,20.0,R,0.0,R,20.0,R,9.0,R,45.0,R,17
150066,2010,R,469.0,R,572.0,R,82.0,R,548.0,R,0.0,R,548.0,R,385.0,R,70.0,R,4.0,R,0.0,R,4.0,R,3.0,R,75.0,R,11
150075,2010,A,,A,,A,,R,2.0,R,0.0,R,2.0,R,1.0,R,50.0,R,0.0,R,0.0,R,0.0,R,0.0,A,,R,9
150136,2010,R,3864.0,R,5029.0,R,77.0,R,3809.0,R,23.0,R,3786.0,R,3022.0,R,80.0,R,7.0,R,0.0,R,7.0,R,4.0,R,57.0,R,18
150145,2010,R,269.0,R,576.0,R,47.0,R,295.0,R,0.0,R,295.0,R,233.0,R,79.0,R,14.0,R,0.0,R,14.0,R,10.0,R,71.0,R,13
150163,2010,R,1049.0,R,1171.0,R,90.0,R,945.0,R,0.0,R,945.0,R,844.0,R,89.0,R,0.0,R,0.0,R,0.0,R,0.0,A,,R,11
150172,2010,R,138.0,R,294.0,R,47.0,R,126.0,R,0.0,R,126.0,R,70.0,R,56.0,R,14.0,R,0.0,R,14.0,R,7.0,R,50.0,R,11
150251,2010,R,50.0,R,82.0,R,61.0,R,30.0,R,0.0,R,30.0,R,21.0,R,70.0,R,6.0,Z,0.0,R,6.0,R,6.0,R,100.0,R,17
150303,2010,A,,A,,A,,R,34.0,Z,0.0,R,34.0,R,26.0,R,76.0,Z,0.0,Z,0.0,Z,0.0,Z,0.0,A,,R,20
150400,2010,R,609.0,R,635.0,R,96.0,R,717.0,R,0.0,R,717.0,R,643.0,R,90.0,R,0.0,R,0.0,R,0.0,R,0.0,A,,R,10
150428,2010,A,,A,,A,,R,11.0,R,0.0,R,11.0,R,8.0,R,73.0,R,13.0,R,0.0,R,13.0,R,9.0,R,69.0,R,18
150437,2010,A,,A,,A,,R,19.0,R,0.0,R,19.0,R,17.0,R,89.0,R,0.0,R,0.0,R,0.0,R,0.0,A,,R,12
150455,2010,R,340.0,R,369.0,R,92.0,R,291.0,R,0.0,R,291.0,R,240.0,R,82.0,R,0.0,R,0.0,R,0.0,R,0.0,A,,R,12
150534,2010,R,683.0,R,862.0,R,79.0,R,701.0,R,5.0,R,696.0,R,571.0,R,82.0,Z,0.0,Z,0.0,Z,0.0,Z,0.0,A,,R,14
150604,2010,R,289.0,R,294.0,R,98.0,R,307.0,R,0.0,R,307.0,R,234.0,R,76.0,R,0.0,R,0.0,R,0.0,R,0.0,A,,R,13
150640,2010,A,,A,,A,,R,9.0,Z,0.0,R,9.0,R,9.0,R,100.0,R,0.0,R,0.0,R,0.0,R,0.0,A,,R,6
150668,2010,R,180.0,R,237.0,R,76.0,R,238.0,R,0.0,R,238.0,R,185.0,R,78.0,R,0.0,R,0.0,R,0.0,R,0.0,A,,R,10
150677,2010,R,240.0,R,281.0,R,85.0,R,226.0,Z,0.0,R,226.0,R,176.0,R,78.0,R,0.0,R,0.0,R,0.0,R,0.0,A,,R,26
150695,2010,A,,A,,A,,R,26.0,R,0.0,R,26.0,R,22.0,R,85.0,R,0.0,R,0.0,R,0.0,R,0.0,A,,R,10
150710,2010,A,,A,,A,,R,24.0,R,0.0,R,24.0,R,16.0,R,67.0,Z,0.0,Z,0.0,Z,0.0,Z,0.0,A,,R,13
150756,2010,R,320.0,R,337.0,R,95.0,R,293.0,Z,0.0,R,293.0,R,236.0,R,81.0,R,0.0,Z,0.0,R,0.0,R,0.0,A,,R,11
150765,2010,A,,A,,A,,R,21.0,R,0.0,R,21.0,R,19.0,R,90.0,R,0.0,R,0.0,R,0.0,R,0.0,A,,R,21
150774,2010,R,144.0,R,193.0,R,75.0,R,135.0,R,0.0,R,135.0,R,87.0,R,64.0,R,0.0,R,0.0,R,0.0,R,0.0,A,,R,14
150853,2010,A,,A,,A,,R,88.0,R,0.0,R,88.0,R,62.0,R,70.0,R,5.0,R,0.0,R,5.0,R,4.0,R,80.0,R,10
150941,2010,R,263.0,R,339.0,R,78.0,R,252.0,R,0.0,R,252.0,R,192.0,R,76.0,R,23.0,R,0.0,R,23.0,R,14.0,R,61.0,R,13
150978,2010,R,779.0,R,2099.0,R,37.0,R,666.0,R,2.0,R,664.0,R,363.0,R,55.0,R,681.0,R,1.0,R,680.0,R,311.0,R,46.0,R,23
150987,2010,R,1851.0,R,5094.0,R,36.0,R,2000.0,R,1.0,R,1999.0,R,1077.0,R,54.0,R,1804.0,R,0.0,R,1804.0,R,849.0,R,47.0,R,31
150996,2010,R,638.0,R,1261.0,R,51.0,R,632.0,R,0.0,R,632.0,R,321.0,R,51.0,R,323.0,R,0.0,R,323.0,R,126.0,R,39.0,R,23
151005,2010,R,1748.0,R,3047.0,R,57.0,R,1352.0,R,0.0,R,1352.0,R,701.0,R,52.0,R,583.0,R,0.0,R,583.0,R,266.0,R,46.0,R,25
151014,2010,R,713.0,R,1408.0,R,51.0,R,510.0,R,2.0,R,508.0,R,296.0,R,58.0,R,403.0,R,0.0,R,403.0,R,179.0,R,44.0,R,22
151023,2010,R,1195.0,R,2255.0,R,53.0,R,1066.0,R,1.0,R,1065.0,R,549.0,R,52.0,R,545.0,R,0.0,R,545.0,R,264.0,R,48.0,R,25
151032,2010,R,1600.0,R,3576.0,R,45.0,R,1290.0,R,0.0,R,1290.0,R,627.0,R,49.0,R,671.0,R,0.0,R,671.0,R,303.0,R,45.0,R,27
151041,2010,R,511.0,R,1679.0,R,30.0,R,557.0,R,3.0,R,554.0,R,282.0,R,51.0,R,625.0,R,0.0,R,625.0,R,365.0,R,58.0,R,25
151050,2010,R,727.0,R,1764.0,R,41.0,R,678.0,R,1.0,R,677.0,R,354.0,R,52.0,R,554.0,R,0.0,R,554.0,R,265.0,R,48.0,R,22
151069,2010,R,848.0,R,1632.0,R,52.0,R,751.0,R,0.0,R,751.0,R,381.0,R,51.0,R,284.0,R,0.0,R,284.0,R,139.0,R,49.0,R,25
151078,2010,R,400.0,R,912.0,R,44.0,R,334.0,R,0.0,R,334.0,R,186.0,R,56.0,R,228.0,R,2.0,R,226.0,R,99.0,R,44.0,R,25
151087,2010,R,1272.0,R,2887.0,R,44.0,R,1145.0,R,2.0,R,1143.0,R,546.0,R,48.0,R,656.0,R,0.0,R,656.0,R,279.0,R,43.0,R,25
151096,2010,R,399.0,R,770.0,R,52.0,R,357.0,R,0.0,R,357.0,R,216.0,R,61.0,R,141.0,R,0.0,R,141.0,R,66.0,R,47.0,R,22
151102,2010,R,2120.0,R,4380.0,R,48.0,R,1758.0,R,0.0,R,1758.0,R,1104.0,R,63.0,R,124.0,R,0.0,R,124.0,R,59.0,R,48.0,R,19
151111,2010,R,2684.0,R,4969.0,R,54.0,R,2630.0,R,2.0,R,2628.0,R,1938.0,R,74.0,R,205.0,Z,0.0,R,205.0,R,105.0,R,51.0,R,16
151157,2010,R,30.0,R,94.0,R,32.0,R,10.0,R,0.0,R,10.0,R,5.0,R,50.0,R,31.0,Z,0.0,R,31.0,R,13.0,R,42.0,R,22
151166,2010,R,196.0,R,712.0,R,28.0,R,36.0,R,0.0,R,36.0,R,16.0,R,44.0,R,12.0,R,0.0,R,12.0,R,3.0,R,25.0,R,18
151184,2010,A,,A,,A,,A,,A,,A,,A,,A,,A,,A,,A,,A,,A,,R,3
151193,2010,R,31.0,R,71.0,R,44.0,R,30.0,R,0.0,R,30.0,R,12.0,R,40.0,R,8.0,R,0.0,R,8.0,R,1.0,R,13.0,R,18
151209,2010,R,100.0,R,156.0,R,64.0,R,24.0,R,0.0,R,24.0,R,15.0,R,63.0,R,2.0,R,0.0,R,2.0,R,1.0,R,50.0,R,12
151236,2010,R,34.0,R,78.0,R,44.0,R,0.0,R,0.0,R,0.0,R,0.0,A,,R,0.0,R,0.0,R,0.0,R,0.0,A,,R,10
151245,2010,R,24.0,R,91.0,R,26.0,R,29.0,R,0.0,R,29.0,R,13.0,R,45.0,R,3.0,R,0.0,R,3.0,R,3.0,R,100.0,R,16
151263,2010,R,851.0,R,1229.0,R,69.0,R,739.0,R,1.0,R,738.0,R,564.0,R,76.0,R,34.0,R,0.0,R,34.0,R,18.0,R,53.0,R,15
151290,2010,R,411.0,R,1014.0,R,41.0,R,343.0,R,2.0,R,341.0,R,209.0,R,61.0,R,45.0,R,0.0,R,45.0,R,24.0,R,53.0,R,29
151306,2010,R,2049.0,R,2873.0,R,71.0,R,2025.0,R,0.0,R,2025.0,R,1399.0,R,69.0,R,38.0,R,0.0,R,38.0,R,21.0,R,55.0,R,18
151324,2010,R,2692.0,R,3529.0,R,76.0,R,1801.0,R,1.0,R,1800.0,R,1151.0,R,64.0,R,24.0,R,0.0,R,24.0,R,6.0,R,25.0,R,18
151333,2010,R,347.0,R,1043.0,R,33.0,R,397.0,Z,0.0,R,397.0,R,243.0,R,61.0,R,27.0,Z,0.0,R,27.0,R,10.0,R,37.0,R,18
151342,2010,R,897.0,R,2604.0,R,34.0,R,965.0,R,1.0,R,964.0,R,605.0,R,63.0,R,143.0,Z,0.0,R,143.0,R,68.0,R,48.0,R,16
151351,2010,R,6985.0,R,8210.0,R,85.0,R,7302.0,R,0.0,R,7302.0,R,6537.0,R,90.0,R,21.0,Z,0.0,R,21.0,R,14.0,R,67.0,R,19
151360,2010,R,786.0,R,1633.0,R,48.0,R,712.0,Z,0.0,R,712.0,R,489.0,R,69.0,R,148.0,Z,0.0,R,148.0,R,81.0,R,55.0,R,17
151379,2010,R,946.0,R,1802.0,R,52.0,R,975.0,R,1.0,R,974.0,R,617.0,R,63.0,R,89.0,Z,0.0,R,89.0,R,49.0,R,55.0,R,17
151388,2010,R,379.0,R,1234.0,R,31.0,R,358.0,Z,0.0,R,358.0,R,228.0,R,64.0,R,42.0,Z,0.0,R,42.0,R,21.0,R,50.0,R,17
151458,2010,R,247.0,R,318.0,R,78.0,R,176.0,R,0.0,R,176.0,R,152.0,R,86.0,R,0.0,R,0.0,R,0.0,R,0.0,A,,R,25
151467,2010,R,235.0,R,282.0,R,83.0,R,294.0,R,0.0,R,294.0,R,256.0,R,87.0,R,0.0,R,0.0,R,0.0,R,0.0,A,,R,24
151494,2010,R,99.0,R,133.0,R,74.0,R,0.0,R,0.0,R,0.0,R,0.0,A,,R,0.0,R,0.0,R,0.0,R,0.0,A,,R,25
151500,2010,R,80.0,R,115.0,R,70.0,R,0.0,R,0.0,R,0.0,R,0.0,A,,R,0.0,R,0.0,R,0.0,R,0.0,A,,R,18
151519,2010,R,499.0,R,1954.0,R,26.0,R,102.0,R,7.0,R,95.0,R,22.0,R,23.0,R,183.0,R,1.0,R,182.0,R,27.0,R,15.0,R,26
151537,2010,A,,A,,A,,R,42.0,Z,0.0,R,42.0,R,18.0,R,43.0,R,0.0,Z,0.0,R,0.0,Z,0.0,A,,R,25
151564,2010,A,,A,,A,,R,20.0,R,0.0,R,20.0,R,14.0,R,70.0,R,25.0,R,1.0,R,24.0,R,14.0,R,58.0,R,9
151607,2010,A,,A,,A,,R,18.0,R,0.0,R,18.0,R,16.0,R,89.0,R,10.0,Z,0.0,R,10.0,R,8.0,R,80.0,R,12
151616,2010,R,198.0,R,198.0,R,100.0,R,0.0,Z,0.0,R,0.0,R,0.0,A,,R,0.0,Z,0.0,R,0.0,R,0.0,A,,R,12
151625,2010,R,79.0,R,79.0,R,100.0,R,3.0,Z,0.0,R,3.0,R,1.0,R,33.0,R,0.0,Z,0.0,R,0.0,R,0.0,A,,R,10
151652,2010,A,,A,,A,,R,50.0,Z,0.0,R,50.0,R,33.0,R,66.0,R,21.0,Z,0.0,R,21.0,R,10.0,R,48.0,R,14
151661,2010,A,,A,,A,,R,886.0,R,0.0,R,886.0,R,493.0,R,56.0,R,0.0,R,0.0,R,0.0,R,0.0,A,,R,31
151777,2010,R,407.0,R,455.0,R,89.0,R,396.0,R,0.0,R,396.0,R,284.0,R,72.0,R,0.0,R,0.0,R,0.0,R,0.0,A,,R,15
151786,2010,R,317.0,R,692.0,R,46.0,R,312.0,R,0.0,R,312.0,R,230.0,R,74.0,R,4.0,R,0.0,R,4.0,R,2.0,R,50.0,R,14
151801,2010,A,,A,,A,,R,759.0,R,0.0,R,759.0,R,582.0,R,77.0,R,3.0,R,0.0,R,3.0,R,0.0,R,0.0,R,15
151810,2010,R,54.0,R,276.0,R,20.0,R,90.0,R,0.0,R,90.0,R,29.0,R,32.0,R,258.0,R,0.0,R,258.0,R,85.0,R,33.0,R,16
151829,2010,A,,A,,A,,R,94.0,R,0.0,R,94.0,R,79.0,R,84.0,R,94.0,R,0.0,R,94.0,R,79.0,R,84.0,R,19
151874,2010,A,,A,,A,,R,19.0,R,0.0,R,19.0,R,12.0,R,63.0,R,1.0,R,0.0,R,1.0,R,0.0,R,0.0,R,13
151944,2010,R,217.0,R,217.0,R,100.0,R,0.0,Z,0.0,R,0.0,R,0.0,A,,R,0.0,Z,0.0,R,0.0,R,0.0,A,,R,12
151962,2010,R,36.0,R,43.0,R,84.0,R,0.0,R,0.0,R,0.0,R,0.0,A,,R,0.0,R,0.0,R,0.0,R,0.0,A,,R,17
152044,2010,A,,A,,A,,R,39.0,R,0.0,R,39.0,R,31.0,R,79.0,R,34.0,R,0.0,R,34.0,R,25.0,R,74.0,R,20
152080,2010,R,2070.0,R,2206.0,R,94.0,R,2062.0,R,0.0,R,2062.0,R,2020.0,R,98.0,R,2.0,R,0.0,R,2.0,R,0.0,R,0.0,R,10
152099,2010,R,260.0,R,1288.0,R,20.0,R,219.0,R,1.0,R,218.0,R,155.0,R,71.0,R,10.0,R,0.0,R,10.0,R,8.0,R,80.0,R,18
152150,2010,A,,A,,A,,R,18.0,R,0.0,R,18.0,R,14.0,R,78.0,R,14.0,R,0.0,R,14.0,R,12.0,R,86.0,R,6
152220,2010,A,,A,,A,,R,187.0,Z,0.0,R,187.0,R,104.0,R,56.0,R,0.0,Z,0.0,R,0.0,R,0.0,A,,R,23
152248,2010,R,966.0,R,2140.0,R,45.0,R,1062.0,Z,0.0,R,1062.0,R,735.0,R,69.0,R,297.0,Z,0.0,R,297.0,R,178.0,R,60.0,R,19
152266,2010,R,768.0,R,1797.0,R,43.0,R,548.0,R,0.0,R,548.0,R,320.0,R,58.0,R,59.0,R,0.0,R,59.0,R,37.0,R,63.0,R,18
152275,2010,A,,A,,A,,R,91.0,R,0.0,R,91.0,R,82.0,R,90.0,R,53.0,R,0.0,R,53.0,R,47.0,R,89.0,R,20
152309,2010,A,,A,,A,,R,71.0,Z,0.0,R,71.0,R,65.0,R,92.0,Z,0.0,Z,0.0,Z,0.0,Z,0.0,A,,R,7
152318,2010,R,552.0,R,574.0,R,96.0,R,465.0,R,0.0,R,465.0,R,415.0,R,89.0,R,0.0,R,0.0,R,0.0,R,0.0,A,,R,12
152327,2010,A,,A,,A,,R,32.0,R,0.0,R,32.0,R,24.0,R,75.0,R,1.0,R,0.0,R,1.0,R,1.0,R,100.0,R,10
152336,2010,R,363.0,R,702.0,R,52.0,R,257.0,R,0.0,R,257.0,R,187.0,R,73.0,R,5.0,R,0.0,R,5.0,R,5.0,R,100.0,R,13
152363,2010,R,258.0,R,372.0,R,69.0,R,243.0,R,1.0,R,242.0,R,164.0,R,68.0,R,0.0,R,0.0,R,0.0,R,0.0,A,,R,14
152381,2010,R,91.0,R,330.0,R,28.0,R,91.0,R,0.0,R,91.0,R,66.0,R,73.0,R,99.0,R,0.0,R,99.0,R,65.0,R,66.0,R,8
152390,2010,R,333.0,R,376.0,R,89.0,R,435.0,R,0.0,R,435.0,R,369.0,R,85.0,R,0.0,R,0.0,R,0.0,R,0.0,A,,R,10
152415,2010,A,,A,,A,,R,51.0,Z,0.0,R,51.0,R,17.0,R,33.0,R,136.0,Z,0.0,R,136.0,R,60.0,R,44.0,R,39
152424,2010,A,,A,,A,,R,31.0,Z,0.0,R,31.0,R,13.0,R,42.0,R,95.0,Z,0.0,R,95.0,R,54.0,R,57.0,R,25
152497,2010,A,,A,,A,,R,14.0,R,0.0,R,14.0,R,10.0,R,71.0,R,0.0,R,0.0,R,0.0,R,0.0,A,,R,9
152530,2010,R,468.0,R,940.0,R,50.0,R,484.0,R,0.0,R,484.0,R,424.0,R,88.0,R,0.0,R,0.0,R,0.0,R,0.0,A,,R,12
152567,2010,R,413.0,R,591.0,R,70.0,R,457.0,R,0.0,R,457.0,R,353.0,R,77.0,R,1.0,R,0.0,R,1.0,R,0.0,R,0.0,R,18
152600,2010,R,692.0,R,912.0,R,76.0,R,671.0,R,0.0,R,671.0,R,547.0,R,82.0,R,0.0,R,0.0,R,0.0,R,0.0,A,,R,13
152628,2010,A,,A,,A,,R,5.0,R,0.0,R,5.0,R,2.0,R,40.0,R,0.0,R,0.0,R,0.0,R,0.0,A,,R,19
152637,2010,R,2829.0,R,10462.0,R,27.0,R,97.0,R,0.0,R,97.0,R,69.0,R,71.0,R,17.0,R,0.0,R,17.0,R,10.0,R,59.0,R,14
152673,2010,R,247.0,R,254.0,R,97.0,R,247.0,R,1.0,R,246.0,R,220.0,R,89.0,Z,0.0,Z,0.0,Z,0.0,Z,0.0,A,,R,11
152798,2010,R,5.0,R,117.0,R,4.0,R,0.0,R,0.0,R,0.0,R,0.0,A,,R,0.0,R,0.0,R,0.0,R,0.0,A,,R,8
152822,2010,R,107.0,R,246.0,R,43.0,R,151.0,Z,0.0,R,151.0,R,96.0,R,64.0,R,8.0,Z,0.0,R,8.0,R,3.0,R,38.0,R,19
152992,2010,R,237.0,R,383.0,R,62.0,R,223.0,R,1.0,R,222.0,R,151.0,R,68.0,R,0.0,R,0.0,R,0.0,R,0.0,A,,R,13
153001,2010,R,265.0,R,723.0,R,37.0,R,273.0,R,2.0,R,271.0,R,195.0,R,72.0,R,0.0,R,0.0,R,0.0,R,0.0,A,,R,13
153074,2010,A,,A,,A,,R,61.0,R,0.0,R,61.0,R,50.0,R,82.0,R,0.0,R,0.0,R,0.0,R,0.0,A,,R,14
153083,2010,A,,A,,A,,R,69.0,R,0.0,R,69.0,R,49.0,R,71.0,R,0.0,R,0.0,R,0.0,R,0.0,A,,R,12
153092,2010,A,,A,,A,,R,10.0,R,0.0,R,10.0,R,8.0,R,80.0,R,0.0,R,0.0,R,0.0,R,0.0,A,,R,7
153108,2010,R,402.0,R,564.0,R,71.0,R,443.0,R,0.0,R,443.0,R,349.0,R,79.0,R,0.0,R,0.0,R,0.0,R,0.0,A,,R,16
153126,2010,R,176.0,R,270.0,R,65.0,R,146.0,R,0.0,R,146.0,R,107.0,R,73.0,R,0.0,R,0.0,R,0.0,R,0.0,A,,R,10
153144,2010,R,357.0,R,458.0,R,78.0,R,325.0,R,0.0,R,325.0,R,255.0,R,78.0,R,0.0,R,0.0,R,0.0,R,0.0,A,,R,11
153162,2010,R,343.0,R,384.0,R,89.0,R,335.0,R,0.0,R,335.0,R,271.0,R,81.0,R,0.0,R,0.0,R,0.0,R,0.0,A,,R,13
153171,2010,A,,A,,A,,R,14.0,R,0.0,R,14.0,R,12.0,R,86.0,Z,0.0,Z,0.0,Z,0.0,Z,0.0,A,,R,9
153214,2010,R,2628.0,R,9864.0,R,27.0,R,2664.0,R,0.0,R,2664.0,R,1489.0,R,56.0,R,1154.0,R,0.0,R,1154.0,R,413.0,R,36.0,R,40
153241,2010,R,9.0,R,34.0,R,26.0,R,30.0,R,0.0,R,30.0,R,28.0,R,93.0,R,0.0,R,0.0,R,0.0,R,0.0,A,,R,4
153250,2010,R,351.0,R,421.0,R,83.0,R,369.0,R,0.0,R,369.0,R,280.0,R,76.0,R,1.0,R,0.0,R,1.0,R,0.0,R,0.0,R,14
153269,2010,R,864.0,R,1016.0,R,85.0,R,861.0,R,0.0,R,861.0,R,729.0,R,85.0,R,2.0,R,0.0,R,2.0,R,1.0,R,50.0,R,13
153278,2010,R,404.0,R,676.0,R,60.0,R,355.0,R,5.0,R,350.0,R,233.0,R,67.0,R,0.0,R,0.0,R,0.0,R,0.0,A,,R,14
153296,2010,R,326.0,R,518.0,R,63.0,R,299.0,R,0.0,R,299.0,R,135.0,R,45.0,R,70.0,R,0.0,R,70.0,R,13.0,R,19.0,R,25
153302,2010,R,45.0,R,89.0,R,51.0,R,44.0,R,0.0,R,44.0,R,27.0,R,61.0,R,0.0,R,0.0,R,0.0,R,0.0,A,,R,12
153311,2010,R,1281.0,R,2750.0,R,47.0,R,1257.0,R,0.0,R,1257.0,R,673.0,R,54.0,R,507.0,R,0.0,R,507.0,R,195.0,R,38.0,R,18
153320,2010,R,92.0,R,121.0,R,76.0,R,62.0,Z,0.0,R,62.0,R,49.0,R,79.0,R,1.0,Z,0.0,R,1.0,R,0.0,R,0.0,R,14
153339,2010,A,,A,,A,,R,13.0,Z,0.0,R,13.0,R,9.0,R,69.0,R,0.0,R,0.0,R,0.0,Z,0.0,A,,R,10
153366,2010,R,220.0,R,545.0,R,40.0,R,220.0,R,2.0,R,218.0,R,149.0,R,68.0,R,0.0,R,0.0,R,0.0,R,0.0,A,,R,16
153375,2010,R,299.0,R,700.0,R,43.0,R,231.0,R,1.0,R,230.0,R,156.0,R,68.0,R,3.0,R,0.0,R,3.0,R,0.0,R,0.0,R,14
153384,2010,R,415.0,R,434.0,R,96.0,R,378.0,R,0.0,R,378.0,R,353.0,R,93.0,R,0.0,R,0.0,R,0.0,R,0.0,A,,R,9
153409,2010,A,,A,,A,,R,4.0,Z,0.0,R,4.0,R,2.0,R,50.0,R,4.0,Z,0.0,R,4.0,R,2.0,R,50.0,R,25
153418,2010,A,,A,,A,,R,0.0,R,0.0,R,0.0,R,0.0,A,,R,0.0,R,0.0,R,0.0,R,0.0,A,,R,27
153427,2010,R,191.0,R,191.0,R,100.0,R,0.0,R,0.0,R,0.0,R,0.0,A,,R,0.0,R,0.0,R,0.0,R,0.0,A,,R,23
153445,2010,R,944.0,R,2608.0,R,36.0,R,1123.0,R,0.0,R,1123.0,R,791.0,R,70.0,R,549.0,R,0.0,R,549.0,R,95.0,R,17.0,R,23
153463,2010,A,,A,,A,,R,13.0,R,0.0,R,13.0,R,6.0,R,46.0,R,0.0,R,0.0,R,0.0,R,0.0,A,,R,10
153472,2010,A,,A,,A,,R,1133.0,R,2.0,R,1131.0,R,558.0,R,49.0,R,100.0,R,0.0,R,100.0,R,27.0,R,27.0,R,29
153524,2010,R,1159.0,R,1501.0,R,77.0,R,1046.0,Z,0.0,R,1046.0,R,576.0,R,55.0,R,144.0,Z,0.0,R,144.0,R,31.0,R,22.0,R,21
153533,2010,R,490.0,R,1334.0,R,37.0,R,823.0,Z,0.0,R,823.0,R,461.0,R,56.0,R,89.0,Z,0.0,R,89.0,R,21.0,R,24.0,R,21
153542,2010,A,,A,,A,,R,11.0,R,0.0,R,11.0,R,10.0,R,91.0,R,0.0,R,0.0,R,0.0,R,0.0,A,,R,9
153588,2010,A,,A,,A,,R,20.0,R,0.0,R,20.0,R,12.0,R,60.0,R,0.0,R,0.0,R,0.0,R,0.0,A,,R,12
153597,2010,A,,A,,A,,R,92.0,R,0.0,R,92.0,R,62.0,R,67.0,R,0.0,R,0.0,R,0.0,R,0.0,A,,R,11
153603,2010,R,4534.0,R,6593.0,R,69.0,R,4320.0,R,0.0,R,4320.0,R,3720.0,R,86.0,R,18.0,R,0.0,R,18.0,R,12.0,R,67.0,R,17
153621,2010,R,104.0,R,253.0,R,41.0,R,154.0,R,0.0,R,154.0,R,60.0,R,39.0,R,0.0,R,0.0,R,0.0,R,0.0,A,,R,12
153630,2010,R,1309.0,R,3095.0,R,42.0,R,1225.0,R,1.0,R,1224.0,R,596.0,R,49.0,R,114.0,R,0.0,R,114.0,R,46.0,R,40.0,R,17
153658,2010,R,4457.0,R,6226.0,R,72.0,R,4004.0,R,0.0,R,4004.0,R,3455.0,R,86.0,R,59.0,R,0.0,R,59.0,R,49.0,R,83.0,R,16
153737,2010,R,3467.0,R,7794.0,R,44.0,R,3411.0,R,2.0,R,3409.0,R,1798.0,R,53.0,R,1043.0,R,0.0,R,1043.0,R,285.0,R,27.0,R,28
153746,2010,A,,A,,A,,R,47.0,R,0.0,R,47.0,R,39.0,R,83.0,Z,0.0,Z,0.0,Z,0.0,Z,0.0,A,,R,16
153764,2010,A,,A,,A,,R,89.0,Z,0.0,R,89.0,R,59.0,R,66.0,Z,0.0,Z,0.0,Z,0.0,Z,0.0,A,,R,25
153773,2010,A,,A,,A,,R,82.0,R,0.0,R,82.0,R,71.0,R,87.0,R,0.0,R,0.0,R,0.0,R,0.0,A,,R,10
153782,2010,A,,A,,A,,R,71.0,Z,0.0,R,71.0,R,51.0,R,72.0,Z,0.0,Z,0.0,Z,0.0,Z,0.0,A,,R,27
153825,2010,R,415.0,R,477.0,R,87.0,R,412.0,R,0.0,R,412.0,R,320.0,R,78.0,R,0.0,R,0.0,R,0.0,R,0.0,A,,R,12
153834,2010,R,611.0,R,651.0,R,94.0,R,657.0,R,0.0,R,657.0,R,570.0,R,87.0,R,0.0,R,0.0,R,0.0,R,0.0,A,,R,12
153861,2010,R,45.0,R,139.0,R,32.0,R,41.0,R,0.0,R,41.0,R,30.0,R,73.0,R,2.0,R,0.0,R,2.0,R,1.0,R,50.0,R,13
153922,2010,R,438.0,R,877.0,R,50.0,R,471.0,R,0.0,R,471.0,R,251.0,R,53.0,R,106.0,R,0.0,R,106.0,R,37.0,R,35.0,R,33
153977,2010,R,70.0,R,275.0,R,25.0,R,2.0,R,0.0,R,2.0,R,2.0,R,100.0,R,0.0,R,0.0,R,0.0,R,0.0,A,,R,8
154004,2010,R,343.0,R,458.0,R,75.0,R,325.0,R,0.0,R,325.0,R,229.0,R,70.0,R,1.0,R,0.0,R,1.0,R,0.0,R,0.0,R,13
154013,2010,R,118.0,R,357.0,R,33.0,R,149.0,R,0.0,R,149.0,R,122.0,R,82.0,R,0.0,R,0.0,R,0.0,R,0.0,A,,R,12
154022,2010,R,2916.0,R,18861.0,R,15.0,R,1919.0,R,0.0,R,1919.0,R,684.0,R,36.0,R,0.0,R,0.0,R,0.0,R,0.0,A,,R,24
154059,2010,R,738.0,R,985.0,R,75.0,R,788.0,R,0.0,R,788.0,R,472.0,R,60.0,R,106.0,R,0.0,R,106.0,R,38.0,R,36.0,R,23
154095,2010,R,1942.0,R,3196.0,R,61.0,R,1917.0,R,0.0,R,1917.0,R,1582.0,R,83.0,R,25.0,R,0.0,R,25.0,R,12.0,R,48.0,R,17
154101,2010,R,351.0,R,409.0,R,86.0,R,331.0,R,0.0,R,331.0,R,263.0,R,79.0,R,0.0,R,0.0,R,0.0,R,0.0,A,,R,14
154110,2010,R,744.0,R,2102.0,R,35.0,R,833.0,R,4.0,R,829.0,R,471.0,R,57.0,R,159.0,R,1.0,R,158.0,R,54.0,R,34.0,R,18
154129,2010,R,272.0,R,929.0,R,29.0,R,279.0,R,0.0,R,279.0,R,189.0,R,68.0,R,29.0,R,0.0,R,29.0,R,10.0,R,34.0,R,14
154165,2010,A,,A,,A,,R,16.0,R,0.0,R,16.0,R,15.0,R,94.0,R,0.0,R,0.0,R,0.0,R,0.0,A,,R,13
154174,2010,A,,A,,A,,R,0.0,R,0.0,R,0.0,R,0.0,A,,R,0.0,R,0.0,R,0.0,R,0.0,A,,R,3
154208,2010,A,,A,,A,,R,53.0,R,0.0,R,53.0,R,38.0,R,72.0,R,0.0,R,0.0,R,0.0,R,0.0,A,,R,13
154235,2010,R,518.0,R,832.0,R,62.0,R,576.0,R,0.0,R,576.0,R,469.0,R,81.0,R,1.0,R,0.0,R,1.0,R,0.0,R,0.0,R,10
154262,2010,R,3.0,R,29.0,R,10.0,R,4.0,R,0.0,R,4.0,R,4.0,R,100.0,R,1.0,R,0.0,R,1.0,R,1.0,R,100.0,R,9
154332,2010,A,,A,,A,,R,25.0,Z,0.0,R,25.0,R,16.0,R,64.0,Z,0.0,Z,0.0,Z,0.0,Z,0.0,A,,R,24
154341,2010,A,,A,,A,,R,55.0,Z,0.0,R,55.0,R,39.0,R,71.0,Z,0.0,Z,0.0,Z,0.0,Z,0.0,A,,R,19
154350,2010,R,362.0,R,455.0,R,80.0,R,390.0,R,0.0,R,390.0,R,312.0,R,80.0,R,0.0,R,0.0,R,0.0,R,0.0,A,,R,14
154378,2010,R,362.0,R,494.0,R,73.0,R,352.0,R,0.0,R,352.0,R,188.0,R,53.0,R,63.0,R,0.0,R,63.0,R,23.0,R,37.0,R,20
154396,2010,R,326.0,R,850.0,R,38.0,R,297.0,Z,0.0,R,297.0,R,171.0,R,58.0,R,54.0,Z,0.0,R,54.0,R,36.0,R,67.0,R,18
154448,2010,A,,A,,A,,R,68.0,R,0.0,R,68.0,R,58.0,R,85.0,R,0.0,R,0.0,R,0.0,R,0.0,A,,R,15
154457,2010,A,,A,,A,,R,31.0,R,0.0,R,31.0,R,26.0,R,84.0,Z,0.0,Z,0.0,Z,0.0,Z,0.0,A,,R,15
154466,2010,A,,A,,A,,R,22.0,R,0.0,R,22.0,R,8.0,R,36.0,Z,0.0,Z,0.0,Z,0.0,Z,0.0,A,,R,12
154493,2010,R,256.0,R,785.0,R,33.0,R,180.0,R,0.0,R,180.0,R,109.0,R,61.0,R,0.0,R,0.0,R,0.0,R,0.0,A,,R,22
154518,2010,R,202.0,R,341.0,R,59.0,R,145.0,R,0.0,R,145.0,R,79.0,R,54.0,R,0.0,R,0.0,R,0.0,R,0.0,A,,R,15
154527,2010,R,484.0,R,554.0,R,87.0,R,480.0,R,1.0,R,479.0,R,378.0,R,79.0,Z,0.0,Z,0.0,Z,0.0,Z,0.0,A,,R,12
154545,2010,A,,A,,A,,R,19.0,R,0.0,R,19.0,R,14.0,R,74.0,R,0.0,R,0.0,R,0.0,R,0.0,A,,R,13
154572,2010,R,334.0,R,3142.0,R,11.0,R,313.0,R,0.0,R,313.0,R,158.0,R,50.0,R,110.0,R,0.0,R,110.0,R,31.0,R,28.0,R,25
154590,2010,R,268.0,R,438.0,R,61.0,R,255.0,R,0.0,R,255.0,R,143.0,R,56.0,R,0.0,R,0.0,R,0.0,R,0.0,A,,R,21
154633,2010,A,,A,,A,,R,34.0,R,0.0,R,34.0,R,21.0,R,62.0,R,0.0,R,0.0,R,0.0,R,0.0,A,,R,10
154642,2010,R,435.0,R,945.0,R,46.0,R,459.0,R,1.0,R,458.0,R,240.0,R,52.0,R,226.0,R,0.0,R,226.0,R,54.0,R,24.0,R,23
154651,2010,A,,A,,A,,A,,A,,A,,A,,A,,A,,A,,A,,A,,A,,R,7
154688,2010,A,,A,,A,,R,257.0,R,0.0,R,257.0,R,210.0,R,82.0,R,0.0,R,0.0,R,0.0,R,0.0,A,,R,14
154697,2010,R,398.0,R,1998.0,R,20.0,R,272.0,R,0.0,R,272.0,R,150.0,R,55.0,R,127.0,R,1.0,R,126.0,R,40.0,R,32.0,R,21
154712,2010,R,388.0,R,685.0,R,57.0,R,428.0,R,0.0,R,428.0,R,345.0,R,81.0,R,0.0,R,0.0,R,0.0,R,0.0,A,,R,14
154721,2010,R,163.0,R,244.0,R,67.0,R,182.0,R,0.0,R,182.0,R,111.0,R,61.0,R,0.0,R,0.0,R,0.0,R,0.0,A,,R,11
154749,2010,R,127.0,R,186.0,R,68.0,R,92.0,R,0.0,R,92.0,R,76.0,R,83.0,R,0.0,R,0.0,R,0.0,R,0.0,A,,R,11
154767,2010,R,163.0,R,163.0,R,100.0,R,135.0,Z,0.0,R,135.0,R,38.0,R,28.0,Z,0.0,Z,0.0,Z,0.0,Z,0.0,A,,R,12
154776,2010,R,163.0,R,163.0,R,100.0,R,166.0,Z,0.0,R,166.0,R,68.0,R,41.0,Z,0.0,Z,0.0,Z,0.0,Z,0.0,A,,R,11
154794,2010,R,75.0,R,75.0,R,100.0,R,56.0,R,0.0,R,56.0,R,40.0,R,71.0,R,0.0,R,0.0,R,0.0,R,0.0,A,,R,25
154800,2010,R,1379.0,R,3460.0,R,40.0,R,1324.0,R,0.0,R,1324.0,R,813.0,R,61.0,R,432.0,R,0.0,R,432.0,R,170.0,R,39.0,R,19
154819,2010,A,,A,,A,,R,36.0,R,0.0,R,36.0,R,19.0,R,53.0,R,72.0,R,0.0,R,72.0,R,49.0,R,68.0,R,20
154837,2010,R,1.0,R,5.0,R,20.0,R,0.0,R,0.0,R,0.0,R,0.0,A,,R,0.0,R,0.0,R,0.0,R,0.0,A,,R,7
154855,2010,R,85.0,R,278.0,R,31.0,R,101.0,R,0.0,R,101.0,R,61.0,R,60.0,R,8.0,R,0.0,R,8.0,R,5.0,R,63.0,R,12
154907,2010,R,234.0,R,663.0,R,35.0,R,238.0,R,0.0,R,238.0,R,107.0,R,45.0,R,41.0,R,0.0,R,41.0,R,13.0,R,32.0,R,20
154925,2010,R,501.0,R,651.0,R,77.0,R,541.0,R,0.0,R,541.0,R,312.0,R,58.0,R,76.0,R,0.0,R,76.0,R,50.0,R,66.0,R,24
154934,2010,R,270.0,R,415.0,R,65.0,R,150.0,Z,0.0,R,150.0,R,102.0,R,68.0,R,8.0,Z,0.0,R,8.0,R,2.0,R,25.0,R,10
154943,2010,A,,A,,A,,R,63.0,R,0.0,R,63.0,R,50.0,R,79.0,R,9.0,R,0.0,R,9.0,R,7.0,R,78.0,R,25
154952,2010,R,829.0,R,1732.0,R,48.0,R,654.0,R,1.0,R,653.0,R,321.0,R,49.0,R,153.0,R,1.0,R,152.0,R,42.0,R,28.0,R,26
154970,2010,A,,A,,A,,R,32.0,R,0.0,R,32.0,R,22.0,R,69.0,R,3.0,R,0.0,R,3.0,R,3.0,R,100.0,R,25
154998,2010,R,389.0,R,1118.0,R,35.0,R,368.0,R,0.0,R,368.0,R,185.0,R,50.0,R,68.0,R,0.0,R,68.0,R,14.0,R,21.0,R,14
155007,2010,R,85.0,R,261.0,R,33.0,R,43.0,R,0.0,R,43.0,R,10.0,R,23.0,R,50.0,R,0.0,R,50.0,R,0.0,R,0.0,R,16
155025,2010,R,616.0,R,1167.0,R,53.0,R,660.0,R,0.0,R,660.0,R,482.0,R,73.0,R,17.0,R,0.0,R,17.0,R,12.0,R,71.0,R,17
155052,2010,R,105.0,R,388.0,R,27.0,R,96.0,R,0.0,R,96.0,R,64.0,R,67.0,R,25.0,R,0.0,R,25.0,R,6.0,R,24.0,R,12
155061,2010,R,869.0,R,3156.0,R,28.0,R,827.0,R,1.0,R,826.0,R,570.0,R,69.0,R,42.0,R,0.0,R,42.0,R,21.0,R,50.0,R,18
155070,2010,R,47.0,R,79.0,R,59.0,R,51.0,R,0.0,R,51.0,R,41.0,R,80.0,R,0.0,R,0.0,R,0.0,R,0.0,A,,R,11
155089,2010,R,199.0,R,519.0,R,38.0,R,197.0,R,0.0,R,197.0,R,128.0,R,65.0,R,3.0,R,0.0,R,3.0,R,0.0,R,0.0,R,13
155098,2010,R,486.0,R,971.0,R,50.0,R,384.0,R,0.0,R,384.0,R,243.0,R,63.0,R,148.0,R,0.0,R,148.0,R,45.0,R,30.0,R,16
155104,2010,R,437.0,R,526.0,R,83.0,R,391.0,R,0.0,R,391.0,R,209.0,R,53.0,R,49.0,R,0.0,R,49.0,R,11.0,R,22.0,R,12
155140,2010,R,183.0,R,234.0,R,78.0,R,118.0,R,0.0,R,118.0,R,70.0,R,59.0,R,13.0,R,0.0,R,13.0,R,7.0,R,54.0,R,19
155159,2010,A,,A,,A,,R,33.0,R,0.0,R,33.0,R,26.0,R,79.0,R,0.0,R,0.0,R,0.0,R,0.0,A,,R,10
155177,2010,R,206.0,R,317.0,R,65.0,R,166.0,R,0.0,R,166.0,R,129.0,R,78.0,R,0.0,R,0.0,R,0.0,R,0.0,A,,R,14
155186,2010,R,506.0,R,1210.0,R,42.0,R,741.0,Z,0.0,R,741.0,R,370.0,R,50.0,R,452.0,Z,0.0,R,452.0,R,93.0,R,21.0,R,12
155195,2010,R,1028.0,R,1847.0,R,56.0,R,971.0,R,8.0,R,963.0,R,613.0,R,64.0,R,213.0,R,8.0,R,205.0,R,82.0,R,40.0,R,17
155201,2010,R,246.0,R,409.0,R,60.0,R,281.0,R,0.0,R,281.0,R,122.0,R,43.0,R,54.0,R,0.0,R,54.0,R,13.0,R,24.0,R,17
155210,2010,R,1656.0,R,6792.0,R,24.0,R,1521.0,R,0.0,R,1521.0,R,878.0,R,58.0,R,656.0,R,0.0,R,656.0,R,275.0,R,42.0,R,23
155283,2010,A,,A,,A,,R,320.0,R,0.0,R,320.0,R,184.0,R,58.0,R,0.0,R,0.0,R,0.0,R,0.0,A,,R,17
155292,2010,R,658.0,R,2162.0,R,30.0,R,765.0,R,0.0,R,765.0,R,420.0,R,55.0,R,883.0,R,0.0,R,883.0,R,308.0,R,35.0,R,18
155317,2010,R,3492.0,R,5400.0,R,65.0,R,3897.0,R,0.0,R,3897.0,R,3091.0,R,79.0,R,45.0,R,0.0,R,45.0,R,16.0,R,36.0,R,20
155335,2010,R,196.0,R,1023.0,R,19.0,R,174.0,R,0.0,R,174.0,R,118.0,R,68.0,R,2.0,R,0.0,R,2.0,R,0.0,R,0.0,R,14
155353,2010,A,,A,,A,,R,11.0,R,0.0,R,11.0,R,11.0,R,100.0,R,0.0,R,0.0,R,0.0,R,0.0,A,,R,10
155399,2010,R,3465.0,R,5315.0,R,65.0,R,3466.0,R,0.0,R,3466.0,R,2792.0,R,81.0,R,221.0,R,0.0,R,221.0,R,68.0,R,31.0,R,21
155414,2010,R,140.0,R,283.0,R,49.0,R,135.0,R,0.0,R,135.0,R,78.0,R,58.0,R,6.0,R,0.0,R,6.0,R,3.0,R,50.0,R,13
155423,2010,A,,A,,A,,R,63.0,R,0.0,R,63.0,R,52.0,R,83.0,R,100.0,R,0.0,R,100.0,R,84.0,R,84.0,R,11
155441,2010,A,,A,,A,,R,12.0,R,0.0,R,12.0,R,9.0,R,75.0,R,9.0,R,0.0,R,9.0,R,7.0,R,78.0,R,10
155450,2010,R,188.0,R,302.0,R,62.0,R,157.0,Z,0.0,R,157.0,R,65.0,R,41.0,R,63.0,Z,0.0,R,63.0,R,45.0,R,71.0,R,14
155487,2010,R,90.0,R,259.0,R,35.0,R,95.0,R,0.0,R,95.0,R,56.0,R,59.0,R,23.0,R,0.0,R,23.0,R,8.0,R,35.0,R,13
155496,2010,R,78.0,R,147.0,R,53.0,R,51.0,R,0.0,R,51.0,R,35.0,R,69.0,R,0.0,R,0.0,R,0.0,R,0.0,A,,R,16
155511,2010,R,170.0,R,306.0,R,56.0,R,137.0,R,0.0,R,137.0,R,95.0,R,69.0,R,0.0,R,0.0,R,0.0,R,0.0,A,,R,15
155520,2010,R,228.0,R,468.0,R,49.0,R,195.0,R,0.0,R,195.0,R,150.0,R,77.0,R,1.0,R,0.0,R,1.0,R,0.0,R,0.0,R,10
155566,2010,R,294.0,R,1159.0,R,25.0,R,233.0,R,0.0,R,233.0,R,101.0,R,43.0,R,26.0,R,0.0,R,26.0,R,12.0,R,46.0,R,13
155593,2010,R,226.0,R,425.0,R,53.0,R,248.0,R,0.0,R,248.0,R,175.0,R,71.0,R,44.0,R,0.0,R,44.0,R,40.0,R,91.0,R,10
155618,2010,A,,A,,A,,R,173.0,Z,0.0,R,173.0,R,142.0,R,82.0,R,0.0,R,0.0,R,0.0,R,0.0,A,,R,14
155627,2010,R,156.0,R,223.0,R,70.0,R,150.0,R,0.0,R,150.0,R,97.0,R,65.0,R,0.0,R,0.0,R,0.0,R,0.0,A,,R,13
155636,2010,A,,A,,A,,R,0.0,R,0.0,R,0.0,R,0.0,A,,R,0.0,R,0.0,R,0.0,R,0.0,A,,R,11
155681,2010,R,1077.0,R,1685.0,R,64.0,R,990.0,R,0.0,R,990.0,R,721.0,R,73.0,R,7.0,R,0.0,R,7.0,R,1.0,R,14.0,R,19
155715,2010,R,299.0,R,595.0,R,50.0,R,264.0,R,7.0,R,257.0,R,146.0,R,57.0,R,5.0,R,0.0,R,5.0,R,0.0,R,0.0,R,22
155812,2010,R,134.0,R,289.0,R,46.0,R,129.0,R,0.0,R,129.0,R,72.0,R,56.0,R,0.0,Z,0.0,R,0.0,Z,0.0,A,,R,11
155830,2010,R,148.0,R,312.0,R,47.0,R,136.0,Z,0.0,R,136.0,R,96.0,R,71.0,R,5.0,Z,0.0,R,5.0,R,3.0,R,60.0,R,13
155858,2010,R,305.0,R,610.0,R,50.0,R,353.0,R,0.0,R,353.0,R,234.0,R,66.0,R,49.0,R,0.0,R,49.0,R,18.0,R,37.0,R,13
155867,2010,A,,A,,A,,R,66.0,R,0.0,R,66.0,R,45.0,R,68.0,R,0.0,R,0.0,R,0.0,R,0.0,A,,R,19
155900,2010,R,173.0,R,402.0,R,43.0,R,119.0,R,0.0,R,119.0,R,76.0,R,64.0,R,0.0,R,0.0,R,0.0,R,0.0,A,,R,10
155937,2010,R,149.0,R,247.0,R,60.0,R,186.0,R,1.0,R,185.0,R,126.0,R,68.0,R,1.0,R,0.0,R,1.0,R,0.0,R,0.0,R,13
155973,2010,R,153.0,R,263.0,R,58.0,R,140.0,R,0.0,R,140.0,R,93.0,R,66.0,R,0.0,Z,0.0,R,0.0,R,0.0,A,,R,13
156082,2010,R,782.0,R,2040.0,R,38.0,R,708.0,R,0.0,R,708.0,R,467.0,R,66.0,R,112.0,R,0.0,R,112.0,R,46.0,R,41.0,R,16
156107,2010,R,199.0,R,795.0,R,25.0,R,158.0,Z,0.0,R,158.0,R,97.0,R,61.0,R,177.0,Z,0.0,R,177.0,R,111.0,R,63.0,R,12
156125,2010,R,1186.0,R,2690.0,R,44.0,R,1280.0,R,0.0,R,1280.0,R,891.0,R,70.0,R,110.0,R,0.0,R,110.0,R,49.0,R,45.0,R,20
156134,2010,A,,A,,A,,R,362.0,R,1.0,R,361.0,R,271.0,R,75.0,R,0.0,R,0.0,R,0.0,R,0.0,A,,R,26
156189,2010,R,172.0,R,214.0,R,80.0,R,165.0,R,0.0,R,165.0,R,97.0,R,59.0,R,0.0,R,0.0,R,0.0,R,0.0,A,,R,18
156213,2010,R,285.0,R,496.0,R,57.0,R,315.0,R,0.0,R,315.0,R,237.0,R,75.0,R,0.0,R,0.0,R,0.0,R,0.0,A,,R,14
156231,2010,R,520.0,R,949.0,R,55.0,R,577.0,R,2.0,R,575.0,R,362.0,R,63.0,R,63.0,R,0.0,R,63.0,R,32.0,R,51.0,R,18
156277,2010,A,,A,,A,,R,72.0,R,0.0,R,72.0,R,45.0,R,63.0,R,0.0,R,0.0,R,0.0,R,0.0,A,,R,14
156286,2010,R,577.0,R,897.0,R,64.0,R,602.0,R,2.0,R,600.0,R,497.0,R,83.0,R,1.0,R,0.0,R,1.0,R,0.0,R,0.0,R,13
156295,2010,R,429.0,R,545.0,R,79.0,R,392.0,R,0.0,R,392.0,R,309.0,R,79.0,R,0.0,Z,0.0,R,0.0,Z,0.0,A,,R,11
156310,2010,A,,A,,A,,R,280.0,R,0.0,R,280.0,R,200.0,R,71.0,R,63.0,R,0.0,R,63.0,R,39.0,R,62.0,R,8
156338,2010,R,363.0,R,998.0,R,36.0,R,277.0,R,0.0,R,277.0,R,179.0,R,65.0,R,202.0,R,0.0,R,202.0,R,96.0,R,48.0,R,17
156356,2010,R,112.0,R,215.0,R,52.0,R,115.0,R,0.0,R,115.0,R,64.0,R,56.0,R,1.0,R,0.0,R,1.0,R,0.0,R,0.0,R,11
156365,2010,R,503.0,R,1648.0,R,31.0,R,514.0,R,0.0,R,514.0,R,351.0,R,68.0,R,4.0,R,0.0,R,4.0,R,2.0,R,50.0,R,13
156392,2010,R,1718.0,R,3465.0,R,50.0,R,1822.0,R,1.0,R,1821.0,R,1117.0,R,61.0,R,1000.0,R,0.0,R,1000.0,R,434.0,R,43.0,R,20
156408,2010,R,356.0,R,374.0,R,95.0,R,332.0,R,0.0,R,332.0,R,305.0,R,92.0,R,0.0,R,0.0,R,0.0,R,0.0,A,,R,11
156417,2010,R,16.0,R,48.0,R,33.0,R,13.0,R,0.0,R,13.0,R,10.0,R,77.0,R,7.0,R,0.0,R,7.0,R,6.0,R,86.0,R,15
156426,2010,A,,A,,A,,R,48.0,R,0.0,R,48.0,R,44.0,R,92.0,R,10.0,R,0.0,R,10.0,R,9.0,R,90.0,R,24
156444,2010,A,,A,,A,,R,6.0,R,0.0,R,6.0,R,4.0,R,67.0,Z,0.0,Z,0.0,Z,0.0,Z,0.0,A,,R,20
156471,2010,A,,A,,A,,R,103.0,R,0.0,R,103.0,R,81.0,R,79.0,R,50.0,R,0.0,R,50.0,R,35.0,R,70.0,R,11
156541,2010,R,446.0,R,506.0,R,88.0,R,453.0,R,0.0,R,453.0,R,255.0,R,56.0,R,1.0,R,0.0,R,1.0,R,0.0,R,0.0,R,15
156620,2010,R,2554.0,R,4186.0,R,61.0,R,2108.0,R,0.0,R,2108.0,R,1457.0,R,69.0,R,32.0,R,0.0,R,32.0,R,13.0,R,41.0,R,17
156648,2010,R,1045.0,R,2314.0,R,45.0,R,1144.0,R,2.0,R,1142.0,R,683.0,R,60.0,R,418.0,R,0.0,R,418.0,R,169.0,R,40.0,R,21
156675,2010,A,,A,,A,,R,23.0,R,0.0,R,23.0,R,12.0,R,52.0,R,0.0,R,0.0,R,0.0,R,0.0,A,,R,16
156745,2010,R,336.0,R,398.0,R,84.0,R,378.0,R,0.0,R,378.0,R,312.0,R,83.0,R,0.0,Z,0.0,R,0.0,Z,0.0,A,,R,11
156754,2010,A,,A,,A,,R,36.0,R,0.0,R,36.0,R,26.0,R,72.0,R,0.0,R,0.0,R,0.0,R,0.0,A,,R,7
156790,2010,R,553.0,R,847.0,R,65.0,R,517.0,R,1.0,R,516.0,R,350.0,R,68.0,R,53.0,R,0.0,R,53.0,R,30.0,R,57.0,R,15
156842,2010,A,,A,,A,,R,32.0,R,0.0,R,32.0,R,24.0,R,75.0,R,3.0,R,0.0,R,3.0,R,0.0,R,0.0,R,15
156851,2010,R,160.0,R,388.0,R,41.0,R,138.0,R,0.0,R,138.0,R,68.0,R,49.0,R,57.0,R,0.0,R,57.0,R,24.0,R,42.0,R,13
156860,2010,R,347.0,R,948.0,R,37.0,R,380.0,R,0.0,R,380.0,R,217.0,R,57.0,R,295.0,R,0.0,R,295.0,R,111.0,R,38.0,R,21
156903,2010,A,,A,,A,,R,0.0,R,0.0,R,0.0,R,0.0,A,,R,0.0,R,0.0,R,0.0,R,0.0,A,,R,19
156921,2010,R,1122.0,R,2929.0,R,38.0,R,1296.0,R,2.0,R,1294.0,R,729.0,R,56.0,R,814.0,R,1.0,R,813.0,R,361.0,R,44.0,R,17
156949,2010,A,,A,,A,,R,5.0,R,0.0,R,5.0,R,4.0,R,80.0,R,7.0,R,0.0,R,7.0,R,5.0,R,71.0,R,7
156967,2010,A,,A,,A,,R,21.0,R,0.0,R,21.0,R,17.0,R,81.0,R,0.0,R,0.0,R,0.0,R,0.0,A,,R,20
157021,2010,R,28.0,R,91.0,R,31.0,R,1.0,R,0.0,R,1.0,R,1.0,R,100.0,R,0.0,R,0.0,R,0.0,R,0.0,A,,R,13
157030,2010,R,14.0,R,28.0,R,50.0,R,18.0,R,0.0,R,18.0,R,10.0,R,56.0,R,3.0,R,0.0,R,3.0,R,1.0,R,33.0,R,12
157058,2010,R,612.0,R,809.0,R,76.0,R,457.0,R,0.0,R,457.0,R,249.0,R,54.0,R,11.0,R,0.0,R,11.0,R,1.0,R,9.0,R,16
157076,2010,R,205.0,R,265.0,R,77.0,R,226.0,R,0.0,R,226.0,R,138.0,R,61.0,R,0.0,R,0.0,R,0.0,R,0.0,A,,R,14
157085,2010,R,4282.0,R,5534.0,R,77.0,R,4111.0,R,0.0,R,4111.0,R,3361.0,R,82.0,R,42.0,R,0.0,R,42.0,R,27.0,R,64.0,R,18
157100,2010,R,128.0,R,209.0,R,61.0,R,135.0,R,0.0,R,135.0,R,89.0,R,66.0,R,0.0,R,0.0,R,0.0,R,0.0,A,,R,15
157216,2010,R,599.0,R,959.0,R,62.0,R,562.0,R,0.0,R,562.0,R,329.0,R,59.0,R,58.0,R,0.0,R,58.0,R,18.0,R,31.0,R,15
157234,2010,R,6.0,R,21.0,R,29.0,R,0.0,R,0.0,R,0.0,R,0.0,A,,R,0.0,R,0.0,R,0.0,R,0.0,A,,R,6
157270,2010,R,168.0,R,248.0,R,68.0,R,5.0,R,0.0,R,5.0,R,5.0,R,100.0,R,2.0,R,0.0,R,2.0,R,2.0,R,100.0,R,12
157289,2010,R,2515.0,R,3652.0,R,69.0,R,2441.0,R,1.0,R,2440.0,R,1896.0,R,78.0,R,36.0,R,0.0,R,36.0,R,20.0,R,56.0,R,18
157304,2010,R,364.0,R,685.0,R,53.0,R,319.0,R,0.0,R,319.0,R,193.0,R,61.0,R,123.0,R,0.0,R,123.0,R,54.0,R,44.0,R,13
157331,2010,R,453.0,R,798.0,R,57.0,R,482.0,R,0.0,R,482.0,R,280.0,R,58.0,R,137.0,R,0.0,R,137.0,R,50.0,R,36.0,R,16
157359,2010,R,223.0,R,806.0,R,28.0,R,172.0,Z,0.0,R,172.0,R,113.0,R,66.0,R,17.0,Z,0.0,R,17.0,R,4.0,R,24.0,R,27
157377,2010,R,311.0,R,1278.0,R,24.0,R,206.0,R,0.0,R,206.0,R,157.0,R,76.0,R,88.0,R,0.0,R,88.0,R,36.0,R,41.0,R,16
157386,2010,R,1176.0,R,1677.0,R,70.0,R,1245.0,R,1.0,R,1244.0,R,839.0,R,67.0,R,21.0,R,0.0,R,21.0,R,9.0,R,43.0,R,17
157395,2010,A,,A,,A,,R,31.0,R,0.0,R,31.0,R,20.0,R,65.0,Z,0.0,Z,0.0,Z,0.0,Z,0.0,A,,R,17
157401,2010,R,1365.0,R,1991.0,R,69.0,R,1370.0,Z,0.0,R,1370.0,R,962.0,R,70.0,R,15.0,Z,0.0,R,15.0,R,9.0,R,60.0,R,15
157438,2010,R,336.0,R,1038.0,R,32.0,R,328.0,R,0.0,R,328.0,R,232.0,R,71.0,R,370.0,R,0.0,R,370.0,R,194.0,R,52.0,R,15
157447,2010,R,2231.0,R,3619.0,R,62.0,R,2159.0,R,0.0,R,2159.0,R,1481.0,R,69.0,R,90.0,R,0.0,R,90.0,R,28.0,R,31.0,R,17
157456,2010,A,,A,,A,,R,8.0,R,0.0,R,8.0,R,4.0,R,50.0,R,0.0,R,0.0,R,0.0,R,0.0,A,,R,7
157465,2010,R,45.0,R,118.0,R,38.0,R,0.0,Z,0.0,R,0.0,Z,0.0,A,,R,0.0,Z,0.0,R,0.0,Z,0.0,A,,R,17
157483,2010,R,665.0,R,1500.0,R,44.0,R,510.0,R,0.0,R,510.0,R,308.0,R,60.0,R,204.0,R,0.0,R,204.0,R,93.0,R,46.0,R,13
157508,2010,A,,A,,A,,R,12.0,R,0.0,R,12.0,R,10.0,R,83.0,R,3.0,R,0.0,R,3.0,R,2.0,R,67.0,R,21
157535,2010,R,393.0,R,564.0,R,70.0,R,185.0,R,0.0,R,185.0,R,100.0,R,54.0,R,1.0,R,0.0,R,1.0,R,1.0,R,100.0,R,16
157553,2010,R,524.0,R,1018.0,R,51.0,R,432.0,R,0.0,R,432.0,R,275.0,R,64.0,R,62.0,R,0.0,R,62.0,R,24.0,R,39.0,R,18
157599,2010,R,530.0,R,530.0,R,100.0,R,0.0,Z,0.0,R,0.0,R,0.0,A,,R,0.0,Z,0.0,R,0.0,R,0.0,A,,R,18
157614,2010,A,,A,,A,,R,44.0,Z,0.0,R,44.0,R,26.0,R,59.0,R,5.0,Z,0.0,R,5.0,R,3.0,R,60.0,R,14
157632,2010,R,160.0,R,381.0,R,42.0,R,85.0,Z,0.0,R,85.0,R,42.0,R,49.0,R,2.0,Z,0.0,R,2.0,R,0.0,R,0.0,R,14
157650,2010,A,,A,,A,,R,56.0,Z,0.0,R,56.0,R,29.0,R,52.0,R,14.0,Z,0.0,R,14.0,R,9.0,R,64.0,R,19
157669,2010,A,,A,,A,,R,39.0,Z,0.0,R,39.0,R,17.0,R,44.0,R,11.0,Z,0.0,R,11.0,R,4.0,R,36.0,R,16
157678,2010,A,,A,,A,,R,46.0,Z,0.0,R,46.0,R,23.0,R,50.0,R,11.0,Z,0.0,R,11.0,R,8.0,R,73.0,R,16
157696,2010,R,113.0,R,113.0,R,100.0,R,132.0,Z,0.0,R,132.0,R,29.0,R,22.0,R,0.0,Z,0.0,R,0.0,R,0.0,A,,R,12
157711,2010,R,1128.0,R,1920.0,R,59.0,R,1248.0,R,4.0,R,1244.0,R,763.0,R,61.0,R,282.0,R,0.0,R,282.0,R,134.0,R,48.0,R,23
157739,2010,R,396.0,R,940.0,R,42.0,R,348.0,R,0.0,R,348.0,R,205.0,R,59.0,R,79.0,R,0.0,R,79.0,R,24.0,R,30.0,R,16
157748,2010,R,47.0,R,120.0,R,39.0,R,46.0,R,0.0,R,46.0,R,40.0,R,87.0,R,12.0,R,0.0,R,12.0,R,5.0,R,42.0,R,28
157757,2010,A,,A,,A,,R,87.0,R,0.0,R,87.0,R,63.0,R,72.0,R,22.0,R,0.0,R,22.0,R,8.0,R,36.0,R,13
157766,2010,R,266.0,R,343.0,R,78.0,R,384.0,R,1.0,R,383.0,R,152.0,R,40.0,R,92.0,R,0.0,R,92.0,R,85.0,R,92.0,R,14
157793,2010,R,236.0,R,553.0,R,43.0,R,0.0,R,0.0,R,0.0,R,0.0,A,,R,0.0,R,0.0,R,0.0,R,0.0,A,,R,28
157809,2010,R,298.0,R,608.0,R,49.0,R,306.0,R,2.0,R,304.0,R,212.0,R,70.0,R,4.0,R,0.0,R,4.0,R,4.0,R,100.0,R,17
157818,2010,R,303.0,R,315.0,R,96.0,R,283.0,R,0.0,R,283.0,R,246.0,R,87.0,R,0.0,R,0.0,R,0.0,R,0.0,A,,R,12
157827,2010,A,,A,,A,,R,72.0,R,0.0,R,72.0,R,12.0,R,17.0,R,34.0,R,0.0,R,34.0,R,9.0,R,26.0,R,20
157863,2010,R,197.0,R,319.0,R,62.0,R,190.0,R,0.0,R,190.0,R,112.0,R,59.0,R,1.0,R,0.0,R,1.0,R,0.0,R,0.0,R,13
157951,2010,R,3284.0,R,4310.0,R,76.0,R,2565.0,R,0.0,R,2565.0,R,1890.0,R,74.0,R,37.0,R,0.0,R,37.0,R,17.0,R,46.0,R,19
158088,2010,R,430.0,R,790.0,R,54.0,R,320.0,R,4.0,R,316.0,R,171.0,R,54.0,R,128.0,R,0.0,R,128.0,R,47.0,R,37.0,R,18
158158,2010,A,,A,,A,,R,27.0,R,0.0,R,27.0,R,17.0,R,63.0,R,11.0,R,0.0,R,11.0,R,10.0,R,91.0,R,16
158246,2010,A,,A,,A,,A,,A,,A,,A,,A,,A,,A,,A,,A,,A,,R,12
158325,2010,A,,A,,A,,A,,A,,A,,A,,A,,A,,A,,A,,A,,A,,R,10
158334,2010,A,,A,,A,,R,16.0,R,4.0,R,12.0,R,11.0,R,92.0,R,0.0,R,0.0,R,0.0,R,0.0,A,,R,10
158343,2010,A,,A,,A,,R,6.0,Z,0.0,R,6.0,R,5.0,R,83.0,R,17.0,Z,0.0,R,17.0,R,15.0,R,88.0,R,25
158352,2010,R,289.0,R,699.0,R,41.0,R,509.0,R,0.0,R,509.0,R,340.0,R,67.0,R,50.0,R,0.0,R,50.0,R,20.0,R,40.0,R,26
158431,2010,R,1405.0,R,2163.0,R,65.0,R,1042.0,R,0.0,R,1042.0,R,502.0,R,48.0,R,187.0,R,0.0,R,187.0,R,78.0,R,42.0,R,24
158440,2010,A,,A,,A,,R,21.0,Z,0.0,R,21.0,R,14.0,R,67.0,Z,0.0,Z,0.0,Z,0.0,Z,0.0,A,,R,15
158477,2010,R,192.0,R,226.0,R,85.0,R,279.0,R,0.0,R,279.0,R,202.0,R,72.0,R,0.0,R,0.0,R,0.0,R,0.0,A,,R,10
158538,2010,A,,A,,A,,R,12.0,Z,0.0,R,12.0,R,8.0,R,67.0,Z,0.0,Z,0.0,Z,0.0,Z,0.0,A,,R,20
158617,2010,A,,A,,A,,A,,A,,A,,A,,A,,A,,A,,A,,A,,A,,R,20
158644,2010,A,,A,,A,,R,6.0,R,1.0,R,5.0,R,3.0,R,60.0,Z,0.0,Z,0.0,Z,0.0,Z,0.0,A,,R,14
158662,2010,R,2559.0,R,5194.0,R,49.0,R,2275.0,R,0.0,R,2275.0,R,1274.0,R,56.0,R,885.0,R,0.0,R,885.0,R,388.0,R,44.0,R,21
158723,2010,R,294.0,R,294.0,R,100.0,R,185.0,R,0.0,R,185.0,R,113.0,R,61.0,R,0.0,R,0.0,R,0.0,R,0.0,A,,R,11
158769,2010,R,232.0,R,544.0,R,43.0,R,361.0,R,0.0,R,361.0,R,231.0,R,64.0,R,84.0,R,0.0,R,84.0,R,42.0,R,50.0,R,17
158778,2010,A,,A,,A,,R,10.0,R,0.0,R,10.0,R,9.0,R,90.0,R,0.0,R,0.0,R,0.0,R,0.0,A,,R,20
158787,2010,A,,A,,A,,R,60.0,R,0.0,R,60.0,R,39.0,R,65.0,R,0.0,R,0.0,R,0.0,R,0.0,A,,R,10
158802,2010,R,411.0,R,500.0,R,82.0,R,321.0,R,0.0,R,321.0,R,209.0,R,65.0,R,5.0,R,0.0,R,5.0,R,3.0,R,60.0,R,11
158884,2010,R,167.0,R,1492.0,R,11.0,R,149.0,Z,0.0,R,149.0,R,88.0,R,59.0,R,67.0,Z,0.0,R,67.0,R,23.0,R,34.0,R,25
159009,2010,R,706.0,R,966.0,R,73.0,R,906.0,R,1.0,R,905.0,R,589.0,R,65.0,R,25.0,R,0.0,R,25.0,R,13.0,R,52.0,R,19
159027,2010,A,,A,,A,,R,27.0,R,0.0,R,27.0,R,17.0,R,63.0,R,0.0,R,0.0,R,0.0,R,0.0,A,,R,10
159197,2010,A,,A,,A,,R,153.0,R,0.0,R,153.0,R,103.0,R,67.0,R,0.0,R,0.0,R,0.0,R,0.0,A,,R,6
159319,2010,A,,A,,A,,R,20.0,R,0.0,R,20.0,R,7.0,R,35.0,R,0.0,R,0.0,R,0.0,R,0.0,A,,R,15
159328,2010,A,,A,,A,,R,55.0,R,0.0,R,55.0,R,40.0,R,73.0,R,0.0,R,0.0,R,0.0,R,0.0,A,,R,12
159373,2010,A,,A,,A,,A,,A,,A,,A,,A,,A,,A,,A,,A,,A,,R,5
159382,2010,R,307.0,R,601.0,R,51.0,R,119.0,R,0.0,R,119.0,R,74.0,R,62.0,R,27.0,R,0.0,R,27.0,R,11.0,R,41.0,R,15
159391,2010,R,5477.0,R,6697.0,R,82.0,R,4779.0,R,0.0,R,4779.0,R,4018.0,R,84.0,R,10.0,R,0.0,R,10.0,R,9.0,R,90.0,R,22
159407,2010,R,678.0,R,1111.0,R,61.0,R,803.0,R,2.0,R,801.0,R,353.0,R,44.0,R,112.0,R,0.0,R,112.0,R,36.0,R,32.0,R,24
159416,2010,R,334.0,R,749.0,R,45.0,R,345.0,R,0.0,R,345.0,R,237.0,R,69.0,R,14.0,R,0.0,R,14.0,R,8.0,R,57.0,R,22
159443,2010,R,639.0,R,971.0,R,66.0,R,582.0,Z,0.0,R,582.0,R,357.0,R,61.0,R,178.0,Z,0.0,R,178.0,R,74.0,R,42.0,R,22
159513,2010,A,,A,,A,,R,67.0,R,0.0,R,67.0,R,49.0,R,73.0,R,0.0,R,0.0,R,0.0,R,0.0,A,,R,15
159522,2010,A,,A,,A,,R,41.0,R,0.0,R,41.0,R,32.0,R,78.0,R,0.0,R,0.0,R,0.0,R,0.0,A,,R,14
159531,2010,A,,A,,A,,R,39.0,R,0.0,R,39.0,R,29.0,R,74.0,Z,0.0,Z,0.0,Z,0.0,Z,0.0,A,,R,11
159568,2010,R,293.0,R,383.0,R,77.0,R,254.0,R,0.0,R,254.0,R,145.0,R,57.0,R,1.0,R,0.0,R,1.0,R,0.0,R,0.0,R,15
159601,2010,A,,A,,A,,R,8.0,R,1.0,R,7.0,R,6.0,R,86.0,R,0.0,R,0.0,R,0.0,R,0.0,A,,R,9
159647,2010,R,1535.0,R,2427.0,R,63.0,R,1450.0,R,0.0,R,1450.0,R,1078.0,R,74.0,R,57.0,R,0.0,R,57.0,R,13.0,R,23.0,R,22
159656,2010,R,760.0,R,970.0,R,78.0,R,796.0,R,0.0,R,796.0,R,651.0,R,82.0,Z,0.0,Z,0.0,Z,0.0,Z,0.0,A,,R,9
159717,2010,R,1267.0,R,2383.0,R,53.0,R,1208.0,R,1.0,R,1207.0,R,841.0,R,70.0,R,85.0,R,0.0,R,85.0,R,42.0,R,49.0,R,20
159939,2010,R,1020.0,R,1939.0,R,53.0,R,1221.0,Z,0.0,R,1221.0,R,778.0,R,64.0,R,38.0,R,0.0,R,38.0,R,10.0,R,26.0,R,19
159948,2010,R,37.0,R,328.0,R,11.0,R,31.0,R,0.0,R,31.0,R,22.0,R,71.0,R,53.0,R,0.0,R,53.0,R,38.0,R,72.0,R,25
159966,2010,R,1050.0,R,1540.0,R,68.0,R,1216.0,R,1.0,R,1215.0,R,851.0,R,70.0,R,43.0,R,0.0,R,43.0,R,16.0,R,37.0,R,22
159993,2010,R,974.0,R,1591.0,R,61.0,R,1302.0,R,0.0,R,1302.0,R,939.0,R,72.0,R,32.0,R,0.0,R,32.0,R,15.0,R,47.0,R,18
160010,2010,R,341.0,R,706.0,R,48.0,R,405.0,R,0.0,R,405.0,R,223.0,R,55.0,R,140.0,R,0.0,R,140.0,R,74.0,R,53.0,R,19
160038,2010,R,1068.0,R,1797.0,R,59.0,R,1150.0,R,1.0,R,1149.0,R,820.0,R,71.0,R,78.0,R,0.0,R,78.0,R,31.0,R,40.0,R,19
160065,2010,R,45.0,R,248.0,R,18.0,R,64.0,R,0.0,R,64.0,R,49.0,R,77.0,R,15.0,R,0.0,R,15.0,R,10.0,R,67.0,R,13
160074,2010,R,77.0,R,297.0,R,26.0,R,3.0,R,0.0,R,3.0,R,2.0,R,67.0,R,0.0,R,0.0,R,0.0,R,0.0,A,,R,17
160117,2010,A,,A,,A,,R,12.0,Z,0.0,R,12.0,R,9.0,R,75.0,Z,0.0,Z,0.0,Z,0.0,Z,0.0,A,,R,4
160126,2010,A,,A,,A,,R,6.0,R,0.0,R,6.0,R,1.0,R,17.0,R,0.0,R,0.0,R,0.0,R,0.0,A,,R,3
160135,2010,A,,A,,A,,R,17.0,Z,0.0,R,17.0,R,11.0,R,65.0,Z,0.0,Z,0.0,Z,0.0,Z,0.0,A,,R,5
160199,2010,A,,A,,A,,R,33.0,R,0.0,R,33.0,R,28.0,R,85.0,R,2.0,R,0.0,R,2.0,R,2.0,R,100.0,R,15
160320,2010,A,,A,,A,,R,46.0,R,0.0,R,46.0,R,35.0,R,76.0,R,0.0,R,0.0,R,0.0,R,0.0,A,,R,14
160409,2010,R,9.0,R,27.0,R,33.0,R,9.0,Z,0.0,R,9.0,R,5.0,R,56.0,Z,0.0,Z,0.0,Z,0.0,Z,0.0,A,,R,4
160445,2010,A,,A,,A,,R,55.0,R,0.0,R,55.0,R,29.0,R,53.0,R,0.0,R,0.0,R,0.0,R,0.0,A,,R,20
160472,2010,A,,A,,A,,R,34.0,R,0.0,R,34.0,R,27.0,R,79.0,R,0.0,R,0.0,R,0.0,R,0.0,A,,R,18
160481,2010,R,301.0,R,1470.0,R,20.0,R,263.0,R,0.0,R,263.0,R,150.0,R,57.0,R,76.0,R,0.0,R,76.0,R,35.0,R,46.0,R,32
160524,2010,A,,A,,A,,R,127.0,Z,0.0,R,127.0,R,78.0,R,61.0,Z,0.0,Z,0.0,Z,0.0,Z,0.0,A,,R,17
160579,2010,R,519.0,R,843.0,R,62.0,R,402.0,R,9.0,R,393.0,R,219.0,R,56.0,R,85.0,R,0.0,R,85.0,R,30.0,R,35.0,R,25
160597,2010,A,,A,,A,,R,18.0,R,0.0,R,18.0,R,17.0,R,94.0,R,51.0,R,1.0,R,50.0,R,45.0,R,90.0,R,15
160612,2010,R,2420.0,R,4151.0,R,58.0,R,2516.0,R,3.0,R,2513.0,R,1683.0,R,67.0,R,203.0,R,0.0,R,203.0,R,123.0,R,61.0,R,23
160621,2010,R,876.0,R,1150.0,R,76.0,R,1010.0,R,0.0,R,1010.0,R,719.0,R,71.0,R,17.0,R,0.0,R,17.0,R,11.0,R,65.0,R,17
160630,2010,R,319.0,R,510.0,R,63.0,R,399.0,R,0.0,R,399.0,R,193.0,R,48.0,R,38.0,R,0.0,R,38.0,R,14.0,R,37.0,R,22
160649,2010,R,335.0,R,581.0,R,58.0,R,381.0,R,0.0,R,381.0,R,173.0,R,45.0,R,17.0,R,0.0,R,17.0,R,7.0,R,41.0,R,18
160658,2010,R,2915.0,R,3823.0,R,76.0,R,2569.0,R,0.0,R,2569.0,R,1875.0,R,73.0,R,37.0,R,0.0,R,37.0,R,20.0,R,54.0,R,23
160667,2010,R,264.0,R,575.0,R,46.0,R,347.0,Z,0.0,R,347.0,R,238.0,R,69.0,R,81.0,Z,0.0,R,81.0,R,39.0,R,48.0,R,24
160755,2010,R,1625.0,R,1725.0,R,94.0,R,1502.0,R,0.0,R,1502.0,R,1356.0,R,90.0,R,0.0,R,0.0,R,0.0,R,0.0,A,,R,11
160904,2010,R,776.0,R,1028.0,R,75.0,R,761.0,R,0.0,R,761.0,R,503.0,R,66.0,R,4.0,R,0.0,R,4.0,R,3.0,R,75.0,R,13
160913,2010,R,208.0,R,499.0,R,42.0,R,247.0,R,0.0,R,247.0,R,178.0,R,72.0,R,156.0,Z,0.0,R,156.0,R,75.0,R,48.0,R,22
160940,2010,A,,A,,A,,R,95.0,Z,0.0,R,95.0,R,39.0,R,41.0,R,109.0,Z,0.0,R,109.0,R,36.0,R,33.0,R,17
160959,2010,R,84.0,R,109.0,R,77.0,R,76.0,R,0.0,R,76.0,R,68.0,R,89.0,R,0.0,Z,0.0,R,0.0,Z,0.0,A,,R,11
160968,2010,A,,A,,A,,A,,A,,A,,A,,A,,A,,A,,A,,A,,A,,R,3
160977,2010,R,495.0,R,511.0,R,97.0,R,469.0,R,0.0,R,469.0,R,430.0,R,92.0,R,0.0,R,0.0,R,0.0,R,0.0,A,,R,10
160995,2010,A,,A,,A,,R,76.0,R,0.0,R,76.0,R,49.0,R,64.0,R,4.0,R,0.0,R,4.0,R,1.0,R,25.0,R,37
161004,2010,R,507.0,R,515.0,R,98.0,R,493.0,R,0.0,R,493.0,R,462.0,R,94.0,R,0.0,R,0.0,R,0.0,R,0.0,A,,R,9
161022,2010,R,1.0,R,49.0,R,2.0,R,3.0,R,0.0,R,3.0,R,2.0,R,67.0,R,0.0,R,0.0,R,0.0,R,0.0,A,,R,8
161059,2010,R,21.0,R,30.0,R,70.0,R,12.0,R,0.0,R,12.0,R,12.0,R,100.0,R,0.0,R,0.0,R,0.0,R,0.0,A,,R,16
161077,2010,R,546.0,R,832.0,R,66.0,R,483.0,R,0.0,R,483.0,R,342.0,R,71.0,R,120.0,R,0.0,R,120.0,R,66.0,R,55.0,R,18
161086,2010,R,484.0,R,489.0,R,99.0,R,480.0,R,0.0,R,480.0,R,455.0,R,95.0,Z,0.0,Z,0.0,Z,0.0,Z,0.0,A,,R,10
161138,2010,R,328.0,R,796.0,R,41.0,R,385.0,R,0.0,R,385.0,R,224.0,R,58.0,R,76.0,R,0.0,R,76.0,R,34.0,R,45.0,R,17
161165,2010,R,513.0,R,742.0,R,69.0,R,510.0,R,0.0,R,510.0,R,339.0,R,66.0,R,6.0,R,0.0,R,6.0,R,4.0,R,67.0,R,27
161192,2010,R,209.0,R,1092.0,R,19.0,R,210.0,Z,0.0,R,210.0,R,143.0,R,68.0,R,103.0,Z,0.0,R,103.0,R,51.0,R,50.0,R,16
161208,2010,R,6.0,R,44.0,R,14.0,R,22.0,R,0.0,R,22.0,R,22.0,R,100.0,R,0.0,R,0.0,R,0.0,R,0.0,A,,R,7
161217,2010,R,312.0,R,1460.0,R,21.0,R,186.0,R,0.0,R,186.0,R,98.0,R,53.0,R,74.0,R,0.0,R,74.0,R,40.0,R,54.0,R,19
161226,2010,R,555.0,R,672.0,R,83.0,R,525.0,R,0.0,R,525.0,R,398.0,R,76.0,R,1.0,R,0.0,R,1.0,R,1.0,R,100.0,R,14
161235,2010,R,153.0,R,427.0,R,36.0,R,98.0,R,0.0,R,98.0,R,64.0,R,65.0,R,5.0,R,0.0,R,5.0,R,2.0,R,40.0,R,16
161244,2010,R,106.0,R,374.0,R,28.0,R,100.0,R,0.0,R,100.0,R,67.0,R,67.0,R,5.0,R,0.0,R,5.0,R,2.0,R,40.0,R,14
161253,2010,R,1747.0,R,2657.0,R,66.0,R,1656.0,R,0.0,R,1656.0,R,1311.0,R,79.0,R,20.0,Z,0.0,R,20.0,R,7.0,R,35.0,R,12
161299,2010,R,278.0,R,320.0,R,87.0,R,303.0,R,3.0,R,300.0,R,236.0,R,79.0,R,0.0,R,0.0,R,0.0,R,0.0,A,,R,14
161341,2010,R,200.0,R,480.0,R,42.0,R,170.0,Z,0.0,R,170.0,R,109.0,R,64.0,R,10.0,Z,0.0,R,10.0,R,6.0,R,60.0,R,22
161457,2010,R,653.0,R,1169.0,R,56.0,R,475.0,R,0.0,R,475.0,R,381.0,R,80.0,R,0.0,R,0.0,R,0.0,R,0.0,A,,R,13
161484,2010,R,162.0,R,378.0,R,43.0,R,193.0,R,0.0,R,193.0,R,131.0,R,68.0,R,33.0,R,0.0,R,33.0,R,13.0,R,39.0,R,13
161493,2010,A,,A,,A,,R,120.0,Z,0.0,R,120.0,R,76.0,R,63.0,R,6.0,Z,0.0,R,6.0,R,4.0,R,67.0,R,12
161509,2010,R,91.0,R,112.0,R,81.0,R,69.0,R,0.0,R,69.0,R,55.0,R,80.0,R,0.0,R,0.0,R,0.0,R,0.0,A,,R,10
161518,2010,R,277.0,R,302.0,R,92.0,R,266.0,R,0.0,R,266.0,R,203.0,R,76.0,R,0.0,R,0.0,R,0.0,R,0.0,A,,R,15
161527,2010,A,,A,,A,,R,41.0,R,0.0,R,41.0,R,27.0,R,66.0,R,6.0,R,0.0,R,6.0,R,2.0,R,33.0,R,13
161545,2010,R,1109.0,R,2364.0,R,47.0,R,1063.0,R,0.0,R,1063.0,R,621.0,R,58.0,R,316.0,R,0.0,R,316.0,R,115.0,R,36.0,R,19
161554,2010,R,824.0,R,2377.0,R,35.0,R,892.0,R,0.0,R,892.0,R,621.0,R,70.0,R,54.0,R,0.0,R,54.0,R,24.0,R,44.0,R,16
161563,2010,R,230.0,R,325.0,R,71.0,R,195.0,R,0.0,R,195.0,R,119.0,R,61.0,R,2.0,R,0.0,R,2.0,R,0.0,R,0.0,R,18
161572,2010,R,146.0,R,182.0,R,80.0,R,169.0,R,0.0,R,169.0,R,128.0,R,76.0,R,0.0,R,0.0,R,0.0,R,0.0,A,,R,12
161581,2010,R,148.0,R,292.0,R,51.0,R,191.0,R,0.0,R,191.0,R,118.0,R,62.0,R,34.0,R,0.0,R,34.0,R,9.0,R,26.0,R,15
161615,2010,A,,A,,A,,R,18.0,Z,0.0,R,18.0,R,13.0,R,72.0,R,1.0,Z,0.0,R,1.0,R,1.0,R,100.0,R,8
161651,2010,A,,A,,A,,R,11.0,Z,0.0,R,11.0,R,10.0,R,91.0,R,2.0,Z,0.0,R,2.0,R,1.0,R,50.0,R,10
161688,2010,R,714.0,R,1455.0,R,49.0,R,793.0,R,0.0,R,793.0,R,458.0,R,58.0,R,122.0,R,0.0,R,122.0,R,45.0,R,37.0,R,17
161767,2010,R,2014.0,R,4757.0,R,42.0,R,2097.0,R,0.0,R,2097.0,R,1279.0,R,61.0,R,1160.0,R,0.0,R,1160.0,R,555.0,R,48.0,R,18
161776,2010,A,,A,,A,,R,19.0,Z,0.0,R,19.0,R,12.0,R,63.0,R,115.0,Z,0.0,R,115.0,R,80.0,R,70.0,R,32
161800,2010,A,,A,,A,,R,32.0,R,0.0,R,32.0,R,27.0,R,84.0,R,13.0,R,0.0,R,13.0,R,7.0,R,54.0,R,25
161855,2010,A,,A,,A,,R,31.0,R,0.0,R,31.0,R,18.0,R,58.0,R,7.0,R,0.0,R,7.0,R,3.0,R,43.0,R,25
161864,2010,R,730.0,R,1708.0,R,43.0,R,712.0,R,0.0,R,712.0,R,329.0,R,46.0,R,678.0,R,0.0,R,678.0,R,215.0,R,32.0,R,21
161873,2010,R,163.0,R,907.0,R,18.0,R,174.0,R,0.0,R,174.0,R,133.0,R,76.0,R,1.0,R,0.0,R,1.0,R,1.0,R,100.0,R,20
161882,2010,R,114.0,R,234.0,R,49.0,R,13.0,R,0.0,R,13.0,R,4.0,R,31.0,R,0.0,R,0.0,R,0.0,R,0.0,A,,R,18
162007,2010,R,608.0,R,1101.0,R,55.0,R,635.0,R,0.0,R,635.0,R,451.0,R,71.0,R,7.0,R,0.0,R,7.0,R,4.0,R,57.0,R,16
162061,2010,R,53.0,R,93.0,R,57.0,R,66.0,R,0.0,R,66.0,R,46.0,R,70.0,R,1.0,R,0.0,R,1.0,R,1.0,R,100.0,R,11
162104,2010,R,248.0,R,640.0,R,39.0,R,194.0,R,0.0,R,194.0,R,105.0,R,54.0,R,191.0,R,0.0,R,191.0,R,69.0,R,36.0,R,13
162122,2010,R,860.0,R,3362.0,R,26.0,R,966.0,R,0.0,R,966.0,R,564.0,R,58.0,R,561.0,R,0.0,R,561.0,R,226.0,R,40.0,R,20
162168,2010,R,431.0,R,935.0,R,46.0,R,449.0,R,0.0,R,449.0,R,253.0,R,56.0,R,234.0,R,0.0,R,234.0,R,104.0,R,44.0,R,19
162210,2010,R,123.0,R,279.0,R,44.0,R,144.0,R,0.0,R,144.0,R,99.0,R,69.0,R,4.0,R,0.0,R,4.0,R,4.0,R,100.0,R,15
162283,2010,R,511.0,R,838.0,R,61.0,R,541.0,R,0.0,R,541.0,R,330.0,R,61.0,R,33.0,R,0.0,R,33.0,R,20.0,R,61.0,R,15
162335,2010,A,,A,,A,,R,28.0,R,0.0,R,28.0,R,15.0,R,54.0,R,0.0,R,0.0,R,0.0,R,0.0,A,,R,19
162371,2010,A,,A,,A,,R,247.0,R,2.0,R,245.0,R,170.0,R,69.0,Z,0.0,Z,0.0,Z,0.0,Z,0.0,A,,R,15
162557,2010,R,907.0,R,1840.0,R,49.0,R,970.0,R,0.0,R,970.0,R,639.0,R,66.0,R,603.0,R,0.0,R,603.0,R,264.0,R,44.0,R,17
162584,2010,R,1028.0,R,1446.0,R,71.0,R,1028.0,R,0.0,R,1028.0,R,761.0,R,74.0,R,4.0,R,0.0,R,4.0,R,1.0,R,25.0,R,17
162609,2010,R,252.0,R,371.0,R,68.0,R,263.0,R,0.0,R,263.0,R,142.0,R,54.0,R,11.0,R,0.0,R,11.0,R,6.0,R,55.0,R,19
162654,2010,R,389.0,R,462.0,R,84.0,R,398.0,R,0.0,R,398.0,R,329.0,R,83.0,R,2.0,R,0.0,R,2.0,R,0.0,R,0.0,R,9
162681,2010,A,,A,,A,,R,1.0,Z,0.0,R,1.0,R,0.0,R,0.0,R,3.0,Z,0.0,R,3.0,R,0.0,R,0.0,R,29
162690,2010,R,514.0,R,1552.0,R,33.0,R,487.0,R,0.0,R,487.0,R,305.0,R,63.0,R,454.0,R,0.0,R,454.0,R,232.0,R,51.0,R,18
162706,2010,R,1079.0,R,2114.0,R,51.0,R,959.0,R,0.0,R,959.0,R,602.0,R,63.0,R,382.0,R,0.0,R,382.0,R,171.0,R,45.0,R,21
162760,2010,R,327.0,R,489.0,R,67.0,R,251.0,R,0.0,R,251.0,R,193.0,R,77.0,R,0.0,R,0.0,R,0.0,R,0.0,A,,R,12
162779,2010,R,1153.0,R,2809.0,R,41.0,R,1157.0,R,0.0,R,1157.0,R,760.0,R,66.0,R,595.0,R,0.0,R,595.0,R,278.0,R,47.0,R,17
162830,2010,A,,A,,A,,R,14.0,R,0.0,R,14.0,R,12.0,R,86.0,R,0.0,R,0.0,R,0.0,R,0.0,A,,R,15
162928,2010,R,1325.0,R,1586.0,R,84.0,R,1433.0,R,10.0,R,1423.0,R,1372.0,R,96.0,R,0.0,R,0.0,R,0.0,R,0.0,A,,R,9
162982,2010,A,,A,,A,,R,21.0,R,0.0,R,21.0,R,15.0,R,71.0,R,0.0,R,0.0,R,0.0,R,0.0,A,,R,16
163028,2010,A,,A,,A,,R,382.0,R,0.0,R,382.0,R,236.0,R,62.0,R,0.0,R,0.0,R,0.0,R,0.0,A,,R,28
163046,2010,R,1019.0,R,1052.0,R,97.0,R,968.0,R,0.0,R,968.0,R,844.0,R,87.0,R,0.0,R,0.0,R,0.0,Z,0.0,A,,R,13
163107,2010,A,,A,,A,,R,6.0,R,0.0,R,6.0,R,4.0,R,67.0,R,5.0,R,0.0,R,5.0,R,2.0,R,40.0,R,25
163204,2010,R,146.0,R,5539.0,R,3.0,R,140.0,R,0.0,R,140.0,R,52.0,R,37.0,R,720.0,R,0.0,R,720.0,R,247.0,R,34.0,R,18
163259,2010,A,,A,,A,,A,,A,,A,,A,,A,,A,,A,,A,,A,,A,,R,10
163268,2010,R,1485.0,R,2780.0,R,53.0,R,1524.0,R,0.0,R,1524.0,R,1287.0,R,84.0,R,8.0,R,0.0,R,8.0,R,4.0,R,50.0,R,19
163286,2010,R,3923.0,R,6184.0,R,63.0,R,4193.0,R,1.0,R,4192.0,R,3990.0,R,95.0,R,9.0,R,0.0,R,9.0,R,9.0,R,100.0,R,18
163295,2010,R,430.0,R,507.0,R,85.0,R,458.0,R,1.0,R,457.0,R,399.0,R,87.0,R,1.0,R,0.0,R,1.0,R,0.0,R,0.0,R,10
163338,2010,R,944.0,R,1168.0,R,81.0,R,876.0,R,0.0,R,876.0,R,568.0,R,65.0,R,5.0,R,0.0,R,5.0,R,2.0,R,40.0,R,17
163347,2010,A,,A,,A,,R,494.0,R,0.0,R,494.0,R,151.0,R,31.0,R,0.0,R,0.0,R,0.0,R,0.0,A,,R,23
163408,2010,A,,A,,A,,R,23.0,R,0.0,R,23.0,R,12.0,R,52.0,R,21.0,R,0.0,R,21.0,R,11.0,R,52.0,R,25
163426,2010,R,2244.0,R,7137.0,R,31.0,R,2306.0,R,0.0,R,2306.0,R,1566.0,R,68.0,R,1551.0,R,0.0,R,1551.0,R,741.0,R,48.0,R,20
163453,2010,R,1208.0,R,1850.0,R,65.0,R,1261.0,R,0.0,R,1261.0,R,851.0,R,67.0,R,27.0,R,0.0,R,27.0,R,13.0,R,48.0,R,14
163462,2010,R,424.0,R,489.0,R,87.0,R,465.0,R,1.0,R,464.0,R,370.0,R,80.0,R,0.0,R,0.0,R,0.0,R,0.0,A,,R,13
163532,2010,R,53.0,R,138.0,R,38.0,R,47.0,R,0.0,R,47.0,R,39.0,R,83.0,R,0.0,R,0.0,R,0.0,R,0.0,A,,R,18
163541,2010,A,,A,,A,,R,35.0,R,0.0,R,35.0,R,25.0,R,71.0,R,31.0,R,0.0,R,31.0,R,20.0,R,65.0,R,25
163578,2010,R,119.0,R,315.0,R,38.0,R,103.0,R,0.0,R,103.0,R,78.0,R,76.0,R,3.0,R,0.0,R,3.0,R,1.0,R,33.0,R,12
163657,2010,R,1172.0,R,4448.0,R,26.0,R,1222.0,R,0.0,R,1222.0,R,738.0,R,60.0,R,1405.0,R,0.0,R,1405.0,R,627.0,R,45.0,R,16
163736,2010,A,,A,,A,,R,326.0,Z,0.0,R,326.0,R,162.0,R,50.0,R,0.0,Z,0.0,R,0.0,R,0.0,A,,R,40
163754,2010,A,,A,,A,,R,22.0,R,0.0,R,22.0,R,18.0,R,82.0,R,4.0,R,0.0,R,4.0,R,3.0,R,75.0,R,5
163815,2010,A,,A,,A,,R,10.0,R,0.0,R,10.0,R,8.0,R,80.0,R,17.0,R,0.0,R,17.0,R,13.0,R,76.0,R,25
163842,2010,A,,A,,A,,A,,A,,A,,A,,A,,A,,A,,A,,A,,A,,R,6
163851,2010,R,1250.0,R,2222.0,R,56.0,R,1275.0,R,0.0,R,1275.0,R,1032.0,R,81.0,R,1.0,R,0.0,R,1.0,R,1.0,R,100.0,R,17
163912,2010,R,443.0,R,554.0,R,80.0,R,488.0,R,0.0,R,488.0,R,426.0,R,87.0,R,0.0,R,0.0,R,0.0,R,0.0,A,,R,10
163921,2010,R,121.0,R,254.0,R,48.0,R,118.0,R,0.0,R,118.0,R,65.0,R,55.0,R,16.0,R,0.0,R,16.0,R,9.0,R,56.0,R,8
163976,2010,R,136.0,R,136.0,R,100.0,R,133.0,R,0.0,R,133.0,R,110.0,R,83.0,R,0.0,R,0.0,R,0.0,R,0.0,A,,R,7
164058,2010,A,,A,,A,,R,190.0,Z,0.0,R,190.0,R,133.0,R,70.0,R,0.0,Z,0.0,R,0.0,R,0.0,A,,R,31
164076,2010,R,2427.0,R,4409.0,R,55.0,R,2397.0,R,0.0,R,2397.0,R,2029.0,R,85.0,R,7.0,R,0.0,R,7.0,R,5.0,R,71.0,R,17
164100,2010,A,,A,,A,,R,250.0,R,0.0,R,250.0,R,221.0,R,88.0,R,0.0,R,0.0,R,0.0,R,0.0,A,,R,20
164155,2010,R,1220.0,R,1220.0,R,100.0,R,1229.0,R,0.0,R,1229.0,R,1186.0,R,97.0,R,0.0,R,0.0,R,0.0,R,0.0,A,,R,9
164173,2010,R,877.0,R,1289.0,R,68.0,R,522.0,R,0.0,R,522.0,R,398.0,R,76.0,R,3.0,R,0.0,R,3.0,R,1.0,R,33.0,R,16
164207,2010,R,19.0,R,69.0,R,28.0,R,17.0,R,0.0,R,17.0,R,12.0,R,71.0,R,10.0,R,0.0,R,10.0,R,4.0,R,40.0,R,15
164216,2010,R,421.0,R,472.0,R,89.0,R,378.0,R,0.0,R,378.0,R,321.0,R,85.0,R,0.0,R,0.0,R,0.0,R,0.0,A,,R,13
164270,2010,R,409.0,R,460.0,R,89.0,R,421.0,R,0.0,R,421.0,R,344.0,R,82.0,R,0.0,R,0.0,R,0.0,R,0.0,A,,R,12
164313,2010,R,437.0,R,1323.0,R,33.0,R,431.0,R,0.0,R,431.0,R,249.0,R,58.0,R,470.0,R,0.0,R,470.0,R,179.0,R,38.0,R,20
164438,2010,A,,A,,A,,R,2.0,R,0.0,R,2.0,R,1.0,R,50.0,R,1.0,R,0.0,R,1.0,R,1.0,R,100.0,R,31
164447,2010,R,367.0,R,543.0,R,68.0,R,354.0,R,0.0,R,354.0,R,225.0,R,64.0,R,1.0,R,0.0,R,1.0,R,0.0,R,0.0,R,15
164465,2010,R,488.0,R,506.0,R,96.0,R,468.0,R,0.0,R,468.0,R,447.0,R,96.0,R,0.0,R,0.0,R,0.0,R,0.0,A,,R,9
164492,2010,R,287.0,R,381.0,R,75.0,R,372.0,R,0.0,R,372.0,R,199.0,R,53.0,R,1.0,R,0.0,R,1.0,R,1.0,R,100.0,R,12
164535,2010,A,,A,,A,,R,42.0,R,0.0,R,42.0,R,33.0,R,79.0,R,0.0,R,0.0,R,0.0,R,0.0,A,,R,11
164562,2010,R,590.0,R,672.0,R,88.0,R,515.0,R,0.0,R,515.0,R,421.0,R,82.0,R,0.0,R,0.0,R,0.0,R,0.0,A,,R,11
164571,2010,R,66.0,R,111.0,R,59.0,R,92.0,R,0.0,R,92.0,R,56.0,R,61.0,R,9.0,R,0.0,R,9.0,R,4.0,R,44.0,R,11
164580,2010,R,490.0,R,531.0,R,92.0,R,471.0,R,0.0,R,471.0,R,435.0,R,92.0,R,0.0,R,0.0,R,0.0,R,0.0,A,,R,14
164599,2010,A,,A,,A,,R,20.0,R,0.0,R,20.0,R,7.0,R,35.0,R,1.0,R,0.0,R,1.0,R,1.0,R,100.0,R,22
164614,2010,R,29.0,R,46.0,R,63.0,R,24.0,R,0.0,R,24.0,R,13.0,R,54.0,R,0.0,R,0.0,R,0.0,R,0.0,A,,R,17
164632,2010,R,178.0,R,512.0,R,35.0,R,181.0,R,0.0,R,181.0,R,125.0,R,69.0,R,26.0,R,0.0,R,26.0,R,6.0,R,23.0,R,20
164641,2010,R,263.0,R,619.0,R,42.0,R,46.0,R,0.0,R,46.0,R,33.0,R,72.0,R,5.0,R,0.0,R,5.0,R,3.0,R,60.0,R,15
164678,2010,A,,A,,A,,R,290.0,R,0.0,R,290.0,R,224.0,R,77.0,R,13.0,R,0.0,R,13.0,R,13.0,R,100.0,R,17
164720,2010,R,385.0,R,591.0,R,65.0,R,276.0,R,0.0,R,276.0,R,168.0,R,61.0,R,1.0,R,0.0,R,1.0,R,1.0,R,100.0,R,20
164739,2010,R,962.0,R,1168.0,R,82.0,R,947.0,R,0.0,R,947.0,R,877.0,R,93.0,R,0.0,R,0.0,R,0.0,R,0.0,A,,R,14
164748,2010,R,885.0,R,1128.0,R,78.0,R,702.0,R,0.0,R,702.0,R,590.0,R,84.0,R,1.0,R,0.0,R,1.0,R,0.0,R,0.0,R,12
164775,2010,R,348.0,R,988.0,R,35.0,R,339.0,R,0.0,R,339.0,R,200.0,R,59.0,R,152.0,R,0.0,R,152.0,R,76.0,R,50.0,R,16
164845,2010,A,,A,,A,,R,97.0,Z,0.0,R,97.0,R,66.0,R,68.0,R,20.0,Z,0.0,R,20.0,R,12.0,R,60.0,R,16
164872,2010,R,41.0,R,177.0,R,23.0,R,75.0,R,0.0,R,75.0,R,36.0,R,48.0,R,0.0,R,0.0,R,0.0,R,0.0,A,,R,4
164924,2010,R,2237.0,R,2418.0,R,93.0,R,2337.0,R,0.0,R,2337.0,R,2241.0,R,96.0,R,5.0,R,0.0,R,5.0,R,2.0,R,40.0,R,16
164933,2010,R,127.0,R,127.0,R,100.0,R,159.0,R,0.0,R,159.0,R,134.0,R,84.0,R,0.0,R,0.0,R,0.0,R,0.0,A,,R,6
164988,2010,R,4409.0,R,6035.0,R,73.0,R,4130.0,R,0.0,R,4130.0,R,3768.0,R,91.0,R,0.0,R,0.0,R,0.0,R,0.0,A,,R,13
165015,2010,R,689.0,R,794.0,R,87.0,R,781.0,R,7.0,R,774.0,R,714.0,R,92.0,Z,0.0,Z,0.0,Z,0.0,Z,0.0,A,,R,9
165024,2010,R,1431.0,R,2593.0,R,55.0,R,1453.0,R,0.0,R,1453.0,R,1177.0,R,81.0,R,26.0,R,0.0,R,26.0,R,8.0,R,31.0,R,22
165033,2010,R,1555.0,R,3065.0,R,51.0,R,1399.0,R,0.0,R,1399.0,R,861.0,R,62.0,R,513.0,R,0.0,R,513.0,R,236.0,R,46.0,R,21
165060,2010,A,,A,,A,,R,4.0,Z,0.0,R,4.0,R,3.0,R,75.0,R,0.0,Z,0.0,R,0.0,R,0.0,A,,R,14
165112,2010,R,1095.0,R,3352.0,R,33.0,R,1463.0,R,0.0,R,1463.0,R,828.0,R,57.0,R,1265.0,R,0.0,R,1265.0,R,643.0,R,51.0,R,19
165167,2010,R,143.0,R,376.0,R,38.0,R,7.0,R,0.0,R,7.0,R,1.0,R,14.0,R,15.0,R,0.0,R,15.0,R,1.0,R,7.0,R,15
165194,2010,R,471.0,R,1432.0,R,33.0,R,634.0,R,0.0,R,634.0,R,349.0,R,55.0,R,308.0,R,0.0,R,308.0,R,127.0,R,41.0,R,17
165255,2010,A,,A,,A,,R,37.0,R,0.0,R,37.0,R,37.0,R,100.0,R,22.0,R,0.0,R,22.0,R,22.0,R,100.0,R,12
165264,2010,R,4.0,R,191.0,R,2.0,R,9.0,R,0.0,R,9.0,R,6.0,R,67.0,R,19.0,R,0.0,R,19.0,R,18.0,R,95.0,R,6
165334,2010,R,575.0,R,658.0,R,87.0,R,548.0,R,0.0,R,548.0,R,495.0,R,90.0,R,2.0,R,0.0,R,2.0,R,1.0,R,50.0,R,10
165529,2010,R,575.0,R,734.0,R,78.0,R,623.0,R,0.0,R,623.0,R,410.0,R,66.0,R,1.0,R,0.0,R,1.0,R,1.0,R,100.0,R,10
165556,2010,A,,A,,A,,R,183.0,R,0.0,R,183.0,R,115.0,R,63.0,R,35.0,R,0.0,R,35.0,R,26.0,R,74.0,R,41
165574,2010,R,581.0,R,681.0,R,85.0,R,38.0,R,0.0,R,38.0,R,28.0,R,74.0,R,0.0,R,0.0,R,0.0,R,0.0,A,,R,19
165608,2010,A,,A,,A,,R,27.0,Z,0.0,R,27.0,R,20.0,R,74.0,R,2.0,Z,0.0,R,2.0,R,2.0,R,100.0,R,7
165635,2010,A,,A,,A,,R,57.0,R,0.0,R,57.0,R,36.0,R,63.0,R,0.0,R,0.0,R,0.0,R,0.0,A,,R,15
165644,2010,R,183.0,R,226.0,R,81.0,R,145.0,R,0.0,R,145.0,R,94.0,R,65.0,R,0.0,R,0.0,R,0.0,R,0.0,A,,R,15
165662,2010,R,825.0,R,1189.0,R,69.0,R,766.0,R,0.0,R,766.0,R,668.0,R,87.0,R,0.0,Z,0.0,R,0.0,Z,0.0,A,,R,16
165671,2010,R,528.0,R,780.0,R,68.0,R,423.0,R,0.0,R,423.0,R,348.0,R,82.0,R,0.0,R,0.0,R,0.0,R,0.0,A,,R,16
165680,2010,A,,A,,A,,A,,A,,A,,A,,A,,A,,A,,A,,A,,A,,R,5
165699,2010,R,613.0,R,707.0,R,87.0,R,561.0,R,2.0,R,559.0,R,445.0,R,80.0,R,0.0,R,0.0,R,0.0,R,0.0,A,,R,15
165750,2010,A,,A,,A,,R,55.0,R,2.0,R,53.0,R,35.0,R,66.0,R,0.0,R,0.0,R,0.0,R,0.0,A,,R,19
165802,2010,R,272.0,R,583.0,R,47.0,R,241.0,R,0.0,R,241.0,R,122.0,R,51.0,R,131.0,R,0.0,R,131.0,R,69.0,R,53.0,R,19
165820,2010,R,721.0,R,1201.0,R,60.0,R,781.0,R,0.0,R,781.0,R,606.0,R,78.0,R,2.0,R,0.0,R,2.0,R,0.0,R,0.0,R,17
165866,2010,R,720.0,R,1314.0,R,55.0,R,722.0,R,0.0,R,722.0,R,542.0,R,75.0,R,2.0,R,0.0,R,2.0,R,1.0,R,50.0,R,16
165884,2010,R,235.0,R,273.0,R,86.0,R,0.0,R,0.0,R,0.0,R,0.0,A,,R,0.0,R,0.0,R,0.0,R,0.0,A,,R,11
165936,2010,R,348.0,R,423.0,R,82.0,R,382.0,R,1.0,R,381.0,R,308.0,R,81.0,R,0.0,R,0.0,R,0.0,R,0.0,A,,R,13
165981,2010,R,314.0,R,855.0,R,37.0,R,333.0,R,0.0,R,333.0,R,207.0,R,62.0,R,186.0,R,0.0,R,186.0,R,82.0,R,44.0,R,15
166009,2010,A,,A,,A,,R,110.0,R,0.0,R,110.0,R,100.0,R,91.0,R,0.0,R,0.0,R,0.0,R,0.0,A,,R,9
166018,2010,R,418.0,R,484.0,R,86.0,R,363.0,Z,0.0,R,363.0,R,301.0,R,83.0,R,0.0,Z,0.0,R,0.0,Z,0.0,A,,R,13
166027,2010,R,1670.0,R,4680.0,R,36.0,R,1663.0,R,0.0,R,1663.0,R,1632.0,R,98.0,R,0.0,R,0.0,R,0.0,R,0.0,A,,R,7
166045,2010,A,,A,,A,,R,0.0,Z,0.0,R,0.0,Z,0.0,A,,R,0.0,Z,0.0,R,0.0,Z,0.0,A,,R,1
166054,2010,R,13.0,R,26.0,R,50.0,R,23.0,R,0.0,R,23.0,R,13.0,R,57.0,R,0.0,R,0.0,R,0.0,R,0.0,A,,R,8
166063,2010,A,,A,,A,,R,22.0,R,0.0,R,22.0,R,15.0,R,68.0,R,0.0,R,0.0,R,0.0,R,0.0,A,,R,8
166124,2010,R,727.0,R,779.0,R,93.0,R,746.0,R,0.0,R,746.0,R,732.0,R,98.0,R,0.0,R,0.0,R,0.0,R,0.0,A,,R,10
166133,2010,R,1250.0,R,2504.0,R,50.0,R,1431.0,R,0.0,R,1431.0,R,851.0,R,59.0,R,503.0,R,0.0,R,503.0,R,221.0,R,44.0,R,19
166276,2010,R,53.0,R,82.0,R,65.0,R,43.0,Z,0.0,R,43.0,R,26.0,R,60.0,R,9.0,Z,0.0,R,9.0,R,5.0,R,56.0,R,21
166294,2010,A,,A,,A,,R,37.0,Z,0.0,R,37.0,R,25.0,R,68.0,R,19.0,Z,0.0,R,19.0,R,18.0,R,95.0,R,10
166319,2010,A,,A,,A,,R,59.0,R,0.0,R,59.0,R,51.0,R,86.0,R,18.0,R,0.0,R,18.0,R,15.0,R,83.0,R,18
166328,2010,A,,A,,A,,R,6.0,R,0.0,R,6.0,R,5.0,R,83.0,R,2.0,R,0.0,R,2.0,R,1.0,R,50.0,R,10
166391,2010,R,475.0,R,549.0,R,87.0,R,521.0,R,0.0,R,521.0,R,364.0,R,70.0,R,1.0,R,0.0,R,1.0,R,0.0,R,0.0,R,15
166407,2010,R,1.0,R,1.0,R,100.0,R,2.0,R,0.0,R,2.0,R,2.0,R,100.0,R,0.0,R,0.0,R,0.0,R,0.0,A,,R,8
166452,2010,R,376.0,R,612.0,R,61.0,R,360.0,R,0.0,R,360.0,R,269.0,R,75.0,R,45.0,R,0.0,R,45.0,R,32.0,R,71.0,R,17
166489,2010,R,4.0,R,16.0,R,25.0,R,8.0,R,0.0,R,8.0,R,6.0,R,75.0,R,0.0,R,0.0,R,0.0,R,0.0,A,,R,5
166498,2010,A,,A,,A,,R,8.0,Z,0.0,R,8.0,R,7.0,R,88.0,R,86.0,Z,0.0,R,86.0,R,73.0,R,85.0,R,16
166513,2010,R,1620.0,R,2991.0,R,54.0,R,1504.0,R,1.0,R,1503.0,R,1177.0,R,78.0,R,18.0,R,0.0,R,18.0,R,7.0,R,39.0,R,14
166586,2010,A,,A,,A,,R,12.0,R,0.0,R,12.0,R,9.0,R,75.0,R,4.0,R,0.0,R,4.0,R,3.0,R,75.0,R,10
166595,2010,A,,A,,A,,R,14.0,R,0.0,R,14.0,R,12.0,R,86.0,R,6.0,R,0.0,R,6.0,R,5.0,R,83.0,R,11
166601,2010,R,94.0,R,133.0,R,71.0,R,95.0,R,3.0,R,92.0,R,66.0,R,72.0,R,1.0,R,0.0,R,1.0,R,0.0,R,0.0,R,22
166629,2010,R,4554.0,R,6342.0,R,72.0,R,4118.0,R,2.0,R,4116.0,R,3654.0,R,89.0,R,6.0,R,0.0,R,6.0,R,2.0,R,33.0,R,19
166638,2010,R,1069.0,R,3289.0,R,33.0,R,936.0,R,2.0,R,934.0,R,702.0,R,75.0,R,51.0,Z,0.0,R,51.0,R,32.0,R,63.0,R,16
166647,2010,R,772.0,R,1986.0,R,39.0,R,762.0,R,0.0,R,762.0,R,446.0,R,59.0,R,624.0,R,0.0,R,624.0,R,236.0,R,38.0,R,20
166656,2010,R,418.0,R,625.0,R,67.0,R,370.0,R,0.0,R,370.0,R,280.0,R,76.0,R,0.0,R,0.0,R,0.0,R,0.0,A,,R,17
166674,2010,R,338.0,R,650.0,R,52.0,R,314.0,R,0.0,R,314.0,R,280.0,R,89.0,Z,0.0,Z,0.0,Z,0.0,Z,0.0,A,,R,10
166683,2010,R,1067.0,R,1097.0,R,97.0,R,1071.0,R,0.0,R,1071.0,R,1042.0,R,97.0,R,0.0,R,0.0,R,0.0,R,0.0,A,,R,8
166692,2010,R,282.0,R,349.0,R,81.0,R,298.0,Z,0.0,R,298.0,R,253.0,R,85.0,Z,0.0,Z,0.0,Z,0.0,Z,0.0,A,,R,15
166805,2010,A,,A,,A,,R,16.0,R,0.0,R,16.0,R,13.0,R,81.0,R,25.0,R,0.0,R,25.0,R,20.0,R,80.0,R,13
166823,2010,R,1148.0,R,2729.0,R,42.0,R,1252.0,R,0.0,R,1252.0,R,742.0,R,59.0,R,410.0,R,0.0,R,410.0,R,206.0,R,50.0,R,19
166850,2010,R,485.0,R,616.0,R,79.0,R,545.0,R,0.0,R,545.0,R,444.0,R,81.0,R,0.0,R,0.0,R,0.0,R,0.0,A,,R,12
166869,2010,A,,A,,A,,A,,A,,A,,A,,A,,A,,A,,A,,A,,A,,R,7
166887,2010,R,1396.0,R,3368.0,R,41.0,R,1591.0,R,0.0,R,1591.0,R,929.0,R,58.0,R,726.0,R,0.0,R,726.0,R,315.0,R,43.0,R,21
166911,2010,R,99.0,R,116.0,R,85.0,R,128.0,Z,0.0,R,128.0,R,87.0,R,68.0,R,0.0,Z,0.0,R,0.0,Z,0.0,A,,R,12
166939,2010,R,533.0,R,654.0,R,81.0,R,560.0,Z,0.0,R,560.0,R,510.0,R,91.0,R,0.0,Z,0.0,R,0.0,Z,0.0,A,,R,9
166948,2010,R,393.0,R,509.0,R,77.0,R,423.0,R,0.0,R,423.0,R,272.0,R,64.0,R,3.0,R,0.0,R,3.0,R,1.0,R,33.0,R,14
166957,2010,R,688.0,R,1741.0,R,40.0,R,706.0,R,0.0,R,706.0,R,396.0,R,56.0,R,367.0,R,0.0,R,367.0,R,164.0,R,45.0,R,22
166975,2010,A,,A,,A,,A,,A,,A,,A,,A,,A,,A,,A,,A,,A,,R,12
166984,2010,R,97.0,R,154.0,R,63.0,R,125.0,R,0.0,R,125.0,R,91.0,R,73.0,R,0.0,Z,0.0,R,0.0,Z,0.0,A,,R,10
167020,2010,A,,A,,A,,R,213.0,R,0.0,R,213.0,R,104.0,R,49.0,R,0.0,R,0.0,R,0.0,R,0.0,A,,R,63
167039,2010,A,,A,,A,,R,14.0,R,0.0,R,14.0,R,9.0,R,64.0,R,0.0,R,0.0,R,0.0,R,0.0,A,,R,7
167057,2010,R,95.0,R,113.0,R,84.0,R,102.0,R,0.0,R,102.0,R,92.0,R,90.0,R,11.0,R,0.0,R,11.0,R,10.0,R,91.0,R,6
167224,2010,A,,A,,A,,R,29.0,R,0.0,R,29.0,R,17.0,R,59.0,R,0.0,R,0.0,R,0.0,R,0.0,A,,R,9
167251,2010,R,315.0,R,373.0,R,84.0,R,289.0,R,0.0,R,289.0,R,157.0,R,54.0,R,4.0,R,0.0,R,4.0,R,2.0,R,50.0,R,16
167260,2010,R,315.0,R,396.0,R,80.0,R,352.0,R,2.0,R,350.0,R,210.0,R,60.0,R,2.0,R,0.0,R,2.0,R,2.0,R,100.0,R,16
167288,2010,R,351.0,R,541.0,R,65.0,R,347.0,R,1.0,R,346.0,R,257.0,R,74.0,R,3.0,R,0.0,R,3.0,R,2.0,R,67.0,R,14
167297,2010,A,,A,,A,,R,14.0,R,0.0,R,14.0,R,14.0,R,100.0,R,0.0,R,0.0,R,0.0,R,0.0,A,,R,11
167312,2010,R,1109.0,R,2575.0,R,43.0,R,1251.0,R,1.0,R,1250.0,R,767.0,R,61.0,R,534.0,R,0.0,R,534.0,R,231.0,R,43.0,R,20
167321,2010,R,275.0,R,467.0,R,59.0,R,200.0,R,2.0,R,198.0,R,124.0,R,63.0,R,29.0,R,0.0,R,29.0,R,14.0,R,48.0,R,13
167358,2010,R,2836.0,R,4190.0,R,68.0,R,2833.0,R,1.0,R,2832.0,R,2637.0,R,93.0,Z,0.0,Z,0.0,Z,0.0,Z,0.0,A,,R,13
167376,2010,R,863.0,R,2714.0,R,32.0,R,1012.0,R,0.0,R,1012.0,R,619.0,R,61.0,R,944.0,R,0.0,R,944.0,R,358.0,R,38.0,R,21
167394,2010,R,196.0,R,300.0,R,65.0,R,153.0,R,0.0,R,153.0,R,124.0,R,81.0,R,0.0,R,0.0,R,0.0,R,0.0,A,,R,11
167455,2010,R,157.0,R,167.0,R,94.0,R,140.0,R,0.0,R,140.0,R,91.0,R,65.0,R,3.0,R,0.0,R,3.0,R,3.0,R,100.0,R,11
167525,2010,R,529.0,R,1605.0,R,33.0,R,558.0,R,0.0,R,558.0,R,369.0,R,66.0,R,508.0,R,0.0,R,508.0,R,233.0,R,46.0,R,20
167534,2010,R,1305.0,R,3028.0,R,43.0,R,1467.0,R,4.0,R,1463.0,R,823.0,R,56.0,R,585.0,R,0.0,R,585.0,R,272.0,R,46.0,R,22
167543,2010,A,,A,,A,,R,221.0,Z,0.0,R,221.0,R,141.0,R,64.0,Z,0.0,Z,0.0,Z,0.0,Z,0.0,A,,R,30
167598,2010,R,287.0,R,328.0,R,88.0,R,241.0,R,0.0,R,241.0,R,165.0,R,68.0,R,0.0,R,0.0,R,0.0,R,0.0,A,,R,15
167631,2010,R,322.0,R,1292.0,R,25.0,R,374.0,R,0.0,R,374.0,R,170.0,R,45.0,R,290.0,R,0.0,R,290.0,R,129.0,R,44.0,R,15
167677,2010,R,12.0,R,17.0,R,71.0,R,11.0,R,0.0,R,11.0,R,8.0,R,73.0,R,1.0,R,0.0,R,1.0,R,1.0,R,100.0,R,4
167729,2010,R,986.0,R,2126.0,R,46.0,R,1134.0,R,1.0,R,1133.0,R,791.0,R,70.0,R,20.0,R,0.0,R,20.0,R,8.0,R,40.0,R,16
167738,2010,A,,A,,A,,R,359.0,R,1.0,R,358.0,R,202.0,R,56.0,R,79.0,R,0.0,R,79.0,R,40.0,R,51.0,R,34
167783,2010,R,380.0,R,441.0,R,86.0,R,354.0,R,0.0,R,354.0,R,292.0,R,82.0,R,0.0,R,0.0,R,0.0,R,0.0,A,,R,13
167792,2010,R,135.0,R,142.0,R,95.0,R,178.0,R,0.0,R,178.0,R,133.0,R,75.0,R,0.0,R,0.0,R,0.0,R,0.0,A,,R,8
167835,2010,R,631.0,R,730.0,R,86.0,R,665.0,R,0.0,R,665.0,R,603.0,R,91.0,R,0.0,Z,0.0,R,0.0,Z,0.0,A,,R,9
167871,2010,A,,A,,A,,R,41.0,R,0.0,R,41.0,R,36.0,R,88.0,R,5.0,R,0.0,R,5.0,R,0.0,R,0.0,R,8
167899,2010,R,611.0,R,689.0,R,89.0,R,587.0,R,0.0,R,587.0,R,498.0,R,85.0,R,0.0,R,0.0,R,0.0,R,0.0,A,,R,14
167905,2010,R,850.0,R,2293.0,R,37.0,R,1036.0,R,0.0,R,1036.0,R,592.0,R,57.0,R,424.0,R,0.0,R,424.0,R,163.0,R,38.0,R,18
167987,2010,R,1692.0,R,2305.0,R,73.0,R,1789.0,R,1.0,R,1788.0,R,1254.0,R,70.0,R,5.0,R,0.0,R,5.0,R,3.0,R,60.0,R,17
167996,2010,R,728.0,R,761.0,R,96.0,R,683.0,R,0.0,R,683.0,R,626.0,R,92.0,R,1.0,R,0.0,R,1.0,R,1.0,R,100.0,R,13
168005,2010,R,1316.0,R,1385.0,R,95.0,R,1249.0,R,0.0,R,1249.0,R,905.0,R,72.0,R,5.0,R,0.0,R,5.0,R,0.0,R,0.0,R,13
168032,2010,A,,A,,A,,R,34.0,R,0.0,R,34.0,R,25.0,R,74.0,R,0.0,R,0.0,R,0.0,R,0.0,A,,R,9
168148,2010,R,1312.0,R,1372.0,R,96.0,R,1305.0,Z,0.0,R,1305.0,R,1266.0,R,97.0,Z,0.0,Z,0.0,Z,0.0,Z,0.0,A,,R,9
168218,2010,R,633.0,R,780.0,R,81.0,R,589.0,R,0.0,R,589.0,R,567.0,R,96.0,R,0.0,R,0.0,R,0.0,R,0.0,A,,R,7
168227,2010,R,715.0,R,1008.0,R,71.0,R,852.0,R,0.0,R,852.0,R,678.0,R,80.0,R,21.0,R,0.0,R,21.0,R,10.0,R,48.0,R,15
168254,2010,R,737.0,R,855.0,R,86.0,R,684.0,R,0.0,R,684.0,R,525.0,R,77.0,R,10.0,R,0.0,R,10.0,R,4.0,R,40.0,R,14
168263,2010,R,1138.0,R,1640.0,R,69.0,R,1135.0,R,0.0,R,1135.0,R,905.0,R,80.0,R,4.0,R,0.0,R,4.0,R,2.0,R,50.0,R,17
168281,2010,R,450.0,R,467.0,R,96.0,R,424.0,R,0.0,R,424.0,R,370.0,R,87.0,R,1.0,R,0.0,R,1.0,R,1.0,R,100.0,R,10
168290,2010,R,237.0,R,292.0,R,81.0,R,188.0,R,0.0,R,188.0,R,151.0,R,80.0,R,0.0,R,0.0,R,0.0,Z,0.0,A,,R,11
168342,2010,R,548.0,R,604.0,R,91.0,R,546.0,Z,0.0,R,546.0,R,530.0,R,97.0,Z,0.0,Z,0.0,Z,0.0,Z,0.0,A,,R,7
168421,2010,R,910.0,R,1035.0,R,88.0,R,918.0,R,0.0,R,918.0,R,869.0,R,95.0,R,7.0,R,0.0,R,7.0,R,4.0,R,57.0,R,14
168430,2010,R,809.0,R,1339.0,R,60.0,R,693.0,Z,0.0,R,693.0,R,521.0,R,75.0,R,2.0,Z,0.0,R,2.0,R,2.0,R,100.0,R,17
168519,2010,A,,A,,A,,R,6.0,Z,0.0,R,6.0,R,5.0,R,83.0,R,1.0,Z,0.0,R,1.0,R,1.0,R,100.0,R,16
168528,2010,R,485.0,R,557.0,R,87.0,R,470.0,R,0.0,R,470.0,R,331.0,R,70.0,R,0.0,R,0.0,R,0.0,R,0.0,A,,R,15
168546,2010,R,384.0,R,422.0,R,91.0,R,434.0,R,0.0,R,434.0,R,343.0,R,79.0,R,1.0,R,0.0,R,1.0,R,0.0,R,0.0,R,13
168555,2010,A,,A,,A,,R,19.0,R,0.0,R,19.0,R,17.0,R,89.0,R,6.0,R,0.0,R,6.0,R,4.0,R,67.0,R,16
168573,2010,A,,A,,A,,R,191.0,R,0.0,R,191.0,R,138.0,R,72.0,R,1.0,R,0.0,R,1.0,R,1.0,R,100.0,R,25
168591,2010,R,362.0,R,408.0,R,89.0,R,400.0,Z,0.0,R,400.0,R,304.0,R,76.0,R,0.0,R,0.0,R,0.0,R,0.0,A,,R,13
168607,2010,R,404.0,R,789.0,R,51.0,R,407.0,R,0.0,R,407.0,R,250.0,R,61.0,R,126.0,R,1.0,R,125.0,R,54.0,R,43.0,R,16
168740,2010,R,357.0,R,631.0,R,57.0,R,375.0,R,0.0,R,375.0,R,289.0,R,77.0,R,2.0,R,0.0,R,2.0,R,0.0,R,0.0,R,11
168786,2010,R,430.0,R,567.0,R,76.0,R,402.0,R,0.0,R,402.0,R,299.0,R,74.0,R,0.0,R,0.0,R,0.0,R,0.0,A,,R,13
168838,2010,R,620.0,R,976.0,R,64.0,R,46.0,R,0.0,R,46.0,R,25.0,R,54.0,R,3.0,R,0.0,R,3.0,R,0.0,R,0.0,R,27
168847,2010,R,1060.0,R,1974.0,R,54.0,R,85.0,R,0.0,R,85.0,R,49.0,R,58.0,R,11.0,R,0.0,R,11.0,R,6.0,R,55.0,R,23
168883,2010,R,454.0,R,876.0,R,52.0,R,495.0,R,0.0,R,495.0,R,307.0,R,62.0,R,91.0,R,0.0,R,91.0,R,42.0,R,46.0,R,24
168892,2010,A,,A,,A,,R,15.0,R,0.0,R,15.0,R,6.0,R,40.0,R,8.0,Z,0.0,R,8.0,R,3.0,R,38.0,R,6
169080,2010,R,935.0,R,1102.0,R,85.0,R,943.0,R,0.0,R,943.0,R,820.0,R,87.0,R,2.0,R,0.0,R,2.0,R,0.0,R,0.0,R,11
169187,2010,A,,A,,A,,R,48.0,R,0.0,R,48.0,R,39.0,R,81.0,R,21.0,R,0.0,R,21.0,R,19.0,R,90.0,R,16
169248,2010,R,4168.0,R,6169.0,R,68.0,R,3689.0,R,0.0,R,3689.0,R,2937.0,R,80.0,R,35.0,R,0.0,R,35.0,R,14.0,R,40.0,R,22
169275,2010,R,310.0,R,1718.0,R,18.0,R,296.0,R,0.0,R,296.0,R,168.0,R,57.0,R,293.0,R,0.0,R,293.0,R,127.0,R,43.0,R,24
169284,2010,A,,A,,A,,R,175.0,Z,0.0,R,175.0,R,112.0,R,64.0,R,25.0,Z,0.0,R,25.0,R,15.0,R,60.0,R,15
169327,2010,R,22.0,R,199.0,R,11.0,R,34.0,R,0.0,R,34.0,R,27.0,R,79.0,R,13.0,R,0.0,R,13.0,R,8.0,R,62.0,R,13
169363,2010,R,117.0,R,190.0,R,62.0,R,99.0,R,0.0,R,99.0,R,58.0,R,59.0,R,1.0,R,0.0,R,1.0,R,1.0,R,100.0,R,7
169442,2010,R,194.0,R,342.0,R,57.0,R,221.0,R,0.0,R,221.0,R,156.0,R,71.0,R,15.0,R,0.0,R,15.0,R,7.0,R,47.0,R,11
169479,2010,R,487.0,R,2110.0,R,23.0,R,336.0,R,0.0,R,336.0,R,224.0,R,67.0,R,136.0,R,0.0,R,136.0,R,50.0,R,37.0,R,40
169503,2010,A,,A,,A,,R,80.0,R,0.0,R,80.0,R,65.0,R,81.0,R,9.0,R,0.0,R,9.0,R,9.0,R,100.0,R,17
169521,2010,R,931.0,R,2560.0,R,36.0,R,1100.0,R,0.0,R,1100.0,R,828.0,R,75.0,R,545.0,R,0.0,R,545.0,R,276.0,R,51.0,R,21
169567,2010,A,,A,,A,,R,36.0,R,0.0,R,36.0,R,15.0,R,42.0,R,0.0,R,0.0,R,0.0,R,0.0,A,,R,8
169576,2010,A,,A,,A,,R,9.0,R,0.0,R,9.0,R,7.0,R,78.0,R,7.0,R,0.0,R,7.0,R,5.0,R,71.0,R,9
169655,2010,A,,A,,A,,R,265.0,R,0.0,R,265.0,R,226.0,R,85.0,R,0.0,R,0.0,R,0.0,R,0.0,A,,R,17
169716,2010,R,552.0,R,799.0,R,69.0,R,547.0,R,0.0,R,547.0,R,442.0,R,81.0,R,5.0,R,0.0,R,5.0,R,2.0,R,40.0,R,13
169734,2010,A,,A,,A,,R,43.0,R,0.0,R,43.0,R,27.0,R,63.0,R,13.0,R,0.0,R,13.0,R,7.0,R,54.0,R,26
169761,2010,A,,A,,A,,R,37.0,R,0.0,R,37.0,R,19.0,R,51.0,R,7.0,R,0.0,R,7.0,R,3.0,R,43.0,R,19
169798,2010,R,1955.0,R,4567.0,R,43.0,R,2196.0,R,0.0,R,2196.0,R,1679.0,R,76.0,R,51.0,R,0.0,R,51.0,R,26.0,R,51.0,R,18
169910,2010,R,1956.0,R,3938.0,R,50.0,R,1954.0,R,0.0,R,1954.0,R,1369.0,R,70.0,R,196.0,R,0.0,R,196.0,R,55.0,R,28.0,R,16
169947,2010,A,,A,,A,,R,24.0,R,0.0,R,24.0,R,22.0,R,92.0,R,0.0,R,0.0,R,0.0,R,0.0,A,,R,15
169974,2010,R,160.0,R,306.0,R,52.0,R,154.0,R,0.0,R,154.0,R,85.0,R,55.0,R,30.0,R,0.0,R,30.0,R,6.0,R,20.0,R,20
169983,2010,R,277.0,R,361.0,R,77.0,R,439.0,R,0.0,R,439.0,R,391.0,R,89.0,Z,0.0,Z,0.0,Z,0.0,Z,0.0,A,,R,14
169992,2010,R,271.0,R,469.0,R,58.0,R,260.0,R,0.0,R,260.0,R,145.0,R,56.0,R,48.0,R,0.0,R,48.0,R,26.0,R,54.0,R,18
170000,2010,R,53.0,R,75.0,R,71.0,R,48.0,R,0.0,R,48.0,R,38.0,R,79.0,R,0.0,R,0.0,R,0.0,R,0.0,A,,R,16
170037,2010,R,319.0,R,1348.0,R,24.0,R,333.0,R,0.0,R,333.0,R,270.0,R,81.0,R,6.0,R,0.0,R,6.0,R,3.0,R,50.0,R,16
170046,2010,A,,A,,A,,R,328.0,R,0.0,R,328.0,R,237.0,R,72.0,R,0.0,R,0.0,R,0.0,R,0.0,A,,R,58
170055,2010,R,2324.0,R,5577.0,R,42.0,R,2481.0,R,0.0,R,2481.0,R,1381.0,R,56.0,R,1376.0,R,1.0,R,1375.0,R,526.0,R,38.0,R,22
170082,2010,R,3417.0,R,5201.0,R,66.0,R,3718.0,R,0.0,R,3718.0,R,3105.0,R,84.0,R,9.0,R,0.0,R,9.0,R,7.0,R,78.0,R,17
170091,2010,R,56.0,R,86.0,R,65.0,R,33.0,R,0.0,R,33.0,R,23.0,R,70.0,R,8.0,R,0.0,R,8.0,R,2.0,R,25.0,R,10
170240,2010,R,2464.0,R,6155.0,R,40.0,R,2402.0,R,0.0,R,2402.0,R,1225.0,R,51.0,R,1593.0,R,0.0,R,1593.0,R,652.0,R,41.0,R,24
170301,2010,R,766.0,R,888.0,R,86.0,R,803.0,R,0.0,R,803.0,R,695.0,R,87.0,R,0.0,R,0.0,R,0.0,R,0.0,A,,R,12
170417,2010,R,118.0,R,177.0,R,67.0,R,0.0,R,0.0,R,0.0,R,0.0,A,,R,0.0,R,0.0,R,0.0,R,0.0,A,,R,22
170444,2010,R,1127.0,R,2324.0,R,48.0,R,1286.0,R,0.0,R,1286.0,R,715.0,R,56.0,R,585.0,R,0.0,R,585.0,R,246.0,R,42.0,R,20
170514,2010,A,,A,,A,,R,0.0,R,0.0,R,0.0,R,0.0,A,,R,9.0,R,0.0,R,9.0,R,9.0,R,100.0,R,2
170532,2010,R,342.0,R,386.0,R,89.0,R,391.0,R,0.0,R,391.0,R,357.0,R,91.0,R,0.0,R,0.0,R,0.0,R,0.0,A,,R,14
170541,2010,R,1332.0,R,7356.0,R,18.0,R,1584.0,R,2.0,R,1582.0,R,905.0,R,57.0,R,1141.0,R,3.0,R,1138.0,R,448.0,R,39.0,R,20
170550,2010,R,447.0,R,1226.0,R,36.0,R,581.0,R,0.0,R,581.0,R,353.0,R,61.0,R,471.0,R,0.0,R,471.0,R,230.0,R,49.0,R,19
170587,2010,R,152.0,R,378.0,R,40.0,R,273.0,R,0.0,R,273.0,R,130.0,R,48.0,R,130.0,R,0.0,R,130.0,R,58.0,R,45.0,R,16
170611,2010,A,,A,,A,,R,51.0,R,0.0,R,51.0,R,30.0,R,59.0,R,21.0,R,0.0,R,21.0,R,15.0,R,71.0,R,20
170620,2010,R,523.0,R,1100.0,R,48.0,R,556.0,R,0.0,R,556.0,R,309.0,R,56.0,R,362.0,R,1.0,R,361.0,R,128.0,R,35.0,R,23
170639,2010,R,501.0,R,775.0,R,65.0,R,375.0,R,0.0,R,375.0,R,255.0,R,68.0,R,11.0,R,0.0,R,11.0,R,6.0,R,55.0,R,17
170657,2010,R,1440.0,R,6067.0,R,24.0,R,2101.0,R,0.0,R,2101.0,R,993.0,R,47.0,R,2378.0,R,0.0,R,2378.0,R,1144.0,R,48.0,R,14
170675,2010,R,260.0,R,274.0,R,95.0,R,272.0,R,0.0,R,272.0,R,210.0,R,77.0,R,72.0,R,0.0,R,72.0,R,27.0,R,38.0,R,11
170736,2010,A,,A,,A,,R,34.0,R,0.0,R,34.0,R,15.0,R,44.0,R,4.0,R,0.0,R,4.0,R,0.0,R,0.0,R,7
170790,2010,R,786.0,R,3955.0,R,20.0,R,845.0,R,0.0,R,845.0,R,595.0,R,70.0,R,634.0,R,0.0,R,634.0,R,380.0,R,60.0,R,27
170806,2010,R,190.0,R,804.0,R,24.0,R,177.0,R,0.0,R,177.0,R,144.0,R,81.0,R,4.0,R,0.0,R,4.0,R,1.0,R,25.0,R,16
170842,2010,R,106.0,R,347.0,R,31.0,R,72.0,R,0.0,R,72.0,R,49.0,R,68.0,R,54.0,R,0.0,R,54.0,R,28.0,R,52.0,R,15
170967,2010,R,132.0,R,398.0,R,33.0,R,103.0,R,0.0,R,103.0,R,67.0,R,65.0,R,21.0,Z,0.0,R,21.0,R,4.0,R,19.0,R,13
170976,2010,R,6450.0,R,7424.0,R,87.0,R,6026.0,Z,0.0,R,6026.0,R,5766.0,R,96.0,R,32.0,Z,0.0,R,32.0,R,30.0,R,94.0,R,12
171012,2010,A,,A,,A,,R,135.0,R,0.0,R,135.0,R,89.0,R,66.0,R,0.0,R,0.0,R,0.0,R,0.0,A,,R,51
171100,2010,R,7227.0,R,8994.0,R,80.0,R,7251.0,R,1.0,R,7250.0,R,6596.0,R,91.0,R,134.0,R,0.0,R,134.0,R,81.0,R,60.0,R,16
171128,2010,R,1110.0,R,1404.0,R,79.0,R,1156.0,R,0.0,R,1156.0,R,935.0,R,81.0,R,3.0,R,0.0,R,3.0,R,2.0,R,67.0,R,13
171137,2010,R,883.0,R,1700.0,R,52.0,R,886.0,R,0.0,R,886.0,R,731.0,R,83.0,R,36.0,R,0.0,R,36.0,R,20.0,R,56.0,R,16
171146,2010,R,727.0,R,1903.0,R,38.0,R,715.0,Z,0.0,R,715.0,R,516.0,R,72.0,R,54.0,Z,0.0,R,54.0,R,22.0,R,41.0,R,17
171155,2010,R,744.0,R,2994.0,R,25.0,R,588.0,R,0.0,R,588.0,R,336.0,R,57.0,R,279.0,R,0.0,R,279.0,R,114.0,R,41.0,R,30
171225,2010,R,411.0,R,1330.0,R,31.0,R,389.0,R,0.0,R,389.0,R,210.0,R,54.0,R,364.0,R,0.0,R,364.0,R,147.0,R,40.0,R,23
171234,2010,R,139.0,R,802.0,R,17.0,R,179.0,R,0.0,R,179.0,R,115.0,R,64.0,R,161.0,R,0.0,R,161.0,R,72.0,R,45.0,R,19
171261,2010,A,,A,,A,,R,75.0,R,0.0,R,75.0,R,65.0,R,87.0,R,32.0,R,0.0,R,32.0,R,28.0,R,88.0,R,17
171298,2010,R,958.0,R,1639.0,R,58.0,R,50.0,Z,0.0,R,50.0,R,26.0,R,52.0,R,4.0,Z,0.0,R,4.0,R,0.0,R,0.0,R,37
171304,2010,R,462.0,R,1248.0,R,37.0,R,762.0,R,0.0,R,762.0,R,475.0,R,62.0,R,660.0,R,0.0,R,660.0,R,226.0,R,34.0,R,19
171313,2010,A,,A,,A,,R,337.0,R,0.0,R,337.0,R,233.0,R,69.0,R,0.0,R,0.0,R,0.0,R,0.0,A,,R,73
171322,2010,A,,A,,A,,R,407.0,R,0.0,R,407.0,R,283.0,R,70.0,R,0.0,R,0.0,R,0.0,R,0.0,A,,R,57
171395,2010,R,299.0,R,792.0,R,38.0,R,262.0,R,0.0,R,262.0,R,169.0,R,65.0,R,352.0,R,0.0,R,352.0,R,134.0,R,38.0,R,20
171456,2010,R,1635.0,R,2300.0,R,71.0,R,1246.0,R,0.0,R,1246.0,R,886.0,R,71.0,R,6.0,R,0.0,R,6.0,R,1.0,R,17.0,R,23
171465,2010,A,,A,,A,,R,31.0,R,0.0,R,31.0,R,20.0,R,65.0,R,0.0,R,0.0,R,0.0,R,0.0,A,,R,15
171483,2010,R,742.0,R,1523.0,R,49.0,R,701.0,R,0.0,R,701.0,R,398.0,R,57.0,R,231.0,R,1.0,R,230.0,R,101.0,R,44.0,R,21
171492,2010,R,359.0,R,969.0,R,37.0,R,340.0,Z,0.0,R,340.0,R,272.0,R,80.0,R,0.0,Z,0.0,R,0.0,R,0.0,A,,R,17
171535,2010,R,1778.0,R,6413.0,R,28.0,R,1932.0,R,0.0,R,1932.0,R,1082.0,R,56.0,R,1628.0,R,0.0,R,1628.0,R,683.0,R,42.0,R,30
171571,2010,R,2226.0,R,4523.0,R,49.0,R,2330.0,R,0.0,R,2330.0,R,1708.0,R,73.0,R,135.0,R,0.0,R,135.0,R,62.0,R,46.0,R,22
171599,2010,R,234.0,R,342.0,R,68.0,R,280.0,R,0.0,R,280.0,R,187.0,R,67.0,R,0.0,R,0.0,R,0.0,R,0.0,A,,R,19
171775,2010,A,,A,,A,,R,18.0,R,0.0,R,18.0,R,9.0,R,50.0,R,12.0,R,0.0,R,12.0,R,6.0,R,50.0,R,17
171881,2010,R,52.0,R,105.0,R,50.0,R,74.0,R,0.0,R,74.0,R,57.0,R,77.0,R,2.0,R,0.0,R,2.0,R,0.0,R,0.0,R,14
171988,2010,A,,A,,A,,A,,A,,A,,A,,A,,A,,A,,A,,A,,A,,R,14
171997,2010,A,,A,,A,,A,,A,,A,,A,,A,,A,,A,,A,,A,,A,,R,13
172015,2010,A,,A,,A,,A,,A,,A,,A,,A,,A,,A,,A,,A,,A,,R,18
172033,2010,R,1.0,R,79.0,R,1.0,R,5.0,R,0.0,R,5.0,R,4.0,R,80.0,R,0.0,R,0.0,R,0.0,R,0.0,A,,R,5
172051,2010,R,1729.0,R,2602.0,R,66.0,R,1730.0,R,0.0,R,1730.0,R,1176.0,R,68.0,R,10.0,R,0.0,R,10.0,R,4.0,R,40.0,R,22
172200,2010,R,1233.0,R,6012.0,R,21.0,R,1168.0,R,0.0,R,1168.0,R,841.0,R,72.0,R,658.0,R,0.0,R,658.0,R,349.0,R,53.0,R,34
172264,2010,R,195.0,R,668.0,R,29.0,R,199.0,R,0.0,R,199.0,R,136.0,R,68.0,R,0.0,R,0.0,R,0.0,R,0.0,A,,R,12
172291,2010,R,604.0,R,1076.0,R,56.0,R,742.0,R,0.0,R,742.0,R,451.0,R,61.0,R,299.0,R,0.0,R,299.0,R,130.0,R,43.0,R,23
172307,2010,R,611.0,R,1101.0,R,55.0,R,499.0,R,0.0,R,499.0,R,306.0,R,61.0,R,160.0,R,0.0,R,160.0,R,46.0,R,29.0,R,22
172325,2010,A,,A,,A,,A,,A,,A,,A,,A,,A,,A,,A,,A,,A,,R,12
172334,2010,R,423.0,R,972.0,R,44.0,R,381.0,R,0.0,R,381.0,R,269.0,R,71.0,R,3.0,R,0.0,R,3.0,R,0.0,R,0.0,R,15
172422,2010,A,,A,,A,,R,81.0,R,0.0,R,81.0,R,73.0,R,90.0,R,1.0,R,0.0,R,1.0,R,1.0,R,100.0,R,9
172440,2010,R,185.0,R,288.0,R,64.0,R,130.0,R,0.0,R,130.0,R,82.0,R,63.0,R,6.0,R,0.0,R,6.0,R,3.0,R,50.0,R,11
172495,2010,A,,A,,A,,R,2.0,R,0.0,R,2.0,R,1.0,R,50.0,R,65.0,R,0.0,R,65.0,R,36.0,R,55.0,R,2
172556,2010,A,,A,,A,,R,21.0,R,0.0,R,21.0,R,18.0,R,86.0,R,0.0,R,0.0,R,0.0,R,0.0,A,,R,16
172574,2010,A,,A,,A,,R,11.0,R,0.0,R,11.0,R,9.0,R,82.0,R,39.0,R,0.0,R,39.0,R,32.0,R,82.0,R,14
172583,2010,A,,A,,A,,R,15.0,R,0.0,R,15.0,R,10.0,R,67.0,R,5.0,R,0.0,R,5.0,R,3.0,R,60.0,R,18
172608,2010,A,,A,,A,,A,,A,,A,,A,,A,,A,,A,,A,,A,,A,,R,21
172617,2010,R,1051.0,R,3340.0,R,31.0,R,1158.0,R,0.0,R,1158.0,R,743.0,R,64.0,R,977.0,R,0.0,R,977.0,R,496.0,R,51.0,R,20
172635,2010,R,1443.0,R,14296.0,R,10.0,R,1361.0,R,0.0,R,1361.0,R,773.0,R,57.0,R,3290.0,R,0.0,R,3290.0,R,1336.0,R,41.0,R,21
172644,2010,R,2465.0,R,4916.0,R,50.0,R,2770.0,R,2.0,R,2768.0,R,2136.0,R,77.0,R,276.0,R,0.0,R,276.0,R,104.0,R,38.0,R,16
172671,2010,R,147.0,R,446.0,R,33.0,R,176.0,R,0.0,R,176.0,R,124.0,R,70.0,R,69.0,R,0.0,R,69.0,R,42.0,R,61.0,R,17
172699,2010,R,3354.0,R,5460.0,R,61.0,R,3163.0,R,0.0,R,3163.0,R,2404.0,R,76.0,R,30.0,R,0.0,R,30.0,R,8.0,R,27.0,R,20
172802,2010,A,,A,,A,,R,15.0,R,1.0,R,14.0,R,10.0,R,71.0,R,20.0,R,0.0,R,20.0,R,16.0,R,80.0,R,15
172866,2010,R,1.0,R,31.0,R,3.0,R,0.0,Z,0.0,R,0.0,Z,0.0,A,,R,0.0,Z,0.0,R,0.0,Z,0.0,A,,R,9
172918,2010,R,563.0,R,1447.0,R,39.0,R,598.0,R,0.0,R,598.0,R,369.0,R,62.0,R,33.0,R,0.0,R,33.0,R,18.0,R,55.0,R,23
172927,2010,A,,A,,A,,R,80.0,R,0.0,R,80.0,R,31.0,R,39.0,R,22.0,R,0.0,R,22.0,R,17.0,R,77.0,R,10
172954,2010,R,204.0,R,1030.0,R,20.0,R,318.0,R,0.0,R,318.0,R,158.0,R,50.0,R,105.0,R,0.0,R,105.0,R,33.0,R,31.0,R,22
172963,2010,R,1201.0,R,4027.0,R,30.0,R,1236.0,R,0.0,R,1236.0,R,580.0,R,47.0,R,541.0,R,0.0,R,541.0,R,206.0,R,38.0,R,31
172972,2010,R,17.0,R,27.0,R,63.0,R,16.0,R,0.0,R,16.0,R,13.0,R,81.0,R,1.0,R,0.0,R,1.0,R,0.0,R,0.0,R,8
173045,2010,R,414.0,R,817.0,R,51.0,R,459.0,R,0.0,R,459.0,R,380.0,R,83.0,R,6.0,R,0.0,R,6.0,R,5.0,R,83.0,R,15
173063,2010,R,501.0,R,1515.0,R,33.0,R,536.0,R,0.0,R,536.0,R,324.0,R,60.0,R,168.0,R,0.0,R,168.0,R,74.0,R,44.0,R,24
173115,2010,R,141.0,R,668.0,R,21.0,R,170.0,R,0.0,R,170.0,R,104.0,R,61.0,R,58.0,R,0.0,R,58.0,R,29.0,R,50.0,R,21
173124,2010,R,855.0,R,1742.0,R,49.0,R,787.0,R,0.0,R,787.0,R,568.0,R,72.0,R,26.0,R,0.0,R,26.0,R,10.0,R,38.0,R,22
173142,2010,R,165.0,R,217.0,R,76.0,R,166.0,R,0.0,R,166.0,R,118.0,R,71.0,R,2.0,R,0.0,R,2.0,R,0.0,R,0.0,R,12
173160,2010,R,559.0,R,924.0,R,60.0,R,646.0,Z,0.0,R,646.0,R,553.0,R,86.0,R,6.0,Z,0.0,R,6.0,R,3.0,R,50.0,R,12
173203,2010,R,695.0,R,1928.0,R,36.0,R,775.0,R,0.0,R,775.0,R,456.0,R,59.0,R,146.0,R,0.0,R,146.0,R,53.0,R,36.0,R,26
173258,2010,R,512.0,R,545.0,R,94.0,R,528.0,R,0.0,R,528.0,R,518.0,R,98.0,R,0.0,R,0.0,R,0.0,R,0.0,A,,R,9
173300,2010,R,675.0,R,792.0,R,85.0,R,725.0,R,0.0,R,725.0,R,606.0,R,84.0,R,0.0,R,0.0,R,0.0,Z,0.0,A,,R,13
173328,2010,R,217.0,R,673.0,R,32.0,R,183.0,R,0.0,R,183.0,R,120.0,R,66.0,R,0.0,R,0.0,R,0.0,R,0.0,A,,R,16
173416,2010,R,368.0,R,1379.0,R,27.0,R,459.0,R,0.0,R,459.0,R,277.0,R,60.0,R,126.0,R,0.0,R,126.0,R,75.0,R,60.0,R,25
173452,2010,R,166.0,R,200.0,R,83.0,R,158.0,R,0.0,R,158.0,R,132.0,R,84.0,R,0.0,R,0.0,R,0.0,R,0.0,A,,R,13
173461,2010,R,460.0,R,1771.0,R,26.0,R,551.0,R,0.0,R,551.0,R,310.0,R,56.0,R,203.0,R,0.0,R,203.0,R,91.0,R,45.0,R,25
173470,2010,A,,A,,A,,R,31.0,R,0.0,R,31.0,R,26.0,R,84.0,R,0.0,R,0.0,R,0.0,R,0.0,A,,R,16
173489,2010,R,38.0,R,108.0,R,35.0,R,0.0,R,0.0,R,0.0,R,0.0,A,,R,0.0,R,0.0,R,0.0,R,0.0,A,,R,12
173559,2010,R,941.0,R,3123.0,R,30.0,R,973.0,R,0.0,R,973.0,R,547.0,R,56.0,R,179.0,R,0.0,R,179.0,R,79.0,R,44.0,R,21
173629,2010,R,74.0,R,584.0,R,13.0,R,20.0,R,0.0,R,20.0,R,8.0,R,40.0,R,14.0,R,0.0,R,14.0,R,5.0,R,36.0,R,15
173638,2010,R,443.0,R,1451.0,R,31.0,R,491.0,R,0.0,R,491.0,R,320.0,R,65.0,R,71.0,R,0.0,R,71.0,R,33.0,R,46.0,R,20
173647,2010,R,590.0,R,700.0,R,84.0,R,630.0,R,9.0,R,621.0,R,571.0,R,92.0,R,0.0,R,0.0,R,0.0,R,0.0,A,,R,11
173665,2010,R,437.0,R,624.0,R,70.0,R,399.0,R,0.0,R,399.0,R,320.0,R,80.0,R,1.0,R,0.0,R,1.0,R,1.0,R,100.0,R,12
173708,2010,R,448.0,R,2427.0,R,18.0,R,549.0,R,0.0,R,549.0,R,339.0,R,62.0,R,529.0,R,0.0,R,529.0,R,223.0,R,42.0,R,21
173726,2010,A,,A,,A,,R,14.0,R,0.0,R,14.0,R,13.0,R,93.0,R,0.0,R,0.0,R,0.0,R,0.0,A,,R,10
173735,2010,R,292.0,R,754.0,R,39.0,R,313.0,R,0.0,R,313.0,R,188.0,R,60.0,R,88.0,R,0.0,R,88.0,R,21.0,R,24.0,R,18
173744,2010,A,,A,,A,,R,150.0,R,0.0,R,150.0,R,138.0,R,92.0,R,10.0,R,0.0,R,10.0,R,10.0,R,100.0,R,17
173799,2010,R,614.0,R,2427.0,R,25.0,R,677.0,R,0.0,R,677.0,R,368.0,R,54.0,R,254.0,R,0.0,R,254.0,R,142.0,R,56.0,R,26
173805,2010,R,315.0,R,604.0,R,52.0,R,321.0,R,0.0,R,321.0,R,187.0,R,58.0,R,40.0,R,0.0,R,40.0,R,19.0,R,48.0,R,22
173887,2010,R,298.0,R,597.0,R,50.0,R,226.0,R,0.0,R,226.0,R,121.0,R,54.0,R,37.0,R,0.0,R,37.0,R,12.0,R,32.0,R,20
173902,2010,R,515.0,R,549.0,R,94.0,R,565.0,R,1.0,R,564.0,R,540.0,R,96.0,R,0.0,R,0.0,R,0.0,R,0.0,A,,R,11
173911,2010,R,533.0,R,1403.0,R,38.0,R,569.0,R,0.0,R,569.0,R,356.0,R,63.0,R,108.0,R,0.0,R,108.0,R,51.0,R,47.0,R,21
173920,2010,R,2406.0,R,4186.0,R,57.0,R,2277.0,R,0.0,R,2277.0,R,1720.0,R,76.0,R,12.0,R,0.0,R,12.0,R,6.0,R,50.0,R,25
173939,2010,A,,A,,A,,R,52.0,R,0.0,R,52.0,R,35.0,R,67.0,R,16.0,R,0.0,R,16.0,R,6.0,R,38.0,R,19
173966,2010,A,,A,,A,,A,,A,,A,,A,,A,,A,,A,,A,,A,,A,,R,7
173984,2010,R,78.0,R,519.0,R,15.0,R,58.0,R,0.0,R,58.0,R,19.0,R,33.0,R,60.0,R,0.0,R,60.0,R,17.0,R,28.0,R,13
173993,2010,R,244.0,R,664.0,R,37.0,R,286.0,R,0.0,R,286.0,R,179.0,R,63.0,R,52.0,R,0.0,R,52.0,R,14.0,R,27.0,R,25
174020,2010,R,28.0,R,1459.0,R,2.0,R,67.0,Z,0.0,R,67.0,R,40.0,R,60.0,R,13.0,Z,0.0,R,13.0,R,5.0,R,38.0,R,17
174066,2010,R,5311.0,R,9110.0,R,58.0,R,5385.0,R,0.0,R,5385.0,R,4800.0,R,89.0,R,15.0,R,0.0,R,15.0,R,9.0,R,60.0,R,21
174075,2010,R,264.0,R,1162.0,R,23.0,R,274.0,R,0.0,R,274.0,R,184.0,R,67.0,R,11.0,R,0.0,R,11.0,R,5.0,R,45.0,R,24
174118,2010,R,308.0,R,308.0,R,100.0,R,270.0,R,0.0,R,270.0,R,55.0,R,20.0,R,0.0,R,0.0,R,0.0,R,0.0,A,,R,30
174127,2010,R,116.0,R,183.0,R,63.0,R,108.0,R,0.0,R,108.0,R,71.0,R,66.0,R,0.0,R,0.0,R,0.0,R,0.0,A,,R,12
174136,2010,R,839.0,R,3573.0,R,23.0,R,1030.0,R,0.0,R,1030.0,R,523.0,R,51.0,R,746.0,R,0.0,R,746.0,R,302.0,R,40.0,R,27
174154,2010,R,9.0,R,177.0,R,5.0,R,3.0,R,0.0,R,3.0,R,2.0,R,67.0,R,1.0,R,0.0,R,1.0,R,1.0,R,100.0,R,11
174190,2010,A,,A,,A,,R,74.0,R,0.0,R,74.0,R,62.0,R,84.0,R,0.0,R,0.0,R,0.0,R,0.0,A,,R,18
174206,2010,R,18.0,R,130.0,R,14.0,R,35.0,R,0.0,R,35.0,R,20.0,R,57.0,R,0.0,R,0.0,R,0.0,R,0.0,A,,R,9
174233,2010,R,2339.0,R,3481.0,R,67.0,R,2111.0,R,0.0,R,2111.0,R,1619.0,R,77.0,R,7.0,R,0.0,R,7.0,R,6.0,R,86.0,R,21
174251,2010,R,418.0,R,655.0,R,64.0,R,404.0,R,0.0,R,404.0,R,329.0,R,81.0,R,1.0,R,0.0,R,1.0,R,1.0,R,100.0,R,14
174279,2010,R,49.0,R,495.0,R,10.0,R,8.0,R,0.0,R,8.0,R,3.0,R,38.0,R,17.0,R,0.0,R,17.0,R,4.0,R,24.0,R,11
174321,2010,A,,A,,A,,R,40.0,Z,0.0,R,40.0,R,33.0,R,83.0,R,1.0,Z,0.0,R,1.0,R,1.0,R,100.0,R,17
174358,2010,R,1205.0,R,2182.0,R,55.0,R,1019.0,R,0.0,R,1019.0,R,686.0,R,67.0,R,38.0,R,0.0,R,38.0,R,21.0,R,55.0,R,19
174376,2010,R,608.0,R,2632.0,R,23.0,R,771.0,R,0.0,R,771.0,R,436.0,R,57.0,R,416.0,R,0.0,R,416.0,R,175.0,R,42.0,R,28
174385,2010,R,11.0,R,177.0,R,6.0,R,26.0,R,0.0,R,26.0,R,16.0,R,62.0,R,89.0,R,0.0,R,89.0,R,37.0,R,42.0,R,21
174394,2010,R,130.0,R,254.0,R,51.0,R,95.0,Z,0.0,R,95.0,R,56.0,R,59.0,R,55.0,Z,0.0,R,55.0,R,26.0,R,47.0,R,13
174428,2010,R,1137.0,R,4026.0,R,28.0,R,1152.0,R,0.0,R,1152.0,R,667.0,R,58.0,R,624.0,R,0.0,R,624.0,R,252.0,R,40.0,R,27
174437,2010,R,291.0,R,517.0,R,56.0,R,264.0,R,0.0,R,264.0,R,193.0,R,73.0,R,4.0,R,0.0,R,4.0,R,1.0,R,25.0,R,17
174473,2010,R,456.0,R,1538.0,R,30.0,R,527.0,R,0.0,R,527.0,R,270.0,R,51.0,R,117.0,R,0.0,R,117.0,R,47.0,R,40.0,R,21
174482,2010,R,64.0,R,66.0,R,97.0,R,82.0,Z,0.0,R,82.0,R,64.0,R,78.0,Z,0.0,Z,0.0,Z,0.0,Z,0.0,A,,R,9
174491,2010,R,452.0,R,1203.0,R,38.0,R,450.0,R,0.0,R,450.0,R,343.0,R,76.0,R,6.0,R,0.0,R,6.0,R,4.0,R,67.0,R,17
174507,2010,R,9.0,R,73.0,R,12.0,R,0.0,R,0.0,R,0.0,R,0.0,A,,R,0.0,R,0.0,R,0.0,R,0.0,A,,R,9
174525,2010,R,24.0,R,52.0,R,46.0,R,20.0,R,0.0,R,20.0,R,11.0,R,55.0,R,0.0,R,0.0,R,0.0,R,0.0,A,,R,13
174534,2010,A,,A,,A,,R,38.0,R,0.0,R,38.0,R,27.0,R,71.0,R,13.0,R,0.0,R,13.0,R,9.0,R,69.0,R,20
174570,2010,R,76.0,R,512.0,R,15.0,R,113.0,R,0.0,R,113.0,R,67.0,R,59.0,R,70.0,R,0.0,R,70.0,R,34.0,R,49.0,R,23
174604,2010,R,89.0,R,206.0,R,43.0,R,94.0,R,0.0,R,94.0,R,54.0,R,57.0,R,10.0,R,0.0,R,10.0,R,7.0,R,70.0,R,22
174738,2010,R,984.0,R,2197.0,R,45.0,R,1150.0,R,0.0,R,1150.0,R,604.0,R,53.0,R,195.0,R,0.0,R,195.0,R,80.0,R,41.0,R,22
174747,2010,R,535.0,R,559.0,R,96.0,R,551.0,R,0.0,R,551.0,R,491.0,R,89.0,R,0.0,R,0.0,R,0.0,R,0.0,A,,R,12
174756,2010,R,651.0,R,1889.0,R,34.0,R,794.0,R,0.0,R,794.0,R,471.0,R,59.0,R,241.0,R,0.0,R,241.0,R,106.0,R,44.0,R,25
174765,2010,A,,A,,A,,R,45.0,R,0.0,R,45.0,R,30.0,R,67.0,R,0.0,R,0.0,R,0.0,R,0.0,A,,R,11
174783,2010,R,2210.0,R,5634.0,R,39.0,R,2301.0,R,0.0,R,2301.0,R,1677.0,R,73.0,R,59.0,R,0.0,R,59.0,R,33.0,R,56.0,R,24
174792,2010,R,503.0,R,531.0,R,95.0,R,461.0,Z,0.0,R,461.0,R,426.0,R,92.0,R,0.0,R,0.0,R,0.0,R,0.0,A,,R,12
174817,2010,R,348.0,R,594.0,R,59.0,R,330.0,R,0.0,R,330.0,R,247.0,R,75.0,R,0.0,R,0.0,R,0.0,R,0.0,A,,R,13
174844,2010,R,844.0,R,911.0,R,93.0,R,778.0,R,0.0,R,778.0,R,725.0,R,93.0,R,0.0,Z,0.0,R,0.0,Z,0.0,A,,R,12
174862,2010,R,148.0,R,225.0,R,66.0,R,145.0,R,0.0,R,145.0,R,104.0,R,72.0,R,0.0,R,0.0,R,0.0,R,0.0,A,,R,14
174899,2010,R,575.0,R,985.0,R,58.0,R,546.0,R,0.0,R,546.0,R,461.0,R,84.0,R,4.0,R,0.0,R,4.0,R,2.0,R,50.0,R,14
174914,2010,R,1519.0,R,1865.0,R,81.0,R,1352.0,R,1.0,R,1351.0,R,1198.0,R,89.0,R,0.0,R,0.0,R,0.0,R,0.0,A,,R,15
174932,2010,R,54.0,R,69.0,R,78.0,R,46.0,R,0.0,R,46.0,R,31.0,R,67.0,R,0.0,R,0.0,R,0.0,R,0.0,A,,R,9
174978,2010,A,,A,,A,,R,62.0,Z,0.0,R,62.0,R,41.0,R,66.0,R,11.0,Z,0.0,R,11.0,R,2.0,R,18.0,R,13
175005,2010,R,497.0,R,1199.0,R,41.0,R,413.0,R,0.0,R,413.0,R,346.0,R,84.0,R,4.0,R,0.0,R,4.0,R,2.0,R,50.0,R,12
175014,2010,R,229.0,R,1833.0,R,12.0,R,320.0,Z,0.0,R,320.0,R,144.0,R,45.0,R,16.0,Z,0.0,R,16.0,R,6.0,R,38.0,R,21
175041,2010,R,622.0,R,2217.0,R,28.0,R,688.0,R,0.0,R,688.0,R,407.0,R,59.0,R,529.0,R,0.0,R,529.0,R,191.0,R,36.0,R,25
175078,2010,R,506.0,R,3572.0,R,14.0,R,456.0,R,0.0,R,456.0,R,310.0,R,68.0,R,5.0,R,0.0,R,5.0,R,2.0,R,40.0,R,27
175120,2010,A,,A,,A,,A,,A,,A,,A,,A,,A,,A,,A,,A,,A,,R,12
175157,2010,R,211.0,R,426.0,R,50.0,R,165.0,R,0.0,R,165.0,R,95.0,R,58.0,R,5.0,R,0.0,R,5.0,R,0.0,R,0.0,R,23
175227,2010,R,190.0,R,220.0,R,86.0,R,4.0,R,0.0,R,4.0,R,4.0,R,100.0,R,0.0,Z,0.0,R,0.0,Z,0.0,A,,R,11
175236,2010,R,755.0,R,1593.0,R,47.0,R,833.0,R,0.0,R,833.0,R,538.0,R,65.0,R,105.0,R,0.0,R,105.0,R,48.0,R,46.0,R,22
175263,2010,R,329.0,R,997.0,R,33.0,R,403.0,R,0.0,R,403.0,R,243.0,R,60.0,R,72.0,R,0.0,R,72.0,R,27.0,R,38.0,R,25
175272,2010,R,1615.0,R,2250.0,R,72.0,R,1795.0,R,0.0,R,1795.0,R,1346.0,R,75.0,R,4.0,R,0.0,R,4.0,R,0.0,R,0.0,R,20
175315,2010,R,1122.0,R,3789.0,R,30.0,R,1383.0,R,0.0,R,1383.0,R,778.0,R,56.0,R,789.0,R,0.0,R,789.0,R,296.0,R,38.0,R,27
175342,2010,R,588.0,R,915.0,R,64.0,R,463.0,R,0.0,R,463.0,R,318.0,R,69.0,R,2.0,R,0.0,R,2.0,R,1.0,R,50.0,R,17
175421,2010,R,235.0,R,701.0,R,34.0,R,186.0,R,0.0,R,186.0,R,134.0,R,72.0,R,12.0,Z,0.0,R,12.0,R,8.0,R,67.0,R,19
175430,2010,R,84.0,R,203.0,R,41.0,R,73.0,R,0.0,R,73.0,R,61.0,R,84.0,R,2.0,R,0.0,R,2.0,R,1.0,R,50.0,R,14
175494,2010,A,,A,,A,,R,36.0,R,1.0,R,35.0,R,27.0,R,77.0,R,0.0,R,0.0,R,0.0,R,0.0,A,,R,15
175519,2010,R,687.0,R,912.0,R,75.0,R,651.0,R,0.0,R,651.0,R,357.0,R,55.0,R,129.0,R,0.0,R,129.0,R,58.0,R,45.0,R,28
175528,2010,R,138.0,R,148.0,R,93.0,R,55.0,R,0.0,R,55.0,R,20.0,R,36.0,R,16.0,R,0.0,R,16.0,R,7.0,R,44.0,R,10
175573,2010,R,814.0,R,1313.0,R,62.0,R,757.0,Z,0.0,R,757.0,R,432.0,R,57.0,R,64.0,Z,0.0,R,64.0,R,14.0,R,22.0,R,23
175591,2010,A,,A,,A,,R,34.0,R,0.0,R,34.0,R,31.0,R,91.0,Z,0.0,Z,0.0,Z,0.0,Z,0.0,A,,R,4
175607,2010,A,,A,,A,,R,14.0,R,0.0,R,14.0,R,12.0,R,86.0,R,0.0,R,0.0,R,0.0,R,0.0,A,,R,20
175616,2010,R,372.0,R,807.0,R,46.0,R,367.0,R,0.0,R,367.0,R,215.0,R,59.0,R,6.0,R,0.0,R,6.0,R,1.0,R,17.0,R,12
175643,2010,R,734.0,R,1005.0,R,73.0,R,813.0,R,0.0,R,813.0,R,630.0,R,77.0,R,44.0,R,0.0,R,44.0,R,18.0,R,41.0,R,26
175652,2010,R,1061.0,R,3110.0,R,34.0,R,984.0,R,0.0,R,984.0,R,738.0,R,75.0,R,251.0,Z,0.0,R,251.0,R,113.0,R,45.0,R,24
175698,2010,A,,A,,A,,R,11.0,R,0.0,R,11.0,R,6.0,R,55.0,R,0.0,R,0.0,R,0.0,R,0.0,A,,R,13
175722,2010,A,,A,,A,,R,12.0,R,0.0,R,12.0,R,11.0,R,92.0,R,0.0,R,0.0,R,0.0,R,0.0,A,,R,12
175786,2010,R,2596.0,R,3978.0,R,65.0,R,2115.0,R,0.0,R,2115.0,R,1307.0,R,62.0,R,381.0,R,0.0,R,381.0,R,94.0,R,25.0,R,20
175810,2010,R,1272.0,R,2632.0,R,48.0,R,1255.0,R,0.0,R,1255.0,R,678.0,R,54.0,R,342.0,R,0.0,R,342.0,R,97.0,R,28.0,R,24
175829,2010,R,1946.0,R,3188.0,R,61.0,R,2071.0,R,0.0,R,2071.0,R,1349.0,R,65.0,R,411.0,R,0.0,R,411.0,R,132.0,R,32.0,R,23
175856,2010,R,879.0,R,1464.0,R,60.0,R,841.0,R,0.0,R,841.0,R,633.0,R,75.0,R,12.0,R,0.0,R,12.0,R,5.0,R,42.0,R,18
175883,2010,R,1355.0,R,2105.0,R,64.0,R,1292.0,Z,0.0,R,1292.0,R,835.0,R,65.0,R,433.0,Z,0.0,R,433.0,R,165.0,R,38.0,R,24
175935,2010,R,1350.0,R,1763.0,R,77.0,R,1160.0,Z,0.0,R,1160.0,R,653.0,R,56.0,R,343.0,Z,0.0,R,343.0,R,83.0,R,24.0,R,25
175980,2010,R,214.0,R,250.0,R,86.0,R,282.0,R,1.0,R,281.0,R,221.0,R,79.0,R,1.0,Z,0.0,R,1.0,R,0.0,R,0.0,R,9
176008,2010,R,824.0,R,1166.0,R,71.0,R,699.0,R,0.0,R,699.0,R,421.0,R,60.0,R,46.0,R,0.0,R,46.0,R,12.0,R,26.0,R,16
176017,2010,R,3067.0,R,4600.0,R,67.0,R,2550.0,R,0.0,R,2550.0,R,2120.0,R,83.0,R,26.0,R,0.0,R,26.0,R,6.0,R,23.0,R,18
176026,2010,A,,A,,A,,A,,A,,A,,A,,A,,A,,A,,A,,A,,A,,R,6
176035,2010,R,199.0,R,627.0,R,32.0,R,210.0,R,4.0,R,206.0,R,154.0,R,75.0,R,2.0,R,0.0,R,2.0,R,1.0,R,50.0,R,14
176044,2010,R,382.0,R,594.0,R,64.0,R,413.0,R,0.0,R,413.0,R,217.0,R,53.0,R,2.0,R,0.0,R,2.0,R,0.0,R,0.0,R,15
176053,2010,R,490.0,R,853.0,R,57.0,R,465.0,R,0.0,R,465.0,R,323.0,R,69.0,R,1.0,R,0.0,R,1.0,R,0.0,R,0.0,R,15
176062,2010,A,,A,,A,,R,23.0,R,0.0,R,23.0,R,20.0,R,87.0,R,0.0,R,0.0,R,0.0,R,0.0,A,,R,20
176071,2010,R,2002.0,R,3175.0,R,63.0,R,1979.0,R,1.0,R,1978.0,R,1211.0,R,61.0,R,577.0,R,1.0,R,576.0,R,183.0,R,32.0,R,20
176080,2010,R,2701.0,R,4390.0,R,62.0,R,2445.0,R,2.0,R,2443.0,R,2003.0,R,82.0,R,5.0,R,0.0,R,5.0,R,2.0,R,40.0,R,20
176169,2010,R,1241.0,R,1573.0,R,79.0,R,1282.0,R,1.0,R,1281.0,R,816.0,R,64.0,R,117.0,R,0.0,R,117.0,R,46.0,R,39.0,R,23
176178,2010,R,1832.0,R,2206.0,R,83.0,R,2039.0,R,0.0,R,2039.0,R,1431.0,R,70.0,R,320.0,R,0.0,R,320.0,R,121.0,R,38.0,R,19
176239,2010,R,2015.0,R,3206.0,R,63.0,R,1954.0,R,13.0,R,1941.0,R,1119.0,R,58.0,R,685.0,R,5.0,R,680.0,R,259.0,R,38.0,R,16
176318,2010,R,196.0,R,288.0,R,68.0,R,355.0,R,0.0,R,355.0,R,202.0,R,57.0,R,34.0,R,0.0,R,34.0,R,13.0,R,38.0,R,17
176336,2010,R,26.0,R,46.0,R,57.0,R,13.0,R,4.0,R,9.0,R,8.0,R,89.0,R,1.0,R,0.0,R,1.0,R,1.0,R,100.0,R,11
176354,2010,R,540.0,R,821.0,R,66.0,R,548.0,Z,0.0,R,548.0,R,288.0,R,53.0,R,7.0,Z,0.0,R,7.0,R,1.0,R,14.0,R,24
176372,2010,R,1573.0,R,3326.0,R,47.0,R,1593.0,R,3.0,R,1590.0,R,1223.0,R,77.0,R,9.0,R,0.0,R,9.0,R,4.0,R,44.0,R,17
176390,2010,A,,A,,A,,R,81.0,R,0.0,R,81.0,R,65.0,R,80.0,R,0.0,R,0.0,R,0.0,R,0.0,A,,R,20
176406,2010,R,199.0,R,256.0,R,78.0,R,235.0,R,2.0,R,233.0,R,158.0,R,68.0,R,0.0,R,0.0,R,0.0,R,0.0,A,,R,11
176479,2010,R,166.0,R,677.0,R,25.0,R,142.0,Z,0.0,R,142.0,R,110.0,R,77.0,R,1.0,Z,0.0,R,1.0,R,1.0,R,100.0,R,19
176549,2010,A,,A,,A,,R,94.0,R,0.0,R,94.0,R,65.0,R,69.0,R,0.0,R,0.0,R,0.0,R,0.0,A,,R,20
176628,2010,R,167.0,R,340.0,R,49.0,R,118.0,R,0.0,R,118.0,R,88.0,R,75.0,R,0.0,R,0.0,R,0.0,R,0.0,A,,R,15
176637,2010,R,105.0,R,157.0,R,67.0,R,0.0,R,0.0,R,0.0,R,0.0,A,,R,0.0,R,0.0,R,0.0,R,0.0,A,,R,23
176664,2010,R,61.0,R,127.0,R,48.0,R,86.0,R,0.0,R,86.0,R,57.0,R,66.0,R,0.0,R,0.0,R,0.0,R,0.0,A,,R,15
176716,2010,A,,A,,A,,R,100.0,R,0.0,R,100.0,R,78.0,R,78.0,R,0.0,R,0.0,R,0.0,R,0.0,A,,R,25
176734,2010,A,,A,,A,,R,23.0,R,0.0,R,23.0,R,22.0,R,96.0,R,0.0,R,0.0,R,0.0,R,0.0,A,,R,9
176770,2010,R,107.0,R,189.0,R,57.0,R,44.0,R,0.0,R,44.0,R,39.0,R,89.0,R,42.0,R,0.0,R,42.0,R,39.0,R,93.0,R,8
176789,2010,R,28.0,R,101.0,R,28.0,R,26.0,R,0.0,R,26.0,R,18.0,R,69.0,R,6.0,R,0.0,R,6.0,R,4.0,R,67.0,R,11
176798,2010,A,,A,,A,,R,54.0,R,2.0,R,52.0,R,38.0,R,73.0,R,55.0,R,2.0,R,53.0,R,40.0,R,75.0,R,18
176910,2010,R,40.0,R,84.0,R,48.0,R,70.0,R,0.0,R,70.0,R,40.0,R,57.0,R,0.0,R,0.0,R,0.0,R,0.0,A,,R,16
176938,2010,R,166.0,R,327.0,R,51.0,R,53.0,R,0.0,R,53.0,R,33.0,R,62.0,R,3.0,R,0.0,R,3.0,R,1.0,R,33.0,R,18
176947,2010,R,314.0,R,449.0,R,70.0,R,260.0,R,0.0,R,260.0,R,176.0,R,68.0,R,0.0,R,0.0,R,0.0,R,0.0,A,,R,15
176965,2010,R,1502.0,R,2964.0,R,51.0,R,1479.0,R,0.0,R,1479.0,R,1070.0,R,72.0,R,25.0,R,0.0,R,25.0,R,11.0,R,44.0,R,17
176983,2010,A,,A,,A,,R,88.0,R,0.0,R,88.0,R,86.0,R,98.0,R,0.0,R,0.0,R,0.0,R,0.0,A,,R,4
176992,2010,A,,A,,A,,R,12.0,R,0.0,R,12.0,R,12.0,R,100.0,R,0.0,R,0.0,R,0.0,R,0.0,A,,R,8
177038,2010,R,5.0,R,54.0,R,9.0,R,1.0,R,0.0,R,1.0,R,0.0,R,0.0,Z,0.0,Z,0.0,Z,0.0,Z,0.0,A,,R,16
177056,2010,A,,A,,A,,R,8.0,Z,0.0,R,8.0,R,5.0,R,63.0,R,5.0,Z,0.0,R,5.0,R,5.0,R,100.0,R,8
177065,2010,R,714.0,R,3375.0,R,21.0,R,165.0,R,0.0,R,165.0,R,104.0,R,63.0,R,8.0,R,0.0,R,8.0,R,2.0,R,25.0,R,35
177083,2010,R,19.0,R,25.0,R,76.0,R,12.0,R,0.0,R,12.0,R,9.0,R,75.0,R,0.0,R,0.0,R,0.0,R,0.0,A,,R,4
177117,2010,R,167.0,R,180.0,R,93.0,R,161.0,R,0.0,R,161.0,R,118.0,R,73.0,R,1.0,R,0.0,R,1.0,R,0.0,R,0.0,R,8
177135,2010,R,856.0,R,2137.0,R,40.0,R,634.0,R,0.0,R,634.0,R,377.0,R,59.0,R,179.0,R,0.0,R,179.0,R,58.0,R,32.0,R,16
177144,2010,R,212.0,R,290.0,R,73.0,R,148.0,R,0.0,R,148.0,R,108.0,R,73.0,R,0.0,R,0.0,R,0.0,R,0.0,A,,R,14
177153,2010,R,26.0,R,4810.0,R,1.0,R,7.0,R,0.0,R,7.0,R,3.0,R,43.0,R,0.0,R,0.0,R,0.0,R,0.0,A,,R,34
177162,2010,R,148.0,R,711.0,R,21.0,R,111.0,R,0.0,R,111.0,R,62.0,R,56.0,R,56.0,R,0.0,R,56.0,R,18.0,R,32.0,R,23
177214,2010,R,581.0,R,1377.0,R,42.0,R,553.0,R,0.0,R,553.0,R,394.0,R,71.0,R,115.0,R,0.0,R,115.0,R,48.0,R,42.0,R,19
177250,2010,R,743.0,R,1761.0,R,42.0,R,782.0,R,1.0,R,781.0,R,480.0,R,61.0,R,158.0,R,1.0,R,157.0,R,76.0,R,48.0,R,19
177287,2010,A,,A,,A,,R,117.0,R,0.0,R,117.0,R,91.0,R,78.0,R,20.0,R,0.0,R,20.0,R,18.0,R,90.0,R,18
177302,2010,R,406.0,R,406.0,R,100.0,R,623.0,Z,0.0,R,623.0,R,426.0,R,68.0,R,0.0,R,0.0,R,0.0,R,0.0,A,,R,12
177339,2010,R,399.0,R,515.0,R,77.0,R,431.0,R,0.0,R,431.0,R,319.0,R,74.0,R,1.0,R,0.0,R,1.0,R,0.0,R,0.0,R,17
177418,2010,R,151.0,R,425.0,R,36.0,R,182.0,R,0.0,R,182.0,R,122.0,R,67.0,R,8.0,R,0.0,R,8.0,R,7.0,R,88.0,R,13
177436,2010,A,,A,,A,,R,34.0,R,0.0,R,34.0,R,28.0,R,82.0,R,3.0,R,0.0,R,3.0,R,3.0,R,100.0,R,11
177472,2010,R,2638.0,R,4452.0,R,59.0,R,2418.0,R,1.0,R,2417.0,R,1341.0,R,55.0,R,903.0,R,0.0,R,903.0,R,354.0,R,39.0,R,25
177542,2010,R,169.0,R,560.0,R,30.0,R,183.0,R,0.0,R,183.0,R,109.0,R,60.0,R,2.0,R,0.0,R,2.0,R,1.0,R,50.0,R,11
177551,2010,R,271.0,R,512.0,R,53.0,R,389.0,R,1.0,R,388.0,R,151.0,R,39.0,R,22.0,R,0.0,R,22.0,R,2.0,R,9.0,R,15
177579,2010,R,91.0,R,91.0,R,100.0,R,0.0,R,0.0,R,0.0,R,0.0,A,,R,0.0,R,0.0,R,0.0,R,0.0,A,,R,17
177588,2010,A,,A,,A,,R,45.0,R,0.0,R,45.0,R,35.0,R,78.0,R,0.0,R,0.0,R,0.0,R,0.0,A,,R,25
177603,2010,A,,A,,A,,R,66.0,R,0.0,R,66.0,R,48.0,R,73.0,R,17.0,R,0.0,R,17.0,R,12.0,R,71.0,R,15
177676,2010,R,1217.0,R,1982.0,R,61.0,R,1147.0,R,3.0,R,1144.0,R,687.0,R,60.0,R,311.0,R,3.0,R,308.0,R,125.0,R,41.0,R,24
177685,2010,A,,A,,A,,R,11.0,R,0.0,R,11.0,R,9.0,R,82.0,R,0.0,R,0.0,R,0.0,R,0.0,A,,R,18
177719,2010,A,,A,,A,,A,,A,,A,,A,,A,,A,,A,,A,,A,,A,,R,11
177746,2010,R,226.0,R,295.0,R,77.0,R,189.0,R,0.0,R,189.0,R,146.0,R,77.0,R,0.0,R,0.0,R,0.0,R,0.0,A,,R,10
177807,2010,A,,A,,A,,R,8.0,R,0.0,R,8.0,R,5.0,R,63.0,R,0.0,R,0.0,R,0.0,R,0.0,A,,R,8
177816,2010,R,6.0,R,11.0,R,55.0,R,7.0,R,0.0,R,7.0,R,6.0,R,86.0,R,0.0,R,0.0,R,0.0,R,0.0,A,,R,4
177870,2010,A,,A,,A,,R,3.0,R,0.0,R,3.0,R,0.0,R,0.0,R,0.0,R,0.0,R,0.0,R,0.0,A,,R,14
177922,2010,A,,A,,A,,A,,A,,A,,A,,A,,A,,A,,A,,A,,A,,R,5
177931,2010,A,,A,,A,,R,23.0,R,0.0,R,23.0,R,16.0,R,70.0,R,2.0,R,0.0,R,2.0,R,2.0,R,100.0,R,3
177940,2010,R,561.0,R,1052.0,R,53.0,R,592.0,R,0.0,R,592.0,R,292.0,R,49.0,R,22.0,R,0.0,R,22.0,R,9.0,R,41.0,R,15
177968,2010,R,1034.0,R,2120.0,R,49.0,R,1104.0,R,0.0,R,1104.0,R,803.0,R,73.0,R,1.0,R,0.0,R,1.0,R,0.0,R,0.0,R,23
177977,2010,R,436.0,R,555.0,R,79.0,R,479.0,R,5.0,R,474.0,R,384.0,R,81.0,R,14.0,R,0.0,R,14.0,R,7.0,R,50.0,R,15
177986,2010,A,,A,,A,,A,,A,,A,,A,,A,,A,,A,,A,,A,,A,,R,12
177995,2010,R,941.0,R,2282.0,R,41.0,R,1001.0,R,0.0,R,1001.0,R,557.0,R,56.0,R,440.0,Z,0.0,R,440.0,R,129.0,R,29.0,R,26
178004,2010,A,,A,,A,,R,1.0,R,0.0,R,1.0,R,1.0,R,100.0,R,6.0,R,0.0,R,6.0,R,1.0,R,17.0,R,8
178022,2010,R,845.0,R,1562.0,R,54.0,R,760.0,R,0.0,R,760.0,R,385.0,R,51.0,R,375.0,R,0.0,R,375.0,R,124.0,R,33.0,R,27
178059,2010,R,338.0,R,950.0,R,36.0,R,340.0,R,0.0,R,340.0,R,287.0,R,84.0,R,34.0,R,0.0,R,34.0,R,17.0,R,50.0,R,12
178077,2010,A,,A,,A,,R,110.0,R,0.0,R,110.0,R,90.0,R,82.0,R,0.0,R,0.0,R,0.0,R,0.0,A,,R,14
178110,2010,R,40.0,R,40.0,R,100.0,R,35.0,R,0.0,R,35.0,R,24.0,R,69.0,R,2.0,R,0.0,R,2.0,R,0.0,R,0.0,R,12
178183,2010,A,,A,,A,,R,182.0,R,0.0,R,182.0,R,140.0,R,77.0,R,0.0,R,0.0,R,0.0,R,0.0,A,,R,22
178208,2010,R,34.0,R,99.0,R,34.0,R,7.0,R,0.0,R,7.0,R,5.0,R,71.0,R,2.0,R,0.0,R,2.0,R,2.0,R,100.0,R,25
178217,2010,R,832.0,R,1206.0,R,69.0,R,838.0,R,2.0,R,836.0,R,565.0,R,68.0,R,166.0,R,1.0,R,165.0,R,64.0,R,39.0,R,22
178226,2010,R,70.0,R,144.0,R,49.0,R,96.0,R,1.0,R,95.0,R,27.0,R,28.0,R,2.0,R,0.0,R,2.0,R,1.0,R,50.0,R,15
178244,2010,R,207.0,R,2584.0,R,8.0,R,202.0,R,0.0,R,202.0,R,130.0,R,64.0,R,12.0,R,0.0,R,12.0,R,2.0,R,17.0,R,21
178262,2010,A,,A,,A,,R,145.0,R,0.0,R,145.0,R,110.0,R,76.0,Z,0.0,Z,0.0,Z,0.0,Z,0.0,A,,R,22
178305,2010,R,91.0,R,208.0,R,44.0,R,0.0,R,0.0,R,0.0,R,0.0,A,,R,0.0,R,0.0,R,0.0,R,0.0,A,,R,25
178341,2010,R,850.0,R,1751.0,R,49.0,R,780.0,R,1.0,R,779.0,R,477.0,R,61.0,R,43.0,R,0.0,R,43.0,R,11.0,R,26.0,R,19
178350,2010,A,,A,,A,,R,0.0,R,0.0,R,0.0,R,0.0,A,,R,0.0,R,0.0,R,0.0,R,0.0,A,,R,10
178369,2010,R,418.0,R,673.0,R,62.0,R,428.0,R,0.0,R,428.0,R,229.0,R,54.0,R,6.0,R,0.0,R,6.0,R,4.0,R,67.0,R,17
178387,2010,R,1086.0,R,1793.0,R,61.0,R,999.0,Z,0.0,R,999.0,R,622.0,R,62.0,R,187.0,Z,0.0,R,187.0,R,72.0,R,39.0,R,19
178396,2010,R,6004.0,R,7470.0,R,80.0,R,5499.0,R,3.0,R,5496.0,R,4641.0,R,84.0,R,90.0,R,0.0,R,90.0,R,46.0,R,51.0,R,20
178402,2010,R,1109.0,R,2703.0,R,41.0,R,979.0,R,0.0,R,979.0,R,733.0,R,75.0,R,25.0,R,0.0,R,25.0,R,6.0,R,24.0,R,13
178411,2010,R,1140.0,R,1558.0,R,73.0,R,1104.0,R,1.0,R,1103.0,R,941.0,R,85.0,R,4.0,R,0.0,R,4.0,R,2.0,R,50.0,R,17
178420,2010,R,479.0,R,2436.0,R,20.0,R,494.0,R,0.0,R,494.0,R,365.0,R,74.0,R,31.0,R,0.0,R,31.0,R,16.0,R,52.0,R,17
178448,2010,R,821.0,R,1706.0,R,48.0,R,1017.0,R,0.0,R,1017.0,R,344.0,R,34.0,R,382.0,Z,0.0,R,382.0,R,290.0,R,76.0,R,25
178466,2010,A,,A,,A,,R,54.0,R,0.0,R,54.0,R,49.0,R,91.0,R,5.0,R,0.0,R,5.0,R,5.0,R,100.0,R,5
178484,2010,A,,A,,A,,R,123.0,R,0.0,R,123.0,R,81.0,R,66.0,Z,0.0,Z,0.0,Z,0.0,Z,0.0,A,,R,22
178527,2010,A,,A,,A,,R,36.0,R,0.0,R,36.0,R,31.0,R,86.0,R,8.0,R,0.0,R,8.0,R,8.0,R,100.0,R,13
178563,2010,A,,A,,A,,R,25.0,R,0.0,R,25.0,R,22.0,R,88.0,R,4.0,R,0.0,R,4.0,R,2.0,R,50.0,R,6
178615,2010,R,1417.0,R,1601.0,R,89.0,R,1339.0,R,1.0,R,1338.0,R,1167.0,R,87.0,R,3.0,R,0.0,R,3.0,R,1.0,R,33.0,R,16
178624,2010,R,1454.0,R,2085.0,R,70.0,R,1551.0,R,0.0,R,1551.0,R,1092.0,R,70.0,R,11.0,R,0.0,R,11.0,R,5.0,R,45.0,R,21
178679,2010,R,158.0,R,208.0,R,76.0,R,105.0,R,0.0,R,105.0,R,80.0,R,76.0,R,0.0,R,0.0,R,0.0,R,0.0,A,,R,17
178697,2010,R,271.0,R,304.0,R,89.0,R,244.0,Z,0.0,R,244.0,R,218.0,R,89.0,R,0.0,R,0.0,R,0.0,R,0.0,A,,R,14
178721,2010,R,147.0,R,1853.0,R,8.0,R,202.0,R,0.0,R,202.0,R,146.0,R,72.0,R,3.0,R,0.0,R,3.0,R,1.0,R,33.0,R,12
178767,2010,R,9.0,R,35.0,R,26.0,R,8.0,R,0.0,R,8.0,R,7.0,R,88.0,R,3.0,R,0.0,R,3.0,R,3.0,R,100.0,R,10
178785,2010,R,371.0,R,1680.0,R,22.0,R,431.0,Z,0.0,R,431.0,R,209.0,R,48.0,R,490.0,Z,0.0,R,490.0,R,186.0,R,38.0,R,16
178828,2010,A,,A,,A,,R,68.0,Z,0.0,R,68.0,R,56.0,R,82.0,R,1.0,Z,0.0,R,1.0,R,1.0,R,100.0,R,5
178891,2010,R,563.0,R,893.0,R,63.0,R,545.0,R,0.0,R,545.0,R,423.0,R,78.0,R,371.0,R,0.0,R,371.0,R,250.0,R,67.0,R,19
178989,2010,R,71.0,R,71.0,R,100.0,R,72.0,Z,0.0,R,72.0,R,57.0,R,79.0,Z,0.0,Z,0.0,Z,0.0,Z,0.0,A,,R,10
179043,2010,R,370.0,R,450.0,R,82.0,R,417.0,R,0.0,R,417.0,R,340.0,R,82.0,R,2.0,R,0.0,R,2.0,R,1.0,R,50.0,R,11
179052,2010,A,,A,,A,,R,122.0,Z,0.0,R,122.0,R,121.0,R,99.0,R,1.0,R,0.0,R,1.0,R,1.0,R,100.0,R,4
179070,2010,A,,A,,A,,R,0.0,R,0.0,R,0.0,R,0.0,A,,R,0.0,R,0.0,R,0.0,R,0.0,A,,R,26
179113,2010,R,1565.0,R,3275.0,R,48.0,R,1417.0,Z,0.0,R,1417.0,R,901.0,R,64.0,R,354.0,Z,0.0,R,354.0,R,143.0,R,40.0,R,24
179159,2010,R,1726.0,R,4941.0,R,35.0,R,1720.0,Z,0.0,R,1720.0,R,1424.0,R,83.0,R,4.0,Z,0.0,R,4.0,R,1.0,R,25.0,R,13
179195,2010,A,,A,,A,,R,14.0,R,0.0,R,14.0,R,14.0,R,100.0,R,0.0,R,0.0,R,0.0,R,0.0,A,,R,16
179201,2010,R,131.0,R,243.0,R,54.0,R,9.0,R,0.0,R,9.0,R,6.0,R,67.0,R,5.0,R,0.0,R,5.0,R,4.0,R,80.0,R,19
179229,2010,A,,A,,A,,R,13.0,R,0.0,R,13.0,R,12.0,R,92.0,R,0.0,R,0.0,R,0.0,R,0.0,A,,R,19
179238,2010,A,,A,,A,,R,51.0,R,0.0,R,51.0,R,45.0,R,88.0,R,0.0,R,0.0,R,0.0,R,0.0,A,,R,12
179256,2010,R,54.0,R,118.0,R,46.0,R,53.0,Z,0.0,R,53.0,R,32.0,R,60.0,Z,0.0,Z,0.0,Z,0.0,Z,0.0,A,,R,16
179265,2010,R,234.0,R,249.0,R,94.0,R,237.0,R,0.0,R,237.0,R,213.0,R,90.0,R,0.0,R,0.0,R,0.0,R,0.0,A,,R,20
179292,2010,R,1021.0,R,2326.0,R,44.0,R,865.0,Z,0.0,R,865.0,R,482.0,R,56.0,R,552.0,Z,0.0,R,552.0,R,183.0,R,33.0,R,22
179308,2010,R,682.0,R,2418.0,R,28.0,R,650.0,Z,0.0,R,650.0,R,323.0,R,50.0,R,887.0,Z,0.0,R,887.0,R,337.0,R,38.0,R,19
179326,2010,R,435.0,R,575.0,R,76.0,R,457.0,R,0.0,R,457.0,R,313.0,R,68.0,R,2.0,Z,0.0,R,2.0,R,2.0,R,100.0,R,17
179344,2010,R,546.0,R,904.0,R,60.0,R,440.0,R,0.0,R,440.0,R,244.0,R,55.0,R,50.0,R,0.0,R,50.0,R,27.0,R,54.0,R,26
179399,2010,A,,A,,A,,A,,A,,A,,A,,A,,A,,A,,A,,A,,A,,R,10
179450,2010,A,,A,,A,,A,,A,,A,,A,,A,,A,,A,,A,,A,,A,,R,8
179511,2010,R,330.0,R,359.0,R,92.0,R,318.0,R,3.0,R,315.0,R,268.0,R,85.0,R,0.0,R,0.0,R,0.0,R,0.0,A,,R,12
179539,2010,R,895.0,R,1764.0,R,51.0,R,902.0,R,0.0,R,902.0,R,521.0,R,58.0,R,258.0,R,1.0,R,257.0,R,96.0,R,37.0,R,21
179548,2010,R,177.0,R,233.0,R,76.0,R,223.0,R,1.0,R,222.0,R,148.0,R,67.0,R,0.0,R,0.0,R,0.0,R,0.0,A,,R,10
179557,2010,R,1818.0,R,2641.0,R,69.0,R,1644.0,R,0.0,R,1644.0,R,1135.0,R,69.0,R,161.0,R,0.0,R,161.0,R,57.0,R,35.0,R,20
179566,2010,R,2647.0,R,5792.0,R,46.0,R,2628.0,R,0.0,R,2628.0,R,1931.0,R,73.0,R,27.0,R,0.0,R,27.0,R,8.0,R,30.0,R,21
179645,2010,R,708.0,R,1340.0,R,53.0,R,739.0,Z,0.0,R,739.0,R,413.0,R,56.0,R,156.0,Z,0.0,R,156.0,R,44.0,R,28.0,R,24
179715,2010,R,328.0,R,484.0,R,68.0,R,338.0,R,0.0,R,338.0,R,217.0,R,64.0,R,57.0,R,0.0,R,57.0,R,25.0,R,44.0,R,26
179724,2010,A,,A,,A,,R,1.0,R,0.0,R,1.0,R,1.0,R,100.0,R,6.0,R,0.0,R,6.0,R,6.0,R,100.0,R,8
179867,2010,R,1624.0,R,2006.0,R,81.0,R,1501.0,R,0.0,R,1501.0,R,1449.0,R,97.0,R,9.0,R,0.0,R,9.0,R,8.0,R,89.0,R,7
179894,2010,R,412.0,R,1037.0,R,40.0,R,491.0,R,0.0,R,491.0,R,382.0,R,78.0,R,11.0,R,0.0,R,11.0,R,2.0,R,18.0,R,13
179919,2010,R,84.0,R,616.0,R,14.0,R,53.0,R,1.0,R,52.0,R,46.0,R,88.0,R,11.0,R,0.0,R,11.0,R,10.0,R,91.0,R,18
179946,2010,R,319.0,R,385.0,R,83.0,R,311.0,R,0.0,R,311.0,R,252.0,R,81.0,R,48.0,R,0.0,R,48.0,R,34.0,R,71.0,R,15
179955,2010,R,268.0,R,321.0,R,83.0,R,282.0,Z,0.0,R,282.0,R,213.0,R,76.0,R,0.0,Z,0.0,R,0.0,Z,0.0,A,,R,11
179964,2010,R,208.0,R,313.0,R,66.0,R,241.0,Z,0.0,R,241.0,R,197.0,R,82.0,R,0.0,R,0.0,R,0.0,R,0.0,A,,R,13
179991,2010,A,,A,,A,,R,5.0,R,0.0,R,5.0,R,5.0,R,100.0,R,0.0,R,0.0,R,0.0,R,0.0,A,,R,20
180045,2010,R,314.0,R,548.0,R,57.0,R,268.0,R,0.0,R,268.0,R,151.0,R,56.0,R,89.0,R,0.0,R,89.0,R,39.0,R,44.0,R,20
180054,2010,R,95.0,R,123.0,R,77.0,R,116.0,R,0.0,R,116.0,R,49.0,R,42.0,R,13.0,R,0.0,R,13.0,R,4.0,R,31.0,R,12
180063,2010,A,,A,,A,,R,16.0,Z,0.0,R,16.0,R,14.0,R,88.0,Z,0.0,Z,0.0,Z,0.0,Z,0.0,A,,R,6
180081,2010,R,103.0,R,238.0,R,43.0,R,108.0,R,0.0,R,108.0,R,56.0,R,52.0,R,6.0,R,0.0,R,6.0,R,2.0,R,33.0,R,13
180106,2010,R,338.0,R,455.0,R,74.0,R,301.0,R,0.0,R,301.0,R,250.0,R,83.0,R,0.0,R,0.0,R,0.0,R,0.0,A,,R,13
180151,2010,R,145.0,R,187.0,R,78.0,R,126.0,R,3.0,R,123.0,R,78.0,R,63.0,R,6.0,R,0.0,R,6.0,R,2.0,R,33.0,R,10
180160,2010,R,36.0,R,66.0,R,55.0,R,44.0,R,6.0,R,38.0,R,23.0,R,61.0,R,0.0,R,0.0,R,0.0,R,0.0,A,,R,12
180179,2010,R,519.0,R,952.0,R,55.0,R,479.0,R,0.0,R,479.0,R,269.0,R,56.0,R,60.0,R,0.0,R,60.0,R,25.0,R,42.0,R,19
180197,2010,R,321.0,R,608.0,R,53.0,R,338.0,R,0.0,R,338.0,R,190.0,R,56.0,R,69.0,R,0.0,R,69.0,R,27.0,R,39.0,R,17
180203,2010,R,38.0,R,110.0,R,35.0,R,36.0,R,2.0,R,34.0,R,17.0,R,50.0,R,0.0,R,0.0,R,0.0,R,0.0,A,,R,9
180212,2010,R,81.0,R,122.0,R,66.0,R,49.0,R,0.0,R,49.0,R,15.0,R,31.0,R,4.0,R,0.0,R,4.0,R,0.0,R,0.0,R,10
180249,2010,R,218.0,R,495.0,R,44.0,R,193.0,R,0.0,R,193.0,R,86.0,R,45.0,R,82.0,R,0.0,R,82.0,R,39.0,R,48.0,R,16
180258,2010,R,138.0,R,292.0,R,47.0,R,148.0,Z,0.0,R,148.0,R,88.0,R,59.0,R,9.0,Z,0.0,R,9.0,R,6.0,R,67.0,R,10
180276,2010,R,245.0,R,659.0,R,37.0,R,260.0,R,0.0,R,260.0,R,153.0,R,59.0,R,84.0,Z,0.0,R,84.0,R,30.0,R,36.0,R,15
180328,2010,R,70.0,R,130.0,R,54.0,R,82.0,R,0.0,R,82.0,R,38.0,R,46.0,R,11.0,R,0.0,R,11.0,R,2.0,R,18.0,R,30
180373,2010,R,137.0,R,238.0,R,58.0,R,279.0,R,1.0,R,278.0,R,168.0,R,60.0,R,46.0,R,0.0,R,46.0,R,27.0,R,59.0,R,12
180391,2010,A,,A,,A,,R,16.0,R,0.0,R,16.0,R,10.0,R,63.0,R,0.0,R,0.0,R,0.0,R,0.0,A,,R,15
180416,2010,R,314.0,R,633.0,R,50.0,R,326.0,R,0.0,R,326.0,R,215.0,R,66.0,R,7.0,R,0.0,R,7.0,R,1.0,R,14.0,R,12
180461,2010,R,2122.0,R,3676.0,R,58.0,R,1801.0,R,0.0,R,1801.0,R,1337.0,R,74.0,R,515.0,R,0.0,R,515.0,R,290.0,R,56.0,R,17
180489,2010,R,2318.0,R,3673.0,R,63.0,R,1620.0,R,1.0,R,1619.0,R,1198.0,R,74.0,R,93.0,R,0.0,R,93.0,R,42.0,R,45.0,R,19
180522,2010,R,333.0,R,731.0,R,46.0,R,236.0,R,0.0,R,236.0,R,139.0,R,59.0,R,28.0,R,0.0,R,28.0,R,9.0,R,32.0,R,15
180595,2010,R,286.0,R,385.0,R,74.0,R,232.0,R,0.0,R,232.0,R,154.0,R,66.0,R,1.0,R,0.0,R,1.0,R,0.0,R,0.0,R,12
180647,2010,R,161.0,R,367.0,R,44.0,R,46.0,R,0.0,R,46.0,R,17.0,R,37.0,R,6.0,R,0.0,R,6.0,R,2.0,R,33.0,R,11
180692,2010,R,252.0,R,403.0,R,63.0,R,161.0,R,0.0,R,161.0,R,110.0,R,68.0,R,8.0,R,0.0,R,8.0,R,6.0,R,75.0,R,18
180771,2010,A,,A,,A,,R,34.0,Z,0.0,R,34.0,R,9.0,R,26.0,Z,0.0,Z,0.0,Z,0.0,Z,0.0,A,,R,16
180814,2010,R,8.0,R,1695.0,R,0.0,R,16.0,R,0.0,R,16.0,R,6.0,R,38.0,R,106.0,R,0.0,R,106.0,R,35.0,R,33.0,R,23
180832,2010,R,14.0,R,175.0,R,8.0,R,9.0,R,0.0,R,9.0,R,6.0,R,67.0,R,0.0,R,0.0,R,0.0,R,0.0,A,,R,15
180878,2010,R,31.0,R,114.0,R,27.0,R,28.0,R,0.0,R,28.0,R,26.0,R,93.0,R,3.0,R,0.0,R,3.0,R,3.0,R,100.0,R,10
180902,2010,R,853.0,R,2694.0,R,32.0,R,890.0,R,0.0,R,890.0,R,564.0,R,63.0,R,235.0,R,0.0,R,235.0,R,102.0,R,43.0,R,20
180948,2010,R,384.0,R,698.0,R,55.0,R,407.0,R,0.0,R,407.0,R,286.0,R,70.0,R,12.0,R,0.0,R,12.0,R,2.0,R,17.0,R,19
180957,2010,A,,A,,A,,R,81.0,R,0.0,R,81.0,R,78.0,R,96.0,R,0.0,R,0.0,R,0.0,R,0.0,A,,R,14
180984,2010,R,276.0,R,546.0,R,51.0,R,288.0,R,0.0,R,288.0,R,212.0,R,74.0,Z,0.0,Z,0.0,Z,0.0,Z,0.0,A,,R,14
181002,2010,R,1012.0,R,1253.0,R,81.0,R,1054.0,R,0.0,R,1054.0,R,928.0,R,88.0,R,0.0,R,0.0,R,0.0,R,0.0,A,,R,11
181020,2010,R,327.0,R,370.0,R,88.0,R,312.0,R,1.0,R,311.0,R,241.0,R,77.0,R,0.0,R,0.0,R,0.0,R,0.0,A,,R,11
181093,2010,R,62.0,R,97.0,R,64.0,R,70.0,R,0.0,R,70.0,R,46.0,R,66.0,R,5.0,R,0.0,R,5.0,R,2.0,R,40.0,R,11
181127,2010,R,312.0,R,399.0,R,78.0,R,291.0,R,1.0,R,290.0,R,212.0,R,73.0,R,0.0,R,0.0,R,0.0,R,0.0,A,,R,13
181136,2010,A,,A,,A,,R,12.0,R,0.0,R,12.0,R,10.0,R,83.0,R,0.0,R,0.0,R,0.0,R,0.0,A,,R,14
181145,2010,A,,A,,A,,A,,A,,A,,A,,A,,A,,A,,A,,A,,A,,R,7
181190,2010,A,,A,,A,,R,114.0,R,0.0,R,114.0,R,58.0,R,51.0,R,0.0,R,0.0,R,0.0,R,0.0,A,,R,15
181215,2010,R,1124.0,R,1612.0,R,70.0,R,957.0,R,0.0,R,957.0,R,783.0,R,82.0,R,14.0,R,0.0,R,14.0,R,7.0,R,50.0,R,16
181242,2010,A,,A,,A,,R,3.0,Z,0.0,R,3.0,R,1.0,R,33.0,R,1.0,Z,0.0,R,1.0,R,0.0,R,0.0,R,21
181251,2010,A,,A,,A,,A,,A,,A,,A,,A,,A,,A,,A,,A,,A,,R,4
181297,2010,R,39.0,R,211.0,R,18.0,R,27.0,Z,0.0,R,27.0,R,26.0,R,96.0,Z,0.0,Z,0.0,Z,0.0,Z,0.0,A,,R,10
181303,2010,R,1148.0,R,4643.0,R,25.0,R,984.0,Z,0.0,R,984.0,R,524.0,R,53.0,R,679.0,Z,0.0,R,679.0,R,298.0,R,44.0,R,22
181312,2010,R,401.0,R,1046.0,R,38.0,R,356.0,R,0.0,R,356.0,R,195.0,R,55.0,R,60.0,R,0.0,R,60.0,R,23.0,R,38.0,R,11
181330,2010,R,229.0,R,546.0,R,42.0,R,113.0,R,1.0,R,112.0,R,67.0,R,60.0,R,0.0,Z,0.0,R,0.0,Z,0.0,A,,R,10
181376,2010,R,46.0,R,62.0,R,74.0,R,18.0,R,0.0,R,18.0,R,10.0,R,56.0,R,0.0,R,0.0,R,0.0,R,0.0,A,,R,10
181394,2010,R,1720.0,R,3091.0,R,56.0,R,1753.0,Z,0.0,R,1753.0,R,1285.0,R,73.0,R,59.0,Z,0.0,R,59.0,R,29.0,R,49.0,R,19
181400,2010,A,,A,,A,,R,19.0,Z,0.0,R,19.0,R,13.0,R,68.0,R,10.0,Z,0.0,R,10.0,R,3.0,R,30.0,R,21
181419,2010,R,23.0,R,36.0,R,64.0,R,33.0,R,0.0,R,33.0,R,12.0,R,36.0,R,16.0,R,0.0,R,16.0,R,5.0,R,31.0,R,15
181428,2010,A,,A,,A,,A,,A,,A,,A,,A,,A,,A,,A,,A,,A,,R,4
181446,2010,R,429.0,R,532.0,R,81.0,R,393.0,R,0.0,R,393.0,R,309.0,R,79.0,R,0.0,R,0.0,R,0.0,R,0.0,A,,R,13
181464,2010,R,4039.0,R,5096.0,R,79.0,R,3965.0,R,0.0,R,3965.0,R,3348.0,R,84.0,R,21.0,R,0.0,R,21.0,R,13.0,R,62.0,R,20
181491,2010,R,865.0,R,3069.0,R,28.0,R,881.0,R,28.0,R,853.0,R,551.0,R,65.0,R,87.0,R,0.0,R,87.0,R,32.0,R,37.0,R,16
181534,2010,R,243.0,R,486.0,R,50.0,R,226.0,R,0.0,R,226.0,R,137.0,R,61.0,R,11.0,R,0.0,R,11.0,R,6.0,R,55.0,R,24
181543,2010,R,4.0,R,8.0,R,50.0,R,4.0,R,0.0,R,4.0,R,2.0,R,50.0,R,0.0,R,0.0,R,0.0,R,0.0,A,,R,7
181604,2010,R,90.0,R,333.0,R,27.0,R,103.0,R,0.0,R,103.0,R,65.0,R,63.0,R,8.0,R,0.0,R,8.0,R,3.0,R,38.0,R,11
181640,2010,R,1168.0,R,4923.0,R,24.0,R,1640.0,R,0.0,R,1640.0,R,1214.0,R,74.0,R,291.0,R,0.0,R,291.0,R,204.0,R,70.0,R,24
181738,2010,R,166.0,R,330.0,R,50.0,R,114.0,R,0.0,R,114.0,R,75.0,R,66.0,R,3.0,R,0.0,R,3.0,R,2.0,R,67.0,R,10
181756,2010,A,,A,,A,,R,119.0,R,0.0,R,119.0,R,60.0,R,50.0,R,0.0,R,0.0,R,0.0,R,0.0,A,,R,18
181765,2010,R,128.0,R,202.0,R,63.0,R,117.0,R,3.0,R,114.0,R,86.0,R,75.0,R,127.0,Z,0.0,R,127.0,R,17.0,R,13.0,R,17
181783,2010,R,677.0,R,916.0,R,74.0,R,663.0,R,0.0,R,663.0,R,449.0,R,68.0,R,2.0,R,0.0,R,2.0,R,0.0,R,0.0,R,19
181792,2010,A,,A,,A,,A,,A,,A,,A,,A,,A,,A,,A,,A,,A,,R,4
181817,2010,R,402.0,R,704.0,R,57.0,R,376.0,R,0.0,R,376.0,R,210.0,R,56.0,R,110.0,R,0.0,R,110.0,R,42.0,R,38.0,R,15
181853,2010,R,129.0,R,203.0,R,64.0,R,114.0,R,0.0,R,114.0,R,78.0,R,68.0,R,0.0,R,0.0,R,0.0,R,0.0,A,,R,15
181880,2010,A,,A,,A,,R,69.0,R,3.0,R,66.0,R,54.0,R,82.0,R,0.0,Z,0.0,R,0.0,Z,0.0,A,,R,10
181941,2010,A,,A,,A,,R,151.0,R,0.0,R,151.0,R,93.0,R,62.0,R,0.0,R,0.0,R,0.0,R,0.0,A,,R,11
182005,2010,R,2027.0,R,11511.0,R,18.0,R,0.0,R,0.0,R,0.0,R,0.0,A,,R,0.0,R,0.0,R,0.0,R,0.0,A,,R,26
182111,2010,R,355.0,R,428.0,R,83.0,R,100.0,R,0.0,R,100.0,R,47.0,R,47.0,R,11.0,R,0.0,R,11.0,R,0.0,R,0.0,R,19
182148,2010,A,,A,,A,,R,113.0,R,0.0,R,113.0,R,58.0,R,51.0,R,80.0,R,1.0,R,79.0,R,34.0,R,43.0,R,25
182209,2010,A,,A,,A,,R,55.0,R,0.0,R,55.0,R,34.0,R,62.0,R,22.0,R,0.0,R,22.0,R,15.0,R,68.0,R,23
182281,2010,R,2926.0,R,5268.0,R,56.0,R,3079.0,R,0.0,R,3079.0,R,2395.0,R,78.0,R,145.0,R,0.0,R,145.0,R,58.0,R,40.0,R,22
182290,2010,R,2684.0,R,4278.0,R,63.0,R,2128.0,R,0.0,R,2128.0,R,1684.0,R,79.0,R,41.0,R,0.0,R,41.0,R,24.0,R,59.0,R,23
182306,2010,R,245.0,R,1281.0,R,19.0,R,69.0,Z,0.0,R,69.0,R,37.0,R,54.0,R,97.0,R,0.0,R,97.0,R,32.0,R,33.0,R,16
182397,2010,A,,A,,A,,R,29.0,Z,0.0,R,29.0,R,13.0,R,45.0,R,10.0,Z,0.0,R,10.0,R,7.0,R,70.0,R,10
182430,2010,A,,A,,A,,R,1.0,R,0.0,R,1.0,R,0.0,R,0.0,R,0.0,R,0.0,R,0.0,R,0.0,A,,R,20
182458,2010,R,83.0,R,184.0,R,45.0,R,88.0,R,0.0,R,88.0,R,51.0,R,58.0,R,0.0,R,0.0,R,0.0,R,0.0,A,,R,13
182500,2010,R,715.0,R,3175.0,R,23.0,R,911.0,R,0.0,R,911.0,R,578.0,R,63.0,R,950.0,R,1.0,R,949.0,R,405.0,R,43.0,R,21
182564,2010,R,453.0,R,1583.0,R,29.0,R,0.0,Z,0.0,R,0.0,R,0.0,A,,R,0.0,Z,0.0,R,0.0,R,0.0,A,,R,18
182634,2010,R,395.0,R,428.0,R,92.0,R,432.0,R,0.0,R,432.0,R,282.0,R,65.0,R,0.0,R,0.0,R,0.0,R,0.0,A,,R,13
182652,2010,A,,A,,A,,R,53.0,R,0.0,R,53.0,R,47.0,R,89.0,R,0.0,R,0.0,R,0.0,R,0.0,A,,R,17
182661,2010,R,107.0,R,149.0,R,72.0,R,167.0,R,0.0,R,167.0,R,121.0,R,72.0,R,0.0,R,0.0,R,0.0,R,0.0,A,,R,15
182670,2010,R,1136.0,R,1189.0,R,96.0,R,1094.0,R,0.0,R,1094.0,R,1056.0,R,97.0,R,0.0,R,0.0,R,0.0,R,0.0,A,,R,8
182704,2010,A,,A,,A,,R,65.0,Z,0.0,R,65.0,R,47.0,R,72.0,R,13.0,Z,0.0,R,13.0,R,7.0,R,54.0,R,12
182722,2010,A,,A,,A,,R,68.0,Z,0.0,R,68.0,R,56.0,R,82.0,R,20.0,Z,0.0,R,20.0,R,17.0,R,85.0,R,18
182795,2010,R,399.0,R,546.0,R,73.0,R,388.0,R,0.0,R,388.0,R,269.0,R,69.0,R,1.0,R,1.0,R,0.0,R,0.0,A,,R,14
182865,2010,A,,A,,A,,R,65.0,Z,0.0,R,65.0,R,19.0,R,29.0,R,26.0,Z,0.0,R,26.0,R,4.0,R,15.0,R,28
182883,2010,A,,A,,A,,R,11.0,R,0.0,R,11.0,R,10.0,R,91.0,Z,0.0,Z,0.0,Z,0.0,Z,0.0,A,,R,11
182892,2010,A,,A,,A,,R,57.0,R,0.0,R,57.0,R,42.0,R,74.0,R,7.0,R,0.0,R,7.0,R,6.0,R,86.0,R,14
182908,2010,R,38.0,R,148.0,R,26.0,R,17.0,Z,0.0,R,17.0,R,16.0,R,94.0,R,9.0,Z,0.0,R,9.0,R,8.0,R,89.0,R,5
182917,2010,R,12.0,R,14.0,R,86.0,R,21.0,R,0.0,R,21.0,R,15.0,R,71.0,Z,0.0,Z,0.0,Z,0.0,Z,0.0,A,,R,6
182953,2010,A,,A,,A,,R,123.0,R,0.0,R,123.0,R,110.0,R,89.0,R,39.0,R,0.0,R,39.0,R,30.0,R,77.0,R,10
182980,2010,R,269.0,R,369.0,R,73.0,R,259.0,R,2.0,R,257.0,R,153.0,R,60.0,R,3.0,R,0.0,R,3.0,R,2.0,R,67.0,R,12
182999,2010,A,,A,,A,,R,22.0,R,0.0,R,22.0,R,17.0,R,77.0,R,26.0,R,0.0,R,26.0,R,20.0,R,77.0,R,8
183026,2010,R,803.0,R,1542.0,R,52.0,R,599.0,R,0.0,R,599.0,R,381.0,R,64.0,R,0.0,R,0.0,R,0.0,R,0.0,A,,R,18
183035,2010,A,,A,,A,,A,,A,,A,,A,,A,,A,,A,,A,,A,,A,,R,18
183044,2010,R,2850.0,R,3586.0,R,79.0,R,2833.0,R,0.0,R,2833.0,R,2501.0,R,88.0,R,0.0,Z,0.0,R,0.0,Z,0.0,A,,R,18
183062,2010,R,1205.0,R,1505.0,R,80.0,R,1186.0,R,1.0,R,1185.0,R,910.0,R,77.0,R,2.0,R,0.0,R,2.0,R,1.0,R,50.0,R,18
183071,2010,R,106.0,R,329.0,R,32.0,R,49.0,R,0.0,R,49.0,R,36.0,R,73.0,R,2.0,R,0.0,R,2.0,R,1.0,R,50.0,R,14
183080,2010,R,1056.0,R,1323.0,R,80.0,R,961.0,R,0.0,R,961.0,R,730.0,R,76.0,R,9.0,R,0.0,R,9.0,R,4.0,R,44.0,R,16
183099,2010,R,1008.0,R,3048.0,R,33.0,R,954.0,Z,0.0,R,954.0,R,568.0,R,60.0,R,200.0,Z,0.0,R,200.0,R,94.0,R,47.0,R,12
183105,2010,R,129.0,R,661.0,R,20.0,R,129.0,R,0.0,R,129.0,R,94.0,R,73.0,R,93.0,R,0.0,R,93.0,R,42.0,R,45.0,R,7
183114,2010,R,89.0,R,306.0,R,29.0,R,72.0,R,0.0,R,72.0,R,45.0,R,63.0,R,97.0,Z,0.0,R,97.0,R,57.0,R,59.0,R,7
183123,2010,R,258.0,R,846.0,R,30.0,R,227.0,R,0.0,R,227.0,R,130.0,R,57.0,R,72.0,R,0.0,R,72.0,R,30.0,R,42.0,R,10
183132,2010,R,325.0,R,1797.0,R,18.0,R,312.0,Z,0.0,R,312.0,R,194.0,R,62.0,R,225.0,R,0.0,R,225.0,R,111.0,R,49.0,R,11
183141,2010,R,367.0,R,1024.0,R,36.0,R,367.0,R,0.0,R,367.0,R,213.0,R,58.0,R,237.0,R,0.0,R,237.0,R,112.0,R,47.0,R,12
183150,2010,R,185.0,R,1414.0,R,13.0,R,187.0,R,0.0,R,187.0,R,102.0,R,55.0,R,169.0,R,0.0,R,169.0,R,96.0,R,57.0,R,9
183202,2010,A,,A,,A,,R,17.0,R,0.0,R,17.0,R,17.0,R,100.0,R,0.0,R,0.0,R,0.0,R,0.0,A,,R,9
183211,2010,R,257.0,R,430.0,R,60.0,R,235.0,R,0.0,R,235.0,R,183.0,R,78.0,R,10.0,R,0.0,R,10.0,R,8.0,R,80.0,R,17
183239,2010,R,535.0,R,577.0,R,93.0,R,528.0,R,0.0,R,528.0,R,444.0,R,84.0,R,0.0,R,0.0,R,0.0,R,0.0,A,,R,12
183248,2010,R,13.0,R,13.0,R,100.0,R,7.0,R,0.0,R,7.0,R,7.0,R,100.0,R,0.0,R,0.0,R,0.0,R,0.0,A,,R,12
183257,2010,R,42.0,R,305.0,R,14.0,R,14.0,R,0.0,R,14.0,R,8.0,R,57.0,R,9.0,R,0.0,R,9.0,R,7.0,R,78.0,R,10
183275,2010,R,16.0,R,29.0,R,55.0,R,18.0,R,0.0,R,18.0,R,17.0,R,94.0,R,0.0,R,0.0,R,0.0,R,0.0,A,,R,10
183345,2010,R,36.0,R,45.0,R,80.0,R,41.0,R,0.0,R,41.0,R,25.0,R,61.0,R,4.0,R,0.0,R,4.0,R,3.0,R,75.0,R,8
183488,2010,A,,A,,A,,R,247.0,R,0.0,R,247.0,R,208.0,R,84.0,R,84.0,R,0.0,R,84.0,R,66.0,R,79.0,R,25
183600,2010,R,14.0,R,22.0,R,64.0,R,10.0,R,0.0,R,10.0,R,9.0,R,90.0,R,5.0,R,0.0,R,5.0,R,5.0,R,100.0,R,11
183655,2010,R,1395.0,R,3297.0,R,42.0,R,1349.0,Z,0.0,R,1349.0,R,846.0,R,63.0,R,461.0,Z,0.0,R,461.0,R,190.0,R,41.0,R,24
183725,2010,A,,A,,A,,R,419.0,R,0.0,R,419.0,R,295.0,R,70.0,R,0.0,R,0.0,R,0.0,R,0.0,A,,R,17
183743,2010,R,2786.0,R,5128.0,R,54.0,R,2696.0,R,0.0,R,2696.0,R,1810.0,R,67.0,R,814.0,R,0.0,R,814.0,R,428.0,R,53.0,R,22
183789,2010,R,753.0,R,1114.0,R,68.0,R,578.0,Z,0.0,R,578.0,R,282.0,R,49.0,R,18.0,Z,0.0,R,18.0,R,4.0,R,22.0,R,26
183804,2010,A,,A,,A,,A,,A,,A,,A,,A,,A,,A,,A,,A,,A,,R,36
183822,2010,R,403.0,R,648.0,R,62.0,R,453.0,R,0.0,R,453.0,R,334.0,R,74.0,R,21.0,R,0.0,R,21.0,R,4.0,R,19.0,R,16
183859,2010,R,3056.0,R,4488.0,R,68.0,R,3145.0,R,0.0,R,3145.0,R,2172.0,R,69.0,R,451.0,R,0.0,R,451.0,R,228.0,R,51.0,R,24
183877,2010,R,1898.0,R,3617.0,R,52.0,R,1952.0,R,0.0,R,1952.0,R,1178.0,R,60.0,R,399.0,R,0.0,R,399.0,R,151.0,R,38.0,R,29
183910,2010,R,284.0,R,504.0,R,56.0,R,278.0,R,0.0,R,278.0,R,191.0,R,69.0,R,0.0,R,0.0,R,0.0,R,0.0,A,,R,15
183938,2010,R,2014.0,R,4556.0,R,44.0,R,1658.0,R,0.0,R,1658.0,R,1020.0,R,62.0,R,545.0,R,0.0,R,545.0,R,217.0,R,40.0,R,29
183974,2010,R,267.0,R,435.0,R,61.0,R,270.0,R,0.0,R,270.0,R,203.0,R,75.0,R,28.0,R,0.0,R,28.0,R,20.0,R,71.0,R,15
183983,2010,A,,A,,A,,R,90.0,R,0.0,R,90.0,R,88.0,R,98.0,R,50.0,R,0.0,R,50.0,R,43.0,R,86.0,R,17
184047,2010,A,,A,,A,,R,60.0,R,0.0,R,60.0,R,47.0,R,78.0,R,0.0,R,0.0,R,0.0,R,0.0,A,,R,35
184056,2010,A,,A,,A,,R,326.0,R,0.0,R,326.0,R,267.0,R,82.0,R,0.0,R,0.0,R,0.0,R,0.0,A,,R,25
184092,2010,A,,A,,A,,R,132.0,R,0.0,R,132.0,R,85.0,R,64.0,Z,0.0,Z,0.0,Z,0.0,Z,0.0,A,,R,37
184135,2010,A,,A,,A,,R,452.0,R,0.0,R,452.0,R,278.0,R,62.0,R,0.0,R,0.0,R,0.0,R,0.0,A,,R,14
184144,2010,A,,A,,A,,R,55.0,Z,0.0,R,55.0,R,48.0,R,87.0,R,6.0,Z,0.0,R,6.0,R,5.0,R,83.0,R,16
184153,2010,A,,A,,A,,A,,A,,A,,A,,A,,A,,A,,A,,A,,A,,R,4
184180,2010,R,1639.0,R,2712.0,R,60.0,R,1522.0,R,0.0,R,1522.0,R,990.0,R,65.0,R,248.0,R,0.0,R,248.0,R,127.0,R,51.0,R,20
184205,2010,R,823.0,R,1557.0,R,53.0,R,771.0,R,0.0,R,771.0,R,520.0,R,67.0,R,216.0,R,0.0,R,216.0,R,105.0,R,49.0,R,22
184269,2010,R,293.0,R,1034.0,R,28.0,R,45.0,R,0.0,R,45.0,R,26.0,R,58.0,R,18.0,R,0.0,R,18.0,R,4.0,R,22.0,R,17
184278,2010,A,,A,,A,,A,,A,,A,,A,,A,,A,,A,,A,,A,,A,,R,18
184320,2010,A,,A,,A,,R,180.0,R,7.0,R,173.0,R,114.0,R,66.0,R,0.0,R,0.0,R,0.0,R,0.0,A,,R,20
184348,2010,R,495.0,R,593.0,R,83.0,R,505.0,R,0.0,R,505.0,R,435.0,R,86.0,R,1.0,R,0.0,R,1.0,R,1.0,R,100.0,R,11
184357,2010,A,,A,,A,,R,17.0,Z,0.0,R,17.0,R,15.0,R,88.0,R,2.0,Z,0.0,R,2.0,R,1.0,R,50.0,R,5
184427,2010,A,,A,,A,,R,78.0,R,0.0,R,78.0,R,61.0,R,78.0,R,0.0,R,0.0,R,0.0,R,0.0,A,,R,24
184481,2010,R,2646.0,R,3914.0,R,68.0,R,2671.0,R,0.0,R,2671.0,R,1238.0,R,46.0,R,451.0,R,0.0,R,451.0,R,159.0,R,35.0,R,34
184506,2010,A,,A,,A,,R,34.0,Z,0.0,R,34.0,R,24.0,R,71.0,R,17.0,Z,0.0,R,17.0,R,13.0,R,76.0,R,13
184603,2010,R,694.0,R,3721.0,R,19.0,R,641.0,R,0.0,R,641.0,R,456.0,R,71.0,R,67.0,R,0.0,R,67.0,R,31.0,R,46.0,R,17
184612,2010,R,324.0,R,510.0,R,64.0,R,251.0,Z,0.0,R,251.0,R,159.0,R,63.0,R,3.0,Z,0.0,R,3.0,R,0.0,R,0.0,R,11
184694,2010,R,646.0,R,835.0,R,77.0,R,644.0,R,0.0,R,644.0,R,460.0,R,71.0,R,1.0,R,0.0,R,1.0,R,1.0,R,100.0,R,15
184746,2010,A,,A,,A,,R,52.0,R,0.0,R,52.0,R,41.0,R,79.0,R,7.0,R,0.0,R,7.0,R,5.0,R,71.0,R,6
184773,2010,R,223.0,R,721.0,R,31.0,R,251.0,R,0.0,R,251.0,R,189.0,R,75.0,R,2.0,R,0.0,R,2.0,R,0.0,R,0.0,R,12
184782,2010,R,1467.0,R,2827.0,R,52.0,R,1434.0,R,0.0,R,1434.0,R,1189.0,R,83.0,R,4.0,R,0.0,R,4.0,R,4.0,R,100.0,R,16
184791,2010,R,1557.0,R,2826.0,R,55.0,R,1694.0,R,0.0,R,1694.0,R,1060.0,R,63.0,R,380.0,R,0.0,R,380.0,R,169.0,R,44.0,R,32
184816,2010,A,,A,,A,,R,65.0,Z,0.0,R,65.0,R,29.0,R,45.0,R,21.0,Z,0.0,R,21.0,R,12.0,R,57.0,R,23
184870,2010,A,,A,,A,,R,132.0,R,0.0,R,132.0,R,75.0,R,57.0,R,37.0,R,0.0,R,37.0,R,18.0,R,49.0,R,25
184959,2010,R,296.0,R,453.0,R,65.0,R,167.0,R,0.0,R,167.0,R,145.0,R,87.0,R,106.0,R,0.0,R,106.0,R,94.0,R,89.0,R,25
184968,2010,A,,A,,A,,R,7.0,R,0.0,R,7.0,R,2.0,R,29.0,R,2.0,R,0.0,R,2.0,R,1.0,R,50.0,R,9
184995,2010,R,2636.0,R,4393.0,R,60.0,R,1849.0,R,0.0,R,1849.0,R,1061.0,R,57.0,R,369.0,R,0.0,R,369.0,R,148.0,R,40.0,R,30
185129,2010,R,681.0,R,1714.0,R,40.0,R,635.0,R,0.0,R,635.0,R,465.0,R,73.0,R,129.0,R,0.0,R,129.0,R,58.0,R,45.0,R,15
185174,2010,A,,A,,A,,R,25.0,R,0.0,R,25.0,R,18.0,R,72.0,R,0.0,R,0.0,R,0.0,R,0.0,A,,R,4
185262,2010,R,1731.0,R,3743.0,R,46.0,R,1518.0,R,0.0,R,1518.0,R,1226.0,R,81.0,R,30.0,R,0.0,R,30.0,R,22.0,R,73.0,R,19
185332,2010,A,,A,,A,,R,62.0,R,0.0,R,62.0,R,37.0,R,60.0,R,22.0,R,0.0,R,22.0,R,8.0,R,36.0,R,25
185396,2010,A,,A,,A,,R,525.0,R,0.0,R,525.0,R,341.0,R,65.0,R,0.0,R,0.0,R,0.0,R,0.0,A,,R,34
185466,2010,A,,A,,A,,R,150.0,Z,0.0,R,150.0,R,108.0,R,72.0,R,70.0,Z,0.0,R,70.0,R,51.0,R,73.0,R,25
185509,2010,R,1423.0,R,2965.0,R,48.0,R,1727.0,Z,0.0,R,1727.0,R,1053.0,R,61.0,R,1079.0,Z,0.0,R,1079.0,R,395.0,R,37.0,R,20
185536,2010,R,2121.0,R,3595.0,R,59.0,R,2323.0,R,0.0,R,2323.0,R,1430.0,R,62.0,R,494.0,R,0.0,R,494.0,R,239.0,R,48.0,R,25
185572,2010,R,964.0,R,1339.0,R,72.0,R,998.0,R,0.0,R,998.0,R,800.0,R,80.0,R,0.0,R,0.0,R,0.0,R,0.0,A,,R,15
185590,2010,R,2171.0,R,3984.0,R,54.0,R,2101.0,R,0.0,R,2101.0,R,1706.0,R,81.0,R,16.0,R,0.0,R,16.0,R,8.0,R,50.0,R,17
185624,2010,A,,A,,A,,A,,A,,A,,A,,A,,A,,A,,A,,A,,A,,R,7
185651,2010,A,,A,,A,,R,3.0,Z,0.0,R,3.0,R,3.0,R,100.0,R,1.0,Z,0.0,R,1.0,R,1.0,R,100.0,R,10
185679,2010,A,,A,,A,,R,5.0,R,0.0,R,5.0,R,4.0,R,80.0,R,4.0,R,0.0,R,4.0,R,3.0,R,75.0,R,10
185721,2010,A,,A,,A,,R,760.0,R,0.0,R,760.0,R,651.0,R,86.0,R,0.0,R,0.0,R,0.0,R,0.0,A,,R,25
185730,2010,A,,A,,A,,R,30.0,Z,0.0,R,30.0,R,18.0,R,60.0,R,0.0,R,0.0,R,0.0,R,0.0,A,,R,15
185767,2010,A,,A,,A,,R,73.0,R,0.0,R,73.0,R,58.0,R,79.0,R,75.0,R,0.0,R,75.0,R,69.0,R,92.0,R,25
185828,2010,R,875.0,R,1836.0,R,48.0,R,926.0,Z,0.0,R,926.0,R,746.0,R,81.0,R,68.0,Z,0.0,R,68.0,R,56.0,R,82.0,R,15
185873,2010,R,1931.0,R,3467.0,R,56.0,R,2175.0,R,0.0,R,2175.0,R,1479.0,R,68.0,R,531.0,R,0.0,R,531.0,R,229.0,R,43.0,R,29
185916,2010,A,,A,,A,,R,57.0,R,0.0,R,57.0,R,56.0,R,98.0,R,28.0,R,0.0,R,28.0,R,24.0,R,86.0,R,9
185970,2010,A,,A,,A,,R,126.0,R,0.0,R,126.0,R,112.0,R,89.0,R,28.0,R,0.0,R,28.0,R,23.0,R,82.0,R,23
186016,2010,A,,A,,A,,R,146.0,R,1.0,R,145.0,R,134.0,R,92.0,R,65.0,R,0.0,R,65.0,R,57.0,R,88.0,R,15
186034,2010,R,782.0,R,2159.0,R,36.0,R,726.0,R,0.0,R,726.0,R,477.0,R,66.0,R,885.0,R,0.0,R,885.0,R,401.0,R,45.0,R,24
186052,2010,A,,A,,A,,R,317.0,R,0.0,R,317.0,R,212.0,R,67.0,R,51.0,R,1.0,R,50.0,R,30.0,R,60.0,R,15
186131,2010,R,1312.0,R,1312.0,R,100.0,R,1295.0,R,0.0,R,1295.0,R,1284.0,R,99.0,R,0.0,R,0.0,R,0.0,R,0.0,A,,R,6
186186,2010,R,42.0,R,190.0,R,22.0,R,26.0,R,0.0,R,26.0,R,13.0,R,50.0,R,0.0,R,0.0,R,0.0,R,0.0,A,,R,17
186201,2010,R,895.0,R,1636.0,R,55.0,R,934.0,R,0.0,R,934.0,R,820.0,R,88.0,R,3.0,R,0.0,R,3.0,R,2.0,R,67.0,R,18
186274,2010,A,,A,,A,,R,84.0,R,0.0,R,84.0,R,69.0,R,82.0,R,42.0,R,0.0,R,42.0,R,38.0,R,90.0,R,25
186283,2010,R,1007.0,R,1317.0,R,76.0,R,1027.0,R,0.0,R,1027.0,R,811.0,R,79.0,R,7.0,R,0.0,R,7.0,R,1.0,R,14.0,R,12
186335,2010,A,,A,,A,,R,58.0,R,0.0,R,58.0,R,49.0,R,84.0,R,16.0,R,0.0,R,16.0,R,12.0,R,75.0,R,16
186371,2010,R,493.0,R,1301.0,R,38.0,R,434.0,R,0.0,R,434.0,R,330.0,R,76.0,R,1.0,R,0.0,R,1.0,R,0.0,R,0.0,R,14
186380,2010,R,6031.0,R,8137.0,R,74.0,R,5826.0,R,0.0,R,5826.0,R,5294.0,R,91.0,R,9.0,R,0.0,R,9.0,R,5.0,R,56.0,R,15
186399,2010,R,939.0,R,2301.0,R,41.0,R,909.0,R,0.0,R,909.0,R,752.0,R,83.0,R,5.0,R,0.0,R,5.0,R,3.0,R,60.0,R,15
186405,2010,A,,A,,A,,A,,A,,A,,A,,A,,A,,A,,A,,A,,A,,R,2
186423,2010,A,,A,,A,,R,2.0,R,0.0,R,2.0,R,2.0,R,100.0,R,0.0,R,0.0,R,0.0,R,0.0,A,,R,35
186432,2010,R,507.0,R,643.0,R,79.0,R,534.0,R,0.0,R,534.0,R,387.0,R,72.0,R,5.0,R,0.0,R,5.0,R,0.0,R,0.0,R,16
186469,2010,R,244.0,R,413.0,R,59.0,R,268.0,R,0.0,R,268.0,R,172.0,R,64.0,R,194.0,R,0.0,R,194.0,R,93.0,R,48.0,R,21
186584,2010,R,1302.0,R,1746.0,R,75.0,R,1135.0,R,1.0,R,1134.0,R,903.0,R,80.0,R,4.0,R,0.0,R,4.0,R,3.0,R,75.0,R,14
186593,2010,A,,A,,A,,R,86.0,R,0.0,R,86.0,R,70.0,R,81.0,R,0.0,R,0.0,R,0.0,R,0.0,A,,R,16
186618,2010,R,117.0,R,320.0,R,37.0,R,178.0,R,0.0,R,178.0,R,123.0,R,69.0,R,1.0,R,0.0,R,1.0,R,1.0,R,100.0,R,9
186645,2010,R,1300.0,R,2701.0,R,48.0,R,1311.0,R,0.0,R,1311.0,R,894.0,R,68.0,R,284.0,R,0.0,R,284.0,R,123.0,R,43.0,R,22
186867,2010,R,566.0,R,620.0,R,91.0,R,564.0,R,0.0,R,564.0,R,512.0,R,91.0,R,0.0,R,0.0,R,0.0,R,0.0,A,,R,14
186876,2010,R,860.0,R,1986.0,R,43.0,R,868.0,R,0.0,R,868.0,R,757.0,R,87.0,R,4.0,R,0.0,R,4.0,R,2.0,R,50.0,R,18
186900,2010,R,22.0,R,31.0,R,71.0,R,5.0,R,0.0,R,5.0,R,1.0,R,20.0,R,0.0,R,0.0,R,0.0,R,0.0,A,,R,14
187000,2010,A,,A,,A,,R,37.0,R,0.0,R,37.0,R,35.0,R,95.0,R,0.0,R,0.0,R,0.0,R,0.0,A,,R,30
187134,2010,R,1421.0,R,1785.0,R,80.0,R,1283.0,R,0.0,R,1283.0,R,1198.0,R,93.0,R,1.0,R,0.0,R,1.0,R,1.0,R,100.0,R,13
187161,2010,A,,A,,A,,R,202.0,R,0.0,R,202.0,R,146.0,R,72.0,R,0.0,R,0.0,R,0.0,R,0.0,A,,R,41
187198,2010,R,2181.0,R,3672.0,R,59.0,R,2073.0,R,0.0,R,2073.0,R,1198.0,R,58.0,R,591.0,R,0.0,R,591.0,R,231.0,R,39.0,R,32
187222,2010,A,,A,,A,,A,,A,,A,,A,,A,,A,,A,,A,,A,,A,,R,2
187444,2010,R,1516.0,R,2817.0,R,54.0,R,1435.0,R,0.0,R,1435.0,R,1130.0,R,79.0,R,20.0,R,0.0,R,20.0,R,10.0,R,50.0,R,16
187505,2010,A,,A,,A,,R,338.0,R,20.0,R,318.0,R,185.0,R,58.0,Z,0.0,Z,0.0,Z,0.0,Z,0.0,A,,R,19
187532,2010,R,2278.0,R,6002.0,R,38.0,R,2425.0,Z,0.0,R,2425.0,R,1425.0,R,59.0,R,1875.0,Z,0.0,R,1875.0,R,737.0,R,39.0,R,27
187596,2010,R,155.0,R,349.0,R,44.0,R,216.0,R,13.0,R,203.0,R,83.0,R,41.0,R,89.0,R,5.0,R,84.0,R,38.0,R,45.0,R,25
187602,2010,A,,A,,A,,R,54.0,R,1.0,R,53.0,R,40.0,R,75.0,R,0.0,R,0.0,R,0.0,R,0.0,A,,R,25
187620,2010,R,1108.0,R,2560.0,R,43.0,R,1011.0,Z,0.0,R,1011.0,R,659.0,R,65.0,R,1059.0,Z,0.0,R,1059.0,R,364.0,R,34.0,R,21
187639,2010,R,192.0,R,1157.0,R,17.0,R,181.0,R,0.0,R,181.0,R,75.0,R,41.0,R,104.0,R,0.0,R,104.0,R,24.0,R,23.0,R,22
187648,2010,R,601.0,R,1126.0,R,53.0,R,622.0,R,0.0,R,622.0,R,383.0,R,62.0,R,12.0,R,0.0,R,12.0,R,3.0,R,25.0,R,21
187666,2010,R,503.0,R,1931.0,R,26.0,R,507.0,R,0.0,R,507.0,R,252.0,R,50.0,R,98.0,R,0.0,R,98.0,R,25.0,R,26.0,R,23
187745,2010,R,32.0,R,91.0,R,35.0,R,31.0,R,0.0,R,31.0,R,16.0,R,52.0,R,6.0,R,0.0,R,6.0,R,1.0,R,17.0,R,8
187897,2010,R,320.0,R,779.0,R,41.0,R,379.0,R,0.0,R,379.0,R,183.0,R,48.0,R,18.0,R,0.0,R,18.0,R,7.0,R,39.0,R,15
187903,2010,R,244.0,R,654.0,R,37.0,R,278.0,R,0.0,R,278.0,R,155.0,R,56.0,R,158.0,R,0.0,R,158.0,R,90.0,R,57.0,R,18
187912,2010,R,326.0,R,349.0,R,93.0,R,266.0,R,0.0,R,266.0,R,135.0,R,51.0,R,0.0,R,0.0,R,0.0,R,0.0,A,,R,8
187958,2010,R,408.0,R,685.0,R,60.0,R,426.0,R,0.0,R,426.0,R,241.0,R,57.0,R,118.0,R,0.0,R,118.0,R,44.0,R,37.0,R,23
187967,2010,R,333.0,R,433.0,R,77.0,R,255.0,R,0.0,R,255.0,R,187.0,R,73.0,R,0.0,R,0.0,R,0.0,R,0.0,A,,R,12
187976,2010,R,83.0,R,174.0,R,48.0,R,76.0,R,0.0,R,76.0,R,31.0,R,41.0,R,21.0,R,0.0,R,21.0,R,8.0,R,38.0,R,16
187985,2010,R,3477.0,R,5203.0,R,67.0,R,3342.0,R,1.0,R,3341.0,R,2616.0,R,78.0,R,67.0,R,0.0,R,67.0,R,32.0,R,48.0,R,22
187994,2010,R,251.0,R,670.0,R,37.0,R,257.0,Z,0.0,R,257.0,R,151.0,R,59.0,R,142.0,Z,0.0,R,142.0,R,45.0,R,32.0,R,22
188003,2010,R,199.0,R,383.0,R,52.0,R,237.0,Z,0.0,R,237.0,R,109.0,R,46.0,R,58.0,Z,0.0,R,58.0,R,12.0,R,21.0,R,17
188021,2010,R,114.0,R,304.0,R,38.0,R,129.0,Z,0.0,R,129.0,R,67.0,R,52.0,R,52.0,Z,0.0,R,52.0,R,12.0,R,23.0,R,22
188030,2010,R,2383.0,R,3322.0,R,72.0,R,2454.0,R,0.0,R,2454.0,R,1771.0,R,72.0,R,85.0,R,0.0,R,85.0,R,43.0,R,51.0,R,19
188049,2010,R,339.0,R,532.0,R,64.0,R,336.0,R,0.0,R,336.0,R,204.0,R,61.0,R,90.0,R,0.0,R,90.0,R,32.0,R,36.0,R,27
188058,2010,R,219.0,R,494.0,R,44.0,R,33.0,R,0.0,R,33.0,R,21.0,R,64.0,R,2.0,R,0.0,R,2.0,R,0.0,R,0.0,R,12
188100,2010,R,770.0,R,2254.0,R,34.0,R,837.0,R,1.0,R,836.0,R,481.0,R,58.0,R,241.0,R,0.0,R,241.0,R,93.0,R,39.0,R,21
188137,2010,R,363.0,R,1075.0,R,34.0,R,336.0,R,0.0,R,336.0,R,190.0,R,57.0,R,152.0,R,0.0,R,152.0,R,50.0,R,33.0,R,17
188146,2010,R,98.0,R,160.0,R,61.0,R,0.0,R,0.0,R,0.0,R,0.0,A,,R,0.0,R,0.0,R,0.0,R,0.0,A,,R,10
188182,2010,R,54.0,R,141.0,R,38.0,R,31.0,R,1.0,R,30.0,R,22.0,R,73.0,R,14.0,R,0.0,R,14.0,R,5.0,R,36.0,R,11
188216,2010,R,153.0,R,197.0,R,78.0,R,234.0,R,0.0,R,234.0,R,83.0,R,35.0,R,28.0,R,0.0,R,28.0,R,4.0,R,14.0,R,15
188225,2010,R,137.0,R,240.0,R,57.0,R,112.0,R,0.0,R,112.0,R,65.0,R,58.0,R,28.0,R,0.0,R,28.0,R,10.0,R,36.0,R,21
188261,2010,R,146.0,R,325.0,R,45.0,R,145.0,Z,0.0,R,145.0,R,92.0,R,63.0,R,40.0,Z,0.0,R,40.0,R,24.0,R,60.0,R,18
188304,2010,R,347.0,R,1038.0,R,33.0,R,229.0,R,0.0,R,229.0,R,118.0,R,52.0,R,36.0,R,0.0,R,36.0,R,8.0,R,22.0,R,12
188340,2010,R,235.0,R,440.0,R,53.0,R,36.0,Z,0.0,R,36.0,R,33.0,R,92.0,R,0.0,Z,0.0,R,0.0,R,0.0,A,,R,18
188429,2010,R,909.0,R,1438.0,R,63.0,R,985.0,R,0.0,R,985.0,R,812.0,R,82.0,R,20.0,R,0.0,R,20.0,R,15.0,R,75.0,R,11
188438,2010,R,799.0,R,1321.0,R,60.0,R,820.0,Z,0.0,R,820.0,R,473.0,R,58.0,R,116.0,Z,0.0,R,116.0,R,55.0,R,47.0,R,18
188465,2010,R,214.0,R,296.0,R,72.0,R,29.0,R,0.0,R,29.0,R,7.0,R,24.0,R,2.0,R,0.0,R,2.0,R,1.0,R,50.0,R,14
188517,2010,R,159.0,R,300.0,R,53.0,R,157.0,R,0.0,R,157.0,R,80.0,R,51.0,R,3.0,R,0.0,R,3.0,R,2.0,R,67.0,R,18
188526,2010,R,220.0,R,363.0,R,61.0,R,190.0,R,0.0,R,190.0,R,136.0,R,72.0,Z,0.0,Z,0.0,Z,0.0,Z,0.0,A,,R,14
188641,2010,R,527.0,R,626.0,R,84.0,R,467.0,R,0.0,R,467.0,R,360.0,R,77.0,R,0.0,R,0.0,R,0.0,R,0.0,A,,R,12
188650,2010,A,,A,,A,,R,255.0,R,0.0,R,255.0,R,147.0,R,58.0,R,0.0,R,0.0,R,0.0,R,0.0,A,,R,24
188669,2010,A,,A,,A,,R,28.0,R,0.0,R,28.0,R,23.0,R,82.0,R,0.0,R,0.0,R,0.0,R,0.0,A,,R,3
188678,2010,R,71.0,R,123.0,R,58.0,R,59.0,R,0.0,R,59.0,R,45.0,R,76.0,R,0.0,R,0.0,R,0.0,R,0.0,A,,R,16
188687,2010,R,28.0,R,150.0,R,19.0,R,22.0,R,0.0,R,22.0,R,9.0,R,41.0,R,16.0,R,0.0,R,16.0,R,9.0,R,56.0,R,23
188696,2010,A,,A,,A,,R,55.0,Z,0.0,R,55.0,R,31.0,R,56.0,Z,0.0,Z,0.0,Z,0.0,Z,0.0,A,,R,25
188854,2010,R,491.0,R,491.0,R,100.0,R,141.0,R,0.0,R,141.0,R,117.0,R,83.0,R,0.0,R,0.0,R,0.0,R,0.0,A,,R,33
188890,2010,A,,A,,A,,R,1098.0,R,1.0,R,1097.0,R,637.0,R,58.0,R,439.0,R,0.0,R,439.0,R,256.0,R,58.0,R,18
188915,2010,A,,A,,A,,R,9.0,R,0.0,R,9.0,R,8.0,R,89.0,R,0.0,R,0.0,R,0.0,R,0.0,A,,R,8
188942,2010,A,,A,,A,,R,22.0,R,0.0,R,22.0,R,5.0,R,23.0,R,0.0,Z,0.0,R,0.0,Z,0.0,A,,R,11
188988,2010,A,,A,,A,,R,93.0,R,0.0,R,93.0,R,66.0,R,71.0,R,8.0,R,0.0,R,8.0,R,7.0,R,88.0,R,13
189088,2010,R,497.0,R,580.0,R,86.0,R,504.0,Z,0.0,R,504.0,R,453.0,R,90.0,Z,0.0,Z,0.0,Z,0.0,Z,0.0,A,,R,10
189097,2010,R,570.0,R,653.0,R,87.0,R,577.0,R,0.0,R,577.0,R,542.0,R,94.0,R,6.0,R,0.0,R,6.0,R,6.0,R,100.0,R,9
189219,2010,A,,A,,A,,A,,A,,A,,A,,A,,A,,A,,A,,A,,A,,R,12
189228,2010,R,1082.0,R,1799.0,R,60.0,R,789.0,Z,0.0,R,789.0,R,384.0,R,49.0,R,16.0,Z,0.0,R,16.0,R,3.0,R,19.0,R,29
189264,2010,R,15.0,R,15.0,R,100.0,R,17.0,R,0.0,R,17.0,R,11.0,R,65.0,R,0.0,R,0.0,R,0.0,R,0.0,A,,R,9
189273,2010,R,20.0,R,27.0,R,74.0,R,7.0,R,0.0,R,7.0,R,1.0,R,14.0,R,0.0,R,0.0,R,0.0,R,0.0,A,,R,11
189282,2010,R,1.0,R,129.0,R,1.0,R,1.0,R,0.0,R,1.0,R,1.0,R,100.0,R,9.0,R,0.0,R,9.0,R,8.0,R,89.0,R,7
189404,2010,A,,A,,A,,R,28.0,R,0.0,R,28.0,R,20.0,R,71.0,R,4.0,R,0.0,R,4.0,R,4.0,R,100.0,R,19
189413,2010,R,351.0,R,539.0,R,65.0,R,179.0,R,0.0,R,179.0,R,95.0,R,53.0,R,0.0,R,0.0,R,0.0,R,0.0,A,,R,20
189422,2010,R,304.0,R,412.0,R,74.0,R,229.0,R,3.0,R,226.0,R,100.0,R,44.0,R,3.0,R,0.0,R,3.0,R,1.0,R,33.0,R,13
189459,2010,R,373.0,R,558.0,R,67.0,R,78.0,Z,0.0,R,78.0,R,41.0,R,53.0,R,2.0,Z,0.0,R,2.0,R,1.0,R,50.0,R,16
189468,2010,A,,A,,A,,R,70.0,R,0.0,R,70.0,R,63.0,R,90.0,R,26.0,R,0.0,R,26.0,R,14.0,R,54.0,R,20
189477,2010,A,,A,,A,,R,65.0,R,0.0,R,65.0,R,48.0,R,74.0,R,53.0,R,0.0,R,53.0,R,33.0,R,62.0,R,20
189547,2010,R,1548.0,R,2133.0,R,73.0,R,2772.0,Z,0.0,R,2772.0,R,1682.0,R,61.0,R,202.0,Z,0.0,R,202.0,R,102.0,R,50.0,R,21
189556,2010,R,62.0,R,236.0,R,26.0,R,0.0,R,0.0,R,0.0,R,0.0,A,,R,0.0,R,0.0,R,0.0,R,0.0,A,,R,17
189565,2010,R,108.0,R,235.0,R,46.0,R,121.0,R,0.0,R,121.0,R,59.0,R,49.0,R,13.0,R,0.0,R,13.0,R,6.0,R,46.0,R,14
189574,2010,R,164.0,R,301.0,R,54.0,R,282.0,R,0.0,R,282.0,R,86.0,R,30.0,R,17.0,R,0.0,R,17.0,R,11.0,R,65.0,R,15
189583,2010,R,152.0,R,341.0,R,45.0,R,0.0,R,0.0,R,0.0,R,0.0,A,,R,0.0,R,0.0,R,0.0,R,0.0,A,,R,20
189592,2010,R,56.0,R,165.0,R,34.0,R,81.0,R,0.0,R,81.0,R,36.0,R,44.0,R,2.0,R,0.0,R,2.0,R,1.0,R,50.0,R,7
189653,2010,R,3.0,R,18.0,R,17.0,R,3.0,R,0.0,R,3.0,R,3.0,R,100.0,R,0.0,R,0.0,R,0.0,R,0.0,A,,R,8
189705,2010,R,709.0,R,1125.0,R,63.0,R,707.0,R,0.0,R,707.0,R,592.0,R,84.0,R,1.0,R,0.0,R,1.0,R,0.0,R,0.0,R,12
189714,2010,A,,A,,A,,R,119.0,Z,0.0,R,119.0,R,96.0,R,81.0,R,84.0,Z,0.0,R,84.0,R,59.0,R,70.0,R,18
189811,2010,R,50.0,R,127.0,R,39.0,R,7.0,R,0.0,R,7.0,R,5.0,R,71.0,R,46.0,R,0.0,R,46.0,R,34.0,R,74.0,R,9
189839,2010,R,707.0,R,1194.0,R,59.0,R,897.0,R,0.0,R,897.0,R,539.0,R,60.0,R,117.0,R,0.0,R,117.0,R,93.0,R,79.0,R,19
189848,2010,R,246.0,R,306.0,R,80.0,R,283.0,R,0.0,R,283.0,R,197.0,R,70.0,R,1.0,R,0.0,R,1.0,R,1.0,R,100.0,R,12
189857,2010,R,87.0,R,374.0,R,23.0,R,94.0,R,0.0,R,94.0,R,55.0,R,59.0,R,0.0,R,0.0,R,0.0,R,0.0,A,,R,44
189954,2010,A,,A,,A,,R,12.0,R,0.0,R,12.0,R,9.0,R,75.0,R,0.0,R,0.0,R,0.0,R,0.0,A,,R,15
190008,2010,A,,A,,A,,R,26.0,R,0.0,R,26.0,R,21.0,R,81.0,R,0.0,R,0.0,R,0.0,R,0.0,A,,R,3
190044,2010,R,712.0,R,862.0,R,83.0,R,777.0,R,0.0,R,777.0,R,674.0,R,87.0,R,0.0,R,0.0,R,0.0,R,0.0,A,,R,15
190053,2010,R,443.0,R,728.0,R,61.0,R,448.0,Z,0.0,R,448.0,R,232.0,R,52.0,R,36.0,Z,0.0,R,36.0,R,13.0,R,36.0,R,22
190071,2010,A,,A,,A,,A,,A,,A,,A,,A,,A,,A,,A,,A,,A,,R,8
190099,2010,R,850.0,R,870.0,R,98.0,R,750.0,R,0.0,R,750.0,R,698.0,R,93.0,R,0.0,R,0.0,R,0.0,R,0.0,A,,R,10
190114,2010,R,127.0,R,233.0,R,55.0,R,81.0,R,0.0,R,81.0,R,43.0,R,53.0,R,1.0,R,0.0,R,1.0,R,1.0,R,100.0,R,14
190150,2010,R,1396.0,R,2146.0,R,65.0,R,1410.0,R,0.0,R,1410.0,R,1371.0,R,97.0,R,22.0,R,0.0,R,22.0,R,18.0,R,82.0,R,6
190169,2010,R,360.0,R,591.0,R,61.0,R,808.0,Z,0.0,R,808.0,R,496.0,R,61.0,R,92.0,Z,0.0,R,92.0,R,36.0,R,39.0,R,18
190239,2010,A,,A,,A,,R,46.0,Z,0.0,R,46.0,R,36.0,R,78.0,R,15.0,Z,0.0,R,15.0,R,8.0,R,53.0,R,20
190248,2010,R,138.0,R,245.0,R,56.0,R,101.0,R,0.0,R,101.0,R,68.0,R,67.0,Z,0.0,Z,0.0,Z,0.0,Z,0.0,A,,R,12
190293,2010,A,,A,,A,,R,50.0,R,0.0,R,50.0,R,37.0,R,74.0,R,38.0,R,0.0,R,38.0,R,26.0,R,68.0,R,20
190309,2010,A,,A,,A,,R,16.0,R,0.0,R,16.0,R,14.0,R,88.0,R,5.0,R,0.0,R,5.0,R,5.0,R,100.0,R,20
190318,2010,A,,A,,A,,R,170.0,R,0.0,R,170.0,R,147.0,R,86.0,R,102.0,R,0.0,R,102.0,R,90.0,R,88.0,R,22
190372,2010,R,219.0,R,275.0,R,80.0,R,177.0,R,0.0,R,177.0,R,166.0,R,94.0,R,0.0,R,0.0,R,0.0,R,0.0,A,,R,8
190415,2010,R,3179.0,R,3757.0,R,85.0,R,3181.0,R,4.0,R,3177.0,R,3061.0,R,96.0,R,0.0,R,0.0,R,0.0,R,0.0,A,,R,12
190442,2010,R,833.0,R,2198.0,R,38.0,R,879.0,R,1.0,R,878.0,R,508.0,R,58.0,R,214.0,Z,0.0,R,214.0,R,66.0,R,31.0,R,21
190451,2010,R,24.0,R,66.0,R,36.0,R,12.0,R,0.0,R,12.0,R,7.0,R,58.0,R,4.0,R,0.0,R,4.0,R,2.0,R,50.0,R,7
190503,2010,R,627.0,R,627.0,R,100.0,R,398.0,R,0.0,R,398.0,R,321.0,R,81.0,R,0.0,R,0.0,R,0.0,R,0.0,A,,R,18
190512,2010,R,1255.0,R,3130.0,R,40.0,R,1430.0,Z,0.0,R,1430.0,R,1297.0,R,91.0,R,12.0,Z,0.0,R,12.0,R,10.0,R,83.0,R,18
190521,2010,R,4425.0,R,6103.0,R,73.0,R,3845.0,Z,0.0,R,3845.0,R,2524.0,R,66.0,R,454.0,Z,0.0,R,454.0,R,253.0,R,56.0,R,24
190530,2010,R,1661.0,R,2876.0,R,58.0,R,1699.0,Z,0.0,R,1699.0,R,1034.0,R,61.0,R,285.0,Z,0.0,R,285.0,R,149.0,R,52.0,R,19
190549,2010,R,1143.0,R,3525.0,R,32.0,R,952.0,Z,0.0,R,952.0,R,780.0,R,82.0,R,25.0,Z,0.0,R,25.0,R,15.0,R,60.0,R,14
190558,2010,R,2237.0,R,4220.0,R,53.0,R,664.0,Z,0.0,R,664.0,R,554.0,R,83.0,R,20.0,Z,0.0,R,20.0,R,9.0,R,45.0,R,20
190567,2010,R,1368.0,R,2804.0,R,49.0,R,1753.0,Z,0.0,R,1753.0,R,1461.0,R,83.0,R,20.0,Z,0.0,R,20.0,R,13.0,R,65.0,R,13
190576,2010,A,,A,,A,,Z,0.0,Z,0.0,Z,0.0,Z,0.0,A,,R,80.0,Z,0.0,R,80.0,R,11.0,R,14.0,R,20
190585,2010,R,1020.0,R,2047.0,R,50.0,R,1081.0,Z,0.0,R,1081.0,R,683.0,R,63.0,R,73.0,Z,0.0,R,73.0,R,33.0,R,45.0,R,20
190594,2010,R,1740.0,R,4223.0,R,41.0,R,1983.0,Z,0.0,R,1983.0,R,1679.0,R,85.0,R,45.0,Z,0.0,R,45.0,R,31.0,R,69.0,R,15
190600,2010,R,1994.0,R,3591.0,R,56.0,R,1628.0,Z,0.0,R,1628.0,R,1248.0,R,77.0,R,29.0,Z,0.0,R,29.0,R,16.0,R,55.0,R,18
190619,2010,R,2684.0,R,7751.0,R,35.0,R,2773.0,Z,0.0,R,2773.0,R,1915.0,R,69.0,R,325.0,Z,0.0,R,325.0,R,131.0,R,40.0,R,28
190628,2010,R,2811.0,R,6076.0,R,46.0,R,2352.0,Z,0.0,R,2352.0,R,1614.0,R,69.0,R,365.0,Z,0.0,R,365.0,R,181.0,R,50.0,R,24
190637,2010,R,619.0,R,2563.0,R,24.0,R,754.0,Z,0.0,R,754.0,R,606.0,R,80.0,R,19.0,Z,0.0,R,19.0,R,14.0,R,74.0,R,14
190646,2010,R,1127.0,R,1974.0,R,57.0,R,180.0,Z,0.0,R,180.0,R,115.0,R,64.0,R,9.0,Z,0.0,R,9.0,R,4.0,R,44.0,R,18
190655,2010,R,2741.0,R,4848.0,R,57.0,R,176.0,Z,0.0,R,176.0,R,131.0,R,74.0,R,6.0,Z,0.0,R,6.0,R,2.0,R,33.0,R,17
190664,2010,R,1471.0,R,4182.0,R,35.0,R,1684.0,Z,0.0,R,1684.0,R,1478.0,R,88.0,R,28.0,Z,0.0,R,28.0,R,20.0,R,71.0,R,17
190673,2010,R,2912.0,R,5183.0,R,56.0,R,3212.0,Z,0.0,R,3212.0,R,2296.0,R,71.0,R,466.0,Z,0.0,R,466.0,R,259.0,R,56.0,R,23
190691,2010,R,1085.0,R,2454.0,R,44.0,R,1021.0,Z,0.0,R,1021.0,R,765.0,R,75.0,R,17.0,Z,0.0,R,17.0,R,6.0,R,35.0,R,18
190707,2010,A,,A,,A,,R,8.0,R,0.0,R,8.0,R,8.0,R,100.0,R,0.0,R,0.0,R,0.0,R,0.0,A,,R,11
190716,2010,R,267.0,R,661.0,R,40.0,R,202.0,R,0.0,R,202.0,R,147.0,R,73.0,R,2.0,R,0.0,R,2.0,R,0.0,R,0.0,R,13
190725,2010,R,441.0,R,935.0,R,47.0,R,401.0,R,0.0,R,401.0,R,282.0,R,70.0,R,1.0,R,0.0,R,1.0,R,0.0,R,0.0,R,14
190734,2010,A,,A,,A,,R,0.0,R,0.0,R,0.0,R,0.0,A,,R,0.0,R,0.0,R,0.0,R,0.0,A,,R,5
190761,2010,R,322.0,R,489.0,R,66.0,R,374.0,R,0.0,R,374.0,R,278.0,R,74.0,R,0.0,R,0.0,R,0.0,R,0.0,A,,R,15
190770,2010,R,459.0,R,1403.0,R,33.0,R,527.0,R,0.0,R,527.0,R,329.0,R,62.0,R,17.0,R,0.0,R,17.0,R,1.0,R,6.0,R,16
190840,2010,R,1981.0,R,2964.0,R,67.0,R,2026.0,Z,0.0,R,2026.0,R,1301.0,R,64.0,R,253.0,Z,0.0,R,253.0,R,149.0,R,59.0,R,25
190956,2010,R,5.0,R,5.0,R,100.0,R,2.0,R,0.0,R,2.0,R,0.0,R,0.0,R,1.0,R,0.0,R,1.0,R,0.0,R,0.0,R,5
190974,2010,R,156.0,R,174.0,R,90.0,R,154.0,R,0.0,R,154.0,R,72.0,R,47.0,R,66.0,R,0.0,R,66.0,R,40.0,R,61.0,R,13
190983,2010,R,405.0,R,501.0,R,81.0,R,299.0,R,0.0,R,299.0,R,211.0,R,71.0,R,39.0,R,0.0,R,39.0,R,28.0,R,72.0,R,10
191083,2010,R,2780.0,R,4606.0,R,60.0,R,2841.0,R,0.0,R,2841.0,R,1668.0,R,59.0,R,347.0,R,0.0,R,347.0,R,154.0,R,44.0,R,16
191126,2010,R,1051.0,R,2985.0,R,35.0,R,0.0,R,0.0,R,0.0,R,0.0,A,,R,0.0,R,0.0,R,0.0,R,0.0,A,,R,17
191199,2010,R,1472.0,R,2156.0,R,68.0,R,1585.0,Z,0.0,R,1585.0,R,876.0,R,55.0,R,109.0,Z,0.0,R,109.0,R,45.0,R,41.0,R,23
191205,2010,R,240.0,R,284.0,R,85.0,R,257.0,R,0.0,R,257.0,R,126.0,R,49.0,R,1.0,R,0.0,R,1.0,R,1.0,R,100.0,R,15
191241,2010,R,1868.0,R,2390.0,R,78.0,R,1800.0,R,0.0,R,1800.0,R,1598.0,R,89.0,R,23.0,R,0.0,R,23.0,R,11.0,R,48.0,R,14
191287,2010,A,,A,,A,,A,,A,,A,,A,,A,,A,,A,,A,,A,,A,,R,4
191302,2010,R,675.0,R,850.0,R,79.0,R,710.0,R,0.0,R,710.0,R,380.0,R,54.0,R,53.0,R,0.0,R,53.0,R,29.0,R,55.0,R,22
191311,2010,A,,A,,A,,A,,A,,A,,A,,A,,A,,A,,A,,A,,A,,R,24
191339,2010,R,1276.0,R,1888.0,R,68.0,R,1084.0,Z,0.0,R,1084.0,R,601.0,R,55.0,R,91.0,Z,0.0,R,91.0,R,32.0,R,35.0,R,28
191384,2010,A,,A,,A,,R,86.0,R,2.0,R,84.0,R,25.0,R,30.0,Z,0.0,Z,0.0,Z,0.0,Z,0.0,A,,R,18
191393,2010,A,,A,,A,,R,287.0,R,2.0,R,285.0,R,68.0,R,24.0,R,0.0,R,0.0,R,0.0,R,0.0,A,,R,20
191515,2010,R,467.0,R,496.0,R,94.0,R,466.0,R,0.0,R,466.0,R,444.0,R,95.0,R,0.0,R,0.0,R,0.0,R,0.0,A,,R,9
191533,2010,R,487.0,R,563.0,R,87.0,R,402.0,R,0.0,R,402.0,R,292.0,R,73.0,R,0.0,Z,0.0,R,0.0,Z,0.0,A,,R,11
191597,2010,R,43.0,R,98.0,R,44.0,R,46.0,Z,0.0,R,46.0,R,42.0,R,91.0,R,31.0,Z,0.0,R,31.0,R,26.0,R,84.0,R,11
191612,2010,R,1092.0,R,1447.0,R,75.0,R,1048.0,Z,0.0,R,1048.0,R,561.0,R,54.0,R,187.0,Z,0.0,R,187.0,R,39.0,R,21.0,R,24
191621,2010,R,229.0,R,344.0,R,67.0,R,190.0,Z,0.0,R,190.0,R,133.0,R,70.0,R,1.0,Z,0.0,R,1.0,R,1.0,R,100.0,R,14
191630,2010,R,618.0,R,654.0,R,94.0,R,549.0,R,0.0,R,549.0,R,487.0,R,89.0,R,0.0,R,0.0,R,0.0,R,0.0,A,,R,11
191649,2010,R,1446.0,R,1963.0,R,74.0,R,1567.0,R,6.0,R,1561.0,R,1196.0,R,77.0,R,1.0,R,0.0,R,1.0,R,0.0,R,0.0,R,14
191676,2010,R,254.0,R,345.0,R,74.0,R,284.0,R,0.0,R,284.0,R,237.0,R,83.0,R,0.0,R,0.0,R,0.0,R,0.0,A,,R,12
191719,2010,R,2660.0,R,4409.0,R,60.0,R,5671.0,Z,0.0,R,5671.0,R,3091.0,R,55.0,R,551.0,Z,0.0,R,551.0,R,297.0,R,54.0,R,20
191728,2010,A,,A,,A,,R,440.0,R,0.0,R,440.0,R,368.0,R,84.0,R,203.0,R,0.0,R,203.0,R,172.0,R,85.0,R,17
191764,2010,R,15.0,R,43.0,R,35.0,R,31.0,R,0.0,R,31.0,R,12.0,R,39.0,R,3.0,R,0.0,R,3.0,R,2.0,R,67.0,R,10
191834,2010,A,,A,,A,,R,224.0,R,0.0,R,224.0,R,156.0,R,70.0,R,43.0,R,0.0,R,43.0,R,30.0,R,70.0,R,23
191931,2010,R,871.0,R,968.0,R,90.0,R,792.0,R,0.0,R,792.0,R,671.0,R,85.0,R,0.0,Z,0.0,R,0.0,Z,0.0,A,,R,13
191940,2010,A,,A,,A,,R,14.0,R,0.0,R,14.0,R,14.0,R,100.0,R,27.0,Z,0.0,R,27.0,R,27.0,R,100.0,R,11
191959,2010,R,41.0,R,41.0,R,100.0,R,57.0,R,0.0,R,57.0,R,46.0,R,81.0,R,0.0,R,0.0,R,0.0,R,0.0,A,,R,20
191968,2010,R,1617.0,R,1796.0,R,90.0,R,2027.0,R,0.0,R,2027.0,R,1749.0,R,86.0,R,0.0,R,0.0,R,0.0,R,0.0,A,,R,12
191986,2010,R,1147.0,R,1643.0,R,70.0,R,1149.0,Z,0.0,R,1149.0,R,713.0,R,62.0,R,141.0,Z,0.0,R,141.0,R,48.0,R,34.0,R,18
192004,2010,R,79.0,R,137.0,R,58.0,R,0.0,R,0.0,R,0.0,R,0.0,A,,R,0.0,R,0.0,R,0.0,R,0.0,A,,R,29
192022,2010,R,772.0,R,1276.0,R,61.0,R,773.0,Z,0.0,R,773.0,R,425.0,R,55.0,R,96.0,Z,0.0,R,96.0,R,47.0,R,49.0,R,20
192040,2010,R,45.0,R,51.0,R,88.0,R,41.0,R,0.0,R,41.0,R,40.0,R,98.0,R,1.0,R,0.0,R,1.0,R,0.0,R,0.0,R,5
192110,2010,R,131.0,R,186.0,R,70.0,R,102.0,R,0.0,R,102.0,R,98.0,R,96.0,R,0.0,R,0.0,R,0.0,R,0.0,A,,R,6
192156,2010,R,98.0,R,127.0,R,77.0,R,62.0,R,0.0,R,62.0,R,34.0,R,55.0,R,2.0,R,0.0,R,2.0,R,1.0,R,50.0,R,14
192165,2010,R,29.0,R,29.0,R,100.0,R,28.0,R,0.0,R,28.0,R,26.0,R,93.0,R,0.0,R,0.0,R,0.0,R,0.0,A,,R,15
192192,2010,R,270.0,R,554.0,R,49.0,R,270.0,R,0.0,R,270.0,R,175.0,R,65.0,R,1.0,R,0.0,R,1.0,R,0.0,R,0.0,R,14
192244,2010,R,1.0,R,17.0,R,6.0,R,0.0,R,0.0,R,0.0,R,0.0,A,,R,0.0,R,0.0,R,0.0,R,0.0,A,,R,13
192271,2010,R,338.0,R,538.0,R,63.0,R,242.0,R,0.0,R,242.0,R,169.0,R,70.0,R,1.0,R,0.0,R,1.0,R,0.0,R,0.0,R,20
192323,2010,R,617.0,R,908.0,R,68.0,R,607.0,R,0.0,R,607.0,R,497.0,R,82.0,R,1.0,R,0.0,R,1.0,R,1.0,R,100.0,R,13
192439,2010,R,912.0,R,1601.0,R,57.0,R,794.0,R,0.0,R,794.0,R,499.0,R,63.0,R,14.0,R,0.0,R,14.0,R,5.0,R,36.0,R,14
192448,2010,R,866.0,R,1472.0,R,59.0,R,835.0,R,0.0,R,835.0,R,619.0,R,74.0,R,20.0,R,0.0,R,20.0,R,12.0,R,60.0,R,13
192475,2010,R,4.0,R,80.0,R,5.0,R,4.0,R,0.0,R,4.0,R,4.0,R,100.0,R,0.0,R,0.0,R,0.0,R,0.0,A,,R,8
192484,2010,A,,A,,A,,R,57.0,R,0.0,R,57.0,R,46.0,R,81.0,R,26.0,R,0.0,R,26.0,R,24.0,R,92.0,R,17
192509,2010,R,138.0,R,177.0,R,78.0,R,145.0,R,0.0,R,145.0,R,45.0,R,31.0,R,9.0,R,0.0,R,9.0,R,6.0,R,67.0,R,16
192536,2010,A,,A,,A,,A,,A,,A,,A,,A,,A,,A,,A,,A,,A,,R,10
192563,2010,A,,A,,A,,A,,A,,A,,A,,A,,A,,A,,A,,A,,A,,R,13
192624,2010,R,29.0,R,40.0,R,73.0,R,18.0,R,0.0,R,18.0,R,18.0,R,100.0,R,0.0,R,0.0,R,0.0,R,0.0,A,,R,13
192688,2010,A,,A,,A,,R,136.0,R,0.0,R,136.0,R,97.0,R,71.0,R,1.0,R,0.0,R,1.0,R,0.0,R,0.0,R,25
192703,2010,R,658.0,R,817.0,R,81.0,R,693.0,R,0.0,R,693.0,R,577.0,R,83.0,R,0.0,R,0.0,R,0.0,R,0.0,A,,R,12
192712,2010,R,98.0,R,119.0,R,82.0,R,80.0,Z,0.0,R,80.0,R,70.0,R,88.0,R,0.0,Z,0.0,R,0.0,Z,0.0,A,,R,8
192749,2010,R,428.0,R,518.0,R,83.0,R,490.0,R,0.0,R,490.0,R,371.0,R,76.0,R,1.0,R,0.0,R,1.0,R,1.0,R,100.0,R,12
192785,2010,R,34.0,R,324.0,R,10.0,R,52.0,R,0.0,R,52.0,R,26.0,R,50.0,R,29.0,R,0.0,R,29.0,R,12.0,R,41.0,R,12
192800,2010,A,,A,,A,,R,28.0,R,0.0,R,28.0,R,15.0,R,54.0,R,0.0,R,0.0,R,0.0,R,0.0,A,,R,38
192819,2010,R,1088.0,R,1412.0,R,77.0,R,1041.0,R,0.0,R,1041.0,R,920.0,R,88.0,Z,0.0,Z,0.0,Z,0.0,Z,0.0,A,,R,15
192828,2010,A,,A,,A,,R,14.0,R,0.0,R,14.0,R,12.0,R,86.0,R,9.0,Z,0.0,R,9.0,R,4.0,R,44.0,R,11
192864,2010,R,473.0,R,662.0,R,71.0,R,487.0,R,0.0,R,487.0,R,305.0,R,63.0,R,29.0,R,0.0,R,29.0,R,14.0,R,48.0,R,11
192925,2010,R,374.0,R,609.0,R,61.0,R,411.0,R,0.0,R,411.0,R,280.0,R,68.0,R,0.0,R,0.0,R,0.0,R,0.0,A,,R,14
192961,2010,R,2.0,R,28.0,R,7.0,R,1.0,R,0.0,R,1.0,R,1.0,R,100.0,R,1.0,R,0.0,R,1.0,R,1.0,R,100.0,R,5
192970,2010,A,,A,,A,,A,,A,,A,,A,,A,,A,,A,,A,,A,,A,,R,8
192998,2010,A,,A,,A,,R,5.0,R,0.0,R,5.0,R,3.0,R,60.0,R,3.0,R,0.0,R,3.0,R,3.0,R,100.0,R,3
193016,2010,R,1086.0,R,2829.0,R,38.0,R,846.0,Z,0.0,R,846.0,R,570.0,R,67.0,R,46.0,Z,0.0,R,46.0,R,17.0,R,37.0,R,18
193052,2010,R,26.0,R,27.0,R,96.0,R,25.0,R,0.0,R,25.0,R,13.0,R,52.0,R,6.0,R,0.0,R,6.0,R,4.0,R,67.0,R,9
193061,2010,R,10.0,R,11.0,R,91.0,R,4.0,R,0.0,R,4.0,R,4.0,R,100.0,R,0.0,R,0.0,R,0.0,R,0.0,A,,R,9
193070,2010,R,18.0,R,18.0,R,100.0,R,22.0,R,0.0,R,22.0,R,20.0,R,91.0,Z,0.0,Z,0.0,Z,0.0,Z,0.0,A,,R,5
193122,2010,A,,A,,A,,R,91.0,R,0.0,R,91.0,R,66.0,R,73.0,R,34.0,R,0.0,R,34.0,R,26.0,R,76.0,R,30
193186,2010,A,,A,,A,,R,30.0,R,0.0,R,30.0,R,29.0,R,97.0,R,17.0,R,0.0,R,17.0,R,13.0,R,76.0,R,20
193201,2010,R,191.0,R,193.0,R,99.0,R,171.0,R,0.0,R,171.0,R,107.0,R,63.0,R,0.0,R,0.0,R,0.0,R,0.0,A,,R,25
193247,2010,R,60.0,R,66.0,R,91.0,R,57.0,R,0.0,R,57.0,R,46.0,R,81.0,R,0.0,R,0.0,R,0.0,R,0.0,A,,R,15
193265,2010,A,,A,,A,,R,20.0,R,0.0,R,20.0,R,19.0,R,95.0,R,2.0,R,0.0,R,2.0,R,2.0,R,100.0,R,10
193283,2010,R,1626.0,R,2147.0,R,76.0,R,1581.0,R,4.0,R,1577.0,R,978.0,R,62.0,R,113.0,R,0.0,R,113.0,R,53.0,R,47.0,R,22
193292,2010,R,387.0,R,864.0,R,45.0,R,411.0,R,0.0,R,411.0,R,365.0,R,89.0,R,3.0,R,0.0,R,3.0,R,1.0,R,33.0,R,10
193308,2010,R,582.0,R,2171.0,R,27.0,R,692.0,Z,0.0,R,692.0,R,422.0,R,61.0,R,31.0,Z,0.0,R,31.0,R,22.0,R,71.0,R,25
193317,2010,R,489.0,R,1007.0,R,49.0,R,523.0,R,0.0,R,523.0,R,361.0,R,69.0,R,16.0,R,0.0,R,16.0,R,7.0,R,44.0,R,36
193326,2010,R,4082.0,R,6368.0,R,64.0,R,4097.0,Z,0.0,R,4097.0,R,2568.0,R,63.0,R,664.0,Z,0.0,R,664.0,R,272.0,R,41.0,R,25
193353,2010,R,444.0,R,724.0,R,61.0,R,474.0,R,0.0,R,474.0,R,344.0,R,73.0,R,4.0,R,0.0,R,4.0,R,3.0,R,75.0,R,15
193380,2010,A,,A,,A,,R,0.0,Z,0.0,R,0.0,R,0.0,A,,R,1.0,R,0.0,R,1.0,R,1.0,R,100.0,R,5
193399,2010,R,378.0,R,557.0,R,68.0,R,390.0,R,0.0,R,390.0,R,286.0,R,73.0,R,0.0,Z,0.0,R,0.0,Z,0.0,A,,R,13
193478,2010,R,4922.0,R,7257.0,R,68.0,R,4723.0,Z,0.0,R,4723.0,R,3364.0,R,71.0,R,485.0,Z,0.0,R,485.0,R,260.0,R,54.0,R,21
193584,2010,R,467.0,R,647.0,R,72.0,R,491.0,R,0.0,R,491.0,R,399.0,R,81.0,R,1.0,R,0.0,R,1.0,R,0.0,R,0.0,R,11
193609,2010,A,,A,,A,,R,61.0,R,0.0,R,61.0,R,24.0,R,39.0,R,0.0,R,0.0,R,0.0,R,0.0,A,,R,7
193645,2010,R,635.0,R,1069.0,R,59.0,R,555.0,R,16.0,R,539.0,R,302.0,R,56.0,R,55.0,R,4.0,R,51.0,R,16.0,R,31.0,R,16
193654,2010,R,1167.0,R,2427.0,R,48.0,R,1100.0,R,0.0,R,1100.0,R,886.0,R,81.0,R,7.0,R,0.0,R,7.0,R,3.0,R,43.0,R,9
193672,2010,A,,A,,A,,A,,A,,A,,A,,A,,A,,A,,A,,A,,A,,R,12
193760,2010,A,,A,,A,,R,196.0,R,0.0,R,196.0,R,142.0,R,72.0,R,20.0,R,0.0,R,20.0,R,17.0,R,85.0,R,18
193788,2010,A,,A,,A,,R,118.0,R,0.0,R,118.0,R,72.0,R,61.0,R,8.0,R,0.0,R,8.0,R,7.0,R,88.0,R,15
193858,2010,A,,A,,A,,R,224.0,R,0.0,R,224.0,R,191.0,R,85.0,R,0.0,R,0.0,R,0.0,R,0.0,A,,R,22
193900,2010,R,4995.0,R,6551.0,R,76.0,R,3733.0,R,0.0,R,3733.0,R,3446.0,R,92.0,R,13.0,R,0.0,R,13.0,R,8.0,R,62.0,R,11
193946,2010,R,1629.0,R,2129.0,R,77.0,R,1766.0,Z,0.0,R,1766.0,R,1115.0,R,63.0,R,167.0,Z,0.0,R,167.0,R,96.0,R,57.0,R,19
193973,2010,R,670.0,R,911.0,R,74.0,R,676.0,R,0.0,R,676.0,R,517.0,R,76.0,R,1.0,R,0.0,R,1.0,R,1.0,R,100.0,R,12
193991,2010,A,,A,,A,,R,9.0,Z,0.0,R,9.0,R,6.0,R,67.0,R,38.0,Z,0.0,R,38.0,R,26.0,R,68.0,R,8
194028,2010,R,347.0,R,654.0,R,53.0,R,360.0,R,0.0,R,360.0,R,169.0,R,47.0,R,14.0,R,0.0,R,14.0,R,9.0,R,64.0,R,18
194091,2010,R,849.0,R,1449.0,R,59.0,R,934.0,R,0.0,R,934.0,R,673.0,R,72.0,R,88.0,R,0.0,R,88.0,R,28.0,R,32.0,R,18
194116,2010,R,26.0,R,127.0,R,20.0,R,7.0,R,0.0,R,7.0,R,6.0,R,86.0,R,3.0,R,0.0,R,3.0,R,2.0,R,67.0,R,16
194161,2010,R,314.0,R,730.0,R,43.0,R,150.0,R,0.0,R,150.0,R,113.0,R,75.0,R,61.0,R,0.0,R,61.0,R,36.0,R,59.0,R,14
194189,2010,R,6.0,R,7.0,R,86.0,R,5.0,R,0.0,R,5.0,R,4.0,R,80.0,R,0.0,R,0.0,R,0.0,R,0.0,A,,R,10
194204,2010,R,25.0,R,30.0,R,83.0,R,39.0,R,0.0,R,39.0,R,32.0,R,82.0,Z,0.0,Z,0.0,Z,0.0,Z,0.0,A,,R,14
194222,2010,R,2285.0,R,3865.0,R,59.0,R,1859.0,R,0.0,R,1859.0,R,1052.0,R,57.0,R,204.0,R,0.0,R,204.0,R,85.0,R,42.0,R,24
194240,2010,R,1277.0,R,2079.0,R,61.0,R,1290.0,Z,0.0,R,1290.0,R,838.0,R,65.0,R,360.0,Z,0.0,R,360.0,R,158.0,R,44.0,R,16
194259,2010,A,,A,,A,,R,15.0,R,0.0,R,15.0,R,12.0,R,80.0,R,0.0,R,0.0,R,0.0,R,0.0,A,,R,24
194310,2010,R,1766.0,R,2649.0,R,67.0,R,1637.0,R,1.0,R,1636.0,R,1216.0,R,74.0,R,35.0,R,0.0,R,35.0,R,25.0,R,71.0,R,16
194392,2010,R,342.0,R,425.0,R,80.0,R,192.0,R,0.0,R,192.0,R,127.0,R,66.0,R,0.0,R,0.0,R,0.0,R,0.0,A,,R,14
194435,2010,A,,A,,A,,R,57.0,R,0.0,R,57.0,R,48.0,R,84.0,R,47.0,R,0.0,R,47.0,R,44.0,R,94.0,R,20
194453,2010,A,,A,,A,,R,68.0,R,0.0,R,68.0,R,56.0,R,82.0,R,13.0,R,0.0,R,13.0,R,10.0,R,77.0,R,20
194499,2010,R,237.0,R,318.0,R,75.0,R,0.0,R,0.0,R,0.0,R,0.0,A,,R,0.0,R,0.0,R,0.0,R,0.0,A,,R,28
194541,2010,R,306.0,R,534.0,R,57.0,R,366.0,R,0.0,R,366.0,R,313.0,R,86.0,R,0.0,R,0.0,R,0.0,R,0.0,A,,R,13
194569,2010,R,26.0,R,111.0,R,23.0,R,21.0,R,0.0,R,21.0,R,16.0,R,76.0,R,3.0,R,0.0,R,3.0,R,1.0,R,33.0,R,16
194578,2010,R,711.0,R,1327.0,R,54.0,R,615.0,R,2.0,R,613.0,R,491.0,R,80.0,R,4.0,Z,0.0,R,4.0,R,2.0,R,50.0,R,10
194611,2010,R,358.0,R,358.0,R,100.0,R,520.0,Z,0.0,R,520.0,R,261.0,R,50.0,R,0.0,R,0.0,R,0.0,R,0.0,A,,R,15
194657,2010,R,40.0,R,62.0,R,65.0,R,34.0,R,0.0,R,34.0,R,30.0,R,88.0,R,0.0,R,0.0,R,0.0,R,0.0,A,,R,13
194666,2010,R,55.0,R,90.0,R,61.0,R,43.0,R,0.0,R,43.0,R,42.0,R,98.0,R,0.0,R,0.0,R,0.0,R,0.0,A,,R,34
194675,2010,R,2.0,R,2.0,R,100.0,R,2.0,R,0.0,R,2.0,R,1.0,R,50.0,R,0.0,R,0.0,R,0.0,R,0.0,A,,R,12
194693,2010,R,2.0,R,24.0,R,8.0,R,1.0,R,0.0,R,1.0,R,1.0,R,100.0,R,0.0,R,0.0,R,0.0,R,0.0,A,,R,10
194718,2010,R,18.0,R,18.0,R,100.0,R,19.0,R,0.0,R,19.0,R,15.0,R,79.0,R,0.0,R,0.0,R,0.0,R,0.0,A,,R,19
194736,2010,A,,A,,A,,R,32.0,R,0.0,R,32.0,R,27.0,R,84.0,R,0.0,R,0.0,R,0.0,R,0.0,A,,R,9
194763,2010,R,77.0,R,77.0,R,100.0,R,83.0,Z,0.0,R,83.0,R,11.0,R,13.0,R,0.0,Z,0.0,R,0.0,R,0.0,A,,R,58
194824,2010,R,1154.0,R,1355.0,R,85.0,R,1337.0,R,0.0,R,1337.0,R,1217.0,R,91.0,R,0.0,R,0.0,R,0.0,R,0.0,A,,R,16
194879,2010,A,,A,,A,,R,35.0,R,0.0,R,35.0,R,22.0,R,63.0,R,11.0,R,0.0,R,11.0,R,5.0,R,45.0,R,7
194958,2010,R,203.0,R,307.0,R,66.0,R,259.0,R,0.0,R,259.0,R,215.0,R,83.0,R,2.0,R,0.0,R,2.0,R,1.0,R,50.0,R,13
194967,2010,A,,A,,A,,R,140.0,R,0.0,R,140.0,R,58.0,R,41.0,R,121.0,R,0.0,R,121.0,R,53.0,R,44.0,R,32
195003,2010,R,2595.0,R,3564.0,R,73.0,R,2345.0,R,0.0,R,2345.0,R,2056.0,R,88.0,R,7.0,R,0.0,R,7.0,R,4.0,R,57.0,R,13
195030,2010,R,1308.0,R,1530.0,R,85.0,R,1200.0,R,0.0,R,1200.0,R,1142.0,R,95.0,R,0.0,R,0.0,R,0.0,R,0.0,A,,R,11
195058,2010,R,1516.0,R,2277.0,R,67.0,R,2652.0,Z,0.0,R,2652.0,R,1926.0,R,73.0,R,148.0,Z,0.0,R,148.0,R,76.0,R,51.0,R,20
195067,2010,A,,A,,A,,R,165.0,Z,0.0,R,165.0,R,112.0,R,68.0,R,45.0,Z,0.0,R,45.0,R,34.0,R,76.0,R,13
195128,2010,R,252.0,R,578.0,R,44.0,R,233.0,R,0.0,R,233.0,R,177.0,R,76.0,R,0.0,R,0.0,R,0.0,R,0.0,A,,R,14
195164,2010,R,494.0,R,624.0,R,79.0,R,466.0,R,0.0,R,466.0,R,375.0,R,80.0,R,0.0,R,0.0,R,0.0,R,0.0,A,,R,13
195173,2010,R,559.0,R,831.0,R,67.0,R,581.0,R,0.0,R,581.0,R,440.0,R,76.0,R,22.0,R,0.0,R,22.0,R,7.0,R,32.0,R,18
195191,2010,R,10.0,R,139.0,R,7.0,R,6.0,R,0.0,R,6.0,R,5.0,R,83.0,R,0.0,R,0.0,R,0.0,R,0.0,A,,R,8
195216,2010,R,609.0,R,646.0,R,94.0,R,580.0,R,1.0,R,579.0,R,533.0,R,92.0,R,0.0,R,0.0,R,0.0,R,0.0,A,,R,12
195234,2010,R,639.0,R,960.0,R,67.0,R,583.0,R,0.0,R,583.0,R,465.0,R,80.0,R,0.0,R,0.0,R,0.0,R,0.0,A,,R,14
195243,2010,R,290.0,R,836.0,R,35.0,R,293.0,R,0.0,R,293.0,R,220.0,R,75.0,R,0.0,R,0.0,R,0.0,R,0.0,A,,R,17
195289,2010,R,2.0,R,47.0,R,4.0,R,5.0,R,0.0,R,5.0,R,3.0,R,60.0,R,0.0,R,0.0,R,0.0,R,0.0,A,,R,6
195304,2010,R,338.0,R,382.0,R,88.0,R,365.0,R,0.0,R,365.0,R,312.0,R,85.0,Z,0.0,Z,0.0,Z,0.0,Z,0.0,A,,R,9
195322,2010,R,831.0,R,1593.0,R,52.0,R,773.0,R,0.0,R,773.0,R,433.0,R,56.0,R,106.0,R,0.0,R,106.0,R,43.0,R,41.0,R,31
195438,2010,R,21.0,R,41.0,R,51.0,R,21.0,R,5.0,R,16.0,R,9.0,R,56.0,R,0.0,R,0.0,R,0.0,R,0.0,A,,R,10
195474,2010,R,769.0,R,947.0,R,81.0,R,783.0,R,0.0,R,783.0,R,683.0,R,87.0,R,0.0,R,0.0,R,0.0,R,0.0,A,,R,13
195492,2010,R,2.0,R,5.0,R,40.0,R,3.0,R,0.0,R,3.0,R,0.0,R,0.0,R,2.0,R,0.0,R,2.0,R,2.0,R,100.0,R,5
195526,2010,R,768.0,R,799.0,R,96.0,R,664.0,R,0.0,R,664.0,R,623.0,R,94.0,R,0.0,R,0.0,R,0.0,R,0.0,A,,R,9
195544,2010,R,697.0,R,1371.0,R,51.0,R,700.0,R,0.0,R,700.0,R,588.0,R,84.0,R,22.0,R,2.0,R,20.0,R,6.0,R,30.0,R,14
195623,2010,A,,A,,A,,R,0.0,R,0.0,R,0.0,R,0.0,A,,R,15.0,R,0.0,R,15.0,R,3.0,R,20.0,R,21
195669,2010,A,,A,,A,,A,,A,,A,,A,,A,,A,,A,,A,,A,,A,,R,8
195687,2010,R,17.0,R,105.0,R,16.0,R,19.0,R,0.0,R,19.0,R,14.0,R,74.0,R,0.0,R,0.0,R,0.0,R,0.0,A,,R,10
195702,2010,A,,A,,A,,A,,A,,A,,A,,A,,A,,A,,A,,A,,A,,R,6
195720,2010,R,623.0,R,927.0,R,67.0,R,558.0,R,0.0,R,558.0,R,454.0,R,81.0,R,0.0,R,0.0,R,0.0,R,0.0,A,,R,13
195784,2010,A,,A,,A,,R,8.0,R,0.0,R,8.0,R,6.0,R,75.0,R,0.0,Z,0.0,R,0.0,R,0.0,A,,R,10
195793,2010,A,,A,,A,,A,,A,,A,,A,,A,,A,,A,,A,,A,,A,,R,14
195809,2010,R,3106.0,R,7309.0,R,42.0,R,3045.0,Z,0.0,R,3045.0,R,2382.0,R,78.0,R,4.0,Z,0.0,R,4.0,R,0.0,R,0.0,R,19
195845,2010,R,63.0,R,205.0,R,31.0,R,56.0,R,0.0,R,56.0,R,32.0,R,57.0,R,13.0,R,0.0,R,13.0,R,5.0,R,38.0,R,22
195924,2010,A,,A,,A,,R,118.0,R,0.0,R,118.0,R,85.0,R,72.0,R,37.0,R,0.0,R,37.0,R,21.0,R,57.0,R,36
195933,2010,A,,A,,A,,R,237.0,R,0.0,R,237.0,R,177.0,R,75.0,R,119.0,R,1.0,R,118.0,R,82.0,R,69.0,R,34
195988,2010,R,471.0,R,636.0,R,74.0,R,478.0,R,0.0,R,478.0,R,177.0,R,37.0,R,46.0,Z,0.0,R,46.0,R,17.0,R,37.0,R,19
196006,2010,R,1270.0,R,1609.0,R,79.0,R,131.0,R,0.0,R,131.0,R,112.0,R,85.0,R,0.0,R,0.0,R,0.0,R,0.0,A,,R,20
196015,2010,R,932.0,R,1508.0,R,62.0,R,94.0,R,0.0,R,94.0,R,63.0,R,67.0,R,0.0,R,0.0,R,0.0,R,0.0,A,,R,20
196024,2010,R,954.0,R,1257.0,R,76.0,R,62.0,R,0.0,R,62.0,R,42.0,R,68.0,R,1.0,R,0.0,R,1.0,R,0.0,R,0.0,R,14
196033,2010,R,775.0,R,1059.0,R,73.0,R,111.0,R,0.0,R,111.0,R,93.0,R,84.0,R,10.0,R,0.0,R,10.0,R,4.0,R,40.0,R,21
196042,2010,R,879.0,R,1816.0,R,48.0,R,312.0,R,0.0,R,312.0,R,250.0,R,80.0,R,16.0,R,0.0,R,16.0,R,7.0,R,44.0,R,19
196051,2010,R,1101.0,R,1424.0,R,77.0,R,47.0,R,0.0,R,47.0,R,27.0,R,57.0,R,0.0,R,0.0,R,0.0,R,0.0,A,,R,18
196060,2010,R,2232.0,R,3837.0,R,58.0,R,4650.0,Z,0.0,R,4650.0,R,3988.0,R,86.0,R,16.0,Z,0.0,R,16.0,R,12.0,R,75.0,R,19
196079,2010,R,2228.0,R,3350.0,R,67.0,R,2026.0,Z,0.0,R,2026.0,R,1851.0,R,91.0,R,98.0,Z,0.0,R,98.0,R,86.0,R,88.0,R,21
196088,2010,R,3357.0,R,5472.0,R,61.0,R,3404.0,Z,0.0,R,3404.0,R,3002.0,R,88.0,R,24.0,Z,0.0,R,24.0,R,22.0,R,92.0,R,16
196097,2010,R,2733.0,R,4171.0,R,66.0,R,2801.0,Z,0.0,R,2801.0,R,2463.0,R,88.0,R,5.0,Z,0.0,R,5.0,R,3.0,R,60.0,R,18
196103,2010,R,256.0,R,471.0,R,54.0,R,284.0,R,0.0,R,284.0,R,252.0,R,89.0,R,2.0,R,0.0,R,2.0,R,2.0,R,100.0,R,15
196112,2010,R,205.0,R,720.0,R,28.0,R,203.0,R,0.0,R,203.0,R,148.0,R,73.0,Z,0.0,Z,0.0,Z,0.0,Z,0.0,A,,R,17
196121,2010,R,1048.0,R,2103.0,R,50.0,R,2178.0,Z,0.0,R,2178.0,R,1856.0,R,85.0,R,2.0,Z,0.0,R,2.0,Z,0.0,R,0.0,R,18
196130,2010,R,1456.0,R,2819.0,R,52.0,R,1517.0,Z,0.0,R,1517.0,R,1123.0,R,74.0,R,7.0,Z,0.0,R,7.0,R,4.0,R,57.0,R,16
196149,2010,R,1217.0,R,1806.0,R,67.0,R,2332.0,Z,0.0,R,2332.0,R,1954.0,R,84.0,R,2.0,Z,0.0,R,2.0,Z,0.0,R,0.0,R,17
196158,2010,R,1075.0,R,1572.0,R,68.0,R,1103.0,Z,0.0,R,1103.0,R,948.0,R,86.0,R,1.0,Z,0.0,R,1.0,R,1.0,R,100.0,R,16
196167,2010,R,834.0,R,1394.0,R,60.0,R,948.0,Z,0.0,R,948.0,R,871.0,R,92.0,R,0.0,Z,0.0,R,0.0,R,0.0,A,,R,20
196176,2010,R,1100.0,R,1756.0,R,63.0,R,1053.0,Z,0.0,R,1053.0,R,913.0,R,87.0,Z,0.0,Z,0.0,Z,0.0,Z,0.0,A,,R,16
196185,2010,R,1131.0,R,1662.0,R,68.0,R,1124.0,Z,0.0,R,1124.0,R,961.0,R,85.0,Z,0.0,Z,0.0,Z,0.0,Z,0.0,A,,R,18
196194,2010,R,1385.0,R,2219.0,R,62.0,R,1383.0,Z,0.0,R,1383.0,R,1124.0,R,81.0,R,6.0,Z,0.0,R,6.0,R,2.0,R,33.0,R,19
196200,2010,R,904.0,R,1245.0,R,73.0,R,826.0,Z,0.0,R,826.0,R,648.0,R,78.0,Z,0.0,Z,0.0,Z,0.0,Z,0.0,A,,R,15
196219,2010,R,672.0,R,1168.0,R,58.0,R,694.0,R,0.0,R,694.0,R,555.0,R,80.0,Z,0.0,Z,0.0,Z,0.0,Z,0.0,A,,R,17
196237,2010,R,390.0,R,1418.0,R,28.0,R,418.0,R,0.0,R,418.0,R,312.0,R,75.0,R,0.0,R,0.0,R,0.0,R,0.0,A,,R,20
196246,2010,R,995.0,R,1651.0,R,60.0,R,1062.0,Z,0.0,R,1062.0,R,857.0,R,81.0,R,4.0,Z,0.0,R,4.0,R,3.0,R,75.0,R,16
196255,2010,A,,A,,A,,A,,A,,A,,A,,A,,A,,A,,A,,A,,A,,R,3
196264,2010,R,143.0,R,2203.0,R,6.0,R,266.0,Z,0.0,R,266.0,R,124.0,R,47.0,R,164.0,Z,0.0,R,164.0,R,85.0,R,52.0,R,14
196291,2010,R,352.0,R,463.0,R,76.0,R,358.0,Z,0.0,R,358.0,R,284.0,R,79.0,R,1.0,Z,0.0,R,1.0,Z,0.0,R,0.0,R,15
196307,2010,A,,A,,A,,A,,A,,A,,A,,A,,A,,A,,A,,A,,A,,R,6
196389,2010,R,135.0,R,158.0,R,85.0,R,14.0,R,0.0,R,14.0,R,12.0,R,86.0,R,17.0,R,0.0,R,17.0,R,12.0,R,71.0,R,22
196413,2010,R,3458.0,R,4138.0,R,84.0,R,3244.0,R,0.0,R,3244.0,R,2963.0,R,91.0,R,17.0,R,0.0,R,17.0,R,9.0,R,53.0,R,16
196431,2010,R,96.0,R,176.0,R,55.0,R,66.0,R,0.0,R,66.0,R,44.0,R,67.0,R,0.0,R,0.0,R,0.0,R,0.0,A,,R,16
196440,2010,A,,A,,A,,R,6.0,R,0.0,R,6.0,R,6.0,R,100.0,R,0.0,Z,0.0,R,0.0,Z,0.0,A,,R,12
196477,2010,R,1147.0,R,1574.0,R,73.0,R,1340.0,R,0.0,R,1340.0,R,575.0,R,43.0,R,25.0,R,0.0,R,25.0,R,9.0,R,36.0,R,32
196565,2010,R,1075.0,R,1628.0,R,66.0,R,1030.0,R,0.0,R,1030.0,R,606.0,R,59.0,R,34.0,R,0.0,R,34.0,R,14.0,R,41.0,R,20
196583,2010,R,55.0,R,70.0,R,79.0,R,44.0,R,0.0,R,44.0,R,32.0,R,73.0,R,0.0,R,0.0,R,0.0,R,0.0,A,,R,29
196592,2010,R,641.0,R,812.0,R,79.0,R,207.0,R,0.0,R,207.0,R,170.0,R,82.0,R,16.0,R,0.0,R,16.0,R,9.0,R,56.0,R,12
196653,2010,R,146.0,R,708.0,R,21.0,R,0.0,R,0.0,R,0.0,R,0.0,A,,R,0.0,R,0.0,R,0.0,R,0.0,A,,R,11
196680,2010,A,,A,,A,,A,,A,,A,,A,,A,,A,,A,,A,,A,,A,,R,15
196699,2010,R,604.0,R,1004.0,R,60.0,R,571.0,Z,0.0,R,571.0,R,343.0,R,60.0,R,47.0,Z,0.0,R,47.0,R,18.0,R,38.0,R,22
196857,2010,A,,A,,A,,R,316.0,R,0.0,R,316.0,R,229.0,R,72.0,R,0.0,R,0.0,R,0.0,R,0.0,A,,R,30
196866,2010,R,554.0,R,613.0,R,90.0,R,520.0,R,0.0,R,520.0,R,485.0,R,93.0,Z,0.0,Z,0.0,Z,0.0,Z,0.0,A,,R,10
197018,2010,R,437.0,R,496.0,R,88.0,R,362.0,R,0.0,R,362.0,R,289.0,R,80.0,Z,0.0,Z,0.0,Z,0.0,Z,0.0,A,,R,23
197027,2010,R,303.0,R,303.0,R,100.0,R,275.0,R,0.0,R,275.0,R,222.0,R,81.0,Z,0.0,Z,0.0,Z,0.0,Z,0.0,A,,R,10
197036,2010,R,1312.0,R,1312.0,R,100.0,R,1262.0,R,0.0,R,1262.0,R,1194.0,R,95.0,R,0.0,R,0.0,R,0.0,R,0.0,A,,R,8
197045,2010,R,565.0,R,834.0,R,68.0,R,562.0,R,0.0,R,562.0,R,353.0,R,63.0,R,2.0,R,0.0,R,2.0,R,1.0,R,50.0,R,11
197081,2010,R,83.0,R,130.0,R,64.0,R,81.0,R,0.0,R,81.0,R,37.0,R,46.0,R,4.0,R,0.0,R,4.0,R,3.0,R,75.0,R,10
197133,2010,R,666.0,R,709.0,R,94.0,R,658.0,R,0.0,R,658.0,R,629.0,R,96.0,R,0.0,Z,0.0,R,0.0,Z,0.0,A,,R,8
197142,2010,R,110.0,R,198.0,R,56.0,R,70.0,R,0.0,R,70.0,R,39.0,R,56.0,R,1.0,R,0.0,R,1.0,R,0.0,R,0.0,R,9
197151,2010,R,666.0,R,1100.0,R,61.0,R,651.0,R,12.0,R,639.0,R,536.0,R,84.0,R,1.0,R,0.0,R,1.0,R,0.0,R,0.0,R,9
197197,2010,R,483.0,R,563.0,R,86.0,R,517.0,R,0.0,R,517.0,R,391.0,R,76.0,R,0.0,R,0.0,R,0.0,R,0.0,A,,R,14
197221,2010,R,18.0,R,19.0,R,95.0,R,19.0,R,0.0,R,19.0,R,16.0,R,84.0,R,0.0,R,0.0,R,0.0,R,0.0,A,,R,7
197230,2010,R,164.0,R,204.0,R,80.0,R,145.0,R,0.0,R,145.0,R,89.0,R,61.0,R,0.0,R,0.0,R,0.0,Z,0.0,A,,R,10
197285,2010,R,255.0,R,277.0,R,92.0,R,0.0,R,0.0,R,0.0,R,0.0,A,,R,0.0,R,0.0,R,0.0,R,0.0,A,,R,19
197294,2010,R,2200.0,R,4423.0,R,50.0,R,4720.0,Z,0.0,R,4720.0,R,2864.0,R,61.0,R,948.0,Z,0.0,R,948.0,R,442.0,R,47.0,R,22
197337,2010,A,,A,,A,,R,38.0,R,0.0,R,38.0,R,33.0,R,87.0,R,25.0,R,0.0,R,25.0,R,22.0,R,88.0,R,24
197522,2010,R,258.0,R,258.0,R,100.0,R,233.0,R,0.0,R,233.0,R,160.0,R,69.0,R,0.0,R,0.0,R,0.0,R,0.0,A,,R,30
197531,2010,A,,A,,A,,R,446.0,R,0.0,R,446.0,R,126.0,R,28.0,R,0.0,R,0.0,R,0.0,R,0.0,A,,R,32
197601,2010,R,14.0,R,15.0,R,93.0,R,15.0,R,0.0,R,15.0,R,10.0,R,67.0,R,0.0,R,0.0,R,0.0,R,0.0,A,,R,10
197610,2010,R,29.0,R,44.0,R,66.0,R,40.0,R,0.0,R,40.0,R,25.0,R,63.0,R,0.0,R,0.0,R,0.0,R,0.0,A,,R,13
197647,2010,R,20.0,R,24.0,R,83.0,R,24.0,R,0.0,R,24.0,R,20.0,R,83.0,Z,0.0,Z,0.0,Z,0.0,Z,0.0,A,,R,6
197674,2010,R,80.0,R,81.0,R,99.0,R,68.0,Z,0.0,R,68.0,R,54.0,R,79.0,Z,0.0,Z,0.0,Z,0.0,Z,0.0,A,,R,13
197692,2010,R,25.0,R,25.0,R,100.0,R,25.0,R,0.0,R,25.0,R,22.0,R,88.0,Z,0.0,Z,0.0,Z,0.0,Z,0.0,A,,R,16
197708,2010,R,885.0,R,895.0,R,99.0,R,806.0,R,311.0,R,495.0,R,471.0,R,95.0,R,3.0,R,0.0,R,3.0,R,1.0,R,33.0,R,6
197735,2010,R,91.0,R,92.0,R,99.0,R,74.0,R,0.0,R,74.0,R,74.0,R,100.0,R,0.0,R,0.0,R,0.0,R,0.0,A,,R,15
197744,2010,R,16.0,R,49.0,R,33.0,R,4.0,R,0.0,R,4.0,R,3.0,R,75.0,R,0.0,R,0.0,R,0.0,R,0.0,A,,R,19
197814,2010,R,354.0,R,1206.0,R,29.0,R,213.0,R,0.0,R,213.0,R,156.0,R,73.0,R,152.0,R,0.0,R,152.0,R,59.0,R,39.0,R,14
197832,2010,R,254.0,R,421.0,R,60.0,R,106.0,R,0.0,R,106.0,R,48.0,R,45.0,R,6.0,R,0.0,R,6.0,R,2.0,R,33.0,R,16
197850,2010,R,172.0,R,705.0,R,24.0,R,135.0,R,0.0,R,135.0,R,85.0,R,63.0,R,216.0,R,0.0,R,216.0,R,92.0,R,43.0,R,11
197869,2010,R,2823.0,R,3956.0,R,71.0,R,2733.0,R,0.0,R,2733.0,R,2378.0,R,87.0,R,10.0,R,0.0,R,10.0,R,5.0,R,50.0,R,16
197887,2010,R,402.0,R,3846.0,R,10.0,R,453.0,R,0.0,R,453.0,R,333.0,R,74.0,R,355.0,R,0.0,R,355.0,R,181.0,R,51.0,R,16
197911,2010,R,228.0,R,378.0,R,60.0,R,230.0,R,0.0,R,230.0,R,140.0,R,61.0,R,0.0,R,0.0,R,0.0,R,0.0,A,,R,11
197966,2010,R,231.0,R,780.0,R,30.0,R,269.0,R,0.0,R,269.0,R,155.0,R,58.0,R,84.0,R,0.0,R,84.0,R,40.0,R,48.0,R,10
197984,2010,R,318.0,R,418.0,R,76.0,R,396.0,Z,0.0,R,396.0,R,272.0,R,69.0,R,7.0,Z,0.0,R,7.0,R,4.0,R,57.0,R,17
197993,2010,R,207.0,R,234.0,R,88.0,R,146.0,Z,0.0,R,146.0,R,104.0,R,71.0,R,0.0,Z,0.0,R,0.0,R,0.0,A,,R,11
198011,2010,R,187.0,R,736.0,R,25.0,R,169.0,R,0.0,R,169.0,R,115.0,R,68.0,R,47.0,R,0.0,R,47.0,R,22.0,R,47.0,R,14
198039,2010,R,298.0,R,818.0,R,36.0,R,185.0,R,0.0,R,185.0,R,117.0,R,63.0,R,163.0,R,0.0,R,163.0,R,122.0,R,75.0,R,16
198066,2010,R,199.0,R,242.0,R,82.0,R,189.0,R,0.0,R,189.0,R,109.0,R,58.0,R,1.0,R,0.0,R,1.0,R,0.0,R,0.0,R,11
198075,2010,A,,A,,A,,R,119.0,R,0.0,R,119.0,R,94.0,R,79.0,R,0.0,R,0.0,R,0.0,R,0.0,A,,R,22
198084,2010,R,194.0,R,840.0,R,23.0,R,222.0,R,0.0,R,222.0,R,131.0,R,59.0,R,85.0,R,0.0,R,85.0,R,35.0,R,41.0,R,10
198109,2010,R,16.0,R,157.0,R,10.0,R,19.0,R,0.0,R,19.0,R,15.0,R,79.0,R,2.0,R,0.0,R,2.0,R,1.0,R,50.0,R,8
198118,2010,R,569.0,R,2791.0,R,20.0,R,677.0,R,0.0,R,677.0,R,416.0,R,61.0,R,290.0,R,0.0,R,290.0,R,115.0,R,40.0,R,13
198136,2010,R,831.0,R,1534.0,R,54.0,R,729.0,Z,0.0,R,729.0,R,524.0,R,72.0,R,10.0,Z,0.0,R,10.0,R,6.0,R,60.0,R,19
198154,2010,R,935.0,R,2628.0,R,36.0,R,1021.0,R,0.0,R,1021.0,R,653.0,R,64.0,R,462.0,R,0.0,R,462.0,R,231.0,R,50.0,R,18
198190,2010,A,,A,,A,,R,21.0,R,0.0,R,21.0,R,18.0,R,86.0,R,10.0,Z,0.0,R,10.0,R,8.0,R,80.0,R,6
198206,2010,R,174.0,R,504.0,R,35.0,R,191.0,Z,0.0,R,191.0,R,101.0,R,53.0,R,109.0,Z,0.0,R,109.0,R,34.0,R,31.0,R,9
198215,2010,R,259.0,R,422.0,R,61.0,R,308.0,R,0.0,R,308.0,R,207.0,R,67.0,R,0.0,R,0.0,R,0.0,R,0.0,A,,R,15
198233,2010,R,568.0,R,3062.0,R,19.0,R,681.0,Z,0.0,R,681.0,R,530.0,R,78.0,R,193.0,Z,0.0,R,193.0,R,189.0,R,98.0,R,12
198242,2010,R,9.0,R,44.0,R,20.0,R,0.0,R,0.0,R,0.0,R,0.0,A,,R,0.0,R,0.0,R,0.0,R,0.0,A,,R,9
198251,2010,R,494.0,R,2791.0,R,18.0,R,379.0,R,0.0,R,379.0,R,238.0,R,63.0,R,337.0,R,0.0,R,337.0,R,138.0,R,41.0,R,16
198260,2010,R,1201.0,R,4910.0,R,24.0,R,1347.0,Z,0.0,R,1347.0,R,794.0,R,59.0,R,896.0,Z,0.0,R,896.0,R,369.0,R,41.0,R,23
198303,2010,R,510.0,R,576.0,R,89.0,R,460.0,R,0.0,R,460.0,R,213.0,R,46.0,R,4.0,R,0.0,R,4.0,R,3.0,R,75.0,R,16
198321,2010,R,427.0,R,1753.0,R,24.0,R,229.0,R,0.0,R,229.0,R,148.0,R,65.0,R,158.0,R,0.0,R,158.0,R,48.0,R,30.0,R,14
198330,2010,R,412.0,R,1672.0,R,25.0,R,445.0,R,0.0,R,445.0,R,298.0,R,67.0,R,483.0,R,0.0,R,483.0,R,171.0,R,35.0,R,17
198367,2010,R,300.0,R,1784.0,R,17.0,R,451.0,R,0.0,R,451.0,R,289.0,R,64.0,R,527.0,R,0.0,R,527.0,R,258.0,R,49.0,R,17
198376,2010,R,468.0,R,1135.0,R,41.0,R,513.0,R,0.0,R,513.0,R,325.0,R,63.0,R,266.0,R,0.0,R,266.0,R,151.0,R,57.0,R,21
198385,2010,R,499.0,R,509.0,R,98.0,R,491.0,R,0.0,R,491.0,R,473.0,R,96.0,R,0.0,R,0.0,R,0.0,R,0.0,A,,R,10
198419,2010,R,1752.0,R,1792.0,R,98.0,R,1723.0,R,0.0,R,1723.0,R,1675.0,R,97.0,Z,0.0,Z,0.0,Z,0.0,Z,0.0,A,,R,8
198455,2010,R,264.0,R,2585.0,R,10.0,R,366.0,Z,0.0,R,366.0,R,187.0,R,51.0,R,428.0,Z,0.0,R,428.0,R,197.0,R,46.0,R,9
198464,2010,R,4201.0,R,5533.0,R,76.0,R,3947.0,R,0.0,R,3947.0,R,3204.0,R,81.0,R,9.0,R,0.0,R,9.0,R,5.0,R,56.0,R,17
198491,2010,R,350.0,R,1701.0,R,21.0,R,404.0,R,0.0,R,404.0,R,135.0,R,33.0,R,292.0,R,0.0,R,292.0,R,136.0,R,47.0,R,22
198507,2010,R,576.0,R,812.0,R,71.0,R,660.0,R,0.0,R,660.0,R,486.0,R,74.0,R,4.0,R,0.0,R,4.0,R,3.0,R,75.0,R,16
198516,2010,R,1359.0,R,1432.0,R,95.0,R,1290.0,R,0.0,R,1290.0,R,1157.0,R,90.0,R,1.0,Z,0.0,R,1.0,R,1.0,R,100.0,R,13
198525,2010,A,,A,,A,,P,10.0,P,0.0,P,10.0,P,8.0,P,80.0,A,,A,,A,,A,,A,,R,20
198534,2010,R,820.0,R,4225.0,R,19.0,R,872.0,R,0.0,R,872.0,R,537.0,R,62.0,R,729.0,R,0.0,R,729.0,R,299.0,R,41.0,R,13
198543,2010,R,538.0,R,1277.0,R,42.0,R,754.0,R,0.0,R,754.0,R,521.0,R,69.0,R,8.0,R,0.0,R,8.0,R,5.0,R,63.0,R,15
198552,2010,R,968.0,R,2511.0,R,39.0,R,1040.0,R,0.0,R,1040.0,R,632.0,R,61.0,R,315.0,R,0.0,R,315.0,R,162.0,R,51.0,R,14
198561,2010,R,464.0,R,989.0,R,47.0,R,450.0,R,0.0,R,450.0,R,329.0,R,73.0,R,0.0,R,0.0,R,0.0,R,0.0,A,,R,13
198570,2010,R,508.0,R,2369.0,R,21.0,R,695.0,Z,0.0,R,695.0,R,463.0,R,67.0,R,555.0,Z,0.0,R,555.0,R,199.0,R,36.0,R,21
198598,2010,R,192.0,R,304.0,R,63.0,R,241.0,R,0.0,R,241.0,R,145.0,R,60.0,R,0.0,R,0.0,R,0.0,R,0.0,A,,R,13
198613,2010,R,367.0,R,675.0,R,54.0,R,448.0,R,0.0,R,448.0,R,344.0,R,77.0,R,49.0,R,0.0,R,49.0,R,23.0,R,47.0,R,17
198622,2010,R,2276.0,R,4395.0,R,52.0,R,2323.0,R,0.0,R,2323.0,R,1292.0,R,56.0,R,820.0,R,0.0,R,820.0,R,352.0,R,43.0,R,26
198631,2010,A,,A,,A,,R,21.0,R,0.0,R,21.0,R,18.0,R,86.0,R,0.0,R,0.0,R,0.0,R,0.0,A,,R,20
198640,2010,R,274.0,R,831.0,R,33.0,R,220.0,R,0.0,R,220.0,R,130.0,R,59.0,R,68.0,R,0.0,R,68.0,R,35.0,R,51.0,R,12
198668,2010,R,148.0,R,1338.0,R,11.0,R,237.0,R,0.0,R,237.0,R,165.0,R,70.0,R,266.0,R,0.0,R,266.0,R,117.0,R,44.0,R,9
198677,2010,R,9.0,R,25.0,R,36.0,R,8.0,R,0.0,R,8.0,R,7.0,R,88.0,R,7.0,R,0.0,R,7.0,R,2.0,R,29.0,R,7
198695,2010,R,1219.0,R,1348.0,R,90.0,R,1030.0,Z,0.0,R,1030.0,R,810.0,R,79.0,R,128.0,R,0.0,R,128.0,R,101.0,R,79.0,R,16
198710,2010,R,256.0,R,1046.0,R,24.0,R,311.0,R,0.0,R,311.0,R,154.0,R,50.0,R,104.0,Z,0.0,R,104.0,R,43.0,R,41.0,R,20
198729,2010,R,154.0,R,705.0,R,22.0,R,198.0,Z,0.0,R,198.0,R,122.0,R,62.0,R,68.0,Z,0.0,R,68.0,R,25.0,R,37.0,R,17
198747,2010,R,10.0,R,44.0,R,23.0,R,7.0,R,0.0,R,7.0,R,3.0,R,43.0,R,3.0,R,0.0,R,3.0,R,2.0,R,67.0,R,9
198756,2010,R,221.0,R,275.0,R,80.0,R,282.0,R,0.0,R,282.0,R,196.0,R,70.0,R,0.0,R,0.0,R,0.0,R,0.0,A,,R,12
198774,2010,R,601.0,R,2441.0,R,25.0,R,710.0,Z,0.0,R,710.0,R,359.0,R,51.0,R,338.0,Z,0.0,R,338.0,R,167.0,R,49.0,R,15
198808,2010,R,231.0,R,363.0,R,64.0,R,161.0,R,0.0,R,161.0,R,91.0,R,57.0,R,0.0,R,0.0,R,0.0,R,0.0,A,,R,15
198817,2010,R,399.0,R,2004.0,R,20.0,R,424.0,R,0.0,R,424.0,R,189.0,R,45.0,R,136.0,R,0.0,R,136.0,R,49.0,R,36.0,R,12
198835,2010,R,423.0,R,524.0,R,81.0,R,355.0,R,1.0,R,354.0,R,243.0,R,69.0,R,0.0,R,0.0,R,0.0,R,0.0,A,,R,13
198844,2010,A,,A,,A,,R,25.0,R,0.0,R,25.0,R,24.0,R,96.0,R,22.0,Z,0.0,R,22.0,R,20.0,R,91.0,R,20
198862,2010,R,397.0,R,473.0,R,84.0,R,422.0,R,0.0,R,422.0,R,237.0,R,56.0,R,1.0,R,0.0,R,1.0,R,0.0,R,0.0,R,17
198871,2010,R,405.0,R,445.0,R,91.0,R,326.0,R,0.0,R,326.0,R,167.0,R,51.0,R,2.0,R,0.0,R,2.0,R,1.0,R,50.0,R,18
198899,2010,R,277.0,R,404.0,R,69.0,R,297.0,R,0.0,R,297.0,R,159.0,R,54.0,R,0.0,R,0.0,R,0.0,R,0.0,A,,R,12
198905,2010,R,154.0,R,401.0,R,38.0,R,131.0,R,0.0,R,131.0,R,60.0,R,46.0,R,32.0,R,0.0,R,32.0,R,13.0,R,41.0,R,10
198914,2010,R,194.0,R,985.0,R,20.0,R,197.0,Z,0.0,R,197.0,R,150.0,R,76.0,R,178.0,Z,0.0,R,178.0,R,71.0,R,40.0,R,15
198923,2010,R,157.0,R,564.0,R,28.0,R,213.0,R,0.0,R,213.0,R,104.0,R,49.0,R,76.0,R,0.0,R,76.0,R,30.0,R,39.0,R,12
198941,2010,A,,A,,A,,R,0.0,R,0.0,R,0.0,R,0.0,A,,R,0.0,R,0.0,R,0.0,R,0.0,A,,R,6
198950,2010,R,366.0,R,506.0,R,72.0,R,475.0,R,0.0,R,475.0,R,376.0,R,79.0,R,2.0,R,0.0,R,2.0,R,1.0,R,50.0,R,11
198969,2010,R,531.0,R,867.0,R,61.0,R,472.0,R,0.0,R,472.0,R,288.0,R,61.0,R,18.0,R,0.0,R,18.0,R,5.0,R,28.0,R,13
198978,2010,R,142.0,R,248.0,R,57.0,R,5.0,R,0.0,R,5.0,R,0.0,R,0.0,R,33.0,R,0.0,R,33.0,R,8.0,R,24.0,R,25
198987,2010,R,368.0,R,1095.0,R,34.0,R,449.0,Z,0.0,R,449.0,R,270.0,R,60.0,R,164.0,Z,0.0,R,164.0,R,78.0,R,48.0,R,19
198996,2010,A,,A,,A,,R,8.0,Z,0.0,R,8.0,R,7.0,R,88.0,R,0.0,R,0.0,R,0.0,R,0.0,A,,R,20
199005,2010,A,,A,,A,,R,17.0,R,0.0,R,17.0,R,15.0,R,88.0,R,0.0,R,0.0,R,0.0,R,0.0,A,,R,20
199014,2010,A,,A,,A,,R,8.0,R,0.0,R,8.0,R,6.0,R,75.0,R,3.0,R,0.0,R,3.0,R,1.0,R,33.0,R,20
199023,2010,R,70.0,R,444.0,R,16.0,R,91.0,R,0.0,R,91.0,R,45.0,R,49.0,R,31.0,R,0.0,R,31.0,R,8.0,R,26.0,R,8
199032,2010,R,107.0,R,190.0,R,56.0,R,83.0,R,0.0,R,83.0,R,55.0,R,66.0,R,0.0,R,0.0,R,0.0,R,0.0,A,,R,14
199069,2010,R,362.0,R,1344.0,R,27.0,R,311.0,Z,0.0,R,311.0,R,194.0,R,62.0,R,7.0,Z,0.0,R,7.0,R,2.0,R,29.0,R,26
199078,2010,A,,A,,A,,R,10.0,R,0.0,R,10.0,R,7.0,R,70.0,R,0.0,R,0.0,R,0.0,R,0.0,A,,R,9
199087,2010,R,348.0,R,1467.0,R,24.0,R,371.0,Z,0.0,R,371.0,R,181.0,R,49.0,R,184.0,Z,0.0,R,184.0,R,73.0,R,40.0,R,18
199102,2010,R,2040.0,R,2472.0,R,83.0,R,1879.0,R,0.0,R,1879.0,R,1360.0,R,72.0,R,19.0,R,0.0,R,19.0,R,7.0,R,37.0,R,18
199111,2010,R,593.0,R,1297.0,R,46.0,R,639.0,R,0.0,R,639.0,R,521.0,R,82.0,R,2.0,R,0.0,R,2.0,R,1.0,R,50.0,R,14
199120,2010,R,3946.0,R,4897.0,R,81.0,R,3958.0,R,1.0,R,3957.0,R,3816.0,R,96.0,R,2.0,R,0.0,R,2.0,R,2.0,R,100.0,R,14
199139,2010,R,2955.0,R,5462.0,R,54.0,R,3158.0,R,0.0,R,3158.0,R,2446.0,R,77.0,R,29.0,R,0.0,R,29.0,R,13.0,R,45.0,R,19
199148,2010,R,2505.0,R,4368.0,R,57.0,R,2497.0,R,0.0,R,2497.0,R,1917.0,R,77.0,R,14.0,R,0.0,R,14.0,R,11.0,R,79.0,R,17
199157,2010,R,1218.0,R,1752.0,R,70.0,R,1346.0,R,0.0,R,1346.0,R,931.0,R,69.0,R,12.0,R,0.0,R,12.0,R,5.0,R,42.0,R,15
199184,2010,R,157.0,R,226.0,R,69.0,R,157.0,R,0.0,R,157.0,R,125.0,R,80.0,Z,0.0,R,0.0,R,0.0,Z,0.0,A,,R,7
199193,2010,R,4689.0,R,6972.0,R,67.0,R,4589.0,R,0.0,R,4589.0,R,4051.0,R,88.0,R,49.0,R,0.0,R,49.0,R,11.0,R,22.0,R,18
199209,2010,R,222.0,R,409.0,R,54.0,R,224.0,R,0.0,R,224.0,R,138.0,R,62.0,R,7.0,R,0.0,R,7.0,R,4.0,R,57.0,R,13
199218,2010,R,1988.0,R,3665.0,R,54.0,R,1945.0,R,0.0,R,1945.0,R,1681.0,R,86.0,R,4.0,R,0.0,R,4.0,R,3.0,R,75.0,R,17
199263,2010,R,43.0,R,222.0,R,19.0,R,43.0,R,0.0,R,43.0,R,8.0,R,19.0,R,26.0,Z,0.0,R,26.0,R,3.0,R,12.0,R,9
199272,2010,R,163.0,R,234.0,R,70.0,R,151.0,R,0.0,R,151.0,R,109.0,R,72.0,R,0.0,R,0.0,R,0.0,R,0.0,A,,R,11
199281,2010,R,1039.0,R,1758.0,R,59.0,R,1202.0,R,0.0,R,1202.0,R,876.0,R,73.0,R,17.0,R,0.0,R,17.0,R,6.0,R,35.0,R,16
199306,2010,R,201.0,R,335.0,R,60.0,R,198.0,R,0.0,R,198.0,R,125.0,R,63.0,R,1.0,R,0.0,R,1.0,R,0.0,R,0.0,R,12
199315,2010,R,47.0,R,171.0,R,27.0,R,48.0,Z,0.0,R,48.0,R,30.0,R,63.0,R,9.0,Z,0.0,R,9.0,R,3.0,R,33.0,R,9
199324,2010,R,224.0,R,1159.0,R,19.0,R,245.0,R,0.0,R,245.0,R,106.0,R,43.0,R,228.0,R,0.0,R,228.0,R,30.0,R,13.0,R,13
199333,2010,R,1109.0,R,2961.0,R,37.0,R,2242.0,R,0.0,R,2242.0,R,1400.0,R,62.0,R,328.0,R,0.0,R,328.0,R,158.0,R,48.0,R,17
199412,2010,R,350.0,R,492.0,R,71.0,R,314.0,Z,0.0,R,314.0,R,222.0,R,71.0,R,1.0,Z,0.0,R,1.0,R,1.0,R,100.0,R,12
199421,2010,R,313.0,R,583.0,R,54.0,R,354.0,R,0.0,R,354.0,R,223.0,R,63.0,R,128.0,R,0.0,R,128.0,R,48.0,R,38.0,R,18
199449,2010,R,262.0,R,623.0,R,42.0,R,271.0,R,0.0,R,271.0,R,166.0,R,61.0,R,148.0,R,0.0,R,148.0,R,72.0,R,49.0,R,13
199458,2010,R,21.0,R,53.0,R,40.0,R,34.0,R,0.0,R,34.0,R,17.0,R,50.0,R,0.0,R,0.0,R,0.0,R,0.0,A,,R,11
199467,2010,R,90.0,R,315.0,R,29.0,R,220.0,R,0.0,R,220.0,R,88.0,R,40.0,R,295.0,R,0.0,R,295.0,R,168.0,R,57.0,R,13
199476,2010,R,283.0,R,831.0,R,34.0,R,415.0,R,0.0,R,415.0,R,249.0,R,60.0,R,157.0,R,0.0,R,157.0,R,52.0,R,33.0,R,14
199485,2010,R,301.0,R,1096.0,R,27.0,R,273.0,R,0.0,R,273.0,R,192.0,R,70.0,R,219.0,R,0.0,R,219.0,R,107.0,R,49.0,R,21
199494,2010,R,732.0,R,2887.0,R,25.0,R,603.0,R,0.0,R,603.0,R,366.0,R,61.0,R,472.0,Z,0.0,R,472.0,R,190.0,R,40.0,R,15
199582,2010,R,440.0,R,491.0,R,90.0,R,441.0,R,0.0,R,441.0,R,222.0,R,50.0,R,1.0,Z,0.0,R,1.0,R,0.0,R,0.0,R,14
199607,2010,R,150.0,R,282.0,R,53.0,R,140.0,R,0.0,R,140.0,R,104.0,R,74.0,R,6.0,R,0.0,R,6.0,R,4.0,R,67.0,R,10
199625,2010,R,194.0,R,455.0,R,43.0,R,210.0,R,0.0,R,210.0,R,109.0,R,52.0,R,91.0,R,0.0,R,91.0,R,30.0,R,33.0,R,19
199634,2010,R,578.0,R,2323.0,R,25.0,R,545.0,R,0.0,R,545.0,R,301.0,R,55.0,R,236.0,R,0.0,R,236.0,R,116.0,R,49.0,R,12
199643,2010,R,679.0,R,909.0,R,75.0,R,561.0,R,0.0,R,561.0,R,305.0,R,54.0,R,23.0,R,0.0,R,23.0,R,4.0,R,17.0,R,16
199689,2010,A,,A,,A,,R,57.0,R,0.0,R,57.0,R,37.0,R,65.0,R,0.0,R,0.0,R,0.0,R,0.0,A,,R,15
199698,2010,R,97.0,R,138.0,R,70.0,R,138.0,Z,0.0,R,138.0,R,65.0,R,47.0,Z,0.0,Z,0.0,Z,0.0,R,0.0,A,,R,10
199713,2010,A,,A,,A,,R,25.0,Z,0.0,R,25.0,R,19.0,R,76.0,R,6.0,Z,0.0,R,6.0,R,4.0,R,67.0,R,15
199722,2010,R,1011.0,R,2046.0,R,49.0,R,315.0,R,0.0,R,315.0,R,167.0,R,53.0,R,290.0,R,0.0,R,290.0,R,80.0,R,28.0,R,16
199731,2010,R,187.0,R,900.0,R,21.0,R,212.0,R,0.0,R,212.0,R,107.0,R,50.0,R,177.0,R,0.0,R,177.0,R,89.0,R,50.0,R,16
199740,2010,R,403.0,R,1450.0,R,28.0,R,430.0,R,0.0,R,430.0,R,255.0,R,59.0,R,161.0,R,0.0,R,161.0,R,52.0,R,32.0,R,10
199768,2010,R,446.0,R,948.0,R,47.0,R,400.0,R,7.0,R,393.0,R,264.0,R,67.0,R,164.0,R,2.0,R,162.0,R,77.0,R,48.0,R,14
199786,2010,R,668.0,R,2551.0,R,26.0,R,433.0,R,0.0,R,433.0,R,295.0,R,68.0,R,268.0,R,0.0,R,268.0,R,96.0,R,36.0,R,16
199795,2010,R,146.0,R,764.0,R,19.0,R,131.0,R,2.0,R,129.0,R,70.0,R,54.0,R,65.0,R,0.0,R,65.0,R,35.0,R,54.0,R,16
199838,2010,R,254.0,R,1251.0,R,20.0,R,387.0,R,0.0,R,387.0,R,232.0,R,60.0,R,567.0,R,0.0,R,567.0,R,267.0,R,47.0,R,11
199847,2010,R,1217.0,R,1284.0,R,95.0,R,1195.0,R,2.0,R,1193.0,R,1118.0,R,94.0,R,2.0,R,0.0,R,2.0,R,2.0,R,100.0,R,11
199856,2010,R,1173.0,R,8833.0,R,13.0,R,1245.0,R,62.0,R,1183.0,R,828.0,R,70.0,R,1786.0,R,89.0,R,1697.0,R,848.0,R,50.0,R,14
199865,2010,R,219.0,R,281.0,R,78.0,R,243.0,R,0.0,R,243.0,R,162.0,R,67.0,R,0.0,R,0.0,R,0.0,R,0.0,A,,R,12
199883,2010,A,,A,,A,,A,,A,,A,,A,,A,,A,,A,,A,,A,,A,,R,11
199892,2010,R,379.0,R,2187.0,R,17.0,R,443.0,R,0.0,R,443.0,R,292.0,R,66.0,R,101.0,R,0.0,R,101.0,R,52.0,R,51.0,R,18
199908,2010,R,407.0,R,1300.0,R,31.0,R,299.0,R,0.0,R,299.0,R,234.0,R,78.0,R,239.0,R,0.0,R,239.0,R,119.0,R,50.0,R,12
199926,2010,R,376.0,R,1110.0,R,34.0,R,320.0,R,0.0,R,320.0,R,191.0,R,60.0,R,41.0,R,0.0,R,41.0,R,17.0,R,41.0,R,11
199953,2010,R,320.0,R,873.0,R,37.0,R,204.0,R,0.0,R,204.0,R,119.0,R,58.0,R,138.0,R,0.0,R,138.0,R,49.0,R,36.0,R,12
199962,2010,R,605.0,R,663.0,R,91.0,R,375.0,R,0.0,R,375.0,R,277.0,R,74.0,R,0.0,R,0.0,R,0.0,Z,0.0,A,,R,14
199971,2010,R,9.0,R,19.0,R,47.0,R,0.0,R,0.0,R,0.0,R,0.0,A,,R,0.0,R,0.0,R,0.0,R,0.0,A,,R,8
199980,2010,A,,A,,A,,R,21.0,R,0.0,R,21.0,R,9.0,R,43.0,R,0.0,R,0.0,R,0.0,R,0.0,A,,R,20
199999,2010,R,690.0,R,1515.0,R,46.0,R,794.0,R,0.0,R,794.0,R,611.0,R,77.0,R,1.0,R,0.0,R,1.0,R,1.0,R,100.0,R,17
200004,2010,R,1423.0,R,2411.0,R,59.0,R,1549.0,R,0.0,R,1549.0,R,1149.0,R,74.0,R,6.0,R,0.0,R,6.0,R,3.0,R,50.0,R,15
200013,2010,R,58.0,R,428.0,R,14.0,R,67.0,Z,0.0,R,67.0,R,17.0,R,25.0,R,18.0,Z,0.0,R,18.0,R,5.0,R,28.0,R,21
200022,2010,R,859.0,R,1279.0,R,67.0,R,0.0,R,0.0,R,0.0,R,0.0,A,,R,0.0,R,0.0,R,0.0,R,0.0,A,,R,17
200059,2010,R,331.0,R,682.0,R,49.0,R,310.0,R,4.0,R,306.0,R,173.0,R,57.0,R,30.0,R,1.0,R,29.0,R,10.0,R,34.0,R,15
200086,2010,R,23.0,R,47.0,R,49.0,R,40.0,R,0.0,R,40.0,R,12.0,R,30.0,R,25.0,R,0.0,R,25.0,R,5.0,R,20.0,R,10
200110,2010,A,,A,,A,,R,78.0,R,0.0,R,78.0,R,40.0,R,51.0,R,0.0,R,0.0,R,0.0,R,0.0,A,,R,14
200129,2010,A,,A,,A,,R,32.0,R,0.0,R,32.0,R,19.0,R,59.0,R,0.0,R,0.0,R,0.0,R,0.0,A,,R,20
200156,2010,R,202.0,R,292.0,R,69.0,R,233.0,R,0.0,R,233.0,R,157.0,R,67.0,R,3.0,R,0.0,R,3.0,R,0.0,R,0.0,R,14
200165,2010,A,,A,,A,,R,34.0,R,0.0,R,34.0,R,28.0,R,82.0,R,0.0,R,0.0,R,0.0,R,0.0,A,,R,13
200192,2010,R,206.0,R,1140.0,R,18.0,R,180.0,R,0.0,R,180.0,R,101.0,R,56.0,R,46.0,R,0.0,R,46.0,R,12.0,R,26.0,R,12
200208,2010,R,26.0,R,42.0,R,62.0,R,30.0,R,0.0,R,30.0,R,10.0,R,33.0,R,24.0,R,0.0,R,24.0,R,7.0,R,29.0,R,9
200217,2010,R,361.0,R,580.0,R,62.0,R,312.0,Z,0.0,R,312.0,R,248.0,R,79.0,Z,0.0,Z,0.0,Z,0.0,Z,0.0,A,,R,20
200226,2010,R,130.0,R,455.0,R,29.0,R,147.0,R,0.0,R,147.0,R,74.0,R,50.0,R,0.0,R,0.0,R,0.0,R,0.0,A,,R,18
200244,2010,A,,A,,A,,A,,A,,A,,A,,A,,A,,A,,A,,A,,A,,R,8
200253,2010,R,463.0,R,1164.0,R,40.0,R,419.0,R,0.0,R,419.0,R,296.0,R,71.0,R,19.0,R,0.0,R,19.0,R,11.0,R,58.0,R,14
200262,2010,A,,A,,A,,R,5.0,R,0.0,R,5.0,R,5.0,R,100.0,R,0.0,R,0.0,R,0.0,R,0.0,A,,R,8
200280,2010,R,2075.0,R,3313.0,R,63.0,R,1975.0,R,1.0,R,1974.0,R,1551.0,R,79.0,R,17.0,R,0.0,R,17.0,R,9.0,R,53.0,R,22
200305,2010,R,589.0,R,1826.0,R,32.0,R,630.0,R,0.0,R,630.0,R,438.0,R,70.0,R,87.0,Z,0.0,R,87.0,R,20.0,R,23.0,R,13
200314,2010,R,192.0,R,571.0,R,34.0,R,146.0,Z,0.0,R,146.0,R,81.0,R,55.0,R,25.0,Z,0.0,R,25.0,R,9.0,R,36.0,R,17
200332,2010,R,2375.0,R,3365.0,R,71.0,R,2436.0,R,0.0,R,2436.0,R,1898.0,R,78.0,R,24.0,R,0.0,R,24.0,R,13.0,R,54.0,R,20
200341,2010,R,123.0,R,405.0,R,30.0,R,147.0,R,0.0,R,147.0,R,80.0,R,54.0,R,14.0,Z,0.0,R,14.0,R,4.0,R,29.0,R,19
200387,2010,A,,A,,A,,R,50.0,R,0.0,R,50.0,R,34.0,R,68.0,R,0.0,R,0.0,R,0.0,R,0.0,A,,R,12
200466,2010,R,56.0,R,100.0,R,56.0,R,9.0,R,0.0,R,9.0,R,9.0,R,100.0,R,2.0,R,0.0,R,2.0,R,2.0,R,100.0,R,10
200484,2010,R,70.0,R,99.0,R,71.0,R,50.0,R,0.0,R,50.0,R,32.0,R,64.0,R,1.0,R,0.0,R,1.0,R,0.0,R,0.0,R,13
200527,2010,R,147.0,R,172.0,R,85.0,R,34.0,R,2.0,R,32.0,R,1.0,R,3.0,R,0.0,R,0.0,R,0.0,R,0.0,A,,R,17
200554,2010,R,140.0,R,228.0,R,61.0,R,126.0,R,0.0,R,126.0,R,42.0,R,33.0,R,1.0,R,0.0,R,1.0,R,0.0,R,0.0,R,10
200572,2010,R,218.0,R,385.0,R,57.0,R,153.0,R,1.0,R,152.0,R,95.0,R,63.0,R,2.0,R,0.0,R,2.0,R,1.0,R,50.0,R,12
200590,2010,R,27.0,R,77.0,R,35.0,R,36.0,R,0.0,R,36.0,R,26.0,R,72.0,R,30.0,R,0.0,R,30.0,R,26.0,R,87.0,R,16
200624,2010,R,11.0,R,16.0,R,69.0,R,20.0,R,0.0,R,20.0,R,17.0,R,85.0,R,0.0,R,0.0,R,0.0,R,0.0,A,,R,6
200633,2010,R,48.0,R,86.0,R,56.0,R,22.0,R,0.0,R,22.0,R,10.0,R,45.0,R,13.0,R,0.0,R,13.0,R,4.0,R,31.0,R,13
200785,2010,R,121.0,R,461.0,R,26.0,R,0.0,Z,0.0,R,0.0,R,0.0,A,,R,0.0,Z,0.0,R,0.0,Z,0.0,A,,R,17
200800,2010,R,4420.0,R,6009.0,R,74.0,R,3423.0,R,0.0,R,3423.0,R,2441.0,R,71.0,R,133.0,R,0.0,R,133.0,R,52.0,R,39.0,R,21
200828,2010,A,,A,,A,,R,66.0,R,0.0,R,66.0,R,39.0,R,59.0,R,0.0,R,0.0,R,0.0,R,0.0,A,,R,10
200846,2010,R,343.0,R,785.0,R,44.0,R,358.0,R,0.0,R,358.0,R,220.0,R,61.0,R,70.0,R,0.0,R,70.0,R,40.0,R,57.0,R,22
200873,2010,R,11.0,R,13.0,R,85.0,R,18.0,R,0.0,R,18.0,R,7.0,R,39.0,R,1.0,R,0.0,R,1.0,R,1.0,R,100.0,R,6
201016,2010,R,27.0,R,33.0,R,82.0,R,25.0,Z,0.0,R,25.0,R,14.0,R,56.0,R,22.0,Z,0.0,R,22.0,R,9.0,R,41.0,R,10
201034,2010,A,,A,,A,,R,109.0,R,0.0,R,109.0,R,98.0,R,90.0,R,672.0,R,0.0,R,672.0,R,669.0,R,100.0,R,4
201061,2010,R,50.0,R,82.0,R,61.0,R,48.0,Z,0.0,R,48.0,R,33.0,R,69.0,R,0.0,Z,0.0,R,0.0,Z,0.0,A,,R,8
201098,2010,A,,A,,A,,R,103.0,R,1.0,R,102.0,R,97.0,R,95.0,R,0.0,R,0.0,R,0.0,R,0.0,A,,R,5
201104,2010,R,671.0,R,909.0,R,74.0,R,622.0,R,0.0,R,622.0,R,430.0,R,69.0,R,3.0,Z,0.0,R,3.0,R,1.0,R,33.0,R,10
201131,2010,A,,A,,A,,R,105.0,R,0.0,R,105.0,R,78.0,R,74.0,R,32.0,R,0.0,R,32.0,R,23.0,R,72.0,R,16
201140,2010,R,11.0,R,27.0,R,41.0,R,27.0,R,0.0,R,27.0,R,24.0,R,89.0,R,0.0,R,0.0,R,0.0,R,0.0,A,,R,7
201159,2010,A,,A,,A,,R,153.0,R,0.0,R,153.0,R,135.0,R,88.0,R,145.0,R,0.0,R,145.0,R,145.0,R,100.0,R,12
201177,2010,R,2.0,R,72.0,R,3.0,R,10.0,R,0.0,R,10.0,R,6.0,R,60.0,R,5.0,R,0.0,R,5.0,R,2.0,R,40.0,R,6
201195,2010,R,708.0,R,987.0,R,72.0,R,754.0,R,0.0,R,754.0,R,619.0,R,82.0,R,1.0,R,0.0,R,1.0,R,0.0,R,0.0,R,15
201283,2010,R,336.0,R,544.0,R,62.0,R,315.0,R,0.0,R,315.0,R,184.0,R,58.0,R,19.0,R,0.0,R,19.0,R,10.0,R,53.0,R,22
201371,2010,R,219.0,R,339.0,R,65.0,R,257.0,R,0.0,R,257.0,R,154.0,R,60.0,R,0.0,R,0.0,R,0.0,R,0.0,A,,R,13
201399,2010,R,58.0,R,117.0,R,50.0,R,80.0,R,0.0,R,80.0,R,47.0,R,59.0,R,5.0,R,0.0,R,5.0,R,3.0,R,60.0,R,13
201432,2010,R,370.0,R,850.0,R,44.0,R,400.0,R,3.0,R,397.0,R,188.0,R,47.0,R,98.0,R,1.0,R,97.0,R,42.0,R,43.0,R,20
201441,2010,R,3866.0,R,4767.0,R,81.0,R,3145.0,R,0.0,R,3145.0,R,2412.0,R,77.0,R,18.0,R,2.0,R,16.0,R,11.0,R,69.0,R,18
201469,2010,R,71.0,R,318.0,R,22.0,R,8.0,R,0.0,R,8.0,R,5.0,R,63.0,R,9.0,R,0.0,R,9.0,R,6.0,R,67.0,R,14
201478,2010,A,,A,,A,,R,156.0,R,0.0,R,156.0,R,147.0,R,94.0,R,14.0,R,0.0,R,14.0,R,13.0,R,93.0,R,4
201496,2010,A,,A,,A,,R,238.0,R,1.0,R,237.0,R,195.0,R,82.0,R,0.0,R,0.0,R,0.0,R,0.0,A,,R,21
201539,2010,A,,A,,A,,R,32.0,R,0.0,R,32.0,R,29.0,R,91.0,R,17.0,R,0.0,R,17.0,R,17.0,R,100.0,R,7
201548,2010,R,720.0,R,950.0,R,76.0,R,610.0,R,3.0,R,607.0,R,459.0,R,76.0,R,0.0,R,0.0,R,0.0,R,0.0,A,,R,12
201584,2010,A,,A,,A,,R,8.0,R,0.0,R,8.0,R,8.0,R,100.0,R,0.0,R,0.0,R,0.0,R,0.0,A,,R,3
201609,2010,A,,A,,A,,R,16.0,R,0.0,R,16.0,R,10.0,R,63.0,R,5.0,R,0.0,R,5.0,R,3.0,R,60.0,R,11
201618,2010,A,,A,,A,,R,19.0,R,0.0,R,19.0,R,14.0,R,74.0,R,0.0,R,0.0,R,0.0,R,0.0,A,,R,9
201627,2010,A,,A,,A,,R,20.0,R,0.0,R,20.0,R,13.0,R,65.0,R,7.0,R,1.0,R,6.0,R,3.0,R,50.0,R,13
201645,2010,R,1021.0,R,1133.0,R,90.0,R,966.0,R,0.0,R,966.0,R,892.0,R,92.0,R,0.0,Z,0.0,R,0.0,Z,0.0,A,,R,9
201654,2010,R,858.0,R,1033.0,R,83.0,R,723.0,R,0.0,R,723.0,R,620.0,R,86.0,R,1.0,R,0.0,R,1.0,R,1.0,R,100.0,R,15
201672,2010,R,561.0,R,1434.0,R,39.0,R,641.0,R,1.0,R,640.0,R,290.0,R,45.0,R,187.0,R,0.0,R,187.0,R,78.0,R,42.0,R,22
201681,2010,A,,A,,A,,R,100.0,R,0.0,R,100.0,R,77.0,R,77.0,R,0.0,R,0.0,R,0.0,R,0.0,A,,R,8
201690,2010,R,503.0,R,695.0,R,72.0,R,703.0,R,0.0,R,703.0,R,324.0,R,46.0,R,10.0,R,0.0,R,10.0,R,5.0,R,50.0,R,14
201751,2010,R,33.0,R,115.0,R,29.0,R,26.0,R,0.0,R,26.0,R,12.0,R,46.0,R,27.0,R,0.0,R,27.0,R,2.0,R,7.0,R,10
201803,2010,A,,A,,A,,R,159.0,R,0.0,R,159.0,R,22.0,R,14.0,R,107.0,R,0.0,R,107.0,R,22.0,R,21.0,R,8
201821,2010,R,20.0,R,110.0,R,18.0,R,13.0,R,0.0,R,13.0,R,12.0,R,92.0,R,4.0,R,0.0,R,4.0,R,4.0,R,100.0,R,7
201858,2010,R,145.0,R,224.0,R,65.0,R,118.0,Z,0.0,R,118.0,R,84.0,R,71.0,R,11.0,Z,0.0,R,11.0,R,5.0,R,45.0,R,19
201867,2010,R,13.0,R,67.0,R,19.0,R,0.0,Z,0.0,R,0.0,R,0.0,A,,R,0.0,Z,0.0,R,0.0,Z,0.0,A,,R,26
201885,2010,R,3881.0,R,5186.0,R,75.0,R,3622.0,R,0.0,R,3622.0,R,3059.0,R,84.0,R,22.0,R,0.0,R,22.0,R,8.0,R,36.0,R,16
201928,2010,R,1343.0,R,2943.0,R,46.0,R,1408.0,Z,0.0,R,1408.0,R,656.0,R,47.0,R,650.0,Z,0.0,R,650.0,R,257.0,R,40.0,R,17
201946,2010,R,775.0,R,1485.0,R,52.0,R,0.0,R,0.0,R,0.0,R,0.0,A,,R,0.0,R,0.0,R,0.0,R,0.0,A,,R,18
201955,2010,R,933.0,R,1585.0,R,59.0,R,0.0,R,0.0,R,0.0,R,0.0,A,,R,0.0,R,0.0,R,0.0,R,0.0,A,,R,16
201964,2010,R,273.0,R,763.0,R,36.0,R,211.0,R,4.0,R,207.0,R,117.0,R,57.0,R,39.0,R,4.0,R,35.0,R,17.0,R,49.0,R,14
201973,2010,R,359.0,R,1054.0,R,34.0,R,423.0,Z,0.0,R,423.0,R,204.0,R,48.0,R,205.0,Z,0.0,R,205.0,R,60.0,R,29.0,R,14
201982,2010,A,,A,,A,,R,15.0,Z,0.0,R,15.0,R,7.0,R,47.0,Z,0.0,Z,0.0,Z,0.0,Z,0.0,A,,R,14
202046,2010,R,153.0,R,180.0,R,85.0,R,111.0,R,0.0,R,111.0,R,98.0,R,88.0,R,1.0,R,0.0,R,1.0,R,1.0,R,100.0,R,9
202055,2010,A,,A,,A,,R,53.0,R,0.0,R,53.0,R,38.0,R,72.0,R,0.0,R,0.0,R,0.0,R,0.0,A,,R,11
202073,2010,R,59.0,R,69.0,R,86.0,R,42.0,R,0.0,R,42.0,R,38.0,R,90.0,R,0.0,R,0.0,R,0.0,R,0.0,A,,R,7
202134,2010,R,1148.0,R,3223.0,R,36.0,R,1127.0,R,0.0,R,1127.0,R,718.0,R,64.0,R,42.0,R,0.0,R,42.0,R,22.0,R,52.0,R,13
202152,2010,A,,A,,A,,R,123.0,R,0.0,R,123.0,R,112.0,R,91.0,R,78.0,R,0.0,R,78.0,R,69.0,R,88.0,R,16
202161,2010,R,156.0,R,263.0,R,59.0,R,188.0,R,0.0,R,188.0,R,146.0,R,78.0,R,0.0,R,0.0,R,0.0,R,0.0,A,,R,25
202170,2010,R,332.0,R,465.0,R,71.0,R,284.0,R,0.0,R,284.0,R,232.0,R,82.0,R,4.0,R,0.0,R,4.0,R,3.0,R,75.0,R,12
202189,2010,A,,A,,A,,R,172.0,Z,0.0,R,172.0,R,81.0,R,47.0,R,0.0,Z,0.0,R,0.0,R,0.0,A,,R,35
202222,2010,R,2190.0,R,9541.0,R,23.0,R,2065.0,R,0.0,R,2065.0,R,1083.0,R,52.0,R,1118.0,R,0.0,R,1118.0,R,385.0,R,34.0,R,24
202268,2010,A,,A,,A,,A,,A,,A,,A,,A,,A,,A,,A,,A,,A,,R,14
202356,2010,R,2088.0,R,7269.0,R,29.0,R,2124.0,R,6.0,R,2118.0,R,1081.0,R,51.0,R,931.0,R,1.0,R,930.0,R,334.0,R,36.0,R,21
202435,2010,R,27.0,R,193.0,R,14.0,R,28.0,R,0.0,R,28.0,R,13.0,R,46.0,R,40.0,R,0.0,R,40.0,R,19.0,R,48.0,R,15
202453,2010,A,,A,,A,,R,57.0,R,0.0,R,57.0,R,45.0,R,79.0,Z,0.0,Z,0.0,Z,0.0,Z,0.0,A,,R,24
202480,2010,R,2034.0,R,2405.0,R,85.0,R,1693.0,R,0.0,R,1693.0,R,1496.0,R,88.0,R,0.0,R,0.0,R,0.0,R,0.0,A,,R,15
202514,2010,R,261.0,R,335.0,R,78.0,R,215.0,R,0.0,R,215.0,R,136.0,R,63.0,R,6.0,R,0.0,R,6.0,R,4.0,R,67.0,R,12
202523,2010,R,623.0,R,647.0,R,96.0,R,648.0,R,0.0,R,648.0,R,578.0,R,89.0,R,0.0,R,0.0,R,0.0,R,0.0,A,,R,10
202541,2010,R,350.0,R,2219.0,R,16.0,R,246.0,R,0.0,R,246.0,R,124.0,R,50.0,R,139.0,R,0.0,R,139.0,R,60.0,R,43.0,R,44
202611,2010,R,20.0,R,153.0,R,13.0,R,7.0,R,0.0,R,7.0,R,2.0,R,29.0,R,10.0,R,0.0,R,10.0,R,3.0,R,30.0,R,8
202639,2010,A,,A,,A,,R,15.0,R,0.0,R,15.0,R,14.0,R,93.0,R,4.0,R,0.0,R,4.0,R,4.0,R,100.0,R,14
202648,2010,R,443.0,R,1260.0,R,35.0,R,452.0,R,1.0,R,451.0,R,250.0,R,55.0,R,261.0,R,1.0,R,260.0,R,82.0,R,32.0,R,17
202657,2010,A,,A,,A,,R,142.0,R,0.0,R,142.0,R,103.0,R,73.0,Z,0.0,Z,0.0,Z,0.0,Z,0.0,A,,R,10
202684,2010,R,104.0,R,384.0,R,27.0,R,11.0,R,0.0,R,11.0,R,8.0,R,73.0,R,10.0,R,0.0,R,10.0,R,4.0,R,40.0,R,21
202736,2010,A,,A,,A,,R,34.0,R,0.0,R,34.0,R,25.0,R,74.0,R,9.0,R,0.0,R,9.0,R,7.0,R,78.0,R,19
202763,2010,R,661.0,R,2208.0,R,30.0,R,623.0,R,0.0,R,623.0,R,459.0,R,74.0,R,0.0,R,0.0,R,0.0,R,0.0,A,,R,15
202806,2010,R,100.0,R,1733.0,R,6.0,R,102.0,R,0.0,R,102.0,R,35.0,R,34.0,R,82.0,R,0.0,R,82.0,R,21.0,R,26.0,R,18
202888,2010,A,,A,,A,,R,25.0,R,0.0,R,25.0,R,21.0,R,84.0,R,15.0,R,0.0,R,15.0,R,13.0,R,87.0,R,11
202903,2010,R,51.0,R,106.0,R,48.0,R,75.0,R,0.0,R,75.0,R,49.0,R,65.0,R,4.0,R,0.0,R,4.0,R,1.0,R,25.0,R,14
202912,2010,R,7.0,R,72.0,R,10.0,R,9.0,R,0.0,R,9.0,R,7.0,R,78.0,R,2.0,R,0.0,R,2.0,R,1.0,R,50.0,R,7
202949,2010,A,,A,,A,,R,146.0,R,0.0,R,146.0,R,118.0,R,81.0,Z,0.0,Z,0.0,Z,0.0,Z,0.0,A,,R,17
202985,2010,A,,A,,A,,R,41.0,R,0.0,R,41.0,R,27.0,R,66.0,R,6.0,R,0.0,R,6.0,R,6.0,R,100.0,R,29
203030,2010,A,,A,,A,,R,77.0,Z,0.0,R,77.0,R,54.0,R,70.0,R,15.0,Z,0.0,R,15.0,R,10.0,R,67.0,R,7
203085,2010,R,334.0,R,389.0,R,86.0,R,376.0,R,0.0,R,376.0,R,212.0,R,56.0,R,1.0,R,0.0,R,1.0,R,1.0,R,100.0,R,15
203128,2010,R,295.0,R,404.0,R,73.0,R,293.0,R,0.0,R,293.0,R,223.0,R,76.0,R,5.0,R,0.0,R,5.0,R,4.0,R,80.0,R,12
203146,2010,A,,A,,A,,R,82.0,Z,0.0,R,82.0,R,77.0,R,94.0,Z,0.0,Z,0.0,Z,0.0,Z,0.0,A,,R,14
203155,2010,R,1570.0,R,2958.0,R,53.0,R,1713.0,R,0.0,R,1713.0,R,711.0,R,42.0,R,331.0,R,0.0,R,331.0,R,84.0,R,25.0,R,18
203164,2010,A,,A,,A,,R,44.0,R,0.0,R,44.0,R,38.0,R,86.0,R,110.0,R,0.0,R,110.0,R,84.0,R,76.0,R,6
203225,2010,A,,A,,A,,R,304.0,R,0.0,R,304.0,R,236.0,R,78.0,R,0.0,R,0.0,R,0.0,R,0.0,A,,R,36
203234,2010,A,,A,,A,,A,,A,,A,,A,,A,,A,,A,,A,,A,,A,,R,12
203289,2010,R,25.0,R,28.0,R,89.0,R,23.0,R,0.0,R,23.0,R,16.0,R,70.0,R,0.0,R,0.0,R,0.0,R,0.0,A,,R,11
203313,2010,R,71.0,R,98.0,R,72.0,R,0.0,R,0.0,R,0.0,R,0.0,A,,R,0.0,R,0.0,R,0.0,R,0.0,A,,R,20
203331,2010,R,281.0,R,860.0,R,33.0,R,338.0,R,0.0,R,338.0,R,188.0,R,56.0,R,264.0,R,0.0,R,264.0,R,81.0,R,31.0,R,17
203368,2010,R,703.0,R,841.0,R,84.0,R,661.0,R,0.0,R,661.0,R,566.0,R,86.0,R,0.0,Z,0.0,R,0.0,Z,0.0,A,,R,13
203386,2010,R,38.0,R,184.0,R,21.0,R,46.0,R,0.0,R,46.0,R,29.0,R,63.0,R,0.0,R,0.0,R,0.0,R,0.0,A,,R,11
203438,2010,A,,A,,A,,R,42.0,R,0.0,R,42.0,R,39.0,R,93.0,Z,0.0,Z,0.0,Z,0.0,Z,0.0,A,,R,6
203447,2010,R,321.0,R,634.0,R,51.0,R,289.0,R,0.0,R,289.0,R,170.0,R,59.0,R,147.0,R,0.0,R,147.0,R,62.0,R,42.0,R,20
203456,2010,R,139.0,R,223.0,R,62.0,R,134.0,R,0.0,R,134.0,R,84.0,R,63.0,R,10.0,R,0.0,R,10.0,R,3.0,R,30.0,R,17
203465,2010,R,615.0,R,1122.0,R,55.0,R,663.0,R,0.0,R,663.0,R,432.0,R,65.0,R,68.0,R,0.0,R,68.0,R,33.0,R,49.0,R,22
203474,2010,R,361.0,R,675.0,R,53.0,R,352.0,R,0.0,R,352.0,R,225.0,R,64.0,R,63.0,R,0.0,R,63.0,R,32.0,R,51.0,R,24
203483,2010,R,408.0,R,670.0,R,61.0,R,384.0,R,0.0,R,384.0,R,255.0,R,66.0,R,77.0,R,0.0,R,77.0,R,48.0,R,62.0,R,23
203492,2010,R,230.0,R,370.0,R,62.0,R,265.0,R,0.0,R,265.0,R,152.0,R,57.0,R,30.0,R,0.0,R,30.0,R,15.0,R,50.0,R,18
203517,2010,R,3927.0,R,5074.0,R,77.0,R,4030.0,R,0.0,R,4030.0,R,3168.0,R,79.0,R,73.0,R,0.0,R,73.0,R,38.0,R,52.0,R,20
203526,2010,R,185.0,R,343.0,R,54.0,R,170.0,R,0.0,R,170.0,R,115.0,R,68.0,R,52.0,R,0.0,R,52.0,R,26.0,R,50.0,R,18
203535,2010,R,483.0,R,494.0,R,98.0,R,469.0,R,1.0,R,468.0,R,432.0,R,92.0,R,0.0,R,0.0,R,0.0,R,0.0,A,,R,10
203544,2010,R,85.0,R,256.0,R,33.0,R,16.0,R,0.0,R,16.0,R,14.0,R,88.0,R,0.0,R,0.0,R,0.0,R,0.0,A,,R,12
203580,2010,R,258.0,R,386.0,R,67.0,R,264.0,R,0.0,R,264.0,R,189.0,R,72.0,R,1.0,R,0.0,R,1.0,R,1.0,R,100.0,R,14
203599,2010,R,955.0,R,2792.0,R,34.0,R,1029.0,R,0.0,R,1029.0,R,500.0,R,49.0,R,540.0,R,0.0,R,540.0,R,194.0,R,36.0,R,21
203614,2010,A,,A,,A,,R,278.0,R,93.0,R,185.0,R,165.0,R,89.0,R,69.0,R,0.0,R,69.0,R,69.0,R,100.0,R,18
203678,2010,R,684.0,R,1062.0,R,64.0,R,762.0,Z,0.0,R,762.0,R,450.0,R,59.0,R,133.0,Z,0.0,R,133.0,R,50.0,R,38.0,R,21
203720,2010,R,62.0,R,175.0,R,35.0,R,112.0,R,0.0,R,112.0,R,81.0,R,72.0,R,10.0,R,0.0,R,10.0,R,7.0,R,70.0,R,11
203739,2010,R,55.0,R,170.0,R,32.0,R,53.0,R,0.0,R,53.0,R,35.0,R,66.0,R,4.0,R,0.0,R,4.0,R,1.0,R,25.0,R,11
203748,2010,R,1175.0,R,4305.0,R,27.0,R,1588.0,R,2.0,R,1586.0,R,903.0,R,57.0,R,671.0,R,0.0,R,671.0,R,413.0,R,62.0,R,24
203757,2010,R,143.0,R,554.0,R,26.0,R,104.0,R,1.0,R,103.0,R,63.0,R,61.0,R,14.0,R,0.0,R,14.0,R,6.0,R,43.0,R,11
203775,2010,R,375.0,R,582.0,R,64.0,R,477.0,R,0.0,R,477.0,R,338.0,R,71.0,R,4.0,R,0.0,R,4.0,R,2.0,R,50.0,R,14
203845,2010,R,385.0,R,445.0,R,87.0,R,385.0,R,0.0,R,385.0,R,298.0,R,77.0,Z,0.0,Z,0.0,Z,0.0,Z,0.0,A,,R,13
203881,2010,R,356.0,R,1947.0,R,18.0,R,391.0,R,0.0,R,391.0,R,212.0,R,54.0,R,250.0,R,0.0,R,250.0,R,98.0,R,39.0,R,23
203942,2010,A,,A,,A,,R,104.0,R,0.0,R,104.0,R,82.0,R,79.0,R,74.0,R,0.0,R,74.0,R,72.0,R,97.0,R,15
203960,2010,R,54.0,R,404.0,R,13.0,R,21.0,R,0.0,R,21.0,R,19.0,R,90.0,R,0.0,R,0.0,R,0.0,R,0.0,A,,R,8
204006,2010,R,944.0,R,1440.0,R,66.0,R,667.0,R,0.0,R,667.0,R,419.0,R,63.0,R,93.0,R,0.0,R,93.0,R,25.0,R,27.0,R,21
204015,2010,R,414.0,R,893.0,R,46.0,R,343.0,R,0.0,R,343.0,R,206.0,R,60.0,R,48.0,R,0.0,R,48.0,R,13.0,R,27.0,R,17
204024,2010,R,3592.0,R,3967.0,R,91.0,R,3235.0,R,0.0,R,3235.0,R,2892.0,R,89.0,R,1.0,R,0.0,R,1.0,R,0.0,R,0.0,R,17
204060,2010,R,21.0,R,35.0,R,60.0,R,130.0,R,0.0,R,130.0,R,59.0,R,45.0,R,0.0,R,0.0,R,0.0,R,0.0,A,,R,15
204121,2010,A,,A,,A,,R,22.0,R,1.0,R,21.0,R,18.0,R,86.0,R,20.0,R,2.0,R,18.0,R,13.0,R,72.0,R,15
204158,2010,A,,A,,A,,R,225.0,R,0.0,R,225.0,R,200.0,R,89.0,Z,0.0,Z,0.0,Z,0.0,Z,0.0,A,,R,5
204176,2010,R,71.0,R,187.0,R,38.0,R,103.0,Z,0.0,R,103.0,R,83.0,R,81.0,R,0.0,R,0.0,R,0.0,R,0.0,A,,R,12
204185,2010,R,630.0,R,692.0,R,91.0,R,578.0,R,0.0,R,578.0,R,430.0,R,74.0,R,0.0,R,0.0,R,0.0,R,0.0,A,,R,14
204194,2010,R,388.0,R,635.0,R,61.0,R,302.0,R,0.0,R,302.0,R,224.0,R,74.0,R,0.0,R,0.0,R,0.0,R,0.0,A,,R,14
204200,2010,R,382.0,R,731.0,R,52.0,R,357.0,R,0.0,R,357.0,R,255.0,R,71.0,R,11.0,R,0.0,R,11.0,R,5.0,R,45.0,R,12
204255,2010,R,593.0,R,1056.0,R,56.0,R,553.0,R,0.0,R,553.0,R,309.0,R,56.0,R,119.0,R,0.0,R,119.0,R,53.0,R,45.0,R,21
204264,2010,R,438.0,R,564.0,R,78.0,R,473.0,R,0.0,R,473.0,R,315.0,R,67.0,R,0.0,R,0.0,R,0.0,R,0.0,A,,R,14
204307,2010,R,214.0,R,362.0,R,59.0,R,215.0,R,0.0,R,215.0,R,131.0,R,61.0,R,31.0,R,0.0,R,31.0,R,0.0,R,0.0,R,12
204316,2010,R,295.0,R,295.0,R,100.0,R,231.0,Z,0.0,R,231.0,R,65.0,R,28.0,Z,0.0,Z,0.0,Z,0.0,Z,0.0,A,,R,12
204334,2010,A,,A,,A,,R,66.0,R,0.0,R,66.0,R,54.0,R,82.0,R,0.0,R,0.0,R,0.0,R,0.0,A,,R,17
204422,2010,R,380.0,R,1105.0,R,34.0,R,454.0,R,0.0,R,454.0,R,213.0,R,47.0,R,226.0,R,0.0,R,226.0,R,97.0,R,43.0,R,17
204431,2010,A,,A,,A,,R,10.0,R,0.0,R,10.0,R,8.0,R,80.0,R,0.0,R,0.0,R,0.0,R,0.0,A,,R,10
204440,2010,R,286.0,R,2118.0,R,14.0,R,363.0,R,0.0,R,363.0,R,196.0,R,54.0,R,694.0,R,1.0,R,693.0,R,362.0,R,52.0,R,20
204459,2010,A,,A,,A,,R,36.0,R,0.0,R,36.0,R,32.0,R,89.0,R,46.0,R,0.0,R,46.0,R,46.0,R,100.0,R,14
204468,2010,R,356.0,R,543.0,R,66.0,R,338.0,R,0.0,R,338.0,R,231.0,R,68.0,R,6.0,R,0.0,R,6.0,R,1.0,R,17.0,R,14
204486,2010,R,1440.0,R,2057.0,R,70.0,R,68.0,R,0.0,R,68.0,R,46.0,R,68.0,R,1.0,R,0.0,R,1.0,R,1.0,R,100.0,R,30
204501,2010,R,775.0,R,827.0,R,94.0,R,811.0,R,0.0,R,811.0,R,759.0,R,94.0,R,12.0,Z,0.0,R,12.0,R,11.0,R,92.0,R,9
204592,2010,R,35.0,R,64.0,R,55.0,R,26.0,R,0.0,R,26.0,R,18.0,R,69.0,R,16.0,R,0.0,R,16.0,R,10.0,R,63.0,R,13
204608,2010,A,,A,,A,,R,625.0,R,0.0,R,625.0,R,417.0,R,67.0,R,0.0,R,0.0,R,0.0,R,0.0,A,,R,20
204617,2010,R,272.0,R,756.0,R,36.0,R,274.0,R,0.0,R,274.0,R,171.0,R,62.0,R,9.0,R,0.0,R,9.0,R,2.0,R,22.0,R,14
204626,2010,A,,A,,A,,R,58.0,Z,0.0,R,58.0,R,36.0,R,62.0,R,135.0,Z,0.0,R,135.0,R,74.0,R,55.0,R,34
204635,2010,R,608.0,R,700.0,R,87.0,R,641.0,R,0.0,R,641.0,R,540.0,R,84.0,R,0.0,R,0.0,R,0.0,R,0.0,A,,R,11
204662,2010,R,281.0,R,333.0,R,84.0,R,286.0,R,0.0,R,286.0,R,183.0,R,64.0,R,3.0,R,0.0,R,3.0,R,3.0,R,100.0,R,17
204671,2010,R,472.0,R,628.0,R,75.0,R,463.0,R,0.0,R,463.0,R,293.0,R,63.0,R,13.0,R,0.0,R,13.0,R,4.0,R,31.0,R,23
204680,2010,R,511.0,R,633.0,R,81.0,R,480.0,R,0.0,R,480.0,R,322.0,R,67.0,R,17.0,R,0.0,R,17.0,R,4.0,R,24.0,R,20
204699,2010,R,578.0,R,705.0,R,82.0,R,580.0,R,0.0,R,580.0,R,408.0,R,70.0,R,26.0,R,0.0,R,26.0,R,16.0,R,62.0,R,25
204705,2010,R,1100.0,R,1281.0,R,86.0,R,1073.0,R,1.0,R,1072.0,R,654.0,R,61.0,R,28.0,R,0.0,R,28.0,R,10.0,R,36.0,R,27
204714,2010,A,,A,,A,,R,51.0,Z,0.0,R,51.0,R,36.0,R,71.0,Z,0.0,Z,0.0,Z,0.0,Z,0.0,A,,R,23
204723,2010,A,,A,,A,,R,17.0,R,0.0,R,17.0,R,12.0,R,71.0,R,0.0,R,0.0,R,0.0,R,0.0,A,,R,24
204741,2010,A,,A,,A,,R,32.0,R,0.0,R,32.0,R,26.0,R,81.0,R,0.0,R,0.0,R,0.0,R,0.0,A,,R,14
204769,2010,A,,A,,A,,R,52.0,R,0.0,R,52.0,R,46.0,R,88.0,R,0.0,R,0.0,R,0.0,R,0.0,A,,R,18
204778,2010,A,,A,,A,,R,11.0,R,0.0,R,11.0,R,10.0,R,91.0,R,0.0,R,0.0,R,0.0,R,0.0,A,,R,13
204796,2010,R,6654.0,R,9514.0,R,70.0,R,6727.0,R,1.0,R,6726.0,R,6241.0,R,93.0,R,12.0,R,0.0,R,12.0,R,10.0,R,83.0,R,19
204802,2010,R,125.0,R,222.0,R,56.0,R,161.0,R,0.0,R,161.0,R,96.0,R,60.0,R,3.0,R,0.0,R,3.0,R,2.0,R,67.0,R,22
204820,2010,R,393.0,R,589.0,R,67.0,R,217.0,R,0.0,R,217.0,R,121.0,R,56.0,R,9.0,R,0.0,R,9.0,R,1.0,R,11.0,R,27
204839,2010,R,304.0,R,545.0,R,56.0,R,159.0,R,0.0,R,159.0,R,69.0,R,43.0,R,19.0,R,0.0,R,19.0,R,4.0,R,21.0,R,27
204848,2010,R,401.0,R,658.0,R,61.0,R,385.0,R,0.0,R,385.0,R,247.0,R,64.0,R,25.0,R,0.0,R,25.0,R,8.0,R,32.0,R,26
204857,2010,R,3950.0,R,5236.0,R,75.0,R,4061.0,R,0.0,R,4061.0,R,3307.0,R,81.0,R,10.0,R,0.0,R,10.0,R,4.0,R,40.0,R,19
204866,2010,R,308.0,R,482.0,R,64.0,R,202.0,R,0.0,R,202.0,R,108.0,R,53.0,R,14.0,R,0.0,R,14.0,R,3.0,R,21.0,R,22
204884,2010,R,57.0,R,101.0,R,56.0,R,62.0,R,0.0,R,62.0,R,32.0,R,52.0,R,0.0,R,0.0,R,0.0,R,0.0,A,,R,21
204893,2010,A,,A,,A,,R,0.0,R,0.0,R,0.0,R,0.0,A,,R,0.0,R,0.0,R,0.0,R,0.0,A,,R,9
204909,2010,R,555.0,R,576.0,R,96.0,R,498.0,R,0.0,R,498.0,R,434.0,R,87.0,R,0.0,R,0.0,R,0.0,R,0.0,A,,R,11
204936,2010,R,653.0,R,853.0,R,77.0,R,635.0,R,0.0,R,635.0,R,492.0,R,77.0,R,4.0,R,0.0,R,4.0,R,0.0,R,0.0,R,12
204945,2010,R,2180.0,R,4458.0,R,49.0,R,2574.0,R,0.0,R,2574.0,R,1244.0,R,48.0,R,1486.0,R,0.0,R,1486.0,R,640.0,R,43.0,R,22
204963,2010,A,,A,,A,,R,47.0,R,0.0,R,47.0,R,28.0,R,60.0,R,43.0,Z,0.0,R,43.0,R,27.0,R,63.0,R,15
204981,2010,A,,A,,A,,R,28.0,R,0.0,R,28.0,R,19.0,R,68.0,R,16.0,R,0.0,R,16.0,R,13.0,R,81.0,R,10
205027,2010,R,14.0,R,25.0,R,56.0,R,6.0,R,0.0,R,6.0,R,4.0,R,67.0,R,0.0,R,0.0,R,0.0,R,0.0,A,,R,6
205054,2010,R,31.0,R,131.0,R,24.0,R,24.0,R,0.0,R,24.0,R,16.0,R,67.0,R,0.0,R,0.0,R,0.0,R,0.0,A,,R,13
205090,2010,A,,A,,A,,A,,A,,A,,A,,A,,A,,A,,A,,A,,A,,R,6
205124,2010,R,16.0,R,20.0,R,80.0,R,10.0,R,0.0,R,10.0,R,5.0,R,50.0,R,0.0,R,0.0,R,0.0,R,0.0,A,,R,7
205142,2010,A,,A,,A,,R,8.0,R,0.0,R,8.0,R,7.0,R,88.0,R,27.0,R,0.0,R,27.0,R,24.0,R,89.0,R,12
205179,2010,R,1120.0,R,1524.0,R,73.0,R,1058.0,R,0.0,R,1058.0,R,677.0,R,64.0,R,0.0,R,0.0,R,0.0,R,0.0,A,,R,13
205203,2010,R,293.0,R,668.0,R,44.0,R,324.0,R,0.0,R,324.0,R,179.0,R,55.0,R,21.0,R,0.0,R,21.0,R,4.0,R,19.0,R,15
205391,2010,R,63.0,R,63.0,R,100.0,R,64.0,R,0.0,R,64.0,R,53.0,R,83.0,R,0.0,R,0.0,R,0.0,R,0.0,A,,R,13
205443,2010,R,1141.0,R,1453.0,R,79.0,R,754.0,R,0.0,R,754.0,R,404.0,R,54.0,R,28.0,R,0.0,R,28.0,R,9.0,R,32.0,R,20
205470,2010,R,2326.0,R,5191.0,R,45.0,R,2574.0,R,0.0,R,2574.0,R,1382.0,R,54.0,R,1022.0,R,0.0,R,1022.0,R,476.0,R,47.0,R,20
205513,2010,R,23.0,R,27.0,R,85.0,R,39.0,R,0.0,R,39.0,R,21.0,R,54.0,R,5.0,R,0.0,R,5.0,R,2.0,R,40.0,R,14
205522,2010,R,19.0,R,41.0,R,46.0,R,46.0,R,0.0,R,46.0,R,22.0,R,48.0,R,14.0,R,0.0,R,14.0,R,2.0,R,14.0,R,21
205531,2010,R,22.0,R,33.0,R,67.0,R,60.0,R,0.0,R,60.0,R,45.0,R,75.0,R,36.0,R,0.0,R,36.0,R,17.0,R,47.0,R,10
205559,2010,R,15.0,R,46.0,R,33.0,R,14.0,R,0.0,R,14.0,R,13.0,R,93.0,R,5.0,R,0.0,R,5.0,R,1.0,R,20.0,R,6
205568,2010,R,60.0,R,112.0,R,54.0,R,35.0,R,0.0,R,35.0,R,13.0,R,37.0,R,33.0,R,0.0,R,33.0,R,5.0,R,15.0,R,8
205610,2010,R,343.0,R,343.0,R,100.0,R,298.0,Z,0.0,R,298.0,R,93.0,R,31.0,R,0.0,Z,0.0,R,0.0,R,0.0,A,,R,16
205647,2010,R,161.0,R,161.0,R,100.0,R,172.0,Z,0.0,R,172.0,R,33.0,R,19.0,R,0.0,Z,0.0,R,0.0,R,0.0,A,,R,13
205692,2010,R,82.0,R,93.0,R,88.0,R,68.0,R,0.0,R,68.0,R,32.0,R,47.0,R,5.0,R,0.0,R,5.0,R,2.0,R,40.0,R,18
205708,2010,R,293.0,R,331.0,R,89.0,R,222.0,R,0.0,R,222.0,R,101.0,R,45.0,R,17.0,R,0.0,R,17.0,R,8.0,R,47.0,R,28
205717,2010,R,227.0,R,250.0,R,91.0,R,193.0,R,0.0,R,193.0,R,89.0,R,46.0,R,4.0,R,0.0,R,4.0,R,1.0,R,25.0,R,34
205726,2010,R,219.0,R,232.0,R,94.0,R,206.0,R,0.0,R,206.0,R,95.0,R,46.0,R,2.0,R,0.0,R,2.0,R,0.0,R,0.0,R,26
205841,2010,R,1799.0,R,4579.0,R,39.0,R,1524.0,R,0.0,R,1524.0,R,799.0,R,52.0,R,752.0,R,0.0,R,752.0,R,361.0,R,48.0,R,25
205887,2010,R,111.0,R,375.0,R,30.0,R,100.0,R,0.0,R,100.0,R,64.0,R,64.0,R,39.0,R,0.0,R,39.0,R,19.0,R,49.0,R,10
205957,2010,R,436.0,R,658.0,R,66.0,R,411.0,R,6.0,R,405.0,R,356.0,R,88.0,R,0.0,R,0.0,R,0.0,R,0.0,A,,R,15
205966,2010,R,514.0,R,1213.0,R,42.0,R,583.0,R,0.0,R,583.0,R,340.0,R,58.0,R,156.0,R,0.0,R,156.0,R,52.0,R,33.0,R,24
206002,2010,R,12.0,R,25.0,R,48.0,R,14.0,R,0.0,R,14.0,R,4.0,R,29.0,R,1.0,R,0.0,R,1.0,R,1.0,R,100.0,R,3
206011,2010,R,513.0,R,1373.0,R,37.0,R,410.0,R,0.0,R,410.0,R,176.0,R,43.0,R,273.0,R,0.0,R,273.0,R,141.0,R,52.0,R,22
206039,2010,A,,A,,A,,R,47.0,R,0.0,R,47.0,R,33.0,R,70.0,R,0.0,R,0.0,R,0.0,R,0.0,A,,R,14
206048,2010,R,601.0,R,1630.0,R,37.0,R,394.0,R,0.0,R,394.0,R,245.0,R,62.0,R,19.0,R,0.0,R,19.0,R,7.0,R,37.0,R,19
206084,2010,R,3826.0,R,5503.0,R,70.0,R,4045.0,R,0.0,R,4045.0,R,2610.0,R,65.0,R,137.0,R,0.0,R,137.0,R,44.0,R,32.0,R,19
206093,2010,A,,A,,A,,R,58.0,Z,0.0,R,58.0,R,22.0,R,38.0,R,191.0,Z,0.0,R,191.0,R,90.0,R,47.0,R,48
206154,2010,R,6.0,R,19.0,R,32.0,R,0.0,R,0.0,R,0.0,R,0.0,A,,R,3.0,R,0.0,R,3.0,R,0.0,R,0.0,R,6
206172,2010,A,,A,,A,,R,46.0,R,0.0,R,46.0,R,40.0,R,87.0,R,52.0,R,0.0,R,52.0,R,52.0,R,100.0,R,15
206181,2010,A,,A,,A,,R,124.0,R,0.0,R,124.0,R,97.0,R,78.0,R,28.0,R,0.0,R,28.0,R,27.0,R,96.0,R,13
206224,2010,R,52.0,R,109.0,R,48.0,R,61.0,R,3.0,R,58.0,R,30.0,R,52.0,R,7.0,R,0.0,R,7.0,R,5.0,R,71.0,R,9
206279,2010,R,15.0,R,409.0,R,4.0,R,19.0,R,0.0,R,19.0,R,15.0,R,79.0,R,9.0,R,0.0,R,9.0,R,7.0,R,78.0,R,12
206321,2010,A,,A,,A,,R,122.0,R,0.0,R,122.0,R,116.0,R,95.0,R,0.0,R,0.0,R,0.0,R,0.0,A,,R,12
206330,2010,R,190.0,R,462.0,R,41.0,R,217.0,R,0.0,R,217.0,R,127.0,R,59.0,R,178.0,R,0.0,R,178.0,R,37.0,R,21.0,R,18
206349,2010,R,83.0,R,234.0,R,35.0,R,95.0,R,0.0,R,95.0,R,59.0,R,62.0,R,0.0,R,0.0,R,0.0,R,0.0,A,,R,8
206358,2010,A,,A,,A,,R,8.0,R,0.0,R,8.0,R,6.0,R,75.0,R,0.0,R,0.0,R,0.0,R,0.0,A,,R,17
206394,2010,R,36.0,R,73.0,R,49.0,R,56.0,R,0.0,R,56.0,R,29.0,R,52.0,R,0.0,R,0.0,R,0.0,R,0.0,A,,R,10
206419,2010,A,,A,,A,,R,11.0,R,0.0,R,11.0,R,10.0,R,91.0,R,2.0,R,0.0,R,2.0,R,2.0,R,100.0,R,20
206428,2010,A,,A,,A,,R,21.0,R,0.0,R,21.0,R,21.0,R,100.0,R,0.0,R,0.0,R,0.0,R,0.0,A,,R,10
206437,2010,R,446.0,R,600.0,R,74.0,R,489.0,R,0.0,R,489.0,R,372.0,R,76.0,R,1.0,R,0.0,R,1.0,R,0.0,R,0.0,R,12
206446,2010,R,317.0,R,620.0,R,51.0,R,271.0,R,0.0,R,271.0,R,156.0,R,58.0,R,60.0,R,0.0,R,60.0,R,20.0,R,33.0,R,16
206482,2010,A,,A,,A,,R,42.0,R,0.0,R,42.0,R,34.0,R,81.0,R,26.0,R,0.0,R,26.0,R,21.0,R,81.0,R,18
206491,2010,R,127.0,R,154.0,R,82.0,R,142.0,R,0.0,R,142.0,R,92.0,R,65.0,R,1.0,R,0.0,R,1.0,R,0.0,R,0.0,R,14
206507,2010,R,285.0,R,415.0,R,69.0,R,335.0,R,0.0,R,335.0,R,234.0,R,70.0,R,0.0,R,0.0,R,0.0,R,0.0,A,,R,14
206525,2010,R,500.0,R,584.0,R,86.0,R,488.0,R,0.0,R,488.0,R,379.0,R,78.0,R,0.0,R,0.0,R,0.0,R,0.0,A,,R,11
206589,2010,R,620.0,R,628.0,R,99.0,R,481.0,R,0.0,R,481.0,R,430.0,R,89.0,R,0.0,R,0.0,R,0.0,R,0.0,A,,R,12
206604,2010,R,2924.0,R,4539.0,R,64.0,R,2624.0,R,0.0,R,2624.0,R,1866.0,R,71.0,R,203.0,R,0.0,R,203.0,R,88.0,R,43.0,R,23
206613,2010,R,231.0,R,728.0,R,32.0,R,178.0,Z,0.0,R,178.0,R,118.0,R,66.0,R,21.0,Z,0.0,R,21.0,R,9.0,R,43.0,R,39
206622,2010,R,1042.0,R,1295.0,R,80.0,R,1178.0,R,0.0,R,1178.0,R,1002.0,R,85.0,R,5.0,R,0.0,R,5.0,R,2.0,R,40.0,R,12
206631,2010,R,83.0,R,107.0,R,78.0,R,0.0,R,0.0,R,0.0,R,0.0,A,,R,0.0,R,0.0,R,0.0,R,0.0,A,,R,19
206695,2010,R,2643.0,R,3645.0,R,73.0,R,2306.0,R,5.0,R,2301.0,R,1587.0,R,69.0,R,215.0,R,0.0,R,215.0,R,99.0,R,46.0,R,19
206783,2010,A,,A,,A,,R,9.0,R,0.0,R,9.0,R,6.0,R,67.0,Z,0.0,Z,0.0,Z,0.0,Z,0.0,A,,R,13
206817,2010,R,255.0,R,566.0,R,45.0,R,134.0,R,0.0,R,134.0,R,67.0,R,50.0,R,2.0,R,0.0,R,2.0,R,2.0,R,100.0,R,15
206835,2010,R,176.0,R,178.0,R,99.0,R,118.0,Z,0.0,R,118.0,R,73.0,R,62.0,R,1.0,Z,0.0,R,1.0,R,0.0,R,0.0,R,19
206862,2010,R,277.0,R,279.0,R,99.0,R,279.0,Z,0.0,R,279.0,R,178.0,R,64.0,R,1.0,Z,0.0,R,1.0,R,1.0,R,100.0,R,17
206880,2010,A,,A,,A,,R,17.0,R,2.0,R,15.0,R,11.0,R,73.0,R,0.0,R,0.0,R,0.0,R,0.0,A,,R,13
206905,2010,A,,A,,A,,R,86.0,R,0.0,R,86.0,R,72.0,R,84.0,R,85.0,R,0.0,R,85.0,R,70.0,R,82.0,R,29
206914,2010,R,903.0,R,1494.0,R,60.0,R,655.0,Z,0.0,R,655.0,R,343.0,R,52.0,R,114.0,Z,0.0,R,114.0,R,49.0,R,43.0,R,22
206923,2010,R,537.0,R,685.0,R,78.0,R,531.0,Z,0.0,R,531.0,R,241.0,R,45.0,R,103.0,Z,0.0,R,103.0,R,69.0,R,67.0,R,17
206932,2010,A,,A,,A,,R,20.0,R,0.0,R,20.0,R,15.0,R,75.0,R,6.0,R,0.0,R,6.0,R,4.0,R,67.0,R,15
206941,2010,R,1782.0,R,4325.0,R,41.0,R,1598.0,R,0.0,R,1598.0,R,1085.0,R,68.0,R,540.0,Z,0.0,R,540.0,R,271.0,R,50.0,R,22
206969,2010,A,,A,,A,,R,7.0,R,0.0,R,7.0,R,7.0,R,100.0,R,0.0,R,0.0,R,0.0,R,0.0,A,,R,12
206996,2010,R,605.0,R,1386.0,R,44.0,R,491.0,Z,0.0,R,491.0,R,250.0,R,51.0,R,148.0,R,26.0,R,122.0,R,52.0,R,43.0,R,29
207041,2010,R,598.0,R,1080.0,R,55.0,R,599.0,R,0.0,R,599.0,R,411.0,R,69.0,R,45.0,R,0.0,R,45.0,R,24.0,R,53.0,R,18
207050,2010,R,404.0,R,557.0,R,73.0,R,435.0,Z,0.0,R,435.0,R,182.0,R,42.0,R,133.0,Z,0.0,R,133.0,R,50.0,R,38.0,R,22
207069,2010,R,234.0,R,712.0,R,33.0,R,200.0,R,0.0,R,200.0,R,113.0,R,57.0,R,185.0,R,0.0,R,185.0,R,57.0,R,31.0,R,24
207087,2010,A,,A,,A,,R,40.0,R,0.0,R,40.0,R,37.0,R,93.0,R,0.0,R,0.0,R,0.0,R,0.0,A,,R,15
207102,2010,A,,A,,A,,R,36.0,R,0.0,R,36.0,R,28.0,R,78.0,Z,0.0,Z,0.0,Z,0.0,Z,0.0,A,,R,15
207157,2010,R,52.0,R,52.0,R,100.0,R,46.0,R,0.0,R,46.0,R,27.0,R,59.0,R,0.0,R,0.0,R,0.0,R,0.0,A,,R,13
207166,2010,A,,A,,A,,R,13.0,R,0.0,R,13.0,R,10.0,R,77.0,Z,0.0,Z,0.0,Z,0.0,Z,0.0,A,,R,15
207209,2010,R,449.0,R,696.0,R,65.0,R,214.0,Z,0.0,R,214.0,R,98.0,R,46.0,R,0.0,Z,0.0,R,0.0,R,0.0,A,,R,14
207236,2010,R,506.0,R,940.0,R,54.0,R,501.0,R,0.0,R,501.0,R,231.0,R,46.0,R,166.0,R,0.0,R,166.0,R,86.0,R,52.0,R,24
207254,2010,A,,A,,A,,R,467.0,R,0.0,R,467.0,R,286.0,R,61.0,R,0.0,R,0.0,R,0.0,R,0.0,A,,R,21
207263,2010,R,1102.0,R,2380.0,R,46.0,R,1050.0,Z,0.0,R,1050.0,R,645.0,R,61.0,R,50.0,Z,0.0,R,50.0,R,25.0,R,50.0,R,20
207272,2010,A,,A,,A,,R,15.0,R,0.0,R,15.0,R,12.0,R,80.0,R,0.0,R,0.0,R,0.0,R,0.0,A,,R,14
207281,2010,R,939.0,R,2077.0,R,45.0,R,909.0,Z,0.0,R,909.0,R,505.0,R,56.0,R,191.0,Z,0.0,R,191.0,R,81.0,R,42.0,R,17
207290,2010,R,732.0,R,1000.0,R,73.0,R,708.0,Z,0.0,R,708.0,R,359.0,R,51.0,R,64.0,Z,0.0,R,64.0,R,29.0,R,45.0,R,23
207306,2010,R,420.0,R,754.0,R,56.0,R,397.0,Z,0.0,R,397.0,R,228.0,R,57.0,R,57.0,Z,0.0,R,57.0,R,3.0,R,5.0,R,17
207324,2010,R,444.0,R,507.0,R,88.0,R,452.0,Z,0.0,R,452.0,R,326.0,R,72.0,R,9.0,Z,0.0,R,9.0,R,4.0,R,44.0,R,14
207342,2010,A,,A,,A,,A,,A,,A,,A,,A,,A,,A,,A,,A,,A,,R,7
207351,2010,R,279.0,R,535.0,R,52.0,R,292.0,Z,0.0,R,292.0,R,160.0,R,55.0,R,5.0,Z,0.0,R,5.0,R,3.0,R,60.0,R,16
207388,2010,R,3401.0,R,4998.0,R,68.0,R,2996.0,Z,0.0,R,2996.0,R,2333.0,R,78.0,R,168.0,Z,0.0,R,168.0,R,105.0,R,63.0,R,19
207397,2010,R,508.0,R,1430.0,R,36.0,R,1.0,R,0.0,R,1.0,R,1.0,R,100.0,R,32.0,R,0.0,R,32.0,R,4.0,R,13.0,R,23
207403,2010,R,406.0,R,554.0,R,73.0,R,377.0,Z,0.0,R,377.0,R,278.0,R,74.0,R,8.0,Z,0.0,R,8.0,R,4.0,R,50.0,R,13
207449,2010,R,1300.0,R,4243.0,R,31.0,R,1425.0,R,0.0,R,1425.0,R,756.0,R,53.0,R,1346.0,R,0.0,R,1346.0,R,515.0,R,38.0,R,29
207458,2010,R,421.0,R,753.0,R,56.0,R,426.0,R,0.0,R,426.0,R,331.0,R,78.0,R,2.0,Z,0.0,R,2.0,R,1.0,R,50.0,R,11
207500,2010,R,3690.0,R,5418.0,R,68.0,R,3704.0,R,0.0,R,3704.0,R,3079.0,R,83.0,R,22.0,R,0.0,R,22.0,R,12.0,R,55.0,R,18
207537,2010,A,,A,,A,,R,21.0,Z,0.0,R,21.0,R,18.0,R,86.0,R,0.0,R,0.0,R,0.0,R,0.0,A,,R,13
207564,2010,R,744.0,R,1937.0,R,38.0,R,746.0,Z,0.0,R,746.0,R,419.0,R,56.0,R,34.0,Z,0.0,R,34.0,R,9.0,R,26.0,R,18
207582,2010,R,410.0,R,653.0,R,63.0,R,496.0,Z,0.0,R,496.0,R,406.0,R,82.0,R,2.0,Z,0.0,R,2.0,R,2.0,R,100.0,R,14
207607,2010,A,,A,,A,,R,27.0,R,0.0,R,27.0,R,26.0,R,96.0,R,22.0,R,0.0,R,22.0,R,21.0,R,95.0,R,4
207625,2010,A,,A,,A,,R,90.0,R,0.0,R,90.0,R,53.0,R,59.0,R,0.0,R,0.0,R,0.0,R,0.0,A,,R,10
207661,2010,R,722.0,R,1222.0,R,59.0,R,238.0,R,0.0,R,238.0,R,138.0,R,58.0,R,14.0,R,0.0,R,14.0,R,5.0,R,36.0,R,21
207670,2010,R,1036.0,R,3740.0,R,28.0,R,1041.0,Z,0.0,R,1041.0,R,502.0,R,48.0,R,649.0,Z,0.0,R,649.0,R,210.0,R,32.0,R,23
207689,2010,R,96.0,R,201.0,R,48.0,R,78.0,Z,0.0,R,78.0,R,38.0,R,49.0,R,0.0,Z,0.0,R,0.0,R,0.0,A,,R,10
207704,2010,A,,A,,A,,R,72.0,Z,0.0,R,72.0,R,58.0,R,81.0,Z,0.0,Z,0.0,Z,0.0,Z,0.0,A,,R,18
207722,2010,R,213.0,R,354.0,R,60.0,R,166.0,Z,0.0,R,166.0,R,109.0,R,66.0,R,3.0,Z,0.0,R,3.0,R,0.0,R,0.0,R,14
207740,2010,R,464.0,R,959.0,R,48.0,R,523.0,R,0.0,R,523.0,R,287.0,R,55.0,R,162.0,R,0.0,R,162.0,R,63.0,R,39.0,R,23
207786,2010,A,,A,,A,,R,27.0,R,0.0,R,27.0,R,25.0,R,93.0,R,0.0,R,0.0,R,0.0,R,0.0,A,,R,27
207847,2010,R,651.0,R,1314.0,R,50.0,R,639.0,Z,0.0,R,639.0,R,351.0,R,55.0,R,34.0,Z,0.0,R,34.0,R,13.0,R,38.0,R,18
207856,2010,R,113.0,R,221.0,R,51.0,R,50.0,Z,0.0,R,50.0,R,33.0,R,66.0,R,0.0,Z,0.0,R,0.0,R,0.0,A,,R,13
207865,2010,R,969.0,R,1378.0,R,70.0,R,695.0,Z,0.0,R,695.0,R,465.0,R,67.0,R,19.0,Z,0.0,R,19.0,R,7.0,R,37.0,R,20
207935,2010,R,1778.0,R,5459.0,R,33.0,R,2312.0,R,0.0,R,2312.0,R,1254.0,R,54.0,R,1681.0,R,0.0,R,1681.0,R,535.0,R,32.0,R,21
207962,2010,A,,A,,A,,R,299.0,R,0.0,R,299.0,R,245.0,R,82.0,R,0.0,R,0.0,R,0.0,R,0.0,A,,R,28
207971,2010,R,663.0,R,848.0,R,78.0,R,688.0,R,0.0,R,688.0,R,583.0,R,85.0,R,2.0,R,0.0,R,2.0,R,2.0,R,100.0,R,11
208017,2010,A,,A,,A,,R,30.0,R,0.0,R,30.0,R,16.0,R,53.0,R,0.0,R,0.0,R,0.0,R,0.0,A,,R,13
208026,2010,A,,A,,A,,R,74.0,R,0.0,R,74.0,R,63.0,R,85.0,R,4.0,R,0.0,R,4.0,R,3.0,R,75.0,R,14
208035,2010,R,341.0,R,3282.0,R,10.0,R,375.0,Z,0.0,R,375.0,R,220.0,R,59.0,R,98.0,Z,0.0,R,98.0,R,34.0,R,35.0,R,33
208044,2010,A,,A,,A,,R,3.0,R,0.0,R,3.0,R,3.0,R,100.0,R,0.0,R,0.0,R,0.0,R,0.0,A,,R,13
208053,2010,A,,A,,A,,R,43.0,R,0.0,R,43.0,R,35.0,R,81.0,R,12.0,R,0.0,R,12.0,R,7.0,R,58.0,R,8
208080,2010,A,,A,,A,,R,17.0,R,0.0,R,17.0,R,10.0,R,59.0,R,0.0,R,0.0,R,0.0,R,0.0,A,,R,18
208123,2010,A,,A,,A,,A,,A,,A,,A,,A,,A,,A,,A,,A,,A,,R,29
208239,2010,R,207.0,R,546.0,R,38.0,R,205.0,Z,0.0,R,205.0,R,117.0,R,57.0,R,73.0,Z,0.0,R,73.0,R,25.0,R,34.0,R,13
208248,2010,A,,A,,A,,R,108.0,R,0.0,R,108.0,R,78.0,R,72.0,R,0.0,R,0.0,R,0.0,R,0.0,A,,R,20
208275,2010,R,294.0,R,1087.0,R,27.0,R,342.0,R,0.0,R,342.0,R,193.0,R,56.0,R,205.0,R,0.0,R,205.0,R,67.0,R,33.0,R,18
208318,2010,R,709.0,R,1757.0,R,40.0,R,626.0,R,0.0,R,626.0,R,364.0,R,58.0,R,599.0,R,0.0,R,599.0,R,262.0,R,44.0,R,27
208390,2010,R,896.0,R,2387.0,R,38.0,R,1081.0,R,0.0,R,1081.0,R,525.0,R,49.0,R,1183.0,R,0.0,R,1183.0,R,329.0,R,28.0,R,27
208406,2010,R,605.0,R,2719.0,R,22.0,R,809.0,R,0.0,R,809.0,R,520.0,R,64.0,R,1308.0,R,0.0,R,1308.0,R,515.0,R,39.0,R,17
208415,2010,R,126.0,R,290.0,R,43.0,R,162.0,R,0.0,R,162.0,R,110.0,R,68.0,R,63.0,R,0.0,R,63.0,R,32.0,R,51.0,R,23
208433,2010,A,,A,,A,,R,18.0,R,0.0,R,18.0,R,10.0,R,56.0,R,0.0,R,0.0,R,0.0,R,0.0,A,,R,23
208479,2010,A,,A,,A,,R,339.0,R,0.0,R,339.0,R,275.0,R,81.0,R,0.0,R,0.0,R,0.0,R,0.0,A,,R,22
208488,2010,R,223.0,R,489.0,R,46.0,R,186.0,R,0.0,R,186.0,R,120.0,R,65.0,R,5.0,R,0.0,R,5.0,R,1.0,R,20.0,R,15
208512,2010,A,,A,,A,,R,27.0,R,0.0,R,27.0,R,22.0,R,81.0,R,40.0,R,0.0,R,40.0,R,35.0,R,88.0,R,13
208637,2010,A,,A,,A,,A,,A,,A,,A,,A,,A,,A,,A,,A,,A,,R,11
208646,2010,R,438.0,R,1272.0,R,34.0,R,436.0,R,0.0,R,436.0,R,291.0,R,67.0,R,37.0,R,0.0,R,37.0,R,13.0,R,35.0,R,26
208655,2010,A,,A,,A,,R,29.0,R,0.0,R,29.0,R,23.0,R,79.0,R,0.0,R,0.0,R,0.0,Z,0.0,A,,R,25
208725,2010,R,33.0,R,61.0,R,54.0,R,38.0,R,0.0,R,38.0,R,20.0,R,53.0,R,1.0,R,0.0,R,1.0,R,0.0,R,0.0,R,10
208822,2010,R,491.0,R,760.0,R,65.0,R,407.0,R,0.0,R,407.0,R,346.0,R,85.0,R,4.0,R,0.0,R,4.0,R,1.0,R,25.0,R,13
208859,2010,A,,A,,A,,R,45.0,R,0.0,R,45.0,R,36.0,R,80.0,Z,0.0,Z,0.0,Z,0.0,Z,0.0,A,,R,8
208965,2010,R,122.0,R,171.0,R,71.0,R,0.0,R,0.0,R,0.0,R,0.0,A,,R,1.0,R,0.0,R,1.0,R,1.0,R,100.0,R,26
209038,2010,R,841.0,R,2452.0,R,34.0,R,1175.0,R,0.0,R,1175.0,R,726.0,R,62.0,R,690.0,R,0.0,R,690.0,R,306.0,R,44.0,R,20
209056,2010,R,493.0,R,620.0,R,80.0,R,498.0,R,0.0,R,498.0,R,412.0,R,83.0,R,0.0,Z,0.0,R,0.0,Z,0.0,A,,R,12
209065,2010,R,528.0,R,635.0,R,83.0,R,422.0,R,0.0,R,422.0,R,333.0,R,79.0,R,0.0,R,0.0,R,0.0,R,0.0,A,,R,12
209074,2010,R,1460.0,R,4056.0,R,36.0,R,1566.0,R,1.0,R,1565.0,R,935.0,R,60.0,R,882.0,R,0.0,R,882.0,R,347.0,R,39.0,R,20
209083,2010,A,,A,,A,,R,16.0,R,0.0,R,16.0,R,11.0,R,69.0,R,0.0,R,0.0,R,0.0,R,0.0,A,,R,15
209108,2010,R,9.0,R,260.0,R,3.0,R,11.0,R,0.0,R,11.0,R,8.0,R,73.0,R,11.0,R,0.0,R,11.0,R,6.0,R,55.0,R,5
209153,2010,A,,A,,A,,R,59.0,R,0.0,R,59.0,R,46.0,R,78.0,R,0.0,R,0.0,R,0.0,R,0.0,A,,R,12
209205,2010,A,,A,,A,,R,35.0,R,0.0,R,35.0,R,23.0,R,66.0,R,0.0,R,0.0,R,0.0,R,0.0,A,,R,15
209241,2010,R,14.0,R,14.0,R,100.0,R,12.0,R,0.0,R,12.0,R,11.0,R,92.0,R,0.0,R,0.0,R,0.0,R,0.0,A,,R,7
209250,2010,R,1373.0,R,3854.0,R,36.0,R,1342.0,Z,0.0,R,1342.0,R,750.0,R,56.0,R,910.0,Z,0.0,R,910.0,R,361.0,R,40.0,R,18
209287,2010,R,85.0,R,195.0,R,44.0,R,77.0,R,0.0,R,77.0,R,51.0,R,66.0,Z,0.0,Z,0.0,Z,0.0,Z,0.0,A,,R,14
209348,2010,A,,A,,A,,A,,A,,A,,A,,A,,A,,A,,A,,A,,A,,R,15
209409,2010,R,75.0,R,128.0,R,59.0,R,78.0,R,0.0,R,78.0,R,56.0,R,72.0,R,0.0,R,0.0,R,0.0,R,0.0,A,,R,18
209490,2010,A,,A,,A,,A,,A,,A,,A,,A,,A,,A,,A,,A,,A,,R,7
209506,2010,R,287.0,R,1373.0,R,21.0,R,355.0,R,0.0,R,355.0,R,250.0,R,70.0,R,12.0,R,0.0,R,12.0,R,3.0,R,25.0,R,20
209533,2010,R,12.0,R,46.0,R,26.0,R,12.0,R,0.0,R,12.0,R,8.0,R,67.0,R,4.0,R,0.0,R,4.0,R,0.0,R,0.0,R,9
209542,2010,R,3481.0,R,5905.0,R,59.0,R,3314.0,R,0.0,R,3314.0,R,2755.0,R,83.0,R,191.0,R,0.0,R,191.0,R,120.0,R,63.0,R,26
209551,2010,R,3915.0,R,5737.0,R,68.0,R,3792.0,R,0.0,R,3792.0,R,3256.0,R,86.0,R,46.0,R,0.0,R,46.0,R,27.0,R,59.0,R,23
209603,2010,R,92.0,R,186.0,R,49.0,R,105.0,R,0.0,R,105.0,R,72.0,R,69.0,R,1.0,R,0.0,R,1.0,R,1.0,R,100.0,R,9
209612,2010,R,475.0,R,641.0,R,74.0,R,333.0,R,0.0,R,333.0,R,271.0,R,81.0,R,0.0,R,0.0,R,0.0,R,0.0,A,,R,11
209667,2010,A,,A,,A,,R,50.0,R,1.0,R,49.0,R,44.0,R,90.0,R,0.0,R,0.0,R,0.0,R,0.0,A,,R,11
209676,2010,A,,A,,A,,R,97.0,R,0.0,R,97.0,R,71.0,R,73.0,R,0.0,R,0.0,R,0.0,R,0.0,A,,R,14
209694,2010,A,,A,,A,,R,55.0,R,0.0,R,55.0,R,44.0,R,80.0,R,0.0,R,0.0,R,0.0,R,0.0,A,,R,13
209700,2010,A,,A,,A,,R,12.0,R,0.0,R,12.0,R,9.0,R,75.0,R,0.0,R,0.0,R,0.0,R,0.0,A,,R,14
209719,2010,A,,A,,A,,R,10.0,R,0.0,R,10.0,R,9.0,R,90.0,R,0.0,R,0.0,R,0.0,R,0.0,A,,R,15
209746,2010,R,1269.0,R,6432.0,R,20.0,R,1428.0,R,0.0,R,1428.0,R,821.0,R,57.0,R,1243.0,R,0.0,R,1243.0,R,501.0,R,40.0,R,21
209807,2010,R,1366.0,R,6253.0,R,22.0,R,1549.0,R,0.0,R,1549.0,R,1091.0,R,70.0,R,125.0,R,0.0,R,125.0,R,53.0,R,42.0,R,21
209825,2010,R,888.0,R,1033.0,R,86.0,R,816.0,R,0.0,R,816.0,R,728.0,R,89.0,R,0.0,R,0.0,R,0.0,R,0.0,A,,R,13
209922,2010,R,372.0,R,429.0,R,87.0,R,367.0,R,0.0,R,367.0,R,330.0,R,90.0,R,0.0,R,0.0,R,0.0,R,0.0,A,,R,10
209940,2010,R,522.0,R,1360.0,R,38.0,R,562.0,R,0.0,R,562.0,R,348.0,R,62.0,R,406.0,R,0.0,R,406.0,R,147.0,R,36.0,R,19
209986,2010,A,,A,,A,,R,5.0,R,0.0,R,5.0,R,5.0,R,100.0,R,0.0,R,0.0,R,0.0,R,0.0,A,,R,9
210076,2010,A,,A,,A,,R,0.0,R,0.0,R,0.0,R,0.0,A,,R,0.0,R,0.0,R,0.0,R,0.0,A,,R,12
210100,2010,A,,A,,A,,R,9.0,R,0.0,R,9.0,R,2.0,R,22.0,R,0.0,R,0.0,R,0.0,R,0.0,A,,R,10
210146,2010,R,720.0,R,2261.0,R,32.0,R,653.0,R,0.0,R,653.0,R,460.0,R,70.0,R,39.0,R,0.0,R,39.0,R,17.0,R,44.0,R,21
210155,2010,R,425.0,R,1192.0,R,36.0,R,465.0,Z,0.0,R,465.0,R,191.0,R,41.0,R,156.0,R,0.0,R,156.0,R,55.0,R,35.0,R,11
210234,2010,R,407.0,R,886.0,R,46.0,R,455.0,R,0.0,R,455.0,R,234.0,R,51.0,R,269.0,R,0.0,R,269.0,R,83.0,R,31.0,R,22
210270,2010,R,266.0,R,450.0,R,59.0,R,349.0,R,3.0,R,346.0,R,197.0,R,57.0,R,152.0,R,0.0,R,152.0,R,48.0,R,32.0,R,20
210304,2010,R,111.0,R,441.0,R,25.0,R,103.0,R,0.0,R,103.0,R,78.0,R,76.0,R,0.0,R,0.0,R,0.0,R,0.0,A,,R,13
210331,2010,R,213.0,R,305.0,R,70.0,R,215.0,R,2.0,R,213.0,R,167.0,R,78.0,R,0.0,R,0.0,R,0.0,R,0.0,A,,R,13
210340,2010,A,,A,,A,,R,34.0,R,0.0,R,34.0,R,17.0,R,50.0,R,0.0,R,0.0,R,0.0,R,0.0,A,,R,13
210359,2010,A,,A,,A,,R,50.0,R,0.0,R,50.0,R,28.0,R,56.0,R,52.0,R,0.0,R,52.0,R,20.0,R,38.0,R,26
210401,2010,R,427.0,R,529.0,R,81.0,R,541.0,Z,0.0,R,541.0,R,484.0,R,89.0,R,0.0,Z,0.0,R,0.0,Z,0.0,A,,R,10
210429,2010,R,1039.0,R,1749.0,R,59.0,R,933.0,R,0.0,R,933.0,R,668.0,R,72.0,R,25.0,R,0.0,R,25.0,R,9.0,R,36.0,R,20
210438,2010,R,9.0,R,20.0,R,45.0,R,0.0,R,0.0,R,0.0,R,0.0,A,,R,0.0,R,0.0,R,0.0,R,0.0,A,,R,11
210456,2010,A,,A,,A,,A,,A,,A,,A,,A,,A,,A,,A,,A,,A,,R,12
210474,2010,A,,A,,A,,R,6.0,R,0.0,R,6.0,R,4.0,R,67.0,R,0.0,R,0.0,R,0.0,R,0.0,A,,R,21
210483,2010,A,,A,,A,,R,163.0,R,0.0,R,163.0,R,144.0,R,88.0,R,0.0,R,0.0,R,0.0,R,0.0,A,,R,19
210492,2010,R,68.0,R,72.0,R,94.0,R,70.0,R,0.0,R,70.0,R,48.0,R,69.0,R,7.0,R,0.0,R,7.0,R,1.0,R,14.0,R,6
210571,2010,R,485.0,R,602.0,R,81.0,R,541.0,Z,0.0,R,541.0,R,407.0,R,75.0,R,0.0,Z,0.0,R,0.0,Z,0.0,A,,R,14
210599,2010,A,,A,,A,,R,195.0,R,0.0,R,195.0,R,181.0,R,93.0,R,0.0,R,0.0,R,0.0,R,0.0,A,,R,9
210605,2010,R,2964.0,R,6091.0,R,49.0,R,3107.0,R,0.0,R,3107.0,R,1762.0,R,57.0,R,1723.0,R,0.0,R,1723.0,R,730.0,R,42.0,R,16
210669,2010,R,596.0,R,651.0,R,92.0,R,580.0,R,0.0,R,580.0,R,500.0,R,86.0,R,3.0,R,0.0,R,3.0,R,2.0,R,67.0,R,12
210711,2010,A,,A,,A,,R,35.0,R,0.0,R,35.0,R,30.0,R,86.0,R,5.0,R,0.0,R,5.0,R,4.0,R,80.0,R,12
210739,2010,R,427.0,R,512.0,R,83.0,R,378.0,R,0.0,R,378.0,R,315.0,R,83.0,R,0.0,R,0.0,R,0.0,R,0.0,A,,R,13
210748,2010,A,,A,,A,,R,35.0,R,0.0,R,35.0,R,29.0,R,83.0,R,23.0,R,1.0,R,22.0,R,20.0,R,91.0,R,11
210775,2010,R,388.0,R,541.0,R,72.0,R,328.0,R,0.0,R,328.0,R,236.0,R,72.0,R,0.0,R,0.0,R,0.0,R,0.0,A,,R,14
210784,2010,A,,A,,A,,R,36.0,R,0.0,R,36.0,R,27.0,R,75.0,R,29.0,R,0.0,R,29.0,R,23.0,R,79.0,R,17
210890,2010,R,77.0,R,116.0,R,66.0,R,131.0,R,0.0,R,131.0,R,99.0,R,76.0,R,2.0,R,0.0,R,2.0,R,2.0,R,100.0,R,25
210906,2010,R,173.0,R,244.0,R,71.0,R,59.0,R,0.0,R,59.0,R,53.0,R,90.0,R,35.0,R,0.0,R,35.0,R,9.0,R,26.0,R,14
210942,2010,R,418.0,R,813.0,R,51.0,R,325.0,R,0.0,R,325.0,R,181.0,R,56.0,R,53.0,R,0.0,R,53.0,R,20.0,R,38.0,R,20
210951,2010,A,,A,,A,,R,70.0,R,1.0,R,69.0,R,60.0,R,87.0,R,0.0,R,0.0,R,0.0,R,0.0,A,,R,9
210960,2010,R,531.0,R,783.0,R,68.0,R,477.0,R,0.0,R,477.0,R,284.0,R,60.0,R,13.0,R,0.0,R,13.0,R,7.0,R,54.0,R,19
211006,2010,A,,A,,A,,R,59.0,R,0.0,R,59.0,R,45.0,R,76.0,R,8.0,R,0.0,R,8.0,R,7.0,R,88.0,R,22
211024,2010,R,101.0,R,178.0,R,57.0,R,104.0,R,0.0,R,104.0,R,72.0,R,69.0,R,8.0,R,0.0,R,8.0,R,5.0,R,63.0,R,14
211079,2010,R,284.0,R,676.0,R,42.0,R,250.0,R,0.0,R,250.0,R,121.0,R,48.0,R,159.0,R,0.0,R,159.0,R,46.0,R,29.0,R,13
211088,2010,R,546.0,R,696.0,R,78.0,R,525.0,R,0.0,R,525.0,R,396.0,R,75.0,R,9.0,R,0.0,R,9.0,R,4.0,R,44.0,R,14
211149,2010,A,,A,,A,,R,28.0,R,0.0,R,28.0,R,22.0,R,79.0,R,0.0,R,0.0,R,0.0,R,0.0,A,,R,11
211158,2010,R,2136.0,R,2755.0,R,78.0,R,2033.0,R,1.0,R,2032.0,R,1645.0,R,81.0,R,7.0,R,0.0,R,7.0,R,2.0,R,29.0,R,22
211200,2010,R,289.0,R,289.0,R,100.0,R,279.0,R,0.0,R,279.0,R,257.0,R,92.0,R,0.0,R,0.0,R,0.0,R,0.0,A,,R,30
211273,2010,R,369.0,R,376.0,R,98.0,R,362.0,R,0.0,R,362.0,R,336.0,R,93.0,R,0.0,R,0.0,R,0.0,R,0.0,A,,R,8
211291,2010,R,929.0,R,980.0,R,95.0,R,920.0,R,0.0,R,920.0,R,869.0,R,94.0,R,0.0,Z,0.0,R,0.0,Z,0.0,A,,R,10
211307,2010,R,1566.0,R,3937.0,R,40.0,R,2094.0,Z,0.0,R,2094.0,R,1278.0,R,61.0,R,1080.0,Z,0.0,R,1080.0,R,381.0,R,35.0,R,19
211316,2010,A,,A,,A,,R,17.0,R,0.0,R,17.0,R,14.0,R,82.0,R,6.0,R,0.0,R,6.0,R,6.0,R,100.0,R,7
211334,2010,A,,A,,A,,R,39.0,R,0.0,R,39.0,R,28.0,R,72.0,R,0.0,R,0.0,R,0.0,R,0.0,A,,R,19
211343,2010,R,888.0,R,1679.0,R,53.0,R,1072.0,Z,0.0,R,1072.0,R,569.0,R,53.0,R,644.0,Z,0.0,R,644.0,R,187.0,R,29.0,R,18
211352,2010,R,339.0,R,470.0,R,72.0,R,357.0,Z,0.0,R,357.0,R,242.0,R,68.0,R,0.0,Z,0.0,R,0.0,R,0.0,A,,R,19
211361,2010,R,1351.0,R,2162.0,R,62.0,R,940.0,R,0.0,R,940.0,R,691.0,R,74.0,R,11.0,R,0.0,R,11.0,R,5.0,R,45.0,R,26
211398,2010,R,45.0,R,46.0,R,98.0,R,56.0,R,0.0,R,56.0,R,35.0,R,63.0,R,0.0,R,0.0,R,0.0,R,0.0,A,,R,15
211431,2010,R,188.0,R,841.0,R,22.0,R,250.0,R,0.0,R,250.0,R,162.0,R,65.0,R,7.0,R,0.0,R,7.0,R,3.0,R,43.0,R,10
211440,2010,R,1486.0,R,1561.0,R,95.0,R,1423.0,R,11.0,R,1412.0,R,1360.0,R,96.0,R,0.0,R,0.0,R,0.0,R,0.0,A,,R,12
211468,2010,R,91.0,R,235.0,R,39.0,R,195.0,Z,0.0,R,195.0,R,139.0,R,71.0,R,1.0,Z,0.0,R,1.0,R,1.0,R,100.0,R,10
211477,2010,R,156.0,R,212.0,R,74.0,R,93.0,R,1.0,R,92.0,R,56.0,R,61.0,R,130.0,Z,0.0,R,130.0,R,60.0,R,46.0,R,18
211556,2010,R,150.0,R,341.0,R,44.0,R,131.0,R,0.0,R,131.0,R,95.0,R,73.0,R,0.0,R,0.0,R,0.0,R,0.0,A,,R,10
211583,2010,R,218.0,R,532.0,R,41.0,R,273.0,R,0.0,R,273.0,R,184.0,R,67.0,R,0.0,R,0.0,R,0.0,R,0.0,A,,R,10
211608,2010,R,472.0,R,668.0,R,71.0,R,372.0,R,0.0,R,372.0,R,205.0,R,55.0,R,5.0,R,0.0,R,5.0,R,1.0,R,20.0,R,16
211617,2010,A,,A,,A,,R,329.0,Z,0.0,R,329.0,R,179.0,R,54.0,R,0.0,Z,0.0,R,0.0,R,0.0,A,,R,33
211635,2010,A,,A,,A,,R,3.0,Z,0.0,R,3.0,R,3.0,R,100.0,Z,0.0,Z,0.0,Z,0.0,Z,0.0,A,,R,10
211644,2010,R,1313.0,R,1963.0,R,67.0,R,1286.0,R,4.0,R,1282.0,R,920.0,R,72.0,R,10.0,R,0.0,R,10.0,R,4.0,R,40.0,R,21
211750,2010,A,,A,,A,,R,212.0,R,0.0,R,212.0,R,197.0,R,93.0,R,0.0,R,0.0,R,0.0,R,0.0,A,,R,16
211802,2010,A,,A,,A,,A,,A,,A,,A,,A,,A,,A,,A,,A,,A,,R,7
211820,2010,A,,A,,A,,R,79.0,Z,0.0,R,79.0,R,57.0,R,72.0,Z,0.0,Z,0.0,Z,0.0,Z,0.0,A,,R,15
211893,2010,R,20.0,R,26.0,R,77.0,R,22.0,R,0.0,R,22.0,R,21.0,R,95.0,R,0.0,R,0.0,R,0.0,R,0.0,A,,R,2
211909,2010,R,54.0,R,64.0,R,84.0,R,55.0,R,0.0,R,55.0,R,53.0,R,96.0,R,11.0,R,0.0,R,11.0,R,10.0,R,91.0,R,12
211927,2010,R,1709.0,R,4246.0,R,40.0,R,1634.0,R,0.0,R,1634.0,R,1014.0,R,62.0,R,936.0,R,0.0,R,936.0,R,366.0,R,39.0,R,22
211954,2010,A,,A,,A,,R,103.0,R,0.0,R,103.0,R,66.0,R,64.0,R,0.0,R,0.0,R,0.0,R,0.0,A,,R,12
211981,2010,R,494.0,R,671.0,R,74.0,R,451.0,R,1.0,R,450.0,R,320.0,R,71.0,R,0.0,R,0.0,R,0.0,R,0.0,A,,R,15
212009,2010,R,657.0,R,719.0,R,91.0,R,581.0,R,0.0,R,581.0,R,522.0,R,90.0,R,0.0,R,0.0,R,0.0,R,0.0,A,,R,10
212045,2010,R,104.0,R,104.0,R,100.0,R,144.0,R,0.0,R,144.0,R,122.0,R,85.0,R,0.0,R,0.0,R,0.0,R,0.0,A,,R,15
212054,2010,R,2713.0,R,4154.0,R,65.0,R,2268.0,R,2.0,R,2266.0,R,1891.0,R,83.0,R,58.0,R,0.0,R,58.0,R,39.0,R,67.0,R,10
212072,2010,R,54.0,R,74.0,R,73.0,R,50.0,R,0.0,R,50.0,R,40.0,R,80.0,R,1.0,R,0.0,R,1.0,R,1.0,R,100.0,R,12
212090,2010,A,,A,,A,,R,105.0,R,0.0,R,105.0,R,51.0,R,49.0,R,59.0,R,0.0,R,59.0,R,26.0,R,44.0,R,39
212106,2010,R,1416.0,R,1571.0,R,90.0,R,1263.0,R,0.0,R,1263.0,R,1052.0,R,83.0,R,2.0,R,0.0,R,2.0,R,2.0,R,100.0,R,14
212115,2010,R,1144.0,R,1828.0,R,63.0,R,1341.0,R,0.0,R,1341.0,R,1039.0,R,77.0,R,16.0,R,0.0,R,16.0,R,4.0,R,25.0,R,21
212133,2010,R,354.0,R,579.0,R,61.0,R,408.0,R,0.0,R,408.0,R,311.0,R,76.0,R,0.0,R,0.0,R,0.0,R,0.0,A,,R,13
212160,2010,R,1551.0,R,2077.0,R,75.0,R,1082.0,R,1.0,R,1081.0,R,778.0,R,72.0,R,10.0,R,0.0,R,10.0,R,4.0,R,40.0,R,20
212197,2010,R,491.0,R,574.0,R,86.0,R,547.0,R,1.0,R,546.0,R,480.0,R,88.0,Z,0.0,Z,0.0,Z,0.0,Z,0.0,A,,R,12
212212,2010,A,,A,,A,,R,10.0,Z,0.0,R,10.0,R,9.0,R,90.0,Z,0.0,Z,0.0,Z,0.0,Z,0.0,A,,R,17
212230,2010,A,,A,,A,,R,26.0,Z,0.0,R,26.0,R,21.0,R,81.0,Z,0.0,Z,0.0,Z,0.0,Z,0.0,A,,R,19
212267,2010,A,,A,,A,,R,54.0,Z,0.0,R,54.0,R,31.0,R,57.0,R,13.0,Z,0.0,R,13.0,R,6.0,R,46.0,R,19
212276,2010,A,,A,,A,,R,39.0,Z,0.0,R,39.0,R,25.0,R,64.0,R,11.0,Z,0.0,R,11.0,R,6.0,R,55.0,R,25
212285,2010,A,,A,,A,,R,27.0,Z,0.0,R,27.0,R,16.0,R,59.0,R,2.0,Z,0.0,R,2.0,R,2.0,R,100.0,R,16
212294,2010,A,,A,,A,,R,26.0,Z,0.0,R,26.0,R,22.0,R,85.0,R,2.0,Z,0.0,R,2.0,R,2.0,R,100.0,R,14
212300,2010,A,,A,,A,,R,23.0,Z,0.0,R,23.0,R,16.0,R,70.0,Z,0.0,Z,0.0,Z,0.0,Z,0.0,A,,R,22
212328,2010,A,,A,,A,,R,47.0,Z,0.0,R,47.0,R,33.0,R,70.0,R,12.0,Z,0.0,R,12.0,R,10.0,R,83.0,R,17
212337,2010,A,,A,,A,,R,24.0,Z,0.0,R,24.0,R,15.0,R,63.0,R,4.0,Z,0.0,R,4.0,R,2.0,R,50.0,R,15
212355,2010,A,,A,,A,,R,56.0,Z,0.0,R,56.0,R,41.0,R,73.0,R,10.0,Z,0.0,R,10.0,R,9.0,R,90.0,R,17
212373,2010,A,,A,,A,,R,38.0,Z,0.0,R,38.0,R,28.0,R,74.0,R,4.0,Z,0.0,R,4.0,R,3.0,R,75.0,R,15
212382,2010,A,,A,,A,,R,42.0,Z,0.0,R,42.0,R,34.0,R,81.0,R,16.0,Z,0.0,R,16.0,R,6.0,R,38.0,R,18
212391,2010,A,,A,,A,,R,33.0,Z,0.0,R,33.0,R,23.0,R,70.0,R,8.0,Z,0.0,R,8.0,R,5.0,R,63.0,R,19
212425,2010,R,68.0,R,89.0,R,76.0,R,92.0,Z,0.0,R,92.0,R,59.0,R,64.0,R,24.0,Z,0.0,R,24.0,R,19.0,R,79.0,R,9
212434,2010,R,89.0,R,89.0,R,100.0,R,90.0,R,6.0,R,84.0,R,54.0,R,64.0,R,0.0,R,0.0,R,0.0,R,0.0,A,,R,10
212568,2010,A,,A,,A,,R,6.0,R,1.0,R,5.0,R,5.0,R,100.0,R,0.0,R,0.0,R,0.0,R,0.0,A,,R,11
212577,2010,R,632.0,R,691.0,R,91.0,R,629.0,R,0.0,R,629.0,R,589.0,R,94.0,R,0.0,R,0.0,R,0.0,R,0.0,A,,R,10
212601,2010,R,619.0,R,1076.0,R,58.0,R,627.0,R,0.0,R,627.0,R,499.0,R,80.0,R,10.0,R,0.0,R,10.0,R,2.0,R,20.0,R,14
212656,2010,R,412.0,R,487.0,R,85.0,R,337.0,R,1.0,R,336.0,R,254.0,R,76.0,R,1.0,R,0.0,R,1.0,R,1.0,R,100.0,R,14
212674,2010,R,720.0,R,740.0,R,97.0,R,739.0,R,0.0,R,739.0,R,660.0,R,89.0,R,0.0,R,0.0,R,0.0,R,0.0,A,,R,10
212683,2010,A,,A,,A,,R,27.0,Z,0.0,R,27.0,R,19.0,R,70.0,R,9.0,Z,0.0,R,9.0,R,5.0,R,56.0,R,17
212708,2010,A,,A,,A,,R,33.0,Z,0.0,R,33.0,R,23.0,R,70.0,R,5.0,Z,0.0,R,5.0,R,2.0,R,40.0,R,22
212753,2010,A,,A,,A,,R,67.0,Z,0.0,R,67.0,R,49.0,R,73.0,R,14.0,Z,0.0,R,14.0,R,11.0,R,79.0,R,23
212771,2010,A,,A,,A,,R,0.0,R,0.0,R,0.0,R,0.0,A,,R,0.0,R,0.0,R,0.0,R,0.0,A,,R,7
212805,2010,R,650.0,R,687.0,R,95.0,R,633.0,R,0.0,R,633.0,R,578.0,R,91.0,R,0.0,R,0.0,R,0.0,R,0.0,A,,R,16
212832,2010,R,284.0,R,496.0,R,57.0,R,105.0,R,0.0,R,105.0,R,84.0,R,80.0,R,1.0,R,0.0,R,1.0,R,0.0,R,0.0,R,12
212869,2010,R,263.0,R,725.0,R,36.0,R,208.0,R,0.0,R,208.0,R,132.0,R,63.0,R,27.0,R,0.0,R,27.0,R,11.0,R,41.0,R,15
212878,2010,R,1246.0,R,6651.0,R,19.0,R,1448.0,R,0.0,R,1448.0,R,744.0,R,51.0,R,797.0,R,0.0,R,797.0,R,385.0,R,48.0,R,20
212911,2010,R,325.0,R,334.0,R,97.0,R,323.0,R,0.0,R,323.0,R,310.0,R,96.0,R,0.0,R,0.0,R,0.0,R,0.0,A,,R,8
212975,2010,R,108.0,R,108.0,R,100.0,R,92.0,R,8.0,R,84.0,R,67.0,R,80.0,R,0.0,R,0.0,R,0.0,Z,0.0,A,,R,8
212984,2010,R,333.0,R,583.0,R,57.0,R,378.0,R,0.0,R,378.0,R,282.0,R,75.0,R,2.0,R,0.0,R,2.0,R,1.0,R,50.0,R,13
212993,2010,R,52.0,R,53.0,R,98.0,R,40.0,R,0.0,R,40.0,R,30.0,R,75.0,R,0.0,R,0.0,R,0.0,R,0.0,A,,R,17
213002,2010,A,,A,,A,,R,126.0,Z,0.0,R,126.0,R,62.0,R,49.0,R,157.0,Z,0.0,R,157.0,R,31.0,R,20.0,R,27
213011,2010,R,272.0,R,894.0,R,30.0,R,212.0,R,0.0,R,212.0,R,176.0,R,83.0,Z,0.0,Z,0.0,Z,0.0,Z,0.0,A,,R,10
213020,2010,R,2986.0,R,3818.0,R,78.0,R,2983.0,R,3.0,R,2980.0,R,2297.0,R,77.0,R,33.0,R,0.0,R,33.0,R,19.0,R,58.0,R,21
213057,2010,R,81.0,R,137.0,R,59.0,R,160.0,R,0.0,R,160.0,R,59.0,R,37.0,R,142.0,R,0.0,R,142.0,R,45.0,R,32.0,R,11
213163,2010,A,,A,,A,,A,,A,,A,,A,,A,,A,,A,,A,,A,,A,,R,7
213181,2010,A,,A,,A,,R,291.0,R,0.0,R,291.0,R,244.0,R,84.0,R,0.0,R,0.0,R,0.0,R,0.0,A,,R,23
213215,2010,A,,A,,A,,R,13.0,R,0.0,R,13.0,R,8.0,R,62.0,R,7.0,R,0.0,R,7.0,R,1.0,R,14.0,R,21
213233,2010,R,174.0,R,259.0,R,67.0,R,183.0,R,0.0,R,183.0,R,147.0,R,80.0,R,0.0,Z,0.0,R,0.0,Z,0.0,A,,R,15
213251,2010,R,421.0,R,533.0,R,79.0,R,366.0,R,0.0,R,366.0,R,306.0,R,84.0,R,0.0,R,0.0,R,0.0,R,0.0,A,,R,13
213303,2010,R,344.0,R,525.0,R,66.0,R,193.0,R,0.0,R,193.0,R,126.0,R,65.0,R,8.0,R,0.0,R,8.0,R,3.0,R,38.0,R,11
213312,2010,A,,A,,A,,R,74.0,R,1.0,R,73.0,R,37.0,R,51.0,R,0.0,R,0.0,R,0.0,R,0.0,A,,R,34
213321,2010,R,528.0,R,619.0,R,85.0,R,496.0,R,0.0,R,496.0,R,394.0,R,79.0,Z,0.0,Z,0.0,Z,0.0,Z,0.0,A,,R,13
213330,2010,A,,A,,A,,R,16.0,R,0.0,R,16.0,R,9.0,R,56.0,Z,0.0,Z,0.0,Z,0.0,Z,0.0,A,,R,14
213349,2010,R,2010.0,R,3056.0,R,66.0,R,1986.0,R,1.0,R,1985.0,R,1524.0,R,77.0,R,3.0,R,0.0,R,3.0,R,0.0,R,0.0,R,22
213358,2010,R,271.0,R,514.0,R,53.0,R,185.0,R,0.0,R,185.0,R,128.0,R,69.0,R,2.0,R,0.0,R,2.0,R,2.0,R,100.0,R,12
213367,2010,R,916.0,R,1273.0,R,72.0,R,948.0,R,1.0,R,947.0,R,744.0,R,79.0,R,62.0,R,0.0,R,62.0,R,48.0,R,77.0,R,13
213376,2010,R,351.0,R,645.0,R,54.0,R,386.0,R,0.0,R,386.0,R,202.0,R,52.0,R,47.0,R,0.0,R,47.0,R,16.0,R,34.0,R,10
213385,2010,R,647.0,R,687.0,R,94.0,R,616.0,R,0.0,R,616.0,R,576.0,R,94.0,R,0.0,R,0.0,R,0.0,R,0.0,A,,R,10
213400,2010,R,142.0,R,309.0,R,46.0,R,118.0,R,0.0,R,118.0,R,93.0,R,79.0,R,1.0,R,0.0,R,1.0,R,1.0,R,100.0,R,13
213455,2010,A,,A,,A,,R,25.0,R,0.0,R,25.0,R,24.0,R,96.0,R,115.0,R,0.0,R,115.0,R,102.0,R,89.0,R,16
213473,2010,R,64.0,R,117.0,R,55.0,R,64.0,Z,0.0,R,64.0,R,44.0,R,69.0,R,53.0,R,0.0,R,53.0,R,51.0,R,96.0,R,16
213491,2010,A,,A,,A,,R,29.0,R,0.0,R,29.0,R,26.0,R,90.0,R,13.0,R,0.0,R,13.0,R,11.0,R,85.0,R,19
213507,2010,R,460.0,R,541.0,R,85.0,R,378.0,R,0.0,R,378.0,R,315.0,R,83.0,R,0.0,R,0.0,R,0.0,R,0.0,A,,R,13
213525,2010,R,1093.0,R,3339.0,R,33.0,R,1476.0,R,0.0,R,1476.0,R,831.0,R,56.0,R,751.0,R,0.0,R,751.0,R,250.0,R,33.0,R,21
213534,2010,R,211.0,R,230.0,R,92.0,R,93.0,R,0.0,R,93.0,R,63.0,R,68.0,R,36.0,R,0.0,R,36.0,R,9.0,R,25.0,R,17
213543,2010,R,1212.0,R,1261.0,R,96.0,R,1193.0,R,0.0,R,1193.0,R,1115.0,R,93.0,R,0.0,R,0.0,R,0.0,R,0.0,A,,R,10
213552,2010,A,,A,,A,,R,17.0,R,1.0,R,16.0,R,14.0,R,88.0,R,12.0,Z,0.0,R,12.0,R,11.0,R,92.0,R,14
213570,2010,A,,A,,A,,R,197.0,R,0.0,R,197.0,R,130.0,R,66.0,R,0.0,R,0.0,R,0.0,R,0.0,A,,R,30
213589,2010,A,,A,,A,,R,163.0,R,0.0,R,163.0,R,110.0,R,67.0,R,49.0,R,0.0,R,49.0,R,39.0,R,80.0,R,32
213598,2010,R,382.0,R,519.0,R,74.0,R,579.0,R,0.0,R,579.0,R,436.0,R,75.0,R,4.0,R,0.0,R,4.0,R,3.0,R,75.0,R,16
213613,2010,R,1186.0,R,1529.0,R,78.0,R,1129.0,R,0.0,R,1129.0,R,780.0,R,69.0,R,12.0,R,0.0,R,12.0,R,4.0,R,33.0,R,22
213622,2010,A,,A,,A,,R,16.0,Z,0.0,R,16.0,R,12.0,R,75.0,Z,0.0,Z,0.0,Z,0.0,Z,0.0,A,,R,8
213659,2010,R,1331.0,R,2568.0,R,52.0,R,1419.0,R,3.0,R,1416.0,R,817.0,R,58.0,R,435.0,R,1.0,R,434.0,R,153.0,R,35.0,R,19
213668,2010,R,346.0,R,393.0,R,88.0,R,386.0,R,2.0,R,384.0,R,296.0,R,77.0,R,0.0,Z,0.0,R,0.0,Z,0.0,A,,R,13
213686,2010,R,26.0,R,29.0,R,90.0,R,32.0,R,0.0,R,32.0,R,24.0,R,75.0,R,2.0,R,0.0,R,2.0,R,1.0,R,50.0,R,17
213774,2010,R,157.0,R,452.0,R,35.0,R,147.0,R,0.0,R,147.0,R,91.0,R,62.0,R,12.0,R,0.0,R,12.0,R,8.0,R,67.0,R,9
213783,2010,R,636.0,R,913.0,R,70.0,R,573.0,R,5.0,R,568.0,R,397.0,R,70.0,R,3.0,R,0.0,R,3.0,R,2.0,R,67.0,R,17
213826,2010,R,452.0,R,686.0,R,66.0,R,414.0,R,1.0,R,413.0,R,336.0,R,81.0,R,1.0,R,0.0,R,1.0,R,1.0,R,100.0,R,14
213914,2010,R,117.0,R,180.0,R,65.0,R,133.0,R,0.0,R,133.0,R,84.0,R,63.0,Z,0.0,Z,0.0,Z,0.0,Z,0.0,A,,R,36
213932,2010,A,,A,,A,,A,,A,,A,,A,,A,,A,,A,,A,,A,,A,,R,7
213987,2010,R,932.0,R,1316.0,R,71.0,R,667.0,R,0.0,R,667.0,R,533.0,R,80.0,R,2.0,R,0.0,R,2.0,R,1.0,R,50.0,R,16
213996,2010,R,721.0,R,838.0,R,86.0,R,698.0,R,0.0,R,698.0,R,594.0,R,85.0,R,0.0,R,0.0,R,0.0,R,0.0,A,,R,13
214023,2010,R,39.0,R,72.0,R,54.0,R,29.0,R,0.0,R,29.0,R,23.0,R,79.0,R,7.0,R,0.0,R,7.0,R,6.0,R,86.0,R,16
214041,2010,R,1315.0,R,2057.0,R,64.0,R,1307.0,R,0.0,R,1307.0,R,1065.0,R,81.0,R,16.0,R,0.0,R,16.0,R,9.0,R,56.0,R,23
214069,2010,R,375.0,R,518.0,R,72.0,R,371.0,R,0.0,R,371.0,R,300.0,R,81.0,R,10.0,R,0.0,R,10.0,R,8.0,R,80.0,R,12
214111,2010,R,1427.0,R,3371.0,R,42.0,R,1484.0,R,0.0,R,1484.0,R,902.0,R,61.0,R,830.0,R,0.0,R,830.0,R,316.0,R,38.0,R,22
214148,2010,R,85.0,R,153.0,R,56.0,R,100.0,R,0.0,R,100.0,R,80.0,R,80.0,R,1.0,R,0.0,R,1.0,R,1.0,R,100.0,R,8
214157,2010,R,373.0,R,524.0,R,71.0,R,379.0,R,0.0,R,379.0,R,305.0,R,80.0,R,0.0,R,0.0,R,0.0,R,0.0,A,,R,10
214166,2010,R,355.0,R,580.0,R,61.0,R,191.0,R,0.0,R,191.0,R,118.0,R,62.0,R,0.0,R,0.0,R,0.0,R,0.0,A,,R,14
214175,2010,R,603.0,R,649.0,R,93.0,R,577.0,R,0.0,R,577.0,R,535.0,R,93.0,R,0.0,R,0.0,R,0.0,R,0.0,A,,R,12
214254,2010,A,,A,,A,,R,442.0,Z,0.0,R,442.0,R,189.0,R,43.0,Z,0.0,Z,0.0,Z,0.0,Z,0.0,A,,R,53
214272,2010,R,547.0,R,661.0,R,83.0,R,520.0,R,0.0,R,520.0,R,380.0,R,73.0,R,0.0,R,0.0,R,0.0,R,0.0,A,,R,13
214290,2010,A,,A,,A,,R,254.0,R,0.0,R,254.0,R,181.0,R,71.0,R,0.0,Z,0.0,R,0.0,Z,0.0,A,,R,22
214315,2010,R,19.0,R,38.0,R,50.0,R,15.0,R,0.0,R,15.0,R,10.0,R,67.0,R,0.0,R,0.0,R,0.0,R,0.0,A,,R,8
214379,2010,R,1765.0,R,6320.0,R,28.0,R,1931.0,R,0.0,R,1931.0,R,1153.0,R,60.0,R,693.0,R,0.0,R,693.0,R,310.0,R,45.0,R,22
214476,2010,A,,A,,A,,R,5.0,R,0.0,R,5.0,R,4.0,R,80.0,R,1.0,R,0.0,R,1.0,R,0.0,R,0.0,R,28
214528,2010,A,,A,,A,,R,140.0,R,1.0,R,139.0,R,94.0,R,68.0,R,52.0,R,0.0,R,52.0,R,32.0,R,62.0,R,15
214546,2010,A,,A,,A,,R,32.0,R,0.0,R,32.0,R,30.0,R,94.0,R,8.0,R,0.0,R,8.0,R,6.0,R,75.0,R,14
214582,2010,R,416.0,R,438.0,R,95.0,R,499.0,Z,0.0,R,499.0,R,241.0,R,48.0,R,27.0,Z,0.0,R,27.0,R,15.0,R,56.0,R,12
214591,2010,R,1022.0,R,1242.0,R,82.0,R,1058.0,R,0.0,R,1058.0,R,884.0,R,84.0,R,3.0,R,0.0,R,3.0,R,1.0,R,33.0,R,17
214625,2010,R,222.0,R,350.0,R,63.0,R,147.0,R,0.0,R,147.0,R,110.0,R,75.0,R,5.0,R,0.0,R,5.0,R,0.0,R,0.0,R,13
214634,2010,R,101.0,R,229.0,R,44.0,R,76.0,R,0.0,R,76.0,R,44.0,R,58.0,R,6.0,R,0.0,R,6.0,R,4.0,R,67.0,R,12
214643,2010,R,207.0,R,300.0,R,69.0,R,185.0,R,0.0,R,185.0,R,148.0,R,80.0,R,2.0,R,0.0,R,2.0,R,0.0,R,0.0,R,15
214652,2010,R,356.0,R,499.0,R,71.0,R,307.0,R,0.0,R,307.0,R,213.0,R,69.0,R,4.0,R,0.0,R,4.0,R,1.0,R,25.0,R,17
214670,2010,R,271.0,R,472.0,R,57.0,R,217.0,R,0.0,R,217.0,R,156.0,R,72.0,R,1.0,R,0.0,R,1.0,R,0.0,R,0.0,R,15
214689,2010,R,1435.0,R,1585.0,R,91.0,R,1493.0,R,0.0,R,1493.0,R,1290.0,R,86.0,R,1.0,R,0.0,R,1.0,R,0.0,R,0.0,R,17
214698,2010,R,269.0,R,481.0,R,56.0,R,238.0,R,0.0,R,238.0,R,160.0,R,67.0,R,2.0,R,0.0,R,2.0,R,2.0,R,100.0,R,18
214704,2010,R,881.0,R,1105.0,R,80.0,R,739.0,R,0.0,R,739.0,R,613.0,R,83.0,R,7.0,R,0.0,R,7.0,R,3.0,R,43.0,R,17
214713,2010,R,524.0,R,905.0,R,58.0,R,469.0,R,0.0,R,469.0,R,397.0,R,85.0,R,6.0,R,0.0,R,6.0,R,2.0,R,33.0,R,13
214731,2010,R,385.0,R,545.0,R,71.0,R,388.0,R,0.0,R,388.0,R,283.0,R,73.0,R,2.0,R,0.0,R,2.0,R,2.0,R,100.0,R,17
214740,2010,R,200.0,R,340.0,R,59.0,R,142.0,R,0.0,R,142.0,R,103.0,R,73.0,R,1.0,R,0.0,R,1.0,R,0.0,R,0.0,R,13
214759,2010,R,239.0,R,380.0,R,63.0,R,145.0,R,0.0,R,145.0,R,111.0,R,77.0,R,1.0,R,0.0,R,1.0,R,1.0,R,100.0,R,13
214768,2010,R,542.0,R,628.0,R,86.0,R,515.0,R,0.0,R,515.0,R,416.0,R,81.0,R,2.0,R,0.0,R,2.0,R,1.0,R,50.0,R,20
214777,2010,R,7248.0,R,8074.0,R,90.0,R,6539.0,R,2.0,R,6537.0,R,6044.0,R,92.0,R,15.0,R,0.0,R,15.0,R,12.0,R,80.0,R,17
214786,2010,R,276.0,R,375.0,R,74.0,R,249.0,R,0.0,R,249.0,R,172.0,R,69.0,R,5.0,R,0.0,R,5.0,R,2.0,R,40.0,R,15
214795,2010,R,398.0,R,579.0,R,69.0,R,325.0,R,0.0,R,325.0,R,256.0,R,79.0,R,6.0,R,0.0,R,6.0,R,2.0,R,33.0,R,13
214801,2010,R,828.0,R,1168.0,R,71.0,R,817.0,R,0.0,R,817.0,R,622.0,R,76.0,R,3.0,R,0.0,R,3.0,R,2.0,R,67.0,R,20
214810,2010,R,376.0,R,481.0,R,78.0,R,301.0,R,0.0,R,301.0,R,222.0,R,74.0,R,0.0,R,0.0,R,0.0,R,0.0,A,,R,17
214829,2010,R,316.0,R,545.0,R,58.0,R,285.0,R,0.0,R,285.0,R,217.0,R,76.0,R,7.0,R,0.0,R,7.0,R,3.0,R,43.0,R,15
214838,2010,R,29.0,R,71.0,R,41.0,R,44.0,R,0.0,R,44.0,R,31.0,R,70.0,R,0.0,R,0.0,R,0.0,R,0.0,A,,R,15
214883,2010,R,19.0,R,460.0,R,4.0,R,2.0,R,0.0,R,2.0,R,2.0,R,100.0,R,2.0,R,0.0,R,2.0,R,2.0,R,100.0,R,17
214892,2010,R,169.0,R,169.0,R,100.0,R,162.0,R,0.0,R,162.0,R,95.0,R,59.0,Z,0.0,Z,0.0,Z,0.0,Z,0.0,A,,R,15
214944,2010,A,,A,,A,,R,210.0,R,0.0,R,210.0,R,158.0,R,75.0,R,39.0,R,0.0,R,39.0,R,26.0,R,67.0,R,15
214962,2010,A,,A,,A,,R,19.0,R,0.0,R,19.0,R,11.0,R,58.0,R,1.0,R,0.0,R,1.0,R,1.0,R,100.0,R,8
214971,2010,R,39.0,R,75.0,R,52.0,R,37.0,R,0.0,R,37.0,R,29.0,R,78.0,R,0.0,R,0.0,R,0.0,R,0.0,A,,R,8
215008,2010,A,,A,,A,,R,14.0,R,0.0,R,14.0,R,11.0,R,79.0,R,0.0,R,0.0,R,0.0,R,0.0,A,,R,14
215026,2010,A,,A,,A,,R,6.0,R,0.0,R,6.0,R,4.0,R,67.0,R,0.0,R,0.0,R,0.0,R,0.0,A,,R,9
215044,2010,A,,A,,A,,A,,A,,A,,A,,A,,A,,A,,A,,A,,A,,R,20
215053,2010,R,87.0,R,119.0,R,73.0,R,69.0,R,0.0,R,69.0,R,41.0,R,59.0,R,0.0,R,0.0,R,0.0,R,0.0,A,,R,10
215062,2010,R,2370.0,R,3266.0,R,73.0,R,2402.0,R,0.0,R,2402.0,R,2362.0,R,98.0,R,52.0,R,0.0,R,52.0,R,48.0,R,92.0,R,6
215099,2010,R,702.0,R,822.0,R,85.0,R,717.0,R,0.0,R,717.0,R,566.0,R,79.0,R,2.0,R,0.0,R,2.0,R,0.0,R,0.0,R,14
215105,2010,R,505.0,R,620.0,R,81.0,R,473.0,R,2.0,R,471.0,R,384.0,R,82.0,R,0.0,R,0.0,R,0.0,R,0.0,A,,R,10
215114,2010,R,142.0,R,235.0,R,60.0,R,144.0,R,0.0,R,144.0,R,109.0,R,76.0,R,4.0,R,0.0,R,4.0,R,2.0,R,50.0,R,14
215132,2010,R,467.0,R,517.0,R,90.0,R,513.0,R,0.0,R,513.0,R,435.0,R,85.0,R,0.0,Z,0.0,R,0.0,Z,0.0,A,,R,13
215239,2010,R,1858.0,R,5096.0,R,36.0,R,1848.0,R,0.0,R,1848.0,R,1016.0,R,55.0,R,1981.0,R,0.0,R,1981.0,R,872.0,R,44.0,R,16
215266,2010,R,348.0,R,511.0,R,68.0,R,397.0,R,0.0,R,397.0,R,270.0,R,68.0,R,5.0,R,0.0,R,5.0,R,2.0,R,40.0,R,19
215275,2010,R,409.0,R,595.0,R,69.0,R,410.0,R,0.0,R,410.0,R,319.0,R,78.0,R,0.0,R,0.0,R,0.0,R,0.0,A,,R,21
215284,2010,R,748.0,R,916.0,R,82.0,R,782.0,R,0.0,R,782.0,R,580.0,R,74.0,R,0.0,R,0.0,R,0.0,R,0.0,A,,R,20
215293,2010,R,3702.0,R,4740.0,R,78.0,R,3619.0,R,4.0,R,3615.0,R,3332.0,R,92.0,R,0.0,R,0.0,R,0.0,R,0.0,A,,R,14
215309,2010,R,172.0,R,232.0,R,74.0,R,203.0,R,1.0,R,202.0,R,128.0,R,63.0,R,2.0,R,0.0,R,2.0,R,1.0,R,50.0,R,12
215336,2010,A,,A,,A,,R,38.0,R,3.0,R,35.0,R,26.0,R,74.0,R,0.0,R,0.0,R,0.0,R,0.0,A,,R,17
215381,2010,R,96.0,R,111.0,R,86.0,R,83.0,R,0.0,R,83.0,R,65.0,R,78.0,R,0.0,R,0.0,R,0.0,R,0.0,A,,R,10
215390,2010,A,,A,,A,,R,47.0,R,0.0,R,47.0,R,40.0,R,85.0,R,21.0,R,0.0,R,21.0,R,13.0,R,62.0,R,17
215415,2010,R,794.0,R,1024.0,R,78.0,R,945.0,R,1.0,R,944.0,R,593.0,R,63.0,R,0.0,R,0.0,R,0.0,R,0.0,A,,R,23
215433,2010,R,366.0,R,366.0,R,100.0,R,98.0,R,0.0,R,98.0,R,54.0,R,55.0,R,0.0,R,0.0,R,0.0,R,0.0,A,,R,18
215442,2010,R,535.0,R,1097.0,R,49.0,R,521.0,R,0.0,R,521.0,R,403.0,R,77.0,R,9.0,R,0.0,R,9.0,R,5.0,R,56.0,R,14
215479,2010,A,,A,,A,,A,,A,,A,,A,,A,,A,,A,,A,,A,,A,,R,6
215530,2010,A,,A,,A,,R,4.0,R,0.0,R,4.0,R,4.0,R,100.0,R,9.0,R,0.0,R,9.0,R,8.0,R,89.0,R,7
215585,2010,R,423.0,R,1843.0,R,23.0,R,597.0,R,0.0,R,597.0,R,292.0,R,49.0,R,446.0,R,0.0,R,446.0,R,174.0,R,39.0,R,19
215594,2010,A,,A,,A,,R,77.0,R,0.0,R,77.0,R,64.0,R,83.0,R,19.0,R,0.0,R,19.0,R,12.0,R,63.0,R,7
215637,2010,R,327.0,R,341.0,R,96.0,R,183.0,R,2.0,R,181.0,R,167.0,R,92.0,R,0.0,R,0.0,R,0.0,R,0.0,A,,R,24
215646,2010,A,,A,,A,,R,266.0,Z,0.0,R,266.0,R,167.0,R,63.0,R,0.0,Z,0.0,R,0.0,R,0.0,A,,R,46
215655,2010,R,896.0,R,1261.0,R,71.0,R,722.0,R,0.0,R,722.0,R,526.0,R,73.0,R,4.0,R,0.0,R,4.0,R,3.0,R,75.0,R,15
215682,2010,R,360.0,R,360.0,R,100.0,R,85.0,R,0.0,R,85.0,R,65.0,R,76.0,R,0.0,R,0.0,R,0.0,R,0.0,A,,R,27
215691,2010,R,101.0,R,137.0,R,74.0,R,177.0,R,0.0,R,177.0,R,116.0,R,66.0,R,0.0,Z,0.0,R,0.0,R,0.0,A,,R,8
215743,2010,R,432.0,R,507.0,R,85.0,R,423.0,R,2.0,R,421.0,R,359.0,R,85.0,R,0.0,R,0.0,R,0.0,R,0.0,A,,R,14
215770,2010,R,1212.0,R,1497.0,R,81.0,R,1188.0,R,0.0,R,1188.0,R,1057.0,R,89.0,R,4.0,R,0.0,R,4.0,R,3.0,R,75.0,R,14
215798,2010,R,425.0,R,492.0,R,86.0,R,438.0,R,0.0,R,438.0,R,362.0,R,83.0,R,1.0,R,0.0,R,1.0,R,1.0,R,100.0,R,13
215886,2010,A,,A,,A,,R,71.0,R,0.0,R,71.0,R,24.0,R,34.0,R,6.0,Z,0.0,R,6.0,R,5.0,R,83.0,R,4
215929,2010,R,950.0,R,1086.0,R,87.0,R,1028.0,R,0.0,R,1028.0,R,915.0,R,89.0,R,0.0,R,0.0,R,0.0,R,0.0,A,,R,13
215947,2010,R,372.0,R,707.0,R,53.0,R,298.0,R,0.0,R,298.0,R,221.0,R,74.0,R,0.0,Z,0.0,R,0.0,Z,0.0,A,,R,16
215965,2010,A,,A,,A,,R,10.0,R,0.0,R,10.0,R,7.0,R,70.0,R,0.0,R,0.0,R,0.0,R,0.0,A,,R,12
215974,2010,A,,A,,A,,R,11.0,R,0.0,R,11.0,R,9.0,R,82.0,R,2.0,R,0.0,R,2.0,R,2.0,R,100.0,R,8
215983,2010,A,,A,,A,,A,,A,,A,,A,,A,,A,,A,,A,,A,,A,,R,5
215992,2010,R,164.0,R,168.0,R,98.0,R,96.0,R,0.0,R,96.0,R,53.0,R,55.0,R,1.0,Z,0.0,R,1.0,R,0.0,R,0.0,R,19
216010,2010,R,1708.0,R,2209.0,R,77.0,R,1675.0,R,1.0,R,1674.0,R,1235.0,R,74.0,R,4.0,R,0.0,R,4.0,R,4.0,R,100.0,R,21
216038,2010,R,1575.0,R,2206.0,R,71.0,R,1545.0,R,5.0,R,1540.0,R,1255.0,R,81.0,R,0.0,R,0.0,R,0.0,R,0.0,A,,R,22
216047,2010,R,17.0,R,45.0,R,38.0,R,13.0,R,0.0,R,13.0,R,11.0,R,85.0,R,0.0,R,0.0,R,0.0,R,0.0,A,,R,9
216074,2010,A,,A,,A,,R,57.0,Z,0.0,R,57.0,R,48.0,R,84.0,R,41.0,Z,0.0,R,41.0,R,35.0,R,85.0,R,7
216083,2010,R,294.0,R,420.0,R,70.0,R,293.0,R,2.0,R,291.0,R,185.0,R,64.0,R,2.0,R,0.0,R,2.0,R,1.0,R,50.0,R,10
216162,2010,A,,A,,A,,A,,A,,A,,A,,A,,A,,A,,A,,A,,A,,R,8
216223,2010,A,,A,,A,,R,7.0,R,0.0,R,7.0,R,6.0,R,86.0,R,3.0,R,0.0,R,3.0,R,3.0,R,100.0,R,9
216278,2010,R,641.0,R,727.0,R,88.0,R,624.0,R,1.0,R,623.0,R,520.0,R,83.0,R,0.0,R,0.0,R,0.0,R,0.0,A,,R,13
216287,2010,R,388.0,R,406.0,R,96.0,R,394.0,R,0.0,R,394.0,R,371.0,R,94.0,R,0.0,R,0.0,R,0.0,R,0.0,A,,R,8
216296,2010,R,397.0,R,480.0,R,83.0,R,434.0,R,0.0,R,434.0,R,343.0,R,79.0,R,0.0,R,0.0,R,0.0,R,0.0,A,,R,15
216311,2010,R,32.0,R,35.0,R,91.0,R,38.0,R,0.0,R,38.0,R,25.0,R,66.0,R,0.0,R,0.0,R,0.0,R,0.0,A,,R,14
216339,2010,R,4311.0,R,7341.0,R,59.0,R,3803.0,R,0.0,R,3803.0,R,3381.0,R,89.0,R,19.0,R,0.0,R,19.0,R,10.0,R,53.0,R,18
216357,2010,R,352.0,R,459.0,R,77.0,R,271.0,R,0.0,R,271.0,R,182.0,R,67.0,R,0.0,R,0.0,R,0.0,R,0.0,A,,R,14
216366,2010,A,,A,,A,,A,,A,,A,,A,,A,,A,,A,,A,,A,,A,,R,15
216418,2010,R,44.0,R,85.0,R,52.0,R,87.0,R,1.0,R,86.0,R,56.0,R,65.0,R,56.0,R,0.0,R,56.0,R,30.0,R,54.0,R,17
216427,2010,R,69.0,R,78.0,R,88.0,R,106.0,R,0.0,R,106.0,R,80.0,R,75.0,R,0.0,R,0.0,R,0.0,R,0.0,A,,R,10
216436,2010,R,102.0,R,166.0,R,61.0,R,107.0,R,0.0,R,107.0,R,95.0,R,89.0,R,0.0,R,0.0,R,0.0,R,0.0,A,,R,13
216445,2010,R,93.0,R,133.0,R,70.0,R,132.0,R,0.0,R,132.0,R,107.0,R,81.0,Z,0.0,Z,0.0,Z,0.0,Z,0.0,A,,R,13
216454,2010,R,137.0,R,173.0,R,79.0,R,181.0,R,1.0,R,180.0,R,157.0,R,87.0,R,0.0,R,0.0,R,0.0,R,0.0,A,,R,14
216524,2010,R,442.0,R,475.0,R,93.0,R,510.0,R,0.0,R,510.0,R,458.0,R,90.0,R,0.0,Z,0.0,R,0.0,Z,0.0,A,,R,12
216542,2010,R,183.0,R,410.0,R,45.0,R,182.0,Z,0.0,R,182.0,R,131.0,R,72.0,R,12.0,Z,0.0,R,12.0,R,12.0,R,100.0,R,14
216551,2010,R,283.0,R,304.0,R,93.0,R,184.0,Z,0.0,R,184.0,R,89.0,R,48.0,R,0.0,R,0.0,R,0.0,R,0.0,A,,R,18
216579,2010,A,,A,,A,,R,116.0,R,1.0,R,115.0,R,109.0,R,95.0,Z,0.0,Z,0.0,Z,0.0,Z,0.0,A,,R,17
216597,2010,R,1649.0,R,1901.0,R,87.0,R,1639.0,R,0.0,R,1639.0,R,1556.0,R,95.0,R,0.0,R,0.0,R,0.0,R,0.0,A,,R,11
216630,2010,A,,A,,A,,R,14.0,R,0.0,R,14.0,R,5.0,R,36.0,R,0.0,R,0.0,R,0.0,R,0.0,A,,R,11
216649,2010,A,,A,,A,,A,,A,,A,,A,,A,,A,,A,,A,,A,,A,,R,9
216667,2010,R,395.0,R,434.0,R,91.0,R,393.0,R,0.0,R,393.0,R,327.0,R,83.0,R,0.0,R,0.0,R,0.0,R,0.0,A,,R,11
216694,2010,R,402.0,R,452.0,R,89.0,R,386.0,R,2.0,R,384.0,R,299.0,R,78.0,Z,0.0,Z,0.0,Z,0.0,Z,0.0,A,,R,18
216746,2010,A,,A,,A,,R,24.0,R,1.0,R,23.0,R,20.0,R,87.0,R,3.0,R,0.0,R,3.0,R,1.0,R,33.0,R,15
216764,2010,R,2062.0,R,3494.0,R,59.0,R,2241.0,R,0.0,R,2241.0,R,1908.0,R,85.0,R,7.0,R,0.0,R,7.0,R,0.0,R,0.0,R,21
216773,2010,A,,A,,A,,R,19.0,R,0.0,R,19.0,R,11.0,R,58.0,R,0.0,R,0.0,R,0.0,R,0.0,A,,R,7
216782,2010,A,,A,,A,,R,132.0,R,0.0,R,132.0,R,86.0,R,65.0,R,10.0,R,0.0,R,10.0,R,1.0,R,10.0,R,29
216807,2010,R,427.0,R,427.0,R,100.0,R,451.0,R,0.0,R,451.0,R,384.0,R,85.0,R,0.0,R,0.0,R,0.0,R,0.0,A,,R,13
216825,2010,R,1385.0,R,2515.0,R,55.0,R,1322.0,R,0.0,R,1322.0,R,777.0,R,59.0,R,596.0,R,0.0,R,596.0,R,268.0,R,45.0,R,19
216852,2010,R,718.0,R,1021.0,R,70.0,R,710.0,R,0.0,R,710.0,R,520.0,R,73.0,R,3.0,R,0.0,R,3.0,R,1.0,R,33.0,R,12
216931,2010,R,499.0,R,705.0,R,71.0,R,527.0,R,0.0,R,527.0,R,417.0,R,79.0,R,5.0,R,0.0,R,5.0,R,2.0,R,40.0,R,14
216986,2010,R,20.0,R,37.0,R,54.0,R,46.0,R,0.0,R,46.0,R,37.0,R,80.0,R,0.0,R,0.0,R,0.0,R,0.0,A,,R,9
217013,2010,R,96.0,R,188.0,R,51.0,R,103.0,R,0.0,R,103.0,R,50.0,R,49.0,R,0.0,R,0.0,R,0.0,R,0.0,A,,R,10
217040,2010,R,20.0,R,21.0,R,95.0,R,25.0,Z,0.0,R,25.0,R,21.0,R,84.0,Z,0.0,Z,0.0,Z,0.0,Z,0.0,A,,R,12
217059,2010,R,1231.0,R,1669.0,R,74.0,R,1092.0,R,0.0,R,1092.0,R,826.0,R,76.0,R,12.0,R,0.0,R,12.0,R,9.0,R,75.0,R,16
217077,2010,A,,A,,A,,R,1557.0,R,3.0,R,1554.0,R,981.0,R,63.0,Z,0.0,Z,0.0,Z,0.0,Z,0.0,A,,R,15
217086,2010,R,64.0,R,82.0,R,78.0,R,79.0,Z,0.0,R,79.0,R,61.0,R,77.0,R,12.0,Z,0.0,R,12.0,R,10.0,R,83.0,R,14
217095,2010,A,,A,,A,,R,62.0,Z,0.0,R,62.0,R,31.0,R,50.0,R,9.0,Z,0.0,R,9.0,R,7.0,R,78.0,R,14
217156,2010,R,1499.0,R,1702.0,R,88.0,R,1493.0,R,1.0,R,1492.0,R,1454.0,R,97.0,R,0.0,R,0.0,R,0.0,R,0.0,A,,R,9
217165,2010,R,831.0,R,963.0,R,86.0,R,750.0,R,0.0,R,750.0,R,653.0,R,87.0,R,1.0,Z,0.0,R,1.0,R,0.0,R,0.0,R,16
217235,2010,R,2006.0,R,2803.0,R,72.0,R,1914.0,R,0.0,R,1914.0,R,1444.0,R,75.0,R,15.0,R,0.0,R,15.0,R,4.0,R,27.0,R,27
217244,2010,A,,A,,A,,R,0.0,R,0.0,R,0.0,R,0.0,A,,R,0.0,R,0.0,R,0.0,R,0.0,A,,R,26
217305,2010,R,596.0,R,749.0,R,80.0,R,766.0,R,0.0,R,766.0,R,500.0,R,65.0,R,0.0,R,0.0,R,0.0,R,0.0,A,,R,16
217323,2010,A,,A,,A,,A,,A,,A,,A,,A,,A,,A,,A,,A,,A,,R,9
217350,2010,A,,A,,A,,R,0.0,R,0.0,R,0.0,R,0.0,A,,R,9.0,R,0.0,R,9.0,R,8.0,R,89.0,R,15
217402,2010,R,1103.0,R,1255.0,R,88.0,R,955.0,R,0.0,R,955.0,R,867.0,R,91.0,R,1.0,R,0.0,R,1.0,R,0.0,R,0.0,R,13
217420,2010,R,1093.0,R,1951.0,R,56.0,R,1216.0,R,0.0,R,1216.0,R,924.0,R,76.0,R,37.0,R,0.0,R,37.0,R,12.0,R,32.0,R,21
217475,2010,R,2077.0,R,7988.0,R,26.0,R,2163.0,R,71.0,R,2092.0,R,1262.0,R,60.0,R,1433.0,R,58.0,R,1375.0,R,613.0,R,45.0,R,21
217484,2010,R,2733.0,R,3525.0,R,78.0,R,2919.0,R,0.0,R,2919.0,R,2326.0,R,80.0,R,37.0,R,0.0,R,37.0,R,19.0,R,51.0,R,16
217493,2010,R,475.0,R,538.0,R,88.0,R,447.0,R,5.0,R,442.0,R,417.0,R,94.0,R,0.0,R,0.0,R,0.0,R,0.0,A,,R,9
217518,2010,R,1012.0,R,1245.0,R,81.0,R,1026.0,R,0.0,R,1026.0,R,806.0,R,79.0,R,0.0,R,0.0,R,0.0,R,0.0,A,,R,12
217536,2010,R,592.0,R,624.0,R,95.0,R,501.0,R,0.0,R,501.0,R,421.0,R,84.0,R,0.0,R,0.0,R,0.0,R,0.0,A,,R,14
217545,2010,A,,A,,A,,R,254.0,R,0.0,R,254.0,R,147.0,R,58.0,R,0.0,R,0.0,R,0.0,R,0.0,A,,R,17
217572,2010,A,,A,,A,,R,78.0,Z,0.0,R,78.0,R,61.0,R,78.0,Z,0.0,Z,0.0,Z,0.0,Z,0.0,A,,R,8
217581,2010,A,,A,,A,,R,34.0,Z,0.0,R,34.0,R,22.0,R,65.0,R,12.0,Z,0.0,R,12.0,R,7.0,R,58.0,R,13
217606,2010,R,60.0,R,121.0,R,50.0,R,30.0,R,0.0,R,30.0,R,19.0,R,63.0,R,0.0,R,0.0,R,0.0,R,0.0,A,,R,19
217615,2010,R,491.0,R,1052.0,R,47.0,R,494.0,R,0.0,R,494.0,R,265.0,R,54.0,R,214.0,R,0.0,R,214.0,R,86.0,R,40.0,R,18
217624,2010,R,320.0,R,381.0,R,84.0,R,241.0,R,0.0,R,241.0,R,104.0,R,43.0,R,1.0,R,0.0,R,1.0,R,0.0,R,0.0,R,24
217633,2010,R,498.0,R,909.0,R,55.0,R,450.0,R,0.0,R,450.0,R,307.0,R,68.0,R,2.0,R,0.0,R,2.0,R,1.0,R,50.0,R,16
217688,2010,R,637.0,R,868.0,R,73.0,R,662.0,R,0.0,R,662.0,R,425.0,R,64.0,R,0.0,R,0.0,R,0.0,R,0.0,A,,R,16
217712,2010,R,234.0,R,1045.0,R,22.0,R,272.0,R,0.0,R,272.0,R,138.0,R,51.0,R,329.0,R,0.0,R,329.0,R,124.0,R,38.0,R,18
217721,2010,R,875.0,R,1007.0,R,87.0,R,833.0,R,0.0,R,833.0,R,486.0,R,58.0,R,4.0,R,0.0,R,4.0,R,1.0,R,25.0,R,19
217749,2010,R,639.0,R,912.0,R,70.0,R,751.0,R,0.0,R,751.0,R,567.0,R,75.0,R,2.0,R,0.0,R,2.0,R,1.0,R,50.0,R,13
217776,2010,R,153.0,R,232.0,R,66.0,R,168.0,R,0.0,R,168.0,R,118.0,R,70.0,R,0.0,R,0.0,R,0.0,R,0.0,A,,R,20
217794,2010,A,,A,,A,,R,72.0,R,0.0,R,72.0,R,56.0,R,78.0,R,13.0,R,0.0,R,13.0,R,9.0,R,69.0,R,19
217819,2010,R,2007.0,R,3036.0,R,66.0,R,2142.0,R,1.0,R,2141.0,R,1741.0,R,81.0,R,1.0,R,0.0,R,1.0,R,0.0,R,0.0,R,16
217828,2010,A,,A,,A,,R,22.0,R,0.0,R,22.0,R,17.0,R,77.0,R,5.0,R,0.0,R,5.0,R,4.0,R,80.0,R,16
217837,2010,R,223.0,R,474.0,R,47.0,R,176.0,R,0.0,R,176.0,R,102.0,R,58.0,R,54.0,R,0.0,R,54.0,R,25.0,R,46.0,R,19
217864,2010,R,626.0,R,779.0,R,80.0,R,591.0,R,0.0,R,591.0,R,471.0,R,80.0,R,0.0,R,0.0,R,0.0,R,0.0,A,,R,14
217873,2010,R,423.0,R,581.0,R,73.0,R,466.0,R,2.0,R,464.0,R,323.0,R,70.0,R,2.0,R,0.0,R,2.0,R,1.0,R,50.0,R,14
217882,2010,R,2979.0,R,4138.0,R,72.0,R,3339.0,R,0.0,R,3339.0,R,2968.0,R,89.0,R,44.0,R,0.0,R,44.0,R,26.0,R,59.0,R,16
217891,2010,R,82.0,R,91.0,R,90.0,R,66.0,R,10.0,R,56.0,R,52.0,R,93.0,R,3.0,R,0.0,R,3.0,R,3.0,R,100.0,R,21
217907,2010,R,187.0,R,240.0,R,78.0,R,196.0,R,0.0,R,196.0,R,139.0,R,71.0,R,0.0,R,0.0,R,0.0,R,0.0,A,,R,14
217925,2010,R,107.0,R,211.0,R,51.0,R,85.0,R,0.0,R,85.0,R,67.0,R,79.0,R,5.0,R,0.0,R,5.0,R,4.0,R,80.0,R,24
217934,2010,R,209.0,R,361.0,R,58.0,R,218.0,R,0.0,R,218.0,R,134.0,R,61.0,R,1.0,R,0.0,R,1.0,R,1.0,R,100.0,R,13
217961,2010,R,164.0,R,192.0,R,85.0,R,171.0,R,0.0,R,171.0,R,123.0,R,72.0,R,1.0,R,0.0,R,1.0,R,0.0,R,0.0,R,14
217989,2010,R,263.0,R,420.0,R,63.0,R,347.0,R,0.0,R,347.0,R,111.0,R,32.0,R,84.0,R,0.0,R,84.0,R,11.0,R,13.0,R,21
217998,2010,R,144.0,R,165.0,R,87.0,R,182.0,R,0.0,R,182.0,R,140.0,R,77.0,R,0.0,R,0.0,R,0.0,R,0.0,A,,R,12
218025,2010,R,915.0,R,2003.0,R,46.0,R,1006.0,R,0.0,R,1006.0,R,549.0,R,55.0,R,363.0,R,0.0,R,363.0,R,137.0,R,38.0,R,27
218043,2010,R,23.0,R,36.0,R,64.0,R,11.0,Z,0.0,R,11.0,R,9.0,R,82.0,R,10.0,Z,0.0,R,10.0,R,7.0,R,70.0,R,10
218061,2010,R,738.0,R,1245.0,R,59.0,R,791.0,R,0.0,R,791.0,R,534.0,R,68.0,R,3.0,R,0.0,R,3.0,R,2.0,R,67.0,R,15
218070,2010,R,686.0,R,753.0,R,91.0,R,655.0,R,0.0,R,655.0,R,580.0,R,89.0,R,0.0,R,0.0,R,0.0,R,0.0,A,,R,11
218089,2010,R,16.0,R,92.0,R,17.0,R,0.0,R,0.0,R,0.0,R,0.0,A,,R,8.0,R,0.0,R,8.0,R,3.0,R,38.0,R,5
218113,2010,R,1748.0,R,3765.0,R,46.0,R,1972.0,R,0.0,R,1972.0,R,991.0,R,50.0,R,642.0,R,0.0,R,642.0,R,266.0,R,41.0,R,19
218140,2010,R,772.0,R,2123.0,R,36.0,R,915.0,R,0.0,R,915.0,R,447.0,R,49.0,R,478.0,R,0.0,R,478.0,R,236.0,R,49.0,R,21
218159,2010,A,,A,,A,,R,51.0,R,1.0,R,50.0,R,30.0,R,60.0,R,18.0,R,0.0,R,18.0,R,12.0,R,67.0,R,20
218195,2010,A,,A,,A,,R,77.0,R,0.0,R,77.0,R,53.0,R,69.0,R,42.0,R,0.0,R,42.0,R,33.0,R,79.0,R,20
218229,2010,R,685.0,R,934.0,R,73.0,R,581.0,R,0.0,R,581.0,R,394.0,R,68.0,R,1.0,R,0.0,R,1.0,R,0.0,R,0.0,R,17
218238,2010,R,275.0,R,847.0,R,32.0,R,284.0,R,0.0,R,284.0,R,187.0,R,66.0,R,157.0,R,0.0,R,157.0,R,58.0,R,37.0,R,22
218335,2010,A,,A,,A,,A,,A,,A,,A,,A,,A,,A,,A,,A,,A,,R,8
218353,2010,R,1573.0,R,3698.0,R,43.0,R,1672.0,R,0.0,R,1672.0,R,919.0,R,55.0,R,806.0,R,0.0,R,806.0,R,311.0,R,39.0,R,20
218399,2010,R,321.0,R,377.0,R,85.0,R,300.0,R,0.0,R,300.0,R,186.0,R,62.0,R,0.0,R,0.0,R,0.0,R,0.0,A,,R,18
218414,2010,R,288.0,R,403.0,R,71.0,R,342.0,R,0.0,R,342.0,R,213.0,R,62.0,R,0.0,R,0.0,R,0.0,R,0.0,A,,R,17
218441,2010,R,481.0,R,759.0,R,63.0,R,491.0,R,0.0,R,491.0,R,339.0,R,69.0,R,3.0,R,0.0,R,3.0,R,0.0,R,0.0,R,14
218487,2010,R,413.0,R,1188.0,R,35.0,R,414.0,R,0.0,R,414.0,R,237.0,R,57.0,R,192.0,R,0.0,R,192.0,R,71.0,R,37.0,R,19
218520,2010,R,707.0,R,1899.0,R,37.0,R,861.0,R,0.0,R,861.0,R,504.0,R,59.0,R,312.0,R,0.0,R,312.0,R,106.0,R,34.0,R,19
218539,2010,R,304.0,R,367.0,R,83.0,R,364.0,R,0.0,R,364.0,R,304.0,R,84.0,R,0.0,R,0.0,R,0.0,R,0.0,A,,R,12
218645,2010,R,587.0,R,1102.0,R,53.0,R,599.0,R,0.0,R,599.0,R,438.0,R,73.0,R,33.0,R,0.0,R,33.0,R,11.0,R,33.0,R,15
218654,2010,R,394.0,R,644.0,R,61.0,R,354.0,R,0.0,R,354.0,R,185.0,R,52.0,R,20.0,R,0.0,R,20.0,R,4.0,R,20.0,R,17
218663,2010,R,4424.0,R,6370.0,R,69.0,R,3881.0,R,0.0,R,3881.0,R,3341.0,R,86.0,R,36.0,R,0.0,R,36.0,R,14.0,R,39.0,R,18
218672,2010,R,352.0,R,916.0,R,38.0,R,341.0,R,0.0,R,341.0,R,200.0,R,59.0,R,27.0,R,0.0,R,27.0,R,7.0,R,26.0,R,18
218681,2010,R,230.0,R,608.0,R,38.0,R,239.0,R,0.0,R,239.0,R,107.0,R,45.0,R,47.0,R,0.0,R,47.0,R,21.0,R,45.0,R,25
218690,2010,R,243.0,R,632.0,R,38.0,R,299.0,R,0.0,R,299.0,R,159.0,R,53.0,R,20.0,R,0.0,R,20.0,R,9.0,R,45.0,R,14
218706,2010,R,75.0,R,307.0,R,24.0,R,100.0,R,0.0,R,100.0,R,59.0,R,59.0,R,19.0,R,0.0,R,19.0,R,10.0,R,53.0,R,19
218724,2010,R,1999.0,R,2959.0,R,68.0,R,1769.0,R,0.0,R,1769.0,R,1141.0,R,64.0,R,6.0,R,0.0,R,6.0,R,0.0,R,0.0,R,17
218733,2010,R,817.0,R,1055.0,R,77.0,R,713.0,R,0.0,R,713.0,R,447.0,R,63.0,R,10.0,R,0.0,R,10.0,R,2.0,R,20.0,R,17
218742,2010,R,838.0,R,1904.0,R,44.0,R,837.0,R,0.0,R,837.0,R,578.0,R,69.0,R,50.0,R,0.0,R,50.0,R,13.0,R,26.0,R,16
218821,2010,R,470.0,R,520.0,R,90.0,R,451.0,R,0.0,R,451.0,R,215.0,R,48.0,R,1.0,R,0.0,R,1.0,R,1.0,R,100.0,R,19
218830,2010,R,897.0,R,2078.0,R,43.0,R,919.0,R,0.0,R,919.0,R,497.0,R,54.0,R,376.0,R,0.0,R,376.0,R,124.0,R,33.0,R,27
218858,2010,R,543.0,R,1345.0,R,40.0,R,472.0,R,0.0,R,472.0,R,242.0,R,51.0,R,337.0,R,0.0,R,337.0,R,137.0,R,41.0,R,20
218867,2010,A,,A,,A,,R,23.0,R,0.0,R,23.0,R,19.0,R,83.0,R,0.0,R,0.0,R,0.0,R,0.0,A,,R,16
218885,2010,R,1708.0,R,2882.0,R,59.0,R,1603.0,R,0.0,R,1603.0,R,711.0,R,44.0,R,243.0,R,0.0,R,243.0,R,92.0,R,38.0,R,21
218894,2010,R,2004.0,R,5226.0,R,38.0,R,2030.0,R,0.0,R,2030.0,R,1123.0,R,55.0,R,820.0,R,0.0,R,820.0,R,370.0,R,45.0,R,22
218919,2010,R,239.0,R,275.0,R,87.0,R,276.0,R,0.0,R,276.0,R,179.0,R,65.0,R,3.0,R,0.0,R,3.0,R,0.0,R,0.0,R,15
218955,2010,R,106.0,R,259.0,R,41.0,R,144.0,R,0.0,R,144.0,R,70.0,R,49.0,R,88.0,R,0.0,R,88.0,R,17.0,R,19.0,R,16
218964,2010,R,959.0,R,1559.0,R,62.0,R,1060.0,R,0.0,R,1060.0,R,732.0,R,69.0,R,0.0,R,0.0,R,0.0,R,0.0,A,,R,14
218973,2010,R,431.0,R,458.0,R,94.0,R,392.0,R,1.0,R,391.0,R,348.0,R,89.0,R,0.0,R,0.0,R,0.0,R,0.0,A,,R,11
218991,2010,R,904.0,R,2431.0,R,37.0,R,1020.0,R,0.0,R,1020.0,R,531.0,R,52.0,R,362.0,R,0.0,R,362.0,R,142.0,R,39.0,R,22
219000,2010,R,418.0,R,517.0,R,81.0,R,431.0,R,0.0,R,431.0,R,370.0,R,86.0,R,13.0,R,0.0,R,13.0,R,2.0,R,15.0,R,12
219037,2010,A,,A,,A,,R,53.0,R,0.0,R,53.0,R,47.0,R,89.0,R,0.0,R,0.0,R,0.0,R,0.0,A,,R,15
219046,2010,R,652.0,R,1500.0,R,43.0,R,498.0,R,0.0,R,498.0,R,319.0,R,64.0,R,36.0,Z,0.0,R,36.0,R,11.0,R,31.0,R,20
219055,2010,R,18.0,R,143.0,R,13.0,R,28.0,R,0.0,R,28.0,R,8.0,R,29.0,R,37.0,R,0.0,R,37.0,R,10.0,R,27.0,R,11
219082,2010,R,314.0,R,1180.0,R,27.0,R,275.0,R,1.0,R,274.0,R,174.0,R,64.0,R,20.0,Z,0.0,R,20.0,R,12.0,R,60.0,R,17
219091,2010,R,170.0,R,296.0,R,57.0,R,158.0,R,1.0,R,157.0,R,89.0,R,57.0,R,0.0,R,0.0,R,0.0,R,0.0,A,,R,11
219125,2010,A,,A,,A,,R,37.0,R,0.0,R,37.0,R,34.0,R,92.0,R,0.0,R,0.0,R,0.0,R,0.0,A,,R,7
219143,2010,R,692.0,R,743.0,R,93.0,R,605.0,R,6.0,R,599.0,R,498.0,R,83.0,R,45.0,Z,0.0,R,45.0,R,29.0,R,64.0,R,16
219170,2010,A,,A,,A,,A,,A,,A,,A,,A,,A,,A,,A,,A,,A,,R,9
219189,2010,R,552.0,R,677.0,R,82.0,R,556.0,R,1.0,R,555.0,R,378.0,R,68.0,R,22.0,R,0.0,R,22.0,R,6.0,R,27.0,R,17
219198,2010,R,121.0,R,420.0,R,29.0,R,110.0,R,0.0,R,110.0,R,73.0,R,66.0,R,13.0,R,0.0,R,13.0,R,8.0,R,62.0,R,13
219204,2010,R,58.0,R,583.0,R,10.0,R,41.0,R,0.0,R,41.0,R,18.0,R,44.0,R,248.0,R,0.0,R,248.0,R,74.0,R,30.0,R,10
219213,2010,R,36.0,R,310.0,R,12.0,R,22.0,R,0.0,R,22.0,R,12.0,R,55.0,R,91.0,R,0.0,R,91.0,R,37.0,R,41.0,R,39
219259,2010,R,381.0,R,1123.0,R,34.0,R,318.0,R,0.0,R,318.0,R,209.0,R,66.0,R,11.0,R,0.0,R,11.0,R,3.0,R,27.0,R,20
219277,2010,R,191.0,R,281.0,R,68.0,R,206.0,R,0.0,R,206.0,R,116.0,R,56.0,R,55.0,R,0.0,R,55.0,R,17.0,R,31.0,R,11
219295,2010,R,52.0,R,286.0,R,18.0,R,58.0,R,0.0,R,58.0,R,36.0,R,62.0,R,2.0,R,0.0,R,2.0,R,1.0,R,50.0,R,10
219338,2010,A,,A,,A,,A,,A,,A,,A,,A,,A,,A,,A,,A,,A,,R,12
219347,2010,R,429.0,R,604.0,R,71.0,R,357.0,R,0.0,R,357.0,R,280.0,R,78.0,R,1.0,R,0.0,R,1.0,R,1.0,R,100.0,R,14
219356,2010,R,2158.0,R,3267.0,R,66.0,R,1989.0,R,0.0,R,1989.0,R,1523.0,R,77.0,R,68.0,R,0.0,R,68.0,R,34.0,R,50.0,R,19
219374,2010,R,233.0,R,423.0,R,55.0,R,8.0,R,0.0,R,8.0,R,5.0,R,63.0,R,17.0,R,0.0,R,17.0,R,12.0,R,71.0,R,12
219383,2010,R,197.0,R,317.0,R,62.0,R,272.0,R,0.0,R,272.0,R,191.0,R,70.0,R,7.0,R,0.0,R,7.0,R,4.0,R,57.0,R,15
219392,2010,A,,A,,A,,A,,A,,A,,A,,A,,A,,A,,A,,A,,A,,R,4
219408,2010,R,61.0,R,78.0,R,78.0,R,55.0,R,0.0,R,55.0,R,15.0,R,27.0,R,8.0,R,0.0,R,8.0,R,1.0,R,13.0,R,10
219426,2010,R,536.0,R,960.0,R,56.0,R,670.0,R,0.0,R,670.0,R,384.0,R,57.0,R,39.0,R,0.0,R,39.0,R,17.0,R,44.0,R,22
219453,2010,A,,A,,A,,R,73.0,R,0.0,R,73.0,R,61.0,R,84.0,R,0.0,R,0.0,R,0.0,R,0.0,A,,R,15
219471,2010,R,1034.0,R,2529.0,R,41.0,R,971.0,R,0.0,R,971.0,R,726.0,R,75.0,R,154.0,R,0.0,R,154.0,R,86.0,R,56.0,R,17
219480,2010,R,357.0,R,497.0,R,72.0,R,411.0,R,2.0,R,409.0,R,244.0,R,60.0,R,12.0,R,0.0,R,12.0,R,8.0,R,67.0,R,17
219505,2010,R,17.0,R,32.0,R,53.0,R,10.0,R,0.0,R,10.0,R,7.0,R,70.0,R,3.0,R,0.0,R,3.0,R,1.0,R,33.0,R,8
219578,2010,R,18.0,R,174.0,R,10.0,R,36.0,R,0.0,R,36.0,R,17.0,R,47.0,R,14.0,R,0.0,R,14.0,R,5.0,R,36.0,R,12
219587,2010,A,,A,,A,,R,23.0,R,0.0,R,23.0,R,19.0,R,83.0,R,0.0,R,0.0,R,0.0,R,0.0,A,,R,10
219596,2010,A,,A,,A,,R,96.0,R,0.0,R,96.0,R,77.0,R,80.0,R,39.0,R,0.0,R,39.0,R,39.0,R,100.0,R,20
219602,2010,R,1478.0,R,2669.0,R,55.0,R,1465.0,R,0.0,R,1465.0,R,1018.0,R,69.0,R,182.0,R,0.0,R,182.0,R,88.0,R,48.0,R,20
219639,2010,R,53.0,R,222.0,R,24.0,R,55.0,R,0.0,R,55.0,R,43.0,R,78.0,Z,0.0,Z,0.0,Z,0.0,Z,0.0,A,,R,11
219709,2010,R,1015.0,R,1448.0,R,70.0,R,987.0,R,1.0,R,986.0,R,804.0,R,82.0,R,3.0,R,0.0,R,3.0,R,3.0,R,100.0,R,13
219718,2010,R,383.0,R,664.0,R,58.0,R,352.0,R,0.0,R,352.0,R,219.0,R,62.0,R,1.0,R,0.0,R,1.0,R,0.0,R,0.0,R,18
219790,2010,R,233.0,R,368.0,R,63.0,R,191.0,R,0.0,R,191.0,R,142.0,R,74.0,R,0.0,Z,0.0,R,0.0,Z,0.0,A,,R,17
219806,2010,R,427.0,R,594.0,R,72.0,R,512.0,R,0.0,R,512.0,R,349.0,R,68.0,R,1.0,R,0.0,R,1.0,R,0.0,R,0.0,R,12
219824,2010,R,1414.0,R,2765.0,R,51.0,R,1268.0,R,4.0,R,1264.0,R,696.0,R,55.0,R,391.0,R,4.0,R,387.0,R,177.0,R,46.0,R,19
219833,2010,R,287.0,R,356.0,R,81.0,R,301.0,R,0.0,R,301.0,R,223.0,R,74.0,R,1.0,R,0.0,R,1.0,R,0.0,R,0.0,R,12
219879,2010,R,645.0,R,992.0,R,65.0,R,662.0,Z,0.0,R,662.0,R,376.0,R,57.0,R,91.0,Z,0.0,R,91.0,R,47.0,R,52.0,R,22
219888,2010,R,873.0,R,1964.0,R,44.0,R,849.0,R,0.0,R,849.0,R,438.0,R,52.0,R,458.0,R,0.0,R,458.0,R,195.0,R,43.0,R,23
219903,2010,A,,A,,A,,R,352.0,R,0.0,R,352.0,R,266.0,R,76.0,R,0.0,R,0.0,R,0.0,R,0.0,A,,R,20
219921,2010,A,,A,,A,,R,55.0,R,0.0,R,55.0,R,48.0,R,87.0,R,48.0,R,0.0,R,48.0,R,21.0,R,44.0,R,26
219949,2010,R,163.0,R,391.0,R,42.0,R,200.0,R,0.0,R,200.0,R,136.0,R,68.0,R,1.0,R,0.0,R,1.0,R,1.0,R,100.0,R,15
219976,2010,R,667.0,R,834.0,R,80.0,R,596.0,R,1.0,R,595.0,R,433.0,R,73.0,R,4.0,R,0.0,R,4.0,R,2.0,R,50.0,R,16
219994,2010,A,,A,,A,,R,442.0,R,0.0,R,442.0,R,360.0,R,81.0,R,33.0,R,0.0,R,33.0,R,11.0,R,33.0,R,24
220002,2010,R,102.0,R,139.0,R,73.0,R,0.0,R,0.0,R,0.0,R,0.0,A,,R,0.0,R,0.0,R,0.0,R,0.0,A,,R,18
220057,2010,R,752.0,R,1218.0,R,62.0,R,741.0,Z,0.0,R,741.0,R,362.0,R,49.0,R,137.0,Z,0.0,R,137.0,R,53.0,R,39.0,R,26
220075,2010,R,2053.0,R,3310.0,R,62.0,R,2068.0,R,0.0,R,2068.0,R,1482.0,R,72.0,R,31.0,R,0.0,R,31.0,R,12.0,R,39.0,R,20
220118,2010,R,64.0,R,69.0,R,93.0,R,53.0,R,0.0,R,53.0,R,41.0,R,77.0,R,0.0,R,0.0,R,0.0,R,0.0,A,,R,19
220127,2010,A,,A,,A,,R,224.0,R,0.0,R,224.0,R,154.0,R,69.0,R,163.0,Z,0.0,R,163.0,R,105.0,R,64.0,R,24
220163,2010,A,,A,,A,,R,12.0,R,0.0,R,12.0,R,8.0,R,67.0,R,19.0,R,0.0,R,19.0,R,13.0,R,68.0,R,9
220181,2010,R,194.0,R,197.0,R,98.0,R,126.0,R,0.0,R,126.0,R,91.0,R,72.0,R,24.0,R,0.0,R,24.0,R,10.0,R,42.0,R,9
220206,2010,R,44.0,R,67.0,R,66.0,R,52.0,R,0.0,R,52.0,R,32.0,R,62.0,R,8.0,R,0.0,R,8.0,R,5.0,R,63.0,R,11
220215,2010,R,370.0,R,486.0,R,76.0,R,405.0,R,0.0,R,405.0,R,308.0,R,76.0,R,3.0,R,0.0,R,3.0,R,1.0,R,33.0,R,15
220251,2010,A,,A,,A,,R,140.0,Z,0.0,R,140.0,R,120.0,R,86.0,R,38.0,Z,0.0,R,38.0,R,36.0,R,95.0,R,15
220279,2010,A,,A,,A,,R,82.0,R,0.0,R,82.0,R,65.0,R,79.0,R,21.0,R,0.0,R,21.0,R,15.0,R,71.0,R,27
220312,2010,R,56.0,R,96.0,R,58.0,R,62.0,R,0.0,R,62.0,R,25.0,R,40.0,R,1.0,R,0.0,R,1.0,R,0.0,R,0.0,R,8
220321,2010,A,,A,,A,,R,107.0,R,0.0,R,107.0,R,97.0,R,91.0,R,57.0,R,0.0,R,57.0,R,40.0,R,70.0,R,17
220394,2010,A,,A,,A,,R,132.0,R,0.0,R,132.0,R,95.0,R,72.0,R,22.0,R,0.0,R,22.0,R,13.0,R,59.0,R,18
220400,2010,R,1013.0,R,1583.0,R,64.0,R,998.0,R,0.0,R,998.0,R,479.0,R,48.0,R,175.0,R,0.0,R,175.0,R,69.0,R,39.0,R,22
220464,2010,R,19.0,R,62.0,R,31.0,R,30.0,R,1.0,R,29.0,R,17.0,R,59.0,R,0.0,R,0.0,R,0.0,R,0.0,A,,R,16
220473,2010,R,157.0,R,233.0,R,67.0,R,127.0,R,0.0,R,127.0,R,87.0,R,69.0,R,0.0,R,0.0,R,0.0,R,0.0,A,,R,14
220491,2010,A,,A,,A,,R,161.0,R,0.0,R,161.0,R,131.0,R,81.0,R,41.0,R,0.0,R,41.0,R,33.0,R,80.0,R,15
220516,2010,R,227.0,R,778.0,R,29.0,R,207.0,R,0.0,R,207.0,R,141.0,R,68.0,R,0.0,R,0.0,R,0.0,R,0.0,A,,R,15
220552,2010,R,299.0,R,302.0,R,99.0,R,50.0,Z,0.0,R,50.0,R,22.0,R,44.0,Z,0.0,Z,0.0,Z,0.0,Z,0.0,A,,R,18
220570,2010,A,,A,,A,,R,38.0,R,0.0,R,38.0,R,33.0,R,87.0,R,16.0,R,0.0,R,16.0,R,9.0,R,56.0,R,15
220589,2010,R,80.0,R,131.0,R,61.0,R,202.0,R,0.0,R,202.0,R,57.0,R,28.0,R,0.0,R,0.0,R,0.0,R,0.0,A,,R,9
220598,2010,R,696.0,R,823.0,R,85.0,R,691.0,R,0.0,R,691.0,R,393.0,R,57.0,R,0.0,R,0.0,R,0.0,R,0.0,A,,R,21
220604,2010,R,229.0,R,353.0,R,65.0,R,197.0,R,0.0,R,197.0,R,114.0,R,58.0,R,15.0,R,0.0,R,15.0,R,6.0,R,40.0,R,12
220613,2010,R,851.0,R,1376.0,R,62.0,R,832.0,R,0.0,R,832.0,R,590.0,R,71.0,R,6.0,R,0.0,R,6.0,R,5.0,R,83.0,R,18
220631,2010,R,352.0,R,737.0,R,48.0,R,314.0,R,0.0,R,314.0,R,196.0,R,62.0,R,4.0,R,0.0,R,4.0,R,2.0,R,50.0,R,13
220640,2010,A,,A,,A,,R,210.0,R,2.0,R,208.0,R,160.0,R,77.0,R,4.0,R,0.0,R,4.0,R,2.0,R,50.0,R,25
220701,2010,R,269.0,R,458.0,R,59.0,R,200.0,R,0.0,R,200.0,R,128.0,R,64.0,R,5.0,R,0.0,R,5.0,R,3.0,R,60.0,R,17
220710,2010,R,277.0,R,356.0,R,78.0,R,297.0,R,0.0,R,297.0,R,213.0,R,72.0,R,0.0,R,0.0,R,0.0,R,0.0,A,,R,11
220756,2010,A,,A,,A,,R,341.0,R,2.0,R,339.0,R,264.0,R,78.0,R,54.0,R,0.0,R,54.0,R,16.0,R,30.0,R,21
220765,2010,A,,A,,A,,R,35.0,R,0.0,R,35.0,R,25.0,R,71.0,R,0.0,R,0.0,R,0.0,R,0.0,A,,R,11
220808,2010,R,76.0,R,116.0,R,66.0,R,100.0,R,0.0,R,100.0,R,67.0,R,67.0,R,0.0,R,0.0,R,0.0,R,0.0,A,,R,10
220853,2010,A,,A,,A,,R,199.0,R,4.0,R,195.0,R,170.0,R,87.0,R,28.0,R,1.0,R,27.0,R,21.0,R,78.0,R,22
220862,2010,R,2388.0,R,4085.0,R,58.0,R,2207.0,R,0.0,R,2207.0,R,1718.0,R,78.0,R,47.0,R,0.0,R,47.0,R,32.0,R,68.0,R,15
220941,2010,R,25.0,R,122.0,R,20.0,R,10.0,R,0.0,R,10.0,R,7.0,R,70.0,R,9.0,R,0.0,R,9.0,R,3.0,R,33.0,R,12
220978,2010,R,3793.0,R,6213.0,R,61.0,R,3596.0,R,0.0,R,3596.0,R,2621.0,R,73.0,R,70.0,R,0.0,R,70.0,R,34.0,R,49.0,R,21
221014,2010,R,176.0,R,344.0,R,51.0,R,210.0,R,0.0,R,210.0,R,170.0,R,81.0,R,0.0,R,0.0,R,0.0,R,0.0,A,,R,13
221050,2010,A,,A,,A,,R,184.0,R,10.0,R,174.0,R,143.0,R,82.0,R,63.0,R,7.0,R,56.0,R,44.0,R,79.0,R,17
221096,2010,R,1003.0,R,1668.0,R,60.0,R,1094.0,R,1.0,R,1093.0,R,633.0,R,58.0,R,260.0,R,0.0,R,260.0,R,104.0,R,40.0,R,25
221102,2010,A,,A,,A,,R,209.0,R,0.0,R,209.0,R,201.0,R,96.0,R,94.0,R,0.0,R,94.0,R,84.0,R,89.0,R,25
221148,2010,A,,A,,A,,R,644.0,R,0.0,R,644.0,R,418.0,R,65.0,R,0.0,R,0.0,R,0.0,R,0.0,A,,R,34
221157,2010,A,,A,,A,,A,,A,,A,,A,,A,,A,,A,,A,,A,,A,,R,12
221184,2010,R,889.0,R,2760.0,R,32.0,R,931.0,Z,0.0,R,931.0,R,484.0,R,52.0,R,604.0,Z,0.0,R,604.0,R,292.0,R,48.0,R,19
221236,2010,A,,A,,A,,R,81.0,R,0.0,R,81.0,R,54.0,R,67.0,R,18.0,R,0.0,R,18.0,R,17.0,R,94.0,R,20
221254,2010,R,27.0,R,49.0,R,55.0,R,51.0,R,0.0,R,51.0,R,43.0,R,84.0,R,3.0,R,0.0,R,3.0,R,2.0,R,67.0,R,8
221281,2010,A,,A,,A,,R,218.0,Z,0.0,R,218.0,R,179.0,R,82.0,R,27.0,R,0.0,R,27.0,R,27.0,R,100.0,R,10
221290,2010,A,,A,,A,,R,38.0,Z,0.0,R,38.0,R,27.0,R,71.0,R,30.0,Z,0.0,R,30.0,R,20.0,R,67.0,R,21
221333,2010,A,,A,,A,,R,104.0,R,3.0,R,101.0,R,98.0,R,97.0,R,14.0,R,0.0,R,14.0,R,13.0,R,93.0,R,5
221351,2010,R,502.0,R,514.0,R,98.0,R,437.0,Z,0.0,R,437.0,R,382.0,R,87.0,R,0.0,Z,0.0,R,0.0,Z,0.0,A,,R,10
221388,2010,A,,A,,A,,R,55.0,R,0.0,R,55.0,R,40.0,R,73.0,R,2.0,R,0.0,R,2.0,R,1.0,R,50.0,R,17
221397,2010,R,1156.0,R,2009.0,R,58.0,R,1384.0,R,1.0,R,1383.0,R,809.0,R,58.0,R,336.0,R,0.0,R,336.0,R,143.0,R,43.0,R,22
221430,2010,A,,A,,A,,R,146.0,R,0.0,R,146.0,R,139.0,R,95.0,R,41.0,R,0.0,R,41.0,R,28.0,R,68.0,R,20
221485,2010,R,1798.0,R,3885.0,R,46.0,R,2063.0,Z,0.0,R,2063.0,R,957.0,R,46.0,R,817.0,Z,0.0,R,817.0,R,296.0,R,36.0,R,22
221494,2010,A,,A,,A,,R,151.0,R,0.0,R,151.0,R,119.0,R,79.0,R,16.0,R,0.0,R,16.0,R,11.0,R,69.0,R,20
221519,2010,R,401.0,R,437.0,R,92.0,R,402.0,R,1.0,R,401.0,R,342.0,R,85.0,R,0.0,R,0.0,R,0.0,R,0.0,A,,R,11
221582,2010,A,,A,,A,,R,123.0,R,0.0,R,123.0,R,95.0,R,77.0,R,13.0,R,0.0,R,13.0,R,12.0,R,92.0,R,18
221591,2010,A,,A,,A,,R,101.0,Z,0.0,R,101.0,R,66.0,R,65.0,R,73.0,Z,0.0,R,73.0,R,46.0,R,63.0,R,13
221607,2010,A,,A,,A,,R,128.0,R,0.0,R,128.0,R,107.0,R,84.0,R,4.0,R,0.0,R,4.0,R,2.0,R,50.0,R,17
221616,2010,A,,A,,A,,R,370.0,R,4.0,R,366.0,R,247.0,R,67.0,R,0.0,R,0.0,R,0.0,R,0.0,A,,R,19
221625,2010,A,,A,,A,,R,249.0,R,0.0,R,249.0,R,204.0,R,82.0,R,227.0,R,0.0,R,227.0,R,194.0,R,85.0,R,18
221634,2010,A,,A,,A,,R,81.0,R,0.0,R,81.0,R,55.0,R,68.0,R,10.0,R,0.0,R,10.0,R,6.0,R,60.0,R,37
221643,2010,R,1703.0,R,3310.0,R,51.0,R,1930.0,R,0.0,R,1930.0,R,937.0,R,49.0,R,420.0,R,0.0,R,420.0,R,197.0,R,47.0,R,27
221661,2010,R,613.0,R,916.0,R,67.0,R,595.0,Z,0.0,R,595.0,R,433.0,R,73.0,R,8.0,Z,0.0,R,8.0,R,4.0,R,50.0,R,16
221731,2010,R,218.0,R,364.0,R,60.0,R,247.0,R,0.0,R,247.0,R,161.0,R,65.0,R,2.0,R,0.0,R,2.0,R,1.0,R,50.0,R,16
221740,2010,R,1940.0,R,2654.0,R,73.0,R,2189.0,R,0.0,R,2189.0,R,1478.0,R,68.0,R,20.0,R,0.0,R,20.0,R,7.0,R,35.0,R,18
221759,2010,R,4199.0,R,4232.0,R,99.0,R,3697.0,R,0.0,R,3697.0,R,3188.0,R,86.0,R,19.0,R,0.0,R,19.0,R,11.0,R,58.0,R,15
221768,2010,R,1273.0,R,1820.0,R,70.0,R,1372.0,R,1.0,R,1371.0,R,973.0,R,71.0,R,12.0,R,0.0,R,12.0,R,9.0,R,75.0,R,19
221795,2010,R,76.0,R,84.0,R,90.0,R,0.0,R,0.0,R,0.0,R,0.0,A,,R,0.0,R,0.0,R,0.0,R,0.0,A,,R,12
221829,2010,A,,A,,A,,R,122.0,R,0.0,R,122.0,R,101.0,R,83.0,R,0.0,R,0.0,R,0.0,R,0.0,A,,R,20
221838,2010,R,1291.0,R,2042.0,R,63.0,R,1305.0,Z,0.0,R,1305.0,R,818.0,R,63.0,R,33.0,Z,0.0,R,33.0,R,14.0,R,42.0,R,16
221847,2010,R,1899.0,R,2757.0,R,69.0,R,1882.0,Z,0.0,R,1882.0,R,1437.0,R,76.0,R,11.0,Z,0.0,R,11.0,R,5.0,R,45.0,R,21
221856,2010,R,109.0,R,295.0,R,37.0,R,130.0,R,0.0,R,130.0,R,47.0,R,36.0,R,6.0,R,0.0,R,6.0,R,1.0,R,17.0,R,23
221892,2010,R,234.0,R,328.0,R,71.0,R,240.0,R,0.0,R,240.0,R,187.0,R,78.0,R,0.0,R,0.0,R,0.0,R,0.0,A,,R,16
221908,2010,R,1181.0,R,1963.0,R,60.0,R,1191.0,Z,0.0,R,1191.0,R,730.0,R,61.0,R,209.0,Z,0.0,R,209.0,R,97.0,R,46.0,R,21
221953,2010,R,365.0,R,402.0,R,91.0,R,369.0,R,0.0,R,369.0,R,223.0,R,60.0,R,0.0,R,0.0,R,0.0,R,0.0,A,,R,15
221971,2010,R,473.0,R,1240.0,R,38.0,R,491.0,R,0.0,R,491.0,R,413.0,R,84.0,R,35.0,R,0.0,R,35.0,R,25.0,R,71.0,R,12
221980,2010,A,,A,,A,,R,18.0,R,0.0,R,18.0,R,13.0,R,72.0,R,1.0,R,0.0,R,1.0,R,1.0,R,100.0,R,20
221999,2010,R,1600.0,R,1846.0,R,87.0,R,1598.0,R,0.0,R,1598.0,R,1544.0,R,97.0,R,1.0,R,0.0,R,1.0,R,1.0,R,100.0,R,8
222026,2010,A,,A,,A,,R,12.0,R,0.0,R,12.0,R,10.0,R,83.0,R,0.0,R,0.0,R,0.0,R,0.0,A,,R,17
222053,2010,R,1414.0,R,2518.0,R,56.0,R,1499.0,R,0.0,R,1499.0,R,803.0,R,54.0,R,306.0,R,0.0,R,306.0,R,137.0,R,45.0,R,26
222062,2010,R,1417.0,R,1963.0,R,72.0,R,1558.0,R,0.0,R,1558.0,R,921.0,R,59.0,R,246.0,R,0.0,R,246.0,R,121.0,R,49.0,R,16
222099,2010,A,,A,,A,,R,268.0,R,0.0,R,268.0,R,196.0,R,73.0,R,19.0,R,0.0,R,19.0,R,10.0,R,53.0,R,24
222105,2010,R,24.0,R,68.0,R,35.0,R,27.0,R,0.0,R,27.0,R,23.0,R,85.0,R,59.0,R,0.0,R,59.0,R,54.0,R,92.0,R,12
222178,2010,R,980.0,R,1215.0,R,81.0,R,982.0,R,0.0,R,982.0,R,696.0,R,71.0,R,1.0,R,0.0,R,1.0,R,0.0,R,0.0,R,15
222567,2010,R,396.0,R,3464.0,R,11.0,R,338.0,Z,0.0,R,338.0,R,237.0,R,70.0,R,441.0,Z,0.0,R,441.0,R,260.0,R,59.0,R,18
222576,2010,R,775.0,R,1991.0,R,39.0,R,676.0,Z,0.0,R,676.0,R,356.0,R,53.0,R,641.0,Z,0.0,R,641.0,R,241.0,R,38.0,R,21
222628,2010,A,,A,,A,,A,,A,,A,,A,,A,,A,,A,,A,,A,,A,,R,25
222673,2010,A,,A,,A,,R,126.0,R,0.0,R,126.0,R,96.0,R,76.0,R,42.0,R,0.0,R,42.0,R,27.0,R,64.0,R,20
222682,2010,A,,A,,A,,R,28.0,R,0.0,R,28.0,R,22.0,R,79.0,R,119.0,R,0.0,R,119.0,R,114.0,R,96.0,R,20
222691,2010,A,,A,,A,,R,55.0,R,0.0,R,55.0,R,42.0,R,76.0,R,11.0,R,0.0,R,11.0,R,8.0,R,73.0,R,20
222707,2010,A,,A,,A,,R,130.0,R,0.0,R,130.0,R,105.0,R,81.0,R,47.0,R,0.0,R,47.0,R,10.0,R,21.0,R,16
222761,2010,A,,A,,A,,R,490.0,Z,0.0,R,490.0,R,247.0,R,50.0,Z,0.0,Z,0.0,Z,0.0,Z,0.0,A,,R,22
222822,2010,R,707.0,R,2132.0,R,33.0,R,713.0,R,2.0,R,711.0,R,302.0,R,42.0,R,886.0,R,0.0,R,886.0,R,445.0,R,50.0,R,18
222831,2010,R,1444.0,R,2062.0,R,70.0,R,1423.0,R,0.0,R,1423.0,R,903.0,R,63.0,R,51.0,R,0.0,R,51.0,R,20.0,R,39.0,R,22
222877,2010,R,50.0,R,102.0,R,49.0,R,21.0,R,0.0,R,21.0,R,15.0,R,71.0,R,0.0,Z,0.0,R,0.0,Z,0.0,A,,R,14
222886,2010,A,,A,,A,,R,194.0,R,0.0,R,194.0,R,148.0,R,76.0,R,34.0,R,0.0,R,34.0,R,25.0,R,74.0,R,17
222938,2010,R,356.0,R,780.0,R,46.0,R,226.0,R,3.0,R,223.0,R,122.0,R,55.0,R,60.0,R,0.0,R,60.0,R,28.0,R,47.0,R,20
222983,2010,R,319.0,R,358.0,R,89.0,R,413.0,R,0.0,R,413.0,R,347.0,R,84.0,R,0.0,Z,0.0,R,0.0,R,0.0,A,,R,13
222992,2010,R,2034.0,R,13810.0,R,15.0,R,1946.0,Z,0.0,R,1946.0,R,1091.0,R,56.0,R,2419.0,Z,0.0,R,2419.0,R,1081.0,R,45.0,R,21
223056,2010,A,,A,,A,,R,80.0,R,0.0,R,80.0,R,76.0,R,95.0,R,0.0,R,0.0,R,0.0,R,0.0,A,,R,25
223083,2010,R,24.0,R,199.0,R,12.0,R,19.0,R,0.0,R,19.0,R,17.0,R,89.0,R,0.0,R,0.0,R,0.0,R,0.0,A,,R,16
223117,2010,A,,A,,A,,R,0.0,R,0.0,R,0.0,R,0.0,A,,R,4.0,R,0.0,R,4.0,R,3.0,R,75.0,R,11
223214,2010,A,,A,,A,,A,,A,,A,,A,,A,,A,,A,,A,,A,,A,,R,4
223232,2010,R,3257.0,R,3708.0,R,88.0,R,3098.0,R,1.0,R,3097.0,R,2537.0,R,82.0,R,0.0,R,0.0,R,0.0,R,0.0,A,,R,14
223320,2010,R,423.0,R,1454.0,R,29.0,R,517.0,R,0.0,R,517.0,R,235.0,R,45.0,R,231.0,R,0.0,R,231.0,R,93.0,R,40.0,R,19
223427,2010,R,2418.0,R,6619.0,R,37.0,R,2615.0,Z,0.0,R,2615.0,R,1318.0,R,50.0,R,796.0,Z,0.0,R,796.0,R,400.0,R,50.0,R,26
223463,2010,A,,A,,A,,R,524.0,R,1.0,R,523.0,R,390.0,R,75.0,Z,0.0,Z,0.0,Z,0.0,Z,0.0,A,,R,27
223472,2010,R,49.0,R,103.0,R,48.0,R,109.0,R,0.0,R,109.0,R,80.0,R,73.0,R,0.0,R,0.0,R,0.0,R,0.0,A,,R,32
223506,2010,R,216.0,R,1074.0,R,20.0,R,2.0,R,0.0,R,2.0,R,1.0,R,50.0,R,10.0,R,0.0,R,10.0,R,10.0,R,100.0,R,18
223524,2010,R,630.0,R,3073.0,R,21.0,R,610.0,Z,0.0,R,610.0,R,360.0,R,59.0,R,746.0,Z,0.0,R,746.0,R,381.0,R,51.0,R,22
223658,2010,A,,A,,A,,R,41.0,R,0.0,R,41.0,R,32.0,R,78.0,Z,0.0,Z,0.0,Z,0.0,Z,0.0,A,,R,16
223667,2010,A,,A,,A,,R,9.0,R,0.0,R,9.0,R,5.0,R,56.0,Z,0.0,Z,0.0,Z,0.0,Z,0.0,A,,R,4
223773,2010,R,436.0,R,1673.0,R,26.0,R,467.0,Z,0.0,R,467.0,R,232.0,R,50.0,R,320.0,Z,0.0,R,320.0,R,132.0,R,41.0,R,22
223816,2010,R,908.0,R,7711.0,R,12.0,R,787.0,Z,0.0,R,787.0,R,421.0,R,53.0,R,3554.0,Z,0.0,R,3554.0,R,965.0,R,27.0,R,12
223852,2010,A,,A,,A,,R,43.0,R,0.0,R,43.0,R,35.0,R,81.0,R,0.0,R,0.0,R,0.0,R,0.0,A,,R,6
223898,2010,R,754.0,R,2105.0,R,36.0,R,668.0,R,0.0,R,668.0,R,354.0,R,53.0,R,1195.0,R,0.0,R,1195.0,R,609.0,R,51.0,R,25
223922,2010,R,259.0,R,698.0,R,37.0,R,234.0,R,0.0,R,234.0,R,126.0,R,54.0,R,350.0,R,0.0,R,350.0,R,154.0,R,44.0,R,17
224004,2010,R,235.0,R,482.0,R,49.0,R,225.0,R,0.0,R,225.0,R,130.0,R,58.0,R,11.0,R,0.0,R,11.0,R,5.0,R,45.0,R,12
224013,2010,A,,A,,A,,R,29.0,Z,0.0,R,29.0,R,23.0,R,79.0,R,24.0,Z,0.0,R,24.0,R,15.0,R,63.0,R,14
224110,2010,R,501.0,R,3699.0,R,14.0,R,478.0,Z,0.0,R,478.0,R,255.0,R,53.0,R,797.0,Z,0.0,R,797.0,R,281.0,R,35.0,R,26
224147,2010,R,1379.0,R,2241.0,R,62.0,R,1281.0,R,0.0,R,1281.0,R,829.0,R,65.0,R,38.0,R,0.0,R,38.0,R,14.0,R,37.0,R,19
224156,2010,A,,A,,A,,R,173.0,R,0.0,R,173.0,R,148.0,R,86.0,R,0.0,R,0.0,R,0.0,R,0.0,A,,R,26
224183,2010,R,19.0,R,60.0,R,32.0,R,252.0,R,0.0,R,252.0,R,155.0,R,62.0,R,56.0,R,0.0,R,56.0,R,28.0,R,50.0,R,22
224226,2010,R,374.0,R,656.0,R,57.0,R,350.0,R,0.0,R,350.0,R,268.0,R,77.0,R,1.0,R,0.0,R,1.0,R,0.0,R,0.0,R,14
224244,2010,R,47.0,R,107.0,R,44.0,R,38.0,R,0.0,R,38.0,R,18.0,R,47.0,R,4.0,R,0.0,R,4.0,R,3.0,R,75.0,R,21
224271,2010,R,56.0,R,56.0,R,100.0,R,34.0,Z,0.0,R,34.0,R,31.0,R,91.0,R,0.0,R,0.0,R,0.0,R,0.0,A,,R,24
224323,2010,R,376.0,R,420.0,R,90.0,R,320.0,R,1.0,R,319.0,R,261.0,R,82.0,R,0.0,R,0.0,R,0.0,R,0.0,A,,R,12
224350,2010,R,751.0,R,2131.0,R,35.0,R,882.0,R,0.0,R,882.0,R,502.0,R,57.0,R,905.0,R,0.0,R,905.0,R,393.0,R,43.0,R,14
224402,2010,R,422.0,R,2411.0,R,18.0,R,371.0,R,0.0,R,371.0,R,148.0,R,40.0,R,218.0,R,0.0,R,218.0,R,88.0,R,40.0,R,22
224439,2010,A,,A,,A,,R,473.0,R,0.0,R,473.0,R,351.0,R,74.0,R,0.0,R,0.0,R,0.0,R,0.0,A,,R,19
224527,2010,R,284.0,R,480.0,R,59.0,R,279.0,R,0.0,R,279.0,R,178.0,R,64.0,R,1.0,R,0.0,R,1.0,R,0.0,R,0.0,R,15
224545,2010,R,113.0,R,506.0,R,22.0,R,0.0,R,0.0,R,0.0,R,0.0,A,,R,0.0,R,0.0,R,0.0,R,0.0,A,,R,15
224554,2010,R,773.0,R,2018.0,R,38.0,R,718.0,R,0.0,R,718.0,R,451.0,R,63.0,R,116.0,R,0.0,R,116.0,R,38.0,R,33.0,R,20
224572,2010,R,749.0,R,3144.0,R,24.0,R,709.0,Z,0.0,R,709.0,R,413.0,R,58.0,R,787.0,Z,0.0,R,787.0,R,361.0,R,46.0,R,25
224615,2010,R,501.0,R,2470.0,R,20.0,R,449.0,Z,0.0,R,449.0,R,250.0,R,56.0,R,570.0,Z,0.0,R,570.0,R,259.0,R,45.0,R,20
224642,2010,R,3171.0,R,7340.0,R,43.0,R,3073.0,R,2.0,R,3071.0,R,2157.0,R,70.0,R,2510.0,R,1.0,R,2509.0,R,1301.0,R,52.0,R,24
224660,2010,A,,A,,A,,R,120.0,R,0.0,R,120.0,R,87.0,R,73.0,R,33.0,R,0.0,R,33.0,R,19.0,R,58.0,R,14
224679,2010,A,,A,,A,,R,228.0,R,0.0,R,228.0,R,183.0,R,80.0,R,54.0,R,0.0,R,54.0,R,36.0,R,67.0,R,14
224758,2010,A,,A,,A,,R,31.0,R,0.0,R,31.0,R,22.0,R,71.0,R,5.0,R,0.0,R,5.0,R,3.0,R,60.0,R,17
224776,2010,R,410.0,R,751.0,R,55.0,R,183.0,R,0.0,R,183.0,R,95.0,R,52.0,R,77.0,R,0.0,R,77.0,R,24.0,R,31.0,R,18
224828,2010,A,,A,,A,,R,39.0,R,0.0,R,39.0,R,30.0,R,77.0,R,63.0,R,0.0,R,63.0,R,52.0,R,83.0,R,14
224891,2010,R,181.0,R,321.0,R,56.0,R,196.0,R,0.0,R,196.0,R,113.0,R,58.0,R,41.0,R,0.0,R,41.0,R,19.0,R,46.0,R,22
224907,2010,A,,A,,A,,R,57.0,R,0.0,R,57.0,R,20.0,R,35.0,R,0.0,R,0.0,R,0.0,R,0.0,A,,R,38
224961,2010,R,220.0,R,656.0,R,34.0,R,192.0,R,0.0,R,192.0,R,113.0,R,59.0,R,146.0,R,0.0,R,146.0,R,67.0,R,46.0,R,17
225070,2010,R,731.0,R,2448.0,R,30.0,R,557.0,Z,0.0,R,557.0,R,413.0,R,74.0,R,234.0,Z,0.0,R,234.0,R,215.0,R,92.0,R,22
225201,2010,A,,A,,A,,R,7.0,R,0.0,R,7.0,R,4.0,R,57.0,R,0.0,R,0.0,R,0.0,R,0.0,A,,R,21
225247,2010,R,403.0,R,552.0,R,73.0,R,409.0,R,0.0,R,409.0,R,276.0,R,67.0,R,0.0,R,0.0,R,0.0,R,0.0,A,,R,13
225308,2010,R,589.0,R,1256.0,R,47.0,R,635.0,R,5.0,R,630.0,R,496.0,R,79.0,R,1191.0,R,7.0,R,1184.0,R,606.0,R,51.0,R,24
225371,2010,R,629.0,R,1630.0,R,39.0,R,556.0,R,0.0,R,556.0,R,285.0,R,51.0,R,194.0,R,0.0,R,194.0,R,85.0,R,44.0,R,22
225399,2010,R,513.0,R,732.0,R,70.0,R,547.0,R,0.0,R,547.0,R,345.0,R,63.0,R,7.0,R,0.0,R,7.0,R,2.0,R,29.0,R,15
225414,2010,A,,A,,A,,A,,A,,A,,A,,A,,A,,A,,A,,A,,A,,R,15
225423,2010,R,3675.0,R,16302.0,R,23.0,R,3824.0,R,0.0,R,3824.0,R,2315.0,R,61.0,R,6300.0,R,0.0,R,6300.0,R,3104.0,R,49.0,R,24
225432,2010,R,824.0,R,3234.0,R,25.0,R,722.0,R,0.0,R,722.0,R,428.0,R,59.0,R,349.0,R,0.0,R,349.0,R,150.0,R,43.0,R,20
225502,2010,R,174.0,R,695.0,R,25.0,Z,0.0,Z,0.0,Z,0.0,Z,0.0,A,,Z,0.0,Z,0.0,Z,0.0,Z,0.0,A,,R,17
225511,2010,R,3453.0,R,8146.0,R,42.0,R,3100.0,R,0.0,R,3100.0,R,2529.0,R,82.0,R,201.0,R,0.0,R,201.0,R,124.0,R,62.0,R,23
225520,2010,R,413.0,R,1954.0,R,21.0,R,326.0,Z,0.0,R,326.0,R,166.0,R,51.0,R,148.0,Z,0.0,R,148.0,R,71.0,R,48.0,R,14
225548,2010,R,318.0,R,532.0,R,60.0,R,205.0,R,0.0,R,205.0,R,138.0,R,67.0,R,6.0,R,0.0,R,6.0,R,1.0,R,17.0,R,11
225575,2010,R,268.0,R,328.0,R,82.0,R,250.0,R,0.0,R,250.0,R,125.0,R,50.0,Z,0.0,Z,0.0,Z,0.0,Z,0.0,A,,R,14
225627,2010,R,872.0,R,1479.0,R,59.0,R,721.0,R,0.0,R,721.0,R,543.0,R,75.0,R,23.0,R,0.0,R,23.0,R,15.0,R,65.0,R,14
225779,2010,A,,A,,A,,R,180.0,Z,0.0,R,180.0,R,155.0,R,86.0,R,31.0,Z,0.0,R,31.0,R,23.0,R,74.0,R,10
225788,2010,A,,A,,A,,R,190.0,R,0.0,R,190.0,R,168.0,R,88.0,R,76.0,R,0.0,R,76.0,R,76.0,R,100.0,R,12
225849,2010,R,102.0,R,133.0,R,77.0,R,1.0,R,0.0,R,1.0,R,0.0,R,0.0,R,0.0,R,0.0,R,0.0,R,0.0,A,,R,23
225858,2010,R,75.0,R,89.0,R,84.0,R,0.0,R,0.0,R,0.0,R,0.0,A,,R,0.0,R,0.0,R,0.0,R,0.0,A,,R,28
225876,2010,R,99.0,R,221.0,R,45.0,R,86.0,R,0.0,R,86.0,R,53.0,R,62.0,R,6.0,R,0.0,R,6.0,R,0.0,R,0.0,R,16
225885,2010,R,82.0,R,122.0,R,67.0,R,118.0,R,0.0,R,118.0,R,56.0,R,47.0,R,0.0,R,0.0,R,0.0,R,0.0,A,,R,16
225991,2010,R,32.0,R,72.0,R,44.0,R,33.0,R,0.0,R,33.0,R,21.0,R,64.0,R,0.0,R,0.0,R,0.0,R,0.0,A,,R,14
226019,2010,R,1029.0,R,6273.0,R,16.0,R,1064.0,R,0.0,R,1064.0,R,582.0,R,55.0,R,349.0,R,0.0,R,349.0,R,168.0,R,48.0,R,18
226091,2010,R,1517.0,R,2578.0,R,59.0,R,1496.0,R,0.0,R,1496.0,R,976.0,R,65.0,R,84.0,R,0.0,R,84.0,R,32.0,R,38.0,R,21
226107,2010,R,458.0,R,915.0,R,50.0,R,383.0,Z,0.0,R,383.0,R,199.0,R,52.0,R,79.0,Z,0.0,R,79.0,R,31.0,R,39.0,R,19
226116,2010,R,428.0,R,863.0,R,50.0,R,326.0,R,0.0,R,326.0,R,150.0,R,46.0,R,91.0,R,0.0,R,91.0,R,25.0,R,27.0,R,25
226125,2010,A,,A,,A,,R,101.0,R,0.0,R,101.0,R,66.0,R,65.0,R,0.0,R,0.0,R,0.0,R,0.0,A,,R,15
226134,2010,R,936.0,R,2119.0,R,44.0,R,973.0,R,0.0,R,973.0,R,695.0,R,71.0,R,857.0,R,0.0,R,857.0,R,474.0,R,55.0,R,25
226152,2010,R,844.0,R,1311.0,R,64.0,R,717.0,Z,0.0,R,717.0,R,523.0,R,73.0,R,6.0,Z,0.0,R,6.0,R,3.0,R,50.0,R,21
226204,2010,R,436.0,R,1220.0,R,36.0,R,496.0,R,0.0,R,496.0,R,328.0,R,66.0,R,558.0,R,0.0,R,558.0,R,302.0,R,54.0,R,16
226231,2010,R,428.0,R,712.0,R,60.0,R,339.0,R,0.0,R,339.0,R,258.0,R,76.0,R,2.0,R,0.0,R,2.0,R,1.0,R,50.0,R,18
226277,2010,A,,A,,A,,R,477.0,R,0.0,R,477.0,R,293.0,R,61.0,R,0.0,R,0.0,R,0.0,R,0.0,A,,R,29
226329,2010,R,615.0,R,751.0,R,82.0,R,553.0,Z,0.0,R,553.0,R,254.0,R,46.0,R,60.0,Z,0.0,R,60.0,R,7.0,R,12.0,R,15
226374,2010,A,,A,,A,,R,23.0,R,0.0,R,23.0,R,17.0,R,74.0,R,0.0,R,0.0,R,0.0,R,0.0,A,,R,18
226383,2010,R,339.0,R,613.0,R,55.0,R,252.0,R,0.0,R,252.0,R,153.0,R,61.0,R,2.0,R,0.0,R,2.0,R,0.0,R,0.0,R,15
226408,2010,R,251.0,R,838.0,R,30.0,R,256.0,R,0.0,R,256.0,R,158.0,R,62.0,R,301.0,R,0.0,R,301.0,R,128.0,R,43.0,R,16
226471,2010,R,603.0,R,909.0,R,66.0,R,595.0,R,0.0,R,595.0,R,355.0,R,60.0,R,3.0,R,0.0,R,3.0,R,2.0,R,67.0,R,13
226578,2010,R,1288.0,R,2278.0,R,57.0,R,1169.0,R,0.0,R,1169.0,R,686.0,R,59.0,R,350.0,R,0.0,R,350.0,R,183.0,R,52.0,R,23
226587,2010,R,280.0,R,497.0,R,56.0,R,320.0,R,0.0,R,320.0,R,171.0,R,53.0,R,0.0,R,0.0,R,0.0,R,0.0,A,,R,13
226675,2010,A,,A,,A,,A,,A,,A,,A,,A,,A,,A,,A,,A,,A,,R,7
226772,2010,A,,A,,A,,R,24.0,R,2.0,R,22.0,R,12.0,R,55.0,R,4.0,R,1.0,R,3.0,R,1.0,R,33.0,R,15
226806,2010,R,508.0,R,1314.0,R,39.0,R,2.0,R,0.0,R,2.0,R,2.0,R,100.0,R,4.0,R,0.0,R,4.0,R,1.0,R,25.0,R,17
226833,2010,R,740.0,R,1404.0,R,53.0,R,701.0,Z,0.0,R,701.0,R,501.0,R,71.0,R,14.0,Z,0.0,R,14.0,R,6.0,R,43.0,R,19
226860,2010,A,,A,,A,,R,18.0,R,0.0,R,18.0,R,14.0,R,78.0,R,0.0,R,0.0,R,0.0,R,0.0,A,,R,13
226879,2010,R,71.0,R,151.0,R,47.0,R,64.0,R,0.0,R,64.0,R,39.0,R,61.0,R,0.0,R,0.0,R,0.0,R,0.0,A,,R,21
226903,2010,A,,A,,A,,R,174.0,Z,0.0,R,174.0,R,96.0,R,55.0,Z,0.0,Z,0.0,Z,0.0,Z,0.0,A,,R,8
226930,2010,R,651.0,R,1976.0,R,33.0,R,701.0,Z,0.0,R,701.0,R,412.0,R,59.0,R,508.0,Z,0.0,R,508.0,R,224.0,R,44.0,R,25
227003,2010,A,,A,,A,,A,,A,,A,,A,,A,,A,,A,,A,,A,,A,,R,33
227058,2010,A,,A,,A,,R,10.0,R,0.0,R,10.0,R,5.0,R,50.0,R,4.0,R,0.0,R,4.0,R,3.0,R,75.0,R,15
227146,2010,R,1579.0,R,2915.0,R,54.0,R,1455.0,Z,0.0,R,1455.0,R,796.0,R,55.0,R,475.0,Z,0.0,R,475.0,R,214.0,R,45.0,R,26
227155,2010,A,,A,,A,,R,1.0,Z,0.0,R,1.0,R,1.0,R,100.0,R,13.0,Z,0.0,R,13.0,R,13.0,R,100.0,R,16
227182,2010,R,4661.0,R,16521.0,R,28.0,R,3845.0,R,0.0,R,3845.0,R,2673.0,R,70.0,R,2262.0,R,0.0,R,2262.0,R,1250.0,R,55.0,R,18
227191,2010,R,589.0,R,3366.0,R,17.0,R,677.0,Z,0.0,R,677.0,R,407.0,R,60.0,R,519.0,Z,0.0,R,519.0,R,263.0,R,51.0,R,26
227216,2010,R,3490.0,R,7737.0,R,45.0,R,3258.0,R,2.0,R,3256.0,R,2537.0,R,78.0,R,107.0,R,0.0,R,107.0,R,67.0,R,63.0,R,23
227225,2010,R,571.0,R,1016.0,R,56.0,R,411.0,R,0.0,R,411.0,R,212.0,R,52.0,R,142.0,R,0.0,R,142.0,R,59.0,R,42.0,R,20
227243,2010,R,95.0,R,184.0,R,52.0,R,141.0,Z,0.0,R,141.0,R,99.0,R,70.0,R,0.0,Z,0.0,R,0.0,R,0.0,A,,R,16
227298,2010,A,,A,,A,,A,,A,,A,,A,,A,,A,,A,,A,,A,,A,,R,30
227304,2010,R,312.0,R,963.0,R,32.0,R,344.0,R,0.0,R,344.0,R,247.0,R,72.0,R,330.0,R,0.0,R,330.0,R,150.0,R,45.0,R,20
227313,2010,A,,A,,A,,R,74.0,R,0.0,R,74.0,R,52.0,R,70.0,R,36.0,R,0.0,R,36.0,R,22.0,R,61.0,R,16
227322,2010,A,,A,,A,,R,93.0,R,0.0,R,93.0,R,61.0,R,66.0,R,27.0,R,0.0,R,27.0,R,12.0,R,44.0,R,20
227331,2010,R,299.0,R,562.0,R,53.0,R,247.0,R,0.0,R,247.0,R,149.0,R,60.0,R,5.0,R,0.0,R,5.0,R,2.0,R,40.0,R,13
227368,2010,R,2721.0,R,3929.0,R,69.0,R,2692.0,R,0.0,R,2692.0,R,1951.0,R,72.0,R,190.0,R,0.0,R,190.0,R,106.0,R,56.0,R,21
227377,2010,R,1676.0,R,2872.0,R,58.0,R,1279.0,R,0.0,R,1279.0,R,794.0,R,62.0,R,383.0,R,0.0,R,383.0,R,145.0,R,38.0,R,19
227386,2010,R,338.0,R,706.0,R,48.0,R,314.0,R,1.0,R,313.0,R,155.0,R,50.0,R,71.0,Z,0.0,R,71.0,R,25.0,R,35.0,R,18
227401,2010,R,1082.0,R,1919.0,R,56.0,R,1121.0,R,0.0,R,1121.0,R,623.0,R,56.0,R,252.0,R,0.0,R,252.0,R,118.0,R,47.0,R,27
227429,2010,R,77.0,R,113.0,R,68.0,R,35.0,R,0.0,R,35.0,R,18.0,R,51.0,R,1.0,R,0.0,R,1.0,R,0.0,R,0.0,R,12
227526,2010,R,1721.0,R,2113.0,R,81.0,R,1584.0,R,2.0,R,1582.0,R,1118.0,R,71.0,R,5.0,R,0.0,R,5.0,R,3.0,R,60.0,R,17
227687,2010,R,350.0,R,1199.0,R,29.0,R,261.0,Z,0.0,R,261.0,R,91.0,R,35.0,R,323.0,Z,0.0,R,323.0,R,158.0,R,49.0,R,17
227748,2010,A,,A,,A,,R,28.0,R,0.0,R,28.0,R,13.0,R,46.0,R,0.0,Z,0.0,R,0.0,Z,0.0,A,,R,14
227757,2010,R,947.0,R,1061.0,R,89.0,R,894.0,R,3.0,R,891.0,R,847.0,R,95.0,R,0.0,R,0.0,R,0.0,R,0.0,A,,R,9
227766,2010,R,950.0,R,4438.0,R,21.0,R,1094.0,Z,0.0,R,1094.0,R,727.0,R,66.0,R,1046.0,Z,0.0,R,1046.0,R,568.0,R,54.0,R,22
227836,2010,A,,A,,A,,R,352.0,Z,0.0,R,352.0,R,260.0,R,74.0,R,0.0,Z,0.0,R,0.0,R,0.0,A,,R,40
227845,2010,R,771.0,R,1237.0,R,62.0,R,757.0,R,0.0,R,757.0,R,626.0,R,83.0,R,4.0,R,0.0,R,4.0,R,3.0,R,75.0,R,14
227854,2010,R,660.0,R,2694.0,R,24.0,R,919.0,R,0.0,R,919.0,R,382.0,R,42.0,R,731.0,R,0.0,R,731.0,R,266.0,R,36.0,R,16
227863,2010,R,191.0,R,358.0,R,53.0,R,284.0,R,0.0,R,284.0,R,214.0,R,75.0,R,3.0,R,0.0,R,3.0,R,2.0,R,67.0,R,11
227881,2010,R,2211.0,R,4367.0,R,51.0,R,2122.0,R,0.0,R,2122.0,R,1522.0,R,72.0,R,48.0,R,0.0,R,48.0,R,19.0,R,40.0,R,19
227924,2010,R,1512.0,R,7163.0,R,21.0,R,2181.0,R,0.0,R,2181.0,R,1237.0,R,57.0,R,1680.0,R,0.0,R,1680.0,R,728.0,R,43.0,R,21
227979,2010,R,3182.0,R,8131.0,R,39.0,R,2977.0,Z,0.0,R,2977.0,R,1938.0,R,65.0,R,2381.0,Z,0.0,R,2381.0,R,1156.0,R,49.0,R,21
228042,2010,R,253.0,R,321.0,R,79.0,R,289.0,R,0.0,R,289.0,R,182.0,R,63.0,R,1.0,R,0.0,R,1.0,R,0.0,R,0.0,R,14
228088,2010,A,,A,,A,,R,12.0,R,0.0,R,12.0,R,10.0,R,83.0,R,0.0,R,0.0,R,0.0,R,0.0,A,,R,20
228149,2010,R,584.0,R,748.0,R,78.0,R,531.0,R,0.0,R,531.0,R,415.0,R,78.0,R,0.0,Z,0.0,R,0.0,R,0.0,A,,R,13
228158,2010,R,1159.0,R,3288.0,R,35.0,R,1084.0,R,0.0,R,1084.0,R,583.0,R,54.0,R,349.0,R,0.0,R,349.0,R,259.0,R,74.0,R,24
228185,2010,A,,A,,A,,R,15.0,R,1.0,R,14.0,R,5.0,R,36.0,R,2.0,Z,0.0,R,2.0,R,1.0,R,50.0,R,20
228200,2010,A,,A,,A,,R,262.0,Z,0.0,R,262.0,R,171.0,R,65.0,R,36.0,Z,0.0,R,36.0,R,34.0,R,94.0,R,35
228219,2010,A,,A,,A,,R,388.0,Z,0.0,R,388.0,R,256.0,R,66.0,R,47.0,Z,0.0,R,47.0,R,46.0,R,98.0,R,35
228246,2010,R,1476.0,R,1788.0,R,83.0,R,1325.0,R,0.0,R,1325.0,R,1174.0,R,89.0,R,4.0,R,0.0,R,4.0,R,3.0,R,75.0,R,12
228282,2010,A,,A,,A,,A,,A,,A,,A,,A,,A,,A,,A,,A,,A,,R,22
228291,2010,A,,A,,A,,R,8.0,R,0.0,R,8.0,R,5.0,R,63.0,Z,0.0,Z,0.0,Z,0.0,Z,0.0,A,,R,4
228316,2010,R,768.0,R,2229.0,R,34.0,R,657.0,R,0.0,R,657.0,R,405.0,R,62.0,R,293.0,R,0.0,R,293.0,R,140.0,R,48.0,R,26
228325,2010,R,257.0,R,556.0,R,46.0,R,230.0,R,0.0,R,230.0,R,154.0,R,67.0,R,77.0,R,0.0,R,77.0,R,28.0,R,36.0,R,19
228343,2010,R,383.0,R,441.0,R,87.0,R,375.0,R,0.0,R,375.0,R,322.0,R,86.0,Z,0.0,Z,0.0,Z,0.0,Z,0.0,A,,R,11
228431,2010,R,2335.0,R,3581.0,R,65.0,R,2540.0,R,0.0,R,2540.0,R,1627.0,R,64.0,R,44.0,R,0.0,R,44.0,R,17.0,R,39.0,R,20
228459,2010,R,4043.0,R,7713.0,R,52.0,R,3809.0,R,0.0,R,3809.0,R,2996.0,R,79.0,R,59.0,R,0.0,R,59.0,R,38.0,R,64.0,R,19
228468,2010,R,139.0,R,243.0,R,57.0,R,112.0,R,0.0,R,112.0,R,74.0,R,66.0,R,1.0,R,0.0,R,1.0,R,1.0,R,100.0,R,12
228486,2010,R,97.0,R,97.0,R,100.0,R,2.0,R,0.0,R,2.0,R,2.0,R,100.0,R,0.0,R,0.0,R,0.0,R,0.0,A,,R,16
228501,2010,R,318.0,R,636.0,R,50.0,R,369.0,R,0.0,R,369.0,R,160.0,R,43.0,R,8.0,R,0.0,R,8.0,R,1.0,R,13.0,R,14
228529,2010,R,1439.0,R,2873.0,R,50.0,R,1206.0,R,0.0,R,1206.0,R,818.0,R,68.0,R,25.0,R,0.0,R,25.0,R,13.0,R,52.0,R,19
228547,2010,R,5224.0,R,16233.0,R,32.0,R,5022.0,Z,0.0,R,5022.0,R,2833.0,R,56.0,R,3490.0,Z,0.0,R,3490.0,R,1648.0,R,47.0,R,26
228608,2010,R,482.0,R,1165.0,R,41.0,R,482.0,R,0.0,R,482.0,R,264.0,R,55.0,R,283.0,R,0.0,R,283.0,R,103.0,R,36.0,R,21
228635,2010,A,,A,,A,,A,,A,,A,,A,,A,,A,,A,,A,,A,,A,,R,3
228644,2010,R,2.0,R,370.0,R,1.0,R,0.0,Z,0.0,R,0.0,Z,0.0,A,,Z,0.0,Z,0.0,Z,0.0,Z,0.0,A,,R,3
228653,2010,A,,A,,A,,A,,A,,A,,A,,A,,A,,A,,A,,A,,A,,R,34
228680,2010,R,915.0,R,2820.0,R,32.0,R,1149.0,Z,0.0,R,1149.0,R,605.0,R,53.0,R,356.0,Z,0.0,R,356.0,R,103.0,R,29.0,R,23
228699,2010,R,538.0,R,788.0,R,68.0,R,588.0,Z,0.0,R,588.0,R,408.0,R,69.0,R,114.0,Z,0.0,R,114.0,R,68.0,R,60.0,R,20
228705,2010,R,1278.0,R,2508.0,R,51.0,R,961.0,R,1.0,R,960.0,R,563.0,R,59.0,R,143.0,R,0.0,R,143.0,R,63.0,R,44.0,R,16
228714,2010,R,586.0,R,725.0,R,81.0,R,493.0,R,0.0,R,493.0,R,245.0,R,50.0,R,4.0,R,0.0,R,4.0,R,0.0,R,0.0,R,15
228723,2010,R,7451.0,R,9877.0,R,75.0,R,7431.0,Z,0.0,R,7431.0,R,6770.0,R,91.0,R,640.0,Z,0.0,R,640.0,R,554.0,R,87.0,R,20
228769,2010,R,2537.0,R,7854.0,R,32.0,R,2399.0,R,0.0,R,2399.0,R,1676.0,R,70.0,R,194.0,R,0.0,R,194.0,R,98.0,R,51.0,R,24
228778,2010,R,7233.0,R,9773.0,R,74.0,R,7198.0,R,5.0,R,7193.0,R,6603.0,R,92.0,R,44.0,Z,0.0,R,44.0,R,26.0,R,59.0,R,18
228787,2010,R,1346.0,R,3204.0,R,42.0,R,1305.0,R,0.0,R,1305.0,R,1122.0,R,86.0,R,37.0,R,0.0,R,37.0,R,23.0,R,62.0,R,20
228796,2010,R,2480.0,R,4543.0,R,55.0,R,2380.0,R,0.0,R,2380.0,R,1742.0,R,73.0,R,145.0,R,0.0,R,145.0,R,69.0,R,48.0,R,20
228802,2010,R,543.0,R,1404.0,R,39.0,R,587.0,R,0.0,R,587.0,R,378.0,R,64.0,R,21.0,R,0.0,R,21.0,R,13.0,R,62.0,R,16
228875,2010,R,1826.0,R,2266.0,R,81.0,R,1818.0,R,0.0,R,1818.0,R,1563.0,R,86.0,R,5.0,R,0.0,R,5.0,R,5.0,R,100.0,R,13
228884,2010,R,199.0,R,350.0,R,57.0,R,224.0,R,0.0,R,224.0,R,86.0,R,38.0,R,2.0,R,0.0,R,2.0,R,0.0,R,0.0,R,21
228981,2010,R,338.0,R,452.0,R,75.0,R,345.0,R,0.0,R,345.0,R,231.0,R,67.0,R,1.0,R,0.0,R,1.0,R,0.0,R,0.0,R,14
229018,2010,R,341.0,R,829.0,R,41.0,R,324.0,R,0.0,R,324.0,R,197.0,R,61.0,R,6.0,R,0.0,R,6.0,R,3.0,R,50.0,R,18
229027,2010,R,4816.0,R,7589.0,R,63.0,R,4561.0,R,1.0,R,4560.0,R,2607.0,R,57.0,R,65.0,R,0.0,R,65.0,R,31.0,R,48.0,R,25
229036,2010,A,,A,,A,,R,242.0,Z,0.0,R,242.0,R,167.0,R,69.0,R,0.0,Z,0.0,R,0.0,R,0.0,A,,R,41
229063,2010,R,1121.0,R,1798.0,R,62.0,R,1091.0,R,0.0,R,1091.0,R,662.0,R,61.0,R,82.0,R,0.0,R,82.0,R,28.0,R,34.0,R,20
229115,2010,R,4759.0,R,7345.0,R,65.0,R,4514.0,R,0.0,R,4514.0,R,3691.0,R,82.0,R,72.0,R,0.0,R,72.0,R,38.0,R,53.0,R,23
229151,2010,A,,A,,A,,R,39.0,R,3.0,R,36.0,R,32.0,R,89.0,R,0.0,R,0.0,R,0.0,R,0.0,A,,R,20
229160,2010,R,204.0,R,516.0,R,40.0,R,183.0,R,0.0,R,183.0,R,121.0,R,66.0,R,5.0,R,0.0,R,5.0,R,2.0,R,40.0,R,14
229179,2010,R,946.0,R,2497.0,R,38.0,R,734.0,R,0.0,R,734.0,R,532.0,R,72.0,R,17.0,R,0.0,R,17.0,R,5.0,R,29.0,R,17
229267,2010,R,587.0,R,622.0,R,94.0,R,642.0,R,0.0,R,642.0,R,580.0,R,90.0,R,0.0,R,0.0,R,0.0,R,0.0,A,,R,9
229300,2010,A,,A,,A,,A,,A,,A,,A,,A,,A,,A,,A,,A,,A,,R,5
229319,2010,R,401.0,R,1007.0,R,40.0,R,403.0,R,0.0,R,403.0,R,226.0,R,56.0,R,109.0,R,0.0,R,109.0,R,47.0,R,43.0,R,19
229328,2010,R,49.0,R,332.0,R,15.0,R,79.0,R,0.0,R,79.0,R,45.0,R,57.0,R,169.0,R,0.0,R,169.0,R,72.0,R,43.0,R,12
229337,2010,A,,A,,A,,A,,A,,A,,A,,A,,A,,A,,A,,A,,A,,R,4
229355,2010,R,2232.0,R,4027.0,R,55.0,R,2097.0,R,2.0,R,2095.0,R,952.0,R,45.0,R,338.0,R,1.0,R,337.0,R,161.0,R,48.0,R,23
229416,2010,A,,A,,A,,R,1447.0,R,6.0,R,1441.0,R,963.0,R,67.0,R,0.0,R,0.0,R,0.0,R,0.0,A,,R,31
229425,2010,A,,A,,A,,R,30.0,R,0.0,R,30.0,R,23.0,R,77.0,R,115.0,R,0.0,R,115.0,R,90.0,R,78.0,R,16
229504,2010,R,217.0,R,1034.0,R,21.0,R,296.0,R,0.0,R,296.0,R,170.0,R,57.0,R,299.0,R,0.0,R,299.0,R,161.0,R,54.0,R,16
229522,2010,A,,A,,A,,R,19.0,Z,0.0,R,19.0,R,17.0,R,89.0,R,17.0,Z,0.0,R,17.0,R,10.0,R,59.0,R,11
229540,2010,R,366.0,R,985.0,R,37.0,R,411.0,Z,0.0,R,411.0,R,206.0,R,50.0,R,298.0,Z,0.0,R,298.0,R,129.0,R,43.0,R,19
229638,2010,A,,A,,A,,R,26.0,R,0.0,R,26.0,R,14.0,R,54.0,R,0.0,R,0.0,R,0.0,R,0.0,A,,R,18
229780,2010,R,242.0,R,348.0,R,70.0,R,215.0,R,0.0,R,215.0,R,123.0,R,57.0,R,4.0,R,0.0,R,4.0,R,1.0,R,25.0,R,10
229799,2010,R,908.0,R,1630.0,R,56.0,R,982.0,R,1.0,R,981.0,R,489.0,R,50.0,R,268.0,R,0.0,R,268.0,R,93.0,R,35.0,R,22
229814,2010,R,1227.0,R,2125.0,R,58.0,R,1194.0,R,0.0,R,1194.0,R,735.0,R,62.0,R,9.0,R,0.0,R,9.0,R,2.0,R,22.0,R,20
229832,2010,R,348.0,R,1485.0,R,23.0,R,281.0,R,0.0,R,281.0,R,141.0,R,50.0,R,700.0,R,0.0,R,700.0,R,146.0,R,21.0,R,20
229841,2010,R,1125.0,R,2001.0,R,56.0,R,1092.0,Z,0.0,R,1092.0,R,667.0,R,61.0,R,342.0,Z,0.0,R,342.0,R,155.0,R,45.0,R,20
229887,2010,R,330.0,R,508.0,R,65.0,R,307.0,Z,0.0,R,307.0,R,177.0,R,58.0,R,5.0,Z,0.0,R,5.0,R,2.0,R,40.0,R,19
229957,2010,A,,A,,A,,R,47.0,R,0.0,R,47.0,R,44.0,R,94.0,R,0.0,R,0.0,R,0.0,R,0.0,A,,R,9
230010,2010,A,,A,,A,,R,140.0,R,2.0,R,138.0,R,98.0,R,71.0,R,58.0,R,0.0,R,58.0,R,38.0,R,66.0,R,16
230038,2010,R,5176.0,R,5783.0,R,90.0,R,4672.0,R,1438.0,R,3234.0,R,2738.0,R,85.0,R,62.0,R,19.0,R,43.0,R,23.0,R,53.0,R,21
230047,2010,R,541.0,R,802.0,R,67.0,R,305.0,R,53.0,R,252.0,R,147.0,R,58.0,R,7.0,R,1.0,R,6.0,R,1.0,R,17.0,R,16
230056,2010,R,29.0,R,216.0,R,13.0,R,1.0,R,0.0,R,1.0,R,1.0,R,100.0,R,4.0,R,0.0,R,4.0,R,3.0,R,75.0,R,11
230065,2010,A,,A,,A,,R,65.0,R,0.0,R,65.0,R,55.0,R,85.0,R,67.0,R,0.0,R,67.0,R,57.0,R,85.0,R,16
230092,2010,R,562.0,R,774.0,R,73.0,R,448.0,R,14.0,R,434.0,R,222.0,R,51.0,R,74.0,R,3.0,R,71.0,R,25.0,R,35.0,R,16
230135,2010,A,,A,,A,,R,31.0,R,1.0,R,30.0,R,29.0,R,97.0,Z,0.0,Z,0.0,Z,0.0,Z,0.0,A,,R,10
230144,2010,A,,A,,A,,R,31.0,R,1.0,R,30.0,R,24.0,R,80.0,R,0.0,R,0.0,R,0.0,R,0.0,A,,R,10
230162,2010,A,,A,,A,,R,192.0,R,5.0,R,187.0,R,84.0,R,45.0,R,571.0,R,20.0,R,551.0,R,322.0,R,58.0,R,13
230171,2010,R,1478.0,R,2817.0,R,52.0,R,319.0,R,24.0,R,295.0,R,186.0,R,63.0,R,61.0,R,1.0,R,60.0,R,24.0,R,40.0,R,24
230199,2010,A,,A,,A,,R,15.0,R,0.0,R,15.0,R,3.0,R,20.0,R,0.0,R,0.0,R,0.0,R,0.0,A,,R,11
230205,2010,A,,A,,A,,R,8.0,R,0.0,R,8.0,R,8.0,R,100.0,R,0.0,R,0.0,R,0.0,R,0.0,A,,R,20
230214,2010,A,,A,,A,,R,136.0,Z,0.0,R,136.0,R,116.0,R,85.0,R,54.0,Z,0.0,R,54.0,R,44.0,R,81.0,R,15
230223,2010,A,,A,,A,,R,12.0,R,0.0,R,12.0,R,5.0,R,42.0,R,10.0,R,0.0,R,10.0,R,4.0,R,40.0,R,7
230366,2010,R,63.0,R,170.0,R,37.0,R,7.0,R,0.0,R,7.0,R,1.0,R,14.0,R,6.0,R,0.0,R,6.0,R,1.0,R,17.0,R,12
230384,2010,R,76.0,R,123.0,R,62.0,R,1.0,R,0.0,R,1.0,R,1.0,R,100.0,R,0.0,R,0.0,R,0.0,R,0.0,A,,R,23
230418,2010,R,446.0,R,786.0,R,57.0,R,379.0,Z,0.0,R,379.0,R,196.0,R,52.0,R,50.0,Z,0.0,R,50.0,R,37.0,R,74.0,R,27
230472,2010,A,,A,,A,,R,2.0,R,0.0,R,2.0,R,0.0,R,0.0,R,4.0,R,0.0,R,4.0,R,1.0,R,25.0,R,27
230490,2010,A,,A,,A,,R,109.0,R,0.0,R,109.0,R,71.0,R,65.0,R,98.0,R,0.0,R,98.0,R,56.0,R,57.0,R,18
230597,2010,R,1355.0,R,1617.0,R,84.0,R,1147.0,R,263.0,R,884.0,R,558.0,R,63.0,R,77.0,R,4.0,R,73.0,R,26.0,R,36.0,R,19
230603,2010,R,1322.0,R,1975.0,R,67.0,R,1079.0,R,188.0,R,891.0,R,560.0,R,63.0,R,40.0,R,5.0,R,35.0,R,12.0,R,34.0,R,22
230621,2010,A,,A,,A,,R,385.0,R,0.0,R,385.0,R,331.0,R,86.0,R,0.0,R,0.0,R,0.0,R,0.0,A,,R,16
230630,2010,A,,A,,A,,R,75.0,R,0.0,R,75.0,R,48.0,R,64.0,R,0.0,R,0.0,R,0.0,R,0.0,A,,R,13
230676,2010,A,,A,,A,,R,144.0,Z,0.0,R,144.0,R,91.0,R,63.0,R,355.0,R,0.0,R,355.0,R,153.0,R,43.0,R,9
230728,2010,R,2914.0,R,4210.0,R,69.0,R,2639.0,R,547.0,R,2092.0,R,1501.0,R,72.0,R,200.0,R,31.0,R,169.0,R,92.0,R,54.0,R,19
230737,2010,R,3196.0,R,6691.0,R,48.0,R,1405.0,R,206.0,R,1199.0,R,778.0,R,65.0,R,614.0,R,80.0,R,534.0,R,249.0,R,47.0,R,26
230746,2010,R,2299.0,R,6047.0,R,38.0,R,2282.0,Z,0.0,R,2282.0,R,1234.0,R,54.0,R,1962.0,Z,0.0,R,1962.0,R,682.0,R,35.0,R,26
230764,2010,R,2769.0,R,5853.0,R,47.0,R,2551.0,R,360.0,R,2191.0,R,1872.0,R,85.0,R,316.0,R,50.0,R,266.0,R,192.0,R,72.0,R,15
230782,2010,R,2186.0,R,3937.0,R,56.0,R,1723.0,R,361.0,R,1362.0,R,994.0,R,73.0,R,540.0,R,81.0,R,459.0,R,220.0,R,48.0,R,23
230807,2010,R,538.0,R,782.0,R,69.0,R,464.0,R,20.0,R,444.0,R,349.0,R,79.0,R,4.0,R,0.0,R,4.0,R,2.0,R,50.0,R,11
230816,2010,R,169.0,R,185.0,R,91.0,R,198.0,R,0.0,R,198.0,R,160.0,R,81.0,R,0.0,R,0.0,R,0.0,R,0.0,A,,R,9
230825,2010,R,31.0,R,67.0,R,46.0,R,16.0,R,0.0,R,16.0,R,12.0,R,75.0,R,1.0,R,0.0,R,1.0,R,0.0,R,0.0,R,5
230834,2010,R,498.0,R,617.0,R,81.0,R,505.0,R,0.0,R,505.0,R,357.0,R,71.0,R,0.0,R,0.0,R,0.0,R,0.0,A,,R,14
230852,2010,R,658.0,R,737.0,R,89.0,R,545.0,R,0.0,R,545.0,R,412.0,R,76.0,R,3.0,Z,0.0,R,3.0,R,2.0,R,67.0,R,15
230861,2010,R,340.0,R,2582.0,R,13.0,R,291.0,R,0.0,R,291.0,R,143.0,R,49.0,R,511.0,R,0.0,R,511.0,R,195.0,R,38.0,R,13
230889,2010,R,7.0,R,96.0,R,7.0,R,8.0,R,0.0,R,8.0,R,6.0,R,75.0,R,0.0,R,0.0,R,0.0,Z,0.0,A,,R,8
230898,2010,R,174.0,R,241.0,R,72.0,R,217.0,R,0.0,R,217.0,R,123.0,R,57.0,Z,0.0,Z,0.0,Z,0.0,Z,0.0,A,,R,14
230913,2010,R,253.0,R,338.0,R,75.0,R,300.0,R,0.0,R,300.0,R,194.0,R,65.0,R,3.0,R,0.0,R,3.0,R,1.0,R,33.0,R,14
230931,2010,R,325.0,R,409.0,R,79.0,R,391.0,R,0.0,R,391.0,R,230.0,R,59.0,R,3.0,R,0.0,R,3.0,R,2.0,R,67.0,R,14
230940,2010,R,53.0,R,69.0,R,77.0,R,64.0,R,0.0,R,64.0,R,49.0,R,77.0,R,0.0,Z,0.0,R,0.0,Z,0.0,A,,R,8
230959,2010,R,577.0,R,602.0,R,96.0,R,603.0,R,0.0,R,603.0,R,581.0,R,96.0,Z,0.0,Z,0.0,Z,0.0,Z,0.0,A,,R,9
230977,2010,A,,A,,A,,R,21.0,Z,0.0,R,21.0,R,12.0,R,57.0,R,0.0,R,0.0,R,0.0,R,0.0,A,,R,16
230995,2010,R,715.0,R,817.0,R,88.0,R,659.0,R,0.0,R,659.0,R,506.0,R,77.0,R,2.0,R,0.0,R,2.0,R,1.0,R,50.0,R,16
231004,2010,A,,A,,A,,R,19.0,R,0.0,R,19.0,R,15.0,R,79.0,R,0.0,R,0.0,R,0.0,R,0.0,A,,R,8
231059,2010,R,548.0,R,597.0,R,92.0,R,469.0,R,1.0,R,468.0,R,415.0,R,89.0,R,0.0,R,0.0,R,0.0,R,0.0,A,,R,13
231077,2010,R,52.0,R,95.0,R,55.0,R,40.0,R,0.0,R,40.0,R,18.0,R,45.0,R,2.0,R,0.0,R,2.0,R,1.0,R,50.0,R,9
231086,2010,R,107.0,R,187.0,R,57.0,R,101.0,R,0.0,R,101.0,R,56.0,R,55.0,R,0.0,R,0.0,R,0.0,R,0.0,A,,R,13
231095,2010,R,16.0,R,38.0,R,42.0,R,26.0,R,0.0,R,26.0,R,15.0,R,58.0,R,0.0,R,0.0,R,0.0,R,0.0,A,,R,7
231165,2010,R,265.0,R,402.0,R,66.0,R,247.0,R,0.0,R,247.0,R,173.0,R,70.0,R,7.0,R,0.0,R,7.0,R,1.0,R,14.0,R,11
231174,2010,R,2458.0,R,3158.0,R,78.0,R,2610.0,R,1.0,R,2609.0,R,2271.0,R,87.0,R,9.0,R,0.0,R,9.0,R,5.0,R,56.0,R,17
231280,2010,A,,A,,A,,R,52.0,R,0.0,R,52.0,R,46.0,R,88.0,R,30.0,R,0.0,R,30.0,R,22.0,R,73.0,R,17
231411,2010,R,230.0,R,238.0,R,97.0,R,318.0,R,2.0,R,316.0,R,237.0,R,75.0,Z,0.0,Z,0.0,Z,0.0,Z,0.0,A,,R,18
231420,2010,R,264.0,R,346.0,R,76.0,R,222.0,R,0.0,R,222.0,R,126.0,R,57.0,R,0.0,R,0.0,R,0.0,R,0.0,A,,R,13
231536,2010,R,564.0,R,1363.0,R,41.0,R,652.0,R,0.0,R,652.0,R,386.0,R,59.0,R,277.0,R,0.0,R,277.0,R,124.0,R,45.0,R,25
231554,2010,R,112.0,R,272.0,R,41.0,R,117.0,R,0.0,R,117.0,R,69.0,R,59.0,R,1.0,R,0.0,R,1.0,R,1.0,R,100.0,R,11
231581,2010,R,552.0,R,592.0,R,93.0,R,497.0,R,0.0,R,497.0,R,347.0,R,70.0,R,0.0,R,0.0,R,0.0,R,0.0,A,,R,14
231624,2010,R,1397.0,R,1600.0,R,87.0,R,1391.0,R,7.0,R,1384.0,R,1308.0,R,95.0,R,4.0,R,0.0,R,4.0,R,3.0,R,75.0,R,11
231642,2010,A,,A,,A,,A,,A,,A,,A,,A,,A,,A,,A,,A,,A,,R,19
231651,2010,R,188.0,R,1371.0,R,14.0,R,67.0,R,0.0,R,67.0,R,48.0,R,72.0,R,37.0,R,0.0,R,37.0,R,15.0,R,41.0,R,19
231688,2010,A,,A,,A,,R,8.0,R,0.0,R,8.0,R,4.0,R,50.0,R,11.0,R,0.0,R,11.0,R,8.0,R,73.0,R,9
231697,2010,R,558.0,R,1324.0,R,42.0,R,537.0,R,0.0,R,537.0,R,316.0,R,59.0,R,328.0,R,0.0,R,328.0,R,112.0,R,34.0,R,19
231712,2010,R,1150.0,R,1343.0,R,86.0,R,1213.0,R,0.0,R,1213.0,R,988.0,R,81.0,R,0.0,R,0.0,R,0.0,R,0.0,A,,R,17
231721,2010,A,,A,,A,,R,39.0,R,0.0,R,39.0,R,19.0,R,49.0,R,3.0,R,0.0,R,3.0,R,3.0,R,100.0,R,14
231785,2010,R,99.0,R,267.0,R,37.0,R,0.0,R,0.0,R,0.0,R,0.0,A,,R,0.0,R,0.0,R,0.0,R,0.0,A,,R,19
231828,2010,R,104.0,R,326.0,R,32.0,R,4.0,R,0.0,R,4.0,R,3.0,R,75.0,R,4.0,R,0.0,R,4.0,R,3.0,R,75.0,R,15
231837,2010,R,63.0,R,296.0,R,21.0,R,90.0,R,0.0,R,90.0,R,76.0,R,84.0,R,1.0,R,0.0,R,1.0,R,1.0,R,100.0,R,10
231873,2010,R,173.0,R,329.0,R,53.0,R,160.0,R,0.0,R,160.0,R,84.0,R,53.0,R,67.0,R,0.0,R,67.0,R,22.0,R,33.0,R,18
231882,2010,R,458.0,R,854.0,R,54.0,R,444.0,R,0.0,R,444.0,R,286.0,R,64.0,R,157.0,R,0.0,R,157.0,R,79.0,R,50.0,R,20
232016,2010,R,215.0,R,310.0,R,69.0,R,40.0,R,0.0,R,40.0,R,24.0,R,60.0,R,0.0,R,0.0,R,0.0,R,0.0,A,,R,21
232025,2010,R,249.0,R,284.0,R,88.0,R,270.0,R,0.0,R,270.0,R,202.0,R,75.0,R,0.0,R,0.0,R,0.0,R,0.0,A,,R,10
232043,2010,R,206.0,R,323.0,R,64.0,R,218.0,R,0.0,R,218.0,R,163.0,R,75.0,R,1.0,R,0.0,R,1.0,R,1.0,R,100.0,R,10
232052,2010,R,110.0,R,224.0,R,49.0,R,111.0,R,0.0,R,111.0,R,69.0,R,62.0,R,67.0,R,0.0,R,67.0,R,33.0,R,49.0,R,15
232089,2010,R,565.0,R,640.0,R,88.0,R,532.0,R,0.0,R,532.0,R,312.0,R,59.0,R,0.0,R,0.0,R,0.0,Z,0.0,A,,R,18
232186,2010,R,2579.0,R,5484.0,R,47.0,R,2628.0,R,0.0,R,2628.0,R,2251.0,R,86.0,R,28.0,R,0.0,R,28.0,R,17.0,R,61.0,R,16
232195,2010,R,758.0,R,1904.0,R,40.0,R,679.0,R,0.0,R,679.0,R,424.0,R,62.0,R,443.0,R,0.0,R,443.0,R,177.0,R,40.0,R,23
232256,2010,R,315.0,R,336.0,R,94.0,R,295.0,R,3.0,R,292.0,R,229.0,R,78.0,R,0.0,R,0.0,R,0.0,R,0.0,A,,R,10
232265,2010,R,993.0,R,1117.0,R,89.0,R,1017.0,R,0.0,R,1017.0,R,757.0,R,74.0,R,22.0,R,0.0,R,22.0,R,21.0,R,95.0,R,10
232308,2010,R,185.0,R,248.0,R,75.0,R,198.0,R,0.0,R,198.0,R,146.0,R,74.0,R,0.0,Z,0.0,R,0.0,Z,0.0,A,,R,10
232414,2010,R,935.0,R,3018.0,R,31.0,R,979.0,R,0.0,R,979.0,R,576.0,R,59.0,R,866.0,R,0.0,R,866.0,R,374.0,R,43.0,R,23
232423,2010,R,4000.0,R,4765.0,R,84.0,R,3950.0,R,0.0,R,3950.0,R,3593.0,R,91.0,R,2.0,R,0.0,R,2.0,R,1.0,R,50.0,R,16
232450,2010,R,860.0,R,2182.0,R,39.0,R,854.0,R,0.0,R,854.0,R,486.0,R,57.0,R,456.0,R,0.0,R,456.0,R,212.0,R,46.0,R,24
232502,2010,A,,A,,A,,R,107.0,R,0.0,R,107.0,R,77.0,R,72.0,R,8.0,R,0.0,R,8.0,R,4.0,R,50.0,R,41
232557,2010,R,3832.0,R,9837.0,R,39.0,R,3835.0,R,0.0,R,3835.0,R,2711.0,R,71.0,R,1066.0,R,1.0,R,1065.0,R,513.0,R,48.0,R,31
232566,2010,R,975.0,R,1194.0,R,82.0,R,991.0,R,7.0,R,984.0,R,783.0,R,80.0,R,14.0,R,1.0,R,13.0,R,8.0,R,62.0,R,18
232575,2010,R,614.0,R,1633.0,R,38.0,R,614.0,R,0.0,R,614.0,R,373.0,R,61.0,R,479.0,R,0.0,R,479.0,R,202.0,R,42.0,R,21
232593,2010,A,,A,,A,,R,0.0,R,0.0,R,0.0,R,0.0,A,,R,0.0,R,0.0,R,0.0,R,0.0,A,,R,5
232609,2010,R,571.0,R,671.0,R,85.0,R,593.0,R,0.0,R,593.0,R,428.0,R,72.0,R,0.0,R,0.0,R,0.0,R,0.0,A,,R,12
232618,2010,A,,A,,A,,R,7.0,R,0.0,R,7.0,R,4.0,R,57.0,R,0.0,R,0.0,R,0.0,R,0.0,A,,R,10
232672,2010,R,276.0,R,468.0,R,59.0,R,223.0,R,0.0,R,223.0,R,142.0,R,64.0,R,0.0,R,0.0,R,0.0,R,0.0,A,,R,11
232681,2010,R,950.0,R,1295.0,R,73.0,R,925.0,R,0.0,R,925.0,R,769.0,R,83.0,R,25.0,R,0.0,R,25.0,R,14.0,R,56.0,R,15
232706,2010,R,415.0,R,702.0,R,59.0,R,384.0,R,0.0,R,384.0,R,254.0,R,66.0,R,6.0,R,0.0,R,6.0,R,1.0,R,17.0,R,14
232724,2010,A,,A,,A,,A,,A,,A,,A,,A,,A,,A,,A,,A,,A,,R,8
232788,2010,R,526.0,R,823.0,R,64.0,R,458.0,R,0.0,R,458.0,R,252.0,R,55.0,R,132.0,R,0.0,R,132.0,R,34.0,R,26.0,R,23
232797,2010,R,118.0,R,372.0,R,32.0,R,0.0,R,0.0,R,0.0,R,0.0,A,,R,0.0,R,0.0,R,0.0,R,0.0,A,,R,7
232867,2010,R,464.0,R,1217.0,R,38.0,R,466.0,R,0.0,R,466.0,R,281.0,R,60.0,R,170.0,R,0.0,R,170.0,R,55.0,R,32.0,R,27
232885,2010,A,,A,,A,,R,0.0,R,0.0,R,0.0,R,0.0,A,,R,0.0,R,0.0,R,0.0,R,0.0,A,,R,14
232919,2010,A,,A,,A,,R,105.0,R,6.0,R,99.0,R,60.0,R,61.0,R,0.0,R,0.0,R,0.0,R,0.0,A,,R,15
232937,2010,R,907.0,R,1444.0,R,63.0,R,1026.0,Z,0.0,R,1026.0,R,679.0,R,66.0,R,35.0,Z,0.0,R,35.0,R,14.0,R,40.0,R,20
232946,2010,R,4577.0,R,11413.0,R,40.0,R,4738.0,R,0.0,R,4738.0,R,3213.0,R,68.0,R,2594.0,R,0.0,R,2594.0,R,1290.0,R,50.0,R,26
232982,2010,R,2611.0,R,5232.0,R,50.0,R,2707.0,R,0.0,R,2707.0,R,2155.0,R,80.0,R,48.0,R,0.0,R,48.0,R,30.0,R,63.0,R,21
233019,2010,R,375.0,R,722.0,R,52.0,R,424.0,R,0.0,R,424.0,R,222.0,R,52.0,R,158.0,R,0.0,R,158.0,R,62.0,R,39.0,R,22
233037,2010,R,149.0,R,370.0,R,40.0,R,144.0,R,0.0,R,144.0,R,71.0,R,49.0,R,95.0,R,0.0,R,95.0,R,34.0,R,36.0,R,19
233082,2010,A,,A,,A,,A,,A,,A,,A,,A,,A,,A,,A,,A,,A,,R,6
233091,2010,R,62.0,R,105.0,R,59.0,R,19.0,R,0.0,R,19.0,R,6.0,R,32.0,R,29.0,R,0.0,R,29.0,R,4.0,R,14.0,R,16
233116,2010,R,318.0,R,1080.0,R,29.0,R,333.0,R,0.0,R,333.0,R,224.0,R,67.0,R,362.0,R,0.0,R,362.0,R,152.0,R,42.0,R,20
233277,2010,R,1837.0,R,2551.0,R,72.0,R,1447.0,Z,0.0,R,1447.0,R,1099.0,R,76.0,Z,0.0,Z,0.0,Z,0.0,Z,0.0,A,,R,18
233286,2010,A,,A,,A,,R,29.0,R,0.0,R,29.0,R,24.0,R,83.0,R,0.0,R,0.0,R,0.0,R,0.0,A,,R,9
233295,2010,R,343.0,R,390.0,R,88.0,R,362.0,R,0.0,R,362.0,R,270.0,R,75.0,R,0.0,R,0.0,R,0.0,R,0.0,A,,R,11
233301,2010,R,163.0,R,201.0,R,81.0,R,135.0,R,0.0,R,135.0,R,103.0,R,76.0,R,0.0,R,0.0,R,0.0,R,0.0,A,,R,6
233310,2010,R,299.0,R,670.0,R,45.0,R,317.0,R,0.0,R,317.0,R,193.0,R,61.0,R,193.0,R,0.0,R,193.0,R,63.0,R,33.0,R,22
233329,2010,A,,A,,A,,R,69.0,Z,0.0,R,69.0,R,61.0,R,88.0,R,0.0,R,0.0,R,0.0,R,0.0,A,,R,11
233338,2010,R,487.0,R,586.0,R,83.0,R,491.0,R,0.0,R,491.0,R,257.0,R,52.0,R,25.0,R,0.0,R,25.0,R,13.0,R,52.0,R,27
233356,2010,R,2.0,R,2.0,R,100.0,R,0.0,R,0.0,R,0.0,R,0.0,A,,R,0.0,R,0.0,R,0.0,R,0.0,A,,R,8
233374,2010,R,817.0,R,1082.0,R,76.0,R,919.0,R,0.0,R,919.0,R,857.0,R,93.0,R,3.0,R,0.0,R,3.0,R,0.0,R,0.0,R,9
233408,2010,A,,A,,A,,R,12.0,R,0.0,R,12.0,R,10.0,R,83.0,R,0.0,R,0.0,R,0.0,R,0.0,A,,R,11
233426,2010,R,565.0,R,668.0,R,85.0,R,560.0,R,0.0,R,560.0,R,453.0,R,81.0,R,0.0,R,0.0,R,0.0,R,0.0,A,,R,11
233480,2010,A,,A,,A,,A,,A,,A,,A,,A,,A,,A,,A,,A,,A,,R,7
233499,2010,R,157.0,R,221.0,R,71.0,R,188.0,R,0.0,R,188.0,R,87.0,R,46.0,R,0.0,R,0.0,R,0.0,R,0.0,A,,R,22
233541,2010,R,415.0,R,647.0,R,64.0,R,435.0,Z,0.0,R,435.0,R,312.0,R,72.0,R,0.0,R,0.0,R,0.0,R,0.0,A,,R,9
233611,2010,R,286.0,R,370.0,R,77.0,R,249.0,R,67.0,R,182.0,R,89.0,R,49.0,R,1.0,Z,0.0,R,1.0,R,1.0,R,100.0,R,16
233639,2010,R,450.0,R,1158.0,R,39.0,R,540.0,R,0.0,R,540.0,R,321.0,R,59.0,R,300.0,R,0.0,R,300.0,R,127.0,R,42.0,R,22
233648,2010,R,412.0,R,747.0,R,55.0,R,524.0,R,0.0,R,524.0,R,280.0,R,53.0,R,151.0,R,0.0,R,151.0,R,34.0,R,23.0,R,18
233657,2010,A,,A,,A,,R,19.0,R,0.0,R,19.0,R,18.0,R,95.0,R,2.0,R,0.0,R,2.0,R,1.0,R,50.0,R,17
233666,2010,A,,A,,A,,R,14.0,R,1.0,R,13.0,R,10.0,R,77.0,R,13.0,R,0.0,R,13.0,R,10.0,R,77.0,R,14
233684,2010,R,61.0,R,1816.0,R,3.0,R,93.0,R,0.0,R,93.0,R,46.0,R,49.0,R,1047.0,R,0.0,R,1047.0,R,370.0,R,35.0,R,35
233718,2010,R,180.0,R,329.0,R,55.0,R,157.0,R,0.0,R,157.0,R,120.0,R,76.0,R,0.0,Z,0.0,R,0.0,Z,0.0,A,,R,7
233754,2010,R,934.0,R,2809.0,R,33.0,R,1104.0,R,0.0,R,1104.0,R,671.0,R,61.0,R,764.0,R,0.0,R,764.0,R,282.0,R,37.0,R,24
233772,2010,R,3320.0,R,7713.0,R,43.0,R,3756.0,R,0.0,R,3756.0,R,2377.0,R,63.0,R,2156.0,R,0.0,R,2156.0,R,953.0,R,44.0,R,27
233897,2010,R,399.0,R,666.0,R,60.0,R,397.0,R,0.0,R,397.0,R,278.0,R,70.0,R,9.0,R,0.0,R,9.0,R,3.0,R,33.0,R,15
233903,2010,R,396.0,R,665.0,R,60.0,R,417.0,R,0.0,R,417.0,R,248.0,R,59.0,R,125.0,R,0.0,R,125.0,R,51.0,R,41.0,R,18
233912,2010,R,132.0,R,220.0,R,60.0,R,130.0,Z,0.0,R,130.0,R,59.0,R,45.0,R,0.0,R,0.0,R,0.0,R,0.0,A,,R,8
233921,2010,R,5198.0,R,6273.0,R,83.0,R,4994.0,R,2.0,R,4992.0,R,4579.0,R,92.0,R,7.0,R,0.0,R,7.0,R,3.0,R,43.0,R,17
233949,2010,R,891.0,R,1773.0,R,50.0,R,935.0,R,0.0,R,935.0,R,571.0,R,61.0,R,405.0,R,0.0,R,405.0,R,169.0,R,42.0,R,23
234030,2010,R,3534.0,R,5578.0,R,63.0,R,3590.0,R,2.0,R,3588.0,R,3063.0,R,85.0,R,20.0,R,0.0,R,20.0,R,11.0,R,55.0,R,18
234076,2010,R,3241.0,R,4982.0,R,65.0,R,3239.0,R,0.0,R,3239.0,R,3114.0,R,96.0,R,7.0,R,0.0,R,7.0,R,6.0,R,86.0,R,16
234085,2010,R,441.0,R,470.0,R,94.0,R,433.0,R,0.0,R,433.0,R,358.0,R,83.0,R,0.0,R,0.0,R,0.0,R,0.0,A,,R,11
234119,2010,A,,A,,A,,R,10.0,R,0.0,R,10.0,R,6.0,R,60.0,R,22.0,R,1.0,R,21.0,R,13.0,R,62.0,R,20
234137,2010,R,31.0,R,72.0,R,43.0,R,24.0,Z,0.0,R,24.0,R,24.0,R,100.0,R,30.0,Z,0.0,R,30.0,R,28.0,R,93.0,R,9
234155,2010,R,1250.0,R,1681.0,R,74.0,R,1204.0,R,0.0,R,1204.0,R,891.0,R,74.0,R,2.0,R,0.0,R,2.0,R,1.0,R,50.0,R,16
234164,2010,R,460.0,R,515.0,R,89.0,R,544.0,R,0.0,R,544.0,R,272.0,R,50.0,R,6.0,R,0.0,R,6.0,R,3.0,R,50.0,R,10
234173,2010,R,295.0,R,415.0,R,71.0,R,319.0,R,0.0,R,319.0,R,201.0,R,63.0,R,0.0,R,0.0,R,0.0,R,0.0,A,,R,11
234191,2010,A,,A,,A,,R,86.0,R,0.0,R,86.0,R,50.0,R,58.0,R,0.0,R,0.0,R,0.0,R,0.0,A,,R,5
234207,2010,R,471.0,R,475.0,R,99.0,R,472.0,R,0.0,R,472.0,R,446.0,R,94.0,R,0.0,R,0.0,R,0.0,R,0.0,A,,R,7
234216,2010,R,84.0,R,162.0,R,52.0,R,1.0,R,0.0,R,1.0,R,1.0,R,100.0,R,1.0,R,0.0,R,1.0,R,1.0,R,100.0,R,14
234225,2010,A,,A,,A,,R,40.0,R,0.0,R,40.0,R,37.0,R,93.0,R,0.0,R,0.0,R,0.0,R,0.0,A,,R,15
234359,2010,A,,A,,A,,R,72.0,R,0.0,R,72.0,R,57.0,R,79.0,R,0.0,R,0.0,R,0.0,R,0.0,A,,R,9
234377,2010,R,462.0,R,871.0,R,53.0,R,501.0,R,0.0,R,501.0,R,310.0,R,62.0,R,105.0,R,0.0,R,105.0,R,38.0,R,36.0,R,24
234401,2010,A,,A,,A,,R,11.0,Z,0.0,R,11.0,R,7.0,R,64.0,R,17.0,R,1.0,R,16.0,R,6.0,R,38.0,R,15
234492,2010,R,312.0,R,685.0,R,46.0,R,200.0,R,0.0,R,200.0,R,103.0,R,52.0,R,31.0,R,0.0,R,31.0,R,6.0,R,19.0,R,20
234650,2010,A,,A,,A,,R,22.0,Z,0.0,R,22.0,R,21.0,R,95.0,R,0.0,Z,0.0,R,0.0,Z,0.0,A,,R,15
234669,2010,R,500.0,R,7818.0,R,6.0,R,460.0,Z,0.0,R,460.0,R,320.0,R,70.0,R,207.0,Z,0.0,R,207.0,R,103.0,R,50.0,R,21
234687,2010,A,,A,,A,,R,41.0,R,0.0,R,41.0,R,6.0,R,15.0,R,0.0,R,0.0,R,0.0,R,0.0,A,,R,12
234696,2010,R,52.0,R,1648.0,R,3.0,R,73.0,Z,0.0,R,73.0,R,47.0,R,64.0,R,32.0,Z,0.0,R,32.0,R,17.0,R,53.0,R,25
234711,2010,R,293.0,R,887.0,R,33.0,R,305.0,Z,0.0,R,305.0,R,197.0,R,65.0,R,48.0,Z,0.0,R,48.0,R,22.0,R,46.0,R,19
234739,2010,A,,A,,A,,R,82.0,R,0.0,R,82.0,R,54.0,R,66.0,R,0.0,R,0.0,R,0.0,R,0.0,A,,R,35
234784,2010,A,,A,,A,,R,307.0,R,0.0,R,307.0,R,213.0,R,69.0,R,0.0,R,0.0,R,0.0,R,0.0,A,,R,69
234827,2010,R,1666.0,R,3618.0,R,46.0,R,1646.0,R,0.0,R,1646.0,R,1240.0,R,75.0,R,14.0,R,0.0,R,14.0,R,6.0,R,43.0,R,21
234845,2010,R,313.0,R,1347.0,R,23.0,R,287.0,Z,0.0,R,287.0,R,181.0,R,63.0,R,38.0,Z,0.0,R,38.0,R,13.0,R,34.0,R,20
234915,2010,R,23.0,R,295.0,R,8.0,R,10.0,R,0.0,R,10.0,R,3.0,R,30.0,R,24.0,R,0.0,R,24.0,R,3.0,R,13.0,R,9
234924,2010,A,,A,,A,,R,22.0,R,0.0,R,22.0,R,15.0,R,68.0,R,0.0,R,0.0,R,0.0,R,0.0,A,,R,11
234933,2010,R,632.0,R,5300.0,R,12.0,R,958.0,Z,0.0,R,958.0,R,600.0,R,63.0,R,381.0,Z,0.0,R,381.0,R,181.0,R,48.0,R,17
234951,2010,R,170.0,R,3610.0,R,5.0,R,239.0,Z,0.0,R,239.0,R,131.0,R,55.0,R,23.0,Z,0.0,R,23.0,R,11.0,R,48.0,R,29
234979,2010,R,639.0,R,3556.0,R,18.0,R,701.0,Z,0.0,R,701.0,R,429.0,R,61.0,R,268.0,Z,0.0,R,268.0,R,123.0,R,46.0,R,22
235024,2010,R,211.0,R,315.0,R,67.0,R,190.0,R,0.0,R,190.0,R,136.0,R,72.0,R,0.0,R,0.0,R,0.0,R,0.0,A,,R,8
235088,2010,A,,A,,A,,R,35.0,R,0.0,R,35.0,R,32.0,R,91.0,Z,0.0,Z,0.0,Z,0.0,Z,0.0,A,,R,15
235097,2010,R,1524.0,R,2756.0,R,55.0,R,1459.0,Z,0.0,R,1459.0,R,1068.0,R,73.0,R,10.0,Z,0.0,R,10.0,R,3.0,R,30.0,R,22
235103,2010,R,579.0,R,4784.0,R,12.0,R,572.0,Z,0.0,R,572.0,R,329.0,R,58.0,R,168.0,Z,0.0,R,168.0,R,65.0,R,39.0,R,18
235149,2010,R,436.0,R,3027.0,R,14.0,R,512.0,Z,0.0,R,512.0,R,305.0,R,60.0,R,227.0,Z,0.0,R,227.0,R,98.0,R,43.0,R,18
235158,2010,A,,A,,A,,R,69.0,R,0.0,R,69.0,R,53.0,R,77.0,R,0.0,R,0.0,R,0.0,R,0.0,A,,R,15
235167,2010,R,612.0,R,1508.0,R,41.0,R,577.0,R,0.0,R,577.0,R,421.0,R,73.0,R,1.0,R,0.0,R,1.0,R,0.0,R,0.0,R,23
235237,2010,R,360.0,R,3626.0,R,10.0,R,383.0,Z,0.0,R,383.0,R,203.0,R,53.0,R,195.0,Z,0.0,R,195.0,R,73.0,R,37.0,R,21
235307,2010,A,,A,,A,,R,116.0,R,4.0,R,112.0,R,40.0,R,36.0,R,0.0,R,0.0,R,0.0,R,0.0,A,,R,24
235316,2010,R,1119.0,R,1330.0,R,84.0,R,1238.0,R,0.0,R,1238.0,R,1140.0,R,92.0,R,1.0,R,0.0,R,1.0,R,1.0,R,100.0,R,11
235334,2010,R,182.0,R,973.0,R,19.0,R,185.0,Z,0.0,R,185.0,R,127.0,R,69.0,R,18.0,Z,0.0,R,18.0,R,9.0,R,50.0,R,19
235343,2010,R,694.0,R,3434.0,R,20.0,R,687.0,Z,0.0,R,687.0,R,415.0,R,60.0,R,233.0,Z,0.0,R,233.0,R,99.0,R,42.0,R,17
235352,2010,A,,A,,A,,R,49.0,R,0.0,R,49.0,R,45.0,R,92.0,R,27.0,R,0.0,R,27.0,R,25.0,R,93.0,R,20
235422,2010,R,101.0,R,291.0,R,35.0,R,94.0,R,0.0,R,94.0,R,53.0,R,56.0,R,13.0,R,0.0,R,13.0,R,7.0,R,54.0,R,10
235431,2010,R,434.0,R,2841.0,R,15.0,R,463.0,Z,0.0,R,463.0,R,263.0,R,57.0,R,211.0,Z,0.0,R,211.0,R,93.0,R,44.0,R,18
235495,2010,A,,A,,A,,R,44.0,R,0.0,R,44.0,R,33.0,R,75.0,R,0.0,R,0.0,R,0.0,R,0.0,A,,R,24
235501,2010,A,,A,,A,,R,258.0,R,0.0,R,258.0,R,230.0,R,89.0,R,0.0,R,0.0,R,0.0,R,0.0,A,,R,18
235510,2010,R,80.0,R,110.0,R,73.0,R,0.0,R,0.0,R,0.0,R,0.0,A,,R,0.0,R,0.0,R,0.0,R,0.0,A,,R,24
235529,2010,R,60.0,R,75.0,R,80.0,R,0.0,R,0.0,R,0.0,R,0.0,A,,R,0.0,R,0.0,R,0.0,R,0.0,A,,R,15
235547,2010,A,,A,,A,,A,,A,,A,,A,,A,,A,,A,,A,,A,,A,,R,9
235583,2010,A,,A,,A,,R,55.0,R,0.0,R,55.0,R,39.0,R,71.0,R,0.0,R,0.0,R,0.0,R,0.0,A,,R,19
235671,2010,R,118.0,R,2954.0,R,4.0,R,177.0,Z,0.0,R,177.0,R,118.0,R,67.0,R,11.0,Z,0.0,R,11.0,R,4.0,R,36.0,R,19
235699,2010,R,170.0,R,2955.0,R,6.0,R,260.0,Z,0.0,R,260.0,R,169.0,R,65.0,R,51.0,Z,0.0,R,51.0,R,22.0,R,43.0,R,18
235750,2010,R,327.0,R,1565.0,R,21.0,R,305.0,Z,0.0,R,305.0,R,173.0,R,57.0,R,68.0,Z,0.0,R,68.0,R,25.0,R,37.0,R,20
235769,2010,R,27.0,R,89.0,R,30.0,R,21.0,R,0.0,R,21.0,R,17.0,R,81.0,R,1.0,R,0.0,R,1.0,R,0.0,R,0.0,R,8
235954,2010,A,,A,,A,,R,9.0,Z,0.0,R,9.0,R,8.0,R,89.0,Z,0.0,Z,0.0,Z,0.0,Z,0.0,A,,R,12
236018,2010,A,,A,,A,,R,19.0,Z,0.0,R,19.0,R,14.0,R,74.0,Z,0.0,Z,0.0,Z,0.0,Z,0.0,A,,R,18
236027,2010,A,,A,,A,,R,76.0,R,0.0,R,76.0,R,76.0,R,100.0,R,0.0,R,0.0,R,0.0,R,0.0,A,,R,16
236072,2010,R,137.0,R,4515.0,R,3.0,R,135.0,Z,0.0,R,135.0,R,67.0,R,50.0,R,64.0,Z,0.0,R,64.0,R,24.0,R,38.0,R,18
236133,2010,R,172.0,R,444.0,R,39.0,R,191.0,R,0.0,R,191.0,R,133.0,R,70.0,R,8.0,R,0.0,R,8.0,R,2.0,R,25.0,R,13
236188,2010,R,575.0,R,3298.0,R,17.0,R,527.0,Z,0.0,R,527.0,R,325.0,R,62.0,R,207.0,Z,0.0,R,207.0,R,111.0,R,54.0,R,21
236212,2010,A,,A,,A,,R,99.0,R,0.0,R,99.0,R,89.0,R,90.0,R,0.0,R,0.0,R,0.0,R,0.0,A,,R,16
236230,2010,R,687.0,R,946.0,R,73.0,R,712.0,R,0.0,R,712.0,R,585.0,R,82.0,R,4.0,R,0.0,R,4.0,R,2.0,R,50.0,R,15
236258,2010,R,149.0,R,1143.0,R,13.0,R,111.0,Z,0.0,R,111.0,R,73.0,R,66.0,R,25.0,Z,0.0,R,25.0,R,13.0,R,52.0,R,17
236328,2010,R,625.0,R,698.0,R,90.0,R,721.0,R,0.0,R,721.0,R,620.0,R,86.0,R,0.0,R,0.0,R,0.0,R,0.0,A,,R,12
236382,2010,R,158.0,R,1957.0,R,8.0,R,147.0,Z,0.0,R,147.0,R,94.0,R,64.0,R,16.0,Z,0.0,R,16.0,R,11.0,R,69.0,R,19
236452,2010,R,235.0,R,552.0,R,43.0,R,180.0,R,0.0,R,180.0,R,132.0,R,73.0,R,1.0,R,0.0,R,1.0,R,1.0,R,100.0,R,12
236504,2010,R,162.0,R,3047.0,R,5.0,R,156.0,Z,0.0,R,156.0,R,101.0,R,65.0,R,44.0,Z,0.0,R,44.0,R,20.0,R,45.0,R,18
236513,2010,R,278.0,R,4314.0,R,6.0,R,298.0,Z,0.0,R,298.0,R,168.0,R,56.0,R,103.0,Z,0.0,R,103.0,R,44.0,R,43.0,R,19
236531,2010,A,,A,,A,,R,48.0,R,0.0,R,48.0,R,36.0,R,75.0,R,0.0,R,0.0,R,0.0,R,0.0,A,,R,40
236577,2010,R,725.0,R,957.0,R,76.0,R,682.0,R,0.0,R,682.0,R,600.0,R,88.0,R,1.0,R,0.0,R,1.0,R,0.0,R,0.0,R,14
236595,2010,R,1038.0,R,1445.0,R,72.0,R,730.0,R,0.0,R,730.0,R,648.0,R,89.0,R,3.0,R,0.0,R,3.0,R,1.0,R,33.0,R,13
236610,2010,R,280.0,R,2794.0,R,10.0,R,327.0,Z,0.0,R,327.0,R,212.0,R,65.0,R,61.0,Z,0.0,R,61.0,R,31.0,R,51.0,R,18
236638,2010,R,393.0,R,2444.0,R,16.0,R,484.0,Z,0.0,R,484.0,R,282.0,R,58.0,R,142.0,Z,0.0,R,142.0,R,57.0,R,40.0,R,18
236656,2010,R,459.0,R,2482.0,R,18.0,R,429.0,Z,0.0,R,429.0,R,259.0,R,60.0,R,167.0,Z,0.0,R,167.0,R,68.0,R,41.0,R,19
236692,2010,R,681.0,R,3344.0,R,20.0,R,870.0,Z,0.0,R,870.0,R,430.0,R,49.0,R,159.0,Z,0.0,R,159.0,R,56.0,R,35.0,R,18
236708,2010,R,899.0,R,4319.0,R,21.0,R,989.0,Z,0.0,R,989.0,R,574.0,R,58.0,R,138.0,Z,0.0,R,138.0,R,48.0,R,35.0,R,19
236744,2010,A,,A,,A,,R,40.0,Z,0.0,R,40.0,R,35.0,R,88.0,Z,0.0,Z,0.0,Z,0.0,Z,0.0,A,,R,14
236753,2010,R,455.0,R,3141.0,R,14.0,R,458.0,Z,0.0,R,458.0,R,271.0,R,59.0,R,157.0,Z,0.0,R,157.0,R,78.0,R,50.0,R,19
236887,2010,R,331.0,R,2199.0,R,15.0,R,409.0,Z,0.0,R,409.0,R,239.0,R,58.0,R,58.0,Z,0.0,R,58.0,R,21.0,R,36.0,R,18
236896,2010,R,298.0,R,441.0,R,68.0,R,313.0,R,0.0,R,313.0,R,245.0,R,78.0,R,1.0,R,0.0,R,1.0,R,0.0,R,0.0,R,14
236939,2010,R,3241.0,R,6111.0,R,53.0,R,3347.0,R,0.0,R,3347.0,R,2759.0,R,82.0,R,25.0,R,0.0,R,25.0,R,11.0,R,44.0,R,15
236948,2010,R,5435.0,R,8153.0,R,67.0,R,5283.0,R,0.0,R,5283.0,R,4911.0,R,93.0,R,55.0,R,0.0,R,55.0,R,46.0,R,84.0,R,12
236975,2010,R,467.0,R,1522.0,R,31.0,R,372.0,Z,0.0,R,372.0,R,216.0,R,58.0,R,78.0,Z,0.0,R,78.0,R,39.0,R,50.0,R,20
236993,2010,A,,A,,A,,R,49.0,R,0.0,R,49.0,R,32.0,R,65.0,R,14.0,R,0.0,R,14.0,R,7.0,R,50.0,R,31
237011,2010,R,2720.0,R,3762.0,R,72.0,R,2666.0,R,0.0,R,2666.0,R,2274.0,R,85.0,R,23.0,R,0.0,R,23.0,R,13.0,R,57.0,R,21
237039,2010,R,408.0,R,2558.0,R,16.0,R,409.0,Z,0.0,R,409.0,R,266.0,R,65.0,R,148.0,Z,0.0,R,148.0,R,74.0,R,50.0,R,18
237057,2010,R,415.0,R,450.0,R,92.0,R,396.0,R,1.0,R,395.0,R,365.0,R,92.0,R,0.0,R,0.0,R,0.0,R,0.0,A,,R,10
237066,2010,R,683.0,R,788.0,R,87.0,R,555.0,R,0.0,R,555.0,R,474.0,R,85.0,R,0.0,R,0.0,R,0.0,R,0.0,A,,R,11
237109,2010,R,364.0,R,1790.0,R,20.0,R,402.0,R,0.0,R,402.0,R,225.0,R,56.0,R,94.0,R,0.0,R,94.0,R,38.0,R,40.0,R,19
237118,2010,R,132.0,R,187.0,R,71.0,R,162.0,R,0.0,R,162.0,R,105.0,R,65.0,R,0.0,R,0.0,R,0.0,R,0.0,A,,R,9
237127,2010,A,,A,,A,,R,6.0,R,0.0,R,6.0,R,5.0,R,83.0,R,0.0,R,0.0,R,0.0,R,0.0,A,,R,9
237136,2010,R,64.0,R,81.0,R,79.0,R,36.0,R,0.0,R,36.0,R,24.0,R,67.0,R,0.0,Z,0.0,R,0.0,Z,0.0,A,,R,24
237145,2010,A,,A,,A,,R,14.0,R,0.0,R,14.0,R,13.0,R,93.0,R,0.0,R,0.0,R,0.0,R,0.0,A,,R,6
237154,2010,R,362.0,R,1294.0,R,28.0,R,335.0,R,0.0,R,335.0,R,160.0,R,48.0,R,168.0,R,0.0,R,168.0,R,51.0,R,30.0,R,13
237172,2010,A,,A,,A,,R,134.0,R,0.0,R,134.0,R,25.0,R,19.0,R,287.0,R,0.0,R,287.0,R,36.0,R,13.0,R,10
237181,2010,R,270.0,R,330.0,R,82.0,R,282.0,R,0.0,R,282.0,R,177.0,R,63.0,R,1.0,R,0.0,R,1.0,R,1.0,R,100.0,R,18
237215,2010,R,289.0,R,543.0,R,53.0,R,304.0,R,0.0,R,304.0,R,184.0,R,61.0,R,10.0,R,0.0,R,10.0,R,10.0,R,100.0,R,17
237242,2010,A,,A,,A,,R,153.0,R,0.0,R,153.0,R,125.0,R,82.0,R,43.0,R,0.0,R,43.0,R,30.0,R,70.0,R,5
237303,2010,A,,A,,A,,R,46.0,R,0.0,R,46.0,R,25.0,R,54.0,R,0.0,R,0.0,R,0.0,R,0.0,A,,R,17
237312,2010,R,335.0,R,453.0,R,74.0,R,273.0,Z,0.0,R,273.0,R,191.0,R,70.0,Z,0.0,Z,0.0,Z,0.0,Z,0.0,A,,R,16
237321,2010,A,,A,,A,,R,36.0,R,0.0,R,36.0,R,17.0,R,47.0,R,0.0,R,0.0,R,0.0,R,0.0,A,,R,10
237330,2010,R,574.0,R,772.0,R,74.0,R,608.0,R,0.0,R,608.0,R,395.0,R,65.0,R,2.0,R,0.0,R,2.0,R,1.0,R,50.0,R,20
237358,2010,R,256.0,R,292.0,R,88.0,R,234.0,R,0.0,R,234.0,R,180.0,R,77.0,R,0.0,R,0.0,R,0.0,R,0.0,A,,R,13
237367,2010,R,767.0,R,1289.0,R,60.0,R,800.0,R,0.0,R,800.0,R,500.0,R,63.0,R,20.0,R,0.0,R,20.0,R,8.0,R,40.0,R,22
237385,2010,R,313.0,R,718.0,R,44.0,R,291.0,R,0.0,R,291.0,R,169.0,R,58.0,R,0.0,R,0.0,R,0.0,R,0.0,A,,R,19
237419,2010,A,,A,,A,,R,6.0,R,0.0,R,6.0,R,6.0,R,100.0,R,0.0,R,0.0,R,0.0,R,0.0,A,,R,17
237437,2010,R,148.0,R,242.0,R,61.0,R,156.0,R,0.0,R,156.0,R,73.0,R,47.0,R,16.0,R,0.0,R,16.0,R,4.0,R,25.0,R,32
237473,2010,A,,A,,A,,R,115.0,Z,0.0,R,115.0,R,111.0,R,97.0,Z,0.0,Z,0.0,Z,0.0,Z,0.0,A,,R,11
237491,2010,A,,A,,A,,R,14.0,R,0.0,R,14.0,R,1.0,R,7.0,R,0.0,R,0.0,R,0.0,R,0.0,A,,R,10
237525,2010,R,1939.0,R,3169.0,R,61.0,R,1858.0,R,1.0,R,1857.0,R,1307.0,R,70.0,R,25.0,R,0.0,R,25.0,R,12.0,R,48.0,R,20
237543,2010,A,,A,,A,,R,72.0,R,0.0,R,72.0,R,66.0,R,92.0,R,68.0,R,0.0,R,68.0,R,68.0,R,100.0,R,8
237552,2010,A,,A,,A,,R,30.0,Z,0.0,R,30.0,R,26.0,R,87.0,Z,0.0,Z,0.0,Z,0.0,Z,0.0,A,,R,10
237561,2010,A,,A,,A,,R,109.0,R,0.0,R,109.0,R,88.0,R,81.0,R,7.0,R,0.0,R,7.0,R,6.0,R,86.0,R,10
237570,2010,A,,A,,A,,R,12.0,R,0.0,R,12.0,R,9.0,R,75.0,R,0.0,R,0.0,R,0.0,R,0.0,A,,R,3
237598,2010,R,9.0,R,10.0,R,90.0,R,16.0,R,0.0,R,16.0,R,9.0,R,56.0,R,3.0,R,0.0,R,3.0,R,1.0,R,33.0,R,15
237604,2010,A,,A,,A,,R,105.0,R,0.0,R,105.0,R,67.0,R,64.0,R,0.0,R,0.0,R,0.0,R,0.0,A,,R,46
237613,2010,A,,A,,A,,R,34.0,R,0.0,R,34.0,R,32.0,R,94.0,R,0.0,R,0.0,R,0.0,R,0.0,A,,R,14
237640,2010,R,102.0,R,144.0,R,71.0,R,84.0,R,0.0,R,84.0,R,51.0,R,61.0,R,0.0,R,0.0,R,0.0,R,0.0,A,,R,9
237686,2010,R,680.0,R,1251.0,R,54.0,R,140.0,R,0.0,R,140.0,R,86.0,R,61.0,R,24.0,R,0.0,R,24.0,R,11.0,R,46.0,R,24
237701,2010,R,699.0,R,1026.0,R,68.0,R,716.0,R,0.0,R,716.0,R,360.0,R,50.0,R,7.0,R,0.0,R,7.0,R,5.0,R,71.0,R,25
237729,2010,A,,A,,A,,R,52.0,R,0.0,R,52.0,R,48.0,R,92.0,R,172.0,R,0.0,R,172.0,R,136.0,R,79.0,R,5
237783,2010,R,201.0,R,306.0,R,66.0,R,143.0,R,0.0,R,143.0,R,69.0,R,48.0,R,0.0,R,0.0,R,0.0,R,0.0,A,,R,21
237792,2010,R,759.0,R,1369.0,R,55.0,R,786.0,R,0.0,R,786.0,R,554.0,R,70.0,R,15.0,R,0.0,R,15.0,R,9.0,R,60.0,R,19
237817,2010,R,504.0,R,714.0,R,71.0,R,435.0,Z,0.0,R,435.0,R,251.0,R,58.0,R,75.0,Z,0.0,R,75.0,R,31.0,R,41.0,R,17
237844,2010,A,,A,,A,,R,68.0,R,0.0,R,68.0,R,68.0,R,100.0,R,22.0,R,0.0,R,22.0,R,6.0,R,27.0,R,9
237899,2010,R,309.0,R,883.0,R,35.0,R,281.0,R,0.0,R,281.0,R,147.0,R,52.0,R,170.0,R,0.0,R,170.0,R,73.0,R,43.0,R,17
237905,2010,A,,A,,A,,R,17.0,R,0.0,R,17.0,R,16.0,R,94.0,R,0.0,R,0.0,R,0.0,R,0.0,A,,R,7
237932,2010,R,532.0,R,958.0,R,56.0,R,568.0,R,0.0,R,568.0,R,423.0,R,74.0,R,5.0,R,0.0,R,5.0,R,3.0,R,60.0,R,18
237950,2010,R,248.0,R,489.0,R,51.0,R,285.0,R,0.0,R,285.0,R,126.0,R,44.0,R,3.0,Z,0.0,R,3.0,R,1.0,R,33.0,R,11
237969,2010,R,371.0,R,413.0,R,90.0,R,399.0,R,0.0,R,399.0,R,279.0,R,70.0,R,0.0,R,0.0,R,0.0,R,0.0,A,,R,13
237978,2010,R,24.0,R,24.0,R,100.0,R,28.0,R,0.0,R,28.0,R,13.0,R,46.0,R,0.0,R,0.0,R,0.0,R,0.0,A,,R,11
237987,2010,R,59.0,R,92.0,R,64.0,R,55.0,R,0.0,R,55.0,R,34.0,R,62.0,R,2.0,R,0.0,R,2.0,R,0.0,R,0.0,R,18
237996,2010,R,91.0,R,91.0,R,100.0,R,73.0,R,1.0,R,72.0,R,51.0,R,71.0,R,0.0,R,0.0,R,0.0,R,0.0,A,,R,33
238005,2010,A,,A,,A,,R,27.0,R,0.0,R,27.0,R,21.0,R,78.0,R,0.0,R,0.0,R,0.0,R,0.0,A,,R,20
238014,2010,R,452.0,R,956.0,R,47.0,R,437.0,R,1.0,R,436.0,R,250.0,R,57.0,R,103.0,R,0.0,R,103.0,R,47.0,R,46.0,R,21
238032,2010,R,5011.0,R,6603.0,R,76.0,R,4558.0,R,1.0,R,4557.0,R,3648.0,R,80.0,R,31.0,R,0.0,R,31.0,R,9.0,R,29.0,R,23
238078,2010,R,263.0,R,350.0,R,75.0,R,264.0,Z,0.0,R,264.0,R,179.0,R,68.0,Z,0.0,Z,0.0,Z,0.0,Z,0.0,A,,R,11
238096,2010,A,,A,,A,,R,26.0,R,0.0,R,26.0,R,24.0,R,92.0,R,0.0,R,0.0,R,0.0,R,0.0,A,,R,10
238166,2010,A,,A,,A,,R,18.0,R,0.0,R,18.0,R,9.0,R,50.0,Z,0.0,Z,0.0,Z,0.0,Z,0.0,A,,R,14
238175,2010,A,,A,,A,,R,30.0,R,0.0,R,30.0,R,27.0,R,90.0,R,0.0,R,0.0,R,0.0,R,0.0,A,,R,11
238193,2010,R,249.0,R,528.0,R,47.0,R,231.0,R,0.0,R,231.0,R,159.0,R,69.0,R,13.0,R,0.0,R,13.0,R,5.0,R,38.0,R,12
238263,2010,R,1366.0,R,5972.0,R,23.0,R,0.0,R,0.0,R,0.0,R,0.0,A,,R,0.0,R,0.0,R,0.0,R,0.0,A,,R,14
238315,2010,A,,A,,A,,A,,A,,A,,A,,A,,A,,A,,A,,A,,A,,R,6
238324,2010,R,37.0,R,59.0,R,63.0,R,28.0,R,0.0,R,28.0,R,21.0,R,75.0,R,3.0,R,0.0,R,3.0,R,0.0,R,0.0,R,10
238333,2010,R,333.0,R,430.0,R,77.0,R,335.0,R,0.0,R,335.0,R,296.0,R,88.0,R,0.0,R,0.0,R,0.0,R,0.0,A,,R,10
238397,2010,R,419.0,R,695.0,R,60.0,R,510.0,R,0.0,R,510.0,R,343.0,R,67.0,R,277.0,R,0.0,R,277.0,R,185.0,R,67.0,R,10
238421,2010,A,,A,,A,,A,,A,,A,,A,,A,,A,,A,,A,,A,,A,,R,11
238430,2010,R,213.0,R,639.0,R,33.0,R,218.0,R,0.0,R,218.0,R,156.0,R,72.0,R,8.0,Z,0.0,R,8.0,R,5.0,R,63.0,R,17
238458,2010,R,753.0,R,843.0,R,89.0,R,723.0,R,0.0,R,723.0,R,543.0,R,75.0,R,7.0,R,0.0,R,7.0,R,3.0,R,43.0,R,15
238476,2010,R,819.0,R,956.0,R,86.0,R,722.0,R,0.0,R,722.0,R,546.0,R,76.0,R,2.0,R,0.0,R,2.0,R,0.0,R,0.0,R,14
238616,2010,R,538.0,R,1284.0,R,42.0,R,468.0,R,0.0,R,468.0,R,376.0,R,80.0,R,3.0,Z,0.0,R,3.0,R,0.0,R,0.0,R,12
238661,2010,R,324.0,R,577.0,R,56.0,R,285.0,R,0.0,R,285.0,R,223.0,R,78.0,R,6.0,R,0.0,R,6.0,R,2.0,R,33.0,R,11
238722,2010,R,462.0,R,5341.0,R,9.0,R,483.0,R,0.0,R,483.0,R,293.0,R,61.0,R,584.0,R,0.0,R,584.0,R,316.0,R,54.0,R,12
238759,2010,R,535.0,R,3018.0,R,18.0,R,568.0,R,2.0,R,566.0,R,361.0,R,64.0,R,1017.0,R,1.0,R,1016.0,R,511.0,R,50.0,R,16
238786,2010,A,,A,,A,,R,24.0,R,0.0,R,24.0,R,21.0,R,88.0,R,0.0,R,0.0,R,0.0,R,0.0,A,,R,14
238810,2010,A,,A,,A,,R,49.0,Z,0.0,R,49.0,R,46.0,R,94.0,R,5.0,Z,0.0,R,5.0,R,5.0,R,100.0,R,16
238892,2010,R,145.0,R,182.0,R,80.0,R,3.0,R,0.0,R,3.0,R,2.0,R,67.0,R,0.0,R,0.0,R,0.0,R,0.0,A,,R,23
238935,2010,R,17.0,R,137.0,R,12.0,R,15.0,R,0.0,R,15.0,R,9.0,R,60.0,R,24.0,R,0.0,R,24.0,R,15.0,R,63.0,R,31
238980,2010,R,201.0,R,741.0,R,27.0,R,178.0,R,0.0,R,178.0,R,96.0,R,54.0,R,26.0,R,0.0,R,26.0,R,11.0,R,42.0,R,15
239008,2010,R,151.0,R,662.0,R,23.0,R,173.0,R,1.0,R,172.0,R,119.0,R,69.0,R,167.0,Z,0.0,R,167.0,R,89.0,R,53.0,R,13
239017,2010,R,445.0,R,497.0,R,90.0,R,348.0,R,0.0,R,348.0,R,305.0,R,88.0,R,4.0,R,0.0,R,4.0,R,3.0,R,75.0,R,9
239071,2010,R,209.0,R,314.0,R,67.0,R,198.0,R,0.0,R,198.0,R,161.0,R,81.0,R,3.0,R,0.0,R,3.0,R,2.0,R,67.0,R,16
239080,2010,R,310.0,R,569.0,R,54.0,R,316.0,R,0.0,R,316.0,R,212.0,R,67.0,R,0.0,R,0.0,R,0.0,R,0.0,A,,R,12
239105,2010,R,1931.0,R,2215.0,R,87.0,R,1947.0,R,0.0,R,1947.0,R,1723.0,R,88.0,R,5.0,R,0.0,R,5.0,R,2.0,R,40.0,R,14
239132,2010,A,,A,,A,,R,42.0,Z,0.0,R,42.0,R,27.0,R,64.0,R,9.0,Z,0.0,R,9.0,R,6.0,R,67.0,R,17
239220,2010,R,303.0,R,817.0,R,37.0,R,292.0,R,1.0,R,291.0,R,164.0,R,56.0,R,188.0,R,0.0,R,188.0,R,119.0,R,63.0,R,16
239248,2010,R,1188.0,R,3281.0,R,36.0,R,1292.0,R,0.0,R,1292.0,R,632.0,R,49.0,R,940.0,R,0.0,R,940.0,R,434.0,R,46.0,R,19
239309,2010,R,168.0,R,229.0,R,73.0,R,177.0,R,0.0,R,177.0,R,133.0,R,75.0,R,1.0,R,0.0,R,1.0,R,0.0,R,0.0,R,10
239318,2010,R,480.0,R,646.0,R,74.0,R,526.0,Z,0.0,R,526.0,R,416.0,R,79.0,R,13.0,Z,0.0,R,13.0,R,3.0,R,23.0,R,14
239372,2010,R,426.0,R,3749.0,R,11.0,R,291.0,R,0.0,R,291.0,R,196.0,R,67.0,R,188.0,R,0.0,R,188.0,R,97.0,R,52.0,R,18
239390,2010,R,122.0,R,455.0,R,27.0,R,162.0,R,0.0,R,162.0,R,103.0,R,64.0,R,2.0,Z,0.0,R,2.0,R,1.0,R,50.0,R,14
239442,2010,R,269.0,R,469.0,R,57.0,R,229.0,R,0.0,R,229.0,R,138.0,R,60.0,R,101.0,R,0.0,R,101.0,R,59.0,R,58.0,R,11
239460,2010,R,506.0,R,1817.0,R,28.0,R,573.0,Z,0.0,R,573.0,R,394.0,R,69.0,R,374.0,Z,0.0,R,374.0,R,263.0,R,70.0,R,24
239488,2010,R,1072.0,R,2912.0,R,37.0,R,1130.0,R,1.0,R,1129.0,R,631.0,R,56.0,R,434.0,R,0.0,R,434.0,R,274.0,R,63.0,R,14
239503,2010,R,115.0,R,190.0,R,61.0,R,89.0,R,0.0,R,89.0,R,59.0,R,66.0,R,2.0,R,0.0,R,2.0,R,2.0,R,100.0,R,17
239512,2010,R,129.0,R,184.0,R,70.0,R,135.0,R,0.0,R,135.0,R,101.0,R,75.0,R,0.0,R,0.0,R,0.0,R,0.0,A,,R,11
239628,2010,R,289.0,R,315.0,R,92.0,R,249.0,R,0.0,R,249.0,R,211.0,R,85.0,R,0.0,R,0.0,R,0.0,R,0.0,A,,R,15
239716,2010,R,604.0,R,682.0,R,89.0,R,543.0,Z,0.0,R,543.0,R,458.0,R,84.0,R,2.0,Z,0.0,R,2.0,R,0.0,R,0.0,R,15
239743,2010,R,41.0,R,147.0,R,28.0,R,30.0,R,0.0,R,30.0,R,19.0,R,63.0,R,0.0,R,0.0,R,0.0,R,0.0,A,,R,7
239877,2010,A,,A,,A,,R,54.0,R,0.0,R,54.0,R,38.0,R,70.0,R,0.0,R,0.0,R,0.0,R,0.0,A,,R,13
239910,2010,R,336.0,R,1757.0,R,19.0,R,335.0,R,1.0,R,334.0,R,225.0,R,67.0,R,166.0,R,0.0,R,166.0,R,59.0,R,36.0,R,18
239929,2010,R,180.0,R,470.0,R,38.0,R,4.0,R,0.0,R,4.0,R,0.0,R,0.0,R,1.0,R,0.0,R,1.0,R,0.0,R,0.0,R,15
240055,2010,R,3911.0,R,6602.0,R,59.0,R,3910.0,R,0.0,R,3910.0,R,2226.0,R,57.0,R,431.0,R,0.0,R,431.0,R,188.0,R,44.0,R,25
240107,2010,R,341.0,R,749.0,R,46.0,R,410.0,R,1.0,R,409.0,R,292.0,R,71.0,R,7.0,R,0.0,R,7.0,R,2.0,R,29.0,R,12
240116,2010,R,1511.0,R,2912.0,R,52.0,R,1927.0,R,5.0,R,1922.0,R,1184.0,R,62.0,R,857.0,R,0.0,R,857.0,R,506.0,R,59.0,R,14
240125,2010,R,428.0,R,2374.0,R,18.0,R,480.0,R,0.0,R,480.0,R,334.0,R,70.0,R,279.0,R,0.0,R,279.0,R,154.0,R,55.0,R,18
240170,2010,R,595.0,R,1325.0,R,45.0,R,630.0,R,0.0,R,630.0,R,391.0,R,62.0,R,450.0,R,0.0,R,450.0,R,224.0,R,50.0,R,12
240189,2010,R,2033.0,R,2855.0,R,71.0,R,1941.0,R,0.0,R,1941.0,R,1524.0,R,79.0,R,12.0,R,0.0,R,12.0,R,6.0,R,50.0,R,23
240198,2010,R,447.0,R,1071.0,R,42.0,R,492.0,R,1.0,R,491.0,R,323.0,R,66.0,R,473.0,R,1.0,R,472.0,R,334.0,R,71.0,R,12
240240,2010,A,,A,,A,,R,55.0,R,0.0,R,55.0,R,45.0,R,82.0,R,0.0,R,0.0,R,0.0,R,0.0,A,,R,12
240268,2010,R,2058.0,R,2978.0,R,69.0,R,2010.0,R,0.0,R,2010.0,R,1611.0,R,80.0,R,5.0,R,0.0,R,5.0,R,0.0,R,0.0,R,22
240277,2010,R,894.0,R,1712.0,R,52.0,R,1037.0,R,0.0,R,1037.0,R,759.0,R,73.0,R,12.0,R,0.0,R,12.0,R,5.0,R,42.0,R,27
240329,2010,R,1836.0,R,2512.0,R,73.0,R,1826.0,R,0.0,R,1826.0,R,1562.0,R,86.0,R,2.0,R,0.0,R,2.0,R,2.0,R,100.0,R,21
240338,2010,R,246.0,R,289.0,R,85.0,R,202.0,R,0.0,R,202.0,R,157.0,R,78.0,R,0.0,Z,0.0,R,0.0,Z,0.0,A,,R,10
240365,2010,R,1817.0,R,4288.0,R,42.0,R,1874.0,R,0.0,R,1874.0,R,1458.0,R,78.0,R,33.0,R,0.0,R,33.0,R,11.0,R,33.0,R,22
240374,2010,R,711.0,R,1272.0,R,56.0,R,788.0,R,0.0,R,788.0,R,519.0,R,66.0,R,102.0,R,0.0,R,102.0,R,51.0,R,50.0,R,19
240392,2010,R,234.0,R,1338.0,R,17.0,R,112.0,R,0.0,R,112.0,R,65.0,R,58.0,R,63.0,R,0.0,R,63.0,R,29.0,R,46.0,R,20
240417,2010,R,1571.0,R,2323.0,R,68.0,R,1517.0,R,0.0,R,1517.0,R,1131.0,R,75.0,R,24.0,R,0.0,R,24.0,R,11.0,R,46.0,R,21
240426,2010,R,369.0,R,763.0,R,48.0,R,364.0,R,0.0,R,364.0,R,250.0,R,69.0,R,5.0,R,0.0,R,5.0,R,3.0,R,60.0,R,17
240444,2010,R,5920.0,R,7998.0,R,74.0,R,5673.0,R,0.0,R,5673.0,R,5379.0,R,95.0,R,7.0,R,0.0,R,7.0,R,4.0,R,57.0,R,22
240453,2010,R,3731.0,R,5902.0,R,63.0,R,4051.0,R,0.0,R,4051.0,R,2948.0,R,73.0,R,100.0,R,0.0,R,100.0,R,46.0,R,46.0,R,21
240462,2010,R,1534.0,R,2110.0,R,73.0,R,1531.0,R,0.0,R,1531.0,R,1167.0,R,76.0,R,102.0,R,0.0,R,102.0,R,28.0,R,27.0,R,22
240471,2010,R,1230.0,R,1768.0,R,70.0,R,1325.0,R,0.0,R,1325.0,R,1010.0,R,76.0,R,11.0,R,0.0,R,11.0,R,3.0,R,27.0,R,22
240480,2010,R,1644.0,R,2391.0,R,69.0,R,1625.0,R,0.0,R,1625.0,R,1336.0,R,82.0,R,13.0,R,0.0,R,13.0,R,8.0,R,62.0,R,22
240505,2010,R,683.0,R,1339.0,R,51.0,R,662.0,R,1.0,R,661.0,R,413.0,R,62.0,R,88.0,R,0.0,R,88.0,R,25.0,R,28.0,R,16
240514,2010,R,226.0,R,944.0,R,24.0,R,291.0,Z,0.0,R,291.0,R,147.0,R,51.0,R,91.0,Z,0.0,R,91.0,R,30.0,R,33.0,R,20
240596,2010,R,193.0,R,579.0,R,33.0,R,199.0,R,2.0,R,197.0,R,101.0,R,51.0,R,33.0,Z,0.0,R,33.0,R,7.0,R,21.0,R,14
240620,2010,R,347.0,R,1379.0,R,25.0,R,354.0,R,0.0,R,354.0,R,200.0,R,56.0,R,85.0,R,0.0,R,85.0,R,24.0,R,28.0,R,16
240657,2010,R,514.0,R,657.0,R,78.0,R,509.0,R,0.0,R,509.0,R,287.0,R,56.0,R,51.0,R,0.0,R,51.0,R,17.0,R,33.0,R,16
240666,2010,R,484.0,R,1662.0,R,29.0,R,530.0,R,0.0,R,530.0,R,291.0,R,55.0,R,80.0,R,0.0,R,80.0,R,25.0,R,31.0,R,19
240693,2010,R,242.0,R,1075.0,R,23.0,R,331.0,R,28.0,R,303.0,R,196.0,R,65.0,R,331.0,R,17.0,R,314.0,R,125.0,R,40.0,R,17
240709,2010,A,,A,,A,,R,17.0,R,0.0,R,17.0,R,5.0,R,29.0,R,12.0,R,0.0,R,12.0,R,3.0,R,25.0,R,16
240718,2010,A,,A,,A,,R,619.0,R,0.0,R,619.0,R,514.0,R,83.0,R,0.0,R,0.0,R,0.0,R,0.0,A,,R,25
240727,2010,R,1458.0,R,2633.0,R,55.0,R,1576.0,R,9.0,R,1567.0,R,1152.0,R,74.0,R,18.0,R,0.0,R,18.0,R,5.0,R,28.0,R,14
240736,2010,R,289.0,R,657.0,R,44.0,R,295.0,R,1.0,R,294.0,R,187.0,R,64.0,R,291.0,R,0.0,R,291.0,R,132.0,R,45.0,R,19
240745,2010,R,245.0,R,1003.0,R,24.0,R,147.0,R,0.0,R,147.0,R,2.0,R,1.0,R,91.0,R,0.0,R,91.0,R,2.0,R,2.0,R,15
240754,2010,R,490.0,R,721.0,R,68.0,R,517.0,R,0.0,R,517.0,R,345.0,R,67.0,R,101.0,R,0.0,R,101.0,R,51.0,R,50.0,R,13
240790,2010,R,338.0,R,387.0,R,87.0,R,56.0,R,0.0,R,56.0,R,33.0,R,59.0,R,5.0,R,0.0,R,5.0,R,3.0,R,60.0,R,24
240879,2010,A,,A,,A,,R,181.0,R,0.0,R,181.0,R,145.0,R,80.0,R,0.0,R,0.0,R,0.0,R,0.0,A,,R,35
240985,2010,A,,A,,A,,R,217.0,R,0.0,R,217.0,R,155.0,R,71.0,R,0.0,R,0.0,R,0.0,R,0.0,A,,R,35
241100,2010,R,209.0,R,268.0,R,78.0,R,145.0,R,0.0,R,145.0,R,101.0,R,70.0,R,1.0,R,0.0,R,1.0,R,0.0,R,0.0,R,26
241128,2010,R,160.0,R,213.0,R,75.0,R,112.0,R,0.0,R,112.0,R,76.0,R,68.0,R,2.0,R,0.0,R,2.0,R,0.0,R,0.0,R,21
241146,2010,A,,A,,A,,R,310.0,R,0.0,R,310.0,R,91.0,R,29.0,R,1.0,R,0.0,R,1.0,R,1.0,R,100.0,R,16
241182,2010,A,,A,,A,,R,117.0,Z,0.0,R,117.0,R,65.0,R,56.0,R,0.0,R,0.0,R,0.0,R,0.0,A,,R,20
241191,2010,R,246.0,R,367.0,R,67.0,R,174.0,R,0.0,R,174.0,R,118.0,R,68.0,R,1.0,R,0.0,R,1.0,R,1.0,R,100.0,R,16
241216,2010,R,257.0,R,364.0,R,71.0,R,239.0,R,0.0,R,239.0,R,178.0,R,74.0,R,26.0,R,0.0,R,26.0,R,13.0,R,50.0,R,22
241225,2010,R,213.0,R,328.0,R,65.0,R,231.0,R,0.0,R,231.0,R,160.0,R,69.0,R,13.0,R,0.0,R,13.0,R,3.0,R,23.0,R,22
241304,2010,R,170.0,R,237.0,R,72.0,R,119.0,R,0.0,R,119.0,R,102.0,R,86.0,R,41.0,R,0.0,R,41.0,R,16.0,R,39.0,R,22
241331,2010,A,,A,,A,,A,,A,,A,,A,,A,,A,,A,,A,,A,,A,,R,17
241377,2010,R,392.0,R,748.0,R,52.0,R,392.0,R,0.0,R,392.0,R,305.0,R,78.0,R,110.0,R,0.0,R,110.0,R,70.0,R,64.0,R,21
241386,2010,R,195.0,R,547.0,R,36.0,R,97.0,R,0.0,R,97.0,R,79.0,R,81.0,R,86.0,R,0.0,R,86.0,R,52.0,R,60.0,R,14
241395,2010,R,94.0,R,162.0,R,58.0,R,87.0,R,0.0,R,87.0,R,63.0,R,72.0,R,0.0,R,0.0,R,0.0,R,0.0,A,,R,15
241410,2010,R,1153.0,R,1498.0,R,77.0,R,973.0,R,0.0,R,973.0,R,818.0,R,84.0,R,4.0,R,0.0,R,4.0,R,1.0,R,25.0,R,24
241517,2010,R,466.0,R,571.0,R,82.0,R,335.0,R,0.0,R,335.0,R,198.0,R,59.0,R,16.0,R,0.0,R,16.0,R,10.0,R,63.0,R,38
241614,2010,R,25.0,R,60.0,R,42.0,R,12.0,R,0.0,R,12.0,R,9.0,R,75.0,R,20.0,R,0.0,R,20.0,R,4.0,R,20.0,R,10
241720,2010,R,293.0,R,469.0,R,62.0,R,97.0,Z,0.0,R,97.0,R,49.0,R,51.0,R,29.0,Z,0.0,R,29.0,R,18.0,R,62.0,R,20
241739,2010,R,1910.0,R,2669.0,R,72.0,R,1187.0,R,0.0,R,1187.0,R,822.0,R,69.0,R,86.0,R,0.0,R,86.0,R,27.0,R,31.0,R,36
241766,2010,R,30.0,R,117.0,R,26.0,R,19.0,Z,0.0,R,19.0,R,17.0,R,89.0,R,26.0,Z,0.0,R,26.0,R,18.0,R,69.0,R,3
241836,2010,R,209.0,R,301.0,R,69.0,R,19.0,Z,0.0,R,19.0,R,15.0,R,79.0,R,34.0,Z,0.0,R,34.0,R,26.0,R,76.0,R,21
241906,2010,A,,A,,A,,R,155.0,R,0.0,R,155.0,R,116.0,R,75.0,R,0.0,R,0.0,R,0.0,R,0.0,A,,R,25
241951,2010,R,78.0,R,109.0,R,72.0,R,67.0,R,1.0,R,66.0,R,50.0,R,76.0,R,4.0,R,0.0,R,4.0,R,3.0,R,75.0,R,12
242042,2010,R,299.0,R,358.0,R,84.0,R,301.0,R,0.0,R,301.0,R,210.0,R,70.0,R,2.0,R,0.0,R,2.0,R,1.0,R,50.0,R,13
242112,2010,R,320.0,R,782.0,R,41.0,R,357.0,R,0.0,R,357.0,R,200.0,R,56.0,R,2.0,R,0.0,R,2.0,R,0.0,R,0.0,R,28
242121,2010,R,110.0,R,139.0,R,79.0,R,0.0,R,0.0,R,0.0,R,0.0,A,,R,0.0,R,0.0,R,0.0,R,0.0,A,,R,14
242130,2010,R,110.0,R,164.0,R,67.0,R,100.0,R,0.0,R,100.0,R,38.0,R,38.0,R,0.0,R,0.0,R,0.0,Z,0.0,A,,R,14
242149,2010,R,208.0,R,246.0,R,85.0,R,207.0,R,0.0,R,207.0,R,57.0,R,28.0,R,30.0,R,0.0,R,30.0,R,13.0,R,43.0,R,21
242316,2010,A,,A,,A,,R,330.0,R,0.0,R,330.0,R,233.0,R,71.0,R,0.0,R,0.0,R,0.0,R,0.0,A,,R,22
242413,2010,A,,A,,A,,R,167.0,R,0.0,R,167.0,R,113.0,R,68.0,R,0.0,R,0.0,R,0.0,R,0.0,A,,R,15
242422,2010,A,,A,,A,,R,9549.0,R,54.0,R,9495.0,R,6255.0,R,66.0,R,0.0,R,0.0,R,0.0,R,0.0,A,,R,16
242556,2010,R,203.0,R,203.0,R,100.0,R,308.0,R,0.0,R,308.0,R,273.0,R,89.0,R,1.0,R,0.0,R,1.0,R,0.0,R,0.0,R,16
242565,2010,R,319.0,R,367.0,R,87.0,R,319.0,R,0.0,R,319.0,R,319.0,R,100.0,R,36.0,R,0.0,R,36.0,R,36.0,R,100.0,R,12
242583,2010,R,262.0,R,319.0,R,82.0,R,277.0,R,0.0,R,277.0,R,260.0,R,94.0,R,40.0,R,0.0,R,40.0,R,26.0,R,65.0,R,20
242617,2010,R,748.0,R,938.0,R,80.0,R,582.0,R,0.0,R,582.0,R,436.0,R,75.0,R,9.0,R,0.0,R,9.0,R,7.0,R,78.0,R,24
242626,2010,R,661.0,R,909.0,R,73.0,R,394.0,R,0.0,R,394.0,R,288.0,R,73.0,R,6.0,R,0.0,R,6.0,R,4.0,R,67.0,R,30
242635,2010,R,859.0,R,1080.0,R,80.0,R,556.0,R,0.0,R,556.0,R,424.0,R,76.0,R,14.0,R,0.0,R,14.0,R,6.0,R,43.0,R,29
242644,2010,R,201.0,R,261.0,R,77.0,R,86.0,R,0.0,R,86.0,R,58.0,R,67.0,R,2.0,R,0.0,R,2.0,R,1.0,R,50.0,R,25
242653,2010,R,817.0,R,1599.0,R,51.0,R,655.0,R,0.0,R,655.0,R,467.0,R,71.0,R,14.0,R,0.0,R,14.0,R,8.0,R,57.0,R,28
242662,2010,R,886.0,R,1172.0,R,76.0,R,497.0,R,0.0,R,497.0,R,362.0,R,73.0,R,14.0,R,0.0,R,14.0,R,5.0,R,36.0,R,32
242680,2010,R,396.0,R,472.0,R,84.0,R,321.0,R,0.0,R,321.0,R,233.0,R,73.0,R,11.0,R,0.0,R,11.0,R,5.0,R,45.0,R,29
242699,2010,R,248.0,R,343.0,R,72.0,R,154.0,R,0.0,R,154.0,R,91.0,R,59.0,R,4.0,R,0.0,R,4.0,R,2.0,R,50.0,R,23
242705,2010,R,1021.0,R,1249.0,R,82.0,R,805.0,R,0.0,R,805.0,R,593.0,R,74.0,R,11.0,R,0.0,R,11.0,R,3.0,R,27.0,R,25
242750,2010,A,,A,,A,,R,104.0,R,0.0,R,104.0,R,55.0,R,53.0,R,0.0,R,0.0,R,0.0,R,0.0,A,,R,11
242820,2010,A,,A,,A,,R,518.0,R,3.0,R,515.0,R,384.0,R,75.0,R,0.0,R,0.0,R,0.0,R,0.0,A,,R,25
242884,2010,A,,A,,A,,R,656.0,R,6.0,R,650.0,R,413.0,R,64.0,R,13.0,R,0.0,R,13.0,R,8.0,R,62.0,R,21
242945,2010,A,,A,,A,,R,154.0,R,0.0,R,154.0,R,102.0,R,66.0,R,82.0,R,0.0,R,82.0,R,45.0,R,55.0,R,22
242954,2010,A,,A,,A,,R,54.0,R,4.0,R,50.0,R,33.0,R,66.0,R,8.0,R,1.0,R,7.0,R,4.0,R,57.0,R,18
242972,2010,R,562.0,R,963.0,R,58.0,R,143.0,R,0.0,R,143.0,R,66.0,R,46.0,R,10.0,R,0.0,R,10.0,R,4.0,R,40.0,R,32
242981,2010,R,303.0,R,501.0,R,60.0,R,45.0,R,0.0,R,45.0,R,26.0,R,58.0,R,5.0,R,0.0,R,5.0,R,2.0,R,40.0,R,26
243072,2010,A,,A,,A,,R,562.0,R,1.0,R,561.0,R,385.0,R,69.0,R,86.0,R,0.0,R,86.0,R,62.0,R,72.0,R,22
243106,2010,R,698.0,R,780.0,R,89.0,R,749.0,R,0.0,R,749.0,R,519.0,R,69.0,R,2.0,R,0.0,R,2.0,R,1.0,R,50.0,R,27
243115,2010,R,821.0,R,845.0,R,97.0,R,750.0,R,0.0,R,750.0,R,550.0,R,73.0,R,0.0,R,0.0,R,0.0,R,0.0,A,,R,21
243133,2010,R,1104.0,R,1194.0,R,92.0,R,781.0,R,0.0,R,781.0,R,658.0,R,84.0,R,12.0,R,0.0,R,12.0,R,11.0,R,92.0,R,22
243142,2010,R,815.0,R,860.0,R,95.0,R,410.0,Z,0.0,R,410.0,R,310.0,R,76.0,R,3.0,Z,0.0,R,3.0,R,2.0,R,67.0,R,22
243151,2010,R,777.0,R,830.0,R,94.0,R,871.0,R,0.0,R,871.0,R,701.0,R,80.0,R,3.0,R,0.0,R,3.0,R,2.0,R,67.0,R,23
243179,2010,R,840.0,R,936.0,R,90.0,R,835.0,Z,0.0,R,835.0,R,685.0,R,82.0,R,1.0,Z,0.0,R,1.0,R,1.0,R,100.0,R,16
243188,2010,R,479.0,R,569.0,R,84.0,R,212.0,R,0.0,R,212.0,R,124.0,R,58.0,R,0.0,R,0.0,R,0.0,R,0.0,A,,R,19
243197,2010,R,1931.0,R,2239.0,R,86.0,R,2325.0,R,0.0,R,2325.0,R,1935.0,R,83.0,R,93.0,R,0.0,R,93.0,R,71.0,R,76.0,R,18
243203,2010,A,,A,,A,,A,,A,,A,,A,,A,,A,,A,,A,,A,,A,,R,3
243212,2010,R,753.0,R,771.0,R,98.0,R,862.0,R,0.0,R,862.0,R,633.0,R,73.0,R,0.0,R,0.0,R,0.0,R,0.0,A,,R,16
243221,2010,R,2246.0,R,2555.0,R,88.0,R,2814.0,R,0.0,R,2814.0,R,2404.0,R,85.0,R,54.0,R,0.0,R,54.0,R,38.0,R,70.0,R,17
243346,2010,R,2171.0,R,3302.0,R,66.0,R,987.0,R,0.0,R,987.0,R,717.0,R,73.0,R,180.0,R,0.0,R,180.0,R,96.0,R,53.0,R,34
243407,2010,A,,A,,A,,R,3.0,R,0.0,R,3.0,R,3.0,R,100.0,R,0.0,R,0.0,R,0.0,R,0.0,A,,R,16
243416,2010,A,,A,,A,,R,160.0,R,0.0,R,160.0,R,126.0,R,79.0,R,0.0,R,0.0,R,0.0,R,0.0,A,,R,22
243443,2010,R,933.0,R,1560.0,R,60.0,R,708.0,R,0.0,R,708.0,R,517.0,R,73.0,R,84.0,R,0.0,R,84.0,R,51.0,R,61.0,R,25
243568,2010,R,11.0,R,11.0,R,100.0,R,17.0,R,0.0,R,17.0,R,14.0,R,82.0,R,0.0,R,0.0,R,0.0,R,0.0,A,,R,21
243577,2010,R,504.0,R,740.0,R,68.0,R,534.0,R,0.0,R,534.0,R,371.0,R,69.0,R,25.0,R,0.0,R,25.0,R,12.0,R,48.0,R,17
243586,2010,R,241.0,R,333.0,R,72.0,R,193.0,R,0.0,R,193.0,R,137.0,R,71.0,Z,0.0,Z,0.0,Z,0.0,Z,0.0,A,,R,23
243601,2010,R,2080.0,R,3165.0,R,66.0,R,1508.0,R,0.0,R,1508.0,R,1076.0,R,71.0,R,111.0,R,0.0,R,111.0,R,37.0,R,33.0,R,35
243638,2010,R,576.0,R,653.0,R,88.0,R,715.0,R,0.0,R,715.0,R,428.0,R,60.0,R,77.0,R,0.0,R,77.0,R,43.0,R,56.0,R,29
243647,2010,R,109.0,R,126.0,R,87.0,R,78.0,R,0.0,R,78.0,R,49.0,R,63.0,R,9.0,R,0.0,R,9.0,R,2.0,R,22.0,R,16
243665,2010,R,427.0,R,590.0,R,72.0,R,342.0,R,0.0,R,342.0,R,245.0,R,72.0,R,39.0,R,0.0,R,39.0,R,21.0,R,54.0,R,17
243744,2010,R,1672.0,R,1732.0,R,97.0,R,1692.0,R,0.0,R,1692.0,R,1660.0,R,98.0,R,0.0,R,0.0,R,0.0,R,0.0,A,,R,10
243780,2010,R,6459.0,R,8237.0,R,78.0,R,6316.0,R,3.0,R,6313.0,R,5586.0,R,88.0,R,70.0,R,0.0,R,70.0,R,42.0,R,60.0,R,14
243799,2010,A,,A,,A,,R,2.0,R,0.0,R,2.0,R,2.0,R,100.0,R,0.0,R,0.0,R,0.0,R,0.0,A,,R,8
243823,2010,A,,A,,A,,R,0.0,R,0.0,R,0.0,R,0.0,A,,R,0.0,R,0.0,R,0.0,R,0.0,A,,R,16
243832,2010,R,84.0,R,400.0,R,21.0,R,12.0,R,0.0,R,12.0,R,11.0,R,92.0,R,12.0,R,0.0,R,12.0,R,9.0,R,75.0,R,19
243841,2010,R,328.0,R,346.0,R,95.0,R,303.0,R,0.0,R,303.0,R,63.0,R,21.0,R,5.0,R,0.0,R,5.0,R,0.0,R,0.0,R,26
244011,2010,R,119.0,R,146.0,R,82.0,R,0.0,R,0.0,R,0.0,R,0.0,A,,R,0.0,R,0.0,R,0.0,R,0.0,A,,R,29
244154,2010,R,72.0,R,88.0,R,82.0,R,3.0,R,1.0,R,2.0,R,1.0,R,50.0,R,0.0,R,0.0,R,0.0,R,0.0,A,,R,17
244190,2010,R,16.0,R,43.0,R,37.0,R,2.0,R,0.0,R,2.0,R,2.0,R,100.0,R,3.0,R,0.0,R,3.0,R,1.0,R,33.0,R,8
244233,2010,R,58.0,R,79.0,R,73.0,R,0.0,R,0.0,R,0.0,R,0.0,A,,R,0.0,R,0.0,R,0.0,R,0.0,A,,R,15
244279,2010,A,,A,,A,,R,216.0,R,0.0,R,216.0,R,172.0,R,80.0,R,1.0,R,0.0,R,1.0,R,1.0,R,100.0,R,10
244437,2010,R,3072.0,R,8595.0,R,36.0,R,3353.0,R,0.0,R,3353.0,R,1934.0,R,58.0,R,1579.0,R,0.0,R,1579.0,R,682.0,R,43.0,R,24
244446,2010,R,385.0,R,2984.0,R,13.0,R,472.0,R,0.0,R,472.0,R,219.0,R,46.0,R,444.0,R,0.0,R,444.0,R,159.0,R,36.0,R,27
244491,2010,A,,A,,A,,R,34.0,Z,0.0,R,34.0,R,28.0,R,82.0,Z,0.0,Z,0.0,Z,0.0,Z,0.0,A,,R,12
244561,2010,A,,A,,A,,A,,A,,A,,A,,A,,A,,A,,A,,A,,A,,R,7
244613,2010,A,,A,,A,,R,41.0,R,0.0,R,41.0,R,31.0,R,76.0,R,25.0,R,0.0,R,25.0,R,23.0,R,92.0,R,17
245032,2010,R,150.0,R,166.0,R,90.0,R,102.0,R,0.0,R,102.0,R,59.0,R,58.0,R,14.0,R,0.0,R,14.0,R,9.0,R,64.0,R,31
245069,2010,A,,A,,A,,R,13.0,R,0.0,R,13.0,R,2.0,R,15.0,R,6.0,R,0.0,R,6.0,R,3.0,R,50.0,R,20
245281,2010,A,,A,,A,,R,12.0,R,0.0,R,12.0,R,12.0,R,100.0,Z,0.0,Z,0.0,Z,0.0,Z,0.0,A,,R,14
245290,2010,A,,A,,A,,R,25.0,R,0.0,R,25.0,R,24.0,R,96.0,R,26.0,R,0.0,R,26.0,R,20.0,R,77.0,R,6
245342,2010,A,,A,,A,,R,560.0,R,0.0,R,560.0,R,313.0,R,56.0,R,0.0,R,0.0,R,0.0,R,0.0,A,,R,31
245421,2010,R,20.0,R,42.0,R,48.0,R,35.0,R,0.0,R,35.0,R,22.0,R,63.0,R,1.0,R,0.0,R,1.0,R,0.0,R,0.0,R,13
245430,2010,R,55.0,R,95.0,R,58.0,R,37.0,R,0.0,R,37.0,R,23.0,R,62.0,R,1.0,R,0.0,R,1.0,R,0.0,R,0.0,R,16
245625,2010,R,256.0,R,1045.0,R,24.0,R,343.0,R,0.0,R,343.0,R,217.0,R,63.0,R,523.0,R,0.0,R,523.0,R,184.0,R,35.0,R,23
245652,2010,R,119.0,R,120.0,R,99.0,R,119.0,R,0.0,R,119.0,R,93.0,R,78.0,R,0.0,R,0.0,R,0.0,R,0.0,A,,R,8
245731,2010,A,,A,,A,,A,,A,,A,,A,,A,,A,,A,,A,,A,,A,,R,6
245777,2010,R,1.0,R,4.0,R,25.0,R,2.0,R,0.0,R,2.0,R,1.0,R,50.0,R,0.0,R,0.0,R,0.0,R,0.0,A,,R,3
245838,2010,A,,A,,A,,A,,A,,A,,A,,A,,A,,A,,A,,A,,A,,R,14
245847,2010,A,,A,,A,,A,,A,,A,,A,,A,,A,,A,,A,,A,,A,,R,8
245883,2010,R,31.0,R,90.0,R,34.0,R,32.0,R,0.0,R,32.0,R,0.0,R,0.0,R,0.0,R,0.0,R,0.0,R,0.0,A,,R,8
245892,2010,A,,A,,A,,A,,A,,A,,A,,A,,A,,A,,A,,A,,A,,R,11
245953,2010,R,65.0,R,367.0,R,18.0,R,81.0,R,0.0,R,81.0,R,44.0,R,54.0,R,32.0,R,0.0,R,32.0,R,12.0,R,38.0,R,18
245962,2010,A,,A,,A,,R,2.0,R,0.0,R,2.0,R,2.0,R,100.0,R,0.0,R,0.0,R,0.0,R,0.0,A,,R,10
245980,2010,A,,A,,A,,R,10.0,R,0.0,R,10.0,R,8.0,R,80.0,R,0.0,R,0.0,R,0.0,R,0.0,A,,R,11
245999,2010,A,,A,,A,,R,280.0,R,1.0,R,279.0,R,137.0,R,49.0,R,195.0,R,0.0,R,195.0,R,88.0,R,45.0,R,18
246008,2010,A,,A,,A,,R,78.0,R,0.0,R,78.0,R,58.0,R,74.0,R,0.0,R,0.0,R,0.0,R,0.0,A,,R,9
246017,2010,A,,A,,A,,R,47.0,R,0.0,R,47.0,R,12.0,R,26.0,R,55.0,R,0.0,R,55.0,R,32.0,R,58.0,R,9
246035,2010,A,,A,,A,,R,247.0,R,0.0,R,247.0,R,174.0,R,70.0,Z,0.0,Z,0.0,Z,0.0,Z,0.0,A,,R,22
246071,2010,A,,A,,A,,R,46.0,R,4.0,R,42.0,R,33.0,R,79.0,R,0.0,R,0.0,R,0.0,R,0.0,A,,R,9
246202,2010,A,,A,,A,,R,268.0,Z,0.0,R,268.0,R,160.0,R,60.0,R,0.0,Z,0.0,R,0.0,R,0.0,A,,R,32
246266,2010,A,,A,,A,,R,215.0,Z,0.0,R,215.0,R,171.0,R,80.0,R,0.0,Z,0.0,R,0.0,R,0.0,A,,R,56
246354,2010,R,472.0,R,2230.0,R,21.0,R,809.0,R,0.0,R,809.0,R,444.0,R,55.0,R,593.0,R,0.0,R,593.0,R,251.0,R,42.0,R,19
246406,2010,A,,A,,A,,R,42.0,R,0.0,R,42.0,R,37.0,R,88.0,R,0.0,R,0.0,R,0.0,R,0.0,A,,R,19
246415,2010,A,,A,,A,,R,7.0,R,0.0,R,7.0,R,6.0,R,86.0,R,8.0,R,0.0,R,8.0,R,6.0,R,75.0,R,8
246460,2010,A,,A,,A,,R,79.0,R,2.0,R,77.0,R,12.0,R,16.0,R,0.0,R,0.0,R,0.0,R,0.0,A,,R,22
246594,2010,A,,A,,A,,R,32.0,Z,0.0,R,32.0,R,18.0,R,56.0,R,0.0,Z,0.0,R,0.0,Z,0.0,A,,R,28
246813,2010,R,445.0,R,1567.0,R,28.0,R,477.0,R,0.0,R,477.0,R,268.0,R,56.0,R,310.0,R,0.0,R,310.0,R,152.0,R,49.0,R,22
246895,2010,A,,A,,A,,R,150.0,R,0.0,R,150.0,R,94.0,R,63.0,R,6.0,R,0.0,R,6.0,R,3.0,R,50.0,R,22
246974,2010,A,,A,,A,,R,217.0,R,0.0,R,217.0,R,147.0,R,68.0,Z,0.0,Z,0.0,Z,0.0,Z,0.0,A,,R,35
247010,2010,A,,A,,A,,R,48.0,R,0.0,R,48.0,R,44.0,R,92.0,R,0.0,R,0.0,R,0.0,R,0.0,A,,R,8
247047,2010,A,,A,,A,,R,39.0,Z,0.0,R,39.0,R,34.0,R,87.0,R,0.0,R,0.0,R,0.0,R,0.0,A,,R,9
247065,2010,R,114.0,R,385.0,R,30.0,R,4.0,R,0.0,R,4.0,R,3.0,R,75.0,R,0.0,R,0.0,R,0.0,R,0.0,A,,R,20
247153,2010,A,,A,,A,,R,31.0,R,0.0,R,31.0,R,16.0,R,52.0,R,8.0,R,0.0,R,8.0,R,7.0,R,88.0,R,25
247162,2010,A,,A,,A,,R,0.0,R,0.0,R,0.0,R,0.0,A,,R,0.0,R,0.0,R,0.0,R,0.0,A,,R,4
247409,2010,A,,A,,A,,A,,A,,A,,A,,A,,A,,A,,A,,A,,A,,R,14
247603,2010,R,723.0,R,1418.0,R,51.0,R,821.0,R,0.0,R,821.0,R,613.0,R,75.0,R,168.0,R,0.0,R,168.0,R,70.0,R,42.0,R,25
247649,2010,R,116.0,R,225.0,R,52.0,R,144.0,R,0.0,R,144.0,R,92.0,R,64.0,R,0.0,R,0.0,R,0.0,R,0.0,A,,R,5
247700,2010,R,34.0,R,415.0,R,8.0,R,16.0,R,0.0,R,16.0,R,8.0,R,50.0,R,207.0,R,0.0,R,207.0,R,77.0,R,37.0,R,32
247773,2010,R,22.0,R,29.0,R,76.0,R,17.0,R,0.0,R,17.0,R,11.0,R,65.0,R,0.0,R,0.0,R,0.0,R,0.0,A,,R,16
247825,2010,A,,A,,A,,A,,A,,A,,A,,A,,A,,A,,A,,A,,A,,R,4
247834,2010,R,3185.0,R,8442.0,R,38.0,R,2971.0,R,0.0,R,2971.0,R,1902.0,R,64.0,R,1663.0,R,0.0,R,1663.0,R,815.0,R,49.0,R,27
247940,2010,R,606.0,R,930.0,R,65.0,R,648.0,R,1.0,R,647.0,R,377.0,R,58.0,R,146.0,R,0.0,R,146.0,R,65.0,R,45.0,R,15
248165,2010,A,,A,,A,,R,3.0,R,0.0,R,3.0,R,1.0,R,33.0,R,1.0,R,0.0,R,1.0,R,0.0,R,0.0,R,21
248192,2010,A,,A,,A,,R,11.0,R,0.0,R,11.0,R,10.0,R,91.0,R,0.0,R,0.0,R,0.0,R,0.0,A,,R,7
248305,2010,A,,A,,A,,R,72.0,Z,0.0,R,72.0,R,34.0,R,47.0,R,14.0,Z,0.0,R,14.0,R,7.0,R,50.0,R,14
248314,2010,A,,A,,A,,R,20.0,Z,0.0,R,20.0,R,18.0,R,90.0,R,3.0,Z,0.0,R,3.0,R,3.0,R,100.0,R,20
248527,2010,A,,A,,A,,R,24.0,R,0.0,R,24.0,R,20.0,R,83.0,Z,0.0,Z,0.0,Z,0.0,R,0.0,A,,R,20
248606,2010,A,,A,,A,,R,169.0,R,1.0,R,168.0,R,129.0,R,77.0,R,316.0,R,3.0,R,313.0,R,207.0,R,66.0,R,6
248624,2010,A,,A,,A,,R,35.0,R,0.0,R,35.0,R,32.0,R,91.0,R,0.0,R,0.0,R,0.0,R,0.0,A,,R,29
248633,2010,A,,A,,A,,R,35.0,R,0.0,R,35.0,R,29.0,R,83.0,R,0.0,R,0.0,R,0.0,R,0.0,A,,R,10
248660,2010,A,,A,,A,,R,28.0,R,0.0,R,28.0,R,25.0,R,89.0,R,0.0,R,0.0,R,0.0,R,0.0,A,,R,16
248703,2010,A,,A,,A,,R,65.0,R,0.0,R,65.0,R,49.0,R,75.0,R,19.0,R,0.0,R,19.0,R,15.0,R,79.0,R,14
248776,2010,R,169.0,R,582.0,R,29.0,R,199.0,R,0.0,R,199.0,R,94.0,R,47.0,R,277.0,R,0.0,R,277.0,R,122.0,R,44.0,R,17
248846,2010,R,92.0,R,183.0,R,50.0,R,101.0,R,0.0,R,101.0,R,67.0,R,66.0,R,2.0,R,0.0,R,2.0,R,1.0,R,50.0,R,18
248882,2010,R,7.0,R,204.0,R,3.0,R,4.0,R,0.0,R,4.0,R,3.0,R,75.0,R,81.0,R,0.0,R,81.0,R,31.0,R,38.0,R,27
248925,2010,A,,A,,A,,R,186.0,R,0.0,R,186.0,R,115.0,R,62.0,R,61.0,R,0.0,R,61.0,R,24.0,R,39.0,R,18
248934,2010,R,1023.0,R,1740.0,R,59.0,R,384.0,R,0.0,R,384.0,R,194.0,R,51.0,Z,0.0,Z,0.0,Z,0.0,Z,0.0,A,,R,18
248943,2010,A,,A,,A,,A,,A,,A,,A,,A,,A,,A,,A,,A,,A,,R,44
249061,2010,A,,A,,A,,R,30.0,R,0.0,R,30.0,R,28.0,R,93.0,R,29.0,R,0.0,R,29.0,R,27.0,R,93.0,R,12
249140,2010,A,,A,,A,,R,159.0,R,1.0,R,158.0,R,93.0,R,59.0,R,0.0,R,0.0,R,0.0,R,0.0,A,,R,41
249238,2010,A,,A,,A,,R,126.0,Z,0.0,R,126.0,R,101.0,R,80.0,R,40.0,Z,0.0,R,40.0,R,30.0,R,75.0,R,15
249247,2010,A,,A,,A,,R,427.0,Z,0.0,R,427.0,R,241.0,R,56.0,Z,0.0,Z,0.0,Z,0.0,Z,0.0,A,,R,31
249566,2010,A,,A,,A,,R,176.0,R,0.0,R,176.0,R,138.0,R,78.0,R,0.0,R,0.0,R,0.0,R,0.0,A,,R,5
249609,2010,A,,A,,A,,R,197.0,Z,0.0,R,197.0,R,113.0,R,57.0,Z,0.0,Z,0.0,Z,0.0,Z,0.0,A,,R,27
250027,2010,R,143.0,R,143.0,R,100.0,R,147.0,Z,0.0,R,147.0,R,90.0,R,61.0,R,1.0,Z,0.0,R,1.0,R,0.0,R,0.0,R,14
250072,2010,A,,A,,A,,R,48.0,R,0.0,R,48.0,R,44.0,R,92.0,R,6.0,R,0.0,R,6.0,R,5.0,R,83.0,R,10
250285,2010,A,,A,,A,,R,59.0,R,0.0,R,59.0,R,24.0,R,41.0,R,0.0,R,0.0,R,0.0,R,0.0,A,,R,9
250407,2010,A,,A,,A,,R,210.0,R,7.0,R,203.0,R,138.0,R,68.0,R,1.0,Z,0.0,R,1.0,Z,0.0,R,0.0,R,46
250498,2010,A,,A,,A,,R,67.0,R,1.0,R,66.0,R,46.0,R,70.0,R,0.0,R,0.0,R,0.0,R,0.0,A,,R,9
250601,2010,A,,A,,A,,R,100.0,R,0.0,R,100.0,R,65.0,R,65.0,Z,0.0,Z,0.0,Z,0.0,Z,0.0,A,,R,23
250744,2010,A,,A,,A,,R,41.0,R,0.0,R,41.0,R,15.0,R,37.0,R,12.0,R,0.0,R,12.0,R,9.0,R,75.0,R,31
250832,2010,A,,A,,A,,R,15.0,R,0.0,R,15.0,R,12.0,R,80.0,R,0.0,R,0.0,R,0.0,R,0.0,A,,R,10
250902,2010,A,,A,,A,,R,32.0,R,9.0,R,23.0,R,17.0,R,74.0,R,33.0,R,2.0,R,31.0,R,20.0,R,65.0,R,13
250920,2010,A,,A,,A,,R,787.0,Z,0.0,R,787.0,R,412.0,R,52.0,Z,0.0,Z,0.0,Z,0.0,Z,0.0,A,,R,24
250993,2010,A,,A,,A,,R,35.0,R,0.0,R,35.0,R,20.0,R,57.0,R,20.0,R,0.0,R,20.0,R,12.0,R,60.0,R,7
251075,2010,A,,A,,A,,R,242.0,Z,0.0,R,242.0,R,154.0,R,64.0,R,0.0,Z,0.0,R,0.0,R,0.0,A,,R,27
251251,2010,R,53.0,R,96.0,R,55.0,R,0.0,R,0.0,R,0.0,R,0.0,A,,R,0.0,R,0.0,R,0.0,R,0.0,A,,R,19
251260,2010,R,1011.0,R,1813.0,R,56.0,R,1101.0,R,0.0,R,1101.0,R,585.0,R,53.0,R,172.0,R,0.0,R,172.0,R,66.0,R,38.0,R,24
251312,2010,R,51.0,R,213.0,R,24.0,R,27.0,R,0.0,R,27.0,R,11.0,R,41.0,R,12.0,R,0.0,R,12.0,R,3.0,R,25.0,R,21
260293,2010,A,,A,,A,,R,5.0,R,0.0,R,5.0,R,1.0,R,20.0,R,12.0,R,0.0,R,12.0,R,7.0,R,58.0,R,39
260336,2010,A,,A,,A,,R,1.0,R,0.0,R,1.0,R,1.0,R,100.0,R,0.0,R,0.0,R,0.0,R,0.0,A,,R,2
260354,2010,A,,A,,A,,R,21.0,Z,0.0,R,21.0,R,15.0,R,71.0,R,2.0,Z,0.0,R,2.0,R,1.0,R,50.0,R,15
260363,2010,A,,A,,A,,R,38.0,R,0.0,R,38.0,R,23.0,R,61.0,R,0.0,R,0.0,R,0.0,R,0.0,A,,R,13
260372,2010,R,49.0,R,153.0,R,32.0,R,64.0,R,0.0,R,64.0,R,26.0,R,41.0,R,40.0,R,0.0,R,40.0,R,10.0,R,25.0,R,20
260664,2010,A,,A,,A,,A,,A,,A,,A,,A,,A,,A,,A,,A,,A,,R,7
260691,2010,A,,A,,A,,R,430.0,R,0.0,R,430.0,R,331.0,R,77.0,R,0.0,R,0.0,R,0.0,R,0.0,A,,R,25
260789,2010,A,,A,,A,,R,30.0,R,0.0,R,30.0,R,28.0,R,93.0,R,0.0,R,0.0,R,0.0,R,0.0,A,,R,8
260813,2010,R,1.0,R,14.0,R,7.0,R,3.0,R,0.0,R,3.0,R,2.0,R,67.0,R,0.0,R,0.0,R,0.0,R,0.0,A,,R,10
260901,2010,A,,A,,A,,R,155.0,Z,0.0,R,155.0,R,109.0,R,70.0,R,4275.0,Z,0.0,R,4275.0,R,1035.0,R,24.0,R,22
260910,2010,A,,A,,A,,R,0.0,Z,0.0,R,0.0,R,0.0,A,,R,1.0,Z,0.0,R,1.0,R,0.0,R,0.0,R,21
260929,2010,A,,A,,A,,R,31.0,R,0.0,R,31.0,R,20.0,R,65.0,R,7.0,R,0.0,R,7.0,R,3.0,R,43.0,R,20
260947,2010,R,3.0,R,8.0,R,38.0,R,3.0,R,0.0,R,3.0,R,2.0,R,67.0,R,2.0,R,0.0,R,2.0,R,2.0,R,100.0,R,3
260965,2010,A,,A,,A,,R,16.0,R,0.0,R,16.0,R,12.0,R,75.0,R,0.0,R,0.0,R,0.0,R,0.0,A,,R,23
260974,2010,R,42.0,R,65.0,R,65.0,R,18.0,R,0.0,R,18.0,R,9.0,R,50.0,R,0.0,R,0.0,R,0.0,R,0.0,A,,R,16
260992,2010,R,178.0,R,416.0,R,43.0,R,152.0,R,0.0,R,152.0,R,47.0,R,31.0,R,209.0,R,0.0,R,209.0,R,111.0,R,53.0,R,18
261375,2010,A,,A,,A,,R,58.0,R,0.0,R,58.0,R,51.0,R,88.0,R,85.0,R,0.0,R,85.0,R,73.0,R,86.0,R,4
261384,2010,A,,A,,A,,R,16.0,R,0.0,R,16.0,R,9.0,R,56.0,R,17.0,R,0.0,R,17.0,R,14.0,R,82.0,R,7
261393,2010,A,,A,,A,,R,19.0,R,1.0,R,18.0,R,17.0,R,94.0,R,40.0,R,0.0,R,40.0,R,39.0,R,98.0,R,6
261436,2010,A,,A,,A,,R,192.0,Z,0.0,R,192.0,R,161.0,R,84.0,Z,0.0,Z,0.0,Z,0.0,Z,0.0,A,,R,10
261472,2010,R,160.0,R,225.0,R,71.0,R,0.0,R,0.0,R,0.0,R,0.0,A,,R,0.0,R,0.0,R,0.0,R,0.0,A,,R,21
261676,2010,A,,A,,A,,A,,A,,A,,A,,A,,A,,A,,A,,A,,A,,R,18
261685,2010,A,,A,,A,,A,,A,,A,,A,,A,,A,,A,,A,,A,,A,,R,15
261719,2010,A,,A,,A,,R,5.0,R,0.0,R,5.0,R,5.0,R,100.0,R,6.0,R,0.0,R,6.0,R,6.0,R,100.0,R,5
261773,2010,A,,A,,A,,R,44.0,R,0.0,R,44.0,R,41.0,R,93.0,R,3.0,R,0.0,R,3.0,R,1.0,R,33.0,R,19
261861,2010,R,84.0,R,84.0,R,100.0,R,88.0,R,0.0,R,88.0,R,57.0,R,65.0,R,0.0,R,0.0,R,0.0,R,0.0,A,,R,36
261931,2010,R,37.0,R,47.0,R,79.0,R,1.0,Z,0.0,R,1.0,R,1.0,R,100.0,Z,0.0,Z,0.0,Z,0.0,Z,0.0,A,,R,14
262031,2010,R,1385.0,R,2319.0,R,60.0,R,1455.0,R,0.0,R,1455.0,R,901.0,R,62.0,R,417.0,R,0.0,R,417.0,R,136.0,R,33.0,R,25
262086,2010,A,,A,,A,,A,,A,,A,,A,,A,,A,,A,,A,,A,,A,,R,13
262129,2010,R,183.0,R,221.0,R,83.0,R,218.0,R,0.0,R,218.0,R,179.0,R,82.0,R,0.0,R,0.0,R,0.0,R,0.0,A,,R,10
262235,2010,A,,A,,A,,R,49.0,R,0.0,R,49.0,R,41.0,R,84.0,R,0.0,R,0.0,R,0.0,R,0.0,A,,R,20
262299,2010,A,,A,,A,,R,27.0,Z,0.0,R,27.0,R,17.0,R,63.0,R,10.0,Z,0.0,R,10.0,R,6.0,R,60.0,R,12
262332,2010,A,,A,,A,,R,0.0,R,0.0,R,0.0,R,0.0,A,,R,0.0,R,0.0,R,0.0,R,0.0,A,,R,25
262341,2010,A,,A,,A,,R,324.0,R,2.0,R,322.0,R,291.0,R,90.0,R,0.0,R,0.0,R,0.0,R,0.0,A,,R,12
262369,2010,A,,A,,A,,R,177.0,R,0.0,R,177.0,R,138.0,R,78.0,R,0.0,R,0.0,R,0.0,R,0.0,A,,R,14
262402,2010,A,,A,,A,,A,,A,,A,,A,,A,,A,,A,,A,,A,,A,,R,7
262457,2010,A,,A,,A,,R,196.0,R,0.0,R,196.0,R,152.0,R,78.0,R,0.0,Z,0.0,R,0.0,Z,0.0,A,,R,19
262509,2010,A,,A,,A,,R,161.0,Z,0.0,R,161.0,R,141.0,R,88.0,R,0.0,R,0.0,R,0.0,R,0.0,A,,R,26
262660,2010,A,,A,,A,,R,30.0,Z,0.0,R,30.0,R,22.0,R,73.0,R,6.0,Z,0.0,R,6.0,R,4.0,R,67.0,R,13
362700,2010,A,,A,,A,,R,174.0,R,0.0,R,174.0,R,132.0,R,76.0,R,40.0,R,0.0,R,40.0,R,27.0,R,68.0,R,22
362782,2010,A,,A,,A,,A,,A,,A,,A,,A,,A,,A,,A,,A,,A,,R,2
363013,2010,A,,A,,A,,A,,A,,A,,A,,A,,A,,A,,A,,A,,A,,R,16
363077,2010,A,,A,,A,,R,94.0,R,0.0,R,94.0,R,77.0,R,82.0,R,50.0,R,0.0,R,50.0,R,40.0,R,80.0,R,22
363147,2010,A,,A,,A,,R,3.0,R,0.0,R,3.0,R,3.0,R,100.0,R,1.0,R,0.0,R,1.0,R,1.0,R,100.0,R,9
363165,2010,A,,A,,A,,R,404.0,Z,0.0,R,404.0,R,336.0,R,83.0,R,73.0,Z,0.0,R,73.0,R,58.0,R,79.0,R,15
363387,2010,R,164.0,R,387.0,R,42.0,R,123.0,R,0.0,R,123.0,R,71.0,R,58.0,R,140.0,R,0.0,R,140.0,R,82.0,R,59.0,R,31
363439,2010,R,79.0,R,110.0,R,72.0,R,0.0,R,0.0,R,0.0,R,0.0,A,,R,0.0,R,0.0,R,0.0,R,0.0,A,,R,15
363457,2010,A,,A,,A,,R,16.0,R,0.0,R,16.0,R,5.0,R,31.0,R,4.0,R,0.0,R,4.0,R,2.0,R,50.0,R,9
363590,2010,A,,A,,A,,R,114.0,R,0.0,R,114.0,R,86.0,R,75.0,R,0.0,R,0.0,R,0.0,R,0.0,A,,R,36
363633,2010,R,130.0,R,199.0,R,65.0,R,159.0,Z,0.0,R,159.0,R,79.0,R,50.0,R,61.0,R,0.0,R,61.0,R,25.0,R,41.0,R,17
363679,2010,A,,A,,A,,R,22.0,Z,0.0,R,22.0,R,20.0,R,91.0,R,11.0,Z,0.0,R,11.0,R,10.0,R,91.0,R,18
363712,2010,R,22.0,R,22.0,R,100.0,R,12.0,R,2.0,R,10.0,R,4.0,R,40.0,R,0.0,Z,0.0,R,0.0,Z,0.0,A,,R,11
363882,2010,A,,A,,A,,R,5.0,R,0.0,R,5.0,R,4.0,R,80.0,R,3.0,R,0.0,R,3.0,R,3.0,R,100.0,R,13
363907,2010,R,196.0,R,501.0,R,39.0,R,196.0,R,0.0,R,196.0,R,120.0,R,61.0,R,46.0,R,0.0,R,46.0,R,28.0,R,61.0,R,21
363916,2010,R,105.0,R,452.0,R,23.0,R,105.0,R,0.0,R,105.0,R,63.0,R,60.0,R,31.0,R,0.0,R,31.0,R,19.0,R,61.0,R,11
363934,2010,R,138.0,R,138.0,R,100.0,R,139.0,R,1.0,R,138.0,R,77.0,R,56.0,R,0.0,R,0.0,R,0.0,R,0.0,A,,R,21
364016,2010,R,681.0,R,3332.0,R,20.0,R,531.0,R,0.0,R,531.0,R,345.0,R,65.0,R,343.0,R,0.0,R,343.0,R,156.0,R,45.0,R,22
364025,2010,R,1425.0,R,4399.0,R,32.0,R,1153.0,R,0.0,R,1153.0,R,724.0,R,63.0,R,675.0,R,0.0,R,675.0,R,268.0,R,40.0,R,25
364122,2010,A,,A,,A,,A,,A,,A,,A,,A,,A,,A,,A,,A,,A,,R,1
364168,2010,R,154.0,R,220.0,R,70.0,R,15.0,R,0.0,R,15.0,R,11.0,R,73.0,R,0.0,R,0.0,R,0.0,R,0.0,A,,R,9
364317,2010,A,,A,,A,,R,96.0,R,0.0,R,96.0,R,58.0,R,60.0,R,5.0,Z,0.0,R,5.0,R,4.0,R,80.0,R,28
364326,2010,A,,A,,A,,R,49.0,R,0.0,R,49.0,R,30.0,R,61.0,R,38.0,R,0.0,R,38.0,R,24.0,R,63.0,R,30
364335,2010,A,,A,,A,,R,133.0,R,0.0,R,133.0,R,108.0,R,81.0,R,0.0,R,0.0,R,0.0,R,0.0,A,,R,44
364548,2010,A,,A,,A,,R,162.0,R,0.0,R,162.0,R,151.0,R,93.0,R,60.0,R,0.0,R,60.0,R,58.0,R,97.0,R,4
364566,2010,A,,A,,A,,R,12.0,R,0.0,R,12.0,R,10.0,R,83.0,R,3.0,R,0.0,R,3.0,R,3.0,R,100.0,R,25
364575,2010,A,,A,,A,,R,54.0,R,0.0,R,54.0,R,35.0,R,65.0,R,0.0,R,0.0,R,0.0,R,0.0,A,,R,18
364584,2010,A,,A,,A,,R,36.0,Z,0.0,R,36.0,R,27.0,R,75.0,R,16.0,Z,0.0,R,16.0,R,11.0,R,69.0,R,16
364593,2010,A,,A,,A,,R,36.0,R,0.0,R,36.0,R,34.0,R,94.0,R,0.0,R,0.0,R,0.0,R,0.0,A,,R,12
364618,2010,A,,A,,A,,R,61.0,R,0.0,R,61.0,R,37.0,R,61.0,R,0.0,R,0.0,R,0.0,R,0.0,A,,R,19
364627,2010,A,,A,,A,,R,29.0,R,0.0,R,29.0,R,25.0,R,86.0,R,183.0,R,0.0,R,183.0,R,137.0,R,75.0,R,7
364636,2010,A,,A,,A,,R,59.0,R,1.0,R,58.0,R,48.0,R,83.0,R,20.0,Z,0.0,R,20.0,R,19.0,R,95.0,R,8
364751,2010,A,,A,,A,,A,,A,,A,,A,,A,,A,,A,,A,,A,,A,,R,21
364760,2010,A,,A,,A,,R,0.0,R,0.0,R,0.0,R,0.0,A,,R,6.0,R,0.0,R,6.0,R,4.0,R,67.0,R,10
364812,2010,A,,A,,A,,R,16.0,R,0.0,R,16.0,R,15.0,R,94.0,R,17.0,R,0.0,R,17.0,R,15.0,R,88.0,R,19
364885,2010,R,146.0,R,162.0,R,90.0,R,194.0,R,0.0,R,194.0,R,143.0,R,74.0,R,0.0,R,0.0,R,0.0,R,0.0,A,,R,13
364946,2010,A,,A,,A,,R,38.0,Z,0.0,R,38.0,R,31.0,R,82.0,R,59.0,Z,0.0,R,59.0,R,42.0,R,71.0,R,4
364955,2010,A,,A,,A,,R,352.0,Z,0.0,R,352.0,R,240.0,R,68.0,R,0.0,Z,0.0,R,0.0,R,0.0,A,,R,46
364964,2010,A,,A,,A,,R,41.0,R,0.0,R,41.0,R,32.0,R,78.0,R,0.0,R,0.0,R,0.0,R,0.0,A,,R,7
364973,2010,A,,A,,A,,R,220.0,R,0.0,R,220.0,R,160.0,R,73.0,R,0.0,R,0.0,R,0.0,R,0.0,A,,R,29
365055,2010,R,456.0,R,599.0,R,76.0,R,441.0,R,1.0,R,440.0,R,220.0,R,50.0,R,39.0,Z,0.0,R,39.0,R,14.0,R,36.0,R,18
365073,2010,A,,A,,A,,R,28.0,R,0.0,R,28.0,R,23.0,R,82.0,R,3.0,R,0.0,R,3.0,R,3.0,R,100.0,R,16
365091,2010,A,,A,,A,,R,138.0,R,0.0,R,138.0,R,104.0,R,75.0,Z,0.0,Z,0.0,Z,0.0,Z,0.0,A,,R,19
365107,2010,A,,A,,A,,R,7.0,R,0.0,R,7.0,R,6.0,R,86.0,R,26.0,R,0.0,R,26.0,R,21.0,R,81.0,R,13
365125,2010,A,,A,,A,,R,57.0,R,0.0,R,57.0,R,48.0,R,84.0,R,0.0,R,0.0,R,0.0,R,0.0,A,,R,18
365198,2010,A,,A,,A,,R,10.0,R,0.0,R,10.0,R,4.0,R,40.0,R,9.0,R,0.0,R,9.0,R,6.0,R,67.0,R,7
365204,2010,R,1180.0,R,1180.0,R,100.0,R,967.0,R,0.0,R,967.0,R,706.0,R,73.0,R,0.0,R,0.0,R,0.0,R,0.0,A,,R,16
365213,2010,A,,A,,A,,R,45.0,R,0.0,R,45.0,R,28.0,R,62.0,R,79.0,R,0.0,R,79.0,R,30.0,R,38.0,R,8
365240,2010,A,,A,,A,,R,195.0,R,0.0,R,195.0,R,192.0,R,98.0,R,67.0,R,0.0,R,67.0,R,57.0,R,85.0,R,15
365374,2010,A,,A,,A,,R,215.0,R,0.0,R,215.0,R,151.0,R,70.0,R,167.0,R,0.0,R,167.0,R,140.0,R,84.0,R,4
365383,2010,A,,A,,A,,R,82.0,R,0.0,R,82.0,R,69.0,R,84.0,R,0.0,R,0.0,R,0.0,R,0.0,A,,R,15
365453,2010,A,,A,,A,,R,13.0,R,0.0,R,13.0,R,9.0,R,69.0,R,0.0,R,0.0,R,0.0,R,0.0,A,,R,13
365480,2010,A,,A,,A,,R,122.0,R,0.0,R,122.0,R,89.0,R,73.0,R,75.0,R,0.0,R,75.0,R,47.0,R,63.0,R,7
365505,2010,A,,A,,A,,R,49.0,R,0.0,R,49.0,R,45.0,R,92.0,R,0.0,R,0.0,R,0.0,R,0.0,A,,R,2
365569,2010,A,,A,,A,,R,16.0,R,1.0,R,15.0,R,14.0,R,93.0,R,27.0,R,0.0,R,27.0,R,22.0,R,81.0,R,13
365693,2010,A,,A,,A,,R,82.0,R,7.0,R,75.0,R,75.0,R,100.0,R,24.0,R,3.0,R,21.0,R,21.0,R,100.0,R,9
365763,2010,A,,A,,A,,R,49.0,R,0.0,R,49.0,R,49.0,R,100.0,R,0.0,R,0.0,R,0.0,R,0.0,A,,R,15
365824,2010,A,,A,,A,,A,,A,,A,,A,,A,,A,,A,,A,,A,,A,,R,18
365833,2010,A,,A,,A,,A,,A,,A,,A,,A,,A,,A,,A,,A,,A,,R,17
366003,2010,R,5.0,R,14.0,R,36.0,R,0.0,R,0.0,R,0.0,R,0.0,A,,R,0.0,R,0.0,R,0.0,R,0.0,A,,R,7
366155,2010,A,,A,,A,,R,12.0,Z,0.0,R,12.0,R,9.0,R,75.0,Z,0.0,Z,0.0,Z,0.0,Z,0.0,A,,R,20
366191,2010,A,,A,,A,,R,1038.0,R,2.0,R,1036.0,R,676.0,R,65.0,R,0.0,R,0.0,R,0.0,R,0.0,A,,R,36
366252,2010,R,1327.0,R,2033.0,R,65.0,R,310.0,R,0.0,R,310.0,R,199.0,R,64.0,R,7.0,R,0.0,R,7.0,R,1.0,R,14.0,R,18
366261,2010,R,36.0,R,58.0,R,62.0,R,36.0,R,0.0,R,36.0,R,22.0,R,61.0,Z,0.0,Z,0.0,Z,0.0,Z,0.0,A,,R,32
366270,2010,A,,A,,A,,R,156.0,R,0.0,R,156.0,R,89.0,R,57.0,R,0.0,R,0.0,R,0.0,R,0.0,A,,R,22
366289,2010,A,,A,,A,,R,68.0,R,0.0,R,68.0,R,34.0,R,50.0,R,0.0,R,0.0,R,0.0,R,0.0,A,,R,19
366340,2010,R,18.0,R,27.0,R,67.0,R,37.0,R,0.0,R,37.0,R,10.0,R,27.0,R,3.0,R,0.0,R,3.0,R,0.0,R,0.0,R,11
366395,2010,R,4876.0,R,8717.0,R,56.0,R,9722.0,Z,0.0,R,9722.0,R,6288.0,R,65.0,R,1637.0,Z,0.0,R,1637.0,R,745.0,R,46.0,R,26
366401,2010,R,1003.0,R,2803.0,R,36.0,R,999.0,Z,0.0,R,999.0,R,746.0,R,75.0,R,804.0,Z,0.0,R,804.0,R,350.0,R,44.0,R,29
366438,2010,A,,A,,A,,R,26.0,R,0.0,R,26.0,R,22.0,R,85.0,R,33.0,R,0.0,R,33.0,R,27.0,R,82.0,R,15
366447,2010,R,157.0,R,681.0,R,23.0,R,189.0,R,0.0,R,189.0,R,111.0,R,59.0,R,211.0,R,0.0,R,211.0,R,118.0,R,56.0,R,17
366465,2010,R,373.0,R,1205.0,R,31.0,R,294.0,R,0.0,R,294.0,R,161.0,R,55.0,R,159.0,R,0.0,R,159.0,R,78.0,R,49.0,R,22
366535,2010,A,,A,,A,,R,188.0,Z,0.0,R,188.0,R,125.0,R,66.0,Z,0.0,Z,0.0,Z,0.0,Z,0.0,A,,R,19
366544,2010,A,,A,,A,,R,115.0,R,0.0,R,115.0,R,62.0,R,54.0,R,12.0,R,0.0,R,12.0,R,4.0,R,33.0,R,23
366553,2010,R,421.0,R,653.0,R,64.0,R,46.0,R,0.0,R,46.0,R,17.0,R,37.0,R,5.0,R,0.0,R,5.0,R,1.0,R,20.0,R,15
366571,2010,A,,A,,A,,A,,A,,A,,A,,A,,A,,A,,A,,A,,A,,R,8
366580,2010,R,71.0,R,114.0,R,62.0,R,3.0,R,0.0,R,3.0,R,2.0,R,67.0,R,0.0,R,0.0,R,0.0,R,0.0,A,,R,20
366623,2010,A,,A,,A,,R,15.0,R,0.0,R,15.0,R,12.0,R,80.0,R,8.0,R,0.0,R,8.0,R,6.0,R,75.0,R,9
366632,2010,A,,A,,A,,R,28.0,Z,0.0,R,28.0,R,28.0,R,100.0,R,26.0,R,0.0,R,26.0,R,17.0,R,65.0,R,18
366650,2010,R,111.0,R,147.0,R,76.0,R,0.0,R,0.0,R,0.0,R,0.0,A,,R,0.0,R,0.0,R,0.0,R,0.0,A,,R,25
366678,2010,R,108.0,R,136.0,R,79.0,R,1.0,R,0.0,R,1.0,R,1.0,R,100.0,R,0.0,R,0.0,R,0.0,R,0.0,A,,R,22
366696,2010,R,129.0,R,158.0,R,82.0,R,0.0,R,0.0,R,0.0,R,0.0,A,,R,0.0,R,0.0,R,0.0,R,0.0,A,,R,26
366711,2010,R,1160.0,R,2598.0,R,45.0,R,1114.0,Z,0.0,R,1114.0,R,901.0,R,81.0,R,452.0,Z,0.0,R,452.0,R,312.0,R,69.0,R,24
366748,2010,R,10.0,R,37.0,R,27.0,R,12.0,R,0.0,R,12.0,R,6.0,R,50.0,R,1.0,R,0.0,R,1.0,R,0.0,R,0.0,R,9
366960,2010,A,,A,,A,,R,298.0,Z,0.0,R,298.0,R,232.0,R,78.0,R,0.0,Z,0.0,R,0.0,R,0.0,A,,R,34
367024,2010,A,,A,,A,,R,13.0,Z,0.0,R,13.0,R,7.0,R,54.0,R,2.0,Z,0.0,R,2.0,R,1.0,R,50.0,R,26
367051,2010,A,,A,,A,,R,23.0,R,0.0,R,23.0,R,21.0,R,91.0,R,20.0,R,0.0,R,20.0,R,19.0,R,95.0,R,15
367088,2010,A,,A,,A,,R,20.0,R,0.0,R,20.0,R,15.0,R,75.0,R,0.0,R,0.0,R,0.0,R,0.0,A,,R,14
367097,2010,R,87.0,R,90.0,R,97.0,R,80.0,R,0.0,R,80.0,R,67.0,R,84.0,R,0.0,R,0.0,R,0.0,R,0.0,A,,R,16
367103,2010,A,,A,,A,,R,22.0,Z,0.0,R,22.0,R,13.0,R,59.0,Z,0.0,Z,0.0,Z,0.0,Z,0.0,A,,R,12
367112,2010,R,94.0,R,143.0,R,66.0,R,45.0,R,0.0,R,45.0,R,32.0,R,71.0,R,27.0,R,0.0,R,27.0,R,3.0,R,11.0,R,21
367130,2010,A,,A,,A,,R,43.0,Z,0.0,R,43.0,R,36.0,R,84.0,R,14.0,Z,0.0,R,14.0,R,11.0,R,79.0,R,13
367158,2010,A,,A,,A,,A,,A,,A,,A,,A,,A,,A,,A,,A,,A,,R,23
367176,2010,A,,A,,A,,R,8.0,R,0.0,R,8.0,R,5.0,R,63.0,R,3.0,R,0.0,R,3.0,R,1.0,R,33.0,R,18
367194,2010,R,101.0,R,207.0,R,49.0,R,74.0,R,0.0,R,74.0,R,51.0,R,69.0,R,1.0,R,0.0,R,1.0,R,0.0,R,0.0,R,7
367264,2010,A,,A,,A,,A,,A,,A,,A,,A,,A,,A,,A,,A,,A,,R,27
367316,2010,A,,A,,A,,R,360.0,R,0.0,R,360.0,R,230.0,R,64.0,R,0.0,R,0.0,R,0.0,R,0.0,A,,R,20
367334,2010,A,,A,,A,,A,,A,,A,,A,,A,,A,,A,,A,,A,,A,,R,9
367361,2010,A,,A,,A,,A,,A,,A,,A,,A,,A,,A,,A,,A,,A,,R,12
367398,2010,A,,A,,A,,R,131.0,R,0.0,R,131.0,R,23.0,R,18.0,R,25.0,R,0.0,R,25.0,R,9.0,R,36.0,R,25
367413,2010,A,,A,,A,,R,158.0,Z,0.0,R,158.0,R,119.0,R,75.0,Z,0.0,Z,0.0,Z,0.0,Z,0.0,A,,R,29
367431,2010,A,,A,,A,,R,29.0,R,0.0,R,29.0,R,24.0,R,83.0,R,0.0,R,0.0,R,0.0,R,0.0,A,,R,21
367459,2010,R,836.0,R,2487.0,R,34.0,R,797.0,Z,0.0,R,797.0,R,480.0,R,60.0,R,478.0,Z,0.0,R,478.0,R,236.0,R,49.0,R,19
367662,2010,A,,A,,A,,R,30.0,Z,0.0,R,30.0,R,22.0,R,73.0,R,78.0,Z,0.0,R,78.0,R,63.0,R,81.0,R,25
367839,2010,R,54.0,R,73.0,R,74.0,R,60.0,R,0.0,R,60.0,R,50.0,R,83.0,R,0.0,R,0.0,R,0.0,R,0.0,A,,R,13
367875,2010,A,,A,,A,,R,202.0,R,0.0,R,202.0,R,73.0,R,36.0,R,0.0,R,0.0,R,0.0,R,0.0,A,,R,12
367884,2010,R,181.0,R,650.0,R,28.0,R,262.0,R,0.0,R,262.0,R,141.0,R,54.0,R,26.0,R,0.0,R,26.0,R,10.0,R,38.0,R,19
367909,2010,A,,A,,A,,R,0.0,R,0.0,R,0.0,R,0.0,A,,R,1.0,R,0.0,R,1.0,R,1.0,R,100.0,R,38
367936,2010,R,14.0,R,106.0,R,13.0,R,37.0,R,0.0,R,37.0,R,12.0,R,32.0,R,7.0,R,0.0,R,7.0,R,5.0,R,71.0,R,11
367972,2010,A,,A,,A,,R,16.0,R,0.0,R,16.0,R,16.0,R,100.0,R,0.0,R,0.0,R,0.0,R,0.0,A,,R,20
367981,2010,A,,A,,A,,R,40.0,R,0.0,R,40.0,R,30.0,R,75.0,R,54.0,R,0.0,R,54.0,R,36.0,R,67.0,R,17
368036,2010,A,,A,,A,,R,30.0,R,0.0,R,30.0,R,27.0,R,90.0,R,0.0,R,0.0,R,0.0,R,0.0,A,,R,23
368160,2010,A,,A,,A,,R,11.0,R,0.0,R,11.0,R,10.0,R,91.0,R,4.0,R,0.0,R,4.0,R,0.0,R,0.0,R,1
368188,2010,A,,A,,A,,R,13.0,R,0.0,R,13.0,R,9.0,R,69.0,R,0.0,R,0.0,R,0.0,R,0.0,A,,R,6
368230,2010,A,,A,,A,,R,52.0,Z,0.0,R,52.0,R,32.0,R,62.0,R,21.0,Z,0.0,R,21.0,R,12.0,R,57.0,R,16
368364,2010,A,,A,,A,,R,34.0,R,5.0,R,29.0,R,28.0,R,97.0,R,67.0,R,6.0,R,61.0,R,52.0,R,85.0,R,18
368407,2010,A,,A,,A,,R,14.0,Z,0.0,R,14.0,R,10.0,R,71.0,R,8.0,Z,0.0,R,8.0,R,5.0,R,63.0,R,18
368443,2010,R,200.0,R,497.0,R,40.0,R,0.0,R,0.0,R,0.0,R,0.0,A,,R,0.0,R,0.0,R,0.0,R,0.0,A,,R,20
368452,2010,R,115.0,R,115.0,R,100.0,R,51.0,R,1.0,R,50.0,R,37.0,R,74.0,R,0.0,R,0.0,R,0.0,R,0.0,A,,R,16
368540,2010,A,,A,,A,,R,12.0,R,0.0,R,12.0,R,10.0,R,83.0,R,0.0,R,0.0,R,0.0,R,0.0,A,,R,22
368601,2010,R,151.0,R,218.0,R,69.0,R,10.0,R,0.0,R,10.0,R,5.0,R,50.0,R,2.0,R,1.0,R,1.0,R,0.0,R,0.0,R,28
368629,2010,A,,A,,A,,R,240.0,R,0.0,R,240.0,R,193.0,R,80.0,R,0.0,R,0.0,R,0.0,R,0.0,A,,R,25
368647,2010,A,,A,,A,,R,0.0,Z,0.0,R,0.0,Z,0.0,A,,Z,0.0,Z,0.0,Z,0.0,Z,0.0,A,,R,5
368771,2010,A,,A,,A,,A,,A,,A,,A,,A,,A,,A,,A,,A,,A,,R,35
368780,2010,A,,A,,A,,R,68.0,R,1.0,R,67.0,R,15.0,R,22.0,R,0.0,R,0.0,R,0.0,R,0.0,A,,R,30
368799,2010,A,,A,,A,,R,114.0,R,0.0,R,114.0,R,104.0,R,91.0,R,196.0,R,0.0,R,196.0,R,179.0,R,91.0,R,10
368805,2010,A,,A,,A,,R,107.0,R,0.0,R,107.0,R,70.0,R,65.0,R,13.0,R,0.0,R,13.0,R,10.0,R,77.0,R,53
368832,2010,A,,A,,A,,R,7.0,R,0.0,R,7.0,R,7.0,R,100.0,R,3.0,R,0.0,R,3.0,R,3.0,R,100.0,R,30
368911,2010,R,196.0,R,473.0,R,41.0,R,143.0,R,0.0,R,143.0,R,79.0,R,55.0,R,121.0,R,0.0,R,121.0,R,48.0,R,40.0,R,17
369020,2010,A,,A,,A,,R,39.0,R,0.0,R,39.0,R,16.0,R,41.0,R,0.0,R,0.0,R,0.0,R,0.0,A,,R,21
369084,2010,R,97.0,R,150.0,R,65.0,R,2.0,R,0.0,R,2.0,R,2.0,R,100.0,R,0.0,R,0.0,R,0.0,R,0.0,A,,R,18
369109,2010,A,,A,,A,,R,28.0,R,0.0,R,28.0,R,26.0,R,93.0,R,7.0,Z,0.0,R,7.0,R,6.0,R,86.0,R,5
369400,2010,A,,A,,A,,R,1638.0,R,8.0,R,1630.0,R,1102.0,R,68.0,R,0.0,R,0.0,R,0.0,R,0.0,A,,R,27
369419,2010,A,,A,,A,,R,308.0,R,0.0,R,308.0,R,266.0,R,86.0,Z,0.0,Z,0.0,Z,0.0,Z,0.0,A,,R,12
369446,2010,A,,A,,A,,R,15.0,R,0.0,R,15.0,R,4.0,R,27.0,R,2.0,R,0.0,R,2.0,R,1.0,R,50.0,R,18
369455,2010,A,,A,,A,,A,,A,,A,,A,,A,,A,,A,,A,,A,,A,,R,13
369516,2010,R,117.0,R,117.0,R,100.0,R,93.0,R,0.0,R,93.0,R,63.0,R,68.0,R,0.0,R,0.0,R,0.0,R,0.0,A,,R,10
369668,2010,A,,A,,A,,R,143.0,R,0.0,R,143.0,R,131.0,R,92.0,R,12.0,R,0.0,R,12.0,R,11.0,R,92.0,R,10
369686,2010,A,,A,,A,,R,117.0,R,1.0,R,116.0,R,85.0,R,73.0,R,0.0,R,0.0,R,0.0,R,0.0,A,,R,25
369695,2010,A,,A,,A,,R,41.0,R,0.0,R,41.0,R,38.0,R,93.0,R,0.0,R,0.0,R,0.0,R,0.0,A,,R,33
369783,2010,A,,A,,A,,R,238.0,R,0.0,R,238.0,R,188.0,R,79.0,R,0.0,R,0.0,R,0.0,R,0.0,A,,R,39
369792,2010,A,,A,,A,,R,0.0,R,0.0,R,0.0,R,0.0,A,,R,0.0,R,0.0,R,0.0,R,0.0,A,,R,9
369862,2010,R,26.0,R,42.0,R,62.0,R,16.0,R,0.0,R,16.0,R,9.0,R,56.0,R,0.0,R,0.0,R,0.0,R,0.0,A,,R,15
369905,2010,R,76.0,R,314.0,R,24.0,R,8.0,R,0.0,R,8.0,R,6.0,R,75.0,R,6.0,R,0.0,R,6.0,R,4.0,R,67.0,R,16
369950,2010,A,,A,,A,,R,83.0,R,0.0,R,83.0,R,59.0,R,71.0,R,19.0,R,0.0,R,19.0,R,16.0,R,84.0,R,15
371034,2010,A,,A,,A,,R,14.0,R,0.0,R,14.0,R,13.0,R,93.0,R,0.0,R,0.0,R,0.0,R,0.0,A,,R,6
371052,2010,A,,A,,A,,R,136.0,R,0.0,R,136.0,R,113.0,R,83.0,R,14.0,R,0.0,R,14.0,R,1.0,R,7.0,R,18
371140,2010,A,,A,,A,,R,12.0,R,0.0,R,12.0,R,9.0,R,75.0,R,3.0,R,0.0,R,3.0,R,1.0,R,33.0,R,8
371265,2010,A,,A,,A,,R,155.0,R,0.0,R,155.0,R,120.0,R,77.0,R,0.0,R,0.0,R,0.0,R,0.0,A,,R,49
371690,2010,A,,A,,A,,R,146.0,Z,0.0,R,146.0,R,128.0,R,88.0,R,0.0,Z,0.0,R,0.0,R,0.0,A,,R,30
371760,2010,R,324.0,R,657.0,R,49.0,R,216.0,R,0.0,R,216.0,R,130.0,R,60.0,R,184.0,R,0.0,R,184.0,R,91.0,R,49.0,R,26
371779,2010,R,192.0,R,534.0,R,36.0,R,193.0,R,0.0,R,193.0,R,115.0,R,60.0,R,181.0,R,0.0,R,181.0,R,110.0,R,61.0,R,30
371830,2010,A,,A,,A,,R,6.0,R,0.0,R,6.0,R,5.0,R,83.0,R,0.0,R,0.0,R,0.0,R,0.0,A,,R,25
371928,2010,A,,A,,A,,R,22.0,R,0.0,R,22.0,R,18.0,R,82.0,R,0.0,R,0.0,R,0.0,R,0.0,A,,R,14
371964,2010,A,,A,,A,,A,,A,,A,,A,,A,,A,,A,,A,,A,,A,,R,32
371982,2010,A,,A,,A,,R,116.0,R,0.0,R,116.0,R,82.0,R,71.0,R,0.0,R,0.0,R,0.0,R,0.0,A,,R,58
372000,2010,A,,A,,A,,R,44.0,Z,0.0,R,44.0,R,38.0,R,86.0,R,6.0,R,0.0,R,6.0,R,5.0,R,83.0,R,15
372028,2010,A,,A,,A,,R,38.0,R,0.0,R,38.0,R,32.0,R,84.0,R,0.0,R,0.0,R,0.0,R,0.0,A,,R,20
372037,2010,A,,A,,A,,R,196.0,R,0.0,R,196.0,R,136.0,R,69.0,R,15.0,R,0.0,R,15.0,R,3.0,R,20.0,R,41
372073,2010,A,,A,,A,,R,3.0,R,0.0,R,3.0,R,3.0,R,100.0,Z,0.0,Z,0.0,Z,0.0,Z,0.0,A,,R,18
372082,2010,A,,A,,A,,R,379.0,R,0.0,R,379.0,R,284.0,R,75.0,R,358.0,R,0.0,R,358.0,R,143.0,R,40.0,R,30
372213,2010,A,,A,,A,,R,229.0,R,0.0,R,229.0,R,107.0,R,47.0,R,0.0,R,0.0,R,0.0,R,0.0,A,,R,41
372222,2010,A,,A,,A,,R,99.0,R,0.0,R,99.0,R,44.0,R,44.0,R,0.0,R,0.0,R,0.0,R,0.0,A,,R,28
372240,2010,A,,A,,A,,R,39.0,R,0.0,R,39.0,R,16.0,R,41.0,R,0.0,R,0.0,R,0.0,R,0.0,A,,R,12
372329,2010,R,212.0,R,212.0,R,100.0,R,248.0,R,32.0,R,216.0,R,164.0,R,76.0,R,0.0,R,0.0,R,0.0,R,0.0,A,,R,10
372356,2010,A,,A,,A,,R,22.0,R,0.0,R,22.0,R,17.0,R,77.0,R,4.0,R,0.0,R,4.0,R,4.0,R,100.0,R,15
372462,2010,A,,A,,A,,R,9.0,R,0.0,R,9.0,R,9.0,R,100.0,R,7.0,R,0.0,R,7.0,R,6.0,R,86.0,R,6
372523,2010,A,,A,,A,,R,114.0,R,0.0,R,114.0,R,57.0,R,50.0,R,9.0,R,0.0,R,9.0,R,2.0,R,22.0,R,33
372578,2010,R,76.0,R,118.0,R,64.0,R,1.0,R,0.0,R,1.0,R,0.0,R,0.0,R,1.0,R,0.0,R,1.0,R,0.0,R,0.0,R,23
372718,2010,A,,A,,A,,R,93.0,R,0.0,R,93.0,R,68.0,R,73.0,R,26.0,R,0.0,R,26.0,R,20.0,R,77.0,R,13
372772,2010,A,,A,,A,,R,127.0,R,0.0,R,127.0,R,104.0,R,82.0,R,0.0,R,0.0,R,0.0,R,0.0,A,,R,33
372921,2010,A,,A,,A,,R,245.0,R,0.0,R,245.0,R,156.0,R,64.0,R,0.0,R,0.0,R,0.0,R,0.0,A,,R,12
372958,2010,A,,A,,A,,R,8.0,Z,0.0,R,8.0,R,7.0,R,88.0,Z,0.0,Z,0.0,Z,0.0,Z,0.0,A,,R,25
373058,2010,A,,A,,A,,R,209.0,R,0.0,R,209.0,R,119.0,R,57.0,R,0.0,R,0.0,R,0.0,R,0.0,A,,R,33
373085,2010,R,80.0,R,80.0,R,100.0,R,65.0,Z,0.0,R,65.0,R,15.0,R,23.0,R,0.0,Z,0.0,R,0.0,R,0.0,A,,R,11
373119,2010,A,,A,,A,,R,97.0,R,0.0,R,97.0,R,30.0,R,31.0,R,98.0,R,0.0,R,98.0,R,21.0,R,21.0,R,16
373216,2010,A,,A,,A,,R,152.0,R,0.0,R,152.0,R,139.0,R,91.0,Z,0.0,Z,0.0,Z,0.0,Z,0.0,A,,R,21
373340,2010,A,,A,,A,,R,36.0,R,0.0,R,36.0,R,32.0,R,89.0,R,24.0,R,0.0,R,24.0,R,19.0,R,79.0,R,11
373447,2010,R,11.0,R,27.0,R,41.0,R,7.0,R,0.0,R,7.0,R,5.0,R,71.0,R,0.0,R,0.0,R,0.0,R,0.0,A,,R,30
373526,2010,A,,A,,A,,A,,A,,A,,A,,A,,A,,A,,A,,A,,A,,R,9
373605,2010,A,,A,,A,,R,25.0,R,0.0,R,25.0,R,16.0,R,64.0,R,0.0,R,0.0,R,0.0,R,0.0,A,,R,17
373678,2010,A,,A,,A,,R,85.0,R,0.0,R,85.0,R,76.0,R,89.0,R,25.0,R,0.0,R,25.0,R,24.0,R,96.0,R,17
373696,2010,A,,A,,A,,R,104.0,R,2.0,R,102.0,R,58.0,R,57.0,R,0.0,R,0.0,R,0.0,R,0.0,A,,R,21
373711,2010,A,,A,,A,,R,59.0,Z,0.0,R,59.0,R,50.0,R,85.0,Z,0.0,Z,0.0,Z,0.0,R,0.0,A,,R,10
373784,2010,A,,A,,A,,R,658.0,Z,0.0,R,658.0,R,481.0,R,73.0,Z,0.0,Z,0.0,Z,0.0,Z,0.0,A,,R,32
373827,2010,R,140.0,R,172.0,R,81.0,R,139.0,R,0.0,R,139.0,R,95.0,R,68.0,R,3.0,R,0.0,R,3.0,R,2.0,R,67.0,R,13
373890,2010,A,,A,,A,,R,293.0,R,0.0,R,293.0,R,219.0,R,75.0,R,0.0,R,0.0,R,0.0,R,0.0,A,,R,38
374112,2010,A,,A,,A,,R,21.0,R,0.0,R,21.0,R,19.0,R,90.0,R,5.0,R,0.0,R,5.0,R,3.0,R,60.0,R,5
374291,2010,A,,A,,A,,R,14.0,R,0.0,R,14.0,R,14.0,R,100.0,R,0.0,R,0.0,R,0.0,R,0.0,A,,R,16
374316,2010,A,,A,,A,,R,53.0,R,0.0,R,53.0,R,42.0,R,79.0,R,21.0,R,0.0,R,21.0,R,13.0,R,62.0,R,20
374440,2010,A,,A,,A,,R,2.0,Z,0.0,R,2.0,R,2.0,R,100.0,Z,0.0,Z,0.0,Z,0.0,Z,0.0,A,,R,20
374574,2010,A,,A,,A,,R,24.0,R,0.0,R,24.0,R,19.0,R,79.0,R,0.0,R,0.0,R,0.0,R,0.0,A,,R,26
374592,2010,A,,A,,A,,R,131.0,R,0.0,R,131.0,R,112.0,R,85.0,R,0.0,R,0.0,R,0.0,R,0.0,A,,R,18
374875,2010,A,,A,,A,,R,207.0,Z,0.0,R,207.0,R,133.0,R,64.0,R,0.0,Z,0.0,R,0.0,R,0.0,A,,R,29
374927,2010,A,,A,,A,,R,23.0,R,0.0,R,23.0,R,19.0,R,83.0,R,11.0,R,0.0,R,11.0,R,8.0,R,73.0,R,7
374972,2010,R,137.0,R,797.0,R,17.0,R,0.0,R,0.0,R,0.0,R,0.0,A,,R,0.0,R,0.0,R,0.0,R,0.0,A,,R,21
374990,2010,A,,A,,A,,R,21.0,R,0.0,R,21.0,R,17.0,R,81.0,R,31.0,R,0.0,R,31.0,R,24.0,R,77.0,R,20
375106,2010,A,,A,,A,,A,,A,,A,,A,,A,,A,,A,,A,,A,,A,,R,9
375230,2010,R,10.0,R,51.0,R,20.0,R,15.0,R,0.0,R,15.0,R,13.0,R,87.0,R,0.0,R,0.0,R,0.0,R,0.0,A,,R,22
375300,2010,A,,A,,A,,R,92.0,R,0.0,R,92.0,R,72.0,R,78.0,R,0.0,R,0.0,R,0.0,R,0.0,A,,R,18
375319,2010,A,,A,,A,,R,46.0,R,0.0,R,46.0,R,35.0,R,76.0,R,0.0,R,0.0,R,0.0,R,0.0,A,,R,13
375373,2010,A,,A,,A,,R,150.0,R,0.0,R,150.0,R,131.0,R,87.0,R,0.0,R,0.0,R,0.0,R,0.0,A,,R,18
375407,2010,A,,A,,A,,R,80.0,Z,0.0,R,80.0,R,72.0,R,90.0,R,18.0,Z,0.0,R,18.0,R,17.0,R,94.0,R,10
375416,2010,A,,A,,A,,R,234.0,Z,0.0,R,234.0,R,143.0,R,61.0,Z,0.0,Z,0.0,Z,0.0,Z,0.0,A,,R,15
375489,2010,R,306.0,R,306.0,R,100.0,R,339.0,Z,0.0,R,339.0,R,92.0,R,27.0,R,0.0,Z,0.0,R,0.0,R,0.0,A,,R,11
375540,2010,A,,A,,A,,R,42.0,R,0.0,R,42.0,R,38.0,R,90.0,R,73.0,R,0.0,R,73.0,R,59.0,R,81.0,R,25
375559,2010,A,,A,,A,,R,56.0,R,0.0,R,56.0,R,40.0,R,71.0,R,61.0,R,0.0,R,61.0,R,40.0,R,66.0,R,25
375568,2010,A,,A,,A,,R,13.0,R,0.0,R,13.0,R,13.0,R,100.0,R,3.0,R,0.0,R,3.0,R,3.0,R,100.0,R,7
375647,2010,A,,A,,A,,P,138.0,P,0.0,P,138.0,P,128.0,P,93.0,P,16.0,P,0.0,P,16.0,P,9.0,P,56.0,R,21
375656,2010,A,,A,,A,,R,49.0,R,0.0,R,49.0,R,26.0,R,53.0,R,16.0,R,0.0,R,16.0,R,10.0,R,63.0,R,11
375683,2010,A,,A,,A,,R,92.0,Z,0.0,R,92.0,R,89.0,R,97.0,R,15.0,Z,0.0,R,15.0,R,14.0,R,93.0,R,18
375692,2010,A,,A,,A,,R,22.0,R,0.0,R,22.0,R,16.0,R,73.0,R,8.0,R,0.0,R,8.0,R,7.0,R,88.0,R,6
375708,2010,A,,A,,A,,R,26.0,R,0.0,R,26.0,R,20.0,R,77.0,R,14.0,R,0.0,R,14.0,R,9.0,R,64.0,R,20
375717,2010,A,,A,,A,,R,49.0,R,2.0,R,47.0,R,46.0,R,98.0,R,30.0,R,0.0,R,30.0,R,28.0,R,93.0,R,10
375726,2010,A,,A,,A,,R,119.0,R,0.0,R,119.0,R,41.0,R,34.0,R,33.0,R,0.0,R,33.0,R,18.0,R,55.0,R,3
375735,2010,A,,A,,A,,R,42.0,R,0.0,R,42.0,R,13.0,R,31.0,R,45.0,Z,0.0,R,45.0,R,6.0,R,13.0,R,8
375744,2010,A,,A,,A,,R,56.0,R,0.0,R,56.0,R,53.0,R,95.0,R,60.0,R,0.0,R,60.0,R,46.0,R,77.0,R,16
375753,2010,A,,A,,A,,R,7.0,R,0.0,R,7.0,R,4.0,R,57.0,R,5.0,R,0.0,R,5.0,R,0.0,R,0.0,R,15
375762,2010,A,,A,,A,,R,20.0,R,1.0,R,19.0,R,11.0,R,58.0,R,4.0,R,0.0,R,4.0,R,1.0,R,25.0,R,10
375799,2010,A,,A,,A,,R,7.0,R,0.0,R,7.0,R,2.0,R,29.0,R,0.0,R,0.0,R,0.0,R,0.0,A,,R,15
375841,2010,A,,A,,A,,R,111.0,R,0.0,R,111.0,R,82.0,R,74.0,R,0.0,R,0.0,R,0.0,R,0.0,A,,R,27
375939,2010,A,,A,,A,,R,222.0,R,0.0,R,222.0,R,38.0,R,17.0,Z,0.0,Z,0.0,Z,0.0,Z,0.0,A,,R,13
375948,2010,A,,A,,A,,A,,A,,A,,A,,A,,A,,A,,A,,A,,A,,R,27
375966,2010,A,,A,,A,,R,3.0,R,0.0,R,3.0,R,2.0,R,67.0,R,2.0,R,0.0,R,2.0,R,2.0,R,100.0,R,25
375984,2010,A,,A,,A,,R,78.0,Z,0.0,R,78.0,R,40.0,R,51.0,R,80.0,Z,0.0,R,80.0,R,40.0,R,50.0,R,26
376039,2010,R,21.0,R,24.0,R,88.0,R,21.0,Z,0.0,R,21.0,R,19.0,R,90.0,Z,0.0,Z,0.0,Z,0.0,Z,0.0,A,,R,16
376136,2010,A,,A,,A,,R,82.0,R,0.0,R,82.0,R,52.0,R,63.0,R,0.0,R,0.0,R,0.0,R,0.0,A,,R,34
376224,2010,R,218.0,R,410.0,R,53.0,R,151.0,R,0.0,R,151.0,R,80.0,R,53.0,R,1.0,R,0.0,R,1.0,R,0.0,R,0.0,R,42
376242,2010,A,,A,,A,,R,147.0,R,2.0,R,145.0,R,110.0,R,76.0,R,0.0,R,0.0,R,0.0,R,0.0,A,,R,15
376288,2010,A,,A,,A,,R,64.0,R,0.0,R,64.0,R,43.0,R,67.0,R,0.0,R,0.0,R,0.0,R,0.0,A,,R,14
376321,2010,R,438.0,R,972.0,R,45.0,R,384.0,R,0.0,R,384.0,R,288.0,R,75.0,R,30.0,R,0.0,R,30.0,R,22.0,R,73.0,R,25
376330,2010,A,,A,,A,,R,77.0,R,0.0,R,77.0,R,59.0,R,77.0,R,0.0,R,0.0,R,0.0,R,0.0,A,,R,23
376385,2010,A,,A,,A,,R,878.0,R,3.0,R,875.0,R,643.0,R,73.0,R,13.0,R,0.0,R,13.0,R,5.0,R,38.0,R,19
376446,2010,A,,A,,A,,R,78.0,Z,0.0,R,78.0,R,54.0,R,69.0,R,23.0,Z,0.0,R,23.0,R,20.0,R,87.0,R,19
376631,2010,A,,A,,A,,R,19.0,R,0.0,R,19.0,R,17.0,R,89.0,R,5.0,R,0.0,R,5.0,R,3.0,R,60.0,R,16
376668,2010,A,,A,,A,,R,30.0,Z,0.0,R,30.0,R,25.0,R,83.0,Z,0.0,Z,0.0,Z,0.0,Z,0.0,A,,R,21
376677,2010,A,,A,,A,,R,68.0,R,3.0,R,65.0,R,41.0,R,63.0,R,2.0,R,0.0,R,2.0,R,0.0,R,0.0,R,15
376695,2010,R,232.0,R,242.0,R,96.0,R,133.0,R,27.0,R,106.0,R,106.0,R,100.0,R,121.0,R,20.0,R,101.0,R,101.0,R,100.0,R,19
376950,2010,R,5.0,R,5.0,R,100.0,R,14.0,R,0.0,R,14.0,R,14.0,R,100.0,Z,0.0,Z,0.0,Z,0.0,Z,0.0,A,,R,13
376987,2010,A,,A,,A,,R,28.0,R,0.0,R,28.0,R,25.0,R,89.0,R,0.0,R,0.0,R,0.0,R,0.0,A,,R,10
377069,2010,R,125.0,R,174.0,R,72.0,R,0.0,R,0.0,R,0.0,R,0.0,A,,R,0.0,R,0.0,R,0.0,R,0.0,A,,R,23
377111,2010,A,,A,,A,,R,284.0,Z,0.0,R,284.0,R,197.0,R,69.0,Z,0.0,Z,0.0,Z,0.0,Z,0.0,A,,R,21
377193,2010,A,,A,,A,,R,7.0,R,0.0,R,7.0,R,6.0,R,86.0,R,14.0,R,0.0,R,14.0,R,12.0,R,86.0,R,11
377218,2010,A,,A,,A,,R,12.0,R,0.0,R,12.0,R,12.0,R,100.0,R,0.0,R,0.0,R,0.0,R,0.0,A,,R,15
377272,2010,A,,A,,A,,R,61.0,R,0.0,R,61.0,R,48.0,R,79.0,R,0.0,R,0.0,R,0.0,R,0.0,A,,R,14
377281,2010,A,,A,,A,,R,78.0,R,0.0,R,78.0,R,64.0,R,82.0,R,0.0,R,0.0,R,0.0,R,0.0,A,,R,13
377315,2010,A,,A,,A,,R,35.0,R,0.0,R,35.0,R,25.0,R,71.0,R,0.0,R,0.0,R,0.0,R,0.0,A,,R,9
377342,2010,A,,A,,A,,R,47.0,R,0.0,R,47.0,R,39.0,R,83.0,R,0.0,R,0.0,R,0.0,R,0.0,A,,R,8
377421,2010,A,,A,,A,,R,117.0,R,0.0,R,117.0,R,92.0,R,79.0,R,0.0,R,0.0,R,0.0,R,0.0,A,,R,19
377449,2010,R,30.0,R,60.0,R,50.0,R,51.0,R,0.0,R,51.0,R,29.0,R,57.0,Z,0.0,Z,0.0,Z,0.0,Z,0.0,A,,R,11
377458,2010,R,57.0,R,73.0,R,78.0,R,45.0,R,1.0,R,44.0,R,25.0,R,57.0,Z,0.0,Z,0.0,Z,0.0,Z,0.0,A,,R,8
377485,2010,A,,A,,A,,R,2.0,R,0.0,R,2.0,R,2.0,R,100.0,R,1.0,R,0.0,R,1.0,R,1.0,R,100.0,R,11
377546,2010,R,40.0,R,43.0,R,93.0,R,36.0,R,0.0,R,36.0,R,15.0,R,42.0,R,0.0,R,0.0,R,0.0,R,0.0,A,,R,19
377555,2010,R,391.0,R,875.0,R,45.0,R,303.0,R,1.0,R,302.0,R,248.0,R,82.0,R,9.0,Z,0.0,R,9.0,R,7.0,R,78.0,R,20
377564,2010,R,208.0,R,948.0,R,22.0,R,200.0,R,0.0,R,200.0,R,146.0,R,73.0,R,11.0,R,0.0,R,11.0,R,11.0,R,100.0,R,18
377634,2010,A,,A,,A,,A,,A,,A,,A,,A,,A,,A,,A,,A,,A,,R,5
377643,2010,A,,A,,A,,R,24.0,R,0.0,R,24.0,R,20.0,R,83.0,R,0.0,R,0.0,R,0.0,R,0.0,A,,R,21
377652,2010,A,,A,,A,,R,24.0,Z,0.0,R,24.0,R,14.0,R,58.0,Z,0.0,Z,0.0,Z,0.0,Z,0.0,A,,R,23
377661,2010,A,,A,,A,,R,44.0,R,0.0,R,44.0,R,33.0,R,75.0,R,0.0,R,0.0,R,0.0,R,0.0,A,,R,17
377670,2010,A,,A,,A,,R,10.0,R,0.0,R,10.0,R,5.0,R,50.0,R,0.0,R,0.0,R,0.0,R,0.0,A,,R,12
377722,2010,A,,A,,A,,R,246.0,R,0.0,R,246.0,R,210.0,R,85.0,R,0.0,R,0.0,R,0.0,R,0.0,A,,R,21
377759,2010,A,,A,,A,,R,80.0,R,0.0,R,80.0,R,70.0,R,88.0,R,0.0,R,0.0,R,0.0,R,0.0,A,,R,10
378105,2010,A,,A,,A,,A,,A,,A,,A,,A,,A,,A,,A,,A,,A,,R,24
378406,2010,R,103.0,R,128.0,R,80.0,R,0.0,R,0.0,R,0.0,R,0.0,A,,R,0.0,R,0.0,R,0.0,R,0.0,A,,R,28
378576,2010,R,15.0,R,44.0,R,34.0,R,0.0,R,0.0,R,0.0,R,0.0,A,,R,0.0,R,0.0,R,0.0,R,0.0,A,,R,8
378886,2010,A,,A,,A,,R,42.0,R,0.0,R,42.0,R,38.0,R,90.0,R,42.0,R,0.0,R,42.0,R,37.0,R,88.0,R,30
378956,2010,A,,A,,A,,R,87.0,R,0.0,R,87.0,R,72.0,R,83.0,R,0.0,R,0.0,R,0.0,R,0.0,A,,R,29
379029,2010,A,,A,,A,,R,254.0,R,0.0,R,254.0,R,187.0,R,74.0,R,0.0,R,0.0,R,0.0,R,0.0,A,,R,49
379135,2010,A,,A,,A,,R,28.0,Z,0.0,R,28.0,R,6.0,R,21.0,R,5.0,Z,0.0,R,5.0,R,2.0,R,40.0,R,37
379463,2010,A,,A,,A,,A,,A,,A,,A,,A,,A,,A,,A,,A,,A,,R,25
379621,2010,A,,A,,A,,R,142.0,R,0.0,R,142.0,R,81.0,R,57.0,R,0.0,R,0.0,R,0.0,R,0.0,A,,R,12
379746,2010,A,,A,,A,,A,,A,,A,,A,,A,,A,,A,,A,,A,,A,,R,36
379782,2010,A,,A,,A,,R,0.0,R,0.0,R,0.0,R,0.0,A,,R,0.0,R,0.0,R,0.0,R,0.0,A,,R,18
380067,2010,A,,A,,A,,R,26.0,Z,0.0,R,26.0,R,22.0,R,85.0,Z,0.0,Z,0.0,Z,0.0,Z,0.0,A,,R,24
380094,2010,A,,A,,A,,R,252.0,Z,0.0,R,252.0,R,177.0,R,70.0,Z,0.0,Z,0.0,Z,0.0,Z,0.0,A,,R,19
380359,2010,R,109.0,R,188.0,R,58.0,R,105.0,R,0.0,R,105.0,R,58.0,R,55.0,R,112.0,R,0.0,R,112.0,R,26.0,R,23.0,R,13
380368,2010,R,183.0,R,1168.0,R,16.0,R,253.0,R,0.0,R,253.0,R,124.0,R,49.0,R,49.0,R,0.0,R,49.0,R,18.0,R,37.0,R,27
380377,2010,R,76.0,R,143.0,R,53.0,R,7.0,R,0.0,R,7.0,R,6.0,R,86.0,R,1.0,Z,0.0,R,1.0,R,0.0,R,0.0,R,14
380401,2010,A,,A,,A,,R,89.0,R,0.0,R,89.0,R,80.0,R,90.0,R,12.0,R,0.0,R,12.0,R,10.0,R,83.0,R,18
380410,2010,A,,A,,A,,R,30.0,Z,0.0,R,30.0,R,28.0,R,93.0,R,57.0,Z,0.0,R,57.0,R,50.0,R,88.0,R,20
380438,2010,R,79.0,R,138.0,R,57.0,R,116.0,Z,0.0,R,116.0,R,89.0,R,77.0,R,18.0,Z,0.0,R,18.0,R,8.0,R,44.0,R,16
380447,2010,A,,A,,A,,R,5.0,Z,0.0,R,5.0,R,4.0,R,80.0,R,34.0,Z,0.0,R,34.0,R,30.0,R,88.0,R,20
380456,2010,A,,A,,A,,R,120.0,Z,0.0,R,120.0,R,104.0,R,87.0,R,12.0,Z,0.0,R,12.0,R,9.0,R,75.0,R,15
380465,2010,A,,A,,A,,R,42.0,R,0.0,R,42.0,R,16.0,R,38.0,R,0.0,R,0.0,R,0.0,R,0.0,A,,R,14
380474,2010,A,,A,,A,,R,129.0,R,0.0,R,129.0,R,43.0,R,33.0,R,149.0,R,0.0,R,149.0,R,56.0,R,38.0,R,25
381255,2010,A,,A,,A,,R,21.0,R,0.0,R,21.0,R,16.0,R,76.0,R,30.0,R,0.0,R,30.0,R,27.0,R,90.0,R,14
381282,2010,A,,A,,A,,R,33.0,R,0.0,R,33.0,R,24.0,R,73.0,R,6.0,R,0.0,R,6.0,R,5.0,R,83.0,R,14
381325,2010,A,,A,,A,,R,40.0,R,0.0,R,40.0,R,33.0,R,83.0,R,16.0,R,0.0,R,16.0,R,13.0,R,81.0,R,14
381334,2010,A,,A,,A,,R,12.0,R,0.0,R,12.0,R,12.0,R,100.0,R,24.0,R,0.0,R,24.0,R,24.0,R,100.0,R,14
381361,2010,A,,A,,A,,R,2.0,R,0.0,R,2.0,R,2.0,R,100.0,R,4.0,R,0.0,R,4.0,R,4.0,R,100.0,R,4
381370,2010,A,,A,,A,,R,66.0,R,0.0,R,66.0,R,50.0,R,76.0,R,61.0,R,0.0,R,61.0,R,46.0,R,75.0,R,16
381404,2010,A,,A,,A,,R,75.0,R,0.0,R,75.0,R,39.0,R,52.0,R,26.0,R,0.0,R,26.0,R,12.0,R,46.0,R,17
381486,2010,A,,A,,A,,R,8.0,R,0.0,R,8.0,R,8.0,R,100.0,R,0.0,R,0.0,R,0.0,R,0.0,A,,R,7
381529,2010,A,,A,,A,,R,32.0,Z,0.0,R,32.0,R,18.0,R,56.0,R,6.0,Z,0.0,R,6.0,R,3.0,R,50.0,R,14
381617,2010,R,215.0,R,419.0,R,51.0,R,19.0,R,0.0,R,19.0,R,7.0,R,37.0,R,2.0,R,0.0,R,2.0,R,0.0,R,0.0,R,22
381635,2010,A,,A,,A,,R,44.0,Z,0.0,R,44.0,R,38.0,R,86.0,R,7.0,Z,0.0,R,7.0,R,3.0,R,43.0,R,11
381644,2010,A,,A,,A,,R,100.0,R,0.0,R,100.0,R,84.0,R,84.0,R,0.0,R,0.0,R,0.0,R,0.0,A,,R,18
381699,2010,A,,A,,A,,R,18.0,R,0.0,R,18.0,R,6.0,R,33.0,R,5.0,R,0.0,R,5.0,R,2.0,R,40.0,R,10
381705,2010,A,,A,,A,,R,27.0,R,0.0,R,27.0,R,8.0,R,30.0,R,8.0,R,0.0,R,8.0,R,5.0,R,63.0,R,13
381732,2010,R,51.0,R,52.0,R,98.0,R,63.0,R,0.0,R,63.0,R,49.0,R,78.0,R,2.0,R,0.0,R,2.0,R,1.0,R,50.0,R,16
381741,2010,A,,A,,A,,R,0.0,R,0.0,R,0.0,R,0.0,A,,R,0.0,R,0.0,R,0.0,R,0.0,A,,R,19
381750,2010,A,,A,,A,,R,17.0,Z,0.0,R,17.0,R,10.0,R,59.0,R,7.0,Z,0.0,R,7.0,R,4.0,R,57.0,R,14
381787,2010,R,24.0,R,73.0,R,33.0,R,27.0,R,0.0,R,27.0,R,11.0,R,41.0,R,6.0,R,1.0,R,5.0,R,0.0,R,0.0,R,15
381796,2010,A,,A,,A,,R,94.0,Z,0.0,R,94.0,R,57.0,R,61.0,R,0.0,Z,0.0,R,0.0,R,0.0,A,,R,21
381909,2010,R,176.0,R,201.0,R,88.0,R,8.0,R,0.0,R,8.0,R,4.0,R,50.0,R,2.0,R,0.0,R,2.0,R,0.0,R,0.0,R,30
381945,2010,A,,A,,A,,R,29.0,R,0.0,R,29.0,R,26.0,R,90.0,R,0.0,R,0.0,R,0.0,R,0.0,A,,R,30
382054,2010,A,,A,,A,,R,155.0,Z,0.0,R,155.0,R,94.0,R,61.0,R,0.0,Z,0.0,R,0.0,R,0.0,A,,R,45
382063,2010,A,,A,,A,,R,52.0,R,0.0,R,52.0,R,27.0,R,52.0,R,0.0,R,0.0,R,0.0,R,0.0,A,,R,20
382258,2010,A,,A,,A,,R,81.0,R,0.0,R,81.0,R,65.0,R,80.0,R,100.0,R,0.0,R,100.0,R,52.0,R,52.0,R,22
382267,2010,A,,A,,A,,R,31.0,R,0.0,R,31.0,R,25.0,R,81.0,R,1.0,R,0.0,R,1.0,R,1.0,R,100.0,R,25
382276,2010,A,,A,,A,,R,236.0,R,5.0,R,231.0,R,197.0,R,85.0,R,113.0,R,3.0,R,110.0,R,96.0,R,87.0,R,20
382416,2010,A,,A,,A,,R,79.0,R,0.0,R,79.0,R,60.0,R,76.0,R,0.0,R,0.0,R,0.0,R,0.0,A,,R,12
382461,2010,A,,A,,A,,R,21.0,R,0.0,R,21.0,R,17.0,R,81.0,R,13.0,R,0.0,R,13.0,R,10.0,R,77.0,R,20
382504,2010,R,309.0,R,309.0,R,100.0,R,295.0,R,0.0,R,295.0,R,229.0,R,78.0,R,0.0,R,0.0,R,0.0,R,0.0,A,,R,26
382771,2010,R,93.0,R,159.0,R,58.0,R,84.0,R,0.0,R,84.0,R,24.0,R,29.0,R,33.0,R,0.0,R,33.0,R,13.0,R,39.0,R,29
382780,2010,A,,A,,A,,R,362.0,R,0.0,R,362.0,R,274.0,R,76.0,R,0.0,R,0.0,R,0.0,R,0.0,A,,R,17
382896,2010,A,,A,,A,,R,141.0,Z,0.0,R,141.0,R,97.0,R,69.0,R,0.0,Z,0.0,R,0.0,R,0.0,A,,R,33
382902,2010,A,,A,,A,,R,52.0,R,0.0,R,52.0,R,30.0,R,58.0,R,0.0,R,0.0,R,0.0,R,0.0,A,,R,17
382911,2010,R,15.0,R,47.0,R,32.0,R,27.0,Z,0.0,R,27.0,R,17.0,R,63.0,R,5.0,Z,0.0,R,5.0,R,2.0,R,40.0,R,5
382957,2010,A,,A,,A,,R,80.0,R,0.0,R,80.0,R,75.0,R,94.0,R,0.0,R,0.0,R,0.0,R,0.0,A,,R,15
383084,2010,A,,A,,A,,R,655.0,R,0.0,R,655.0,R,112.0,R,17.0,R,109.0,R,0.0,R,109.0,R,28.0,R,26.0,R,50
383163,2010,A,,A,,A,,R,22.0,R,0.0,R,22.0,R,19.0,R,86.0,R,55.0,R,0.0,R,55.0,R,46.0,R,84.0,R,30
383172,2010,A,,A,,A,,A,,A,,A,,A,,A,,A,,A,,A,,A,,A,,R,34
383190,2010,R,630.0,R,1559.0,R,40.0,R,513.0,R,0.0,R,513.0,R,296.0,R,58.0,R,312.0,R,0.0,R,312.0,R,123.0,R,39.0,R,20
383251,2010,A,,A,,A,,R,36.0,R,0.0,R,36.0,R,23.0,R,64.0,R,17.0,R,0.0,R,17.0,R,8.0,R,47.0,R,16
383279,2010,A,,A,,A,,R,34.0,R,0.0,R,34.0,R,33.0,R,97.0,R,41.0,R,0.0,R,41.0,R,37.0,R,90.0,R,12
383297,2010,A,,A,,A,,R,47.0,R,0.0,R,47.0,R,42.0,R,89.0,R,135.0,R,0.0,R,135.0,R,117.0,R,87.0,R,19
383312,2010,A,,A,,A,,R,233.0,R,0.0,R,233.0,R,174.0,R,75.0,R,0.0,R,0.0,R,0.0,R,0.0,A,,R,16
383330,2010,A,,A,,A,,R,114.0,R,0.0,R,114.0,R,75.0,R,66.0,R,46.0,R,0.0,R,46.0,R,44.0,R,96.0,R,6
383367,2010,A,,A,,A,,R,86.0,R,0.0,R,86.0,R,74.0,R,86.0,R,38.0,R,0.0,R,38.0,R,24.0,R,63.0,R,4
383400,2010,A,,A,,A,,A,,A,,A,,A,,A,,A,,A,,A,,A,,A,,R,8
383464,2010,A,,A,,A,,R,69.0,R,3.0,R,66.0,R,12.0,R,18.0,Z,0.0,Z,0.0,Z,0.0,Z,0.0,A,,R,25
383507,2010,A,,A,,A,,R,0.0,R,0.0,R,0.0,R,0.0,A,,R,0.0,R,0.0,R,0.0,R,0.0,A,,R,4
383525,2010,A,,A,,A,,R,8.0,R,0.0,R,8.0,R,6.0,R,75.0,R,0.0,R,0.0,R,0.0,R,0.0,A,,R,10
383765,2010,A,,A,,A,,R,43.0,Z,0.0,R,43.0,R,38.0,R,88.0,R,17.0,Z,0.0,R,17.0,R,12.0,R,71.0,R,14
383792,2010,A,,A,,A,,R,49.0,Z,0.0,R,49.0,R,41.0,R,84.0,Z,0.0,Z,0.0,Z,0.0,Z,0.0,A,,R,25
383899,2010,A,,A,,A,,R,304.0,R,3.0,R,301.0,R,187.0,R,62.0,R,134.0,R,0.0,R,134.0,R,91.0,R,68.0,R,20
383950,2010,R,83.0,R,308.0,R,27.0,R,154.0,R,0.0,R,154.0,R,49.0,R,32.0,R,2.0,R,0.0,R,2.0,R,0.0,R,0.0,R,22
383996,2010,R,74.0,R,202.0,R,37.0,R,75.0,Z,0.0,R,75.0,R,33.0,R,44.0,R,13.0,R,1.0,R,12.0,R,6.0,R,50.0,R,13
384184,2010,A,,A,,A,,R,155.0,R,0.0,R,155.0,R,103.0,R,66.0,R,0.0,R,0.0,R,0.0,R,0.0,A,,R,26
384193,2010,A,,A,,A,,R,154.0,Z,0.0,R,154.0,R,102.0,R,66.0,R,0.0,Z,0.0,R,0.0,R,0.0,A,,R,22
384209,2010,A,,A,,A,,R,123.0,R,1.0,R,122.0,R,94.0,R,77.0,R,0.0,R,0.0,R,0.0,R,0.0,A,,R,45
384254,2010,R,31.0,R,40.0,R,78.0,R,28.0,R,0.0,R,28.0,R,21.0,R,75.0,R,0.0,R,0.0,R,0.0,R,0.0,A,,R,9
384333,2010,R,812.0,R,2764.0,R,29.0,R,769.0,R,0.0,R,769.0,R,456.0,R,59.0,R,632.0,R,0.0,R,632.0,R,230.0,R,36.0,R,24
384342,2010,R,636.0,R,1594.0,R,40.0,R,691.0,R,5.0,R,686.0,R,431.0,R,63.0,R,326.0,R,2.0,R,324.0,R,110.0,R,34.0,R,22
384360,2010,R,193.0,R,448.0,R,43.0,R,206.0,R,0.0,R,206.0,R,89.0,R,43.0,R,30.0,R,0.0,R,30.0,R,10.0,R,33.0,R,19
384379,2010,R,200.0,R,463.0,R,43.0,R,175.0,R,0.0,R,175.0,R,78.0,R,45.0,R,18.0,R,0.0,R,18.0,R,4.0,R,22.0,R,24
384388,2010,R,171.0,R,340.0,R,50.0,R,125.0,R,0.0,R,125.0,R,69.0,R,55.0,R,14.0,R,0.0,R,14.0,R,5.0,R,36.0,R,26
384397,2010,R,181.0,R,471.0,R,38.0,R,190.0,R,0.0,R,190.0,R,95.0,R,50.0,R,18.0,R,0.0,R,18.0,R,5.0,R,28.0,R,20
384412,2010,R,35.0,R,70.0,R,50.0,R,4.0,R,0.0,R,4.0,R,2.0,R,50.0,R,5.0,R,0.0,R,5.0,R,1.0,R,20.0,R,13
384421,2010,R,17.0,R,21.0,R,81.0,R,22.0,R,0.0,R,22.0,R,17.0,R,77.0,R,0.0,R,0.0,R,0.0,R,0.0,A,,R,16
385008,2010,A,,A,,A,,R,123.0,R,0.0,R,123.0,R,96.0,R,78.0,R,1.0,R,0.0,R,1.0,R,1.0,R,100.0,R,18
385132,2010,A,,A,,A,,R,8.0,R,0.0,R,8.0,R,7.0,R,88.0,R,12.0,R,0.0,R,12.0,R,11.0,R,92.0,R,12
385503,2010,A,,A,,A,,R,132.0,R,0.0,R,132.0,R,111.0,R,84.0,R,1.0,R,0.0,R,1.0,R,0.0,R,0.0,R,23
385549,2010,A,,A,,A,,R,54.0,Z,0.0,R,54.0,R,34.0,R,63.0,Z,0.0,Z,0.0,Z,0.0,Z,0.0,A,,R,17
385619,2010,R,134.0,R,151.0,R,89.0,R,107.0,R,0.0,R,107.0,R,88.0,R,82.0,R,0.0,R,0.0,R,0.0,R,0.0,A,,R,7
386153,2010,A,,A,,A,,R,191.0,R,0.0,R,191.0,R,170.0,R,89.0,R,227.0,R,0.0,R,227.0,R,173.0,R,76.0,R,21
386472,2010,R,6.0,R,161.0,R,4.0,R,2.0,R,0.0,R,2.0,R,1.0,R,50.0,R,0.0,R,0.0,R,0.0,Z,0.0,A,,R,11
387235,2010,A,,A,,A,,R,3.0,Z,0.0,R,3.0,R,3.0,R,100.0,Z,0.0,R,0.0,R,0.0,R,0.0,A,,R,30
387660,2010,A,,A,,A,,R,1.0,Z,0.0,R,1.0,R,1.0,R,100.0,Z,0.0,Z,0.0,Z,0.0,Z,0.0,A,,R,3
387819,2010,A,,A,,A,,R,23.0,R,0.0,R,23.0,R,20.0,R,87.0,R,6.0,Z,0.0,R,6.0,R,5.0,R,83.0,R,6
387925,2010,A,,A,,A,,R,140.0,Z,0.0,R,140.0,R,53.0,R,38.0,Z,0.0,Z,0.0,Z,0.0,Z,0.0,A,,R,25
388043,2010,R,36.0,R,93.0,R,39.0,R,303.0,R,0.0,R,303.0,R,121.0,R,40.0,R,36.0,R,0.0,R,36.0,R,10.0,R,28.0,R,9
388520,2010,R,3.0,R,62.0,R,5.0,R,6.0,R,0.0,R,6.0,R,3.0,R,50.0,R,24.0,R,1.0,R,23.0,R,23.0,R,100.0,R,14
388663,2010,A,,A,,A,,R,34.0,R,0.0,R,34.0,R,28.0,R,82.0,R,0.0,R,0.0,R,0.0,R,0.0,A,,R,15
389727,2010,R,254.0,R,275.0,R,92.0,R,296.0,R,3.0,R,293.0,R,140.0,R,48.0,R,53.0,R,0.0,R,53.0,R,19.0,R,36.0,R,28
389860,2010,A,,A,,A,,R,92.0,R,0.0,R,92.0,R,69.0,R,75.0,R,112.0,R,0.0,R,112.0,R,109.0,R,97.0,R,7
390701,2010,R,1282.0,R,4431.0,R,29.0,R,51.0,R,0.0,R,51.0,R,31.0,R,61.0,R,145.0,R,0.0,R,145.0,R,73.0,R,50.0,R,40
390905,2010,A,,A,,A,,R,286.0,R,0.0,R,286.0,R,45.0,R,16.0,Z,0.0,Z,0.0,Z,0.0,Z,0.0,A,,R,24
391005,2010,A,,A,,A,,R,87.0,R,1.0,R,86.0,R,78.0,R,91.0,R,0.0,R,0.0,R,0.0,R,0.0,A,,R,20
391333,2010,A,,A,,A,,R,24.0,R,0.0,R,24.0,R,22.0,R,92.0,R,0.0,R,0.0,R,0.0,R,0.0,A,,R,12
391546,2010,A,,A,,A,,R,10.0,R,0.0,R,10.0,R,2.0,R,20.0,R,30.0,R,0.0,R,30.0,R,23.0,R,77.0,R,9
391564,2010,A,,A,,A,,R,70.0,R,0.0,R,70.0,R,50.0,R,71.0,R,20.0,R,0.0,R,20.0,R,14.0,R,70.0,R,26
391582,2010,R,40.0,R,147.0,R,27.0,R,53.0,R,0.0,R,53.0,R,24.0,R,45.0,R,38.0,R,1.0,R,37.0,R,21.0,R,57.0,R,20
391759,2010,A,,A,,A,,R,2.0,R,0.0,R,2.0,R,2.0,R,100.0,R,13.0,R,0.0,R,13.0,R,10.0,R,77.0,R,12
391810,2010,A,,A,,A,,R,22.0,R,0.0,R,22.0,R,16.0,R,73.0,R,0.0,R,0.0,R,0.0,R,0.0,A,,R,31
392257,2010,A,,A,,A,,R,137.0,R,0.0,R,137.0,R,116.0,R,85.0,R,0.0,R,0.0,R,0.0,R,0.0,A,,R,49
392354,2010,A,,A,,A,,R,0.0,R,0.0,R,0.0,R,0.0,A,,R,0.0,R,0.0,R,0.0,R,0.0,A,,R,2
392415,2010,A,,A,,A,,R,229.0,R,34.0,R,195.0,R,140.0,R,72.0,R,0.0,R,0.0,R,0.0,R,0.0,A,,R,23
392798,2010,A,,A,,A,,R,21.0,R,0.0,R,21.0,R,16.0,R,76.0,R,4.0,R,0.0,R,4.0,R,2.0,R,50.0,R,16
392840,2010,R,52.0,R,90.0,R,58.0,R,55.0,R,0.0,R,55.0,R,31.0,R,56.0,R,5.0,R,0.0,R,5.0,R,3.0,R,60.0,R,10
393180,2010,A,,A,,A,,R,153.0,R,32.0,R,121.0,R,86.0,R,71.0,R,0.0,R,0.0,R,0.0,R,0.0,A,,R,13
393524,2010,A,,A,,A,,R,39.0,R,0.0,R,39.0,R,32.0,R,82.0,R,0.0,R,0.0,R,0.0,R,0.0,A,,R,15
393649,2010,A,,A,,A,,A,,A,,A,,A,,A,,A,,A,,A,,A,,A,,R,14
393861,2010,A,,A,,A,,R,26.0,R,0.0,R,26.0,R,25.0,R,96.0,R,17.0,R,0.0,R,17.0,R,1.0,R,6.0,R,14
393977,2010,A,,A,,A,,R,21.0,R,0.0,R,21.0,R,18.0,R,86.0,R,0.0,R,0.0,R,0.0,R,0.0,A,,R,16
395362,2010,R,164.0,R,710.0,R,23.0,R,209.0,Z,0.0,R,209.0,R,123.0,R,59.0,R,212.0,Z,0.0,R,212.0,R,65.0,R,31.0,R,20
395690,2010,A,,A,,A,,R,254.0,Z,0.0,R,254.0,R,189.0,R,74.0,R,142.0,Z,0.0,R,142.0,R,106.0,R,75.0,R,15
397270,2010,A,,A,,A,,A,,A,,A,,A,,A,,A,,A,,A,,A,,A,,R,15
397641,2010,A,,A,,A,,R,280.0,R,0.0,R,280.0,R,235.0,R,84.0,R,147.0,R,0.0,R,147.0,R,102.0,R,69.0,R,5
397942,2010,A,,A,,A,,A,,A,,A,,A,,A,,A,,A,,A,,A,,A,,R,25
398130,2010,R,31.0,R,144.0,R,22.0,R,23.0,R,0.0,R,23.0,R,14.0,R,61.0,R,12.0,R,0.0,R,12.0,R,3.0,R,25.0,R,18
398574,2010,A,,A,,A,,R,598.0,R,0.0,R,598.0,R,398.0,R,67.0,R,0.0,R,0.0,R,0.0,R,0.0,A,,R,35
399212,2010,R,952.0,R,3848.0,R,25.0,R,1027.0,Z,0.0,R,1027.0,R,727.0,R,71.0,R,1435.0,Z,0.0,R,1435.0,R,465.0,R,32.0,R,43
399869,2010,A,,A,,A,,R,30.0,R,1.0,R,29.0,R,24.0,R,83.0,Z,0.0,Z,0.0,Z,0.0,Z,0.0,A,,R,30
399911,2010,R,103.0,R,103.0,R,100.0,R,133.0,R,0.0,R,133.0,R,128.0,R,96.0,R,0.0,R,0.0,R,0.0,R,0.0,A,,R,9
400080,2010,A,,A,,A,,R,1601.0,R,0.0,R,1601.0,R,1157.0,R,72.0,R,0.0,R,0.0,R,0.0,R,0.0,A,,R,26
400187,2010,A,,A,,A,,R,97.0,R,0.0,R,97.0,R,89.0,R,92.0,R,37.0,R,0.0,R,37.0,R,34.0,R,92.0,R,25
400637,2010,A,,A,,A,,R,680.0,R,0.0,R,680.0,R,347.0,R,51.0,R,0.0,R,0.0,R,0.0,R,0.0,A,,R,20
401223,2010,R,22.0,R,111.0,R,20.0,R,5.0,R,0.0,R,5.0,R,4.0,R,80.0,R,6.0,R,0.0,R,6.0,R,3.0,R,50.0,R,7
401339,2010,A,,A,,A,,R,470.0,R,0.0,R,470.0,R,454.0,R,97.0,R,0.0,R,0.0,R,0.0,R,0.0,A,,R,28
401481,2010,A,,A,,A,,R,23.0,R,0.0,R,23.0,R,21.0,R,91.0,R,5.0,R,0.0,R,5.0,R,1.0,R,20.0,R,16
402563,2010,A,,A,,A,,R,57.0,R,0.0,R,57.0,R,30.0,R,53.0,R,0.0,R,0.0,R,0.0,R,0.0,A,,R,7
402615,2010,R,98.0,R,258.0,R,38.0,R,40.0,Z,0.0,R,40.0,R,30.0,R,75.0,R,5.0,Z,0.0,R,5.0,R,4.0,R,80.0,R,19
402776,2010,R,17.0,R,52.0,R,33.0,R,29.0,R,0.0,R,29.0,R,22.0,R,76.0,R,37.0,R,0.0,R,37.0,R,25.0,R,68.0,R,8
402800,2010,A,,A,,A,,R,108.0,R,0.0,R,108.0,R,82.0,R,76.0,R,13.0,R,0.0,R,13.0,R,11.0,R,85.0,R,18
403414,2010,A,,A,,A,,R,8.0,R,0.0,R,8.0,R,7.0,R,88.0,R,0.0,R,0.0,R,0.0,R,0.0,A,,R,12
403469,2010,R,7.0,R,154.0,R,5.0,R,35.0,R,3.0,R,32.0,R,17.0,R,53.0,R,13.0,R,0.0,R,13.0,R,6.0,R,46.0,R,21
403478,2010,R,71.0,R,150.0,R,47.0,R,119.0,R,5.0,R,114.0,R,61.0,R,54.0,R,63.0,R,1.0,R,62.0,R,1.0,R,2.0,R,20
403487,2010,R,84.0,R,668.0,R,13.0,R,117.0,R,5.0,R,112.0,R,66.0,R,59.0,R,54.0,R,2.0,R,52.0,R,7.0,R,13.0,R,46
404037,2010,A,,A,,A,,A,,A,,A,,A,,A,,A,,A,,A,,A,,A,,R,11
404055,2010,A,,A,,A,,R,158.0,Z,0.0,R,158.0,R,80.0,R,51.0,Z,0.0,Z,0.0,Z,0.0,Z,0.0,A,,R,30
404073,2010,R,382.0,R,1069.0,R,36.0,R,24.0,R,0.0,R,24.0,R,8.0,R,33.0,R,1.0,Z,0.0,R,1.0,R,0.0,R,0.0,R,24
404082,2010,R,868.0,R,1720.0,R,50.0,R,44.0,R,0.0,R,44.0,R,22.0,R,50.0,R,2.0,R,0.0,R,2.0,R,0.0,R,0.0,R,25
404338,2010,R,30.0,R,38.0,R,79.0,R,3.0,R,0.0,R,3.0,R,2.0,R,67.0,R,0.0,R,0.0,R,0.0,R,0.0,A,,R,37
404365,2010,A,,A,,A,,R,156.0,R,0.0,R,156.0,R,91.0,R,58.0,R,0.0,R,0.0,R,0.0,R,0.0,A,,R,25
404374,2010,A,,A,,A,,R,197.0,R,0.0,R,197.0,R,106.0,R,54.0,R,0.0,R,0.0,R,0.0,R,0.0,A,,R,32
404383,2010,A,,A,,A,,R,221.0,R,0.0,R,221.0,R,123.0,R,56.0,R,0.0,R,0.0,R,0.0,R,0.0,A,,R,31
404426,2010,R,448.0,R,1748.0,R,26.0,R,409.0,R,0.0,R,409.0,R,178.0,R,44.0,R,683.0,R,0.0,R,683.0,R,166.0,R,24.0,R,24
404499,2010,A,,A,,A,,R,277.0,R,0.0,R,277.0,R,191.0,R,69.0,R,0.0,R,0.0,R,0.0,R,0.0,A,,R,30
404505,2010,A,,A,,A,,R,103.0,R,0.0,R,103.0,R,57.0,R,55.0,R,0.0,R,0.0,R,0.0,R,0.0,A,,R,44
404514,2010,A,,A,,A,,R,167.0,R,0.0,R,167.0,R,119.0,R,71.0,R,0.0,R,0.0,R,0.0,R,0.0,A,,R,61
404648,2010,R,244.0,R,453.0,R,54.0,R,1.0,Z,0.0,R,1.0,R,0.0,R,0.0,R,2.0,Z,0.0,R,2.0,R,1.0,R,50.0,R,17
404684,2010,A,,A,,A,,R,116.0,R,0.0,R,116.0,R,77.0,R,66.0,R,0.0,R,0.0,R,0.0,R,0.0,A,,R,19
404718,2010,A,,A,,A,,R,41.0,R,0.0,R,41.0,R,37.0,R,90.0,R,0.0,R,0.0,R,0.0,R,0.0,A,,R,21
404806,2010,R,78.0,R,94.0,R,83.0,R,118.0,R,0.0,R,118.0,R,32.0,R,27.0,R,15.0,R,0.0,R,15.0,R,9.0,R,60.0,R,16
404912,2010,A,,A,,A,,R,323.0,R,0.0,R,323.0,R,235.0,R,73.0,R,0.0,R,0.0,R,0.0,R,0.0,A,,R,25
404921,2010,R,144.0,R,148.0,R,97.0,R,255.0,R,0.0,R,255.0,R,158.0,R,62.0,R,0.0,R,0.0,R,0.0,R,0.0,A,,R,15
404994,2010,R,2018.0,R,2388.0,R,85.0,R,1710.0,R,3.0,R,1707.0,R,759.0,R,44.0,R,17.0,R,0.0,R,17.0,R,2.0,R,12.0,R,31
405003,2010,A,,A,,A,,R,18.0,R,0.0,R,18.0,R,14.0,R,78.0,R,0.0,R,0.0,R,0.0,R,0.0,A,,R,13
405012,2010,A,,A,,A,,R,42.0,R,0.0,R,42.0,R,32.0,R,76.0,R,0.0,R,0.0,R,0.0,R,0.0,A,,R,17
405021,2010,A,,A,,A,,R,38.0,R,0.0,R,38.0,R,31.0,R,82.0,R,0.0,R,0.0,R,0.0,R,0.0,A,,R,13
405058,2010,R,44.0,R,49.0,R,90.0,R,43.0,R,0.0,R,43.0,R,41.0,R,95.0,R,0.0,R,0.0,R,0.0,R,0.0,A,,R,22
405076,2010,A,,A,,A,,R,171.0,Z,0.0,R,171.0,R,106.0,R,62.0,Z,0.0,Z,0.0,Z,0.0,Z,0.0,A,,R,13
405748,2010,A,,A,,A,,R,12.0,Z,0.0,R,12.0,R,10.0,R,83.0,R,49.0,Z,0.0,R,49.0,R,23.0,R,47.0,R,10
405854,2010,R,45.0,R,45.0,R,100.0,R,27.0,R,0.0,R,27.0,R,20.0,R,74.0,R,0.0,R,0.0,R,0.0,R,0.0,A,,R,15
405872,2010,R,684.0,R,1348.0,R,51.0,R,745.0,R,0.0,R,745.0,R,504.0,R,68.0,R,244.0,R,0.0,R,244.0,R,105.0,R,43.0,R,18
405979,2010,A,,A,,A,,R,72.0,R,0.0,R,72.0,R,42.0,R,58.0,R,0.0,R,0.0,R,0.0,R,0.0,A,,R,19
405988,2010,A,,A,,A,,R,31.0,R,0.0,R,31.0,R,21.0,R,68.0,R,0.0,R,0.0,R,0.0,R,0.0,A,,R,15
405997,2010,A,,A,,A,,R,244.0,R,0.0,R,244.0,R,127.0,R,52.0,R,0.0,R,0.0,R,0.0,R,0.0,A,,R,21
406006,2010,A,,A,,A,,R,52.0,R,0.0,R,52.0,R,26.0,R,50.0,R,0.0,R,0.0,R,0.0,R,0.0,A,,R,14
406015,2010,A,,A,,A,,R,146.0,R,0.0,R,146.0,R,64.0,R,44.0,R,0.0,R,0.0,R,0.0,R,0.0,A,,R,20
406024,2010,A,,A,,A,,R,57.0,R,0.0,R,57.0,R,40.0,R,70.0,R,37.0,R,0.0,R,37.0,R,23.0,R,62.0,R,13
406033,2010,A,,A,,A,,R,105.0,R,0.0,R,105.0,R,84.0,R,80.0,R,32.0,R,0.0,R,32.0,R,25.0,R,78.0,R,10
406051,2010,A,,A,,A,,R,37.0,R,0.0,R,37.0,R,24.0,R,65.0,R,0.0,R,0.0,R,0.0,R,0.0,A,,R,17
406060,2010,A,,A,,A,,R,25.0,Z,0.0,R,25.0,R,17.0,R,68.0,Z,0.0,Z,0.0,Z,0.0,Z,0.0,A,,R,12
406149,2010,A,,A,,A,,A,,A,,A,,A,,A,,A,,A,,A,,A,,A,,R,7
406194,2010,R,112.0,R,165.0,R,68.0,R,82.0,R,0.0,R,82.0,R,33.0,R,40.0,R,7.0,R,0.0,R,7.0,R,2.0,R,29.0,R,16
406200,2010,R,572.0,R,572.0,R,100.0,R,504.0,R,0.0,R,504.0,R,371.0,R,74.0,R,0.0,R,0.0,R,0.0,R,0.0,A,,R,25
406219,2010,R,232.0,R,646.0,R,36.0,R,31.0,R,0.0,R,31.0,R,30.0,R,97.0,R,30.0,R,0.0,R,30.0,R,25.0,R,83.0,R,17
406264,2010,R,216.0,R,263.0,R,82.0,R,115.0,R,0.0,R,115.0,R,48.0,R,42.0,R,0.0,R,0.0,R,0.0,R,0.0,A,,R,42
406325,2010,A,,A,,A,,R,75.0,R,0.0,R,75.0,R,55.0,R,73.0,R,0.0,R,0.0,R,0.0,R,0.0,A,,R,40
406361,2010,A,,A,,A,,R,26.0,Z,0.0,R,26.0,R,24.0,R,92.0,R,0.0,R,0.0,R,0.0,R,0.0,A,,R,15
406413,2010,A,,A,,A,,A,,A,,A,,A,,A,,A,,A,,A,,A,,A,,R,20
406422,2010,A,,A,,A,,R,32.0,R,0.0,R,32.0,R,31.0,R,97.0,R,0.0,Z,0.0,R,0.0,Z,0.0,A,,R,10
406486,2010,A,,A,,A,,A,,A,,A,,A,,A,,A,,A,,A,,A,,A,,R,8
406495,2010,A,,A,,A,,R,232.0,R,2.0,R,230.0,R,161.0,R,70.0,R,20.0,R,1.0,R,19.0,R,17.0,R,89.0,R,20
406547,2010,R,72.0,R,99.0,R,73.0,R,8.0,R,0.0,R,8.0,R,7.0,R,88.0,R,2.0,R,0.0,R,2.0,R,0.0,R,0.0,R,15
406556,2010,A,,A,,A,,R,16.0,Z,0.0,R,16.0,R,14.0,R,88.0,R,0.0,R,0.0,R,0.0,R,0.0,A,,R,16
407054,2010,A,,A,,A,,R,4.0,R,0.0,R,4.0,R,3.0,R,75.0,R,6.0,R,0.0,R,6.0,R,4.0,R,67.0,R,7
407063,2010,R,76.0,R,123.0,R,62.0,R,0.0,R,0.0,R,0.0,R,0.0,A,,R,0.0,R,0.0,R,0.0,R,0.0,A,,R,19
407090,2010,A,,A,,A,,R,30.0,Z,0.0,R,30.0,R,23.0,R,77.0,R,58.0,Z,0.0,R,58.0,R,47.0,R,81.0,R,18
407142,2010,A,,A,,A,,R,10.0,R,0.0,R,10.0,R,6.0,R,60.0,R,0.0,R,0.0,R,0.0,R,0.0,A,,R,28
407151,2010,A,,A,,A,,R,29.0,R,0.0,R,29.0,R,18.0,R,62.0,R,0.0,R,0.0,R,0.0,R,0.0,A,,R,21
407179,2010,A,,A,,A,,R,55.0,Z,0.0,R,55.0,R,47.0,R,85.0,R,17.0,Z,0.0,R,17.0,R,12.0,R,71.0,R,12
407285,2010,R,12.0,R,144.0,R,8.0,R,12.0,R,0.0,R,12.0,R,5.0,R,42.0,R,4.0,R,0.0,R,4.0,R,1.0,R,25.0,R,14
407319,2010,R,91.0,R,135.0,R,67.0,R,0.0,R,0.0,R,0.0,R,0.0,A,,R,0.0,R,0.0,R,0.0,R,0.0,A,,R,18
407328,2010,A,,A,,A,,R,38.0,R,0.0,R,38.0,R,31.0,R,82.0,R,20.0,R,0.0,R,20.0,R,9.0,R,45.0,R,13
407355,2010,A,,A,,A,,R,115.0,R,0.0,R,115.0,R,107.0,R,93.0,R,1.0,R,0.0,R,1.0,R,1.0,R,100.0,R,15
407391,2010,A,,A,,A,,R,87.0,R,0.0,R,87.0,R,74.0,R,85.0,R,20.0,R,1.0,R,19.0,R,15.0,R,79.0,R,20
407407,2010,A,,A,,A,,R,65.0,R,0.0,R,65.0,R,55.0,R,85.0,R,17.0,R,0.0,R,17.0,R,14.0,R,82.0,R,22
407425,2010,A,,A,,A,,R,83.0,R,0.0,R,83.0,R,72.0,R,87.0,R,55.0,R,0.0,R,55.0,R,48.0,R,87.0,R,11
407434,2010,A,,A,,A,,R,47.0,R,0.0,R,47.0,R,36.0,R,77.0,R,23.0,R,0.0,R,23.0,R,12.0,R,52.0,R,20
407452,2010,A,,A,,A,,R,88.0,R,2.0,R,86.0,R,86.0,R,100.0,R,0.0,R,0.0,R,0.0,R,0.0,A,,R,2
407461,2010,A,,A,,A,,R,141.0,R,0.0,R,141.0,R,129.0,R,91.0,R,0.0,R,0.0,R,0.0,R,0.0,A,,R,13
407470,2010,A,,A,,A,,R,10.0,Z,0.0,R,10.0,R,9.0,R,90.0,Z,0.0,Z,0.0,Z,0.0,Z,0.0,A,,R,8
407489,2010,A,,A,,A,,R,5.0,R,0.0,R,5.0,R,5.0,R,100.0,R,44.0,R,0.0,R,44.0,R,44.0,R,100.0,R,11
407504,2010,A,,A,,A,,R,79.0,R,0.0,R,79.0,R,72.0,R,91.0,R,223.0,R,0.0,R,223.0,R,218.0,R,98.0,R,15
407513,2010,A,,A,,A,,R,421.0,R,0.0,R,421.0,R,374.0,R,89.0,R,188.0,R,0.0,R,188.0,R,183.0,R,97.0,R,15
407522,2010,A,,A,,A,,A,,A,,A,,A,,A,,A,,A,,A,,A,,A,,R,21
407568,2010,A,,A,,A,,R,7.0,R,0.0,R,7.0,R,6.0,R,86.0,R,5.0,R,0.0,R,5.0,R,4.0,R,80.0,R,12
407577,2010,A,,A,,A,,R,141.0,R,2.0,R,139.0,R,107.0,R,77.0,R,53.0,R,0.0,R,53.0,R,37.0,R,70.0,R,18
407595,2010,A,,A,,A,,R,151.0,R,0.0,R,151.0,R,140.0,R,93.0,R,0.0,R,0.0,R,0.0,R,0.0,A,,R,11
407601,2010,A,,A,,A,,R,12.0,R,0.0,R,12.0,R,11.0,R,92.0,R,10.0,R,0.0,R,10.0,R,8.0,R,80.0,R,9
407683,2010,A,,A,,A,,R,11.0,R,0.0,R,11.0,R,10.0,R,91.0,R,32.0,R,0.0,R,32.0,R,32.0,R,100.0,R,17
407708,2010,A,,A,,A,,R,62.0,R,0.0,R,62.0,R,43.0,R,69.0,R,0.0,R,0.0,R,0.0,R,0.0,A,,R,16
407726,2010,A,,A,,A,,R,29.0,Z,0.0,R,29.0,R,17.0,R,59.0,R,6.0,Z,0.0,R,6.0,R,3.0,R,50.0,R,12
407735,2010,A,,A,,A,,R,48.0,Z,0.0,R,48.0,R,25.0,R,52.0,R,5.0,Z,0.0,R,5.0,R,3.0,R,60.0,R,18
407744,2010,A,,A,,A,,R,17.0,R,0.0,R,17.0,R,16.0,R,94.0,R,0.0,R,0.0,R,0.0,R,0.0,A,,R,3
407832,2010,A,,A,,A,,R,149.0,R,2.0,R,147.0,R,143.0,R,97.0,R,110.0,R,0.0,R,110.0,R,110.0,R,100.0,R,5
408039,2010,R,384.0,R,384.0,R,100.0,R,8.0,Z,0.0,R,8.0,R,2.0,R,25.0,R,0.0,Z,0.0,R,0.0,R,0.0,A,,R,12
408057,2010,A,,A,,A,,R,27.0,R,0.0,R,27.0,R,19.0,R,70.0,R,4.0,R,0.0,R,4.0,R,3.0,R,75.0,R,25
408066,2010,A,,A,,A,,R,70.0,R,0.0,R,70.0,R,59.0,R,84.0,R,28.0,R,0.0,R,28.0,R,21.0,R,75.0,R,16
408163,2010,A,,A,,A,,R,17.0,R,0.0,R,17.0,R,17.0,R,100.0,R,0.0,R,0.0,R,0.0,R,0.0,A,,R,14
408312,2010,A,,A,,A,,R,10.0,R,0.0,R,10.0,R,7.0,R,70.0,R,0.0,R,0.0,R,0.0,R,0.0,A,,R,9
408385,2010,A,,A,,A,,R,151.0,Z,0.0,R,151.0,R,104.0,R,69.0,Z,0.0,Z,0.0,Z,0.0,Z,0.0,A,,R,10
408394,2010,R,75.0,R,368.0,R,20.0,R,130.0,R,1.0,R,129.0,R,63.0,R,49.0,R,25.0,R,0.0,R,25.0,R,13.0,R,52.0,R,13
408437,2010,A,,A,,A,,A,,A,,A,,A,,A,,A,,A,,A,,A,,A,,R,6
408844,2010,R,411.0,R,668.0,R,62.0,R,25.0,R,0.0,R,25.0,R,21.0,R,84.0,R,5.0,R,0.0,R,5.0,R,5.0,R,100.0,R,25
408862,2010,A,,A,,A,,R,42.0,Z,0.0,R,42.0,R,38.0,R,90.0,R,45.0,Z,0.0,R,45.0,R,40.0,R,89.0,R,20
409032,2010,A,,A,,A,,R,128.0,Z,0.0,R,128.0,R,95.0,R,74.0,Z,0.0,Z,0.0,Z,0.0,Z,0.0,A,,R,1
409069,2010,R,87.0,R,120.0,R,73.0,R,1.0,R,0.0,R,1.0,R,0.0,R,0.0,R,0.0,R,0.0,R,0.0,R,0.0,A,,R,19
409120,2010,A,,A,,A,,R,111.0,R,0.0,R,111.0,R,87.0,R,78.0,R,0.0,R,0.0,R,0.0,R,0.0,A,,R,10
409166,2010,A,,A,,A,,R,23.0,R,0.0,R,23.0,R,15.0,R,65.0,Z,0.0,Z,0.0,Z,0.0,Z,0.0,A,,R,10
409193,2010,A,,A,,A,,R,30.0,R,10.0,R,20.0,R,17.0,R,85.0,R,0.0,R,0.0,R,0.0,R,0.0,A,,R,20
409209,2010,A,,A,,A,,R,44.0,R,0.0,R,44.0,R,36.0,R,82.0,Z,0.0,Z,0.0,Z,0.0,Z,0.0,A,,R,20
409245,2010,A,,A,,A,,R,14.0,R,0.0,R,14.0,R,10.0,R,71.0,R,3.0,R,0.0,R,3.0,R,2.0,R,67.0,R,10
409315,2010,R,2344.0,R,8083.0,R,29.0,R,1876.0,R,0.0,R,1876.0,R,1117.0,R,60.0,R,1127.0,R,0.0,R,1127.0,R,560.0,R,50.0,R,25
409333,2010,R,46.0,R,47.0,R,98.0,R,34.0,R,0.0,R,34.0,R,24.0,R,71.0,R,46.0,R,0.0,R,46.0,R,30.0,R,65.0,R,13
409537,2010,A,,A,,A,,R,13.0,R,0.0,R,13.0,R,7.0,R,54.0,R,39.0,R,0.0,R,39.0,R,32.0,R,82.0,R,10
409591,2010,A,,A,,A,,R,71.0,Z,0.0,R,71.0,R,52.0,R,73.0,R,35.0,R,0.0,R,35.0,R,26.0,R,74.0,R,12
409670,2010,A,,A,,A,,R,135.0,R,0.0,R,135.0,R,90.0,R,67.0,R,21.0,R,0.0,R,21.0,R,9.0,R,43.0,R,30
409698,2010,R,823.0,R,1381.0,R,60.0,R,944.0,Z,0.0,R,944.0,R,706.0,R,75.0,R,5.0,Z,0.0,R,5.0,R,2.0,R,40.0,R,22
409829,2010,R,78.0,R,145.0,R,54.0,R,88.0,R,0.0,R,88.0,R,53.0,R,60.0,R,7.0,R,0.0,R,7.0,R,1.0,R,14.0,R,15
409838,2010,R,86.0,R,248.0,R,35.0,R,11.0,Z,0.0,R,11.0,R,8.0,R,73.0,R,9.0,Z,0.0,R,9.0,R,8.0,R,89.0,R,16
409874,2010,R,210.0,R,403.0,R,52.0,R,164.0,R,0.0,R,164.0,R,101.0,R,62.0,R,149.0,R,0.0,R,149.0,R,75.0,R,50.0,R,30
410034,2010,A,,A,,A,,R,19.0,R,0.0,R,19.0,R,16.0,R,84.0,R,0.0,R,0.0,R,0.0,R,0.0,A,,R,7
410070,2010,A,,A,,A,,R,255.0,R,0.0,R,255.0,R,217.0,R,85.0,R,0.0,R,0.0,R,0.0,R,0.0,A,,R,33
410256,2010,A,,A,,A,,A,,A,,A,,A,,A,,A,,A,,A,,A,,A,,R,20
410283,2010,R,235.0,R,235.0,R,100.0,R,160.0,Z,0.0,R,160.0,R,40.0,R,25.0,R,0.0,Z,0.0,R,0.0,R,0.0,A,,R,14
410496,2010,R,64.0,R,197.0,R,32.0,R,106.0,R,0.0,R,106.0,R,49.0,R,46.0,R,14.0,R,0.0,R,14.0,R,11.0,R,79.0,R,7
410502,2010,R,251.0,R,748.0,R,34.0,R,101.0,Z,0.0,R,101.0,R,79.0,R,78.0,R,96.0,Z,0.0,R,96.0,R,31.0,R,32.0,R,18
410520,2010,R,17.0,R,25.0,R,68.0,R,11.0,R,0.0,R,11.0,R,9.0,R,82.0,R,9.0,R,0.0,R,9.0,R,4.0,R,44.0,R,28
410539,2010,A,,A,,A,,R,50.0,R,0.0,R,50.0,R,29.0,R,58.0,R,0.0,R,0.0,R,0.0,R,0.0,A,,R,23
410788,2010,A,,A,,A,,R,74.0,R,0.0,R,74.0,R,62.0,R,84.0,R,21.0,R,0.0,R,21.0,R,18.0,R,86.0,R,21
410797,2010,A,,A,,A,,A,,A,,A,,A,,A,,A,,A,,A,,A,,A,,R,15
410964,2010,A,,A,,A,,R,18.0,Z,0.0,R,18.0,R,17.0,R,94.0,R,3.0,Z,0.0,R,3.0,R,3.0,R,100.0,R,5
411055,2010,A,,A,,A,,A,,A,,A,,A,,A,,A,,A,,A,,A,,A,,R,25
411374,2010,A,,A,,A,,A,,A,,A,,A,,A,,A,,A,,A,,A,,A,,R,14
411684,2010,A,,A,,A,,R,11.0,Z,0.0,R,11.0,R,8.0,R,73.0,Z,0.0,Z,0.0,Z,0.0,Z,0.0,A,,R,12
411754,2010,A,,A,,A,,A,,A,,A,,A,,A,,A,,A,,A,,A,,A,,R,12
412003,2010,A,,A,,A,,R,15.0,R,0.0,R,15.0,R,11.0,R,73.0,R,5.0,R,0.0,R,5.0,R,4.0,R,80.0,R,15
412173,2010,A,,A,,A,,R,137.0,R,0.0,R,137.0,R,120.0,R,88.0,R,0.0,R,0.0,R,0.0,R,0.0,A,,R,12
412535,2010,A,,A,,A,,R,11.0,R,0.0,R,11.0,R,11.0,R,100.0,R,1.0,R,0.0,R,1.0,R,0.0,R,0.0,R,15
412544,2010,A,,A,,A,,R,44.0,R,0.0,R,44.0,R,38.0,R,86.0,R,7.0,R,0.0,R,7.0,R,6.0,R,86.0,R,13
412599,2010,A,,A,,A,,R,0.0,R,0.0,R,0.0,R,0.0,A,,R,0.0,R,0.0,R,0.0,R,0.0,A,,R,23
412650,2010,A,,A,,A,,A,,A,,A,,A,,A,,A,,A,,A,,A,,A,,R,5
413176,2010,A,,A,,A,,R,7.0,R,0.0,R,7.0,R,4.0,R,57.0,R,0.0,R,0.0,R,0.0,R,0.0,A,,R,2
413185,2010,A,,A,,A,,R,11.0,R,0.0,R,11.0,R,6.0,R,55.0,Z,0.0,Z,0.0,Z,0.0,Z,0.0,A,,R,17
413343,2010,A,,A,,A,,R,9.0,R,0.0,R,9.0,R,8.0,R,89.0,R,0.0,R,0.0,R,0.0,R,0.0,A,,R,8
413413,2010,R,3.0,R,1133.0,R,0.0,R,7.0,R,0.0,R,7.0,R,2.0,R,29.0,R,127.0,R,0.0,R,127.0,R,37.0,R,29.0,R,28
413617,2010,R,96.0,R,189.0,R,51.0,R,119.0,R,0.0,R,119.0,R,54.0,R,45.0,R,30.0,R,0.0,R,30.0,R,9.0,R,30.0,R,12
413626,2010,R,59.0,R,78.0,R,76.0,R,42.0,R,0.0,R,42.0,R,13.0,R,31.0,R,17.0,R,0.0,R,17.0,R,4.0,R,24.0,R,11
413635,2010,A,,A,,A,,R,113.0,R,0.0,R,113.0,R,79.0,R,70.0,R,0.0,R,0.0,R,0.0,R,0.0,A,,R,42
413680,2010,A,,A,,A,,R,35.0,R,0.0,R,35.0,R,22.0,R,63.0,R,0.0,R,0.0,R,0.0,R,0.0,A,,R,27
413778,2010,A,,A,,A,,R,180.0,R,0.0,R,180.0,R,127.0,R,71.0,R,31.0,R,0.0,R,31.0,R,26.0,R,84.0,R,16
413802,2010,R,243.0,R,344.0,R,71.0,R,240.0,R,13.0,R,227.0,R,220.0,R,97.0,R,87.0,R,9.0,R,78.0,R,58.0,R,74.0,R,14
413820,2010,A,,A,,A,,R,12.0,R,0.0,R,12.0,R,9.0,R,75.0,R,0.0,R,0.0,R,0.0,R,0.0,A,,R,6
413839,2010,R,83.0,R,113.0,R,73.0,R,0.0,R,0.0,R,0.0,R,0.0,A,,R,0.0,R,0.0,R,0.0,R,0.0,A,,R,23
413848,2010,R,58.0,R,67.0,R,87.0,R,2.0,R,0.0,R,2.0,R,0.0,R,0.0,R,0.0,R,0.0,R,0.0,R,0.0,A,,R,20
413857,2010,R,81.0,R,165.0,R,49.0,R,0.0,R,0.0,R,0.0,R,0.0,A,,R,0.0,R,0.0,R,0.0,R,0.0,A,,R,17
413866,2010,R,94.0,R,126.0,R,75.0,R,0.0,R,0.0,R,0.0,R,0.0,A,,R,0.0,R,0.0,R,0.0,R,0.0,A,,R,32
413884,2010,R,112.0,R,186.0,R,60.0,R,0.0,R,0.0,R,0.0,R,0.0,A,,R,0.0,R,0.0,R,0.0,R,0.0,A,,R,16
413918,2010,A,,A,,A,,R,30.0,R,0.0,R,30.0,R,30.0,R,100.0,R,0.0,R,0.0,R,0.0,R,0.0,A,,R,18
413945,2010,A,,A,,A,,R,71.0,R,0.0,R,71.0,R,58.0,R,82.0,R,45.0,R,0.0,R,45.0,R,33.0,R,73.0,R,14
413972,2010,A,,A,,A,,R,35.0,Z,0.0,R,35.0,R,33.0,R,94.0,R,10.0,Z,0.0,R,10.0,R,9.0,R,90.0,R,20
414036,2010,A,,A,,A,,R,96.0,R,0.0,R,96.0,R,71.0,R,74.0,R,0.0,R,0.0,R,0.0,R,0.0,A,,R,30
414054,2010,A,,A,,A,,R,16.0,R,0.0,R,16.0,R,10.0,R,63.0,R,2.0,R,0.0,R,2.0,R,0.0,R,0.0,R,13
414063,2010,A,,A,,A,,R,138.0,R,0.0,R,138.0,R,124.0,R,90.0,R,21.0,R,0.0,R,21.0,R,18.0,R,86.0,R,15
414124,2010,A,,A,,A,,R,143.0,R,0.0,R,143.0,R,122.0,R,85.0,R,9.0,R,0.0,R,9.0,R,5.0,R,56.0,R,12
414160,2010,R,376.0,R,891.0,R,42.0,R,38.0,R,0.0,R,38.0,R,16.0,R,42.0,R,7.0,R,0.0,R,7.0,R,2.0,R,29.0,R,28
414452,2010,A,,A,,A,,R,26.0,R,0.0,R,26.0,R,21.0,R,81.0,R,0.0,R,0.0,R,0.0,R,0.0,A,,R,8
414461,2010,R,1290.0,R,1636.0,R,79.0,R,1283.0,R,3.0,R,1280.0,R,764.0,R,60.0,R,0.0,R,0.0,R,0.0,R,0.0,A,,R,19
414489,2010,A,,A,,A,,R,122.0,R,0.0,R,122.0,R,102.0,R,84.0,R,0.0,R,0.0,R,0.0,R,0.0,A,,R,25
414531,2010,R,55.0,R,79.0,R,70.0,R,2.0,R,0.0,R,2.0,R,2.0,R,100.0,R,0.0,R,0.0,R,0.0,R,0.0,A,,R,22
414540,2010,A,,A,,A,,R,154.0,Z,0.0,R,154.0,R,111.0,R,72.0,R,12.0,Z,0.0,R,12.0,R,9.0,R,75.0,R,15
414559,2010,A,,A,,A,,R,28.0,R,0.0,R,28.0,R,25.0,R,89.0,R,0.0,R,0.0,R,0.0,R,0.0,A,,R,5
414568,2010,R,125.0,R,192.0,R,65.0,R,0.0,R,0.0,R,0.0,R,0.0,A,,R,0.0,R,0.0,R,0.0,R,0.0,A,,R,23
414586,2010,R,57.0,R,94.0,R,61.0,R,17.0,R,0.0,R,17.0,R,9.0,R,53.0,R,1.0,R,0.0,R,1.0,R,0.0,R,0.0,R,19
414595,2010,R,30.0,R,42.0,R,71.0,R,0.0,R,0.0,R,0.0,R,0.0,A,,R,0.0,R,0.0,R,0.0,R,0.0,A,,R,13
414708,2010,R,60.0,R,777.0,R,8.0,R,13.0,R,0.0,R,13.0,R,9.0,R,69.0,R,103.0,R,0.0,R,103.0,R,46.0,R,45.0,R,20
414823,2010,R,555.0,R,744.0,R,75.0,R,464.0,Z,0.0,R,464.0,R,318.0,R,69.0,R,8.0,Z,0.0,R,8.0,R,3.0,R,38.0,R,29
414841,2010,R,36.0,R,48.0,R,75.0,R,63.0,R,1.0,R,62.0,R,35.0,R,56.0,R,11.0,R,3.0,R,8.0,R,0.0,R,0.0,R,20
414850,2010,R,106.0,R,155.0,R,68.0,R,55.0,R,0.0,R,55.0,R,30.0,R,55.0,R,14.0,Z,0.0,R,14.0,R,4.0,R,29.0,R,14
414869,2010,A,,A,,A,,R,22.0,R,0.0,R,22.0,R,22.0,R,100.0,R,40.0,R,0.0,R,40.0,R,34.0,R,85.0,R,9
414878,2010,R,1.0,R,37.0,R,3.0,R,4.0,R,0.0,R,4.0,R,2.0,R,50.0,R,0.0,R,0.0,R,0.0,R,0.0,A,,R,15
414911,2010,R,258.0,R,875.0,R,29.0,R,241.0,R,4.0,R,237.0,R,140.0,R,59.0,R,105.0,R,0.0,R,105.0,R,67.0,R,64.0,R,18
414939,2010,A,,A,,A,,R,121.0,Z,0.0,R,121.0,R,108.0,R,89.0,Z,0.0,Z,0.0,Z,0.0,Z,0.0,A,,R,23
415039,2010,A,,A,,A,,R,28.0,Z,0.0,R,28.0,R,20.0,R,71.0,R,3.0,Z,0.0,R,3.0,R,2.0,R,67.0,R,13
415057,2010,A,,A,,A,,A,,A,,A,,A,,A,,A,,A,,A,,A,,A,,R,24
415729,2010,A,,A,,A,,R,4.0,R,0.0,R,4.0,R,4.0,R,100.0,R,2.0,Z,0.0,R,2.0,R,1.0,R,50.0,R,10
415774,2010,A,,A,,A,,R,760.0,R,2.0,R,758.0,R,671.0,R,89.0,R,128.0,R,0.0,R,128.0,R,112.0,R,88.0,R,17
415987,2010,A,,A,,A,,R,323.0,R,0.0,R,323.0,R,203.0,R,63.0,R,0.0,R,0.0,R,0.0,R,0.0,A,,R,24
416458,2010,A,,A,,A,,R,137.0,R,0.0,R,137.0,R,112.0,R,82.0,R,0.0,R,0.0,R,0.0,R,0.0,A,,R,20
416670,2010,A,,A,,A,,R,4.0,R,0.0,R,4.0,R,2.0,R,50.0,R,14.0,R,0.0,R,14.0,R,6.0,R,43.0,R,10
416801,2010,A,,A,,A,,A,,A,,A,,A,,A,,A,,A,,A,,A,,A,,R,3
416962,2010,A,,A,,A,,R,43.0,R,0.0,R,43.0,R,25.0,R,58.0,R,0.0,R,0.0,R,0.0,R,0.0,A,,R,17
416971,2010,A,,A,,A,,R,32.0,R,1.0,R,31.0,R,23.0,R,74.0,R,6.0,R,0.0,R,6.0,R,4.0,R,67.0,R,12
416980,2010,A,,A,,A,,R,37.0,R,0.0,R,37.0,R,28.0,R,76.0,R,10.0,R,1.0,R,9.0,R,5.0,R,56.0,R,11
417008,2010,A,,A,,A,,R,26.0,R,0.0,R,26.0,R,23.0,R,88.0,R,0.0,R,0.0,R,0.0,R,0.0,A,,R,20
417062,2010,A,,A,,A,,R,53.0,R,0.0,R,53.0,R,35.0,R,66.0,R,0.0,R,0.0,R,0.0,R,0.0,A,,R,24
417105,2010,A,,A,,A,,Z,0.0,Z,0.0,Z,0.0,Z,0.0,A,,R,90.0,Z,0.0,R,90.0,R,73.0,R,81.0,R,19
417123,2010,A,,A,,A,,R,63.0,R,3.0,R,60.0,R,50.0,R,83.0,R,2.0,R,0.0,R,2.0,R,2.0,R,100.0,R,11
417132,2010,A,,A,,A,,R,111.0,Z,0.0,R,111.0,R,68.0,R,61.0,R,31.0,Z,0.0,R,31.0,R,20.0,R,65.0,R,18
417178,2010,A,,A,,A,,R,10.0,R,0.0,R,10.0,R,9.0,R,90.0,R,0.0,R,0.0,R,0.0,R,0.0,A,,R,7
417211,2010,A,,A,,A,,R,22.0,R,0.0,R,22.0,R,22.0,R,100.0,R,0.0,R,0.0,R,0.0,R,0.0,A,,R,7
417248,2010,A,,A,,A,,R,12.0,R,0.0,R,12.0,R,12.0,R,100.0,R,0.0,R,0.0,R,0.0,Z,0.0,A,,R,10
417275,2010,A,,A,,A,,R,19.0,R,0.0,R,19.0,R,17.0,R,89.0,R,0.0,R,0.0,R,0.0,R,0.0,A,,R,19
417318,2010,R,54.0,R,56.0,R,96.0,R,19.0,Z,0.0,R,19.0,R,18.0,R,95.0,Z,0.0,Z,0.0,Z,0.0,Z,0.0,A,,R,8
417327,2010,R,23.0,R,43.0,R,53.0,R,52.0,R,0.0,R,52.0,R,26.0,R,50.0,R,3.0,R,0.0,R,3.0,R,3.0,R,100.0,R,18
417381,2010,A,,A,,A,,R,30.0,Z,0.0,R,30.0,R,22.0,R,73.0,R,9.0,Z,0.0,R,9.0,R,5.0,R,56.0,R,17
417390,2010,A,,A,,A,,R,20.0,R,0.0,R,20.0,R,19.0,R,95.0,R,15.0,Z,0.0,R,15.0,R,12.0,R,80.0,R,7
417406,2010,A,,A,,A,,R,26.0,R,0.0,R,26.0,R,25.0,R,96.0,R,15.0,Z,0.0,R,15.0,R,12.0,R,80.0,R,10
417442,2010,A,,A,,A,,R,44.0,R,0.0,R,44.0,R,33.0,R,75.0,R,0.0,R,0.0,R,0.0,R,0.0,A,,R,16
417503,2010,A,,A,,A,,R,129.0,R,0.0,R,129.0,R,114.0,R,88.0,R,14.0,R,0.0,R,14.0,R,12.0,R,86.0,R,14
417549,2010,A,,A,,A,,R,101.0,Z,0.0,R,101.0,R,51.0,R,50.0,R,0.0,R,0.0,R,0.0,R,0.0,A,,R,21
417567,2010,A,,A,,A,,R,77.0,R,0.0,R,77.0,R,57.0,R,74.0,R,0.0,R,0.0,R,0.0,R,0.0,A,,R,20
417576,2010,A,,A,,A,,R,31.0,R,0.0,R,31.0,R,31.0,R,100.0,R,0.0,R,0.0,R,0.0,R,0.0,A,,R,19
417600,2010,A,,A,,A,,R,18.0,R,0.0,R,18.0,R,16.0,R,89.0,R,0.0,R,0.0,R,0.0,R,0.0,A,,R,3
417628,2010,A,,A,,A,,R,27.0,R,0.0,R,27.0,R,25.0,R,93.0,R,6.0,R,0.0,R,6.0,R,1.0,R,17.0,R,2
417637,2010,A,,A,,A,,R,79.0,R,0.0,R,79.0,R,72.0,R,91.0,R,2.0,R,0.0,R,2.0,R,1.0,R,50.0,R,7
417646,2010,A,,A,,A,,R,8.0,R,0.0,R,8.0,R,7.0,R,88.0,R,9.0,Z,0.0,R,9.0,R,5.0,R,56.0,R,10
417655,2010,A,,A,,A,,R,8.0,Z,0.0,R,8.0,R,8.0,R,100.0,Z,0.0,Z,0.0,Z,0.0,Z,0.0,A,,R,9
417673,2010,A,,A,,A,,R,15.0,R,0.0,R,15.0,R,15.0,R,100.0,R,13.0,R,0.0,R,13.0,R,13.0,R,100.0,R,6
417682,2010,A,,A,,A,,R,27.0,R,0.0,R,27.0,R,21.0,R,78.0,R,0.0,R,0.0,R,0.0,R,0.0,A,,R,8
417716,2010,A,,A,,A,,R,24.0,R,0.0,R,24.0,R,18.0,R,75.0,R,0.0,R,0.0,R,0.0,R,0.0,A,,R,14
417725,2010,A,,A,,A,,R,52.0,R,0.0,R,52.0,R,41.0,R,79.0,R,0.0,R,0.0,R,0.0,R,0.0,A,,R,20
417734,2010,R,8.0,R,193.0,R,4.0,R,4.0,R,0.0,R,4.0,R,2.0,R,50.0,R,2.0,R,0.0,R,2.0,R,0.0,R,0.0,R,5
417752,2010,R,13.0,R,25.0,R,52.0,R,12.0,R,0.0,R,12.0,R,6.0,R,50.0,R,1.0,R,0.0,R,1.0,R,1.0,R,100.0,R,12
417789,2010,A,,A,,A,,R,97.0,R,0.0,R,97.0,R,54.0,R,56.0,R,19.0,R,0.0,R,19.0,R,8.0,R,42.0,R,10
417804,2010,A,,A,,A,,R,60.0,R,0.0,R,60.0,R,48.0,R,80.0,R,1.0,R,0.0,R,1.0,R,0.0,R,0.0,R,19
417831,2010,A,,A,,A,,R,115.0,R,0.0,R,115.0,R,2.0,R,2.0,R,5.0,R,0.0,R,5.0,R,5.0,R,100.0,R,27
417840,2010,A,,A,,A,,R,120.0,R,0.0,R,120.0,R,68.0,R,57.0,R,25.0,R,0.0,R,25.0,R,13.0,R,52.0,R,15
417868,2010,A,,A,,A,,R,33.0,R,0.0,R,33.0,R,30.0,R,91.0,R,0.0,R,0.0,R,0.0,R,0.0,A,,R,15
417886,2010,A,,A,,A,,R,11.0,Z,0.0,R,11.0,R,7.0,R,64.0,Z,0.0,Z,0.0,Z,0.0,Z,0.0,A,,R,12
417901,2010,A,,A,,A,,A,,A,,A,,A,,A,,A,,A,,A,,A,,A,,R,14
417910,2010,A,,A,,A,,R,198.0,R,0.0,R,198.0,R,183.0,R,92.0,R,0.0,R,0.0,R,0.0,R,0.0,A,,R,11
417947,2010,A,,A,,A,,R,3.0,R,0.0,R,3.0,R,3.0,R,100.0,R,0.0,R,0.0,R,0.0,R,0.0,A,,R,10
417983,2010,A,,A,,A,,R,0.0,R,0.0,R,0.0,R,0.0,A,,R,78.0,R,0.0,R,78.0,R,37.0,R,47.0,R,7
417992,2010,A,,A,,A,,R,15.0,R,0.0,R,15.0,R,13.0,R,87.0,R,18.0,R,0.0,R,18.0,R,16.0,R,89.0,R,11
418001,2010,A,,A,,A,,R,31.0,R,0.0,R,31.0,R,21.0,R,68.0,Z,0.0,Z,0.0,Z,0.0,Z,0.0,A,,R,15
418010,2010,A,,A,,A,,R,9.0,R,0.0,R,9.0,R,8.0,R,89.0,R,23.0,R,0.0,R,23.0,R,21.0,R,91.0,R,12
418029,2010,A,,A,,A,,R,20.0,R,0.0,R,20.0,R,15.0,R,75.0,R,26.0,R,0.0,R,26.0,R,20.0,R,77.0,R,8
418038,2010,A,,A,,A,,R,70.0,R,0.0,R,70.0,R,57.0,R,81.0,R,0.0,R,0.0,R,0.0,R,0.0,A,,R,35
418056,2010,A,,A,,A,,R,93.0,R,1.0,R,92.0,R,58.0,R,63.0,R,12.0,R,0.0,R,12.0,R,5.0,R,42.0,R,47
418065,2010,A,,A,,A,,R,194.0,R,0.0,R,194.0,R,141.0,R,73.0,R,199.0,Z,0.0,R,199.0,R,163.0,R,82.0,R,12
418083,2010,A,,A,,A,,R,47.0,R,0.0,R,47.0,R,38.0,R,81.0,R,33.0,R,0.0,R,33.0,R,23.0,R,70.0,R,41
418126,2010,R,30.0,R,218.0,R,14.0,R,0.0,R,0.0,R,0.0,R,0.0,A,,R,0.0,R,0.0,R,0.0,R,0.0,A,,R,15
418162,2010,A,,A,,A,,R,322.0,Z,0.0,R,322.0,R,246.0,R,76.0,R,51.0,R,0.0,R,51.0,R,37.0,R,73.0,R,19
418171,2010,A,,A,,A,,R,18.0,R,0.0,R,18.0,R,16.0,R,89.0,R,0.0,R,0.0,R,0.0,R,0.0,A,,R,12
418199,2010,A,,A,,A,,A,,A,,A,,A,,A,,A,,A,,A,,A,,A,,R,12
418205,2010,A,,A,,A,,R,108.0,R,2.0,R,106.0,R,97.0,R,92.0,R,1070.0,R,0.0,R,1070.0,R,1058.0,R,99.0,R,21
418223,2010,A,,A,,A,,R,34.0,R,0.0,R,34.0,R,31.0,R,91.0,R,0.0,R,0.0,R,0.0,R,0.0,A,,R,4
418250,2010,A,,A,,A,,R,163.0,R,1.0,R,162.0,R,154.0,R,95.0,R,37.0,R,1.0,R,36.0,R,33.0,R,92.0,R,16
418269,2010,A,,A,,A,,A,,A,,A,,A,,A,,A,,A,,A,,A,,A,,R,15
418278,2010,A,,A,,A,,R,41.0,R,0.0,R,41.0,R,37.0,R,90.0,R,50.0,R,0.0,R,50.0,R,44.0,R,88.0,R,2
418287,2010,A,,A,,A,,R,67.0,R,0.0,R,67.0,R,53.0,R,79.0,R,18.0,Z,0.0,R,18.0,R,13.0,R,72.0,R,9
418296,2010,A,,A,,A,,R,37.0,R,0.0,R,37.0,R,34.0,R,92.0,R,84.0,R,0.0,R,84.0,R,80.0,R,95.0,R,12
418302,2010,A,,A,,A,,R,45.0,R,0.0,R,45.0,R,27.0,R,60.0,R,18.0,R,0.0,R,18.0,R,11.0,R,61.0,R,8
418320,2010,A,,A,,A,,R,12.0,R,0.0,R,12.0,R,4.0,R,33.0,R,85.0,R,0.0,R,85.0,R,28.0,R,33.0,R,20
418339,2010,A,,A,,A,,R,25.0,R,0.0,R,25.0,R,15.0,R,60.0,R,23.0,R,0.0,R,23.0,R,5.0,R,22.0,R,15
418348,2010,A,,A,,A,,R,46.0,R,0.0,R,46.0,R,27.0,R,59.0,R,57.0,R,0.0,R,57.0,R,26.0,R,46.0,R,13
418357,2010,A,,A,,A,,R,65.0,R,0.0,R,65.0,R,43.0,R,66.0,R,100.0,R,0.0,R,100.0,R,49.0,R,49.0,R,8
418384,2010,A,,A,,A,,R,15.0,R,5.0,R,10.0,R,6.0,R,60.0,R,0.0,R,0.0,R,0.0,R,0.0,A,,R,6
418409,2010,A,,A,,A,,R,32.0,R,0.0,R,32.0,R,26.0,R,81.0,R,0.0,R,0.0,R,0.0,R,0.0,A,,R,10
418427,2010,A,,A,,A,,R,33.0,R,0.0,R,33.0,R,24.0,R,73.0,R,0.0,R,0.0,R,0.0,R,0.0,A,,R,9
418445,2010,A,,A,,A,,R,46.0,R,0.0,R,46.0,R,33.0,R,72.0,R,0.0,R,0.0,R,0.0,R,0.0,A,,R,17
418454,2010,A,,A,,A,,R,330.0,R,0.0,R,330.0,R,311.0,R,94.0,R,22.0,R,0.0,R,22.0,R,22.0,R,100.0,R,7
418481,2010,A,,A,,A,,R,23.0,R,0.0,R,23.0,R,22.0,R,96.0,R,0.0,R,0.0,R,0.0,R,0.0,A,,R,13
418506,2010,A,,A,,A,,R,38.0,Z,0.0,R,38.0,R,37.0,R,97.0,R,0.0,Z,0.0,R,0.0,Z,0.0,A,,R,20
418515,2010,A,,A,,A,,R,47.0,R,0.0,R,47.0,R,42.0,R,89.0,R,38.0,R,0.0,R,38.0,R,30.0,R,79.0,R,12
418524,2010,A,,A,,A,,R,35.0,R,0.0,R,35.0,R,23.0,R,66.0,R,0.0,R,0.0,R,0.0,R,0.0,A,,R,15
418533,2010,A,,A,,A,,R,226.0,R,0.0,R,226.0,R,197.0,R,87.0,R,81.0,R,0.0,R,81.0,R,58.0,R,72.0,R,20
418542,2010,A,,A,,A,,R,0.0,Z,0.0,R,0.0,Z,0.0,A,,R,27.0,R,0.0,R,27.0,R,27.0,R,100.0,R,9
418560,2010,A,,A,,A,,R,32.0,R,0.0,R,32.0,R,28.0,R,88.0,R,15.0,R,0.0,R,15.0,R,15.0,R,100.0,R,12
418588,2010,A,,A,,A,,R,33.0,R,0.0,R,33.0,R,32.0,R,97.0,R,0.0,R,0.0,R,0.0,R,0.0,A,,R,10
418603,2010,A,,A,,A,,R,27.0,R,0.0,R,27.0,R,25.0,R,93.0,R,12.0,R,0.0,R,12.0,R,12.0,R,100.0,R,12
418612,2010,A,,A,,A,,R,11.0,R,0.0,R,11.0,R,11.0,R,100.0,R,0.0,R,0.0,R,0.0,R,0.0,A,,R,3
418658,2010,A,,A,,A,,R,0.0,R,0.0,R,0.0,R,0.0,A,,R,96.0,R,0.0,R,96.0,R,94.0,R,98.0,R,36
418676,2010,A,,A,,A,,R,64.0,R,0.0,R,64.0,R,56.0,R,88.0,R,0.0,R,0.0,R,0.0,R,0.0,A,,R,4
418700,2010,A,,A,,A,,R,106.0,R,0.0,R,106.0,R,67.0,R,63.0,R,0.0,R,0.0,R,0.0,R,0.0,A,,R,16
418755,2010,A,,A,,A,,R,73.0,R,0.0,R,73.0,R,58.0,R,79.0,R,0.0,R,0.0,R,0.0,R,0.0,A,,R,52
418764,2010,A,,A,,A,,R,41.0,R,5.0,R,36.0,R,28.0,R,78.0,R,0.0,R,0.0,R,0.0,R,0.0,A,,R,24
418773,2010,A,,A,,A,,R,688.0,R,0.0,R,688.0,R,590.0,R,86.0,R,213.0,R,0.0,R,213.0,R,212.0,R,100.0,R,37
418782,2010,A,,A,,A,,R,145.0,Z,0.0,R,145.0,R,107.0,R,74.0,Z,0.0,Z,0.0,Z,0.0,Z,0.0,A,,R,18
418870,2010,A,,A,,A,,R,430.0,R,1.0,R,429.0,R,282.0,R,66.0,R,0.0,R,0.0,R,0.0,R,0.0,A,,R,23
418889,2010,A,,A,,A,,R,17.0,R,0.0,R,17.0,R,14.0,R,82.0,R,13.0,R,0.0,R,13.0,R,13.0,R,100.0,R,13
418913,2010,A,,A,,A,,R,50.0,Z,0.0,R,50.0,R,4.0,R,8.0,R,0.0,R,0.0,R,0.0,R,0.0,A,,R,12
418968,2010,A,,A,,A,,R,27.0,R,0.0,R,27.0,R,11.0,R,41.0,R,27.0,R,0.0,R,27.0,R,7.0,R,26.0,R,17
419022,2010,A,,A,,A,,R,346.0,R,0.0,R,346.0,R,254.0,R,73.0,R,2.0,R,0.0,R,2.0,R,2.0,R,100.0,R,15
419031,2010,A,,A,,A,,R,25.0,Z,0.0,R,25.0,R,20.0,R,80.0,Z,0.0,Z,0.0,Z,0.0,Z,0.0,A,,R,8
419095,2010,A,,A,,A,,R,16.0,R,0.0,R,16.0,R,15.0,R,94.0,R,0.0,R,0.0,R,0.0,R,0.0,A,,R,7
419147,2010,A,,A,,A,,R,30.0,R,1.0,R,29.0,R,27.0,R,93.0,R,8.0,R,0.0,R,8.0,R,7.0,R,88.0,R,10
419156,2010,A,,A,,A,,R,9.0,R,0.0,R,9.0,R,5.0,R,56.0,Z,0.0,Z,0.0,Z,0.0,Z,0.0,A,,R,16
419183,2010,A,,A,,A,,R,72.0,R,0.0,R,72.0,R,63.0,R,88.0,R,0.0,R,0.0,R,0.0,R,0.0,A,,R,46
419217,2010,A,,A,,A,,R,7.0,R,0.0,R,7.0,R,6.0,R,86.0,R,0.0,R,0.0,R,0.0,R,0.0,A,,R,10
419226,2010,A,,A,,A,,R,502.0,R,0.0,R,502.0,R,157.0,R,31.0,R,0.0,R,0.0,R,0.0,R,0.0,A,,R,13
419235,2010,A,,A,,A,,R,67.0,R,4.0,R,63.0,R,53.0,R,84.0,R,0.0,R,0.0,R,0.0,R,0.0,A,,R,16
419244,2010,A,,A,,A,,R,79.0,R,1.0,R,78.0,R,29.0,R,37.0,R,9.0,R,0.0,R,9.0,R,5.0,R,56.0,R,12
419253,2010,A,,A,,A,,A,,A,,A,,A,,A,,A,,A,,A,,A,,A,,R,35
419262,2010,A,,A,,A,,R,42.0,R,0.0,R,42.0,R,35.0,R,83.0,R,0.0,R,0.0,R,0.0,R,0.0,A,,R,23
419271,2010,A,,A,,A,,R,4.0,R,0.0,R,4.0,R,4.0,R,100.0,R,9.0,R,0.0,R,9.0,R,6.0,R,67.0,R,10
419280,2010,A,,A,,A,,R,25.0,R,0.0,R,25.0,R,23.0,R,92.0,R,10.0,R,0.0,R,10.0,R,6.0,R,60.0,R,20
419314,2010,A,,A,,A,,R,22.0,R,0.0,R,22.0,R,20.0,R,91.0,R,0.0,R,0.0,R,0.0,R,0.0,A,,R,17
419332,2010,A,,A,,A,,R,4.0,R,0.0,R,4.0,R,4.0,R,100.0,R,8.0,R,0.0,R,8.0,R,8.0,R,100.0,R,5
419341,2010,R,37.0,R,37.0,R,100.0,R,22.0,R,0.0,R,22.0,R,18.0,R,82.0,R,0.0,R,0.0,R,0.0,R,0.0,A,,R,15
419411,2010,A,,A,,A,,R,23.0,R,0.0,R,23.0,R,18.0,R,78.0,R,7.0,R,0.0,R,7.0,R,5.0,R,71.0,R,12
419420,2010,A,,A,,A,,R,47.0,R,1.0,R,46.0,R,44.0,R,96.0,R,40.0,R,2.0,R,38.0,R,27.0,R,71.0,R,11
419439,2010,A,,A,,A,,R,8.0,R,0.0,R,8.0,R,6.0,R,75.0,R,0.0,R,0.0,R,0.0,R,0.0,A,,R,9
419457,2010,R,4.0,R,21.0,R,19.0,R,13.0,R,0.0,R,13.0,R,4.0,R,31.0,R,4.0,R,0.0,R,4.0,R,0.0,R,0.0,R,11
419484,2010,A,,A,,A,,R,25.0,R,0.0,R,25.0,R,21.0,R,84.0,R,0.0,R,0.0,R,0.0,R,0.0,A,,R,11
419509,2010,A,,A,,A,,R,73.0,R,0.0,R,73.0,R,33.0,R,45.0,R,0.0,R,0.0,R,0.0,R,0.0,A,,R,17
419633,2010,A,,A,,A,,R,17.0,R,0.0,R,17.0,R,13.0,R,76.0,R,0.0,R,0.0,R,0.0,R,0.0,A,,R,6
419660,2010,A,,A,,A,,R,207.0,Z,0.0,R,207.0,R,147.0,R,71.0,Z,0.0,Z,0.0,Z,0.0,Z,0.0,A,,R,26
419703,2010,A,,A,,A,,R,393.0,Z,0.0,R,393.0,R,313.0,R,80.0,Z,0.0,Z,0.0,Z,0.0,Z,0.0,A,,R,28
419712,2010,A,,A,,A,,R,152.0,Z,0.0,R,152.0,R,111.0,R,73.0,Z,0.0,Z,0.0,Z,0.0,Z,0.0,A,,R,19
419721,2010,A,,A,,A,,R,197.0,Z,0.0,R,197.0,R,158.0,R,80.0,Z,0.0,Z,0.0,Z,0.0,Z,0.0,A,,R,21
420006,2010,A,,A,,A,,R,2.0,R,1.0,R,1.0,R,1.0,R,100.0,R,1.0,R,0.0,R,1.0,R,1.0,R,100.0,R,26
420024,2010,R,25.0,R,30.0,R,83.0,R,39.0,R,0.0,R,39.0,R,24.0,R,62.0,Z,0.0,Z,0.0,Z,0.0,Z,0.0,A,,R,14
420042,2010,A,,A,,A,,R,25.0,R,0.0,R,25.0,R,14.0,R,56.0,R,0.0,R,0.0,R,0.0,R,0.0,A,,R,12
420103,2010,A,,A,,A,,R,93.0,R,0.0,R,93.0,R,43.0,R,46.0,Z,0.0,Z,0.0,Z,0.0,Z,0.0,A,,R,25
420130,2010,A,,A,,A,,R,135.0,R,0.0,R,135.0,R,76.0,R,56.0,R,15.0,R,0.0,R,15.0,R,8.0,R,53.0,R,16
420194,2010,A,,A,,A,,R,27.0,R,0.0,R,27.0,R,25.0,R,93.0,R,0.0,R,0.0,R,0.0,R,0.0,A,,R,12
420200,2010,A,,A,,A,,R,22.0,R,0.0,R,22.0,R,20.0,R,91.0,R,79.0,R,1.0,R,78.0,R,73.0,R,94.0,R,10
420255,2010,A,,A,,A,,R,63.0,R,0.0,R,63.0,R,53.0,R,84.0,R,0.0,R,0.0,R,0.0,R,0.0,A,,R,19
420307,2010,R,695.0,R,1290.0,R,54.0,R,479.0,R,0.0,R,479.0,R,416.0,R,87.0,R,458.0,R,0.0,R,458.0,R,289.0,R,63.0,R,26
420316,2010,R,68.0,R,85.0,R,80.0,R,2.0,R,0.0,R,2.0,R,1.0,R,50.0,R,2.0,R,0.0,R,2.0,R,0.0,R,0.0,R,12
420325,2010,R,7.0,R,12.0,R,58.0,R,25.0,R,0.0,R,25.0,R,10.0,R,40.0,R,0.0,R,0.0,R,0.0,R,0.0,A,,R,10
420343,2010,A,,A,,A,,R,322.0,R,0.0,R,322.0,R,229.0,R,71.0,R,0.0,R,0.0,R,0.0,R,0.0,A,,R,29
420352,2010,R,4.0,R,17.0,R,24.0,R,4.0,R,0.0,R,4.0,R,3.0,R,75.0,R,2.0,R,0.0,R,2.0,R,2.0,R,100.0,R,4
420370,2010,A,,A,,A,,A,,A,,A,,A,,A,,A,,A,,A,,A,,A,,R,47
420398,2010,R,839.0,R,4393.0,R,19.0,R,764.0,R,0.0,R,764.0,R,524.0,R,69.0,R,1230.0,R,0.0,R,1230.0,R,669.0,R,54.0,R,23
420404,2010,R,116.0,R,152.0,R,76.0,R,130.0,R,4.0,R,126.0,R,75.0,R,60.0,R,16.0,R,0.0,R,16.0,R,1.0,R,6.0,R,27
420431,2010,R,127.0,R,300.0,R,42.0,R,161.0,R,0.0,R,161.0,R,104.0,R,65.0,R,108.0,R,0.0,R,108.0,R,40.0,R,37.0,R,15
420440,2010,R,213.0,R,710.0,R,30.0,R,218.0,R,0.0,R,218.0,R,115.0,R,53.0,R,171.0,R,0.0,R,171.0,R,98.0,R,57.0,R,19
420459,2010,A,,A,,A,,R,65.0,R,0.0,R,65.0,R,21.0,R,32.0,R,42.0,R,0.0,R,42.0,R,2.0,R,5.0,R,7
420468,2010,A,,A,,A,,R,149.0,R,0.0,R,149.0,R,45.0,R,30.0,R,55.0,R,0.0,R,55.0,R,41.0,R,75.0,R,13
420495,2010,A,,A,,A,,R,178.0,Z,0.0,R,178.0,R,127.0,R,71.0,Z,0.0,Z,0.0,Z,0.0,Z,0.0,A,,R,19
420501,2010,A,,A,,A,,R,295.0,R,0.0,R,295.0,R,198.0,R,67.0,R,4.0,R,0.0,R,4.0,R,3.0,R,75.0,R,43
420538,2010,R,278.0,R,574.0,R,48.0,R,220.0,R,0.0,R,220.0,R,136.0,R,62.0,R,74.0,R,0.0,R,74.0,R,16.0,R,22.0,R,21
420556,2010,R,56.0,R,230.0,R,24.0,R,46.0,R,0.0,R,46.0,R,23.0,R,50.0,R,67.0,R,0.0,R,67.0,R,14.0,R,21.0,R,15
420608,2010,A,,A,,A,,R,57.0,R,0.0,R,57.0,R,48.0,R,84.0,R,1.0,R,0.0,R,1.0,R,1.0,R,100.0,R,30
420723,2010,R,28.0,R,114.0,R,25.0,R,36.0,R,0.0,R,36.0,R,22.0,R,61.0,R,61.0,R,0.0,R,61.0,R,28.0,R,46.0,R,12
420866,2010,R,9.0,R,46.0,R,20.0,R,12.0,R,0.0,R,12.0,R,4.0,R,33.0,R,5.0,R,0.0,R,5.0,R,1.0,R,20.0,R,10
420981,2010,A,,A,,A,,R,215.0,R,0.0,R,215.0,R,194.0,R,90.0,R,0.0,R,0.0,R,0.0,R,0.0,A,,R,24
421009,2010,A,,A,,A,,R,76.0,R,0.0,R,76.0,R,30.0,R,39.0,R,0.0,R,0.0,R,0.0,R,0.0,A,,R,19
421018,2010,A,,A,,A,,R,132.0,R,0.0,R,132.0,R,32.0,R,24.0,R,0.0,R,0.0,R,0.0,R,0.0,A,,R,14
421513,2010,R,73.0,R,73.0,R,100.0,R,91.0,Z,0.0,R,91.0,R,36.0,R,40.0,R,0.0,Z,0.0,R,0.0,R,0.0,A,,R,9
421540,2010,A,,A,,A,,R,27.0,R,0.0,R,27.0,R,26.0,R,96.0,R,16.0,R,0.0,R,16.0,R,15.0,R,94.0,R,11
421559,2010,A,,A,,A,,R,28.0,R,0.0,R,28.0,R,27.0,R,96.0,R,7.0,R,0.0,R,7.0,R,6.0,R,86.0,R,11
421586,2010,A,,A,,A,,R,86.0,R,0.0,R,86.0,R,45.0,R,52.0,R,0.0,R,0.0,R,0.0,R,0.0,A,,R,20
421610,2010,A,,A,,A,,R,4.0,R,0.0,R,4.0,R,4.0,R,100.0,R,8.0,R,0.0,R,8.0,R,8.0,R,100.0,R,12
421665,2010,A,,A,,A,,R,2.0,R,0.0,R,2.0,R,2.0,R,100.0,R,8.0,R,0.0,R,8.0,R,7.0,R,88.0,R,7
421708,2010,A,,A,,A,,R,311.0,R,0.0,R,311.0,R,212.0,R,68.0,R,0.0,R,0.0,R,0.0,R,0.0,A,,R,15
421717,2010,A,,A,,A,,R,13.0,R,0.0,R,13.0,R,13.0,R,100.0,R,0.0,R,0.0,R,0.0,R,0.0,A,,R,13
421771,2010,A,,A,,A,,R,36.0,R,0.0,R,36.0,R,23.0,R,64.0,R,0.0,R,0.0,R,0.0,R,0.0,A,,R,25
421832,2010,R,136.0,R,136.0,R,100.0,R,0.0,R,0.0,R,0.0,R,0.0,A,,R,0.0,R,0.0,R,0.0,R,0.0,A,,R,8
421841,2010,A,,A,,A,,R,95.0,R,0.0,R,95.0,R,53.0,R,56.0,R,0.0,R,0.0,R,0.0,R,0.0,A,,R,22
421878,2010,A,,A,,A,,R,71.0,R,0.0,R,71.0,R,60.0,R,85.0,R,30.0,R,0.0,R,30.0,R,24.0,R,80.0,R,15
421896,2010,A,,A,,A,,R,56.0,R,0.0,R,56.0,R,36.0,R,64.0,R,0.0,R,0.0,R,0.0,R,0.0,A,,R,15
422020,2010,A,,A,,A,,R,21.0,R,0.0,R,21.0,R,17.0,R,81.0,R,0.0,Z,0.0,R,0.0,Z,0.0,A,,R,16
422190,2010,A,,A,,A,,R,2.0,R,0.0,R,2.0,R,1.0,R,50.0,R,16.0,Z,0.0,R,16.0,R,14.0,R,88.0,R,18
422695,2010,A,,A,,A,,R,35.0,R,0.0,R,35.0,R,31.0,R,89.0,R,0.0,R,0.0,R,0.0,R,0.0,A,,R,12
422835,2010,A,,A,,A,,R,18.0,R,0.0,R,18.0,R,15.0,R,83.0,R,0.0,R,0.0,R,0.0,R,0.0,A,,R,18
423120,2010,A,,A,,A,,A,,A,,A,,A,,A,,A,,A,,A,,A,,A,,R,45
423397,2010,A,,A,,A,,R,23.0,R,0.0,R,23.0,R,20.0,R,87.0,R,0.0,R,0.0,R,0.0,R,0.0,A,,R,15
423412,2010,A,,A,,A,,R,24.0,R,2.0,R,22.0,R,15.0,R,68.0,Z,0.0,Z,0.0,Z,0.0,Z,0.0,A,,R,7
423476,2010,R,54.0,R,111.0,R,49.0,R,45.0,R,0.0,R,45.0,R,15.0,R,33.0,R,3.0,R,0.0,R,3.0,R,1.0,R,33.0,R,12
423582,2010,A,,A,,A,,R,42.0,R,0.0,R,42.0,R,17.0,R,40.0,R,16.0,R,0.0,R,16.0,R,16.0,R,100.0,R,13
423652,2010,R,50.0,R,376.0,R,13.0,R,41.0,R,0.0,R,41.0,R,12.0,R,29.0,R,94.0,R,17.0,R,77.0,R,16.0,R,21.0,R,14
423670,2010,R,35.0,R,90.0,R,39.0,R,0.0,R,0.0,R,0.0,R,0.0,A,,R,0.0,R,0.0,R,0.0,R,0.0,A,,R,14
423980,2010,A,,A,,A,,R,532.0,R,0.0,R,532.0,R,410.0,R,77.0,R,0.0,R,0.0,R,0.0,R,0.0,A,,R,16
424424,2010,A,,A,,A,,R,114.0,Z,0.0,R,114.0,R,82.0,R,72.0,R,0.0,Z,0.0,R,0.0,R,0.0,A,,R,27
425250,2010,A,,A,,A,,R,13.0,R,0.0,R,13.0,R,7.0,R,54.0,R,10.0,R,0.0,R,10.0,R,8.0,R,80.0,R,12
425393,2010,A,,A,,A,,A,,A,,A,,A,,A,,A,,A,,A,,A,,A,,R,3
425870,2010,A,,A,,A,,A,,A,,A,,A,,A,,A,,A,,A,,A,,A,,R,3
425889,2010,A,,A,,A,,R,156.0,R,0.0,R,156.0,R,96.0,R,62.0,R,0.0,R,0.0,R,0.0,R,0.0,A,,R,43
425986,2010,A,,A,,A,,R,65.0,R,0.0,R,65.0,R,41.0,R,63.0,R,9.0,R,0.0,R,9.0,R,5.0,R,56.0,R,21
426314,2010,R,56.0,R,1411.0,R,4.0,R,81.0,R,0.0,R,81.0,R,60.0,R,74.0,R,378.0,R,0.0,R,378.0,R,120.0,R,32.0,R,9
427025,2010,A,,A,,A,,R,377.0,R,0.0,R,377.0,R,195.0,R,52.0,Z,0.0,Z,0.0,Z,0.0,Z,0.0,A,,R,28
427308,2010,A,,A,,A,,R,119.0,Z,0.0,R,119.0,R,82.0,R,69.0,Z,0.0,Z,0.0,Z,0.0,Z,0.0,A,,R,17
427335,2010,A,,A,,A,,A,,A,,A,,A,,A,,A,,A,,A,,A,,A,,R,4
427663,2010,R,63.0,R,76.0,R,83.0,R,0.0,R,0.0,R,0.0,R,0.0,A,,R,0.0,R,0.0,R,0.0,R,0.0,A,,R,20
427894,2010,A,,A,,A,,R,2.0,R,0.0,R,2.0,R,1.0,R,50.0,R,18.0,R,0.0,R,18.0,R,15.0,R,83.0,R,14
427919,2010,A,,A,,A,,R,53.0,R,0.0,R,53.0,R,27.0,R,51.0,R,18.0,R,0.0,R,18.0,R,9.0,R,50.0,R,14
427973,2010,R,38.0,R,100.0,R,38.0,R,52.0,R,0.0,R,52.0,R,30.0,R,58.0,R,0.0,R,0.0,R,0.0,R,0.0,A,,R,16
427982,2010,R,33.0,R,52.0,R,63.0,R,49.0,R,0.0,R,49.0,R,22.0,R,45.0,R,0.0,Z,0.0,R,0.0,Z,0.0,A,,R,9
427991,2010,A,,A,,A,,R,378.0,R,0.0,R,378.0,R,185.0,R,49.0,R,163.0,R,0.0,R,163.0,R,47.0,R,29.0,R,17
428000,2010,A,,A,,A,,R,0.0,R,0.0,R,0.0,R,0.0,A,,R,0.0,R,0.0,R,0.0,R,0.0,A,,R,15
428019,2010,A,,A,,A,,R,22.0,R,0.0,R,22.0,R,20.0,R,91.0,R,2.0,R,0.0,R,2.0,R,2.0,R,100.0,R,10
428037,2010,A,,A,,A,,A,,A,,A,,A,,A,,A,,A,,A,,A,,A,,R,6
428055,2010,A,,A,,A,,R,61.0,R,0.0,R,61.0,R,46.0,R,75.0,R,0.0,R,0.0,R,0.0,R,0.0,A,,R,28
428073,2010,A,,A,,A,,R,8.0,R,0.0,R,8.0,R,8.0,R,100.0,R,0.0,R,0.0,R,0.0,R,0.0,A,,R,26
428125,2010,A,,A,,A,,R,19.0,R,0.0,R,19.0,R,13.0,R,68.0,R,0.0,R,0.0,R,0.0,R,0.0,A,,R,25
428143,2010,A,,A,,A,,R,46.0,R,1.0,R,45.0,R,32.0,R,71.0,R,0.0,R,0.0,R,0.0,R,0.0,A,,R,25
428170,2010,R,360.0,R,491.0,R,73.0,R,403.0,R,0.0,R,403.0,R,276.0,R,68.0,R,134.0,R,0.0,R,134.0,R,88.0,R,66.0,R,10
428259,2010,A,,A,,A,,R,0.0,R,0.0,R,0.0,R,0.0,A,,R,0.0,R,0.0,R,0.0,R,0.0,A,,R,9
428268,2010,R,1.0,R,21.0,R,5.0,R,11.0,R,0.0,R,11.0,R,1.0,R,9.0,R,0.0,R,0.0,R,0.0,R,0.0,A,,R,8
428286,2010,R,246.0,R,434.0,R,57.0,R,199.0,R,0.0,R,199.0,R,112.0,R,56.0,R,26.0,R,0.0,R,26.0,R,11.0,R,42.0,R,22
428295,2010,A,,A,,A,,A,,A,,A,,A,,A,,A,,A,,A,,A,,A,,R,5
428329,2010,R,43.0,R,44.0,R,98.0,R,38.0,R,0.0,R,38.0,R,22.0,R,58.0,R,2.0,R,0.0,R,2.0,R,1.0,R,50.0,R,15
428392,2010,R,206.0,R,603.0,R,34.0,R,174.0,R,0.0,R,174.0,R,62.0,R,36.0,R,186.0,R,0.0,R,186.0,R,86.0,R,46.0,R,24
428444,2010,R,240.0,R,369.0,R,65.0,R,143.0,R,0.0,R,143.0,R,74.0,R,52.0,R,21.0,R,0.0,R,21.0,R,8.0,R,38.0,R,17
429012,2010,A,,A,,A,,A,,A,,A,,A,,A,,A,,A,,A,,A,,A,,R,3
429100,2010,A,,A,,A,,A,,A,,A,,A,,A,,A,,A,,A,,A,,A,,R,19
429128,2010,R,7.0,R,124.0,R,6.0,R,3.0,R,0.0,R,3.0,R,2.0,R,67.0,R,70.0,R,0.0,R,70.0,R,35.0,R,50.0,R,11
429599,2010,R,98.0,R,129.0,R,76.0,R,0.0,R,0.0,R,0.0,R,0.0,A,,R,0.0,R,0.0,R,0.0,R,0.0,A,,R,23
430050,2010,A,,A,,A,,R,56.0,R,0.0,R,56.0,R,42.0,R,75.0,R,0.0,R,0.0,R,0.0,R,0.0,A,,R,29
430087,2010,R,59.0,R,224.0,R,26.0,R,52.0,Z,0.0,R,52.0,R,42.0,R,81.0,R,28.0,Z,0.0,R,28.0,R,21.0,R,75.0,R,19
430096,2010,A,,A,,A,,R,110.0,R,0.0,R,110.0,R,65.0,R,59.0,R,29.0,R,0.0,R,29.0,R,10.0,R,34.0,R,24
430102,2010,R,1.0,R,23.0,R,4.0,R,4.0,R,0.0,R,4.0,R,3.0,R,75.0,R,1.0,R,0.0,R,1.0,R,1.0,R,100.0,R,12
430148,2010,R,123.0,R,290.0,R,42.0,R,92.0,R,0.0,R,92.0,R,53.0,R,58.0,R,115.0,R,0.0,R,115.0,R,59.0,R,51.0,R,20
430157,2010,R,45.0,R,96.0,R,47.0,R,79.0,R,0.0,R,79.0,R,60.0,R,76.0,R,0.0,R,0.0,R,0.0,R,0.0,A,,R,36
430166,2010,R,40.0,R,89.0,R,45.0,R,62.0,R,0.0,R,62.0,R,50.0,R,81.0,R,0.0,R,0.0,R,0.0,R,0.0,A,,R,27
430175,2010,A,,A,,A,,R,281.0,R,0.0,R,281.0,R,196.0,R,70.0,R,0.0,R,0.0,R,0.0,R,0.0,A,,R,46
430184,2010,R,22.0,R,927.0,R,2.0,R,31.0,R,0.0,R,31.0,R,16.0,R,52.0,R,613.0,R,0.0,R,613.0,R,216.0,R,35.0,R,30
430218,2010,A,,A,,A,,R,31.0,Z,0.0,R,31.0,R,23.0,R,74.0,R,8.0,Z,0.0,R,8.0,R,4.0,R,50.0,R,13
430227,2010,A,,A,,A,,R,45.0,Z,0.0,R,45.0,R,24.0,R,53.0,R,7.0,Z,0.0,R,7.0,R,3.0,R,43.0,R,19
430245,2010,A,,A,,A,,R,135.0,Z,0.0,R,135.0,R,76.0,R,56.0,Z,0.0,Z,0.0,Z,0.0,Z,0.0,A,,R,13
430254,2010,A,,A,,A,,R,20.0,R,0.0,R,20.0,R,3.0,R,15.0,R,19.0,R,0.0,R,19.0,R,2.0,R,11.0,R,25
430263,2010,R,78.0,R,110.0,R,71.0,R,1.0,R,0.0,R,1.0,R,1.0,R,100.0,R,0.0,R,0.0,R,0.0,R,0.0,A,,R,27
430306,2010,A,,A,,A,,R,29.0,R,0.0,R,29.0,R,19.0,R,66.0,R,29.0,Z,0.0,R,29.0,R,1.0,R,3.0,R,3
430342,2010,A,,A,,A,,R,75.0,R,0.0,R,75.0,R,64.0,R,85.0,Z,0.0,Z,0.0,Z,0.0,Z,0.0,A,,R,14
430351,2010,R,82.0,R,107.0,R,77.0,R,91.0,R,1.0,R,90.0,R,47.0,R,52.0,R,5.0,R,0.0,R,5.0,R,0.0,R,0.0,R,21
430360,2010,R,47.0,R,59.0,R,80.0,R,59.0,R,1.0,R,58.0,R,27.0,R,47.0,R,8.0,R,0.0,R,8.0,R,2.0,R,25.0,R,16
430379,2010,R,85.0,R,112.0,R,76.0,R,0.0,R,0.0,R,0.0,R,0.0,A,,R,0.0,R,0.0,R,0.0,R,0.0,A,,R,20
430388,2010,R,37.0,R,67.0,R,55.0,R,0.0,R,0.0,R,0.0,R,0.0,A,,R,0.0,R,0.0,R,0.0,R,0.0,A,,R,17
430403,2010,A,,A,,A,,R,80.0,R,0.0,R,80.0,R,55.0,R,69.0,R,16.0,R,0.0,R,16.0,R,11.0,R,69.0,R,18
430421,2010,A,,A,,A,,R,132.0,R,0.0,R,132.0,R,80.0,R,61.0,R,0.0,R,0.0,R,0.0,R,0.0,A,,R,35
430485,2010,R,35.0,R,45.0,R,78.0,R,0.0,R,0.0,R,0.0,R,0.0,A,,R,0.0,R,0.0,R,0.0,R,0.0,A,,R,35
430500,2010,A,,A,,A,,R,4.0,Z,0.0,R,4.0,R,4.0,R,100.0,R,1.0,Z,0.0,R,1.0,R,1.0,R,100.0,R,1
430564,2010,A,,A,,A,,A,,A,,A,,A,,A,,A,,A,,A,,A,,A,,R,8
430582,2010,A,,A,,A,,A,,A,,A,,A,,A,,A,,A,,A,,A,,A,,R,50
430704,2010,A,,A,,A,,A,,A,,A,,A,,A,,A,,A,,A,,A,,A,,R,15
430795,2010,A,,A,,A,,R,51.0,R,0.0,R,51.0,R,49.0,R,96.0,R,14.0,R,0.0,R,14.0,R,10.0,R,71.0,R,9
430810,2010,R,158.0,R,188.0,R,84.0,R,119.0,R,0.0,R,119.0,R,74.0,R,62.0,R,4.0,R,0.0,R,4.0,R,0.0,R,0.0,R,12
430847,2010,A,,A,,A,,R,9.0,R,1.0,R,8.0,R,4.0,R,50.0,R,0.0,R,0.0,R,0.0,R,0.0,A,,R,17
430883,2010,A,,A,,A,,R,32.0,R,0.0,R,32.0,R,28.0,R,88.0,R,0.0,R,0.0,R,0.0,R,0.0,A,,R,7
430908,2010,A,,A,,A,,R,30.0,R,0.0,R,30.0,R,20.0,R,67.0,R,0.0,R,0.0,R,0.0,R,0.0,A,,R,12
430935,2010,R,150.0,R,426.0,R,35.0,R,138.0,R,0.0,R,138.0,R,94.0,R,68.0,R,11.0,R,0.0,R,11.0,R,4.0,R,36.0,R,36
430971,2010,A,,A,,A,,R,30.0,R,0.0,R,30.0,R,17.0,R,57.0,R,0.0,R,0.0,R,0.0,R,0.0,A,,R,9
430980,2010,A,,A,,A,,R,96.0,R,0.0,R,96.0,R,74.0,R,77.0,R,0.0,R,0.0,R,0.0,R,0.0,A,,R,54
430999,2010,A,,A,,A,,R,54.0,Z,0.0,R,54.0,R,45.0,R,83.0,R,0.0,R,0.0,R,0.0,R,0.0,A,,R,20
431017,2010,A,,A,,A,,R,78.0,R,0.0,R,78.0,R,12.0,R,15.0,R,17.0,R,0.0,R,17.0,R,5.0,R,29.0,R,3
431026,2010,A,,A,,A,,R,295.0,R,8.0,R,287.0,R,230.0,R,80.0,R,92.0,R,4.0,R,88.0,R,68.0,R,77.0,R,16
431071,2010,A,,A,,A,,R,43.0,Z,0.0,R,43.0,R,30.0,R,70.0,R,19.0,Z,0.0,R,19.0,R,8.0,R,42.0,R,14
431099,2010,A,,A,,A,,R,42.0,R,0.0,R,42.0,R,28.0,R,67.0,R,23.0,R,0.0,R,23.0,R,17.0,R,74.0,R,18
431105,2010,A,,A,,A,,R,39.0,R,0.0,R,39.0,R,24.0,R,62.0,R,7.0,R,0.0,R,7.0,R,5.0,R,71.0,R,10
431123,2010,A,,A,,A,,R,224.0,Z,0.0,R,224.0,R,184.0,R,82.0,Z,0.0,Z,0.0,Z,0.0,Z,0.0,A,,R,15
431141,2010,A,,A,,A,,R,1181.0,R,7.0,R,1174.0,R,840.0,R,72.0,R,0.0,R,0.0,R,0.0,R,0.0,A,,R,9
431169,2010,A,,A,,A,,R,120.0,R,0.0,R,120.0,R,88.0,R,73.0,R,0.0,R,0.0,R,0.0,R,0.0,A,,R,9
431187,2010,A,,A,,A,,R,37.0,R,0.0,R,37.0,R,37.0,R,100.0,R,0.0,R,0.0,R,0.0,R,0.0,A,,R,3
431196,2010,A,,A,,A,,R,30.0,R,0.0,R,30.0,R,25.0,R,83.0,R,0.0,R,0.0,R,0.0,R,0.0,A,,R,30
431202,2010,A,,A,,A,,Z,0.0,Z,0.0,Z,0.0,Z,0.0,A,,R,7.0,Z,0.0,R,7.0,R,5.0,R,71.0,R,12
431248,2010,A,,A,,A,,A,,A,,A,,A,,A,,A,,A,,A,,A,,A,,R,6
431266,2010,A,,A,,A,,Z,0.0,Z,0.0,Z,0.0,Z,0.0,A,,R,33.0,Z,0.0,R,33.0,R,2.0,R,6.0,R,8
431275,2010,A,,A,,A,,R,38.0,Z,0.0,R,38.0,R,30.0,R,79.0,R,73.0,Z,0.0,R,73.0,R,62.0,R,85.0,R,16
431284,2010,A,,A,,A,,R,22.0,R,0.0,R,22.0,R,21.0,R,95.0,R,23.0,R,0.0,R,23.0,R,20.0,R,87.0,R,25
431309,2010,A,,A,,A,,R,393.0,R,5.0,R,388.0,R,318.0,R,82.0,Z,0.0,Z,0.0,Z,0.0,Z,0.0,A,,R,19
431558,2010,A,,A,,A,,R,145.0,Z,0.0,R,145.0,R,104.0,R,72.0,Z,0.0,Z,0.0,Z,0.0,Z,0.0,A,,R,18
431600,2010,A,,A,,A,,R,14.0,R,0.0,R,14.0,R,9.0,R,64.0,R,0.0,R,0.0,R,0.0,R,0.0,A,,R,50
431637,2010,A,,A,,A,,R,107.0,R,0.0,R,107.0,R,54.0,R,50.0,R,78.0,R,0.0,R,78.0,R,38.0,R,49.0,R,17
431691,2010,A,,A,,A,,R,26.0,R,0.0,R,26.0,R,25.0,R,96.0,R,0.0,Z,0.0,R,0.0,R,0.0,A,,R,10
431707,2010,A,,A,,A,,R,29.0,R,0.0,R,29.0,R,29.0,R,100.0,R,0.0,R,0.0,R,0.0,R,0.0,A,,A,.
431716,2010,A,,A,,A,,R,153.0,R,0.0,R,153.0,R,113.0,R,74.0,R,0.0,R,0.0,R,0.0,R,0.0,A,,R,3
431770,2010,A,,A,,A,,R,22.0,R,0.0,R,22.0,R,21.0,R,95.0,R,15.0,R,0.0,R,15.0,R,13.0,R,87.0,R,8
431877,2010,A,,A,,A,,R,0.0,R,0.0,R,0.0,R,0.0,A,,R,27.0,R,0.0,R,27.0,R,27.0,R,100.0,R,13
431886,2010,A,,A,,A,,R,291.0,Z,0.0,R,291.0,R,202.0,R,69.0,R,0.0,Z,0.0,R,0.0,R,0.0,A,,R,19
431929,2010,A,,A,,A,,R,53.0,R,0.0,R,53.0,R,30.0,R,57.0,R,6.0,R,0.0,R,6.0,R,4.0,R,67.0,R,14
431956,2010,A,,A,,A,,R,10.0,R,0.0,R,10.0,R,9.0,R,90.0,R,0.0,R,0.0,R,0.0,R,0.0,A,,R,15
431965,2010,A,,A,,A,,R,36.0,R,0.0,R,36.0,R,33.0,R,92.0,R,0.0,R,0.0,R,0.0,R,0.0,A,,R,20
431983,2010,R,15.0,R,15.0,R,100.0,R,39.0,R,0.0,R,39.0,R,34.0,R,87.0,R,0.0,R,0.0,R,0.0,R,0.0,A,,R,20
432074,2010,A,,A,,A,,R,37.0,R,0.0,R,37.0,R,30.0,R,81.0,R,9.0,R,0.0,R,9.0,R,7.0,R,78.0,R,10
432117,2010,A,,A,,A,,R,56.0,R,0.0,R,56.0,R,42.0,R,75.0,R,16.0,R,1.0,R,15.0,R,10.0,R,67.0,R,20
432199,2010,R,313.0,R,941.0,R,33.0,R,195.0,R,0.0,R,195.0,R,105.0,R,54.0,R,35.0,R,0.0,R,35.0,R,17.0,R,49.0,R,41
432214,2010,R,59.0,R,327.0,R,18.0,R,38.0,R,0.0,R,38.0,R,18.0,R,47.0,R,22.0,R,0.0,R,22.0,R,8.0,R,36.0,R,76
432223,2010,A,,A,,A,,R,27.0,R,0.0,R,27.0,R,15.0,R,56.0,R,0.0,R,0.0,R,0.0,R,0.0,A,,R,15
432232,2010,A,,A,,A,,R,72.0,R,0.0,R,72.0,R,32.0,R,44.0,R,0.0,R,0.0,R,0.0,R,0.0,A,,R,18
432241,2010,A,,A,,A,,R,34.0,R,0.0,R,34.0,R,18.0,R,53.0,R,0.0,R,0.0,R,0.0,R,0.0,A,,R,13
432269,2010,A,,A,,A,,R,37.0,R,0.0,R,37.0,R,33.0,R,89.0,Z,0.0,Z,0.0,Z,0.0,Z,0.0,A,,R,14
432302,2010,A,,A,,A,,R,288.0,Z,0.0,R,288.0,R,215.0,R,75.0,R,0.0,Z,0.0,R,0.0,R,0.0,A,,R,31
432384,2010,A,,A,,A,,R,41.0,Z,0.0,R,41.0,R,38.0,R,93.0,R,0.0,Z,0.0,R,0.0,R,0.0,A,,R,10
432524,2010,R,109.0,R,120.0,R,91.0,R,119.0,R,1.0,R,118.0,R,82.0,R,69.0,R,1.0,R,0.0,R,1.0,R,0.0,R,0.0,R,13
432533,2010,R,340.0,R,655.0,R,52.0,R,167.0,R,0.0,R,167.0,R,112.0,R,67.0,R,15.0,R,0.0,R,15.0,R,7.0,R,47.0,R,20
433004,2010,A,,A,,A,,R,43.0,R,0.0,R,43.0,R,39.0,R,91.0,R,47.0,R,0.0,R,47.0,R,42.0,R,89.0,R,20
433013,2010,A,,A,,A,,R,168.0,R,0.0,R,168.0,R,130.0,R,77.0,R,1.0,R,0.0,R,1.0,R,1.0,R,100.0,R,28
433040,2010,A,,A,,A,,R,26.0,R,0.0,R,26.0,R,24.0,R,92.0,R,0.0,R,0.0,R,0.0,R,0.0,A,,R,6
433068,2010,A,,A,,A,,R,74.0,R,0.0,R,74.0,R,45.0,R,61.0,R,76.0,R,0.0,R,76.0,R,53.0,R,70.0,R,12
433101,2010,A,,A,,A,,R,402.0,R,0.0,R,402.0,R,296.0,R,74.0,R,0.0,R,0.0,R,0.0,R,0.0,A,,R,38
433138,2010,A,,A,,A,,R,159.0,R,0.0,R,159.0,R,131.0,R,82.0,R,83.0,R,0.0,R,83.0,R,74.0,R,89.0,R,7
433165,2010,A,,A,,A,,A,,A,,A,,A,,A,,A,,A,,A,,A,,A,,R,4
433174,2010,A,,A,,A,,R,6.0,Z,0.0,R,6.0,R,4.0,R,67.0,R,5.0,Z,0.0,R,5.0,R,3.0,R,60.0,R,7
433387,2010,A,,A,,A,,R,3925.0,R,0.0,R,3925.0,R,2996.0,R,76.0,R,0.0,R,0.0,R,0.0,R,0.0,A,,R,30
433420,2010,A,,A,,A,,R,62.0,Z,0.0,R,62.0,R,36.0,R,58.0,Z,0.0,Z,0.0,Z,0.0,Z,0.0,A,,R,22
433466,2010,A,,A,,A,,R,694.0,R,0.0,R,694.0,R,507.0,R,73.0,R,72.0,R,0.0,R,72.0,R,39.0,R,54.0,R,58
433536,2010,R,32.0,R,161.0,R,20.0,R,4.0,R,0.0,R,4.0,R,3.0,R,75.0,R,0.0,R,0.0,R,0.0,Z,0.0,A,,R,14
433563,2010,R,267.0,R,294.0,R,91.0,R,244.0,R,0.0,R,244.0,R,190.0,R,78.0,R,5.0,Z,0.0,R,5.0,R,4.0,R,80.0,R,11
433660,2010,R,2203.0,R,3446.0,R,64.0,R,1967.0,Z,0.0,R,1967.0,R,1465.0,R,74.0,R,18.0,Z,0.0,R,18.0,R,10.0,R,56.0,R,22
433970,2010,A,,A,,A,,R,40.0,R,0.0,R,40.0,R,28.0,R,70.0,R,10.0,R,0.0,R,10.0,R,6.0,R,60.0,R,28
434016,2010,R,27.0,R,55.0,R,49.0,R,15.0,R,0.0,R,15.0,R,7.0,R,47.0,R,8.0,R,0.0,R,8.0,R,1.0,R,13.0,R,11
434034,2010,A,,A,,A,,A,,A,,A,,A,,A,,A,,A,,A,,A,,A,,R,9
434052,2010,R,75.0,R,98.0,R,77.0,R,0.0,R,0.0,R,0.0,R,0.0,A,,R,1.0,R,0.0,R,1.0,R,0.0,R,0.0,R,24
434061,2010,R,504.0,R,2270.0,R,22.0,R,313.0,R,0.0,R,313.0,R,167.0,R,53.0,R,238.0,R,0.0,R,238.0,R,106.0,R,45.0,R,30
434122,2010,A,,A,,A,,R,2.0,Z,0.0,R,2.0,R,2.0,R,100.0,Z,0.0,Z,0.0,Z,0.0,Z,0.0,A,,R,4
434140,2010,A,,A,,A,,R,275.0,R,0.0,R,275.0,R,190.0,R,69.0,R,0.0,R,0.0,R,0.0,R,0.0,A,,R,25
434159,2010,A,,A,,A,,R,162.0,R,0.0,R,162.0,R,110.0,R,68.0,R,0.0,R,0.0,R,0.0,R,0.0,A,,R,39
434274,2010,A,,A,,A,,A,,A,,A,,A,,A,,A,,A,,A,,A,,A,,R,9
434283,2010,A,,A,,A,,A,,A,,A,,A,,A,,A,,A,,A,,A,,A,,R,8
434308,2010,A,,A,,A,,A,,A,,A,,A,,A,,A,,A,,A,,A,,A,,R,38
434317,2010,A,,A,,A,,R,369.0,R,0.0,R,369.0,R,319.0,R,86.0,R,0.0,R,0.0,R,0.0,R,0.0,A,,R,20
434326,2010,A,,A,,A,,R,6.0,R,0.0,R,6.0,R,5.0,R,83.0,R,26.0,R,0.0,R,26.0,R,20.0,R,77.0,R,3
434344,2010,A,,A,,A,,R,10.0,R,0.0,R,10.0,R,2.0,R,20.0,R,4.0,R,0.0,R,4.0,R,1.0,R,25.0,R,11
434362,2010,A,,A,,A,,R,38.0,R,1.0,R,37.0,R,30.0,R,81.0,R,0.0,R,0.0,R,0.0,R,0.0,A,,R,17
434380,2010,A,,A,,A,,R,14.0,R,0.0,R,14.0,R,3.0,R,21.0,Z,0.0,Z,0.0,Z,0.0,Z,0.0,A,,R,12
434414,2010,R,11.0,R,555.0,R,2.0,R,22.0,R,0.0,R,22.0,R,8.0,R,36.0,R,14.0,R,0.0,R,14.0,R,5.0,R,36.0,R,27
434432,2010,R,38.0,R,38.0,R,100.0,R,23.0,Z,0.0,R,23.0,R,22.0,R,96.0,R,1.0,R,0.0,R,1.0,R,1.0,R,100.0,R,20
434469,2010,A,,A,,A,,A,,A,,A,,A,,A,,A,,A,,A,,A,,A,,R,22
434496,2010,A,,A,,A,,R,43.0,R,0.0,R,43.0,R,29.0,R,67.0,R,0.0,R,0.0,R,0.0,R,0.0,A,,R,14
434502,2010,A,,A,,A,,R,46.0,R,0.0,R,46.0,R,34.0,R,74.0,R,0.0,R,0.0,R,0.0,R,0.0,A,,R,10
434520,2010,A,,A,,A,,R,126.0,R,0.0,R,126.0,R,77.0,R,61.0,R,54.0,R,0.0,R,54.0,R,29.0,R,54.0,R,23
434539,2010,R,24.0,R,30.0,R,80.0,R,0.0,R,0.0,R,0.0,R,0.0,A,,R,0.0,R,0.0,R,0.0,R,0.0,A,,R,13
434548,2010,R,75.0,R,101.0,R,74.0,R,0.0,R,0.0,R,0.0,R,0.0,A,,R,0.0,R,0.0,R,0.0,R,0.0,A,,R,20
434557,2010,R,44.0,R,69.0,R,64.0,R,15.0,R,0.0,R,15.0,R,9.0,R,60.0,R,4.0,R,0.0,R,4.0,R,3.0,R,75.0,R,23
434566,2010,R,75.0,R,92.0,R,82.0,R,94.0,R,4.0,R,90.0,R,54.0,R,60.0,R,9.0,R,1.0,R,8.0,R,2.0,R,25.0,R,23
434575,2010,R,48.0,R,58.0,R,83.0,R,67.0,R,1.0,R,66.0,R,47.0,R,71.0,R,4.0,R,0.0,R,4.0,R,2.0,R,50.0,R,27
434584,2010,R,12.0,R,86.0,R,14.0,R,12.0,R,0.0,R,12.0,R,5.0,R,42.0,R,5.0,R,0.0,R,5.0,R,1.0,R,20.0,R,6
434672,2010,R,2540.0,R,7895.0,R,32.0,R,2666.0,R,0.0,R,2666.0,R,1544.0,R,58.0,R,1726.0,R,0.0,R,1726.0,R,772.0,R,45.0,R,21
434690,2010,R,91.0,R,124.0,R,73.0,R,114.0,R,0.0,R,114.0,R,90.0,R,79.0,R,0.0,R,0.0,R,0.0,R,0.0,A,,R,28
434751,2010,R,27.0,R,44.0,R,61.0,R,33.0,R,0.0,R,33.0,R,10.0,R,30.0,R,1.0,R,0.0,R,1.0,R,0.0,R,0.0,R,11
434812,2010,A,,A,,A,,A,,A,,A,,A,,A,,A,,A,,A,,A,,A,,R,10
434821,2010,R,364.0,R,561.0,R,65.0,R,129.0,R,0.0,R,129.0,R,100.0,R,78.0,R,164.0,R,0.0,R,164.0,R,67.0,R,41.0,R,13
434830,2010,A,,A,,A,,R,30.0,R,0.0,R,30.0,R,24.0,R,80.0,R,19.0,R,0.0,R,19.0,R,12.0,R,63.0,R,25
434900,2010,A,,A,,A,,R,519.0,R,2.0,R,517.0,R,440.0,R,85.0,R,0.0,R,0.0,R,0.0,Z,0.0,A,,R,22
434937,2010,A,,A,,A,,Z,0.0,Z,0.0,Z,0.0,Z,0.0,A,,Z,0.0,Z,0.0,Z,0.0,Z,0.0,A,,R,9
434946,2010,A,,A,,A,,R,82.0,R,0.0,R,82.0,R,37.0,R,45.0,R,0.0,R,0.0,R,0.0,R,0.0,A,,R,18
434955,2010,A,,A,,A,,R,37.0,R,0.0,R,37.0,R,17.0,R,46.0,R,0.0,R,0.0,R,0.0,R,0.0,A,,R,17
434964,2010,A,,A,,A,,R,36.0,R,0.0,R,36.0,R,17.0,R,47.0,R,0.0,R,0.0,R,0.0,R,0.0,A,,R,12
434973,2010,A,,A,,A,,R,29.0,R,0.0,R,29.0,R,11.0,R,38.0,R,0.0,R,0.0,R,0.0,R,0.0,A,,R,12
434982,2010,A,,A,,A,,R,60.0,R,0.0,R,60.0,R,17.0,R,28.0,R,0.0,R,0.0,R,0.0,R,0.0,A,,R,13
434991,2010,A,,A,,A,,R,43.0,R,0.0,R,43.0,R,16.0,R,37.0,R,0.0,R,0.0,R,0.0,R,0.0,A,,R,11
435000,2010,A,,A,,A,,A,,A,,A,,A,,A,,A,,A,,A,,A,,A,,R,5
436003,2010,A,,A,,A,,A,,A,,A,,A,,A,,A,,A,,A,,A,,A,,R,14
436012,2010,A,,A,,A,,R,205.0,Z,0.0,R,205.0,R,137.0,R,67.0,R,0.0,R,0.0,R,0.0,R,0.0,A,,R,20
436067,2010,A,,A,,A,,R,18.0,R,0.0,R,18.0,R,17.0,R,94.0,R,0.0,R,0.0,R,0.0,R,0.0,A,,R,11
436094,2010,R,9.0,R,44.0,R,20.0,R,8.0,R,0.0,R,8.0,R,1.0,R,13.0,R,0.0,R,0.0,R,0.0,R,0.0,A,,R,12
436100,2010,A,,A,,A,,R,35.0,R,0.0,R,35.0,R,15.0,R,43.0,R,0.0,R,0.0,R,0.0,R,0.0,A,,R,20
436182,2010,A,,A,,A,,R,47.0,R,0.0,R,47.0,R,29.0,R,62.0,R,0.0,R,0.0,R,0.0,R,0.0,A,,R,29
436191,2010,A,,A,,A,,R,243.0,R,0.0,R,243.0,R,148.0,R,61.0,R,0.0,R,0.0,R,0.0,R,0.0,A,,R,28
436225,2010,A,,A,,A,,R,219.0,R,0.0,R,219.0,R,154.0,R,70.0,R,0.0,R,0.0,R,0.0,R,0.0,A,,R,25
436270,2010,A,,A,,A,,A,,A,,A,,A,,A,,A,,A,,A,,A,,A,,R,25
436289,2010,A,,A,,A,,R,23.0,R,0.0,R,23.0,R,17.0,R,74.0,R,0.0,R,0.0,R,0.0,R,0.0,A,,R,25
436304,2010,R,360.0,R,1410.0,R,26.0,R,232.0,R,0.0,R,232.0,R,101.0,R,44.0,R,112.0,R,0.0,R,112.0,R,37.0,R,33.0,R,36
436429,2010,A,,A,,A,,R,202.0,R,0.0,R,202.0,R,159.0,R,79.0,R,0.0,R,0.0,R,0.0,R,0.0,A,,R,13
436438,2010,A,,A,,A,,R,16.0,R,0.0,R,16.0,R,7.0,R,44.0,R,26.0,R,0.0,R,26.0,R,10.0,R,38.0,R,10
436465,2010,A,,A,,A,,R,425.0,R,4.0,R,421.0,R,314.0,R,75.0,R,0.0,R,0.0,R,0.0,R,0.0,A,,R,19
436483,2010,R,3.0,R,162.0,R,2.0,R,9.0,R,0.0,R,9.0,R,6.0,R,67.0,R,83.0,R,0.0,R,83.0,R,31.0,R,37.0,R,10
436526,2010,A,,A,,A,,R,62.0,R,0.0,R,62.0,R,57.0,R,92.0,R,0.0,R,0.0,R,0.0,R,0.0,A,,R,25
436553,2010,A,,A,,A,,R,10.0,R,0.0,R,10.0,R,8.0,R,80.0,R,0.0,R,0.0,R,0.0,R,0.0,A,,R,20
436562,2010,A,,A,,A,,A,,A,,A,,A,,A,,A,,A,,A,,A,,A,,R,15
436599,2010,A,,A,,A,,R,0.0,R,0.0,R,0.0,R,0.0,A,,R,21.0,R,0.0,R,21.0,R,15.0,R,71.0,R,4
436614,2010,R,14.0,R,24.0,R,58.0,R,12.0,R,0.0,R,12.0,R,8.0,R,67.0,R,0.0,R,0.0,R,0.0,R,0.0,A,,R,7
436632,2010,A,,A,,A,,R,44.0,Z,0.0,R,44.0,R,40.0,R,91.0,R,24.0,Z,0.0,R,24.0,R,21.0,R,88.0,R,15
436641,2010,A,,A,,A,,R,48.0,R,0.0,R,48.0,R,20.0,R,42.0,R,33.0,R,0.0,R,33.0,R,2.0,R,6.0,R,25
436650,2010,A,,A,,A,,A,,A,,A,,A,,A,,A,,A,,A,,A,,A,,R,16
436702,2010,A,,A,,A,,R,124.0,R,0.0,R,124.0,R,117.0,R,94.0,R,376.0,R,0.0,R,376.0,R,310.0,R,82.0,R,14
436775,2010,A,,A,,A,,R,158.0,R,0.0,R,158.0,R,127.0,R,80.0,R,0.0,R,0.0,R,0.0,R,0.0,A,,R,13
436784,2010,R,460.0,R,460.0,R,100.0,R,410.0,R,3.0,R,407.0,R,292.0,R,72.0,R,0.0,R,0.0,R,0.0,R,0.0,A,,R,15
436818,2010,R,710.0,R,951.0,R,75.0,R,686.0,R,1.0,R,685.0,R,576.0,R,84.0,R,13.0,Z,0.0,R,13.0,R,4.0,R,31.0,R,19
436827,2010,R,259.0,R,342.0,R,76.0,R,222.0,Z,0.0,R,222.0,R,171.0,R,77.0,R,3.0,Z,0.0,R,3.0,R,3.0,R,100.0,R,15
436836,2010,R,246.0,R,483.0,R,51.0,R,209.0,Z,0.0,R,209.0,R,169.0,R,81.0,R,8.0,Z,0.0,R,8.0,R,2.0,R,25.0,R,16
436854,2010,A,,A,,A,,R,45.0,R,0.0,R,45.0,R,40.0,R,89.0,R,8.0,R,0.0,R,8.0,R,8.0,R,100.0,R,12
437042,2010,R,129.0,R,158.0,R,82.0,R,0.0,R,0.0,R,0.0,R,0.0,A,,R,1.0,R,1.0,R,0.0,R,0.0,A,,R,30
437051,2010,R,139.0,R,179.0,R,78.0,R,1.0,R,0.0,R,1.0,R,1.0,R,100.0,R,0.0,R,0.0,R,0.0,R,0.0,A,,R,32
437060,2010,A,,A,,A,,R,150.0,R,0.0,R,150.0,R,81.0,R,54.0,R,0.0,R,0.0,R,0.0,R,0.0,A,,R,22
437103,2010,R,1341.0,R,2826.0,R,47.0,R,1241.0,Z,0.0,R,1241.0,R,614.0,R,49.0,R,482.0,Z,0.0,R,482.0,R,179.0,R,37.0,R,30
437219,2010,R,88.0,R,102.0,R,86.0,R,7.0,R,0.0,R,7.0,R,2.0,R,29.0,R,2.0,R,0.0,R,2.0,R,1.0,R,50.0,R,22
437237,2010,A,,A,,A,,R,32.0,R,0.0,R,32.0,R,31.0,R,97.0,R,0.0,R,0.0,R,0.0,R,0.0,A,,R,10
437316,2010,A,,A,,A,,A,,A,,A,,A,,A,,A,,A,,A,,A,,A,,R,9
437325,2010,A,,A,,A,,A,,A,,A,,A,,A,,A,,A,,A,,A,,A,,R,15
437501,2010,A,,A,,A,,R,85.0,R,0.0,R,85.0,R,63.0,R,74.0,R,0.0,R,0.0,R,0.0,R,0.0,A,,R,32
437529,2010,A,,A,,A,,R,221.0,R,0.0,R,221.0,R,148.0,R,67.0,R,167.0,R,0.0,R,167.0,R,76.0,R,46.0,R,16
437556,2010,A,,A,,A,,A,,A,,A,,A,,A,,A,,A,,A,,A,,A,,R,30
437565,2010,A,,A,,A,,R,76.0,R,0.0,R,76.0,R,37.0,R,49.0,R,0.0,R,0.0,R,0.0,R,0.0,A,,R,14
437583,2010,A,,A,,A,,R,106.0,R,0.0,R,106.0,R,2.0,R,2.0,R,0.0,R,0.0,R,0.0,R,0.0,A,,R,16
437608,2010,A,,A,,A,,R,55.0,R,0.0,R,55.0,R,22.0,R,40.0,R,0.0,R,0.0,R,0.0,R,0.0,A,,R,20
437635,2010,A,,A,,A,,R,211.0,R,0.0,R,211.0,R,183.0,R,87.0,Z,0.0,Z,0.0,Z,0.0,Z,0.0,A,,R,21
437653,2010,A,,A,,A,,A,,A,,A,,A,,A,,A,,A,,A,,A,,A,,R,16
437662,2010,A,,A,,A,,R,884.0,R,0.0,R,884.0,R,655.0,R,74.0,R,13.0,R,0.0,R,13.0,R,12.0,R,92.0,R,43
437705,2010,A,,A,,A,,A,,A,,A,,A,,A,,A,,A,,A,,A,,A,,R,4
437723,2010,A,,A,,A,,R,121.0,R,0.0,R,121.0,R,99.0,R,82.0,R,0.0,R,0.0,R,0.0,R,0.0,A,,R,26
437732,2010,A,,A,,A,,R,60.0,R,0.0,R,60.0,R,40.0,R,67.0,R,0.0,R,0.0,R,0.0,R,0.0,A,,R,23
437750,2010,R,158.0,R,158.0,R,100.0,R,236.0,R,0.0,R,236.0,R,154.0,R,65.0,R,0.0,R,0.0,R,0.0,R,0.0,A,,R,21
437769,2010,A,,A,,A,,R,342.0,Z,0.0,R,342.0,R,295.0,R,86.0,Z,0.0,Z,0.0,Z,0.0,Z,0.0,A,,R,22
437778,2010,A,,A,,A,,R,71.0,Z,0.0,R,71.0,R,46.0,R,65.0,Z,0.0,Z,0.0,Z,0.0,Z,0.0,A,,R,19
437848,2010,R,229.0,R,288.0,R,80.0,R,265.0,R,5.0,R,260.0,R,118.0,R,45.0,R,4.0,R,0.0,R,4.0,R,1.0,R,25.0,R,22
437857,2010,A,,A,,A,,R,58.0,R,0.0,R,58.0,R,49.0,R,84.0,R,10.0,R,0.0,R,10.0,R,6.0,R,60.0,R,15
437884,2010,A,,A,,A,,R,48.0,R,0.0,R,48.0,R,32.0,R,67.0,R,0.0,R,0.0,R,0.0,R,0.0,A,,R,12
437927,2010,A,,A,,A,,R,121.0,R,0.0,R,121.0,R,76.0,R,63.0,R,0.0,R,0.0,R,0.0,R,0.0,A,,R,27
437936,2010,A,,A,,A,,R,201.0,R,0.0,R,201.0,R,123.0,R,61.0,Z,0.0,Z,0.0,Z,0.0,Z,0.0,A,,R,27
438036,2010,A,,A,,A,,R,17.0,R,0.0,R,17.0,R,10.0,R,59.0,R,0.0,R,0.0,R,0.0,R,0.0,A,,R,19
438151,2010,A,,A,,A,,R,47.0,R,0.0,R,47.0,R,21.0,R,45.0,R,0.0,R,0.0,R,0.0,R,0.0,A,,R,25
438179,2010,A,,A,,A,,R,257.0,Z,0.0,R,257.0,R,160.0,R,62.0,Z,0.0,Z,0.0,Z,0.0,Z,0.0,A,,R,40
438197,2010,A,,A,,A,,R,345.0,R,0.0,R,345.0,R,232.0,R,67.0,R,0.0,R,0.0,R,0.0,R,0.0,A,,R,50
438212,2010,R,446.0,R,744.0,R,60.0,R,168.0,R,0.0,R,168.0,R,91.0,R,54.0,R,127.0,R,0.0,R,127.0,R,49.0,R,39.0,R,20
438258,2010,A,,A,,A,,R,113.0,R,0.0,R,113.0,R,77.0,R,68.0,Z,0.0,Z,0.0,Z,0.0,Z,0.0,A,,R,36
438267,2010,A,,A,,A,,R,52.0,R,0.0,R,52.0,R,42.0,R,81.0,R,0.0,R,0.0,R,0.0,R,0.0,A,,R,18
438285,2010,A,,A,,A,,R,144.0,Z,0.0,R,144.0,R,103.0,R,72.0,R,0.0,R,0.0,R,0.0,R,0.0,A,,R,25
438294,2010,A,,A,,A,,R,78.0,Z,0.0,R,78.0,R,43.0,R,55.0,Z,0.0,Z,0.0,Z,0.0,Z,0.0,A,,R,25
438337,2010,A,,A,,A,,R,128.0,R,0.0,R,128.0,R,90.0,R,70.0,R,50.0,R,0.0,R,50.0,R,28.0,R,56.0,R,21
438382,2010,A,,A,,A,,R,11.0,R,0.0,R,11.0,R,4.0,R,36.0,R,0.0,R,0.0,R,0.0,R,0.0,A,,R,18
438416,2010,A,,A,,A,,R,58.0,R,0.0,R,58.0,R,15.0,R,26.0,R,0.0,R,0.0,R,0.0,R,0.0,A,,R,10
438498,2010,R,33.0,R,324.0,R,10.0,R,48.0,R,0.0,R,48.0,R,25.0,R,52.0,R,336.0,R,0.0,R,336.0,R,159.0,R,47.0,R,13
438504,2010,A,,A,,A,,R,1087.0,R,4.0,R,1083.0,R,769.0,R,71.0,R,0.0,R,0.0,R,0.0,R,0.0,A,,R,22
438586,2010,R,191.0,R,668.0,R,29.0,R,21.0,Z,0.0,R,21.0,R,3.0,R,14.0,R,54.0,Z,0.0,R,54.0,R,7.0,R,13.0,R,36
438601,2010,R,77.0,R,197.0,R,39.0,R,4.0,Z,0.0,R,4.0,R,0.0,R,0.0,R,2.0,Z,0.0,R,2.0,R,0.0,R,0.0,R,25
438610,2010,A,,A,,A,,R,68.0,R,0.0,R,68.0,R,26.0,R,38.0,R,0.0,R,0.0,R,0.0,R,0.0,A,,R,12
438629,2010,A,,A,,A,,R,10.0,R,0.0,R,10.0,R,1.0,R,10.0,R,0.0,R,0.0,R,0.0,R,0.0,A,,R,4
438638,2010,A,,A,,A,,R,300.0,R,0.0,R,300.0,R,214.0,R,71.0,R,0.0,R,0.0,R,0.0,R,0.0,A,,R,62
438647,2010,A,,A,,A,,R,146.0,R,0.0,R,146.0,R,84.0,R,58.0,R,20.0,R,0.0,R,20.0,R,7.0,R,35.0,R,50
438656,2010,A,,A,,A,,R,353.0,R,0.0,R,353.0,R,225.0,R,64.0,R,0.0,R,0.0,R,0.0,R,0.0,A,,R,45
438674,2010,A,,A,,A,,R,27.0,R,0.0,R,27.0,R,18.0,R,67.0,R,19.0,R,0.0,R,19.0,R,15.0,R,79.0,R,20
438708,2010,R,73.0,R,154.0,R,47.0,R,69.0,Z,0.0,R,69.0,R,32.0,R,46.0,R,29.0,Z,0.0,R,29.0,R,12.0,R,41.0,R,20
438735,2010,A,,A,,A,,R,41.0,R,0.0,R,41.0,R,17.0,R,41.0,Z,0.0,Z,0.0,Z,0.0,Z,0.0,A,,R,11
438805,2010,A,,A,,A,,R,266.0,R,0.0,R,266.0,R,156.0,R,59.0,R,78.0,R,0.0,R,78.0,R,39.0,R,50.0,R,27
438869,2010,A,,A,,A,,R,183.0,R,1.0,R,182.0,R,132.0,R,73.0,Z,0.0,Z,0.0,Z,0.0,Z,0.0,A,,R,21
438887,2010,A,,A,,A,,A,,A,,A,,A,,A,,A,,A,,A,,A,,A,,R,26
438902,2010,A,,A,,A,,R,2.0,R,0.0,R,2.0,R,2.0,R,100.0,R,1.0,R,0.0,R,1.0,R,1.0,R,100.0,R,27
438966,2010,R,57.0,R,360.0,R,16.0,R,4.0,R,0.0,R,4.0,R,0.0,R,0.0,R,1.0,R,0.0,R,1.0,R,1.0,R,100.0,R,15
438984,2010,A,,A,,A,,R,99.0,R,0.0,R,99.0,R,76.0,R,77.0,R,4.0,Z,0.0,R,4.0,Z,0.0,R,0.0,R,25
439039,2010,A,,A,,A,,R,221.0,R,0.0,R,221.0,R,155.0,R,70.0,R,0.0,R,0.0,R,0.0,R,0.0,A,,R,20
439057,2010,R,5.0,R,34.0,R,15.0,R,2.0,R,0.0,R,2.0,R,1.0,R,50.0,R,2.0,R,0.0,R,2.0,R,0.0,R,0.0,R,9
439118,2010,A,,A,,A,,R,223.0,R,0.0,R,223.0,R,150.0,R,67.0,Z,0.0,Z,0.0,Z,0.0,Z,0.0,A,,R,41
439127,2010,A,,A,,A,,R,159.0,Z,0.0,R,159.0,R,86.0,R,54.0,R,0.0,Z,0.0,R,0.0,R,0.0,A,,R,69
439136,2010,R,69.0,R,84.0,R,82.0,R,1.0,R,0.0,R,1.0,R,1.0,R,100.0,R,0.0,R,0.0,R,0.0,R,0.0,A,,R,19
439145,2010,R,204.0,R,1576.0,R,13.0,R,266.0,Z,0.0,R,266.0,R,134.0,R,50.0,R,191.0,Z,0.0,R,191.0,R,83.0,R,43.0,R,21
439163,2010,R,286.0,R,1993.0,R,14.0,R,289.0,R,0.0,R,289.0,R,159.0,R,55.0,R,151.0,R,1.0,R,150.0,R,67.0,R,45.0,R,25
439190,2010,R,276.0,R,1479.0,R,19.0,R,283.0,Z,0.0,R,283.0,R,168.0,R,59.0,R,94.0,Z,0.0,R,94.0,R,40.0,R,43.0,R,21
439279,2010,A,,A,,A,,R,46.0,R,0.0,R,46.0,R,18.0,R,39.0,R,0.0,R,0.0,R,0.0,R,0.0,A,,R,16
439288,2010,R,378.0,R,558.0,R,68.0,R,285.0,R,0.0,R,285.0,R,190.0,R,67.0,R,0.0,R,0.0,R,0.0,R,0.0,A,,R,24
439297,2010,A,,A,,A,,R,36.0,R,0.0,R,36.0,R,6.0,R,17.0,R,0.0,R,0.0,R,0.0,R,0.0,A,,R,10
439303,2010,R,10.0,R,12.0,R,83.0,R,32.0,R,0.0,R,32.0,R,25.0,R,78.0,R,1.0,R,0.0,R,1.0,R,0.0,R,0.0,R,8
439312,2010,R,5.0,R,6.0,R,83.0,R,8.0,R,0.0,R,8.0,R,6.0,R,75.0,R,2.0,R,0.0,R,2.0,R,2.0,R,100.0,R,6
439330,2010,R,5.0,R,64.0,R,8.0,R,4.0,R,0.0,R,4.0,R,3.0,R,75.0,R,3.0,R,0.0,R,3.0,R,2.0,R,67.0,R,40
439367,2010,A,,A,,A,,R,51.0,R,0.0,R,51.0,R,47.0,R,92.0,R,0.0,R,0.0,R,0.0,R,0.0,A,,R,18
439400,2010,A,,A,,A,,R,5.0,R,0.0,R,5.0,R,5.0,R,100.0,R,6.0,R,0.0,R,6.0,R,6.0,R,100.0,R,6
439437,2010,A,,A,,A,,R,134.0,R,0.0,R,134.0,R,104.0,R,78.0,R,0.0,R,0.0,R,0.0,R,0.0,A,,R,19
439446,2010,A,,A,,A,,A,,A,,A,,A,,A,,A,,A,,A,,A,,A,,R,5
439455,2010,R,139.0,R,146.0,R,95.0,R,110.0,R,0.0,R,110.0,R,92.0,R,84.0,R,50.0,R,0.0,R,50.0,R,42.0,R,84.0,R,15
439473,2010,A,,A,,A,,R,28.0,R,0.0,R,28.0,R,21.0,R,75.0,R,39.0,R,0.0,R,39.0,R,29.0,R,74.0,R,20
439482,2010,R,47.0,R,103.0,R,46.0,R,37.0,R,0.0,R,37.0,R,20.0,R,54.0,R,19.0,R,0.0,R,19.0,R,11.0,R,58.0,R,20
439491,2010,R,101.0,R,138.0,R,73.0,R,91.0,R,0.0,R,91.0,R,70.0,R,77.0,R,0.0,R,0.0,R,0.0,R,0.0,A,,R,20
439507,2010,A,,A,,A,,R,241.0,R,0.0,R,241.0,R,172.0,R,71.0,R,0.0,R,0.0,R,0.0,R,0.0,A,,R,14
439525,2010,A,,A,,A,,R,189.0,R,0.0,R,189.0,R,140.0,R,74.0,R,0.0,R,0.0,R,0.0,R,0.0,A,,R,14
439570,2010,A,,A,,A,,R,210.0,R,0.0,R,210.0,R,146.0,R,70.0,R,0.0,R,0.0,R,0.0,R,0.0,A,,R,30
439589,2010,A,,A,,A,,R,33.0,R,0.0,R,33.0,R,22.0,R,67.0,R,17.0,R,0.0,R,17.0,R,10.0,R,59.0,R,25
439604,2010,A,,A,,A,,R,33.0,R,0.0,R,33.0,R,26.0,R,79.0,R,0.0,R,0.0,R,0.0,R,0.0,A,,R,25
439613,2010,R,23.0,R,67.0,R,34.0,R,20.0,R,0.0,R,20.0,R,15.0,R,75.0,R,10.0,R,0.0,R,10.0,R,6.0,R,60.0,R,7
439622,2010,A,,A,,A,,R,100.0,R,0.0,R,100.0,R,79.0,R,79.0,R,0.0,R,0.0,R,0.0,R,0.0,A,,R,20
439631,2010,A,,A,,A,,R,18.0,R,0.0,R,18.0,R,17.0,R,94.0,Z,0.0,Z,0.0,Z,0.0,Z,0.0,A,,R,9
439668,2010,A,,A,,A,,A,,A,,A,,A,,A,,A,,A,,A,,A,,A,,R,10
439686,2010,A,,A,,A,,A,,A,,A,,A,,A,,A,,A,,A,,A,,A,,R,30
439695,2010,A,,A,,A,,R,5.0,R,0.0,R,5.0,R,3.0,R,60.0,R,1.0,R,0.0,R,1.0,R,1.0,R,100.0,R,25
439701,2010,R,7.0,R,16.0,R,44.0,R,3.0,R,0.0,R,3.0,R,1.0,R,33.0,R,3.0,R,0.0,R,3.0,R,2.0,R,67.0,R,11
439729,2010,A,,A,,A,,R,15.0,Z,0.0,R,15.0,R,12.0,R,80.0,R,2.0,Z,0.0,R,2.0,R,2.0,R,100.0,R,5
439738,2010,A,,A,,A,,R,207.0,R,0.0,R,207.0,R,118.0,R,57.0,R,0.0,Z,0.0,R,0.0,R,0.0,A,,R,31
439747,2010,A,,A,,A,,R,34.0,R,0.0,R,34.0,R,31.0,R,91.0,R,19.0,R,0.0,R,19.0,R,15.0,R,79.0,R,25
439756,2010,A,,A,,A,,R,0.0,R,0.0,R,0.0,R,0.0,A,,R,0.0,R,0.0,R,0.0,R,0.0,A,,R,5
439774,2010,A,,A,,A,,R,17.0,Z,0.0,R,17.0,R,16.0,R,94.0,R,2.0,Z,0.0,R,2.0,R,2.0,R,100.0,R,18
439783,2010,A,,A,,A,,A,,A,,A,,A,,A,,A,,A,,A,,A,,A,,R,8
439792,2010,A,,A,,A,,R,134.0,R,0.0,R,134.0,R,107.0,R,80.0,R,0.0,R,0.0,R,0.0,R,0.0,A,,R,10
439826,2010,A,,A,,A,,R,163.0,Z,0.0,R,163.0,R,80.0,R,49.0,R,0.0,R,0.0,R,0.0,R,0.0,A,,R,16
439844,2010,A,,A,,A,,R,6.0,R,0.0,R,6.0,R,5.0,R,83.0,R,0.0,R,0.0,R,0.0,R,0.0,A,,R,16
439862,2010,R,12.0,R,14.0,R,86.0,R,15.0,R,0.0,R,15.0,R,15.0,R,100.0,R,5.0,R,0.0,R,5.0,R,5.0,R,100.0,R,23
439871,2010,A,,A,,A,,R,138.0,R,0.0,R,138.0,R,24.0,R,17.0,R,0.0,R,0.0,R,0.0,R,0.0,A,,R,10
439899,2010,A,,A,,A,,R,37.0,R,3.0,R,34.0,R,13.0,R,38.0,R,2.0,R,0.0,R,2.0,R,0.0,R,0.0,R,21
439905,2010,A,,A,,A,,R,62.0,R,1.0,R,61.0,R,53.0,R,87.0,R,0.0,R,0.0,R,0.0,R,0.0,A,,R,13
439932,2010,A,,A,,A,,R,13.0,R,1.0,R,12.0,R,9.0,R,75.0,R,0.0,R,0.0,R,0.0,R,0.0,A,,R,6
439969,2010,R,12.0,R,12.0,R,100.0,R,0.0,R,0.0,R,0.0,R,0.0,A,,R,0.0,R,0.0,R,0.0,R,0.0,A,,R,25
439978,2010,A,,A,,A,,R,44.0,R,0.0,R,44.0,R,30.0,R,68.0,R,0.0,R,0.0,R,0.0,R,0.0,A,,R,20
439996,2010,A,,A,,A,,R,94.0,R,0.0,R,94.0,R,63.0,R,67.0,R,0.0,R,0.0,R,0.0,R,0.0,A,,R,9
440059,2010,A,,A,,A,,R,27.0,R,0.0,R,27.0,R,27.0,R,100.0,Z,0.0,Z,0.0,Z,0.0,Z,0.0,A,,R,17
440077,2010,A,,A,,A,,R,36.0,R,0.0,R,36.0,R,32.0,R,89.0,R,0.0,R,0.0,R,0.0,R,0.0,A,,R,13
440086,2010,A,,A,,A,,R,120.0,R,0.0,R,120.0,R,22.0,R,18.0,R,36.0,R,0.0,R,36.0,R,3.0,R,8.0,R,25
440101,2010,A,,A,,A,,R,22.0,Z,0.0,R,22.0,R,13.0,R,59.0,R,5.0,Z,0.0,R,5.0,R,3.0,R,60.0,R,18
440110,2010,A,,A,,A,,R,147.0,R,1.0,R,146.0,R,90.0,R,62.0,R,0.0,R,0.0,R,0.0,R,0.0,A,,R,36
440129,2010,A,,A,,A,,R,177.0,R,0.0,R,177.0,R,123.0,R,69.0,R,0.0,R,0.0,R,0.0,R,0.0,A,,R,31
440147,2010,R,58.0,R,138.0,R,42.0,R,23.0,R,1.0,R,22.0,R,10.0,R,45.0,R,0.0,R,0.0,R,0.0,R,0.0,A,,R,17
440165,2010,R,66.0,R,86.0,R,77.0,R,0.0,R,0.0,R,0.0,R,0.0,A,,R,0.0,R,0.0,R,0.0,R,0.0,A,,R,26
440174,2010,A,,A,,A,,R,9.0,R,0.0,R,9.0,R,8.0,R,89.0,R,0.0,R,0.0,R,0.0,R,0.0,A,,R,9
440217,2010,A,,A,,A,,R,17.0,R,0.0,R,17.0,R,16.0,R,94.0,R,0.0,R,0.0,R,0.0,R,0.0,A,,R,17
440226,2010,A,,A,,A,,R,43.0,R,0.0,R,43.0,R,30.0,R,70.0,R,0.0,R,0.0,R,0.0,R,0.0,A,,R,8
440235,2010,A,,A,,A,,R,23.0,R,0.0,R,23.0,R,20.0,R,87.0,R,2.0,R,0.0,R,2.0,R,2.0,R,100.0,R,15
440244,2010,R,1027.0,R,1946.0,R,53.0,R,781.0,R,1.0,R,780.0,R,393.0,R,50.0,R,284.0,R,1.0,R,283.0,R,124.0,R,44.0,R,25
440262,2010,A,,A,,A,,R,144.0,R,0.0,R,144.0,R,100.0,R,69.0,R,0.0,R,0.0,R,0.0,R,0.0,A,,R,30
440271,2010,A,,A,,A,,R,175.0,Z,0.0,R,175.0,R,100.0,R,57.0,Z,0.0,Z,0.0,Z,0.0,Z,0.0,A,,R,18
440299,2010,A,,A,,A,,R,2.0,R,0.0,R,2.0,R,2.0,R,100.0,R,0.0,R,0.0,R,0.0,R,0.0,A,,R,41
440305,2010,R,585.0,R,1253.0,R,47.0,R,536.0,R,0.0,R,536.0,R,314.0,R,59.0,R,240.0,R,0.0,R,240.0,R,88.0,R,37.0,R,20
440323,2010,A,,A,,A,,R,210.0,Z,0.0,R,210.0,R,134.0,R,64.0,R,0.0,Z,0.0,R,0.0,R,0.0,A,,R,49
440332,2010,A,,A,,A,,R,158.0,Z,0.0,R,158.0,R,105.0,R,66.0,R,0.0,Z,0.0,R,0.0,R,0.0,A,,R,32
440341,2010,R,428.0,R,683.0,R,63.0,R,195.0,R,0.0,R,195.0,R,112.0,R,57.0,R,3.0,R,1.0,R,2.0,R,0.0,R,0.0,R,16
440369,2010,A,,A,,A,,A,,A,,A,,A,,A,,A,,A,,A,,A,,A,,R,58
440378,2010,R,18.0,R,30.0,R,60.0,R,47.0,R,0.0,R,47.0,R,16.0,R,34.0,Z,0.0,Z,0.0,Z,0.0,Z,0.0,A,,R,9
440396,2010,R,42.0,R,47.0,R,89.0,R,33.0,R,0.0,R,33.0,R,26.0,R,79.0,R,0.0,R,0.0,R,0.0,R,0.0,A,,R,11
440402,2010,R,260.0,R,1373.0,R,19.0,R,258.0,R,0.0,R,258.0,R,162.0,R,63.0,R,147.0,R,0.0,R,147.0,R,21.0,R,14.0,R,19
440411,2010,A,,A,,A,,A,,A,,A,,A,,A,,A,,A,,A,,A,,A,,R,4
440420,2010,A,,A,,A,,R,5.0,R,0.0,R,5.0,R,3.0,R,60.0,R,0.0,R,0.0,R,0.0,R,0.0,A,,R,5
440439,2010,A,,A,,A,,R,54.0,R,0.0,R,54.0,R,21.0,R,39.0,R,0.0,R,0.0,R,0.0,R,0.0,A,,R,20
440448,2010,A,,A,,A,,R,132.0,R,0.0,R,132.0,R,65.0,R,49.0,R,0.0,R,0.0,R,0.0,R,0.0,A,,R,23
440457,2010,A,,A,,A,,R,75.0,R,0.0,R,75.0,R,20.0,R,27.0,R,0.0,R,0.0,R,0.0,R,0.0,A,,R,9
440466,2010,A,,A,,A,,R,39.0,R,0.0,R,39.0,R,15.0,R,38.0,R,0.0,R,0.0,R,0.0,R,0.0,A,,R,9
440484,2010,R,241.0,R,332.0,R,73.0,R,202.0,R,2.0,R,200.0,R,116.0,R,58.0,R,18.0,R,0.0,R,18.0,R,7.0,R,39.0,R,23
440536,2010,R,101.0,R,622.0,R,16.0,R,113.0,R,0.0,R,113.0,R,42.0,R,37.0,R,67.0,R,0.0,R,67.0,R,24.0,R,36.0,R,15
440545,2010,R,90.0,R,441.0,R,20.0,R,89.0,R,0.0,R,89.0,R,32.0,R,36.0,R,32.0,R,0.0,R,32.0,R,12.0,R,38.0,R,19
440590,2010,R,78.0,R,714.0,R,11.0,R,77.0,Z,0.0,R,77.0,R,39.0,R,51.0,R,82.0,R,0.0,R,82.0,R,34.0,R,41.0,R,25
440624,2010,R,514.0,R,891.0,R,58.0,R,321.0,R,11.0,R,310.0,R,137.0,R,44.0,R,97.0,R,5.0,R,92.0,R,31.0,R,34.0,R,23
440642,2010,R,111.0,R,136.0,R,82.0,R,170.0,R,4.0,R,166.0,R,102.0,R,61.0,R,12.0,R,0.0,R,12.0,R,5.0,R,42.0,R,23
440651,2010,R,251.0,R,631.0,R,40.0,R,0.0,R,0.0,R,0.0,R,0.0,A,,R,0.0,R,0.0,R,0.0,R,0.0,A,,R,34
440721,2010,A,,A,,A,,R,120.0,R,0.0,R,120.0,R,112.0,R,93.0,R,153.0,R,0.0,R,153.0,R,124.0,R,81.0,R,21
440730,2010,A,,A,,A,,R,434.0,Z,0.0,R,434.0,R,358.0,R,82.0,Z,0.0,Z,0.0,Z,0.0,Z,0.0,A,,R,33
440749,2010,R,3.0,R,110.0,R,3.0,R,5.0,R,0.0,R,5.0,R,1.0,R,20.0,R,95.0,R,0.0,R,95.0,R,21.0,R,22.0,R,44
440758,2010,R,5.0,R,97.0,R,5.0,R,2.0,R,0.0,R,2.0,R,0.0,R,0.0,R,42.0,R,0.0,R,42.0,R,16.0,R,38.0,R,46
440767,2010,R,30.0,R,305.0,R,10.0,R,30.0,R,0.0,R,30.0,R,12.0,R,40.0,R,105.0,R,0.0,R,105.0,R,43.0,R,41.0,R,25
440776,2010,A,,A,,A,,A,,A,,A,,A,,A,,A,,A,,A,,A,,A,,R,12
440794,2010,R,23.0,R,102.0,R,23.0,R,24.0,R,0.0,R,24.0,R,16.0,R,67.0,R,2.0,R,0.0,R,2.0,R,0.0,R,0.0,R,18
440800,2010,A,,A,,A,,R,0.0,R,0.0,R,0.0,R,0.0,A,,R,0.0,R,0.0,R,0.0,R,0.0,A,,R,15
440819,2010,A,,A,,A,,R,0.0,R,0.0,R,0.0,R,0.0,A,,R,0.0,R,0.0,R,0.0,R,0.0,A,,R,15
440828,2010,A,,A,,A,,A,,A,,A,,A,,A,,A,,A,,A,,A,,A,,R,21
440846,2010,A,,A,,A,,A,,A,,A,,A,,A,,A,,A,,A,,A,,A,,R,17
440855,2010,A,,A,,A,,A,,A,,A,,A,,A,,A,,A,,A,,A,,A,,R,17
440873,2010,A,,A,,A,,R,142.0,R,0.0,R,142.0,R,84.0,R,59.0,R,0.0,R,0.0,R,0.0,R,0.0,A,,R,43
440882,2010,A,,A,,A,,R,136.0,R,0.0,R,136.0,R,87.0,R,64.0,R,0.0,R,0.0,R,0.0,R,0.0,A,,R,24
440891,2010,A,,A,,A,,R,120.0,R,0.0,R,120.0,R,74.0,R,62.0,R,0.0,R,0.0,R,0.0,R,0.0,A,,R,37
440907,2010,A,,A,,A,,R,240.0,R,1.0,R,239.0,R,78.0,R,33.0,R,51.0,R,0.0,R,51.0,R,36.0,R,71.0,R,25
440925,2010,R,96.0,R,230.0,R,42.0,R,88.0,R,0.0,R,88.0,R,73.0,R,83.0,R,60.0,R,0.0,R,60.0,R,50.0,R,83.0,R,27
440952,2010,A,,A,,A,,R,119.0,R,0.0,R,119.0,R,85.0,R,71.0,R,78.0,R,0.0,R,78.0,R,54.0,R,69.0,R,32
440970,2010,A,,A,,A,,R,44.0,R,0.0,R,44.0,R,31.0,R,70.0,R,0.0,R,0.0,R,0.0,R,0.0,A,,R,48
440989,2010,A,,A,,A,,R,374.0,R,1.0,R,373.0,R,204.0,R,55.0,Z,0.0,Z,0.0,Z,0.0,Z,0.0,A,,R,34
441016,2010,A,,A,,A,,A,,A,,A,,A,,A,,A,,A,,A,,A,,A,,R,51
441025,2010,R,64.0,R,98.0,R,65.0,R,83.0,R,0.0,R,83.0,R,36.0,R,43.0,R,24.0,R,0.0,R,24.0,R,8.0,R,33.0,R,20
441052,2010,A,,A,,A,,R,1749.0,R,0.0,R,1749.0,R,1632.0,R,93.0,R,0.0,R,0.0,R,0.0,R,0.0,A,,R,13
441070,2010,R,10.0,R,51.0,R,20.0,R,13.0,R,0.0,R,13.0,R,7.0,R,54.0,R,8.0,R,0.0,R,8.0,R,3.0,R,38.0,R,11
441089,2010,A,,A,,A,,R,623.0,R,0.0,R,623.0,R,534.0,R,86.0,R,0.0,R,0.0,R,0.0,R,0.0,A,,R,26
441168,2010,A,,A,,A,,R,30.0,R,0.0,R,30.0,R,19.0,R,63.0,R,0.0,R,0.0,R,0.0,R,0.0,A,,R,15
441186,2010,R,36.0,R,213.0,R,17.0,R,50.0,Z,0.0,R,50.0,R,48.0,R,96.0,Z,0.0,Z,0.0,Z,0.0,Z,0.0,A,,R,19
441195,2010,A,,A,,A,,R,37.0,R,0.0,R,37.0,R,35.0,R,95.0,Z,0.0,Z,0.0,Z,0.0,Z,0.0,A,,R,24
441201,2010,R,25.0,R,25.0,R,100.0,R,9.0,R,0.0,R,9.0,R,1.0,R,11.0,R,7.0,R,0.0,R,7.0,R,1.0,R,14.0,R,11
441210,2010,A,,A,,A,,R,48.0,R,0.0,R,48.0,R,41.0,R,85.0,R,101.0,R,0.0,R,101.0,R,93.0,R,92.0,R,17
441229,2010,A,,A,,A,,R,130.0,R,0.0,R,130.0,R,114.0,R,88.0,R,0.0,R,0.0,R,0.0,R,0.0,A,,R,7
441256,2010,A,,A,,A,,R,30.0,R,0.0,R,30.0,R,25.0,R,83.0,R,2.0,R,0.0,R,2.0,R,1.0,R,50.0,R,17
441274,2010,A,,A,,A,,R,60.0,Z,0.0,R,60.0,R,54.0,R,90.0,R,10.0,Z,0.0,R,10.0,R,8.0,R,80.0,R,15
441317,2010,A,,A,,A,,R,15.0,R,0.0,R,15.0,R,15.0,R,100.0,R,0.0,R,0.0,R,0.0,R,0.0,A,,R,11
441335,2010,A,,A,,A,,R,42.0,R,0.0,R,42.0,R,42.0,R,100.0,R,0.0,R,0.0,R,0.0,R,0.0,A,,A,.
441353,2010,A,,A,,A,,R,17.0,R,0.0,R,17.0,R,15.0,R,88.0,R,0.0,R,0.0,R,0.0,R,0.0,A,,R,9
441362,2010,A,,A,,A,,R,153.0,R,0.0,R,153.0,R,83.0,R,54.0,R,42.0,R,0.0,R,42.0,R,22.0,R,52.0,R,28
441371,2010,A,,A,,A,,R,772.0,R,11.0,R,761.0,R,611.0,R,80.0,Z,0.0,Z,0.0,Z,0.0,Z,0.0,A,,R,17
441380,2010,A,,A,,A,,R,69.0,R,0.0,R,69.0,R,64.0,R,93.0,R,2.0,R,0.0,R,2.0,R,2.0,R,100.0,R,44
441399,2010,A,,A,,A,,R,12.0,Z,0.0,R,12.0,R,11.0,R,92.0,R,0.0,Z,0.0,R,0.0,Z,0.0,A,,R,12
441405,2010,A,,A,,A,,R,35.0,R,0.0,R,35.0,R,33.0,R,94.0,R,0.0,R,0.0,R,0.0,R,0.0,A,,R,20
441414,2010,A,,A,,A,,R,27.0,R,0.0,R,27.0,R,10.0,R,37.0,R,62.0,R,0.0,R,62.0,R,17.0,R,27.0,R,13
441423,2010,A,,A,,A,,R,126.0,R,0.0,R,126.0,R,91.0,R,72.0,R,0.0,R,0.0,R,0.0,R,0.0,A,,R,25
441432,2010,A,,A,,A,,R,69.0,R,0.0,R,69.0,R,52.0,R,75.0,R,0.0,R,0.0,R,0.0,R,0.0,A,,R,7
441441,2010,A,,A,,A,,R,243.0,R,0.0,R,243.0,R,222.0,R,91.0,R,2.0,R,0.0,R,2.0,R,2.0,R,100.0,R,20
441478,2010,A,,A,,A,,A,,A,,A,,A,,A,,A,,A,,A,,A,,A,,R,6
441487,2010,A,,A,,A,,R,41.0,R,0.0,R,41.0,R,38.0,R,93.0,R,18.0,R,0.0,R,18.0,R,14.0,R,78.0,R,13
441496,2010,A,,A,,A,,R,14.0,R,0.0,R,14.0,R,8.0,R,57.0,Z,0.0,Z,0.0,Z,0.0,Z,0.0,A,,R,10
441502,2010,R,237.0,R,257.0,R,92.0,R,82.0,Z,0.0,R,82.0,R,66.0,R,80.0,Z,0.0,Z,0.0,Z,0.0,Z,0.0,A,,R,18
441511,2010,R,130.0,R,233.0,R,56.0,R,55.0,R,0.0,R,55.0,R,53.0,R,96.0,R,12.0,R,0.0,R,12.0,R,11.0,R,92.0,R,12
441548,2010,A,,A,,A,,R,107.0,R,0.0,R,107.0,R,98.0,R,92.0,R,4.0,R,0.0,R,4.0,R,3.0,R,75.0,R,10
441575,2010,A,,A,,A,,R,184.0,R,0.0,R,184.0,R,132.0,R,72.0,R,0.0,R,0.0,R,0.0,R,0.0,A,,R,16
441584,2010,A,,A,,A,,R,180.0,R,2.0,R,178.0,R,109.0,R,61.0,R,0.0,R,0.0,R,0.0,R,0.0,A,,R,45
441593,2010,A,,A,,A,,R,19.0,R,0.0,R,19.0,R,14.0,R,74.0,R,0.0,R,0.0,R,0.0,R,0.0,A,,R,20
441609,2010,R,1.0,R,1.0,R,100.0,R,1.0,R,0.0,R,1.0,R,1.0,R,100.0,R,0.0,R,0.0,R,0.0,R,0.0,A,,R,7
441618,2010,A,,A,,A,,R,27.0,R,0.0,R,27.0,R,24.0,R,89.0,R,24.0,R,0.0,R,24.0,R,20.0,R,83.0,R,8
441627,2010,A,,A,,A,,R,12.0,R,0.0,R,12.0,R,12.0,R,100.0,R,0.0,R,0.0,R,0.0,R,0.0,A,,R,2
441636,2010,R,31.0,R,132.0,R,23.0,R,18.0,R,0.0,R,18.0,R,16.0,R,89.0,R,20.0,R,0.0,R,20.0,R,13.0,R,65.0,R,20
441645,2010,A,,A,,A,,R,21.0,R,0.0,R,21.0,R,17.0,R,81.0,R,0.0,R,0.0,R,0.0,R,0.0,A,,R,10
441663,2010,A,,A,,A,,R,51.0,R,0.0,R,51.0,R,46.0,R,90.0,R,0.0,R,0.0,R,0.0,R,0.0,A,,R,8
441672,2010,A,,A,,A,,R,8.0,R,0.0,R,8.0,R,8.0,R,100.0,R,0.0,R,0.0,R,0.0,R,0.0,A,,R,7
441681,2010,A,,A,,A,,R,62.0,R,0.0,R,62.0,R,13.0,R,21.0,R,0.0,R,0.0,R,0.0,R,0.0,A,,R,8
441690,2010,R,13.0,R,75.0,R,17.0,R,4.0,R,0.0,R,4.0,R,4.0,R,100.0,R,1.0,R,0.0,R,1.0,R,0.0,R,0.0,R,12
441706,2010,A,,A,,A,,R,99.0,Z,0.0,R,99.0,R,60.0,R,61.0,Z,0.0,Z,0.0,Z,0.0,Z,0.0,A,,R,17
441733,2010,A,,A,,A,,A,,A,,A,,A,,A,,A,,A,,A,,A,,A,,R,3
441742,2010,A,,A,,A,,R,325.0,R,0.0,R,325.0,R,229.0,R,70.0,R,0.0,R,0.0,R,0.0,R,0.0,A,,R,25
441751,2010,A,,A,,A,,R,1.0,R,0.0,R,1.0,R,1.0,R,100.0,R,0.0,R,0.0,R,0.0,R,0.0,A,,R,10
441760,2010,R,671.0,R,1585.0,R,42.0,R,555.0,Z,0.0,R,555.0,R,213.0,R,38.0,R,207.0,R,0.0,R,207.0,R,61.0,R,29.0,R,16
441779,2010,A,,A,,A,,R,27.0,R,0.0,R,27.0,R,17.0,R,63.0,R,0.0,R,0.0,R,0.0,R,0.0,A,,R,25
441788,2010,A,,A,,A,,R,72.0,R,0.0,R,72.0,R,37.0,R,51.0,R,0.0,R,0.0,R,0.0,R,0.0,A,,R,25
441797,2010,A,,A,,A,,R,33.0,R,0.0,R,33.0,R,19.0,R,58.0,R,0.0,R,0.0,R,0.0,R,0.0,A,,R,15
441830,2010,A,,A,,A,,A,,A,,A,,A,,A,,A,,A,,A,,A,,A,,R,8
441858,2010,A,,A,,A,,R,65.0,Z,0.0,R,65.0,R,15.0,R,23.0,R,77.0,Z,0.0,R,77.0,R,10.0,R,13.0,R,25
441876,2010,A,,A,,A,,R,75.0,Z,0.0,R,75.0,R,67.0,R,89.0,R,19.0,Z,0.0,R,19.0,R,14.0,R,74.0,R,14
441894,2010,A,,A,,A,,A,,A,,A,,A,,A,,A,,A,,A,,A,,A,,R,16
441900,2010,R,202.0,R,1457.0,R,14.0,R,212.0,R,0.0,R,212.0,R,137.0,R,65.0,R,68.0,R,0.0,R,68.0,R,32.0,R,47.0,R,24
441919,2010,A,,A,,A,,R,278.0,R,12.0,R,266.0,R,115.0,R,43.0,R,47.0,Z,0.0,R,47.0,R,25.0,R,53.0,R,14
441928,2010,R,434.0,R,669.0,R,65.0,R,355.0,R,0.0,R,355.0,R,230.0,R,65.0,R,289.0,R,0.0,R,289.0,R,187.0,R,65.0,R,13
441937,2010,R,516.0,R,1236.0,R,42.0,R,483.0,Z,0.0,R,483.0,R,367.0,R,76.0,R,16.0,Z,0.0,R,16.0,R,8.0,R,50.0,R,19
441955,2010,R,105.0,R,123.0,R,85.0,R,0.0,R,0.0,R,0.0,R,0.0,A,,R,0.0,R,0.0,R,0.0,R,0.0,A,,R,29
441964,2010,R,66.0,R,85.0,R,78.0,R,0.0,R,0.0,R,0.0,R,0.0,A,,R,0.0,R,0.0,R,0.0,R,0.0,A,,R,26
441973,2010,R,272.0,R,661.0,R,41.0,R,152.0,R,2.0,R,150.0,R,84.0,R,56.0,R,25.0,R,0.0,R,25.0,R,12.0,R,48.0,R,19
441982,2010,R,91.0,R,100.0,R,91.0,R,85.0,R,0.0,R,85.0,R,85.0,R,100.0,R,0.0,R,0.0,R,0.0,R,0.0,A,,R,9
442000,2010,R,96.0,R,311.0,R,31.0,R,94.0,R,0.0,R,94.0,R,39.0,R,41.0,R,41.0,R,0.0,R,41.0,R,10.0,R,24.0,R,11
442037,2010,A,,A,,A,,R,184.0,R,0.0,R,184.0,R,134.0,R,73.0,R,0.0,R,0.0,R,0.0,R,0.0,A,,R,34
442046,2010,A,,A,,A,,R,438.0,R,0.0,R,438.0,R,221.0,R,50.0,R,138.0,R,0.0,R,138.0,R,76.0,R,55.0,R,38
442073,2010,A,,A,,A,,R,283.0,R,0.0,R,283.0,R,208.0,R,73.0,R,0.0,R,0.0,R,0.0,R,0.0,A,,R,22
442134,2010,A,,A,,A,,R,219.0,R,0.0,R,219.0,R,134.0,R,61.0,R,0.0,R,0.0,R,0.0,R,0.0,A,,R,25
442143,2010,A,,A,,A,,R,41.0,R,0.0,R,41.0,R,10.0,R,24.0,R,0.0,R,0.0,R,0.0,R,0.0,A,,R,16
442152,2010,A,,A,,A,,R,96.0,R,0.0,R,96.0,R,45.0,R,47.0,R,0.0,R,0.0,R,0.0,R,0.0,A,,R,21
442161,2010,A,,A,,A,,R,39.0,R,0.0,R,39.0,R,12.0,R,31.0,R,0.0,R,0.0,R,0.0,R,0.0,A,,R,13
442170,2010,A,,A,,A,,R,63.0,R,0.0,R,63.0,R,23.0,R,37.0,R,0.0,R,0.0,R,0.0,R,0.0,A,,R,18
442189,2010,A,,A,,A,,R,14.0,R,0.0,R,14.0,R,4.0,R,29.0,R,0.0,R,0.0,R,0.0,R,0.0,A,,R,16
442204,2010,A,,A,,A,,R,16.0,R,0.0,R,16.0,R,15.0,R,94.0,R,2.0,R,0.0,R,2.0,R,2.0,R,100.0,R,25
442222,2010,R,8.0,R,62.0,R,13.0,R,14.0,R,0.0,R,14.0,R,5.0,R,36.0,R,9.0,R,0.0,R,9.0,R,4.0,R,44.0,R,9
442231,2010,A,,A,,A,,R,205.0,R,0.0,R,205.0,R,144.0,R,70.0,R,0.0,R,0.0,R,0.0,R,0.0,A,,R,38
442240,2010,A,,A,,A,,R,124.0,Z,0.0,R,124.0,R,104.0,R,84.0,R,51.0,Z,0.0,R,51.0,R,44.0,R,86.0,R,15
442310,2010,A,,A,,A,,R,109.0,R,0.0,R,109.0,R,73.0,R,67.0,R,30.0,R,0.0,R,30.0,R,6.0,R,20.0,R,69
442329,2010,A,,A,,A,,R,214.0,R,0.0,R,214.0,R,135.0,R,63.0,R,0.0,R,0.0,R,0.0,R,0.0,A,,R,20
442338,2010,R,74.0,R,124.0,R,60.0,R,1.0,R,0.0,R,1.0,R,1.0,R,100.0,R,0.0,R,0.0,R,0.0,R,0.0,A,,R,19
442347,2010,R,70.0,R,95.0,R,74.0,R,121.0,R,4.0,R,117.0,R,66.0,R,56.0,R,12.0,R,2.0,R,10.0,R,2.0,R,20.0,R,16
442356,2010,R,118.0,R,381.0,R,31.0,R,0.0,R,0.0,R,0.0,R,0.0,A,,R,0.0,R,0.0,R,0.0,R,0.0,A,,R,12
442365,2010,R,86.0,R,499.0,R,17.0,R,44.0,R,0.0,R,44.0,R,21.0,R,48.0,R,38.0,R,0.0,R,38.0,R,20.0,R,53.0,R,91
442383,2010,R,90.0,R,144.0,R,63.0,R,66.0,R,0.0,R,66.0,R,39.0,R,59.0,R,8.0,R,0.0,R,8.0,R,0.0,R,0.0,R,29
442408,2010,A,,A,,A,,R,77.0,R,0.0,R,77.0,R,52.0,R,68.0,R,0.0,R,0.0,R,0.0,R,0.0,A,,R,26
442426,2010,R,105.0,R,261.0,R,40.0,R,185.0,R,4.0,R,181.0,R,158.0,R,87.0,R,0.0,R,0.0,R,0.0,R,0.0,A,,R,12
442435,2010,A,,A,,A,,R,36.0,Z,0.0,R,36.0,R,14.0,R,39.0,Z,0.0,Z,0.0,Z,0.0,Z,0.0,A,,R,15
442444,2010,A,,A,,A,,R,163.0,R,1.0,R,162.0,R,131.0,R,81.0,Z,0.0,Z,0.0,Z,0.0,Z,0.0,A,,R,19
442462,2010,A,,A,,A,,R,199.0,R,3.0,R,196.0,R,126.0,R,64.0,R,0.0,R,0.0,R,0.0,R,0.0,A,,R,35
442499,2010,R,63.0,R,114.0,R,55.0,R,12.0,R,0.0,R,12.0,R,5.0,R,42.0,R,1.0,R,0.0,R,1.0,R,0.0,R,0.0,R,14
442505,2010,R,96.0,R,175.0,R,55.0,R,34.0,R,2.0,R,32.0,R,8.0,R,25.0,R,0.0,R,0.0,R,0.0,R,0.0,A,,R,13
442523,2010,A,,A,,A,,R,22.0,R,0.0,R,22.0,R,9.0,R,41.0,R,1.0,Z,0.0,R,1.0,R,0.0,R,0.0,R,10
442569,2010,A,,A,,A,,R,137.0,R,0.0,R,137.0,R,66.0,R,48.0,R,836.0,R,3.0,R,833.0,R,235.0,R,28.0,R,36
442578,2010,R,13.0,R,116.0,R,11.0,R,6.0,R,0.0,R,6.0,R,2.0,R,33.0,R,3.0,R,0.0,R,3.0,R,2.0,R,67.0,R,13
442602,2010,A,,A,,A,,R,267.0,R,0.0,R,267.0,R,189.0,R,71.0,Z,0.0,Z,0.0,Z,0.0,Z,0.0,A,,R,34
442611,2010,A,,A,,A,,R,851.0,R,3.0,R,848.0,R,534.0,R,63.0,R,0.0,R,0.0,R,0.0,R,0.0,A,,R,34
442620,2010,A,,A,,A,,R,115.0,R,0.0,R,115.0,R,88.0,R,77.0,R,0.0,R,0.0,R,0.0,R,0.0,A,,R,49
442639,2010,R,1.0,R,2.0,R,50.0,R,0.0,R,0.0,R,0.0,R,0.0,A,,R,1.0,R,0.0,R,1.0,R,0.0,R,0.0,R,11
442648,2010,A,,A,,A,,R,217.0,R,0.0,R,217.0,R,143.0,R,66.0,R,0.0,R,0.0,R,0.0,R,0.0,A,,R,42
442657,2010,A,,A,,A,,A,,A,,A,,A,,A,,A,,A,,A,,A,,A,,R,18
442684,2010,R,12.0,R,15.0,R,80.0,R,12.0,R,0.0,R,12.0,R,6.0,R,50.0,R,11.0,Z,0.0,R,11.0,R,4.0,R,36.0,R,19
442718,2010,R,9.0,R,150.0,R,6.0,R,8.0,R,0.0,R,8.0,R,5.0,R,63.0,R,108.0,R,0.0,R,108.0,R,37.0,R,34.0,R,20
442727,2010,A,,A,,A,,R,474.0,R,0.0,R,474.0,R,347.0,R,73.0,R,0.0,R,0.0,R,0.0,R,0.0,A,,R,38
442736,2010,A,,A,,A,,R,261.0,R,0.0,R,261.0,R,176.0,R,67.0,R,0.0,R,0.0,R,0.0,R,0.0,A,,R,38
442745,2010,A,,A,,A,,R,499.0,R,0.0,R,499.0,R,309.0,R,62.0,R,0.0,R,0.0,R,0.0,R,0.0,A,,R,29
442781,2010,R,5.0,R,54.0,R,9.0,R,6.0,R,0.0,R,6.0,R,2.0,R,33.0,R,9.0,R,0.0,R,9.0,R,1.0,R,11.0,R,4
442790,2010,A,,A,,A,,R,158.0,R,0.0,R,158.0,R,83.0,R,53.0,R,92.0,R,0.0,R,92.0,R,35.0,R,38.0,R,38
442815,2010,A,,A,,A,,R,165.0,R,1.0,R,164.0,R,118.0,R,72.0,R,71.0,R,0.0,R,71.0,R,44.0,R,62.0,R,32
442824,2010,R,239.0,R,1216.0,R,20.0,R,174.0,R,0.0,R,174.0,R,89.0,R,51.0,R,114.0,R,0.0,R,114.0,R,31.0,R,27.0,R,19
442833,2010,R,386.0,R,1374.0,R,28.0,R,261.0,R,29.0,R,232.0,R,155.0,R,67.0,R,215.0,R,21.0,R,194.0,R,90.0,R,46.0,R,110
442842,2010,R,8.0,R,28.0,R,29.0,R,0.0,R,0.0,R,0.0,R,0.0,A,,R,0.0,R,0.0,R,0.0,R,0.0,A,,R,10
442851,2010,A,,A,,A,,R,34.0,R,0.0,R,34.0,R,21.0,R,62.0,R,0.0,R,0.0,R,0.0,R,0.0,A,,R,8
442879,2010,A,,A,,A,,R,180.0,R,0.0,R,180.0,R,156.0,R,87.0,R,0.0,R,0.0,R,0.0,R,0.0,A,,R,26
442888,2010,A,,A,,A,,R,102.0,R,0.0,R,102.0,R,68.0,R,67.0,R,0.0,R,0.0,R,0.0,R,0.0,A,,R,18
442897,2010,A,,A,,A,,A,,A,,A,,A,,A,,A,,A,,A,,A,,A,,R,10
442930,2010,A,,A,,A,,R,7.0,R,0.0,R,7.0,R,5.0,R,71.0,R,0.0,R,0.0,R,0.0,R,0.0,A,,R,16
442949,2010,A,,A,,A,,A,,A,,A,,A,,A,,A,,A,,A,,A,,A,,R,9
442958,2010,A,,A,,A,,R,19.0,Z,0.0,R,19.0,R,17.0,R,89.0,R,18.0,Z,0.0,R,18.0,R,16.0,R,89.0,R,20
442967,2010,A,,A,,A,,A,,A,,A,,A,,A,,A,,A,,A,,A,,A,,R,25
442976,2010,A,,A,,A,,R,47.0,R,0.0,R,47.0,R,31.0,R,66.0,Z,0.0,Z,0.0,Z,0.0,Z,0.0,A,,R,18
442985,2010,A,,A,,A,,R,45.0,R,0.0,R,45.0,R,34.0,R,76.0,R,0.0,R,0.0,R,0.0,R,0.0,A,,R,20
443021,2010,A,,A,,A,,R,124.0,R,0.0,R,124.0,R,102.0,R,82.0,Z,0.0,Z,0.0,Z,0.0,Z,0.0,A,,R,25
443049,2010,R,1.0,R,20.0,R,5.0,R,6.0,R,0.0,R,6.0,R,5.0,R,83.0,R,0.0,R,0.0,R,0.0,R,0.0,A,,R,10
443058,2010,R,4.0,R,17.0,R,24.0,R,3.0,R,0.0,R,3.0,R,2.0,R,67.0,R,0.0,R,0.0,R,0.0,R,0.0,A,,R,3
443076,2010,A,,A,,A,,R,0.0,R,0.0,R,0.0,R,0.0,A,,R,5.0,R,0.0,R,5.0,R,5.0,R,100.0,R,3
443100,2010,A,,A,,A,,R,87.0,R,0.0,R,87.0,R,49.0,R,56.0,R,0.0,R,0.0,R,0.0,R,0.0,A,,R,11
443137,2010,A,,A,,A,,A,,A,,A,,A,,A,,A,,A,,A,,A,,A,,R,21
443146,2010,A,,A,,A,,R,191.0,R,0.0,R,191.0,R,76.0,R,40.0,R,0.0,R,0.0,R,0.0,R,0.0,A,,R,25
443173,2010,A,,A,,A,,R,23.0,R,0.0,R,23.0,R,17.0,R,74.0,R,0.0,R,0.0,R,0.0,R,0.0,A,,R,18
443207,2010,A,,A,,A,,A,,A,,A,,A,,A,,A,,A,,A,,A,,A,,R,10
443216,2010,A,,A,,A,,R,21.0,R,0.0,R,21.0,R,16.0,R,76.0,R,0.0,R,0.0,R,0.0,R,0.0,A,,R,27
443225,2010,A,,A,,A,,R,16.0,R,0.0,R,16.0,R,14.0,R,88.0,R,0.0,R,0.0,R,0.0,R,0.0,A,,R,20
443234,2010,A,,A,,A,,R,90.0,R,0.0,R,90.0,R,57.0,R,63.0,R,0.0,R,0.0,R,0.0,R,0.0,A,,R,25
443252,2010,A,,A,,A,,R,316.0,R,0.0,R,316.0,R,310.0,R,98.0,R,0.0,R,0.0,R,0.0,R,0.0,A,,R,23
443261,2010,A,,A,,A,,R,72.0,R,0.0,R,72.0,R,43.0,R,60.0,R,27.0,R,0.0,R,27.0,R,14.0,R,52.0,R,9
443270,2010,R,48.0,R,61.0,R,79.0,R,62.0,R,0.0,R,62.0,R,39.0,R,63.0,R,10.0,R,0.0,R,10.0,R,1.0,R,10.0,R,5
443289,2010,A,,A,,A,,R,36.0,R,0.0,R,36.0,R,30.0,R,83.0,R,0.0,R,0.0,R,0.0,R,0.0,A,,R,6
443298,2010,A,,A,,A,,R,48.0,R,0.0,R,48.0,R,32.0,R,67.0,R,0.0,R,0.0,R,0.0,R,0.0,A,,R,24
443322,2010,A,,A,,A,,R,208.0,R,5.0,R,203.0,R,153.0,R,75.0,R,0.0,R,0.0,R,0.0,R,0.0,A,,R,15
443331,2010,R,41.0,R,212.0,R,19.0,R,37.0,R,0.0,R,37.0,R,35.0,R,95.0,R,8.0,R,0.0,R,8.0,R,5.0,R,63.0,R,23
443340,2010,R,83.0,R,115.0,R,72.0,R,4.0,R,0.0,R,4.0,R,2.0,R,50.0,R,0.0,R,0.0,R,0.0,R,0.0,A,,R,6
443359,2010,A,,A,,A,,R,68.0,R,0.0,R,68.0,R,49.0,R,72.0,R,21.0,R,0.0,R,21.0,R,12.0,R,57.0,R,15
443377,2010,R,67.0,R,73.0,R,92.0,R,95.0,R,1.0,R,94.0,R,76.0,R,81.0,R,0.0,R,0.0,R,0.0,R,0.0,A,,R,11
443410,2010,R,131.0,R,244.0,R,54.0,R,132.0,Z,0.0,R,132.0,R,101.0,R,77.0,R,5.0,Z,0.0,R,5.0,R,0.0,R,0.0,R,10
443429,2010,A,,A,,A,,R,38.0,R,0.0,R,38.0,R,38.0,R,100.0,R,0.0,R,0.0,R,0.0,R,0.0,A,,R,18
443438,2010,A,,A,,A,,R,191.0,R,0.0,R,191.0,R,172.0,R,90.0,R,0.0,R,0.0,R,0.0,R,0.0,A,,R,27
443456,2010,A,,A,,A,,R,4.0,R,0.0,R,4.0,R,2.0,R,50.0,R,0.0,R,0.0,R,0.0,R,0.0,A,,R,4
443465,2010,A,,A,,A,,R,4.0,R,0.0,R,4.0,R,0.0,R,0.0,R,0.0,R,0.0,R,0.0,R,0.0,A,,R,5
443474,2010,A,,A,,A,,R,46.0,R,0.0,R,46.0,R,12.0,R,26.0,R,0.0,R,0.0,R,0.0,R,0.0,A,,R,22
443483,2010,A,,A,,A,,A,,A,,A,,A,,A,,A,,A,,A,,A,,A,,R,7
443492,2010,R,628.0,R,1466.0,R,43.0,R,509.0,R,2.0,R,507.0,R,239.0,R,47.0,R,64.0,Z,0.0,R,64.0,R,28.0,R,44.0,R,14
443517,2010,A,,A,,A,,R,25.0,R,0.0,R,25.0,R,20.0,R,80.0,R,0.0,R,0.0,R,0.0,R,0.0,A,,R,25
443526,2010,R,75.0,R,93.0,R,81.0,R,0.0,R,0.0,R,0.0,R,0.0,A,,R,0.0,R,0.0,R,0.0,R,0.0,A,,R,24
443535,2010,R,86.0,R,118.0,R,73.0,R,0.0,R,0.0,R,0.0,R,0.0,A,,R,0.0,R,0.0,R,0.0,R,0.0,A,,R,15
443544,2010,A,,A,,A,,R,52.0,R,0.0,R,52.0,R,13.0,R,25.0,R,0.0,R,0.0,R,0.0,R,0.0,A,,R,9
443553,2010,A,,A,,A,,R,153.0,R,0.0,R,153.0,R,87.0,R,57.0,R,92.0,R,0.0,R,92.0,R,62.0,R,67.0,R,15
443562,2010,R,364.0,R,433.0,R,84.0,R,361.0,R,3.0,R,358.0,R,269.0,R,75.0,R,40.0,R,0.0,R,40.0,R,34.0,R,85.0,R,19
443571,2010,A,,A,,A,,R,73.0,R,0.0,R,73.0,R,54.0,R,74.0,R,0.0,R,0.0,R,0.0,R,0.0,A,,R,18
443605,2010,A,,A,,A,,R,118.0,R,0.0,R,118.0,R,81.0,R,69.0,R,0.0,R,0.0,R,0.0,R,0.0,A,,R,56
443623,2010,A,,A,,A,,R,199.0,R,0.0,R,199.0,R,165.0,R,83.0,R,0.0,R,0.0,R,0.0,R,0.0,A,,R,32
443632,2010,A,,A,,A,,A,,A,,A,,A,,A,,A,,A,,A,,A,,A,,R,11
443641,2010,A,,A,,A,,R,127.0,Z,0.0,R,127.0,R,109.0,R,86.0,R,36.0,Z,0.0,R,36.0,R,26.0,R,72.0,R,15
443650,2010,R,29.0,R,86.0,R,34.0,R,39.0,R,0.0,R,39.0,R,21.0,R,54.0,R,22.0,R,0.0,R,22.0,R,6.0,R,27.0,R,21
443669,2010,A,,A,,A,,R,122.0,Z,0.0,R,122.0,R,87.0,R,71.0,Z,0.0,Z,0.0,Z,0.0,Z,0.0,A,,R,28
443678,2010,A,,A,,A,,R,27.0,Z,0.0,R,27.0,R,23.0,R,85.0,R,14.0,Z,0.0,R,14.0,R,7.0,R,50.0,R,13
443687,2010,R,71.0,R,162.0,R,44.0,R,119.0,R,2.0,R,117.0,R,22.0,R,19.0,R,1.0,R,0.0,R,1.0,R,0.0,R,0.0,R,18
443696,2010,A,,A,,A,,A,,A,,A,,A,,A,,A,,A,,A,,A,,A,,R,10
443739,2010,A,,A,,A,,R,62.0,R,0.0,R,62.0,R,44.0,R,71.0,R,0.0,R,0.0,R,0.0,R,0.0,A,,R,28
443748,2010,A,,A,,A,,R,312.0,R,0.0,R,312.0,R,190.0,R,61.0,R,0.0,R,0.0,R,0.0,R,0.0,A,,R,54
443766,2010,R,6.0,R,671.0,R,1.0,R,11.0,R,0.0,R,11.0,R,4.0,R,36.0,R,494.0,R,0.0,R,494.0,R,162.0,R,33.0,R,26
443784,2010,R,23.0,R,712.0,R,3.0,R,15.0,R,0.0,R,15.0,R,7.0,R,47.0,R,473.0,R,0.0,R,473.0,R,198.0,R,42.0,R,25
443827,2010,A,,A,,A,,R,195.0,Z,0.0,R,195.0,R,129.0,R,66.0,R,0.0,Z,0.0,R,0.0,R,0.0,A,,R,40
443836,2010,A,,A,,A,,R,256.0,Z,0.0,R,256.0,R,181.0,R,71.0,R,0.0,Z,0.0,R,0.0,R,0.0,A,,R,23
443845,2010,A,,A,,A,,R,1268.0,R,0.0,R,1268.0,R,685.0,R,54.0,R,0.0,R,0.0,R,0.0,R,0.0,A,,R,20
443854,2010,A,,A,,A,,R,110.0,R,0.0,R,110.0,R,68.0,R,62.0,R,9.0,R,0.0,R,9.0,R,3.0,R,33.0,R,29
443881,2010,A,,A,,A,,R,134.0,R,0.0,R,134.0,R,73.0,R,54.0,R,0.0,R,0.0,R,0.0,R,0.0,A,,R,30
443890,2010,A,,A,,A,,R,95.0,R,0.0,R,95.0,R,42.0,R,44.0,R,0.0,R,0.0,R,0.0,R,0.0,A,,R,22
443906,2010,A,,A,,A,,R,19.0,R,0.0,R,19.0,R,6.0,R,32.0,R,0.0,R,0.0,R,0.0,R,0.0,A,,R,7
443924,2010,A,,A,,A,,R,108.0,R,0.0,R,108.0,R,23.0,R,21.0,R,0.0,R,0.0,R,0.0,R,0.0,A,,R,12
443942,2010,A,,A,,A,,R,78.0,Z,0.0,R,78.0,R,64.0,R,82.0,R,0.0,R,0.0,R,0.0,R,0.0,A,,R,15
443951,2010,A,,A,,A,,R,113.0,R,0.0,R,113.0,R,89.0,R,79.0,R,0.0,R,0.0,R,0.0,R,0.0,A,,R,11
443979,2010,A,,A,,A,,R,24.0,R,0.0,R,24.0,R,24.0,R,100.0,R,0.0,R,0.0,R,0.0,R,0.0,A,,R,5
443997,2010,R,51.0,R,229.0,R,22.0,R,16.0,R,0.0,R,16.0,R,7.0,R,44.0,R,9.0,R,0.0,R,9.0,R,3.0,R,33.0,R,59
444015,2010,A,,A,,A,,R,593.0,R,0.0,R,593.0,R,318.0,R,54.0,R,0.0,R,0.0,R,0.0,R,0.0,A,,R,73
444024,2010,A,,A,,A,,R,137.0,R,0.0,R,137.0,R,89.0,R,65.0,R,0.0,R,0.0,R,0.0,R,0.0,A,,R,41
444033,2010,R,20.0,R,111.0,R,18.0,R,19.0,R,0.0,R,19.0,R,9.0,R,47.0,R,6.0,R,0.0,R,6.0,R,1.0,R,17.0,R,142
444042,2010,R,243.0,R,469.0,R,52.0,R,98.0,R,1.0,R,97.0,R,63.0,R,65.0,R,18.0,Z,0.0,R,18.0,R,4.0,R,22.0,R,25
444051,2010,A,,A,,A,,R,70.0,R,0.0,R,70.0,R,47.0,R,67.0,R,19.0,R,0.0,R,19.0,R,13.0,R,68.0,R,21
444060,2010,R,112.0,R,185.0,R,61.0,R,21.0,R,0.0,R,21.0,R,7.0,R,33.0,R,6.0,R,0.0,R,6.0,R,2.0,R,33.0,R,20
444079,2010,A,,A,,A,,R,82.0,R,0.0,R,82.0,R,65.0,R,79.0,R,0.0,R,0.0,R,0.0,R,0.0,A,,R,22
444088,2010,A,,A,,A,,R,155.0,Z,0.0,R,155.0,R,91.0,R,59.0,Z,0.0,Z,0.0,Z,0.0,Z,0.0,A,,R,26
444121,2010,A,,A,,A,,R,135.0,Z,0.0,R,135.0,R,98.0,R,73.0,Z,0.0,Z,0.0,Z,0.0,Z,0.0,A,,R,19
444130,2010,A,,A,,A,,R,0.0,Z,0.0,R,0.0,R,0.0,A,,R,8.0,Z,0.0,R,8.0,R,5.0,R,63.0,R,20
444158,2010,R,4036.0,R,11940.0,R,34.0,R,148.0,R,0.0,R,148.0,R,23.0,R,16.0,R,1.0,R,0.0,R,1.0,R,0.0,R,0.0,R,60
444167,2010,R,459.0,R,1295.0,R,35.0,R,23.0,R,0.0,R,23.0,R,7.0,R,30.0,R,2.0,R,0.0,R,2.0,R,0.0,R,0.0,R,30
444176,2010,A,,A,,A,,R,28.0,Z,0.0,R,28.0,R,22.0,R,79.0,R,21.0,Z,0.0,R,21.0,R,17.0,R,81.0,R,14
444194,2010,A,,A,,A,,R,22.0,R,0.0,R,22.0,R,11.0,R,50.0,R,0.0,R,0.0,R,0.0,R,0.0,A,,R,15
444200,2010,A,,A,,A,,R,67.0,R,0.0,R,67.0,R,38.0,R,57.0,R,36.0,R,0.0,R,36.0,R,19.0,R,53.0,R,21
444219,2010,R,588.0,R,3068.0,R,19.0,R,726.0,Z,0.0,R,726.0,R,514.0,R,71.0,R,981.0,Z,0.0,R,981.0,R,350.0,R,36.0,R,30
444228,2010,A,,A,,A,,R,15.0,Z,0.0,R,15.0,R,13.0,R,87.0,Z,0.0,Z,0.0,Z,0.0,Z,0.0,A,,R,12
444237,2010,A,,A,,A,,R,261.0,R,0.0,R,261.0,R,175.0,R,67.0,R,0.0,R,0.0,R,0.0,R,0.0,A,,R,51
444255,2010,R,62.0,R,138.0,R,45.0,R,0.0,R,0.0,R,0.0,R,0.0,A,,R,0.0,R,0.0,R,0.0,R,0.0,A,,R,20
444264,2010,A,,A,,A,,R,44.0,R,0.0,R,44.0,R,43.0,R,98.0,R,0.0,R,0.0,R,0.0,R,0.0,A,,R,9
444282,2010,A,,A,,A,,R,28.0,Z,0.0,R,28.0,R,19.0,R,68.0,R,6.0,Z,0.0,R,6.0,R,3.0,R,50.0,R,18
444291,2010,A,,A,,A,,R,44.0,Z,0.0,R,44.0,R,29.0,R,66.0,R,8.0,Z,0.0,R,8.0,R,6.0,R,75.0,R,15
444307,2010,A,,A,,A,,R,42.0,Z,0.0,R,42.0,R,28.0,R,67.0,R,4.0,Z,0.0,R,4.0,R,3.0,R,75.0,R,15
444316,2010,A,,A,,A,,R,126.0,R,0.0,R,126.0,R,50.0,R,40.0,R,0.0,R,0.0,R,0.0,R,0.0,A,,R,16
444325,2010,A,,A,,A,,R,32.0,R,0.0,R,32.0,R,23.0,R,72.0,R,12.0,R,0.0,R,12.0,R,9.0,R,75.0,R,18
444334,2010,A,,A,,A,,R,119.0,R,0.0,R,119.0,R,113.0,R,95.0,R,0.0,R,0.0,R,0.0,R,0.0,A,,R,15
444343,2010,A,,A,,A,,R,113.0,R,0.0,R,113.0,R,90.0,R,80.0,R,0.0,R,0.0,R,0.0,R,0.0,A,,R,15
444352,2010,A,,A,,A,,R,229.0,R,0.0,R,229.0,R,204.0,R,89.0,R,0.0,R,0.0,R,0.0,R,0.0,A,,R,20
444361,2010,A,,A,,A,,R,12.0,R,0.0,R,12.0,R,11.0,R,92.0,R,0.0,R,0.0,R,0.0,R,0.0,A,,R,15
444370,2010,A,,A,,A,,A,,A,,A,,A,,A,,A,,A,,A,,A,,A,,R,33
444389,2010,A,,A,,A,,R,202.0,Z,0.0,R,202.0,R,141.0,R,70.0,R,0.0,R,0.0,R,0.0,R,0.0,A,,R,17
444398,2010,R,31.0,R,58.0,R,53.0,R,19.0,R,0.0,R,19.0,R,11.0,R,58.0,R,3.0,R,0.0,R,3.0,R,1.0,R,33.0,R,12
444404,2010,A,,A,,A,,R,45.0,R,0.0,R,45.0,R,39.0,R,87.0,R,21.0,R,0.0,R,21.0,R,18.0,R,86.0,R,13
444413,2010,R,40.0,R,46.0,R,87.0,R,45.0,R,0.0,R,45.0,R,37.0,R,82.0,R,0.0,R,0.0,R,0.0,R,0.0,A,,R,27
444422,2010,A,,A,,A,,R,51.0,R,0.0,R,51.0,R,29.0,R,57.0,R,0.0,R,0.0,R,0.0,R,0.0,A,,R,16
444440,2010,A,,A,,A,,R,129.0,R,0.0,R,129.0,R,102.0,R,79.0,R,0.0,R,0.0,R,0.0,R,0.0,A,,R,18
444459,2010,A,,A,,A,,A,,A,,A,,A,,A,,A,,A,,A,,A,,A,,R,4
444468,2010,A,,A,,A,,R,8.0,Z,0.0,R,8.0,R,6.0,R,75.0,R,0.0,R,0.0,R,0.0,R,0.0,A,,R,7
444477,2010,A,,A,,A,,R,58.0,R,0.0,R,58.0,R,53.0,R,91.0,R,0.0,R,0.0,R,0.0,R,0.0,A,,R,15
444486,2010,A,,A,,A,,R,95.0,R,0.0,R,95.0,R,72.0,R,76.0,R,13.0,R,0.0,R,13.0,R,9.0,R,69.0,R,13
444510,2010,A,,A,,A,,R,0.0,Z,0.0,R,0.0,Z,0.0,A,,R,0.0,Z,0.0,R,0.0,Z,0.0,A,,R,25
444529,2010,A,,A,,A,,A,,A,,A,,A,,A,,A,,A,,A,,A,,A,,R,22
444547,2010,R,6.0,R,11.0,R,55.0,R,1.0,Z,0.0,R,1.0,R,0.0,R,0.0,R,3.0,Z,0.0,R,3.0,R,1.0,R,33.0,R,8
444556,2010,A,,A,,A,,R,24.0,R,0.0,R,24.0,R,20.0,R,83.0,R,0.0,R,0.0,R,0.0,R,0.0,A,,R,15
444565,2010,A,,A,,A,,R,91.0,R,0.0,R,91.0,R,52.0,R,57.0,R,26.0,R,0.0,R,26.0,R,14.0,R,54.0,R,14
444574,2010,A,,A,,A,,R,97.0,R,0.0,R,97.0,R,80.0,R,82.0,R,0.0,R,0.0,R,0.0,R,0.0,A,,R,20
444583,2010,A,,A,,A,,R,133.0,R,0.0,R,133.0,R,115.0,R,86.0,R,0.0,R,0.0,R,0.0,R,0.0,A,,R,30
444592,2010,A,,A,,A,,R,77.0,R,0.0,R,77.0,R,26.0,R,34.0,R,25.0,R,0.0,R,25.0,R,22.0,R,88.0,R,4
444608,2010,A,,A,,A,,R,18.0,Z,0.0,R,18.0,R,13.0,R,72.0,R,0.0,Z,0.0,R,0.0,R,0.0,A,,R,7
444626,2010,A,,A,,A,,R,13.0,Z,0.0,R,13.0,R,10.0,R,77.0,R,36.0,Z,0.0,R,36.0,R,30.0,R,83.0,R,15
444635,2010,A,,A,,A,,A,,A,,A,,A,,A,,A,,A,,A,,A,,A,,R,7
444644,2010,A,,A,,A,,A,,A,,A,,A,,A,,A,,A,,A,,A,,A,,R,22
444653,2010,A,,A,,A,,R,34.0,Z,0.0,R,34.0,R,15.0,R,44.0,R,17.0,Z,0.0,R,17.0,R,3.0,R,18.0,R,16
444662,2010,A,,A,,A,,R,28.0,R,0.0,R,28.0,R,17.0,R,61.0,R,21.0,R,0.0,R,21.0,R,12.0,R,57.0,R,7
444671,2010,A,,A,,A,,R,97.0,R,0.0,R,97.0,R,65.0,R,67.0,R,0.0,R,0.0,R,0.0,R,0.0,A,,R,10
444680,2010,A,,A,,A,,R,35.0,R,0.0,R,35.0,R,28.0,R,80.0,R,0.0,R,0.0,R,0.0,R,0.0,A,,R,15
444705,2010,A,,A,,A,,R,13.0,R,2.0,R,11.0,R,9.0,R,82.0,R,0.0,R,0.0,R,0.0,R,0.0,A,,R,11
444714,2010,A,,A,,A,,A,,A,,A,,A,,A,,A,,A,,A,,A,,A,,R,41
444723,2010,A,,A,,A,,R,36.0,R,0.0,R,36.0,R,6.0,R,17.0,R,16.0,R,0.0,R,16.0,R,8.0,R,50.0,R,66
444732,2010,A,,A,,A,,R,37.0,R,0.0,R,37.0,R,25.0,R,68.0,R,0.0,R,0.0,R,0.0,R,0.0,A,,R,17
444750,2010,A,,A,,A,,R,2.0,R,0.0,R,2.0,R,1.0,R,50.0,R,0.0,R,0.0,R,0.0,R,0.0,A,,R,8
444769,2010,A,,A,,A,,R,17.0,R,0.0,R,17.0,R,16.0,R,94.0,R,20.0,R,0.0,R,20.0,R,17.0,R,85.0,R,11
444778,2010,R,5.0,R,51.0,R,10.0,R,12.0,R,1.0,R,11.0,R,9.0,R,82.0,R,6.0,R,0.0,R,6.0,R,1.0,R,17.0,R,6
444787,2010,A,,A,,A,,R,0.0,R,0.0,R,0.0,R,0.0,A,,R,8.0,R,0.0,R,8.0,R,4.0,R,50.0,R,6
444796,2010,A,,A,,A,,A,,A,,A,,A,,A,,A,,A,,A,,A,,A,,R,10
444857,2010,A,,A,,A,,R,19.0,R,0.0,R,19.0,R,18.0,R,95.0,R,11.0,R,0.0,R,11.0,R,11.0,R,100.0,R,8
444866,2010,A,,A,,A,,R,59.0,R,0.0,R,59.0,R,36.0,R,61.0,R,26.0,R,0.0,R,26.0,R,11.0,R,42.0,R,12
444893,2010,A,,A,,A,,A,,A,,A,,A,,A,,A,,A,,A,,A,,A,,R,23
444909,2010,A,,A,,A,,R,12.0,R,0.0,R,12.0,R,12.0,R,100.0,R,0.0,R,0.0,R,0.0,R,0.0,A,,R,4
444927,2010,R,65.0,R,135.0,R,48.0,R,35.0,R,0.0,R,35.0,R,21.0,R,60.0,R,12.0,R,0.0,R,12.0,R,8.0,R,67.0,R,9
444936,2010,A,,A,,A,,R,76.0,R,0.0,R,76.0,R,23.0,R,30.0,R,0.0,R,0.0,R,0.0,R,0.0,A,,R,17
444945,2010,A,,A,,A,,R,84.0,R,0.0,R,84.0,R,59.0,R,70.0,R,0.0,R,0.0,R,0.0,R,0.0,A,,R,13
444954,2010,R,546.0,R,1476.0,R,37.0,R,475.0,R,1.0,R,474.0,R,164.0,R,35.0,R,73.0,R,0.0,R,73.0,R,25.0,R,34.0,R,23
444972,2010,R,74.0,R,74.0,R,100.0,R,64.0,R,0.0,R,64.0,R,46.0,R,72.0,R,0.0,R,0.0,R,0.0,R,0.0,A,,R,10
444990,2010,A,,A,,A,,A,,A,,A,,A,,A,,A,,A,,A,,A,,A,,R,16
445009,2010,R,404.0,R,1199.0,R,34.0,R,350.0,R,0.0,R,350.0,R,221.0,R,63.0,R,335.0,R,0.0,R,335.0,R,123.0,R,37.0,R,30
445018,2010,R,185.0,R,642.0,R,29.0,R,226.0,Z,0.0,R,226.0,R,122.0,R,54.0,R,127.0,Z,0.0,R,127.0,R,29.0,R,23.0,R,19
445027,2010,R,1868.0,R,4050.0,R,46.0,R,0.0,R,0.0,R,0.0,R,0.0,A,,R,0.0,R,0.0,R,0.0,R,0.0,A,,R,31
445072,2010,R,130.0,R,232.0,R,56.0,R,114.0,R,1.0,R,113.0,R,27.0,R,24.0,R,6.0,R,0.0,R,6.0,R,2.0,R,33.0,R,18
445081,2010,R,91.0,R,118.0,R,77.0,R,0.0,R,0.0,R,0.0,R,0.0,A,,R,0.0,R,0.0,R,0.0,R,0.0,A,,R,19
445090,2010,R,102.0,R,117.0,R,87.0,R,111.0,R,0.0,R,111.0,R,74.0,R,67.0,R,15.0,R,0.0,R,15.0,R,6.0,R,40.0,R,14
445115,2010,A,,A,,A,,R,162.0,Z,0.0,R,162.0,R,96.0,R,59.0,R,0.0,Z,0.0,R,0.0,R,0.0,A,,R,27
445124,2010,R,119.0,R,288.0,R,41.0,R,117.0,R,0.0,R,117.0,R,91.0,R,78.0,R,89.0,R,0.0,R,89.0,R,67.0,R,75.0,R,25
445133,2010,R,61.0,R,172.0,R,35.0,R,11.0,R,0.0,R,11.0,R,0.0,R,0.0,R,7.0,R,0.0,R,7.0,R,0.0,R,0.0,R,31
445142,2010,A,,A,,A,,R,97.0,R,0.0,R,97.0,R,63.0,R,65.0,R,0.0,R,0.0,R,0.0,R,0.0,A,,R,26
445188,2010,R,1336.0,R,1547.0,R,86.0,R,1127.0,R,0.0,R,1127.0,R,982.0,R,87.0,R,0.0,R,0.0,R,0.0,R,0.0,A,,R,16
445197,2010,A,,A,,A,,R,154.0,R,0.0,R,154.0,R,99.0,R,64.0,R,12.0,R,0.0,R,12.0,R,5.0,R,42.0,R,32
445203,2010,A,,A,,A,,R,296.0,Z,0.0,R,296.0,R,204.0,R,69.0,Z,0.0,Z,0.0,Z,0.0,Z,0.0,A,,R,24
445212,2010,A,,A,,A,,R,124.0,Z,0.0,R,124.0,R,109.0,R,88.0,R,46.0,Z,0.0,R,46.0,R,44.0,R,96.0,R,15
445221,2010,A,,A,,A,,R,32.0,R,0.0,R,32.0,R,19.0,R,59.0,R,7.0,R,0.0,R,7.0,R,4.0,R,57.0,R,13
445230,2010,A,,A,,A,,R,263.0,R,0.0,R,263.0,R,160.0,R,61.0,R,0.0,R,0.0,R,0.0,R,0.0,A,,R,25
445249,2010,A,,A,,A,,R,160.0,Z,0.0,R,160.0,R,98.0,R,61.0,Z,0.0,Z,0.0,Z,0.0,Z,0.0,A,,R,23
445258,2010,A,,A,,A,,R,4.0,R,0.0,R,4.0,R,4.0,R,100.0,R,0.0,R,0.0,R,0.0,R,0.0,A,,R,29
445267,2010,A,,A,,A,,A,,A,,A,,A,,A,,A,,A,,A,,A,,A,,R,25
445276,2010,R,111.0,R,153.0,R,73.0,R,55.0,R,0.0,R,55.0,R,15.0,R,27.0,R,3.0,R,0.0,R,3.0,R,0.0,R,0.0,R,14
445300,2010,A,,A,,A,,R,55.0,R,0.0,R,55.0,R,21.0,R,38.0,R,0.0,R,0.0,R,0.0,R,0.0,A,,R,11
445319,2010,A,,A,,A,,R,20.0,R,0.0,R,20.0,R,4.0,R,20.0,R,0.0,R,0.0,R,0.0,R,0.0,A,,R,7
445328,2010,A,,A,,A,,R,284.0,Z,0.0,R,284.0,R,183.0,R,64.0,R,0.0,Z,0.0,R,0.0,R,0.0,A,,R,49
445337,2010,A,,A,,A,,R,199.0,Z,0.0,R,199.0,R,136.0,R,68.0,R,0.0,Z,0.0,R,0.0,R,0.0,A,,R,28
445346,2010,A,,A,,A,,R,172.0,Z,0.0,R,172.0,R,92.0,R,53.0,R,0.0,Z,0.0,R,0.0,R,0.0,A,,R,30
445355,2010,A,,A,,A,,R,102.0,R,0.0,R,102.0,R,49.0,R,48.0,Z,0.0,Z,0.0,Z,0.0,Z,0.0,A,,R,57
445364,2010,A,,A,,A,,R,48.0,R,0.0,R,48.0,R,32.0,R,67.0,R,0.0,R,0.0,R,0.0,R,0.0,A,,R,25
445373,2010,A,,A,,A,,R,153.0,R,0.0,R,153.0,R,89.0,R,58.0,R,0.0,R,0.0,R,0.0,R,0.0,A,,R,61
445382,2010,A,,A,,A,,R,270.0,R,0.0,R,270.0,R,146.0,R,54.0,R,0.0,R,0.0,R,0.0,R,0.0,A,,R,60
445391,2010,A,,A,,A,,R,21.0,R,0.0,R,21.0,R,9.0,R,43.0,R,0.0,R,0.0,R,0.0,R,0.0,A,,R,6
445407,2010,R,31.0,R,274.0,R,11.0,R,33.0,R,0.0,R,33.0,R,17.0,R,52.0,R,27.0,R,0.0,R,27.0,R,11.0,R,41.0,R,187
445416,2010,A,,A,,A,,R,1.0,Z,0.0,R,1.0,R,1.0,R,100.0,R,0.0,Z,0.0,R,0.0,R,0.0,A,,R,22
445434,2010,A,,A,,A,,R,2.0,R,0.0,R,2.0,R,0.0,R,0.0,R,1.0,R,0.0,R,1.0,R,0.0,R,0.0,R,30
445452,2010,A,,A,,A,,R,483.0,R,0.0,R,483.0,R,325.0,R,67.0,R,1.0,R,0.0,R,1.0,R,1.0,R,100.0,R,27
445461,2010,A,,A,,A,,R,307.0,R,0.0,R,307.0,R,207.0,R,67.0,R,0.0,R,0.0,R,0.0,R,0.0,A,,R,41
445470,2010,A,,A,,A,,R,75.0,R,0.0,R,75.0,R,41.0,R,55.0,R,7.0,R,0.0,R,7.0,R,2.0,R,29.0,R,68
445489,2010,A,,A,,A,,R,15.0,R,0.0,R,15.0,R,9.0,R,60.0,R,12.0,R,0.0,R,12.0,R,8.0,R,67.0,R,13
445498,2010,A,,A,,A,,R,29.0,R,0.0,R,29.0,R,24.0,R,83.0,R,0.0,R,0.0,R,0.0,R,0.0,A,,R,31
445504,2010,A,,A,,A,,R,39.0,Z,0.0,R,39.0,R,24.0,R,62.0,R,4.0,Z,0.0,R,4.0,R,3.0,R,75.0,R,15
445531,2010,A,,A,,A,,R,9.0,R,0.0,R,9.0,R,6.0,R,67.0,R,0.0,R,0.0,R,0.0,R,0.0,A,,R,15
445540,2010,A,,A,,A,,R,21.0,R,0.0,R,21.0,R,15.0,R,71.0,R,0.0,R,0.0,R,0.0,R,0.0,A,,R,11
445559,2010,A,,A,,A,,R,123.0,R,0.0,R,123.0,R,88.0,R,72.0,R,0.0,R,0.0,R,0.0,R,0.0,A,,R,19
445577,2010,A,,A,,A,,R,105.0,R,0.0,R,105.0,R,68.0,R,65.0,R,0.0,R,0.0,R,0.0,R,0.0,A,,R,28
445601,2010,A,,A,,A,,R,134.0,R,0.0,R,134.0,R,79.0,R,59.0,R,0.0,R,0.0,R,0.0,R,0.0,A,,R,43
445610,2010,A,,A,,A,,R,48.0,R,0.0,R,48.0,R,27.0,R,56.0,R,0.0,R,0.0,R,0.0,R,0.0,A,,R,20
445629,2010,A,,A,,A,,A,,A,,A,,A,,A,,A,,A,,A,,A,,A,,R,14
445638,2010,A,,A,,A,,A,,A,,A,,A,,A,,A,,A,,A,,A,,A,,R,7
445647,2010,A,,A,,A,,A,,A,,A,,A,,A,,A,,A,,A,,A,,A,,R,11
445656,2010,A,,A,,A,,A,,A,,A,,A,,A,,A,,A,,A,,A,,A,,R,11
445665,2010,A,,A,,A,,R,54.0,Z,0.0,R,54.0,R,29.0,R,54.0,Z,0.0,Z,0.0,Z,0.0,Z,0.0,A,,R,23
445674,2010,R,149.0,R,436.0,R,34.0,R,142.0,Z,0.0,R,142.0,R,78.0,R,55.0,R,56.0,Z,0.0,R,56.0,R,23.0,R,41.0,R,16
445683,2010,A,,A,,A,,R,24.0,R,0.0,R,24.0,R,24.0,R,100.0,R,17.0,R,0.0,R,17.0,R,17.0,R,100.0,R,10
445692,2010,R,136.0,R,136.0,R,100.0,R,40.0,Z,0.0,R,40.0,R,33.0,R,83.0,Z,0.0,Z,0.0,Z,0.0,Z,0.0,A,,R,17
445708,2010,R,713.0,R,952.0,R,75.0,R,516.0,Z,0.0,R,516.0,R,387.0,R,75.0,R,0.0,R,0.0,R,0.0,R,0.0,A,,R,27
445717,2010,A,,A,,A,,R,27.0,R,0.0,R,27.0,R,10.0,R,37.0,R,0.0,R,0.0,R,0.0,R,0.0,A,,R,19
445726,2010,A,,A,,A,,R,98.0,R,0.0,R,98.0,R,61.0,R,62.0,R,0.0,R,0.0,R,0.0,R,0.0,A,,R,20
445735,2010,A,,A,,A,,A,,A,,A,,A,,A,,A,,A,,A,,A,,A,,R,7
445744,2010,A,,A,,A,,R,196.0,R,0.0,R,196.0,R,139.0,R,71.0,R,0.0,R,0.0,R,0.0,R,0.0,A,,R,37
445753,2010,A,,A,,A,,R,186.0,R,0.0,R,186.0,R,137.0,R,74.0,R,0.0,R,0.0,R,0.0,R,0.0,A,,R,35
445762,2010,R,36.0,R,36.0,R,100.0,R,37.0,R,0.0,R,37.0,R,16.0,R,43.0,Z,0.0,Z,0.0,Z,0.0,Z,0.0,A,,R,18
445771,2010,A,,A,,A,,R,183.0,R,0.0,R,183.0,R,111.0,R,61.0,R,0.0,R,0.0,R,0.0,R,0.0,A,,R,63
445780,2010,A,,A,,A,,R,19.0,Z,0.0,R,19.0,R,16.0,R,84.0,Z,0.0,Z,0.0,Z,0.0,Z,0.0,A,,R,12
445799,2010,A,,A,,A,,R,970.0,R,6.0,R,964.0,R,582.0,R,60.0,R,0.0,R,0.0,R,0.0,R,0.0,A,,R,32
445814,2010,A,,A,,A,,R,240.0,R,0.0,R,240.0,R,195.0,R,81.0,R,0.0,R,0.0,R,0.0,R,0.0,A,,R,35
445832,2010,A,,A,,A,,R,44.0,R,0.0,R,44.0,R,43.0,R,98.0,R,15.0,R,0.0,R,15.0,R,13.0,R,87.0,R,8
445841,2010,A,,A,,A,,R,80.0,R,1.0,R,79.0,R,58.0,R,73.0,R,30.0,R,0.0,R,30.0,R,24.0,R,80.0,R,20
445850,2010,A,,A,,A,,R,50.0,R,0.0,R,50.0,R,35.0,R,70.0,R,12.0,R,0.0,R,12.0,R,8.0,R,67.0,R,20
445896,2010,A,,A,,A,,R,60.0,R,0.0,R,60.0,R,54.0,R,90.0,R,0.0,R,0.0,R,0.0,R,0.0,A,,R,21
445911,2010,A,,A,,A,,R,355.0,R,0.0,R,355.0,R,239.0,R,67.0,R,0.0,R,0.0,R,0.0,R,0.0,A,,R,20
445920,2010,R,80.0,R,266.0,R,30.0,R,12.0,R,0.0,R,12.0,R,7.0,R,58.0,R,5.0,R,0.0,R,5.0,R,1.0,R,20.0,R,14
445939,2010,R,21.0,R,89.0,R,24.0,R,8.0,R,0.0,R,8.0,R,2.0,R,25.0,R,2.0,R,0.0,R,2.0,R,0.0,R,0.0,R,11
445948,2010,A,,A,,A,,A,,A,,A,,A,,A,,A,,A,,A,,A,,A,,R,31
445957,2010,A,,A,,A,,R,0.0,R,0.0,R,0.0,R,0.0,A,,R,141.0,R,0.0,R,141.0,R,104.0,R,74.0,R,12
445984,2010,A,,A,,A,,R,25.0,R,0.0,R,25.0,R,17.0,R,68.0,R,0.0,R,0.0,R,0.0,R,0.0,A,,R,17
445993,2010,A,,A,,A,,R,15.0,R,0.0,R,15.0,R,13.0,R,87.0,R,6.0,R,0.0,R,6.0,R,6.0,R,100.0,R,15
446048,2010,R,163.0,R,245.0,R,67.0,R,230.0,R,0.0,R,230.0,R,161.0,R,70.0,R,0.0,R,0.0,R,0.0,R,0.0,A,,R,12
446057,2010,A,,A,,A,,A,,A,,A,,A,,A,,A,,A,,A,,A,,A,,R,16
446075,2010,A,,A,,A,,R,10.0,R,0.0,R,10.0,R,6.0,R,60.0,R,0.0,R,0.0,R,0.0,R,0.0,A,,R,10
446084,2010,A,,A,,A,,Z,0.0,Z,0.0,Z,0.0,Z,0.0,A,,R,63.0,R,0.0,R,63.0,R,58.0,R,92.0,R,10
446093,2010,A,,A,,A,,R,116.0,R,0.0,R,116.0,R,98.0,R,84.0,R,0.0,R,0.0,R,0.0,R,0.0,A,,R,13
446109,2010,A,,A,,A,,R,292.0,R,0.0,R,292.0,R,250.0,R,86.0,R,0.0,R,0.0,R,0.0,R,0.0,A,,R,24
446118,2010,A,,A,,A,,R,180.0,R,0.0,R,180.0,R,112.0,R,62.0,R,0.0,R,0.0,R,0.0,R,0.0,A,,R,20
446127,2010,A,,A,,A,,R,101.0,R,0.0,R,101.0,R,80.0,R,79.0,R,61.0,R,0.0,R,61.0,R,45.0,R,74.0,R,19
446136,2010,A,,A,,A,,R,0.0,R,0.0,R,0.0,R,0.0,A,,R,188.0,R,0.0,R,188.0,R,138.0,R,73.0,R,18
446145,2010,A,,A,,A,,A,,A,,A,,A,,A,,A,,A,,A,,A,,A,,R,12
446154,2010,A,,A,,A,,R,183.0,R,0.0,R,183.0,R,149.0,R,81.0,Z,0.0,Z,0.0,Z,0.0,Z,0.0,A,,R,15
446163,2010,R,52.0,R,58.0,R,90.0,R,29.0,R,0.0,R,29.0,R,13.0,R,45.0,R,3.0,R,0.0,R,3.0,R,0.0,R,0.0,R,8
446190,2010,A,,A,,A,,R,17.0,R,0.0,R,17.0,R,12.0,R,71.0,R,0.0,R,0.0,R,0.0,R,0.0,A,,R,12
446206,2010,A,,A,,A,,R,9.0,R,0.0,R,9.0,R,8.0,R,89.0,R,5.0,R,0.0,R,5.0,R,4.0,R,80.0,R,2
446215,2010,A,,A,,A,,R,13.0,R,0.0,R,13.0,R,10.0,R,77.0,R,0.0,R,0.0,R,0.0,R,0.0,A,,R,15
446224,2010,A,,A,,A,,A,,A,,A,,A,,A,,A,,A,,A,,A,,A,,R,12
446233,2010,R,30.0,R,79.0,R,38.0,R,42.0,R,0.0,R,42.0,R,26.0,R,62.0,R,2.0,R,0.0,R,2.0,R,0.0,R,0.0,R,8
446242,2010,A,,A,,A,,R,97.0,R,0.0,R,97.0,R,44.0,R,45.0,R,0.0,R,0.0,R,0.0,R,0.0,A,,R,14
446251,2010,A,,A,,A,,R,0.0,R,0.0,R,0.0,R,0.0,A,,R,36.0,R,0.0,R,36.0,R,30.0,R,83.0,R,21
446260,2010,A,,A,,A,,R,56.0,Z,0.0,R,56.0,R,50.0,R,89.0,R,2.0,Z,0.0,R,2.0,R,2.0,R,100.0,R,15
446288,2010,A,,A,,A,,R,62.0,R,0.0,R,62.0,R,44.0,R,71.0,R,16.0,Z,0.0,R,16.0,R,14.0,R,88.0,R,15
446297,2010,A,,A,,A,,R,8.0,Z,0.0,R,8.0,R,6.0,R,75.0,R,1.0,R,0.0,R,1.0,R,0.0,R,0.0,R,9
446303,2010,A,,A,,A,,R,18.0,R,0.0,R,18.0,R,16.0,R,89.0,R,22.0,R,0.0,R,22.0,R,17.0,R,77.0,R,9
446312,2010,A,,A,,A,,R,30.0,R,0.0,R,30.0,R,24.0,R,80.0,R,0.0,R,0.0,R,0.0,R,0.0,A,,R,25
446321,2010,A,,A,,A,,R,0.0,R,0.0,R,0.0,R,0.0,A,,R,16.0,R,0.0,R,16.0,R,16.0,R,100.0,R,4
446349,2010,A,,A,,A,,R,10.0,R,0.0,R,10.0,R,10.0,R,100.0,R,0.0,R,0.0,R,0.0,R,0.0,A,,R,10
446358,2010,A,,A,,A,,R,19.0,Z,0.0,R,19.0,R,18.0,R,95.0,R,2.0,Z,0.0,R,2.0,R,2.0,R,100.0,R,7
446385,2010,R,25.0,R,48.0,R,52.0,R,20.0,R,0.0,R,20.0,R,11.0,R,55.0,R,0.0,R,0.0,R,0.0,R,0.0,A,,R,7
446394,2010,A,,A,,A,,R,1.0,R,0.0,R,1.0,R,0.0,R,0.0,R,9.0,R,0.0,R,9.0,R,3.0,R,33.0,R,3
446400,2010,A,,A,,A,,R,85.0,Z,0.0,R,85.0,R,47.0,R,55.0,Z,0.0,Z,0.0,Z,0.0,Z,0.0,A,,R,20
446419,2010,A,,A,,A,,A,,A,,A,,A,,A,,A,,A,,A,,A,,A,,R,15
446428,2010,A,,A,,A,,A,,A,,A,,A,,A,,A,,A,,A,,A,,A,,R,26
446437,2010,A,,A,,A,,R,130.0,R,3.0,R,127.0,R,120.0,R,94.0,R,54.0,R,2.0,R,52.0,R,35.0,R,67.0,R,10
446446,2010,R,20.0,R,21.0,R,95.0,R,22.0,R,0.0,R,22.0,R,17.0,R,77.0,Z,0.0,Z,0.0,Z,0.0,Z,0.0,A,,R,10
446455,2010,A,,A,,A,,R,42.0,R,0.0,R,42.0,R,38.0,R,90.0,R,0.0,R,0.0,R,0.0,R,0.0,A,,R,8
446464,2010,A,,A,,A,,R,17.0,R,0.0,R,17.0,R,14.0,R,82.0,R,0.0,R,0.0,R,0.0,R,0.0,A,,R,7
446491,2010,A,,A,,A,,R,15.0,R,0.0,R,15.0,R,13.0,R,87.0,R,0.0,R,0.0,R,0.0,R,0.0,A,,R,19
446507,2010,A,,A,,A,,A,,A,,A,,A,,A,,A,,A,,A,,A,,A,,R,3
446516,2010,A,,A,,A,,R,13.0,R,0.0,R,13.0,R,2.0,R,15.0,R,0.0,R,0.0,R,0.0,R,0.0,A,,R,2
446525,2010,A,,A,,A,,R,93.0,Z,0.0,R,93.0,R,67.0,R,72.0,R,0.0,R,0.0,R,0.0,R,0.0,A,,R,39
446534,2010,A,,A,,A,,R,68.0,R,0.0,R,68.0,R,54.0,R,79.0,R,0.0,R,0.0,R,0.0,R,0.0,A,,R,9
446543,2010,A,,A,,A,,R,19.0,Z,0.0,R,19.0,R,18.0,R,95.0,Z,0.0,Z,0.0,Z,0.0,Z,0.0,A,,R,3
446552,2010,A,,A,,A,,R,878.0,R,1.0,R,877.0,R,636.0,R,73.0,R,0.0,R,0.0,R,0.0,R,0.0,A,,R,15
446561,2010,A,,A,,A,,R,0.0,R,0.0,R,0.0,R,0.0,A,,R,4.0,R,0.0,R,4.0,R,0.0,R,0.0,R,15
446570,2010,A,,A,,A,,R,4.0,R,0.0,R,4.0,R,4.0,R,100.0,R,15.0,R,0.0,R,15.0,R,12.0,R,80.0,R,18
446589,2010,A,,A,,A,,R,2.0,R,0.0,R,2.0,R,2.0,R,100.0,R,11.0,R,0.0,R,11.0,R,11.0,R,100.0,R,15
446598,2010,R,23.0,R,24.0,R,96.0,R,13.0,Z,0.0,R,13.0,R,12.0,R,92.0,Z,0.0,Z,0.0,Z,0.0,R,0.0,A,,R,12
446604,2010,R,247.0,R,323.0,R,76.0,R,284.0,R,0.0,R,284.0,R,254.0,R,89.0,Z,0.0,Z,0.0,Z,0.0,Z,0.0,A,,R,14
446613,2010,R,2.0,R,7.0,R,29.0,R,3.0,R,0.0,R,3.0,R,3.0,R,100.0,R,4.0,R,0.0,R,4.0,R,1.0,R,25.0,R,4
446640,2010,R,66.0,R,221.0,R,30.0,R,35.0,R,0.0,R,35.0,R,12.0,R,34.0,R,3.0,R,0.0,R,3.0,R,1.0,R,33.0,R,9
446668,2010,R,182.0,R,350.0,R,52.0,R,14.0,R,0.0,R,14.0,R,10.0,R,71.0,R,16.0,R,0.0,R,16.0,R,3.0,R,19.0,R,14
446677,2010,A,,A,,A,,R,12.0,R,0.0,R,12.0,R,9.0,R,75.0,Z,0.0,Z,0.0,Z,0.0,Z,0.0,A,,R,18
446710,2010,A,,A,,A,,R,13.0,R,0.0,R,13.0,R,2.0,R,15.0,R,0.0,R,0.0,R,0.0,R,0.0,A,,R,5
446729,2010,A,,A,,A,,R,0.0,R,0.0,R,0.0,R,0.0,A,,R,0.0,R,0.0,R,0.0,R,0.0,A,,R,2
446738,2010,A,,A,,A,,R,23.0,R,0.0,R,23.0,R,9.0,R,39.0,R,0.0,R,0.0,R,0.0,R,0.0,A,,R,16
446747,2010,A,,A,,A,,R,25.0,R,0.0,R,25.0,R,12.0,R,48.0,R,0.0,R,0.0,R,0.0,R,0.0,A,,R,13
446756,2010,A,,A,,A,,R,31.0,R,0.0,R,31.0,R,13.0,R,42.0,R,0.0,R,0.0,R,0.0,R,0.0,A,,R,12
446765,2010,A,,A,,A,,R,23.0,R,0.0,R,23.0,R,7.0,R,30.0,R,0.0,R,0.0,R,0.0,R,0.0,A,,R,13
446774,2010,R,269.0,R,1442.0,R,19.0,R,317.0,R,0.0,R,317.0,R,181.0,R,57.0,R,82.0,R,0.0,R,82.0,R,44.0,R,54.0,R,28
446783,2010,A,,A,,A,,R,72.0,R,0.0,R,72.0,R,57.0,R,79.0,R,0.0,R,0.0,R,0.0,R,0.0,A,,R,18
446792,2010,R,94.0,R,207.0,R,45.0,R,19.0,R,1.0,R,18.0,R,9.0,R,50.0,R,52.0,R,2.0,R,50.0,R,25.0,R,50.0,R,19
446808,2010,R,73.0,R,121.0,R,60.0,R,36.0,R,0.0,R,36.0,R,22.0,R,61.0,R,30.0,Z,0.0,R,30.0,R,12.0,R,40.0,R,9
446817,2010,R,97.0,R,213.0,R,46.0,R,23.0,R,0.0,R,23.0,R,19.0,R,83.0,R,10.0,R,0.0,R,10.0,R,8.0,R,80.0,R,30
446835,2010,A,,A,,A,,R,204.0,Z,0.0,R,204.0,R,145.0,R,71.0,Z,0.0,Z,0.0,Z,0.0,Z,0.0,A,,R,33
446844,2010,A,,A,,A,,R,171.0,Z,0.0,R,171.0,R,124.0,R,73.0,Z,0.0,Z,0.0,Z,0.0,Z,0.0,A,,R,40
446853,2010,A,,A,,A,,R,129.0,R,0.0,R,129.0,R,99.0,R,77.0,R,0.0,R,0.0,R,0.0,R,0.0,A,,R,35
446880,2010,R,47.0,R,69.0,R,68.0,R,21.0,R,0.0,R,21.0,R,10.0,R,48.0,R,20.0,R,0.0,R,20.0,R,1.0,R,5.0,R,16
446899,2010,R,92.0,R,124.0,R,74.0,R,0.0,R,0.0,R,0.0,R,0.0,A,,R,0.0,R,0.0,R,0.0,R,0.0,A,,R,19
446905,2010,R,61.0,R,77.0,R,79.0,R,1.0,R,0.0,R,1.0,R,1.0,R,100.0,R,0.0,R,0.0,R,0.0,R,0.0,A,,R,26
446914,2010,R,168.0,R,233.0,R,72.0,R,0.0,R,0.0,R,0.0,R,0.0,A,,R,0.0,R,0.0,R,0.0,R,0.0,A,,R,28
446923,2010,R,52.0,R,83.0,R,63.0,R,0.0,R,0.0,R,0.0,R,0.0,A,,R,0.0,R,0.0,R,0.0,R,0.0,A,,R,19
446996,2010,A,,A,,A,,R,16.0,Z,0.0,R,16.0,R,9.0,R,56.0,R,8.0,Z,0.0,R,8.0,R,5.0,R,63.0,R,25
447014,2010,A,,A,,A,,R,52.0,R,0.0,R,52.0,R,35.0,R,67.0,R,0.0,R,0.0,R,0.0,R,0.0,A,,R,15
447023,2010,A,,A,,A,,R,481.0,R,0.0,R,481.0,R,415.0,R,86.0,R,0.0,R,0.0,R,0.0,R,0.0,A,,R,30
447050,2010,A,,A,,A,,R,0.0,R,0.0,R,0.0,R,0.0,A,,R,0.0,R,0.0,R,0.0,R,0.0,A,,R,14
447069,2010,R,89.0,R,134.0,R,66.0,R,114.0,R,4.0,R,110.0,R,45.0,R,41.0,R,1.0,R,0.0,R,1.0,R,0.0,R,0.0,R,17
447102,2010,A,,A,,A,,R,255.0,Z,0.0,R,255.0,R,165.0,R,65.0,R,0.0,Z,0.0,R,0.0,R,0.0,A,,R,48
447120,2010,A,,A,,A,,R,160.0,Z,0.0,R,160.0,R,109.0,R,68.0,R,0.0,Z,0.0,R,0.0,R,0.0,A,,R,43
447148,2010,A,,A,,A,,R,81.0,Z,0.0,R,81.0,R,47.0,R,58.0,R,19.0,Z,0.0,R,19.0,R,13.0,R,68.0,R,11
447157,2010,A,,A,,A,,R,22.0,Z,0.0,R,22.0,R,14.0,R,64.0,R,5.0,Z,0.0,R,5.0,R,4.0,R,80.0,R,9
447166,2010,A,,A,,A,,R,28.0,Z,0.0,R,28.0,R,16.0,R,57.0,R,4.0,Z,0.0,R,4.0,R,3.0,R,75.0,R,15
447175,2010,A,,A,,A,,R,34.0,Z,0.0,R,34.0,R,16.0,R,47.0,R,9.0,Z,0.0,R,9.0,R,5.0,R,56.0,R,17
447209,2010,A,,A,,A,,R,317.0,R,0.0,R,317.0,R,185.0,R,58.0,R,0.0,R,0.0,R,0.0,R,0.0,A,,R,57
447218,2010,A,,A,,A,,R,328.0,R,0.0,R,328.0,R,223.0,R,68.0,R,0.0,R,0.0,R,0.0,R,0.0,A,,R,63
447227,2010,A,,A,,A,,R,306.0,R,0.0,R,306.0,R,141.0,R,46.0,R,0.0,R,0.0,R,0.0,R,0.0,A,,R,45
447236,2010,A,,A,,A,,R,0.0,R,0.0,R,0.0,R,0.0,A,,R,0.0,R,0.0,R,0.0,R,0.0,A,,R,27
447245,2010,A,,A,,A,,R,272.0,R,0.0,R,272.0,R,177.0,R,65.0,R,0.0,R,0.0,R,0.0,R,0.0,A,,R,58
447254,2010,A,,A,,A,,R,15.0,R,0.0,R,15.0,R,12.0,R,80.0,R,0.0,R,0.0,R,0.0,R,0.0,A,,R,7
447263,2010,R,97.0,R,97.0,R,100.0,R,173.0,R,0.0,R,173.0,R,147.0,R,85.0,Z,0.0,Z,0.0,Z,0.0,Z,0.0,A,,R,10
447272,2010,R,6.0,R,35.0,R,17.0,R,17.0,R,0.0,R,17.0,R,6.0,R,35.0,R,13.0,R,0.0,R,13.0,R,5.0,R,38.0,R,10
447290,2010,R,195.0,R,195.0,R,100.0,R,6.0,Z,0.0,R,6.0,R,4.0,R,67.0,R,0.0,Z,0.0,R,0.0,R,0.0,A,,R,12
447315,2010,A,,A,,A,,R,23.0,R,0.0,R,23.0,R,16.0,R,70.0,R,5.0,R,0.0,R,5.0,R,5.0,R,100.0,R,11
447324,2010,A,,A,,A,,R,41.0,R,0.0,R,41.0,R,31.0,R,76.0,R,7.0,R,0.0,R,7.0,R,5.0,R,71.0,R,20
447333,2010,A,,A,,A,,R,23.0,R,1.0,R,22.0,R,15.0,R,68.0,R,8.0,R,0.0,R,8.0,R,6.0,R,75.0,R,15
447342,2010,A,,A,,A,,R,23.0,R,0.0,R,23.0,R,15.0,R,65.0,R,7.0,R,0.0,R,7.0,R,4.0,R,57.0,R,13
447351,2010,A,,A,,A,,R,157.0,R,0.0,R,157.0,R,144.0,R,92.0,R,0.0,Z,0.0,R,0.0,Z,0.0,A,,R,18
447360,2010,A,,A,,A,,R,47.0,R,2.0,R,45.0,R,35.0,R,78.0,R,0.0,R,0.0,R,0.0,R,0.0,A,,R,15
447379,2010,A,,A,,A,,R,87.0,R,0.0,R,87.0,R,70.0,R,80.0,Z,0.0,Z,0.0,Z,0.0,Z,0.0,A,,R,6
447388,2010,A,,A,,A,,R,209.0,R,0.0,R,209.0,R,197.0,R,94.0,R,0.0,R,0.0,R,0.0,R,0.0,A,,R,5
447397,2010,R,22.0,R,67.0,R,33.0,R,64.0,R,0.0,R,64.0,R,37.0,R,58.0,R,16.0,R,0.0,R,16.0,R,12.0,R,75.0,R,13
447403,2010,A,,A,,A,,R,760.0,R,2.0,R,758.0,R,462.0,R,61.0,R,0.0,R,0.0,R,0.0,R,0.0,A,,R,30
447421,2010,R,32.0,R,211.0,R,15.0,R,0.0,R,0.0,R,0.0,R,0.0,A,,R,0.0,R,0.0,R,0.0,R,0.0,A,,R,8
447430,2010,A,,A,,A,,R,25.0,Z,0.0,R,25.0,R,21.0,R,84.0,R,10.0,Z,0.0,R,10.0,R,9.0,R,90.0,R,8
447449,2010,A,,A,,A,,A,,A,,A,,A,,A,,A,,A,,A,,A,,A,,R,10
447458,2010,A,,A,,A,,R,96.0,R,1.0,R,95.0,R,46.0,R,48.0,R,0.0,R,0.0,R,0.0,R,0.0,A,,R,14
447467,2010,A,,A,,A,,R,63.0,R,0.0,R,63.0,R,51.0,R,81.0,R,0.0,R,0.0,R,0.0,R,0.0,A,,R,12
447476,2010,R,55.0,R,93.0,R,59.0,R,19.0,R,0.0,R,19.0,R,7.0,R,37.0,R,1.0,R,0.0,R,1.0,R,1.0,R,100.0,R,8
447485,2010,R,17.0,R,111.0,R,15.0,R,5.0,R,0.0,R,5.0,R,1.0,R,20.0,R,6.0,R,0.0,R,6.0,R,2.0,R,33.0,R,57
447494,2010,A,,A,,A,,R,140.0,R,0.0,R,140.0,R,92.0,R,66.0,R,26.0,R,0.0,R,26.0,R,12.0,R,46.0,R,18
447519,2010,A,,A,,A,,R,91.0,R,0.0,R,91.0,R,63.0,R,69.0,R,10.0,R,0.0,R,10.0,R,7.0,R,70.0,R,29
447528,2010,A,,A,,A,,R,200.0,R,0.0,R,200.0,R,148.0,R,74.0,R,0.0,R,0.0,R,0.0,R,0.0,A,,R,21
447582,2010,R,469.0,R,1577.0,R,30.0,R,490.0,Z,0.0,R,490.0,R,262.0,R,53.0,R,76.0,Z,0.0,R,76.0,R,24.0,R,32.0,R,27
447591,2010,A,,A,,A,,R,6.0,Z,0.0,R,6.0,R,5.0,R,83.0,Z,0.0,Z,0.0,Z,0.0,Z,0.0,A,,R,10
447625,2010,R,56.0,R,116.0,R,48.0,R,48.0,Z,0.0,R,48.0,R,3.0,R,6.0,R,34.0,Z,0.0,R,34.0,R,24.0,R,71.0,R,12
447634,2010,A,,A,,A,,R,208.0,R,0.0,R,208.0,R,153.0,R,74.0,R,0.0,R,0.0,R,0.0,R,0.0,A,,R,36
447652,2010,A,,A,,A,,R,46.0,R,0.0,R,46.0,R,22.0,R,48.0,R,0.0,R,0.0,R,0.0,R,0.0,A,,R,21
447661,2010,A,,A,,A,,R,23.0,R,0.0,R,23.0,R,15.0,R,65.0,R,0.0,R,0.0,R,0.0,R,0.0,A,,R,10
447670,2010,R,38.0,R,152.0,R,25.0,R,5.0,R,0.0,R,5.0,R,3.0,R,60.0,R,3.0,R,0.0,R,3.0,R,1.0,R,33.0,R,17
447689,2010,R,1615.0,R,2954.0,R,55.0,R,708.0,R,0.0,R,708.0,R,498.0,R,70.0,R,143.0,R,0.0,R,143.0,R,71.0,R,50.0,R,19
447704,2010,A,,A,,A,,R,12.0,R,0.0,R,12.0,R,12.0,R,100.0,R,8.0,R,0.0,R,8.0,R,8.0,R,100.0,R,7
447713,2010,A,,A,,A,,R,0.0,R,0.0,R,0.0,R,0.0,A,,R,5.0,R,0.0,R,5.0,R,4.0,R,80.0,R,5
447722,2010,A,,A,,A,,R,22.0,Z,0.0,R,22.0,R,19.0,R,86.0,Z,0.0,Z,0.0,Z,0.0,Z,0.0,A,,R,20
447731,2010,A,,A,,A,,R,41.0,R,0.0,R,41.0,R,27.0,R,66.0,Z,0.0,Z,0.0,Z,0.0,Z,0.0,A,,R,21
447759,2010,A,,A,,A,,R,93.0,R,0.0,R,93.0,R,78.0,R,84.0,R,0.0,R,0.0,R,0.0,R,0.0,A,,R,33
447768,2010,A,,A,,A,,R,1102.0,R,0.0,R,1102.0,R,1021.0,R,93.0,R,0.0,R,0.0,R,0.0,R,0.0,A,,R,37
447777,2010,A,,A,,A,,A,,A,,A,,A,,A,,A,,A,,A,,A,,A,,R,7
447795,2010,A,,A,,A,,R,18.0,R,0.0,R,18.0,R,17.0,R,94.0,R,0.0,R,0.0,R,0.0,R,0.0,A,,R,8
447810,2010,A,,A,,A,,R,34.0,R,0.0,R,34.0,R,26.0,R,76.0,R,0.0,R,0.0,R,0.0,R,0.0,A,,R,15
447829,2010,A,,A,,A,,R,7.0,R,0.0,R,7.0,R,4.0,R,57.0,R,0.0,R,0.0,R,0.0,R,0.0,A,,R,11
447838,2010,A,,A,,A,,R,25.0,R,0.0,R,25.0,R,9.0,R,36.0,R,25.0,R,0.0,R,25.0,R,10.0,R,40.0,R,10
447847,2010,A,,A,,A,,R,10.0,R,0.0,R,10.0,R,8.0,R,80.0,R,1.0,R,0.0,R,1.0,R,1.0,R,100.0,R,3
447856,2010,A,,A,,A,,A,,A,,A,,A,,A,,A,,A,,A,,A,,A,,R,16
447865,2010,A,,A,,A,,R,5.0,R,0.0,R,5.0,R,5.0,R,100.0,R,4.0,R,0.0,R,4.0,R,4.0,R,100.0,R,3
447874,2010,A,,A,,A,,A,,A,,A,,A,,A,,A,,A,,A,,A,,A,,R,27
447883,2010,A,,A,,A,,R,28.0,Z,0.0,R,28.0,R,21.0,R,75.0,R,18.0,Z,0.0,R,18.0,R,11.0,R,61.0,R,17
447892,2010,A,,A,,A,,R,70.0,R,0.0,R,70.0,R,51.0,R,73.0,R,58.0,R,0.0,R,58.0,R,41.0,R,71.0,R,32
447908,2010,A,,A,,A,,R,13.0,R,0.0,R,13.0,R,7.0,R,54.0,R,11.0,Z,0.0,R,11.0,R,10.0,R,91.0,R,20
447917,2010,A,,A,,A,,A,,A,,A,,A,,A,,A,,A,,A,,A,,A,,R,13
447935,2010,R,73.0,R,209.0,R,35.0,R,50.0,R,0.0,R,50.0,R,44.0,R,88.0,R,0.0,R,0.0,R,0.0,R,0.0,A,,R,12
447953,2010,R,75.0,R,131.0,R,57.0,R,67.0,R,1.0,R,66.0,R,57.0,R,86.0,R,9.0,R,0.0,R,9.0,R,7.0,R,78.0,R,17
447962,2010,A,,A,,A,,R,113.0,R,0.0,R,113.0,R,69.0,R,61.0,R,0.0,R,0.0,R,0.0,R,0.0,A,,R,13
447971,2010,A,,A,,A,,R,107.0,R,0.0,R,107.0,R,87.0,R,81.0,R,0.0,R,0.0,R,0.0,R,0.0,A,,R,20
447980,2010,A,,A,,A,,R,26.0,R,0.0,R,26.0,R,20.0,R,77.0,R,1.0,R,0.0,R,1.0,R,1.0,R,100.0,R,12
447999,2010,A,,A,,A,,A,,A,,A,,A,,A,,A,,A,,A,,A,,A,,R,10
448008,2010,A,,A,,A,,R,13.0,R,0.0,R,13.0,R,10.0,R,77.0,R,0.0,R,0.0,R,0.0,R,0.0,A,,R,9
448017,2010,A,,A,,A,,A,,A,,A,,A,,A,,A,,A,,A,,A,,A,,R,7
448026,2010,A,,A,,A,,R,63.0,R,0.0,R,63.0,R,56.0,R,89.0,R,0.0,R,0.0,R,0.0,R,0.0,A,,R,10
448035,2010,A,,A,,A,,A,,A,,A,,A,,A,,A,,A,,A,,A,,A,,R,16
448044,2010,A,,A,,A,,A,,A,,A,,A,,A,,A,,A,,A,,A,,A,,R,5
448053,2010,A,,A,,A,,R,99.0,R,0.0,R,99.0,R,26.0,R,26.0,R,0.0,R,0.0,R,0.0,R,0.0,A,,R,5
448071,2010,A,,A,,A,,R,64.0,R,1.0,R,63.0,R,57.0,R,90.0,R,11.0,R,0.0,R,11.0,R,10.0,R,91.0,R,10
448080,2010,A,,A,,A,,R,6.0,R,0.0,R,6.0,R,5.0,R,83.0,R,0.0,R,0.0,R,0.0,R,0.0,A,,R,14
448099,2010,A,,A,,A,,R,22.0,R,0.0,R,22.0,R,5.0,R,23.0,Z,0.0,Z,0.0,Z,0.0,Z,0.0,A,,R,15
448105,2010,A,,A,,A,,R,17.0,R,0.0,R,17.0,R,14.0,R,82.0,R,0.0,R,0.0,R,0.0,R,0.0,A,,R,12
448114,2010,A,,A,,A,,A,,A,,A,,A,,A,,A,,A,,A,,A,,A,,R,33
448123,2010,A,,A,,A,,R,100.0,R,0.0,R,100.0,R,67.0,R,67.0,R,0.0,R,0.0,R,0.0,R,0.0,A,,R,10
448141,2010,A,,A,,A,,R,34.0,R,0.0,R,34.0,R,18.0,R,53.0,R,1.0,R,0.0,R,1.0,R,1.0,R,100.0,R,12
448150,2010,A,,A,,A,,R,136.0,R,0.0,R,136.0,R,122.0,R,90.0,R,0.0,R,0.0,R,0.0,R,0.0,A,,R,24
448196,2010,A,,A,,A,,R,73.0,R,0.0,R,73.0,R,65.0,R,89.0,R,6.0,R,0.0,R,6.0,R,5.0,R,83.0,R,28
448202,2010,A,,A,,A,,R,26.0,R,0.0,R,26.0,R,22.0,R,85.0,R,11.0,R,0.0,R,11.0,R,10.0,R,91.0,R,22
448211,2010,A,,A,,A,,R,12.0,R,0.0,R,12.0,R,12.0,R,100.0,R,19.0,R,0.0,R,19.0,R,19.0,R,100.0,R,9
448220,2010,A,,A,,A,,R,13.0,R,0.0,R,13.0,R,9.0,R,69.0,R,3.0,R,0.0,R,3.0,R,2.0,R,67.0,R,11
448239,2010,A,,A,,A,,A,,A,,A,,A,,A,,A,,A,,A,,A,,A,,R,6
448248,2010,A,,A,,A,,R,73.0,R,0.0,R,73.0,R,66.0,R,90.0,R,302.0,R,0.0,R,302.0,R,271.0,R,90.0,R,10
448257,2010,A,,A,,A,,R,20.0,R,0.0,R,20.0,R,18.0,R,90.0,R,0.0,R,0.0,R,0.0,R,0.0,A,,R,3
448266,2010,A,,A,,A,,R,21.0,Z,0.0,R,21.0,R,10.0,R,48.0,R,0.0,Z,0.0,R,0.0,R,0.0,A,,R,13
448275,2010,A,,A,,A,,A,,A,,A,,A,,A,,A,,A,,A,,A,,A,,R,20
448284,2010,A,,A,,A,,R,2.0,R,0.0,R,2.0,R,1.0,R,50.0,R,3.0,R,0.0,R,3.0,R,2.0,R,67.0,R,13
448309,2010,A,,A,,A,,R,22.0,R,0.0,R,22.0,R,14.0,R,64.0,R,0.0,R,0.0,R,0.0,R,0.0,A,,R,25
448345,2010,R,276.0,R,571.0,R,48.0,R,61.0,R,0.0,R,61.0,R,52.0,R,85.0,R,97.0,R,1.0,R,96.0,R,12.0,R,13.0,R,16
448354,2010,A,,A,,A,,R,74.0,R,1.0,R,73.0,R,64.0,R,88.0,R,34.0,R,0.0,R,34.0,R,28.0,R,82.0,R,14
448363,2010,A,,A,,A,,R,221.0,R,0.0,R,221.0,R,94.0,R,43.0,Z,0.0,Z,0.0,Z,0.0,Z,0.0,A,,R,30
448372,2010,A,,A,,A,,R,79.0,R,0.0,R,79.0,R,63.0,R,80.0,Z,0.0,Z,0.0,Z,0.0,Z,0.0,A,,R,9
448406,2010,A,,A,,A,,R,101.0,Z,0.0,R,101.0,R,23.0,R,23.0,R,0.0,R,0.0,R,0.0,R,0.0,A,,R,29
448415,2010,R,56.0,R,74.0,R,76.0,R,92.0,Z,0.0,R,92.0,R,43.0,R,47.0,R,1.0,Z,0.0,R,1.0,R,1.0,R,100.0,R,17
448424,2010,A,,A,,A,,R,22.0,R,0.0,R,22.0,R,15.0,R,68.0,R,3.0,R,0.0,R,3.0,R,3.0,R,100.0,R,13
448433,2010,A,,A,,A,,R,830.0,R,1.0,R,829.0,R,581.0,R,70.0,R,0.0,R,0.0,R,0.0,R,0.0,A,,R,29
448442,2010,R,117.0,R,137.0,R,85.0,R,33.0,R,0.0,R,33.0,R,6.0,R,18.0,R,13.0,R,0.0,R,13.0,R,1.0,R,8.0,R,22
448451,2010,R,74.0,R,104.0,R,71.0,R,0.0,R,0.0,R,0.0,R,0.0,A,,R,0.0,R,0.0,R,0.0,R,0.0,A,,R,17
448460,2010,R,37.0,R,50.0,R,74.0,R,64.0,R,4.0,R,60.0,R,23.0,R,38.0,R,2.0,R,0.0,R,2.0,R,0.0,R,0.0,R,19
448479,2010,R,106.0,R,155.0,R,68.0,R,0.0,R,0.0,R,0.0,R,0.0,A,,R,0.0,R,0.0,R,0.0,R,0.0,A,,R,20
448488,2010,R,67.0,R,81.0,R,83.0,R,0.0,R,0.0,R,0.0,R,0.0,A,,R,0.0,R,0.0,R,0.0,R,0.0,A,,R,15
448497,2010,R,99.0,R,132.0,R,75.0,R,0.0,R,0.0,R,0.0,R,0.0,A,,R,0.0,R,0.0,R,0.0,R,0.0,A,,R,22
448503,2010,R,59.0,R,68.0,R,87.0,R,1.0,R,0.0,R,1.0,R,0.0,R,0.0,R,0.0,R,0.0,R,0.0,R,0.0,A,,R,11
448512,2010,R,58.0,R,101.0,R,57.0,R,1.0,R,0.0,R,1.0,R,1.0,R,100.0,R,0.0,R,0.0,R,0.0,R,0.0,A,,R,14
448521,2010,A,,A,,A,,R,0.0,R,0.0,R,0.0,R,0.0,A,,R,0.0,R,0.0,R,0.0,R,0.0,A,,R,8
448530,2010,A,,A,,A,,R,43.0,R,0.0,R,43.0,R,17.0,R,40.0,R,0.0,R,0.0,R,0.0,R,0.0,A,,R,14
448549,2010,A,,A,,A,,R,27.0,R,0.0,R,27.0,R,9.0,R,33.0,R,0.0,R,0.0,R,0.0,R,0.0,A,,R,17
448558,2010,A,,A,,A,,R,8.0,R,0.0,R,8.0,R,2.0,R,25.0,R,0.0,R,0.0,R,0.0,R,0.0,A,,R,8
448567,2010,A,,A,,A,,R,47.0,R,0.0,R,47.0,R,17.0,R,36.0,R,0.0,R,0.0,R,0.0,R,0.0,A,,R,17
448576,2010,R,511.0,R,806.0,R,63.0,R,112.0,R,0.0,R,112.0,R,94.0,R,84.0,R,76.0,R,0.0,R,76.0,R,39.0,R,51.0,R,17
448585,2010,R,10.0,R,199.0,R,5.0,R,3.0,R,0.0,R,3.0,R,2.0,R,67.0,R,106.0,R,0.0,R,106.0,R,28.0,R,26.0,R,17
448594,2010,R,307.0,R,1440.0,R,21.0,R,313.0,Z,0.0,R,313.0,R,189.0,R,60.0,R,347.0,Z,0.0,R,347.0,R,111.0,R,32.0,R,39
448600,2010,R,9.0,R,150.0,R,6.0,R,21.0,R,2.0,R,19.0,R,9.0,R,47.0,R,54.0,R,0.0,R,54.0,R,30.0,R,56.0,R,11
448619,2010,A,,A,,A,,R,9.0,R,0.0,R,9.0,R,8.0,R,89.0,R,22.0,R,0.0,R,22.0,R,21.0,R,95.0,R,15
448628,2010,R,66.0,R,99.0,R,67.0,R,45.0,R,0.0,R,45.0,R,18.0,R,40.0,R,17.0,R,0.0,R,17.0,R,6.0,R,35.0,R,12
448646,2010,A,,A,,A,,R,55.0,R,0.0,R,55.0,R,47.0,R,85.0,R,0.0,R,0.0,R,0.0,R,0.0,A,,R,13
448655,2010,A,,A,,A,,R,290.0,Z,0.0,R,290.0,R,164.0,R,57.0,R,0.0,Z,0.0,R,0.0,R,0.0,A,,R,44
448664,2010,R,92.0,R,132.0,R,70.0,R,44.0,R,0.0,R,44.0,R,19.0,R,43.0,R,0.0,R,0.0,R,0.0,R,0.0,A,,R,14
448673,2010,R,110.0,R,613.0,R,18.0,R,63.0,Z,0.0,R,63.0,R,16.0,R,25.0,R,0.0,R,0.0,R,0.0,R,0.0,A,,R,21
448707,2010,A,,A,,A,,R,219.0,R,0.0,R,219.0,R,107.0,R,49.0,R,0.0,R,0.0,R,0.0,R,0.0,A,,R,37
448716,2010,A,,A,,A,,R,272.0,R,0.0,R,272.0,R,194.0,R,71.0,Z,0.0,Z,0.0,Z,0.0,Z,0.0,A,,R,30
448734,2010,R,9.0,R,38.0,R,24.0,R,5.0,R,0.0,R,5.0,R,3.0,R,60.0,R,1.0,R,0.0,R,1.0,R,1.0,R,100.0,R,8
448752,2010,A,,A,,A,,R,5.0,R,1.0,R,4.0,R,2.0,R,50.0,R,0.0,R,0.0,R,0.0,R,0.0,A,,R,18
448761,2010,A,,A,,A,,R,123.0,Z,0.0,R,123.0,R,71.0,R,58.0,Z,0.0,Z,0.0,Z,0.0,Z,0.0,A,,R,22
448770,2010,A,,A,,A,,R,64.0,R,0.0,R,64.0,R,39.0,R,61.0,R,15.0,R,0.0,R,15.0,R,9.0,R,60.0,R,22
448789,2010,R,161.0,R,250.0,R,64.0,R,189.0,R,0.0,R,189.0,R,113.0,R,60.0,R,6.0,R,0.0,R,6.0,R,0.0,R,0.0,R,21
448798,2010,A,,A,,A,,R,85.0,Z,0.0,R,85.0,R,35.0,R,41.0,R,35.0,Z,0.0,R,35.0,R,13.0,R,37.0,R,15
448804,2010,A,,A,,A,,A,,A,,A,,A,,A,,A,,A,,A,,A,,A,,R,11
448822,2010,A,,A,,A,,R,0.0,R,0.0,R,0.0,R,0.0,A,,R,0.0,R,0.0,R,0.0,R,0.0,A,,R,2
448831,2010,A,,A,,A,,R,1.0,R,0.0,R,1.0,R,0.0,R,0.0,R,0.0,R,0.0,R,0.0,R,0.0,A,,R,6
448840,2010,R,427.0,R,945.0,R,45.0,R,492.0,R,0.0,R,492.0,R,348.0,R,71.0,R,6.0,R,0.0,R,6.0,R,3.0,R,50.0,R,19
448859,2010,R,68.0,R,80.0,R,85.0,R,68.0,R,1.0,R,67.0,R,43.0,R,64.0,Z,0.0,Z,0.0,Z,0.0,Z,0.0,A,,R,13
448877,2010,R,9.0,R,103.0,R,9.0,R,7.0,R,0.0,R,7.0,R,4.0,R,57.0,R,7.0,R,0.0,R,7.0,R,2.0,R,29.0,R,8
448895,2010,A,,A,,A,,R,114.0,Z,0.0,R,114.0,R,81.0,R,71.0,Z,0.0,Z,0.0,Z,0.0,Z,0.0,A,,R,22
448965,2010,A,,A,,A,,R,44.0,R,0.0,R,44.0,R,36.0,R,82.0,R,3.0,R,0.0,R,3.0,R,2.0,R,67.0,R,21
448974,2010,A,,A,,A,,R,118.0,R,1.0,R,117.0,R,91.0,R,78.0,R,46.0,R,0.0,R,46.0,R,29.0,R,63.0,R,28
448983,2010,A,,A,,A,,R,98.0,R,1.0,R,97.0,R,53.0,R,55.0,R,28.0,R,0.0,R,28.0,R,14.0,R,50.0,R,22
449010,2010,R,283.0,R,411.0,R,69.0,R,119.0,R,0.0,R,119.0,R,73.0,R,61.0,R,7.0,R,0.0,R,7.0,R,3.0,R,43.0,R,17
449038,2010,R,14.0,R,913.0,R,2.0,R,15.0,R,0.0,R,15.0,R,9.0,R,60.0,R,630.0,R,0.0,R,630.0,R,235.0,R,37.0,R,16
449074,2010,A,,A,,A,,R,278.0,R,0.0,R,278.0,R,215.0,R,77.0,R,0.0,R,0.0,R,0.0,R,0.0,A,,R,25
449083,2010,A,,A,,A,,R,72.0,R,0.0,R,72.0,R,65.0,R,90.0,R,0.0,R,0.0,R,0.0,R,0.0,A,,R,20
449092,2010,R,149.0,R,149.0,R,100.0,R,110.0,R,0.0,R,110.0,R,102.0,R,93.0,R,0.0,R,0.0,R,0.0,R,0.0,A,,R,23
449117,2010,R,33.0,R,80.0,R,41.0,R,26.0,R,0.0,R,26.0,R,17.0,R,65.0,R,19.0,R,0.0,R,19.0,R,4.0,R,21.0,R,21
449126,2010,R,41.0,R,52.0,R,79.0,R,25.0,R,0.0,R,25.0,R,8.0,R,32.0,R,0.0,R,0.0,R,0.0,R,0.0,A,,R,16
449135,2010,A,,A,,A,,R,162.0,R,1.0,R,161.0,R,125.0,R,78.0,R,0.0,R,0.0,R,0.0,R,0.0,A,,R,19
449144,2010,A,,A,,A,,R,176.0,R,1.0,R,175.0,R,138.0,R,79.0,R,0.0,R,0.0,R,0.0,R,0.0,A,,R,19
449153,2010,A,,A,,A,,R,144.0,R,1.0,R,143.0,R,118.0,R,83.0,R,0.0,R,0.0,R,0.0,R,0.0,A,,R,19
449162,2010,A,,A,,A,,R,32.0,R,0.0,R,32.0,R,16.0,R,50.0,R,15.0,R,0.0,R,15.0,R,9.0,R,60.0,R,18
449171,2010,A,,A,,A,,R,29.0,R,0.0,R,29.0,R,19.0,R,66.0,R,10.0,R,0.0,R,10.0,R,8.0,R,80.0,R,15
449180,2010,A,,A,,A,,R,31.0,R,0.0,R,31.0,R,22.0,R,71.0,R,13.0,R,0.0,R,13.0,R,9.0,R,69.0,R,12
449199,2010,A,,A,,A,,R,27.0,R,0.0,R,27.0,R,12.0,R,44.0,R,9.0,R,0.0,R,9.0,R,5.0,R,56.0,R,22
449205,2010,A,,A,,A,,R,29.0,R,0.0,R,29.0,R,20.0,R,69.0,R,5.0,R,0.0,R,5.0,R,3.0,R,60.0,R,9
449214,2010,A,,A,,A,,R,27.0,R,0.0,R,27.0,R,17.0,R,63.0,R,0.0,R,0.0,R,0.0,R,0.0,A,,R,10
449223,2010,A,,A,,A,,R,34.0,R,0.0,R,34.0,R,18.0,R,53.0,R,15.0,R,0.0,R,15.0,R,9.0,R,60.0,R,19
449232,2010,A,,A,,A,,R,37.0,R,0.0,R,37.0,R,18.0,R,49.0,R,14.0,R,0.0,R,14.0,R,10.0,R,71.0,R,21
449241,2010,A,,A,,A,,R,31.0,R,0.0,R,31.0,R,18.0,R,58.0,R,6.0,R,0.0,R,6.0,R,4.0,R,67.0,R,13
449250,2010,A,,A,,A,,R,81.0,R,0.0,R,81.0,R,65.0,R,80.0,R,0.0,R,0.0,R,0.0,R,0.0,A,,R,44
449269,2010,A,,A,,A,,R,197.0,R,0.0,R,197.0,R,119.0,R,60.0,R,0.0,R,0.0,R,0.0,R,0.0,A,,R,47
449278,2010,A,,A,,A,,R,336.0,Z,0.0,R,336.0,R,182.0,R,54.0,Z,0.0,Z,0.0,Z,0.0,Z,0.0,A,,R,42
449302,2010,R,12.0,R,25.0,R,48.0,R,90.0,R,1.0,R,89.0,R,68.0,R,76.0,R,53.0,R,0.0,R,53.0,R,23.0,R,43.0,R,10
449311,2010,A,,A,,A,,R,71.0,R,0.0,R,71.0,R,43.0,R,61.0,R,48.0,R,0.0,R,48.0,R,39.0,R,81.0,R,22
449320,2010,A,,A,,A,,R,230.0,R,0.0,R,230.0,R,156.0,R,68.0,R,0.0,R,0.0,R,0.0,R,0.0,A,,R,30
449339,2010,A,,A,,A,,R,168.0,Z,0.0,R,168.0,R,157.0,R,93.0,R,1389.0,Z,0.0,R,1389.0,R,1252.0,R,90.0,R,24
449348,2010,R,3.0,R,37.0,R,8.0,R,6.0,Z,0.0,R,6.0,R,3.0,R,50.0,R,6.0,Z,0.0,R,6.0,R,4.0,R,67.0,R,10
449357,2010,A,,A,,A,,R,0.0,R,0.0,R,0.0,R,0.0,A,,R,0.0,R,0.0,R,0.0,R,0.0,A,,R,15
449366,2010,A,,A,,A,,A,,A,,A,,A,,A,,A,,A,,A,,A,,A,,R,21
449375,2010,A,,A,,A,,R,21.0,R,0.0,R,21.0,R,19.0,R,90.0,R,3.0,R,0.0,R,3.0,R,3.0,R,100.0,R,12
449384,2010,A,,A,,A,,R,8.0,R,0.0,R,8.0,R,6.0,R,75.0,Z,0.0,Z,0.0,Z,0.0,Z,0.0,A,,R,4
449393,2010,A,,A,,A,,R,31.0,R,0.0,R,31.0,R,25.0,R,81.0,R,0.0,R,0.0,R,0.0,Z,0.0,A,,R,25
449418,2010,A,,A,,A,,R,41.0,R,0.0,R,41.0,R,33.0,R,80.0,R,1.0,R,0.0,R,1.0,R,1.0,R,100.0,R,25
449436,2010,A,,A,,A,,A,,A,,A,,A,,A,,A,,A,,A,,A,,A,,R,13
449445,2010,A,,A,,A,,R,26.0,R,0.0,R,26.0,R,22.0,R,85.0,R,0.0,R,0.0,R,0.0,R,0.0,A,,R,20
449454,2010,A,,A,,A,,R,11.0,R,0.0,R,11.0,R,8.0,R,73.0,R,0.0,R,0.0,R,0.0,R,0.0,A,,R,10
449463,2010,A,,A,,A,,R,8.0,R,0.0,R,8.0,R,6.0,R,75.0,R,2.0,R,0.0,R,2.0,R,1.0,R,50.0,R,8
449472,2010,A,,A,,A,,R,25.0,R,0.0,R,25.0,R,23.0,R,92.0,R,0.0,R,0.0,R,0.0,R,0.0,A,,R,14
449490,2010,A,,A,,A,,R,73.0,R,0.0,R,73.0,R,20.0,R,27.0,R,0.0,R,0.0,R,0.0,R,0.0,A,,R,16
449506,2010,A,,A,,A,,R,61.0,R,0.0,R,61.0,R,58.0,R,95.0,R,0.0,R,0.0,R,0.0,R,0.0,A,,R,12
449515,2010,A,,A,,A,,R,55.0,R,0.0,R,55.0,R,53.0,R,96.0,R,0.0,R,0.0,R,0.0,R,0.0,A,,R,12
449524,2010,A,,A,,A,,R,63.0,R,3.0,R,60.0,R,45.0,R,75.0,R,0.0,R,0.0,R,0.0,R,0.0,A,,R,15
449533,2010,A,,A,,A,,A,,A,,A,,A,,A,,A,,A,,A,,A,,A,,R,10
449551,2010,A,,A,,A,,A,,A,,A,,A,,A,,A,,A,,A,,A,,A,,P,4
449597,2010,A,,A,,A,,R,26.0,R,0.0,R,26.0,R,13.0,R,50.0,R,27.0,R,0.0,R,27.0,R,20.0,R,74.0,R,13
449603,2010,A,,A,,A,,R,38.0,R,0.0,R,38.0,R,35.0,R,92.0,R,4.0,R,0.0,R,4.0,R,4.0,R,100.0,R,12
449612,2010,A,,A,,A,,R,28.0,Z,0.0,R,28.0,R,25.0,R,89.0,R,0.0,R,0.0,R,0.0,Z,0.0,A,,R,15
449658,2010,R,27.0,R,33.0,R,82.0,R,26.0,R,0.0,R,26.0,R,23.0,R,88.0,Z,0.0,Z,0.0,Z,0.0,Z,0.0,A,,R,12
449667,2010,A,,A,,A,,R,23.0,R,0.0,R,23.0,R,17.0,R,74.0,R,0.0,R,0.0,R,0.0,R,0.0,A,,R,4
449676,2010,A,,A,,A,,Z,0.0,Z,0.0,Z,0.0,Z,0.0,A,,R,1.0,R,0.0,R,1.0,R,1.0,R,100.0,R,6
449685,2010,A,,A,,A,,R,76.0,R,0.0,R,76.0,R,68.0,R,89.0,R,0.0,R,0.0,R,0.0,R,0.0,A,,R,7
449694,2010,A,,A,,A,,R,97.0,R,0.0,R,97.0,R,82.0,R,85.0,R,0.0,R,0.0,R,0.0,R,0.0,A,,R,26
449700,2010,A,,A,,A,,A,,A,,A,,A,,A,,A,,A,,A,,A,,A,,R,27
449719,2010,A,,A,,A,,R,155.0,R,0.0,R,155.0,R,131.0,R,85.0,R,0.0,R,0.0,R,0.0,R,0.0,A,,R,14
449728,2010,A,,A,,A,,R,5.0,R,0.0,R,5.0,R,4.0,R,80.0,R,0.0,R,0.0,R,0.0,R,0.0,A,,R,18
449746,2010,A,,A,,A,,R,136.0,R,40.0,R,96.0,R,94.0,R,98.0,Z,0.0,Z,0.0,Z,0.0,Z,0.0,A,,R,25
449755,2010,A,,A,,A,,A,,A,,A,,A,,A,,A,,A,,A,,A,,A,,R,15
449764,2010,R,39.0,R,97.0,R,40.0,R,37.0,R,0.0,R,37.0,R,20.0,R,54.0,R,0.0,R,0.0,R,0.0,R,0.0,A,,R,8
449773,2010,A,,A,,A,,A,,A,,A,,A,,A,,A,,A,,A,,A,,A,,R,15
449782,2010,A,,A,,A,,R,9.0,Z,0.0,R,9.0,R,8.0,R,89.0,R,11.0,Z,0.0,R,11.0,R,7.0,R,64.0,R,15
449791,2010,A,,A,,A,,A,,A,,A,,A,,A,,A,,A,,A,,A,,A,,R,10
449807,2010,A,,A,,A,,R,56.0,R,0.0,R,56.0,R,53.0,R,95.0,R,0.0,R,0.0,R,0.0,R,0.0,A,,R,24
449816,2010,A,,A,,A,,R,20.0,R,0.0,R,20.0,R,11.0,R,55.0,R,16.0,R,0.0,R,16.0,R,11.0,R,69.0,R,11
449825,2010,A,,A,,A,,R,21.0,R,0.0,R,21.0,R,21.0,R,100.0,R,3.0,R,0.0,R,3.0,R,3.0,R,100.0,R,2
449843,2010,A,,A,,A,,R,88.0,R,2.0,R,86.0,R,68.0,R,79.0,R,0.0,R,0.0,R,0.0,R,0.0,A,,R,18
449852,2010,A,,A,,A,,R,31.0,Z,0.0,R,31.0,R,28.0,R,90.0,Z,0.0,Z,0.0,Z,0.0,Z,0.0,A,,R,11
449861,2010,A,,A,,A,,A,,A,,A,,A,,A,,A,,A,,A,,A,,A,,R,10
449870,2010,R,25.0,R,34.0,R,74.0,R,11.0,R,0.0,R,11.0,R,6.0,R,55.0,R,2.0,R,0.0,R,2.0,R,1.0,R,50.0,R,7
449898,2010,R,27.0,R,139.0,R,19.0,R,1.0,R,0.0,R,1.0,R,1.0,R,100.0,R,1.0,R,0.0,R,1.0,R,0.0,R,0.0,R,19
449904,2010,A,,A,,A,,R,66.0,Z,0.0,R,66.0,R,35.0,R,53.0,Z,0.0,Z,0.0,Z,0.0,Z,0.0,A,,R,18
449913,2010,A,,A,,A,,R,11.0,R,0.0,R,11.0,R,9.0,R,82.0,R,26.0,R,1.0,R,25.0,R,20.0,R,80.0,R,12
449931,2010,A,,A,,A,,R,1.0,R,0.0,R,1.0,R,1.0,R,100.0,R,11.0,R,0.0,R,11.0,R,8.0,R,73.0,R,12
449940,2010,A,,A,,A,,R,114.0,R,0.0,R,114.0,R,56.0,R,49.0,R,0.0,R,0.0,R,0.0,R,0.0,A,,R,14
449959,2010,A,,A,,A,,R,86.0,R,2.0,R,84.0,R,74.0,R,88.0,R,46.0,R,1.0,R,45.0,R,41.0,R,91.0,R,15
449968,2010,A,,A,,A,,R,122.0,Z,0.0,R,122.0,R,104.0,R,85.0,R,40.0,Z,0.0,R,40.0,R,29.0,R,73.0,R,15
449977,2010,A,,A,,A,,R,132.0,Z,0.0,R,132.0,R,114.0,R,86.0,R,40.0,Z,0.0,R,40.0,R,30.0,R,75.0,R,15
449986,2010,A,,A,,A,,R,78.0,Z,0.0,R,78.0,R,67.0,R,86.0,R,21.0,Z,0.0,R,21.0,R,17.0,R,81.0,R,15
449995,2010,A,,A,,A,,R,95.0,Z,0.0,R,95.0,R,85.0,R,89.0,R,37.0,Z,0.0,R,37.0,R,27.0,R,73.0,R,15
450003,2010,R,30.0,R,36.0,R,83.0,R,119.0,R,0.0,R,119.0,R,92.0,R,77.0,Z,0.0,Z,0.0,Z,0.0,Z,0.0,A,,R,15
450012,2010,A,,A,,A,,R,27.0,R,0.0,R,27.0,R,21.0,R,78.0,R,2.0,R,0.0,R,2.0,R,2.0,R,100.0,R,27
450021,2010,R,314.0,R,314.0,R,100.0,R,324.0,R,0.0,R,324.0,R,50.0,R,15.0,R,1.0,Z,0.0,R,1.0,Z,0.0,R,0.0,R,15
450049,2010,R,112.0,R,245.0,R,46.0,R,41.0,R,0.0,R,41.0,R,26.0,R,63.0,R,18.0,R,0.0,R,18.0,R,7.0,R,39.0,R,16
450058,2010,R,36.0,R,134.0,R,27.0,R,32.0,R,0.0,R,32.0,R,24.0,R,75.0,R,0.0,R,0.0,R,0.0,R,0.0,A,,R,12
450067,2010,R,283.0,R,283.0,R,100.0,R,118.0,R,0.0,R,118.0,R,44.0,R,37.0,R,0.0,R,0.0,R,0.0,R,0.0,A,,R,15
450076,2010,A,,A,,A,,R,200.0,R,0.0,R,200.0,R,127.0,R,64.0,R,0.0,R,0.0,R,0.0,R,0.0,A,,R,32
450085,2010,R,226.0,R,332.0,R,68.0,R,115.0,R,0.0,R,115.0,R,63.0,R,55.0,R,1.0,R,0.0,R,1.0,R,0.0,R,0.0,R,19
450094,2010,R,154.0,R,382.0,R,40.0,R,81.0,R,1.0,R,80.0,R,56.0,R,70.0,R,34.0,R,0.0,R,34.0,R,11.0,R,32.0,R,23
450119,2010,A,,A,,A,,A,,A,,A,,A,,A,,A,,A,,A,,A,,A,,R,13
450128,2010,R,255.0,R,255.0,R,100.0,R,206.0,R,0.0,R,206.0,R,132.0,R,64.0,R,0.0,R,0.0,R,0.0,R,0.0,A,,R,14
450137,2010,R,213.0,R,575.0,R,37.0,R,160.0,Z,0.0,R,160.0,R,113.0,R,71.0,R,38.0,Z,0.0,R,38.0,R,14.0,R,37.0,R,32
450146,2010,A,,A,,A,,R,19.0,R,0.0,R,19.0,R,18.0,R,95.0,R,0.0,R,0.0,R,0.0,R,0.0,A,,R,19
450155,2010,A,,A,,A,,R,38.0,R,0.0,R,38.0,R,22.0,R,58.0,R,0.0,R,0.0,R,0.0,R,0.0,A,,R,29
450173,2010,A,,A,,A,,R,1765.0,R,18.0,R,1747.0,R,1253.0,R,72.0,Z,0.0,Z,0.0,Z,0.0,Z,0.0,A,,R,51
450182,2010,A,,A,,A,,R,100.0,Z,0.0,R,100.0,R,71.0,R,71.0,Z,0.0,Z,0.0,Z,0.0,Z,0.0,A,,R,31
450191,2010,R,17.0,R,30.0,R,57.0,R,33.0,R,0.0,R,33.0,R,23.0,R,70.0,R,8.0,R,0.0,R,8.0,R,7.0,R,88.0,R,20
450207,2010,R,30.0,R,44.0,R,68.0,R,2.0,R,0.0,R,2.0,R,1.0,R,50.0,R,0.0,R,0.0,R,0.0,R,0.0,A,,R,19
450216,2010,R,110.0,R,135.0,R,81.0,R,0.0,R,0.0,R,0.0,R,0.0,A,,R,0.0,R,0.0,R,0.0,R,0.0,A,,R,21
450225,2010,R,107.0,R,153.0,R,70.0,R,0.0,R,0.0,R,0.0,R,0.0,A,,R,0.0,R,0.0,R,0.0,R,0.0,A,,R,27
450234,2010,R,57.0,R,81.0,R,70.0,R,0.0,R,0.0,R,0.0,R,0.0,A,,R,0.0,R,0.0,R,0.0,R,0.0,A,,R,16
450243,2010,R,95.0,R,134.0,R,71.0,R,14.0,R,1.0,R,13.0,R,5.0,R,38.0,R,5.0,R,0.0,R,5.0,R,1.0,R,20.0,R,29
450252,2010,R,105.0,R,145.0,R,72.0,R,0.0,R,0.0,R,0.0,R,0.0,A,,R,0.0,R,0.0,R,0.0,R,0.0,A,,R,15
450261,2010,R,55.0,R,78.0,R,71.0,R,0.0,R,0.0,R,0.0,R,0.0,A,,R,0.0,R,0.0,R,0.0,R,0.0,A,,R,18
450270,2010,R,70.0,R,97.0,R,72.0,R,0.0,R,0.0,R,0.0,R,0.0,A,,R,0.0,R,0.0,R,0.0,R,0.0,A,,R,13
450289,2010,R,94.0,R,110.0,R,85.0,R,0.0,R,0.0,R,0.0,R,0.0,A,,R,0.0,R,0.0,R,0.0,R,0.0,A,,R,10
450298,2010,A,,A,,A,,R,4.0,R,0.0,R,4.0,R,1.0,R,25.0,R,108.0,R,0.0,R,108.0,R,47.0,R,44.0,R,22
450377,2010,R,8.0,R,289.0,R,3.0,R,9.0,R,0.0,R,9.0,R,5.0,R,56.0,R,152.0,R,0.0,R,152.0,R,58.0,R,38.0,R,28
450386,2010,R,94.0,R,140.0,R,67.0,R,83.0,R,0.0,R,83.0,R,32.0,R,39.0,R,0.0,R,0.0,R,0.0,R,0.0,A,,R,15
450395,2010,A,,A,,A,,R,76.0,R,1.0,R,75.0,R,60.0,R,80.0,R,0.0,R,0.0,R,0.0,R,0.0,A,,R,11
450401,2010,A,,A,,A,,R,362.0,Z,0.0,R,362.0,R,284.0,R,78.0,R,0.0,R,0.0,R,0.0,R,0.0,A,,R,15
450429,2010,R,12.0,R,114.0,R,11.0,R,1.0,R,0.0,R,1.0,R,1.0,R,100.0,R,3.0,R,0.0,R,3.0,R,2.0,R,67.0,R,17
450438,2010,A,,A,,A,,R,4.0,Z,0.0,R,4.0,R,0.0,R,0.0,R,6.0,Z,0.0,R,6.0,R,0.0,R,0.0,R,8
450447,2010,R,64.0,R,135.0,R,47.0,R,27.0,R,0.0,R,27.0,R,14.0,R,52.0,R,12.0,R,0.0,R,12.0,R,6.0,R,50.0,R,21
450456,2010,A,,A,,A,,R,39.0,R,0.0,R,39.0,R,16.0,R,41.0,R,0.0,R,0.0,R,0.0,R,0.0,A,,R,18
450465,2010,R,72.0,R,197.0,R,37.0,R,0.0,R,0.0,R,0.0,R,0.0,A,,R,0.0,R,0.0,R,0.0,R,0.0,A,,R,20
450474,2010,A,,A,,A,,R,76.0,R,0.0,R,76.0,R,30.0,R,39.0,R,0.0,R,0.0,R,0.0,R,0.0,A,,R,16
450483,2010,A,,A,,A,,R,17.0,R,0.0,R,17.0,R,6.0,R,35.0,R,0.0,R,0.0,R,0.0,R,0.0,A,,R,12
450492,2010,A,,A,,A,,R,25.0,R,0.0,R,25.0,R,7.0,R,28.0,R,0.0,R,0.0,R,0.0,R,0.0,A,,R,15
450508,2010,R,6.0,R,123.0,R,5.0,R,0.0,R,0.0,R,0.0,R,0.0,A,,R,0.0,R,0.0,R,0.0,R,0.0,A,,R,15
450517,2010,R,34.0,R,214.0,R,16.0,R,8.0,R,0.0,R,8.0,R,4.0,R,50.0,R,5.0,R,0.0,R,5.0,R,3.0,R,60.0,R,16
450526,2010,R,5.0,R,72.0,R,7.0,R,12.0,R,0.0,R,12.0,R,2.0,R,17.0,R,17.0,R,0.0,R,17.0,R,5.0,R,29.0,R,11
450535,2010,R,10.0,R,37.0,R,27.0,R,5.0,R,0.0,R,5.0,R,0.0,R,0.0,R,0.0,R,0.0,R,0.0,R,0.0,A,,R,8
450544,2010,R,1.0,R,25.0,R,4.0,R,5.0,R,0.0,R,5.0,R,5.0,R,100.0,R,10.0,R,0.0,R,10.0,R,3.0,R,30.0,R,11
450553,2010,A,,A,,A,,R,97.0,R,0.0,R,97.0,R,37.0,R,38.0,R,0.0,R,0.0,R,0.0,R,0.0,A,,R,31
450562,2010,A,,A,,A,,R,119.0,R,0.0,R,119.0,R,84.0,R,71.0,R,0.0,R,0.0,R,0.0,R,0.0,A,,R,18
450571,2010,R,100.0,R,481.0,R,21.0,R,53.0,Z,0.0,R,53.0,R,16.0,R,30.0,R,1.0,Z,0.0,R,1.0,R,1.0,R,100.0,R,21
450580,2010,A,,A,,A,,R,27.0,Z,0.0,R,27.0,R,17.0,R,63.0,R,4.0,Z,0.0,R,4.0,R,2.0,R,50.0,R,17
450599,2010,A,,A,,A,,R,67.0,Z,0.0,R,67.0,R,24.0,R,36.0,R,10.0,Z,0.0,R,10.0,R,7.0,R,70.0,R,20
450605,2010,A,,A,,A,,R,31.0,Z,0.0,R,31.0,R,19.0,R,61.0,R,12.0,Z,0.0,R,12.0,R,9.0,R,75.0,R,18
450614,2010,A,,A,,A,,R,40.0,Z,0.0,R,40.0,R,28.0,R,70.0,R,22.0,Z,0.0,R,22.0,R,13.0,R,59.0,R,17
450623,2010,A,,A,,A,,R,37.0,Z,0.0,R,37.0,R,29.0,R,78.0,R,11.0,Z,0.0,R,11.0,R,6.0,R,55.0,R,17
450632,2010,A,,A,,A,,A,,A,,A,,A,,A,,A,,A,,A,,A,,A,,R,6
450641,2010,A,,A,,A,,R,26.0,R,0.0,R,26.0,R,23.0,R,88.0,R,7.0,R,0.0,R,7.0,R,5.0,R,71.0,R,10
450650,2010,A,,A,,A,,R,20.0,R,0.0,R,20.0,R,19.0,R,95.0,R,47.0,Z,0.0,R,47.0,R,42.0,R,89.0,R,8
450669,2010,A,,A,,A,,R,88.0,R,0.0,R,88.0,R,46.0,R,52.0,R,0.0,R,0.0,R,0.0,R,0.0,A,,R,16
450678,2010,A,,A,,A,,R,26.0,R,0.0,R,26.0,R,22.0,R,85.0,R,0.0,R,0.0,R,0.0,R,0.0,A,,R,19
450696,2010,A,,A,,A,,R,117.0,R,0.0,R,117.0,R,77.0,R,66.0,Z,0.0,Z,0.0,Z,0.0,Z,0.0,A,,R,59
450702,2010,A,,A,,A,,R,173.0,R,0.0,R,173.0,R,113.0,R,65.0,Z,0.0,Z,0.0,Z,0.0,Z,0.0,A,,R,42
450720,2010,A,,A,,A,,R,63.0,R,0.0,R,63.0,R,31.0,R,49.0,R,41.0,R,0.0,R,41.0,R,35.0,R,85.0,R,19
450739,2010,A,,A,,A,,R,43.0,R,0.0,R,43.0,R,35.0,R,81.0,R,22.0,R,0.0,R,22.0,R,17.0,R,77.0,R,19
450757,2010,A,,A,,A,,R,70.0,Z,0.0,R,70.0,R,61.0,R,87.0,R,2.0,Z,0.0,R,2.0,R,1.0,R,50.0,R,12
450766,2010,A,,A,,A,,A,,A,,A,,A,,A,,A,,A,,A,,A,,A,,R,9
450775,2010,A,,A,,A,,R,191.0,R,0.0,R,191.0,R,109.0,R,57.0,R,0.0,R,0.0,R,0.0,R,0.0,A,,R,18
450784,2010,A,,A,,A,,R,19.0,R,0.0,R,19.0,R,16.0,R,84.0,R,10.0,R,0.0,R,10.0,R,7.0,R,70.0,R,10
450793,2010,A,,A,,A,,R,35.0,R,0.0,R,35.0,R,23.0,R,66.0,R,13.0,R,0.0,R,13.0,R,6.0,R,46.0,R,18
450809,2010,A,,A,,A,,R,25.0,R,0.0,R,25.0,R,15.0,R,60.0,R,15.0,R,0.0,R,15.0,R,11.0,R,73.0,R,14
450818,2010,A,,A,,A,,R,31.0,R,0.0,R,31.0,R,17.0,R,55.0,R,15.0,R,0.0,R,15.0,R,10.0,R,67.0,R,22
450827,2010,A,,A,,A,,R,42.0,R,1.0,R,41.0,R,25.0,R,61.0,R,22.0,R,0.0,R,22.0,R,15.0,R,68.0,R,17
450836,2010,A,,A,,A,,R,39.0,R,0.0,R,39.0,R,17.0,R,44.0,R,6.0,R,0.0,R,6.0,R,6.0,R,100.0,R,19
450845,2010,A,,A,,A,,R,22.0,R,0.0,R,22.0,R,14.0,R,64.0,R,12.0,R,0.0,R,12.0,R,8.0,R,67.0,R,14
450854,2010,A,,A,,A,,R,27.0,R,0.0,R,27.0,R,25.0,R,93.0,R,9.0,R,0.0,R,9.0,R,4.0,R,44.0,R,15
450863,2010,A,,A,,A,,R,22.0,R,0.0,R,22.0,R,9.0,R,41.0,R,6.0,R,0.0,R,6.0,R,4.0,R,67.0,R,17
450872,2010,A,,A,,A,,R,28.0,R,0.0,R,28.0,R,18.0,R,64.0,R,8.0,R,0.0,R,8.0,R,6.0,R,75.0,R,10
450881,2010,A,,A,,A,,R,29.0,R,0.0,R,29.0,R,22.0,R,76.0,R,3.0,R,0.0,R,3.0,R,2.0,R,67.0,R,10
450933,2010,A,,A,,A,,R,86.0,R,0.0,R,86.0,R,72.0,R,84.0,R,25.0,R,2.0,R,23.0,R,15.0,R,65.0,R,55
450951,2010,A,,A,,A,,R,69.0,R,0.0,R,69.0,R,48.0,R,70.0,R,0.0,Z,0.0,R,0.0,R,0.0,A,,R,18
450960,2010,A,,A,,A,,A,,A,,A,,A,,A,,A,,A,,A,,A,,A,,R,7
450979,2010,A,,A,,A,,R,0.0,Z,0.0,R,0.0,Z,0.0,A,,R,0.0,Z,0.0,R,0.0,Z,0.0,A,,R,34
450988,2010,A,,A,,A,,R,37.0,R,0.0,R,37.0,R,35.0,R,95.0,R,24.0,R,0.0,R,24.0,R,19.0,R,79.0,R,25
450997,2010,A,,A,,A,,R,23.0,R,0.0,R,23.0,R,9.0,R,39.0,R,2.0,R,0.0,R,2.0,R,0.0,R,0.0,R,36
451006,2010,A,,A,,A,,A,,A,,A,,A,,A,,A,,A,,A,,A,,A,,R,10
451015,2010,A,,A,,A,,R,12.0,Z,0.0,R,12.0,R,11.0,R,92.0,R,0.0,R,0.0,R,0.0,R,0.0,A,,R,12
451024,2010,A,,A,,A,,A,,A,,A,,A,,A,,A,,A,,A,,A,,A,,R,15
451033,2010,A,,A,,A,,R,0.0,R,0.0,R,0.0,R,0.0,A,,R,0.0,R,0.0,R,0.0,R,0.0,A,,R,12
451042,2010,A,,A,,A,,R,9.0,Z,0.0,R,9.0,R,8.0,R,89.0,R,11.0,Z,0.0,R,11.0,R,10.0,R,91.0,R,2
451051,2010,A,,A,,A,,A,,A,,A,,A,,A,,A,,A,,A,,A,,A,,R,8
451060,2010,R,22.0,R,53.0,R,42.0,R,15.0,R,0.0,R,15.0,R,13.0,R,87.0,R,7.0,R,0.0,R,7.0,R,3.0,R,43.0,R,12
451088,2010,A,,A,,A,,R,29.0,R,0.0,R,29.0,R,23.0,R,79.0,R,9.0,R,0.0,R,9.0,R,5.0,R,56.0,R,12
451097,2010,A,,A,,A,,R,40.0,R,0.0,R,40.0,R,32.0,R,80.0,R,21.0,R,0.0,R,21.0,R,18.0,R,86.0,R,16
451103,2010,A,,A,,A,,R,98.0,R,0.0,R,98.0,R,56.0,R,57.0,R,0.0,R,0.0,R,0.0,R,0.0,A,,R,12
451112,2010,A,,A,,A,,R,14.0,R,0.0,R,14.0,R,12.0,R,86.0,R,14.0,R,0.0,R,14.0,R,10.0,R,71.0,R,7
451121,2010,A,,A,,A,,R,37.0,R,0.0,R,37.0,R,24.0,R,65.0,R,6.0,R,0.0,R,6.0,R,4.0,R,67.0,R,15
451149,2010,A,,A,,A,,R,181.0,R,0.0,R,181.0,R,148.0,R,82.0,R,0.0,R,0.0,R,0.0,R,0.0,A,,R,20
451158,2010,A,,A,,A,,R,70.0,R,0.0,R,70.0,R,59.0,R,84.0,R,0.0,Z,0.0,R,0.0,R,0.0,A,,R,19
451167,2010,A,,A,,A,,R,76.0,R,0.0,R,76.0,R,49.0,R,64.0,R,3.0,R,0.0,R,3.0,R,2.0,R,67.0,R,22
451194,2010,A,,A,,A,,A,,A,,A,,A,,A,,A,,A,,A,,A,,A,,R,5
451200,2010,A,,A,,A,,R,5.0,R,0.0,R,5.0,R,5.0,R,100.0,R,0.0,R,0.0,R,0.0,R,0.0,A,,R,3
451219,2010,A,,A,,A,,A,,A,,A,,A,,A,,A,,A,,A,,A,,A,,R,7
451228,2010,A,,A,,A,,A,,A,,A,,A,,A,,A,,A,,A,,A,,A,,R,15
451237,2010,A,,A,,A,,R,19.0,R,0.0,R,19.0,R,19.0,R,100.0,R,0.0,R,0.0,R,0.0,R,0.0,A,,R,9
451246,2010,A,,A,,A,,R,16.0,R,1.0,R,15.0,R,14.0,R,93.0,R,12.0,R,0.0,R,12.0,R,12.0,R,100.0,R,10
451255,2010,A,,A,,A,,R,12.0,Z,0.0,R,12.0,R,11.0,R,92.0,R,0.0,Z,0.0,R,0.0,Z,0.0,A,,R,16
451264,2010,A,,A,,A,,R,28.0,R,0.0,R,28.0,R,19.0,R,68.0,R,0.0,R,0.0,R,0.0,R,0.0,A,,R,25
451273,2010,A,,A,,A,,R,53.0,R,0.0,R,53.0,R,53.0,R,100.0,R,27.0,R,0.0,R,27.0,R,27.0,R,100.0,R,25
451282,2010,A,,A,,A,,R,78.0,R,0.0,R,78.0,R,52.0,R,67.0,R,40.0,R,0.0,R,40.0,R,33.0,R,83.0,R,18
451291,2010,A,,A,,A,,A,,A,,A,,A,,A,,A,,A,,A,,A,,A,,R,10
451307,2010,A,,A,,A,,R,21.0,Z,0.0,R,21.0,R,21.0,R,100.0,R,2.0,Z,0.0,R,2.0,R,2.0,R,100.0,R,18
451316,2010,A,,A,,A,,R,20.0,R,0.0,R,20.0,R,7.0,R,35.0,R,0.0,R,0.0,R,0.0,R,0.0,A,,R,19
451325,2010,A,,A,,A,,R,20.0,Z,0.0,R,20.0,R,20.0,R,100.0,R,0.0,R,0.0,R,0.0,R,0.0,A,,R,9
451334,2010,A,,A,,A,,R,38.0,Z,0.0,R,38.0,R,29.0,R,76.0,R,14.0,Z,0.0,R,14.0,R,8.0,R,57.0,R,11
451343,2010,A,,A,,A,,R,23.0,R,0.0,R,23.0,R,16.0,R,70.0,R,18.0,R,0.0,R,18.0,R,9.0,R,50.0,R,3
451352,2010,A,,A,,A,,R,123.0,R,0.0,R,123.0,R,84.0,R,68.0,R,12.0,R,0.0,R,12.0,R,3.0,R,25.0,R,15
451361,2010,A,,A,,A,,A,,A,,A,,A,,A,,A,,A,,A,,A,,A,,R,4
451370,2010,A,,A,,A,,A,,A,,A,,A,,A,,A,,A,,A,,A,,A,,R,15
451389,2010,A,,A,,A,,A,,A,,A,,A,,A,,A,,A,,A,,A,,A,,R,30
451398,2010,R,66.0,R,109.0,R,61.0,R,66.0,R,0.0,R,66.0,R,54.0,R,82.0,R,0.0,R,0.0,R,0.0,R,0.0,A,,R,27
451404,2010,R,23.0,R,76.0,R,30.0,R,46.0,R,0.0,R,46.0,R,43.0,R,93.0,R,0.0,R,0.0,R,0.0,R,0.0,A,,R,9
451413,2010,A,,A,,A,,R,6.0,R,0.0,R,6.0,R,6.0,R,100.0,R,0.0,R,0.0,R,0.0,R,0.0,A,,R,9
451422,2010,A,,A,,A,,R,48.0,R,0.0,R,48.0,R,44.0,R,92.0,R,0.0,R,0.0,R,0.0,R,0.0,A,,R,15
451431,2010,A,,A,,A,,R,0.0,R,0.0,R,0.0,R,0.0,A,,R,24.0,R,0.0,R,24.0,R,23.0,R,96.0,R,8
451440,2010,A,,A,,A,,R,178.0,R,0.0,R,178.0,R,130.0,R,73.0,R,0.0,Z,0.0,R,0.0,R,0.0,A,,R,15
451459,2010,A,,A,,A,,A,,A,,A,,A,,A,,A,,A,,A,,A,,A,,R,10
451468,2010,A,,A,,A,,R,38.0,R,0.0,R,38.0,R,35.0,R,92.0,R,0.0,R,0.0,R,0.0,R,0.0,A,,R,11
451477,2010,A,,A,,A,,A,,A,,A,,A,,A,,A,,A,,A,,A,,A,,R,15
451486,2010,A,,A,,A,,R,2.0,R,0.0,R,2.0,R,2.0,R,100.0,R,0.0,R,0.0,R,0.0,R,0.0,A,,R,8
451495,2010,A,,A,,A,,R,17.0,Z,0.0,R,17.0,R,13.0,R,76.0,Z,0.0,Z,0.0,Z,0.0,Z,0.0,A,,R,13
451501,2010,A,,A,,A,,R,11.0,R,0.0,R,11.0,R,8.0,R,73.0,R,0.0,R,0.0,R,0.0,R,0.0,A,,R,10
451529,2010,A,,A,,A,,R,47.0,R,0.0,R,47.0,R,41.0,R,87.0,R,35.0,R,1.0,R,34.0,R,33.0,R,97.0,R,19
451538,2010,A,,A,,A,,R,125.0,R,1.0,R,124.0,R,96.0,R,77.0,R,2.0,R,0.0,R,2.0,R,2.0,R,100.0,R,11
451547,2010,A,,A,,A,,R,11.0,R,0.0,R,11.0,R,10.0,R,91.0,R,0.0,R,0.0,R,0.0,R,0.0,A,,R,25
451556,2010,R,272.0,R,328.0,R,83.0,R,273.0,R,7.0,R,266.0,R,192.0,R,72.0,R,0.0,R,0.0,R,0.0,R,0.0,A,,R,18
451565,2010,A,,A,,A,,R,73.0,R,0.0,R,73.0,R,59.0,R,81.0,R,23.0,R,0.0,R,23.0,R,16.0,R,70.0,R,16
451574,2010,A,,A,,A,,R,12.0,R,0.0,R,12.0,R,8.0,R,67.0,R,5.0,R,0.0,R,5.0,R,4.0,R,80.0,R,13
451583,2010,A,,A,,A,,R,5.0,R,0.0,R,5.0,R,2.0,R,40.0,R,21.0,R,0.0,R,21.0,R,9.0,R,43.0,R,16
451592,2010,A,,A,,A,,A,,A,,A,,A,,A,,A,,A,,A,,A,,A,,R,6
451608,2010,R,35.0,R,35.0,R,100.0,R,30.0,R,0.0,R,30.0,R,16.0,R,53.0,R,2.0,R,0.0,R,2.0,R,2.0,R,100.0,R,7
451617,2010,A,,A,,A,,R,9.0,R,1.0,R,8.0,R,6.0,R,75.0,R,2.0,R,0.0,R,2.0,R,1.0,R,50.0,R,4
451626,2010,A,,A,,A,,R,11.0,R,0.0,R,11.0,R,9.0,R,82.0,R,5.0,R,0.0,R,5.0,R,4.0,R,80.0,R,13
451635,2010,A,,A,,A,,A,,A,,A,,A,,A,,A,,A,,A,,A,,A,,R,8
451644,2010,A,,A,,A,,R,3.0,R,0.0,R,3.0,R,3.0,R,100.0,R,0.0,R,0.0,R,0.0,R,0.0,A,,R,20
451653,2010,A,,A,,A,,R,20.0,R,0.0,R,20.0,R,18.0,R,90.0,R,0.0,R,0.0,R,0.0,R,0.0,A,,R,15
451662,2010,R,134.0,R,6315.0,R,2.0,R,173.0,R,0.0,R,173.0,R,32.0,R,18.0,R,1546.0,R,10.0,R,1536.0,R,428.0,R,28.0,R,15
451671,2010,A,,A,,A,,A,,A,,A,,A,,A,,A,,A,,A,,A,,A,,R,15
451680,2010,A,,A,,A,,A,,A,,A,,A,,A,,A,,A,,A,,A,,A,,R,15
451699,2010,R,391.0,R,391.0,R,100.0,R,4.0,Z,0.0,R,4.0,R,3.0,R,75.0,R,0.0,Z,0.0,R,0.0,R,0.0,A,,R,14
451705,2010,A,,A,,A,,R,13.0,R,0.0,R,13.0,R,5.0,R,38.0,R,0.0,R,0.0,R,0.0,R,0.0,A,,R,16
451714,2010,A,,A,,A,,R,168.0,R,0.0,R,168.0,R,130.0,R,77.0,R,0.0,R,0.0,R,0.0,R,0.0,A,,R,19
451741,2010,R,239.0,R,443.0,R,54.0,R,166.0,R,0.0,R,166.0,R,96.0,R,58.0,R,0.0,Z,0.0,R,0.0,Z,0.0,A,,R,34
451750,2010,R,65.0,R,357.0,R,18.0,R,2.0,R,0.0,R,2.0,R,0.0,R,0.0,R,28.0,R,0.0,R,28.0,R,15.0,R,54.0,R,15
451769,2010,R,36.0,R,265.0,R,14.0,R,13.0,R,0.0,R,13.0,R,5.0,R,38.0,R,8.0,R,0.0,R,8.0,R,5.0,R,63.0,R,21
451778,2010,A,,A,,A,,R,13.0,R,0.0,R,13.0,R,9.0,R,69.0,R,34.0,R,0.0,R,34.0,R,25.0,R,74.0,R,11
451796,2010,R,148.0,R,292.0,R,51.0,R,45.0,Z,0.0,R,45.0,R,17.0,R,38.0,R,4.0,Z,0.0,R,4.0,R,2.0,R,50.0,R,17
451802,2010,A,,A,,A,,R,20.0,Z,0.0,R,20.0,R,18.0,R,90.0,R,3.0,Z,0.0,R,3.0,R,3.0,R,100.0,R,11
451811,2010,A,,A,,A,,R,8.0,Z,0.0,R,8.0,R,6.0,R,75.0,R,6.0,Z,0.0,R,6.0,R,3.0,R,50.0,R,13
451820,2010,R,222.0,R,620.0,R,36.0,R,153.0,R,1.0,R,152.0,R,81.0,R,53.0,R,61.0,R,1.0,R,60.0,R,18.0,R,30.0,R,28
451848,2010,R,110.0,R,321.0,R,34.0,R,45.0,R,0.0,R,45.0,R,31.0,R,69.0,R,21.0,R,0.0,R,21.0,R,11.0,R,52.0,R,17
451857,2010,A,,A,,A,,R,162.0,Z,0.0,R,162.0,R,124.0,R,77.0,Z,0.0,Z,0.0,Z,0.0,Z,0.0,A,,R,16
451866,2010,A,,A,,A,,R,190.0,Z,0.0,R,190.0,R,116.0,R,61.0,Z,0.0,Z,0.0,Z,0.0,Z,0.0,A,,R,15
451875,2010,R,9.0,R,161.0,R,6.0,R,12.0,R,0.0,R,12.0,R,4.0,R,33.0,R,36.0,R,0.0,R,36.0,R,12.0,R,33.0,R,33
451884,2010,R,14.0,R,222.0,R,6.0,R,11.0,R,0.0,R,11.0,R,5.0,R,45.0,R,108.0,R,0.0,R,108.0,R,48.0,R,44.0,R,22
451893,2010,A,,A,,A,,R,26.0,R,0.0,R,26.0,R,4.0,R,15.0,R,0.0,R,0.0,R,0.0,R,0.0,A,,R,25
451909,2010,A,,A,,A,,R,78.0,R,0.0,R,78.0,R,64.0,R,82.0,Z,0.0,Z,0.0,Z,0.0,Z,0.0,A,,R,16
451918,2010,A,,A,,A,,R,24.0,R,0.0,R,24.0,R,18.0,R,75.0,R,3.0,Z,0.0,R,3.0,R,2.0,R,67.0,R,13
451936,2010,R,73.0,R,98.0,R,74.0,R,5.0,R,0.0,R,5.0,R,4.0,R,80.0,R,4.0,R,0.0,R,4.0,R,1.0,R,25.0,R,15
451945,2010,R,80.0,R,103.0,R,78.0,R,7.0,R,0.0,R,7.0,R,3.0,R,43.0,R,0.0,R,0.0,R,0.0,R,0.0,A,,R,18
451954,2010,R,30.0,R,43.0,R,70.0,R,0.0,R,0.0,R,0.0,R,0.0,A,,R,0.0,R,0.0,R,0.0,R,0.0,A,,R,19
451963,2010,R,60.0,R,89.0,R,67.0,R,0.0,R,0.0,R,0.0,R,0.0,A,,R,0.0,R,0.0,R,0.0,R,0.0,A,,R,20
451972,2010,R,82.0,R,104.0,R,79.0,R,14.0,R,0.0,R,14.0,R,9.0,R,64.0,R,3.0,R,0.0,R,3.0,R,0.0,R,0.0,R,18
451981,2010,R,75.0,R,99.0,R,76.0,R,2.0,R,0.0,R,2.0,R,2.0,R,100.0,R,0.0,R,0.0,R,0.0,R,0.0,A,,R,17
451990,2010,R,70.0,R,94.0,R,74.0,R,34.0,R,0.0,R,34.0,R,5.0,R,15.0,R,3.0,R,0.0,R,3.0,R,0.0,R,0.0,R,23
452009,2010,A,,A,,A,,R,39.0,R,0.0,R,39.0,R,30.0,R,77.0,R,0.0,R,0.0,R,0.0,R,0.0,A,,R,10
452018,2010,R,128.0,R,227.0,R,56.0,R,4.0,R,0.0,R,4.0,R,4.0,R,100.0,R,1.0,R,0.0,R,1.0,R,1.0,R,100.0,R,15
452027,2010,R,204.0,R,301.0,R,68.0,R,43.0,R,0.0,R,43.0,R,22.0,R,51.0,R,1.0,R,0.0,R,1.0,R,0.0,R,0.0,R,27
452036,2010,A,,A,,A,,R,130.0,R,0.0,R,130.0,R,99.0,R,76.0,R,0.0,R,0.0,R,0.0,R,0.0,A,,R,30
452045,2010,A,,A,,A,,A,,A,,A,,A,,A,,A,,A,,A,,A,,A,,R,29
452054,2010,A,,A,,A,,R,118.0,Z,0.0,R,118.0,R,71.0,R,60.0,Z,0.0,Z,0.0,Z,0.0,Z,0.0,A,,R,31
452063,2010,A,,A,,A,,R,136.0,R,0.0,R,136.0,R,76.0,R,56.0,R,0.0,R,0.0,R,0.0,R,0.0,A,,R,40
452072,2010,A,,A,,A,,R,55.0,Z,0.0,R,55.0,R,38.0,R,69.0,Z,0.0,Z,0.0,Z,0.0,Z,0.0,A,,R,10
452081,2010,A,,A,,A,,R,77.0,Z,0.0,R,77.0,R,64.0,R,83.0,R,0.0,R,0.0,R,0.0,Z,0.0,A,,R,23
452090,2010,R,12.0,R,28.0,R,43.0,R,9.0,R,0.0,R,9.0,R,3.0,R,33.0,R,5.0,R,0.0,R,5.0,R,2.0,R,40.0,R,9
452106,2010,A,,A,,A,,R,27.0,R,0.0,R,27.0,R,25.0,R,93.0,R,0.0,R,0.0,R,0.0,R,0.0,A,,R,11
452115,2010,R,46.0,R,53.0,R,87.0,R,48.0,R,0.0,R,48.0,R,34.0,R,71.0,R,6.0,R,0.0,R,6.0,R,4.0,R,67.0,R,20
452124,2010,A,,A,,A,,R,213.0,Z,0.0,R,213.0,R,143.0,R,67.0,Z,0.0,Z,0.0,Z,0.0,Z,0.0,A,,R,40
452133,2010,R,2.0,R,823.0,R,0.0,R,0.0,R,0.0,R,0.0,R,0.0,A,,R,0.0,R,0.0,R,0.0,R,0.0,A,,R,5
452203,2010,A,,A,,A,,A,,A,,A,,A,,A,,A,,A,,A,,A,,A,,R,4
452212,2010,A,,A,,A,,A,,A,,A,,A,,A,,A,,A,,A,,A,,A,,R,2
452230,2010,A,,A,,A,,A,,A,,A,,A,,A,,A,,A,,A,,A,,A,,R,7
452373,2010,R,54.0,R,225.0,R,24.0,R,17.0,R,0.0,R,17.0,R,7.0,R,41.0,R,13.0,R,0.0,R,13.0,R,9.0,R,69.0,R,22
452522,2010,A,,A,,A,,A,,A,,A,,A,,A,,A,,A,,A,,A,,A,,R,2
452540,2010,A,,A,,A,,A,,A,,A,,A,,A,,A,,A,,A,,A,,A,,R,10
452771,2010,A,,A,,A,,A,,A,,A,,A,,A,,A,,A,,A,,A,,A,,R,10
452780,2010,A,,A,,A,,A,,A,,A,,A,,A,,A,,A,,A,,A,,A,,R,10
452841,2010,A,,A,,A,,R,76.0,R,0.0,R,76.0,R,76.0,R,100.0,R,0.0,R,0.0,R,0.0,R,0.0,A,,R,12
452948,2010,A,,A,,A,,R,38.0,Z,0.0,R,38.0,R,34.0,R,89.0,R,6.0,R,0.0,R,6.0,R,6.0,R,100.0,R,11
452984,2010,A,,A,,A,,A,,A,,A,,A,,A,,A,,A,,A,,A,,A,,R,7
453075,2010,A,,A,,A,,R,0.0,R,0.0,R,0.0,R,0.0,A,,R,51.0,R,0.0,R,51.0,R,31.0,R,61.0,R,20
453109,2010,R,181.0,R,181.0,R,100.0,R,108.0,R,0.0,R,108.0,R,83.0,R,77.0,R,0.0,R,0.0,R,0.0,R,0.0,A,,R,10
453127,2010,R,4.0,R,322.0,R,1.0,R,3.0,R,0.0,R,3.0,R,0.0,R,0.0,R,245.0,R,0.0,R,245.0,R,81.0,R,33.0,R,19
453163,2010,R,13.0,R,952.0,R,1.0,R,11.0,R,0.0,R,11.0,R,5.0,R,45.0,R,791.0,R,0.0,R,791.0,R,242.0,R,31.0,R,30
453215,2010,R,2.0,R,198.0,R,1.0,R,13.0,R,0.0,R,13.0,R,7.0,R,54.0,R,95.0,R,0.0,R,95.0,R,46.0,R,48.0,R,16
453297,2010,A,,A,,A,,R,22.0,R,0.0,R,22.0,R,22.0,R,100.0,R,0.0,R,0.0,R,0.0,R,0.0,A,,R,13
453349,2010,A,,A,,A,,R,209.0,Z,0.0,R,209.0,R,103.0,R,49.0,R,0.0,Z,0.0,R,0.0,R,0.0,A,,R,45
453455,2010,R,3.0,R,12.0,R,25.0,R,21.0,R,0.0,R,21.0,R,15.0,R,71.0,R,17.0,R,0.0,R,17.0,R,8.0,R,47.0,R,11
453464,2010,R,13.0,R,36.0,R,36.0,R,56.0,R,0.0,R,56.0,R,35.0,R,63.0,R,32.0,R,0.0,R,32.0,R,4.0,R,13.0,R,13
453473,2010,R,4.0,R,5.0,R,80.0,R,46.0,R,0.0,R,46.0,R,22.0,R,48.0,R,32.0,R,0.0,R,32.0,R,9.0,R,28.0,R,12
453482,2010,R,9.0,R,23.0,R,39.0,R,28.0,R,0.0,R,28.0,R,15.0,R,54.0,R,31.0,R,0.0,R,31.0,R,6.0,R,19.0,R,8
453552,2010,A,,A,,A,,R,109.0,R,0.0,R,109.0,R,61.0,R,56.0,R,43.0,R,0.0,R,43.0,R,20.0,R,47.0,R,29
453570,2010,A,,A,,A,,R,20.0,Z,0.0,R,20.0,R,13.0,R,65.0,Z,0.0,Z,0.0,Z,0.0,Z,0.0,A,,R,12
453747,2010,R,41.0,R,120.0,R,34.0,R,58.0,R,0.0,R,58.0,R,43.0,R,74.0,R,2.0,R,0.0,R,2.0,R,0.0,R,0.0,R,10
453756,2010,A,,A,,A,,A,,A,,A,,A,,A,,A,,A,,A,,A,,A,,R,7
453792,2010,A,,A,,A,,R,7.0,R,0.0,R,7.0,R,3.0,R,43.0,R,0.0,R,0.0,R,0.0,R,0.0,A,,R,3
453817,2010,A,,A,,A,,R,97.0,R,0.0,R,97.0,R,78.0,R,80.0,R,0.0,R,0.0,R,0.0,R,0.0,A,,R,24
454032,2010,A,,A,,A,,A,,A,,A,,A,,A,,A,,A,,A,,A,,A,,R,15
454078,2010,A,,A,,A,,R,27.0,Z,0.0,R,27.0,R,27.0,R,100.0,R,0.0,Z,0.0,R,0.0,R,0.0,A,,R,14
454175,2010,A,,A,,A,,R,78.0,R,0.0,R,78.0,R,65.0,R,83.0,R,0.0,R,0.0,R,0.0,R,0.0,A,,R,20
454184,2010,R,155.0,R,206.0,R,75.0,R,103.0,R,0.0,R,103.0,R,63.0,R,61.0,R,0.0,R,0.0,R,0.0,R,0.0,A,,R,14
454193,2010,A,,A,,A,,R,19.0,R,0.0,R,19.0,R,16.0,R,84.0,R,0.0,R,0.0,R,0.0,R,0.0,A,,R,6
454209,2010,R,11.0,R,79.0,R,14.0,R,8.0,R,0.0,R,8.0,R,6.0,R,75.0,R,4.0,R,0.0,R,4.0,R,2.0,R,50.0,R,24
454227,2010,R,14.0,R,332.0,R,4.0,R,15.0,R,0.0,R,15.0,R,14.0,R,93.0,R,0.0,Z,0.0,R,0.0,Z,0.0,A,,R,17
454236,2010,R,25.0,R,325.0,R,8.0,R,17.0,R,0.0,R,17.0,R,14.0,R,82.0,R,0.0,R,0.0,R,0.0,R,0.0,A,,R,13
454245,2010,R,4.0,R,139.0,R,3.0,R,0.0,R,0.0,R,0.0,R,0.0,A,,R,0.0,R,0.0,R,0.0,R,0.0,A,,R,11
454263,2010,A,,A,,A,,R,51.0,R,0.0,R,51.0,R,28.0,R,55.0,R,0.0,R,0.0,R,0.0,R,0.0,A,,R,27
454281,2010,A,,A,,A,,R,2.0,R,0.0,R,2.0,R,2.0,R,100.0,R,0.0,R,0.0,R,0.0,R,0.0,A,,R,25
454290,2010,A,,A,,A,,R,15.0,R,0.0,R,15.0,R,10.0,R,67.0,R,3.0,R,0.0,R,3.0,R,1.0,R,33.0,R,25
454306,2010,A,,A,,A,,Z,0.0,Z,0.0,Z,0.0,Z,0.0,A,,R,61.0,Z,0.0,R,61.0,R,48.0,R,79.0,R,18
454315,2010,A,,A,,A,,R,33.0,R,0.0,R,33.0,R,21.0,R,64.0,R,7.0,R,0.0,R,7.0,R,7.0,R,100.0,R,19
454324,2010,A,,A,,A,,R,22.0,R,0.0,R,22.0,R,15.0,R,68.0,R,6.0,R,0.0,R,6.0,R,5.0,R,83.0,R,14
454333,2010,A,,A,,A,,R,21.0,R,0.0,R,21.0,R,10.0,R,48.0,R,13.0,R,0.0,R,13.0,R,5.0,R,38.0,R,10
454342,2010,A,,A,,A,,R,39.0,R,0.0,R,39.0,R,22.0,R,56.0,R,8.0,R,0.0,R,8.0,R,4.0,R,50.0,R,18
454351,2010,A,,A,,A,,R,45.0,R,0.0,R,45.0,R,28.0,R,62.0,R,10.0,R,0.0,R,10.0,R,6.0,R,60.0,R,19
454360,2010,A,,A,,A,,R,42.0,R,0.0,R,42.0,R,24.0,R,57.0,R,15.0,R,0.0,R,15.0,R,11.0,R,73.0,R,28
454379,2010,A,,A,,A,,R,31.0,R,0.0,R,31.0,R,21.0,R,68.0,R,6.0,R,0.0,R,6.0,R,2.0,R,33.0,R,19
454388,2010,A,,A,,A,,R,39.0,R,0.0,R,39.0,R,21.0,R,54.0,R,12.0,R,0.0,R,12.0,R,7.0,R,58.0,R,12
454397,2010,A,,A,,A,,R,25.0,R,0.0,R,25.0,R,13.0,R,52.0,R,9.0,R,0.0,R,9.0,R,6.0,R,67.0,R,14
454403,2010,A,,A,,A,,R,18.0,R,0.0,R,18.0,R,14.0,R,78.0,R,10.0,R,0.0,R,10.0,R,7.0,R,70.0,R,8
454412,2010,A,,A,,A,,R,7.0,R,0.0,R,7.0,R,5.0,R,71.0,R,18.0,R,0.0,R,18.0,R,11.0,R,61.0,R,11
454421,2010,A,,A,,A,,R,5.0,R,0.0,R,5.0,R,5.0,R,100.0,R,3.0,R,0.0,R,3.0,R,3.0,R,100.0,R,14
454430,2010,A,,A,,A,,R,10.0,R,0.0,R,10.0,R,8.0,R,80.0,R,11.0,R,0.0,R,11.0,R,8.0,R,73.0,R,5
454449,2010,A,,A,,A,,R,11.0,R,0.0,R,11.0,R,9.0,R,82.0,R,1.0,R,0.0,R,1.0,R,1.0,R,100.0,R,7
454458,2010,R,103.0,R,103.0,R,100.0,R,291.0,R,0.0,R,291.0,R,220.0,R,76.0,Z,0.0,Z,0.0,Z,0.0,Z,0.0,A,,R,13
454467,2010,A,,A,,A,,R,23.0,R,0.0,R,23.0,R,13.0,R,57.0,R,11.0,R,0.0,R,11.0,R,7.0,R,64.0,R,14
454476,2010,A,,A,,A,,R,39.0,R,0.0,R,39.0,R,29.0,R,74.0,R,3.0,R,0.0,R,3.0,R,1.0,R,33.0,R,16
454485,2010,A,,A,,A,,R,17.0,R,0.0,R,17.0,R,9.0,R,53.0,R,5.0,R,0.0,R,5.0,R,2.0,R,40.0,R,8
454494,2010,A,,A,,A,,R,39.0,R,0.0,R,39.0,R,19.0,R,49.0,R,10.0,R,0.0,R,10.0,R,1.0,R,10.0,R,14
454500,2010,A,,A,,A,,R,27.0,R,0.0,R,27.0,R,16.0,R,59.0,R,11.0,R,0.0,R,11.0,R,8.0,R,73.0,R,15
454519,2010,A,,A,,A,,R,26.0,R,0.0,R,26.0,R,3.0,R,12.0,R,13.0,R,0.0,R,13.0,R,8.0,R,62.0,R,15
454528,2010,A,,A,,A,,R,24.0,R,0.0,R,24.0,R,13.0,R,54.0,R,5.0,R,0.0,R,5.0,R,4.0,R,80.0,R,15
454537,2010,A,,A,,A,,R,83.0,R,0.0,R,83.0,R,67.0,R,81.0,R,0.0,R,0.0,R,0.0,R,0.0,A,,R,15
454546,2010,A,,A,,A,,R,65.0,Z,0.0,R,65.0,R,32.0,R,49.0,Z,0.0,Z,0.0,Z,0.0,Z,0.0,A,,R,15
454555,2010,A,,A,,A,,R,55.0,Z,0.0,R,55.0,R,27.0,R,49.0,Z,0.0,Z,0.0,Z,0.0,Z,0.0,A,,R,21
454564,2010,A,,A,,A,,R,207.0,Z,0.0,R,207.0,R,109.0,R,53.0,Z,0.0,Z,0.0,Z,0.0,Z,0.0,A,,R,15
454573,2010,A,,A,,A,,R,53.0,Z,0.0,R,53.0,R,40.0,R,75.0,Z,0.0,Z,0.0,Z,0.0,Z,0.0,A,,R,20
454582,2010,A,,A,,A,,R,0.0,R,0.0,R,0.0,R,0.0,A,,R,0.0,R,0.0,R,0.0,R,0.0,A,,R,5
454591,2010,R,24.0,R,118.0,R,20.0,R,2.0,R,0.0,R,2.0,R,1.0,R,50.0,R,2.0,R,0.0,R,2.0,R,2.0,R,100.0,R,10
454607,2010,A,,A,,A,,R,197.0,Z,0.0,R,197.0,R,166.0,R,84.0,R,0.0,R,0.0,R,0.0,R,0.0,A,,R,19
454616,2010,R,105.0,R,216.0,R,49.0,R,113.0,R,0.0,R,113.0,R,81.0,R,72.0,R,1.0,R,0.0,R,1.0,R,1.0,R,100.0,R,14
454625,2010,R,91.0,R,126.0,R,72.0,R,0.0,R,0.0,R,0.0,R,0.0,A,,R,0.0,R,0.0,R,0.0,R,0.0,A,,R,15
454634,2010,A,,A,,A,,R,165.0,Z,0.0,R,165.0,R,84.0,R,51.0,Z,0.0,Z,0.0,Z,0.0,Z,0.0,A,,R,25
454652,2010,A,,A,,A,,R,76.0,R,0.0,R,76.0,R,61.0,R,80.0,R,0.0,R,0.0,R,0.0,R,0.0,A,,R,20
454698,2010,A,,A,,A,,R,59.0,R,0.0,R,59.0,R,42.0,R,71.0,Z,0.0,Z,0.0,Z,0.0,Z,0.0,A,,R,16
454704,2010,A,,A,,A,,R,18.0,Z,0.0,R,18.0,R,18.0,R,100.0,Z,0.0,Z,0.0,Z,0.0,Z,0.0,A,,R,22
454713,2010,A,,A,,A,,R,167.0,R,0.0,R,167.0,R,117.0,R,70.0,R,0.0,R,0.0,R,0.0,R,0.0,A,,R,21
454722,2010,A,,A,,A,,R,3.0,R,0.0,R,3.0,R,3.0,R,100.0,R,0.0,R,0.0,R,0.0,R,0.0,A,,R,25
454731,2010,A,,A,,A,,R,75.0,R,2.0,R,73.0,R,68.0,R,93.0,R,0.0,R,0.0,R,0.0,R,0.0,A,,R,17
454740,2010,R,8.0,R,53.0,R,15.0,R,6.0,R,0.0,R,6.0,R,5.0,R,83.0,R,17.0,R,0.0,R,17.0,R,9.0,R,53.0,R,10
454759,2010,A,,A,,A,,R,10.0,Z,0.0,R,10.0,R,8.0,R,80.0,R,0.0,R,0.0,R,0.0,R,0.0,A,,R,10
454768,2010,A,,A,,A,,R,25.0,R,0.0,R,25.0,R,24.0,R,96.0,R,33.0,R,0.0,R,33.0,R,31.0,R,94.0,R,20
454777,2010,A,,A,,A,,R,51.0,R,0.0,R,51.0,R,41.0,R,80.0,R,5.0,R,0.0,R,5.0,R,3.0,R,60.0,R,12
454786,2010,A,,A,,A,,R,39.0,R,0.0,R,39.0,R,35.0,R,90.0,R,32.0,R,0.0,R,32.0,R,29.0,R,91.0,R,12
454795,2010,A,,A,,A,,R,3.0,R,0.0,R,3.0,R,3.0,R,100.0,R,14.0,R,0.0,R,14.0,R,9.0,R,64.0,R,22
454801,2010,A,,A,,A,,R,3.0,R,0.0,R,3.0,R,2.0,R,67.0,R,1.0,R,0.0,R,1.0,R,0.0,R,0.0,R,30
454810,2010,A,,A,,A,,A,,A,,A,,A,,A,,A,,A,,A,,A,,A,,R,8
454829,2010,A,,A,,A,,R,2.0,R,0.0,R,2.0,R,0.0,R,0.0,R,38.0,R,0.0,R,38.0,R,21.0,R,55.0,R,15
454847,2010,A,,A,,A,,R,38.0,R,0.0,R,38.0,R,33.0,R,87.0,R,39.0,R,0.0,R,39.0,R,38.0,R,97.0,R,17
454856,2010,R,13.0,R,236.0,R,6.0,R,16.0,R,0.0,R,16.0,R,15.0,R,94.0,R,0.0,R,0.0,R,0.0,R,0.0,A,,R,30
454865,2010,A,,A,,A,,R,10.0,R,0.0,R,10.0,R,7.0,R,70.0,R,0.0,R,0.0,R,0.0,R,0.0,A,,R,20
454874,2010,A,,A,,A,,R,23.0,R,0.0,R,23.0,R,18.0,R,78.0,R,19.0,R,0.0,R,19.0,R,16.0,R,84.0,R,13
454883,2010,A,,A,,A,,R,164.0,R,0.0,R,164.0,R,136.0,R,83.0,R,0.0,R,0.0,R,0.0,R,0.0,A,,R,30
454892,2010,A,,A,,A,,R,8.0,R,0.0,R,8.0,R,8.0,R,100.0,R,6.0,R,0.0,R,6.0,R,6.0,R,100.0,R,10
454908,2010,A,,A,,A,,A,,A,,A,,A,,A,,A,,A,,A,,A,,A,,R,39
454917,2010,A,,A,,A,,R,35.0,Z,0.0,R,35.0,R,31.0,R,89.0,R,26.0,Z,0.0,R,26.0,R,24.0,R,92.0,R,18
454926,2010,A,,A,,A,,R,156.0,R,0.0,R,156.0,R,131.0,R,84.0,R,0.0,R,0.0,R,0.0,R,0.0,A,,R,18
454935,2010,A,,A,,A,,R,44.0,Z,0.0,R,44.0,R,44.0,R,100.0,R,0.0,R,0.0,R,0.0,R,0.0,A,,R,10
454944,2010,A,,A,,A,,R,76.0,R,0.0,R,76.0,R,65.0,R,86.0,R,18.0,R,0.0,R,18.0,R,15.0,R,83.0,R,15
454953,2010,A,,A,,A,,A,,A,,A,,A,,A,,A,,A,,A,,A,,A,,R,12
454962,2010,A,,A,,A,,A,,A,,A,,A,,A,,A,,A,,A,,A,,A,,R,8
454971,2010,A,,A,,A,,R,60.0,R,0.0,R,60.0,R,53.0,R,88.0,R,34.0,R,0.0,R,34.0,R,33.0,R,97.0,R,15
454980,2010,A,,A,,A,,R,55.0,R,0.0,R,55.0,R,49.0,R,89.0,R,0.0,R,0.0,R,0.0,R,0.0,A,,R,11
454999,2010,A,,A,,A,,R,32.0,R,0.0,R,32.0,R,27.0,R,84.0,R,8.0,R,0.0,R,8.0,R,8.0,R,100.0,R,10
455008,2010,A,,A,,A,,R,29.0,R,0.0,R,29.0,R,23.0,R,79.0,R,0.0,R,0.0,R,0.0,R,0.0,A,,R,15
455017,2010,A,,A,,A,,R,16.0,R,0.0,R,16.0,R,16.0,R,100.0,R,9.0,R,0.0,R,9.0,R,9.0,R,100.0,R,15
455026,2010,A,,A,,A,,A,,A,,A,,A,,A,,A,,A,,A,,A,,A,,R,6
455035,2010,A,,A,,A,,A,,A,,A,,A,,A,,A,,A,,A,,A,,A,,R,2
455053,2010,A,,A,,A,,R,25.0,R,0.0,R,25.0,R,11.0,R,44.0,R,12.0,R,0.0,R,12.0,R,7.0,R,58.0,R,11
455062,2010,A,,A,,A,,R,10.0,R,0.0,R,10.0,R,9.0,R,90.0,R,9.0,R,0.0,R,9.0,R,9.0,R,100.0,R,20
455071,2010,A,,A,,A,,A,,A,,A,,A,,A,,A,,A,,A,,A,,A,,R,16
455080,2010,A,,A,,A,,R,76.0,R,0.0,R,76.0,R,70.0,R,92.0,R,21.0,R,0.0,R,21.0,R,19.0,R,90.0,R,7
455105,2010,A,,A,,A,,R,36.0,R,0.0,R,36.0,R,34.0,R,94.0,R,1.0,R,0.0,R,1.0,R,0.0,R,0.0,R,12
455114,2010,R,1021.0,R,2597.0,R,39.0,R,750.0,R,1.0,R,749.0,R,401.0,R,54.0,R,398.0,R,0.0,R,398.0,R,181.0,R,45.0,R,16
455141,2010,A,,A,,A,,R,86.0,R,0.0,R,86.0,R,66.0,R,77.0,R,0.0,R,0.0,R,0.0,R,0.0,A,,R,14
455187,2010,A,,A,,A,,R,102.0,R,0.0,R,102.0,R,45.0,R,44.0,R,0.0,R,0.0,R,0.0,R,0.0,A,,R,25
455196,2010,A,,A,,A,,R,145.0,R,0.0,R,145.0,R,104.0,R,72.0,Z,0.0,Z,0.0,Z,0.0,Z,0.0,A,,R,14
455202,2010,A,,A,,A,,R,58.0,R,0.0,R,58.0,R,55.0,R,95.0,R,0.0,R,0.0,R,0.0,R,0.0,A,,R,13
455211,2010,A,,A,,A,,R,36.0,R,0.0,R,36.0,R,30.0,R,83.0,Z,0.0,Z,0.0,Z,0.0,Z,0.0,A,,R,8
455220,2010,A,,A,,A,,R,50.0,R,0.0,R,50.0,R,24.0,R,48.0,R,0.0,R,0.0,R,0.0,R,0.0,A,,R,15
455239,2010,A,,A,,A,,R,2.0,Z,0.0,R,2.0,R,2.0,R,100.0,R,17.0,Z,0.0,R,17.0,R,15.0,R,88.0,R,8
455248,2010,A,,A,,A,,R,4.0,Z,0.0,R,4.0,R,4.0,R,100.0,Z,0.0,Z,0.0,Z,0.0,R,0.0,A,,R,4
455257,2010,R,52.0,R,74.0,R,70.0,R,60.0,R,0.0,R,60.0,R,53.0,R,88.0,R,0.0,R,0.0,R,0.0,R,0.0,A,,R,42
455266,2010,A,,A,,A,,P,27.0,P,0.0,P,27.0,P,23.0,P,85.0,P,7.0,P,0.0,P,7.0,P,5.0,P,71.0,P,25
455275,2010,A,,A,,A,,R,95.0,R,0.0,R,95.0,R,75.0,R,79.0,R,1.0,R,0.0,R,1.0,R,1.0,R,100.0,R,13
455284,2010,A,,A,,A,,R,57.0,R,0.0,R,57.0,R,44.0,R,77.0,R,10.0,R,0.0,R,10.0,R,9.0,R,90.0,R,21
455293,2010,A,,A,,A,,R,3.0,R,0.0,R,3.0,R,2.0,R,67.0,R,0.0,R,0.0,R,0.0,R,0.0,A,,R,10
455309,2010,A,,A,,A,,R,96.0,Z,0.0,R,96.0,R,94.0,R,98.0,R,7.0,Z,0.0,R,7.0,R,7.0,R,100.0,R,25
455318,2010,A,,A,,A,,R,27.0,R,0.0,R,27.0,R,22.0,R,81.0,R,3.0,R,0.0,R,3.0,R,3.0,R,100.0,R,25
455327,2010,A,,A,,A,,A,,A,,A,,A,,A,,A,,A,,A,,A,,A,,R,12
455336,2010,A,,A,,A,,R,10.0,R,0.0,R,10.0,R,8.0,R,80.0,R,93.0,R,0.0,R,93.0,R,63.0,R,68.0,R,12
455345,2010,A,,A,,A,,A,,A,,A,,A,,A,,A,,A,,A,,A,,A,,R,10
455354,2010,A,,A,,A,,R,85.0,R,0.0,R,85.0,R,50.0,R,59.0,R,0.0,R,0.0,R,0.0,R,0.0,A,,R,14
455363,2010,A,,A,,A,,R,22.0,R,0.0,R,22.0,R,11.0,R,50.0,R,3.0,R,0.0,R,3.0,R,3.0,R,100.0,R,3
455372,2010,A,,A,,A,,A,,A,,A,,A,,A,,A,,A,,A,,A,,A,,R,5
455381,2010,A,,A,,A,,R,32.0,Z,0.0,R,32.0,R,30.0,R,94.0,R,16.0,Z,0.0,R,16.0,R,15.0,R,94.0,R,8
455390,2010,A,,A,,A,,R,269.0,R,0.0,R,269.0,R,145.0,R,54.0,R,0.0,R,0.0,R,0.0,R,0.0,A,,R,25
455415,2010,A,,A,,A,,R,7.0,Z,0.0,R,7.0,R,7.0,R,100.0,R,2.0,Z,0.0,R,2.0,R,1.0,R,50.0,R,13
455424,2010,A,,A,,A,,A,,A,,A,,A,,A,,A,,A,,A,,A,,A,,R,24
455460,2010,A,,A,,A,,R,115.0,R,0.0,R,115.0,R,77.0,R,67.0,R,0.0,R,0.0,R,0.0,R,0.0,A,,R,15
455479,2010,R,357.0,R,357.0,R,100.0,R,188.0,Z,0.0,R,188.0,R,146.0,R,78.0,Z,0.0,Z,0.0,Z,0.0,Z,0.0,A,,R,25
455488,2010,A,,A,,A,,R,467.0,R,0.0,R,467.0,R,350.0,R,75.0,R,0.0,R,0.0,R,0.0,R,0.0,A,,R,23
455497,2010,A,,A,,A,,R,116.0,Z,0.0,R,116.0,R,64.0,R,55.0,Z,0.0,Z,0.0,Z,0.0,Z,0.0,A,,R,20
455512,2010,R,173.0,R,1219.0,R,14.0,R,221.0,Z,0.0,R,221.0,R,143.0,R,65.0,R,241.0,Z,0.0,R,241.0,R,101.0,R,42.0,R,25
455530,2010,A,,A,,A,,R,187.0,R,0.0,R,187.0,R,105.0,R,56.0,R,0.0,R,0.0,R,0.0,R,0.0,A,,R,40
455549,2010,A,,A,,A,,R,9.0,R,0.0,R,9.0,R,5.0,R,56.0,R,3.0,R,0.0,R,3.0,R,2.0,R,67.0,R,32
455558,2010,A,,A,,A,,R,39.0,R,0.0,R,39.0,R,21.0,R,54.0,R,0.0,R,0.0,R,0.0,Z,0.0,A,,R,45
455567,2010,A,,A,,A,,R,71.0,R,0.0,R,71.0,R,36.0,R,51.0,R,0.0,R,0.0,R,0.0,R,0.0,A,,R,26
455585,2010,R,24.0,R,89.0,R,27.0,R,9.0,R,0.0,R,9.0,R,5.0,R,56.0,R,4.0,R,0.0,R,4.0,R,1.0,R,25.0,R,12
455600,2010,R,172.0,R,172.0,R,100.0,R,21.0,Z,0.0,R,21.0,R,6.0,R,29.0,R,0.0,Z,0.0,R,0.0,R,0.0,A,,R,15
455619,2010,A,,A,,A,,R,1.0,Z,0.0,R,1.0,R,1.0,R,100.0,R,0.0,Z,0.0,R,0.0,R,0.0,A,,R,11
455628,2010,R,178.0,R,189.0,R,94.0,R,137.0,Z,0.0,R,137.0,R,102.0,R,74.0,R,0.0,R,0.0,R,0.0,R,0.0,A,,R,15
455646,2010,R,21.0,R,32.0,R,66.0,R,20.0,R,0.0,R,20.0,R,16.0,R,80.0,R,0.0,R,0.0,R,0.0,R,0.0,A,,R,7
455655,2010,R,63.0,R,115.0,R,55.0,R,30.0,R,0.0,R,30.0,R,11.0,R,37.0,R,16.0,Z,0.0,R,16.0,R,7.0,R,44.0,R,24
455673,2010,R,24.0,R,26.0,R,92.0,R,127.0,R,0.0,R,127.0,R,107.0,R,84.0,R,8.0,R,0.0,R,8.0,R,7.0,R,88.0,R,8
455707,2010,A,,A,,A,,A,,A,,A,,A,,A,,A,,A,,A,,A,,A,,R,15
455716,2010,R,223.0,R,407.0,R,55.0,R,248.0,R,0.0,R,248.0,R,197.0,R,79.0,R,56.0,R,0.0,R,56.0,R,8.0,R,14.0,R,11
455725,2010,A,,A,,A,,R,60.0,R,0.0,R,60.0,R,43.0,R,72.0,R,0.0,R,0.0,R,0.0,R,0.0,A,,R,12
455734,2010,A,,A,,A,,R,42.0,Z,0.0,R,42.0,R,29.0,R,69.0,Z,0.0,Z,0.0,Z,0.0,Z,0.0,A,,R,13
455743,2010,A,,A,,A,,R,30.0,R,0.0,R,30.0,R,24.0,R,80.0,R,0.0,R,0.0,R,0.0,R,0.0,A,,R,15
455752,2010,A,,A,,A,,A,,A,,A,,A,,A,,A,,A,,A,,A,,A,,R,15
455761,2010,A,,A,,A,,R,46.0,R,1.0,R,45.0,R,39.0,R,87.0,R,14.0,R,0.0,R,14.0,R,11.0,R,79.0,R,13
455770,2010,R,20.0,R,21.0,R,95.0,R,25.0,R,0.0,R,25.0,R,24.0,R,96.0,R,0.0,R,0.0,R,0.0,R,0.0,A,,R,7
455789,2010,A,,A,,A,,R,6.0,Z,0.0,R,6.0,R,6.0,R,100.0,R,1.0,Z,0.0,R,1.0,R,1.0,R,100.0,R,2
455798,2010,A,,A,,A,,R,13.0,Z,0.0,R,13.0,R,11.0,R,85.0,R,20.0,Z,0.0,R,20.0,R,19.0,R,95.0,R,11
455822,2010,A,,A,,A,,R,39.0,R,0.0,R,39.0,R,35.0,R,90.0,R,0.0,R,0.0,R,0.0,R,0.0,A,,R,9
455831,2010,A,,A,,A,,A,,A,,A,,A,,A,,A,,A,,A,,A,,A,,R,19
455840,2010,A,,A,,A,,A,,A,,A,,A,,A,,A,,A,,A,,A,,A,,R,10
455859,2010,A,,A,,A,,R,74.0,R,0.0,R,74.0,R,67.0,R,91.0,Z,0.0,Z,0.0,Z,0.0,Z,0.0,A,,R,18
455868,2010,A,,A,,A,,A,,A,,A,,A,,A,,A,,A,,A,,A,,A,,R,22
455877,2010,A,,A,,A,,R,35.0,R,0.0,R,35.0,R,31.0,R,89.0,R,0.0,R,0.0,R,0.0,R,0.0,A,,R,9
455886,2010,A,,A,,A,,R,30.0,R,0.0,R,30.0,R,28.0,R,93.0,R,23.0,R,0.0,R,23.0,R,19.0,R,83.0,R,11
455895,2010,A,,A,,A,,R,48.0,R,0.0,R,48.0,R,44.0,R,92.0,R,18.0,R,0.0,R,18.0,R,14.0,R,78.0,R,15
455901,2010,A,,A,,A,,R,101.0,Z,0.0,R,101.0,R,86.0,R,85.0,Z,0.0,Z,0.0,Z,0.0,Z,0.0,A,,R,10
455910,2010,A,,A,,A,,A,,A,,A,,A,,A,,A,,A,,A,,A,,A,,R,1
455929,2010,A,,A,,A,,R,11.0,R,0.0,R,11.0,R,11.0,R,100.0,R,0.0,R,0.0,R,0.0,R,0.0,A,,R,15
455938,2010,A,,A,,A,,R,23.0,R,0.0,R,23.0,R,15.0,R,65.0,R,0.0,R,0.0,R,0.0,R,0.0,A,,R,6
455947,2010,A,,A,,A,,R,67.0,R,0.0,R,67.0,R,65.0,R,97.0,R,14.0,R,0.0,R,14.0,R,13.0,R,93.0,R,6
455956,2010,A,,A,,A,,R,37.0,R,0.0,R,37.0,R,28.0,R,76.0,R,0.0,R,0.0,R,0.0,R,0.0,A,,R,14
455965,2010,A,,A,,A,,R,65.0,R,0.0,R,65.0,R,60.0,R,92.0,R,0.0,R,0.0,R,0.0,R,0.0,A,,R,21
455974,2010,A,,A,,A,,A,,A,,A,,A,,A,,A,,A,,A,,A,,A,,R,12
455983,2010,A,,A,,A,,R,209.0,R,0.0,R,209.0,R,150.0,R,72.0,R,0.0,R,0.0,R,0.0,Z,0.0,A,,R,8
456001,2010,A,,A,,A,,R,11.0,Z,0.0,R,11.0,R,11.0,R,100.0,R,0.0,R,0.0,R,0.0,R,0.0,A,,R,19
456010,2010,R,41.0,R,75.0,R,55.0,R,10.0,R,0.0,R,10.0,R,4.0,R,40.0,R,1.0,R,0.0,R,1.0,R,1.0,R,100.0,R,28
456029,2010,A,,A,,A,,R,144.0,R,1.0,R,143.0,R,100.0,R,70.0,R,0.0,R,0.0,R,0.0,R,0.0,A,,R,35
456038,2010,A,,A,,A,,R,257.0,R,0.0,R,257.0,R,208.0,R,81.0,R,0.0,R,0.0,R,0.0,R,0.0,A,,R,25
456056,2010,R,126.0,R,150.0,R,84.0,R,0.0,R,0.0,R,0.0,R,0.0,A,,R,0.0,R,0.0,R,0.0,R,0.0,A,,R,16
456065,2010,A,,A,,A,,R,13.0,R,0.0,R,13.0,R,9.0,R,69.0,R,5.0,R,0.0,R,5.0,R,5.0,R,100.0,R,15
456074,2010,A,,A,,A,,R,33.0,R,0.0,R,33.0,R,31.0,R,94.0,R,3.0,R,0.0,R,3.0,R,3.0,R,100.0,R,14
456092,2010,A,,A,,A,,R,24.0,Z,0.0,R,24.0,R,18.0,R,75.0,R,18.0,Z,0.0,R,18.0,R,16.0,R,89.0,R,20
456117,2010,A,,A,,A,,R,11.0,R,0.0,R,11.0,R,5.0,R,45.0,R,4.0,R,0.0,R,4.0,R,3.0,R,75.0,R,11
456126,2010,A,,A,,A,,R,28.0,Z,0.0,R,28.0,R,24.0,R,86.0,R,18.0,Z,0.0,R,18.0,R,7.0,R,39.0,R,25
456135,2010,A,,A,,A,,R,33.0,Z,0.0,R,33.0,R,27.0,R,82.0,R,12.0,Z,0.0,R,12.0,R,5.0,R,42.0,R,13
456144,2010,A,,A,,A,,A,,A,,A,,A,,A,,A,,A,,A,,A,,A,,R,12
456153,2010,A,,A,,A,,A,,A,,A,,A,,A,,A,,A,,A,,A,,A,,R,12
456180,2010,A,,A,,A,,R,49.0,R,0.0,R,49.0,R,30.0,R,61.0,R,0.0,R,0.0,R,0.0,R,0.0,A,,R,14
456205,2010,R,70.0,R,94.0,R,74.0,R,57.0,Z,0.0,R,57.0,R,30.0,R,53.0,R,25.0,Z,0.0,R,25.0,R,10.0,R,40.0,R,23
456214,2010,A,,A,,A,,A,,A,,A,,A,,A,,A,,A,,A,,A,,A,,R,44
456250,2010,A,,A,,A,,R,64.0,R,0.0,R,64.0,R,42.0,R,66.0,R,21.0,R,0.0,R,21.0,R,18.0,R,86.0,R,25
456269,2010,A,,A,,A,,A,,A,,A,,A,,A,,A,,A,,A,,A,,A,,R,3
456278,2010,R,249.0,R,256.0,R,97.0,R,283.0,R,0.0,R,283.0,R,117.0,R,41.0,R,3.0,R,0.0,R,3.0,R,0.0,R,0.0,R,24
456287,2010,A,,A,,A,,R,41.0,R,0.0,R,41.0,R,38.0,R,93.0,R,0.0,R,0.0,R,0.0,R,0.0,A,,R,9
456296,2010,R,337.0,R,695.0,R,48.0,R,110.0,R,0.0,R,110.0,R,38.0,R,35.0,R,4.0,R,0.0,R,4.0,R,0.0,R,0.0,R,21
456302,2010,A,,A,,A,,R,131.0,Z,0.0,R,131.0,R,88.0,R,67.0,Z,0.0,Z,0.0,Z,0.0,Z,0.0,A,,R,34
456311,2010,A,,A,,A,,R,81.0,R,0.0,R,81.0,R,57.0,R,70.0,R,0.0,R,0.0,R,0.0,R,0.0,A,,R,30
456320,2010,A,,A,,A,,R,335.0,R,0.0,R,335.0,R,285.0,R,85.0,R,0.0,R,0.0,R,0.0,R,0.0,A,,R,38
456339,2010,A,,A,,A,,R,122.0,R,0.0,R,122.0,R,99.0,R,81.0,R,0.0,R,0.0,R,0.0,R,0.0,A,,R,13
456348,2010,R,586.0,R,2093.0,R,28.0,R,685.0,R,0.0,R,685.0,R,240.0,R,35.0,R,137.0,R,0.0,R,137.0,R,53.0,R,39.0,R,15
456357,2010,R,60.0,R,75.0,R,80.0,R,70.0,Z,0.0,R,70.0,R,38.0,R,54.0,R,1.0,Z,0.0,R,1.0,R,1.0,R,100.0,R,18
456366,2010,R,39.0,R,39.0,R,100.0,R,47.0,Z,0.0,R,47.0,R,20.0,R,43.0,R,0.0,Z,0.0,R,0.0,Z,0.0,A,,R,14
456375,2010,R,33.0,R,33.0,R,100.0,R,22.0,Z,0.0,R,22.0,R,9.0,R,41.0,R,1.0,Z,0.0,R,1.0,R,1.0,R,100.0,R,15
456384,2010,A,,A,,A,,A,,A,,A,,A,,A,,A,,A,,A,,A,,A,,R,33
456393,2010,R,41.0,R,52.0,R,79.0,R,0.0,R,0.0,R,0.0,R,0.0,A,,R,0.0,R,0.0,R,0.0,R,0.0,A,,R,12
456409,2010,R,53.0,R,71.0,R,75.0,R,0.0,R,0.0,R,0.0,R,0.0,A,,R,0.0,R,0.0,R,0.0,R,0.0,A,,R,17
456418,2010,R,60.0,R,71.0,R,85.0,R,90.0,R,4.0,R,86.0,R,37.0,R,43.0,R,16.0,R,1.0,R,15.0,R,3.0,R,20.0,R,15
456427,2010,R,81.0,R,95.0,R,85.0,R,0.0,R,0.0,R,0.0,R,0.0,A,,R,0.0,R,0.0,R,0.0,R,0.0,A,,R,23
456436,2010,R,55.0,R,83.0,R,66.0,R,0.0,R,0.0,R,0.0,R,0.0,A,,R,0.0,R,0.0,R,0.0,R,0.0,A,,R,16
456445,2010,R,77.0,R,118.0,R,65.0,R,18.0,R,0.0,R,18.0,R,13.0,R,72.0,R,2.0,R,1.0,R,1.0,R,0.0,R,0.0,R,29
456454,2010,R,71.0,R,84.0,R,85.0,R,52.0,R,0.0,R,52.0,R,41.0,R,79.0,R,0.0,R,0.0,R,0.0,R,0.0,A,,R,15
456481,2010,R,4.0,R,16.0,R,25.0,R,1.0,R,0.0,R,1.0,R,0.0,R,0.0,R,2.0,R,0.0,R,2.0,R,1.0,R,50.0,R,10
456490,2010,R,8.0,R,42.0,R,19.0,R,9.0,R,0.0,R,9.0,R,3.0,R,33.0,R,16.0,R,0.0,R,16.0,R,10.0,R,63.0,R,7
456506,2010,A,,A,,A,,R,33.0,Z,0.0,R,33.0,R,23.0,R,70.0,Z,0.0,Z,0.0,Z,0.0,Z,0.0,A,,R,13
456515,2010,A,,A,,A,,R,23.0,R,0.0,R,23.0,R,23.0,R,100.0,R,0.0,R,0.0,R,0.0,R,0.0,A,,R,12
456551,2010,A,,A,,A,,R,18.0,R,0.0,R,18.0,R,17.0,R,94.0,R,0.0,R,0.0,R,0.0,R,0.0,A,,R,16
456560,2010,A,,A,,A,,R,37.0,R,0.0,R,37.0,R,1.0,R,3.0,R,30.0,R,0.0,R,30.0,R,19.0,R,63.0,R,24
456588,2010,A,,A,,A,,R,15.0,R,0.0,R,15.0,R,11.0,R,73.0,R,0.0,R,0.0,R,0.0,R,0.0,A,,R,17
456597,2010,A,,A,,A,,R,44.0,R,0.0,R,44.0,R,34.0,R,77.0,R,0.0,R,0.0,R,0.0,R,0.0,A,,R,19
456612,2010,R,133.0,R,133.0,R,100.0,R,8.0,Z,0.0,R,8.0,R,4.0,R,50.0,R,0.0,Z,0.0,R,0.0,R,0.0,A,,R,12
456621,2010,R,2.0,R,117.0,R,2.0,R,5.0,R,0.0,R,5.0,R,4.0,R,80.0,R,74.0,R,0.0,R,74.0,R,23.0,R,31.0,R,17
456630,2010,A,,A,,A,,R,42.0,R,0.0,R,42.0,R,13.0,R,31.0,R,144.0,R,0.0,R,144.0,R,31.0,R,22.0,R,10
456667,2010,R,14.0,R,325.0,R,4.0,R,7.0,R,0.0,R,7.0,R,3.0,R,43.0,R,171.0,R,0.0,R,171.0,R,48.0,R,28.0,R,15
456719,2010,A,,A,,A,,R,35.0,R,0.0,R,35.0,R,16.0,R,46.0,R,18.0,R,0.0,R,18.0,R,10.0,R,56.0,R,18
456728,2010,A,,A,,A,,R,14.0,R,0.0,R,14.0,R,10.0,R,71.0,R,7.0,R,0.0,R,7.0,R,6.0,R,86.0,R,9
456737,2010,A,,A,,A,,R,42.0,R,0.0,R,42.0,R,17.0,R,40.0,R,9.0,R,0.0,R,9.0,R,3.0,R,33.0,R,16
456746,2010,A,,A,,A,,R,38.0,R,0.0,R,38.0,R,24.0,R,63.0,R,8.0,R,0.0,R,8.0,R,8.0,R,100.0,R,20
456755,2010,A,,A,,A,,R,14.0,R,0.0,R,14.0,R,9.0,R,64.0,R,6.0,R,0.0,R,6.0,R,5.0,R,83.0,R,7
456764,2010,A,,A,,A,,R,31.0,R,0.0,R,31.0,R,20.0,R,65.0,R,12.0,R,0.0,R,12.0,R,7.0,R,58.0,R,18
456773,2010,A,,A,,A,,R,25.0,R,0.0,R,25.0,R,11.0,R,44.0,R,5.0,R,0.0,R,5.0,R,4.0,R,80.0,R,14
456782,2010,R,35.0,R,215.0,R,16.0,R,4.0,Z,0.0,R,4.0,R,3.0,R,75.0,R,3.0,Z,0.0,R,3.0,R,1.0,R,33.0,R,12
456791,2010,R,146.0,R,146.0,R,100.0,R,73.0,Z,0.0,R,73.0,R,23.0,R,32.0,Z,0.0,Z,0.0,Z,0.0,Z,0.0,A,,R,16
456807,2010,R,37.0,R,139.0,R,27.0,R,6.0,R,0.0,R,6.0,R,4.0,R,67.0,R,3.0,R,0.0,R,3.0,R,1.0,R,33.0,R,11
456816,2010,R,48.0,R,224.0,R,21.0,R,7.0,R,0.0,R,7.0,R,6.0,R,86.0,R,7.0,R,0.0,R,7.0,R,5.0,R,71.0,R,15
456825,2010,A,,A,,A,,R,36.0,R,0.0,R,36.0,R,32.0,R,89.0,R,0.0,R,0.0,R,0.0,R,0.0,A,,R,20
456834,2010,R,5.0,R,82.0,R,6.0,R,5.0,R,0.0,R,5.0,R,2.0,R,40.0,R,3.0,R,0.0,R,3.0,R,0.0,R,0.0,R,14
456852,2010,A,,A,,A,,R,143.0,R,0.0,R,143.0,R,126.0,R,88.0,Z,0.0,Z,0.0,Z,0.0,Z,0.0,A,,R,26
456861,2010,A,,A,,A,,R,138.0,Z,0.0,R,138.0,R,109.0,R,79.0,Z,0.0,Z,0.0,Z,0.0,Z,0.0,A,,R,25
456870,2010,A,,A,,A,,R,353.0,Z,0.0,R,353.0,R,150.0,R,42.0,Z,0.0,Z,0.0,Z,0.0,Z,0.0,A,,R,29
456889,2010,A,,A,,A,,R,189.0,Z,0.0,R,189.0,R,94.0,R,50.0,Z,0.0,Z,0.0,Z,0.0,Z,0.0,A,,R,50
456898,2010,A,,A,,A,,R,143.0,Z,0.0,R,143.0,R,84.0,R,59.0,Z,0.0,Z,0.0,Z,0.0,Z,0.0,A,,R,29
456904,2010,A,,A,,A,,R,136.0,Z,0.0,R,136.0,R,91.0,R,67.0,Z,0.0,Z,0.0,Z,0.0,Z,0.0,A,,R,25
456913,2010,A,,A,,A,,R,250.0,Z,0.0,R,250.0,R,128.0,R,51.0,R,0.0,Z,0.0,R,0.0,Z,0.0,A,,R,29
456922,2010,A,,A,,A,,R,297.0,R,0.0,R,297.0,R,212.0,R,71.0,R,21.0,R,0.0,R,21.0,R,20.0,R,95.0,R,35
456931,2010,A,,A,,A,,R,355.0,Z,0.0,R,355.0,R,217.0,R,61.0,Z,0.0,Z,0.0,Z,0.0,Z,0.0,A,,R,42
456940,2010,A,,A,,A,,R,57.0,R,0.0,R,57.0,R,23.0,R,40.0,R,0.0,R,0.0,R,0.0,R,0.0,A,,R,20
456959,2010,R,92.0,R,103.0,R,89.0,R,50.0,R,0.0,R,50.0,R,34.0,R,68.0,R,0.0,R,0.0,R,0.0,R,0.0,A,,R,10
456968,2010,A,,A,,A,,R,23.0,R,0.0,R,23.0,R,18.0,R,78.0,R,0.0,R,0.0,R,0.0,R,0.0,A,,R,11
456977,2010,R,40.0,R,48.0,R,83.0,R,79.0,R,0.0,R,79.0,R,60.0,R,76.0,Z,0.0,Z,0.0,Z,0.0,Z,0.0,A,,R,20
456995,2010,R,14.0,R,75.0,R,19.0,R,15.0,R,0.0,R,15.0,R,10.0,R,67.0,R,60.0,R,0.0,R,60.0,R,42.0,R,70.0,R,12
457004,2010,R,1.0,R,15.0,R,7.0,R,17.0,R,0.0,R,17.0,R,9.0,R,53.0,R,8.0,R,0.0,R,8.0,R,1.0,R,13.0,R,7
457013,2010,A,,A,,A,,R,133.0,Z,0.0,R,133.0,R,73.0,R,55.0,Z,0.0,Z,0.0,Z,0.0,Z,0.0,A,,R,29
457022,2010,R,65.0,R,164.0,R,40.0,R,0.0,R,0.0,R,0.0,Z,0.0,A,,R,0.0,R,0.0,R,0.0,Z,0.0,A,,R,20
457031,2010,A,,A,,A,,R,19.0,R,0.0,R,19.0,R,17.0,R,89.0,R,0.0,R,0.0,R,0.0,R,0.0,A,,R,11
457068,2010,A,,A,,A,,R,40.0,Z,0.0,R,40.0,R,32.0,R,80.0,Z,0.0,Z,0.0,Z,0.0,Z,0.0,A,,R,14
457077,2010,A,,A,,A,,R,32.0,Z,0.0,R,32.0,R,21.0,R,66.0,Z,0.0,Z,0.0,Z,0.0,Z,0.0,A,,R,13
457086,2010,A,,A,,A,,R,29.0,R,0.0,R,29.0,R,23.0,R,79.0,R,0.0,R,0.0,R,0.0,R,0.0,A,,R,14
457095,2010,A,,A,,A,,R,0.0,R,0.0,R,0.0,R,0.0,A,,Z,0.0,Z,0.0,Z,0.0,Z,0.0,A,,R,53
457101,2010,A,,A,,A,,R,62.0,R,0.0,R,62.0,R,50.0,R,81.0,Z,0.0,Z,0.0,Z,0.0,Z,0.0,A,,R,17
457110,2010,A,,A,,A,,R,10.0,R,0.0,R,10.0,R,8.0,R,80.0,Z,0.0,Z,0.0,Z,0.0,Z,0.0,A,,R,12
457129,2010,R,1.0,R,120.0,R,1.0,R,6.0,R,0.0,R,6.0,R,3.0,R,50.0,R,0.0,R,0.0,R,0.0,R,0.0,A,,R,18
457174,2010,A,,A,,A,,R,134.0,R,1.0,R,133.0,R,92.0,R,69.0,Z,0.0,Z,0.0,Z,0.0,Z,0.0,A,,R,21
457183,2010,A,,A,,A,,A,,A,,A,,A,,A,,A,,A,,A,,A,,A,,R,8
457192,2010,A,,A,,A,,R,17.0,R,1.0,R,16.0,R,13.0,R,81.0,Z,0.0,Z,0.0,Z,0.0,Z,0.0,A,,R,18
457208,2010,A,,A,,A,,R,80.0,R,0.0,R,80.0,R,36.0,R,45.0,R,0.0,R,0.0,R,0.0,R,0.0,A,,R,19
457217,2010,A,,A,,A,,R,1.0,R,0.0,R,1.0,R,1.0,R,100.0,R,0.0,R,0.0,R,0.0,R,0.0,A,,R,6
457226,2010,R,1.0,R,5.0,R,20.0,R,1.0,R,0.0,R,1.0,R,1.0,R,100.0,R,0.0,R,0.0,R,0.0,R,0.0,A,,R,10
457235,2010,A,,A,,A,,A,,A,,A,,A,,A,,A,,A,,A,,A,,A,,R,15
457244,2010,A,,A,,A,,R,0.0,R,0.0,R,0.0,R,0.0,A,,R,0.0,R,0.0,R,0.0,R,0.0,A,,R,14
457253,2010,A,,A,,A,,R,3.0,Z,0.0,R,3.0,R,3.0,R,100.0,R,8.0,Z,0.0,R,8.0,R,7.0,R,88.0,R,11
457262,2010,A,,A,,A,,R,6.0,R,0.0,R,6.0,R,1.0,R,17.0,R,6.0,R,1.0,R,5.0,R,1.0,R,20.0,R,20
457280,2010,A,,A,,A,,R,10.0,R,0.0,R,10.0,R,7.0,R,70.0,R,0.0,R,0.0,R,0.0,R,0.0,A,,R,20
457299,2010,A,,A,,A,,R,86.0,R,0.0,R,86.0,R,84.0,R,98.0,R,0.0,R,0.0,R,0.0,R,0.0,A,,R,15
457305,2010,A,,A,,A,,R,5.0,R,0.0,R,5.0,R,3.0,R,60.0,R,0.0,R,0.0,R,0.0,R,0.0,A,,R,25
457314,2010,A,,A,,A,,R,0.0,R,0.0,R,0.0,R,0.0,A,,R,0.0,R,0.0,R,0.0,R,0.0,A,,R,14
457323,2010,A,,A,,A,,R,180.0,R,1.0,R,179.0,R,152.0,R,85.0,R,29.0,R,0.0,R,29.0,R,24.0,R,83.0,R,13
457332,2010,A,,A,,A,,R,13.0,R,0.0,R,13.0,R,13.0,R,100.0,R,7.0,R,0.0,R,7.0,R,7.0,R,100.0,R,7
457341,2010,A,,A,,A,,R,30.0,R,0.0,R,30.0,R,28.0,R,93.0,R,14.0,R,0.0,R,14.0,R,11.0,R,79.0,R,11
457350,2010,A,,A,,A,,A,,A,,A,,A,,A,,A,,A,,A,,A,,A,,R,3
457369,2010,A,,A,,A,,R,0.0,R,0.0,R,0.0,R,0.0,A,,R,1.0,R,0.0,R,1.0,R,1.0,R,100.0,R,4
457378,2010,A,,A,,A,,R,0.0,R,0.0,R,0.0,R,0.0,A,,R,0.0,R,0.0,R,0.0,R,0.0,A,,R,9
457387,2010,A,,A,,A,,R,219.0,R,1.0,R,218.0,R,96.0,R,44.0,R,203.0,R,0.0,R,203.0,R,94.0,R,46.0,R,16
457396,2010,A,,A,,A,,R,5.0,R,0.0,R,5.0,R,4.0,R,80.0,R,1.0,R,0.0,R,1.0,R,1.0,R,100.0,R,15
457402,2010,R,1.0,R,14.0,R,7.0,R,0.0,R,0.0,R,0.0,R,0.0,A,,R,0.0,R,0.0,R,0.0,R,0.0,A,,R,14
457411,2010,A,,A,,A,,R,20.0,R,0.0,R,20.0,R,13.0,R,65.0,R,0.0,R,0.0,R,0.0,R,0.0,A,,R,11
457420,2010,A,,A,,A,,R,32.0,R,0.0,R,32.0,R,31.0,R,97.0,R,32.0,R,0.0,R,32.0,R,31.0,R,97.0,R,12
457439,2010,A,,A,,A,,R,5.0,R,0.0,R,5.0,R,1.0,R,20.0,R,1.0,R,0.0,R,1.0,R,0.0,R,0.0,R,3
457448,2010,A,,A,,A,,R,93.0,R,0.0,R,93.0,R,77.0,R,83.0,R,9.0,R,0.0,R,9.0,R,9.0,R,100.0,R,15
457457,2010,A,,A,,A,,R,5.0,R,0.0,R,5.0,R,2.0,R,40.0,R,2.0,R,0.0,R,2.0,R,1.0,R,50.0,R,5
457466,2010,A,,A,,A,,R,22.0,R,0.0,R,22.0,R,22.0,R,100.0,R,0.0,R,0.0,R,0.0,R,0.0,A,,R,20
457475,2010,A,,A,,A,,R,44.0,R,0.0,R,44.0,R,33.0,R,75.0,R,0.0,R,0.0,R,0.0,R,0.0,A,,R,15
457484,2010,R,15.0,R,35.0,R,43.0,R,9.0,R,1.0,R,8.0,R,5.0,R,63.0,R,19.0,R,2.0,R,17.0,R,10.0,R,59.0,R,9
457493,2010,A,,A,,A,,R,29.0,R,0.0,R,29.0,R,21.0,R,72.0,Z,0.0,Z,0.0,Z,0.0,Z,0.0,A,,R,9
457509,2010,A,,A,,A,,R,3.0,R,0.0,R,3.0,R,2.0,R,67.0,R,7.0,R,0.0,R,7.0,R,6.0,R,86.0,R,17
457527,2010,A,,A,,A,,R,128.0,R,0.0,R,128.0,R,104.0,R,81.0,R,75.0,R,0.0,R,75.0,R,60.0,R,80.0,R,18
457536,2010,A,,A,,A,,R,22.0,R,0.0,R,22.0,R,4.0,R,18.0,R,97.0,R,0.0,R,97.0,R,20.0,R,21.0,R,15
457545,2010,A,,A,,A,,R,33.0,Z,0.0,R,33.0,R,32.0,R,97.0,R,3.0,Z,0.0,R,3.0,R,2.0,R,67.0,R,15
457554,2010,A,,A,,A,,R,17.0,R,0.0,R,17.0,R,13.0,R,76.0,R,0.0,R,0.0,R,0.0,R,0.0,A,,R,8
457563,2010,A,,A,,A,,R,73.0,R,1.0,R,72.0,R,69.0,R,96.0,R,0.0,R,0.0,R,0.0,R,0.0,A,,R,12
457572,2010,A,,A,,A,,R,62.0,R,0.0,R,62.0,R,56.0,R,90.0,R,0.0,R,0.0,R,0.0,R,0.0,A,,R,17
457581,2010,A,,A,,A,,R,79.0,R,0.0,R,79.0,R,78.0,R,99.0,R,0.0,R,0.0,R,0.0,R,0.0,A,,R,12
457590,2010,A,,A,,A,,R,0.0,R,0.0,R,0.0,R,0.0,A,,R,0.0,R,0.0,R,0.0,R,0.0,A,,R,35
457606,2010,A,,A,,A,,R,14.0,R,0.0,R,14.0,R,1.0,R,7.0,R,0.0,R,0.0,R,0.0,R,0.0,A,,R,13
457615,2010,A,,A,,A,,Z,0.0,Z,0.0,Z,0.0,Z,0.0,A,,R,23.0,R,0.0,R,23.0,R,19.0,R,83.0,R,3
457624,2010,A,,A,,A,,R,24.0,Z,0.0,R,24.0,R,21.0,R,88.0,Z,0.0,Z,0.0,Z,0.0,Z,0.0,A,,R,8
457633,2010,A,,A,,A,,R,18.0,R,0.0,R,18.0,R,16.0,R,89.0,R,2.0,R,0.0,R,2.0,R,2.0,R,100.0,R,22
457642,2010,A,,A,,A,,R,29.0,R,0.0,R,29.0,R,22.0,R,76.0,R,8.0,R,0.0,R,8.0,R,8.0,R,100.0,R,20
457651,2010,A,,A,,A,,R,25.0,R,0.0,R,25.0,R,22.0,R,88.0,R,10.0,R,0.0,R,10.0,R,8.0,R,80.0,R,10
457660,2010,A,,A,,A,,R,24.0,Z,0.0,R,24.0,R,14.0,R,58.0,R,10.0,Z,0.0,R,10.0,R,8.0,R,80.0,R,8
457679,2010,A,,A,,A,,R,35.0,R,0.0,R,35.0,R,33.0,R,94.0,R,0.0,R,0.0,R,0.0,R,0.0,A,,R,8
457688,2010,A,,A,,A,,R,113.0,R,7.0,R,106.0,R,40.0,R,38.0,R,0.0,R,0.0,R,0.0,R,0.0,A,,R,10
457697,2010,A,,A,,A,,A,,A,,A,,A,,A,,A,,A,,A,,A,,A,,R,8
457703,2010,A,,A,,A,,R,11.0,R,0.0,R,11.0,R,9.0,R,82.0,R,8.0,R,0.0,R,8.0,R,6.0,R,75.0,R,18
457712,2010,A,,A,,A,,A,,A,,A,,A,,A,,A,,A,,A,,A,,A,,R,13
457721,2010,A,,A,,A,,R,11.0,R,0.0,R,11.0,R,10.0,R,91.0,Z,0.0,Z,0.0,Z,0.0,Z,0.0,A,,R,6
457730,2010,A,,A,,A,,R,40.0,Z,0.0,R,40.0,R,36.0,R,90.0,R,21.0,Z,0.0,R,21.0,R,18.0,R,86.0,R,30
457749,2010,A,,A,,A,,R,37.0,R,0.0,R,37.0,R,30.0,R,81.0,R,14.0,Z,0.0,R,14.0,R,13.0,R,93.0,R,15
457758,2010,A,,A,,A,,R,22.0,R,0.0,R,22.0,R,19.0,R,86.0,R,21.0,Z,0.0,R,21.0,R,18.0,R,86.0,R,25
457767,2010,A,,A,,A,,R,148.0,R,0.0,R,148.0,R,115.0,R,78.0,R,0.0,R,0.0,R,0.0,R,0.0,A,,R,20
457776,2010,A,,A,,A,,R,8.0,R,0.0,R,8.0,R,6.0,R,75.0,R,0.0,R,0.0,R,0.0,R,0.0,A,,R,15
457785,2010,A,,A,,A,,R,41.0,Z,0.0,R,41.0,R,35.0,R,85.0,R,0.0,Z,0.0,R,0.0,Z,0.0,A,,R,10
457794,2010,A,,A,,A,,A,,A,,A,,A,,A,,A,,A,,A,,A,,A,,R,25
457800,2010,A,,A,,A,,R,160.0,R,0.0,R,160.0,R,37.0,R,23.0,R,50.0,R,0.0,R,50.0,R,20.0,R,40.0,R,49
457819,2010,A,,A,,A,,A,,A,,A,,A,,A,,A,,A,,A,,A,,A,,R,6
457828,2010,A,,A,,A,,A,,A,,A,,A,,A,,A,,A,,A,,A,,A,,R,9
457837,2010,A,,A,,A,,R,13.0,R,0.0,R,13.0,R,12.0,R,92.0,R,10.0,R,0.0,R,10.0,R,9.0,R,90.0,R,18
457846,2010,A,,A,,A,,R,0.0,R,0.0,R,0.0,R,0.0,A,,R,0.0,R,0.0,R,0.0,R,0.0,A,,R,6
457855,2010,A,,A,,A,,R,49.0,R,0.0,R,49.0,R,48.0,R,98.0,R,12.0,R,0.0,R,12.0,R,11.0,R,92.0,R,19
457864,2010,A,,A,,A,,R,75.0,Z,0.0,R,75.0,R,69.0,R,92.0,R,12.0,R,0.0,R,12.0,R,9.0,R,75.0,R,8
457873,2010,A,,A,,A,,A,,A,,A,,A,,A,,A,,A,,A,,A,,A,,R,15
457882,2010,A,,A,,A,,R,1.0,Z,0.0,R,1.0,R,1.0,R,100.0,R,8.0,R,0.0,R,8.0,R,8.0,R,100.0,R,4
457891,2010,A,,A,,A,,R,22.0,R,0.0,R,22.0,R,15.0,R,68.0,R,0.0,R,0.0,R,0.0,R,0.0,A,,R,9
457907,2010,A,,A,,A,,R,63.0,Z,0.0,R,63.0,R,44.0,R,70.0,R,0.0,Z,0.0,R,0.0,R,0.0,A,,R,12
457916,2010,A,,A,,A,,R,9.0,R,0.0,R,9.0,R,3.0,R,33.0,R,2.0,R,0.0,R,2.0,R,1.0,R,50.0,R,7
457925,2010,A,,A,,A,,R,13.0,R,0.0,R,13.0,R,10.0,R,77.0,R,0.0,R,0.0,R,0.0,R,0.0,A,,R,5
457943,2010,A,,A,,A,,R,0.0,R,0.0,R,0.0,R,0.0,A,,R,0.0,R,0.0,R,0.0,R,0.0,A,,R,2
457952,2010,A,,A,,A,,R,169.0,Z,0.0,R,169.0,R,144.0,R,85.0,R,33.0,Z,0.0,R,33.0,R,28.0,R,85.0,R,15
457961,2010,A,,A,,A,,R,18.0,R,0.0,R,18.0,R,16.0,R,89.0,R,0.0,R,0.0,R,0.0,R,0.0,A,,R,9
457970,2010,A,,A,,A,,R,13.0,R,0.0,R,13.0,R,11.0,R,85.0,Z,0.0,Z,0.0,Z,0.0,Z,0.0,A,,R,25
457989,2010,A,,A,,A,,R,27.0,R,0.0,R,27.0,R,20.0,R,74.0,R,0.0,R,0.0,R,0.0,R,0.0,A,,R,16
457998,2010,A,,A,,A,,R,4.0,R,0.0,R,4.0,R,3.0,R,75.0,R,0.0,R,0.0,R,0.0,R,0.0,A,,R,10
458007,2010,A,,A,,A,,R,77.0,R,0.0,R,77.0,R,59.0,R,77.0,R,9.0,R,0.0,R,9.0,R,8.0,R,89.0,R,16
458016,2010,A,,A,,A,,R,117.0,Z,0.0,R,117.0,R,111.0,R,95.0,R,0.0,R,0.0,R,0.0,R,0.0,A,,R,15
458025,2010,A,,A,,A,,A,,A,,A,,A,,A,,A,,A,,A,,A,,A,,R,5
458034,2010,A,,A,,A,,R,50.0,R,0.0,R,50.0,R,42.0,R,84.0,R,0.0,Z,0.0,R,0.0,Z,0.0,A,,R,10
458043,2010,A,,A,,A,,R,54.0,R,0.0,R,54.0,R,49.0,R,91.0,R,0.0,R,0.0,R,0.0,R,0.0,A,,R,15
458052,2010,A,,A,,A,,R,2.0,R,0.0,R,2.0,R,2.0,R,100.0,R,32.0,R,0.0,R,32.0,R,28.0,R,88.0,R,15
458061,2010,A,,A,,A,,R,15.0,R,0.0,R,15.0,R,7.0,R,47.0,R,69.0,R,1.0,R,68.0,R,22.0,R,32.0,R,38
458070,2010,A,,A,,A,,R,41.0,R,0.0,R,41.0,R,35.0,R,85.0,R,17.0,R,0.0,R,17.0,R,16.0,R,94.0,R,18
458089,2010,A,,A,,A,,R,16.0,R,0.0,R,16.0,R,15.0,R,94.0,R,1.0,R,0.0,R,1.0,R,1.0,R,100.0,R,15
458098,2010,A,,A,,A,,R,21.0,R,0.0,R,21.0,R,17.0,R,81.0,R,0.0,R,0.0,R,0.0,R,0.0,A,,R,14
458104,2010,A,,A,,A,,R,16.0,R,0.0,R,16.0,R,16.0,R,100.0,R,4.0,R,0.0,R,4.0,R,4.0,R,100.0,R,16
458113,2010,R,9.0,R,12.0,R,75.0,R,7.0,R,0.0,R,7.0,R,5.0,R,71.0,R,4.0,R,0.0,R,4.0,R,3.0,R,75.0,R,12
458122,2010,A,,A,,A,,R,0.0,R,0.0,R,0.0,R,0.0,A,,R,0.0,R,0.0,R,0.0,R,0.0,A,,R,23
458131,2010,A,,A,,A,,R,208.0,R,0.0,R,208.0,R,192.0,R,92.0,R,0.0,R,0.0,R,0.0,R,0.0,A,,R,21
458140,2010,R,14.0,R,58.0,R,24.0,R,30.0,R,0.0,R,30.0,R,27.0,R,90.0,R,0.0,R,0.0,R,0.0,R,0.0,A,,R,12
458168,2010,A,,A,,A,,R,42.0,R,0.0,R,42.0,R,38.0,R,90.0,R,10.0,R,0.0,R,10.0,R,10.0,R,100.0,R,14
458177,2010,A,,A,,A,,R,22.0,R,0.0,R,22.0,R,17.0,R,77.0,R,7.0,R,0.0,R,7.0,R,4.0,R,57.0,R,11
458186,2010,A,,A,,A,,R,0.0,R,0.0,R,0.0,R,0.0,A,,R,0.0,R,0.0,R,0.0,R,0.0,A,,R,60
458195,2010,A,,A,,A,,R,22.0,R,0.0,R,22.0,R,18.0,R,82.0,R,0.0,R,0.0,R,0.0,R,0.0,A,,R,18
458210,2010,R,28.0,R,231.0,R,12.0,R,55.0,Z,0.0,R,55.0,R,54.0,R,98.0,R,16.0,Z,0.0,R,16.0,R,8.0,R,50.0,R,15
458229,2010,R,14.0,R,149.0,R,9.0,R,61.0,Z,0.0,R,61.0,R,58.0,R,95.0,R,9.0,Z,0.0,R,9.0,R,2.0,R,22.0,R,19
458238,2010,A,,A,,A,,R,0.0,R,0.0,R,0.0,R,0.0,A,,R,0.0,R,0.0,R,0.0,R,0.0,A,,R,13
458247,2010,A,,A,,A,,R,73.0,R,0.0,R,73.0,R,65.0,R,89.0,R,0.0,R,0.0,R,0.0,R,0.0,A,,R,20
458256,2010,R,32.0,R,88.0,R,36.0,R,357.0,R,2.0,R,355.0,R,213.0,R,60.0,R,9.0,R,0.0,R,9.0,R,9.0,R,100.0,R,14
458265,2010,A,,A,,A,,A,,A,,A,,A,,A,,A,,A,,A,,A,,A,,R,28
458274,2010,A,,A,,A,,R,116.0,R,0.0,R,116.0,R,103.0,R,89.0,R,43.0,Z,0.0,R,43.0,R,32.0,R,74.0,R,15
458283,2010,A,,A,,A,,R,24.0,Z,0.0,R,24.0,R,11.0,R,46.0,R,175.0,Z,0.0,R,175.0,R,116.0,R,66.0,R,31
458292,2010,A,,A,,A,,R,9.0,R,0.0,R,9.0,R,6.0,R,67.0,R,7.0,R,0.0,R,7.0,R,6.0,R,86.0,R,8
458308,2010,A,,A,,A,,R,14.0,R,0.0,R,14.0,R,7.0,R,50.0,R,7.0,R,0.0,R,7.0,R,2.0,R,29.0,R,13
458317,2010,A,,A,,A,,R,15.0,R,0.0,R,15.0,R,8.0,R,53.0,R,4.0,R,0.0,R,4.0,R,2.0,R,50.0,R,9
458326,2010,A,,A,,A,,R,4.0,R,0.0,R,4.0,R,3.0,R,75.0,R,2.0,R,0.0,R,2.0,R,2.0,R,100.0,R,7
458335,2010,A,,A,,A,,R,36.0,R,0.0,R,36.0,R,24.0,R,67.0,R,10.0,R,0.0,R,10.0,R,8.0,R,80.0,R,16
458344,2010,A,,A,,A,,R,20.0,R,0.0,R,20.0,R,11.0,R,55.0,R,8.0,R,0.0,R,8.0,R,5.0,R,63.0,R,12
458353,2010,A,,A,,A,,R,24.0,R,0.0,R,24.0,R,13.0,R,54.0,R,6.0,R,0.0,R,6.0,R,2.0,R,33.0,R,8
458362,2010,A,,A,,A,,R,24.0,R,0.0,R,24.0,R,12.0,R,50.0,R,6.0,R,0.0,R,6.0,R,4.0,R,67.0,R,12
458371,2010,A,,A,,A,,R,129.0,Z,0.0,R,129.0,R,82.0,R,64.0,Z,0.0,Z,0.0,Z,0.0,Z,0.0,A,,R,46
458380,2010,A,,A,,A,,R,0.0,R,0.0,R,0.0,R,0.0,A,,R,0.0,R,0.0,R,0.0,R,0.0,A,,R,29
458399,2010,A,,A,,A,,R,25.0,R,0.0,R,25.0,R,11.0,R,44.0,R,6.0,R,0.0,R,6.0,R,6.0,R,100.0,R,20
458405,2010,R,71.0,R,144.0,R,49.0,R,29.0,R,0.0,R,29.0,R,6.0,R,21.0,R,4.0,R,0.0,R,4.0,R,3.0,R,75.0,R,24
458414,2010,A,,A,,A,,R,1274.0,R,0.0,R,1274.0,R,841.0,R,66.0,R,0.0,R,0.0,R,0.0,R,0.0,A,,R,20
458423,2010,A,,A,,A,,Z,0.0,Z,0.0,Z,0.0,Z,0.0,A,,R,0.0,R,0.0,R,0.0,R,0.0,A,,R,5
458432,2010,R,14.0,R,31.0,R,45.0,R,13.0,R,0.0,R,13.0,R,9.0,R,69.0,R,0.0,R,0.0,R,0.0,R,0.0,A,,R,11
458441,2010,R,30.0,R,75.0,R,40.0,R,0.0,R,0.0,R,0.0,R,0.0,A,,R,0.0,R,0.0,R,0.0,R,0.0,A,,R,20
458469,2010,R,112.0,R,245.0,R,46.0,R,51.0,R,0.0,R,51.0,R,33.0,R,65.0,R,7.0,R,0.0,R,7.0,R,3.0,R,43.0,R,30
458478,2010,A,,A,,A,,R,288.0,R,0.0,R,288.0,R,265.0,R,92.0,R,9.0,R,0.0,R,9.0,R,8.0,R,89.0,R,12
458487,2010,A,,A,,A,,R,64.0,R,0.0,R,64.0,R,51.0,R,80.0,R,25.0,Z,0.0,R,25.0,R,19.0,R,76.0,R,15
458496,2010,R,87.0,R,160.0,R,54.0,R,0.0,R,0.0,R,0.0,R,0.0,A,,R,0.0,R,0.0,R,0.0,R,0.0,A,,R,15
458502,2010,R,66.0,R,268.0,R,25.0,R,0.0,R,0.0,R,0.0,R,0.0,A,,R,0.0,R,0.0,R,0.0,R,0.0,A,,R,13
458520,2010,A,,A,,A,,A,,A,,A,,A,,A,,A,,A,,A,,A,,A,,R,24
458557,2010,R,56.0,R,133.0,R,42.0,R,0.0,R,0.0,R,0.0,R,0.0,A,,R,0.0,R,0.0,R,0.0,R,0.0,A,,R,14
458593,2010,R,213.0,R,543.0,R,39.0,R,0.0,R,0.0,R,0.0,R,0.0,A,,R,0.0,R,0.0,R,0.0,R,0.0,A,,R,18
458609,2010,A,,A,,A,,R,0.0,R,0.0,R,0.0,R,0.0,A,,R,0.0,R,0.0,R,0.0,R,0.0,A,,R,48
458618,2010,A,,A,,A,,R,0.0,R,0.0,R,0.0,R,0.0,A,,R,0.0,R,0.0,R,0.0,R,0.0,A,,R,10
458627,2010,A,,A,,A,,R,0.0,R,0.0,R,0.0,R,0.0,A,,R,0.0,R,0.0,R,0.0,R,0.0,A,,R,8
458636,2010,A,,A,,A,,R,0.0,R,0.0,R,0.0,R,0.0,A,,R,0.0,R,0.0,R,0.0,R,0.0,A,,R,18
458645,2010,A,,A,,A,,R,64.0,R,0.0,R,64.0,R,44.0,R,69.0,Z,0.0,Z,0.0,Z,0.0,Z,0.0,A,,R,22
458654,2010,A,,A,,A,,R,15.0,Z,0.0,R,15.0,R,13.0,R,87.0,R,0.0,R,0.0,R,0.0,R,0.0,A,,R,25
458663,2010,A,,A,,A,,R,104.0,R,0.0,R,104.0,R,91.0,R,88.0,R,0.0,R,0.0,R,0.0,R,0.0,A,,R,37
458672,2010,A,,A,,A,,R,0.0,R,0.0,R,0.0,R,0.0,A,,R,0.0,R,0.0,R,0.0,R,0.0,A,,R,3
458681,2010,A,,A,,A,,R,0.0,R,0.0,R,0.0,R,0.0,A,,R,0.0,R,0.0,R,0.0,R,0.0,A,,R,12
458690,2010,A,,A,,A,,R,0.0,R,0.0,R,0.0,R,0.0,A,,R,0.0,R,0.0,R,0.0,R,0.0,A,,R,45
458706,2010,A,,A,,A,,R,0.0,R,0.0,R,0.0,R,0.0,A,,R,0.0,R,0.0,R,0.0,R,0.0,A,,R,50
458715,2010,A,,A,,A,,R,0.0,R,0.0,R,0.0,R,0.0,A,,R,0.0,R,0.0,R,0.0,R,0.0,A,,R,3
458733,2010,R,25.0,R,196.0,R,13.0,R,0.0,Z,0.0,R,0.0,Z,0.0,A,,R,0.0,Z,0.0,R,0.0,Z,0.0,A,,R,11
458742,2010,R,23.0,R,124.0,R,19.0,R,1.0,Z,0.0,R,1.0,R,0.0,R,0.0,R,2.0,Z,0.0,R,2.0,R,1.0,R,50.0,R,13
458751,2010,R,65.0,R,215.0,R,30.0,R,0.0,R,0.0,R,0.0,R,0.0,A,,R,0.0,R,0.0,R,0.0,R,0.0,A,,R,11
458760,2010,R,31.0,R,175.0,R,18.0,R,1.0,R,0.0,R,1.0,R,1.0,R,100.0,R,3.0,R,0.0,R,3.0,R,0.0,R,0.0,R,9
458779,2010,R,66.0,R,265.0,R,25.0,R,0.0,R,0.0,R,0.0,R,0.0,A,,R,0.0,R,0.0,R,0.0,R,0.0,A,,R,13
458797,2010,A,,A,,A,,R,230.0,R,0.0,R,230.0,R,225.0,R,98.0,R,0.0,R,0.0,R,0.0,R,0.0,A,,R,20
458803,2010,A,,A,,A,,R,0.0,Z,0.0,R,0.0,Z,0.0,A,,Z,0.0,Z,0.0,Z,0.0,Z,0.0,A,,R,16
458812,2010,A,,A,,A,,R,0.0,Z,0.0,R,0.0,Z,0.0,A,,Z,0.0,Z,0.0,Z,0.0,Z,0.0,A,,R,13
458821,2010,A,,A,,A,,R,0.0,Z,0.0,R,0.0,Z,0.0,A,,Z,0.0,Z,0.0,Z,0.0,Z,0.0,A,,R,13
458830,2010,A,,A,,A,,R,0.0,Z,0.0,R,0.0,Z,0.0,A,,Z,0.0,Z,0.0,Z,0.0,Z,0.0,A,,R,20
458849,2010,A,,A,,A,,R,0.0,Z,0.0,R,0.0,Z,0.0,A,,Z,0.0,Z,0.0,Z,0.0,Z,0.0,A,,R,12
458858,2010,A,,A,,A,,R,0.0,Z,0.0,R,0.0,Z,0.0,A,,Z,0.0,Z,0.0,Z,0.0,Z,0.0,A,,R,14
458885,2010,R,1.0,R,185.0,R,1.0,R,0.0,R,0.0,R,0.0,R,0.0,A,,R,0.0,R,0.0,R,0.0,R,0.0,A,,R,16
458919,2010,R,31.0,R,1627.0,R,2.0,R,45.0,R,0.0,R,45.0,R,17.0,R,38.0,R,1047.0,R,0.0,R,1047.0,R,411.0,R,39.0,R,27
458937,2010,A,,A,,A,,R,0.0,R,0.0,R,0.0,R,0.0,A,,R,0.0,R,0.0,R,0.0,R,0.0,A,,R,13
458955,2010,R,2.0,R,182.0,R,1.0,R,0.0,R,0.0,R,0.0,R,0.0,A,,R,0.0,R,0.0,R,0.0,R,0.0,A,,R,9
458964,2010,R,8.0,R,658.0,R,1.0,R,19.0,R,0.0,R,19.0,R,8.0,R,42.0,R,392.0,R,0.0,R,392.0,R,126.0,R,32.0,R,30
458973,2010,R,4.0,R,220.0,R,2.0,R,0.0,R,0.0,R,0.0,R,0.0,A,,R,0.0,R,0.0,R,0.0,R,0.0,A,,R,6
458982,2010,R,56.0,R,185.0,R,30.0,R,0.0,R,0.0,R,0.0,R,0.0,A,,R,0.0,R,0.0,R,0.0,R,0.0,A,,R,17
458991,2010,R,110.0,R,263.0,R,42.0,R,5.0,R,0.0,R,5.0,R,2.0,R,40.0,R,0.0,R,0.0,R,0.0,R,0.0,A,,R,10
459000,2010,A,,A,,A,,R,0.0,Z,0.0,R,0.0,Z,0.0,A,,Z,0.0,Z,0.0,Z,0.0,Z,0.0,A,,R,15
459019,2010,A,,A,,A,,R,0.0,Z,0.0,R,0.0,Z,0.0,A,,Z,0.0,Z,0.0,Z,0.0,Z,0.0,A,,R,26
459028,2010,A,,A,,A,,R,0.0,Z,0.0,R,0.0,Z,0.0,A,,Z,0.0,Z,0.0,Z,0.0,Z,0.0,A,,R,10
459037,2010,A,,A,,A,,R,0.0,Z,0.0,R,0.0,Z,0.0,A,,R,0.0,Z,0.0,R,0.0,Z,0.0,A,,R,18
459046,2010,A,,A,,A,,R,0.0,Z,0.0,R,0.0,Z,0.0,A,,Z,0.0,Z,0.0,Z,0.0,Z,0.0,A,,R,13
459055,2010,A,,A,,A,,R,0.0,Z,0.0,R,0.0,Z,0.0,A,,Z,0.0,Z,0.0,Z,0.0,Z,0.0,A,,R,8
459064,2010,A,,A,,A,,R,0.0,Z,0.0,R,0.0,Z,0.0,A,,R,0.0,Z,0.0,R,0.0,Z,0.0,A,,R,17
459073,2010,A,,A,,A,,R,0.0,Z,0.0,R,0.0,R,0.0,A,,Z,0.0,Z,0.0,Z,0.0,R,0.0,A,,R,14
459091,2010,R,9.0,R,34.0,R,26.0,R,0.0,R,0.0,R,0.0,R,0.0,A,,R,0.0,R,0.0,R,0.0,R,0.0,A,,R,8
459107,2010,R,17.0,R,96.0,R,18.0,Z,0.0,Z,0.0,Z,0.0,Z,0.0,A,,Z,0.0,Z,0.0,Z,0.0,Z,0.0,A,,R,7
459116,2010,A,,A,,A,,R,57.0,Z,0.0,R,57.0,R,47.0,R,82.0,R,8.0,Z,0.0,R,8.0,R,6.0,R,75.0,R,15
459125,2010,A,,A,,A,,R,2.0,R,0.0,R,2.0,R,2.0,R,100.0,R,0.0,Z,0.0,R,0.0,Z,0.0,A,,R,7
459134,2010,A,,A,,A,,R,2.0,R,0.0,R,2.0,R,2.0,R,100.0,R,13.0,R,0.0,R,13.0,R,10.0,R,77.0,R,10
459143,2010,A,,A,,A,,R,21.0,R,0.0,R,21.0,R,15.0,R,71.0,R,6.0,R,0.0,R,6.0,R,3.0,R,50.0,R,11
459152,2010,A,,A,,A,,R,25.0,R,0.0,R,25.0,R,20.0,R,80.0,R,0.0,R,0.0,R,0.0,R,0.0,A,,R,8
459161,2010,A,,A,,A,,R,23.0,Z,0.0,R,23.0,R,23.0,R,100.0,R,118.0,Z,0.0,R,118.0,R,94.0,R,80.0,R,6
459170,2010,A,,A,,A,,R,52.0,R,0.0,R,52.0,R,48.0,R,92.0,R,0.0,R,0.0,R,0.0,R,0.0,A,,R,12
459189,2010,A,,A,,A,,R,17.0,Z,0.0,R,17.0,R,15.0,R,88.0,R,34.0,Z,0.0,R,34.0,R,34.0,R,100.0,R,18
459198,2010,A,,A,,A,,R,24.0,Z,0.0,R,24.0,R,21.0,R,88.0,R,1.0,Z,0.0,R,1.0,R,1.0,R,100.0,R,15
459204,2010,A,,A,,A,,R,399.0,Z,0.0,R,399.0,R,343.0,R,86.0,Z,0.0,Z,0.0,Z,0.0,Z,0.0,A,,R,15
459213,2010,A,,A,,A,,R,203.0,R,0.0,R,203.0,R,173.0,R,85.0,R,0.0,R,0.0,R,0.0,R,0.0,A,,R,12
459231,2010,A,,A,,A,,R,95.0,R,0.0,R,95.0,R,81.0,R,85.0,R,8.0,R,0.0,R,8.0,R,8.0,R,100.0,R,15
459240,2010,A,,A,,A,,R,9.0,R,0.0,R,9.0,R,7.0,R,78.0,R,0.0,R,0.0,R,0.0,R,0.0,A,,R,10
459259,2010,R,47.0,R,169.0,R,28.0,R,20.0,Z,0.0,R,20.0,R,6.0,R,30.0,R,3.0,Z,0.0,R,3.0,R,0.0,R,0.0,R,12
459268,2010,R,19.0,R,120.0,R,16.0,R,0.0,Z,0.0,R,0.0,Z,0.0,A,,R,0.0,Z,0.0,R,0.0,Z,0.0,A,,R,10
459277,2010,A,,A,,A,,R,185.0,R,0.0,R,185.0,R,128.0,R,69.0,R,0.0,R,0.0,R,0.0,R,0.0,A,,R,15
459286,2010,A,,A,,A,,R,42.0,Z,0.0,R,42.0,R,36.0,R,86.0,R,7.0,Z,0.0,R,7.0,R,6.0,R,86.0,R,15
459295,2010,A,,A,,A,,R,14.0,Z,0.0,R,14.0,R,13.0,R,93.0,R,0.0,R,0.0,R,0.0,R,0.0,A,,R,11
459301,2010,A,,A,,A,,R,19.0,R,0.0,R,19.0,R,18.0,R,95.0,R,4.0,R,0.0,R,4.0,R,2.0,R,50.0,R,22
459310,2010,A,,A,,A,,R,18.0,R,0.0,R,18.0,R,11.0,R,61.0,R,0.0,R,0.0,R,0.0,R,0.0,A,,R,10
459329,2010,A,,A,,A,,R,89.0,Z,0.0,R,89.0,R,15.0,R,17.0,R,18.0,Z,0.0,R,18.0,R,18.0,R,100.0,R,8
459338,2010,A,,A,,A,,R,11.0,Z,0.0,R,11.0,R,11.0,R,100.0,Z,0.0,Z,0.0,Z,0.0,Z,0.0,A,,R,17
459347,2010,A,,A,,A,,R,3.0,Z,0.0,R,3.0,R,3.0,R,100.0,R,2.0,Z,0.0,R,2.0,R,1.0,R,50.0,R,8
459356,2010,A,,A,,A,,R,15.0,R,0.0,R,15.0,R,13.0,R,87.0,R,28.0,R,0.0,R,28.0,R,11.0,R,39.0,R,12
459365,2010,A,,A,,A,,R,3.0,Z,0.0,R,3.0,R,2.0,R,67.0,R,1.0,Z,0.0,R,1.0,R,1.0,R,100.0,R,6
459374,2010,A,,A,,A,,A,,A,,A,,A,,A,,A,,A,,A,,A,,A,,R,6
459392,2010,A,,A,,A,,R,64.0,Z,0.0,R,64.0,R,53.0,R,83.0,R,0.0,Z,0.0,R,0.0,R,0.0,A,,R,13
459408,2010,A,,A,,A,,R,55.0,R,0.0,R,55.0,R,50.0,R,91.0,R,18.0,R,0.0,R,18.0,R,14.0,R,78.0,R,9
459417,2010,A,,A,,A,,R,16.0,Z,0.0,R,16.0,R,14.0,R,88.0,R,1.0,Z,0.0,R,1.0,R,0.0,R,0.0,R,11
459426,2010,A,,A,,A,,R,29.0,Z,0.0,R,29.0,R,22.0,R,76.0,R,3.0,Z,0.0,R,3.0,R,2.0,R,67.0,R,11
459435,2010,A,,A,,A,,R,14.0,R,0.0,R,14.0,R,13.0,R,93.0,R,0.0,R,0.0,R,0.0,R,0.0,A,,R,3
459444,2010,A,,A,,A,,R,0.0,R,0.0,R,0.0,R,0.0,A,,R,68.0,Z,0.0,R,68.0,R,32.0,R,47.0,R,12
459453,2010,A,,A,,A,,R,41.0,R,0.0,R,41.0,R,40.0,R,98.0,R,4.0,R,0.0,R,4.0,R,3.0,R,75.0,R,14
459462,2010,A,,A,,A,,R,63.0,R,0.0,R,63.0,R,45.0,R,71.0,R,19.0,R,0.0,R,19.0,R,15.0,R,79.0,R,35
459471,2010,A,,A,,A,,R,2.0,R,0.0,R,2.0,R,2.0,R,100.0,R,2.0,R,0.0,R,2.0,R,2.0,R,100.0,R,4
459480,2010,A,,A,,A,,R,4.0,R,0.0,R,4.0,R,3.0,R,75.0,R,0.0,R,0.0,R,0.0,R,0.0,A,,R,14
459499,2010,A,,A,,A,,A,,A,,A,,A,,A,,A,,A,,A,,A,,A,,R,9
459514,2010,A,,A,,A,,A,,A,,A,,A,,A,,A,,A,,A,,A,,A,,R,16
459523,2010,A,,A,,A,,R,40.0,R,0.0,R,40.0,R,39.0,R,98.0,R,0.0,R,0.0,R,0.0,R,0.0,A,,R,13
459532,2010,A,,A,,A,,R,42.0,Z,0.0,R,42.0,R,38.0,R,90.0,R,16.0,Z,0.0,R,16.0,R,15.0,R,94.0,R,15
459541,2010,A,,A,,A,,R,22.0,R,0.0,R,22.0,R,18.0,R,82.0,R,18.0,R,0.0,R,18.0,R,18.0,R,100.0,R,3
459550,2010,A,,A,,A,,R,15.0,R,0.0,R,15.0,R,12.0,R,80.0,R,9.0,R,0.0,R,9.0,R,9.0,R,100.0,R,12
459569,2010,A,,A,,A,,R,13.0,R,0.0,R,13.0,R,8.0,R,62.0,R,0.0,R,0.0,R,0.0,R,0.0,A,,R,4
459578,2010,A,,A,,A,,R,68.0,R,0.0,R,68.0,R,62.0,R,91.0,R,12.0,R,0.0,R,12.0,R,12.0,R,100.0,R,15
459587,2010,R,49.0,R,80.0,R,61.0,R,0.0,R,0.0,R,0.0,R,0.0,A,,R,0.0,R,0.0,R,0.0,R,0.0,A,,R,22
459596,2010,R,88.0,R,109.0,R,81.0,R,0.0,R,0.0,R,0.0,R,0.0,A,,R,0.0,R,0.0,R,0.0,R,0.0,A,,R,17
459602,2010,R,52.0,R,64.0,R,81.0,R,0.0,R,0.0,R,0.0,R,0.0,A,,R,0.0,R,0.0,R,0.0,R,0.0,A,,R,20
459611,2010,R,49.0,R,65.0,R,75.0,R,0.0,R,0.0,R,0.0,R,0.0,A,,R,0.0,R,0.0,R,0.0,R,0.0,A,,R,48
459620,2010,R,28.0,R,46.0,R,61.0,R,0.0,R,0.0,R,0.0,R,0.0,A,,R,0.0,R,0.0,R,0.0,R,0.0,A,,R,15
459639,2010,R,58.0,R,63.0,R,92.0,R,0.0,R,0.0,R,0.0,R,0.0,A,,R,0.0,R,0.0,R,0.0,R,0.0,A,,R,63
459648,2010,R,57.0,R,66.0,R,86.0,R,0.0,R,0.0,R,0.0,R,0.0,A,,R,0.0,R,0.0,R,0.0,R,0.0,A,,R,33
459657,2010,R,66.0,R,80.0,R,83.0,R,0.0,R,0.0,R,0.0,R,0.0,A,,R,0.0,R,0.0,R,0.0,R,0.0,A,,R,17
459666,2010,R,63.0,R,80.0,R,79.0,R,0.0,R,0.0,R,0.0,R,0.0,A,,R,0.0,R,0.0,R,0.0,R,0.0,A,,R,50
459675,2010,R,35.0,R,52.0,R,67.0,R,0.0,R,0.0,R,0.0,R,0.0,A,,R,0.0,R,0.0,R,0.0,R,0.0,A,,R,38
459684,2010,R,50.0,R,73.0,R,68.0,R,0.0,R,0.0,R,0.0,R,0.0,A,,R,0.0,R,0.0,R,0.0,R,0.0,A,,R,33
459693,2010,R,45.0,R,66.0,R,68.0,R,0.0,R,0.0,R,0.0,R,0.0,A,,R,0.0,R,0.0,R,0.0,R,0.0,A,,R,19
459709,2010,R,87.0,R,115.0,R,76.0,R,0.0,R,0.0,R,0.0,R,0.0,A,,R,0.0,R,0.0,R,0.0,R,0.0,A,,R,21
459718,2010,R,65.0,R,89.0,R,73.0,R,0.0,R,0.0,R,0.0,R,0.0,A,,R,0.0,R,0.0,R,0.0,R,0.0,A,,R,28
459727,2010,R,9.0,R,37.0,R,24.0,R,10.0,R,0.0,R,10.0,R,9.0,R,90.0,R,0.0,R,0.0,R,0.0,R,0.0,A,,R,8
459815,2010,A,,A,,A,,R,119.0,R,0.0,R,119.0,R,98.0,R,82.0,R,0.0,R,0.0,R,0.0,R,0.0,A,,R,16
459824,2010,A,,A,,A,,A,,A,,A,,A,,A,,A,,A,,A,,A,,A,,R,21
459833,2010,R,1.0,R,5.0,R,20.0,R,0.0,R,0.0,R,0.0,R,0.0,A,,R,0.0,R,0.0,R,0.0,R,0.0,A,,R,3
459842,2010,R,23.0,R,156.0,R,15.0,R,1.0,R,0.0,R,1.0,R,0.0,R,0.0,R,2.0,R,0.0,R,2.0,R,1.0,R,50.0,R,15
459851,2010,R,13.0,R,25.0,R,52.0,R,0.0,Z,0.0,R,0.0,R,0.0,A,,R,0.0,Z,0.0,R,0.0,R,0.0,A,,R,9
459860,2010,A,,A,,A,,R,0.0,Z,0.0,R,0.0,R,0.0,A,,R,0.0,Z,0.0,R,0.0,R,0.0,A,,R,16
459879,2010,A,,A,,A,,R,0.0,Z,0.0,R,0.0,R,0.0,A,,R,0.0,Z,0.0,R,0.0,R,0.0,A,,R,12
459888,2010,A,,A,,A,,R,0.0,Z,0.0,R,0.0,R,0.0,A,,R,0.0,Z,0.0,R,0.0,R,0.0,A,,R,16
459897,2010,A,,A,,A,,R,0.0,Z,0.0,R,0.0,R,0.0,A,,R,0.0,Z,0.0,R,0.0,R,0.0,A,,R,12
459903,2010,A,,A,,A,,R,0.0,Z,0.0,R,0.0,R,0.0,A,,R,0.0,Z,0.0,R,0.0,R,0.0,A,,R,14
459912,2010,A,,A,,A,,R,0.0,Z,0.0,R,0.0,R,0.0,A,,R,0.0,Z,0.0,R,0.0,R,0.0,A,,R,14
459921,2010,A,,A,,A,,R,0.0,Z,0.0,R,0.0,R,0.0,A,,R,0.0,Z,0.0,R,0.0,R,0.0,A,,R,11
459930,2010,R,197.0,R,287.0,R,69.0,R,0.0,R,0.0,R,0.0,R,0.0,A,,R,0.0,R,0.0,R,0.0,R,0.0,A,,R,30
459958,2010,A,,A,,A,,R,572.0,R,0.0,R,572.0,R,503.0,R,88.0,R,74.0,R,0.0,R,74.0,R,35.0,R,47.0,R,18
459967,2010,A,,A,,A,,R,90.0,Z,0.0,R,90.0,R,29.0,R,32.0,Z,0.0,Z,0.0,Z,0.0,Z,0.0,A,,R,8
459976,2010,A,,A,,A,,R,75.0,Z,0.0,R,75.0,R,23.0,R,31.0,Z,0.0,Z,0.0,Z,0.0,Z,0.0,A,,R,21
459985,2010,A,,A,,A,,R,111.0,Z,0.0,R,111.0,R,50.0,R,45.0,Z,0.0,Z,0.0,Z,0.0,Z,0.0,A,,R,10
459994,2010,R,16.0,R,1739.0,R,1.0,R,26.0,R,0.0,R,26.0,R,8.0,R,31.0,R,1322.0,R,0.0,R,1322.0,R,200.0,R,15.0,R,6
460002,2010,A,,A,,A,,R,28.0,R,0.0,R,28.0,R,12.0,R,43.0,R,28.0,R,0.0,R,28.0,R,11.0,R,39.0,R,20
460011,2010,A,,A,,A,,R,8.0,R,0.0,R,8.0,R,8.0,R,100.0,R,5.0,R,0.0,R,5.0,R,2.0,R,40.0,R,20
460020,2010,A,,A,,A,,R,0.0,R,0.0,R,0.0,R,0.0,A,,R,0.0,R,0.0,R,0.0,R,0.0,A,,R,11
460039,2010,R,149.0,R,149.0,R,100.0,R,0.0,Z,0.0,R,0.0,R,0.0,A,,R,0.0,Z,0.0,R,0.0,R,0.0,A,,R,13
460048,2010,R,59.0,R,59.0,R,100.0,R,0.0,Z,0.0,R,0.0,R,0.0,A,,R,0.0,Z,0.0,R,0.0,R,0.0,A,,R,13
460057,2010,A,,A,,A,,R,5.0,Z,0.0,R,5.0,R,5.0,R,100.0,R,0.0,Z,0.0,R,0.0,R,0.0,A,,R,6
460066,2010,A,,A,,A,,R,61.0,R,0.0,R,61.0,R,19.0,R,31.0,R,0.0,R,0.0,R,0.0,R,0.0,A,,R,9
460093,2010,A,,A,,A,,A,,A,,A,,A,,A,,A,,A,,A,,A,,A,,R,22
460109,2010,A,,A,,A,,A,,A,,A,,A,,A,,A,,A,,A,,A,,A,,R,17
460118,2010,A,,A,,A,,A,,A,,A,,A,,A,,A,,A,,A,,A,,A,,R,26
460127,2010,A,,A,,A,,A,,A,,A,,A,,A,,A,,A,,A,,A,,A,,R,8
460136,2010,A,,A,,A,,R,11.0,R,0.0,R,11.0,R,8.0,R,73.0,R,0.0,R,0.0,R,0.0,R,0.0,A,,R,25
460145,2010,A,,A,,A,,A,,A,,A,,A,,A,,A,,A,,A,,A,,A,,R,15
460172,2010,A,,A,,A,,R,0.0,Z,0.0,R,0.0,Z,0.0,A,,Z,0.0,Z,0.0,Z,0.0,Z,0.0,A,,R,8
460181,2010,A,,A,,A,,R,0.0,R,0.0,R,0.0,R,0.0,A,,R,0.0,R,0.0,R,0.0,R,0.0,A,,R,20
460190,2010,A,,A,,A,,R,0.0,R,0.0,R,0.0,R,0.0,A,,R,0.0,R,0.0,R,0.0,R,0.0,A,,R,22
460206,2010,A,,A,,A,,R,0.0,R,0.0,R,0.0,R,0.0,A,,R,0.0,R,0.0,R,0.0,R,0.0,A,,R,29
460215,2010,R,57.0,R,128.0,R,45.0,R,0.0,R,0.0,R,0.0,R,0.0,A,,R,0.0,R,0.0,R,0.0,R,0.0,A,,R,38
460330,2010,A,,A,,A,,A,,A,,A,,A,,A,,A,,A,,A,,A,,A,,R,23
460349,2010,A,,A,,A,,A,,A,,A,,A,,A,,A,,A,,A,,A,,A,,R,6
460358,2010,A,,A,,A,,R,427.0,R,0.0,R,427.0,R,298.0,R,70.0,R,2.0,R,0.0,R,2.0,R,0.0,R,0.0,R,23
460367,2010,A,,A,,A,,R,0.0,R,0.0,R,0.0,R,0.0,A,,R,0.0,R,0.0,R,0.0,R,0.0,A,,R,20
460385,2010,A,,A,,A,,R,20.0,R,6.0,R,14.0,R,13.0,R,93.0,R,6.0,R,0.0,R,6.0,R,6.0,R,100.0,R,10
460394,2010,R,366.0,R,10293.0,R,4.0,R,0.0,R,0.0,R,0.0,R,0.0,A,,R,0.0,R,0.0,R,0.0,R,0.0,A,,R,25
460446,2010,A,,A,,A,,R,22.0,R,0.0,R,22.0,R,18.0,R,82.0,R,29.0,R,0.0,R,29.0,R,26.0,R,90.0,R,12
460455,2010,A,,A,,A,,R,0.0,R,0.0,R,0.0,R,0.0,A,,R,0.0,R,0.0,R,0.0,R,0.0,A,,R,5
460464,2010,R,608.0,R,10370.0,R,6.0,R,0.0,Z,0.0,R,0.0,Z,0.0,A,,Z,0.0,Z,0.0,Z,0.0,Z,0.0,A,,R,41
460473,2010,R,55.0,R,102.0,R,54.0,R,0.0,R,0.0,R,0.0,R,0.0,A,,R,0.0,R,0.0,R,0.0,R,0.0,A,,R,16
460482,2010,A,,A,,A,,R,0.0,R,0.0,R,0.0,R,0.0,A,,R,0.0,R,0.0,R,0.0,R,0.0,A,,R,32
460491,2010,A,,A,,A,,R,1.0,R,0.0,R,1.0,R,1.0,R,100.0,R,0.0,R,0.0,R,0.0,R,0.0,A,,R,13
460507,2010,A,,A,,A,,R,0.0,R,0.0,R,0.0,R,0.0,A,,R,0.0,R,0.0,R,0.0,R,0.0,A,,R,6
460516,2010,A,,A,,A,,R,0.0,Z,0.0,R,0.0,Z,0.0,A,,Z,0.0,Z,0.0,Z,0.0,Z,0.0,A,,R,14
460525,2010,A,,A,,A,,A,,A,,A,,A,,A,,A,,A,,A,,A,,A,,R,14
460534,2010,A,,A,,A,,R,0.0,Z,0.0,R,0.0,Z,0.0,A,,Z,0.0,Z,0.0,Z,0.0,Z,0.0,A,,R,9
460561,2010,A,,A,,A,,R,4.0,R,0.0,R,4.0,R,2.0,R,50.0,R,0.0,R,0.0,R,0.0,R,0.0,A,,R,11
460570,2010,A,,A,,A,,R,65.0,R,0.0,R,65.0,R,51.0,R,78.0,R,17.0,R,0.0,R,17.0,R,9.0,R,53.0,R,7
460589,2010,A,,A,,A,,R,137.0,R,0.0,R,137.0,R,82.0,R,60.0,R,26.0,R,0.0,R,26.0,R,18.0,R,69.0,R,32
460598,2010,A,,A,,A,,R,233.0,R,0.0,R,233.0,R,103.0,R,44.0,R,51.0,R,0.0,R,51.0,R,26.0,R,51.0,R,30
460604,2010,A,,A,,A,,R,36.0,R,0.0,R,36.0,R,36.0,R,100.0,R,0.0,R,0.0,R,0.0,R,0.0,A,,R,12
460613,2010,R,39.0,R,39.0,R,100.0,R,0.0,Z,0.0,R,0.0,R,0.0,A,,R,0.0,Z,0.0,R,0.0,R,0.0,A,,R,17
460622,2010,A,,A,,A,,A,,A,,A,,A,,A,,A,,A,,A,,A,,A,,R,1
460631,2010,A,,A,,A,,R,14.0,R,0.0,R,14.0,R,11.0,R,79.0,R,0.0,R,0.0,R,0.0,R,0.0,A,,R,14
460640,2010,A,,A,,A,,R,0.0,R,0.0,R,0.0,R,0.0,A,,R,0.0,R,0.0,R,0.0,R,0.0,A,,R,34
460659,2010,A,,A,,A,,R,0.0,R,0.0,R,0.0,R,0.0,A,,R,0.0,R,0.0,R,0.0,R,0.0,A,,R,12
460668,2010,A,,A,,A,,R,0.0,R,0.0,R,0.0,R,0.0,A,,R,0.0,R,0.0,R,0.0,R,0.0,A,,R,17
460677,2010,A,,A,,A,,R,0.0,R,0.0,R,0.0,R,0.0,A,,R,0.0,R,0.0,R,0.0,R,0.0,A,,R,9
