UNITID,Year,XGRCOHRT,GRCOHRT,XUGENTER,UGENTERN,XPGRCOHR,PGRCOHRT,XRRFTCT,RRFTCT,XRRFTEX,RRFTEX,XRRFTCTA,RRFTCTA,XRET_NMF,RET_NMF,XRET_PCF,RET_PCF,XRRPTCT,RRPTCT,XRRPTEX,RRPTEX,XRRPTCTA,RRPTCTA,XRET_NMP,RET_NMP,XRET_PCP,RET_PCP,XSTUFACR,STUFACR 
100654,2011,R,841.0,R,1042.0,R,81.0,R,1110.0,R,0.0,R,1110.0,R,715.0,R,64.0,R,10.0,R,0.0,R,10.0,R,1.0,R,10.0,R,19
100663,2011,R,1578.0,R,2962.0,R,53.0,R,1542.0,R,0.0,R,1542.0,R,1214.0,R,79.0,R,29.0,R,0.0,R,29.0,R,18.0,R,62.0,R,18
100690,2011,R,8.0,R,11.0,R,73.0,R,4.0,R,0.0,R,4.0,R,3.0,R,75.0,R,0.0,R,0.0,R,0.0,R,0.0,A,,R,11
100706,2011,R,652.0,R,1574.0,R,41.0,R,600.0,R,0.0,R,600.0,R,473.0,R,79.0,R,22.0,R,0.0,R,22.0,R,11.0,R,50.0,R,16
100724,2011,R,1102.0,R,1363.0,R,81.0,R,1090.0,R,0.0,R,1090.0,R,594.0,R,54.0,R,11.0,R,0.0,R,11.0,R,2.0,R,18.0,R,17
100751,2011,R,5703.0,R,7451.0,R,77.0,R,5489.0,R,44.0,R,5445.0,R,4707.0,R,86.0,R,30.0,R,0.0,R,30.0,R,15.0,R,50.0,R,19
100760,2011,R,587.0,R,938.0,R,63.0,R,594.0,R,0.0,R,594.0,R,362.0,R,61.0,R,94.0,R,0.0,R,94.0,R,34.0,R,36.0,R,13
100812,2011,A,,A,,A,,A,,A,,A,,A,,A,,A,,A,,A,,A,,A,,R,17
100830,2011,R,709.0,R,1189.0,R,60.0,R,758.0,R,0.0,R,758.0,R,380.0,R,50.0,R,172.0,R,0.0,R,172.0,R,65.0,R,38.0,R,16
100858,2011,R,4170.0,R,5449.0,R,77.0,R,4076.0,R,0.0,R,4076.0,R,3619.0,R,89.0,R,20.0,R,0.0,R,20.0,R,14.0,R,70.0,R,18
100937,2011,R,278.0,R,305.0,R,91.0,R,368.0,R,0.0,R,368.0,R,290.0,R,79.0,A,,A,,A,,A,,A,,R,13
101028,2011,R,312.0,R,788.0,R,40.0,R,278.0,R,0.0,R,278.0,R,129.0,R,46.0,R,75.0,R,0.0,R,75.0,R,16.0,R,21.0,R,18
101073,2011,R,151.0,R,229.0,R,66.0,R,265.0,Z,0.0,R,265.0,R,127.0,R,48.0,R,21.0,Z,0.0,R,21.0,R,7.0,R,33.0,R,21
101116,2011,R,58.0,R,353.0,R,16.0,R,44.0,R,0.0,R,44.0,R,12.0,R,27.0,R,10.0,R,0.0,R,10.0,R,3.0,R,30.0,R,16
101143,2011,R,488.0,R,1055.0,R,46.0,R,520.0,R,0.0,R,520.0,R,300.0,R,58.0,R,77.0,R,0.0,R,77.0,R,34.0,R,44.0,R,22
101161,2011,R,906.0,R,1710.0,R,53.0,R,1035.0,R,0.0,R,1035.0,R,554.0,R,54.0,R,231.0,R,0.0,R,231.0,R,74.0,R,32.0,R,23
101189,2011,R,310.0,R,688.0,R,45.0,R,215.0,R,0.0,R,215.0,R,127.0,R,59.0,R,39.0,R,0.0,R,39.0,R,16.0,R,41.0,R,15
101240,2011,R,1380.0,R,2375.0,R,58.0,R,1523.0,R,0.0,R,1523.0,R,817.0,R,54.0,R,282.0,R,0.0,R,282.0,R,114.0,R,40.0,R,26
101277,2011,A,,A,,A,,R,18.0,R,0.0,R,18.0,R,18.0,R,100.0,A,,A,,A,,A,,A,,R,9
101286,2011,R,974.0,R,1770.0,R,55.0,R,953.0,Z,0.0,R,953.0,R,528.0,R,55.0,R,168.0,R,0.0,R,168.0,R,75.0,R,45.0,R,20
101295,2011,R,896.0,R,1865.0,R,48.0,R,1091.0,R,0.0,R,1091.0,R,603.0,R,55.0,R,179.0,R,0.0,R,179.0,R,89.0,R,50.0,R,22
101301,2011,R,376.0,R,761.0,R,49.0,R,415.0,R,0.0,R,415.0,R,204.0,R,49.0,R,44.0,Z,0.0,R,44.0,R,12.0,R,27.0,R,20
101365,2011,R,26.0,R,71.0,R,37.0,R,2.0,R,0.0,R,2.0,R,2.0,R,100.0,R,1.0,R,0.0,R,1.0,R,1.0,R,100.0,R,14
101435,2011,R,256.0,R,389.0,R,66.0,R,272.0,R,1.0,R,271.0,R,162.0,R,60.0,R,0.0,Z,0.0,R,0.0,Z,0.0,A,,R,14
101453,2011,R,4.0,R,22.0,R,18.0,R,4.0,Z,0.0,R,4.0,R,2.0,R,50.0,R,1.0,Z,0.0,R,1.0,R,1.0,R,100.0,R,4
101462,2011,R,166.0,R,579.0,R,29.0,R,228.0,R,0.0,R,228.0,R,105.0,R,46.0,R,106.0,R,0.0,R,106.0,R,47.0,R,44.0,R,17
101471,2011,R,267.0,R,279.0,R,96.0,R,297.0,R,0.0,R,297.0,R,135.0,R,45.0,R,32.0,R,0.0,R,32.0,R,10.0,R,31.0,R,17
101480,2011,R,1384.0,R,2470.0,R,56.0,R,1246.0,R,0.0,R,1246.0,R,845.0,R,68.0,R,26.0,R,0.0,R,26.0,R,6.0,R,23.0,R,20
101499,2011,R,274.0,R,504.0,R,54.0,R,264.0,R,0.0,R,264.0,R,149.0,R,56.0,R,122.0,R,0.0,R,122.0,R,48.0,R,39.0,R,18
101505,2011,R,1271.0,R,3683.0,R,35.0,R,1306.0,R,0.0,R,1306.0,R,635.0,R,49.0,R,550.0,R,0.0,R,550.0,R,211.0,R,38.0,R,24
101514,2011,R,1311.0,R,3369.0,R,39.0,R,1436.0,R,1.0,R,1435.0,R,965.0,R,67.0,R,647.0,R,1.0,R,646.0,R,347.0,R,54.0,R,25
101541,2011,R,75.0,R,124.0,R,60.0,R,93.0,R,0.0,R,93.0,R,60.0,R,65.0,A,,A,,A,,A,,A,,R,9
101569,2011,R,894.0,R,1543.0,R,58.0,R,1044.0,R,2.0,R,1042.0,R,594.0,R,57.0,R,266.0,R,0.0,R,266.0,R,146.0,R,55.0,R,21
101587,2011,R,355.0,R,703.0,R,50.0,R,290.0,R,0.0,R,290.0,R,166.0,R,57.0,R,16.0,R,0.0,R,16.0,R,4.0,R,25.0,R,17
101602,2011,R,377.0,R,717.0,R,53.0,R,433.0,R,0.0,R,433.0,R,226.0,R,52.0,R,60.0,R,0.0,R,60.0,R,14.0,R,23.0,R,15
101648,2011,R,271.0,R,290.0,R,93.0,R,232.0,R,2.0,R,230.0,R,154.0,R,67.0,A,,A,,A,,A,,A,,R,17
101675,2011,R,385.0,R,531.0,R,73.0,R,343.0,R,2.0,R,341.0,R,185.0,R,54.0,R,9.0,R,1.0,R,8.0,R,1.0,R,13.0,R,14
101693,2011,R,245.0,R,469.0,R,52.0,R,233.0,R,0.0,R,233.0,R,162.0,R,70.0,R,2.0,R,0.0,R,2.0,R,1.0,R,50.0,R,13
101709,2011,R,497.0,R,701.0,R,71.0,R,425.0,R,1.0,R,424.0,R,326.0,R,77.0,R,7.0,R,0.0,R,7.0,R,4.0,R,57.0,R,17
101736,2011,R,756.0,R,1436.0,R,53.0,R,834.0,R,0.0,R,834.0,R,390.0,R,47.0,R,147.0,R,0.0,R,147.0,R,48.0,R,33.0,R,22
101879,2011,R,912.0,R,1579.0,R,58.0,R,961.0,R,0.0,R,961.0,R,681.0,R,71.0,R,18.0,R,0.0,R,18.0,R,3.0,R,17.0,R,20
101897,2011,R,641.0,R,1201.0,R,53.0,R,671.0,R,0.0,R,671.0,R,420.0,R,63.0,R,134.0,R,0.0,R,134.0,R,59.0,R,44.0,R,24
101912,2011,R,386.0,R,476.0,R,81.0,R,455.0,R,0.0,R,455.0,R,338.0,R,74.0,R,1.0,R,0.0,R,1.0,R,0.0,R,0.0,R,14
101949,2011,R,424.0,R,645.0,R,66.0,R,432.0,R,0.0,R,432.0,R,93.0,R,22.0,R,58.0,R,0.0,R,58.0,R,17.0,R,29.0,R,17
101958,2011,R,1.0,R,1.0,R,100.0,R,4.0,R,0.0,R,4.0,R,3.0,R,75.0,A,,A,,A,,A,,A,,R,16
101994,2011,R,112.0,R,270.0,R,41.0,R,108.0,R,0.0,R,108.0,R,81.0,R,75.0,R,7.0,R,0.0,R,7.0,R,2.0,R,29.0,R,19
102030,2011,R,727.0,R,1673.0,R,43.0,R,555.0,R,0.0,R,555.0,R,242.0,R,44.0,R,133.0,R,0.0,R,133.0,R,49.0,R,37.0,R,21
102049,2011,R,684.0,R,825.0,R,83.0,R,712.0,R,0.0,R,712.0,R,601.0,R,84.0,R,3.0,R,0.0,R,3.0,R,2.0,R,67.0,R,11
102058,2011,R,225.0,R,383.0,R,59.0,R,150.0,R,0.0,R,150.0,R,70.0,R,47.0,R,20.0,R,0.0,R,20.0,R,5.0,R,25.0,R,15
102067,2011,R,662.0,R,1337.0,R,50.0,R,918.0,R,2.0,R,916.0,R,492.0,R,54.0,R,249.0,R,0.0,R,249.0,R,79.0,R,32.0,R,24
102076,2011,R,592.0,R,1011.0,R,59.0,R,597.0,R,0.0,R,597.0,R,400.0,R,67.0,R,109.0,R,0.0,R,109.0,R,50.0,R,46.0,R,28
102094,2011,R,1879.0,R,3078.0,R,61.0,R,1654.0,R,0.0,R,1654.0,R,1082.0,R,65.0,R,59.0,R,0.0,R,59.0,R,21.0,R,36.0,R,21
102234,2011,R,335.0,R,381.0,R,88.0,R,392.0,R,0.0,R,392.0,R,297.0,R,76.0,R,4.0,R,0.0,R,4.0,R,2.0,R,50.0,R,13
102261,2011,R,14.0,R,58.0,R,24.0,R,10.0,R,0.0,R,10.0,R,7.0,R,70.0,R,1.0,R,0.0,R,1.0,R,1.0,R,100.0,R,14
102270,2011,R,287.0,R,444.0,R,65.0,R,297.0,R,0.0,R,297.0,R,181.0,R,61.0,R,19.0,R,0.0,R,19.0,R,5.0,R,26.0,R,18
102298,2011,R,219.0,R,269.0,R,81.0,R,211.0,R,0.0,R,211.0,R,111.0,R,53.0,R,18.0,R,0.0,R,18.0,R,10.0,R,56.0,R,12
102313,2011,R,298.0,R,714.0,R,42.0,R,278.0,R,0.0,R,278.0,R,142.0,R,51.0,R,145.0,R,0.0,R,145.0,R,54.0,R,37.0,R,13
102368,2011,R,1663.0,R,4331.0,R,38.0,R,1810.0,R,0.0,R,1810.0,R,1333.0,R,74.0,R,1181.0,R,0.0,R,1181.0,R,442.0,R,37.0,R,19
102377,2011,R,816.0,R,969.0,R,84.0,R,701.0,R,0.0,R,701.0,R,518.0,R,74.0,R,0.0,R,0.0,R,0.0,R,0.0,A,,R,12
102395,2011,A,,A,,A,,A,,A,,A,,A,,A,,A,,A,,A,,A,,A,,R,14
102429,2011,R,808.0,R,1416.0,R,57.0,R,1006.0,R,0.0,R,1006.0,R,578.0,R,57.0,R,235.0,R,0.0,R,235.0,R,112.0,R,48.0,R,16
102553,2011,R,1604.0,R,3260.0,R,49.0,R,1102.0,Z,0.0,R,1102.0,R,776.0,R,70.0,R,301.0,Z,0.0,R,301.0,R,157.0,R,52.0,R,15
102580,2011,R,12.0,R,34.0,R,35.0,R,5.0,R,0.0,R,5.0,R,3.0,R,60.0,R,1.0,Z,0.0,R,1.0,R,0.0,R,0.0,R,4
102614,2011,R,845.0,R,2346.0,R,36.0,R,413.0,Z,0.0,R,413.0,R,315.0,R,76.0,R,27.0,Z,0.0,R,27.0,R,15.0,R,56.0,R,12
102632,2011,R,191.0,R,808.0,R,24.0,R,121.0,Z,0.0,R,121.0,R,69.0,R,57.0,R,21.0,Z,0.0,R,21.0,R,10.0,R,48.0,R,13
102669,2011,R,19.0,R,130.0,R,15.0,R,45.0,R,0.0,R,45.0,R,34.0,R,76.0,R,6.0,R,0.0,R,6.0,R,3.0,R,50.0,R,7
102711,2011,A,,A,,A,,R,188.0,R,0.0,R,188.0,R,170.0,R,90.0,R,456.0,R,0.0,R,456.0,R,456.0,R,100.0,R,15
102845,2011,R,871.0,R,871.0,R,100.0,R,66.0,R,0.0,R,66.0,R,53.0,R,80.0,A,,A,,A,,A,,A,,R,11
103361,2011,R,17.0,R,201.0,R,8.0,R,26.0,Z,0.0,R,26.0,R,12.0,R,46.0,R,2.0,Z,0.0,R,2.0,R,0.0,R,0.0,R,17
103501,2011,A,,A,,A,,R,315.0,R,0.0,R,315.0,R,274.0,R,87.0,A,,A,,A,,A,,A,,R,18
103644,2011,A,,A,,A,,R,37.0,R,0.0,R,37.0,R,16.0,R,43.0,R,5.0,R,0.0,R,5.0,R,0.0,R,0.0,R,22
103723,2011,R,67.0,R,133.0,R,50.0,R,141.0,R,0.0,R,141.0,R,77.0,R,55.0,R,43.0,R,0.0,R,43.0,R,21.0,R,49.0,R,14
103732,2011,A,,A,,A,,R,6.0,Z,0.0,R,6.0,R,6.0,R,100.0,R,2.0,Z,0.0,R,2.0,R,1.0,R,50.0,R,18
103741,2011,A,,A,,A,,R,18.0,Z,0.0,R,18.0,R,12.0,R,67.0,R,8.0,Z,0.0,R,8.0,R,7.0,R,88.0,R,15
103778,2011,A,,A,,A,,A,,A,,A,,A,,A,,R,0.0,R,0.0,R,0.0,R,0.0,A,,R,22
103787,2011,R,12.0,R,25.0,R,48.0,R,9.0,R,0.0,R,9.0,R,5.0,R,56.0,R,3.0,R,0.0,R,3.0,R,2.0,R,67.0,R,10
103811,2011,A,,A,,A,,A,,A,,A,,A,,A,,A,,A,,A,,A,,A,,R,8
103893,2011,A,,A,,A,,R,309.0,R,0.0,R,309.0,R,209.0,R,68.0,A,,A,,A,,A,,A,,R,38
103909,2011,A,,A,,A,,R,179.0,R,0.0,R,179.0,R,130.0,R,73.0,A,,A,,A,,A,,A,,R,25
103927,2011,A,,A,,A,,R,233.0,R,0.0,R,233.0,R,168.0,R,72.0,A,,A,,A,,A,,A,,R,39
103945,2011,A,,A,,A,,R,25.0,Z,0.0,R,25.0,R,17.0,R,68.0,A,,A,,A,,A,,A,,R,27
103954,2011,A,,A,,A,,R,24.0,R,0.0,R,24.0,R,21.0,R,88.0,A,,A,,A,,A,,A,,R,20
103963,2011,A,,A,,A,,R,439.0,R,11.0,R,428.0,R,294.0,R,69.0,A,,A,,A,,A,,A,,R,22
104090,2011,A,,A,,A,,R,25.0,R,0.0,R,25.0,R,8.0,R,32.0,R,0.0,R,0.0,R,0.0,R,0.0,A,,R,30
104151,2011,R,9082.0,R,16200.0,R,56.0,R,7544.0,R,90.0,R,7454.0,R,6225.0,R,84.0,R,2000.0,R,29.0,R,1971.0,R,1312.0,R,67.0,R,25
104160,2011,R,904.0,R,2358.0,R,38.0,R,939.0,R,0.0,R,939.0,R,590.0,R,63.0,R,1338.0,R,0.0,R,1338.0,R,543.0,R,41.0,R,22
104179,2011,R,6874.0,R,9262.0,R,74.0,R,6800.0,R,3.0,R,6797.0,R,5248.0,R,77.0,R,211.0,R,0.0,R,211.0,R,102.0,R,48.0,R,20
104188,2011,R,13.0,R,43.0,R,30.0,R,17.0,R,0.0,R,17.0,R,13.0,R,76.0,R,13.0,R,0.0,R,13.0,R,8.0,R,62.0,R,7
104294,2011,A,,A,,A,,R,137.0,R,0.0,R,137.0,R,108.0,R,79.0,R,0.0,R,0.0,R,0.0,R,0.0,A,,R,18
104346,2011,R,604.0,R,2852.0,R,21.0,R,514.0,R,0.0,R,514.0,R,319.0,R,62.0,R,853.0,R,0.0,R,853.0,R,299.0,R,35.0,R,16
104364,2011,R,87.0,R,211.0,R,41.0,R,5.0,R,0.0,R,5.0,R,2.0,R,40.0,A,,A,,A,,A,,A,,R,8
104391,2011,A,,A,,A,,R,86.0,R,1.0,R,85.0,R,75.0,R,88.0,A,,A,,A,,A,,A,,R,18
104425,2011,R,447.0,R,1180.0,R,38.0,R,482.0,R,1.0,R,481.0,R,253.0,R,53.0,R,506.0,R,1.0,R,505.0,R,163.0,R,32.0,R,15
104434,2011,A,,A,,A,,R,6.0,Z,0.0,R,6.0,R,5.0,R,83.0,A,,A,,A,,A,,A,,R,15
104443,2011,A,,A,,A,,R,18.0,R,1.0,R,17.0,R,13.0,R,76.0,R,7.0,Z,0.0,R,7.0,R,4.0,R,57.0,R,16
104504,2011,A,,A,,A,,R,65.0,R,0.0,R,65.0,R,58.0,R,89.0,R,49.0,R,0.0,R,49.0,R,42.0,R,86.0,R,28
104531,2011,R,141.0,R,684.0,R,21.0,R,227.0,R,0.0,R,227.0,R,117.0,R,52.0,R,162.0,R,0.0,R,162.0,R,57.0,R,35.0,R,18
104568,2011,A,,A,,A,,R,83.0,R,0.0,R,83.0,R,64.0,R,77.0,R,54.0,R,0.0,R,54.0,R,27.0,R,50.0,R,13
104577,2011,R,828.0,R,2158.0,R,38.0,R,842.0,R,25.0,R,817.0,R,430.0,R,53.0,R,794.0,R,51.0,R,743.0,R,302.0,R,41.0,R,20
104586,2011,R,349.0,R,460.0,R,76.0,R,352.0,R,0.0,R,352.0,R,276.0,R,78.0,R,2.0,R,0.0,R,2.0,R,0.0,R,0.0,R,16
104665,2011,A,,A,,A,,A,,A,,A,,A,,A,,A,,A,,A,,A,,A,,R,5
104708,2011,R,2424.0,R,6497.0,R,37.0,R,2235.0,R,0.0,R,2235.0,R,1297.0,R,58.0,R,1575.0,R,0.0,R,1575.0,R,578.0,R,37.0,R,23
104717,2011,R,617.0,R,8603.0,R,7.0,R,704.0,R,0.0,R,704.0,R,418.0,R,59.0,R,1511.0,R,0.0,R,1511.0,R,327.0,R,22.0,R,15
104805,2011,A,,A,,A,,R,412.0,R,0.0,R,412.0,R,118.0,R,29.0,A,,A,,A,,A,,A,,R,46
104911,2011,A,,A,,A,,R,67.0,R,3.0,R,64.0,R,53.0,R,83.0,A,,A,,A,,A,,A,,R,12
104984,2011,A,,A,,A,,R,49.0,Z,0.0,R,49.0,R,36.0,R,73.0,A,,A,,A,,A,,A,,R,17
105118,2011,A,,A,,A,,R,93.0,R,0.0,R,93.0,R,67.0,R,72.0,A,,A,,A,,A,,A,,R,24
105127,2011,A,,A,,A,,R,46.0,R,0.0,R,46.0,R,45.0,R,98.0,R,20.0,R,0.0,R,20.0,R,19.0,R,95.0,R,20
105145,2011,R,246.0,R,2068.0,R,12.0,R,240.0,R,0.0,R,240.0,R,130.0,R,54.0,R,446.0,R,0.0,R,446.0,R,167.0,R,37.0,R,17
105154,2011,R,2331.0,R,7405.0,R,31.0,R,2417.0,R,0.0,R,2417.0,R,1409.0,R,58.0,R,2031.0,R,0.0,R,2031.0,R,773.0,R,38.0,R,22
105163,2011,R,23.0,R,42.0,R,55.0,R,0.0,R,0.0,R,0.0,R,0.0,A,,R,0.0,R,0.0,R,0.0,R,0.0,A,,R,27
105172,2011,R,38.0,R,56.0,R,68.0,R,4.0,R,0.0,R,4.0,R,3.0,R,75.0,R,1.0,R,0.0,R,1.0,R,0.0,R,0.0,R,23
105206,2011,R,261.0,R,1591.0,R,16.0,R,254.0,R,0.0,R,254.0,R,120.0,R,47.0,R,1049.0,R,2.0,R,1047.0,R,464.0,R,44.0,R,18
105215,2011,A,,A,,A,,R,1052.0,Z,0.0,R,1052.0,R,767.0,R,73.0,A,,A,,A,,A,,A,,R,29
105297,2011,R,339.0,R,549.0,R,62.0,R,8.0,R,0.0,R,8.0,R,8.0,R,100.0,R,0.0,R,0.0,R,0.0,R,0.0,A,,R,20
105330,2011,R,3194.0,R,6200.0,R,52.0,R,3741.0,R,0.0,R,3741.0,R,2722.0,R,73.0,R,343.0,R,0.0,R,343.0,R,179.0,R,52.0,R,20
105349,2011,R,118.0,R,1001.0,R,12.0,R,149.0,R,0.0,R,149.0,R,62.0,R,42.0,R,275.0,R,0.0,R,275.0,R,97.0,R,35.0,R,16
105367,2011,A,,A,,A,,A,,A,,A,,A,,A,,A,,A,,A,,A,,A,,R,15
105428,2011,R,708.0,R,3839.0,R,18.0,R,734.0,R,0.0,R,734.0,R,418.0,R,57.0,R,1178.0,R,0.0,R,1178.0,R,386.0,R,33.0,R,18
105482,2011,A,,A,,A,,A,,A,,A,,A,,A,,A,,A,,A,,A,,A,,R,11
105516,2011,A,,A,,A,,R,126.0,R,0.0,R,126.0,R,70.0,R,56.0,A,,A,,A,,A,,A,,R,35
105525,2011,R,3542.0,R,11117.0,R,32.0,R,3478.0,R,0.0,R,3478.0,R,2084.0,R,60.0,R,3545.0,R,0.0,R,3545.0,R,1408.0,R,40.0,R,29
105534,2011,A,,A,,A,,R,63.0,R,0.0,R,63.0,R,56.0,R,89.0,A,,A,,A,,A,,A,,R,25
105543,2011,A,,A,,A,,R,337.0,R,0.0,R,337.0,R,253.0,R,75.0,A,,A,,A,,A,,A,,R,25
105589,2011,R,63.0,R,202.0,R,31.0,R,76.0,R,0.0,R,76.0,R,47.0,R,62.0,A,,A,,A,,A,,A,,R,8
105659,2011,A,,A,,A,,R,218.0,R,0.0,R,218.0,R,179.0,R,82.0,A,,A,,A,,A,,A,,R,29
105668,2011,R,430.0,R,7385.0,R,6.0,R,343.0,R,0.0,R,343.0,R,128.0,R,37.0,R,1053.0,R,0.0,R,1053.0,R,195.0,R,19.0,R,33
105677,2011,A,,A,,A,,A,,A,,A,,A,,A,,A,,A,,A,,A,,A,,R,5
105701,2011,A,,A,,A,,R,43.0,R,0.0,R,43.0,R,39.0,R,91.0,A,,A,,A,,A,,A,,R,18
105747,2011,R,1003.0,R,3616.0,R,28.0,R,996.0,R,0.0,R,996.0,R,581.0,R,58.0,R,543.0,R,0.0,R,543.0,R,187.0,R,34.0,R,19
105792,2011,R,448.0,R,1612.0,R,28.0,R,424.0,R,0.0,R,424.0,R,231.0,R,54.0,R,356.0,R,0.0,R,356.0,R,122.0,R,34.0,R,19
105899,2011,R,101.0,R,257.0,R,39.0,R,74.0,R,0.0,R,74.0,R,44.0,R,59.0,R,3.0,R,0.0,R,3.0,R,1.0,R,33.0,R,19
105987,2011,A,,A,,A,,A,,A,,A,,A,,A,,A,,A,,A,,A,,A,,R,31
106041,2011,A,,A,,A,,R,1347.0,R,0.0,R,1347.0,R,1008.0,R,75.0,A,,A,,A,,A,,A,,R,31
106102,2011,A,,A,,A,,R,62.0,R,0.0,R,62.0,R,24.0,R,39.0,A,,A,,A,,A,,A,,R,24
106111,2011,A,,A,,A,,R,27.0,R,1.0,R,26.0,R,16.0,R,62.0,R,8.0,Z,0.0,R,8.0,R,4.0,R,50.0,R,18
106148,2011,R,346.0,R,1922.0,R,18.0,R,450.0,R,0.0,R,450.0,R,231.0,R,51.0,R,620.0,Z,0.0,R,620.0,R,191.0,R,31.0,R,19
106245,2011,R,871.0,R,2634.0,R,33.0,R,768.0,R,0.0,R,768.0,R,479.0,R,62.0,R,29.0,R,0.0,R,29.0,R,12.0,R,41.0,R,17
106263,2011,A,,A,,A,,A,,A,,A,,A,,A,,A,,A,,A,,A,,A,,R,9
106281,2011,A,,A,,A,,R,13.0,R,0.0,R,13.0,R,7.0,R,54.0,R,3.0,R,0.0,R,3.0,R,0.0,R,0.0,R,15
106306,2011,R,313.0,R,555.0,R,56.0,R,385.0,R,0.0,R,385.0,R,129.0,R,34.0,R,40.0,R,0.0,R,40.0,R,8.0,R,20.0,R,18
106315,2011,A,,A,,A,,R,21.0,R,0.0,R,21.0,R,9.0,R,43.0,R,8.0,R,0.0,R,8.0,R,8.0,R,100.0,R,11
106324,2011,A,,A,,A,,R,15.0,R,0.0,R,15.0,R,6.0,R,40.0,A,,A,,A,,A,,A,,R,5
106342,2011,R,158.0,R,230.0,R,69.0,R,203.0,R,0.0,R,203.0,R,122.0,R,60.0,A,,A,,A,,A,,A,,R,12
106351,2011,A,,A,,A,,R,36.0,R,0.0,R,36.0,R,29.0,R,81.0,R,11.0,R,0.0,R,11.0,R,9.0,R,82.0,R,20
106360,2011,A,,A,,A,,R,15.0,R,0.0,R,15.0,R,12.0,R,80.0,A,,A,,A,,A,,A,,R,17
106397,2011,R,4414.0,R,6088.0,R,73.0,R,3780.0,R,0.0,R,3780.0,R,3155.0,R,83.0,R,30.0,R,0.0,R,30.0,R,19.0,R,63.0,R,19
106412,2011,R,650.0,R,850.0,R,76.0,R,781.0,R,0.0,R,781.0,R,438.0,R,56.0,R,21.0,R,0.0,R,21.0,R,3.0,R,14.0,R,15
106449,2011,R,899.0,R,1352.0,R,66.0,R,809.0,R,0.0,R,809.0,R,476.0,R,59.0,R,84.0,Z,0.0,R,84.0,R,42.0,R,50.0,R,18
106458,2011,R,1505.0,R,2528.0,R,60.0,R,1665.0,R,0.0,R,1665.0,R,1187.0,R,71.0,R,51.0,R,0.0,R,51.0,R,19.0,R,37.0,R,19
106467,2011,R,1755.0,R,2476.0,R,71.0,R,1404.0,R,0.0,R,1404.0,R,951.0,R,68.0,R,54.0,R,0.0,R,54.0,R,30.0,R,56.0,R,17
106485,2011,R,739.0,R,1503.0,R,49.0,R,562.0,R,0.0,R,562.0,R,238.0,R,42.0,R,22.0,R,0.0,R,22.0,R,9.0,R,41.0,R,17
106494,2011,A,,A,,A,,R,17.0,R,0.0,R,17.0,R,12.0,R,71.0,A,,A,,A,,A,,A,,R,15
106546,2011,A,,A,,A,,R,49.0,R,0.0,R,49.0,R,37.0,R,76.0,A,,A,,A,,A,,A,,R,12
106607,2011,A,,A,,A,,A,,A,,A,,A,,A,,A,,A,,A,,A,,A,,N,10
106625,2011,R,473.0,R,734.0,R,64.0,R,451.0,R,0.0,R,451.0,R,264.0,R,59.0,R,55.0,Z,0.0,R,55.0,R,24.0,R,44.0,R,23
106704,2011,R,1940.0,R,2556.0,R,76.0,R,1828.0,R,0.0,R,1828.0,R,1261.0,R,69.0,R,19.0,R,0.0,R,19.0,R,0.0,R,0.0,R,16
106713,2011,R,152.0,R,335.0,R,45.0,R,81.0,R,0.0,R,81.0,R,56.0,R,69.0,R,0.0,Z,0.0,R,0.0,R,0.0,A,,R,16
106795,2011,R,169.0,R,520.0,R,33.0,R,180.0,R,0.0,R,180.0,R,89.0,R,49.0,R,39.0,R,0.0,R,39.0,R,23.0,R,59.0,R,15
106810,2011,R,77.0,R,114.0,R,68.0,R,55.0,R,0.0,R,55.0,R,33.0,R,60.0,A,,A,,A,,A,,A,,R,10
106829,2011,A,,A,,A,,R,72.0,R,0.0,R,72.0,R,29.0,R,40.0,R,25.0,R,0.0,R,25.0,R,13.0,R,52.0,R,11
106883,2011,R,231.0,R,443.0,R,52.0,R,234.0,R,0.0,R,234.0,R,87.0,R,37.0,R,51.0,R,0.0,R,51.0,R,32.0,R,63.0,R,17
106892,2011,A,,A,,A,,A,,A,,A,,A,,A,,A,,A,,A,,A,,A,,R,31
106908,2011,A,,A,,A,,R,165.0,R,0.0,R,165.0,R,123.0,R,75.0,R,25.0,Z,0.0,R,25.0,R,13.0,R,52.0,R,17
106980,2011,R,508.0,R,979.0,R,52.0,R,456.0,R,0.0,R,456.0,R,257.0,R,56.0,R,148.0,Z,0.0,R,148.0,R,52.0,R,35.0,R,23
106999,2011,R,207.0,R,347.0,R,60.0,R,271.0,R,0.0,R,271.0,R,145.0,R,54.0,R,54.0,R,0.0,R,54.0,R,22.0,R,41.0,R,22
107044,2011,R,1013.0,R,1300.0,R,78.0,R,988.0,R,0.0,R,988.0,R,797.0,R,81.0,R,4.0,R,0.0,R,4.0,R,1.0,R,25.0,R,17
107071,2011,R,818.0,R,1133.0,R,72.0,R,799.0,R,1.0,R,798.0,R,463.0,R,58.0,R,14.0,R,7.0,R,7.0,R,1.0,R,14.0,R,17
107080,2011,R,375.0,R,394.0,R,95.0,R,404.0,R,0.0,R,404.0,R,322.0,R,80.0,A,,A,,A,,A,,A,,R,12
107099,2011,A,,A,,A,,R,34.0,R,0.0,R,34.0,R,29.0,R,85.0,A,,A,,A,,A,,A,,R,12
107123,2011,A,,A,,A,,R,35.0,R,0.0,R,35.0,R,29.0,R,83.0,A,,A,,A,,A,,A,,R,7
107141,2011,R,360.0,R,829.0,R,43.0,R,322.0,R,0.0,R,322.0,R,252.0,R,78.0,A,,A,,A,,A,,A,,R,14
107211,2011,A,,A,,A,,R,7.0,R,0.0,R,7.0,R,4.0,R,57.0,A,,A,,A,,A,,A,,R,20
107220,2011,A,,A,,A,,R,47.0,R,0.0,R,47.0,R,29.0,R,62.0,A,,A,,A,,A,,A,,R,14
107275,2011,A,,A,,A,,R,4.0,R,0.0,R,4.0,R,3.0,R,75.0,A,,A,,A,,A,,A,,R,6
107293,2011,A,,A,,A,,R,17.0,R,0.0,R,17.0,R,14.0,R,82.0,A,,A,,A,,A,,A,,R,12
107318,2011,R,244.0,R,851.0,R,29.0,R,287.0,R,0.0,R,287.0,R,111.0,R,39.0,R,165.0,R,0.0,R,165.0,R,40.0,R,24.0,R,15
107327,2011,R,262.0,R,1028.0,R,25.0,R,334.0,R,0.0,R,334.0,R,174.0,R,52.0,R,128.0,R,0.0,R,128.0,R,53.0,R,41.0,R,17
107363,2011,A,,A,,A,,R,17.0,R,3.0,R,14.0,R,7.0,R,50.0,A,,A,,A,,A,,A,,R,25
107442,2011,A,,A,,A,,R,15.0,R,0.0,R,15.0,R,13.0,R,87.0,A,,A,,A,,A,,A,,R,20
107460,2011,R,429.0,R,698.0,R,61.0,R,471.0,R,0.0,R,471.0,R,252.0,R,54.0,R,70.0,R,0.0,R,70.0,R,25.0,R,36.0,R,17
107488,2011,A,,A,,A,,R,317.0,R,1.0,R,316.0,R,46.0,R,15.0,R,17.0,R,0.0,R,17.0,R,2.0,R,12.0,R,4
107512,2011,R,459.0,R,518.0,R,89.0,R,451.0,R,0.0,R,451.0,R,370.0,R,82.0,A,,A,,A,,A,,A,,R,13
107521,2011,R,138.0,R,278.0,R,50.0,R,173.0,R,1.0,R,172.0,R,85.0,R,49.0,R,22.0,R,0.0,R,22.0,R,7.0,R,32.0,R,14
107549,2011,R,269.0,R,872.0,R,31.0,R,306.0,R,0.0,R,306.0,R,152.0,R,50.0,R,79.0,R,0.0,R,79.0,R,17.0,R,22.0,R,20
107558,2011,R,186.0,R,225.0,R,83.0,R,204.0,R,0.0,R,204.0,R,120.0,R,59.0,R,0.0,R,0.0,R,0.0,R,0.0,A,,R,11
107585,2011,R,460.0,R,889.0,R,52.0,R,536.0,R,0.0,R,536.0,R,271.0,R,51.0,R,158.0,R,1.0,R,157.0,R,71.0,R,45.0,R,22
107600,2011,R,188.0,R,257.0,R,73.0,R,178.0,Z,0.0,R,178.0,R,107.0,R,60.0,R,0.0,Z,0.0,R,0.0,R,0.0,A,,R,13
107619,2011,R,193.0,R,325.0,R,59.0,R,236.0,R,0.0,R,236.0,R,124.0,R,53.0,R,52.0,R,0.0,R,52.0,R,6.0,R,12.0,R,7
107637,2011,R,285.0,R,616.0,R,46.0,R,290.0,R,1.0,R,289.0,R,143.0,R,49.0,R,85.0,R,4.0,R,81.0,R,31.0,R,38.0,R,15
107655,2011,A,,A,,A,,R,34.0,R,0.0,R,34.0,R,26.0,R,76.0,A,,A,,A,,A,,A,,R,20
107664,2011,R,1021.0,R,2568.0,R,40.0,R,996.0,R,0.0,R,996.0,R,587.0,R,59.0,R,416.0,R,0.0,R,416.0,R,219.0,R,53.0,R,27
107725,2011,R,210.0,R,503.0,R,42.0,R,235.0,R,1.0,R,234.0,R,118.0,R,50.0,R,74.0,R,4.0,R,70.0,R,26.0,R,37.0,R,20
107743,2011,R,139.0,R,432.0,R,32.0,R,144.0,R,0.0,R,144.0,R,77.0,R,53.0,R,24.0,R,0.0,R,24.0,R,12.0,R,50.0,R,17
107789,2011,A,,A,,A,,R,41.0,R,0.0,R,41.0,R,35.0,R,85.0,R,11.0,R,0.0,R,11.0,R,10.0,R,91.0,R,20
107831,2011,A,,A,,A,,R,29.0,R,0.0,R,29.0,R,25.0,R,86.0,R,0.0,R,0.0,R,0.0,R,0.0,A,,R,20
107877,2011,R,135.0,R,220.0,R,61.0,R,155.0,R,0.0,R,155.0,R,85.0,R,55.0,A,,A,,A,,A,,A,,R,16
107974,2011,R,179.0,R,383.0,R,47.0,R,177.0,R,0.0,R,177.0,R,90.0,R,51.0,R,57.0,R,0.0,R,57.0,R,18.0,R,32.0,R,15
107983,2011,R,642.0,R,867.0,R,74.0,R,643.0,Z,0.0,R,643.0,R,387.0,R,60.0,R,2.0,R,0.0,R,2.0,R,0.0,R,0.0,R,16
107992,2011,R,177.0,R,552.0,R,32.0,R,192.0,R,1.0,R,191.0,R,115.0,R,60.0,R,36.0,Z,0.0,R,36.0,R,17.0,R,47.0,R,20
108065,2011,A,,A,,A,,R,10.0,R,0.0,R,10.0,R,4.0,R,40.0,R,4.0,R,0.0,R,4.0,R,0.0,R,0.0,R,11
108092,2011,R,1287.0,R,2306.0,R,56.0,R,765.0,R,0.0,R,765.0,R,475.0,R,62.0,R,38.0,R,0.0,R,38.0,R,15.0,R,39.0,R,19
108199,2011,A,,A,,A,,R,792.0,R,0.0,R,792.0,R,618.0,R,78.0,R,269.0,Z,0.0,R,269.0,R,213.0,R,79.0,R,38
108232,2011,R,1032.0,R,2553.0,R,40.0,R,1099.0,Z,0.0,R,1099.0,R,716.0,R,65.0,R,501.0,R,0.0,R,501.0,R,161.0,R,32.0,R,21
108250,2011,R,31.0,R,44.0,R,70.0,R,0.0,R,0.0,R,0.0,R,0.0,A,,R,0.0,R,0.0,R,0.0,R,0.0,A,,R,17
108348,2011,A,,A,,A,,R,44.0,R,0.0,R,44.0,R,38.0,R,86.0,A,,A,,A,,A,,A,,R,5
108649,2011,A,,A,,A,,R,25.0,R,0.0,R,25.0,R,18.0,R,72.0,R,13.0,Z,0.0,R,13.0,R,3.0,R,23.0,R,25
108667,2011,R,199.0,R,2350.0,R,8.0,R,218.0,Z,0.0,R,218.0,R,127.0,R,58.0,R,736.0,Z,0.0,R,736.0,R,204.0,R,28.0,R,31
108807,2011,R,872.0,R,2807.0,R,31.0,R,945.0,Z,0.0,R,945.0,R,662.0,R,70.0,R,912.0,Z,0.0,R,912.0,R,382.0,R,42.0,R,27
108852,2011,R,84.0,R,84.0,R,100.0,R,91.0,R,0.0,R,91.0,R,55.0,R,60.0,A,,A,,A,,A,,A,,R,10
108977,2011,A,,A,,A,,R,1.0,R,0.0,R,1.0,R,1.0,R,100.0,R,0.0,R,0.0,R,0.0,R,0.0,A,,R,22
109040,2011,A,,A,,A,,R,1662.0,R,1.0,R,1661.0,R,1358.0,R,82.0,A,,A,,A,,A,,A,,R,16
109086,2011,A,,A,,A,,R,0.0,R,0.0,R,0.0,R,0.0,A,,A,,A,,A,,A,,A,,R,1
109208,2011,R,1200.0,R,8243.0,R,15.0,R,1432.0,Z,0.0,R,1432.0,R,1021.0,R,71.0,R,2639.0,Z,0.0,R,2639.0,R,1069.0,R,41.0,R,28
109332,2011,A,,A,,A,,R,76.0,R,0.0,R,76.0,R,51.0,R,67.0,A,,A,,A,,A,,A,,R,28
109350,2011,R,1011.0,R,3344.0,R,30.0,R,1022.0,Z,0.0,R,1022.0,R,750.0,R,73.0,R,1186.0,Z,0.0,R,1186.0,R,594.0,R,50.0,R,27
109651,2011,R,139.0,R,338.0,R,41.0,R,136.0,R,0.0,R,136.0,R,105.0,R,77.0,A,,A,,A,,A,,A,,R,9
109721,2011,A,,A,,A,,A,,A,,A,,A,,A,,A,,A,,A,,A,,A,,R,19
109730,2011,A,,A,,A,,A,,A,,A,,A,,A,,A,,A,,A,,A,,A,,R,14
109785,2011,R,1175.0,R,1752.0,R,67.0,R,1192.0,R,0.0,R,1192.0,R,1043.0,R,88.0,R,5.0,R,0.0,R,5.0,R,4.0,R,80.0,R,13
109819,2011,R,1145.0,R,4172.0,R,27.0,R,1583.0,Z,0.0,R,1583.0,R,1122.0,R,71.0,R,1709.0,Z,0.0,R,1709.0,R,797.0,R,47.0,R,29
109891,2011,A,,A,,A,,R,7.0,Z,0.0,R,7.0,R,5.0,R,71.0,A,,A,,A,,A,,A,,R,25
109907,2011,R,204.0,R,857.0,R,24.0,R,267.0,Z,0.0,R,267.0,R,125.0,R,47.0,R,278.0,Z,0.0,R,278.0,R,69.0,R,25.0,R,19
109934,2011,A,,A,,A,,R,123.0,R,0.0,R,123.0,R,98.0,R,80.0,A,,A,,A,,A,,A,,R,18
110060,2011,R,67.0,R,86.0,R,78.0,R,32.0,R,0.0,R,32.0,R,27.0,R,84.0,R,5.0,R,0.0,R,5.0,R,4.0,R,80.0,R,6
110097,2011,R,924.0,R,1311.0,R,70.0,R,877.0,R,0.0,R,877.0,R,755.0,R,86.0,R,0.0,R,0.0,R,0.0,R,0.0,A,,R,17
110185,2011,R,85.0,R,102.0,R,83.0,R,42.0,R,0.0,R,42.0,R,34.0,R,81.0,R,0.0,R,0.0,R,0.0,R,0.0,A,,R,17
110194,2011,A,,A,,A,,R,41.0,R,0.0,R,41.0,R,39.0,R,95.0,A,,A,,A,,A,,A,,R,7
110219,2011,R,148.0,R,148.0,R,100.0,R,196.0,R,0.0,R,196.0,R,90.0,R,46.0,A,,A,,A,,A,,A,,R,21
110246,2011,R,1086.0,R,3179.0,R,34.0,R,1223.0,Z,0.0,R,1223.0,R,849.0,R,69.0,R,639.0,Z,0.0,R,639.0,R,286.0,R,45.0,R,27
110316,2011,A,,A,,A,,A,,A,,A,,A,,A,,A,,A,,A,,A,,A,,R,16
110334,2011,R,970.0,R,2920.0,R,33.0,R,971.0,Z,0.0,R,971.0,R,699.0,R,72.0,R,899.0,Z,0.0,R,899.0,R,395.0,R,44.0,R,25
110361,2011,R,775.0,R,1435.0,R,54.0,R,804.0,R,1.0,R,803.0,R,619.0,R,77.0,R,11.0,R,0.0,R,11.0,R,5.0,R,45.0,R,18
110370,2011,R,232.0,R,452.0,R,51.0,R,229.0,Z,0.0,R,229.0,R,182.0,R,79.0,R,2.0,Z,0.0,R,2.0,R,1.0,R,50.0,R,11
110404,2011,R,244.0,R,254.0,R,96.0,R,222.0,R,1.0,R,221.0,R,217.0,R,98.0,A,,A,,A,,A,,A,,R,3
110413,2011,R,502.0,R,831.0,R,60.0,R,556.0,Z,0.0,R,556.0,R,475.0,R,85.0,A,,A,,A,,A,,A,,R,16
110422,2011,R,4243.0,R,5124.0,R,83.0,R,3459.0,Z,0.0,R,3459.0,R,3218.0,R,93.0,R,4.0,Z,0.0,R,4.0,R,3.0,R,75.0,R,22
110468,2011,A,,A,,A,,A,,A,,A,,A,,A,,A,,A,,A,,A,,A,,R,14
110486,2011,R,1208.0,R,2069.0,R,58.0,R,1013.0,Z,0.0,R,1013.0,R,719.0,R,71.0,R,20.0,Z,0.0,R,20.0,R,9.0,R,45.0,R,27
110495,2011,R,1192.0,R,2434.0,R,49.0,R,998.0,Z,0.0,R,998.0,R,829.0,R,83.0,R,31.0,Z,0.0,R,31.0,R,20.0,R,65.0,R,24
110510,2011,R,2090.0,R,3947.0,R,53.0,R,1747.0,Z,0.0,R,1747.0,R,1557.0,R,89.0,R,26.0,Z,0.0,R,26.0,R,16.0,R,62.0,R,28
110529,2011,R,3152.0,R,4742.0,R,66.0,R,1923.0,Z,0.0,R,1923.0,R,1725.0,R,90.0,R,95.0,Z,0.0,R,95.0,R,83.0,R,87.0,R,27
110538,2011,R,2396.0,R,3934.0,R,61.0,R,1880.0,Z,0.0,R,1880.0,R,1646.0,R,88.0,R,20.0,Z,0.0,R,20.0,R,10.0,R,50.0,R,25
110547,2011,R,1100.0,R,3655.0,R,30.0,R,982.0,Z,0.0,R,982.0,R,782.0,R,80.0,R,54.0,Z,0.0,R,54.0,R,22.0,R,41.0,R,27
110556,2011,R,2831.0,R,5215.0,R,54.0,R,2582.0,Z,0.0,R,2582.0,R,2219.0,R,86.0,R,117.0,Z,0.0,R,117.0,R,71.0,R,61.0,R,26
110565,2011,R,4091.0,R,7807.0,R,52.0,R,3749.0,Z,0.0,R,3749.0,R,3185.0,R,85.0,R,163.0,Z,0.0,R,163.0,R,109.0,R,67.0,R,25
110574,2011,R,1213.0,R,2833.0,R,43.0,R,1192.0,Z,0.0,R,1192.0,R,911.0,R,76.0,R,19.0,Z,0.0,R,19.0,R,11.0,R,58.0,R,27
110583,2011,R,3909.0,R,6800.0,R,57.0,R,3913.0,Z,0.0,R,3913.0,R,3467.0,R,89.0,R,75.0,Z,0.0,R,75.0,R,57.0,R,76.0,R,24
110592,2011,R,2407.0,R,5065.0,R,48.0,R,2013.0,Z,0.0,R,2013.0,R,1637.0,R,81.0,R,48.0,Z,0.0,R,48.0,R,29.0,R,60.0,R,25
110608,2011,R,5162.0,R,10332.0,R,50.0,R,5066.0,Z,0.0,R,5066.0,R,3791.0,R,75.0,R,124.0,Z,0.0,R,124.0,R,56.0,R,45.0,R,26
110617,2011,R,2800.0,R,6481.0,R,43.0,R,2625.0,Z,0.0,R,2625.0,R,2176.0,R,83.0,R,107.0,Z,0.0,R,107.0,R,80.0,R,75.0,R,28
110635,2011,R,4412.0,R,6779.0,R,65.0,R,4081.0,R,0.0,R,4081.0,R,3934.0,R,96.0,R,28.0,R,0.0,R,28.0,R,27.0,R,96.0,R,17
110644,2011,R,4663.0,R,7486.0,R,62.0,R,4437.0,R,0.0,R,4437.0,R,4115.0,R,93.0,R,64.0,R,0.0,R,64.0,R,51.0,R,80.0,R,16
110653,2011,R,5104.0,R,6849.0,R,75.0,R,4405.0,R,0.0,R,4405.0,R,4123.0,R,94.0,R,6.0,R,0.0,R,6.0,R,5.0,R,83.0,R,19
110662,2011,R,5796.0,R,8941.0,R,65.0,R,4626.0,R,0.0,R,4626.0,R,4484.0,R,97.0,R,10.0,R,0.0,R,10.0,R,5.0,R,50.0,R,16
110671,2011,R,3643.0,R,5105.0,R,71.0,R,4458.0,R,0.0,R,4458.0,R,3903.0,R,88.0,R,11.0,R,0.0,R,11.0,R,5.0,R,45.0,R,19
110680,2011,R,3444.0,R,6252.0,R,55.0,R,3944.0,R,0.0,R,3944.0,R,3777.0,R,96.0,R,5.0,R,0.0,R,5.0,R,3.0,R,60.0,R,19
110705,2011,R,4084.0,R,5515.0,R,74.0,R,3696.0,R,0.0,R,3696.0,R,3404.0,R,92.0,R,24.0,R,0.0,R,24.0,R,15.0,R,63.0,R,17
110714,2011,R,3599.0,R,4787.0,R,75.0,R,3280.0,R,0.0,R,3280.0,R,2970.0,R,91.0,R,10.0,R,0.0,R,10.0,R,7.0,R,70.0,R,18
110875,2011,A,,A,,A,,R,15.0,R,0.0,R,15.0,R,9.0,R,60.0,R,0.0,R,0.0,R,0.0,R,0.0,A,,R,14
110918,2011,R,8.0,R,21.0,R,38.0,R,2.0,R,0.0,R,2.0,R,1.0,R,50.0,R,0.0,R,0.0,R,0.0,R,0.0,A,,R,13
110945,2011,A,,A,,A,,R,181.0,R,1.0,R,180.0,R,101.0,R,56.0,A,,A,,A,,A,,A,,R,18
111009,2011,A,,A,,A,,R,148.0,Z,0.0,R,148.0,R,101.0,R,68.0,A,,A,,A,,A,,A,,R,20
111054,2011,A,,A,,A,,R,189.0,R,0.0,R,189.0,R,144.0,R,76.0,A,,A,,A,,A,,A,,R,20
111081,2011,R,133.0,R,271.0,R,49.0,R,151.0,R,0.0,R,151.0,R,129.0,R,85.0,R,0.0,R,0.0,R,0.0,R,0.0,A,,R,7
111188,2011,R,142.0,R,251.0,R,57.0,R,161.0,Z,0.0,R,161.0,R,139.0,R,86.0,R,6.0,Z,0.0,R,6.0,R,4.0,R,67.0,R,15
111434,2011,R,320.0,R,2217.0,R,14.0,R,308.0,Z,0.0,R,308.0,R,200.0,R,65.0,R,502.0,Z,0.0,R,502.0,R,146.0,R,29.0,R,26
111461,2011,R,950.0,R,3668.0,R,26.0,R,1085.0,Z,0.0,R,1085.0,R,821.0,R,76.0,R,1133.0,Z,0.0,R,1133.0,R,624.0,R,55.0,R,29
111513,2011,A,,A,,A,,R,34.0,R,0.0,R,34.0,R,21.0,R,62.0,R,27.0,R,0.0,R,27.0,R,18.0,R,67.0,R,7
111638,2011,A,,A,,A,,R,42.0,R,1.0,R,41.0,R,26.0,R,63.0,A,,A,,A,,A,,A,,R,12
111708,2011,A,,A,,A,,R,34.0,Z,0.0,R,34.0,R,26.0,R,76.0,R,17.0,Z,0.0,R,17.0,R,11.0,R,65.0,R,21
111717,2011,A,,A,,A,,R,157.0,Z,0.0,R,157.0,R,123.0,R,78.0,R,10.0,Z,0.0,R,10.0,R,9.0,R,90.0,R,21
111726,2011,A,,A,,A,,R,88.0,R,0.0,R,88.0,R,79.0,R,90.0,A,,A,,A,,A,,A,,R,16
111744,2011,A,,A,,A,,R,60.0,Z,0.0,R,60.0,R,50.0,R,83.0,A,,A,,A,,A,,A,,R,20
111762,2011,A,,A,,A,,R,55.0,Z,0.0,R,55.0,R,47.0,R,85.0,A,,A,,A,,A,,A,,R,16
111771,2011,A,,A,,A,,R,67.0,Z,0.0,R,67.0,R,57.0,R,85.0,A,,A,,A,,A,,A,,R,21
111799,2011,A,,A,,A,,R,31.0,Z,0.0,R,31.0,R,26.0,R,84.0,A,,A,,A,,A,,A,,R,20
111887,2011,R,1352.0,R,5423.0,R,25.0,R,1350.0,Z,0.0,R,1350.0,R,978.0,R,72.0,R,2173.0,Z,0.0,R,2173.0,R,1091.0,R,50.0,R,30
111896,2011,R,221.0,R,2161.0,R,10.0,R,249.0,Z,0.0,R,249.0,R,123.0,R,49.0,R,501.0,Z,0.0,R,501.0,R,100.0,R,20.0,R,28
111920,2011,R,730.0,R,3766.0,R,19.0,R,1064.0,Z,0.0,R,1064.0,R,768.0,R,72.0,R,1600.0,Z,0.0,R,1600.0,R,618.0,R,39.0,R,30
111939,2011,R,797.0,R,4062.0,R,20.0,R,1212.0,Z,0.0,R,1212.0,R,911.0,R,75.0,R,1909.0,Z,0.0,R,1909.0,R,1168.0,R,61.0,R,27
111948,2011,R,1267.0,R,1649.0,R,77.0,R,1173.0,R,0.0,R,1173.0,R,1062.0,R,91.0,R,1.0,R,0.0,R,1.0,R,1.0,R,100.0,R,14
111966,2011,R,8.0,R,31.0,R,26.0,R,3.0,R,0.0,R,3.0,R,1.0,R,33.0,R,0.0,R,0.0,R,0.0,R,0.0,A,,R,4
112075,2011,R,294.0,R,523.0,R,56.0,R,308.0,R,1.0,R,307.0,R,222.0,R,72.0,A,,A,,A,,A,,A,,R,15
112084,2011,R,84.0,R,257.0,R,33.0,R,69.0,R,0.0,R,69.0,R,43.0,R,62.0,R,0.0,Z,0.0,R,0.0,R,0.0,A,,R,17
112172,2011,R,886.0,R,3384.0,R,26.0,R,881.0,Z,0.0,R,881.0,R,582.0,R,66.0,R,1202.0,Z,0.0,R,1202.0,R,650.0,R,54.0,R,33
112190,2011,R,1931.0,R,8241.0,R,23.0,R,1644.0,Z,0.0,R,1644.0,R,1201.0,R,73.0,R,2863.0,Z,0.0,R,2863.0,R,1228.0,R,43.0,R,24
112260,2011,R,305.0,R,349.0,R,87.0,R,314.0,R,0.0,R,314.0,R,303.0,R,96.0,A,,A,,A,,A,,A,,R,9
112288,2011,A,,A,,A,,A,,A,,A,,A,,A,,A,,A,,A,,A,,A,,R,18
112367,2011,A,,A,,A,,R,135.0,R,36.0,R,99.0,R,61.0,R,62.0,R,63.0,Z,0.0,R,63.0,R,32.0,R,51.0,R,42
112385,2011,R,180.0,R,4472.0,R,4.0,R,151.0,Z,0.0,R,151.0,R,83.0,R,55.0,R,960.0,Z,0.0,R,960.0,R,257.0,R,27.0,R,44
112394,2011,R,45.0,R,104.0,R,43.0,R,34.0,R,1.0,R,33.0,R,22.0,R,67.0,R,0.0,R,0.0,R,0.0,R,0.0,A,,R,7
112446,2011,R,94.0,R,94.0,R,100.0,R,0.0,R,0.0,R,0.0,R,0.0,A,,A,,A,,A,,A,,A,,R,6
112455,2011,A,,A,,A,,R,29.0,R,1.0,R,28.0,R,15.0,R,54.0,A,,A,,A,,A,,A,,R,16
112561,2011,R,253.0,R,910.0,R,28.0,R,259.0,Z,0.0,R,259.0,R,145.0,R,56.0,R,474.0,Z,0.0,R,474.0,R,172.0,R,36.0,R,21
112570,2011,R,48.0,R,101.0,R,48.0,R,46.0,R,0.0,R,46.0,R,39.0,R,85.0,R,2.0,R,0.0,R,2.0,R,2.0,R,100.0,R,16
112686,2011,R,325.0,R,2959.0,R,11.0,R,398.0,Z,0.0,R,398.0,R,210.0,R,53.0,R,727.0,Z,0.0,R,727.0,R,212.0,R,29.0,R,29
112783,2011,A,,A,,A,,R,161.0,R,0.0,R,161.0,R,115.0,R,71.0,R,11.0,Z,0.0,R,11.0,R,9.0,R,82.0,R,15
112826,2011,R,353.0,R,1851.0,R,19.0,R,377.0,Z,0.0,R,377.0,R,240.0,R,64.0,R,463.0,Z,0.0,R,463.0,R,164.0,R,35.0,R,27
113096,2011,R,642.0,R,4262.0,R,15.0,R,820.0,Z,0.0,R,820.0,R,576.0,R,70.0,R,1252.0,Z,0.0,R,1252.0,R,577.0,R,46.0,R,31
113111,2011,R,438.0,R,1756.0,R,25.0,R,496.0,Z,0.0,R,496.0,R,337.0,R,68.0,R,541.0,Z,0.0,R,541.0,R,226.0,R,42.0,R,32
113193,2011,R,1088.0,R,3242.0,R,34.0,R,1199.0,Z,0.0,R,1199.0,R,801.0,R,67.0,R,669.0,Z,0.0,R,669.0,R,219.0,R,33.0,R,24
113218,2011,R,409.0,R,2590.0,R,16.0,R,669.0,Z,0.0,R,669.0,R,441.0,R,66.0,R,1115.0,Z,0.0,R,1115.0,R,436.0,R,39.0,R,26
113227,2011,A,,A,,A,,R,48.0,R,0.0,R,48.0,R,37.0,R,77.0,R,1.0,R,0.0,R,1.0,R,1.0,R,100.0,R,22
113236,2011,R,746.0,R,4778.0,R,16.0,R,1121.0,Z,0.0,R,1121.0,R,827.0,R,74.0,R,1801.0,Z,0.0,R,1801.0,R,952.0,R,53.0,R,25
113333,2011,R,2575.0,R,7076.0,R,36.0,R,2651.0,R,0.0,R,2651.0,R,1969.0,R,74.0,R,1681.0,Z,0.0,R,1681.0,R,555.0,R,33.0,R,32
113397,2011,A,,A,,A,,R,111.0,R,0.0,R,111.0,R,60.0,R,54.0,R,27.0,R,0.0,R,27.0,R,25.0,R,93.0,R,20
113449,2011,A,,A,,A,,R,83.0,R,0.0,R,83.0,R,65.0,R,78.0,A,,A,,A,,A,,A,,R,27
113537,2011,A,,A,,A,,R,1.0,R,0.0,R,1.0,R,0.0,R,0.0,A,,A,,A,,A,,A,,R,10
113573,2011,R,806.0,R,2423.0,R,33.0,R,838.0,Z,0.0,R,838.0,R,580.0,R,69.0,R,843.0,Z,0.0,R,843.0,R,442.0,R,52.0,R,31
113582,2011,R,12.0,R,51.0,R,24.0,R,8.0,R,0.0,R,8.0,R,5.0,R,63.0,R,2.0,R,0.0,R,2.0,R,0.0,R,0.0,R,12
113607,2011,R,745.0,R,4087.0,R,18.0,R,1009.0,R,0.0,R,1009.0,R,601.0,R,60.0,R,777.0,R,0.0,R,777.0,R,284.0,R,37.0,R,25
113634,2011,R,1270.0,R,4604.0,R,28.0,R,1290.0,Z,0.0,R,1290.0,R,997.0,R,77.0,R,1615.0,Z,0.0,R,1615.0,R,766.0,R,47.0,R,29
113698,2011,R,279.0,R,488.0,R,57.0,R,338.0,R,0.0,R,338.0,R,284.0,R,84.0,R,0.0,R,0.0,R,0.0,R,0.0,A,,R,11
113856,2011,R,1433.0,R,9345.0,R,15.0,R,1583.0,Z,0.0,R,1583.0,R,1197.0,R,76.0,R,3221.0,Z,0.0,R,3221.0,R,1483.0,R,46.0,R,49
113908,2011,A,,A,,A,,R,157.0,R,0.0,R,157.0,R,80.0,R,51.0,R,69.0,R,0.0,R,69.0,R,50.0,R,72.0,R,15
113953,2011,A,,A,,A,,R,23.0,R,0.0,R,23.0,R,2.0,R,9.0,R,1219.0,R,0.0,R,1219.0,R,80.0,R,7.0,R,26
113980,2011,R,1712.0,R,6225.0,R,28.0,R,1885.0,Z,0.0,R,1885.0,R,1416.0,R,75.0,R,1986.0,Z,0.0,R,1986.0,R,1031.0,R,52.0,R,29
114044,2011,A,,A,,A,,A,,A,,A,,A,,A,,A,,A,,A,,A,,A,,R,7
114062,2011,A,,A,,A,,R,21.0,R,0.0,R,21.0,R,14.0,R,67.0,R,25.0,R,0.0,R,25.0,R,23.0,R,92.0,R,13
114071,2011,A,,A,,A,,R,79.0,R,0.0,R,79.0,R,59.0,R,75.0,R,39.0,R,0.0,R,39.0,R,33.0,R,85.0,R,21
114080,2011,A,,A,,A,,R,55.0,R,0.0,R,55.0,R,39.0,R,71.0,R,61.0,R,0.0,R,61.0,R,39.0,R,64.0,R,15
114123,2011,A,,A,,A,,R,287.0,R,1.0,R,286.0,R,235.0,R,82.0,R,1.0,R,0.0,R,1.0,R,0.0,R,0.0,R,17
114266,2011,R,586.0,R,3221.0,R,18.0,R,608.0,Z,0.0,R,608.0,R,460.0,R,76.0,R,1088.0,Z,0.0,R,1088.0,R,381.0,R,35.0,R,31
114354,2011,R,683.0,R,1458.0,R,47.0,R,138.0,R,0.0,R,138.0,R,131.0,R,95.0,R,4.0,R,0.0,R,4.0,R,3.0,R,75.0,R,20
114372,2011,R,33.0,R,80.0,R,41.0,R,30.0,R,0.0,R,30.0,R,24.0,R,80.0,A,,A,,A,,A,,A,,R,21
114390,2011,R,149.0,R,333.0,R,45.0,R,33.0,R,0.0,R,33.0,R,31.0,R,94.0,R,0.0,R,0.0,R,0.0,R,0.0,A,,R,20
114415,2011,R,180.0,R,281.0,R,64.0,R,200.0,R,0.0,R,200.0,R,147.0,R,74.0,R,3.0,R,0.0,R,3.0,R,2.0,R,67.0,R,20
114433,2011,R,278.0,R,640.0,R,43.0,R,202.0,Z,0.0,R,202.0,R,110.0,R,54.0,R,184.0,Z,0.0,R,184.0,R,29.0,R,16.0,R,21
114460,2011,A,,A,,A,,R,32.0,R,0.0,R,32.0,R,27.0,R,84.0,R,12.0,R,0.0,R,12.0,R,11.0,R,92.0,R,13
114628,2011,A,,A,,A,,R,29.0,R,0.0,R,29.0,R,20.0,R,69.0,R,13.0,R,0.0,R,13.0,R,6.0,R,46.0,R,22
114716,2011,R,1103.0,R,4595.0,R,24.0,R,1106.0,R,0.0,R,1106.0,R,764.0,R,69.0,R,1155.0,Z,0.0,R,1155.0,R,375.0,R,32.0,R,28
114761,2011,A,,A,,A,,R,67.0,R,0.0,R,67.0,R,47.0,R,70.0,A,,A,,A,,A,,A,,R,21
114789,2011,R,1537.0,R,5141.0,R,30.0,R,2104.0,Z,0.0,R,2104.0,R,1369.0,R,65.0,R,1848.0,Z,0.0,R,1848.0,R,780.0,R,42.0,R,24
114813,2011,R,234.0,R,891.0,R,26.0,R,231.0,R,0.0,R,231.0,R,169.0,R,73.0,R,5.0,R,0.0,R,5.0,R,3.0,R,60.0,R,16
114859,2011,R,844.0,R,4687.0,R,18.0,R,1771.0,Z,0.0,R,1771.0,R,1258.0,R,71.0,R,2149.0,Z,0.0,R,2149.0,R,1097.0,R,51.0,R,23
114895,2011,A,,A,,A,,A,,A,,A,,A,,A,,A,,A,,A,,A,,A,,R,24
114938,2011,R,447.0,R,2547.0,R,18.0,R,490.0,Z,0.0,R,490.0,R,340.0,R,69.0,R,1035.0,Z,0.0,R,1035.0,R,177.0,R,17.0,R,27
114947,2011,A,,A,,A,,A,,A,,A,,A,,A,,A,,A,,A,,A,,A,,R,89
115001,2011,R,970.0,R,3486.0,R,28.0,R,925.0,R,0.0,R,925.0,R,451.0,R,49.0,R,1024.0,R,0.0,R,1024.0,R,465.0,R,45.0,R,28
115010,2011,A,,A,,A,,R,234.0,R,0.0,R,234.0,R,184.0,R,79.0,A,,A,,A,,A,,A,,R,30
115083,2011,A,,A,,A,,A,,A,,A,,A,,A,,A,,A,,A,,A,,A,,R,15
115126,2011,R,1192.0,R,4455.0,R,27.0,R,1290.0,Z,0.0,R,1290.0,R,879.0,R,68.0,R,1109.0,Z,0.0,R,1109.0,R,522.0,R,47.0,R,37
115296,2011,R,1444.0,R,6013.0,R,24.0,R,1715.0,Z,0.0,R,1715.0,R,1101.0,R,64.0,R,1862.0,Z,0.0,R,1862.0,R,923.0,R,50.0,R,30
115357,2011,A,,A,,A,,R,15.0,R,0.0,R,15.0,R,11.0,R,73.0,R,0.0,R,0.0,R,0.0,R,0.0,A,,R,24
115393,2011,R,793.0,R,2348.0,R,34.0,R,669.0,Z,0.0,R,669.0,R,461.0,R,69.0,R,742.0,Z,0.0,R,742.0,R,175.0,R,24.0,R,33
115409,2011,R,195.0,R,203.0,R,96.0,R,195.0,R,0.0,R,195.0,R,188.0,R,96.0,A,,A,,A,,A,,A,,R,8
115454,2011,R,109.0,R,275.0,R,40.0,R,177.0,R,0.0,R,177.0,R,85.0,R,48.0,R,203.0,R,0.0,R,203.0,R,122.0,R,60.0,R,24
115472,2011,R,215.0,R,431.0,R,50.0,R,333.0,R,0.0,R,333.0,R,178.0,R,53.0,R,287.0,R,0.0,R,287.0,R,155.0,R,54.0,R,33
115490,2011,R,95.0,R,315.0,R,30.0,R,164.0,R,0.0,R,164.0,R,106.0,R,65.0,R,207.0,R,0.0,R,207.0,R,110.0,R,53.0,R,37
115515,2011,R,59.0,R,246.0,R,24.0,R,162.0,R,0.0,R,162.0,R,86.0,R,53.0,R,229.0,R,0.0,R,229.0,R,124.0,R,54.0,R,25
115533,2011,R,174.0,R,342.0,R,51.0,R,199.0,R,1.0,R,198.0,R,127.0,R,64.0,R,230.0,R,0.0,R,230.0,R,116.0,R,50.0,R,29
115658,2011,A,,A,,A,,R,13.0,Z,0.0,R,13.0,R,7.0,R,54.0,R,9.0,Z,0.0,R,9.0,R,7.0,R,78.0,R,15
115728,2011,R,124.0,R,273.0,R,45.0,R,112.0,R,0.0,R,112.0,R,78.0,R,70.0,R,1.0,R,0.0,R,1.0,R,0.0,R,0.0,R,14
115755,2011,R,1245.0,R,2278.0,R,55.0,R,1282.0,Z,0.0,R,1282.0,R,945.0,R,74.0,R,28.0,Z,0.0,R,28.0,R,12.0,R,43.0,R,23
115773,2011,R,75.0,R,289.0,R,26.0,R,76.0,R,1.0,R,75.0,R,50.0,R,67.0,R,32.0,R,1.0,R,31.0,R,20.0,R,65.0,R,23
115861,2011,R,777.0,R,1615.0,R,48.0,R,991.0,Z,0.0,R,991.0,R,741.0,R,75.0,R,521.0,Z,0.0,R,521.0,R,283.0,R,54.0,R,29
115931,2011,A,,A,,A,,R,133.0,R,0.0,R,133.0,R,111.0,R,83.0,A,,A,,A,,A,,A,,R,40
116040,2011,A,,A,,A,,R,27.0,R,0.0,R,27.0,R,7.0,R,26.0,A,,A,,A,,A,,A,,R,12
116226,2011,A,,A,,A,,A,,A,,A,,A,,A,,R,0.0,R,0.0,R,0.0,R,0.0,A,,R,21
116350,2011,A,,A,,A,,R,78.0,R,0.0,R,78.0,R,59.0,R,76.0,A,,A,,A,,A,,A,,R,12
116439,2011,R,1133.0,R,4843.0,R,23.0,R,1087.0,Z,0.0,R,1087.0,R,816.0,R,75.0,R,1120.0,Z,0.0,R,1120.0,R,471.0,R,42.0,R,34
116466,2011,R,150.0,R,204.0,R,74.0,R,2.0,R,0.0,R,2.0,R,2.0,R,100.0,R,2.0,R,0.0,R,2.0,R,1.0,R,50.0,R,30
116475,2011,R,45.0,R,56.0,R,80.0,R,2.0,R,0.0,R,2.0,R,1.0,R,50.0,R,0.0,R,0.0,R,0.0,R,0.0,A,,R,26
116484,2011,R,69.0,R,107.0,R,64.0,R,0.0,R,0.0,R,0.0,R,0.0,A,,R,0.0,R,0.0,R,0.0,R,0.0,A,,R,29
116563,2011,A,,A,,A,,R,45.0,R,0.0,R,45.0,R,38.0,R,84.0,A,,A,,A,,A,,A,,R,12
116712,2011,A,,A,,A,,A,,A,,A,,A,,A,,A,,A,,A,,A,,A,,R,9
116846,2011,R,8.0,R,37.0,R,22.0,R,20.0,R,0.0,R,20.0,R,13.0,R,65.0,R,0.0,R,0.0,R,0.0,R,0.0,A,,R,4
117052,2011,R,1627.0,R,4691.0,R,35.0,R,1860.0,Z,0.0,R,1860.0,R,1187.0,R,64.0,R,1122.0,Z,0.0,R,1122.0,R,492.0,R,44.0,R,27
117104,2011,R,81.0,R,261.0,R,31.0,R,38.0,R,0.0,R,38.0,R,26.0,R,68.0,R,3.0,Z,0.0,R,3.0,R,1.0,R,33.0,R,21
117113,2011,R,245.0,R,596.0,R,41.0,R,167.0,R,0.0,R,167.0,R,108.0,R,65.0,R,37.0,R,0.0,R,37.0,R,19.0,R,51.0,R,21
117140,2011,R,508.0,R,1247.0,R,41.0,R,536.0,R,5.0,R,531.0,R,458.0,R,86.0,R,2.0,R,0.0,R,2.0,R,0.0,R,0.0,R,17
117168,2011,R,62.0,R,127.0,R,49.0,R,57.0,R,0.0,R,57.0,R,38.0,R,67.0,R,1.0,R,0.0,R,1.0,R,1.0,R,100.0,R,11
117195,2011,R,194.0,R,760.0,R,26.0,R,186.0,Z,0.0,R,186.0,R,97.0,R,52.0,R,267.0,Z,0.0,R,267.0,R,71.0,R,27.0,R,18
117238,2011,A,,A,,A,,R,62.0,R,0.0,R,62.0,R,53.0,R,85.0,A,,A,,A,,A,,A,,R,21
117247,2011,R,338.0,R,3741.0,R,9.0,R,330.0,Z,0.0,R,330.0,R,195.0,R,59.0,R,1343.0,Z,0.0,R,1343.0,R,408.0,R,30.0,R,28
117274,2011,R,176.0,R,1027.0,R,17.0,R,193.0,Z,0.0,R,193.0,R,85.0,R,44.0,R,756.0,Z,0.0,R,756.0,R,116.0,R,15.0,R,23
117557,2011,R,15.0,R,32.0,R,47.0,R,9.0,R,0.0,R,9.0,R,7.0,R,78.0,R,0.0,R,0.0,R,0.0,R,0.0,A,,R,36
117575,2011,R,1.0,R,18.0,R,6.0,R,4.0,R,0.0,R,4.0,R,3.0,R,75.0,R,4.0,R,0.0,R,4.0,R,2.0,R,50.0,R,5
117627,2011,R,432.0,R,732.0,R,59.0,R,330.0,R,0.0,R,330.0,R,247.0,R,75.0,R,15.0,R,0.0,R,15.0,R,2.0,R,13.0,R,20
117636,2011,A,,A,,A,,A,,A,,A,,A,,A,,A,,A,,A,,A,,A,,R,3
117645,2011,R,1782.0,R,7077.0,R,25.0,R,1897.0,Z,0.0,R,1897.0,R,1156.0,R,61.0,R,2748.0,Z,0.0,R,2748.0,R,1079.0,R,39.0,R,29
117672,2011,A,,A,,A,,A,,A,,A,,A,,A,,A,,A,,A,,A,,A,,R,9
117690,2011,R,589.0,R,3348.0,R,18.0,R,658.0,Z,0.0,R,658.0,R,462.0,R,70.0,R,901.0,Z,0.0,R,901.0,R,358.0,R,40.0,R,39
117706,2011,R,878.0,R,5599.0,R,16.0,R,1182.0,Z,0.0,R,1182.0,R,880.0,R,74.0,R,2174.0,Z,0.0,R,2174.0,R,1124.0,R,52.0,R,42
117715,2011,R,155.0,R,2286.0,R,7.0,R,260.0,Z,0.0,R,260.0,R,127.0,R,49.0,R,487.0,Z,0.0,R,487.0,R,166.0,R,34.0,R,34
117724,2011,R,506.0,R,4850.0,R,10.0,R,665.0,Z,0.0,R,665.0,R,401.0,R,60.0,R,1649.0,Z,0.0,R,1649.0,R,514.0,R,31.0,R,41
117733,2011,R,751.0,R,5047.0,R,15.0,R,996.0,Z,0.0,R,996.0,R,681.0,R,68.0,R,1751.0,Z,0.0,R,1751.0,R,689.0,R,39.0,R,44
117751,2011,R,229.0,R,382.0,R,60.0,R,210.0,R,0.0,R,210.0,R,177.0,R,84.0,R,1.0,R,0.0,R,1.0,R,0.0,R,0.0,R,9
117788,2011,R,765.0,R,7227.0,R,11.0,R,700.0,Z,0.0,R,700.0,R,469.0,R,67.0,R,1727.0,Z,0.0,R,1727.0,R,651.0,R,38.0,R,42
117803,2011,A,,A,,A,,A,,A,,A,,A,,A,,A,,A,,A,,A,,A,,R,2
117867,2011,R,464.0,R,2905.0,R,16.0,R,677.0,Z,0.0,R,677.0,R,444.0,R,66.0,R,950.0,Z,0.0,R,950.0,R,371.0,R,39.0,R,40
117894,2011,R,546.0,R,2139.0,R,26.0,R,602.0,Z,0.0,R,602.0,R,432.0,R,72.0,R,734.0,Z,0.0,R,734.0,R,294.0,R,40.0,R,26
117928,2011,R,235.0,R,579.0,R,41.0,R,178.0,R,0.0,R,178.0,R,80.0,R,45.0,R,79.0,R,0.0,R,79.0,R,21.0,R,27.0,R,17
117946,2011,R,1288.0,R,1675.0,R,77.0,R,1378.0,R,0.0,R,1378.0,R,1267.0,R,92.0,R,0.0,R,0.0,R,0.0,R,0.0,A,,R,11
117955,2011,A,,A,,A,,R,48.0,R,0.0,R,48.0,R,35.0,R,73.0,A,,A,,A,,A,,A,,R,15
118116,2011,A,,A,,A,,R,21.0,Z,0.0,R,21.0,R,16.0,R,76.0,R,88.0,Z,0.0,R,88.0,R,51.0,R,58.0,R,21
118125,2011,A,,A,,A,,R,34.0,Z,0.0,R,34.0,R,24.0,R,71.0,R,34.0,Z,0.0,R,34.0,R,24.0,R,71.0,R,25
118134,2011,A,,A,,A,,R,21.0,R,0.0,R,21.0,R,16.0,R,76.0,R,8.0,R,0.0,R,8.0,R,7.0,R,88.0,R,17
118143,2011,A,,A,,A,,R,18.0,R,0.0,R,18.0,R,15.0,R,83.0,R,2.0,R,0.0,R,2.0,R,1.0,R,50.0,R,12
118161,2011,A,,A,,A,,R,34.0,R,0.0,R,34.0,R,29.0,R,85.0,A,,A,,A,,A,,A,,R,7
118189,2011,A,,A,,A,,R,175.0,R,0.0,R,175.0,R,150.0,R,86.0,A,,A,,A,,A,,A,,R,15
118198,2011,A,,A,,A,,R,221.0,R,0.0,R,221.0,R,130.0,R,59.0,R,4.0,R,0.0,R,4.0,R,1.0,R,25.0,R,17
118259,2011,A,,A,,A,,R,115.0,R,0.0,R,115.0,R,94.0,R,82.0,A,,A,,A,,A,,A,,R,22
118277,2011,A,,A,,A,,R,137.0,R,0.0,R,137.0,R,120.0,R,88.0,A,,A,,A,,A,,A,,R,20
118286,2011,A,,A,,A,,R,258.0,Z,0.0,R,258.0,R,226.0,R,88.0,A,,A,,A,,A,,A,,R,37
118347,2011,R,261.0,R,1861.0,R,14.0,R,306.0,Z,0.0,R,306.0,R,198.0,R,65.0,R,872.0,Z,0.0,R,872.0,R,284.0,R,33.0,R,21
118356,2011,A,,A,,A,,R,524.0,R,2.0,R,522.0,R,326.0,R,62.0,R,159.0,R,0.0,R,159.0,R,95.0,R,60.0,R,19
118541,2011,R,347.0,R,431.0,R,81.0,R,301.0,Z,0.0,R,301.0,R,263.0,R,87.0,R,0.0,R,0.0,R,0.0,R,0.0,A,,R,15
118684,2011,R,211.0,R,793.0,R,27.0,R,179.0,Z,0.0,R,179.0,R,114.0,R,64.0,R,262.0,Z,0.0,R,262.0,R,70.0,R,27.0,R,17
118693,2011,R,142.0,R,244.0,R,58.0,R,153.0,R,0.0,R,153.0,R,113.0,R,74.0,A,,A,,A,,A,,A,,R,15
118718,2011,R,1094.0,R,2672.0,R,41.0,R,1265.0,Z,0.0,R,1265.0,R,877.0,R,69.0,R,745.0,Z,0.0,R,745.0,R,281.0,R,38.0,R,28
118772,2011,R,169.0,R,2027.0,R,8.0,R,211.0,Z,0.0,R,211.0,R,113.0,R,54.0,R,682.0,Z,0.0,R,682.0,R,169.0,R,25.0,R,26
118888,2011,R,168.0,R,290.0,R,58.0,R,197.0,R,0.0,R,197.0,R,154.0,R,78.0,R,1.0,R,0.0,R,1.0,R,0.0,R,0.0,R,11
118912,2011,R,1252.0,R,4514.0,R,28.0,R,1345.0,R,0.0,R,1345.0,R,880.0,R,65.0,R,1249.0,R,0.0,R,1249.0,R,490.0,R,39.0,R,24
118921,2011,A,,A,,A,,R,60.0,R,0.0,R,60.0,R,36.0,R,60.0,R,63.0,R,0.0,R,63.0,R,38.0,R,60.0,R,11
118930,2011,R,451.0,R,2848.0,R,16.0,R,444.0,Z,0.0,R,444.0,R,307.0,R,69.0,R,625.0,Z,0.0,R,625.0,R,222.0,R,36.0,R,24
118958,2011,A,,A,,A,,R,30.0,R,0.0,R,30.0,R,17.0,R,57.0,A,,A,,A,,A,,A,,R,15
118967,2011,A,,A,,A,,R,191.0,R,0.0,R,191.0,R,173.0,R,91.0,A,,A,,A,,A,,A,,R,39
118976,2011,R,1259.0,R,4117.0,R,31.0,R,1398.0,Z,0.0,R,1398.0,R,988.0,R,71.0,R,1788.0,Z,0.0,R,1788.0,R,981.0,R,55.0,R,32
118994,2011,A,,A,,A,,R,7.0,R,0.0,R,7.0,R,7.0,R,100.0,A,,A,,A,,A,,A,,R,17
119058,2011,A,,A,,A,,A,,A,,A,,A,,A,,A,,A,,A,,A,,A,,R,1
119067,2011,R,528.0,R,2678.0,R,20.0,R,546.0,Z,0.0,R,546.0,R,350.0,R,64.0,R,953.0,Z,0.0,R,953.0,R,272.0,R,29.0,R,26
119137,2011,R,1748.0,R,4588.0,R,38.0,R,1710.0,Z,0.0,R,1710.0,R,1325.0,R,77.0,R,1115.0,Z,0.0,R,1115.0,R,535.0,R,48.0,R,37
119164,2011,R,2144.0,R,7037.0,R,30.0,R,2609.0,Z,0.0,R,2609.0,R,2057.0,R,79.0,R,2223.0,Z,0.0,R,2223.0,R,1294.0,R,58.0,R,27
119173,2011,R,383.0,R,636.0,R,60.0,R,286.0,R,0.0,R,286.0,R,238.0,R,83.0,R,4.0,R,0.0,R,4.0,R,1.0,R,25.0,R,13
119216,2011,R,729.0,R,3827.0,R,19.0,R,865.0,Z,0.0,R,865.0,R,588.0,R,68.0,R,1596.0,Z,0.0,R,1596.0,R,834.0,R,52.0,R,18
119234,2011,A,,A,,A,,R,24.0,R,0.0,R,24.0,R,21.0,R,88.0,R,125.0,R,2.0,R,123.0,R,84.0,R,68.0,R,24
119270,2011,R,562.0,R,574.0,R,98.0,R,20.0,R,0.0,R,20.0,R,14.0,R,70.0,R,0.0,R,0.0,R,0.0,R,0.0,A,,R,7
119331,2011,R,518.0,R,1773.0,R,29.0,R,503.0,Z,0.0,R,503.0,R,389.0,R,77.0,R,570.0,Z,0.0,R,570.0,R,267.0,R,47.0,R,24
119340,2011,A,,A,,A,,R,120.0,R,0.0,R,120.0,R,85.0,R,71.0,A,,A,,A,,A,,A,,R,28
119359,2011,A,,A,,A,,R,205.0,R,0.0,R,205.0,R,168.0,R,82.0,R,0.0,R,0.0,R,0.0,R,0.0,A,,R,24
119368,2011,A,,A,,A,,R,84.0,Z,0.0,R,84.0,R,60.0,R,71.0,R,1.0,R,0.0,R,1.0,R,0.0,R,0.0,R,30
119438,2011,A,,A,,A,,R,131.0,R,0.0,R,131.0,R,104.0,R,79.0,A,,A,,A,,A,,A,,R,24
119456,2011,A,,A,,A,,R,234.0,R,0.0,R,234.0,R,171.0,R,73.0,A,,A,,A,,A,,A,,R,30
119465,2011,A,,A,,A,,R,170.0,R,0.0,R,170.0,R,116.0,R,68.0,A,,A,,A,,A,,A,,R,30
119508,2011,A,,A,,A,,R,186.0,R,1.0,R,185.0,R,132.0,R,71.0,R,4.0,R,0.0,R,4.0,R,1.0,R,25.0,R,30
119544,2011,R,70.0,R,164.0,R,43.0,R,48.0,R,0.0,R,48.0,R,32.0,R,67.0,R,3.0,R,0.0,R,3.0,R,1.0,R,33.0,R,11
119553,2011,A,,A,,A,,R,58.0,R,0.0,R,58.0,R,49.0,R,84.0,A,,A,,A,,A,,A,,R,17
119605,2011,A,,A,,A,,R,205.0,R,0.0,R,205.0,R,156.0,R,76.0,R,415.0,R,0.0,R,415.0,R,119.0,R,29.0,R,9
119775,2011,R,18.0,R,89.0,R,20.0,R,19.0,R,0.0,R,19.0,R,10.0,R,53.0,R,1.0,R,0.0,R,1.0,R,1.0,R,100.0,R,12
119845,2011,A,,A,,A,,R,32.0,Z,0.0,R,32.0,R,25.0,R,78.0,R,16.0,Z,0.0,R,16.0,R,10.0,R,63.0,R,15
119951,2011,A,,A,,A,,R,41.0,R,0.0,R,41.0,R,33.0,R,80.0,A,,A,,A,,A,,A,,R,20
120069,2011,A,,A,,A,,R,33.0,R,0.0,R,33.0,R,24.0,R,73.0,A,,A,,A,,A,,A,,R,24
120078,2011,A,,A,,A,,R,65.0,R,0.0,R,65.0,R,52.0,R,80.0,A,,A,,A,,A,,A,,R,30
120087,2011,A,,A,,A,,R,20.0,R,0.0,R,20.0,R,15.0,R,75.0,A,,A,,A,,A,,A,,R,20
120166,2011,R,65.0,R,66.0,R,98.0,R,54.0,R,9.0,R,45.0,R,28.0,R,62.0,R,2.0,R,0.0,R,2.0,R,1.0,R,50.0,R,22
120184,2011,R,176.0,R,371.0,R,47.0,R,145.0,R,0.0,R,145.0,R,111.0,R,77.0,R,1.0,R,0.0,R,1.0,R,0.0,R,0.0,R,13
120254,2011,R,537.0,R,594.0,R,90.0,R,573.0,R,0.0,R,573.0,R,518.0,R,90.0,A,,A,,A,,A,,A,,R,10
120272,2011,A,,A,,A,,R,20.0,R,0.0,R,20.0,R,16.0,R,80.0,A,,A,,A,,A,,A,,R,12
120290,2011,R,656.0,R,2910.0,R,23.0,R,727.0,Z,0.0,R,727.0,R,558.0,R,77.0,R,955.0,Z,0.0,R,955.0,R,285.0,R,30.0,R,28
120342,2011,R,2001.0,R,6210.0,R,32.0,R,2181.0,Z,0.0,R,2181.0,R,1687.0,R,77.0,R,1988.0,Z,0.0,R,1988.0,R,1054.0,R,53.0,R,35
120403,2011,R,185.0,R,328.0,R,56.0,R,167.0,R,0.0,R,167.0,R,131.0,R,78.0,A,,A,,A,,A,,A,,R,7
120421,2011,R,423.0,R,2045.0,R,21.0,R,469.0,Z,0.0,R,469.0,R,337.0,R,72.0,R,555.0,Z,0.0,R,555.0,R,214.0,R,39.0,R,35
120537,2011,R,111.0,R,368.0,R,30.0,R,83.0,R,0.0,R,83.0,R,56.0,R,67.0,R,8.0,R,0.0,R,8.0,R,4.0,R,50.0,R,14
120661,2011,A,,A,,A,,R,255.0,R,0.0,R,255.0,R,183.0,R,72.0,A,,A,,A,,A,,A,,R,19
120698,2011,A,,A,,A,,A,,A,,A,,A,,A,,A,,A,,A,,A,,A,,R,18
120768,2011,A,,A,,A,,A,,A,,A,,A,,A,,A,,A,,A,,A,,A,,R,10
120838,2011,R,1.0,R,3.0,R,33.0,R,2.0,R,0.0,R,2.0,R,2.0,R,100.0,A,,A,,A,,A,,A,,R,15
120865,2011,R,363.0,R,521.0,R,70.0,R,268.0,R,0.0,R,268.0,R,200.0,R,75.0,R,1.0,Z,0.0,R,1.0,R,1.0,R,100.0,R,14
120883,2011,R,924.0,R,1160.0,R,80.0,R,865.0,R,0.0,R,865.0,R,732.0,R,85.0,R,1.0,R,0.0,R,1.0,R,0.0,R,0.0,R,13
120953,2011,R,82.0,R,1016.0,R,8.0,R,82.0,Z,0.0,R,82.0,R,42.0,R,51.0,R,464.0,Z,0.0,R,464.0,R,83.0,R,18.0,R,33
120971,2011,R,2218.0,R,7108.0,R,31.0,R,2151.0,Z,0.0,R,2151.0,R,1429.0,R,66.0,R,2226.0,Z,0.0,R,2226.0,R,940.0,R,42.0,R,29
121008,2011,A,,A,,A,,R,55.0,R,0.0,R,55.0,R,44.0,R,80.0,R,1.0,R,0.0,R,1.0,R,1.0,R,100.0,R,25
121017,2011,A,,A,,A,,R,23.0,R,0.0,R,23.0,R,23.0,R,100.0,R,91.0,R,0.0,R,91.0,R,67.0,R,74.0,R,25
121044,2011,R,1870.0,R,6627.0,R,28.0,R,2042.0,Z,0.0,R,2042.0,R,1607.0,R,79.0,R,2906.0,Z,0.0,R,2906.0,R,1698.0,R,58.0,R,27
121071,2011,R,36.0,R,304.0,R,12.0,R,25.0,R,0.0,R,25.0,R,5.0,R,20.0,R,19.0,R,0.0,R,19.0,R,0.0,R,0.0,R,17
121150,2011,R,688.0,R,807.0,R,85.0,R,635.0,R,0.0,R,635.0,R,589.0,R,93.0,R,1.0,R,0.0,R,1.0,R,1.0,R,100.0,R,13
121257,2011,R,278.0,R,291.0,R,96.0,R,274.0,R,0.0,R,274.0,R,255.0,R,93.0,A,,A,,A,,A,,A,,R,12
121275,2011,A,,A,,A,,R,0.0,R,0.0,R,0.0,R,0.0,A,,A,,A,,A,,A,,A,,R,26
121309,2011,R,531.0,R,686.0,R,77.0,R,588.0,R,0.0,R,588.0,R,477.0,R,81.0,R,1.0,R,0.0,R,1.0,R,1.0,R,100.0,R,13
121345,2011,R,394.0,R,426.0,R,92.0,R,401.0,R,0.0,R,401.0,R,395.0,R,99.0,A,,A,,A,,A,,A,,R,8
121363,2011,R,358.0,R,1240.0,R,29.0,R,418.0,Z,0.0,R,418.0,R,291.0,R,70.0,R,265.0,Z,0.0,R,265.0,R,116.0,R,44.0,R,31
121381,2011,R,66.0,R,105.0,R,63.0,R,87.0,R,1.0,R,86.0,R,48.0,R,56.0,R,4.0,R,0.0,R,4.0,R,1.0,R,25.0,R,17
121433,2011,A,,A,,A,,R,56.0,Z,0.0,R,56.0,R,30.0,R,54.0,A,,A,,A,,A,,A,,R,20
121619,2011,R,1198.0,R,6699.0,R,18.0,R,1265.0,Z,0.0,R,1265.0,R,879.0,R,69.0,R,2497.0,Z,0.0,R,2497.0,R,788.0,R,32.0,R,43
121637,2011,A,,A,,A,,R,30.0,R,0.0,R,30.0,R,22.0,R,73.0,A,,A,,A,,A,,A,,R,10
121691,2011,R,644.0,R,931.0,R,69.0,R,646.0,R,0.0,R,646.0,R,564.0,R,87.0,A,,A,,A,,A,,A,,R,15
121707,2011,R,460.0,R,1559.0,R,30.0,R,582.0,Z,0.0,R,582.0,R,300.0,R,52.0,R,487.0,Z,0.0,R,487.0,R,177.0,R,36.0,R,25
121859,2011,A,,A,,A,,R,54.0,R,0.0,R,54.0,R,39.0,R,72.0,R,0.0,R,0.0,R,0.0,R,0.0,A,,R,24
121868,2011,A,,A,,A,,R,27.0,R,0.0,R,27.0,R,23.0,R,85.0,A,,A,,A,,A,,A,,R,20
121877,2011,A,,A,,A,,R,23.0,R,0.0,R,23.0,R,15.0,R,65.0,R,14.0,R,0.0,R,14.0,R,13.0,R,93.0,R,20
121886,2011,R,1101.0,R,5290.0,R,21.0,R,981.0,Z,0.0,R,981.0,R,716.0,R,73.0,R,1869.0,Z,0.0,R,1869.0,R,725.0,R,39.0,R,34
121901,2011,R,724.0,R,4458.0,R,16.0,R,1018.0,Z,0.0,R,1018.0,R,680.0,R,67.0,R,2202.0,Z,0.0,R,2202.0,R,1072.0,R,49.0,R,26
121983,2011,R,16.0,R,81.0,R,20.0,R,6.0,R,0.0,R,6.0,R,0.0,R,0.0,R,10.0,R,0.0,R,10.0,R,1.0,R,10.0,R,15
121992,2011,A,,A,,A,,R,145.0,Z,0.0,R,145.0,R,127.0,R,88.0,R,26.0,Z,0.0,R,26.0,R,24.0,R,92.0,R,30
122117,2011,A,,A,,A,,A,,A,,A,,A,,A,,A,,A,,A,,A,,A,,R,30
122180,2011,R,1022.0,R,7766.0,R,13.0,R,1055.0,Z,0.0,R,1055.0,R,706.0,R,67.0,R,3066.0,Z,0.0,R,3066.0,R,786.0,R,26.0,R,29
122205,2011,R,1856.0,R,6850.0,R,27.0,R,1728.0,Z,0.0,R,1728.0,R,1307.0,R,76.0,R,2059.0,Z,0.0,R,2059.0,R,889.0,R,43.0,R,31
122296,2011,A,,A,,A,,A,,A,,A,,A,,A,,A,,A,,A,,A,,A,,R,9
122339,2011,R,848.0,R,6164.0,R,14.0,R,907.0,Z,0.0,R,907.0,R,541.0,R,60.0,R,1745.0,Z,0.0,R,1745.0,R,630.0,R,36.0,R,26
122366,2011,R,65.0,R,109.0,R,60.0,R,59.0,R,0.0,R,59.0,R,47.0,R,80.0,R,2.0,R,0.0,R,2.0,R,0.0,R,0.0,R,24
122375,2011,R,1457.0,R,9459.0,R,15.0,R,1404.0,Z,0.0,R,1404.0,R,872.0,R,62.0,R,2824.0,Z,0.0,R,2824.0,R,859.0,R,30.0,R,31
122384,2011,R,598.0,R,4459.0,R,13.0,R,524.0,Z,0.0,R,524.0,R,364.0,R,69.0,R,1139.0,Z,0.0,R,1139.0,R,376.0,R,33.0,R,30
122409,2011,R,3580.0,R,6259.0,R,57.0,R,2995.0,Z,0.0,R,2995.0,R,2666.0,R,89.0,R,307.0,Z,0.0,R,307.0,R,249.0,R,81.0,R,27
122436,2011,R,1142.0,R,1477.0,R,77.0,R,1149.0,R,0.0,R,1149.0,R,1005.0,R,87.0,R,1.0,R,0.0,R,1.0,R,0.0,R,0.0,R,15
122454,2011,R,87.0,R,188.0,R,46.0,R,73.0,R,0.0,R,73.0,R,39.0,R,53.0,R,1.0,R,0.0,R,1.0,R,1.0,R,100.0,R,11
122506,2011,R,39.0,R,52.0,R,75.0,R,41.0,R,0.0,R,41.0,R,33.0,R,80.0,A,,A,,A,,A,,A,,R,7
122597,2011,R,3469.0,R,7317.0,R,47.0,R,3609.0,Z,0.0,R,3609.0,R,2933.0,R,81.0,R,49.0,Z,0.0,R,49.0,R,22.0,R,45.0,R,25
122612,2011,R,1190.0,R,1756.0,R,68.0,R,1172.0,R,0.0,R,1172.0,R,988.0,R,84.0,R,4.0,R,0.0,R,4.0,R,0.0,R,0.0,R,16
122658,2011,R,1703.0,R,4693.0,R,36.0,R,1551.0,Z,0.0,R,1551.0,R,1204.0,R,78.0,R,1399.0,Z,0.0,R,1399.0,R,714.0,R,51.0,R,40
122685,2011,A,,A,,A,,R,312.0,R,0.0,R,312.0,R,215.0,R,69.0,A,,A,,A,,A,,A,,R,14
122694,2011,A,,A,,A,,R,236.0,R,0.0,R,236.0,R,143.0,R,61.0,A,,A,,A,,A,,A,,R,17
122728,2011,R,119.0,R,334.0,R,36.0,R,116.0,R,0.0,R,116.0,R,91.0,R,78.0,R,1.0,R,0.0,R,1.0,R,0.0,R,0.0,R,13
122746,2011,R,520.0,R,2941.0,R,18.0,R,551.0,Z,0.0,R,551.0,R,325.0,R,59.0,R,820.0,Z,0.0,R,820.0,R,233.0,R,28.0,R,27
122755,2011,R,3857.0,R,7090.0,R,54.0,R,2697.0,Z,0.0,R,2697.0,R,2357.0,R,87.0,R,64.0,Z,0.0,R,64.0,R,49.0,R,77.0,R,25
122791,2011,R,663.0,R,3091.0,R,21.0,R,692.0,Z,0.0,R,692.0,R,506.0,R,73.0,R,922.0,Z,0.0,R,922.0,R,322.0,R,35.0,R,26
122834,2011,R,56.0,R,109.0,R,51.0,R,0.0,Z,0.0,R,0.0,Z,0.0,A,,A,,A,,A,,A,,A,,R,20
122843,2011,R,160.0,R,440.0,R,36.0,R,377.0,R,2.0,R,375.0,R,109.0,R,29.0,R,30.0,R,0.0,R,30.0,R,8.0,R,27.0,R,16
122852,2011,R,31.0,R,51.0,R,61.0,R,0.0,R,0.0,R,0.0,R,0.0,A,,A,,A,,A,,A,,A,,R,17
122889,2011,R,2267.0,R,6059.0,R,37.0,R,1720.0,Z,0.0,R,1720.0,R,1068.0,R,62.0,R,1202.0,Z,0.0,R,1202.0,R,508.0,R,42.0,R,32
122931,2011,R,1281.0,R,1533.0,R,84.0,R,1296.0,R,0.0,R,1296.0,R,1221.0,R,94.0,R,0.0,Z,0.0,R,0.0,Z,0.0,A,,R,13
122977,2011,R,3227.0,R,9055.0,R,36.0,R,3121.0,Z,0.0,R,3121.0,R,2273.0,R,73.0,R,2385.0,Z,0.0,R,2385.0,R,1197.0,R,50.0,R,32
123013,2011,R,1525.0,R,5044.0,R,30.0,R,1592.0,Z,0.0,R,1592.0,R,1172.0,R,74.0,R,1701.0,Z,0.0,R,1701.0,R,771.0,R,45.0,R,25
123165,2011,R,257.0,R,267.0,R,96.0,R,262.0,R,0.0,R,262.0,R,235.0,R,90.0,R,1.0,Z,0.0,R,1.0,R,1.0,R,100.0,R,10
123208,2011,A,,A,,A,,R,445.0,Z,0.0,R,445.0,R,303.0,R,68.0,A,,A,,A,,A,,A,,R,19
123217,2011,R,1299.0,R,2934.0,R,44.0,R,1465.0,Z,0.0,R,1465.0,R,986.0,R,67.0,R,820.0,Z,0.0,R,820.0,R,323.0,R,39.0,R,32
123280,2011,R,12.0,R,15.0,R,80.0,R,11.0,R,0.0,R,11.0,R,8.0,R,73.0,R,0.0,R,0.0,R,0.0,R,0.0,A,,R,5
123299,2011,R,859.0,R,2132.0,R,40.0,R,830.0,Z,0.0,R,830.0,R,510.0,R,61.0,R,610.0,Z,0.0,R,610.0,R,211.0,R,35.0,R,30
123341,2011,R,1851.0,R,4730.0,R,39.0,R,1899.0,Z,0.0,R,1899.0,R,1361.0,R,72.0,R,1704.0,Z,0.0,R,1704.0,R,801.0,R,47.0,R,27
123350,2011,A,,A,,A,,R,20.0,R,0.0,R,20.0,R,15.0,R,75.0,A,,A,,A,,A,,A,,R,13
123396,2011,A,,A,,A,,R,28.0,R,0.0,R,28.0,R,24.0,R,86.0,A,,A,,A,,A,,A,,R,16
123457,2011,R,138.0,R,357.0,R,39.0,R,158.0,R,0.0,R,158.0,R,99.0,R,63.0,R,0.0,Z,0.0,R,0.0,Z,0.0,A,,R,15
123484,2011,R,265.0,R,714.0,R,37.0,R,264.0,Z,0.0,R,264.0,R,154.0,R,58.0,R,146.0,Z,0.0,R,146.0,R,41.0,R,28.0,R,16
123493,2011,A,,A,,A,,R,382.0,R,1.0,R,381.0,R,282.0,R,74.0,R,158.0,R,0.0,R,158.0,R,62.0,R,39.0,R,27
123509,2011,R,453.0,R,2701.0,R,17.0,R,412.0,Z,0.0,R,412.0,R,329.0,R,80.0,R,593.0,Z,0.0,R,593.0,R,235.0,R,40.0,R,28
123527,2011,R,813.0,R,3417.0,R,24.0,R,842.0,Z,0.0,R,842.0,R,531.0,R,63.0,R,1410.0,Z,0.0,R,1410.0,R,647.0,R,46.0,R,30
123554,2011,R,645.0,R,859.0,R,75.0,R,636.0,R,0.0,R,636.0,R,552.0,R,87.0,A,,A,,A,,A,,A,,R,12
123563,2011,R,818.0,R,2719.0,R,30.0,R,854.0,Z,0.0,R,854.0,R,607.0,R,71.0,R,908.0,Z,0.0,R,908.0,R,391.0,R,43.0,R,28
123572,2011,R,1779.0,R,2552.0,R,70.0,R,1547.0,Z,0.0,R,1547.0,R,1242.0,R,80.0,R,27.0,Z,0.0,R,27.0,R,15.0,R,56.0,R,24
123581,2011,A,,A,,A,,R,43.0,R,0.0,R,43.0,R,35.0,R,81.0,A,,A,,A,,A,,A,,R,21
123633,2011,A,,A,,A,,A,,A,,A,,A,,A,,A,,A,,A,,A,,A,,R,14
123642,2011,A,,A,,A,,R,52.0,R,0.0,R,52.0,R,42.0,R,81.0,R,16.0,R,0.0,R,16.0,R,11.0,R,69.0,R,25
123651,2011,R,397.0,R,696.0,R,57.0,R,334.0,R,0.0,R,334.0,R,250.0,R,75.0,R,2.0,R,0.0,R,2.0,R,1.0,R,50.0,R,17
123679,2011,A,,A,,A,,R,242.0,R,0.0,R,242.0,R,200.0,R,83.0,A,,A,,A,,A,,A,,R,20
123800,2011,R,1553.0,R,5885.0,R,26.0,R,1441.0,Z,0.0,R,1441.0,R,1002.0,R,70.0,R,1631.0,Z,0.0,R,1631.0,R,694.0,R,43.0,R,26
123952,2011,R,32.0,R,32.0,R,100.0,R,17.0,R,0.0,R,17.0,R,15.0,R,88.0,A,,A,,A,,A,,A,,R,15
123961,2011,R,2929.0,R,4661.0,R,63.0,R,2971.0,R,0.0,R,2971.0,R,2878.0,R,97.0,R,0.0,R,0.0,R,0.0,R,0.0,A,,R,9
124113,2011,R,341.0,R,2131.0,R,16.0,R,418.0,Z,0.0,R,418.0,R,264.0,R,63.0,R,1524.0,Z,0.0,R,1524.0,R,93.0,R,6.0,R,35
124292,2011,R,92.0,R,102.0,R,90.0,R,87.0,R,0.0,R,87.0,R,78.0,R,90.0,A,,A,,A,,A,,A,,R,11
124344,2011,A,,A,,A,,R,24.0,R,0.0,R,24.0,R,19.0,R,79.0,R,11.0,R,0.0,R,11.0,R,10.0,R,91.0,R,14
124487,2011,R,7.0,R,25.0,R,28.0,R,8.0,R,0.0,R,8.0,R,4.0,R,50.0,R,12.0,R,0.0,R,12.0,R,7.0,R,58.0,R,12
124681,2011,A,,A,,A,,R,3492.0,R,0.0,R,3492.0,R,2607.0,R,75.0,A,,A,,A,,A,,A,,R,25
124706,2011,A,,A,,A,,R,266.0,R,0.0,R,266.0,R,194.0,R,73.0,A,,A,,A,,A,,A,,R,17
124779,2011,A,,A,,A,,R,26.0,R,0.0,R,26.0,R,21.0,R,81.0,R,0.0,R,0.0,R,0.0,R,0.0,A,,R,15
124937,2011,A,,A,,A,,R,234.0,R,0.0,R,234.0,R,187.0,R,80.0,A,,A,,A,,A,,A,,R,21
125028,2011,R,1184.0,R,3642.0,R,33.0,R,1006.0,Z,0.0,R,1006.0,R,690.0,R,69.0,R,907.0,Z,0.0,R,907.0,R,356.0,R,39.0,R,34
125082,2011,A,,A,,A,,R,47.0,Z,0.0,R,47.0,R,31.0,R,66.0,R,0.0,Z,0.0,R,0.0,Z,0.0,A,,R,25
125091,2011,R,960.0,R,3301.0,R,29.0,R,996.0,Z,0.0,R,996.0,R,663.0,R,67.0,R,1074.0,Z,0.0,R,1074.0,R,491.0,R,46.0,R,27
125170,2011,R,294.0,R,2648.0,R,11.0,R,283.0,Z,0.0,R,283.0,R,160.0,R,57.0,R,813.0,Z,0.0,R,813.0,R,234.0,R,29.0,R,32
125231,2011,R,1.0,R,2398.0,R,0.0,R,18.0,R,0.0,R,18.0,R,5.0,R,28.0,R,1091.0,R,0.0,R,1091.0,R,202.0,R,19.0,R,18
125301,2011,A,,A,,A,,R,603.0,R,0.0,R,603.0,R,542.0,R,90.0,R,372.0,R,6.0,R,366.0,R,348.0,R,95.0,R,20
125462,2011,R,269.0,R,984.0,R,27.0,R,267.0,Z,0.0,R,267.0,R,165.0,R,62.0,R,327.0,Z,0.0,R,327.0,R,78.0,R,24.0,R,27
125471,2011,R,511.0,R,3756.0,R,14.0,R,556.0,Z,0.0,R,556.0,R,340.0,R,61.0,R,928.0,Z,0.0,R,928.0,R,311.0,R,34.0,R,39
125499,2011,R,823.0,R,3162.0,R,26.0,R,903.0,Z,0.0,R,903.0,R,637.0,R,71.0,R,824.0,Z,0.0,R,824.0,R,307.0,R,37.0,R,26
125532,2011,A,,A,,A,,R,344.0,R,0.0,R,344.0,R,228.0,R,66.0,A,,A,,A,,A,,A,,R,23
125727,2011,R,331.0,R,406.0,R,82.0,R,385.0,R,0.0,R,385.0,R,330.0,R,86.0,R,0.0,R,0.0,R,0.0,R,0.0,A,,R,12
125763,2011,R,419.0,R,513.0,R,82.0,R,450.0,R,0.0,R,450.0,R,372.0,R,83.0,R,0.0,R,0.0,R,0.0,R,0.0,A,,R,13
125897,2011,R,119.0,R,393.0,R,30.0,R,102.0,R,0.0,R,102.0,R,72.0,R,71.0,R,0.0,R,0.0,R,0.0,R,0.0,A,,R,10
126076,2011,R,37.0,R,58.0,R,64.0,R,54.0,R,0.0,R,54.0,R,45.0,R,83.0,A,,A,,A,,A,,A,,R,23
126119,2011,R,659.0,R,2034.0,R,32.0,R,648.0,Z,0.0,R,648.0,R,410.0,R,63.0,R,506.0,Z,0.0,R,506.0,R,176.0,R,35.0,R,27
126164,2011,A,,A,,A,,R,12.0,R,0.0,R,12.0,R,7.0,R,58.0,A,,A,,A,,A,,A,,R,13
126182,2011,R,569.0,R,898.0,R,63.0,R,476.0,R,0.0,R,476.0,R,257.0,R,54.0,R,15.0,R,0.0,R,15.0,R,3.0,R,20.0,R,14
126207,2011,R,434.0,R,1803.0,R,24.0,R,399.0,R,0.0,R,399.0,R,236.0,R,59.0,R,372.0,R,0.0,R,372.0,R,153.0,R,41.0,R,17
126289,2011,R,466.0,R,3017.0,R,15.0,R,452.0,R,0.0,R,452.0,R,228.0,R,50.0,R,619.0,R,0.0,R,619.0,R,248.0,R,40.0,R,23
126359,2011,R,174.0,R,174.0,R,100.0,R,176.0,R,0.0,R,176.0,R,121.0,R,69.0,A,,A,,A,,A,,A,,R,33
126401,2011,A,,A,,A,,R,166.0,R,1.0,R,165.0,R,88.0,R,53.0,R,15.0,R,0.0,R,15.0,R,5.0,R,33.0,R,24
126410,2011,R,30.0,R,30.0,R,100.0,R,12.0,R,0.0,R,12.0,R,12.0,R,100.0,A,,A,,A,,A,,A,,R,12
126562,2011,R,854.0,R,4921.0,R,17.0,R,1023.0,R,0.0,R,1023.0,R,781.0,R,76.0,R,88.0,R,0.0,R,88.0,R,49.0,R,56.0,R,17
126580,2011,R,1279.0,R,2654.0,R,48.0,R,1118.0,R,1.0,R,1117.0,R,797.0,R,71.0,R,38.0,R,0.0,R,38.0,R,24.0,R,63.0,R,16
126605,2011,R,130.0,R,212.0,R,61.0,R,123.0,R,1.0,R,122.0,R,79.0,R,65.0,R,8.0,R,0.0,R,8.0,R,0.0,R,0.0,R,15
126614,2011,R,5656.0,R,7241.0,R,78.0,R,5144.0,R,3.0,R,5141.0,R,4308.0,R,84.0,R,47.0,R,0.0,R,47.0,R,23.0,R,49.0,R,19
126669,2011,R,289.0,R,976.0,R,30.0,R,281.0,Z,0.0,R,281.0,R,201.0,R,72.0,R,0.0,R,0.0,R,0.0,R,0.0,A,,R,13
126678,2011,R,484.0,R,520.0,R,93.0,R,536.0,R,0.0,R,536.0,R,513.0,R,96.0,A,,A,,A,,A,,A,,R,10
126687,2011,A,,A,,A,,R,273.0,R,0.0,R,273.0,R,196.0,R,72.0,A,,A,,A,,A,,A,,R,18
126702,2011,R,233.0,R,669.0,R,35.0,R,167.0,R,0.0,R,167.0,R,84.0,R,50.0,R,37.0,R,0.0,R,37.0,R,12.0,R,32.0,R,17
126711,2011,R,394.0,R,1570.0,R,25.0,R,0.0,R,0.0,R,0.0,R,0.0,A,,R,0.0,R,0.0,R,0.0,R,0.0,A,,R,9
126748,2011,R,140.0,R,323.0,R,43.0,R,166.0,R,8.0,R,158.0,R,81.0,R,51.0,R,70.0,R,8.0,R,62.0,R,16.0,R,26.0,R,15
126775,2011,R,879.0,R,975.0,R,90.0,R,874.0,R,0.0,R,874.0,R,783.0,R,90.0,R,0.0,R,0.0,R,0.0,R,0.0,A,,R,17
126784,2011,A,,A,,A,,R,36.0,R,0.0,R,36.0,R,33.0,R,92.0,A,,A,,A,,A,,A,,R,12
126818,2011,R,4355.0,R,6356.0,R,69.0,R,4324.0,R,0.0,R,4324.0,R,3609.0,R,83.0,R,155.0,R,0.0,R,155.0,R,93.0,R,60.0,R,19
126827,2011,R,177.0,R,449.0,R,39.0,R,137.0,Z,0.0,R,137.0,R,103.0,R,75.0,R,82.0,Z,0.0,R,82.0,R,45.0,R,55.0,R,17
126854,2011,A,,A,,A,,R,21.0,Z,0.0,R,21.0,R,10.0,R,48.0,A,,A,,A,,A,,A,,R,20
126863,2011,R,452.0,R,3586.0,R,13.0,R,494.0,R,0.0,R,494.0,R,278.0,R,56.0,R,902.0,R,0.0,R,902.0,R,353.0,R,39.0,R,22
126872,2011,A,,A,,A,,R,76.0,R,0.0,R,76.0,R,32.0,R,42.0,A,,A,,A,,A,,A,,R,16
126915,2011,A,,A,,A,,R,42.0,R,0.0,R,42.0,R,38.0,R,90.0,R,205.0,R,0.0,R,205.0,R,200.0,R,98.0,R,11
126924,2011,R,49.0,R,58.0,R,84.0,R,33.0,R,0.0,R,33.0,R,19.0,R,58.0,A,,A,,A,,A,,A,,R,15
126942,2011,R,591.0,R,3991.0,R,15.0,R,891.0,R,21.0,R,870.0,R,464.0,R,53.0,R,1808.0,R,60.0,R,1748.0,R,648.0,R,37.0,R,24
126951,2011,A,,A,,A,,R,346.0,R,0.0,R,346.0,R,197.0,R,57.0,A,,A,,A,,A,,A,,R,30
127024,2011,R,41.0,R,86.0,R,48.0,R,62.0,R,1.0,R,61.0,R,26.0,R,43.0,R,18.0,R,0.0,R,18.0,R,2.0,R,11.0,R,11
127060,2011,R,1230.0,R,1557.0,R,79.0,R,1216.0,R,0.0,R,1216.0,R,1079.0,R,89.0,R,10.0,R,0.0,R,10.0,R,8.0,R,80.0,R,12
127158,2011,A,,A,,A,,R,172.0,R,1.0,R,171.0,R,114.0,R,67.0,R,515.0,R,2.0,R,513.0,R,310.0,R,60.0,R,13
127185,2011,R,773.0,R,1258.0,R,61.0,R,832.0,R,3.0,R,829.0,R,541.0,R,65.0,R,20.0,R,0.0,R,20.0,R,11.0,R,55.0,R,19
127200,2011,R,1362.0,R,5793.0,R,24.0,R,1544.0,R,0.0,R,1544.0,R,897.0,R,58.0,R,2090.0,R,0.0,R,2090.0,R,930.0,R,44.0,R,21
127219,2011,A,,A,,A,,R,15.0,Z,0.0,R,15.0,R,9.0,R,60.0,R,4.0,Z,0.0,R,4.0,R,3.0,R,75.0,R,12
127228,2011,A,,A,,A,,R,75.0,R,0.0,R,75.0,R,57.0,R,76.0,A,,A,,A,,A,,A,,R,20
127316,2011,A,,A,,A,,R,65.0,R,0.0,R,65.0,R,48.0,R,74.0,R,28.0,R,0.0,R,28.0,R,20.0,R,71.0,R,19
127389,2011,R,151.0,R,244.0,R,62.0,R,134.0,R,0.0,R,134.0,R,72.0,R,54.0,R,25.0,R,0.0,R,25.0,R,8.0,R,32.0,R,20
127556,2011,R,2001.0,R,3450.0,R,58.0,R,1108.0,R,0.0,R,1108.0,R,713.0,R,64.0,R,33.0,R,0.0,R,33.0,R,12.0,R,36.0,R,22
127565,2011,R,1838.0,R,5621.0,R,33.0,R,2023.0,R,145.0,R,1878.0,R,1240.0,R,66.0,R,452.0,R,83.0,R,369.0,R,214.0,R,58.0,R,21
127617,2011,R,77.0,R,1003.0,R,8.0,R,87.0,R,0.0,R,87.0,R,53.0,R,61.0,R,140.0,R,0.0,R,140.0,R,56.0,R,40.0,R,12
127653,2011,R,52.0,R,143.0,R,36.0,R,38.0,R,0.0,R,38.0,R,30.0,R,79.0,R,4.0,R,0.0,R,4.0,R,0.0,R,0.0,R,11
127680,2011,R,16.0,R,129.0,R,12.0,R,8.0,R,0.0,R,8.0,R,3.0,R,38.0,R,48.0,R,0.0,R,48.0,R,19.0,R,40.0,R,24
127699,2011,R,3.0,R,81.0,R,4.0,R,4.0,R,0.0,R,4.0,R,1.0,R,25.0,R,95.0,R,0.0,R,95.0,R,29.0,R,31.0,R,16
127714,2011,R,2.0,R,129.0,R,2.0,R,4.0,R,0.0,R,4.0,R,2.0,R,50.0,R,12.0,R,0.0,R,12.0,R,4.0,R,33.0,R,9
127732,2011,R,435.0,R,639.0,R,68.0,R,442.0,R,31.0,R,411.0,R,240.0,R,58.0,R,60.0,R,21.0,R,39.0,R,15.0,R,38.0,R,21
127741,2011,R,2267.0,R,3363.0,R,67.0,R,2227.0,R,6.0,R,2221.0,R,1553.0,R,70.0,R,26.0,R,3.0,R,23.0,R,4.0,R,17.0,R,20
127778,2011,R,228.0,R,498.0,R,46.0,R,283.0,R,0.0,R,283.0,R,130.0,R,46.0,R,80.0,R,0.0,R,80.0,R,34.0,R,43.0,R,22
127787,2011,A,,A,,A,,R,124.0,R,0.0,R,124.0,R,68.0,R,55.0,R,10.0,R,0.0,R,10.0,R,3.0,R,30.0,R,32
127820,2011,R,1457.0,R,5195.0,R,28.0,R,1612.0,R,0.0,R,1612.0,R,809.0,R,50.0,R,1793.0,R,0.0,R,1793.0,R,617.0,R,34.0,R,22
127839,2011,A,,A,,A,,R,247.0,R,0.0,R,247.0,R,193.0,R,78.0,A,,A,,A,,A,,A,,R,10
127884,2011,R,561.0,R,2207.0,R,25.0,R,666.0,R,144.0,R,522.0,R,262.0,R,50.0,R,622.0,R,153.0,R,469.0,R,194.0,R,41.0,R,24
127909,2011,R,665.0,R,3189.0,R,21.0,R,836.0,R,4.0,R,832.0,R,449.0,R,54.0,R,1308.0,R,3.0,R,1305.0,R,485.0,R,37.0,R,23
127918,2011,R,514.0,R,1373.0,R,37.0,R,446.0,R,0.0,R,446.0,R,364.0,R,82.0,R,40.0,R,0.0,R,40.0,R,15.0,R,38.0,R,14
127945,2011,R,93.0,R,173.0,R,54.0,R,143.0,R,0.0,R,143.0,R,84.0,R,59.0,R,6.0,R,0.0,R,6.0,R,1.0,R,17.0,R,10
127954,2011,A,,A,,A,,R,5.0,R,0.0,R,5.0,R,5.0,R,100.0,A,,A,,A,,A,,A,,R,20
128106,2011,R,1027.0,R,2137.0,R,48.0,R,980.0,R,1.0,R,979.0,R,642.0,R,66.0,R,50.0,R,0.0,R,50.0,R,19.0,R,38.0,R,18
128151,2011,A,,A,,A,,R,385.0,R,0.0,R,385.0,R,290.0,R,75.0,R,85.0,R,0.0,R,85.0,R,56.0,R,66.0,R,23
128179,2011,A,,A,,A,,R,370.0,R,1.0,R,369.0,R,265.0,R,72.0,A,,A,,A,,A,,A,,R,14
128188,2011,A,,A,,A,,R,169.0,R,0.0,R,169.0,R,135.0,R,80.0,A,,A,,A,,A,,A,,R,18
128258,2011,R,297.0,R,524.0,R,57.0,R,302.0,R,15.0,R,287.0,R,168.0,R,59.0,R,98.0,R,11.0,R,87.0,R,40.0,R,46.0,R,15
128328,2011,R,1071.0,R,1071.0,R,100.0,R,1245.0,R,22.0,R,1223.0,R,1140.0,R,93.0,A,,A,,A,,A,,A,,R,8
128337,2011,A,,A,,A,,R,23.0,R,1.0,R,22.0,R,16.0,R,73.0,R,7.0,Z,0.0,R,7.0,R,6.0,R,86.0,R,25
128391,2011,R,434.0,R,597.0,R,73.0,R,479.0,R,0.0,R,479.0,R,300.0,R,63.0,R,7.0,R,0.0,R,7.0,R,1.0,R,14.0,R,17
128425,2011,R,8.0,R,8.0,R,100.0,R,9.0,R,0.0,R,9.0,R,6.0,R,67.0,R,0.0,R,0.0,R,0.0,R,0.0,A,,R,7
128498,2011,R,150.0,R,299.0,R,50.0,R,161.0,Z,0.0,R,161.0,R,122.0,R,76.0,R,6.0,Z,0.0,R,6.0,R,2.0,R,33.0,R,14
128540,2011,A,,A,,A,,R,29.0,R,0.0,R,29.0,R,25.0,R,86.0,R,13.0,R,0.0,R,13.0,R,11.0,R,85.0,R,15
128577,2011,R,223.0,R,639.0,R,35.0,R,224.0,R,0.0,R,224.0,R,133.0,R,59.0,R,73.0,R,0.0,R,73.0,R,35.0,R,48.0,R,18
128586,2011,R,25.0,R,25.0,R,100.0,R,25.0,R,0.0,R,25.0,R,17.0,R,68.0,A,,A,,A,,A,,A,,R,10
128674,2011,A,,A,,A,,R,74.0,R,0.0,R,74.0,R,53.0,R,72.0,R,33.0,R,1.0,R,32.0,R,23.0,R,72.0,R,18
128683,2011,R,200.0,R,465.0,R,43.0,R,35.0,Z,0.0,R,35.0,R,17.0,R,49.0,R,9.0,Z,0.0,R,9.0,R,0.0,R,0.0,R,9
128726,2011,A,,A,,A,,R,122.0,R,0.0,R,122.0,R,112.0,R,92.0,R,14.0,R,3.0,R,11.0,R,10.0,R,91.0,R,8
128744,2011,R,398.0,R,585.0,R,68.0,R,605.0,R,11.0,R,594.0,R,316.0,R,53.0,R,5.0,R,2.0,R,3.0,R,3.0,R,100.0,R,16
128762,2011,A,,A,,A,,R,56.0,R,0.0,R,56.0,R,35.0,R,63.0,A,,A,,A,,A,,A,,R,13
128771,2011,R,1374.0,R,2639.0,R,52.0,R,1350.0,R,3.0,R,1347.0,R,1032.0,R,77.0,R,7.0,Z,0.0,R,7.0,R,4.0,R,57.0,R,16
128780,2011,A,,A,,A,,A,,A,,A,,A,,A,,A,,A,,A,,A,,A,,R,21
128896,2011,A,,A,,A,,R,18.0,Z,0.0,R,18.0,R,14.0,R,78.0,R,72.0,Z,0.0,R,72.0,R,61.0,R,85.0,R,8
128902,2011,R,508.0,R,555.0,R,92.0,R,488.0,R,0.0,R,488.0,R,441.0,R,90.0,A,,A,,A,,A,,A,,R,9
128957,2011,A,,A,,A,,R,38.0,R,0.0,R,38.0,R,25.0,R,66.0,R,45.0,R,0.0,R,45.0,R,33.0,R,73.0,R,20
129002,2011,A,,A,,A,,R,55.0,R,0.0,R,55.0,R,45.0,R,82.0,R,56.0,R,0.0,R,56.0,R,30.0,R,54.0,R,11
129020,2011,R,3312.0,R,4439.0,R,75.0,R,3306.0,R,9.0,R,3297.0,R,3047.0,R,92.0,R,4.0,R,0.0,R,4.0,R,4.0,R,100.0,R,18
129154,2011,R,154.0,R,1147.0,R,13.0,R,206.0,Z,0.0,R,206.0,R,90.0,R,44.0,R,124.0,Z,0.0,R,124.0,R,64.0,R,52.0,R,11
129181,2011,A,,A,,A,,R,624.0,R,0.0,R,624.0,R,488.0,R,78.0,R,65.0,R,0.0,R,65.0,R,32.0,R,49.0,R,21
129215,2011,R,927.0,R,1668.0,R,56.0,R,915.0,R,1.0,R,914.0,R,696.0,R,76.0,R,16.0,Z,0.0,R,16.0,R,8.0,R,50.0,R,17
129242,2011,R,909.0,R,946.0,R,96.0,R,922.0,Z,0.0,R,922.0,R,815.0,R,88.0,A,,A,,A,,A,,A,,R,13
129349,2011,A,,A,,A,,R,112.0,Z,0.0,R,112.0,R,101.0,R,90.0,R,26.0,Z,0.0,R,26.0,R,23.0,R,88.0,R,15
129367,2011,R,397.0,R,1730.0,R,23.0,R,425.0,Z,0.0,R,425.0,R,223.0,R,52.0,R,361.0,Z,0.0,R,361.0,R,177.0,R,49.0,R,28
129482,2011,A,,A,,A,,R,79.0,R,0.0,R,79.0,R,38.0,R,48.0,A,,A,,A,,A,,A,,R,15
129525,2011,R,1320.0,R,1670.0,R,79.0,R,1369.0,Z,0.0,R,1369.0,R,988.0,R,72.0,R,7.0,Z,0.0,R,7.0,R,2.0,R,29.0,R,9
129534,2011,R,7.0,R,22.0,R,32.0,R,2.0,Z,0.0,R,2.0,R,1.0,R,50.0,R,1.0,Z,0.0,R,1.0,R,1.0,R,100.0,R,7
129543,2011,R,761.0,R,1732.0,R,44.0,R,858.0,R,0.0,R,858.0,R,490.0,R,57.0,R,454.0,R,0.0,R,454.0,R,210.0,R,46.0,R,20
129613,2011,R,60.0,R,81.0,R,74.0,R,57.0,R,0.0,R,57.0,R,40.0,R,70.0,R,4.0,R,0.0,R,4.0,R,2.0,R,50.0,R,15
129640,2011,A,,A,,A,,R,9.0,R,0.0,R,9.0,R,7.0,R,78.0,R,2.0,R,0.0,R,2.0,R,2.0,R,100.0,R,12
129686,2011,R,13.0,R,22.0,R,59.0,R,19.0,Z,0.0,R,19.0,R,16.0,R,84.0,R,0.0,R,0.0,R,0.0,R,0.0,A,,R,5
129695,2011,R,934.0,R,2324.0,R,40.0,R,1103.0,R,0.0,R,1103.0,R,668.0,R,61.0,R,507.0,R,0.0,R,507.0,R,238.0,R,47.0,R,19
129729,2011,R,955.0,R,2165.0,R,44.0,R,1004.0,Z,0.0,R,1004.0,R,586.0,R,58.0,R,469.0,Z,0.0,R,469.0,R,239.0,R,51.0,R,18
129756,2011,R,382.0,R,1174.0,R,33.0,R,374.0,R,0.0,R,374.0,R,209.0,R,56.0,R,232.0,R,0.0,R,232.0,R,90.0,R,39.0,R,18
129774,2011,R,192.0,R,323.0,R,59.0,R,207.0,Z,0.0,R,207.0,R,127.0,R,61.0,R,5.0,Z,0.0,R,5.0,R,1.0,R,20.0,R,14
129808,2011,R,569.0,R,1481.0,R,38.0,R,670.0,R,0.0,R,670.0,R,409.0,R,61.0,R,431.0,Z,0.0,R,431.0,R,212.0,R,49.0,R,19
129923,2011,A,,A,,A,,R,347.0,R,0.0,R,347.0,R,229.0,R,66.0,R,0.0,R,0.0,R,0.0,R,0.0,A,,R,16
129932,2011,A,,A,,A,,A,,A,,A,,A,,A,,A,,A,,A,,A,,A,,R,20
129941,2011,R,1278.0,R,1558.0,R,82.0,R,1005.0,R,1.0,R,1004.0,R,750.0,R,75.0,R,15.0,Z,0.0,R,15.0,R,7.0,R,47.0,R,17
129969,2011,A,,A,,A,,R,153.0,R,0.0,R,153.0,R,102.0,R,67.0,R,0.0,R,0.0,R,0.0,R,0.0,A,,R,16
130004,2011,R,658.0,R,3122.0,R,21.0,R,684.0,Z,0.0,R,684.0,R,443.0,R,65.0,R,395.0,Z,0.0,R,395.0,R,188.0,R,48.0,R,18
130040,2011,R,178.0,R,798.0,R,22.0,R,193.0,Z,0.0,R,193.0,R,116.0,R,60.0,R,107.0,Z,0.0,R,107.0,R,48.0,R,45.0,R,18
130110,2011,R,19.0,R,43.0,R,44.0,R,21.0,R,0.0,R,21.0,R,16.0,R,76.0,R,0.0,R,0.0,R,0.0,R,0.0,A,,R,6
130129,2011,A,,A,,A,,R,20.0,R,0.0,R,20.0,R,17.0,R,85.0,R,43.0,R,0.0,R,43.0,R,32.0,R,74.0,R,16
130174,2011,A,,A,,A,,R,515.0,R,0.0,R,515.0,R,369.0,R,72.0,R,314.0,R,2.0,R,312.0,R,185.0,R,59.0,R,10
130183,2011,R,610.0,R,2003.0,R,30.0,R,587.0,Z,0.0,R,587.0,R,335.0,R,57.0,R,522.0,Z,0.0,R,522.0,R,140.0,R,27.0,R,22
130217,2011,R,238.0,R,798.0,R,30.0,R,320.0,R,0.0,R,320.0,R,156.0,R,49.0,R,226.0,R,0.0,R,226.0,R,90.0,R,40.0,R,17
130226,2011,R,1511.0,R,1768.0,R,85.0,R,1637.0,Z,0.0,R,1637.0,R,1427.0,R,87.0,R,3.0,R,0.0,R,3.0,R,2.0,R,67.0,R,12
130253,2011,R,980.0,R,1175.0,R,83.0,R,974.0,R,0.0,R,974.0,R,726.0,R,75.0,A,,A,,A,,A,,A,,R,14
130314,2011,R,157.0,R,309.0,R,51.0,R,229.0,R,0.0,R,229.0,R,172.0,R,75.0,R,3.0,R,0.0,R,3.0,R,1.0,R,33.0,R,12
130396,2011,R,849.0,R,2149.0,R,40.0,R,894.0,Z,0.0,R,894.0,R,473.0,R,53.0,R,496.0,R,0.0,R,496.0,R,192.0,R,39.0,R,18
130448,2011,R,4.0,R,224.0,R,2.0,R,4.0,R,0.0,R,4.0,R,2.0,R,50.0,R,9.0,R,0.0,R,9.0,R,2.0,R,22.0,R,28
130493,2011,R,1319.0,R,2401.0,R,55.0,R,1248.0,R,0.0,R,1248.0,R,943.0,R,76.0,R,5.0,R,0.0,R,5.0,R,2.0,R,40.0,R,15
130509,2011,A,,A,,A,,R,185.0,R,0.0,R,185.0,R,129.0,R,70.0,R,98.0,R,0.0,R,98.0,R,85.0,R,87.0,R,16
130590,2011,R,590.0,R,683.0,R,86.0,R,591.0,Z,0.0,R,591.0,R,541.0,R,92.0,A,,A,,A,,A,,A,,R,10
130606,2011,R,539.0,R,1653.0,R,33.0,R,613.0,Z,0.0,R,613.0,R,373.0,R,61.0,R,241.0,Z,0.0,R,241.0,R,109.0,R,45.0,R,19
130624,2011,R,278.0,R,278.0,R,100.0,R,279.0,Z,0.0,R,279.0,R,264.0,R,95.0,A,,A,,A,,A,,A,,R,8
130697,2011,R,808.0,R,845.0,R,96.0,R,748.0,Z,0.0,R,748.0,R,705.0,R,94.0,A,,A,,A,,A,,A,,R,9
130776,2011,R,870.0,R,1572.0,R,55.0,R,975.0,Z,0.0,R,975.0,R,701.0,R,72.0,R,11.0,Z,0.0,R,11.0,R,6.0,R,55.0,R,16
130794,2011,R,1349.0,R,1376.0,R,98.0,R,1343.0,Z,0.0,R,1343.0,R,1327.0,R,99.0,A,,A,,A,,A,,A,,R,5
130837,2011,A,,A,,A,,A,,A,,A,,A,,A,,A,,A,,A,,A,,A,,R,6
130873,2011,A,,A,,A,,A,,A,,A,,A,,A,,A,,A,,A,,A,,A,,R,17
130891,2011,R,768.0,R,1295.0,R,59.0,R,756.0,R,1.0,R,755.0,R,438.0,R,58.0,R,190.0,R,0.0,R,190.0,R,65.0,R,34.0,R,15
130907,2011,R,560.0,R,981.0,R,57.0,R,530.0,R,0.0,R,530.0,R,291.0,R,55.0,R,138.0,R,0.0,R,138.0,R,44.0,R,32.0,R,14
130916,2011,R,1099.0,R,2133.0,R,52.0,R,964.0,R,1.0,R,963.0,R,544.0,R,56.0,R,347.0,R,0.0,R,347.0,R,113.0,R,33.0,R,14
130934,2011,R,1062.0,R,1319.0,R,81.0,R,887.0,R,0.0,R,887.0,R,625.0,R,70.0,R,19.0,R,0.0,R,19.0,R,3.0,R,16.0,R,15
130943,2011,R,4243.0,R,4762.0,R,89.0,R,3365.0,R,0.0,R,3365.0,R,3113.0,R,93.0,R,26.0,R,0.0,R,26.0,R,14.0,R,54.0,R,15
130989,2011,R,108.0,R,162.0,R,67.0,R,105.0,R,0.0,R,105.0,R,82.0,R,78.0,R,0.0,R,0.0,R,0.0,R,0.0,A,,R,25
131061,2011,A,,A,,A,,R,15.0,R,0.0,R,15.0,R,10.0,R,67.0,R,6.0,Z,0.0,R,6.0,R,3.0,R,50.0,R,13
131098,2011,R,530.0,R,701.0,R,76.0,R,503.0,R,0.0,R,503.0,R,202.0,R,40.0,A,,A,,A,,A,,A,,R,17
131113,2011,R,442.0,R,1787.0,R,25.0,R,377.0,R,0.0,R,377.0,R,219.0,R,58.0,R,200.0,R,0.0,R,200.0,R,60.0,R,30.0,R,14
131159,2011,R,1538.0,R,1973.0,R,78.0,R,1498.0,R,0.0,R,1498.0,R,1343.0,R,90.0,R,0.0,R,0.0,R,0.0,R,0.0,A,,R,12
131283,2011,R,901.0,R,1068.0,R,84.0,R,991.0,R,0.0,R,991.0,R,792.0,R,80.0,R,2.0,R,0.0,R,2.0,R,1.0,R,50.0,R,9
131308,2011,R,39.0,R,119.0,R,33.0,R,53.0,R,0.0,R,53.0,R,40.0,R,75.0,R,0.0,R,0.0,R,0.0,R,0.0,A,,R,12
131399,2011,R,327.0,R,1116.0,R,29.0,R,114.0,R,0.0,R,114.0,R,61.0,R,54.0,R,95.0,R,0.0,R,95.0,R,30.0,R,32.0,R,14
131450,2011,R,201.0,R,333.0,R,60.0,R,198.0,R,0.0,R,198.0,R,138.0,R,70.0,A,,A,,A,,A,,A,,R,6
131469,2011,R,2230.0,R,2871.0,R,78.0,R,2383.0,R,0.0,R,2383.0,R,2248.0,R,94.0,R,10.0,R,0.0,R,10.0,R,7.0,R,70.0,R,14
131496,2011,R,1596.0,R,1969.0,R,81.0,R,1570.0,R,0.0,R,1570.0,R,1512.0,R,96.0,R,3.0,Z,0.0,R,3.0,R,1.0,R,33.0,R,11
131520,2011,R,1523.0,R,1968.0,R,77.0,R,1466.0,R,0.0,R,1466.0,R,1214.0,R,83.0,R,28.0,R,0.0,R,28.0,R,6.0,R,21.0,R,10
131742,2011,A,,A,,A,,R,486.0,R,0.0,R,486.0,R,299.0,R,62.0,A,,A,,A,,A,,A,,R,22
131803,2011,R,8.0,R,294.0,R,3.0,R,12.0,R,0.0,R,12.0,R,5.0,R,42.0,R,118.0,R,0.0,R,118.0,R,42.0,R,36.0,R,22
131830,2011,A,,A,,A,,R,4.0,R,0.0,R,4.0,R,2.0,R,50.0,A,,A,,A,,A,,A,,R,4
131876,2011,R,266.0,R,568.0,R,47.0,R,269.0,R,0.0,R,269.0,R,178.0,R,66.0,R,10.0,R,0.0,R,10.0,R,5.0,R,50.0,R,12
132268,2011,A,,A,,A,,R,324.0,R,1.0,R,323.0,R,237.0,R,73.0,A,,A,,A,,A,,A,,R,19
132338,2011,R,260.0,R,717.0,R,36.0,R,168.0,R,0.0,R,168.0,R,98.0,R,58.0,R,19.0,R,0.0,R,19.0,R,8.0,R,42.0,R,17
132374,2011,A,,A,,A,,R,510.0,R,0.0,R,510.0,R,247.0,R,48.0,A,,A,,A,,A,,A,,R,10
132408,2011,R,60.0,R,139.0,R,43.0,R,56.0,R,0.0,R,56.0,R,46.0,R,82.0,R,2.0,R,0.0,R,2.0,R,1.0,R,50.0,R,13
132471,2011,R,662.0,R,1456.0,R,45.0,R,625.0,R,0.0,R,625.0,R,348.0,R,56.0,R,2.0,R,0.0,R,2.0,R,0.0,R,0.0,R,14
132602,2011,R,886.0,R,1393.0,R,64.0,R,925.0,R,1.0,R,924.0,R,635.0,R,69.0,R,3.0,R,0.0,R,3.0,R,0.0,R,0.0,R,16
132657,2011,R,408.0,R,563.0,R,72.0,R,355.0,R,0.0,R,355.0,R,213.0,R,60.0,A,,A,,A,,A,,A,,R,17
132666,2011,A,,A,,A,,N,39.0,N,39.0,N,0.0,N,34.0,A,,N,29.0,N,29.0,N,0.0,N,26.0,A,,N,17
132675,2011,A,,A,,A,,R,94.0,R,0.0,R,94.0,R,22.0,R,23.0,R,14.0,R,0.0,R,14.0,R,3.0,R,21.0,R,9
132693,2011,R,2090.0,R,4024.0,R,52.0,R,2052.0,R,0.0,R,2052.0,R,1420.0,R,69.0,R,930.0,R,0.0,R,930.0,R,486.0,R,52.0,R,20
132709,2011,R,3728.0,R,10372.0,R,36.0,R,0.0,R,0.0,R,0.0,R,0.0,A,,R,0.0,R,0.0,R,0.0,R,0.0,A,,R,29
132806,2011,A,,A,,A,,R,122.0,R,0.0,R,122.0,R,73.0,R,60.0,A,,A,,A,,A,,A,,R,25
132842,2011,R,8.0,R,87.0,R,9.0,R,19.0,R,0.0,R,19.0,R,13.0,R,68.0,R,7.0,R,0.0,R,7.0,R,5.0,R,71.0,R,16
132851,2011,R,768.0,R,1546.0,R,50.0,R,0.0,R,0.0,R,0.0,R,0.0,A,,R,0.0,R,0.0,R,0.0,R,0.0,A,,R,19
132879,2011,R,83.0,R,142.0,R,58.0,R,52.0,R,0.0,R,52.0,R,32.0,R,62.0,R,3.0,R,0.0,R,3.0,R,2.0,R,67.0,R,14
132903,2011,R,6184.0,R,13927.0,R,44.0,R,6013.0,Z,0.0,R,6013.0,R,5248.0,R,87.0,R,149.0,R,0.0,R,149.0,R,104.0,R,70.0,R,32
132976,2011,A,,A,,A,,R,305.0,R,0.0,R,305.0,R,227.0,R,74.0,A,,A,,A,,A,,A,,R,7
133021,2011,R,338.0,R,597.0,R,57.0,R,0.0,R,0.0,R,0.0,R,0.0,A,,R,0.0,R,0.0,R,0.0,R,0.0,A,,R,19
133085,2011,R,122.0,R,169.0,R,72.0,R,141.0,R,0.0,R,141.0,R,95.0,R,67.0,R,1.0,R,0.0,R,1.0,R,0.0,R,0.0,R,13
133155,2011,A,,A,,A,,R,110.0,R,0.0,R,110.0,R,88.0,R,80.0,R,52.0,R,0.0,R,52.0,R,48.0,R,92.0,R,22
133386,2011,R,1456.0,R,3274.0,R,44.0,R,0.0,R,0.0,R,0.0,R,0.0,A,,R,0.0,R,0.0,R,0.0,R,0.0,A,,R,26
133465,2011,R,68.0,R,375.0,R,18.0,R,59.0,R,0.0,R,59.0,R,32.0,R,54.0,R,19.0,R,0.0,R,19.0,R,7.0,R,37.0,R,16
133492,2011,R,503.0,R,681.0,R,74.0,R,500.0,R,0.0,R,500.0,R,405.0,R,81.0,R,1.0,R,0.0,R,1.0,R,1.0,R,100.0,R,13
133508,2011,R,1682.0,R,4138.0,R,41.0,R,0.0,R,0.0,R,0.0,R,0.0,A,,R,0.0,R,0.0,R,0.0,R,0.0,A,,R,24
133526,2011,R,196.0,R,249.0,R,79.0,R,243.0,R,0.0,R,243.0,R,129.0,R,53.0,R,0.0,R,0.0,R,0.0,R,0.0,A,,R,14
133553,2011,R,1044.0,R,1300.0,R,80.0,R,943.0,R,0.0,R,943.0,R,675.0,R,72.0,R,2.0,R,0.0,R,2.0,R,0.0,R,0.0,R,15
133650,2011,R,1941.0,R,2556.0,R,76.0,R,2702.0,R,0.0,R,2702.0,R,2145.0,R,79.0,R,40.0,R,0.0,R,40.0,R,25.0,R,63.0,R,20
133669,2011,R,3126.0,R,7081.0,R,44.0,R,2628.0,R,0.0,R,2628.0,R,2073.0,R,79.0,R,135.0,R,0.0,R,135.0,R,98.0,R,73.0,R,20
133702,2011,R,2564.0,R,7057.0,R,36.0,R,0.0,R,0.0,R,0.0,R,0.0,A,,R,0.0,R,0.0,R,0.0,R,0.0,A,,R,29
133711,2011,R,665.0,R,856.0,R,78.0,R,615.0,R,1.0,R,614.0,R,473.0,R,77.0,R,0.0,R,0.0,R,0.0,R,0.0,A,,R,19
133809,2011,R,198.0,R,222.0,R,89.0,R,199.0,R,1.0,R,198.0,R,143.0,R,72.0,R,1.0,R,0.0,R,1.0,R,1.0,R,100.0,R,12
133845,2011,A,,A,,A,,R,226.0,R,0.0,R,226.0,R,133.0,R,59.0,A,,A,,A,,A,,A,,R,16
133854,2011,A,,A,,A,,R,189.0,R,0.0,R,189.0,R,125.0,R,66.0,A,,A,,A,,A,,A,,R,16
133863,2011,A,,A,,A,,R,233.0,R,0.0,R,233.0,R,147.0,R,63.0,A,,A,,A,,A,,A,,R,18
133872,2011,R,26.0,R,750.0,R,3.0,R,14.0,R,0.0,R,14.0,R,13.0,R,93.0,R,1.0,R,0.0,R,1.0,R,1.0,R,100.0,R,11
133881,2011,R,668.0,R,936.0,R,71.0,R,489.0,R,0.0,R,489.0,R,391.0,R,80.0,R,1.0,R,0.0,R,1.0,R,0.0,R,0.0,R,19
133942,2011,A,,A,,A,,A,,A,,A,,A,,A,,A,,A,,A,,A,,A,,R,13
133951,2011,R,4164.0,R,10249.0,R,41.0,R,3693.0,R,0.0,R,3693.0,R,3036.0,R,82.0,R,178.0,Z,0.0,R,178.0,R,113.0,R,63.0,R,27
133960,2011,R,156.0,R,412.0,R,38.0,R,121.0,R,0.0,R,121.0,R,61.0,R,50.0,R,121.0,R,0.0,R,121.0,R,37.0,R,31.0,R,15
133979,2011,R,383.0,R,455.0,R,84.0,R,464.0,R,3.0,R,461.0,R,307.0,R,67.0,R,14.0,R,0.0,R,14.0,R,11.0,R,79.0,R,16
133997,2011,R,1674.0,R,2116.0,R,79.0,R,41.0,R,0.0,R,41.0,R,17.0,R,41.0,A,,A,,A,,A,,A,,R,16
134024,2011,A,,A,,A,,A,,A,,A,,A,,A,,A,,A,,A,,A,,A,,R,15
134079,2011,R,525.0,R,683.0,R,77.0,R,605.0,R,0.0,R,605.0,R,464.0,R,77.0,A,,A,,A,,A,,A,,R,14
134097,2011,R,6093.0,R,9056.0,R,67.0,R,5912.0,R,1.0,R,5911.0,R,5465.0,R,92.0,R,15.0,R,0.0,R,15.0,R,12.0,R,80.0,R,27
134112,2011,A,,A,,A,,R,676.0,R,0.0,R,676.0,R,412.0,R,61.0,A,,A,,A,,A,,A,,R,19
134121,2011,A,,A,,A,,R,248.0,R,0.0,R,248.0,R,148.0,R,60.0,A,,A,,A,,A,,A,,R,23
134130,2011,R,6409.0,R,8607.0,R,74.0,R,6329.0,R,0.0,R,6329.0,R,6027.0,R,95.0,R,52.0,R,0.0,R,52.0,R,43.0,R,83.0,R,20
134149,2011,A,,A,,A,,R,7.0,R,0.0,R,7.0,R,2.0,R,29.0,R,2.0,R,0.0,R,2.0,R,1.0,R,50.0,R,24
134228,2011,A,,A,,A,,R,12.0,Z,0.0,R,12.0,R,2.0,R,17.0,R,1.0,Z,0.0,R,1.0,R,1.0,R,100.0,R,10
134237,2011,A,,A,,A,,R,2273.0,R,30.0,R,2243.0,R,1510.0,R,67.0,A,,A,,A,,A,,A,,R,21
134291,2011,A,,A,,A,,R,346.0,R,0.0,R,346.0,R,228.0,R,66.0,R,173.0,R,3.0,R,170.0,R,83.0,R,49.0,R,20
134307,2011,A,,A,,A,,R,111.0,R,0.0,R,111.0,R,68.0,R,61.0,R,87.0,R,0.0,R,87.0,R,44.0,R,51.0,R,31
134343,2011,R,716.0,R,1528.0,R,47.0,R,0.0,R,0.0,R,0.0,R,0.0,A,,R,0.0,R,0.0,R,0.0,R,0.0,A,,R,21
134422,2011,R,28.0,R,33.0,R,85.0,R,37.0,R,0.0,R,37.0,R,23.0,R,62.0,A,,A,,A,,A,,A,,R,9
134495,2011,R,3329.0,R,6874.0,R,48.0,R,2865.0,R,0.0,R,2865.0,R,1769.0,R,62.0,R,1677.0,R,0.0,R,1677.0,R,837.0,R,50.0,R,25
134510,2011,R,9.0,R,18.0,R,50.0,R,19.0,R,0.0,R,19.0,R,13.0,R,68.0,R,0.0,R,0.0,R,0.0,R,0.0,A,,R,8
134529,2011,A,,A,,A,,R,27.0,R,0.0,R,27.0,R,18.0,R,67.0,A,,A,,A,,A,,A,,R,29
134574,2011,A,,A,,A,,A,,A,,A,,A,,A,,A,,A,,A,,A,,A,,R,28
134608,2011,R,1735.0,R,3529.0,R,49.0,R,0.0,R,0.0,R,0.0,R,0.0,A,,R,0.0,R,0.0,R,0.0,R,0.0,A,,R,23
134680,2011,R,60.0,R,137.0,R,44.0,R,98.0,R,0.0,R,98.0,R,43.0,R,44.0,R,56.0,R,0.0,R,56.0,R,29.0,R,52.0,R,21
134714,2011,A,,A,,A,,R,42.0,R,0.0,R,42.0,R,34.0,R,81.0,R,36.0,R,0.0,R,36.0,R,30.0,R,83.0,R,14
134811,2011,R,622.0,R,1275.0,R,49.0,R,531.0,R,0.0,R,531.0,R,299.0,R,56.0,R,100.0,R,0.0,R,100.0,R,33.0,R,33.0,R,17
134875,2011,A,,A,,A,,R,368.0,R,6.0,R,362.0,R,192.0,R,53.0,A,,A,,A,,A,,A,,R,13
134909,2011,R,35.0,R,65.0,R,54.0,R,2.0,R,0.0,R,2.0,R,2.0,R,100.0,R,0.0,R,0.0,R,0.0,R,0.0,A,,R,16
134945,2011,R,520.0,R,1080.0,R,48.0,R,618.0,R,0.0,R,618.0,R,372.0,R,60.0,R,4.0,R,0.0,R,4.0,R,2.0,R,50.0,R,13
135063,2011,R,2.0,R,59.0,R,3.0,R,12.0,R,0.0,R,12.0,R,9.0,R,75.0,R,12.0,R,0.0,R,12.0,R,6.0,R,50.0,R,7
135081,2011,R,2651.0,R,4238.0,R,63.0,R,184.0,R,0.0,R,184.0,R,155.0,R,84.0,R,305.0,R,0.0,R,305.0,R,107.0,R,35.0,R,14
135124,2011,A,,A,,A,,R,252.0,R,1.0,R,251.0,R,166.0,R,66.0,A,,A,,A,,A,,A,,R,30
135142,2011,A,,A,,A,,R,15.0,R,0.0,R,15.0,R,13.0,R,87.0,R,72.0,R,0.0,R,72.0,R,69.0,R,96.0,R,15
135160,2011,R,362.0,R,805.0,R,45.0,R,360.0,R,0.0,R,360.0,R,194.0,R,54.0,R,165.0,R,0.0,R,165.0,R,73.0,R,44.0,R,18
135179,2011,A,,A,,A,,R,202.0,R,0.0,R,202.0,R,183.0,R,91.0,R,43.0,Z,0.0,R,43.0,R,28.0,R,65.0,R,19
135188,2011,R,504.0,R,1143.0,R,44.0,R,602.0,R,0.0,R,602.0,R,384.0,R,64.0,R,417.0,R,0.0,R,417.0,R,210.0,R,50.0,R,21
135267,2011,A,,A,,A,,R,494.0,R,0.0,R,494.0,R,75.0,R,15.0,A,,A,,A,,A,,A,,R,17
135276,2011,A,,A,,A,,R,469.0,R,0.0,R,469.0,R,245.0,R,52.0,R,319.0,R,0.0,R,319.0,R,121.0,R,38.0,R,21
135294,2011,A,,A,,A,,R,128.0,R,0.0,R,128.0,R,25.0,R,20.0,R,289.0,R,0.0,R,289.0,R,82.0,R,28.0,R,19
135337,2011,A,,A,,A,,R,145.0,R,0.0,R,145.0,R,91.0,R,63.0,R,77.0,R,0.0,R,77.0,R,51.0,R,66.0,R,8
135364,2011,R,11.0,R,87.0,R,13.0,R,5.0,R,0.0,R,5.0,R,0.0,R,0.0,R,0.0,R,0.0,R,0.0,R,0.0,A,,R,24
135391,2011,R,1296.0,R,2605.0,R,50.0,R,0.0,R,0.0,R,0.0,R,0.0,A,,R,0.0,R,0.0,R,0.0,R,0.0,A,,R,23
135407,2011,A,,A,,A,,R,291.0,R,0.0,R,291.0,R,223.0,R,77.0,R,40.0,R,0.0,R,40.0,R,24.0,R,60.0,R,8
135416,2011,A,,A,,A,,R,180.0,R,0.0,R,180.0,R,116.0,R,64.0,A,,A,,A,,A,,A,,R,14
135434,2011,A,,A,,A,,R,26.0,R,0.0,R,26.0,R,22.0,R,85.0,R,46.0,R,0.0,R,46.0,R,29.0,R,63.0,R,12
135522,2011,A,,A,,A,,R,337.0,R,32.0,R,305.0,R,92.0,R,30.0,R,62.0,R,17.0,R,45.0,R,32.0,R,71.0,R,8
135610,2011,R,4.0,R,54.0,R,7.0,R,2.0,R,0.0,R,2.0,R,2.0,R,100.0,R,4.0,R,0.0,R,4.0,R,4.0,R,100.0,R,11
135647,2011,A,,A,,A,,R,388.0,R,7.0,R,381.0,R,269.0,R,71.0,R,128.0,R,0.0,R,128.0,R,60.0,R,47.0,R,30
135717,2011,R,9467.0,R,15544.0,R,61.0,R,0.0,R,0.0,R,0.0,R,0.0,A,,R,0.0,R,0.0,R,0.0,R,0.0,A,,R,22
135726,2011,R,2139.0,R,3040.0,R,70.0,R,2106.0,R,0.0,R,2106.0,R,1914.0,R,91.0,R,26.0,R,0.0,R,26.0,R,26.0,R,100.0,R,11
135735,2011,A,,A,,A,,R,955.0,R,0.0,R,955.0,R,799.0,R,84.0,R,1157.0,R,0.0,R,1157.0,R,716.0,R,62.0,R,10
135771,2011,A,,A,,A,,R,174.0,R,0.0,R,174.0,R,124.0,R,71.0,A,,A,,A,,A,,A,,R,20
135939,2011,A,,A,,A,,R,0.0,R,0.0,R,0.0,R,0.0,A,,A,,A,,A,,A,,A,,R,12
135957,2011,A,,A,,A,,R,178.0,R,1.0,R,177.0,R,99.0,R,56.0,R,17.0,R,0.0,R,17.0,R,4.0,R,24.0,R,24
136011,2011,A,,A,,A,,R,177.0,Z,0.0,R,177.0,R,106.0,R,60.0,R,18.0,R,0.0,R,18.0,R,5.0,R,28.0,R,25
136048,2011,A,,A,,A,,R,25.0,R,0.0,R,25.0,R,21.0,R,84.0,R,19.0,R,0.0,R,19.0,R,16.0,R,84.0,R,11
136066,2011,R,148.0,R,187.0,R,79.0,R,5.0,R,0.0,R,5.0,R,3.0,R,60.0,R,0.0,R,0.0,R,0.0,R,0.0,A,,R,32
136075,2011,A,,A,,A,,R,161.0,R,0.0,R,161.0,R,140.0,R,87.0,A,,A,,A,,A,,A,,R,14
136109,2011,A,,A,,A,,R,94.0,Z,0.0,R,94.0,R,74.0,R,79.0,R,53.0,Z,0.0,R,53.0,R,29.0,R,55.0,R,15
136145,2011,R,182.0,R,346.0,R,53.0,R,212.0,R,0.0,R,212.0,R,139.0,R,66.0,R,88.0,R,0.0,R,88.0,R,37.0,R,42.0,R,17
136172,2011,R,1729.0,R,3916.0,R,44.0,R,1930.0,R,0.0,R,1930.0,R,1571.0,R,81.0,R,67.0,R,0.0,R,67.0,R,51.0,R,76.0,R,20
136206,2011,R,93.0,R,244.0,R,38.0,R,105.0,R,1.0,R,104.0,R,59.0,R,57.0,R,0.0,R,0.0,R,0.0,R,0.0,A,,R,15
136215,2011,R,684.0,R,2057.0,R,33.0,R,699.0,Z,0.0,R,699.0,R,489.0,R,70.0,R,98.0,Z,0.0,R,98.0,R,35.0,R,36.0,R,20
136233,2011,R,641.0,R,1624.0,R,39.0,R,0.0,R,0.0,R,0.0,R,0.0,A,,R,0.0,R,0.0,R,0.0,R,0.0,A,,R,26
136251,2011,A,,A,,A,,R,35.0,R,0.0,R,35.0,R,30.0,R,86.0,R,3.0,R,0.0,R,3.0,R,3.0,R,100.0,R,14
136288,2011,A,,A,,A,,R,4.0,R,0.0,R,4.0,R,2.0,R,50.0,R,1.0,R,0.0,R,1.0,R,1.0,R,100.0,R,24
136303,2011,A,,A,,A,,R,339.0,R,0.0,R,339.0,R,188.0,R,55.0,R,205.0,R,0.0,R,205.0,R,79.0,R,39.0,R,8
136330,2011,R,476.0,R,1187.0,R,40.0,R,445.0,R,1.0,R,444.0,R,318.0,R,72.0,R,1.0,R,0.0,R,1.0,R,1.0,R,100.0,R,12
136358,2011,R,3044.0,R,6943.0,R,44.0,R,0.0,R,0.0,R,0.0,R,0.0,A,,R,0.0,R,0.0,R,0.0,R,0.0,A,,R,26
136400,2011,R,1555.0,R,2955.0,R,53.0,R,1487.0,R,0.0,R,1487.0,R,936.0,R,63.0,R,928.0,R,0.0,R,928.0,R,470.0,R,51.0,R,35
136473,2011,R,1168.0,R,2618.0,R,45.0,R,0.0,R,0.0,R,0.0,R,0.0,A,,R,0.0,R,0.0,R,0.0,R,0.0,A,,R,25
136491,2011,A,,A,,A,,R,182.0,R,0.0,R,182.0,R,133.0,R,73.0,R,2.0,R,0.0,R,2.0,R,0.0,R,0.0,R,16
136516,2011,R,1143.0,R,2341.0,R,49.0,R,0.0,R,0.0,R,0.0,R,0.0,A,,R,0.0,R,0.0,R,0.0,R,0.0,A,,R,20
136659,2011,A,,A,,A,,R,64.0,R,0.0,R,64.0,R,40.0,R,63.0,R,131.0,R,0.0,R,131.0,R,21.0,R,16.0,R,13
136738,2011,A,,A,,A,,R,406.0,R,3.0,R,403.0,R,318.0,R,79.0,A,,A,,A,,A,,A,,R,26
136747,2011,A,,A,,A,,R,527.0,R,2.0,R,525.0,R,323.0,R,62.0,A,,A,,A,,A,,A,,R,16
136765,2011,A,,A,,A,,R,461.0,R,0.0,R,461.0,R,383.0,R,83.0,R,141.0,R,0.0,R,141.0,R,120.0,R,85.0,R,20
136774,2011,R,286.0,R,390.0,R,73.0,R,317.0,R,0.0,R,317.0,R,263.0,R,83.0,A,,A,,A,,A,,A,,R,12
136783,2011,A,,A,,A,,R,10.0,Z,0.0,R,10.0,R,8.0,R,80.0,R,18.0,Z,0.0,R,18.0,R,15.0,R,83.0,R,14
136826,2011,A,,A,,A,,R,147.0,R,0.0,R,147.0,R,64.0,R,44.0,R,202.0,R,0.0,R,202.0,R,72.0,R,36.0,R,18
136950,2011,R,555.0,R,634.0,R,88.0,R,469.0,R,4.0,R,465.0,R,378.0,R,81.0,A,,A,,A,,A,,A,,R,10
137023,2011,A,,A,,A,,R,169.0,R,3.0,R,166.0,R,150.0,R,90.0,R,72.0,R,0.0,R,72.0,R,71.0,R,99.0,R,13
137032,2011,R,543.0,R,3325.0,R,16.0,R,539.0,R,0.0,R,539.0,R,355.0,R,66.0,R,0.0,R,0.0,R,0.0,R,0.0,A,,R,16
137078,2011,R,2420.0,R,7042.0,R,34.0,R,0.0,R,0.0,R,0.0,R,0.0,A,,R,0.0,R,0.0,R,0.0,R,0.0,A,,R,22
137087,2011,A,,A,,A,,R,646.0,R,0.0,R,646.0,R,582.0,R,90.0,R,0.0,R,0.0,R,0.0,R,0.0,A,,R,28
137096,2011,R,1487.0,R,4831.0,R,31.0,R,0.0,R,0.0,R,0.0,R,0.0,A,,R,0.0,R,0.0,R,0.0,R,0.0,A,,R,27
137120,2011,A,,A,,A,,R,233.0,R,0.0,R,233.0,R,140.0,R,60.0,R,77.0,R,0.0,R,77.0,R,43.0,R,56.0,R,3
137148,2011,R,11.0,R,64.0,R,17.0,R,8.0,R,0.0,R,8.0,R,2.0,R,25.0,R,7.0,R,0.0,R,7.0,R,0.0,R,0.0,R,22
137209,2011,R,2278.0,R,4605.0,R,49.0,R,0.0,R,0.0,R,0.0,R,0.0,A,,R,0.0,R,0.0,R,0.0,R,0.0,A,,R,28
137245,2011,A,,A,,A,,R,509.0,R,0.0,R,509.0,R,303.0,R,60.0,A,,A,,A,,A,,A,,R,15
137272,2011,R,12.0,R,19.0,R,63.0,R,6.0,R,0.0,R,6.0,R,4.0,R,67.0,A,,A,,A,,A,,A,,R,8
137281,2011,R,759.0,R,1615.0,R,47.0,R,0.0,R,0.0,R,0.0,R,0.0,A,,R,0.0,R,0.0,R,0.0,R,0.0,A,,R,22
137315,2011,R,395.0,R,681.0,R,58.0,R,335.0,R,0.0,R,335.0,R,200.0,R,60.0,R,191.0,R,0.0,R,191.0,R,92.0,R,48.0,R,14
137351,2011,R,3354.0,R,6993.0,R,48.0,R,4392.0,R,0.0,R,4392.0,R,3844.0,R,88.0,R,38.0,R,0.0,R,38.0,R,26.0,R,68.0,R,27
137476,2011,R,209.0,R,382.0,R,55.0,R,266.0,Z,0.0,R,266.0,R,177.0,R,67.0,R,2.0,R,0.0,R,2.0,R,0.0,R,0.0,R,14
137537,2011,R,7.0,R,12.0,R,58.0,R,6.0,R,0.0,R,6.0,R,3.0,R,50.0,R,11.0,R,0.0,R,11.0,R,6.0,R,55.0,R,14
137546,2011,R,715.0,R,862.0,R,83.0,R,546.0,R,1.0,R,545.0,R,418.0,R,77.0,R,1.0,R,0.0,R,1.0,R,0.0,R,0.0,R,12
137564,2011,R,459.0,R,724.0,R,63.0,R,508.0,R,0.0,R,508.0,R,337.0,R,66.0,R,11.0,R,0.0,R,11.0,R,2.0,R,18.0,R,19
137591,2011,A,,A,,A,,R,74.0,R,1.0,R,73.0,R,62.0,R,85.0,A,,A,,A,,A,,A,,R,10
137713,2011,A,,A,,A,,R,87.0,R,0.0,R,87.0,R,67.0,R,77.0,R,23.0,R,0.0,R,23.0,R,23.0,R,100.0,R,7
137759,2011,R,2546.0,R,5083.0,R,50.0,R,2559.0,R,0.0,R,2559.0,R,1444.0,R,56.0,R,857.0,R,0.0,R,857.0,R,426.0,R,50.0,R,27
137777,2011,R,21.0,R,33.0,R,64.0,R,12.0,R,0.0,R,12.0,R,9.0,R,75.0,A,,A,,A,,A,,A,,R,6
137801,2011,A,,A,,A,,R,2.0,R,0.0,R,2.0,R,1.0,R,50.0,R,0.0,R,0.0,R,0.0,R,0.0,A,,R,24
137810,2011,A,,A,,A,,R,1.0,R,0.0,R,1.0,R,0.0,R,0.0,R,0.0,R,0.0,R,0.0,R,0.0,A,,R,20
137847,2011,R,1625.0,R,2059.0,R,79.0,R,1348.0,R,2.0,R,1346.0,R,1008.0,R,75.0,R,4.0,R,0.0,R,4.0,R,3.0,R,75.0,R,17
137856,2011,A,,A,,A,,R,76.0,R,0.0,R,76.0,R,55.0,R,72.0,R,66.0,R,0.0,R,66.0,R,52.0,R,79.0,R,13
137865,2011,A,,A,,A,,R,130.0,R,1.0,R,129.0,R,38.0,R,29.0,R,54.0,R,0.0,R,54.0,R,11.0,R,20.0,R,18
137892,2011,A,,A,,A,,R,364.0,R,5.0,R,359.0,R,149.0,R,42.0,A,,A,,A,,A,,A,,R,22
137953,2011,R,38.0,R,97.0,R,39.0,R,63.0,R,0.0,R,63.0,R,49.0,R,78.0,R,5.0,R,0.0,R,5.0,R,3.0,R,60.0,R,15
137962,2011,R,30.0,R,51.0,R,59.0,R,31.0,R,0.0,R,31.0,R,16.0,R,52.0,R,2.0,R,0.0,R,2.0,R,1.0,R,50.0,R,11
138132,2011,A,,A,,A,,R,11.0,R,0.0,R,11.0,R,10.0,R,91.0,R,13.0,R,0.0,R,13.0,R,8.0,R,62.0,R,9
138187,2011,R,5730.0,R,14931.0,R,38.0,R,0.0,R,0.0,R,0.0,R,0.0,A,,R,0.0,R,0.0,R,0.0,R,0.0,A,,R,32
138275,2011,R,133.0,R,279.0,R,48.0,R,172.0,R,0.0,R,172.0,R,98.0,R,57.0,R,6.0,R,0.0,R,6.0,R,1.0,R,17.0,R,16
138284,2011,A,,A,,A,,R,295.0,R,0.0,R,295.0,R,62.0,R,21.0,R,186.0,R,0.0,R,186.0,R,71.0,R,38.0,R,16
138293,2011,R,141.0,R,255.0,R,55.0,R,175.0,R,0.0,R,175.0,R,86.0,R,49.0,R,3.0,Z,0.0,R,3.0,R,1.0,R,33.0,R,21
138309,2011,R,126.0,R,1355.0,R,9.0,R,66.0,R,0.0,R,66.0,R,27.0,R,41.0,R,149.0,R,0.0,R,149.0,R,44.0,R,30.0,R,21
138354,2011,R,1240.0,R,3152.0,R,39.0,R,1181.0,R,0.0,R,1181.0,R,868.0,R,73.0,R,57.0,R,0.0,R,57.0,R,33.0,R,58.0,R,24
138372,2011,A,,A,,A,,R,295.0,R,0.0,R,295.0,R,157.0,R,53.0,R,210.0,R,0.0,R,210.0,R,117.0,R,56.0,R,9
138479,2011,A,,A,,A,,R,432.0,R,0.0,R,432.0,R,310.0,R,72.0,A,,A,,A,,A,,A,,R,5
138488,2011,A,,A,,A,,R,202.0,R,0.0,R,202.0,R,158.0,R,78.0,R,174.0,R,0.0,R,174.0,R,126.0,R,72.0,R,8
138497,2011,A,,A,,A,,R,320.0,R,0.0,R,320.0,R,225.0,R,70.0,R,36.0,R,0.0,R,36.0,R,28.0,R,78.0,R,15
138558,2011,R,916.0,R,1278.0,R,72.0,R,60.0,R,0.0,R,60.0,R,30.0,R,50.0,R,2.0,R,0.0,R,2.0,R,1.0,R,50.0,R,20
138594,2011,A,,A,,A,,R,710.0,R,0.0,R,710.0,R,467.0,R,66.0,A,,A,,A,,A,,A,,R,23
138600,2011,R,228.0,R,266.0,R,86.0,R,268.0,R,0.0,R,268.0,R,223.0,R,83.0,R,0.0,R,0.0,R,0.0,R,0.0,A,,R,11
138655,2011,R,78.0,R,84.0,R,93.0,R,130.0,R,0.0,R,130.0,R,82.0,R,63.0,R,4.0,R,0.0,R,4.0,R,3.0,R,75.0,R,25
138664,2011,A,,A,,A,,R,18.0,R,0.0,R,18.0,R,9.0,R,50.0,A,,A,,A,,A,,A,,R,10
138682,2011,R,471.0,R,1342.0,R,35.0,R,553.0,R,0.0,R,553.0,R,329.0,R,59.0,R,178.0,R,0.0,R,178.0,R,73.0,R,41.0,R,33
138691,2011,R,1068.0,R,2300.0,R,46.0,R,1040.0,Z,0.0,R,1040.0,R,520.0,R,50.0,R,269.0,Z,0.0,R,269.0,R,100.0,R,37.0,R,23
138716,2011,R,1028.0,R,1289.0,R,80.0,R,883.0,R,0.0,R,883.0,R,575.0,R,65.0,R,26.0,R,0.0,R,26.0,R,12.0,R,46.0,R,21
138761,2011,R,186.0,R,208.0,R,89.0,R,154.0,R,0.0,R,154.0,R,81.0,R,53.0,R,0.0,R,0.0,R,0.0,R,0.0,A,,R,12
138789,2011,R,1091.0,R,2054.0,R,53.0,R,1088.0,R,0.0,R,1088.0,R,711.0,R,65.0,R,120.0,R,0.0,R,120.0,R,60.0,R,50.0,R,19
138813,2011,R,780.0,R,1343.0,R,58.0,R,687.0,R,0.0,R,687.0,R,287.0,R,42.0,R,65.0,R,0.0,R,65.0,R,18.0,R,28.0,R,18
138822,2011,A,,A,,A,,R,797.0,R,0.0,R,797.0,R,597.0,R,75.0,A,,A,,A,,A,,A,,R,20
138840,2011,R,218.0,R,861.0,R,25.0,R,488.0,R,0.0,R,488.0,R,244.0,R,50.0,R,404.0,R,0.0,R,404.0,R,141.0,R,35.0,R,17
138868,2011,R,147.0,R,384.0,R,38.0,R,91.0,R,0.0,R,91.0,R,58.0,R,64.0,R,1.0,R,0.0,R,1.0,R,0.0,R,0.0,R,35
138901,2011,R,365.0,R,1110.0,R,33.0,R,473.0,R,0.0,R,473.0,R,317.0,R,67.0,R,154.0,R,0.0,R,154.0,R,41.0,R,27.0,R,24
138938,2011,A,,A,,A,,R,43.0,R,0.0,R,43.0,R,37.0,R,86.0,R,13.0,R,0.0,R,13.0,R,10.0,R,77.0,R,10
138947,2011,R,820.0,R,989.0,R,83.0,R,842.0,R,0.0,R,842.0,R,553.0,R,66.0,R,10.0,R,0.0,R,10.0,R,3.0,R,30.0,R,16
138956,2011,R,316.0,R,1177.0,R,27.0,R,626.0,R,0.0,R,626.0,R,308.0,R,49.0,R,305.0,R,0.0,R,305.0,R,123.0,R,40.0,R,16
138983,2011,R,790.0,R,1542.0,R,51.0,R,932.0,R,0.0,R,932.0,R,628.0,R,67.0,R,45.0,R,0.0,R,45.0,R,17.0,R,38.0,R,19
139010,2011,R,535.0,R,1148.0,R,47.0,R,567.0,R,0.0,R,567.0,R,304.0,R,54.0,R,242.0,R,0.0,R,242.0,R,100.0,R,41.0,R,22
139074,2011,A,,A,,A,,R,6.0,R,0.0,R,6.0,R,2.0,R,33.0,R,1.0,R,0.0,R,1.0,R,0.0,R,0.0,R,12
139092,2011,A,,A,,A,,R,25.0,Z,0.0,R,25.0,R,19.0,R,76.0,A,,A,,A,,A,,A,,R,12
139144,2011,R,557.0,R,605.0,R,92.0,R,653.0,R,0.0,R,653.0,R,515.0,R,79.0,R,0.0,R,0.0,R,0.0,R,0.0,A,,R,13
139153,2011,R,65.0,R,138.0,R,47.0,R,30.0,Z,0.0,R,30.0,R,25.0,R,83.0,R,25.0,R,0.0,R,25.0,R,18.0,R,72.0,R,13
139199,2011,R,178.0,R,556.0,R,32.0,R,181.0,R,0.0,R,181.0,R,124.0,R,69.0,R,2.0,R,0.0,R,2.0,R,1.0,R,50.0,R,12
139205,2011,R,121.0,R,281.0,R,43.0,R,131.0,R,0.0,R,131.0,R,53.0,R,40.0,R,1.0,R,0.0,R,1.0,R,1.0,R,100.0,R,11
139214,2011,R,10.0,R,37.0,R,27.0,R,10.0,R,0.0,R,10.0,R,7.0,R,70.0,R,12.0,R,0.0,R,12.0,R,8.0,R,67.0,R,10
139250,2011,R,645.0,R,1189.0,R,54.0,R,50.0,R,0.0,R,50.0,R,39.0,R,78.0,R,8.0,R,0.0,R,8.0,R,2.0,R,25.0,R,21
139278,2011,R,379.0,R,2043.0,R,19.0,R,910.0,R,0.0,R,910.0,R,471.0,R,52.0,R,599.0,R,0.0,R,599.0,R,254.0,R,42.0,R,19
139287,2011,R,16.0,R,24.0,R,67.0,R,31.0,R,0.0,R,31.0,R,18.0,R,58.0,R,1.0,R,0.0,R,1.0,R,1.0,R,100.0,R,16
139311,2011,R,454.0,R,1873.0,R,24.0,R,425.0,R,0.0,R,425.0,R,283.0,R,67.0,R,133.0,R,0.0,R,133.0,R,85.0,R,64.0,R,18
139357,2011,R,238.0,R,1121.0,R,21.0,R,466.0,R,0.0,R,466.0,R,211.0,R,45.0,R,322.0,R,0.0,R,322.0,R,112.0,R,35.0,R,21
139366,2011,R,1135.0,R,1977.0,R,57.0,R,1135.0,R,19.0,R,1116.0,R,777.0,R,70.0,R,90.0,R,3.0,R,87.0,R,42.0,R,48.0,R,18
139384,2011,R,466.0,R,2137.0,R,22.0,R,849.0,R,0.0,R,849.0,R,413.0,R,49.0,R,453.0,R,0.0,R,453.0,R,179.0,R,40.0,R,20
139393,2011,R,286.0,R,348.0,R,82.0,R,269.0,R,0.0,R,269.0,R,219.0,R,81.0,A,,A,,A,,A,,A,,R,14
139463,2011,R,924.0,R,1458.0,R,63.0,R,350.0,R,0.0,R,350.0,R,227.0,R,65.0,R,32.0,R,0.0,R,32.0,R,13.0,R,41.0,R,20
139506,2011,A,,A,,A,,R,11.0,R,0.0,R,11.0,R,7.0,R,64.0,A,,A,,A,,A,,A,,R,13
139533,2011,R,179.0,R,1432.0,R,13.0,R,238.0,R,0.0,R,238.0,R,109.0,R,46.0,R,292.0,R,0.0,R,292.0,R,78.0,R,27.0,R,24
139579,2011,R,70.0,R,367.0,R,19.0,R,26.0,R,0.0,R,26.0,R,12.0,R,46.0,R,13.0,R,0.0,R,13.0,R,5.0,R,38.0,R,16
139621,2011,R,1541.0,R,1781.0,R,87.0,R,1074.0,Z,0.0,R,1074.0,R,587.0,R,55.0,R,88.0,Z,0.0,R,88.0,R,39.0,R,44.0,R,30
139630,2011,R,188.0,R,317.0,R,59.0,R,193.0,R,0.0,R,193.0,R,101.0,R,52.0,R,5.0,R,0.0,R,5.0,R,5.0,R,100.0,R,13
139658,2011,R,1780.0,R,2108.0,R,84.0,R,1336.0,R,8.0,R,1328.0,R,1271.0,R,96.0,A,,A,,A,,A,,A,,R,7
139700,2011,R,1023.0,R,2045.0,R,50.0,R,1125.0,Z,0.0,R,1125.0,R,704.0,R,63.0,R,179.0,Z,0.0,R,179.0,R,93.0,R,52.0,R,23
139719,2011,R,1049.0,R,1276.0,R,82.0,R,840.0,R,0.0,R,840.0,R,496.0,R,59.0,R,51.0,R,0.0,R,51.0,R,21.0,R,41.0,R,23
139746,2011,A,,A,,A,,A,,A,,A,,A,,A,,A,,A,,A,,A,,A,,R,17
139755,2011,R,2692.0,R,3917.0,R,69.0,R,2706.0,R,0.0,R,2706.0,R,2567.0,R,95.0,R,6.0,R,0.0,R,6.0,R,5.0,R,83.0,R,17
139764,2011,R,404.0,R,883.0,R,46.0,R,473.0,R,0.0,R,473.0,R,306.0,R,65.0,R,14.0,R,0.0,R,14.0,R,4.0,R,29.0,R,19
139773,2011,R,1646.0,R,3059.0,R,54.0,R,9.0,R,0.0,R,9.0,R,5.0,R,56.0,R,0.0,R,0.0,R,0.0,R,0.0,A,,R,26
139861,2011,R,1204.0,R,1672.0,R,72.0,R,1202.0,R,0.0,R,1202.0,R,999.0,R,83.0,R,1.0,R,0.0,R,1.0,R,0.0,R,0.0,R,17
139904,2011,R,433.0,R,722.0,R,60.0,R,395.0,Z,0.0,R,395.0,R,221.0,R,56.0,R,24.0,Z,0.0,R,24.0,R,10.0,R,42.0,R,25
139931,2011,R,3518.0,R,5372.0,R,65.0,R,3597.0,R,0.0,R,3597.0,R,2864.0,R,80.0,R,25.0,R,0.0,R,25.0,R,14.0,R,56.0,R,22
139940,2011,R,2723.0,R,6418.0,R,42.0,R,2853.0,R,0.0,R,2853.0,R,2372.0,R,83.0,R,103.0,R,0.0,R,103.0,R,59.0,R,57.0,R,21
139959,2011,R,5470.0,R,6976.0,R,78.0,R,4667.0,R,0.0,R,4667.0,R,4389.0,R,94.0,R,12.0,R,0.0,R,12.0,R,10.0,R,83.0,R,18
139968,2011,R,1100.0,R,1605.0,R,69.0,R,2.0,R,0.0,R,2.0,R,2.0,R,100.0,R,0.0,R,0.0,R,0.0,R,0.0,A,,R,24
139986,2011,R,379.0,R,1865.0,R,20.0,R,718.0,R,0.0,R,718.0,R,378.0,R,53.0,R,384.0,R,0.0,R,384.0,R,149.0,R,39.0,R,23
139995,2011,R,116.0,R,116.0,R,100.0,R,119.0,R,0.0,R,119.0,R,80.0,R,67.0,A,,A,,A,,A,,A,,R,26
140003,2011,R,91.0,R,98.0,R,93.0,R,89.0,R,0.0,R,89.0,R,57.0,R,64.0,R,22.0,R,0.0,R,22.0,R,14.0,R,64.0,R,17
140012,2011,R,376.0,R,1786.0,R,21.0,R,550.0,R,0.0,R,550.0,R,283.0,R,51.0,R,274.0,R,0.0,R,274.0,R,120.0,R,44.0,R,26
140085,2011,R,260.0,R,1516.0,R,17.0,R,955.0,R,0.0,R,955.0,R,615.0,R,64.0,R,241.0,R,0.0,R,241.0,R,62.0,R,26.0,R,20
140164,2011,R,2904.0,R,5841.0,R,50.0,R,2895.0,R,0.0,R,2895.0,R,2239.0,R,77.0,R,104.0,R,0.0,R,104.0,R,66.0,R,63.0,R,21
140234,2011,R,226.0,R,309.0,R,73.0,R,173.0,R,0.0,R,173.0,R,112.0,R,65.0,R,1.0,R,0.0,R,1.0,R,0.0,R,0.0,R,9
140243,2011,R,165.0,R,655.0,R,25.0,R,423.0,R,0.0,R,423.0,R,213.0,R,50.0,R,333.0,R,0.0,R,333.0,R,141.0,R,42.0,R,15
140252,2011,R,49.0,R,166.0,R,30.0,R,134.0,R,0.0,R,134.0,R,92.0,R,69.0,R,30.0,R,0.0,R,30.0,R,22.0,R,73.0,R,17
140304,2011,R,431.0,R,1275.0,R,34.0,R,1099.0,R,0.0,R,1099.0,R,470.0,R,43.0,R,473.0,R,0.0,R,473.0,R,143.0,R,30.0,R,20
140322,2011,R,654.0,R,1415.0,R,46.0,R,148.0,R,0.0,R,148.0,R,110.0,R,74.0,R,18.0,R,0.0,R,18.0,R,11.0,R,61.0,R,20
140331,2011,R,986.0,R,3403.0,R,29.0,R,1509.0,R,0.0,R,1509.0,R,739.0,R,49.0,R,806.0,R,0.0,R,806.0,R,287.0,R,36.0,R,25
140340,2011,R,29.0,R,54.0,R,54.0,R,23.0,R,0.0,R,23.0,R,11.0,R,48.0,R,12.0,Z,0.0,R,12.0,R,4.0,R,33.0,R,18
140401,2011,A,,A,,A,,A,,A,,A,,A,,A,,A,,A,,A,,A,,A,,R,14
140447,2011,R,567.0,R,1170.0,R,48.0,R,599.0,R,0.0,R,599.0,R,499.0,R,83.0,R,32.0,R,0.0,R,32.0,R,19.0,R,59.0,R,12
140483,2011,R,865.0,R,1314.0,R,66.0,R,35.0,R,0.0,R,35.0,R,27.0,R,77.0,R,0.0,R,0.0,R,0.0,R,0.0,A,,R,23
140553,2011,R,497.0,R,573.0,R,87.0,R,518.0,R,0.0,R,518.0,R,453.0,R,87.0,R,6.0,R,0.0,R,6.0,R,1.0,R,17.0,R,13
140599,2011,R,203.0,R,362.0,R,56.0,R,297.0,R,0.0,R,297.0,R,155.0,R,52.0,R,116.0,R,0.0,R,116.0,R,45.0,R,39.0,R,16
140669,2011,R,981.0,R,1537.0,R,64.0,R,936.0,R,0.0,R,936.0,R,712.0,R,76.0,R,14.0,R,0.0,R,14.0,R,6.0,R,43.0,R,19
140678,2011,R,363.0,R,853.0,R,43.0,R,561.0,R,0.0,R,561.0,R,297.0,R,53.0,R,125.0,R,0.0,R,125.0,R,60.0,R,48.0,R,18
140696,2011,R,262.0,R,324.0,R,81.0,R,232.0,R,2.0,R,230.0,R,169.0,R,73.0,A,,A,,A,,A,,A,,R,16
140720,2011,R,183.0,R,248.0,R,74.0,R,215.0,R,0.0,R,215.0,R,132.0,R,61.0,R,3.0,R,0.0,R,3.0,R,0.0,R,0.0,R,12
140818,2011,R,253.0,R,409.0,R,62.0,R,175.0,R,0.0,R,175.0,R,137.0,R,78.0,R,14.0,R,0.0,R,14.0,R,9.0,R,64.0,R,16
140827,2011,A,,A,,A,,R,2.0,R,0.0,R,2.0,R,1.0,R,50.0,A,,A,,A,,A,,A,,R,6
140872,2011,R,236.0,R,363.0,R,65.0,R,201.0,R,0.0,R,201.0,R,113.0,R,56.0,R,1.0,R,0.0,R,1.0,R,0.0,R,0.0,R,12
140942,2011,R,282.0,R,1415.0,R,20.0,R,549.0,R,0.0,R,549.0,R,228.0,R,42.0,R,609.0,R,0.0,R,609.0,R,199.0,R,33.0,R,20
140951,2011,R,1721.0,R,2531.0,R,68.0,R,1626.0,R,0.0,R,1626.0,R,1336.0,R,82.0,R,24.0,R,0.0,R,24.0,R,14.0,R,58.0,R,17
140960,2011,R,1185.0,R,1532.0,R,77.0,R,953.0,R,0.0,R,953.0,R,673.0,R,71.0,R,37.0,R,0.0,R,37.0,R,13.0,R,35.0,R,23
140988,2011,R,405.0,R,634.0,R,64.0,R,448.0,R,0.0,R,448.0,R,303.0,R,68.0,R,0.0,R,0.0,R,0.0,R,0.0,A,,R,13
140997,2011,R,971.0,R,1190.0,R,82.0,R,838.0,Z,0.0,R,838.0,R,387.0,R,46.0,R,48.0,Z,0.0,R,48.0,R,27.0,R,56.0,R,33
141006,2011,R,285.0,R,531.0,R,54.0,R,526.0,R,0.0,R,526.0,R,249.0,R,47.0,R,209.0,R,0.0,R,209.0,R,74.0,R,35.0,R,18
141015,2011,A,,A,,A,,R,11.0,R,0.0,R,11.0,R,8.0,R,73.0,R,5.0,Z,0.0,R,5.0,R,0.0,R,0.0,R,8
141060,2011,R,529.0,R,573.0,R,92.0,R,536.0,R,0.0,R,536.0,R,479.0,R,89.0,R,3.0,R,0.0,R,3.0,R,1.0,R,33.0,R,11
141097,2011,R,575.0,R,1357.0,R,42.0,R,550.0,R,0.0,R,550.0,R,420.0,R,76.0,R,24.0,R,0.0,R,24.0,R,12.0,R,50.0,R,18
141158,2011,R,87.0,R,771.0,R,11.0,R,131.0,R,0.0,R,131.0,R,73.0,R,56.0,R,121.0,R,0.0,R,121.0,R,49.0,R,40.0,R,13
141167,2011,R,88.0,R,104.0,R,85.0,R,43.0,R,0.0,R,43.0,R,27.0,R,63.0,R,6.0,R,0.0,R,6.0,R,6.0,R,100.0,R,6
141185,2011,R,165.0,R,261.0,R,63.0,R,152.0,R,0.0,R,152.0,R,102.0,R,67.0,R,8.0,R,0.0,R,8.0,R,4.0,R,50.0,R,14
141237,2011,R,175.0,R,500.0,R,35.0,R,160.0,R,0.0,R,160.0,R,119.0,R,74.0,R,1.0,R,0.0,R,1.0,R,0.0,R,0.0,R,13
141255,2011,R,287.0,R,974.0,R,29.0,R,613.0,R,0.0,R,613.0,R,294.0,R,48.0,R,316.0,R,0.0,R,316.0,R,115.0,R,36.0,R,21
141264,2011,R,2218.0,R,3182.0,R,70.0,R,2517.0,R,0.0,R,2517.0,R,1684.0,R,67.0,R,36.0,R,0.0,R,36.0,R,15.0,R,42.0,R,23
141307,2011,R,160.0,R,458.0,R,35.0,R,250.0,R,0.0,R,250.0,R,124.0,R,50.0,R,58.0,R,0.0,R,58.0,R,27.0,R,47.0,R,21
141325,2011,R,102.0,R,197.0,R,52.0,R,104.0,R,0.0,R,104.0,R,76.0,R,73.0,R,0.0,R,0.0,R,0.0,R,0.0,A,,R,11
141334,2011,R,1924.0,R,2945.0,R,65.0,R,1844.0,R,0.0,R,1844.0,R,1361.0,R,74.0,R,54.0,R,0.0,R,54.0,R,31.0,R,57.0,R,20
141361,2011,R,319.0,R,368.0,R,87.0,R,327.0,R,0.0,R,327.0,R,211.0,R,65.0,R,0.0,R,0.0,R,0.0,R,0.0,A,,R,10
141468,2011,R,143.0,R,348.0,R,41.0,R,231.0,R,0.0,R,231.0,R,146.0,R,63.0,R,280.0,R,0.0,R,280.0,R,146.0,R,52.0,R,27
141486,2011,R,305.0,R,624.0,R,49.0,R,287.0,R,0.0,R,287.0,R,205.0,R,71.0,R,108.0,R,0.0,R,108.0,R,53.0,R,49.0,R,13
141565,2011,R,456.0,R,1177.0,R,39.0,R,393.0,R,0.0,R,393.0,R,272.0,R,69.0,R,10.0,R,0.0,R,10.0,R,6.0,R,60.0,R,15
141574,2011,R,1945.0,R,4148.0,R,47.0,R,1778.0,R,0.0,R,1778.0,R,1395.0,R,78.0,R,45.0,R,0.0,R,45.0,R,26.0,R,58.0,R,13
141608,2011,A,,A,,A,,R,29.0,R,0.0,R,29.0,R,19.0,R,66.0,A,,A,,A,,A,,A,,R,19
141644,2011,R,533.0,R,1806.0,R,30.0,R,599.0,R,2.0,R,597.0,R,398.0,R,67.0,R,22.0,R,0.0,R,22.0,R,10.0,R,45.0,R,15
141680,2011,R,438.0,R,1769.0,R,25.0,R,460.0,R,0.0,R,460.0,R,259.0,R,56.0,R,276.0,R,0.0,R,276.0,R,96.0,R,35.0,R,18
141796,2011,R,681.0,R,3098.0,R,22.0,R,741.0,R,0.0,R,741.0,R,474.0,R,64.0,R,561.0,R,0.0,R,561.0,R,273.0,R,49.0,R,19
141802,2011,R,205.0,R,569.0,R,36.0,R,175.0,R,0.0,R,175.0,R,100.0,R,57.0,R,126.0,R,0.0,R,126.0,R,49.0,R,39.0,R,12
141811,2011,R,854.0,R,2819.0,R,30.0,R,854.0,R,0.0,R,854.0,R,564.0,R,66.0,R,505.0,R,0.0,R,505.0,R,212.0,R,42.0,R,25
141839,2011,R,485.0,R,1628.0,R,30.0,R,0.0,R,0.0,R,0.0,R,0.0,A,,R,0.0,R,0.0,R,0.0,R,0.0,A,,R,17
141848,2011,A,,A,,A,,A,,A,,A,,A,,A,,A,,A,,A,,A,,A,,R,19
141945,2011,A,,A,,A,,R,75.0,R,0.0,R,75.0,R,70.0,R,93.0,A,,A,,A,,A,,A,,R,14
141981,2011,R,36.0,R,586.0,R,6.0,R,29.0,R,0.0,R,29.0,R,11.0,R,38.0,R,77.0,R,0.0,R,77.0,R,53.0,R,69.0,R,16
141990,2011,R,244.0,R,1074.0,R,23.0,R,288.0,R,0.0,R,288.0,R,173.0,R,60.0,R,166.0,R,0.0,R,166.0,R,61.0,R,37.0,R,23
142054,2011,A,,A,,A,,R,71.0,R,0.0,R,71.0,R,50.0,R,70.0,A,,A,,A,,A,,A,,R,16
142090,2011,R,62.0,R,87.0,R,71.0,R,56.0,R,0.0,R,56.0,R,31.0,R,55.0,R,0.0,R,0.0,R,0.0,R,0.0,A,,R,16
142115,2011,R,2149.0,R,3748.0,R,57.0,R,2297.0,R,3.0,R,2294.0,R,1586.0,R,69.0,R,205.0,R,0.0,R,205.0,R,101.0,R,49.0,R,19
142179,2011,R,44.0,R,441.0,R,10.0,R,65.0,R,0.0,R,65.0,R,41.0,R,63.0,R,44.0,Z,0.0,R,44.0,R,22.0,R,50.0,R,3
142276,2011,R,1624.0,R,2576.0,R,63.0,R,654.0,R,0.0,R,654.0,R,398.0,R,61.0,R,93.0,R,0.0,R,93.0,R,46.0,R,49.0,R,16
142285,2011,R,1585.0,R,2617.0,R,61.0,R,1719.0,R,0.0,R,1719.0,R,1369.0,R,80.0,R,35.0,R,0.0,R,35.0,R,8.0,R,23.0,R,18
142294,2011,R,233.0,R,286.0,R,81.0,R,266.0,R,4.0,R,262.0,R,210.0,R,80.0,R,5.0,R,0.0,R,5.0,R,4.0,R,80.0,R,12
142328,2011,R,576.0,R,2182.0,R,26.0,R,452.0,R,0.0,R,452.0,R,251.0,R,56.0,R,31.0,Z,0.0,R,31.0,R,12.0,R,39.0,R,16
142337,2011,R,20.0,R,40.0,R,50.0,R,0.0,R,0.0,R,0.0,R,0.0,A,,R,0.0,R,0.0,R,0.0,R,0.0,A,,R,14
142407,2011,A,,A,,A,,R,12.0,R,0.0,R,12.0,R,9.0,R,75.0,A,,A,,A,,A,,A,,R,13
142416,2011,A,,A,,A,,R,23.0,R,0.0,R,23.0,R,18.0,R,78.0,A,,A,,A,,A,,A,,R,20
142443,2011,R,877.0,R,2086.0,R,42.0,R,928.0,R,1.0,R,927.0,R,550.0,R,59.0,R,296.0,R,0.0,R,296.0,R,105.0,R,35.0,R,17
142461,2011,R,256.0,R,426.0,R,60.0,R,264.0,R,0.0,R,264.0,R,190.0,R,72.0,R,0.0,R,0.0,R,0.0,R,0.0,A,,R,12
142489,2011,A,,A,,A,,R,16.0,R,0.0,R,16.0,R,13.0,R,81.0,A,,A,,A,,A,,A,,R,16
142522,2011,R,2437.0,R,5065.0,R,48.0,R,1621.0,R,426.0,R,1195.0,R,875.0,R,73.0,R,66.0,R,8.0,R,58.0,R,18.0,R,31.0,R,23
142559,2011,R,1005.0,R,3757.0,R,27.0,R,1148.0,Z,0.0,R,1148.0,R,623.0,R,54.0,R,491.0,Z,0.0,R,491.0,R,169.0,R,34.0,R,21
142869,2011,A,,A,,A,,R,18.0,R,0.0,R,18.0,R,6.0,R,33.0,R,15.0,R,0.0,R,15.0,R,5.0,R,33.0,R,9
142878,2011,A,,A,,A,,R,13.0,R,0.0,R,13.0,R,11.0,R,85.0,A,,A,,A,,A,,A,,R,10
142887,2011,R,97.0,R,140.0,R,69.0,R,133.0,R,0.0,R,133.0,R,96.0,R,72.0,R,29.0,R,0.0,R,29.0,R,14.0,R,48.0,R,13
143048,2011,R,449.0,R,764.0,R,59.0,R,477.0,R,0.0,R,477.0,R,373.0,R,78.0,R,1.0,R,0.0,R,1.0,R,1.0,R,100.0,R,10
143075,2011,A,,A,,A,,R,129.0,R,2.0,R,127.0,R,88.0,R,69.0,A,,A,,A,,A,,A,,R,11
143084,2011,R,708.0,R,763.0,R,93.0,R,753.0,R,0.0,R,753.0,R,660.0,R,88.0,A,,A,,A,,A,,A,,R,11
143118,2011,R,471.0,R,977.0,R,48.0,R,500.0,R,0.0,R,500.0,R,363.0,R,73.0,R,1.0,R,0.0,R,1.0,R,0.0,R,0.0,R,15
143181,2011,A,,A,,A,,R,33.0,R,0.0,R,33.0,R,27.0,R,82.0,A,,A,,A,,A,,A,,R,11
143215,2011,R,794.0,R,2301.0,R,35.0,R,809.0,R,20.0,R,789.0,R,492.0,R,62.0,R,376.0,R,36.0,R,340.0,R,165.0,R,49.0,R,24
143279,2011,R,444.0,R,1319.0,R,34.0,R,550.0,R,5.0,R,545.0,R,296.0,R,54.0,R,165.0,R,1.0,R,164.0,R,58.0,R,35.0,R,22
143288,2011,R,141.0,R,179.0,R,79.0,R,150.0,R,0.0,R,150.0,R,91.0,R,61.0,R,1.0,R,0.0,R,1.0,R,0.0,R,0.0,R,10
143297,2011,A,,A,,A,,A,,A,,A,,A,,A,,A,,A,,A,,A,,A,,R,10
143303,2011,A,,A,,A,,A,,A,,A,,A,,A,,A,,A,,A,,A,,A,,R,9
143358,2011,R,1016.0,R,1018.0,R,100.0,R,1136.0,R,0.0,R,1136.0,R,980.0,R,86.0,R,0.0,R,0.0,R,0.0,R,0.0,A,,R,12
143376,2011,A,,A,,A,,R,204.0,R,2.0,R,202.0,R,188.0,R,93.0,R,88.0,R,0.0,R,88.0,R,67.0,R,76.0,R,10
143464,2011,A,,A,,A,,R,38.0,R,0.0,R,38.0,R,20.0,R,53.0,R,27.0,Z,0.0,R,27.0,R,14.0,R,52.0,R,8
143473,2011,A,,A,,A,,R,13.0,R,0.0,R,13.0,R,9.0,R,69.0,R,23.0,R,0.0,R,23.0,R,18.0,R,78.0,R,19
143482,2011,A,,A,,A,,R,24.0,R,0.0,R,24.0,R,11.0,R,46.0,R,11.0,R,0.0,R,11.0,R,7.0,R,64.0,R,20
143491,2011,A,,A,,A,,R,17.0,R,0.0,R,17.0,R,15.0,R,88.0,R,31.0,R,0.0,R,31.0,R,29.0,R,94.0,R,15
143516,2011,A,,A,,A,,R,8.0,R,0.0,R,8.0,R,4.0,R,50.0,R,12.0,R,0.0,R,12.0,R,9.0,R,75.0,R,16
143534,2011,A,,A,,A,,R,11.0,R,0.0,R,11.0,R,9.0,R,82.0,A,,A,,A,,A,,A,,R,13
143543,2011,A,,A,,A,,R,10.0,Z,0.0,R,10.0,R,7.0,R,70.0,R,6.0,Z,0.0,R,6.0,R,6.0,R,100.0,R,18
143552,2011,A,,A,,A,,R,19.0,R,0.0,R,19.0,R,15.0,R,79.0,R,6.0,R,0.0,R,6.0,R,5.0,R,83.0,R,15
143613,2011,R,314.0,R,999.0,R,31.0,R,363.0,R,5.0,R,358.0,R,195.0,R,54.0,R,118.0,R,1.0,R,117.0,R,31.0,R,26.0,R,16
143695,2011,A,,A,,A,,R,19.0,R,0.0,R,19.0,R,10.0,R,53.0,A,,A,,A,,A,,A,,R,12
144005,2011,R,432.0,R,1035.0,R,42.0,R,523.0,Z,0.0,R,523.0,R,277.0,R,53.0,R,15.0,R,0.0,R,15.0,R,7.0,R,47.0,R,16
144050,2011,R,1411.0,R,1474.0,R,96.0,R,1387.0,R,9.0,R,1378.0,R,1361.0,R,99.0,A,,A,,A,,A,,A,,R,6
144157,2011,R,818.0,R,1700.0,R,48.0,R,770.0,R,35.0,R,735.0,R,396.0,R,54.0,R,244.0,R,13.0,R,231.0,R,64.0,R,28.0,R,34
144166,2011,R,514.0,R,2116.0,R,24.0,R,614.0,R,34.0,R,580.0,R,258.0,R,44.0,R,296.0,R,26.0,R,270.0,R,81.0,R,30.0,R,41
144175,2011,R,422.0,R,932.0,R,45.0,R,474.0,R,31.0,R,443.0,R,184.0,R,42.0,R,235.0,R,11.0,R,224.0,R,61.0,R,27.0,R,38
144184,2011,R,951.0,R,3259.0,R,29.0,R,954.0,R,75.0,R,879.0,R,412.0,R,47.0,R,550.0,R,30.0,R,520.0,R,139.0,R,27.0,R,38
144193,2011,R,504.0,R,2027.0,R,25.0,R,498.0,R,25.0,R,473.0,R,223.0,R,47.0,R,395.0,R,18.0,R,377.0,R,135.0,R,36.0,R,39
144209,2011,R,1332.0,R,2355.0,R,57.0,R,1213.0,R,52.0,R,1161.0,R,606.0,R,52.0,R,474.0,R,33.0,R,441.0,R,166.0,R,38.0,R,34
144218,2011,R,1224.0,R,3386.0,R,36.0,R,1141.0,R,37.0,R,1104.0,R,652.0,R,59.0,R,720.0,R,31.0,R,689.0,R,300.0,R,44.0,R,35
144281,2011,R,2093.0,R,3377.0,R,62.0,R,2209.0,R,0.0,R,2209.0,R,1491.0,R,67.0,R,43.0,R,0.0,R,43.0,R,20.0,R,47.0,R,10
144351,2011,R,343.0,R,506.0,R,68.0,R,303.0,R,0.0,R,303.0,R,191.0,R,63.0,A,,A,,A,,A,,A,,R,9
144467,2011,A,,A,,A,,R,221.0,Z,0.0,R,221.0,R,150.0,R,68.0,A,,A,,A,,A,,A,,R,40
144485,2011,A,,A,,A,,R,300.0,R,0.0,R,300.0,R,185.0,R,62.0,A,,A,,A,,A,,A,,R,23
144564,2011,R,621.0,R,3088.0,R,20.0,R,702.0,R,34.0,R,668.0,R,352.0,R,53.0,R,408.0,R,38.0,R,370.0,R,184.0,R,50.0,R,27
144573,2011,A,,A,,A,,R,15.0,R,0.0,R,15.0,R,10.0,R,67.0,A,,A,,A,,A,,A,,R,20
144616,2011,A,,A,,A,,R,5.0,R,0.0,R,5.0,R,5.0,R,100.0,R,5.0,R,0.0,R,5.0,R,4.0,R,80.0,R,2
144740,2011,R,2455.0,R,4369.0,R,56.0,R,2235.0,R,0.0,R,2235.0,R,1931.0,R,86.0,R,5.0,R,0.0,R,5.0,R,0.0,R,0.0,R,17
144759,2011,R,965.0,R,11232.0,R,9.0,R,1083.0,R,0.0,R,1083.0,R,579.0,R,53.0,R,2277.0,R,0.0,R,2277.0,R,769.0,R,34.0,R,14
144795,2011,A,,A,,A,,R,87.0,R,1.0,R,86.0,R,79.0,R,92.0,R,56.0,R,0.0,R,56.0,R,35.0,R,63.0,R,20
144865,2011,R,2721.0,R,6268.0,R,43.0,R,2444.0,R,85.0,R,2359.0,R,1531.0,R,65.0,R,874.0,R,43.0,R,831.0,R,380.0,R,46.0,R,25
144883,2011,R,171.0,R,219.0,R,78.0,R,268.0,R,0.0,R,268.0,R,78.0,R,29.0,R,0.0,R,0.0,R,0.0,R,0.0,A,,R,20
144892,2011,R,1367.0,R,2521.0,R,54.0,R,1461.0,R,0.0,R,1461.0,R,1153.0,R,79.0,R,3.0,R,0.0,R,3.0,R,0.0,R,0.0,R,15
144944,2011,R,882.0,R,2580.0,R,34.0,R,924.0,R,16.0,R,908.0,R,656.0,R,72.0,R,330.0,R,8.0,R,322.0,R,160.0,R,50.0,R,23
144962,2011,R,608.0,R,987.0,R,62.0,R,538.0,R,0.0,R,538.0,R,429.0,R,80.0,R,0.0,R,0.0,R,0.0,R,0.0,A,,R,14
144971,2011,R,159.0,R,266.0,R,60.0,R,174.0,R,0.0,R,174.0,R,116.0,R,67.0,R,0.0,R,0.0,R,0.0,R,0.0,A,,R,14
145099,2011,A,,A,,A,,A,,A,,A,,A,,A,,A,,A,,A,,A,,A,,R,18
145239,2011,R,75.0,R,181.0,R,41.0,R,94.0,R,0.0,R,94.0,R,71.0,R,76.0,A,,A,,A,,A,,A,,R,18
145309,2011,A,,A,,A,,R,29.0,R,0.0,R,29.0,R,21.0,R,72.0,A,,A,,A,,A,,A,,R,9
145336,2011,A,,A,,A,,A,,A,,A,,A,,A,,A,,A,,A,,A,,A,,R,12
145354,2011,A,,A,,A,,R,2.0,R,0.0,R,2.0,R,2.0,R,100.0,A,,A,,A,,A,,A,,R,6
145372,2011,R,276.0,R,440.0,R,63.0,R,283.0,R,0.0,R,283.0,R,189.0,R,67.0,R,0.0,R,0.0,R,0.0,R,0.0,A,,R,14
145406,2011,A,,A,,A,,R,37.0,R,0.0,R,37.0,R,24.0,R,65.0,R,23.0,Z,0.0,R,23.0,R,13.0,R,57.0,R,12
145424,2011,A,,A,,A,,R,6.0,Z,0.0,R,6.0,R,5.0,R,83.0,R,9.0,Z,0.0,R,9.0,R,8.0,R,89.0,R,9
145433,2011,A,,A,,A,,R,16.0,R,0.0,R,16.0,R,14.0,R,88.0,R,21.0,R,0.0,R,21.0,R,17.0,R,81.0,R,15
145460,2011,R,26.0,R,70.0,R,37.0,R,44.0,R,0.0,R,44.0,R,30.0,R,68.0,R,18.0,R,0.0,R,18.0,R,3.0,R,17.0,R,13
145497,2011,R,331.0,R,356.0,R,93.0,R,373.0,R,0.0,R,373.0,R,32.0,R,9.0,R,0.0,R,0.0,R,0.0,R,0.0,A,,R,20
145521,2011,R,353.0,R,638.0,R,55.0,R,401.0,R,2.0,R,399.0,R,242.0,R,61.0,R,131.0,R,15.0,R,116.0,R,30.0,R,26.0,R,20
145600,2011,R,3097.0,R,4669.0,R,66.0,R,3185.0,R,0.0,R,3185.0,R,2529.0,R,79.0,R,19.0,R,0.0,R,19.0,R,8.0,R,42.0,R,17
145619,2011,R,525.0,R,1217.0,R,43.0,R,548.0,R,0.0,R,548.0,R,442.0,R,81.0,R,10.0,R,0.0,R,10.0,R,3.0,R,30.0,R,15
145637,2011,R,7249.0,R,8895.0,R,81.0,R,6924.0,R,2.0,R,6922.0,R,6420.0,R,93.0,R,5.0,R,0.0,R,5.0,R,3.0,R,60.0,R,20
145646,2011,R,510.0,R,557.0,R,92.0,R,587.0,R,0.0,R,587.0,R,528.0,R,90.0,A,,A,,A,,A,,A,,R,11
145682,2011,R,979.0,R,3481.0,R,28.0,R,1096.0,R,2.0,R,1094.0,R,677.0,R,62.0,R,404.0,R,13.0,R,391.0,R,147.0,R,38.0,R,21
145691,2011,R,288.0,R,347.0,R,83.0,R,227.0,R,1.0,R,226.0,R,188.0,R,83.0,A,,A,,A,,A,,A,,R,11
145707,2011,R,239.0,R,500.0,R,48.0,R,63.0,R,1.0,R,62.0,R,36.0,R,58.0,R,10.0,R,2.0,R,8.0,R,4.0,R,50.0,R,16
145725,2011,R,448.0,R,769.0,R,58.0,R,397.0,R,0.0,R,397.0,R,352.0,R,89.0,R,0.0,R,0.0,R,0.0,R,0.0,A,,R,12
145770,2011,R,53.0,R,209.0,R,25.0,R,33.0,R,0.0,R,33.0,R,4.0,R,12.0,R,19.0,R,0.0,R,19.0,R,5.0,R,26.0,R,17
145813,2011,R,3312.0,R,5221.0,R,63.0,R,3182.0,R,0.0,R,3182.0,R,2712.0,R,85.0,R,8.0,R,0.0,R,8.0,R,6.0,R,75.0,R,19
145831,2011,R,257.0,R,691.0,R,37.0,R,229.0,R,3.0,R,226.0,R,140.0,R,62.0,R,137.0,R,11.0,R,126.0,R,68.0,R,54.0,R,20
146010,2011,R,25.0,R,85.0,R,29.0,R,184.0,Z,0.0,R,184.0,R,68.0,R,37.0,R,9.0,Z,0.0,R,9.0,R,1.0,R,11.0,R,18
146205,2011,R,436.0,R,2111.0,R,21.0,R,512.0,R,32.0,R,480.0,R,246.0,R,51.0,R,488.0,R,45.0,R,443.0,R,175.0,R,40.0,R,24
146278,2011,R,406.0,R,988.0,R,41.0,R,516.0,R,3.0,R,513.0,R,293.0,R,57.0,R,125.0,R,1.0,R,124.0,R,60.0,R,48.0,R,13
146296,2011,R,1010.0,R,2952.0,R,34.0,R,1095.0,R,33.0,R,1062.0,R,587.0,R,55.0,R,712.0,R,77.0,R,635.0,R,230.0,R,36.0,R,24
146339,2011,R,145.0,R,337.0,R,43.0,R,155.0,R,0.0,R,155.0,R,116.0,R,75.0,R,22.0,R,0.0,R,22.0,R,10.0,R,45.0,R,10
146348,2011,R,255.0,R,795.0,R,32.0,R,268.0,R,4.0,R,264.0,R,155.0,R,59.0,R,95.0,R,4.0,R,91.0,R,44.0,R,48.0,R,21
146366,2011,R,984.0,R,3153.0,R,31.0,R,856.0,R,10.0,R,846.0,R,515.0,R,61.0,R,380.0,R,25.0,R,355.0,R,165.0,R,46.0,R,24
146393,2011,R,115.0,R,521.0,R,22.0,R,112.0,R,0.0,R,112.0,R,59.0,R,53.0,R,11.0,R,0.0,R,11.0,R,3.0,R,27.0,R,16
146418,2011,R,471.0,R,1344.0,R,35.0,R,611.0,R,10.0,R,601.0,R,320.0,R,53.0,R,150.0,R,5.0,R,145.0,R,62.0,R,43.0,R,27
146427,2011,R,343.0,R,387.0,R,89.0,R,358.0,R,0.0,R,358.0,R,317.0,R,89.0,A,,A,,A,,A,,A,,R,11
146454,2011,A,,A,,A,,R,4.0,R,0.0,R,4.0,R,3.0,R,75.0,A,,A,,A,,A,,A,,R,5
146472,2011,R,1074.0,R,3974.0,R,27.0,R,1244.0,R,23.0,R,1221.0,R,749.0,R,61.0,R,787.0,R,41.0,R,746.0,R,350.0,R,47.0,R,18
146481,2011,R,406.0,R,478.0,R,85.0,R,402.0,R,0.0,R,402.0,R,333.0,R,83.0,A,,A,,A,,A,,A,,R,13
146506,2011,R,958.0,R,2804.0,R,34.0,R,564.0,R,8.0,R,556.0,R,318.0,R,57.0,R,391.0,R,2.0,R,389.0,R,149.0,R,38.0,R,35
146533,2011,A,,A,,A,,A,,A,,A,,A,,A,,A,,A,,A,,A,,A,,R,8
146603,2011,R,621.0,R,2309.0,R,27.0,R,326.0,R,34.0,R,292.0,R,145.0,R,50.0,R,140.0,R,14.0,R,126.0,R,54.0,R,43.0,R,24
146612,2011,R,736.0,R,1398.0,R,53.0,R,634.0,R,0.0,R,634.0,R,486.0,R,77.0,R,2.0,R,0.0,R,2.0,R,2.0,R,100.0,R,13
146621,2011,R,10.0,R,22.0,R,45.0,R,10.0,R,0.0,R,10.0,R,6.0,R,60.0,R,0.0,R,0.0,R,0.0,R,0.0,A,,R,6
146667,2011,R,126.0,R,194.0,R,65.0,R,95.0,R,0.0,R,95.0,R,65.0,R,68.0,R,2.0,R,0.0,R,2.0,R,2.0,R,100.0,R,16
146676,2011,R,380.0,R,569.0,R,67.0,R,40.0,R,0.0,R,40.0,R,18.0,R,45.0,R,3.0,R,0.0,R,3.0,R,2.0,R,67.0,R,15
146685,2011,R,624.0,R,1589.0,R,39.0,R,757.0,R,19.0,R,738.0,R,399.0,R,54.0,R,400.0,R,18.0,R,382.0,R,185.0,R,48.0,R,24
146700,2011,A,,A,,A,,R,371.0,R,0.0,R,371.0,R,264.0,R,71.0,A,,A,,A,,A,,A,,R,31
146719,2011,R,1928.0,R,2516.0,R,77.0,R,2060.0,R,0.0,R,2060.0,R,1801.0,R,87.0,R,3.0,R,0.0,R,3.0,R,1.0,R,33.0,R,15
146755,2011,R,1.0,R,45.0,R,2.0,R,1.0,R,0.0,R,1.0,R,1.0,R,100.0,R,2.0,R,0.0,R,2.0,R,1.0,R,50.0,R,9
146791,2011,A,,A,,A,,R,131.0,Z,0.0,R,131.0,R,96.0,R,73.0,A,,A,,A,,A,,A,,R,21
146807,2011,A,,A,,A,,R,5.0,R,0.0,R,5.0,R,5.0,R,100.0,R,6.0,R,0.0,R,6.0,R,6.0,R,100.0,R,10
146816,2011,R,18.0,R,52.0,R,35.0,R,20.0,R,0.0,R,20.0,R,14.0,R,70.0,R,5.0,R,0.0,R,5.0,R,1.0,R,20.0,R,11
146825,2011,R,126.0,R,177.0,R,71.0,R,90.0,R,0.0,R,90.0,R,41.0,R,46.0,R,0.0,R,0.0,R,0.0,R,0.0,A,,R,12
147004,2011,R,395.0,R,1478.0,R,27.0,R,479.0,R,11.0,R,468.0,R,306.0,R,65.0,R,309.0,R,3.0,R,306.0,R,167.0,R,55.0,R,23
147013,2011,R,290.0,R,625.0,R,46.0,R,341.0,R,1.0,R,340.0,R,260.0,R,76.0,A,,A,,A,,A,,A,,R,14
147129,2011,R,12.0,R,106.0,R,11.0,R,19.0,R,0.0,R,19.0,R,19.0,R,100.0,R,4.0,R,0.0,R,4.0,R,4.0,R,100.0,R,16
147165,2011,R,10.0,R,117.0,R,9.0,R,1.0,R,0.0,R,1.0,R,1.0,R,100.0,R,3.0,R,0.0,R,3.0,R,2.0,R,67.0,R,8
147244,2011,R,432.0,R,631.0,R,68.0,R,498.0,R,0.0,R,498.0,R,385.0,R,77.0,R,0.0,R,0.0,R,0.0,R,0.0,A,,R,11
147341,2011,R,338.0,R,421.0,R,80.0,R,355.0,R,0.0,R,355.0,R,263.0,R,74.0,A,,A,,A,,A,,A,,R,14
147369,2011,R,352.0,R,987.0,R,36.0,R,313.0,R,0.0,R,313.0,R,256.0,R,82.0,R,20.0,R,0.0,R,20.0,R,3.0,R,15.0,R,17
147378,2011,R,850.0,R,3184.0,R,27.0,R,1294.0,R,34.0,R,1260.0,R,779.0,R,62.0,R,603.0,R,48.0,R,555.0,R,192.0,R,35.0,R,33
147396,2011,R,33.0,R,35.0,R,94.0,R,45.0,R,1.0,R,44.0,R,42.0,R,95.0,R,0.0,R,0.0,R,0.0,R,0.0,A,,R,11
147411,2011,R,167.0,R,644.0,R,26.0,R,258.0,R,12.0,R,246.0,R,167.0,R,68.0,R,155.0,R,16.0,R,139.0,R,83.0,R,60.0,R,22
147439,2011,A,,A,,A,,R,34.0,Z,0.0,R,34.0,R,29.0,R,85.0,R,3.0,R,0.0,R,3.0,R,3.0,R,100.0,R,15
147536,2011,R,24.0,R,417.0,R,6.0,R,49.0,R,0.0,R,49.0,R,28.0,R,57.0,R,5.0,R,0.0,R,5.0,R,4.0,R,80.0,R,8
147590,2011,A,,A,,A,,A,,A,,A,,A,,A,,A,,A,,A,,A,,A,,R,6
147642,2011,A,,A,,A,,R,8.0,R,0.0,R,8.0,R,4.0,R,50.0,R,26.0,R,0.0,R,26.0,R,17.0,R,65.0,R,11
147660,2011,R,571.0,R,906.0,R,63.0,R,581.0,R,0.0,R,581.0,R,477.0,R,82.0,R,2.0,R,0.0,R,2.0,R,2.0,R,100.0,R,16
147679,2011,R,423.0,R,739.0,R,57.0,R,372.0,R,0.0,R,372.0,R,278.0,R,75.0,R,3.0,R,0.0,R,3.0,R,3.0,R,100.0,R,13
147703,2011,R,2546.0,R,4754.0,R,54.0,R,2663.0,R,0.0,R,2663.0,R,1903.0,R,71.0,R,42.0,R,0.0,R,42.0,R,23.0,R,55.0,R,17
147749,2011,R,84.0,R,225.0,R,37.0,R,153.0,R,0.0,R,153.0,R,49.0,R,32.0,R,128.0,R,0.0,R,128.0,R,44.0,R,34.0,R,12
147767,2011,R,2107.0,R,2408.0,R,88.0,R,2128.0,R,0.0,R,2128.0,R,2059.0,R,97.0,A,,A,,A,,A,,A,,R,7
147776,2011,R,886.0,R,2423.0,R,37.0,R,976.0,R,0.0,R,976.0,R,626.0,R,64.0,R,66.0,R,0.0,R,66.0,R,24.0,R,36.0,R,15
147800,2011,R,748.0,R,2629.0,R,28.0,R,846.0,R,53.0,R,793.0,R,571.0,R,72.0,R,706.0,R,116.0,R,590.0,R,243.0,R,41.0,R,20
147819,2011,A,,A,,A,,R,50.0,R,0.0,R,50.0,R,34.0,R,68.0,A,,A,,A,,A,,A,,R,12
147828,2011,R,706.0,R,941.0,R,75.0,R,740.0,R,0.0,R,740.0,R,538.0,R,73.0,R,7.0,R,0.0,R,7.0,R,6.0,R,86.0,R,16
147916,2011,R,740.0,R,2384.0,R,31.0,R,948.0,R,13.0,R,935.0,R,557.0,R,60.0,R,1536.0,R,72.0,R,1464.0,R,342.0,R,23.0,R,19
147970,2011,A,,A,,A,,R,63.0,R,0.0,R,63.0,R,49.0,R,78.0,A,,A,,A,,A,,A,,R,29
148007,2011,R,381.0,R,1169.0,R,33.0,R,665.0,R,15.0,R,650.0,R,284.0,R,44.0,R,424.0,R,8.0,R,416.0,R,158.0,R,38.0,R,14
148098,2011,A,,A,,A,,R,15.0,R,2.0,R,13.0,R,12.0,R,92.0,A,,A,,A,,A,,A,,R,8
148131,2011,R,276.0,R,453.0,R,61.0,R,273.0,R,0.0,R,273.0,R,196.0,R,72.0,R,1.0,Z,0.0,R,1.0,R,0.0,R,0.0,R,14
148140,2011,A,,A,,A,,R,78.0,R,0.0,R,78.0,R,44.0,R,56.0,R,0.0,R,0.0,R,0.0,R,0.0,A,,R,32
148177,2011,R,486.0,R,1159.0,R,42.0,R,334.0,R,0.0,R,334.0,R,180.0,R,54.0,R,100.0,R,0.0,R,100.0,R,30.0,R,30.0,R,19
148256,2011,R,1053.0,R,3104.0,R,34.0,R,1112.0,R,6.0,R,1106.0,R,667.0,R,60.0,R,393.0,R,4.0,R,389.0,R,172.0,R,44.0,R,25
148292,2011,R,285.0,R,1088.0,R,26.0,R,204.0,R,5.0,R,199.0,R,108.0,R,54.0,R,320.0,R,3.0,R,317.0,R,93.0,R,29.0,R,18
148335,2011,R,852.0,R,1864.0,R,46.0,R,935.0,R,0.0,R,935.0,R,417.0,R,45.0,R,3.0,R,0.0,R,3.0,R,0.0,R,0.0,R,19
148380,2011,R,905.0,R,2097.0,R,43.0,R,994.0,R,20.0,R,974.0,R,607.0,R,62.0,R,435.0,R,16.0,R,419.0,R,179.0,R,43.0,R,21
148399,2011,R,70.0,R,116.0,R,60.0,R,97.0,Z,0.0,R,97.0,R,57.0,R,59.0,R,55.0,Z,0.0,R,55.0,R,50.0,R,91.0,R,10
148405,2011,R,153.0,R,327.0,R,47.0,R,138.0,R,0.0,R,138.0,R,95.0,R,69.0,R,1.0,R,0.0,R,1.0,R,1.0,R,100.0,R,9
148487,2011,R,435.0,R,1205.0,R,36.0,R,481.0,R,0.0,R,481.0,R,311.0,R,65.0,R,20.0,R,0.0,R,20.0,R,9.0,R,45.0,R,12
148496,2011,R,414.0,R,609.0,R,68.0,R,427.0,R,1.0,R,426.0,R,349.0,R,82.0,R,0.0,R,0.0,R,0.0,R,0.0,A,,R,12
148511,2011,A,,A,,A,,A,,A,,A,,A,,A,,A,,A,,A,,A,,A,,R,5
148575,2011,A,,A,,A,,A,,A,,A,,A,,A,,A,,A,,A,,A,,A,,R,9
148584,2011,R,180.0,R,480.0,R,38.0,R,210.0,R,0.0,R,210.0,R,166.0,R,79.0,A,,A,,A,,A,,A,,R,12
148593,2011,A,,A,,A,,A,,A,,A,,A,,A,,A,,A,,A,,A,,A,,R,6
148627,2011,R,582.0,R,949.0,R,61.0,R,486.0,R,0.0,R,486.0,R,350.0,R,72.0,R,3.0,R,0.0,R,3.0,R,0.0,R,0.0,R,14
148654,2011,R,239.0,R,887.0,R,27.0,R,291.0,R,0.0,R,291.0,R,218.0,R,75.0,R,3.0,R,0.0,R,3.0,R,0.0,R,0.0,R,14
148672,2011,R,234.0,R,605.0,R,39.0,R,220.0,R,3.0,R,217.0,R,113.0,R,52.0,R,78.0,R,5.0,R,73.0,R,31.0,R,42.0,R,20
148821,2011,R,99.0,R,254.0,R,39.0,R,114.0,R,7.0,R,107.0,R,48.0,R,45.0,R,139.0,R,16.0,R,123.0,R,44.0,R,36.0,R,16
148849,2011,R,15.0,R,35.0,R,43.0,R,19.0,Z,0.0,R,19.0,R,16.0,R,84.0,R,0.0,Z,0.0,R,0.0,R,0.0,A,,R,9
148876,2011,R,343.0,R,509.0,R,67.0,R,1.0,R,0.0,R,1.0,R,0.0,R,0.0,R,0.0,R,0.0,R,0.0,Z,0.0,A,,R,20
148937,2011,R,100.0,R,808.0,R,12.0,R,120.0,R,3.0,R,117.0,R,51.0,R,44.0,R,52.0,R,1.0,R,51.0,R,14.0,R,27.0,R,21
148955,2011,A,,A,,A,,R,69.0,R,0.0,R,69.0,R,63.0,R,91.0,A,,A,,A,,A,,A,,R,15
148991,2011,R,342.0,R,1020.0,R,34.0,R,263.0,R,14.0,R,249.0,R,148.0,R,59.0,R,101.0,R,4.0,R,97.0,R,28.0,R,29.0,R,18
149028,2011,A,,A,,A,,A,,A,,A,,A,,A,,A,,A,,A,,A,,A,,R,9
149204,2011,A,,A,,A,,R,16.0,R,0.0,R,16.0,R,11.0,R,69.0,A,,A,,A,,A,,A,,R,3
149222,2011,R,2350.0,R,4452.0,R,53.0,R,2143.0,R,1.0,R,2142.0,R,1421.0,R,66.0,R,47.0,R,0.0,R,47.0,R,18.0,R,38.0,R,15
149231,2011,R,2016.0,R,3339.0,R,60.0,R,2025.0,R,0.0,R,2025.0,R,1423.0,R,70.0,R,40.0,R,0.0,R,40.0,R,13.0,R,33.0,R,18
149310,2011,A,,A,,A,,R,265.0,R,0.0,R,265.0,R,174.0,R,66.0,A,,A,,A,,A,,A,,R,19
149329,2011,R,22.0,R,22.0,R,100.0,R,17.0,R,0.0,R,17.0,R,14.0,R,82.0,A,,A,,A,,A,,A,,R,15
149365,2011,R,227.0,R,2157.0,R,11.0,R,206.0,R,1.0,R,205.0,R,31.0,R,15.0,R,206.0,R,5.0,R,201.0,R,50.0,R,25.0,R,22
149499,2011,A,,A,,A,,R,9.0,R,0.0,R,9.0,R,8.0,R,89.0,A,,A,,A,,A,,A,,R,10
149505,2011,R,234.0,R,464.0,R,50.0,R,234.0,Z,0.0,R,234.0,R,187.0,R,80.0,R,1.0,Z,0.0,R,1.0,R,0.0,R,0.0,R,11
149514,2011,R,157.0,R,258.0,R,61.0,R,170.0,R,0.0,R,170.0,R,126.0,R,74.0,R,0.0,R,0.0,R,0.0,R,0.0,A,,R,13
149532,2011,R,1398.0,R,3729.0,R,37.0,R,1309.0,R,23.0,R,1286.0,R,727.0,R,57.0,R,1061.0,R,59.0,R,1002.0,R,377.0,R,38.0,R,26
149550,2011,A,,A,,A,,R,35.0,R,0.0,R,35.0,R,23.0,R,66.0,R,9.0,R,0.0,R,9.0,R,6.0,R,67.0,R,20
149639,2011,R,21.0,R,58.0,R,36.0,R,34.0,R,0.0,R,34.0,R,28.0,R,82.0,A,,A,,A,,A,,A,,R,9
149727,2011,R,1081.0,R,2837.0,R,38.0,R,906.0,R,27.0,R,879.0,R,609.0,R,69.0,R,469.0,R,15.0,R,454.0,R,205.0,R,45.0,R,24
149763,2011,A,,A,,A,,A,,A,,A,,A,,A,,A,,A,,A,,A,,A,,R,11
149772,2011,R,1920.0,R,3256.0,R,59.0,R,1747.0,R,1.0,R,1746.0,R,1246.0,R,71.0,R,11.0,R,1.0,R,10.0,R,5.0,R,50.0,R,16
149781,2011,R,596.0,R,677.0,R,88.0,R,602.0,R,1.0,R,601.0,R,569.0,R,95.0,A,,A,,A,,A,,A,,R,12
149842,2011,R,1520.0,R,5816.0,R,26.0,R,1584.0,R,46.0,R,1538.0,R,1036.0,R,67.0,R,752.0,R,26.0,R,726.0,R,324.0,R,45.0,R,21
150048,2011,R,123.0,R,222.0,R,55.0,R,167.0,R,0.0,R,167.0,R,81.0,R,49.0,R,20.0,R,0.0,R,20.0,R,12.0,R,60.0,R,14
150066,2011,R,505.0,R,617.0,R,82.0,R,469.0,R,0.0,R,469.0,R,371.0,R,79.0,R,0.0,R,0.0,R,0.0,R,0.0,A,,R,12
150075,2011,A,,A,,A,,R,4.0,R,0.0,R,4.0,R,2.0,R,50.0,A,,A,,A,,A,,A,,R,8
150136,2011,R,3830.0,R,4996.0,R,77.0,R,3517.0,R,4.0,R,3513.0,R,2787.0,R,79.0,R,3.0,R,0.0,R,3.0,R,3.0,R,100.0,R,18
150145,2011,R,271.0,R,528.0,R,51.0,R,269.0,R,0.0,R,269.0,R,228.0,R,85.0,R,8.0,R,0.0,R,8.0,R,6.0,R,75.0,R,13
150163,2011,R,926.0,R,1083.0,R,86.0,R,1047.0,R,0.0,R,1047.0,R,913.0,R,87.0,R,0.0,R,0.0,R,0.0,R,0.0,A,,R,11
150172,2011,R,112.0,R,254.0,R,44.0,R,135.0,R,0.0,R,135.0,R,69.0,R,51.0,R,11.0,R,0.0,R,11.0,R,1.0,R,9.0,R,11
150251,2011,R,40.0,R,55.0,R,73.0,R,50.0,R,0.0,R,50.0,R,33.0,R,66.0,R,19.0,R,0.0,R,19.0,R,13.0,R,68.0,R,24
150303,2011,A,,A,,A,,R,45.0,R,0.0,R,45.0,R,39.0,R,87.0,R,0.0,R,0.0,R,0.0,R,0.0,A,,R,12
150400,2011,R,584.0,R,618.0,R,94.0,R,609.0,R,0.0,R,609.0,R,563.0,R,92.0,A,,A,,A,,A,,A,,R,10
150428,2011,A,,A,,A,,R,16.0,R,1.0,R,15.0,R,9.0,R,60.0,R,12.0,R,0.0,R,12.0,R,7.0,R,58.0,R,15
150437,2011,A,,A,,A,,R,17.0,R,0.0,R,17.0,R,14.0,R,82.0,A,,A,,A,,A,,A,,R,9
150455,2011,R,234.0,R,274.0,R,85.0,R,340.0,R,0.0,R,340.0,R,292.0,R,86.0,A,,A,,A,,A,,A,,R,11
150534,2011,R,622.0,R,796.0,R,78.0,R,683.0,R,0.0,R,683.0,R,568.0,R,83.0,A,,A,,A,,A,,A,,R,13
150604,2011,R,275.0,R,287.0,R,96.0,R,289.0,R,0.0,R,289.0,R,224.0,R,78.0,A,,A,,A,,A,,A,,R,12
150640,2011,A,,A,,A,,R,9.0,R,0.0,R,9.0,R,9.0,R,100.0,A,,A,,A,,A,,A,,R,6
150668,2011,R,170.0,R,317.0,R,54.0,R,180.0,R,0.0,R,180.0,R,143.0,R,79.0,A,,A,,A,,A,,A,,R,10
150677,2011,R,278.0,R,346.0,R,80.0,R,234.0,R,0.0,R,234.0,R,186.0,R,79.0,A,,A,,A,,A,,A,,R,23
150695,2011,A,,A,,A,,R,61.0,R,0.0,R,61.0,R,49.0,R,80.0,A,,A,,A,,A,,A,,R,11
150710,2011,A,,A,,A,,R,37.0,R,1.0,R,36.0,R,29.0,R,81.0,A,,A,,A,,A,,A,,R,13
150756,2011,R,321.0,R,335.0,R,96.0,R,320.0,R,0.0,R,320.0,R,257.0,R,80.0,A,,A,,A,,A,,A,,R,12
150765,2011,A,,A,,A,,R,39.0,R,0.0,R,39.0,R,33.0,R,85.0,A,,A,,A,,A,,A,,R,21
150774,2011,R,121.0,R,169.0,R,72.0,R,144.0,R,0.0,R,144.0,R,78.0,R,54.0,R,0.0,R,0.0,R,0.0,R,0.0,A,,R,14
150853,2011,A,,A,,A,,R,110.0,R,0.0,R,110.0,R,78.0,R,71.0,R,0.0,R,0.0,R,0.0,R,0.0,A,,R,10
150941,2011,R,242.0,R,329.0,R,74.0,R,263.0,R,0.0,R,263.0,R,210.0,R,80.0,R,1.0,R,0.0,R,1.0,R,0.0,R,0.0,R,14
150978,2011,R,740.0,R,2051.0,R,36.0,R,752.0,R,0.0,R,752.0,R,373.0,R,50.0,R,871.0,R,0.0,R,871.0,R,372.0,R,43.0,R,22
150987,2011,R,1540.0,R,4530.0,R,34.0,R,1777.0,R,0.0,R,1777.0,R,921.0,R,52.0,R,1837.0,R,0.0,R,1837.0,R,856.0,R,47.0,R,30
150996,2011,R,533.0,R,1107.0,R,48.0,R,605.0,R,1.0,R,604.0,R,313.0,R,52.0,R,351.0,R,0.0,R,351.0,R,144.0,R,41.0,R,22
151005,2011,R,1309.0,R,2312.0,R,57.0,R,1691.0,R,3.0,R,1688.0,R,813.0,R,48.0,R,767.0,R,0.0,R,767.0,R,306.0,R,40.0,R,23
151014,2011,R,504.0,R,1122.0,R,45.0,R,689.0,R,2.0,R,687.0,R,364.0,R,53.0,R,471.0,R,0.0,R,471.0,R,205.0,R,44.0,R,20
151023,2011,R,971.0,R,1852.0,R,52.0,R,1103.0,R,1.0,R,1102.0,R,569.0,R,52.0,R,582.0,R,1.0,R,581.0,R,249.0,R,43.0,R,23
151032,2011,R,1354.0,R,3126.0,R,43.0,R,1509.0,R,3.0,R,1506.0,R,741.0,R,49.0,R,1062.0,R,0.0,R,1062.0,R,486.0,R,46.0,R,26
151041,2011,R,596.0,R,1592.0,R,37.0,R,488.0,R,0.0,R,488.0,R,252.0,R,52.0,R,755.0,R,0.0,R,755.0,R,453.0,R,60.0,R,25
151050,2011,R,626.0,R,1423.0,R,44.0,R,700.0,R,0.0,R,700.0,R,347.0,R,50.0,R,527.0,R,0.0,R,527.0,R,253.0,R,48.0,R,22
151069,2011,R,651.0,R,1333.0,R,49.0,R,822.0,R,1.0,R,821.0,R,411.0,R,50.0,R,352.0,R,0.0,R,352.0,R,160.0,R,45.0,R,24
151078,2011,R,395.0,R,890.0,R,44.0,R,385.0,R,0.0,R,385.0,R,191.0,R,50.0,R,369.0,R,0.0,R,369.0,R,173.0,R,47.0,R,23
151087,2011,R,1099.0,R,2621.0,R,42.0,R,1220.0,R,0.0,R,1220.0,R,598.0,R,49.0,R,1032.0,R,0.0,R,1032.0,R,457.0,R,44.0,R,25
151096,2011,R,341.0,R,687.0,R,50.0,R,393.0,R,0.0,R,393.0,R,220.0,R,56.0,R,201.0,R,0.0,R,201.0,R,92.0,R,46.0,R,18
151102,2011,R,1874.0,R,4410.0,R,42.0,R,1811.0,R,0.0,R,1811.0,R,1051.0,R,58.0,R,136.0,R,0.0,R,136.0,R,44.0,R,32.0,R,18
151111,2011,R,2809.0,R,5320.0,R,53.0,R,2527.0,R,0.0,R,2527.0,R,1813.0,R,72.0,R,231.0,R,0.0,R,231.0,R,131.0,R,57.0,R,18
151157,2011,R,27.0,R,89.0,R,30.0,R,7.0,R,0.0,R,7.0,R,5.0,R,71.0,R,0.0,R,0.0,R,0.0,R,0.0,A,,R,12
151166,2011,R,148.0,R,695.0,R,21.0,R,29.0,R,0.0,R,29.0,R,2.0,R,7.0,R,26.0,R,0.0,R,26.0,R,6.0,R,23.0,R,14
151193,2011,R,10.0,R,64.0,R,16.0,R,0.0,R,0.0,R,0.0,R,0.0,A,,R,0.0,R,0.0,R,0.0,R,0.0,A,,R,19
151209,2011,R,50.0,R,70.0,R,71.0,R,27.0,R,0.0,R,27.0,R,13.0,R,48.0,R,8.0,R,0.0,R,8.0,R,4.0,R,50.0,R,13
151236,2011,R,19.0,R,92.0,R,21.0,R,3.0,R,0.0,R,3.0,R,1.0,R,33.0,R,0.0,R,0.0,R,0.0,R,0.0,A,,R,10
151245,2011,R,28.0,R,81.0,R,35.0,R,24.0,R,0.0,R,24.0,R,12.0,R,50.0,R,8.0,R,0.0,R,8.0,R,3.0,R,38.0,R,14
151263,2011,R,797.0,R,1142.0,R,70.0,R,834.0,R,0.0,R,834.0,R,617.0,R,74.0,R,31.0,R,0.0,R,31.0,R,16.0,R,52.0,R,15
151290,2011,R,505.0,R,1163.0,R,43.0,R,373.0,R,0.0,R,373.0,R,219.0,R,59.0,R,23.0,R,0.0,R,23.0,R,14.0,R,61.0,R,32
151306,2011,R,1983.0,R,2848.0,R,70.0,R,2019.0,R,0.0,R,2019.0,R,1321.0,R,65.0,R,49.0,R,0.0,R,49.0,R,21.0,R,43.0,R,18
151324,2011,R,2512.0,R,3332.0,R,75.0,R,2566.0,R,2.0,R,2564.0,R,1491.0,R,58.0,R,15.0,Z,0.0,R,15.0,R,6.0,R,40.0,R,19
151333,2011,R,388.0,R,1240.0,R,31.0,R,341.0,R,0.0,R,341.0,R,218.0,R,64.0,R,32.0,R,0.0,R,32.0,R,13.0,R,41.0,R,17
151342,2011,R,876.0,R,2690.0,R,33.0,R,853.0,R,1.0,R,852.0,R,542.0,R,64.0,R,149.0,Z,0.0,R,149.0,R,63.0,R,42.0,R,14
151351,2011,R,7383.0,R,8588.0,R,86.0,R,6978.0,R,3.0,R,6975.0,R,6218.0,R,89.0,R,35.0,R,0.0,R,35.0,R,26.0,R,74.0,R,19
151360,2011,R,754.0,R,1672.0,R,45.0,R,720.0,R,1.0,R,719.0,R,450.0,R,63.0,R,129.0,Z,0.0,R,129.0,R,58.0,R,45.0,R,16
151379,2011,R,896.0,R,1704.0,R,53.0,R,928.0,R,0.0,R,928.0,R,598.0,R,64.0,R,103.0,R,0.0,R,103.0,R,53.0,R,51.0,R,17
151388,2011,R,392.0,R,1410.0,R,28.0,R,378.0,R,0.0,R,378.0,R,251.0,R,66.0,R,24.0,R,0.0,R,24.0,R,8.0,R,33.0,R,16
151458,2011,R,231.0,R,281.0,R,82.0,R,88.0,R,0.0,R,88.0,R,74.0,R,84.0,R,0.0,R,0.0,R,0.0,R,0.0,A,,R,28
151467,2011,R,170.0,R,231.0,R,74.0,R,202.0,R,0.0,R,202.0,R,142.0,R,70.0,A,,A,,A,,A,,A,,R,26
151494,2011,R,71.0,R,88.0,R,81.0,R,0.0,R,0.0,R,0.0,R,0.0,A,,R,0.0,R,0.0,R,0.0,R,0.0,A,,R,16
151500,2011,R,23.0,R,47.0,R,49.0,R,0.0,R,0.0,R,0.0,R,0.0,A,,R,0.0,R,0.0,R,0.0,R,0.0,A,,R,15
151519,2011,R,452.0,R,1296.0,R,35.0,R,118.0,R,2.0,R,116.0,R,33.0,R,28.0,R,279.0,R,9.0,R,270.0,R,43.0,R,16.0,R,29
151537,2011,A,,A,,A,,R,39.0,R,0.0,R,39.0,R,18.0,R,46.0,A,,A,,A,,A,,A,,R,25
151564,2011,A,,A,,A,,R,9.0,R,0.0,R,9.0,R,3.0,R,33.0,R,21.0,R,0.0,R,21.0,R,15.0,R,71.0,R,10
151607,2011,A,,A,,A,,R,18.0,R,0.0,R,18.0,R,16.0,R,89.0,R,11.0,R,0.0,R,11.0,R,8.0,R,73.0,R,15
151616,2011,R,78.0,R,181.0,R,43.0,R,6.0,R,0.0,R,6.0,R,3.0,R,50.0,A,,A,,A,,A,,A,,R,9
151625,2011,R,54.0,R,125.0,R,43.0,R,3.0,R,0.0,R,3.0,R,0.0,R,0.0,A,,A,,A,,A,,A,,R,7
151652,2011,A,,A,,A,,R,24.0,Z,0.0,R,24.0,R,10.0,R,42.0,R,4.0,Z,0.0,R,4.0,R,2.0,R,50.0,R,18
151661,2011,A,,A,,A,,R,659.0,R,0.0,R,659.0,R,360.0,R,55.0,A,,A,,A,,A,,A,,R,33
151777,2011,R,373.0,R,412.0,R,91.0,R,407.0,R,1.0,R,406.0,R,292.0,R,72.0,R,0.0,R,0.0,R,0.0,R,0.0,A,,R,15
151786,2011,R,299.0,R,726.0,R,41.0,R,317.0,R,0.0,R,317.0,R,229.0,R,72.0,R,6.0,R,0.0,R,6.0,R,3.0,R,50.0,R,14
151801,2011,A,,A,,A,,R,771.0,R,0.0,R,771.0,R,580.0,R,75.0,R,1.0,R,0.0,R,1.0,R,0.0,R,0.0,R,15
151810,2011,R,66.0,R,291.0,R,23.0,R,51.0,R,0.0,R,51.0,R,13.0,R,25.0,R,141.0,R,0.0,R,141.0,R,44.0,R,31.0,R,18
151829,2011,A,,A,,A,,R,79.0,R,0.0,R,79.0,R,65.0,R,82.0,A,,A,,A,,A,,A,,R,20
151874,2011,A,,A,,A,,R,11.0,R,0.0,R,11.0,R,7.0,R,64.0,R,3.0,R,0.0,R,3.0,R,3.0,R,100.0,R,19
151944,2011,R,98.0,R,232.0,R,42.0,R,15.0,R,0.0,R,15.0,R,9.0,R,60.0,A,,A,,A,,A,,A,,R,9
151962,2011,R,31.0,R,61.0,R,51.0,R,0.0,R,0.0,R,0.0,R,0.0,A,,A,,A,,A,,A,,A,,R,17
152044,2011,A,,A,,A,,R,23.0,R,0.0,R,23.0,R,18.0,R,78.0,R,33.0,Z,0.0,R,33.0,R,26.0,R,79.0,R,20
152080,2011,R,2019.0,R,2130.0,R,95.0,R,2070.0,R,7.0,R,2063.0,R,2004.0,R,97.0,R,2.0,R,0.0,R,2.0,R,0.0,R,0.0,R,10
152099,2011,R,92.0,R,1242.0,R,7.0,R,260.0,R,2.0,R,258.0,R,110.0,R,43.0,R,7.0,R,0.0,R,7.0,R,3.0,R,43.0,R,16
152150,2011,A,,A,,A,,R,25.0,R,0.0,R,25.0,R,21.0,R,84.0,R,2.0,R,0.0,R,2.0,R,2.0,R,100.0,R,6
152220,2011,A,,A,,A,,R,96.0,R,0.0,R,96.0,R,71.0,R,74.0,A,,A,,A,,A,,A,,R,24
152248,2011,R,883.0,R,2232.0,R,40.0,R,966.0,R,0.0,R,966.0,R,662.0,R,69.0,R,99.0,R,0.0,R,99.0,R,45.0,R,45.0,R,19
152266,2011,R,560.0,R,2276.0,R,25.0,R,714.0,R,0.0,R,714.0,R,361.0,R,51.0,R,98.0,R,0.0,R,98.0,R,37.0,R,38.0,R,15
152275,2011,A,,A,,A,,R,51.0,R,0.0,R,51.0,R,40.0,R,78.0,R,29.0,R,0.0,R,29.0,R,24.0,R,83.0,R,20
152309,2011,A,,A,,A,,R,48.0,R,0.0,R,48.0,R,41.0,R,85.0,R,0.0,R,0.0,R,0.0,R,0.0,A,,R,7
152318,2011,R,506.0,R,537.0,R,94.0,R,552.0,R,3.0,R,549.0,R,507.0,R,92.0,A,,A,,A,,A,,A,,R,12
152327,2011,A,,A,,A,,R,47.0,R,0.0,R,47.0,R,37.0,R,79.0,A,,A,,A,,A,,A,,R,7
152336,2011,R,372.0,R,686.0,R,54.0,R,323.0,R,0.0,R,323.0,R,231.0,R,72.0,R,1.0,R,0.0,R,1.0,R,1.0,R,100.0,R,15
152363,2011,R,284.0,R,416.0,R,68.0,R,258.0,R,1.0,R,257.0,R,175.0,R,68.0,A,,A,,A,,A,,A,,R,14
152381,2011,R,69.0,R,310.0,R,22.0,R,90.0,R,0.0,R,90.0,R,53.0,R,59.0,R,86.0,R,0.0,R,86.0,R,49.0,R,57.0,R,7
152390,2011,R,393.0,R,425.0,R,92.0,R,333.0,R,1.0,R,332.0,R,284.0,R,86.0,A,,A,,A,,A,,A,,R,10
152415,2011,A,,A,,A,,R,51.0,R,0.0,R,51.0,R,32.0,R,63.0,A,,A,,A,,A,,A,,R,29
152424,2011,A,,A,,A,,R,20.0,R,0.0,R,20.0,R,13.0,R,65.0,A,,A,,A,,A,,A,,R,168
152497,2011,A,,A,,A,,R,8.0,R,0.0,R,8.0,R,7.0,R,88.0,R,0.0,R,0.0,R,0.0,R,0.0,A,,R,8
152530,2011,R,462.0,R,550.0,R,84.0,R,468.0,R,1.0,R,467.0,R,398.0,R,85.0,R,1.0,Z,0.0,R,1.0,R,0.0,R,0.0,R,12
152567,2011,R,422.0,R,693.0,R,61.0,R,400.0,R,0.0,R,400.0,R,292.0,R,73.0,R,0.0,R,0.0,R,0.0,R,0.0,A,,R,15
152600,2011,R,698.0,R,888.0,R,79.0,R,692.0,R,1.0,R,691.0,R,560.0,R,81.0,R,0.0,R,0.0,R,0.0,R,0.0,A,,R,12
152628,2011,A,,A,,A,,R,27.0,R,0.0,R,27.0,R,12.0,R,44.0,R,0.0,R,0.0,R,0.0,R,0.0,A,,R,11
152637,2011,R,2362.0,R,9844.0,R,24.0,R,49.0,R,0.0,R,49.0,R,38.0,R,78.0,R,1.0,R,0.0,R,1.0,R,1.0,R,100.0,R,17
152673,2011,R,293.0,R,303.0,R,97.0,R,247.0,Z,0.0,R,247.0,R,205.0,R,83.0,A,,A,,A,,A,,A,,R,11
152798,2011,R,2.0,R,114.0,R,2.0,R,0.0,R,0.0,R,0.0,R,0.0,A,,A,,A,,A,,A,,A,,R,10
152822,2011,R,112.0,R,246.0,R,46.0,R,0.0,R,0.0,R,0.0,R,0.0,A,,R,0.0,R,0.0,R,0.0,R,0.0,A,,R,18
152992,2011,R,237.0,R,478.0,R,50.0,R,237.0,R,0.0,R,237.0,R,164.0,R,69.0,A,,A,,A,,A,,A,,R,14
153001,2011,R,203.0,R,678.0,R,30.0,R,265.0,R,1.0,R,264.0,R,192.0,R,73.0,R,0.0,R,0.0,R,0.0,R,0.0,A,,R,13
153074,2011,A,,A,,A,,R,68.0,R,0.0,R,68.0,R,51.0,R,75.0,A,,A,,A,,A,,A,,R,9
153083,2011,A,,A,,A,,R,63.0,R,0.0,R,63.0,R,54.0,R,86.0,A,,A,,A,,A,,A,,R,15
153092,2011,A,,A,,A,,R,9.0,R,0.0,R,9.0,R,9.0,R,100.0,A,,A,,A,,A,,A,,R,5
153108,2011,R,412.0,R,551.0,R,75.0,R,402.0,R,0.0,R,402.0,R,317.0,R,79.0,A,,A,,A,,A,,A,,R,13
153126,2011,R,163.0,R,307.0,R,53.0,R,176.0,R,0.0,R,176.0,R,140.0,R,80.0,R,0.0,R,0.0,R,0.0,R,0.0,A,,R,8
153144,2011,R,361.0,R,441.0,R,82.0,R,357.0,R,0.0,R,357.0,R,284.0,R,80.0,Z,0.0,Z,0.0,Z,0.0,R,0.0,A,,R,11
153162,2011,R,338.0,R,384.0,R,88.0,R,343.0,R,0.0,R,343.0,R,271.0,R,79.0,A,,A,,A,,A,,A,,R,13
153171,2011,A,,A,,A,,R,11.0,R,0.0,R,11.0,R,8.0,R,73.0,A,,A,,A,,A,,A,,R,9
153214,2011,R,2763.0,R,9740.0,R,28.0,R,2628.0,R,0.0,R,2628.0,R,1392.0,R,53.0,R,1215.0,R,0.0,R,1215.0,R,422.0,R,35.0,R,43
153241,2011,R,14.0,R,30.0,R,47.0,R,9.0,R,0.0,R,9.0,R,8.0,R,89.0,A,,A,,A,,A,,A,,R,3
153250,2011,R,368.0,R,435.0,R,85.0,R,351.0,R,0.0,R,351.0,R,284.0,R,81.0,R,1.0,R,0.0,R,1.0,R,1.0,R,100.0,R,15
153269,2011,R,812.0,R,951.0,R,85.0,R,864.0,R,0.0,R,864.0,R,758.0,R,88.0,R,0.0,R,0.0,R,0.0,R,0.0,A,,R,12
153278,2011,R,402.0,R,569.0,R,71.0,R,404.0,R,0.0,R,404.0,R,289.0,R,72.0,R,0.0,R,0.0,R,0.0,R,0.0,A,,R,15
153296,2011,R,315.0,R,505.0,R,62.0,R,326.0,R,0.0,R,326.0,R,148.0,R,45.0,R,31.0,R,0.0,R,31.0,R,6.0,R,19.0,R,23
153302,2011,R,72.0,R,135.0,R,53.0,R,45.0,R,0.0,R,45.0,R,22.0,R,49.0,R,2.0,R,0.0,R,2.0,R,1.0,R,50.0,R,10
153311,2011,R,921.0,R,2338.0,R,39.0,R,1281.0,Z,0.0,R,1281.0,R,668.0,R,52.0,R,561.0,Z,0.0,R,561.0,R,235.0,R,42.0,R,17
153320,2011,R,82.0,R,102.0,R,80.0,R,56.0,R,0.0,R,56.0,R,45.0,R,80.0,R,1.0,R,0.0,R,1.0,R,0.0,R,0.0,R,13
153339,2011,A,,A,,A,,R,21.0,R,0.0,R,21.0,R,14.0,R,67.0,A,,A,,A,,A,,A,,R,10
153366,2011,R,259.0,R,649.0,R,40.0,R,220.0,R,0.0,R,220.0,R,150.0,R,68.0,R,1.0,R,0.0,R,1.0,R,1.0,R,100.0,R,15
153375,2011,R,354.0,R,746.0,R,47.0,R,299.0,R,0.0,R,299.0,R,192.0,R,64.0,R,1.0,R,0.0,R,1.0,R,0.0,R,0.0,R,14
153384,2011,R,448.0,R,458.0,R,98.0,R,415.0,R,0.0,R,415.0,R,387.0,R,93.0,A,,A,,A,,A,,A,,R,9
153409,2011,A,,A,,A,,R,0.0,R,0.0,R,0.0,R,0.0,A,,R,0.0,R,0.0,R,0.0,R,0.0,A,,R,30
153418,2011,A,,A,,A,,R,0.0,R,0.0,R,0.0,R,0.0,A,,R,0.0,R,0.0,R,0.0,R,0.0,A,,R,29
153427,2011,R,158.0,R,158.0,R,100.0,R,0.0,R,0.0,R,0.0,R,0.0,A,,A,,A,,A,,A,,A,,R,21
153445,2011,R,1328.0,R,3126.0,R,42.0,R,1251.0,R,0.0,R,1251.0,R,705.0,R,56.0,R,1068.0,R,0.0,R,1068.0,R,133.0,R,12.0,R,21
153463,2011,A,,A,,A,,R,17.0,R,0.0,R,17.0,R,8.0,R,47.0,A,,A,,A,,A,,A,,R,10
153472,2011,A,,A,,A,,R,1119.0,Z,0.0,R,1119.0,R,500.0,R,45.0,R,79.0,Z,0.0,R,79.0,R,18.0,R,23.0,R,24
153524,2011,R,1199.0,R,1500.0,R,80.0,R,1159.0,Z,0.0,R,1159.0,R,638.0,R,55.0,R,95.0,Z,0.0,R,95.0,R,21.0,R,22.0,R,24
153533,2011,R,444.0,R,1253.0,R,35.0,R,490.0,R,2.0,R,488.0,R,303.0,R,62.0,R,61.0,R,0.0,R,61.0,R,19.0,R,31.0,R,18
153542,2011,A,,A,,A,,R,8.0,Z,0.0,R,8.0,R,7.0,R,88.0,A,,A,,A,,A,,A,,R,9
153588,2011,A,,A,,A,,R,27.0,R,0.0,R,27.0,R,17.0,R,63.0,A,,A,,A,,A,,A,,R,9
153597,2011,A,,A,,A,,R,123.0,R,0.0,R,123.0,R,95.0,R,77.0,A,,A,,A,,A,,A,,R,11
153603,2011,R,5026.0,R,7177.0,R,70.0,R,4532.0,R,0.0,R,4532.0,R,3976.0,R,88.0,R,18.0,R,0.0,R,18.0,R,12.0,R,67.0,R,18
153621,2011,R,113.0,R,271.0,R,42.0,R,104.0,R,0.0,R,104.0,R,44.0,R,42.0,R,1.0,Z,0.0,R,1.0,R,0.0,R,0.0,R,12
153630,2011,R,1321.0,R,3163.0,R,42.0,R,1309.0,R,0.0,R,1309.0,R,602.0,R,46.0,R,147.0,R,0.0,R,147.0,R,53.0,R,36.0,R,18
153658,2011,R,4433.0,R,6447.0,R,69.0,R,4457.0,R,0.0,R,4457.0,R,3814.0,R,86.0,R,100.0,R,0.0,R,100.0,R,86.0,R,86.0,R,16
153737,2011,R,2846.0,R,8019.0,R,35.0,R,3467.0,R,0.0,R,3467.0,R,1693.0,R,49.0,R,870.0,R,0.0,R,870.0,R,280.0,R,32.0,R,28
153746,2011,A,,A,,A,,R,44.0,R,0.0,R,44.0,R,33.0,R,75.0,A,,A,,A,,A,,A,,R,30
153764,2011,A,,A,,A,,R,72.0,R,0.0,R,72.0,R,45.0,R,63.0,A,,A,,A,,A,,A,,R,27
153773,2011,A,,A,,A,,R,79.0,R,0.0,R,79.0,R,68.0,R,86.0,A,,A,,A,,A,,A,,R,10
153782,2011,A,,A,,A,,R,64.0,R,0.0,R,64.0,R,46.0,R,72.0,A,,A,,A,,A,,A,,R,17
153825,2011,R,361.0,R,418.0,R,86.0,R,415.0,R,0.0,R,415.0,R,330.0,R,80.0,R,0.0,R,0.0,R,0.0,R,0.0,A,,R,12
153834,2011,R,627.0,R,668.0,R,94.0,R,611.0,R,0.0,R,611.0,R,533.0,R,87.0,R,1.0,R,0.0,R,1.0,R,1.0,R,100.0,R,12
153861,2011,R,24.0,R,93.0,R,26.0,R,45.0,R,0.0,R,45.0,R,36.0,R,80.0,R,4.0,R,0.0,R,4.0,R,1.0,R,25.0,R,12
153922,2011,R,435.0,R,846.0,R,51.0,R,441.0,R,0.0,R,441.0,R,237.0,R,54.0,R,126.0,R,0.0,R,126.0,R,39.0,R,31.0,R,33
153977,2011,R,43.0,R,344.0,R,13.0,R,2.0,Z,0.0,R,2.0,R,1.0,R,50.0,R,1.0,Z,0.0,R,1.0,R,1.0,R,100.0,R,7
154004,2011,R,377.0,R,476.0,R,79.0,R,343.0,R,0.0,R,343.0,R,258.0,R,75.0,A,,A,,A,,A,,A,,R,13
154013,2011,R,150.0,R,465.0,R,32.0,R,118.0,R,0.0,R,118.0,R,90.0,R,76.0,R,0.0,R,0.0,R,0.0,R,0.0,A,,R,11
154022,2011,R,3050.0,R,16642.0,R,18.0,R,1893.0,R,2.0,R,1891.0,R,795.0,R,42.0,R,0.0,R,0.0,R,0.0,R,0.0,A,,R,22
154059,2011,R,704.0,R,974.0,R,72.0,R,738.0,R,0.0,R,738.0,R,438.0,R,59.0,R,74.0,Z,0.0,R,74.0,R,21.0,R,28.0,R,22
154095,2011,R,1898.0,R,3106.0,R,61.0,R,1934.0,R,0.0,R,1934.0,R,1586.0,R,82.0,R,28.0,R,0.0,R,28.0,R,17.0,R,61.0,R,16
154101,2011,R,324.0,R,384.0,R,84.0,R,351.0,R,0.0,R,351.0,R,265.0,R,75.0,R,0.0,R,0.0,R,0.0,R,0.0,A,,R,13
154110,2011,R,645.0,R,1983.0,R,33.0,R,744.0,Z,0.0,R,744.0,R,408.0,R,55.0,R,149.0,Z,0.0,R,149.0,R,66.0,R,44.0,R,16
154129,2011,R,243.0,R,872.0,R,28.0,R,272.0,R,0.0,R,272.0,R,179.0,R,66.0,R,32.0,R,0.0,R,32.0,R,14.0,R,44.0,R,14
154165,2011,A,,A,,A,,R,43.0,R,0.0,R,43.0,R,32.0,R,74.0,A,,A,,A,,A,,A,,R,13
154174,2011,A,,A,,A,,R,0.0,R,0.0,R,0.0,R,0.0,A,,R,0.0,R,0.0,R,0.0,R,0.0,A,,R,10
154208,2011,A,,A,,A,,R,78.0,R,0.0,R,78.0,R,66.0,R,85.0,A,,A,,A,,A,,A,,R,14
154235,2011,R,551.0,R,830.0,R,66.0,R,518.0,R,0.0,R,518.0,R,402.0,R,78.0,R,2.0,R,0.0,R,2.0,R,2.0,R,100.0,R,11
154262,2011,R,2.0,R,88.0,R,2.0,R,3.0,R,0.0,R,3.0,R,3.0,R,100.0,R,0.0,R,0.0,R,0.0,R,0.0,A,,R,7
154332,2011,A,,A,,A,,R,32.0,R,0.0,R,32.0,R,20.0,R,63.0,A,,A,,A,,A,,A,,R,14
154341,2011,A,,A,,A,,R,52.0,R,0.0,R,52.0,R,40.0,R,77.0,A,,A,,A,,A,,A,,R,20
154350,2011,R,332.0,R,462.0,R,72.0,R,362.0,R,0.0,R,362.0,R,280.0,R,77.0,R,0.0,R,0.0,R,0.0,R,0.0,A,,R,12
154378,2011,R,317.0,R,491.0,R,65.0,R,362.0,R,0.0,R,362.0,R,189.0,R,52.0,R,72.0,R,0.0,R,72.0,R,31.0,R,43.0,R,15
154396,2011,R,314.0,R,550.0,R,57.0,R,326.0,Z,0.0,R,326.0,R,203.0,R,62.0,R,61.0,Z,0.0,R,61.0,R,18.0,R,30.0,R,16
154448,2011,A,,A,,A,,R,54.0,R,0.0,R,54.0,R,45.0,R,83.0,A,,A,,A,,A,,A,,R,13
154457,2011,A,,A,,A,,R,40.0,R,0.0,R,40.0,R,37.0,R,93.0,A,,A,,A,,A,,A,,R,13
154466,2011,A,,A,,A,,R,22.0,R,0.0,R,22.0,R,13.0,R,59.0,A,,A,,A,,A,,A,,R,11
154493,2011,R,211.0,R,736.0,R,29.0,R,256.0,R,0.0,R,256.0,R,144.0,R,56.0,R,0.0,R,0.0,R,0.0,R,0.0,A,,R,21
154518,2011,R,165.0,R,364.0,R,45.0,R,202.0,R,0.0,R,202.0,R,74.0,R,37.0,R,0.0,R,0.0,R,0.0,R,0.0,A,,R,15
154527,2011,R,510.0,R,588.0,R,87.0,R,484.0,R,2.0,R,482.0,R,390.0,R,81.0,R,0.0,R,0.0,R,0.0,R,0.0,A,,R,12
154545,2011,A,,A,,A,,R,15.0,Z,0.0,R,15.0,R,10.0,R,67.0,A,,A,,A,,A,,A,,R,14
154572,2011,R,692.0,R,3602.0,R,19.0,R,334.0,R,0.0,R,334.0,R,192.0,R,57.0,R,87.0,Z,0.0,R,87.0,R,38.0,R,44.0,R,25
154590,2011,R,276.0,R,765.0,R,36.0,R,268.0,R,0.0,R,268.0,R,160.0,R,60.0,R,0.0,R,0.0,R,0.0,R,0.0,A,,R,21
154642,2011,R,429.0,R,943.0,R,45.0,R,435.0,R,0.0,R,435.0,R,227.0,R,52.0,R,310.0,Z,0.0,R,310.0,R,54.0,R,17.0,R,16
154688,2011,A,,A,,A,,R,184.0,R,0.0,R,184.0,R,141.0,R,77.0,R,1.0,R,0.0,R,1.0,R,0.0,R,0.0,R,11
154697,2011,R,420.0,R,2045.0,R,21.0,R,392.0,R,1.0,R,391.0,R,221.0,R,57.0,R,901.0,R,0.0,R,901.0,R,137.0,R,15.0,R,23
154712,2011,R,472.0,R,886.0,R,53.0,R,388.0,R,0.0,R,388.0,R,305.0,R,79.0,A,,A,,A,,A,,A,,R,15
154721,2011,R,149.0,R,266.0,R,56.0,R,163.0,R,0.0,R,163.0,R,105.0,R,64.0,R,0.0,R,0.0,R,0.0,R,0.0,A,,R,13
154749,2011,R,126.0,R,203.0,R,62.0,R,127.0,Z,0.0,R,127.0,R,98.0,R,77.0,A,,A,,A,,A,,A,,R,12
154767,2011,R,196.0,R,204.0,R,96.0,R,176.0,R,1.0,R,175.0,R,53.0,R,30.0,A,,A,,A,,A,,A,,R,9
154776,2011,R,160.0,R,250.0,R,64.0,R,163.0,Z,0.0,R,163.0,R,55.0,R,34.0,A,,A,,A,,A,,A,,R,9
154794,2011,R,17.0,R,42.0,R,40.0,R,75.0,R,0.0,R,75.0,R,46.0,R,61.0,A,,A,,A,,A,,A,,R,25
154800,2011,R,1315.0,R,3212.0,R,41.0,R,1379.0,R,0.0,R,1379.0,R,831.0,R,60.0,R,466.0,R,0.0,R,466.0,R,168.0,R,36.0,R,20
154837,2011,R,2.0,R,5.0,R,40.0,R,0.0,R,0.0,R,0.0,R,0.0,A,,R,0.0,R,0.0,R,0.0,R,0.0,A,,R,12
154855,2011,R,108.0,R,324.0,R,33.0,R,85.0,R,0.0,R,85.0,R,53.0,R,62.0,R,1.0,R,0.0,R,1.0,R,1.0,R,100.0,R,12
154907,2011,R,341.0,R,826.0,R,41.0,R,234.0,Z,0.0,R,234.0,R,120.0,R,51.0,R,29.0,Z,0.0,R,29.0,R,6.0,R,21.0,R,13
154925,2011,R,508.0,R,1173.0,R,43.0,R,501.0,Z,0.0,R,501.0,R,271.0,R,54.0,R,45.0,Z,0.0,R,45.0,R,24.0,R,53.0,R,21
154934,2011,R,265.0,R,396.0,R,67.0,R,270.0,R,0.0,R,270.0,R,183.0,R,68.0,R,52.0,R,0.0,R,52.0,R,25.0,R,48.0,R,10
154943,2011,A,,A,,A,,R,38.0,R,0.0,R,38.0,R,22.0,R,58.0,A,,A,,A,,A,,A,,R,25
154952,2011,R,812.0,R,1690.0,R,48.0,R,829.0,R,0.0,R,829.0,R,416.0,R,50.0,R,224.0,R,1.0,R,223.0,R,67.0,R,30.0,R,26
154970,2011,A,,A,,A,,R,25.0,R,0.0,R,25.0,R,12.0,R,48.0,R,0.0,R,0.0,R,0.0,R,0.0,A,,R,25
154998,2011,R,429.0,R,1202.0,R,36.0,R,389.0,R,0.0,R,389.0,R,207.0,R,53.0,R,98.0,R,0.0,R,98.0,R,19.0,R,19.0,R,15
155007,2011,R,109.0,R,215.0,R,51.0,R,85.0,Z,0.0,R,85.0,R,35.0,R,41.0,R,93.0,Z,0.0,R,93.0,R,35.0,R,38.0,R,12
155025,2011,R,575.0,R,1092.0,R,53.0,R,616.0,R,0.0,R,616.0,R,425.0,R,69.0,R,25.0,R,0.0,R,25.0,R,13.0,R,52.0,R,17
155052,2011,R,130.0,R,412.0,R,32.0,R,105.0,Z,0.0,R,105.0,R,81.0,R,77.0,R,173.0,Z,0.0,R,173.0,R,65.0,R,38.0,R,12
155061,2011,R,954.0,R,3359.0,R,28.0,R,823.0,R,1.0,R,822.0,R,520.0,R,63.0,R,29.0,R,0.0,R,29.0,R,13.0,R,45.0,R,18
155070,2011,R,40.0,R,69.0,R,58.0,R,46.0,R,0.0,R,46.0,R,35.0,R,76.0,R,0.0,R,0.0,R,0.0,R,0.0,A,,R,11
155089,2011,R,232.0,R,567.0,R,41.0,R,175.0,R,0.0,R,175.0,R,115.0,R,66.0,R,0.0,R,0.0,R,0.0,R,0.0,A,,R,10
155098,2011,R,416.0,R,958.0,R,43.0,R,486.0,R,0.0,R,486.0,R,281.0,R,58.0,R,149.0,R,0.0,R,149.0,R,42.0,R,28.0,R,15
155104,2011,R,369.0,R,460.0,R,80.0,R,440.0,R,0.0,R,440.0,R,239.0,R,54.0,R,36.0,R,0.0,R,36.0,R,11.0,R,31.0,R,12
155140,2011,R,144.0,R,221.0,R,65.0,R,0.0,R,0.0,R,0.0,R,0.0,A,,R,0.0,R,0.0,R,0.0,R,0.0,A,,R,19
155159,2011,A,,A,,A,,R,1.0,R,0.0,R,1.0,R,1.0,R,100.0,A,,A,,A,,A,,A,,R,10
155177,2011,R,195.0,R,248.0,R,79.0,R,206.0,Z,0.0,R,206.0,R,146.0,R,71.0,R,0.0,Z,0.0,R,0.0,R,0.0,A,,R,9
155186,2011,R,508.0,R,1616.0,R,31.0,R,506.0,R,0.0,R,506.0,R,269.0,R,53.0,R,240.0,R,0.0,R,240.0,R,83.0,R,35.0,R,12
155195,2011,R,1006.0,R,2403.0,R,42.0,R,1028.0,R,0.0,R,1028.0,R,648.0,R,63.0,R,249.0,R,9.0,R,240.0,R,83.0,R,35.0,R,18
155201,2011,R,219.0,R,435.0,R,50.0,R,246.0,R,0.0,R,246.0,R,104.0,R,42.0,R,36.0,R,0.0,R,36.0,R,9.0,R,25.0,R,16
155210,2011,R,1389.0,R,6401.0,R,22.0,R,1656.0,R,0.0,R,1656.0,R,934.0,R,56.0,R,957.0,R,0.0,R,957.0,R,432.0,R,45.0,R,23
155283,2011,A,,A,,A,,R,260.0,R,0.0,R,260.0,R,165.0,R,63.0,A,,A,,A,,A,,A,,R,17
155292,2011,R,602.0,R,1899.0,R,32.0,R,658.0,R,0.0,R,658.0,R,359.0,R,55.0,R,546.0,R,0.0,R,546.0,R,199.0,R,36.0,R,17
155317,2011,R,3495.0,R,5256.0,R,66.0,R,3492.0,R,1.0,R,3491.0,R,2789.0,R,80.0,R,210.0,R,1.0,R,209.0,R,167.0,R,80.0,R,19
155335,2011,R,170.0,R,1081.0,R,16.0,R,196.0,R,0.0,R,196.0,R,137.0,R,70.0,R,2.0,R,0.0,R,2.0,R,1.0,R,50.0,R,14
155353,2011,A,,A,,A,,R,41.0,R,0.0,R,41.0,R,41.0,R,100.0,A,,A,,A,,A,,A,,R,14
155399,2011,R,3540.0,R,5308.0,R,67.0,R,3465.0,R,0.0,R,3465.0,R,2826.0,R,82.0,R,96.0,R,0.0,R,96.0,R,43.0,R,45.0,R,20
155414,2011,R,165.0,R,317.0,R,52.0,R,139.0,R,0.0,R,139.0,R,80.0,R,58.0,R,1.0,R,0.0,R,1.0,R,1.0,R,100.0,R,15
155423,2011,A,,A,,A,,R,76.0,R,0.0,R,76.0,R,63.0,R,83.0,R,179.0,R,0.0,R,179.0,R,124.0,R,69.0,R,12
155441,2011,A,,A,,A,,R,10.0,R,0.0,R,10.0,R,8.0,R,80.0,R,5.0,R,0.0,R,5.0,R,4.0,R,80.0,R,9
155450,2011,R,231.0,R,504.0,R,46.0,R,188.0,R,0.0,R,188.0,R,101.0,R,54.0,R,47.0,R,0.0,R,47.0,R,20.0,R,43.0,R,15
155487,2011,R,74.0,R,298.0,R,25.0,R,90.0,R,0.0,R,90.0,R,49.0,R,54.0,R,14.0,R,0.0,R,14.0,R,5.0,R,36.0,R,11
155496,2011,R,79.0,R,139.0,R,57.0,R,78.0,R,0.0,R,78.0,R,49.0,R,63.0,A,,A,,A,,A,,A,,R,16
155511,2011,R,134.0,R,222.0,R,60.0,R,170.0,Z,0.0,R,170.0,R,100.0,R,59.0,R,0.0,R,0.0,R,0.0,R,0.0,A,,R,13
155520,2011,R,166.0,R,494.0,R,34.0,R,226.0,R,0.0,R,226.0,R,166.0,R,73.0,R,3.0,R,0.0,R,3.0,R,3.0,R,100.0,R,9
155566,2011,R,299.0,R,1099.0,R,27.0,R,293.0,R,3.0,R,290.0,R,145.0,R,50.0,R,69.0,R,0.0,R,69.0,R,25.0,R,36.0,R,13
155593,2011,R,212.0,R,375.0,R,57.0,R,226.0,R,0.0,R,226.0,R,146.0,R,65.0,R,8.0,R,0.0,R,8.0,R,7.0,R,88.0,R,10
155618,2011,A,,A,,A,,R,186.0,R,0.0,R,186.0,R,132.0,R,71.0,R,0.0,R,0.0,R,0.0,R,0.0,A,,R,12
155627,2011,R,167.0,R,215.0,R,78.0,R,156.0,R,0.0,R,156.0,R,71.0,R,46.0,A,,A,,A,,A,,A,,R,12
155636,2011,A,,A,,A,,A,,A,,A,,A,,A,,A,,A,,A,,A,,A,,R,16
155681,2011,R,1154.0,R,1749.0,R,66.0,R,1077.0,R,0.0,R,1077.0,R,781.0,R,73.0,R,10.0,R,0.0,R,10.0,R,4.0,R,40.0,R,19
155715,2011,R,243.0,R,521.0,R,47.0,R,299.0,R,0.0,R,299.0,R,181.0,R,61.0,R,18.0,R,0.0,R,18.0,R,5.0,R,28.0,R,24
155812,2011,R,103.0,R,306.0,R,34.0,R,134.0,R,0.0,R,134.0,R,63.0,R,47.0,R,0.0,R,0.0,R,0.0,R,0.0,A,,R,11
155830,2011,R,134.0,R,307.0,R,44.0,R,148.0,Z,0.0,R,148.0,R,95.0,R,64.0,R,25.0,Z,0.0,R,25.0,R,18.0,R,72.0,R,12
155858,2011,R,387.0,R,844.0,R,46.0,R,305.0,R,0.0,R,305.0,R,190.0,R,62.0,R,28.0,R,0.0,R,28.0,R,10.0,R,36.0,R,13
155867,2011,A,,A,,A,,R,75.0,R,0.0,R,75.0,R,55.0,R,73.0,A,,A,,A,,A,,A,,R,11
155900,2011,R,160.0,R,361.0,R,44.0,R,172.0,R,0.0,R,172.0,R,108.0,R,63.0,A,,A,,A,,A,,A,,R,9
155937,2011,R,140.0,R,198.0,R,71.0,R,149.0,R,0.0,R,149.0,R,92.0,R,62.0,R,0.0,R,0.0,R,0.0,R,0.0,A,,R,14
155973,2011,R,151.0,R,292.0,R,52.0,R,153.0,R,0.0,R,153.0,R,106.0,R,69.0,A,,A,,A,,A,,A,,R,14
156082,2011,R,850.0,R,2094.0,R,41.0,R,782.0,R,1.0,R,781.0,R,486.0,R,62.0,R,133.0,R,0.0,R,133.0,R,58.0,R,44.0,R,16
156107,2011,R,206.0,R,841.0,R,24.0,R,199.0,R,0.0,R,199.0,R,119.0,R,60.0,R,197.0,R,0.0,R,197.0,R,95.0,R,48.0,R,17
156125,2011,R,1277.0,R,2830.0,R,45.0,R,1186.0,R,0.0,R,1186.0,R,864.0,R,73.0,R,119.0,R,0.0,R,119.0,R,47.0,R,39.0,R,20
156134,2011,A,,A,,A,,R,239.0,R,4.0,R,235.0,R,143.0,R,61.0,A,,A,,A,,A,,A,,R,20
156189,2011,R,182.0,R,230.0,R,79.0,R,172.0,R,0.0,R,172.0,R,91.0,R,53.0,A,,A,,A,,A,,A,,R,16
156213,2011,R,308.0,R,495.0,R,62.0,R,285.0,R,0.0,R,285.0,R,229.0,R,80.0,R,0.0,R,0.0,R,0.0,R,0.0,A,,R,14
156231,2011,R,562.0,R,1166.0,R,48.0,R,520.0,R,2.0,R,518.0,R,257.0,R,50.0,R,78.0,R,0.0,R,78.0,R,25.0,R,32.0,R,18
156277,2011,A,,A,,A,,R,26.0,R,0.0,R,26.0,R,21.0,R,81.0,A,,A,,A,,A,,A,,R,15
156286,2011,R,600.0,R,902.0,R,67.0,R,577.0,R,4.0,R,573.0,R,448.0,R,78.0,R,0.0,R,0.0,R,0.0,R,0.0,A,,R,12
156295,2011,R,418.0,R,543.0,R,77.0,R,429.0,R,0.0,R,429.0,R,340.0,R,79.0,A,,A,,A,,A,,A,,R,11
156310,2011,A,,A,,A,,R,227.0,R,0.0,R,227.0,R,180.0,R,79.0,R,21.0,R,0.0,R,21.0,R,11.0,R,52.0,R,7
156338,2011,R,224.0,R,1065.0,R,21.0,R,363.0,R,0.0,R,363.0,R,209.0,R,58.0,R,181.0,R,0.0,R,181.0,R,72.0,R,40.0,R,16
156356,2011,R,148.0,R,273.0,R,54.0,R,112.0,R,0.0,R,112.0,R,68.0,R,61.0,R,0.0,R,0.0,R,0.0,R,0.0,A,,R,15
156365,2011,R,505.0,R,1698.0,R,30.0,R,503.0,R,0.0,R,503.0,R,330.0,R,66.0,R,7.0,R,0.0,R,7.0,R,4.0,R,57.0,R,13
156392,2011,R,1705.0,R,3607.0,R,47.0,R,1718.0,R,0.0,R,1718.0,R,1021.0,R,59.0,R,925.0,R,0.0,R,925.0,R,393.0,R,42.0,R,18
156408,2011,R,374.0,R,393.0,R,95.0,R,356.0,R,0.0,R,356.0,R,324.0,R,91.0,R,0.0,R,0.0,R,0.0,R,0.0,A,,R,11
156417,2011,R,14.0,R,51.0,R,27.0,R,13.0,R,0.0,R,13.0,R,9.0,R,69.0,R,4.0,R,0.0,R,4.0,R,1.0,R,25.0,R,9
156426,2011,A,,A,,A,,R,99.0,R,0.0,R,99.0,R,64.0,R,65.0,R,33.0,R,0.0,R,33.0,R,16.0,R,48.0,R,16
156444,2011,A,,A,,A,,R,6.0,R,0.0,R,6.0,R,4.0,R,67.0,A,,A,,A,,A,,A,,R,20
156471,2011,A,,A,,A,,R,88.0,R,0.0,R,88.0,R,72.0,R,82.0,R,35.0,Z,0.0,R,35.0,R,23.0,R,66.0,R,10
156541,2011,R,399.0,R,486.0,R,82.0,R,446.0,R,0.0,R,446.0,R,276.0,R,62.0,R,0.0,R,0.0,R,0.0,R,0.0,A,,R,14
156620,2011,R,2367.0,R,3987.0,R,59.0,R,2114.0,R,0.0,R,2114.0,R,1402.0,R,66.0,R,28.0,R,0.0,R,28.0,R,11.0,R,39.0,R,16
156648,2011,R,914.0,R,2062.0,R,44.0,R,1045.0,R,0.0,R,1045.0,R,598.0,R,57.0,R,499.0,R,0.0,R,499.0,R,174.0,R,35.0,R,23
156675,2011,A,,A,,A,,R,15.0,R,0.0,R,15.0,R,8.0,R,53.0,A,,A,,A,,A,,A,,R,15
156745,2011,R,351.0,R,427.0,R,82.0,R,336.0,R,0.0,R,336.0,R,240.0,R,71.0,R,0.0,R,0.0,R,0.0,R,0.0,A,,R,11
156754,2011,A,,A,,A,,R,46.0,R,0.0,R,46.0,R,34.0,R,74.0,A,,A,,A,,A,,A,,R,7
156790,2011,R,505.0,R,824.0,R,61.0,R,553.0,R,0.0,R,553.0,R,342.0,R,62.0,R,78.0,R,0.0,R,78.0,R,34.0,R,44.0,R,13
156842,2011,A,,A,,A,,R,112.0,R,0.0,R,112.0,R,80.0,R,71.0,R,5.0,Z,0.0,R,5.0,R,5.0,R,100.0,R,15
156851,2011,R,177.0,R,406.0,R,44.0,R,160.0,R,0.0,R,160.0,R,88.0,R,55.0,R,77.0,R,0.0,R,77.0,R,28.0,R,36.0,R,12
156860,2011,R,404.0,R,1255.0,R,32.0,R,347.0,R,0.0,R,347.0,R,202.0,R,58.0,R,289.0,R,0.0,R,289.0,R,104.0,R,36.0,R,21
156903,2011,R,55.0,R,80.0,R,69.0,R,14.0,R,0.0,R,14.0,R,12.0,R,86.0,R,6.0,R,0.0,R,6.0,R,1.0,R,17.0,R,11
156921,2011,R,948.0,R,2952.0,R,32.0,R,1122.0,R,0.0,R,1122.0,R,602.0,R,54.0,R,897.0,R,0.0,R,897.0,R,355.0,R,40.0,R,16
156949,2011,A,,A,,A,,R,5.0,R,0.0,R,5.0,R,4.0,R,80.0,R,4.0,R,0.0,R,4.0,R,3.0,R,75.0,R,8
156967,2011,A,,A,,A,,R,15.0,R,0.0,R,15.0,R,12.0,R,80.0,A,,A,,A,,A,,A,,R,20
157021,2011,R,72.0,R,266.0,R,27.0,R,1.0,R,0.0,R,1.0,R,0.0,R,0.0,R,0.0,R,0.0,R,0.0,R,0.0,A,,R,10
157030,2011,R,14.0,R,22.0,R,64.0,R,10.0,R,0.0,R,10.0,R,5.0,R,50.0,R,0.0,R,0.0,R,0.0,R,0.0,A,,R,15
157058,2011,R,547.0,R,713.0,R,77.0,R,519.0,R,4.0,R,515.0,R,258.0,R,50.0,R,19.0,R,0.0,R,19.0,R,2.0,R,11.0,R,15
157076,2011,R,188.0,R,275.0,R,68.0,R,205.0,R,0.0,R,205.0,R,111.0,R,54.0,R,0.0,R,0.0,R,0.0,R,0.0,A,,R,13
157085,2011,R,4082.0,R,5355.0,R,76.0,R,4282.0,R,0.0,R,4282.0,R,3491.0,R,82.0,R,46.0,R,0.0,R,46.0,R,21.0,R,46.0,R,18
157100,2011,R,187.0,R,245.0,R,76.0,R,133.0,R,0.0,R,133.0,R,89.0,R,67.0,R,0.0,R,0.0,R,0.0,R,0.0,A,,R,15
157216,2011,R,548.0,R,947.0,R,58.0,R,595.0,R,0.0,R,595.0,R,322.0,R,54.0,R,2.0,R,0.0,R,2.0,R,0.0,R,0.0,R,14
157270,2011,R,123.0,R,180.0,R,68.0,R,0.0,R,0.0,R,0.0,R,0.0,A,,R,0.0,R,0.0,R,0.0,R,0.0,A,,R,10
157289,2011,R,2514.0,R,3704.0,R,68.0,R,2512.0,R,0.0,R,2512.0,R,1952.0,R,78.0,R,47.0,R,0.0,R,47.0,R,21.0,R,45.0,R,13
157304,2011,R,313.0,R,612.0,R,51.0,R,364.0,R,0.0,R,364.0,R,226.0,R,62.0,R,152.0,R,0.0,R,152.0,R,57.0,R,38.0,R,12
157331,2011,R,421.0,R,766.0,R,55.0,R,453.0,R,0.0,R,453.0,R,275.0,R,61.0,R,126.0,R,0.0,R,126.0,R,63.0,R,50.0,R,14
157359,2011,R,236.0,R,850.0,R,28.0,R,222.0,Z,0.0,R,222.0,R,145.0,R,65.0,R,29.0,Z,0.0,R,29.0,R,9.0,R,31.0,R,23
157377,2011,R,103.0,R,460.0,R,22.0,R,237.0,Z,0.0,R,237.0,R,188.0,R,79.0,R,65.0,Z,0.0,R,65.0,R,31.0,R,48.0,R,14
157386,2011,R,1361.0,R,1977.0,R,69.0,R,1044.0,R,0.0,R,1044.0,R,770.0,R,74.0,R,14.0,R,0.0,R,14.0,R,5.0,R,36.0,R,18
157395,2011,A,,A,,A,,R,10.0,R,0.0,R,10.0,R,5.0,R,50.0,A,,A,,A,,A,,A,,R,20
157401,2011,R,1509.0,R,2946.0,R,51.0,R,1365.0,R,0.0,R,1365.0,R,982.0,R,72.0,R,25.0,R,0.0,R,25.0,R,12.0,R,48.0,R,16
157438,2011,R,229.0,R,951.0,R,24.0,R,336.0,R,0.0,R,336.0,R,233.0,R,69.0,R,368.0,R,0.0,R,368.0,R,162.0,R,44.0,R,14
157447,2011,R,2217.0,R,3458.0,R,64.0,R,2211.0,R,0.0,R,2211.0,R,1466.0,R,66.0,R,104.0,R,0.0,R,104.0,R,35.0,R,34.0,R,18
157456,2011,A,,A,,A,,R,11.0,R,0.0,R,11.0,R,6.0,R,55.0,A,,A,,A,,A,,A,,R,8
157465,2011,R,18.0,R,66.0,R,27.0,R,0.0,R,0.0,R,0.0,R,0.0,A,,R,0.0,R,0.0,R,0.0,R,0.0,A,,R,11
157483,2011,R,516.0,R,1198.0,R,43.0,R,665.0,R,1.0,R,664.0,R,424.0,R,64.0,R,174.0,R,0.0,R,174.0,R,84.0,R,48.0,R,13
157508,2011,A,,A,,A,,R,12.0,R,0.0,R,12.0,R,9.0,R,75.0,R,8.0,R,0.0,R,8.0,R,6.0,R,75.0,R,17
157535,2011,R,481.0,R,911.0,R,53.0,R,363.0,R,0.0,R,363.0,R,180.0,R,50.0,R,0.0,R,0.0,R,0.0,R,0.0,A,,R,17
157553,2011,R,417.0,R,862.0,R,48.0,R,524.0,R,0.0,R,524.0,R,322.0,R,61.0,R,113.0,R,0.0,R,113.0,R,43.0,R,38.0,R,17
157599,2011,R,358.0,R,728.0,R,49.0,R,8.0,R,0.0,R,8.0,R,4.0,R,50.0,A,,A,,A,,A,,A,,R,14
157614,2011,A,,A,,A,,R,11.0,Z,0.0,R,11.0,R,8.0,R,73.0,R,3.0,Z,0.0,R,3.0,R,1.0,R,33.0,R,18
157632,2011,R,175.0,R,532.0,R,33.0,R,98.0,R,0.0,R,98.0,R,50.0,R,51.0,R,2.0,R,0.0,R,2.0,R,0.0,R,0.0,R,16
157650,2011,A,,A,,A,,R,22.0,Z,0.0,R,22.0,R,9.0,R,41.0,R,2.0,Z,0.0,R,2.0,R,0.0,R,0.0,R,26
157669,2011,A,,A,,A,,R,20.0,R,1.0,R,19.0,R,13.0,R,68.0,R,7.0,Z,0.0,R,7.0,R,1.0,R,14.0,R,20
157678,2011,A,,A,,A,,R,28.0,R,1.0,R,27.0,R,15.0,R,56.0,R,2.0,Z,0.0,R,2.0,R,2.0,R,100.0,R,22
157696,2011,R,91.0,R,228.0,R,40.0,R,112.0,R,0.0,R,112.0,R,27.0,R,24.0,A,,A,,A,,A,,A,,R,10
157711,2011,R,977.0,R,1897.0,R,52.0,R,1128.0,R,0.0,R,1128.0,R,726.0,R,64.0,R,395.0,R,0.0,R,395.0,R,180.0,R,46.0,R,22
157739,2011,R,342.0,R,1035.0,R,33.0,R,396.0,R,0.0,R,396.0,R,211.0,R,53.0,R,131.0,R,0.0,R,131.0,R,27.0,R,21.0,R,16
157748,2011,R,52.0,R,181.0,R,29.0,R,45.0,R,0.0,R,45.0,R,37.0,R,82.0,R,9.0,R,0.0,R,9.0,R,8.0,R,89.0,R,30
157757,2011,A,,A,,A,,R,117.0,R,0.0,R,117.0,R,85.0,R,73.0,R,23.0,R,0.0,R,23.0,R,4.0,R,17.0,R,11
157766,2011,R,235.0,R,268.0,R,88.0,R,266.0,R,2.0,R,264.0,R,107.0,R,41.0,R,71.0,R,0.0,R,71.0,R,57.0,R,80.0,R,12
157793,2011,R,310.0,R,394.0,R,79.0,R,0.0,R,0.0,R,0.0,R,0.0,A,,R,0.0,R,0.0,R,0.0,R,0.0,A,,R,18
157809,2011,R,255.0,R,602.0,R,42.0,R,298.0,R,1.0,R,297.0,R,203.0,R,68.0,R,0.0,R,0.0,R,0.0,R,0.0,A,,R,15
157818,2011,R,241.0,R,259.0,R,93.0,R,303.0,R,0.0,R,303.0,R,262.0,R,86.0,A,,A,,A,,A,,A,,R,11
157827,2011,A,,A,,A,,R,59.0,R,0.0,R,59.0,R,19.0,R,32.0,R,31.0,R,0.0,R,31.0,R,14.0,R,45.0,R,21
157863,2011,R,193.0,R,287.0,R,67.0,R,197.0,R,0.0,R,197.0,R,111.0,R,56.0,R,1.0,R,0.0,R,1.0,R,1.0,R,100.0,R,11
157951,2011,R,3287.0,R,4410.0,R,75.0,R,2485.0,Z,0.0,R,2485.0,R,1817.0,R,73.0,R,30.0,Z,0.0,R,30.0,R,11.0,R,37.0,R,19
158088,2011,R,350.0,R,662.0,R,53.0,R,430.0,R,0.0,R,430.0,R,247.0,R,57.0,R,125.0,R,0.0,R,125.0,R,52.0,R,42.0,R,13
158158,2011,A,,A,,A,,R,25.0,R,0.0,R,25.0,R,19.0,R,76.0,R,8.0,R,0.0,R,8.0,R,6.0,R,75.0,R,22
158246,2011,A,,A,,A,,A,,A,,A,,A,,A,,A,,A,,A,,A,,A,,R,15
158325,2011,A,,A,,A,,A,,A,,A,,A,,A,,A,,A,,A,,A,,A,,R,8
158343,2011,A,,A,,A,,R,15.0,R,1.0,R,14.0,R,14.0,R,100.0,R,14.0,R,1.0,R,13.0,R,13.0,R,100.0,R,25
158352,2011,R,392.0,R,1054.0,R,37.0,R,289.0,R,0.0,R,289.0,R,159.0,R,55.0,R,42.0,R,0.0,R,42.0,R,13.0,R,31.0,R,27
158431,2011,R,1608.0,R,2760.0,R,58.0,R,1405.0,R,0.0,R,1405.0,R,684.0,R,49.0,R,273.0,R,0.0,R,273.0,R,97.0,R,36.0,R,23
158440,2011,A,,A,,A,,R,19.0,Z,0.0,R,19.0,R,12.0,R,63.0,A,,A,,A,,A,,A,,R,17
158477,2011,R,240.0,R,275.0,R,87.0,R,192.0,R,0.0,R,192.0,R,131.0,R,68.0,A,,A,,A,,A,,A,,R,11
158538,2011,A,,A,,A,,R,10.0,R,0.0,R,10.0,R,8.0,R,80.0,A,,A,,A,,A,,A,,R,20
158617,2011,A,,A,,A,,A,,A,,A,,A,,A,,A,,A,,A,,A,,A,,R,20
158644,2011,A,,A,,A,,R,34.0,Z,0.0,R,34.0,R,18.0,R,53.0,R,0.0,R,0.0,R,0.0,R,0.0,A,,R,11
158662,2011,R,2623.0,R,5462.0,R,48.0,R,2559.0,R,0.0,R,2559.0,R,1387.0,R,54.0,R,997.0,R,0.0,R,997.0,R,399.0,R,40.0,R,20
158723,2011,R,167.0,R,167.0,R,100.0,R,294.0,R,0.0,R,294.0,R,184.0,R,63.0,A,,A,,A,,A,,A,,R,12
158769,2011,R,292.0,R,677.0,R,43.0,R,278.0,R,0.0,R,278.0,R,233.0,R,84.0,R,78.0,R,0.0,R,78.0,R,39.0,R,50.0,R,16
158778,2011,A,,A,,A,,R,10.0,R,0.0,R,10.0,R,4.0,R,40.0,A,,A,,A,,A,,A,,R,20
158787,2011,A,,A,,A,,R,41.0,R,0.0,R,41.0,R,32.0,R,78.0,A,,A,,A,,A,,A,,R,15
158802,2011,R,351.0,R,411.0,R,85.0,R,411.0,R,0.0,R,411.0,R,265.0,R,64.0,R,35.0,R,0.0,R,35.0,R,6.0,R,17.0,R,12
158884,2011,R,190.0,R,593.0,R,32.0,R,167.0,R,0.0,R,167.0,R,77.0,R,46.0,R,86.0,Z,0.0,R,86.0,R,29.0,R,34.0,R,28
159009,2011,R,743.0,R,1056.0,R,70.0,R,706.0,R,0.0,R,706.0,R,479.0,R,68.0,R,23.0,R,1.0,R,22.0,R,15.0,R,68.0,R,20
159027,2011,A,,A,,A,,R,18.0,R,0.0,R,18.0,R,16.0,R,89.0,A,,A,,A,,A,,A,,R,10
159197,2011,A,,A,,A,,R,235.0,R,0.0,R,235.0,R,170.0,R,72.0,A,,A,,A,,A,,A,,R,10
159319,2011,A,,A,,A,,R,12.0,R,0.0,R,12.0,R,5.0,R,42.0,A,,A,,A,,A,,A,,R,12
159328,2011,A,,A,,A,,R,45.0,R,0.0,R,45.0,R,35.0,R,78.0,A,,A,,A,,A,,A,,R,10
159373,2011,A,,A,,A,,A,,A,,A,,A,,A,,A,,A,,A,,A,,A,,R,5
159382,2011,R,283.0,R,571.0,R,50.0,R,130.0,R,1.0,R,129.0,R,80.0,R,62.0,R,15.0,R,0.0,R,15.0,R,4.0,R,27.0,R,15
159391,2011,R,5283.0,R,6576.0,R,80.0,R,5477.0,R,0.0,R,5477.0,R,4589.0,R,84.0,R,4.0,R,0.0,R,4.0,R,3.0,R,75.0,R,23
159407,2011,R,627.0,R,1006.0,R,62.0,R,678.0,R,1.0,R,677.0,R,337.0,R,50.0,R,167.0,R,1.0,R,166.0,R,79.0,R,48.0,R,22
159416,2011,R,315.0,R,793.0,R,40.0,R,334.0,R,0.0,R,334.0,R,217.0,R,65.0,R,11.0,R,0.0,R,11.0,R,5.0,R,45.0,R,23
159443,2011,R,649.0,R,1045.0,R,62.0,R,639.0,R,0.0,R,639.0,R,401.0,R,63.0,R,153.0,R,0.0,R,153.0,R,50.0,R,33.0,R,16
159513,2011,A,,A,,A,,R,58.0,R,1.0,R,57.0,R,42.0,R,74.0,A,,A,,A,,A,,A,,R,14
159522,2011,A,,A,,A,,R,42.0,R,0.0,R,42.0,R,33.0,R,79.0,A,,A,,A,,A,,A,,R,13
159531,2011,A,,A,,A,,R,40.0,R,0.0,R,40.0,R,25.0,R,63.0,A,,A,,A,,A,,A,,R,13
159568,2011,R,317.0,R,443.0,R,72.0,R,290.0,R,0.0,R,290.0,R,181.0,R,62.0,R,1.0,R,0.0,R,1.0,R,0.0,R,0.0,R,16
159601,2011,A,,A,,A,,R,6.0,R,0.0,R,6.0,R,4.0,R,67.0,A,,A,,A,,A,,A,,R,5
159647,2011,R,1579.0,R,2455.0,R,64.0,R,1535.0,R,0.0,R,1535.0,R,1136.0,R,74.0,R,65.0,R,0.0,R,65.0,R,8.0,R,12.0,R,22
159656,2011,R,859.0,R,1087.0,R,79.0,R,760.0,Z,0.0,R,760.0,R,584.0,R,77.0,R,0.0,Z,0.0,R,0.0,Z,0.0,A,,R,10
159717,2011,R,1333.0,R,2330.0,R,57.0,R,1243.0,R,4.0,R,1239.0,R,842.0,R,68.0,R,57.0,R,0.0,R,57.0,R,25.0,R,44.0,R,21
159939,2011,R,1044.0,R,2019.0,R,52.0,R,1020.0,R,0.0,R,1020.0,R,681.0,R,67.0,R,46.0,R,0.0,R,46.0,R,23.0,R,50.0,R,20
159948,2011,R,53.0,R,216.0,R,25.0,R,29.0,R,0.0,R,29.0,R,20.0,R,69.0,R,47.0,R,0.0,R,47.0,R,32.0,R,68.0,R,25
159966,2011,R,983.0,R,1634.0,R,60.0,R,1050.0,R,1.0,R,1049.0,R,750.0,R,71.0,R,166.0,R,1.0,R,165.0,R,91.0,R,55.0,R,21
159993,2011,R,1159.0,R,1757.0,R,66.0,R,974.0,R,0.0,R,974.0,R,668.0,R,69.0,R,12.0,R,0.0,R,12.0,R,2.0,R,17.0,R,21
160010,2011,R,406.0,R,1035.0,R,39.0,R,341.0,R,0.0,R,341.0,R,198.0,R,58.0,R,74.0,R,0.0,R,74.0,R,41.0,R,55.0,R,21
160038,2011,R,1144.0,R,1914.0,R,60.0,R,1002.0,R,4.0,R,998.0,R,692.0,R,69.0,R,47.0,R,0.0,R,47.0,R,25.0,R,53.0,R,21
160065,2011,R,48.0,R,201.0,R,24.0,R,45.0,R,0.0,R,45.0,R,30.0,R,67.0,R,5.0,R,0.0,R,5.0,R,3.0,R,60.0,R,13
160074,2011,R,85.0,R,261.0,R,33.0,R,6.0,R,0.0,R,6.0,R,4.0,R,67.0,R,0.0,R,0.0,R,0.0,R,0.0,A,,R,19
160117,2011,A,,A,,A,,R,15.0,Z,0.0,R,15.0,R,13.0,R,87.0,A,,A,,A,,A,,A,,R,1
160126,2011,A,,A,,A,,R,5.0,R,0.0,R,5.0,R,4.0,R,80.0,A,,A,,A,,A,,A,,R,3
160135,2011,A,,A,,A,,R,19.0,Z,0.0,R,19.0,R,10.0,R,53.0,A,,A,,A,,A,,A,,R,10
160199,2011,A,,A,,A,,R,39.0,R,0.0,R,39.0,R,28.0,R,72.0,A,,A,,A,,A,,A,,R,21
160320,2011,A,,A,,A,,R,62.0,R,0.0,R,62.0,R,43.0,R,69.0,A,,A,,A,,A,,A,,R,13
160409,2011,R,10.0,R,35.0,R,29.0,R,9.0,Z,0.0,R,9.0,R,6.0,R,67.0,A,,A,,A,,A,,A,,R,6
160445,2011,A,,A,,A,,R,18.0,R,0.0,R,18.0,R,13.0,R,72.0,R,0.0,R,0.0,R,0.0,R,0.0,A,,R,20
160472,2011,A,,A,,A,,R,33.0,R,0.0,R,33.0,R,30.0,R,91.0,A,,A,,A,,A,,A,,R,17
160481,2011,R,411.0,R,892.0,R,46.0,R,301.0,R,0.0,R,301.0,R,162.0,R,54.0,R,59.0,R,0.0,R,59.0,R,30.0,R,51.0,R,20
160524,2011,A,,A,,A,,R,113.0,Z,0.0,R,113.0,R,64.0,R,57.0,A,,A,,A,,A,,A,,R,19
160579,2011,R,495.0,R,1468.0,R,34.0,R,519.0,R,5.0,R,514.0,R,234.0,R,46.0,R,115.0,R,2.0,R,113.0,R,53.0,R,47.0,R,24
160597,2011,A,,A,,A,,R,20.0,R,0.0,R,20.0,R,17.0,R,85.0,R,25.0,R,0.0,R,25.0,R,22.0,R,88.0,R,20
160612,2011,R,2294.0,R,4474.0,R,51.0,R,2420.0,R,2.0,R,2418.0,R,1658.0,R,69.0,R,146.0,R,0.0,R,146.0,R,87.0,R,60.0,R,23
160621,2011,R,834.0,R,1205.0,R,69.0,R,875.0,R,0.0,R,875.0,R,611.0,R,70.0,R,10.0,R,0.0,R,10.0,R,5.0,R,50.0,R,15
160630,2011,R,104.0,R,436.0,R,24.0,R,319.0,R,0.0,R,319.0,R,150.0,R,47.0,R,36.0,R,0.0,R,36.0,R,14.0,R,39.0,R,19
160649,2011,R,357.0,R,716.0,R,50.0,R,335.0,R,0.0,R,335.0,R,162.0,R,48.0,R,35.0,R,0.0,R,35.0,R,17.0,R,49.0,R,18
160658,2011,R,2929.0,R,3815.0,R,77.0,R,2915.0,R,1.0,R,2914.0,R,2142.0,R,74.0,R,40.0,R,0.0,R,40.0,R,15.0,R,38.0,R,23
160667,2011,R,375.0,R,2026.0,R,19.0,R,264.0,R,0.0,R,264.0,R,155.0,R,59.0,R,80.0,Z,0.0,R,80.0,R,28.0,R,35.0,R,26
160755,2011,R,1642.0,R,1757.0,R,93.0,R,1625.0,Z,0.0,R,1625.0,R,1469.0,R,90.0,A,,A,,A,,A,,A,,R,11
160904,2011,R,784.0,R,875.0,R,90.0,R,776.0,R,0.0,R,776.0,R,532.0,R,69.0,R,3.0,R,0.0,R,3.0,R,0.0,R,0.0,R,13
160913,2011,R,217.0,R,794.0,R,27.0,R,208.0,R,0.0,R,208.0,R,114.0,R,55.0,R,43.0,R,0.0,R,43.0,R,22.0,R,51.0,R,24
160940,2011,A,,A,,A,,R,0.0,R,0.0,R,0.0,R,0.0,A,,R,0.0,R,0.0,R,0.0,R,0.0,A,,R,16
160959,2011,R,76.0,R,101.0,R,75.0,R,84.0,R,0.0,R,84.0,R,73.0,R,87.0,R,1.0,R,0.0,R,1.0,R,0.0,R,0.0,R,11
160968,2011,A,,A,,A,,A,,A,,A,,A,,A,,A,,A,,A,,A,,A,,R,3
160977,2011,R,502.0,R,509.0,R,99.0,R,495.0,R,0.0,R,495.0,R,459.0,R,93.0,A,,A,,A,,A,,A,,R,10
160995,2011,A,,A,,A,,R,108.0,R,0.0,R,108.0,R,65.0,R,60.0,R,3.0,R,0.0,R,3.0,R,2.0,R,67.0,R,29
161004,2011,R,483.0,R,490.0,R,99.0,R,507.0,R,0.0,R,507.0,R,492.0,R,97.0,R,0.0,R,0.0,R,0.0,R,0.0,A,,R,9
161022,2011,R,4.0,R,31.0,R,13.0,R,1.0,R,0.0,R,1.0,R,0.0,R,0.0,R,2.0,R,0.0,R,2.0,R,2.0,R,100.0,R,8
161077,2011,R,505.0,R,1235.0,R,41.0,R,546.0,R,1.0,R,545.0,R,328.0,R,60.0,R,179.0,R,0.0,R,179.0,R,124.0,R,69.0,R,17
161086,2011,R,467.0,R,477.0,R,98.0,R,484.0,R,0.0,R,484.0,R,454.0,R,94.0,A,,A,,A,,A,,A,,R,10
161138,2011,R,366.0,R,702.0,R,52.0,R,328.0,R,0.0,R,328.0,R,180.0,R,55.0,R,93.0,R,0.0,R,93.0,R,34.0,R,37.0,R,24
161165,2011,R,466.0,R,729.0,R,64.0,R,474.0,R,0.0,R,474.0,R,353.0,R,74.0,R,4.0,R,0.0,R,4.0,R,2.0,R,50.0,R,16
161192,2011,R,217.0,R,1062.0,R,20.0,R,209.0,Z,0.0,R,209.0,R,139.0,R,67.0,R,163.0,Z,0.0,R,163.0,R,78.0,R,48.0,R,17
161208,2011,R,10.0,R,54.0,R,19.0,R,6.0,R,0.0,R,6.0,R,6.0,R,100.0,A,,A,,A,,A,,A,,R,7
161217,2011,R,359.0,R,1474.0,R,24.0,R,191.0,R,0.0,R,191.0,R,92.0,R,48.0,R,113.0,R,0.0,R,113.0,R,59.0,R,52.0,R,17
161226,2011,R,480.0,R,603.0,R,80.0,R,555.0,R,0.0,R,555.0,R,413.0,R,74.0,R,1.0,R,0.0,R,1.0,R,0.0,R,0.0,R,15
161235,2011,R,159.0,R,502.0,R,32.0,R,125.0,R,0.0,R,125.0,R,77.0,R,62.0,R,0.0,R,0.0,R,0.0,R,0.0,A,,R,14
161244,2011,R,130.0,R,361.0,R,36.0,R,103.0,R,0.0,R,103.0,R,66.0,R,64.0,R,6.0,R,0.0,R,6.0,R,0.0,R,0.0,R,14
161253,2011,R,1757.0,R,2675.0,R,66.0,R,1718.0,R,0.0,R,1718.0,R,1346.0,R,78.0,R,29.0,R,0.0,R,29.0,R,17.0,R,59.0,R,12
161299,2011,R,555.0,R,650.0,R,85.0,R,278.0,R,1.0,R,277.0,R,203.0,R,73.0,A,,A,,A,,A,,A,,R,13
161341,2011,R,183.0,R,471.0,R,39.0,R,193.0,R,0.0,R,193.0,R,122.0,R,63.0,R,6.0,R,0.0,R,6.0,R,3.0,R,50.0,R,17
161457,2011,R,639.0,R,1214.0,R,53.0,R,557.0,R,0.0,R,557.0,R,415.0,R,75.0,R,2.0,R,0.0,R,2.0,R,0.0,R,0.0,R,13
161484,2011,R,160.0,R,469.0,R,34.0,R,162.0,R,0.0,R,162.0,R,96.0,R,59.0,R,39.0,R,1.0,R,38.0,R,13.0,R,34.0,R,13
161493,2011,A,,A,,A,,R,88.0,R,2.0,R,86.0,R,58.0,R,67.0,R,10.0,Z,0.0,R,10.0,R,6.0,R,60.0,R,16
161509,2011,R,102.0,R,128.0,R,80.0,R,91.0,R,0.0,R,91.0,R,70.0,R,77.0,R,0.0,R,0.0,R,0.0,R,0.0,A,,R,10
161518,2011,R,283.0,R,990.0,R,29.0,R,277.0,R,0.0,R,277.0,R,207.0,R,75.0,R,0.0,R,0.0,R,0.0,R,0.0,A,,R,15
161527,2011,A,,A,,A,,R,27.0,R,0.0,R,27.0,R,17.0,R,63.0,R,8.0,R,0.0,R,8.0,R,4.0,R,50.0,R,11
161545,2011,R,1066.0,R,2465.0,R,43.0,R,1109.0,R,6.0,R,1103.0,R,593.0,R,54.0,R,382.0,R,1.0,R,381.0,R,183.0,R,48.0,R,20
161554,2011,R,661.0,R,2229.0,R,30.0,R,766.0,R,0.0,R,766.0,R,502.0,R,66.0,R,51.0,R,0.0,R,51.0,R,25.0,R,49.0,R,15
161563,2011,R,224.0,R,388.0,R,58.0,R,223.0,R,0.0,R,223.0,R,133.0,R,60.0,R,0.0,Z,0.0,R,0.0,R,0.0,A,,R,18
161572,2011,R,128.0,R,171.0,R,75.0,R,146.0,R,0.0,R,146.0,R,104.0,R,71.0,R,0.0,R,0.0,R,0.0,R,0.0,A,,R,12
161581,2011,R,132.0,R,184.0,R,72.0,R,148.0,R,0.0,R,148.0,R,63.0,R,43.0,R,21.0,R,0.0,R,21.0,R,6.0,R,29.0,R,14
161615,2011,A,,A,,A,,R,13.0,R,0.0,R,13.0,R,7.0,R,54.0,R,1.0,Z,0.0,R,1.0,R,1.0,R,100.0,R,12
161651,2011,A,,A,,A,,R,21.0,Z,0.0,R,21.0,R,17.0,R,81.0,R,16.0,R,5.0,R,11.0,R,7.0,R,64.0,R,10
161688,2011,R,390.0,R,970.0,R,40.0,R,714.0,R,0.0,R,714.0,R,393.0,R,55.0,R,148.0,R,0.0,R,148.0,R,54.0,R,36.0,R,14
161767,2011,R,1816.0,R,4638.0,R,39.0,R,2014.0,R,0.0,R,2014.0,R,1224.0,R,61.0,R,1253.0,R,0.0,R,1253.0,R,568.0,R,45.0,R,18
161776,2011,A,,A,,A,,R,109.0,R,0.0,R,109.0,R,77.0,R,71.0,A,,A,,A,,A,,A,,R,31
161800,2011,A,,A,,A,,R,35.0,R,0.0,R,35.0,R,18.0,R,51.0,R,28.0,R,0.0,R,28.0,R,14.0,R,50.0,R,25
161855,2011,A,,A,,A,,R,14.0,R,0.0,R,14.0,R,9.0,R,64.0,R,3.0,R,0.0,R,3.0,R,1.0,R,33.0,R,25
161864,2011,R,850.0,R,1980.0,R,43.0,R,730.0,R,0.0,R,730.0,R,353.0,R,48.0,R,671.0,R,0.0,R,671.0,R,220.0,R,33.0,R,20
161873,2011,R,155.0,R,796.0,R,19.0,R,163.0,R,0.0,R,163.0,R,126.0,R,77.0,R,22.0,R,0.0,R,22.0,R,15.0,R,68.0,R,20
162007,2011,R,573.0,R,1098.0,R,52.0,R,608.0,R,0.0,R,608.0,R,457.0,R,75.0,R,22.0,R,0.0,R,22.0,R,12.0,R,55.0,R,16
162061,2011,R,67.0,R,108.0,R,62.0,R,53.0,R,0.0,R,53.0,R,39.0,R,74.0,R,0.0,R,0.0,R,0.0,R,0.0,A,,R,12
162104,2011,R,261.0,R,814.0,R,32.0,R,248.0,R,0.0,R,248.0,R,134.0,R,54.0,R,269.0,R,0.0,R,269.0,R,91.0,R,34.0,R,14
162122,2011,R,1049.0,R,2768.0,R,38.0,R,860.0,R,0.0,R,860.0,R,520.0,R,60.0,R,626.0,R,0.0,R,626.0,R,227.0,R,36.0,R,21
162168,2011,R,376.0,R,854.0,R,44.0,R,430.0,R,0.0,R,430.0,R,255.0,R,59.0,R,275.0,R,0.0,R,275.0,R,116.0,R,42.0,R,18
162210,2011,R,164.0,R,411.0,R,40.0,R,123.0,R,0.0,R,123.0,R,85.0,R,69.0,R,1.0,R,0.0,R,1.0,R,1.0,R,100.0,R,14
162283,2011,R,478.0,R,863.0,R,55.0,R,511.0,R,0.0,R,511.0,R,330.0,R,65.0,R,36.0,R,0.0,R,36.0,R,18.0,R,50.0,R,16
162335,2011,A,,A,,A,,R,39.0,Z,0.0,R,39.0,R,33.0,R,85.0,A,,A,,A,,A,,A,,R,14
162371,2011,A,,A,,A,,R,233.0,R,3.0,R,230.0,R,158.0,R,69.0,A,,A,,A,,A,,A,,R,16
162557,2011,R,908.0,R,1893.0,R,48.0,R,907.0,R,0.0,R,907.0,R,584.0,R,64.0,R,521.0,R,0.0,R,521.0,R,241.0,R,46.0,R,18
162584,2011,R,825.0,R,1298.0,R,64.0,R,1028.0,R,0.0,R,1028.0,R,728.0,R,71.0,R,2.0,R,0.0,R,2.0,R,0.0,R,0.0,R,16
162609,2011,R,266.0,R,392.0,R,68.0,R,252.0,R,0.0,R,252.0,R,145.0,R,58.0,R,5.0,R,0.0,R,5.0,R,4.0,R,80.0,R,22
162654,2011,R,367.0,R,438.0,R,84.0,R,389.0,R,0.0,R,389.0,R,315.0,R,81.0,R,2.0,R,0.0,R,2.0,R,2.0,R,100.0,R,9
162681,2011,A,,A,,A,,R,0.0,R,0.0,R,0.0,R,0.0,A,,R,2.0,R,0.0,R,2.0,R,2.0,R,100.0,R,25
162690,2011,R,458.0,R,1492.0,R,31.0,R,514.0,R,0.0,R,514.0,R,328.0,R,64.0,R,533.0,R,0.0,R,533.0,R,261.0,R,49.0,R,18
162706,2011,R,1032.0,R,2193.0,R,47.0,R,1079.0,R,0.0,R,1079.0,R,714.0,R,66.0,R,402.0,R,0.0,R,402.0,R,180.0,R,45.0,R,20
162760,2011,R,311.0,R,474.0,R,66.0,R,327.0,R,0.0,R,327.0,R,247.0,R,76.0,A,,A,,A,,A,,A,,R,12
162779,2011,R,987.0,R,2513.0,R,39.0,R,1153.0,R,0.0,R,1153.0,R,760.0,R,66.0,R,609.0,R,0.0,R,609.0,R,298.0,R,49.0,R,16
162830,2011,A,,A,,A,,R,33.0,R,0.0,R,33.0,R,27.0,R,82.0,A,,A,,A,,A,,A,,R,14
162928,2011,R,1357.0,R,1570.0,R,86.0,R,1325.0,R,5.0,R,1320.0,R,1264.0,R,96.0,A,,A,,A,,A,,A,,R,9
162982,2011,A,,A,,A,,R,37.0,R,0.0,R,37.0,R,23.0,R,62.0,A,,A,,A,,A,,A,,R,16
163028,2011,A,,A,,A,,R,389.0,R,0.0,R,389.0,R,231.0,R,59.0,R,0.0,R,0.0,R,0.0,R,0.0,A,,R,19
163046,2011,R,1070.0,R,1129.0,R,95.0,R,1019.0,R,0.0,R,1019.0,R,906.0,R,89.0,R,0.0,R,0.0,R,0.0,Z,0.0,A,,R,13
163107,2011,A,,A,,A,,R,1.0,R,0.0,R,1.0,R,1.0,R,100.0,R,5.0,R,0.0,R,5.0,R,3.0,R,60.0,R,25
163204,2011,R,159.0,R,7392.0,R,2.0,R,144.0,R,0.0,R,144.0,R,58.0,R,40.0,R,783.0,R,0.0,R,783.0,R,313.0,R,40.0,R,19
163259,2011,A,,A,,A,,A,,A,,A,,A,,A,,A,,A,,A,,A,,A,,R,8
163268,2011,R,1416.0,R,2782.0,R,51.0,R,1485.0,R,0.0,R,1485.0,R,1257.0,R,85.0,R,14.0,R,0.0,R,14.0,R,11.0,R,79.0,R,20
163286,2011,R,3989.0,R,6235.0,R,64.0,R,3923.0,R,1.0,R,3922.0,R,3708.0,R,95.0,R,6.0,R,0.0,R,6.0,R,5.0,R,83.0,R,18
163295,2011,R,496.0,R,581.0,R,85.0,R,430.0,R,0.0,R,430.0,R,365.0,R,85.0,R,0.0,R,0.0,R,0.0,R,0.0,A,,R,10
163338,2011,R,748.0,R,992.0,R,75.0,R,944.0,R,0.0,R,944.0,R,642.0,R,68.0,R,5.0,R,0.0,R,5.0,R,2.0,R,40.0,R,16
163347,2011,A,,A,,A,,R,267.0,R,0.0,R,267.0,R,175.0,R,66.0,A,,A,,A,,A,,A,,R,30
163408,2011,A,,A,,A,,R,34.0,R,0.0,R,34.0,R,17.0,R,50.0,R,18.0,R,0.0,R,18.0,R,10.0,R,56.0,R,25
163426,2011,R,2032.0,R,6912.0,R,29.0,R,2244.0,R,0.0,R,2244.0,R,1628.0,R,73.0,R,1606.0,R,0.0,R,1606.0,R,813.0,R,51.0,R,20
163453,2011,R,1066.0,R,1625.0,R,66.0,R,1208.0,R,0.0,R,1208.0,R,882.0,R,73.0,R,21.0,R,0.0,R,21.0,R,10.0,R,48.0,R,14
163462,2011,R,572.0,R,628.0,R,91.0,R,424.0,R,0.0,R,424.0,R,346.0,R,82.0,A,,A,,A,,A,,A,,R,14
163532,2011,R,45.0,R,115.0,R,39.0,R,52.0,Z,0.0,R,52.0,R,41.0,R,79.0,A,,A,,A,,A,,A,,R,18
163541,2011,A,,A,,A,,R,64.0,R,0.0,R,64.0,R,33.0,R,52.0,R,33.0,R,0.0,R,33.0,R,17.0,R,52.0,R,25
163578,2011,R,138.0,R,325.0,R,42.0,R,119.0,R,0.0,R,119.0,R,85.0,R,71.0,R,0.0,R,0.0,R,0.0,R,0.0,A,,R,12
163657,2011,R,1235.0,R,4473.0,R,28.0,R,1172.0,R,1.0,R,1171.0,R,715.0,R,61.0,R,1587.0,R,0.0,R,1587.0,R,732.0,R,46.0,R,16
163736,2011,A,,A,,A,,R,153.0,R,0.0,R,153.0,R,113.0,R,74.0,A,,A,,A,,A,,A,,R,37
163754,2011,A,,A,,A,,R,14.0,R,0.0,R,14.0,R,8.0,R,57.0,R,1.0,R,0.0,R,1.0,R,0.0,R,0.0,R,5
163815,2011,A,,A,,A,,R,13.0,R,0.0,R,13.0,R,10.0,R,77.0,R,8.0,R,0.0,R,8.0,R,5.0,R,63.0,R,25
163842,2011,A,,A,,A,,A,,A,,A,,A,,A,,A,,A,,A,,A,,A,,R,6
163851,2011,R,1246.0,R,2265.0,R,55.0,R,1250.0,R,3.0,R,1247.0,R,1029.0,R,83.0,R,0.0,R,0.0,R,0.0,R,0.0,A,,R,17
163912,2011,R,446.0,R,541.0,R,82.0,R,443.0,R,0.0,R,443.0,R,387.0,R,87.0,R,0.0,R,0.0,R,0.0,R,0.0,A,,R,11
163921,2011,R,94.0,R,218.0,R,43.0,R,105.0,R,0.0,R,105.0,R,44.0,R,42.0,R,12.0,R,0.0,R,12.0,R,4.0,R,33.0,R,7
163976,2011,R,150.0,R,150.0,R,100.0,R,136.0,R,0.0,R,136.0,R,122.0,R,90.0,A,,A,,A,,A,,A,,R,8
164058,2011,A,,A,,A,,R,129.0,R,0.0,R,129.0,R,85.0,R,66.0,A,,A,,A,,A,,A,,R,23
164076,2011,R,2536.0,R,4394.0,R,58.0,R,2427.0,R,0.0,R,2427.0,R,2045.0,R,84.0,R,3.0,R,0.0,R,3.0,R,1.0,R,33.0,R,17
164100,2011,A,,A,,A,,R,90.0,R,0.0,R,90.0,R,69.0,R,77.0,A,,A,,A,,A,,A,,R,20
164155,2011,R,1194.0,R,1194.0,R,100.0,R,1220.0,R,0.0,R,1220.0,R,1158.0,R,95.0,A,,A,,A,,A,,A,,R,10
164173,2011,R,866.0,R,1315.0,R,66.0,R,877.0,R,0.0,R,877.0,R,655.0,R,75.0,R,5.0,R,0.0,R,5.0,R,3.0,R,60.0,R,16
164207,2011,R,11.0,R,49.0,R,22.0,R,19.0,R,0.0,R,19.0,R,13.0,R,68.0,R,13.0,R,0.0,R,13.0,R,10.0,R,77.0,R,13
164216,2011,R,399.0,R,491.0,R,81.0,R,421.0,R,0.0,R,421.0,R,343.0,R,81.0,A,,A,,A,,A,,A,,R,12
164270,2011,R,420.0,R,492.0,R,85.0,R,409.0,R,0.0,R,409.0,R,325.0,R,79.0,A,,A,,A,,A,,A,,R,11
164313,2011,R,465.0,R,1268.0,R,37.0,R,437.0,R,0.0,R,437.0,R,260.0,R,59.0,R,453.0,R,0.0,R,453.0,R,174.0,R,38.0,R,20
164438,2011,A,,A,,A,,R,2.0,R,0.0,R,2.0,R,2.0,R,100.0,R,15.0,R,0.0,R,15.0,R,11.0,R,73.0,R,28
164447,2011,R,256.0,R,455.0,R,56.0,R,367.0,R,0.0,R,367.0,R,238.0,R,65.0,R,0.0,R,0.0,R,0.0,R,0.0,A,,R,19
164465,2011,R,461.0,R,475.0,R,97.0,R,487.0,R,0.0,R,487.0,R,476.0,R,98.0,A,,A,,A,,A,,A,,R,8
164492,2011,R,223.0,R,309.0,R,72.0,R,287.0,R,0.0,R,287.0,R,175.0,R,61.0,R,1.0,Z,0.0,R,1.0,R,0.0,R,0.0,R,14
164535,2011,A,,A,,A,,R,41.0,R,0.0,R,41.0,R,28.0,R,68.0,A,,A,,A,,A,,A,,R,12
164562,2011,R,607.0,R,673.0,R,90.0,R,590.0,R,0.0,R,590.0,R,505.0,R,86.0,A,,A,,A,,A,,A,,R,12
164580,2011,R,487.0,R,535.0,R,91.0,R,490.0,R,0.0,R,490.0,R,460.0,R,94.0,A,,A,,A,,A,,A,,R,14
164599,2011,A,,A,,A,,A,,A,,A,,A,,A,,A,,A,,A,,A,,A,,R,14
164614,2011,R,19.0,R,26.0,R,73.0,R,27.0,R,2.0,R,25.0,R,18.0,R,72.0,R,0.0,R,0.0,R,0.0,R,0.0,A,,R,10
164632,2011,R,148.0,R,445.0,R,33.0,R,178.0,R,0.0,R,178.0,R,136.0,R,76.0,R,38.0,R,0.0,R,38.0,R,24.0,R,63.0,R,12
164641,2011,R,217.0,R,738.0,R,29.0,R,51.0,R,0.0,R,51.0,R,38.0,R,75.0,R,2.0,R,0.0,R,2.0,R,2.0,R,100.0,R,18
164678,2011,A,,A,,A,,R,68.0,R,0.0,R,68.0,R,56.0,R,82.0,R,21.0,R,0.0,R,21.0,R,18.0,R,86.0,R,17
164720,2011,R,416.0,R,593.0,R,70.0,R,304.0,R,0.0,R,304.0,R,194.0,R,64.0,R,0.0,R,0.0,R,0.0,R,0.0,A,,R,17
164739,2011,R,908.0,R,1105.0,R,82.0,R,962.0,R,0.0,R,962.0,R,903.0,R,94.0,R,0.0,R,0.0,R,0.0,R,0.0,A,,R,14
164748,2011,R,898.0,R,1080.0,R,83.0,R,885.0,R,0.0,R,885.0,R,740.0,R,84.0,R,3.0,R,0.0,R,3.0,R,3.0,R,100.0,R,12
164775,2011,R,331.0,R,882.0,R,38.0,R,348.0,R,0.0,R,348.0,R,203.0,R,58.0,R,171.0,R,0.0,R,171.0,R,79.0,R,46.0,R,16
164845,2011,A,,A,,A,,R,58.0,R,1.0,R,57.0,R,38.0,R,67.0,R,11.0,Z,0.0,R,11.0,R,8.0,R,73.0,R,24
164872,2011,R,29.0,R,193.0,R,15.0,R,41.0,R,0.0,R,41.0,R,25.0,R,61.0,A,,A,,A,,A,,A,,R,7
164924,2011,R,2238.0,R,2443.0,R,92.0,R,2237.0,R,0.0,R,2237.0,R,2120.0,R,95.0,R,5.0,R,0.0,R,5.0,R,4.0,R,80.0,R,16
164933,2011,R,148.0,R,148.0,R,100.0,R,158.0,R,0.0,R,158.0,R,137.0,R,87.0,A,,A,,A,,A,,A,,R,6
164988,2011,R,4022.0,R,5332.0,R,75.0,R,4409.0,R,0.0,R,4409.0,R,4038.0,R,92.0,R,0.0,R,0.0,R,0.0,R,0.0,A,,R,13
165015,2011,R,858.0,R,921.0,R,93.0,R,689.0,R,12.0,R,677.0,R,633.0,R,94.0,A,,A,,A,,A,,A,,R,10
165024,2011,R,1451.0,R,2662.0,R,55.0,R,1431.0,R,0.0,R,1431.0,R,1157.0,R,81.0,R,29.0,R,0.0,R,29.0,R,14.0,R,48.0,R,20
165033,2011,R,1458.0,R,2782.0,R,52.0,R,1555.0,R,0.0,R,1555.0,R,924.0,R,59.0,R,530.0,R,0.0,R,530.0,R,231.0,R,44.0,R,20
165060,2011,A,,A,,A,,R,1.0,R,0.0,R,1.0,R,1.0,R,100.0,R,1.0,R,0.0,R,1.0,R,0.0,R,0.0,R,14
165112,2011,R,1273.0,R,4029.0,R,32.0,R,1095.0,R,0.0,R,1095.0,R,799.0,R,73.0,R,905.0,R,0.0,R,905.0,R,625.0,R,69.0,R,19
165167,2011,R,27.0,R,229.0,R,12.0,R,14.0,R,0.0,R,14.0,R,3.0,R,21.0,R,31.0,R,0.0,R,31.0,R,11.0,R,35.0,R,16
165194,2011,R,508.0,R,1553.0,R,33.0,R,471.0,R,2.0,R,469.0,R,250.0,R,53.0,R,305.0,R,0.0,R,305.0,R,126.0,R,41.0,R,17
165255,2011,A,,A,,A,,R,33.0,R,0.0,R,33.0,R,32.0,R,97.0,R,21.0,R,0.0,R,21.0,R,19.0,R,90.0,R,12
165264,2011,R,1.0,R,183.0,R,1.0,R,0.0,R,0.0,R,0.0,R,0.0,A,,R,0.0,R,0.0,R,0.0,R,0.0,A,,R,7
165334,2011,R,544.0,R,651.0,R,84.0,R,575.0,R,0.0,R,575.0,R,501.0,R,87.0,R,3.0,R,0.0,R,3.0,R,3.0,R,100.0,R,10
165529,2011,R,608.0,R,738.0,R,82.0,R,575.0,R,0.0,R,575.0,R,382.0,R,66.0,R,0.0,R,0.0,R,0.0,R,0.0,A,,R,9
165556,2011,A,,A,,A,,R,137.0,R,0.0,R,137.0,R,81.0,R,59.0,R,85.0,R,0.0,R,85.0,R,54.0,R,64.0,R,21
165574,2011,R,536.0,R,706.0,R,76.0,R,102.0,R,0.0,R,102.0,R,70.0,R,69.0,R,0.0,R,0.0,R,0.0,R,0.0,A,,R,17
165608,2011,A,,A,,A,,R,5.0,R,0.0,R,5.0,R,4.0,R,80.0,R,12.0,R,0.0,R,12.0,R,10.0,R,83.0,R,9
165635,2011,A,,A,,A,,R,56.0,R,0.0,R,56.0,R,38.0,R,68.0,A,,A,,A,,A,,A,,R,13
165644,2011,R,172.0,R,252.0,R,68.0,R,180.0,R,0.0,R,180.0,R,124.0,R,69.0,A,,A,,A,,A,,A,,R,17
165662,2011,R,912.0,R,1148.0,R,79.0,R,822.0,R,0.0,R,822.0,R,727.0,R,88.0,R,0.0,Z,0.0,R,0.0,Z,0.0,A,,R,16
165671,2011,R,550.0,R,790.0,R,70.0,R,528.0,R,0.0,R,528.0,R,432.0,R,82.0,A,,A,,A,,A,,A,,R,15
165699,2011,R,640.0,R,784.0,R,82.0,R,613.0,R,0.0,R,613.0,R,537.0,R,88.0,R,0.0,R,0.0,R,0.0,R,0.0,A,,R,15
165750,2011,A,,A,,A,,R,65.0,R,2.0,R,63.0,R,34.0,R,54.0,A,,A,,A,,A,,A,,R,20
165802,2011,R,295.0,R,612.0,R,48.0,R,95.0,R,0.0,R,95.0,R,67.0,R,71.0,R,22.0,R,0.0,R,22.0,R,14.0,R,64.0,R,20
165820,2011,R,689.0,R,1137.0,R,61.0,R,721.0,Z,0.0,R,721.0,R,526.0,R,73.0,R,10.0,Z,0.0,R,10.0,R,1.0,R,10.0,R,16
165866,2011,R,920.0,R,1440.0,R,64.0,R,720.0,R,0.0,R,720.0,R,536.0,R,74.0,R,2.0,R,0.0,R,2.0,R,1.0,R,50.0,R,16
165884,2011,R,176.0,R,234.0,R,75.0,R,0.0,R,0.0,R,0.0,R,0.0,A,,R,0.0,R,0.0,R,0.0,R,0.0,A,,R,10
165936,2011,R,462.0,R,541.0,R,85.0,R,348.0,R,0.0,R,348.0,R,285.0,R,82.0,R,2.0,R,0.0,R,2.0,R,0.0,R,0.0,R,15
165981,2011,R,277.0,R,845.0,R,33.0,R,314.0,R,0.0,R,314.0,R,188.0,R,60.0,R,182.0,R,0.0,R,182.0,R,89.0,R,49.0,R,14
166009,2011,A,,A,,A,,R,104.0,R,0.0,R,104.0,R,100.0,R,96.0,A,,A,,A,,A,,A,,R,10
166018,2011,R,356.0,R,428.0,R,83.0,R,418.0,R,0.0,R,418.0,R,328.0,R,78.0,A,,A,,A,,A,,A,,R,12
166027,2011,R,1657.0,R,4300.0,R,39.0,R,1664.0,R,0.0,R,1664.0,R,1617.0,R,97.0,A,,A,,A,,A,,A,,R,7
166045,2011,A,,A,,A,,A,,A,,A,,A,,A,,A,,A,,A,,A,,A,,R,5
166054,2011,R,25.0,R,37.0,R,68.0,R,13.0,R,0.0,R,13.0,R,11.0,R,85.0,A,,A,,A,,A,,A,,R,10
166063,2011,A,,A,,A,,R,29.0,R,0.0,R,29.0,R,22.0,R,76.0,A,,A,,A,,A,,A,,R,5
166124,2011,R,751.0,R,794.0,R,95.0,R,727.0,R,0.0,R,727.0,R,688.0,R,95.0,A,,A,,A,,A,,A,,R,10
166133,2011,R,1233.0,R,2435.0,R,51.0,R,1250.0,Z,0.0,R,1250.0,R,704.0,R,56.0,R,498.0,Z,0.0,R,498.0,R,189.0,R,38.0,R,18
166276,2011,R,36.0,R,59.0,R,61.0,R,53.0,R,0.0,R,53.0,R,29.0,R,55.0,R,6.0,R,0.0,R,6.0,R,1.0,R,17.0,R,19
166294,2011,A,,A,,A,,R,53.0,Z,0.0,R,53.0,R,37.0,R,70.0,R,26.0,Z,0.0,R,26.0,R,25.0,R,96.0,R,10
166319,2011,A,,A,,A,,R,6.0,R,0.0,R,6.0,R,5.0,R,83.0,R,10.0,R,0.0,R,10.0,R,9.0,R,90.0,R,15
166328,2011,A,,A,,A,,R,6.0,R,0.0,R,6.0,R,5.0,R,83.0,R,3.0,R,0.0,R,3.0,R,2.0,R,67.0,R,10
166391,2011,R,375.0,R,459.0,R,82.0,R,475.0,R,0.0,R,475.0,R,304.0,R,64.0,A,,A,,A,,A,,A,,R,13
166407,2011,R,1.0,R,2.0,R,50.0,R,1.0,Z,0.0,R,1.0,R,1.0,R,100.0,R,0.0,R,0.0,R,0.0,R,0.0,A,,R,8
166452,2011,R,350.0,R,553.0,R,63.0,R,376.0,R,0.0,R,376.0,R,285.0,R,76.0,R,4.0,R,0.0,R,4.0,R,4.0,R,100.0,R,12
166489,2011,R,6.0,R,21.0,R,29.0,R,4.0,R,0.0,R,4.0,R,3.0,R,75.0,R,0.0,R,0.0,R,0.0,R,0.0,A,,R,4
166513,2011,R,1424.0,R,2907.0,R,49.0,R,1602.0,R,0.0,R,1602.0,R,1264.0,R,79.0,R,16.0,R,0.0,R,16.0,R,8.0,R,50.0,R,17
166586,2011,A,,A,,A,,R,13.0,R,0.0,R,13.0,R,10.0,R,77.0,R,4.0,R,0.0,R,4.0,R,3.0,R,75.0,R,10
166595,2011,A,,A,,A,,R,18.0,R,0.0,R,18.0,R,17.0,R,94.0,R,15.0,R,0.0,R,15.0,R,13.0,R,87.0,R,11
166601,2011,R,71.0,R,119.0,R,60.0,R,94.0,Z,0.0,R,94.0,R,68.0,R,72.0,R,7.0,Z,0.0,R,7.0,R,6.0,R,86.0,R,21
166629,2011,R,4767.0,R,6514.0,R,73.0,R,4463.0,R,5.0,R,4458.0,R,3955.0,R,89.0,R,6.0,R,0.0,R,6.0,R,3.0,R,50.0,R,18
166638,2011,R,1254.0,R,3629.0,R,35.0,R,1069.0,Z,0.0,R,1069.0,R,802.0,R,75.0,R,60.0,Z,0.0,R,60.0,R,33.0,R,55.0,R,16
166647,2011,R,693.0,R,1813.0,R,38.0,R,722.0,R,0.0,R,722.0,R,394.0,R,55.0,R,545.0,R,0.0,R,545.0,R,214.0,R,39.0,R,17
166656,2011,R,480.0,R,742.0,R,65.0,R,403.0,R,0.0,R,403.0,R,330.0,R,82.0,A,,A,,A,,A,,A,,R,18
166674,2011,R,312.0,R,627.0,R,50.0,R,338.0,R,0.0,R,338.0,R,303.0,R,90.0,R,1.0,R,0.0,R,1.0,R,1.0,R,100.0,R,10
166683,2011,R,1125.0,R,1187.0,R,95.0,R,1067.0,R,3.0,R,1064.0,R,1040.0,R,98.0,A,,A,,A,,A,,A,,R,8
166692,2011,R,277.0,R,337.0,R,82.0,R,282.0,R,0.0,R,282.0,R,255.0,R,90.0,A,,A,,A,,A,,A,,R,14
166805,2011,A,,A,,A,,R,12.0,Z,0.0,R,12.0,R,10.0,R,83.0,R,41.0,Z,0.0,R,41.0,R,29.0,R,71.0,R,9
166823,2011,R,1229.0,R,2795.0,R,44.0,R,1148.0,R,0.0,R,1148.0,R,710.0,R,62.0,R,458.0,R,0.0,R,458.0,R,261.0,R,57.0,R,18
166850,2011,R,610.0,R,737.0,R,83.0,R,485.0,R,0.0,R,485.0,R,428.0,R,88.0,R,0.0,R,0.0,R,0.0,R,0.0,A,,R,12
166869,2011,A,,A,,A,,A,,A,,A,,A,,A,,A,,A,,A,,A,,A,,R,10
166887,2011,R,1343.0,R,3449.0,R,39.0,R,1396.0,R,1.0,R,1395.0,R,785.0,R,56.0,R,762.0,R,0.0,R,762.0,R,335.0,R,44.0,R,21
166911,2011,R,129.0,R,151.0,R,85.0,R,99.0,R,0.0,R,99.0,R,78.0,R,79.0,R,0.0,R,0.0,R,0.0,R,0.0,A,,R,12
166939,2011,R,592.0,R,692.0,R,86.0,R,533.0,R,0.0,R,533.0,R,489.0,R,92.0,A,,A,,A,,A,,A,,R,9
166948,2011,R,370.0,R,504.0,R,73.0,R,391.0,R,0.0,R,391.0,R,240.0,R,61.0,R,1.0,R,0.0,R,1.0,R,1.0,R,100.0,R,14
166957,2011,R,665.0,R,1657.0,R,40.0,R,688.0,R,2.0,R,686.0,R,379.0,R,55.0,R,318.0,R,0.0,R,318.0,R,115.0,R,36.0,R,21
166975,2011,A,,A,,A,,A,,A,,A,,A,,A,,A,,A,,A,,A,,A,,R,12
166984,2011,R,87.0,R,168.0,R,52.0,R,96.0,R,0.0,R,96.0,R,71.0,R,74.0,R,0.0,R,0.0,R,0.0,R,0.0,A,,R,9
167020,2011,A,,A,,A,,R,181.0,R,0.0,R,181.0,R,117.0,R,65.0,A,,A,,A,,A,,A,,R,28
167039,2011,A,,A,,A,,R,11.0,R,0.0,R,11.0,R,7.0,R,64.0,A,,A,,A,,A,,A,,R,6
167057,2011,R,90.0,R,113.0,R,80.0,R,95.0,R,0.0,R,95.0,R,90.0,R,95.0,R,8.0,R,0.0,R,8.0,R,8.0,R,100.0,R,5
167224,2011,A,,A,,A,,R,20.0,R,0.0,R,20.0,R,13.0,R,65.0,A,,A,,A,,A,,A,,R,9
167251,2011,R,296.0,R,356.0,R,83.0,R,315.0,R,0.0,R,315.0,R,184.0,R,58.0,R,6.0,R,0.0,R,6.0,R,3.0,R,50.0,R,15
167260,2011,R,393.0,R,493.0,R,80.0,R,315.0,R,0.0,R,315.0,R,190.0,R,60.0,R,2.0,R,0.0,R,2.0,R,1.0,R,50.0,R,17
167288,2011,R,306.0,R,556.0,R,55.0,R,351.0,R,0.0,R,351.0,R,251.0,R,72.0,R,2.0,R,0.0,R,2.0,R,1.0,R,50.0,R,14
167297,2011,A,,A,,A,,R,30.0,R,0.0,R,30.0,R,26.0,R,87.0,A,,A,,A,,A,,A,,R,11
167312,2011,R,949.0,R,2247.0,R,42.0,R,1109.0,Z,0.0,R,1109.0,R,701.0,R,63.0,R,523.0,Z,0.0,R,523.0,R,276.0,R,53.0,R,20
167321,2011,R,242.0,R,445.0,R,54.0,R,248.0,R,1.0,R,247.0,R,151.0,R,61.0,R,13.0,R,0.0,R,13.0,R,4.0,R,31.0,R,13
167358,2011,R,3082.0,R,4663.0,R,66.0,R,2836.0,R,3.0,R,2833.0,R,2695.0,R,95.0,A,,A,,A,,A,,A,,R,13
167376,2011,R,670.0,R,1808.0,R,37.0,R,887.0,R,0.0,R,887.0,R,534.0,R,60.0,R,900.0,R,0.0,R,900.0,R,368.0,R,41.0,R,21
167394,2011,R,198.0,R,342.0,R,58.0,R,196.0,R,0.0,R,196.0,R,164.0,R,84.0,A,,A,,A,,A,,A,,R,16
167455,2011,R,67.0,R,81.0,R,83.0,R,140.0,R,0.0,R,140.0,R,85.0,R,61.0,R,1.0,R,0.0,R,1.0,R,1.0,R,100.0,R,9
167525,2011,R,341.0,R,2196.0,R,16.0,R,529.0,R,0.0,R,529.0,R,331.0,R,63.0,R,449.0,R,0.0,R,449.0,R,231.0,R,51.0,R,21
167534,2011,R,1279.0,R,3231.0,R,40.0,R,1305.0,R,2.0,R,1303.0,R,722.0,R,55.0,R,559.0,R,0.0,R,559.0,R,257.0,R,46.0,R,23
167543,2011,A,,A,,A,,R,138.0,R,0.0,R,138.0,R,92.0,R,67.0,A,,A,,A,,A,,A,,R,28
167598,2011,R,262.0,R,321.0,R,82.0,R,287.0,R,0.0,R,287.0,R,234.0,R,82.0,R,0.0,R,0.0,R,0.0,R,0.0,A,,R,14
167631,2011,R,268.0,R,1763.0,R,15.0,R,322.0,R,0.0,R,322.0,R,158.0,R,49.0,R,263.0,R,0.0,R,263.0,R,91.0,R,35.0,R,14
167677,2011,A,,A,,A,,R,1.0,R,0.0,R,1.0,R,1.0,R,100.0,R,0.0,R,0.0,R,0.0,R,0.0,A,,R,6
167729,2011,R,989.0,R,2136.0,R,46.0,R,986.0,R,0.0,R,986.0,R,723.0,R,73.0,R,12.0,R,0.0,R,12.0,R,7.0,R,58.0,R,15
167738,2011,A,,A,,A,,R,222.0,R,0.0,R,222.0,R,148.0,R,67.0,R,48.0,R,0.0,R,48.0,R,21.0,R,44.0,R,26
167783,2011,R,344.0,R,399.0,R,86.0,R,380.0,R,0.0,R,380.0,R,322.0,R,85.0,A,,A,,A,,A,,A,,R,11
167792,2011,R,115.0,R,120.0,R,96.0,R,135.0,R,0.0,R,135.0,R,108.0,R,80.0,A,,A,,A,,A,,A,,R,7
167835,2011,R,694.0,R,771.0,R,90.0,R,631.0,R,0.0,R,631.0,R,594.0,R,94.0,A,,A,,A,,A,,A,,R,9
167871,2011,A,,A,,A,,R,39.0,R,0.0,R,39.0,R,34.0,R,87.0,R,17.0,R,0.0,R,17.0,R,15.0,R,88.0,R,8
167899,2011,R,582.0,R,670.0,R,87.0,R,611.0,R,0.0,R,611.0,R,515.0,R,84.0,A,,A,,A,,A,,A,,R,14
167905,2011,R,874.0,R,2520.0,R,35.0,R,850.0,R,0.0,R,850.0,R,492.0,R,58.0,R,499.0,R,0.0,R,499.0,R,231.0,R,46.0,R,19
167987,2011,R,1547.0,R,2237.0,R,69.0,R,1674.0,R,4.0,R,1670.0,R,1237.0,R,74.0,R,15.0,R,0.0,R,15.0,R,7.0,R,47.0,R,19
167996,2011,R,568.0,R,618.0,R,92.0,R,728.0,R,1.0,R,727.0,R,634.0,R,87.0,A,,A,,A,,A,,A,,R,13
168005,2011,R,1241.0,R,1763.0,R,70.0,R,1307.0,R,0.0,R,1307.0,R,981.0,R,75.0,R,8.0,R,0.0,R,8.0,R,4.0,R,50.0,R,11
168032,2011,A,,A,,A,,R,32.0,R,0.0,R,32.0,R,18.0,R,56.0,A,,A,,A,,A,,A,,R,9
168148,2011,R,1315.0,R,1455.0,R,90.0,R,1307.0,Z,0.0,R,1307.0,R,1255.0,R,96.0,A,,A,,A,,A,,A,,R,9
168218,2011,R,573.0,R,681.0,R,84.0,R,633.0,R,0.0,R,633.0,R,607.0,R,96.0,A,,A,,A,,A,,A,,R,8
168227,2011,R,974.0,R,1215.0,R,80.0,R,715.0,R,0.0,R,715.0,R,568.0,R,79.0,R,22.0,R,0.0,R,22.0,R,13.0,R,59.0,R,16
168254,2011,R,751.0,R,900.0,R,83.0,R,692.0,R,0.0,R,692.0,R,546.0,R,79.0,R,2.0,R,0.0,R,2.0,R,0.0,R,0.0,R,14
168263,2011,R,1132.0,R,1556.0,R,73.0,R,1136.0,R,1.0,R,1135.0,R,905.0,R,80.0,R,6.0,R,0.0,R,6.0,R,4.0,R,67.0,R,18
168281,2011,R,437.0,R,451.0,R,97.0,R,450.0,R,0.0,R,450.0,R,387.0,R,86.0,A,,A,,A,,A,,A,,R,10
168290,2011,R,230.0,R,331.0,R,69.0,R,237.0,R,0.0,R,237.0,R,167.0,R,70.0,A,,A,,A,,A,,A,,R,11
168342,2011,R,545.0,R,603.0,R,90.0,R,548.0,Z,0.0,R,548.0,R,530.0,R,97.0,A,,A,,A,,A,,A,,R,7
168421,2011,R,1005.0,R,1124.0,R,89.0,R,910.0,R,0.0,R,910.0,R,863.0,R,95.0,R,0.0,Z,0.0,R,0.0,Z,0.0,A,,R,14
168430,2011,R,790.0,R,1375.0,R,57.0,R,809.0,R,2.0,R,807.0,R,644.0,R,80.0,R,6.0,R,0.0,R,6.0,R,3.0,R,50.0,R,17
168528,2011,R,461.0,R,546.0,R,84.0,R,485.0,R,1.0,R,484.0,R,340.0,R,70.0,A,,A,,A,,A,,A,,R,14
168546,2011,R,385.0,R,427.0,R,90.0,R,384.0,R,0.0,R,384.0,R,322.0,R,84.0,R,0.0,Z,0.0,R,0.0,Z,0.0,A,,R,13
168555,2011,A,,A,,A,,R,5.0,Z,0.0,R,5.0,R,4.0,R,80.0,A,,A,,A,,A,,A,,R,17
168573,2011,A,,A,,A,,R,156.0,Z,0.0,R,156.0,R,106.0,R,68.0,R,9.0,Z,0.0,R,9.0,R,9.0,R,100.0,R,25
168591,2011,R,395.0,R,453.0,R,87.0,R,362.0,R,1.0,R,361.0,R,291.0,R,81.0,R,0.0,R,0.0,R,0.0,Z,0.0,A,,R,13
168607,2011,R,409.0,R,810.0,R,50.0,R,400.0,R,0.0,R,400.0,R,234.0,R,59.0,R,113.0,R,0.0,R,113.0,R,42.0,R,37.0,R,15
168740,2011,R,371.0,R,613.0,R,61.0,R,357.0,R,0.0,R,357.0,R,278.0,R,78.0,R,8.0,R,0.0,R,8.0,R,3.0,R,38.0,R,11
168786,2011,R,369.0,R,464.0,R,80.0,R,430.0,R,0.0,R,430.0,R,324.0,R,75.0,R,2.0,R,0.0,R,2.0,R,1.0,R,50.0,R,13
168838,2011,R,570.0,R,1029.0,R,55.0,R,81.0,R,1.0,R,80.0,R,35.0,R,44.0,R,1.0,R,0.0,R,1.0,R,1.0,R,100.0,R,30
168847,2011,R,898.0,R,1763.0,R,51.0,R,93.0,R,0.0,R,93.0,R,45.0,R,48.0,R,6.0,R,0.0,R,6.0,R,1.0,R,17.0,R,28
168883,2011,R,346.0,R,740.0,R,47.0,R,454.0,R,0.0,R,454.0,R,271.0,R,60.0,R,115.0,R,0.0,R,115.0,R,46.0,R,40.0,R,20
168892,2011,A,,A,,A,,R,13.0,R,0.0,R,13.0,R,6.0,R,46.0,R,5.0,R,0.0,R,5.0,R,2.0,R,40.0,R,6
169080,2011,R,960.0,R,1120.0,R,86.0,R,935.0,R,0.0,R,935.0,R,809.0,R,87.0,R,0.0,Z,0.0,R,0.0,Z,0.0,A,,R,11
169187,2011,A,,A,,A,,R,43.0,R,0.0,R,43.0,R,39.0,R,91.0,R,14.0,R,0.0,R,14.0,R,13.0,R,93.0,R,16
169248,2011,R,3831.0,R,5831.0,R,66.0,R,4168.0,R,0.0,R,4168.0,R,3167.0,R,76.0,R,47.0,R,0.0,R,47.0,R,21.0,R,45.0,R,22
169275,2011,R,322.0,R,1457.0,R,22.0,R,310.0,R,0.0,R,310.0,R,159.0,R,51.0,R,282.0,R,0.0,R,282.0,R,129.0,R,46.0,R,22
169284,2011,A,,A,,A,,R,56.0,Z,0.0,R,56.0,R,34.0,R,61.0,R,17.0,Z,0.0,R,17.0,R,10.0,R,59.0,R,21
169327,2011,R,5.0,R,171.0,R,3.0,R,22.0,R,0.0,R,22.0,R,8.0,R,36.0,R,11.0,R,0.0,R,11.0,R,6.0,R,55.0,R,12
169363,2011,R,169.0,R,229.0,R,74.0,R,117.0,R,1.0,R,116.0,R,67.0,R,58.0,R,1.0,R,0.0,R,1.0,R,0.0,R,0.0,R,10
169442,2011,R,216.0,R,406.0,R,53.0,R,194.0,R,0.0,R,194.0,R,143.0,R,74.0,R,12.0,R,0.0,R,12.0,R,7.0,R,58.0,R,11
169479,2011,R,443.0,R,2186.0,R,20.0,R,275.0,R,0.0,R,275.0,R,186.0,R,68.0,R,149.0,R,0.0,R,149.0,R,48.0,R,32.0,R,20
169503,2011,A,,A,,A,,R,25.0,R,0.0,R,25.0,R,18.0,R,72.0,R,7.0,R,0.0,R,7.0,R,5.0,R,71.0,R,21
169521,2011,R,938.0,R,2858.0,R,33.0,R,931.0,R,0.0,R,931.0,R,706.0,R,76.0,R,472.0,R,0.0,R,472.0,R,275.0,R,58.0,R,20
169576,2011,A,,A,,A,,R,21.0,R,0.0,R,21.0,R,15.0,R,71.0,R,9.0,R,0.0,R,9.0,R,7.0,R,78.0,R,7
169655,2011,A,,A,,A,,R,334.0,R,0.0,R,334.0,R,268.0,R,80.0,R,0.0,R,0.0,R,0.0,R,0.0,A,,R,16
169716,2011,R,558.0,R,802.0,R,70.0,R,552.0,R,0.0,R,552.0,R,462.0,R,84.0,R,4.0,R,0.0,R,4.0,R,3.0,R,75.0,R,12
169734,2011,A,,A,,A,,R,22.0,R,0.0,R,22.0,R,13.0,R,59.0,A,,A,,A,,A,,A,,R,30
169761,2011,A,,A,,A,,R,36.0,R,0.0,R,36.0,R,19.0,R,53.0,A,,A,,A,,A,,A,,R,23
169798,2011,R,2119.0,R,4644.0,R,46.0,R,1955.0,R,0.0,R,1955.0,R,1488.0,R,76.0,R,57.0,R,0.0,R,57.0,R,25.0,R,44.0,R,18
169910,2011,R,2075.0,R,4052.0,R,51.0,R,718.0,R,0.0,R,718.0,R,511.0,R,71.0,R,46.0,R,0.0,R,46.0,R,23.0,R,50.0,R,16
169947,2011,A,,A,,A,,R,18.0,R,0.0,R,18.0,R,16.0,R,89.0,A,,A,,A,,A,,A,,R,16
169974,2011,R,148.0,R,528.0,R,28.0,R,160.0,R,0.0,R,160.0,R,74.0,R,46.0,R,34.0,R,0.0,R,34.0,R,12.0,R,35.0,R,18
169983,2011,R,329.0,R,373.0,R,88.0,R,277.0,R,1.0,R,276.0,R,246.0,R,89.0,A,,A,,A,,A,,A,,R,13
169992,2011,R,226.0,R,340.0,R,66.0,R,267.0,R,1.0,R,266.0,R,157.0,R,59.0,R,42.0,R,0.0,R,42.0,R,21.0,R,50.0,R,17
170000,2011,R,82.0,R,118.0,R,69.0,R,53.0,R,0.0,R,53.0,R,32.0,R,60.0,R,0.0,R,0.0,R,0.0,R,0.0,A,,R,13
170037,2011,R,343.0,R,1272.0,R,27.0,R,319.0,R,0.0,R,319.0,R,245.0,R,77.0,R,0.0,Z,0.0,R,0.0,Z,0.0,A,,R,16
170046,2011,A,,A,,A,,R,210.0,R,0.0,R,210.0,R,145.0,R,69.0,A,,A,,A,,A,,A,,R,34
170055,2011,R,2252.0,R,5640.0,R,40.0,R,2354.0,R,1.0,R,2353.0,R,1290.0,R,55.0,R,1502.0,R,1.0,R,1501.0,R,572.0,R,38.0,R,23
170082,2011,R,3853.0,R,5792.0,R,67.0,R,3417.0,R,0.0,R,3417.0,R,2808.0,R,82.0,R,17.0,R,0.0,R,17.0,R,11.0,R,65.0,R,17
170091,2011,R,48.0,R,92.0,R,52.0,R,53.0,R,0.0,R,53.0,R,28.0,R,53.0,R,6.0,R,0.0,R,6.0,R,0.0,R,0.0,R,11
170240,2011,R,2360.0,R,5812.0,R,41.0,R,2464.0,R,0.0,R,2464.0,R,1180.0,R,48.0,R,1984.0,R,0.0,R,1984.0,R,691.0,R,35.0,R,24
170301,2011,R,847.0,R,993.0,R,85.0,R,766.0,R,0.0,R,766.0,R,685.0,R,89.0,R,0.0,R,0.0,R,0.0,R,0.0,A,,R,12
170417,2011,R,48.0,R,72.0,R,67.0,R,0.0,R,0.0,R,0.0,R,0.0,A,,R,0.0,R,0.0,R,0.0,R,0.0,A,,R,16
170444,2011,R,949.0,R,2049.0,R,46.0,R,1127.0,R,0.0,R,1127.0,R,632.0,R,56.0,R,568.0,R,0.0,R,568.0,R,203.0,R,36.0,R,21
170514,2011,A,,A,,A,,R,1.0,R,0.0,R,1.0,R,1.0,R,100.0,R,8.0,R,0.0,R,8.0,R,8.0,R,100.0,R,6
170532,2011,R,369.0,R,409.0,R,90.0,R,342.0,R,0.0,R,342.0,R,308.0,R,90.0,A,,A,,A,,A,,A,,R,14
170541,2011,R,1103.0,R,3279.0,R,34.0,R,1332.0,R,1.0,R,1331.0,R,749.0,R,56.0,R,1103.0,R,3.0,R,1100.0,R,398.0,R,36.0,R,27
170550,2011,R,456.0,R,1304.0,R,35.0,R,456.0,R,0.0,R,456.0,R,248.0,R,54.0,R,454.0,R,0.0,R,454.0,R,176.0,R,39.0,R,17
170587,2011,R,143.0,R,457.0,R,31.0,R,152.0,R,0.0,R,152.0,R,77.0,R,51.0,R,119.0,R,0.0,R,119.0,R,40.0,R,34.0,R,18
170611,2011,A,,A,,A,,R,55.0,R,0.0,R,55.0,R,39.0,R,71.0,R,30.0,Z,0.0,R,30.0,R,24.0,R,80.0,R,20
170620,2011,R,492.0,R,1095.0,R,45.0,R,523.0,R,0.0,R,523.0,R,290.0,R,55.0,R,271.0,R,0.0,R,271.0,R,95.0,R,35.0,R,17
170639,2011,R,490.0,R,836.0,R,59.0,R,450.0,Z,0.0,R,450.0,R,312.0,R,69.0,R,9.0,R,0.0,R,9.0,R,6.0,R,67.0,R,17
170657,2011,R,2307.0,R,7048.0,R,33.0,R,1440.0,R,0.0,R,1440.0,R,728.0,R,51.0,R,3771.0,R,0.0,R,3771.0,R,1417.0,R,38.0,R,14
170675,2011,R,252.0,R,269.0,R,94.0,R,260.0,R,0.0,R,260.0,R,200.0,R,77.0,R,14.0,R,0.0,R,14.0,R,6.0,R,43.0,R,11
170736,2011,A,,A,,A,,N,33.0,N,33.0,N,0.0,N,31.0,A,,A,,A,,A,,A,,A,,N,21
170790,2011,R,733.0,R,3984.0,R,18.0,R,786.0,R,0.0,R,786.0,R,547.0,R,70.0,R,626.0,R,0.0,R,626.0,R,325.0,R,52.0,R,26
170806,2011,R,174.0,R,830.0,R,21.0,R,178.0,R,0.0,R,178.0,R,146.0,R,82.0,R,8.0,R,0.0,R,8.0,R,4.0,R,50.0,R,11
170842,2011,R,92.0,R,275.0,R,33.0,R,106.0,R,0.0,R,106.0,R,65.0,R,61.0,R,7.0,R,0.0,R,7.0,R,1.0,R,14.0,R,10
170967,2011,R,145.0,R,382.0,R,38.0,R,132.0,R,0.0,R,132.0,R,81.0,R,61.0,R,24.0,R,0.0,R,24.0,R,12.0,R,50.0,R,14
170976,2011,R,6211.0,R,7139.0,R,87.0,R,6450.0,R,0.0,R,6450.0,R,6208.0,R,96.0,R,31.0,R,0.0,R,31.0,R,28.0,R,90.0,R,12
171012,2011,A,,A,,A,,R,40.0,R,1.0,R,39.0,R,28.0,R,72.0,A,,A,,A,,A,,A,,R,30
171100,2011,R,7827.0,R,9795.0,R,80.0,R,7227.0,R,1.0,R,7226.0,R,6549.0,R,91.0,R,148.0,Z,0.0,R,148.0,R,80.0,R,54.0,R,16
171128,2011,R,1158.0,R,1412.0,R,82.0,R,1110.0,R,0.0,R,1110.0,R,926.0,R,83.0,R,5.0,R,0.0,R,5.0,R,3.0,R,60.0,R,13
171137,2011,R,913.0,R,1953.0,R,47.0,R,883.0,R,0.0,R,883.0,R,728.0,R,82.0,R,28.0,R,0.0,R,28.0,R,15.0,R,54.0,R,16
171146,2011,R,650.0,R,1840.0,R,35.0,R,727.0,R,0.0,R,727.0,R,509.0,R,70.0,R,54.0,R,0.0,R,54.0,R,23.0,R,43.0,R,17
171155,2011,R,766.0,R,3279.0,R,23.0,R,730.0,R,0.0,R,730.0,R,366.0,R,50.0,R,300.0,R,0.0,R,300.0,R,114.0,R,38.0,R,26
171225,2011,R,304.0,R,1176.0,R,26.0,R,411.0,R,0.0,R,411.0,R,225.0,R,55.0,R,406.0,R,0.0,R,406.0,R,184.0,R,45.0,R,24
171234,2011,R,134.0,R,844.0,R,16.0,R,138.0,R,0.0,R,138.0,R,72.0,R,52.0,R,108.0,R,0.0,R,108.0,R,47.0,R,44.0,R,18
171261,2011,A,,A,,A,,R,84.0,R,0.0,R,84.0,R,77.0,R,92.0,R,46.0,R,0.0,R,46.0,R,40.0,R,87.0,R,20
171298,2011,R,799.0,R,1378.0,R,58.0,R,62.0,Z,0.0,R,62.0,R,34.0,R,55.0,R,3.0,Z,0.0,R,3.0,R,1.0,R,33.0,R,33
171304,2011,R,414.0,R,2126.0,R,19.0,R,462.0,R,1.0,R,461.0,R,276.0,R,60.0,R,311.0,R,0.0,R,311.0,R,107.0,R,34.0,R,19
171313,2011,A,,A,,A,,R,246.0,R,0.0,R,246.0,R,174.0,R,71.0,A,,A,,A,,A,,A,,R,30
171322,2011,A,,A,,A,,R,318.0,R,1.0,R,317.0,R,195.0,R,62.0,A,,A,,A,,A,,A,,R,40
171395,2011,R,271.0,R,1052.0,R,26.0,R,299.0,R,0.0,R,299.0,R,166.0,R,56.0,R,347.0,R,0.0,R,347.0,R,139.0,R,40.0,R,13
171456,2011,R,1729.0,R,2414.0,R,72.0,R,1210.0,R,1.0,R,1209.0,R,881.0,R,73.0,R,11.0,R,0.0,R,11.0,R,4.0,R,36.0,R,21
171465,2011,A,,A,,A,,R,31.0,R,0.0,R,31.0,R,20.0,R,65.0,A,,A,,A,,A,,A,,R,15
171483,2011,R,642.0,R,1353.0,R,47.0,R,704.0,R,1.0,R,703.0,R,402.0,R,57.0,R,288.0,R,0.0,R,288.0,R,116.0,R,40.0,R,19
171492,2011,R,322.0,R,942.0,R,34.0,R,359.0,R,0.0,R,359.0,R,293.0,R,82.0,R,0.0,R,0.0,R,0.0,R,0.0,A,,R,16
171535,2011,R,1920.0,R,7078.0,R,27.0,R,1778.0,R,1.0,R,1777.0,R,1010.0,R,57.0,R,1650.0,R,0.0,R,1650.0,R,724.0,R,44.0,R,28
171571,2011,R,2240.0,R,4605.0,R,49.0,R,2224.0,R,0.0,R,2224.0,R,1630.0,R,73.0,R,84.0,R,0.0,R,84.0,R,30.0,R,36.0,R,21
171599,2011,R,219.0,R,287.0,R,76.0,R,234.0,R,1.0,R,233.0,R,156.0,R,67.0,R,5.0,R,0.0,R,5.0,R,1.0,R,20.0,R,16
171775,2011,A,,A,,A,,R,6.0,R,0.0,R,6.0,R,6.0,R,100.0,R,6.0,R,0.0,R,6.0,R,5.0,R,83.0,R,9
171881,2011,R,46.0,R,81.0,R,57.0,R,52.0,R,1.0,R,51.0,R,37.0,R,73.0,R,2.0,R,0.0,R,2.0,R,1.0,R,50.0,R,14
171988,2011,A,,A,,A,,A,,A,,A,,A,,A,,A,,A,,A,,A,,A,,R,15
171997,2011,A,,A,,A,,A,,A,,A,,A,,A,,A,,A,,A,,A,,A,,R,14
172015,2011,A,,A,,A,,A,,A,,A,,A,,A,,A,,A,,A,,A,,A,,R,17
172033,2011,R,3.0,R,90.0,R,3.0,R,1.0,R,0.0,R,1.0,R,1.0,R,100.0,R,0.0,R,0.0,R,0.0,R,0.0,A,,R,6
172051,2011,R,1761.0,R,2819.0,R,62.0,R,1729.0,R,0.0,R,1729.0,R,1204.0,R,70.0,R,25.0,R,0.0,R,25.0,R,18.0,R,72.0,R,20
172200,2011,R,978.0,R,5557.0,R,18.0,R,1110.0,R,0.0,R,1110.0,R,692.0,R,62.0,R,678.0,R,0.0,R,678.0,R,379.0,R,56.0,R,29
172264,2011,R,302.0,R,436.0,R,69.0,R,195.0,R,0.0,R,195.0,R,129.0,R,66.0,R,11.0,R,0.0,R,11.0,R,2.0,R,18.0,R,16
172291,2011,R,620.0,R,1084.0,R,57.0,R,633.0,R,1.0,R,632.0,R,384.0,R,61.0,R,256.0,R,1.0,R,255.0,R,101.0,R,40.0,R,20
172307,2011,R,465.0,R,874.0,R,53.0,R,611.0,R,0.0,R,611.0,R,361.0,R,59.0,R,195.0,R,0.0,R,195.0,R,55.0,R,28.0,R,20
172325,2011,A,,A,,A,,R,251.0,R,0.0,R,251.0,R,191.0,R,76.0,R,98.0,R,0.0,R,98.0,R,53.0,R,54.0,R,17
172334,2011,R,401.0,R,1005.0,R,40.0,R,423.0,R,0.0,R,423.0,R,311.0,R,74.0,R,2.0,Z,0.0,R,2.0,R,0.0,R,0.0,R,14
172422,2011,A,,A,,A,,R,94.0,R,0.0,R,94.0,R,79.0,R,84.0,A,,A,,A,,A,,A,,R,10
172440,2011,R,141.0,R,208.0,R,68.0,R,142.0,R,0.0,R,142.0,R,68.0,R,48.0,R,3.0,R,0.0,R,3.0,R,1.0,R,33.0,R,11
172495,2011,A,,A,,A,,R,0.0,R,0.0,R,0.0,R,0.0,A,,R,68.0,R,0.0,R,68.0,R,27.0,R,40.0,R,2
172608,2011,A,,A,,A,,A,,A,,A,,A,,A,,A,,A,,A,,A,,A,,R,21
172617,2011,R,914.0,R,3139.0,R,29.0,R,1051.0,R,0.0,R,1051.0,R,640.0,R,61.0,R,959.0,R,2.0,R,957.0,R,474.0,R,50.0,R,19
172635,2011,R,985.0,R,13589.0,R,7.0,R,1443.0,R,0.0,R,1443.0,R,597.0,R,41.0,R,2921.0,R,0.0,R,2921.0,R,967.0,R,33.0,R,25
172644,2011,R,2226.0,R,4927.0,R,45.0,R,2465.0,R,1.0,R,2464.0,R,1890.0,R,77.0,R,218.0,R,0.0,R,218.0,R,79.0,R,36.0,R,16
172671,2011,R,173.0,R,336.0,R,51.0,R,157.0,R,0.0,R,157.0,R,88.0,R,56.0,R,66.0,R,0.0,R,66.0,R,21.0,R,32.0,R,18
172699,2011,R,3132.0,R,5323.0,R,59.0,R,3354.0,R,2.0,R,3352.0,R,2494.0,R,74.0,R,44.0,R,0.0,R,44.0,R,16.0,R,36.0,R,20
172802,2011,A,,A,,A,,R,14.0,R,0.0,R,14.0,R,11.0,R,79.0,R,19.0,R,0.0,R,19.0,R,15.0,R,79.0,R,14
172866,2011,R,8.0,R,47.0,R,17.0,R,0.0,R,0.0,R,0.0,R,0.0,A,,R,0.0,R,0.0,R,0.0,R,0.0,A,,R,10
172918,2011,R,556.0,R,1457.0,R,38.0,R,563.0,R,0.0,R,563.0,R,387.0,R,69.0,R,34.0,R,0.0,R,34.0,R,17.0,R,50.0,R,24
172927,2011,A,,A,,A,,R,81.0,R,0.0,R,81.0,R,50.0,R,62.0,R,134.0,R,0.0,R,134.0,R,103.0,R,77.0,R,15
172954,2011,R,189.0,R,922.0,R,20.0,R,204.0,R,0.0,R,204.0,R,109.0,R,53.0,R,128.0,R,0.0,R,128.0,R,46.0,R,36.0,R,21
172963,2011,R,936.0,R,3760.0,R,25.0,R,1201.0,R,0.0,R,1201.0,R,566.0,R,47.0,R,486.0,R,0.0,R,486.0,R,220.0,R,45.0,R,30
172972,2011,R,8.0,R,12.0,R,67.0,R,17.0,R,0.0,R,17.0,R,7.0,R,41.0,R,1.0,R,0.0,R,1.0,R,0.0,R,0.0,R,8
173045,2011,R,382.0,R,782.0,R,49.0,R,414.0,Z,0.0,R,414.0,R,324.0,R,78.0,R,3.0,R,0.0,R,3.0,R,1.0,R,33.0,R,15
173063,2011,R,405.0,R,1343.0,R,30.0,R,501.0,R,0.0,R,501.0,R,297.0,R,59.0,R,140.0,R,0.0,R,140.0,R,56.0,R,40.0,R,22
173115,2011,R,104.0,R,621.0,R,17.0,R,141.0,R,0.0,R,141.0,R,67.0,R,48.0,R,51.0,R,0.0,R,51.0,R,27.0,R,53.0,R,22
173124,2011,R,825.0,R,1723.0,R,48.0,R,855.0,R,0.0,R,855.0,R,580.0,R,68.0,R,13.0,R,0.0,R,13.0,R,6.0,R,46.0,R,24
173142,2011,R,162.0,R,201.0,R,81.0,R,165.0,R,0.0,R,165.0,R,117.0,R,71.0,R,1.0,R,0.0,R,1.0,R,0.0,R,0.0,R,11
173160,2011,R,675.0,R,1151.0,R,59.0,R,559.0,R,0.0,R,559.0,R,474.0,R,85.0,R,6.0,R,0.0,R,6.0,R,3.0,R,50.0,R,12
173203,2011,R,607.0,R,1940.0,R,31.0,R,695.0,R,0.0,R,695.0,R,412.0,R,59.0,R,119.0,R,0.0,R,119.0,R,48.0,R,40.0,R,25
173258,2011,R,519.0,R,543.0,R,96.0,R,512.0,R,6.0,R,506.0,R,487.0,R,96.0,A,,A,,A,,A,,A,,R,9
173300,2011,R,722.0,R,845.0,R,85.0,R,675.0,R,0.0,R,675.0,R,574.0,R,85.0,A,,A,,A,,A,,A,,R,13
173328,2011,R,197.0,R,746.0,R,26.0,R,217.0,R,0.0,R,217.0,R,144.0,R,66.0,A,,A,,A,,A,,A,,R,16
173416,2011,R,351.0,R,1273.0,R,28.0,R,368.0,R,0.0,R,368.0,R,224.0,R,61.0,R,138.0,R,0.0,R,138.0,R,66.0,R,48.0,R,23
173452,2011,R,172.0,R,192.0,R,90.0,R,166.0,R,0.0,R,166.0,R,140.0,R,84.0,R,0.0,R,0.0,R,0.0,R,0.0,A,,R,12
173461,2011,R,455.0,R,2130.0,R,21.0,R,460.0,R,0.0,R,460.0,R,253.0,R,55.0,R,240.0,R,0.0,R,240.0,R,116.0,R,48.0,R,24
173470,2011,A,,A,,A,,R,16.0,R,0.0,R,16.0,R,14.0,R,88.0,A,,A,,A,,A,,A,,R,13
173489,2011,R,14.0,R,110.0,R,13.0,R,7.0,R,0.0,R,7.0,R,3.0,R,43.0,R,5.0,Z,0.0,R,5.0,R,3.0,R,60.0,R,12
173559,2011,R,801.0,R,2891.0,R,28.0,R,941.0,R,0.0,R,941.0,R,521.0,R,55.0,R,207.0,R,0.0,R,207.0,R,100.0,R,48.0,R,21
173629,2011,R,36.0,R,375.0,R,10.0,R,16.0,R,0.0,R,16.0,R,6.0,R,38.0,R,25.0,R,0.0,R,25.0,R,8.0,R,32.0,R,13
173638,2011,R,314.0,R,1333.0,R,24.0,R,443.0,R,0.0,R,443.0,R,276.0,R,62.0,R,84.0,R,0.0,R,84.0,R,35.0,R,42.0,R,19
173647,2011,R,725.0,R,875.0,R,83.0,R,590.0,R,8.0,R,582.0,R,541.0,R,93.0,A,,A,,A,,A,,A,,R,11
173665,2011,R,513.0,R,668.0,R,77.0,R,437.0,R,2.0,R,435.0,R,346.0,R,80.0,R,3.0,R,0.0,R,3.0,R,1.0,R,33.0,R,12
173683,2011,A,,A,,A,,A,,A,,A,,A,,A,,A,,A,,A,,A,,A,,R,27
173708,2011,R,354.0,R,2190.0,R,16.0,R,448.0,R,0.0,R,448.0,R,274.0,R,61.0,R,439.0,R,0.0,R,439.0,R,222.0,R,51.0,R,20
173726,2011,A,,A,,A,,R,21.0,Z,0.0,R,21.0,R,14.0,R,67.0,A,,A,,A,,A,,A,,R,12
173735,2011,R,261.0,R,662.0,R,39.0,R,292.0,R,0.0,R,292.0,R,160.0,R,55.0,R,35.0,R,0.0,R,35.0,R,12.0,R,34.0,R,17
173744,2011,A,,A,,A,,R,175.0,R,0.0,R,175.0,R,153.0,R,87.0,A,,A,,A,,A,,A,,R,17
173799,2011,R,525.0,R,2278.0,R,23.0,R,614.0,R,0.0,R,614.0,R,316.0,R,51.0,R,301.0,R,0.0,R,301.0,R,137.0,R,46.0,R,24
173805,2011,R,293.0,R,596.0,R,49.0,R,315.0,R,0.0,R,315.0,R,189.0,R,60.0,R,30.0,R,0.0,R,30.0,R,14.0,R,47.0,R,21
173887,2011,R,261.0,R,584.0,R,45.0,R,231.0,R,0.0,R,231.0,R,117.0,R,51.0,R,49.0,R,0.0,R,49.0,R,13.0,R,27.0,R,16
173902,2011,R,478.0,R,506.0,R,94.0,R,515.0,R,0.0,R,515.0,R,484.0,R,94.0,A,,A,,A,,A,,A,,R,10
173911,2011,R,429.0,R,1196.0,R,36.0,R,533.0,R,0.0,R,533.0,R,293.0,R,55.0,R,107.0,R,0.0,R,107.0,R,60.0,R,56.0,R,19
173920,2011,R,2525.0,R,4512.0,R,56.0,R,2406.0,R,0.0,R,2406.0,R,1851.0,R,77.0,R,20.0,R,0.0,R,20.0,R,7.0,R,35.0,R,25
173939,2011,A,,A,,A,,R,42.0,R,0.0,R,42.0,R,35.0,R,83.0,R,9.0,R,0.0,R,9.0,R,6.0,R,67.0,R,16
173966,2011,A,,A,,A,,A,,A,,A,,A,,A,,A,,A,,A,,A,,A,,R,7
173984,2011,R,64.0,R,979.0,R,7.0,R,78.0,R,0.0,R,78.0,R,36.0,R,46.0,R,145.0,R,0.0,R,145.0,R,49.0,R,34.0,R,13
173993,2011,R,235.0,R,703.0,R,33.0,R,244.0,R,0.0,R,244.0,R,142.0,R,58.0,R,30.0,R,0.0,R,30.0,R,7.0,R,23.0,R,24
174020,2011,R,51.0,R,2139.0,R,2.0,R,36.0,R,0.0,R,36.0,R,23.0,R,64.0,R,25.0,R,0.0,R,25.0,R,11.0,R,44.0,R,17
174066,2011,R,5354.0,R,9951.0,R,54.0,R,5311.0,R,0.0,R,5311.0,R,4787.0,R,90.0,R,12.0,R,0.0,R,12.0,R,8.0,R,67.0,R,21
174075,2011,R,261.0,R,1124.0,R,23.0,R,264.0,R,0.0,R,264.0,R,190.0,R,72.0,R,5.0,R,0.0,R,5.0,R,2.0,R,40.0,R,20
174118,2011,R,331.0,R,331.0,R,100.0,R,308.0,R,0.0,R,308.0,R,54.0,R,18.0,A,,A,,A,,A,,A,,R,30
174127,2011,R,81.0,R,116.0,R,70.0,R,116.0,R,0.0,R,116.0,R,90.0,R,78.0,R,1.0,R,0.0,R,1.0,R,0.0,R,0.0,R,12
174136,2011,R,795.0,R,3210.0,R,25.0,R,839.0,R,0.0,R,839.0,R,433.0,R,52.0,R,782.0,R,0.0,R,782.0,R,313.0,R,40.0,R,25
174154,2011,R,16.0,R,52.0,R,31.0,R,3.0,Z,0.0,R,3.0,R,1.0,R,33.0,R,0.0,Z,0.0,R,0.0,R,0.0,A,,R,9
174190,2011,A,,A,,A,,R,55.0,R,0.0,R,55.0,R,38.0,R,69.0,A,,A,,A,,A,,A,,R,20
174206,2011,R,16.0,R,59.0,R,27.0,R,18.0,R,0.0,R,18.0,R,8.0,R,44.0,R,0.0,R,0.0,R,0.0,R,0.0,A,,R,11
174233,2011,R,2096.0,R,3211.0,R,65.0,R,2338.0,R,0.0,R,2338.0,R,1824.0,R,78.0,R,5.0,R,0.0,R,5.0,R,3.0,R,60.0,R,21
174251,2011,R,462.0,R,679.0,R,68.0,R,418.0,R,0.0,R,418.0,R,345.0,R,83.0,R,1.0,R,0.0,R,1.0,R,0.0,R,0.0,R,15
174279,2011,R,29.0,R,385.0,R,8.0,R,14.0,R,0.0,R,14.0,R,9.0,R,64.0,R,31.0,R,0.0,R,31.0,R,13.0,R,42.0,R,10
174321,2011,A,,A,,A,,R,45.0,R,0.0,R,45.0,R,34.0,R,76.0,R,0.0,R,0.0,R,0.0,R,0.0,A,,R,13
174358,2011,R,1073.0,R,2066.0,R,52.0,R,1205.0,R,0.0,R,1205.0,R,816.0,R,68.0,R,28.0,R,0.0,R,28.0,R,15.0,R,54.0,R,18
174376,2011,R,449.0,R,2458.0,R,18.0,R,608.0,R,0.0,R,608.0,R,368.0,R,61.0,R,393.0,R,0.0,R,393.0,R,174.0,R,44.0,R,25
174385,2011,R,6.0,R,170.0,R,4.0,R,11.0,R,0.0,R,11.0,R,7.0,R,64.0,R,108.0,R,0.0,R,108.0,R,43.0,R,40.0,R,21
174394,2011,R,48.0,R,97.0,R,49.0,R,30.0,Z,0.0,R,30.0,R,22.0,R,73.0,R,4.0,Z,0.0,R,4.0,R,2.0,R,50.0,R,13
174428,2011,R,898.0,R,3740.0,R,24.0,R,1137.0,R,0.0,R,1137.0,R,631.0,R,55.0,R,585.0,R,0.0,R,585.0,R,235.0,R,40.0,R,26
174437,2011,R,259.0,R,499.0,R,52.0,R,291.0,R,0.0,R,291.0,R,205.0,R,70.0,R,0.0,R,0.0,R,0.0,R,0.0,A,,R,17
174473,2011,R,417.0,R,1483.0,R,28.0,R,456.0,R,0.0,R,456.0,R,235.0,R,52.0,R,152.0,R,0.0,R,152.0,R,73.0,R,48.0,R,21
174482,2011,R,38.0,R,66.0,R,58.0,R,64.0,R,0.0,R,64.0,R,58.0,R,91.0,A,,A,,A,,A,,A,,R,9
174491,2011,R,452.0,R,1184.0,R,38.0,R,450.0,R,0.0,R,450.0,R,353.0,R,78.0,R,8.0,R,0.0,R,8.0,R,4.0,R,50.0,R,17
174507,2011,R,6.0,R,52.0,R,12.0,R,0.0,R,0.0,R,0.0,R,0.0,A,,R,0.0,R,0.0,R,0.0,R,0.0,A,,R,8
174525,2011,R,24.0,R,41.0,R,59.0,R,13.0,R,0.0,R,13.0,R,9.0,R,69.0,R,0.0,R,0.0,R,0.0,R,0.0,A,,R,11
174534,2011,A,,A,,A,,R,38.0,R,0.0,R,38.0,R,27.0,R,71.0,R,9.0,R,0.0,R,9.0,R,7.0,R,78.0,R,10
174570,2011,R,56.0,R,594.0,R,9.0,R,76.0,R,0.0,R,76.0,R,40.0,R,53.0,R,93.0,R,0.0,R,93.0,R,44.0,R,47.0,R,20
174604,2011,R,87.0,R,202.0,R,43.0,R,89.0,R,0.0,R,89.0,R,48.0,R,54.0,R,11.0,R,0.0,R,11.0,R,3.0,R,27.0,R,20
174738,2011,R,940.0,R,2162.0,R,43.0,R,984.0,R,0.0,R,984.0,R,524.0,R,53.0,R,200.0,R,0.0,R,200.0,R,95.0,R,48.0,R,21
174747,2011,R,525.0,R,567.0,R,93.0,R,535.0,R,0.0,R,535.0,R,488.0,R,91.0,R,0.0,R,0.0,R,0.0,R,0.0,A,,R,11
174756,2011,R,559.0,R,1847.0,R,30.0,R,651.0,R,0.0,R,651.0,R,366.0,R,56.0,R,297.0,R,0.0,R,297.0,R,137.0,R,46.0,R,23
174765,2011,A,,A,,A,,R,39.0,R,0.0,R,39.0,R,28.0,R,72.0,A,,A,,A,,A,,A,,R,9
174783,2011,R,1838.0,R,5186.0,R,35.0,R,2210.0,R,0.0,R,2210.0,R,1522.0,R,69.0,R,41.0,R,0.0,R,41.0,R,26.0,R,63.0,R,24
174792,2011,R,495.0,R,532.0,R,93.0,R,503.0,R,0.0,R,503.0,R,449.0,R,89.0,R,0.0,R,0.0,R,0.0,R,0.0,A,,R,11
174817,2011,R,373.0,R,582.0,R,64.0,R,347.0,R,1.0,R,346.0,R,266.0,R,77.0,R,0.0,R,0.0,R,0.0,R,0.0,A,,R,16
174844,2011,R,739.0,R,808.0,R,91.0,R,844.0,R,0.0,R,844.0,R,795.0,R,94.0,A,,A,,A,,A,,A,,R,12
174862,2011,R,157.0,R,224.0,R,70.0,R,148.0,R,0.0,R,148.0,R,93.0,R,63.0,R,0.0,R,0.0,R,0.0,R,0.0,A,,R,14
174899,2011,R,502.0,R,956.0,R,53.0,R,563.0,R,0.0,R,563.0,R,433.0,R,77.0,R,0.0,R,0.0,R,0.0,R,0.0,A,,R,14
174914,2011,R,1324.0,R,1609.0,R,82.0,R,1519.0,R,0.0,R,1519.0,R,1333.0,R,88.0,A,,A,,A,,A,,A,,R,15
174932,2011,R,46.0,R,69.0,R,67.0,R,54.0,R,0.0,R,54.0,R,46.0,R,85.0,A,,A,,A,,A,,A,,R,9
174978,2011,A,,A,,A,,R,20.0,Z,0.0,R,20.0,R,17.0,R,85.0,R,4.0,Z,0.0,R,4.0,R,4.0,R,100.0,R,19
175005,2011,R,443.0,R,1127.0,R,39.0,R,420.0,R,0.0,R,420.0,R,352.0,R,84.0,R,2.0,R,0.0,R,2.0,R,0.0,R,0.0,R,13
175014,2011,R,140.0,R,1390.0,R,10.0,R,63.0,R,0.0,R,63.0,R,28.0,R,44.0,R,66.0,R,0.0,R,66.0,R,21.0,R,32.0,R,21
175041,2011,R,684.0,R,2392.0,R,29.0,R,622.0,R,0.0,R,622.0,R,316.0,R,51.0,R,500.0,R,0.0,R,500.0,R,164.0,R,33.0,R,24
175078,2011,R,405.0,R,3713.0,R,11.0,R,506.0,R,0.0,R,506.0,R,355.0,R,70.0,R,7.0,R,0.0,R,7.0,R,2.0,R,29.0,R,27
175120,2011,A,,A,,A,,A,,A,,A,,A,,A,,A,,A,,A,,A,,A,,R,14
175157,2011,R,206.0,R,429.0,R,48.0,R,211.0,R,0.0,R,211.0,R,112.0,R,53.0,R,5.0,R,0.0,R,5.0,R,3.0,R,60.0,R,27
175227,2011,R,140.0,R,297.0,R,47.0,R,3.0,R,0.0,R,3.0,R,3.0,R,100.0,R,0.0,R,0.0,R,0.0,R,0.0,A,,R,7
175236,2011,R,736.0,R,1545.0,R,48.0,R,755.0,R,0.0,R,755.0,R,492.0,R,65.0,R,125.0,R,0.0,R,125.0,R,54.0,R,43.0,R,21
175263,2011,R,254.0,R,889.0,R,29.0,R,329.0,R,0.0,R,329.0,R,205.0,R,62.0,R,99.0,R,0.0,R,99.0,R,41.0,R,41.0,R,22
175272,2011,R,1860.0,R,2615.0,R,71.0,R,1615.0,R,0.0,R,1615.0,R,1270.0,R,79.0,R,3.0,R,0.0,R,3.0,R,2.0,R,67.0,R,21
175315,2011,R,1070.0,R,3605.0,R,30.0,R,1122.0,R,0.0,R,1122.0,R,609.0,R,54.0,R,704.0,R,0.0,R,704.0,R,290.0,R,41.0,R,26
175342,2011,R,659.0,R,955.0,R,69.0,R,587.0,Z,0.0,R,587.0,R,391.0,R,67.0,R,11.0,Z,0.0,R,11.0,R,3.0,R,27.0,R,19
175421,2011,R,227.0,R,942.0,R,24.0,R,209.0,R,0.0,R,209.0,R,132.0,R,63.0,R,10.0,R,0.0,R,10.0,R,7.0,R,70.0,R,11
175430,2011,R,87.0,R,184.0,R,47.0,R,84.0,R,0.0,R,84.0,R,57.0,R,68.0,R,4.0,R,0.0,R,4.0,R,1.0,R,25.0,R,15
175494,2011,A,,A,,A,,R,61.0,R,1.0,R,60.0,R,46.0,R,77.0,A,,A,,A,,A,,A,,R,15
175519,2011,R,655.0,R,881.0,R,74.0,R,687.0,R,0.0,R,687.0,R,482.0,R,70.0,R,44.0,R,0.0,R,44.0,R,34.0,R,77.0,R,28
175528,2011,R,68.0,R,134.0,R,51.0,R,138.0,R,0.0,R,138.0,R,41.0,R,30.0,R,10.0,R,0.0,R,10.0,R,6.0,R,60.0,R,14
175573,2011,R,873.0,R,1340.0,R,65.0,R,814.0,R,0.0,R,814.0,R,465.0,R,57.0,R,58.0,R,0.0,R,58.0,R,19.0,R,33.0,R,22
175591,2011,A,,A,,A,,R,21.0,R,0.0,R,21.0,R,20.0,R,95.0,A,,A,,A,,A,,A,,R,4
175607,2011,A,,A,,A,,R,32.0,R,0.0,R,32.0,R,21.0,R,66.0,A,,A,,A,,A,,A,,R,20
175616,2011,R,325.0,R,849.0,R,38.0,R,372.0,R,1.0,R,371.0,R,227.0,R,61.0,R,9.0,R,0.0,R,9.0,R,4.0,R,44.0,R,18
175643,2011,R,570.0,R,982.0,R,58.0,R,734.0,R,185.0,R,549.0,R,211.0,R,38.0,R,39.0,R,0.0,R,39.0,R,13.0,R,33.0,R,25
175652,2011,R,874.0,R,2465.0,R,35.0,R,1061.0,R,194.0,R,867.0,R,586.0,R,68.0,R,759.0,R,204.0,R,555.0,R,217.0,R,39.0,R,16
175698,2011,A,,A,,A,,R,9.0,R,0.0,R,9.0,R,8.0,R,89.0,A,,A,,A,,A,,A,,R,9
175722,2011,A,,A,,A,,R,12.0,R,0.0,R,12.0,R,12.0,R,100.0,A,,A,,A,,A,,A,,R,15
175786,2011,R,2280.0,R,5029.0,R,45.0,R,2596.0,R,0.0,R,2596.0,R,1753.0,R,68.0,R,1057.0,R,0.0,R,1057.0,R,315.0,R,30.0,R,18
175810,2011,R,1332.0,R,2577.0,R,52.0,R,1272.0,R,0.0,R,1272.0,R,720.0,R,57.0,R,330.0,R,0.0,R,330.0,R,74.0,R,22.0,R,23
175829,2011,R,1479.0,R,2171.0,R,68.0,R,1937.0,R,0.0,R,1937.0,R,1160.0,R,60.0,R,373.0,R,0.0,R,373.0,R,96.0,R,26.0,R,20
175856,2011,R,988.0,R,1692.0,R,58.0,R,879.0,R,0.0,R,879.0,R,638.0,R,73.0,R,16.0,R,0.0,R,16.0,R,10.0,R,63.0,R,18
175883,2011,R,1185.0,R,1814.0,R,65.0,R,1309.0,R,0.0,R,1309.0,R,723.0,R,55.0,R,392.0,R,0.0,R,392.0,R,129.0,R,33.0,R,21
175935,2011,R,1029.0,R,1350.0,R,76.0,R,1216.0,R,0.0,R,1216.0,R,565.0,R,46.0,R,344.0,R,0.0,R,344.0,R,91.0,R,26.0,R,18
175980,2011,R,224.0,R,257.0,R,87.0,R,214.0,R,0.0,R,214.0,R,189.0,R,88.0,A,,A,,A,,A,,A,,R,9
176008,2011,R,752.0,R,1061.0,R,71.0,R,824.0,R,0.0,R,824.0,R,407.0,R,49.0,R,22.0,R,0.0,R,22.0,R,7.0,R,32.0,R,14
176017,2011,R,3542.0,R,5086.0,R,70.0,R,3067.0,Z,0.0,R,3067.0,R,2489.0,R,81.0,R,28.0,Z,0.0,R,28.0,R,11.0,R,39.0,R,19
176026,2011,A,,A,,A,,A,,A,,A,,A,,A,,A,,A,,A,,A,,A,,R,7
176035,2011,R,180.0,R,651.0,R,28.0,R,192.0,R,0.0,R,192.0,R,144.0,R,75.0,R,0.0,R,0.0,R,0.0,R,0.0,A,,R,14
176044,2011,R,300.0,R,599.0,R,50.0,R,382.0,R,0.0,R,382.0,R,240.0,R,63.0,R,5.0,R,0.0,R,5.0,R,1.0,R,20.0,R,14
176053,2011,R,496.0,R,936.0,R,53.0,R,485.0,R,0.0,R,485.0,R,363.0,R,75.0,R,18.0,R,0.0,R,18.0,R,11.0,R,61.0,R,13
176062,2011,A,,A,,A,,R,49.0,R,0.0,R,49.0,R,43.0,R,88.0,A,,A,,A,,A,,A,,R,20
176071,2011,R,1977.0,R,3143.0,R,63.0,R,1967.0,R,0.0,R,1967.0,R,1181.0,R,60.0,R,512.0,R,0.0,R,512.0,R,146.0,R,29.0,R,26
176080,2011,R,2891.0,R,4652.0,R,62.0,R,2701.0,R,1.0,R,2700.0,R,2243.0,R,83.0,R,6.0,R,0.0,R,6.0,R,2.0,R,33.0,R,20
176169,2011,R,1132.0,R,1512.0,R,75.0,R,1241.0,R,0.0,R,1241.0,R,782.0,R,63.0,R,102.0,Z,0.0,R,102.0,R,53.0,R,52.0,R,23
176178,2011,R,1772.0,R,3039.0,R,58.0,R,1977.0,R,0.0,R,1977.0,R,1276.0,R,65.0,R,340.0,R,0.0,R,340.0,R,93.0,R,27.0,R,19
176239,2011,R,1872.0,R,3023.0,R,62.0,R,2015.0,R,44.0,R,1971.0,R,968.0,R,49.0,R,731.0,R,31.0,R,700.0,R,211.0,R,30.0,R,16
176318,2011,R,238.0,R,305.0,R,78.0,R,196.0,R,0.0,R,196.0,R,103.0,R,53.0,R,42.0,R,0.0,R,42.0,R,21.0,R,50.0,R,17
176336,2011,R,6.0,R,12.0,R,50.0,R,8.0,R,2.0,R,6.0,R,6.0,R,100.0,R,1.0,R,1.0,R,0.0,R,0.0,A,,R,11
176354,2011,R,671.0,R,929.0,R,72.0,R,540.0,R,0.0,R,540.0,R,307.0,R,57.0,R,4.0,Z,0.0,R,4.0,R,3.0,R,75.0,R,24
176372,2011,R,1706.0,R,3888.0,R,44.0,R,1572.0,R,6.0,R,1566.0,R,1131.0,R,72.0,R,18.0,R,0.0,R,18.0,R,8.0,R,44.0,R,17
176390,2011,A,,A,,A,,R,98.0,Z,0.0,R,98.0,R,77.0,R,79.0,A,,A,,A,,A,,A,,R,20
176406,2011,R,204.0,R,282.0,R,72.0,R,199.0,R,0.0,R,199.0,R,156.0,R,78.0,A,,A,,A,,A,,A,,R,11
176479,2011,R,144.0,R,610.0,R,24.0,R,166.0,R,0.0,R,166.0,R,128.0,R,77.0,R,1.0,R,0.0,R,1.0,R,1.0,R,100.0,R,13
176549,2011,A,,A,,A,,R,51.0,R,0.0,R,51.0,R,32.0,R,63.0,A,,A,,A,,A,,A,,R,17
176628,2011,R,138.0,R,337.0,R,41.0,R,167.0,R,0.0,R,167.0,R,108.0,R,65.0,A,,A,,A,,A,,A,,R,14
176637,2011,R,62.0,R,101.0,R,61.0,R,0.0,R,0.0,R,0.0,R,0.0,A,,R,0.0,R,0.0,R,0.0,R,0.0,A,,R,20
176664,2011,R,71.0,R,107.0,R,66.0,R,58.0,R,0.0,R,58.0,R,39.0,R,67.0,R,6.0,R,0.0,R,6.0,R,2.0,R,33.0,R,14
176716,2011,A,,A,,A,,R,76.0,R,0.0,R,76.0,R,68.0,R,89.0,A,,A,,A,,A,,A,,R,25
176734,2011,A,,A,,A,,R,26.0,R,0.0,R,26.0,R,19.0,R,73.0,A,,A,,A,,A,,A,,R,9
176770,2011,R,80.0,R,220.0,R,36.0,R,42.0,R,0.0,R,42.0,R,40.0,R,95.0,R,42.0,R,0.0,R,42.0,R,40.0,R,95.0,R,9
176789,2011,R,30.0,R,80.0,R,38.0,R,28.0,R,0.0,R,28.0,R,20.0,R,71.0,R,2.0,R,0.0,R,2.0,R,1.0,R,50.0,R,8
176798,2011,A,,A,,A,,R,90.0,R,0.0,R,90.0,R,69.0,R,77.0,R,63.0,R,0.0,R,63.0,R,52.0,R,83.0,R,16
176910,2011,R,50.0,R,93.0,R,54.0,R,40.0,R,0.0,R,40.0,R,30.0,R,75.0,R,0.0,R,0.0,R,0.0,R,0.0,A,,R,18
176938,2011,R,59.0,R,102.0,R,58.0,R,166.0,Z,0.0,R,166.0,R,82.0,R,49.0,R,24.0,Z,0.0,R,24.0,R,9.0,R,38.0,R,17
176947,2011,R,281.0,R,407.0,R,69.0,R,314.0,R,0.0,R,314.0,R,194.0,R,62.0,A,,A,,A,,A,,A,,R,15
176965,2011,R,1649.0,R,3094.0,R,53.0,R,1502.0,R,1.0,R,1501.0,R,1090.0,R,73.0,R,68.0,R,0.0,R,68.0,R,41.0,R,60.0,R,17
176983,2011,A,,A,,A,,R,74.0,R,0.0,R,74.0,R,70.0,R,95.0,R,2.0,R,0.0,R,2.0,R,0.0,R,0.0,R,4
176992,2011,A,,A,,A,,R,5.0,R,0.0,R,5.0,R,5.0,R,100.0,R,0.0,R,0.0,R,0.0,R,0.0,A,,R,12
177038,2011,R,2.0,R,41.0,R,5.0,R,5.0,R,0.0,R,5.0,R,1.0,R,20.0,R,0.0,R,0.0,R,0.0,R,0.0,A,,R,14
177056,2011,A,,A,,A,,R,9.0,R,0.0,R,9.0,R,8.0,R,89.0,A,,A,,A,,A,,A,,R,10
177065,2011,R,907.0,R,3841.0,R,24.0,R,432.0,R,0.0,R,432.0,R,245.0,R,57.0,R,118.0,R,0.0,R,118.0,R,56.0,R,47.0,R,36
177083,2011,R,14.0,R,34.0,R,41.0,R,18.0,R,0.0,R,18.0,R,16.0,R,89.0,A,,A,,A,,A,,A,,R,4
177117,2011,R,168.0,R,178.0,R,94.0,R,167.0,R,0.0,R,167.0,R,121.0,R,72.0,R,0.0,R,0.0,R,0.0,R,0.0,A,,R,8
177135,2011,R,816.0,R,2163.0,R,38.0,R,856.0,R,0.0,R,856.0,R,461.0,R,54.0,R,255.0,R,0.0,R,255.0,R,84.0,R,33.0,R,14
177144,2011,R,197.0,R,268.0,R,74.0,R,212.0,R,0.0,R,212.0,R,138.0,R,65.0,R,0.0,R,0.0,R,0.0,R,0.0,A,,R,13
177162,2011,R,85.0,R,488.0,R,17.0,R,119.0,R,0.0,R,119.0,R,67.0,R,56.0,R,87.0,R,0.0,R,87.0,R,20.0,R,23.0,R,18
177214,2011,R,489.0,R,1201.0,R,41.0,R,581.0,R,0.0,R,581.0,R,427.0,R,73.0,R,70.0,R,0.0,R,70.0,R,19.0,R,27.0,R,19
177250,2011,R,682.0,R,1592.0,R,43.0,R,743.0,R,0.0,R,743.0,R,410.0,R,55.0,R,152.0,R,0.0,R,152.0,R,57.0,R,38.0,R,18
177287,2011,A,,A,,A,,R,32.0,R,0.0,R,32.0,R,24.0,R,75.0,R,6.0,R,0.0,R,6.0,R,4.0,R,67.0,R,17
177302,2011,R,557.0,R,557.0,R,100.0,R,514.0,R,0.0,R,514.0,R,395.0,R,77.0,A,,A,,A,,A,,A,,R,27
177339,2011,R,409.0,R,622.0,R,66.0,R,399.0,R,0.0,R,399.0,R,314.0,R,79.0,R,1.0,R,0.0,R,1.0,R,0.0,R,0.0,R,17
177418,2011,R,142.0,R,373.0,R,38.0,R,151.0,R,0.0,R,151.0,R,112.0,R,74.0,R,14.0,R,0.0,R,14.0,R,10.0,R,71.0,R,11
177436,2011,A,,A,,A,,R,33.0,R,0.0,R,33.0,R,29.0,R,88.0,R,4.0,R,0.0,R,4.0,R,3.0,R,75.0,R,11
177472,2011,R,2381.0,R,4159.0,R,57.0,R,2638.0,R,0.0,R,2638.0,R,1563.0,R,59.0,R,935.0,R,0.0,R,935.0,R,409.0,R,44.0,R,25
177542,2011,R,155.0,R,504.0,R,31.0,R,166.0,R,0.0,R,166.0,R,102.0,R,61.0,R,1.0,Z,0.0,R,1.0,R,1.0,R,100.0,R,11
177551,2011,R,276.0,R,512.0,R,54.0,R,271.0,R,0.0,R,271.0,R,118.0,R,44.0,R,14.0,R,0.0,R,14.0,R,4.0,R,29.0,R,13
177579,2011,R,115.0,R,115.0,R,100.0,R,0.0,R,0.0,R,0.0,R,0.0,A,,A,,A,,A,,A,,A,,R,17
177588,2011,A,,A,,A,,R,38.0,R,0.0,R,38.0,R,21.0,R,55.0,A,,A,,A,,A,,A,,R,25
177603,2011,A,,A,,A,,R,52.0,R,0.0,R,52.0,R,46.0,R,88.0,R,17.0,R,0.0,R,17.0,R,12.0,R,71.0,R,10
177676,2011,R,1130.0,R,1775.0,R,64.0,R,1217.0,R,3.0,R,1214.0,R,730.0,R,60.0,R,294.0,R,3.0,R,291.0,R,129.0,R,44.0,R,24
177685,2011,A,,A,,A,,R,8.0,R,0.0,R,8.0,R,6.0,R,75.0,A,,A,,A,,A,,A,,R,21
177719,2011,A,,A,,A,,A,,A,,A,,A,,A,,A,,A,,A,,A,,A,,R,16
177746,2011,R,196.0,R,276.0,R,71.0,R,189.0,R,0.0,R,189.0,R,130.0,R,69.0,A,,A,,A,,A,,A,,R,10
177807,2011,A,,A,,A,,R,8.0,R,0.0,R,8.0,R,5.0,R,63.0,A,,A,,A,,A,,A,,R,8
177816,2011,R,6.0,R,19.0,R,32.0,R,6.0,R,0.0,R,6.0,R,5.0,R,83.0,A,,A,,A,,A,,A,,R,4
177870,2011,A,,A,,A,,R,3.0,R,0.0,R,3.0,R,0.0,R,0.0,A,,A,,A,,A,,A,,R,15
177931,2011,A,,A,,A,,R,16.0,R,0.0,R,16.0,R,16.0,R,100.0,R,1.0,R,0.0,R,1.0,R,1.0,R,100.0,R,3
177940,2011,R,606.0,R,1161.0,R,52.0,R,458.0,R,0.0,R,458.0,R,221.0,R,48.0,R,13.0,R,0.0,R,13.0,R,4.0,R,31.0,R,15
177968,2011,R,1015.0,R,2154.0,R,47.0,R,1034.0,R,0.0,R,1034.0,R,725.0,R,70.0,R,12.0,R,0.0,R,12.0,R,8.0,R,67.0,R,22
177977,2011,R,480.0,R,664.0,R,72.0,R,436.0,R,3.0,R,433.0,R,333.0,R,77.0,R,15.0,R,0.0,R,15.0,R,5.0,R,33.0,R,12
177986,2011,A,,A,,A,,A,,A,,A,,A,,A,,A,,A,,A,,A,,A,,R,9
177995,2011,R,909.0,R,2385.0,R,38.0,R,941.0,R,0.0,R,941.0,R,513.0,R,55.0,R,455.0,R,0.0,R,455.0,R,117.0,R,26.0,R,26
178004,2011,A,,A,,A,,R,1.0,R,0.0,R,1.0,R,1.0,R,100.0,R,2.0,R,0.0,R,2.0,R,1.0,R,50.0,R,7
178022,2011,R,779.0,R,2359.0,R,33.0,R,845.0,R,0.0,R,845.0,R,406.0,R,48.0,R,427.0,R,0.0,R,427.0,R,125.0,R,29.0,R,28
178059,2011,R,334.0,R,916.0,R,36.0,R,338.0,R,0.0,R,338.0,R,277.0,R,82.0,R,34.0,R,0.0,R,34.0,R,20.0,R,59.0,R,12
178077,2011,A,,A,,A,,R,101.0,R,0.0,R,101.0,R,81.0,R,80.0,A,,A,,A,,A,,A,,R,17
178110,2011,R,30.0,R,30.0,R,100.0,R,53.0,R,0.0,R,53.0,R,26.0,R,49.0,A,,A,,A,,A,,A,,R,12
178183,2011,A,,A,,A,,R,143.0,R,0.0,R,143.0,R,115.0,R,80.0,A,,A,,A,,A,,A,,R,18
178208,2011,R,36.0,R,79.0,R,46.0,R,33.0,R,0.0,R,33.0,R,26.0,R,79.0,R,2.0,R,0.0,R,2.0,R,1.0,R,50.0,R,16
178217,2011,R,854.0,R,1186.0,R,72.0,R,832.0,R,1.0,R,831.0,R,575.0,R,69.0,R,172.0,R,1.0,R,171.0,R,71.0,R,42.0,R,23
178226,2011,R,66.0,R,112.0,R,59.0,R,52.0,R,1.0,R,51.0,R,21.0,R,41.0,R,14.0,R,0.0,R,14.0,R,0.0,R,0.0,R,13
178244,2011,R,229.0,R,2064.0,R,11.0,R,205.0,R,0.0,R,205.0,R,135.0,R,66.0,R,8.0,R,0.0,R,8.0,R,3.0,R,38.0,R,20
178262,2011,A,,A,,A,,R,86.0,R,0.0,R,86.0,R,76.0,R,88.0,A,,A,,A,,A,,A,,R,22
178305,2011,R,75.0,R,152.0,R,49.0,R,0.0,R,0.0,R,0.0,R,0.0,A,,R,0.0,R,0.0,R,0.0,R,0.0,A,,R,25
178314,2011,A,,A,,A,,Z,0.0,R,0.0,R,0.0,R,0.0,A,,A,,A,,A,,A,,A,,R,8
178341,2011,R,718.0,R,1617.0,R,44.0,R,789.0,R,2.0,R,787.0,R,470.0,R,60.0,R,38.0,R,0.0,R,38.0,R,11.0,R,29.0,R,18
178350,2011,R,1.0,R,30.0,R,3.0,R,0.0,R,0.0,R,0.0,R,0.0,A,,R,0.0,R,0.0,R,0.0,R,0.0,A,,R,9
178369,2011,R,377.0,R,712.0,R,53.0,R,418.0,R,0.0,R,418.0,R,209.0,R,50.0,R,2.0,R,0.0,R,2.0,R,2.0,R,100.0,R,15
178387,2011,R,962.0,R,1618.0,R,59.0,R,1086.0,R,1.0,R,1085.0,R,673.0,R,62.0,R,184.0,R,0.0,R,184.0,R,69.0,R,38.0,R,19
178396,2011,R,6051.0,R,7571.0,R,80.0,R,6004.0,R,7.0,R,5997.0,R,5103.0,R,85.0,R,85.0,R,0.0,R,85.0,R,45.0,R,53.0,R,20
178402,2011,R,1112.0,R,2623.0,R,42.0,R,1109.0,R,0.0,R,1109.0,R,818.0,R,74.0,R,36.0,R,0.0,R,36.0,R,7.0,R,19.0,R,13
178411,2011,R,1090.0,R,1475.0,R,74.0,R,1140.0,R,1.0,R,1139.0,R,944.0,R,83.0,R,9.0,R,0.0,R,9.0,R,6.0,R,67.0,R,17
178420,2011,R,480.0,R,2488.0,R,19.0,R,479.0,R,0.0,R,479.0,R,372.0,R,78.0,R,18.0,R,0.0,R,18.0,R,9.0,R,50.0,R,17
178448,2011,R,857.0,R,1795.0,R,48.0,R,772.0,R,0.0,R,772.0,R,407.0,R,53.0,R,370.0,R,0.0,R,370.0,R,104.0,R,28.0,R,25
178466,2011,A,,A,,A,,R,20.0,R,0.0,R,20.0,R,19.0,R,95.0,R,1.0,R,0.0,R,1.0,R,1.0,R,100.0,R,5
178484,2011,A,,A,,A,,R,125.0,R,0.0,R,125.0,R,81.0,R,65.0,A,,A,,A,,A,,A,,R,22
178527,2011,A,,A,,A,,R,23.0,R,0.0,R,23.0,R,17.0,R,74.0,A,,A,,A,,A,,A,,R,17
178563,2011,A,,A,,A,,R,13.0,R,0.0,R,13.0,R,10.0,R,77.0,R,2.0,R,0.0,R,2.0,R,2.0,R,100.0,R,6
178606,2011,A,,A,,A,,R,4.0,R,0.0,R,4.0,R,3.0,R,75.0,R,19.0,R,3.0,R,16.0,R,1.0,R,6.0,R,4
178615,2011,R,1377.0,R,1800.0,R,77.0,R,1417.0,R,1.0,R,1416.0,R,1224.0,R,86.0,R,0.0,R,0.0,R,0.0,R,0.0,A,,R,17
178624,2011,R,1586.0,R,2265.0,R,70.0,R,1454.0,R,0.0,R,1454.0,R,1008.0,R,69.0,R,8.0,R,0.0,R,8.0,R,4.0,R,50.0,R,22
178679,2011,R,151.0,R,199.0,R,76.0,R,121.0,R,1.0,R,120.0,R,89.0,R,74.0,R,1.0,R,0.0,R,1.0,R,1.0,R,100.0,R,16
178697,2011,R,280.0,R,323.0,R,87.0,R,271.0,R,0.0,R,271.0,R,235.0,R,87.0,R,0.0,R,0.0,R,0.0,R,0.0,A,,R,14
178721,2011,R,173.0,R,1860.0,R,9.0,R,143.0,R,0.0,R,143.0,R,96.0,R,67.0,R,6.0,R,0.0,R,6.0,R,3.0,R,50.0,R,12
178767,2011,R,9.0,R,43.0,R,21.0,R,8.0,R,0.0,R,8.0,R,7.0,R,88.0,R,1.0,R,0.0,R,1.0,R,0.0,R,0.0,R,11
178785,2011,R,413.0,R,2017.0,R,20.0,R,371.0,R,0.0,R,371.0,R,169.0,R,46.0,R,515.0,Z,0.0,R,515.0,R,151.0,R,29.0,R,18
178828,2011,A,,A,,A,,R,69.0,R,0.0,R,69.0,R,58.0,R,84.0,R,0.0,R,0.0,R,0.0,R,0.0,A,,R,5
178891,2011,R,513.0,R,826.0,R,62.0,R,563.0,R,0.0,R,563.0,R,446.0,R,79.0,R,330.0,R,0.0,R,330.0,R,262.0,R,79.0,R,19
178989,2011,A,,A,,A,,A,,A,,A,,A,,A,,A,,A,,A,,A,,A,,R,10
179043,2011,R,326.0,R,443.0,R,74.0,R,370.0,R,0.0,R,370.0,R,302.0,R,82.0,A,,A,,A,,A,,A,,R,12
179052,2011,A,,A,,A,,R,128.0,Z,0.0,R,128.0,R,99.0,R,77.0,A,,A,,A,,A,,A,,R,4
179070,2011,A,,A,,A,,R,3.0,R,0.0,R,3.0,R,1.0,R,33.0,R,0.0,R,0.0,R,0.0,R,0.0,A,,R,25
179159,2011,R,1752.0,R,5593.0,R,31.0,R,1726.0,R,0.0,R,1726.0,R,1464.0,R,85.0,R,0.0,R,0.0,R,0.0,R,0.0,A,,R,12
179195,2011,A,,A,,A,,R,21.0,R,0.0,R,21.0,R,18.0,R,86.0,A,,A,,A,,A,,A,,R,18
179201,2011,R,92.0,R,179.0,R,51.0,R,7.0,R,0.0,R,7.0,R,4.0,R,57.0,R,11.0,R,0.0,R,11.0,R,7.0,R,64.0,R,25
179229,2011,A,,A,,A,,R,13.0,R,0.0,R,13.0,R,11.0,R,85.0,A,,A,,A,,A,,A,,R,21
179238,2011,A,,A,,A,,R,25.0,R,0.0,R,25.0,R,19.0,R,76.0,A,,A,,A,,A,,A,,R,12
179256,2011,R,25.0,R,97.0,R,26.0,R,16.0,R,0.0,R,16.0,R,10.0,R,63.0,R,0.0,R,0.0,R,0.0,R,0.0,A,,R,14
179265,2011,R,252.0,R,316.0,R,80.0,R,234.0,R,0.0,R,234.0,R,214.0,R,91.0,A,,A,,A,,A,,A,,R,17
179308,2011,R,3165.0,R,8663.0,R,37.0,R,3481.0,Z,0.0,R,3481.0,R,1956.0,R,56.0,R,1578.0,Z,0.0,R,1578.0,R,545.0,R,35.0,R,22
179326,2011,R,487.0,R,944.0,R,52.0,R,435.0,R,1.0,R,434.0,R,271.0,R,62.0,R,2.0,R,0.0,R,2.0,R,0.0,R,0.0,R,15
179344,2011,R,544.0,R,1007.0,R,54.0,R,546.0,R,0.0,R,546.0,R,240.0,R,44.0,R,50.0,Z,0.0,R,50.0,R,18.0,R,36.0,R,26
179399,2011,A,,A,,A,,A,,A,,A,,A,,A,,A,,A,,A,,A,,A,,R,10
179450,2011,A,,A,,A,,A,,A,,A,,A,,A,,A,,A,,A,,A,,A,,R,12
179511,2011,R,320.0,R,320.0,R,100.0,R,330.0,R,0.0,R,330.0,R,280.0,R,85.0,A,,A,,A,,A,,A,,R,12
179539,2011,R,947.0,R,1863.0,R,51.0,R,895.0,R,0.0,R,895.0,R,544.0,R,61.0,R,291.0,R,0.0,R,291.0,R,95.0,R,33.0,R,20
179548,2011,R,162.0,R,232.0,R,70.0,R,176.0,R,0.0,R,176.0,R,114.0,R,65.0,A,,A,,A,,A,,A,,R,10
179557,2011,R,1765.0,R,2618.0,R,67.0,R,1807.0,R,0.0,R,1807.0,R,1284.0,R,71.0,R,110.0,R,0.0,R,110.0,R,56.0,R,51.0,R,20
179566,2011,R,2568.0,R,4311.0,R,60.0,R,2647.0,R,0.0,R,2647.0,R,1995.0,R,75.0,R,30.0,R,0.0,R,30.0,R,8.0,R,27.0,R,21
179645,2011,R,836.0,R,1751.0,R,48.0,R,708.0,R,0.0,R,708.0,R,372.0,R,53.0,R,141.0,R,0.0,R,141.0,R,52.0,R,37.0,R,25
179715,2011,R,374.0,R,561.0,R,67.0,R,328.0,R,0.0,R,328.0,R,212.0,R,65.0,R,61.0,R,0.0,R,61.0,R,34.0,R,56.0,R,21
179724,2011,A,,A,,A,,R,2.0,R,0.0,R,2.0,R,2.0,R,100.0,R,6.0,R,0.0,R,6.0,R,5.0,R,83.0,R,9
179867,2011,R,1477.0,R,1872.0,R,79.0,R,1624.0,R,4.0,R,1620.0,R,1574.0,R,97.0,R,8.0,R,0.0,R,8.0,R,7.0,R,88.0,R,7
179894,2011,R,472.0,R,971.0,R,49.0,R,412.0,R,0.0,R,412.0,R,331.0,R,80.0,R,12.0,R,0.0,R,12.0,R,8.0,R,67.0,R,11
179919,2011,R,145.0,R,593.0,R,24.0,R,84.0,R,0.0,R,84.0,R,49.0,R,58.0,R,8.0,R,0.0,R,8.0,R,6.0,R,75.0,R,18
179946,2011,R,254.0,R,333.0,R,76.0,R,319.0,R,0.0,R,319.0,R,242.0,R,76.0,A,,A,,A,,A,,A,,R,15
179955,2011,R,270.0,R,299.0,R,90.0,R,268.0,Z,0.0,R,268.0,R,200.0,R,75.0,R,0.0,Z,0.0,R,0.0,R,0.0,A,,R,11
179964,2011,R,181.0,R,257.0,R,70.0,R,208.0,R,0.0,R,208.0,R,154.0,R,74.0,R,0.0,R,0.0,R,0.0,R,0.0,A,,R,13
179991,2011,A,,A,,A,,R,18.0,R,0.0,R,18.0,R,14.0,R,78.0,A,,A,,A,,A,,A,,R,13
180054,2011,R,77.0,R,111.0,R,69.0,R,116.0,R,0.0,R,116.0,R,33.0,R,28.0,R,9.0,R,0.0,R,9.0,R,2.0,R,22.0,R,12
180063,2011,A,,A,,A,,R,16.0,R,0.0,R,16.0,R,10.0,R,63.0,A,,A,,A,,A,,A,,R,8
180081,2011,R,155.0,R,374.0,R,41.0,R,100.0,R,0.0,R,100.0,R,49.0,R,49.0,R,12.0,R,0.0,R,12.0,R,8.0,R,67.0,R,14
180090,2011,A,,A,,A,,R,41.0,R,0.0,R,41.0,R,30.0,R,73.0,A,,A,,A,,A,,A,,R,13
180106,2011,R,344.0,R,460.0,R,75.0,R,338.0,R,0.0,R,338.0,R,265.0,R,78.0,R,1.0,R,0.0,R,1.0,R,0.0,R,0.0,R,13
180151,2011,R,98.0,R,148.0,R,66.0,R,145.0,R,5.0,R,140.0,R,88.0,R,63.0,R,5.0,R,0.0,R,5.0,R,1.0,R,20.0,R,13
180160,2011,R,48.0,R,93.0,R,52.0,R,36.0,R,2.0,R,34.0,R,18.0,R,53.0,R,11.0,R,1.0,R,10.0,R,5.0,R,50.0,R,14
180179,2011,R,774.0,R,1413.0,R,55.0,R,509.0,R,1.0,R,508.0,R,286.0,R,56.0,R,45.0,R,0.0,R,45.0,R,20.0,R,44.0,R,19
180197,2011,R,345.0,R,802.0,R,43.0,R,321.0,R,0.0,R,321.0,R,166.0,R,52.0,R,81.0,R,0.0,R,81.0,R,31.0,R,38.0,R,16
180203,2011,R,33.0,R,54.0,R,61.0,R,38.0,R,1.0,R,37.0,R,24.0,R,65.0,R,10.0,R,0.0,R,10.0,R,6.0,R,60.0,R,10
180212,2011,R,76.0,R,113.0,R,67.0,R,76.0,R,1.0,R,75.0,R,23.0,R,31.0,R,10.0,R,0.0,R,10.0,R,1.0,R,10.0,R,11
180249,2011,R,222.0,R,521.0,R,43.0,R,213.0,R,0.0,R,213.0,R,109.0,R,51.0,R,98.0,R,0.0,R,98.0,R,42.0,R,43.0,R,16
180258,2011,R,163.0,R,310.0,R,53.0,R,138.0,R,0.0,R,138.0,R,76.0,R,55.0,R,8.0,R,0.0,R,8.0,R,1.0,R,13.0,R,12
180276,2011,R,217.0,R,535.0,R,41.0,R,245.0,Z,0.0,R,245.0,R,150.0,R,61.0,R,79.0,Z,0.0,R,79.0,R,38.0,R,48.0,R,16
180328,2011,R,44.0,R,133.0,R,33.0,R,70.0,R,0.0,R,70.0,R,25.0,R,36.0,R,41.0,R,0.0,R,41.0,R,6.0,R,15.0,R,14
180373,2011,R,115.0,R,199.0,R,58.0,R,137.0,R,0.0,R,137.0,R,80.0,R,58.0,R,11.0,R,0.0,R,11.0,R,3.0,R,27.0,R,12
180391,2011,A,,A,,A,,R,10.0,R,0.0,R,10.0,R,9.0,R,90.0,A,,A,,A,,A,,A,,R,11
180416,2011,R,311.0,R,493.0,R,63.0,R,308.0,R,0.0,R,308.0,R,209.0,R,68.0,R,6.0,R,0.0,R,6.0,R,4.0,R,67.0,R,12
180461,2011,R,2141.0,R,3803.0,R,56.0,R,2097.0,R,0.0,R,2097.0,R,1553.0,R,74.0,R,483.0,R,0.0,R,483.0,R,263.0,R,54.0,R,17
180489,2011,R,2011.0,R,3460.0,R,58.0,R,1626.0,R,1.0,R,1625.0,R,1172.0,R,72.0,R,67.0,R,0.0,R,67.0,R,33.0,R,49.0,R,20
180522,2011,R,199.0,R,413.0,R,48.0,R,227.0,R,0.0,R,227.0,R,131.0,R,58.0,R,28.0,R,0.0,R,28.0,R,14.0,R,50.0,R,15
180595,2011,R,227.0,R,333.0,R,68.0,R,286.0,R,0.0,R,286.0,R,199.0,R,70.0,R,0.0,Z,0.0,R,0.0,Z,0.0,A,,R,12
180647,2011,R,111.0,R,268.0,R,41.0,R,22.0,R,0.0,R,22.0,R,7.0,R,32.0,R,4.0,R,0.0,R,4.0,R,1.0,R,25.0,R,9
180692,2011,R,248.0,R,406.0,R,61.0,R,148.0,R,0.0,R,148.0,R,104.0,R,70.0,R,6.0,R,0.0,R,6.0,R,2.0,R,33.0,R,16
180771,2011,A,,A,,A,,R,19.0,R,0.0,R,19.0,R,15.0,R,79.0,A,,A,,A,,A,,A,,R,13
180814,2011,R,6.0,R,3168.0,R,0.0,R,8.0,R,0.0,R,8.0,R,4.0,R,50.0,R,117.0,R,0.0,R,117.0,R,42.0,R,36.0,R,28
180832,2011,R,27.0,R,233.0,R,12.0,R,14.0,R,0.0,R,14.0,R,11.0,R,79.0,R,0.0,R,0.0,R,0.0,R,0.0,A,,R,13
180878,2011,R,30.0,R,194.0,R,15.0,R,30.0,R,0.0,R,30.0,R,25.0,R,83.0,R,3.0,R,0.0,R,3.0,R,3.0,R,100.0,R,10
180902,2011,R,811.0,R,2756.0,R,29.0,R,853.0,Z,0.0,R,853.0,R,506.0,R,59.0,R,206.0,Z,0.0,R,206.0,R,80.0,R,39.0,R,19
180948,2011,R,392.0,R,658.0,R,60.0,R,384.0,R,0.0,R,384.0,R,254.0,R,66.0,R,14.0,R,0.0,R,14.0,R,3.0,R,21.0,R,19
180957,2011,A,,A,,A,,R,17.0,R,0.0,R,17.0,R,11.0,R,65.0,A,,A,,A,,A,,A,,R,11
180984,2011,R,315.0,R,657.0,R,48.0,R,276.0,Z,0.0,R,276.0,R,224.0,R,81.0,A,,A,,A,,A,,A,,R,14
181002,2011,R,975.0,R,1230.0,R,79.0,R,1012.0,R,1.0,R,1011.0,R,891.0,R,88.0,R,0.0,R,0.0,R,0.0,R,0.0,A,,R,12
181020,2011,R,291.0,R,330.0,R,88.0,R,327.0,R,0.0,R,327.0,R,244.0,R,75.0,A,,A,,A,,A,,A,,R,11
181093,2011,R,70.0,R,93.0,R,75.0,R,62.0,R,0.0,R,62.0,R,51.0,R,82.0,R,5.0,R,0.0,R,5.0,R,3.0,R,60.0,R,11
181127,2011,R,322.0,R,379.0,R,85.0,R,312.0,R,1.0,R,311.0,R,229.0,R,74.0,R,0.0,R,0.0,R,0.0,R,0.0,A,,R,13
181136,2011,A,,A,,A,,R,16.0,R,0.0,R,16.0,R,12.0,R,75.0,A,,A,,A,,A,,A,,R,14
181145,2011,A,,A,,A,,A,,A,,A,,A,,A,,A,,A,,A,,A,,A,,R,6
181190,2011,A,,A,,A,,R,102.0,R,0.0,R,102.0,R,70.0,R,69.0,A,,A,,A,,A,,A,,R,13
181215,2011,R,1058.0,R,1615.0,R,66.0,R,1124.0,Z,0.0,R,1124.0,R,869.0,R,77.0,R,8.0,R,0.0,R,8.0,R,2.0,R,25.0,R,16
181242,2011,A,,A,,A,,R,0.0,R,0.0,R,0.0,R,0.0,A,,R,0.0,R,0.0,R,0.0,R,0.0,A,,R,18
181297,2011,R,31.0,R,203.0,R,15.0,R,39.0,R,0.0,R,39.0,R,36.0,R,92.0,A,,A,,A,,A,,A,,R,11
181303,2011,R,961.0,R,4728.0,R,20.0,R,1148.0,R,0.0,R,1148.0,R,491.0,R,43.0,R,799.0,R,0.0,R,799.0,R,314.0,R,39.0,R,21
181312,2011,R,442.0,R,1123.0,R,39.0,R,401.0,R,0.0,R,401.0,R,200.0,R,50.0,R,56.0,R,0.0,R,56.0,R,19.0,R,34.0,R,11
181330,2011,R,265.0,R,393.0,R,67.0,R,131.0,R,0.0,R,131.0,R,87.0,R,66.0,A,,A,,A,,A,,A,,R,10
181376,2011,R,41.0,R,46.0,R,89.0,R,38.0,R,0.0,R,38.0,R,26.0,R,68.0,R,0.0,R,0.0,R,0.0,R,0.0,A,,R,9
181394,2011,R,1710.0,R,2869.0,R,60.0,R,1720.0,R,0.0,R,1720.0,R,1254.0,R,73.0,R,68.0,R,0.0,R,68.0,R,36.0,R,53.0,R,19
181400,2011,A,,A,,A,,R,0.0,R,0.0,R,0.0,R,0.0,A,,R,0.0,R,0.0,R,0.0,R,0.0,A,,R,30
181419,2011,R,23.0,R,51.0,R,45.0,R,23.0,R,0.0,R,23.0,R,9.0,R,39.0,R,13.0,R,0.0,R,13.0,R,2.0,R,15.0,R,9
181428,2011,A,,A,,A,,A,,A,,A,,A,,A,,A,,A,,A,,A,,A,,R,3
181446,2011,R,360.0,R,448.0,R,80.0,R,429.0,R,0.0,R,429.0,R,363.0,R,85.0,R,0.0,R,0.0,R,0.0,R,0.0,A,,R,13
181464,2011,R,4056.0,R,5126.0,R,79.0,R,4039.0,R,0.0,R,4039.0,R,3378.0,R,84.0,R,36.0,R,0.0,R,36.0,R,17.0,R,47.0,R,21
181491,2011,R,790.0,R,1460.0,R,54.0,R,865.0,R,0.0,R,865.0,R,547.0,R,63.0,R,120.0,R,0.0,R,120.0,R,37.0,R,31.0,R,18
181534,2011,R,172.0,R,402.0,R,43.0,R,243.0,R,0.0,R,243.0,R,129.0,R,53.0,R,5.0,R,0.0,R,5.0,R,1.0,R,20.0,R,23
181543,2011,R,5.0,R,10.0,R,50.0,R,4.0,R,0.0,R,4.0,R,3.0,R,75.0,R,0.0,R,0.0,R,0.0,R,0.0,A,,R,11
181604,2011,R,88.0,R,300.0,R,29.0,R,90.0,R,0.0,R,90.0,R,54.0,R,60.0,R,5.0,R,0.0,R,5.0,R,5.0,R,100.0,R,14
181640,2011,R,1368.0,R,2940.0,R,47.0,R,1168.0,Z,0.0,R,1168.0,R,732.0,R,63.0,R,696.0,Z,0.0,R,696.0,R,289.0,R,42.0,R,24
181738,2011,R,159.0,R,294.0,R,54.0,R,145.0,R,1.0,R,144.0,R,104.0,R,72.0,R,1.0,R,0.0,R,1.0,R,0.0,R,0.0,R,10
181756,2011,A,,A,,A,,R,107.0,R,0.0,R,107.0,R,63.0,R,59.0,R,2.0,R,0.0,R,2.0,R,0.0,R,0.0,R,20
181765,2011,R,85.0,R,187.0,R,45.0,R,128.0,Z,0.0,R,128.0,R,81.0,R,63.0,R,0.0,R,0.0,R,0.0,R,0.0,A,,R,16
181783,2011,R,676.0,R,904.0,R,75.0,R,677.0,R,0.0,R,677.0,R,460.0,R,68.0,R,4.0,R,0.0,R,4.0,R,1.0,R,25.0,R,20
181792,2011,A,,A,,A,,A,,A,,A,,A,,A,,A,,A,,A,,A,,A,,R,4
181817,2011,R,380.0,R,1020.0,R,37.0,R,402.0,R,0.0,R,402.0,R,204.0,R,51.0,R,85.0,R,0.0,R,85.0,R,21.0,R,25.0,R,13
181853,2011,R,118.0,R,171.0,R,69.0,R,129.0,R,0.0,R,129.0,R,86.0,R,67.0,R,0.0,R,0.0,R,0.0,R,0.0,A,,R,17
181880,2011,A,,A,,A,,R,46.0,R,0.0,R,46.0,R,36.0,R,78.0,A,,A,,A,,A,,A,,R,15
181941,2011,A,,A,,A,,R,151.0,R,1.0,R,150.0,R,93.0,R,62.0,A,,A,,A,,A,,A,,R,21
182005,2011,R,1915.0,R,9945.0,R,19.0,R,0.0,R,0.0,R,0.0,R,0.0,A,,R,0.0,R,0.0,R,0.0,R,0.0,A,,R,24
182111,2011,R,233.0,R,460.0,R,51.0,R,258.0,R,0.0,R,258.0,R,122.0,R,47.0,R,40.0,R,0.0,R,40.0,R,14.0,R,35.0,R,19
182148,2011,A,,A,,A,,R,243.0,R,2.0,R,241.0,R,141.0,R,59.0,R,14.0,R,0.0,R,14.0,R,5.0,R,36.0,R,20
182209,2011,A,,A,,A,,R,47.0,R,0.0,R,47.0,R,26.0,R,55.0,R,30.0,R,0.0,R,30.0,R,13.0,R,43.0,R,23
182281,2011,R,2713.0,R,5281.0,R,51.0,R,2920.0,R,0.0,R,2920.0,R,2230.0,R,76.0,R,188.0,R,0.0,R,188.0,R,88.0,R,47.0,R,22
182290,2011,R,2839.0,R,4456.0,R,64.0,R,2684.0,R,0.0,R,2684.0,R,2114.0,R,79.0,R,57.0,R,0.0,R,57.0,R,30.0,R,53.0,R,26
182306,2011,R,202.0,R,638.0,R,32.0,R,52.0,R,0.0,R,52.0,R,30.0,R,58.0,R,72.0,R,0.0,R,72.0,R,27.0,R,38.0,R,16
182397,2011,A,,A,,A,,R,55.0,Z,0.0,R,55.0,R,32.0,R,58.0,R,13.0,Z,0.0,R,13.0,R,6.0,R,46.0,R,10
182430,2011,A,,A,,A,,R,3.0,R,0.0,R,3.0,R,2.0,R,67.0,R,3.0,R,0.0,R,3.0,R,2.0,R,67.0,R,19
182458,2011,R,102.0,R,205.0,R,50.0,R,83.0,R,0.0,R,83.0,R,50.0,R,60.0,R,0.0,R,0.0,R,0.0,R,0.0,A,,R,14
182500,2011,R,495.0,R,2580.0,R,19.0,R,715.0,R,0.0,R,715.0,R,448.0,R,63.0,R,1328.0,R,0.0,R,1328.0,R,577.0,R,43.0,R,19
182564,2011,R,300.0,R,1027.0,R,29.0,R,0.0,R,0.0,R,0.0,R,0.0,A,,R,0.0,R,0.0,R,0.0,R,0.0,A,,R,19
182634,2011,R,448.0,R,478.0,R,94.0,R,395.0,R,0.0,R,395.0,R,284.0,R,72.0,R,2.0,R,0.0,R,2.0,R,1.0,R,50.0,R,13
182652,2011,A,,A,,A,,R,70.0,R,0.0,R,70.0,R,62.0,R,89.0,A,,A,,A,,A,,A,,R,11
182661,2011,R,114.0,R,191.0,R,60.0,R,107.0,R,0.0,R,107.0,R,67.0,R,63.0,R,0.0,Z,0.0,R,0.0,Z,0.0,A,,R,13
182670,2011,R,1112.0,R,1167.0,R,95.0,R,1136.0,R,0.0,R,1136.0,R,1109.0,R,98.0,A,,A,,A,,A,,A,,R,8
182704,2011,A,,A,,A,,R,33.0,Z,0.0,R,33.0,R,26.0,R,79.0,R,19.0,Z,0.0,R,19.0,R,13.0,R,68.0,R,12
182722,2011,A,,A,,A,,R,53.0,Z,0.0,R,53.0,R,47.0,R,89.0,R,7.0,Z,0.0,R,7.0,R,5.0,R,71.0,R,18
182795,2011,R,395.0,R,553.0,R,71.0,R,399.0,R,0.0,R,399.0,R,249.0,R,62.0,R,0.0,R,0.0,R,0.0,R,0.0,A,,R,14
182865,2011,A,,A,,A,,R,9.0,R,0.0,R,9.0,R,8.0,R,89.0,R,3.0,R,0.0,R,3.0,R,1.0,R,33.0,R,18
182883,2011,A,,A,,A,,A,,A,,A,,A,,A,,A,,A,,A,,A,,A,,N,13
182892,2011,A,,A,,A,,R,34.0,R,0.0,R,34.0,R,28.0,R,82.0,R,0.0,R,0.0,R,0.0,R,0.0,A,,R,14
182908,2011,R,33.0,R,140.0,R,24.0,R,38.0,R,0.0,R,38.0,R,23.0,R,61.0,R,19.0,R,0.0,R,19.0,R,10.0,R,53.0,R,7
182917,2011,R,14.0,R,24.0,R,58.0,R,12.0,R,0.0,R,12.0,R,11.0,R,92.0,A,,A,,A,,A,,A,,R,4
182953,2011,A,,A,,A,,R,45.0,R,0.0,R,45.0,R,39.0,R,87.0,R,13.0,R,0.0,R,13.0,R,10.0,R,77.0,R,10
182980,2011,R,269.0,R,366.0,R,73.0,R,262.0,R,0.0,R,262.0,R,156.0,R,60.0,R,1.0,R,0.0,R,1.0,R,0.0,R,0.0,R,7
182999,2011,A,,A,,A,,R,25.0,R,0.0,R,25.0,R,21.0,R,84.0,R,11.0,R,0.0,R,11.0,R,5.0,R,45.0,R,8
183026,2011,R,924.0,R,1893.0,R,49.0,R,757.0,R,0.0,R,757.0,R,543.0,R,72.0,R,88.0,R,0.0,R,88.0,R,56.0,R,64.0,R,21
183035,2011,A,,A,,A,,A,,A,,A,,A,,A,,A,,A,,A,,A,,A,,R,18
183044,2011,R,2949.0,R,3570.0,R,83.0,R,2706.0,R,6.0,R,2700.0,R,2345.0,R,87.0,A,,A,,A,,A,,A,,R,18
183062,2011,R,1260.0,R,1497.0,R,84.0,R,1205.0,R,2.0,R,1203.0,R,954.0,R,79.0,R,0.0,R,0.0,R,0.0,R,0.0,A,,R,17
183071,2011,R,97.0,R,299.0,R,32.0,R,40.0,R,0.0,R,40.0,R,30.0,R,75.0,R,3.0,R,0.0,R,3.0,R,1.0,R,33.0,R,15
183080,2011,R,1017.0,R,1415.0,R,72.0,R,1056.0,R,0.0,R,1056.0,R,784.0,R,74.0,R,6.0,R,0.0,R,6.0,R,0.0,R,0.0,R,16
183099,2011,R,855.0,R,2683.0,R,32.0,R,987.0,Z,0.0,R,987.0,R,538.0,R,55.0,R,201.0,Z,0.0,R,201.0,R,86.0,R,43.0,R,13
183105,2011,R,118.0,R,567.0,R,21.0,R,126.0,R,0.0,R,126.0,R,80.0,R,63.0,R,81.0,R,0.0,R,81.0,R,41.0,R,51.0,R,7
183114,2011,R,74.0,R,403.0,R,18.0,R,88.0,R,0.0,R,88.0,R,53.0,R,60.0,R,99.0,R,0.0,R,99.0,R,59.0,R,60.0,R,7
183123,2011,R,203.0,R,746.0,R,27.0,R,263.0,R,0.0,R,263.0,R,160.0,R,61.0,R,92.0,R,0.0,R,92.0,R,37.0,R,40.0,R,10
183132,2011,R,271.0,R,1696.0,R,16.0,R,325.0,R,0.0,R,325.0,R,173.0,R,53.0,R,225.0,R,0.0,R,225.0,R,124.0,R,55.0,R,12
183141,2011,R,283.0,R,917.0,R,31.0,R,367.0,R,0.0,R,367.0,R,203.0,R,55.0,R,230.0,R,0.0,R,230.0,R,118.0,R,51.0,R,11
183150,2011,R,183.0,R,1293.0,R,14.0,R,200.0,R,0.0,R,200.0,R,90.0,R,45.0,R,224.0,R,0.0,R,224.0,R,109.0,R,49.0,R,11
183202,2011,A,,A,,A,,R,6.0,R,0.0,R,6.0,R,6.0,R,100.0,A,,A,,A,,A,,A,,R,14
183211,2011,R,196.0,R,353.0,R,56.0,R,257.0,R,0.0,R,257.0,R,200.0,R,78.0,R,6.0,R,0.0,R,6.0,R,4.0,R,67.0,R,17
183239,2011,R,549.0,R,591.0,R,93.0,R,535.0,R,0.0,R,535.0,R,454.0,R,85.0,R,1.0,R,0.0,R,1.0,R,1.0,R,100.0,R,11
183248,2011,R,3.0,R,46.0,R,7.0,R,13.0,R,0.0,R,13.0,R,7.0,R,54.0,A,,A,,A,,A,,A,,R,8
183257,2011,R,59.0,R,419.0,R,14.0,R,15.0,R,0.0,R,15.0,R,9.0,R,60.0,R,6.0,R,0.0,R,6.0,R,3.0,R,50.0,R,10
183275,2011,R,23.0,R,31.0,R,74.0,R,16.0,R,0.0,R,16.0,R,13.0,R,81.0,A,,A,,A,,A,,A,,R,10
183345,2011,R,35.0,R,44.0,R,80.0,R,36.0,R,0.0,R,36.0,R,25.0,R,69.0,R,1.0,R,0.0,R,1.0,R,1.0,R,100.0,R,8
183488,2011,A,,A,,A,,R,247.0,R,0.0,R,247.0,R,180.0,R,73.0,R,84.0,R,0.0,R,84.0,R,52.0,R,62.0,R,13
183600,2011,R,9.0,R,12.0,R,75.0,R,14.0,R,3.0,R,11.0,R,10.0,R,91.0,R,5.0,R,0.0,R,5.0,R,5.0,R,100.0,R,10
183655,2011,R,1107.0,R,2048.0,R,54.0,R,1395.0,R,0.0,R,1395.0,R,866.0,R,62.0,R,532.0,R,0.0,R,532.0,R,206.0,R,39.0,R,24
183725,2011,A,,A,,A,,R,369.0,R,0.0,R,369.0,R,269.0,R,73.0,A,,A,,A,,A,,A,,R,19
183743,2011,R,2857.0,R,5301.0,R,54.0,R,2786.0,R,0.0,R,2786.0,R,1868.0,R,67.0,R,751.0,R,0.0,R,751.0,R,351.0,R,47.0,R,21
183789,2011,R,301.0,R,504.0,R,60.0,R,500.0,R,0.0,R,500.0,R,249.0,R,50.0,R,9.0,R,0.0,R,9.0,R,5.0,R,56.0,R,24
183804,2011,A,,A,,A,,A,,A,,A,,A,,A,,A,,A,,A,,A,,A,,R,24
183822,2011,R,383.0,R,640.0,R,60.0,R,403.0,R,0.0,R,403.0,R,268.0,R,67.0,R,20.0,R,0.0,R,20.0,R,3.0,R,15.0,R,16
183859,2011,R,2633.0,R,4248.0,R,62.0,R,3056.0,R,0.0,R,3056.0,R,2025.0,R,66.0,R,517.0,R,0.0,R,517.0,R,216.0,R,42.0,R,23
183877,2011,R,1862.0,R,3559.0,R,52.0,R,1898.0,R,0.0,R,1898.0,R,1193.0,R,63.0,R,407.0,R,0.0,R,407.0,R,180.0,R,44.0,R,26
183910,2011,R,306.0,R,453.0,R,68.0,R,284.0,Z,0.0,R,284.0,R,216.0,R,76.0,A,,A,,A,,A,,A,,R,14
183938,2011,R,2028.0,R,4485.0,R,45.0,R,2014.0,R,0.0,R,2014.0,R,1227.0,R,61.0,R,595.0,R,0.0,R,595.0,R,256.0,R,43.0,R,28
183974,2011,R,291.0,R,451.0,R,65.0,R,267.0,R,0.0,R,267.0,R,203.0,R,76.0,R,14.0,R,0.0,R,14.0,R,9.0,R,64.0,R,16
183983,2011,A,,A,,A,,R,53.0,R,0.0,R,53.0,R,46.0,R,87.0,A,,A,,A,,A,,A,,R,20
184047,2011,A,,A,,A,,R,55.0,R,0.0,R,55.0,R,36.0,R,65.0,A,,A,,A,,A,,A,,R,26
184056,2011,A,,A,,A,,R,349.0,R,0.0,R,349.0,R,240.0,R,69.0,R,0.0,R,0.0,R,0.0,R,0.0,A,,R,19
184092,2011,A,,A,,A,,R,156.0,R,0.0,R,156.0,R,97.0,R,62.0,A,,A,,A,,A,,A,,R,39
184135,2011,A,,A,,A,,R,450.0,R,0.0,R,450.0,R,312.0,R,69.0,R,0.0,R,0.0,R,0.0,R,0.0,A,,R,9
184144,2011,A,,A,,A,,R,42.0,Z,0.0,R,42.0,R,34.0,R,81.0,R,6.0,Z,0.0,R,6.0,R,6.0,R,100.0,R,17
184153,2011,A,,A,,A,,A,,A,,A,,A,,A,,A,,A,,A,,A,,A,,R,4
184180,2011,R,1511.0,R,2687.0,R,56.0,R,1639.0,R,0.0,R,1639.0,R,1123.0,R,69.0,R,275.0,R,0.0,R,275.0,R,158.0,R,57.0,R,20
184205,2011,R,631.0,R,1554.0,R,41.0,R,823.0,R,0.0,R,823.0,R,542.0,R,66.0,R,215.0,R,0.0,R,215.0,R,91.0,R,42.0,R,23
184269,2011,R,176.0,R,737.0,R,24.0,R,202.0,R,0.0,R,202.0,R,114.0,R,56.0,R,179.0,R,0.0,R,179.0,R,63.0,R,35.0,R,16
184278,2011,A,,A,,A,,A,,A,,A,,A,,A,,A,,A,,A,,A,,A,,R,16
184320,2011,A,,A,,A,,R,1080.0,R,0.0,R,1080.0,R,565.0,R,52.0,A,,A,,A,,A,,A,,R,20
184348,2011,R,454.0,R,526.0,R,86.0,R,495.0,R,1.0,R,494.0,R,389.0,R,79.0,A,,A,,A,,A,,A,,R,10
184357,2011,A,,A,,A,,R,8.0,R,4.0,R,4.0,R,3.0,R,75.0,R,3.0,R,2.0,R,1.0,R,1.0,R,100.0,R,5
184427,2011,A,,A,,A,,R,69.0,R,0.0,R,69.0,R,57.0,R,83.0,A,,A,,A,,A,,A,,R,23
184481,2011,R,2276.0,R,3256.0,R,70.0,R,2646.0,R,0.0,R,2646.0,R,1311.0,R,50.0,R,363.0,R,0.0,R,363.0,R,121.0,R,33.0,R,30
184506,2011,A,,A,,A,,R,32.0,R,2.0,R,30.0,R,23.0,R,77.0,R,11.0,Z,0.0,R,11.0,R,7.0,R,64.0,R,15
184603,2011,R,646.0,R,3414.0,R,19.0,R,694.0,R,0.0,R,694.0,R,481.0,R,69.0,R,87.0,R,0.0,R,87.0,R,37.0,R,43.0,R,14
184612,2011,R,341.0,R,472.0,R,72.0,R,324.0,R,0.0,R,324.0,R,228.0,R,70.0,R,2.0,Z,0.0,R,2.0,R,0.0,R,0.0,R,12
184694,2011,R,584.0,R,735.0,R,79.0,R,646.0,R,0.0,R,646.0,R,466.0,R,72.0,R,4.0,R,0.0,R,4.0,R,2.0,R,50.0,R,12
184746,2011,A,,A,,A,,R,47.0,Z,0.0,R,47.0,R,37.0,R,79.0,R,0.0,Z,0.0,R,0.0,R,0.0,A,,R,6
184773,2011,R,243.0,R,624.0,R,39.0,R,223.0,R,0.0,R,223.0,R,145.0,R,65.0,R,1.0,R,0.0,R,1.0,R,0.0,R,0.0,R,12
184782,2011,R,1565.0,R,2983.0,R,52.0,R,1467.0,R,0.0,R,1467.0,R,1269.0,R,87.0,R,7.0,R,0.0,R,7.0,R,6.0,R,86.0,R,16
184791,2011,R,1654.0,R,3075.0,R,54.0,R,1557.0,R,0.0,R,1557.0,R,962.0,R,62.0,R,335.0,R,0.0,R,335.0,R,133.0,R,40.0,R,32
184816,2011,A,,A,,A,,R,42.0,Z,0.0,R,42.0,R,22.0,R,52.0,R,10.0,Z,0.0,R,10.0,R,2.0,R,20.0,R,23
184870,2011,A,,A,,A,,R,36.0,R,0.0,R,36.0,R,25.0,R,69.0,R,5.0,R,0.0,R,5.0,R,3.0,R,60.0,R,31
184959,2011,R,75.0,R,236.0,R,32.0,R,296.0,R,0.0,R,296.0,R,222.0,R,75.0,R,156.0,R,0.0,R,156.0,R,121.0,R,78.0,R,13
184968,2011,A,,A,,A,,R,7.0,R,0.0,R,7.0,R,2.0,R,29.0,R,2.0,R,0.0,R,2.0,R,1.0,R,50.0,R,9
184995,2011,R,2130.0,R,2875.0,R,74.0,R,2636.0,R,0.0,R,2636.0,R,1401.0,R,53.0,R,662.0,R,0.0,R,662.0,R,226.0,R,34.0,R,30
185129,2011,R,672.0,R,1773.0,R,38.0,R,681.0,R,0.0,R,681.0,R,474.0,R,70.0,R,109.0,R,0.0,R,109.0,R,58.0,R,53.0,R,14
185174,2011,A,,A,,A,,R,34.0,R,0.0,R,34.0,R,24.0,R,71.0,A,,A,,A,,A,,A,,R,5
185262,2011,R,1794.0,R,3615.0,R,50.0,R,1731.0,R,0.0,R,1731.0,R,1386.0,R,80.0,R,34.0,R,0.0,R,34.0,R,19.0,R,56.0,R,18
185332,2011,A,,A,,A,,R,68.0,R,0.0,R,68.0,R,48.0,R,71.0,R,32.0,R,0.0,R,32.0,R,23.0,R,72.0,R,28
185396,2011,A,,A,,A,,R,457.0,R,0.0,R,457.0,R,323.0,R,71.0,R,0.0,R,0.0,R,0.0,R,0.0,A,,R,24
185466,2011,A,,A,,A,,R,184.0,R,0.0,R,184.0,R,108.0,R,59.0,R,94.0,R,0.0,R,94.0,R,62.0,R,66.0,R,25
185509,2011,R,1367.0,R,2897.0,R,47.0,R,1423.0,R,0.0,R,1423.0,R,869.0,R,61.0,R,766.0,R,0.0,R,766.0,R,286.0,R,37.0,R,19
185536,2011,R,2076.0,R,3602.0,R,58.0,R,2121.0,R,0.0,R,2121.0,R,1420.0,R,67.0,R,480.0,R,0.0,R,480.0,R,231.0,R,48.0,R,27
185572,2011,R,944.0,R,1317.0,R,72.0,R,964.0,R,2.0,R,962.0,R,767.0,R,80.0,R,0.0,R,0.0,R,0.0,R,0.0,A,,R,15
185590,2011,R,2338.0,R,4051.0,R,58.0,R,2171.0,R,0.0,R,2171.0,R,1775.0,R,82.0,R,19.0,R,0.0,R,19.0,R,7.0,R,37.0,R,17
185624,2011,A,,A,,A,,A,,A,,A,,A,,A,,A,,A,,A,,A,,A,,R,4
185651,2011,A,,A,,A,,R,3.0,Z,0.0,R,3.0,R,3.0,R,100.0,R,1.0,Z,0.0,R,1.0,R,1.0,R,100.0,R,10
185679,2011,A,,A,,A,,R,4.0,Z,0.0,R,4.0,R,4.0,R,100.0,R,3.0,Z,0.0,R,3.0,R,3.0,R,100.0,R,10
185721,2011,A,,A,,A,,R,319.0,R,0.0,R,319.0,R,281.0,R,88.0,A,,A,,A,,A,,A,,R,25
185730,2011,A,,A,,A,,R,24.0,R,1.0,R,23.0,R,9.0,R,39.0,A,,A,,A,,A,,A,,R,20
185767,2011,A,,A,,A,,R,23.0,R,0.0,R,23.0,R,19.0,R,83.0,R,23.0,R,0.0,R,23.0,R,21.0,R,91.0,R,25
185828,2011,R,903.0,R,2221.0,R,41.0,R,875.0,R,0.0,R,875.0,R,714.0,R,82.0,R,76.0,R,0.0,R,76.0,R,53.0,R,70.0,R,16
185873,2011,R,2008.0,R,3632.0,R,55.0,R,1931.0,R,0.0,R,1931.0,R,1287.0,R,67.0,R,454.0,R,0.0,R,454.0,R,210.0,R,46.0,R,30
185916,2011,A,,A,,A,,R,23.0,R,0.0,R,23.0,R,21.0,R,91.0,R,18.0,R,0.0,R,18.0,R,15.0,R,83.0,R,16
185970,2011,A,,A,,A,,R,123.0,R,0.0,R,123.0,R,110.0,R,89.0,R,15.0,R,0.0,R,15.0,R,11.0,R,73.0,R,19
186016,2011,A,,A,,A,,R,153.0,R,0.0,R,153.0,R,134.0,R,88.0,R,71.0,R,0.0,R,71.0,R,67.0,R,94.0,R,15
186034,2011,R,757.0,R,2277.0,R,33.0,R,782.0,R,0.0,R,782.0,R,515.0,R,66.0,R,815.0,R,0.0,R,815.0,R,368.0,R,45.0,R,23
186052,2011,A,,A,,A,,R,230.0,R,0.0,R,230.0,R,169.0,R,73.0,R,66.0,R,0.0,R,66.0,R,37.0,R,56.0,R,14
186131,2011,R,1298.0,R,1311.0,R,99.0,R,1312.0,R,0.0,R,1312.0,R,1280.0,R,98.0,A,,A,,A,,A,,A,,R,6
186186,2011,R,29.0,R,144.0,R,20.0,R,42.0,R,0.0,R,42.0,R,24.0,R,57.0,A,,A,,A,,A,,A,,R,13
186201,2011,R,893.0,R,1625.0,R,55.0,R,895.0,R,0.0,R,895.0,R,764.0,R,85.0,R,2.0,R,0.0,R,2.0,R,0.0,R,0.0,R,17
186274,2011,A,,A,,A,,R,44.0,R,0.0,R,44.0,R,29.0,R,66.0,R,20.0,R,0.0,R,20.0,R,15.0,R,75.0,R,25
186283,2011,R,939.0,R,1333.0,R,70.0,R,1007.0,R,0.0,R,1007.0,R,828.0,R,82.0,R,7.0,R,0.0,R,7.0,R,3.0,R,43.0,R,12
186335,2011,A,,A,,A,,R,45.0,R,0.0,R,45.0,R,39.0,R,87.0,R,11.0,R,0.0,R,11.0,R,7.0,R,64.0,R,13
186371,2011,R,532.0,R,1366.0,R,39.0,R,493.0,R,0.0,R,493.0,R,375.0,R,76.0,R,7.0,R,0.0,R,7.0,R,5.0,R,71.0,R,13
186380,2011,R,6067.0,R,8397.0,R,72.0,R,6031.0,R,0.0,R,6031.0,R,5437.0,R,90.0,R,2.0,R,0.0,R,2.0,R,1.0,R,50.0,R,17
186399,2011,R,981.0,R,2143.0,R,46.0,R,939.0,R,0.0,R,939.0,R,736.0,R,78.0,R,4.0,R,0.0,R,4.0,R,0.0,R,0.0,R,14
186405,2011,A,,A,,A,,A,,A,,A,,A,,A,,A,,A,,A,,A,,A,,R,4
186423,2011,A,,A,,A,,R,1.0,R,0.0,R,1.0,R,1.0,R,100.0,A,,A,,A,,A,,A,,R,35
186432,2011,R,417.0,R,608.0,R,69.0,R,507.0,R,0.0,R,507.0,R,372.0,R,73.0,R,2.0,R,0.0,R,2.0,R,0.0,R,0.0,R,12
186469,2011,R,242.0,R,437.0,R,55.0,R,234.0,R,1.0,R,233.0,R,134.0,R,58.0,R,95.0,R,0.0,R,95.0,R,31.0,R,33.0,R,20
186584,2011,R,986.0,R,1460.0,R,68.0,R,1300.0,R,1.0,R,1299.0,R,1057.0,R,81.0,R,11.0,R,0.0,R,11.0,R,9.0,R,82.0,R,13
186593,2011,A,,A,,A,,R,78.0,R,0.0,R,78.0,R,62.0,R,79.0,R,11.0,R,0.0,R,11.0,R,9.0,R,82.0,R,17
186618,2011,R,179.0,R,253.0,R,71.0,R,117.0,R,0.0,R,117.0,R,75.0,R,64.0,R,0.0,R,0.0,R,0.0,R,0.0,A,,R,9
186645,2011,R,1228.0,R,2836.0,R,43.0,R,1300.0,R,0.0,R,1300.0,R,845.0,R,65.0,R,334.0,R,0.0,R,334.0,R,144.0,R,43.0,R,19
186867,2011,R,559.0,R,625.0,R,89.0,R,550.0,R,0.0,R,550.0,R,510.0,R,93.0,R,0.0,R,0.0,R,0.0,R,0.0,A,,R,9
186876,2011,R,973.0,R,2106.0,R,46.0,R,860.0,R,0.0,R,860.0,R,718.0,R,83.0,R,1.0,R,0.0,R,1.0,R,0.0,R,0.0,R,18
186900,2011,R,8.0,R,40.0,R,20.0,R,22.0,R,0.0,R,22.0,R,5.0,R,23.0,A,,A,,A,,A,,A,,R,13
187000,2011,A,,A,,A,,R,80.0,R,0.0,R,80.0,R,52.0,R,65.0,A,,A,,A,,A,,A,,R,25
187046,2011,A,,A,,A,,R,0.0,R,0.0,R,0.0,R,0.0,A,,R,0.0,R,0.0,R,0.0,Z,0.0,A,,R,20
187134,2011,R,1371.0,R,1676.0,R,82.0,R,1421.0,R,0.0,R,1421.0,R,1338.0,R,94.0,A,,A,,A,,A,,A,,R,13
187161,2011,A,,A,,A,,R,219.0,R,0.0,R,219.0,R,171.0,R,78.0,A,,A,,A,,A,,A,,R,41
187198,2011,R,1713.0,R,2978.0,R,58.0,R,2181.0,R,0.0,R,2181.0,R,1205.0,R,55.0,R,511.0,R,0.0,R,511.0,R,213.0,R,42.0,R,26
187222,2011,A,,A,,A,,A,,A,,A,,A,,A,,A,,A,,A,,A,,A,,R,3
187444,2011,R,1394.0,R,2844.0,R,49.0,R,1516.0,R,0.0,R,1516.0,R,1145.0,R,76.0,R,8.0,R,0.0,R,8.0,R,5.0,R,63.0,R,16
187505,2011,A,,A,,A,,R,387.0,R,10.0,R,377.0,R,204.0,R,54.0,A,,A,,A,,A,,A,,R,17
187532,2011,R,2360.0,R,5802.0,R,41.0,R,2278.0,R,0.0,R,2278.0,R,1294.0,R,57.0,R,1890.0,R,0.0,R,1890.0,R,704.0,R,37.0,R,27
187596,2011,R,261.0,R,513.0,R,51.0,R,0.0,R,0.0,R,0.0,R,0.0,A,,R,0.0,R,0.0,R,0.0,R,0.0,A,,R,23
187602,2011,A,,A,,A,,R,33.0,R,5.0,R,28.0,R,18.0,R,64.0,A,,A,,A,,A,,A,,R,22
187620,2011,R,1150.0,R,2599.0,R,44.0,R,1107.0,R,0.0,R,1107.0,R,682.0,R,62.0,R,460.0,R,0.0,R,460.0,R,187.0,R,41.0,R,22
187639,2011,R,152.0,R,1276.0,R,12.0,R,192.0,R,0.0,R,192.0,R,66.0,R,34.0,R,116.0,R,0.0,R,116.0,R,29.0,R,25.0,R,22
187648,2011,R,680.0,R,1211.0,R,56.0,R,600.0,R,1.0,R,599.0,R,384.0,R,64.0,R,14.0,R,0.0,R,14.0,R,4.0,R,29.0,R,21
187666,2011,R,527.0,R,996.0,R,53.0,R,503.0,R,0.0,R,503.0,R,258.0,R,51.0,R,118.0,R,0.0,R,118.0,R,41.0,R,35.0,R,18
187745,2011,R,29.0,R,140.0,R,21.0,R,18.0,R,0.0,R,18.0,R,13.0,R,72.0,R,6.0,R,0.0,R,6.0,R,0.0,R,0.0,R,8
187897,2011,R,414.0,R,816.0,R,51.0,R,320.0,R,0.0,R,320.0,R,160.0,R,50.0,R,12.0,R,0.0,R,12.0,R,1.0,R,8.0,R,14
187903,2011,R,315.0,R,794.0,R,40.0,R,244.0,R,0.0,R,244.0,R,148.0,R,61.0,R,107.0,R,0.0,R,107.0,R,66.0,R,62.0,R,19
187912,2011,R,245.0,R,268.0,R,91.0,R,326.0,R,0.0,R,326.0,R,155.0,R,48.0,A,,A,,A,,A,,A,,R,8
187958,2011,R,321.0,R,620.0,R,52.0,R,408.0,R,1.0,R,407.0,R,232.0,R,57.0,R,134.0,R,1.0,R,133.0,R,51.0,R,38.0,R,22
187967,2011,R,324.0,R,443.0,R,73.0,R,333.0,R,0.0,R,333.0,R,235.0,R,71.0,R,3.0,R,0.0,R,3.0,R,0.0,R,0.0,R,13
187976,2011,R,63.0,R,137.0,R,46.0,R,83.0,R,0.0,R,83.0,R,40.0,R,48.0,R,21.0,R,0.0,R,21.0,R,8.0,R,38.0,R,15
187985,2011,R,3267.0,R,4935.0,R,66.0,R,3477.0,R,0.0,R,3477.0,R,2577.0,R,74.0,R,127.0,R,0.0,R,127.0,R,66.0,R,52.0,R,23
187994,2011,R,264.0,R,655.0,R,40.0,R,255.0,R,0.0,R,255.0,R,128.0,R,50.0,R,66.0,R,0.0,R,66.0,R,28.0,R,42.0,R,19
188003,2011,R,162.0,R,336.0,R,48.0,R,200.0,R,0.0,R,200.0,R,97.0,R,49.0,R,51.0,R,0.0,R,51.0,R,12.0,R,24.0,R,17
188021,2011,R,128.0,R,244.0,R,52.0,R,107.0,R,0.0,R,107.0,R,46.0,R,43.0,R,35.0,R,0.0,R,35.0,R,10.0,R,29.0,R,18
188030,2011,R,2180.0,R,3122.0,R,70.0,R,2257.0,R,0.0,R,2257.0,R,1585.0,R,70.0,R,93.0,R,0.0,R,93.0,R,44.0,R,47.0,R,18
188049,2011,R,370.0,R,547.0,R,68.0,R,339.0,R,0.0,R,339.0,R,203.0,R,60.0,R,89.0,R,0.0,R,89.0,R,28.0,R,31.0,R,29
188058,2011,R,219.0,R,338.0,R,65.0,R,32.0,R,0.0,R,32.0,R,16.0,R,50.0,R,2.0,R,0.0,R,2.0,R,0.0,R,0.0,R,12
188100,2011,R,723.0,R,3513.0,R,21.0,R,770.0,R,0.0,R,770.0,R,438.0,R,57.0,R,445.0,R,0.0,R,445.0,R,201.0,R,45.0,R,21
188137,2011,R,399.0,R,1132.0,R,35.0,R,363.0,R,4.0,R,359.0,R,211.0,R,59.0,R,191.0,R,1.0,R,190.0,R,62.0,R,33.0,R,17
188146,2011,R,173.0,R,261.0,R,66.0,R,93.0,R,0.0,R,93.0,R,56.0,R,60.0,R,2.0,R,0.0,R,2.0,R,1.0,R,50.0,R,9
188182,2011,R,71.0,R,131.0,R,54.0,R,49.0,R,0.0,R,49.0,R,24.0,R,49.0,R,2.0,R,0.0,R,2.0,R,1.0,R,50.0,R,13
188216,2011,R,103.0,R,158.0,R,65.0,R,153.0,R,0.0,R,153.0,R,66.0,R,43.0,R,5.0,R,0.0,R,5.0,R,2.0,R,40.0,R,17
188225,2011,R,125.0,R,226.0,R,55.0,R,137.0,R,0.0,R,137.0,R,71.0,R,52.0,R,28.0,R,0.0,R,28.0,R,11.0,R,39.0,R,20
188261,2011,R,112.0,R,253.0,R,44.0,R,146.0,R,0.0,R,146.0,R,93.0,R,64.0,R,32.0,Z,0.0,R,32.0,R,20.0,R,63.0,R,19
188304,2011,R,334.0,R,891.0,R,37.0,R,221.0,R,0.0,R,221.0,R,110.0,R,50.0,R,20.0,R,0.0,R,20.0,R,5.0,R,25.0,R,13
188340,2011,R,293.0,R,515.0,R,57.0,R,37.0,R,0.0,R,37.0,R,27.0,R,73.0,R,1.0,R,0.0,R,1.0,R,0.0,R,0.0,R,17
188429,2011,R,979.0,R,1514.0,R,65.0,R,909.0,R,0.0,R,909.0,R,735.0,R,81.0,R,12.0,R,0.0,R,12.0,R,7.0,R,58.0,R,12
188438,2011,R,616.0,R,1082.0,R,57.0,R,799.0,Z,0.0,R,799.0,R,462.0,R,58.0,R,124.0,Z,0.0,R,124.0,R,58.0,R,47.0,R,19
188465,2011,R,250.0,R,329.0,R,76.0,R,22.0,R,0.0,R,22.0,R,6.0,R,27.0,R,0.0,R,0.0,R,0.0,R,0.0,A,,R,15
188517,2011,R,92.0,R,242.0,R,38.0,R,159.0,R,0.0,R,159.0,R,65.0,R,41.0,R,3.0,R,0.0,R,3.0,R,1.0,R,33.0,R,14
188526,2011,R,212.0,R,297.0,R,71.0,R,220.0,R,0.0,R,220.0,R,174.0,R,79.0,A,,A,,A,,A,,A,,R,13
188641,2011,R,559.0,R,666.0,R,84.0,R,527.0,R,0.0,R,527.0,R,383.0,R,73.0,R,1.0,R,0.0,R,1.0,R,0.0,R,0.0,R,12
188650,2011,A,,A,,A,,R,524.0,R,0.0,R,524.0,R,373.0,R,71.0,R,161.0,R,0.0,R,161.0,R,125.0,R,78.0,R,24
188669,2011,A,,A,,A,,R,16.0,R,0.0,R,16.0,R,11.0,R,69.0,A,,A,,A,,A,,A,,R,3
188678,2011,R,79.0,R,123.0,R,64.0,R,59.0,R,0.0,R,59.0,R,49.0,R,83.0,A,,A,,A,,A,,A,,R,16
188687,2011,R,34.0,R,176.0,R,19.0,R,28.0,R,0.0,R,28.0,R,12.0,R,43.0,R,16.0,R,0.0,R,16.0,R,10.0,R,63.0,R,23
188696,2011,A,,A,,A,,R,46.0,R,0.0,R,46.0,R,30.0,R,65.0,A,,A,,A,,A,,A,,R,25
188854,2011,R,514.0,R,514.0,R,100.0,R,167.0,R,0.0,R,167.0,R,159.0,R,95.0,A,,A,,A,,A,,A,,R,33
188890,2011,A,,A,,A,,R,1142.0,R,1.0,R,1141.0,R,872.0,R,76.0,R,440.0,R,0.0,R,440.0,R,340.0,R,77.0,R,18
188915,2011,A,,A,,A,,R,6.0,R,0.0,R,6.0,R,5.0,R,83.0,A,,A,,A,,A,,A,,R,6
188942,2011,A,,A,,A,,R,19.0,R,0.0,R,19.0,R,10.0,R,53.0,A,,A,,A,,A,,A,,R,12
188988,2011,A,,A,,A,,R,61.0,R,0.0,R,61.0,R,36.0,R,59.0,A,,A,,A,,A,,A,,R,20
189088,2011,R,486.0,R,578.0,R,84.0,R,496.0,R,0.0,R,496.0,R,435.0,R,88.0,A,,A,,A,,A,,A,,R,9
189097,2011,R,606.0,R,646.0,R,94.0,R,570.0,R,0.0,R,570.0,R,538.0,R,94.0,R,10.0,R,0.0,R,10.0,R,10.0,R,100.0,R,9
189219,2011,A,,A,,A,,A,,A,,A,,A,,A,,A,,A,,A,,A,,A,,R,12
189228,2011,R,280.0,R,741.0,R,38.0,R,852.0,Z,0.0,R,852.0,R,423.0,R,50.0,R,16.0,Z,0.0,R,16.0,R,4.0,R,25.0,R,30
189264,2011,R,14.0,R,15.0,R,93.0,R,15.0,R,0.0,R,15.0,R,11.0,R,73.0,A,,A,,A,,A,,A,,R,7
189273,2011,R,20.0,R,20.0,R,100.0,R,20.0,R,0.0,R,20.0,R,10.0,R,50.0,A,,A,,A,,A,,A,,R,13
189282,2011,A,,A,,A,,R,1.0,R,0.0,R,1.0,R,1.0,R,100.0,R,7.0,R,0.0,R,7.0,R,4.0,R,57.0,R,7
189404,2011,A,,A,,A,,R,81.0,R,0.0,R,81.0,R,76.0,R,94.0,R,21.0,R,0.0,R,21.0,R,15.0,R,71.0,R,19
189413,2011,R,282.0,R,426.0,R,66.0,R,302.0,R,0.0,R,302.0,R,165.0,R,55.0,A,,A,,A,,A,,A,,R,20
189422,2011,R,265.0,R,363.0,R,73.0,R,246.0,R,5.0,R,241.0,R,108.0,R,45.0,R,16.0,R,0.0,R,16.0,R,3.0,R,19.0,R,12
189459,2011,R,293.0,R,572.0,R,51.0,R,75.0,Z,0.0,R,75.0,R,52.0,R,69.0,R,1.0,Z,0.0,R,1.0,R,0.0,R,0.0,R,21
189468,2011,A,,A,,A,,R,57.0,R,0.0,R,57.0,R,53.0,R,93.0,R,14.0,R,0.0,R,14.0,R,9.0,R,64.0,R,23
189477,2011,A,,A,,A,,R,40.0,R,0.0,R,40.0,R,25.0,R,63.0,R,18.0,R,0.0,R,18.0,R,12.0,R,67.0,R,20
189547,2011,R,1489.0,R,1944.0,R,77.0,R,1548.0,Z,0.0,R,1548.0,R,917.0,R,59.0,R,115.0,Z,0.0,R,115.0,R,65.0,R,57.0,R,16
189556,2011,R,32.0,R,180.0,R,18.0,R,0.0,R,0.0,R,0.0,R,0.0,A,,R,0.0,R,0.0,R,0.0,R,0.0,A,,R,17
189565,2011,R,84.0,R,164.0,R,51.0,R,138.0,R,0.0,R,138.0,R,49.0,R,36.0,R,9.0,R,0.0,R,9.0,R,2.0,R,22.0,R,13
189574,2011,R,178.0,R,345.0,R,52.0,R,164.0,R,0.0,R,164.0,R,50.0,R,30.0,R,9.0,R,0.0,R,9.0,R,2.0,R,22.0,R,18
189583,2011,R,122.0,R,301.0,R,41.0,R,0.0,R,0.0,R,0.0,R,0.0,A,,R,0.0,R,0.0,R,0.0,R,0.0,A,,R,14
189592,2011,R,64.0,R,173.0,R,37.0,R,56.0,R,0.0,R,56.0,R,27.0,R,48.0,R,9.0,R,0.0,R,9.0,R,4.0,R,44.0,R,7
189653,2011,R,5.0,R,17.0,R,29.0,R,3.0,Z,0.0,R,3.0,R,3.0,R,100.0,A,,A,,A,,A,,A,,R,9
189705,2011,R,810.0,R,1213.0,R,67.0,R,709.0,R,4.0,R,705.0,R,592.0,R,84.0,R,0.0,R,0.0,R,0.0,R,0.0,A,,R,11
189714,2011,A,,A,,A,,R,102.0,R,0.0,R,102.0,R,75.0,R,74.0,R,49.0,Z,0.0,R,49.0,R,38.0,R,78.0,R,18
189811,2011,A,,A,,A,,R,50.0,R,0.0,R,50.0,R,43.0,R,86.0,R,77.0,R,0.0,R,77.0,R,60.0,R,78.0,R,11
189839,2011,R,655.0,R,1231.0,R,53.0,R,707.0,Z,0.0,R,707.0,R,355.0,R,50.0,R,98.0,Z,0.0,R,98.0,R,45.0,R,46.0,R,23
189848,2011,R,271.0,R,335.0,R,81.0,R,246.0,R,1.0,R,245.0,R,140.0,R,57.0,A,,A,,A,,A,,A,,R,12
189857,2011,R,88.0,R,421.0,R,21.0,R,87.0,R,0.0,R,87.0,R,63.0,R,72.0,A,,A,,A,,A,,A,,R,41
189954,2011,A,,A,,A,,R,14.0,R,0.0,R,14.0,R,9.0,R,64.0,A,,A,,A,,A,,A,,R,15
190008,2011,A,,A,,A,,R,8.0,R,0.0,R,8.0,R,6.0,R,75.0,A,,A,,A,,A,,A,,R,3
190044,2011,R,851.0,R,994.0,R,86.0,R,712.0,R,0.0,R,712.0,R,608.0,R,85.0,A,,A,,A,,A,,A,,R,15
190053,2011,R,481.0,R,723.0,R,67.0,R,443.0,Z,0.0,R,443.0,R,211.0,R,48.0,R,28.0,Z,0.0,R,28.0,R,8.0,R,29.0,R,19
190071,2011,A,,A,,A,,A,,A,,A,,A,,A,,A,,A,,A,,A,,A,,R,8
190099,2011,R,764.0,R,780.0,R,98.0,R,850.0,R,0.0,R,850.0,R,806.0,R,95.0,A,,A,,A,,A,,A,,R,10
190114,2011,R,94.0,R,233.0,R,40.0,R,72.0,Z,0.0,R,72.0,R,32.0,R,44.0,R,2.0,Z,0.0,R,2.0,R,1.0,R,50.0,R,12
190150,2011,R,1386.0,R,1936.0,R,72.0,R,1396.0,R,0.0,R,1396.0,R,1344.0,R,96.0,R,38.0,R,0.0,R,38.0,R,30.0,R,79.0,R,6
190169,2011,R,342.0,R,576.0,R,59.0,R,360.0,Z,0.0,R,360.0,R,214.0,R,59.0,R,56.0,Z,0.0,R,56.0,R,24.0,R,43.0,R,18
190239,2011,A,,A,,A,,R,80.0,R,2.0,R,78.0,R,57.0,R,73.0,R,13.0,R,1.0,R,12.0,R,8.0,R,67.0,R,22
190248,2011,R,135.0,R,235.0,R,57.0,R,138.0,R,0.0,R,138.0,R,101.0,R,73.0,A,,A,,A,,A,,A,,R,12
190293,2011,A,,A,,A,,R,7.0,R,0.0,R,7.0,R,6.0,R,86.0,A,,A,,A,,A,,A,,R,20
190309,2011,A,,A,,A,,R,10.0,R,0.0,R,10.0,R,8.0,R,80.0,R,2.0,R,0.0,R,2.0,R,1.0,R,50.0,R,20
190318,2011,A,,A,,A,,R,51.0,R,0.0,R,51.0,R,41.0,R,80.0,R,24.0,R,0.0,R,24.0,R,22.0,R,92.0,R,22
190372,2011,R,210.0,R,286.0,R,73.0,R,219.0,R,0.0,R,219.0,R,210.0,R,96.0,A,,A,,A,,A,,A,,R,9
190415,2011,R,3307.0,R,3871.0,R,85.0,R,3179.0,R,0.0,R,3179.0,R,3076.0,R,97.0,A,,A,,A,,A,,A,,R,12
190442,2011,R,785.0,R,2470.0,R,32.0,R,813.0,R,0.0,R,813.0,R,448.0,R,55.0,R,113.0,R,0.0,R,113.0,R,41.0,R,36.0,R,21
190451,2011,R,21.0,R,26.0,R,81.0,R,24.0,R,0.0,R,24.0,R,20.0,R,83.0,R,39.0,R,0.0,R,39.0,R,33.0,R,85.0,R,8
190503,2011,R,570.0,R,725.0,R,79.0,R,337.0,R,0.0,R,337.0,R,333.0,R,99.0,A,,A,,A,,A,,A,,R,18
190512,2011,R,1301.0,R,3721.0,R,35.0,R,1255.0,Z,0.0,R,1255.0,R,1121.0,R,89.0,R,5.0,Z,0.0,R,5.0,R,3.0,R,60.0,R,19
190521,2011,R,5131.0,R,7881.0,R,65.0,R,4424.0,Z,0.0,R,4424.0,R,2811.0,R,64.0,R,750.0,Z,0.0,R,750.0,R,405.0,R,54.0,R,26
190530,2011,R,1806.0,R,3951.0,R,46.0,R,1625.0,Z,0.0,R,1625.0,R,942.0,R,58.0,R,238.0,Z,0.0,R,238.0,R,122.0,R,51.0,R,20
190549,2011,R,1139.0,R,3679.0,R,31.0,R,1143.0,Z,0.0,R,1143.0,R,937.0,R,82.0,R,14.0,Z,0.0,R,14.0,R,10.0,R,71.0,R,15
190558,2011,R,2293.0,R,4159.0,R,55.0,R,708.0,Z,0.0,R,708.0,R,592.0,R,84.0,R,14.0,Z,0.0,R,14.0,R,12.0,R,86.0,R,21
190567,2011,R,1501.0,R,3339.0,R,45.0,R,1368.0,Z,0.0,R,1368.0,R,1172.0,R,86.0,R,21.0,Z,0.0,R,21.0,R,17.0,R,81.0,R,13
190576,2011,A,,A,,A,,R,0.0,R,0.0,R,0.0,R,0.0,A,,R,18.0,Z,0.0,R,18.0,R,9.0,R,50.0,R,20
190585,2011,R,1135.0,R,2374.0,R,48.0,R,1000.0,Z,0.0,R,1000.0,R,637.0,R,64.0,R,51.0,Z,0.0,R,51.0,R,31.0,R,61.0,R,22
190594,2011,R,2130.0,R,4600.0,R,46.0,R,1740.0,Z,0.0,R,1740.0,R,1486.0,R,85.0,R,48.0,Z,0.0,R,48.0,R,29.0,R,60.0,R,15
190600,2011,R,1745.0,R,3534.0,R,49.0,R,1994.0,Z,0.0,R,1994.0,R,1564.0,R,78.0,R,21.0,Z,0.0,R,21.0,R,13.0,R,62.0,R,18
190619,2011,R,2547.0,R,8314.0,R,31.0,R,2673.0,Z,0.0,R,2673.0,R,1777.0,R,66.0,R,247.0,Z,0.0,R,247.0,R,115.0,R,47.0,R,28
190628,2011,R,2665.0,R,6919.0,R,39.0,R,2771.0,Z,0.0,R,2771.0,R,1880.0,R,68.0,R,380.0,Z,0.0,R,380.0,R,179.0,R,47.0,R,25
190637,2011,R,608.0,R,2800.0,R,22.0,R,619.0,Z,0.0,R,619.0,R,489.0,R,79.0,R,22.0,Z,0.0,R,22.0,R,13.0,R,59.0,R,14
190646,2011,R,1126.0,R,2173.0,R,52.0,R,199.0,Z,0.0,R,199.0,R,127.0,R,64.0,R,3.0,Z,0.0,R,3.0,R,3.0,R,100.0,R,18
190655,2011,R,2951.0,R,4981.0,R,59.0,R,174.0,Z,0.0,R,174.0,R,129.0,R,74.0,R,3.0,Z,0.0,R,3.0,R,2.0,R,67.0,R,18
190664,2011,R,1419.0,R,4497.0,R,32.0,R,1471.0,Z,0.0,R,1471.0,R,1280.0,R,87.0,R,20.0,Z,0.0,R,20.0,R,16.0,R,80.0,R,17
190673,2011,R,3326.0,R,6393.0,R,52.0,R,2907.0,Z,0.0,R,2907.0,R,2095.0,R,72.0,R,297.0,Z,0.0,R,297.0,R,172.0,R,58.0,R,24
190691,2011,R,932.0,R,2707.0,R,34.0,R,1084.0,Z,0.0,R,1084.0,R,843.0,R,78.0,R,18.0,Z,0.0,R,18.0,R,11.0,R,61.0,R,19
190707,2011,A,,A,,A,,R,4.0,R,0.0,R,4.0,R,3.0,R,75.0,A,,A,,A,,A,,A,,R,9
190716,2011,R,269.0,R,625.0,R,43.0,R,267.0,R,0.0,R,267.0,R,179.0,R,67.0,R,6.0,R,0.0,R,6.0,R,2.0,R,33.0,R,12
190725,2011,R,435.0,R,947.0,R,46.0,R,441.0,R,0.0,R,441.0,R,334.0,R,76.0,R,2.0,R,0.0,R,2.0,R,1.0,R,50.0,R,14
190734,2011,A,,A,,A,,A,,A,,A,,A,,A,,A,,A,,A,,A,,A,,R,10
190761,2011,R,352.0,R,474.0,R,74.0,R,322.0,R,0.0,R,322.0,R,215.0,R,67.0,R,0.0,R,0.0,R,0.0,R,0.0,A,,R,15
190770,2011,R,344.0,R,1192.0,R,29.0,R,459.0,R,0.0,R,459.0,R,298.0,R,65.0,R,13.0,R,0.0,R,13.0,R,3.0,R,23.0,R,15
190840,2011,R,1933.0,R,2924.0,R,66.0,R,1981.0,Z,0.0,R,1981.0,R,1255.0,R,63.0,R,209.0,Z,0.0,R,209.0,R,94.0,R,45.0,R,24
190956,2011,R,1.0,R,1.0,R,100.0,R,5.0,R,0.0,R,5.0,R,0.0,R,0.0,A,,A,,A,,A,,A,,R,5
190974,2011,R,143.0,R,157.0,R,91.0,R,156.0,R,0.0,R,156.0,R,62.0,R,40.0,R,18.0,R,0.0,R,18.0,R,11.0,R,61.0,R,10
190983,2011,R,329.0,R,415.0,R,79.0,R,405.0,R,0.0,R,405.0,R,289.0,R,71.0,R,23.0,R,0.0,R,23.0,R,14.0,R,61.0,R,9
191083,2011,R,2578.0,R,4421.0,R,58.0,R,2780.0,R,3.0,R,2777.0,R,1493.0,R,54.0,R,329.0,R,0.0,R,329.0,R,111.0,R,34.0,R,21
191126,2011,R,1123.0,R,2974.0,R,38.0,R,1051.0,Z,0.0,R,1051.0,R,885.0,R,84.0,R,19.0,Z,0.0,R,19.0,R,12.0,R,63.0,R,17
191199,2011,R,1509.0,R,2106.0,R,72.0,R,1472.0,Z,0.0,R,1472.0,R,791.0,R,54.0,R,96.0,Z,0.0,R,96.0,R,52.0,R,54.0,R,21
191205,2011,R,271.0,R,280.0,R,97.0,R,230.0,R,0.0,R,230.0,R,142.0,R,62.0,R,1.0,R,0.0,R,1.0,R,1.0,R,100.0,R,20
191241,2011,R,1962.0,R,2418.0,R,81.0,R,1868.0,R,1.0,R,1867.0,R,1637.0,R,88.0,R,27.0,R,0.0,R,27.0,R,16.0,R,59.0,R,14
191287,2011,A,,A,,A,,A,,A,,A,,A,,A,,A,,A,,A,,A,,A,,R,6
191302,2011,R,655.0,R,778.0,R,84.0,R,681.0,Z,0.0,R,681.0,R,358.0,R,53.0,R,46.0,Z,0.0,R,46.0,R,35.0,R,76.0,R,22
191311,2011,A,,A,,A,,A,,A,,A,,A,,A,,A,,A,,A,,A,,A,,R,19
191339,2011,R,1188.0,R,1807.0,R,66.0,R,1276.0,R,1.0,R,1275.0,R,687.0,R,54.0,R,113.0,Z,0.0,R,113.0,R,48.0,R,42.0,R,19
191384,2011,A,,A,,A,,R,61.0,R,1.0,R,60.0,R,20.0,R,33.0,A,,A,,A,,A,,A,,R,17
191393,2011,A,,A,,A,,R,301.0,R,1.0,R,300.0,R,63.0,R,21.0,A,,A,,A,,A,,A,,R,18
191515,2011,R,481.0,R,516.0,R,93.0,R,467.0,R,0.0,R,467.0,R,441.0,R,94.0,A,,A,,A,,A,,A,,R,9
191533,2011,R,489.0,R,532.0,R,92.0,R,487.0,R,0.0,R,487.0,R,373.0,R,77.0,R,1.0,R,0.0,R,1.0,R,0.0,R,0.0,R,11
191597,2011,R,6.0,R,25.0,R,24.0,R,6.0,R,0.0,R,6.0,R,6.0,R,100.0,R,5.0,R,0.0,R,5.0,R,5.0,R,100.0,R,11
191612,2011,R,969.0,R,1307.0,R,74.0,R,1092.0,Z,0.0,R,1092.0,R,547.0,R,50.0,R,51.0,Z,0.0,R,51.0,R,20.0,R,39.0,R,22
191621,2011,R,223.0,R,343.0,R,65.0,R,231.0,R,0.0,R,231.0,R,156.0,R,68.0,R,3.0,R,0.0,R,3.0,R,2.0,R,67.0,R,13
191630,2011,R,681.0,R,712.0,R,96.0,R,618.0,R,0.0,R,618.0,R,540.0,R,87.0,A,,A,,A,,A,,A,,R,11
191649,2011,R,1672.0,R,2185.0,R,77.0,R,1446.0,R,4.0,R,1442.0,R,1147.0,R,80.0,R,4.0,R,0.0,R,4.0,R,4.0,R,100.0,R,14
191676,2011,R,266.0,R,394.0,R,68.0,R,254.0,R,1.0,R,253.0,R,217.0,R,86.0,A,,A,,A,,A,,A,,R,13
191719,2011,R,2628.0,R,4321.0,R,61.0,R,2660.0,R,125.0,R,2535.0,R,1382.0,R,55.0,R,238.0,R,15.0,R,223.0,R,107.0,R,48.0,R,20
191728,2011,A,,A,,A,,R,228.0,R,0.0,R,228.0,R,173.0,R,76.0,R,70.0,R,0.0,R,70.0,R,56.0,R,80.0,R,18
191764,2011,R,5.0,R,26.0,R,19.0,R,15.0,R,0.0,R,15.0,R,7.0,R,47.0,R,4.0,R,0.0,R,4.0,R,1.0,R,25.0,R,10
191834,2011,A,,A,,A,,R,168.0,R,2.0,R,166.0,R,92.0,R,55.0,R,30.0,R,1.0,R,29.0,R,11.0,R,38.0,R,20
191931,2011,R,812.0,R,915.0,R,89.0,R,871.0,R,0.0,R,871.0,R,729.0,R,84.0,R,0.0,R,0.0,R,0.0,R,0.0,A,,R,15
191940,2011,A,,A,,A,,A,,A,,A,,A,,A,,A,,A,,A,,A,,A,,R,10
191959,2011,R,54.0,R,54.0,R,100.0,R,40.0,R,0.0,R,40.0,R,32.0,R,80.0,A,,A,,A,,A,,A,,R,20
191968,2011,R,1625.0,R,1766.0,R,92.0,R,1617.0,R,1.0,R,1616.0,R,1348.0,R,83.0,R,0.0,R,0.0,R,0.0,R,0.0,A,,R,12
191986,2011,R,1058.0,R,1483.0,R,71.0,R,1147.0,Z,0.0,R,1147.0,R,716.0,R,62.0,R,128.0,Z,0.0,R,128.0,R,45.0,R,35.0,R,17
192004,2011,R,71.0,R,107.0,R,66.0,R,0.0,R,0.0,R,0.0,R,0.0,A,,R,0.0,R,0.0,R,0.0,R,0.0,A,,R,28
192022,2011,R,765.0,R,1295.0,R,59.0,R,772.0,Z,0.0,R,772.0,R,418.0,R,54.0,R,123.0,Z,0.0,R,123.0,R,43.0,R,35.0,R,18
192040,2011,R,44.0,R,45.0,R,98.0,R,45.0,R,0.0,R,45.0,R,43.0,R,96.0,R,1.0,R,0.0,R,1.0,R,0.0,R,0.0,R,5
192110,2011,R,101.0,R,175.0,R,58.0,R,131.0,R,0.0,R,131.0,R,126.0,R,96.0,A,,A,,A,,A,,A,,R,5
192156,2011,R,60.0,R,83.0,R,72.0,R,98.0,R,0.0,R,98.0,R,63.0,R,64.0,R,4.0,R,0.0,R,4.0,R,1.0,R,25.0,R,12
192165,2011,R,26.0,R,26.0,R,100.0,R,29.0,R,0.0,R,29.0,R,24.0,R,83.0,A,,A,,A,,A,,A,,R,15
192192,2011,R,265.0,R,548.0,R,48.0,R,270.0,R,0.0,R,270.0,R,203.0,R,75.0,A,,A,,A,,A,,A,,R,15
192244,2011,A,,A,,A,,R,1.0,R,0.0,R,1.0,R,0.0,R,0.0,A,,A,,A,,A,,A,,R,8
192271,2011,R,340.0,R,518.0,R,66.0,R,322.0,R,0.0,R,322.0,R,209.0,R,65.0,R,0.0,R,0.0,R,0.0,R,0.0,A,,R,20
192323,2011,R,636.0,R,916.0,R,69.0,R,617.0,R,2.0,R,615.0,R,512.0,R,83.0,R,1.0,R,0.0,R,1.0,R,0.0,R,0.0,R,12
192439,2011,R,1039.0,R,1655.0,R,63.0,R,750.0,R,0.0,R,750.0,R,469.0,R,63.0,R,23.0,R,0.0,R,23.0,R,13.0,R,57.0,R,13
192448,2011,R,909.0,R,1477.0,R,62.0,R,866.0,R,0.0,R,866.0,R,590.0,R,68.0,R,28.0,R,0.0,R,28.0,R,24.0,R,86.0,R,12
192475,2011,A,,A,,A,,A,,A,,A,,A,,A,,A,,A,,A,,A,,A,,R,8
192484,2011,A,,A,,A,,R,89.0,R,0.0,R,89.0,R,71.0,R,80.0,R,33.0,R,0.0,R,33.0,R,24.0,R,73.0,R,11
192509,2011,R,143.0,R,176.0,R,81.0,R,138.0,R,0.0,R,138.0,R,38.0,R,28.0,R,11.0,R,0.0,R,11.0,R,7.0,R,64.0,R,11
192536,2011,A,,A,,A,,A,,A,,A,,A,,A,,A,,A,,A,,A,,A,,R,10
192563,2011,A,,A,,A,,A,,A,,A,,A,,A,,A,,A,,A,,A,,A,,R,9
192624,2011,R,33.0,R,52.0,R,63.0,R,29.0,R,0.0,R,29.0,R,28.0,R,97.0,A,,A,,A,,A,,A,,R,14
192688,2011,R,317.0,R,391.0,R,81.0,R,142.0,R,0.0,R,142.0,R,104.0,R,73.0,A,,A,,A,,A,,A,,R,30
192703,2011,R,802.0,R,978.0,R,82.0,R,658.0,R,0.0,R,658.0,R,543.0,R,83.0,A,,A,,A,,A,,A,,R,12
192712,2011,R,98.0,R,125.0,R,78.0,R,98.0,R,0.0,R,98.0,R,89.0,R,91.0,A,,A,,A,,A,,A,,R,18
192749,2011,R,534.0,R,602.0,R,89.0,R,428.0,R,0.0,R,428.0,R,289.0,R,68.0,R,0.0,R,0.0,R,0.0,R,0.0,A,,R,11
192785,2011,R,32.0,R,289.0,R,11.0,R,34.0,R,0.0,R,34.0,R,22.0,R,65.0,R,18.0,Z,0.0,R,18.0,R,16.0,R,89.0,R,9
192800,2011,A,,A,,A,,R,3.0,R,0.0,R,3.0,R,2.0,R,67.0,A,,A,,A,,A,,A,,R,38
192819,2011,R,1174.0,R,1676.0,R,70.0,R,1085.0,R,0.0,R,1085.0,R,994.0,R,92.0,A,,A,,A,,A,,A,,R,15
192828,2011,A,,A,,A,,R,29.0,R,0.0,R,29.0,R,24.0,R,83.0,R,16.0,R,0.0,R,16.0,R,9.0,R,56.0,R,8
192864,2011,R,420.0,R,635.0,R,66.0,R,473.0,R,0.0,R,473.0,R,316.0,R,67.0,R,32.0,R,0.0,R,32.0,R,12.0,R,38.0,R,10
192925,2011,R,373.0,R,637.0,R,59.0,R,374.0,R,0.0,R,374.0,R,245.0,R,66.0,R,0.0,R,0.0,R,0.0,R,0.0,A,,R,15
192961,2011,A,,A,,A,,R,2.0,R,0.0,R,2.0,R,1.0,R,50.0,A,,A,,A,,A,,A,,R,5
192970,2011,A,,A,,A,,A,,A,,A,,A,,A,,A,,A,,A,,A,,A,,R,7
193016,2011,R,1174.0,R,3384.0,R,35.0,R,1043.0,R,0.0,R,1043.0,R,705.0,R,68.0,R,39.0,R,0.0,R,39.0,R,11.0,R,28.0,R,18
193052,2011,R,18.0,R,42.0,R,43.0,R,24.0,R,0.0,R,24.0,R,21.0,R,88.0,R,1.0,R,0.0,R,1.0,R,0.0,R,0.0,R,10
193061,2011,R,14.0,R,15.0,R,93.0,R,10.0,R,0.0,R,10.0,R,10.0,R,100.0,A,,A,,A,,A,,A,,R,13
193070,2011,R,15.0,R,15.0,R,100.0,R,18.0,R,0.0,R,18.0,R,15.0,R,83.0,A,,A,,A,,A,,A,,R,7
193122,2011,A,,A,,A,,R,91.0,R,0.0,R,91.0,R,66.0,R,73.0,R,38.0,R,0.0,R,38.0,R,27.0,R,71.0,R,30
193186,2011,A,,A,,A,,R,45.0,R,0.0,R,45.0,R,36.0,R,80.0,R,38.0,R,0.0,R,38.0,R,27.0,R,71.0,R,12
193201,2011,R,160.0,R,184.0,R,87.0,R,191.0,R,0.0,R,191.0,R,104.0,R,54.0,A,,A,,A,,A,,A,,R,27
193247,2011,R,43.0,R,56.0,R,77.0,R,57.0,R,0.0,R,57.0,R,46.0,R,81.0,A,,A,,A,,A,,A,,R,16
193265,2011,A,,A,,A,,R,19.0,R,0.0,R,19.0,R,19.0,R,100.0,R,2.0,R,0.0,R,2.0,R,2.0,R,100.0,R,10
193283,2011,R,1656.0,R,2302.0,R,72.0,R,1626.0,R,0.0,R,1626.0,R,917.0,R,56.0,R,123.0,R,0.0,R,123.0,R,53.0,R,43.0,R,21
193292,2011,R,396.0,R,905.0,R,44.0,R,387.0,R,0.0,R,387.0,R,340.0,R,88.0,R,8.0,R,0.0,R,8.0,R,1.0,R,13.0,R,10
193308,2011,R,596.0,R,2215.0,R,27.0,R,222.0,R,0.0,R,222.0,R,152.0,R,68.0,R,7.0,R,0.0,R,7.0,R,1.0,R,14.0,R,22
193317,2011,R,515.0,R,1086.0,R,47.0,R,483.0,R,0.0,R,483.0,R,356.0,R,74.0,R,7.0,R,0.0,R,7.0,R,5.0,R,71.0,R,34
193326,2011,R,3693.0,R,5685.0,R,65.0,R,4082.0,R,1.0,R,4081.0,R,2339.0,R,57.0,R,660.0,R,2.0,R,658.0,R,240.0,R,36.0,R,24
193353,2011,R,453.0,R,718.0,R,63.0,R,444.0,R,0.0,R,444.0,R,300.0,R,68.0,R,2.0,R,0.0,R,2.0,R,1.0,R,50.0,R,15
193380,2011,A,,A,,A,,A,,A,,A,,A,,A,,A,,A,,A,,A,,A,,R,5
193399,2011,R,439.0,R,564.0,R,78.0,R,378.0,R,0.0,R,378.0,R,282.0,R,75.0,R,0.0,R,0.0,R,0.0,R,0.0,A,,R,13
193478,2011,R,4319.0,R,6552.0,R,66.0,R,4922.0,Z,0.0,R,4922.0,R,3517.0,R,71.0,R,563.0,Z,0.0,R,563.0,R,319.0,R,57.0,R,17
193584,2011,R,439.0,R,585.0,R,75.0,R,467.0,R,0.0,R,467.0,R,385.0,R,82.0,R,1.0,R,0.0,R,1.0,R,0.0,R,0.0,R,11
193609,2011,A,,A,,A,,R,40.0,R,0.0,R,40.0,R,22.0,R,55.0,A,,A,,A,,A,,A,,R,7
193645,2011,R,568.0,R,900.0,R,63.0,R,635.0,R,13.0,R,622.0,R,376.0,R,60.0,R,71.0,R,6.0,R,65.0,R,27.0,R,42.0,R,15
193654,2011,R,1067.0,R,2319.0,R,46.0,R,1129.0,R,0.0,R,1129.0,R,925.0,R,82.0,R,5.0,Z,0.0,R,5.0,R,3.0,R,60.0,R,10
193672,2011,A,,A,,A,,A,,A,,A,,A,,A,,A,,A,,A,,A,,A,,R,12
193760,2011,A,,A,,A,,R,192.0,R,0.0,R,192.0,R,135.0,R,70.0,R,33.0,R,0.0,R,33.0,R,22.0,R,67.0,R,18
193788,2011,A,,A,,A,,R,175.0,R,0.0,R,175.0,R,108.0,R,62.0,R,19.0,R,0.0,R,19.0,R,15.0,R,79.0,R,15
193858,2011,A,,A,,A,,R,201.0,R,0.0,R,201.0,R,171.0,R,85.0,A,,A,,A,,A,,A,,R,20
193900,2011,R,4855.0,R,6359.0,R,76.0,R,3875.0,R,0.0,R,3875.0,R,3567.0,R,92.0,R,12.0,R,0.0,R,12.0,R,6.0,R,50.0,R,11
193946,2011,R,1446.0,R,2074.0,R,70.0,R,1629.0,Z,0.0,R,1629.0,R,954.0,R,59.0,R,151.0,Z,0.0,R,151.0,R,75.0,R,50.0,R,19
193973,2011,R,630.0,R,868.0,R,73.0,R,670.0,R,0.0,R,670.0,R,542.0,R,81.0,R,1.0,R,0.0,R,1.0,R,1.0,R,100.0,R,12
193991,2011,A,,A,,A,,R,5.0,Z,0.0,R,5.0,R,4.0,R,80.0,A,,A,,A,,A,,A,,R,12
194028,2011,R,349.0,R,500.0,R,70.0,R,331.0,Z,0.0,R,331.0,R,170.0,R,51.0,R,17.0,Z,0.0,R,17.0,R,4.0,R,24.0,R,18
194091,2011,R,823.0,R,1336.0,R,62.0,R,846.0,R,1.0,R,845.0,R,596.0,R,71.0,R,64.0,R,1.0,R,63.0,R,10.0,R,16.0,R,11
194116,2011,R,11.0,R,116.0,R,9.0,R,15.0,R,0.0,R,15.0,R,14.0,R,93.0,R,1.0,R,0.0,R,1.0,R,0.0,R,0.0,R,15
194161,2011,R,295.0,R,643.0,R,46.0,R,253.0,R,0.0,R,253.0,R,167.0,R,66.0,R,7.0,R,0.0,R,7.0,R,4.0,R,57.0,R,13
194189,2011,R,8.0,R,11.0,R,73.0,R,6.0,R,0.0,R,6.0,R,4.0,R,67.0,A,,A,,A,,A,,A,,R,6
194204,2011,R,12.0,R,26.0,R,46.0,R,25.0,Z,0.0,R,25.0,R,23.0,R,92.0,R,1.0,Z,0.0,R,1.0,R,1.0,R,100.0,R,9
194222,2011,R,2293.0,R,3934.0,R,58.0,R,2286.0,Z,0.0,R,2286.0,R,1279.0,R,56.0,R,200.0,Z,0.0,R,200.0,R,82.0,R,41.0,R,26
194240,2011,R,1272.0,R,2148.0,R,59.0,R,1330.0,R,0.0,R,1330.0,R,769.0,R,58.0,R,328.0,R,0.0,R,328.0,R,128.0,R,39.0,R,17
194259,2011,A,,A,,A,,R,20.0,Z,0.0,R,20.0,R,9.0,R,45.0,A,,A,,A,,A,,A,,R,24
194310,2011,R,1564.0,R,2370.0,R,66.0,R,1766.0,R,0.0,R,1766.0,R,1373.0,R,78.0,R,21.0,R,0.0,R,21.0,R,10.0,R,48.0,R,15
194392,2011,R,326.0,R,405.0,R,80.0,R,255.0,R,0.0,R,255.0,R,158.0,R,62.0,R,0.0,R,0.0,R,0.0,R,0.0,A,,R,15
194435,2011,A,,A,,A,,R,21.0,R,0.0,R,21.0,R,18.0,R,86.0,R,16.0,R,1.0,R,15.0,R,10.0,R,67.0,R,20
194453,2011,A,,A,,A,,R,33.0,R,0.0,R,33.0,R,23.0,R,70.0,A,,A,,A,,A,,A,,R,20
194499,2011,R,249.0,R,342.0,R,73.0,R,0.0,R,0.0,R,0.0,R,0.0,A,,A,,A,,A,,A,,A,,R,28
194541,2011,R,416.0,R,599.0,R,69.0,R,306.0,R,1.0,R,305.0,R,257.0,R,84.0,R,0.0,R,0.0,R,0.0,R,0.0,A,,R,13
194569,2011,R,34.0,R,84.0,R,40.0,R,17.0,R,0.0,R,17.0,R,13.0,R,76.0,R,0.0,R,0.0,R,0.0,R,0.0,A,,R,22
194578,2011,R,646.0,R,1296.0,R,50.0,R,685.0,Z,0.0,R,685.0,R,569.0,R,83.0,R,4.0,Z,0.0,R,4.0,R,1.0,R,25.0,R,9
194611,2011,R,444.0,R,444.0,R,100.0,R,358.0,R,0.0,R,358.0,R,147.0,R,41.0,A,,A,,A,,A,,A,,R,15
194657,2011,R,42.0,R,55.0,R,76.0,R,40.0,R,0.0,R,40.0,R,34.0,R,85.0,A,,A,,A,,A,,A,,R,11
194666,2011,R,50.0,R,64.0,R,78.0,R,52.0,R,0.0,R,52.0,R,50.0,R,96.0,A,,A,,A,,A,,A,,R,28
194675,2011,R,1.0,R,1.0,R,100.0,R,2.0,R,1.0,R,1.0,R,1.0,R,100.0,A,,A,,A,,A,,A,,R,12
194693,2011,R,22.0,R,22.0,R,100.0,R,2.0,R,0.0,R,2.0,R,2.0,R,100.0,A,,A,,A,,A,,A,,R,9
194718,2011,R,9.0,R,10.0,R,90.0,R,18.0,R,0.0,R,18.0,R,12.0,R,67.0,A,,A,,A,,A,,A,,R,10
194736,2011,A,,A,,A,,R,0.0,R,0.0,R,0.0,R,0.0,A,,A,,A,,A,,A,,A,,R,12
194763,2011,R,101.0,R,101.0,R,100.0,R,77.0,Z,0.0,R,77.0,R,12.0,R,16.0,A,,A,,A,,A,,A,,R,62
194824,2011,R,1186.0,R,1389.0,R,85.0,R,1154.0,R,1.0,R,1153.0,R,1070.0,R,93.0,A,,A,,A,,A,,A,,R,15
194879,2011,A,,A,,A,,R,22.0,R,0.0,R,22.0,R,12.0,R,55.0,R,8.0,R,1.0,R,7.0,R,3.0,R,43.0,R,12
194958,2011,R,236.0,R,357.0,R,66.0,R,203.0,R,0.0,R,203.0,R,149.0,R,73.0,R,1.0,R,0.0,R,1.0,R,0.0,R,0.0,R,13
194967,2011,A,,A,,A,,R,102.0,R,1.0,R,101.0,R,49.0,R,49.0,R,19.0,R,0.0,R,19.0,R,6.0,R,32.0,R,20
195003,2011,R,2669.0,R,3648.0,R,73.0,R,2374.0,R,6.0,R,2368.0,R,2042.0,R,86.0,R,10.0,R,0.0,R,10.0,R,6.0,R,60.0,R,13
195030,2011,R,1273.0,R,1547.0,R,82.0,R,1308.0,R,0.0,R,1308.0,R,1242.0,R,95.0,A,,A,,A,,A,,A,,R,10
195058,2011,R,1486.0,R,2279.0,R,65.0,R,1516.0,Z,0.0,R,1516.0,R,1056.0,R,70.0,R,71.0,Z,0.0,R,71.0,R,38.0,R,54.0,R,25
195067,2011,A,,A,,A,,R,121.0,R,2.0,R,119.0,R,64.0,R,54.0,R,33.0,R,1.0,R,32.0,R,18.0,R,56.0,R,19
195128,2011,R,306.0,R,591.0,R,52.0,R,252.0,R,0.0,R,252.0,R,187.0,R,74.0,R,0.0,R,0.0,R,0.0,R,0.0,A,,R,14
195164,2011,R,489.0,R,605.0,R,81.0,R,494.0,R,0.0,R,494.0,R,394.0,R,80.0,R,0.0,R,0.0,R,0.0,R,0.0,A,,R,13
195173,2011,R,453.0,R,722.0,R,63.0,R,559.0,R,0.0,R,559.0,R,445.0,R,80.0,R,10.0,R,0.0,R,10.0,R,9.0,R,90.0,R,18
195191,2011,R,7.0,R,132.0,R,5.0,R,10.0,Z,0.0,R,10.0,R,8.0,R,80.0,A,,A,,A,,A,,A,,R,8
195216,2011,R,645.0,R,685.0,R,94.0,R,609.0,R,0.0,R,609.0,R,548.0,R,90.0,A,,A,,A,,A,,A,,R,12
195234,2011,R,596.0,R,890.0,R,67.0,R,639.0,R,0.0,R,639.0,R,501.0,R,78.0,R,1.0,R,0.0,R,1.0,R,1.0,R,100.0,R,14
195243,2011,R,302.0,R,842.0,R,36.0,R,290.0,R,0.0,R,290.0,R,220.0,R,76.0,R,0.0,R,0.0,R,0.0,R,0.0,A,,R,17
195289,2011,R,1.0,R,47.0,R,2.0,R,2.0,R,0.0,R,2.0,R,2.0,R,100.0,A,,A,,A,,A,,A,,R,6
195304,2011,R,374.0,R,476.0,R,79.0,R,338.0,R,0.0,R,338.0,R,302.0,R,89.0,A,,A,,A,,A,,A,,R,9
195322,2011,R,857.0,R,1720.0,R,50.0,R,831.0,Z,0.0,R,831.0,R,431.0,R,52.0,R,131.0,Z,0.0,R,131.0,R,60.0,R,46.0,R,32
195438,2011,R,20.0,R,40.0,R,50.0,R,21.0,R,8.0,R,13.0,R,7.0,R,54.0,A,,A,,A,,A,,A,,R,11
195474,2011,R,782.0,R,919.0,R,85.0,R,769.0,R,0.0,R,769.0,R,654.0,R,85.0,A,,A,,A,,A,,A,,R,13
195492,2011,R,1.0,R,15.0,R,7.0,R,1.0,Z,0.0,R,1.0,R,1.0,R,100.0,R,3.0,R,2.0,R,1.0,R,1.0,R,100.0,R,3
195526,2011,R,663.0,R,710.0,R,93.0,R,768.0,R,0.0,R,768.0,R,733.0,R,95.0,A,,A,,A,,A,,A,,R,9
195544,2011,R,649.0,R,1334.0,R,49.0,R,697.0,R,0.0,R,697.0,R,605.0,R,87.0,R,15.0,R,0.0,R,15.0,R,8.0,R,53.0,R,15
195623,2011,A,,A,,A,,R,2.0,R,0.0,R,2.0,R,0.0,R,0.0,R,16.0,R,0.0,R,16.0,R,2.0,R,13.0,R,22
195669,2011,A,,A,,A,,A,,A,,A,,A,,A,,A,,A,,A,,A,,A,,R,9
195687,2011,R,17.0,R,109.0,R,16.0,R,17.0,R,0.0,R,17.0,R,15.0,R,88.0,R,0.0,R,0.0,R,0.0,R,0.0,A,,R,9
195702,2011,A,,A,,A,,A,,A,,A,,A,,A,,A,,A,,A,,A,,A,,R,5
195720,2011,R,554.0,R,839.0,R,66.0,R,623.0,R,0.0,R,623.0,R,514.0,R,83.0,R,0.0,R,0.0,R,0.0,R,0.0,A,,R,11
195784,2011,A,,A,,A,,R,0.0,R,0.0,R,0.0,R,0.0,A,,A,,A,,A,,A,,A,,R,15
195793,2011,A,,A,,A,,R,0.0,R,0.0,R,0.0,R,0.0,A,,A,,A,,A,,A,,A,,R,14
195809,2011,R,2761.0,R,7355.0,R,38.0,R,3047.0,Z,0.0,R,3047.0,R,2397.0,R,79.0,R,8.0,Z,0.0,R,8.0,R,6.0,R,75.0,R,18
195845,2011,R,43.0,R,166.0,R,26.0,R,63.0,R,0.0,R,63.0,R,41.0,R,65.0,R,14.0,R,0.0,R,14.0,R,7.0,R,50.0,R,16
195924,2011,A,,A,,A,,R,228.0,R,0.0,R,228.0,R,145.0,R,64.0,R,17.0,R,0.0,R,17.0,R,12.0,R,71.0,R,43
195933,2011,A,,A,,A,,R,180.0,R,0.0,R,180.0,R,141.0,R,78.0,R,109.0,R,0.0,R,109.0,R,62.0,R,57.0,R,43
195988,2011,R,423.0,R,582.0,R,73.0,R,471.0,Z,0.0,R,471.0,R,245.0,R,52.0,R,28.0,Z,0.0,R,28.0,R,11.0,R,39.0,R,19
196006,2011,R,1077.0,R,1350.0,R,80.0,R,200.0,Z,0.0,R,200.0,R,131.0,R,66.0,R,1.0,Z,0.0,R,1.0,Z,0.0,R,0.0,R,17
196015,2011,R,945.0,R,1482.0,R,64.0,R,79.0,Z,0.0,R,79.0,R,59.0,R,75.0,R,1.0,Z,0.0,R,1.0,Z,0.0,R,0.0,R,22
196024,2011,R,884.0,R,1284.0,R,69.0,R,45.0,Z,0.0,R,45.0,R,36.0,R,80.0,R,0.0,R,0.0,R,0.0,R,0.0,A,,R,16
196033,2011,R,749.0,R,995.0,R,75.0,R,127.0,R,0.0,R,127.0,R,108.0,R,85.0,R,0.0,R,0.0,R,0.0,R,0.0,A,,R,20
196042,2011,R,921.0,R,2395.0,R,38.0,R,335.0,Z,0.0,R,335.0,R,282.0,R,84.0,R,2.0,Z,0.0,R,2.0,R,1.0,R,50.0,R,19
196051,2011,R,1003.0,R,1255.0,R,80.0,R,74.0,Z,0.0,R,74.0,R,46.0,R,62.0,R,0.0,R,0.0,R,0.0,R,0.0,A,,R,22
196060,2011,R,2419.0,R,4033.0,R,60.0,R,2232.0,Z,0.0,R,2232.0,R,1872.0,R,84.0,R,10.0,Z,0.0,R,10.0,R,7.0,R,70.0,R,19
196079,2011,R,2435.0,R,3406.0,R,71.0,R,2228.0,Z,0.0,R,2228.0,R,2018.0,R,91.0,R,93.0,Z,0.0,R,93.0,R,60.0,R,65.0,R,20
196088,2011,R,3231.0,R,5142.0,R,63.0,R,3357.0,Z,0.0,R,3357.0,R,2940.0,R,88.0,R,36.0,Z,0.0,R,36.0,R,31.0,R,86.0,R,15
196097,2011,R,2516.0,R,3988.0,R,63.0,R,2733.0,R,0.0,R,2733.0,R,2504.0,R,92.0,R,8.0,Z,0.0,R,8.0,R,5.0,R,63.0,R,18
196103,2011,R,287.0,R,523.0,R,55.0,R,256.0,R,0.0,R,256.0,R,215.0,R,84.0,R,3.0,Z,0.0,R,3.0,R,3.0,R,100.0,R,16
196112,2011,R,198.0,R,577.0,R,34.0,R,205.0,Z,0.0,R,205.0,R,146.0,R,71.0,A,,A,,A,,A,,A,,R,18
196121,2011,R,1050.0,R,2026.0,R,52.0,R,1048.0,Z,0.0,R,1048.0,R,882.0,R,84.0,A,,A,,A,,A,,A,,R,17
196130,2011,R,1391.0,R,2821.0,R,49.0,R,1456.0,Z,0.0,R,1456.0,R,1110.0,R,76.0,R,11.0,Z,0.0,R,11.0,R,4.0,R,36.0,R,19
196149,2011,R,1201.0,R,1854.0,R,65.0,R,1217.0,Z,0.0,R,1217.0,R,1036.0,R,85.0,R,1.0,Z,0.0,R,1.0,R,1.0,R,100.0,R,17
196158,2011,R,1122.0,R,1603.0,R,70.0,R,1075.0,Z,0.0,R,1075.0,R,825.0,R,77.0,R,4.0,Z,0.0,R,4.0,R,1.0,R,25.0,R,16
196167,2011,R,1008.0,R,1397.0,R,72.0,R,1006.0,R,0.0,R,1006.0,R,915.0,R,91.0,R,2.0,Z,0.0,R,2.0,R,1.0,R,50.0,R,20
196176,2011,R,1162.0,R,1916.0,R,61.0,R,1100.0,Z,0.0,R,1100.0,R,968.0,R,88.0,A,,A,,A,,A,,A,,R,17
196185,2011,R,1172.0,R,1669.0,R,70.0,R,1131.0,Z,0.0,R,1131.0,R,952.0,R,84.0,R,1.0,Z,0.0,R,1.0,Z,0.0,R,0.0,R,18
196194,2011,R,1334.0,R,2165.0,R,62.0,R,1385.0,R,3.0,R,1382.0,R,1087.0,R,79.0,R,7.0,Z,0.0,R,7.0,R,0.0,R,0.0,R,19
196200,2011,R,897.0,R,1243.0,R,72.0,R,904.0,Z,0.0,R,904.0,R,692.0,R,77.0,R,1.0,Z,0.0,R,1.0,Z,0.0,R,0.0,R,15
196219,2011,R,797.0,R,1286.0,R,62.0,R,672.0,Z,0.0,R,672.0,R,546.0,R,81.0,A,,A,,A,,A,,A,,R,16
196237,2011,R,399.0,R,1187.0,R,34.0,R,390.0,R,0.0,R,390.0,R,296.0,R,76.0,R,11.0,R,0.0,R,11.0,R,2.0,R,18.0,R,20
196246,2011,R,959.0,R,1653.0,R,58.0,R,995.0,Z,0.0,R,995.0,R,807.0,R,81.0,R,2.0,Z,0.0,R,2.0,R,1.0,R,50.0,R,17
196255,2011,A,,A,,A,,A,,A,,A,,A,,A,,A,,A,,A,,A,,A,,R,3
196264,2011,R,144.0,R,2423.0,R,6.0,R,143.0,Z,0.0,R,143.0,R,71.0,R,50.0,R,98.0,Z,0.0,R,98.0,R,58.0,R,59.0,R,14
196291,2011,R,367.0,R,457.0,R,80.0,R,352.0,Z,0.0,R,352.0,R,268.0,R,76.0,R,3.0,Z,0.0,R,3.0,Z,0.0,R,0.0,R,14
196307,2011,A,,A,,A,,A,,A,,A,,A,,A,,A,,A,,A,,A,,A,,R,6
196389,2011,R,90.0,R,253.0,R,36.0,R,14.0,R,0.0,R,14.0,R,11.0,R,79.0,R,27.0,R,0.0,R,27.0,R,15.0,R,56.0,R,18
196413,2011,R,3398.0,R,4107.0,R,83.0,R,3458.0,R,0.0,R,3458.0,R,3170.0,R,92.0,R,13.0,R,0.0,R,13.0,R,9.0,R,69.0,R,16
196431,2011,R,74.0,R,239.0,R,31.0,R,96.0,R,0.0,R,96.0,R,63.0,R,66.0,A,,A,,A,,A,,A,,R,21
196440,2011,R,3.0,R,4.0,R,75.0,R,0.0,R,0.0,R,0.0,R,0.0,A,,A,,A,,A,,A,,A,,R,10
196477,2011,R,1089.0,R,1359.0,R,80.0,R,1147.0,Z,0.0,R,1147.0,R,473.0,R,41.0,R,78.0,Z,0.0,R,78.0,R,9.0,R,12.0,R,28
196565,2011,R,1053.0,R,1486.0,R,71.0,R,1075.0,R,0.0,R,1075.0,R,570.0,R,53.0,R,50.0,R,0.0,R,50.0,R,17.0,R,34.0,R,20
196583,2011,R,60.0,R,78.0,R,77.0,R,55.0,R,0.0,R,55.0,R,36.0,R,65.0,A,,A,,A,,A,,A,,R,24
196592,2011,R,898.0,R,1902.0,R,47.0,R,189.0,R,0.0,R,189.0,R,155.0,R,82.0,R,57.0,R,0.0,R,57.0,R,39.0,R,68.0,R,11
196653,2011,R,112.0,R,598.0,R,19.0,R,0.0,R,0.0,R,0.0,R,0.0,A,,R,0.0,R,0.0,R,0.0,R,0.0,A,,R,12
196680,2011,A,,A,,A,,A,,A,,A,,A,,A,,A,,A,,A,,A,,A,,R,15
196699,2011,R,598.0,R,944.0,R,63.0,R,604.0,Z,0.0,R,604.0,R,318.0,R,53.0,R,81.0,Z,0.0,R,81.0,R,43.0,R,53.0,R,21
196857,2011,A,,A,,A,,R,246.0,R,0.0,R,246.0,R,169.0,R,69.0,A,,A,,A,,A,,A,,R,35
196866,2011,R,572.0,R,643.0,R,89.0,R,554.0,R,0.0,R,554.0,R,520.0,R,94.0,A,,A,,A,,A,,A,,R,10
197018,2011,R,355.0,R,412.0,R,86.0,R,437.0,Z,0.0,R,437.0,R,379.0,R,87.0,A,,A,,A,,A,,A,,R,21
197027,2011,R,242.0,R,263.0,R,92.0,R,289.0,R,0.0,R,289.0,R,281.0,R,97.0,A,,A,,A,,A,,A,,R,13
197036,2011,R,1231.0,R,1231.0,R,100.0,R,1312.0,R,0.0,R,1312.0,R,1201.0,R,92.0,A,,A,,A,,A,,A,,R,8
197045,2011,R,530.0,R,872.0,R,61.0,R,564.0,R,0.0,R,564.0,R,363.0,R,64.0,R,0.0,R,0.0,R,0.0,R,0.0,A,,R,11
197081,2011,R,53.0,R,112.0,R,47.0,R,83.0,R,0.0,R,83.0,R,43.0,R,52.0,R,4.0,R,0.0,R,4.0,R,3.0,R,75.0,R,9
197133,2011,R,669.0,R,708.0,R,94.0,R,666.0,R,0.0,R,666.0,R,638.0,R,96.0,A,,A,,A,,A,,A,,R,8
197142,2011,R,84.0,R,153.0,R,55.0,R,50.0,R,0.0,R,50.0,R,34.0,R,68.0,R,0.0,R,0.0,R,0.0,R,0.0,A,,R,12
197151,2011,R,643.0,R,700.0,R,92.0,R,662.0,R,0.0,R,662.0,R,521.0,R,79.0,R,3.0,R,0.0,R,3.0,R,1.0,R,33.0,R,8
197197,2011,R,470.0,R,568.0,R,83.0,R,483.0,R,0.0,R,483.0,R,378.0,R,78.0,A,,A,,A,,A,,A,,R,14
197221,2011,R,22.0,R,26.0,R,85.0,R,18.0,R,0.0,R,18.0,R,15.0,R,83.0,A,,A,,A,,A,,A,,R,7
197230,2011,R,137.0,R,159.0,R,86.0,R,164.0,R,0.0,R,164.0,R,113.0,R,69.0,A,,A,,A,,A,,A,,R,10
197285,2011,R,225.0,R,232.0,R,97.0,R,35.0,R,0.0,R,35.0,R,12.0,R,34.0,R,1.0,R,0.0,R,1.0,R,0.0,R,0.0,R,15
197294,2011,R,2215.0,R,4343.0,R,51.0,R,2200.0,Z,0.0,R,2200.0,R,1374.0,R,62.0,R,413.0,Z,0.0,R,413.0,R,203.0,R,49.0,R,20
197337,2011,A,,A,,A,,R,40.0,R,0.0,R,40.0,R,36.0,R,90.0,R,24.0,R,0.0,R,24.0,R,21.0,R,88.0,R,21
197522,2011,R,239.0,R,345.0,R,69.0,R,258.0,R,0.0,R,258.0,R,200.0,R,78.0,A,,A,,A,,A,,A,,R,35
197531,2011,A,,A,,A,,R,469.0,R,0.0,R,469.0,R,165.0,R,35.0,A,,A,,A,,A,,A,,R,34
197601,2011,R,23.0,R,24.0,R,96.0,R,14.0,R,5.0,R,9.0,R,6.0,R,67.0,A,,A,,A,,A,,A,,R,10
197610,2011,R,36.0,R,48.0,R,75.0,R,29.0,R,0.0,R,29.0,R,28.0,R,97.0,A,,A,,A,,A,,A,,R,12
197647,2011,R,26.0,R,48.0,R,54.0,R,20.0,R,0.0,R,20.0,R,16.0,R,80.0,A,,A,,A,,A,,A,,R,7
197674,2011,R,67.0,R,73.0,R,92.0,R,80.0,R,0.0,R,80.0,R,57.0,R,71.0,A,,A,,A,,A,,A,,R,12
197692,2011,R,26.0,R,26.0,R,100.0,R,5.0,R,0.0,R,5.0,R,0.0,R,0.0,A,,A,,A,,A,,A,,R,15
197708,2011,R,893.0,R,914.0,R,98.0,R,884.0,R,366.0,R,518.0,R,486.0,R,94.0,R,5.0,R,0.0,R,5.0,R,4.0,R,80.0,R,6
197735,2011,R,87.0,R,87.0,R,100.0,R,92.0,R,0.0,R,92.0,R,92.0,R,100.0,A,,A,,A,,A,,A,,R,11
197744,2011,R,18.0,R,76.0,R,24.0,R,16.0,R,0.0,R,16.0,R,7.0,R,44.0,A,,A,,A,,A,,A,,R,22
197814,2011,R,400.0,R,1608.0,R,25.0,R,546.0,R,0.0,R,546.0,R,497.0,R,91.0,R,560.0,R,0.0,R,560.0,R,498.0,R,89.0,R,14
197832,2011,R,244.0,R,607.0,R,40.0,R,157.0,R,0.0,R,157.0,R,81.0,R,52.0,R,15.0,R,0.0,R,15.0,R,3.0,R,20.0,R,18
197850,2011,R,95.0,R,515.0,R,18.0,R,172.0,R,0.0,R,172.0,R,53.0,R,31.0,R,209.0,R,0.0,R,209.0,R,86.0,R,41.0,R,12
197869,2011,R,2971.0,R,4083.0,R,73.0,R,2823.0,R,0.0,R,2823.0,R,2472.0,R,88.0,R,6.0,R,0.0,R,6.0,R,4.0,R,67.0,R,17
197887,2011,R,468.0,R,3782.0,R,12.0,R,402.0,R,0.0,R,402.0,R,254.0,R,63.0,R,463.0,R,0.0,R,463.0,R,199.0,R,43.0,R,17
197911,2011,R,235.0,R,385.0,R,61.0,R,228.0,R,0.0,R,228.0,R,156.0,R,68.0,R,0.0,Z,0.0,R,0.0,Z,0.0,A,,R,12
197966,2011,R,220.0,R,797.0,R,28.0,R,231.0,R,0.0,R,231.0,R,104.0,R,45.0,R,93.0,R,0.0,R,93.0,R,41.0,R,44.0,R,12
197984,2011,R,271.0,R,479.0,R,57.0,R,318.0,Z,0.0,R,318.0,R,204.0,R,64.0,R,1.0,Z,0.0,R,1.0,R,1.0,R,100.0,R,17
197993,2011,R,158.0,R,190.0,R,83.0,R,207.0,R,0.0,R,207.0,R,151.0,R,73.0,R,1.0,R,0.0,R,1.0,R,0.0,R,0.0,R,10
198011,2011,R,133.0,R,666.0,R,20.0,R,187.0,R,0.0,R,187.0,R,97.0,R,52.0,R,60.0,Z,0.0,R,60.0,R,45.0,R,75.0,R,15
198039,2011,R,237.0,R,990.0,R,24.0,R,298.0,R,0.0,R,298.0,R,197.0,R,66.0,R,171.0,R,1.0,R,170.0,R,85.0,R,50.0,R,13
198066,2011,R,190.0,R,234.0,R,81.0,R,199.0,R,0.0,R,199.0,R,130.0,R,65.0,R,1.0,R,0.0,R,1.0,R,0.0,R,0.0,R,9
198075,2011,A,,A,,A,,R,73.0,R,0.0,R,73.0,R,47.0,R,64.0,A,,A,,A,,A,,A,,R,22
198084,2011,R,257.0,R,832.0,R,31.0,R,194.0,R,0.0,R,194.0,R,101.0,R,52.0,R,88.0,R,0.0,R,88.0,R,42.0,R,48.0,R,20
198109,2011,R,22.0,R,177.0,R,12.0,R,16.0,R,0.0,R,16.0,R,11.0,R,69.0,R,5.0,R,0.0,R,5.0,R,3.0,R,60.0,R,8
198118,2011,R,541.0,R,2770.0,R,20.0,R,569.0,Z,0.0,R,569.0,R,306.0,R,54.0,R,278.0,Z,0.0,R,278.0,R,97.0,R,35.0,R,14
198136,2011,R,867.0,R,1520.0,R,57.0,R,831.0,R,0.0,R,831.0,R,639.0,R,77.0,R,3.0,Z,0.0,R,3.0,R,1.0,R,33.0,R,21
198154,2011,R,987.0,R,2419.0,R,41.0,R,935.0,R,0.0,R,935.0,R,607.0,R,65.0,R,456.0,R,0.0,R,456.0,R,221.0,R,48.0,R,14
198190,2011,A,,A,,A,,A,,A,,A,,A,,A,,A,,A,,A,,A,,A,,R,6
198206,2011,R,180.0,R,460.0,R,39.0,R,224.0,R,0.0,R,224.0,R,110.0,R,49.0,R,152.0,R,0.0,R,152.0,R,58.0,R,38.0,R,9
198215,2011,R,304.0,R,450.0,R,68.0,R,253.0,R,0.0,R,253.0,R,180.0,R,71.0,A,,A,,A,,A,,A,,R,15
198233,2011,R,502.0,R,2493.0,R,20.0,R,572.0,Z,0.0,R,572.0,R,365.0,R,64.0,R,368.0,Z,0.0,R,368.0,R,140.0,R,38.0,R,12
198242,2011,R,71.0,R,192.0,R,37.0,R,9.0,R,0.0,R,9.0,R,6.0,R,67.0,R,0.0,R,0.0,R,0.0,R,0.0,A,,R,8
198251,2011,R,386.0,R,1523.0,R,25.0,R,494.0,R,0.0,R,494.0,R,276.0,R,56.0,R,634.0,R,0.0,R,634.0,R,215.0,R,34.0,R,14
198260,2011,R,1284.0,R,4011.0,R,32.0,R,1201.0,Z,0.0,R,1201.0,R,683.0,R,57.0,R,839.0,Z,0.0,R,839.0,R,475.0,R,57.0,R,22
198303,2011,R,578.0,R,653.0,R,89.0,R,510.0,R,0.0,R,510.0,R,202.0,R,40.0,R,3.0,R,0.0,R,3.0,R,0.0,R,0.0,R,18
198321,2011,R,382.0,R,1309.0,R,29.0,R,427.0,R,0.0,R,427.0,R,267.0,R,63.0,R,204.0,R,0.0,R,204.0,R,73.0,R,36.0,R,11
198330,2011,R,527.0,R,1641.0,R,32.0,R,412.0,R,0.0,R,412.0,R,258.0,R,63.0,R,487.0,R,0.0,R,487.0,R,155.0,R,32.0,R,16
198367,2011,R,247.0,R,869.0,R,28.0,R,300.0,Z,0.0,R,300.0,R,172.0,R,57.0,R,299.0,Z,0.0,R,299.0,R,97.0,R,32.0,R,14
198376,2011,R,497.0,R,1242.0,R,40.0,R,468.0,R,0.0,R,468.0,R,251.0,R,54.0,R,251.0,R,0.0,R,251.0,R,116.0,R,46.0,R,21
198385,2011,R,488.0,R,502.0,R,97.0,R,499.0,R,0.0,R,499.0,R,480.0,R,96.0,A,,A,,A,,A,,A,,R,11
198419,2011,R,1722.0,R,1866.0,R,92.0,R,1752.0,R,0.0,R,1752.0,R,1694.0,R,97.0,A,,A,,A,,A,,A,,R,7
198455,2011,R,343.0,R,2356.0,R,15.0,R,264.0,R,0.0,R,264.0,R,145.0,R,55.0,R,476.0,R,0.0,R,476.0,R,161.0,R,34.0,R,9
198464,2011,R,3873.0,R,5417.0,R,71.0,R,4201.0,R,0.0,R,4201.0,R,3402.0,R,81.0,R,9.0,R,0.0,R,9.0,R,5.0,R,56.0,R,18
198491,2011,R,347.0,R,1740.0,R,20.0,R,350.0,R,0.0,R,350.0,R,141.0,R,40.0,R,174.0,R,0.0,R,174.0,R,98.0,R,56.0,R,22
198507,2011,R,387.0,R,585.0,R,66.0,R,576.0,R,0.0,R,576.0,R,445.0,R,77.0,R,6.0,R,0.0,R,6.0,R,3.0,R,50.0,R,15
198516,2011,R,1417.0,R,1501.0,R,94.0,R,1359.0,R,0.0,R,1359.0,R,1220.0,R,90.0,R,2.0,R,0.0,R,2.0,R,1.0,R,50.0,R,13
198525,2011,A,,A,,A,,R,19.0,R,0.0,R,19.0,R,11.0,R,58.0,A,,A,,A,,A,,A,,R,20
198534,2011,R,1028.0,R,5213.0,R,20.0,R,820.0,R,0.0,R,820.0,R,594.0,R,72.0,R,616.0,R,0.0,R,616.0,R,258.0,R,42.0,R,15
198543,2011,R,647.0,R,1440.0,R,45.0,R,538.0,R,0.0,R,538.0,R,377.0,R,70.0,R,9.0,R,0.0,R,9.0,R,5.0,R,56.0,R,16
198552,2011,R,906.0,R,2420.0,R,37.0,R,968.0,R,0.0,R,968.0,R,574.0,R,59.0,R,414.0,R,0.0,R,414.0,R,211.0,R,51.0,R,14
198561,2011,R,481.0,R,905.0,R,53.0,R,450.0,R,0.0,R,450.0,R,313.0,R,70.0,R,0.0,R,0.0,R,0.0,R,0.0,A,,R,13
198570,2011,R,474.0,R,2246.0,R,21.0,R,508.0,Z,0.0,R,508.0,R,340.0,R,67.0,R,489.0,Z,0.0,R,489.0,R,188.0,R,38.0,R,20
198598,2011,R,223.0,R,417.0,R,53.0,R,192.0,R,0.0,R,192.0,R,123.0,R,64.0,R,0.0,R,0.0,R,0.0,R,0.0,A,,R,11
198613,2011,R,354.0,R,771.0,R,46.0,R,367.0,R,0.0,R,367.0,R,280.0,R,76.0,R,18.0,R,0.0,R,18.0,R,10.0,R,56.0,R,16
198622,2011,R,1937.0,R,4165.0,R,47.0,R,2275.0,R,0.0,R,2275.0,R,1345.0,R,59.0,R,770.0,R,0.0,R,770.0,R,348.0,R,45.0,R,26
198640,2011,R,226.0,R,386.0,R,59.0,R,274.0,R,0.0,R,274.0,R,165.0,R,60.0,R,102.0,R,0.0,R,102.0,R,32.0,R,31.0,R,11
198668,2011,R,148.0,R,1038.0,R,14.0,R,148.0,R,0.0,R,148.0,R,102.0,R,69.0,R,270.0,R,0.0,R,270.0,R,142.0,R,53.0,R,11
198677,2011,R,8.0,R,20.0,R,40.0,R,6.0,R,0.0,R,6.0,R,3.0,R,50.0,R,0.0,R,0.0,R,0.0,R,0.0,A,,R,7
198695,2011,R,1269.0,R,1366.0,R,93.0,R,1205.0,R,1.0,R,1204.0,R,947.0,R,79.0,R,5.0,R,0.0,R,5.0,R,4.0,R,80.0,R,16
198710,2011,R,269.0,R,965.0,R,28.0,R,256.0,R,0.0,R,256.0,R,137.0,R,54.0,R,84.0,R,0.0,R,84.0,R,41.0,R,49.0,R,20
198729,2011,R,148.0,R,669.0,R,22.0,R,154.0,Z,0.0,R,154.0,R,82.0,R,53.0,R,68.0,Z,0.0,R,68.0,R,29.0,R,43.0,R,16
198747,2011,R,10.0,R,64.0,R,16.0,R,10.0,R,0.0,R,10.0,R,7.0,R,70.0,R,3.0,R,0.0,R,3.0,R,0.0,R,0.0,R,7
198756,2011,R,373.0,R,508.0,R,73.0,R,221.0,R,0.0,R,221.0,R,164.0,R,74.0,R,2.0,R,0.0,R,2.0,R,1.0,R,50.0,R,14
198774,2011,R,502.0,R,2016.0,R,25.0,R,601.0,Z,0.0,R,601.0,R,348.0,R,58.0,R,267.0,Z,0.0,R,267.0,R,118.0,R,44.0,R,13
198808,2011,R,207.0,R,351.0,R,59.0,R,207.0,R,0.0,R,207.0,R,139.0,R,67.0,A,,A,,A,,A,,A,,R,14
198817,2011,R,414.0,R,1893.0,R,22.0,R,399.0,R,66.0,R,333.0,R,147.0,R,44.0,R,113.0,R,53.0,R,60.0,R,13.0,R,22.0,R,11
198835,2011,R,400.0,R,616.0,R,65.0,R,423.0,R,0.0,R,423.0,R,275.0,R,65.0,A,,A,,A,,A,,A,,R,12
198844,2011,A,,A,,A,,R,63.0,R,0.0,R,63.0,R,57.0,R,90.0,R,20.0,R,0.0,R,20.0,R,18.0,R,90.0,R,20
198862,2011,R,339.0,R,415.0,R,82.0,R,397.0,R,0.0,R,397.0,R,203.0,R,51.0,A,,A,,A,,A,,A,,R,16
198871,2011,R,358.0,R,409.0,R,88.0,R,405.0,R,0.0,R,405.0,R,162.0,R,40.0,R,0.0,R,0.0,R,0.0,R,0.0,A,,R,18
198899,2011,R,392.0,R,499.0,R,79.0,R,273.0,R,0.0,R,273.0,R,164.0,R,60.0,R,1.0,R,0.0,R,1.0,R,0.0,R,0.0,R,12
198905,2011,R,109.0,R,379.0,R,29.0,R,144.0,R,0.0,R,144.0,R,83.0,R,58.0,R,36.0,R,0.0,R,36.0,R,16.0,R,44.0,R,15
198914,2011,R,111.0,R,531.0,R,21.0,R,109.0,R,0.0,R,109.0,R,97.0,R,89.0,R,348.0,R,0.0,R,348.0,R,328.0,R,94.0,R,9
198923,2011,R,144.0,R,484.0,R,30.0,R,157.0,R,0.0,R,157.0,R,74.0,R,47.0,R,85.0,R,0.0,R,85.0,R,48.0,R,56.0,R,10
198941,2011,A,,A,,A,,R,0.0,R,0.0,R,0.0,R,0.0,A,,A,,A,,A,,A,,A,,R,3
198950,2011,R,398.0,R,518.0,R,77.0,R,366.0,R,0.0,R,366.0,R,282.0,R,77.0,A,,A,,A,,A,,A,,R,11
198969,2011,R,478.0,R,833.0,R,57.0,R,531.0,R,0.0,R,531.0,R,330.0,R,62.0,R,20.0,R,0.0,R,20.0,R,6.0,R,30.0,R,13
198978,2011,R,221.0,R,769.0,R,29.0,R,32.0,Z,0.0,R,32.0,R,22.0,R,69.0,R,22.0,Z,0.0,R,22.0,R,8.0,R,36.0,R,37
198987,2011,R,403.0,R,1094.0,R,37.0,R,368.0,R,0.0,R,368.0,R,222.0,R,60.0,R,146.0,Z,0.0,R,146.0,R,62.0,R,42.0,R,19
198996,2011,A,,A,,A,,R,8.0,R,0.0,R,8.0,R,6.0,R,75.0,A,,A,,A,,A,,A,,R,20
199005,2011,A,,A,,A,,R,8.0,Z,0.0,R,8.0,R,8.0,R,100.0,A,,A,,A,,A,,A,,R,20
199014,2011,A,,A,,A,,R,21.0,R,0.0,R,21.0,R,15.0,R,71.0,R,6.0,Z,0.0,R,6.0,R,2.0,R,33.0,R,20
199023,2011,R,70.0,R,358.0,R,20.0,R,70.0,R,0.0,R,70.0,R,35.0,R,50.0,R,27.0,R,0.0,R,27.0,R,6.0,R,22.0,R,8
199032,2011,R,83.0,R,168.0,R,49.0,R,107.0,R,0.0,R,107.0,R,53.0,R,50.0,R,4.0,R,0.0,R,4.0,R,2.0,R,50.0,R,14
199069,2011,R,241.0,R,1047.0,R,23.0,R,362.0,R,0.0,R,362.0,R,253.0,R,70.0,R,7.0,Z,0.0,R,7.0,R,2.0,R,29.0,R,20
199078,2011,A,,A,,A,,R,7.0,R,0.0,R,7.0,R,4.0,R,57.0,A,,A,,A,,A,,A,,R,11
199087,2011,R,399.0,R,1058.0,R,38.0,R,348.0,R,0.0,R,348.0,R,198.0,R,57.0,R,170.0,Z,0.0,R,170.0,R,75.0,R,44.0,R,22
199102,2011,R,1867.0,R,2350.0,R,79.0,R,2040.0,R,0.0,R,2040.0,R,1516.0,R,74.0,R,13.0,R,0.0,R,13.0,R,5.0,R,38.0,R,18
199111,2011,R,538.0,R,1163.0,R,46.0,R,593.0,R,0.0,R,593.0,R,473.0,R,80.0,R,2.0,R,0.0,R,2.0,R,1.0,R,50.0,R,14
199120,2011,R,4025.0,R,4817.0,R,84.0,R,3946.0,R,0.0,R,3946.0,R,3824.0,R,97.0,R,14.0,R,0.0,R,14.0,R,12.0,R,86.0,R,14
199139,2011,R,3142.0,R,5603.0,R,56.0,R,2955.0,R,0.0,R,2955.0,R,2305.0,R,78.0,R,30.0,R,0.0,R,30.0,R,22.0,R,73.0,R,19
199148,2011,R,2417.0,R,4189.0,R,58.0,R,2505.0,R,0.0,R,2505.0,R,1896.0,R,76.0,R,10.0,R,0.0,R,10.0,R,5.0,R,50.0,R,17
199157,2011,R,1244.0,R,1793.0,R,69.0,R,1218.0,R,0.0,R,1218.0,R,825.0,R,68.0,R,17.0,R,0.0,R,17.0,R,6.0,R,35.0,R,15
199184,2011,R,178.0,R,247.0,R,72.0,R,142.0,R,0.0,R,142.0,R,120.0,R,85.0,A,,A,,A,,A,,A,,R,7
199193,2011,R,4681.0,R,6772.0,R,69.0,R,4547.0,R,0.0,R,4547.0,R,4065.0,R,89.0,R,11.0,R,0.0,R,11.0,R,6.0,R,55.0,R,18
199209,2011,R,191.0,R,229.0,R,83.0,R,212.0,R,0.0,R,212.0,R,108.0,R,51.0,R,1.0,R,0.0,R,1.0,R,0.0,R,0.0,R,15
199218,2011,R,1979.0,R,3703.0,R,53.0,R,1988.0,R,0.0,R,1988.0,R,1701.0,R,86.0,R,4.0,R,0.0,R,4.0,R,2.0,R,50.0,R,16
199263,2011,R,42.0,R,291.0,R,14.0,R,42.0,R,0.0,R,42.0,R,14.0,R,33.0,R,26.0,R,0.0,R,26.0,R,5.0,R,19.0,R,9
199272,2011,R,131.0,R,266.0,R,49.0,R,158.0,R,0.0,R,158.0,R,88.0,R,56.0,R,0.0,Z,0.0,R,0.0,R,0.0,A,,R,12
199281,2011,R,1018.0,R,1622.0,R,63.0,R,1039.0,R,0.0,R,1039.0,R,648.0,R,62.0,R,18.0,R,0.0,R,18.0,R,4.0,R,22.0,R,15
199306,2011,R,199.0,R,322.0,R,62.0,R,201.0,R,0.0,R,201.0,R,139.0,R,69.0,R,3.0,R,0.0,R,3.0,R,0.0,R,0.0,R,13
199315,2011,R,36.0,R,83.0,R,43.0,R,41.0,R,0.0,R,41.0,R,23.0,R,56.0,R,3.0,Z,0.0,R,3.0,R,1.0,R,33.0,R,9
199324,2011,R,224.0,R,975.0,R,23.0,R,224.0,Z,0.0,R,224.0,R,91.0,R,41.0,R,165.0,Z,0.0,R,165.0,R,39.0,R,24.0,R,16
199333,2011,R,647.0,R,2030.0,R,32.0,R,1109.0,R,0.0,R,1109.0,R,632.0,R,57.0,R,268.0,R,0.0,R,268.0,R,130.0,R,49.0,R,17
199412,2011,R,357.0,R,535.0,R,67.0,R,350.0,R,0.0,R,350.0,R,245.0,R,70.0,R,2.0,R,0.0,R,2.0,R,0.0,R,0.0,R,12
199421,2011,R,348.0,R,783.0,R,44.0,R,313.0,R,0.0,R,313.0,R,181.0,R,58.0,R,122.0,R,0.0,R,122.0,R,60.0,R,49.0,R,11
199449,2011,R,312.0,R,725.0,R,43.0,R,262.0,R,0.0,R,262.0,R,164.0,R,63.0,R,182.0,R,0.0,R,182.0,R,91.0,R,50.0,R,14
199458,2011,R,25.0,R,42.0,R,60.0,R,21.0,R,0.0,R,21.0,R,12.0,R,57.0,R,4.0,R,0.0,R,4.0,R,2.0,R,50.0,R,12
199467,2011,R,70.0,R,247.0,R,28.0,R,90.0,Z,0.0,R,90.0,R,72.0,R,80.0,R,26.0,Z,0.0,R,26.0,R,13.0,R,50.0,R,13
199476,2011,R,232.0,R,903.0,R,26.0,R,283.0,R,0.0,R,283.0,R,199.0,R,70.0,R,181.0,R,0.0,R,181.0,R,66.0,R,36.0,R,14
199485,2011,R,297.0,R,1177.0,R,25.0,R,321.0,R,0.0,R,321.0,R,167.0,R,52.0,R,161.0,R,0.0,R,161.0,R,66.0,R,41.0,R,18
199494,2011,R,839.0,R,2858.0,R,29.0,R,732.0,R,0.0,R,732.0,R,566.0,R,77.0,R,802.0,R,0.0,R,802.0,R,205.0,R,26.0,R,13
199582,2011,R,461.0,R,575.0,R,80.0,R,439.0,R,0.0,R,439.0,R,225.0,R,51.0,R,0.0,R,0.0,R,0.0,R,0.0,A,,R,14
199607,2011,R,181.0,R,302.0,R,60.0,R,150.0,R,0.0,R,150.0,R,109.0,R,73.0,R,6.0,R,1.0,R,5.0,R,3.0,R,60.0,R,11
199625,2011,R,219.0,R,482.0,R,45.0,R,194.0,R,0.0,R,194.0,R,97.0,R,50.0,R,59.0,R,0.0,R,59.0,R,21.0,R,36.0,R,17
199634,2011,R,536.0,R,2395.0,R,22.0,R,578.0,R,0.0,R,578.0,R,333.0,R,58.0,R,200.0,R,0.0,R,200.0,R,101.0,R,51.0,R,12
199643,2011,R,533.0,R,671.0,R,79.0,R,659.0,Z,0.0,R,659.0,R,316.0,R,48.0,R,43.0,Z,0.0,R,43.0,R,6.0,R,14.0,R,15
199689,2011,A,,A,,A,,R,68.0,R,0.0,R,68.0,R,59.0,R,87.0,R,30.0,R,0.0,R,30.0,R,23.0,R,77.0,R,15
199698,2011,R,142.0,R,190.0,R,75.0,R,97.0,R,0.0,R,97.0,R,73.0,R,75.0,A,,A,,A,,A,,A,,R,10
199713,2011,A,,A,,A,,R,20.0,R,1.0,R,19.0,R,14.0,R,74.0,R,4.0,Z,0.0,R,4.0,R,1.0,R,25.0,R,22
199722,2011,R,402.0,R,1705.0,R,24.0,R,1011.0,R,0.0,R,1011.0,R,458.0,R,45.0,R,408.0,R,0.0,R,408.0,R,133.0,R,33.0,R,16
199731,2011,R,191.0,R,1424.0,R,13.0,R,57.0,R,0.0,R,57.0,R,25.0,R,44.0,R,119.0,R,0.0,R,119.0,R,75.0,R,63.0,R,16
199740,2011,R,368.0,R,1511.0,R,24.0,R,403.0,R,0.0,R,403.0,R,251.0,R,62.0,R,125.0,R,0.0,R,125.0,R,45.0,R,36.0,R,15
199768,2011,R,468.0,R,906.0,R,52.0,R,446.0,R,14.0,R,432.0,R,337.0,R,78.0,R,145.0,R,14.0,R,131.0,R,57.0,R,44.0,R,13
199786,2011,R,552.0,R,2222.0,R,25.0,R,614.0,R,0.0,R,614.0,R,384.0,R,63.0,R,282.0,R,0.0,R,282.0,R,143.0,R,51.0,R,12
199795,2011,R,79.0,R,628.0,R,13.0,R,146.0,R,0.0,R,146.0,R,98.0,R,67.0,R,61.0,R,0.0,R,61.0,R,24.0,R,39.0,R,13
199838,2011,R,252.0,R,1102.0,R,23.0,R,254.0,R,0.0,R,254.0,R,168.0,R,66.0,R,305.0,R,0.0,R,305.0,R,123.0,R,40.0,R,15
199847,2011,R,1237.0,R,1294.0,R,96.0,R,1217.0,R,0.0,R,1217.0,R,1127.0,R,93.0,R,2.0,R,0.0,R,2.0,R,2.0,R,100.0,R,11
199856,2011,R,1253.0,R,9171.0,R,14.0,R,1173.0,R,0.0,R,1173.0,R,809.0,R,69.0,R,1627.0,R,0.0,R,1627.0,R,829.0,R,51.0,R,14
199865,2011,R,227.0,R,301.0,R,75.0,R,219.0,R,0.0,R,219.0,R,140.0,R,64.0,A,,A,,A,,A,,A,,R,12
199883,2011,A,,A,,A,,A,,A,,A,,A,,A,,A,,A,,A,,A,,A,,R,8
199892,2011,R,417.0,R,2099.0,R,20.0,R,361.0,Z,0.0,R,361.0,R,238.0,R,66.0,R,153.0,Z,0.0,R,153.0,R,64.0,R,42.0,R,15
199908,2011,R,371.0,R,1298.0,R,29.0,R,407.0,R,0.0,R,407.0,R,244.0,R,60.0,R,130.0,R,0.0,R,130.0,R,47.0,R,36.0,R,10
199926,2011,R,398.0,R,1029.0,R,39.0,R,376.0,R,0.0,R,376.0,R,251.0,R,67.0,R,140.0,R,0.0,R,140.0,R,61.0,R,44.0,R,14
199953,2011,R,201.0,R,762.0,R,26.0,R,320.0,R,0.0,R,320.0,R,156.0,R,49.0,R,95.0,R,0.0,R,95.0,R,33.0,R,35.0,R,17
199962,2011,R,536.0,R,622.0,R,86.0,R,605.0,R,0.0,R,605.0,R,454.0,R,75.0,R,1.0,Z,0.0,R,1.0,R,1.0,R,100.0,R,14
199971,2011,R,19.0,R,38.0,R,50.0,R,9.0,R,0.0,R,9.0,R,9.0,R,100.0,R,0.0,R,0.0,R,0.0,R,0.0,A,,R,8
199980,2011,A,,A,,A,,R,8.0,R,0.0,R,8.0,R,5.0,R,63.0,A,,A,,A,,A,,A,,R,20
199999,2011,R,806.0,R,1525.0,R,53.0,R,690.0,R,0.0,R,690.0,R,555.0,R,80.0,R,1.0,R,0.0,R,1.0,R,0.0,R,0.0,R,12
200004,2011,R,1508.0,R,2416.0,R,62.0,R,1423.0,R,0.0,R,1423.0,R,1025.0,R,72.0,R,17.0,R,0.0,R,17.0,R,5.0,R,29.0,R,16
200013,2011,R,23.0,R,212.0,R,11.0,R,12.0,R,0.0,R,12.0,R,5.0,R,42.0,R,26.0,R,0.0,R,26.0,R,10.0,R,38.0,R,21
200022,2011,R,841.0,R,1867.0,R,45.0,R,0.0,R,0.0,R,0.0,R,0.0,A,,R,0.0,R,0.0,R,0.0,R,0.0,A,,R,16
200059,2011,R,311.0,R,837.0,R,37.0,R,331.0,R,1.0,R,330.0,R,184.0,R,56.0,R,41.0,R,0.0,R,41.0,R,13.0,R,32.0,R,13
200086,2011,R,24.0,R,61.0,R,39.0,R,0.0,R,0.0,R,0.0,R,0.0,A,,R,0.0,R,0.0,R,0.0,R,0.0,A,,R,7
200110,2011,A,,A,,A,,R,78.0,R,0.0,R,78.0,R,40.0,R,51.0,A,,A,,A,,A,,A,,R,14
200129,2011,A,,A,,A,,R,28.0,R,0.0,R,28.0,R,18.0,R,64.0,A,,A,,A,,A,,A,,R,20
200156,2011,R,234.0,R,323.0,R,72.0,R,202.0,R,0.0,R,202.0,R,147.0,R,73.0,R,5.0,R,0.0,R,5.0,R,1.0,R,20.0,R,13
200165,2011,A,,A,,A,,R,39.0,R,0.0,R,39.0,R,33.0,R,85.0,A,,A,,A,,A,,A,,R,13
200192,2011,R,182.0,R,1341.0,R,14.0,R,210.0,R,0.0,R,210.0,R,113.0,R,54.0,R,30.0,R,0.0,R,30.0,R,10.0,R,33.0,R,12
200208,2011,R,35.0,R,55.0,R,64.0,R,26.0,R,0.0,R,26.0,R,8.0,R,31.0,R,5.0,R,0.0,R,5.0,R,2.0,R,40.0,R,9
200217,2011,R,372.0,R,659.0,R,56.0,R,361.0,R,3.0,R,358.0,R,259.0,R,72.0,R,0.0,R,0.0,R,0.0,R,0.0,A,,R,17
200226,2011,R,150.0,R,433.0,R,35.0,R,130.0,R,0.0,R,130.0,R,69.0,R,53.0,R,3.0,R,0.0,R,3.0,R,0.0,R,0.0,R,17
200244,2011,A,,A,,A,,A,,A,,A,,A,,A,,A,,A,,A,,A,,A,,R,8
200253,2011,R,437.0,R,1101.0,R,40.0,R,462.0,R,0.0,R,462.0,R,291.0,R,63.0,R,19.0,R,0.0,R,19.0,R,6.0,R,32.0,R,14
200262,2011,A,,A,,A,,R,8.0,R,0.0,R,8.0,R,8.0,R,100.0,A,,A,,A,,A,,A,,R,5
200280,2011,R,2071.0,R,3395.0,R,61.0,R,2075.0,R,0.0,R,2075.0,R,1608.0,R,77.0,R,22.0,R,0.0,R,22.0,R,9.0,R,41.0,R,21
200305,2011,R,709.0,R,943.0,R,75.0,R,590.0,Z,0.0,R,590.0,R,399.0,R,68.0,R,70.0,Z,0.0,R,70.0,R,25.0,R,36.0,R,13
200314,2011,R,188.0,R,514.0,R,37.0,R,192.0,R,0.0,R,192.0,R,78.0,R,41.0,R,29.0,R,0.0,R,29.0,R,12.0,R,41.0,R,14
200332,2011,R,2395.0,R,3232.0,R,74.0,R,2375.0,R,3.0,R,2372.0,R,1804.0,R,76.0,R,28.0,R,0.0,R,28.0,R,15.0,R,54.0,R,19
200341,2011,R,153.0,R,538.0,R,28.0,R,123.0,R,0.0,R,123.0,R,74.0,R,60.0,R,4.0,R,0.0,R,4.0,R,0.0,R,0.0,R,23
200387,2011,A,,A,,A,,R,30.0,R,0.0,R,30.0,R,22.0,R,73.0,A,,A,,A,,A,,A,,R,13
200466,2011,R,43.0,R,69.0,R,62.0,R,4.0,R,0.0,R,4.0,R,3.0,R,75.0,R,0.0,R,0.0,R,0.0,R,0.0,A,,R,9
200484,2011,R,46.0,R,75.0,R,61.0,R,68.0,R,0.0,R,68.0,R,36.0,R,53.0,R,0.0,R,0.0,R,0.0,R,0.0,A,,R,13
200527,2011,R,117.0,R,150.0,R,78.0,R,36.0,R,1.0,R,35.0,R,23.0,R,66.0,R,0.0,R,0.0,R,0.0,R,0.0,A,,R,17
200554,2011,R,125.0,R,211.0,R,59.0,R,0.0,R,0.0,R,0.0,R,0.0,A,,R,0.0,R,0.0,R,0.0,R,0.0,A,,R,11
200572,2011,R,198.0,R,445.0,R,44.0,R,218.0,R,1.0,R,217.0,R,124.0,R,57.0,R,2.0,Z,0.0,R,2.0,R,0.0,R,0.0,R,12
200590,2011,R,37.0,R,75.0,R,49.0,R,27.0,R,0.0,R,27.0,R,16.0,R,59.0,R,20.0,R,0.0,R,20.0,R,11.0,R,55.0,R,14
200624,2011,R,13.0,R,16.0,R,81.0,R,11.0,R,0.0,R,11.0,R,9.0,R,82.0,A,,A,,A,,A,,A,,R,6
200633,2011,R,43.0,R,74.0,R,58.0,R,48.0,Z,0.0,R,48.0,R,27.0,R,56.0,R,10.0,Z,0.0,R,10.0,R,4.0,R,40.0,R,11
200785,2011,R,97.0,R,132.0,R,73.0,R,5.0,R,0.0,R,5.0,R,1.0,R,20.0,R,4.0,R,0.0,R,4.0,R,1.0,R,25.0,R,14
200800,2011,R,4371.0,R,6190.0,R,71.0,R,3374.0,R,0.0,R,3374.0,R,2426.0,R,72.0,R,128.0,R,0.0,R,128.0,R,46.0,R,36.0,R,21
200828,2011,A,,A,,A,,R,47.0,R,0.0,R,47.0,R,32.0,R,68.0,A,,A,,A,,A,,A,,R,10
200846,2011,R,332.0,R,856.0,R,39.0,R,343.0,R,0.0,R,343.0,R,209.0,R,61.0,R,81.0,R,0.0,R,81.0,R,37.0,R,46.0,R,22
200873,2011,R,9.0,R,13.0,R,69.0,R,11.0,R,0.0,R,11.0,R,8.0,R,73.0,R,0.0,R,0.0,R,0.0,R,0.0,A,,R,10
201016,2011,R,92.0,R,121.0,R,76.0,R,27.0,R,0.0,R,27.0,R,7.0,R,26.0,R,4.0,R,0.0,R,4.0,R,0.0,R,0.0,R,13
201034,2011,A,,A,,A,,R,232.0,R,0.0,R,232.0,R,201.0,R,87.0,R,522.0,R,0.0,R,522.0,R,515.0,R,99.0,R,5
201061,2011,R,66.0,R,86.0,R,77.0,R,50.0,R,1.0,R,49.0,R,35.0,R,71.0,R,0.0,Z,0.0,R,0.0,Z,0.0,A,,R,5
201098,2011,A,,A,,A,,R,84.0,R,1.0,R,83.0,R,76.0,R,92.0,A,,A,,A,,A,,A,,R,5
201104,2011,R,608.0,R,1120.0,R,54.0,R,671.0,R,0.0,R,671.0,R,482.0,R,72.0,R,3.0,R,0.0,R,3.0,R,2.0,R,67.0,R,9
201131,2011,A,,A,,A,,R,66.0,R,0.0,R,66.0,R,49.0,R,74.0,R,65.0,Z,0.0,R,65.0,R,53.0,R,82.0,R,9
201140,2011,A,,A,,A,,A,,A,,A,,A,,A,,R,0.0,R,0.0,R,0.0,R,0.0,A,,R,6
201159,2011,A,,A,,A,,R,174.0,R,0.0,R,174.0,R,151.0,R,87.0,R,67.0,R,0.0,R,67.0,R,67.0,R,100.0,R,11
201177,2011,R,2.0,R,105.0,R,2.0,R,2.0,R,0.0,R,2.0,R,2.0,R,100.0,R,1.0,R,0.0,R,1.0,R,1.0,R,100.0,R,30
201195,2011,R,665.0,R,914.0,R,73.0,R,708.0,R,0.0,R,708.0,R,574.0,R,81.0,R,1.0,R,0.0,R,1.0,R,0.0,R,0.0,R,15
201283,2011,R,306.0,R,449.0,R,68.0,R,352.0,R,0.0,R,352.0,R,196.0,R,56.0,R,18.0,R,0.0,R,18.0,R,10.0,R,56.0,R,16
201371,2011,R,250.0,R,409.0,R,61.0,R,219.0,R,0.0,R,219.0,R,141.0,R,64.0,R,0.0,R,0.0,R,0.0,R,0.0,A,,R,13
201399,2011,A,,A,,A,,R,58.0,R,0.0,R,58.0,R,32.0,R,55.0,R,5.0,R,0.0,R,5.0,R,2.0,R,40.0,R,15
201432,2011,R,314.0,R,832.0,R,38.0,R,370.0,R,0.0,R,370.0,R,194.0,R,52.0,R,82.0,R,0.0,R,82.0,R,32.0,R,39.0,R,20
201441,2011,R,3810.0,R,4746.0,R,80.0,R,3866.0,R,3.0,R,3863.0,R,2783.0,R,72.0,R,34.0,R,0.0,R,34.0,R,15.0,R,44.0,R,18
201469,2011,R,50.0,R,258.0,R,19.0,R,3.0,R,0.0,R,3.0,R,2.0,R,67.0,R,0.0,R,0.0,R,0.0,R,0.0,A,,R,9
201478,2011,A,,A,,A,,R,149.0,R,0.0,R,149.0,R,141.0,R,95.0,R,12.0,R,0.0,R,12.0,R,11.0,R,92.0,R,6
201496,2011,A,,A,,A,,R,258.0,R,2.0,R,256.0,R,203.0,R,79.0,A,,A,,A,,A,,A,,R,18
201539,2011,A,,A,,A,,R,32.0,R,0.0,R,32.0,R,25.0,R,78.0,R,17.0,R,0.0,R,17.0,R,16.0,R,94.0,R,6
201548,2011,R,626.0,R,837.0,R,75.0,R,720.0,R,1.0,R,719.0,R,530.0,R,74.0,R,0.0,R,0.0,R,0.0,R,0.0,A,,R,11
201584,2011,A,,A,,A,,R,9.0,R,0.0,R,9.0,R,8.0,R,89.0,A,,A,,A,,A,,A,,R,3
201609,2011,A,,A,,A,,R,8.0,R,0.0,R,8.0,R,5.0,R,63.0,R,2.0,R,0.0,R,2.0,R,1.0,R,50.0,R,11
201618,2011,A,,A,,A,,R,3.0,R,1.0,R,2.0,R,1.0,R,50.0,A,,A,,A,,A,,A,,R,7
201627,2011,A,,A,,A,,R,9.0,R,0.0,R,9.0,R,5.0,R,56.0,R,8.0,R,0.0,R,8.0,R,5.0,R,63.0,R,10
201645,2011,R,902.0,R,1018.0,R,89.0,R,1021.0,R,0.0,R,1021.0,R,950.0,R,93.0,R,0.0,R,0.0,R,0.0,R,0.0,A,,R,9
201654,2011,R,851.0,R,1026.0,R,83.0,R,857.0,Z,0.0,R,857.0,R,731.0,R,85.0,R,2.0,Z,0.0,R,2.0,R,1.0,R,50.0,R,13
201672,2011,R,429.0,R,1272.0,R,34.0,R,561.0,R,0.0,R,561.0,R,251.0,R,45.0,R,213.0,R,0.0,R,213.0,R,71.0,R,33.0,R,19
201681,2011,A,,A,,A,,R,111.0,R,0.0,R,111.0,R,75.0,R,68.0,A,,A,,A,,A,,A,,R,8
201690,2011,R,712.0,R,898.0,R,79.0,R,503.0,R,0.0,R,503.0,R,277.0,R,55.0,R,4.0,R,0.0,R,4.0,R,2.0,R,50.0,R,16
201751,2011,R,49.0,R,121.0,R,40.0,R,32.0,R,0.0,R,32.0,R,18.0,R,56.0,R,30.0,R,0.0,R,30.0,R,13.0,R,43.0,R,5
201803,2011,A,,A,,A,,R,154.0,R,0.0,R,154.0,R,106.0,R,69.0,R,50.0,R,0.0,R,50.0,R,42.0,R,84.0,R,6
201821,2011,R,25.0,R,113.0,R,22.0,R,20.0,R,0.0,R,20.0,R,19.0,R,95.0,R,3.0,R,0.0,R,3.0,R,3.0,R,100.0,R,8
201858,2011,R,110.0,R,190.0,R,58.0,R,128.0,R,0.0,R,128.0,R,79.0,R,62.0,R,4.0,R,0.0,R,4.0,R,2.0,R,50.0,R,14
201867,2011,R,7.0,R,59.0,R,12.0,R,0.0,R,0.0,R,0.0,R,0.0,A,,A,,A,,A,,A,,A,,R,32
201885,2011,R,4250.0,R,5474.0,R,78.0,R,3875.0,R,0.0,R,3875.0,R,3281.0,R,85.0,R,19.0,R,0.0,R,19.0,R,6.0,R,32.0,R,17
201928,2011,R,635.0,R,2065.0,R,31.0,R,1343.0,R,0.0,R,1343.0,R,645.0,R,48.0,R,687.0,R,0.0,R,687.0,R,276.0,R,40.0,R,16
201946,2011,R,732.0,R,1327.0,R,55.0,R,0.0,R,0.0,R,0.0,Z,0.0,A,,R,0.0,R,0.0,R,0.0,Z,0.0,A,,R,16
201955,2011,R,926.0,R,1568.0,R,59.0,R,0.0,Z,0.0,R,0.0,Z,0.0,A,,R,0.0,Z,0.0,R,0.0,Z,0.0,A,,R,16
201964,2011,R,300.0,R,900.0,R,33.0,R,273.0,R,0.0,R,273.0,R,145.0,R,53.0,R,118.0,R,0.0,R,118.0,R,41.0,R,35.0,R,9
201973,2011,R,441.0,R,1114.0,R,40.0,R,359.0,R,0.0,R,359.0,R,169.0,R,47.0,R,177.0,R,0.0,R,177.0,R,75.0,R,42.0,R,13
201982,2011,A,,A,,A,,R,25.0,R,0.0,R,25.0,R,16.0,R,64.0,A,,A,,A,,A,,A,,R,15
202046,2011,R,127.0,R,157.0,R,81.0,R,153.0,R,0.0,R,153.0,R,121.0,R,79.0,R,0.0,R,0.0,R,0.0,R,0.0,A,,R,8
202055,2011,A,,A,,A,,R,72.0,R,0.0,R,72.0,R,55.0,R,76.0,A,,A,,A,,A,,A,,R,9
202073,2011,R,64.0,R,65.0,R,98.0,R,54.0,R,0.0,R,54.0,R,52.0,R,96.0,A,,A,,A,,A,,A,,R,7
202134,2011,R,1328.0,R,3298.0,R,40.0,R,1148.0,R,0.0,R,1148.0,R,757.0,R,66.0,R,58.0,R,0.0,R,58.0,R,24.0,R,41.0,R,15
202152,2011,A,,A,,A,,R,129.0,R,0.0,R,129.0,R,116.0,R,90.0,R,77.0,R,0.0,R,77.0,R,69.0,R,90.0,R,16
202161,2011,R,166.0,R,244.0,R,68.0,R,156.0,R,0.0,R,156.0,R,115.0,R,74.0,A,,A,,A,,A,,A,,R,19
202170,2011,R,286.0,R,417.0,R,69.0,R,329.0,R,0.0,R,329.0,R,259.0,R,79.0,A,,A,,A,,A,,A,,R,12
202189,2011,A,,A,,A,,R,112.0,R,0.0,R,112.0,R,68.0,R,61.0,A,,A,,A,,A,,A,,R,23
202222,2011,R,2145.0,R,9924.0,R,22.0,R,2190.0,Z,0.0,R,2190.0,R,1033.0,R,47.0,R,1433.0,Z,0.0,R,1433.0,R,461.0,R,32.0,R,23
202268,2011,A,,A,,A,,A,,A,,A,,A,,A,,A,,A,,A,,A,,A,,R,14
202356,2011,R,1826.0,R,7632.0,R,24.0,R,2088.0,R,2.0,R,2086.0,R,972.0,R,47.0,R,918.0,R,0.0,R,918.0,R,337.0,R,37.0,R,21
202435,2011,R,20.0,R,106.0,R,19.0,R,27.0,R,0.0,R,27.0,R,8.0,R,30.0,R,26.0,Z,0.0,R,26.0,R,8.0,R,31.0,R,10
202453,2011,A,,A,,A,,R,26.0,R,1.0,R,25.0,R,19.0,R,76.0,A,,A,,A,,A,,A,,R,24
202480,2011,R,1953.0,R,2309.0,R,85.0,R,2033.0,R,0.0,R,2033.0,R,1740.0,R,86.0,A,,A,,A,,A,,A,,R,15
202514,2011,R,293.0,R,386.0,R,76.0,R,261.0,R,0.0,R,261.0,R,153.0,R,59.0,R,6.0,R,0.0,R,6.0,R,5.0,R,83.0,R,12
202523,2011,R,606.0,R,633.0,R,96.0,R,621.0,R,0.0,R,621.0,R,558.0,R,90.0,A,,A,,A,,A,,A,,R,10
202541,2011,R,169.0,R,1565.0,R,11.0,R,238.0,R,0.0,R,238.0,R,120.0,R,50.0,R,294.0,R,1.0,R,293.0,R,106.0,R,36.0,R,32
202611,2011,R,5.0,R,78.0,R,6.0,R,11.0,R,0.0,R,11.0,R,5.0,R,45.0,R,29.0,R,0.0,R,29.0,R,5.0,R,17.0,R,9
202639,2011,A,,A,,A,,R,17.0,R,0.0,R,17.0,R,14.0,R,82.0,R,8.0,Z,0.0,R,8.0,R,6.0,R,75.0,R,11
202648,2011,R,367.0,R,1201.0,R,31.0,R,443.0,R,0.0,R,443.0,R,238.0,R,54.0,R,284.0,R,0.0,R,284.0,R,112.0,R,39.0,R,17
202657,2011,A,,A,,A,,R,128.0,R,1.0,R,127.0,R,98.0,R,77.0,R,107.0,Z,0.0,R,107.0,R,93.0,R,87.0,R,12
202684,2011,R,59.0,R,370.0,R,16.0,R,0.0,R,0.0,R,0.0,R,0.0,A,,R,0.0,R,0.0,R,0.0,R,0.0,A,,R,18
202736,2011,A,,A,,A,,R,40.0,R,0.0,R,40.0,R,17.0,R,43.0,R,6.0,R,0.0,R,6.0,R,4.0,R,67.0,R,8
202763,2011,R,591.0,R,1734.0,R,34.0,R,661.0,R,0.0,R,661.0,R,515.0,R,78.0,R,0.0,R,0.0,R,0.0,R,0.0,A,,R,14
202806,2011,R,63.0,R,1475.0,R,4.0,R,100.0,R,0.0,R,100.0,R,32.0,R,32.0,R,119.0,R,0.0,R,119.0,R,27.0,R,23.0,R,16
202888,2011,A,,A,,A,,R,48.0,R,0.0,R,48.0,R,36.0,R,75.0,R,23.0,R,0.0,R,23.0,R,18.0,R,78.0,R,9
202903,2011,R,70.0,R,110.0,R,64.0,R,51.0,R,0.0,R,51.0,R,40.0,R,78.0,R,6.0,R,0.0,R,6.0,R,1.0,R,17.0,R,16
202912,2011,R,8.0,R,70.0,R,11.0,R,7.0,R,0.0,R,7.0,R,5.0,R,71.0,R,2.0,R,0.0,R,2.0,R,1.0,R,50.0,R,7
202949,2011,A,,A,,A,,R,125.0,R,0.0,R,125.0,R,101.0,R,81.0,A,,A,,A,,A,,A,,R,17
202985,2011,A,,A,,A,,R,128.0,Z,0.0,R,128.0,R,88.0,R,69.0,A,,A,,A,,A,,A,,R,19
203030,2011,A,,A,,A,,R,75.0,R,0.0,R,75.0,R,58.0,R,77.0,R,12.0,R,0.0,R,12.0,R,9.0,R,75.0,R,8
203085,2011,R,280.0,R,333.0,R,84.0,R,334.0,R,0.0,R,334.0,R,215.0,R,64.0,R,0.0,R,0.0,R,0.0,R,0.0,A,,R,14
203128,2011,R,315.0,R,427.0,R,74.0,R,295.0,R,0.0,R,295.0,R,221.0,R,75.0,R,0.0,Z,0.0,R,0.0,Z,0.0,A,,R,12
203146,2011,A,,A,,A,,R,185.0,R,0.0,R,185.0,R,165.0,R,89.0,A,,A,,A,,A,,A,,R,10
203155,2011,R,1198.0,R,1863.0,R,64.0,R,1570.0,R,0.0,R,1570.0,R,570.0,R,36.0,R,455.0,R,0.0,R,455.0,R,75.0,R,16.0,R,18
203225,2011,A,,A,,A,,R,130.0,R,0.0,R,130.0,R,85.0,R,65.0,A,,A,,A,,A,,A,,R,32
203234,2011,A,,A,,A,,A,,A,,A,,A,,A,,A,,A,,A,,A,,A,,R,14
203289,2011,R,12.0,R,17.0,R,71.0,R,25.0,R,0.0,R,25.0,R,19.0,R,76.0,A,,A,,A,,A,,A,,R,7
203313,2011,R,36.0,R,48.0,R,75.0,R,1.0,R,0.0,R,1.0,R,1.0,R,100.0,R,0.0,R,0.0,R,0.0,R,0.0,A,,R,19
203331,2011,R,303.0,R,918.0,R,33.0,R,281.0,R,0.0,R,281.0,R,151.0,R,54.0,R,170.0,R,0.0,R,170.0,R,54.0,R,32.0,R,16
203368,2011,R,744.0,R,862.0,R,86.0,R,703.0,R,0.0,R,703.0,R,623.0,R,89.0,R,0.0,R,0.0,R,0.0,R,0.0,A,,R,13
203386,2011,R,70.0,R,407.0,R,17.0,R,0.0,R,0.0,R,0.0,R,0.0,A,,A,,A,,A,,A,,A,,R,11
203438,2011,A,,A,,A,,R,33.0,R,0.0,R,33.0,R,27.0,R,82.0,R,0.0,R,0.0,R,0.0,R,0.0,A,,R,11
203447,2011,R,265.0,R,575.0,R,46.0,R,174.0,R,0.0,R,174.0,R,79.0,R,45.0,R,53.0,R,0.0,R,53.0,R,27.0,R,51.0,R,18
203456,2011,R,125.0,R,228.0,R,55.0,R,62.0,R,0.0,R,62.0,R,29.0,R,47.0,R,16.0,R,0.0,R,16.0,R,6.0,R,38.0,R,18
203465,2011,R,627.0,R,1121.0,R,56.0,R,585.0,R,0.0,R,585.0,R,359.0,R,61.0,R,111.0,R,0.0,R,111.0,R,54.0,R,49.0,R,21
203474,2011,R,298.0,R,590.0,R,51.0,R,301.0,R,0.0,R,301.0,R,149.0,R,50.0,R,83.0,R,0.0,R,83.0,R,36.0,R,43.0,R,22
203483,2011,R,318.0,R,538.0,R,59.0,R,180.0,R,0.0,R,180.0,R,117.0,R,65.0,R,39.0,R,0.0,R,39.0,R,19.0,R,49.0,R,20
203492,2011,R,244.0,R,388.0,R,63.0,R,165.0,R,0.0,R,165.0,R,83.0,R,50.0,R,34.0,R,0.0,R,34.0,R,17.0,R,50.0,R,17
203517,2011,R,4256.0,R,5408.0,R,79.0,R,3890.0,R,0.0,R,3890.0,R,2932.0,R,75.0,R,79.0,R,0.0,R,79.0,R,46.0,R,58.0,R,21
203526,2011,R,198.0,R,407.0,R,49.0,R,167.0,R,0.0,R,167.0,R,100.0,R,60.0,R,47.0,R,0.0,R,47.0,R,27.0,R,57.0,R,20
203535,2011,R,468.0,R,490.0,R,96.0,R,483.0,R,0.0,R,483.0,R,455.0,R,94.0,A,,A,,A,,A,,A,,R,9
203544,2011,R,85.0,R,269.0,R,32.0,R,42.0,R,0.0,R,42.0,R,27.0,R,64.0,R,2.0,R,0.0,R,2.0,R,2.0,R,100.0,R,11
203580,2011,R,210.0,R,346.0,R,61.0,R,258.0,R,1.0,R,257.0,R,160.0,R,62.0,R,1.0,R,0.0,R,1.0,R,0.0,R,0.0,R,14
203599,2011,R,808.0,R,2617.0,R,31.0,R,955.0,R,0.0,R,955.0,R,448.0,R,47.0,R,554.0,R,0.0,R,554.0,R,213.0,R,38.0,R,20
203614,2011,A,,A,,A,,R,291.0,R,0.0,R,291.0,R,231.0,R,79.0,R,67.0,R,0.0,R,67.0,R,67.0,R,100.0,R,15
203678,2011,R,577.0,R,898.0,R,64.0,R,684.0,Z,0.0,R,684.0,R,369.0,R,54.0,R,103.0,Z,0.0,R,103.0,R,49.0,R,48.0,R,20
203720,2011,R,24.0,R,119.0,R,20.0,R,62.0,R,0.0,R,62.0,R,44.0,R,71.0,R,4.0,R,0.0,R,4.0,R,0.0,R,0.0,R,12
203739,2011,R,21.0,R,117.0,R,18.0,R,56.0,R,0.0,R,56.0,R,28.0,R,50.0,R,2.0,R,0.0,R,2.0,R,1.0,R,50.0,R,13
203748,2011,R,831.0,R,3096.0,R,27.0,R,1175.0,R,0.0,R,1175.0,R,653.0,R,56.0,R,925.0,R,1.0,R,924.0,R,462.0,R,50.0,R,24
203757,2011,R,189.0,R,550.0,R,34.0,R,141.0,R,0.0,R,141.0,R,77.0,R,55.0,R,23.0,R,0.0,R,23.0,R,10.0,R,43.0,R,12
203775,2011,R,359.0,R,575.0,R,62.0,R,375.0,R,0.0,R,375.0,R,267.0,R,71.0,R,1.0,R,0.0,R,1.0,R,0.0,R,0.0,R,13
203845,2011,R,362.0,R,419.0,R,86.0,R,385.0,Z,0.0,R,385.0,R,298.0,R,77.0,A,,A,,A,,A,,A,,R,12
203881,2011,R,285.0,R,1077.0,R,26.0,R,356.0,R,0.0,R,356.0,R,189.0,R,53.0,R,506.0,R,0.0,R,506.0,R,225.0,R,44.0,R,22
203942,2011,A,,A,,A,,R,78.0,R,0.0,R,78.0,R,60.0,R,77.0,R,45.0,R,0.0,R,45.0,R,39.0,R,87.0,R,15
203960,2011,R,32.0,R,315.0,R,10.0,R,22.0,R,0.0,R,22.0,R,17.0,R,77.0,R,1.0,R,0.0,R,1.0,R,1.0,R,100.0,R,7
204006,2011,R,774.0,R,1306.0,R,59.0,R,796.0,R,3.0,R,793.0,R,439.0,R,55.0,R,87.0,R,0.0,R,87.0,R,33.0,R,38.0,R,19
204015,2011,R,395.0,R,797.0,R,50.0,R,357.0,R,1.0,R,356.0,R,174.0,R,49.0,R,59.0,R,0.0,R,59.0,R,15.0,R,25.0,R,17
204024,2011,R,3581.0,R,3925.0,R,91.0,R,3580.0,R,1.0,R,3579.0,R,3178.0,R,89.0,R,3.0,R,0.0,R,3.0,R,1.0,R,33.0,R,16
204060,2011,R,35.0,R,105.0,R,33.0,R,14.0,Z,0.0,R,14.0,R,7.0,R,50.0,R,0.0,Z,0.0,R,0.0,Z,0.0,A,,R,9
204121,2011,A,,A,,A,,R,23.0,R,1.0,R,22.0,R,18.0,R,82.0,R,23.0,R,2.0,R,21.0,R,17.0,R,81.0,R,15
204158,2011,A,,A,,A,,R,178.0,R,0.0,R,178.0,R,160.0,R,90.0,A,,A,,A,,A,,A,,R,5
204176,2011,R,81.0,R,217.0,R,37.0,R,71.0,R,0.0,R,71.0,R,61.0,R,86.0,R,14.0,R,0.0,R,14.0,R,12.0,R,86.0,R,13
204185,2011,R,618.0,R,696.0,R,89.0,R,630.0,R,0.0,R,630.0,R,454.0,R,72.0,A,,A,,A,,A,,A,,R,13
204194,2011,R,354.0,R,461.0,R,77.0,R,388.0,R,0.0,R,388.0,R,271.0,R,70.0,R,2.0,R,0.0,R,2.0,R,1.0,R,50.0,R,14
204200,2011,R,292.0,R,537.0,R,54.0,R,382.0,R,0.0,R,382.0,R,263.0,R,69.0,R,9.0,R,0.0,R,9.0,R,5.0,R,56.0,R,11
204255,2011,R,461.0,R,1067.0,R,43.0,R,593.0,R,0.0,R,593.0,R,303.0,R,51.0,R,112.0,R,0.0,R,112.0,R,41.0,R,37.0,R,18
204264,2011,R,423.0,R,555.0,R,76.0,R,438.0,R,0.0,R,438.0,R,312.0,R,71.0,R,0.0,Z,0.0,R,0.0,Z,0.0,A,,R,14
204307,2011,A,,A,,A,,R,214.0,R,0.0,R,214.0,R,136.0,R,64.0,R,86.0,R,0.0,R,86.0,R,24.0,R,28.0,R,13
204316,2011,R,254.0,R,269.0,R,94.0,R,289.0,R,0.0,R,289.0,R,87.0,R,30.0,A,,A,,A,,A,,A,,R,11
204334,2011,A,,A,,A,,R,55.0,R,0.0,R,55.0,R,42.0,R,76.0,A,,A,,A,,A,,A,,R,16
204422,2011,R,290.0,R,1050.0,R,28.0,R,380.0,R,0.0,R,380.0,R,166.0,R,44.0,R,203.0,R,0.0,R,203.0,R,77.0,R,38.0,R,16
204431,2011,A,,A,,A,,R,11.0,R,0.0,R,11.0,R,8.0,R,73.0,A,,A,,A,,A,,A,,R,13
204440,2011,R,241.0,R,1077.0,R,22.0,R,286.0,R,0.0,R,286.0,R,155.0,R,54.0,R,1255.0,R,1.0,R,1254.0,R,621.0,R,50.0,R,16
204459,2011,A,,A,,A,,R,25.0,R,0.0,R,25.0,R,12.0,R,48.0,A,,A,,A,,A,,A,,R,16
204468,2011,R,394.0,R,588.0,R,67.0,R,356.0,R,0.0,R,356.0,R,237.0,R,67.0,R,5.0,R,0.0,R,5.0,R,4.0,R,80.0,R,13
204486,2011,R,1331.0,R,1637.0,R,81.0,R,102.0,R,0.0,R,102.0,R,60.0,R,59.0,R,9.0,R,0.0,R,9.0,R,1.0,R,11.0,R,30
204501,2011,R,742.0,R,787.0,R,94.0,R,775.0,R,0.0,R,775.0,R,721.0,R,93.0,R,7.0,R,0.0,R,7.0,R,7.0,R,100.0,R,9
204592,2011,R,40.0,R,104.0,R,38.0,R,32.0,R,0.0,R,32.0,R,18.0,R,56.0,R,8.0,R,0.0,R,8.0,R,4.0,R,50.0,R,17
204608,2011,A,,A,,A,,R,410.0,R,3.0,R,407.0,R,311.0,R,76.0,A,,A,,A,,A,,A,,R,20
204617,2011,R,308.0,R,889.0,R,35.0,R,272.0,R,0.0,R,272.0,R,156.0,R,57.0,R,6.0,R,0.0,R,6.0,R,2.0,R,33.0,R,14
204626,2011,A,,A,,A,,R,96.0,R,0.0,R,96.0,R,63.0,R,66.0,A,,A,,A,,A,,A,,R,39
204635,2011,R,686.0,R,1061.0,R,65.0,R,608.0,R,0.0,R,608.0,R,534.0,R,88.0,A,,A,,A,,A,,A,,R,12
204662,2011,R,278.0,R,323.0,R,86.0,R,281.0,R,0.0,R,281.0,R,172.0,R,61.0,R,3.0,R,0.0,R,3.0,R,0.0,R,0.0,R,16
204671,2011,R,449.0,R,554.0,R,81.0,R,472.0,R,2.0,R,470.0,R,281.0,R,60.0,R,16.0,R,0.0,R,16.0,R,4.0,R,25.0,R,20
204680,2011,R,490.0,R,592.0,R,83.0,R,511.0,R,0.0,R,511.0,R,363.0,R,71.0,R,11.0,R,0.0,R,11.0,R,1.0,R,9.0,R,20
204699,2011,R,382.0,R,564.0,R,68.0,R,578.0,R,0.0,R,578.0,R,386.0,R,67.0,R,19.0,R,0.0,R,19.0,R,7.0,R,37.0,R,21
204705,2011,R,1225.0,R,1445.0,R,85.0,R,1100.0,R,1.0,R,1099.0,R,694.0,R,63.0,R,32.0,R,0.0,R,32.0,R,7.0,R,22.0,R,28
204714,2011,A,,A,,A,,R,52.0,R,2.0,R,50.0,R,31.0,R,62.0,A,,A,,A,,A,,A,,R,19
204723,2011,A,,A,,A,,R,23.0,R,0.0,R,23.0,R,18.0,R,78.0,A,,A,,A,,A,,A,,R,22
204741,2011,A,,A,,A,,R,23.0,R,0.0,R,23.0,R,17.0,R,74.0,A,,A,,A,,A,,A,,R,16
204769,2011,A,,A,,A,,R,49.0,R,0.0,R,49.0,R,41.0,R,84.0,A,,A,,A,,A,,A,,R,16
204778,2011,A,,A,,A,,R,40.0,R,0.0,R,40.0,R,33.0,R,83.0,A,,A,,A,,A,,A,,R,17
204796,2011,R,7074.0,R,10060.0,R,70.0,R,6654.0,R,0.0,R,6654.0,R,6177.0,R,93.0,R,18.0,R,0.0,R,18.0,R,11.0,R,61.0,R,19
204802,2011,R,115.0,R,208.0,R,55.0,R,125.0,R,0.0,R,125.0,R,71.0,R,57.0,R,8.0,R,0.0,R,8.0,R,3.0,R,38.0,R,22
204820,2011,R,290.0,R,494.0,R,59.0,R,393.0,R,0.0,R,393.0,R,187.0,R,48.0,R,27.0,R,0.0,R,27.0,R,9.0,R,33.0,R,25
204839,2011,R,200.0,R,374.0,R,53.0,R,304.0,R,0.0,R,304.0,R,143.0,R,47.0,R,27.0,R,0.0,R,27.0,R,7.0,R,26.0,R,24
204848,2011,R,331.0,R,585.0,R,57.0,R,401.0,R,0.0,R,401.0,R,228.0,R,57.0,R,40.0,R,0.0,R,40.0,R,14.0,R,35.0,R,28
204857,2011,R,3863.0,R,5331.0,R,72.0,R,3950.0,R,0.0,R,3950.0,R,3163.0,R,80.0,R,33.0,R,0.0,R,33.0,R,14.0,R,42.0,R,20
204866,2011,R,268.0,R,459.0,R,58.0,R,308.0,R,0.0,R,308.0,R,174.0,R,56.0,R,22.0,R,0.0,R,22.0,R,6.0,R,27.0,R,22
204884,2011,R,50.0,R,86.0,R,58.0,R,57.0,R,0.0,R,57.0,R,36.0,R,63.0,R,3.0,R,0.0,R,3.0,R,1.0,R,33.0,R,19
204893,2011,A,,A,,A,,R,1.0,Z,0.0,R,1.0,R,1.0,R,100.0,A,,A,,A,,A,,A,,R,9
204909,2011,R,483.0,R,513.0,R,94.0,R,555.0,R,0.0,R,555.0,R,453.0,R,82.0,A,,A,,A,,A,,A,,R,11
204936,2011,R,633.0,R,799.0,R,79.0,R,653.0,R,0.0,R,653.0,R,492.0,R,75.0,R,7.0,R,0.0,R,7.0,R,5.0,R,71.0,R,11
204945,2011,R,1538.0,R,3634.0,R,42.0,R,2162.0,R,0.0,R,2162.0,R,941.0,R,44.0,R,951.0,R,0.0,R,951.0,R,346.0,R,36.0,R,16
204963,2011,A,,A,,A,,R,45.0,R,0.0,R,45.0,R,32.0,R,71.0,R,55.0,R,0.0,R,55.0,R,27.0,R,49.0,R,12
204981,2011,A,,A,,A,,R,20.0,R,0.0,R,20.0,R,14.0,R,70.0,R,11.0,R,0.0,R,11.0,R,8.0,R,73.0,R,9
205027,2011,R,12.0,R,12.0,R,100.0,R,6.0,R,0.0,R,6.0,R,4.0,R,67.0,A,,A,,A,,A,,A,,R,6
205054,2011,R,32.0,R,115.0,R,28.0,R,31.0,R,1.0,R,30.0,R,17.0,R,57.0,A,,A,,A,,A,,A,,R,13
205090,2011,A,,A,,A,,A,,A,,A,,A,,A,,A,,A,,A,,A,,A,,R,8
205124,2011,R,10.0,R,13.0,R,77.0,R,16.0,R,0.0,R,16.0,R,12.0,R,75.0,A,,A,,A,,A,,A,,R,9
205142,2011,A,,A,,A,,R,16.0,R,0.0,R,16.0,R,13.0,R,81.0,R,19.0,R,0.0,R,19.0,R,15.0,R,79.0,R,15
205179,2011,A,,A,,A,,R,1120.0,R,0.0,R,1120.0,R,738.0,R,66.0,A,,A,,A,,A,,A,,R,14
205203,2011,R,322.0,R,464.0,R,69.0,R,293.0,R,0.0,R,293.0,R,159.0,R,54.0,R,19.0,R,0.0,R,19.0,R,6.0,R,32.0,R,16
205391,2011,R,59.0,R,59.0,R,100.0,R,63.0,R,0.0,R,63.0,R,52.0,R,83.0,A,,A,,A,,A,,A,,R,11
205443,2011,R,1146.0,R,1586.0,R,72.0,R,745.0,R,0.0,R,745.0,R,394.0,R,53.0,R,23.0,R,0.0,R,23.0,R,3.0,R,13.0,R,20
205470,2011,R,2294.0,R,5169.0,R,44.0,R,2326.0,R,0.0,R,2326.0,R,1195.0,R,51.0,R,940.0,R,0.0,R,940.0,R,406.0,R,43.0,R,19
205513,2011,R,30.0,R,33.0,R,91.0,R,23.0,R,0.0,R,23.0,R,21.0,R,91.0,R,4.0,R,0.0,R,4.0,R,4.0,R,100.0,R,12
205522,2011,R,13.0,R,74.0,R,18.0,R,19.0,R,0.0,R,19.0,R,5.0,R,26.0,R,2.0,R,0.0,R,2.0,R,0.0,R,0.0,R,11
205531,2011,R,13.0,R,32.0,R,41.0,R,22.0,R,0.0,R,22.0,R,11.0,R,50.0,R,2.0,R,0.0,R,2.0,R,1.0,R,50.0,R,14
205559,2011,R,10.0,R,28.0,R,36.0,R,13.0,R,0.0,R,13.0,R,5.0,R,38.0,R,9.0,R,0.0,R,9.0,R,1.0,R,11.0,R,5
205568,2011,R,34.0,R,97.0,R,35.0,R,58.0,R,0.0,R,58.0,R,46.0,R,79.0,R,11.0,R,0.0,R,11.0,R,4.0,R,36.0,R,12
205610,2011,R,213.0,R,492.0,R,43.0,R,405.0,R,0.0,R,405.0,R,111.0,R,27.0,A,,A,,A,,A,,A,,R,14
205647,2011,R,105.0,R,301.0,R,35.0,R,185.0,R,0.0,R,185.0,R,65.0,R,35.0,A,,A,,A,,A,,A,,R,10
205692,2011,R,33.0,R,41.0,R,80.0,R,82.0,R,0.0,R,82.0,R,30.0,R,37.0,R,10.0,R,0.0,R,10.0,R,5.0,R,50.0,R,15
205708,2011,R,73.0,R,82.0,R,89.0,R,293.0,R,0.0,R,293.0,R,120.0,R,41.0,R,32.0,R,0.0,R,32.0,R,10.0,R,31.0,R,18
205717,2011,R,22.0,R,29.0,R,76.0,R,228.0,R,0.0,R,228.0,R,57.0,R,25.0,R,18.0,R,0.0,R,18.0,R,0.0,R,0.0,R,15
205726,2011,R,47.0,R,67.0,R,70.0,R,220.0,R,0.0,R,220.0,R,66.0,R,30.0,R,13.0,R,0.0,R,13.0,R,0.0,R,0.0,R,11
205841,2011,R,1657.0,R,4272.0,R,39.0,R,1799.0,R,2.0,R,1797.0,R,802.0,R,45.0,R,1103.0,R,2.0,R,1101.0,R,510.0,R,46.0,R,23
205887,2011,R,53.0,R,210.0,R,25.0,R,111.0,R,1.0,R,110.0,R,47.0,R,43.0,R,30.0,R,0.0,R,30.0,R,13.0,R,43.0,R,14
205957,2011,R,449.0,R,630.0,R,71.0,R,411.0,R,7.0,R,404.0,R,338.0,R,84.0,R,1.0,R,0.0,R,1.0,R,1.0,R,100.0,R,15
205966,2011,R,341.0,R,894.0,R,38.0,R,514.0,R,0.0,R,514.0,R,264.0,R,51.0,R,135.0,R,1.0,R,134.0,R,47.0,R,35.0,R,22
206002,2011,R,42.0,R,92.0,R,46.0,R,12.0,R,0.0,R,12.0,R,10.0,R,83.0,R,5.0,R,2.0,R,3.0,R,0.0,R,0.0,R,20
206011,2011,R,379.0,R,1177.0,R,32.0,R,388.0,R,0.0,R,388.0,R,155.0,R,40.0,R,302.0,R,0.0,R,302.0,R,142.0,R,47.0,R,20
206039,2011,A,,A,,A,,R,43.0,R,0.0,R,43.0,R,30.0,R,70.0,A,,A,,A,,A,,A,,R,12
206048,2011,R,728.0,R,2413.0,R,30.0,R,417.0,R,0.0,R,417.0,R,287.0,R,69.0,R,2.0,R,0.0,R,2.0,R,1.0,R,50.0,R,21
206084,2011,R,3788.0,R,5466.0,R,69.0,R,3694.0,R,0.0,R,3694.0,R,2408.0,R,65.0,R,98.0,R,0.0,R,98.0,R,35.0,R,36.0,R,19
206093,2011,A,,A,,A,,R,99.0,Z,0.0,R,99.0,R,65.0,R,66.0,R,22.0,R,0.0,R,22.0,R,2.0,R,9.0,R,27
206154,2011,R,4.0,R,14.0,R,29.0,R,4.0,R,0.0,R,4.0,R,3.0,R,75.0,R,2.0,R,0.0,R,2.0,R,1.0,R,50.0,R,7
206172,2011,A,,A,,A,,R,77.0,R,0.0,R,77.0,R,71.0,R,92.0,A,,A,,A,,A,,A,,R,12
206181,2011,A,,A,,A,,R,69.0,R,0.0,R,69.0,R,58.0,R,84.0,R,2.0,Z,0.0,R,2.0,R,2.0,R,100.0,R,11
206224,2011,R,19.0,R,53.0,R,36.0,R,52.0,R,0.0,R,52.0,R,27.0,R,52.0,R,7.0,R,0.0,R,7.0,R,4.0,R,57.0,R,7
206279,2011,R,14.0,R,407.0,R,3.0,R,15.0,R,1.0,R,14.0,R,10.0,R,71.0,R,0.0,R,0.0,R,0.0,R,0.0,A,,R,9
206321,2011,A,,A,,A,,R,104.0,R,0.0,R,104.0,R,93.0,R,89.0,A,,A,,A,,A,,A,,R,10
206330,2011,R,152.0,R,397.0,R,38.0,R,190.0,R,0.0,R,190.0,R,154.0,R,81.0,R,44.0,R,0.0,R,44.0,R,19.0,R,43.0,R,17
206349,2011,R,78.0,R,246.0,R,32.0,R,83.0,R,0.0,R,83.0,R,60.0,R,72.0,A,,A,,A,,A,,A,,R,8
206358,2011,A,,A,,A,,R,9.0,R,0.0,R,9.0,R,6.0,R,67.0,A,,A,,A,,A,,A,,R,17
206394,2011,R,29.0,R,59.0,R,49.0,R,36.0,R,2.0,R,34.0,R,24.0,R,71.0,R,0.0,R,0.0,R,0.0,R,0.0,A,,R,9
206419,2011,A,,A,,A,,R,10.0,Z,0.0,R,10.0,R,8.0,R,80.0,R,6.0,Z,0.0,R,6.0,R,6.0,R,100.0,R,20
206428,2011,A,,A,,A,,R,17.0,R,0.0,R,17.0,R,17.0,R,100.0,A,,A,,A,,A,,A,,R,9
206437,2011,R,512.0,R,667.0,R,77.0,R,446.0,R,0.0,R,446.0,R,333.0,R,75.0,R,1.0,R,0.0,R,1.0,R,0.0,R,0.0,R,14
206446,2011,R,268.0,R,580.0,R,46.0,R,317.0,R,1.0,R,316.0,R,150.0,R,47.0,R,47.0,R,0.0,R,47.0,R,12.0,R,26.0,R,16
206482,2011,A,,A,,A,,R,44.0,R,0.0,R,44.0,R,29.0,R,66.0,R,27.0,R,0.0,R,27.0,R,20.0,R,74.0,R,13
206491,2011,R,112.0,R,124.0,R,90.0,R,127.0,R,0.0,R,127.0,R,81.0,R,64.0,R,0.0,R,0.0,R,0.0,R,0.0,A,,R,12
206507,2011,R,280.0,R,466.0,R,60.0,R,284.0,R,0.0,R,284.0,R,192.0,R,68.0,R,0.0,R,0.0,R,0.0,R,0.0,A,,R,15
206525,2011,R,534.0,R,607.0,R,88.0,R,500.0,R,0.0,R,500.0,R,396.0,R,79.0,R,0.0,R,0.0,R,0.0,R,0.0,A,,R,11
206589,2011,R,571.0,R,589.0,R,97.0,R,620.0,R,1.0,R,619.0,R,557.0,R,90.0,R,0.0,R,0.0,R,0.0,R,0.0,A,,R,11
206604,2011,R,2729.0,R,4100.0,R,67.0,R,2744.0,R,1.0,R,2743.0,R,1713.0,R,62.0,R,61.0,Z,0.0,R,61.0,R,18.0,R,30.0,R,24
206613,2011,R,176.0,R,257.0,R,68.0,R,195.0,Z,0.0,R,195.0,R,134.0,R,69.0,R,11.0,R,0.0,R,11.0,R,4.0,R,36.0,R,33
206622,2011,R,1112.0,R,1370.0,R,81.0,R,1042.0,R,0.0,R,1042.0,R,880.0,R,84.0,R,3.0,R,0.0,R,3.0,R,3.0,R,100.0,R,12
206631,2011,R,42.0,R,77.0,R,55.0,R,1.0,R,0.0,R,1.0,R,1.0,R,100.0,R,0.0,R,0.0,R,0.0,R,0.0,A,,R,15
206695,2011,R,2366.0,R,3259.0,R,73.0,R,2341.0,R,2.0,R,2339.0,R,1523.0,R,65.0,R,188.0,R,0.0,R,188.0,R,71.0,R,38.0,R,19
206783,2011,A,,A,,A,,R,9.0,R,0.0,R,9.0,R,6.0,R,67.0,A,,A,,A,,A,,A,,R,15
206817,2011,R,233.0,R,490.0,R,48.0,R,148.0,R,0.0,R,148.0,R,46.0,R,31.0,R,2.0,R,0.0,R,2.0,R,1.0,R,50.0,R,16
206835,2011,R,133.0,R,326.0,R,41.0,R,176.0,R,0.0,R,176.0,R,116.0,R,66.0,R,2.0,R,0.0,R,2.0,R,1.0,R,50.0,R,13
206862,2011,R,250.0,R,325.0,R,77.0,R,269.0,Z,0.0,R,269.0,R,166.0,R,62.0,R,0.0,Z,0.0,R,0.0,R,0.0,A,,R,16
206880,2011,A,,A,,A,,R,25.0,R,2.0,R,23.0,R,19.0,R,83.0,A,,A,,A,,A,,A,,R,15
206905,2011,A,,A,,A,,R,39.0,R,0.0,R,39.0,R,30.0,R,77.0,R,78.0,R,0.0,R,78.0,R,48.0,R,62.0,R,29
206914,2011,R,938.0,R,1703.0,R,55.0,R,691.0,Z,0.0,R,691.0,R,390.0,R,56.0,R,81.0,Z,0.0,R,81.0,R,25.0,R,31.0,R,22
206923,2011,R,520.0,R,607.0,R,86.0,R,520.0,R,0.0,R,520.0,R,225.0,R,43.0,R,135.0,R,0.0,R,135.0,R,85.0,R,63.0,R,18
206932,2011,A,,A,,A,,R,1.0,R,0.0,R,1.0,R,1.0,R,100.0,R,3.0,R,0.0,R,3.0,R,2.0,R,67.0,R,11
206941,2011,R,1987.0,R,3998.0,R,50.0,R,1680.0,R,0.0,R,1680.0,R,1105.0,R,66.0,R,597.0,Z,0.0,R,597.0,R,297.0,R,50.0,R,21
206969,2011,A,,A,,A,,R,10.0,R,1.0,R,9.0,R,7.0,R,78.0,A,,A,,A,,A,,A,,R,12
206996,2011,R,526.0,R,1302.0,R,40.0,R,605.0,Z,0.0,R,605.0,R,275.0,R,45.0,R,144.0,Z,0.0,R,144.0,R,45.0,R,31.0,R,28
207041,2011,R,579.0,R,1022.0,R,57.0,R,598.0,R,0.0,R,598.0,R,391.0,R,65.0,R,41.0,R,0.0,R,41.0,R,15.0,R,37.0,R,19
207050,2011,R,382.0,R,517.0,R,74.0,R,403.0,Z,0.0,R,403.0,R,204.0,R,51.0,R,95.0,Z,0.0,R,95.0,R,28.0,R,29.0,R,22
207069,2011,R,335.0,R,1839.0,R,18.0,R,336.0,Z,0.0,R,336.0,R,147.0,R,44.0,R,154.0,Z,0.0,R,154.0,R,32.0,R,21.0,R,26
207087,2011,A,,A,,A,,R,43.0,R,0.0,R,43.0,R,39.0,R,91.0,A,,A,,A,,A,,A,,R,13
207102,2011,A,,A,,A,,R,27.0,R,0.0,R,27.0,R,19.0,R,70.0,A,,A,,A,,A,,A,,R,10
207157,2011,R,52.0,R,107.0,R,49.0,R,52.0,Z,0.0,R,52.0,R,32.0,R,62.0,A,,A,,A,,A,,A,,R,7
207166,2011,A,,A,,A,,R,13.0,R,0.0,R,13.0,R,11.0,R,85.0,A,,A,,A,,A,,A,,R,15
207209,2011,R,498.0,R,826.0,R,60.0,R,147.0,R,0.0,R,147.0,R,83.0,R,56.0,R,3.0,R,0.0,R,3.0,R,2.0,R,67.0,R,15
207236,2011,R,489.0,R,1372.0,R,36.0,R,492.0,Z,0.0,R,492.0,R,253.0,R,51.0,R,144.0,Z,0.0,R,144.0,R,45.0,R,31.0,R,27
207254,2011,A,,A,,A,,R,451.0,R,0.0,R,451.0,R,303.0,R,67.0,A,,A,,A,,A,,A,,R,22
207263,2011,R,884.0,R,2118.0,R,42.0,R,1102.0,Z,0.0,R,1102.0,R,692.0,R,63.0,R,82.0,Z,0.0,R,82.0,R,12.0,R,15.0,R,19
207272,2011,A,,A,,A,,R,20.0,R,0.0,R,20.0,R,15.0,R,75.0,A,,A,,A,,A,,A,,R,16
207281,2011,R,851.0,R,2577.0,R,33.0,R,939.0,Z,0.0,R,939.0,R,484.0,R,52.0,R,179.0,Z,0.0,R,179.0,R,77.0,R,43.0,R,21
207290,2011,R,770.0,R,1253.0,R,61.0,R,728.0,Z,0.0,R,728.0,R,396.0,R,54.0,R,52.0,Z,0.0,R,52.0,R,24.0,R,46.0,R,22
207306,2011,R,377.0,R,746.0,R,51.0,R,382.0,Z,0.0,R,382.0,R,224.0,R,59.0,R,7.0,Z,0.0,R,7.0,R,7.0,R,100.0,R,17
207324,2011,R,461.0,R,516.0,R,89.0,R,444.0,R,0.0,R,444.0,R,336.0,R,76.0,R,14.0,R,0.0,R,14.0,R,6.0,R,43.0,R,14
207342,2011,A,,A,,A,,A,,A,,A,,A,,A,,A,,A,,A,,A,,A,,R,7
207351,2011,R,324.0,R,571.0,R,57.0,R,279.0,R,0.0,R,279.0,R,152.0,R,54.0,R,7.0,R,0.0,R,7.0,R,1.0,R,14.0,R,20
207388,2011,R,3654.0,R,5540.0,R,66.0,R,3401.0,Z,0.0,R,3401.0,R,2719.0,R,80.0,R,149.0,Z,0.0,R,149.0,R,93.0,R,62.0,R,19
207397,2011,R,462.0,R,1953.0,R,24.0,R,1.0,R,0.0,R,1.0,R,1.0,R,100.0,R,2.0,R,0.0,R,2.0,R,2.0,R,100.0,R,19
207403,2011,R,475.0,R,689.0,R,69.0,R,406.0,R,0.0,R,406.0,R,312.0,R,77.0,R,1.0,R,0.0,R,1.0,R,0.0,R,0.0,R,16
207449,2011,R,1472.0,R,4410.0,R,33.0,R,1300.0,Z,0.0,R,1300.0,R,633.0,R,49.0,R,1635.0,Z,0.0,R,1635.0,R,545.0,R,33.0,R,29
207458,2011,R,332.0,R,577.0,R,58.0,R,421.0,Z,0.0,R,421.0,R,315.0,R,75.0,R,1.0,Z,0.0,R,1.0,R,0.0,R,0.0,R,11
207500,2011,R,4015.0,R,5720.0,R,70.0,R,3692.0,R,0.0,R,3692.0,R,3133.0,R,85.0,R,22.0,R,0.0,R,22.0,R,11.0,R,50.0,R,18
207537,2011,A,,A,,A,,R,38.0,R,0.0,R,38.0,R,31.0,R,82.0,A,,A,,A,,A,,A,,R,8
207564,2011,R,789.0,R,2224.0,R,35.0,R,714.0,Z,0.0,R,714.0,R,382.0,R,54.0,R,50.0,Z,0.0,R,50.0,R,20.0,R,40.0,R,19
207582,2011,R,400.0,R,663.0,R,60.0,R,410.0,R,0.0,R,410.0,R,326.0,R,80.0,R,3.0,R,0.0,R,3.0,R,1.0,R,33.0,R,15
207607,2011,A,,A,,A,,R,6.0,R,0.0,R,6.0,R,5.0,R,83.0,R,11.0,R,0.0,R,11.0,R,10.0,R,91.0,R,7
207625,2011,A,,A,,A,,R,96.0,R,0.0,R,96.0,R,46.0,R,48.0,A,,A,,A,,A,,A,,R,11
207661,2011,R,792.0,R,1757.0,R,45.0,R,213.0,Z,0.0,R,213.0,R,136.0,R,64.0,R,23.0,Z,0.0,R,23.0,R,6.0,R,26.0,R,23
207670,2011,R,957.0,R,3197.0,R,30.0,R,1036.0,Z,0.0,R,1036.0,R,482.0,R,47.0,R,763.0,Z,0.0,R,763.0,R,204.0,R,27.0,R,22
207689,2011,R,86.0,R,210.0,R,41.0,R,95.0,R,0.0,R,95.0,R,40.0,R,42.0,R,10.0,R,0.0,R,10.0,R,5.0,R,50.0,R,6
207704,2011,A,,A,,A,,R,43.0,R,0.0,R,43.0,R,36.0,R,84.0,A,,A,,A,,A,,A,,R,19
207722,2011,R,189.0,R,343.0,R,55.0,R,199.0,Z,0.0,R,199.0,R,126.0,R,63.0,R,23.0,Z,0.0,R,23.0,R,2.0,R,9.0,R,13
207740,2011,R,424.0,R,1063.0,R,40.0,R,460.0,Z,0.0,R,460.0,R,224.0,R,49.0,R,175.0,R,0.0,R,175.0,R,43.0,R,25.0,R,19
207786,2011,A,,A,,A,,R,17.0,R,0.0,R,17.0,R,15.0,R,88.0,A,,A,,A,,A,,A,,R,17
207847,2011,R,603.0,R,1402.0,R,43.0,R,649.0,Z,0.0,R,649.0,R,344.0,R,53.0,R,19.0,Z,0.0,R,19.0,R,3.0,R,16.0,R,19
207856,2011,R,135.0,R,361.0,R,37.0,R,113.0,R,0.0,R,113.0,R,66.0,R,58.0,R,3.0,R,0.0,R,3.0,R,0.0,R,0.0,R,17
207865,2011,R,975.0,R,1546.0,R,63.0,R,886.0,R,0.0,R,886.0,R,507.0,R,57.0,R,16.0,Z,0.0,R,16.0,R,2.0,R,13.0,R,20
207935,2011,R,1987.0,R,6106.0,R,33.0,R,1921.0,Z,0.0,R,1921.0,R,1054.0,R,55.0,R,1659.0,Z,0.0,R,1659.0,R,566.0,R,34.0,R,20
207962,2011,A,,A,,A,,R,464.0,R,0.0,R,464.0,R,339.0,R,73.0,A,,A,,A,,A,,A,,R,30
207971,2011,R,613.0,R,770.0,R,80.0,R,663.0,R,0.0,R,663.0,R,567.0,R,86.0,R,8.0,R,0.0,R,8.0,R,6.0,R,75.0,R,11
208017,2011,A,,A,,A,,R,8.0,R,0.0,R,8.0,R,4.0,R,50.0,A,,A,,A,,A,,A,,R,13
208026,2011,A,,A,,A,,R,121.0,Z,0.0,R,121.0,R,110.0,R,91.0,Z,0.0,Z,0.0,Z,0.0,R,0.0,A,,R,14
208035,2011,R,332.0,R,4151.0,R,8.0,R,339.0,Z,0.0,R,339.0,R,131.0,R,39.0,R,122.0,Z,0.0,R,122.0,R,34.0,R,28.0,R,35
208044,2011,A,,A,,A,,R,26.0,R,0.0,R,26.0,R,20.0,R,77.0,A,,A,,A,,A,,A,,R,13
208053,2011,A,,A,,A,,R,46.0,R,0.0,R,46.0,R,36.0,R,78.0,R,19.0,R,0.0,R,19.0,R,8.0,R,42.0,R,9
208080,2011,A,,A,,A,,R,12.0,R,0.0,R,12.0,R,7.0,R,58.0,A,,A,,A,,A,,A,,R,14
208123,2011,A,,A,,A,,A,,A,,A,,A,,A,,A,,A,,A,,A,,A,,R,17
208239,2011,R,156.0,R,423.0,R,37.0,R,183.0,R,0.0,R,183.0,R,93.0,R,51.0,R,53.0,R,0.0,R,53.0,R,14.0,R,26.0,R,15
208248,2011,A,,A,,A,,R,70.0,R,0.0,R,70.0,R,57.0,R,81.0,A,,A,,A,,A,,A,,R,15
208275,2011,R,289.0,R,1302.0,R,22.0,R,294.0,R,0.0,R,294.0,R,176.0,R,60.0,R,71.0,R,0.0,R,71.0,R,31.0,R,44.0,R,18
208318,2011,R,623.0,R,1647.0,R,38.0,R,709.0,R,0.0,R,709.0,R,414.0,R,58.0,R,535.0,R,0.0,R,535.0,R,212.0,R,40.0,R,27
208390,2011,R,830.0,R,2368.0,R,35.0,R,896.0,R,0.0,R,896.0,R,467.0,R,52.0,R,837.0,R,0.0,R,837.0,R,253.0,R,30.0,R,25
208406,2011,R,648.0,R,2806.0,R,23.0,R,607.0,R,0.0,R,607.0,R,351.0,R,58.0,R,1156.0,R,0.0,R,1156.0,R,277.0,R,24.0,R,20
208415,2011,R,85.0,R,276.0,R,31.0,R,126.0,R,0.0,R,126.0,R,8.0,R,6.0,R,69.0,R,0.0,R,69.0,R,5.0,R,7.0,R,14
208433,2011,A,,A,,A,,R,13.0,R,0.0,R,13.0,R,11.0,R,85.0,A,,A,,A,,A,,A,,R,20
208479,2011,A,,A,,A,,R,253.0,R,0.0,R,253.0,R,195.0,R,77.0,A,,A,,A,,A,,A,,R,22
208488,2011,R,210.0,R,474.0,R,44.0,R,223.0,R,0.0,R,223.0,R,155.0,R,70.0,R,4.0,R,0.0,R,4.0,R,1.0,R,25.0,R,20
208512,2011,A,,A,,A,,R,36.0,R,0.0,R,36.0,R,31.0,R,86.0,R,1.0,R,0.0,R,1.0,R,0.0,R,0.0,R,13
208637,2011,A,,A,,A,,A,,A,,A,,A,,A,,A,,A,,A,,A,,A,,R,11
208646,2011,R,327.0,R,1280.0,R,26.0,R,438.0,R,0.0,R,438.0,R,314.0,R,72.0,R,23.0,R,0.0,R,23.0,R,11.0,R,48.0,R,23
208655,2011,A,,A,,A,,R,25.0,R,0.0,R,25.0,R,16.0,R,64.0,A,,A,,A,,A,,A,,R,20
208725,2011,R,39.0,R,73.0,R,53.0,R,33.0,R,0.0,R,33.0,R,18.0,R,55.0,R,2.0,R,0.0,R,2.0,R,1.0,R,50.0,R,10
208822,2011,R,454.0,R,720.0,R,63.0,R,491.0,R,0.0,R,491.0,R,393.0,R,80.0,R,0.0,R,0.0,R,0.0,R,0.0,A,,R,13
208859,2011,A,,A,,A,,R,40.0,Z,0.0,R,40.0,R,30.0,R,75.0,A,,A,,A,,A,,A,,R,11
208965,2011,R,42.0,R,86.0,R,49.0,R,0.0,R,0.0,R,0.0,R,0.0,A,,R,0.0,R,0.0,R,0.0,R,0.0,A,,R,18
209038,2011,R,870.0,R,2664.0,R,33.0,R,841.0,R,0.0,R,841.0,R,514.0,R,61.0,R,658.0,R,0.0,R,658.0,R,296.0,R,45.0,R,20
209056,2011,R,607.0,R,718.0,R,85.0,R,493.0,R,1.0,R,492.0,R,433.0,R,88.0,A,,A,,A,,A,,A,,R,12
209065,2011,R,459.0,R,571.0,R,80.0,R,528.0,R,0.0,R,528.0,R,444.0,R,84.0,R,0.0,R,0.0,R,0.0,R,0.0,A,,R,12
209074,2011,R,1351.0,R,3661.0,R,37.0,R,1459.0,R,1.0,R,1458.0,R,852.0,R,58.0,R,1054.0,R,0.0,R,1054.0,R,430.0,R,41.0,R,21
209083,2011,A,,A,,A,,R,26.0,Z,0.0,R,26.0,R,15.0,R,58.0,A,,A,,A,,A,,A,,R,15
209108,2011,R,7.0,R,224.0,R,3.0,R,9.0,R,0.0,R,9.0,R,6.0,R,67.0,R,9.0,R,0.0,R,9.0,R,4.0,R,44.0,R,5
209153,2011,A,,A,,A,,R,55.0,R,1.0,R,54.0,R,47.0,R,87.0,A,,A,,A,,A,,A,,R,13
209205,2011,A,,A,,A,,R,61.0,Z,0.0,R,61.0,R,36.0,R,59.0,A,,A,,A,,A,,A,,R,16
209241,2011,R,15.0,R,15.0,R,100.0,R,10.0,R,0.0,R,10.0,R,10.0,R,100.0,A,,A,,A,,A,,A,,R,4
209250,2011,R,1310.0,R,5063.0,R,26.0,R,1373.0,Z,0.0,R,1373.0,R,761.0,R,55.0,R,1032.0,Z,0.0,R,1032.0,R,371.0,R,36.0,R,19
209287,2011,R,60.0,R,152.0,R,39.0,R,85.0,R,0.0,R,85.0,R,53.0,R,62.0,R,1.0,R,0.0,R,1.0,R,0.0,R,0.0,R,16
209348,2011,A,,A,,A,,A,,A,,A,,A,,A,,A,,A,,A,,A,,A,,R,15
209409,2011,R,58.0,R,150.0,R,39.0,R,75.0,R,0.0,R,75.0,R,58.0,R,77.0,A,,A,,A,,A,,A,,R,12
209490,2011,A,,A,,A,,A,,A,,A,,A,,A,,A,,A,,A,,A,,A,,R,7
209506,2011,R,318.0,R,1483.0,R,21.0,R,287.0,R,0.0,R,287.0,R,210.0,R,73.0,R,12.0,R,0.0,R,12.0,R,4.0,R,33.0,R,19
209533,2011,R,22.0,R,54.0,R,41.0,R,12.0,R,0.0,R,12.0,R,8.0,R,67.0,R,0.0,R,0.0,R,0.0,R,0.0,A,,R,7
209542,2011,R,3339.0,R,5817.0,R,57.0,R,3481.0,R,0.0,R,3481.0,R,2835.0,R,81.0,R,214.0,R,0.0,R,214.0,R,130.0,R,61.0,R,23
209551,2011,R,4105.0,R,5951.0,R,69.0,R,3914.0,R,0.0,R,3914.0,R,3379.0,R,86.0,R,62.0,R,0.0,R,62.0,R,30.0,R,48.0,R,24
209603,2011,R,75.0,R,151.0,R,50.0,R,92.0,R,0.0,R,92.0,R,52.0,R,57.0,R,0.0,R,0.0,R,0.0,R,0.0,A,,R,8
209612,2011,R,374.0,R,518.0,R,72.0,R,475.0,R,0.0,R,475.0,R,356.0,R,75.0,A,,A,,A,,A,,A,,R,10
209667,2011,A,,A,,A,,R,55.0,R,0.0,R,55.0,R,48.0,R,87.0,A,,A,,A,,A,,A,,R,12
209676,2011,A,,A,,A,,R,118.0,R,0.0,R,118.0,R,102.0,R,86.0,A,,A,,A,,A,,A,,R,15
209694,2011,A,,A,,A,,R,52.0,R,2.0,R,50.0,R,41.0,R,82.0,A,,A,,A,,A,,A,,R,14
209700,2011,A,,A,,A,,R,48.0,R,0.0,R,48.0,R,37.0,R,77.0,A,,A,,A,,A,,A,,R,22
209719,2011,A,,A,,A,,R,5.0,R,0.0,R,5.0,R,4.0,R,80.0,A,,A,,A,,A,,A,,R,15
209746,2011,R,1089.0,R,6071.0,R,18.0,R,1269.0,R,2.0,R,1267.0,R,764.0,R,60.0,R,1151.0,R,0.0,R,1151.0,R,520.0,R,45.0,R,21
209807,2011,R,1222.0,R,6806.0,R,18.0,R,1366.0,R,0.0,R,1366.0,R,996.0,R,73.0,R,129.0,R,0.0,R,129.0,R,64.0,R,50.0,R,21
209825,2011,R,836.0,R,938.0,R,89.0,R,888.0,R,0.0,R,888.0,R,805.0,R,91.0,A,,A,,A,,A,,A,,R,13
209922,2011,R,373.0,R,435.0,R,86.0,R,372.0,R,0.0,R,372.0,R,343.0,R,92.0,A,,A,,A,,A,,A,,R,10
209940,2011,R,427.0,R,1223.0,R,35.0,R,522.0,R,0.0,R,522.0,R,288.0,R,55.0,R,413.0,R,0.0,R,413.0,R,180.0,R,44.0,R,16
209986,2011,A,,A,,A,,R,5.0,R,0.0,R,5.0,R,4.0,R,80.0,A,,A,,A,,A,,A,,R,11
210076,2011,A,,A,,A,,R,0.0,R,0.0,R,0.0,R,0.0,A,,R,0.0,R,0.0,R,0.0,R,0.0,A,,R,11
210100,2011,A,,A,,A,,R,17.0,R,0.0,R,17.0,R,11.0,R,65.0,A,,A,,A,,A,,A,,R,15
210146,2011,R,709.0,R,2198.0,R,32.0,R,720.0,R,0.0,R,720.0,R,497.0,R,69.0,R,46.0,R,0.0,R,46.0,R,17.0,R,37.0,R,20
210155,2011,R,379.0,R,1068.0,R,35.0,R,425.0,Z,0.0,R,425.0,R,242.0,R,57.0,R,161.0,Z,0.0,R,161.0,R,83.0,R,52.0,R,14
210234,2011,R,404.0,R,776.0,R,52.0,R,405.0,R,0.0,R,405.0,R,188.0,R,46.0,R,297.0,R,0.0,R,297.0,R,80.0,R,27.0,R,18
210270,2011,R,222.0,R,862.0,R,26.0,R,266.0,R,9.0,R,257.0,R,103.0,R,40.0,R,166.0,R,20.0,R,146.0,R,49.0,R,34.0,R,19
210304,2011,R,133.0,R,133.0,R,100.0,R,111.0,R,0.0,R,111.0,R,73.0,R,66.0,A,,A,,A,,A,,A,,R,22
210331,2011,R,275.0,R,348.0,R,79.0,R,213.0,R,1.0,R,212.0,R,163.0,R,77.0,A,,A,,A,,A,,A,,R,15
210340,2011,A,,A,,A,,R,19.0,R,0.0,R,19.0,R,15.0,R,79.0,A,,A,,A,,A,,A,,R,20
210359,2011,A,,A,,A,,R,90.0,R,1.0,R,89.0,R,47.0,R,53.0,R,28.0,R,1.0,R,27.0,R,10.0,R,37.0,R,30
210401,2011,R,617.0,R,681.0,R,91.0,R,427.0,R,0.0,R,427.0,R,377.0,R,88.0,A,,A,,A,,A,,A,,R,10
210429,2011,R,979.0,R,1687.0,R,58.0,R,1037.0,R,0.0,R,1037.0,R,700.0,R,68.0,R,43.0,R,0.0,R,43.0,R,16.0,R,37.0,R,19
210438,2011,A,,A,,A,,A,,A,,A,,A,,A,,R,0.0,R,0.0,R,0.0,R,0.0,A,,R,11
210456,2011,A,,A,,A,,A,,A,,A,,A,,A,,A,,A,,A,,A,,A,,R,11
210474,2011,A,,A,,A,,R,21.0,Z,0.0,R,21.0,R,14.0,R,67.0,R,0.0,Z,0.0,R,0.0,R,0.0,A,,R,16
210483,2011,A,,A,,A,,R,168.0,R,0.0,R,168.0,R,131.0,R,78.0,A,,A,,A,,A,,A,,R,11
210492,2011,R,82.0,R,90.0,R,91.0,R,68.0,R,0.0,R,68.0,R,49.0,R,72.0,A,,A,,A,,A,,A,,R,7
210571,2011,R,519.0,R,622.0,R,83.0,R,485.0,R,0.0,R,485.0,R,357.0,R,74.0,A,,A,,A,,A,,A,,R,14
210599,2011,A,,A,,A,,R,149.0,R,0.0,R,149.0,R,124.0,R,83.0,A,,A,,A,,A,,A,,R,13
210605,2011,R,2730.0,R,5905.0,R,46.0,R,2964.0,R,0.0,R,2964.0,R,1660.0,R,56.0,R,1690.0,R,0.0,R,1690.0,R,756.0,R,45.0,R,18
210669,2011,R,559.0,R,613.0,R,91.0,R,596.0,R,0.0,R,596.0,R,521.0,R,87.0,R,3.0,R,0.0,R,3.0,R,1.0,R,33.0,R,11
210711,2011,A,,A,,A,,R,116.0,R,0.0,R,116.0,R,82.0,R,71.0,R,21.0,R,0.0,R,21.0,R,15.0,R,71.0,R,16
210739,2011,R,445.0,R,524.0,R,85.0,R,427.0,R,0.0,R,427.0,R,345.0,R,81.0,R,0.0,R,0.0,R,0.0,R,0.0,A,,R,13
210748,2011,A,,A,,A,,R,33.0,R,1.0,R,32.0,R,29.0,R,91.0,R,19.0,R,0.0,R,19.0,R,16.0,R,84.0,R,11
210775,2011,R,376.0,R,698.0,R,54.0,R,388.0,R,0.0,R,388.0,R,279.0,R,72.0,A,,A,,A,,A,,A,,R,13
210784,2011,A,,A,,A,,R,92.0,R,0.0,R,92.0,R,65.0,R,71.0,R,2.0,R,0.0,R,2.0,R,2.0,R,100.0,R,15
210890,2011,R,78.0,R,106.0,R,74.0,R,77.0,R,0.0,R,77.0,R,62.0,R,81.0,A,,A,,A,,A,,A,,R,24
210906,2011,R,110.0,R,167.0,R,66.0,R,98.0,Z,0.0,R,98.0,R,97.0,R,99.0,R,60.0,R,1.0,R,59.0,R,5.0,R,8.0,R,12
210942,2011,R,453.0,R,1019.0,R,44.0,R,417.0,R,0.0,R,417.0,R,298.0,R,71.0,R,115.0,R,0.0,R,115.0,R,62.0,R,54.0,R,18
210951,2011,A,,A,,A,,R,58.0,R,0.0,R,58.0,R,50.0,R,86.0,A,,A,,A,,A,,A,,R,10
210960,2011,R,517.0,R,836.0,R,62.0,R,381.0,R,0.0,R,381.0,R,196.0,R,51.0,R,3.0,R,0.0,R,3.0,R,1.0,R,33.0,R,18
211006,2011,A,,A,,A,,R,48.0,R,0.0,R,48.0,R,45.0,R,94.0,R,11.0,R,0.0,R,11.0,R,11.0,R,100.0,R,20
211024,2011,R,126.0,R,229.0,R,55.0,R,87.0,R,0.0,R,87.0,R,62.0,R,71.0,R,12.0,Z,0.0,R,12.0,R,5.0,R,42.0,R,12
211079,2011,R,274.0,R,555.0,R,49.0,R,250.0,R,0.0,R,250.0,R,136.0,R,54.0,R,111.0,R,0.0,R,111.0,R,30.0,R,27.0,R,17
211088,2011,R,510.0,R,667.0,R,76.0,R,525.0,R,1.0,R,524.0,R,396.0,R,76.0,R,4.0,R,0.0,R,4.0,R,2.0,R,50.0,R,13
211149,2011,A,,A,,A,,R,35.0,R,0.0,R,35.0,R,26.0,R,74.0,A,,A,,A,,A,,A,,R,11
211158,2011,R,1971.0,R,2593.0,R,76.0,R,2136.0,R,0.0,R,2136.0,R,1716.0,R,80.0,R,4.0,R,0.0,R,4.0,R,3.0,R,75.0,R,21
211200,2011,R,272.0,R,272.0,R,100.0,R,289.0,R,0.0,R,289.0,R,220.0,R,76.0,A,,A,,A,,A,,A,,R,30
211273,2011,R,361.0,R,377.0,R,96.0,R,369.0,R,0.0,R,369.0,R,331.0,R,90.0,A,,A,,A,,A,,A,,R,8
211291,2011,R,916.0,R,955.0,R,96.0,R,929.0,R,0.0,R,929.0,R,871.0,R,94.0,A,,A,,A,,A,,A,,R,10
211307,2011,R,1329.0,R,3839.0,R,35.0,R,1602.0,R,0.0,R,1602.0,R,1005.0,R,63.0,R,1017.0,R,0.0,R,1017.0,R,424.0,R,42.0,R,17
211316,2011,A,,A,,A,,R,21.0,R,0.0,R,21.0,R,21.0,R,100.0,R,1.0,R,0.0,R,1.0,R,0.0,R,0.0,R,7
211334,2011,A,,A,,A,,R,30.0,R,0.0,R,30.0,R,19.0,R,63.0,A,,A,,A,,A,,A,,R,15
211343,2011,R,815.0,R,1540.0,R,53.0,R,888.0,R,0.0,R,888.0,R,467.0,R,53.0,R,315.0,Z,0.0,R,315.0,R,87.0,R,28.0,R,18
211352,2011,R,325.0,R,460.0,R,71.0,R,339.0,R,0.0,R,339.0,R,246.0,R,73.0,A,,A,,A,,A,,A,,R,13
211361,2011,R,1272.0,R,2033.0,R,63.0,R,889.0,R,0.0,R,889.0,R,652.0,R,73.0,R,9.0,R,0.0,R,9.0,R,3.0,R,33.0,R,22
211398,2011,R,33.0,R,48.0,R,69.0,R,45.0,R,0.0,R,45.0,R,31.0,R,69.0,R,1.0,R,0.0,R,1.0,R,0.0,R,0.0,R,12
211431,2011,R,220.0,R,886.0,R,25.0,R,189.0,R,0.0,R,189.0,R,140.0,R,74.0,R,5.0,R,0.0,R,5.0,R,1.0,R,20.0,R,10
211440,2011,R,1436.0,R,1557.0,R,92.0,R,1486.0,R,7.0,R,1479.0,R,1415.0,R,96.0,R,0.0,R,0.0,R,0.0,R,0.0,A,,R,12
211468,2011,R,117.0,R,325.0,R,36.0,R,91.0,R,0.0,R,91.0,R,69.0,R,76.0,R,0.0,Z,0.0,R,0.0,Z,0.0,A,,R,10
211477,2011,R,97.0,R,205.0,R,47.0,R,148.0,R,0.0,R,148.0,R,62.0,R,42.0,R,52.0,R,0.0,R,52.0,R,16.0,R,31.0,R,16
211556,2011,R,130.0,R,333.0,R,39.0,R,150.0,R,0.0,R,150.0,R,105.0,R,70.0,R,1.0,R,0.0,R,1.0,R,1.0,R,100.0,R,10
211583,2011,R,239.0,R,470.0,R,51.0,R,218.0,R,0.0,R,218.0,R,165.0,R,76.0,R,3.0,R,0.0,R,3.0,R,2.0,R,67.0,R,10
211608,2011,R,203.0,R,294.0,R,69.0,R,471.0,R,0.0,R,471.0,R,211.0,R,45.0,R,12.0,R,0.0,R,12.0,R,2.0,R,17.0,R,16
211617,2011,A,,A,,A,,R,196.0,R,0.0,R,196.0,R,141.0,R,72.0,R,0.0,R,0.0,R,0.0,R,0.0,A,,R,23
211635,2011,A,,A,,A,,R,5.0,R,0.0,R,5.0,R,3.0,R,60.0,A,,A,,A,,A,,A,,R,10
211644,2011,R,1199.0,R,1741.0,R,69.0,R,1213.0,R,4.0,R,1209.0,R,845.0,R,70.0,R,13.0,R,0.0,R,13.0,R,8.0,R,62.0,R,19
211750,2011,A,,A,,A,,R,46.0,R,0.0,R,46.0,R,43.0,R,93.0,A,,A,,A,,A,,A,,R,13
211802,2011,A,,A,,A,,A,,A,,A,,A,,A,,A,,A,,A,,A,,A,,R,7
211820,2011,A,,A,,A,,R,15.0,Z,0.0,R,15.0,R,10.0,R,67.0,R,0.0,Z,0.0,R,0.0,R,0.0,A,,R,14
211893,2011,R,23.0,R,27.0,R,85.0,R,20.0,R,0.0,R,20.0,R,19.0,R,95.0,A,,A,,A,,A,,A,,R,2
211909,2011,R,50.0,R,61.0,R,82.0,R,54.0,R,0.0,R,54.0,R,51.0,R,94.0,R,10.0,R,0.0,R,10.0,R,9.0,R,90.0,R,12
211927,2011,R,1588.0,R,4299.0,R,37.0,R,1709.0,R,0.0,R,1709.0,R,1085.0,R,63.0,R,1096.0,R,0.0,R,1096.0,R,521.0,R,48.0,R,21
211981,2011,R,424.0,R,603.0,R,70.0,R,494.0,Z,0.0,R,494.0,R,370.0,R,75.0,A,,A,,A,,A,,A,,R,15
212009,2011,R,652.0,R,700.0,R,93.0,R,657.0,R,0.0,R,657.0,R,593.0,R,90.0,R,0.0,R,0.0,R,0.0,R,0.0,A,,R,10
212045,2011,R,88.0,R,138.0,R,64.0,R,104.0,R,0.0,R,104.0,R,81.0,R,78.0,A,,A,,A,,A,,A,,R,16
212054,2011,R,3046.0,R,4756.0,R,64.0,R,2700.0,R,0.0,R,2700.0,R,2285.0,R,85.0,R,64.0,R,0.0,R,64.0,R,40.0,R,63.0,R,11
212072,2011,R,44.0,R,52.0,R,85.0,R,54.0,R,0.0,R,54.0,R,31.0,R,57.0,R,2.0,R,0.0,R,2.0,R,2.0,R,100.0,R,12
212090,2011,A,,A,,A,,R,175.0,R,0.0,R,175.0,R,96.0,R,55.0,R,22.0,R,0.0,R,22.0,R,6.0,R,27.0,R,24
212106,2011,R,1331.0,R,1499.0,R,89.0,R,1225.0,R,0.0,R,1225.0,R,1064.0,R,87.0,R,0.0,R,0.0,R,0.0,R,0.0,A,,R,13
212115,2011,R,1373.0,R,2111.0,R,65.0,R,1144.0,R,0.0,R,1144.0,R,898.0,R,78.0,R,19.0,R,0.0,R,19.0,R,3.0,R,16.0,R,22
212133,2011,R,482.0,R,851.0,R,57.0,R,354.0,R,0.0,R,354.0,R,283.0,R,80.0,R,1.0,R,0.0,R,1.0,R,1.0,R,100.0,R,13
212160,2011,R,1482.0,R,1919.0,R,77.0,R,1231.0,R,0.0,R,1231.0,R,901.0,R,73.0,R,21.0,R,0.0,R,21.0,R,4.0,R,19.0,R,18
212197,2011,R,511.0,R,599.0,R,85.0,R,491.0,R,0.0,R,491.0,R,413.0,R,84.0,A,,A,,A,,A,,A,,R,12
212212,2011,A,,A,,A,,R,15.0,Z,0.0,R,15.0,R,14.0,R,93.0,A,,A,,A,,A,,A,,R,17
212230,2011,A,,A,,A,,R,15.0,Z,0.0,R,15.0,R,11.0,R,73.0,A,,A,,A,,A,,A,,R,20
212267,2011,A,,A,,A,,R,33.0,R,3.0,R,30.0,R,12.0,R,40.0,R,17.0,R,1.0,R,16.0,R,5.0,R,31.0,R,22
212276,2011,A,,A,,A,,R,33.0,R,1.0,R,32.0,R,20.0,R,63.0,R,13.0,R,1.0,R,12.0,R,6.0,R,50.0,R,25
212285,2011,A,,A,,A,,R,25.0,Z,0.0,R,25.0,R,13.0,R,52.0,R,7.0,R,1.0,R,6.0,R,2.0,R,33.0,R,20
212294,2011,A,,A,,A,,R,19.0,Z,0.0,R,19.0,R,13.0,R,68.0,R,3.0,Z,0.0,R,3.0,R,3.0,R,100.0,R,20
212300,2011,A,,A,,A,,R,20.0,Z,0.0,R,20.0,R,15.0,R,75.0,A,,A,,A,,A,,A,,R,20
212328,2011,A,,A,,A,,R,46.0,Z,0.0,R,46.0,R,35.0,R,76.0,R,9.0,R,2.0,R,7.0,R,7.0,R,100.0,R,20
212337,2011,A,,A,,A,,R,17.0,R,1.0,R,16.0,R,12.0,R,75.0,R,5.0,Z,0.0,R,5.0,R,2.0,R,40.0,R,20
212355,2011,A,,A,,A,,R,41.0,Z,0.0,R,41.0,R,34.0,R,83.0,R,4.0,Z,0.0,R,4.0,R,3.0,R,75.0,R,20
212373,2011,A,,A,,A,,R,23.0,Z,0.0,R,23.0,R,15.0,R,65.0,R,3.0,Z,0.0,R,3.0,R,2.0,R,67.0,R,20
212382,2011,A,,A,,A,,R,37.0,R,1.0,R,36.0,R,23.0,R,64.0,R,9.0,Z,0.0,R,9.0,R,7.0,R,78.0,R,20
212391,2011,A,,A,,A,,R,31.0,Z,0.0,R,31.0,R,19.0,R,61.0,R,7.0,Z,0.0,R,7.0,R,5.0,R,71.0,R,20
212425,2011,R,71.0,R,87.0,R,82.0,R,68.0,R,0.0,R,68.0,R,45.0,R,66.0,R,16.0,R,0.0,R,16.0,R,4.0,R,25.0,R,9
212434,2011,R,81.0,R,81.0,R,100.0,R,77.0,R,1.0,R,76.0,R,51.0,R,67.0,A,,A,,A,,A,,A,,R,9
212568,2011,A,,A,,A,,R,19.0,R,0.0,R,19.0,R,18.0,R,95.0,A,,A,,A,,A,,A,,R,11
212577,2011,R,597.0,R,645.0,R,93.0,R,629.0,R,0.0,R,629.0,R,583.0,R,93.0,A,,A,,A,,A,,A,,R,10
212601,2011,R,675.0,R,1042.0,R,65.0,R,587.0,R,2.0,R,585.0,R,464.0,R,79.0,R,10.0,R,0.0,R,10.0,R,2.0,R,20.0,R,14
212656,2011,R,312.0,R,380.0,R,82.0,R,412.0,R,2.0,R,410.0,R,310.0,R,76.0,R,0.0,Z,0.0,R,0.0,Z,0.0,A,,R,14
212674,2011,R,732.0,R,745.0,R,98.0,R,720.0,R,0.0,R,720.0,R,661.0,R,92.0,A,,A,,A,,A,,A,,R,10
212683,2011,A,,A,,A,,R,33.0,Z,0.0,R,33.0,R,24.0,R,73.0,R,8.0,Z,0.0,R,8.0,R,7.0,R,88.0,R,22
212708,2011,A,,A,,A,,R,35.0,R,1.0,R,34.0,R,25.0,R,74.0,R,8.0,R,1.0,R,7.0,R,7.0,R,100.0,R,22
212753,2011,A,,A,,A,,R,60.0,R,1.0,R,59.0,R,31.0,R,53.0,R,16.0,Z,0.0,R,16.0,R,8.0,R,50.0,R,25
212771,2011,A,,A,,A,,R,0.0,R,0.0,R,0.0,R,0.0,A,,R,0.0,R,0.0,R,0.0,R,0.0,A,,R,7
212805,2011,R,617.0,R,648.0,R,95.0,R,650.0,R,0.0,R,650.0,R,575.0,R,88.0,A,,A,,A,,A,,A,,R,15
212832,2011,R,296.0,R,579.0,R,51.0,R,144.0,R,0.0,R,144.0,R,122.0,R,85.0,R,1.0,R,0.0,R,1.0,R,0.0,R,0.0,R,16
212869,2011,R,352.0,R,1134.0,R,31.0,R,263.0,R,0.0,R,263.0,R,164.0,R,62.0,R,58.0,R,0.0,R,58.0,R,20.0,R,34.0,R,15
212878,2011,R,1064.0,R,6442.0,R,17.0,R,1246.0,R,0.0,R,1246.0,R,655.0,R,53.0,R,974.0,R,0.0,R,974.0,R,447.0,R,46.0,R,20
212911,2011,R,334.0,R,341.0,R,98.0,R,325.0,R,0.0,R,325.0,R,319.0,R,98.0,A,,A,,A,,A,,A,,R,8
212975,2011,R,94.0,R,94.0,R,100.0,R,108.0,R,4.0,R,104.0,R,70.0,R,67.0,A,,A,,A,,A,,A,,R,8
212984,2011,R,288.0,R,615.0,R,47.0,R,333.0,R,0.0,R,333.0,R,263.0,R,79.0,R,2.0,R,0.0,R,2.0,R,1.0,R,50.0,R,12
212993,2011,R,35.0,R,38.0,R,92.0,R,52.0,R,0.0,R,52.0,R,34.0,R,65.0,A,,A,,A,,A,,A,,R,14
213002,2011,A,,A,,A,,R,121.0,R,0.0,R,121.0,R,61.0,R,50.0,R,10.0,R,0.0,R,10.0,R,2.0,R,20.0,R,20
213011,2011,R,245.0,R,742.0,R,33.0,R,272.0,R,0.0,R,272.0,R,226.0,R,83.0,R,15.0,R,0.0,R,15.0,R,12.0,R,80.0,R,10
213020,2011,R,2911.0,R,3753.0,R,78.0,R,2969.0,R,0.0,R,2969.0,R,2208.0,R,74.0,R,9.0,R,0.0,R,9.0,R,6.0,R,67.0,R,19
213057,2011,R,54.0,R,136.0,R,40.0,R,81.0,R,0.0,R,81.0,R,28.0,R,35.0,R,25.0,R,0.0,R,25.0,R,11.0,R,44.0,R,10
213163,2011,A,,A,,A,,A,,A,,A,,A,,A,,A,,A,,A,,A,,A,,R,7
213181,2011,A,,A,,A,,R,309.0,R,0.0,R,309.0,R,243.0,R,79.0,A,,A,,A,,A,,A,,R,11
213215,2011,A,,A,,A,,R,37.0,R,0.0,R,37.0,R,24.0,R,65.0,R,24.0,R,0.0,R,24.0,R,11.0,R,46.0,R,21
213233,2011,R,180.0,R,245.0,R,73.0,R,174.0,R,4.0,R,170.0,R,111.0,R,65.0,A,,A,,A,,A,,A,,R,15
213251,2011,R,363.0,R,506.0,R,72.0,R,421.0,R,0.0,R,421.0,R,358.0,R,85.0,A,,A,,A,,A,,A,,R,13
213303,2011,R,345.0,R,456.0,R,76.0,R,237.0,R,0.0,R,237.0,R,167.0,R,70.0,R,5.0,R,0.0,R,5.0,R,2.0,R,40.0,R,11
213312,2011,A,,A,,A,,R,82.0,R,0.0,R,82.0,R,49.0,R,60.0,A,,A,,A,,A,,A,,R,25
213321,2011,R,551.0,R,752.0,R,73.0,R,528.0,R,0.0,R,528.0,R,415.0,R,79.0,R,0.0,Z,0.0,R,0.0,Z,0.0,A,,R,13
213330,2011,A,,A,,A,,R,16.0,R,0.0,R,16.0,R,12.0,R,75.0,A,,A,,A,,A,,A,,R,14
213349,2011,R,2030.0,R,2693.0,R,75.0,R,2010.0,R,0.0,R,2010.0,R,1551.0,R,77.0,R,3.0,R,0.0,R,3.0,R,3.0,R,100.0,R,21
213358,2011,R,260.0,R,476.0,R,55.0,R,258.0,R,2.0,R,256.0,R,187.0,R,73.0,R,2.0,R,0.0,R,2.0,R,1.0,R,50.0,R,12
213367,2011,R,954.0,R,1293.0,R,74.0,R,916.0,R,0.0,R,916.0,R,738.0,R,81.0,R,3.0,R,0.0,R,3.0,R,1.0,R,33.0,R,13
213376,2011,R,397.0,R,635.0,R,63.0,R,351.0,R,1.0,R,350.0,R,198.0,R,57.0,R,35.0,R,0.0,R,35.0,R,14.0,R,40.0,R,15
213385,2011,R,638.0,R,675.0,R,95.0,R,647.0,R,0.0,R,647.0,R,613.0,R,95.0,A,,A,,A,,A,,A,,R,10
213400,2011,R,121.0,R,316.0,R,38.0,R,142.0,R,0.0,R,142.0,R,108.0,R,76.0,R,5.0,R,0.0,R,5.0,R,3.0,R,60.0,R,14
213455,2011,A,,A,,A,,R,38.0,R,0.0,R,38.0,R,34.0,R,89.0,R,173.0,R,2.0,R,171.0,R,153.0,R,89.0,R,16
213473,2011,R,34.0,R,100.0,R,34.0,R,80.0,R,25.0,R,55.0,R,40.0,R,73.0,R,38.0,R,10.0,R,28.0,R,25.0,R,89.0,R,16
213491,2011,A,,A,,A,,R,34.0,R,0.0,R,34.0,R,31.0,R,91.0,R,17.0,R,0.0,R,17.0,R,14.0,R,82.0,R,12
213507,2011,R,468.0,R,561.0,R,83.0,R,460.0,R,0.0,R,460.0,R,394.0,R,86.0,A,,A,,A,,A,,A,,R,13
213525,2011,R,870.0,R,3146.0,R,28.0,R,1093.0,R,0.0,R,1093.0,R,586.0,R,54.0,R,448.0,R,0.0,R,448.0,R,184.0,R,41.0,R,18
213534,2011,R,235.0,R,339.0,R,69.0,R,123.0,Z,0.0,R,123.0,R,87.0,R,71.0,R,10.0,Z,0.0,R,10.0,R,3.0,R,30.0,R,14
213543,2011,R,1207.0,R,1259.0,R,96.0,R,1212.0,R,0.0,R,1212.0,R,1154.0,R,95.0,A,,A,,A,,A,,A,,R,10
213552,2011,A,,A,,A,,R,16.0,R,0.0,R,16.0,R,13.0,R,81.0,R,9.0,R,0.0,R,9.0,R,8.0,R,89.0,R,15
213570,2011,A,,A,,A,,R,164.0,R,0.0,R,164.0,R,89.0,R,54.0,A,,A,,A,,A,,A,,R,31
213589,2011,A,,A,,A,,R,119.0,R,0.0,R,119.0,R,64.0,R,54.0,R,64.0,R,0.0,R,64.0,R,38.0,R,59.0,R,27
213598,2011,R,305.0,R,456.0,R,67.0,R,312.0,R,0.0,R,312.0,R,219.0,R,70.0,R,0.0,R,0.0,R,0.0,R,0.0,A,,R,14
213613,2011,R,1228.0,R,1550.0,R,79.0,R,1147.0,R,0.0,R,1147.0,R,790.0,R,69.0,R,7.0,R,0.0,R,7.0,R,3.0,R,43.0,R,21
213622,2011,A,,A,,A,,R,17.0,R,0.0,R,17.0,R,13.0,R,76.0,A,,A,,A,,A,,A,,R,8
213659,2011,R,1322.0,R,2439.0,R,54.0,R,1331.0,R,1.0,R,1330.0,R,713.0,R,54.0,R,527.0,R,0.0,R,527.0,R,148.0,R,28.0,R,19
213668,2011,R,416.0,R,465.0,R,89.0,R,346.0,R,0.0,R,346.0,R,299.0,R,86.0,A,,A,,A,,A,,A,,R,14
213686,2011,R,20.0,R,23.0,R,87.0,R,26.0,R,0.0,R,26.0,R,14.0,R,54.0,R,3.0,R,0.0,R,3.0,R,1.0,R,33.0,R,18
213774,2011,R,201.0,R,441.0,R,46.0,R,157.0,R,0.0,R,157.0,R,101.0,R,64.0,R,18.0,R,0.0,R,18.0,R,10.0,R,56.0,R,9
213783,2011,R,617.0,R,870.0,R,71.0,R,496.0,R,0.0,R,496.0,R,357.0,R,72.0,R,2.0,R,0.0,R,2.0,R,1.0,R,50.0,R,19
213826,2011,R,456.0,R,670.0,R,68.0,R,452.0,R,1.0,R,451.0,R,380.0,R,84.0,R,6.0,R,0.0,R,6.0,R,2.0,R,33.0,R,13
213914,2011,R,82.0,R,134.0,R,61.0,R,117.0,R,0.0,R,117.0,R,80.0,R,68.0,A,,A,,A,,A,,A,,R,34
213932,2011,A,,A,,A,,A,,A,,A,,A,,A,,A,,A,,A,,A,,A,,R,9
213987,2011,R,973.0,R,1366.0,R,71.0,R,660.0,R,0.0,R,660.0,R,534.0,R,81.0,R,2.0,R,0.0,R,2.0,R,1.0,R,50.0,R,15
213996,2011,R,694.0,R,804.0,R,86.0,R,721.0,R,0.0,R,721.0,R,600.0,R,83.0,A,,A,,A,,A,,A,,R,13
214023,2011,R,39.0,R,58.0,R,67.0,R,39.0,R,0.0,R,39.0,R,30.0,R,77.0,R,17.0,R,0.0,R,17.0,R,15.0,R,88.0,R,16
214041,2011,R,1290.0,R,2097.0,R,62.0,R,1303.0,R,0.0,R,1303.0,R,1052.0,R,81.0,R,7.0,R,0.0,R,7.0,R,4.0,R,57.0,R,22
214069,2011,R,368.0,R,646.0,R,57.0,R,375.0,R,0.0,R,375.0,R,324.0,R,86.0,R,5.0,R,0.0,R,5.0,R,3.0,R,60.0,R,12
214111,2011,R,1209.0,R,3326.0,R,36.0,R,1427.0,R,0.0,R,1427.0,R,866.0,R,61.0,R,781.0,R,0.0,R,781.0,R,279.0,R,36.0,R,21
214148,2011,R,92.0,R,143.0,R,64.0,R,85.0,R,0.0,R,85.0,R,71.0,R,84.0,R,2.0,R,0.0,R,2.0,R,1.0,R,50.0,R,8
214157,2011,R,375.0,R,513.0,R,73.0,R,373.0,R,0.0,R,373.0,R,286.0,R,77.0,R,0.0,R,0.0,R,0.0,R,0.0,A,,R,11
214166,2011,R,362.0,R,623.0,R,58.0,R,232.0,Z,0.0,R,232.0,R,144.0,R,62.0,R,0.0,R,0.0,R,0.0,R,0.0,A,,R,13
214175,2011,R,584.0,R,623.0,R,94.0,R,603.0,R,0.0,R,603.0,R,542.0,R,90.0,A,,A,,A,,A,,A,,R,12
214254,2011,A,,A,,A,,R,253.0,R,0.0,R,253.0,R,137.0,R,54.0,A,,A,,A,,A,,A,,R,46
214272,2011,R,573.0,R,761.0,R,75.0,R,547.0,R,0.0,R,547.0,R,400.0,R,73.0,R,0.0,R,0.0,R,0.0,R,0.0,A,,R,13
214290,2011,A,,A,,A,,R,299.0,R,0.0,R,299.0,R,202.0,R,68.0,A,,A,,A,,A,,A,,R,23
214315,2011,R,21.0,R,30.0,R,70.0,R,18.0,R,0.0,R,18.0,R,16.0,R,89.0,R,0.0,R,0.0,R,0.0,R,0.0,A,,R,5
214379,2011,R,1699.0,R,6184.0,R,27.0,R,1765.0,R,3.0,R,1762.0,R,1087.0,R,62.0,R,707.0,R,1.0,R,706.0,R,305.0,R,43.0,R,22
214476,2011,A,,A,,A,,R,10.0,R,0.0,R,10.0,R,9.0,R,90.0,R,4.0,R,0.0,R,4.0,R,2.0,R,50.0,R,22
214528,2011,A,,A,,A,,R,163.0,R,0.0,R,163.0,R,115.0,R,71.0,R,48.0,R,0.0,R,48.0,R,33.0,R,69.0,R,13
214546,2011,A,,A,,A,,R,23.0,R,0.0,R,23.0,R,21.0,R,91.0,R,7.0,R,0.0,R,7.0,R,6.0,R,86.0,R,14
214582,2011,R,346.0,R,459.0,R,75.0,R,416.0,Z,0.0,R,416.0,R,207.0,R,50.0,R,19.0,Z,0.0,R,19.0,R,9.0,R,47.0,R,13
214591,2011,R,1077.0,R,1306.0,R,82.0,R,998.0,R,0.0,R,998.0,R,815.0,R,82.0,R,4.0,R,0.0,R,4.0,R,2.0,R,50.0,R,16
214625,2011,R,187.0,R,309.0,R,61.0,R,178.0,R,0.0,R,178.0,R,132.0,R,74.0,R,2.0,R,0.0,R,2.0,R,1.0,R,50.0,R,13
214634,2011,R,92.0,R,234.0,R,39.0,R,59.0,R,0.0,R,59.0,R,37.0,R,63.0,R,3.0,R,0.0,R,3.0,R,1.0,R,33.0,R,12
214643,2011,R,191.0,R,255.0,R,75.0,R,190.0,R,0.0,R,190.0,R,139.0,R,73.0,R,1.0,R,0.0,R,1.0,R,1.0,R,100.0,R,15
214652,2011,R,306.0,R,407.0,R,75.0,R,320.0,R,0.0,R,320.0,R,228.0,R,71.0,R,1.0,R,0.0,R,1.0,R,0.0,R,0.0,R,16
214670,2011,R,253.0,R,422.0,R,60.0,R,265.0,R,0.0,R,265.0,R,202.0,R,76.0,R,6.0,R,0.0,R,6.0,R,6.0,R,100.0,R,16
214689,2011,R,1577.0,R,1692.0,R,93.0,R,1335.0,R,1.0,R,1334.0,R,1150.0,R,86.0,R,2.0,R,0.0,R,2.0,R,1.0,R,50.0,R,19
214698,2011,R,250.0,R,415.0,R,60.0,R,263.0,R,1.0,R,262.0,R,187.0,R,71.0,R,1.0,R,0.0,R,1.0,R,1.0,R,100.0,R,18
214704,2011,R,849.0,R,1101.0,R,77.0,R,816.0,R,0.0,R,816.0,R,641.0,R,79.0,R,6.0,R,0.0,R,6.0,R,0.0,R,0.0,R,18
214713,2011,R,539.0,R,970.0,R,56.0,R,520.0,R,2.0,R,518.0,R,435.0,R,84.0,R,9.0,R,0.0,R,9.0,R,5.0,R,56.0,R,14
214731,2011,R,394.0,R,587.0,R,67.0,R,380.0,R,0.0,R,380.0,R,272.0,R,72.0,R,5.0,R,0.0,R,5.0,R,1.0,R,20.0,R,18
214740,2011,R,160.0,R,288.0,R,56.0,R,124.0,R,0.0,R,124.0,R,92.0,R,74.0,R,4.0,R,0.0,R,4.0,R,2.0,R,50.0,R,12
214759,2011,R,230.0,R,322.0,R,71.0,R,154.0,R,0.0,R,154.0,R,114.0,R,74.0,R,3.0,R,0.0,R,3.0,R,1.0,R,33.0,R,13
214768,2011,R,456.0,R,539.0,R,85.0,R,507.0,R,0.0,R,507.0,R,383.0,R,76.0,R,1.0,R,0.0,R,1.0,R,0.0,R,0.0,R,18
214777,2011,R,7346.0,R,8183.0,R,90.0,R,7246.0,R,0.0,R,7246.0,R,6698.0,R,92.0,R,23.0,R,0.0,R,23.0,R,13.0,R,57.0,R,17
214786,2011,R,230.0,R,298.0,R,77.0,R,267.0,R,0.0,R,267.0,R,187.0,R,70.0,R,1.0,R,0.0,R,1.0,R,0.0,R,0.0,R,14
214795,2011,R,384.0,R,525.0,R,73.0,R,312.0,R,0.0,R,312.0,R,236.0,R,76.0,R,4.0,R,0.0,R,4.0,R,2.0,R,50.0,R,14
214801,2011,R,803.0,R,1104.0,R,73.0,R,806.0,R,0.0,R,806.0,R,597.0,R,74.0,R,6.0,R,0.0,R,6.0,R,2.0,R,33.0,R,20
214810,2011,R,325.0,R,405.0,R,80.0,R,331.0,R,0.0,R,331.0,R,236.0,R,71.0,R,6.0,R,0.0,R,6.0,R,4.0,R,67.0,R,17
214829,2011,R,272.0,R,466.0,R,58.0,R,301.0,R,1.0,R,300.0,R,230.0,R,77.0,R,7.0,R,0.0,R,7.0,R,6.0,R,86.0,R,14
214838,2011,R,27.0,R,44.0,R,61.0,R,29.0,R,0.0,R,29.0,R,25.0,R,86.0,A,,A,,A,,A,,A,,R,16
214883,2011,R,24.0,R,510.0,R,5.0,R,2.0,R,0.0,R,2.0,R,1.0,R,50.0,R,12.0,R,0.0,R,12.0,R,6.0,R,50.0,R,16
214892,2011,R,140.0,R,140.0,R,100.0,R,169.0,R,0.0,R,169.0,R,100.0,R,59.0,A,,A,,A,,A,,A,,R,15
214944,2011,A,,A,,A,,R,183.0,R,0.0,R,183.0,R,148.0,R,81.0,R,0.0,R,0.0,R,0.0,R,0.0,A,,R,12
214962,2011,A,,A,,A,,R,22.0,R,0.0,R,22.0,R,20.0,R,91.0,R,1.0,R,0.0,R,1.0,R,1.0,R,100.0,R,8
214971,2011,R,22.0,R,49.0,R,45.0,R,39.0,R,0.0,R,39.0,R,32.0,R,82.0,R,0.0,R,0.0,R,0.0,R,0.0,A,,R,7
215008,2011,A,,A,,A,,R,17.0,R,0.0,R,17.0,R,14.0,R,82.0,A,,A,,A,,A,,A,,R,15
215026,2011,A,,A,,A,,R,4.0,R,0.0,R,4.0,R,4.0,R,100.0,A,,A,,A,,A,,A,,R,5
215044,2011,A,,A,,A,,A,,A,,A,,A,,A,,A,,A,,A,,A,,A,,R,20
215053,2011,R,65.0,R,88.0,R,74.0,R,87.0,R,0.0,R,87.0,R,55.0,R,63.0,R,0.0,R,0.0,R,0.0,R,0.0,A,,R,9
215062,2011,R,2409.0,R,3288.0,R,73.0,R,2370.0,R,0.0,R,2370.0,R,2306.0,R,97.0,R,35.0,R,0.0,R,35.0,R,29.0,R,83.0,R,6
215099,2011,R,649.0,R,881.0,R,74.0,R,702.0,R,0.0,R,702.0,R,501.0,R,71.0,R,1.0,R,0.0,R,1.0,R,0.0,R,0.0,R,13
215105,2011,R,432.0,R,585.0,R,74.0,R,502.0,R,0.0,R,502.0,R,401.0,R,80.0,R,0.0,R,0.0,R,0.0,R,0.0,A,,R,8
215114,2011,R,125.0,R,219.0,R,57.0,R,133.0,R,0.0,R,133.0,R,104.0,R,78.0,R,1.0,Z,0.0,R,1.0,R,1.0,R,100.0,R,13
215132,2011,R,483.0,R,564.0,R,86.0,R,467.0,R,0.0,R,467.0,R,386.0,R,83.0,A,,A,,A,,A,,A,,R,12
215239,2011,R,1490.0,R,5027.0,R,30.0,R,1858.0,R,0.0,R,1858.0,R,1028.0,R,55.0,R,2232.0,R,0.0,R,2232.0,R,983.0,R,44.0,R,15
215266,2011,R,363.0,R,499.0,R,73.0,R,348.0,R,0.0,R,348.0,R,252.0,R,72.0,R,2.0,R,0.0,R,2.0,R,1.0,R,50.0,R,18
215275,2011,R,442.0,R,618.0,R,72.0,R,409.0,R,0.0,R,409.0,R,327.0,R,80.0,R,0.0,R,0.0,R,0.0,R,0.0,A,,R,21
215284,2011,R,738.0,R,907.0,R,81.0,R,748.0,R,0.0,R,748.0,R,550.0,R,74.0,R,0.0,R,0.0,R,0.0,R,0.0,A,,R,20
215293,2011,R,3707.0,R,4791.0,R,77.0,R,3702.0,R,1.0,R,3701.0,R,3346.0,R,90.0,R,3.0,R,0.0,R,3.0,R,2.0,R,67.0,R,14
215309,2011,R,176.0,R,214.0,R,82.0,R,172.0,R,0.0,R,172.0,R,88.0,R,51.0,R,10.0,R,0.0,R,10.0,R,3.0,R,30.0,R,11
215336,2011,A,,A,,A,,R,33.0,R,0.0,R,33.0,R,26.0,R,79.0,A,,A,,A,,A,,A,,R,16
215381,2011,R,81.0,R,116.0,R,70.0,R,93.0,R,0.0,R,93.0,R,67.0,R,72.0,A,,A,,A,,A,,A,,R,15
215390,2011,A,,A,,A,,R,67.0,R,0.0,R,67.0,R,52.0,R,78.0,R,24.0,R,0.0,R,24.0,R,20.0,R,83.0,R,18
215415,2011,R,747.0,R,897.0,R,83.0,R,794.0,R,2.0,R,792.0,R,534.0,R,67.0,A,,A,,A,,A,,A,,R,21
215433,2011,R,111.0,R,148.0,R,75.0,R,366.0,R,0.0,R,366.0,R,199.0,R,54.0,R,0.0,R,0.0,R,0.0,R,0.0,A,,R,10
215442,2011,R,488.0,R,1027.0,R,48.0,R,535.0,R,0.0,R,535.0,R,403.0,R,75.0,R,2.0,R,0.0,R,2.0,R,1.0,R,50.0,R,14
215479,2011,A,,A,,A,,A,,A,,A,,A,,A,,A,,A,,A,,A,,A,,R,5
215530,2011,A,,A,,A,,R,11.0,R,0.0,R,11.0,R,10.0,R,91.0,R,6.0,R,0.0,R,6.0,R,5.0,R,83.0,R,11
215585,2011,R,277.0,R,1644.0,R,17.0,R,423.0,R,0.0,R,423.0,R,234.0,R,55.0,R,486.0,R,0.0,R,486.0,R,210.0,R,43.0,R,20
215594,2011,A,,A,,A,,R,22.0,R,0.0,R,22.0,R,14.0,R,64.0,R,3.0,R,0.0,R,3.0,R,2.0,R,67.0,R,7
215637,2011,R,321.0,R,329.0,R,98.0,R,179.0,R,2.0,R,177.0,R,162.0,R,92.0,A,,A,,A,,A,,A,,R,24
215646,2011,A,,A,,A,,R,190.0,R,0.0,R,190.0,R,129.0,R,68.0,A,,A,,A,,A,,A,,R,40
215655,2011,R,782.0,R,1160.0,R,67.0,R,896.0,Z,0.0,R,896.0,R,722.0,R,81.0,R,4.0,Z,0.0,R,4.0,R,4.0,R,100.0,R,15
215682,2011,R,120.0,R,135.0,R,89.0,R,360.0,Z,0.0,R,360.0,R,273.0,R,76.0,A,,A,,A,,A,,A,,R,15
215691,2011,R,107.0,R,135.0,R,79.0,R,101.0,R,0.0,R,101.0,R,68.0,R,67.0,A,,A,,A,,A,,A,,R,10
215743,2011,R,420.0,R,490.0,R,86.0,R,431.0,R,0.0,R,431.0,R,359.0,R,83.0,R,0.0,R,0.0,R,0.0,R,0.0,A,,R,15
215770,2011,R,1133.0,R,1456.0,R,78.0,R,1212.0,R,0.0,R,1212.0,R,1078.0,R,89.0,R,1.0,Z,0.0,R,1.0,R,1.0,R,100.0,R,13
215798,2011,R,409.0,R,507.0,R,81.0,R,425.0,R,0.0,R,425.0,R,358.0,R,84.0,A,,A,,A,,A,,A,,R,13
215886,2011,A,,A,,A,,R,71.0,R,0.0,R,71.0,R,26.0,R,37.0,R,5.0,R,0.0,R,5.0,R,4.0,R,80.0,R,4
215929,2011,R,1046.0,R,1175.0,R,89.0,R,949.0,R,0.0,R,949.0,R,835.0,R,88.0,R,0.0,R,0.0,R,0.0,R,0.0,A,,R,11
215947,2011,R,355.0,R,656.0,R,54.0,R,371.0,R,0.0,R,371.0,R,277.0,R,75.0,R,0.0,R,0.0,R,0.0,R,0.0,A,,R,16
215965,2011,A,,A,,A,,R,9.0,R,0.0,R,9.0,R,8.0,R,89.0,A,,A,,A,,A,,A,,R,12
215974,2011,A,,A,,A,,R,9.0,R,0.0,R,9.0,R,8.0,R,89.0,R,1.0,R,0.0,R,1.0,R,1.0,R,100.0,R,8
215983,2011,A,,A,,A,,A,,A,,A,,A,,A,,A,,A,,A,,A,,A,,R,5
215992,2011,R,125.0,R,137.0,R,91.0,R,164.0,R,0.0,R,164.0,R,101.0,R,62.0,R,2.0,Z,0.0,R,2.0,R,1.0,R,50.0,R,15
216010,2011,R,1746.0,R,2207.0,R,79.0,R,1708.0,R,1.0,R,1707.0,R,1203.0,R,70.0,R,4.0,R,0.0,R,4.0,R,2.0,R,50.0,R,20
216038,2011,R,1534.0,R,2191.0,R,70.0,R,1575.0,R,3.0,R,1572.0,R,1275.0,R,81.0,R,0.0,R,0.0,R,0.0,R,0.0,A,,R,20
216047,2011,R,9.0,R,30.0,R,30.0,R,17.0,R,0.0,R,17.0,R,13.0,R,76.0,A,,A,,A,,A,,A,,R,8
216074,2011,A,,A,,A,,R,49.0,R,0.0,R,49.0,R,47.0,R,96.0,R,41.0,R,0.0,R,41.0,R,40.0,R,98.0,R,7
216083,2011,R,252.0,R,381.0,R,66.0,R,294.0,R,5.0,R,289.0,R,165.0,R,57.0,R,4.0,R,0.0,R,4.0,R,1.0,R,25.0,R,10
216162,2011,A,,A,,A,,A,,A,,A,,A,,A,,A,,A,,A,,A,,A,,R,8
216223,2011,A,,A,,A,,R,17.0,R,0.0,R,17.0,R,15.0,R,88.0,R,8.0,R,0.0,R,8.0,R,7.0,R,88.0,R,8
216278,2011,R,599.0,R,688.0,R,87.0,R,641.0,R,2.0,R,639.0,R,534.0,R,84.0,R,0.0,R,0.0,R,0.0,R,0.0,A,,R,12
216287,2011,R,386.0,R,401.0,R,96.0,R,388.0,R,0.0,R,388.0,R,377.0,R,97.0,A,,A,,A,,A,,A,,R,8
216296,2011,R,346.0,R,413.0,R,84.0,R,461.0,R,0.0,R,461.0,R,295.0,R,64.0,R,0.0,R,0.0,R,0.0,R,0.0,A,,R,15
216311,2011,R,38.0,R,42.0,R,90.0,R,32.0,R,0.0,R,32.0,R,28.0,R,88.0,A,,A,,A,,A,,A,,R,19
216339,2011,R,4259.0,R,7180.0,R,59.0,R,4078.0,R,0.0,R,4078.0,R,3557.0,R,87.0,R,18.0,R,0.0,R,18.0,R,11.0,R,61.0,R,15
216357,2011,R,371.0,R,441.0,R,84.0,R,351.0,R,0.0,R,351.0,R,205.0,R,58.0,R,0.0,R,0.0,R,0.0,R,0.0,A,,R,15
216366,2011,A,,A,,A,,A,,A,,A,,A,,A,,A,,A,,A,,A,,A,,R,15
216418,2011,A,,A,,A,,R,127.0,R,0.0,R,127.0,R,72.0,R,57.0,R,41.0,Z,0.0,R,41.0,R,21.0,R,51.0,R,18
216427,2011,R,49.0,R,51.0,R,96.0,R,69.0,R,0.0,R,69.0,R,52.0,R,75.0,A,,A,,A,,A,,A,,R,9
216436,2011,R,102.0,R,149.0,R,68.0,R,102.0,R,0.0,R,102.0,R,74.0,R,73.0,A,,A,,A,,A,,A,,R,12
216445,2011,R,86.0,R,118.0,R,73.0,R,88.0,R,2.0,R,86.0,R,68.0,R,79.0,A,,A,,A,,A,,A,,R,10
216454,2011,R,91.0,R,103.0,R,88.0,R,137.0,R,0.0,R,137.0,R,108.0,R,79.0,A,,A,,A,,A,,A,,R,11
216524,2011,R,427.0,R,459.0,R,93.0,R,442.0,R,0.0,R,442.0,R,393.0,R,89.0,A,,A,,A,,A,,A,,R,12
216542,2011,R,182.0,R,400.0,R,46.0,R,176.0,R,2.0,R,174.0,R,119.0,R,68.0,R,7.0,R,0.0,R,7.0,R,3.0,R,43.0,R,19
216551,2011,R,134.0,R,147.0,R,91.0,R,283.0,Z,0.0,R,283.0,R,160.0,R,57.0,A,,A,,A,,A,,A,,R,18
216579,2011,A,,A,,A,,R,98.0,R,0.0,R,98.0,R,93.0,R,95.0,A,,A,,A,,A,,A,,R,11
216597,2011,R,1644.0,R,1844.0,R,89.0,R,1649.0,R,0.0,R,1649.0,R,1553.0,R,94.0,R,3.0,R,0.0,R,3.0,R,3.0,R,100.0,R,11
216630,2011,A,,A,,A,,R,15.0,Z,0.0,R,15.0,R,8.0,R,53.0,A,,A,,A,,A,,A,,R,13
216649,2011,A,,A,,A,,A,,A,,A,,A,,A,,A,,A,,A,,A,,A,,R,8
216667,2011,R,387.0,R,436.0,R,89.0,R,395.0,R,0.0,R,395.0,R,346.0,R,88.0,R,0.0,R,0.0,R,0.0,R,0.0,A,,R,11
216694,2011,R,395.0,R,430.0,R,92.0,R,402.0,R,0.0,R,402.0,R,316.0,R,79.0,R,0.0,R,0.0,R,0.0,R,0.0,A,,R,13
216746,2011,A,,A,,A,,R,20.0,R,0.0,R,20.0,R,17.0,R,85.0,R,3.0,R,0.0,R,3.0,R,3.0,R,100.0,R,15
216764,2011,R,2283.0,R,3750.0,R,61.0,R,2062.0,R,0.0,R,2062.0,R,1775.0,R,86.0,R,5.0,R,0.0,R,5.0,R,1.0,R,20.0,R,18
216773,2011,A,,A,,A,,R,12.0,R,0.0,R,12.0,R,7.0,R,58.0,A,,A,,A,,A,,A,,R,7
216782,2011,A,,A,,A,,R,113.0,R,0.0,R,113.0,R,70.0,R,62.0,R,15.0,R,0.0,R,15.0,R,8.0,R,53.0,R,30
216807,2011,R,360.0,R,360.0,R,100.0,R,427.0,R,0.0,R,427.0,R,367.0,R,86.0,A,,A,,A,,A,,A,,R,12
216825,2011,R,1137.0,R,2199.0,R,52.0,R,1385.0,R,0.0,R,1385.0,R,699.0,R,50.0,R,671.0,R,0.0,R,671.0,R,224.0,R,33.0,R,18
216852,2011,R,755.0,R,959.0,R,79.0,R,718.0,R,0.0,R,718.0,R,514.0,R,72.0,R,1.0,R,0.0,R,1.0,R,0.0,R,0.0,R,12
216931,2011,R,539.0,R,717.0,R,75.0,R,499.0,R,0.0,R,499.0,R,408.0,R,82.0,R,3.0,R,0.0,R,3.0,R,2.0,R,67.0,R,14
216986,2011,R,14.0,R,29.0,R,48.0,R,20.0,R,0.0,R,20.0,R,10.0,R,50.0,A,,A,,A,,A,,A,,R,8
217013,2011,R,68.0,R,119.0,R,57.0,R,96.0,R,0.0,R,96.0,R,73.0,R,76.0,R,2.0,R,0.0,R,2.0,R,0.0,R,0.0,R,9
217040,2011,R,10.0,R,14.0,R,71.0,R,20.0,Z,0.0,R,20.0,R,20.0,R,100.0,A,,A,,A,,A,,A,,R,11
217059,2011,R,1179.0,R,1641.0,R,72.0,R,1231.0,R,0.0,R,1231.0,R,936.0,R,76.0,R,10.0,R,0.0,R,10.0,R,7.0,R,70.0,R,16
217077,2011,A,,A,,A,,R,1726.0,R,1.0,R,1725.0,R,1158.0,R,67.0,A,,A,,A,,A,,A,,R,11
217086,2011,R,30.0,R,69.0,R,43.0,R,41.0,R,0.0,R,41.0,R,26.0,R,63.0,R,8.0,R,0.0,R,8.0,R,7.0,R,88.0,R,14
217095,2011,A,,A,,A,,R,31.0,Z,0.0,R,31.0,R,19.0,R,61.0,R,2.0,Z,0.0,R,2.0,R,1.0,R,50.0,R,19
217156,2011,R,1507.0,R,1767.0,R,85.0,R,1499.0,R,0.0,R,1499.0,R,1464.0,R,98.0,A,,A,,A,,A,,A,,R,9
217165,2011,R,814.0,R,933.0,R,87.0,R,831.0,Z,0.0,R,831.0,R,712.0,R,86.0,R,2.0,Z,0.0,R,2.0,R,0.0,R,0.0,R,15
217235,2011,R,2153.0,R,2960.0,R,73.0,R,1935.0,R,0.0,R,1935.0,R,1437.0,R,74.0,R,21.0,R,0.0,R,21.0,R,4.0,R,19.0,R,27
217244,2011,A,,A,,A,,R,118.0,R,0.0,R,118.0,R,86.0,R,73.0,A,,A,,A,,A,,A,,R,21
217305,2011,R,458.0,R,569.0,R,80.0,R,596.0,R,0.0,R,596.0,R,397.0,R,67.0,A,,A,,A,,A,,A,,R,16
217323,2011,A,,A,,A,,A,,A,,A,,A,,A,,A,,A,,A,,A,,A,,R,8
217350,2011,A,,A,,A,,A,,A,,A,,A,,A,,R,6.0,R,0.0,R,6.0,R,6.0,R,100.0,R,10
217402,2011,R,982.0,R,1141.0,R,86.0,R,1103.0,R,0.0,R,1103.0,R,994.0,R,90.0,A,,A,,A,,A,,A,,R,13
217420,2011,R,944.0,R,1893.0,R,50.0,R,1093.0,R,0.0,R,1093.0,R,828.0,R,76.0,R,34.0,R,0.0,R,34.0,R,13.0,R,38.0,R,15
217475,2011,R,2051.0,R,8216.0,R,25.0,R,2078.0,R,34.0,R,2044.0,R,1274.0,R,62.0,R,1569.0,R,31.0,R,1538.0,R,652.0,R,42.0,R,21
217484,2011,R,2967.0,R,3564.0,R,83.0,R,2730.0,R,0.0,R,2730.0,R,2246.0,R,82.0,R,34.0,R,0.0,R,34.0,R,17.0,R,50.0,R,16
217493,2011,R,452.0,R,480.0,R,94.0,R,475.0,R,0.0,R,475.0,R,452.0,R,95.0,A,,A,,A,,A,,A,,R,9
217518,2011,R,1171.0,R,1366.0,R,86.0,R,1012.0,R,0.0,R,1012.0,R,808.0,R,80.0,A,,A,,A,,A,,A,,R,15
217536,2011,R,547.0,R,610.0,R,90.0,R,592.0,R,0.0,R,592.0,R,474.0,R,80.0,R,0.0,R,0.0,R,0.0,R,0.0,A,,R,14
217545,2011,A,,A,,A,,R,211.0,R,0.0,R,211.0,R,121.0,R,57.0,A,,A,,A,,A,,A,,R,20
217572,2011,A,,A,,A,,R,46.0,R,7.0,R,39.0,R,34.0,R,87.0,A,,A,,A,,A,,A,,R,8
217581,2011,A,,A,,A,,R,23.0,Z,0.0,R,23.0,R,18.0,R,78.0,R,8.0,Z,0.0,R,8.0,R,7.0,R,88.0,R,18
217606,2011,R,52.0,R,105.0,R,50.0,R,60.0,R,0.0,R,60.0,R,39.0,R,65.0,R,2.0,R,0.0,R,2.0,R,1.0,R,50.0,R,19
217615,2011,R,435.0,R,1052.0,R,41.0,R,491.0,R,0.0,R,491.0,R,264.0,R,54.0,R,207.0,R,0.0,R,207.0,R,87.0,R,42.0,R,19
217624,2011,R,179.0,R,217.0,R,82.0,R,320.0,R,0.0,R,320.0,R,116.0,R,36.0,R,13.0,R,0.0,R,13.0,R,2.0,R,15.0,R,13
217633,2011,R,511.0,R,912.0,R,56.0,R,498.0,R,0.0,R,498.0,R,361.0,R,72.0,R,3.0,R,0.0,R,3.0,R,2.0,R,67.0,R,17
217688,2011,R,694.0,R,1036.0,R,67.0,R,637.0,R,0.0,R,637.0,R,403.0,R,63.0,R,0.0,R,0.0,R,0.0,R,0.0,A,,R,16
217712,2011,R,202.0,R,871.0,R,23.0,R,234.0,R,0.0,R,234.0,R,109.0,R,47.0,R,337.0,R,0.0,R,337.0,R,114.0,R,34.0,R,17
217721,2011,R,985.0,R,1119.0,R,88.0,R,875.0,R,0.0,R,875.0,R,413.0,R,47.0,R,7.0,R,0.0,R,7.0,R,1.0,R,14.0,R,19
217749,2011,R,696.0,R,857.0,R,81.0,R,583.0,R,0.0,R,583.0,R,457.0,R,78.0,R,3.0,R,0.0,R,3.0,R,2.0,R,67.0,R,12
217776,2011,R,136.0,R,278.0,R,49.0,R,153.0,R,0.0,R,153.0,R,112.0,R,73.0,R,0.0,R,0.0,R,0.0,R,0.0,A,,R,19
217794,2011,A,,A,,A,,R,67.0,R,0.0,R,67.0,R,48.0,R,72.0,R,16.0,R,0.0,R,16.0,R,10.0,R,63.0,R,11
217819,2011,R,2330.0,R,3281.0,R,71.0,R,2007.0,R,3.0,R,2004.0,R,1672.0,R,83.0,R,3.0,R,0.0,R,3.0,R,2.0,R,67.0,R,16
217828,2011,A,,A,,A,,R,29.0,R,0.0,R,29.0,R,20.0,R,69.0,R,9.0,R,0.0,R,9.0,R,6.0,R,67.0,R,15
217837,2011,R,218.0,R,455.0,R,48.0,R,223.0,R,0.0,R,223.0,R,129.0,R,58.0,R,82.0,R,0.0,R,82.0,R,30.0,R,37.0,R,17
217864,2011,R,631.0,R,804.0,R,78.0,R,626.0,R,1.0,R,625.0,R,512.0,R,82.0,R,0.0,R,0.0,R,0.0,R,0.0,A,,R,13
217873,2011,R,408.0,R,602.0,R,68.0,R,423.0,R,0.0,R,423.0,R,327.0,R,77.0,R,0.0,R,0.0,R,0.0,R,0.0,A,,R,14
217882,2011,R,2899.0,R,4195.0,R,69.0,R,2979.0,R,0.0,R,2979.0,R,2691.0,R,90.0,R,37.0,R,0.0,R,37.0,R,19.0,R,51.0,R,18
217891,2011,R,66.0,R,88.0,R,75.0,R,82.0,R,12.0,R,70.0,R,62.0,R,89.0,R,0.0,R,0.0,R,0.0,R,0.0,A,,R,21
217907,2011,R,207.0,R,365.0,R,57.0,R,187.0,R,0.0,R,187.0,R,156.0,R,83.0,R,0.0,R,0.0,R,0.0,R,0.0,A,,R,13
217925,2011,R,82.0,R,173.0,R,47.0,R,106.0,R,0.0,R,106.0,R,87.0,R,82.0,R,0.0,R,0.0,R,0.0,R,0.0,A,,R,20
217934,2011,R,193.0,R,326.0,R,59.0,R,209.0,R,0.0,R,209.0,R,141.0,R,67.0,R,4.0,R,0.0,R,4.0,R,3.0,R,75.0,R,12
217961,2011,R,194.0,R,217.0,R,89.0,R,164.0,R,0.0,R,164.0,R,101.0,R,62.0,R,0.0,R,0.0,R,0.0,R,0.0,A,,R,11
217989,2011,R,525.0,R,708.0,R,74.0,R,263.0,R,0.0,R,263.0,R,131.0,R,50.0,R,123.0,R,0.0,R,123.0,R,16.0,R,13.0,R,33
217998,2011,R,163.0,R,192.0,R,85.0,R,144.0,R,0.0,R,144.0,R,112.0,R,78.0,R,0.0,R,0.0,R,0.0,R,0.0,A,,R,12
218025,2011,R,956.0,R,2095.0,R,46.0,R,915.0,R,1.0,R,914.0,R,480.0,R,53.0,R,517.0,R,0.0,R,517.0,R,182.0,R,35.0,R,27
218043,2011,R,30.0,R,54.0,R,56.0,R,23.0,R,0.0,R,23.0,R,19.0,R,83.0,R,9.0,R,0.0,R,9.0,R,7.0,R,78.0,R,7
218061,2011,R,742.0,R,1334.0,R,56.0,R,738.0,R,0.0,R,738.0,R,493.0,R,67.0,R,0.0,R,0.0,R,0.0,R,0.0,A,,R,16
218070,2011,R,785.0,R,844.0,R,93.0,R,686.0,R,0.0,R,686.0,R,609.0,R,89.0,R,2.0,R,0.0,R,2.0,R,1.0,R,50.0,R,11
218089,2011,R,8.0,R,54.0,R,15.0,R,16.0,R,0.0,R,16.0,R,8.0,R,50.0,R,33.0,R,0.0,R,33.0,R,7.0,R,21.0,R,4
218113,2011,R,1629.0,R,3780.0,R,43.0,R,1748.0,R,0.0,R,1748.0,R,954.0,R,55.0,R,643.0,R,0.0,R,643.0,R,276.0,R,43.0,R,18
218140,2011,R,793.0,R,2166.0,R,37.0,R,772.0,R,0.0,R,772.0,R,407.0,R,53.0,R,419.0,R,0.0,R,419.0,R,167.0,R,40.0,R,21
218159,2011,A,,A,,A,,R,33.0,R,0.0,R,33.0,R,23.0,R,70.0,R,6.0,R,0.0,R,6.0,R,5.0,R,83.0,R,20
218195,2011,A,,A,,A,,R,54.0,R,0.0,R,54.0,R,41.0,R,76.0,R,26.0,R,0.0,R,26.0,R,19.0,R,73.0,R,20
218229,2011,R,595.0,R,854.0,R,70.0,R,685.0,R,0.0,R,685.0,R,441.0,R,64.0,R,1.0,R,0.0,R,1.0,R,0.0,R,0.0,R,17
218238,2011,R,256.0,R,867.0,R,30.0,R,266.0,R,0.0,R,266.0,R,157.0,R,59.0,R,35.0,R,0.0,R,35.0,R,15.0,R,43.0,R,22
218335,2011,A,,A,,A,,A,,A,,A,,A,,A,,A,,A,,A,,A,,A,,R,8
218353,2011,R,1627.0,R,3982.0,R,41.0,R,1573.0,R,0.0,R,1573.0,R,821.0,R,52.0,R,709.0,R,0.0,R,709.0,R,280.0,R,39.0,R,20
218399,2011,R,284.0,R,338.0,R,84.0,R,321.0,R,0.0,R,321.0,R,138.0,R,43.0,R,0.0,R,0.0,R,0.0,R,0.0,A,,R,16
218414,2011,R,282.0,R,341.0,R,83.0,R,288.0,R,0.0,R,288.0,R,184.0,R,64.0,A,,A,,A,,A,,A,,R,14
218441,2011,R,538.0,R,798.0,R,67.0,R,481.0,R,0.0,R,481.0,R,352.0,R,73.0,R,2.0,R,0.0,R,2.0,R,2.0,R,100.0,R,14
218487,2011,R,384.0,R,1156.0,R,33.0,R,413.0,R,0.0,R,413.0,R,219.0,R,53.0,R,156.0,R,0.0,R,156.0,R,42.0,R,27.0,R,20
218520,2011,R,799.0,R,2400.0,R,33.0,R,707.0,R,0.0,R,707.0,R,396.0,R,56.0,R,306.0,R,0.0,R,306.0,R,140.0,R,46.0,R,20
218539,2011,R,359.0,R,418.0,R,86.0,R,304.0,R,0.0,R,304.0,R,231.0,R,76.0,A,,A,,A,,A,,A,,R,12
218645,2011,R,572.0,R,1110.0,R,52.0,R,587.0,R,0.0,R,587.0,R,413.0,R,70.0,R,43.0,R,0.0,R,43.0,R,18.0,R,42.0,R,15
218654,2011,R,407.0,R,740.0,R,55.0,R,394.0,R,1.0,R,393.0,R,212.0,R,54.0,R,26.0,R,0.0,R,26.0,R,5.0,R,19.0,R,18
218663,2011,R,4569.0,R,6804.0,R,67.0,R,4424.0,R,0.0,R,4424.0,R,3836.0,R,87.0,R,45.0,R,0.0,R,45.0,R,10.0,R,22.0,R,17
218672,2011,R,389.0,R,1095.0,R,36.0,R,352.0,R,0.0,R,352.0,R,202.0,R,57.0,R,36.0,R,0.0,R,36.0,R,9.0,R,25.0,R,18
218681,2011,R,249.0,R,683.0,R,36.0,R,230.0,R,0.0,R,230.0,R,105.0,R,46.0,R,54.0,R,0.0,R,54.0,R,19.0,R,35.0,R,22
218690,2011,R,218.0,R,580.0,R,38.0,R,243.0,R,0.0,R,243.0,R,122.0,R,50.0,R,17.0,R,0.0,R,17.0,R,4.0,R,24.0,R,12
218706,2011,R,81.0,R,258.0,R,31.0,R,75.0,R,0.0,R,75.0,R,48.0,R,64.0,R,13.0,R,0.0,R,13.0,R,3.0,R,23.0,R,19
218724,2011,R,2128.0,R,3024.0,R,70.0,R,1999.0,R,0.0,R,1999.0,R,1256.0,R,63.0,R,7.0,R,0.0,R,7.0,R,3.0,R,43.0,R,17
218733,2011,R,822.0,R,1062.0,R,77.0,R,817.0,R,0.0,R,817.0,R,532.0,R,65.0,R,9.0,R,0.0,R,9.0,R,3.0,R,33.0,R,17
218742,2011,R,751.0,R,1840.0,R,41.0,R,838.0,R,0.0,R,838.0,R,565.0,R,67.0,R,56.0,R,0.0,R,56.0,R,22.0,R,39.0,R,17
218821,2011,R,472.0,R,513.0,R,92.0,R,470.0,R,0.0,R,470.0,R,238.0,R,51.0,R,0.0,R,0.0,R,0.0,R,0.0,A,,R,21
218830,2011,R,844.0,R,2102.0,R,40.0,R,897.0,R,0.0,R,897.0,R,516.0,R,58.0,R,380.0,R,0.0,R,380.0,R,156.0,R,41.0,R,19
218858,2011,R,506.0,R,1463.0,R,35.0,R,543.0,R,0.0,R,543.0,R,296.0,R,55.0,R,324.0,R,0.0,R,324.0,R,139.0,R,43.0,R,17
218867,2011,A,,A,,A,,R,16.0,R,0.0,R,16.0,R,13.0,R,81.0,A,,A,,A,,A,,A,,R,13
218885,2011,R,1697.0,R,2935.0,R,58.0,R,1708.0,R,0.0,R,1708.0,R,707.0,R,41.0,R,191.0,R,0.0,R,191.0,R,69.0,R,36.0,R,20
218894,2011,R,2031.0,R,5502.0,R,37.0,R,2004.0,R,0.0,R,2004.0,R,1155.0,R,58.0,R,896.0,R,0.0,R,896.0,R,368.0,R,41.0,R,22
218919,2011,R,137.0,R,194.0,R,71.0,R,239.0,R,0.0,R,239.0,R,117.0,R,49.0,R,2.0,R,0.0,R,2.0,R,0.0,R,0.0,R,12
218955,2011,R,77.0,R,257.0,R,30.0,R,106.0,R,0.0,R,106.0,R,45.0,R,42.0,R,102.0,R,0.0,R,102.0,R,25.0,R,25.0,R,12
218964,2011,R,969.0,R,1595.0,R,61.0,R,959.0,R,0.0,R,959.0,R,691.0,R,72.0,R,2.0,R,0.0,R,2.0,R,0.0,R,0.0,R,14
218973,2011,R,446.0,R,469.0,R,95.0,R,431.0,R,0.0,R,431.0,R,376.0,R,87.0,A,,A,,A,,A,,A,,R,12
218991,2011,R,869.0,R,2059.0,R,42.0,R,904.0,R,0.0,R,904.0,R,495.0,R,55.0,R,306.0,R,0.0,R,306.0,R,118.0,R,39.0,R,20
219000,2011,R,429.0,R,572.0,R,75.0,R,418.0,R,0.0,R,418.0,R,346.0,R,83.0,R,1.0,R,0.0,R,1.0,R,1.0,R,100.0,R,12
219037,2011,A,,A,,A,,R,59.0,R,0.0,R,59.0,R,48.0,R,81.0,A,,A,,A,,A,,A,,R,11
219046,2011,R,555.0,R,1383.0,R,40.0,R,571.0,Z,0.0,R,571.0,R,350.0,R,61.0,R,57.0,Z,0.0,R,57.0,R,30.0,R,53.0,R,20
219055,2011,R,8.0,R,107.0,R,7.0,R,18.0,R,0.0,R,18.0,R,5.0,R,28.0,R,42.0,R,0.0,R,42.0,R,13.0,R,31.0,R,8
219082,2011,R,296.0,R,1257.0,R,24.0,R,302.0,Z,0.0,R,302.0,R,202.0,R,67.0,R,23.0,Z,0.0,R,23.0,R,11.0,R,48.0,R,17
219091,2011,R,163.0,R,267.0,R,61.0,R,154.0,R,0.0,R,154.0,R,102.0,R,66.0,R,1.0,R,0.0,R,1.0,R,1.0,R,100.0,R,10
219125,2011,A,,A,,A,,R,90.0,R,0.0,R,90.0,R,69.0,R,77.0,A,,A,,A,,A,,A,,R,12
219143,2011,R,707.0,R,784.0,R,90.0,R,692.0,R,7.0,R,685.0,R,565.0,R,82.0,R,51.0,R,0.0,R,51.0,R,33.0,R,65.0,R,16
219170,2011,A,,A,,A,,A,,A,,A,,A,,A,,A,,A,,A,,A,,A,,R,10
219189,2011,R,352.0,R,495.0,R,71.0,R,400.0,R,0.0,R,400.0,R,300.0,R,75.0,R,5.0,R,0.0,R,5.0,R,2.0,R,40.0,R,14
219198,2011,R,120.0,R,468.0,R,26.0,R,112.0,R,0.0,R,112.0,R,74.0,R,66.0,R,16.0,R,0.0,R,16.0,R,8.0,R,50.0,R,11
219204,2011,R,55.0,R,770.0,R,7.0,R,51.0,R,0.0,R,51.0,R,15.0,R,29.0,R,224.0,R,0.0,R,224.0,R,77.0,R,34.0,R,13
219213,2011,R,27.0,R,310.0,R,9.0,R,36.0,R,0.0,R,36.0,R,18.0,R,50.0,R,129.0,R,0.0,R,129.0,R,50.0,R,39.0,R,36
219259,2011,R,378.0,R,1277.0,R,30.0,R,316.0,R,0.0,R,316.0,R,214.0,R,68.0,R,29.0,R,0.0,R,29.0,R,15.0,R,52.0,R,23
219277,2011,R,180.0,R,232.0,R,78.0,R,109.0,R,0.0,R,109.0,R,34.0,R,31.0,R,20.0,R,0.0,R,20.0,R,8.0,R,40.0,R,12
219295,2011,R,99.0,R,307.0,R,32.0,R,43.0,R,0.0,R,43.0,R,29.0,R,67.0,R,1.0,Z,0.0,R,1.0,R,1.0,R,100.0,R,10
219338,2011,A,,A,,A,,A,,A,,A,,A,,A,,A,,A,,A,,A,,A,,R,12
219347,2011,R,402.0,R,545.0,R,74.0,R,424.0,R,0.0,R,424.0,R,333.0,R,79.0,R,8.0,R,0.0,R,8.0,R,2.0,R,25.0,R,14
219356,2011,R,2147.0,R,3253.0,R,66.0,R,2111.0,R,0.0,R,2111.0,R,1551.0,R,73.0,R,71.0,R,0.0,R,71.0,R,34.0,R,48.0,R,19
219374,2011,R,113.0,R,248.0,R,46.0,R,9.0,R,0.0,R,9.0,R,7.0,R,78.0,R,2.0,R,0.0,R,2.0,R,2.0,R,100.0,R,12
219383,2011,R,178.0,R,278.0,R,64.0,R,197.0,R,0.0,R,197.0,R,145.0,R,74.0,R,5.0,R,0.0,R,5.0,R,0.0,R,0.0,R,17
219392,2011,A,,A,,A,,A,,A,,A,,A,,A,,A,,A,,A,,A,,A,,R,4
219408,2011,R,42.0,R,57.0,R,74.0,R,62.0,R,0.0,R,62.0,R,26.0,R,42.0,R,8.0,R,0.0,R,8.0,R,2.0,R,25.0,R,10
219426,2011,R,549.0,R,1036.0,R,53.0,R,536.0,R,4.0,R,532.0,R,302.0,R,57.0,R,56.0,R,0.0,R,56.0,R,31.0,R,55.0,R,22
219453,2011,A,,A,,A,,R,83.0,R,0.0,R,83.0,R,69.0,R,83.0,A,,A,,A,,A,,A,,R,12
219471,2011,R,1127.0,R,2666.0,R,42.0,R,1034.0,R,0.0,R,1034.0,R,805.0,R,78.0,R,141.0,R,0.0,R,141.0,R,61.0,R,43.0,R,18
219480,2011,R,288.0,R,398.0,R,72.0,R,357.0,R,0.0,R,357.0,R,220.0,R,62.0,R,32.0,R,0.0,R,32.0,R,19.0,R,59.0,R,13
219505,2011,R,17.0,R,32.0,R,53.0,R,10.0,Z,0.0,R,10.0,R,6.0,R,60.0,R,3.0,Z,0.0,R,3.0,R,1.0,R,33.0,R,8
219578,2011,R,20.0,R,182.0,R,11.0,R,7.0,R,0.0,R,7.0,R,4.0,R,57.0,R,0.0,R,0.0,R,0.0,R,0.0,A,,R,7
219587,2011,A,,A,,A,,R,13.0,R,0.0,R,13.0,R,12.0,R,92.0,A,,A,,A,,A,,A,,R,10
219596,2011,A,,A,,A,,R,57.0,Z,0.0,R,57.0,R,49.0,R,86.0,R,6.0,Z,0.0,R,6.0,R,6.0,R,100.0,R,20
219602,2011,R,1274.0,R,2562.0,R,50.0,R,1440.0,R,0.0,R,1440.0,R,999.0,R,69.0,R,216.0,R,0.0,R,216.0,R,121.0,R,56.0,R,19
219639,2011,R,35.0,R,192.0,R,18.0,R,53.0,Z,0.0,R,53.0,R,44.0,R,83.0,A,,A,,A,,A,,A,,R,11
219709,2011,R,1162.0,R,1806.0,R,64.0,R,1015.0,R,0.0,R,1015.0,R,823.0,R,81.0,R,4.0,R,0.0,R,4.0,R,2.0,R,50.0,R,14
219718,2011,R,804.0,R,1826.0,R,44.0,R,352.0,R,0.0,R,352.0,R,219.0,R,62.0,R,1.0,R,0.0,R,1.0,R,0.0,R,0.0,R,18
219790,2011,R,235.0,R,505.0,R,47.0,R,233.0,R,0.0,R,233.0,R,161.0,R,69.0,R,0.0,R,0.0,R,0.0,R,0.0,A,,R,17
219806,2011,R,445.0,R,572.0,R,78.0,R,427.0,R,0.0,R,427.0,R,274.0,R,64.0,R,1.0,R,0.0,R,1.0,R,0.0,R,0.0,R,12
219824,2011,R,1168.0,R,2717.0,R,43.0,R,1409.0,R,5.0,R,1404.0,R,757.0,R,54.0,R,424.0,R,5.0,R,419.0,R,193.0,R,46.0,R,18
219833,2011,R,307.0,R,393.0,R,78.0,R,287.0,R,0.0,R,287.0,R,226.0,R,79.0,R,2.0,R,0.0,R,2.0,R,1.0,R,50.0,R,10
219879,2011,R,689.0,R,1022.0,R,67.0,R,644.0,Z,0.0,R,644.0,R,351.0,R,55.0,R,71.0,Z,0.0,R,71.0,R,28.0,R,39.0,R,23
219888,2011,R,958.0,R,1978.0,R,48.0,R,872.0,R,0.0,R,872.0,R,508.0,R,58.0,R,474.0,R,0.0,R,474.0,R,183.0,R,39.0,R,21
219903,2011,A,,A,,A,,R,377.0,R,0.0,R,377.0,R,261.0,R,69.0,A,,A,,A,,A,,A,,R,20
219921,2011,A,,A,,A,,R,52.0,R,0.0,R,52.0,R,46.0,R,88.0,R,41.0,R,0.0,R,41.0,R,31.0,R,76.0,R,17
219949,2011,R,191.0,R,454.0,R,42.0,R,163.0,R,0.0,R,163.0,R,115.0,R,71.0,R,1.0,R,0.0,R,1.0,R,1.0,R,100.0,R,14
219976,2011,R,624.0,R,801.0,R,78.0,R,667.0,R,2.0,R,665.0,R,472.0,R,71.0,R,1.0,R,0.0,R,1.0,R,0.0,R,0.0,R,13
219994,2011,A,,A,,A,,R,372.0,R,0.0,R,372.0,R,305.0,R,82.0,R,11.0,R,0.0,R,11.0,R,8.0,R,73.0,R,22
220002,2011,R,26.0,R,66.0,R,39.0,R,44.0,R,0.0,R,44.0,R,25.0,R,57.0,R,0.0,R,0.0,R,0.0,R,0.0,A,,R,15
220057,2011,R,629.0,R,1169.0,R,54.0,R,748.0,Z,0.0,R,748.0,R,354.0,R,47.0,R,193.0,Z,0.0,R,193.0,R,63.0,R,33.0,R,24
220075,2011,R,2105.0,R,3487.0,R,60.0,R,2053.0,R,0.0,R,2053.0,R,1432.0,R,70.0,R,46.0,R,0.0,R,46.0,R,26.0,R,57.0,R,20
220118,2011,R,63.0,R,65.0,R,97.0,R,64.0,R,0.0,R,64.0,R,50.0,R,78.0,A,,A,,A,,A,,A,,R,20
220127,2011,A,,A,,A,,R,232.0,R,85.0,R,147.0,R,110.0,R,75.0,R,113.0,R,37.0,R,76.0,R,48.0,R,63.0,R,17
220163,2011,A,,A,,A,,R,9.0,R,0.0,R,9.0,R,8.0,R,89.0,R,25.0,Z,0.0,R,25.0,R,20.0,R,80.0,R,11
220181,2011,R,122.0,R,142.0,R,86.0,R,150.0,R,0.0,R,150.0,R,118.0,R,79.0,R,0.0,R,0.0,R,0.0,R,0.0,A,,R,8
220206,2011,R,54.0,R,109.0,R,50.0,R,44.0,R,0.0,R,44.0,R,29.0,R,66.0,R,5.0,R,0.0,R,5.0,R,2.0,R,40.0,R,9
220215,2011,R,384.0,R,520.0,R,74.0,R,370.0,Z,0.0,R,370.0,R,264.0,R,71.0,R,3.0,Z,0.0,R,3.0,R,2.0,R,67.0,R,14
220251,2011,A,,A,,A,,R,82.0,R,0.0,R,82.0,R,56.0,R,68.0,R,1.0,R,0.0,R,1.0,R,1.0,R,100.0,R,15
220279,2011,A,,A,,A,,R,94.0,R,0.0,R,94.0,R,75.0,R,80.0,R,12.0,R,0.0,R,12.0,R,5.0,R,42.0,R,20
220312,2011,R,77.0,R,119.0,R,65.0,R,56.0,R,0.0,R,56.0,R,24.0,R,43.0,R,1.0,R,0.0,R,1.0,R,0.0,R,0.0,R,9
220321,2011,A,,A,,A,,R,60.0,Z,0.0,R,60.0,R,44.0,R,73.0,R,10.0,R,0.0,R,10.0,R,5.0,R,50.0,R,18
220394,2011,A,,A,,A,,R,121.0,R,1.0,R,120.0,R,78.0,R,65.0,R,22.0,R,0.0,R,22.0,R,11.0,R,50.0,R,18
220400,2011,R,876.0,R,1370.0,R,64.0,R,1013.0,R,0.0,R,1013.0,R,458.0,R,45.0,R,176.0,Z,0.0,R,176.0,R,60.0,R,34.0,R,22
220464,2011,R,17.0,R,61.0,R,28.0,R,19.0,R,0.0,R,19.0,R,8.0,R,42.0,R,6.0,R,0.0,R,6.0,R,3.0,R,50.0,R,16
220473,2011,R,156.0,R,245.0,R,64.0,R,157.0,R,0.0,R,157.0,R,114.0,R,73.0,R,0.0,R,0.0,R,0.0,R,0.0,A,,R,17
220491,2011,A,,A,,A,,R,151.0,R,0.0,R,151.0,R,121.0,R,80.0,R,19.0,R,0.0,R,19.0,R,16.0,R,84.0,R,15
220516,2011,R,174.0,R,649.0,R,27.0,R,227.0,R,0.0,R,227.0,R,152.0,R,67.0,R,0.0,R,0.0,R,0.0,R,0.0,A,,R,16
220552,2011,R,256.0,R,258.0,R,99.0,R,193.0,Z,0.0,R,193.0,R,99.0,R,51.0,A,,A,,A,,A,,A,,R,19
220570,2011,A,,A,,A,,R,31.0,R,0.0,R,31.0,R,25.0,R,81.0,R,13.0,R,0.0,R,13.0,R,12.0,R,92.0,R,15
220598,2011,R,599.0,R,729.0,R,82.0,R,696.0,R,0.0,R,696.0,R,362.0,R,52.0,A,,A,,A,,A,,A,,R,20
220604,2011,R,183.0,R,276.0,R,66.0,R,178.0,R,0.0,R,178.0,R,89.0,R,50.0,R,17.0,R,0.0,R,17.0,R,6.0,R,35.0,R,14
220613,2011,R,870.0,R,1378.0,R,63.0,R,851.0,R,0.0,R,851.0,R,612.0,R,72.0,R,2.0,R,0.0,R,2.0,R,0.0,R,0.0,R,17
220631,2011,R,313.0,R,564.0,R,55.0,R,327.0,Z,0.0,R,327.0,R,232.0,R,71.0,R,3.0,Z,0.0,R,3.0,R,1.0,R,33.0,R,13
220640,2011,A,,A,,A,,R,145.0,R,1.0,R,144.0,R,105.0,R,73.0,R,12.0,R,0.0,R,12.0,R,7.0,R,58.0,R,25
220701,2011,R,360.0,R,649.0,R,55.0,R,200.0,R,0.0,R,200.0,R,109.0,R,55.0,R,5.0,R,0.0,R,5.0,R,3.0,R,60.0,R,17
220710,2011,R,293.0,R,376.0,R,78.0,R,277.0,R,0.0,R,277.0,R,194.0,R,70.0,A,,A,,A,,A,,A,,R,12
220756,2011,A,,A,,A,,R,52.0,R,1.0,R,51.0,R,39.0,R,76.0,R,1.0,R,0.0,R,1.0,R,1.0,R,100.0,R,18
220765,2011,A,,A,,A,,R,140.0,R,0.0,R,140.0,R,92.0,R,66.0,Z,0.0,R,0.0,R,0.0,R,0.0,A,,R,15
220808,2011,R,94.0,R,116.0,R,81.0,R,76.0,R,0.0,R,76.0,R,58.0,R,76.0,R,0.0,R,0.0,R,0.0,R,0.0,A,,R,10
220853,2011,A,,A,,A,,R,227.0,R,4.0,R,223.0,R,164.0,R,74.0,R,41.0,R,1.0,R,40.0,R,31.0,R,78.0,R,19
220862,2011,R,2473.0,R,4335.0,R,57.0,R,2373.0,R,0.0,R,2373.0,R,1839.0,R,77.0,R,49.0,R,0.0,R,49.0,R,27.0,R,55.0,R,15
220941,2011,R,50.0,R,771.0,R,6.0,R,25.0,R,0.0,R,25.0,R,18.0,R,72.0,R,8.0,R,0.0,R,8.0,R,0.0,R,0.0,R,11
220978,2011,R,3466.0,R,5812.0,R,60.0,R,3780.0,R,0.0,R,3780.0,R,2639.0,R,70.0,R,83.0,R,0.0,R,83.0,R,48.0,R,58.0,R,20
221014,2011,R,204.0,R,363.0,R,56.0,R,176.0,R,0.0,R,176.0,R,141.0,R,80.0,R,1.0,R,0.0,R,1.0,R,0.0,R,0.0,R,13
221050,2011,A,,A,,A,,R,204.0,R,12.0,R,192.0,R,139.0,R,72.0,R,61.0,R,4.0,R,57.0,R,42.0,R,74.0,R,16
221096,2011,R,915.0,R,1638.0,R,56.0,R,1003.0,R,1.0,R,1002.0,R,525.0,R,52.0,R,247.0,R,6.0,R,241.0,R,117.0,R,49.0,R,23
221102,2011,A,,A,,A,,R,251.0,R,0.0,R,251.0,R,211.0,R,84.0,R,76.0,R,0.0,R,76.0,R,54.0,R,71.0,R,19
221148,2011,A,,A,,A,,R,624.0,R,0.0,R,624.0,R,446.0,R,71.0,A,,A,,A,,A,,A,,R,31
221157,2011,A,,A,,A,,R,59.0,R,0.0,R,59.0,R,43.0,R,73.0,A,,A,,A,,A,,A,,R,12
221184,2011,R,893.0,R,2972.0,R,30.0,R,889.0,R,0.0,R,889.0,R,453.0,R,51.0,R,629.0,R,0.0,R,629.0,R,312.0,R,50.0,R,19
221236,2011,A,,A,,A,,R,84.0,Z,0.0,R,84.0,R,53.0,R,63.0,R,3.0,Z,0.0,R,3.0,R,2.0,R,67.0,R,20
221254,2011,R,21.0,R,36.0,R,58.0,R,27.0,R,4.0,R,23.0,R,19.0,R,83.0,R,3.0,R,0.0,R,3.0,R,2.0,R,67.0,R,8
221281,2011,A,,A,,A,,R,106.0,Z,0.0,R,106.0,R,74.0,R,70.0,R,1.0,Z,0.0,R,1.0,R,0.0,R,0.0,R,13
221290,2011,A,,A,,A,,N,21.0,N,21.0,N,0.0,N,18.0,A,,N,38.0,N,38.0,N,0.0,N,23.0,A,,N,15
221333,2011,A,,A,,A,,R,59.0,R,3.0,R,56.0,R,47.0,R,84.0,R,207.0,R,6.0,R,201.0,R,69.0,R,34.0,R,5
221351,2011,R,558.0,R,573.0,R,97.0,R,499.0,R,1.0,R,498.0,R,432.0,R,87.0,A,,A,,A,,A,,A,,R,10
221388,2011,A,,A,,A,,R,21.0,R,0.0,R,21.0,R,16.0,R,76.0,R,36.0,R,0.0,R,36.0,R,1.0,R,3.0,R,18
221397,2011,R,996.0,R,2711.0,R,37.0,R,1156.0,R,0.0,R,1156.0,R,654.0,R,57.0,R,411.0,R,1.0,R,410.0,R,175.0,R,43.0,R,22
221430,2011,A,,A,,A,,R,131.0,R,0.0,R,131.0,R,71.0,R,54.0,R,10.0,R,0.0,R,10.0,R,2.0,R,20.0,R,20
221485,2011,R,2047.0,R,4488.0,R,46.0,R,1797.0,R,0.0,R,1797.0,R,821.0,R,46.0,R,991.0,R,0.0,R,991.0,R,334.0,R,34.0,R,22
221494,2011,A,,A,,A,,R,157.0,R,0.0,R,157.0,R,118.0,R,75.0,R,17.0,R,0.0,R,17.0,R,17.0,R,100.0,R,20
221519,2011,R,433.0,R,463.0,R,94.0,R,401.0,R,0.0,R,401.0,R,361.0,R,90.0,A,,A,,A,,A,,A,,R,10
221582,2011,A,,A,,A,,R,148.0,R,0.0,R,148.0,R,103.0,R,70.0,R,14.0,Z,0.0,R,14.0,R,10.0,R,71.0,R,11
221591,2011,A,,A,,A,,R,92.0,R,0.0,R,92.0,R,65.0,R,71.0,R,41.0,R,0.0,R,41.0,R,32.0,R,78.0,R,12
221607,2011,A,,A,,A,,R,75.0,R,0.0,R,75.0,R,59.0,R,79.0,R,3.0,R,0.0,R,3.0,R,1.0,R,33.0,R,13
221616,2011,A,,A,,A,,R,244.0,R,5.0,R,239.0,R,172.0,R,72.0,A,,A,,A,,A,,A,,R,19
221625,2011,A,,A,,A,,R,196.0,R,0.0,R,196.0,R,141.0,R,72.0,R,119.0,R,0.0,R,119.0,R,112.0,R,94.0,R,18
221634,2011,A,,A,,A,,R,42.0,R,0.0,R,42.0,R,24.0,R,57.0,R,10.0,R,0.0,R,10.0,R,5.0,R,50.0,R,19
221643,2011,R,1713.0,R,3304.0,R,52.0,R,1703.0,R,0.0,R,1703.0,R,972.0,R,57.0,R,503.0,R,0.0,R,503.0,R,241.0,R,48.0,R,23
221661,2011,R,638.0,R,945.0,R,68.0,R,613.0,R,0.0,R,613.0,R,463.0,R,76.0,R,17.0,R,0.0,R,17.0,R,3.0,R,18.0,R,14
221731,2011,R,206.0,R,340.0,R,61.0,R,217.0,R,0.0,R,217.0,R,144.0,R,66.0,R,0.0,R,0.0,R,0.0,R,0.0,A,,R,15
221740,2011,R,2170.0,R,3058.0,R,71.0,R,1940.0,R,0.0,R,1940.0,R,1347.0,R,69.0,R,6.0,R,0.0,R,6.0,R,4.0,R,67.0,R,18
221759,2011,R,4175.0,R,5568.0,R,75.0,R,4199.0,R,0.0,R,4199.0,R,3547.0,R,84.0,R,15.0,R,0.0,R,15.0,R,8.0,R,53.0,R,15
221768,2011,R,1290.0,R,1814.0,R,71.0,R,1273.0,R,1.0,R,1272.0,R,929.0,R,73.0,R,12.0,R,0.0,R,12.0,R,6.0,R,50.0,R,18
221795,2011,R,55.0,R,90.0,R,61.0,R,19.0,R,0.0,R,19.0,R,4.0,R,21.0,A,,A,,A,,A,,A,,R,12
221829,2011,A,,A,,A,,R,132.0,R,0.0,R,132.0,R,113.0,R,86.0,A,,A,,A,,A,,A,,R,20
221838,2011,R,1153.0,R,2025.0,R,57.0,R,1281.0,R,0.0,R,1281.0,R,862.0,R,67.0,R,46.0,Z,0.0,R,46.0,R,22.0,R,48.0,R,15
221847,2011,R,1960.0,R,2959.0,R,66.0,R,1899.0,R,1.0,R,1898.0,R,1382.0,R,73.0,R,10.0,R,0.0,R,10.0,R,4.0,R,40.0,R,22
221856,2011,R,76.0,R,204.0,R,37.0,R,109.0,R,0.0,R,109.0,R,36.0,R,33.0,R,16.0,R,0.0,R,16.0,R,2.0,R,13.0,R,18
221892,2011,R,262.0,R,356.0,R,74.0,R,223.0,R,0.0,R,223.0,R,154.0,R,69.0,R,1.0,R,0.0,R,1.0,R,1.0,R,100.0,R,17
221908,2011,R,1037.0,R,1785.0,R,58.0,R,1168.0,Z,0.0,R,1168.0,R,635.0,R,54.0,R,240.0,Z,0.0,R,240.0,R,108.0,R,45.0,R,24
221953,2011,R,305.0,R,361.0,R,84.0,R,354.0,R,0.0,R,354.0,R,208.0,R,59.0,R,0.0,R,0.0,R,0.0,R,0.0,A,,R,16
221971,2011,R,449.0,R,1182.0,R,38.0,R,386.0,R,0.0,R,386.0,R,362.0,R,94.0,R,26.0,R,0.0,R,26.0,R,25.0,R,96.0,R,12
221980,2011,A,,A,,A,,R,11.0,R,0.0,R,11.0,R,8.0,R,73.0,R,2.0,R,0.0,R,2.0,R,2.0,R,100.0,R,20
221999,2011,R,1600.0,R,1844.0,R,87.0,R,1600.0,R,0.0,R,1600.0,R,1533.0,R,96.0,R,0.0,R,0.0,R,0.0,R,0.0,A,,R,8
222026,2011,A,,A,,A,,R,44.0,Z,0.0,R,44.0,R,31.0,R,70.0,A,,A,,A,,A,,A,,R,17
222053,2011,R,1227.0,R,2485.0,R,49.0,R,1414.0,R,0.0,R,1414.0,R,703.0,R,50.0,R,378.0,R,0.0,R,378.0,R,163.0,R,43.0,R,23
222062,2011,R,1325.0,R,1823.0,R,73.0,R,1415.0,R,0.0,R,1415.0,R,773.0,R,55.0,R,183.0,R,0.0,R,183.0,R,87.0,R,48.0,R,17
222099,2011,A,,A,,A,,R,239.0,R,0.0,R,239.0,R,190.0,R,79.0,R,16.0,R,0.0,R,16.0,R,7.0,R,44.0,R,15
222105,2011,R,28.0,R,97.0,R,29.0,R,24.0,R,0.0,R,24.0,R,21.0,R,88.0,R,44.0,R,0.0,R,44.0,R,37.0,R,84.0,R,12
222178,2011,R,863.0,R,1047.0,R,82.0,R,980.0,R,1.0,R,979.0,R,738.0,R,75.0,R,0.0,Z,0.0,R,0.0,Z,0.0,A,,R,14
222567,2011,R,376.0,R,2959.0,R,13.0,R,374.0,Z,0.0,R,374.0,R,225.0,R,60.0,R,283.0,Z,0.0,R,283.0,R,129.0,R,46.0,R,18
222576,2011,R,886.0,R,2093.0,R,42.0,R,842.0,R,0.0,R,842.0,R,470.0,R,56.0,R,736.0,R,0.0,R,736.0,R,277.0,R,38.0,R,21
222628,2011,A,,A,,A,,A,,A,,A,,A,,A,,A,,A,,A,,A,,A,,R,20
222673,2011,A,,A,,A,,R,130.0,R,0.0,R,130.0,R,98.0,R,75.0,R,51.0,R,0.0,R,51.0,R,32.0,R,63.0,R,20
222682,2011,A,,A,,A,,R,35.0,R,0.0,R,35.0,R,31.0,R,89.0,R,117.0,Z,0.0,R,117.0,R,83.0,R,71.0,R,20
222691,2011,A,,A,,A,,R,105.0,R,0.0,R,105.0,R,86.0,R,82.0,R,37.0,R,0.0,R,37.0,R,23.0,R,62.0,R,20
222707,2011,A,,A,,A,,R,129.0,R,0.0,R,129.0,R,38.0,R,29.0,R,46.0,R,0.0,R,46.0,R,5.0,R,11.0,R,3
222761,2011,A,,A,,A,,R,460.0,R,8.0,R,452.0,R,198.0,R,44.0,A,,A,,A,,A,,A,,R,26
222822,2011,R,765.0,R,2747.0,R,28.0,R,707.0,R,0.0,R,707.0,R,333.0,R,47.0,R,1049.0,R,1.0,R,1048.0,R,529.0,R,50.0,R,18
222831,2011,R,1423.0,R,1979.0,R,72.0,R,1444.0,R,0.0,R,1444.0,R,887.0,R,61.0,R,31.0,R,0.0,R,31.0,R,10.0,R,32.0,R,21
222877,2011,R,52.0,R,93.0,R,56.0,R,50.0,R,0.0,R,50.0,R,23.0,R,46.0,R,0.0,R,0.0,R,0.0,R,0.0,A,,R,16
222886,2011,A,,A,,A,,R,203.0,R,0.0,R,203.0,R,151.0,R,74.0,R,52.0,R,0.0,R,52.0,R,37.0,R,71.0,R,16
222938,2011,R,398.0,R,950.0,R,42.0,R,315.0,R,1.0,R,314.0,R,173.0,R,55.0,R,76.0,R,0.0,R,76.0,R,28.0,R,37.0,R,20
222983,2011,R,359.0,R,391.0,R,92.0,R,319.0,R,0.0,R,319.0,R,268.0,R,84.0,A,,A,,A,,A,,A,,R,13
222992,2011,R,2228.0,R,13406.0,R,17.0,R,2034.0,Z,0.0,R,2034.0,R,1079.0,R,53.0,R,2807.0,Z,0.0,R,2807.0,R,1247.0,R,44.0,R,21
223056,2011,A,,A,,A,,R,86.0,R,0.0,R,86.0,R,68.0,R,79.0,A,,A,,A,,A,,A,,R,25
223083,2011,A,,A,,A,,A,,A,,A,,A,,A,,A,,A,,A,,A,,A,,R,16
223117,2011,R,6.0,R,40.0,R,15.0,Z,0.0,R,0.0,R,0.0,Z,0.0,A,,R,4.0,R,0.0,R,4.0,R,2.0,R,50.0,R,9
223214,2011,A,,A,,A,,A,,A,,A,,A,,A,,A,,A,,A,,A,,A,,R,4
223232,2011,R,3033.0,R,3515.0,R,86.0,R,3257.0,R,2.0,R,3255.0,R,2781.0,R,85.0,R,2.0,R,0.0,R,2.0,R,1.0,R,50.0,R,14
223320,2011,R,325.0,R,1302.0,R,25.0,R,404.0,R,0.0,R,404.0,R,221.0,R,55.0,R,142.0,R,0.0,R,142.0,R,62.0,R,44.0,R,16
223427,2011,R,3135.0,R,11910.0,R,26.0,R,2418.0,Z,0.0,R,2418.0,R,1204.0,R,50.0,R,717.0,Z,0.0,R,717.0,R,337.0,R,47.0,R,26
223463,2011,A,,A,,A,,R,443.0,R,1.0,R,442.0,R,331.0,R,75.0,A,,A,,A,,A,,A,,R,26
223472,2011,R,29.0,R,71.0,R,41.0,R,89.0,R,0.0,R,89.0,R,41.0,R,46.0,A,,A,,A,,A,,A,,R,22
223506,2011,R,166.0,R,883.0,R,19.0,R,6.0,R,0.0,R,6.0,R,5.0,R,83.0,R,15.0,R,0.0,R,15.0,R,12.0,R,80.0,R,18
223524,2011,R,647.0,R,3588.0,R,18.0,R,630.0,R,0.0,R,630.0,R,367.0,R,58.0,R,745.0,R,0.0,R,745.0,R,327.0,R,44.0,R,24
223658,2011,A,,A,,A,,R,53.0,R,0.0,R,53.0,R,40.0,R,75.0,A,,A,,A,,A,,A,,R,15
223667,2011,A,,A,,A,,R,4.0,R,0.0,R,4.0,R,3.0,R,75.0,A,,A,,A,,A,,A,,R,4
223773,2011,R,459.0,R,1866.0,R,25.0,R,436.0,Z,0.0,R,436.0,R,206.0,R,47.0,R,305.0,Z,0.0,R,305.0,R,111.0,R,36.0,R,27
223816,2011,R,1087.0,R,10387.0,R,10.0,R,908.0,R,52.0,R,856.0,R,425.0,R,50.0,R,3539.0,R,185.0,R,3354.0,R,828.0,R,25.0,R,13
223852,2011,A,,A,,A,,R,22.0,R,0.0,R,22.0,R,21.0,R,95.0,A,,A,,A,,A,,A,,R,4
223898,2011,R,555.0,R,1698.0,R,33.0,R,480.0,R,0.0,R,480.0,R,153.0,R,32.0,R,764.0,R,0.0,R,764.0,R,336.0,R,44.0,R,23
223922,2011,R,303.0,R,717.0,R,42.0,R,220.0,R,0.0,R,220.0,R,128.0,R,58.0,R,282.0,R,0.0,R,282.0,R,121.0,R,43.0,R,16
224004,2011,R,269.0,R,511.0,R,53.0,R,235.0,R,0.0,R,235.0,R,126.0,R,54.0,R,17.0,R,0.0,R,17.0,R,7.0,R,41.0,R,13
224013,2011,A,,A,,A,,R,16.0,R,0.0,R,16.0,R,10.0,R,63.0,R,18.0,R,0.0,R,18.0,R,14.0,R,78.0,R,14
224110,2011,R,511.0,R,3917.0,R,13.0,R,501.0,R,0.0,R,501.0,R,223.0,R,45.0,R,685.0,Z,0.0,R,685.0,R,278.0,R,41.0,R,26
224147,2011,R,1451.0,R,2346.0,R,62.0,R,1379.0,R,0.0,R,1379.0,R,828.0,R,60.0,R,27.0,R,0.0,R,27.0,R,11.0,R,41.0,R,21
224156,2011,A,,A,,A,,R,174.0,R,0.0,R,174.0,R,146.0,R,84.0,A,,A,,A,,A,,A,,R,24
224183,2011,R,14.0,R,92.0,R,15.0,R,19.0,R,0.0,R,19.0,R,7.0,R,37.0,R,13.0,R,0.0,R,13.0,R,5.0,R,38.0,R,23
224226,2011,R,439.0,R,749.0,R,59.0,R,374.0,R,0.0,R,374.0,R,276.0,R,74.0,R,2.0,R,0.0,R,2.0,R,0.0,R,0.0,R,15
224244,2011,R,45.0,R,107.0,R,42.0,R,30.0,R,0.0,R,30.0,R,20.0,R,67.0,R,3.0,R,0.0,R,3.0,R,2.0,R,67.0,R,23
224271,2011,R,47.0,R,91.0,R,52.0,R,56.0,R,1.0,R,55.0,R,47.0,R,85.0,A,,A,,A,,A,,A,,R,24
224323,2011,R,371.0,R,417.0,R,89.0,R,376.0,R,0.0,R,376.0,R,301.0,R,80.0,R,0.0,R,0.0,R,0.0,R,0.0,A,,R,13
224350,2011,R,800.0,R,2034.0,R,39.0,R,751.0,R,0.0,R,751.0,R,428.0,R,57.0,R,771.0,R,0.0,R,771.0,R,344.0,R,45.0,R,14
224402,2011,R,248.0,R,1609.0,R,15.0,R,351.0,R,0.0,R,351.0,R,161.0,R,46.0,R,397.0,R,0.0,R,397.0,R,120.0,R,30.0,R,17
224439,2011,A,,A,,A,,R,473.0,R,0.0,R,473.0,R,351.0,R,74.0,A,,A,,A,,A,,A,,R,19
224527,2011,R,329.0,R,479.0,R,69.0,R,284.0,R,0.0,R,284.0,R,168.0,R,59.0,R,1.0,R,0.0,R,1.0,R,0.0,R,0.0,R,14
224545,2011,R,209.0,R,569.0,R,37.0,R,90.0,R,0.0,R,90.0,R,42.0,R,47.0,R,4.0,R,0.0,R,4.0,R,0.0,R,0.0,R,14
224554,2011,R,759.0,R,1852.0,R,41.0,R,773.0,R,0.0,R,773.0,R,548.0,R,71.0,R,33.0,R,0.0,R,33.0,R,13.0,R,39.0,R,20
224572,2011,R,838.0,R,3862.0,R,22.0,R,749.0,Z,0.0,R,749.0,R,464.0,R,62.0,R,823.0,Z,0.0,R,823.0,R,404.0,R,49.0,R,27
224615,2011,R,594.0,R,3206.0,R,19.0,R,501.0,Z,0.0,R,501.0,R,278.0,R,55.0,R,559.0,Z,0.0,R,559.0,R,252.0,R,45.0,R,21
224642,2011,R,3105.0,R,7471.0,R,42.0,R,3171.0,R,1.0,R,3170.0,R,2162.0,R,68.0,R,2581.0,R,1.0,R,2580.0,R,1312.0,R,51.0,R,22
224660,2011,A,,A,,A,,R,74.0,R,0.0,R,74.0,R,64.0,R,86.0,R,36.0,R,0.0,R,36.0,R,21.0,R,58.0,R,15
224679,2011,A,,A,,A,,R,191.0,R,0.0,R,191.0,R,140.0,R,73.0,R,48.0,R,0.0,R,48.0,R,28.0,R,58.0,R,14
224758,2011,A,,A,,A,,R,28.0,R,0.0,R,28.0,R,23.0,R,82.0,R,7.0,R,0.0,R,7.0,R,4.0,R,57.0,R,18
224776,2011,R,288.0,R,663.0,R,43.0,R,232.0,R,0.0,R,232.0,R,117.0,R,50.0,R,36.0,R,0.0,R,36.0,R,9.0,R,25.0,R,18
224828,2011,A,,A,,A,,R,30.0,R,0.0,R,30.0,R,26.0,R,87.0,R,60.0,R,0.0,R,60.0,R,48.0,R,80.0,R,9
224891,2011,R,138.0,R,348.0,R,40.0,R,181.0,R,0.0,R,181.0,R,61.0,R,34.0,R,36.0,R,1.0,R,35.0,R,13.0,R,37.0,R,12
224907,2011,A,,A,,A,,R,42.0,Z,0.0,R,42.0,R,28.0,R,67.0,A,,A,,A,,A,,A,,R,26
224961,2011,R,184.0,R,700.0,R,26.0,R,220.0,R,0.0,R,220.0,R,96.0,R,44.0,R,134.0,R,0.0,R,134.0,R,55.0,R,41.0,R,19
225070,2011,R,675.0,R,1828.0,R,37.0,R,731.0,R,0.0,R,731.0,R,450.0,R,62.0,R,193.0,Z,0.0,R,193.0,R,165.0,R,85.0,R,21
225201,2011,A,,A,,A,,R,0.0,R,0.0,R,0.0,R,0.0,A,,A,,A,,A,,A,,A,,R,17
225247,2011,R,394.0,R,633.0,R,62.0,R,403.0,R,1.0,R,402.0,R,262.0,R,65.0,R,0.0,R,0.0,R,0.0,R,0.0,A,,R,13
225308,2011,R,859.0,R,1982.0,R,43.0,R,589.0,R,7.0,R,582.0,R,316.0,R,54.0,R,325.0,R,13.0,R,312.0,R,248.0,R,79.0,R,18
225371,2011,R,496.0,R,2323.0,R,21.0,R,540.0,R,0.0,R,540.0,R,284.0,R,53.0,R,784.0,R,0.0,R,784.0,R,370.0,R,47.0,R,21
225399,2011,R,496.0,R,675.0,R,73.0,R,513.0,R,0.0,R,513.0,R,346.0,R,67.0,R,3.0,R,0.0,R,3.0,R,1.0,R,33.0,R,15
225414,2011,A,,A,,A,,A,,A,,A,,A,,A,,A,,A,,A,,A,,A,,R,16
225423,2011,R,3657.0,R,17146.0,R,21.0,R,3675.0,R,0.0,R,3675.0,R,2523.0,R,69.0,R,5997.0,R,0.0,R,5997.0,R,2835.0,R,47.0,R,24
225432,2011,R,921.0,R,3142.0,R,29.0,R,824.0,R,0.0,R,824.0,R,491.0,R,60.0,R,290.0,R,0.0,R,290.0,R,145.0,R,50.0,R,20
225502,2011,R,137.0,R,639.0,R,21.0,R,174.0,R,0.0,R,174.0,R,94.0,R,54.0,R,12.0,R,0.0,R,12.0,R,3.0,R,25.0,R,17
225511,2011,R,3556.0,R,8135.0,R,44.0,R,3453.0,R,0.0,R,3453.0,R,2799.0,R,81.0,R,184.0,R,0.0,R,184.0,R,121.0,R,66.0,R,23
225520,2011,R,462.0,R,1752.0,R,26.0,R,413.0,Z,0.0,R,413.0,R,248.0,R,60.0,R,284.0,Z,0.0,R,284.0,R,118.0,R,42.0,R,15
225548,2011,R,280.0,R,473.0,R,59.0,R,318.0,R,0.0,R,318.0,R,182.0,R,57.0,R,3.0,R,0.0,R,3.0,R,0.0,R,0.0,R,11
225575,2011,R,181.0,R,286.0,R,63.0,R,268.0,R,0.0,R,268.0,R,134.0,R,50.0,R,2.0,R,0.0,R,2.0,R,1.0,R,50.0,R,13
225627,2011,R,1023.0,R,1825.0,R,56.0,R,872.0,R,0.0,R,872.0,R,679.0,R,78.0,R,14.0,R,0.0,R,14.0,R,6.0,R,43.0,R,14
225779,2011,A,,A,,A,,R,202.0,R,0.0,R,202.0,R,128.0,R,63.0,R,71.0,R,0.0,R,71.0,R,45.0,R,63.0,R,12
225788,2011,A,,A,,A,,R,201.0,R,0.0,R,201.0,R,131.0,R,65.0,R,97.0,R,0.0,R,97.0,R,76.0,R,78.0,R,14
225849,2011,R,49.0,R,74.0,R,66.0,R,1.0,R,0.0,R,1.0,R,0.0,R,0.0,R,0.0,R,0.0,R,0.0,R,0.0,A,,R,21
225858,2011,R,33.0,R,55.0,R,60.0,R,0.0,R,0.0,R,0.0,R,0.0,A,,R,0.0,R,0.0,R,0.0,R,0.0,A,,R,28
225876,2011,R,94.0,R,193.0,R,49.0,R,99.0,R,0.0,R,99.0,R,39.0,R,39.0,R,3.0,R,0.0,R,3.0,R,0.0,R,0.0,R,16
225885,2011,R,88.0,R,162.0,R,54.0,R,82.0,R,1.0,R,81.0,R,36.0,R,44.0,A,,A,,A,,A,,A,,R,13
225991,2011,R,22.0,R,64.0,R,34.0,R,32.0,R,0.0,R,32.0,R,21.0,R,66.0,A,,A,,A,,A,,A,,R,15
226019,2011,R,961.0,R,1698.0,R,57.0,R,1029.0,R,1.0,R,1028.0,R,513.0,R,50.0,R,339.0,R,0.0,R,339.0,R,147.0,R,43.0,R,20
226091,2011,R,1575.0,R,2487.0,R,63.0,R,1479.0,R,0.0,R,1479.0,R,960.0,R,65.0,R,78.0,R,0.0,R,78.0,R,30.0,R,38.0,R,20
226107,2011,R,345.0,R,1128.0,R,31.0,R,458.0,R,122.0,R,336.0,R,172.0,R,51.0,R,153.0,R,41.0,R,112.0,R,42.0,R,38.0,R,19
226116,2011,R,193.0,R,615.0,R,31.0,R,428.0,R,0.0,R,428.0,R,207.0,R,48.0,R,156.0,R,0.0,R,156.0,R,55.0,R,35.0,R,18
226125,2011,A,,A,,A,,R,103.0,R,5.0,R,98.0,R,72.0,R,73.0,A,,A,,A,,A,,A,,R,16
226134,2011,R,947.0,R,2308.0,R,41.0,R,936.0,R,0.0,R,936.0,R,645.0,R,69.0,R,870.0,R,0.0,R,870.0,R,451.0,R,52.0,R,24
226152,2011,R,681.0,R,1195.0,R,57.0,R,844.0,R,0.0,R,844.0,R,574.0,R,68.0,R,22.0,R,0.0,R,22.0,R,11.0,R,50.0,R,21
226204,2011,R,452.0,R,1179.0,R,38.0,R,436.0,R,0.0,R,436.0,R,284.0,R,65.0,R,604.0,R,0.0,R,604.0,R,292.0,R,48.0,R,15
226231,2011,R,286.0,R,536.0,R,53.0,R,392.0,R,1.0,R,391.0,R,289.0,R,74.0,R,1.0,R,0.0,R,1.0,R,1.0,R,100.0,R,13
226277,2011,A,,A,,A,,R,386.0,R,0.0,R,386.0,R,225.0,R,58.0,A,,A,,A,,A,,A,,R,20
226329,2011,R,243.0,R,315.0,R,77.0,R,551.0,R,0.0,R,551.0,R,148.0,R,27.0,R,26.0,Z,0.0,R,26.0,R,0.0,R,0.0,R,9
226374,2011,A,,A,,A,,R,18.0,R,0.0,R,18.0,R,14.0,R,78.0,A,,A,,A,,A,,A,,R,15
226383,2011,R,322.0,R,585.0,R,55.0,R,339.0,R,0.0,R,339.0,R,209.0,R,62.0,R,4.0,R,0.0,R,4.0,R,1.0,R,25.0,R,15
226408,2011,R,247.0,R,727.0,R,34.0,R,274.0,R,0.0,R,274.0,R,138.0,R,50.0,R,325.0,R,0.0,R,325.0,R,141.0,R,43.0,R,13
226471,2011,R,628.0,R,902.0,R,70.0,R,603.0,R,0.0,R,603.0,R,387.0,R,64.0,R,5.0,R,0.0,R,5.0,R,2.0,R,40.0,R,16
226578,2011,R,1193.0,R,2291.0,R,52.0,R,1288.0,Z,0.0,R,1288.0,R,764.0,R,59.0,R,344.0,Z,0.0,R,344.0,R,174.0,R,51.0,R,22
226587,2011,R,330.0,R,559.0,R,59.0,R,280.0,R,0.0,R,280.0,R,170.0,R,61.0,R,0.0,R,0.0,R,0.0,R,0.0,A,,R,14
226675,2011,A,,A,,A,,A,,A,,A,,A,,A,,A,,A,,A,,A,,A,,R,7
226772,2011,A,,A,,A,,R,22.0,R,3.0,R,19.0,R,13.0,R,68.0,R,6.0,R,1.0,R,5.0,R,2.0,R,40.0,R,10
226806,2011,R,525.0,R,1278.0,R,41.0,R,0.0,R,0.0,R,0.0,R,0.0,A,,R,0.0,R,0.0,R,0.0,R,0.0,A,,R,17
226833,2011,R,633.0,R,1220.0,R,52.0,R,740.0,R,0.0,R,740.0,R,505.0,R,68.0,R,16.0,Z,0.0,R,16.0,R,5.0,R,31.0,R,18
226860,2011,A,,A,,A,,R,30.0,R,0.0,R,30.0,R,21.0,R,70.0,A,,A,,A,,A,,A,,R,15
226879,2011,R,81.0,R,132.0,R,61.0,R,71.0,R,0.0,R,71.0,R,46.0,R,65.0,R,1.0,R,0.0,R,1.0,R,1.0,R,100.0,R,17
226903,2011,A,,A,,A,,R,119.0,R,0.0,R,119.0,R,64.0,R,54.0,A,,A,,A,,A,,A,,R,13
226930,2011,R,820.0,R,2789.0,R,29.0,R,651.0,Z,0.0,R,651.0,R,391.0,R,60.0,R,574.0,Z,0.0,R,574.0,R,248.0,R,43.0,R,29
227003,2011,A,,A,,A,,R,228.0,R,0.0,R,228.0,R,147.0,R,64.0,A,,A,,A,,A,,A,,R,30
227058,2011,A,,A,,A,,R,13.0,R,0.0,R,13.0,R,13.0,R,100.0,R,10.0,R,0.0,R,10.0,R,8.0,R,80.0,R,17
227146,2011,R,1564.0,R,2737.0,R,57.0,R,1579.0,Z,0.0,R,1579.0,R,872.0,R,55.0,R,564.0,Z,0.0,R,564.0,R,189.0,R,34.0,R,20
227155,2011,A,,A,,A,,R,62.0,R,0.0,R,62.0,R,53.0,R,85.0,A,,A,,A,,A,,A,,R,16
227182,2011,R,5644.0,R,16078.0,R,35.0,R,4661.0,R,0.0,R,4661.0,R,3239.0,R,69.0,R,6315.0,R,0.0,R,6315.0,R,3008.0,R,48.0,R,21
227191,2011,R,703.0,R,3561.0,R,20.0,R,589.0,Z,0.0,R,589.0,R,335.0,R,57.0,R,491.0,Z,0.0,R,491.0,R,216.0,R,44.0,R,28
227216,2011,R,3906.0,R,8347.0,R,47.0,R,3260.0,R,2.0,R,3258.0,R,2546.0,R,78.0,R,92.0,R,0.0,R,92.0,R,56.0,R,61.0,R,21
227225,2011,R,475.0,R,890.0,R,53.0,R,571.0,R,0.0,R,571.0,R,273.0,R,48.0,R,142.0,R,0.0,R,142.0,R,44.0,R,31.0,R,21
227243,2011,R,81.0,R,204.0,R,40.0,R,95.0,R,1.0,R,94.0,R,55.0,R,59.0,R,0.0,R,0.0,R,0.0,R,0.0,A,,R,16
227298,2011,A,,A,,A,,A,,A,,A,,A,,A,,A,,A,,A,,A,,A,,R,30
227304,2011,R,371.0,R,2186.0,R,17.0,R,312.0,R,0.0,R,312.0,R,208.0,R,67.0,R,304.0,R,0.0,R,304.0,R,169.0,R,56.0,R,15
227313,2011,A,,A,,A,,R,219.0,R,0.0,R,219.0,R,174.0,R,79.0,R,53.0,R,0.0,R,53.0,R,35.0,R,66.0,R,19
227322,2011,A,,A,,A,,R,236.0,R,0.0,R,236.0,R,184.0,R,78.0,R,84.0,R,0.0,R,84.0,R,62.0,R,74.0,R,14
227331,2011,R,245.0,R,445.0,R,55.0,R,299.0,R,0.0,R,299.0,R,177.0,R,59.0,R,1.0,R,0.0,R,1.0,R,0.0,R,0.0,R,15
227368,2011,R,2870.0,R,4266.0,R,67.0,R,2721.0,R,0.0,R,2721.0,R,2014.0,R,74.0,R,204.0,R,0.0,R,204.0,R,111.0,R,54.0,R,22
227377,2011,R,1584.0,R,2943.0,R,54.0,R,1676.0,R,0.0,R,1676.0,R,775.0,R,46.0,R,517.0,R,0.0,R,517.0,R,143.0,R,28.0,R,20
227386,2011,R,382.0,R,775.0,R,49.0,R,338.0,R,1.0,R,337.0,R,132.0,R,39.0,R,79.0,R,0.0,R,79.0,R,30.0,R,38.0,R,16
227401,2011,R,1044.0,R,1829.0,R,57.0,R,1082.0,Z,0.0,R,1082.0,R,593.0,R,55.0,R,294.0,Z,0.0,R,294.0,R,127.0,R,43.0,R,25
227429,2011,R,55.0,R,118.0,R,47.0,R,77.0,R,0.0,R,77.0,R,59.0,R,77.0,R,0.0,R,0.0,R,0.0,R,0.0,A,,R,12
227526,2011,R,1688.0,R,1991.0,R,85.0,R,1715.0,Z,0.0,R,1715.0,R,1103.0,R,64.0,R,15.0,Z,0.0,R,15.0,R,7.0,R,47.0,R,17
227687,2011,R,396.0,R,1128.0,R,35.0,R,256.0,R,0.0,R,256.0,R,109.0,R,43.0,R,35.0,R,0.0,R,35.0,R,6.0,R,17.0,R,18
227748,2011,A,,A,,A,,R,23.0,R,0.0,R,23.0,R,23.0,R,100.0,R,0.0,R,0.0,R,0.0,R,0.0,A,,R,13
227757,2011,R,998.0,R,1092.0,R,91.0,R,947.0,R,6.0,R,941.0,R,910.0,R,97.0,R,0.0,R,0.0,R,0.0,R,0.0,A,,R,9
227766,2011,R,1027.0,R,5291.0,R,19.0,R,950.0,Z,0.0,R,950.0,R,622.0,R,65.0,R,1142.0,Z,0.0,R,1142.0,R,601.0,R,53.0,R,28
227836,2011,A,,A,,A,,R,220.0,R,0.0,R,220.0,R,175.0,R,80.0,A,,A,,A,,A,,A,,R,43
227845,2011,R,780.0,R,1221.0,R,64.0,R,771.0,R,0.0,R,771.0,R,625.0,R,81.0,R,9.0,R,0.0,R,9.0,R,4.0,R,44.0,R,14
227854,2011,R,650.0,R,3009.0,R,22.0,R,1177.0,Z,0.0,R,1177.0,R,487.0,R,41.0,R,445.0,Z,0.0,R,445.0,R,135.0,R,30.0,R,15
227863,2011,R,234.0,R,439.0,R,53.0,R,191.0,R,0.0,R,191.0,R,156.0,R,82.0,R,3.0,R,0.0,R,3.0,R,3.0,R,100.0,R,11
227881,2011,R,2003.0,R,4243.0,R,47.0,R,2211.0,R,0.0,R,2211.0,R,1607.0,R,73.0,R,48.0,R,0.0,R,48.0,R,20.0,R,42.0,R,22
227924,2011,R,1786.0,R,7079.0,R,25.0,R,1565.0,Z,0.0,R,1565.0,R,895.0,R,57.0,R,1923.0,Z,0.0,R,1923.0,R,808.0,R,42.0,R,19
227979,2011,R,3011.0,R,8118.0,R,37.0,R,3182.0,Z,0.0,R,3182.0,R,2091.0,R,66.0,R,2612.0,Z,0.0,R,2612.0,R,1340.0,R,51.0,R,23
228042,2011,R,275.0,R,340.0,R,81.0,R,253.0,R,0.0,R,253.0,R,162.0,R,64.0,R,0.0,R,0.0,R,0.0,R,0.0,A,,R,14
228088,2011,A,,A,,A,,R,11.0,R,1.0,R,10.0,R,7.0,R,70.0,A,,A,,A,,A,,A,,R,24
228149,2011,R,639.0,R,784.0,R,82.0,R,584.0,Z,0.0,R,584.0,R,436.0,R,75.0,R,0.0,Z,0.0,R,0.0,Z,0.0,A,,R,12
228158,2011,R,1256.0,R,3746.0,R,34.0,R,1159.0,R,0.0,R,1159.0,R,663.0,R,57.0,R,246.0,Z,0.0,R,246.0,R,186.0,R,76.0,R,26
228185,2011,A,,A,,A,,R,15.0,Z,0.0,R,15.0,R,5.0,R,33.0,A,,A,,A,,A,,A,,R,20
228200,2011,A,,A,,A,,R,270.0,R,2.0,R,268.0,R,206.0,R,77.0,A,,A,,A,,A,,A,,R,20
228219,2011,A,,A,,A,,R,462.0,R,10.0,R,452.0,R,341.0,R,75.0,A,,A,,A,,A,,A,,R,18
228246,2011,R,1382.0,R,1668.0,R,83.0,R,1476.0,R,0.0,R,1476.0,R,1317.0,R,89.0,R,3.0,R,0.0,R,3.0,R,3.0,R,100.0,R,11
228282,2011,A,,A,,A,,A,,A,,A,,A,,A,,A,,A,,A,,A,,A,,R,21
228291,2011,A,,A,,A,,R,6.0,R,0.0,R,6.0,R,4.0,R,67.0,A,,A,,A,,A,,A,,R,4
228316,2011,R,723.0,R,2051.0,R,35.0,R,768.0,R,0.0,R,768.0,R,402.0,R,52.0,R,371.0,R,0.0,R,371.0,R,161.0,R,43.0,R,23
228325,2011,R,268.0,R,542.0,R,49.0,R,247.0,R,0.0,R,247.0,R,162.0,R,66.0,R,39.0,R,0.0,R,39.0,R,16.0,R,41.0,R,17
228343,2011,R,344.0,R,390.0,R,88.0,R,383.0,R,0.0,R,383.0,R,325.0,R,85.0,A,,A,,A,,A,,A,,R,10
228431,2011,R,2559.0,R,3650.0,R,70.0,R,2335.0,R,0.0,R,2335.0,R,1517.0,R,65.0,R,43.0,R,0.0,R,43.0,R,13.0,R,30.0,R,22
228459,2011,R,4471.0,R,8389.0,R,53.0,R,4043.0,R,0.0,R,4043.0,R,3179.0,R,79.0,R,62.0,R,0.0,R,62.0,R,43.0,R,69.0,R,20
228468,2011,R,127.0,R,262.0,R,48.0,R,126.0,R,0.0,R,126.0,R,73.0,R,58.0,R,0.0,R,0.0,R,0.0,R,0.0,A,,R,11
228486,2011,R,70.0,R,95.0,R,74.0,R,2.0,R,0.0,R,2.0,R,1.0,R,50.0,A,,A,,A,,A,,A,,R,15
228501,2011,R,335.0,R,676.0,R,50.0,R,318.0,R,0.0,R,318.0,R,157.0,R,49.0,R,5.0,R,0.0,R,5.0,R,0.0,R,0.0,R,14
228529,2011,R,1519.0,R,3013.0,R,50.0,R,1439.0,R,0.0,R,1439.0,R,960.0,R,67.0,R,29.0,R,0.0,R,29.0,R,10.0,R,34.0,R,18
228547,2011,R,5670.0,R,17114.0,R,33.0,R,5224.0,Z,0.0,R,5224.0,R,2878.0,R,55.0,R,3988.0,Z,0.0,R,3988.0,R,1763.0,R,44.0,R,27
228608,2011,R,460.0,R,1193.0,R,39.0,R,482.0,R,0.0,R,482.0,R,201.0,R,42.0,R,294.0,R,0.0,R,294.0,R,104.0,R,35.0,R,19
228635,2011,A,,A,,A,,A,,A,,A,,A,,A,,A,,A,,A,,A,,A,,R,4
228644,2011,R,1.0,R,275.0,R,0.0,R,0.0,R,0.0,R,0.0,R,0.0,A,,R,0.0,R,0.0,R,0.0,R,0.0,A,,R,11
228653,2011,A,,A,,A,,A,,A,,A,,A,,A,,A,,A,,A,,A,,A,,R,20
228680,2011,R,808.0,R,2024.0,R,40.0,R,915.0,R,0.0,R,915.0,R,474.0,R,52.0,R,116.0,R,0.0,R,116.0,R,42.0,R,36.0,R,15
228699,2011,R,613.0,R,1333.0,R,46.0,R,538.0,R,0.0,R,538.0,R,306.0,R,57.0,R,105.0,R,0.0,R,105.0,R,64.0,R,61.0,R,19
228705,2011,R,1194.0,R,2627.0,R,45.0,R,1278.0,R,1.0,R,1277.0,R,712.0,R,56.0,R,27.0,R,0.0,R,27.0,R,17.0,R,63.0,R,19
228714,2011,R,593.0,R,752.0,R,79.0,R,586.0,R,0.0,R,586.0,R,277.0,R,47.0,R,2.0,R,0.0,R,2.0,R,2.0,R,100.0,R,14
228723,2011,R,7596.0,R,10103.0,R,75.0,R,7450.0,Z,0.0,R,7450.0,R,6829.0,R,92.0,R,725.0,Z,0.0,R,725.0,R,642.0,R,89.0,R,21
228769,2011,R,2401.0,R,6933.0,R,35.0,R,2516.0,R,0.0,R,2516.0,R,1788.0,R,71.0,R,214.0,R,0.0,R,214.0,R,106.0,R,50.0,R,23
228778,2011,R,7074.0,R,9714.0,R,73.0,R,7232.0,R,0.0,R,7232.0,R,6638.0,R,92.0,R,42.0,R,0.0,R,42.0,R,28.0,R,67.0,R,18
228787,2011,R,1761.0,R,3771.0,R,47.0,R,1346.0,R,0.0,R,1346.0,R,1121.0,R,83.0,R,31.0,R,0.0,R,31.0,R,21.0,R,68.0,R,22
228796,2011,R,2689.0,R,4726.0,R,57.0,R,2480.0,R,0.0,R,2480.0,R,1856.0,R,75.0,R,250.0,R,0.0,R,250.0,R,152.0,R,61.0,R,21
228802,2011,R,633.0,R,1455.0,R,44.0,R,542.0,R,0.0,R,542.0,R,349.0,R,64.0,R,31.0,R,0.0,R,31.0,R,17.0,R,55.0,R,16
228875,2011,R,1868.0,R,2394.0,R,78.0,R,1820.0,R,0.0,R,1820.0,R,1589.0,R,87.0,R,1.0,R,0.0,R,1.0,R,1.0,R,100.0,R,14
228884,2011,R,212.0,R,391.0,R,54.0,R,199.0,R,0.0,R,199.0,R,75.0,R,38.0,R,0.0,R,0.0,R,0.0,R,0.0,A,,R,22
228981,2011,R,398.0,R,524.0,R,76.0,R,338.0,R,0.0,R,338.0,R,255.0,R,75.0,R,2.0,R,0.0,R,2.0,R,1.0,R,50.0,R,16
229018,2011,R,324.0,R,760.0,R,43.0,R,341.0,R,0.0,R,341.0,R,202.0,R,59.0,R,4.0,R,0.0,R,4.0,R,1.0,R,25.0,R,19
229027,2011,R,4901.0,R,7676.0,R,64.0,R,4816.0,R,1.0,R,4815.0,R,2997.0,R,62.0,R,120.0,R,0.0,R,120.0,R,57.0,R,48.0,R,25
229036,2011,A,,A,,A,,R,132.0,R,0.0,R,132.0,R,104.0,R,79.0,A,,A,,A,,A,,A,,R,42
229063,2011,R,1040.0,R,1802.0,R,58.0,R,1112.0,R,0.0,R,1112.0,R,677.0,R,61.0,R,67.0,R,0.0,R,67.0,R,18.0,R,27.0,R,20
229115,2011,R,4413.0,R,7000.0,R,63.0,R,4759.0,R,0.0,R,4759.0,R,3904.0,R,82.0,R,99.0,R,0.0,R,99.0,R,57.0,R,58.0,R,24
229151,2011,A,,A,,A,,R,36.0,R,0.0,R,36.0,R,32.0,R,89.0,A,,A,,A,,A,,A,,R,20
229160,2011,R,162.0,R,442.0,R,37.0,R,204.0,R,0.0,R,204.0,R,121.0,R,59.0,R,11.0,R,0.0,R,11.0,R,3.0,R,27.0,R,15
229179,2011,R,1060.0,R,2636.0,R,40.0,R,946.0,R,0.0,R,946.0,R,640.0,R,68.0,R,25.0,R,0.0,R,25.0,R,14.0,R,56.0,R,18
229267,2011,R,636.0,R,671.0,R,95.0,R,587.0,R,0.0,R,587.0,R,521.0,R,89.0,R,0.0,R,0.0,R,0.0,R,0.0,A,,R,9
229300,2011,A,,A,,A,,A,,A,,A,,A,,A,,A,,A,,A,,A,,A,,R,5
229319,2011,R,433.0,R,1131.0,R,38.0,R,401.0,R,0.0,R,401.0,R,201.0,R,50.0,R,110.0,R,0.0,R,110.0,R,49.0,R,45.0,R,20
229328,2011,R,26.0,R,289.0,R,9.0,R,36.0,R,0.0,R,36.0,R,16.0,R,44.0,R,111.0,R,0.0,R,111.0,R,35.0,R,32.0,R,11
229337,2011,A,,A,,A,,A,,A,,A,,A,,A,,A,,A,,A,,A,,A,,R,5
229355,2011,R,1865.0,R,3544.0,R,53.0,R,2232.0,R,3.0,R,2229.0,R,1090.0,R,49.0,R,594.0,R,0.0,R,594.0,R,222.0,R,37.0,R,23
229416,2011,A,,A,,A,,R,1320.0,Z,0.0,R,1320.0,R,848.0,R,64.0,A,,A,,A,,A,,A,,R,31
229425,2011,A,,A,,A,,R,106.0,R,0.0,R,106.0,R,95.0,R,90.0,R,159.0,R,0.0,R,159.0,R,132.0,R,83.0,R,19
229504,2011,R,282.0,R,1186.0,R,24.0,R,217.0,R,0.0,R,217.0,R,127.0,R,59.0,R,255.0,R,0.0,R,255.0,R,118.0,R,46.0,R,17
229522,2011,A,,A,,A,,R,19.0,R,0.0,R,19.0,R,16.0,R,84.0,R,33.0,R,0.0,R,33.0,R,18.0,R,55.0,R,11
229540,2011,R,601.0,R,1344.0,R,45.0,R,366.0,R,0.0,R,366.0,R,185.0,R,51.0,R,385.0,R,0.0,R,385.0,R,196.0,R,51.0,R,16
229638,2011,A,,A,,A,,R,0.0,R,0.0,R,0.0,R,0.0,A,,A,,A,,A,,A,,A,,R,18
229780,2011,R,354.0,R,951.0,R,37.0,R,242.0,R,0.0,R,242.0,R,122.0,R,50.0,R,5.0,R,0.0,R,5.0,R,3.0,R,60.0,R,11
229799,2011,R,900.0,R,1548.0,R,58.0,R,908.0,R,0.0,R,908.0,R,455.0,R,50.0,R,232.0,R,0.0,R,232.0,R,89.0,R,38.0,R,21
229814,2011,R,1203.0,R,2062.0,R,58.0,R,1227.0,R,0.0,R,1227.0,R,792.0,R,65.0,R,12.0,R,0.0,R,12.0,R,5.0,R,42.0,R,20
229832,2011,R,350.0,R,1074.0,R,33.0,R,354.0,R,0.0,R,354.0,R,179.0,R,51.0,R,647.0,R,0.0,R,647.0,R,152.0,R,23.0,R,27
229841,2011,R,1136.0,R,1997.0,R,57.0,R,1125.0,Z,0.0,R,1125.0,R,689.0,R,61.0,R,320.0,Z,0.0,R,320.0,R,148.0,R,46.0,R,20
229887,2011,R,287.0,R,456.0,R,63.0,R,330.0,R,0.0,R,330.0,R,178.0,R,54.0,R,10.0,R,0.0,R,10.0,R,4.0,R,40.0,R,17
229957,2011,A,,A,,A,,R,43.0,R,0.0,R,43.0,R,37.0,R,86.0,A,,A,,A,,A,,A,,R,7
230010,2011,A,,A,,A,,R,148.0,R,1.0,R,147.0,R,92.0,R,63.0,R,99.0,R,2.0,R,97.0,R,57.0,R,59.0,R,16
230038,2011,R,5552.0,R,6369.0,R,87.0,R,5176.0,R,1716.0,R,3460.0,R,2999.0,R,87.0,R,58.0,R,18.0,R,40.0,R,25.0,R,63.0,R,21
230047,2011,R,459.0,R,699.0,R,66.0,R,541.0,R,96.0,R,445.0,R,247.0,R,56.0,R,8.0,R,1.0,R,7.0,R,2.0,R,29.0,R,16
230056,2011,R,8.0,R,131.0,R,6.0,R,0.0,R,0.0,R,0.0,R,0.0,A,,R,5.0,R,0.0,R,5.0,R,0.0,R,0.0,R,11
230065,2011,A,,A,,A,,R,93.0,R,0.0,R,93.0,R,77.0,R,83.0,R,73.0,R,0.0,R,73.0,R,55.0,R,75.0,R,15
230092,2011,R,375.0,R,1667.0,R,22.0,R,562.0,R,0.0,R,562.0,R,302.0,R,54.0,R,124.0,R,0.0,R,124.0,R,46.0,R,37.0,R,19
230135,2011,A,,A,,A,,R,41.0,Z,0.0,R,41.0,R,39.0,R,95.0,A,,A,,A,,A,,A,,R,11
230144,2011,A,,A,,A,,R,39.0,R,1.0,R,38.0,R,34.0,R,89.0,A,,A,,A,,A,,A,,R,10
230162,2011,A,,A,,A,,R,230.0,R,12.0,R,218.0,R,94.0,R,43.0,R,563.0,R,11.0,R,552.0,R,262.0,R,47.0,R,13
230171,2011,R,1561.0,R,3230.0,R,48.0,R,516.0,R,54.0,R,462.0,R,265.0,R,57.0,R,108.0,R,4.0,R,104.0,R,40.0,R,38.0,R,23
230199,2011,A,,A,,A,,R,8.0,R,0.0,R,8.0,R,2.0,R,25.0,A,,A,,A,,A,,A,,R,10
230205,2011,A,,A,,A,,R,17.0,R,0.0,R,17.0,R,17.0,R,100.0,A,,A,,A,,A,,A,,R,20
230214,2011,A,,A,,A,,R,113.0,R,0.0,R,113.0,R,88.0,R,78.0,R,69.0,R,0.0,R,69.0,R,54.0,R,78.0,R,15
230223,2011,A,,A,,A,,R,12.0,R,0.0,R,12.0,R,6.0,R,50.0,R,11.0,R,0.0,R,11.0,R,3.0,R,27.0,R,7
230366,2011,R,54.0,R,128.0,R,42.0,R,1.0,R,0.0,R,1.0,R,1.0,R,100.0,R,2.0,R,0.0,R,2.0,R,1.0,R,50.0,R,12
230384,2011,R,32.0,R,54.0,R,59.0,R,0.0,R,0.0,R,0.0,R,0.0,A,,R,0.0,R,0.0,R,0.0,R,0.0,A,,R,24
230418,2011,R,403.0,R,751.0,R,54.0,R,332.0,R,0.0,R,332.0,R,161.0,R,48.0,R,79.0,R,0.0,R,79.0,R,31.0,R,39.0,R,27
230472,2011,A,,A,,A,,R,7.0,R,0.0,R,7.0,R,2.0,R,29.0,R,3.0,R,0.0,R,3.0,R,1.0,R,33.0,R,24
230490,2011,A,,A,,A,,R,137.0,R,2.0,R,135.0,R,76.0,R,56.0,R,218.0,R,0.0,R,218.0,R,105.0,R,48.0,R,19
230597,2011,R,1382.0,R,1811.0,R,76.0,R,1355.0,R,178.0,R,1177.0,R,665.0,R,56.0,R,78.0,R,6.0,R,72.0,R,17.0,R,24.0,R,20
230603,2011,R,1192.0,R,1819.0,R,66.0,R,1249.0,R,192.0,R,1057.0,R,697.0,R,66.0,R,35.0,R,2.0,R,33.0,R,21.0,R,64.0,R,20
230621,2011,A,,A,,A,,R,391.0,R,0.0,R,391.0,R,329.0,R,84.0,A,,A,,A,,A,,A,,R,14
230630,2011,A,,A,,A,,R,51.0,R,7.0,R,44.0,R,20.0,R,45.0,A,,A,,A,,A,,A,,R,13
230676,2011,A,,A,,A,,R,302.0,R,0.0,R,302.0,R,209.0,R,69.0,R,263.0,R,0.0,R,263.0,R,104.0,R,40.0,R,11
230728,2011,R,3081.0,R,5320.0,R,58.0,R,3069.0,R,607.0,R,2462.0,R,1765.0,R,72.0,R,391.0,R,50.0,R,341.0,R,179.0,R,52.0,R,23
230737,2011,R,3261.0,R,6472.0,R,50.0,R,1583.0,R,156.0,R,1427.0,R,889.0,R,62.0,R,780.0,R,50.0,R,730.0,R,339.0,R,46.0,R,25
230746,2011,R,1561.0,R,4880.0,R,32.0,R,2218.0,R,1.0,R,2217.0,R,1262.0,R,57.0,R,2078.0,R,1.0,R,2077.0,R,865.0,R,42.0,R,24
230764,2011,R,2872.0,R,5942.0,R,48.0,R,2769.0,R,408.0,R,2361.0,R,2051.0,R,87.0,R,341.0,R,48.0,R,293.0,R,194.0,R,66.0,R,14
230782,2011,R,1896.0,R,6059.0,R,31.0,R,1624.0,R,340.0,R,1284.0,R,910.0,R,71.0,R,414.0,R,65.0,R,349.0,R,157.0,R,45.0,R,21
230807,2011,R,509.0,R,854.0,R,60.0,R,537.0,R,9.0,R,528.0,R,421.0,R,80.0,R,2.0,R,0.0,R,2.0,R,0.0,R,0.0,R,10
230816,2011,R,212.0,R,226.0,R,94.0,R,168.0,R,0.0,R,168.0,R,143.0,R,85.0,A,,A,,A,,A,,A,,R,9
230825,2011,R,36.0,R,69.0,R,52.0,R,25.0,R,0.0,R,25.0,R,10.0,R,40.0,R,2.0,R,0.0,R,2.0,R,2.0,R,100.0,R,6
230834,2011,R,445.0,R,637.0,R,70.0,R,498.0,R,0.0,R,498.0,R,344.0,R,69.0,R,2.0,R,0.0,R,2.0,R,0.0,R,0.0,R,13
230852,2011,R,488.0,R,671.0,R,73.0,R,658.0,R,0.0,R,658.0,R,502.0,R,76.0,A,,A,,A,,A,,A,,R,14
230861,2011,R,281.0,R,2228.0,R,13.0,R,341.0,R,0.0,R,341.0,R,153.0,R,45.0,R,775.0,R,0.0,R,775.0,R,308.0,R,40.0,R,12
230889,2011,R,8.0,R,85.0,R,9.0,R,7.0,R,0.0,R,7.0,R,5.0,R,71.0,A,,A,,A,,A,,A,,R,8
230898,2011,R,140.0,R,198.0,R,71.0,R,174.0,R,0.0,R,174.0,R,110.0,R,63.0,A,,A,,A,,A,,A,,R,14
230913,2011,R,272.0,R,445.0,R,61.0,R,253.0,R,0.0,R,253.0,R,163.0,R,64.0,R,2.0,R,0.0,R,2.0,R,2.0,R,100.0,R,13
230931,2011,R,378.0,R,473.0,R,80.0,R,327.0,R,0.0,R,327.0,R,200.0,R,61.0,R,9.0,R,0.0,R,9.0,R,6.0,R,67.0,R,14
230940,2011,R,62.0,R,85.0,R,73.0,R,53.0,R,0.0,R,53.0,R,34.0,R,64.0,A,,A,,A,,A,,A,,R,6
230959,2011,R,602.0,R,640.0,R,94.0,R,577.0,R,0.0,R,577.0,R,548.0,R,95.0,A,,A,,A,,A,,A,,R,9
230977,2011,A,,A,,A,,R,15.0,R,0.0,R,15.0,R,14.0,R,93.0,R,0.0,R,0.0,R,0.0,R,0.0,A,,R,13
230995,2011,R,604.0,R,728.0,R,83.0,R,712.0,R,0.0,R,712.0,R,551.0,R,77.0,R,0.0,R,0.0,R,0.0,R,0.0,A,,R,14
231004,2011,A,,A,,A,,R,32.0,R,0.0,R,32.0,R,26.0,R,81.0,A,,A,,A,,A,,A,,R,8
231059,2011,R,542.0,R,606.0,R,89.0,R,548.0,R,1.0,R,547.0,R,477.0,R,87.0,R,0.0,R,0.0,R,0.0,R,0.0,A,,R,12
231077,2011,R,41.0,R,98.0,R,42.0,R,49.0,R,0.0,R,49.0,R,26.0,R,53.0,R,2.0,R,0.0,R,2.0,R,2.0,R,100.0,R,10
231086,2011,R,151.0,R,224.0,R,67.0,R,107.0,R,0.0,R,107.0,R,56.0,R,52.0,R,0.0,R,0.0,R,0.0,R,0.0,A,,R,13
231095,2011,R,20.0,R,39.0,R,51.0,R,16.0,R,0.0,R,16.0,R,12.0,R,75.0,R,0.0,R,0.0,R,0.0,R,0.0,A,,R,8
231165,2011,R,246.0,R,626.0,R,39.0,R,266.0,R,0.0,R,266.0,R,179.0,R,67.0,R,8.0,R,0.0,R,8.0,R,3.0,R,38.0,R,11
231174,2011,R,2412.0,R,3030.0,R,80.0,R,2458.0,R,1.0,R,2457.0,R,2098.0,R,85.0,R,14.0,R,0.0,R,14.0,R,6.0,R,43.0,R,17
231280,2011,A,,A,,A,,R,67.0,R,0.0,R,67.0,R,60.0,R,90.0,R,23.0,R,0.0,R,23.0,R,15.0,R,65.0,R,17
231411,2011,R,153.0,R,171.0,R,89.0,R,230.0,R,0.0,R,230.0,R,173.0,R,75.0,A,,A,,A,,A,,A,,R,18
231420,2011,R,252.0,R,343.0,R,73.0,R,264.0,R,0.0,R,264.0,R,153.0,R,58.0,R,0.0,R,0.0,R,0.0,R,0.0,A,,R,10
231536,2011,R,550.0,R,1306.0,R,42.0,R,564.0,R,0.0,R,564.0,R,344.0,R,61.0,R,311.0,R,0.0,R,311.0,R,130.0,R,42.0,R,23
231554,2011,R,153.0,R,355.0,R,43.0,R,112.0,R,0.0,R,112.0,R,63.0,R,56.0,A,,A,,A,,A,,A,,R,10
231581,2011,R,471.0,R,512.0,R,92.0,R,552.0,R,0.0,R,552.0,R,420.0,R,76.0,A,,A,,A,,A,,A,,R,14
231624,2011,R,1485.0,R,1714.0,R,87.0,R,1397.0,R,3.0,R,1394.0,R,1329.0,R,95.0,R,1.0,R,0.0,R,1.0,R,1.0,R,100.0,R,12
231651,2011,R,188.0,R,656.0,R,29.0,R,109.0,R,0.0,R,109.0,R,83.0,R,76.0,R,45.0,R,0.0,R,45.0,R,24.0,R,53.0,R,23
231688,2011,A,,A,,A,,R,6.0,R,0.0,R,6.0,R,2.0,R,33.0,R,15.0,R,0.0,R,15.0,R,13.0,R,87.0,R,9
231697,2011,R,454.0,R,1237.0,R,37.0,R,558.0,R,0.0,R,558.0,R,299.0,R,54.0,R,377.0,R,0.0,R,377.0,R,148.0,R,39.0,R,19
231712,2011,R,1243.0,R,1413.0,R,88.0,R,1150.0,R,0.0,R,1150.0,R,970.0,R,84.0,R,0.0,R,0.0,R,0.0,R,0.0,A,,R,17
231721,2011,A,,A,,A,,R,18.0,R,0.0,R,18.0,R,10.0,R,56.0,R,7.0,R,0.0,R,7.0,R,6.0,R,86.0,R,16
231785,2011,R,91.0,R,253.0,R,36.0,R,0.0,R,0.0,R,0.0,R,0.0,A,,R,0.0,R,0.0,R,0.0,R,0.0,A,,R,14
231828,2011,R,85.0,R,275.0,R,31.0,R,2.0,R,0.0,R,2.0,R,1.0,R,50.0,R,1.0,R,0.0,R,1.0,R,1.0,R,100.0,R,15
231837,2011,R,70.0,R,282.0,R,25.0,R,55.0,R,0.0,R,55.0,R,37.0,R,67.0,R,3.0,R,0.0,R,3.0,R,2.0,R,67.0,R,10
231873,2011,R,165.0,R,286.0,R,58.0,R,173.0,R,0.0,R,173.0,R,103.0,R,60.0,R,66.0,R,0.0,R,66.0,R,20.0,R,30.0,R,16
231882,2011,R,416.0,R,867.0,R,48.0,R,458.0,R,0.0,R,458.0,R,279.0,R,61.0,R,169.0,R,0.0,R,169.0,R,84.0,R,50.0,R,19
232016,2011,R,195.0,R,352.0,R,55.0,R,29.0,R,0.0,R,29.0,R,29.0,R,100.0,R,0.0,R,0.0,R,0.0,R,0.0,A,,R,24
232025,2011,R,277.0,R,337.0,R,82.0,R,248.0,R,0.0,R,248.0,R,180.0,R,73.0,A,,A,,A,,A,,A,,R,10
232043,2011,R,234.0,R,283.0,R,83.0,R,206.0,R,0.0,R,206.0,R,160.0,R,78.0,R,0.0,R,0.0,R,0.0,R,0.0,A,,R,10
232052,2011,R,112.0,R,244.0,R,46.0,R,110.0,R,0.0,R,110.0,R,62.0,R,56.0,R,81.0,R,0.0,R,81.0,R,35.0,R,43.0,R,14
232089,2011,R,578.0,R,648.0,R,89.0,R,565.0,R,0.0,R,565.0,R,311.0,R,55.0,R,0.0,R,0.0,R,0.0,R,0.0,A,,R,18
232186,2011,R,2645.0,R,5568.0,R,48.0,R,2579.0,R,1.0,R,2578.0,R,2250.0,R,87.0,R,24.0,R,0.0,R,24.0,R,12.0,R,50.0,R,16
232195,2011,R,762.0,R,1952.0,R,39.0,R,758.0,R,0.0,R,758.0,R,476.0,R,63.0,R,511.0,R,0.0,R,511.0,R,209.0,R,41.0,R,23
232256,2011,R,320.0,R,343.0,R,93.0,R,315.0,R,4.0,R,311.0,R,251.0,R,81.0,A,,A,,A,,A,,A,,R,10
232265,2011,R,938.0,R,1127.0,R,83.0,R,993.0,R,0.0,R,993.0,R,670.0,R,67.0,R,5.0,R,0.0,R,5.0,R,4.0,R,80.0,R,10
232308,2011,R,182.0,R,241.0,R,76.0,R,185.0,R,0.0,R,185.0,R,124.0,R,67.0,A,,A,,A,,A,,A,,R,9
232414,2011,R,991.0,R,3302.0,R,30.0,R,935.0,R,0.0,R,935.0,R,551.0,R,59.0,R,918.0,R,0.0,R,918.0,R,387.0,R,42.0,R,24
232423,2011,R,4026.0,R,4804.0,R,84.0,R,4000.0,R,0.0,R,4000.0,R,3652.0,R,91.0,R,1.0,R,0.0,R,1.0,R,1.0,R,100.0,R,16
232450,2011,R,877.0,R,2147.0,R,41.0,R,860.0,R,0.0,R,860.0,R,511.0,R,59.0,R,489.0,R,0.0,R,489.0,R,220.0,R,45.0,R,23
232502,2011,A,,A,,A,,R,174.0,R,2.0,R,172.0,R,99.0,R,58.0,R,10.0,R,0.0,R,10.0,R,3.0,R,30.0,R,24
232557,2011,R,3620.0,R,10921.0,R,33.0,R,3420.0,Z,0.0,R,3420.0,R,2482.0,R,73.0,R,1154.0,R,3.0,R,1151.0,R,419.0,R,36.0,R,19
232566,2011,R,1055.0,R,1257.0,R,84.0,R,975.0,R,8.0,R,967.0,R,761.0,R,79.0,R,31.0,R,3.0,R,28.0,R,11.0,R,39.0,R,18
232575,2011,R,580.0,R,1634.0,R,35.0,R,614.0,R,0.0,R,614.0,R,402.0,R,65.0,R,523.0,R,0.0,R,523.0,R,228.0,R,44.0,R,19
232593,2011,A,,A,,A,,R,1.0,R,0.0,R,1.0,R,0.0,R,0.0,A,,A,,A,,A,,A,,R,4
232609,2011,R,609.0,R,787.0,R,77.0,R,571.0,R,0.0,R,571.0,R,417.0,R,73.0,A,,A,,A,,A,,A,,R,12
232618,2011,A,,A,,A,,R,6.0,R,0.0,R,6.0,R,4.0,R,67.0,A,,A,,A,,A,,A,,R,9
232672,2011,R,281.0,R,452.0,R,62.0,R,271.0,R,3.0,R,268.0,R,174.0,R,65.0,R,0.0,R,0.0,R,0.0,R,0.0,A,,R,11
232681,2011,R,954.0,R,1302.0,R,73.0,R,950.0,R,0.0,R,950.0,R,807.0,R,85.0,R,10.0,R,0.0,R,10.0,R,10.0,R,100.0,R,15
232706,2011,R,402.0,R,762.0,R,53.0,R,415.0,R,0.0,R,415.0,R,290.0,R,70.0,R,5.0,R,0.0,R,5.0,R,4.0,R,80.0,R,14
232724,2011,A,,A,,A,,A,,A,,A,,A,,A,,A,,A,,A,,A,,A,,R,11
232788,2011,R,504.0,R,720.0,R,70.0,R,526.0,R,0.0,R,526.0,R,302.0,R,57.0,R,155.0,R,0.0,R,155.0,R,51.0,R,33.0,R,22
232797,2011,R,173.0,R,644.0,R,27.0,R,1.0,R,0.0,R,1.0,R,0.0,R,0.0,R,0.0,R,0.0,R,0.0,R,0.0,A,,R,9
232867,2011,R,417.0,R,1120.0,R,37.0,R,464.0,R,0.0,R,464.0,R,277.0,R,60.0,R,185.0,R,0.0,R,185.0,R,72.0,R,39.0,R,26
232885,2011,A,,A,,A,,A,,A,,A,,A,,A,,A,,A,,A,,A,,A,,R,11
232919,2011,A,,A,,A,,R,73.0,R,0.0,R,73.0,R,58.0,R,79.0,R,0.0,Z,0.0,R,0.0,Z,0.0,A,,R,14
232937,2011,R,898.0,R,1454.0,R,62.0,R,904.0,R,0.0,R,904.0,R,662.0,R,73.0,R,38.0,R,1.0,R,37.0,R,15.0,R,41.0,R,19
232946,2011,R,4848.0,R,11264.0,R,43.0,R,4577.0,R,0.0,R,4577.0,R,3141.0,R,69.0,R,2667.0,R,0.0,R,2667.0,R,1268.0,R,48.0,R,24
232982,2011,R,2698.0,R,5234.0,R,52.0,R,2611.0,R,5.0,R,2606.0,R,2080.0,R,80.0,R,52.0,R,0.0,R,52.0,R,32.0,R,62.0,R,21
233019,2011,R,414.0,R,750.0,R,55.0,R,375.0,R,0.0,R,375.0,R,211.0,R,56.0,R,130.0,R,0.0,R,130.0,R,56.0,R,43.0,R,23
233037,2011,R,140.0,R,360.0,R,39.0,R,149.0,R,0.0,R,149.0,R,78.0,R,52.0,R,77.0,R,0.0,R,77.0,R,31.0,R,40.0,R,17
233082,2011,A,,A,,A,,A,,A,,A,,A,,A,,A,,A,,A,,A,,A,,R,6
233091,2011,R,64.0,R,167.0,R,38.0,R,34.0,Z,0.0,R,34.0,R,21.0,R,62.0,R,14.0,Z,0.0,R,14.0,R,4.0,R,29.0,R,17
233116,2011,R,283.0,R,1054.0,R,27.0,R,318.0,R,0.0,R,318.0,R,204.0,R,64.0,R,402.0,R,0.0,R,402.0,R,180.0,R,45.0,R,18
233277,2011,R,2035.0,R,2868.0,R,71.0,R,1837.0,R,0.0,R,1837.0,R,1398.0,R,76.0,A,,A,,A,,A,,A,,R,19
233286,2011,A,,A,,A,,R,42.0,Z,0.0,R,42.0,R,31.0,R,74.0,A,,A,,A,,A,,A,,R,14
233295,2011,R,410.0,R,452.0,R,91.0,R,343.0,R,0.0,R,343.0,R,273.0,R,80.0,A,,A,,A,,A,,A,,R,11
233301,2011,R,177.0,R,221.0,R,80.0,R,163.0,R,0.0,R,163.0,R,123.0,R,75.0,A,,A,,A,,A,,A,,R,8
233310,2011,R,264.0,R,595.0,R,44.0,R,299.0,R,0.0,R,299.0,R,178.0,R,60.0,R,211.0,R,0.0,R,211.0,R,66.0,R,31.0,R,22
233329,2011,A,,A,,A,,R,89.0,R,0.0,R,89.0,R,69.0,R,78.0,A,,A,,A,,A,,A,,R,15
233338,2011,R,490.0,R,837.0,R,59.0,R,487.0,R,0.0,R,487.0,R,277.0,R,57.0,R,22.0,R,0.0,R,22.0,R,6.0,R,27.0,R,27
233356,2011,R,2.0,R,2.0,R,100.0,R,2.0,R,0.0,R,2.0,R,2.0,R,100.0,A,,A,,A,,A,,A,,R,8
233374,2011,R,781.0,R,1083.0,R,72.0,R,817.0,R,0.0,R,817.0,R,770.0,R,94.0,R,3.0,R,0.0,R,3.0,R,1.0,R,33.0,R,7
233408,2011,A,,A,,A,,R,16.0,R,0.0,R,16.0,R,16.0,R,100.0,R,0.0,R,0.0,R,0.0,R,0.0,A,,R,9
233426,2011,R,533.0,R,634.0,R,84.0,R,565.0,R,1.0,R,564.0,R,435.0,R,77.0,R,0.0,R,0.0,R,0.0,R,0.0,A,,R,11
233480,2011,A,,A,,A,,A,,A,,A,,A,,A,,A,,A,,A,,A,,A,,R,7
233499,2011,R,123.0,R,163.0,R,75.0,R,156.0,R,0.0,R,156.0,R,55.0,R,35.0,A,,A,,A,,A,,A,,R,18
233541,2011,R,343.0,R,958.0,R,36.0,R,408.0,R,0.0,R,408.0,R,309.0,R,76.0,R,0.0,R,0.0,R,0.0,R,0.0,A,,R,10
233611,2011,R,277.0,R,367.0,R,75.0,R,263.0,R,59.0,R,204.0,R,112.0,R,55.0,R,0.0,R,0.0,R,0.0,R,0.0,A,,R,16
233639,2011,R,507.0,R,1157.0,R,44.0,R,450.0,R,0.0,R,450.0,R,286.0,R,64.0,R,291.0,R,0.0,R,291.0,R,114.0,R,39.0,R,21
233648,2011,R,433.0,R,672.0,R,64.0,R,412.0,R,0.0,R,412.0,R,233.0,R,57.0,R,139.0,R,0.0,R,139.0,R,24.0,R,17.0,R,17
233657,2011,A,,A,,A,,R,43.0,R,0.0,R,43.0,R,36.0,R,84.0,R,9.0,R,0.0,R,9.0,R,8.0,R,89.0,R,15
233666,2011,A,,A,,A,,R,18.0,R,0.0,R,18.0,R,16.0,R,89.0,R,9.0,R,0.0,R,9.0,R,7.0,R,78.0,R,14
233684,2011,R,51.0,R,1556.0,R,3.0,R,48.0,R,0.0,R,48.0,R,25.0,R,52.0,R,510.0,R,0.0,R,510.0,R,180.0,R,35.0,R,32
233718,2011,R,194.0,R,335.0,R,58.0,R,180.0,R,0.0,R,180.0,R,140.0,R,78.0,A,,A,,A,,A,,A,,R,8
233754,2011,R,877.0,R,2588.0,R,34.0,R,934.0,R,0.0,R,934.0,R,550.0,R,59.0,R,841.0,R,0.0,R,841.0,R,326.0,R,39.0,R,23
233772,2011,R,3611.0,R,8331.0,R,43.0,R,3321.0,R,0.0,R,3321.0,R,2046.0,R,62.0,R,2106.0,R,0.0,R,2106.0,R,911.0,R,43.0,R,26
233897,2011,R,356.0,R,689.0,R,52.0,R,399.0,Z,0.0,R,399.0,R,249.0,R,62.0,R,8.0,Z,0.0,R,8.0,R,2.0,R,25.0,R,15
233903,2011,R,344.0,R,584.0,R,59.0,R,396.0,R,0.0,R,396.0,R,237.0,R,60.0,R,82.0,R,0.0,R,82.0,R,25.0,R,30.0,R,17
233912,2011,R,109.0,R,181.0,R,60.0,R,132.0,Z,0.0,R,132.0,R,78.0,R,59.0,R,0.0,Z,0.0,R,0.0,R,0.0,A,,R,7
233921,2011,R,5216.0,R,6255.0,R,83.0,R,5136.0,R,3.0,R,5133.0,R,4673.0,R,91.0,R,6.0,R,0.0,R,6.0,R,3.0,R,50.0,R,16
233949,2011,R,782.0,R,1579.0,R,50.0,R,891.0,R,0.0,R,891.0,R,551.0,R,62.0,R,400.0,R,0.0,R,400.0,R,159.0,R,40.0,R,21
234030,2011,R,3715.0,R,5902.0,R,63.0,R,3533.0,R,1.0,R,3532.0,R,3026.0,R,86.0,R,21.0,R,0.0,R,21.0,R,15.0,R,71.0,R,19
234076,2011,R,3433.0,R,4973.0,R,69.0,R,3241.0,R,1.0,R,3240.0,R,3149.0,R,97.0,R,2.0,R,0.0,R,2.0,R,2.0,R,100.0,R,16
234085,2011,R,449.0,R,476.0,R,94.0,R,441.0,R,0.0,R,441.0,R,383.0,R,87.0,A,,A,,A,,A,,A,,R,11
234119,2011,A,,A,,A,,R,33.0,R,0.0,R,33.0,R,24.0,R,73.0,R,11.0,R,0.0,R,11.0,R,8.0,R,73.0,R,20
234137,2011,R,165.0,R,252.0,R,65.0,R,19.0,R,0.0,R,19.0,R,18.0,R,95.0,R,31.0,R,0.0,R,31.0,R,27.0,R,87.0,R,9
234155,2011,R,1232.0,R,1643.0,R,75.0,R,1250.0,R,0.0,R,1250.0,R,885.0,R,71.0,R,10.0,R,0.0,R,10.0,R,9.0,R,90.0,R,16
234164,2011,R,416.0,R,508.0,R,82.0,R,460.0,R,0.0,R,460.0,R,255.0,R,55.0,R,4.0,R,0.0,R,4.0,R,1.0,R,25.0,R,15
234173,2011,R,439.0,R,555.0,R,79.0,R,295.0,R,0.0,R,295.0,R,190.0,R,64.0,A,,A,,A,,A,,A,,R,12
234191,2011,A,,A,,A,,R,59.0,R,0.0,R,59.0,R,39.0,R,66.0,A,,A,,A,,A,,A,,R,10
234207,2011,R,493.0,R,497.0,R,99.0,R,471.0,R,0.0,R,471.0,R,438.0,R,93.0,R,0.0,R,0.0,R,0.0,R,0.0,A,,R,7
234216,2011,R,50.0,R,85.0,R,59.0,R,5.0,R,0.0,R,5.0,R,2.0,R,40.0,R,1.0,R,0.0,R,1.0,R,0.0,R,0.0,R,7
234225,2011,A,,A,,A,,R,50.0,R,0.0,R,50.0,R,47.0,R,94.0,A,,A,,A,,A,,A,,R,14
234359,2011,A,,A,,A,,R,38.0,R,0.0,R,38.0,R,31.0,R,82.0,A,,A,,A,,A,,A,,R,6
234377,2011,R,411.0,R,733.0,R,56.0,R,462.0,R,0.0,R,462.0,R,257.0,R,56.0,R,139.0,R,0.0,R,139.0,R,63.0,R,45.0,R,23
234401,2011,A,,A,,A,,R,17.0,R,0.0,R,17.0,R,16.0,R,94.0,R,6.0,R,0.0,R,6.0,R,5.0,R,83.0,R,13
234492,2011,R,191.0,R,623.0,R,31.0,R,218.0,R,0.0,R,218.0,R,123.0,R,56.0,R,31.0,R,1.0,R,30.0,R,15.0,R,50.0,R,17
234526,2011,N,49.0,N,58.0,N,84.0,A,,A,,A,,A,,A,,A,,A,,A,,A,,A,,N,15
234650,2011,A,,A,,A,,R,9.0,R,0.0,R,9.0,R,8.0,R,89.0,A,,A,,A,,A,,A,,R,15
234669,2011,R,481.0,R,7176.0,R,7.0,R,0.0,Z,0.0,R,0.0,R,0.0,A,,R,0.0,Z,0.0,R,0.0,R,0.0,A,,R,20
234687,2011,A,,A,,A,,R,13.0,Z,0.0,R,13.0,R,6.0,R,46.0,A,,A,,A,,A,,A,,R,12
234696,2011,R,40.0,R,1362.0,R,3.0,R,52.0,Z,0.0,R,52.0,R,33.0,R,63.0,R,33.0,Z,0.0,R,33.0,R,14.0,R,42.0,R,24
234711,2011,R,200.0,R,774.0,R,26.0,R,293.0,Z,0.0,R,293.0,R,179.0,R,61.0,R,36.0,Z,0.0,R,36.0,R,15.0,R,42.0,R,18
234739,2011,A,,A,,A,,R,149.0,R,0.0,R,149.0,R,108.0,R,72.0,A,,A,,A,,A,,A,,R,30
234784,2011,A,,A,,A,,R,225.0,R,2.0,R,223.0,R,149.0,R,67.0,A,,A,,A,,A,,A,,R,30
234827,2011,R,1364.0,R,3198.0,R,43.0,R,1666.0,R,3.0,R,1663.0,R,1295.0,R,78.0,R,11.0,R,0.0,R,11.0,R,6.0,R,55.0,R,21
234845,2011,R,295.0,R,1221.0,R,24.0,R,313.0,Z,0.0,R,313.0,R,166.0,R,53.0,R,25.0,Z,0.0,R,25.0,R,12.0,R,48.0,R,19
234915,2011,R,8.0,R,262.0,R,3.0,R,23.0,R,0.0,R,23.0,R,19.0,R,83.0,R,17.0,Z,0.0,R,17.0,R,2.0,R,12.0,R,8
234924,2011,A,,A,,A,,R,24.0,Z,0.0,R,24.0,R,17.0,R,71.0,A,,A,,A,,A,,A,,R,12
234933,2011,R,965.0,R,5307.0,R,18.0,R,632.0,Z,0.0,R,632.0,R,377.0,R,60.0,R,244.0,Z,0.0,R,244.0,R,119.0,R,49.0,R,18
234951,2011,R,231.0,R,2373.0,R,10.0,R,170.0,Z,0.0,R,170.0,R,99.0,R,58.0,R,18.0,Z,0.0,R,18.0,R,8.0,R,44.0,R,27
234979,2011,R,627.0,R,3411.0,R,18.0,R,639.0,Z,0.0,R,639.0,R,399.0,R,62.0,R,245.0,Z,0.0,R,245.0,R,111.0,R,45.0,R,21
235024,2011,R,213.0,R,318.0,R,67.0,R,211.0,R,1.0,R,210.0,R,136.0,R,65.0,R,1.0,R,0.0,R,1.0,R,0.0,R,0.0,R,8
235088,2011,A,,A,,A,,R,90.0,R,0.0,R,90.0,R,88.0,R,98.0,A,,A,,A,,A,,A,,R,15
235097,2011,R,1487.0,R,2921.0,R,51.0,R,1524.0,R,0.0,R,1524.0,R,1137.0,R,75.0,R,21.0,R,0.0,R,21.0,R,11.0,R,52.0,R,22
235103,2011,R,458.0,R,4542.0,R,10.0,R,579.0,Z,0.0,R,579.0,R,348.0,R,60.0,R,153.0,Z,0.0,R,153.0,R,64.0,R,42.0,R,17
235149,2011,R,463.0,R,2914.0,R,16.0,R,436.0,Z,0.0,R,436.0,R,263.0,R,60.0,R,215.0,Z,0.0,R,215.0,R,99.0,R,46.0,R,17
235158,2011,A,,A,,A,,R,43.0,Z,0.0,R,43.0,R,36.0,R,84.0,A,,A,,A,,A,,A,,R,12
235167,2011,R,537.0,R,1499.0,R,36.0,R,612.0,R,0.0,R,612.0,R,437.0,R,71.0,R,12.0,R,0.0,R,12.0,R,4.0,R,33.0,R,23
235237,2011,R,320.0,R,3351.0,R,10.0,R,360.0,Z,0.0,R,360.0,R,179.0,R,50.0,R,212.0,Z,0.0,R,212.0,R,68.0,R,32.0,R,21
235307,2011,A,,A,,A,,R,120.0,R,0.0,R,120.0,R,43.0,R,36.0,A,,A,,A,,A,,A,,R,15
235316,2011,R,1129.0,R,1331.0,R,85.0,R,1119.0,R,0.0,R,1119.0,R,1017.0,R,91.0,R,0.0,R,0.0,R,0.0,R,0.0,A,,R,11
235334,2011,R,194.0,R,763.0,R,25.0,R,182.0,Z,0.0,R,182.0,R,120.0,R,66.0,R,19.0,Z,0.0,R,19.0,R,10.0,R,53.0,R,20
235343,2011,R,625.0,R,3069.0,R,20.0,R,694.0,Z,0.0,R,694.0,R,443.0,R,64.0,R,242.0,Z,0.0,R,242.0,R,95.0,R,39.0,R,15
235352,2011,A,,A,,A,,R,34.0,R,0.0,R,34.0,R,28.0,R,82.0,A,,A,,A,,A,,A,,R,20
235422,2011,R,111.0,R,279.0,R,40.0,R,101.0,R,0.0,R,101.0,R,48.0,R,48.0,R,11.0,R,0.0,R,11.0,R,4.0,R,36.0,R,9
235431,2011,R,442.0,R,2784.0,R,16.0,R,434.0,Z,0.0,R,434.0,R,252.0,R,58.0,R,162.0,Z,0.0,R,162.0,R,73.0,R,45.0,R,18
235495,2011,A,,A,,A,,R,64.0,R,0.0,R,64.0,R,56.0,R,88.0,R,0.0,Z,0.0,R,0.0,Z,0.0,A,,R,16
235501,2011,A,,A,,A,,R,273.0,R,0.0,R,273.0,R,248.0,R,91.0,A,,A,,A,,A,,A,,R,24
235510,2011,R,46.0,R,65.0,R,71.0,R,0.0,R,0.0,R,0.0,R,0.0,A,,R,0.0,R,0.0,R,0.0,R,0.0,A,,R,18
235529,2011,R,31.0,R,35.0,R,89.0,R,0.0,R,0.0,R,0.0,R,0.0,A,,R,0.0,R,0.0,R,0.0,R,0.0,A,,R,13
235547,2011,A,,A,,A,,A,,A,,A,,A,,A,,A,,A,,A,,A,,A,,R,9
235583,2011,A,,A,,A,,R,35.0,R,0.0,R,35.0,R,34.0,R,97.0,A,,A,,A,,A,,A,,R,19
235671,2011,R,179.0,R,2625.0,R,7.0,R,118.0,Z,0.0,R,118.0,R,88.0,R,75.0,R,14.0,Z,0.0,R,14.0,R,6.0,R,43.0,R,20
235699,2011,R,148.0,R,2553.0,R,6.0,R,170.0,Z,0.0,R,170.0,R,98.0,R,58.0,R,63.0,Z,0.0,R,63.0,R,31.0,R,49.0,R,16
235750,2011,R,235.0,R,1227.0,R,19.0,R,327.0,Z,0.0,R,327.0,R,188.0,R,57.0,R,61.0,Z,0.0,R,61.0,R,19.0,R,31.0,R,17
235769,2011,R,26.0,R,107.0,R,24.0,R,21.0,R,0.0,R,21.0,R,17.0,R,81.0,R,1.0,R,0.0,R,1.0,R,0.0,R,0.0,R,8
235954,2011,A,,A,,A,,R,7.0,R,0.0,R,7.0,R,6.0,R,86.0,A,,A,,A,,A,,A,,R,11
236018,2011,A,,A,,A,,R,23.0,Z,0.0,R,23.0,R,14.0,R,61.0,A,,A,,A,,A,,A,,R,15
236027,2011,A,,A,,A,,R,63.0,R,0.0,R,63.0,R,62.0,R,98.0,A,,A,,A,,A,,A,,R,14
236072,2011,R,120.0,R,4265.0,R,3.0,R,137.0,Z,0.0,R,137.0,R,74.0,R,54.0,R,70.0,Z,0.0,R,70.0,R,19.0,R,27.0,R,19
236133,2011,R,175.0,R,458.0,R,38.0,R,172.0,R,0.0,R,172.0,R,134.0,R,78.0,R,6.0,R,0.0,R,6.0,R,3.0,R,50.0,R,13
236188,2011,R,479.0,R,3137.0,R,15.0,R,0.0,R,0.0,R,0.0,R,0.0,A,,R,0.0,R,0.0,R,0.0,R,0.0,A,,R,21
236212,2011,A,,A,,A,,R,83.0,R,0.0,R,83.0,R,70.0,R,84.0,A,,A,,A,,A,,A,,R,18
236230,2011,R,731.0,R,977.0,R,75.0,R,687.0,R,0.0,R,687.0,R,562.0,R,82.0,R,2.0,R,0.0,R,2.0,R,2.0,R,100.0,R,14
236258,2011,R,150.0,R,883.0,R,17.0,R,149.0,Z,0.0,R,149.0,R,71.0,R,48.0,R,27.0,Z,0.0,R,27.0,R,13.0,R,48.0,R,17
236328,2011,R,686.0,R,742.0,R,92.0,R,625.0,R,0.0,R,625.0,R,550.0,R,88.0,A,,A,,A,,A,,A,,R,12
236382,2011,R,150.0,R,1798.0,R,8.0,R,158.0,Z,0.0,R,158.0,R,114.0,R,72.0,R,46.0,Z,0.0,R,46.0,R,20.0,R,43.0,R,18
236452,2011,R,233.0,R,464.0,R,50.0,R,235.0,R,0.0,R,235.0,R,177.0,R,75.0,R,1.0,R,0.0,R,1.0,R,0.0,R,0.0,R,13
236504,2011,R,208.0,R,3045.0,R,7.0,R,1.0,R,0.0,R,1.0,R,1.0,R,100.0,R,0.0,R,0.0,R,0.0,R,0.0,A,,R,18
236513,2011,R,234.0,R,3723.0,R,6.0,R,0.0,R,0.0,R,0.0,R,0.0,A,,R,0.0,R,0.0,R,0.0,R,0.0,A,,R,18
236531,2011,A,,A,,A,,R,90.0,R,0.0,R,90.0,R,71.0,R,79.0,A,,A,,A,,A,,A,,R,30
236577,2011,R,760.0,R,993.0,R,77.0,R,725.0,R,0.0,R,725.0,R,618.0,R,85.0,R,1.0,R,0.0,R,1.0,R,1.0,R,100.0,R,14
236595,2011,R,870.0,R,1343.0,R,65.0,R,1038.0,R,0.0,R,1038.0,R,896.0,R,86.0,R,5.0,R,0.0,R,5.0,R,3.0,R,60.0,R,13
236610,2011,R,257.0,R,2695.0,R,10.0,R,280.0,Z,0.0,R,280.0,R,179.0,R,64.0,R,70.0,Z,0.0,R,70.0,R,32.0,R,46.0,R,18
236638,2011,R,396.0,R,2186.0,R,18.0,R,393.0,Z,0.0,R,393.0,R,201.0,R,51.0,R,128.0,Z,0.0,R,128.0,R,52.0,R,41.0,R,18
236656,2011,R,362.0,R,2278.0,R,16.0,R,459.0,Z,0.0,R,459.0,R,259.0,R,56.0,R,149.0,Z,0.0,R,149.0,R,69.0,R,46.0,R,19
236692,2011,R,646.0,R,3228.0,R,20.0,R,681.0,Z,0.0,R,681.0,R,370.0,R,54.0,R,102.0,Z,0.0,R,102.0,R,42.0,R,41.0,R,19
236708,2011,R,830.0,R,3784.0,R,22.0,R,899.0,Z,0.0,R,899.0,R,476.0,R,53.0,R,170.0,Z,0.0,R,170.0,R,62.0,R,36.0,R,17
236744,2011,A,,A,,A,,R,17.0,R,0.0,R,17.0,R,12.0,R,71.0,A,,A,,A,,A,,A,,R,16
236753,2011,R,418.0,R,2931.0,R,14.0,R,455.0,Z,0.0,R,455.0,R,282.0,R,62.0,R,168.0,Z,0.0,R,168.0,R,83.0,R,49.0,R,19
236887,2011,R,324.0,R,2014.0,R,16.0,R,331.0,Z,0.0,R,331.0,R,203.0,R,61.0,R,58.0,Z,0.0,R,58.0,R,25.0,R,43.0,R,18
236896,2011,R,364.0,R,518.0,R,70.0,R,296.0,Z,0.0,R,296.0,R,225.0,R,76.0,R,1.0,Z,0.0,R,1.0,R,0.0,R,0.0,R,13
236939,2011,R,4401.0,R,7288.0,R,60.0,R,2958.0,R,0.0,R,2958.0,R,2479.0,R,84.0,R,22.0,R,0.0,R,22.0,R,13.0,R,59.0,R,16
236948,2011,R,5747.0,R,8579.0,R,67.0,R,5398.0,R,0.0,R,5398.0,R,5038.0,R,93.0,R,67.0,R,0.0,R,67.0,R,51.0,R,76.0,R,13
236975,2011,R,499.0,R,1504.0,R,33.0,R,467.0,Z,0.0,R,467.0,R,285.0,R,61.0,R,90.0,Z,0.0,R,90.0,R,50.0,R,56.0,R,20
236993,2011,A,,A,,A,,R,69.0,R,1.0,R,68.0,R,48.0,R,71.0,R,9.0,R,0.0,R,9.0,R,1.0,R,11.0,R,30
237011,2011,R,2672.0,R,3687.0,R,72.0,R,2720.0,R,0.0,R,2720.0,R,2278.0,R,84.0,R,28.0,R,0.0,R,28.0,R,24.0,R,86.0,R,21
237039,2011,R,371.0,R,2318.0,R,16.0,R,408.0,Z,0.0,R,408.0,R,261.0,R,64.0,R,154.0,Z,0.0,R,154.0,R,70.0,R,45.0,R,17
237057,2011,R,399.0,R,428.0,R,93.0,R,415.0,R,0.0,R,415.0,R,393.0,R,95.0,A,,A,,A,,A,,A,,R,10
237066,2011,R,523.0,R,638.0,R,82.0,R,682.0,R,0.0,R,682.0,R,568.0,R,83.0,A,,A,,A,,A,,A,,R,11
237109,2011,R,334.0,R,1649.0,R,20.0,R,364.0,Z,0.0,R,364.0,R,223.0,R,61.0,R,84.0,Z,0.0,R,84.0,R,38.0,R,45.0,R,21
237118,2011,R,137.0,R,225.0,R,61.0,R,132.0,R,0.0,R,132.0,R,88.0,R,67.0,R,0.0,R,0.0,R,0.0,R,0.0,A,,R,8
237127,2011,A,,A,,A,,R,4.0,R,0.0,R,4.0,R,3.0,R,75.0,A,,A,,A,,A,,A,,R,10
237136,2011,R,45.0,R,132.0,R,34.0,R,48.0,R,0.0,R,48.0,R,30.0,R,63.0,R,1.0,R,0.0,R,1.0,R,0.0,R,0.0,R,13
237145,2011,A,,A,,A,,R,8.0,R,0.0,R,8.0,R,8.0,R,100.0,A,,A,,A,,A,,A,,R,7
237154,2011,R,290.0,R,1171.0,R,25.0,R,171.0,R,0.0,R,171.0,R,86.0,R,50.0,R,134.0,R,0.0,R,134.0,R,44.0,R,33.0,R,19
237172,2011,A,,A,,A,,R,139.0,R,0.0,R,139.0,R,21.0,R,15.0,R,298.0,Z,0.0,R,298.0,R,42.0,R,14.0,R,10
237181,2011,R,214.0,R,250.0,R,86.0,R,270.0,R,0.0,R,270.0,R,160.0,R,59.0,R,1.0,R,0.0,R,1.0,R,0.0,R,0.0,R,13
237215,2011,R,261.0,R,514.0,R,51.0,R,289.0,R,0.0,R,289.0,R,163.0,R,56.0,R,12.0,R,0.0,R,12.0,R,10.0,R,83.0,R,17
237242,2011,A,,A,,A,,R,141.0,R,0.0,R,141.0,R,120.0,R,85.0,R,54.0,R,0.0,R,54.0,R,39.0,R,72.0,R,5
237303,2011,A,,A,,A,,R,36.0,R,0.0,R,36.0,R,23.0,R,64.0,A,,A,,A,,A,,A,,R,14
237312,2011,R,245.0,R,338.0,R,72.0,R,325.0,R,0.0,R,325.0,R,204.0,R,63.0,R,3.0,R,0.0,R,3.0,R,0.0,R,0.0,R,14
237321,2011,A,,A,,A,,R,17.0,R,0.0,R,17.0,R,12.0,R,71.0,A,,A,,A,,A,,A,,R,10
237330,2011,R,581.0,R,788.0,R,74.0,R,571.0,R,0.0,R,571.0,R,347.0,R,61.0,R,4.0,R,0.0,R,4.0,R,1.0,R,25.0,R,17
237358,2011,R,231.0,R,299.0,R,77.0,R,256.0,R,0.0,R,256.0,R,157.0,R,61.0,R,0.0,R,0.0,R,0.0,R,0.0,A,,R,12
237367,2011,R,736.0,R,1280.0,R,58.0,R,767.0,R,1.0,R,766.0,R,471.0,R,61.0,R,9.0,Z,0.0,R,9.0,R,3.0,R,33.0,R,22
237385,2011,R,284.0,R,764.0,R,37.0,R,149.0,R,2.0,R,147.0,R,114.0,R,78.0,R,1.0,R,0.0,R,1.0,R,0.0,R,0.0,R,18
237419,2011,A,,A,,A,,R,0.0,R,0.0,R,0.0,R,0.0,A,,A,,A,,A,,A,,A,,R,12
237437,2011,R,132.0,R,249.0,R,53.0,R,148.0,R,0.0,R,148.0,R,71.0,R,48.0,R,14.0,R,0.0,R,14.0,R,3.0,R,21.0,R,29
237473,2011,A,,A,,A,,R,113.0,R,0.0,R,113.0,R,96.0,R,85.0,A,,A,,A,,A,,A,,R,13
237491,2011,A,,A,,A,,R,14.0,R,0.0,R,14.0,R,10.0,R,71.0,A,,A,,A,,A,,A,,R,10
237525,2011,R,1991.0,R,3075.0,R,65.0,R,1937.0,R,0.0,R,1937.0,R,1356.0,R,70.0,R,12.0,R,0.0,R,12.0,R,7.0,R,58.0,R,19
237543,2011,A,,A,,A,,R,73.0,R,0.0,R,73.0,R,59.0,R,81.0,R,120.0,R,0.0,R,120.0,R,102.0,R,85.0,R,10
237552,2011,A,,A,,A,,R,24.0,Z,0.0,R,24.0,R,19.0,R,79.0,A,,A,,A,,A,,A,,R,11
237561,2011,A,,A,,A,,R,101.0,R,0.0,R,101.0,R,90.0,R,89.0,R,6.0,R,0.0,R,6.0,R,4.0,R,67.0,R,10
237570,2011,A,,A,,A,,R,7.0,R,0.0,R,7.0,R,5.0,R,71.0,A,,A,,A,,A,,A,,R,4
237598,2011,R,12.0,R,14.0,R,86.0,R,38.0,R,0.0,R,38.0,R,24.0,R,63.0,R,1.0,R,0.0,R,1.0,R,1.0,R,100.0,R,17
237604,2011,A,,A,,A,,R,141.0,Z,0.0,R,141.0,R,79.0,R,56.0,A,,A,,A,,A,,A,,R,27
237613,2011,A,,A,,A,,R,41.0,Z,0.0,R,41.0,R,38.0,R,93.0,A,,A,,A,,A,,A,,R,14
237640,2011,R,147.0,R,215.0,R,68.0,R,84.0,R,0.0,R,84.0,R,58.0,R,69.0,A,,A,,A,,A,,A,,R,10
237686,2011,R,568.0,R,1386.0,R,41.0,R,18.0,R,0.0,R,18.0,R,12.0,R,67.0,R,8.0,R,0.0,R,8.0,R,4.0,R,50.0,R,23
237701,2011,R,715.0,R,1011.0,R,71.0,R,699.0,R,0.0,R,699.0,R,313.0,R,45.0,R,11.0,R,0.0,R,11.0,R,4.0,R,36.0,R,24
237729,2011,A,,A,,A,,R,61.0,R,0.0,R,61.0,R,42.0,R,69.0,R,0.0,R,0.0,R,0.0,R,0.0,A,,R,6
237783,2011,R,143.0,R,307.0,R,47.0,R,201.0,R,1.0,R,200.0,R,86.0,R,43.0,A,,A,,A,,A,,A,,R,15
237792,2011,R,783.0,R,1453.0,R,54.0,R,759.0,R,0.0,R,759.0,R,513.0,R,68.0,R,10.0,R,0.0,R,10.0,R,7.0,R,70.0,R,19
237817,2011,R,489.0,R,689.0,R,71.0,R,504.0,R,0.0,R,504.0,R,238.0,R,47.0,R,91.0,R,0.0,R,91.0,R,31.0,R,34.0,R,18
237844,2011,A,,A,,A,,R,47.0,R,10.0,R,37.0,R,32.0,R,86.0,R,33.0,R,0.0,R,33.0,R,6.0,R,18.0,R,9
237899,2011,R,293.0,R,879.0,R,33.0,R,309.0,R,0.0,R,309.0,R,178.0,R,58.0,R,49.0,R,0.0,R,49.0,R,20.0,R,41.0,R,15
237905,2011,A,,A,,A,,R,17.0,R,0.0,R,17.0,R,17.0,R,100.0,A,,A,,A,,A,,A,,R,7
237932,2011,R,546.0,R,997.0,R,55.0,R,520.0,R,0.0,R,520.0,R,350.0,R,67.0,R,2.0,Z,0.0,R,2.0,R,2.0,R,100.0,R,15
237950,2011,R,275.0,R,531.0,R,52.0,R,248.0,Z,0.0,R,248.0,R,126.0,R,51.0,R,12.0,R,0.0,R,12.0,R,8.0,R,67.0,R,12
237969,2011,R,405.0,R,477.0,R,85.0,R,371.0,R,0.0,R,371.0,R,250.0,R,67.0,R,1.0,R,0.0,R,1.0,R,0.0,R,0.0,R,13
237978,2011,R,13.0,R,13.0,R,100.0,R,24.0,R,2.0,R,22.0,R,13.0,R,59.0,A,,A,,A,,A,,A,,R,10
237987,2011,R,52.0,R,101.0,R,51.0,R,59.0,R,0.0,R,59.0,R,36.0,R,61.0,R,1.0,R,0.0,R,1.0,R,0.0,R,0.0,R,20
237996,2011,R,75.0,R,101.0,R,74.0,R,91.0,R,0.0,R,91.0,R,71.0,R,78.0,A,,A,,A,,A,,A,,R,38
238005,2011,A,,A,,A,,R,32.0,R,0.0,R,32.0,R,27.0,R,84.0,A,,A,,A,,A,,A,,R,20
238014,2011,R,377.0,R,836.0,R,45.0,R,452.0,R,0.0,R,452.0,R,226.0,R,50.0,R,123.0,R,0.0,R,123.0,R,47.0,R,38.0,R,18
238032,2011,R,4999.0,R,6724.0,R,74.0,R,5011.0,R,1.0,R,5010.0,R,3901.0,R,78.0,R,23.0,R,0.0,R,23.0,R,9.0,R,39.0,R,23
238078,2011,R,195.0,R,378.0,R,52.0,R,258.0,R,0.0,R,258.0,R,184.0,R,71.0,A,,A,,A,,A,,A,,R,11
238096,2011,A,,A,,A,,R,5.0,R,0.0,R,5.0,R,3.0,R,60.0,A,,A,,A,,A,,A,,R,10
238166,2011,A,,A,,A,,R,15.0,R,0.0,R,15.0,R,11.0,R,73.0,A,,A,,A,,A,,A,,R,12
238175,2011,A,,A,,A,,R,25.0,Z,0.0,R,25.0,R,21.0,R,84.0,A,,A,,A,,A,,A,,R,11
238193,2011,R,193.0,R,414.0,R,47.0,R,249.0,R,1.0,R,248.0,R,173.0,R,70.0,R,15.0,R,1.0,R,14.0,R,7.0,R,50.0,R,11
238263,2011,R,1322.0,R,5151.0,R,26.0,R,0.0,R,0.0,R,0.0,R,0.0,A,,R,0.0,R,0.0,R,0.0,R,0.0,A,,R,13
238324,2011,R,28.0,R,95.0,R,29.0,R,21.0,R,0.0,R,21.0,R,16.0,R,76.0,R,0.0,R,0.0,R,0.0,R,0.0,A,,R,10
238333,2011,R,315.0,R,412.0,R,76.0,R,333.0,R,0.0,R,333.0,R,286.0,R,86.0,A,,A,,A,,A,,A,,R,12
238397,2011,R,338.0,R,631.0,R,54.0,R,419.0,R,0.0,R,419.0,R,268.0,R,64.0,R,276.0,R,0.0,R,276.0,R,154.0,R,56.0,R,11
238421,2011,A,,A,,A,,A,,A,,A,,A,,A,,A,,A,,A,,A,,A,,R,9
238430,2011,R,137.0,R,458.0,R,30.0,R,174.0,R,0.0,R,174.0,R,124.0,R,71.0,R,2.0,R,0.0,R,2.0,R,0.0,R,0.0,R,17
238458,2011,R,813.0,R,910.0,R,89.0,R,752.0,R,0.0,R,752.0,R,587.0,R,78.0,R,6.0,R,0.0,R,6.0,R,2.0,R,33.0,R,15
238476,2011,R,679.0,R,853.0,R,80.0,R,730.0,R,0.0,R,730.0,R,559.0,R,77.0,R,7.0,R,0.0,R,7.0,R,5.0,R,71.0,R,14
238573,2011,A,,A,,A,,A,,A,,A,,A,,A,,A,,A,,A,,A,,A,,R,8
238616,2011,R,560.0,R,1233.0,R,45.0,R,538.0,R,0.0,R,538.0,R,404.0,R,75.0,R,0.0,Z,0.0,R,0.0,R,0.0,A,,R,14
238661,2011,R,294.0,R,512.0,R,57.0,R,324.0,R,0.0,R,324.0,R,258.0,R,80.0,R,5.0,R,0.0,R,5.0,R,2.0,R,40.0,R,12
238722,2011,R,400.0,R,5478.0,R,7.0,R,421.0,Z,0.0,R,421.0,R,292.0,R,69.0,R,504.0,Z,0.0,R,504.0,R,265.0,R,53.0,R,12
238759,2011,R,432.0,R,2778.0,R,16.0,R,535.0,R,0.0,R,535.0,R,363.0,R,68.0,R,1254.0,R,1.0,R,1253.0,R,728.0,R,58.0,R,16
238786,2011,A,,A,,A,,R,85.0,R,0.0,R,85.0,R,70.0,R,82.0,R,3.0,R,0.0,R,3.0,R,3.0,R,100.0,R,20
238810,2011,A,,A,,A,,R,53.0,R,0.0,R,53.0,R,48.0,R,91.0,R,5.0,R,0.0,R,5.0,R,5.0,R,100.0,R,22
238892,2011,R,77.0,R,103.0,R,75.0,R,0.0,R,0.0,R,0.0,R,0.0,A,,R,0.0,R,0.0,R,0.0,R,0.0,A,,R,20
238935,2011,R,5.0,R,104.0,R,5.0,R,17.0,R,0.0,R,17.0,R,8.0,R,47.0,R,47.0,R,0.0,R,47.0,R,10.0,R,21.0,R,23
238980,2011,R,202.0,R,799.0,R,25.0,R,178.0,R,0.0,R,178.0,R,124.0,R,70.0,R,17.0,R,0.0,R,17.0,R,5.0,R,29.0,R,15
239008,2011,R,109.0,R,554.0,R,20.0,R,151.0,R,0.0,R,151.0,R,108.0,R,72.0,R,167.0,R,0.0,R,167.0,R,102.0,R,61.0,R,11
239017,2011,R,323.0,R,390.0,R,83.0,R,445.0,R,0.0,R,445.0,R,397.0,R,89.0,R,7.0,R,0.0,R,7.0,R,4.0,R,57.0,R,8
239071,2011,R,214.0,R,343.0,R,62.0,R,209.0,R,0.0,R,209.0,R,159.0,R,76.0,R,1.0,R,0.0,R,1.0,R,1.0,R,100.0,R,16
239080,2011,R,321.0,R,605.0,R,53.0,R,310.0,R,0.0,R,310.0,R,206.0,R,66.0,A,,A,,A,,A,,A,,R,13
239105,2011,R,2056.0,R,2373.0,R,87.0,R,1931.0,R,0.0,R,1931.0,R,1732.0,R,90.0,R,7.0,R,0.0,R,7.0,R,4.0,R,57.0,R,15
239132,2011,A,,A,,A,,R,23.0,R,1.0,R,22.0,R,11.0,R,50.0,R,2.0,Z,0.0,R,2.0,R,0.0,R,0.0,R,25
239220,2011,R,269.0,R,729.0,R,37.0,R,295.0,R,0.0,R,295.0,R,163.0,R,55.0,R,254.0,R,0.0,R,254.0,R,149.0,R,59.0,R,16
239248,2011,R,1052.0,R,2933.0,R,36.0,R,1188.0,R,0.0,R,1188.0,R,597.0,R,50.0,R,973.0,R,0.0,R,973.0,R,456.0,R,47.0,R,15
239309,2011,R,175.0,R,235.0,R,74.0,R,167.0,R,0.0,R,167.0,R,133.0,R,80.0,R,0.0,R,0.0,R,0.0,R,0.0,A,,R,10
239318,2011,R,438.0,R,615.0,R,71.0,R,480.0,R,0.0,R,480.0,R,366.0,R,76.0,R,13.0,R,0.0,R,13.0,R,7.0,R,54.0,R,14
239372,2011,R,152.0,R,1632.0,R,9.0,R,426.0,R,0.0,R,426.0,R,270.0,R,63.0,R,442.0,R,0.0,R,442.0,R,241.0,R,55.0,R,16
239390,2011,R,114.0,R,367.0,R,31.0,R,122.0,R,0.0,R,122.0,R,80.0,R,66.0,R,2.0,R,0.0,R,2.0,R,2.0,R,100.0,R,15
239442,2011,R,200.0,R,372.0,R,54.0,R,269.0,R,0.0,R,269.0,R,161.0,R,60.0,R,120.0,R,3.0,R,117.0,R,61.0,R,52.0,R,12
239460,2011,R,503.0,R,1769.0,R,28.0,R,506.0,Z,0.0,R,506.0,R,333.0,R,66.0,R,370.0,Z,0.0,R,370.0,R,272.0,R,74.0,R,24
239488,2011,R,943.0,R,2749.0,R,34.0,R,1015.0,R,2.0,R,1013.0,R,570.0,R,56.0,R,692.0,R,0.0,R,692.0,R,369.0,R,53.0,R,14
239503,2011,R,72.0,R,138.0,R,52.0,R,106.0,R,0.0,R,106.0,R,81.0,R,76.0,A,,A,,A,,A,,A,,R,12
239512,2011,R,146.0,R,203.0,R,72.0,R,129.0,R,0.0,R,129.0,R,81.0,R,63.0,A,,A,,A,,A,,A,,R,10
239628,2011,R,227.0,R,254.0,R,89.0,R,289.0,R,0.0,R,289.0,R,235.0,R,81.0,A,,A,,A,,A,,A,,R,15
239716,2011,R,594.0,R,693.0,R,86.0,R,604.0,R,0.0,R,604.0,R,496.0,R,82.0,R,0.0,R,0.0,R,0.0,R,0.0,A,,R,14
239743,2011,R,46.0,R,150.0,R,31.0,R,41.0,R,0.0,R,41.0,R,23.0,R,56.0,R,0.0,R,0.0,R,0.0,R,0.0,A,,R,7
239877,2011,A,,A,,A,,R,53.0,R,0.0,R,53.0,R,42.0,R,79.0,R,8.0,R,0.0,R,8.0,R,8.0,R,100.0,R,15
239910,2011,R,275.0,R,1638.0,R,17.0,R,336.0,R,1.0,R,335.0,R,234.0,R,70.0,R,147.0,R,0.0,R,147.0,R,105.0,R,71.0,R,17
239929,2011,R,152.0,R,441.0,R,34.0,R,2.0,R,0.0,R,2.0,R,0.0,R,0.0,R,0.0,R,0.0,R,0.0,R,0.0,A,,R,15
240055,2011,R,3833.0,R,6595.0,R,58.0,R,3911.0,R,0.0,R,3911.0,R,2294.0,R,59.0,R,578.0,R,0.0,R,578.0,R,224.0,R,39.0,R,24
240107,2011,R,358.0,R,704.0,R,51.0,R,341.0,R,1.0,R,340.0,R,241.0,R,71.0,R,8.0,R,0.0,R,8.0,R,6.0,R,75.0,R,12
240116,2011,R,1253.0,R,2750.0,R,46.0,R,1511.0,R,1.0,R,1510.0,R,884.0,R,59.0,R,795.0,Z,0.0,R,795.0,R,403.0,R,51.0,R,14
240125,2011,R,308.0,R,2997.0,R,10.0,R,428.0,R,0.0,R,428.0,R,284.0,R,66.0,R,287.0,R,0.0,R,287.0,R,149.0,R,52.0,R,19
240170,2011,R,545.0,R,1318.0,R,41.0,R,595.0,R,0.0,R,595.0,R,364.0,R,61.0,R,466.0,R,0.0,R,466.0,R,244.0,R,52.0,R,13
240189,2011,R,1993.0,R,2786.0,R,72.0,R,2033.0,R,0.0,R,2033.0,R,1564.0,R,77.0,R,11.0,R,0.0,R,11.0,R,5.0,R,45.0,R,22
240198,2011,R,368.0,R,934.0,R,39.0,R,447.0,Z,0.0,R,447.0,R,322.0,R,72.0,R,362.0,Z,0.0,R,362.0,R,248.0,R,69.0,R,10
240240,2011,A,,A,,A,,R,46.0,R,0.0,R,46.0,R,40.0,R,87.0,A,,A,,A,,A,,A,,R,7
240268,2011,R,1944.0,R,2711.0,R,72.0,R,2058.0,R,0.0,R,2058.0,R,1725.0,R,84.0,R,14.0,R,0.0,R,14.0,R,7.0,R,50.0,R,21
240277,2011,R,869.0,R,1818.0,R,48.0,R,894.0,R,0.0,R,894.0,R,658.0,R,74.0,R,12.0,R,0.0,R,12.0,R,6.0,R,50.0,R,24
240329,2011,R,1976.0,R,2591.0,R,76.0,R,1836.0,R,0.0,R,1836.0,R,1559.0,R,85.0,R,4.0,R,0.0,R,4.0,R,4.0,R,100.0,R,21
240338,2011,R,263.0,R,364.0,R,72.0,R,246.0,R,0.0,R,246.0,R,183.0,R,74.0,R,0.0,Z,0.0,R,0.0,Z,0.0,A,,R,11
240365,2011,R,1836.0,R,4353.0,R,42.0,R,1817.0,R,0.0,R,1817.0,R,1351.0,R,74.0,R,44.0,R,0.0,R,44.0,R,17.0,R,39.0,R,22
240374,2011,R,679.0,R,1202.0,R,56.0,R,711.0,R,0.0,R,711.0,R,417.0,R,59.0,R,94.0,R,0.0,R,94.0,R,47.0,R,50.0,R,18
240392,2011,R,202.0,R,363.0,R,56.0,R,129.0,R,0.0,R,129.0,R,61.0,R,47.0,R,56.0,R,0.0,R,56.0,R,22.0,R,39.0,R,15
240417,2011,R,1458.0,R,2276.0,R,64.0,R,1571.0,R,0.0,R,1571.0,R,1118.0,R,71.0,R,25.0,R,0.0,R,25.0,R,5.0,R,20.0,R,21
240426,2011,R,341.0,R,713.0,R,48.0,R,369.0,R,0.0,R,369.0,R,252.0,R,68.0,R,11.0,R,0.0,R,11.0,R,2.0,R,18.0,R,16
240444,2011,R,5819.0,R,7823.0,R,74.0,R,5920.0,R,0.0,R,5920.0,R,5560.0,R,94.0,R,7.0,R,0.0,R,7.0,R,7.0,R,100.0,R,22
240453,2011,R,3660.0,R,5718.0,R,64.0,R,3731.0,R,0.0,R,3731.0,R,2629.0,R,70.0,R,96.0,R,0.0,R,96.0,R,52.0,R,54.0,R,20
240462,2011,R,1624.0,R,2172.0,R,75.0,R,1534.0,R,0.0,R,1534.0,R,1135.0,R,74.0,R,70.0,R,0.0,R,70.0,R,29.0,R,41.0,R,21
240471,2011,R,1221.0,R,1725.0,R,71.0,R,1230.0,R,0.0,R,1230.0,R,884.0,R,72.0,R,15.0,R,0.0,R,15.0,R,7.0,R,47.0,R,23
240480,2011,R,1601.0,R,2400.0,R,67.0,R,1644.0,R,0.0,R,1644.0,R,1316.0,R,80.0,R,17.0,R,0.0,R,17.0,R,12.0,R,71.0,R,23
240505,2011,R,577.0,R,1265.0,R,46.0,R,683.0,R,3.0,R,680.0,R,405.0,R,60.0,R,106.0,R,0.0,R,106.0,R,32.0,R,30.0,R,15
240514,2011,R,286.0,R,1012.0,R,28.0,R,226.0,R,0.0,R,226.0,R,118.0,R,52.0,R,114.0,R,0.0,R,114.0,R,24.0,R,21.0,R,12
240596,2011,R,210.0,R,542.0,R,39.0,R,193.0,R,0.0,R,193.0,R,107.0,R,55.0,R,32.0,R,0.0,R,32.0,R,11.0,R,34.0,R,15
240620,2011,R,372.0,R,1553.0,R,24.0,R,346.0,R,0.0,R,346.0,R,201.0,R,58.0,R,114.0,R,0.0,R,114.0,R,34.0,R,30.0,R,17
240657,2011,R,375.0,R,518.0,R,72.0,R,514.0,R,0.0,R,514.0,R,259.0,R,50.0,R,36.0,R,0.0,R,36.0,R,12.0,R,33.0,R,14
240666,2011,R,444.0,R,2041.0,R,22.0,R,484.0,R,0.0,R,484.0,R,255.0,R,53.0,R,102.0,R,0.0,R,102.0,R,28.0,R,27.0,R,17
240693,2011,R,374.0,R,2008.0,R,19.0,R,342.0,R,47.0,R,295.0,R,178.0,R,60.0,R,485.0,R,26.0,R,459.0,R,245.0,R,53.0,R,16
240709,2011,A,,A,,A,,R,31.0,R,0.0,R,31.0,R,8.0,R,26.0,R,12.0,R,0.0,R,12.0,R,4.0,R,33.0,R,15
240718,2011,A,,A,,A,,R,782.0,R,1.0,R,781.0,R,620.0,R,79.0,A,,A,,A,,A,,A,,R,25
240727,2011,R,1531.0,R,2666.0,R,57.0,R,1458.0,R,6.0,R,1452.0,R,1071.0,R,74.0,R,14.0,R,0.0,R,14.0,R,5.0,R,36.0,R,14
240736,2011,R,448.0,R,738.0,R,61.0,R,289.0,R,0.0,R,289.0,R,186.0,R,64.0,R,368.0,R,0.0,R,368.0,R,179.0,R,49.0,R,20
240745,2011,R,229.0,R,737.0,R,31.0,R,249.0,R,0.0,R,249.0,R,165.0,R,66.0,R,197.0,R,0.0,R,197.0,R,127.0,R,64.0,R,15
240754,2011,R,455.0,R,719.0,R,63.0,R,490.0,R,0.0,R,490.0,R,338.0,R,69.0,R,98.0,R,0.0,R,98.0,R,41.0,R,42.0,R,16
240790,2011,R,275.0,R,303.0,R,91.0,R,67.0,R,0.0,R,67.0,R,36.0,R,54.0,R,6.0,R,0.0,R,6.0,R,2.0,R,33.0,R,22
240879,2011,A,,A,,A,,R,257.0,R,0.0,R,257.0,R,218.0,R,85.0,A,,A,,A,,A,,A,,R,37
240985,2011,A,,A,,A,,R,214.0,R,0.0,R,214.0,R,149.0,R,70.0,A,,A,,A,,A,,A,,R,46
241100,2011,R,182.0,R,222.0,R,82.0,R,102.0,R,0.0,R,102.0,R,82.0,R,80.0,R,2.0,R,0.0,R,2.0,R,1.0,R,50.0,R,25
241128,2011,R,163.0,R,223.0,R,73.0,R,62.0,R,0.0,R,62.0,R,47.0,R,76.0,R,1.0,R,0.0,R,1.0,R,1.0,R,100.0,R,21
241146,2011,A,,A,,A,,R,542.0,R,0.0,R,542.0,R,163.0,R,30.0,R,1.0,R,0.0,R,1.0,R,0.0,R,0.0,R,9
241182,2011,A,,A,,A,,R,129.0,R,0.0,R,129.0,R,73.0,R,57.0,A,,A,,A,,A,,A,,R,20
241191,2011,R,204.0,R,318.0,R,64.0,R,246.0,R,1.0,R,245.0,R,152.0,R,62.0,R,2.0,R,0.0,R,2.0,R,2.0,R,100.0,R,16
241216,2011,R,274.0,R,398.0,R,69.0,R,257.0,R,0.0,R,257.0,R,209.0,R,81.0,R,21.0,R,0.0,R,21.0,R,13.0,R,62.0,R,24
241225,2011,R,225.0,R,417.0,R,54.0,R,210.0,R,0.0,R,210.0,R,146.0,R,70.0,R,17.0,R,0.0,R,17.0,R,11.0,R,65.0,R,23
241304,2011,R,231.0,R,279.0,R,83.0,R,170.0,R,0.0,R,170.0,R,91.0,R,54.0,R,67.0,R,0.0,R,67.0,R,24.0,R,36.0,R,14
241331,2011,A,,A,,A,,A,,A,,A,,A,,A,,A,,A,,A,,A,,A,,R,31
241377,2011,R,320.0,R,572.0,R,56.0,R,231.0,R,0.0,R,231.0,R,145.0,R,63.0,R,39.0,R,0.0,R,39.0,R,31.0,R,79.0,R,22
241386,2011,R,216.0,R,362.0,R,60.0,R,59.0,R,0.0,R,59.0,R,36.0,R,61.0,R,21.0,R,0.0,R,21.0,R,12.0,R,57.0,R,21
241395,2011,R,115.0,R,202.0,R,57.0,R,85.0,R,0.0,R,85.0,R,63.0,R,74.0,A,,A,,A,,A,,A,,R,21
241410,2011,R,1379.0,R,1707.0,R,81.0,R,1123.0,R,0.0,R,1123.0,R,948.0,R,84.0,R,1.0,R,0.0,R,1.0,R,0.0,R,0.0,R,25
241517,2011,R,943.0,R,1399.0,R,67.0,R,0.0,R,0.0,R,0.0,R,0.0,A,,A,,A,,A,,A,,A,,R,38
241614,2011,R,10.0,R,40.0,R,25.0,R,11.0,R,0.0,R,11.0,R,7.0,R,64.0,R,8.0,Z,0.0,R,8.0,R,4.0,R,50.0,R,9
241720,2011,R,344.0,R,458.0,R,75.0,R,95.0,Z,0.0,R,95.0,R,64.0,R,67.0,R,19.0,Z,0.0,R,19.0,R,9.0,R,47.0,R,25
241739,2011,R,2238.0,R,3081.0,R,73.0,R,1277.0,R,0.0,R,1277.0,R,927.0,R,73.0,R,77.0,R,0.0,R,77.0,R,22.0,R,29.0,R,39
241766,2011,R,30.0,R,108.0,R,28.0,R,30.0,R,0.0,R,30.0,R,21.0,R,70.0,R,35.0,R,0.0,R,35.0,R,28.0,R,80.0,R,3
241836,2011,R,192.0,R,370.0,R,52.0,R,23.0,R,0.0,R,23.0,R,15.0,R,65.0,R,0.0,R,0.0,R,0.0,R,0.0,A,,R,19
241906,2011,A,,A,,A,,R,153.0,R,0.0,R,153.0,R,123.0,R,80.0,A,,A,,A,,A,,A,,R,25
241951,2011,R,72.0,R,119.0,R,61.0,R,78.0,R,0.0,R,78.0,R,62.0,R,79.0,R,1.0,R,0.0,R,1.0,R,0.0,R,0.0,R,13
242042,2011,R,312.0,R,375.0,R,83.0,R,363.0,R,0.0,R,363.0,R,248.0,R,68.0,R,12.0,R,0.0,R,12.0,R,5.0,R,42.0,R,12
242112,2011,R,340.0,R,706.0,R,48.0,R,320.0,R,1.0,R,319.0,R,179.0,R,56.0,R,4.0,R,0.0,R,4.0,R,1.0,R,25.0,R,24
242121,2011,R,194.0,R,235.0,R,83.0,R,110.0,R,0.0,R,110.0,R,88.0,R,80.0,R,6.0,R,0.0,R,6.0,R,5.0,R,83.0,R,13
242130,2011,R,94.0,R,147.0,R,64.0,R,110.0,R,0.0,R,110.0,R,46.0,R,42.0,R,1.0,R,0.0,R,1.0,R,0.0,R,0.0,R,21
242149,2011,R,197.0,R,205.0,R,96.0,R,208.0,R,0.0,R,208.0,R,32.0,R,15.0,R,38.0,R,0.0,R,38.0,R,15.0,R,39.0,R,13
242316,2011,A,,A,,A,,R,361.0,R,0.0,R,361.0,R,251.0,R,70.0,A,,A,,A,,A,,A,,R,24
242413,2011,A,,A,,A,,R,79.0,R,0.0,R,79.0,R,65.0,R,82.0,A,,A,,A,,A,,A,,R,18
242422,2011,A,,A,,A,,R,9489.0,R,24.0,R,9465.0,R,6221.0,R,66.0,A,,A,,A,,A,,A,,R,16
242556,2011,R,403.0,R,463.0,R,87.0,R,403.0,R,0.0,R,403.0,R,350.0,R,87.0,A,,A,,A,,A,,A,,R,14
242565,2011,R,258.0,R,312.0,R,83.0,R,258.0,R,0.0,R,258.0,R,258.0,R,100.0,R,26.0,R,0.0,R,26.0,R,26.0,R,100.0,R,12
242583,2011,R,318.0,R,395.0,R,81.0,R,262.0,R,0.0,R,262.0,R,230.0,R,88.0,R,20.0,R,0.0,R,20.0,R,15.0,R,75.0,R,25
242617,2011,R,930.0,R,1116.0,R,83.0,R,592.0,R,0.0,R,592.0,R,446.0,R,75.0,R,8.0,R,0.0,R,8.0,R,3.0,R,38.0,R,26
242626,2011,R,624.0,R,833.0,R,75.0,R,365.0,R,0.0,R,365.0,R,255.0,R,70.0,R,12.0,R,0.0,R,12.0,R,6.0,R,50.0,R,31
242635,2011,R,1031.0,R,1244.0,R,83.0,R,602.0,R,0.0,R,602.0,R,457.0,R,76.0,R,8.0,R,0.0,R,8.0,R,4.0,R,50.0,R,29
242644,2011,R,220.0,R,262.0,R,84.0,R,138.0,R,0.0,R,138.0,R,95.0,R,69.0,R,2.0,R,0.0,R,2.0,R,1.0,R,50.0,R,27
242653,2011,R,938.0,R,1638.0,R,57.0,R,733.0,R,0.0,R,733.0,R,533.0,R,73.0,R,5.0,R,0.0,R,5.0,R,3.0,R,60.0,R,28
242662,2011,R,971.0,R,1183.0,R,82.0,R,672.0,R,0.0,R,672.0,R,490.0,R,73.0,R,19.0,R,0.0,R,19.0,R,9.0,R,47.0,R,33
242680,2011,R,339.0,R,419.0,R,81.0,R,301.0,R,0.0,R,301.0,R,213.0,R,71.0,R,8.0,R,0.0,R,8.0,R,3.0,R,38.0,R,31
242699,2011,R,189.0,R,254.0,R,74.0,R,167.0,R,0.0,R,167.0,R,118.0,R,71.0,R,10.0,R,0.0,R,10.0,R,8.0,R,80.0,R,24
242705,2011,R,1088.0,R,1329.0,R,82.0,R,857.0,R,0.0,R,857.0,R,631.0,R,74.0,R,11.0,R,0.0,R,11.0,R,3.0,R,27.0,R,26
242750,2011,A,,A,,A,,R,93.0,R,1.0,R,92.0,R,59.0,R,64.0,A,,A,,A,,A,,A,,R,19
242820,2011,A,,A,,A,,R,317.0,R,2.0,R,315.0,R,252.0,R,80.0,A,,A,,A,,A,,A,,R,25
242884,2011,A,,A,,A,,R,1266.0,R,3.0,R,1263.0,R,804.0,R,64.0,A,,A,,A,,A,,A,,R,23
242945,2011,A,,A,,A,,R,183.0,R,1.0,R,182.0,R,139.0,R,76.0,R,63.0,R,0.0,R,63.0,R,26.0,R,41.0,R,15
242954,2011,A,,A,,A,,R,48.0,R,0.0,R,48.0,R,33.0,R,69.0,R,6.0,R,0.0,R,6.0,R,3.0,R,50.0,R,19
242972,2011,R,479.0,R,753.0,R,64.0,R,128.0,R,0.0,R,128.0,R,68.0,R,53.0,R,18.0,R,0.0,R,18.0,R,2.0,R,11.0,R,26
242981,2011,R,262.0,R,453.0,R,58.0,R,65.0,R,0.0,R,65.0,R,38.0,R,58.0,R,1.0,R,0.0,R,1.0,R,0.0,R,0.0,R,29
243072,2011,A,,A,,A,,R,720.0,R,0.0,R,720.0,R,505.0,R,70.0,R,111.0,R,1.0,R,110.0,R,76.0,R,69.0,R,27
243106,2011,R,684.0,R,760.0,R,90.0,R,469.0,R,0.0,R,469.0,R,368.0,R,78.0,A,,A,,A,,A,,A,,R,25
243115,2011,R,679.0,R,697.0,R,97.0,R,746.0,R,0.0,R,746.0,R,571.0,R,77.0,R,0.0,R,0.0,R,0.0,R,0.0,A,,R,18
243133,2011,R,1144.0,R,1271.0,R,90.0,R,719.0,R,0.0,R,719.0,R,637.0,R,89.0,R,0.0,R,0.0,R,0.0,R,0.0,A,,R,22
243142,2011,R,735.0,R,899.0,R,82.0,R,447.0,R,0.0,R,447.0,R,353.0,R,79.0,R,2.0,R,0.0,R,2.0,R,2.0,R,100.0,R,19
243151,2011,R,751.0,R,823.0,R,91.0,R,777.0,R,0.0,R,777.0,R,659.0,R,85.0,R,0.0,R,0.0,R,0.0,R,0.0,A,,R,30
243179,2011,R,654.0,R,740.0,R,88.0,R,745.0,Z,0.0,R,745.0,R,611.0,R,82.0,R,1.0,Z,0.0,R,1.0,R,1.0,R,100.0,R,16
243188,2011,R,445.0,R,460.0,R,97.0,R,141.0,R,0.0,R,141.0,R,77.0,R,55.0,R,0.0,R,0.0,R,0.0,R,0.0,A,,R,17
243197,2011,R,1774.0,R,1981.0,R,90.0,R,1931.0,R,0.0,R,1931.0,R,1746.0,R,90.0,R,100.0,R,0.0,R,100.0,R,9.0,R,9.0,R,16
243203,2011,A,,A,,A,,A,,A,,A,,A,,A,,A,,A,,A,,A,,A,,R,3
243212,2011,R,613.0,R,683.0,R,90.0,R,527.0,R,0.0,R,527.0,R,414.0,R,79.0,R,1.0,R,0.0,R,1.0,R,1.0,R,100.0,R,16
243221,2011,R,1725.0,R,2045.0,R,84.0,R,2246.0,R,0.0,R,2246.0,R,1945.0,R,87.0,R,41.0,R,0.0,R,41.0,R,21.0,R,51.0,R,21
243346,2011,R,2118.0,R,3119.0,R,68.0,R,1096.0,R,0.0,R,1096.0,R,811.0,R,74.0,R,180.0,R,0.0,R,180.0,R,90.0,R,50.0,R,37
243407,2011,A,,A,,A,,R,11.0,R,0.0,R,11.0,R,8.0,R,73.0,A,,A,,A,,A,,A,,R,20
243416,2011,A,,A,,A,,R,131.0,R,1.0,R,130.0,R,107.0,R,82.0,A,,A,,A,,A,,A,,R,16
243443,2011,R,950.0,R,1596.0,R,60.0,R,933.0,R,0.0,R,933.0,R,673.0,R,72.0,R,99.0,R,0.0,R,99.0,R,60.0,R,61.0,R,29
243568,2011,R,15.0,R,15.0,R,100.0,R,3.0,R,0.0,R,3.0,R,3.0,R,100.0,A,,A,,A,,A,,A,,R,19
243577,2011,R,490.0,R,723.0,R,68.0,R,504.0,R,0.0,R,504.0,R,358.0,R,71.0,R,15.0,R,0.0,R,15.0,R,5.0,R,33.0,R,16
243586,2011,R,207.0,R,333.0,R,62.0,R,214.0,R,0.0,R,214.0,R,152.0,R,71.0,R,0.0,R,0.0,R,0.0,R,0.0,A,,R,23
243601,2011,R,2621.0,R,3597.0,R,73.0,R,1536.0,R,0.0,R,1536.0,R,1136.0,R,74.0,R,173.0,R,0.0,R,173.0,R,87.0,R,50.0,R,41
243638,2011,R,525.0,R,742.0,R,71.0,R,583.0,R,0.0,R,583.0,R,378.0,R,65.0,R,73.0,R,0.0,R,73.0,R,47.0,R,64.0,R,21
243647,2011,R,105.0,R,133.0,R,79.0,R,109.0,R,1.0,R,108.0,R,53.0,R,49.0,R,5.0,R,0.0,R,5.0,R,3.0,R,60.0,R,13
243665,2011,R,400.0,R,571.0,R,70.0,R,359.0,R,0.0,R,359.0,R,253.0,R,70.0,R,40.0,R,0.0,R,40.0,R,23.0,R,58.0,R,14
243744,2011,R,1704.0,R,1810.0,R,94.0,R,1672.0,R,0.0,R,1672.0,R,1634.0,R,98.0,A,,A,,A,,A,,A,,R,12
243780,2011,R,6772.0,R,8365.0,R,81.0,R,6422.0,R,3.0,R,6419.0,R,5773.0,R,90.0,R,37.0,R,0.0,R,37.0,R,18.0,R,49.0,R,14
243799,2011,A,,A,,A,,R,10.0,Z,0.0,R,10.0,R,7.0,R,70.0,A,,A,,A,,A,,A,,R,8
243823,2011,A,,A,,A,,A,,A,,A,,A,,A,,R,0.0,R,0.0,R,0.0,R,0.0,A,,R,11
243832,2011,R,75.0,R,421.0,R,18.0,R,17.0,R,0.0,R,17.0,R,16.0,R,94.0,R,6.0,R,0.0,R,6.0,R,6.0,R,100.0,R,15
243841,2011,R,296.0,R,318.0,R,93.0,R,328.0,R,0.0,R,328.0,R,136.0,R,41.0,R,11.0,R,0.0,R,11.0,R,1.0,R,9.0,R,23
244011,2011,R,63.0,R,82.0,R,77.0,R,2.0,R,0.0,R,2.0,R,2.0,R,100.0,R,1.0,R,0.0,R,1.0,R,0.0,R,0.0,R,24
244154,2011,R,18.0,R,23.0,R,78.0,R,0.0,R,0.0,R,0.0,R,0.0,A,,R,0.0,R,0.0,R,0.0,R,0.0,A,,R,16
244190,2011,R,13.0,R,48.0,R,27.0,R,4.0,R,0.0,R,4.0,R,3.0,R,75.0,R,0.0,R,0.0,R,0.0,R,0.0,A,,R,8
244233,2011,R,69.0,R,161.0,R,43.0,R,0.0,Z,0.0,R,0.0,R,0.0,A,,R,0.0,R,0.0,R,0.0,R,0.0,A,,R,18
244279,2011,A,,A,,A,,R,18.0,R,0.0,R,18.0,R,15.0,R,83.0,A,,A,,A,,A,,A,,R,10
244437,2011,R,3369.0,R,9985.0,R,34.0,R,3072.0,R,0.0,R,3072.0,R,1855.0,R,60.0,R,1598.0,R,3.0,R,1595.0,R,736.0,R,46.0,R,21
244446,2011,R,140.0,R,2441.0,R,6.0,R,383.0,R,0.0,R,383.0,R,175.0,R,46.0,R,380.0,R,0.0,R,380.0,R,128.0,R,34.0,R,20
244491,2011,A,,A,,A,,R,73.0,Z,0.0,R,73.0,R,59.0,R,81.0,A,,A,,A,,A,,A,,R,15
244561,2011,A,,A,,A,,A,,A,,A,,A,,A,,A,,A,,A,,A,,A,,R,7
244613,2011,A,,A,,A,,R,72.0,R,0.0,R,72.0,R,59.0,R,82.0,R,72.0,R,0.0,R,72.0,R,65.0,R,90.0,R,9
245032,2011,R,51.0,R,64.0,R,80.0,R,151.0,R,0.0,R,151.0,R,50.0,R,33.0,R,13.0,R,0.0,R,13.0,R,4.0,R,31.0,R,18
245069,2011,A,,A,,A,,R,15.0,R,0.0,R,15.0,R,8.0,R,53.0,R,20.0,R,0.0,R,20.0,R,7.0,R,35.0,R,20
245281,2011,A,,A,,A,,R,29.0,R,0.0,R,29.0,R,21.0,R,72.0,A,,A,,A,,A,,A,,R,10
245290,2011,A,,A,,A,,R,25.0,R,0.0,R,25.0,R,23.0,R,92.0,R,26.0,R,0.0,R,26.0,R,18.0,R,69.0,R,6
245342,2011,A,,A,,A,,R,0.0,R,0.0,R,0.0,R,0.0,A,,R,0.0,R,0.0,R,0.0,R,0.0,A,,R,41
245421,2011,R,16.0,R,70.0,R,23.0,R,20.0,R,0.0,R,20.0,R,12.0,R,60.0,R,0.0,R,0.0,R,0.0,R,0.0,A,,R,11
245430,2011,R,38.0,R,79.0,R,48.0,R,55.0,R,0.0,R,55.0,R,33.0,R,60.0,R,1.0,R,0.0,R,1.0,R,1.0,R,100.0,R,15
245625,2011,R,305.0,R,997.0,R,31.0,R,256.0,R,0.0,R,256.0,R,161.0,R,63.0,R,562.0,R,0.0,R,562.0,R,145.0,R,26.0,R,23
245652,2011,R,99.0,R,99.0,R,100.0,R,119.0,R,0.0,R,119.0,R,80.0,R,67.0,A,,A,,A,,A,,A,,R,8
245731,2011,A,,A,,A,,A,,A,,A,,A,,A,,A,,A,,A,,A,,A,,R,8
245777,2011,R,1.0,R,1.0,R,100.0,R,1.0,R,0.0,R,1.0,R,0.0,R,0.0,A,,A,,A,,A,,A,,R,3
245838,2011,A,,A,,A,,A,,A,,A,,A,,A,,A,,A,,A,,A,,A,,R,14
245847,2011,A,,A,,A,,A,,A,,A,,A,,A,,A,,A,,A,,A,,A,,R,11
245883,2011,R,25.0,R,61.0,R,41.0,R,30.0,R,0.0,R,30.0,R,0.0,R,0.0,A,,A,,A,,A,,A,,R,8
245892,2011,A,,A,,A,,A,,A,,A,,A,,A,,A,,A,,A,,A,,A,,R,8
245953,2011,R,104.0,R,424.0,R,25.0,R,65.0,Z,0.0,R,65.0,R,38.0,R,58.0,R,48.0,R,0.0,R,48.0,R,14.0,R,29.0,R,19
245962,2011,A,,A,,A,,R,2.0,R,0.0,R,2.0,R,0.0,R,0.0,A,,A,,A,,A,,A,,R,10
245980,2011,A,,A,,A,,R,14.0,R,0.0,R,14.0,R,11.0,R,79.0,A,,A,,A,,A,,A,,R,14
245999,2011,A,,A,,A,,R,277.0,R,1.0,R,276.0,R,161.0,R,58.0,R,236.0,R,1.0,R,235.0,R,89.0,R,38.0,R,18
246008,2011,A,,A,,A,,R,228.0,R,0.0,R,228.0,R,136.0,R,60.0,A,,A,,A,,A,,A,,R,14
246017,2011,A,,A,,A,,R,49.0,R,0.0,R,49.0,R,15.0,R,31.0,R,27.0,R,0.0,R,27.0,R,8.0,R,30.0,R,9
246035,2011,A,,A,,A,,R,147.0,R,0.0,R,147.0,R,110.0,R,75.0,A,,A,,A,,A,,A,,R,17
246071,2011,A,,A,,A,,R,0.0,R,0.0,R,0.0,R,0.0,A,,A,,A,,A,,A,,A,,R,9
246202,2011,A,,A,,A,,R,123.0,Z,0.0,R,123.0,R,95.0,R,77.0,A,,A,,A,,A,,A,,R,37
246266,2011,A,,A,,A,,R,242.0,R,1.0,R,241.0,R,188.0,R,78.0,A,,A,,A,,A,,A,,R,51
246354,2011,R,482.0,R,2317.0,R,21.0,R,496.0,Z,0.0,R,496.0,R,279.0,R,56.0,R,1037.0,Z,0.0,R,1037.0,R,395.0,R,38.0,R,18
246406,2011,A,,A,,A,,R,24.0,R,0.0,R,24.0,R,22.0,R,92.0,A,,A,,A,,A,,A,,R,12
246415,2011,A,,A,,A,,R,7.0,R,0.0,R,7.0,R,6.0,R,86.0,R,20.0,R,0.0,R,20.0,R,17.0,R,85.0,R,8
246460,2011,A,,A,,A,,R,85.0,R,2.0,R,83.0,R,12.0,R,14.0,A,,A,,A,,A,,A,,R,25
246594,2011,A,,A,,A,,R,32.0,Z,0.0,R,32.0,R,21.0,R,66.0,A,,A,,A,,A,,A,,R,25
246813,2011,R,279.0,R,1350.0,R,21.0,R,443.0,R,0.0,R,443.0,R,246.0,R,56.0,R,355.0,R,0.0,R,355.0,R,153.0,R,43.0,R,17
246895,2011,A,,A,,A,,R,424.0,R,0.0,R,424.0,R,291.0,R,69.0,R,4.0,R,0.0,R,4.0,R,3.0,R,75.0,R,17
246974,2011,A,,A,,A,,R,186.0,R,0.0,R,186.0,R,131.0,R,70.0,A,,A,,A,,A,,A,,R,24
247010,2011,A,,A,,A,,R,13.0,R,0.0,R,13.0,R,10.0,R,77.0,A,,A,,A,,A,,A,,R,10
247047,2011,A,,A,,A,,R,92.0,R,0.0,R,92.0,R,81.0,R,88.0,A,,A,,A,,A,,A,,R,9
247065,2011,R,79.0,R,258.0,R,31.0,R,1.0,R,0.0,R,1.0,R,1.0,R,100.0,R,0.0,R,0.0,R,0.0,R,0.0,A,,R,16
247153,2011,A,,A,,A,,R,15.0,R,0.0,R,15.0,R,8.0,R,53.0,A,,A,,A,,A,,A,,R,18
247162,2011,A,,A,,A,,A,,A,,A,,A,,A,,R,0.0,R,0.0,R,0.0,R,0.0,A,,R,4
247409,2011,A,,A,,A,,A,,A,,A,,A,,A,,A,,A,,A,,A,,A,,R,15
247603,2011,R,679.0,R,1417.0,R,48.0,R,723.0,R,0.0,R,723.0,R,460.0,R,64.0,R,110.0,R,0.0,R,110.0,R,54.0,R,49.0,R,24
247649,2011,R,125.0,R,222.0,R,56.0,R,116.0,R,0.0,R,116.0,R,59.0,R,51.0,A,,A,,A,,A,,A,,R,6
247700,2011,R,18.0,R,250.0,R,7.0,R,14.0,R,0.0,R,14.0,R,6.0,R,43.0,R,211.0,R,0.0,R,211.0,R,73.0,R,35.0,R,33
247773,2011,R,6.0,R,10.0,R,60.0,R,22.0,R,0.0,R,22.0,R,20.0,R,91.0,A,,A,,A,,A,,A,,R,13
247825,2011,A,,A,,A,,A,,A,,A,,A,,A,,A,,A,,A,,A,,A,,R,4
247834,2011,R,2972.0,R,7796.0,R,38.0,R,3185.0,R,0.0,R,3185.0,R,1807.0,R,57.0,R,1947.0,R,0.0,R,1947.0,R,908.0,R,47.0,R,26
247940,2011,R,566.0,R,923.0,R,61.0,R,606.0,R,0.0,R,606.0,R,357.0,R,59.0,R,144.0,R,0.0,R,144.0,R,61.0,R,42.0,R,14
248165,2011,A,,A,,A,,R,11.0,R,0.0,R,11.0,R,8.0,R,73.0,R,1.0,Z,0.0,R,1.0,R,1.0,R,100.0,R,18
248192,2011,A,,A,,A,,R,10.0,R,0.0,R,10.0,R,9.0,R,90.0,R,2.0,R,0.0,R,2.0,R,2.0,R,100.0,R,7
248305,2011,A,,A,,A,,R,23.0,Z,0.0,R,23.0,R,12.0,R,52.0,R,6.0,Z,0.0,R,6.0,R,1.0,R,17.0,R,19
248314,2011,A,,A,,A,,R,9.0,Z,0.0,R,9.0,R,9.0,R,100.0,A,,A,,A,,A,,A,,R,20
248527,2011,A,,A,,A,,R,22.0,R,0.0,R,22.0,R,18.0,R,82.0,A,,A,,A,,A,,A,,R,20
248606,2011,A,,A,,A,,R,149.0,R,1.0,R,148.0,R,88.0,R,59.0,R,349.0,R,0.0,R,349.0,R,89.0,R,26.0,R,11
248624,2011,A,,A,,A,,R,34.0,R,0.0,R,34.0,R,29.0,R,85.0,A,,A,,A,,A,,A,,R,25
248633,2011,A,,A,,A,,R,22.0,R,0.0,R,22.0,R,19.0,R,86.0,A,,A,,A,,A,,A,,R,12
248660,2011,A,,A,,A,,R,18.0,Z,0.0,R,18.0,R,17.0,R,94.0,R,0.0,R,0.0,R,0.0,R,0.0,A,,R,15
248703,2011,A,,A,,A,,R,148.0,R,0.0,R,148.0,R,119.0,R,80.0,R,39.0,R,0.0,R,39.0,R,32.0,R,82.0,R,14
248776,2011,R,86.0,R,472.0,R,18.0,R,169.0,R,0.0,R,169.0,R,79.0,R,47.0,R,202.0,R,0.0,R,202.0,R,69.0,R,34.0,R,13
248846,2011,R,94.0,R,169.0,R,56.0,R,92.0,R,0.0,R,92.0,R,58.0,R,63.0,R,2.0,Z,0.0,R,2.0,R,1.0,R,50.0,R,18
248882,2011,R,4.0,R,110.0,R,4.0,R,7.0,R,0.0,R,7.0,R,2.0,R,29.0,R,113.0,R,0.0,R,113.0,R,45.0,R,40.0,R,23
248925,2011,A,,A,,A,,R,166.0,R,0.0,R,166.0,R,126.0,R,76.0,R,67.0,R,0.0,R,67.0,R,47.0,R,70.0,R,18
248934,2011,R,865.0,R,1523.0,R,57.0,R,311.0,R,4.0,R,307.0,R,197.0,R,64.0,A,,A,,A,,A,,A,,R,17
249061,2011,A,,A,,A,,R,33.0,R,0.0,R,33.0,R,25.0,R,76.0,R,32.0,R,0.0,R,32.0,R,28.0,R,88.0,R,15
249140,2011,A,,A,,A,,R,161.0,R,1.0,R,160.0,R,116.0,R,73.0,A,,A,,A,,A,,A,,R,27
249238,2011,A,,A,,A,,R,121.0,R,0.0,R,121.0,R,97.0,R,80.0,R,34.0,R,0.0,R,34.0,R,21.0,R,62.0,R,15
249247,2011,A,,A,,A,,R,313.0,R,9.0,R,304.0,R,162.0,R,53.0,A,,A,,A,,A,,A,,R,33
249566,2011,A,,A,,A,,R,219.0,R,0.0,R,219.0,R,182.0,R,83.0,A,,A,,A,,A,,A,,R,5
249609,2011,A,,A,,A,,R,75.0,R,0.0,R,75.0,R,47.0,R,63.0,A,,A,,A,,A,,A,,R,36
250027,2011,R,97.0,R,100.0,R,97.0,R,143.0,R,0.0,R,143.0,R,96.0,R,67.0,R,0.0,R,0.0,R,0.0,R,0.0,A,,R,14
250072,2011,A,,A,,A,,R,48.0,R,0.0,R,48.0,R,41.0,R,85.0,R,6.0,Z,0.0,R,6.0,R,5.0,R,83.0,R,10
250285,2011,A,,A,,A,,R,24.0,R,0.0,R,24.0,R,24.0,R,100.0,R,0.0,R,0.0,R,0.0,R,0.0,A,,R,13
250407,2011,A,,A,,A,,R,201.0,R,0.0,R,201.0,R,117.0,R,58.0,A,,A,,A,,A,,A,,R,45
250498,2011,A,,A,,A,,R,51.0,R,0.0,R,51.0,R,29.0,R,57.0,A,,A,,A,,A,,A,,R,6
250601,2011,A,,A,,A,,R,60.0,R,0.0,R,60.0,R,38.0,R,63.0,A,,A,,A,,A,,A,,R,21
250744,2011,A,,A,,A,,R,31.0,R,0.0,R,31.0,R,14.0,R,45.0,A,,A,,A,,A,,A,,R,39
250832,2011,A,,A,,A,,R,19.0,R,0.0,R,19.0,R,16.0,R,84.0,A,,A,,A,,A,,A,,R,9
250902,2011,A,,A,,A,,R,35.0,R,5.0,R,30.0,R,21.0,R,70.0,R,33.0,R,2.0,R,31.0,R,20.0,R,65.0,R,14
250920,2011,A,,A,,A,,R,628.0,R,19.0,R,609.0,R,306.0,R,50.0,A,,A,,A,,A,,A,,R,10
250993,2011,A,,A,,A,,R,35.0,R,0.0,R,35.0,R,26.0,R,74.0,R,20.0,R,0.0,R,20.0,R,13.0,R,65.0,R,8
251075,2011,A,,A,,A,,R,123.0,R,0.0,R,123.0,R,87.0,R,71.0,A,,A,,A,,A,,A,,R,18
251251,2011,R,21.0,R,61.0,R,34.0,R,0.0,R,0.0,R,0.0,R,0.0,A,,R,0.0,R,0.0,R,0.0,R,0.0,A,,R,15
251260,2011,R,1136.0,R,2062.0,R,55.0,R,1011.0,R,0.0,R,1011.0,R,556.0,R,55.0,R,170.0,R,0.0,R,170.0,R,70.0,R,41.0,R,24
251312,2011,R,39.0,R,223.0,R,17.0,R,47.0,R,0.0,R,47.0,R,15.0,R,32.0,R,4.0,R,0.0,R,4.0,R,1.0,R,25.0,R,16
260293,2011,A,,A,,A,,R,40.0,R,0.0,R,40.0,R,20.0,R,50.0,R,20.0,R,0.0,R,20.0,R,7.0,R,35.0,R,24
260336,2011,A,,A,,A,,R,6.0,R,0.0,R,6.0,R,6.0,R,100.0,A,,A,,A,,A,,A,,R,2
260354,2011,A,,A,,A,,R,24.0,R,0.0,R,24.0,R,17.0,R,71.0,R,0.0,R,0.0,R,0.0,R,0.0,A,,R,15
260363,2011,A,,A,,A,,R,31.0,R,0.0,R,31.0,R,22.0,R,71.0,A,,A,,A,,A,,A,,R,12
260372,2011,R,33.0,R,62.0,R,53.0,R,49.0,R,0.0,R,49.0,R,27.0,R,55.0,R,29.0,R,0.0,R,29.0,R,9.0,R,31.0,R,20
260664,2011,A,,A,,A,,A,,A,,A,,A,,A,,A,,A,,A,,A,,A,,R,7
260691,2011,A,,A,,A,,R,487.0,R,0.0,R,487.0,R,399.0,R,82.0,A,,A,,A,,A,,A,,R,25
260789,2011,A,,A,,A,,R,9.0,Z,0.0,R,9.0,R,9.0,R,100.0,A,,A,,A,,A,,A,,R,13
260813,2011,R,3.0,R,35.0,R,9.0,R,1.0,R,0.0,R,1.0,R,1.0,R,100.0,A,,A,,A,,A,,A,,R,9
260901,2011,A,,A,,A,,R,1.0,R,0.0,R,1.0,R,1.0,R,100.0,R,729.0,R,1.0,R,728.0,R,127.0,R,17.0,R,16
260910,2011,A,,A,,A,,R,0.0,R,0.0,R,0.0,R,0.0,A,,R,0.0,R,0.0,R,0.0,R,0.0,A,,R,16
260929,2011,A,,A,,A,,R,86.0,R,0.0,R,86.0,R,59.0,R,69.0,R,20.0,R,0.0,R,20.0,R,13.0,R,65.0,R,15
260947,2011,R,5.0,R,20.0,R,25.0,R,3.0,R,0.0,R,3.0,R,2.0,R,67.0,R,1.0,R,0.0,R,1.0,R,0.0,R,0.0,R,8
260965,2011,A,,A,,A,,R,18.0,R,0.0,R,18.0,R,14.0,R,78.0,A,,A,,A,,A,,A,,R,23
260974,2011,R,13.0,R,24.0,R,54.0,R,0.0,R,0.0,R,0.0,R,0.0,A,,R,0.0,R,0.0,R,0.0,R,0.0,A,,R,14
260992,2011,R,90.0,R,300.0,R,30.0,R,178.0,R,0.0,R,178.0,R,69.0,R,39.0,R,185.0,R,0.0,R,185.0,R,107.0,R,58.0,R,15
261375,2011,A,,A,,A,,R,44.0,R,1.0,R,43.0,R,42.0,R,98.0,R,100.0,R,0.0,R,100.0,R,97.0,R,97.0,R,6
261384,2011,A,,A,,A,,R,1.0,R,0.0,R,1.0,R,0.0,R,0.0,R,13.0,R,0.0,R,13.0,R,11.0,R,85.0,R,8
261393,2011,A,,A,,A,,R,26.0,R,0.0,R,26.0,R,25.0,R,96.0,R,42.0,R,0.0,R,42.0,R,40.0,R,95.0,R,8
261436,2011,A,,A,,A,,R,188.0,R,0.0,R,188.0,R,166.0,R,88.0,A,,A,,A,,A,,A,,R,10
261472,2011,R,63.0,R,107.0,R,59.0,R,0.0,R,0.0,R,0.0,R,0.0,A,,R,0.0,R,0.0,R,0.0,R,0.0,A,,R,21
261676,2011,A,,A,,A,,A,,A,,A,,A,,A,,A,,A,,A,,A,,A,,R,17
261685,2011,A,,A,,A,,A,,A,,A,,A,,A,,A,,A,,A,,A,,A,,R,16
261719,2011,A,,A,,A,,R,4.0,R,0.0,R,4.0,R,4.0,R,100.0,R,24.0,R,0.0,R,24.0,R,21.0,R,88.0,R,25
261773,2011,A,,A,,A,,R,55.0,R,0.0,R,55.0,R,55.0,R,100.0,R,0.0,R,0.0,R,0.0,R,0.0,A,,R,19
261861,2011,R,29.0,R,37.0,R,78.0,R,84.0,R,0.0,R,84.0,R,62.0,R,74.0,A,,A,,A,,A,,A,,R,23
261931,2011,R,37.0,R,63.0,R,59.0,R,7.0,R,0.0,R,7.0,R,6.0,R,86.0,A,,A,,A,,A,,A,,R,13
262031,2011,R,1338.0,R,2467.0,R,54.0,R,1385.0,R,0.0,R,1385.0,R,864.0,R,62.0,R,404.0,R,0.0,R,404.0,R,167.0,R,41.0,R,24
262086,2011,A,,A,,A,,A,,A,,A,,A,,A,,A,,A,,A,,A,,A,,R,12
262129,2011,R,237.0,R,270.0,R,88.0,R,183.0,R,0.0,R,183.0,R,158.0,R,86.0,A,,A,,A,,A,,A,,R,10
262235,2011,A,,A,,A,,R,21.0,R,0.0,R,21.0,R,19.0,R,90.0,A,,A,,A,,A,,A,,R,20
262299,2011,A,,A,,A,,R,17.0,Z,0.0,R,17.0,R,13.0,R,76.0,R,2.0,Z,0.0,R,2.0,R,1.0,R,50.0,R,17
262332,2011,A,,A,,A,,R,0.0,Z,0.0,R,0.0,R,0.0,A,,A,,A,,A,,A,,A,,R,27
262341,2011,A,,A,,A,,R,348.0,R,0.0,R,348.0,R,290.0,R,83.0,A,,A,,A,,A,,A,,R,12
262369,2011,A,,A,,A,,R,133.0,R,0.0,R,133.0,R,123.0,R,92.0,A,,A,,A,,A,,A,,R,15
262402,2011,A,,A,,A,,A,,A,,A,,A,,A,,A,,A,,A,,A,,A,,R,8
262457,2011,A,,A,,A,,R,202.0,R,1.0,R,201.0,R,129.0,R,64.0,A,,A,,A,,A,,A,,R,22
262466,2011,A,,A,,A,,A,,A,,A,,A,,A,,A,,A,,A,,A,,A,,R,9
262509,2011,A,,A,,A,,R,206.0,R,0.0,R,206.0,R,160.0,R,78.0,A,,A,,A,,A,,A,,R,25
262660,2011,A,,A,,A,,R,10.0,Z,0.0,R,10.0,R,4.0,R,40.0,R,7.0,Z,0.0,R,7.0,R,4.0,R,57.0,R,18
362700,2011,A,,A,,A,,R,163.0,R,0.0,R,163.0,R,134.0,R,82.0,R,80.0,R,0.0,R,80.0,R,61.0,R,76.0,R,21
362782,2011,A,,A,,A,,A,,A,,A,,A,,A,,A,,A,,A,,A,,A,,R,2
363013,2011,A,,A,,A,,A,,A,,A,,A,,A,,A,,A,,A,,A,,A,,R,19
363077,2011,A,,A,,A,,R,74.0,R,0.0,R,74.0,R,63.0,R,85.0,R,59.0,R,0.0,R,59.0,R,50.0,R,85.0,R,19
363147,2011,A,,A,,A,,R,6.0,R,0.0,R,6.0,R,6.0,R,100.0,R,5.0,R,0.0,R,5.0,R,4.0,R,80.0,R,10
363165,2011,A,,A,,A,,R,292.0,Z,0.0,R,292.0,R,224.0,R,77.0,R,592.0,Z,0.0,R,592.0,R,245.0,R,41.0,R,14
363387,2011,R,144.0,R,303.0,R,48.0,R,159.0,R,0.0,R,159.0,R,104.0,R,65.0,R,178.0,R,0.0,R,178.0,R,108.0,R,61.0,R,30
363439,2011,R,46.0,R,62.0,R,74.0,R,8.0,R,0.0,R,8.0,R,7.0,R,88.0,R,9.0,R,0.0,R,9.0,R,5.0,R,56.0,R,12
363457,2011,A,,A,,A,,A,,A,,A,,A,,A,,A,,A,,A,,A,,A,,R,6
363590,2011,A,,A,,A,,R,279.0,R,0.0,R,279.0,R,205.0,R,73.0,A,,A,,A,,A,,A,,R,30
363633,2011,R,92.0,R,746.0,R,12.0,R,130.0,Z,0.0,R,130.0,R,65.0,R,50.0,R,50.0,Z,0.0,R,50.0,R,15.0,R,30.0,R,17
363679,2011,A,,A,,A,,R,39.0,R,1.0,R,38.0,R,33.0,R,87.0,R,10.0,Z,0.0,R,10.0,R,9.0,R,90.0,R,17
363712,2011,R,16.0,R,32.0,R,50.0,R,12.0,R,0.0,R,12.0,R,2.0,R,17.0,A,,A,,A,,A,,A,,R,8
363882,2011,A,,A,,A,,R,3.0,R,0.0,R,3.0,R,3.0,R,100.0,R,12.0,R,0.0,R,12.0,R,11.0,R,92.0,R,12
363907,2011,R,208.0,R,471.0,R,44.0,R,125.0,R,0.0,R,125.0,R,86.0,R,69.0,R,25.0,R,0.0,R,25.0,R,19.0,R,76.0,R,24
363916,2011,R,123.0,R,164.0,R,75.0,R,35.0,R,0.0,R,35.0,R,26.0,R,74.0,R,9.0,R,0.0,R,9.0,R,3.0,R,33.0,R,17
363934,2011,R,100.0,R,208.0,R,48.0,R,130.0,R,0.0,R,130.0,R,79.0,R,61.0,A,,A,,A,,A,,A,,R,11
364016,2011,R,859.0,R,3262.0,R,26.0,R,681.0,R,0.0,R,681.0,R,434.0,R,64.0,R,454.0,R,0.0,R,454.0,R,191.0,R,42.0,R,20
364025,2011,R,1391.0,R,4011.0,R,35.0,R,1425.0,R,0.0,R,1425.0,R,894.0,R,63.0,R,916.0,R,0.0,R,916.0,R,372.0,R,41.0,R,25
364122,2011,A,,A,,A,,A,,A,,A,,A,,A,,A,,A,,A,,A,,A,,R,1
364168,2011,R,174.0,R,174.0,R,100.0,R,10.0,R,0.0,R,10.0,R,7.0,R,70.0,A,,A,,A,,A,,A,,R,6
364317,2011,A,,A,,A,,R,113.0,R,2.0,R,111.0,R,74.0,R,67.0,A,,A,,A,,A,,A,,R,28
364326,2011,A,,A,,A,,R,49.0,R,0.0,R,49.0,R,37.0,R,76.0,R,95.0,R,0.0,R,95.0,R,62.0,R,65.0,R,20
364335,2011,A,,A,,A,,R,170.0,Z,0.0,R,170.0,R,139.0,R,82.0,A,,A,,A,,A,,A,,R,43
364548,2011,A,,A,,A,,R,253.0,R,2.0,R,251.0,R,242.0,R,96.0,R,60.0,R,0.0,R,60.0,R,57.0,R,95.0,R,4
364566,2011,A,,A,,A,,R,29.0,R,0.0,R,29.0,R,21.0,R,72.0,R,7.0,R,0.0,R,7.0,R,5.0,R,71.0,R,25
364575,2011,A,,A,,A,,R,31.0,R,0.0,R,31.0,R,19.0,R,61.0,A,,A,,A,,A,,A,,R,10
364584,2011,A,,A,,A,,R,43.0,R,0.0,R,43.0,R,27.0,R,63.0,R,27.0,R,0.0,R,27.0,R,16.0,R,59.0,R,16
364593,2011,A,,A,,A,,R,59.0,R,0.0,R,59.0,R,59.0,R,100.0,A,,A,,A,,A,,A,,R,12
364618,2011,A,,A,,A,,R,60.0,R,0.0,R,60.0,R,33.0,R,55.0,A,,A,,A,,A,,A,,R,23
364627,2011,A,,A,,A,,R,36.0,R,0.0,R,36.0,R,27.0,R,75.0,R,198.0,R,0.0,R,198.0,R,118.0,R,60.0,R,10
364636,2011,A,,A,,A,,R,51.0,R,0.0,R,51.0,R,45.0,R,88.0,A,,A,,A,,A,,A,,R,10
364751,2011,A,,A,,A,,A,,A,,A,,A,,A,,A,,A,,A,,A,,A,,R,33
364760,2011,A,,A,,A,,R,7.0,R,0.0,R,7.0,R,7.0,R,100.0,R,0.0,R,0.0,R,0.0,R,0.0,A,,R,10
364812,2011,A,,A,,A,,R,16.0,R,0.0,R,16.0,R,13.0,R,81.0,R,11.0,R,0.0,R,11.0,R,8.0,R,73.0,R,12
364885,2011,R,86.0,R,101.0,R,85.0,R,146.0,R,0.0,R,146.0,R,79.0,R,54.0,A,,A,,A,,A,,A,,R,14
364946,2011,A,,A,,A,,R,38.0,R,0.0,R,38.0,R,29.0,R,76.0,R,59.0,R,0.0,R,59.0,R,43.0,R,73.0,R,4
364955,2011,A,,A,,A,,R,249.0,Z,0.0,R,249.0,R,187.0,R,75.0,A,,A,,A,,A,,A,,R,35
364964,2011,A,,A,,A,,R,15.0,R,0.0,R,15.0,R,14.0,R,93.0,A,,A,,A,,A,,A,,R,7
364973,2011,A,,A,,A,,R,166.0,R,0.0,R,166.0,R,116.0,R,70.0,A,,A,,A,,A,,A,,R,37
365055,2011,R,448.0,R,682.0,R,66.0,R,456.0,R,0.0,R,456.0,R,234.0,R,51.0,R,93.0,R,0.0,R,93.0,R,46.0,R,49.0,R,18
365073,2011,A,,A,,A,,R,68.0,Z,0.0,R,68.0,R,47.0,R,69.0,R,4.0,R,0.0,R,4.0,R,3.0,R,75.0,R,12
365091,2011,A,,A,,A,,R,165.0,R,0.0,R,165.0,R,130.0,R,79.0,A,,A,,A,,A,,A,,R,19
365107,2011,A,,A,,A,,N,18.0,N,18.0,N,0.0,N,14.0,A,,A,,A,,A,,A,,A,,N,15
365125,2011,A,,A,,A,,R,60.0,R,0.0,R,60.0,R,55.0,R,92.0,A,,A,,A,,A,,A,,R,16
365198,2011,A,,A,,A,,R,2.0,R,0.0,R,2.0,R,1.0,R,50.0,R,3.0,R,0.0,R,3.0,R,2.0,R,67.0,R,8
365204,2011,R,1367.0,R,1367.0,R,100.0,R,1284.0,R,0.0,R,1284.0,R,997.0,R,78.0,A,,A,,A,,A,,A,,R,13
365213,2011,A,,A,,A,,R,19.0,R,0.0,R,19.0,R,14.0,R,74.0,R,51.0,R,0.0,R,51.0,R,12.0,R,24.0,R,9
365240,2011,A,,A,,A,,R,152.0,R,0.0,R,152.0,R,150.0,R,99.0,R,62.0,R,0.0,R,62.0,R,60.0,R,97.0,R,18
365374,2011,A,,A,,A,,R,163.0,R,0.0,R,163.0,R,102.0,R,63.0,R,65.0,R,0.0,R,65.0,R,33.0,R,51.0,R,9
365383,2011,A,,A,,A,,R,109.0,R,0.0,R,109.0,R,75.0,R,69.0,A,,A,,A,,A,,A,,R,14
365453,2011,A,,A,,A,,R,4.0,R,0.0,R,4.0,R,3.0,R,75.0,A,,A,,A,,A,,A,,R,22
365480,2011,A,,A,,A,,R,58.0,R,0.0,R,58.0,R,40.0,R,69.0,R,76.0,R,0.0,R,76.0,R,53.0,R,70.0,R,7
365505,2011,A,,A,,A,,R,72.0,R,5.0,R,67.0,R,59.0,R,88.0,R,0.0,R,0.0,R,0.0,R,0.0,A,,R,2
365569,2011,A,,A,,A,,R,21.0,R,0.0,R,21.0,R,19.0,R,90.0,R,33.0,R,0.0,R,33.0,R,24.0,R,73.0,R,13
365693,2011,A,,A,,A,,R,68.0,R,0.0,R,68.0,R,68.0,R,100.0,R,15.0,R,0.0,R,15.0,R,13.0,R,87.0,R,9
365763,2011,A,,A,,A,,R,33.0,R,0.0,R,33.0,R,33.0,R,100.0,A,,A,,A,,A,,A,,R,14
365824,2011,A,,A,,A,,A,,A,,A,,A,,A,,A,,A,,A,,A,,A,,R,15
365833,2011,A,,A,,A,,A,,A,,A,,A,,A,,A,,A,,A,,A,,A,,R,22
366003,2011,R,6.0,R,19.0,R,32.0,R,5.0,R,0.0,R,5.0,R,5.0,R,100.0,R,0.0,R,0.0,R,0.0,R,0.0,A,,R,7
366155,2011,A,,A,,A,,R,11.0,R,0.0,R,11.0,R,9.0,R,82.0,A,,A,,A,,A,,A,,R,20
366191,2011,A,,A,,A,,R,932.0,Z,0.0,R,932.0,R,591.0,R,63.0,A,,A,,A,,A,,A,,R,30
366252,2011,R,1349.0,R,1863.0,R,72.0,R,294.0,R,0.0,R,294.0,R,195.0,R,66.0,R,3.0,R,0.0,R,3.0,R,1.0,R,33.0,R,18
366261,2011,R,48.0,R,76.0,R,63.0,R,52.0,R,0.0,R,52.0,R,37.0,R,71.0,A,,A,,A,,A,,A,,R,42
366270,2011,A,,A,,A,,R,140.0,R,0.0,R,140.0,R,84.0,R,60.0,A,,A,,A,,A,,A,,R,17
366289,2011,A,,A,,A,,R,37.0,R,0.0,R,37.0,R,21.0,R,57.0,A,,A,,A,,A,,A,,R,19
366340,2011,R,34.0,R,51.0,R,67.0,R,15.0,R,0.0,R,15.0,R,6.0,R,40.0,R,9.0,R,0.0,R,9.0,R,2.0,R,22.0,R,18
366395,2011,R,4449.0,R,8675.0,R,51.0,R,4876.0,Z,0.0,R,4876.0,R,3182.0,R,65.0,R,858.0,Z,0.0,R,858.0,R,375.0,R,44.0,R,25
366401,2011,R,782.0,R,2564.0,R,30.0,R,1004.0,Z,0.0,R,1004.0,R,754.0,R,75.0,R,727.0,Z,0.0,R,727.0,R,333.0,R,46.0,R,29
366438,2011,A,,A,,A,,R,30.0,Z,0.0,R,30.0,R,25.0,R,83.0,R,29.0,Z,0.0,R,29.0,R,24.0,R,83.0,R,15
366447,2011,R,70.0,R,517.0,R,14.0,R,157.0,R,0.0,R,157.0,R,103.0,R,66.0,R,298.0,R,0.0,R,298.0,R,109.0,R,37.0,R,12
366465,2011,R,126.0,R,358.0,R,35.0,R,372.0,R,0.0,R,372.0,R,186.0,R,50.0,R,143.0,R,0.0,R,143.0,R,57.0,R,40.0,R,15
366535,2011,A,,A,,A,,R,178.0,Z,0.0,R,178.0,R,107.0,R,60.0,A,,A,,A,,A,,A,,R,21
366544,2011,A,,A,,A,,R,185.0,R,0.0,R,185.0,R,123.0,R,66.0,R,4.0,R,0.0,R,4.0,R,0.0,R,0.0,R,34
366553,2011,R,150.0,R,347.0,R,43.0,R,22.0,R,0.0,R,22.0,R,8.0,R,36.0,R,2.0,R,0.0,R,2.0,R,2.0,R,100.0,R,12
366571,2011,A,,A,,A,,A,,A,,A,,A,,A,,A,,A,,A,,A,,A,,R,6
366580,2011,R,41.0,R,62.0,R,66.0,R,1.0,R,0.0,R,1.0,R,1.0,R,100.0,R,0.0,R,0.0,R,0.0,R,0.0,A,,R,22
366623,2011,A,,A,,A,,R,6.0,R,0.0,R,6.0,R,5.0,R,83.0,R,10.0,R,0.0,R,10.0,R,8.0,R,80.0,R,7
366632,2011,A,,A,,A,,R,26.0,R,0.0,R,26.0,R,23.0,R,88.0,A,,A,,A,,A,,A,,R,22
366650,2011,R,68.0,R,93.0,R,73.0,R,0.0,R,0.0,R,0.0,R,0.0,A,,R,0.0,R,0.0,R,0.0,R,0.0,A,,R,22
366678,2011,R,50.0,R,72.0,R,69.0,R,0.0,R,0.0,R,0.0,R,0.0,A,,R,0.0,R,0.0,R,0.0,R,0.0,A,,R,20
366696,2011,R,50.0,R,60.0,R,83.0,R,0.0,R,0.0,R,0.0,R,0.0,A,,R,0.0,R,0.0,R,0.0,R,0.0,A,,R,22
366711,2011,R,1359.0,R,2567.0,R,53.0,R,1159.0,Z,0.0,R,1159.0,R,949.0,R,82.0,R,95.0,Z,0.0,R,95.0,R,53.0,R,56.0,R,23
366748,2011,R,14.0,R,84.0,R,17.0,R,10.0,R,0.0,R,10.0,R,2.0,R,20.0,R,5.0,R,0.0,R,5.0,R,1.0,R,20.0,R,18
366960,2011,A,,A,,A,,R,182.0,Z,0.0,R,182.0,R,154.0,R,85.0,A,,A,,A,,A,,A,,R,29
367024,2011,A,,A,,A,,R,0.0,R,0.0,R,0.0,R,0.0,A,,R,1.0,R,0.0,R,1.0,R,0.0,R,0.0,R,24
367051,2011,A,,A,,A,,R,20.0,R,0.0,R,20.0,R,18.0,R,90.0,R,28.0,R,0.0,R,28.0,R,25.0,R,89.0,R,14
367088,2011,A,,A,,A,,R,17.0,R,1.0,R,16.0,R,13.0,R,81.0,A,,A,,A,,A,,A,,R,16
367097,2011,R,48.0,R,48.0,R,100.0,R,87.0,R,1.0,R,86.0,R,59.0,R,69.0,A,,A,,A,,A,,A,,R,15
367103,2011,A,,A,,A,,R,19.0,R,0.0,R,19.0,R,10.0,R,53.0,A,,A,,A,,A,,A,,R,10
367112,2011,R,133.0,R,274.0,R,49.0,R,81.0,Z,0.0,R,81.0,R,62.0,R,77.0,R,9.0,Z,0.0,R,9.0,R,2.0,R,22.0,R,22
367130,2011,A,,A,,A,,R,20.0,Z,0.0,R,20.0,R,19.0,R,95.0,R,4.0,Z,0.0,R,4.0,R,3.0,R,75.0,R,16
367158,2011,A,,A,,A,,A,,A,,A,,A,,A,,A,,A,,A,,A,,A,,R,21
367194,2011,R,101.0,R,223.0,R,45.0,R,101.0,R,0.0,R,101.0,R,66.0,R,65.0,R,12.0,R,0.0,R,12.0,R,6.0,R,50.0,R,7
367316,2011,A,,A,,A,,R,293.0,R,0.0,R,293.0,R,224.0,R,76.0,A,,A,,A,,A,,A,,R,20
367334,2011,A,,A,,A,,A,,A,,A,,A,,A,,A,,A,,A,,A,,A,,R,9
367361,2011,A,,A,,A,,A,,A,,A,,A,,A,,A,,A,,A,,A,,A,,R,10
367398,2011,A,,A,,A,,R,119.0,R,0.0,R,119.0,R,82.0,R,69.0,R,76.0,R,1.0,R,75.0,R,56.0,R,75.0,R,25
367413,2011,A,,A,,A,,R,134.0,Z,0.0,R,134.0,R,108.0,R,81.0,A,,A,,A,,A,,A,,R,32
367431,2011,A,,A,,A,,R,24.0,R,0.0,R,24.0,R,14.0,R,58.0,A,,A,,A,,A,,A,,R,19
367459,2011,R,885.0,R,3278.0,R,27.0,R,836.0,R,0.0,R,836.0,R,450.0,R,54.0,R,576.0,R,0.0,R,576.0,R,249.0,R,43.0,R,19
367662,2011,A,,A,,A,,R,21.0,Z,0.0,R,21.0,R,14.0,R,67.0,R,52.0,Z,0.0,R,52.0,R,39.0,R,75.0,R,22
367839,2011,R,25.0,R,40.0,R,63.0,R,7.0,R,0.0,R,7.0,R,3.0,R,43.0,R,12.0,R,0.0,R,12.0,R,1.0,R,8.0,R,11
367875,2011,A,,A,,A,,R,230.0,R,0.0,R,230.0,R,10.0,R,4.0,A,,A,,A,,A,,A,,R,17
367884,2011,R,134.0,R,507.0,R,26.0,R,28.0,R,0.0,R,28.0,R,16.0,R,57.0,R,3.0,R,0.0,R,3.0,R,0.0,R,0.0,R,15
367909,2011,A,,A,,A,,R,2.0,R,0.0,R,2.0,R,1.0,R,50.0,R,0.0,R,0.0,R,0.0,R,0.0,A,,R,24
367936,2011,R,24.0,R,217.0,R,11.0,R,14.0,R,0.0,R,14.0,R,6.0,R,43.0,R,64.0,R,0.0,R,64.0,R,23.0,R,36.0,R,20
367972,2011,A,,A,,A,,R,53.0,R,0.0,R,53.0,R,51.0,R,96.0,A,,A,,A,,A,,A,,R,16
367981,2011,A,,A,,A,,R,14.0,R,0.0,R,14.0,R,12.0,R,86.0,R,15.0,R,0.0,R,15.0,R,13.0,R,87.0,R,12
368036,2011,A,,A,,A,,A,,A,,A,,A,,A,,A,,A,,A,,A,,A,,R,24
368160,2011,A,,A,,A,,R,10.0,R,0.0,R,10.0,R,10.0,R,100.0,R,2.0,R,0.0,R,2.0,R,0.0,R,0.0,R,1
368230,2011,A,,A,,A,,R,36.0,Z,0.0,R,36.0,R,17.0,R,47.0,R,5.0,Z,0.0,R,5.0,R,5.0,R,100.0,R,24
368364,2011,A,,A,,A,,R,44.0,R,5.0,R,39.0,R,32.0,R,82.0,R,77.0,R,6.0,R,71.0,R,54.0,R,76.0,R,18
368407,2011,A,,A,,A,,R,15.0,R,0.0,R,15.0,R,9.0,R,60.0,R,6.0,Z,0.0,R,6.0,R,4.0,R,67.0,R,11
368443,2011,R,102.0,R,297.0,R,34.0,R,42.0,R,0.0,R,42.0,R,27.0,R,64.0,R,0.0,R,0.0,R,0.0,R,0.0,A,,R,18
368452,2011,R,90.0,R,105.0,R,86.0,R,44.0,R,0.0,R,44.0,R,36.0,R,82.0,A,,A,,A,,A,,A,,R,16
368540,2011,A,,A,,A,,R,13.0,Z,0.0,R,13.0,R,12.0,R,92.0,A,,A,,A,,A,,A,,R,24
368601,2011,R,77.0,R,133.0,R,58.0,R,9.0,R,0.0,R,9.0,R,6.0,R,67.0,R,2.0,R,0.0,R,2.0,R,0.0,R,0.0,R,24
368629,2011,A,,A,,A,,R,179.0,R,0.0,R,179.0,R,136.0,R,76.0,A,,A,,A,,A,,A,,R,25
368647,2011,A,,A,,A,,R,0.0,R,0.0,R,0.0,R,0.0,A,,A,,A,,A,,A,,A,,R,9
368771,2011,A,,A,,A,,A,,A,,A,,A,,A,,A,,A,,A,,A,,A,,R,35
368780,2011,A,,A,,A,,R,56.0,R,0.0,R,56.0,R,26.0,R,46.0,A,,A,,A,,A,,A,,R,24
368799,2011,A,,A,,A,,N,165.0,N,165.0,N,0.0,N,107.0,A,,N,213.0,N,213.0,N,0.0,N,150.0,A,,N,18
368805,2011,A,,A,,A,,R,144.0,R,1.0,R,143.0,R,108.0,R,76.0,R,0.0,R,0.0,R,0.0,R,0.0,A,,R,30
368832,2011,A,,A,,A,,R,5.0,R,0.0,R,5.0,R,4.0,R,80.0,R,2.0,R,0.0,R,2.0,R,2.0,R,100.0,R,30
368911,2011,R,90.0,R,384.0,R,23.0,R,196.0,R,0.0,R,196.0,R,107.0,R,55.0,R,131.0,R,0.0,R,131.0,R,63.0,R,48.0,R,12
369020,2011,A,,A,,A,,R,14.0,R,0.0,R,14.0,R,13.0,R,93.0,A,,A,,A,,A,,A,,R,15
369084,2011,R,48.0,R,73.0,R,66.0,R,1.0,R,0.0,R,1.0,R,1.0,R,100.0,R,1.0,R,0.0,R,1.0,R,1.0,R,100.0,R,13
369109,2011,A,,A,,A,,R,40.0,R,0.0,R,40.0,R,38.0,R,95.0,R,16.0,R,0.0,R,16.0,R,13.0,R,81.0,R,7
369400,2011,A,,A,,A,,R,1886.0,Z,0.0,R,1886.0,R,1264.0,R,67.0,A,,A,,A,,A,,A,,R,30
369419,2011,A,,A,,A,,R,291.0,R,0.0,R,291.0,R,260.0,R,89.0,A,,A,,A,,A,,A,,R,12
369446,2011,A,,A,,A,,R,12.0,R,0.0,R,12.0,R,4.0,R,33.0,R,7.0,R,0.0,R,7.0,R,3.0,R,43.0,R,16
369455,2011,A,,A,,A,,A,,A,,A,,A,,A,,A,,A,,A,,A,,A,,R,17
369516,2011,R,373.0,R,373.0,R,100.0,R,125.0,R,0.0,R,125.0,R,125.0,R,100.0,A,,A,,A,,A,,A,,R,36
369668,2011,A,,A,,A,,R,159.0,R,0.0,R,159.0,R,143.0,R,90.0,A,,A,,A,,A,,A,,R,9
369686,2011,A,,A,,A,,R,136.0,R,2.0,R,134.0,R,95.0,R,71.0,A,,A,,A,,A,,A,,R,22
369695,2011,A,,A,,A,,R,34.0,R,0.0,R,34.0,R,33.0,R,97.0,A,,A,,A,,A,,A,,R,35
369783,2011,A,,A,,A,,R,219.0,R,0.0,R,219.0,R,169.0,R,77.0,A,,A,,A,,A,,A,,R,31
369792,2011,A,,A,,A,,A,,A,,A,,A,,A,,A,,A,,A,,A,,A,,R,8
369862,2011,R,39.0,R,81.0,R,48.0,R,16.0,Z,0.0,R,16.0,R,10.0,R,63.0,A,,A,,A,,A,,A,,R,14
369905,2011,R,46.0,R,257.0,R,18.0,R,0.0,R,0.0,R,0.0,R,0.0,A,,R,0.0,R,0.0,R,0.0,R,0.0,A,,R,15
369950,2011,A,,A,,A,,R,74.0,R,0.0,R,74.0,R,64.0,R,86.0,R,4.0,R,0.0,R,4.0,R,3.0,R,75.0,R,13
371034,2011,A,,A,,A,,R,9.0,R,0.0,R,9.0,R,7.0,R,78.0,A,,A,,A,,A,,A,,R,5
371052,2011,A,,A,,A,,R,110.0,R,0.0,R,110.0,R,54.0,R,49.0,A,,A,,A,,A,,A,,R,17
371140,2011,A,,A,,A,,R,22.0,R,0.0,R,22.0,R,18.0,R,82.0,R,5.0,R,0.0,R,5.0,R,5.0,R,100.0,R,9
371265,2011,A,,A,,A,,R,277.0,R,0.0,R,277.0,R,231.0,R,83.0,A,,A,,A,,A,,A,,R,30
371690,2011,A,,A,,A,,R,1015.0,R,0.0,R,1015.0,R,41.0,R,4.0,R,570.0,Z,0.0,R,570.0,R,41.0,R,7.0,R,30
371760,2011,R,101.0,R,371.0,R,27.0,R,302.0,R,0.0,R,302.0,R,150.0,R,50.0,R,268.0,R,0.0,R,268.0,R,137.0,R,51.0,R,25
371779,2011,R,110.0,R,280.0,R,39.0,R,188.0,R,0.0,R,188.0,R,129.0,R,69.0,R,266.0,R,0.0,R,266.0,R,150.0,R,56.0,R,30
371830,2011,A,,A,,A,,R,9.0,R,0.0,R,9.0,R,8.0,R,89.0,R,1.0,R,0.0,R,1.0,R,0.0,R,0.0,R,25
371928,2011,A,,A,,A,,R,56.0,R,0.0,R,56.0,R,51.0,R,91.0,A,,A,,A,,A,,A,,R,14
371964,2011,A,,A,,A,,A,,A,,A,,A,,A,,A,,A,,A,,A,,A,,R,37
371982,2011,A,,A,,A,,R,212.0,R,1.0,R,211.0,R,168.0,R,80.0,R,6.0,R,0.0,R,6.0,R,0.0,R,0.0,R,30
372000,2011,A,,A,,A,,R,46.0,R,0.0,R,46.0,R,36.0,R,78.0,R,10.0,R,0.0,R,10.0,R,9.0,R,90.0,R,14
372028,2011,A,,A,,A,,R,17.0,R,0.0,R,17.0,R,14.0,R,82.0,A,,A,,A,,A,,A,,R,29
372037,2011,A,,A,,A,,R,286.0,R,1.0,R,285.0,R,200.0,R,70.0,R,3.0,R,0.0,R,3.0,R,1.0,R,33.0,R,30
372073,2011,A,,A,,A,,R,5.0,R,0.0,R,5.0,R,3.0,R,60.0,A,,A,,A,,A,,A,,R,13
372082,2011,A,,A,,A,,R,199.0,R,0.0,R,199.0,R,150.0,R,75.0,R,180.0,R,0.0,R,180.0,R,50.0,R,28.0,R,25
372213,2011,A,,A,,A,,R,303.0,R,0.0,R,303.0,R,108.0,R,36.0,A,,A,,A,,A,,A,,R,48
372222,2011,A,,A,,A,,R,110.0,R,0.0,R,110.0,R,70.0,R,64.0,A,,A,,A,,A,,A,,R,40
372240,2011,A,,A,,A,,R,2.0,R,0.0,R,2.0,R,0.0,R,0.0,A,,A,,A,,A,,A,,R,12
372329,2011,R,246.0,R,246.0,R,100.0,R,212.0,R,0.0,R,212.0,R,191.0,R,90.0,A,,A,,A,,A,,A,,R,9
372356,2011,A,,A,,A,,R,57.0,R,0.0,R,57.0,R,46.0,R,81.0,R,5.0,R,0.0,R,5.0,R,5.0,R,100.0,R,15
372462,2011,A,,A,,A,,R,41.0,R,0.0,R,41.0,R,35.0,R,85.0,A,,A,,A,,A,,A,,R,10
372523,2011,A,,A,,A,,R,67.0,Z,0.0,R,67.0,R,49.0,R,73.0,R,1.0,R,0.0,R,1.0,R,0.0,R,0.0,R,24
372578,2011,R,33.0,R,54.0,R,61.0,R,0.0,R,0.0,R,0.0,R,0.0,A,,R,0.0,R,0.0,R,0.0,R,0.0,A,,R,14
372718,2011,A,,A,,A,,R,107.0,R,0.0,R,107.0,R,85.0,R,79.0,R,22.0,R,0.0,R,22.0,R,16.0,R,73.0,R,10
372772,2011,A,,A,,A,,R,124.0,R,0.0,R,124.0,R,104.0,R,84.0,A,,A,,A,,A,,A,,R,38
372921,2011,A,,A,,A,,R,262.0,R,0.0,R,262.0,R,167.0,R,64.0,A,,A,,A,,A,,A,,R,12
372958,2011,A,,A,,A,,R,1.0,Z,0.0,R,1.0,R,0.0,R,0.0,A,,A,,A,,A,,A,,R,22
373058,2011,A,,A,,A,,R,79.0,R,0.0,R,79.0,R,43.0,R,54.0,R,0.0,R,0.0,R,0.0,R,0.0,A,,R,32
373085,2011,R,108.0,R,134.0,R,81.0,R,83.0,R,0.0,R,83.0,R,24.0,R,29.0,A,,A,,A,,A,,A,,R,10
373119,2011,A,,A,,A,,R,82.0,R,0.0,R,82.0,R,32.0,R,39.0,R,60.0,R,0.0,R,60.0,R,17.0,R,28.0,R,20
373216,2011,A,,A,,A,,R,108.0,R,0.0,R,108.0,R,96.0,R,89.0,A,,A,,A,,A,,A,,R,24
373340,2011,A,,A,,A,,R,36.0,R,0.0,R,36.0,R,31.0,R,86.0,R,24.0,R,0.0,R,24.0,R,20.0,R,83.0,R,10
373447,2011,R,11.0,R,23.0,R,48.0,R,7.0,R,0.0,R,7.0,R,5.0,R,71.0,A,,A,,A,,A,,A,,R,30
373526,2011,A,,A,,A,,A,,A,,A,,A,,A,,A,,A,,A,,A,,A,,R,8
373605,2011,A,,A,,A,,R,21.0,R,0.0,R,21.0,R,17.0,R,81.0,A,,A,,A,,A,,A,,R,8
373678,2011,A,,A,,A,,R,107.0,R,0.0,R,107.0,R,91.0,R,85.0,R,35.0,Z,0.0,R,35.0,R,31.0,R,89.0,R,17
373696,2011,A,,A,,A,,R,121.0,R,3.0,R,118.0,R,73.0,R,62.0,A,,A,,A,,A,,A,,R,25
373711,2011,A,,A,,A,,R,16.0,R,0.0,R,16.0,R,15.0,R,94.0,A,,A,,A,,A,,A,,R,10
373784,2011,A,,A,,A,,R,823.0,R,3.0,R,820.0,R,668.0,R,81.0,A,,A,,A,,A,,A,,R,34
373827,2011,R,115.0,R,142.0,R,81.0,R,140.0,Z,0.0,R,140.0,R,92.0,R,66.0,R,1.0,Z,0.0,R,1.0,R,0.0,R,0.0,R,15
373890,2011,A,,A,,A,,R,249.0,R,0.0,R,249.0,R,154.0,R,62.0,A,,A,,A,,A,,A,,R,34
374112,2011,A,,A,,A,,R,5.0,R,0.0,R,5.0,R,5.0,R,100.0,R,2.0,R,0.0,R,2.0,R,2.0,R,100.0,R,8
374291,2011,A,,A,,A,,R,24.0,R,10.0,R,14.0,R,14.0,R,100.0,A,,A,,A,,A,,A,,R,12
374316,2011,A,,A,,A,,R,15.0,R,0.0,R,15.0,R,14.0,R,93.0,R,8.0,R,0.0,R,8.0,R,6.0,R,75.0,R,20
374440,2011,A,,A,,A,,R,3.0,R,0.0,R,3.0,R,3.0,R,100.0,A,,A,,A,,A,,A,,R,20
374574,2011,A,,A,,A,,R,27.0,R,0.0,R,27.0,R,19.0,R,70.0,R,0.0,R,0.0,R,0.0,R,0.0,A,,R,16
374592,2011,A,,A,,A,,R,142.0,R,0.0,R,142.0,R,117.0,R,82.0,A,,A,,A,,A,,A,,R,20
374875,2011,A,,A,,A,,R,170.0,R,0.0,R,170.0,R,130.0,R,76.0,A,,A,,A,,A,,A,,R,25
374927,2011,A,,A,,A,,R,15.0,R,0.0,R,15.0,R,13.0,R,87.0,R,7.0,R,0.0,R,7.0,R,4.0,R,57.0,R,9
374972,2011,R,131.0,R,831.0,R,16.0,R,0.0,R,0.0,R,0.0,R,0.0,A,,R,4.0,R,0.0,R,4.0,R,2.0,R,50.0,R,21
374990,2011,A,,A,,A,,R,22.0,R,0.0,R,22.0,R,18.0,R,82.0,R,5.0,R,0.0,R,5.0,R,4.0,R,80.0,R,20
375106,2011,A,,A,,A,,A,,A,,A,,A,,A,,A,,A,,A,,A,,A,,R,17
375230,2011,R,10.0,R,37.0,R,27.0,R,10.0,R,0.0,R,10.0,R,9.0,R,90.0,A,,A,,A,,A,,A,,R,28
375300,2011,A,,A,,A,,R,79.0,R,0.0,R,79.0,R,63.0,R,80.0,A,,A,,A,,A,,A,,R,11
375319,2011,A,,A,,A,,R,29.0,R,0.0,R,29.0,R,23.0,R,79.0,A,,A,,A,,A,,A,,R,7
375373,2011,A,,A,,A,,R,177.0,R,0.0,R,177.0,R,158.0,R,89.0,A,,A,,A,,A,,A,,R,20
375407,2011,A,,A,,A,,R,72.0,R,0.0,R,72.0,R,61.0,R,85.0,R,9.0,R,0.0,R,9.0,R,7.0,R,78.0,R,14
375416,2011,A,,A,,A,,R,147.0,R,1.0,R,146.0,R,99.0,R,68.0,A,,A,,A,,A,,A,,R,16
375489,2011,R,209.0,R,214.0,R,98.0,R,319.0,R,0.0,R,319.0,R,123.0,R,39.0,A,,A,,A,,A,,A,,R,8
375540,2011,A,,A,,A,,R,28.0,R,0.0,R,28.0,R,24.0,R,86.0,R,45.0,R,0.0,R,45.0,R,31.0,R,69.0,R,25
375559,2011,A,,A,,A,,R,56.0,R,0.0,R,56.0,R,47.0,R,84.0,R,31.0,R,0.0,R,31.0,R,19.0,R,61.0,R,25
375568,2011,A,,A,,A,,R,4.0,R,0.0,R,4.0,R,4.0,R,100.0,R,6.0,R,0.0,R,6.0,R,6.0,R,100.0,R,14
375647,2011,A,,A,,A,,R,149.0,R,0.0,R,149.0,R,101.0,R,68.0,R,18.0,R,0.0,R,18.0,R,10.0,R,56.0,R,12
375656,2011,A,,A,,A,,R,80.0,R,0.0,R,80.0,R,19.0,R,24.0,R,16.0,R,0.0,R,16.0,R,2.0,R,13.0,R,9
375683,2011,A,,A,,A,,R,115.0,Z,0.0,R,115.0,R,113.0,R,98.0,R,16.0,Z,0.0,R,16.0,R,15.0,R,94.0,R,18
375692,2011,A,,A,,A,,R,20.0,Z,0.0,R,20.0,R,15.0,R,75.0,R,12.0,Z,0.0,R,12.0,R,10.0,R,83.0,R,6
375708,2011,A,,A,,A,,R,56.0,R,0.0,R,56.0,R,32.0,R,57.0,R,27.0,R,0.0,R,27.0,R,24.0,R,89.0,R,18
375717,2011,A,,A,,A,,R,55.0,R,0.0,R,55.0,R,46.0,R,84.0,R,122.0,R,0.0,R,122.0,R,100.0,R,82.0,R,10
375726,2011,A,,A,,A,,R,103.0,R,1.0,R,102.0,R,49.0,R,48.0,R,54.0,R,0.0,R,54.0,R,33.0,R,61.0,R,4
375735,2011,A,,A,,A,,R,27.0,R,0.0,R,27.0,R,1.0,R,4.0,R,23.0,R,1.0,R,22.0,R,1.0,R,5.0,R,8
375744,2011,A,,A,,A,,R,61.0,R,0.0,R,61.0,R,49.0,R,80.0,R,22.0,R,0.0,R,22.0,R,19.0,R,86.0,R,22
375753,2011,A,,A,,A,,R,8.0,R,0.0,R,8.0,R,3.0,R,38.0,R,21.0,R,0.0,R,21.0,R,3.0,R,14.0,R,15
375762,2011,A,,A,,A,,R,28.0,R,0.0,R,28.0,R,23.0,R,82.0,R,5.0,R,0.0,R,5.0,R,3.0,R,60.0,R,6
375841,2011,A,,A,,A,,R,126.0,R,0.0,R,126.0,R,74.0,R,59.0,A,,A,,A,,A,,A,,R,30
375939,2011,A,,A,,A,,R,277.0,R,0.0,R,277.0,R,228.0,R,82.0,A,,A,,A,,A,,A,,R,17
375966,2011,A,,A,,A,,R,0.0,R,0.0,R,0.0,R,0.0,A,,R,3.0,R,0.0,R,3.0,R,2.0,R,67.0,R,25
375984,2011,A,,A,,A,,R,91.0,R,3.0,R,88.0,R,39.0,R,44.0,R,32.0,R,4.0,R,28.0,R,12.0,R,43.0,R,25
376039,2011,R,36.0,R,40.0,R,90.0,R,21.0,R,0.0,R,21.0,R,20.0,R,95.0,R,0.0,R,0.0,R,0.0,R,0.0,A,,R,15
376136,2011,A,,A,,A,,R,60.0,R,0.0,R,60.0,R,46.0,R,77.0,R,0.0,Z,0.0,R,0.0,Z,0.0,A,,R,31
376224,2011,R,191.0,R,386.0,R,49.0,R,0.0,R,0.0,R,0.0,R,0.0,A,,A,,A,,A,,A,,A,,R,38
376242,2011,A,,A,,A,,R,123.0,R,45.0,R,78.0,R,60.0,R,77.0,A,,A,,A,,A,,A,,R,18
376288,2011,A,,A,,A,,R,120.0,R,0.0,R,120.0,R,62.0,R,52.0,A,,A,,A,,A,,A,,R,20
376321,2011,R,834.0,R,988.0,R,84.0,R,438.0,R,0.0,R,438.0,R,339.0,R,77.0,R,21.0,R,0.0,R,21.0,R,16.0,R,76.0,R,25
376330,2011,A,,A,,A,,R,66.0,R,0.0,R,66.0,R,52.0,R,79.0,A,,A,,A,,A,,A,,R,23
376385,2011,A,,A,,A,,R,363.0,R,5.0,R,358.0,R,264.0,R,74.0,R,25.0,R,0.0,R,25.0,R,11.0,R,44.0,R,19
376446,2011,A,,A,,A,,R,34.0,Z,0.0,R,34.0,R,20.0,R,59.0,R,10.0,Z,0.0,R,10.0,R,9.0,R,90.0,R,12
376631,2011,A,,A,,A,,R,19.0,R,0.0,R,19.0,R,16.0,R,84.0,R,3.0,R,0.0,R,3.0,R,1.0,R,33.0,R,18
376668,2011,A,,A,,A,,R,47.0,R,0.0,R,47.0,R,28.0,R,60.0,Z,0.0,Z,0.0,Z,0.0,R,0.0,A,,R,20
376677,2011,A,,A,,A,,R,84.0,R,0.0,R,84.0,R,65.0,R,77.0,A,,A,,A,,A,,A,,R,12
376695,2011,R,363.0,R,374.0,R,97.0,R,232.0,R,7.0,R,225.0,R,128.0,R,57.0,R,8.0,R,1.0,R,7.0,R,7.0,R,100.0,R,24
376987,2011,A,,A,,A,,R,38.0,R,0.0,R,38.0,R,37.0,R,97.0,A,,A,,A,,A,,A,,R,10
377069,2011,R,51.0,R,86.0,R,59.0,R,0.0,R,0.0,R,0.0,R,0.0,A,,R,0.0,R,0.0,R,0.0,R,0.0,A,,R,23
377111,2011,A,,A,,A,,R,211.0,Z,0.0,R,211.0,R,153.0,R,73.0,A,,A,,A,,A,,A,,R,22
377193,2011,A,,A,,A,,R,8.0,R,0.0,R,8.0,R,3.0,R,38.0,R,17.0,R,0.0,R,17.0,R,13.0,R,76.0,R,11
377218,2011,A,,A,,A,,R,26.0,R,0.0,R,26.0,R,25.0,R,96.0,A,,A,,A,,A,,A,,R,20
377272,2011,A,,A,,A,,R,61.0,R,0.0,R,61.0,R,49.0,R,80.0,A,,A,,A,,A,,A,,R,13
377281,2011,A,,A,,A,,R,73.0,R,0.0,R,73.0,R,59.0,R,81.0,A,,A,,A,,A,,A,,R,13
377315,2011,A,,A,,A,,R,41.0,R,0.0,R,41.0,R,30.0,R,73.0,A,,A,,A,,A,,A,,R,8
377342,2011,A,,A,,A,,R,62.0,R,0.0,R,62.0,R,45.0,R,73.0,A,,A,,A,,A,,A,,R,12
377421,2011,A,,A,,A,,A,,A,,A,,A,,A,,A,,A,,A,,A,,A,,R,18
377449,2011,R,40.0,R,60.0,R,67.0,R,30.0,R,0.0,R,30.0,R,30.0,R,100.0,R,0.0,R,0.0,R,0.0,R,0.0,A,,R,10
377458,2011,R,22.0,R,36.0,R,61.0,R,57.0,R,0.0,R,57.0,R,55.0,R,96.0,R,0.0,R,0.0,R,0.0,R,0.0,A,,R,10
377485,2011,A,,A,,A,,R,10.0,R,0.0,R,10.0,R,7.0,R,70.0,R,3.0,R,0.0,R,3.0,R,2.0,R,67.0,R,15
377546,2011,R,25.0,R,36.0,R,69.0,R,40.0,R,1.0,R,39.0,R,18.0,R,46.0,A,,A,,A,,A,,A,,R,15
377555,2011,R,519.0,R,1201.0,R,43.0,R,384.0,R,2.0,R,382.0,R,330.0,R,86.0,R,10.0,R,0.0,R,10.0,R,6.0,R,60.0,R,21
377564,2011,R,219.0,R,1111.0,R,20.0,R,206.0,R,0.0,R,206.0,R,156.0,R,76.0,R,14.0,R,0.0,R,14.0,R,9.0,R,64.0,R,19
377634,2011,A,,A,,A,,A,,A,,A,,A,,A,,A,,A,,A,,A,,A,,R,6
377643,2011,A,,A,,A,,R,38.0,Z,0.0,R,38.0,R,30.0,R,79.0,A,,A,,A,,A,,A,,R,20
377652,2011,A,,A,,A,,R,28.0,R,0.0,R,28.0,R,21.0,R,75.0,A,,A,,A,,A,,A,,R,18
377661,2011,A,,A,,A,,R,44.0,R,0.0,R,44.0,R,32.0,R,73.0,A,,A,,A,,A,,A,,R,9
377670,2011,A,,A,,A,,R,25.0,R,0.0,R,25.0,R,18.0,R,72.0,A,,A,,A,,A,,A,,R,16
377722,2011,A,,A,,A,,R,205.0,R,0.0,R,205.0,R,172.0,R,84.0,A,,A,,A,,A,,A,,R,20
377759,2011,A,,A,,A,,R,18.0,R,0.0,R,18.0,R,15.0,R,83.0,A,,A,,A,,A,,A,,R,9
378105,2011,A,,A,,A,,A,,A,,A,,A,,A,,A,,A,,A,,A,,A,,R,34
378406,2011,R,45.0,R,56.0,R,80.0,R,0.0,R,0.0,R,0.0,R,0.0,A,,R,0.0,R,0.0,R,0.0,R,0.0,A,,R,26
378576,2011,R,10.0,R,43.0,R,23.0,R,0.0,R,0.0,R,0.0,R,0.0,A,,R,0.0,R,0.0,R,0.0,R,0.0,A,,R,12
378886,2011,A,,A,,A,,R,42.0,R,0.0,R,42.0,R,32.0,R,76.0,R,39.0,R,0.0,R,39.0,R,32.0,R,82.0,R,18
378956,2011,A,,A,,A,,R,83.0,R,0.0,R,83.0,R,63.0,R,76.0,A,,A,,A,,A,,A,,R,20
379029,2011,A,,A,,A,,R,135.0,R,0.0,R,135.0,R,72.0,R,53.0,A,,A,,A,,A,,A,,R,57
379135,2011,A,,A,,A,,R,24.0,R,0.0,R,24.0,R,15.0,R,63.0,R,2.0,R,0.0,R,2.0,R,2.0,R,100.0,R,43
379463,2011,A,,A,,A,,A,,A,,A,,A,,A,,A,,A,,A,,A,,A,,R,25
379621,2011,A,,A,,A,,R,32.0,Z,0.0,R,32.0,R,22.0,R,69.0,A,,A,,A,,A,,A,,R,14
379746,2011,A,,A,,A,,A,,A,,A,,A,,A,,A,,A,,A,,A,,A,,R,20
379782,2011,A,,A,,A,,R,0.0,R,0.0,R,0.0,R,0.0,A,,A,,A,,A,,A,,A,,R,17
380067,2011,A,,A,,A,,R,81.0,R,0.0,R,81.0,R,70.0,R,86.0,A,,A,,A,,A,,A,,R,25
380094,2011,A,,A,,A,,R,152.0,Z,0.0,R,152.0,R,119.0,R,78.0,A,,A,,A,,A,,A,,R,13
380359,2011,R,113.0,R,171.0,R,66.0,R,109.0,R,3.0,R,106.0,R,52.0,R,49.0,R,79.0,R,0.0,R,79.0,R,24.0,R,30.0,R,15
380368,2011,R,187.0,R,1137.0,R,16.0,R,183.0,R,0.0,R,183.0,R,102.0,R,56.0,R,27.0,R,0.0,R,27.0,R,9.0,R,33.0,R,25
380377,2011,R,78.0,R,111.0,R,70.0,R,4.0,R,0.0,R,4.0,R,3.0,R,75.0,R,2.0,R,0.0,R,2.0,R,0.0,R,0.0,R,12
380401,2011,A,,A,,A,,R,31.0,Z,0.0,R,31.0,R,27.0,R,87.0,R,8.0,Z,0.0,R,8.0,R,6.0,R,75.0,R,18
380410,2011,A,,A,,A,,R,46.0,R,0.0,R,46.0,R,42.0,R,91.0,R,79.0,R,0.0,R,79.0,R,63.0,R,80.0,R,20
380438,2011,R,56.0,R,207.0,R,27.0,R,76.0,R,0.0,R,76.0,R,36.0,R,47.0,R,48.0,R,0.0,R,48.0,R,41.0,R,85.0,R,12
380447,2011,A,,A,,A,,R,36.0,R,0.0,R,36.0,R,28.0,R,78.0,R,51.0,R,2.0,R,49.0,R,37.0,R,76.0,R,20
380456,2011,A,,A,,A,,R,93.0,Z,0.0,R,93.0,R,81.0,R,87.0,R,18.0,Z,0.0,R,18.0,R,16.0,R,89.0,R,15
380465,2011,A,,A,,A,,R,28.0,R,0.0,R,28.0,R,17.0,R,61.0,A,,A,,A,,A,,A,,R,24
380474,2011,A,,A,,A,,R,101.0,R,0.0,R,101.0,R,36.0,R,36.0,R,175.0,Z,0.0,R,175.0,R,79.0,R,45.0,R,25
381255,2011,A,,A,,A,,R,19.0,Z,0.0,R,19.0,R,18.0,R,95.0,R,34.0,Z,0.0,R,34.0,R,30.0,R,88.0,R,15
381282,2011,A,,A,,A,,R,31.0,Z,0.0,R,31.0,R,26.0,R,84.0,R,9.0,Z,0.0,R,9.0,R,6.0,R,67.0,R,21
381325,2011,A,,A,,A,,R,33.0,Z,0.0,R,33.0,R,24.0,R,73.0,R,15.0,Z,0.0,R,15.0,R,11.0,R,73.0,R,15
381334,2011,A,,A,,A,,R,10.0,Z,0.0,R,10.0,R,10.0,R,100.0,R,21.0,Z,0.0,R,21.0,R,20.0,R,95.0,R,14
381361,2011,A,,A,,A,,R,52.0,R,0.0,R,52.0,R,42.0,R,81.0,A,,A,,A,,A,,A,,R,4
381370,2011,A,,A,,A,,R,47.0,R,0.0,R,47.0,R,36.0,R,77.0,R,51.0,R,0.0,R,51.0,R,39.0,R,76.0,R,14
381404,2011,A,,A,,A,,R,195.0,R,0.0,R,195.0,R,144.0,R,74.0,R,98.0,R,0.0,R,98.0,R,69.0,R,70.0,R,16
381486,2011,A,,A,,A,,R,15.0,R,0.0,R,15.0,R,10.0,R,67.0,A,,A,,A,,A,,A,,R,4
381529,2011,A,,A,,A,,R,59.0,R,0.0,R,59.0,R,40.0,R,68.0,R,5.0,R,0.0,R,5.0,R,0.0,R,0.0,R,13
381617,2011,R,167.0,R,353.0,R,47.0,R,31.0,R,2.0,R,29.0,R,20.0,R,69.0,R,1.0,R,0.0,R,1.0,R,1.0,R,100.0,R,25
381635,2011,A,,A,,A,,R,13.0,Z,0.0,R,13.0,R,13.0,R,100.0,R,1.0,Z,0.0,R,1.0,R,1.0,R,100.0,R,15
381644,2011,A,,A,,A,,R,95.0,R,0.0,R,95.0,R,70.0,R,74.0,A,,A,,A,,A,,A,,R,14
381699,2011,A,,A,,A,,R,18.0,R,0.0,R,18.0,R,7.0,R,39.0,R,6.0,R,0.0,R,6.0,R,2.0,R,33.0,R,10
381705,2011,A,,A,,A,,R,31.0,R,0.0,R,31.0,R,9.0,R,29.0,R,10.0,R,0.0,R,10.0,R,5.0,R,50.0,R,14
381732,2011,R,41.0,R,45.0,R,91.0,R,51.0,R,1.0,R,50.0,R,37.0,R,74.0,R,0.0,R,0.0,R,0.0,R,0.0,A,,R,16
381741,2011,A,,A,,A,,R,0.0,R,0.0,R,0.0,R,0.0,A,,A,,A,,A,,A,,A,,R,17
381750,2011,A,,A,,A,,R,12.0,R,1.0,R,11.0,R,8.0,R,73.0,R,2.0,Z,0.0,R,2.0,R,1.0,R,50.0,R,18
381787,2011,R,23.0,R,51.0,R,45.0,R,16.0,R,0.0,R,16.0,R,7.0,R,44.0,R,11.0,R,0.0,R,11.0,R,0.0,R,0.0,R,14
381796,2011,A,,A,,A,,R,47.0,Z,0.0,R,47.0,R,33.0,R,70.0,A,,A,,A,,A,,A,,R,20
381866,2011,A,,A,,A,,A,,A,,A,,A,,A,,A,,A,,A,,A,,A,,R,13
381909,2011,R,97.0,R,114.0,R,85.0,R,6.0,R,1.0,R,5.0,R,2.0,R,40.0,R,1.0,R,0.0,R,1.0,R,0.0,R,0.0,R,30
381945,2011,A,,A,,A,,R,27.0,R,0.0,R,27.0,R,24.0,R,89.0,A,,A,,A,,A,,A,,R,25
382054,2011,A,,A,,A,,R,92.0,R,0.0,R,92.0,R,66.0,R,72.0,A,,A,,A,,A,,A,,R,58
382063,2011,A,,A,,A,,R,26.0,R,0.0,R,26.0,R,18.0,R,69.0,A,,A,,A,,A,,A,,R,24
382258,2011,A,,A,,A,,R,65.0,R,0.0,R,65.0,R,50.0,R,77.0,R,170.0,R,0.0,R,170.0,R,67.0,R,39.0,R,27
382267,2011,A,,A,,A,,R,58.0,R,0.0,R,58.0,R,19.0,R,33.0,R,1.0,R,0.0,R,1.0,R,1.0,R,100.0,R,25
382276,2011,A,,A,,A,,R,410.0,R,0.0,R,410.0,R,342.0,R,83.0,R,297.0,R,0.0,R,297.0,R,264.0,R,89.0,R,20
382416,2011,A,,A,,A,,R,6.0,R,0.0,R,6.0,R,6.0,R,100.0,A,,A,,A,,A,,A,,R,12
382461,2011,A,,A,,A,,R,11.0,R,0.0,R,11.0,R,10.0,R,91.0,R,2.0,R,0.0,R,2.0,R,2.0,R,100.0,R,20
382504,2011,R,213.0,R,213.0,R,100.0,R,309.0,R,0.0,R,309.0,R,236.0,R,76.0,A,,A,,A,,A,,A,,R,38
382771,2011,R,84.0,R,185.0,R,45.0,R,52.0,Z,0.0,R,52.0,R,20.0,R,38.0,R,18.0,Z,0.0,R,18.0,R,5.0,R,28.0,R,16
382780,2011,A,,A,,A,,R,87.0,R,0.0,R,87.0,R,56.0,R,64.0,A,,A,,A,,A,,A,,R,17
382896,2011,A,,A,,A,,R,59.0,Z,0.0,R,59.0,R,35.0,R,59.0,A,,A,,A,,A,,A,,R,29
382902,2011,A,,A,,A,,R,46.0,R,0.0,R,46.0,R,30.0,R,65.0,A,,A,,A,,A,,A,,R,21
382911,2011,R,49.0,R,85.0,R,58.0,R,15.0,Z,0.0,R,15.0,R,9.0,R,60.0,R,6.0,Z,0.0,R,6.0,R,2.0,R,33.0,R,9
382957,2011,A,,A,,A,,R,97.0,R,0.0,R,97.0,R,64.0,R,66.0,A,,A,,A,,A,,A,,R,14
383084,2011,A,,A,,A,,R,972.0,R,0.0,R,972.0,R,168.0,R,17.0,R,12.0,R,0.0,R,12.0,R,4.0,R,33.0,R,50
383163,2011,A,,A,,A,,R,17.0,R,0.0,R,17.0,R,14.0,R,82.0,R,90.0,R,0.0,R,90.0,R,76.0,R,84.0,R,20
383172,2011,A,,A,,A,,A,,A,,A,,A,,A,,A,,A,,A,,A,,A,,R,34
383190,2011,R,567.0,R,1525.0,R,37.0,R,623.0,R,2.0,R,621.0,R,349.0,R,56.0,R,357.0,R,1.0,R,356.0,R,141.0,R,40.0,R,20
383251,2011,A,,A,,A,,R,25.0,R,0.0,R,25.0,R,18.0,R,72.0,R,13.0,R,0.0,R,13.0,R,6.0,R,46.0,R,13
383279,2011,A,,A,,A,,R,17.0,R,0.0,R,17.0,R,14.0,R,82.0,R,24.0,R,0.0,R,24.0,R,20.0,R,83.0,R,18
383297,2011,A,,A,,A,,R,54.0,R,0.0,R,54.0,R,46.0,R,85.0,R,128.0,R,0.0,R,128.0,R,115.0,R,90.0,R,19
383312,2011,A,,A,,A,,R,157.0,R,0.0,R,157.0,R,148.0,R,94.0,A,,A,,A,,A,,A,,R,10
383330,2011,A,,A,,A,,R,55.0,R,0.0,R,55.0,R,42.0,R,76.0,R,13.0,R,0.0,R,13.0,R,11.0,R,85.0,R,3
383367,2011,A,,A,,A,,R,251.0,R,0.0,R,251.0,R,221.0,R,88.0,R,21.0,R,0.0,R,21.0,R,19.0,R,90.0,R,4
383400,2011,A,,A,,A,,A,,A,,A,,A,,A,,A,,A,,A,,A,,A,,R,8
383464,2011,A,,A,,A,,R,100.0,R,0.0,R,100.0,R,59.0,R,59.0,A,,A,,A,,A,,A,,R,25
383507,2011,A,,A,,A,,R,5.0,R,0.0,R,5.0,R,5.0,R,100.0,A,,A,,A,,A,,A,,R,3
383525,2011,A,,A,,A,,R,30.0,R,0.0,R,30.0,R,23.0,R,77.0,A,,A,,A,,A,,A,,R,10
383792,2011,A,,A,,A,,R,117.0,R,0.0,R,117.0,R,99.0,R,85.0,A,,A,,A,,A,,A,,R,25
383899,2011,A,,A,,A,,R,497.0,R,0.0,R,497.0,R,272.0,R,55.0,R,207.0,R,0.0,R,207.0,R,122.0,R,59.0,R,20
383950,2011,R,114.0,R,121.0,R,94.0,R,83.0,R,0.0,R,83.0,R,31.0,R,37.0,R,0.0,R,0.0,R,0.0,R,0.0,A,,R,15
383996,2011,R,80.0,R,227.0,R,35.0,R,74.0,R,0.0,R,74.0,R,38.0,R,51.0,R,17.0,R,0.0,R,17.0,R,5.0,R,29.0,R,17
384184,2011,A,,A,,A,,R,83.0,R,0.0,R,83.0,R,66.0,R,80.0,A,,A,,A,,A,,A,,R,5
384193,2011,A,,A,,A,,R,119.0,R,0.0,R,119.0,R,91.0,R,76.0,A,,A,,A,,A,,A,,R,21
384209,2011,A,,A,,A,,R,176.0,R,1.0,R,175.0,R,106.0,R,61.0,A,,A,,A,,A,,A,,R,29
384254,2011,R,34.0,R,53.0,R,64.0,R,22.0,R,0.0,R,22.0,R,19.0,R,86.0,R,0.0,R,0.0,R,0.0,R,0.0,A,,R,8
384333,2011,R,839.0,R,2783.0,R,30.0,R,812.0,R,0.0,R,812.0,R,457.0,R,56.0,R,685.0,R,0.0,R,685.0,R,272.0,R,40.0,R,22
384342,2011,R,662.0,R,1856.0,R,36.0,R,636.0,R,3.0,R,633.0,R,388.0,R,61.0,R,209.0,R,2.0,R,207.0,R,67.0,R,32.0,R,21
384360,2011,R,221.0,R,565.0,R,39.0,R,193.0,Z,0.0,R,193.0,R,115.0,R,60.0,R,27.0,Z,0.0,R,27.0,R,12.0,R,44.0,R,23
384379,2011,R,190.0,R,602.0,R,32.0,R,200.0,Z,0.0,R,200.0,R,115.0,R,58.0,R,23.0,Z,0.0,R,23.0,R,10.0,R,43.0,R,32
384388,2011,R,196.0,R,406.0,R,48.0,R,171.0,Z,0.0,R,171.0,R,88.0,R,51.0,R,26.0,Z,0.0,R,26.0,R,8.0,R,31.0,R,29
384397,2011,R,238.0,R,560.0,R,43.0,R,181.0,Z,0.0,R,181.0,R,116.0,R,64.0,R,24.0,Z,0.0,R,24.0,R,13.0,R,54.0,R,30
384412,2011,R,42.0,R,89.0,R,47.0,R,10.0,R,0.0,R,10.0,R,0.0,R,0.0,R,5.0,Z,0.0,R,5.0,R,0.0,R,0.0,R,10
384421,2011,R,22.0,R,22.0,R,100.0,R,17.0,R,0.0,R,17.0,R,12.0,R,71.0,A,,A,,A,,A,,A,,R,15
385008,2011,A,,A,,A,,R,93.0,R,0.0,R,93.0,R,71.0,R,76.0,R,1.0,R,0.0,R,1.0,R,0.0,R,0.0,R,17
385132,2011,A,,A,,A,,R,24.0,R,0.0,R,24.0,R,22.0,R,92.0,R,5.0,R,0.0,R,5.0,R,5.0,R,100.0,R,15
385503,2011,A,,A,,A,,R,202.0,Z,0.0,R,202.0,R,165.0,R,82.0,A,,A,,A,,A,,A,,R,27
385549,2011,A,,A,,A,,R,56.0,Z,0.0,R,56.0,R,35.0,R,63.0,A,,A,,A,,A,,A,,R,19
385619,2011,R,147.0,R,156.0,R,94.0,R,134.0,R,0.0,R,134.0,R,94.0,R,70.0,A,,A,,A,,A,,A,,R,7
386153,2011,A,,A,,A,,R,192.0,R,0.0,R,192.0,R,169.0,R,88.0,R,218.0,R,0.0,R,218.0,R,181.0,R,83.0,R,21
386472,2011,R,24.0,R,88.0,R,27.0,R,1.0,R,0.0,R,1.0,R,1.0,R,100.0,R,0.0,R,0.0,R,0.0,R,0.0,A,,R,11
387235,2011,A,,A,,A,,R,1.0,Z,0.0,R,1.0,R,1.0,R,100.0,A,,A,,A,,A,,A,,R,30
387660,2011,A,,A,,A,,R,3.0,R,0.0,R,3.0,R,3.0,R,100.0,A,,A,,A,,A,,A,,R,4
387819,2011,A,,A,,A,,R,24.0,R,0.0,R,24.0,R,20.0,R,83.0,R,12.0,R,0.0,R,12.0,R,10.0,R,83.0,R,8
387925,2011,A,,A,,A,,R,131.0,Z,0.0,R,131.0,R,41.0,R,31.0,A,,A,,A,,A,,A,,R,25
388043,2011,R,62.0,R,246.0,R,25.0,R,36.0,R,0.0,R,36.0,R,22.0,R,61.0,R,1.0,R,0.0,R,1.0,R,1.0,R,100.0,R,7
388520,2011,R,8.0,R,106.0,R,8.0,R,2.0,R,0.0,R,2.0,R,1.0,R,50.0,R,3.0,R,0.0,R,3.0,R,1.0,R,33.0,R,15
388663,2011,A,,A,,A,,R,29.0,R,0.0,R,29.0,R,24.0,R,83.0,A,,A,,A,,A,,A,,R,12
389727,2011,R,226.0,R,321.0,R,70.0,R,54.0,R,0.0,R,54.0,R,36.0,R,67.0,R,21.0,R,0.0,R,21.0,R,8.0,R,38.0,R,19
389860,2011,A,,A,,A,,R,208.0,R,0.0,R,208.0,R,163.0,R,78.0,R,92.0,R,0.0,R,92.0,R,89.0,R,97.0,R,5
390701,2011,A,,A,,A,,R,65.0,R,1.0,R,64.0,R,44.0,R,69.0,R,33.0,R,0.0,R,33.0,R,13.0,R,39.0,R,24
390905,2011,A,,A,,A,,R,352.0,R,0.0,R,352.0,R,340.0,R,97.0,A,,A,,A,,A,,A,,R,21
391005,2011,A,,A,,A,,R,49.0,R,0.0,R,49.0,R,45.0,R,92.0,A,,A,,A,,A,,A,,R,20
391333,2011,A,,A,,A,,R,31.0,R,0.0,R,31.0,R,25.0,R,81.0,A,,A,,A,,A,,A,,R,10
391546,2011,A,,A,,A,,R,16.0,R,0.0,R,16.0,R,3.0,R,19.0,R,115.0,R,0.0,R,115.0,R,17.0,R,15.0,R,9
391564,2011,A,,A,,A,,R,71.0,R,0.0,R,71.0,R,47.0,R,66.0,R,39.0,R,0.0,R,39.0,R,25.0,R,64.0,R,16
391582,2011,A,,A,,A,,R,63.0,R,0.0,R,63.0,R,32.0,R,51.0,R,58.0,R,1.0,R,57.0,R,27.0,R,47.0,R,32
391759,2011,A,,A,,A,,R,0.0,R,0.0,R,0.0,R,0.0,A,,R,9.0,R,0.0,R,9.0,R,7.0,R,78.0,R,17
391810,2011,A,,A,,A,,R,25.0,R,0.0,R,25.0,R,20.0,R,80.0,A,,A,,A,,A,,A,,R,35
392257,2011,A,,A,,A,,R,147.0,R,0.0,R,147.0,R,121.0,R,82.0,A,,A,,A,,A,,A,,R,25
392354,2011,A,,A,,A,,R,2.0,R,0.0,R,2.0,R,2.0,R,100.0,A,,A,,A,,A,,A,,R,2
392415,2011,A,,A,,A,,R,212.0,R,1.0,R,211.0,R,139.0,R,66.0,A,,A,,A,,A,,A,,R,27
392798,2011,A,,A,,A,,R,25.0,Z,0.0,R,25.0,R,22.0,R,88.0,R,7.0,Z,0.0,R,7.0,R,6.0,R,86.0,R,16
392840,2011,R,73.0,R,122.0,R,60.0,R,52.0,R,0.0,R,52.0,R,33.0,R,63.0,R,0.0,R,0.0,R,0.0,R,0.0,A,,R,10
393180,2011,A,,A,,A,,R,193.0,R,40.0,R,153.0,R,114.0,R,75.0,A,,A,,A,,A,,A,,R,14
393524,2011,A,,A,,A,,R,61.0,R,0.0,R,61.0,R,45.0,R,74.0,A,,A,,A,,A,,A,,R,20
393649,2011,A,,A,,A,,R,55.0,R,0.0,R,55.0,R,41.0,R,75.0,A,,A,,A,,A,,A,,R,40
393861,2011,A,,A,,A,,R,41.0,R,0.0,R,41.0,R,38.0,R,93.0,R,29.0,R,0.0,R,29.0,R,23.0,R,79.0,R,15
393977,2011,A,,A,,A,,R,26.0,R,0.0,R,26.0,R,20.0,R,77.0,A,,A,,A,,A,,A,,R,16
395362,2011,R,162.0,R,561.0,R,29.0,R,164.0,Z,0.0,R,164.0,R,100.0,R,61.0,R,220.0,Z,0.0,R,220.0,R,62.0,R,28.0,R,19
395690,2011,A,,A,,A,,R,223.0,R,0.0,R,223.0,R,154.0,R,69.0,R,134.0,R,0.0,R,134.0,R,92.0,R,69.0,R,16
397270,2011,A,,A,,A,,R,0.0,R,0.0,R,0.0,R,0.0,A,,A,,A,,A,,A,,A,,R,6
397641,2011,A,,A,,A,,R,9.0,R,0.0,R,9.0,R,9.0,R,100.0,A,,A,,A,,A,,A,,R,3
397942,2011,A,,A,,A,,R,195.0,R,0.0,R,195.0,R,131.0,R,67.0,A,,A,,A,,A,,A,,R,27
398130,2011,R,85.0,R,206.0,R,41.0,R,29.0,R,0.0,R,29.0,R,20.0,R,69.0,R,31.0,R,0.0,R,31.0,R,14.0,R,45.0,R,24
398574,2011,A,,A,,A,,R,494.0,R,2.0,R,492.0,R,329.0,R,67.0,A,,A,,A,,A,,A,,R,19
399212,2011,R,1006.0,R,3869.0,R,26.0,R,950.0,Z,0.0,R,950.0,R,705.0,R,74.0,R,1309.0,Z,0.0,R,1309.0,R,465.0,R,36.0,R,40
399869,2011,A,,A,,A,,R,39.0,R,0.0,R,39.0,R,27.0,R,69.0,A,,A,,A,,A,,A,,R,30
399911,2011,R,110.0,R,110.0,R,100.0,R,103.0,R,0.0,R,103.0,R,97.0,R,94.0,A,,A,,A,,A,,A,,R,9
400080,2011,A,,A,,A,,R,1890.0,R,0.0,R,1890.0,R,1267.0,R,67.0,A,,A,,A,,A,,A,,R,26
400187,2011,A,,A,,A,,R,246.0,R,0.0,R,246.0,R,220.0,R,89.0,R,64.0,R,0.0,R,64.0,R,52.0,R,81.0,R,25
400637,2011,A,,A,,A,,R,262.0,R,0.0,R,262.0,R,172.0,R,66.0,A,,A,,A,,A,,A,,R,21
401223,2011,R,18.0,R,91.0,R,20.0,R,4.0,R,0.0,R,4.0,R,3.0,R,75.0,R,4.0,R,0.0,R,4.0,R,2.0,R,50.0,R,7
401339,2011,A,,A,,A,,R,186.0,R,1.0,R,185.0,R,164.0,R,89.0,A,,A,,A,,A,,A,,R,28
401481,2011,A,,A,,A,,R,18.0,R,0.0,R,18.0,R,15.0,R,83.0,R,23.0,R,0.0,R,23.0,R,3.0,R,13.0,R,15
402563,2011,A,,A,,A,,R,48.0,R,0.0,R,48.0,R,31.0,R,65.0,A,,A,,A,,A,,A,,R,16
402615,2011,R,50.0,R,147.0,R,34.0,R,28.0,Z,0.0,R,28.0,R,21.0,R,75.0,R,7.0,Z,0.0,R,7.0,R,4.0,R,57.0,R,14
402776,2011,R,10.0,R,39.0,R,26.0,R,12.0,R,0.0,R,12.0,R,9.0,R,75.0,R,17.0,R,0.0,R,17.0,R,12.0,R,71.0,R,8
402800,2011,A,,A,,A,,R,121.0,Z,0.0,R,121.0,R,102.0,R,84.0,R,35.0,Z,0.0,R,35.0,R,32.0,R,91.0,R,17
403414,2011,A,,A,,A,,R,7.0,R,0.0,R,7.0,R,5.0,R,71.0,A,,A,,A,,A,,A,,R,8
403469,2011,R,80.0,R,914.0,R,9.0,R,7.0,R,0.0,R,7.0,R,5.0,R,71.0,R,21.0,R,2.0,R,19.0,R,9.0,R,47.0,R,21
403478,2011,R,152.0,R,420.0,R,36.0,R,71.0,R,2.0,R,69.0,R,35.0,R,51.0,R,11.0,R,0.0,R,11.0,R,2.0,R,18.0,R,18
403487,2011,R,235.0,R,1330.0,R,18.0,R,84.0,R,3.0,R,81.0,R,52.0,R,64.0,R,15.0,R,1.0,R,14.0,R,7.0,R,50.0,R,43
404037,2011,A,,A,,A,,A,,A,,A,,A,,A,,A,,A,,A,,A,,A,,R,13
404055,2011,A,,A,,A,,R,225.0,R,0.0,R,225.0,R,115.0,R,51.0,R,0.0,R,0.0,R,0.0,R,0.0,A,,R,30
404073,2011,R,299.0,R,974.0,R,31.0,R,20.0,Z,0.0,R,20.0,R,7.0,R,35.0,R,1.0,Z,0.0,R,1.0,R,0.0,R,0.0,R,26
404082,2011,R,738.0,R,1501.0,R,49.0,R,61.0,Z,0.0,R,61.0,R,32.0,R,52.0,R,3.0,Z,0.0,R,3.0,R,0.0,R,0.0,R,28
404338,2011,R,14.0,R,33.0,R,42.0,R,30.0,R,0.0,R,30.0,R,5.0,R,17.0,A,,A,,A,,A,,A,,R,8
404365,2011,A,,A,,A,,R,65.0,R,0.0,R,65.0,R,37.0,R,57.0,R,0.0,R,0.0,R,0.0,R,0.0,A,,R,32
404374,2011,A,,A,,A,,R,95.0,R,0.0,R,95.0,R,42.0,R,44.0,R,0.0,R,0.0,R,0.0,R,0.0,A,,R,37
404383,2011,A,,A,,A,,R,131.0,Z,0.0,R,131.0,R,70.0,R,53.0,R,0.0,R,0.0,R,0.0,R,0.0,A,,R,35
404426,2011,R,334.0,R,1832.0,R,18.0,R,243.0,R,0.0,R,243.0,R,105.0,R,43.0,R,438.0,R,0.0,R,438.0,R,103.0,R,24.0,R,21
404499,2011,A,,A,,A,,R,271.0,R,0.0,R,271.0,R,184.0,R,68.0,A,,A,,A,,A,,A,,R,33
404505,2011,A,,A,,A,,R,113.0,R,0.0,R,113.0,R,81.0,R,72.0,R,0.0,Z,0.0,R,0.0,Z,0.0,A,,R,26
404514,2011,A,,A,,A,,R,125.0,Z,0.0,R,125.0,R,82.0,R,66.0,A,,A,,A,,A,,A,,R,38
404648,2011,R,205.0,R,620.0,R,33.0,R,0.0,R,0.0,R,0.0,R,0.0,A,,R,1.0,Z,0.0,R,1.0,R,0.0,R,0.0,R,16
404684,2011,A,,A,,A,,R,251.0,R,2.0,R,249.0,R,175.0,R,70.0,A,,A,,A,,A,,A,,R,24
404718,2011,A,,A,,A,,R,37.0,R,0.0,R,37.0,R,30.0,R,81.0,A,,A,,A,,A,,A,,R,21
404806,2011,R,64.0,R,71.0,R,90.0,R,78.0,R,0.0,R,78.0,R,30.0,R,38.0,R,16.0,R,0.0,R,16.0,R,6.0,R,38.0,R,13
404912,2011,A,,A,,A,,R,259.0,R,0.0,R,259.0,R,194.0,R,75.0,A,,A,,A,,A,,A,,R,25
404921,2011,A,,A,,A,,R,144.0,R,0.0,R,144.0,R,82.0,R,57.0,A,,A,,A,,A,,A,,R,12
404994,2011,R,1255.0,R,1591.0,R,79.0,R,2018.0,R,8.0,R,2010.0,R,750.0,R,37.0,R,34.0,R,1.0,R,33.0,R,3.0,R,9.0,R,23
405012,2011,A,,A,,A,,R,24.0,R,0.0,R,24.0,R,19.0,R,79.0,A,,A,,A,,A,,A,,R,19
405021,2011,A,,A,,A,,R,25.0,R,0.0,R,25.0,R,21.0,R,84.0,A,,A,,A,,A,,A,,R,18
405058,2011,R,31.0,R,33.0,R,94.0,R,44.0,R,0.0,R,44.0,R,38.0,R,86.0,A,,A,,A,,A,,A,,R,21
405076,2011,A,,A,,A,,R,125.0,R,0.0,R,125.0,R,64.0,R,51.0,A,,A,,A,,A,,A,,R,13
405748,2011,A,,A,,A,,R,26.0,R,0.0,R,26.0,R,19.0,R,73.0,R,46.0,R,0.0,R,46.0,R,20.0,R,43.0,R,8
405854,2011,R,12.0,R,12.0,R,100.0,R,45.0,R,0.0,R,45.0,R,24.0,R,53.0,A,,A,,A,,A,,A,,R,15
405872,2011,R,551.0,R,1118.0,R,49.0,R,684.0,R,0.0,R,684.0,R,474.0,R,69.0,R,263.0,R,0.0,R,263.0,R,115.0,R,44.0,R,17
405979,2011,A,,A,,A,,R,52.0,R,0.0,R,52.0,R,34.0,R,65.0,A,,A,,A,,A,,A,,R,28
405988,2011,A,,A,,A,,R,33.0,R,0.0,R,33.0,R,27.0,R,82.0,A,,A,,A,,A,,A,,R,27
405997,2011,A,,A,,A,,R,192.0,R,0.0,R,192.0,R,99.0,R,52.0,A,,A,,A,,A,,A,,R,25
406006,2011,A,,A,,A,,R,53.0,R,0.0,R,53.0,R,31.0,R,58.0,A,,A,,A,,A,,A,,R,24
406015,2011,A,,A,,A,,R,216.0,R,0.0,R,216.0,R,139.0,R,64.0,A,,A,,A,,A,,A,,R,33
406024,2011,A,,A,,A,,R,70.0,Z,0.0,R,70.0,R,50.0,R,71.0,R,12.0,Z,0.0,R,12.0,R,8.0,R,67.0,R,12
406033,2011,A,,A,,A,,R,91.0,Z,0.0,R,91.0,R,69.0,R,76.0,R,5.0,Z,0.0,R,5.0,R,4.0,R,80.0,R,11
406051,2011,A,,A,,A,,R,32.0,R,0.0,R,32.0,R,24.0,R,75.0,A,,A,,A,,A,,A,,R,14
406060,2011,A,,A,,A,,R,17.0,R,0.0,R,17.0,R,13.0,R,76.0,A,,A,,A,,A,,A,,R,18
406149,2011,A,,A,,A,,A,,A,,A,,A,,A,,A,,A,,A,,A,,A,,R,7
406194,2011,R,56.0,R,101.0,R,55.0,R,89.0,R,2.0,R,87.0,R,31.0,R,36.0,R,24.0,R,0.0,R,24.0,R,2.0,R,8.0,R,12
406200,2011,R,731.0,R,731.0,R,100.0,R,572.0,R,0.0,R,572.0,R,407.0,R,71.0,A,,A,,A,,A,,A,,R,21
406219,2011,R,43.0,R,147.0,R,29.0,R,11.0,R,0.0,R,11.0,R,11.0,R,100.0,R,3.0,R,0.0,R,3.0,R,3.0,R,100.0,R,13
406264,2011,R,177.0,R,197.0,R,90.0,R,216.0,R,0.0,R,216.0,R,70.0,R,32.0,R,24.0,R,0.0,R,24.0,R,3.0,R,13.0,R,27
406325,2011,A,,A,,A,,R,71.0,R,0.0,R,71.0,R,53.0,R,75.0,A,,A,,A,,A,,A,,R,40
406361,2011,A,,A,,A,,R,61.0,R,0.0,R,61.0,R,57.0,R,93.0,A,,A,,A,,A,,A,,R,17
406413,2011,A,,A,,A,,A,,A,,A,,A,,A,,A,,A,,A,,A,,A,,R,20
406422,2011,A,,A,,A,,R,30.0,R,0.0,R,30.0,R,28.0,R,93.0,A,,A,,A,,A,,A,,R,12
406486,2011,A,,A,,A,,R,16.0,R,0.0,R,16.0,R,14.0,R,88.0,R,17.0,R,0.0,R,17.0,R,12.0,R,71.0,R,8
406495,2011,A,,A,,A,,R,242.0,R,25.0,R,217.0,R,155.0,R,71.0,R,0.0,R,0.0,R,0.0,R,0.0,A,,R,20
406547,2011,R,47.0,R,93.0,R,51.0,R,0.0,R,0.0,R,0.0,R,0.0,A,,R,0.0,R,0.0,R,0.0,R,0.0,A,,R,22
407054,2011,A,,A,,A,,R,14.0,Z,0.0,R,14.0,R,13.0,R,93.0,R,29.0,Z,0.0,R,29.0,R,20.0,R,69.0,R,8
407063,2011,R,51.0,R,91.0,R,56.0,R,0.0,R,0.0,R,0.0,R,0.0,A,,R,2.0,R,0.0,R,2.0,R,1.0,R,50.0,R,15
407090,2011,A,,A,,A,,R,32.0,Z,0.0,R,32.0,R,21.0,R,66.0,R,49.0,Z,0.0,R,49.0,R,37.0,R,76.0,R,18
407142,2011,A,,A,,A,,R,12.0,R,0.0,R,12.0,R,10.0,R,83.0,A,,A,,A,,A,,A,,R,17
407151,2011,A,,A,,A,,R,26.0,R,0.0,R,26.0,R,18.0,R,69.0,A,,A,,A,,A,,A,,R,24
407179,2011,A,,A,,A,,R,34.0,Z,0.0,R,34.0,R,24.0,R,71.0,R,4.0,Z,0.0,R,4.0,R,4.0,R,100.0,R,15
407285,2011,R,9.0,R,85.0,R,11.0,R,2.0,R,0.0,R,2.0,R,2.0,R,100.0,R,5.0,R,0.0,R,5.0,R,2.0,R,40.0,R,14
407319,2011,R,35.0,R,79.0,R,44.0,R,0.0,R,0.0,R,0.0,R,0.0,A,,R,0.0,R,0.0,R,0.0,R,0.0,A,,R,16
407328,2011,R,24.0,R,37.0,R,65.0,R,22.0,R,0.0,R,22.0,R,14.0,R,64.0,R,26.0,R,0.0,R,26.0,R,14.0,R,54.0,R,15
407355,2011,A,,A,,A,,R,85.0,R,0.0,R,85.0,R,73.0,R,86.0,R,1.0,R,0.0,R,1.0,R,1.0,R,100.0,R,17
407391,2011,A,,A,,A,,R,75.0,R,0.0,R,75.0,R,61.0,R,81.0,R,27.0,R,0.0,R,27.0,R,21.0,R,78.0,R,17
407407,2011,A,,A,,A,,R,67.0,R,0.0,R,67.0,R,56.0,R,84.0,R,26.0,R,0.0,R,26.0,R,22.0,R,85.0,R,15
407425,2011,A,,A,,A,,R,98.0,R,0.0,R,98.0,R,87.0,R,89.0,R,50.0,R,0.0,R,50.0,R,42.0,R,84.0,R,15
407434,2011,A,,A,,A,,R,33.0,R,0.0,R,33.0,R,27.0,R,82.0,R,14.0,R,0.0,R,14.0,R,9.0,R,64.0,R,17
407452,2011,A,,A,,A,,R,44.0,R,0.0,R,44.0,R,42.0,R,95.0,R,66.0,R,3.0,R,63.0,R,62.0,R,98.0,R,3
407461,2011,A,,A,,A,,R,121.0,R,0.0,R,121.0,R,106.0,R,88.0,R,0.0,R,0.0,R,0.0,R,0.0,A,,R,11
407470,2011,A,,A,,A,,R,12.0,Z,0.0,R,12.0,R,10.0,R,83.0,R,0.0,Z,0.0,R,0.0,Z,0.0,A,,R,22
407489,2011,A,,A,,A,,R,8.0,R,0.0,R,8.0,R,8.0,R,100.0,R,26.0,R,0.0,R,26.0,R,26.0,R,100.0,R,9
407504,2011,A,,A,,A,,R,28.0,R,0.0,R,28.0,R,23.0,R,82.0,R,751.0,R,0.0,R,751.0,R,734.0,R,98.0,R,15
407513,2011,A,,A,,A,,R,263.0,R,0.0,R,263.0,R,235.0,R,89.0,R,92.0,R,0.0,R,92.0,R,89.0,R,97.0,R,15
407522,2011,A,,A,,A,,A,,A,,A,,A,,A,,A,,A,,A,,A,,A,,R,12
407568,2011,A,,A,,A,,R,4.0,R,0.0,R,4.0,R,4.0,R,100.0,R,13.0,R,0.0,R,13.0,R,11.0,R,85.0,R,12
407577,2011,A,,A,,A,,R,142.0,R,0.0,R,142.0,R,101.0,R,71.0,R,44.0,R,0.0,R,44.0,R,30.0,R,68.0,R,20
407595,2011,A,,A,,A,,R,178.0,R,0.0,R,178.0,R,139.0,R,78.0,A,,A,,A,,A,,A,,R,11
407601,2011,A,,A,,A,,R,19.0,R,0.0,R,19.0,R,16.0,R,84.0,R,10.0,R,0.0,R,10.0,R,9.0,R,90.0,R,5
407683,2011,A,,A,,A,,R,32.0,R,0.0,R,32.0,R,27.0,R,84.0,R,39.0,R,0.0,R,39.0,R,31.0,R,79.0,R,17
407708,2011,A,,A,,A,,R,54.0,R,0.0,R,54.0,R,43.0,R,80.0,A,,A,,A,,A,,A,,R,19
407726,2011,A,,A,,A,,R,13.0,R,1.0,R,12.0,R,9.0,R,75.0,R,3.0,Z,0.0,R,3.0,R,2.0,R,67.0,R,16
407735,2011,A,,A,,A,,R,27.0,R,1.0,R,26.0,R,14.0,R,54.0,R,3.0,Z,0.0,R,3.0,R,2.0,R,67.0,R,22
407744,2011,A,,A,,A,,R,16.0,R,0.0,R,16.0,R,14.0,R,88.0,A,,A,,A,,A,,A,,R,3
407832,2011,A,,A,,A,,R,84.0,R,0.0,R,84.0,R,79.0,R,94.0,R,141.0,R,0.0,R,141.0,R,141.0,R,100.0,R,9
408039,2011,R,338.0,R,359.0,R,94.0,R,6.0,R,0.0,R,6.0,R,1.0,R,17.0,A,,A,,A,,A,,A,,R,10
408057,2011,A,,A,,A,,R,14.0,R,0.0,R,14.0,R,8.0,R,57.0,R,3.0,R,0.0,R,3.0,R,2.0,R,67.0,R,25
408066,2011,A,,A,,A,,R,41.0,R,0.0,R,41.0,R,35.0,R,85.0,R,30.0,R,0.0,R,30.0,R,21.0,R,70.0,R,16
408163,2011,A,,A,,A,,R,15.0,R,0.0,R,15.0,R,15.0,R,100.0,A,,A,,A,,A,,A,,R,15
408312,2011,A,,A,,A,,R,5.0,R,0.0,R,5.0,R,5.0,R,100.0,A,,A,,A,,A,,A,,R,11
408385,2011,A,,A,,A,,R,403.0,R,0.0,R,403.0,R,276.0,R,68.0,A,,A,,A,,A,,A,,R,10
408394,2011,R,54.0,R,328.0,R,16.0,R,75.0,R,0.0,R,75.0,R,39.0,R,52.0,R,33.0,R,0.0,R,33.0,R,5.0,R,15.0,R,13
408437,2011,A,,A,,A,,A,,A,,A,,A,,A,,A,,A,,A,,A,,A,,R,6
408844,2011,R,350.0,R,563.0,R,62.0,R,27.0,Z,0.0,R,27.0,R,19.0,R,70.0,R,5.0,Z,0.0,R,5.0,R,4.0,R,80.0,R,21
408862,2011,A,,A,,A,,R,51.0,R,1.0,R,50.0,R,46.0,R,92.0,R,64.0,Z,0.0,R,64.0,R,59.0,R,92.0,R,20
409032,2011,A,,A,,A,,R,123.0,R,0.0,R,123.0,R,92.0,R,75.0,A,,A,,A,,A,,A,,R,1
409069,2011,R,36.0,R,67.0,R,54.0,R,0.0,R,0.0,R,0.0,R,0.0,A,,R,0.0,R,0.0,R,0.0,R,0.0,A,,R,15
409120,2011,A,,A,,A,,R,95.0,R,0.0,R,95.0,R,76.0,R,80.0,A,,A,,A,,A,,A,,R,10
409166,2011,A,,A,,A,,R,38.0,Z,0.0,R,38.0,R,25.0,R,66.0,A,,A,,A,,A,,A,,R,10
409193,2011,A,,A,,A,,R,20.0,R,10.0,R,10.0,R,9.0,R,90.0,A,,A,,A,,A,,A,,R,20
409209,2011,A,,A,,A,,R,28.0,R,3.0,R,25.0,R,10.0,R,40.0,A,,A,,A,,A,,A,,R,8
409315,2011,R,2827.0,R,4382.0,R,65.0,R,2.0,R,0.0,R,2.0,R,1.0,R,50.0,R,2.0,R,0.0,R,2.0,R,2.0,R,100.0,R,25
409333,2011,R,6.0,R,7.0,R,86.0,R,44.0,R,0.0,R,44.0,R,32.0,R,73.0,R,0.0,R,0.0,R,0.0,R,0.0,A,,R,5
409537,2011,A,,A,,A,,R,17.0,R,0.0,R,17.0,R,12.0,R,71.0,R,15.0,R,0.0,R,15.0,R,14.0,R,93.0,R,10
409591,2011,A,,A,,A,,R,85.0,R,0.0,R,85.0,R,61.0,R,72.0,R,37.0,R,0.0,R,37.0,R,25.0,R,68.0,R,11
409670,2011,A,,A,,A,,R,154.0,Z,0.0,R,154.0,R,116.0,R,75.0,R,7.0,R,0.0,R,7.0,R,0.0,R,0.0,R,24
409698,2011,R,866.0,R,1517.0,R,57.0,R,823.0,Z,0.0,R,823.0,R,648.0,R,79.0,R,6.0,Z,0.0,R,6.0,R,0.0,R,0.0,R,23
409829,2011,R,35.0,R,66.0,R,53.0,R,0.0,R,0.0,R,0.0,R,0.0,A,,R,0.0,Z,0.0,R,0.0,R,0.0,A,,R,14
409838,2011,R,13.0,R,28.0,R,46.0,R,4.0,Z,0.0,R,4.0,R,3.0,R,75.0,R,1.0,Z,0.0,R,1.0,R,1.0,R,100.0,R,14
409874,2011,R,125.0,R,227.0,R,55.0,R,199.0,R,1.0,R,198.0,R,140.0,R,71.0,R,156.0,R,0.0,R,156.0,R,86.0,R,55.0,R,29
410034,2011,A,,A,,A,,R,31.0,R,0.0,R,31.0,R,19.0,R,61.0,A,,A,,A,,A,,A,,R,9
410070,2011,A,,A,,A,,R,207.0,R,2.0,R,205.0,R,123.0,R,60.0,A,,A,,A,,A,,A,,R,34
410256,2011,A,,A,,A,,A,,A,,A,,A,,A,,A,,A,,A,,A,,A,,R,20
410283,2011,R,279.0,R,288.0,R,97.0,R,256.0,R,0.0,R,256.0,R,60.0,R,23.0,A,,A,,A,,A,,A,,R,17
410496,2011,R,56.0,R,208.0,R,27.0,R,71.0,R,0.0,R,71.0,R,31.0,R,44.0,R,5.0,R,0.0,R,5.0,R,1.0,R,20.0,R,7
410502,2011,R,275.0,R,719.0,R,38.0,R,110.0,R,0.0,R,110.0,R,70.0,R,64.0,R,135.0,R,0.0,R,135.0,R,33.0,R,24.0,R,16
410520,2011,R,27.0,R,32.0,R,84.0,R,17.0,R,0.0,R,17.0,R,8.0,R,47.0,R,8.0,R,0.0,R,8.0,R,5.0,R,63.0,R,34
410539,2011,A,,A,,A,,R,60.0,R,0.0,R,60.0,R,33.0,R,55.0,A,,A,,A,,A,,A,,R,27
410788,2011,A,,A,,A,,R,132.0,R,0.0,R,132.0,R,107.0,R,81.0,R,34.0,R,0.0,R,34.0,R,19.0,R,56.0,R,25
410797,2011,A,,A,,A,,R,58.0,R,0.0,R,58.0,R,41.0,R,71.0,A,,A,,A,,A,,A,,R,20
410964,2011,A,,A,,A,,R,8.0,Z,0.0,R,8.0,R,8.0,R,100.0,R,4.0,Z,0.0,R,4.0,R,4.0,R,100.0,R,8
411055,2011,A,,A,,A,,A,,A,,A,,A,,A,,A,,A,,A,,A,,A,,R,25
411374,2011,A,,A,,A,,A,,A,,A,,A,,A,,A,,A,,A,,A,,A,,R,19
411684,2011,A,,A,,A,,R,13.0,R,0.0,R,13.0,R,9.0,R,69.0,A,,A,,A,,A,,A,,R,12
411754,2011,A,,A,,A,,A,,A,,A,,A,,A,,A,,A,,A,,A,,A,,R,9
412003,2011,A,,A,,A,,R,10.0,R,0.0,R,10.0,R,7.0,R,70.0,R,0.0,R,0.0,R,0.0,R,0.0,A,,R,14
412173,2011,A,,A,,A,,R,155.0,R,0.0,R,155.0,R,134.0,R,86.0,A,,A,,A,,A,,A,,R,12
412535,2011,A,,A,,A,,R,9.0,R,0.0,R,9.0,R,8.0,R,89.0,A,,A,,A,,A,,A,,R,15
412544,2011,A,,A,,A,,R,22.0,Z,0.0,R,22.0,R,22.0,R,100.0,R,3.0,R,0.0,R,3.0,R,3.0,R,100.0,R,17
412599,2011,A,,A,,A,,R,299.0,R,2.0,R,297.0,R,198.0,R,67.0,A,,A,,A,,A,,A,,R,25
412650,2011,A,,A,,A,,A,,A,,A,,A,,A,,A,,A,,A,,A,,A,,R,5
413176,2011,A,,A,,A,,R,15.0,R,0.0,R,15.0,R,7.0,R,47.0,R,0.0,R,0.0,R,0.0,R,0.0,A,,R,2
413185,2011,A,,A,,A,,R,19.0,R,0.0,R,19.0,R,13.0,R,68.0,A,,A,,A,,A,,A,,R,13
413343,2011,A,,A,,A,,R,10.0,R,0.0,R,10.0,R,9.0,R,90.0,A,,A,,A,,A,,A,,R,6
413413,2011,R,1.0,R,839.0,R,0.0,R,3.0,R,0.0,R,3.0,R,2.0,R,67.0,R,302.0,R,0.0,R,302.0,R,44.0,R,15.0,R,26
413617,2011,R,103.0,R,285.0,R,36.0,R,16.0,R,0.0,R,16.0,R,11.0,R,69.0,R,16.0,R,0.0,R,16.0,R,10.0,R,63.0,R,12
413626,2011,R,28.0,R,49.0,R,57.0,R,51.0,R,0.0,R,51.0,R,16.0,R,31.0,R,8.0,R,0.0,R,8.0,R,2.0,R,25.0,R,11
413635,2011,A,,A,,A,,R,130.0,R,0.0,R,130.0,R,79.0,R,61.0,A,,A,,A,,A,,A,,R,36
413680,2011,A,,A,,A,,R,60.0,R,0.0,R,60.0,R,39.0,R,65.0,A,,A,,A,,A,,A,,R,24
413778,2011,A,,A,,A,,R,220.0,R,0.0,R,220.0,R,166.0,R,75.0,R,24.0,R,0.0,R,24.0,R,21.0,R,88.0,R,16
413802,2011,R,243.0,R,344.0,R,71.0,R,243.0,R,14.0,R,229.0,R,224.0,R,98.0,R,101.0,R,8.0,R,93.0,R,80.0,R,86.0,R,14
413820,2011,A,,A,,A,,R,8.0,R,0.0,R,8.0,R,5.0,R,63.0,A,,A,,A,,A,,A,,R,5
413839,2011,R,24.0,R,42.0,R,57.0,R,0.0,R,0.0,R,0.0,R,0.0,A,,R,0.0,R,0.0,R,0.0,R,0.0,A,,R,17
413848,2011,R,15.0,R,33.0,R,45.0,R,1.0,R,0.0,R,1.0,R,1.0,R,100.0,R,0.0,R,0.0,R,0.0,R,0.0,A,,R,21
413857,2011,R,60.0,R,122.0,R,49.0,R,0.0,R,0.0,R,0.0,R,0.0,A,,R,0.0,R,0.0,R,0.0,R,0.0,A,,R,15
413866,2011,R,58.0,R,84.0,R,69.0,R,0.0,R,0.0,R,0.0,R,0.0,A,,R,0.0,R,0.0,R,0.0,R,0.0,A,,R,21
413884,2011,R,80.0,R,124.0,R,65.0,R,0.0,R,0.0,R,0.0,R,0.0,A,,R,0.0,R,0.0,R,0.0,R,0.0,A,,R,16
413918,2011,A,,A,,A,,R,21.0,R,0.0,R,21.0,R,19.0,R,90.0,A,,A,,A,,A,,A,,R,17
413945,2011,A,,A,,A,,R,65.0,R,0.0,R,65.0,R,54.0,R,83.0,A,,A,,A,,A,,A,,R,11
413972,2011,A,,A,,A,,R,94.0,R,0.0,R,94.0,R,83.0,R,88.0,R,22.0,R,0.0,R,22.0,R,19.0,R,86.0,R,20
414054,2011,A,,A,,A,,R,19.0,R,0.0,R,19.0,R,9.0,R,47.0,R,2.0,Z,0.0,R,2.0,R,1.0,R,50.0,R,10
414063,2011,A,,A,,A,,R,150.0,R,0.0,R,150.0,R,135.0,R,90.0,R,30.0,R,0.0,R,30.0,R,29.0,R,97.0,R,15
414124,2011,A,,A,,A,,A,,A,,A,,A,,A,,A,,A,,A,,A,,A,,R,8
414160,2011,R,281.0,R,795.0,R,35.0,R,55.0,R,0.0,R,55.0,R,30.0,R,55.0,R,7.0,R,0.0,R,7.0,R,3.0,R,43.0,R,26
414452,2011,A,,A,,A,,R,21.0,Z,0.0,R,21.0,R,14.0,R,67.0,A,,A,,A,,A,,A,,R,7
414461,2011,R,1101.0,R,1508.0,R,73.0,R,1290.0,R,3.0,R,1287.0,R,804.0,R,62.0,A,,A,,A,,A,,A,,R,16
414489,2011,A,,A,,A,,R,141.0,R,0.0,R,141.0,R,108.0,R,77.0,A,,A,,A,,A,,A,,R,25
414531,2011,R,25.0,R,29.0,R,86.0,R,0.0,R,0.0,R,0.0,R,0.0,A,,R,0.0,R,0.0,R,0.0,R,0.0,A,,R,18
414540,2011,A,,A,,A,,R,204.0,R,0.0,R,204.0,R,158.0,R,77.0,R,19.0,R,0.0,R,19.0,R,10.0,R,53.0,R,15
414559,2011,A,,A,,A,,R,20.0,R,0.0,R,20.0,R,17.0,R,85.0,A,,A,,A,,A,,A,,R,5
414568,2011,R,51.0,R,83.0,R,61.0,R,0.0,R,0.0,R,0.0,R,0.0,A,,R,0.0,R,0.0,R,0.0,R,0.0,A,,R,17
414586,2011,R,51.0,R,81.0,R,63.0,R,0.0,R,0.0,R,0.0,R,0.0,A,,R,0.0,R,0.0,R,0.0,R,0.0,A,,R,17
414595,2011,R,7.0,R,11.0,R,64.0,R,0.0,R,0.0,R,0.0,R,0.0,A,,R,0.0,R,0.0,R,0.0,R,0.0,A,,R,16
414708,2011,R,43.0,R,811.0,R,5.0,R,29.0,Z,0.0,R,29.0,R,21.0,R,72.0,R,99.0,Z,0.0,R,99.0,R,33.0,R,33.0,R,18
414823,2011,R,604.0,R,805.0,R,75.0,R,490.0,R,0.0,R,490.0,R,326.0,R,67.0,R,6.0,R,0.0,R,6.0,R,3.0,R,50.0,R,28
414841,2011,R,44.0,R,71.0,R,62.0,R,37.0,R,1.0,R,36.0,R,13.0,R,36.0,R,6.0,R,0.0,R,6.0,R,2.0,R,33.0,R,18
414850,2011,R,93.0,R,133.0,R,70.0,R,0.0,R,0.0,R,0.0,R,0.0,A,,R,0.0,R,0.0,R,0.0,R,0.0,A,,R,13
414869,2011,A,,A,,A,,R,51.0,R,0.0,R,51.0,R,44.0,R,86.0,R,35.0,R,0.0,R,35.0,R,29.0,R,83.0,R,9
414878,2011,R,9.0,R,103.0,R,9.0,R,12.0,R,0.0,R,12.0,R,6.0,R,50.0,R,2.0,R,0.0,R,2.0,R,1.0,R,50.0,R,9
414911,2011,R,282.0,R,1573.0,R,18.0,R,258.0,R,0.0,R,258.0,R,139.0,R,54.0,R,64.0,R,0.0,R,64.0,R,34.0,R,53.0,R,18
414939,2011,A,,A,,A,,R,116.0,R,0.0,R,116.0,R,94.0,R,81.0,A,,A,,A,,A,,A,,R,16
415039,2011,A,,A,,A,,R,39.0,R,1.0,R,38.0,R,28.0,R,74.0,R,7.0,Z,0.0,R,7.0,R,6.0,R,86.0,R,18
415057,2011,A,,A,,A,,R,41.0,R,0.0,R,41.0,R,35.0,R,85.0,A,,A,,A,,A,,A,,R,12
415729,2011,A,,A,,A,,R,11.0,R,1.0,R,10.0,R,9.0,R,90.0,R,8.0,R,0.0,R,8.0,R,8.0,R,100.0,R,10
415774,2011,A,,A,,A,,R,272.0,R,0.0,R,272.0,R,231.0,R,85.0,R,73.0,R,0.0,R,73.0,R,61.0,R,84.0,R,16
415987,2011,A,,A,,A,,R,434.0,R,0.0,R,434.0,R,331.0,R,76.0,R,154.0,R,0.0,R,154.0,R,112.0,R,73.0,R,24
416458,2011,A,,A,,A,,R,104.0,R,0.0,R,104.0,R,89.0,R,86.0,A,,A,,A,,A,,A,,R,20
416670,2011,A,,A,,A,,R,31.0,R,0.0,R,31.0,R,19.0,R,61.0,R,19.0,R,0.0,R,19.0,R,9.0,R,47.0,R,9
416801,2011,A,,A,,A,,A,,A,,A,,A,,A,,A,,A,,A,,A,,A,,R,4
416962,2011,A,,A,,A,,R,71.0,R,0.0,R,71.0,R,46.0,R,65.0,A,,A,,A,,A,,A,,R,27
416971,2011,A,,A,,A,,R,4.0,R,0.0,R,4.0,R,3.0,R,75.0,R,1.0,R,0.0,R,1.0,R,1.0,R,100.0,R,14
416980,2011,A,,A,,A,,R,10.0,R,0.0,R,10.0,R,5.0,R,50.0,R,6.0,R,0.0,R,6.0,R,4.0,R,67.0,R,10
417008,2011,A,,A,,A,,R,102.0,R,0.0,R,102.0,R,61.0,R,60.0,A,,A,,A,,A,,A,,R,18
417062,2011,A,,A,,A,,R,41.0,Z,0.0,R,41.0,R,28.0,R,68.0,A,,A,,A,,A,,A,,R,24
417105,2011,A,,A,,A,,A,,A,,A,,A,,A,,R,102.0,R,0.0,R,102.0,R,38.0,R,37.0,R,11
417123,2011,A,,A,,A,,R,69.0,R,5.0,R,64.0,R,59.0,R,92.0,R,0.0,R,0.0,R,0.0,R,0.0,A,,R,13
417132,2011,A,,A,,A,,R,104.0,R,0.0,R,104.0,R,54.0,R,52.0,R,49.0,R,8.0,R,41.0,R,23.0,R,56.0,R,18
417178,2011,A,,A,,A,,R,8.0,R,0.0,R,8.0,R,8.0,R,100.0,A,,A,,A,,A,,A,,R,7
417187,2011,A,,A,,A,,A,,A,,A,,A,,A,,A,,A,,A,,A,,A,,R,10
417248,2011,A,,A,,A,,R,14.0,R,0.0,R,14.0,R,14.0,R,100.0,A,,A,,A,,A,,A,,R,10
417257,2011,A,,A,,A,,R,0.0,R,0.0,R,0.0,R,0.0,A,,A,,A,,A,,A,,A,,R,10
417275,2011,A,,A,,A,,R,13.0,R,0.0,R,13.0,R,13.0,R,100.0,A,,A,,A,,A,,A,,R,12
417318,2011,A,,A,,A,,R,54.0,R,0.0,R,54.0,R,42.0,R,78.0,A,,A,,A,,A,,A,,R,12
417327,2011,R,36.0,R,89.0,R,40.0,R,23.0,R,0.0,R,23.0,R,19.0,R,83.0,R,11.0,R,0.0,R,11.0,R,6.0,R,55.0,R,18
417381,2011,A,,A,,A,,R,31.0,R,2.0,R,29.0,R,13.0,R,45.0,R,12.0,Z,0.0,R,12.0,R,8.0,R,67.0,R,22
417390,2011,A,,A,,A,,R,20.0,R,0.0,R,20.0,R,18.0,R,90.0,R,5.0,R,0.0,R,5.0,R,4.0,R,80.0,R,6
417406,2011,A,,A,,A,,R,19.0,R,0.0,R,19.0,R,18.0,R,95.0,N,1.0,N,1.0,N,0.0,N,1.0,A,,R,8
417442,2011,A,,A,,A,,R,40.0,R,0.0,R,40.0,R,31.0,R,78.0,A,,A,,A,,A,,A,,R,15
417503,2011,A,,A,,A,,R,129.0,R,0.0,R,129.0,R,114.0,R,88.0,R,14.0,R,0.0,R,14.0,R,12.0,R,86.0,R,10
417549,2011,A,,A,,A,,R,259.0,R,0.0,R,259.0,R,183.0,R,71.0,A,,A,,A,,A,,A,,R,24
417567,2011,A,,A,,A,,R,82.0,R,0.0,R,82.0,R,66.0,R,80.0,A,,A,,A,,A,,A,,R,20
417576,2011,A,,A,,A,,R,26.0,R,0.0,R,26.0,R,25.0,R,96.0,R,23.0,R,0.0,R,23.0,R,23.0,R,100.0,R,10
417600,2011,A,,A,,A,,R,7.0,R,0.0,R,7.0,R,7.0,R,100.0,A,,A,,A,,A,,A,,R,13
417628,2011,A,,A,,A,,R,17.0,R,0.0,R,17.0,R,13.0,R,76.0,R,4.0,R,0.0,R,4.0,R,4.0,R,100.0,R,3
417637,2011,A,,A,,A,,R,67.0,R,0.0,R,67.0,R,62.0,R,93.0,A,,A,,A,,A,,A,,R,3
417646,2011,A,,A,,A,,R,8.0,Z,0.0,R,8.0,R,5.0,R,63.0,R,8.0,Z,0.0,R,8.0,R,3.0,R,38.0,R,9
417655,2011,A,,A,,A,,R,14.0,R,0.0,R,14.0,R,13.0,R,93.0,A,,A,,A,,A,,A,,R,7
417673,2011,A,,A,,A,,R,11.0,R,0.0,R,11.0,R,11.0,R,100.0,R,1.0,R,0.0,R,1.0,R,1.0,R,100.0,R,6
417682,2011,A,,A,,A,,R,3.0,R,0.0,R,3.0,R,3.0,R,100.0,A,,A,,A,,A,,A,,R,14
417716,2011,A,,A,,A,,R,17.0,R,0.0,R,17.0,R,16.0,R,94.0,A,,A,,A,,A,,A,,R,15
417725,2011,A,,A,,A,,R,57.0,R,0.0,R,57.0,R,42.0,R,74.0,A,,A,,A,,A,,A,,R,15
417734,2011,R,2.0,R,34.0,R,6.0,R,8.0,R,4.0,R,4.0,R,4.0,R,100.0,R,9.0,R,4.0,R,5.0,R,4.0,R,80.0,R,8
417743,2011,A,,A,,A,,R,0.0,R,0.0,R,0.0,R,0.0,A,,R,0.0,R,0.0,R,0.0,R,0.0,A,,R,19
417752,2011,R,6.0,R,11.0,R,55.0,R,12.0,R,0.0,R,12.0,R,7.0,R,58.0,R,2.0,R,0.0,R,2.0,R,1.0,R,50.0,R,9
417789,2011,A,,A,,A,,R,81.0,R,0.0,R,81.0,R,65.0,R,80.0,R,18.0,Z,0.0,R,18.0,R,8.0,R,44.0,R,9
417804,2011,A,,A,,A,,R,48.0,R,1.0,R,47.0,R,35.0,R,74.0,A,,A,,A,,A,,A,,R,14
417831,2011,A,,A,,A,,R,97.0,R,1.0,R,96.0,R,90.0,R,94.0,R,2.0,R,0.0,R,2.0,R,2.0,R,100.0,R,25
417840,2011,A,,A,,A,,R,146.0,R,0.0,R,146.0,R,129.0,R,88.0,R,19.0,R,0.0,R,19.0,R,3.0,R,16.0,R,15
417868,2011,A,,A,,A,,R,34.0,R,0.0,R,34.0,R,29.0,R,85.0,A,,A,,A,,A,,A,,R,11
417886,2011,A,,A,,A,,R,8.0,R,0.0,R,8.0,R,7.0,R,88.0,A,,A,,A,,A,,A,,R,18
417901,2011,A,,A,,A,,A,,A,,A,,A,,A,,A,,A,,A,,A,,A,,R,18
417910,2011,A,,A,,A,,R,198.0,R,0.0,R,198.0,R,178.0,R,90.0,A,,A,,A,,A,,A,,R,11
417947,2011,A,,A,,A,,R,5.0,R,0.0,R,5.0,R,0.0,R,0.0,A,,A,,A,,A,,A,,R,14
417983,2011,A,,A,,A,,A,,A,,A,,A,,A,,R,63.0,R,0.0,R,63.0,R,40.0,R,63.0,R,6
417992,2011,A,,A,,A,,R,12.0,R,0.0,R,12.0,R,11.0,R,92.0,R,10.0,R,0.0,R,10.0,R,5.0,R,50.0,R,11
418001,2011,A,,A,,A,,R,47.0,R,0.0,R,47.0,R,42.0,R,89.0,A,,A,,A,,A,,A,,R,15
418010,2011,A,,A,,A,,R,9.0,R,0.0,R,9.0,R,7.0,R,78.0,R,12.0,R,0.0,R,12.0,R,12.0,R,100.0,R,5
418029,2011,A,,A,,A,,R,7.0,R,0.0,R,7.0,R,5.0,R,71.0,R,19.0,R,0.0,R,19.0,R,13.0,R,68.0,R,8
418038,2011,A,,A,,A,,R,77.0,R,0.0,R,77.0,R,57.0,R,74.0,A,,A,,A,,A,,A,,R,37
418056,2011,A,,A,,A,,R,89.0,R,0.0,R,89.0,R,68.0,R,76.0,R,9.0,R,0.0,R,9.0,R,4.0,R,44.0,R,47
418065,2011,A,,A,,A,,R,153.0,R,0.0,R,153.0,R,99.0,R,65.0,R,212.0,R,0.0,R,212.0,R,149.0,R,70.0,R,18
418083,2011,A,,A,,A,,R,53.0,R,0.0,R,53.0,R,39.0,R,74.0,R,37.0,R,0.0,R,37.0,R,29.0,R,78.0,R,27
418126,2011,R,64.0,R,248.0,R,26.0,R,1.0,R,1.0,R,0.0,R,0.0,A,,R,0.0,R,0.0,R,0.0,R,0.0,A,,R,17
418162,2011,A,,A,,A,,R,399.0,R,0.0,R,399.0,R,287.0,R,72.0,R,66.0,R,0.0,R,66.0,R,45.0,R,68.0,R,17
418171,2011,A,,A,,A,,R,17.0,R,0.0,R,17.0,R,17.0,R,100.0,A,,A,,A,,A,,A,,R,18
418199,2011,A,,A,,A,,A,,A,,A,,A,,A,,A,,A,,A,,A,,A,,R,12
418205,2011,A,,A,,A,,R,70.0,R,2.0,R,68.0,R,59.0,R,87.0,R,132.0,R,0.0,R,132.0,R,127.0,R,96.0,R,13
418223,2011,A,,A,,A,,R,32.0,R,0.0,R,32.0,R,27.0,R,84.0,A,,A,,A,,A,,A,,R,4
418250,2011,A,,A,,A,,R,333.0,Z,0.0,R,333.0,R,275.0,R,83.0,R,19.0,Z,0.0,R,19.0,R,17.0,R,89.0,R,8
418269,2011,A,,A,,A,,R,13.0,R,0.0,R,13.0,R,13.0,R,100.0,A,,A,,A,,A,,A,,R,17
418278,2011,A,,A,,A,,R,21.0,R,0.0,R,21.0,R,16.0,R,76.0,R,39.0,R,0.0,R,39.0,R,33.0,R,85.0,R,2
418287,2011,A,,A,,A,,R,53.0,R,0.0,R,53.0,R,49.0,R,92.0,R,18.0,R,0.0,R,18.0,R,16.0,R,89.0,R,12
418296,2011,A,,A,,A,,R,94.0,R,0.0,R,94.0,R,90.0,R,96.0,R,58.0,Z,0.0,R,58.0,R,55.0,R,95.0,R,9
418302,2011,A,,A,,A,,R,62.0,R,0.0,R,62.0,R,36.0,R,58.0,R,10.0,R,0.0,R,10.0,R,7.0,R,70.0,R,7
418320,2011,A,,A,,A,,R,36.0,R,0.0,R,36.0,R,12.0,R,33.0,R,234.0,R,0.0,R,234.0,R,156.0,R,67.0,R,18
418339,2011,A,,A,,A,,R,20.0,R,0.0,R,20.0,R,14.0,R,70.0,R,21.0,R,0.0,R,21.0,R,14.0,R,67.0,R,12
418348,2011,A,,A,,A,,R,51.0,R,0.0,R,51.0,R,35.0,R,69.0,R,50.0,R,0.0,R,50.0,R,19.0,R,38.0,R,15
418357,2011,A,,A,,A,,R,24.0,R,0.0,R,24.0,R,19.0,R,79.0,R,9.0,R,0.0,R,9.0,R,5.0,R,56.0,R,6
418384,2011,A,,A,,A,,R,23.0,R,11.0,R,12.0,R,9.0,R,75.0,A,,A,,A,,A,,A,,R,8
418409,2011,A,,A,,A,,R,32.0,R,0.0,R,32.0,R,25.0,R,78.0,A,,A,,A,,A,,A,,R,10
418427,2011,A,,A,,A,,R,12.0,Z,0.0,R,12.0,R,8.0,R,67.0,R,16.0,Z,0.0,R,16.0,R,11.0,R,69.0,R,9
418445,2011,A,,A,,A,,R,26.0,R,0.0,R,26.0,R,14.0,R,54.0,A,,A,,A,,A,,A,,R,13
418454,2011,A,,A,,A,,R,242.0,R,0.0,R,242.0,R,238.0,R,98.0,R,22.0,R,0.0,R,22.0,R,22.0,R,100.0,R,12
418481,2011,A,,A,,A,,R,36.0,R,0.0,R,36.0,R,31.0,R,86.0,A,,A,,A,,A,,A,,R,15
418506,2011,A,,A,,A,,R,46.0,R,0.0,R,46.0,R,38.0,R,83.0,A,,A,,A,,A,,A,,R,10
418515,2011,A,,A,,A,,R,71.0,R,0.0,R,71.0,R,62.0,R,87.0,R,47.0,R,0.0,R,47.0,R,44.0,R,94.0,R,12
418524,2011,A,,A,,A,,R,37.0,R,0.0,R,37.0,R,24.0,R,65.0,A,,A,,A,,A,,A,,R,15
418533,2011,A,,A,,A,,R,160.0,R,0.0,R,160.0,R,130.0,R,81.0,R,63.0,R,0.0,R,63.0,R,48.0,R,76.0,R,20
418542,2011,A,,A,,A,,R,2.0,R,0.0,R,2.0,R,2.0,R,100.0,R,29.0,R,0.0,R,29.0,R,29.0,R,100.0,R,9
418560,2011,A,,A,,A,,R,45.0,R,0.0,R,45.0,R,7.0,R,16.0,R,53.0,R,0.0,R,53.0,R,47.0,R,89.0,R,6
418588,2011,A,,A,,A,,R,20.0,R,0.0,R,20.0,R,14.0,R,70.0,A,,A,,A,,A,,A,,R,10
418603,2011,A,,A,,A,,R,21.0,R,0.0,R,21.0,R,20.0,R,95.0,R,11.0,R,0.0,R,11.0,R,11.0,R,100.0,R,14
418612,2011,A,,A,,A,,R,11.0,R,0.0,R,11.0,R,11.0,R,100.0,A,,A,,A,,A,,A,,R,8
418658,2011,A,,A,,A,,A,,A,,A,,A,,A,,R,109.0,R,0.0,R,109.0,R,101.0,R,93.0,R,9
418676,2011,A,,A,,A,,R,59.0,R,0.0,R,59.0,R,43.0,R,73.0,A,,A,,A,,A,,A,,R,16
418700,2011,A,,A,,A,,R,109.0,R,0.0,R,109.0,R,79.0,R,72.0,A,,A,,A,,A,,A,,R,17
418755,2011,A,,A,,A,,R,58.0,R,0.0,R,58.0,R,48.0,R,83.0,A,,A,,A,,A,,A,,R,45
418764,2011,A,,A,,A,,R,26.0,Z,0.0,R,26.0,R,25.0,R,96.0,A,,A,,A,,A,,A,,R,20
418773,2011,A,,A,,A,,R,596.0,R,0.0,R,596.0,R,578.0,R,97.0,R,199.0,R,0.0,R,199.0,R,179.0,R,90.0,R,37
418782,2011,A,,A,,A,,R,112.0,Z,0.0,R,112.0,R,83.0,R,74.0,A,,A,,A,,A,,A,,R,19
418870,2011,A,,A,,A,,R,331.0,R,1.0,R,330.0,R,223.0,R,68.0,A,,A,,A,,A,,A,,R,30
418889,2011,A,,A,,A,,R,16.0,R,0.0,R,16.0,R,13.0,R,81.0,R,11.0,R,0.0,R,11.0,R,11.0,R,100.0,R,13
418913,2011,A,,A,,A,,R,38.0,R,0.0,R,38.0,R,16.0,R,42.0,A,,A,,A,,A,,A,,R,6
418968,2011,A,,A,,A,,R,45.0,R,0.0,R,45.0,R,19.0,R,42.0,R,27.0,R,0.0,R,27.0,R,25.0,R,93.0,R,17
419022,2011,A,,A,,A,,A,,A,,A,,A,,A,,A,,A,,A,,A,,A,,N,26
419031,2011,A,,A,,A,,R,7.0,R,0.0,R,7.0,R,6.0,R,86.0,A,,A,,A,,A,,A,,R,8
419095,2011,A,,A,,A,,R,14.0,R,0.0,R,14.0,R,14.0,R,100.0,A,,A,,A,,A,,A,,R,6
419147,2011,A,,A,,A,,R,41.0,R,0.0,R,41.0,R,34.0,R,83.0,R,5.0,R,0.0,R,5.0,R,4.0,R,80.0,R,10
419156,2011,A,,A,,A,,R,35.0,R,0.0,R,35.0,R,19.0,R,54.0,A,,A,,A,,A,,A,,R,12
419183,2011,A,,A,,A,,R,139.0,R,0.0,R,139.0,R,123.0,R,88.0,A,,A,,A,,A,,A,,R,46
419217,2011,A,,A,,A,,R,6.0,R,0.0,R,6.0,R,5.0,R,83.0,A,,A,,A,,A,,A,,R,10
419226,2011,A,,A,,A,,R,301.0,R,0.0,R,301.0,R,228.0,R,76.0,A,,A,,A,,A,,A,,R,13
419235,2011,A,,A,,A,,R,86.0,R,5.0,R,81.0,R,69.0,R,85.0,A,,A,,A,,A,,A,,R,20
419244,2011,A,,A,,A,,R,72.0,R,0.0,R,72.0,R,42.0,R,58.0,R,9.0,R,1.0,R,8.0,R,5.0,R,63.0,R,13
419253,2011,A,,A,,A,,R,87.0,R,0.0,R,87.0,R,75.0,R,86.0,A,,A,,A,,A,,A,,R,32
419262,2011,A,,A,,A,,R,39.0,R,12.0,R,27.0,R,27.0,R,100.0,A,,A,,A,,A,,A,,R,27
419271,2011,A,,A,,A,,R,5.0,R,0.0,R,5.0,R,4.0,R,80.0,R,11.0,R,0.0,R,11.0,R,7.0,R,64.0,R,10
419280,2011,A,,A,,A,,R,11.0,R,0.0,R,11.0,R,11.0,R,100.0,R,3.0,R,0.0,R,3.0,R,2.0,R,67.0,R,20
419314,2011,A,,A,,A,,R,22.0,R,0.0,R,22.0,R,20.0,R,91.0,A,,A,,A,,A,,A,,R,14
419332,2011,A,,A,,A,,R,5.0,R,0.0,R,5.0,R,2.0,R,40.0,R,8.0,R,0.0,R,8.0,R,8.0,R,100.0,R,5
419341,2011,R,33.0,R,33.0,R,100.0,R,37.0,R,0.0,R,37.0,R,25.0,R,68.0,A,,A,,A,,A,,A,,R,15
419411,2011,A,,A,,A,,R,17.0,R,0.0,R,17.0,R,11.0,R,65.0,R,27.0,R,0.0,R,27.0,R,18.0,R,67.0,R,10
419420,2011,A,,A,,A,,R,69.0,R,1.0,R,68.0,R,53.0,R,78.0,R,44.0,R,1.0,R,43.0,R,36.0,R,84.0,R,6
419439,2011,A,,A,,A,,R,31.0,R,0.0,R,31.0,R,27.0,R,87.0,A,,A,,A,,A,,A,,R,11
419457,2011,R,2.0,R,65.0,R,3.0,R,4.0,R,0.0,R,4.0,R,1.0,R,25.0,R,4.0,R,0.0,R,4.0,R,1.0,R,25.0,R,15
419484,2011,A,,A,,A,,R,12.0,R,0.0,R,12.0,R,5.0,R,42.0,A,,A,,A,,A,,A,,R,11
419509,2011,A,,A,,A,,R,88.0,R,0.0,R,88.0,R,56.0,R,64.0,A,,A,,A,,A,,A,,R,22
419633,2011,A,,A,,A,,R,25.0,R,0.0,R,25.0,R,19.0,R,76.0,A,,A,,A,,A,,A,,R,10
419660,2011,A,,A,,A,,R,195.0,R,0.0,R,195.0,R,147.0,R,75.0,A,,A,,A,,A,,A,,R,25
419703,2011,A,,A,,A,,R,363.0,Z,0.0,R,363.0,R,285.0,R,79.0,A,,A,,A,,A,,A,,R,31
419712,2011,A,,A,,A,,R,183.0,Z,0.0,R,183.0,R,154.0,R,84.0,A,,A,,A,,A,,A,,R,20
419721,2011,A,,A,,A,,R,136.0,Z,0.0,R,136.0,R,107.0,R,79.0,A,,A,,A,,A,,A,,R,22
420006,2011,A,,A,,A,,R,2.0,R,0.0,R,2.0,R,1.0,R,50.0,R,3.0,R,0.0,R,3.0,R,0.0,R,0.0,R,24
420024,2011,R,31.0,R,40.0,R,78.0,R,25.0,R,0.0,R,25.0,R,18.0,R,72.0,R,0.0,R,0.0,R,0.0,R,0.0,A,,R,13
420042,2011,A,,A,,A,,R,25.0,R,0.0,R,25.0,R,16.0,R,64.0,A,,A,,A,,A,,A,,R,21
420103,2011,A,,A,,A,,R,86.0,R,0.0,R,86.0,R,38.0,R,44.0,A,,A,,A,,A,,A,,R,25
420130,2011,A,,A,,A,,R,112.0,R,0.0,R,112.0,R,87.0,R,78.0,A,,A,,A,,A,,A,,R,15
420194,2011,A,,A,,A,,R,38.0,R,0.0,R,38.0,R,37.0,R,97.0,A,,A,,A,,A,,A,,R,10
420200,2011,A,,A,,A,,R,62.0,R,0.0,R,62.0,R,56.0,R,90.0,R,138.0,R,0.0,R,138.0,R,127.0,R,92.0,R,10
420255,2011,A,,A,,A,,R,81.0,R,0.0,R,81.0,R,59.0,R,73.0,A,,A,,A,,A,,A,,R,17
420307,2011,R,277.0,R,472.0,R,59.0,R,445.0,R,0.0,R,445.0,R,378.0,R,85.0,R,368.0,R,0.0,R,368.0,R,235.0,R,64.0,R,34
420316,2011,R,43.0,R,57.0,R,75.0,R,4.0,R,0.0,R,4.0,R,3.0,R,75.0,R,0.0,R,0.0,R,0.0,R,0.0,A,,R,15
420325,2011,R,8.0,R,11.0,R,73.0,R,7.0,R,0.0,R,7.0,R,6.0,R,86.0,A,,A,,A,,A,,A,,R,20
420343,2011,A,,A,,A,,R,266.0,R,0.0,R,266.0,R,214.0,R,80.0,R,0.0,R,0.0,R,0.0,R,0.0,A,,R,26
420352,2011,R,1.0,R,10.0,R,10.0,R,3.0,R,0.0,R,3.0,R,1.0,R,33.0,R,2.0,R,0.0,R,2.0,R,1.0,R,50.0,R,2
420370,2011,A,,A,,A,,A,,A,,A,,A,,A,,A,,A,,A,,A,,A,,R,36
420398,2011,R,1007.0,R,4526.0,R,22.0,R,1641.0,Z,0.0,R,1641.0,R,1020.0,R,62.0,R,933.0,Z,0.0,R,933.0,R,424.0,R,45.0,R,22
420404,2011,R,102.0,R,123.0,R,83.0,R,121.0,R,5.0,R,116.0,R,73.0,R,63.0,R,19.0,R,0.0,R,19.0,R,1.0,R,5.0,R,26
420431,2011,R,96.0,R,349.0,R,28.0,R,284.0,R,0.0,R,284.0,R,96.0,R,34.0,R,192.0,R,0.0,R,192.0,R,30.0,R,16.0,R,11
420440,2011,R,181.0,R,675.0,R,27.0,R,213.0,R,0.0,R,213.0,R,114.0,R,54.0,R,157.0,R,0.0,R,157.0,R,67.0,R,43.0,R,18
420459,2011,A,,A,,A,,R,62.0,R,0.0,R,62.0,R,9.0,R,15.0,R,43.0,R,0.0,R,43.0,R,11.0,R,26.0,R,10
420468,2011,A,,A,,A,,R,197.0,Z,0.0,R,197.0,R,138.0,R,70.0,R,110.0,Z,0.0,R,110.0,R,31.0,R,28.0,R,15
420495,2011,A,,A,,A,,R,154.0,R,0.0,R,154.0,R,107.0,R,69.0,A,,A,,A,,A,,A,,R,17
420501,2011,A,,A,,A,,R,230.0,R,0.0,R,230.0,R,150.0,R,65.0,R,2.0,R,0.0,R,2.0,R,0.0,R,0.0,R,38
420538,2011,R,202.0,R,411.0,R,49.0,R,278.0,Z,0.0,R,278.0,R,104.0,R,37.0,R,54.0,Z,0.0,R,54.0,R,15.0,R,28.0,R,19
420556,2011,R,94.0,R,624.0,R,15.0,R,56.0,R,0.0,R,56.0,R,14.0,R,25.0,R,93.0,R,0.0,R,93.0,R,17.0,R,18.0,R,16
420608,2011,A,,A,,A,,R,62.0,R,0.0,R,62.0,R,16.0,R,26.0,R,4.0,R,0.0,R,4.0,R,4.0,R,100.0,R,30
420723,2011,R,52.0,R,137.0,R,38.0,R,28.0,R,0.0,R,28.0,R,12.0,R,43.0,R,55.0,R,0.0,R,55.0,R,36.0,R,65.0,R,15
420866,2011,R,7.0,R,88.0,R,8.0,R,9.0,R,0.0,R,9.0,R,3.0,R,33.0,R,10.0,R,0.0,R,10.0,R,1.0,R,10.0,R,14
420981,2011,A,,A,,A,,R,195.0,R,0.0,R,195.0,R,153.0,R,78.0,A,,A,,A,,A,,A,,R,21
421009,2011,A,,A,,A,,R,119.0,R,0.0,R,119.0,R,62.0,R,52.0,A,,A,,A,,A,,A,,R,6
421018,2011,A,,A,,A,,R,138.0,R,0.0,R,138.0,R,43.0,R,31.0,A,,A,,A,,A,,A,,R,17
421513,2011,R,94.0,R,111.0,R,85.0,R,79.0,R,1.0,R,78.0,R,31.0,R,40.0,A,,A,,A,,A,,A,,R,9
421540,2011,A,,A,,A,,R,39.0,Z,0.0,R,39.0,R,36.0,R,92.0,R,24.0,Z,0.0,R,24.0,R,22.0,R,92.0,R,11
421559,2011,A,,A,,A,,R,39.0,Z,0.0,R,39.0,R,37.0,R,95.0,R,72.0,Z,0.0,R,72.0,R,68.0,R,94.0,R,11
421586,2011,A,,A,,A,,R,89.0,R,0.0,R,89.0,R,51.0,R,57.0,A,,A,,A,,A,,A,,R,20
421610,2011,A,,A,,A,,R,4.0,R,0.0,R,4.0,R,4.0,R,100.0,R,9.0,Z,0.0,R,9.0,R,8.0,R,89.0,R,7
421665,2011,A,,A,,A,,R,2.0,R,0.0,R,2.0,R,2.0,R,100.0,R,12.0,R,0.0,R,12.0,R,12.0,R,100.0,R,8
421708,2011,A,,A,,A,,R,272.0,R,0.0,R,272.0,R,195.0,R,72.0,A,,A,,A,,A,,A,,R,16
421717,2011,A,,A,,A,,R,14.0,R,0.0,R,14.0,R,11.0,R,79.0,A,,A,,A,,A,,A,,R,12
421771,2011,A,,A,,A,,R,25.0,R,0.0,R,25.0,R,16.0,R,64.0,A,,A,,A,,A,,A,,R,25
421832,2011,R,161.0,R,214.0,R,75.0,R,136.0,R,0.0,R,136.0,R,110.0,R,81.0,A,,A,,A,,A,,A,,R,12
421841,2011,A,,A,,A,,R,109.0,R,1.0,R,108.0,R,71.0,R,66.0,A,,A,,A,,A,,A,,R,22
421878,2011,A,,A,,A,,R,64.0,R,0.0,R,64.0,R,57.0,R,89.0,R,29.0,R,0.0,R,29.0,R,25.0,R,86.0,R,14
421896,2011,A,,A,,A,,R,71.0,R,0.0,R,71.0,R,53.0,R,75.0,A,,A,,A,,A,,A,,R,17
422020,2011,A,,A,,A,,R,21.0,R,1.0,R,20.0,R,16.0,R,80.0,A,,A,,A,,A,,A,,R,16
422190,2011,A,,A,,A,,R,17.0,Z,0.0,R,17.0,R,16.0,R,94.0,R,12.0,Z,0.0,R,12.0,R,6.0,R,50.0,R,18
422695,2011,A,,A,,A,,R,0.0,R,0.0,R,0.0,R,0.0,A,,A,,A,,A,,A,,A,,R,14
422835,2011,A,,A,,A,,R,101.0,R,0.0,R,101.0,R,79.0,R,78.0,A,,A,,A,,A,,A,,R,22
423120,2011,A,,A,,A,,A,,A,,A,,A,,A,,A,,A,,A,,A,,A,,R,45
423397,2011,A,,A,,A,,R,10.0,R,0.0,R,10.0,R,9.0,R,90.0,A,,A,,A,,A,,A,,R,10
423412,2011,A,,A,,A,,R,26.0,R,2.0,R,24.0,R,11.0,R,46.0,A,,A,,A,,A,,A,,R,12
423476,2011,R,43.0,R,140.0,R,31.0,R,54.0,Z,0.0,R,54.0,R,26.0,R,48.0,R,6.0,Z,0.0,R,6.0,R,2.0,R,33.0,R,13
423582,2011,A,,A,,A,,R,62.0,R,0.0,R,62.0,R,34.0,R,55.0,R,27.0,R,0.0,R,27.0,R,9.0,R,33.0,R,19
423652,2011,R,38.0,R,279.0,R,14.0,R,50.0,R,0.0,R,50.0,R,28.0,R,56.0,R,98.0,R,0.0,R,98.0,R,33.0,R,34.0,R,17
423670,2011,R,24.0,R,84.0,R,29.0,R,0.0,R,0.0,R,0.0,R,0.0,A,,R,0.0,R,0.0,R,0.0,R,0.0,A,,R,14
423980,2011,A,,A,,A,,R,511.0,R,0.0,R,511.0,R,367.0,R,72.0,A,,A,,A,,A,,A,,R,32
424424,2011,A,,A,,A,,R,42.0,Z,0.0,R,42.0,R,34.0,R,81.0,A,,A,,A,,A,,A,,R,22
425250,2011,A,,A,,A,,R,15.0,R,0.0,R,15.0,R,8.0,R,53.0,R,16.0,R,0.0,R,16.0,R,10.0,R,63.0,R,11
425870,2011,A,,A,,A,,A,,A,,A,,A,,A,,A,,A,,A,,A,,A,,R,2
425889,2011,A,,A,,A,,R,154.0,R,0.0,R,154.0,R,99.0,R,64.0,R,0.0,R,0.0,R,0.0,R,0.0,A,,R,27
425986,2011,A,,A,,A,,R,64.0,R,0.0,R,64.0,R,36.0,R,56.0,A,,A,,A,,A,,A,,R,13
426314,2011,R,61.0,R,1415.0,R,4.0,R,48.0,R,0.0,R,48.0,R,33.0,R,69.0,R,303.0,R,0.0,R,303.0,R,120.0,R,40.0,R,9
427025,2011,A,,A,,A,,A,,A,,A,,A,,A,,A,,A,,A,,A,,A,,R,31
427308,2011,A,,A,,A,,R,111.0,Z,0.0,R,111.0,R,79.0,R,71.0,A,,A,,A,,A,,A,,R,17
427335,2011,A,,A,,A,,A,,A,,A,,A,,A,,A,,A,,A,,A,,A,,R,4
427663,2011,R,23.0,R,26.0,R,88.0,R,0.0,R,0.0,R,0.0,R,0.0,A,,R,0.0,R,0.0,R,0.0,R,0.0,A,,R,17
427894,2011,A,,A,,A,,R,7.0,Z,0.0,R,7.0,R,5.0,R,71.0,R,40.0,Z,0.0,R,40.0,R,35.0,R,88.0,R,20
427919,2011,A,,A,,A,,R,23.0,Z,0.0,R,23.0,R,13.0,R,57.0,R,21.0,Z,0.0,R,21.0,R,15.0,R,71.0,R,21
427973,2011,R,65.0,R,74.0,R,88.0,R,38.0,R,0.0,R,38.0,R,28.0,R,74.0,R,0.0,R,0.0,R,0.0,R,0.0,A,,R,16
427982,2011,R,29.0,R,49.0,R,59.0,R,33.0,R,0.0,R,33.0,R,28.0,R,85.0,R,0.0,R,0.0,R,0.0,R,0.0,A,,R,12
427991,2011,A,,A,,A,,R,169.0,R,0.0,R,169.0,R,110.0,R,65.0,R,72.0,R,0.0,R,72.0,R,29.0,R,40.0,R,17
428000,2011,A,,A,,A,,R,0.0,R,0.0,R,0.0,R,0.0,A,,A,,A,,A,,A,,A,,R,15
428019,2011,A,,A,,A,,R,28.0,R,0.0,R,28.0,R,24.0,R,86.0,R,3.0,R,0.0,R,3.0,R,3.0,R,100.0,R,13
428055,2011,A,,A,,A,,R,82.0,R,0.0,R,82.0,R,60.0,R,73.0,A,,A,,A,,A,,A,,R,27
428073,2011,A,,A,,A,,R,10.0,R,0.0,R,10.0,R,10.0,R,100.0,A,,A,,A,,A,,A,,R,20
428125,2011,A,,A,,A,,R,32.0,R,0.0,R,32.0,R,24.0,R,75.0,R,1.0,R,0.0,R,1.0,R,1.0,R,100.0,R,25
428143,2011,A,,A,,A,,R,184.0,Z,0.0,R,184.0,R,138.0,R,75.0,A,,A,,A,,A,,A,,R,18
428170,2011,R,258.0,R,460.0,R,56.0,R,360.0,R,0.0,R,360.0,R,278.0,R,77.0,R,126.0,Z,0.0,R,126.0,R,78.0,R,62.0,R,7
428259,2011,A,,A,,A,,A,,A,,A,,A,,A,,A,,A,,A,,A,,A,,R,7
428268,2011,R,4.0,R,62.0,R,6.0,R,1.0,Z,0.0,R,1.0,R,1.0,R,100.0,R,8.0,Z,0.0,R,8.0,R,2.0,R,25.0,R,14
428286,2011,R,184.0,R,410.0,R,45.0,R,217.0,R,0.0,R,217.0,R,144.0,R,66.0,R,46.0,R,0.0,R,46.0,R,17.0,R,37.0,R,21
428295,2011,A,,A,,A,,A,,A,,A,,A,,A,,A,,A,,A,,A,,A,,R,5
428329,2011,R,12.0,R,21.0,R,57.0,R,43.0,R,0.0,R,43.0,R,31.0,R,72.0,R,1.0,R,0.0,R,1.0,R,0.0,R,0.0,R,13
428392,2011,R,129.0,R,535.0,R,24.0,R,134.0,R,0.0,R,134.0,R,62.0,R,46.0,R,172.0,R,0.0,R,172.0,R,54.0,R,31.0,R,24
428444,2011,R,214.0,R,381.0,R,56.0,R,163.0,R,0.0,R,163.0,R,89.0,R,55.0,R,20.0,R,0.0,R,20.0,R,7.0,R,35.0,R,17
429012,2011,A,,A,,A,,A,,A,,A,,A,,A,,A,,A,,A,,A,,A,,R,4
429100,2011,A,,A,,A,,A,,A,,A,,A,,A,,A,,A,,A,,A,,A,,R,12
429128,2011,R,1.0,R,129.0,R,1.0,R,7.0,R,0.0,R,7.0,R,6.0,R,86.0,R,93.0,R,0.0,R,93.0,R,27.0,R,29.0,R,13
429599,2011,R,71.0,R,101.0,R,70.0,R,0.0,R,0.0,R,0.0,R,0.0,A,,R,0.0,R,0.0,R,0.0,R,0.0,A,,R,19
430050,2011,A,,A,,A,,R,24.0,R,0.0,R,24.0,R,12.0,R,50.0,A,,A,,A,,A,,A,,R,26
430087,2011,R,45.0,R,196.0,R,23.0,R,41.0,Z,0.0,R,41.0,R,33.0,R,80.0,R,14.0,Z,0.0,R,14.0,R,10.0,R,71.0,R,17
430096,2011,A,,A,,A,,R,113.0,R,0.0,R,113.0,R,60.0,R,53.0,R,50.0,R,0.0,R,50.0,R,23.0,R,46.0,R,26
430148,2011,R,96.0,R,175.0,R,55.0,R,120.0,R,0.0,R,120.0,R,67.0,R,56.0,R,158.0,R,0.0,R,158.0,R,77.0,R,49.0,R,20
430157,2011,R,57.0,R,84.0,R,68.0,R,45.0,R,0.0,R,45.0,R,35.0,R,78.0,R,0.0,R,0.0,R,0.0,R,0.0,A,,R,27
430166,2011,R,14.0,R,66.0,R,21.0,R,40.0,R,0.0,R,40.0,R,26.0,R,65.0,R,0.0,R,0.0,R,0.0,R,0.0,A,,R,21
430175,2011,A,,A,,A,,R,253.0,R,0.0,R,253.0,R,178.0,R,70.0,A,,A,,A,,A,,A,,R,30
430184,2011,R,28.0,R,693.0,R,4.0,R,17.0,R,0.0,R,17.0,R,8.0,R,47.0,R,256.0,R,0.0,R,256.0,R,76.0,R,30.0,R,26
430218,2011,A,,A,,A,,R,27.0,Z,0.0,R,27.0,R,20.0,R,74.0,R,5.0,Z,0.0,R,5.0,R,3.0,R,60.0,R,18
430227,2011,A,,A,,A,,R,33.0,Z,0.0,R,33.0,R,24.0,R,73.0,R,4.0,Z,0.0,R,4.0,R,4.0,R,100.0,R,22
430245,2011,A,,A,,A,,R,246.0,R,0.0,R,246.0,R,139.0,R,57.0,A,,A,,A,,A,,A,,R,13
430254,2011,A,,A,,A,,A,,A,,A,,A,,A,,A,,A,,A,,A,,A,,R,25
430263,2011,R,31.0,R,58.0,R,53.0,R,1.0,R,0.0,R,1.0,R,1.0,R,100.0,R,0.0,R,0.0,R,0.0,R,0.0,A,,R,20
430306,2011,A,,A,,A,,R,42.0,R,0.0,R,42.0,R,40.0,R,95.0,R,20.0,R,0.0,R,20.0,R,18.0,R,90.0,R,5
430342,2011,A,,A,,A,,R,48.0,Z,0.0,R,48.0,R,35.0,R,73.0,A,,A,,A,,A,,A,,R,11
430351,2011,R,25.0,R,48.0,R,52.0,R,89.0,R,2.0,R,87.0,R,41.0,R,47.0,R,15.0,R,0.0,R,15.0,R,3.0,R,20.0,R,19
430360,2011,R,32.0,R,48.0,R,67.0,R,49.0,R,1.0,R,48.0,R,33.0,R,69.0,R,5.0,R,0.0,R,5.0,R,3.0,R,60.0,R,15
430379,2011,R,57.0,R,79.0,R,72.0,R,0.0,R,0.0,R,0.0,R,0.0,A,,R,0.0,R,0.0,R,0.0,R,0.0,A,,R,18
430388,2011,R,32.0,R,63.0,R,51.0,R,0.0,R,0.0,R,0.0,R,0.0,A,,R,0.0,R,0.0,R,0.0,R,0.0,A,,R,14
430403,2011,A,,A,,A,,R,70.0,R,1.0,R,69.0,R,42.0,R,61.0,A,,A,,A,,A,,A,,R,17
430421,2011,A,,A,,A,,R,158.0,R,0.0,R,158.0,R,97.0,R,61.0,A,,A,,A,,A,,A,,R,30
430485,2011,R,45.0,R,52.0,R,87.0,R,0.0,R,0.0,R,0.0,R,0.0,A,,R,0.0,R,0.0,R,0.0,R,0.0,A,,R,35
430500,2011,A,,A,,A,,R,5.0,R,0.0,R,5.0,R,0.0,R,0.0,R,2.0,R,0.0,R,2.0,R,0.0,R,0.0,R,1
430564,2011,A,,A,,A,,A,,A,,A,,A,,A,,A,,A,,A,,A,,A,,R,10
430582,2011,A,,A,,A,,A,,A,,A,,A,,A,,A,,A,,A,,A,,A,,R,50
430643,2011,A,,A,,A,,R,2.0,Z,0.0,R,2.0,R,2.0,R,100.0,R,14.0,Z,0.0,R,14.0,R,14.0,R,100.0,R,20
430670,2011,R,7.0,R,7.0,R,100.0,R,0.0,R,0.0,R,0.0,R,0.0,A,,A,,A,,A,,A,,A,,R,1
430704,2011,A,,A,,A,,A,,A,,A,,A,,A,,A,,A,,A,,A,,A,,R,15
430795,2011,A,,A,,A,,R,89.0,R,0.0,R,89.0,R,80.0,R,90.0,R,30.0,R,0.0,R,30.0,R,22.0,R,73.0,R,6
430810,2011,R,122.0,R,150.0,R,81.0,R,157.0,Z,0.0,R,157.0,R,113.0,R,72.0,R,3.0,Z,0.0,R,3.0,R,0.0,R,0.0,R,13
430847,2011,A,,A,,A,,R,9.0,R,0.0,R,9.0,R,5.0,R,56.0,A,,A,,A,,A,,A,,R,13
430883,2011,A,,A,,A,,R,34.0,R,0.0,R,34.0,R,27.0,R,79.0,A,,A,,A,,A,,A,,R,8
430908,2011,A,,A,,A,,R,29.0,R,0.0,R,29.0,R,20.0,R,69.0,R,0.0,R,0.0,R,0.0,R,0.0,A,,R,15
430935,2011,R,197.0,R,357.0,R,55.0,R,150.0,R,0.0,R,150.0,R,83.0,R,55.0,R,30.0,R,0.0,R,30.0,R,19.0,R,63.0,R,39
430971,2011,A,,A,,A,,R,22.0,R,7.0,R,15.0,R,8.0,R,53.0,A,,A,,A,,A,,A,,R,9
430980,2011,A,,A,,A,,R,82.0,R,0.0,R,82.0,R,67.0,R,82.0,A,,A,,A,,A,,A,,R,24
430999,2011,A,,A,,A,,R,94.0,R,30.0,R,64.0,R,48.0,R,75.0,A,,A,,A,,A,,A,,R,20
431017,2011,A,,A,,A,,R,50.0,R,0.0,R,50.0,R,8.0,R,16.0,R,18.0,R,0.0,R,18.0,R,7.0,R,39.0,R,3
431026,2011,A,,A,,A,,R,323.0,R,3.0,R,320.0,R,240.0,R,75.0,R,125.0,R,0.0,R,125.0,R,98.0,R,78.0,R,18
431071,2011,A,,A,,A,,R,37.0,R,0.0,R,37.0,R,15.0,R,41.0,R,14.0,R,0.0,R,14.0,R,6.0,R,43.0,R,12
431099,2011,A,,A,,A,,R,26.0,Z,0.0,R,26.0,R,18.0,R,69.0,R,3.0,Z,0.0,R,3.0,R,3.0,R,100.0,R,17
431105,2011,A,,A,,A,,R,14.0,R,0.0,R,14.0,R,14.0,R,100.0,R,26.0,R,0.0,R,26.0,R,13.0,R,50.0,R,9
431123,2011,A,,A,,A,,R,172.0,R,0.0,R,172.0,R,154.0,R,90.0,A,,A,,A,,A,,A,,R,18
431141,2011,A,,A,,A,,R,1255.0,R,20.0,R,1235.0,R,810.0,R,66.0,R,0.0,R,0.0,R,0.0,R,0.0,A,,R,22
431169,2011,A,,A,,A,,R,96.0,R,5.0,R,91.0,R,65.0,R,71.0,A,,A,,A,,A,,A,,R,10
431187,2011,A,,A,,A,,R,37.0,R,1.0,R,36.0,R,36.0,R,100.0,A,,A,,A,,A,,A,,R,4
431196,2011,A,,A,,A,,R,30.0,R,0.0,R,30.0,R,23.0,R,77.0,A,,A,,A,,A,,A,,R,30
431202,2011,A,,A,,A,,A,,A,,A,,A,,A,,R,6.0,Z,0.0,R,6.0,R,5.0,R,83.0,R,8
431266,2011,A,,A,,A,,A,,A,,A,,A,,A,,R,59.0,R,0.0,R,59.0,R,24.0,R,41.0,R,5
431275,2011,A,,A,,A,,R,22.0,Z,0.0,R,22.0,R,18.0,R,82.0,R,14.0,Z,0.0,R,14.0,R,10.0,R,71.0,R,16
431284,2011,A,,A,,A,,R,8.0,R,0.0,R,8.0,R,7.0,R,88.0,R,4.0,R,0.0,R,4.0,R,4.0,R,100.0,R,9
431309,2011,A,,A,,A,,R,304.0,R,3.0,R,301.0,R,243.0,R,81.0,A,,A,,A,,A,,A,,R,17
431558,2011,A,,A,,A,,R,214.0,R,0.0,R,214.0,R,110.0,R,51.0,A,,A,,A,,A,,A,,R,17
431600,2011,A,,A,,A,,R,10.0,R,0.0,R,10.0,R,3.0,R,30.0,A,,A,,A,,A,,A,,R,50
431637,2011,A,,A,,A,,R,124.0,R,0.0,R,124.0,R,63.0,R,51.0,R,78.0,R,0.0,R,78.0,R,30.0,R,38.0,R,17
431691,2011,A,,A,,A,,R,15.0,Z,0.0,R,15.0,R,14.0,R,93.0,A,,A,,A,,A,,A,,R,10
431707,2011,A,,A,,A,,R,0.0,R,0.0,R,0.0,R,0.0,A,,A,,A,,A,,A,,A,,R,7
431716,2011,A,,A,,A,,R,325.0,R,0.0,R,325.0,R,255.0,R,78.0,A,,A,,A,,A,,A,,R,3
431770,2011,A,,A,,A,,R,21.0,R,0.0,R,21.0,R,17.0,R,81.0,R,33.0,R,0.0,R,33.0,R,27.0,R,82.0,R,8
431877,2011,A,,A,,A,,R,25.0,R,0.0,R,25.0,R,19.0,R,76.0,R,18.0,Z,0.0,R,18.0,R,17.0,R,94.0,R,14
431886,2011,A,,A,,A,,R,170.0,R,0.0,R,170.0,R,129.0,R,76.0,A,,A,,A,,A,,A,,R,24
431929,2011,A,,A,,A,,R,43.0,R,0.0,R,43.0,R,28.0,R,65.0,R,0.0,R,0.0,R,0.0,R,0.0,A,,R,12
431956,2011,A,,A,,A,,R,30.0,Z,0.0,R,30.0,R,23.0,R,77.0,A,,A,,A,,A,,A,,R,15
431965,2011,A,,A,,A,,R,33.0,R,0.0,R,33.0,R,31.0,R,94.0,A,,A,,A,,A,,A,,R,21
431983,2011,R,23.0,R,23.0,R,100.0,R,15.0,R,0.0,R,15.0,R,15.0,R,100.0,A,,A,,A,,A,,A,,R,21
432074,2011,A,,A,,A,,R,30.0,R,0.0,R,30.0,R,24.0,R,80.0,R,12.0,R,0.0,R,12.0,R,9.0,R,75.0,R,13
432117,2011,A,,A,,A,,R,50.0,R,0.0,R,50.0,R,41.0,R,82.0,R,6.0,R,0.0,R,6.0,R,5.0,R,83.0,R,20
432199,2011,R,161.0,R,694.0,R,23.0,R,261.0,R,0.0,R,261.0,R,96.0,R,37.0,R,141.0,R,0.0,R,141.0,R,36.0,R,26.0,R,27
432214,2011,R,23.0,R,172.0,R,13.0,R,53.0,R,0.0,R,53.0,R,18.0,R,34.0,R,60.0,R,0.0,R,60.0,R,23.0,R,38.0,R,31
432223,2011,A,,A,,A,,R,28.0,R,0.0,R,28.0,R,9.0,R,32.0,A,,A,,A,,A,,A,,R,18
432232,2011,A,,A,,A,,R,76.0,R,0.0,R,76.0,R,40.0,R,53.0,A,,A,,A,,A,,A,,R,28
432241,2011,A,,A,,A,,R,54.0,R,0.0,R,54.0,R,30.0,R,56.0,A,,A,,A,,A,,A,,R,19
432269,2011,A,,A,,A,,R,34.0,Z,0.0,R,34.0,R,28.0,R,82.0,A,,A,,A,,A,,A,,R,10
432302,2011,A,,A,,A,,R,37.0,R,0.0,R,37.0,R,35.0,R,95.0,A,,A,,A,,A,,A,,R,20
432384,2011,A,,A,,A,,R,22.0,R,0.0,R,22.0,R,9.0,R,41.0,A,,A,,A,,A,,A,,R,14
432524,2011,R,118.0,R,129.0,R,91.0,R,109.0,R,0.0,R,109.0,R,75.0,R,69.0,R,3.0,R,0.0,R,3.0,R,1.0,R,33.0,R,15
432533,2011,R,272.0,R,675.0,R,40.0,R,198.0,R,0.0,R,198.0,R,131.0,R,66.0,R,80.0,R,0.0,R,80.0,R,28.0,R,35.0,R,18
433004,2011,R,1.0,R,35.0,R,3.0,R,0.0,R,0.0,R,0.0,R,0.0,A,,A,,A,,A,,A,,A,,R,20
433013,2011,A,,A,,A,,R,239.0,R,0.0,R,239.0,R,183.0,R,77.0,R,10.0,R,0.0,R,10.0,R,7.0,R,70.0,R,30
433040,2011,A,,A,,A,,R,40.0,R,0.0,R,40.0,R,34.0,R,85.0,A,,A,,A,,A,,A,,R,5
433068,2011,A,,A,,A,,R,122.0,R,0.0,R,122.0,R,59.0,R,48.0,R,26.0,R,0.0,R,26.0,R,16.0,R,62.0,R,6
433101,2011,A,,A,,A,,R,323.0,R,0.0,R,323.0,R,253.0,R,78.0,R,0.0,R,0.0,R,0.0,R,0.0,A,,R,23
433138,2011,A,,A,,A,,R,210.0,R,1.0,R,209.0,R,176.0,R,84.0,R,126.0,R,0.0,R,126.0,R,114.0,R,90.0,R,6
433165,2011,A,,A,,A,,A,,A,,A,,A,,A,,A,,A,,A,,A,,A,,R,4
433174,2011,A,,A,,A,,R,1.0,R,0.0,R,1.0,R,1.0,R,100.0,R,0.0,R,0.0,R,0.0,R,0.0,A,,R,6
433387,2011,A,,A,,A,,R,243.0,R,0.0,R,243.0,R,196.0,R,81.0,A,,A,,A,,A,,A,,R,30
433420,2011,R,17.0,R,35.0,R,49.0,R,0.0,R,0.0,R,0.0,R,0.0,A,,A,,A,,A,,A,,A,,R,20
433466,2011,A,,A,,A,,R,890.0,R,0.0,R,890.0,R,711.0,R,80.0,R,82.0,R,0.0,R,82.0,R,67.0,R,82.0,R,48
433536,2011,R,64.0,R,82.0,R,78.0,R,1.0,Z,0.0,R,1.0,R,1.0,R,100.0,R,0.0,Z,0.0,R,0.0,R,0.0,A,,R,15
433563,2011,R,90.0,R,98.0,R,92.0,R,267.0,R,2.0,R,265.0,R,202.0,R,76.0,R,27.0,R,0.0,R,27.0,R,21.0,R,78.0,R,11
433660,2011,R,2532.0,R,3763.0,R,67.0,R,2203.0,R,0.0,R,2203.0,R,1651.0,R,75.0,R,17.0,Z,0.0,R,17.0,R,12.0,R,71.0,R,22
433970,2011,A,,A,,A,,R,101.0,R,0.0,R,101.0,R,71.0,R,70.0,R,26.0,R,0.0,R,26.0,R,16.0,R,62.0,R,23
434016,2011,R,25.0,R,62.0,R,40.0,R,27.0,R,0.0,R,27.0,R,9.0,R,33.0,R,3.0,R,0.0,R,3.0,R,3.0,R,100.0,R,10
434034,2011,A,,A,,A,,A,,A,,A,,A,,A,,A,,A,,A,,A,,A,,R,10
434052,2011,R,63.0,R,118.0,R,53.0,R,0.0,R,0.0,R,0.0,R,0.0,A,,R,0.0,R,0.0,R,0.0,R,0.0,A,,R,24
434061,2011,R,545.0,R,1264.0,R,43.0,R,504.0,R,0.0,R,504.0,R,228.0,R,45.0,R,206.0,R,0.0,R,206.0,R,41.0,R,20.0,R,27
434122,2011,A,,A,,A,,R,11.0,R,0.0,R,11.0,R,11.0,R,100.0,A,,A,,A,,A,,A,,R,3
434140,2011,A,,A,,A,,R,283.0,R,0.0,R,283.0,R,205.0,R,72.0,A,,A,,A,,A,,A,,R,25
434159,2011,A,,A,,A,,R,174.0,R,0.0,R,174.0,R,110.0,R,63.0,A,,A,,A,,A,,A,,R,25
434274,2011,A,,A,,A,,A,,A,,A,,A,,A,,A,,A,,A,,A,,A,,R,10
434283,2011,A,,A,,A,,A,,A,,A,,A,,A,,A,,A,,A,,A,,A,,R,3
434308,2011,A,,A,,A,,A,,A,,A,,A,,A,,A,,A,,A,,A,,A,,R,40
434317,2011,A,,A,,A,,R,184.0,R,0.0,R,184.0,R,169.0,R,92.0,A,,A,,A,,A,,A,,R,23
434326,2011,A,,A,,A,,R,7.0,R,0.0,R,7.0,R,6.0,R,86.0,R,5.0,R,0.0,R,5.0,R,1.0,R,20.0,R,2
434344,2011,A,,A,,A,,R,40.0,R,0.0,R,40.0,R,2.0,R,5.0,A,,A,,A,,A,,A,,R,15
434362,2011,A,,A,,A,,R,32.0,R,0.0,R,32.0,R,24.0,R,75.0,A,,A,,A,,A,,A,,R,21
434380,2011,A,,A,,A,,R,21.0,R,0.0,R,21.0,R,15.0,R,71.0,A,,A,,A,,A,,A,,R,12
434414,2011,R,554.0,R,920.0,R,60.0,R,11.0,R,0.0,R,11.0,R,1.0,R,9.0,R,379.0,R,0.0,R,379.0,R,151.0,R,40.0,R,40
434432,2011,R,22.0,R,22.0,R,100.0,R,38.0,R,0.0,R,38.0,R,21.0,R,55.0,A,,A,,A,,A,,A,,R,20
434469,2011,A,,A,,A,,R,250.0,R,0.0,R,250.0,R,207.0,R,83.0,R,0.0,R,0.0,R,0.0,R,0.0,A,,R,20
434496,2011,A,,A,,A,,R,21.0,Z,0.0,R,21.0,R,15.0,R,71.0,A,,A,,A,,A,,A,,R,9
434502,2011,A,,A,,A,,R,118.0,R,0.0,R,118.0,R,83.0,R,70.0,A,,A,,A,,A,,A,,R,15
434520,2011,A,,A,,A,,R,85.0,R,0.0,R,85.0,R,61.0,R,72.0,R,41.0,R,0.0,R,41.0,R,25.0,R,61.0,R,19
434539,2011,R,28.0,R,88.0,R,32.0,R,0.0,R,0.0,R,0.0,R,0.0,A,,R,0.0,R,0.0,R,0.0,R,0.0,A,,R,12
434548,2011,R,46.0,R,57.0,R,81.0,R,0.0,R,0.0,R,0.0,R,0.0,A,,R,0.0,R,0.0,R,0.0,R,0.0,A,,R,20
434557,2011,R,38.0,R,55.0,R,69.0,R,0.0,R,0.0,R,0.0,R,0.0,A,,R,0.0,R,0.0,R,0.0,R,0.0,A,,R,19
434566,2011,R,33.0,R,50.0,R,66.0,R,78.0,R,3.0,R,75.0,R,37.0,R,49.0,R,6.0,R,0.0,R,6.0,R,0.0,R,0.0,R,18
434575,2011,R,53.0,R,66.0,R,80.0,R,51.0,R,0.0,R,51.0,R,31.0,R,61.0,R,3.0,R,0.0,R,3.0,R,0.0,R,0.0,R,24
434584,2011,R,13.0,R,63.0,R,21.0,R,12.0,R,0.0,R,12.0,R,7.0,R,58.0,R,16.0,R,0.0,R,16.0,R,4.0,R,25.0,R,7
434672,2011,R,2484.0,R,7428.0,R,33.0,R,2540.0,R,0.0,R,2540.0,R,1356.0,R,53.0,R,2491.0,R,0.0,R,2491.0,R,1053.0,R,42.0,R,19
434690,2011,R,127.0,R,148.0,R,86.0,R,91.0,R,0.0,R,91.0,R,66.0,R,73.0,R,0.0,R,0.0,R,0.0,R,0.0,A,,R,23
434751,2011,R,17.0,R,39.0,R,44.0,R,27.0,Z,0.0,R,27.0,R,7.0,R,26.0,R,0.0,R,0.0,R,0.0,R,0.0,A,,R,6
434812,2011,A,,A,,A,,A,,A,,A,,A,,A,,A,,A,,A,,A,,A,,R,8
434821,2011,R,273.0,R,723.0,R,38.0,R,464.0,R,0.0,R,464.0,R,402.0,R,87.0,R,388.0,R,2.0,R,386.0,R,196.0,R,51.0,R,13
434830,2011,A,,A,,A,,R,72.0,R,0.0,R,72.0,R,48.0,R,67.0,R,50.0,R,0.0,R,50.0,R,31.0,R,62.0,R,22
434900,2011,R,258.0,R,357.0,R,72.0,R,482.0,R,0.0,R,482.0,R,345.0,R,72.0,A,,A,,A,,A,,A,,R,21
434937,2011,A,,A,,A,,A,,A,,A,,A,,A,,A,,A,,A,,A,,A,,R,8
434946,2011,A,,A,,A,,R,68.0,R,0.0,R,68.0,R,45.0,R,66.0,A,,A,,A,,A,,A,,R,25
434955,2011,A,,A,,A,,R,30.0,R,0.0,R,30.0,R,18.0,R,60.0,A,,A,,A,,A,,A,,R,29
434964,2011,A,,A,,A,,R,48.0,R,0.0,R,48.0,R,25.0,R,52.0,A,,A,,A,,A,,A,,R,18
434973,2011,A,,A,,A,,R,12.0,R,0.0,R,12.0,R,9.0,R,75.0,A,,A,,A,,A,,A,,R,18
434982,2011,A,,A,,A,,R,45.0,R,0.0,R,45.0,R,22.0,R,49.0,A,,A,,A,,A,,A,,R,16
434991,2011,A,,A,,A,,R,50.0,R,0.0,R,50.0,R,23.0,R,46.0,A,,A,,A,,A,,A,,R,16
435000,2011,A,,A,,A,,A,,A,,A,,A,,A,,A,,A,,A,,A,,A,,R,5
436003,2011,A,,A,,A,,A,,A,,A,,A,,A,,A,,A,,A,,A,,A,,R,16
436012,2011,A,,A,,A,,R,214.0,R,0.0,R,214.0,R,143.0,R,67.0,A,,A,,A,,A,,A,,R,20
436030,2011,A,,A,,A,,R,4.0,R,0.0,R,4.0,R,4.0,R,100.0,R,4.0,R,0.0,R,4.0,R,4.0,R,100.0,R,10
436067,2011,A,,A,,A,,R,22.0,R,0.0,R,22.0,R,18.0,R,82.0,A,,A,,A,,A,,A,,R,14
436094,2011,R,16.0,R,122.0,R,13.0,R,9.0,R,0.0,R,9.0,R,3.0,R,33.0,R,3.0,R,0.0,R,3.0,R,2.0,R,67.0,R,17
436100,2011,A,,A,,A,,R,36.0,R,10.0,R,26.0,R,15.0,R,58.0,A,,A,,A,,A,,A,,R,20
436182,2011,A,,A,,A,,R,44.0,R,0.0,R,44.0,R,21.0,R,48.0,R,0.0,Z,0.0,R,0.0,Z,0.0,A,,R,35
436191,2011,A,,A,,A,,R,7.0,R,0.0,R,7.0,R,1.0,R,14.0,R,0.0,Z,0.0,R,0.0,Z,0.0,A,,R,35
436225,2011,A,,A,,A,,R,195.0,R,2.0,R,193.0,R,112.0,R,58.0,A,,A,,A,,A,,A,,R,20
436270,2011,A,,A,,A,,A,,A,,A,,A,,A,,A,,A,,A,,A,,A,,R,25
436304,2011,R,333.0,R,1358.0,R,25.0,R,357.0,R,0.0,R,357.0,R,200.0,R,56.0,R,185.0,R,0.0,R,185.0,R,70.0,R,38.0,R,24
436429,2011,A,,A,,A,,R,804.0,Z,0.0,R,804.0,R,526.0,R,65.0,A,,A,,A,,A,,A,,R,19
436438,2011,R,4.0,R,116.0,R,3.0,R,0.0,R,0.0,R,0.0,R,0.0,A,,R,24.0,R,0.0,R,24.0,R,3.0,R,13.0,R,17
436465,2011,A,,A,,A,,R,517.0,R,0.0,R,517.0,R,398.0,R,77.0,A,,A,,A,,A,,A,,R,19
436483,2011,R,10.0,R,189.0,R,5.0,R,3.0,R,0.0,R,3.0,R,2.0,R,67.0,R,80.0,R,0.0,R,80.0,R,44.0,R,55.0,R,29
436526,2011,A,,A,,A,,A,,A,,A,,A,,A,,A,,A,,A,,A,,A,,R,13
436553,2011,A,,A,,A,,R,13.0,R,0.0,R,13.0,R,9.0,R,69.0,A,,A,,A,,A,,A,,R,20
436599,2011,R,1.0,R,19.0,R,5.0,R,0.0,R,0.0,R,0.0,R,0.0,A,,R,13.0,R,0.0,R,13.0,R,11.0,R,85.0,R,5
436614,2011,R,9.0,R,16.0,R,56.0,R,14.0,R,0.0,R,14.0,R,8.0,R,57.0,R,1.0,R,0.0,R,1.0,R,1.0,R,100.0,R,5
436632,2011,A,,A,,A,,R,27.0,Z,0.0,R,27.0,R,23.0,R,85.0,R,23.0,Z,0.0,R,23.0,R,19.0,R,83.0,R,16
436641,2011,A,,A,,A,,R,55.0,R,0.0,R,55.0,R,36.0,R,65.0,R,23.0,R,0.0,R,23.0,R,9.0,R,39.0,R,25
436650,2011,A,,A,,A,,A,,A,,A,,A,,A,,A,,A,,A,,A,,A,,R,28
436702,2011,A,,A,,A,,R,74.0,R,0.0,R,74.0,R,68.0,R,92.0,R,38.0,Z,0.0,R,38.0,R,30.0,R,79.0,R,12
436775,2011,A,,A,,A,,R,75.0,R,0.0,R,75.0,R,48.0,R,64.0,A,,A,,A,,A,,A,,R,13
436784,2011,N,53.0,N,166.0,N,32.0,N,296.0,N,296.0,N,0.0,N,222.0,A,,N,157.0,N,157.0,N,0.0,N,122.0,A,,N,13
436818,2011,R,778.0,R,1067.0,R,73.0,R,710.0,R,3.0,R,707.0,R,580.0,R,82.0,R,10.0,R,0.0,R,10.0,R,4.0,R,40.0,R,21
436827,2011,R,248.0,R,360.0,R,69.0,R,259.0,R,0.0,R,259.0,R,208.0,R,80.0,R,5.0,R,0.0,R,5.0,R,3.0,R,60.0,R,18
436836,2011,R,244.0,R,472.0,R,52.0,R,246.0,R,0.0,R,246.0,R,192.0,R,78.0,R,11.0,R,0.0,R,11.0,R,3.0,R,27.0,R,15
437042,2011,R,46.0,R,62.0,R,74.0,R,3.0,R,0.0,R,3.0,R,2.0,R,67.0,R,0.0,R,0.0,R,0.0,R,0.0,A,,R,24
437051,2011,R,50.0,R,80.0,R,63.0,R,1.0,R,0.0,R,1.0,R,0.0,R,0.0,R,0.0,R,0.0,R,0.0,R,0.0,A,,R,22
437060,2011,A,,A,,A,,R,54.0,R,0.0,R,54.0,R,26.0,R,48.0,R,0.0,R,0.0,R,0.0,R,0.0,A,,R,31
437097,2011,R,0.0,R,420.0,R,0.0,R,0.0,R,0.0,R,0.0,R,0.0,A,,R,0.0,R,0.0,R,0.0,R,0.0,A,,R,21
437103,2011,R,1327.0,R,2617.0,R,51.0,R,1341.0,R,0.0,R,1341.0,R,661.0,R,49.0,R,602.0,R,0.0,R,602.0,R,198.0,R,33.0,R,26
437219,2011,R,37.0,R,49.0,R,76.0,R,0.0,R,0.0,R,0.0,R,0.0,A,,R,0.0,R,0.0,R,0.0,R,0.0,A,,R,22
437237,2011,A,,A,,A,,R,44.0,R,0.0,R,44.0,R,43.0,R,98.0,A,,A,,A,,A,,A,,R,9
437316,2011,A,,A,,A,,A,,A,,A,,A,,A,,A,,A,,A,,A,,A,,R,9
437325,2011,A,,A,,A,,A,,A,,A,,A,,A,,A,,A,,A,,A,,A,,R,15
437501,2011,A,,A,,A,,R,71.0,R,0.0,R,71.0,R,51.0,R,72.0,A,,A,,A,,A,,A,,R,28
437529,2011,A,,A,,A,,R,203.0,R,0.0,R,203.0,R,119.0,R,59.0,R,183.0,R,0.0,R,183.0,R,82.0,R,45.0,R,16
437556,2011,A,,A,,A,,A,,A,,A,,A,,A,,A,,A,,A,,A,,A,,R,30
437565,2011,A,,A,,A,,R,265.0,R,0.0,R,265.0,R,105.0,R,40.0,A,,A,,A,,A,,A,,R,13
437583,2011,A,,A,,A,,R,196.0,R,0.0,R,196.0,R,61.0,R,31.0,A,,A,,A,,A,,A,,R,10
437608,2011,A,,A,,A,,R,72.0,R,0.0,R,72.0,R,31.0,R,43.0,A,,A,,A,,A,,A,,R,20
437635,2011,A,,A,,A,,R,108.0,R,0.0,R,108.0,R,97.0,R,90.0,A,,A,,A,,A,,A,,R,21
437653,2011,A,,A,,A,,A,,A,,A,,A,,A,,A,,A,,A,,A,,A,,R,11
437662,2011,A,,A,,A,,R,863.0,R,2.0,R,861.0,R,643.0,R,75.0,R,8.0,R,0.0,R,8.0,R,8.0,R,100.0,R,45
437705,2011,A,,A,,A,,R,4.0,R,0.0,R,4.0,R,3.0,R,75.0,R,0.0,R,0.0,R,0.0,R,0.0,A,,R,4
437723,2011,A,,A,,A,,R,121.0,R,0.0,R,121.0,R,87.0,R,72.0,A,,A,,A,,A,,A,,R,30
437732,2011,A,,A,,A,,R,291.0,R,3.0,R,288.0,R,178.0,R,62.0,A,,A,,A,,A,,A,,R,16
437750,2011,R,143.0,R,143.0,R,100.0,R,158.0,R,0.0,R,158.0,R,133.0,R,84.0,A,,A,,A,,A,,A,,R,17
437769,2011,A,,A,,A,,R,78.0,Z,0.0,R,78.0,R,51.0,R,65.0,A,,A,,A,,A,,A,,R,17
437778,2011,A,,A,,A,,R,68.0,Z,0.0,R,68.0,R,40.0,R,59.0,A,,A,,A,,A,,A,,R,23
437848,2011,R,149.0,R,206.0,R,72.0,R,221.0,R,3.0,R,218.0,R,110.0,R,50.0,R,9.0,R,0.0,R,9.0,R,3.0,R,33.0,R,23
437857,2011,A,,A,,A,,R,79.0,R,0.0,R,79.0,R,69.0,R,87.0,R,0.0,R,0.0,R,0.0,R,0.0,A,,R,12
437884,2011,A,,A,,A,,R,16.0,R,0.0,R,16.0,R,13.0,R,81.0,A,,A,,A,,A,,A,,R,12
437927,2011,A,,A,,A,,R,141.0,R,0.0,R,141.0,R,99.0,R,70.0,A,,A,,A,,A,,A,,R,26
437936,2011,A,,A,,A,,R,308.0,R,0.0,R,308.0,R,210.0,R,68.0,A,,A,,A,,A,,A,,R,21
438036,2011,A,,A,,A,,R,20.0,R,0.0,R,20.0,R,13.0,R,65.0,R,0.0,R,0.0,R,0.0,R,0.0,A,,R,13
438151,2011,A,,A,,A,,R,276.0,R,0.0,R,276.0,R,108.0,R,39.0,A,,A,,A,,A,,A,,R,20
438179,2011,A,,A,,A,,R,366.0,R,0.0,R,366.0,R,189.0,R,52.0,R,0.0,R,0.0,R,0.0,R,0.0,A,,R,30
438197,2011,A,,A,,A,,R,255.0,R,0.0,R,255.0,R,160.0,R,63.0,A,,A,,A,,A,,A,,R,36
438212,2011,R,696.0,R,1325.0,R,53.0,R,229.0,Z,0.0,R,229.0,R,156.0,R,68.0,R,138.0,Z,0.0,R,138.0,R,40.0,R,29.0,R,20
438258,2011,A,,A,,A,,R,85.0,R,0.0,R,85.0,R,67.0,R,79.0,A,,A,,A,,A,,A,,R,33
438267,2011,A,,A,,A,,R,74.0,R,0.0,R,74.0,R,54.0,R,73.0,R,0.0,R,0.0,R,0.0,R,0.0,A,,R,6
438285,2011,A,,A,,A,,R,185.0,R,0.0,R,185.0,R,138.0,R,75.0,A,,A,,A,,A,,A,,R,25
438294,2011,A,,A,,A,,R,83.0,R,0.0,R,83.0,R,51.0,R,61.0,A,,A,,A,,A,,A,,R,25
438337,2011,A,,A,,A,,R,168.0,R,0.0,R,168.0,R,123.0,R,73.0,R,79.0,Z,0.0,R,79.0,R,28.0,R,35.0,R,18
438382,2011,A,,A,,A,,R,29.0,R,0.0,R,29.0,R,16.0,R,55.0,A,,A,,A,,A,,A,,R,29
438416,2011,A,,A,,A,,R,89.0,R,0.0,R,89.0,R,27.0,R,30.0,A,,A,,A,,A,,A,,R,16
438498,2011,R,51.0,R,351.0,R,15.0,R,33.0,R,0.0,R,33.0,R,20.0,R,61.0,R,211.0,R,0.0,R,211.0,R,116.0,R,55.0,R,15
438504,2011,A,,A,,A,,R,1262.0,Z,0.0,R,1262.0,R,853.0,R,68.0,A,,A,,A,,A,,A,,R,30
438586,2011,R,127.0,R,515.0,R,25.0,R,97.0,Z,0.0,R,97.0,R,37.0,R,38.0,R,93.0,Z,0.0,R,93.0,R,32.0,R,34.0,R,27
438601,2011,R,62.0,R,142.0,R,44.0,R,30.0,R,0.0,R,30.0,R,16.0,R,53.0,R,9.0,R,0.0,R,9.0,R,2.0,R,22.0,R,23
438610,2011,A,,A,,A,,R,99.0,R,1.0,R,98.0,R,46.0,R,47.0,A,,A,,A,,A,,A,,R,16
438629,2011,A,,A,,A,,R,12.0,R,0.0,R,12.0,R,5.0,R,42.0,A,,A,,A,,A,,A,,R,8
438638,2011,A,,A,,A,,R,400.0,Z,0.0,R,400.0,R,245.0,R,61.0,A,,A,,A,,A,,A,,R,30
438647,2011,A,,A,,A,,R,276.0,R,1.0,R,275.0,R,198.0,R,72.0,R,2.0,R,0.0,R,2.0,R,0.0,R,0.0,R,24
438656,2011,A,,A,,A,,R,229.0,R,0.0,R,229.0,R,136.0,R,59.0,A,,A,,A,,A,,A,,R,30
438674,2011,A,,A,,A,,R,21.0,R,0.0,R,21.0,R,18.0,R,86.0,A,,A,,A,,A,,A,,R,20
438708,2011,R,68.0,R,193.0,R,35.0,R,73.0,Z,0.0,R,73.0,R,39.0,R,53.0,R,35.0,Z,0.0,R,35.0,R,16.0,R,46.0,R,15
438735,2011,A,,A,,A,,R,12.0,R,0.0,R,12.0,R,9.0,R,75.0,R,0.0,R,0.0,R,0.0,R,0.0,A,,R,11
438805,2011,A,,A,,A,,R,176.0,R,0.0,R,176.0,R,114.0,R,65.0,R,45.0,R,0.0,R,45.0,R,27.0,R,60.0,R,24
438869,2011,A,,A,,A,,R,142.0,Z,0.0,R,142.0,R,91.0,R,64.0,A,,A,,A,,A,,A,,R,25
438887,2011,A,,A,,A,,A,,A,,A,,A,,A,,A,,A,,A,,A,,A,,R,10
438902,2011,A,,A,,A,,R,1.0,R,0.0,R,1.0,R,1.0,R,100.0,R,3.0,R,0.0,R,3.0,R,1.0,R,33.0,R,21
438966,2011,R,55.0,R,148.0,R,37.0,R,2.0,R,0.0,R,2.0,R,1.0,R,50.0,R,0.0,R,0.0,R,0.0,R,0.0,A,,R,21
438984,2011,A,,A,,A,,R,92.0,R,0.0,R,92.0,R,72.0,R,78.0,A,,A,,A,,A,,A,,R,25
439039,2011,A,,A,,A,,R,155.0,R,0.0,R,155.0,R,116.0,R,75.0,R,0.0,R,0.0,R,0.0,R,0.0,A,,R,15
439057,2011,R,5.0,R,59.0,R,8.0,R,5.0,R,0.0,R,5.0,R,1.0,R,20.0,R,4.0,R,0.0,R,4.0,R,2.0,R,50.0,R,17
439118,2011,A,,A,,A,,R,137.0,R,0.0,R,137.0,R,99.0,R,72.0,A,,A,,A,,A,,A,,R,34
439127,2011,A,,A,,A,,R,70.0,R,0.0,R,70.0,R,59.0,R,84.0,A,,A,,A,,A,,A,,R,59
439136,2011,R,50.0,R,64.0,R,78.0,R,0.0,R,0.0,R,0.0,R,0.0,A,,R,0.0,R,0.0,R,0.0,R,0.0,A,,R,20
439145,2011,R,203.0,R,1486.0,R,14.0,R,204.0,Z,0.0,R,204.0,R,103.0,R,50.0,R,235.0,Z,0.0,R,235.0,R,93.0,R,40.0,R,21
439163,2011,R,143.0,R,1281.0,R,11.0,R,254.0,R,0.0,R,254.0,R,146.0,R,57.0,R,271.0,R,0.0,R,271.0,R,102.0,R,38.0,R,20
439190,2011,R,276.0,R,1433.0,R,19.0,R,276.0,Z,0.0,R,276.0,R,175.0,R,63.0,R,122.0,Z,0.0,R,122.0,R,51.0,R,42.0,R,20
439279,2011,A,,A,,A,,R,86.0,R,0.0,R,86.0,R,25.0,R,29.0,A,,A,,A,,A,,A,,R,20
439288,2011,R,397.0,R,591.0,R,67.0,R,294.0,R,0.0,R,294.0,R,227.0,R,77.0,R,3.0,R,0.0,R,3.0,R,2.0,R,67.0,R,23
439297,2011,A,,A,,A,,R,42.0,R,0.0,R,42.0,R,16.0,R,38.0,A,,A,,A,,A,,A,,R,20
439303,2011,R,18.0,R,23.0,R,78.0,R,10.0,R,0.0,R,10.0,R,8.0,R,80.0,R,0.0,R,0.0,R,0.0,R,0.0,A,,R,10
439312,2011,R,13.0,R,17.0,R,76.0,R,5.0,R,0.0,R,5.0,R,3.0,R,60.0,R,0.0,R,0.0,R,0.0,R,0.0,A,,R,8
439330,2011,R,4.0,R,59.0,R,7.0,R,5.0,R,0.0,R,5.0,R,1.0,R,20.0,R,13.0,R,0.0,R,13.0,R,4.0,R,31.0,R,30
439367,2011,A,,A,,A,,R,59.0,R,0.0,R,59.0,R,52.0,R,88.0,A,,A,,A,,A,,A,,R,15
439400,2011,A,,A,,A,,R,9.0,R,0.0,R,9.0,R,8.0,R,89.0,R,9.0,R,0.0,R,9.0,R,8.0,R,89.0,R,6
439437,2011,A,,A,,A,,R,135.0,R,0.0,R,135.0,R,101.0,R,75.0,A,,A,,A,,A,,A,,R,22
439446,2011,A,,A,,A,,A,,A,,A,,A,,A,,A,,A,,A,,A,,A,,R,5
439455,2011,R,57.0,R,90.0,R,63.0,R,139.0,R,0.0,R,139.0,R,116.0,R,83.0,R,7.0,R,0.0,R,7.0,R,5.0,R,71.0,R,15
439473,2011,A,,A,,A,,R,31.0,R,0.0,R,31.0,R,19.0,R,61.0,R,42.0,R,0.0,R,42.0,R,26.0,R,62.0,R,20
439482,2011,R,197.0,R,213.0,R,92.0,R,47.0,R,0.0,R,47.0,R,26.0,R,55.0,R,56.0,R,0.0,R,56.0,R,20.0,R,36.0,R,20
439491,2011,A,,A,,A,,R,101.0,Z,0.0,R,101.0,R,53.0,R,52.0,A,,A,,A,,A,,A,,R,17
439507,2011,A,,A,,A,,R,248.0,R,0.0,R,248.0,R,196.0,R,79.0,A,,A,,A,,A,,A,,R,14
439525,2011,A,,A,,A,,R,335.0,R,0.0,R,335.0,R,266.0,R,79.0,A,,A,,A,,A,,A,,R,14
439570,2011,A,,A,,A,,R,227.0,R,0.0,R,227.0,R,161.0,R,71.0,A,,A,,A,,A,,A,,R,30
439589,2011,A,,A,,A,,R,23.0,R,0.0,R,23.0,R,11.0,R,48.0,R,5.0,R,0.0,R,5.0,R,5.0,R,100.0,R,25
439604,2011,A,,A,,A,,R,27.0,R,0.0,R,27.0,R,20.0,R,74.0,A,,A,,A,,A,,A,,R,25
439613,2011,R,22.0,R,74.0,R,30.0,R,12.0,Z,0.0,R,12.0,R,7.0,R,58.0,R,5.0,Z,0.0,R,5.0,R,1.0,R,20.0,R,7
439622,2011,A,,A,,A,,R,61.0,Z,0.0,R,61.0,R,61.0,R,100.0,A,,A,,A,,A,,A,,R,18
439631,2011,A,,A,,A,,R,15.0,R,0.0,R,15.0,R,14.0,R,93.0,A,,A,,A,,A,,A,,R,9
439668,2011,A,,A,,A,,A,,A,,A,,A,,A,,A,,A,,A,,A,,A,,R,10
439686,2011,A,,A,,A,,A,,A,,A,,A,,A,,A,,A,,A,,A,,A,,R,33
439701,2011,R,11.0,R,16.0,R,69.0,R,7.0,R,0.0,R,7.0,R,2.0,R,29.0,R,3.0,R,0.0,R,3.0,R,3.0,R,100.0,R,11
439729,2011,A,,A,,A,,R,17.0,R,0.0,R,17.0,R,16.0,R,94.0,R,3.0,R,0.0,R,3.0,R,3.0,R,100.0,R,3
439738,2011,A,,A,,A,,R,214.0,R,1.0,R,213.0,R,126.0,R,59.0,A,,A,,A,,A,,A,,R,45
439747,2011,A,,A,,A,,R,47.0,R,0.0,R,47.0,R,40.0,R,85.0,R,13.0,R,0.0,R,13.0,R,11.0,R,85.0,R,28
439756,2011,A,,A,,A,,R,1.0,R,0.0,R,1.0,R,1.0,R,100.0,A,,A,,A,,A,,A,,R,5
439774,2011,A,,A,,A,,R,21.0,R,0.0,R,21.0,R,20.0,R,95.0,R,4.0,R,0.0,R,4.0,R,4.0,R,100.0,R,18
439783,2011,A,,A,,A,,A,,A,,A,,A,,A,,A,,A,,A,,A,,A,,R,9
439792,2011,A,,A,,A,,R,97.0,R,0.0,R,97.0,R,63.0,R,65.0,A,,A,,A,,A,,A,,R,8
439826,2011,A,,A,,A,,R,100.0,R,0.0,R,100.0,R,51.0,R,51.0,A,,A,,A,,A,,A,,R,24
439844,2011,A,,A,,A,,R,23.0,R,0.0,R,23.0,R,18.0,R,78.0,A,,A,,A,,A,,A,,R,20
439862,2011,R,6.0,R,17.0,R,35.0,R,5.0,R,1.0,R,4.0,R,2.0,R,50.0,R,1.0,R,0.0,R,1.0,R,0.0,R,0.0,R,9
439871,2011,A,,A,,A,,R,24.0,R,0.0,R,24.0,R,19.0,R,79.0,A,,A,,A,,A,,A,,R,10
439899,2011,A,,A,,A,,R,44.0,R,2.0,R,42.0,R,22.0,R,52.0,R,2.0,R,0.0,R,2.0,R,1.0,R,50.0,R,15
439905,2011,A,,A,,A,,R,19.0,R,0.0,R,19.0,R,17.0,R,89.0,A,,A,,A,,A,,A,,R,14
439932,2011,A,,A,,A,,R,6.0,R,0.0,R,6.0,R,5.0,R,83.0,A,,A,,A,,A,,A,,R,8
439969,2011,R,26.0,R,26.0,R,100.0,R,0.0,R,0.0,R,0.0,R,0.0,A,,A,,A,,A,,A,,A,,R,8
439978,2011,A,,A,,A,,R,81.0,R,0.0,R,81.0,R,62.0,R,77.0,A,,A,,A,,A,,A,,R,24
439996,2011,A,,A,,A,,R,81.0,R,0.0,R,81.0,R,56.0,R,69.0,A,,A,,A,,A,,A,,R,7
440059,2011,A,,A,,A,,R,32.0,R,0.0,R,32.0,R,30.0,R,94.0,R,0.0,R,0.0,R,0.0,R,0.0,A,,R,15
440077,2011,A,,A,,A,,R,13.0,R,0.0,R,13.0,R,10.0,R,77.0,A,,A,,A,,A,,A,,R,19
440086,2011,A,,A,,A,,R,231.0,R,0.0,R,231.0,R,199.0,R,86.0,R,46.0,R,0.0,R,46.0,R,35.0,R,76.0,R,27
440101,2011,A,,A,,A,,R,36.0,Z,0.0,R,36.0,R,27.0,R,75.0,R,9.0,Z,0.0,R,9.0,R,5.0,R,56.0,R,22
440110,2011,A,,A,,A,,R,111.0,R,1.0,R,110.0,R,69.0,R,63.0,A,,A,,A,,A,,A,,R,29
440129,2011,A,,A,,A,,R,152.0,R,0.0,R,152.0,R,102.0,R,67.0,A,,A,,A,,A,,A,,R,29
440147,2011,R,55.0,R,116.0,R,47.0,R,44.0,R,2.0,R,42.0,R,10.0,R,24.0,R,9.0,R,0.0,R,9.0,R,1.0,R,11.0,R,18
440165,2011,R,39.0,R,49.0,R,80.0,R,0.0,R,0.0,R,0.0,R,0.0,A,,R,0.0,R,0.0,R,0.0,R,0.0,A,,R,17
440174,2011,A,,A,,A,,R,10.0,R,0.0,R,10.0,R,10.0,R,100.0,A,,A,,A,,A,,A,,R,6
440217,2011,A,,A,,A,,R,17.0,R,0.0,R,17.0,R,16.0,R,94.0,A,,A,,A,,A,,A,,R,17
440226,2011,A,,A,,A,,R,68.0,R,1.0,R,67.0,R,57.0,R,85.0,A,,A,,A,,A,,A,,R,8
440244,2011,R,798.0,R,1619.0,R,49.0,R,989.0,R,1.0,R,988.0,R,456.0,R,46.0,R,424.0,R,0.0,R,424.0,R,172.0,R,41.0,R,24
440262,2011,A,,A,,A,,R,115.0,R,0.0,R,115.0,R,73.0,R,63.0,A,,A,,A,,A,,A,,R,20
440271,2011,A,,A,,A,,R,158.0,Z,0.0,R,158.0,R,87.0,R,55.0,A,,A,,A,,A,,A,,R,18
440299,2011,A,,A,,A,,R,1.0,R,0.0,R,1.0,R,1.0,R,100.0,R,0.0,R,0.0,R,0.0,R,0.0,A,,R,35
440305,2011,R,497.0,R,1293.0,R,38.0,R,585.0,R,0.0,R,585.0,R,334.0,R,57.0,R,268.0,R,0.0,R,268.0,R,75.0,R,28.0,R,21
440323,2011,A,,A,,A,,R,129.0,Z,0.0,R,129.0,R,85.0,R,66.0,A,,A,,A,,A,,A,,R,41
440332,2011,A,,A,,A,,R,91.0,Z,0.0,R,91.0,R,63.0,R,69.0,A,,A,,A,,A,,A,,R,30
440341,2011,R,386.0,R,739.0,R,52.0,R,183.0,R,0.0,R,183.0,R,93.0,R,51.0,R,12.0,R,0.0,R,12.0,R,2.0,R,17.0,R,16
440369,2011,A,,A,,A,,R,305.0,R,0.0,R,305.0,R,202.0,R,66.0,A,,A,,A,,A,,A,,R,40
440378,2011,R,11.0,R,19.0,R,58.0,R,18.0,R,0.0,R,18.0,R,11.0,R,61.0,R,0.0,R,0.0,R,0.0,R,0.0,A,,R,9
440396,2011,R,39.0,R,51.0,R,76.0,R,37.0,Z,0.0,R,37.0,R,30.0,R,81.0,R,0.0,R,0.0,R,0.0,R,0.0,A,,R,12
440402,2011,R,316.0,R,1458.0,R,22.0,R,254.0,R,2.0,R,252.0,R,154.0,R,61.0,R,156.0,R,2.0,R,154.0,R,68.0,R,44.0,R,13
440411,2011,A,,A,,A,,A,,A,,A,,A,,A,,A,,A,,A,,A,,A,,R,4
440420,2011,A,,A,,A,,R,10.0,R,0.0,R,10.0,R,6.0,R,60.0,A,,A,,A,,A,,A,,R,13
440439,2011,A,,A,,A,,R,35.0,R,0.0,R,35.0,R,24.0,R,69.0,A,,A,,A,,A,,A,,R,32
440448,2011,A,,A,,A,,R,133.0,R,0.0,R,133.0,R,77.0,R,58.0,A,,A,,A,,A,,A,,R,24
440457,2011,A,,A,,A,,R,45.0,R,0.0,R,45.0,R,8.0,R,18.0,A,,A,,A,,A,,A,,R,10
440466,2011,A,,A,,A,,R,42.0,R,0.0,R,42.0,R,14.0,R,33.0,A,,A,,A,,A,,A,,R,16
440484,2011,R,177.0,R,259.0,R,68.0,R,234.0,R,2.0,R,232.0,R,111.0,R,48.0,R,24.0,R,0.0,R,24.0,R,5.0,R,21.0,R,19
440536,2011,R,63.0,R,494.0,R,13.0,R,92.0,R,0.0,R,92.0,R,56.0,R,61.0,R,100.0,R,0.0,R,100.0,R,36.0,R,36.0,R,16
440545,2011,R,41.0,R,241.0,R,17.0,R,80.0,R,0.0,R,80.0,R,50.0,R,63.0,R,58.0,R,0.0,R,58.0,R,13.0,R,22.0,R,15
440590,2011,R,40.0,R,434.0,R,9.0,R,67.0,R,0.0,R,67.0,R,30.0,R,45.0,R,109.0,R,0.0,R,109.0,R,40.0,R,37.0,R,18
440624,2011,R,422.0,R,1261.0,R,33.0,R,464.0,R,0.0,R,464.0,R,212.0,R,46.0,R,88.0,R,0.0,R,88.0,R,33.0,R,38.0,R,22
440642,2011,R,91.0,R,107.0,R,85.0,R,114.0,R,5.0,R,109.0,R,65.0,R,60.0,R,18.0,R,0.0,R,18.0,R,2.0,R,11.0,R,19
440651,2011,R,225.0,R,644.0,R,35.0,R,0.0,R,0.0,R,0.0,R,0.0,A,,R,0.0,R,0.0,R,0.0,R,0.0,A,,R,24
440721,2011,A,,A,,A,,R,41.0,R,0.0,R,41.0,R,36.0,R,88.0,R,106.0,R,0.0,R,106.0,R,82.0,R,77.0,R,26
440730,2011,A,,A,,A,,R,460.0,R,0.0,R,460.0,R,381.0,R,83.0,A,,A,,A,,A,,A,,R,20
440749,2011,R,3.0,R,104.0,R,3.0,R,2.0,R,0.0,R,2.0,R,1.0,R,50.0,R,15.0,R,0.0,R,15.0,R,6.0,R,40.0,R,59
440758,2011,R,6.0,R,104.0,R,6.0,R,5.0,Z,0.0,R,5.0,R,1.0,R,20.0,R,42.0,R,0.0,R,42.0,R,14.0,R,33.0,R,38
440767,2011,R,6.0,R,314.0,R,2.0,R,29.0,R,0.0,R,29.0,R,15.0,R,52.0,R,189.0,R,0.0,R,189.0,R,79.0,R,42.0,R,38
440776,2011,A,,A,,A,,A,,A,,A,,A,,A,,A,,A,,A,,A,,A,,R,10
440794,2011,R,11.0,R,63.0,R,17.0,R,23.0,R,0.0,R,23.0,R,16.0,R,70.0,R,6.0,R,0.0,R,6.0,R,2.0,R,33.0,R,11
440800,2011,A,,A,,A,,R,0.0,R,0.0,R,0.0,R,0.0,A,,A,,A,,A,,A,,A,,R,15
440819,2011,A,,A,,A,,R,0.0,R,0.0,R,0.0,R,0.0,A,,A,,A,,A,,A,,A,,R,15
440828,2011,A,,A,,A,,A,,A,,A,,A,,A,,A,,A,,A,,A,,A,,R,23
440846,2011,A,,A,,A,,A,,A,,A,,A,,A,,A,,A,,A,,A,,A,,R,10
440855,2011,A,,A,,A,,A,,A,,A,,A,,A,,A,,A,,A,,A,,A,,R,21
440873,2011,A,,A,,A,,R,92.0,R,0.0,R,92.0,R,54.0,R,59.0,R,0.0,R,0.0,R,0.0,R,0.0,A,,R,78
440882,2011,A,,A,,A,,R,72.0,R,0.0,R,72.0,R,47.0,R,65.0,R,0.0,Z,0.0,R,0.0,Z,0.0,A,,R,43
440891,2011,A,,A,,A,,R,71.0,R,0.0,R,71.0,R,44.0,R,62.0,R,0.0,Z,0.0,R,0.0,Z,0.0,A,,R,34
440907,2011,A,,A,,A,,R,386.0,Z,0.0,R,386.0,R,230.0,R,60.0,R,123.0,R,0.0,R,123.0,R,72.0,R,59.0,R,26
440925,2011,R,35.0,R,96.0,R,36.0,R,84.0,R,0.0,R,84.0,R,43.0,R,51.0,R,52.0,R,0.0,R,52.0,R,26.0,R,50.0,R,18
440952,2011,A,,A,,A,,R,125.0,R,0.0,R,125.0,R,83.0,R,66.0,R,25.0,R,0.0,R,25.0,R,12.0,R,48.0,R,39
440970,2011,A,,A,,A,,R,41.0,R,0.0,R,41.0,R,26.0,R,63.0,A,,A,,A,,A,,A,,R,30
440989,2011,A,,A,,A,,R,337.0,Z,0.0,R,337.0,R,201.0,R,60.0,A,,A,,A,,A,,A,,R,28
441016,2011,A,,A,,A,,R,270.0,R,0.0,R,270.0,R,195.0,R,72.0,A,,A,,A,,A,,A,,R,30
441025,2011,R,109.0,R,255.0,R,43.0,R,46.0,Z,0.0,R,46.0,R,25.0,R,54.0,R,18.0,Z,0.0,R,18.0,R,4.0,R,22.0,R,19
441052,2011,A,,A,,A,,R,1604.0,R,0.0,R,1604.0,R,1333.0,R,83.0,A,,A,,A,,A,,A,,R,17
441070,2011,R,14.0,R,36.0,R,39.0,R,10.0,R,0.0,R,10.0,R,3.0,R,30.0,R,25.0,R,0.0,R,25.0,R,7.0,R,28.0,R,9
441089,2011,A,,A,,A,,R,736.0,R,2.0,R,734.0,R,591.0,R,81.0,A,,A,,A,,A,,A,,R,20
441168,2011,A,,A,,A,,R,44.0,Z,0.0,R,44.0,R,21.0,R,48.0,A,,A,,A,,A,,A,,R,16
441186,2011,R,49.0,R,182.0,R,27.0,R,36.0,Z,0.0,R,36.0,R,33.0,R,92.0,A,,A,,A,,A,,A,,R,19
441195,2011,A,,A,,A,,R,34.0,R,0.0,R,34.0,R,28.0,R,82.0,A,,A,,A,,A,,A,,R,25
441201,2011,R,13.0,R,22.0,R,59.0,R,8.0,Z,0.0,R,8.0,R,4.0,R,50.0,A,,A,,A,,A,,A,,R,11
441210,2011,A,,A,,A,,R,14.0,R,0.0,R,14.0,R,13.0,R,93.0,R,102.0,R,0.0,R,102.0,R,91.0,R,89.0,R,15
441229,2011,R,175.0,R,235.0,R,74.0,R,163.0,R,0.0,R,163.0,R,130.0,R,80.0,A,,A,,A,,A,,A,,R,7
441256,2011,A,,A,,A,,R,15.0,R,0.0,R,15.0,R,12.0,R,80.0,R,1.0,R,0.0,R,1.0,R,1.0,R,100.0,R,10
441274,2011,A,,A,,A,,R,75.0,R,0.0,R,75.0,R,57.0,R,76.0,R,19.0,R,0.0,R,19.0,R,14.0,R,74.0,R,15
441317,2011,A,,A,,A,,R,21.0,R,0.0,R,21.0,R,21.0,R,100.0,A,,A,,A,,A,,A,,R,11
441335,2011,A,,A,,A,,R,0.0,R,0.0,R,0.0,R,0.0,A,,A,,A,,A,,A,,A,,R,10
441353,2011,A,,A,,A,,R,17.0,R,0.0,R,17.0,R,15.0,R,88.0,A,,A,,A,,A,,A,,R,9
441362,2011,A,,A,,A,,R,191.0,R,1.0,R,190.0,R,117.0,R,62.0,R,47.0,R,0.0,R,47.0,R,19.0,R,40.0,R,28
441371,2011,A,,A,,A,,R,268.0,R,0.0,R,268.0,R,159.0,R,59.0,A,,A,,A,,A,,A,,R,23
441380,2011,A,,A,,A,,R,52.0,R,0.0,R,52.0,R,19.0,R,37.0,R,29.0,R,0.0,R,29.0,R,8.0,R,28.0,R,38
441405,2011,A,,A,,A,,R,23.0,R,0.0,R,23.0,R,18.0,R,78.0,A,,A,,A,,A,,A,,R,20
441414,2011,A,,A,,A,,R,25.0,R,0.0,R,25.0,R,5.0,R,20.0,R,257.0,R,0.0,R,257.0,R,55.0,R,21.0,R,22
441423,2011,A,,A,,A,,R,159.0,R,0.0,R,159.0,R,116.0,R,73.0,A,,A,,A,,A,,A,,R,18
441432,2011,A,,A,,A,,R,82.0,R,2.0,R,80.0,R,2.0,R,3.0,A,,A,,A,,A,,A,,R,7
441441,2011,A,,A,,A,,R,205.0,R,1.0,R,204.0,R,195.0,R,96.0,R,2.0,R,0.0,R,2.0,R,2.0,R,100.0,R,18
441478,2011,A,,A,,A,,A,,A,,A,,A,,A,,A,,A,,A,,A,,A,,R,4
441487,2011,A,,A,,A,,R,29.0,R,0.0,R,29.0,R,24.0,R,83.0,R,8.0,R,0.0,R,8.0,R,6.0,R,75.0,R,13
441496,2011,A,,A,,A,,R,17.0,R,0.0,R,17.0,R,15.0,R,88.0,R,0.0,R,0.0,R,0.0,R,0.0,A,,R,9
441502,2011,R,100.0,R,125.0,R,80.0,R,237.0,R,0.0,R,237.0,R,192.0,R,81.0,A,,A,,A,,A,,A,,R,18
441511,2011,R,169.0,R,259.0,R,65.0,R,55.0,Z,0.0,R,55.0,R,53.0,R,96.0,R,12.0,Z,0.0,R,12.0,R,11.0,R,92.0,R,17
441548,2011,A,,A,,A,,R,107.0,R,0.0,R,107.0,R,96.0,R,90.0,A,,A,,A,,A,,A,,R,10
441575,2011,A,,A,,A,,R,247.0,R,0.0,R,247.0,R,163.0,R,66.0,A,,A,,A,,A,,A,,R,13
441584,2011,A,,A,,A,,R,138.0,R,0.0,R,138.0,R,84.0,R,61.0,A,,A,,A,,A,,A,,R,39
441593,2011,A,,A,,A,,R,9.0,R,0.0,R,9.0,R,8.0,R,89.0,A,,A,,A,,A,,A,,R,20
441609,2011,R,7.0,R,7.0,R,100.0,R,1.0,R,0.0,R,1.0,R,1.0,R,100.0,A,,A,,A,,A,,A,,R,8
441618,2011,A,,A,,A,,R,32.0,R,0.0,R,32.0,R,27.0,R,84.0,R,14.0,R,0.0,R,14.0,R,14.0,R,100.0,R,8
441627,2011,A,,A,,A,,A,,A,,A,,A,,A,,A,,A,,A,,A,,A,,R,2
441636,2011,R,17.0,R,108.0,R,16.0,R,18.0,R,0.0,R,18.0,R,13.0,R,72.0,R,5.0,R,0.0,R,5.0,R,3.0,R,60.0,R,20
441645,2011,A,,A,,A,,R,21.0,R,0.0,R,21.0,R,19.0,R,90.0,R,0.0,R,0.0,R,0.0,R,0.0,A,,R,10
441663,2011,A,,A,,A,,R,140.0,R,0.0,R,140.0,R,122.0,R,87.0,R,0.0,R,0.0,R,0.0,R,0.0,A,,R,12
441672,2011,A,,A,,A,,R,13.0,R,0.0,R,13.0,R,11.0,R,85.0,A,,A,,A,,A,,A,,R,7
441681,2011,A,,A,,A,,R,23.0,R,0.0,R,23.0,R,15.0,R,65.0,A,,A,,A,,A,,A,,R,13
441690,2011,R,9.0,R,113.0,R,8.0,R,7.0,R,0.0,R,7.0,R,3.0,R,43.0,R,2.0,R,0.0,R,2.0,R,1.0,R,50.0,R,14
441706,2011,A,,A,,A,,R,142.0,Z,0.0,R,142.0,R,98.0,R,69.0,A,,A,,A,,A,,A,,R,12
441733,2011,A,,A,,A,,A,,A,,A,,A,,A,,A,,A,,A,,A,,A,,R,3
441742,2011,A,,A,,A,,R,217.0,R,0.0,R,217.0,R,165.0,R,76.0,A,,A,,A,,A,,A,,R,25
441751,2011,A,,A,,A,,R,6.0,R,0.0,R,6.0,R,5.0,R,83.0,A,,A,,A,,A,,A,,R,15
441760,2011,R,733.0,R,1777.0,R,41.0,R,635.0,Z,0.0,R,635.0,R,299.0,R,47.0,R,280.0,Z,0.0,R,280.0,R,90.0,R,32.0,R,17
441779,2011,A,,A,,A,,R,24.0,R,0.0,R,24.0,R,15.0,R,63.0,A,,A,,A,,A,,A,,R,22
441788,2011,A,,A,,A,,R,40.0,R,0.0,R,40.0,R,26.0,R,65.0,R,0.0,R,0.0,R,0.0,R,0.0,A,,R,15
441797,2011,A,,A,,A,,R,24.0,R,0.0,R,24.0,R,14.0,R,58.0,A,,A,,A,,A,,A,,R,16
441830,2011,A,,A,,A,,A,,A,,A,,A,,A,,A,,A,,A,,A,,A,,R,8
441858,2011,A,,A,,A,,R,67.0,R,0.0,R,67.0,R,16.0,R,24.0,R,29.0,R,0.0,R,29.0,R,3.0,R,10.0,R,25
441876,2011,A,,A,,A,,R,90.0,R,0.0,R,90.0,R,73.0,R,81.0,R,42.0,R,0.0,R,42.0,R,31.0,R,74.0,R,14
441894,2011,A,,A,,A,,A,,A,,A,,A,,A,,R,30.0,Z,0.0,R,30.0,R,28.0,R,93.0,R,18
441900,2011,R,226.0,R,994.0,R,23.0,R,202.0,R,0.0,R,202.0,R,125.0,R,62.0,R,71.0,R,0.0,R,71.0,R,24.0,R,34.0,R,32
441919,2011,A,,A,,A,,R,98.0,R,0.0,R,98.0,R,54.0,R,55.0,R,12.0,R,0.0,R,12.0,R,3.0,R,25.0,R,12
441928,2011,R,374.0,R,592.0,R,63.0,R,434.0,R,0.0,R,434.0,R,218.0,R,50.0,R,235.0,R,0.0,R,235.0,R,136.0,R,58.0,R,14
441937,2011,R,602.0,R,1339.0,R,45.0,R,516.0,Z,0.0,R,516.0,R,422.0,R,82.0,R,11.0,Z,0.0,R,11.0,R,7.0,R,64.0,R,21
441955,2011,R,67.0,R,74.0,R,91.0,R,0.0,R,0.0,R,0.0,R,0.0,A,,R,0.0,R,0.0,R,0.0,R,0.0,A,,R,34
441964,2011,R,44.0,R,73.0,R,60.0,R,0.0,R,0.0,R,0.0,R,0.0,A,,R,0.0,R,0.0,R,0.0,R,0.0,A,,R,26
441973,2011,R,236.0,R,814.0,R,29.0,R,153.0,R,0.0,R,153.0,R,94.0,R,61.0,R,53.0,R,0.0,R,53.0,R,17.0,R,32.0,R,18
441982,2011,R,82.0,R,104.0,R,79.0,R,91.0,R,0.0,R,91.0,R,84.0,R,92.0,A,,A,,A,,A,,A,,R,9
442000,2011,R,91.0,R,294.0,R,31.0,R,96.0,R,0.0,R,96.0,R,35.0,R,36.0,R,83.0,R,0.0,R,83.0,R,21.0,R,25.0,R,12
442037,2011,A,,A,,A,,R,193.0,R,0.0,R,193.0,R,121.0,R,63.0,A,,A,,A,,A,,A,,R,24
442046,2011,A,,A,,A,,R,307.0,R,0.0,R,307.0,R,173.0,R,56.0,R,179.0,R,0.0,R,179.0,R,89.0,R,50.0,R,28
442073,2011,A,,A,,A,,R,284.0,R,0.0,R,284.0,R,215.0,R,76.0,R,0.0,R,0.0,R,0.0,R,0.0,A,,R,16
442134,2011,A,,A,,A,,R,223.0,R,0.0,R,223.0,R,148.0,R,66.0,A,,A,,A,,A,,A,,R,25
442143,2011,A,,A,,A,,R,67.0,R,0.0,R,67.0,R,24.0,R,36.0,A,,A,,A,,A,,A,,R,19
442152,2011,A,,A,,A,,R,44.0,R,0.0,R,44.0,R,24.0,R,55.0,A,,A,,A,,A,,A,,R,28
442161,2011,A,,A,,A,,R,35.0,R,0.0,R,35.0,R,19.0,R,54.0,A,,A,,A,,A,,A,,R,17
442170,2011,A,,A,,A,,R,145.0,R,0.0,R,145.0,R,70.0,R,48.0,A,,A,,A,,A,,A,,R,29
442189,2011,A,,A,,A,,R,20.0,R,0.0,R,20.0,R,8.0,R,40.0,A,,A,,A,,A,,A,,R,18
442204,2011,A,,A,,A,,R,24.0,R,0.0,R,24.0,R,22.0,R,92.0,R,5.0,R,0.0,R,5.0,R,5.0,R,100.0,R,25
442213,2011,A,,A,,A,,A,,A,,A,,A,,A,,R,28.0,R,0.0,R,28.0,R,17.0,R,61.0,R,3
442222,2011,R,9.0,R,140.0,R,6.0,R,5.0,R,0.0,R,5.0,R,1.0,R,20.0,R,22.0,R,0.0,R,22.0,R,8.0,R,36.0,R,14
442231,2011,A,,A,,A,,R,260.0,R,0.0,R,260.0,R,148.0,R,57.0,A,,A,,A,,A,,A,,R,42
442240,2011,A,,A,,A,,R,147.0,R,0.0,R,147.0,R,131.0,R,89.0,R,43.0,R,0.0,R,43.0,R,37.0,R,86.0,R,15
442310,2011,A,,A,,A,,R,166.0,R,0.0,R,166.0,R,86.0,R,52.0,R,12.0,R,0.0,R,12.0,R,3.0,R,25.0,R,25
442329,2011,A,,A,,A,,R,238.0,R,0.0,R,238.0,R,154.0,R,65.0,A,,A,,A,,A,,A,,R,30
442338,2011,R,34.0,R,81.0,R,42.0,R,0.0,R,0.0,R,0.0,R,0.0,A,,R,0.0,R,0.0,R,0.0,R,0.0,A,,R,13
442347,2011,R,45.0,R,61.0,R,74.0,R,71.0,R,1.0,R,70.0,R,44.0,R,63.0,R,7.0,R,0.0,R,7.0,R,2.0,R,29.0,R,17
442356,2011,R,100.0,R,361.0,R,28.0,R,1.0,R,0.0,R,1.0,R,1.0,R,100.0,R,3.0,R,0.0,R,3.0,R,3.0,R,100.0,R,7
442365,2011,R,58.0,R,389.0,R,15.0,R,74.0,R,0.0,R,74.0,R,28.0,R,38.0,R,77.0,R,0.0,R,77.0,R,18.0,R,23.0,R,36
442383,2011,R,64.0,R,105.0,R,61.0,R,90.0,R,0.0,R,90.0,R,69.0,R,77.0,R,2.0,R,0.0,R,2.0,R,1.0,R,50.0,R,24
442408,2011,A,,A,,A,,R,26.0,R,0.0,R,26.0,R,15.0,R,58.0,R,0.0,R,0.0,R,0.0,R,0.0,A,,R,32
442426,2011,R,233.0,R,274.0,R,85.0,R,262.0,R,0.0,R,262.0,R,262.0,R,100.0,A,,A,,A,,A,,A,,R,11
442435,2011,A,,A,,A,,R,21.0,R,0.0,R,21.0,R,10.0,R,48.0,A,,A,,A,,A,,A,,R,10
442444,2011,A,,A,,A,,R,288.0,R,0.0,R,288.0,R,225.0,R,78.0,A,,A,,A,,A,,A,,R,21
442462,2011,A,,A,,A,,R,125.0,R,0.0,R,125.0,R,82.0,R,66.0,A,,A,,A,,A,,A,,R,44
442499,2011,R,5.0,R,5.0,R,100.0,R,26.0,R,0.0,R,26.0,R,8.0,R,31.0,R,6.0,R,0.0,R,6.0,R,1.0,R,17.0,R,9
442505,2011,R,24.0,R,35.0,R,69.0,R,43.0,R,1.0,R,42.0,R,10.0,R,24.0,A,,A,,A,,A,,A,,R,8
442523,2011,A,,A,,A,,R,23.0,R,1.0,R,22.0,R,13.0,R,59.0,R,0.0,Z,0.0,R,0.0,R,0.0,A,,R,7
442569,2011,A,,A,,A,,R,108.0,R,0.0,R,108.0,R,41.0,R,38.0,R,648.0,R,4.0,R,644.0,R,151.0,R,23.0,R,22
442578,2011,R,9.0,R,93.0,R,10.0,R,4.0,R,0.0,R,4.0,R,3.0,R,75.0,R,2.0,R,0.0,R,2.0,R,0.0,R,0.0,R,13
442602,2011,A,,A,,A,,R,255.0,R,0.0,R,255.0,R,175.0,R,69.0,A,,A,,A,,A,,A,,R,21
442611,2011,A,,A,,A,,R,959.0,Z,0.0,R,959.0,R,581.0,R,61.0,A,,A,,A,,A,,A,,R,30
442620,2011,A,,A,,A,,R,124.0,R,0.0,R,124.0,R,102.0,R,82.0,A,,A,,A,,A,,A,,R,30
442639,2011,R,2.0,R,9.0,R,22.0,R,1.0,R,0.0,R,1.0,R,0.0,R,0.0,R,0.0,R,0.0,R,0.0,R,0.0,A,,R,10
442648,2011,A,,A,,A,,R,260.0,R,0.0,R,260.0,R,181.0,R,70.0,A,,A,,A,,A,,A,,R,32
442657,2011,A,,A,,A,,A,,A,,A,,A,,A,,A,,A,,A,,A,,A,,R,17
442684,2011,R,3.0,R,5.0,R,60.0,R,10.0,R,0.0,R,10.0,R,6.0,R,60.0,R,4.0,R,1.0,R,3.0,R,0.0,R,0.0,R,17
442718,2011,R,7.0,R,158.0,R,4.0,R,6.0,R,0.0,R,6.0,R,3.0,R,50.0,R,73.0,R,0.0,R,73.0,R,31.0,R,42.0,R,32
442727,2011,A,,A,,A,,R,363.0,R,0.0,R,363.0,R,252.0,R,69.0,A,,A,,A,,A,,A,,R,30
442736,2011,A,,A,,A,,R,171.0,R,0.0,R,171.0,R,136.0,R,80.0,A,,A,,A,,A,,A,,R,30
442745,2011,A,,A,,A,,R,299.0,R,0.0,R,299.0,R,172.0,R,58.0,A,,A,,A,,A,,A,,R,28
442781,2011,R,24.0,R,96.0,R,25.0,R,5.0,R,0.0,R,5.0,R,1.0,R,20.0,R,28.0,R,0.0,R,28.0,R,12.0,R,43.0,R,6
442790,2011,A,,A,,A,,R,299.0,R,2.0,R,297.0,R,161.0,R,54.0,R,34.0,R,0.0,R,34.0,R,5.0,R,15.0,R,24
442815,2011,A,,A,,A,,R,146.0,R,0.0,R,146.0,R,104.0,R,71.0,R,59.0,R,0.0,R,59.0,R,42.0,R,71.0,R,30
442824,2011,R,148.0,R,795.0,R,19.0,R,207.0,R,0.0,R,207.0,R,96.0,R,46.0,R,234.0,R,0.0,R,234.0,R,47.0,R,20.0,R,16
442842,2011,R,7.0,R,25.0,R,28.0,R,1.0,R,0.0,R,1.0,R,0.0,R,0.0,R,0.0,R,0.0,R,0.0,R,0.0,A,,R,11
442851,2011,A,,A,,A,,R,177.0,R,0.0,R,177.0,R,113.0,R,64.0,A,,A,,A,,A,,A,,R,8
442879,2011,A,,A,,A,,R,219.0,R,0.0,R,219.0,R,185.0,R,84.0,A,,A,,A,,A,,A,,R,26
442888,2011,A,,A,,A,,R,62.0,R,0.0,R,62.0,R,39.0,R,63.0,A,,A,,A,,A,,A,,R,19
442897,2011,A,,A,,A,,A,,A,,A,,A,,A,,A,,A,,A,,A,,A,,R,10
442930,2011,A,,A,,A,,R,379.0,R,0.0,R,379.0,R,265.0,R,70.0,A,,A,,A,,A,,A,,R,16
442949,2011,A,,A,,A,,A,,A,,A,,A,,A,,A,,A,,A,,A,,A,,R,8
442958,2011,A,,A,,A,,R,17.0,R,0.0,R,17.0,R,16.0,R,94.0,R,29.0,R,0.0,R,29.0,R,27.0,R,93.0,R,20
442967,2011,A,,A,,A,,A,,A,,A,,A,,A,,A,,A,,A,,A,,A,,R,25
442976,2011,A,,A,,A,,R,40.0,R,0.0,R,40.0,R,31.0,R,78.0,A,,A,,A,,A,,A,,R,17
442985,2011,A,,A,,A,,R,35.0,R,0.0,R,35.0,R,25.0,R,71.0,A,,A,,A,,A,,A,,R,20
443021,2011,A,,A,,A,,R,126.0,R,0.0,R,126.0,R,78.0,R,62.0,A,,A,,A,,A,,A,,R,24
443049,2011,A,,A,,A,,R,1.0,R,0.0,R,1.0,R,1.0,R,100.0,R,1.0,R,0.0,R,1.0,R,1.0,R,100.0,R,15
443058,2011,R,3.0,R,6.0,R,50.0,R,4.0,R,0.0,R,4.0,R,4.0,R,100.0,R,0.0,R,0.0,R,0.0,R,0.0,A,,R,3
443076,2011,A,,A,,A,,A,,A,,A,,A,,A,,R,0.0,R,0.0,R,0.0,R,0.0,A,,R,1
443100,2011,A,,A,,A,,R,90.0,R,0.0,R,90.0,R,44.0,R,49.0,A,,A,,A,,A,,A,,R,16
443137,2011,A,,A,,A,,A,,A,,A,,A,,A,,A,,A,,A,,A,,A,,R,19
443146,2011,A,,A,,A,,R,49.0,R,0.0,R,49.0,R,11.0,R,22.0,R,0.0,R,0.0,R,0.0,R,0.0,A,,R,25
443173,2011,A,,A,,A,,R,13.0,R,0.0,R,13.0,R,10.0,R,77.0,R,4.0,R,0.0,R,4.0,R,4.0,R,100.0,R,17
443207,2011,A,,A,,A,,A,,A,,A,,A,,A,,A,,A,,A,,A,,A,,R,9
443216,2011,A,,A,,A,,R,13.0,R,0.0,R,13.0,R,13.0,R,100.0,A,,A,,A,,A,,A,,R,27
443225,2011,A,,A,,A,,R,43.0,R,0.0,R,43.0,R,34.0,R,79.0,A,,A,,A,,A,,A,,R,24
443234,2011,A,,A,,A,,R,68.0,R,0.0,R,68.0,R,41.0,R,60.0,A,,A,,A,,A,,A,,R,21
443252,2011,A,,A,,A,,R,503.0,R,0.0,R,503.0,R,418.0,R,83.0,A,,A,,A,,A,,A,,R,22
443261,2011,A,,A,,A,,R,81.0,Z,0.0,R,81.0,R,71.0,R,88.0,R,20.0,Z,0.0,R,20.0,R,8.0,R,40.0,R,12
443270,2011,R,15.0,R,25.0,R,60.0,R,48.0,R,0.0,R,48.0,R,38.0,R,79.0,R,9.0,Z,0.0,R,9.0,R,1.0,R,11.0,R,4
443289,2011,A,,A,,A,,R,73.0,R,0.0,R,73.0,R,50.0,R,68.0,A,,A,,A,,A,,A,,R,8
443298,2011,A,,A,,A,,R,51.0,R,0.0,R,51.0,R,32.0,R,63.0,A,,A,,A,,A,,A,,R,25
443304,2011,A,,A,,A,,A,,A,,A,,A,,A,,A,,A,,A,,A,,A,,R,12
443322,2011,A,,A,,A,,R,220.0,R,3.0,R,217.0,R,175.0,R,81.0,A,,A,,A,,A,,A,,R,13
443331,2011,R,6.0,R,271.0,R,2.0,R,27.0,R,0.0,R,27.0,R,27.0,R,100.0,R,10.0,R,0.0,R,10.0,R,7.0,R,70.0,R,32
443340,2011,R,11.0,R,24.0,R,46.0,R,83.0,R,0.0,R,83.0,R,35.0,R,42.0,R,8.0,R,0.0,R,8.0,R,0.0,R,0.0,R,7
443359,2011,A,,A,,A,,R,36.0,R,0.0,R,36.0,R,27.0,R,75.0,R,11.0,R,0.0,R,11.0,R,6.0,R,55.0,R,15
443377,2011,R,60.0,R,65.0,R,92.0,R,67.0,R,0.0,R,67.0,R,49.0,R,73.0,A,,A,,A,,A,,A,,R,8
443410,2011,R,128.0,R,215.0,R,60.0,R,131.0,Z,0.0,R,131.0,R,86.0,R,66.0,R,0.0,Z,0.0,R,0.0,Z,0.0,A,,R,18
443429,2011,A,,A,,A,,R,40.0,R,0.0,R,40.0,R,37.0,R,93.0,A,,A,,A,,A,,A,,R,22
443438,2011,A,,A,,A,,R,108.0,R,0.0,R,108.0,R,100.0,R,93.0,A,,A,,A,,A,,A,,R,21
443456,2011,A,,A,,A,,R,7.0,R,0.0,R,7.0,R,3.0,R,43.0,A,,A,,A,,A,,A,,R,12
443465,2011,A,,A,,A,,R,22.0,R,0.0,R,22.0,R,9.0,R,41.0,A,,A,,A,,A,,A,,R,11
443474,2011,A,,A,,A,,R,89.0,R,2.0,R,87.0,R,44.0,R,51.0,A,,A,,A,,A,,A,,R,25
443483,2011,A,,A,,A,,A,,A,,A,,A,,A,,A,,A,,A,,A,,A,,R,7
443492,2011,R,626.0,R,1446.0,R,43.0,R,628.0,R,1.0,R,627.0,R,288.0,R,46.0,R,65.0,Z,0.0,R,65.0,R,24.0,R,37.0,R,15
443517,2011,A,,A,,A,,R,23.0,R,0.0,R,23.0,R,15.0,R,65.0,A,,A,,A,,A,,A,,R,25
443526,2011,R,61.0,R,93.0,R,66.0,R,0.0,R,0.0,R,0.0,R,0.0,A,,R,0.0,R,0.0,R,0.0,R,0.0,A,,R,24
443535,2011,R,33.0,R,57.0,R,58.0,R,0.0,R,0.0,R,0.0,R,0.0,A,,R,0.0,R,0.0,R,0.0,R,0.0,A,,R,12
443544,2011,A,,A,,A,,R,73.0,R,0.0,R,73.0,R,25.0,R,34.0,A,,A,,A,,A,,A,,R,15
443553,2011,A,,A,,A,,R,140.0,R,0.0,R,140.0,R,82.0,R,59.0,R,45.0,R,0.0,R,45.0,R,32.0,R,71.0,R,14
443562,2011,R,390.0,R,465.0,R,84.0,R,333.0,R,0.0,R,333.0,R,236.0,R,71.0,R,39.0,R,0.0,R,39.0,R,31.0,R,79.0,R,19
443571,2011,A,,A,,A,,R,43.0,R,0.0,R,43.0,R,32.0,R,74.0,A,,A,,A,,A,,A,,R,18
443605,2011,A,,A,,A,,R,62.0,R,0.0,R,62.0,R,51.0,R,82.0,A,,A,,A,,A,,A,,R,55
443623,2011,A,,A,,A,,R,180.0,R,0.0,R,180.0,R,118.0,R,66.0,A,,A,,A,,A,,A,,R,37
443632,2011,A,,A,,A,,R,86.0,R,0.0,R,86.0,R,77.0,R,90.0,A,,A,,A,,A,,A,,R,11
443641,2011,A,,A,,A,,R,99.0,R,0.0,R,99.0,R,83.0,R,84.0,R,20.0,R,0.0,R,20.0,R,16.0,R,80.0,R,15
443650,2011,R,62.0,R,161.0,R,39.0,R,38.0,Z,0.0,R,38.0,R,23.0,R,61.0,R,8.0,Z,0.0,R,8.0,R,2.0,R,25.0,R,13
443669,2011,A,,A,,A,,R,99.0,Z,0.0,R,99.0,R,68.0,R,69.0,A,,A,,A,,A,,A,,R,22
443678,2011,A,,A,,A,,R,32.0,Z,0.0,R,32.0,R,27.0,R,84.0,R,6.0,Z,0.0,R,6.0,R,4.0,R,67.0,R,18
443687,2011,R,71.0,R,183.0,R,39.0,R,66.0,R,1.0,R,65.0,R,14.0,R,22.0,R,13.0,R,0.0,R,13.0,R,0.0,R,0.0,R,18
443696,2011,A,,A,,A,,A,,A,,A,,A,,A,,A,,A,,A,,A,,A,,R,10
443739,2011,A,,A,,A,,R,80.0,R,0.0,R,80.0,R,49.0,R,61.0,A,,A,,A,,A,,A,,R,22
443748,2011,A,,A,,A,,R,231.0,R,1.0,R,230.0,R,139.0,R,60.0,R,1.0,R,0.0,R,1.0,R,0.0,R,0.0,R,30
443766,2011,R,5.0,R,519.0,R,1.0,R,6.0,R,0.0,R,6.0,R,3.0,R,50.0,R,215.0,R,0.0,R,215.0,R,61.0,R,28.0,R,19
443784,2011,R,11.0,R,614.0,R,2.0,R,20.0,R,0.0,R,20.0,R,7.0,R,35.0,R,229.0,R,0.0,R,229.0,R,71.0,R,31.0,R,19
443827,2011,A,,A,,A,,R,111.0,Z,0.0,R,111.0,R,83.0,R,75.0,A,,A,,A,,A,,A,,R,52
443836,2011,A,,A,,A,,R,129.0,Z,0.0,R,129.0,R,105.0,R,81.0,A,,A,,A,,A,,A,,R,19
443845,2011,A,,A,,A,,R,256.0,R,0.0,R,256.0,R,141.0,R,55.0,A,,A,,A,,A,,A,,R,14
443854,2011,A,,A,,A,,R,249.0,R,0.0,R,249.0,R,154.0,R,62.0,R,3.0,R,0.0,R,3.0,R,1.0,R,33.0,R,20
443881,2011,A,,A,,A,,R,100.0,R,0.0,R,100.0,R,38.0,R,38.0,A,,A,,A,,A,,A,,R,33
443890,2011,A,,A,,A,,R,126.0,R,0.0,R,126.0,R,65.0,R,52.0,A,,A,,A,,A,,A,,R,25
443906,2011,A,,A,,A,,R,9.0,R,0.0,R,9.0,R,7.0,R,78.0,A,,A,,A,,A,,A,,R,11
443924,2011,A,,A,,A,,R,92.0,R,0.0,R,92.0,R,32.0,R,35.0,A,,A,,A,,A,,A,,R,17
443942,2011,A,,A,,A,,R,75.0,R,0.0,R,75.0,R,65.0,R,87.0,A,,A,,A,,A,,A,,R,23
443951,2011,A,,A,,A,,R,106.0,R,0.0,R,106.0,R,79.0,R,75.0,A,,A,,A,,A,,A,,R,10
443979,2011,A,,A,,A,,R,76.0,R,0.0,R,76.0,R,70.0,R,92.0,R,0.0,R,0.0,R,0.0,R,0.0,A,,R,8
443997,2011,R,31.0,R,168.0,R,18.0,R,34.0,R,0.0,R,34.0,R,11.0,R,32.0,R,24.0,R,0.0,R,24.0,R,7.0,R,29.0,R,30
444015,2011,A,,A,,A,,R,442.0,R,0.0,R,442.0,R,241.0,R,55.0,A,,A,,A,,A,,A,,R,30
444024,2011,A,,A,,A,,R,339.0,R,0.0,R,339.0,R,247.0,R,73.0,A,,A,,A,,A,,A,,R,30
444033,2011,R,10.0,R,122.0,R,8.0,R,18.0,R,0.0,R,18.0,R,7.0,R,39.0,R,17.0,R,0.0,R,17.0,R,3.0,R,18.0,R,68
444042,2011,R,139.0,R,397.0,R,35.0,R,152.0,R,0.0,R,152.0,R,90.0,R,59.0,R,25.0,R,0.0,R,25.0,R,11.0,R,44.0,R,29
444051,2011,A,,A,,A,,R,76.0,R,0.0,R,76.0,R,50.0,R,66.0,R,18.0,R,0.0,R,18.0,R,10.0,R,56.0,R,22
444060,2011,R,15.0,R,16.0,R,94.0,R,25.0,R,0.0,R,25.0,R,8.0,R,32.0,A,,A,,A,,A,,A,,R,10
444079,2011,A,,A,,A,,R,76.0,R,0.0,R,76.0,R,57.0,R,75.0,R,0.0,R,0.0,R,0.0,R,0.0,A,,R,25
444088,2011,A,,A,,A,,R,0.0,R,0.0,R,0.0,R,0.0,A,,R,0.0,R,0.0,R,0.0,R,0.0,A,,R,30
444121,2011,A,,A,,A,,R,148.0,R,1.0,R,147.0,R,112.0,R,76.0,A,,A,,A,,A,,A,,R,18
444130,2011,A,,A,,A,,R,0.0,R,0.0,R,0.0,R,0.0,A,,R,28.0,R,0.0,R,28.0,R,5.0,R,18.0,R,25
444158,2011,R,1734.0,R,5001.0,R,35.0,R,372.0,R,0.0,R,372.0,R,73.0,R,20.0,R,33.0,R,0.0,R,33.0,R,6.0,R,18.0,R,44
444167,2011,R,444.0,R,1275.0,R,35.0,R,22.0,Z,0.0,R,22.0,R,10.0,R,45.0,R,6.0,Z,0.0,R,6.0,R,1.0,R,17.0,R,36
444176,2011,A,,A,,A,,R,258.0,Z,0.0,R,258.0,R,208.0,R,81.0,R,14.0,Z,0.0,R,14.0,R,11.0,R,79.0,R,13
444194,2011,A,,A,,A,,R,20.0,R,0.0,R,20.0,R,18.0,R,90.0,A,,A,,A,,A,,A,,R,16
444200,2011,A,,A,,A,,R,151.0,R,0.0,R,151.0,R,87.0,R,58.0,R,71.0,R,0.0,R,71.0,R,46.0,R,65.0,R,28
444219,2011,R,451.0,R,2902.0,R,16.0,R,587.0,Z,0.0,R,587.0,R,435.0,R,74.0,R,872.0,Z,0.0,R,872.0,R,363.0,R,42.0,R,29
444228,2011,A,,A,,A,,R,19.0,R,0.0,R,19.0,R,16.0,R,84.0,A,,A,,A,,A,,A,,R,11
444237,2011,A,,A,,A,,R,166.0,R,0.0,R,166.0,R,104.0,R,63.0,A,,A,,A,,A,,A,,R,40
444255,2011,R,46.0,R,163.0,R,28.0,R,7.0,R,0.0,R,7.0,R,5.0,R,71.0,R,6.0,R,0.0,R,6.0,R,1.0,R,17.0,R,18
444264,2011,A,,A,,A,,R,38.0,R,0.0,R,38.0,R,35.0,R,92.0,R,5.0,R,0.0,R,5.0,R,0.0,R,0.0,R,9
444282,2011,A,,A,,A,,R,26.0,Z,0.0,R,26.0,R,12.0,R,46.0,R,10.0,R,1.0,R,9.0,R,6.0,R,67.0,R,22
444291,2011,A,,A,,A,,R,29.0,Z,0.0,R,29.0,R,14.0,R,48.0,R,9.0,R,1.0,R,8.0,R,3.0,R,38.0,R,18
444307,2011,A,,A,,A,,R,21.0,Z,0.0,R,21.0,R,12.0,R,57.0,R,7.0,Z,0.0,R,7.0,R,4.0,R,57.0,R,22
444316,2011,A,,A,,A,,R,126.0,R,0.0,R,126.0,R,126.0,R,100.0,A,,A,,A,,A,,A,,R,22
444325,2011,A,,A,,A,,R,55.0,R,0.0,R,55.0,R,43.0,R,78.0,R,31.0,R,0.0,R,31.0,R,23.0,R,74.0,R,19
444334,2011,A,,A,,A,,R,34.0,R,0.0,R,34.0,R,28.0,R,82.0,A,,A,,A,,A,,A,,R,15
444343,2011,A,,A,,A,,R,134.0,R,0.0,R,134.0,R,111.0,R,83.0,A,,A,,A,,A,,A,,R,15
444352,2011,A,,A,,A,,R,149.0,R,0.0,R,149.0,R,130.0,R,87.0,A,,A,,A,,A,,A,,R,22
444361,2011,A,,A,,A,,R,8.0,R,0.0,R,8.0,R,7.0,R,88.0,A,,A,,A,,A,,A,,R,16
444370,2011,A,,A,,A,,A,,A,,A,,A,,A,,A,,A,,A,,A,,A,,R,30
444389,2011,A,,A,,A,,R,547.0,R,0.0,R,547.0,R,462.0,R,84.0,A,,A,,A,,A,,A,,R,17
444398,2011,R,34.0,R,88.0,R,39.0,R,25.0,R,0.0,R,25.0,R,15.0,R,60.0,R,4.0,R,0.0,R,4.0,R,4.0,R,100.0,R,12
444404,2011,A,,A,,A,,R,45.0,R,0.0,R,45.0,R,40.0,R,89.0,R,29.0,R,0.0,R,29.0,R,24.0,R,83.0,R,15
444413,2011,R,41.0,R,51.0,R,80.0,R,40.0,R,0.0,R,40.0,R,34.0,R,85.0,A,,A,,A,,A,,A,,R,26
444422,2011,A,,A,,A,,R,58.0,R,0.0,R,58.0,R,44.0,R,76.0,A,,A,,A,,A,,A,,R,16
444440,2011,A,,A,,A,,R,107.0,Z,0.0,R,107.0,R,101.0,R,94.0,A,,A,,A,,A,,A,,R,15
444459,2011,A,,A,,A,,A,,A,,A,,A,,A,,A,,A,,A,,A,,A,,R,4
444468,2011,A,,A,,A,,R,4.0,R,0.0,R,4.0,R,3.0,R,75.0,R,0.0,R,0.0,R,0.0,R,0.0,A,,R,9
444477,2011,A,,A,,A,,R,67.0,Z,0.0,R,67.0,R,61.0,R,91.0,R,0.0,R,0.0,R,0.0,R,0.0,A,,R,15
444486,2011,A,,A,,A,,R,164.0,Z,0.0,R,164.0,R,105.0,R,64.0,R,33.0,R,0.0,R,33.0,R,23.0,R,70.0,R,13
444510,2011,A,,A,,A,,R,10.0,R,0.0,R,10.0,R,9.0,R,90.0,A,,A,,A,,A,,A,,R,17
444529,2011,A,,A,,A,,A,,A,,A,,A,,A,,A,,A,,A,,A,,A,,R,25
444547,2011,R,1.0,R,1.0,R,100.0,R,5.0,R,0.0,R,5.0,R,3.0,R,60.0,R,1.0,R,0.0,R,1.0,R,0.0,R,0.0,R,8
444556,2011,A,,A,,A,,R,49.0,R,0.0,R,49.0,R,32.0,R,65.0,A,,A,,A,,A,,A,,R,12
444565,2011,R,159.0,R,297.0,R,54.0,R,114.0,R,0.0,R,114.0,R,43.0,R,38.0,R,109.0,R,0.0,R,109.0,R,43.0,R,39.0,R,14
444574,2011,A,,A,,A,,R,170.0,R,0.0,R,170.0,R,143.0,R,84.0,A,,A,,A,,A,,A,,R,20
444583,2011,A,,A,,A,,R,552.0,R,0.0,R,552.0,R,497.0,R,90.0,A,,A,,A,,A,,A,,R,30
444592,2011,A,,A,,A,,R,19.0,R,0.0,R,19.0,R,12.0,R,63.0,R,7.0,R,0.0,R,7.0,R,6.0,R,86.0,R,6
444608,2011,A,,A,,A,,R,27.0,R,0.0,R,27.0,R,24.0,R,89.0,A,,A,,A,,A,,A,,R,10
444626,2011,A,,A,,A,,R,6.0,R,0.0,R,6.0,R,4.0,R,67.0,R,39.0,R,0.0,R,39.0,R,28.0,R,72.0,R,15
444635,2011,A,,A,,A,,A,,A,,A,,A,,A,,A,,A,,A,,A,,A,,R,9
444644,2011,A,,A,,A,,A,,A,,A,,A,,A,,A,,A,,A,,A,,A,,R,22
444653,2011,A,,A,,A,,R,41.0,R,0.0,R,41.0,R,15.0,R,37.0,R,15.0,R,0.0,R,15.0,R,5.0,R,33.0,R,16
444662,2011,A,,A,,A,,A,,A,,A,,A,,A,,A,,A,,A,,A,,A,,R,7
444671,2011,A,,A,,A,,R,21.0,Z,0.0,R,21.0,R,16.0,R,76.0,A,,A,,A,,A,,A,,R,10
444680,2011,A,,A,,A,,R,37.0,R,0.0,R,37.0,R,30.0,R,81.0,A,,A,,A,,A,,A,,R,18
444705,2011,A,,A,,A,,R,5.0,R,0.0,R,5.0,R,4.0,R,80.0,A,,A,,A,,A,,A,,R,10
444714,2011,A,,A,,A,,R,169.0,R,0.0,R,169.0,R,85.0,R,50.0,A,,A,,A,,A,,A,,R,41
444723,2011,A,,A,,A,,R,425.0,R,0.0,R,425.0,R,64.0,R,15.0,R,390.0,R,0.0,R,390.0,R,65.0,R,17.0,R,54
444732,2011,A,,A,,A,,R,25.0,R,0.0,R,25.0,R,18.0,R,72.0,A,,A,,A,,A,,A,,R,18
444750,2011,A,,A,,A,,R,8.0,R,0.0,R,8.0,R,4.0,R,50.0,A,,A,,A,,A,,A,,R,8
444769,2011,A,,A,,A,,R,17.0,R,0.0,R,17.0,R,16.0,R,94.0,R,18.0,R,0.0,R,18.0,R,15.0,R,83.0,R,15
444778,2011,R,13.0,R,32.0,R,41.0,R,5.0,R,0.0,R,5.0,R,2.0,R,40.0,R,4.0,R,0.0,R,4.0,R,3.0,R,75.0,R,9
444796,2011,A,,A,,A,,R,93.0,R,1.0,R,92.0,R,67.0,R,73.0,A,,A,,A,,A,,A,,R,10
444811,2011,A,,A,,A,,R,83.0,R,0.0,R,83.0,R,55.0,R,66.0,R,62.0,R,0.0,R,62.0,R,61.0,R,98.0,R,13
444857,2011,A,,A,,A,,R,13.0,R,0.0,R,13.0,R,13.0,R,100.0,R,4.0,R,0.0,R,4.0,R,4.0,R,100.0,R,10
444866,2011,A,,A,,A,,R,53.0,Z,0.0,R,53.0,R,50.0,R,94.0,R,10.0,Z,0.0,R,10.0,R,5.0,R,50.0,R,8
444893,2011,A,,A,,A,,R,113.0,R,0.0,R,113.0,R,82.0,R,73.0,A,,A,,A,,A,,A,,R,25
444909,2011,A,,A,,A,,R,3.0,R,0.0,R,3.0,R,2.0,R,67.0,A,,A,,A,,A,,A,,R,4
444927,2011,R,56.0,R,140.0,R,40.0,R,48.0,R,0.0,R,48.0,R,22.0,R,46.0,R,19.0,R,0.0,R,19.0,R,7.0,R,37.0,R,13
444936,2011,A,,A,,A,,R,8.0,R,0.0,R,8.0,R,8.0,R,100.0,A,,A,,A,,A,,A,,R,14
444945,2011,A,,A,,A,,R,70.0,R,0.0,R,70.0,R,46.0,R,66.0,A,,A,,A,,A,,A,,R,18
444954,2011,R,443.0,R,1362.0,R,33.0,R,546.0,R,1.0,R,545.0,R,189.0,R,35.0,R,99.0,R,0.0,R,99.0,R,28.0,R,28.0,R,22
444972,2011,A,,A,,A,,R,74.0,R,0.0,R,74.0,R,61.0,R,82.0,R,0.0,R,0.0,R,0.0,R,0.0,A,,R,7
444990,2011,A,,A,,A,,A,,A,,A,,A,,A,,A,,A,,A,,A,,A,,R,17
445009,2011,R,305.0,R,1196.0,R,26.0,R,404.0,R,0.0,R,404.0,R,225.0,R,56.0,R,472.0,R,0.0,R,472.0,R,161.0,R,34.0,R,27
445018,2011,R,265.0,R,645.0,R,41.0,R,185.0,R,0.0,R,185.0,R,108.0,R,58.0,R,26.0,Z,0.0,R,26.0,R,9.0,R,35.0,R,23
445027,2011,R,986.0,R,3178.0,R,31.0,R,7.0,Z,0.0,R,7.0,R,1.0,R,14.0,R,4.0,Z,0.0,R,4.0,Z,0.0,R,0.0,R,24
445072,2011,R,76.0,R,115.0,R,66.0,R,96.0,R,1.0,R,95.0,R,34.0,R,36.0,R,15.0,R,0.0,R,15.0,R,3.0,R,20.0,R,16
445081,2011,R,47.0,R,75.0,R,63.0,R,0.0,R,0.0,R,0.0,R,0.0,A,,R,0.0,R,0.0,R,0.0,R,0.0,A,,R,16
445090,2011,R,74.0,R,90.0,R,82.0,R,102.0,R,0.0,R,102.0,R,69.0,R,68.0,R,15.0,R,0.0,R,15.0,R,9.0,R,60.0,R,16
445115,2011,A,,A,,A,,R,151.0,R,0.0,R,151.0,R,92.0,R,61.0,A,,A,,A,,A,,A,,R,29
445124,2011,R,59.0,R,159.0,R,37.0,R,116.0,R,0.0,R,116.0,R,49.0,R,42.0,R,84.0,R,0.0,R,84.0,R,30.0,R,36.0,R,20
445133,2011,R,66.0,R,157.0,R,42.0,R,19.0,R,0.0,R,19.0,R,12.0,R,63.0,R,8.0,R,0.0,R,8.0,R,5.0,R,63.0,R,24
445142,2011,A,,A,,A,,R,58.0,R,0.0,R,58.0,R,42.0,R,72.0,A,,A,,A,,A,,A,,R,29
445188,2011,R,1438.0,R,1614.0,R,89.0,R,1336.0,R,0.0,R,1336.0,R,1129.0,R,85.0,R,3.0,R,0.0,R,3.0,R,2.0,R,67.0,R,21
445197,2011,A,,A,,A,,R,192.0,Z,0.0,R,192.0,R,119.0,R,62.0,R,17.0,Z,0.0,R,17.0,R,7.0,R,41.0,R,24
445203,2011,A,,A,,A,,R,216.0,R,2.0,R,214.0,R,155.0,R,72.0,A,,A,,A,,A,,A,,R,21
445212,2011,A,,A,,A,,R,137.0,R,3.0,R,134.0,R,110.0,R,82.0,R,61.0,R,0.0,R,61.0,R,42.0,R,69.0,R,15
445221,2011,A,,A,,A,,R,28.0,R,1.0,R,27.0,R,15.0,R,56.0,R,5.0,R,0.0,R,5.0,R,3.0,R,60.0,R,8
445230,2011,A,,A,,A,,R,335.0,R,0.0,R,335.0,R,197.0,R,59.0,A,,A,,A,,A,,A,,R,25
445249,2011,A,,A,,A,,R,137.0,Z,0.0,R,137.0,R,97.0,R,71.0,A,,A,,A,,A,,A,,R,15
445258,2011,A,,A,,A,,R,0.0,R,0.0,R,0.0,R,0.0,A,,A,,A,,A,,A,,A,,R,23
445267,2011,A,,A,,A,,A,,A,,A,,A,,A,,A,,A,,A,,A,,A,,R,25
445276,2011,R,53.0,R,110.0,R,48.0,R,79.0,R,0.0,R,79.0,R,21.0,R,27.0,R,2.0,R,0.0,R,2.0,R,2.0,R,100.0,R,13
445300,2011,A,,A,,A,,R,44.0,R,0.0,R,44.0,R,23.0,R,52.0,A,,A,,A,,A,,A,,R,12
445319,2011,A,,A,,A,,R,21.0,R,0.0,R,21.0,R,13.0,R,62.0,A,,A,,A,,A,,A,,R,10
445328,2011,A,,A,,A,,R,120.0,Z,0.0,R,120.0,R,86.0,R,72.0,A,,A,,A,,A,,A,,R,34
445337,2011,A,,A,,A,,R,119.0,R,0.0,R,119.0,R,87.0,R,73.0,A,,A,,A,,A,,A,,R,26
445346,2011,A,,A,,A,,R,108.0,Z,0.0,R,108.0,R,70.0,R,65.0,A,,A,,A,,A,,A,,R,33
445355,2011,A,,A,,A,,R,94.0,R,0.0,R,94.0,R,66.0,R,70.0,A,,A,,A,,A,,A,,R,51
445364,2011,A,,A,,A,,R,33.0,R,0.0,R,33.0,R,24.0,R,73.0,A,,A,,A,,A,,A,,R,35
445373,2011,A,,A,,A,,R,133.0,R,0.0,R,133.0,R,85.0,R,64.0,A,,A,,A,,A,,A,,R,28
445382,2011,A,,A,,A,,R,199.0,R,1.0,R,198.0,R,116.0,R,59.0,A,,A,,A,,A,,A,,R,34
445391,2011,A,,A,,A,,R,22.0,R,0.0,R,22.0,R,13.0,R,59.0,A,,A,,A,,A,,A,,R,9
445407,2011,R,15.0,R,185.0,R,8.0,R,27.0,R,0.0,R,27.0,R,10.0,R,37.0,R,30.0,R,0.0,R,30.0,R,11.0,R,37.0,R,59
445416,2011,A,,A,,A,,R,0.0,R,0.0,R,0.0,R,0.0,A,,R,0.0,R,0.0,R,0.0,R,0.0,A,,R,25
445434,2011,A,,A,,A,,R,2.0,R,0.0,R,2.0,R,1.0,R,50.0,R,0.0,R,0.0,R,0.0,R,0.0,A,,R,24
445452,2011,A,,A,,A,,R,581.0,Z,0.0,R,581.0,R,396.0,R,68.0,A,,A,,A,,A,,A,,R,19
445461,2011,A,,A,,A,,R,335.0,R,0.0,R,335.0,R,222.0,R,66.0,A,,A,,A,,A,,A,,R,30
445470,2011,A,,A,,A,,R,114.0,Z,0.0,R,114.0,R,80.0,R,70.0,R,0.0,R,0.0,R,0.0,R,0.0,A,,R,24
445489,2011,A,,A,,A,,R,19.0,R,0.0,R,19.0,R,13.0,R,68.0,R,10.0,R,0.0,R,10.0,R,8.0,R,80.0,R,19
445498,2011,A,,A,,A,,R,20.0,R,0.0,R,20.0,R,15.0,R,75.0,A,,A,,A,,A,,A,,R,33
445504,2011,A,,A,,A,,R,16.0,R,1.0,R,15.0,R,11.0,R,73.0,R,5.0,Z,0.0,R,5.0,R,3.0,R,60.0,R,18
445531,2011,A,,A,,A,,R,8.0,R,0.0,R,8.0,R,5.0,R,63.0,A,,A,,A,,A,,A,,R,24
445540,2011,A,,A,,A,,R,20.0,R,0.0,R,20.0,R,14.0,R,70.0,A,,A,,A,,A,,A,,R,23
445559,2011,A,,A,,A,,R,66.0,R,0.0,R,66.0,R,49.0,R,74.0,R,0.0,Z,0.0,R,0.0,Z,0.0,A,,R,32
445577,2011,A,,A,,A,,R,90.0,R,0.0,R,90.0,R,69.0,R,77.0,A,,A,,A,,A,,A,,R,21
445601,2011,A,,A,,A,,R,208.0,R,0.0,R,208.0,R,93.0,R,45.0,A,,A,,A,,A,,A,,R,42
445610,2011,A,,A,,A,,R,49.0,R,0.0,R,49.0,R,19.0,R,39.0,A,,A,,A,,A,,A,,R,20
445629,2011,A,,A,,A,,A,,A,,A,,A,,A,,A,,A,,A,,A,,A,,R,13
445638,2011,A,,A,,A,,A,,A,,A,,A,,A,,A,,A,,A,,A,,A,,R,9
445647,2011,A,,A,,A,,A,,A,,A,,A,,A,,A,,A,,A,,A,,A,,R,12
445656,2011,A,,A,,A,,A,,A,,A,,A,,A,,A,,A,,A,,A,,A,,R,13
445665,2011,A,,A,,A,,R,81.0,Z,0.0,R,81.0,R,32.0,R,40.0,A,,A,,A,,A,,A,,R,31
445674,2011,R,145.0,R,511.0,R,28.0,R,149.0,R,0.0,R,149.0,R,73.0,R,49.0,R,22.0,Z,0.0,R,22.0,R,10.0,R,45.0,R,23
445683,2011,A,,A,,A,,R,22.0,R,0.0,R,22.0,R,14.0,R,64.0,A,,A,,A,,A,,A,,R,8
445692,2011,R,138.0,R,138.0,R,100.0,R,108.0,Z,0.0,R,108.0,R,85.0,R,79.0,A,,A,,A,,A,,A,,R,16
445708,2011,R,638.0,R,870.0,R,73.0,R,605.0,R,0.0,R,605.0,R,443.0,R,73.0,R,2.0,R,0.0,R,2.0,R,0.0,R,0.0,R,25
445717,2011,A,,A,,A,,R,43.0,R,0.0,R,43.0,R,22.0,R,51.0,A,,A,,A,,A,,A,,R,24
445726,2011,A,,A,,A,,R,76.0,R,0.0,R,76.0,R,32.0,R,42.0,R,0.0,Z,0.0,R,0.0,Z,0.0,A,,R,18
445735,2011,A,,A,,A,,A,,A,,A,,A,,A,,A,,A,,A,,A,,A,,R,6
445744,2011,A,,A,,A,,R,503.0,R,0.0,R,503.0,R,386.0,R,77.0,A,,A,,A,,A,,A,,R,15
445753,2011,A,,A,,A,,R,276.0,R,0.0,R,276.0,R,259.0,R,94.0,A,,A,,A,,A,,A,,R,20
445762,2011,R,26.0,R,66.0,R,39.0,R,36.0,R,0.0,R,36.0,R,23.0,R,64.0,R,0.0,R,0.0,R,0.0,R,0.0,A,,R,12
445771,2011,A,,A,,A,,R,140.0,R,1.0,R,139.0,R,99.0,R,71.0,A,,A,,A,,A,,A,,R,30
445780,2011,A,,A,,A,,R,14.0,R,0.0,R,14.0,R,10.0,R,71.0,A,,A,,A,,A,,A,,R,8
445799,2011,A,,A,,A,,R,880.0,Z,0.0,R,880.0,R,605.0,R,69.0,A,,A,,A,,A,,A,,R,33
445814,2011,A,,A,,A,,R,204.0,R,0.0,R,204.0,R,164.0,R,80.0,A,,A,,A,,A,,A,,R,36
445832,2011,A,,A,,A,,R,41.0,R,0.0,R,41.0,R,40.0,R,98.0,R,17.0,R,0.0,R,17.0,R,14.0,R,82.0,R,8
445841,2011,A,,A,,A,,R,27.0,R,0.0,R,27.0,R,24.0,R,89.0,R,7.0,R,0.0,R,7.0,R,6.0,R,86.0,R,20
445850,2011,A,,A,,A,,R,63.0,Z,0.0,R,63.0,R,54.0,R,86.0,R,12.0,R,0.0,R,12.0,R,11.0,R,92.0,R,20
445896,2011,A,,A,,A,,R,44.0,R,0.0,R,44.0,R,32.0,R,73.0,A,,A,,A,,A,,A,,R,17
445911,2011,A,,A,,A,,R,309.0,R,0.0,R,309.0,R,216.0,R,70.0,R,0.0,R,0.0,R,0.0,R,0.0,A,,R,14
445920,2011,R,45.0,R,166.0,R,27.0,R,17.0,R,0.0,R,17.0,R,13.0,R,76.0,R,5.0,R,0.0,R,5.0,R,2.0,R,40.0,R,15
445939,2011,R,15.0,R,81.0,R,19.0,R,3.0,R,0.0,R,3.0,R,3.0,R,100.0,R,4.0,R,0.0,R,4.0,R,2.0,R,50.0,R,10
445948,2011,A,,A,,A,,A,,A,,A,,A,,A,,A,,A,,A,,A,,A,,R,20
445957,2011,A,,A,,A,,A,,A,,A,,A,,A,,R,123.0,R,0.0,R,123.0,R,95.0,R,77.0,R,11
445984,2011,A,,A,,A,,R,31.0,R,0.0,R,31.0,R,23.0,R,74.0,A,,A,,A,,A,,A,,R,16
445993,2011,A,,A,,A,,R,57.0,R,0.0,R,57.0,R,42.0,R,74.0,A,,A,,A,,A,,A,,R,20
446048,2011,R,217.0,R,305.0,R,71.0,R,162.0,R,0.0,R,162.0,R,117.0,R,72.0,R,1.0,R,0.0,R,1.0,R,0.0,R,0.0,R,14
446057,2011,A,,A,,A,,A,,A,,A,,A,,A,,A,,A,,A,,A,,A,,R,16
446075,2011,A,,A,,A,,R,11.0,R,0.0,R,11.0,R,10.0,R,91.0,A,,A,,A,,A,,A,,R,10
446084,2011,A,,A,,A,,A,,A,,A,,A,,A,,R,66.0,R,0.0,R,66.0,R,55.0,R,83.0,R,7
446093,2011,A,,A,,A,,R,116.0,R,0.0,R,116.0,R,91.0,R,78.0,A,,A,,A,,A,,A,,R,12
446109,2011,A,,A,,A,,R,276.0,R,0.0,R,276.0,R,229.0,R,83.0,A,,A,,A,,A,,A,,R,24
446118,2011,A,,A,,A,,R,183.0,R,0.0,R,183.0,R,108.0,R,59.0,A,,A,,A,,A,,A,,R,20
446127,2011,A,,A,,A,,R,31.0,R,0.0,R,31.0,R,19.0,R,61.0,R,17.0,R,0.0,R,17.0,R,10.0,R,59.0,R,17
446136,2011,A,,A,,A,,A,,A,,A,,A,,A,,R,245.0,R,34.0,R,211.0,R,174.0,R,82.0,R,27
446145,2011,A,,A,,A,,A,,A,,A,,A,,A,,A,,A,,A,,A,,A,,R,11
446163,2011,R,63.0,R,77.0,R,82.0,R,52.0,R,0.0,R,52.0,R,28.0,R,54.0,R,5.0,R,0.0,R,5.0,R,2.0,R,40.0,R,9
446190,2011,A,,A,,A,,R,15.0,R,0.0,R,15.0,R,11.0,R,73.0,A,,A,,A,,A,,A,,R,12
446206,2011,A,,A,,A,,R,4.0,R,0.0,R,4.0,R,3.0,R,75.0,R,2.0,R,0.0,R,2.0,R,2.0,R,100.0,R,2
446215,2011,A,,A,,A,,R,34.0,R,0.0,R,34.0,R,26.0,R,76.0,A,,A,,A,,A,,A,,R,16
446224,2011,A,,A,,A,,A,,A,,A,,A,,A,,A,,A,,A,,A,,A,,R,12
446233,2011,R,38.0,R,67.0,R,57.0,R,16.0,R,0.0,R,16.0,R,4.0,R,25.0,R,5.0,R,0.0,R,5.0,R,3.0,R,60.0,R,11
446242,2011,A,,A,,A,,R,41.0,R,0.0,R,41.0,R,27.0,R,66.0,R,0.0,R,0.0,R,0.0,R,0.0,A,,R,9
446251,2011,A,,A,,A,,A,,A,,A,,A,,A,,A,,A,,A,,A,,A,,R,20
446260,2011,A,,A,,A,,R,22.0,R,0.0,R,22.0,R,20.0,R,91.0,R,2.0,R,0.0,R,2.0,R,2.0,R,100.0,R,15
446288,2011,A,,A,,A,,R,63.0,Z,0.0,R,63.0,R,49.0,R,78.0,R,18.0,Z,0.0,R,18.0,R,12.0,R,67.0,R,15
446297,2011,A,,A,,A,,R,13.0,R,0.0,R,13.0,R,8.0,R,62.0,R,13.0,R,0.0,R,13.0,R,1.0,R,8.0,R,18
446303,2011,A,,A,,A,,R,27.0,R,0.0,R,27.0,R,24.0,R,89.0,R,20.0,Z,0.0,R,20.0,R,15.0,R,75.0,R,10
446321,2011,A,,A,,A,,R,2.0,R,0.0,R,2.0,R,2.0,R,100.0,R,3.0,R,0.0,R,3.0,R,3.0,R,100.0,R,3
446349,2011,A,,A,,A,,R,13.0,R,0.0,R,13.0,R,13.0,R,100.0,A,,A,,A,,A,,A,,R,10
446358,2011,A,,A,,A,,R,0.0,R,0.0,R,0.0,R,0.0,A,,R,1.0,R,0.0,R,1.0,R,0.0,R,0.0,R,7
446385,2011,R,33.0,R,33.0,R,100.0,R,38.0,R,0.0,R,38.0,R,34.0,R,89.0,A,,A,,A,,A,,A,,R,7
446394,2011,A,,A,,A,,R,0.0,R,0.0,R,0.0,R,0.0,A,,R,3.0,R,0.0,R,3.0,R,1.0,R,33.0,R,8
446400,2011,A,,A,,A,,R,74.0,R,0.0,R,74.0,R,46.0,R,62.0,A,,A,,A,,A,,A,,R,23
446419,2011,A,,A,,A,,A,,A,,A,,A,,A,,A,,A,,A,,A,,A,,R,21
446428,2011,A,,A,,A,,R,323.0,R,0.0,R,323.0,R,151.0,R,47.0,A,,A,,A,,A,,A,,R,70
446437,2011,A,,A,,A,,R,59.0,R,0.0,R,59.0,R,51.0,R,86.0,R,3.0,R,0.0,R,3.0,R,1.0,R,33.0,R,10
446446,2011,R,9.0,R,11.0,R,82.0,R,20.0,R,0.0,R,20.0,R,15.0,R,75.0,R,0.0,R,0.0,R,0.0,R,0.0,A,,R,10
446455,2011,A,,A,,A,,R,42.0,R,0.0,R,42.0,R,40.0,R,95.0,A,,A,,A,,A,,A,,R,4
446464,2011,A,,A,,A,,R,18.0,R,0.0,R,18.0,R,12.0,R,67.0,A,,A,,A,,A,,A,,R,16
446491,2011,A,,A,,A,,R,16.0,R,0.0,R,16.0,R,14.0,R,88.0,A,,A,,A,,A,,A,,R,28
446507,2011,A,,A,,A,,A,,A,,A,,A,,A,,A,,A,,A,,A,,A,,R,3
446516,2011,A,,A,,A,,R,27.0,R,0.0,R,27.0,R,8.0,R,30.0,A,,A,,A,,A,,A,,R,1
446525,2011,A,,A,,A,,R,101.0,R,0.0,R,101.0,R,70.0,R,69.0,R,21.0,R,0.0,R,21.0,R,15.0,R,71.0,R,39
446534,2011,A,,A,,A,,R,58.0,R,0.0,R,58.0,R,50.0,R,86.0,A,,A,,A,,A,,A,,R,6
446543,2011,A,,A,,A,,R,10.0,R,0.0,R,10.0,R,7.0,R,70.0,A,,A,,A,,A,,A,,R,4
446552,2011,A,,A,,A,,R,1057.0,R,0.0,R,1057.0,R,749.0,R,71.0,A,,A,,A,,A,,A,,R,15
446561,2011,A,,A,,A,,R,0.0,R,0.0,R,0.0,R,0.0,A,,R,4.0,R,0.0,R,4.0,R,1.0,R,25.0,R,15
446570,2011,A,,A,,A,,R,19.0,R,0.0,R,19.0,R,17.0,R,89.0,R,10.0,R,0.0,R,10.0,R,8.0,R,80.0,R,10
446589,2011,A,,A,,A,,R,22.0,R,0.0,R,22.0,R,22.0,R,100.0,R,10.0,R,0.0,R,10.0,R,10.0,R,100.0,R,11
446598,2011,R,8.0,R,9.0,R,89.0,R,23.0,R,0.0,R,23.0,R,20.0,R,87.0,A,,A,,A,,A,,A,,R,14
446604,2011,R,299.0,R,466.0,R,64.0,R,241.0,R,0.0,R,241.0,R,235.0,R,98.0,A,,A,,A,,A,,A,,R,14
446613,2011,R,5.0,R,15.0,R,33.0,R,2.0,R,0.0,R,2.0,R,1.0,R,50.0,R,4.0,R,0.0,R,4.0,R,1.0,R,25.0,R,4
446640,2011,R,90.0,R,105.0,R,86.0,R,66.0,R,0.0,R,66.0,R,41.0,R,62.0,R,1.0,R,0.0,R,1.0,R,0.0,R,0.0,R,11
446668,2011,R,172.0,R,285.0,R,60.0,R,54.0,R,0.0,R,54.0,R,43.0,R,80.0,R,16.0,R,0.0,R,16.0,R,10.0,R,63.0,R,17
446677,2011,A,,A,,A,,R,11.0,R,0.0,R,11.0,R,5.0,R,45.0,A,,A,,A,,A,,A,,R,11
446701,2011,A,,A,,A,,R,0.0,R,0.0,R,0.0,R,0.0,A,,A,,A,,A,,A,,A,,R,22
446710,2011,A,,A,,A,,R,19.0,R,0.0,R,19.0,R,5.0,R,26.0,A,,A,,A,,A,,A,,R,8
446729,2011,A,,A,,A,,R,9.0,R,0.0,R,9.0,R,6.0,R,67.0,A,,A,,A,,A,,A,,R,9
446738,2011,A,,A,,A,,R,23.0,R,0.0,R,23.0,R,8.0,R,35.0,A,,A,,A,,A,,A,,R,23
446747,2011,A,,A,,A,,R,30.0,R,0.0,R,30.0,R,20.0,R,67.0,A,,A,,A,,A,,A,,R,21
446756,2011,A,,A,,A,,R,40.0,R,0.0,R,40.0,R,19.0,R,48.0,A,,A,,A,,A,,A,,R,16
446765,2011,A,,A,,A,,R,18.0,R,0.0,R,18.0,R,9.0,R,50.0,A,,A,,A,,A,,A,,R,16
446774,2011,R,294.0,R,1458.0,R,20.0,R,269.0,R,2.0,R,267.0,R,159.0,R,60.0,R,121.0,R,0.0,R,121.0,R,57.0,R,47.0,R,23
446783,2011,A,,A,,A,,R,55.0,R,0.0,R,55.0,R,41.0,R,75.0,A,,A,,A,,A,,A,,R,20
446792,2011,R,65.0,R,184.0,R,35.0,R,84.0,R,0.0,R,84.0,R,41.0,R,49.0,R,41.0,R,0.0,R,41.0,R,23.0,R,56.0,R,19
446808,2011,R,28.0,R,66.0,R,42.0,R,63.0,R,0.0,R,63.0,R,30.0,R,48.0,R,22.0,R,0.0,R,22.0,R,17.0,R,77.0,R,8
446817,2011,R,34.0,R,104.0,R,33.0,R,23.0,R,0.0,R,23.0,R,13.0,R,57.0,R,10.0,R,0.0,R,10.0,R,4.0,R,40.0,R,23
446835,2011,A,,A,,A,,R,228.0,Z,0.0,R,228.0,R,170.0,R,75.0,A,,A,,A,,A,,A,,R,48
446844,2011,A,,A,,A,,R,178.0,Z,0.0,R,178.0,R,120.0,R,67.0,A,,A,,A,,A,,A,,R,32
446853,2011,A,,A,,A,,R,115.0,R,0.0,R,115.0,R,86.0,R,75.0,A,,A,,A,,A,,A,,R,30
446880,2011,R,85.0,R,159.0,R,53.0,R,22.0,R,0.0,R,22.0,R,13.0,R,59.0,R,9.0,Z,0.0,R,9.0,R,2.0,R,22.0,R,16
446899,2011,R,45.0,R,71.0,R,63.0,R,0.0,R,0.0,R,0.0,R,0.0,A,,R,0.0,R,0.0,R,0.0,R,0.0,A,,R,16
446905,2011,R,52.0,R,81.0,R,64.0,R,1.0,R,0.0,R,1.0,R,0.0,R,0.0,R,0.0,R,0.0,R,0.0,R,0.0,A,,R,21
446914,2011,R,112.0,R,152.0,R,74.0,R,0.0,R,0.0,R,0.0,R,0.0,A,,R,0.0,R,0.0,R,0.0,R,0.0,A,,R,26
446923,2011,R,37.0,R,81.0,R,46.0,R,0.0,R,0.0,R,0.0,R,0.0,A,,R,1.0,R,0.0,R,1.0,R,1.0,R,100.0,R,15
446996,2011,A,,A,,A,,R,26.0,R,0.0,R,26.0,R,14.0,R,54.0,R,9.0,R,0.0,R,9.0,R,7.0,R,78.0,R,25
447014,2011,A,,A,,A,,R,132.0,R,0.0,R,132.0,R,100.0,R,76.0,A,,A,,A,,A,,A,,R,18
447023,2011,A,,A,,A,,R,390.0,R,0.0,R,390.0,R,324.0,R,83.0,A,,A,,A,,A,,A,,R,28
447050,2011,A,,A,,A,,A,,A,,A,,A,,A,,A,,A,,A,,A,,A,,R,8
447069,2011,R,49.0,R,82.0,R,60.0,R,86.0,R,0.0,R,86.0,R,50.0,R,58.0,R,28.0,R,0.0,R,28.0,R,3.0,R,11.0,R,13
447102,2011,A,,A,,A,,R,183.0,Z,0.0,R,183.0,R,137.0,R,75.0,A,,A,,A,,A,,A,,R,40
447120,2011,A,,A,,A,,R,106.0,R,0.0,R,106.0,R,84.0,R,79.0,A,,A,,A,,A,,A,,R,34
447148,2011,A,,A,,A,,R,27.0,Z,0.0,R,27.0,R,18.0,R,67.0,R,17.0,Z,0.0,R,17.0,R,13.0,R,76.0,R,15
447157,2011,A,,A,,A,,R,11.0,Z,0.0,R,11.0,R,7.0,R,64.0,R,1.0,Z,0.0,R,1.0,R,0.0,R,0.0,R,14
447166,2011,A,,A,,A,,R,12.0,Z,0.0,R,12.0,R,6.0,R,50.0,R,5.0,Z,0.0,R,5.0,R,5.0,R,100.0,R,20
447175,2011,A,,A,,A,,R,13.0,Z,0.0,R,13.0,R,4.0,R,31.0,R,1.0,Z,0.0,R,1.0,R,1.0,R,100.0,R,20
447209,2011,A,,A,,A,,R,248.0,R,0.0,R,248.0,R,151.0,R,61.0,A,,A,,A,,A,,A,,R,24
447218,2011,A,,A,,A,,R,259.0,R,0.0,R,259.0,R,188.0,R,73.0,A,,A,,A,,A,,A,,R,24
447227,2011,A,,A,,A,,R,244.0,R,0.0,R,244.0,R,129.0,R,53.0,A,,A,,A,,A,,A,,R,24
447236,2011,A,,A,,A,,R,0.0,R,0.0,R,0.0,R,0.0,A,,R,0.0,R,0.0,R,0.0,R,0.0,A,,R,22
447245,2011,A,,A,,A,,R,218.0,R,0.0,R,218.0,R,118.0,R,54.0,A,,A,,A,,A,,A,,R,23
447254,2011,A,,A,,A,,R,15.0,R,0.0,R,15.0,R,13.0,R,87.0,A,,A,,A,,A,,A,,R,7
447263,2011,R,147.0,R,147.0,R,100.0,R,97.0,R,0.0,R,97.0,R,81.0,R,84.0,A,,A,,A,,A,,A,,R,15
447272,2011,R,22.0,R,121.0,R,18.0,R,6.0,R,0.0,R,6.0,R,0.0,R,0.0,R,8.0,R,0.0,R,8.0,R,1.0,R,13.0,R,19
447290,2011,R,138.0,R,280.0,R,49.0,R,16.0,R,0.0,R,16.0,R,10.0,R,63.0,A,,A,,A,,A,,A,,R,11
447315,2011,A,,A,,A,,R,18.0,R,0.0,R,18.0,R,16.0,R,89.0,R,2.0,R,0.0,R,2.0,R,2.0,R,100.0,R,9
447324,2011,A,,A,,A,,R,39.0,R,0.0,R,39.0,R,25.0,R,64.0,R,10.0,R,0.0,R,10.0,R,9.0,R,90.0,R,14
447333,2011,A,,A,,A,,R,30.0,R,0.0,R,30.0,R,13.0,R,43.0,R,2.0,R,0.0,R,2.0,R,1.0,R,50.0,R,16
447342,2011,A,,A,,A,,R,21.0,R,0.0,R,21.0,R,14.0,R,67.0,R,8.0,R,0.0,R,8.0,R,7.0,R,88.0,R,12
447351,2011,A,,A,,A,,R,160.0,R,0.0,R,160.0,R,110.0,R,69.0,A,,A,,A,,A,,A,,R,22
447360,2011,A,,A,,A,,R,87.0,R,4.0,R,83.0,R,58.0,R,70.0,A,,A,,A,,A,,A,,R,22
447379,2011,A,,A,,A,,R,54.0,R,0.0,R,54.0,R,31.0,R,57.0,A,,A,,A,,A,,A,,R,8
447388,2011,A,,A,,A,,R,51.0,R,0.0,R,51.0,R,47.0,R,92.0,A,,A,,A,,A,,A,,R,14
447397,2011,R,46.0,R,102.0,R,45.0,R,6.0,R,0.0,R,6.0,R,2.0,R,33.0,R,0.0,R,0.0,R,0.0,R,0.0,A,,R,12
447403,2011,A,,A,,A,,R,693.0,Z,0.0,R,693.0,R,452.0,R,65.0,A,,A,,A,,A,,A,,R,29
447421,2011,R,64.0,R,180.0,R,36.0,R,1.0,R,0.0,R,1.0,R,1.0,R,100.0,R,2.0,R,0.0,R,2.0,R,1.0,R,50.0,R,12
447430,2011,A,,A,,A,,R,19.0,R,0.0,R,19.0,R,17.0,R,89.0,R,20.0,R,0.0,R,20.0,R,18.0,R,90.0,R,9
447449,2011,A,,A,,A,,A,,A,,A,,A,,A,,A,,A,,A,,A,,A,,R,10
447458,2011,A,,A,,A,,R,109.0,R,1.0,R,108.0,R,38.0,R,35.0,A,,A,,A,,A,,A,,R,12
447467,2011,A,,A,,A,,R,50.0,R,0.0,R,50.0,R,33.0,R,66.0,A,,A,,A,,A,,A,,R,13
447476,2011,R,38.0,R,84.0,R,45.0,R,5.0,R,0.0,R,5.0,R,1.0,R,20.0,R,0.0,R,0.0,R,0.0,R,0.0,A,,R,8
447485,2011,R,11.0,R,83.0,R,13.0,R,14.0,R,0.0,R,14.0,R,7.0,R,50.0,R,19.0,R,0.0,R,19.0,R,4.0,R,21.0,R,46
447494,2011,A,,A,,A,,R,134.0,R,0.0,R,134.0,R,83.0,R,62.0,R,27.0,R,0.0,R,27.0,R,16.0,R,59.0,R,21
447519,2011,A,,A,,A,,R,148.0,R,0.0,R,148.0,R,86.0,R,58.0,R,40.0,R,0.0,R,40.0,R,27.0,R,68.0,R,20
447528,2011,A,,A,,A,,R,205.0,R,0.0,R,205.0,R,155.0,R,76.0,A,,A,,A,,A,,A,,R,20
447582,2011,R,458.0,R,1474.0,R,31.0,R,469.0,R,0.0,R,469.0,R,224.0,R,48.0,R,57.0,R,0.0,R,57.0,R,25.0,R,44.0,R,22
447591,2011,A,,A,,A,,R,7.0,R,0.0,R,7.0,R,6.0,R,86.0,A,,A,,A,,A,,A,,R,11
447625,2011,R,26.0,R,127.0,R,20.0,R,42.0,R,0.0,R,42.0,R,25.0,R,60.0,R,30.0,R,0.0,R,30.0,R,16.0,R,53.0,R,12
447634,2011,A,,A,,A,,R,119.0,R,1.0,R,118.0,R,95.0,R,81.0,A,,A,,A,,A,,A,,R,39
447652,2011,A,,A,,A,,R,58.0,R,0.0,R,58.0,R,26.0,R,45.0,A,,A,,A,,A,,A,,R,20
447661,2011,A,,A,,A,,R,14.0,R,0.0,R,14.0,R,7.0,R,50.0,A,,A,,A,,A,,A,,R,14
447670,2011,R,25.0,R,107.0,R,23.0,R,5.0,R,0.0,R,5.0,R,3.0,R,60.0,R,2.0,R,0.0,R,2.0,R,2.0,R,100.0,R,14
447689,2011,R,1996.0,R,3558.0,R,56.0,R,1615.0,R,0.0,R,1615.0,R,1094.0,R,68.0,R,258.0,R,0.0,R,258.0,R,141.0,R,55.0,R,17
447704,2011,A,,A,,A,,R,15.0,R,0.0,R,15.0,R,15.0,R,100.0,R,16.0,R,0.0,R,16.0,R,16.0,R,100.0,R,9
447713,2011,A,,A,,A,,A,,A,,A,,A,,A,,R,23.0,R,0.0,R,23.0,R,16.0,R,70.0,R,6
447722,2011,A,,A,,A,,R,24.0,R,0.0,R,24.0,R,20.0,R,83.0,A,,A,,A,,A,,A,,R,16
447731,2011,A,,A,,A,,R,34.0,Z,0.0,R,34.0,R,26.0,R,76.0,R,0.0,Z,0.0,R,0.0,R,0.0,A,,R,21
447759,2011,A,,A,,A,,R,114.0,R,0.0,R,114.0,R,94.0,R,82.0,A,,A,,A,,A,,A,,R,22
447768,2011,A,,A,,A,,R,1406.0,R,0.0,R,1406.0,R,1137.0,R,81.0,A,,A,,A,,A,,A,,R,38
447777,2011,A,,A,,A,,A,,A,,A,,A,,A,,A,,A,,A,,A,,A,,R,5
447795,2011,A,,A,,A,,R,13.0,Z,0.0,R,13.0,R,12.0,R,92.0,A,,A,,A,,A,,A,,R,8
447810,2011,A,,A,,A,,R,45.0,R,0.0,R,45.0,R,39.0,R,87.0,A,,A,,A,,A,,A,,R,15
447829,2011,A,,A,,A,,R,52.0,R,6.0,R,46.0,R,35.0,R,76.0,A,,A,,A,,A,,A,,R,11
447838,2011,A,,A,,A,,R,33.0,R,0.0,R,33.0,R,12.0,R,36.0,R,17.0,R,0.0,R,17.0,R,6.0,R,35.0,R,8
447847,2011,R,23.0,R,31.0,R,74.0,R,37.0,R,1.0,R,36.0,R,31.0,R,86.0,A,,A,,A,,A,,A,,R,3
447856,2011,A,,A,,A,,A,,A,,A,,A,,A,,A,,A,,A,,A,,A,,R,24
447865,2011,A,,A,,A,,R,7.0,R,0.0,R,7.0,R,6.0,R,86.0,R,4.0,R,0.0,R,4.0,R,3.0,R,75.0,R,3
447874,2011,A,,A,,A,,A,,A,,A,,A,,A,,A,,A,,A,,A,,A,,R,21
447883,2011,A,,A,,A,,R,24.0,R,0.0,R,24.0,R,19.0,R,79.0,R,7.0,R,0.0,R,7.0,R,5.0,R,71.0,R,12
447892,2011,A,,A,,A,,R,30.0,R,0.0,R,30.0,R,25.0,R,83.0,R,12.0,R,0.0,R,12.0,R,9.0,R,75.0,R,28
447908,2011,A,,A,,A,,R,7.0,Z,0.0,R,7.0,R,5.0,R,71.0,R,3.0,R,0.0,R,3.0,R,2.0,R,67.0,R,20
447917,2011,A,,A,,A,,A,,A,,A,,A,,A,,A,,A,,A,,A,,A,,R,10
447935,2011,R,49.0,R,136.0,R,36.0,R,73.0,R,0.0,R,73.0,R,58.0,R,79.0,A,,A,,A,,A,,A,,R,12
447953,2011,R,25.0,R,56.0,R,45.0,R,48.0,R,0.0,R,48.0,R,25.0,R,52.0,R,6.0,R,0.0,R,6.0,R,1.0,R,17.0,R,19
447962,2011,A,,A,,A,,R,57.0,R,0.0,R,57.0,R,40.0,R,70.0,A,,A,,A,,A,,A,,R,13
447971,2011,A,,A,,A,,R,37.0,R,1.0,R,36.0,R,33.0,R,92.0,A,,A,,A,,A,,A,,R,20
447980,2011,A,,A,,A,,R,27.0,R,0.0,R,27.0,R,21.0,R,78.0,R,2.0,R,0.0,R,2.0,R,2.0,R,100.0,R,15
447999,2011,A,,A,,A,,R,36.0,R,0.0,R,36.0,R,28.0,R,78.0,R,10.0,R,0.0,R,10.0,R,8.0,R,80.0,R,6
448008,2011,A,,A,,A,,R,13.0,R,0.0,R,13.0,R,13.0,R,100.0,A,,A,,A,,A,,A,,R,9
448017,2011,A,,A,,A,,A,,A,,A,,A,,A,,A,,A,,A,,A,,A,,R,10
448026,2011,A,,A,,A,,R,52.0,R,0.0,R,52.0,R,42.0,R,81.0,A,,A,,A,,A,,A,,R,11
448035,2011,A,,A,,A,,A,,A,,A,,A,,A,,A,,A,,A,,A,,A,,R,16
448044,2011,A,,A,,A,,A,,A,,A,,A,,A,,A,,A,,A,,A,,A,,R,13
448053,2011,A,,A,,A,,R,25.0,R,0.0,R,25.0,R,9.0,R,36.0,A,,A,,A,,A,,A,,R,5
448071,2011,A,,A,,A,,R,76.0,R,0.0,R,76.0,R,67.0,R,88.0,R,33.0,R,0.0,R,33.0,R,29.0,R,88.0,R,10
448080,2011,A,,A,,A,,R,21.0,R,0.0,R,21.0,R,14.0,R,67.0,A,,A,,A,,A,,A,,R,19
448105,2011,A,,A,,A,,R,16.0,R,0.0,R,16.0,R,13.0,R,81.0,A,,A,,A,,A,,A,,R,12
448114,2011,A,,A,,A,,R,688.0,Z,0.0,R,688.0,R,534.0,R,78.0,A,,A,,A,,A,,A,,R,32
448123,2011,A,,A,,A,,R,111.0,R,0.0,R,111.0,R,73.0,R,66.0,A,,A,,A,,A,,A,,R,10
448141,2011,A,,A,,A,,R,41.0,R,0.0,R,41.0,R,27.0,R,66.0,R,1.0,R,0.0,R,1.0,R,1.0,R,100.0,R,15
448150,2011,A,,A,,A,,R,128.0,R,0.0,R,128.0,R,102.0,R,80.0,A,,A,,A,,A,,A,,R,20
448196,2011,A,,A,,A,,R,69.0,R,0.0,R,69.0,R,57.0,R,83.0,R,9.0,R,0.0,R,9.0,R,8.0,R,89.0,R,18
448202,2011,A,,A,,A,,R,20.0,R,0.0,R,20.0,R,18.0,R,90.0,R,12.0,R,0.0,R,12.0,R,7.0,R,58.0,R,20
448211,2011,A,,A,,A,,R,20.0,R,0.0,R,20.0,R,20.0,R,100.0,R,39.0,R,0.0,R,39.0,R,39.0,R,100.0,R,11
448220,2011,A,,A,,A,,R,11.0,R,0.0,R,11.0,R,9.0,R,82.0,R,0.0,R,0.0,R,0.0,R,0.0,A,,R,6
448239,2011,A,,A,,A,,A,,A,,A,,A,,A,,A,,A,,A,,A,,A,,R,6
448248,2011,A,,A,,A,,R,113.0,R,1.0,R,112.0,R,97.0,R,87.0,R,336.0,R,0.0,R,336.0,R,244.0,R,73.0,R,15
448257,2011,A,,A,,A,,R,12.0,R,0.0,R,12.0,R,7.0,R,58.0,A,,A,,A,,A,,A,,R,6
448266,2011,A,,A,,A,,R,19.0,R,7.0,R,12.0,R,4.0,R,33.0,A,,A,,A,,A,,A,,R,13
448275,2011,A,,A,,A,,A,,A,,A,,A,,A,,A,,A,,A,,A,,A,,R,20
448284,2011,A,,A,,A,,A,,A,,A,,A,,A,,A,,A,,A,,A,,A,,R,14
448309,2011,A,,A,,A,,R,47.0,R,0.0,R,47.0,R,31.0,R,66.0,A,,A,,A,,A,,A,,R,33
448345,2011,R,180.0,R,367.0,R,49.0,R,74.0,R,0.0,R,74.0,R,73.0,R,99.0,R,134.0,R,0.0,R,134.0,R,13.0,R,10.0,R,16
448354,2011,A,,A,,A,,R,67.0,Z,0.0,R,67.0,R,59.0,R,88.0,R,35.0,R,0.0,R,35.0,R,29.0,R,83.0,R,12
448363,2011,A,,A,,A,,R,303.0,R,1.0,R,302.0,R,125.0,R,41.0,A,,A,,A,,A,,A,,R,34
448372,2011,A,,A,,A,,R,2.0,R,0.0,R,2.0,R,1.0,R,50.0,A,,A,,A,,A,,A,,R,9
448406,2011,A,,A,,A,,A,,A,,A,,A,,A,,A,,A,,A,,A,,A,,R,32
448415,2011,R,68.0,R,81.0,R,84.0,R,56.0,R,0.0,R,56.0,R,32.0,R,57.0,Z,0.0,R,0.0,R,0.0,R,0.0,A,,R,10
448424,2011,A,,A,,A,,R,21.0,R,0.0,R,21.0,R,16.0,R,76.0,R,9.0,R,0.0,R,9.0,R,7.0,R,78.0,R,15
448433,2011,A,,A,,A,,R,896.0,Z,0.0,R,896.0,R,651.0,R,73.0,A,,A,,A,,A,,A,,R,31
448442,2011,R,51.0,R,70.0,R,73.0,R,28.0,R,1.0,R,27.0,R,18.0,R,67.0,R,5.0,R,0.0,R,5.0,R,1.0,R,20.0,R,23
448451,2011,R,40.0,R,50.0,R,80.0,R,0.0,R,0.0,R,0.0,R,0.0,A,,R,0.0,R,0.0,R,0.0,R,0.0,A,,R,16
448460,2011,R,36.0,R,47.0,R,77.0,R,39.0,R,0.0,R,39.0,R,20.0,R,51.0,R,7.0,R,0.0,R,7.0,R,0.0,R,0.0,R,21
448479,2011,R,40.0,R,60.0,R,67.0,R,0.0,R,0.0,R,0.0,R,0.0,A,,R,0.0,R,0.0,R,0.0,R,0.0,A,,R,14
448488,2011,R,23.0,R,37.0,R,62.0,R,0.0,R,0.0,R,0.0,R,0.0,A,,R,0.0,R,0.0,R,0.0,R,0.0,A,,R,12
448497,2011,R,30.0,R,49.0,R,61.0,R,0.0,R,0.0,R,0.0,R,0.0,A,,R,0.0,R,0.0,R,0.0,R,0.0,A,,R,18
448503,2011,R,50.0,R,86.0,R,58.0,R,1.0,R,0.0,R,1.0,R,0.0,R,0.0,R,0.0,R,0.0,R,0.0,R,0.0,A,,R,11
448512,2011,R,36.0,R,75.0,R,48.0,R,0.0,R,0.0,R,0.0,R,0.0,A,,R,0.0,R,0.0,R,0.0,R,0.0,A,,R,12
448521,2011,A,,A,,A,,R,11.0,R,0.0,R,11.0,R,4.0,R,36.0,A,,A,,A,,A,,A,,R,23
448530,2011,A,,A,,A,,R,50.0,R,0.0,R,50.0,R,32.0,R,64.0,A,,A,,A,,A,,A,,R,21
448558,2011,A,,A,,A,,R,23.0,R,0.0,R,23.0,R,7.0,R,30.0,A,,A,,A,,A,,A,,R,8
448567,2011,A,,A,,A,,R,59.0,R,0.0,R,59.0,R,34.0,R,58.0,A,,A,,A,,A,,A,,R,22
448576,2011,R,515.0,R,701.0,R,73.0,R,151.0,R,0.0,R,151.0,R,107.0,R,71.0,R,161.0,R,1.0,R,160.0,R,36.0,R,23.0,R,20
448585,2011,R,9.0,R,152.0,R,6.0,R,8.0,R,0.0,R,8.0,R,4.0,R,50.0,R,110.0,R,0.0,R,110.0,R,40.0,R,36.0,R,22
448594,2011,R,371.0,R,1489.0,R,25.0,R,306.0,Z,0.0,R,306.0,R,201.0,R,66.0,R,355.0,Z,0.0,R,355.0,R,144.0,R,41.0,R,29
448600,2011,R,6.0,R,83.0,R,7.0,R,9.0,R,0.0,R,9.0,R,7.0,R,78.0,R,56.0,R,0.0,R,56.0,R,37.0,R,66.0,R,10
448619,2011,A,,A,,A,,R,21.0,Z,0.0,R,21.0,R,18.0,R,86.0,R,38.0,Z,0.0,R,38.0,R,23.0,R,61.0,R,15
448628,2011,R,45.0,R,70.0,R,64.0,R,62.0,R,0.0,R,62.0,R,33.0,R,53.0,R,29.0,R,1.0,R,28.0,R,8.0,R,29.0,R,16
448646,2011,A,,A,,A,,R,55.0,R,0.0,R,55.0,R,40.0,R,73.0,A,,A,,A,,A,,A,,R,14
448655,2011,A,,A,,A,,R,105.0,R,0.0,R,105.0,R,68.0,R,65.0,A,,A,,A,,A,,A,,R,36
448664,2011,R,122.0,R,205.0,R,60.0,R,62.0,Z,0.0,R,62.0,R,28.0,R,45.0,R,0.0,Z,0.0,R,0.0,Z,0.0,A,,R,13
448673,2011,R,56.0,R,441.0,R,13.0,R,7.0,R,0.0,R,7.0,R,2.0,R,29.0,R,27.0,R,0.0,R,27.0,R,8.0,R,30.0,R,21
448707,2011,A,,A,,A,,R,193.0,R,0.0,R,193.0,R,138.0,R,72.0,A,,A,,A,,A,,A,,R,43
448716,2011,A,,A,,A,,R,198.0,R,1.0,R,197.0,R,160.0,R,81.0,A,,A,,A,,A,,A,,R,42
448734,2011,R,1.0,R,89.0,R,1.0,R,9.0,R,0.0,R,9.0,R,3.0,R,33.0,R,4.0,R,0.0,R,4.0,R,2.0,R,50.0,R,12
448752,2011,A,,A,,A,,R,30.0,R,2.0,R,28.0,R,13.0,R,46.0,A,,A,,A,,A,,A,,R,11
448761,2011,A,,A,,A,,R,93.0,R,0.0,R,93.0,R,59.0,R,63.0,A,,A,,A,,A,,A,,R,28
448770,2011,A,,A,,A,,R,89.0,R,0.0,R,89.0,R,89.0,R,100.0,R,4.0,R,0.0,R,4.0,R,4.0,R,100.0,R,20
448789,2011,R,116.0,R,184.0,R,63.0,R,161.0,R,0.0,R,161.0,R,79.0,R,49.0,R,11.0,R,0.0,R,11.0,R,1.0,R,9.0,R,22
448798,2011,A,,A,,A,,R,37.0,R,1.0,R,36.0,R,11.0,R,31.0,R,11.0,Z,0.0,R,11.0,R,4.0,R,36.0,R,22
448804,2011,A,,A,,A,,A,,A,,A,,A,,A,,A,,A,,A,,A,,A,,R,11
448822,2011,A,,A,,A,,R,3.0,R,0.0,R,3.0,R,0.0,R,0.0,A,,A,,A,,A,,A,,R,3
448831,2011,A,,A,,A,,R,11.0,R,0.0,R,11.0,R,5.0,R,45.0,A,,A,,A,,A,,A,,R,9
448840,2011,R,532.0,R,1203.0,R,44.0,R,427.0,R,0.0,R,427.0,R,323.0,R,76.0,R,9.0,R,0.0,R,9.0,R,6.0,R,67.0,R,22
448859,2011,R,63.0,R,72.0,R,88.0,R,68.0,R,2.0,R,66.0,R,50.0,R,76.0,A,,A,,A,,A,,A,,R,11
448877,2011,R,10.0,R,88.0,R,11.0,R,6.0,R,0.0,R,6.0,R,3.0,R,50.0,R,17.0,R,0.0,R,17.0,R,4.0,R,24.0,R,16
448895,2011,A,,A,,A,,R,143.0,Z,0.0,R,143.0,R,96.0,R,67.0,A,,A,,A,,A,,A,,R,21
448965,2011,A,,A,,A,,R,129.0,R,0.0,R,129.0,R,111.0,R,86.0,R,12.0,R,0.0,R,12.0,R,11.0,R,92.0,R,21
448974,2011,A,,A,,A,,R,94.0,R,0.0,R,94.0,R,67.0,R,71.0,R,33.0,R,0.0,R,33.0,R,25.0,R,76.0,R,26
448983,2011,A,,A,,A,,R,73.0,R,0.0,R,73.0,R,53.0,R,73.0,R,13.0,R,0.0,R,13.0,R,6.0,R,46.0,R,30
449010,2011,R,248.0,R,450.0,R,55.0,R,166.0,R,0.0,R,166.0,R,79.0,R,48.0,R,15.0,R,0.0,R,15.0,R,3.0,R,20.0,R,15
449038,2011,R,10.0,R,811.0,R,1.0,R,11.0,R,0.0,R,11.0,R,7.0,R,64.0,R,325.0,R,0.0,R,325.0,R,115.0,R,35.0,R,14
449074,2011,A,,A,,A,,R,298.0,R,0.0,R,298.0,R,234.0,R,79.0,A,,A,,A,,A,,A,,R,25
449083,2011,A,,A,,A,,R,120.0,R,0.0,R,120.0,R,100.0,R,83.0,A,,A,,A,,A,,A,,R,25
449092,2011,A,,A,,A,,R,149.0,R,0.0,R,149.0,R,93.0,R,62.0,A,,A,,A,,A,,A,,R,16
449117,2011,R,56.0,R,222.0,R,25.0,R,29.0,Z,0.0,R,29.0,R,15.0,R,52.0,R,2.0,Z,0.0,R,2.0,R,1.0,R,50.0,R,13
449126,2011,R,39.0,R,67.0,R,58.0,R,24.0,Z,0.0,R,24.0,R,14.0,R,58.0,R,0.0,Z,0.0,R,0.0,Z,0.0,A,,R,11
449135,2011,R,61.0,R,74.0,R,82.0,R,156.0,R,0.0,R,156.0,R,115.0,R,74.0,A,,A,,A,,A,,A,,R,18
449144,2011,A,,A,,A,,R,226.0,R,1.0,R,225.0,R,171.0,R,76.0,A,,A,,A,,A,,A,,R,18
449153,2011,A,,A,,A,,R,185.0,R,2.0,R,183.0,R,143.0,R,78.0,A,,A,,A,,A,,A,,R,19
449162,2011,A,,A,,A,,R,24.0,R,0.0,R,24.0,R,11.0,R,46.0,R,7.0,R,0.0,R,7.0,R,2.0,R,29.0,R,12
449171,2011,A,,A,,A,,R,20.0,R,0.0,R,20.0,R,14.0,R,70.0,R,6.0,R,0.0,R,6.0,R,4.0,R,67.0,R,14
449180,2011,A,,A,,A,,R,33.0,R,0.0,R,33.0,R,11.0,R,33.0,R,7.0,R,0.0,R,7.0,R,5.0,R,71.0,R,12
449199,2011,A,,A,,A,,R,34.0,R,0.0,R,34.0,R,17.0,R,50.0,R,8.0,R,0.0,R,8.0,R,3.0,R,38.0,R,11
449205,2011,A,,A,,A,,R,24.0,R,0.0,R,24.0,R,14.0,R,58.0,R,2.0,R,0.0,R,2.0,R,1.0,R,50.0,R,10
449214,2011,A,,A,,A,,R,32.0,R,0.0,R,32.0,R,20.0,R,63.0,A,,A,,A,,A,,A,,R,7
449223,2011,A,,A,,A,,R,30.0,R,0.0,R,30.0,R,19.0,R,63.0,R,8.0,R,0.0,R,8.0,R,5.0,R,63.0,R,15
449232,2011,A,,A,,A,,R,44.0,R,0.0,R,44.0,R,25.0,R,57.0,R,4.0,R,0.0,R,4.0,R,3.0,R,75.0,R,20
449241,2011,A,,A,,A,,R,21.0,R,0.0,R,21.0,R,13.0,R,62.0,R,2.0,R,0.0,R,2.0,R,2.0,R,100.0,R,9
449250,2011,A,,A,,A,,R,70.0,R,0.0,R,70.0,R,57.0,R,81.0,A,,A,,A,,A,,A,,R,23
449269,2011,A,,A,,A,,R,211.0,R,0.0,R,211.0,R,134.0,R,64.0,A,,A,,A,,A,,A,,R,24
449278,2011,A,,A,,A,,R,129.0,R,0.0,R,129.0,R,86.0,R,67.0,A,,A,,A,,A,,A,,R,43
449302,2011,R,7.0,R,20.0,R,35.0,R,12.0,R,0.0,R,12.0,R,4.0,R,33.0,R,1.0,R,0.0,R,1.0,R,1.0,R,100.0,R,16
449311,2011,A,,A,,A,,R,51.0,R,0.0,R,51.0,R,38.0,R,75.0,R,23.0,R,0.0,R,23.0,R,19.0,R,83.0,R,23
449320,2011,A,,A,,A,,R,281.0,R,0.0,R,281.0,R,207.0,R,74.0,A,,A,,A,,A,,A,,R,27
449339,2011,A,,A,,A,,R,253.0,R,0.0,R,253.0,R,234.0,R,92.0,R,1691.0,R,0.0,R,1691.0,R,1385.0,R,82.0,R,22
449348,2011,R,2.0,R,14.0,R,14.0,R,3.0,R,0.0,R,3.0,R,3.0,R,100.0,R,9.0,R,0.0,R,9.0,R,9.0,R,100.0,R,10
449357,2011,A,,A,,A,,R,25.0,R,0.0,R,25.0,R,6.0,R,24.0,A,,A,,A,,A,,A,,R,15
449366,2011,A,,A,,A,,A,,A,,A,,A,,A,,A,,A,,A,,A,,A,,R,18
449375,2011,A,,A,,A,,R,6.0,R,0.0,R,6.0,R,5.0,R,83.0,R,19.0,R,0.0,R,19.0,R,15.0,R,79.0,R,14
449384,2011,A,,A,,A,,R,0.0,R,0.0,R,0.0,R,0.0,A,,A,,A,,A,,A,,A,,R,5
449393,2011,A,,A,,A,,R,59.0,R,0.0,R,59.0,R,54.0,R,92.0,A,,A,,A,,A,,A,,R,22
449418,2011,A,,A,,A,,R,43.0,R,0.0,R,43.0,R,24.0,R,56.0,R,0.0,R,0.0,R,0.0,R,0.0,A,,R,25
449436,2011,A,,A,,A,,A,,A,,A,,A,,A,,A,,A,,A,,A,,A,,R,19
449445,2011,A,,A,,A,,R,18.0,R,0.0,R,18.0,R,14.0,R,78.0,A,,A,,A,,A,,A,,R,15
449454,2011,A,,A,,A,,R,13.0,Z,0.0,R,13.0,R,10.0,R,77.0,R,0.0,R,0.0,R,0.0,R,0.0,A,,R,10
449463,2011,A,,A,,A,,R,12.0,Z,0.0,R,12.0,R,9.0,R,75.0,R,2.0,Z,0.0,R,2.0,R,1.0,R,50.0,R,8
449472,2011,A,,A,,A,,R,59.0,R,0.0,R,59.0,R,55.0,R,93.0,A,,A,,A,,A,,A,,R,12
449490,2011,A,,A,,A,,R,72.0,R,0.0,R,72.0,R,57.0,R,79.0,A,,A,,A,,A,,A,,R,14
449506,2011,A,,A,,A,,R,141.0,Z,0.0,R,141.0,R,134.0,R,95.0,A,,A,,A,,A,,A,,R,18
449524,2011,R,42.0,R,91.0,R,46.0,R,9.0,R,0.0,R,9.0,R,8.0,R,89.0,A,,A,,A,,A,,A,,R,12
449533,2011,A,,A,,A,,A,,A,,A,,A,,A,,A,,A,,A,,A,,A,,R,15
449551,2011,A,,A,,A,,A,,A,,A,,A,,A,,A,,A,,A,,A,,A,,R,14
449597,2011,A,,A,,A,,R,19.0,R,0.0,R,19.0,R,8.0,R,42.0,R,19.0,R,0.0,R,19.0,R,8.0,R,42.0,R,14
449603,2011,A,,A,,A,,R,77.0,R,0.0,R,77.0,R,71.0,R,92.0,R,5.0,R,0.0,R,5.0,R,5.0,R,100.0,R,15
449612,2011,A,,A,,A,,R,31.0,R,0.0,R,31.0,R,25.0,R,81.0,A,,A,,A,,A,,A,,R,15
449658,2011,R,28.0,R,30.0,R,93.0,R,26.0,Z,0.0,R,26.0,R,21.0,R,81.0,A,,A,,A,,A,,A,,R,13
449667,2011,A,,A,,A,,R,18.0,R,0.0,R,18.0,R,15.0,R,83.0,A,,A,,A,,A,,A,,R,5
449676,2011,A,,A,,A,,A,,A,,A,,A,,A,,R,12.0,R,0.0,R,12.0,R,12.0,R,100.0,R,6
449685,2011,A,,A,,A,,R,32.0,R,0.0,R,32.0,R,29.0,R,91.0,A,,A,,A,,A,,A,,R,11
449700,2011,A,,A,,A,,A,,A,,A,,A,,A,,A,,A,,A,,A,,A,,R,27
449719,2011,A,,A,,A,,R,112.0,R,0.0,R,112.0,R,81.0,R,72.0,A,,A,,A,,A,,A,,R,14
449728,2011,A,,A,,A,,R,13.0,R,0.0,R,13.0,R,11.0,R,85.0,A,,A,,A,,A,,A,,R,14
449746,2011,A,,A,,A,,R,303.0,R,60.0,R,243.0,R,232.0,R,95.0,A,,A,,A,,A,,A,,R,25
449755,2011,A,,A,,A,,A,,A,,A,,A,,A,,A,,A,,A,,A,,A,,R,15
449764,2011,R,33.0,R,49.0,R,67.0,R,37.0,R,0.0,R,37.0,R,36.0,R,97.0,R,2.0,R,0.0,R,2.0,R,0.0,R,0.0,R,10
449773,2011,A,,A,,A,,A,,A,,A,,A,,A,,A,,A,,A,,A,,A,,R,16
449782,2011,A,,A,,A,,R,10.0,R,0.0,R,10.0,R,6.0,R,60.0,R,11.0,Z,0.0,R,11.0,R,5.0,R,45.0,R,18
449791,2011,A,,A,,A,,A,,A,,A,,A,,A,,A,,A,,A,,A,,A,,R,11
449807,2011,A,,A,,A,,R,82.0,R,0.0,R,82.0,R,80.0,R,98.0,A,,A,,A,,A,,A,,R,24
449816,2011,A,,A,,A,,R,44.0,R,2.0,R,42.0,R,26.0,R,62.0,R,43.0,R,0.0,R,43.0,R,19.0,R,44.0,R,11
449825,2011,A,,A,,A,,R,7.0,R,0.0,R,7.0,R,7.0,R,100.0,R,25.0,R,0.0,R,25.0,R,22.0,R,88.0,R,1
449852,2011,A,,A,,A,,R,45.0,Z,0.0,R,45.0,R,41.0,R,91.0,A,,A,,A,,A,,A,,R,17
449861,2011,A,,A,,A,,A,,A,,A,,A,,A,,A,,A,,A,,A,,A,,R,8
449870,2011,R,7.0,R,67.0,R,10.0,R,1.0,R,0.0,R,1.0,R,1.0,R,100.0,R,3.0,R,0.0,R,3.0,R,2.0,R,67.0,R,6
449898,2011,R,52.0,R,279.0,R,19.0,R,18.0,R,0.0,R,18.0,R,8.0,R,44.0,R,2.0,R,0.0,R,2.0,R,1.0,R,50.0,R,13
449904,2011,A,,A,,A,,R,68.0,Z,0.0,R,68.0,R,38.0,R,56.0,A,,A,,A,,A,,A,,R,21
449913,2011,A,,A,,A,,R,30.0,R,0.0,R,30.0,R,23.0,R,77.0,R,26.0,R,0.0,R,26.0,R,19.0,R,73.0,R,18
449931,2011,A,,A,,A,,R,0.0,R,0.0,R,0.0,R,0.0,A,,R,18.0,Z,0.0,R,18.0,R,9.0,R,50.0,R,17
449959,2011,A,,A,,A,,R,91.0,Z,0.0,R,91.0,R,77.0,R,85.0,R,91.0,R,0.0,R,91.0,R,58.0,R,64.0,R,15
449968,2011,A,,A,,A,,R,151.0,Z,0.0,R,151.0,R,135.0,R,89.0,R,32.0,Z,0.0,R,32.0,R,27.0,R,84.0,R,15
449977,2011,A,,A,,A,,R,118.0,R,0.0,R,118.0,R,94.0,R,80.0,R,35.0,R,0.0,R,35.0,R,28.0,R,80.0,R,15
449986,2011,A,,A,,A,,R,131.0,R,0.0,R,131.0,R,114.0,R,87.0,R,29.0,Z,0.0,R,29.0,R,27.0,R,93.0,R,15
449995,2011,A,,A,,A,,R,101.0,R,0.0,R,101.0,R,88.0,R,87.0,R,42.0,R,0.0,R,42.0,R,34.0,R,81.0,R,15
450003,2011,R,72.0,R,96.0,R,75.0,R,30.0,Z,0.0,R,30.0,R,19.0,R,63.0,R,0.0,Z,0.0,R,0.0,Z,0.0,A,,R,18
450012,2011,A,,A,,A,,R,37.0,R,0.0,R,37.0,R,27.0,R,73.0,R,21.0,R,0.0,R,21.0,R,13.0,R,62.0,R,24
450021,2011,R,124.0,R,124.0,R,100.0,R,314.0,Z,0.0,R,314.0,R,63.0,R,20.0,A,,A,,A,,A,,A,,R,14
450049,2011,R,110.0,R,221.0,R,50.0,R,62.0,R,0.0,R,62.0,R,15.0,R,24.0,R,38.0,R,0.0,R,38.0,R,17.0,R,45.0,R,14
450058,2011,A,,A,,A,,R,36.0,Z,0.0,R,36.0,R,25.0,R,69.0,A,,A,,A,,A,,A,,R,17
450067,2011,A,,A,,A,,R,283.0,R,0.0,R,283.0,R,208.0,R,73.0,A,,A,,A,,A,,A,,R,10
450076,2011,A,,A,,A,,R,199.0,R,0.0,R,199.0,R,104.0,R,52.0,A,,A,,A,,A,,A,,R,32
450085,2011,R,177.0,R,285.0,R,62.0,R,154.0,R,0.0,R,154.0,R,65.0,R,42.0,R,4.0,R,0.0,R,4.0,R,1.0,R,25.0,R,16
450094,2011,R,199.0,R,554.0,R,36.0,R,107.0,R,0.0,R,107.0,R,64.0,R,60.0,R,76.0,R,1.0,R,75.0,R,28.0,R,37.0,R,20
450119,2011,A,,A,,A,,A,,A,,A,,A,,A,,A,,A,,A,,A,,A,,R,14
450128,2011,R,260.0,R,260.0,R,100.0,R,255.0,R,0.0,R,255.0,R,192.0,R,75.0,A,,A,,A,,A,,A,,R,16
450146,2011,A,,A,,A,,R,17.0,R,0.0,R,17.0,R,13.0,R,76.0,A,,A,,A,,A,,A,,R,19
450155,2011,A,,A,,A,,R,59.0,R,0.0,R,59.0,R,29.0,R,49.0,A,,A,,A,,A,,A,,R,17
450173,2011,A,,A,,A,,R,1862.0,R,0.0,R,1862.0,R,1106.0,R,59.0,A,,A,,A,,A,,A,,R,44
450182,2011,A,,A,,A,,R,101.0,R,0.0,R,101.0,R,72.0,R,71.0,A,,A,,A,,A,,A,,R,25
450191,2011,R,67.0,R,105.0,R,64.0,R,17.0,R,0.0,R,17.0,R,12.0,R,71.0,R,5.0,R,0.0,R,5.0,R,5.0,R,100.0,R,19
450207,2011,R,20.0,R,35.0,R,57.0,R,0.0,R,0.0,R,0.0,R,0.0,A,,R,0.0,R,0.0,R,0.0,R,0.0,A,,R,15
450216,2011,R,75.0,R,103.0,R,73.0,R,0.0,R,0.0,R,0.0,R,0.0,A,,R,0.0,R,0.0,R,0.0,R,0.0,A,,R,21
450225,2011,R,22.0,R,41.0,R,54.0,R,0.0,R,0.0,R,0.0,R,0.0,A,,R,0.0,R,0.0,R,0.0,R,0.0,A,,R,21
450234,2011,R,11.0,R,41.0,R,27.0,R,0.0,R,0.0,R,0.0,R,0.0,A,,R,0.0,R,0.0,R,0.0,R,0.0,A,,R,15
450243,2011,R,61.0,R,124.0,R,49.0,R,9.0,R,1.0,R,8.0,R,3.0,R,38.0,R,1.0,R,1.0,R,0.0,R,0.0,A,,R,25
450252,2011,R,54.0,R,91.0,R,59.0,R,0.0,R,0.0,R,0.0,R,0.0,A,,R,0.0,R,0.0,R,0.0,R,0.0,A,,R,16
450261,2011,R,11.0,R,17.0,R,65.0,R,0.0,R,0.0,R,0.0,R,0.0,A,,R,0.0,R,0.0,R,0.0,R,0.0,A,,R,14
450270,2011,R,36.0,R,60.0,R,60.0,R,0.0,R,0.0,R,0.0,R,0.0,A,,R,0.0,R,0.0,R,0.0,R,0.0,A,,R,12
450289,2011,R,65.0,R,114.0,R,57.0,R,3.0,R,0.0,R,3.0,R,0.0,R,0.0,R,0.0,R,0.0,R,0.0,R,0.0,A,,R,8
450298,2011,R,1.0,R,101.0,R,1.0,R,0.0,R,0.0,R,0.0,R,0.0,A,,R,32.0,R,0.0,R,32.0,R,15.0,R,47.0,R,16
450377,2011,R,3.0,R,185.0,R,2.0,R,2.0,R,0.0,R,2.0,R,0.0,R,0.0,R,81.0,R,0.0,R,81.0,R,20.0,R,25.0,R,20
450386,2011,R,70.0,R,82.0,R,85.0,R,94.0,R,0.0,R,94.0,R,40.0,R,43.0,A,,A,,A,,A,,A,,R,15
450395,2011,A,,A,,A,,R,19.0,R,0.0,R,19.0,R,13.0,R,68.0,R,0.0,R,0.0,R,0.0,R,0.0,A,,R,15
450401,2011,A,,A,,A,,R,95.0,R,0.0,R,95.0,R,72.0,R,76.0,A,,A,,A,,A,,A,,R,15
450429,2011,R,8.0,R,81.0,R,10.0,R,1.0,R,0.0,R,1.0,R,1.0,R,100.0,R,1.0,R,0.0,R,1.0,R,0.0,R,0.0,R,10
450438,2011,A,,A,,A,,R,0.0,R,0.0,R,0.0,R,0.0,A,,R,0.0,R,0.0,R,0.0,R,0.0,A,,R,4
450447,2011,R,22.0,R,54.0,R,41.0,R,30.0,R,0.0,R,30.0,R,15.0,R,50.0,R,3.0,R,0.0,R,3.0,R,1.0,R,33.0,R,15
450456,2011,A,,A,,A,,R,28.0,R,0.0,R,28.0,R,14.0,R,50.0,A,,A,,A,,A,,A,,R,24
450465,2011,R,38.0,R,81.0,R,47.0,R,42.0,R,0.0,R,42.0,R,16.0,R,38.0,R,24.0,R,0.0,R,24.0,R,12.0,R,50.0,R,20
450474,2011,A,,A,,A,,R,74.0,R,0.0,R,74.0,R,36.0,R,49.0,A,,A,,A,,A,,A,,R,22
450483,2011,A,,A,,A,,R,1.0,R,0.0,R,1.0,R,1.0,R,100.0,A,,A,,A,,A,,A,,R,13
450492,2011,A,,A,,A,,R,52.0,R,0.0,R,52.0,R,17.0,R,33.0,A,,A,,A,,A,,A,,R,20
450508,2011,R,12.0,R,108.0,R,11.0,R,4.0,R,0.0,R,4.0,R,3.0,R,75.0,R,11.0,R,0.0,R,11.0,R,2.0,R,18.0,R,18
450517,2011,R,21.0,R,152.0,R,14.0,R,33.0,R,0.0,R,33.0,R,19.0,R,58.0,R,34.0,R,0.0,R,34.0,R,11.0,R,32.0,R,14
450526,2011,R,14.0,R,241.0,R,6.0,R,5.0,R,0.0,R,5.0,R,3.0,R,60.0,R,26.0,R,0.0,R,26.0,R,7.0,R,27.0,R,22
450535,2011,R,17.0,R,112.0,R,15.0,R,10.0,R,0.0,R,10.0,R,3.0,R,30.0,R,8.0,R,0.0,R,8.0,R,1.0,R,13.0,R,18
450544,2011,R,14.0,R,88.0,R,16.0,R,1.0,R,0.0,R,1.0,R,1.0,R,100.0,R,8.0,R,0.0,R,8.0,R,2.0,R,25.0,R,15
450553,2011,A,,A,,A,,R,8.0,R,0.0,R,8.0,R,1.0,R,13.0,R,0.0,R,0.0,R,0.0,R,0.0,A,,R,22
450562,2011,A,,A,,A,,R,45.0,R,0.0,R,45.0,R,7.0,R,16.0,A,,A,,A,,A,,A,,R,14
450571,2011,R,41.0,R,347.0,R,12.0,R,28.0,R,0.0,R,28.0,R,10.0,R,36.0,R,36.0,R,0.0,R,36.0,R,14.0,R,39.0,R,21
450580,2011,A,,A,,A,,R,15.0,Z,0.0,R,15.0,R,11.0,R,73.0,R,2.0,Z,0.0,R,2.0,R,2.0,R,100.0,R,22
450599,2011,A,,A,,A,,R,40.0,R,1.0,R,39.0,R,21.0,R,54.0,R,5.0,Z,0.0,R,5.0,R,4.0,R,80.0,R,22
450605,2011,A,,A,,A,,R,20.0,Z,0.0,R,20.0,R,13.0,R,65.0,R,2.0,R,1.0,R,1.0,R,1.0,R,100.0,R,22
450614,2011,A,,A,,A,,R,19.0,Z,0.0,R,19.0,R,16.0,R,84.0,R,5.0,Z,0.0,R,5.0,R,4.0,R,80.0,R,22
450623,2011,A,,A,,A,,R,18.0,Z,0.0,R,18.0,R,13.0,R,72.0,R,3.0,Z,0.0,R,3.0,R,2.0,R,67.0,R,22
450632,2011,A,,A,,A,,A,,A,,A,,A,,A,,A,,A,,A,,A,,A,,R,6
450641,2011,A,,A,,A,,R,8.0,Z,0.0,R,8.0,R,6.0,R,75.0,R,3.0,Z,0.0,R,3.0,R,2.0,R,67.0,R,10
450650,2011,A,,A,,A,,R,24.0,R,0.0,R,24.0,R,19.0,R,79.0,R,22.0,R,0.0,R,22.0,R,20.0,R,91.0,R,8
450669,2011,A,,A,,A,,R,69.0,R,0.0,R,69.0,R,49.0,R,71.0,A,,A,,A,,A,,A,,R,16
450678,2011,A,,A,,A,,R,43.0,R,0.0,R,43.0,R,36.0,R,84.0,A,,A,,A,,A,,A,,R,20
450696,2011,A,,A,,A,,R,170.0,R,0.0,R,170.0,R,120.0,R,71.0,A,,A,,A,,A,,A,,R,39
450702,2011,A,,A,,A,,R,185.0,R,0.0,R,185.0,R,143.0,R,77.0,A,,A,,A,,A,,A,,R,31
450720,2011,A,,A,,A,,R,54.0,R,0.0,R,54.0,R,34.0,R,63.0,R,0.0,R,0.0,R,0.0,R,0.0,A,,R,19
450739,2011,A,,A,,A,,R,28.0,R,0.0,R,28.0,R,23.0,R,82.0,R,12.0,R,0.0,R,12.0,R,8.0,R,67.0,R,22
450757,2011,A,,A,,A,,R,58.0,R,0.0,R,58.0,R,44.0,R,76.0,R,6.0,R,0.0,R,6.0,R,6.0,R,100.0,R,12
450766,2011,A,,A,,A,,A,,A,,A,,A,,A,,A,,A,,A,,A,,A,,R,8
450775,2011,A,,A,,A,,R,103.0,R,0.0,R,103.0,R,74.0,R,72.0,A,,A,,A,,A,,A,,R,8
450784,2011,A,,A,,A,,R,18.0,R,0.0,R,18.0,R,10.0,R,56.0,R,11.0,R,0.0,R,11.0,R,8.0,R,73.0,R,12
450793,2011,A,,A,,A,,R,33.0,R,0.0,R,33.0,R,23.0,R,70.0,R,6.0,R,0.0,R,6.0,R,6.0,R,100.0,R,19
450809,2011,A,,A,,A,,R,17.0,R,0.0,R,17.0,R,7.0,R,41.0,R,3.0,R,0.0,R,3.0,R,2.0,R,67.0,R,10
450818,2011,A,,A,,A,,R,36.0,R,0.0,R,36.0,R,18.0,R,50.0,R,8.0,R,0.0,R,8.0,R,5.0,R,63.0,R,18
450827,2011,A,,A,,A,,R,32.0,R,0.0,R,32.0,R,21.0,R,66.0,R,9.0,R,0.0,R,9.0,R,3.0,R,33.0,R,17
450836,2011,A,,A,,A,,R,30.0,R,0.0,R,30.0,R,10.0,R,33.0,R,9.0,R,0.0,R,9.0,R,5.0,R,56.0,R,15
450845,2011,A,,A,,A,,R,12.0,R,0.0,R,12.0,R,8.0,R,67.0,R,4.0,R,0.0,R,4.0,R,4.0,R,100.0,R,8
450854,2011,A,,A,,A,,R,26.0,R,0.0,R,26.0,R,12.0,R,46.0,R,5.0,R,0.0,R,5.0,R,5.0,R,100.0,R,16
450863,2011,A,,A,,A,,R,26.0,R,0.0,R,26.0,R,15.0,R,58.0,R,4.0,R,0.0,R,4.0,R,1.0,R,25.0,R,8
450872,2011,A,,A,,A,,R,22.0,R,0.0,R,22.0,R,16.0,R,73.0,R,5.0,R,0.0,R,5.0,R,2.0,R,40.0,R,11
450881,2011,A,,A,,A,,R,15.0,R,0.0,R,15.0,R,4.0,R,27.0,R,6.0,R,0.0,R,6.0,R,2.0,R,33.0,R,8
450933,2011,A,,A,,A,,R,137.0,R,0.0,R,137.0,R,89.0,R,65.0,R,153.0,R,0.0,R,153.0,R,60.0,R,39.0,R,67
450951,2011,A,,A,,A,,R,69.0,R,1.0,R,68.0,R,54.0,R,79.0,A,,A,,A,,A,,A,,R,19
450960,2011,A,,A,,A,,R,215.0,R,0.0,R,215.0,R,169.0,R,79.0,A,,A,,A,,A,,A,,R,10
450979,2011,A,,A,,A,,R,52.0,R,0.0,R,52.0,R,10.0,R,19.0,R,14.0,R,0.0,R,14.0,R,10.0,R,71.0,R,45
450988,2011,A,,A,,A,,R,50.0,R,0.0,R,50.0,R,46.0,R,92.0,R,49.0,R,0.0,R,49.0,R,33.0,R,67.0,R,28
450997,2011,A,,A,,A,,R,10.0,R,0.0,R,10.0,R,2.0,R,20.0,A,,A,,A,,A,,A,,R,23
451006,2011,A,,A,,A,,A,,A,,A,,A,,A,,A,,A,,A,,A,,A,,R,10
451015,2011,A,,A,,A,,R,102.0,R,0.0,R,102.0,R,78.0,R,76.0,A,,A,,A,,A,,A,,R,12
451024,2011,A,,A,,A,,A,,A,,A,,A,,A,,A,,A,,A,,A,,A,,R,13
451033,2011,A,,A,,A,,A,,A,,A,,A,,A,,R,0.0,R,0.0,R,0.0,R,0.0,A,,R,12
451042,2011,A,,A,,A,,R,9.0,Z,0.0,R,9.0,R,8.0,R,89.0,R,8.0,Z,0.0,R,8.0,R,7.0,R,88.0,R,4
451051,2011,A,,A,,A,,R,3.0,R,0.0,R,3.0,R,2.0,R,67.0,R,26.0,R,0.0,R,26.0,R,23.0,R,88.0,R,8
451060,2011,R,24.0,R,72.0,R,33.0,R,22.0,R,0.0,R,22.0,R,19.0,R,86.0,R,14.0,R,0.0,R,14.0,R,9.0,R,64.0,R,10
451088,2011,A,,A,,A,,R,49.0,R,0.0,R,49.0,R,40.0,R,82.0,R,12.0,R,0.0,R,12.0,R,8.0,R,67.0,R,14
451097,2011,A,,A,,A,,R,39.0,R,0.0,R,39.0,R,34.0,R,87.0,R,29.0,R,0.0,R,29.0,R,26.0,R,90.0,R,17
451103,2011,A,,A,,A,,R,221.0,R,0.0,R,221.0,R,153.0,R,69.0,A,,A,,A,,A,,A,,R,14
451112,2011,A,,A,,A,,R,27.0,R,0.0,R,27.0,R,20.0,R,74.0,R,2.0,R,0.0,R,2.0,R,1.0,R,50.0,R,18
451121,2011,A,,A,,A,,R,73.0,R,0.0,R,73.0,R,56.0,R,77.0,R,30.0,R,0.0,R,30.0,R,22.0,R,73.0,R,15
451149,2011,A,,A,,A,,R,451.0,R,0.0,R,451.0,R,319.0,R,71.0,A,,A,,A,,A,,A,,R,20
451158,2011,A,,A,,A,,R,42.0,R,0.0,R,42.0,R,37.0,R,88.0,A,,A,,A,,A,,A,,R,20
451167,2011,A,,A,,A,,R,66.0,R,0.0,R,66.0,R,45.0,R,68.0,R,1.0,R,0.0,R,1.0,R,1.0,R,100.0,R,15
451194,2011,A,,A,,A,,A,,A,,A,,A,,A,,A,,A,,A,,A,,A,,R,5
451200,2011,A,,A,,A,,R,4.0,R,0.0,R,4.0,R,4.0,R,100.0,A,,A,,A,,A,,A,,R,3
451219,2011,A,,A,,A,,A,,A,,A,,A,,A,,A,,A,,A,,A,,A,,R,9
451228,2011,A,,A,,A,,A,,A,,A,,A,,A,,A,,A,,A,,A,,A,,R,20
451237,2011,A,,A,,A,,R,15.0,R,0.0,R,15.0,R,13.0,R,87.0,A,,A,,A,,A,,A,,R,9
451246,2011,A,,A,,A,,R,11.0,R,1.0,R,10.0,R,10.0,R,100.0,R,9.0,R,0.0,R,9.0,R,8.0,R,89.0,R,8
451255,2011,A,,A,,A,,R,20.0,R,0.0,R,20.0,R,17.0,R,85.0,R,3.0,R,0.0,R,3.0,R,1.0,R,33.0,R,8
451264,2011,A,,A,,A,,A,,A,,A,,A,,A,,A,,A,,A,,A,,A,,R,18
451282,2011,A,,A,,A,,R,84.0,R,0.0,R,84.0,R,66.0,R,79.0,R,46.0,R,0.0,R,46.0,R,36.0,R,78.0,R,19
451291,2011,A,,A,,A,,A,,A,,A,,A,,A,,A,,A,,A,,A,,A,,R,12
451307,2011,A,,A,,A,,R,18.0,R,0.0,R,18.0,R,18.0,R,100.0,R,13.0,R,0.0,R,13.0,R,13.0,R,100.0,R,15
451316,2011,A,,A,,A,,R,27.0,R,0.0,R,27.0,R,14.0,R,52.0,A,,A,,A,,A,,A,,R,18
451325,2011,A,,A,,A,,R,7.0,Z,0.0,R,7.0,R,7.0,R,100.0,A,,A,,A,,A,,A,,R,13
451334,2011,A,,A,,A,,R,30.0,R,0.0,R,30.0,R,19.0,R,63.0,R,10.0,R,0.0,R,10.0,R,8.0,R,80.0,R,14
451343,2011,A,,A,,A,,R,29.0,R,0.0,R,29.0,R,23.0,R,79.0,R,10.0,R,0.0,R,10.0,R,3.0,R,30.0,R,20
451352,2011,A,,A,,A,,R,130.0,Z,0.0,R,130.0,R,120.0,R,92.0,R,24.0,Z,0.0,R,24.0,R,8.0,R,33.0,R,15
451361,2011,A,,A,,A,,A,,A,,A,,A,,A,,A,,A,,A,,A,,A,,R,4
451370,2011,A,,A,,A,,R,0.0,R,0.0,R,0.0,R,0.0,A,,A,,A,,A,,A,,A,,R,17
451398,2011,R,39.0,R,85.0,R,46.0,R,39.0,R,0.0,R,39.0,R,33.0,R,85.0,A,,A,,A,,A,,A,,R,22
451404,2011,R,42.0,R,89.0,R,47.0,R,23.0,R,0.0,R,23.0,R,17.0,R,74.0,A,,A,,A,,A,,A,,R,9
451413,2011,A,,A,,A,,R,8.0,R,0.0,R,8.0,R,7.0,R,88.0,A,,A,,A,,A,,A,,R,5
451422,2011,A,,A,,A,,A,,A,,A,,A,,A,,A,,A,,A,,A,,A,,R,15
451431,2011,A,,A,,A,,A,,A,,A,,A,,A,,R,47.0,Z,0.0,R,47.0,R,47.0,R,100.0,R,4
451440,2011,A,,A,,A,,R,166.0,R,0.0,R,166.0,R,130.0,R,78.0,A,,A,,A,,A,,A,,R,15
451459,2011,A,,A,,A,,A,,A,,A,,A,,A,,A,,A,,A,,A,,A,,R,10
451468,2011,A,,A,,A,,R,70.0,R,0.0,R,70.0,R,69.0,R,99.0,A,,A,,A,,A,,A,,R,16
451477,2011,A,,A,,A,,A,,A,,A,,A,,A,,A,,A,,A,,A,,A,,R,20
451486,2011,A,,A,,A,,R,17.0,R,0.0,R,17.0,R,12.0,R,71.0,A,,A,,A,,A,,A,,R,8
451495,2011,A,,A,,A,,R,11.0,R,0.0,R,11.0,R,8.0,R,73.0,R,0.0,R,0.0,R,0.0,R,0.0,A,,R,10
451501,2011,A,,A,,A,,R,48.0,R,0.0,R,48.0,R,26.0,R,54.0,A,,A,,A,,A,,A,,R,8
451529,2011,A,,A,,A,,R,46.0,R,0.0,R,46.0,R,35.0,R,76.0,R,38.0,R,0.0,R,38.0,R,38.0,R,100.0,R,21
451538,2011,A,,A,,A,,R,118.0,R,1.0,R,117.0,R,59.0,R,50.0,R,15.0,R,0.0,R,15.0,R,5.0,R,33.0,R,11
451547,2011,A,,A,,A,,R,3.0,R,0.0,R,3.0,R,3.0,R,100.0,A,,A,,A,,A,,A,,R,25
451556,2011,R,320.0,R,586.0,R,55.0,R,272.0,R,0.0,R,272.0,R,206.0,R,76.0,A,,A,,A,,A,,A,,R,20
451565,2011,A,,A,,A,,R,32.0,R,0.0,R,32.0,R,22.0,R,69.0,R,6.0,R,0.0,R,6.0,R,3.0,R,50.0,R,11
451574,2011,A,,A,,A,,R,6.0,R,0.0,R,6.0,R,5.0,R,83.0,A,,A,,A,,A,,A,,R,14
451583,2011,A,,A,,A,,R,21.0,R,0.0,R,21.0,R,10.0,R,48.0,R,63.0,R,0.0,R,63.0,R,38.0,R,60.0,R,23
451592,2011,A,,A,,A,,A,,A,,A,,A,,A,,A,,A,,A,,A,,A,,R,4
451608,2011,R,24.0,R,25.0,R,96.0,R,35.0,R,0.0,R,35.0,R,14.0,R,40.0,R,0.0,R,0.0,R,0.0,R,0.0,A,,R,11
451617,2011,A,,A,,A,,R,4.0,R,0.0,R,4.0,R,3.0,R,75.0,R,6.0,R,0.0,R,6.0,R,3.0,R,50.0,R,8
451626,2011,A,,A,,A,,R,19.0,R,0.0,R,19.0,R,12.0,R,63.0,R,4.0,R,0.0,R,4.0,R,3.0,R,75.0,R,14
451635,2011,A,,A,,A,,A,,A,,A,,A,,A,,A,,A,,A,,A,,A,,R,10
451644,2011,A,,A,,A,,R,7.0,R,0.0,R,7.0,R,7.0,R,100.0,A,,A,,A,,A,,A,,R,20
451653,2011,A,,A,,A,,R,22.0,Z,0.0,R,22.0,R,18.0,R,82.0,A,,A,,A,,A,,A,,R,15
451662,2011,R,104.0,R,3183.0,R,3.0,R,27.0,R,0.0,R,27.0,R,17.0,R,63.0,R,1538.0,R,4.0,R,1534.0,R,269.0,R,18.0,R,8
451671,2011,A,,A,,A,,A,,A,,A,,A,,A,,A,,A,,A,,A,,A,,R,15
451680,2011,A,,A,,A,,A,,A,,A,,A,,A,,A,,A,,A,,A,,A,,R,12
451699,2011,R,215.0,R,402.0,R,53.0,R,12.0,R,0.0,R,12.0,R,4.0,R,33.0,A,,A,,A,,A,,A,,R,12
451705,2011,A,,A,,A,,R,4.0,R,0.0,R,4.0,R,2.0,R,50.0,A,,A,,A,,A,,A,,R,10
451714,2011,A,,A,,A,,R,175.0,R,0.0,R,175.0,R,143.0,R,82.0,A,,A,,A,,A,,A,,R,24
451741,2011,R,187.0,R,374.0,R,50.0,R,0.0,R,0.0,R,0.0,R,0.0,A,,A,,A,,A,,A,,A,,R,31
451750,2011,R,27.0,R,239.0,R,11.0,R,1.0,R,0.0,R,1.0,R,0.0,R,0.0,R,0.0,R,0.0,R,0.0,R,0.0,A,,R,10
451769,2011,R,23.0,R,147.0,R,16.0,R,4.0,R,0.0,R,4.0,R,2.0,R,50.0,R,6.0,R,0.0,R,6.0,R,2.0,R,33.0,R,15
451778,2011,A,,A,,A,,R,20.0,R,0.0,R,20.0,R,18.0,R,90.0,R,27.0,R,0.0,R,27.0,R,19.0,R,70.0,R,15
451796,2011,R,180.0,R,428.0,R,42.0,R,64.0,R,0.0,R,64.0,R,30.0,R,47.0,R,9.0,R,0.0,R,9.0,R,3.0,R,33.0,R,23
451802,2011,A,,A,,A,,R,14.0,R,1.0,R,13.0,R,12.0,R,92.0,R,2.0,R,0.0,R,2.0,R,2.0,R,100.0,R,10
451811,2011,A,,A,,A,,R,8.0,Z,0.0,R,8.0,R,7.0,R,88.0,R,2.0,R,0.0,R,2.0,R,1.0,R,50.0,R,10
451820,2011,R,262.0,R,676.0,R,39.0,R,226.0,R,1.0,R,225.0,R,121.0,R,54.0,R,96.0,R,0.0,R,96.0,R,28.0,R,29.0,R,27
451848,2011,R,73.0,R,221.0,R,33.0,R,60.0,R,0.0,R,60.0,R,41.0,R,68.0,R,29.0,R,0.0,R,29.0,R,11.0,R,38.0,R,12
451857,2011,A,,A,,A,,R,134.0,Z,0.0,R,134.0,R,101.0,R,75.0,A,,A,,A,,A,,A,,R,14
451866,2011,A,,A,,A,,R,125.0,R,1.0,R,124.0,R,91.0,R,73.0,A,,A,,A,,A,,A,,R,15
451875,2011,R,8.0,R,138.0,R,6.0,R,8.0,R,0.0,R,8.0,R,6.0,R,75.0,R,71.0,R,0.0,R,71.0,R,25.0,R,35.0,R,34
451884,2011,R,8.0,R,264.0,R,3.0,R,14.0,R,0.0,R,14.0,R,6.0,R,43.0,R,127.0,R,0.0,R,127.0,R,57.0,R,45.0,R,18
451893,2011,A,,A,,A,,R,27.0,Z,0.0,R,27.0,R,7.0,R,26.0,A,,A,,A,,A,,A,,R,25
451909,2011,A,,A,,A,,R,113.0,R,0.0,R,113.0,R,93.0,R,82.0,A,,A,,A,,A,,A,,R,16
451918,2011,A,,A,,A,,R,36.0,R,0.0,R,36.0,R,29.0,R,81.0,R,11.0,R,0.0,R,11.0,R,8.0,R,73.0,R,12
451936,2011,R,52.0,R,64.0,R,81.0,R,20.0,R,1.0,R,19.0,R,7.0,R,37.0,R,2.0,R,0.0,R,2.0,R,1.0,R,50.0,R,15
451945,2011,R,28.0,R,60.0,R,47.0,R,0.0,R,0.0,R,0.0,R,0.0,A,,R,0.0,R,0.0,R,0.0,R,0.0,A,,R,19
451954,2011,R,32.0,R,39.0,R,82.0,R,9.0,R,0.0,R,9.0,R,1.0,R,11.0,R,1.0,R,0.0,R,1.0,R,0.0,R,0.0,R,15
451963,2011,R,36.0,R,50.0,R,72.0,R,0.0,R,0.0,R,0.0,R,0.0,A,,R,0.0,R,0.0,R,0.0,R,0.0,A,,R,18
451972,2011,R,23.0,R,44.0,R,52.0,R,0.0,R,0.0,R,0.0,R,0.0,A,,R,0.0,R,0.0,R,0.0,R,0.0,A,,R,15
451981,2011,R,36.0,R,52.0,R,69.0,R,0.0,R,0.0,R,0.0,R,0.0,A,,R,0.0,R,0.0,R,0.0,R,0.0,A,,R,17
451990,2011,R,72.0,R,99.0,R,73.0,R,15.0,R,0.0,R,15.0,R,10.0,R,67.0,R,9.0,R,0.0,R,9.0,R,3.0,R,33.0,R,17
452009,2011,A,,A,,A,,R,33.0,R,0.0,R,33.0,R,28.0,R,85.0,A,,A,,A,,A,,A,,R,12
452018,2011,R,72.0,R,221.0,R,33.0,R,77.0,R,0.0,R,77.0,R,28.0,R,36.0,R,1.0,R,0.0,R,1.0,R,1.0,R,100.0,R,15
452027,2011,R,231.0,R,419.0,R,55.0,R,86.0,R,0.0,R,86.0,R,47.0,R,55.0,R,17.0,R,0.0,R,17.0,R,5.0,R,29.0,R,21
452036,2011,A,,A,,A,,R,167.0,R,0.0,R,167.0,R,119.0,R,71.0,A,,A,,A,,A,,A,,R,34
452045,2011,A,,A,,A,,A,,A,,A,,A,,A,,A,,A,,A,,A,,A,,R,38
452054,2011,A,,A,,A,,R,157.0,Z,0.0,R,157.0,R,94.0,R,60.0,A,,A,,A,,A,,A,,R,33
452063,2011,A,,A,,A,,R,156.0,R,0.0,R,156.0,R,98.0,R,63.0,A,,A,,A,,A,,A,,R,27
452072,2011,A,,A,,A,,A,,A,,A,,A,,A,,A,,A,,A,,A,,A,,R,14
452081,2011,A,,A,,A,,A,,A,,A,,A,,A,,A,,A,,A,,A,,A,,R,20
452090,2011,R,9.0,R,109.0,R,8.0,R,12.0,R,0.0,R,12.0,R,5.0,R,42.0,R,3.0,R,0.0,R,3.0,R,0.0,R,0.0,R,12
452106,2011,A,,A,,A,,R,24.0,R,0.0,R,24.0,R,24.0,R,100.0,A,,A,,A,,A,,A,,R,13
452115,2011,R,49.0,R,59.0,R,83.0,R,46.0,R,0.0,R,46.0,R,30.0,R,65.0,R,7.0,R,0.0,R,7.0,R,2.0,R,29.0,R,20
452124,2011,A,,A,,A,,R,184.0,R,0.0,R,184.0,R,100.0,R,54.0,A,,A,,A,,A,,A,,R,21
452373,2011,R,53.0,R,161.0,R,33.0,R,54.0,R,0.0,R,54.0,R,17.0,R,31.0,R,37.0,R,0.0,R,37.0,R,12.0,R,32.0,R,15
452540,2011,A,,A,,A,,A,,A,,A,,A,,A,,A,,A,,A,,A,,A,,R,10
452692,2011,A,,A,,A,,A,,A,,A,,A,,A,,A,,A,,A,,A,,A,,R,1
452771,2011,A,,A,,A,,A,,A,,A,,A,,A,,A,,A,,A,,A,,A,,R,7
452780,2011,A,,A,,A,,A,,A,,A,,A,,A,,A,,A,,A,,A,,A,,R,5
452841,2011,A,,A,,A,,R,35.0,R,0.0,R,35.0,R,35.0,R,100.0,A,,A,,A,,A,,A,,R,12
452948,2011,A,,A,,A,,R,22.0,R,0.0,R,22.0,R,18.0,R,82.0,R,5.0,R,0.0,R,5.0,R,5.0,R,100.0,R,11
452984,2011,A,,A,,A,,A,,A,,A,,A,,A,,A,,A,,A,,A,,A,,R,10
453075,2011,A,,A,,A,,R,23.0,R,0.0,R,23.0,R,13.0,R,57.0,R,27.0,R,0.0,R,27.0,R,24.0,R,89.0,R,24
453109,2011,R,96.0,R,96.0,R,100.0,R,181.0,R,0.0,R,181.0,R,115.0,R,64.0,A,,A,,A,,A,,A,,R,10
453127,2011,R,1.0,R,237.0,R,0.0,R,3.0,R,0.0,R,3.0,R,0.0,R,0.0,R,104.0,R,0.0,R,104.0,R,32.0,R,31.0,R,18
453163,2011,R,12.0,R,895.0,R,1.0,R,8.0,R,0.0,R,8.0,R,5.0,R,63.0,R,305.0,R,0.0,R,305.0,R,84.0,R,28.0,R,26
453215,2011,R,2.0,R,196.0,R,1.0,R,2.0,R,0.0,R,2.0,R,0.0,R,0.0,R,84.0,R,0.0,R,84.0,R,38.0,R,45.0,R,19
453297,2011,A,,A,,A,,R,10.0,R,0.0,R,10.0,R,9.0,R,90.0,A,,A,,A,,A,,A,,R,7
453349,2011,A,,A,,A,,R,70.0,R,0.0,R,70.0,R,38.0,R,54.0,A,,A,,A,,A,,A,,R,23
453455,2011,R,4.0,R,46.0,R,9.0,R,3.0,R,0.0,R,3.0,R,2.0,R,67.0,R,0.0,R,0.0,R,0.0,R,0.0,A,,R,7
453464,2011,R,21.0,R,58.0,R,36.0,R,13.0,R,0.0,R,13.0,R,8.0,R,62.0,R,3.0,R,0.0,R,3.0,R,0.0,R,0.0,R,11
453473,2011,R,8.0,R,43.0,R,19.0,R,4.0,R,0.0,R,4.0,R,1.0,R,25.0,R,1.0,R,0.0,R,1.0,R,0.0,R,0.0,R,7
453482,2011,R,11.0,R,43.0,R,26.0,R,9.0,R,0.0,R,9.0,R,6.0,R,67.0,R,0.0,R,0.0,R,0.0,R,0.0,A,,R,6
453552,2011,A,,A,,A,,R,106.0,R,0.0,R,106.0,R,70.0,R,66.0,R,55.0,R,0.0,R,55.0,R,37.0,R,67.0,R,29
453570,2011,A,,A,,A,,R,9.0,Z,0.0,R,9.0,R,8.0,R,89.0,A,,A,,A,,A,,A,,R,18
453747,2011,R,45.0,R,114.0,R,39.0,R,41.0,R,0.0,R,41.0,R,24.0,R,59.0,R,3.0,R,0.0,R,3.0,R,3.0,R,100.0,R,8
453756,2011,A,,A,,A,,A,,A,,A,,A,,A,,A,,A,,A,,A,,A,,R,7
453792,2011,A,,A,,A,,R,12.0,R,0.0,R,12.0,R,12.0,R,100.0,A,,A,,A,,A,,A,,R,3
453817,2011,A,,A,,A,,R,106.0,R,1.0,R,105.0,R,79.0,R,75.0,A,,A,,A,,A,,A,,R,17
453923,2011,A,,A,,A,,A,,A,,A,,A,,A,,A,,A,,A,,A,,A,,R,1
454032,2011,A,,A,,A,,A,,A,,A,,A,,A,,A,,A,,A,,A,,A,,R,20
454078,2011,A,,A,,A,,R,12.0,Z,0.0,R,12.0,R,8.0,R,67.0,A,,A,,A,,A,,A,,R,10
454175,2011,A,,A,,A,,R,115.0,R,0.0,R,115.0,R,97.0,R,84.0,A,,A,,A,,A,,A,,R,20
454184,2011,R,162.0,R,214.0,R,76.0,R,155.0,R,0.0,R,155.0,R,106.0,R,68.0,R,0.0,R,0.0,R,0.0,R,0.0,A,,R,15
454209,2011,R,4.0,R,36.0,R,11.0,R,9.0,R,0.0,R,9.0,R,6.0,R,67.0,R,18.0,R,0.0,R,18.0,R,6.0,R,33.0,R,15
454227,2011,R,20.0,R,674.0,R,3.0,R,22.0,R,0.0,R,22.0,R,17.0,R,77.0,R,1.0,R,0.0,R,1.0,R,0.0,R,0.0,R,21
454236,2011,R,13.0,R,283.0,R,5.0,R,14.0,R,0.0,R,14.0,R,8.0,R,57.0,R,1.0,R,0.0,R,1.0,R,1.0,R,100.0,R,9
454245,2011,R,3.0,R,192.0,R,2.0,R,4.0,R,0.0,R,4.0,R,4.0,R,100.0,A,,A,,A,,A,,A,,R,10
454263,2011,A,,A,,A,,R,18.0,R,0.0,R,18.0,R,10.0,R,56.0,R,0.0,R,0.0,R,0.0,R,0.0,A,,R,11
454306,2011,A,,A,,A,,A,,A,,A,,A,,A,,R,101.0,R,8.0,R,93.0,R,70.0,R,75.0,R,12
454315,2011,A,,A,,A,,R,35.0,R,0.0,R,35.0,R,25.0,R,71.0,R,15.0,R,0.0,R,15.0,R,11.0,R,73.0,R,17
454324,2011,A,,A,,A,,R,28.0,R,0.0,R,28.0,R,17.0,R,61.0,R,4.0,R,0.0,R,4.0,R,1.0,R,25.0,R,13
454333,2011,A,,A,,A,,R,13.0,R,1.0,R,12.0,R,9.0,R,75.0,R,6.0,R,0.0,R,6.0,R,4.0,R,67.0,R,7
454342,2011,A,,A,,A,,R,25.0,R,0.0,R,25.0,R,17.0,R,68.0,R,6.0,R,0.0,R,6.0,R,4.0,R,67.0,R,7
454351,2011,A,,A,,A,,R,47.0,R,0.0,R,47.0,R,18.0,R,38.0,A,,A,,A,,A,,A,,R,14
454360,2011,A,,A,,A,,R,40.0,R,0.0,R,40.0,R,23.0,R,58.0,R,13.0,R,0.0,R,13.0,R,8.0,R,62.0,R,18
454379,2011,A,,A,,A,,R,34.0,R,0.0,R,34.0,R,12.0,R,35.0,R,12.0,R,0.0,R,12.0,R,5.0,R,42.0,R,9
454388,2011,A,,A,,A,,R,31.0,R,0.0,R,31.0,R,15.0,R,48.0,R,1.0,R,0.0,R,1.0,R,1.0,R,100.0,R,9
454397,2011,A,,A,,A,,R,17.0,R,0.0,R,17.0,R,10.0,R,59.0,R,6.0,R,0.0,R,6.0,R,3.0,R,50.0,R,8
454403,2011,A,,A,,A,,R,36.0,R,0.0,R,36.0,R,30.0,R,83.0,R,6.0,R,0.0,R,6.0,R,4.0,R,67.0,R,17
454412,2011,A,,A,,A,,R,38.0,R,0.0,R,38.0,R,28.0,R,74.0,R,5.0,R,0.0,R,5.0,R,3.0,R,60.0,R,11
454421,2011,A,,A,,A,,R,63.0,R,0.0,R,63.0,R,51.0,R,81.0,R,11.0,R,0.0,R,11.0,R,8.0,R,73.0,R,10
454430,2011,A,,A,,A,,R,9.0,R,0.0,R,9.0,R,7.0,R,78.0,R,0.0,R,0.0,R,0.0,R,0.0,A,,R,14
454449,2011,A,,A,,A,,R,8.0,R,0.0,R,8.0,R,7.0,R,88.0,R,1.0,R,0.0,R,1.0,R,1.0,R,100.0,R,14
454458,2011,R,84.0,R,85.0,R,99.0,R,187.0,R,0.0,R,187.0,R,152.0,R,81.0,A,,A,,A,,A,,A,,R,9
454467,2011,A,,A,,A,,R,36.0,R,0.0,R,36.0,R,19.0,R,53.0,R,8.0,R,0.0,R,8.0,R,7.0,R,88.0,R,15
454476,2011,A,,A,,A,,R,30.0,R,0.0,R,30.0,R,20.0,R,67.0,R,16.0,R,0.0,R,16.0,R,4.0,R,25.0,R,10
454485,2011,A,,A,,A,,R,10.0,R,0.0,R,10.0,R,6.0,R,60.0,R,1.0,R,0.0,R,1.0,R,1.0,R,100.0,R,5
454494,2011,A,,A,,A,,R,26.0,R,0.0,R,26.0,R,16.0,R,62.0,R,5.0,R,0.0,R,5.0,R,3.0,R,60.0,R,9
454500,2011,A,,A,,A,,R,25.0,R,0.0,R,25.0,R,16.0,R,64.0,R,7.0,R,0.0,R,7.0,R,4.0,R,57.0,R,13
454519,2011,A,,A,,A,,R,43.0,R,0.0,R,43.0,R,20.0,R,47.0,R,2.0,R,0.0,R,2.0,R,0.0,R,0.0,R,10
454528,2011,A,,A,,A,,R,25.0,R,0.0,R,25.0,R,14.0,R,56.0,R,3.0,R,0.0,R,3.0,R,2.0,R,67.0,R,9
454537,2011,A,,A,,A,,R,73.0,R,0.0,R,73.0,R,70.0,R,96.0,A,,A,,A,,A,,A,,R,15
454546,2011,A,,A,,A,,R,60.0,Z,0.0,R,60.0,R,32.0,R,53.0,A,,A,,A,,A,,A,,R,13
454555,2011,A,,A,,A,,R,73.0,Z,0.0,R,73.0,R,45.0,R,62.0,A,,A,,A,,A,,A,,R,28
454564,2011,A,,A,,A,,A,,A,,A,,A,,A,,A,,A,,A,,A,,A,,R,4
454573,2011,A,,A,,A,,R,65.0,Z,0.0,R,65.0,R,28.0,R,43.0,A,,A,,A,,A,,A,,R,23
454582,2011,A,,A,,A,,A,,A,,A,,A,,A,,R,2.0,R,0.0,R,2.0,R,0.0,R,0.0,R,5
454591,2011,R,7.0,R,67.0,R,10.0,R,1.0,R,0.0,R,1.0,R,1.0,R,100.0,R,3.0,R,0.0,R,3.0,R,3.0,R,100.0,R,7
454607,2011,A,,A,,A,,R,120.0,R,0.0,R,120.0,R,95.0,R,79.0,A,,A,,A,,A,,A,,R,21
454616,2011,R,55.0,R,177.0,R,31.0,R,105.0,R,1.0,R,104.0,R,60.0,R,58.0,R,22.0,R,0.0,R,22.0,R,13.0,R,59.0,R,12
454625,2011,R,14.0,R,21.0,R,67.0,R,19.0,R,0.0,R,19.0,R,11.0,R,58.0,R,7.0,R,0.0,R,7.0,R,4.0,R,57.0,R,19
454634,2011,A,,A,,A,,R,216.0,R,6.0,R,210.0,R,96.0,R,46.0,A,,A,,A,,A,,A,,R,13
454652,2011,A,,A,,A,,R,70.0,Z,0.0,R,70.0,R,51.0,R,73.0,A,,A,,A,,A,,A,,R,20
454689,2011,A,,A,,A,,R,1.0,R,0.0,R,1.0,R,1.0,R,100.0,A,,A,,A,,A,,A,,R,19
454698,2011,A,,A,,A,,R,106.0,R,47.0,R,59.0,R,49.0,R,83.0,A,,A,,A,,A,,A,,R,10
454704,2011,A,,A,,A,,R,17.0,Z,0.0,R,17.0,R,16.0,R,94.0,A,,A,,A,,A,,A,,R,31
454722,2011,A,,A,,A,,R,13.0,Z,0.0,R,13.0,R,10.0,R,77.0,R,0.0,Z,0.0,R,0.0,Z,0.0,A,,R,25
454731,2011,A,,A,,A,,A,,A,,A,,A,,A,,A,,A,,A,,A,,A,,R,17
454740,2011,R,2.0,R,71.0,R,3.0,R,5.0,R,0.0,R,5.0,R,2.0,R,40.0,R,11.0,R,0.0,R,11.0,R,9.0,R,82.0,R,14
454759,2011,A,,A,,A,,R,6.0,R,0.0,R,6.0,R,4.0,R,67.0,R,0.0,R,0.0,R,0.0,R,0.0,A,,R,15
454768,2011,A,,A,,A,,R,68.0,R,0.0,R,68.0,R,48.0,R,71.0,R,10.0,R,0.0,R,10.0,R,10.0,R,100.0,R,20
454777,2011,A,,A,,A,,R,66.0,R,0.0,R,66.0,R,57.0,R,86.0,R,12.0,R,0.0,R,12.0,R,12.0,R,100.0,R,12
454786,2011,A,,A,,A,,R,41.0,R,1.0,R,40.0,R,35.0,R,88.0,R,29.0,Z,0.0,R,29.0,R,25.0,R,86.0,R,14
454795,2011,A,,A,,A,,R,2.0,R,0.0,R,2.0,R,2.0,R,100.0,R,18.0,R,0.0,R,18.0,R,13.0,R,72.0,R,23
454801,2011,A,,A,,A,,R,79.0,R,0.0,R,79.0,R,61.0,R,77.0,R,0.0,R,0.0,R,0.0,R,0.0,A,,R,26
454810,2011,A,,A,,A,,A,,A,,A,,A,,A,,A,,A,,A,,A,,A,,R,10
454829,2011,A,,A,,A,,R,0.0,R,0.0,R,0.0,R,0.0,A,,R,5.0,R,0.0,R,5.0,R,2.0,R,40.0,R,20
454847,2011,A,,A,,A,,R,48.0,R,0.0,R,48.0,R,48.0,R,100.0,R,22.0,R,0.0,R,22.0,R,22.0,R,100.0,R,11
454856,2011,A,,A,,A,,R,7.0,R,0.0,R,7.0,R,6.0,R,86.0,A,,A,,A,,A,,A,,R,16
454865,2011,A,,A,,A,,R,29.0,R,0.0,R,29.0,R,21.0,R,72.0,R,0.0,R,0.0,R,0.0,R,0.0,A,,R,20
454874,2011,A,,A,,A,,R,28.0,R,0.0,R,28.0,R,23.0,R,82.0,R,9.0,R,0.0,R,9.0,R,7.0,R,78.0,R,17
454883,2011,A,,A,,A,,R,198.0,R,0.0,R,198.0,R,140.0,R,71.0,A,,A,,A,,A,,A,,R,30
454892,2011,A,,A,,A,,R,8.0,R,0.0,R,8.0,R,8.0,R,100.0,R,9.0,R,0.0,R,9.0,R,8.0,R,89.0,R,10
454908,2011,A,,A,,A,,A,,A,,A,,A,,A,,A,,A,,A,,A,,A,,R,47
454917,2011,A,,A,,A,,R,108.0,R,0.0,R,108.0,R,96.0,R,89.0,R,43.0,R,0.0,R,43.0,R,40.0,R,93.0,R,18
454926,2011,A,,A,,A,,R,140.0,R,0.0,R,140.0,R,114.0,R,81.0,A,,A,,A,,A,,A,,R,19
454935,2011,A,,A,,A,,R,50.0,R,0.0,R,50.0,R,48.0,R,96.0,A,,A,,A,,A,,A,,R,10
454944,2011,A,,A,,A,,R,100.0,R,0.0,R,100.0,R,73.0,R,73.0,R,16.0,R,0.0,R,16.0,R,15.0,R,94.0,R,15
454953,2011,A,,A,,A,,A,,A,,A,,A,,A,,A,,A,,A,,A,,A,,R,16
454962,2011,A,,A,,A,,A,,A,,A,,A,,A,,A,,A,,A,,A,,A,,R,5
454971,2011,A,,A,,A,,R,98.0,R,0.0,R,98.0,R,91.0,R,93.0,R,48.0,R,0.0,R,48.0,R,41.0,R,85.0,R,10
454980,2011,A,,A,,A,,R,51.0,R,0.0,R,51.0,R,45.0,R,88.0,R,7.0,R,0.0,R,7.0,R,6.0,R,86.0,R,8
454999,2011,A,,A,,A,,R,42.0,R,0.0,R,42.0,R,34.0,R,81.0,R,6.0,R,0.0,R,6.0,R,5.0,R,83.0,R,7
455008,2011,A,,A,,A,,R,91.0,R,0.0,R,91.0,R,77.0,R,85.0,R,25.0,R,0.0,R,25.0,R,19.0,R,76.0,R,9
455017,2011,A,,A,,A,,R,21.0,R,0.0,R,21.0,R,19.0,R,90.0,R,5.0,R,0.0,R,5.0,R,5.0,R,100.0,R,20
455026,2011,A,,A,,A,,A,,A,,A,,A,,A,,A,,A,,A,,A,,A,,R,4
455035,2011,A,,A,,A,,A,,A,,A,,A,,A,,A,,A,,A,,A,,A,,R,2
455053,2011,A,,A,,A,,R,31.0,R,0.0,R,31.0,R,16.0,R,52.0,R,34.0,R,0.0,R,34.0,R,21.0,R,62.0,R,12
455062,2011,A,,A,,A,,R,7.0,R,0.0,R,7.0,R,6.0,R,86.0,R,15.0,R,0.0,R,15.0,R,11.0,R,73.0,R,20
455071,2011,A,,A,,A,,A,,A,,A,,A,,A,,A,,A,,A,,A,,A,,R,11
455080,2011,A,,A,,A,,R,52.0,R,0.0,R,52.0,R,46.0,R,88.0,R,12.0,R,0.0,R,12.0,R,10.0,R,83.0,R,7
455105,2011,A,,A,,A,,R,41.0,R,0.0,R,41.0,R,35.0,R,85.0,A,,A,,A,,A,,A,,R,11
455114,2011,R,978.0,R,3034.0,R,32.0,R,1021.0,R,2.0,R,1019.0,R,570.0,R,56.0,R,675.0,R,0.0,R,675.0,R,336.0,R,50.0,R,22
455141,2011,A,,A,,A,,R,136.0,R,0.0,R,136.0,R,115.0,R,85.0,A,,A,,A,,A,,A,,R,14
455187,2011,A,,A,,A,,R,76.0,R,0.0,R,76.0,R,76.0,R,100.0,A,,A,,A,,A,,A,,R,25
455196,2011,A,,A,,A,,R,137.0,R,0.0,R,137.0,R,90.0,R,66.0,A,,A,,A,,A,,A,,R,15
455202,2011,A,,A,,A,,R,58.0,R,0.0,R,58.0,R,55.0,R,95.0,A,,A,,A,,A,,A,,R,11
455211,2011,A,,A,,A,,R,15.0,R,0.0,R,15.0,R,10.0,R,67.0,A,,A,,A,,A,,A,,R,12
455220,2011,A,,A,,A,,R,35.0,R,0.0,R,35.0,R,16.0,R,46.0,A,,A,,A,,A,,A,,R,15
455239,2011,A,,A,,A,,R,7.0,R,0.0,R,7.0,R,7.0,R,100.0,R,7.0,R,0.0,R,7.0,R,5.0,R,71.0,R,4
455248,2011,A,,A,,A,,R,5.0,Z,0.0,R,5.0,R,5.0,R,100.0,A,,A,,A,,A,,A,,R,10
455257,2011,R,65.0,R,90.0,R,72.0,R,52.0,R,0.0,R,52.0,R,52.0,R,100.0,A,,A,,A,,A,,A,,R,38
455275,2011,A,,A,,A,,R,83.0,R,0.0,R,83.0,R,65.0,R,78.0,R,3.0,R,0.0,R,3.0,R,2.0,R,67.0,R,13
455284,2011,A,,A,,A,,R,120.0,R,0.0,R,120.0,R,96.0,R,80.0,R,45.0,R,0.0,R,45.0,R,34.0,R,76.0,R,18
455293,2011,A,,A,,A,,R,4.0,R,0.0,R,4.0,R,2.0,R,50.0,A,,A,,A,,A,,A,,R,10
455318,2011,A,,A,,A,,A,,A,,A,,A,,A,,A,,A,,A,,A,,A,,N,17
455327,2011,A,,A,,A,,A,,A,,A,,A,,A,,A,,A,,A,,A,,A,,R,29
455336,2011,A,,A,,A,,Z,0.0,R,0.0,R,0.0,Z,0.0,A,,R,50.0,R,0.0,R,50.0,R,30.0,R,60.0,R,12
455345,2011,A,,A,,A,,R,58.0,Z,0.0,R,58.0,R,50.0,R,86.0,A,,A,,A,,A,,A,,R,8
455354,2011,A,,A,,A,,R,17.0,R,0.0,R,17.0,R,8.0,R,47.0,A,,A,,A,,A,,A,,R,15
455372,2011,A,,A,,A,,A,,A,,A,,A,,A,,A,,A,,A,,A,,A,,R,6
455381,2011,A,,A,,A,,R,20.0,R,0.0,R,20.0,R,20.0,R,100.0,R,4.0,R,0.0,R,4.0,R,4.0,R,100.0,R,5
455390,2011,A,,A,,A,,R,269.0,R,0.0,R,269.0,R,190.0,R,71.0,R,0.0,R,0.0,R,0.0,R,0.0,A,,R,15
455415,2011,A,,A,,A,,R,10.0,R,0.0,R,10.0,R,7.0,R,70.0,R,0.0,R,0.0,R,0.0,R,0.0,A,,R,13
455424,2011,A,,A,,A,,R,61.0,R,0.0,R,61.0,R,44.0,R,72.0,A,,A,,A,,A,,A,,R,20
455460,2011,A,,A,,A,,R,129.0,R,0.0,R,129.0,R,86.0,R,67.0,A,,A,,A,,A,,A,,R,16
455479,2011,A,,A,,A,,R,357.0,Z,0.0,R,357.0,R,304.0,R,85.0,A,,A,,A,,A,,A,,R,21
455488,2011,A,,A,,A,,R,255.0,R,0.0,R,255.0,R,187.0,R,73.0,R,0.0,R,0.0,R,0.0,R,0.0,A,,R,26
455497,2011,A,,A,,A,,R,89.0,Z,0.0,R,89.0,R,71.0,R,80.0,A,,A,,A,,A,,A,,R,20
455503,2011,A,,A,,A,,A,,A,,A,,A,,A,,A,,A,,A,,A,,A,,R,15
455512,2011,R,155.0,R,1000.0,R,16.0,R,173.0,Z,0.0,R,173.0,R,123.0,R,71.0,R,246.0,Z,0.0,R,246.0,R,105.0,R,43.0,R,24
455530,2011,A,,A,,A,,R,326.0,R,2.0,R,324.0,R,196.0,R,60.0,A,,A,,A,,A,,A,,R,22
455549,2011,A,,A,,A,,R,6.0,R,0.0,R,6.0,R,2.0,R,33.0,A,,A,,A,,A,,A,,R,19
455558,2011,A,,A,,A,,R,44.0,R,0.0,R,44.0,R,20.0,R,45.0,A,,A,,A,,A,,A,,R,34
455567,2011,A,,A,,A,,R,45.0,R,0.0,R,45.0,R,22.0,R,49.0,R,1.0,R,0.0,R,1.0,R,0.0,R,0.0,R,15
455585,2011,R,24.0,R,106.0,R,23.0,R,3.0,R,0.0,R,3.0,R,1.0,R,33.0,R,1.0,R,0.0,R,1.0,R,0.0,R,0.0,R,11
455600,2011,R,82.0,R,98.0,R,84.0,R,17.0,R,0.0,R,17.0,R,4.0,R,24.0,A,,A,,A,,A,,A,,R,10
455619,2011,R,63.0,R,151.0,R,42.0,R,4.0,R,0.0,R,4.0,R,2.0,R,50.0,A,,A,,A,,A,,A,,R,9
455628,2011,A,,A,,A,,R,178.0,R,1.0,R,177.0,R,138.0,R,78.0,A,,A,,A,,A,,A,,R,12
455646,2011,R,17.0,R,39.0,R,44.0,R,21.0,R,0.0,R,21.0,R,16.0,R,76.0,A,,A,,A,,A,,A,,R,6
455655,2011,R,119.0,R,214.0,R,56.0,R,63.0,Z,0.0,R,63.0,R,36.0,R,57.0,R,7.0,Z,0.0,R,7.0,R,2.0,R,29.0,R,16
455673,2011,R,5.0,R,7.0,R,71.0,R,24.0,R,0.0,R,24.0,R,21.0,R,88.0,R,0.0,R,0.0,R,0.0,R,0.0,A,,R,5
455707,2011,A,,A,,A,,A,,A,,A,,A,,A,,A,,A,,A,,A,,A,,R,15
455716,2011,R,136.0,R,335.0,R,41.0,R,223.0,R,0.0,R,223.0,R,32.0,R,14.0,R,40.0,R,0.0,R,40.0,R,24.0,R,60.0,R,10
455725,2011,A,,A,,A,,R,95.0,R,2.0,R,93.0,R,65.0,R,70.0,A,,A,,A,,A,,A,,R,8
455734,2011,A,,A,,A,,R,95.0,R,0.0,R,95.0,R,70.0,R,74.0,A,,A,,A,,A,,A,,R,15
455743,2011,A,,A,,A,,R,59.0,R,0.0,R,59.0,R,51.0,R,86.0,A,,A,,A,,A,,A,,R,15
455752,2011,A,,A,,A,,R,25.0,R,0.0,R,25.0,R,24.0,R,96.0,A,,A,,A,,A,,A,,R,15
455761,2011,A,,A,,A,,R,119.0,R,0.0,R,119.0,R,103.0,R,87.0,R,61.0,R,1.0,R,60.0,R,46.0,R,77.0,R,15
455770,2011,R,18.0,R,23.0,R,78.0,R,19.0,R,0.0,R,19.0,R,17.0,R,89.0,R,0.0,R,0.0,R,0.0,R,0.0,A,,R,7
455789,2011,A,,A,,A,,R,7.0,Z,0.0,R,7.0,R,7.0,R,100.0,A,,A,,A,,A,,A,,R,3
455798,2011,A,,A,,A,,R,18.0,R,0.0,R,18.0,R,15.0,R,83.0,R,38.0,R,0.0,R,38.0,R,31.0,R,82.0,R,12
455822,2011,A,,A,,A,,R,46.0,R,0.0,R,46.0,R,32.0,R,70.0,A,,A,,A,,A,,A,,R,13
455831,2011,A,,A,,A,,A,,A,,A,,A,,A,,A,,A,,A,,A,,A,,R,20
455840,2011,A,,A,,A,,R,49.0,R,0.0,R,49.0,R,36.0,R,73.0,A,,A,,A,,A,,A,,R,10
455859,2011,A,,A,,A,,R,74.0,R,0.0,R,74.0,R,63.0,R,85.0,A,,A,,A,,A,,A,,R,21
455868,2011,A,,A,,A,,A,,A,,A,,A,,A,,A,,A,,A,,A,,A,,R,22
455877,2011,A,,A,,A,,R,157.0,R,0.0,R,157.0,R,140.0,R,89.0,A,,A,,A,,A,,A,,R,9
455886,2011,A,,A,,A,,R,67.0,R,0.0,R,67.0,R,61.0,R,91.0,R,27.0,R,0.0,R,27.0,R,16.0,R,59.0,R,8
455895,2011,A,,A,,A,,R,64.0,R,0.0,R,64.0,R,56.0,R,88.0,R,44.0,R,0.0,R,44.0,R,38.0,R,86.0,R,9
455901,2011,A,,A,,A,,R,121.0,R,0.0,R,121.0,R,90.0,R,74.0,A,,A,,A,,A,,A,,R,10
455910,2011,A,,A,,A,,A,,A,,A,,A,,A,,A,,A,,A,,A,,A,,R,1
455929,2011,A,,A,,A,,R,25.0,R,0.0,R,25.0,R,23.0,R,92.0,A,,A,,A,,A,,A,,R,16
455938,2011,A,,A,,A,,R,10.0,R,0.0,R,10.0,R,8.0,R,80.0,A,,A,,A,,A,,A,,R,2
455947,2011,A,,A,,A,,R,42.0,Z,0.0,R,42.0,R,37.0,R,88.0,R,0.0,Z,0.0,R,0.0,R,0.0,A,,R,10
455956,2011,A,,A,,A,,R,64.0,R,0.0,R,64.0,R,57.0,R,89.0,A,,A,,A,,A,,A,,R,20
455965,2011,A,,A,,A,,R,107.0,R,0.0,R,107.0,R,99.0,R,93.0,A,,A,,A,,A,,A,,R,18
455974,2011,A,,A,,A,,A,,A,,A,,A,,A,,A,,A,,A,,A,,A,,R,15
455983,2011,A,,A,,A,,R,93.0,R,0.0,R,93.0,R,70.0,R,75.0,R,0.0,R,0.0,R,0.0,R,0.0,A,,R,8
456001,2011,A,,A,,A,,R,17.0,R,0.0,R,17.0,R,17.0,R,100.0,A,,A,,A,,A,,A,,R,15
456010,2011,R,56.0,R,117.0,R,48.0,R,34.0,R,0.0,R,34.0,R,22.0,R,65.0,R,7.0,R,0.0,R,7.0,R,4.0,R,57.0,R,14
456029,2011,A,,A,,A,,R,95.0,R,0.0,R,95.0,R,74.0,R,78.0,A,,A,,A,,A,,A,,R,21
456038,2011,A,,A,,A,,R,194.0,R,0.0,R,194.0,R,169.0,R,87.0,A,,A,,A,,A,,A,,R,25
456056,2011,R,18.0,R,36.0,R,50.0,R,0.0,R,0.0,R,0.0,R,0.0,A,,R,0.0,R,0.0,R,0.0,R,0.0,A,,R,15
456065,2011,A,,A,,A,,R,51.0,R,0.0,R,51.0,R,43.0,R,84.0,R,17.0,R,0.0,R,17.0,R,13.0,R,76.0,R,15
456074,2011,A,,A,,A,,R,53.0,R,0.0,R,53.0,R,39.0,R,74.0,R,22.0,R,0.0,R,22.0,R,20.0,R,91.0,R,15
456092,2011,A,,A,,A,,R,58.0,R,0.0,R,58.0,R,50.0,R,86.0,R,19.0,R,0.0,R,19.0,R,15.0,R,79.0,R,15
456117,2011,A,,A,,A,,R,13.0,Z,0.0,R,13.0,R,7.0,R,54.0,R,9.0,Z,0.0,R,9.0,R,8.0,R,89.0,R,12
456126,2011,A,,A,,A,,R,11.0,Z,0.0,R,11.0,R,7.0,R,64.0,R,6.0,Z,0.0,R,6.0,R,2.0,R,33.0,R,24
456135,2011,A,,A,,A,,R,18.0,Z,0.0,R,18.0,R,15.0,R,83.0,R,7.0,Z,0.0,R,7.0,R,6.0,R,86.0,R,19
456144,2011,A,,A,,A,,R,0.0,R,0.0,R,0.0,R,0.0,A,,R,55.0,R,0.0,R,55.0,R,35.0,R,64.0,R,12
456153,2011,A,,A,,A,,R,0.0,R,0.0,R,0.0,R,0.0,A,,R,108.0,R,0.0,R,108.0,R,80.0,R,74.0,R,12
456180,2011,A,,A,,A,,R,103.0,R,0.0,R,103.0,R,63.0,R,61.0,A,,A,,A,,A,,A,,R,20
456205,2011,R,111.0,R,200.0,R,56.0,R,70.0,Z,0.0,R,70.0,R,39.0,R,56.0,R,2.0,Z,0.0,R,2.0,R,1.0,R,50.0,R,14
456214,2011,A,,A,,A,,A,,A,,A,,A,,A,,A,,A,,A,,A,,A,,R,41
456250,2011,A,,A,,A,,R,24.0,R,0.0,R,24.0,R,18.0,R,75.0,R,5.0,R,0.0,R,5.0,R,2.0,R,40.0,R,19
456278,2011,R,31.0,R,40.0,R,78.0,R,249.0,R,0.0,R,249.0,R,81.0,R,33.0,R,7.0,R,0.0,R,7.0,R,2.0,R,29.0,R,16
456287,2011,A,,A,,A,,R,52.0,R,0.0,R,52.0,R,49.0,R,94.0,A,,A,,A,,A,,A,,R,14
456296,2011,R,129.0,R,412.0,R,31.0,R,175.0,R,0.0,R,175.0,R,72.0,R,41.0,R,21.0,R,0.0,R,21.0,R,3.0,R,14.0,R,22
456302,2011,A,,A,,A,,R,117.0,R,0.0,R,117.0,R,79.0,R,68.0,A,,A,,A,,A,,A,,R,32
456311,2011,A,,A,,A,,R,121.0,R,0.0,R,121.0,R,57.0,R,47.0,A,,A,,A,,A,,A,,R,30
456320,2011,A,,A,,A,,R,251.0,R,1.0,R,250.0,R,215.0,R,86.0,A,,A,,A,,A,,A,,R,34
456339,2011,A,,A,,A,,R,203.0,R,0.0,R,203.0,R,166.0,R,82.0,A,,A,,A,,A,,A,,R,36
456348,2011,A,,A,,A,,R,1005.0,R,2.0,R,1003.0,R,210.0,R,21.0,R,1519.0,R,1.0,R,1518.0,R,345.0,R,23.0,R,15
456357,2011,R,50.0,R,55.0,R,91.0,R,60.0,R,0.0,R,60.0,R,36.0,R,60.0,A,,A,,A,,A,,A,,R,13
456366,2011,R,54.0,R,55.0,R,98.0,R,39.0,R,0.0,R,39.0,R,19.0,R,49.0,R,0.0,R,0.0,R,0.0,R,0.0,A,,R,10
456375,2011,R,37.0,R,37.0,R,100.0,R,33.0,R,0.0,R,33.0,R,17.0,R,52.0,A,,A,,A,,A,,A,,R,11
456393,2011,R,14.0,R,20.0,R,70.0,R,0.0,R,0.0,R,0.0,R,0.0,A,,R,0.0,R,0.0,R,0.0,R,0.0,A,,R,15
456409,2011,R,28.0,R,39.0,R,72.0,R,0.0,R,0.0,R,0.0,R,0.0,A,,R,0.0,R,0.0,R,0.0,R,0.0,A,,R,16
456418,2011,R,50.0,R,75.0,R,67.0,R,61.0,R,3.0,R,58.0,R,26.0,R,45.0,R,3.0,R,0.0,R,3.0,R,1.0,R,33.0,R,15
456427,2011,R,11.0,R,16.0,R,69.0,R,0.0,R,0.0,R,0.0,R,0.0,A,,R,0.0,R,0.0,R,0.0,R,0.0,A,,R,21
456436,2011,R,28.0,R,44.0,R,64.0,R,0.0,R,0.0,R,0.0,R,0.0,A,,R,0.0,R,0.0,R,0.0,R,0.0,A,,R,13
456445,2011,R,64.0,R,90.0,R,71.0,R,23.0,R,1.0,R,22.0,R,7.0,R,32.0,R,7.0,R,0.0,R,7.0,R,2.0,R,29.0,R,20
456454,2011,A,,A,,A,,R,39.0,R,0.0,R,39.0,R,31.0,R,79.0,A,,A,,A,,A,,A,,R,15
456481,2011,A,,A,,A,,R,4.0,R,0.0,R,4.0,R,2.0,R,50.0,R,5.0,Z,0.0,R,5.0,R,5.0,R,100.0,R,9
456490,2011,R,1.0,R,13.0,R,8.0,R,4.0,R,0.0,R,4.0,R,2.0,R,50.0,R,3.0,R,0.0,R,3.0,R,0.0,R,0.0,R,8
456506,2011,A,,A,,A,,A,,A,,A,,A,,A,,A,,A,,A,,A,,A,,R,14
456515,2011,A,,A,,A,,A,,A,,A,,A,,A,,A,,A,,A,,A,,A,,R,8
456551,2011,A,,A,,A,,R,27.0,R,0.0,R,27.0,R,26.0,R,96.0,A,,A,,A,,A,,A,,R,16
456560,2011,A,,A,,A,,R,16.0,R,0.0,R,16.0,R,10.0,R,63.0,R,10.0,R,0.0,R,10.0,R,9.0,R,90.0,R,12
456588,2011,A,,A,,A,,R,17.0,R,0.0,R,17.0,R,13.0,R,76.0,R,0.0,R,0.0,R,0.0,R,0.0,A,,R,15
456597,2011,A,,A,,A,,R,44.0,R,0.0,R,44.0,R,32.0,R,73.0,R,0.0,R,0.0,R,0.0,R,0.0,A,,R,20
456612,2011,R,69.0,R,171.0,R,40.0,R,16.0,R,0.0,R,16.0,R,4.0,R,25.0,A,,A,,A,,A,,A,,R,11
456621,2011,A,,A,,A,,R,1.0,R,0.0,R,1.0,R,0.0,R,0.0,R,18.0,R,0.0,R,18.0,R,4.0,R,22.0,R,15
456630,2011,R,1.0,R,37.0,R,3.0,R,0.0,R,0.0,R,0.0,R,0.0,A,,R,22.0,R,0.0,R,22.0,R,8.0,R,36.0,R,8
456667,2011,R,8.0,R,472.0,R,2.0,R,6.0,R,0.0,R,6.0,R,2.0,R,33.0,R,66.0,R,0.0,R,66.0,R,20.0,R,30.0,R,15
456719,2011,A,,A,,A,,R,30.0,R,0.0,R,30.0,R,16.0,R,53.0,R,11.0,R,0.0,R,11.0,R,7.0,R,64.0,R,14
456728,2011,A,,A,,A,,R,19.0,R,0.0,R,19.0,R,10.0,R,53.0,R,3.0,R,0.0,R,3.0,R,1.0,R,33.0,R,7
456737,2011,A,,A,,A,,R,27.0,R,0.0,R,27.0,R,15.0,R,56.0,R,7.0,R,0.0,R,7.0,R,2.0,R,29.0,R,16
456746,2011,A,,A,,A,,R,33.0,R,0.0,R,33.0,R,24.0,R,73.0,R,9.0,R,0.0,R,9.0,R,4.0,R,44.0,R,10
456755,2011,A,,A,,A,,R,12.0,R,0.0,R,12.0,R,7.0,R,58.0,R,3.0,R,0.0,R,3.0,R,1.0,R,33.0,R,5
456764,2011,A,,A,,A,,R,39.0,R,0.0,R,39.0,R,23.0,R,59.0,R,10.0,R,0.0,R,10.0,R,6.0,R,60.0,R,10
456773,2011,A,,A,,A,,R,17.0,R,0.0,R,17.0,R,7.0,R,41.0,R,6.0,R,0.0,R,6.0,R,3.0,R,50.0,R,11
456782,2011,R,17.0,R,101.0,R,17.0,R,2.0,R,0.0,R,2.0,R,1.0,R,50.0,R,1.0,R,0.0,R,1.0,R,0.0,R,0.0,R,12
456791,2011,R,138.0,R,287.0,R,48.0,R,7.0,Z,0.0,R,7.0,R,1.0,R,14.0,A,,A,,A,,A,,A,,R,12
456807,2011,R,28.0,R,79.0,R,35.0,R,4.0,R,0.0,R,4.0,R,2.0,R,50.0,R,2.0,R,0.0,R,2.0,R,0.0,R,0.0,R,8
456816,2011,R,22.0,R,126.0,R,17.0,R,1.0,R,0.0,R,1.0,R,0.0,R,0.0,R,3.0,R,0.0,R,3.0,R,2.0,R,67.0,R,13
456825,2011,A,,A,,A,,R,13.0,R,0.0,R,13.0,R,10.0,R,77.0,A,,A,,A,,A,,A,,R,20
456834,2011,R,4.0,R,64.0,R,6.0,R,2.0,R,0.0,R,2.0,R,0.0,R,0.0,R,8.0,R,0.0,R,8.0,R,3.0,R,38.0,R,9
456852,2011,A,,A,,A,,R,243.0,R,1.0,R,242.0,R,155.0,R,64.0,A,,A,,A,,A,,A,,R,27
456861,2011,A,,A,,A,,R,223.0,R,0.0,R,223.0,R,159.0,R,71.0,A,,A,,A,,A,,A,,R,24
456870,2011,A,,A,,A,,R,363.0,R,1.0,R,362.0,R,123.0,R,34.0,A,,A,,A,,A,,A,,R,9
456889,2011,A,,A,,A,,R,126.0,R,1.0,R,125.0,R,51.0,R,41.0,A,,A,,A,,A,,A,,R,24
456898,2011,A,,A,,A,,R,183.0,R,6.0,R,177.0,R,91.0,R,51.0,A,,A,,A,,A,,A,,R,16
456904,2011,A,,A,,A,,R,236.0,R,6.0,R,230.0,R,98.0,R,43.0,A,,A,,A,,A,,A,,R,14
456913,2011,A,,A,,A,,R,193.0,R,2.0,R,191.0,R,90.0,R,47.0,A,,A,,A,,A,,A,,R,11
456922,2011,A,,A,,A,,R,265.0,R,3.0,R,262.0,R,189.0,R,72.0,A,,A,,A,,A,,A,,R,20
456931,2011,A,,A,,A,,R,413.0,R,15.0,R,398.0,R,217.0,R,55.0,A,,A,,A,,A,,A,,R,20
456940,2011,A,,A,,A,,R,56.0,R,0.0,R,56.0,R,28.0,R,50.0,R,0.0,Z,0.0,R,0.0,Z,0.0,A,,R,26
456959,2011,R,111.0,R,146.0,R,76.0,R,92.0,R,0.0,R,92.0,R,72.0,R,78.0,A,,A,,A,,A,,A,,R,9
456968,2011,A,,A,,A,,R,17.0,R,0.0,R,17.0,R,12.0,R,71.0,R,5.0,R,0.0,R,5.0,R,0.0,R,0.0,R,15
456977,2011,A,,A,,A,,R,43.0,R,0.0,R,43.0,R,30.0,R,70.0,A,,A,,A,,A,,A,,R,20
456995,2011,R,31.0,R,65.0,R,48.0,R,14.0,R,0.0,R,14.0,R,7.0,R,50.0,R,36.0,R,1.0,R,35.0,R,25.0,R,71.0,R,12
457004,2011,R,3.0,R,15.0,R,20.0,R,1.0,R,0.0,R,1.0,R,0.0,R,0.0,R,2.0,R,0.0,R,2.0,R,1.0,R,50.0,R,4
457013,2011,A,,A,,A,,R,47.0,R,0.0,R,47.0,R,35.0,R,74.0,A,,A,,A,,A,,A,,R,27
457022,2011,R,60.0,R,78.0,R,77.0,R,7.0,R,0.0,R,7.0,R,5.0,R,71.0,R,0.0,R,0.0,R,0.0,R,0.0,A,,R,19
457031,2011,A,,A,,A,,R,12.0,R,0.0,R,12.0,R,12.0,R,100.0,A,,A,,A,,A,,A,,R,15
457068,2011,A,,A,,A,,R,61.0,Z,0.0,R,61.0,R,43.0,R,70.0,A,,A,,A,,A,,A,,R,13
457077,2011,A,,A,,A,,R,106.0,Z,0.0,R,106.0,R,64.0,R,60.0,A,,A,,A,,A,,A,,R,19
457086,2011,A,,A,,A,,R,36.0,R,0.0,R,36.0,R,33.0,R,92.0,R,4.0,R,0.0,R,4.0,R,4.0,R,100.0,R,14
457101,2011,A,,A,,A,,R,25.0,R,0.0,R,25.0,R,17.0,R,68.0,A,,A,,A,,A,,A,,R,14
457110,2011,A,,A,,A,,R,29.0,R,0.0,R,29.0,R,23.0,R,79.0,A,,A,,A,,A,,A,,R,13
457129,2011,R,2.0,R,211.0,R,1.0,R,1.0,R,0.0,R,1.0,R,1.0,R,100.0,R,0.0,R,0.0,R,0.0,R,0.0,A,,R,16
457174,2011,A,,A,,A,,R,118.0,Z,0.0,R,118.0,R,92.0,R,78.0,A,,A,,A,,A,,A,,R,19
457183,2011,A,,A,,A,,A,,A,,A,,A,,A,,A,,A,,A,,A,,A,,R,10
457192,2011,A,,A,,A,,R,1.0,R,0.0,R,1.0,R,0.0,R,0.0,A,,A,,A,,A,,A,,R,11
457208,2011,A,,A,,A,,R,24.0,R,0.0,R,24.0,R,14.0,R,58.0,A,,A,,A,,A,,A,,R,18
457217,2011,A,,A,,A,,R,9.0,Z,0.0,R,9.0,R,9.0,R,100.0,A,,A,,A,,A,,A,,R,14
457226,2011,R,3.0,R,10.0,R,30.0,R,1.0,R,0.0,R,1.0,R,1.0,R,100.0,A,,A,,A,,A,,A,,R,10
457235,2011,A,,A,,A,,A,,A,,A,,A,,A,,A,,A,,A,,A,,A,,R,15
457244,2011,A,,A,,A,,R,19.0,R,0.0,R,19.0,R,19.0,R,100.0,R,3.0,R,0.0,R,3.0,R,0.0,R,0.0,R,14
457253,2011,A,,A,,A,,R,13.0,R,0.0,R,13.0,R,12.0,R,92.0,R,8.0,R,0.0,R,8.0,R,5.0,R,63.0,R,9
457262,2011,A,,A,,A,,R,37.0,R,0.0,R,37.0,R,31.0,R,84.0,A,,A,,A,,A,,A,,R,20
457280,2011,A,,A,,A,,R,108.0,R,0.0,R,108.0,R,42.0,R,39.0,R,0.0,R,0.0,R,0.0,R,0.0,A,,R,20
457299,2011,A,,A,,A,,R,29.0,R,0.0,R,29.0,R,23.0,R,79.0,R,0.0,R,0.0,R,0.0,R,0.0,A,,R,15
457305,2011,A,,A,,A,,R,6.0,R,0.0,R,6.0,R,4.0,R,67.0,A,,A,,A,,A,,A,,R,25
457314,2011,A,,A,,A,,R,7.0,R,0.0,R,7.0,R,7.0,R,100.0,A,,A,,A,,A,,A,,R,17
457323,2011,A,,A,,A,,R,211.0,R,0.0,R,211.0,R,181.0,R,86.0,R,45.0,R,0.0,R,45.0,R,30.0,R,67.0,R,18
457332,2011,A,,A,,A,,R,6.0,R,0.0,R,6.0,R,6.0,R,100.0,R,2.0,R,0.0,R,2.0,R,2.0,R,100.0,R,6
457341,2011,A,,A,,A,,R,41.0,R,0.0,R,41.0,R,34.0,R,83.0,R,14.0,R,0.0,R,14.0,R,12.0,R,86.0,R,13
457350,2011,A,,A,,A,,A,,A,,A,,A,,A,,R,0.0,Z,0.0,R,0.0,Z,0.0,A,,R,3
457378,2011,A,,A,,A,,R,8.0,R,0.0,R,8.0,R,8.0,R,100.0,R,7.0,Z,0.0,R,7.0,R,5.0,R,71.0,R,8
457387,2011,A,,A,,A,,R,88.0,R,0.0,R,88.0,R,51.0,R,58.0,R,0.0,R,0.0,R,0.0,R,0.0,A,,R,16
457396,2011,A,,A,,A,,R,20.0,R,0.0,R,20.0,R,13.0,R,65.0,R,11.0,R,1.0,R,10.0,R,3.0,R,30.0,R,19
457402,2011,A,,A,,A,,R,1.0,R,0.0,R,1.0,R,1.0,R,100.0,R,6.0,Z,0.0,R,6.0,R,3.0,R,50.0,R,14
457411,2011,A,,A,,A,,R,11.0,R,0.0,R,11.0,R,11.0,R,100.0,R,0.0,R,0.0,R,0.0,R,0.0,A,,R,11
457420,2011,A,,A,,A,,R,32.0,R,0.0,R,32.0,R,26.0,R,81.0,R,32.0,R,0.0,R,32.0,R,29.0,R,91.0,R,7
457439,2011,A,,A,,A,,R,5.0,R,0.0,R,5.0,R,4.0,R,80.0,R,1.0,R,0.0,R,1.0,R,1.0,R,100.0,R,3
457448,2011,A,,A,,A,,R,94.0,R,0.0,R,94.0,R,71.0,R,76.0,A,,A,,A,,A,,A,,R,14
457457,2011,A,,A,,A,,R,15.0,R,0.0,R,15.0,R,8.0,R,53.0,R,0.0,R,0.0,R,0.0,R,0.0,A,,R,13
457466,2011,A,,A,,A,,R,16.0,R,0.0,R,16.0,R,12.0,R,75.0,A,,A,,A,,A,,A,,R,20
457475,2011,A,,A,,A,,R,46.0,R,0.0,R,46.0,R,34.0,R,74.0,A,,A,,A,,A,,A,,R,14
457484,2011,R,22.0,R,33.0,R,67.0,R,15.0,R,0.0,R,15.0,R,13.0,R,87.0,R,10.0,R,0.0,R,10.0,R,6.0,R,60.0,R,16
457493,2011,A,,A,,A,,R,17.0,Z,0.0,R,17.0,R,12.0,R,71.0,A,,A,,A,,A,,A,,R,11
457509,2011,A,,A,,A,,R,31.0,R,0.0,R,31.0,R,27.0,R,87.0,A,,A,,A,,A,,A,,R,11
457527,2011,A,,A,,A,,R,46.0,R,1.0,R,45.0,R,28.0,R,62.0,R,6.0,R,0.0,R,6.0,R,5.0,R,83.0,R,15
457536,2011,A,,A,,A,,R,39.0,R,0.0,R,39.0,R,32.0,R,82.0,R,21.0,R,0.0,R,21.0,R,17.0,R,81.0,R,17
457545,2011,A,,A,,A,,R,97.0,Z,0.0,R,97.0,R,78.0,R,80.0,R,8.0,Z,0.0,R,8.0,R,4.0,R,50.0,R,15
457554,2011,A,,A,,A,,R,14.0,R,0.0,R,14.0,R,11.0,R,79.0,R,0.0,R,0.0,R,0.0,R,0.0,A,,R,7
457563,2011,A,,A,,A,,R,115.0,R,0.0,R,115.0,R,105.0,R,91.0,A,,A,,A,,A,,A,,R,13
457572,2011,A,,A,,A,,R,20.0,R,0.0,R,20.0,R,14.0,R,70.0,A,,A,,A,,A,,A,,R,18
457581,2011,A,,A,,A,,R,79.0,R,0.0,R,79.0,R,73.0,R,92.0,A,,A,,A,,A,,A,,R,12
457590,2011,A,,A,,A,,R,0.0,R,0.0,R,0.0,R,0.0,A,,R,0.0,R,0.0,R,0.0,R,0.0,A,,R,35
457606,2011,A,,A,,A,,R,58.0,Z,0.0,R,58.0,R,28.0,R,48.0,A,,A,,A,,A,,A,,R,17
457624,2011,A,,A,,A,,R,24.0,R,0.0,R,24.0,R,19.0,R,79.0,A,,A,,A,,A,,A,,R,8
457633,2011,A,,A,,A,,R,20.0,R,0.0,R,20.0,R,18.0,R,90.0,A,,A,,A,,A,,A,,R,12
457642,2011,A,,A,,A,,R,51.0,R,0.0,R,51.0,R,38.0,R,75.0,R,8.0,R,0.0,R,8.0,R,8.0,R,100.0,R,14
457651,2011,A,,A,,A,,R,45.0,R,0.0,R,45.0,R,35.0,R,78.0,R,8.0,R,0.0,R,8.0,R,8.0,R,100.0,R,10
457679,2011,A,,A,,A,,R,29.0,R,0.0,R,29.0,R,28.0,R,97.0,A,,A,,A,,A,,A,,R,10
457688,2011,A,,A,,A,,R,218.0,R,13.0,R,205.0,R,90.0,R,44.0,A,,A,,A,,A,,A,,R,10
457697,2011,A,,A,,A,,A,,A,,A,,A,,A,,A,,A,,A,,A,,A,,R,6
457703,2011,A,,A,,A,,R,45.0,R,0.0,R,45.0,R,34.0,R,76.0,R,24.0,R,0.0,R,24.0,R,18.0,R,75.0,R,19
457712,2011,A,,A,,A,,A,,A,,A,,A,,A,,A,,A,,A,,A,,A,,R,13
457721,2011,A,,A,,A,,R,0.0,R,0.0,R,0.0,R,0.0,A,,A,,A,,A,,A,,A,,R,8
457730,2011,A,,A,,A,,R,96.0,Z,0.0,R,96.0,R,72.0,R,75.0,R,61.0,Z,0.0,R,61.0,R,44.0,R,72.0,R,32
457749,2011,A,,A,,A,,R,15.0,R,1.0,R,14.0,R,14.0,R,100.0,R,16.0,R,0.0,R,16.0,R,15.0,R,94.0,R,14
457758,2011,A,,A,,A,,R,22.0,Z,0.0,R,22.0,R,19.0,R,86.0,R,21.0,Z,0.0,R,21.0,R,18.0,R,86.0,R,25
457767,2011,A,,A,,A,,R,145.0,R,0.0,R,145.0,R,93.0,R,64.0,A,,A,,A,,A,,A,,R,17
457776,2011,A,,A,,A,,R,16.0,R,0.0,R,16.0,R,8.0,R,50.0,A,,A,,A,,A,,A,,R,17
457785,2011,A,,A,,A,,R,79.0,R,0.0,R,79.0,R,59.0,R,75.0,A,,A,,A,,A,,A,,R,11
457794,2011,A,,A,,A,,A,,A,,A,,A,,A,,A,,A,,A,,A,,A,,R,25
457800,2011,A,,A,,A,,R,219.0,R,0.0,R,219.0,R,47.0,R,21.0,A,,A,,A,,A,,A,,R,49
457819,2011,A,,A,,A,,A,,A,,A,,A,,A,,A,,A,,A,,A,,A,,R,7
457828,2011,A,,A,,A,,A,,A,,A,,A,,A,,A,,A,,A,,A,,A,,R,20
457837,2011,A,,A,,A,,R,22.0,R,0.0,R,22.0,R,21.0,R,95.0,R,7.0,R,0.0,R,7.0,R,7.0,R,100.0,R,10
457846,2011,A,,A,,A,,R,0.0,R,0.0,R,0.0,R,0.0,A,,R,0.0,R,0.0,R,0.0,R,0.0,A,,R,8
457855,2011,A,,A,,A,,R,61.0,R,0.0,R,61.0,R,53.0,R,87.0,R,0.0,R,0.0,R,0.0,R,0.0,A,,R,17
457864,2011,A,,A,,A,,R,20.0,Z,0.0,R,20.0,R,19.0,R,95.0,R,5.0,Z,0.0,R,5.0,R,4.0,R,80.0,R,11
457873,2011,A,,A,,A,,A,,A,,A,,A,,A,,A,,A,,A,,A,,A,,R,15
457891,2011,A,,A,,A,,R,22.0,R,0.0,R,22.0,R,15.0,R,68.0,A,,A,,A,,A,,A,,R,12
457907,2011,A,,A,,A,,R,51.0,R,0.0,R,51.0,R,44.0,R,86.0,A,,A,,A,,A,,A,,R,11
457916,2011,A,,A,,A,,R,9.0,R,0.0,R,9.0,R,8.0,R,89.0,R,2.0,R,0.0,R,2.0,R,1.0,R,50.0,R,9
457925,2011,A,,A,,A,,R,17.0,R,0.0,R,17.0,R,12.0,R,71.0,A,,A,,A,,A,,A,,R,4
457943,2011,A,,A,,A,,R,38.0,R,0.0,R,38.0,R,3.0,R,8.0,R,1.0,R,0.0,R,1.0,R,0.0,R,0.0,R,2
457952,2011,A,,A,,A,,R,45.0,R,0.0,R,45.0,R,33.0,R,73.0,R,5.0,R,0.0,R,5.0,R,4.0,R,80.0,R,17
457961,2011,A,,A,,A,,R,24.0,R,1.0,R,23.0,R,18.0,R,78.0,A,,A,,A,,A,,A,,R,7
457970,2011,A,,A,,A,,A,,A,,A,,A,,A,,A,,A,,A,,A,,A,,N,11
457989,2011,A,,A,,A,,R,34.0,R,0.0,R,34.0,R,21.0,R,62.0,A,,A,,A,,A,,A,,R,14
457998,2011,A,,A,,A,,R,6.0,R,0.0,R,6.0,R,6.0,R,100.0,R,3.0,R,0.0,R,3.0,R,0.0,R,0.0,R,10
458007,2011,A,,A,,A,,R,30.0,R,9.0,R,21.0,R,14.0,R,67.0,R,2.0,R,0.0,R,2.0,R,1.0,R,50.0,R,15
458016,2011,A,,A,,A,,R,24.0,R,0.0,R,24.0,R,22.0,R,92.0,A,,A,,A,,A,,A,,R,15
458025,2011,A,,A,,A,,A,,A,,A,,A,,A,,A,,A,,A,,A,,A,,R,5
458034,2011,A,,A,,A,,R,47.0,R,0.0,R,47.0,R,46.0,R,98.0,R,0.0,R,0.0,R,0.0,R,0.0,A,,R,10
458043,2011,A,,A,,A,,R,61.0,R,0.0,R,61.0,R,49.0,R,80.0,R,0.0,R,0.0,R,0.0,R,0.0,A,,R,14
458052,2011,A,,A,,A,,R,5.0,R,0.0,R,5.0,R,5.0,R,100.0,R,8.0,R,0.0,R,8.0,R,8.0,R,100.0,R,17
458061,2011,A,,A,,A,,R,26.0,R,3.0,R,23.0,R,20.0,R,87.0,R,47.0,R,7.0,R,40.0,R,7.0,R,18.0,R,40
458070,2011,A,,A,,A,,R,111.0,R,0.0,R,111.0,R,98.0,R,88.0,R,48.0,R,0.0,R,48.0,R,44.0,R,92.0,R,18
458089,2011,A,,A,,A,,R,29.0,R,0.0,R,29.0,R,18.0,R,62.0,R,0.0,R,0.0,R,0.0,R,0.0,A,,R,16
458098,2011,A,,A,,A,,R,19.0,R,0.0,R,19.0,R,5.0,R,26.0,A,,A,,A,,A,,A,,R,15
458104,2011,A,,A,,A,,R,16.0,R,0.0,R,16.0,R,14.0,R,88.0,R,4.0,R,0.0,R,4.0,R,4.0,R,100.0,R,12
458113,2011,R,17.0,R,37.0,R,46.0,R,7.0,R,0.0,R,7.0,R,5.0,R,71.0,R,3.0,R,0.0,R,3.0,R,3.0,R,100.0,R,9
458122,2011,A,,A,,A,,R,1.0,Z,0.0,R,1.0,R,1.0,R,100.0,A,,A,,A,,A,,A,,R,20
458131,2011,A,,A,,A,,R,108.0,R,0.0,R,108.0,R,97.0,R,90.0,A,,A,,A,,A,,A,,R,21
458140,2011,R,13.0,R,44.0,R,30.0,R,14.0,R,0.0,R,14.0,R,12.0,R,86.0,A,,A,,A,,A,,A,,R,11
458168,2011,A,,A,,A,,R,60.0,R,0.0,R,60.0,R,48.0,R,80.0,R,3.0,R,0.0,R,3.0,R,2.0,R,67.0,R,10
458177,2011,A,,A,,A,,R,23.0,R,0.0,R,23.0,R,15.0,R,65.0,R,5.0,R,0.0,R,5.0,R,2.0,R,40.0,R,12
458186,2011,A,,A,,A,,R,74.0,Z,0.0,R,74.0,R,58.0,R,78.0,A,,A,,A,,A,,A,,R,44
458195,2011,A,,A,,A,,R,26.0,R,0.0,R,26.0,R,21.0,R,81.0,A,,A,,A,,A,,A,,R,15
458210,2011,R,19.0,R,274.0,R,7.0,R,20.0,R,0.0,R,20.0,R,20.0,R,100.0,R,16.0,R,0.0,R,16.0,R,14.0,R,88.0,R,22
458229,2011,R,27.0,R,203.0,R,13.0,R,15.0,R,0.0,R,15.0,R,14.0,R,93.0,R,7.0,R,0.0,R,7.0,R,6.0,R,86.0,R,25
458238,2011,A,,A,,A,,R,0.0,R,0.0,R,0.0,R,0.0,A,,A,,A,,A,,A,,A,,R,12
458247,2011,A,,A,,A,,R,54.0,R,0.0,R,54.0,R,43.0,R,80.0,A,,A,,A,,A,,A,,R,20
458256,2011,R,184.0,R,222.0,R,83.0,R,0.0,R,0.0,R,0.0,R,0.0,A,,R,0.0,R,0.0,R,0.0,R,0.0,A,,R,15
458265,2011,A,,A,,A,,R,389.0,R,0.0,R,389.0,R,340.0,R,87.0,R,11.0,Z,0.0,R,11.0,R,11.0,R,100.0,R,27
458274,2011,A,,A,,A,,R,173.0,R,0.0,R,173.0,R,144.0,R,83.0,R,61.0,R,0.0,R,61.0,R,48.0,R,79.0,R,15
458283,2011,A,,A,,A,,R,107.0,R,0.0,R,107.0,R,73.0,R,68.0,R,13.0,R,1.0,R,12.0,R,0.0,R,0.0,R,24
458292,2011,A,,A,,A,,R,21.0,R,0.0,R,21.0,R,13.0,R,62.0,R,2.0,R,0.0,R,2.0,R,2.0,R,100.0,R,10
458308,2011,A,,A,,A,,R,9.0,R,0.0,R,9.0,R,3.0,R,33.0,A,,A,,A,,A,,A,,R,5
458317,2011,A,,A,,A,,R,38.0,R,0.0,R,38.0,R,24.0,R,63.0,R,3.0,R,0.0,R,3.0,R,1.0,R,33.0,R,13
458326,2011,A,,A,,A,,R,15.0,R,0.0,R,15.0,R,6.0,R,40.0,R,7.0,R,0.0,R,7.0,R,6.0,R,86.0,R,10
458335,2011,A,,A,,A,,R,41.0,R,0.0,R,41.0,R,26.0,R,63.0,R,4.0,R,0.0,R,4.0,R,3.0,R,75.0,R,18
458344,2011,A,,A,,A,,R,34.0,R,0.0,R,34.0,R,19.0,R,56.0,R,3.0,R,0.0,R,3.0,R,2.0,R,67.0,R,12
458353,2011,A,,A,,A,,R,19.0,R,0.0,R,19.0,R,10.0,R,53.0,R,4.0,R,0.0,R,4.0,R,2.0,R,50.0,R,8
458362,2011,A,,A,,A,,R,29.0,R,0.0,R,29.0,R,16.0,R,55.0,R,3.0,R,0.0,R,3.0,R,2.0,R,67.0,R,12
458371,2011,A,,A,,A,,R,72.0,R,0.0,R,72.0,R,46.0,R,64.0,A,,A,,A,,A,,A,,R,33
458380,2011,A,,A,,A,,R,35.0,R,0.0,R,35.0,R,17.0,R,49.0,A,,A,,A,,A,,A,,R,26
458399,2011,A,,A,,A,,R,32.0,Z,0.0,R,32.0,R,18.0,R,56.0,R,9.0,R,0.0,R,9.0,R,9.0,R,100.0,R,20
458405,2011,R,130.0,R,315.0,R,41.0,R,57.0,Z,0.0,R,57.0,R,23.0,R,40.0,R,2.0,Z,0.0,R,2.0,R,1.0,R,50.0,R,21
458414,2011,A,,A,,A,,R,1274.0,R,0.0,R,1274.0,R,675.0,R,53.0,A,,A,,A,,A,,A,,R,20
458423,2011,A,,A,,A,,A,,A,,A,,A,,A,,A,,A,,A,,A,,A,,R,4
458432,2011,R,26.0,R,78.0,R,33.0,R,14.0,R,0.0,R,14.0,R,6.0,R,43.0,R,2.0,R,0.0,R,2.0,R,1.0,R,50.0,R,14
458441,2011,R,61.0,R,185.0,R,33.0,R,20.0,Z,0.0,R,20.0,R,13.0,R,65.0,R,2.0,Z,0.0,R,2.0,R,1.0,R,50.0,R,12
458469,2011,R,112.0,R,232.0,R,48.0,R,44.0,R,0.0,R,44.0,R,31.0,R,70.0,R,2.0,R,0.0,R,2.0,R,0.0,R,0.0,R,23
458478,2011,A,,A,,A,,R,220.0,R,0.0,R,220.0,R,191.0,R,87.0,A,,A,,A,,A,,A,,R,14
458487,2011,A,,A,,A,,R,84.0,Z,0.0,R,84.0,R,70.0,R,83.0,R,24.0,Z,0.0,R,24.0,R,20.0,R,83.0,R,15
458496,2011,R,112.0,R,186.0,R,60.0,R,47.0,R,1.0,R,46.0,R,36.0,R,78.0,R,16.0,Z,0.0,R,16.0,R,2.0,R,13.0,R,23
458502,2011,R,56.0,R,292.0,R,19.0,R,2.0,R,0.0,R,2.0,R,0.0,R,0.0,R,0.0,R,0.0,R,0.0,R,0.0,A,,R,11
458557,2011,R,46.0,R,130.0,R,35.0,R,1.0,R,0.0,R,1.0,R,0.0,R,0.0,R,0.0,R,0.0,R,0.0,R,0.0,A,,R,12
458593,2011,R,172.0,R,224.0,R,77.0,R,213.0,R,0.0,R,213.0,R,143.0,R,67.0,R,95.0,R,0.0,R,95.0,R,67.0,R,71.0,R,19
458609,2011,A,,A,,A,,R,105.0,R,0.0,R,105.0,R,69.0,R,66.0,A,,A,,A,,A,,A,,R,22
458618,2011,A,,A,,A,,R,124.0,R,0.0,R,124.0,R,62.0,R,50.0,R,0.0,R,0.0,R,0.0,R,0.0,A,,R,24
458627,2011,A,,A,,A,,R,94.0,R,6.0,R,88.0,R,46.0,R,52.0,A,,A,,A,,A,,A,,R,8
458636,2011,A,,A,,A,,R,58.0,Z,0.0,R,58.0,R,37.0,R,64.0,A,,A,,A,,A,,A,,R,22
458645,2011,A,,A,,A,,R,58.0,Z,0.0,R,58.0,R,37.0,R,64.0,A,,A,,A,,A,,A,,R,20
458654,2011,A,,A,,A,,R,172.0,Z,0.0,R,172.0,R,134.0,R,78.0,A,,A,,A,,A,,A,,R,27
458663,2011,A,,A,,A,,R,83.0,R,0.0,R,83.0,R,83.0,R,100.0,A,,A,,A,,A,,A,,R,43
458672,2011,A,,A,,A,,R,8.0,R,0.0,R,8.0,R,8.0,R,100.0,R,5.0,R,0.0,R,5.0,R,5.0,R,100.0,R,3
458681,2011,A,,A,,A,,R,12.0,R,0.0,R,12.0,R,11.0,R,92.0,A,,A,,A,,A,,A,,R,12
458690,2011,A,,A,,A,,R,126.0,R,0.0,R,126.0,R,102.0,R,81.0,A,,A,,A,,A,,A,,R,51
458706,2011,A,,A,,A,,R,164.0,Z,0.0,R,164.0,R,116.0,R,71.0,A,,A,,A,,A,,A,,R,70
458715,2011,A,,A,,A,,R,29.0,R,0.0,R,29.0,R,25.0,R,86.0,A,,A,,A,,A,,A,,R,14
458733,2011,R,22.0,R,119.0,R,18.0,R,3.0,R,0.0,R,3.0,R,2.0,R,67.0,R,8.0,R,0.0,R,8.0,R,5.0,R,63.0,R,10
458742,2011,R,11.0,R,93.0,R,12.0,R,6.0,R,0.0,R,6.0,R,4.0,R,67.0,R,3.0,R,0.0,R,3.0,R,1.0,R,33.0,R,10
458751,2011,R,34.0,R,119.0,R,29.0,R,2.0,R,0.0,R,2.0,R,0.0,R,0.0,R,0.0,R,0.0,R,0.0,R,0.0,A,,R,10
458760,2011,R,18.0,R,123.0,R,15.0,R,3.0,R,0.0,R,3.0,R,2.0,R,67.0,R,6.0,R,0.0,R,6.0,R,4.0,R,67.0,R,10
458779,2011,R,15.0,R,147.0,R,10.0,R,3.0,R,0.0,R,3.0,R,2.0,R,67.0,R,2.0,R,0.0,R,2.0,R,1.0,R,50.0,R,10
458797,2011,A,,A,,A,,R,232.0,R,0.0,R,232.0,R,221.0,R,95.0,A,,A,,A,,A,,A,,R,20
458803,2011,A,,A,,A,,R,33.0,Z,0.0,R,33.0,R,17.0,R,52.0,R,0.0,Z,0.0,R,0.0,R,0.0,A,,R,14
458812,2011,A,,A,,A,,R,22.0,Z,0.0,R,22.0,R,16.0,R,73.0,A,,A,,A,,A,,A,,R,19
458821,2011,A,,A,,A,,R,29.0,Z,0.0,R,29.0,R,12.0,R,41.0,A,,A,,A,,A,,A,,R,15
458830,2011,A,,A,,A,,R,50.0,R,1.0,R,49.0,R,32.0,R,65.0,R,0.0,Z,0.0,R,0.0,R,0.0,A,,R,25
458849,2011,A,,A,,A,,R,17.0,Z,0.0,R,17.0,R,12.0,R,71.0,R,5.0,Z,0.0,R,5.0,R,4.0,R,80.0,R,18
458858,2011,A,,A,,A,,R,26.0,R,1.0,R,25.0,R,17.0,R,68.0,A,,A,,A,,A,,A,,R,20
458867,2011,A,,A,,A,,R,0.0,Z,0.0,R,0.0,R,0.0,A,,R,0.0,Z,0.0,R,0.0,R,0.0,A,,R,24
458885,2011,A,,A,,A,,R,1.0,R,0.0,R,1.0,R,0.0,R,0.0,R,107.0,R,0.0,R,107.0,R,14.0,R,13.0,R,8
458919,2011,R,23.0,R,1402.0,R,2.0,R,21.0,R,0.0,R,21.0,R,6.0,R,29.0,R,554.0,R,0.0,R,554.0,R,192.0,R,35.0,R,21
458937,2011,R,1.0,R,66.0,R,2.0,R,0.0,R,0.0,R,0.0,R,0.0,A,,R,46.0,R,0.0,R,46.0,R,14.0,R,30.0,R,15
458955,2011,R,1.0,R,123.0,R,1.0,R,2.0,R,0.0,R,2.0,R,0.0,R,0.0,R,47.0,R,0.0,R,47.0,R,11.0,R,23.0,R,11
458964,2011,R,6.0,R,427.0,R,1.0,R,7.0,R,0.0,R,7.0,R,4.0,R,57.0,R,208.0,R,0.0,R,208.0,R,50.0,R,24.0,R,25
458973,2011,R,2.0,R,400.0,R,1.0,R,4.0,R,0.0,R,4.0,R,2.0,R,50.0,R,67.0,R,0.0,R,67.0,R,21.0,R,31.0,R,12
458982,2011,R,115.0,R,321.0,R,36.0,R,31.0,R,0.0,R,31.0,R,24.0,R,77.0,R,39.0,R,0.0,R,39.0,R,11.0,R,28.0,R,14
458991,2011,R,41.0,R,117.0,R,35.0,R,15.0,R,0.0,R,15.0,R,6.0,R,40.0,R,1.0,R,0.0,R,1.0,R,0.0,R,0.0,R,16
459000,2011,A,,A,,A,,R,37.0,Z,0.0,R,37.0,R,13.0,R,35.0,R,4.0,Z,0.0,R,4.0,R,2.0,R,50.0,R,18
459019,2011,A,,A,,A,,R,21.0,R,3.0,R,18.0,R,10.0,R,56.0,R,5.0,Z,0.0,R,5.0,R,4.0,R,80.0,R,19
459028,2011,A,,A,,A,,R,16.0,Z,0.0,R,16.0,R,9.0,R,56.0,R,1.0,Z,0.0,R,1.0,R,0.0,R,0.0,R,12
459037,2011,A,,A,,A,,R,28.0,Z,0.0,R,28.0,R,13.0,R,46.0,R,8.0,Z,0.0,R,8.0,R,5.0,R,63.0,R,22
459046,2011,A,,A,,A,,R,17.0,Z,0.0,R,17.0,R,6.0,R,35.0,R,8.0,Z,0.0,R,8.0,R,5.0,R,63.0,R,18
459055,2011,A,,A,,A,,R,17.0,Z,0.0,R,17.0,R,13.0,R,76.0,A,,A,,A,,A,,A,,R,12
459064,2011,A,,A,,A,,R,34.0,R,1.0,R,33.0,R,18.0,R,55.0,R,0.0,Z,0.0,R,0.0,R,0.0,A,,R,20
459073,2011,A,,A,,A,,R,20.0,Z,0.0,R,20.0,R,13.0,R,65.0,A,,A,,A,,A,,A,,R,20
459091,2011,R,3.0,R,25.0,R,12.0,R,8.0,R,0.0,R,8.0,R,3.0,R,38.0,R,2.0,R,0.0,R,2.0,R,1.0,R,50.0,R,5
459107,2011,R,60.0,R,221.0,R,27.0,R,1.0,R,0.0,R,1.0,R,0.0,R,0.0,R,0.0,R,0.0,R,0.0,R,0.0,A,,R,11
459116,2011,A,,A,,A,,R,65.0,R,0.0,R,65.0,R,53.0,R,82.0,R,12.0,R,0.0,R,12.0,R,9.0,R,75.0,R,15
459125,2011,A,,A,,A,,R,4.0,R,0.0,R,4.0,R,4.0,R,100.0,A,,A,,A,,A,,A,,R,14
459134,2011,A,,A,,A,,R,5.0,Z,0.0,R,5.0,R,5.0,R,100.0,R,5.0,Z,0.0,R,5.0,R,5.0,R,100.0,R,10
459143,2011,A,,A,,A,,R,17.0,R,0.0,R,17.0,R,14.0,R,82.0,R,4.0,R,0.0,R,4.0,R,4.0,R,100.0,R,10
459152,2011,A,,A,,A,,R,29.0,R,0.0,R,29.0,R,22.0,R,76.0,R,42.0,R,0.0,R,42.0,R,37.0,R,88.0,R,10
459161,2011,A,,A,,A,,R,3.0,R,0.0,R,3.0,R,3.0,R,100.0,R,4.0,R,0.0,R,4.0,R,4.0,R,100.0,R,6
459170,2011,A,,A,,A,,R,52.0,R,0.0,R,52.0,R,46.0,R,88.0,R,0.0,R,0.0,R,0.0,R,0.0,A,,R,16
459189,2011,A,,A,,A,,R,1.0,R,0.0,R,1.0,R,1.0,R,100.0,R,22.0,R,0.0,R,22.0,R,22.0,R,100.0,R,20
459198,2011,A,,A,,A,,R,64.0,R,0.0,R,64.0,R,58.0,R,91.0,R,0.0,R,0.0,R,0.0,R,0.0,A,,R,15
459204,2011,A,,A,,A,,R,0.0,R,0.0,R,0.0,R,0.0,A,,A,,A,,A,,A,,A,,R,19
459213,2011,A,,A,,A,,R,222.0,R,0.0,R,222.0,R,156.0,R,70.0,A,,A,,A,,A,,A,,R,15
459231,2011,A,,A,,A,,R,128.0,Z,0.0,R,128.0,R,110.0,R,86.0,R,4.0,Z,0.0,R,4.0,R,4.0,R,100.0,R,15
459259,2011,R,31.0,R,250.0,R,12.0,R,46.0,R,0.0,R,46.0,R,16.0,R,35.0,R,20.0,R,0.0,R,20.0,R,4.0,R,20.0,R,16
459268,2011,R,44.0,R,190.0,R,23.0,R,9.0,R,0.0,R,9.0,R,9.0,R,100.0,R,7.0,R,0.0,R,7.0,R,7.0,R,100.0,R,9
459277,2011,A,,A,,A,,R,301.0,R,0.0,R,301.0,R,171.0,R,57.0,A,,A,,A,,A,,A,,R,15
459286,2011,A,,A,,A,,R,104.0,Z,0.0,R,104.0,R,73.0,R,70.0,R,30.0,Z,0.0,R,30.0,R,20.0,R,67.0,R,15
459295,2011,A,,A,,A,,R,27.0,R,1.0,R,26.0,R,24.0,R,92.0,R,6.0,R,0.0,R,6.0,R,6.0,R,100.0,R,9
459301,2011,A,,A,,A,,R,26.0,R,0.0,R,26.0,R,19.0,R,73.0,R,13.0,R,0.0,R,13.0,R,5.0,R,38.0,R,13
459310,2011,A,,A,,A,,R,19.0,R,0.0,R,19.0,R,19.0,R,100.0,A,,A,,A,,A,,A,,R,10
459329,2011,A,,A,,A,,R,104.0,Z,0.0,R,104.0,R,95.0,R,91.0,R,18.0,R,0.0,R,18.0,R,18.0,R,100.0,R,7
459338,2011,A,,A,,A,,R,21.0,Z,0.0,R,21.0,R,19.0,R,90.0,A,,A,,A,,A,,A,,R,17
459347,2011,A,,A,,A,,R,12.0,R,0.0,R,12.0,R,11.0,R,92.0,R,0.0,R,0.0,R,0.0,R,0.0,A,,R,5
459356,2011,A,,A,,A,,R,15.0,R,0.0,R,15.0,R,11.0,R,73.0,R,28.0,R,0.0,R,28.0,R,26.0,R,93.0,R,11
459365,2011,A,,A,,A,,R,9.0,R,0.0,R,9.0,R,8.0,R,89.0,R,1.0,R,0.0,R,1.0,R,0.0,R,0.0,R,5
459374,2011,A,,A,,A,,A,,A,,A,,A,,A,,A,,A,,A,,A,,A,,R,7
459392,2011,A,,A,,A,,R,67.0,R,0.0,R,67.0,R,60.0,R,90.0,R,3.0,R,0.0,R,3.0,R,0.0,R,0.0,R,13
459408,2011,A,,A,,A,,R,41.0,R,0.0,R,41.0,R,37.0,R,90.0,R,10.0,R,0.0,R,10.0,R,10.0,R,100.0,R,9
459417,2011,R,27.0,R,27.0,R,100.0,R,7.0,R,0.0,R,7.0,R,6.0,R,86.0,A,,A,,A,,A,,A,,R,15
459426,2011,A,,A,,A,,R,45.0,R,0.0,R,45.0,R,40.0,R,89.0,R,0.0,R,0.0,R,0.0,R,0.0,A,,R,21
459435,2011,A,,A,,A,,R,23.0,R,0.0,R,23.0,R,17.0,R,74.0,A,,A,,A,,A,,A,,R,2
459444,2011,A,,A,,A,,R,0.0,R,0.0,R,0.0,R,0.0,A,,R,0.0,R,0.0,R,0.0,R,0.0,A,,R,8
459453,2011,A,,A,,A,,R,54.0,R,0.0,R,54.0,R,49.0,R,91.0,R,2.0,R,0.0,R,2.0,R,2.0,R,100.0,R,19
459462,2011,A,,A,,A,,R,146.0,R,0.0,R,146.0,R,107.0,R,73.0,R,35.0,R,0.0,R,35.0,R,25.0,R,71.0,R,35
459471,2011,A,,A,,A,,R,5.0,R,0.0,R,5.0,R,3.0,R,60.0,R,8.0,R,0.0,R,8.0,R,7.0,R,88.0,R,7
459480,2011,A,,A,,A,,R,7.0,R,0.0,R,7.0,R,5.0,R,71.0,A,,A,,A,,A,,A,,R,13
459499,2011,A,,A,,A,,A,,A,,A,,A,,A,,A,,A,,A,,A,,A,,R,10
459514,2011,A,,A,,A,,A,,A,,A,,A,,A,,A,,A,,A,,A,,A,,R,15
459523,2011,A,,A,,A,,R,20.0,R,0.0,R,20.0,R,17.0,R,85.0,R,1.0,R,0.0,R,1.0,R,1.0,R,100.0,R,17
459532,2011,A,,A,,A,,R,78.0,R,0.0,R,78.0,R,36.0,R,46.0,R,68.0,R,0.0,R,68.0,R,14.0,R,21.0,R,22
459541,2011,A,,A,,A,,R,13.0,R,0.0,R,13.0,R,8.0,R,62.0,R,2.0,R,0.0,R,2.0,R,2.0,R,100.0,R,9
459550,2011,A,,A,,A,,R,18.0,R,0.0,R,18.0,R,13.0,R,72.0,A,,A,,A,,A,,A,,R,16
459569,2011,A,,A,,A,,R,5.0,R,0.0,R,5.0,R,1.0,R,20.0,A,,A,,A,,A,,A,,R,3
459578,2011,A,,A,,A,,R,59.0,R,0.0,R,59.0,R,48.0,R,81.0,R,19.0,R,0.0,R,19.0,R,16.0,R,84.0,R,17
459587,2011,R,32.0,R,73.0,R,44.0,R,0.0,R,0.0,R,0.0,R,0.0,A,,R,0.0,R,0.0,R,0.0,R,0.0,A,,R,10
459596,2011,R,29.0,R,42.0,R,69.0,R,0.0,R,0.0,R,0.0,R,0.0,A,,R,0.0,R,0.0,R,0.0,R,0.0,A,,R,12
459602,2011,R,10.0,R,18.0,R,56.0,R,0.0,R,0.0,R,0.0,R,0.0,A,,R,0.0,R,0.0,R,0.0,R,0.0,A,,R,13
459611,2011,R,28.0,R,57.0,R,49.0,R,0.0,R,0.0,R,0.0,R,0.0,A,,R,0.0,R,0.0,R,0.0,R,0.0,A,,R,24
459620,2011,R,15.0,R,28.0,R,54.0,R,0.0,R,0.0,R,0.0,R,0.0,A,,R,0.0,R,0.0,R,0.0,R,0.0,A,,R,13
459639,2011,R,64.0,R,75.0,R,85.0,R,0.0,R,0.0,R,0.0,R,0.0,A,,R,0.0,R,0.0,R,0.0,R,0.0,A,,R,57
459648,2011,R,8.0,R,9.0,R,89.0,R,0.0,R,0.0,R,0.0,R,0.0,A,,R,0.0,R,0.0,R,0.0,R,0.0,A,,R,23
459657,2011,R,14.0,R,28.0,R,50.0,R,0.0,R,0.0,R,0.0,R,0.0,A,,R,0.0,R,0.0,R,0.0,R,0.0,A,,R,15
459666,2011,R,19.0,R,26.0,R,73.0,R,0.0,R,0.0,R,0.0,R,0.0,A,,R,0.0,R,0.0,R,0.0,R,0.0,A,,R,18
459675,2011,R,19.0,R,22.0,R,86.0,R,0.0,R,0.0,R,0.0,R,0.0,A,,R,0.0,R,0.0,R,0.0,R,0.0,A,,R,21
459684,2011,R,47.0,R,62.0,R,76.0,R,0.0,R,0.0,R,0.0,R,0.0,A,,R,0.0,R,0.0,R,0.0,R,0.0,A,,R,25
459693,2011,R,42.0,R,53.0,R,79.0,R,0.0,R,0.0,R,0.0,R,0.0,A,,R,0.0,R,0.0,R,0.0,R,0.0,A,,R,26
459709,2011,R,26.0,R,38.0,R,68.0,R,0.0,R,0.0,R,0.0,R,0.0,A,,R,0.0,R,0.0,R,0.0,R,0.0,A,,R,19
459718,2011,R,89.0,R,111.0,R,80.0,R,0.0,R,0.0,R,0.0,R,0.0,A,,R,0.0,R,0.0,R,0.0,R,0.0,A,,R,25
459727,2011,R,5.0,R,26.0,R,19.0,R,9.0,R,0.0,R,9.0,R,8.0,R,89.0,R,0.0,R,0.0,R,0.0,R,0.0,A,,R,12
459815,2011,A,,A,,A,,R,140.0,R,0.0,R,140.0,R,102.0,R,73.0,A,,A,,A,,A,,A,,R,21
459824,2011,A,,A,,A,,A,,A,,A,,A,,A,,A,,A,,A,,A,,A,,R,11
459833,2011,R,5.0,R,16.0,R,31.0,R,1.0,R,0.0,R,1.0,R,0.0,R,0.0,R,1.0,R,0.0,R,1.0,R,1.0,R,100.0,R,3
459842,2011,R,33.0,R,94.0,R,35.0,R,9.0,R,0.0,R,9.0,R,5.0,R,56.0,R,2.0,R,0.0,R,2.0,R,0.0,R,0.0,R,16
459851,2011,R,27.0,R,82.0,R,33.0,R,7.0,R,0.0,R,7.0,R,2.0,R,29.0,R,1.0,R,0.0,R,1.0,R,0.0,R,0.0,R,10
459860,2011,A,,A,,A,,R,152.0,Z,0.0,R,152.0,R,103.0,R,68.0,R,21.0,Z,0.0,R,21.0,R,14.0,R,67.0,R,16
459879,2011,A,,A,,A,,R,106.0,Z,0.0,R,106.0,R,75.0,R,71.0,R,11.0,Z,0.0,R,11.0,R,9.0,R,82.0,R,8
459888,2011,A,,A,,A,,R,52.0,Z,0.0,R,52.0,R,41.0,R,79.0,R,38.0,Z,0.0,R,38.0,R,26.0,R,68.0,R,9
459897,2011,A,,A,,A,,R,23.0,Z,0.0,R,23.0,R,16.0,R,70.0,R,5.0,Z,0.0,R,5.0,R,3.0,R,60.0,R,6
459903,2011,A,,A,,A,,R,75.0,Z,0.0,R,75.0,R,51.0,R,68.0,R,3.0,Z,0.0,R,3.0,R,2.0,R,67.0,R,12
459912,2011,A,,A,,A,,R,67.0,Z,0.0,R,67.0,R,52.0,R,78.0,R,12.0,Z,0.0,R,12.0,R,9.0,R,75.0,R,9
459921,2011,A,,A,,A,,R,30.0,Z,0.0,R,30.0,R,23.0,R,77.0,R,13.0,Z,0.0,R,13.0,R,10.0,R,77.0,R,7
459930,2011,R,113.0,R,226.0,R,50.0,R,197.0,R,0.0,R,197.0,R,124.0,R,63.0,R,84.0,R,0.0,R,84.0,R,59.0,R,70.0,R,29
459958,2011,A,,A,,A,,R,209.0,R,0.0,R,209.0,R,196.0,R,94.0,A,,A,,A,,A,,A,,R,25
459967,2011,A,,A,,A,,R,80.0,R,0.0,R,80.0,R,47.0,R,59.0,A,,A,,A,,A,,A,,R,8
459976,2011,A,,A,,A,,R,75.0,R,0.0,R,75.0,R,23.0,R,31.0,A,,A,,A,,A,,A,,R,21
459985,2011,A,,A,,A,,R,116.0,R,0.0,R,116.0,R,59.0,R,51.0,A,,A,,A,,A,,A,,R,10
459994,2011,R,5.0,R,1057.0,R,0.0,R,11.0,R,0.0,R,11.0,R,2.0,R,18.0,R,396.0,R,0.0,R,396.0,R,77.0,R,19.0,R,3
460002,2011,A,,A,,A,,R,33.0,Z,0.0,R,33.0,R,19.0,R,58.0,R,26.0,Z,0.0,R,26.0,R,13.0,R,50.0,R,20
460011,2011,A,,A,,A,,R,39.0,R,0.0,R,39.0,R,32.0,R,82.0,R,3.0,R,0.0,R,3.0,R,2.0,R,67.0,R,20
460020,2011,A,,A,,A,,R,70.0,R,0.0,R,70.0,R,43.0,R,61.0,A,,A,,A,,A,,A,,R,7
460039,2011,R,184.0,R,185.0,R,99.0,R,6.0,R,0.0,R,6.0,R,3.0,R,50.0,A,,A,,A,,A,,A,,R,11
460048,2011,R,52.0,R,175.0,R,30.0,R,4.0,R,0.0,R,4.0,R,0.0,R,0.0,A,,A,,A,,A,,A,,R,11
460057,2011,A,,A,,A,,R,10.0,R,0.0,R,10.0,R,10.0,R,100.0,R,8.0,R,0.0,R,8.0,R,8.0,R,100.0,R,4
460066,2011,A,,A,,A,,R,75.0,R,0.0,R,75.0,R,69.0,R,92.0,A,,A,,A,,A,,A,,R,20
460093,2011,A,,A,,A,,A,,A,,A,,A,,A,,A,,A,,A,,A,,A,,R,30
460109,2011,A,,A,,A,,A,,A,,A,,A,,A,,A,,A,,A,,A,,A,,R,15
460118,2011,A,,A,,A,,A,,A,,A,,A,,A,,A,,A,,A,,A,,A,,R,20
460127,2011,A,,A,,A,,A,,A,,A,,A,,A,,A,,A,,A,,A,,A,,R,13
460136,2011,A,,A,,A,,R,28.0,R,0.0,R,28.0,R,25.0,R,89.0,A,,A,,A,,A,,A,,R,25
460145,2011,A,,A,,A,,R,21.0,R,1.0,R,20.0,R,14.0,R,70.0,A,,A,,A,,A,,A,,R,31
460172,2011,A,,A,,A,,R,14.0,R,0.0,R,14.0,R,11.0,R,79.0,A,,A,,A,,A,,A,,R,49
460181,2011,A,,A,,A,,R,69.0,R,0.0,R,69.0,R,44.0,R,64.0,A,,A,,A,,A,,A,,R,20
460190,2011,A,,A,,A,,R,88.0,R,0.0,R,88.0,R,61.0,R,69.0,A,,A,,A,,A,,A,,R,22
460206,2011,A,,A,,A,,R,117.0,Z,0.0,R,117.0,R,77.0,R,66.0,A,,A,,A,,A,,A,,R,29
460215,2011,R,100.0,R,181.0,R,55.0,R,57.0,R,2.0,R,55.0,R,43.0,R,78.0,R,11.0,R,1.0,R,10.0,R,5.0,R,50.0,R,14
460330,2011,A,,A,,A,,A,,A,,A,,A,,A,,A,,A,,A,,A,,A,,R,10
460349,2011,A,,A,,A,,A,,A,,A,,A,,A,,A,,A,,A,,A,,A,,R,3
460358,2011,A,,A,,A,,R,168.0,R,0.0,R,168.0,R,97.0,R,58.0,R,2.0,R,0.0,R,2.0,R,1.0,R,50.0,R,20
460367,2011,A,,A,,A,,R,104.0,R,1.0,R,103.0,R,82.0,R,80.0,A,,A,,A,,A,,A,,R,24
460394,2011,R,298.0,R,4357.0,R,7.0,R,366.0,Z,0.0,R,366.0,R,225.0,R,61.0,R,1307.0,Z,0.0,R,1307.0,R,509.0,R,39.0,R,26
460446,2011,A,,A,,A,,R,34.0,R,0.0,R,34.0,R,30.0,R,88.0,R,38.0,R,0.0,R,38.0,R,32.0,R,84.0,R,12
460455,2011,A,,A,,A,,R,0.0,R,0.0,R,0.0,R,0.0,A,,R,0.0,R,0.0,R,0.0,R,0.0,A,,R,6
460464,2011,R,454.0,R,3968.0,R,11.0,R,607.0,Z,0.0,R,607.0,R,419.0,R,69.0,R,1325.0,Z,0.0,R,1325.0,R,639.0,R,48.0,R,40
460473,2011,R,12.0,R,31.0,R,39.0,R,1.0,R,0.0,R,1.0,R,1.0,R,100.0,R,0.0,R,0.0,R,0.0,R,0.0,A,,R,3
460482,2011,A,,A,,A,,R,37.0,R,0.0,R,37.0,R,11.0,R,30.0,A,,A,,A,,A,,A,,R,31
460491,2011,A,,A,,A,,R,15.0,R,0.0,R,15.0,R,11.0,R,73.0,R,25.0,R,0.0,R,25.0,R,16.0,R,64.0,R,17
460507,2011,A,,A,,A,,R,35.0,R,0.0,R,35.0,R,29.0,R,83.0,R,3.0,R,0.0,R,3.0,R,2.0,R,67.0,R,10
460516,2011,A,,A,,A,,R,42.0,Z,0.0,R,42.0,R,21.0,R,50.0,A,,A,,A,,A,,A,,R,19
460525,2011,A,,A,,A,,R,39.0,Z,0.0,R,39.0,R,26.0,R,67.0,A,,A,,A,,A,,A,,R,13
460534,2011,A,,A,,A,,R,41.0,Z,0.0,R,41.0,R,25.0,R,61.0,A,,A,,A,,A,,A,,R,14
460552,2011,A,,A,,A,,R,6.0,R,0.0,R,6.0,R,6.0,R,100.0,R,2.0,R,0.0,R,2.0,R,2.0,R,100.0,R,15
460561,2011,A,,A,,A,,R,12.0,R,0.0,R,12.0,R,12.0,R,100.0,A,,A,,A,,A,,A,,R,13
460570,2011,A,,A,,A,,R,39.0,Z,0.0,R,39.0,R,29.0,R,74.0,R,11.0,R,0.0,R,11.0,R,9.0,R,82.0,R,12
460589,2011,A,,A,,A,,R,213.0,R,0.0,R,213.0,R,114.0,R,54.0,R,67.0,R,0.0,R,67.0,R,33.0,R,49.0,R,28
460598,2011,A,,A,,A,,R,163.0,R,0.0,R,163.0,R,89.0,R,55.0,R,27.0,R,0.0,R,27.0,R,15.0,R,56.0,R,38
460604,2011,A,,A,,A,,R,2.0,R,0.0,R,2.0,R,2.0,R,100.0,A,,A,,A,,A,,A,,R,12
460613,2011,R,174.0,R,196.0,R,89.0,R,21.0,R,0.0,R,21.0,R,6.0,R,29.0,A,,A,,A,,A,,A,,R,16
460631,2011,A,,A,,A,,R,21.0,R,0.0,R,21.0,R,14.0,R,67.0,A,,A,,A,,A,,A,,R,21
460640,2011,A,,A,,A,,R,17.0,R,0.0,R,17.0,R,11.0,R,65.0,R,7.0,R,0.0,R,7.0,R,7.0,R,100.0,R,50
460659,2011,A,,A,,A,,R,22.0,R,0.0,R,22.0,R,19.0,R,86.0,A,,A,,A,,A,,A,,R,12
460668,2011,A,,A,,A,,R,13.0,R,0.0,R,13.0,R,3.0,R,23.0,A,,A,,A,,A,,A,,R,16
460677,2011,A,,A,,A,,R,89.0,R,0.0,R,89.0,R,47.0,R,53.0,R,0.0,R,0.0,R,0.0,R,0.0,A,,R,19
460686,2011,A,,A,,A,,R,106.0,Z,0.0,R,106.0,R,48.0,R,45.0,A,,A,,A,,A,,A,,R,15
460695,2011,A,,A,,A,,R,51.0,R,0.0,R,51.0,R,33.0,R,65.0,A,,A,,A,,A,,A,,R,19
460701,2011,A,,A,,A,,R,31.0,R,0.0,R,31.0,R,19.0,R,61.0,R,5.0,R,0.0,R,5.0,R,4.0,R,80.0,R,15
460710,2011,A,,A,,A,,R,87.0,R,0.0,R,87.0,R,72.0,R,83.0,R,24.0,Z,0.0,R,24.0,R,19.0,R,79.0,R,17
460729,2011,A,,A,,A,,R,0.0,R,0.0,R,0.0,R,0.0,A,,R,0.0,R,0.0,R,0.0,R,0.0,A,,R,10
460738,2011,A,,A,,A,,R,0.0,R,0.0,R,0.0,R,0.0,A,,R,0.0,R,0.0,R,0.0,R,0.0,A,,R,16
460747,2011,R,146.0,R,268.0,R,54.0,R,115.0,R,0.0,R,115.0,R,91.0,R,79.0,A,,A,,A,,A,,A,,R,14
460756,2011,A,,A,,A,,A,,A,,A,,A,,A,,A,,A,,A,,A,,A,,R,12
460765,2011,A,,A,,A,,R,21.0,Z,0.0,R,21.0,R,17.0,R,81.0,A,,A,,A,,A,,A,,R,8
460774,2011,R,116.0,R,148.0,R,78.0,R,0.0,R,0.0,R,0.0,R,0.0,A,,R,0.0,R,0.0,R,0.0,R,0.0,A,,R,17
460783,2011,A,,A,,A,,R,40.0,R,0.0,R,40.0,R,22.0,R,55.0,A,,A,,A,,A,,A,,R,14
460808,2011,A,,A,,A,,A,,A,,A,,A,,A,,A,,A,,A,,A,,A,,R,7
460817,2011,R,94.0,R,218.0,R,43.0,R,0.0,Z,0.0,R,0.0,Z,0.0,A,,R,0.0,Z,0.0,R,0.0,Z,0.0,A,,R,31
460826,2011,R,41.0,R,158.0,R,26.0,R,1.0,Z,0.0,R,1.0,R,1.0,R,100.0,R,3.0,Z,0.0,R,3.0,R,1.0,R,33.0,R,21
460835,2011,R,103.0,R,301.0,R,34.0,R,40.0,Z,0.0,R,40.0,R,19.0,R,48.0,R,82.0,Z,0.0,R,82.0,R,43.0,R,52.0,R,24
460844,2011,R,68.0,R,214.0,R,32.0,R,50.0,R,0.0,R,50.0,R,50.0,R,100.0,R,0.0,R,0.0,R,0.0,R,0.0,A,,R,25
460853,2011,R,13.0,R,16.0,R,81.0,R,0.0,R,0.0,R,0.0,R,0.0,A,,R,0.0,R,0.0,R,0.0,R,0.0,A,,R,23
460862,2011,A,,A,,A,,R,74.0,R,0.0,R,74.0,R,55.0,R,74.0,R,16.0,R,0.0,R,16.0,R,13.0,R,81.0,R,18
460871,2011,R,7.0,R,145.0,R,5.0,R,2.0,R,0.0,R,2.0,R,1.0,R,50.0,R,1.0,R,0.0,R,1.0,R,1.0,R,100.0,R,19
460899,2011,A,,A,,A,,R,13.0,R,0.0,R,13.0,R,5.0,R,38.0,A,,A,,A,,A,,A,,R,18
460905,2011,A,,A,,A,,R,16.0,R,0.0,R,16.0,R,13.0,R,81.0,R,5.0,R,0.0,R,5.0,R,2.0,R,40.0,R,11
460914,2011,A,,A,,A,,R,110.0,R,0.0,R,110.0,R,109.0,R,99.0,A,,A,,A,,A,,A,,R,15
460923,2011,R,119.0,R,163.0,R,73.0,R,0.0,R,0.0,R,0.0,R,0.0,A,,R,0.0,R,0.0,R,0.0,R,0.0,A,,R,15
460932,2011,A,,A,,A,,R,31.0,R,0.0,R,31.0,R,31.0,R,100.0,A,,A,,A,,A,,A,,R,24
460950,2011,A,,A,,A,,A,,A,,A,,A,,A,,A,,A,,A,,A,,A,,R,10
460969,2011,A,,A,,A,,R,64.0,R,0.0,R,64.0,R,63.0,R,98.0,R,42.0,R,0.0,R,42.0,R,42.0,R,100.0,R,20
460978,2011,A,,A,,A,,R,168.0,R,0.0,R,168.0,R,137.0,R,82.0,R,55.0,R,0.0,R,55.0,R,39.0,R,71.0,R,11
460987,2011,A,,A,,A,,R,12.0,R,0.0,R,12.0,R,9.0,R,75.0,R,9.0,R,0.0,R,9.0,R,7.0,R,78.0,R,7
460996,2011,A,,A,,A,,R,15.0,R,0.0,R,15.0,R,12.0,R,80.0,R,0.0,R,0.0,R,0.0,R,0.0,A,,R,10
461005,2011,R,27.0,R,29.0,R,93.0,R,0.0,R,0.0,R,0.0,R,0.0,A,,A,,A,,A,,A,,A,,R,7
461014,2011,A,,A,,A,,R,144.0,R,0.0,R,144.0,R,100.0,R,69.0,R,0.0,R,0.0,R,0.0,R,0.0,A,,R,21
461023,2011,A,,A,,A,,R,1.0,R,0.0,R,1.0,R,1.0,R,100.0,R,1.0,R,0.0,R,1.0,R,0.0,R,0.0,R,35
461032,2011,R,4.0,R,28.0,R,14.0,R,0.0,R,0.0,R,0.0,R,0.0,A,,R,1.0,R,0.0,R,1.0,R,0.0,R,0.0,R,9
461041,2011,A,,A,,A,,R,0.0,Z,0.0,R,0.0,R,0.0,A,,R,0.0,R,0.0,R,0.0,R,0.0,A,,R,25
461111,2011,A,,A,,A,,R,28.0,R,0.0,R,28.0,R,21.0,R,75.0,R,2.0,R,0.0,R,2.0,R,2.0,R,100.0,R,11
461148,2011,A,,A,,A,,R,15.0,R,0.0,R,15.0,R,8.0,R,53.0,R,0.0,R,0.0,R,0.0,R,0.0,A,,R,8
461157,2011,A,,A,,A,,R,20.0,R,3.0,R,17.0,R,17.0,R,100.0,A,,A,,A,,A,,A,,R,6
461166,2011,A,,A,,A,,R,0.0,Z,0.0,R,0.0,Z,0.0,A,,A,,A,,A,,A,,A,,R,6
461175,2011,A,,A,,A,,R,64.0,R,0.0,R,64.0,R,54.0,R,84.0,R,17.0,R,0.0,R,17.0,R,15.0,R,88.0,R,6
461184,2011,A,,A,,A,,R,23.0,Z,0.0,R,23.0,R,16.0,R,70.0,A,,A,,A,,A,,A,,R,4
461193,2011,A,,A,,A,,R,38.0,R,0.0,R,38.0,R,34.0,R,89.0,R,3.0,R,0.0,R,3.0,R,1.0,R,33.0,R,15
461209,2011,A,,A,,A,,A,,A,,A,,A,,A,,A,,A,,A,,A,,A,,R,2
461218,2011,A,,A,,A,,A,,A,,A,,A,,A,,Z,0.0,Z,0.0,Z,0.0,Z,0.0,A,,R,1
461227,2011,A,,A,,A,,R,0.0,R,0.0,R,0.0,R,0.0,A,,R,2.0,R,0.0,R,2.0,R,2.0,R,100.0,R,25
461236,2011,R,3.0,R,20.0,R,15.0,R,5.0,R,0.0,R,5.0,R,4.0,R,80.0,R,0.0,R,0.0,R,0.0,R,0.0,A,,R,11
461245,2011,A,,A,,A,,R,96.0,R,0.0,R,96.0,R,69.0,R,72.0,R,12.0,R,0.0,R,12.0,R,6.0,R,50.0,R,10
461254,2011,A,,A,,A,,R,0.0,R,0.0,R,0.0,R,0.0,A,,A,,A,,A,,A,,A,,R,6
461263,2011,A,,A,,A,,R,55.0,R,0.0,R,55.0,R,50.0,R,91.0,A,,A,,A,,A,,A,,R,14
461272,2011,A,,A,,A,,R,5.0,R,0.0,R,5.0,R,5.0,R,100.0,R,1.0,R,0.0,R,1.0,R,1.0,R,100.0,R,11
461281,2011,R,26.0,R,107.0,R,24.0,R,0.0,R,0.0,R,0.0,R,0.0,A,,R,0.0,R,0.0,R,0.0,R,0.0,A,,R,9
461290,2011,A,,A,,A,,R,0.0,R,0.0,R,0.0,R,0.0,A,,R,0.0,R,0.0,R,0.0,R,0.0,A,,R,5
461306,2011,A,,A,,A,,R,5.0,R,0.0,R,5.0,R,2.0,R,40.0,R,31.0,R,0.0,R,31.0,R,14.0,R,45.0,R,4
461315,2011,R,18.0,R,36.0,R,50.0,R,3.0,R,0.0,R,3.0,R,1.0,R,33.0,R,5.0,R,0.0,R,5.0,R,2.0,R,40.0,R,9
461324,2011,A,,A,,A,,A,,A,,A,,A,,A,,A,,A,,A,,A,,A,,R,24
461333,2011,A,,A,,A,,A,,A,,A,,A,,A,,A,,A,,A,,A,,A,,R,2
461342,2011,A,,A,,A,,R,7.0,R,0.0,R,7.0,R,7.0,R,100.0,R,2.0,R,0.0,R,2.0,R,2.0,R,100.0,R,15
461351,2011,A,,A,,A,,R,19.0,R,2.0,R,17.0,R,16.0,R,94.0,R,816.0,R,94.0,R,722.0,R,689.0,R,95.0,R,22
461360,2011,A,,A,,A,,R,12.0,Z,0.0,R,12.0,R,11.0,R,92.0,R,3.0,Z,0.0,R,3.0,R,3.0,R,100.0,R,20
461379,2011,A,,A,,A,,A,,A,,A,,A,,A,,A,,A,,A,,A,,A,,R,3
461388,2011,A,,A,,A,,R,0.0,R,0.0,R,0.0,R,0.0,A,,A,,A,,A,,A,,A,,R,30
461397,2011,A,,A,,A,,R,48.0,R,0.0,R,48.0,R,36.0,R,75.0,R,24.0,Z,0.0,R,24.0,R,18.0,R,75.0,R,24
461403,2011,A,,A,,A,,R,6.0,R,0.0,R,6.0,R,4.0,R,67.0,A,,A,,A,,A,,A,,R,20
461412,2011,A,,A,,A,,A,,A,,A,,A,,A,,A,,A,,A,,A,,A,,R,14
461421,2011,A,,A,,A,,R,34.0,R,0.0,R,34.0,R,27.0,R,79.0,R,0.0,R,0.0,R,0.0,R,0.0,A,,R,14
461430,2011,A,,A,,A,,A,,A,,A,,A,,A,,A,,A,,A,,A,,A,,R,14
461449,2011,A,,A,,A,,R,70.0,R,0.0,R,70.0,R,60.0,R,86.0,R,1.0,R,0.0,R,1.0,R,1.0,R,100.0,R,18
461458,2011,A,,A,,A,,R,0.0,R,0.0,R,0.0,R,0.0,A,,R,0.0,R,0.0,R,0.0,R,0.0,A,,R,7
461467,2011,A,,A,,A,,R,14.0,Z,0.0,R,14.0,R,3.0,R,21.0,R,22.0,Z,0.0,R,22.0,R,5.0,R,23.0,R,10
461476,2011,A,,A,,A,,R,0.0,R,0.0,R,0.0,R,0.0,A,,R,0.0,R,0.0,R,0.0,R,0.0,A,,R,10
461485,2011,A,,A,,A,,R,0.0,R,0.0,R,0.0,R,0.0,A,,R,2.0,R,0.0,R,2.0,R,0.0,R,0.0,R,7
461494,2011,A,,A,,A,,R,38.0,R,0.0,R,38.0,R,27.0,R,71.0,R,0.0,R,0.0,R,0.0,R,0.0,A,,R,15
461500,2011,A,,A,,A,,R,3.0,R,0.0,R,3.0,R,2.0,R,67.0,R,8.0,R,0.0,R,8.0,R,6.0,R,75.0,R,14
461519,2011,A,,A,,A,,A,,A,,A,,A,,A,,A,,A,,A,,A,,A,,R,16
461528,2011,R,5.0,R,13.0,R,38.0,R,22.0,R,0.0,R,22.0,R,10.0,R,45.0,R,21.0,R,0.0,R,21.0,R,10.0,R,48.0,R,10
461537,2011,A,,A,,A,,R,6.0,R,0.0,R,6.0,R,5.0,R,83.0,A,,A,,A,,A,,A,,R,16
461546,2011,A,,A,,A,,R,37.0,Z,0.0,R,37.0,R,34.0,R,92.0,R,9.0,Z,0.0,R,9.0,R,4.0,R,44.0,R,13
461555,2011,A,,A,,A,,R,31.0,R,0.0,R,31.0,R,23.0,R,74.0,A,,A,,A,,A,,A,,R,11
461564,2011,A,,A,,A,,R,0.0,R,0.0,R,0.0,R,0.0,A,,R,0.0,R,0.0,R,0.0,R,0.0,A,,R,15
461573,2011,A,,A,,A,,R,27.0,Z,0.0,R,27.0,R,23.0,R,85.0,A,,A,,A,,A,,A,,R,11
461582,2011,A,,A,,A,,A,,A,,A,,A,,A,,A,,A,,A,,A,,A,,R,25
461591,2011,A,,A,,A,,R,27.0,R,0.0,R,27.0,R,24.0,R,89.0,R,10.0,R,0.0,R,10.0,R,9.0,R,90.0,R,15
461607,2011,A,,A,,A,,R,5.0,R,0.0,R,5.0,R,5.0,R,100.0,R,0.0,R,0.0,R,0.0,R,0.0,A,,R,14
461616,2011,A,,A,,A,,R,7.0,R,0.0,R,7.0,R,7.0,R,100.0,R,6.0,R,0.0,R,6.0,R,6.0,R,100.0,R,7
461625,2011,A,,A,,A,,R,25.0,R,0.0,R,25.0,R,25.0,R,100.0,A,,A,,A,,A,,A,,R,14
461634,2011,A,,A,,A,,R,55.0,R,0.0,R,55.0,R,27.0,R,49.0,R,114.0,R,0.0,R,114.0,R,105.0,R,92.0,R,41
461643,2011,A,,A,,A,,A,,A,,A,,A,,A,,A,,A,,A,,A,,A,,R,2
461652,2011,A,,A,,A,,R,43.0,R,0.0,R,43.0,R,35.0,R,81.0,R,5.0,R,0.0,R,5.0,R,5.0,R,100.0,R,8
461661,2011,A,,A,,A,,R,40.0,R,0.0,R,40.0,R,35.0,R,88.0,R,18.0,R,0.0,R,18.0,R,15.0,R,83.0,R,15
461670,2011,A,,A,,A,,R,7.0,R,0.0,R,7.0,R,4.0,R,57.0,R,17.0,R,0.0,R,17.0,R,16.0,R,94.0,R,4
461689,2011,A,,A,,A,,R,38.0,R,0.0,R,38.0,R,30.0,R,79.0,A,,A,,A,,A,,A,,R,25
461698,2011,A,,A,,A,,R,8.0,R,0.0,R,8.0,R,6.0,R,75.0,R,1.0,R,0.0,R,1.0,R,0.0,R,0.0,R,20
461704,2011,A,,A,,A,,R,72.0,R,0.0,R,72.0,R,52.0,R,72.0,R,30.0,R,0.0,R,30.0,R,29.0,R,97.0,R,18
461713,2011,A,,A,,A,,A,,A,,A,,A,,A,,A,,A,,A,,A,,A,,R,17
461722,2011,A,,A,,A,,R,13.0,R,0.0,R,13.0,R,11.0,R,85.0,R,13.0,R,0.0,R,13.0,R,11.0,R,85.0,R,14
461731,2011,A,,A,,A,,R,0.0,R,0.0,R,0.0,R,0.0,A,,R,0.0,R,0.0,R,0.0,R,0.0,A,,R,14
461740,2011,A,,A,,A,,R,13.0,Z,0.0,R,13.0,R,2.0,R,15.0,R,0.0,R,0.0,R,0.0,R,0.0,A,,R,7
461759,2011,R,1.0,R,26.0,R,4.0,R,2.0,R,0.0,R,2.0,R,2.0,R,100.0,R,1.0,R,0.0,R,1.0,R,1.0,R,100.0,R,8
461768,2011,A,,A,,A,,A,,A,,A,,A,,A,,A,,A,,A,,A,,A,,R,16
461777,2011,R,0.0,R,1.0,R,0.0,R,11.0,R,0.0,R,11.0,R,11.0,R,100.0,R,0.0,R,0.0,R,0.0,R,0.0,A,,R,6
461786,2011,A,,A,,A,,R,13.0,R,0.0,R,13.0,R,13.0,R,100.0,A,,A,,A,,A,,A,,R,12
461795,2011,R,129.0,R,154.0,R,84.0,R,5.0,R,1.0,R,4.0,R,3.0,R,75.0,R,1.0,R,0.0,R,1.0,R,1.0,R,100.0,R,15
461801,2011,A,,A,,A,,R,11.0,R,0.0,R,11.0,R,11.0,R,100.0,R,1.0,R,0.0,R,1.0,R,1.0,R,100.0,R,9
461810,2011,A,,A,,A,,R,9.0,R,0.0,R,9.0,R,3.0,R,33.0,R,18.0,R,0.0,R,18.0,R,3.0,R,17.0,R,11
461829,2011,A,,A,,A,,R,56.0,R,0.0,R,56.0,R,39.0,R,70.0,A,,A,,A,,A,,A,,R,14
461838,2011,A,,A,,A,,A,,A,,A,,A,,A,,A,,A,,A,,A,,A,,R,30
461847,2011,R,12.0,R,16.0,R,75.0,Z,0.0,R,0.0,R,0.0,Z,0.0,A,,A,,A,,A,,A,,A,,R,8
461856,2011,A,,A,,A,,R,85.0,R,0.0,R,85.0,R,71.0,R,84.0,A,,A,,A,,A,,A,,R,11
461865,2011,A,,A,,A,,R,104.0,R,39.0,R,65.0,R,59.0,R,91.0,A,,A,,A,,A,,A,,R,30
461874,2011,A,,A,,A,,R,0.0,R,0.0,R,0.0,R,0.0,A,,R,0.0,R,0.0,R,0.0,R,0.0,A,,R,3
461883,2011,R,8.0,R,18.0,R,44.0,R,1.0,R,0.0,R,1.0,R,1.0,R,100.0,R,1.0,R,0.0,R,1.0,R,1.0,R,100.0,R,11
461892,2011,A,,A,,A,,R,4.0,R,0.0,R,4.0,R,4.0,R,100.0,R,1.0,R,0.0,R,1.0,R,0.0,R,0.0,R,13
461908,2011,A,,A,,A,,R,6.0,R,0.0,R,6.0,R,5.0,R,83.0,R,5.0,R,0.0,R,5.0,R,3.0,R,60.0,R,16
461917,2011,A,,A,,A,,R,75.0,Z,0.0,R,75.0,R,64.0,R,85.0,R,8.0,Z,0.0,R,8.0,R,8.0,R,100.0,R,15
461926,2011,A,,A,,A,,R,63.0,R,0.0,R,63.0,R,59.0,R,94.0,R,24.0,R,0.0,R,24.0,R,20.0,R,83.0,R,24
461935,2011,A,,A,,A,,R,6.0,R,0.0,R,6.0,R,6.0,R,100.0,R,0.0,R,0.0,R,0.0,R,0.0,A,,R,15
461944,2011,A,,A,,A,,R,15.0,R,0.0,R,15.0,R,13.0,R,87.0,A,,A,,A,,A,,A,,R,15
461953,2011,R,7.0,R,7.0,R,100.0,R,0.0,R,0.0,R,0.0,R,0.0,A,,R,0.0,R,0.0,R,0.0,R,0.0,A,,R,7
461962,2011,A,,A,,A,,R,45.0,R,0.0,R,45.0,R,39.0,R,87.0,R,50.0,R,0.0,R,50.0,R,40.0,R,80.0,R,21
461971,2011,A,,A,,A,,R,16.0,R,0.0,R,16.0,R,14.0,R,88.0,R,21.0,R,0.0,R,21.0,R,17.0,R,81.0,R,16
461980,2011,A,,A,,A,,R,21.0,R,0.0,R,21.0,R,18.0,R,86.0,R,8.0,R,0.0,R,8.0,R,8.0,R,100.0,R,15
461999,2011,A,,A,,A,,R,7.0,R,0.0,R,7.0,R,5.0,R,71.0,A,,A,,A,,A,,A,,R,17
462008,2011,A,,A,,A,,R,77.0,R,0.0,R,77.0,R,66.0,R,86.0,R,9.0,R,0.0,R,9.0,R,9.0,R,100.0,R,15
462017,2011,A,,A,,A,,R,14.0,R,0.0,R,14.0,R,8.0,R,57.0,R,0.0,R,0.0,R,0.0,R,0.0,A,,R,15
462026,2011,A,,A,,A,,R,4.0,Z,0.0,R,4.0,R,3.0,R,75.0,A,,A,,A,,A,,A,,R,20
462035,2011,A,,A,,A,,R,0.0,R,0.0,R,0.0,R,0.0,A,,R,0.0,R,0.0,R,0.0,R,0.0,A,,R,15
462053,2011,A,,A,,A,,Z,0.0,Z,0.0,Z,0.0,Z,0.0,A,,A,,A,,A,,A,,A,,R,20
462062,2011,A,,A,,A,,R,4.0,R,0.0,R,4.0,R,3.0,R,75.0,R,0.0,R,0.0,R,0.0,R,0.0,A,,R,10
462071,2011,A,,A,,A,,R,55.0,R,0.0,R,55.0,R,47.0,R,85.0,R,18.0,R,0.0,R,18.0,R,16.0,R,89.0,R,15
462239,2011,R,13.0,R,32.0,R,41.0,R,0.0,R,0.0,R,0.0,R,0.0,A,,R,0.0,R,0.0,R,0.0,R,0.0,A,,R,7
462257,2011,R,8.0,R,9.0,R,89.0,R,0.0,R,0.0,R,0.0,R,0.0,A,,R,0.0,R,0.0,R,0.0,R,0.0,A,,R,11
462266,2011,R,15.0,R,15.0,R,100.0,R,0.0,R,0.0,R,0.0,R,0.0,A,,R,0.0,R,0.0,R,0.0,R,0.0,A,,R,20
462293,2011,A,,A,,A,,R,166.0,R,0.0,R,166.0,R,31.0,R,19.0,R,0.0,R,0.0,R,0.0,R,0.0,A,,R,20
462309,2011,A,,A,,A,,A,,A,,A,,A,,A,,A,,A,,A,,A,,A,,R,15
462318,2011,A,,A,,A,,A,,A,,A,,A,,A,,A,,A,,A,,A,,A,,R,15
462327,2011,A,,A,,A,,A,,A,,A,,A,,A,,A,,A,,A,,A,,A,,R,15
462336,2011,A,,A,,A,,R,0.0,R,0.0,R,0.0,R,0.0,A,,R,0.0,R,0.0,R,0.0,R,0.0,A,,R,25
462345,2011,A,,A,,A,,R,34.0,R,0.0,R,34.0,R,32.0,R,94.0,R,19.0,R,0.0,R,19.0,R,16.0,R,84.0,R,9
462354,2011,R,30.0,R,60.0,R,50.0,R,34.0,R,0.0,R,34.0,R,23.0,R,68.0,R,1.0,R,0.0,R,1.0,R,1.0,R,100.0,R,10
462363,2011,R,34.0,R,48.0,R,71.0,R,0.0,R,0.0,R,0.0,R,0.0,A,,R,0.0,R,0.0,R,0.0,R,0.0,A,,R,26
462372,2011,R,3.0,R,7.0,R,43.0,R,0.0,R,0.0,R,0.0,R,0.0,A,,R,0.0,R,0.0,R,0.0,R,0.0,A,,R,1
462390,2011,A,,A,,A,,R,0.0,R,0.0,R,0.0,R,0.0,A,,A,,A,,A,,A,,A,,R,28
462406,2011,A,,A,,A,,R,0.0,R,0.0,R,0.0,R,0.0,A,,A,,A,,A,,A,,A,,R,17
463621,2011,A,,A,,A,,R,72.0,R,1.0,R,71.0,R,40.0,R,56.0,A,,A,,A,,A,,A,,R,24
465812,2011,A,,A,,A,,R,25.0,R,0.0,R,25.0,R,3.0,R,12.0,A,,A,,A,,A,,A,,R,3
466152,2011,R,7.0,R,94.0,R,7.0,R,0.0,R,0.0,R,0.0,R,0.0,A,,R,0.0,R,0.0,R,0.0,R,0.0,A,,R,30
466161,2011,A,,A,,A,,R,0.0,R,0.0,R,0.0,R,0.0,A,,R,0.0,R,0.0,R,0.0,R,0.0,A,,R,30
466170,2011,R,3.0,R,161.0,R,2.0,R,17.0,R,0.0,R,17.0,R,8.0,R,47.0,R,41.0,R,0.0,R,41.0,R,20.0,R,49.0,R,30
466189,2011,R,4.0,R,58.0,R,7.0,R,0.0,R,0.0,R,0.0,R,0.0,A,,R,0.0,R,0.0,R,0.0,R,0.0,A,,R,30
466514,2011,R,35.0,R,155.0,R,23.0,R,0.0,R,0.0,R,0.0,R,0.0,A,,R,2.0,R,0.0,R,2.0,R,1.0,R,50.0,R,11
466523,2011,A,,A,,A,,R,0.0,R,0.0,R,0.0,R,0.0,A,,R,0.0,R,0.0,R,0.0,R,0.0,A,,R,11
466921,2011,R,14.0,R,4587.0,R,0.0,R,26.0,R,0.0,R,26.0,R,18.0,R,69.0,R,67.0,R,0.0,R,67.0,R,56.0,R,84.0,R,31
466930,2011,R,2.0,R,109.0,R,2.0,R,0.0,R,0.0,R,0.0,R,0.0,A,,R,0.0,R,0.0,R,0.0,R,0.0,A,,R,22
467058,2011,R,10.0,R,13.0,R,77.0,R,0.0,R,0.0,R,0.0,R,0.0,A,,R,0.0,R,0.0,R,0.0,R,0.0,A,,R,19
467094,2011,A,,A,,A,,R,34.0,R,0.0,R,34.0,R,27.0,R,79.0,R,18.0,R,0.0,R,18.0,R,13.0,R,72.0,R,20
467155,2011,A,,A,,A,,R,0.0,R,0.0,R,0.0,R,0.0,A,,A,,A,,A,,A,,A,,R,30
467340,2011,A,,A,,A,,R,0.0,R,0.0,R,0.0,R,0.0,A,,A,,A,,A,,A,,A,,R,12
467368,2011,A,,A,,A,,R,18.0,R,0.0,R,18.0,R,7.0,R,39.0,A,,A,,A,,A,,A,,R,26
467508,2011,A,,A,,A,,R,16.0,R,0.0,R,16.0,R,9.0,R,56.0,R,2.0,R,0.0,R,2.0,R,1.0,R,50.0,R,9
467517,2011,A,,A,,A,,R,30.0,R,0.0,R,30.0,R,16.0,R,53.0,R,8.0,R,0.0,R,8.0,R,3.0,R,38.0,R,12
467526,2011,A,,A,,A,,R,36.0,R,0.0,R,36.0,R,22.0,R,61.0,R,9.0,R,0.0,R,9.0,R,4.0,R,44.0,R,10
467535,2011,A,,A,,A,,R,37.0,R,0.0,R,37.0,R,21.0,R,57.0,R,12.0,R,0.0,R,12.0,R,12.0,R,100.0,R,14
467544,2011,A,,A,,A,,R,11.0,R,0.0,R,11.0,R,8.0,R,73.0,R,4.0,R,0.0,R,4.0,R,2.0,R,50.0,R,4
467553,2011,A,,A,,A,,R,41.0,R,0.0,R,41.0,R,21.0,R,51.0,R,5.0,R,0.0,R,5.0,R,3.0,R,60.0,R,8
467562,2011,A,,A,,A,,R,21.0,R,0.0,R,21.0,R,13.0,R,62.0,R,5.0,R,0.0,R,5.0,R,3.0,R,60.0,R,11
467571,2011,A,,A,,A,,R,32.0,R,0.0,R,32.0,R,17.0,R,53.0,R,9.0,R,0.0,R,9.0,R,7.0,R,78.0,R,9
467580,2011,A,,A,,A,,R,3.0,R,0.0,R,3.0,R,2.0,R,67.0,A,,A,,A,,A,,A,,R,3
467599,2011,A,,A,,A,,R,25.0,R,0.0,R,25.0,R,19.0,R,76.0,R,1.0,R,0.0,R,1.0,R,0.0,R,0.0,R,15
467605,2011,A,,A,,A,,R,17.0,R,0.0,R,17.0,R,9.0,R,53.0,R,6.0,R,0.0,R,6.0,R,1.0,R,17.0,R,13
467614,2011,A,,A,,A,,R,20.0,R,0.0,R,20.0,R,11.0,R,55.0,R,7.0,R,0.0,R,7.0,R,5.0,R,71.0,R,12
467623,2011,A,,A,,A,,R,34.0,R,0.0,R,34.0,R,21.0,R,62.0,R,7.0,R,0.0,R,7.0,R,1.0,R,14.0,R,15
467632,2011,A,,A,,A,,R,28.0,R,0.0,R,28.0,R,10.0,R,36.0,R,8.0,R,0.0,R,8.0,R,7.0,R,88.0,R,12
467641,2011,A,,A,,A,,R,40.0,R,0.0,R,40.0,R,24.0,R,60.0,R,12.0,R,0.0,R,12.0,R,6.0,R,50.0,R,22
467650,2011,A,,A,,A,,R,43.0,R,0.0,R,43.0,R,17.0,R,40.0,R,4.0,R,0.0,R,4.0,R,3.0,R,75.0,R,14
467669,2011,A,,A,,A,,R,18.0,R,0.0,R,18.0,R,12.0,R,67.0,R,2.0,R,0.0,R,2.0,R,2.0,R,100.0,R,8
467678,2011,A,,A,,A,,R,33.0,R,0.0,R,33.0,R,13.0,R,39.0,R,11.0,R,0.0,R,11.0,R,3.0,R,27.0,R,6
467784,2011,A,,A,,A,,R,0.0,R,0.0,R,0.0,R,0.0,A,,A,,A,,A,,A,,A,,R,30
467793,2011,R,13.0,R,92.0,R,14.0,R,0.0,R,0.0,R,0.0,R,0.0,A,,R,0.0,R,0.0,R,0.0,R,0.0,A,,R,7
467809,2011,A,,A,,A,,R,0.0,R,0.0,R,0.0,R,0.0,A,,A,,A,,A,,A,,A,,R,12
467863,2011,A,,A,,A,,R,54.0,R,1.0,R,53.0,R,46.0,R,87.0,R,1.0,R,0.0,R,1.0,R,1.0,R,100.0,R,15
467872,2011,A,,A,,A,,R,31.0,R,0.0,R,31.0,R,26.0,R,84.0,R,1.0,R,0.0,R,1.0,R,1.0,R,100.0,R,15
467881,2011,A,,A,,A,,R,0.0,R,0.0,R,0.0,R,0.0,A,,A,,A,,A,,A,,A,,R,30
467906,2011,A,,A,,A,,R,33.0,R,0.0,R,33.0,R,25.0,R,76.0,R,0.0,R,0.0,R,0.0,R,0.0,A,,R,20
468015,2011,R,76.0,R,205.0,R,37.0,R,41.0,R,0.0,R,41.0,R,20.0,R,49.0,R,35.0,R,0.0,R,35.0,R,21.0,R,60.0,R,19
468024,2011,R,14.0,R,89.0,R,16.0,R,7.0,R,0.0,R,7.0,R,2.0,R,29.0,R,5.0,R,0.0,R,5.0,R,0.0,R,0.0,R,10
468246,2011,A,,A,,A,,R,95.0,Z,0.0,R,95.0,R,31.0,R,33.0,A,,A,,A,,A,,A,,R,12
468255,2011,A,,A,,A,,R,59.0,Z,0.0,R,59.0,R,52.0,R,88.0,A,,A,,A,,A,,A,,R,14
468398,2011,R,15.0,R,22.0,R,68.0,R,0.0,R,0.0,R,0.0,R,0.0,A,,R,0.0,R,0.0,R,0.0,R,0.0,A,,R,21
468705,2011,A,,A,,A,,R,25.0,R,0.0,R,25.0,R,21.0,R,84.0,R,0.0,R,0.0,R,0.0,R,0.0,A,,R,20
468723,2011,R,49.0,R,164.0,R,30.0,R,0.0,R,0.0,R,0.0,R,0.0,A,,R,0.0,R,0.0,R,0.0,R,0.0,A,,R,27
468732,2011,A,,A,,A,,R,0.0,R,0.0,R,0.0,R,0.0,A,,A,,A,,A,,A,,A,,R,15
468769,2011,A,,A,,A,,R,39.0,Z,0.0,R,39.0,R,34.0,R,87.0,A,,A,,A,,A,,A,,R,16
468866,2011,A,,A,,A,,R,0.0,R,0.0,R,0.0,R,0.0,A,,A,,A,,A,,A,,A,,R,6
468875,2011,A,,A,,A,,R,202.0,R,0.0,R,202.0,R,172.0,R,85.0,A,,A,,A,,A,,A,,R,25
468893,2011,A,,A,,A,,R,7.0,R,0.0,R,7.0,R,6.0,R,86.0,A,,A,,A,,A,,A,,R,20
468963,2011,A,,A,,A,,A,,A,,A,,A,,A,,A,,A,,A,,A,,A,,R,7
469054,2011,A,,A,,A,,R,0.0,R,0.0,R,0.0,R,0.0,A,,A,,A,,A,,A,,A,,R,16
469124,2011,A,,A,,A,,A,,A,,A,,A,,A,,A,,A,,A,,A,,A,,R,25
469133,2011,A,,A,,A,,R,121.0,R,2.0,R,119.0,R,93.0,R,78.0,R,231.0,R,0.0,R,231.0,R,122.0,R,53.0,R,25
469142,2011,A,,A,,A,,A,,A,,A,,A,,A,,A,,A,,A,,A,,A,,R,25
469151,2011,A,,A,,A,,A,,A,,A,,A,,A,,A,,A,,A,,A,,A,,R,25
469160,2011,A,,A,,A,,A,,A,,A,,A,,A,,A,,A,,A,,A,,A,,R,2
469188,2011,A,,A,,A,,R,20.0,R,0.0,R,20.0,R,8.0,R,40.0,R,0.0,R,0.0,R,0.0,R,0.0,A,,R,22
469197,2011,A,,A,,A,,R,41.0,R,1.0,R,40.0,R,21.0,R,53.0,R,43.0,R,1.0,R,42.0,R,24.0,R,57.0,R,22
469391,2011,A,,A,,A,,R,0.0,R,0.0,R,0.0,R,0.0,A,,A,,A,,A,,A,,A,,R,13
469407,2011,R,213.0,R,327.0,R,65.0,R,0.0,R,0.0,R,0.0,R,0.0,A,,A,,A,,A,,A,,A,,R,17
469416,2011,R,236.0,R,318.0,R,74.0,R,0.0,R,0.0,R,0.0,R,0.0,A,,A,,A,,A,,A,,A,,R,19
469568,2011,A,,A,,A,,R,15.0,Z,0.0,R,15.0,R,13.0,R,87.0,A,,A,,A,,A,,A,,R,22
469586,2011,A,,A,,A,,A,,A,,A,,A,,A,,A,,A,,A,,A,,A,,R,25
469610,2011,A,,A,,A,,R,388.0,R,0.0,R,388.0,R,301.0,R,78.0,A,,A,,A,,A,,A,,R,28
469629,2011,A,,A,,A,,R,38.0,R,0.0,R,38.0,R,26.0,R,68.0,A,,A,,A,,A,,A,,R,15
469638,2011,A,,A,,A,,A,,A,,A,,A,,A,,A,,A,,A,,A,,A,,R,21
469647,2011,A,,A,,A,,R,178.0,R,0.0,R,178.0,R,161.0,R,90.0,R,214.0,R,0.0,R,214.0,R,193.0,R,90.0,R,24
469911,2011,A,,A,,A,,R,0.0,R,0.0,R,0.0,R,0.0,A,,A,,A,,A,,A,,A,,R,12
469920,2011,A,,A,,A,,R,0.0,Z,0.0,R,0.0,Z,0.0,A,,A,,A,,A,,A,,A,,R,18
469957,2011,A,,A,,A,,R,38.0,R,0.0,R,38.0,R,30.0,R,79.0,R,0.0,R,0.0,R,0.0,R,0.0,A,,R,15
469975,2011,A,,A,,A,,A,,A,,A,,A,,A,,R,0.0,R,0.0,R,0.0,R,0.0,A,,R,7
469993,2011,A,,A,,A,,R,6.0,R,0.0,R,6.0,R,4.0,R,67.0,R,4.0,R,0.0,R,4.0,R,3.0,R,75.0,R,10
470047,2011,A,,A,,A,,A,,A,,A,,A,,A,,A,,A,,A,,A,,A,,R,5
470092,2011,R,62.0,R,168.0,R,37.0,R,8.0,R,0.0,R,8.0,R,8.0,R,100.0,R,34.0,R,0.0,R,34.0,R,9.0,R,26.0,R,13
470162,2011,R,143.0,R,196.0,R,73.0,R,0.0,R,0.0,R,0.0,R,0.0,A,,A,,A,,A,,A,,A,,R,12
470223,2011,A,,A,,A,,R,10.0,Z,0.0,R,10.0,R,8.0,R,80.0,R,2.0,Z,0.0,R,2.0,R,1.0,R,50.0,R,20
470269,2011,A,,A,,A,,R,0.0,R,0.0,R,0.0,R,0.0,A,,R,0.0,R,0.0,R,0.0,R,0.0,A,,R,13
470296,2011,A,,A,,A,,R,7.0,R,0.0,R,7.0,R,6.0,R,86.0,A,,A,,A,,A,,A,,R,25
470302,2011,A,,A,,A,,R,0.0,R,0.0,R,0.0,R,0.0,A,,A,,A,,A,,A,,A,,R,12
470393,2011,A,,A,,A,,R,0.0,R,0.0,R,0.0,R,0.0,A,,R,0.0,R,0.0,R,0.0,R,0.0,A,,R,5
470852,2011,R,17.0,R,26.0,R,65.0,R,5.0,R,0.0,R,5.0,R,3.0,R,60.0,R,0.0,R,0.0,R,0.0,R,0.0,A,,R,13
470861,2011,R,16.0,R,20.0,R,80.0,R,0.0,R,0.0,R,0.0,R,0.0,A,,R,0.0,R,0.0,R,0.0,R,0.0,A,,R,29
470870,2011,R,7.0,R,18.0,R,39.0,R,0.0,R,0.0,R,0.0,R,0.0,A,,R,0.0,R,0.0,R,0.0,R,0.0,A,,R,29
470889,2011,R,50.0,R,63.0,R,79.0,R,0.0,R,0.0,R,0.0,R,0.0,A,,R,0.0,R,0.0,R,0.0,R,0.0,A,,R,21
470898,2011,R,43.0,R,61.0,R,70.0,R,0.0,R,0.0,R,0.0,R,0.0,A,,R,0.0,R,0.0,R,0.0,R,0.0,A,,R,21
470904,2011,R,13.0,R,21.0,R,62.0,R,0.0,R,0.0,R,0.0,R,0.0,A,,R,0.0,R,0.0,R,0.0,R,0.0,A,,R,21
474702,2011,A,,A,,A,,R,0.0,R,0.0,R,0.0,R,0.0,A,,A,,A,,A,,A,,A,,R,57
474863,2011,R,14.0,R,72.0,R,19.0,R,0.0,R,0.0,R,0.0,R,0.0,A,,R,0.0,R,0.0,R,0.0,R,0.0,A,,R,14
474881,2011,R,63.0,R,63.0,R,100.0,Z,0.0,Z,0.0,Z,0.0,Z,0.0,A,,A,,A,,A,,A,,A,,R,6
474890,2011,A,,A,,A,,R,0.0,R,0.0,R,0.0,R,0.0,A,,A,,A,,A,,A,,A,,R,14
474906,2011,A,,A,,A,,R,0.0,R,0.0,R,0.0,R,0.0,A,,A,,A,,A,,A,,A,,R,2
474915,2011,A,,A,,A,,R,85.0,R,0.0,R,85.0,R,60.0,R,71.0,R,49.0,R,0.0,R,49.0,R,23.0,R,47.0,R,17
474924,2011,A,,A,,A,,R,65.0,R,1.0,R,64.0,R,56.0,R,88.0,R,25.0,R,0.0,R,25.0,R,17.0,R,68.0,R,8
474933,2011,A,,A,,A,,R,0.0,R,0.0,R,0.0,R,0.0,A,,R,0.0,R,0.0,R,0.0,R,0.0,A,,R,12
474942,2011,A,,A,,A,,R,0.0,R,0.0,R,0.0,R,0.0,A,,R,0.0,R,0.0,R,0.0,R,0.0,A,,R,12
474951,2011,A,,A,,A,,R,0.0,R,0.0,R,0.0,R,0.0,A,,A,,A,,A,,A,,A,,R,446
474960,2011,A,,A,,A,,R,0.0,R,0.0,R,0.0,R,0.0,A,,A,,A,,A,,A,,A,,R,411
474979,2011,A,,A,,A,,R,0.0,R,0.0,R,0.0,R,0.0,A,,A,,A,,A,,A,,A,,R,319
474997,2011,A,,A,,A,,R,0.0,R,0.0,R,0.0,R,0.0,A,,A,,A,,A,,A,,A,,R,45
475015,2011,A,,A,,A,,R,108.0,R,0.0,R,108.0,R,97.0,R,90.0,A,,A,,A,,A,,A,,R,13
475024,2011,A,,A,,A,,R,0.0,R,0.0,R,0.0,R,0.0,A,,A,,A,,A,,A,,A,,R,11
475042,2011,R,53.0,R,93.0,R,57.0,R,0.0,R,0.0,R,0.0,R,0.0,A,,A,,A,,A,,A,,A,,R,15
475051,2011,A,,A,,A,,Z,0.0,Z,0.0,Z,0.0,Z,0.0,A,,A,,A,,A,,A,,A,,R,21
475060,2011,R,15.0,R,75.0,R,20.0,R,0.0,Z,0.0,R,0.0,Z,0.0,A,,R,0.0,Z,0.0,R,0.0,Z,0.0,A,,R,15
475079,2011,R,33.0,R,73.0,R,45.0,R,0.0,R,0.0,R,0.0,R,0.0,A,,R,0.0,R,0.0,R,0.0,R,0.0,A,,R,17
475088,2011,A,,A,,A,,A,,A,,A,,A,,A,,A,,A,,A,,A,,A,,R,2
475121,2011,A,,A,,A,,R,935.0,R,0.0,R,935.0,R,170.0,R,18.0,R,3203.0,R,0.0,R,3203.0,R,795.0,R,25.0,R,31
475130,2011,A,,A,,A,,A,,A,,A,,A,,A,,A,,A,,A,,A,,A,,R,35
475167,2011,A,,A,,A,,A,,A,,A,,A,,A,,A,,A,,A,,A,,A,,R,1
475176,2011,A,,A,,A,,R,0.0,Z,0.0,R,0.0,Z,0.0,A,,A,,A,,A,,A,,A,,R,16
475185,2011,R,7.0,R,27.0,R,26.0,R,4.0,Z,0.0,R,4.0,R,3.0,R,75.0,R,1.0,Z,0.0,R,1.0,R,1.0,R,100.0,R,6
475194,2011,R,63.0,R,142.0,R,44.0,R,0.0,Z,0.0,R,0.0,Z,0.0,A,,R,0.0,Z,0.0,R,0.0,Z,0.0,A,,R,10
475200,2011,A,,A,,A,,A,,A,,A,,A,,A,,R,0.0,R,0.0,R,0.0,R,0.0,A,,R,7
475237,2011,R,12.0,R,21.0,R,57.0,R,6.0,R,0.0,R,6.0,R,4.0,R,67.0,R,6.0,R,0.0,R,6.0,R,4.0,R,67.0,R,8
475246,2011,A,,A,,A,,R,0.0,R,0.0,R,0.0,R,0.0,A,,A,,A,,A,,A,,A,,R,18
475255,2011,A,,A,,A,,R,31.0,R,0.0,R,31.0,R,26.0,R,84.0,A,,A,,A,,A,,A,,R,19
475273,2011,A,,A,,A,,A,,A,,A,,A,,A,,A,,A,,A,,A,,A,,R,13
475282,2011,A,,A,,A,,R,16.0,R,0.0,R,16.0,R,11.0,R,69.0,A,,A,,A,,A,,A,,R,11
475291,2011,R,12.0,R,34.0,R,35.0,R,3.0,Z,0.0,R,3.0,R,3.0,R,100.0,R,2.0,Z,0.0,R,2.0,R,1.0,R,50.0,R,12
