UNITID,Year,XGRCOHRT,GRCOHRT,XUGENTER,UGENTERN,XPGRCOHR,PGRCOHRT,XRRFTCT,RRFTCT,XRRFTEX,RRFTEX,XRRFTCTA,RRFTCTA,XRET_NMF,RET_NMF,XRET_PCF,RET_PCF,XRRPTCT,RRPTCT,XRRPTEX,RRPTEX,XRRPTCTA,RRPTCTA,XRET_NMP,RET_NMP,XRET_PCP,RET_PCP,XSTUFACR,STUFACR 
100654,2009,R,1044.0,R,1301.0,R,80.0,R,1044.0,R,0.0,R,1044.0,R,718.0,R,69.0,R,2.0,R,0.0,R,2.0,R,1.0,R,50.0,R,14
100663,2009,R,1497.0,R,2723.0,R,55.0,R,1247.0,Z,0.0,R,1247.0,R,1017.0,R,82.0,R,30.0,Z,0.0,R,30.0,R,17.0,R,57.0,R,17
100690,2009,R,4.0,R,4.0,R,100.0,R,9.0,R,0.0,R,9.0,R,9.0,R,100.0,R,3.0,R,0.0,R,3.0,R,3.0,R,100.0,R,10
100706,2009,R,774.0,R,1682.0,R,46.0,R,765.0,R,0.0,R,765.0,R,578.0,R,76.0,R,31.0,R,0.0,R,31.0,R,14.0,R,45.0,R,17
100724,2009,R,1209.0,R,1413.0,R,86.0,R,1329.0,R,0.0,R,1329.0,R,709.0,R,53.0,R,49.0,Z,0.0,R,49.0,R,13.0,R,27.0,R,17
100751,2009,R,5096.0,R,6487.0,R,79.0,R,5034.0,R,24.0,R,5010.0,R,4183.0,R,83.0,R,82.0,R,0.0,R,82.0,R,40.0,R,49.0,R,20
100760,2009,R,594.0,R,914.0,R,65.0,R,446.0,R,0.0,R,446.0,R,141.0,R,32.0,R,50.0,R,0.0,R,50.0,R,24.0,R,48.0,R,15
100812,2009,A,,A,,A,,A,,A,,A,,A,,A,,A,,A,,A,,A,,A,,R,18
100830,2009,R,737.0,R,1221.0,R,60.0,R,712.0,R,0.0,R,712.0,R,411.0,R,58.0,R,109.0,R,0.0,R,109.0,R,45.0,R,41.0,R,18
100858,2009,R,3898.0,R,5256.0,R,74.0,R,3959.0,R,0.0,R,3959.0,R,3412.0,R,86.0,R,25.0,R,0.0,R,25.0,R,16.0,R,64.0,R,18
100937,2009,R,424.0,R,462.0,R,92.0,R,451.0,R,0.0,R,451.0,R,365.0,R,81.0,R,0.0,R,0.0,R,0.0,R,0.0,A,,R,12
101028,2009,R,281.0,R,787.0,R,36.0,R,255.0,R,0.0,R,255.0,R,171.0,R,67.0,R,94.0,R,0.0,R,94.0,R,5.0,R,5.0,R,19
101073,2009,R,124.0,R,145.0,R,86.0,R,286.0,R,89.0,R,197.0,R,75.0,R,38.0,R,61.0,R,31.0,R,30.0,R,2.0,R,7.0,R,22
101116,2009,R,59.0,R,214.0,R,28.0,R,20.0,R,0.0,R,20.0,R,9.0,R,45.0,R,13.0,R,0.0,R,13.0,R,5.0,R,38.0,R,14
101143,2009,R,553.0,R,1209.0,R,46.0,R,461.0,R,0.0,R,461.0,R,300.0,R,65.0,R,74.0,R,0.0,R,74.0,R,24.0,R,32.0,R,17
101161,2009,R,1070.0,R,1933.0,R,55.0,R,869.0,R,61.0,R,808.0,R,526.0,R,65.0,R,165.0,R,30.0,R,135.0,R,65.0,R,48.0,R,28
101189,2009,R,344.0,R,742.0,R,46.0,R,231.0,R,0.0,R,231.0,R,160.0,R,69.0,R,106.0,R,0.0,R,106.0,R,74.0,R,70.0,R,14
101240,2009,R,1573.0,R,2705.0,R,58.0,R,1307.0,R,0.0,R,1307.0,R,722.0,R,55.0,R,232.0,R,0.0,R,232.0,R,106.0,R,46.0,R,22
101286,2009,R,973.0,R,1775.0,R,55.0,R,802.0,R,0.0,R,802.0,R,503.0,R,63.0,R,166.0,R,0.0,R,166.0,R,77.0,R,46.0,R,25
101295,2009,R,1108.0,R,2343.0,R,47.0,R,1026.0,R,2.0,R,1024.0,R,623.0,R,61.0,R,160.0,R,0.0,R,160.0,R,82.0,R,51.0,R,23
101301,2009,R,462.0,R,757.0,R,61.0,R,394.0,R,0.0,R,394.0,R,221.0,R,56.0,R,82.0,R,0.0,R,82.0,R,28.0,R,34.0,R,23
101365,2009,R,34.0,R,107.0,R,32.0,R,34.0,R,0.0,R,34.0,R,23.0,R,68.0,R,18.0,R,0.0,R,18.0,R,8.0,R,44.0,R,13
101435,2009,R,237.0,R,363.0,R,65.0,R,253.0,R,0.0,R,253.0,R,160.0,R,63.0,R,0.0,R,0.0,R,0.0,R,0.0,A,,R,13
101453,2009,R,4.0,R,11.0,R,36.0,R,2.0,R,0.0,R,2.0,R,1.0,R,50.0,R,2.0,R,0.0,R,2.0,R,1.0,R,50.0,R,9
101462,2009,R,240.0,R,671.0,R,36.0,R,176.0,Z,0.0,R,176.0,R,83.0,R,47.0,R,50.0,Z,0.0,R,50.0,R,15.0,R,30.0,R,16
101471,2009,R,279.0,R,307.0,R,91.0,R,306.0,R,0.0,R,306.0,R,125.0,R,41.0,R,6.0,R,0.0,R,6.0,R,3.0,R,50.0,R,13
101480,2009,R,1220.0,R,1961.0,R,62.0,R,1243.0,R,0.0,R,1243.0,R,846.0,R,68.0,R,56.0,R,0.0,R,56.0,R,24.0,R,43.0,R,20
101499,2009,R,323.0,R,648.0,R,50.0,R,306.0,R,0.0,R,306.0,R,146.0,R,48.0,R,64.0,R,0.0,R,64.0,R,34.0,R,53.0,R,18
101505,2009,R,1035.0,R,3390.0,R,31.0,R,1076.0,R,1.0,R,1075.0,R,588.0,R,55.0,R,469.0,R,1.0,R,468.0,R,178.0,R,38.0,R,20
101514,2009,R,1405.0,R,3680.0,R,38.0,R,1219.0,Z,0.0,R,1219.0,R,767.0,R,63.0,R,530.0,Z,0.0,R,530.0,R,264.0,R,50.0,R,26
101541,2009,R,68.0,R,87.0,R,78.0,R,95.0,R,1.0,R,94.0,R,60.0,R,64.0,Z,0.0,Z,0.0,Z,0.0,Z,0.0,A,,R,8
101569,2009,R,1014.0,R,1813.0,R,56.0,R,768.0,R,0.0,R,768.0,R,411.0,R,54.0,R,157.0,R,0.0,R,157.0,R,86.0,R,55.0,R,23
101587,2009,R,243.0,R,468.0,R,52.0,R,310.0,R,0.0,R,310.0,R,203.0,R,65.0,R,11.0,R,0.0,R,11.0,R,8.0,R,73.0,R,19
101602,2009,R,354.0,R,635.0,R,56.0,R,279.0,R,0.0,R,279.0,R,172.0,R,62.0,R,30.0,R,0.0,R,30.0,R,8.0,R,27.0,R,20
101648,2009,R,254.0,R,306.0,R,83.0,R,271.0,R,3.0,R,268.0,R,110.0,R,41.0,R,0.0,R,0.0,R,0.0,R,0.0,A,,R,22
101675,2009,R,407.0,R,534.0,R,76.0,R,1289.0,Z,0.0,R,1289.0,R,954.0,R,74.0,R,64.0,Z,0.0,R,64.0,R,10.0,R,16.0,R,16
101693,2009,R,229.0,R,399.0,R,57.0,R,248.0,R,1.0,R,247.0,R,179.0,R,72.0,R,3.0,R,0.0,R,3.0,R,3.0,R,100.0,R,12
101709,2009,R,409.0,R,624.0,R,66.0,R,507.0,R,0.0,R,507.0,R,399.0,R,79.0,R,11.0,R,0.0,R,11.0,R,6.0,R,55.0,R,16
101736,2009,R,919.0,R,1718.0,R,53.0,R,712.0,R,0.0,R,712.0,R,423.0,R,59.0,R,151.0,R,0.0,R,151.0,R,61.0,R,40.0,R,22
101879,2009,R,927.0,R,1524.0,R,61.0,R,988.0,R,0.0,R,988.0,R,701.0,R,71.0,R,27.0,R,0.0,R,27.0,R,21.0,R,78.0,R,22
101897,2009,R,834.0,R,1809.0,R,46.0,R,570.0,R,0.0,R,570.0,R,382.0,R,67.0,R,135.0,R,0.0,R,135.0,R,71.0,R,53.0,R,24
101912,2009,R,394.0,R,473.0,R,83.0,R,485.0,R,0.0,R,485.0,R,351.0,R,72.0,R,2.0,R,0.0,R,2.0,R,1.0,R,50.0,R,13
101949,2009,R,390.0,R,612.0,R,64.0,R,396.0,R,0.0,R,396.0,R,65.0,R,16.0,R,41.0,R,0.0,R,41.0,R,37.0,R,90.0,R,13
101958,2009,R,2.0,R,22.0,R,9.0,R,2.0,R,0.0,R,2.0,R,2.0,R,100.0,R,0.0,R,0.0,R,0.0,R,0.0,A,,R,13
101994,2009,R,159.0,R,362.0,R,44.0,R,103.0,R,0.0,R,103.0,R,61.0,R,59.0,R,19.0,R,0.0,R,19.0,R,10.0,R,53.0,R,19
102030,2009,R,524.0,R,1352.0,R,39.0,R,521.0,R,0.0,R,521.0,R,262.0,R,50.0,R,132.0,R,0.0,R,132.0,R,47.0,R,36.0,R,18
102049,2009,R,732.0,R,868.0,R,84.0,R,708.0,R,0.0,R,708.0,R,582.0,R,82.0,R,3.0,R,0.0,R,3.0,R,3.0,R,100.0,R,12
102058,2009,N,2.0,N,7.0,N,29.0,N,639.0,N,0.0,N,639.0,N,639.0,N,100.0,N,2.0,N,0.0,N,2.0,N,2.0,N,100.0,N,9
102067,2009,R,1072.0,R,1838.0,R,58.0,R,1056.0,Z,0.0,R,1056.0,R,610.0,R,58.0,R,206.0,Z,0.0,R,206.0,R,119.0,R,58.0,R,29
102076,2009,R,602.0,R,935.0,R,64.0,R,539.0,Z,0.0,R,539.0,R,358.0,R,66.0,R,86.0,Z,0.0,R,86.0,R,42.0,R,49.0,R,32
102094,2009,R,1753.0,R,3058.0,R,57.0,R,1543.0,R,0.0,R,1543.0,R,1035.0,R,67.0,R,74.0,R,0.0,R,74.0,R,42.0,R,57.0,R,22
102234,2009,R,353.0,R,395.0,R,89.0,R,343.0,R,0.0,R,343.0,R,266.0,R,78.0,R,3.0,R,0.0,R,3.0,R,0.0,R,0.0,R,13
102261,2009,R,32.0,R,66.0,R,48.0,R,14.0,R,0.0,R,14.0,R,7.0,R,50.0,R,1.0,R,0.0,R,1.0,R,0.0,R,0.0,R,14
102270,2009,R,431.0,R,488.0,R,88.0,R,485.0,R,0.0,R,485.0,R,265.0,R,55.0,R,8.0,R,0.0,R,8.0,R,5.0,R,63.0,R,19
102298,2009,R,204.0,R,263.0,R,78.0,R,224.0,R,0.0,R,224.0,R,120.0,R,54.0,R,27.0,R,0.0,R,27.0,R,4.0,R,15.0,R,18
102313,2009,R,384.0,R,687.0,R,56.0,R,219.0,Z,0.0,R,219.0,R,139.0,R,63.0,R,114.0,Z,0.0,R,114.0,R,51.0,R,45.0,R,13
102368,2009,R,1997.0,R,5991.0,R,33.0,R,1827.0,R,0.0,R,1827.0,R,1313.0,R,72.0,R,1081.0,R,0.0,R,1081.0,R,811.0,R,75.0,R,22
102377,2009,R,689.0,R,824.0,R,84.0,R,723.0,R,0.0,R,723.0,R,470.0,R,65.0,R,0.0,R,0.0,R,0.0,R,0.0,A,,R,12
102395,2009,A,,A,,A,,A,,A,,A,,A,,A,,A,,A,,A,,A,,A,,R,16
102429,2009,R,937.0,R,1780.0,R,53.0,R,747.0,R,0.0,R,747.0,R,451.0,R,60.0,R,190.0,R,0.0,R,190.0,R,90.0,R,47.0,R,19
102553,2009,R,1518.0,R,3179.0,R,48.0,R,923.0,R,0.0,R,923.0,R,677.0,R,73.0,R,166.0,R,0.0,R,166.0,R,88.0,R,53.0,R,15
102614,2009,R,827.0,R,2499.0,R,33.0,R,394.0,R,0.0,R,394.0,R,316.0,R,80.0,R,30.0,R,0.0,R,30.0,R,16.0,R,53.0,R,12
102632,2009,R,191.0,R,938.0,R,20.0,R,109.0,R,0.0,R,109.0,R,67.0,R,61.0,R,14.0,R,0.0,R,14.0,R,6.0,R,43.0,R,12
102669,2009,R,27.0,R,206.0,R,13.0,R,65.0,R,0.0,R,65.0,R,48.0,R,74.0,R,1.0,R,0.0,R,1.0,R,0.0,R,0.0,R,8
102711,2009,A,,A,,A,,R,270.0,R,0.0,R,270.0,R,234.0,R,87.0,R,677.0,R,0.0,R,677.0,R,625.0,R,92.0,R,15
102845,2009,R,299.0,R,300.0,R,100.0,R,58.0,R,0.0,R,58.0,R,21.0,R,36.0,R,140.0,R,0.0,R,140.0,R,48.0,R,34.0,R,19
103361,2009,R,27.0,R,198.0,R,14.0,R,25.0,R,0.0,R,25.0,R,13.0,R,52.0,R,2.0,R,0.0,R,2.0,R,1.0,R,50.0,R,14
103501,2009,A,,A,,A,,R,146.0,R,1.0,R,145.0,R,121.0,R,83.0,R,0.0,R,0.0,R,0.0,R,0.0,A,,R,21
103644,2009,R,799.0,R,908.0,R,88.0,R,30.0,R,0.0,R,30.0,R,11.0,R,37.0,R,5.0,R,0.0,R,5.0,R,4.0,R,80.0,R,29
103723,2009,R,277.0,R,293.0,R,95.0,R,144.0,R,0.0,R,144.0,R,104.0,R,72.0,R,11.0,R,0.0,R,11.0,R,4.0,R,36.0,R,20
103732,2009,A,,A,,A,,R,30.0,Z,0.0,R,30.0,R,15.0,R,50.0,Z,0.0,Z,0.0,Z,0.0,Z,0.0,A,,R,11
103741,2009,A,,A,,A,,R,90.0,Z,0.0,R,90.0,R,65.0,R,72.0,R,13.0,Z,0.0,R,13.0,R,8.0,R,62.0,R,12
103778,2009,A,,A,,A,,A,,A,,A,,A,,A,,A,,A,,A,,A,,A,,R,30
103787,2009,R,18.0,R,23.0,R,78.0,R,12.0,R,0.0,R,12.0,R,10.0,R,83.0,R,2.0,R,0.0,R,2.0,R,2.0,R,100.0,R,8
103811,2009,A,,A,,A,,A,,A,,A,,A,,A,,A,,A,,A,,A,,A,,R,12
103893,2009,A,,A,,A,,R,1379.0,R,3.0,R,1376.0,R,887.0,R,64.0,R,0.0,R,0.0,R,0.0,R,0.0,A,,R,39
103945,2009,A,,A,,A,,R,15.0,Z,0.0,R,15.0,R,9.0,R,60.0,Z,0.0,Z,0.0,Z,0.0,Z,0.0,A,,R,33
103954,2009,A,,A,,A,,R,23.0,R,0.0,R,23.0,R,23.0,R,100.0,R,0.0,R,0.0,R,0.0,R,0.0,A,,R,20
103963,2009,A,,A,,A,,R,207.0,R,0.0,R,207.0,R,120.0,R,58.0,Z,0.0,Z,0.0,Z,0.0,Z,0.0,A,,R,30
104090,2009,A,,A,,A,,R,10.0,R,0.0,R,10.0,R,4.0,R,40.0,R,0.0,R,0.0,R,0.0,R,0.0,A,,R,13
104151,2009,R,8261.0,R,15042.0,R,55.0,R,8458.0,R,141.0,R,8317.0,R,6750.0,R,81.0,R,1249.0,R,24.0,R,1225.0,R,724.0,R,59.0,R,23
104160,2009,R,799.0,R,1879.0,R,43.0,R,472.0,Z,0.0,R,472.0,R,288.0,R,61.0,R,692.0,Z,0.0,R,692.0,R,268.0,R,39.0,R,21
104179,2009,R,6782.0,R,8878.0,R,76.0,R,6331.0,R,0.0,R,6331.0,R,4946.0,R,78.0,R,378.0,R,0.0,R,378.0,R,220.0,R,58.0,R,20
104188,2009,R,24.0,R,47.0,R,51.0,R,53.0,R,0.0,R,53.0,R,41.0,R,77.0,R,33.0,R,0.0,R,33.0,R,24.0,R,73.0,R,4
104294,2009,A,,A,,A,,R,158.0,R,0.0,R,158.0,R,143.0,R,91.0,R,0.0,R,0.0,R,0.0,R,0.0,A,,R,17
104346,2009,R,604.0,R,2357.0,R,26.0,R,505.0,R,0.0,R,505.0,R,279.0,R,55.0,R,798.0,R,0.0,R,798.0,R,263.0,R,33.0,R,14
104364,2009,R,100.0,R,100.0,R,100.0,R,90.0,R,0.0,R,90.0,R,35.0,R,39.0,R,0.0,R,0.0,R,0.0,R,0.0,A,,R,12
104391,2009,A,,A,,A,,R,34.0,R,0.0,R,34.0,R,30.0,R,88.0,R,0.0,R,0.0,R,0.0,R,0.0,A,,R,18
104425,2009,R,376.0,R,1244.0,R,30.0,R,275.0,R,0.0,R,275.0,R,163.0,R,59.0,R,318.0,R,0.0,R,318.0,R,108.0,R,34.0,R,14
104434,2009,A,,A,,A,,R,21.0,Z,0.0,R,21.0,R,14.0,R,67.0,Z,0.0,Z,0.0,Z,0.0,Z,0.0,A,,R,16
104443,2009,A,,A,,A,,R,39.0,Z,0.0,R,39.0,R,29.0,R,74.0,R,26.0,Z,0.0,R,26.0,R,12.0,R,46.0,R,14
104504,2009,A,,A,,A,,R,56.0,R,0.0,R,56.0,R,44.0,R,79.0,R,27.0,R,0.0,R,27.0,R,20.0,R,74.0,R,22
104531,2009,R,238.0,R,601.0,R,40.0,R,154.0,R,0.0,R,154.0,R,84.0,R,55.0,R,73.0,R,1.0,R,72.0,R,23.0,R,32.0,R,21
104568,2009,A,,A,,A,,R,26.0,R,0.0,R,26.0,R,11.0,R,42.0,R,14.0,R,0.0,R,14.0,R,5.0,R,36.0,R,17
104577,2009,R,648.0,R,1980.0,R,33.0,R,707.0,R,12.0,R,695.0,R,378.0,R,54.0,R,694.0,R,20.0,R,674.0,R,289.0,R,43.0,R,22
104586,2009,R,318.0,R,417.0,R,76.0,R,416.0,R,0.0,R,416.0,R,313.0,R,75.0,R,2.0,R,0.0,R,2.0,R,2.0,R,100.0,R,16
104665,2009,A,,A,,A,,A,,A,,A,,A,,A,,A,,A,,A,,A,,A,,R,3
104708,2009,R,2036.0,R,6709.0,R,30.0,R,1564.0,R,0.0,R,1564.0,R,999.0,R,64.0,R,1149.0,R,0.0,R,1149.0,R,432.0,R,38.0,R,24
104717,2009,R,1222.0,R,9839.0,R,12.0,R,343.0,R,0.0,R,343.0,R,133.0,R,39.0,R,1018.0,R,0.0,R,1018.0,R,278.0,R,27.0,R,20
104805,2009,A,,A,,A,,R,115.0,R,0.0,R,115.0,R,110.0,R,96.0,R,0.0,R,0.0,R,0.0,R,0.0,A,,R,20
104911,2009,A,,A,,A,,R,68.0,R,1.0,R,67.0,R,66.0,R,99.0,R,0.0,R,0.0,R,0.0,R,0.0,A,,R,20
104984,2009,A,,A,,A,,R,101.0,R,0.0,R,101.0,R,54.0,R,53.0,R,43.0,R,0.0,R,43.0,R,4.0,R,9.0,R,18
105118,2009,A,,A,,A,,R,363.0,R,0.0,R,363.0,R,155.0,R,43.0,R,0.0,R,0.0,R,0.0,R,0.0,A,,R,34
105127,2009,A,,A,,A,,R,30.0,R,0.0,R,30.0,R,30.0,R,100.0,R,40.0,R,0.0,R,40.0,R,40.0,R,100.0,R,18
105145,2009,R,228.0,R,2175.0,R,10.0,R,172.0,R,0.0,R,172.0,R,103.0,R,60.0,R,392.0,R,0.0,R,392.0,R,131.0,R,33.0,R,9
105154,2009,R,2432.0,R,7632.0,R,32.0,R,1695.0,R,0.0,R,1695.0,R,1067.0,R,63.0,R,1648.0,R,0.0,R,1648.0,R,616.0,R,37.0,R,24
105163,2009,R,107.0,R,128.0,R,84.0,R,0.0,R,0.0,R,0.0,R,0.0,A,,R,0.0,R,0.0,R,0.0,R,0.0,A,,R,26
105172,2009,R,85.0,R,124.0,R,69.0,R,7.0,R,0.0,R,7.0,R,4.0,R,57.0,R,1.0,R,0.0,R,1.0,R,0.0,R,0.0,R,19
105206,2009,R,275.0,R,1809.0,R,15.0,R,328.0,Z,0.0,R,328.0,R,147.0,R,45.0,R,1320.0,Z,0.0,R,1320.0,R,470.0,R,36.0,R,19
105215,2009,A,,A,,A,,R,577.0,R,1.0,R,576.0,R,540.0,R,94.0,R,0.0,R,0.0,R,0.0,R,0.0,A,,R,30
105297,2009,R,310.0,R,620.0,R,50.0,R,0.0,Z,0.0,R,0.0,Z,0.0,A,,R,0.0,Z,0.0,R,0.0,Z,0.0,A,,R,25
105330,2009,R,3454.0,R,5666.0,R,61.0,R,3309.0,R,0.0,R,3309.0,R,2367.0,R,72.0,R,279.0,R,0.0,R,279.0,R,174.0,R,62.0,R,19
105349,2009,R,99.0,R,1353.0,R,7.0,R,116.0,R,0.0,R,116.0,R,34.0,R,29.0,R,86.0,R,0.0,R,86.0,R,22.0,R,26.0,R,17
105367,2009,A,,A,,A,,R,0.0,R,0.0,R,0.0,R,0.0,A,,R,0.0,Z,0.0,R,0.0,R,0.0,A,,R,15
105428,2009,R,725.0,R,4226.0,R,17.0,R,469.0,R,0.0,R,469.0,R,294.0,R,63.0,R,513.0,R,0.0,R,513.0,R,221.0,R,43.0,R,21
105482,2009,A,,A,,A,,A,,A,,A,,A,,A,,A,,A,,A,,A,,A,,R,28
105516,2009,A,,A,,A,,R,190.0,R,0.0,R,190.0,R,85.0,R,45.0,R,0.0,R,0.0,R,0.0,R,0.0,A,,R,13
105525,2009,R,3146.0,R,11730.0,R,27.0,R,2677.0,R,0.0,R,2677.0,R,1737.0,R,65.0,R,4570.0,R,0.0,R,4570.0,R,1587.0,R,35.0,R,21
105534,2009,A,,A,,A,,R,394.0,R,0.0,R,394.0,R,266.0,R,68.0,R,0.0,R,0.0,R,0.0,R,0.0,A,,R,25
105543,2009,A,,A,,A,,R,255.0,R,0.0,R,255.0,R,195.0,R,76.0,R,0.0,R,0.0,R,0.0,R,0.0,A,,R,25
105589,2009,R,73.0,R,222.0,R,33.0,R,89.0,R,0.0,R,89.0,R,62.0,R,70.0,R,0.0,R,0.0,R,0.0,R,0.0,A,,R,11
105659,2009,A,,A,,A,,R,444.0,R,0.0,R,444.0,R,324.0,R,73.0,R,0.0,R,0.0,R,0.0,R,0.0,A,,R,27
105668,2009,R,208.0,R,6115.0,R,3.0,R,150.0,R,0.0,R,150.0,R,77.0,R,51.0,R,496.0,R,0.0,R,496.0,R,87.0,R,18.0,R,36
105677,2009,A,,A,,A,,A,,A,,A,,A,,A,,A,,A,,A,,A,,A,,R,6
105701,2009,A,,A,,A,,R,29.0,R,0.0,R,29.0,R,26.0,R,90.0,R,0.0,R,0.0,R,0.0,R,0.0,A,,R,16
105747,2009,R,1096.0,R,3788.0,R,29.0,R,885.0,R,0.0,R,885.0,R,544.0,R,61.0,R,503.0,R,0.0,R,503.0,R,198.0,R,39.0,R,20
105792,2009,R,390.0,R,2078.0,R,19.0,R,296.0,R,0.0,R,296.0,R,157.0,R,53.0,R,289.0,R,0.0,R,289.0,R,108.0,R,37.0,R,21
105899,2009,R,87.0,R,142.0,R,61.0,R,68.0,R,0.0,R,68.0,R,46.0,R,68.0,R,0.0,R,0.0,R,0.0,R,0.0,A,,R,28
105987,2009,A,,A,,A,,A,,A,,A,,A,,A,,A,,A,,A,,A,,A,,R,21
106041,2009,A,,A,,A,,R,704.0,R,1.0,R,703.0,R,648.0,R,92.0,R,0.0,R,0.0,R,0.0,R,0.0,A,,R,30
106102,2009,A,,A,,A,,R,38.0,R,0.0,R,38.0,R,9.0,R,24.0,R,0.0,R,0.0,R,0.0,R,0.0,A,,R,30
106111,2009,A,,A,,A,,R,55.0,Z,0.0,R,55.0,R,27.0,R,49.0,R,19.0,Z,0.0,R,19.0,R,9.0,R,47.0,R,18
106148,2009,R,345.0,R,1424.0,R,24.0,R,371.0,R,0.0,R,371.0,R,196.0,R,53.0,R,451.0,R,0.0,R,451.0,R,151.0,R,33.0,R,21
106245,2009,R,674.0,R,2056.0,R,33.0,R,620.0,R,0.0,R,620.0,R,406.0,R,65.0,R,56.0,R,0.0,R,56.0,R,16.0,R,29.0,R,11
106263,2009,A,,A,,A,,A,,A,,A,,A,,A,,A,,A,,A,,A,,A,,R,10
106281,2009,A,,A,,A,,R,14.0,R,0.0,R,14.0,R,7.0,R,50.0,R,2.0,R,0.0,R,2.0,R,1.0,R,50.0,R,9
106306,2009,R,119.0,R,323.0,R,37.0,R,311.0,R,0.0,R,311.0,R,200.0,R,64.0,R,8.0,R,0.0,R,8.0,R,5.0,R,63.0,R,15
106315,2009,A,,A,,A,,R,18.0,Z,0.0,R,18.0,R,10.0,R,56.0,R,6.0,Z,0.0,R,6.0,R,5.0,R,83.0,R,11
106324,2009,A,,A,,A,,R,12.0,R,0.0,R,12.0,R,12.0,R,100.0,R,0.0,R,0.0,R,0.0,R,0.0,A,,R,10
106342,2009,R,217.0,R,312.0,R,70.0,R,109.0,R,0.0,R,109.0,R,68.0,R,62.0,R,0.0,R,0.0,R,0.0,R,0.0,A,,R,13
106351,2009,A,,A,,A,,R,18.0,R,0.0,R,18.0,R,14.0,R,78.0,R,10.0,Z,0.0,R,10.0,R,9.0,R,90.0,R,20
106360,2009,A,,A,,A,,R,29.0,R,0.0,R,29.0,R,17.0,R,59.0,R,0.0,R,0.0,R,0.0,R,0.0,A,,R,13
106397,2009,R,2891.0,R,4329.0,R,67.0,R,2979.0,R,0.0,R,2979.0,R,2477.0,R,83.0,R,32.0,R,0.0,R,32.0,R,17.0,R,53.0,R,18
106412,2009,R,960.0,R,1182.0,R,81.0,R,954.0,Z,0.0,R,954.0,R,610.0,R,64.0,R,26.0,Z,0.0,R,26.0,R,5.0,R,19.0,R,17
106449,2009,R,949.0,R,1460.0,R,65.0,R,783.0,R,0.0,R,783.0,R,500.0,R,64.0,R,104.0,R,0.0,R,104.0,R,51.0,R,49.0,R,19
106458,2009,R,1650.0,R,2887.0,R,57.0,R,1752.0,R,0.0,R,1752.0,R,1190.0,R,68.0,R,150.0,R,0.0,R,150.0,R,57.0,R,38.0,R,17
106467,2009,R,1748.0,R,2247.0,R,78.0,R,1253.0,R,0.0,R,1253.0,R,894.0,R,71.0,R,48.0,R,0.0,R,48.0,R,31.0,R,65.0,R,18
106485,2009,R,742.0,R,1292.0,R,57.0,R,560.0,R,0.0,R,560.0,R,281.0,R,50.0,R,23.0,R,0.0,R,23.0,R,4.0,R,17.0,R,17
106494,2009,A,,A,,A,,R,42.0,R,0.0,R,42.0,R,33.0,R,79.0,R,0.0,R,0.0,R,0.0,R,0.0,A,,R,15
106546,2009,A,,A,,A,,R,51.0,R,0.0,R,51.0,R,24.0,R,47.0,R,0.0,R,0.0,R,0.0,R,0.0,A,,R,14
106607,2009,A,,A,,A,,R,34.0,R,0.0,R,34.0,R,23.0,R,68.0,R,2.0,R,0.0,R,2.0,R,1.0,R,50.0,R,11
106625,2009,R,494.0,R,765.0,R,65.0,R,344.0,R,0.0,R,344.0,R,207.0,R,60.0,R,36.0,R,0.0,R,36.0,R,18.0,R,50.0,R,21
106704,2009,R,1753.0,R,2277.0,R,77.0,R,2075.0,R,0.0,R,2075.0,R,1480.0,R,71.0,R,36.0,R,0.0,R,36.0,R,15.0,R,42.0,R,18
106713,2009,R,125.0,R,215.0,R,58.0,R,104.0,R,1.0,R,103.0,R,61.0,R,59.0,R,4.0,R,0.0,R,4.0,R,2.0,R,50.0,R,21
106795,2009,R,149.0,R,595.0,R,25.0,R,134.0,R,0.0,R,134.0,R,86.0,R,64.0,R,31.0,R,0.0,R,31.0,R,21.0,R,68.0,R,15
106810,2009,R,57.0,R,82.0,R,70.0,R,62.0,R,0.0,R,62.0,R,27.0,R,44.0,R,1.0,R,0.0,R,1.0,R,0.0,R,0.0,R,10
106829,2009,A,,A,,A,,R,75.0,R,0.0,R,75.0,R,35.0,R,47.0,R,23.0,R,0.0,R,23.0,R,13.0,R,57.0,R,9
106838,2009,A,,A,,A,,R,8.0,R,0.0,R,8.0,R,3.0,R,38.0,R,0.0,R,0.0,R,0.0,R,0.0,A,,R,24
106883,2009,R,293.0,R,538.0,R,54.0,R,242.0,R,0.0,R,242.0,R,121.0,R,50.0,R,56.0,R,0.0,R,56.0,R,17.0,R,30.0,R,20
106892,2009,A,,A,,A,,A,,A,,A,,A,,A,,A,,A,,A,,A,,A,,R,29
106908,2009,A,,A,,A,,R,65.0,R,0.0,R,65.0,R,50.0,R,77.0,R,0.0,R,0.0,R,0.0,R,0.0,A,,R,16
106980,2009,R,493.0,R,1334.0,R,37.0,R,358.0,R,0.0,R,358.0,R,208.0,R,58.0,R,102.0,Z,0.0,R,102.0,R,41.0,R,40.0,R,21
106999,2009,R,294.0,R,470.0,R,63.0,R,206.0,Z,0.0,R,206.0,R,120.0,R,58.0,R,52.0,Z,0.0,R,52.0,R,20.0,R,38.0,R,19
107044,2009,R,953.0,R,1166.0,R,82.0,R,981.0,Z,0.0,R,981.0,R,799.0,R,81.0,R,5.0,Z,0.0,R,5.0,R,2.0,R,40.0,R,17
107071,2009,R,627.0,R,980.0,R,64.0,R,727.0,R,7.0,R,720.0,R,437.0,R,61.0,R,12.0,R,0.0,R,12.0,R,2.0,R,17.0,R,15
107080,2009,R,412.0,R,423.0,R,97.0,R,433.0,Z,0.0,R,433.0,R,382.0,R,88.0,R,0.0,Z,0.0,R,0.0,Z,0.0,A,,R,13
107099,2009,A,,A,,A,,R,24.0,R,0.0,R,24.0,R,20.0,R,83.0,R,0.0,R,0.0,R,0.0,R,0.0,A,,R,21
107123,2009,A,,A,,A,,R,25.0,R,0.0,R,25.0,R,22.0,R,88.0,R,0.0,R,0.0,R,0.0,R,0.0,A,,R,9
107141,2009,R,306.0,R,530.0,R,58.0,R,310.0,R,0.0,R,310.0,R,237.0,R,76.0,Z,0.0,Z,0.0,Z,0.0,Z,0.0,A,,R,13
107211,2009,A,,A,,A,,R,37.0,R,0.0,R,37.0,R,26.0,R,70.0,R,0.0,R,0.0,R,0.0,R,0.0,A,,R,19
107220,2009,A,,A,,A,,R,63.0,R,0.0,R,63.0,R,40.0,R,63.0,R,48.0,R,0.0,R,48.0,R,23.0,R,48.0,R,16
107275,2009,A,,A,,A,,R,4.0,Z,0.0,R,4.0,R,3.0,R,75.0,R,0.0,R,0.0,R,0.0,R,0.0,A,,R,14
107293,2009,A,,A,,A,,R,66.0,R,1.0,R,65.0,R,59.0,R,91.0,Z,0.0,Z,0.0,Z,0.0,Z,0.0,A,,R,7
107318,2009,R,200.0,R,902.0,R,22.0,R,171.0,Z,0.0,R,171.0,R,89.0,R,52.0,R,152.0,Z,0.0,R,152.0,R,98.0,R,64.0,R,19
107327,2009,R,357.0,R,710.0,R,50.0,R,245.0,Z,0.0,R,245.0,R,135.0,R,55.0,R,83.0,Z,0.0,R,83.0,R,55.0,R,66.0,R,17
107363,2009,A,,A,,A,,R,30.0,R,0.0,R,30.0,R,10.0,R,33.0,R,6.0,R,0.0,R,6.0,R,1.0,R,17.0,R,25
107442,2009,A,,A,,A,,R,18.0,R,0.0,R,18.0,R,13.0,R,72.0,R,0.0,R,0.0,R,0.0,R,0.0,A,,R,15
107460,2009,R,502.0,R,697.0,R,72.0,R,426.0,R,0.0,R,426.0,R,222.0,R,52.0,R,59.0,R,0.0,R,59.0,R,21.0,R,36.0,R,19
107488,2009,A,,A,,A,,R,166.0,R,0.0,R,166.0,R,41.0,R,25.0,R,54.0,R,0.0,R,54.0,R,2.0,R,4.0,R,5
107512,2009,R,390.0,R,458.0,R,85.0,R,404.0,R,0.0,R,404.0,R,298.0,R,74.0,R,0.0,R,0.0,R,0.0,R,0.0,A,,R,11
107521,2009,R,133.0,R,354.0,R,38.0,R,163.0,R,1.0,R,162.0,R,92.0,R,57.0,R,38.0,R,0.0,R,38.0,R,14.0,R,37.0,R,18
107549,2009,R,229.0,R,839.0,R,27.0,R,187.0,Z,0.0,R,187.0,R,99.0,R,53.0,R,21.0,Z,0.0,R,21.0,R,2.0,R,10.0,R,18
107558,2009,R,152.0,R,193.0,R,79.0,R,195.0,R,1.0,R,194.0,R,133.0,R,69.0,R,0.0,R,0.0,R,0.0,R,0.0,A,,R,10
107585,2009,R,621.0,R,1089.0,R,57.0,R,473.0,R,0.0,R,473.0,R,252.0,R,53.0,R,96.0,R,0.0,R,96.0,R,37.0,R,39.0,R,25
107600,2009,R,152.0,R,223.0,R,68.0,R,141.0,Z,0.0,R,141.0,R,101.0,R,72.0,R,4.0,Z,0.0,R,4.0,R,1.0,R,25.0,R,9
107619,2009,R,216.0,R,329.0,R,66.0,R,142.0,R,0.0,R,142.0,R,85.0,R,60.0,R,43.0,R,0.0,R,43.0,R,21.0,R,49.0,R,14
107637,2009,R,367.0,R,572.0,R,64.0,R,301.0,R,0.0,R,301.0,R,143.0,R,48.0,R,333.0,R,0.0,R,333.0,R,66.0,R,20.0,R,21
107655,2009,A,,A,,A,,R,33.0,R,0.0,R,33.0,R,32.0,R,97.0,R,1.0,R,0.0,R,1.0,R,1.0,R,100.0,R,22
107664,2009,R,1090.0,R,2079.0,R,52.0,R,812.0,Z,0.0,R,812.0,R,504.0,R,62.0,R,401.0,Z,0.0,R,401.0,R,181.0,R,45.0,R,25
107725,2009,R,283.0,R,564.0,R,50.0,R,167.0,Z,0.0,R,167.0,R,107.0,R,64.0,R,46.0,Z,0.0,R,46.0,R,15.0,R,33.0,R,21
107743,2009,R,141.0,R,346.0,R,41.0,R,120.0,R,0.0,R,120.0,R,52.0,R,43.0,R,31.0,R,0.0,R,31.0,R,12.0,R,39.0,R,18
107789,2009,A,,A,,A,,R,9.0,R,0.0,R,9.0,R,5.0,R,56.0,R,8.0,R,0.0,R,8.0,R,1.0,R,13.0,R,22
107831,2009,A,,A,,A,,R,34.0,R,0.0,R,34.0,R,23.0,R,68.0,R,0.0,R,0.0,R,0.0,R,0.0,A,,R,22
107877,2009,R,135.0,R,259.0,R,52.0,R,143.0,R,0.0,R,143.0,R,92.0,R,64.0,R,0.0,R,0.0,R,0.0,R,0.0,A,,R,16
107974,2009,R,161.0,R,592.0,R,27.0,R,169.0,R,0.0,R,169.0,R,83.0,R,49.0,R,83.0,R,0.0,R,83.0,R,26.0,R,31.0,R,15
107983,2009,R,616.0,R,838.0,R,74.0,R,624.0,R,0.0,R,624.0,R,392.0,R,63.0,R,5.0,R,0.0,R,5.0,R,2.0,R,40.0,R,15
107992,2009,R,221.0,R,467.0,R,47.0,R,211.0,R,0.0,R,211.0,R,146.0,R,69.0,R,26.0,R,0.0,R,26.0,R,13.0,R,50.0,R,20
108065,2009,A,,A,,A,,R,7.0,R,0.0,R,7.0,R,3.0,R,43.0,R,0.0,R,0.0,R,0.0,R,0.0,A,,R,10
108092,2009,R,1214.0,R,2255.0,R,54.0,R,652.0,R,0.0,R,652.0,R,432.0,R,66.0,R,34.0,R,0.0,R,34.0,R,16.0,R,47.0,R,20
108199,2009,A,,A,,A,,R,794.0,R,0.0,R,794.0,R,651.0,R,82.0,R,175.0,R,0.0,R,175.0,R,141.0,R,81.0,R,35
108232,2009,R,965.0,R,2768.0,R,35.0,R,818.0,R,0.0,R,818.0,R,464.0,R,57.0,R,367.0,R,0.0,R,367.0,R,117.0,R,32.0,R,20
108250,2009,R,113.0,R,140.0,R,81.0,R,0.0,R,0.0,R,0.0,R,0.0,A,,R,0.0,R,0.0,R,0.0,R,0.0,A,,R,21
108348,2009,A,,A,,A,,A,,A,,A,,A,,A,,A,,A,,A,,A,,A,,R,5
108649,2009,A,,A,,A,,R,22.0,R,0.0,R,22.0,R,22.0,R,100.0,R,2.0,R,0.0,R,2.0,R,2.0,R,100.0,R,20
108667,2009,R,269.0,R,2999.0,R,9.0,R,238.0,Z,0.0,R,238.0,R,92.0,R,39.0,R,687.0,Z,0.0,R,687.0,R,113.0,R,16.0,R,32
108807,2009,R,921.0,R,3068.0,R,30.0,R,830.0,Z,0.0,R,830.0,R,413.0,R,50.0,R,1018.0,Z,0.0,R,1018.0,R,239.0,R,23.0,R,24
108852,2009,R,72.0,R,72.0,R,100.0,R,80.0,R,0.0,R,80.0,R,58.0,R,73.0,R,0.0,R,0.0,R,0.0,R,0.0,A,,R,9
108977,2009,A,,A,,A,,R,27.0,R,0.0,R,27.0,R,20.0,R,74.0,R,0.0,R,0.0,R,0.0,R,0.0,A,,R,22
109013,2009,A,,A,,A,,A,,A,,A,,A,,A,,A,,A,,A,,A,,A,,R,2
109040,2009,A,,A,,A,,R,1237.0,R,0.0,R,1237.0,R,1137.0,R,92.0,R,0.0,R,0.0,R,0.0,R,0.0,A,,R,15
109208,2009,R,1671.0,R,10183.0,R,16.0,R,1627.0,Z,0.0,R,1627.0,R,722.0,R,44.0,R,2860.0,Z,0.0,R,2860.0,R,643.0,R,22.0,R,30
109332,2009,A,,A,,A,,A,,A,,A,,A,,A,,A,,A,,A,,A,,A,,R,24
109350,2009,R,1130.0,R,4324.0,R,26.0,R,1215.0,Z,0.0,R,1215.0,R,533.0,R,44.0,R,1243.0,Z,0.0,R,1243.0,R,341.0,R,27.0,R,26
109651,2009,R,99.0,R,383.0,R,26.0,R,82.0,Z,0.0,R,82.0,R,72.0,R,88.0,R,0.0,R,0.0,R,0.0,R,0.0,A,,R,9
109721,2009,A,,A,,A,,A,,A,,A,,A,,A,,A,,A,,A,,A,,A,,R,20
109730,2009,A,,A,,A,,A,,A,,A,,A,,A,,A,,A,,A,,A,,A,,R,14
109785,2009,R,1013.0,R,1385.0,R,73.0,R,1090.0,R,0.0,R,1090.0,R,891.0,R,82.0,R,3.0,R,0.0,R,3.0,R,1.0,R,33.0,R,12
109819,2009,R,1741.0,R,5256.0,R,33.0,R,1969.0,Z,0.0,R,1969.0,R,1334.0,R,68.0,R,1845.0,Z,0.0,R,1845.0,R,699.0,R,38.0,R,31
109891,2009,A,,A,,A,,R,1.0,R,0.0,R,1.0,R,1.0,R,100.0,Z,0.0,Z,0.0,Z,0.0,Z,0.0,A,,R,25
109907,2009,R,342.0,R,2351.0,R,15.0,R,189.0,Z,0.0,R,189.0,R,114.0,R,60.0,R,360.0,Z,0.0,R,360.0,R,95.0,R,26.0,R,35
109934,2009,A,,A,,A,,R,124.0,R,0.0,R,124.0,R,93.0,R,75.0,R,0.0,R,0.0,R,0.0,R,0.0,A,,R,24
110051,2009,R,73.0,R,163.0,R,45.0,R,107.0,R,0.0,R,107.0,R,63.0,R,59.0,Z,0.0,Z,0.0,Z,0.0,Z,0.0,A,,R,12
110060,2009,R,12.0,R,104.0,R,12.0,R,12.0,Z,0.0,R,12.0,R,10.0,R,83.0,R,5.0,Z,0.0,R,5.0,R,4.0,R,80.0,R,5
110097,2009,R,789.0,R,1095.0,R,72.0,R,820.0,R,0.0,R,820.0,R,678.0,R,83.0,Z,0.0,Z,0.0,Z,0.0,Z,0.0,A,,R,17
110185,2009,R,92.0,R,92.0,R,100.0,R,131.0,R,0.0,R,131.0,R,92.0,R,70.0,R,0.0,R,0.0,R,0.0,Z,0.0,A,,R,7
110194,2009,A,,A,,A,,R,32.0,R,0.0,R,32.0,R,28.0,R,88.0,R,0.0,R,0.0,R,0.0,R,0.0,A,,R,12
110219,2009,R,44.0,R,53.0,R,83.0,R,71.0,R,0.0,R,71.0,R,36.0,R,51.0,R,6.0,R,0.0,R,6.0,R,4.0,R,67.0,R,19
110246,2009,R,1137.0,R,3468.0,R,33.0,R,906.0,Z,0.0,R,906.0,R,409.0,R,45.0,R,419.0,Z,0.0,R,419.0,R,112.0,R,27.0,R,25
110316,2009,A,,A,,A,,A,,A,,A,,A,,A,,A,,A,,A,,A,,A,,R,19
110334,2009,R,851.0,R,3377.0,R,25.0,R,732.0,Z,0.0,R,732.0,R,523.0,R,71.0,R,861.0,Z,0.0,R,861.0,R,356.0,R,41.0,R,26
110361,2009,R,569.0,R,1000.0,R,57.0,R,438.0,R,0.0,R,438.0,R,311.0,R,71.0,R,8.0,R,0.0,R,8.0,R,2.0,R,25.0,R,16
110370,2009,R,211.0,R,421.0,R,50.0,R,247.0,R,1.0,R,246.0,R,178.0,R,72.0,R,1.0,Z,0.0,R,1.0,R,1.0,R,100.0,R,9
110404,2009,R,252.0,R,258.0,R,98.0,R,236.0,R,0.0,R,236.0,R,232.0,R,98.0,Z,0.0,Z,0.0,Z,0.0,Z,0.0,A,,R,3
110413,2009,R,464.0,R,685.0,R,68.0,R,482.0,R,1.0,R,481.0,R,380.0,R,79.0,Z,0.0,Z,0.0,Z,0.0,Z,0.0,A,,R,15
110422,2009,R,3877.0,R,4673.0,R,83.0,R,3448.0,Z,0.0,R,3448.0,R,3147.0,R,91.0,R,52.0,Z,0.0,R,52.0,R,40.0,R,77.0,R,21
110468,2009,A,,A,,A,,A,,A,,A,,A,,A,,A,,A,,A,,A,,A,,R,16
110486,2009,R,1055.0,R,1975.0,R,53.0,R,901.0,Z,0.0,R,901.0,R,666.0,R,74.0,R,33.0,Z,0.0,R,33.0,R,8.0,R,24.0,R,25
110495,2009,R,798.0,R,1830.0,R,44.0,R,899.0,Z,0.0,R,899.0,R,742.0,R,83.0,R,65.0,Z,0.0,R,65.0,R,38.0,R,58.0,R,21
110510,2009,R,1968.0,R,4062.0,R,48.0,R,1916.0,Z,0.0,R,1916.0,R,1593.0,R,83.0,R,51.0,Z,0.0,R,51.0,R,26.0,R,51.0,R,27
110529,2009,R,2728.0,R,4573.0,R,60.0,R,2538.0,Z,0.0,R,2538.0,R,2151.0,R,85.0,R,102.0,Z,0.0,R,102.0,R,68.0,R,67.0,R,27
110538,2009,R,2468.0,R,3996.0,R,62.0,R,2727.0,Z,0.0,R,2727.0,R,2243.0,R,82.0,R,37.0,Z,0.0,R,37.0,R,19.0,R,51.0,R,25
110547,2009,R,1070.0,R,4288.0,R,25.0,R,889.0,Z,0.0,R,889.0,R,607.0,R,68.0,R,60.0,Z,0.0,R,60.0,R,30.0,R,50.0,R,26
110556,2009,R,2620.0,R,4640.0,R,56.0,R,2731.0,Z,0.0,R,2731.0,R,2187.0,R,80.0,R,91.0,Z,0.0,R,91.0,R,41.0,R,45.0,R,24
110565,2009,R,3845.0,R,7932.0,R,48.0,R,4519.0,Z,0.0,R,4519.0,R,3625.0,R,80.0,R,177.0,Z,0.0,R,177.0,R,101.0,R,57.0,R,27
110574,2009,R,1436.0,R,3516.0,R,41.0,R,1356.0,Z,0.0,R,1356.0,R,965.0,R,71.0,R,19.0,Z,0.0,R,19.0,R,7.0,R,37.0,R,27
110583,2009,R,3473.0,R,5813.0,R,60.0,R,4536.0,Z,0.0,R,4536.0,R,3924.0,R,87.0,R,69.0,Z,0.0,R,69.0,R,49.0,R,71.0,R,24
110592,2009,R,1877.0,R,4276.0,R,44.0,R,1676.0,Z,0.0,R,1676.0,R,1244.0,R,74.0,R,272.0,Z,0.0,R,272.0,R,154.0,R,57.0,R,23
110608,2009,R,4049.0,R,8154.0,R,50.0,R,4512.0,Z,0.0,R,4512.0,R,3219.0,R,71.0,R,112.0,Z,0.0,R,112.0,R,57.0,R,51.0,R,25
110617,2009,R,2954.0,R,6976.0,R,42.0,R,2536.0,Z,0.0,R,2536.0,R,1998.0,R,79.0,R,84.0,Z,0.0,R,84.0,R,37.0,R,44.0,R,26
110635,2009,R,4339.0,R,6556.0,R,66.0,R,4239.0,R,0.0,R,4239.0,R,4085.0,R,96.0,R,22.0,R,0.0,R,22.0,R,18.0,R,82.0,R,16
110644,2009,R,4337.0,R,6628.0,R,65.0,R,4861.0,R,0.0,R,4861.0,R,4488.0,R,92.0,R,111.0,R,0.0,R,111.0,R,90.0,R,81.0,R,16
110653,2009,R,4014.0,R,5772.0,R,70.0,R,4561.0,R,0.0,R,4561.0,R,4299.0,R,94.0,R,22.0,R,0.0,R,22.0,R,18.0,R,82.0,R,19
110662,2009,R,4457.0,R,7706.0,R,58.0,R,4715.0,R,0.0,R,4715.0,R,4555.0,R,97.0,R,20.0,R,0.0,R,20.0,R,16.0,R,80.0,R,17
110671,2009,R,4265.0,R,5244.0,R,81.0,R,4403.0,R,0.0,R,4403.0,R,3819.0,R,87.0,R,21.0,R,0.0,R,21.0,R,14.0,R,67.0,R,19
110680,2009,R,3746.0,R,5691.0,R,66.0,R,4288.0,R,0.0,R,4288.0,R,4077.0,R,95.0,R,4.0,R,0.0,R,4.0,R,4.0,R,100.0,R,19
110705,2009,R,4569.0,R,6461.0,R,71.0,R,4363.0,R,0.0,R,4363.0,R,3960.0,R,91.0,R,24.0,R,0.0,R,24.0,R,20.0,R,83.0,R,17
110714,2009,R,3203.0,R,4083.0,R,78.0,R,3954.0,R,0.0,R,3954.0,R,3526.0,R,89.0,R,11.0,R,0.0,R,11.0,R,7.0,R,64.0,R,18
110875,2009,A,,A,,A,,R,21.0,R,0.0,R,21.0,R,13.0,R,62.0,R,1.0,R,0.0,R,1.0,R,1.0,R,100.0,R,17
110918,2009,R,6.0,R,13.0,R,46.0,R,3.0,R,0.0,R,3.0,R,1.0,R,33.0,R,0.0,R,0.0,R,0.0,R,0.0,A,,R,7
110945,2009,A,,A,,A,,R,205.0,R,2.0,R,203.0,R,180.0,R,89.0,Z,0.0,Z,0.0,Z,0.0,Z,0.0,A,,R,19
111009,2009,A,,A,,A,,R,144.0,R,0.0,R,144.0,R,112.0,R,78.0,R,0.0,R,0.0,R,0.0,R,0.0,A,,R,15
111054,2009,A,,A,,A,,R,84.0,R,0.0,R,84.0,R,60.0,R,71.0,R,0.0,R,0.0,R,0.0,R,0.0,A,,R,18
111081,2009,R,160.0,R,301.0,R,53.0,R,171.0,R,0.0,R,171.0,R,143.0,R,84.0,R,1.0,R,0.0,R,1.0,R,1.0,R,100.0,R,7
111188,2009,R,146.0,R,250.0,R,58.0,R,153.0,Z,0.0,R,153.0,R,117.0,R,76.0,R,5.0,Z,0.0,R,5.0,R,1.0,R,20.0,R,12
111434,2009,R,311.0,R,2361.0,R,13.0,R,193.0,Z,0.0,R,193.0,R,79.0,R,41.0,R,350.0,Z,0.0,R,350.0,R,89.0,R,25.0,R,27
111461,2009,R,1241.0,R,4950.0,R,25.0,R,1281.0,Z,0.0,R,1281.0,R,629.0,R,49.0,R,894.0,Z,0.0,R,894.0,R,237.0,R,27.0,R,36
111513,2009,A,,A,,A,,R,28.0,R,0.0,R,28.0,R,23.0,R,82.0,R,38.0,R,0.0,R,38.0,R,25.0,R,66.0,R,10
111638,2009,A,,A,,A,,R,192.0,R,0.0,R,192.0,R,160.0,R,83.0,R,19.0,R,0.0,R,19.0,R,14.0,R,74.0,R,14
111708,2009,A,,A,,A,,R,210.0,R,0.0,R,210.0,R,196.0,R,93.0,R,93.0,R,0.0,R,93.0,R,79.0,R,85.0,R,20
111717,2009,A,,A,,A,,R,640.0,R,0.0,R,640.0,R,445.0,R,70.0,R,77.0,R,0.0,R,77.0,R,62.0,R,81.0,R,20
111726,2009,A,,A,,A,,R,432.0,R,0.0,R,432.0,R,402.0,R,93.0,R,0.0,R,0.0,R,0.0,R,0.0,A,,R,20
111744,2009,A,,A,,A,,R,231.0,R,0.0,R,231.0,R,200.0,R,87.0,R,0.0,R,0.0,R,0.0,R,0.0,A,,R,17
111762,2009,A,,A,,A,,R,179.0,R,0.0,R,179.0,R,154.0,R,86.0,R,0.0,R,0.0,R,0.0,R,0.0,A,,R,20
111771,2009,A,,A,,A,,R,270.0,R,0.0,R,270.0,R,236.0,R,87.0,R,0.0,R,0.0,R,0.0,R,0.0,A,,R,20
111799,2009,A,,A,,A,,R,252.0,R,0.0,R,252.0,R,218.0,R,87.0,R,1.0,R,0.0,R,1.0,R,1.0,R,100.0,R,20
111887,2009,R,1616.0,R,6194.0,R,26.0,R,1552.0,Z,0.0,R,1552.0,R,751.0,R,48.0,R,2113.0,Z,0.0,R,2113.0,R,623.0,R,29.0,R,28
111896,2009,R,251.0,R,2115.0,R,12.0,R,274.0,Z,0.0,R,274.0,R,150.0,R,55.0,R,413.0,Z,0.0,R,413.0,R,116.0,R,28.0,R,30
111920,2009,R,1017.0,R,4528.0,R,22.0,R,977.0,Z,0.0,R,977.0,R,680.0,R,70.0,R,1154.0,Z,0.0,R,1154.0,R,479.0,R,42.0,R,28
111939,2009,R,1754.0,R,6527.0,R,27.0,R,1356.0,Z,0.0,R,1356.0,R,712.0,R,53.0,R,1671.0,Z,0.0,R,1671.0,R,516.0,R,31.0,R,24
111948,2009,R,1028.0,R,1369.0,R,75.0,R,961.0,R,1.0,R,960.0,R,836.0,R,87.0,R,4.0,R,0.0,R,4.0,R,1.0,R,25.0,R,14
111966,2009,R,3.0,R,171.0,R,2.0,R,0.0,R,0.0,R,0.0,R,0.0,A,,R,1.0,R,0.0,R,1.0,R,1.0,R,100.0,R,8
112075,2009,R,296.0,R,486.0,R,61.0,R,326.0,R,0.0,R,326.0,R,240.0,R,74.0,R,0.0,R,0.0,R,0.0,R,0.0,A,,R,19
112084,2009,R,63.0,R,171.0,R,37.0,R,57.0,R,1.0,R,56.0,R,34.0,R,61.0,Z,0.0,Z,0.0,Z,0.0,Z,0.0,A,,R,15
112172,2009,R,1073.0,R,4262.0,R,25.0,R,1086.0,Z,0.0,R,1086.0,R,794.0,R,73.0,R,813.0,Z,0.0,R,813.0,R,385.0,R,47.0,R,30
112190,2009,R,1320.0,R,8331.0,R,16.0,R,1387.0,Z,0.0,R,1387.0,R,1052.0,R,76.0,R,2504.0,Z,0.0,R,2504.0,R,1001.0,R,40.0,R,23
112260,2009,R,282.0,R,314.0,R,90.0,R,320.0,R,0.0,R,320.0,R,301.0,R,94.0,R,0.0,R,0.0,R,0.0,R,0.0,A,,R,9
112288,2009,A,,A,,A,,A,,A,,A,,A,,A,,A,,A,,A,,A,,A,,R,24
112312,2009,R,1.0,R,33.0,R,3.0,R,8.0,R,0.0,R,8.0,R,7.0,R,88.0,R,0.0,R,0.0,R,0.0,R,0.0,A,,R,10
112367,2009,A,,A,,A,,R,222.0,R,0.0,R,222.0,R,134.0,R,60.0,R,218.0,R,0.0,R,218.0,R,167.0,R,77.0,R,20
112385,2009,R,95.0,R,4340.0,R,2.0,R,53.0,Z,0.0,R,53.0,R,14.0,R,26.0,R,1457.0,Z,0.0,R,1457.0,R,217.0,R,15.0,R,44
112394,2009,R,21.0,R,53.0,R,40.0,R,14.0,R,0.0,R,14.0,R,8.0,R,57.0,R,0.0,R,0.0,R,0.0,R,0.0,A,,R,7
112446,2009,R,68.0,R,68.0,R,100.0,R,0.0,Z,0.0,R,0.0,R,0.0,A,,Z,0.0,Z,0.0,Z,0.0,Z,0.0,A,,R,8
112455,2009,A,,A,,A,,R,27.0,Z,0.0,R,27.0,R,21.0,R,78.0,Z,0.0,Z,0.0,Z,0.0,Z,0.0,A,,R,27
112516,2009,A,,A,,A,,R,217.0,Z,0.0,R,217.0,R,165.0,R,76.0,Z,0.0,Z,0.0,Z,0.0,Z,0.0,A,,R,14
112561,2009,R,302.0,R,1622.0,R,19.0,R,257.0,Z,0.0,R,257.0,R,132.0,R,51.0,R,367.0,Z,0.0,R,367.0,R,124.0,R,34.0,R,23
112570,2009,R,44.0,R,101.0,R,44.0,R,41.0,R,0.0,R,41.0,R,25.0,R,61.0,R,0.0,R,0.0,R,0.0,R,0.0,A,,R,13
112686,2009,R,407.0,R,3189.0,R,13.0,R,234.0,Z,0.0,R,234.0,R,64.0,R,27.0,R,381.0,Z,0.0,R,381.0,R,48.0,R,13.0,R,28
112783,2009,A,,A,,A,,R,146.0,R,0.0,R,146.0,R,96.0,R,66.0,R,0.0,R,0.0,R,0.0,R,0.0,A,,R,15
112826,2009,R,426.0,R,2298.0,R,19.0,R,304.0,Z,0.0,R,304.0,R,207.0,R,68.0,R,468.0,Z,0.0,R,468.0,R,178.0,R,38.0,R,26
113096,2009,R,977.0,R,5349.0,R,18.0,R,984.0,Z,0.0,R,984.0,R,450.0,R,46.0,R,1221.0,Z,0.0,R,1221.0,R,306.0,R,25.0,R,34
113111,2009,R,522.0,R,2125.0,R,25.0,R,483.0,Z,0.0,R,483.0,R,241.0,R,50.0,R,476.0,Z,0.0,R,476.0,R,142.0,R,30.0,R,33
113193,2009,R,1310.0,R,4006.0,R,33.0,R,1045.0,Z,0.0,R,1045.0,R,441.0,R,42.0,R,679.0,Z,0.0,R,679.0,R,156.0,R,23.0,R,27
113218,2009,R,667.0,R,3713.0,R,18.0,R,595.0,Z,0.0,R,595.0,R,422.0,R,71.0,R,682.0,Z,0.0,R,682.0,R,255.0,R,37.0,R,28
113227,2009,A,,A,,A,,R,78.0,R,0.0,R,78.0,R,51.0,R,65.0,R,7.0,R,0.0,R,7.0,R,5.0,R,71.0,R,22
113236,2009,R,1620.0,R,5489.0,R,30.0,R,1117.0,Z,0.0,R,1117.0,R,566.0,R,51.0,R,1006.0,Z,0.0,R,1006.0,R,286.0,R,28.0,R,26
113333,2009,R,2687.0,R,7339.0,R,37.0,R,1883.0,Z,0.0,R,1883.0,R,1004.0,R,53.0,R,1370.0,Z,0.0,R,1370.0,R,304.0,R,22.0,R,31
113397,2009,A,,A,,A,,R,117.0,R,0.0,R,117.0,R,87.0,R,74.0,R,47.0,R,0.0,R,47.0,R,30.0,R,64.0,R,20
113449,2009,A,,A,,A,,R,11.0,R,0.0,R,11.0,R,9.0,R,82.0,R,29.0,Z,0.0,R,29.0,R,23.0,R,79.0,R,12
113537,2009,A,,A,,A,,R,1.0,R,0.0,R,1.0,R,1.0,R,100.0,R,0.0,R,0.0,R,0.0,R,0.0,A,,R,7
113573,2009,R,980.0,R,3010.0,R,33.0,R,732.0,Z,0.0,R,732.0,R,359.0,R,49.0,R,672.0,Z,0.0,R,672.0,R,203.0,R,30.0,R,30
113582,2009,R,6.0,R,40.0,R,15.0,R,11.0,R,0.0,R,11.0,R,7.0,R,64.0,R,1.0,R,0.0,R,1.0,R,1.0,R,100.0,R,14
113607,2009,R,877.0,R,2584.0,R,34.0,R,562.0,R,0.0,R,562.0,R,304.0,R,54.0,R,355.0,R,0.0,R,355.0,R,144.0,R,41.0,R,20
113634,2009,R,1569.0,R,5924.0,R,26.0,R,1241.0,Z,0.0,R,1241.0,R,562.0,R,45.0,R,1410.0,Z,0.0,R,1410.0,R,625.0,R,44.0,R,28
113698,2009,R,289.0,R,441.0,R,66.0,R,267.0,Z,0.0,R,267.0,R,213.0,R,80.0,R,0.0,R,0.0,R,0.0,R,0.0,A,,R,11
113856,2009,R,1776.0,R,9961.0,R,18.0,R,899.0,Z,0.0,R,899.0,R,678.0,R,75.0,R,1753.0,Z,0.0,R,1753.0,R,879.0,R,50.0,R,46
113908,2009,A,,A,,A,,R,87.0,R,0.0,R,87.0,R,73.0,R,84.0,R,37.0,R,0.0,R,37.0,R,28.0,R,76.0,R,15
113980,2009,R,2233.0,R,7572.0,R,29.0,R,1837.0,Z,0.0,R,1837.0,R,1245.0,R,68.0,R,1775.0,Z,0.0,R,1775.0,R,811.0,R,46.0,R,30
114044,2009,A,,A,,A,,A,,A,,A,,A,,A,,A,,A,,A,,A,,A,,R,7
114062,2009,A,,A,,A,,R,75.0,R,0.0,R,75.0,R,69.0,R,92.0,R,45.0,R,0.0,R,45.0,R,36.0,R,80.0,R,13
114071,2009,A,,A,,A,,R,132.0,R,0.0,R,132.0,R,125.0,R,95.0,R,66.0,R,0.0,R,66.0,R,53.0,R,80.0,R,21
114080,2009,A,,A,,A,,R,144.0,R,0.0,R,144.0,R,125.0,R,87.0,R,65.0,R,0.0,R,65.0,R,50.0,R,77.0,R,15
114123,2009,A,,A,,A,,R,281.0,Z,0.0,R,281.0,R,245.0,R,87.0,R,1.0,R,1.0,R,0.0,R,0.0,A,,R,14
114266,2009,R,574.0,R,3399.0,R,17.0,R,558.0,Z,0.0,R,558.0,R,329.0,R,59.0,R,614.0,Z,0.0,R,614.0,R,197.0,R,32.0,R,32
114354,2009,R,777.0,R,1685.0,R,46.0,R,860.0,R,0.0,R,860.0,R,604.0,R,70.0,R,21.0,R,0.0,R,21.0,R,14.0,R,67.0,R,17
114372,2009,R,25.0,R,25.0,R,100.0,R,23.0,R,0.0,R,23.0,R,14.0,R,61.0,R,0.0,R,0.0,R,0.0,R,0.0,A,,R,20
114390,2009,R,217.0,R,438.0,R,50.0,R,205.0,R,0.0,R,205.0,R,134.0,R,65.0,R,6.0,R,0.0,R,6.0,R,4.0,R,67.0,R,16
114415,2009,R,185.0,R,305.0,R,61.0,R,249.0,R,0.0,R,249.0,R,185.0,R,74.0,R,6.0,R,0.0,R,6.0,R,3.0,R,50.0,R,16
114433,2009,R,236.0,R,901.0,R,26.0,R,204.0,Z,0.0,R,204.0,R,34.0,R,17.0,R,104.0,Z,0.0,R,104.0,R,7.0,R,7.0,R,27
114460,2009,A,,A,,A,,R,120.0,R,0.0,R,120.0,R,105.0,R,88.0,R,50.0,R,0.0,R,50.0,R,43.0,R,86.0,R,13
114628,2009,A,,A,,A,,R,47.0,R,0.0,R,47.0,R,35.0,R,74.0,R,16.0,R,0.0,R,16.0,R,8.0,R,50.0,R,39
114716,2009,R,1039.0,R,5244.0,R,20.0,R,649.0,Z,0.0,R,649.0,R,282.0,R,43.0,R,1137.0,Z,0.0,R,1137.0,R,290.0,R,26.0,R,28
114761,2009,A,,A,,A,,R,31.0,R,0.0,R,31.0,R,24.0,R,77.0,R,0.0,R,0.0,R,0.0,R,0.0,A,,R,24
114789,2009,R,2074.0,R,7670.0,R,27.0,R,2266.0,Z,0.0,R,2266.0,R,914.0,R,40.0,R,1800.0,Z,0.0,R,1800.0,R,416.0,R,23.0,R,28
114813,2009,R,172.0,R,473.0,R,36.0,R,145.0,R,0.0,R,145.0,R,115.0,R,79.0,R,3.0,R,0.0,R,3.0,R,1.0,R,33.0,R,16
114859,2009,R,2256.0,R,7144.0,R,32.0,R,2278.0,Z,0.0,R,2278.0,R,1606.0,R,71.0,R,1485.0,Z,0.0,R,1485.0,R,695.0,R,47.0,R,29
114895,2009,A,,A,,A,,A,,A,,A,,A,,A,,A,,A,,A,,A,,A,,R,39
114938,2009,R,484.0,R,3028.0,R,16.0,R,547.0,Z,0.0,R,547.0,R,257.0,R,47.0,R,456.0,Z,0.0,R,456.0,R,98.0,R,21.0,R,30
114947,2009,A,,A,,A,,A,,A,,A,,A,,A,,A,,A,,A,,A,,A,,R,29
115001,2009,R,1452.0,R,4906.0,R,30.0,R,1250.0,Z,0.0,R,1250.0,R,615.0,R,49.0,R,1175.0,Z,0.0,R,1175.0,R,410.0,R,35.0,R,28
115010,2009,A,,A,,A,,R,89.0,R,0.0,R,89.0,R,85.0,R,96.0,Z,0.0,Z,0.0,Z,0.0,Z,0.0,A,,R,18
115083,2009,A,,A,,A,,R,2.0,Z,0.0,R,2.0,R,2.0,R,100.0,R,7.0,Z,0.0,R,7.0,R,4.0,R,57.0,R,11
115126,2009,R,1281.0,R,5011.0,R,26.0,R,1041.0,Z,0.0,R,1041.0,R,489.0,R,47.0,R,986.0,Z,0.0,R,986.0,R,241.0,R,24.0,R,31
115296,2009,R,1883.0,R,6865.0,R,27.0,R,1556.0,Z,0.0,R,1556.0,R,747.0,R,48.0,R,1168.0,Z,0.0,R,1168.0,R,319.0,R,27.0,R,29
115357,2009,A,,A,,A,,R,48.0,R,0.0,R,48.0,R,38.0,R,79.0,Z,0.0,Z,0.0,Z,0.0,Z,0.0,A,,R,28
115393,2009,R,650.0,R,2545.0,R,26.0,R,515.0,Z,0.0,R,515.0,R,276.0,R,54.0,R,960.0,Z,0.0,R,960.0,R,198.0,R,21.0,R,35
115409,2009,R,207.0,R,213.0,R,97.0,R,202.0,R,0.0,R,202.0,R,184.0,R,91.0,R,0.0,R,0.0,R,0.0,R,0.0,A,,R,8
115454,2009,R,137.0,R,325.0,R,42.0,R,111.0,R,0.0,R,111.0,R,82.0,R,74.0,R,92.0,R,0.0,R,92.0,R,55.0,R,60.0,R,24
115472,2009,R,233.0,R,480.0,R,49.0,R,169.0,R,0.0,R,169.0,R,97.0,R,57.0,R,140.0,R,0.0,R,140.0,R,75.0,R,54.0,R,30
115490,2009,R,156.0,R,345.0,R,45.0,R,146.0,R,0.0,R,146.0,R,97.0,R,66.0,R,84.0,R,0.0,R,84.0,R,55.0,R,65.0,R,37
115515,2009,R,135.0,R,334.0,R,40.0,R,91.0,R,0.0,R,91.0,R,48.0,R,53.0,R,104.0,R,0.0,R,104.0,R,49.0,R,47.0,R,25
115533,2009,R,221.0,R,438.0,R,50.0,R,182.0,R,0.0,R,182.0,R,120.0,R,66.0,R,114.0,R,0.0,R,114.0,R,69.0,R,61.0,R,30
115658,2009,A,,A,,A,,R,2.0,R,0.0,R,2.0,R,2.0,R,100.0,R,29.0,R,0.0,R,29.0,R,26.0,R,90.0,R,15
115728,2009,R,103.0,R,240.0,R,43.0,R,105.0,R,0.0,R,105.0,R,79.0,R,75.0,R,0.0,R,0.0,R,0.0,R,0.0,A,,R,16
115755,2009,R,1345.0,R,2239.0,R,60.0,R,1168.0,Z,0.0,R,1168.0,R,837.0,R,72.0,R,23.0,Z,0.0,R,23.0,R,10.0,R,43.0,R,22
115773,2009,R,140.0,R,224.0,R,63.0,R,98.0,R,4.0,R,94.0,R,90.0,R,96.0,R,78.0,R,0.0,R,78.0,R,74.0,R,95.0,R,18
115861,2009,R,1022.0,R,2206.0,R,46.0,R,988.0,Z,0.0,R,988.0,R,581.0,R,59.0,R,541.0,Z,0.0,R,541.0,R,190.0,R,35.0,R,29
115931,2009,A,,A,,A,,R,78.0,R,0.0,R,78.0,R,63.0,R,81.0,R,14.0,R,0.0,R,14.0,R,0.0,R,0.0,R,52
116040,2009,A,,A,,A,,R,0.0,R,0.0,R,0.0,R,0.0,A,,R,131.0,R,0.0,R,131.0,R,0.0,R,0.0,R,38
116226,2009,A,,A,,A,,R,0.0,R,0.0,R,0.0,R,0.0,A,,R,13.0,R,0.0,R,13.0,R,10.0,R,77.0,R,17
116350,2009,A,,A,,A,,R,37.0,R,1.0,R,36.0,R,30.0,R,83.0,R,0.0,R,0.0,R,0.0,R,0.0,A,,R,12
116439,2009,R,1101.0,R,4839.0,R,23.0,R,699.0,Z,0.0,R,699.0,R,301.0,R,43.0,R,740.0,Z,0.0,R,740.0,R,186.0,R,25.0,R,33
116466,2009,R,225.0,R,303.0,R,74.0,R,1.0,R,0.0,R,1.0,R,0.0,R,0.0,R,0.0,R,0.0,R,0.0,R,0.0,A,,R,27
116475,2009,R,156.0,R,201.0,R,78.0,R,6.0,R,0.0,R,6.0,R,2.0,R,33.0,R,1.0,R,0.0,R,1.0,R,1.0,R,100.0,R,25
116484,2009,R,125.0,R,165.0,R,76.0,R,0.0,R,0.0,R,0.0,R,0.0,A,,R,0.0,R,0.0,R,0.0,R,0.0,A,,R,30
116563,2009,A,,A,,A,,R,91.0,R,0.0,R,91.0,R,70.0,R,77.0,Z,0.0,Z,0.0,Z,0.0,Z,0.0,A,,R,20
116712,2009,A,,A,,A,,A,,A,,A,,A,,A,,A,,A,,A,,A,,A,,R,3
116846,2009,R,22.0,R,44.0,R,50.0,R,15.0,R,0.0,R,15.0,R,11.0,R,73.0,R,0.0,R,0.0,R,0.0,R,0.0,A,,R,5
117052,2009,R,2077.0,R,5659.0,R,37.0,R,1472.0,Z,0.0,R,1472.0,R,612.0,R,42.0,R,1136.0,Z,0.0,R,1136.0,R,279.0,R,25.0,R,30
117104,2009,R,40.0,R,131.0,R,31.0,R,37.0,R,0.0,R,37.0,R,28.0,R,76.0,R,11.0,Z,0.0,R,11.0,R,6.0,R,55.0,R,21
117113,2009,R,502.0,R,681.0,R,74.0,R,334.0,R,0.0,R,334.0,R,230.0,R,69.0,R,36.0,R,0.0,R,36.0,R,16.0,R,44.0,R,22
117140,2009,R,329.0,R,868.0,R,38.0,R,299.0,R,0.0,R,299.0,R,234.0,R,78.0,R,4.0,R,0.0,R,4.0,R,2.0,R,50.0,R,16
117168,2009,R,65.0,R,117.0,R,56.0,R,58.0,R,0.0,R,58.0,R,41.0,R,71.0,R,3.0,R,0.0,R,3.0,R,3.0,R,100.0,R,10
117195,2009,R,232.0,R,756.0,R,31.0,R,101.0,Z,0.0,R,101.0,R,44.0,R,44.0,R,215.0,Z,0.0,R,215.0,R,32.0,R,15.0,R,20
117238,2009,A,,A,,A,,R,105.0,R,0.0,R,105.0,R,90.0,R,86.0,R,0.0,R,0.0,R,0.0,Z,0.0,A,,R,25
117247,2009,R,542.0,R,4446.0,R,12.0,R,440.0,Z,0.0,R,440.0,R,150.0,R,34.0,R,1257.0,Z,0.0,R,1257.0,R,241.0,R,19.0,R,29
117274,2009,R,177.0,R,857.0,R,21.0,R,146.0,Z,0.0,R,146.0,R,25.0,R,17.0,R,165.0,Z,0.0,R,165.0,R,31.0,R,19.0,R,19
117557,2009,R,75.0,R,140.0,R,54.0,R,60.0,R,0.0,R,60.0,R,44.0,R,73.0,R,2.0,R,0.0,R,2.0,R,1.0,R,50.0,R,36
117575,2009,R,3.0,R,10.0,R,30.0,R,1.0,R,0.0,R,1.0,R,1.0,R,100.0,R,7.0,R,0.0,R,7.0,R,7.0,R,100.0,R,16
117627,2009,R,338.0,R,550.0,R,61.0,R,302.0,R,0.0,R,302.0,R,223.0,R,74.0,R,8.0,R,0.0,R,8.0,R,1.0,R,13.0,R,13
117636,2009,A,,A,,A,,A,,A,,A,,A,,A,,A,,A,,A,,A,,A,,R,3
117645,2009,R,2137.0,R,8244.0,R,26.0,R,1605.0,Z,0.0,R,1605.0,R,788.0,R,49.0,R,2586.0,Z,0.0,R,2586.0,R,654.0,R,25.0,R,30
117690,2009,R,522.0,R,3192.0,R,16.0,R,588.0,Z,0.0,R,588.0,R,403.0,R,69.0,R,711.0,Z,0.0,R,711.0,R,284.0,R,40.0,R,33
117706,2009,R,1155.0,R,6625.0,R,17.0,R,1290.0,Z,0.0,R,1290.0,R,972.0,R,75.0,R,1838.0,Z,0.0,R,1838.0,R,849.0,R,46.0,R,41
117715,2009,R,380.0,R,3091.0,R,12.0,R,324.0,Z,0.0,R,324.0,R,167.0,R,52.0,R,492.0,Z,0.0,R,492.0,R,131.0,R,27.0,R,35
117724,2009,R,690.0,R,6048.0,R,11.0,R,621.0,Z,0.0,R,621.0,R,344.0,R,55.0,R,1550.0,Z,0.0,R,1550.0,R,378.0,R,24.0,R,39
117733,2009,R,998.0,R,6284.0,R,16.0,R,797.0,Z,0.0,R,797.0,R,520.0,R,65.0,R,1257.0,Z,0.0,R,1257.0,R,510.0,R,41.0,R,42
117751,2009,R,176.0,R,320.0,R,55.0,R,192.0,R,0.0,R,192.0,R,151.0,R,79.0,R,0.0,R,0.0,R,0.0,R,0.0,A,,R,9
117788,2009,R,897.0,R,7055.0,R,13.0,R,496.0,Z,0.0,R,496.0,R,309.0,R,62.0,R,1127.0,Z,0.0,R,1127.0,R,387.0,R,34.0,R,42
117803,2009,A,,A,,A,,A,,A,,A,,A,,A,,A,,A,,A,,A,,A,,R,4
117867,2009,R,493.0,R,3604.0,R,14.0,R,431.0,Z,0.0,R,431.0,R,300.0,R,70.0,R,604.0,Z,0.0,R,604.0,R,231.0,R,38.0,R,36
117894,2009,R,798.0,R,3283.0,R,24.0,R,575.0,Z,0.0,R,575.0,R,260.0,R,45.0,R,694.0,Z,0.0,R,694.0,R,167.0,R,24.0,R,27
117928,2009,R,259.0,R,401.0,R,65.0,R,281.0,R,0.0,R,281.0,R,177.0,R,63.0,R,112.0,R,0.0,R,112.0,R,40.0,R,36.0,R,17
117946,2009,R,1383.0,R,1826.0,R,76.0,R,1261.0,R,1.0,R,1260.0,R,1111.0,R,88.0,R,0.0,R,0.0,R,0.0,R,0.0,A,,R,11
117955,2009,A,,A,,A,,R,103.0,R,0.0,R,103.0,R,78.0,R,76.0,R,22.0,R,0.0,R,22.0,R,22.0,R,100.0,R,15
118116,2009,A,,A,,A,,R,13.0,Z,0.0,R,13.0,R,7.0,R,54.0,R,94.0,Z,0.0,R,94.0,R,66.0,R,70.0,R,25
118125,2009,A,,A,,A,,R,14.0,Z,0.0,R,14.0,R,9.0,R,64.0,R,39.0,Z,0.0,R,39.0,R,24.0,R,62.0,R,25
118134,2009,A,,A,,A,,R,89.0,R,0.0,R,89.0,R,78.0,R,88.0,R,7.0,R,0.0,R,7.0,R,6.0,R,86.0,R,28
118143,2009,A,,A,,A,,R,14.0,R,0.0,R,14.0,R,12.0,R,86.0,R,6.0,R,0.0,R,6.0,R,5.0,R,83.0,R,16
118161,2009,A,,A,,A,,R,69.0,Z,0.0,R,69.0,R,68.0,R,99.0,R,0.0,R,0.0,R,0.0,R,0.0,A,,R,14
118189,2009,A,,A,,A,,R,227.0,R,0.0,R,227.0,R,191.0,R,84.0,R,0.0,R,0.0,R,0.0,R,0.0,A,,R,15
118198,2009,A,,A,,A,,R,176.0,R,0.0,R,176.0,R,110.0,R,63.0,R,8.0,R,0.0,R,8.0,R,2.0,R,25.0,R,15
118259,2009,A,,A,,A,,R,225.0,R,1.0,R,224.0,R,139.0,R,62.0,R,0.0,R,0.0,R,0.0,R,0.0,A,,R,26
118277,2009,A,,A,,A,,R,186.0,R,2.0,R,184.0,R,146.0,R,79.0,R,0.0,R,0.0,R,0.0,R,0.0,A,,R,15
118286,2009,A,,A,,A,,R,274.0,R,1.0,R,273.0,R,231.0,R,85.0,R,0.0,R,0.0,R,0.0,R,0.0,A,,R,31
118347,2009,R,296.0,R,1985.0,R,15.0,R,227.0,Z,0.0,R,227.0,R,91.0,R,40.0,R,485.0,Z,0.0,R,485.0,R,106.0,R,22.0,R,19
118356,2009,A,,A,,A,,R,514.0,R,0.0,R,514.0,R,329.0,R,64.0,R,23.0,R,0.0,R,23.0,R,10.0,R,43.0,R,19
118541,2009,R,304.0,R,310.0,R,98.0,R,279.0,R,0.0,R,279.0,R,180.0,R,65.0,R,37.0,R,0.0,R,37.0,R,9.0,R,24.0,R,14
118684,2009,R,206.0,R,1077.0,R,19.0,R,191.0,Z,0.0,R,191.0,R,70.0,R,37.0,R,276.0,Z,0.0,R,276.0,R,61.0,R,22.0,R,17
118693,2009,R,133.0,R,214.0,R,62.0,R,158.0,R,0.0,R,158.0,R,100.0,R,63.0,R,2.0,R,0.0,R,2.0,R,0.0,R,0.0,R,14
118718,2009,R,1245.0,R,2870.0,R,43.0,R,931.0,Z,0.0,R,931.0,R,418.0,R,45.0,R,680.0,Z,0.0,R,680.0,R,126.0,R,19.0,R,27
118772,2009,R,257.0,R,2903.0,R,9.0,R,255.0,Z,0.0,R,255.0,R,79.0,R,31.0,R,714.0,Z,0.0,R,714.0,R,118.0,R,17.0,R,25
118888,2009,R,161.0,R,296.0,R,54.0,R,186.0,R,0.0,R,186.0,R,144.0,R,77.0,R,2.0,R,0.0,R,2.0,R,1.0,R,50.0,R,12
118912,2009,R,1328.0,R,4820.0,R,28.0,R,980.0,Z,0.0,R,980.0,R,614.0,R,63.0,R,875.0,Z,0.0,R,875.0,R,313.0,R,36.0,R,28
118921,2009,A,,A,,A,,R,28.0,R,0.0,R,28.0,R,25.0,R,89.0,R,5.0,R,0.0,R,5.0,R,2.0,R,40.0,R,11
118930,2009,R,438.0,R,3540.0,R,12.0,R,336.0,Z,0.0,R,336.0,R,244.0,R,73.0,R,596.0,Z,0.0,R,596.0,R,196.0,R,33.0,R,26
118958,2009,A,,A,,A,,R,16.0,R,0.0,R,16.0,R,15.0,R,94.0,R,0.0,R,0.0,R,0.0,R,0.0,A,,R,15
118967,2009,A,,A,,A,,R,282.0,R,0.0,R,282.0,R,222.0,R,79.0,R,0.0,R,0.0,R,0.0,R,0.0,A,,R,31
118976,2009,R,1497.0,R,4584.0,R,33.0,R,1716.0,Z,0.0,R,1716.0,R,1224.0,R,71.0,R,1910.0,Z,0.0,R,1910.0,R,869.0,R,45.0,R,31
118994,2009,A,,A,,A,,R,6.0,Z,0.0,R,6.0,R,4.0,R,67.0,Z,0.0,Z,0.0,Z,0.0,Z,0.0,A,,R,19
119058,2009,A,,A,,A,,A,,A,,A,,A,,A,,A,,A,,A,,A,,A,,R,1
119067,2009,R,518.0,R,2926.0,R,18.0,R,332.0,Z,0.0,R,332.0,R,159.0,R,48.0,R,583.0,Z,0.0,R,583.0,R,106.0,R,18.0,R,24
119137,2009,R,1872.0,R,4874.0,R,38.0,R,1758.0,Z,0.0,R,1758.0,R,827.0,R,47.0,R,993.0,Z,0.0,R,993.0,R,307.0,R,31.0,R,36
119164,2009,R,3178.0,R,9222.0,R,34.0,R,2418.0,Z,0.0,R,2418.0,R,1890.0,R,78.0,R,2245.0,Z,0.0,R,2245.0,R,1214.0,R,54.0,R,26
119173,2009,R,367.0,R,585.0,R,63.0,R,170.0,Z,0.0,R,170.0,R,128.0,R,75.0,R,2.0,Z,0.0,R,2.0,R,2.0,R,100.0,R,11
119216,2009,R,1618.0,R,5770.0,R,28.0,R,1238.0,Z,0.0,R,1238.0,R,529.0,R,43.0,R,1558.0,Z,0.0,R,1558.0,R,443.0,R,28.0,R,29
119234,2009,A,,A,,A,,R,18.0,Z,0.0,R,18.0,R,17.0,R,94.0,R,60.0,Z,0.0,R,60.0,R,10.0,R,17.0,R,24
119270,2009,R,704.0,R,725.0,R,97.0,R,14.0,R,0.0,R,14.0,R,12.0,R,86.0,R,0.0,R,0.0,R,0.0,Z,0.0,A,,R,3
119331,2009,R,539.0,R,2170.0,R,25.0,R,460.0,Z,0.0,R,460.0,R,228.0,R,50.0,R,550.0,Z,0.0,R,550.0,R,150.0,R,27.0,R,22
119340,2009,A,,A,,A,,A,,A,,A,,A,,A,,A,,A,,A,,A,,A,,R,24
119359,2009,A,,A,,A,,R,229.0,R,0.0,R,229.0,R,186.0,R,81.0,R,0.0,R,0.0,R,0.0,R,0.0,A,,R,19
119368,2009,A,,A,,A,,R,107.0,R,0.0,R,107.0,R,62.0,R,58.0,R,0.0,R,0.0,R,0.0,R,0.0,A,,R,24
119438,2009,A,,A,,A,,R,144.0,R,0.0,R,144.0,R,102.0,R,71.0,R,0.0,R,0.0,R,0.0,R,0.0,A,,R,24
119456,2009,A,,A,,A,,A,,A,,A,,A,,A,,A,,A,,A,,A,,A,,R,20
119465,2009,A,,A,,A,,A,,A,,A,,A,,A,,A,,A,,A,,A,,A,,R,30
119508,2009,A,,A,,A,,R,269.0,R,0.0,R,269.0,R,174.0,R,65.0,R,4.0,R,0.0,R,4.0,R,2.0,R,50.0,R,30
119544,2009,R,88.0,R,128.0,R,69.0,R,40.0,R,0.0,R,40.0,R,22.0,R,55.0,R,18.0,R,0.0,R,18.0,R,8.0,R,44.0,R,12
119553,2009,A,,A,,A,,A,,A,,A,,A,,A,,A,,A,,A,,A,,A,,R,15
119605,2009,A,,A,,A,,R,100.0,Z,0.0,R,100.0,R,80.0,R,80.0,R,250.0,Z,0.0,R,250.0,R,67.0,R,27.0,R,9
119775,2009,R,13.0,R,87.0,R,15.0,R,9.0,R,0.0,R,9.0,R,6.0,R,67.0,R,8.0,R,0.0,R,8.0,R,4.0,R,50.0,R,10
119845,2009,A,,A,,A,,R,38.0,R,0.0,R,38.0,R,23.0,R,61.0,R,19.0,R,0.0,R,19.0,R,16.0,R,84.0,R,15
119951,2009,A,,A,,A,,R,275.0,R,0.0,R,275.0,R,260.0,R,95.0,R,0.0,R,0.0,R,0.0,R,0.0,A,,R,20
120069,2009,A,,A,,A,,R,84.0,R,0.0,R,84.0,R,56.0,R,67.0,Z,0.0,Z,0.0,Z,0.0,Z,0.0,A,,R,20
120078,2009,A,,A,,A,,R,79.0,R,0.0,R,79.0,R,67.0,R,85.0,R,0.0,R,0.0,R,0.0,R,0.0,A,,R,20
120087,2009,A,,A,,A,,R,25.0,R,0.0,R,25.0,R,21.0,R,84.0,R,0.0,R,0.0,R,0.0,R,0.0,A,,R,20
120166,2009,R,73.0,R,76.0,R,96.0,R,66.0,R,0.0,R,66.0,R,31.0,R,47.0,R,1.0,R,0.0,R,1.0,R,1.0,R,100.0,R,12
120184,2009,R,116.0,R,271.0,R,43.0,R,147.0,R,0.0,R,147.0,R,99.0,R,67.0,R,0.0,R,0.0,R,0.0,R,0.0,A,,R,11
120254,2009,R,576.0,R,630.0,R,91.0,R,467.0,R,0.0,R,467.0,R,424.0,R,91.0,R,0.0,R,0.0,R,0.0,R,0.0,A,,R,9
120272,2009,A,,A,,A,,R,41.0,R,0.0,R,41.0,R,29.0,R,71.0,R,0.0,R,0.0,R,0.0,R,0.0,A,,R,25
120290,2009,R,783.0,R,3732.0,R,21.0,R,610.0,Z,0.0,R,610.0,R,325.0,R,53.0,R,641.0,Z,0.0,R,641.0,R,148.0,R,23.0,R,28
120342,2009,R,2924.0,R,8219.0,R,36.0,R,2487.0,Z,0.0,R,2487.0,R,1218.0,R,49.0,R,1489.0,Z,0.0,R,1489.0,R,431.0,R,29.0,R,35
120403,2009,R,173.0,R,327.0,R,53.0,R,225.0,R,0.0,R,225.0,R,180.0,R,80.0,R,0.0,R,0.0,R,0.0,R,0.0,A,,R,9
120421,2009,R,483.0,R,2526.0,R,19.0,R,433.0,Z,0.0,R,433.0,R,229.0,R,53.0,R,531.0,Z,0.0,R,531.0,R,140.0,R,26.0,R,33
120537,2009,R,66.0,R,198.0,R,33.0,R,87.0,R,0.0,R,87.0,R,29.0,R,33.0,R,0.0,R,0.0,R,0.0,R,0.0,A,,R,14
120661,2009,A,,A,,A,,R,234.0,R,1.0,R,233.0,R,160.0,R,69.0,Z,0.0,Z,0.0,Z,0.0,Z,0.0,A,,R,20
120698,2009,A,,A,,A,,A,,A,,A,,A,,A,,A,,A,,A,,A,,A,,R,11
120768,2009,A,,A,,A,,A,,A,,A,,A,,A,,A,,A,,A,,A,,A,,R,20
120838,2009,R,2.0,R,7.0,R,29.0,R,2.0,Z,0.0,R,2.0,R,1.0,R,50.0,Z,0.0,Z,0.0,Z,0.0,Z,0.0,A,,R,13
120865,2009,R,327.0,R,525.0,R,62.0,R,235.0,R,0.0,R,235.0,R,190.0,R,81.0,R,0.0,Z,0.0,R,0.0,Z,0.0,A,,R,16
120883,2009,R,892.0,R,1130.0,R,79.0,R,678.0,R,0.0,R,678.0,R,558.0,R,82.0,R,2.0,R,0.0,R,2.0,R,0.0,R,0.0,R,13
120953,2009,R,108.0,R,1411.0,R,8.0,R,113.0,Z,0.0,R,113.0,R,38.0,R,34.0,R,297.0,Z,0.0,R,297.0,R,26.0,R,9.0,R,23
120971,2009,R,2388.0,R,8127.0,R,29.0,R,2044.0,Z,0.0,R,2044.0,R,935.0,R,46.0,R,2263.0,Z,0.0,R,2263.0,R,505.0,R,22.0,R,30
121008,2009,A,,A,,A,,R,143.0,R,0.0,R,143.0,R,29.0,R,20.0,R,6.0,R,0.0,R,6.0,R,4.0,R,67.0,R,25
121017,2009,A,,A,,A,,R,49.0,R,0.0,R,49.0,R,31.0,R,63.0,R,132.0,R,0.0,R,132.0,R,104.0,R,79.0,R,25
121044,2009,R,2147.0,R,7423.0,R,29.0,R,2199.0,Z,0.0,R,2199.0,R,1053.0,R,48.0,R,2199.0,Z,0.0,R,2199.0,R,768.0,R,35.0,R,27
121071,2009,R,42.0,R,256.0,R,16.0,R,46.0,R,0.0,R,46.0,R,23.0,R,50.0,R,24.0,R,0.0,R,24.0,R,13.0,R,54.0,R,20
121150,2009,R,765.0,R,880.0,R,87.0,R,780.0,R,0.0,R,780.0,R,703.0,R,90.0,Z,0.0,Z,0.0,Z,0.0,Z,0.0,A,,R,13
121257,2009,R,255.0,R,293.0,R,87.0,R,264.0,R,0.0,R,264.0,R,234.0,R,89.0,R,0.0,R,0.0,R,0.0,R,0.0,A,,R,11
121275,2009,A,,A,,A,,R,2.0,Z,0.0,R,2.0,R,1.0,R,50.0,Z,0.0,Z,0.0,Z,0.0,Z,0.0,A,,R,21
121309,2009,R,534.0,R,705.0,R,76.0,R,538.0,R,0.0,R,538.0,R,453.0,R,84.0,R,0.0,R,0.0,R,0.0,Z,0.0,A,,R,13
121345,2009,R,390.0,R,419.0,R,93.0,R,382.0,R,0.0,R,382.0,R,370.0,R,97.0,R,0.0,R,0.0,R,0.0,R,0.0,A,,R,7
121363,2009,R,450.0,R,1405.0,R,32.0,R,430.0,Z,0.0,R,430.0,R,285.0,R,66.0,R,268.0,Z,0.0,R,268.0,R,103.0,R,38.0,R,33
121381,2009,R,110.0,R,183.0,R,60.0,R,141.0,R,1.0,R,140.0,R,73.0,R,52.0,R,10.0,R,0.0,R,10.0,R,2.0,R,20.0,R,23
121433,2009,A,,A,,A,,R,23.0,R,0.0,R,23.0,R,20.0,R,87.0,R,0.0,R,0.0,R,0.0,R,0.0,A,,R,20
121619,2009,R,1598.0,R,9579.0,R,17.0,R,915.0,Z,0.0,R,915.0,R,454.0,R,50.0,R,2200.0,Z,0.0,R,2200.0,R,474.0,R,22.0,R,41
121691,2009,R,560.0,R,662.0,R,85.0,R,572.0,R,7.0,R,565.0,R,458.0,R,81.0,R,2.0,R,0.0,R,2.0,R,1.0,R,50.0,R,14
121707,2009,R,687.0,R,2562.0,R,27.0,R,521.0,Z,0.0,R,521.0,R,291.0,R,56.0,R,412.0,Z,0.0,R,412.0,R,145.0,R,35.0,R,23
121859,2009,A,,A,,A,,R,45.0,R,11.0,R,34.0,R,24.0,R,71.0,R,5.0,R,2.0,R,3.0,R,2.0,R,67.0,R,24
121868,2009,A,,A,,A,,R,21.0,R,0.0,R,21.0,R,18.0,R,86.0,Z,0.0,Z,0.0,Z,0.0,Z,0.0,A,,R,18
121877,2009,A,,A,,A,,R,26.0,R,1.0,R,25.0,R,15.0,R,60.0,R,48.0,R,0.0,R,48.0,R,32.0,R,67.0,R,20
121886,2009,R,1208.0,R,7564.0,R,16.0,R,12.0,Z,0.0,R,12.0,R,10.0,R,83.0,R,53.0,Z,0.0,R,53.0,R,13.0,R,25.0,R,41
121901,2009,R,2616.0,R,11120.0,R,24.0,R,2423.0,Z,0.0,R,2423.0,R,1176.0,R,49.0,R,2760.0,Z,0.0,R,2760.0,R,791.0,R,29.0,R,28
121983,2009,R,8.0,R,23.0,R,35.0,A,,A,,A,,A,,A,,A,,A,,A,,A,,A,,R,9
121992,2009,A,,A,,A,,R,105.0,Z,0.0,R,105.0,R,97.0,R,92.0,R,72.0,Z,0.0,R,72.0,R,64.0,R,89.0,R,30
122180,2009,R,1309.0,R,9293.0,R,14.0,R,1359.0,Z,0.0,R,1359.0,R,596.0,R,44.0,R,3142.0,Z,0.0,R,3142.0,R,475.0,R,15.0,R,30
122205,2009,R,1816.0,R,7294.0,R,25.0,R,1654.0,Z,0.0,R,1654.0,R,845.0,R,51.0,R,1532.0,Z,0.0,R,1532.0,R,476.0,R,31.0,R,33
122296,2009,A,,A,,A,,A,,A,,A,,A,,A,,A,,A,,A,,A,,A,,R,11
122339,2009,R,812.0,R,7378.0,R,11.0,R,668.0,Z,0.0,R,668.0,R,268.0,R,40.0,R,2543.0,Z,0.0,R,2543.0,R,284.0,R,11.0,R,28
122366,2009,R,79.0,R,109.0,R,72.0,R,35.0,R,1.0,R,34.0,R,25.0,R,74.0,R,0.0,R,0.0,R,0.0,R,0.0,A,,R,30
122375,2009,R,1230.0,R,8849.0,R,14.0,R,959.0,Z,0.0,R,959.0,R,429.0,R,45.0,R,1946.0,Z,0.0,R,1946.0,R,329.0,R,17.0,R,28
122384,2009,R,497.0,R,4246.0,R,12.0,R,538.0,Z,0.0,R,538.0,R,235.0,R,44.0,R,850.0,Z,0.0,R,850.0,R,150.0,R,18.0,R,28
122409,2009,R,3241.0,R,6907.0,R,47.0,R,3578.0,Z,0.0,R,3578.0,R,2903.0,R,81.0,R,808.0,Z,0.0,R,808.0,R,528.0,R,65.0,R,26
122436,2009,R,1081.0,R,1526.0,R,71.0,R,1260.0,R,0.0,R,1260.0,R,1070.0,R,85.0,R,0.0,R,0.0,R,0.0,R,0.0,A,,R,15
122454,2009,R,56.0,R,107.0,R,52.0,R,59.0,Z,0.0,R,59.0,R,26.0,R,44.0,R,2.0,R,1.0,R,1.0,R,1.0,R,100.0,R,10
122506,2009,R,54.0,R,75.0,R,72.0,R,38.0,R,0.0,R,38.0,R,29.0,R,76.0,R,0.0,R,0.0,R,0.0,R,0.0,A,,R,7
122597,2009,R,3855.0,R,7509.0,R,51.0,R,3512.0,Z,0.0,R,3512.0,R,2633.0,R,75.0,R,91.0,Z,0.0,R,91.0,R,41.0,R,45.0,R,25
122612,2009,R,1072.0,R,1570.0,R,68.0,R,1040.0,R,0.0,R,1040.0,R,857.0,R,82.0,R,2.0,R,0.0,R,2.0,R,0.0,R,0.0,R,15
122658,2009,R,1816.0,R,5289.0,R,34.0,R,1906.0,Z,0.0,R,1906.0,R,1416.0,R,74.0,R,1554.0,Z,0.0,R,1554.0,R,720.0,R,46.0,R,36
122685,2009,A,,A,,A,,R,234.0,R,0.0,R,234.0,R,199.0,R,85.0,R,0.0,Z,0.0,R,0.0,Z,0.0,A,,R,12
122694,2009,A,,A,,A,,R,157.0,R,0.0,R,157.0,R,126.0,R,80.0,R,0.0,R,0.0,R,0.0,R,0.0,A,,R,17
122728,2009,R,89.0,R,230.0,R,39.0,R,57.0,R,0.0,R,57.0,R,47.0,R,82.0,R,0.0,Z,0.0,R,0.0,Z,0.0,A,,R,13
122746,2009,R,611.0,R,4335.0,R,14.0,R,458.0,Z,0.0,R,458.0,R,179.0,R,39.0,R,703.0,Z,0.0,R,703.0,R,150.0,R,21.0,R,29
122755,2009,R,2621.0,R,5090.0,R,51.0,R,3463.0,Z,0.0,R,3463.0,R,2795.0,R,81.0,R,135.0,Z,0.0,R,135.0,R,78.0,R,58.0,R,24
122791,2009,R,779.0,R,3534.0,R,22.0,R,576.0,Z,0.0,R,576.0,R,246.0,R,43.0,R,790.0,Z,0.0,R,790.0,R,180.0,R,23.0,R,26
122834,2009,A,,A,,A,,R,209.0,Z,0.0,R,209.0,R,102.0,R,49.0,Z,0.0,Z,0.0,Z,0.0,Z,0.0,A,,R,24
122843,2009,R,301.0,R,677.0,R,44.0,R,552.0,R,14.0,R,538.0,R,206.0,R,38.0,R,132.0,R,2.0,R,130.0,R,40.0,R,31.0,R,20
122852,2009,A,,A,,A,,R,49.0,R,0.0,R,49.0,R,26.0,R,53.0,R,0.0,R,0.0,R,0.0,R,0.0,A,,R,23
122889,2009,R,1917.0,R,6289.0,R,30.0,R,1542.0,Z,0.0,R,1542.0,R,983.0,R,64.0,R,901.0,Z,0.0,R,901.0,R,357.0,R,40.0,R,39
122931,2009,R,1085.0,R,1363.0,R,80.0,R,1221.0,R,0.0,R,1221.0,R,1127.0,R,92.0,R,0.0,R,0.0,R,0.0,R,0.0,A,,R,13
122977,2009,R,3933.0,R,11127.0,R,35.0,R,2305.0,Z,0.0,R,2305.0,R,962.0,R,42.0,R,1970.0,Z,0.0,R,1970.0,R,538.0,R,27.0,R,33
123013,2009,R,1689.0,R,5802.0,R,29.0,R,1646.0,Z,0.0,R,1646.0,R,1212.0,R,74.0,R,1583.0,Z,0.0,R,1583.0,R,538.0,R,34.0,R,27
123165,2009,R,203.0,R,221.0,R,92.0,R,252.0,R,0.0,R,252.0,R,223.0,R,88.0,R,0.0,Z,0.0,R,0.0,Z,0.0,A,,R,9
123208,2009,A,,A,,A,,R,391.0,R,0.0,R,391.0,R,229.0,R,59.0,R,0.0,R,0.0,R,0.0,R,0.0,A,,R,9
123217,2009,R,1581.0,R,3926.0,R,40.0,R,1186.0,Z,0.0,R,1186.0,R,535.0,R,45.0,R,846.0,Z,0.0,R,846.0,R,181.0,R,21.0,R,34
123280,2009,R,10.0,R,24.0,R,42.0,R,8.0,R,0.0,R,8.0,R,5.0,R,63.0,R,2.0,R,0.0,R,2.0,R,1.0,R,50.0,R,4
123299,2009,R,818.0,R,2612.0,R,31.0,R,633.0,Z,0.0,R,633.0,R,243.0,R,38.0,R,890.0,Z,0.0,R,890.0,R,259.0,R,29.0,R,29
123341,2009,R,2216.0,R,6532.0,R,34.0,R,1765.0,Z,0.0,R,1765.0,R,866.0,R,49.0,R,1585.0,Z,0.0,R,1585.0,R,451.0,R,28.0,R,29
123350,2009,A,,A,,A,,R,39.0,R,0.0,R,39.0,R,36.0,R,92.0,R,34.0,R,0.0,R,34.0,R,30.0,R,88.0,R,13
123396,2009,A,,A,,A,,R,27.0,R,0.0,R,27.0,R,17.0,R,63.0,R,0.0,R,0.0,R,0.0,R,0.0,A,,R,29
123457,2009,R,144.0,R,304.0,R,47.0,R,164.0,R,0.0,R,164.0,R,119.0,R,73.0,R,0.0,R,0.0,R,0.0,R,0.0,A,,R,16
123484,2009,R,260.0,R,905.0,R,29.0,R,188.0,Z,0.0,R,188.0,R,42.0,R,22.0,R,181.0,Z,0.0,R,181.0,R,36.0,R,20.0,R,20
123493,2009,A,,A,,A,,R,650.0,R,2.0,R,648.0,R,418.0,R,65.0,R,135.0,R,0.0,R,135.0,R,35.0,R,26.0,R,32
123509,2009,R,516.0,R,3179.0,R,16.0,R,372.0,Z,0.0,R,372.0,R,175.0,R,47.0,R,549.0,Z,0.0,R,549.0,R,143.0,R,26.0,R,30
123527,2009,R,942.0,R,4571.0,R,21.0,R,693.0,Z,0.0,R,693.0,R,307.0,R,44.0,R,1113.0,Z,0.0,R,1113.0,R,266.0,R,24.0,R,30
123554,2009,R,572.0,R,695.0,R,82.0,R,675.0,R,1.0,R,674.0,R,554.0,R,82.0,R,0.0,Z,0.0,R,0.0,Z,0.0,A,,R,12
123563,2009,R,819.0,R,3207.0,R,26.0,R,821.0,Z,0.0,R,821.0,R,366.0,R,45.0,R,978.0,Z,0.0,R,978.0,R,250.0,R,26.0,R,22
123572,2009,R,1465.0,R,2120.0,R,69.0,R,1631.0,Z,0.0,R,1631.0,R,1233.0,R,76.0,R,27.0,Z,0.0,R,27.0,R,10.0,R,37.0,R,22
123581,2009,A,,A,,A,,R,26.0,R,0.0,R,26.0,R,22.0,R,85.0,R,0.0,R,0.0,R,0.0,R,0.0,A,,R,16
123633,2009,A,,A,,A,,A,,A,,A,,A,,A,,A,,A,,A,,A,,A,,R,10
123642,2009,A,,A,,A,,R,28.0,R,0.0,R,28.0,R,20.0,R,71.0,R,14.0,R,0.0,R,14.0,R,6.0,R,43.0,R,24
123651,2009,R,261.0,R,456.0,R,57.0,R,299.0,R,0.0,R,299.0,R,218.0,R,73.0,R,3.0,R,0.0,R,3.0,R,0.0,R,0.0,R,15
123679,2009,A,,A,,A,,R,230.0,R,1.0,R,229.0,R,168.0,R,73.0,Z,0.0,Z,0.0,Z,0.0,Z,0.0,A,,R,22
123800,2009,R,1857.0,R,6813.0,R,27.0,R,1664.0,Z,0.0,R,1664.0,R,862.0,R,52.0,R,1798.0,Z,0.0,R,1798.0,R,571.0,R,32.0,R,27
123952,2009,R,13.0,R,43.0,R,30.0,R,42.0,R,0.0,R,42.0,R,37.0,R,88.0,Z,0.0,Z,0.0,Z,0.0,Z,0.0,A,,R,15
123961,2009,R,2867.0,R,4505.0,R,64.0,R,2763.0,R,2.0,R,2761.0,R,2651.0,R,96.0,R,0.0,Z,0.0,R,0.0,Z,0.0,A,,R,9
124113,2009,R,344.0,R,2589.0,R,13.0,R,242.0,Z,0.0,R,242.0,R,71.0,R,29.0,R,2708.0,Z,0.0,R,2708.0,R,162.0,R,6.0,R,46
124292,2009,R,87.0,R,102.0,R,85.0,R,89.0,R,0.0,R,89.0,R,73.0,R,82.0,R,0.0,R,0.0,R,0.0,R,0.0,A,,R,11
124344,2009,A,,A,,A,,R,64.0,R,0.0,R,64.0,R,48.0,R,75.0,R,46.0,R,0.0,R,46.0,R,39.0,R,85.0,R,14
124487,2009,R,11.0,R,32.0,R,34.0,R,7.0,R,0.0,R,7.0,R,5.0,R,71.0,R,16.0,R,0.0,R,16.0,R,13.0,R,81.0,R,12
124681,2009,A,,A,,A,,A,,A,,A,,A,,A,,A,,A,,A,,A,,A,,R,43
124706,2009,A,,A,,A,,R,219.0,R,6.0,R,213.0,R,203.0,R,95.0,Z,0.0,Z,0.0,Z,0.0,Z,0.0,A,,R,23
124779,2009,A,,A,,A,,R,23.0,R,0.0,R,23.0,R,18.0,R,78.0,R,1.0,R,0.0,R,1.0,R,0.0,R,0.0,R,12
124937,2009,A,,A,,A,,R,237.0,R,0.0,R,237.0,R,178.0,R,75.0,Z,0.0,Z,0.0,Z,0.0,Z,0.0,A,,R,20
125028,2009,R,1261.0,R,4021.0,R,31.0,R,1007.0,Z,0.0,R,1007.0,R,463.0,R,46.0,R,843.0,Z,0.0,R,843.0,R,205.0,R,24.0,R,33
125082,2009,A,,A,,A,,R,35.0,R,0.0,R,35.0,R,27.0,R,77.0,R,1.0,R,0.0,R,1.0,R,1.0,R,100.0,R,25
125091,2009,R,1057.0,R,3973.0,R,27.0,R,791.0,Z,0.0,R,791.0,R,358.0,R,45.0,R,930.0,Z,0.0,R,930.0,R,288.0,R,31.0,R,28
125170,2009,R,385.0,R,3152.0,R,12.0,R,241.0,Z,0.0,R,241.0,R,64.0,R,27.0,R,744.0,Z,0.0,R,744.0,R,127.0,R,17.0,R,32
125231,2009,A,,A,,A,,R,5.0,R,0.0,R,5.0,R,4.0,R,80.0,R,466.0,R,0.0,R,466.0,R,224.0,R,48.0,R,27
125301,2009,A,,A,,A,,R,533.0,R,26.0,R,507.0,R,485.0,R,96.0,R,265.0,Z,0.0,R,265.0,R,259.0,R,98.0,R,20
125462,2009,R,240.0,R,1017.0,R,24.0,R,194.0,Z,0.0,R,194.0,R,72.0,R,37.0,R,269.0,Z,0.0,R,269.0,R,52.0,R,19.0,R,24
125471,2009,R,454.0,R,4457.0,R,10.0,R,381.0,Z,0.0,R,381.0,R,233.0,R,61.0,R,789.0,Z,0.0,R,789.0,R,229.0,R,29.0,R,37
125499,2009,R,686.0,R,3907.0,R,18.0,R,677.0,Z,0.0,R,677.0,R,506.0,R,75.0,R,639.0,Z,0.0,R,639.0,R,272.0,R,43.0,R,28
125532,2009,A,,A,,A,,R,392.0,R,0.0,R,392.0,R,257.0,R,66.0,Z,0.0,Z,0.0,Z,0.0,Z,0.0,A,,R,19
125727,2009,R,320.0,R,378.0,R,85.0,R,332.0,R,0.0,R,332.0,R,283.0,R,85.0,R,0.0,R,0.0,R,0.0,R,0.0,A,,R,12
125763,2009,R,353.0,R,446.0,R,79.0,R,415.0,Z,0.0,R,415.0,R,330.0,R,80.0,R,1.0,Z,0.0,R,1.0,R,1.0,R,100.0,R,13
125897,2009,R,134.0,R,390.0,R,34.0,R,143.0,R,0.0,R,143.0,R,114.0,R,80.0,R,0.0,R,0.0,R,0.0,R,0.0,A,,R,9
126076,2009,R,49.0,R,75.0,R,65.0,R,30.0,R,0.0,R,30.0,R,22.0,R,73.0,R,0.0,R,0.0,R,0.0,R,0.0,A,,R,22
126119,2009,R,702.0,R,2395.0,R,29.0,R,716.0,Z,0.0,R,716.0,R,450.0,R,63.0,R,689.0,Z,0.0,R,689.0,R,210.0,R,30.0,R,29
126164,2009,A,,A,,A,,R,11.0,R,0.0,R,11.0,R,9.0,R,82.0,R,0.0,R,0.0,R,0.0,R,0.0,A,,R,12
126182,2009,R,532.0,R,838.0,R,63.0,R,391.0,R,0.0,R,391.0,R,225.0,R,58.0,R,20.0,R,0.0,R,20.0,R,6.0,R,30.0,R,17
126207,2009,R,539.0,R,2244.0,R,24.0,R,426.0,R,1.0,R,425.0,R,236.0,R,56.0,R,317.0,R,0.0,R,317.0,R,147.0,R,46.0,R,17
126289,2009,R,390.0,R,3514.0,R,11.0,R,359.0,R,44.0,R,315.0,R,181.0,R,57.0,R,737.0,R,261.0,R,476.0,R,172.0,R,36.0,R,20
126359,2009,R,214.0,R,214.0,R,100.0,R,152.0,R,1.0,R,151.0,R,114.0,R,75.0,Z,0.0,Z,0.0,Z,0.0,Z,0.0,A,,R,21
126401,2009,R,115.0,R,161.0,R,71.0,R,79.0,R,1.0,R,78.0,R,40.0,R,51.0,R,30.0,R,2.0,R,28.0,R,10.0,R,36.0,R,24
126410,2009,R,13.0,R,17.0,R,76.0,R,18.0,R,0.0,R,18.0,R,18.0,R,100.0,R,3.0,R,0.0,R,3.0,R,3.0,R,100.0,R,18
126562,2009,R,1039.0,R,5729.0,R,18.0,R,1040.0,R,2.0,R,1038.0,R,722.0,R,70.0,R,85.0,R,0.0,R,85.0,R,41.0,R,48.0,R,20
126580,2009,R,1074.0,R,2255.0,R,48.0,R,1128.0,R,0.0,R,1128.0,R,759.0,R,67.0,R,51.0,R,0.0,R,51.0,R,25.0,R,49.0,R,21
126605,2009,A,,A,,A,,R,120.0,R,2.0,R,118.0,R,83.0,R,70.0,Z,0.0,Z,0.0,Z,0.0,Z,0.0,A,,R,19
126614,2009,R,5530.0,R,7220.0,R,77.0,R,5824.0,R,1.0,R,5823.0,R,4820.0,R,83.0,R,36.0,R,0.0,R,36.0,R,14.0,R,39.0,R,18
126669,2009,R,261.0,R,1088.0,R,24.0,R,236.0,R,0.0,R,236.0,R,222.0,R,94.0,R,74.0,R,0.0,R,74.0,R,64.0,R,86.0,R,9
126678,2009,R,526.0,R,590.0,R,89.0,R,550.0,R,0.0,R,550.0,R,516.0,R,94.0,R,0.0,R,0.0,R,0.0,R,0.0,A,,R,10
126687,2009,A,,A,,A,,R,191.0,R,0.0,R,191.0,R,132.0,R,69.0,Z,0.0,Z,0.0,Z,0.0,Z,0.0,A,,R,24
126702,2009,R,460.0,R,743.0,R,62.0,R,306.0,R,0.0,R,306.0,R,172.0,R,56.0,R,138.0,R,0.0,R,138.0,R,60.0,R,43.0,R,20
126711,2009,R,386.0,R,2077.0,R,19.0,R,388.0,R,0.0,R,388.0,R,195.0,R,50.0,R,290.0,R,0.0,R,290.0,R,106.0,R,37.0,R,10
126748,2009,R,146.0,R,557.0,R,26.0,R,149.0,R,0.0,R,149.0,R,81.0,R,54.0,R,35.0,R,7.0,R,28.0,R,6.0,R,21.0,R,14
126775,2009,R,879.0,R,989.0,R,89.0,R,845.0,R,0.0,R,845.0,R,752.0,R,89.0,R,3.0,R,0.0,R,3.0,R,1.0,R,33.0,R,17
126784,2009,A,,A,,A,,R,20.0,R,0.0,R,20.0,R,15.0,R,75.0,R,0.0,Z,0.0,R,0.0,R,0.0,A,,R,14
126818,2009,R,4270.0,R,6008.0,R,71.0,R,4386.0,R,1.0,R,4385.0,R,3628.0,R,83.0,R,61.0,R,0.0,R,61.0,R,37.0,R,61.0,R,18
126827,2009,R,158.0,R,498.0,R,32.0,R,102.0,R,25.0,R,77.0,R,43.0,R,56.0,R,125.0,R,53.0,R,72.0,R,25.0,R,35.0,R,14
126854,2009,A,,A,,A,,R,32.0,Z,0.0,R,32.0,R,19.0,R,59.0,Z,0.0,Z,0.0,Z,0.0,Z,0.0,A,,R,26
126863,2009,R,457.0,R,2654.0,R,17.0,R,472.0,R,96.0,R,376.0,R,208.0,R,55.0,R,942.0,R,0.0,R,942.0,R,396.0,R,42.0,R,20
126872,2009,A,,A,,A,,R,81.0,R,0.0,R,81.0,R,14.0,R,17.0,Z,0.0,Z,0.0,Z,0.0,Z,0.0,A,,R,16
126915,2009,A,,A,,A,,R,39.0,R,0.0,R,39.0,R,35.0,R,90.0,R,125.0,R,0.0,R,125.0,R,118.0,R,94.0,R,17
126924,2009,R,27.0,R,32.0,R,84.0,R,16.0,R,0.0,R,16.0,R,11.0,R,69.0,R,0.0,R,0.0,R,0.0,R,0.0,A,,R,6
126942,2009,R,796.0,R,4367.0,R,18.0,R,572.0,R,123.0,R,449.0,R,252.0,R,56.0,R,956.0,R,201.0,R,755.0,R,313.0,R,41.0,R,27
126951,2009,A,,A,,A,,R,298.0,Z,0.0,R,298.0,R,144.0,R,48.0,R,0.0,Z,0.0,R,0.0,Z,0.0,A,,R,43
127024,2009,R,120.0,R,199.0,R,60.0,R,125.0,R,7.0,R,118.0,R,63.0,R,53.0,R,14.0,R,0.0,R,14.0,R,5.0,R,36.0,R,16
127060,2009,R,1198.0,R,1498.0,R,80.0,R,1134.0,Z,0.0,R,1134.0,R,979.0,R,86.0,R,3.0,R,0.0,R,3.0,R,3.0,R,100.0,R,12
127158,2009,A,,A,,A,,R,165.0,R,1.0,R,164.0,R,107.0,R,65.0,R,521.0,R,0.0,R,521.0,R,351.0,R,67.0,R,11
127185,2009,R,796.0,R,1238.0,R,64.0,R,761.0,R,0.0,R,761.0,R,456.0,R,60.0,R,13.0,R,1.0,R,12.0,R,7.0,R,58.0,R,17
127200,2009,R,1650.0,R,7370.0,R,22.0,R,1394.0,R,0.0,R,1394.0,R,826.0,R,59.0,R,1964.0,R,0.0,R,1964.0,R,900.0,R,46.0,R,22
127219,2009,A,,A,,A,,R,16.0,R,1.0,R,15.0,R,12.0,R,80.0,R,6.0,R,0.0,R,6.0,R,5.0,R,83.0,R,10
127228,2009,A,,A,,A,,R,45.0,R,0.0,R,45.0,R,39.0,R,87.0,R,0.0,R,0.0,R,0.0,R,0.0,A,,R,22
127316,2009,A,,A,,A,,R,47.0,R,0.0,R,47.0,R,25.0,R,53.0,R,9.0,R,0.0,R,9.0,R,7.0,R,78.0,R,15
127389,2009,R,187.0,R,648.0,R,29.0,R,246.0,R,0.0,R,246.0,R,141.0,R,57.0,R,74.0,R,0.0,R,74.0,R,26.0,R,35.0,R,17
127556,2009,R,1559.0,R,2750.0,R,57.0,R,731.0,R,2.0,R,729.0,R,461.0,R,63.0,R,26.0,R,0.0,R,26.0,R,9.0,R,35.0,R,20
127565,2009,R,2135.0,R,5267.0,R,41.0,R,2091.0,R,171.0,R,1920.0,R,1287.0,R,67.0,R,542.0,R,79.0,R,463.0,R,266.0,R,57.0,R,22
127617,2009,R,46.0,R,1023.0,R,4.0,R,69.0,R,0.0,R,69.0,R,47.0,R,68.0,R,128.0,R,0.0,R,128.0,R,57.0,R,45.0,R,12
127653,2009,R,43.0,R,166.0,R,26.0,R,56.0,R,0.0,R,56.0,R,35.0,R,63.0,R,1.0,R,0.0,R,1.0,R,1.0,R,100.0,R,9
127680,2009,R,16.0,R,129.0,R,12.0,R,10.0,R,0.0,R,10.0,R,1.0,R,10.0,R,18.0,R,0.0,R,18.0,R,4.0,R,22.0,R,28
127699,2009,R,4.0,R,149.0,R,3.0,R,1.0,R,0.0,R,1.0,R,0.0,R,0.0,R,48.0,R,0.0,R,48.0,R,15.0,R,31.0,R,9
127714,2009,R,4.0,R,172.0,R,2.0,R,6.0,R,0.0,R,6.0,R,5.0,R,83.0,R,28.0,Z,0.0,R,28.0,R,16.0,R,57.0,R,8
127732,2009,R,352.0,R,802.0,R,44.0,R,356.0,R,0.0,R,356.0,R,206.0,R,58.0,R,100.0,R,11.0,R,89.0,R,36.0,R,40.0,R,20
127741,2009,R,2279.0,R,3406.0,R,67.0,R,2081.0,R,12.0,R,2069.0,R,1416.0,R,68.0,R,32.0,R,5.0,R,27.0,R,11.0,R,41.0,R,20
127778,2009,R,262.0,R,926.0,R,28.0,R,264.0,R,0.0,R,264.0,R,166.0,R,63.0,R,84.0,R,0.0,R,84.0,R,39.0,R,46.0,R,21
127787,2009,R,156.0,R,188.0,R,83.0,R,127.0,R,0.0,R,127.0,R,61.0,R,48.0,R,29.0,R,0.0,R,29.0,R,11.0,R,38.0,R,25
127820,2009,R,1365.0,R,5789.0,R,24.0,R,1106.0,R,133.0,R,973.0,R,552.0,R,57.0,R,1440.0,R,162.0,R,1278.0,R,532.0,R,42.0,R,19
127839,2009,A,,A,,A,,R,226.0,R,0.0,R,226.0,R,165.0,R,73.0,R,0.0,R,0.0,R,0.0,R,0.0,A,,R,10
127884,2009,R,667.0,R,2824.0,R,24.0,R,422.0,R,52.0,R,370.0,R,219.0,R,59.0,R,617.0,R,83.0,R,534.0,R,230.0,R,43.0,R,19
127909,2009,R,781.0,R,3988.0,R,20.0,R,576.0,R,42.0,R,534.0,R,302.0,R,57.0,R,904.0,R,9.0,R,895.0,R,341.0,R,38.0,R,23
127918,2009,R,674.0,R,1551.0,R,43.0,R,621.0,Z,0.0,R,621.0,R,441.0,R,71.0,R,721.0,Z,0.0,R,721.0,R,373.0,R,52.0,R,8
127945,2009,R,131.0,R,188.0,R,70.0,R,135.0,R,0.0,R,135.0,R,82.0,R,61.0,R,4.0,R,0.0,R,4.0,R,1.0,R,25.0,R,12
127954,2009,A,,A,,A,,R,11.0,Z,0.0,R,11.0,R,5.0,R,45.0,R,0.0,R,0.0,R,0.0,R,0.0,A,,R,19
128106,2009,R,1017.0,R,1580.0,R,64.0,R,1007.0,R,0.0,R,1007.0,R,661.0,R,66.0,R,83.0,R,0.0,R,83.0,R,36.0,R,43.0,R,18
128151,2009,A,,A,,A,,R,357.0,Z,0.0,R,357.0,R,278.0,R,78.0,R,104.0,Z,0.0,R,104.0,R,73.0,R,70.0,R,30
128179,2009,A,,A,,A,,R,259.0,R,0.0,R,259.0,R,227.0,R,88.0,R,0.0,R,0.0,R,0.0,R,0.0,A,,R,20
128188,2009,A,,A,,A,,R,350.0,R,0.0,R,350.0,R,246.0,R,70.0,R,0.0,R,0.0,R,0.0,R,0.0,A,,R,22
128258,2009,R,369.0,R,894.0,R,41.0,R,356.0,R,66.0,R,290.0,R,199.0,R,69.0,R,199.0,R,72.0,R,127.0,R,56.0,R,44.0,R,18
128328,2009,R,1316.0,R,1316.0,R,100.0,R,1336.0,R,12.0,R,1324.0,R,1202.0,R,91.0,Z,0.0,Z,0.0,Z,0.0,Z,0.0,A,,R,9
128337,2009,A,,A,,A,,R,36.0,Z,0.0,R,36.0,R,17.0,R,47.0,Z,0.0,Z,0.0,Z,0.0,Z,0.0,A,,R,24
128391,2009,R,499.0,R,706.0,R,71.0,R,546.0,R,0.0,R,546.0,R,297.0,R,54.0,R,9.0,R,0.0,R,9.0,R,2.0,R,22.0,R,16
128425,2009,R,12.0,R,13.0,R,92.0,R,1.0,R,0.0,R,1.0,R,1.0,R,100.0,R,0.0,R,0.0,R,0.0,R,0.0,A,,R,8
128498,2009,R,167.0,R,277.0,R,60.0,R,185.0,R,0.0,R,185.0,R,132.0,R,71.0,R,3.0,R,0.0,R,3.0,R,2.0,R,67.0,R,12
128540,2009,A,,A,,A,,R,40.0,R,0.0,R,40.0,R,32.0,R,80.0,R,7.0,R,0.0,R,7.0,R,5.0,R,71.0,R,16
128577,2009,R,268.0,R,728.0,R,37.0,R,208.0,R,0.0,R,208.0,R,125.0,R,60.0,R,68.0,R,0.0,R,68.0,R,25.0,R,37.0,R,20
128586,2009,R,20.0,R,20.0,R,100.0,R,27.0,R,0.0,R,27.0,R,16.0,R,59.0,Z,0.0,Z,0.0,Z,0.0,Z,0.0,A,,R,10
128674,2009,A,,A,,A,,R,82.0,R,1.0,R,81.0,R,49.0,R,60.0,R,52.0,R,2.0,R,50.0,R,32.0,R,64.0,R,22
128683,2009,R,183.0,R,336.0,R,54.0,R,23.0,R,0.0,R,23.0,R,5.0,R,22.0,R,2.0,R,0.0,R,2.0,R,1.0,R,50.0,R,8
128726,2009,A,,A,,A,,R,124.0,R,2.0,R,122.0,R,110.0,R,90.0,R,11.0,R,2.0,R,9.0,R,8.0,R,89.0,R,8
128744,2009,R,436.0,R,610.0,R,71.0,R,445.0,R,2.0,R,443.0,R,231.0,R,52.0,R,8.0,R,2.0,R,6.0,R,3.0,R,50.0,R,16
128762,2009,A,,A,,A,,R,46.0,R,0.0,R,46.0,R,30.0,R,65.0,R,0.0,R,0.0,R,0.0,R,0.0,A,,R,15
128771,2009,R,1281.0,R,2507.0,R,51.0,R,1303.0,R,3.0,R,1300.0,R,1023.0,R,79.0,R,7.0,R,0.0,R,7.0,R,5.0,R,71.0,R,16
128780,2009,A,,A,,A,,A,,A,,A,,A,,A,,A,,A,,A,,A,,A,,R,19
128896,2009,A,,A,,A,,R,7.0,R,0.0,R,7.0,R,6.0,R,86.0,R,27.0,R,0.0,R,27.0,R,17.0,R,63.0,R,7
128902,2009,R,502.0,R,646.0,R,78.0,R,493.0,R,0.0,R,493.0,R,442.0,R,90.0,R,0.0,R,0.0,R,0.0,R,0.0,A,,R,9
128957,2009,A,,A,,A,,R,47.0,R,0.0,R,47.0,R,38.0,R,81.0,R,42.0,R,0.0,R,42.0,R,25.0,R,60.0,R,15
129002,2009,A,,A,,A,,R,133.0,R,0.0,R,133.0,R,102.0,R,77.0,R,0.0,R,0.0,R,0.0,R,0.0,A,,R,23
129020,2009,R,3215.0,R,4170.0,R,77.0,R,3558.0,R,6.0,R,3552.0,R,3272.0,R,92.0,R,8.0,R,0.0,R,8.0,R,7.0,R,88.0,R,18
129154,2009,R,235.0,R,902.0,R,26.0,R,160.0,R,0.0,R,160.0,R,86.0,R,54.0,R,133.0,R,0.0,R,133.0,R,66.0,R,50.0,R,12
129181,2009,A,,A,,A,,R,316.0,Z,0.0,R,316.0,R,259.0,R,82.0,R,14.0,Z,0.0,R,14.0,R,8.0,R,57.0,R,22
129215,2009,R,944.0,R,1638.0,R,58.0,R,951.0,R,5.0,R,946.0,R,734.0,R,78.0,R,66.0,R,0.0,R,66.0,R,38.0,R,58.0,R,17
129242,2009,R,849.0,R,891.0,R,95.0,R,899.0,R,0.0,R,899.0,R,787.0,R,88.0,R,0.0,R,0.0,R,0.0,R,0.0,A,,R,12
129349,2009,A,,A,,A,,R,105.0,R,0.0,R,105.0,R,96.0,R,91.0,R,20.0,R,0.0,R,20.0,R,16.0,R,80.0,R,17
129367,2009,R,377.0,R,1610.0,R,23.0,R,372.0,R,0.0,R,372.0,R,202.0,R,54.0,R,338.0,R,0.0,R,338.0,R,185.0,R,55.0,R,46
129446,2009,A,,A,,A,,R,12.0,R,0.0,R,12.0,R,7.0,R,58.0,R,0.0,Z,0.0,R,0.0,Z,0.0,A,,R,3
129482,2009,A,,A,,A,,R,283.0,R,0.0,R,283.0,R,194.0,R,69.0,R,0.0,R,0.0,R,0.0,R,0.0,A,,R,15
129525,2009,R,1378.0,R,1795.0,R,77.0,R,1089.0,R,0.0,R,1089.0,R,787.0,R,72.0,R,9.0,R,0.0,R,9.0,R,2.0,R,22.0,R,12
129534,2009,R,5.0,R,24.0,R,21.0,R,2.0,R,0.0,R,2.0,R,1.0,R,50.0,R,0.0,R,0.0,R,0.0,R,0.0,A,,R,9
129543,2009,R,783.0,R,1923.0,R,41.0,R,695.0,R,0.0,R,695.0,R,424.0,R,61.0,R,483.0,R,0.0,R,483.0,R,241.0,R,50.0,R,33
129613,2009,A,,A,,A,,A,,A,,A,,A,,A,,A,,A,,A,,A,,A,,R,7
129640,2009,A,,A,,A,,R,8.0,Z,0.0,R,8.0,R,6.0,R,75.0,R,4.0,Z,0.0,R,4.0,R,3.0,R,75.0,R,11
129686,2009,R,9.0,R,16.0,R,56.0,R,11.0,R,0.0,R,11.0,R,9.0,R,82.0,R,0.0,R,0.0,R,0.0,R,0.0,A,,R,6
129695,2009,R,1244.0,R,2661.0,R,47.0,R,1225.0,R,0.0,R,1225.0,R,709.0,R,58.0,R,367.0,R,0.0,R,367.0,R,156.0,R,43.0,R,19
129729,2009,R,951.0,R,2022.0,R,47.0,R,930.0,R,0.0,R,930.0,R,561.0,R,60.0,R,288.0,R,0.0,R,288.0,R,134.0,R,47.0,R,19
129756,2009,R,425.0,R,1002.0,R,42.0,R,381.0,R,0.0,R,381.0,R,172.0,R,45.0,R,290.0,R,0.0,R,290.0,R,81.0,R,28.0,R,21
129774,2009,R,259.0,R,402.0,R,64.0,R,228.0,R,0.0,R,228.0,R,150.0,R,66.0,R,1.0,R,0.0,R,1.0,R,0.0,R,0.0,R,15
129808,2009,R,614.0,R,1611.0,R,38.0,R,594.0,R,0.0,R,594.0,R,356.0,R,60.0,R,354.0,R,0.0,R,354.0,R,156.0,R,44.0,R,20
129880,2009,A,,A,,A,,R,4.0,R,0.0,R,4.0,R,4.0,R,100.0,R,1.0,Z,0.0,R,1.0,R,1.0,R,100.0,R,4
129923,2009,A,,A,,A,,R,386.0,R,0.0,R,386.0,R,225.0,R,58.0,R,0.0,R,0.0,R,0.0,R,0.0,A,,R,28
129932,2009,A,,A,,A,,A,,A,,A,,A,,A,,A,,A,,A,,A,,A,,R,20
129941,2009,R,1252.0,R,1513.0,R,83.0,R,1106.0,R,0.0,R,1106.0,R,774.0,R,70.0,R,19.0,R,0.0,R,19.0,R,9.0,R,47.0,R,15
129969,2009,A,,A,,A,,R,69.0,R,1.0,R,68.0,R,44.0,R,65.0,R,0.0,R,0.0,R,0.0,R,0.0,A,,R,15
130004,2009,R,640.0,R,2420.0,R,26.0,R,606.0,R,0.0,R,606.0,R,403.0,R,67.0,R,268.0,R,0.0,R,268.0,R,119.0,R,44.0,R,18
130040,2009,R,215.0,R,581.0,R,37.0,R,203.0,R,0.0,R,203.0,R,128.0,R,63.0,R,113.0,R,0.0,R,113.0,R,44.0,R,39.0,R,20
130110,2009,R,40.0,R,84.0,R,48.0,R,33.0,R,0.0,R,33.0,R,29.0,R,88.0,R,7.0,R,0.0,R,7.0,R,4.0,R,57.0,R,9
130129,2009,A,,A,,A,,R,13.0,R,0.0,R,13.0,R,11.0,R,85.0,R,21.0,R,0.0,R,21.0,R,16.0,R,76.0,R,11
130174,2009,A,,A,,A,,R,841.0,R,0.0,R,841.0,R,614.0,R,73.0,R,0.0,R,0.0,R,0.0,R,0.0,A,,R,17
130183,2009,R,278.0,R,975.0,R,29.0,R,239.0,R,0.0,R,239.0,R,137.0,R,57.0,R,24.0,R,0.0,R,24.0,R,7.0,R,29.0,R,20
130217,2009,R,299.0,R,697.0,R,43.0,R,272.0,R,0.0,R,272.0,R,161.0,R,59.0,R,157.0,R,0.0,R,157.0,R,70.0,R,45.0,R,18
130226,2009,R,1586.0,R,1802.0,R,88.0,R,1481.0,R,0.0,R,1481.0,R,1255.0,R,85.0,R,3.0,R,0.0,R,3.0,R,2.0,R,67.0,R,14
130253,2009,R,909.0,R,1073.0,R,85.0,R,981.0,R,0.0,R,981.0,R,803.0,R,82.0,R,0.0,R,0.0,R,0.0,R,0.0,A,,R,14
130314,2009,R,184.0,R,296.0,R,62.0,R,225.0,R,0.0,R,225.0,R,169.0,R,75.0,R,1.0,R,0.0,R,1.0,R,0.0,R,0.0,R,10
130396,2009,R,879.0,R,2263.0,R,39.0,R,835.0,R,0.0,R,835.0,R,443.0,R,53.0,R,410.0,R,0.0,R,410.0,R,173.0,R,42.0,R,19
130448,2009,R,11.0,R,219.0,R,5.0,R,2.0,R,0.0,R,2.0,R,2.0,R,100.0,R,12.0,R,0.0,R,12.0,R,12.0,R,100.0,R,24
130493,2009,R,1237.0,R,2222.0,R,56.0,R,1288.0,R,0.0,R,1288.0,R,1027.0,R,80.0,R,8.0,R,0.0,R,8.0,R,3.0,R,38.0,R,16
130509,2009,A,,A,,A,,R,107.0,R,0.0,R,107.0,R,59.0,R,55.0,R,29.0,R,0.0,R,29.0,R,19.0,R,66.0,R,15
130590,2009,R,573.0,R,655.0,R,87.0,R,589.0,R,0.0,R,589.0,R,537.0,R,91.0,R,0.0,R,0.0,R,0.0,R,0.0,A,,R,9
130606,2009,R,581.0,R,1630.0,R,36.0,R,590.0,R,0.0,R,590.0,R,366.0,R,62.0,R,234.0,R,0.0,R,234.0,R,95.0,R,41.0,R,22
130624,2009,R,273.0,R,273.0,R,100.0,R,273.0,R,0.0,R,273.0,R,254.0,R,93.0,R,0.0,R,0.0,R,0.0,R,0.0,A,,R,8
130697,2009,R,745.0,R,822.0,R,91.0,R,715.0,R,0.0,R,715.0,R,680.0,R,95.0,R,0.0,R,0.0,R,0.0,R,0.0,A,,R,9
130776,2009,R,1008.0,R,1635.0,R,62.0,R,930.0,R,0.0,R,930.0,R,655.0,R,70.0,R,14.0,R,0.0,R,14.0,R,4.0,R,29.0,R,16
130794,2009,R,1305.0,R,1340.0,R,97.0,R,1318.0,R,0.0,R,1318.0,R,1304.0,R,99.0,R,0.0,R,0.0,R,0.0,R,0.0,A,,R,6
130837,2009,A,,A,,A,,A,,A,,A,,A,,A,,A,,A,,A,,A,,A,,R,6
130873,2009,A,,A,,A,,A,,A,,A,,A,,A,,A,,A,,A,,A,,A,,R,11
130891,2009,R,725.0,R,1253.0,R,58.0,R,732.0,R,2.0,R,730.0,R,427.0,R,58.0,R,163.0,R,0.0,R,163.0,R,53.0,R,33.0,R,16
130907,2009,R,594.0,R,933.0,R,64.0,R,589.0,R,0.0,R,589.0,R,352.0,R,60.0,R,242.0,R,1.0,R,241.0,R,92.0,R,38.0,R,16
130916,2009,R,1109.0,R,2042.0,R,54.0,R,1158.0,R,0.0,R,1158.0,R,688.0,R,59.0,R,413.0,R,0.0,R,413.0,R,152.0,R,37.0,R,16
130934,2009,R,739.0,R,976.0,R,76.0,R,721.0,R,0.0,R,721.0,R,473.0,R,66.0,R,9.0,R,0.0,R,9.0,R,3.0,R,33.0,R,15
130943,2009,R,4212.0,R,4705.0,R,90.0,R,3835.0,R,0.0,R,3835.0,R,3408.0,R,89.0,R,27.0,R,0.0,R,27.0,R,15.0,R,56.0,R,13
130989,2009,R,76.0,R,118.0,R,64.0,R,93.0,R,0.0,R,93.0,R,61.0,R,66.0,R,3.0,Z,0.0,R,3.0,R,1.0,R,33.0,R,29
131061,2009,A,,A,,A,,R,17.0,R,0.0,R,17.0,R,12.0,R,71.0,R,8.0,R,0.0,R,8.0,R,4.0,R,50.0,R,10
131098,2009,R,593.0,R,837.0,R,71.0,R,435.0,R,0.0,R,435.0,R,234.0,R,54.0,R,0.0,R,0.0,R,0.0,R,0.0,A,,R,17
131113,2009,R,347.0,R,1781.0,R,19.0,R,385.0,R,0.0,R,385.0,R,265.0,R,69.0,R,274.0,R,0.0,R,274.0,R,66.0,R,24.0,R,14
131159,2009,R,1533.0,R,2034.0,R,75.0,R,1573.0,R,2.0,R,1571.0,R,1421.0,R,90.0,R,4.0,R,0.0,R,4.0,R,1.0,R,25.0,R,13
131283,2009,R,813.0,R,953.0,R,85.0,R,901.0,Z,0.0,R,901.0,R,730.0,R,81.0,R,7.0,Z,0.0,R,7.0,R,5.0,R,71.0,R,10
131308,2009,R,74.0,R,252.0,R,29.0,R,48.0,R,0.0,R,48.0,R,35.0,R,73.0,R,1.0,R,0.0,R,1.0,R,0.0,R,0.0,R,24
131399,2009,R,463.0,R,978.0,R,47.0,R,228.0,Z,0.0,R,228.0,R,129.0,R,57.0,R,169.0,R,0.0,R,169.0,R,69.0,R,41.0,R,13
131450,2009,R,211.0,R,314.0,R,67.0,R,179.0,R,0.0,R,179.0,R,135.0,R,75.0,R,2.0,R,0.0,R,2.0,R,1.0,R,50.0,R,5
131469,2009,R,2582.0,R,3173.0,R,81.0,R,2425.0,R,0.0,R,2425.0,R,2216.0,R,91.0,R,11.0,Z,0.0,R,11.0,R,5.0,R,45.0,R,13
131496,2009,R,1551.0,R,2016.0,R,77.0,R,1571.0,R,0.0,R,1571.0,R,1504.0,R,96.0,R,0.0,Z,0.0,R,0.0,R,0.0,A,,R,10
131520,2009,R,1572.0,R,1989.0,R,79.0,R,1477.0,R,0.0,R,1477.0,R,1227.0,R,83.0,R,23.0,R,0.0,R,23.0,R,13.0,R,57.0,R,11
131566,2009,A,,A,,A,,R,26.0,R,1.0,R,25.0,R,22.0,R,88.0,R,24.0,R,0.0,R,24.0,R,23.0,R,96.0,R,25
131742,2009,A,,A,,A,,R,432.0,Z,0.0,R,432.0,R,326.0,R,75.0,Z,0.0,Z,0.0,Z,0.0,Z,0.0,A,,R,47
131803,2009,R,301.0,R,12792.0,R,2.0,R,174.0,R,0.0,R,174.0,R,90.0,R,52.0,R,1934.0,R,0.0,R,1934.0,R,870.0,R,45.0,R,24
131830,2009,A,,A,,A,,R,9.0,R,0.0,R,9.0,R,7.0,R,78.0,R,0.0,R,0.0,R,0.0,R,0.0,A,,R,5
131876,2009,R,243.0,R,499.0,R,49.0,R,198.0,Z,0.0,R,198.0,R,138.0,R,70.0,R,16.0,Z,0.0,R,16.0,R,6.0,R,38.0,R,13
132268,2009,A,,A,,A,,R,246.0,R,0.0,R,246.0,R,195.0,R,79.0,Z,0.0,Z,0.0,Z,0.0,Z,0.0,A,,R,25
132338,2009,R,542.0,R,955.0,R,57.0,R,272.0,R,0.0,R,272.0,R,173.0,R,64.0,R,112.0,R,0.0,R,112.0,R,60.0,R,54.0,R,22
132374,2009,A,,A,,A,,R,671.0,R,0.0,R,671.0,R,325.0,R,48.0,R,0.0,R,0.0,R,0.0,R,0.0,A,,R,9
132408,2009,R,45.0,R,172.0,R,26.0,R,50.0,R,0.0,R,50.0,R,36.0,R,72.0,R,5.0,R,0.0,R,5.0,R,4.0,R,80.0,R,9
132471,2009,R,645.0,R,1079.0,R,60.0,R,584.0,R,1.0,R,583.0,R,383.0,R,66.0,R,2.0,R,0.0,R,2.0,R,0.0,R,0.0,R,20
132602,2009,R,787.0,R,1111.0,R,71.0,R,719.0,R,0.0,R,719.0,R,511.0,R,71.0,R,1.0,R,0.0,R,1.0,R,1.0,R,100.0,R,17
132657,2009,R,334.0,R,469.0,R,71.0,R,371.0,R,0.0,R,371.0,R,216.0,R,58.0,R,4.0,R,0.0,R,4.0,R,2.0,R,50.0,R,17
132666,2009,A,,A,,A,,R,102.0,R,0.0,R,102.0,R,76.0,R,75.0,R,0.0,R,0.0,R,0.0,R,0.0,A,,R,17
132675,2009,A,,A,,A,,R,135.0,R,0.0,R,135.0,R,135.0,R,100.0,R,68.0,R,1.0,R,67.0,R,67.0,R,100.0,R,7
132693,2009,R,1997.0,R,3739.0,R,53.0,R,1757.0,R,0.0,R,1757.0,R,1289.0,R,73.0,R,824.0,R,0.0,R,824.0,R,445.0,R,54.0,R,21
132709,2009,R,4145.0,R,9601.0,R,43.0,R,3668.0,R,0.0,R,3668.0,R,2737.0,R,75.0,R,3004.0,R,0.0,R,3004.0,R,1685.0,R,56.0,R,30
132806,2009,A,,A,,A,,R,365.0,R,0.0,R,365.0,R,278.0,R,76.0,R,0.0,R,0.0,R,0.0,R,0.0,A,,R,12
132842,2009,R,13.0,R,82.0,R,16.0,R,12.0,R,0.0,R,12.0,R,10.0,R,83.0,R,3.0,R,0.0,R,3.0,R,0.0,R,0.0,R,17
132851,2009,R,1097.0,R,3220.0,R,34.0,R,921.0,R,0.0,R,921.0,R,603.0,R,65.0,R,598.0,R,0.0,R,598.0,R,350.0,R,59.0,R,19
132879,2009,R,47.0,R,99.0,R,47.0,R,51.0,R,0.0,R,51.0,R,32.0,R,63.0,R,3.0,R,0.0,R,3.0,R,2.0,R,67.0,R,16
132903,2009,R,6303.0,R,12711.0,R,50.0,R,6118.0,Z,0.0,R,6118.0,R,5350.0,R,87.0,R,180.0,Z,0.0,R,180.0,R,139.0,R,77.0,R,31
132976,2009,A,,A,,A,,R,410.0,R,0.0,R,410.0,R,278.0,R,68.0,R,0.0,R,0.0,R,0.0,R,0.0,A,,R,13
133021,2009,R,380.0,R,577.0,R,66.0,R,442.0,R,0.0,R,442.0,R,284.0,R,64.0,R,90.0,R,0.0,R,90.0,R,47.0,R,52.0,R,20
133085,2009,R,157.0,R,209.0,R,75.0,R,151.0,R,0.0,R,151.0,R,102.0,R,68.0,R,0.0,R,0.0,R,0.0,R,0.0,A,,R,16
133155,2009,A,,A,,A,,R,154.0,R,0.0,R,154.0,R,106.0,R,69.0,R,26.0,R,0.0,R,26.0,R,22.0,R,85.0,R,19
133386,2009,R,2157.0,R,4302.0,R,50.0,R,1013.0,R,0.0,R,1013.0,R,700.0,R,69.0,R,1513.0,R,0.0,R,1513.0,R,825.0,R,55.0,R,22
133465,2009,R,58.0,R,363.0,R,16.0,R,25.0,R,0.0,R,25.0,R,10.0,R,40.0,R,8.0,R,0.0,R,8.0,R,4.0,R,50.0,R,14
133492,2009,R,506.0,R,703.0,R,72.0,R,487.0,R,0.0,R,487.0,R,394.0,R,81.0,R,13.0,R,0.0,R,13.0,R,8.0,R,62.0,R,14
133508,2009,R,1957.0,R,4783.0,R,41.0,R,1619.0,R,0.0,R,1619.0,R,1047.0,R,65.0,R,1219.0,R,0.0,R,1219.0,R,630.0,R,52.0,R,30
133526,2009,R,245.0,R,289.0,R,85.0,R,288.0,R,32.0,R,256.0,R,131.0,R,51.0,R,5.0,R,0.0,R,5.0,R,1.0,R,20.0,R,26
133553,2009,R,857.0,R,1132.0,R,76.0,R,1060.0,R,0.0,R,1060.0,R,751.0,R,71.0,R,4.0,R,0.0,R,4.0,R,1.0,R,25.0,R,16
133650,2009,R,2420.0,R,3037.0,R,80.0,R,2098.0,R,0.0,R,2098.0,R,1642.0,R,78.0,R,18.0,R,0.0,R,18.0,R,9.0,R,50.0,R,18
133669,2009,R,2436.0,R,6378.0,R,38.0,R,2631.0,R,0.0,R,2631.0,R,2080.0,R,79.0,R,150.0,R,0.0,R,150.0,R,104.0,R,69.0,R,18
133702,2009,R,2550.0,R,6925.0,R,37.0,R,1334.0,R,0.0,R,1334.0,R,866.0,R,65.0,R,1806.0,R,0.0,R,1806.0,R,797.0,R,44.0,R,27
133711,2009,R,564.0,R,806.0,R,70.0,R,615.0,R,0.0,R,615.0,R,468.0,R,76.0,R,2.0,R,0.0,R,2.0,R,2.0,R,100.0,R,20
133809,2009,R,191.0,R,218.0,R,88.0,R,68.0,R,0.0,R,68.0,R,45.0,R,66.0,R,1.0,R,0.0,R,1.0,R,1.0,R,100.0,R,12
133845,2009,A,,A,,A,,R,240.0,R,0.0,R,240.0,R,167.0,R,70.0,Z,0.0,Z,0.0,Z,0.0,Z,0.0,A,,R,24
133854,2009,A,,A,,A,,R,180.0,R,0.0,R,180.0,R,135.0,R,75.0,Z,0.0,Z,0.0,Z,0.0,Z,0.0,A,,R,28
133863,2009,A,,A,,A,,R,195.0,R,0.0,R,195.0,R,144.0,R,74.0,Z,0.0,Z,0.0,Z,0.0,Z,0.0,A,,R,33
133872,2009,R,70.0,R,884.0,R,8.0,R,9.0,Z,0.0,R,9.0,R,5.0,R,56.0,R,2.0,Z,0.0,R,2.0,R,1.0,R,50.0,R,14
133881,2009,R,539.0,R,732.0,R,74.0,R,635.0,R,0.0,R,635.0,R,479.0,R,75.0,R,2.0,R,0.0,R,2.0,R,1.0,R,50.0,R,13
133942,2009,A,,A,,A,,A,,A,,A,,A,,A,,A,,A,,A,,A,,A,,R,13
133951,2009,R,2737.0,R,8225.0,R,33.0,R,2896.0,Z,0.0,R,2896.0,R,2343.0,R,81.0,R,242.0,Z,0.0,R,242.0,R,173.0,R,71.0,R,27
133960,2009,R,106.0,R,440.0,R,24.0,R,75.0,R,0.0,R,75.0,R,42.0,R,56.0,R,118.0,R,0.0,R,118.0,R,49.0,R,42.0,R,17
133979,2009,R,530.0,R,841.0,R,63.0,R,543.0,R,0.0,R,543.0,R,369.0,R,68.0,R,12.0,R,0.0,R,12.0,R,9.0,R,75.0,R,17
133997,2009,R,1998.0,R,2053.0,R,97.0,R,276.0,R,0.0,R,276.0,R,113.0,R,41.0,R,0.0,R,0.0,R,0.0,R,0.0,A,,R,18
134024,2009,A,,A,,A,,A,,A,,A,,A,,A,,A,,A,,A,,A,,A,,R,14
134079,2009,R,554.0,R,712.0,R,78.0,R,497.0,R,0.0,R,497.0,R,393.0,R,79.0,R,0.0,R,0.0,R,0.0,R,0.0,A,,R,15
134097,2009,R,5942.0,R,8817.0,R,67.0,R,5014.0,R,0.0,R,5014.0,R,4565.0,R,91.0,R,33.0,R,0.0,R,33.0,R,24.0,R,73.0,R,25
134112,2009,A,,A,,A,,R,502.0,R,0.0,R,502.0,R,317.0,R,63.0,R,0.0,R,0.0,R,0.0,R,0.0,A,,R,18
134121,2009,A,,A,,A,,R,115.0,R,0.0,R,115.0,R,100.0,R,87.0,R,0.0,R,0.0,R,0.0,R,0.0,A,,R,20
134130,2009,R,6244.0,R,8342.0,R,75.0,R,6394.0,R,0.0,R,6394.0,R,6137.0,R,96.0,R,57.0,R,0.0,R,57.0,R,48.0,R,84.0,R,20
134149,2009,R,169.0,R,234.0,R,72.0,R,12.0,R,0.0,R,12.0,R,5.0,R,42.0,R,5.0,R,0.0,R,5.0,R,2.0,R,40.0,R,16
134228,2009,A,,A,,A,,R,16.0,R,0.0,R,16.0,R,3.0,R,19.0,R,3.0,R,0.0,R,3.0,R,1.0,R,33.0,R,7
134237,2009,A,,A,,A,,R,3944.0,R,5.0,R,3939.0,R,3283.0,R,83.0,R,0.0,R,0.0,R,0.0,R,0.0,A,,R,18
134291,2009,A,,A,,A,,R,266.0,R,0.0,R,266.0,R,117.0,R,44.0,R,71.0,R,0.0,R,71.0,R,42.0,R,59.0,R,20
134307,2009,A,,A,,A,,R,88.0,R,0.0,R,88.0,R,51.0,R,58.0,R,64.0,R,0.0,R,64.0,R,33.0,R,52.0,R,32
134343,2009,R,663.0,R,1432.0,R,46.0,R,650.0,R,0.0,R,650.0,R,448.0,R,69.0,R,370.0,R,0.0,R,370.0,R,177.0,R,48.0,R,20
134422,2009,R,41.0,R,104.0,R,39.0,R,44.0,Z,0.0,R,44.0,R,26.0,R,59.0,Z,0.0,Z,0.0,Z,0.0,Z,0.0,A,,R,11
134495,2009,R,2961.0,R,6507.0,R,46.0,R,2608.0,R,0.0,R,2608.0,R,1732.0,R,66.0,R,1471.0,R,0.0,R,1471.0,R,708.0,R,48.0,R,25
134510,2009,R,24.0,R,44.0,R,55.0,R,28.0,R,0.0,R,28.0,R,21.0,R,75.0,R,1.0,R,0.0,R,1.0,R,0.0,R,0.0,R,10
134574,2009,A,,A,,A,,A,,A,,A,,A,,A,,A,,A,,A,,A,,A,,R,15
134608,2009,R,1612.0,R,3724.0,R,43.0,R,1329.0,R,0.0,R,1329.0,R,877.0,R,66.0,R,742.0,R,0.0,R,742.0,R,381.0,R,51.0,R,23
134680,2009,R,114.0,R,295.0,R,39.0,R,197.0,R,0.0,R,197.0,R,93.0,R,47.0,R,22.0,R,0.0,R,22.0,R,5.0,R,23.0,R,21
134714,2009,A,,A,,A,,R,56.0,R,1.0,R,55.0,R,53.0,R,96.0,R,44.0,R,0.0,R,44.0,R,27.0,R,61.0,R,7
134811,2009,R,682.0,R,1231.0,R,55.0,R,613.0,R,0.0,R,613.0,R,349.0,R,57.0,R,54.0,R,0.0,R,54.0,R,25.0,R,46.0,R,21
134875,2009,R,721.0,R,1144.0,R,63.0,R,261.0,R,0.0,R,261.0,R,178.0,R,68.0,Z,0.0,Z,0.0,Z,0.0,Z,0.0,A,,R,22
134909,2009,R,119.0,R,180.0,R,66.0,R,0.0,R,0.0,R,0.0,R,0.0,A,,R,1.0,R,0.0,R,1.0,R,0.0,R,0.0,R,24
134945,2009,R,665.0,R,1265.0,R,53.0,R,536.0,R,0.0,R,536.0,R,337.0,R,63.0,R,4.0,R,0.0,R,4.0,R,1.0,R,25.0,R,14
135063,2009,R,17.0,R,117.0,R,15.0,R,8.0,R,0.0,R,8.0,R,6.0,R,75.0,R,5.0,Z,0.0,R,5.0,R,4.0,R,80.0,R,9
135081,2009,R,3092.0,R,4384.0,R,71.0,R,2335.0,R,0.0,R,2335.0,R,1845.0,R,79.0,R,739.0,R,0.0,R,739.0,R,446.0,R,60.0,R,20
135124,2009,A,,A,,A,,R,563.0,R,3.0,R,560.0,R,489.0,R,87.0,Z,0.0,Z,0.0,Z,0.0,Z,0.0,A,,R,37
135142,2009,A,,A,,A,,R,24.0,R,0.0,R,24.0,R,22.0,R,92.0,R,51.0,R,3.0,R,48.0,R,45.0,R,94.0,R,25
135160,2009,R,420.0,R,881.0,R,48.0,R,299.0,R,0.0,R,299.0,R,200.0,R,67.0,R,211.0,R,0.0,R,211.0,R,98.0,R,46.0,R,15
135179,2009,A,,A,,A,,R,246.0,R,0.0,R,246.0,R,175.0,R,71.0,R,135.0,R,0.0,R,135.0,R,96.0,R,71.0,R,13
135188,2009,R,583.0,R,1258.0,R,46.0,R,526.0,R,0.0,R,526.0,R,357.0,R,68.0,R,329.0,R,0.0,R,329.0,R,137.0,R,42.0,R,19
135267,2009,A,,A,,A,,R,213.0,R,0.0,R,213.0,R,129.0,R,61.0,R,0.0,Z,0.0,R,0.0,Z,0.0,A,,R,15
135276,2009,A,,A,,A,,R,286.0,Z,0.0,R,286.0,R,151.0,R,53.0,R,285.0,Z,0.0,R,285.0,R,81.0,R,28.0,R,20
135294,2009,A,,A,,A,,R,199.0,R,0.0,R,199.0,R,76.0,R,38.0,R,265.0,R,0.0,R,265.0,R,35.0,R,13.0,R,19
135337,2009,A,,A,,A,,R,28.0,R,0.0,R,28.0,R,22.0,R,79.0,R,13.0,R,0.0,R,13.0,R,6.0,R,46.0,R,28
135364,2009,R,4.0,R,15.0,R,27.0,R,2.0,R,0.0,R,2.0,R,1.0,R,50.0,R,6.0,R,0.0,R,6.0,R,5.0,R,83.0,R,33
135391,2009,R,1621.0,R,3010.0,R,54.0,R,1586.0,R,0.0,R,1586.0,R,997.0,R,63.0,R,638.0,R,0.0,R,638.0,R,333.0,R,52.0,R,25
135407,2009,A,,A,,A,,R,185.0,R,0.0,R,185.0,R,78.0,R,42.0,R,84.0,R,0.0,R,84.0,R,25.0,R,30.0,R,8
135416,2009,A,,A,,A,,R,184.0,R,1.0,R,183.0,R,110.0,R,60.0,R,0.0,R,0.0,R,0.0,R,0.0,A,,R,16
135434,2009,A,,A,,A,,R,61.0,R,0.0,R,61.0,R,43.0,R,70.0,R,82.0,R,0.0,R,82.0,R,68.0,R,83.0,R,15
135522,2009,A,,A,,A,,R,252.0,R,30.0,R,222.0,R,82.0,R,37.0,R,40.0,R,8.0,R,32.0,R,20.0,R,63.0,R,5
135610,2009,A,,A,,A,,R,0.0,R,0.0,R,0.0,R,0.0,A,,R,12.0,R,0.0,R,12.0,R,7.0,R,58.0,R,10
135647,2009,A,,A,,A,,R,200.0,R,0.0,R,200.0,R,108.0,R,54.0,R,148.0,R,0.0,R,148.0,R,82.0,R,55.0,R,31
135717,2009,R,7383.0,R,13716.0,R,54.0,R,7374.0,R,0.0,R,7374.0,R,4944.0,R,67.0,R,4369.0,R,0.0,R,4369.0,R,2275.0,R,52.0,R,21
135726,2009,R,1905.0,R,2991.0,R,64.0,R,1984.0,R,0.0,R,1984.0,R,1778.0,R,90.0,R,26.0,R,0.0,R,26.0,R,19.0,R,73.0,R,11
135735,2009,A,,A,,A,,R,437.0,R,0.0,R,437.0,R,278.0,R,64.0,R,104.0,R,0.0,R,104.0,R,31.0,R,30.0,R,14
135771,2009,A,,A,,A,,R,155.0,R,0.0,R,155.0,R,112.0,R,72.0,R,0.0,R,0.0,R,0.0,R,0.0,A,,R,16
135939,2009,A,,A,,A,,R,74.0,R,0.0,R,74.0,R,31.0,R,42.0,R,0.0,R,0.0,R,0.0,R,0.0,A,,R,17
135957,2009,A,,A,,A,,R,337.0,R,0.0,R,337.0,R,175.0,R,52.0,R,21.0,R,0.0,R,21.0,R,5.0,R,24.0,R,30
136011,2009,A,,A,,A,,R,374.0,R,0.0,R,374.0,R,207.0,R,55.0,R,5.0,R,0.0,R,5.0,R,4.0,R,80.0,R,19
136048,2009,A,,A,,A,,R,29.0,R,0.0,R,29.0,R,27.0,R,93.0,R,19.0,R,0.0,R,19.0,R,16.0,R,84.0,R,10
136066,2009,R,1039.0,R,1115.0,R,93.0,R,257.0,R,0.0,R,257.0,R,138.0,R,54.0,R,8.0,R,0.0,R,8.0,R,2.0,R,25.0,R,18
136075,2009,R,58.0,R,88.0,R,66.0,R,59.0,Z,0.0,R,59.0,R,55.0,R,93.0,R,0.0,Z,0.0,R,0.0,R,0.0,A,,R,15
136109,2009,A,,A,,A,,R,38.0,Z,0.0,R,38.0,R,32.0,R,84.0,R,19.0,Z,0.0,R,19.0,R,18.0,R,95.0,R,15
136145,2009,R,158.0,R,280.0,R,56.0,R,155.0,R,0.0,R,155.0,R,97.0,R,63.0,R,43.0,R,0.0,R,43.0,R,26.0,R,60.0,R,18
136172,2009,R,2011.0,R,4214.0,R,48.0,R,1690.0,R,1.0,R,1689.0,R,1407.0,R,83.0,R,162.0,R,0.0,R,162.0,R,133.0,R,82.0,R,23
136206,2009,R,95.0,R,254.0,R,37.0,R,109.0,Z,0.0,R,109.0,R,61.0,R,56.0,Z,0.0,Z,0.0,Z,0.0,Z,0.0,A,,R,16
136215,2009,R,592.0,R,1906.0,R,31.0,R,515.0,R,0.0,R,515.0,R,357.0,R,69.0,R,55.0,R,0.0,R,55.0,R,21.0,R,38.0,R,22
136233,2009,R,762.0,R,1710.0,R,45.0,R,719.0,R,0.0,R,719.0,R,464.0,R,65.0,R,543.0,R,0.0,R,543.0,R,244.0,R,45.0,R,27
136251,2009,A,,A,,A,,R,45.0,Z,0.0,R,45.0,R,28.0,R,62.0,R,19.0,Z,0.0,R,19.0,R,16.0,R,84.0,R,22
136288,2009,R,163.0,R,280.0,R,58.0,R,172.0,R,0.0,R,172.0,R,70.0,R,41.0,R,103.0,R,0.0,R,103.0,R,29.0,R,28.0,R,20
136303,2009,A,,A,,A,,R,94.0,R,0.0,R,94.0,R,67.0,R,71.0,R,194.0,R,0.0,R,194.0,R,87.0,R,45.0,R,11
136330,2009,R,422.0,R,793.0,R,53.0,R,424.0,R,0.0,R,424.0,R,294.0,R,69.0,R,0.0,R,0.0,R,0.0,Z,0.0,A,,R,14
136358,2009,R,2906.0,R,6618.0,R,44.0,R,2838.0,R,0.0,R,2838.0,R,2021.0,R,71.0,R,1993.0,R,0.0,R,1993.0,R,1086.0,R,54.0,R,23
136400,2009,R,1399.0,R,2879.0,R,49.0,R,1208.0,R,0.0,R,1208.0,R,842.0,R,70.0,R,794.0,R,0.0,R,794.0,R,404.0,R,51.0,R,29
136473,2009,R,1312.0,R,2599.0,R,50.0,R,1315.0,R,0.0,R,1315.0,R,894.0,R,68.0,R,689.0,R,0.0,R,689.0,R,331.0,R,48.0,R,25
136491,2009,A,,A,,A,,R,89.0,R,0.0,R,89.0,R,67.0,R,75.0,R,0.0,R,0.0,R,0.0,R,0.0,A,,R,18
136516,2009,R,1077.0,R,2402.0,R,45.0,R,1016.0,R,0.0,R,1016.0,R,632.0,R,62.0,R,698.0,R,0.0,R,698.0,R,339.0,R,49.0,R,16
136659,2009,A,,A,,A,,R,38.0,R,0.0,R,38.0,R,8.0,R,21.0,R,77.0,R,0.0,R,77.0,R,8.0,R,10.0,R,8
136738,2009,A,,A,,A,,R,213.0,Z,0.0,R,213.0,R,122.0,R,57.0,Z,0.0,Z,0.0,Z,0.0,Z,0.0,A,,R,12
136747,2009,A,,A,,A,,R,274.0,R,0.0,R,274.0,R,185.0,R,68.0,R,0.0,R,0.0,R,0.0,R,0.0,A,,R,15
136765,2009,A,,A,,A,,R,307.0,R,0.0,R,307.0,R,260.0,R,85.0,R,120.0,Z,0.0,R,120.0,R,86.0,R,72.0,R,20
136774,2009,R,319.0,R,467.0,R,68.0,R,281.0,R,0.0,R,281.0,R,228.0,R,81.0,R,1.0,R,0.0,R,1.0,R,0.0,R,0.0,R,12
136783,2009,A,,A,,A,,R,10.0,R,0.0,R,10.0,R,8.0,R,80.0,R,27.0,R,0.0,R,27.0,R,22.0,R,81.0,R,11
136826,2009,A,,A,,A,,R,103.0,R,0.0,R,103.0,R,39.0,R,38.0,R,168.0,R,0.0,R,168.0,R,58.0,R,35.0,R,17
136950,2009,R,464.0,R,536.0,R,87.0,R,464.0,R,0.0,R,464.0,R,380.0,R,82.0,R,0.0,R,0.0,R,0.0,R,0.0,A,,R,10
137023,2009,A,,A,,A,,R,140.0,R,0.0,R,140.0,R,124.0,R,89.0,R,77.0,R,0.0,R,77.0,R,67.0,R,87.0,R,12
137032,2009,R,487.0,R,2749.0,R,18.0,R,499.0,R,0.0,R,499.0,R,339.0,R,68.0,R,1.0,R,0.0,R,1.0,R,0.0,R,0.0,R,15
137078,2009,R,2378.0,R,6380.0,R,37.0,R,2203.0,R,0.0,R,2203.0,R,1520.0,R,69.0,R,1709.0,R,0.0,R,1709.0,R,894.0,R,52.0,R,21
137087,2009,A,,A,,A,,R,518.0,R,3.0,R,515.0,R,512.0,R,99.0,R,0.0,R,0.0,R,0.0,R,0.0,A,,R,23
137096,2009,R,1369.0,R,4501.0,R,30.0,R,1639.0,R,0.0,R,1639.0,R,1154.0,R,70.0,R,1476.0,R,0.0,R,1476.0,R,813.0,R,55.0,R,25
137120,2009,A,,A,,A,,R,174.0,R,0.0,R,174.0,R,124.0,R,71.0,R,159.0,R,0.0,R,159.0,R,92.0,R,58.0,R,5
137148,2009,R,3.0,R,18.0,R,17.0,A,,A,,A,,A,,A,,A,,A,,A,,A,,A,,R,10
137209,2009,R,2355.0,R,4584.0,R,51.0,R,1906.0,R,0.0,R,1906.0,R,1266.0,R,66.0,R,923.0,R,0.0,R,923.0,R,467.0,R,51.0,R,28
137245,2009,A,,A,,A,,R,826.0,R,1.0,R,825.0,R,441.0,R,53.0,R,0.0,R,0.0,R,0.0,R,0.0,A,,R,12
137272,2009,R,12.0,R,23.0,R,52.0,R,6.0,Z,0.0,R,6.0,R,3.0,R,50.0,R,0.0,Z,0.0,R,0.0,R,0.0,A,,R,7
137281,2009,R,767.0,R,1652.0,R,46.0,R,708.0,R,0.0,R,708.0,R,475.0,R,67.0,R,362.0,R,0.0,R,362.0,R,190.0,R,52.0,R,17
137315,2009,R,383.0,R,657.0,R,58.0,R,352.0,R,0.0,R,352.0,R,211.0,R,60.0,R,187.0,R,0.0,R,187.0,R,106.0,R,57.0,R,15
137351,2009,R,3738.0,R,7151.0,R,52.0,R,3954.0,R,1.0,R,3953.0,R,3407.0,R,86.0,R,73.0,R,0.0,R,73.0,R,46.0,R,63.0,R,27
137476,2009,R,238.0,R,373.0,R,64.0,R,212.0,R,1.0,R,211.0,R,145.0,R,69.0,R,1.0,R,0.0,R,1.0,R,0.0,R,0.0,R,13
137537,2009,R,12.0,R,19.0,R,63.0,R,18.0,Z,0.0,R,18.0,R,10.0,R,56.0,R,0.0,R,0.0,R,0.0,R,0.0,A,,R,16
137546,2009,R,502.0,R,613.0,R,82.0,R,617.0,R,0.0,R,617.0,R,471.0,R,76.0,R,0.0,Z,0.0,R,0.0,Z,0.0,A,,R,11
137564,2009,R,556.0,R,899.0,R,62.0,R,519.0,R,0.0,R,519.0,R,334.0,R,64.0,R,13.0,R,0.0,R,13.0,R,3.0,R,23.0,R,25
137591,2009,A,,A,,A,,R,70.0,Z,0.0,R,70.0,R,54.0,R,77.0,R,0.0,R,0.0,R,0.0,R,0.0,A,,R,12
137713,2009,A,,A,,A,,R,46.0,R,0.0,R,46.0,R,40.0,R,87.0,R,10.0,R,0.0,R,10.0,R,9.0,R,90.0,R,6
137759,2009,R,2549.0,R,4649.0,R,55.0,R,2404.0,R,0.0,R,2404.0,R,1475.0,R,61.0,R,746.0,R,0.0,R,746.0,R,353.0,R,47.0,R,24
137777,2009,R,5.0,R,5.0,R,100.0,R,5.0,Z,0.0,R,5.0,R,4.0,R,80.0,Z,0.0,Z,0.0,Z,0.0,Z,0.0,A,,R,6
137801,2009,R,227.0,R,309.0,R,73.0,R,4.0,R,0.0,R,4.0,R,2.0,R,50.0,R,2.0,R,0.0,R,2.0,R,1.0,R,50.0,R,24
137810,2009,R,125.0,R,227.0,R,55.0,R,2.0,R,0.0,R,2.0,R,1.0,R,50.0,R,2.0,R,0.0,R,2.0,R,2.0,R,100.0,R,28
137847,2009,R,1413.0,R,1925.0,R,73.0,R,1230.0,R,1.0,R,1229.0,R,906.0,R,74.0,R,7.0,R,0.0,R,7.0,R,3.0,R,43.0,R,17
137856,2009,A,,A,,A,,R,76.0,R,0.0,R,76.0,R,48.0,R,63.0,R,149.0,R,0.0,R,149.0,R,77.0,R,52.0,R,13
137865,2009,A,,A,,A,,R,67.0,R,0.0,R,67.0,R,30.0,R,45.0,R,44.0,R,0.0,R,44.0,R,7.0,R,16.0,R,10
137892,2009,R,165.0,R,336.0,R,49.0,R,124.0,R,0.0,R,124.0,R,68.0,R,55.0,R,0.0,R,0.0,R,0.0,R,0.0,A,,R,30
137953,2009,R,67.0,R,81.0,R,83.0,R,93.0,R,0.0,R,93.0,R,52.0,R,56.0,R,3.0,R,0.0,R,3.0,R,1.0,R,33.0,R,11
137962,2009,R,33.0,R,80.0,R,41.0,R,30.0,R,0.0,R,30.0,R,20.0,R,67.0,R,1.0,R,0.0,R,1.0,R,0.0,R,0.0,R,15
138132,2009,A,,A,,A,,R,18.0,R,0.0,R,18.0,R,15.0,R,83.0,R,14.0,R,0.0,R,14.0,R,13.0,R,93.0,R,9
138187,2009,R,5239.0,R,11189.0,R,47.0,R,4680.0,R,0.0,R,4680.0,R,3387.0,R,72.0,R,1824.0,R,0.0,R,1824.0,R,1019.0,R,56.0,R,34
138275,2009,R,138.0,R,295.0,R,47.0,R,145.0,R,0.0,R,145.0,R,113.0,R,78.0,R,2.0,R,0.0,R,2.0,R,1.0,R,50.0,R,17
138284,2009,A,,A,,A,,R,65.0,R,0.0,R,65.0,R,30.0,R,46.0,R,45.0,R,0.0,R,45.0,R,13.0,R,29.0,R,9
138293,2009,R,172.0,R,251.0,R,69.0,R,163.0,R,0.0,R,163.0,R,79.0,R,48.0,R,3.0,R,0.0,R,3.0,R,3.0,R,100.0,R,22
138309,2009,R,262.0,R,1444.0,R,18.0,R,52.0,R,0.0,R,52.0,R,27.0,R,52.0,R,45.0,R,0.0,R,45.0,R,17.0,R,38.0,R,24
138354,2009,R,1113.0,R,2873.0,R,39.0,R,1019.0,Z,0.0,R,1019.0,R,803.0,R,79.0,R,63.0,Z,0.0,R,63.0,R,51.0,R,81.0,R,22
138372,2009,A,,A,,A,,R,173.0,R,0.0,R,173.0,R,80.0,R,46.0,R,264.0,R,0.0,R,264.0,R,123.0,R,47.0,R,11
138479,2009,A,,A,,A,,R,869.0,R,0.0,R,869.0,R,469.0,R,54.0,Z,0.0,Z,0.0,Z,0.0,Z,0.0,A,,R,5
138488,2009,A,,A,,A,,R,73.0,R,0.0,R,73.0,R,49.0,R,67.0,R,162.0,R,0.0,R,162.0,R,70.0,R,43.0,R,8
138497,2009,A,,A,,A,,R,202.0,Z,0.0,R,202.0,R,176.0,R,87.0,R,98.0,Z,0.0,R,98.0,R,76.0,R,78.0,R,14
138558,2009,R,1047.0,R,1368.0,R,77.0,R,30.0,R,0.0,R,30.0,R,20.0,R,67.0,R,1.0,R,0.0,R,1.0,R,0.0,R,0.0,R,24
138594,2009,A,,A,,A,,A,,A,,A,,A,,A,,A,,A,,A,,A,,A,,R,36
138600,2009,R,238.0,R,300.0,R,79.0,R,180.0,R,0.0,R,180.0,R,154.0,R,86.0,Z,0.0,Z,0.0,Z,0.0,Z,0.0,A,,R,9
138655,2009,R,102.0,R,108.0,R,94.0,R,159.0,Z,0.0,R,159.0,R,92.0,R,58.0,R,3.0,Z,0.0,R,3.0,R,2.0,R,67.0,R,25
138664,2009,A,,A,,A,,R,34.0,Z,0.0,R,34.0,R,21.0,R,62.0,R,0.0,Z,0.0,R,0.0,Z,0.0,A,,R,15
138682,2009,R,659.0,R,1019.0,R,65.0,R,349.0,R,0.0,R,349.0,R,205.0,R,59.0,R,133.0,R,0.0,R,133.0,R,65.0,R,49.0,R,33
138691,2009,R,1117.0,R,2486.0,R,45.0,R,904.0,R,0.0,R,904.0,R,478.0,R,53.0,R,406.0,R,0.0,R,406.0,R,160.0,R,39.0,R,21
138716,2009,R,745.0,R,1087.0,R,69.0,R,626.0,R,0.0,R,626.0,R,481.0,R,77.0,R,9.0,R,0.0,R,9.0,R,6.0,R,67.0,R,21
138761,2009,R,154.0,R,162.0,R,95.0,R,155.0,Z,0.0,R,155.0,R,40.0,R,26.0,Z,0.0,Z,0.0,Z,0.0,R,0.0,A,,R,11
138789,2009,R,1063.0,R,2102.0,R,51.0,R,808.0,R,0.0,R,808.0,R,570.0,R,71.0,R,123.0,R,0.0,R,123.0,R,67.0,R,54.0,R,21
138813,2009,R,859.0,R,1318.0,R,65.0,R,908.0,R,0.0,R,908.0,R,513.0,R,56.0,R,186.0,R,0.0,R,186.0,R,48.0,R,26.0,R,21
138822,2009,A,,A,,A,,R,951.0,R,0.0,R,951.0,R,690.0,R,73.0,Z,0.0,Z,0.0,Z,0.0,Z,0.0,A,,R,24
138840,2009,R,582.0,R,1309.0,R,44.0,R,395.0,R,0.0,R,395.0,R,220.0,R,56.0,R,344.0,R,0.0,R,344.0,R,150.0,R,44.0,R,24
138868,2009,R,111.0,R,319.0,R,35.0,R,87.0,Z,0.0,R,87.0,R,56.0,R,64.0,Z,0.0,Z,0.0,Z,0.0,Z,0.0,A,,R,22
138901,2009,R,418.0,R,1081.0,R,39.0,R,319.0,R,0.0,R,319.0,R,185.0,R,58.0,R,166.0,R,0.0,R,166.0,R,72.0,R,43.0,R,18
138938,2009,A,,A,,A,,R,13.0,Z,0.0,R,13.0,R,11.0,R,85.0,R,10.0,Z,0.0,R,10.0,R,9.0,R,90.0,R,20
138947,2009,R,702.0,R,876.0,R,80.0,R,814.0,R,0.0,R,814.0,R,526.0,R,65.0,R,9.0,R,0.0,R,9.0,R,1.0,R,11.0,R,17
138956,2009,R,508.0,R,1020.0,R,50.0,R,548.0,R,0.0,R,548.0,R,285.0,R,52.0,R,245.0,R,0.0,R,245.0,R,117.0,R,48.0,R,21
138983,2009,R,1009.0,R,1738.0,R,58.0,R,868.0,R,0.0,R,868.0,R,606.0,R,70.0,R,73.0,R,0.0,R,73.0,R,42.0,R,58.0,R,15
139010,2009,R,523.0,R,1087.0,R,48.0,R,397.0,R,0.0,R,397.0,R,253.0,R,64.0,R,317.0,R,0.0,R,317.0,R,161.0,R,51.0,R,20
139074,2009,A,,A,,A,,R,93.0,R,0.0,R,93.0,R,53.0,R,57.0,R,13.0,R,0.0,R,13.0,R,2.0,R,15.0,R,22
139092,2009,A,,A,,A,,R,22.0,R,0.0,R,22.0,R,18.0,R,82.0,R,0.0,R,0.0,R,0.0,R,0.0,A,,R,17
139126,2009,R,298.0,R,474.0,R,63.0,R,199.0,R,0.0,R,199.0,R,113.0,R,57.0,R,178.0,R,0.0,R,178.0,R,71.0,R,40.0,R,22
139144,2009,R,569.0,R,633.0,R,90.0,R,448.0,R,0.0,R,448.0,R,331.0,R,74.0,R,0.0,R,0.0,R,0.0,R,0.0,A,,R,12
139153,2009,R,47.0,R,167.0,R,28.0,R,31.0,R,0.0,R,31.0,R,12.0,R,39.0,R,38.0,R,1.0,R,37.0,R,19.0,R,51.0,R,10
139199,2009,R,160.0,R,504.0,R,32.0,R,177.0,R,0.0,R,177.0,R,124.0,R,70.0,R,0.0,R,0.0,R,0.0,R,0.0,A,,R,10
139205,2009,R,193.0,R,441.0,R,44.0,R,159.0,R,0.0,R,159.0,R,81.0,R,51.0,R,71.0,Z,0.0,R,71.0,R,18.0,R,25.0,R,11
139214,2009,R,11.0,R,16.0,R,69.0,R,15.0,R,0.0,R,15.0,R,14.0,R,93.0,R,16.0,R,0.0,R,16.0,R,8.0,R,50.0,R,5
139250,2009,R,568.0,R,1187.0,R,48.0,R,0.0,R,0.0,R,0.0,R,0.0,A,,R,0.0,R,0.0,R,0.0,R,0.0,A,,R,23
139278,2009,R,796.0,R,1573.0,R,51.0,R,658.0,R,0.0,R,658.0,R,292.0,R,44.0,R,690.0,R,0.0,R,690.0,R,270.0,R,39.0,R,24
139311,2009,R,373.0,R,1790.0,R,21.0,R,336.0,R,0.0,R,336.0,R,223.0,R,66.0,R,193.0,R,0.0,R,193.0,R,110.0,R,57.0,R,19
139357,2009,R,478.0,R,890.0,R,54.0,R,369.0,R,0.0,R,369.0,R,193.0,R,52.0,R,286.0,R,0.0,R,286.0,R,134.0,R,47.0,R,28
139366,2009,R,1231.0,R,2178.0,R,57.0,R,1114.0,R,29.0,R,1085.0,R,718.0,R,66.0,R,212.0,R,11.0,R,201.0,R,134.0,R,67.0,R,18
139384,2009,R,813.0,R,1353.0,R,60.0,R,594.0,R,0.0,R,594.0,R,260.0,R,44.0,R,335.0,R,0.0,R,335.0,R,144.0,R,43.0,R,24
139393,2009,R,277.0,R,519.0,R,53.0,R,267.0,R,0.0,R,267.0,R,200.0,R,75.0,Z,0.0,Z,0.0,Z,0.0,Z,0.0,A,,R,14
139463,2009,R,1157.0,R,1885.0,R,61.0,R,196.0,R,0.0,R,196.0,R,133.0,R,68.0,R,33.0,R,0.0,R,33.0,R,19.0,R,58.0,R,23
139506,2009,A,,A,,A,,R,46.0,R,1.0,R,45.0,R,28.0,R,62.0,Z,0.0,Z,0.0,Z,0.0,Z,0.0,A,,R,16
139533,2009,R,327.0,R,1481.0,R,22.0,R,238.0,R,0.0,R,238.0,R,111.0,R,47.0,R,132.0,R,1.0,R,131.0,R,55.0,R,42.0,R,26
139579,2009,R,2281.0,R,6487.0,R,35.0,R,334.0,Z,0.0,R,334.0,R,88.0,R,26.0,R,514.0,Z,0.0,R,514.0,R,104.0,R,20.0,R,22
139621,2009,R,990.0,R,1352.0,R,73.0,R,979.0,R,0.0,R,979.0,R,514.0,R,53.0,R,84.0,R,0.0,R,84.0,R,33.0,R,39.0,R,26
139630,2009,R,159.0,R,286.0,R,56.0,R,126.0,R,0.0,R,126.0,R,89.0,R,71.0,R,3.0,R,0.0,R,3.0,R,3.0,R,100.0,R,15
139658,2009,R,1684.0,R,1991.0,R,85.0,R,1277.0,R,10.0,R,1267.0,R,1212.0,R,96.0,R,1.0,R,0.0,R,1.0,R,0.0,R,0.0,R,7
139700,2009,R,1124.0,R,1969.0,R,57.0,R,1101.0,R,3.0,R,1098.0,R,625.0,R,57.0,R,166.0,R,0.0,R,166.0,R,91.0,R,55.0,R,24
139719,2009,R,984.0,R,1244.0,R,79.0,R,1074.0,R,0.0,R,1074.0,R,764.0,R,71.0,R,16.0,R,0.0,R,16.0,R,6.0,R,38.0,R,19
139746,2009,A,,A,,A,,A,,A,,A,,A,,A,,A,,A,,A,,A,,A,,R,16
139755,2009,R,2655.0,R,3637.0,R,73.0,R,2633.0,R,0.0,R,2633.0,R,2449.0,R,93.0,R,3.0,R,0.0,R,3.0,R,3.0,R,100.0,R,18
139764,2009,R,435.0,R,972.0,R,45.0,R,418.0,R,0.0,R,418.0,R,288.0,R,69.0,R,44.0,R,0.0,R,44.0,R,22.0,R,50.0,R,20
139773,2009,R,2186.0,R,3450.0,R,63.0,R,1.0,R,0.0,R,1.0,R,1.0,R,100.0,R,0.0,R,0.0,R,0.0,R,0.0,A,,R,26
139861,2009,R,1206.0,R,1722.0,R,70.0,R,1177.0,R,0.0,R,1177.0,R,990.0,R,84.0,R,2.0,R,0.0,R,2.0,R,2.0,R,100.0,R,17
139904,2009,R,348.0,R,772.0,R,45.0,R,394.0,Z,0.0,R,394.0,R,242.0,R,61.0,R,97.0,Z,0.0,R,97.0,R,12.0,R,12.0,R,24
139931,2009,R,3492.0,R,5311.0,R,66.0,R,3109.0,R,1.0,R,3108.0,R,2527.0,R,81.0,R,22.0,R,0.0,R,22.0,R,11.0,R,50.0,R,22
139940,2009,R,2937.0,R,6278.0,R,47.0,R,2743.0,R,0.0,R,2743.0,R,2279.0,R,83.0,R,76.0,R,0.0,R,76.0,R,49.0,R,64.0,R,19
139959,2009,R,4675.0,R,6533.0,R,72.0,R,4778.0,R,0.0,R,4778.0,R,4495.0,R,94.0,R,12.0,R,0.0,R,12.0,R,10.0,R,83.0,R,18
139968,2009,R,1497.0,R,2043.0,R,73.0,R,0.0,R,0.0,R,0.0,R,0.0,A,,R,0.0,R,0.0,R,0.0,R,0.0,A,,R,24
139986,2009,R,684.0,R,1100.0,R,62.0,R,525.0,R,0.0,R,525.0,R,294.0,R,56.0,R,341.0,R,0.0,R,341.0,R,167.0,R,49.0,R,31
139995,2009,R,127.0,R,127.0,R,100.0,R,76.0,R,0.0,R,76.0,R,53.0,R,70.0,Z,0.0,Z,0.0,Z,0.0,Z,0.0,A,,R,34
140003,2009,R,76.0,R,114.0,R,67.0,R,101.0,R,0.0,R,101.0,R,77.0,R,76.0,R,20.0,R,0.0,R,20.0,R,13.0,R,65.0,R,20
140012,2009,R,678.0,R,1200.0,R,57.0,R,563.0,R,0.0,R,563.0,R,295.0,R,52.0,R,283.0,R,0.0,R,283.0,R,130.0,R,46.0,R,30
140076,2009,R,215.0,R,357.0,R,60.0,R,159.0,R,0.0,R,159.0,R,99.0,R,62.0,R,129.0,R,0.0,R,129.0,R,49.0,R,38.0,R,16
140085,2009,R,953.0,R,1204.0,R,79.0,R,466.0,R,0.0,R,466.0,R,256.0,R,55.0,R,447.0,R,0.0,R,447.0,R,300.0,R,67.0,R,29
140164,2009,R,2723.0,R,5460.0,R,50.0,R,2639.0,R,0.0,R,2639.0,R,1978.0,R,75.0,R,130.0,R,0.0,R,130.0,R,69.0,R,53.0,R,21
140234,2009,R,229.0,R,302.0,R,76.0,R,156.0,Z,0.0,R,156.0,R,111.0,R,71.0,R,1.0,Z,0.0,R,1.0,R,1.0,R,100.0,R,10
140243,2009,R,575.0,R,1021.0,R,56.0,R,391.0,R,0.0,R,391.0,R,231.0,R,59.0,R,419.0,R,0.0,R,419.0,R,217.0,R,52.0,R,22
140252,2009,R,131.0,R,209.0,R,63.0,R,107.0,R,0.0,R,107.0,R,72.0,R,67.0,R,25.0,R,0.0,R,25.0,R,10.0,R,40.0,R,14
140304,2009,R,941.0,R,1399.0,R,67.0,R,579.0,R,0.0,R,579.0,R,290.0,R,50.0,R,340.0,R,0.0,R,340.0,R,123.0,R,36.0,R,27
140322,2009,R,889.0,R,1990.0,R,45.0,R,129.0,R,0.0,R,129.0,R,72.0,R,56.0,R,29.0,R,0.0,R,29.0,R,13.0,R,45.0,R,22
140331,2009,R,1205.0,R,2103.0,R,57.0,R,1202.0,R,0.0,R,1202.0,R,638.0,R,53.0,R,795.0,R,0.0,R,795.0,R,335.0,R,42.0,R,26
140340,2009,R,72.0,R,135.0,R,53.0,R,97.0,R,0.0,R,97.0,R,48.0,R,49.0,R,72.0,R,0.0,R,72.0,R,29.0,R,40.0,R,18
140401,2009,A,,A,,A,,A,,A,,A,,A,,A,,A,,A,,A,,A,,A,,R,23
140447,2009,R,632.0,R,1212.0,R,52.0,R,629.0,R,1.0,R,628.0,R,524.0,R,83.0,R,24.0,R,0.0,R,24.0,R,15.0,R,63.0,R,14
140483,2009,R,1116.0,R,1646.0,R,68.0,R,67.0,R,0.0,R,67.0,R,42.0,R,63.0,R,0.0,R,0.0,R,0.0,R,0.0,A,,R,22
140553,2009,R,639.0,R,754.0,R,85.0,R,690.0,R,0.0,R,690.0,R,557.0,R,81.0,R,16.0,R,0.0,R,16.0,R,4.0,R,25.0,R,15
140599,2009,R,325.0,R,516.0,R,63.0,R,302.0,R,0.0,R,302.0,R,159.0,R,53.0,R,156.0,R,0.0,R,156.0,R,74.0,R,47.0,R,22
140669,2009,R,884.0,R,1447.0,R,61.0,R,902.0,R,0.0,R,902.0,R,696.0,R,77.0,R,21.0,R,0.0,R,21.0,R,9.0,R,43.0,R,20
140678,2009,R,635.0,R,823.0,R,77.0,R,428.0,R,0.0,R,428.0,R,256.0,R,60.0,R,156.0,R,0.0,R,156.0,R,82.0,R,53.0,R,24
140696,2009,R,232.0,R,336.0,R,69.0,R,245.0,R,0.0,R,245.0,R,183.0,R,75.0,R,0.0,Z,0.0,R,0.0,Z,0.0,A,,R,16
140711,2009,A,,A,,A,,R,35.0,R,0.0,R,35.0,R,25.0,R,71.0,R,0.0,R,0.0,R,0.0,R,0.0,A,,R,17
140720,2009,R,274.0,R,329.0,R,83.0,R,242.0,R,0.0,R,242.0,R,140.0,R,58.0,R,2.0,R,0.0,R,2.0,R,0.0,R,0.0,R,13
140818,2009,R,231.0,R,239.0,R,97.0,R,174.0,Z,0.0,R,174.0,R,129.0,R,74.0,R,13.0,R,0.0,R,13.0,R,10.0,R,77.0,R,15
140827,2009,A,,A,,A,,R,5.0,R,0.0,R,5.0,R,4.0,R,80.0,R,0.0,R,0.0,R,0.0,R,0.0,A,,R,8
140872,2009,R,245.0,R,344.0,R,71.0,R,263.0,R,0.0,R,263.0,R,168.0,R,64.0,R,11.0,R,0.0,R,11.0,R,1.0,R,9.0,R,11
140942,2009,R,653.0,R,1414.0,R,46.0,R,538.0,R,0.0,R,538.0,R,278.0,R,52.0,R,453.0,R,0.0,R,453.0,R,189.0,R,42.0,R,32
140951,2009,R,1640.0,R,2378.0,R,69.0,R,1463.0,R,0.0,R,1463.0,R,1193.0,R,82.0,R,21.0,R,0.0,R,21.0,R,14.0,R,67.0,R,17
140960,2009,R,866.0,R,1152.0,R,75.0,R,905.0,R,0.0,R,905.0,R,651.0,R,72.0,R,32.0,R,0.0,R,32.0,R,12.0,R,38.0,R,21
140988,2009,R,333.0,R,455.0,R,73.0,R,330.0,R,0.0,R,330.0,R,227.0,R,69.0,Z,0.0,Z,0.0,Z,0.0,Z,0.0,A,,R,11
140997,2009,R,743.0,R,965.0,R,77.0,R,639.0,R,0.0,R,639.0,R,329.0,R,51.0,R,83.0,R,0.0,R,83.0,R,32.0,R,39.0,R,28
141006,2009,R,585.0,R,783.0,R,75.0,R,437.0,R,0.0,R,437.0,R,222.0,R,51.0,R,177.0,R,0.0,R,177.0,R,72.0,R,41.0,R,23
141015,2009,A,,A,,A,,R,7.0,R,0.0,R,7.0,R,4.0,R,57.0,R,3.0,R,0.0,R,3.0,R,0.0,R,0.0,R,2
141060,2009,R,563.0,R,618.0,R,91.0,R,540.0,Z,0.0,R,540.0,R,456.0,R,84.0,R,10.0,Z,0.0,R,10.0,R,3.0,R,30.0,R,11
141097,2009,R,520.0,R,1272.0,R,41.0,R,527.0,R,0.0,R,527.0,R,396.0,R,75.0,R,22.0,R,0.0,R,22.0,R,8.0,R,36.0,R,19
141158,2009,R,161.0,R,292.0,R,55.0,R,122.0,R,0.0,R,122.0,R,64.0,R,52.0,R,115.0,R,0.0,R,115.0,R,47.0,R,41.0,R,15
141167,2009,R,73.0,R,259.0,R,28.0,R,165.0,R,0.0,R,165.0,R,158.0,R,96.0,R,158.0,R,0.0,R,158.0,R,153.0,R,97.0,R,8
141185,2009,R,167.0,R,249.0,R,67.0,R,155.0,R,0.0,R,155.0,R,108.0,R,70.0,R,18.0,R,0.0,R,18.0,R,7.0,R,39.0,R,13
141237,2009,R,132.0,R,309.0,R,43.0,R,101.0,R,0.0,R,101.0,R,46.0,R,46.0,R,2.0,R,0.0,R,2.0,R,0.0,R,0.0,R,12
141255,2009,R,486.0,R,838.0,R,58.0,R,233.0,R,0.0,R,233.0,R,130.0,R,56.0,R,237.0,R,0.0,R,237.0,R,105.0,R,44.0,R,29
141264,2009,R,2416.0,R,3306.0,R,73.0,R,2106.0,R,0.0,R,2106.0,R,1513.0,R,72.0,R,37.0,R,0.0,R,37.0,R,16.0,R,43.0,R,22
141307,2009,R,267.0,R,591.0,R,45.0,R,179.0,R,0.0,R,179.0,R,97.0,R,54.0,R,44.0,R,0.0,R,44.0,R,19.0,R,43.0,R,25
141325,2009,R,99.0,R,172.0,R,58.0,R,83.0,R,0.0,R,83.0,R,57.0,R,69.0,R,0.0,R,0.0,R,0.0,R,0.0,A,,R,10
141334,2009,R,1911.0,R,2891.0,R,66.0,R,2008.0,R,0.0,R,2008.0,R,1476.0,R,74.0,R,38.0,R,0.0,R,38.0,R,27.0,R,71.0,R,20
141361,2009,R,337.0,R,362.0,R,93.0,R,379.0,R,0.0,R,379.0,R,234.0,R,62.0,R,14.0,R,0.0,R,14.0,R,5.0,R,36.0,R,11
141468,2009,R,204.0,R,415.0,R,49.0,R,160.0,Z,0.0,R,160.0,R,125.0,R,78.0,R,124.0,Z,0.0,R,124.0,R,76.0,R,61.0,R,26
141486,2009,R,262.0,R,566.0,R,46.0,R,232.0,R,0.0,R,232.0,R,163.0,R,70.0,R,105.0,R,0.0,R,105.0,R,24.0,R,23.0,R,12
141565,2009,R,455.0,R,1134.0,R,40.0,R,521.0,R,0.0,R,521.0,R,361.0,R,69.0,R,16.0,R,0.0,R,16.0,R,8.0,R,50.0,R,15
141574,2009,R,1879.0,R,4026.0,R,47.0,R,1746.0,R,0.0,R,1746.0,R,1370.0,R,78.0,R,52.0,R,0.0,R,52.0,R,32.0,R,62.0,R,14
141608,2009,A,,A,,A,,R,24.0,R,0.0,R,24.0,R,23.0,R,96.0,R,0.0,R,0.0,R,0.0,R,0.0,A,,R,19
141644,2009,R,598.0,R,1963.0,R,30.0,R,569.0,Z,0.0,R,569.0,R,377.0,R,66.0,R,53.0,Z,0.0,R,53.0,R,22.0,R,42.0,R,15
141680,2009,R,528.0,R,1874.0,R,28.0,R,495.0,R,0.0,R,495.0,R,271.0,R,55.0,R,284.0,R,0.0,R,284.0,R,84.0,R,30.0,R,17
141796,2009,R,731.0,R,3347.0,R,22.0,R,666.0,R,0.0,R,666.0,R,470.0,R,71.0,R,477.0,R,0.0,R,477.0,R,257.0,R,54.0,R,21
141802,2009,R,217.0,R,561.0,R,39.0,R,183.0,R,0.0,R,183.0,R,103.0,R,56.0,R,49.0,R,0.0,R,49.0,R,23.0,R,47.0,R,12
141811,2009,R,907.0,R,3105.0,R,29.0,R,1040.0,R,0.0,R,1040.0,R,697.0,R,67.0,R,487.0,R,0.0,R,487.0,R,220.0,R,45.0,R,25
141839,2009,R,540.0,R,1653.0,R,33.0,R,476.0,R,0.0,R,476.0,R,325.0,R,68.0,R,269.0,R,0.0,R,269.0,R,117.0,R,43.0,R,18
141848,2009,A,,A,,A,,R,72.0,Z,0.0,R,72.0,R,47.0,R,65.0,Z,0.0,Z,0.0,Z,0.0,Z,0.0,A,,R,17
141945,2009,A,,A,,A,,R,51.0,R,0.0,R,51.0,R,49.0,R,96.0,R,0.0,R,0.0,R,0.0,R,0.0,A,,R,18
141981,2009,R,41.0,R,457.0,R,9.0,R,25.0,R,0.0,R,25.0,R,15.0,R,60.0,R,49.0,R,0.0,R,49.0,R,23.0,R,47.0,R,14
141990,2009,R,276.0,R,994.0,R,28.0,R,246.0,R,0.0,R,246.0,R,161.0,R,65.0,R,127.0,R,0.0,R,127.0,R,49.0,R,39.0,R,18
142054,2009,A,,A,,A,,R,141.0,R,1.0,R,140.0,R,102.0,R,73.0,R,0.0,R,0.0,R,0.0,R,0.0,A,,R,37
142090,2009,R,52.0,R,71.0,R,73.0,R,43.0,R,0.0,R,43.0,R,23.0,R,53.0,R,0.0,R,0.0,R,0.0,R,0.0,A,,R,15
142115,2009,R,2007.0,R,3549.0,R,57.0,R,2036.0,R,0.0,R,2036.0,R,1397.0,R,69.0,R,277.0,R,0.0,R,277.0,R,106.0,R,38.0,R,21
142179,2009,R,68.0,R,607.0,R,11.0,R,43.0,R,0.0,R,43.0,R,20.0,R,47.0,R,15.0,R,0.0,R,15.0,R,8.0,R,53.0,R,6
142276,2009,R,1540.0,R,3398.0,R,45.0,R,1363.0,R,0.0,R,1363.0,R,821.0,R,60.0,R,199.0,R,0.0,R,199.0,R,89.0,R,45.0,R,16
142285,2009,R,1757.0,R,2799.0,R,63.0,R,1666.0,R,0.0,R,1666.0,R,1284.0,R,77.0,R,43.0,R,0.0,R,43.0,R,14.0,R,33.0,R,17
142294,2009,R,293.0,R,356.0,R,82.0,R,272.0,R,0.0,R,272.0,R,202.0,R,74.0,R,1.0,R,0.0,R,1.0,R,1.0,R,100.0,R,11
142328,2009,R,599.0,R,1151.0,R,52.0,R,609.0,R,0.0,R,609.0,R,305.0,R,50.0,R,39.0,R,0.0,R,39.0,R,7.0,R,18.0,R,15
142337,2009,R,74.0,R,105.0,R,70.0,R,0.0,R,0.0,R,0.0,R,0.0,A,,R,0.0,R,0.0,R,0.0,R,0.0,A,,R,18
142407,2009,A,,A,,A,,R,12.0,R,0.0,R,12.0,R,9.0,R,75.0,R,0.0,R,0.0,R,0.0,R,0.0,A,,R,12
142416,2009,A,,A,,A,,R,14.0,Z,0.0,R,14.0,R,6.0,R,43.0,R,0.0,R,0.0,R,0.0,R,0.0,A,,R,20
142443,2009,R,896.0,R,1981.0,R,45.0,R,842.0,R,0.0,R,842.0,R,462.0,R,55.0,R,205.0,R,0.0,R,205.0,R,92.0,R,45.0,R,17
142461,2009,R,285.0,R,399.0,R,71.0,R,302.0,R,0.0,R,302.0,R,220.0,R,73.0,R,0.0,R,0.0,R,0.0,R,0.0,A,,R,13
142489,2009,A,,A,,A,,R,33.0,R,0.0,R,33.0,R,10.0,R,30.0,R,0.0,R,0.0,R,0.0,R,0.0,A,,R,21
142522,2009,R,2416.0,R,3157.0,R,77.0,R,1547.0,R,185.0,R,1362.0,R,861.0,R,63.0,R,43.0,R,3.0,R,40.0,R,1.0,R,3.0,R,23
142559,2009,R,1076.0,R,4188.0,R,26.0,R,971.0,Z,0.0,R,971.0,R,524.0,R,54.0,R,324.0,Z,0.0,R,324.0,R,119.0,R,37.0,R,19
142869,2009,A,,A,,A,,R,16.0,R,0.0,R,16.0,R,7.0,R,44.0,R,6.0,R,0.0,R,6.0,R,2.0,R,33.0,R,7
142878,2009,A,,A,,A,,R,29.0,R,0.0,R,29.0,R,27.0,R,93.0,Z,0.0,Z,0.0,Z,0.0,Z,0.0,A,,R,7
142887,2009,R,107.0,R,166.0,R,64.0,R,94.0,R,0.0,R,94.0,R,72.0,R,77.0,R,14.0,R,0.0,R,14.0,R,7.0,R,50.0,R,11
143048,2009,R,456.0,R,777.0,R,59.0,R,448.0,R,0.0,R,448.0,R,337.0,R,75.0,R,1.0,R,0.0,R,1.0,R,1.0,R,100.0,R,10
143075,2009,A,,A,,A,,R,95.0,R,1.0,R,94.0,R,61.0,R,65.0,R,0.0,R,0.0,R,0.0,R,0.0,A,,R,10
143084,2009,R,616.0,R,662.0,R,93.0,R,639.0,R,0.0,R,639.0,R,526.0,R,82.0,Z,0.0,Z,0.0,Z,0.0,Z,0.0,A,,R,11
143118,2009,R,416.0,R,821.0,R,51.0,R,377.0,R,0.0,R,377.0,R,281.0,R,75.0,R,1.0,R,0.0,R,1.0,R,1.0,R,100.0,R,14
143181,2009,A,,A,,A,,R,10.0,R,0.0,R,10.0,R,6.0,R,60.0,R,0.0,R,0.0,R,0.0,R,0.0,A,,R,10
143215,2009,R,824.0,R,2965.0,R,28.0,R,834.0,R,25.0,R,809.0,R,463.0,R,57.0,R,346.0,R,37.0,R,309.0,R,115.0,R,37.0,R,24
143279,2009,R,491.0,R,1388.0,R,35.0,R,490.0,R,3.0,R,487.0,R,293.0,R,60.0,R,106.0,R,2.0,R,104.0,R,41.0,R,39.0,R,20
143288,2009,R,146.0,R,151.0,R,97.0,R,171.0,R,0.0,R,171.0,R,101.0,R,59.0,R,2.0,R,0.0,R,2.0,R,1.0,R,50.0,R,12
143297,2009,A,,A,,A,,A,,A,,A,,A,,A,,A,,A,,A,,A,,A,,R,14
143303,2009,A,,A,,A,,A,,A,,A,,A,,A,,A,,A,,A,,A,,A,,R,5
143358,2009,R,1106.0,R,1112.0,R,99.0,R,1031.0,R,1.0,R,1030.0,R,896.0,R,87.0,R,1.0,R,0.0,R,1.0,R,1.0,R,100.0,R,13
143376,2009,A,,A,,A,,R,39.0,R,0.0,R,39.0,R,31.0,R,79.0,R,9.0,R,0.0,R,9.0,R,6.0,R,67.0,R,6
143464,2009,A,,A,,A,,R,44.0,Z,0.0,R,44.0,R,36.0,R,82.0,R,28.0,Z,0.0,R,28.0,R,23.0,R,82.0,R,8
143473,2009,A,,A,,A,,R,7.0,R,0.0,R,7.0,R,6.0,R,86.0,R,23.0,Z,0.0,R,23.0,R,21.0,R,91.0,R,26
143482,2009,A,,A,,A,,R,29.0,R,0.0,R,29.0,R,5.0,R,17.0,R,43.0,R,0.0,R,43.0,R,6.0,R,14.0,R,23
143491,2009,A,,A,,A,,R,35.0,R,0.0,R,35.0,R,34.0,R,97.0,R,43.0,R,0.0,R,43.0,R,40.0,R,93.0,R,14
143516,2009,A,,A,,A,,R,2.0,R,0.0,R,2.0,R,1.0,R,50.0,R,13.0,R,0.0,R,13.0,R,11.0,R,85.0,R,18
143534,2009,A,,A,,A,,R,34.0,R,0.0,R,34.0,R,25.0,R,74.0,R,14.0,R,0.0,R,14.0,R,12.0,R,86.0,R,13
143543,2009,A,,A,,A,,R,39.0,Z,0.0,R,39.0,R,23.0,R,59.0,R,10.0,Z,0.0,R,10.0,R,3.0,R,30.0,R,22
143552,2009,A,,A,,A,,R,40.0,R,0.0,R,40.0,R,36.0,R,90.0,R,18.0,R,0.0,R,18.0,R,16.0,R,89.0,R,11
143613,2009,R,309.0,R,738.0,R,42.0,R,186.0,R,15.0,R,171.0,R,90.0,R,53.0,R,51.0,R,8.0,R,43.0,R,22.0,R,51.0,R,17
143695,2009,A,,A,,A,,R,8.0,Z,0.0,R,8.0,R,8.0,R,100.0,Z,0.0,Z,0.0,Z,0.0,Z,0.0,A,,R,18
144005,2009,R,589.0,R,1235.0,R,48.0,R,402.0,Z,0.0,R,402.0,R,232.0,R,58.0,R,48.0,Z,0.0,R,48.0,R,24.0,R,50.0,R,15
144050,2009,R,1336.0,R,1398.0,R,96.0,R,1305.0,R,0.0,R,1305.0,R,1281.0,R,98.0,Z,0.0,Z,0.0,Z,0.0,Z,0.0,A,,R,6
144157,2009,R,873.0,R,2229.0,R,39.0,R,788.0,R,54.0,R,734.0,R,290.0,R,40.0,R,355.0,R,37.0,R,318.0,R,96.0,R,30.0,R,30
144166,2009,R,605.0,R,3227.0,R,19.0,R,399.0,R,23.0,R,376.0,R,149.0,R,40.0,R,277.0,R,20.0,R,257.0,R,59.0,R,23.0,R,36
144175,2009,R,450.0,R,1160.0,R,39.0,R,310.0,R,32.0,R,278.0,R,120.0,R,43.0,R,172.0,R,18.0,R,154.0,R,43.0,R,28.0,R,35
144184,2009,R,887.0,R,3782.0,R,23.0,R,649.0,R,70.0,R,579.0,R,283.0,R,49.0,R,569.0,R,44.0,R,525.0,R,161.0,R,31.0,R,34
144193,2009,R,428.0,R,2767.0,R,15.0,R,439.0,R,38.0,R,401.0,R,216.0,R,54.0,R,398.0,R,39.0,R,359.0,R,124.0,R,35.0,R,48
144209,2009,R,1144.0,R,2192.0,R,52.0,R,1113.0,R,110.0,R,1003.0,R,536.0,R,53.0,R,952.0,R,57.0,R,895.0,R,137.0,R,15.0,R,33
144218,2009,R,1201.0,R,3757.0,R,32.0,R,1116.0,R,124.0,R,992.0,R,595.0,R,60.0,R,824.0,R,62.0,R,762.0,R,323.0,R,42.0,R,34
144281,2009,R,2094.0,R,3452.0,R,61.0,R,2333.0,Z,0.0,R,2333.0,R,1476.0,R,63.0,R,54.0,Z,0.0,R,54.0,R,22.0,R,41.0,R,11
144351,2009,R,359.0,R,516.0,R,70.0,R,249.0,R,0.0,R,249.0,R,177.0,R,71.0,R,0.0,R,0.0,R,0.0,R,0.0,A,,R,10
144467,2009,A,,A,,A,,R,143.0,Z,0.0,R,143.0,R,105.0,R,73.0,R,0.0,R,0.0,R,0.0,R,0.0,A,,R,33
144485,2009,A,,A,,A,,R,277.0,R,0.0,R,277.0,R,172.0,R,62.0,R,0.0,R,0.0,R,0.0,R,0.0,A,,R,32
144564,2009,R,616.0,R,1464.0,R,42.0,R,259.0,R,15.0,R,244.0,R,129.0,R,53.0,R,205.0,R,20.0,R,185.0,R,40.0,R,22.0,R,24
144573,2009,A,,A,,A,,R,11.0,R,0.0,R,11.0,R,6.0,R,55.0,R,0.0,R,0.0,R,0.0,R,0.0,A,,R,19
144616,2009,A,,A,,A,,R,15.0,R,0.0,R,15.0,R,10.0,R,67.0,R,1.0,Z,0.0,R,1.0,R,1.0,R,100.0,R,2
144740,2009,R,2523.0,R,2531.0,R,100.0,R,2553.0,R,0.0,R,2553.0,R,2174.0,R,85.0,R,2.0,R,0.0,R,2.0,R,0.0,R,0.0,R,17
144759,2009,R,1561.0,R,8447.0,R,18.0,R,946.0,R,0.0,R,946.0,R,467.0,R,49.0,R,1241.0,R,0.0,R,1241.0,R,419.0,R,34.0,R,13
144795,2009,A,,A,,A,,R,123.0,Z,0.0,R,123.0,R,110.0,R,89.0,R,50.0,Z,0.0,R,50.0,R,36.0,R,72.0,R,20
144865,2009,R,2049.0,R,5719.0,R,36.0,R,2143.0,R,25.0,R,2118.0,R,1395.0,R,66.0,R,816.0,R,6.0,R,810.0,R,299.0,R,37.0,R,24
144883,2009,R,305.0,R,430.0,R,71.0,R,199.0,R,0.0,R,199.0,R,63.0,R,32.0,R,0.0,R,0.0,R,0.0,R,0.0,A,,R,28
144892,2009,R,1649.0,R,2818.0,R,59.0,R,1768.0,R,0.0,R,1768.0,R,1391.0,R,79.0,R,12.0,R,0.0,R,12.0,R,7.0,R,58.0,R,16
144944,2009,R,955.0,R,2849.0,R,34.0,R,732.0,R,17.0,R,715.0,R,491.0,R,69.0,R,307.0,R,6.0,R,301.0,R,128.0,R,43.0,R,23
144962,2009,R,586.0,R,941.0,R,62.0,R,576.0,R,0.0,R,576.0,R,479.0,R,83.0,R,1.0,R,0.0,R,1.0,R,1.0,R,100.0,R,13
144971,2009,R,143.0,R,272.0,R,53.0,R,153.0,R,0.0,R,153.0,R,107.0,R,70.0,R,0.0,R,0.0,R,0.0,R,0.0,A,,R,13
145099,2009,A,,A,,A,,A,,A,,A,,A,,A,,A,,A,,A,,A,,A,,R,26
145239,2009,R,76.0,R,172.0,R,44.0,R,88.0,R,0.0,R,88.0,R,66.0,R,75.0,R,0.0,R,0.0,R,0.0,R,0.0,A,,R,19
145309,2009,A,,A,,A,,R,24.0,R,0.0,R,24.0,R,18.0,R,75.0,R,0.0,R,0.0,R,0.0,R,0.0,A,,R,7
145336,2009,A,,A,,A,,A,,A,,A,,A,,A,,A,,A,,A,,A,,A,,R,12
145354,2009,A,,A,,A,,A,,A,,A,,A,,A,,A,,A,,A,,A,,A,,R,6
145372,2009,R,253.0,R,460.0,R,55.0,R,305.0,R,0.0,R,305.0,R,201.0,R,66.0,R,0.0,R,0.0,R,0.0,R,0.0,A,,R,14
145406,2009,A,,A,,A,,R,37.0,Z,0.0,R,37.0,R,19.0,R,51.0,R,28.0,Z,0.0,R,28.0,R,14.0,R,50.0,R,18
145424,2009,A,,A,,A,,R,12.0,R,1.0,R,11.0,R,7.0,R,64.0,R,64.0,R,0.0,R,64.0,R,54.0,R,84.0,R,13
145433,2009,A,,A,,A,,R,18.0,R,0.0,R,18.0,R,16.0,R,89.0,R,33.0,R,0.0,R,33.0,R,18.0,R,55.0,R,22
145460,2009,R,65.0,R,185.0,R,35.0,R,78.0,R,0.0,R,78.0,R,42.0,R,54.0,R,15.0,R,0.0,R,15.0,R,4.0,R,27.0,R,13
145497,2009,R,272.0,R,303.0,R,90.0,R,375.0,R,0.0,R,375.0,R,24.0,R,6.0,R,0.0,Z,0.0,R,0.0,Z,0.0,A,,R,19
145521,2009,R,385.0,R,755.0,R,51.0,R,317.0,R,2.0,R,315.0,R,190.0,R,60.0,R,93.0,R,4.0,R,89.0,R,40.0,R,45.0,R,18
145600,2009,R,3126.0,R,4645.0,R,67.0,R,2944.0,R,0.0,R,2944.0,R,2372.0,R,81.0,R,20.0,Z,0.0,R,20.0,R,10.0,R,50.0,R,18
145619,2009,R,452.0,R,538.0,R,84.0,R,435.0,R,0.0,R,435.0,R,324.0,R,74.0,R,0.0,R,0.0,R,0.0,R,0.0,A,,R,16
145637,2009,R,6977.0,R,8361.0,R,83.0,R,7282.0,R,1.0,R,7281.0,R,6775.0,R,93.0,R,5.0,R,0.0,R,5.0,R,4.0,R,80.0,R,19
145646,2009,R,518.0,R,523.0,R,99.0,R,562.0,R,0.0,R,562.0,R,520.0,R,93.0,Z,0.0,Z,0.0,Z,0.0,Z,0.0,A,,R,11
145682,2009,R,1213.0,R,3613.0,R,34.0,R,1133.0,R,10.0,R,1123.0,R,758.0,R,67.0,R,401.0,R,11.0,R,390.0,R,149.0,R,38.0,R,22
145691,2009,R,225.0,R,278.0,R,81.0,R,166.0,R,0.0,R,166.0,R,138.0,R,83.0,R,0.0,R,0.0,R,0.0,R,0.0,A,,R,11
145707,2009,R,102.0,R,172.0,R,59.0,R,126.0,R,3.0,R,123.0,R,70.0,R,57.0,R,20.0,R,2.0,R,18.0,R,5.0,R,28.0,R,17
145725,2009,R,458.0,R,664.0,R,69.0,R,516.0,R,4.0,R,512.0,R,441.0,R,86.0,R,8.0,R,0.0,R,8.0,R,5.0,R,63.0,R,15
145770,2009,R,17.0,R,22.0,R,77.0,R,69.0,R,0.0,R,69.0,R,0.0,R,0.0,R,318.0,R,0.0,R,318.0,R,0.0,R,0.0,R,11
145813,2009,R,3030.0,R,5011.0,R,60.0,R,3388.0,Z,0.0,R,3388.0,R,2879.0,R,85.0,R,6.0,Z,0.0,R,6.0,R,5.0,R,83.0,R,19
145831,2009,R,266.0,R,846.0,R,31.0,R,247.0,R,4.0,R,243.0,R,168.0,R,69.0,R,110.0,R,5.0,R,105.0,R,33.0,R,31.0,R,21
146010,2009,R,190.0,R,304.0,R,63.0,R,275.0,R,0.0,R,275.0,R,121.0,R,44.0,R,8.0,R,0.0,R,8.0,R,2.0,R,25.0,R,27
146205,2009,R,748.0,R,2300.0,R,33.0,R,562.0,R,17.0,R,545.0,R,324.0,R,59.0,R,1108.0,R,79.0,R,1029.0,R,294.0,R,29.0,R,25
146278,2009,R,558.0,R,1311.0,R,43.0,R,454.0,R,4.0,R,450.0,R,255.0,R,57.0,R,97.0,R,3.0,R,94.0,R,32.0,R,34.0,R,15
146296,2009,R,1205.0,R,3034.0,R,40.0,R,1297.0,R,42.0,R,1255.0,R,784.0,R,62.0,R,939.0,R,103.0,R,836.0,R,283.0,R,34.0,R,25
146339,2009,R,142.0,R,356.0,R,40.0,R,179.0,R,0.0,R,179.0,R,129.0,R,72.0,R,25.0,R,0.0,R,25.0,R,8.0,R,32.0,R,11
146348,2009,R,263.0,R,753.0,R,35.0,R,266.0,R,6.0,R,260.0,R,160.0,R,62.0,R,66.0,R,0.0,R,66.0,R,33.0,R,50.0,R,20
146366,2009,R,574.0,R,2643.0,R,22.0,R,475.0,R,2.0,R,473.0,R,254.0,R,54.0,R,256.0,R,2.0,R,254.0,R,84.0,R,33.0,R,26
146393,2009,R,135.0,R,643.0,R,21.0,R,119.0,R,0.0,R,119.0,R,71.0,R,60.0,R,2.0,R,0.0,R,2.0,R,1.0,R,50.0,R,18
146418,2009,R,510.0,R,1912.0,R,27.0,R,359.0,R,5.0,R,354.0,R,210.0,R,59.0,R,130.0,R,1.0,R,129.0,R,53.0,R,41.0,R,25
146427,2009,R,359.0,R,359.0,R,100.0,R,367.0,Z,0.0,R,367.0,R,330.0,R,90.0,Z,0.0,Z,0.0,Z,0.0,Z,0.0,A,,R,12
146454,2009,A,,A,,A,,R,11.0,R,0.0,R,11.0,R,9.0,R,82.0,R,0.0,R,0.0,R,0.0,R,0.0,A,,R,5
146472,2009,R,1353.0,R,4407.0,R,31.0,R,1357.0,R,22.0,R,1335.0,R,884.0,R,66.0,R,611.0,R,29.0,R,582.0,R,255.0,R,44.0,R,21
146481,2009,R,355.0,R,434.0,R,82.0,R,378.0,Z,0.0,R,378.0,R,312.0,R,83.0,R,1.0,Z,0.0,R,1.0,R,1.0,R,100.0,R,12
146506,2009,R,680.0,R,2349.0,R,29.0,R,530.0,R,7.0,R,523.0,R,287.0,R,55.0,R,325.0,R,6.0,R,319.0,R,89.0,R,28.0,R,27
146533,2009,A,,A,,A,,A,,A,,A,,A,,A,,A,,A,,A,,A,,A,,R,8
146603,2009,R,308.0,R,2024.0,R,15.0,R,316.0,R,8.0,R,308.0,R,177.0,R,57.0,R,163.0,R,16.0,R,147.0,R,43.0,R,29.0,R,25
146612,2009,R,654.0,R,1237.0,R,53.0,R,655.0,R,0.0,R,655.0,R,520.0,R,79.0,R,0.0,R,0.0,R,0.0,R,0.0,A,,R,14
146621,2009,R,9.0,R,15.0,R,60.0,R,7.0,R,0.0,R,7.0,R,4.0,R,57.0,R,0.0,Z,0.0,R,0.0,Z,0.0,A,,R,7
146667,2009,R,72.0,R,76.0,R,95.0,R,87.0,R,0.0,R,87.0,R,63.0,R,72.0,R,9.0,R,0.0,R,9.0,R,5.0,R,56.0,R,11
146676,2009,R,477.0,R,656.0,R,73.0,R,9.0,R,0.0,R,9.0,R,2.0,R,22.0,R,2.0,R,0.0,R,2.0,R,0.0,R,0.0,R,15
146685,2009,R,651.0,R,2022.0,R,32.0,R,514.0,R,8.0,R,506.0,R,216.0,R,43.0,R,301.0,R,9.0,R,292.0,R,68.0,R,23.0,R,23
146700,2009,A,,A,,A,,R,421.0,Z,0.0,R,421.0,R,224.0,R,53.0,Z,0.0,Z,0.0,Z,0.0,Z,0.0,A,,R,35
146719,2009,R,2074.0,R,2666.0,R,78.0,R,2175.0,R,0.0,R,2175.0,R,1844.0,R,85.0,R,1.0,R,0.0,R,1.0,R,1.0,R,100.0,R,17
146755,2009,R,4.0,R,36.0,R,11.0,R,0.0,R,0.0,R,0.0,R,0.0,A,,R,0.0,R,0.0,R,0.0,R,0.0,A,,R,8
146791,2009,A,,A,,A,,R,605.0,R,0.0,R,605.0,R,500.0,R,83.0,R,0.0,R,0.0,R,0.0,R,0.0,A,,R,20
146807,2009,A,,A,,A,,R,4.0,R,0.0,R,4.0,R,4.0,R,100.0,R,12.0,Z,0.0,R,12.0,R,10.0,R,83.0,R,10
146816,2009,R,26.0,R,66.0,R,39.0,R,28.0,R,0.0,R,28.0,R,28.0,R,100.0,R,6.0,R,0.0,R,6.0,R,6.0,R,100.0,R,11
146825,2009,R,96.0,R,157.0,R,61.0,R,90.0,R,0.0,R,90.0,R,39.0,R,43.0,R,0.0,R,0.0,R,0.0,R,0.0,A,,R,12
147004,2009,R,942.0,R,1634.0,R,58.0,R,406.0,R,13.0,R,393.0,R,264.0,R,67.0,R,269.0,R,8.0,R,261.0,R,114.0,R,44.0,R,25
147013,2009,R,305.0,R,706.0,R,43.0,R,309.0,R,0.0,R,309.0,R,238.0,R,77.0,R,0.0,R,0.0,R,0.0,R,0.0,A,,R,14
147129,2009,A,,A,,A,,A,,A,,A,,A,,A,,A,,A,,A,,A,,A,,R,10
147165,2009,R,16.0,R,140.0,R,11.0,R,3.0,R,0.0,R,3.0,R,2.0,R,67.0,R,4.0,R,0.0,R,4.0,R,1.0,R,25.0,R,10
147244,2009,R,542.0,R,546.0,R,99.0,R,484.0,R,0.0,R,484.0,R,386.0,R,80.0,R,0.0,R,0.0,R,0.0,R,0.0,A,,R,11
147341,2009,R,379.0,R,390.0,R,97.0,R,383.0,R,0.0,R,383.0,R,294.0,R,77.0,R,0.0,R,0.0,R,0.0,R,0.0,A,,R,14
147369,2009,R,585.0,R,881.0,R,66.0,R,456.0,R,5.0,R,451.0,R,404.0,R,90.0,R,188.0,R,0.0,R,188.0,R,25.0,R,13.0,R,17
147378,2009,R,1442.0,R,4458.0,R,32.0,R,1313.0,R,15.0,R,1298.0,R,873.0,R,67.0,R,409.0,R,5.0,R,404.0,R,138.0,R,34.0,R,30
147396,2009,R,45.0,R,49.0,R,92.0,R,72.0,R,1.0,R,71.0,R,45.0,R,63.0,R,0.0,R,0.0,R,0.0,R,0.0,A,,R,10
147411,2009,R,257.0,R,1008.0,R,25.0,R,268.0,R,10.0,R,258.0,R,182.0,R,71.0,R,168.0,R,14.0,R,154.0,R,60.0,R,39.0,R,23
147439,2009,A,,A,,A,,R,42.0,R,0.0,R,42.0,R,27.0,R,64.0,R,1.0,R,0.0,R,1.0,R,1.0,R,100.0,R,17
147536,2009,R,1.0,R,59.0,R,2.0,R,4.0,R,0.0,R,4.0,R,1.0,R,25.0,R,1.0,R,0.0,R,1.0,R,0.0,R,0.0,R,9
147590,2009,A,,A,,A,,A,,A,,A,,A,,A,,A,,A,,A,,A,,A,,R,6
147642,2009,A,,A,,A,,R,16.0,R,0.0,R,16.0,R,14.0,R,88.0,R,33.0,R,0.0,R,33.0,R,23.0,R,70.0,R,18
147660,2009,R,542.0,R,870.0,R,62.0,R,527.0,R,0.0,R,527.0,R,406.0,R,77.0,R,1.0,R,0.0,R,1.0,R,1.0,R,100.0,R,15
147679,2009,R,362.0,R,386.0,R,94.0,R,414.0,R,0.0,R,414.0,R,288.0,R,70.0,R,0.0,R,0.0,R,0.0,R,0.0,A,,R,13
147703,2009,R,2992.0,R,5178.0,R,58.0,R,2846.0,R,0.0,R,2846.0,R,2063.0,R,72.0,R,58.0,R,0.0,R,58.0,R,25.0,R,43.0,R,17
147749,2009,R,153.0,R,332.0,R,46.0,R,159.0,R,0.0,R,159.0,R,53.0,R,33.0,R,180.0,R,0.0,R,180.0,R,38.0,R,21.0,R,14
147767,2009,R,2128.0,R,2528.0,R,84.0,R,2078.0,Z,0.0,R,2078.0,R,2008.0,R,97.0,R,0.0,Z,0.0,R,0.0,R,0.0,A,,R,7
147776,2009,R,996.0,R,2469.0,R,40.0,R,952.0,R,0.0,R,952.0,R,641.0,R,67.0,R,65.0,R,0.0,R,65.0,R,31.0,R,48.0,R,17
147800,2009,R,888.0,R,3241.0,R,27.0,R,784.0,R,67.0,R,717.0,R,528.0,R,74.0,R,695.0,R,127.0,R,568.0,R,236.0,R,42.0,R,19
147819,2009,A,,A,,A,,R,56.0,R,0.0,R,56.0,R,28.0,R,50.0,R,0.0,R,0.0,R,0.0,R,0.0,A,,R,15
147828,2009,R,772.0,R,779.0,R,99.0,R,590.0,R,0.0,R,590.0,R,409.0,R,69.0,R,11.0,R,0.0,R,11.0,R,6.0,R,55.0,R,13
147916,2009,R,899.0,R,2482.0,R,36.0,R,838.0,R,7.0,R,831.0,R,570.0,R,69.0,R,133.0,R,10.0,R,123.0,R,53.0,R,43.0,R,20
147970,2009,A,,A,,A,,R,104.0,R,0.0,R,104.0,R,63.0,R,61.0,R,8.0,R,0.0,R,8.0,R,7.0,R,88.0,R,17
148007,2009,R,666.0,R,1610.0,R,41.0,R,527.0,R,8.0,R,519.0,R,284.0,R,55.0,R,375.0,R,13.0,R,362.0,R,141.0,R,39.0,R,17
148016,2009,R,111.0,R,140.0,R,79.0,R,130.0,R,0.0,R,130.0,R,121.0,R,93.0,R,0.0,R,0.0,R,0.0,R,0.0,A,,R,8
148098,2009,A,,A,,A,,R,12.0,R,0.0,R,12.0,R,12.0,R,100.0,R,0.0,R,0.0,R,0.0,R,0.0,A,,R,12
148131,2009,R,249.0,R,451.0,R,55.0,R,245.0,Z,0.0,R,245.0,R,168.0,R,69.0,R,1.0,R,0.0,R,1.0,R,0.0,R,0.0,R,14
148140,2009,A,,A,,A,,R,300.0,R,0.0,R,300.0,R,221.0,R,74.0,R,0.0,R,0.0,R,0.0,R,0.0,A,,R,26
148177,2009,R,462.0,R,1062.0,R,44.0,R,732.0,R,0.0,R,732.0,R,380.0,R,52.0,R,114.0,R,0.0,R,114.0,R,43.0,R,38.0,R,20
148256,2009,R,992.0,R,3496.0,R,28.0,R,900.0,R,3.0,R,897.0,R,401.0,R,45.0,R,617.0,R,5.0,R,612.0,R,130.0,R,21.0,R,28
148292,2009,R,252.0,R,938.0,R,27.0,R,211.0,R,2.0,R,209.0,R,132.0,R,63.0,R,377.0,R,7.0,R,370.0,R,131.0,R,35.0,R,18
148335,2009,R,956.0,R,1576.0,R,61.0,R,992.0,R,0.0,R,992.0,R,507.0,R,51.0,R,3.0,R,0.0,R,3.0,R,1.0,R,33.0,R,21
148380,2009,R,913.0,R,2096.0,R,44.0,R,729.0,R,14.0,R,715.0,R,469.0,R,66.0,R,310.0,R,11.0,R,299.0,R,148.0,R,49.0,R,24
148399,2009,R,58.0,R,205.0,R,28.0,R,20.0,R,0.0,R,20.0,R,20.0,R,100.0,R,125.0,R,0.0,R,125.0,R,43.0,R,34.0,R,10
148405,2009,R,89.0,R,290.0,R,31.0,R,121.0,R,0.0,R,121.0,R,77.0,R,64.0,R,0.0,R,0.0,R,0.0,R,0.0,A,,R,10
148487,2009,R,574.0,R,1346.0,R,43.0,R,482.0,R,0.0,R,482.0,R,250.0,R,52.0,R,18.0,R,0.0,R,18.0,R,9.0,R,50.0,R,13
148496,2009,R,405.0,R,618.0,R,66.0,R,416.0,R,0.0,R,416.0,R,337.0,R,81.0,R,1.0,R,0.0,R,1.0,R,1.0,R,100.0,R,13
148511,2009,A,,A,,A,,A,,A,,A,,A,,A,,A,,A,,A,,A,,A,,R,25
148575,2009,A,,A,,A,,A,,A,,A,,A,,A,,A,,A,,A,,A,,A,,R,8
148584,2009,R,223.0,R,464.0,R,48.0,R,203.0,R,0.0,R,203.0,R,155.0,R,76.0,R,0.0,R,0.0,R,0.0,R,0.0,A,,R,12
148593,2009,A,,A,,A,,A,,A,,A,,A,,A,,A,,A,,A,,A,,A,,R,6
148627,2009,R,435.0,R,819.0,R,53.0,R,545.0,R,0.0,R,545.0,R,414.0,R,76.0,R,5.0,R,0.0,R,5.0,R,1.0,R,20.0,R,14
148654,2009,R,284.0,R,989.0,R,29.0,R,304.0,R,0.0,R,304.0,R,226.0,R,74.0,R,5.0,R,0.0,R,5.0,R,0.0,R,0.0,R,13
148672,2009,R,268.0,R,535.0,R,50.0,R,187.0,R,3.0,R,184.0,R,103.0,R,56.0,R,89.0,R,2.0,R,87.0,R,29.0,R,33.0,R,20
148821,2009,R,159.0,R,479.0,R,33.0,R,141.0,R,7.0,R,134.0,R,75.0,R,56.0,R,149.0,R,18.0,R,131.0,R,31.0,R,24.0,R,16
148849,2009,R,19.0,R,36.0,R,53.0,R,26.0,R,0.0,R,26.0,R,19.0,R,73.0,R,1.0,R,0.0,R,1.0,R,1.0,R,100.0,R,10
148876,2009,R,363.0,R,446.0,R,81.0,R,347.0,R,0.0,R,347.0,R,207.0,R,60.0,R,42.0,R,0.0,R,42.0,R,12.0,R,29.0,R,20
148919,2009,A,,A,,A,,A,,A,,A,,A,,A,,A,,A,,A,,A,,A,,R,7
148937,2009,R,162.0,R,974.0,R,17.0,R,108.0,R,4.0,R,104.0,R,30.0,R,29.0,R,85.0,R,2.0,R,83.0,R,12.0,R,14.0,R,24
148955,2009,A,,A,,A,,R,37.0,R,0.0,R,37.0,R,31.0,R,84.0,R,0.0,R,0.0,R,0.0,R,0.0,A,,R,20
148991,2009,R,408.0,R,1356.0,R,30.0,R,358.0,R,9.0,R,349.0,R,192.0,R,55.0,R,142.0,R,12.0,R,130.0,R,35.0,R,27.0,R,21
149019,2009,R,125.0,R,144.0,R,87.0,R,102.0,Z,0.0,R,102.0,R,75.0,R,74.0,R,5.0,Z,0.0,R,5.0,R,1.0,R,20.0,R,11
149028,2009,A,,A,,A,,A,,A,,A,,A,,A,,A,,A,,A,,A,,A,,R,11
149204,2009,A,,A,,A,,R,15.0,R,0.0,R,15.0,R,8.0,R,53.0,Z,0.0,Z,0.0,Z,0.0,Z,0.0,A,,R,3
149222,2009,R,2410.0,R,2450.0,R,98.0,R,2573.0,R,0.0,R,2573.0,R,1761.0,R,68.0,R,16.0,R,0.0,R,16.0,R,5.0,R,31.0,R,16
149231,2009,R,1912.0,R,3236.0,R,59.0,R,1902.0,R,0.0,R,1902.0,R,1341.0,R,71.0,R,20.0,R,0.0,R,20.0,R,5.0,R,25.0,R,18
149310,2009,A,,A,,A,,R,170.0,R,0.0,R,170.0,R,109.0,R,64.0,R,0.0,R,0.0,R,0.0,R,0.0,A,,R,13
149329,2009,R,17.0,R,20.0,R,85.0,R,17.0,R,0.0,R,17.0,R,17.0,R,100.0,R,0.0,R,0.0,R,0.0,R,0.0,A,,R,12
149365,2009,R,241.0,R,1252.0,R,19.0,R,175.0,R,1.0,R,174.0,R,101.0,R,58.0,R,142.0,R,2.0,R,140.0,R,47.0,R,34.0,R,21
149499,2009,A,,A,,A,,R,3.0,R,0.0,R,3.0,R,3.0,R,100.0,R,0.0,R,0.0,R,0.0,R,0.0,A,,R,2
149505,2009,R,201.0,R,565.0,R,36.0,R,235.0,Z,0.0,R,235.0,R,171.0,R,73.0,Z,0.0,Z,0.0,Z,0.0,Z,0.0,A,,R,12
149514,2009,R,155.0,R,326.0,R,48.0,R,133.0,R,0.0,R,133.0,R,92.0,R,69.0,R,1.0,R,0.0,R,1.0,R,0.0,R,0.0,R,14
149532,2009,R,1408.0,R,3933.0,R,36.0,R,1257.0,R,79.0,R,1178.0,R,679.0,R,58.0,R,1064.0,R,140.0,R,924.0,R,362.0,R,39.0,R,25
149550,2009,A,,A,,A,,R,61.0,R,0.0,R,61.0,R,38.0,R,62.0,R,32.0,R,0.0,R,32.0,R,18.0,R,56.0,R,20
149639,2009,R,31.0,R,56.0,R,55.0,R,31.0,R,0.0,R,31.0,R,29.0,R,94.0,R,0.0,R,0.0,R,0.0,R,0.0,A,,R,9
149727,2009,R,991.0,R,2396.0,R,41.0,R,1017.0,R,23.0,R,994.0,R,657.0,R,66.0,R,512.0,R,29.0,R,483.0,R,179.0,R,37.0,R,23
149763,2009,A,,A,,A,,A,,A,,A,,A,,A,,A,,A,,A,,A,,A,,R,10
149772,2009,R,1638.0,R,2974.0,R,55.0,R,1810.0,R,3.0,R,1807.0,R,1330.0,R,74.0,R,6.0,R,1.0,R,5.0,R,3.0,R,60.0,R,16
149781,2009,R,620.0,R,717.0,R,86.0,R,581.0,R,1.0,R,580.0,R,554.0,R,96.0,R,0.0,R,0.0,R,0.0,R,0.0,A,,R,11
149842,2009,R,1564.0,R,4763.0,R,33.0,R,1743.0,R,103.0,R,1640.0,R,1126.0,R,69.0,R,518.0,R,60.0,R,458.0,R,199.0,R,43.0,R,23
150048,2009,R,162.0,R,251.0,R,65.0,R,161.0,R,0.0,R,161.0,R,88.0,R,55.0,R,8.0,R,0.0,R,8.0,R,2.0,R,25.0,R,14
150066,2009,R,547.0,R,673.0,R,81.0,R,541.0,R,0.0,R,541.0,R,422.0,R,78.0,R,3.0,R,0.0,R,3.0,R,2.0,R,67.0,R,11
150075,2009,A,,A,,A,,R,2.0,R,0.0,R,2.0,R,1.0,R,50.0,Z,0.0,Z,0.0,Z,0.0,Z,0.0,A,,R,10
150136,2009,R,4157.0,R,5314.0,R,78.0,R,4013.0,R,17.0,R,3996.0,R,3102.0,R,78.0,R,26.0,R,0.0,R,26.0,R,11.0,R,42.0,R,18
150145,2009,R,293.0,R,309.0,R,95.0,R,247.0,R,0.0,R,247.0,R,226.0,R,91.0,R,35.0,R,0.0,R,35.0,R,35.0,R,100.0,R,13
150163,2009,R,945.0,R,1056.0,R,89.0,R,933.0,R,0.0,R,933.0,R,837.0,R,90.0,R,0.0,R,0.0,R,0.0,R,0.0,A,,R,11
150172,2009,R,141.0,R,339.0,R,42.0,R,136.0,R,0.0,R,136.0,R,73.0,R,54.0,R,8.0,R,0.0,R,8.0,R,6.0,R,75.0,R,12
150251,2009,R,30.0,R,36.0,R,83.0,R,56.0,Z,0.0,R,56.0,R,38.0,R,68.0,R,50.0,Z,0.0,R,50.0,R,37.0,R,74.0,R,17
150303,2009,A,,A,,A,,R,30.0,R,0.0,R,30.0,R,24.0,R,80.0,Z,0.0,Z,0.0,Z,0.0,Z,0.0,A,,R,22
150400,2009,R,717.0,R,756.0,R,95.0,R,600.0,R,0.0,R,600.0,R,541.0,R,90.0,R,0.0,R,0.0,R,0.0,R,0.0,A,,R,10
150428,2009,A,,A,,A,,R,40.0,R,0.0,R,40.0,R,38.0,R,95.0,R,15.0,R,0.0,R,15.0,R,15.0,R,100.0,R,12
150437,2009,A,,A,,A,,R,20.0,R,0.0,R,20.0,R,17.0,R,85.0,R,1.0,R,0.0,R,1.0,R,1.0,R,100.0,R,12
150455,2009,R,291.0,R,330.0,R,88.0,R,324.0,R,0.0,R,324.0,R,263.0,R,81.0,R,0.0,R,0.0,R,0.0,R,0.0,A,,R,12
150534,2009,R,701.0,R,901.0,R,78.0,R,619.0,R,8.0,R,611.0,R,480.0,R,79.0,Z,0.0,Z,0.0,Z,0.0,Z,0.0,A,,R,14
150604,2009,R,327.0,R,329.0,R,99.0,R,361.0,R,0.0,R,361.0,R,284.0,R,79.0,Z,0.0,Z,0.0,Z,0.0,Z,0.0,A,,R,12
150640,2009,A,,A,,A,,R,10.0,R,0.0,R,10.0,R,10.0,R,100.0,R,0.0,R,0.0,R,0.0,R,0.0,A,,R,6
150668,2009,R,238.0,R,302.0,R,79.0,R,172.0,R,0.0,R,172.0,R,145.0,R,84.0,R,3.0,R,0.0,R,3.0,R,1.0,R,33.0,R,11
150677,2009,R,230.0,R,290.0,R,79.0,R,280.0,Z,0.0,R,280.0,R,222.0,R,79.0,Z,0.0,Z,0.0,Z,0.0,Z,0.0,A,,R,18
150695,2009,A,,A,,A,,R,27.0,R,0.0,R,27.0,R,24.0,R,89.0,R,0.0,R,0.0,R,0.0,Z,0.0,A,,R,9
150710,2009,A,,A,,A,,R,30.0,R,0.0,R,30.0,R,21.0,R,70.0,R,0.0,R,0.0,R,0.0,R,0.0,A,,R,13
150756,2009,R,293.0,R,316.0,R,93.0,R,328.0,R,0.0,R,328.0,R,264.0,R,80.0,R,0.0,R,0.0,R,0.0,R,0.0,A,,R,10
150765,2009,A,,A,,A,,R,23.0,R,0.0,R,23.0,R,17.0,R,74.0,R,0.0,R,0.0,R,0.0,R,0.0,A,,R,19
150774,2009,R,139.0,R,181.0,R,77.0,R,198.0,R,0.0,R,198.0,R,103.0,R,52.0,R,3.0,R,0.0,R,3.0,R,2.0,R,67.0,R,13
150853,2009,A,,A,,A,,R,40.0,R,0.0,R,40.0,R,24.0,R,60.0,R,3.0,R,0.0,R,3.0,R,3.0,R,100.0,R,10
150941,2009,R,252.0,R,392.0,R,64.0,R,277.0,R,0.0,R,277.0,R,205.0,R,74.0,R,4.0,R,0.0,R,4.0,R,1.0,R,25.0,R,13
150978,2009,R,666.0,R,1862.0,R,36.0,R,569.0,Z,0.0,R,569.0,R,292.0,R,51.0,R,539.0,Z,0.0,R,539.0,R,271.0,R,50.0,R,25
150987,2009,R,2000.0,R,5569.0,R,36.0,R,1905.0,R,1.0,R,1904.0,R,985.0,R,52.0,R,1526.0,Z,0.0,R,1526.0,R,666.0,R,44.0,R,33
150996,2009,R,632.0,R,1286.0,R,49.0,R,425.0,R,0.0,R,425.0,R,259.0,R,61.0,R,220.0,R,1.0,R,219.0,R,117.0,R,53.0,R,25
151005,2009,R,1352.0,R,2486.0,R,54.0,R,1039.0,R,1.0,R,1038.0,R,514.0,R,50.0,R,529.0,R,1.0,R,528.0,R,211.0,R,40.0,R,25
151014,2009,R,510.0,R,1172.0,R,44.0,R,400.0,Z,0.0,R,400.0,R,244.0,R,61.0,R,323.0,Z,0.0,R,323.0,R,153.0,R,47.0,R,22
151023,2009,R,1066.0,R,2183.0,R,49.0,R,842.0,R,1.0,R,841.0,R,460.0,R,55.0,R,376.0,R,1.0,R,375.0,R,172.0,R,46.0,R,27
151032,2009,R,1290.0,R,2760.0,R,47.0,R,890.0,R,1.0,R,889.0,R,502.0,R,56.0,R,617.0,Z,0.0,R,617.0,R,284.0,R,46.0,R,27
151041,2009,R,557.0,R,1560.0,R,36.0,R,451.0,R,0.0,R,451.0,R,271.0,R,60.0,R,428.0,R,0.0,R,428.0,R,255.0,R,60.0,R,28
151050,2009,R,678.0,R,1753.0,R,39.0,R,568.0,R,2.0,R,566.0,R,332.0,R,59.0,R,258.0,R,0.0,R,258.0,R,122.0,R,47.0,R,22
151069,2009,R,751.0,R,1521.0,R,49.0,R,590.0,Z,0.0,R,590.0,R,285.0,R,48.0,R,312.0,R,2.0,R,310.0,R,173.0,R,56.0,R,25
151078,2009,R,334.0,R,757.0,R,44.0,R,246.0,Z,0.0,R,246.0,R,161.0,R,65.0,R,183.0,Z,0.0,R,183.0,R,97.0,R,53.0,R,26
151087,2009,R,1145.0,R,2563.0,R,45.0,R,704.0,Z,0.0,R,704.0,R,370.0,R,53.0,R,446.0,Z,0.0,R,446.0,R,237.0,R,53.0,R,24
151096,2009,R,357.0,R,668.0,R,53.0,R,282.0,R,1.0,R,281.0,R,158.0,R,56.0,R,130.0,R,0.0,R,130.0,R,69.0,R,53.0,R,21
151102,2009,R,2041.0,R,4316.0,R,47.0,R,1907.0,R,0.0,R,1907.0,R,1192.0,R,63.0,R,187.0,R,0.0,R,187.0,R,86.0,R,46.0,R,18
151111,2009,R,2800.0,R,5043.0,R,56.0,R,2650.0,R,1.0,R,2649.0,R,1907.0,R,72.0,R,221.0,R,0.0,R,221.0,R,116.0,R,52.0,R,16
151157,2009,R,10.0,R,72.0,R,14.0,R,32.0,R,0.0,R,32.0,R,14.0,R,44.0,R,3.0,R,0.0,R,3.0,R,2.0,R,67.0,R,12
151166,2009,R,327.0,R,770.0,R,42.0,R,0.0,R,0.0,R,0.0,R,0.0,A,,R,0.0,R,0.0,R,0.0,R,0.0,A,,R,19
151184,2009,A,,A,,A,,A,,A,,A,,A,,A,,A,,A,,A,,A,,A,,R,5
151193,2009,R,30.0,R,38.0,R,79.0,R,25.0,R,0.0,R,25.0,R,14.0,R,56.0,R,5.0,Z,0.0,R,5.0,R,1.0,R,20.0,R,11
151209,2009,R,98.0,R,125.0,R,78.0,R,0.0,R,0.0,R,0.0,R,0.0,A,,R,0.0,R,0.0,R,0.0,R,0.0,A,,R,10
151236,2009,R,30.0,R,84.0,R,36.0,R,0.0,R,0.0,R,0.0,R,0.0,A,,R,0.0,R,0.0,R,0.0,R,0.0,A,,R,11
151245,2009,R,29.0,R,57.0,R,51.0,R,37.0,R,0.0,R,37.0,R,22.0,R,59.0,R,3.0,R,0.0,R,3.0,R,2.0,R,67.0,R,13
151263,2009,R,752.0,R,1162.0,R,65.0,R,744.0,R,0.0,R,744.0,R,544.0,R,73.0,R,28.0,Z,0.0,R,28.0,R,18.0,R,64.0,R,14
151290,2009,R,419.0,R,1032.0,R,41.0,R,342.0,R,0.0,R,342.0,R,186.0,R,54.0,R,11.0,R,0.0,R,11.0,R,6.0,R,55.0,R,32
151306,2009,R,2052.0,R,2850.0,R,72.0,R,2039.0,R,0.0,R,2039.0,R,1384.0,R,68.0,R,32.0,R,0.0,R,32.0,R,23.0,R,72.0,R,18
151324,2009,R,1973.0,R,2834.0,R,70.0,R,1832.0,R,0.0,R,1832.0,R,1171.0,R,64.0,R,20.0,R,0.0,R,20.0,R,6.0,R,30.0,R,18
151333,2009,R,406.0,R,1075.0,R,38.0,R,334.0,R,0.0,R,334.0,R,194.0,R,58.0,R,54.0,R,0.0,R,54.0,R,26.0,R,48.0,R,17
151342,2009,R,1046.0,R,2714.0,R,39.0,R,857.0,R,0.0,R,857.0,R,577.0,R,67.0,R,167.0,R,0.0,R,167.0,R,78.0,R,47.0,R,15
151351,2009,R,7306.0,R,8547.0,R,85.0,R,7548.0,R,1.0,R,7547.0,R,6745.0,R,89.0,R,10.0,R,0.0,R,10.0,R,10.0,R,100.0,R,19
151360,2009,R,774.0,R,1641.0,R,47.0,R,546.0,R,1.0,R,545.0,R,381.0,R,70.0,R,146.0,R,0.0,R,146.0,R,74.0,R,51.0,R,16
151379,2009,R,996.0,R,1786.0,R,56.0,R,950.0,R,0.0,R,950.0,R,596.0,R,63.0,R,92.0,R,0.0,R,92.0,R,39.0,R,42.0,R,17
151388,2009,R,358.0,R,1011.0,R,35.0,R,291.0,R,0.0,R,291.0,R,175.0,R,60.0,R,37.0,R,0.0,R,37.0,R,19.0,R,51.0,R,16
151458,2009,R,252.0,R,347.0,R,73.0,R,313.0,R,0.0,R,313.0,R,273.0,R,87.0,R,9.0,R,0.0,R,9.0,R,7.0,R,78.0,R,25
151467,2009,R,221.0,R,221.0,R,100.0,R,318.0,R,0.0,R,318.0,R,270.0,R,85.0,R,0.0,R,0.0,R,0.0,R,0.0,A,,R,25
151494,2009,R,166.0,R,205.0,R,81.0,R,29.0,R,2.0,R,27.0,R,11.0,R,41.0,R,3.0,R,1.0,R,2.0,R,0.0,R,0.0,R,30
151500,2009,R,141.0,R,162.0,R,87.0,R,1.0,R,0.0,R,1.0,R,1.0,R,100.0,R,0.0,R,0.0,R,0.0,R,0.0,A,,R,20
151519,2009,R,542.0,R,1816.0,R,30.0,R,106.0,R,2.0,R,104.0,R,19.0,R,18.0,R,122.0,R,7.0,R,115.0,R,16.0,R,14.0,R,27
151537,2009,A,,A,,A,,A,,A,,A,,A,,A,,A,,A,,A,,A,,A,,R,32
151564,2009,A,,A,,A,,R,13.0,Z,0.0,R,13.0,R,10.0,R,77.0,R,35.0,Z,0.0,R,35.0,R,21.0,R,60.0,R,14
151607,2009,A,,A,,A,,R,17.0,Z,0.0,R,17.0,R,15.0,R,88.0,R,12.0,Z,0.0,R,12.0,R,10.0,R,83.0,R,17
151616,2009,R,122.0,R,122.0,R,100.0,R,39.0,Z,0.0,R,39.0,R,22.0,R,56.0,Z,0.0,Z,0.0,Z,0.0,Z,0.0,A,,R,13
151625,2009,R,116.0,R,116.0,R,100.0,R,33.0,Z,0.0,R,33.0,R,16.0,R,48.0,Z,0.0,Z,0.0,Z,0.0,Z,0.0,A,,R,11
151652,2009,A,,A,,A,,R,60.0,Z,0.0,R,60.0,R,49.0,R,82.0,R,28.0,Z,0.0,R,28.0,R,18.0,R,64.0,R,12
151661,2009,A,,A,,A,,R,629.0,Z,0.0,R,629.0,R,387.0,R,62.0,Z,0.0,Z,0.0,Z,0.0,Z,0.0,A,,R,36
151777,2009,R,426.0,R,471.0,R,90.0,R,396.0,R,0.0,R,396.0,R,262.0,R,66.0,R,0.0,R,0.0,R,0.0,R,0.0,A,,R,15
151786,2009,R,312.0,R,529.0,R,59.0,R,322.0,R,0.0,R,322.0,R,232.0,R,72.0,R,3.0,R,0.0,R,3.0,R,2.0,R,67.0,R,14
151801,2009,R,1390.0,R,3349.0,R,42.0,R,882.0,R,0.0,R,882.0,R,679.0,R,77.0,R,7.0,R,0.0,R,7.0,R,6.0,R,86.0,R,15
151810,2009,R,90.0,R,485.0,R,19.0,R,49.0,R,0.0,R,49.0,R,28.0,R,57.0,R,185.0,Z,0.0,R,185.0,R,50.0,R,27.0,R,21
151829,2009,A,,A,,A,,R,78.0,R,0.0,R,78.0,R,70.0,R,90.0,R,0.0,R,0.0,R,0.0,R,0.0,A,,R,21
151874,2009,A,,A,,A,,R,11.0,R,0.0,R,11.0,R,7.0,R,64.0,R,4.0,R,0.0,R,4.0,R,2.0,R,50.0,R,21
151944,2009,R,252.0,R,252.0,R,100.0,R,22.0,Z,0.0,R,22.0,R,15.0,R,68.0,Z,0.0,Z,0.0,Z,0.0,Z,0.0,A,,R,13
151962,2009,R,26.0,R,65.0,R,40.0,R,21.0,R,0.0,R,21.0,R,14.0,R,67.0,R,0.0,R,0.0,R,0.0,R,0.0,A,,R,25
152044,2009,A,,A,,A,,R,28.0,R,0.0,R,28.0,R,22.0,R,79.0,R,45.0,R,0.0,R,45.0,R,28.0,R,62.0,R,17
152080,2009,R,2062.0,R,2182.0,R,95.0,R,2000.0,R,0.0,R,2000.0,R,1950.0,R,98.0,R,0.0,R,0.0,R,0.0,R,0.0,A,,R,10
152099,2009,R,216.0,R,1292.0,R,17.0,R,257.0,R,4.0,R,253.0,R,175.0,R,69.0,R,21.0,R,1.0,R,20.0,R,2.0,R,10.0,R,18
152150,2009,A,,A,,A,,R,8.0,R,0.0,R,8.0,R,7.0,R,88.0,R,6.0,R,0.0,R,6.0,R,5.0,R,83.0,R,6
152220,2009,A,,A,,A,,R,237.0,R,0.0,R,237.0,R,90.0,R,38.0,R,0.0,R,0.0,R,0.0,R,0.0,A,,R,23
152248,2009,R,1062.0,R,2047.0,R,52.0,R,1215.0,R,1.0,R,1214.0,R,833.0,R,69.0,R,167.0,R,0.0,R,167.0,R,85.0,R,51.0,R,21
152266,2009,R,653.0,R,1395.0,R,47.0,R,661.0,R,0.0,R,661.0,R,352.0,R,53.0,R,61.0,R,0.0,R,61.0,R,34.0,R,56.0,R,18
152275,2009,A,,A,,A,,R,80.0,R,0.0,R,80.0,R,64.0,R,80.0,R,57.0,R,0.0,R,57.0,R,41.0,R,72.0,R,18
152309,2009,A,,A,,A,,R,66.0,R,0.0,R,66.0,R,63.0,R,95.0,R,1.0,R,0.0,R,1.0,R,1.0,R,100.0,R,12
152318,2009,R,465.0,R,481.0,R,97.0,R,480.0,R,2.0,R,478.0,R,424.0,R,89.0,R,0.0,R,0.0,R,0.0,R,0.0,A,,R,12
152327,2009,A,,A,,A,,R,33.0,R,0.0,R,33.0,R,25.0,R,76.0,R,4.0,R,0.0,R,4.0,R,3.0,R,75.0,R,10
152336,2009,R,306.0,R,591.0,R,52.0,R,318.0,R,0.0,R,318.0,R,223.0,R,70.0,R,4.0,R,0.0,R,4.0,R,2.0,R,50.0,R,12
152363,2009,R,243.0,R,329.0,R,74.0,R,274.0,R,0.0,R,274.0,R,150.0,R,55.0,R,0.0,R,0.0,R,0.0,R,0.0,A,,R,14
152381,2009,R,91.0,R,466.0,R,20.0,R,99.0,R,0.0,R,99.0,R,73.0,R,74.0,R,40.0,R,0.0,R,40.0,R,26.0,R,65.0,R,9
152390,2009,R,435.0,R,479.0,R,91.0,R,455.0,R,0.0,R,455.0,R,395.0,R,87.0,R,0.0,R,0.0,R,0.0,R,0.0,A,,R,11
152415,2009,A,,A,,A,,R,150.0,R,0.0,R,150.0,R,90.0,R,60.0,R,89.0,R,0.0,R,89.0,R,28.0,R,31.0,R,24
152424,2009,A,,A,,A,,R,56.0,R,0.0,R,56.0,R,33.0,R,59.0,R,70.0,R,0.0,R,70.0,R,26.0,R,37.0,R,25
152497,2009,A,,A,,A,,R,18.0,R,0.0,R,18.0,R,11.0,R,61.0,R,0.0,R,0.0,R,0.0,R,0.0,A,,R,8
152530,2009,R,486.0,R,923.0,R,53.0,R,465.0,R,0.0,R,465.0,R,397.0,R,85.0,R,0.0,R,0.0,R,0.0,R,0.0,A,,R,13
152567,2009,R,457.0,R,576.0,R,79.0,R,433.0,R,0.0,R,433.0,R,313.0,R,72.0,R,2.0,R,0.0,R,2.0,R,1.0,R,50.0,R,14
152600,2009,R,671.0,R,844.0,R,80.0,R,656.0,R,0.0,R,656.0,R,544.0,R,83.0,R,0.0,R,0.0,R,0.0,R,0.0,A,,R,14
152628,2009,A,,A,,A,,R,13.0,R,0.0,R,13.0,R,8.0,R,62.0,R,0.0,R,0.0,R,0.0,R,0.0,A,,R,13
152637,2009,R,2755.0,R,9527.0,R,29.0,R,1955.0,Z,0.0,R,1955.0,R,1150.0,R,59.0,R,1155.0,Z,0.0,R,1155.0,R,243.0,R,21.0,R,17
152673,2009,R,247.0,R,256.0,R,96.0,R,253.0,R,0.0,R,253.0,R,214.0,R,85.0,R,0.0,R,0.0,R,0.0,R,0.0,A,,R,10
152798,2009,R,3.0,R,94.0,R,3.0,R,4.0,R,0.0,R,4.0,R,3.0,R,75.0,R,0.0,R,0.0,R,0.0,R,0.0,A,,R,11
152822,2009,R,151.0,R,291.0,R,52.0,Z,0.0,R,0.0,R,0.0,Z,0.0,A,,Z,0.0,R,0.0,R,0.0,Z,0.0,A,,R,18
152992,2009,R,223.0,R,405.0,R,55.0,R,252.0,R,2.0,R,250.0,R,165.0,R,66.0,Z,0.0,Z,0.0,Z,0.0,Z,0.0,A,,R,13
153001,2009,R,273.0,R,792.0,R,34.0,R,274.0,R,1.0,R,273.0,R,167.0,R,61.0,R,0.0,Z,0.0,R,0.0,Z,0.0,A,,R,13
153074,2009,A,,A,,A,,R,43.0,R,0.0,R,43.0,R,40.0,R,93.0,R,0.0,R,0.0,R,0.0,R,0.0,A,,R,12
153083,2009,A,,A,,A,,R,53.0,R,0.0,R,53.0,R,37.0,R,70.0,R,0.0,R,0.0,R,0.0,R,0.0,A,,R,12
153092,2009,A,,A,,A,,R,7.0,R,0.0,R,7.0,R,6.0,R,86.0,R,0.0,R,0.0,R,0.0,R,0.0,A,,R,7
153108,2009,R,443.0,R,589.0,R,75.0,R,405.0,R,0.0,R,405.0,R,326.0,R,80.0,R,0.0,R,0.0,R,0.0,R,0.0,A,,R,13
153126,2009,R,148.0,R,220.0,R,67.0,R,139.0,R,0.0,R,139.0,R,108.0,R,78.0,R,0.0,R,0.0,R,0.0,R,0.0,A,,R,11
153144,2009,R,325.0,R,381.0,R,85.0,R,341.0,R,2.0,R,339.0,R,281.0,R,83.0,Z,0.0,Z,0.0,Z,0.0,Z,0.0,A,,R,11
153162,2009,R,335.0,R,372.0,R,90.0,R,341.0,Z,0.0,R,341.0,R,269.0,R,79.0,Z,0.0,Z,0.0,Z,0.0,Z,0.0,A,,R,12
153171,2009,A,,A,,A,,R,12.0,Z,0.0,R,12.0,R,9.0,R,75.0,Z,0.0,Z,0.0,Z,0.0,Z,0.0,A,,R,7
153214,2009,R,2664.0,R,9314.0,R,29.0,R,2147.0,R,0.0,R,2147.0,R,1247.0,R,58.0,R,1052.0,R,0.0,R,1052.0,R,319.0,R,30.0,R,40
153241,2009,R,36.0,R,47.0,R,77.0,R,2.0,R,0.0,R,2.0,R,2.0,R,100.0,R,0.0,R,0.0,R,0.0,R,0.0,A,,R,7
153250,2009,R,349.0,R,407.0,R,86.0,R,390.0,R,0.0,R,390.0,R,296.0,R,76.0,R,0.0,R,0.0,R,0.0,R,0.0,A,,R,14
153269,2009,R,861.0,R,1051.0,R,82.0,R,902.0,Z,0.0,R,902.0,R,806.0,R,89.0,Z,0.0,Z,0.0,Z,0.0,Z,0.0,A,,R,13
153278,2009,R,355.0,R,506.0,R,70.0,R,337.0,R,0.0,R,337.0,R,238.0,R,71.0,R,0.0,R,0.0,R,0.0,R,0.0,A,,R,14
153296,2009,R,299.0,R,528.0,R,57.0,R,297.0,R,0.0,R,297.0,R,165.0,R,56.0,R,33.0,R,0.0,R,33.0,R,7.0,R,21.0,R,26
153302,2009,R,44.0,R,94.0,R,47.0,R,61.0,R,0.0,R,61.0,R,40.0,R,66.0,R,0.0,R,0.0,R,0.0,R,0.0,A,,R,12
153311,2009,R,1257.0,R,2548.0,R,49.0,R,1023.0,R,0.0,R,1023.0,R,601.0,R,59.0,R,446.0,R,0.0,R,446.0,R,162.0,R,36.0,R,19
153320,2009,R,91.0,R,128.0,R,71.0,R,62.0,R,1.0,R,61.0,R,48.0,R,79.0,R,1.0,R,0.0,R,1.0,R,0.0,R,0.0,R,16
153339,2009,A,,A,,A,,R,13.0,R,0.0,R,13.0,R,10.0,R,77.0,R,0.0,R,0.0,R,0.0,Z,0.0,A,,R,7
153366,2009,R,220.0,R,457.0,R,48.0,R,197.0,R,1.0,R,196.0,R,134.0,R,68.0,R,0.0,Z,0.0,R,0.0,Z,0.0,A,,R,14
153375,2009,R,231.0,R,627.0,R,37.0,R,345.0,R,2.0,R,343.0,R,240.0,R,70.0,R,0.0,R,0.0,R,0.0,R,0.0,A,,R,14
153384,2009,R,378.0,R,406.0,R,93.0,R,464.0,R,1.0,R,463.0,R,438.0,R,95.0,Z,0.0,Z,0.0,Z,0.0,Z,0.0,A,,R,9
153409,2009,A,,A,,A,,R,6.0,R,0.0,R,6.0,R,4.0,R,67.0,R,1.0,R,0.0,R,1.0,R,1.0,R,100.0,R,19
153418,2009,A,,A,,A,,R,10.0,R,1.0,R,9.0,R,4.0,R,44.0,R,0.0,R,0.0,R,0.0,R,0.0,A,,R,26
153427,2009,R,167.0,R,167.0,R,100.0,Z,0.0,Z,0.0,Z,0.0,Z,0.0,A,,Z,0.0,Z,0.0,Z,0.0,Z,0.0,A,,R,17
153445,2009,R,1123.0,R,2726.0,R,41.0,R,1070.0,R,0.0,R,1070.0,R,613.0,R,57.0,R,384.0,R,0.0,R,384.0,R,110.0,R,29.0,R,24
153463,2009,A,,A,,A,,R,6.0,R,0.0,R,6.0,R,5.0,R,83.0,R,0.0,R,0.0,R,0.0,R,0.0,A,,R,10
153472,2009,A,,A,,A,,R,918.0,R,0.0,R,918.0,R,465.0,R,51.0,R,102.0,R,0.0,R,102.0,R,30.0,R,29.0,R,27
153524,2009,R,1046.0,R,1467.0,R,71.0,R,800.0,Z,0.0,R,800.0,R,473.0,R,59.0,R,110.0,Z,0.0,R,110.0,R,42.0,R,38.0,R,24
153533,2009,R,823.0,R,2079.0,R,40.0,R,657.0,R,0.0,R,657.0,R,399.0,R,61.0,R,79.0,R,0.0,R,79.0,R,26.0,R,33.0,R,22
153542,2009,A,,A,,A,,R,12.0,R,0.0,R,12.0,R,12.0,R,100.0,R,0.0,R,0.0,R,0.0,R,0.0,A,,R,7
153588,2009,A,,A,,A,,R,19.0,R,0.0,R,19.0,R,11.0,R,58.0,R,0.0,R,0.0,R,0.0,R,0.0,A,,R,12
153597,2009,A,,A,,A,,R,65.0,R,0.0,R,65.0,R,45.0,R,69.0,Z,0.0,Z,0.0,Z,0.0,Z,0.0,A,,R,11
153603,2009,R,4310.0,R,6640.0,R,65.0,R,4528.0,R,0.0,R,4528.0,R,3804.0,R,84.0,R,12.0,R,0.0,R,12.0,R,6.0,R,50.0,R,16
153621,2009,R,154.0,R,249.0,R,62.0,R,150.0,R,0.0,R,150.0,R,73.0,R,49.0,R,0.0,R,0.0,R,0.0,R,0.0,A,,R,12
153630,2009,R,1225.0,R,2839.0,R,43.0,R,746.0,R,0.0,R,746.0,R,358.0,R,48.0,R,90.0,R,0.0,R,90.0,R,40.0,R,44.0,R,17
153658,2009,R,4004.0,R,5712.0,R,70.0,R,4182.0,Z,0.0,R,4182.0,R,3470.0,R,83.0,R,64.0,Z,0.0,R,64.0,R,53.0,R,83.0,R,15
153737,2009,R,3336.0,R,7972.0,R,42.0,R,2753.0,R,3.0,R,2750.0,R,1660.0,R,60.0,R,667.0,R,0.0,R,667.0,R,268.0,R,40.0,R,24
153746,2009,A,,A,,A,,R,40.0,Z,0.0,R,40.0,R,35.0,R,88.0,Z,0.0,Z,0.0,Z,0.0,Z,0.0,A,,R,16
153764,2009,A,,A,,A,,R,68.0,Z,0.0,R,68.0,R,55.0,R,81.0,Z,0.0,Z,0.0,Z,0.0,Z,0.0,A,,R,20
153773,2009,A,,A,,A,,R,75.0,R,0.0,R,75.0,R,70.0,R,93.0,R,0.0,R,0.0,R,0.0,R,0.0,A,,R,10
153782,2009,A,,A,,A,,R,41.0,Z,0.0,R,41.0,R,31.0,R,76.0,Z,0.0,Z,0.0,Z,0.0,Z,0.0,A,,R,21
153825,2009,R,414.0,R,461.0,R,90.0,R,385.0,R,0.0,R,385.0,R,282.0,R,73.0,R,0.0,R,0.0,R,0.0,R,0.0,A,,R,13
153834,2009,R,657.0,R,703.0,R,93.0,R,630.0,R,0.0,R,630.0,R,560.0,R,89.0,R,0.0,R,0.0,R,0.0,R,0.0,A,,R,12
153861,2009,R,46.0,R,103.0,R,45.0,R,35.0,R,0.0,R,35.0,R,21.0,R,60.0,R,2.0,R,0.0,R,2.0,R,0.0,R,0.0,R,12
153922,2009,R,471.0,R,904.0,R,52.0,R,385.0,R,0.0,R,385.0,R,205.0,R,53.0,R,82.0,R,0.0,R,82.0,R,33.0,R,40.0,R,31
153977,2009,R,68.0,R,283.0,R,24.0,R,0.0,R,0.0,R,0.0,R,0.0,A,,R,0.0,R,0.0,R,0.0,R,0.0,A,,R,11
154004,2009,R,325.0,R,413.0,R,79.0,R,302.0,R,0.0,R,302.0,R,221.0,R,73.0,R,1.0,R,0.0,R,1.0,R,1.0,R,100.0,R,14
154013,2009,R,149.0,R,391.0,R,38.0,R,172.0,R,0.0,R,172.0,R,143.0,R,83.0,R,0.0,R,0.0,R,0.0,R,0.0,A,,R,13
154022,2009,R,3084.0,R,16469.0,R,19.0,R,1656.0,R,0.0,R,1656.0,R,682.0,R,41.0,R,2.0,R,0.0,R,2.0,R,0.0,R,0.0,R,107
154059,2009,R,788.0,R,1138.0,R,69.0,R,766.0,Z,0.0,R,766.0,R,383.0,R,50.0,R,73.0,Z,0.0,R,73.0,R,21.0,R,29.0,R,23
154095,2009,R,1921.0,R,3101.0,R,62.0,R,1976.0,R,0.0,R,1976.0,R,1627.0,R,82.0,R,29.0,R,0.0,R,29.0,R,19.0,R,66.0,R,17
154101,2009,R,331.0,R,389.0,R,85.0,R,293.0,R,0.0,R,293.0,R,227.0,R,77.0,R,0.0,R,0.0,R,0.0,R,0.0,A,,R,14
154110,2009,R,833.0,R,2408.0,R,35.0,R,460.0,R,0.0,R,460.0,R,286.0,R,62.0,R,135.0,R,0.0,R,135.0,R,58.0,R,43.0,R,20
154129,2009,R,273.0,R,948.0,R,29.0,R,206.0,R,0.0,R,206.0,R,163.0,R,79.0,R,20.0,R,0.0,R,20.0,R,11.0,R,55.0,R,14
154165,2009,A,,A,,A,,R,16.0,R,0.0,R,16.0,R,16.0,R,100.0,Z,0.0,Z,0.0,Z,0.0,Z,0.0,A,,R,13
154174,2009,A,,A,,A,,R,5.0,R,2.0,R,3.0,R,3.0,R,100.0,R,0.0,R,0.0,R,0.0,R,0.0,A,,R,3
154208,2009,A,,A,,A,,R,70.0,R,0.0,R,70.0,R,66.0,R,94.0,R,0.0,R,0.0,R,0.0,R,0.0,A,,R,14
154235,2009,R,576.0,R,907.0,R,64.0,R,572.0,R,0.0,R,572.0,R,421.0,R,74.0,R,2.0,R,0.0,R,2.0,R,1.0,R,50.0,R,11
154262,2009,R,2.0,R,71.0,R,3.0,R,4.0,R,0.0,R,4.0,R,4.0,R,100.0,R,0.0,R,0.0,R,0.0,R,0.0,A,,R,11
154332,2009,A,,A,,A,,R,23.0,Z,0.0,R,23.0,R,17.0,R,74.0,Z,0.0,Z,0.0,Z,0.0,Z,0.0,A,,R,19
154341,2009,A,,A,,A,,R,20.0,Z,0.0,R,20.0,R,14.0,R,70.0,Z,0.0,Z,0.0,Z,0.0,Z,0.0,A,,R,23
154350,2009,R,390.0,R,519.0,R,75.0,R,386.0,R,0.0,R,386.0,R,326.0,R,84.0,R,0.0,R,0.0,R,0.0,R,0.0,A,,R,13
154378,2009,R,428.0,R,1262.0,R,34.0,R,311.0,R,0.0,R,311.0,R,164.0,R,53.0,R,75.0,R,0.0,R,75.0,R,35.0,R,47.0,R,33
154396,2009,R,297.0,R,493.0,R,60.0,R,185.0,Z,0.0,R,185.0,R,105.0,R,57.0,R,59.0,Z,0.0,R,59.0,R,36.0,R,61.0,R,16
154448,2009,A,,A,,A,,R,54.0,R,0.0,R,54.0,R,52.0,R,96.0,R,0.0,R,0.0,R,0.0,R,0.0,A,,R,15
154457,2009,A,,A,,A,,R,19.0,R,0.0,R,19.0,R,18.0,R,95.0,R,0.0,R,0.0,R,0.0,R,0.0,A,,R,12
154466,2009,A,,A,,A,,R,23.0,R,0.0,R,23.0,R,10.0,R,43.0,R,0.0,R,0.0,R,0.0,R,0.0,A,,R,10
154493,2009,R,179.0,R,1308.0,R,14.0,R,188.0,R,0.0,R,188.0,R,132.0,R,70.0,R,0.0,R,0.0,R,0.0,R,0.0,A,,R,24
154518,2009,R,145.0,R,258.0,R,56.0,R,118.0,R,0.0,R,118.0,R,55.0,R,47.0,R,0.0,R,0.0,R,0.0,R,0.0,A,,R,14
154527,2009,R,480.0,R,558.0,R,86.0,R,514.0,R,0.0,R,514.0,R,419.0,R,82.0,R,0.0,R,0.0,R,0.0,R,0.0,A,,R,12
154545,2009,A,,A,,A,,R,16.0,R,0.0,R,16.0,R,11.0,R,69.0,R,0.0,R,0.0,R,0.0,R,0.0,A,,R,13
154572,2009,R,313.0,R,2653.0,R,12.0,R,305.0,R,0.0,R,305.0,R,156.0,R,51.0,R,110.0,R,0.0,R,110.0,R,35.0,R,32.0,R,23
154590,2009,R,237.0,R,421.0,R,56.0,R,180.0,R,4.0,R,176.0,R,104.0,R,59.0,R,5.0,Z,0.0,R,5.0,R,1.0,R,20.0,R,21
154633,2009,A,,A,,A,,R,30.0,R,0.0,R,30.0,R,20.0,R,67.0,R,0.0,R,0.0,R,0.0,R,0.0,A,,R,13
154642,2009,R,459.0,R,911.0,R,50.0,R,429.0,R,0.0,R,429.0,R,246.0,R,57.0,R,213.0,Z,0.0,R,213.0,R,51.0,R,24.0,R,21
154651,2009,A,,A,,A,,A,,A,,A,,A,,A,,A,,A,,A,,A,,A,,R,7
154688,2009,A,,A,,A,,R,241.0,R,0.0,R,241.0,R,180.0,R,75.0,R,10.0,R,0.0,R,10.0,R,4.0,R,40.0,R,14
154697,2009,R,323.0,R,2023.0,R,16.0,R,302.0,R,0.0,R,302.0,R,187.0,R,62.0,R,123.0,R,1.0,R,122.0,R,69.0,R,57.0,R,19
154712,2009,R,428.0,R,769.0,R,56.0,R,396.0,R,0.0,R,396.0,R,282.0,R,71.0,R,0.0,R,0.0,R,0.0,R,0.0,A,,R,14
154721,2009,R,182.0,R,250.0,R,73.0,R,176.0,R,1.0,R,175.0,R,101.0,R,58.0,R,2.0,Z,0.0,R,2.0,R,0.0,R,0.0,R,10
154749,2009,R,92.0,R,141.0,R,65.0,R,119.0,R,0.0,R,119.0,R,90.0,R,76.0,R,0.0,R,0.0,R,0.0,Z,0.0,A,,R,9
154767,2009,R,135.0,R,135.0,R,100.0,R,158.0,R,0.0,R,158.0,R,74.0,R,47.0,Z,0.0,Z,0.0,Z,0.0,Z,0.0,A,,R,12
154776,2009,R,166.0,R,166.0,R,100.0,R,196.0,Z,0.0,R,196.0,R,95.0,R,48.0,Z,0.0,Z,0.0,Z,0.0,Z,0.0,A,,R,13
154794,2009,R,56.0,R,56.0,R,100.0,R,81.0,R,0.0,R,81.0,R,50.0,R,62.0,R,0.0,R,0.0,R,0.0,R,0.0,A,,R,34
154800,2009,R,1324.0,R,3392.0,R,39.0,R,1043.0,R,0.0,R,1043.0,R,629.0,R,60.0,R,343.0,R,0.0,R,343.0,R,148.0,R,43.0,R,19
154819,2009,A,,A,,A,,A,,A,,A,,A,,A,,A,,A,,A,,A,,A,,R,20
154837,2009,A,,A,,A,,Z,0.0,Z,0.0,Z,0.0,Z,0.0,A,,R,0.0,Z,0.0,R,0.0,Z,0.0,A,,R,8
154855,2009,R,97.0,R,239.0,R,41.0,R,94.0,R,0.0,R,94.0,R,68.0,R,72.0,R,0.0,Z,0.0,R,0.0,R,0.0,A,,R,14
154907,2009,R,238.0,R,714.0,R,33.0,R,193.0,R,0.0,R,193.0,R,96.0,R,50.0,R,52.0,Z,0.0,R,52.0,R,18.0,R,35.0,R,14
154925,2009,R,541.0,R,725.0,R,75.0,R,607.0,R,1.0,R,606.0,R,347.0,R,57.0,R,56.0,R,2.0,R,54.0,R,39.0,R,72.0,R,22
154934,2009,R,150.0,R,896.0,R,17.0,R,199.0,R,3.0,R,196.0,R,133.0,R,68.0,R,6.0,R,0.0,R,6.0,R,1.0,R,17.0,R,10
154943,2009,A,,A,,A,,R,39.0,R,0.0,R,39.0,R,31.0,R,79.0,R,5.0,R,0.0,R,5.0,R,4.0,R,80.0,R,25
154952,2009,R,654.0,R,1568.0,R,42.0,R,508.0,R,0.0,R,508.0,R,289.0,R,57.0,R,155.0,R,0.0,R,155.0,R,46.0,R,30.0,R,24
154970,2009,A,,A,,A,,R,6.0,R,0.0,R,6.0,R,4.0,R,67.0,R,5.0,R,0.0,R,5.0,R,3.0,R,60.0,R,25
154998,2009,R,368.0,R,1041.0,R,35.0,R,260.0,R,0.0,R,260.0,R,125.0,R,48.0,R,33.0,R,0.0,R,33.0,R,13.0,R,39.0,R,12
155007,2009,R,48.0,R,145.0,R,33.0,R,42.0,Z,0.0,R,42.0,R,20.0,R,48.0,R,64.0,Z,0.0,R,64.0,R,9.0,R,14.0,R,16
155025,2009,R,660.0,R,1258.0,R,52.0,R,655.0,R,0.0,R,655.0,R,449.0,R,69.0,R,26.0,R,0.0,R,26.0,R,17.0,R,65.0,R,15
155052,2009,R,96.0,R,363.0,R,26.0,R,66.0,R,0.0,R,66.0,R,31.0,R,47.0,R,42.0,R,0.0,R,42.0,R,5.0,R,12.0,R,10
155061,2009,R,827.0,R,3256.0,R,25.0,R,766.0,R,1.0,R,765.0,R,521.0,R,68.0,R,34.0,R,0.0,R,34.0,R,18.0,R,53.0,R,18
155070,2009,R,51.0,R,84.0,R,61.0,R,34.0,R,0.0,R,34.0,R,24.0,R,71.0,R,0.0,R,0.0,R,0.0,R,0.0,A,,R,12
155089,2009,R,217.0,R,697.0,R,31.0,R,144.0,R,0.0,R,144.0,R,83.0,R,58.0,R,2.0,R,0.0,R,2.0,R,0.0,R,0.0,R,13
155098,2009,R,384.0,R,900.0,R,43.0,R,339.0,R,0.0,R,339.0,R,191.0,R,56.0,R,85.0,R,0.0,R,85.0,R,34.0,R,40.0,R,18
155104,2009,R,391.0,R,447.0,R,87.0,R,377.0,R,0.0,R,377.0,R,232.0,R,62.0,R,39.0,R,0.0,R,39.0,R,10.0,R,26.0,R,12
155140,2009,R,225.0,R,355.0,R,63.0,R,216.0,R,0.0,R,216.0,R,110.0,R,51.0,R,10.0,R,0.0,R,10.0,R,2.0,R,20.0,R,23
155159,2009,A,,A,,A,,R,19.0,Z,0.0,R,19.0,R,11.0,R,58.0,Z,0.0,Z,0.0,Z,0.0,Z,0.0,A,,R,10
155177,2009,R,166.0,R,238.0,R,70.0,R,177.0,Z,0.0,R,177.0,R,122.0,R,69.0,Z,0.0,Z,0.0,Z,0.0,Z,0.0,A,,R,12
155186,2009,R,741.0,R,2550.0,R,29.0,R,371.0,Z,0.0,R,371.0,R,180.0,R,49.0,R,235.0,Z,0.0,R,235.0,R,60.0,R,26.0,R,12
155195,2009,R,971.0,R,1715.0,R,57.0,R,902.0,R,0.0,R,902.0,R,580.0,R,64.0,R,163.0,R,0.0,R,163.0,R,49.0,R,30.0,R,18
155201,2009,R,281.0,R,450.0,R,62.0,R,216.0,R,0.0,R,216.0,R,88.0,R,41.0,R,46.0,R,0.0,R,46.0,R,11.0,R,24.0,R,13
155210,2009,R,1521.0,R,9831.0,R,15.0,R,1425.0,R,0.0,R,1425.0,R,863.0,R,61.0,R,621.0,R,0.0,R,621.0,R,276.0,R,44.0,R,23
155283,2009,A,,A,,A,,R,301.0,R,0.0,R,301.0,R,176.0,R,58.0,Z,0.0,Z,0.0,Z,0.0,Z,0.0,A,,R,29
155292,2009,R,765.0,R,2135.0,R,36.0,R,523.0,R,0.0,R,523.0,R,295.0,R,56.0,R,398.0,R,0.0,R,398.0,R,148.0,R,37.0,R,16
155317,2009,R,3897.0,R,5700.0,R,68.0,R,4441.0,R,3.0,R,4438.0,R,3452.0,R,78.0,R,42.0,R,0.0,R,42.0,R,15.0,R,36.0,R,20
155335,2009,R,174.0,R,976.0,R,18.0,R,115.0,R,0.0,R,115.0,R,82.0,R,71.0,R,2.0,R,0.0,R,2.0,R,2.0,R,100.0,R,14
155353,2009,A,,A,,A,,R,11.0,Z,0.0,R,11.0,R,11.0,R,100.0,Z,0.0,Z,0.0,Z,0.0,Z,0.0,A,,R,11
155399,2009,R,3420.0,R,5248.0,R,65.0,R,3541.0,R,0.0,R,3541.0,R,2797.0,R,79.0,R,220.0,R,0.0,R,220.0,R,69.0,R,31.0,R,20
155414,2009,R,135.0,R,334.0,R,40.0,R,138.0,R,0.0,R,138.0,R,77.0,R,56.0,R,0.0,R,0.0,R,0.0,R,0.0,A,,R,13
155423,2009,A,,A,,A,,R,72.0,Z,0.0,R,72.0,R,56.0,R,78.0,R,440.0,Z,0.0,R,440.0,R,195.0,R,44.0,R,10
155441,2009,A,,A,,A,,R,7.0,R,0.0,R,7.0,R,5.0,R,71.0,R,13.0,R,0.0,R,13.0,R,9.0,R,69.0,R,10
155450,2009,R,157.0,R,682.0,R,23.0,R,195.0,R,0.0,R,195.0,R,103.0,R,53.0,R,55.0,Z,0.0,R,55.0,R,38.0,R,69.0,R,14
155487,2009,R,95.0,R,346.0,R,27.0,R,89.0,R,0.0,R,89.0,R,55.0,R,62.0,R,11.0,R,0.0,R,11.0,R,5.0,R,45.0,R,14
155496,2009,R,51.0,R,102.0,R,50.0,R,88.0,R,0.0,R,88.0,R,55.0,R,63.0,R,0.0,R,0.0,R,0.0,R,0.0,A,,R,18
155511,2009,R,137.0,R,258.0,R,53.0,R,135.0,Z,0.0,R,135.0,R,91.0,R,67.0,R,0.0,R,0.0,R,0.0,R,0.0,A,,R,15
155520,2009,R,195.0,R,452.0,R,43.0,R,204.0,R,0.0,R,204.0,R,157.0,R,77.0,R,0.0,R,0.0,R,0.0,R,0.0,A,,R,10
155566,2009,R,233.0,R,384.0,R,61.0,R,229.0,Z,0.0,R,229.0,R,127.0,R,55.0,R,24.0,Z,0.0,R,24.0,R,6.0,R,25.0,R,21
155593,2009,A,,A,,A,,R,192.0,R,0.0,R,192.0,R,118.0,R,61.0,R,36.0,R,0.0,R,36.0,R,34.0,R,94.0,R,10
155618,2009,A,,A,,A,,R,125.0,R,0.0,R,125.0,R,95.0,R,76.0,R,0.0,Z,0.0,R,0.0,Z,0.0,A,,R,11
155627,2009,R,150.0,R,199.0,R,75.0,R,201.0,R,0.0,R,201.0,R,100.0,R,50.0,R,0.0,R,0.0,R,0.0,R,0.0,A,,R,14
155636,2009,A,,A,,A,,A,,A,,A,,A,,A,,A,,A,,A,,A,,A,,R,8
155681,2009,R,990.0,R,1041.0,R,95.0,R,1018.0,R,0.0,R,1018.0,R,764.0,R,75.0,R,13.0,R,0.0,R,13.0,R,5.0,R,38.0,R,19
155715,2009,R,264.0,R,499.0,R,53.0,R,270.0,R,2.0,R,268.0,R,164.0,R,61.0,R,7.0,R,0.0,R,7.0,R,0.0,R,0.0,R,20
155812,2009,R,129.0,R,351.0,R,37.0,R,113.0,R,0.0,R,113.0,R,65.0,R,58.0,R,0.0,Z,0.0,R,0.0,Z,0.0,A,,R,11
155830,2009,R,136.0,R,257.0,R,53.0,R,108.0,R,0.0,R,108.0,R,79.0,R,73.0,R,12.0,R,0.0,R,12.0,R,8.0,R,67.0,R,13
155858,2009,R,337.0,R,1206.0,R,28.0,R,289.0,R,0.0,R,289.0,R,172.0,R,60.0,R,54.0,R,0.0,R,54.0,R,23.0,R,43.0,R,9
155867,2009,A,,A,,A,,R,15.0,R,0.0,R,15.0,R,10.0,R,67.0,Z,0.0,Z,0.0,Z,0.0,Z,0.0,A,,R,17
155900,2009,R,119.0,R,367.0,R,32.0,R,158.0,R,0.0,R,158.0,R,111.0,R,70.0,R,0.0,Z,0.0,R,0.0,Z,0.0,A,,R,10
155937,2009,R,186.0,R,266.0,R,70.0,R,150.0,R,0.0,R,150.0,R,119.0,R,79.0,R,0.0,R,0.0,R,0.0,R,0.0,A,,R,13
155973,2009,R,140.0,R,217.0,R,65.0,R,141.0,R,0.0,R,141.0,R,96.0,R,68.0,R,0.0,Z,0.0,R,0.0,R,0.0,A,,R,12
156082,2009,R,708.0,R,1541.0,R,46.0,R,726.0,R,0.0,R,726.0,R,476.0,R,66.0,R,104.0,Z,0.0,R,104.0,R,45.0,R,43.0,R,15
156107,2009,A,,A,,A,,R,317.0,R,0.0,R,317.0,R,228.0,R,72.0,R,153.0,R,0.0,R,153.0,R,115.0,R,75.0,R,13
156125,2009,R,1280.0,R,2760.0,R,46.0,R,1315.0,Z,0.0,R,1315.0,R,915.0,R,70.0,R,105.0,Z,0.0,R,105.0,R,42.0,R,40.0,R,20
156134,2009,A,,A,,A,,R,209.0,R,1.0,R,208.0,R,149.0,R,72.0,R,0.0,R,0.0,R,0.0,R,0.0,A,,R,24
156189,2009,R,171.0,R,210.0,R,81.0,R,187.0,R,0.0,R,187.0,R,115.0,R,61.0,R,0.0,R,0.0,R,0.0,R,0.0,A,,R,17
156213,2009,R,315.0,R,507.0,R,62.0,R,311.0,Z,0.0,R,311.0,R,258.0,R,83.0,R,2.0,Z,0.0,R,2.0,R,1.0,R,50.0,R,15
156231,2009,R,577.0,R,897.0,R,64.0,R,411.0,R,1.0,R,410.0,R,232.0,R,57.0,R,59.0,R,0.0,R,59.0,R,30.0,R,51.0,R,17
156277,2009,A,,A,,A,,R,64.0,R,0.0,R,64.0,R,44.0,R,69.0,R,0.0,R,0.0,R,0.0,R,0.0,A,,R,18
156286,2009,R,602.0,R,905.0,R,67.0,R,567.0,R,0.0,R,567.0,R,441.0,R,78.0,R,6.0,R,0.0,R,6.0,R,1.0,R,17.0,R,12
156295,2009,R,392.0,R,466.0,R,84.0,R,413.0,R,0.0,R,413.0,R,338.0,R,82.0,Z,0.0,Z,0.0,Z,0.0,Z,0.0,A,,R,10
156310,2009,A,,A,,A,,R,150.0,R,0.0,R,150.0,R,105.0,R,70.0,R,44.0,R,0.0,R,44.0,R,36.0,R,82.0,R,8
156338,2009,R,277.0,R,1024.0,R,27.0,R,166.0,R,0.0,R,166.0,R,101.0,R,61.0,R,144.0,R,0.0,R,144.0,R,95.0,R,66.0,R,18
156356,2009,R,114.0,R,196.0,R,58.0,R,113.0,R,0.0,R,113.0,R,64.0,R,57.0,R,0.0,R,0.0,R,0.0,R,0.0,A,,R,11
156365,2009,R,514.0,R,1532.0,R,34.0,R,443.0,R,0.0,R,443.0,R,289.0,R,65.0,R,6.0,R,0.0,R,6.0,R,3.0,R,50.0,R,13
156392,2009,R,1822.0,R,3755.0,R,49.0,R,1569.0,R,3.0,R,1566.0,R,921.0,R,59.0,R,708.0,R,0.0,R,708.0,R,365.0,R,52.0,R,19
156408,2009,R,332.0,R,342.0,R,97.0,R,336.0,R,0.0,R,336.0,R,305.0,R,91.0,R,0.0,R,0.0,R,0.0,R,0.0,A,,R,11
156417,2009,R,13.0,R,60.0,R,22.0,R,13.0,R,0.0,R,13.0,R,10.0,R,77.0,R,3.0,R,0.0,R,3.0,R,3.0,R,100.0,R,19
156426,2009,A,,A,,A,,R,3.0,R,0.0,R,3.0,R,3.0,R,100.0,R,0.0,R,0.0,R,0.0,R,0.0,A,,R,17
156444,2009,A,,A,,A,,R,16.0,R,0.0,R,16.0,R,10.0,R,63.0,R,0.0,R,0.0,R,0.0,R,0.0,A,,R,20
156471,2009,A,,A,,A,,R,65.0,R,0.0,R,65.0,R,51.0,R,78.0,R,45.0,R,0.0,R,45.0,R,31.0,R,69.0,R,13
156541,2009,R,453.0,R,531.0,R,85.0,R,432.0,R,0.0,R,432.0,R,263.0,R,61.0,R,0.0,R,0.0,R,0.0,R,0.0,A,,R,19
156620,2009,R,2519.0,R,3725.0,R,68.0,R,2414.0,R,0.0,R,2414.0,R,1662.0,R,69.0,R,35.0,R,0.0,R,35.0,R,15.0,R,43.0,R,17
156648,2009,R,1144.0,R,2299.0,R,50.0,R,855.0,R,2.0,R,853.0,R,511.0,R,60.0,R,336.0,R,1.0,R,335.0,R,231.0,R,69.0,R,21
156675,2009,A,,A,,A,,R,23.0,R,0.0,R,23.0,R,12.0,R,52.0,Z,0.0,Z,0.0,Z,0.0,Z,0.0,A,,R,15
156745,2009,R,378.0,R,441.0,R,86.0,R,378.0,R,0.0,R,378.0,R,297.0,R,79.0,R,1.0,Z,0.0,R,1.0,R,1.0,R,100.0,R,11
156754,2009,A,,A,,A,,R,37.0,R,0.0,R,37.0,R,28.0,R,76.0,R,0.0,R,0.0,R,0.0,R,0.0,A,,R,8
156790,2009,R,517.0,R,1072.0,R,48.0,R,389.0,R,0.0,R,389.0,R,236.0,R,61.0,R,48.0,R,0.0,R,48.0,R,39.0,R,81.0,R,14
156842,2009,A,,A,,A,,R,16.0,Z,0.0,R,16.0,R,11.0,R,69.0,Z,0.0,Z,0.0,Z,0.0,Z,0.0,A,,R,15
156851,2009,R,138.0,R,401.0,R,34.0,R,200.0,R,0.0,R,200.0,R,115.0,R,58.0,R,60.0,R,0.0,R,60.0,R,21.0,R,35.0,R,14
156860,2009,R,380.0,R,977.0,R,39.0,R,435.0,R,0.0,R,435.0,R,239.0,R,55.0,R,222.0,R,0.0,R,222.0,R,78.0,R,35.0,R,23
156903,2009,A,,A,,A,,R,27.0,R,0.0,R,27.0,R,23.0,R,85.0,R,4.0,R,0.0,R,4.0,R,3.0,R,75.0,R,16
156921,2009,R,1296.0,R,3144.0,R,41.0,R,1201.0,R,3.0,R,1198.0,R,722.0,R,60.0,R,815.0,R,1.0,R,814.0,R,396.0,R,49.0,R,17
156949,2009,A,,A,,A,,R,9.0,R,0.0,R,9.0,R,8.0,R,89.0,R,14.0,R,0.0,R,14.0,R,12.0,R,86.0,R,8
156967,2009,A,,A,,A,,R,8.0,R,0.0,R,8.0,R,7.0,R,88.0,R,0.0,R,0.0,R,0.0,R,0.0,A,,R,18
157021,2009,R,472.0,R,544.0,R,87.0,R,13.0,R,0.0,R,13.0,R,9.0,R,69.0,R,12.0,R,0.0,R,12.0,R,4.0,R,33.0,R,21
157030,2009,R,21.0,R,35.0,R,60.0,R,18.0,R,0.0,R,18.0,R,9.0,R,50.0,R,0.0,R,0.0,R,0.0,R,0.0,A,,R,7
157058,2009,R,527.0,R,723.0,R,73.0,R,579.0,R,0.0,R,579.0,R,301.0,R,52.0,R,18.0,R,0.0,R,18.0,R,1.0,R,6.0,R,15
157076,2009,R,227.0,R,306.0,R,74.0,R,219.0,R,0.0,R,219.0,R,138.0,R,63.0,R,0.0,R,0.0,R,0.0,R,0.0,A,,R,15
157085,2009,R,4111.0,R,5323.0,R,77.0,R,4079.0,R,2.0,R,4077.0,R,3275.0,R,80.0,R,31.0,Z,0.0,R,31.0,R,9.0,R,29.0,R,18
157100,2009,R,139.0,R,180.0,R,77.0,R,191.0,R,0.0,R,191.0,R,102.0,R,53.0,R,0.0,R,0.0,R,0.0,R,0.0,A,,R,14
157216,2009,R,563.0,R,972.0,R,58.0,R,421.0,R,0.0,R,421.0,R,227.0,R,54.0,R,64.0,R,0.0,R,64.0,R,25.0,R,39.0,R,16
157270,2009,R,140.0,R,283.0,R,49.0,R,3.0,R,0.0,R,3.0,R,3.0,R,100.0,R,2.0,R,0.0,R,2.0,R,2.0,R,100.0,R,9
157289,2009,R,2442.0,R,3587.0,R,68.0,R,2548.0,R,2.0,R,2546.0,R,1999.0,R,79.0,R,60.0,R,0.0,R,60.0,R,31.0,R,52.0,R,19
157304,2009,R,319.0,R,659.0,R,48.0,R,387.0,R,0.0,R,387.0,R,262.0,R,68.0,R,104.0,R,0.0,R,104.0,R,75.0,R,72.0,R,14
157331,2009,R,482.0,R,898.0,R,54.0,R,281.0,R,0.0,R,281.0,R,172.0,R,61.0,R,116.0,R,0.0,R,116.0,R,92.0,R,79.0,R,17
157359,2009,R,172.0,R,572.0,R,30.0,R,101.0,R,0.0,R,101.0,R,70.0,R,69.0,R,20.0,R,0.0,R,20.0,R,5.0,R,25.0,R,23
157377,2009,R,125.0,R,446.0,R,28.0,R,120.0,R,0.0,R,120.0,R,99.0,R,83.0,R,49.0,R,0.0,R,49.0,R,39.0,R,80.0,R,14
157386,2009,R,1246.0,R,1793.0,R,69.0,R,1314.0,R,0.0,R,1314.0,R,978.0,R,74.0,R,36.0,R,0.0,R,36.0,R,21.0,R,58.0,R,16
157395,2009,A,,A,,A,,R,36.0,R,0.0,R,36.0,R,26.0,R,72.0,R,0.0,R,0.0,R,0.0,R,0.0,A,,R,17
157401,2009,R,1376.0,R,1972.0,R,70.0,R,1450.0,Z,0.0,R,1450.0,R,1051.0,R,72.0,R,12.0,Z,0.0,R,12.0,R,3.0,R,25.0,R,16
157438,2009,R,328.0,R,965.0,R,34.0,R,177.0,R,1.0,R,176.0,R,119.0,R,68.0,R,269.0,R,0.0,R,269.0,R,160.0,R,59.0,R,15
157447,2009,R,2189.0,R,3438.0,R,64.0,R,1963.0,R,0.0,R,1963.0,R,1315.0,R,67.0,R,139.0,R,0.0,R,139.0,R,50.0,R,36.0,R,16
157456,2009,A,,A,,A,,R,6.0,R,0.0,R,6.0,R,5.0,R,83.0,R,0.0,R,0.0,R,0.0,R,0.0,A,,R,7
157465,2009,R,80.0,R,106.0,R,75.0,R,45.0,R,1.0,R,44.0,R,22.0,R,50.0,R,13.0,R,0.0,R,13.0,R,8.0,R,62.0,R,24
157483,2009,R,510.0,R,1563.0,R,33.0,R,568.0,R,0.0,R,568.0,R,369.0,R,65.0,R,194.0,R,0.0,R,194.0,R,151.0,R,78.0,R,13
157508,2009,A,,A,,A,,R,3.0,Z,0.0,R,3.0,R,1.0,R,33.0,R,2.0,Z,0.0,R,2.0,R,1.0,R,50.0,R,21
157535,2009,R,185.0,R,268.0,R,69.0,R,162.0,R,0.0,R,162.0,R,84.0,R,52.0,R,2.0,R,0.0,R,2.0,R,0.0,R,0.0,R,11
157553,2009,R,432.0,R,842.0,R,51.0,R,296.0,R,0.0,R,296.0,R,181.0,R,61.0,R,76.0,R,0.0,R,76.0,R,19.0,R,25.0,R,18
157599,2009,R,372.0,R,372.0,R,100.0,R,312.0,R,0.0,R,312.0,R,143.0,R,46.0,Z,0.0,Z,0.0,Z,0.0,Z,0.0,A,,R,19
157614,2009,A,,A,,A,,R,38.0,Z,0.0,R,38.0,R,25.0,R,66.0,R,15.0,Z,0.0,R,15.0,R,10.0,R,67.0,R,22
157632,2009,R,170.0,R,393.0,R,43.0,R,81.0,Z,0.0,R,81.0,R,52.0,R,64.0,R,5.0,Z,0.0,R,5.0,R,2.0,R,40.0,R,15
157650,2009,A,,A,,A,,R,62.0,Z,0.0,R,62.0,R,38.0,R,61.0,R,16.0,Z,0.0,R,16.0,R,10.0,R,63.0,R,16
157669,2009,A,,A,,A,,R,45.0,Z,0.0,R,45.0,R,25.0,R,56.0,Z,0.0,Z,0.0,Z,0.0,Z,0.0,A,,R,19
157678,2009,A,,A,,A,,R,50.0,Z,0.0,R,50.0,R,28.0,R,56.0,R,16.0,Z,0.0,R,16.0,R,8.0,R,50.0,R,15
157696,2009,R,132.0,R,132.0,R,100.0,R,183.0,Z,0.0,R,183.0,R,97.0,R,53.0,Z,0.0,Z,0.0,Z,0.0,Z,0.0,A,,R,12
157711,2009,R,1248.0,R,1966.0,R,63.0,R,837.0,R,1.0,R,836.0,R,521.0,R,62.0,R,177.0,R,0.0,R,177.0,R,113.0,R,64.0,R,22
157739,2009,R,348.0,R,770.0,R,45.0,R,292.0,R,1.0,R,291.0,R,171.0,R,59.0,R,114.0,R,0.0,R,114.0,R,48.0,R,42.0,R,17
157748,2009,R,177.0,R,543.0,R,33.0,R,169.0,R,0.0,R,169.0,R,122.0,R,72.0,R,42.0,R,0.0,R,42.0,R,15.0,R,36.0,R,28
157757,2009,A,,A,,A,,R,102.0,Z,0.0,R,102.0,R,72.0,R,71.0,R,51.0,Z,0.0,R,51.0,R,12.0,R,24.0,R,15
157766,2009,R,384.0,R,480.0,R,80.0,R,336.0,R,0.0,R,336.0,R,170.0,R,51.0,R,35.0,R,0.0,R,35.0,R,30.0,R,86.0,R,13
157793,2009,R,325.0,R,889.0,R,37.0,R,9.0,Z,0.0,R,9.0,R,6.0,R,67.0,R,1.0,Z,0.0,R,1.0,R,1.0,R,100.0,R,35
157809,2009,R,304.0,R,617.0,R,49.0,R,277.0,R,0.0,R,277.0,R,190.0,R,69.0,Z,0.0,Z,0.0,Z,0.0,Z,0.0,A,,R,16
157818,2009,R,282.0,R,297.0,R,95.0,R,315.0,R,0.0,R,315.0,R,259.0,R,82.0,R,0.0,R,0.0,R,0.0,R,0.0,A,,R,12
157827,2009,A,,A,,A,,R,65.0,R,5.0,R,60.0,R,1.0,R,2.0,R,15.0,R,0.0,R,15.0,R,2.0,R,13.0,R,20
157863,2009,R,188.0,R,274.0,R,69.0,R,243.0,R,0.0,R,243.0,R,133.0,R,55.0,R,1.0,R,0.0,R,1.0,R,1.0,R,100.0,R,15
157951,2009,R,3295.0,R,4388.0,R,75.0,R,2586.0,R,4.0,R,2582.0,R,1902.0,R,74.0,R,33.0,R,0.0,R,33.0,R,19.0,R,58.0,R,19
158088,2009,R,141.0,R,261.0,R,54.0,R,67.0,R,0.0,R,67.0,R,44.0,R,66.0,R,67.0,R,0.0,R,67.0,R,24.0,R,36.0,R,12
158158,2009,A,,A,,A,,R,79.0,R,11.0,R,68.0,R,68.0,R,100.0,R,22.0,R,1.0,R,21.0,R,20.0,R,95.0,R,12
158219,2009,R,17.0,R,36.0,R,47.0,R,18.0,R,0.0,R,18.0,R,4.0,R,22.0,R,19.0,R,0.0,R,19.0,R,6.0,R,32.0,R,18
158237,2009,A,,A,,A,,R,6.0,R,0.0,R,6.0,R,4.0,R,67.0,R,2.0,R,0.0,R,2.0,R,0.0,R,0.0,R,21
158246,2009,A,,A,,A,,A,,A,,A,,A,,A,,A,,A,,A,,A,,A,,R,15
158282,2009,A,,A,,A,,R,15.0,Z,0.0,R,15.0,R,14.0,R,93.0,R,0.0,Z,0.0,R,0.0,Z,0.0,A,,R,15
158307,2009,A,,A,,A,,R,35.0,Z,0.0,R,35.0,R,29.0,R,83.0,R,19.0,Z,0.0,R,19.0,R,9.0,R,47.0,R,19
158325,2009,A,,A,,A,,R,46.0,R,6.0,R,40.0,R,36.0,R,90.0,R,0.0,R,0.0,R,0.0,R,0.0,A,,R,10
158334,2009,A,,A,,A,,R,15.0,R,2.0,R,13.0,R,13.0,R,100.0,R,0.0,R,0.0,R,0.0,R,0.0,A,,R,10
158343,2009,A,,A,,A,,R,27.0,R,0.0,R,27.0,R,23.0,R,85.0,R,32.0,Z,0.0,R,32.0,R,29.0,R,91.0,R,25
158352,2009,R,187.0,R,465.0,R,40.0,R,132.0,R,0.0,R,132.0,R,64.0,R,48.0,R,36.0,R,0.0,R,36.0,R,10.0,R,28.0,R,22
158431,2009,R,1042.0,R,2089.0,R,50.0,R,776.0,R,0.0,R,776.0,R,398.0,R,51.0,R,142.0,R,0.0,R,142.0,R,63.0,R,44.0,R,22
158440,2009,A,,A,,A,,R,16.0,Z,0.0,R,16.0,R,14.0,R,88.0,Z,0.0,Z,0.0,Z,0.0,Z,0.0,A,,R,15
158477,2009,R,279.0,R,325.0,R,86.0,R,246.0,R,0.0,R,246.0,R,183.0,R,74.0,R,0.0,R,0.0,R,0.0,R,0.0,A,,R,11
158538,2009,A,,A,,A,,R,9.0,Z,0.0,R,9.0,R,5.0,R,56.0,Z,0.0,Z,0.0,Z,0.0,Z,0.0,A,,R,20
158583,2009,R,28.0,R,72.0,R,39.0,R,41.0,Z,0.0,R,41.0,R,35.0,R,85.0,R,11.0,Z,0.0,R,11.0,R,5.0,R,45.0,R,10
158617,2009,A,,A,,A,,A,,A,,A,,A,,A,,A,,A,,A,,A,,A,,R,20
158644,2009,A,,A,,A,,R,123.0,Z,0.0,R,123.0,R,69.0,R,56.0,R,17.0,Z,0.0,R,17.0,R,13.0,R,76.0,R,10
158662,2009,R,2275.0,R,4698.0,R,48.0,R,1604.0,R,0.0,R,1604.0,R,904.0,R,56.0,R,701.0,R,0.0,R,701.0,R,306.0,R,44.0,R,21
158723,2009,R,185.0,R,185.0,R,100.0,R,194.0,R,0.0,R,194.0,R,110.0,R,57.0,R,0.0,R,0.0,R,0.0,R,0.0,A,,R,12
158769,2009,R,110.0,R,263.0,R,42.0,R,59.0,R,1.0,R,58.0,R,41.0,R,71.0,R,7.0,R,0.0,R,7.0,R,0.0,R,0.0,R,20
158778,2009,A,,A,,A,,R,10.0,R,0.0,R,10.0,R,7.0,R,70.0,R,0.0,R,0.0,R,0.0,R,0.0,A,,R,20
158787,2009,A,,A,,A,,R,51.0,R,0.0,R,51.0,R,37.0,R,73.0,R,0.0,R,0.0,R,0.0,R,0.0,A,,R,16
158802,2009,R,321.0,R,420.0,R,76.0,R,173.0,Z,0.0,R,173.0,R,121.0,R,70.0,Z,0.0,Z,0.0,Z,0.0,Z,0.0,A,,R,10
158884,2009,R,149.0,R,468.0,R,32.0,R,100.0,Z,0.0,R,100.0,R,49.0,R,49.0,R,63.0,Z,0.0,R,63.0,R,30.0,R,48.0,R,23
158893,2009,A,,A,,A,,R,14.0,Z,0.0,R,14.0,R,5.0,R,36.0,R,16.0,Z,0.0,R,16.0,R,10.0,R,63.0,R,9
158936,2009,R,58.0,R,163.0,R,36.0,R,43.0,Z,0.0,R,43.0,R,27.0,R,63.0,R,33.0,Z,0.0,R,33.0,R,15.0,R,45.0,R,20
158945,2009,A,,A,,A,,R,125.0,R,0.0,R,125.0,R,108.0,R,86.0,R,19.0,R,0.0,R,19.0,R,12.0,R,63.0,R,27
159009,2009,R,910.0,R,1089.0,R,84.0,R,1203.0,R,0.0,R,1203.0,R,668.0,R,56.0,R,10.0,R,0.0,R,10.0,R,1.0,R,10.0,R,19
159018,2009,R,51.0,R,104.0,R,49.0,R,15.0,R,0.0,R,15.0,R,9.0,R,60.0,R,5.0,R,0.0,R,5.0,R,3.0,R,60.0,R,19
159027,2009,A,,A,,A,,R,38.0,R,0.0,R,38.0,R,29.0,R,76.0,R,0.0,R,0.0,R,0.0,R,0.0,A,,R,6
159045,2009,R,172.0,R,320.0,R,54.0,R,87.0,R,0.0,R,87.0,R,58.0,R,67.0,R,23.0,R,0.0,R,23.0,R,15.0,R,65.0,R,21
159090,2009,A,,A,,A,,R,8.0,R,0.0,R,8.0,R,5.0,R,63.0,R,3.0,R,0.0,R,3.0,R,2.0,R,67.0,R,14
159197,2009,A,,A,,A,,R,291.0,R,1.0,R,290.0,R,175.0,R,60.0,R,0.0,R,0.0,R,0.0,R,0.0,A,,R,4
159249,2009,A,,A,,A,,R,3.0,R,0.0,R,3.0,R,1.0,R,33.0,R,2.0,R,0.0,R,2.0,R,1.0,R,50.0,R,11
159258,2009,R,74.0,R,281.0,R,26.0,R,29.0,R,0.0,R,29.0,R,20.0,R,69.0,R,36.0,R,0.0,R,36.0,R,9.0,R,25.0,R,26
159267,2009,R,43.0,R,106.0,R,41.0,R,45.0,R,0.0,R,45.0,R,27.0,R,60.0,R,20.0,R,0.0,R,20.0,R,8.0,R,40.0,R,16
159319,2009,A,,A,,A,,A,,A,,A,,A,,A,,A,,A,,A,,A,,A,,R,15
159328,2009,A,,A,,A,,R,71.0,R,0.0,R,71.0,R,54.0,R,76.0,R,0.0,R,0.0,R,0.0,R,0.0,A,,R,16
159373,2009,A,,A,,A,,A,,A,,A,,A,,A,,A,,A,,A,,A,,A,,R,3
159382,2009,R,309.0,R,914.0,R,34.0,R,130.0,R,0.0,R,130.0,R,69.0,R,53.0,R,14.0,R,0.0,R,14.0,R,7.0,R,50.0,R,14
159391,2009,R,4779.0,R,5868.0,R,81.0,R,5135.0,R,0.0,R,5135.0,R,4292.0,R,84.0,R,6.0,R,0.0,R,6.0,R,5.0,R,83.0,R,20
159407,2009,R,803.0,R,1167.0,R,69.0,R,710.0,R,0.0,R,710.0,R,356.0,R,50.0,R,125.0,R,0.0,R,125.0,R,64.0,R,51.0,R,25
159416,2009,R,346.0,R,959.0,R,36.0,R,419.0,R,0.0,R,419.0,R,261.0,R,62.0,R,19.0,R,0.0,R,19.0,R,3.0,R,16.0,R,21
159443,2009,R,157.0,R,304.0,R,52.0,R,120.0,Z,0.0,R,120.0,R,66.0,R,55.0,R,74.0,Z,0.0,R,74.0,R,24.0,R,32.0,R,18
159513,2009,A,,A,,A,,R,56.0,R,0.0,R,56.0,R,48.0,R,86.0,Z,0.0,Z,0.0,Z,0.0,Z,0.0,A,,R,14
159522,2009,A,,A,,A,,R,48.0,Z,0.0,R,48.0,R,42.0,R,88.0,Z,0.0,Z,0.0,Z,0.0,Z,0.0,A,,R,16
159531,2009,A,,A,,A,,R,9.0,Z,0.0,R,9.0,R,8.0,R,89.0,Z,0.0,Z,0.0,Z,0.0,Z,0.0,A,,R,6
159568,2009,R,255.0,R,421.0,R,61.0,R,223.0,R,0.0,R,223.0,R,146.0,R,65.0,R,2.0,R,0.0,R,2.0,R,0.0,R,0.0,R,16
159601,2009,A,,A,,A,,R,19.0,R,0.0,R,19.0,R,15.0,R,79.0,R,0.0,R,0.0,R,0.0,R,0.0,A,,R,8
159647,2009,R,1450.0,R,1967.0,R,74.0,R,1506.0,R,0.0,R,1506.0,R,1118.0,R,74.0,R,51.0,R,0.0,R,51.0,R,9.0,R,18.0,R,20
159656,2009,R,796.0,R,987.0,R,81.0,R,692.0,R,0.0,R,692.0,R,555.0,R,80.0,Z,0.0,Z,0.0,Z,0.0,Z,0.0,A,,R,9
159692,2009,A,,A,,A,,R,40.0,R,0.0,R,40.0,R,30.0,R,75.0,R,9.0,R,0.0,R,9.0,R,6.0,R,67.0,R,14
159717,2009,R,1235.0,R,2218.0,R,56.0,R,1264.0,Z,0.0,R,1264.0,R,849.0,R,67.0,R,39.0,Z,0.0,R,39.0,R,19.0,R,49.0,R,21
159823,2009,R,78.0,R,87.0,R,90.0,R,75.0,R,0.0,R,75.0,R,47.0,R,63.0,R,11.0,R,0.0,R,11.0,R,5.0,R,45.0,R,21
159939,2009,R,1221.0,R,2105.0,R,58.0,R,1210.0,R,0.0,R,1210.0,R,832.0,R,69.0,R,36.0,R,0.0,R,36.0,R,14.0,R,39.0,R,18
159948,2009,R,61.0,R,355.0,R,17.0,R,32.0,R,0.0,R,32.0,R,22.0,R,69.0,R,41.0,R,0.0,R,41.0,R,27.0,R,66.0,R,29
159966,2009,R,1216.0,R,1562.0,R,78.0,R,1099.0,R,0.0,R,1099.0,R,758.0,R,69.0,R,35.0,R,0.0,R,35.0,R,20.0,R,57.0,R,21
159984,2009,A,,A,,A,,R,6.0,Z,0.0,R,6.0,R,3.0,R,50.0,R,2.0,Z,0.0,R,2.0,R,0.0,R,0.0,R,20
159993,2009,R,1311.0,R,1832.0,R,72.0,R,1200.0,R,0.0,R,1200.0,R,864.0,R,72.0,R,27.0,Z,0.0,R,27.0,R,15.0,R,56.0,R,17
160001,2009,R,75.0,R,151.0,R,50.0,R,33.0,Z,0.0,R,33.0,R,24.0,R,73.0,R,21.0,Z,0.0,R,21.0,R,15.0,R,71.0,R,20
160010,2009,R,101.0,R,142.0,R,71.0,R,102.0,Z,0.0,R,102.0,R,69.0,R,68.0,R,30.0,Z,0.0,R,30.0,R,9.0,R,30.0,R,19
160038,2009,R,1238.0,R,2004.0,R,62.0,R,1089.0,R,0.0,R,1089.0,R,753.0,R,69.0,R,39.0,R,0.0,R,39.0,R,12.0,R,31.0,R,18
160047,2009,R,40.0,R,167.0,R,24.0,R,53.0,Z,0.0,R,53.0,R,33.0,R,62.0,R,23.0,Z,0.0,R,23.0,R,6.0,R,26.0,R,22
160065,2009,R,64.0,R,255.0,R,25.0,R,82.0,R,0.0,R,82.0,R,43.0,R,52.0,R,28.0,R,0.0,R,28.0,R,9.0,R,32.0,R,10
160074,2009,R,70.0,R,350.0,R,20.0,R,7.0,R,0.0,R,7.0,R,7.0,R,100.0,R,1.0,R,0.0,R,1.0,R,1.0,R,100.0,R,17
160117,2009,A,,A,,A,,R,10.0,R,0.0,R,10.0,R,1.0,R,10.0,Z,0.0,Z,0.0,Z,0.0,Z,0.0,A,,R,3
160126,2009,A,,A,,A,,R,3.0,R,0.0,R,3.0,R,2.0,R,67.0,Z,0.0,Z,0.0,Z,0.0,Z,0.0,A,,R,3
160135,2009,A,,A,,A,,R,15.0,R,0.0,R,15.0,R,7.0,R,47.0,Z,0.0,Z,0.0,Z,0.0,Z,0.0,A,,R,5
160199,2009,A,,A,,A,,R,21.0,Z,0.0,R,21.0,R,20.0,R,95.0,Z,0.0,Z,0.0,Z,0.0,Z,0.0,A,,R,13
160214,2009,A,,A,,A,,R,23.0,R,0.0,R,23.0,R,20.0,R,87.0,R,8.0,R,0.0,R,8.0,R,3.0,R,38.0,R,25
160311,2009,R,124.0,R,280.0,R,44.0,R,102.0,R,0.0,R,102.0,R,69.0,R,68.0,R,100.0,R,0.0,R,100.0,R,50.0,R,50.0,R,28
160320,2009,A,,A,,A,,R,39.0,Z,0.0,R,39.0,R,31.0,R,79.0,Z,0.0,Z,0.0,Z,0.0,Z,0.0,A,,R,16
160348,2009,A,,A,,A,,R,4.0,Z,0.0,R,4.0,R,3.0,R,75.0,R,0.0,Z,0.0,R,0.0,R,0.0,A,,R,7
160366,2009,R,58.0,R,127.0,R,46.0,R,21.0,Z,0.0,R,21.0,R,10.0,R,48.0,R,27.0,Z,0.0,R,27.0,R,18.0,R,67.0,R,14
160384,2009,A,,A,,A,,R,9.0,R,0.0,R,9.0,R,1.0,R,11.0,R,7.0,R,0.0,R,7.0,R,4.0,R,57.0,R,23
160409,2009,R,9.0,R,36.0,R,25.0,R,6.0,R,0.0,R,6.0,R,3.0,R,50.0,Z,0.0,Z,0.0,Z,0.0,Z,0.0,A,,R,4
160427,2009,R,163.0,R,354.0,R,46.0,R,92.0,R,0.0,R,92.0,R,53.0,R,58.0,R,58.0,R,0.0,R,58.0,R,28.0,R,48.0,R,20
160445,2009,A,,A,,A,,R,29.0,R,0.0,R,29.0,R,18.0,R,62.0,R,0.0,R,0.0,R,0.0,R,0.0,A,,R,20
160472,2009,A,,A,,A,,R,51.0,R,0.0,R,51.0,R,34.0,R,67.0,R,0.0,R,0.0,R,0.0,R,0.0,A,,R,12
160481,2009,R,263.0,R,794.0,R,33.0,R,181.0,Z,0.0,R,181.0,R,96.0,R,53.0,R,41.0,Z,0.0,R,41.0,R,24.0,R,59.0,R,23
160524,2009,A,,A,,A,,R,111.0,R,0.0,R,111.0,R,58.0,R,52.0,R,0.0,R,0.0,R,0.0,R,0.0,A,,R,22
160560,2009,A,,A,,A,,R,27.0,Z,0.0,R,27.0,R,17.0,R,63.0,R,6.0,Z,0.0,R,6.0,R,3.0,R,50.0,R,13
160579,2009,R,402.0,R,582.0,R,69.0,R,264.0,R,5.0,R,259.0,R,162.0,R,63.0,R,178.0,R,4.0,R,174.0,R,88.0,R,51.0,R,22
160597,2009,A,,A,,A,,R,29.0,R,0.0,R,29.0,R,19.0,R,66.0,R,95.0,R,0.0,R,95.0,R,85.0,R,89.0,R,15
160612,2009,R,2516.0,R,4166.0,R,60.0,R,2622.0,R,4.0,R,2618.0,R,1766.0,R,67.0,R,139.0,Z,0.0,R,139.0,R,73.0,R,53.0,R,22
160621,2009,R,993.0,R,1284.0,R,77.0,R,1034.0,R,0.0,R,1034.0,R,741.0,R,72.0,R,10.0,R,0.0,R,10.0,R,8.0,R,80.0,R,16
160630,2009,R,399.0,R,834.0,R,48.0,R,273.0,R,0.0,R,273.0,R,128.0,R,47.0,R,80.0,R,0.0,R,80.0,R,34.0,R,43.0,R,25
160649,2009,R,381.0,R,847.0,R,45.0,R,360.0,R,0.0,R,360.0,R,196.0,R,54.0,R,12.0,R,0.0,R,12.0,R,7.0,R,58.0,R,22
160658,2009,R,2569.0,R,3336.0,R,77.0,R,2581.0,R,0.0,R,2581.0,R,1957.0,R,76.0,R,48.0,R,0.0,R,48.0,R,24.0,R,50.0,R,22
160667,2009,R,117.0,R,276.0,R,42.0,R,57.0,Z,0.0,R,57.0,R,32.0,R,56.0,R,17.0,Z,0.0,R,17.0,R,8.0,R,47.0,R,19
160676,2009,R,186.0,R,239.0,R,78.0,R,81.0,Z,0.0,R,81.0,R,60.0,R,74.0,R,12.0,Z,0.0,R,12.0,R,7.0,R,58.0,R,19
160685,2009,R,42.0,R,91.0,R,46.0,R,13.0,Z,0.0,R,13.0,R,5.0,R,38.0,R,4.0,Z,0.0,R,4.0,R,1.0,R,25.0,R,14
160694,2009,R,70.0,R,138.0,R,51.0,R,19.0,R,0.0,R,19.0,R,7.0,R,37.0,R,6.0,R,0.0,R,6.0,R,2.0,R,33.0,R,24
160719,2009,R,41.0,R,142.0,R,29.0,R,49.0,Z,0.0,R,49.0,R,31.0,R,63.0,R,16.0,Z,0.0,R,16.0,R,11.0,R,69.0,R,12
160755,2009,R,1502.0,R,1609.0,R,93.0,R,1560.0,R,0.0,R,1560.0,R,1415.0,R,91.0,R,0.0,R,0.0,R,0.0,Z,0.0,A,,R,8
160816,2009,A,,A,,A,,R,14.0,R,0.0,R,14.0,R,1.0,R,7.0,R,2.0,R,0.0,R,2.0,R,0.0,R,0.0,R,16
160843,2009,A,,A,,A,,R,12.0,R,1.0,R,11.0,R,2.0,R,18.0,R,14.0,R,0.0,R,14.0,R,2.0,R,14.0,R,20
160870,2009,A,,A,,A,,R,19.0,R,0.0,R,19.0,R,6.0,R,32.0,R,2.0,R,0.0,R,2.0,R,0.0,R,0.0,R,13
160904,2009,R,761.0,R,915.0,R,83.0,R,773.0,Z,0.0,R,773.0,R,533.0,R,69.0,R,5.0,Z,0.0,R,5.0,R,3.0,R,60.0,R,13
160913,2009,R,82.0,R,400.0,R,21.0,R,29.0,Z,0.0,R,29.0,R,15.0,R,52.0,R,36.0,Z,0.0,R,36.0,R,8.0,R,22.0,R,13
160940,2009,A,,A,,A,,R,124.0,R,1.0,R,123.0,R,55.0,R,45.0,R,110.0,R,0.0,R,110.0,R,63.0,R,57.0,R,31
160959,2009,R,76.0,R,118.0,R,64.0,R,69.0,R,0.0,R,69.0,R,56.0,R,81.0,R,1.0,R,0.0,R,1.0,R,0.0,R,0.0,R,11
160968,2009,A,,A,,A,,A,,A,,A,,A,,A,,A,,A,,A,,A,,A,,R,5
160977,2009,R,469.0,R,470.0,R,100.0,R,521.0,R,1.0,R,520.0,R,491.0,R,94.0,R,0.0,R,0.0,R,0.0,R,0.0,A,,R,10
160995,2009,A,,A,,A,,R,57.0,R,0.0,R,57.0,R,31.0,R,54.0,R,0.0,R,0.0,R,0.0,R,0.0,A,,R,32
161004,2009,R,493.0,R,498.0,R,99.0,R,488.0,R,0.0,R,488.0,R,468.0,R,96.0,R,0.0,R,0.0,R,0.0,R,0.0,A,,R,9
161022,2009,R,3.0,R,78.0,R,4.0,A,,A,,A,,A,,A,,A,,A,,A,,A,,A,,R,8
161059,2009,A,,A,,A,,R,13.0,R,0.0,R,13.0,R,13.0,R,100.0,R,0.0,R,0.0,R,0.0,R,0.0,A,,R,13
161077,2009,R,483.0,R,1090.0,R,44.0,R,410.0,R,0.0,R,410.0,R,261.0,R,64.0,R,155.0,R,0.0,R,155.0,R,91.0,R,59.0,R,32
161086,2009,R,480.0,R,488.0,R,98.0,R,482.0,R,0.0,R,482.0,R,454.0,R,94.0,R,0.0,R,0.0,R,0.0,R,0.0,A,,R,10
161138,2009,R,385.0,R,1024.0,R,38.0,R,369.0,Z,0.0,R,369.0,R,201.0,R,54.0,R,77.0,Z,0.0,R,77.0,R,41.0,R,53.0,R,17
161165,2009,R,534.0,R,790.0,R,68.0,R,487.0,R,1.0,R,486.0,R,318.0,R,65.0,R,8.0,R,0.0,R,8.0,R,4.0,R,50.0,R,18
161192,2009,R,210.0,R,953.0,R,22.0,R,202.0,R,5.0,R,197.0,R,134.0,R,68.0,R,121.0,Z,0.0,R,121.0,R,71.0,R,59.0,R,31
161208,2009,A,,A,,A,,R,24.0,R,0.0,R,24.0,R,19.0,R,79.0,R,0.0,R,0.0,R,0.0,R,0.0,A,,R,9
161217,2009,R,308.0,R,1548.0,R,20.0,R,178.0,R,0.0,R,178.0,R,93.0,R,52.0,R,79.0,R,0.0,R,79.0,R,31.0,R,39.0,R,16
161226,2009,R,487.0,R,612.0,R,80.0,R,491.0,R,0.0,R,491.0,R,345.0,R,70.0,R,4.0,R,0.0,R,4.0,R,3.0,R,75.0,R,14
161235,2009,R,118.0,R,475.0,R,25.0,R,91.0,R,0.0,R,91.0,R,69.0,R,76.0,R,3.0,R,0.0,R,3.0,R,2.0,R,67.0,R,17
161244,2009,R,100.0,R,404.0,R,25.0,R,105.0,R,0.0,R,105.0,R,75.0,R,71.0,R,12.0,R,0.0,R,12.0,R,5.0,R,42.0,R,14
161253,2009,R,1717.0,R,2730.0,R,63.0,R,1936.0,R,0.0,R,1936.0,R,1527.0,R,79.0,R,76.0,R,0.0,R,76.0,R,43.0,R,57.0,R,12
161299,2009,R,303.0,R,341.0,R,89.0,R,234.0,R,2.0,R,232.0,R,183.0,R,79.0,R,0.0,R,0.0,R,0.0,R,0.0,A,,R,14
161341,2009,R,178.0,R,282.0,R,63.0,R,193.0,R,0.0,R,193.0,R,129.0,R,67.0,R,9.0,R,0.0,R,9.0,R,3.0,R,33.0,R,21
161378,2009,A,,A,,A,,A,,A,,A,,A,,A,,A,,A,,A,,A,,A,,R,5
161457,2009,R,607.0,R,1001.0,R,61.0,R,507.0,R,0.0,R,507.0,R,390.0,R,77.0,R,2.0,R,0.0,R,2.0,R,2.0,R,100.0,R,13
161484,2009,R,196.0,R,364.0,R,54.0,R,187.0,R,1.0,R,186.0,R,122.0,R,66.0,R,33.0,R,0.0,R,33.0,R,17.0,R,52.0,R,15
161493,2009,A,,A,,A,,R,136.0,Z,0.0,R,136.0,R,80.0,R,59.0,R,14.0,Z,0.0,R,14.0,R,8.0,R,57.0,R,13
161509,2009,R,69.0,R,95.0,R,73.0,R,103.0,R,0.0,R,103.0,R,75.0,R,73.0,R,0.0,R,0.0,R,0.0,R,0.0,A,,R,10
161518,2009,R,269.0,R,298.0,R,90.0,R,322.0,R,0.0,R,322.0,R,262.0,R,81.0,R,0.0,R,0.0,R,0.0,R,0.0,A,,R,15
161527,2009,A,,A,,A,,R,115.0,R,0.0,R,115.0,R,83.0,R,72.0,R,18.0,R,0.0,R,18.0,R,9.0,R,50.0,R,16
161545,2009,R,1069.0,R,2422.0,R,44.0,R,972.0,R,1.0,R,971.0,R,492.0,R,51.0,R,261.0,R,0.0,R,261.0,R,111.0,R,43.0,R,19
161554,2009,R,892.0,R,2462.0,R,36.0,R,992.0,Z,0.0,R,992.0,R,645.0,R,65.0,R,38.0,Z,0.0,R,38.0,R,18.0,R,47.0,R,16
161563,2009,R,211.0,R,326.0,R,65.0,R,206.0,Z,0.0,R,206.0,R,136.0,R,66.0,R,4.0,Z,0.0,R,4.0,R,4.0,R,100.0,R,20
161572,2009,R,169.0,R,198.0,R,85.0,R,164.0,R,0.0,R,164.0,R,122.0,R,74.0,R,0.0,R,0.0,R,0.0,R,0.0,A,,R,12
161581,2009,R,191.0,R,225.0,R,85.0,R,144.0,R,0.0,R,144.0,R,90.0,R,63.0,R,22.0,R,0.0,R,22.0,R,12.0,R,55.0,R,11
161615,2009,A,,A,,A,,R,15.0,R,0.0,R,15.0,R,12.0,R,80.0,R,2.0,R,0.0,R,2.0,R,2.0,R,100.0,R,15
161651,2009,A,,A,,A,,R,5.0,Z,0.0,R,5.0,R,4.0,R,80.0,R,9.0,Z,0.0,R,9.0,R,5.0,R,56.0,R,10
161688,2009,R,793.0,R,1935.0,R,41.0,R,746.0,R,0.0,R,746.0,R,422.0,R,57.0,R,126.0,R,0.0,R,126.0,R,50.0,R,40.0,R,19
161767,2009,R,2097.0,R,4647.0,R,45.0,R,1880.0,R,0.0,R,1880.0,R,1212.0,R,64.0,R,890.0,R,0.0,R,890.0,R,434.0,R,49.0,R,19
161776,2009,A,,A,,A,,R,30.0,R,1.0,R,29.0,R,10.0,R,34.0,R,106.0,R,0.0,R,106.0,R,69.0,R,65.0,R,31
161800,2009,A,,A,,A,,R,22.0,R,0.0,R,22.0,R,12.0,R,55.0,R,16.0,R,0.0,R,16.0,R,9.0,R,56.0,R,25
161855,2009,A,,A,,A,,R,11.0,R,0.0,R,11.0,R,9.0,R,82.0,R,8.0,R,0.0,R,8.0,R,6.0,R,75.0,R,25
161864,2009,R,712.0,R,1613.0,R,44.0,R,698.0,R,0.0,R,698.0,R,309.0,R,44.0,R,746.0,R,0.0,R,746.0,R,223.0,R,30.0,R,18
161873,2009,R,174.0,R,979.0,R,18.0,R,163.0,R,0.0,R,163.0,R,133.0,R,82.0,R,0.0,R,0.0,R,0.0,R,0.0,A,,R,20
161882,2009,R,143.0,R,227.0,R,63.0,R,108.0,R,0.0,R,108.0,R,50.0,R,46.0,R,0.0,R,0.0,R,0.0,R,0.0,A,,R,18
162007,2009,R,635.0,R,1154.0,R,55.0,R,664.0,R,0.0,R,664.0,R,465.0,R,70.0,R,7.0,R,0.0,R,7.0,R,3.0,R,43.0,R,16
162061,2009,R,66.0,R,102.0,R,65.0,R,39.0,R,0.0,R,39.0,R,31.0,R,79.0,R,2.0,R,0.0,R,2.0,R,2.0,R,100.0,R,8
162104,2009,R,190.0,R,511.0,R,37.0,R,294.0,R,0.0,R,294.0,R,176.0,R,60.0,R,300.0,R,0.0,R,300.0,R,105.0,R,35.0,R,13
162122,2009,R,966.0,R,4309.0,R,22.0,R,951.0,R,0.0,R,951.0,R,557.0,R,59.0,R,598.0,R,0.0,R,598.0,R,249.0,R,42.0,R,21
162168,2009,R,449.0,R,948.0,R,47.0,R,376.0,R,0.0,R,376.0,R,227.0,R,60.0,R,172.0,R,0.0,R,172.0,R,79.0,R,46.0,R,23
162210,2009,R,144.0,R,325.0,R,44.0,R,98.0,R,0.0,R,98.0,R,61.0,R,62.0,R,68.0,R,0.0,R,68.0,R,38.0,R,56.0,R,14
162283,2009,R,541.0,R,871.0,R,62.0,R,570.0,R,0.0,R,570.0,R,354.0,R,62.0,R,40.0,R,0.0,R,40.0,R,21.0,R,53.0,R,14
162335,2009,A,,A,,A,,R,17.0,R,0.0,R,17.0,R,5.0,R,29.0,R,0.0,R,0.0,R,0.0,R,0.0,A,,R,16
162371,2009,A,,A,,A,,R,273.0,R,4.0,R,269.0,R,195.0,R,72.0,Z,0.0,Z,0.0,Z,0.0,Z,0.0,A,,R,15
162557,2009,R,970.0,R,1987.0,R,49.0,R,837.0,R,0.0,R,837.0,R,550.0,R,66.0,R,494.0,R,0.0,R,494.0,R,221.0,R,45.0,R,16
162584,2009,R,1028.0,R,1457.0,R,71.0,R,1030.0,R,0.0,R,1030.0,R,741.0,R,72.0,R,1.0,R,0.0,R,1.0,R,0.0,R,0.0,R,16
162609,2009,R,263.0,R,426.0,R,62.0,R,235.0,R,0.0,R,235.0,R,121.0,R,51.0,R,21.0,R,0.0,R,21.0,R,13.0,R,62.0,R,21
162654,2009,R,398.0,R,451.0,R,88.0,R,359.0,R,0.0,R,359.0,R,269.0,R,75.0,R,1.0,R,0.0,R,1.0,R,1.0,R,100.0,R,9
162681,2009,A,,A,,A,,R,4.0,R,0.0,R,4.0,R,4.0,R,100.0,R,10.0,R,0.0,R,10.0,R,5.0,R,50.0,R,30
162690,2009,R,487.0,R,1380.0,R,35.0,R,484.0,R,0.0,R,484.0,R,321.0,R,66.0,R,371.0,R,0.0,R,371.0,R,167.0,R,45.0,R,19
162706,2009,R,1031.0,R,2360.0,R,44.0,R,998.0,R,0.0,R,998.0,R,672.0,R,67.0,R,336.0,R,0.0,R,336.0,R,156.0,R,46.0,R,20
162760,2009,R,251.0,R,437.0,R,57.0,R,308.0,R,0.0,R,308.0,R,255.0,R,83.0,Z,0.0,Z,0.0,Z,0.0,Z,0.0,A,,R,11
162779,2009,R,1157.0,R,2739.0,R,42.0,R,1086.0,R,0.0,R,1086.0,R,719.0,R,66.0,R,565.0,R,0.0,R,565.0,R,265.0,R,47.0,R,16
162830,2009,A,,A,,A,,R,12.0,R,0.0,R,12.0,R,11.0,R,92.0,R,0.0,R,0.0,R,0.0,R,0.0,A,,R,15
162928,2009,R,1433.0,R,1659.0,R,86.0,R,1317.0,R,4.0,R,1313.0,R,1267.0,R,96.0,R,0.0,R,0.0,R,0.0,R,0.0,A,,R,11
162982,2009,A,,A,,A,,R,21.0,R,0.0,R,21.0,R,15.0,R,71.0,R,0.0,R,0.0,R,0.0,R,0.0,A,,R,16
163028,2009,A,,A,,A,,R,341.0,Z,0.0,R,341.0,R,205.0,R,60.0,R,0.0,R,0.0,R,0.0,R,0.0,A,,R,33
163046,2009,R,968.0,R,999.0,R,97.0,R,1068.0,R,2.0,R,1066.0,R,953.0,R,89.0,R,0.0,R,0.0,R,0.0,Z,0.0,A,,R,12
163107,2009,A,,A,,A,,R,4.0,R,0.0,R,4.0,R,3.0,R,75.0,R,5.0,R,0.0,R,5.0,R,3.0,R,60.0,R,25
163204,2009,R,143.0,R,5447.0,R,3.0,R,107.0,R,0.0,R,107.0,R,45.0,R,42.0,R,658.0,R,0.0,R,658.0,R,202.0,R,31.0,R,19
163259,2009,A,,A,,A,,A,,A,,A,,A,,A,,A,,A,,A,,A,,A,,R,10
163268,2009,R,1524.0,R,2725.0,R,56.0,R,1557.0,R,0.0,R,1557.0,R,1327.0,R,85.0,R,12.0,R,0.0,R,12.0,R,8.0,R,67.0,R,19
163286,2009,R,4193.0,R,6546.0,R,64.0,R,3900.0,R,0.0,R,3900.0,R,3625.0,R,93.0,R,12.0,R,0.0,R,12.0,R,7.0,R,58.0,R,18
163295,2009,R,458.0,R,516.0,R,89.0,R,429.0,R,0.0,R,429.0,R,357.0,R,83.0,R,0.0,R,0.0,R,0.0,R,0.0,A,,R,10
163338,2009,R,876.0,R,1159.0,R,76.0,R,1038.0,Z,0.0,R,1038.0,R,726.0,R,70.0,R,11.0,Z,0.0,R,11.0,R,5.0,R,45.0,R,18
163347,2009,A,,A,,A,,R,108.0,R,0.0,R,108.0,R,42.0,R,39.0,R,0.0,R,0.0,R,0.0,R,0.0,A,,R,18
163408,2009,A,,A,,A,,R,20.0,R,0.0,R,20.0,R,11.0,R,55.0,R,16.0,R,0.0,R,16.0,R,9.0,R,56.0,R,25
163426,2009,R,2306.0,R,7578.0,R,30.0,R,2099.0,R,0.0,R,2099.0,R,1407.0,R,67.0,R,1458.0,R,0.0,R,1458.0,R,635.0,R,44.0,R,19
163453,2009,R,1261.0,R,1741.0,R,72.0,R,1430.0,R,0.0,R,1430.0,R,977.0,R,68.0,R,18.0,R,0.0,R,18.0,R,9.0,R,50.0,R,14
163462,2009,R,465.0,R,523.0,R,89.0,R,409.0,R,0.0,R,409.0,R,317.0,R,78.0,R,1.0,R,0.0,R,1.0,R,1.0,R,100.0,R,12
163532,2009,R,47.0,R,113.0,R,42.0,R,52.0,Z,0.0,R,52.0,R,44.0,R,85.0,Z,0.0,Z,0.0,Z,0.0,Z,0.0,A,,R,30
163541,2009,A,,A,,A,,R,33.0,Z,0.0,R,33.0,R,20.0,R,61.0,R,29.0,Z,0.0,R,29.0,R,15.0,R,52.0,R,25
163578,2009,R,103.0,R,303.0,R,34.0,R,105.0,R,0.0,R,105.0,R,82.0,R,78.0,Z,0.0,Z,0.0,Z,0.0,Z,0.0,A,,R,11
163657,2009,R,1222.0,R,4423.0,R,28.0,R,989.0,R,0.0,R,989.0,R,597.0,R,60.0,R,1588.0,R,0.0,R,1588.0,R,611.0,R,38.0,R,16
163736,2009,A,,A,,A,,R,128.0,R,0.0,R,128.0,R,65.0,R,51.0,R,240.0,R,0.0,R,240.0,R,116.0,R,48.0,R,18
163754,2009,A,,A,,A,,R,19.0,R,0.0,R,19.0,R,12.0,R,63.0,R,3.0,R,0.0,R,3.0,R,3.0,R,100.0,R,6
163815,2009,A,,A,,A,,R,6.0,R,0.0,R,6.0,R,5.0,R,83.0,R,15.0,R,0.0,R,15.0,R,14.0,R,93.0,R,25
163842,2009,A,,A,,A,,A,,A,,A,,A,,A,,A,,A,,A,,A,,A,,R,6
163851,2009,R,1275.0,R,2253.0,R,57.0,R,1199.0,R,0.0,R,1199.0,R,959.0,R,80.0,R,0.0,R,0.0,R,0.0,R,0.0,A,,R,17
163912,2009,R,488.0,R,585.0,R,83.0,R,456.0,R,0.0,R,456.0,R,414.0,R,91.0,R,2.0,R,0.0,R,2.0,R,0.0,R,0.0,R,11
163921,2009,R,118.0,R,262.0,R,45.0,R,67.0,R,0.0,R,67.0,R,35.0,R,52.0,R,43.0,R,0.0,R,43.0,R,21.0,R,49.0,R,8
163976,2009,R,133.0,R,133.0,R,100.0,R,153.0,R,0.0,R,153.0,R,126.0,R,82.0,R,0.0,R,0.0,R,0.0,R,0.0,A,,R,8
164058,2009,A,,A,,A,,R,132.0,R,0.0,R,132.0,R,87.0,R,66.0,R,90.0,R,0.0,R,90.0,R,56.0,R,62.0,R,33
164076,2009,R,2397.0,R,3944.0,R,61.0,R,2824.0,R,0.0,R,2824.0,R,2359.0,R,84.0,R,6.0,R,0.0,R,6.0,R,3.0,R,50.0,R,17
164100,2009,A,,A,,A,,R,249.0,R,0.0,R,249.0,R,201.0,R,81.0,R,0.0,R,0.0,R,0.0,R,0.0,A,,R,20
164155,2009,R,1228.0,R,1228.0,R,100.0,R,1231.0,R,1.0,R,1230.0,R,1198.0,R,97.0,R,0.0,R,0.0,R,0.0,R,0.0,A,,R,9
164173,2009,R,522.0,R,894.0,R,58.0,R,626.0,R,0.0,R,626.0,R,497.0,R,79.0,R,5.0,R,0.0,R,5.0,R,2.0,R,40.0,R,15
164207,2009,R,17.0,R,63.0,R,27.0,R,15.0,R,0.0,R,15.0,R,8.0,R,53.0,R,12.0,R,0.0,R,12.0,R,9.0,R,75.0,R,11
164216,2009,R,375.0,R,419.0,R,89.0,R,415.0,R,0.0,R,415.0,R,347.0,R,84.0,R,0.0,Z,0.0,R,0.0,Z,0.0,A,,R,12
164270,2009,R,416.0,R,463.0,R,90.0,R,419.0,R,2.0,R,417.0,R,341.0,R,82.0,R,2.0,Z,0.0,R,2.0,R,2.0,R,100.0,R,12
164313,2009,R,431.0,R,1347.0,R,32.0,R,447.0,R,0.0,R,447.0,R,262.0,R,59.0,R,361.0,R,0.0,R,361.0,R,175.0,R,48.0,R,20
164438,2009,A,,A,,A,,R,0.0,R,0.0,R,0.0,R,0.0,A,,R,0.0,R,0.0,R,0.0,R,0.0,A,,R,38
164447,2009,R,354.0,R,572.0,R,62.0,R,371.0,Z,0.0,R,371.0,R,226.0,R,61.0,R,5.0,Z,0.0,R,5.0,R,2.0,R,40.0,R,15
164465,2009,R,467.0,R,474.0,R,99.0,R,438.0,R,0.0,R,438.0,R,422.0,R,96.0,Z,0.0,Z,0.0,Z,0.0,Z,0.0,A,,R,8
164492,2009,R,373.0,R,466.0,R,80.0,R,243.0,R,0.0,R,243.0,R,151.0,R,62.0,R,0.0,R,0.0,R,0.0,R,0.0,A,,R,12
164562,2009,R,515.0,R,566.0,R,91.0,R,607.0,R,2.0,R,605.0,R,490.0,R,81.0,R,0.0,R,0.0,R,0.0,Z,0.0,A,,R,12
164571,2009,R,78.0,R,155.0,R,50.0,R,66.0,R,0.0,R,66.0,R,37.0,R,56.0,R,7.0,R,0.0,R,7.0,R,3.0,R,43.0,R,9
164580,2009,R,471.0,R,528.0,R,89.0,R,469.0,R,0.0,R,469.0,R,430.0,R,92.0,R,0.0,R,0.0,R,0.0,R,0.0,A,,R,13
164599,2009,A,,A,,A,,R,25.0,R,0.0,R,25.0,R,6.0,R,24.0,R,0.0,R,0.0,R,0.0,R,0.0,A,,R,22
164614,2009,R,23.0,R,52.0,R,44.0,R,23.0,R,0.0,R,23.0,R,15.0,R,65.0,R,0.0,Z,0.0,R,0.0,Z,0.0,A,,R,16
164632,2009,R,201.0,R,1013.0,R,20.0,R,181.0,R,0.0,R,181.0,R,135.0,R,75.0,R,26.0,R,0.0,R,26.0,R,6.0,R,23.0,R,20
164641,2009,R,306.0,R,577.0,R,53.0,R,338.0,R,0.0,R,338.0,R,75.0,R,22.0,R,145.0,R,0.0,R,145.0,R,31.0,R,21.0,R,15
164678,2009,A,,A,,A,,R,52.0,R,0.0,R,52.0,R,46.0,R,88.0,R,26.0,R,0.0,R,26.0,R,21.0,R,81.0,R,20
164720,2009,R,357.0,R,572.0,R,62.0,R,290.0,Z,0.0,R,290.0,R,161.0,R,56.0,R,20.0,Z,0.0,R,20.0,R,1.0,R,5.0,R,18
164739,2009,R,947.0,R,1143.0,R,83.0,R,971.0,R,0.0,R,971.0,R,907.0,R,93.0,R,3.0,R,0.0,R,3.0,R,2.0,R,67.0,R,14
164748,2009,R,828.0,R,1213.0,R,68.0,R,664.0,R,0.0,R,664.0,R,529.0,R,80.0,Z,0.0,Z,0.0,Z,0.0,Z,0.0,A,,R,12
164775,2009,R,339.0,R,915.0,R,37.0,R,378.0,R,0.0,R,378.0,R,230.0,R,61.0,R,119.0,R,0.0,R,119.0,R,63.0,R,53.0,R,14
164845,2009,A,,A,,A,,R,80.0,Z,0.0,R,80.0,R,44.0,R,55.0,R,27.0,Z,0.0,R,27.0,R,12.0,R,44.0,R,17
164872,2009,R,75.0,R,201.0,R,37.0,R,61.0,R,0.0,R,61.0,R,38.0,R,62.0,R,0.0,R,0.0,R,0.0,R,0.0,A,,R,4
164924,2009,R,2292.0,R,2502.0,R,92.0,R,2268.0,R,0.0,R,2268.0,R,2153.0,R,95.0,R,11.0,R,0.0,R,11.0,R,9.0,R,82.0,R,14
164933,2009,R,142.0,R,142.0,R,100.0,R,159.0,R,0.0,R,159.0,R,128.0,R,81.0,Z,0.0,Z,0.0,Z,0.0,Z,0.0,A,,R,6
164988,2009,R,4130.0,R,5744.0,R,72.0,R,4131.0,R,0.0,R,4131.0,R,3718.0,R,90.0,R,0.0,R,0.0,R,0.0,R,0.0,A,,R,13
165015,2009,R,781.0,R,852.0,R,92.0,R,754.0,R,0.0,R,754.0,R,708.0,R,94.0,Z,0.0,Z,0.0,Z,0.0,Z,0.0,A,,R,9
165024,2009,R,1453.0,R,2602.0,R,56.0,R,1464.0,R,0.0,R,1464.0,R,1197.0,R,82.0,R,38.0,R,0.0,R,38.0,R,16.0,R,42.0,R,23
165033,2009,R,1399.0,R,3116.0,R,45.0,R,1179.0,R,0.0,R,1179.0,R,775.0,R,66.0,R,483.0,R,0.0,R,483.0,R,227.0,R,47.0,R,22
165060,2009,A,,A,,A,,R,8.0,R,0.0,R,8.0,R,6.0,R,75.0,R,8.0,R,0.0,R,8.0,R,7.0,R,88.0,R,14
165112,2009,R,1463.0,R,3591.0,R,41.0,R,862.0,R,0.0,R,862.0,R,487.0,R,56.0,R,728.0,R,0.0,R,728.0,R,368.0,R,51.0,R,19
165149,2009,A,,A,,A,,R,25.0,R,1.0,R,24.0,R,22.0,R,92.0,R,0.0,R,0.0,R,0.0,R,0.0,A,,R,6
165167,2009,R,24.0,R,258.0,R,9.0,R,42.0,R,0.0,R,42.0,R,12.0,R,29.0,R,102.0,R,0.0,R,102.0,R,21.0,R,21.0,R,15
165194,2009,R,634.0,R,1637.0,R,39.0,R,614.0,R,0.0,R,614.0,R,345.0,R,56.0,R,280.0,R,0.0,R,280.0,R,99.0,R,35.0,R,18
165255,2009,A,,A,,A,,R,57.0,R,0.0,R,57.0,R,57.0,R,100.0,R,14.0,R,0.0,R,14.0,R,14.0,R,100.0,R,12
165264,2009,R,2.0,R,163.0,R,1.0,R,9.0,R,0.0,R,9.0,R,9.0,R,100.0,R,19.0,R,0.0,R,19.0,R,18.0,R,95.0,R,4
165334,2009,R,548.0,R,617.0,R,89.0,R,588.0,R,1.0,R,587.0,R,519.0,R,88.0,R,3.0,R,0.0,R,3.0,R,2.0,R,67.0,R,10
165529,2009,R,623.0,R,901.0,R,69.0,R,587.0,R,2.0,R,585.0,R,359.0,R,61.0,R,1.0,R,0.0,R,1.0,R,1.0,R,100.0,R,11
165556,2009,A,,A,,A,,R,157.0,Z,0.0,R,157.0,R,97.0,R,62.0,R,60.0,Z,0.0,R,60.0,R,27.0,R,45.0,R,34
165574,2009,R,428.0,R,516.0,R,83.0,R,519.0,R,0.0,R,519.0,R,297.0,R,57.0,R,14.0,R,0.0,R,14.0,R,6.0,R,43.0,R,17
165608,2009,A,,A,,A,,R,31.0,Z,0.0,R,31.0,R,27.0,R,87.0,R,13.0,R,0.0,R,13.0,R,10.0,R,77.0,R,7
165635,2009,A,,A,,A,,R,31.0,R,0.0,R,31.0,R,25.0,R,81.0,R,0.0,R,0.0,R,0.0,R,0.0,A,,R,14
165644,2009,R,187.0,R,345.0,R,54.0,R,169.0,R,0.0,R,169.0,R,121.0,R,72.0,R,1.0,R,0.0,R,1.0,R,1.0,R,100.0,R,13
165662,2009,R,768.0,R,1137.0,R,68.0,R,773.0,R,0.0,R,773.0,R,680.0,R,88.0,R,1.0,R,0.0,R,1.0,R,1.0,R,100.0,R,17
165671,2009,R,424.0,R,616.0,R,69.0,R,480.0,R,0.0,R,480.0,R,381.0,R,79.0,Z,0.0,Z,0.0,Z,0.0,Z,0.0,A,,R,16
165680,2009,A,,A,,A,,R,32.0,Z,0.0,R,32.0,R,30.0,R,94.0,R,36.0,Z,0.0,R,36.0,R,17.0,R,47.0,R,6
165699,2009,R,558.0,R,614.0,R,91.0,R,587.0,R,4.0,R,583.0,R,482.0,R,83.0,Z,0.0,Z,0.0,Z,0.0,Z,0.0,A,,R,17
165750,2009,A,,A,,A,,R,54.0,R,1.0,R,53.0,R,42.0,R,79.0,R,0.0,R,0.0,R,0.0,R,0.0,A,,R,21
165802,2009,R,222.0,R,545.0,R,41.0,R,101.0,R,0.0,R,101.0,R,56.0,R,55.0,R,4.0,R,0.0,R,4.0,R,2.0,R,50.0,R,16
165820,2009,R,781.0,R,1263.0,R,62.0,R,763.0,R,0.0,R,763.0,R,586.0,R,77.0,R,8.0,R,0.0,R,8.0,R,8.0,R,100.0,R,17
165866,2009,R,722.0,R,1227.0,R,59.0,R,644.0,R,0.0,R,644.0,R,473.0,R,73.0,R,6.0,R,0.0,R,6.0,R,3.0,R,50.0,R,16
165884,2009,R,281.0,R,338.0,R,83.0,R,0.0,R,0.0,R,0.0,R,0.0,A,,R,0.0,R,0.0,R,0.0,R,0.0,A,,R,12
165936,2009,R,381.0,R,425.0,R,90.0,R,421.0,R,0.0,R,421.0,R,358.0,R,85.0,R,0.0,R,0.0,R,0.0,R,0.0,A,,R,14
165981,2009,R,333.0,R,929.0,R,36.0,R,195.0,R,0.0,R,195.0,R,115.0,R,59.0,R,130.0,R,0.0,R,130.0,R,55.0,R,42.0,R,15
166009,2009,A,,A,,A,,R,129.0,R,0.0,R,129.0,R,113.0,R,88.0,R,0.0,R,0.0,R,0.0,R,0.0,A,,R,10
166018,2009,R,363.0,R,431.0,R,84.0,R,389.0,R,0.0,R,389.0,R,338.0,R,87.0,R,0.0,Z,0.0,R,0.0,Z,0.0,A,,R,12
166027,2009,R,1677.0,R,4753.0,R,35.0,R,1665.0,R,0.0,R,1665.0,R,1632.0,R,98.0,Z,0.0,Z,0.0,Z,0.0,Z,0.0,A,,R,7
166045,2009,A,,A,,A,,A,,A,,A,,A,,A,,A,,A,,A,,A,,A,,R,1
166054,2009,R,20.0,R,35.0,R,57.0,R,26.0,R,0.0,R,26.0,R,22.0,R,85.0,R,0.0,R,0.0,R,0.0,R,0.0,A,,R,7
166063,2009,A,,A,,A,,R,43.0,R,0.0,R,43.0,R,36.0,R,84.0,R,10.0,R,0.0,R,10.0,R,8.0,R,80.0,R,11
166124,2009,R,746.0,R,795.0,R,94.0,R,737.0,R,0.0,R,737.0,R,698.0,R,95.0,R,0.0,Z,0.0,R,0.0,Z,0.0,A,,R,11
166133,2009,R,1431.0,R,2702.0,R,53.0,R,1310.0,Z,0.0,R,1310.0,R,843.0,R,64.0,R,388.0,Z,0.0,R,388.0,R,175.0,R,45.0,R,21
166276,2009,R,43.0,R,90.0,R,48.0,A,,A,,A,,A,,A,,A,,A,,A,,A,,A,,R,23
166294,2009,A,,A,,A,,R,36.0,R,0.0,R,36.0,R,24.0,R,67.0,R,17.0,Z,0.0,R,17.0,R,16.0,R,94.0,R,19
166319,2009,A,,A,,A,,R,77.0,R,0.0,R,77.0,R,65.0,R,84.0,R,27.0,R,0.0,R,27.0,R,22.0,R,81.0,R,18
166328,2009,A,,A,,A,,R,6.0,R,0.0,R,6.0,R,5.0,R,83.0,R,2.0,R,0.0,R,2.0,R,1.0,R,50.0,R,10
166391,2009,R,521.0,R,585.0,R,89.0,R,483.0,R,0.0,R,483.0,R,351.0,R,73.0,R,7.0,R,0.0,R,7.0,R,3.0,R,43.0,R,14
166407,2009,R,2.0,R,2.0,R,100.0,R,1.0,R,0.0,R,1.0,R,1.0,R,100.0,R,0.0,R,0.0,R,0.0,R,0.0,A,,R,8
166452,2009,R,360.0,R,610.0,R,59.0,R,321.0,R,0.0,R,321.0,R,236.0,R,74.0,R,17.0,R,0.0,R,17.0,R,10.0,R,59.0,R,23
166489,2009,R,8.0,R,23.0,R,35.0,R,5.0,R,0.0,R,5.0,R,3.0,R,60.0,R,0.0,R,0.0,R,0.0,R,0.0,A,,R,6
166498,2009,A,,A,,A,,R,6.0,R,0.0,R,6.0,R,5.0,R,83.0,R,60.0,R,0.0,R,60.0,R,46.0,R,77.0,R,6
166513,2009,R,1504.0,R,2910.0,R,52.0,R,1517.0,Z,0.0,R,1517.0,R,1224.0,R,81.0,R,15.0,R,0.0,R,15.0,R,7.0,R,47.0,R,15
166586,2009,A,,A,,A,,R,18.0,R,0.0,R,18.0,R,16.0,R,89.0,R,2.0,R,0.0,R,2.0,R,1.0,R,50.0,R,10
166595,2009,A,,A,,A,,R,21.0,R,0.0,R,21.0,R,20.0,R,95.0,R,13.0,R,0.0,R,13.0,R,9.0,R,69.0,R,11
166601,2009,R,95.0,R,135.0,R,70.0,R,69.0,R,0.0,R,69.0,R,43.0,R,62.0,R,3.0,R,0.0,R,3.0,R,1.0,R,33.0,R,22
166629,2009,R,4225.0,R,6014.0,R,70.0,R,4135.0,R,6.0,R,4129.0,R,3603.0,R,87.0,R,8.0,R,0.0,R,8.0,R,3.0,R,38.0,R,18
166638,2009,R,936.0,R,3286.0,R,28.0,R,970.0,R,0.0,R,970.0,R,749.0,R,77.0,R,50.0,R,0.0,R,50.0,R,31.0,R,62.0,R,18
166647,2009,R,746.0,R,2125.0,R,35.0,R,659.0,R,52.0,R,607.0,R,326.0,R,54.0,R,402.0,Z,0.0,R,402.0,R,52.0,R,13.0,R,25
166656,2009,R,370.0,R,465.0,R,80.0,R,333.0,R,0.0,R,333.0,R,260.0,R,78.0,Z,0.0,Z,0.0,Z,0.0,Z,0.0,A,,R,17
166674,2009,R,315.0,R,717.0,R,44.0,R,275.0,R,0.0,R,275.0,R,243.0,R,88.0,R,1.0,R,0.0,R,1.0,R,0.0,R,0.0,R,10
166683,2009,R,1072.0,R,1105.0,R,97.0,R,1048.0,R,1.0,R,1047.0,R,1019.0,R,97.0,R,0.0,Z,0.0,R,0.0,Z,0.0,A,,R,8
166692,2009,R,304.0,R,339.0,R,90.0,R,296.0,R,0.0,R,296.0,R,256.0,R,86.0,Z,0.0,Z,0.0,Z,0.0,Z,0.0,A,,R,11
166805,2009,A,,A,,A,,R,21.0,R,0.0,R,21.0,R,20.0,R,95.0,R,13.0,R,0.0,R,13.0,R,13.0,R,100.0,R,18
166823,2009,R,1252.0,R,2977.0,R,42.0,R,1299.0,R,0.0,R,1299.0,R,764.0,R,59.0,R,478.0,R,0.0,R,478.0,R,263.0,R,55.0,R,21
166850,2009,R,545.0,R,629.0,R,87.0,R,592.0,R,1.0,R,591.0,R,451.0,R,76.0,R,5.0,Z,0.0,R,5.0,R,2.0,R,40.0,R,13
166869,2009,A,,A,,A,,A,,A,,A,,A,,A,,A,,A,,A,,A,,A,,R,7
166887,2009,R,1591.0,R,3480.0,R,46.0,R,1387.0,R,0.0,R,1387.0,R,819.0,R,59.0,R,694.0,R,0.0,R,694.0,R,307.0,R,44.0,R,21
166911,2009,R,128.0,R,144.0,R,89.0,R,80.0,R,0.0,R,80.0,R,60.0,R,75.0,R,0.0,R,0.0,R,0.0,R,0.0,A,,R,12
166939,2009,R,558.0,R,674.0,R,83.0,R,519.0,R,0.0,R,519.0,R,468.0,R,90.0,R,0.0,Z,0.0,R,0.0,Z,0.0,A,,R,9
166948,2009,R,430.0,R,543.0,R,79.0,R,387.0,R,0.0,R,387.0,R,243.0,R,63.0,R,3.0,R,0.0,R,3.0,R,1.0,R,33.0,R,23
166957,2009,R,706.0,R,1844.0,R,38.0,R,729.0,R,1.0,R,728.0,R,410.0,R,56.0,R,334.0,R,0.0,R,334.0,R,147.0,R,44.0,R,22
166975,2009,A,,A,,A,,R,0.0,R,0.0,R,0.0,R,0.0,A,,R,59.0,R,0.0,R,59.0,R,48.0,R,81.0,R,14
166984,2009,R,102.0,R,201.0,R,51.0,R,128.0,R,0.0,R,128.0,R,101.0,R,79.0,R,1.0,R,0.0,R,1.0,R,1.0,R,100.0,R,9
167020,2009,A,,A,,A,,A,,A,,A,,A,,A,,A,,A,,A,,A,,A,,R,26
167039,2009,A,,A,,A,,R,23.0,Z,0.0,R,23.0,R,19.0,R,83.0,Z,0.0,Z,0.0,Z,0.0,Z,0.0,A,,R,12
167057,2009,R,102.0,R,129.0,R,79.0,R,82.0,R,0.0,R,82.0,R,80.0,R,98.0,R,4.0,R,0.0,R,4.0,R,3.0,R,75.0,R,6
167224,2009,A,,A,,A,,R,26.0,R,0.0,R,26.0,R,13.0,R,50.0,Z,0.0,Z,0.0,Z,0.0,Z,0.0,A,,R,9
167251,2009,R,296.0,R,348.0,R,85.0,R,261.0,R,0.0,R,261.0,R,159.0,R,61.0,R,10.0,R,0.0,R,10.0,R,3.0,R,30.0,R,16
167260,2009,R,350.0,R,430.0,R,81.0,R,390.0,R,0.0,R,390.0,R,262.0,R,67.0,R,1.0,R,0.0,R,1.0,R,0.0,R,0.0,R,16
167288,2009,R,348.0,R,548.0,R,64.0,R,325.0,R,0.0,R,325.0,R,242.0,R,74.0,R,7.0,R,0.0,R,7.0,R,2.0,R,29.0,R,14
167297,2009,A,,A,,A,,R,19.0,R,0.0,R,19.0,R,18.0,R,95.0,R,0.0,R,0.0,R,0.0,R,0.0,A,,R,11
167312,2009,R,1251.0,R,2614.0,R,48.0,R,1068.0,R,1.0,R,1067.0,R,686.0,R,64.0,R,451.0,R,0.0,R,451.0,R,224.0,R,50.0,R,20
167321,2009,R,330.0,R,603.0,R,55.0,R,454.0,Z,0.0,R,454.0,R,280.0,R,62.0,R,19.0,Z,0.0,R,19.0,R,2.0,R,11.0,R,15
167358,2009,R,2833.0,R,3892.0,R,73.0,R,2923.0,R,0.0,R,2923.0,R,2669.0,R,91.0,Z,0.0,Z,0.0,Z,0.0,Z,0.0,A,,R,15
167376,2009,R,971.0,R,2294.0,R,42.0,R,862.0,R,0.0,R,862.0,R,520.0,R,60.0,R,534.0,R,0.0,R,534.0,R,238.0,R,45.0,R,22
167394,2009,R,147.0,R,241.0,R,61.0,R,189.0,R,8.0,R,181.0,R,153.0,R,85.0,Z,0.0,Z,0.0,Z,0.0,Z,0.0,A,,R,11
167455,2009,R,140.0,R,160.0,R,88.0,R,150.0,R,0.0,R,150.0,R,110.0,R,73.0,R,1.0,R,0.0,R,1.0,R,1.0,R,100.0,R,10
167525,2009,R,558.0,R,1761.0,R,32.0,R,436.0,R,0.0,R,436.0,R,289.0,R,66.0,R,386.0,R,0.0,R,386.0,R,175.0,R,45.0,R,20
167534,2009,R,1467.0,R,3175.0,R,46.0,R,1241.0,R,1.0,R,1240.0,R,678.0,R,55.0,R,430.0,R,0.0,R,430.0,R,212.0,R,49.0,R,22
167543,2009,A,,A,,A,,R,167.0,R,0.0,R,167.0,R,94.0,R,56.0,R,0.0,R,0.0,R,0.0,R,0.0,A,,R,24
167598,2009,R,241.0,R,279.0,R,86.0,R,237.0,R,0.0,R,237.0,R,160.0,R,68.0,R,0.0,R,0.0,R,0.0,R,0.0,A,,R,11
167631,2009,R,374.0,R,1308.0,R,29.0,R,293.0,R,0.0,R,293.0,R,161.0,R,55.0,R,228.0,R,0.0,R,228.0,R,80.0,R,35.0,R,16
167677,2009,A,,A,,A,,A,,A,,A,,A,,A,,A,,A,,A,,A,,A,,R,9
167729,2009,R,974.0,R,2150.0,R,45.0,R,1134.0,R,0.0,R,1134.0,R,848.0,R,75.0,R,17.0,R,0.0,R,17.0,R,5.0,R,29.0,R,16
167738,2009,A,,A,,A,,R,225.0,R,0.0,R,225.0,R,147.0,R,65.0,R,76.0,R,0.0,R,76.0,R,38.0,R,50.0,R,24
167783,2009,R,354.0,R,450.0,R,79.0,R,392.0,R,0.0,R,392.0,R,294.0,R,75.0,R,0.0,R,0.0,R,0.0,R,0.0,A,,R,13
167792,2009,R,178.0,R,180.0,R,99.0,R,175.0,R,0.0,R,175.0,R,130.0,R,74.0,R,0.0,R,0.0,R,0.0,R,0.0,A,,R,9
167835,2009,R,665.0,R,758.0,R,88.0,R,643.0,Z,0.0,R,643.0,R,586.0,R,91.0,R,0.0,Z,0.0,R,0.0,Z,0.0,A,,R,9
167871,2009,A,,A,,A,,R,44.0,R,0.0,R,44.0,R,31.0,R,70.0,R,25.0,Z,0.0,R,25.0,R,22.0,R,88.0,R,8
167899,2009,R,580.0,R,703.0,R,83.0,R,617.0,R,0.0,R,617.0,R,519.0,R,84.0,R,0.0,R,0.0,R,0.0,R,0.0,A,,R,13
167905,2009,R,1036.0,R,2028.0,R,51.0,R,991.0,R,0.0,R,991.0,R,544.0,R,55.0,R,420.0,R,0.0,R,420.0,R,169.0,R,40.0,R,17
167987,2009,R,1801.0,R,2411.0,R,75.0,R,1773.0,R,1.0,R,1772.0,R,1296.0,R,73.0,R,4.0,Z,0.0,R,4.0,R,1.0,R,25.0,R,18
167996,2009,R,683.0,R,723.0,R,94.0,R,634.0,R,0.0,R,634.0,R,567.0,R,89.0,R,1.0,R,0.0,R,1.0,R,1.0,R,100.0,R,13
168005,2009,R,1259.0,R,1318.0,R,96.0,R,1559.0,R,0.0,R,1559.0,R,1115.0,R,72.0,R,13.0,R,0.0,R,13.0,R,6.0,R,46.0,R,13
168032,2009,A,,A,,A,,R,22.0,R,2.0,R,20.0,R,16.0,R,80.0,R,0.0,R,0.0,R,0.0,R,0.0,A,,R,8
168148,2009,R,1309.0,R,1385.0,R,95.0,R,1302.0,Z,0.0,R,1302.0,R,1250.0,R,96.0,Z,0.0,Z,0.0,Z,0.0,Z,0.0,A,,R,9
168218,2009,R,588.0,R,673.0,R,87.0,R,593.0,R,0.0,R,593.0,R,558.0,R,94.0,R,0.0,R,0.0,R,0.0,R,0.0,A,,R,8
168227,2009,R,852.0,R,1086.0,R,78.0,R,813.0,R,0.0,R,813.0,R,649.0,R,80.0,R,26.0,R,0.0,R,26.0,R,16.0,R,62.0,R,15
168254,2009,R,684.0,R,787.0,R,87.0,R,735.0,R,1.0,R,734.0,R,545.0,R,74.0,R,6.0,R,0.0,R,6.0,R,3.0,R,50.0,R,15
168263,2009,R,1132.0,R,1548.0,R,73.0,R,1124.0,R,0.0,R,1124.0,R,883.0,R,79.0,R,2.0,R,0.0,R,2.0,R,0.0,R,0.0,R,17
168281,2009,R,423.0,R,433.0,R,98.0,R,420.0,R,0.0,R,420.0,R,370.0,R,88.0,R,0.0,R,0.0,R,0.0,R,0.0,A,,R,11
168290,2009,R,188.0,R,225.0,R,84.0,R,238.0,R,0.0,R,238.0,R,158.0,R,66.0,Z,0.0,Z,0.0,Z,0.0,Z,0.0,A,,R,10
168342,2009,R,546.0,R,606.0,R,90.0,R,539.0,R,0.0,R,539.0,R,530.0,R,98.0,Z,0.0,Z,0.0,Z,0.0,Z,0.0,A,,R,7
168421,2009,R,918.0,R,969.0,R,95.0,R,904.0,R,0.0,R,904.0,R,860.0,R,95.0,R,3.0,R,0.0,R,3.0,R,1.0,R,33.0,R,14
168430,2009,R,693.0,R,1256.0,R,55.0,R,654.0,R,0.0,R,654.0,R,501.0,R,77.0,R,28.0,R,0.0,R,28.0,R,19.0,R,68.0,R,17
168519,2009,A,,A,,A,,R,11.0,R,0.0,R,11.0,R,10.0,R,91.0,R,0.0,R,0.0,R,0.0,R,0.0,A,,R,20
168528,2009,R,469.0,R,514.0,R,91.0,R,494.0,Z,0.0,R,494.0,R,370.0,R,75.0,R,0.0,Z,0.0,R,0.0,Z,0.0,A,,R,15
168546,2009,R,434.0,R,477.0,R,91.0,R,485.0,R,1.0,R,484.0,R,411.0,R,85.0,Z,0.0,Z,0.0,Z,0.0,Z,0.0,A,,R,13
168555,2009,A,,A,,A,,R,17.0,R,0.0,R,17.0,R,16.0,R,94.0,R,5.0,R,0.0,R,5.0,R,3.0,R,60.0,R,15
168573,2009,A,,A,,A,,A,,A,,A,,A,,A,,A,,A,,A,,A,,A,,R,46
168591,2009,R,380.0,R,452.0,R,84.0,R,428.0,Z,0.0,R,428.0,R,340.0,R,79.0,R,0.0,Z,0.0,R,0.0,R,0.0,A,,R,14
168607,2009,R,404.0,R,802.0,R,50.0,R,407.0,R,0.0,R,407.0,R,265.0,R,65.0,R,171.0,Z,0.0,R,171.0,R,64.0,R,37.0,R,16
168740,2009,R,375.0,R,611.0,R,61.0,R,386.0,R,0.0,R,386.0,R,305.0,R,79.0,R,10.0,R,0.0,R,10.0,R,4.0,R,40.0,R,12
168786,2009,R,402.0,R,544.0,R,74.0,R,456.0,R,0.0,R,456.0,R,328.0,R,72.0,R,0.0,R,0.0,R,0.0,Z,0.0,A,,R,13
168838,2009,R,849.0,R,1489.0,R,57.0,R,46.0,R,0.0,R,46.0,R,28.0,R,61.0,R,1.0,R,0.0,R,1.0,R,0.0,R,0.0,R,28
168847,2009,R,1332.0,R,2504.0,R,53.0,R,60.0,R,0.0,R,60.0,R,27.0,R,45.0,R,8.0,R,0.0,R,8.0,R,2.0,R,25.0,R,30
168883,2009,R,495.0,R,652.0,R,76.0,R,471.0,R,0.0,R,471.0,R,256.0,R,54.0,R,152.0,R,2.0,R,150.0,R,59.0,R,39.0,R,21
168892,2009,A,,A,,A,,R,8.0,R,0.0,R,8.0,R,3.0,R,38.0,R,3.0,R,0.0,R,3.0,R,1.0,R,33.0,R,12
169080,2009,R,943.0,R,1099.0,R,86.0,R,936.0,R,0.0,R,936.0,R,802.0,R,86.0,R,0.0,R,0.0,R,0.0,R,0.0,A,,R,11
169187,2009,A,,A,,A,,R,42.0,R,0.0,R,42.0,R,34.0,R,81.0,R,24.0,R,0.0,R,24.0,R,22.0,R,92.0,R,17
169248,2009,R,3689.0,R,5453.0,R,68.0,R,3862.0,R,0.0,R,3862.0,R,2942.0,R,76.0,R,37.0,R,0.0,R,37.0,R,12.0,R,32.0,R,21
169275,2009,R,296.0,R,1900.0,R,16.0,R,365.0,R,0.0,R,365.0,R,198.0,R,54.0,R,263.0,Z,0.0,R,263.0,R,89.0,R,34.0,R,27
169284,2009,A,,A,,A,,R,177.0,Z,0.0,R,177.0,R,116.0,R,66.0,R,32.0,Z,0.0,R,32.0,R,22.0,R,69.0,R,19
169327,2009,R,33.0,R,142.0,R,23.0,R,44.0,R,0.0,R,44.0,R,26.0,R,59.0,R,25.0,R,0.0,R,25.0,R,11.0,R,44.0,R,13
169363,2009,R,99.0,R,143.0,R,69.0,R,107.0,R,0.0,R,107.0,R,69.0,R,64.0,R,0.0,R,0.0,R,0.0,R,0.0,A,,R,14
169442,2009,R,221.0,R,362.0,R,61.0,R,226.0,R,0.0,R,226.0,R,179.0,R,79.0,R,15.0,R,0.0,R,15.0,R,5.0,R,33.0,R,10
169479,2009,R,587.0,R,2099.0,R,28.0,R,372.0,R,0.0,R,372.0,R,249.0,R,67.0,R,92.0,R,0.0,R,92.0,R,53.0,R,58.0,R,43
169503,2009,A,,A,,A,,R,69.0,R,0.0,R,69.0,R,62.0,R,90.0,R,7.0,R,0.0,R,7.0,R,7.0,R,100.0,R,18
169521,2009,R,1100.0,R,2763.0,R,40.0,R,1154.0,R,0.0,R,1154.0,R,724.0,R,63.0,R,576.0,Z,0.0,R,576.0,R,249.0,R,43.0,R,21
169567,2009,A,,A,,A,,R,32.0,R,0.0,R,32.0,R,15.0,R,47.0,Z,0.0,Z,0.0,Z,0.0,Z,0.0,A,,R,10
169576,2009,A,,A,,A,,R,10.0,R,0.0,R,10.0,R,7.0,R,70.0,R,6.0,R,0.0,R,6.0,R,2.0,R,33.0,R,13
169655,2009,A,,A,,A,,R,215.0,R,0.0,R,215.0,R,138.0,R,64.0,R,0.0,R,0.0,R,0.0,R,0.0,A,,R,16
169716,2009,R,547.0,R,795.0,R,69.0,R,605.0,R,0.0,R,605.0,R,465.0,R,77.0,R,3.0,R,0.0,R,3.0,R,3.0,R,100.0,R,11
169734,2009,A,,A,,A,,R,12.0,R,0.0,R,12.0,R,10.0,R,83.0,R,5.0,R,0.0,R,5.0,R,4.0,R,80.0,R,18
169761,2009,A,,A,,A,,R,21.0,R,0.0,R,21.0,R,11.0,R,52.0,R,10.0,R,0.0,R,10.0,R,5.0,R,50.0,R,26
169798,2009,R,2196.0,R,4529.0,R,48.0,R,2167.0,R,0.0,R,2167.0,R,1552.0,R,72.0,R,48.0,R,0.0,R,48.0,R,22.0,R,46.0,R,18
169910,2009,R,1954.0,R,3732.0,R,52.0,R,2101.0,R,0.0,R,2101.0,R,1437.0,R,68.0,R,310.0,R,0.0,R,310.0,R,59.0,R,19.0,R,16
169947,2009,A,,A,,A,,R,30.0,R,0.0,R,30.0,R,21.0,R,70.0,R,0.0,R,0.0,R,0.0,R,0.0,A,,R,17
169974,2009,R,154.0,R,315.0,R,49.0,R,194.0,R,0.0,R,194.0,R,110.0,R,57.0,R,42.0,Z,0.0,R,42.0,R,13.0,R,31.0,R,21
169983,2009,R,439.0,R,540.0,R,81.0,R,441.0,R,1.0,R,440.0,R,380.0,R,86.0,Z,0.0,Z,0.0,Z,0.0,Z,0.0,A,,R,16
169992,2009,R,260.0,R,450.0,R,58.0,R,234.0,R,0.0,R,234.0,R,150.0,R,64.0,R,45.0,Z,0.0,R,45.0,R,22.0,R,49.0,R,18
170000,2009,R,48.0,R,67.0,R,72.0,R,52.0,R,0.0,R,52.0,R,41.0,R,79.0,R,1.0,R,0.0,R,1.0,R,0.0,R,0.0,R,18
170037,2009,R,331.0,R,1139.0,R,29.0,R,195.0,R,0.0,R,195.0,R,144.0,R,74.0,R,10.0,R,0.0,R,10.0,R,6.0,R,60.0,R,19
170046,2009,A,,A,,A,,R,267.0,R,0.0,R,267.0,R,173.0,R,65.0,R,0.0,R,0.0,R,0.0,R,0.0,A,,R,22
170055,2009,R,2270.0,R,4844.0,R,47.0,R,2080.0,R,0.0,R,2080.0,R,1273.0,R,61.0,R,837.0,Z,0.0,R,837.0,R,405.0,R,48.0,R,23
170082,2009,R,3718.0,R,5314.0,R,70.0,R,3884.0,R,0.0,R,3884.0,R,3223.0,R,83.0,R,6.0,R,0.0,R,6.0,R,5.0,R,83.0,R,17
170091,2009,R,30.0,R,69.0,R,43.0,R,56.0,R,0.0,R,56.0,R,47.0,R,84.0,R,4.0,R,0.0,R,4.0,R,2.0,R,50.0,R,11
170240,2009,R,2402.0,R,5934.0,R,40.0,R,1857.0,R,0.0,R,1857.0,R,1101.0,R,59.0,R,1145.0,Z,0.0,R,1145.0,R,494.0,R,43.0,R,24
170301,2009,R,803.0,R,954.0,R,84.0,R,808.0,Z,0.0,R,808.0,R,713.0,R,88.0,R,0.0,Z,0.0,R,0.0,Z,0.0,A,,R,14
170417,2009,R,170.0,R,223.0,R,76.0,R,0.0,R,0.0,R,0.0,R,0.0,A,,R,1.0,R,1.0,R,0.0,R,0.0,A,,R,22
170444,2009,R,1286.0,R,2468.0,R,52.0,R,1129.0,R,0.0,R,1129.0,R,687.0,R,61.0,R,470.0,Z,0.0,R,470.0,R,190.0,R,40.0,R,20
170514,2009,A,,A,,A,,R,1.0,R,0.0,R,1.0,R,1.0,R,100.0,R,10.0,R,0.0,R,10.0,R,10.0,R,100.0,R,2
170532,2009,R,391.0,R,427.0,R,92.0,R,364.0,R,0.0,R,364.0,R,323.0,R,89.0,Z,0.0,Z,0.0,Z,0.0,Z,0.0,A,,R,14
170541,2009,R,1584.0,R,7633.0,R,21.0,R,1440.0,R,0.0,R,1440.0,R,855.0,R,59.0,R,1139.0,Z,0.0,R,1139.0,R,486.0,R,43.0,R,25
170550,2009,R,581.0,R,2818.0,R,21.0,R,518.0,R,0.0,R,518.0,R,328.0,R,63.0,R,344.0,Z,0.0,R,344.0,R,220.0,R,64.0,R,21
170587,2009,R,240.0,R,483.0,R,50.0,R,154.0,R,0.0,R,154.0,R,86.0,R,56.0,R,106.0,Z,0.0,R,106.0,R,51.0,R,48.0,R,16
170611,2009,A,,A,,A,,R,36.0,Z,0.0,R,36.0,R,16.0,R,44.0,R,24.0,Z,0.0,R,24.0,R,14.0,R,58.0,R,20
170620,2009,R,499.0,R,1094.0,R,46.0,R,456.0,R,0.0,R,456.0,R,264.0,R,58.0,R,275.0,Z,0.0,R,275.0,R,103.0,R,37.0,R,23
170639,2009,R,435.0,R,762.0,R,57.0,R,408.0,R,0.0,R,408.0,R,282.0,R,69.0,R,20.0,R,0.0,R,20.0,R,4.0,R,20.0,R,16
170657,2009,R,2014.0,R,4479.0,R,45.0,R,1639.0,R,0.0,R,1639.0,R,1007.0,R,61.0,R,2336.0,Z,0.0,R,2336.0,R,851.0,R,36.0,R,20
170675,2009,R,248.0,R,320.0,R,78.0,R,242.0,R,0.0,R,242.0,R,174.0,R,72.0,R,54.0,R,0.0,R,54.0,R,21.0,R,39.0,R,11
170736,2009,A,,A,,A,,R,64.0,Z,0.0,R,64.0,R,20.0,R,31.0,R,0.0,Z,0.0,R,0.0,R,0.0,A,,R,6
170790,2009,R,845.0,R,4186.0,R,20.0,R,791.0,R,0.0,R,791.0,R,595.0,R,75.0,R,461.0,Z,0.0,R,461.0,R,270.0,R,59.0,R,27
170806,2009,R,179.0,R,848.0,R,21.0,R,181.0,R,0.0,R,181.0,R,140.0,R,77.0,R,16.0,R,0.0,R,16.0,R,9.0,R,56.0,R,14
170842,2009,R,85.0,R,319.0,R,27.0,R,122.0,Z,0.0,R,122.0,R,83.0,R,68.0,R,6.0,Z,0.0,R,6.0,R,5.0,R,83.0,R,14
170967,2009,R,127.0,R,323.0,R,39.0,R,108.0,R,0.0,R,108.0,R,69.0,R,64.0,R,1.0,R,0.0,R,1.0,R,1.0,R,100.0,R,14
170976,2009,R,6026.0,R,6949.0,R,87.0,R,5739.0,R,1.0,R,5738.0,R,5517.0,R,96.0,R,44.0,R,20.0,R,24.0,R,23.0,R,96.0,R,12
171012,2009,A,,A,,A,,R,83.0,R,0.0,R,83.0,R,62.0,R,75.0,R,0.0,R,0.0,R,0.0,R,0.0,A,,R,52
171100,2009,R,7252.0,R,9083.0,R,80.0,R,7390.0,R,1.0,R,7389.0,R,6734.0,R,91.0,R,129.0,R,0.0,R,129.0,R,80.0,R,62.0,R,17
171128,2009,R,1157.0,R,1396.0,R,83.0,R,1306.0,R,0.0,R,1306.0,R,1078.0,R,83.0,R,4.0,R,0.0,R,4.0,R,3.0,R,75.0,R,15
171137,2009,R,886.0,R,1830.0,R,48.0,R,905.0,Z,0.0,R,905.0,R,709.0,R,78.0,R,48.0,Z,0.0,R,48.0,R,29.0,R,60.0,R,17
171146,2009,R,715.0,R,1792.0,R,40.0,R,846.0,R,0.0,R,846.0,R,618.0,R,73.0,R,74.0,R,0.0,R,74.0,R,43.0,R,58.0,R,17
171155,2009,R,649.0,R,2410.0,R,27.0,R,418.0,R,0.0,R,418.0,R,191.0,R,46.0,R,424.0,Z,0.0,R,424.0,R,194.0,R,46.0,R,30
171225,2009,R,389.0,R,1260.0,R,31.0,R,373.0,R,0.0,R,373.0,R,223.0,R,60.0,R,396.0,Z,0.0,R,396.0,R,202.0,R,51.0,R,21
171234,2009,R,179.0,R,890.0,R,20.0,R,160.0,R,0.0,R,160.0,R,84.0,R,53.0,R,340.0,Z,0.0,R,340.0,R,97.0,R,29.0,R,10
171261,2009,A,,A,,A,,R,58.0,R,0.0,R,58.0,R,58.0,R,100.0,R,16.0,R,0.0,R,16.0,R,16.0,R,100.0,R,14
171298,2009,R,1109.0,R,1971.0,R,56.0,R,33.0,Z,0.0,R,33.0,R,19.0,R,58.0,R,4.0,Z,0.0,R,4.0,R,1.0,R,25.0,R,42
171304,2009,R,462.0,R,1422.0,R,32.0,R,452.0,R,0.0,R,452.0,R,294.0,R,65.0,R,351.0,R,0.0,R,351.0,R,136.0,R,39.0,R,19
171313,2009,A,,A,,A,,A,,A,,A,,A,,A,,A,,A,,A,,A,,A,,R,24
171322,2009,A,,A,,A,,R,455.0,R,0.0,R,455.0,R,318.0,R,70.0,R,0.0,R,0.0,R,0.0,R,0.0,A,,R,25
171395,2009,R,262.0,R,784.0,R,33.0,R,261.0,R,0.0,R,261.0,R,210.0,R,80.0,R,323.0,Z,0.0,R,323.0,R,130.0,R,40.0,R,20
171456,2009,R,1729.0,R,2352.0,R,74.0,R,1334.0,R,0.0,R,1334.0,R,976.0,R,73.0,R,13.0,R,0.0,R,13.0,R,7.0,R,54.0,R,23
171465,2009,A,,A,,A,,R,19.0,R,0.0,R,19.0,R,13.0,R,68.0,R,0.0,R,0.0,R,0.0,R,0.0,A,,R,15
171483,2009,R,770.0,R,1331.0,R,58.0,R,679.0,R,0.0,R,679.0,R,418.0,R,62.0,R,244.0,Z,0.0,R,244.0,R,115.0,R,47.0,R,21
171492,2009,R,340.0,R,881.0,R,39.0,R,441.0,R,4.0,R,437.0,R,340.0,R,78.0,R,1.0,Z,0.0,R,1.0,R,1.0,R,100.0,R,19
171535,2009,R,1932.0,R,6448.0,R,30.0,R,1179.0,R,0.0,R,1179.0,R,777.0,R,66.0,R,827.0,Z,0.0,R,827.0,R,407.0,R,49.0,R,31
171571,2009,R,2330.0,R,4514.0,R,52.0,R,2248.0,R,0.0,R,2248.0,R,1673.0,R,74.0,R,103.0,R,0.0,R,103.0,R,35.0,R,34.0,R,21
171599,2009,R,282.0,R,374.0,R,75.0,R,293.0,R,1.0,R,292.0,R,189.0,R,65.0,R,0.0,R,0.0,R,0.0,R,0.0,A,,R,19
171775,2009,A,,A,,A,,R,16.0,R,0.0,R,16.0,R,9.0,R,56.0,R,12.0,R,0.0,R,12.0,R,6.0,R,50.0,R,7
171881,2009,R,73.0,R,120.0,R,61.0,R,64.0,R,0.0,R,64.0,R,46.0,R,72.0,R,5.0,R,0.0,R,5.0,R,2.0,R,40.0,R,15
171988,2009,A,,A,,A,,A,,A,,A,,A,,A,,A,,A,,A,,A,,A,,R,16
171997,2009,A,,A,,A,,A,,A,,A,,A,,A,,A,,A,,A,,A,,A,,R,16
172015,2009,A,,A,,A,,A,,A,,A,,A,,A,,A,,A,,A,,A,,A,,R,14
172033,2009,R,5.0,R,58.0,R,9.0,R,1.0,R,0.0,R,1.0,R,1.0,R,100.0,R,2.0,R,0.0,R,2.0,R,1.0,R,50.0,R,5
172051,2009,R,1730.0,R,2506.0,R,69.0,R,1647.0,R,0.0,R,1647.0,R,1164.0,R,71.0,R,15.0,R,0.0,R,15.0,R,6.0,R,40.0,R,20
172200,2009,R,1168.0,R,6760.0,R,17.0,R,1226.0,R,0.0,R,1226.0,R,944.0,R,77.0,R,637.0,Z,0.0,R,637.0,R,357.0,R,56.0,R,33
172264,2009,R,205.0,R,647.0,R,32.0,R,199.0,R,0.0,R,199.0,R,155.0,R,78.0,R,5.0,R,0.0,R,5.0,R,3.0,R,60.0,R,12
172291,2009,R,700.0,R,1289.0,R,54.0,R,657.0,R,0.0,R,657.0,R,412.0,R,63.0,R,250.0,R,0.0,R,250.0,R,103.0,R,41.0,R,23
172307,2009,R,499.0,R,929.0,R,54.0,R,418.0,R,0.0,R,418.0,R,260.0,R,62.0,R,149.0,Z,0.0,R,149.0,R,45.0,R,30.0,R,22
172325,2009,A,,A,,A,,A,,A,,A,,A,,A,,A,,A,,A,,A,,A,,R,22
172334,2009,R,381.0,R,865.0,R,44.0,R,380.0,R,0.0,R,380.0,R,274.0,R,72.0,R,1.0,R,0.0,R,1.0,R,1.0,R,100.0,R,15
172422,2009,A,,A,,A,,R,29.0,R,0.0,R,29.0,R,26.0,R,90.0,R,0.0,R,0.0,R,0.0,R,0.0,A,,R,7
172440,2009,R,106.0,R,252.0,R,42.0,R,111.0,Z,0.0,R,111.0,R,102.0,R,92.0,R,4.0,Z,0.0,R,4.0,R,3.0,R,75.0,R,10
172495,2009,A,,A,,A,,R,3.0,R,0.0,R,3.0,R,2.0,R,67.0,R,48.0,R,0.0,R,48.0,R,37.0,R,77.0,R,2
172556,2009,A,,A,,A,,R,63.0,R,0.0,R,63.0,R,46.0,R,73.0,Z,0.0,Z,0.0,Z,0.0,Z,0.0,A,,R,16
172574,2009,A,,A,,A,,R,67.0,R,0.0,R,67.0,R,48.0,R,72.0,R,86.0,R,0.0,R,86.0,R,71.0,R,83.0,R,18
172583,2009,A,,A,,A,,R,79.0,R,1.0,R,78.0,R,62.0,R,79.0,R,37.0,R,0.0,R,37.0,R,27.0,R,73.0,R,16
172608,2009,A,,A,,A,,A,,A,,A,,A,,A,,A,,A,,A,,A,,A,,R,22
172617,2009,R,1158.0,R,3572.0,R,32.0,R,997.0,R,0.0,R,997.0,R,644.0,R,65.0,R,939.0,Z,0.0,R,939.0,R,448.0,R,48.0,R,21
172635,2009,R,1361.0,R,13758.0,R,10.0,R,1250.0,R,0.0,R,1250.0,R,666.0,R,53.0,R,867.0,Z,0.0,R,867.0,R,400.0,R,46.0,R,25
172644,2009,R,2770.0,R,5284.0,R,52.0,R,2625.0,Z,0.0,R,2625.0,R,1998.0,R,76.0,R,292.0,Z,0.0,R,292.0,R,112.0,R,38.0,R,16
172671,2009,R,176.0,R,508.0,R,35.0,R,136.0,R,0.0,R,136.0,R,100.0,R,74.0,R,68.0,Z,0.0,R,68.0,R,44.0,R,65.0,R,18
172699,2009,R,3163.0,R,4969.0,R,64.0,R,3806.0,R,2.0,R,3804.0,R,2756.0,R,72.0,R,22.0,R,0.0,R,22.0,R,8.0,R,36.0,R,20
172802,2009,A,,A,,A,,R,15.0,R,1.0,R,14.0,R,12.0,R,86.0,R,20.0,R,1.0,R,19.0,R,15.0,R,79.0,R,15
172866,2009,R,14.0,R,43.0,R,33.0,R,1.0,R,0.0,R,1.0,R,1.0,R,100.0,R,0.0,R,0.0,R,0.0,R,0.0,A,,R,14
172918,2009,R,598.0,R,1392.0,R,43.0,R,571.0,R,0.0,R,571.0,R,394.0,R,69.0,R,25.0,R,0.0,R,25.0,R,10.0,R,40.0,R,22
172927,2009,A,,A,,A,,A,,A,,A,,A,,A,,A,,A,,A,,A,,A,,R,29
172954,2009,R,318.0,R,1123.0,R,28.0,R,227.0,R,0.0,R,227.0,R,130.0,R,57.0,R,103.0,R,0.0,R,103.0,R,27.0,R,26.0,R,22
172963,2009,R,1236.0,R,4280.0,R,29.0,R,1145.0,R,0.0,R,1145.0,R,610.0,R,53.0,R,551.0,R,0.0,R,551.0,R,183.0,R,33.0,R,33
172972,2009,R,18.0,R,21.0,R,86.0,R,14.0,R,0.0,R,14.0,R,7.0,R,50.0,R,0.0,R,0.0,R,0.0,R,0.0,A,,R,7
173045,2009,R,459.0,R,826.0,R,56.0,R,451.0,R,0.0,R,451.0,R,363.0,R,80.0,R,4.0,R,0.0,R,4.0,R,3.0,R,75.0,R,13
173063,2009,R,536.0,R,1529.0,R,35.0,R,407.0,R,0.0,R,407.0,R,245.0,R,60.0,R,153.0,R,0.0,R,153.0,R,63.0,R,41.0,R,23
173115,2009,R,170.0,R,809.0,R,21.0,R,114.0,R,0.0,R,114.0,R,58.0,R,51.0,R,58.0,R,0.0,R,58.0,R,32.0,R,55.0,R,23
173124,2009,R,787.0,R,1678.0,R,47.0,R,750.0,R,0.0,R,750.0,R,538.0,R,72.0,R,25.0,R,0.0,R,25.0,R,14.0,R,56.0,R,21
173142,2009,R,166.0,R,201.0,R,83.0,R,181.0,R,0.0,R,181.0,R,132.0,R,73.0,R,0.0,R,0.0,R,0.0,Z,0.0,A,,R,14
173160,2009,R,650.0,R,1053.0,R,62.0,R,600.0,Z,0.0,R,600.0,R,509.0,R,85.0,R,3.0,Z,0.0,R,3.0,R,0.0,R,0.0,R,11
173203,2009,R,775.0,R,1866.0,R,42.0,R,754.0,R,0.0,R,754.0,R,447.0,R,59.0,R,128.0,R,0.0,R,128.0,R,58.0,R,45.0,R,26
173258,2009,R,528.0,R,552.0,R,96.0,R,489.0,R,0.0,R,489.0,R,474.0,R,97.0,R,0.0,R,0.0,R,0.0,R,0.0,A,,R,9
173300,2009,R,725.0,R,834.0,R,87.0,R,776.0,R,0.0,R,776.0,R,648.0,R,84.0,R,0.0,R,0.0,R,0.0,R,0.0,A,,R,13
173328,2009,R,183.0,R,642.0,R,29.0,R,211.0,R,0.0,R,211.0,R,152.0,R,72.0,Z,0.0,Z,0.0,Z,0.0,Z,0.0,A,,R,18
173416,2009,R,459.0,R,1708.0,R,27.0,R,429.0,R,0.0,R,429.0,R,258.0,R,60.0,R,120.0,R,0.0,R,120.0,R,54.0,R,45.0,R,23
173452,2009,R,158.0,R,193.0,R,82.0,R,175.0,R,2.0,R,173.0,R,147.0,R,85.0,R,0.0,R,0.0,R,0.0,R,0.0,A,,R,12
173461,2009,R,551.0,R,1905.0,R,29.0,R,556.0,R,0.0,R,556.0,R,267.0,R,48.0,R,225.0,R,0.0,R,225.0,R,109.0,R,48.0,R,24
173470,2009,A,,A,,A,,R,30.0,R,0.0,R,30.0,R,19.0,R,63.0,R,0.0,R,0.0,R,0.0,R,0.0,A,,R,18
173489,2009,R,44.0,R,160.0,R,28.0,R,0.0,R,0.0,R,0.0,R,0.0,A,,R,0.0,R,0.0,R,0.0,R,0.0,A,,R,12
173559,2009,R,973.0,R,3075.0,R,32.0,R,943.0,R,0.0,R,943.0,R,549.0,R,58.0,R,191.0,R,0.0,R,191.0,R,67.0,R,35.0,R,21
173629,2009,R,105.0,R,562.0,R,19.0,R,10.0,R,0.0,R,10.0,R,9.0,R,90.0,R,13.0,R,0.0,R,13.0,R,8.0,R,62.0,R,16
173638,2009,R,491.0,R,1366.0,R,36.0,R,448.0,R,0.0,R,448.0,R,325.0,R,73.0,R,44.0,R,0.0,R,44.0,R,22.0,R,50.0,R,20
173647,2009,R,620.0,R,654.0,R,95.0,R,621.0,R,7.0,R,614.0,R,559.0,R,91.0,Z,0.0,Z,0.0,Z,0.0,Z,0.0,A,,R,11
173665,2009,R,399.0,R,557.0,R,72.0,R,451.0,R,2.0,R,449.0,R,355.0,R,79.0,R,1.0,Z,0.0,R,1.0,R,0.0,R,0.0,R,12
173683,2009,A,,A,,A,,A,,A,,A,,A,,A,,A,,A,,A,,A,,A,,R,35
173708,2009,R,549.0,R,2435.0,R,23.0,R,533.0,R,0.0,R,533.0,R,349.0,R,65.0,R,492.0,R,0.0,R,492.0,R,213.0,R,43.0,R,22
173726,2009,A,,A,,A,,R,8.0,R,0.0,R,8.0,R,8.0,R,100.0,R,0.0,R,0.0,R,0.0,R,0.0,A,,R,10
173735,2009,R,313.0,R,718.0,R,44.0,R,307.0,R,0.0,R,307.0,R,178.0,R,58.0,R,86.0,R,0.0,R,86.0,R,8.0,R,9.0,R,17
173744,2009,A,,A,,A,,R,130.0,Z,0.0,R,130.0,R,125.0,R,96.0,R,4.0,Z,0.0,R,4.0,R,4.0,R,100.0,R,17
173799,2009,R,677.0,R,2403.0,R,28.0,R,616.0,R,0.0,R,616.0,R,362.0,R,59.0,R,256.0,R,0.0,R,256.0,R,125.0,R,49.0,R,26
173805,2009,R,321.0,R,574.0,R,56.0,R,272.0,R,0.0,R,272.0,R,162.0,R,60.0,R,43.0,R,0.0,R,43.0,R,18.0,R,42.0,R,21
173887,2009,R,286.0,R,609.0,R,47.0,R,420.0,R,0.0,R,420.0,R,246.0,R,59.0,R,68.0,R,0.0,R,68.0,R,26.0,R,38.0,R,20
173902,2009,R,565.0,R,606.0,R,93.0,R,479.0,R,1.0,R,478.0,R,451.0,R,94.0,R,0.0,R,0.0,R,0.0,R,0.0,A,,R,11
173911,2009,R,569.0,R,1429.0,R,40.0,R,543.0,R,0.0,R,543.0,R,323.0,R,59.0,R,134.0,R,0.0,R,134.0,R,62.0,R,46.0,R,21
173920,2009,R,2277.0,R,3808.0,R,60.0,R,2370.0,R,2.0,R,2368.0,R,1812.0,R,77.0,R,13.0,R,0.0,R,13.0,R,9.0,R,69.0,R,23
173939,2009,A,,A,,A,,R,45.0,R,0.0,R,45.0,R,29.0,R,64.0,R,10.0,R,0.0,R,10.0,R,6.0,R,60.0,R,18
173966,2009,A,,A,,A,,A,,A,,A,,A,,A,,A,,A,,A,,A,,A,,R,7
173984,2009,R,169.0,R,305.0,R,55.0,R,85.0,R,0.0,R,85.0,R,39.0,R,46.0,R,27.0,R,0.0,R,27.0,R,8.0,R,30.0,R,10
173993,2009,R,286.0,R,703.0,R,41.0,R,307.0,R,0.0,R,307.0,R,192.0,R,63.0,R,41.0,R,0.0,R,41.0,R,8.0,R,20.0,R,23
174020,2009,R,67.0,R,1274.0,R,5.0,R,56.0,R,0.0,R,56.0,R,33.0,R,59.0,R,18.0,R,0.0,R,18.0,R,9.0,R,50.0,R,16
174066,2009,R,5385.0,R,9560.0,R,56.0,R,5093.0,R,0.0,R,5093.0,R,4606.0,R,90.0,R,13.0,R,0.0,R,13.0,R,8.0,R,62.0,R,21
174075,2009,R,274.0,R,1058.0,R,26.0,R,268.0,R,0.0,R,268.0,R,175.0,R,65.0,R,8.0,R,0.0,R,8.0,R,2.0,R,25.0,R,24
174118,2009,R,270.0,R,270.0,R,100.0,R,246.0,Z,0.0,R,246.0,R,45.0,R,18.0,R,0.0,Z,0.0,R,0.0,Z,0.0,A,,R,30
174127,2009,R,108.0,R,172.0,R,63.0,R,103.0,Z,0.0,R,103.0,R,81.0,R,79.0,R,0.0,R,0.0,R,0.0,Z,0.0,A,,R,15
174136,2009,R,1030.0,R,3963.0,R,26.0,R,938.0,R,0.0,R,938.0,R,518.0,R,55.0,R,664.0,R,0.0,R,664.0,R,279.0,R,42.0,R,28
174154,2009,R,20.0,R,84.0,R,24.0,R,6.0,R,0.0,R,6.0,R,4.0,R,67.0,R,4.0,R,0.0,R,4.0,R,1.0,R,25.0,R,9
174190,2009,A,,A,,A,,R,53.0,R,0.0,R,53.0,R,35.0,R,66.0,Z,0.0,Z,0.0,Z,0.0,Z,0.0,A,,R,15
174206,2009,R,41.0,R,74.0,R,55.0,R,19.0,R,0.0,R,19.0,R,7.0,R,37.0,R,0.0,R,0.0,R,0.0,R,0.0,A,,R,10
174233,2009,R,2111.0,R,3287.0,R,64.0,R,2247.0,R,0.0,R,2247.0,R,1702.0,R,76.0,R,4.0,R,0.0,R,4.0,R,1.0,R,25.0,R,22
174251,2009,R,404.0,R,585.0,R,69.0,R,373.0,R,0.0,R,373.0,R,319.0,R,86.0,R,1.0,R,0.0,R,1.0,R,1.0,R,100.0,R,14
174279,2009,R,45.0,R,569.0,R,8.0,R,7.0,R,0.0,R,7.0,R,4.0,R,57.0,R,28.0,R,0.0,R,28.0,R,12.0,R,43.0,R,11
174321,2009,A,,A,,A,,R,62.0,Z,0.0,R,62.0,R,47.0,R,76.0,R,1.0,Z,0.0,R,1.0,R,1.0,R,100.0,R,18
174358,2009,R,1017.0,R,2028.0,R,50.0,R,1102.0,R,0.0,R,1102.0,R,739.0,R,67.0,R,117.0,R,0.0,R,117.0,R,69.0,R,59.0,R,19
174376,2009,R,771.0,R,2783.0,R,28.0,R,689.0,R,0.0,R,689.0,R,422.0,R,61.0,R,414.0,R,0.0,R,414.0,R,210.0,R,51.0,R,29
174385,2009,R,26.0,R,184.0,R,14.0,R,17.0,R,0.0,R,17.0,R,9.0,R,53.0,R,55.0,R,0.0,R,55.0,R,23.0,R,42.0,R,23
174394,2009,R,180.0,R,236.0,R,76.0,R,236.0,Z,0.0,R,236.0,R,188.0,R,80.0,R,6.0,Z,0.0,R,6.0,R,4.0,R,67.0,R,14
174428,2009,R,1152.0,R,4145.0,R,28.0,R,1241.0,R,0.0,R,1241.0,R,708.0,R,57.0,R,572.0,R,0.0,R,572.0,R,238.0,R,42.0,R,27
174437,2009,R,265.0,R,483.0,R,55.0,R,205.0,R,0.0,R,205.0,R,136.0,R,66.0,R,6.0,R,0.0,R,6.0,R,1.0,R,17.0,R,16
174473,2009,R,527.0,R,1658.0,R,32.0,R,426.0,R,0.0,R,426.0,R,242.0,R,57.0,R,126.0,R,0.0,R,126.0,R,54.0,R,43.0,R,21
174482,2009,R,82.0,R,84.0,R,98.0,R,82.0,R,0.0,R,82.0,R,75.0,R,91.0,R,0.0,R,0.0,R,0.0,R,0.0,A,,R,10
174491,2009,R,451.0,R,1128.0,R,40.0,R,438.0,Z,0.0,R,438.0,R,347.0,R,79.0,R,6.0,Z,0.0,R,6.0,R,4.0,R,67.0,R,16
174507,2009,R,3.0,R,57.0,R,5.0,R,0.0,R,0.0,R,0.0,R,0.0,A,,R,0.0,R,0.0,R,0.0,R,0.0,A,,R,7
174525,2009,R,33.0,R,56.0,R,59.0,R,8.0,Z,0.0,R,8.0,R,7.0,R,88.0,R,1.0,Z,0.0,R,1.0,R,0.0,R,0.0,R,11
174534,2009,A,,A,,A,,R,31.0,R,0.0,R,31.0,R,23.0,R,74.0,R,4.0,R,0.0,R,4.0,R,3.0,R,75.0,R,18
174570,2009,R,113.0,R,458.0,R,25.0,R,62.0,R,0.0,R,62.0,R,40.0,R,65.0,R,60.0,R,0.0,R,60.0,R,20.0,R,33.0,R,24
174604,2009,R,94.0,R,187.0,R,50.0,R,64.0,R,0.0,R,64.0,R,32.0,R,50.0,R,3.0,R,0.0,R,3.0,R,0.0,R,0.0,R,22
174686,2009,A,,A,,A,,R,5.0,R,0.0,R,5.0,R,4.0,R,80.0,R,0.0,R,0.0,R,0.0,R,0.0,A,,R,8
174738,2009,R,1150.0,R,2364.0,R,49.0,R,1061.0,R,0.0,R,1061.0,R,611.0,R,58.0,R,203.0,R,0.0,R,203.0,R,92.0,R,45.0,R,22
174747,2009,R,551.0,R,584.0,R,94.0,R,520.0,R,0.0,R,520.0,R,455.0,R,88.0,R,0.0,Z,0.0,R,0.0,Z,0.0,A,,R,12
174756,2009,R,794.0,R,1993.0,R,40.0,R,745.0,R,0.0,R,745.0,R,423.0,R,57.0,R,182.0,R,0.0,R,182.0,R,91.0,R,50.0,R,25
174765,2009,A,,A,,A,,R,45.0,R,0.0,R,45.0,R,28.0,R,62.0,R,0.0,R,0.0,R,0.0,R,0.0,A,,R,15
174783,2009,R,2301.0,R,5496.0,R,42.0,R,2330.0,R,0.0,R,2330.0,R,1644.0,R,71.0,R,45.0,R,0.0,R,45.0,R,23.0,R,51.0,R,23
174792,2009,R,461.0,R,493.0,R,94.0,R,461.0,R,0.0,R,461.0,R,414.0,R,90.0,R,0.0,R,0.0,R,0.0,R,0.0,A,,R,12
174817,2009,R,332.0,R,577.0,R,58.0,R,404.0,R,0.0,R,404.0,R,303.0,R,75.0,R,0.0,R,0.0,R,0.0,R,0.0,A,,R,12
174844,2009,R,778.0,R,846.0,R,92.0,R,813.0,R,0.0,R,813.0,R,758.0,R,93.0,R,0.0,R,0.0,R,0.0,R,0.0,A,,R,12
174862,2009,R,149.0,R,273.0,R,55.0,R,168.0,R,0.0,R,168.0,R,123.0,R,73.0,R,0.0,R,0.0,R,0.0,R,0.0,A,,R,14
174899,2009,R,547.0,R,919.0,R,60.0,R,574.0,R,0.0,R,574.0,R,439.0,R,76.0,R,2.0,R,0.0,R,2.0,R,2.0,R,100.0,R,14
174914,2009,R,1352.0,R,1730.0,R,78.0,R,1320.0,R,1.0,R,1319.0,R,1128.0,R,86.0,R,2.0,R,0.0,R,2.0,R,2.0,R,100.0,R,12
174932,2009,R,37.0,R,52.0,R,71.0,R,46.0,R,0.0,R,46.0,R,35.0,R,76.0,R,0.0,R,0.0,R,0.0,R,0.0,A,,R,9
174978,2009,A,,A,,A,,R,62.0,Z,0.0,R,62.0,R,54.0,R,87.0,R,17.0,Z,0.0,R,17.0,R,11.0,R,65.0,R,15
175005,2009,R,489.0,R,1226.0,R,40.0,R,363.0,R,0.0,R,363.0,R,282.0,R,78.0,R,1.0,R,0.0,R,1.0,R,1.0,R,100.0,R,13
175014,2009,R,321.0,R,1800.0,R,18.0,R,25.0,R,0.0,R,25.0,R,8.0,R,32.0,R,24.0,R,0.0,R,24.0,R,10.0,R,42.0,R,24
175041,2009,R,688.0,R,2286.0,R,30.0,R,569.0,R,0.0,R,569.0,R,359.0,R,63.0,R,406.0,R,0.0,R,406.0,R,180.0,R,44.0,R,23
175078,2009,R,456.0,R,3470.0,R,13.0,R,499.0,R,7.0,R,492.0,R,340.0,R,69.0,R,7.0,R,1.0,R,6.0,R,4.0,R,67.0,R,20
175120,2009,A,,A,,A,,A,,A,,A,,A,,A,,A,,A,,A,,A,,A,,R,15
175157,2009,R,165.0,R,373.0,R,44.0,R,186.0,R,0.0,R,186.0,R,96.0,R,52.0,R,13.0,R,0.0,R,13.0,R,5.0,R,38.0,R,19
175227,2009,R,246.0,R,529.0,R,47.0,R,0.0,R,0.0,R,0.0,R,0.0,A,,R,0.0,R,0.0,R,0.0,R,0.0,A,,R,13
175236,2009,R,833.0,R,1646.0,R,51.0,R,784.0,R,0.0,R,784.0,R,466.0,R,59.0,R,116.0,R,0.0,R,116.0,R,38.0,R,33.0,R,21
175263,2009,R,403.0,R,1092.0,R,37.0,R,295.0,R,0.0,R,295.0,R,177.0,R,60.0,R,85.0,R,0.0,R,85.0,R,36.0,R,42.0,R,24
175272,2009,R,1795.0,R,2455.0,R,73.0,R,1865.0,R,0.0,R,1865.0,R,1396.0,R,75.0,R,5.0,R,0.0,R,5.0,R,1.0,R,20.0,R,20
175315,2009,R,1383.0,R,3960.0,R,35.0,R,1182.0,R,0.0,R,1182.0,R,687.0,R,58.0,R,628.0,R,0.0,R,628.0,R,262.0,R,42.0,R,28
175342,2009,R,462.0,R,649.0,R,71.0,R,451.0,Z,0.0,R,451.0,R,317.0,R,70.0,R,5.0,Z,0.0,R,5.0,R,1.0,R,20.0,R,14
175421,2009,R,235.0,R,603.0,R,39.0,R,220.0,R,0.0,R,220.0,R,160.0,R,73.0,R,12.0,R,0.0,R,12.0,R,7.0,R,58.0,R,19
175430,2009,R,73.0,R,164.0,R,45.0,R,78.0,R,0.0,R,78.0,R,52.0,R,67.0,R,1.0,R,0.0,R,1.0,R,0.0,R,0.0,R,14
175494,2009,A,,A,,A,,R,48.0,R,2.0,R,46.0,R,33.0,R,72.0,Z,0.0,Z,0.0,Z,0.0,Z,0.0,A,,R,15
175519,2009,R,651.0,R,796.0,R,82.0,R,1409.0,R,0.0,R,1409.0,R,717.0,R,51.0,R,150.0,R,0.0,R,150.0,R,43.0,R,29.0,R,23
175528,2009,R,63.0,R,72.0,R,88.0,R,36.0,Z,0.0,R,36.0,R,14.0,R,39.0,R,12.0,Z,0.0,R,12.0,R,7.0,R,58.0,R,8
175573,2009,R,757.0,R,1238.0,R,61.0,R,727.0,R,0.0,R,727.0,R,460.0,R,63.0,R,33.0,R,0.0,R,33.0,R,7.0,R,21.0,R,20
175591,2009,A,,A,,A,,R,34.0,R,0.0,R,34.0,R,31.0,R,91.0,R,0.0,R,0.0,R,0.0,R,0.0,A,,R,4
175607,2009,A,,A,,A,,R,18.0,R,0.0,R,18.0,R,10.0,R,56.0,R,2.0,R,0.0,R,2.0,R,1.0,R,50.0,R,20
175616,2009,R,367.0,R,865.0,R,42.0,R,392.0,R,1.0,R,391.0,R,245.0,R,63.0,R,6.0,R,0.0,R,6.0,R,2.0,R,33.0,R,15
175643,2009,R,813.0,R,1028.0,R,79.0,R,687.0,R,0.0,R,687.0,R,439.0,R,64.0,R,41.0,R,0.0,R,41.0,R,17.0,R,41.0,R,24
175652,2009,R,984.0,R,1774.0,R,55.0,R,927.0,R,0.0,R,927.0,R,521.0,R,56.0,R,419.0,R,0.0,R,419.0,R,107.0,R,26.0,R,17
175698,2009,A,,A,,A,,R,1.0,Z,0.0,R,1.0,R,1.0,R,100.0,Z,0.0,Z,0.0,Z,0.0,Z,0.0,A,,R,26
175722,2009,A,,A,,A,,R,6.0,R,0.0,R,6.0,R,5.0,R,83.0,R,4.0,R,0.0,R,4.0,R,4.0,R,100.0,R,18
175786,2009,R,2115.0,R,3566.0,R,59.0,R,2155.0,R,0.0,R,2155.0,R,1021.0,R,47.0,R,286.0,R,0.0,R,286.0,R,185.0,R,65.0,R,18
175810,2009,R,1255.0,R,2537.0,R,49.0,R,1075.0,R,1.0,R,1074.0,R,648.0,R,60.0,R,422.0,Z,0.0,R,422.0,R,128.0,R,30.0,R,25
175829,2009,R,2071.0,R,3458.0,R,60.0,R,1624.0,R,0.0,R,1624.0,R,1218.0,R,75.0,R,328.0,R,0.0,R,328.0,R,133.0,R,41.0,R,31
175856,2009,R,841.0,R,1361.0,R,62.0,R,951.0,R,0.0,R,951.0,R,721.0,R,76.0,R,14.0,R,0.0,R,14.0,R,9.0,R,64.0,R,18
175883,2009,R,1322.0,R,2140.0,R,62.0,R,1171.0,R,0.0,R,1171.0,R,759.0,R,65.0,R,333.0,R,0.0,R,333.0,R,125.0,R,38.0,R,27
175935,2009,R,1160.0,R,1503.0,R,77.0,R,1089.0,R,0.0,R,1089.0,R,568.0,R,52.0,R,334.0,R,0.0,R,334.0,R,48.0,R,14.0,R,43
175980,2009,R,282.0,R,333.0,R,85.0,R,271.0,R,1.0,R,270.0,R,210.0,R,78.0,R,0.0,R,0.0,R,0.0,Z,0.0,A,,R,10
176008,2009,R,699.0,R,1084.0,R,64.0,R,628.0,R,0.0,R,628.0,R,390.0,R,62.0,R,73.0,R,0.0,R,73.0,R,8.0,R,11.0,R,20
176017,2009,R,2550.0,R,3869.0,R,66.0,R,2317.0,R,0.0,R,2317.0,R,1876.0,R,81.0,R,60.0,R,0.0,R,60.0,R,20.0,R,33.0,R,17
176026,2009,A,,A,,A,,A,,A,,A,,A,,A,,A,,A,,A,,A,,A,,R,3
176035,2009,R,220.0,R,562.0,R,39.0,R,239.0,R,0.0,R,239.0,R,163.0,R,68.0,R,5.0,R,0.0,R,5.0,R,0.0,R,0.0,R,13
176044,2009,R,413.0,R,710.0,R,58.0,R,446.0,R,0.0,R,446.0,R,273.0,R,61.0,R,7.0,R,0.0,R,7.0,R,7.0,R,100.0,R,17
176053,2009,R,465.0,R,885.0,R,53.0,R,527.0,R,0.0,R,527.0,R,355.0,R,67.0,R,6.0,R,0.0,R,6.0,R,3.0,R,50.0,R,16
176062,2009,A,,A,,A,,R,21.0,R,0.0,R,21.0,R,16.0,R,76.0,Z,0.0,Z,0.0,Z,0.0,Z,0.0,A,,R,18
176071,2009,R,1979.0,R,3148.0,R,63.0,R,1658.0,R,1.0,R,1657.0,R,1032.0,R,62.0,R,297.0,R,0.0,R,297.0,R,76.0,R,26.0,R,21
176080,2009,R,2445.0,R,4002.0,R,61.0,R,2478.0,R,2.0,R,2476.0,R,2027.0,R,82.0,R,11.0,R,0.0,R,11.0,R,8.0,R,73.0,R,18
176169,2009,R,1282.0,R,1636.0,R,78.0,R,984.0,R,1.0,R,983.0,R,686.0,R,70.0,R,105.0,R,0.0,R,105.0,R,44.0,R,42.0,R,25
176178,2009,R,2039.0,R,3098.0,R,66.0,R,1728.0,R,0.0,R,1728.0,R,1220.0,R,71.0,R,248.0,R,0.0,R,248.0,R,101.0,R,41.0,R,26
176239,2009,R,1954.0,R,3108.0,R,63.0,R,1897.0,R,5.0,R,1892.0,R,1043.0,R,55.0,R,634.0,R,0.0,R,634.0,R,248.0,R,39.0,R,16
176318,2009,R,355.0,R,389.0,R,91.0,R,313.0,Z,0.0,R,313.0,R,151.0,R,48.0,R,100.0,Z,0.0,R,100.0,R,37.0,R,37.0,R,18
176336,2009,R,17.0,R,27.0,R,63.0,R,13.0,R,4.0,R,9.0,R,9.0,R,100.0,R,1.0,R,0.0,R,1.0,R,1.0,R,100.0,R,11
176354,2009,R,548.0,R,931.0,R,59.0,R,491.0,R,0.0,R,491.0,R,320.0,R,65.0,R,131.0,R,0.0,R,131.0,R,20.0,R,15.0,R,24
176372,2009,R,1593.0,R,3247.0,R,49.0,R,1512.0,R,0.0,R,1512.0,R,1114.0,R,74.0,R,15.0,R,0.0,R,15.0,R,5.0,R,33.0,R,16
176390,2009,A,,A,,A,,R,50.0,Z,0.0,R,50.0,R,36.0,R,72.0,Z,0.0,Z,0.0,Z,0.0,Z,0.0,A,,R,20
176406,2009,R,235.0,R,295.0,R,80.0,R,237.0,Z,0.0,R,237.0,R,176.0,R,74.0,Z,0.0,Z,0.0,Z,0.0,Z,0.0,A,,R,11
176460,2009,R,9.0,R,36.0,R,25.0,R,18.0,R,0.0,R,18.0,R,7.0,R,39.0,R,0.0,R,0.0,R,0.0,R,0.0,A,,R,12
176479,2009,R,157.0,R,564.0,R,28.0,R,130.0,R,0.0,R,130.0,R,96.0,R,74.0,R,1.0,R,0.0,R,1.0,R,1.0,R,100.0,R,19
176549,2009,A,,A,,A,,R,76.0,R,2.0,R,74.0,R,48.0,R,65.0,R,0.0,R,0.0,R,0.0,R,0.0,A,,R,21
176628,2009,R,118.0,R,270.0,R,44.0,R,183.0,R,0.0,R,183.0,R,130.0,R,71.0,Z,0.0,Z,0.0,Z,0.0,Z,0.0,A,,R,14
176637,2009,R,148.0,R,212.0,R,70.0,R,0.0,R,0.0,R,0.0,R,0.0,A,,R,0.0,R,0.0,R,0.0,R,0.0,A,,R,28
176664,2009,R,86.0,R,123.0,R,70.0,R,86.0,R,0.0,R,86.0,R,62.0,R,72.0,R,0.0,R,0.0,R,0.0,R,0.0,A,,R,27
176716,2009,A,,A,,A,,R,74.0,R,0.0,R,74.0,R,61.0,R,82.0,R,1.0,R,0.0,R,1.0,R,1.0,R,100.0,R,25
176734,2009,A,,A,,A,,R,23.0,Z,0.0,R,23.0,R,22.0,R,96.0,Z,0.0,Z,0.0,Z,0.0,Z,0.0,A,,R,8
176770,2009,R,69.0,R,136.0,R,51.0,R,44.0,R,0.0,R,44.0,R,42.0,R,95.0,R,42.0,R,0.0,R,42.0,R,39.0,R,93.0,R,9
176789,2009,R,27.0,R,77.0,R,35.0,R,40.0,Z,0.0,R,40.0,R,20.0,R,50.0,R,2.0,Z,0.0,R,2.0,R,0.0,R,0.0,R,22
176798,2009,A,,A,,A,,R,53.0,R,2.0,R,51.0,R,37.0,R,73.0,R,40.0,R,1.0,R,39.0,R,29.0,R,74.0,R,18
176910,2009,R,73.0,R,106.0,R,69.0,R,67.0,R,0.0,R,67.0,R,37.0,R,55.0,R,0.0,R,0.0,R,0.0,R,0.0,A,,R,20
176938,2009,R,90.0,R,203.0,R,44.0,R,66.0,Z,0.0,R,66.0,R,51.0,R,77.0,R,3.0,Z,0.0,R,3.0,R,1.0,R,33.0,R,15
176947,2009,R,260.0,R,375.0,R,69.0,R,300.0,R,0.0,R,300.0,R,195.0,R,65.0,R,0.0,R,0.0,R,0.0,R,0.0,A,,R,15
176965,2009,R,1422.0,R,2958.0,R,48.0,R,1586.0,R,0.0,R,1586.0,R,1152.0,R,73.0,R,27.0,R,0.0,R,27.0,R,9.0,R,33.0,R,17
176983,2009,A,,A,,A,,R,59.0,R,0.0,R,59.0,R,55.0,R,93.0,R,1.0,R,0.0,R,1.0,R,1.0,R,100.0,R,4
176992,2009,A,,A,,A,,R,7.0,Z,0.0,R,7.0,R,7.0,R,100.0,R,3.0,Z,0.0,R,3.0,R,3.0,R,100.0,R,10
177038,2009,R,1.0,R,62.0,R,2.0,R,1.0,Z,0.0,R,1.0,R,1.0,R,100.0,Z,0.0,Z,0.0,Z,0.0,Z,0.0,A,,R,18
177056,2009,A,,A,,A,,R,13.0,Z,0.0,R,13.0,R,10.0,R,77.0,R,2.0,Z,0.0,R,2.0,R,2.0,R,100.0,R,7
177065,2009,R,164.0,R,614.0,R,27.0,R,207.0,R,0.0,R,207.0,R,123.0,R,59.0,R,13.0,R,0.0,R,13.0,R,6.0,R,46.0,R,33
177083,2009,R,12.0,R,39.0,R,31.0,R,12.0,R,0.0,R,12.0,R,9.0,R,75.0,R,0.0,R,0.0,R,0.0,R,0.0,A,,R,4
177117,2009,R,161.0,R,169.0,R,95.0,R,178.0,Z,0.0,R,178.0,R,134.0,R,75.0,R,0.0,R,0.0,R,0.0,R,0.0,A,,R,8
177135,2009,R,634.0,R,885.0,R,72.0,R,466.0,R,0.0,R,466.0,R,258.0,R,55.0,R,200.0,R,0.0,R,200.0,R,80.0,R,40.0,R,15
177144,2009,R,148.0,R,242.0,R,61.0,R,227.0,R,0.0,R,227.0,R,134.0,R,59.0,R,0.0,R,0.0,R,0.0,R,0.0,A,,R,13
177153,2009,R,7.0,R,1874.0,R,0.0,R,10.0,R,0.0,R,10.0,R,6.0,R,60.0,R,1.0,R,0.0,R,1.0,R,0.0,R,0.0,R,49
177162,2009,R,150.0,R,475.0,R,32.0,R,67.0,R,0.0,R,67.0,R,34.0,R,51.0,R,48.0,R,0.0,R,48.0,R,19.0,R,40.0,R,18
177214,2009,R,556.0,R,1263.0,R,44.0,R,484.0,R,0.0,R,484.0,R,356.0,R,74.0,R,75.0,Z,0.0,R,75.0,R,38.0,R,51.0,R,19
177250,2009,R,782.0,R,1833.0,R,43.0,R,573.0,R,2.0,R,571.0,R,347.0,R,61.0,R,106.0,R,0.0,R,106.0,R,39.0,R,37.0,R,18
177287,2009,A,,A,,A,,R,54.0,R,0.0,R,54.0,R,38.0,R,70.0,R,27.0,R,0.0,R,27.0,R,23.0,R,85.0,R,20
177302,2009,R,623.0,R,623.0,R,100.0,R,427.0,R,4.0,R,423.0,R,302.0,R,71.0,R,0.0,R,0.0,R,0.0,R,0.0,A,,R,12
177339,2009,R,431.0,R,533.0,R,81.0,R,338.0,R,0.0,R,338.0,R,237.0,R,70.0,Z,0.0,Z,0.0,Z,0.0,Z,0.0,A,,R,17
177418,2009,R,174.0,R,447.0,R,39.0,R,190.0,R,1.0,R,189.0,R,110.0,R,58.0,R,1.0,R,0.0,R,1.0,R,1.0,R,100.0,R,14
177436,2009,A,,A,,A,,R,30.0,R,0.0,R,30.0,R,28.0,R,93.0,R,1.0,R,0.0,R,1.0,R,1.0,R,100.0,R,10
177472,2009,R,2418.0,R,4312.0,R,56.0,R,1678.0,R,2.0,R,1676.0,R,921.0,R,55.0,R,670.0,R,1.0,R,669.0,R,285.0,R,43.0,R,26
177542,2009,R,183.0,R,467.0,R,39.0,R,200.0,R,0.0,R,200.0,R,108.0,R,54.0,R,3.0,R,0.0,R,3.0,R,1.0,R,33.0,R,12
177551,2009,R,389.0,R,632.0,R,62.0,R,410.0,Z,0.0,R,410.0,R,185.0,R,45.0,R,33.0,Z,0.0,R,33.0,R,3.0,R,9.0,R,16
177579,2009,R,253.0,R,253.0,R,100.0,R,0.0,R,0.0,R,0.0,R,0.0,A,,R,0.0,R,0.0,R,0.0,R,0.0,A,,R,18
177588,2009,A,,A,,A,,R,20.0,R,0.0,R,20.0,R,15.0,R,75.0,R,0.0,R,0.0,R,0.0,R,0.0,A,,R,25
177603,2009,A,,A,,A,,R,33.0,Z,0.0,R,33.0,R,26.0,R,79.0,R,7.0,Z,0.0,R,7.0,R,5.0,R,71.0,R,20
177676,2009,R,1147.0,R,1990.0,R,58.0,R,972.0,R,8.0,R,964.0,R,549.0,R,57.0,R,218.0,R,0.0,R,218.0,R,92.0,R,42.0,R,23
177685,2009,A,,A,,A,,R,45.0,R,0.0,R,45.0,R,42.0,R,93.0,R,0.0,R,0.0,R,0.0,R,0.0,A,,R,21
177719,2009,A,,A,,A,,A,,A,,A,,A,,A,,A,,A,,A,,A,,A,,R,11
177746,2009,R,199.0,R,257.0,R,77.0,R,144.0,Z,0.0,R,144.0,R,104.0,R,72.0,Z,0.0,Z,0.0,Z,0.0,Z,0.0,A,,R,10
177807,2009,A,,A,,A,,R,5.0,R,0.0,R,5.0,R,5.0,R,100.0,R,0.0,R,0.0,R,0.0,R,0.0,A,,R,7
177816,2009,R,23.0,R,25.0,R,92.0,R,1.0,R,0.0,R,1.0,R,0.0,R,0.0,R,0.0,R,0.0,R,0.0,R,0.0,A,,R,3
177870,2009,A,,A,,A,,R,6.0,R,0.0,R,6.0,R,6.0,R,100.0,R,0.0,R,0.0,R,0.0,R,0.0,A,,R,16
177922,2009,A,,A,,A,,A,,A,,A,,A,,A,,A,,A,,A,,A,,A,,R,8
177931,2009,A,,A,,A,,R,15.0,R,0.0,R,15.0,R,9.0,R,60.0,R,3.0,R,0.0,R,3.0,R,3.0,R,100.0,R,3
177940,2009,R,706.0,R,1227.0,R,58.0,R,546.0,R,0.0,R,546.0,R,284.0,R,52.0,R,29.0,R,0.0,R,29.0,R,8.0,R,28.0,R,15
177968,2009,R,1104.0,R,2217.0,R,50.0,R,1090.0,R,0.0,R,1090.0,R,777.0,R,71.0,R,15.0,R,0.0,R,15.0,R,13.0,R,87.0,R,22
177977,2009,R,478.0,R,592.0,R,81.0,R,456.0,R,6.0,R,450.0,R,331.0,R,74.0,R,7.0,R,0.0,R,7.0,R,2.0,R,29.0,R,13
177986,2009,A,,A,,A,,A,,A,,A,,A,,A,,A,,A,,A,,A,,A,,R,11
177995,2009,R,1001.0,R,2097.0,R,48.0,R,973.0,Z,0.0,R,973.0,R,520.0,R,53.0,R,436.0,Z,0.0,R,436.0,R,123.0,R,28.0,R,20
178004,2009,A,,A,,A,,R,1.0,R,0.0,R,1.0,R,0.0,R,0.0,R,5.0,R,0.0,R,5.0,R,4.0,R,80.0,R,8
178022,2009,R,760.0,R,1513.0,R,50.0,R,637.0,Z,0.0,R,637.0,R,348.0,R,55.0,R,293.0,Z,0.0,R,293.0,R,100.0,R,34.0,R,21
178059,2009,R,340.0,R,839.0,R,41.0,R,318.0,Z,0.0,R,318.0,R,260.0,R,82.0,R,37.0,Z,0.0,R,37.0,R,25.0,R,68.0,R,12
178077,2009,A,,A,,A,,R,88.0,Z,0.0,R,88.0,R,69.0,R,78.0,Z,0.0,Z,0.0,Z,0.0,Z,0.0,A,,R,20
178110,2009,R,346.0,R,398.0,R,87.0,R,224.0,R,0.0,R,224.0,R,150.0,R,67.0,R,5.0,R,0.0,R,5.0,R,3.0,R,60.0,R,13
178183,2009,A,,A,,A,,R,85.0,Z,0.0,R,85.0,R,73.0,R,86.0,R,51.0,Z,0.0,R,51.0,R,34.0,R,67.0,R,22
178208,2009,R,29.0,R,84.0,R,35.0,R,6.0,R,0.0,R,6.0,R,6.0,R,100.0,R,2.0,R,0.0,R,2.0,R,2.0,R,100.0,R,21
178217,2009,R,838.0,R,1181.0,R,71.0,R,604.0,R,0.0,R,604.0,R,379.0,R,63.0,R,138.0,R,0.0,R,138.0,R,61.0,R,44.0,R,22
178226,2009,R,125.0,R,220.0,R,57.0,R,123.0,Z,0.0,R,123.0,R,57.0,R,46.0,R,8.0,R,0.0,R,8.0,R,2.0,R,25.0,R,19
178244,2009,R,218.0,R,581.0,R,38.0,R,174.0,Z,0.0,R,174.0,R,121.0,R,70.0,R,22.0,Z,0.0,R,22.0,R,5.0,R,23.0,R,21
178262,2009,A,,A,,A,,R,30.0,R,0.0,R,30.0,R,26.0,R,87.0,Z,0.0,Z,0.0,Z,0.0,Z,0.0,A,,R,21
178305,2009,R,125.0,R,239.0,R,52.0,R,0.0,R,0.0,R,0.0,R,0.0,A,,R,0.0,R,0.0,R,0.0,R,0.0,A,,R,23
178341,2009,R,814.0,R,1900.0,R,43.0,R,681.0,R,0.0,R,681.0,R,452.0,R,66.0,R,43.0,R,0.0,R,43.0,R,20.0,R,47.0,R,19
178350,2009,R,3.0,R,25.0,R,12.0,R,0.0,R,0.0,R,0.0,R,0.0,A,,R,0.0,Z,0.0,R,0.0,R,0.0,A,,R,11
178369,2009,R,428.0,R,651.0,R,66.0,R,471.0,R,0.0,R,471.0,R,224.0,R,48.0,R,4.0,R,0.0,R,4.0,R,1.0,R,25.0,R,21
178387,2009,R,1004.0,R,1571.0,R,64.0,R,957.0,R,0.0,R,957.0,R,635.0,R,66.0,R,181.0,R,0.0,R,181.0,R,70.0,R,39.0,R,19
178396,2009,R,5499.0,R,6981.0,R,79.0,R,5702.0,R,0.0,R,5702.0,R,4858.0,R,85.0,R,80.0,R,0.0,R,80.0,R,44.0,R,55.0,R,19
178402,2009,R,979.0,R,2457.0,R,40.0,R,975.0,R,1.0,R,974.0,R,721.0,R,74.0,R,33.0,R,0.0,R,33.0,R,14.0,R,42.0,R,13
178411,2009,R,1104.0,R,1471.0,R,75.0,R,1038.0,R,0.0,R,1038.0,R,909.0,R,88.0,R,7.0,R,0.0,R,7.0,R,5.0,R,71.0,R,16
178420,2009,R,494.0,R,2442.0,R,20.0,R,438.0,R,0.0,R,438.0,R,304.0,R,69.0,R,30.0,R,0.0,R,30.0,R,14.0,R,47.0,R,17
178448,2009,R,1017.0,R,2046.0,R,50.0,R,666.0,R,1.0,R,665.0,R,253.0,R,38.0,R,293.0,R,0.0,R,293.0,R,225.0,R,77.0,R,26
178466,2009,A,,A,,A,,R,28.0,R,0.0,R,28.0,R,25.0,R,89.0,R,6.0,R,0.0,R,6.0,R,6.0,R,100.0,R,5
178484,2009,A,,A,,A,,R,97.0,R,0.0,R,97.0,R,62.0,R,64.0,R,0.0,R,0.0,R,0.0,R,0.0,A,,R,18
178527,2009,A,,A,,A,,R,40.0,R,0.0,R,40.0,R,38.0,R,95.0,Z,0.0,Z,0.0,Z,0.0,Z,0.0,A,,R,12
178563,2009,A,,A,,A,,R,19.0,R,0.0,R,19.0,R,17.0,R,89.0,R,1.0,R,0.0,R,1.0,R,1.0,R,100.0,R,2
178615,2009,R,1339.0,R,1496.0,R,90.0,R,1334.0,R,0.0,R,1334.0,R,1124.0,R,84.0,R,0.0,R,0.0,R,0.0,R,0.0,A,,R,16
178624,2009,R,1551.0,R,2123.0,R,73.0,R,1519.0,Z,0.0,R,1519.0,R,1090.0,R,72.0,R,14.0,Z,0.0,R,14.0,R,5.0,R,36.0,R,21
178679,2009,R,142.0,R,192.0,R,74.0,R,101.0,R,1.0,R,100.0,R,68.0,R,68.0,R,2.0,R,0.0,R,2.0,R,1.0,R,50.0,R,14
178697,2009,R,244.0,R,276.0,R,88.0,R,273.0,Z,0.0,R,273.0,R,216.0,R,79.0,Z,0.0,Z,0.0,Z,0.0,Z,0.0,A,,R,14
178721,2009,R,202.0,R,1745.0,R,12.0,R,252.0,Z,0.0,R,252.0,R,176.0,R,70.0,R,8.0,Z,0.0,R,8.0,R,1.0,R,13.0,R,12
178767,2009,R,14.0,R,56.0,R,25.0,R,8.0,R,0.0,R,8.0,R,7.0,R,88.0,R,3.0,R,0.0,R,3.0,R,3.0,R,100.0,R,11
178785,2009,R,431.0,R,1512.0,R,29.0,R,366.0,Z,0.0,R,366.0,R,173.0,R,47.0,R,391.0,Z,0.0,R,391.0,R,126.0,R,32.0,R,12
178828,2009,A,,A,,A,,R,64.0,Z,0.0,R,64.0,R,54.0,R,84.0,Z,0.0,Z,0.0,Z,0.0,Z,0.0,A,,R,5
178891,2009,R,573.0,R,770.0,R,74.0,R,444.0,Z,0.0,R,444.0,R,331.0,R,75.0,R,219.0,Z,0.0,R,219.0,R,150.0,R,68.0,R,19
178989,2009,R,72.0,R,72.0,R,100.0,R,58.0,R,0.0,R,58.0,R,46.0,R,79.0,R,0.0,R,0.0,R,0.0,R,0.0,A,,R,11
179043,2009,R,417.0,R,509.0,R,82.0,R,358.0,R,0.0,R,358.0,R,299.0,R,84.0,R,0.0,R,0.0,R,0.0,R,0.0,A,,R,13
179052,2009,A,,A,,A,,R,127.0,R,0.0,R,127.0,R,49.0,R,39.0,R,0.0,Z,0.0,R,0.0,Z,0.0,A,,R,4
179070,2009,R,64.0,R,90.0,R,71.0,R,59.0,R,0.0,R,59.0,R,24.0,R,41.0,R,32.0,R,0.0,R,32.0,R,6.0,R,19.0,R,23
179113,2009,R,1417.0,R,2954.0,R,48.0,R,1259.0,R,0.0,R,1259.0,R,836.0,R,66.0,R,298.0,R,0.0,R,298.0,R,124.0,R,42.0,R,25
179159,2009,R,1720.0,R,4409.0,R,39.0,R,1627.0,Z,0.0,R,1627.0,R,1380.0,R,85.0,R,3.0,Z,0.0,R,3.0,R,2.0,R,67.0,R,13
179195,2009,A,,A,,A,,R,25.0,R,0.0,R,25.0,R,18.0,R,72.0,R,0.0,R,0.0,R,0.0,R,0.0,A,,R,18
179201,2009,R,93.0,R,258.0,R,36.0,R,5.0,R,0.0,R,5.0,R,3.0,R,60.0,R,3.0,R,0.0,R,3.0,R,0.0,R,0.0,R,17
179229,2009,A,,A,,A,,R,19.0,R,0.0,R,19.0,R,15.0,R,79.0,R,0.0,R,0.0,R,0.0,R,0.0,A,,R,17
179238,2009,A,,A,,A,,R,42.0,R,0.0,R,42.0,R,31.0,R,74.0,R,0.0,R,0.0,R,0.0,R,0.0,A,,R,11
179256,2009,R,55.0,R,126.0,R,44.0,R,28.0,R,0.0,R,28.0,R,14.0,R,50.0,R,3.0,R,0.0,R,3.0,R,3.0,R,100.0,R,15
179265,2009,R,245.0,R,254.0,R,96.0,R,237.0,Z,0.0,R,237.0,R,216.0,R,91.0,Z,0.0,Z,0.0,Z,0.0,Z,0.0,A,,R,20
179292,2009,R,865.0,R,2161.0,R,40.0,R,741.0,R,0.0,R,741.0,R,383.0,R,52.0,R,435.0,R,0.0,R,435.0,R,152.0,R,35.0,R,23
179308,2009,R,650.0,R,2425.0,R,27.0,R,524.0,R,0.0,R,524.0,R,270.0,R,52.0,R,650.0,R,0.0,R,650.0,R,227.0,R,35.0,R,19
179326,2009,R,457.0,R,576.0,R,79.0,R,450.0,R,0.0,R,450.0,R,308.0,R,68.0,R,3.0,R,0.0,R,3.0,R,2.0,R,67.0,R,16
179344,2009,R,440.0,R,969.0,R,45.0,R,407.0,R,0.0,R,407.0,R,265.0,R,65.0,R,36.0,R,0.0,R,36.0,R,21.0,R,58.0,R,26
179399,2009,A,,A,,A,,A,,A,,A,,A,,A,,A,,A,,A,,A,,A,,R,11
179450,2009,A,,A,,A,,A,,A,,A,,A,,A,,A,,A,,A,,A,,A,,R,7
179511,2009,R,318.0,R,340.0,R,94.0,R,284.0,R,2.0,R,282.0,R,125.0,R,44.0,R,0.0,Z,0.0,R,0.0,Z,0.0,A,,R,12
179539,2009,R,902.0,R,1651.0,R,55.0,R,618.0,R,0.0,R,618.0,R,376.0,R,61.0,R,205.0,R,0.0,R,205.0,R,72.0,R,35.0,R,20
179548,2009,R,231.0,R,305.0,R,76.0,R,223.0,R,1.0,R,222.0,R,147.0,R,66.0,R,0.0,R,0.0,R,0.0,R,0.0,A,,R,12
179557,2009,R,1644.0,R,2415.0,R,68.0,R,1679.0,R,1.0,R,1678.0,R,1244.0,R,74.0,R,146.0,R,0.0,R,146.0,R,68.0,R,47.0,R,18
179566,2009,R,2628.0,R,5666.0,R,46.0,R,2536.0,R,1.0,R,2535.0,R,1934.0,R,76.0,R,32.0,R,0.0,R,32.0,R,16.0,R,50.0,R,20
179645,2009,R,739.0,R,1113.0,R,66.0,R,528.0,Z,0.0,R,528.0,R,292.0,R,55.0,R,105.0,Z,0.0,R,105.0,R,42.0,R,40.0,R,24
179715,2009,R,338.0,R,600.0,R,56.0,R,295.0,R,0.0,R,295.0,R,186.0,R,63.0,R,47.0,R,0.0,R,47.0,R,35.0,R,74.0,R,21
179724,2009,A,,A,,A,,R,1.0,Z,0.0,R,1.0,R,1.0,R,100.0,R,7.0,Z,0.0,R,7.0,R,7.0,R,100.0,R,9
179867,2009,R,1501.0,R,1914.0,R,78.0,R,1417.0,R,2.0,R,1415.0,R,1375.0,R,97.0,R,9.0,R,0.0,R,9.0,R,8.0,R,89.0,R,7
179894,2009,R,479.0,R,1054.0,R,45.0,R,411.0,R,0.0,R,411.0,R,329.0,R,80.0,R,8.0,R,0.0,R,8.0,R,5.0,R,63.0,R,16
179919,2009,R,53.0,R,425.0,R,12.0,R,95.0,R,0.0,R,95.0,R,53.0,R,56.0,R,316.0,R,0.0,R,316.0,R,113.0,R,36.0,R,34
179946,2009,R,311.0,R,376.0,R,83.0,R,244.0,R,0.0,R,244.0,R,202.0,R,83.0,R,0.0,R,0.0,R,0.0,R,0.0,A,,R,15
179955,2009,R,282.0,R,337.0,R,84.0,R,265.0,Z,0.0,R,265.0,R,203.0,R,77.0,R,0.0,Z,0.0,R,0.0,Z,0.0,A,,R,11
179964,2009,R,242.0,R,341.0,R,71.0,R,145.0,Z,0.0,R,145.0,R,113.0,R,78.0,Z,0.0,Z,0.0,Z,0.0,Z,0.0,A,,R,13
179991,2009,A,,A,,A,,R,25.0,R,0.0,R,25.0,R,25.0,R,100.0,Z,0.0,Z,0.0,Z,0.0,Z,0.0,A,,R,19
180045,2009,R,268.0,R,547.0,R,49.0,R,236.0,R,0.0,R,236.0,R,114.0,R,48.0,R,52.0,R,0.0,R,52.0,R,29.0,R,56.0,R,20
180054,2009,R,139.0,R,163.0,R,85.0,R,87.0,R,0.0,R,87.0,R,41.0,R,47.0,R,14.0,R,0.0,R,14.0,R,4.0,R,29.0,R,13
180063,2009,A,,A,,A,,R,15.0,R,0.0,R,15.0,R,12.0,R,80.0,Z,0.0,Z,0.0,Z,0.0,Z,0.0,A,,R,7
180081,2009,R,110.0,R,204.0,R,54.0,R,98.0,R,0.0,R,98.0,R,55.0,R,56.0,R,9.0,R,0.0,R,9.0,R,4.0,R,44.0,R,12
180106,2009,R,302.0,R,398.0,R,76.0,R,344.0,R,0.0,R,344.0,R,279.0,R,81.0,R,1.0,R,0.0,R,1.0,R,1.0,R,100.0,R,12
180151,2009,R,126.0,R,174.0,R,72.0,R,124.0,R,2.0,R,122.0,R,76.0,R,62.0,R,8.0,R,0.0,R,8.0,R,2.0,R,25.0,R,10
180160,2009,R,44.0,R,44.0,R,100.0,R,31.0,R,2.0,R,29.0,R,19.0,R,66.0,R,0.0,R,0.0,R,0.0,R,0.0,A,,R,13
180179,2009,R,479.0,R,957.0,R,50.0,R,456.0,R,0.0,R,456.0,R,275.0,R,60.0,R,50.0,R,0.0,R,50.0,R,23.0,R,46.0,R,18
180197,2009,R,338.0,R,843.0,R,40.0,R,234.0,R,0.0,R,234.0,R,132.0,R,56.0,R,59.0,R,0.0,R,59.0,R,23.0,R,39.0,R,19
180203,2009,R,36.0,R,73.0,R,49.0,R,44.0,R,0.0,R,44.0,R,21.0,R,48.0,R,0.0,R,0.0,R,0.0,R,0.0,A,,R,11
180212,2009,R,49.0,R,92.0,R,53.0,R,53.0,R,2.0,R,51.0,R,17.0,R,33.0,R,8.0,R,1.0,R,7.0,R,1.0,R,14.0,R,11
180249,2009,R,193.0,R,557.0,R,35.0,R,186.0,R,0.0,R,186.0,R,106.0,R,57.0,R,96.0,R,0.0,R,96.0,R,33.0,R,34.0,R,17
180258,2009,R,148.0,R,301.0,R,49.0,R,112.0,R,0.0,R,112.0,R,62.0,R,55.0,R,8.0,Z,0.0,R,8.0,R,3.0,R,38.0,R,12
180276,2009,R,260.0,R,666.0,R,39.0,R,201.0,Z,0.0,R,201.0,R,114.0,R,57.0,R,57.0,Z,0.0,R,57.0,R,25.0,R,44.0,R,14
180328,2009,R,82.0,R,126.0,R,65.0,R,76.0,R,0.0,R,76.0,R,37.0,R,49.0,R,3.0,R,0.0,R,3.0,R,1.0,R,33.0,R,27
180373,2009,R,279.0,R,332.0,R,84.0,R,256.0,R,0.0,R,256.0,R,171.0,R,67.0,R,57.0,R,0.0,R,57.0,R,32.0,R,56.0,R,14
180391,2009,A,,A,,A,,R,13.0,R,0.0,R,13.0,R,7.0,R,54.0,R,0.0,R,0.0,R,0.0,R,0.0,A,,R,20
180416,2009,R,330.0,R,669.0,R,49.0,R,333.0,R,0.0,R,333.0,R,239.0,R,72.0,R,11.0,R,0.0,R,11.0,R,4.0,R,36.0,R,12
180461,2009,R,1801.0,R,3167.0,R,57.0,R,1808.0,R,0.0,R,1808.0,R,1306.0,R,72.0,R,259.0,R,0.0,R,259.0,R,120.0,R,46.0,R,16
180489,2009,R,2128.0,R,3377.0,R,63.0,R,1715.0,R,2.0,R,1713.0,R,1256.0,R,73.0,R,95.0,R,0.0,R,95.0,R,42.0,R,44.0,R,19
180522,2009,R,234.0,R,426.0,R,55.0,R,198.0,R,0.0,R,198.0,R,124.0,R,63.0,R,13.0,R,0.0,R,13.0,R,5.0,R,38.0,R,15
180595,2009,R,232.0,R,313.0,R,74.0,R,199.0,Z,0.0,R,199.0,R,119.0,R,60.0,R,2.0,Z,0.0,R,2.0,R,1.0,R,50.0,R,10
180647,2009,R,96.0,R,215.0,R,45.0,R,92.0,Z,0.0,R,92.0,R,40.0,R,43.0,R,11.0,Z,0.0,R,11.0,R,3.0,R,27.0,R,11
180692,2009,R,225.0,R,364.0,R,62.0,R,118.0,Z,0.0,R,118.0,R,83.0,R,70.0,R,6.0,Z,0.0,R,6.0,R,4.0,R,67.0,R,14
180771,2009,A,,A,,A,,R,12.0,Z,0.0,R,12.0,R,7.0,R,58.0,Z,0.0,Z,0.0,Z,0.0,Z,0.0,A,,R,17
180814,2009,R,16.0,R,2094.0,R,1.0,R,34.0,R,0.0,R,34.0,R,13.0,R,38.0,R,138.0,R,0.0,R,138.0,R,68.0,R,49.0,R,22
180832,2009,R,14.0,R,196.0,R,7.0,R,13.0,Z,0.0,R,13.0,R,10.0,R,77.0,R,1.0,Z,0.0,R,1.0,R,1.0,R,100.0,R,13
180878,2009,R,28.0,R,106.0,R,26.0,R,25.0,R,0.0,R,25.0,R,24.0,R,96.0,R,0.0,R,0.0,R,0.0,R,0.0,A,,R,8
180902,2009,R,890.0,R,2795.0,R,32.0,R,756.0,R,0.0,R,756.0,R,465.0,R,62.0,R,189.0,R,0.0,R,189.0,R,82.0,R,43.0,R,20
180948,2009,R,407.0,R,685.0,R,59.0,R,403.0,R,0.0,R,403.0,R,264.0,R,66.0,R,12.0,R,0.0,R,12.0,R,3.0,R,25.0,R,19
180957,2009,A,,A,,A,,R,74.0,R,0.0,R,74.0,R,64.0,R,86.0,R,0.0,R,0.0,R,0.0,R,0.0,A,,R,13
180984,2009,R,288.0,R,486.0,R,59.0,R,273.0,R,0.0,R,273.0,R,208.0,R,76.0,R,0.0,Z,0.0,R,0.0,R,0.0,A,,R,17
181002,2009,R,1054.0,R,1248.0,R,84.0,R,983.0,R,0.0,R,983.0,R,872.0,R,89.0,Z,0.0,Z,0.0,Z,0.0,Z,0.0,A,,R,11
181011,2009,R,174.0,R,231.0,R,75.0,R,138.0,R,0.0,R,138.0,R,79.0,R,57.0,R,0.0,R,0.0,R,0.0,R,0.0,A,,R,14
181020,2009,R,312.0,R,354.0,R,88.0,R,242.0,R,0.0,R,242.0,R,191.0,R,79.0,R,0.0,R,0.0,R,0.0,R,0.0,A,,R,11
181093,2009,R,94.0,R,98.0,R,96.0,R,63.0,R,0.0,R,63.0,R,41.0,R,65.0,R,9.0,R,0.0,R,9.0,R,4.0,R,44.0,R,11
181127,2009,R,291.0,R,357.0,R,82.0,R,322.0,R,0.0,R,322.0,R,234.0,R,73.0,R,0.0,R,0.0,R,0.0,R,0.0,A,,R,10
181136,2009,A,,A,,A,,R,12.0,R,0.0,R,12.0,R,10.0,R,83.0,R,0.0,R,0.0,R,0.0,R,0.0,A,,R,20
181145,2009,A,,A,,A,,A,,A,,A,,A,,A,,A,,A,,A,,A,,A,,R,7
181190,2009,A,,A,,A,,R,104.0,R,0.0,R,104.0,R,60.0,R,58.0,R,0.0,R,0.0,R,0.0,R,0.0,A,,R,14
181215,2009,R,969.0,R,1403.0,R,69.0,R,1019.0,Z,0.0,R,1019.0,R,843.0,R,83.0,R,8.0,R,0.0,R,8.0,R,3.0,R,38.0,R,16
181242,2009,A,,A,,A,,R,2.0,R,0.0,R,2.0,R,1.0,R,50.0,R,2.0,R,0.0,R,2.0,R,1.0,R,50.0,R,22
181251,2009,A,,A,,A,,A,,A,,A,,A,,A,,A,,A,,A,,A,,A,,R,6
181297,2009,R,49.0,R,168.0,R,29.0,R,30.0,Z,0.0,R,30.0,R,22.0,R,73.0,R,0.0,Z,0.0,R,0.0,Z,0.0,A,,R,10
181303,2009,R,984.0,R,4469.0,R,22.0,R,876.0,R,0.0,R,876.0,R,485.0,R,55.0,R,586.0,R,0.0,R,586.0,R,193.0,R,33.0,R,22
181312,2009,R,356.0,R,1046.0,R,34.0,R,255.0,Z,0.0,R,255.0,R,141.0,R,55.0,R,47.0,Z,0.0,R,47.0,R,19.0,R,40.0,R,11
181330,2009,R,115.0,R,180.0,R,64.0,R,157.0,R,0.0,R,157.0,R,99.0,R,63.0,Z,0.0,Z,0.0,Z,0.0,Z,0.0,A,,R,10
181376,2009,R,20.0,R,34.0,R,59.0,R,38.0,R,0.0,R,38.0,R,20.0,R,53.0,R,0.0,R,0.0,R,0.0,R,0.0,A,,R,9
181394,2009,R,1753.0,R,3192.0,R,55.0,R,1755.0,R,0.0,R,1755.0,R,1256.0,R,72.0,R,52.0,R,0.0,R,52.0,R,23.0,R,44.0,R,19
181400,2009,A,,A,,A,,R,14.0,R,0.0,R,14.0,R,9.0,R,64.0,R,3.0,R,0.0,R,3.0,R,2.0,R,67.0,R,17
181419,2009,R,33.0,R,49.0,R,67.0,R,17.0,R,0.0,R,17.0,R,4.0,R,24.0,R,8.0,R,0.0,R,8.0,R,1.0,R,13.0,R,12
181428,2009,A,,A,,A,,A,,A,,A,,A,,A,,A,,A,,A,,A,,A,,R,3
181446,2009,R,393.0,R,547.0,R,72.0,R,383.0,R,2.0,R,381.0,R,300.0,R,79.0,R,0.0,Z,0.0,R,0.0,Z,0.0,A,,R,13
181464,2009,R,3965.0,R,4994.0,R,79.0,R,4166.0,R,0.0,R,4166.0,R,3494.0,R,84.0,R,34.0,R,0.0,R,34.0,R,18.0,R,53.0,R,17
181491,2009,R,881.0,R,3012.0,R,29.0,R,730.0,R,45.0,R,685.0,R,466.0,R,68.0,R,61.0,R,0.0,R,61.0,R,28.0,R,46.0,R,16
181534,2009,R,226.0,R,527.0,R,43.0,R,209.0,R,0.0,R,209.0,R,132.0,R,63.0,R,8.0,R,0.0,R,8.0,R,8.0,R,100.0,R,24
181543,2009,R,4.0,R,4.0,R,100.0,R,9.0,R,0.0,R,9.0,R,6.0,R,67.0,R,4.0,R,0.0,R,4.0,R,2.0,R,50.0,R,9
181604,2009,R,105.0,R,360.0,R,29.0,R,76.0,R,0.0,R,76.0,R,49.0,R,64.0,R,9.0,R,0.0,R,9.0,R,3.0,R,33.0,R,17
181640,2009,R,1640.0,R,4859.0,R,34.0,R,1298.0,R,0.0,R,1298.0,R,974.0,R,75.0,R,580.0,R,0.0,R,580.0,R,423.0,R,73.0,R,27
181738,2009,R,117.0,R,269.0,R,43.0,R,164.0,R,0.0,R,164.0,R,104.0,R,63.0,R,0.0,R,0.0,R,0.0,R,0.0,A,,R,11
181756,2009,A,,A,,A,,R,96.0,Z,0.0,R,96.0,R,57.0,R,59.0,Z,0.0,Z,0.0,Z,0.0,Z,0.0,A,,R,31
181765,2009,R,117.0,R,275.0,R,43.0,R,107.0,Z,0.0,R,107.0,R,82.0,R,77.0,R,37.0,Z,0.0,R,37.0,R,6.0,R,16.0,R,20
181783,2009,R,663.0,R,920.0,R,72.0,R,653.0,R,0.0,R,653.0,R,436.0,R,67.0,R,7.0,R,0.0,R,7.0,R,2.0,R,29.0,R,20
181792,2009,A,,A,,A,,A,,A,,A,,A,,A,,A,,A,,A,,A,,A,,R,4
181817,2009,R,376.0,R,778.0,R,48.0,R,364.0,R,0.0,R,364.0,R,205.0,R,56.0,R,94.0,R,0.0,R,94.0,R,34.0,R,36.0,R,11
181853,2009,R,114.0,R,177.0,R,64.0,R,110.0,R,0.0,R,110.0,R,64.0,R,58.0,R,0.0,R,0.0,R,0.0,R,0.0,A,,R,15
181880,2009,A,,A,,A,,R,51.0,R,0.0,R,51.0,R,35.0,R,69.0,R,19.0,R,0.0,R,19.0,R,7.0,R,37.0,R,9
181941,2009,A,,A,,A,,R,89.0,R,0.0,R,89.0,R,58.0,R,65.0,R,0.0,R,0.0,R,0.0,R,0.0,A,,R,19
182005,2009,R,2508.0,R,12583.0,R,20.0,R,0.0,R,0.0,R,0.0,R,0.0,A,,R,0.0,R,0.0,R,0.0,R,0.0,A,,R,25
182111,2009,R,228.0,R,420.0,R,54.0,R,209.0,R,0.0,R,209.0,R,126.0,R,60.0,R,19.0,R,0.0,R,19.0,R,5.0,R,26.0,R,14
182148,2009,R,113.0,R,193.0,R,59.0,R,78.0,R,0.0,R,78.0,R,39.0,R,50.0,R,43.0,R,0.0,R,43.0,R,19.0,R,44.0,R,18
182209,2009,A,,A,,A,,R,209.0,R,0.0,R,209.0,R,184.0,R,88.0,R,39.0,R,0.0,R,39.0,R,37.0,R,95.0,R,23
182281,2009,R,3090.0,R,5749.0,R,54.0,R,3022.0,R,0.0,R,3022.0,R,2211.0,R,73.0,R,229.0,R,0.0,R,229.0,R,96.0,R,42.0,R,21
182290,2009,R,2129.0,R,3487.0,R,61.0,R,2259.0,R,0.0,R,2259.0,R,1799.0,R,80.0,R,35.0,R,0.0,R,35.0,R,13.0,R,37.0,R,23
182306,2009,R,335.0,R,1303.0,R,26.0,R,228.0,Z,0.0,R,228.0,R,112.0,R,49.0,R,331.0,Z,0.0,R,331.0,R,93.0,R,28.0,R,15
182397,2009,A,,A,,A,,R,59.0,R,0.0,R,59.0,R,50.0,R,85.0,R,6.0,R,0.0,R,6.0,R,5.0,R,83.0,R,10
182430,2009,A,,A,,A,,R,0.0,R,0.0,R,0.0,R,0.0,A,,R,2.0,R,0.0,R,2.0,R,2.0,R,100.0,R,19
182458,2009,R,87.0,R,151.0,R,58.0,R,109.0,R,0.0,R,109.0,R,66.0,R,61.0,R,5.0,R,0.0,R,5.0,R,3.0,R,60.0,R,12
182500,2009,R,911.0,R,2930.0,R,31.0,R,685.0,R,2.0,R,683.0,R,455.0,R,67.0,R,862.0,R,1.0,R,861.0,R,389.0,R,45.0,R,23
182564,2009,R,440.0,R,1526.0,R,29.0,Z,0.0,Z,0.0,Z,0.0,Z,0.0,A,,Z,0.0,Z,0.0,Z,0.0,Z,0.0,A,,R,18
182634,2009,R,430.0,R,456.0,R,94.0,R,375.0,R,0.0,R,375.0,R,259.0,R,69.0,R,0.0,R,0.0,R,0.0,R,0.0,A,,R,10
182652,2009,A,,A,,A,,R,43.0,R,0.0,R,43.0,R,41.0,R,95.0,R,0.0,R,0.0,R,0.0,R,0.0,A,,R,16
182661,2009,R,169.0,R,215.0,R,79.0,R,223.0,R,0.0,R,223.0,R,159.0,R,71.0,R,0.0,R,0.0,R,0.0,R,0.0,A,,R,15
182670,2009,R,1094.0,R,1120.0,R,98.0,R,1095.0,R,0.0,R,1095.0,R,1069.0,R,98.0,Z,0.0,Z,0.0,Z,0.0,Z,0.0,A,,R,8
182704,2009,A,,A,,A,,R,44.0,R,0.0,R,44.0,R,38.0,R,86.0,R,22.0,R,0.0,R,22.0,R,13.0,R,59.0,R,11
182722,2009,A,,A,,A,,R,55.0,R,0.0,R,55.0,R,38.0,R,69.0,R,19.0,R,0.0,R,19.0,R,17.0,R,89.0,R,19
182795,2009,R,388.0,R,458.0,R,85.0,R,476.0,R,0.0,R,476.0,R,284.0,R,60.0,R,0.0,R,0.0,R,0.0,R,0.0,A,,R,13
182865,2009,A,,A,,A,,R,67.0,R,0.0,R,67.0,R,31.0,R,46.0,R,53.0,R,0.0,R,53.0,R,20.0,R,38.0,R,33
182883,2009,A,,A,,A,,R,15.0,R,0.0,R,15.0,R,11.0,R,73.0,Z,0.0,Z,0.0,Z,0.0,Z,0.0,A,,R,7
182892,2009,A,,A,,A,,R,42.0,R,0.0,R,42.0,R,36.0,R,86.0,R,7.0,R,0.0,R,7.0,R,5.0,R,71.0,R,14
182908,2009,R,17.0,R,127.0,R,13.0,R,7.0,Z,0.0,R,7.0,R,4.0,R,57.0,R,6.0,Z,0.0,R,6.0,R,2.0,R,33.0,R,7
182917,2009,R,24.0,R,24.0,R,100.0,R,21.0,R,0.0,R,21.0,R,18.0,R,86.0,R,0.0,R,0.0,R,0.0,R,0.0,A,,R,11
182953,2009,A,,A,,A,,R,117.0,R,0.0,R,117.0,R,90.0,R,77.0,R,22.0,R,0.0,R,22.0,R,20.0,R,91.0,R,14
182980,2009,R,263.0,R,344.0,R,76.0,R,298.0,R,1.0,R,297.0,R,173.0,R,58.0,R,2.0,R,0.0,R,2.0,R,2.0,R,100.0,R,11
182999,2009,A,,A,,A,,R,15.0,R,0.0,R,15.0,R,11.0,R,73.0,R,11.0,R,0.0,R,11.0,R,8.0,R,73.0,R,9
183026,2009,R,514.0,R,647.0,R,79.0,R,599.0,R,0.0,R,599.0,R,429.0,R,72.0,Z,0.0,Z,0.0,Z,0.0,Z,0.0,A,,R,16
183035,2009,A,,A,,A,,A,,A,,A,,A,,A,,A,,A,,A,,A,,A,,R,18
183044,2009,R,3006.0,R,3733.0,R,81.0,R,2524.0,R,1.0,R,2523.0,R,2183.0,R,87.0,R,0.0,R,0.0,R,0.0,R,0.0,A,,R,19
183062,2009,R,1186.0,R,1523.0,R,78.0,R,1298.0,R,3.0,R,1295.0,R,1029.0,R,79.0,Z,0.0,Z,0.0,Z,0.0,Z,0.0,A,,R,18
183071,2009,R,151.0,R,375.0,R,40.0,R,36.0,Z,0.0,R,36.0,R,24.0,R,67.0,R,0.0,Z,0.0,R,0.0,Z,0.0,A,,R,16
183080,2009,R,972.0,R,1327.0,R,73.0,R,1088.0,R,0.0,R,1088.0,R,833.0,R,77.0,R,2.0,R,0.0,R,2.0,R,1.0,R,50.0,R,16
183099,2009,R,957.0,R,1352.0,R,71.0,R,750.0,R,0.0,R,750.0,R,454.0,R,61.0,R,177.0,R,0.0,R,177.0,R,79.0,R,45.0,R,11
183105,2009,R,134.0,R,350.0,R,38.0,R,111.0,R,0.0,R,111.0,R,70.0,R,63.0,R,64.0,R,0.0,R,64.0,R,29.0,R,45.0,R,6
183114,2009,R,72.0,R,287.0,R,25.0,R,66.0,R,0.0,R,66.0,R,42.0,R,64.0,R,67.0,R,0.0,R,67.0,R,35.0,R,52.0,R,5
183123,2009,R,234.0,R,390.0,R,60.0,R,218.0,R,0.0,R,218.0,R,139.0,R,64.0,R,54.0,R,0.0,R,54.0,R,24.0,R,44.0,R,9
183132,2009,R,312.0,R,826.0,R,38.0,R,268.0,Z,0.0,R,268.0,R,164.0,R,61.0,R,221.0,Z,0.0,R,221.0,R,85.0,R,38.0,R,8
183141,2009,R,324.0,R,720.0,R,45.0,R,309.0,R,0.0,R,309.0,R,179.0,R,58.0,R,201.0,R,0.0,R,201.0,R,100.0,R,50.0,R,13
183150,2009,R,187.0,R,689.0,R,27.0,R,170.0,R,0.0,R,170.0,R,87.0,R,51.0,R,146.0,R,0.0,R,146.0,R,59.0,R,40.0,R,10
183202,2009,A,,A,,A,,R,29.0,R,0.0,R,29.0,R,26.0,R,90.0,R,0.0,R,0.0,R,0.0,R,0.0,A,,R,9
183211,2009,R,235.0,R,381.0,R,62.0,R,246.0,R,0.0,R,246.0,R,189.0,R,77.0,R,6.0,R,0.0,R,6.0,R,3.0,R,50.0,R,15
183239,2009,R,528.0,R,564.0,R,94.0,R,501.0,R,1.0,R,500.0,R,427.0,R,85.0,R,0.0,R,0.0,R,0.0,R,0.0,A,,R,11
183248,2009,A,,A,,A,,R,11.0,R,0.0,R,11.0,R,9.0,R,82.0,R,0.0,R,0.0,R,0.0,R,0.0,A,,R,12
183257,2009,R,34.0,R,301.0,R,11.0,R,17.0,R,0.0,R,17.0,R,9.0,R,53.0,R,4.0,R,0.0,R,4.0,R,2.0,R,50.0,R,10
183275,2009,R,18.0,R,23.0,R,78.0,R,16.0,R,0.0,R,16.0,R,9.0,R,56.0,R,0.0,R,0.0,R,0.0,R,0.0,A,,R,9
183345,2009,R,41.0,R,56.0,R,73.0,R,51.0,R,0.0,R,51.0,R,30.0,R,59.0,R,4.0,R,0.0,R,4.0,R,2.0,R,50.0,R,8
183488,2009,A,,A,,A,,R,150.0,Z,0.0,R,150.0,R,130.0,R,87.0,R,110.0,Z,0.0,R,110.0,R,96.0,R,87.0,R,25
183600,2009,R,10.0,R,16.0,R,63.0,R,8.0,R,0.0,R,8.0,R,8.0,R,100.0,R,0.0,R,0.0,R,0.0,R,0.0,A,,R,9
183655,2009,R,1349.0,R,3309.0,R,41.0,R,1065.0,R,0.0,R,1065.0,R,651.0,R,61.0,R,398.0,R,0.0,R,398.0,R,166.0,R,42.0,R,26
183725,2009,A,,A,,A,,R,226.0,R,0.0,R,226.0,R,187.0,R,83.0,R,0.0,R,0.0,R,0.0,R,0.0,A,,R,17
183743,2009,R,2696.0,R,5449.0,R,49.0,R,2630.0,R,0.0,R,2630.0,R,1735.0,R,66.0,R,686.0,R,0.0,R,686.0,R,345.0,R,50.0,R,22
183789,2009,R,890.0,R,1235.0,R,72.0,R,596.0,R,0.0,R,596.0,R,307.0,R,52.0,R,20.0,R,0.0,R,20.0,R,7.0,R,35.0,R,28
183804,2009,A,,A,,A,,A,,A,,A,,A,,A,,A,,A,,A,,A,,A,,R,67
183822,2009,R,453.0,R,706.0,R,64.0,R,398.0,R,0.0,R,398.0,R,279.0,R,70.0,R,30.0,R,0.0,R,30.0,R,12.0,R,40.0,R,16
183859,2009,R,3145.0,R,4807.0,R,65.0,R,3094.0,R,0.0,R,3094.0,R,2179.0,R,70.0,R,498.0,R,0.0,R,498.0,R,237.0,R,48.0,R,25
183877,2009,R,1952.0,R,3643.0,R,54.0,R,1664.0,R,0.0,R,1664.0,R,1112.0,R,67.0,R,385.0,R,0.0,R,385.0,R,152.0,R,39.0,R,29
183910,2009,R,272.0,R,410.0,R,66.0,R,278.0,R,0.0,R,278.0,R,208.0,R,75.0,Z,0.0,Z,0.0,Z,0.0,Z,0.0,A,,R,13
183938,2009,R,1658.0,R,4298.0,R,39.0,R,2019.0,R,0.0,R,2019.0,R,1362.0,R,67.0,R,627.0,R,0.0,R,627.0,R,241.0,R,38.0,R,28
183974,2009,R,270.0,R,520.0,R,52.0,R,310.0,R,0.0,R,310.0,R,237.0,R,76.0,R,33.0,R,0.0,R,33.0,R,27.0,R,82.0,R,16
183983,2009,A,,A,,A,,R,48.0,R,0.0,R,48.0,R,45.0,R,94.0,R,29.0,R,0.0,R,29.0,R,27.0,R,93.0,R,17
184047,2009,A,,A,,A,,R,102.0,R,0.0,R,102.0,R,82.0,R,80.0,R,0.0,R,0.0,R,0.0,R,0.0,A,,R,40
184056,2009,A,,A,,A,,R,265.0,Z,0.0,R,265.0,R,202.0,R,76.0,Z,0.0,Z,0.0,Z,0.0,Z,0.0,A,,R,30
184092,2009,A,,A,,A,,R,83.0,R,0.0,R,83.0,R,53.0,R,64.0,R,0.0,R,0.0,R,0.0,R,0.0,A,,R,34
184135,2009,A,,A,,A,,R,326.0,R,1.0,R,325.0,R,210.0,R,65.0,R,0.0,R,0.0,R,0.0,R,0.0,A,,R,9
184144,2009,A,,A,,A,,R,62.0,Z,0.0,R,62.0,R,50.0,R,81.0,R,8.0,Z,0.0,R,8.0,R,5.0,R,63.0,R,13
184153,2009,A,,A,,A,,A,,A,,A,,A,,A,,A,,A,,A,,A,,A,,R,4
184180,2009,R,1582.0,R,3068.0,R,52.0,R,1439.0,R,0.0,R,1439.0,R,983.0,R,68.0,R,336.0,R,0.0,R,336.0,R,183.0,R,54.0,R,22
184205,2009,R,771.0,R,1454.0,R,53.0,R,616.0,R,0.0,R,616.0,R,428.0,R,69.0,R,140.0,R,0.0,R,140.0,R,69.0,R,49.0,R,21
184269,2009,R,258.0,R,685.0,R,38.0,R,22.0,R,0.0,R,22.0,R,12.0,R,55.0,R,11.0,R,0.0,R,11.0,R,2.0,R,18.0,R,15
184278,2009,A,,A,,A,,A,,A,,A,,A,,A,,A,,A,,A,,A,,A,,R,19
184320,2009,A,,A,,A,,R,175.0,R,5.0,R,170.0,R,121.0,R,71.0,R,0.0,R,0.0,R,0.0,R,0.0,A,,R,17
184348,2009,R,505.0,R,603.0,R,84.0,R,390.0,R,0.0,R,390.0,R,307.0,R,79.0,Z,0.0,Z,0.0,Z,0.0,Z,0.0,A,,R,11
184357,2009,A,,A,,A,,R,13.0,R,0.0,R,13.0,R,11.0,R,85.0,R,5.0,R,0.0,R,5.0,R,3.0,R,60.0,R,5
184427,2009,A,,A,,A,,R,80.0,R,0.0,R,80.0,R,59.0,R,74.0,R,0.0,R,0.0,R,0.0,R,0.0,A,,R,19
184481,2009,R,2671.0,R,4230.0,R,63.0,R,2596.0,R,0.0,R,2596.0,R,1250.0,R,48.0,R,522.0,R,0.0,R,522.0,R,180.0,R,34.0,R,30
184506,2009,A,,A,,A,,R,38.0,Z,0.0,R,38.0,R,21.0,R,55.0,R,10.0,Z,0.0,R,10.0,R,3.0,R,30.0,R,12
184603,2009,R,643.0,R,1207.0,R,53.0,R,395.0,R,0.0,R,395.0,R,289.0,R,73.0,R,18.0,R,0.0,R,18.0,R,6.0,R,33.0,R,16
184612,2009,R,251.0,R,399.0,R,63.0,R,245.0,Z,0.0,R,245.0,R,168.0,R,69.0,R,7.0,Z,0.0,R,7.0,R,3.0,R,43.0,R,11
184694,2009,R,645.0,R,777.0,R,83.0,R,589.0,R,0.0,R,589.0,R,442.0,R,75.0,R,4.0,R,0.0,R,4.0,R,2.0,R,50.0,R,15
184746,2009,A,,A,,A,,R,36.0,Z,0.0,R,36.0,R,30.0,R,83.0,R,12.0,Z,0.0,R,12.0,R,7.0,R,58.0,R,9
184773,2009,R,251.0,R,697.0,R,36.0,R,251.0,R,0.0,R,251.0,R,196.0,R,78.0,Z,0.0,Z,0.0,Z,0.0,Z,0.0,A,,R,13
184782,2009,R,1434.0,R,2631.0,R,55.0,R,1347.0,R,0.0,R,1347.0,R,1102.0,R,82.0,R,4.0,R,0.0,R,4.0,R,4.0,R,100.0,R,15
184791,2009,R,1694.0,R,2959.0,R,57.0,R,1533.0,R,0.0,R,1533.0,R,977.0,R,64.0,R,458.0,R,0.0,R,458.0,R,184.0,R,40.0,R,28
184816,2009,A,,A,,A,,R,69.0,Z,0.0,R,69.0,R,45.0,R,65.0,R,26.0,R,1.0,R,25.0,R,13.0,R,52.0,R,21
184870,2009,A,,A,,A,,R,113.0,R,2.0,R,111.0,R,68.0,R,61.0,R,46.0,R,0.0,R,46.0,R,22.0,R,48.0,R,30
184959,2009,R,167.0,R,273.0,R,61.0,R,87.0,R,0.0,R,87.0,R,65.0,R,75.0,R,52.0,Z,0.0,R,52.0,R,42.0,R,81.0,R,25
184968,2009,A,,A,,A,,R,14.0,R,0.0,R,14.0,R,3.0,R,21.0,R,19.0,R,0.0,R,19.0,R,1.0,R,5.0,R,9
184995,2009,R,1849.0,R,2795.0,R,66.0,R,1590.0,R,0.0,R,1590.0,R,920.0,R,58.0,R,315.0,R,0.0,R,315.0,R,149.0,R,47.0,R,24
185129,2009,R,635.0,R,1674.0,R,38.0,R,563.0,R,0.0,R,563.0,R,403.0,R,72.0,R,115.0,R,0.0,R,115.0,R,58.0,R,50.0,R,15
185174,2009,A,,A,,A,,R,32.0,R,0.0,R,32.0,R,32.0,R,100.0,R,0.0,R,0.0,R,0.0,R,0.0,A,,R,5
185262,2009,R,1518.0,R,3368.0,R,45.0,R,1418.0,R,0.0,R,1418.0,R,1148.0,R,81.0,R,51.0,R,0.0,R,51.0,R,29.0,R,57.0,R,17
185332,2009,A,,A,,A,,R,54.0,R,0.0,R,54.0,R,34.0,R,63.0,R,9.0,R,0.0,R,9.0,R,1.0,R,11.0,R,29
185396,2009,A,,A,,A,,R,511.0,Z,0.0,R,511.0,R,272.0,R,53.0,R,0.0,R,0.0,R,0.0,R,0.0,A,,R,27
185466,2009,A,,A,,A,,R,13.0,R,0.0,R,13.0,R,10.0,R,77.0,R,14.0,R,0.0,R,14.0,R,12.0,R,86.0,R,25
185509,2009,R,1623.0,R,3124.0,R,52.0,R,1409.0,R,0.0,R,1409.0,R,955.0,R,68.0,R,697.0,R,0.0,R,697.0,R,265.0,R,38.0,R,22
185536,2009,R,2323.0,R,4052.0,R,57.0,R,2198.0,R,0.0,R,2198.0,R,1490.0,R,68.0,R,462.0,R,0.0,R,462.0,R,239.0,R,52.0,R,26
185572,2009,R,998.0,R,1294.0,R,77.0,R,961.0,R,0.0,R,961.0,R,750.0,R,78.0,R,0.0,R,0.0,R,0.0,R,0.0,A,,R,15
185590,2009,R,2101.0,R,3995.0,R,53.0,R,2257.0,R,0.0,R,2257.0,R,1872.0,R,83.0,R,15.0,R,0.0,R,15.0,R,6.0,R,40.0,R,17
185624,2009,A,,A,,A,,A,,A,,A,,A,,A,,A,,A,,A,,A,,A,,R,10
185651,2009,A,,A,,A,,R,3.0,Z,0.0,R,3.0,R,2.0,R,67.0,R,3.0,Z,0.0,R,3.0,R,2.0,R,67.0,R,10
185679,2009,A,,A,,A,,R,2.0,Z,0.0,R,2.0,R,1.0,R,50.0,R,1.0,Z,0.0,R,1.0,R,1.0,R,100.0,R,10
185721,2009,A,,A,,A,,R,453.0,Z,0.0,R,453.0,R,348.0,R,77.0,R,0.0,R,0.0,R,0.0,R,0.0,A,,R,25
185730,2009,A,,A,,A,,R,37.0,Z,0.0,R,37.0,R,24.0,R,65.0,R,7.0,Z,0.0,R,7.0,R,4.0,R,57.0,R,10
185767,2009,A,,A,,A,,R,66.0,R,0.0,R,66.0,R,56.0,R,85.0,R,72.0,R,0.0,R,72.0,R,61.0,R,85.0,R,25
185828,2009,R,926.0,R,1756.0,R,53.0,R,779.0,R,0.0,R,779.0,R,653.0,R,84.0,R,128.0,R,0.0,R,128.0,R,102.0,R,80.0,R,15
185873,2009,R,2175.0,R,3778.0,R,58.0,R,2063.0,R,0.0,R,2063.0,R,1434.0,R,70.0,R,477.0,R,0.0,R,477.0,R,198.0,R,42.0,R,30
185916,2009,A,,A,,A,,R,45.0,R,0.0,R,45.0,R,43.0,R,96.0,R,22.0,R,0.0,R,22.0,R,19.0,R,86.0,R,15
185970,2009,A,,A,,A,,R,116.0,R,0.0,R,116.0,R,104.0,R,90.0,R,16.0,R,0.0,R,16.0,R,15.0,R,94.0,R,18
186016,2009,A,,A,,A,,R,137.0,R,0.0,R,137.0,R,125.0,R,91.0,R,60.0,R,0.0,R,60.0,R,54.0,R,90.0,R,18
186034,2009,R,726.0,R,2111.0,R,34.0,R,615.0,R,0.0,R,615.0,R,416.0,R,68.0,R,903.0,R,0.0,R,903.0,R,436.0,R,48.0,R,21
186052,2009,A,,A,,A,,R,176.0,R,0.0,R,176.0,R,127.0,R,72.0,R,33.0,R,0.0,R,33.0,R,24.0,R,73.0,R,19
186131,2009,R,1315.0,R,1330.0,R,99.0,R,1243.0,R,0.0,R,1243.0,R,1224.0,R,98.0,R,0.0,R,0.0,R,0.0,R,0.0,A,,R,6
186186,2009,R,26.0,R,186.0,R,14.0,R,26.0,R,0.0,R,26.0,R,12.0,R,46.0,R,0.0,R,0.0,R,0.0,R,0.0,A,,R,13
186201,2009,R,934.0,R,1728.0,R,54.0,R,879.0,R,0.0,R,879.0,R,755.0,R,86.0,R,1.0,Z,0.0,R,1.0,R,1.0,R,100.0,R,18
186274,2009,A,,A,,A,,R,68.0,R,0.0,R,68.0,R,54.0,R,79.0,R,58.0,R,0.0,R,58.0,R,53.0,R,91.0,R,25
186283,2009,R,1027.0,R,1431.0,R,72.0,R,877.0,R,1.0,R,876.0,R,694.0,R,79.0,R,4.0,R,0.0,R,4.0,R,1.0,R,25.0,R,13
186335,2009,A,,A,,A,,R,40.0,R,0.0,R,40.0,R,34.0,R,85.0,R,14.0,R,0.0,R,14.0,R,10.0,R,71.0,R,16
186371,2009,R,434.0,R,1174.0,R,37.0,R,475.0,R,0.0,R,475.0,R,365.0,R,77.0,R,5.0,R,0.0,R,5.0,R,1.0,R,20.0,R,12
186380,2009,R,5826.0,R,7875.0,R,74.0,R,5835.0,R,0.0,R,5835.0,R,5284.0,R,91.0,R,5.0,R,0.0,R,5.0,R,3.0,R,60.0,R,14
186399,2009,R,909.0,R,2153.0,R,42.0,R,944.0,R,0.0,R,944.0,R,769.0,R,81.0,R,11.0,R,0.0,R,11.0,R,6.0,R,55.0,R,12
186405,2009,A,,A,,A,,A,,A,,A,,A,,A,,A,,A,,A,,A,,A,,R,2
186423,2009,A,,A,,A,,R,2.0,Z,0.0,R,2.0,R,2.0,R,100.0,R,0.0,Z,0.0,R,0.0,Z,0.0,A,,R,35
186432,2009,R,534.0,R,695.0,R,77.0,R,578.0,R,0.0,R,578.0,R,439.0,R,76.0,R,3.0,R,0.0,R,3.0,R,1.0,R,33.0,R,16
186469,2009,R,203.0,R,359.0,R,57.0,R,235.0,R,0.0,R,235.0,R,143.0,R,61.0,R,61.0,R,0.0,R,61.0,R,22.0,R,36.0,R,22
186584,2009,R,1135.0,R,1598.0,R,71.0,R,1215.0,R,0.0,R,1215.0,R,1001.0,R,82.0,R,4.0,R,0.0,R,4.0,R,3.0,R,75.0,R,14
186593,2009,A,,A,,A,,R,24.0,R,0.0,R,24.0,R,21.0,R,88.0,R,0.0,R,0.0,R,0.0,R,0.0,A,,R,17
186618,2009,R,178.0,R,393.0,R,45.0,R,158.0,R,0.0,R,158.0,R,114.0,R,72.0,R,1.0,R,0.0,R,1.0,R,1.0,R,100.0,R,10
186645,2009,R,1311.0,R,2835.0,R,46.0,R,1166.0,R,0.0,R,1166.0,R,809.0,R,69.0,R,292.0,R,0.0,R,292.0,R,141.0,R,48.0,R,23
186867,2009,R,564.0,R,624.0,R,90.0,R,544.0,R,0.0,R,544.0,R,487.0,R,90.0,R,2.0,R,0.0,R,2.0,R,1.0,R,50.0,R,14
186876,2009,R,868.0,R,1922.0,R,45.0,R,841.0,R,0.0,R,841.0,R,683.0,R,81.0,R,1.0,R,0.0,R,1.0,R,0.0,R,0.0,R,18
186900,2009,R,5.0,R,41.0,R,12.0,R,1.0,R,0.0,R,1.0,R,1.0,R,100.0,R,0.0,R,0.0,R,0.0,R,0.0,A,,R,18
187000,2009,A,,A,,A,,R,94.0,R,0.0,R,94.0,R,88.0,R,94.0,Z,0.0,Z,0.0,Z,0.0,Z,0.0,A,,R,24
187134,2009,R,1283.0,R,1629.0,R,79.0,R,1295.0,R,0.0,R,1295.0,R,1227.0,R,95.0,Z,0.0,Z,0.0,Z,0.0,Z,0.0,A,,R,13
187161,2009,A,,A,,A,,R,198.0,R,0.0,R,198.0,R,145.0,R,73.0,R,31.0,R,0.0,R,31.0,R,31.0,R,100.0,R,41
187198,2009,R,2073.0,R,3866.0,R,54.0,R,1923.0,R,0.0,R,1923.0,R,1168.0,R,61.0,R,480.0,R,0.0,R,480.0,R,209.0,R,44.0,R,30
187222,2009,A,,A,,A,,A,,A,,A,,A,,A,,A,,A,,A,,A,,A,,R,2
187444,2009,R,1435.0,R,2598.0,R,55.0,R,1204.0,R,0.0,R,1204.0,R,931.0,R,77.0,R,141.0,R,0.0,R,141.0,R,102.0,R,72.0,R,15
187505,2009,A,,A,,A,,R,283.0,R,2.0,R,281.0,R,209.0,R,74.0,Z,0.0,Z,0.0,Z,0.0,Z,0.0,A,,R,20
187532,2009,R,2205.0,R,6007.0,R,37.0,R,2013.0,R,0.0,R,2013.0,R,1144.0,R,57.0,R,1443.0,R,0.0,R,1443.0,R,563.0,R,39.0,R,26
187596,2009,R,130.0,R,239.0,R,54.0,R,215.0,R,7.0,R,208.0,R,184.0,R,88.0,R,116.0,R,2.0,R,114.0,R,63.0,R,55.0,R,18
187602,2009,A,,A,,A,,R,137.0,R,4.0,R,133.0,R,112.0,R,84.0,R,0.0,R,0.0,R,0.0,R,0.0,A,,R,26
187620,2009,R,1016.0,R,2519.0,R,40.0,R,821.0,Z,0.0,R,821.0,R,519.0,R,63.0,R,1023.0,Z,0.0,R,1023.0,R,296.0,R,29.0,R,21
187639,2009,R,181.0,R,1884.0,R,10.0,R,162.0,Z,0.0,R,162.0,R,60.0,R,37.0,R,78.0,Z,0.0,R,78.0,R,25.0,R,32.0,R,28
187648,2009,R,622.0,R,1116.0,R,56.0,R,575.0,R,0.0,R,575.0,R,352.0,R,61.0,R,5.0,R,0.0,R,5.0,R,1.0,R,20.0,R,20
187666,2009,R,507.0,R,1210.0,R,42.0,R,481.0,R,0.0,R,481.0,R,248.0,R,52.0,R,101.0,R,0.0,R,101.0,R,37.0,R,37.0,R,20
187745,2009,R,84.0,R,211.0,R,40.0,R,31.0,R,0.0,R,31.0,R,18.0,R,58.0,R,1.0,R,0.0,R,1.0,R,0.0,R,0.0,R,9
187897,2009,R,379.0,R,811.0,R,47.0,R,437.0,R,0.0,R,437.0,R,198.0,R,45.0,R,6.0,R,0.0,R,6.0,R,1.0,R,17.0,R,15
187903,2009,R,278.0,R,853.0,R,33.0,R,271.0,R,0.0,R,271.0,R,149.0,R,55.0,R,124.0,R,0.0,R,124.0,R,68.0,R,55.0,R,18
187912,2009,R,267.0,R,291.0,R,92.0,R,298.0,R,0.0,R,298.0,R,107.0,R,36.0,R,0.0,R,0.0,R,0.0,R,0.0,A,,R,15
187958,2009,R,426.0,R,678.0,R,63.0,R,344.0,R,0.0,R,344.0,R,193.0,R,56.0,R,150.0,R,0.0,R,150.0,R,54.0,R,36.0,R,20
187967,2009,R,255.0,R,348.0,R,73.0,R,286.0,R,0.0,R,286.0,R,204.0,R,71.0,R,1.0,R,0.0,R,1.0,R,0.0,R,0.0,R,11
187976,2009,R,76.0,R,154.0,R,49.0,R,56.0,R,0.0,R,56.0,R,31.0,R,55.0,R,21.0,R,0.0,R,21.0,R,11.0,R,52.0,R,13
187985,2009,R,3342.0,R,4894.0,R,68.0,R,3150.0,R,2.0,R,3148.0,R,2493.0,R,79.0,R,75.0,R,0.0,R,75.0,R,39.0,R,52.0,R,21
187994,2009,R,252.0,R,671.0,R,38.0,R,260.0,Z,0.0,R,260.0,R,145.0,R,56.0,R,129.0,Z,0.0,R,129.0,R,34.0,R,26.0,R,23
188003,2009,R,235.0,R,427.0,R,55.0,R,221.0,Z,0.0,R,221.0,R,92.0,R,42.0,R,49.0,Z,0.0,R,49.0,R,15.0,R,31.0,R,19
188021,2009,R,120.0,R,296.0,R,41.0,R,105.0,Z,0.0,R,105.0,R,60.0,R,57.0,R,83.0,Z,0.0,R,83.0,R,12.0,R,14.0,R,23
188030,2009,R,2612.0,R,3548.0,R,74.0,R,2326.0,Z,0.0,R,2326.0,R,1669.0,R,72.0,R,28.0,Z,0.0,R,28.0,R,10.0,R,36.0,R,19
188049,2009,R,336.0,R,522.0,R,64.0,R,265.0,R,0.0,R,265.0,R,160.0,R,60.0,R,53.0,R,0.0,R,53.0,R,20.0,R,38.0,R,25
188058,2009,R,153.0,R,369.0,R,41.0,R,6.0,R,0.0,R,6.0,R,4.0,R,67.0,R,3.0,R,0.0,R,3.0,R,0.0,R,0.0,R,12
188100,2009,R,837.0,R,4072.0,R,21.0,R,652.0,Z,0.0,R,652.0,R,397.0,R,61.0,R,219.0,Z,0.0,R,219.0,R,88.0,R,40.0,R,20
188137,2009,R,336.0,R,974.0,R,34.0,R,233.0,R,0.0,R,233.0,R,137.0,R,59.0,R,119.0,R,0.0,R,119.0,R,39.0,R,33.0,R,14
188146,2009,A,,A,,A,,R,163.0,Z,0.0,R,163.0,R,35.0,R,21.0,Z,0.0,Z,0.0,Z,0.0,Z,0.0,A,,R,12
188182,2009,R,42.0,R,127.0,R,33.0,R,48.0,R,1.0,R,47.0,R,31.0,R,66.0,R,13.0,R,0.0,R,13.0,R,9.0,R,69.0,R,12
188216,2009,R,158.0,R,209.0,R,76.0,R,99.0,R,0.0,R,99.0,R,40.0,R,40.0,R,11.0,R,0.0,R,11.0,R,2.0,R,18.0,R,10
188225,2009,R,112.0,R,219.0,R,51.0,R,84.0,R,0.0,R,84.0,R,52.0,R,62.0,R,14.0,R,0.0,R,14.0,R,8.0,R,57.0,R,19
188261,2009,R,145.0,R,695.0,R,21.0,R,119.0,R,1.0,R,118.0,R,74.0,R,63.0,R,25.0,R,0.0,R,25.0,R,15.0,R,60.0,R,20
188304,2009,R,425.0,R,867.0,R,49.0,R,234.0,R,0.0,R,234.0,R,98.0,R,42.0,R,19.0,R,0.0,R,19.0,R,11.0,R,58.0,R,14
188340,2009,R,242.0,R,412.0,R,59.0,R,42.0,R,0.0,R,42.0,R,37.0,R,88.0,R,0.0,R,0.0,R,0.0,Z,0.0,A,,R,15
188429,2009,R,985.0,R,1539.0,R,64.0,R,944.0,R,0.0,R,944.0,R,750.0,R,79.0,R,20.0,R,0.0,R,20.0,R,14.0,R,70.0,R,12
188438,2009,R,820.0,R,1278.0,R,64.0,R,779.0,Z,0.0,R,779.0,R,478.0,R,61.0,R,102.0,Z,0.0,R,102.0,R,44.0,R,43.0,R,19
188465,2009,R,163.0,R,256.0,R,64.0,R,161.0,R,0.0,R,161.0,R,60.0,R,37.0,R,2.0,R,0.0,R,2.0,R,1.0,R,50.0,R,15
188517,2009,R,157.0,R,268.0,R,59.0,R,139.0,R,0.0,R,139.0,R,85.0,R,61.0,R,3.0,R,0.0,R,3.0,R,0.0,R,0.0,R,18
188526,2009,R,190.0,R,250.0,R,76.0,R,288.0,R,0.0,R,288.0,R,251.0,R,87.0,Z,0.0,Z,0.0,Z,0.0,Z,0.0,A,,R,15
188641,2009,R,465.0,R,576.0,R,81.0,R,502.0,R,0.0,R,502.0,R,356.0,R,71.0,R,0.0,R,0.0,R,0.0,R,0.0,A,,R,12
188650,2009,A,,A,,A,,R,220.0,R,0.0,R,220.0,R,138.0,R,63.0,R,0.0,R,0.0,R,0.0,R,0.0,A,,R,24
188669,2009,A,,A,,A,,R,13.0,R,0.0,R,13.0,R,4.0,R,31.0,R,0.0,R,0.0,R,0.0,R,0.0,A,,R,3
188678,2009,R,59.0,R,107.0,R,55.0,R,52.0,R,0.0,R,52.0,R,41.0,R,79.0,Z,0.0,Z,0.0,Z,0.0,Z,0.0,A,,R,16
188687,2009,R,22.0,R,132.0,R,17.0,R,17.0,R,0.0,R,17.0,R,2.0,R,12.0,R,10.0,R,0.0,R,10.0,R,6.0,R,60.0,R,18
188696,2009,A,,A,,A,,R,34.0,Z,0.0,R,34.0,R,13.0,R,38.0,Z,0.0,Z,0.0,Z,0.0,Z,0.0,A,,R,25
188854,2009,R,457.0,R,465.0,R,98.0,R,179.0,R,0.0,R,179.0,R,136.0,R,76.0,R,0.0,R,0.0,R,0.0,R,0.0,A,,R,36
188890,2009,A,,A,,A,,R,965.0,R,0.0,R,965.0,R,440.0,R,46.0,R,406.0,R,0.0,R,406.0,R,233.0,R,57.0,R,18
188915,2009,A,,A,,A,,R,4.0,R,0.0,R,4.0,R,2.0,R,50.0,R,0.0,R,0.0,R,0.0,R,0.0,A,,R,7
188942,2009,A,,A,,A,,R,4.0,R,0.0,R,4.0,R,1.0,R,25.0,R,0.0,Z,0.0,R,0.0,Z,0.0,A,,R,12
188988,2009,A,,A,,A,,R,90.0,R,0.0,R,90.0,R,48.0,R,53.0,R,8.0,R,0.0,R,8.0,R,3.0,R,38.0,R,25
189088,2009,R,505.0,R,607.0,R,83.0,R,517.0,R,0.0,R,517.0,R,450.0,R,87.0,Z,0.0,Z,0.0,Z,0.0,Z,0.0,A,,R,10
189097,2009,R,577.0,R,657.0,R,88.0,R,565.0,R,0.0,R,565.0,R,528.0,R,93.0,R,9.0,R,0.0,R,9.0,R,9.0,R,100.0,R,9
189219,2009,A,,A,,A,,A,,A,,A,,A,,A,,A,,A,,A,,A,,A,,R,12
189228,2009,R,998.0,R,1641.0,R,61.0,R,643.0,R,0.0,R,643.0,R,296.0,R,46.0,R,11.0,R,0.0,R,11.0,R,4.0,R,36.0,R,32
189264,2009,R,17.0,R,21.0,R,81.0,R,15.0,R,0.0,R,15.0,R,14.0,R,93.0,R,0.0,R,0.0,R,0.0,R,0.0,A,,R,11
189273,2009,R,13.0,R,29.0,R,45.0,A,,A,,A,,A,,A,,A,,A,,A,,A,,A,,R,9
189282,2009,R,1.0,R,128.0,R,1.0,R,2.0,R,0.0,R,2.0,R,2.0,R,100.0,R,7.0,R,0.0,R,7.0,R,6.0,R,86.0,R,7
189404,2009,A,,A,,A,,R,48.0,R,0.0,R,48.0,R,40.0,R,83.0,R,12.0,R,0.0,R,12.0,R,12.0,R,100.0,R,14
189413,2009,R,179.0,R,324.0,R,55.0,R,242.0,R,0.0,R,242.0,R,100.0,R,41.0,R,0.0,R,0.0,R,0.0,R,0.0,A,,R,20
189422,2009,R,229.0,R,305.0,R,75.0,R,230.0,R,0.0,R,230.0,R,83.0,R,36.0,R,12.0,R,0.0,R,12.0,R,2.0,R,17.0,R,22
189459,2009,R,357.0,R,516.0,R,69.0,R,60.0,R,0.0,R,60.0,R,35.0,R,58.0,R,2.0,Z,0.0,R,2.0,Z,0.0,R,0.0,R,21
189468,2009,A,,A,,A,,R,86.0,R,0.0,R,86.0,R,71.0,R,83.0,R,47.0,R,0.0,R,47.0,R,42.0,R,89.0,R,25
189477,2009,A,,A,,A,,R,73.0,Z,0.0,R,73.0,R,60.0,R,82.0,R,94.0,R,0.0,R,94.0,R,55.0,R,59.0,R,20
189547,2009,R,1386.0,R,1879.0,R,74.0,R,1192.0,Z,0.0,R,1192.0,R,761.0,R,64.0,R,95.0,Z,0.0,R,95.0,R,49.0,R,52.0,R,21
189556,2009,R,107.0,R,161.0,R,66.0,R,0.0,R,0.0,R,0.0,R,0.0,A,,R,0.0,R,0.0,R,0.0,R,0.0,A,,R,13
189565,2009,R,129.0,R,214.0,R,60.0,R,116.0,R,0.0,R,116.0,R,65.0,R,56.0,R,12.0,R,0.0,R,12.0,R,6.0,R,50.0,R,12
189574,2009,R,282.0,R,350.0,R,81.0,R,222.0,R,0.0,R,222.0,R,62.0,R,28.0,R,12.0,R,0.0,R,12.0,R,7.0,R,58.0,R,14
189583,2009,R,286.0,R,346.0,R,83.0,R,0.0,R,0.0,R,0.0,R,0.0,A,,R,0.0,R,0.0,R,0.0,R,0.0,A,,R,23
189592,2009,R,81.0,R,110.0,R,74.0,R,65.0,R,0.0,R,65.0,R,26.0,R,40.0,R,9.0,R,0.0,R,9.0,R,1.0,R,11.0,R,2
189653,2009,R,3.0,R,18.0,R,17.0,R,12.0,R,0.0,R,12.0,R,8.0,R,67.0,R,0.0,R,0.0,R,0.0,R,0.0,A,,R,12
189705,2009,R,707.0,R,885.0,R,80.0,R,807.0,R,0.0,R,807.0,R,664.0,R,82.0,R,0.0,R,0.0,R,0.0,R,0.0,A,,R,11
189714,2009,A,,A,,A,,R,17.0,R,0.0,R,17.0,R,15.0,R,88.0,R,3.0,R,0.0,R,3.0,R,2.0,R,67.0,R,18
189811,2009,R,7.0,R,52.0,R,13.0,R,47.0,R,0.0,R,47.0,R,37.0,R,79.0,R,0.0,R,0.0,R,0.0,R,0.0,A,,R,7
189839,2009,R,897.0,R,1584.0,R,57.0,R,708.0,Z,0.0,R,708.0,R,448.0,R,63.0,R,98.0,Z,0.0,R,98.0,R,42.0,R,43.0,R,19
189848,2009,R,272.0,R,324.0,R,84.0,R,283.0,R,0.0,R,283.0,R,190.0,R,67.0,R,1.0,R,0.0,R,1.0,R,1.0,R,100.0,R,12
189857,2009,R,94.0,R,370.0,R,25.0,R,85.0,R,0.0,R,85.0,R,49.0,R,58.0,R,0.0,R,0.0,R,0.0,R,0.0,A,,R,43
189954,2009,A,,A,,A,,R,17.0,R,0.0,R,17.0,R,9.0,R,53.0,R,0.0,R,0.0,R,0.0,R,0.0,A,,R,10
190008,2009,A,,A,,A,,R,21.0,R,0.0,R,21.0,R,17.0,R,81.0,R,0.0,R,0.0,R,0.0,R,0.0,A,,R,3
190044,2009,R,777.0,R,896.0,R,87.0,R,735.0,R,1.0,R,734.0,R,633.0,R,86.0,Z,0.0,Z,0.0,Z,0.0,Z,0.0,A,,R,15
190053,2009,R,448.0,R,748.0,R,60.0,R,411.0,Z,0.0,R,411.0,R,222.0,R,54.0,R,19.0,Z,0.0,R,19.0,R,7.0,R,37.0,R,18
190071,2009,A,,A,,A,,A,,A,,A,,A,,A,,A,,A,,A,,A,,A,,R,8
190099,2009,R,750.0,R,777.0,R,97.0,R,738.0,R,0.0,R,738.0,R,698.0,R,95.0,R,0.0,R,0.0,R,0.0,R,0.0,A,,R,10
190114,2009,R,125.0,R,231.0,R,54.0,R,74.0,R,0.0,R,74.0,R,36.0,R,49.0,R,1.0,R,0.0,R,1.0,R,0.0,R,0.0,R,13
190150,2009,R,1410.0,R,2127.0,R,66.0,R,1356.0,R,0.0,R,1356.0,R,1329.0,R,98.0,R,37.0,R,0.0,R,37.0,R,36.0,R,97.0,R,6
190169,2009,R,404.0,R,611.0,R,66.0,R,395.0,Z,0.0,R,395.0,R,254.0,R,64.0,R,37.0,Z,0.0,R,37.0,R,17.0,R,46.0,R,19
190239,2009,A,,A,,A,,R,76.0,Z,0.0,R,76.0,R,57.0,R,75.0,R,16.0,Z,0.0,R,16.0,R,13.0,R,81.0,R,20
190248,2009,R,101.0,R,207.0,R,49.0,R,104.0,Z,0.0,R,104.0,R,72.0,R,69.0,R,2.0,Z,0.0,R,2.0,R,2.0,R,100.0,R,11
190293,2009,A,,A,,A,,R,27.0,R,0.0,R,27.0,R,21.0,R,78.0,R,42.0,R,0.0,R,42.0,R,27.0,R,64.0,R,20
190309,2009,A,,A,,A,,R,14.0,R,0.0,R,14.0,R,11.0,R,79.0,R,13.0,R,0.0,R,13.0,R,9.0,R,69.0,R,20
190318,2009,A,,A,,A,,R,132.0,R,0.0,R,132.0,R,109.0,R,83.0,R,84.0,R,0.0,R,84.0,R,71.0,R,85.0,R,22
190372,2009,R,177.0,R,226.0,R,78.0,R,203.0,R,0.0,R,203.0,R,190.0,R,94.0,R,0.0,R,0.0,R,0.0,R,0.0,A,,R,9
190415,2009,R,3181.0,R,3794.0,R,84.0,R,3139.0,R,1.0,R,3138.0,R,3006.0,R,96.0,R,0.0,R,0.0,R,0.0,R,0.0,A,,R,12
190442,2009,R,879.0,R,1307.0,R,67.0,R,821.0,Z,0.0,R,821.0,R,483.0,R,59.0,R,108.0,Z,0.0,R,108.0,R,38.0,R,35.0,R,23
190451,2009,R,12.0,R,89.0,R,13.0,R,7.0,R,0.0,R,7.0,R,5.0,R,71.0,R,3.0,R,0.0,R,3.0,R,1.0,R,33.0,R,8
190503,2009,R,581.0,R,581.0,R,100.0,R,438.0,R,1.0,R,437.0,R,330.0,R,76.0,R,0.0,R,0.0,R,0.0,R,0.0,A,,R,18
190512,2009,R,1430.0,R,2933.0,R,49.0,R,1497.0,Z,0.0,R,1497.0,R,1322.0,R,88.0,R,15.0,Z,0.0,R,15.0,R,9.0,R,60.0,R,17
190521,2009,R,3847.0,R,5658.0,R,68.0,R,4188.0,Z,0.0,R,4188.0,R,2534.0,R,61.0,R,755.0,Z,0.0,R,755.0,R,381.0,R,50.0,R,23
190530,2009,R,1759.0,R,3299.0,R,53.0,R,1288.0,Z,0.0,R,1288.0,R,840.0,R,65.0,R,209.0,Z,0.0,R,209.0,R,111.0,R,53.0,R,18
190549,2009,R,952.0,R,3644.0,R,26.0,R,1306.0,Z,0.0,R,1306.0,R,1017.0,R,78.0,R,27.0,Z,0.0,R,27.0,R,17.0,R,63.0,R,15
190558,2009,R,2407.0,R,4447.0,R,54.0,R,528.0,Z,0.0,R,528.0,R,421.0,R,80.0,R,13.0,Z,0.0,R,13.0,R,8.0,R,62.0,R,20
190567,2009,R,1753.0,R,3825.0,R,46.0,R,1744.0,Z,0.0,R,1744.0,R,1386.0,R,79.0,R,32.0,Z,0.0,R,32.0,R,17.0,R,53.0,R,13
190576,2009,A,,A,,A,,R,0.0,Z,0.0,R,0.0,R,0.0,A,,R,0.0,Z,0.0,R,0.0,R,0.0,A,,R,19
190585,2009,R,1102.0,R,2464.0,R,45.0,R,820.0,Z,0.0,R,820.0,R,467.0,R,57.0,R,73.0,Z,0.0,R,73.0,R,37.0,R,51.0,R,19
190594,2009,R,1983.0,R,4438.0,R,45.0,R,1988.0,Z,0.0,R,1988.0,R,1673.0,R,84.0,R,54.0,Z,0.0,R,54.0,R,41.0,R,76.0,R,15
190600,2009,R,2830.0,R,4202.0,R,67.0,R,1401.0,Z,0.0,R,1401.0,R,1049.0,R,75.0,R,13.0,Z,0.0,R,13.0,R,5.0,R,38.0,R,19
190619,2009,R,2781.0,R,8830.0,R,31.0,R,2188.0,Z,0.0,R,2188.0,R,1538.0,R,70.0,R,187.0,Z,0.0,R,187.0,R,78.0,R,42.0,R,27
190628,2009,R,2479.0,R,6261.0,R,40.0,R,2231.0,Z,0.0,R,2231.0,R,1453.0,R,65.0,R,335.0,Z,0.0,R,335.0,R,147.0,R,44.0,R,23
190637,2009,R,754.0,R,2652.0,R,28.0,R,987.0,Z,0.0,R,987.0,R,761.0,R,77.0,R,14.0,Z,0.0,R,14.0,R,11.0,R,79.0,R,14
190646,2009,R,1285.0,R,2473.0,R,52.0,R,221.0,Z,0.0,R,221.0,R,153.0,R,69.0,R,19.0,Z,0.0,R,19.0,R,12.0,R,63.0,R,19
190655,2009,R,2967.0,R,5329.0,R,56.0,R,162.0,Z,0.0,R,162.0,R,130.0,R,80.0,R,5.0,Z,0.0,R,5.0,R,4.0,R,80.0,R,17
190664,2009,R,1684.0,R,4762.0,R,35.0,R,1642.0,Z,0.0,R,1642.0,R,1409.0,R,86.0,R,33.0,Z,0.0,R,33.0,R,23.0,R,70.0,R,17
190673,2009,R,3226.0,R,6270.0,R,51.0,R,2360.0,Z,0.0,R,2360.0,R,1669.0,R,71.0,R,351.0,Z,0.0,R,351.0,R,200.0,R,57.0,R,22
190691,2009,R,1028.0,R,2642.0,R,39.0,R,1021.0,Z,0.0,R,1021.0,R,767.0,R,75.0,R,32.0,Z,0.0,R,32.0,R,18.0,R,56.0,R,18
190707,2009,A,,A,,A,,R,8.0,R,0.0,R,8.0,R,6.0,R,75.0,R,0.0,R,0.0,R,0.0,R,0.0,A,,R,8
190716,2009,R,202.0,R,554.0,R,36.0,R,216.0,R,0.0,R,216.0,R,156.0,R,72.0,R,5.0,R,0.0,R,5.0,R,3.0,R,60.0,R,12
190725,2009,R,401.0,R,943.0,R,43.0,R,406.0,R,0.0,R,406.0,R,305.0,R,75.0,R,0.0,R,0.0,R,0.0,R,0.0,A,,R,14
190734,2009,A,,A,,A,,A,,A,,A,,A,,A,,A,,A,,A,,A,,A,,R,5
190761,2009,R,374.0,R,671.0,R,56.0,R,304.0,R,0.0,R,304.0,R,198.0,R,65.0,R,2.0,R,0.0,R,2.0,R,2.0,R,100.0,R,15
190770,2009,R,527.0,R,1417.0,R,37.0,R,491.0,R,0.0,R,491.0,R,325.0,R,66.0,R,37.0,R,0.0,R,37.0,R,11.0,R,30.0,R,16
190840,2009,R,2012.0,R,3034.0,R,66.0,R,1644.0,Z,0.0,R,1644.0,R,1105.0,R,67.0,R,225.0,Z,0.0,R,225.0,R,98.0,R,44.0,R,24
190956,2009,R,2.0,R,3.0,R,67.0,R,6.0,R,0.0,R,6.0,R,2.0,R,33.0,R,0.0,R,0.0,R,0.0,R,0.0,A,,R,6
190974,2009,R,154.0,R,220.0,R,70.0,R,120.0,R,0.0,R,120.0,R,51.0,R,43.0,R,52.0,R,0.0,R,52.0,R,13.0,R,25.0,R,9
190983,2009,R,305.0,R,404.0,R,75.0,R,316.0,R,0.0,R,316.0,R,242.0,R,77.0,R,44.0,R,0.0,R,44.0,R,33.0,R,75.0,R,9
191083,2009,R,2841.0,R,4362.0,R,65.0,R,2741.0,Z,0.0,R,2741.0,R,1662.0,R,61.0,R,368.0,Z,0.0,R,368.0,R,130.0,R,35.0,R,16
191126,2009,R,1055.0,R,2809.0,R,38.0,R,1104.0,Z,0.0,R,1104.0,R,946.0,R,86.0,R,18.0,Z,0.0,R,18.0,R,11.0,R,61.0,R,17
191199,2009,R,1585.0,R,3224.0,R,49.0,R,1286.0,R,0.0,R,1286.0,R,768.0,R,60.0,R,110.0,Z,0.0,R,110.0,R,48.0,R,44.0,R,24
191205,2009,R,323.0,R,417.0,R,77.0,R,297.0,R,0.0,R,297.0,R,248.0,R,84.0,R,2.0,R,0.0,R,2.0,R,2.0,R,100.0,R,13
191241,2009,R,1812.0,R,2253.0,R,80.0,R,1847.0,R,0.0,R,1847.0,R,1668.0,R,90.0,R,50.0,R,0.0,R,50.0,R,30.0,R,60.0,R,13
191287,2009,A,,A,,A,,A,,A,,A,,A,,A,,A,,A,,A,,A,,A,,R,3
191302,2009,R,713.0,R,865.0,R,82.0,R,577.0,R,0.0,R,577.0,R,315.0,R,55.0,R,39.0,R,0.0,R,39.0,R,19.0,R,49.0,R,22
191311,2009,A,,A,,A,,R,35.0,R,0.0,R,35.0,R,34.0,R,97.0,R,0.0,Z,0.0,R,0.0,Z,0.0,A,,R,21
191339,2009,R,1084.0,R,1720.0,R,63.0,R,1103.0,R,1.0,R,1102.0,R,625.0,R,57.0,R,101.0,Z,0.0,R,101.0,R,44.0,R,44.0,R,28
191384,2009,A,,A,,A,,R,85.0,R,1.0,R,84.0,R,22.0,R,26.0,Z,0.0,Z,0.0,Z,0.0,Z,0.0,A,,R,19
191393,2009,A,,A,,A,,R,281.0,R,1.0,R,280.0,R,72.0,R,26.0,R,0.0,R,0.0,R,0.0,R,0.0,A,,R,20
191515,2009,R,466.0,R,494.0,R,94.0,R,462.0,R,0.0,R,462.0,R,441.0,R,95.0,Z,0.0,Z,0.0,Z,0.0,Z,0.0,A,,R,9
191533,2009,R,402.0,R,448.0,R,90.0,R,444.0,R,0.0,R,444.0,R,333.0,R,75.0,R,0.0,R,0.0,R,0.0,R,0.0,A,,R,11
191597,2009,R,46.0,R,77.0,R,60.0,R,14.0,Z,0.0,R,14.0,R,12.0,R,86.0,R,10.0,Z,0.0,R,10.0,R,8.0,R,80.0,R,11
191612,2009,R,1048.0,R,1449.0,R,72.0,R,969.0,Z,0.0,R,969.0,R,565.0,R,58.0,R,200.0,Z,0.0,R,200.0,R,37.0,R,19.0,R,24
191621,2009,R,210.0,R,312.0,R,67.0,R,224.0,R,1.0,R,223.0,R,147.0,R,66.0,R,2.0,R,0.0,R,2.0,R,2.0,R,100.0,R,12
191630,2009,R,549.0,R,594.0,R,92.0,R,545.0,R,0.0,R,545.0,R,467.0,R,86.0,R,0.0,R,0.0,R,0.0,R,0.0,A,,R,11
191649,2009,R,1567.0,R,2130.0,R,74.0,R,1650.0,R,2.0,R,1648.0,R,1249.0,R,76.0,R,5.0,R,0.0,R,5.0,R,3.0,R,60.0,R,14
191676,2009,R,284.0,R,401.0,R,71.0,R,327.0,R,4.0,R,323.0,R,280.0,R,87.0,R,0.0,R,0.0,R,0.0,R,0.0,A,,R,12
191719,2009,R,2831.0,R,4554.0,R,62.0,R,2660.0,Z,0.0,R,2660.0,R,1539.0,R,58.0,R,223.0,Z,0.0,R,223.0,R,107.0,R,48.0,R,20
191728,2009,A,,A,,A,,R,231.0,R,0.0,R,231.0,R,194.0,R,84.0,R,141.0,R,0.0,R,141.0,R,114.0,R,81.0,R,16
191764,2009,R,31.0,R,60.0,R,52.0,R,10.0,R,0.0,R,10.0,R,6.0,R,60.0,R,1.0,R,0.0,R,1.0,R,1.0,R,100.0,R,10
191834,2009,A,,A,,A,,R,192.0,R,0.0,R,192.0,R,151.0,R,79.0,R,52.0,R,0.0,R,52.0,R,31.0,R,60.0,R,20
191931,2009,R,792.0,R,897.0,R,88.0,R,922.0,R,0.0,R,922.0,R,783.0,R,85.0,R,1.0,Z,0.0,R,1.0,R,0.0,R,0.0,R,14
191940,2009,A,,A,,A,,R,4.0,R,0.0,R,4.0,R,4.0,R,100.0,R,11.0,R,0.0,R,11.0,R,11.0,R,100.0,R,12
191959,2009,R,58.0,R,58.0,R,100.0,R,45.0,R,1.0,R,44.0,R,36.0,R,82.0,R,0.0,R,0.0,R,0.0,R,0.0,A,,R,24
191968,2009,R,2027.0,R,2217.0,R,91.0,R,1441.0,R,0.0,R,1441.0,R,1233.0,R,86.0,R,0.0,R,0.0,R,0.0,Z,0.0,A,,R,12
191986,2009,R,1149.0,R,1603.0,R,72.0,R,992.0,Z,0.0,R,992.0,R,619.0,R,62.0,R,116.0,Z,0.0,R,116.0,R,43.0,R,37.0,R,18
192004,2009,R,90.0,R,142.0,R,63.0,R,0.0,R,0.0,R,0.0,R,0.0,A,,R,0.0,R,0.0,R,0.0,R,0.0,A,,R,32
192022,2009,R,773.0,R,1268.0,R,61.0,R,640.0,Z,0.0,R,640.0,R,373.0,R,58.0,R,106.0,Z,0.0,R,106.0,R,37.0,R,35.0,R,16
192040,2009,R,40.0,R,43.0,R,93.0,R,45.0,R,0.0,R,45.0,R,40.0,R,89.0,R,1.0,R,0.0,R,1.0,R,1.0,R,100.0,R,6
192110,2009,R,102.0,R,125.0,R,82.0,R,118.0,R,0.0,R,118.0,R,107.0,R,91.0,R,0.0,R,0.0,R,0.0,R,0.0,A,,R,3
192156,2009,R,62.0,R,87.0,R,71.0,R,62.0,Z,0.0,R,62.0,R,48.0,R,77.0,R,2.0,Z,0.0,R,2.0,R,1.0,R,50.0,R,11
192165,2009,R,28.0,R,28.0,R,100.0,R,20.0,R,0.0,R,20.0,R,20.0,R,100.0,R,0.0,R,0.0,R,0.0,R,0.0,A,,R,14
192192,2009,R,252.0,R,483.0,R,52.0,R,270.0,R,0.0,R,270.0,R,171.0,R,63.0,R,1.0,R,0.0,R,1.0,R,0.0,R,0.0,R,14
192244,2009,A,,A,,A,,R,1.0,R,0.0,R,1.0,R,0.0,R,0.0,R,0.0,R,0.0,R,0.0,R,0.0,A,,R,8
192271,2009,R,252.0,R,436.0,R,58.0,R,294.0,R,0.0,R,294.0,R,187.0,R,64.0,R,2.0,R,0.0,R,2.0,R,0.0,R,0.0,R,17
192323,2009,R,607.0,R,913.0,R,66.0,R,543.0,R,0.0,R,543.0,R,459.0,R,85.0,R,1.0,R,0.0,R,1.0,R,1.0,R,100.0,R,13
192439,2009,R,1027.0,R,1612.0,R,64.0,R,783.0,R,0.0,R,783.0,R,455.0,R,58.0,R,17.0,R,0.0,R,17.0,R,7.0,R,41.0,R,15
192448,2009,R,835.0,R,5208.0,R,16.0,R,942.0,R,0.0,R,942.0,R,638.0,R,68.0,R,5.0,R,0.0,R,5.0,R,1.0,R,20.0,R,14
192475,2009,R,4.0,R,109.0,R,4.0,R,1.0,R,0.0,R,1.0,R,1.0,R,100.0,R,0.0,R,0.0,R,0.0,R,0.0,A,,R,9
192484,2009,A,,A,,A,,R,57.0,R,0.0,R,57.0,R,37.0,R,65.0,R,37.0,R,0.0,R,37.0,R,30.0,R,81.0,R,12
192509,2009,R,145.0,R,194.0,R,75.0,R,141.0,R,0.0,R,141.0,R,40.0,R,28.0,R,30.0,R,0.0,R,30.0,R,20.0,R,67.0,R,16
192536,2009,A,,A,,A,,R,10.0,R,0.0,R,10.0,R,7.0,R,70.0,R,0.0,R,0.0,R,0.0,R,0.0,A,,R,10
192563,2009,A,,A,,A,,A,,A,,A,,A,,A,,A,,A,,A,,A,,A,,R,14
192624,2009,R,18.0,R,32.0,R,56.0,R,20.0,R,0.0,R,20.0,R,20.0,R,100.0,R,0.0,R,0.0,R,0.0,R,0.0,A,,R,15
192688,2009,A,,A,,A,,R,189.0,R,0.0,R,189.0,R,151.0,R,80.0,R,0.0,R,0.0,R,0.0,R,0.0,A,,R,26
192703,2009,R,693.0,R,861.0,R,80.0,R,723.0,R,0.0,R,723.0,R,623.0,R,86.0,R,0.0,R,0.0,R,0.0,R,0.0,A,,R,13
192712,2009,R,80.0,R,101.0,R,79.0,R,104.0,R,0.0,R,104.0,R,93.0,R,89.0,R,0.0,Z,0.0,R,0.0,Z,0.0,A,,R,5
192749,2009,R,489.0,R,563.0,R,87.0,R,476.0,R,0.0,R,476.0,R,357.0,R,75.0,R,2.0,R,0.0,R,2.0,R,1.0,R,50.0,R,13
192785,2009,R,41.0,R,328.0,R,13.0,R,56.0,Z,0.0,R,56.0,R,38.0,R,68.0,R,27.0,Z,0.0,R,27.0,R,23.0,R,85.0,R,11
192800,2009,A,,A,,A,,R,39.0,R,0.0,R,39.0,R,26.0,R,67.0,R,0.0,R,0.0,R,0.0,R,0.0,A,,R,29
192819,2009,R,1041.0,R,1660.0,R,63.0,R,1022.0,R,0.0,R,1022.0,R,896.0,R,88.0,Z,0.0,Z,0.0,Z,0.0,Z,0.0,A,,R,15
192828,2009,A,,A,,A,,R,27.0,R,0.0,R,27.0,R,22.0,R,81.0,R,18.0,R,0.0,R,18.0,R,8.0,R,44.0,R,13
192864,2009,R,487.0,R,697.0,R,70.0,R,535.0,R,0.0,R,535.0,R,332.0,R,62.0,R,27.0,R,0.0,R,27.0,R,16.0,R,59.0,R,11
192925,2009,R,406.0,R,670.0,R,61.0,R,411.0,R,1.0,R,410.0,R,283.0,R,69.0,R,0.0,R,0.0,R,0.0,R,0.0,A,,R,16
192961,2009,R,1.0,R,28.0,R,4.0,R,1.0,Z,0.0,R,1.0,R,0.0,R,0.0,R,0.0,Z,0.0,R,0.0,Z,0.0,A,,R,5
192970,2009,A,,A,,A,,A,,A,,A,,A,,A,,A,,A,,A,,A,,A,,R,8
192998,2009,A,,A,,A,,R,8.0,R,0.0,R,8.0,R,8.0,R,100.0,R,5.0,R,0.0,R,5.0,R,2.0,R,40.0,R,3
193016,2009,R,890.0,R,2102.0,R,42.0,R,638.0,R,0.0,R,638.0,R,337.0,R,53.0,R,65.0,R,0.0,R,65.0,R,14.0,R,22.0,R,17
193052,2009,R,22.0,R,29.0,R,76.0,R,25.0,R,0.0,R,25.0,R,24.0,R,96.0,R,8.0,R,0.0,R,8.0,R,5.0,R,63.0,R,9
193061,2009,R,4.0,R,5.0,R,80.0,R,10.0,R,0.0,R,10.0,R,10.0,R,100.0,R,0.0,R,0.0,R,0.0,R,0.0,A,,R,8
193070,2009,R,22.0,R,22.0,R,100.0,R,26.0,R,0.0,R,26.0,R,22.0,R,85.0,R,0.0,R,0.0,R,0.0,R,0.0,A,,R,5
193122,2009,A,,A,,A,,R,89.0,R,0.0,R,89.0,R,63.0,R,71.0,R,31.0,R,0.0,R,31.0,R,27.0,R,87.0,R,30
193186,2009,A,,A,,A,,R,20.0,R,0.0,R,20.0,R,18.0,R,90.0,R,11.0,R,0.0,R,11.0,R,7.0,R,64.0,R,21
193201,2009,R,171.0,R,171.0,R,100.0,R,125.0,R,0.0,R,125.0,R,71.0,R,57.0,R,0.0,R,0.0,R,0.0,R,0.0,A,,R,24
193247,2009,R,58.0,R,122.0,R,48.0,R,55.0,R,0.0,R,55.0,R,43.0,R,78.0,R,0.0,R,0.0,R,0.0,R,0.0,A,,R,15
193265,2009,A,,A,,A,,R,21.0,R,0.0,R,21.0,R,18.0,R,86.0,R,2.0,Z,0.0,R,2.0,R,2.0,R,100.0,R,18
193283,2009,R,1581.0,R,2120.0,R,75.0,R,1438.0,R,2.0,R,1436.0,R,868.0,R,60.0,R,123.0,R,0.0,R,123.0,R,50.0,R,41.0,R,23
193292,2009,R,414.0,R,854.0,R,48.0,R,382.0,Z,0.0,R,382.0,R,331.0,R,87.0,R,11.0,Z,0.0,R,11.0,R,6.0,R,55.0,R,10
193308,2009,R,759.0,R,2396.0,R,32.0,R,732.0,R,0.0,R,732.0,R,441.0,R,60.0,R,32.0,R,0.0,R,32.0,R,17.0,R,53.0,R,30
193317,2009,R,509.0,R,1019.0,R,50.0,R,517.0,R,0.0,R,517.0,R,366.0,R,71.0,R,13.0,R,0.0,R,13.0,R,5.0,R,38.0,R,38
193326,2009,R,4095.0,R,6372.0,R,64.0,R,3959.0,Z,0.0,R,3959.0,R,2528.0,R,64.0,R,626.0,Z,0.0,R,626.0,R,270.0,R,43.0,R,26
193353,2009,R,474.0,R,756.0,R,63.0,R,434.0,R,0.0,R,434.0,R,313.0,R,72.0,R,5.0,R,0.0,R,5.0,R,1.0,R,20.0,R,17
193380,2009,R,1.0,R,31.0,R,3.0,A,,A,,A,,A,,A,,A,,A,,A,,A,,A,,R,5
193399,2009,R,390.0,R,482.0,R,81.0,R,374.0,R,0.0,R,374.0,R,279.0,R,75.0,R,0.0,Z,0.0,R,0.0,Z,0.0,A,,R,13
193478,2009,R,4725.0,R,6666.0,R,71.0,R,4910.0,Z,0.0,R,4910.0,R,3491.0,R,71.0,R,449.0,Z,0.0,R,449.0,R,218.0,R,49.0,R,21
193584,2009,R,491.0,R,646.0,R,76.0,R,471.0,R,0.0,R,471.0,R,405.0,R,86.0,R,0.0,R,0.0,R,0.0,R,0.0,A,,R,12
193609,2009,A,,A,,A,,R,71.0,R,0.0,R,71.0,R,30.0,R,42.0,R,0.0,R,0.0,R,0.0,R,0.0,A,,R,10
193645,2009,R,555.0,R,919.0,R,60.0,R,505.0,R,12.0,R,493.0,R,260.0,R,53.0,R,31.0,R,2.0,R,29.0,R,9.0,R,31.0,R,14
193654,2009,R,1137.0,R,2333.0,R,49.0,R,1004.0,R,0.0,R,1004.0,R,793.0,R,79.0,R,6.0,R,0.0,R,6.0,R,3.0,R,50.0,R,10
193672,2009,A,,A,,A,,A,,A,,A,,A,,A,,A,,A,,A,,A,,A,,R,12
193760,2009,A,,A,,A,,R,199.0,Z,0.0,R,199.0,R,153.0,R,77.0,R,34.0,Z,0.0,R,34.0,R,30.0,R,88.0,R,18
193788,2009,A,,A,,A,,R,123.0,R,0.0,R,123.0,R,77.0,R,63.0,R,6.0,R,0.0,R,6.0,R,6.0,R,100.0,R,10
193858,2009,A,,A,,A,,R,219.0,R,0.0,R,219.0,R,183.0,R,84.0,R,0.0,R,0.0,R,0.0,R,0.0,A,,R,22
193900,2009,R,4977.0,R,6551.0,R,76.0,R,3510.0,Z,0.0,R,3510.0,R,3203.0,R,91.0,R,18.0,R,0.0,R,18.0,R,6.0,R,33.0,R,11
193946,2009,R,1766.0,R,2393.0,R,74.0,R,1507.0,Z,0.0,R,1507.0,R,966.0,R,64.0,R,151.0,Z,0.0,R,151.0,R,74.0,R,49.0,R,19
193973,2009,R,676.0,R,874.0,R,77.0,R,740.0,R,1.0,R,739.0,R,563.0,R,76.0,R,2.0,R,0.0,R,2.0,R,2.0,R,100.0,R,14
193991,2009,A,,A,,A,,R,15.0,R,0.0,R,15.0,R,13.0,R,87.0,R,43.0,R,1.0,R,42.0,R,36.0,R,86.0,R,12
194028,2009,R,360.0,R,523.0,R,69.0,R,303.0,Z,0.0,R,303.0,R,149.0,R,49.0,R,15.0,Z,0.0,R,15.0,R,10.0,R,67.0,R,17
194091,2009,R,1011.0,R,1456.0,R,69.0,R,960.0,R,0.0,R,960.0,R,770.0,R,80.0,R,58.0,R,0.0,R,58.0,R,16.0,R,28.0,R,17
194107,2009,R,292.0,R,639.0,R,46.0,R,279.0,R,0.0,R,279.0,R,184.0,R,66.0,R,26.0,R,0.0,R,26.0,R,3.0,R,12.0,R,10
194116,2009,R,53.0,R,213.0,R,25.0,R,53.0,R,0.0,R,53.0,R,47.0,R,89.0,R,119.0,R,0.0,R,119.0,R,103.0,R,87.0,R,12
194161,2009,R,187.0,R,849.0,R,22.0,R,170.0,R,0.0,R,170.0,R,121.0,R,71.0,R,30.0,R,0.0,R,30.0,R,21.0,R,70.0,R,15
194189,2009,R,5.0,R,9.0,R,56.0,R,11.0,R,0.0,R,11.0,R,7.0,R,64.0,R,0.0,R,0.0,R,0.0,R,0.0,A,,R,13
194204,2009,R,39.0,R,47.0,R,83.0,R,24.0,Z,0.0,R,24.0,R,13.0,R,54.0,R,2.0,Z,0.0,R,2.0,R,1.0,R,50.0,R,13
194222,2009,R,1859.0,R,3464.0,R,54.0,R,1657.0,Z,0.0,R,1657.0,R,969.0,R,58.0,R,122.0,Z,0.0,R,122.0,R,63.0,R,52.0,R,26
194240,2009,R,1263.0,R,2100.0,R,60.0,R,1364.0,Z,0.0,R,1364.0,R,816.0,R,60.0,R,323.0,Z,0.0,R,323.0,R,120.0,R,37.0,R,17
194259,2009,A,,A,,A,,R,37.0,R,0.0,R,37.0,R,31.0,R,84.0,R,0.0,R,0.0,R,0.0,R,0.0,A,,R,25
194310,2009,R,1637.0,R,2336.0,R,70.0,R,1615.0,R,0.0,R,1615.0,R,1239.0,R,77.0,R,48.0,R,0.0,R,48.0,R,37.0,R,77.0,R,15
194392,2009,R,277.0,R,364.0,R,76.0,R,245.0,R,0.0,R,245.0,R,159.0,R,65.0,R,0.0,Z,0.0,R,0.0,Z,0.0,A,,R,14
194435,2009,A,,A,,A,,R,39.0,R,0.0,R,39.0,R,30.0,R,77.0,R,64.0,R,0.0,R,64.0,R,57.0,R,89.0,R,20
194453,2009,A,,A,,A,,R,40.0,R,0.0,R,40.0,R,25.0,R,63.0,R,1.0,R,0.0,R,1.0,R,1.0,R,100.0,R,20
194499,2009,R,228.0,R,326.0,R,70.0,R,0.0,R,0.0,R,0.0,R,0.0,A,,R,0.0,R,0.0,R,0.0,R,0.0,A,,R,29
194541,2009,R,366.0,R,566.0,R,65.0,R,292.0,R,0.0,R,292.0,R,247.0,R,85.0,Z,0.0,Z,0.0,Z,0.0,Z,0.0,A,,R,15
194569,2009,R,31.0,R,167.0,R,19.0,R,43.0,R,0.0,R,43.0,R,22.0,R,51.0,R,1.0,R,0.0,R,1.0,R,0.0,R,0.0,R,18
194578,2009,R,630.0,R,1281.0,R,49.0,R,632.0,Z,0.0,R,632.0,R,522.0,R,83.0,R,6.0,Z,0.0,R,6.0,R,2.0,R,33.0,R,11
194611,2009,R,520.0,R,520.0,R,100.0,R,403.0,R,0.0,R,403.0,R,111.0,R,28.0,R,0.0,R,0.0,R,0.0,R,0.0,A,,R,16
194657,2009,R,34.0,R,56.0,R,61.0,R,42.0,R,0.0,R,42.0,R,36.0,R,86.0,R,0.0,R,0.0,R,0.0,R,0.0,A,,R,13
194666,2009,R,36.0,R,54.0,R,67.0,R,48.0,R,0.0,R,48.0,R,48.0,R,100.0,R,0.0,R,0.0,R,0.0,R,0.0,A,,R,33
194675,2009,R,1.0,R,1.0,R,100.0,R,5.0,R,0.0,R,5.0,R,3.0,R,60.0,R,0.0,R,0.0,R,0.0,R,0.0,A,,R,10
194693,2009,R,1.0,R,17.0,R,6.0,R,1.0,R,0.0,R,1.0,R,1.0,R,100.0,R,0.0,R,0.0,R,0.0,R,0.0,A,,R,12
194718,2009,R,19.0,R,23.0,R,83.0,R,18.0,R,0.0,R,18.0,R,18.0,R,100.0,R,0.0,R,0.0,R,0.0,R,0.0,A,,R,21
194736,2009,R,32.0,R,39.0,R,82.0,R,40.0,R,0.0,R,40.0,R,33.0,R,83.0,R,0.0,Z,0.0,R,0.0,Z,0.0,A,,R,15
194763,2009,R,72.0,R,72.0,R,100.0,R,91.0,R,0.0,R,91.0,R,7.0,R,8.0,R,0.0,R,0.0,R,0.0,R,0.0,A,,R,56
194824,2009,R,1337.0,R,1529.0,R,87.0,R,1356.0,R,0.0,R,1356.0,R,1231.0,R,91.0,R,0.0,R,0.0,R,0.0,R,0.0,A,,R,16
194879,2009,A,,A,,A,,R,33.0,R,0.0,R,33.0,R,15.0,R,45.0,R,3.0,R,0.0,R,3.0,R,2.0,R,67.0,R,5
194958,2009,R,259.0,R,383.0,R,68.0,R,232.0,R,0.0,R,232.0,R,200.0,R,86.0,R,5.0,R,0.0,R,5.0,R,2.0,R,40.0,R,13
194967,2009,R,131.0,R,280.0,R,47.0,R,124.0,R,0.0,R,124.0,R,51.0,R,41.0,R,86.0,R,0.0,R,86.0,R,39.0,R,45.0,R,23
195003,2009,R,2587.0,R,3560.0,R,73.0,R,2353.0,R,2.0,R,2351.0,R,2002.0,R,85.0,R,9.0,R,0.0,R,9.0,R,6.0,R,67.0,R,12
195030,2009,R,1200.0,R,1438.0,R,83.0,R,1282.0,R,0.0,R,1282.0,R,1229.0,R,96.0,Z,0.0,Z,0.0,Z,0.0,Z,0.0,A,,R,11
195058,2009,R,1326.0,R,2111.0,R,63.0,R,1321.0,Z,0.0,R,1321.0,R,934.0,R,71.0,R,102.0,Z,0.0,R,102.0,R,45.0,R,44.0,R,17
195067,2009,A,,A,,A,,R,186.0,Z,0.0,R,186.0,R,116.0,R,62.0,R,67.0,Z,0.0,R,67.0,R,34.0,R,51.0,R,13
195128,2009,R,128.0,R,270.0,R,47.0,R,123.0,R,0.0,R,123.0,R,103.0,R,84.0,R,0.0,R,0.0,R,0.0,R,0.0,A,,R,11
195137,2009,R,105.0,R,276.0,R,38.0,R,65.0,R,0.0,R,65.0,R,41.0,R,63.0,R,0.0,R,0.0,R,0.0,R,0.0,A,,R,11
195164,2009,R,466.0,R,605.0,R,77.0,R,563.0,R,0.0,R,563.0,R,461.0,R,82.0,R,0.0,R,0.0,R,0.0,R,0.0,A,,R,14
195173,2009,R,581.0,R,1129.0,R,51.0,R,568.0,R,0.0,R,568.0,R,537.0,R,95.0,R,35.0,R,0.0,R,35.0,R,27.0,R,77.0,R,18
195191,2009,R,6.0,R,129.0,R,5.0,R,9.0,R,0.0,R,9.0,R,7.0,R,78.0,R,0.0,R,0.0,R,0.0,R,0.0,A,,R,8
195216,2009,R,580.0,R,612.0,R,95.0,R,616.0,R,0.0,R,616.0,R,565.0,R,92.0,R,0.0,R,0.0,R,0.0,R,0.0,A,,R,11
195234,2009,R,583.0,R,893.0,R,65.0,R,574.0,R,0.0,R,574.0,R,460.0,R,80.0,R,2.0,R,0.0,R,2.0,R,1.0,R,50.0,R,14
195243,2009,R,293.0,R,848.0,R,35.0,R,352.0,R,0.0,R,352.0,R,272.0,R,77.0,Z,0.0,Z,0.0,Z,0.0,Z,0.0,A,,R,17
195289,2009,R,5.0,R,55.0,R,9.0,R,5.0,R,0.0,R,5.0,R,4.0,R,80.0,R,0.0,R,0.0,R,0.0,R,0.0,A,,R,4
195304,2009,R,365.0,R,385.0,R,95.0,R,348.0,Z,0.0,R,348.0,R,286.0,R,82.0,Z,0.0,Z,0.0,Z,0.0,Z,0.0,A,,R,9
195322,2009,R,773.0,R,1541.0,R,50.0,R,725.0,Z,0.0,R,725.0,R,410.0,R,57.0,R,112.0,Z,0.0,R,112.0,R,44.0,R,39.0,R,30
195438,2009,R,21.0,R,31.0,R,68.0,R,115.0,R,20.0,R,95.0,R,52.0,R,55.0,R,0.0,R,0.0,R,0.0,R,0.0,A,,R,18
195474,2009,R,783.0,R,937.0,R,84.0,R,824.0,R,0.0,R,824.0,R,732.0,R,89.0,R,0.0,R,0.0,R,0.0,R,0.0,A,,R,13
195492,2009,R,3.0,R,30.0,R,10.0,R,3.0,Z,0.0,R,3.0,R,3.0,R,100.0,R,0.0,Z,0.0,R,0.0,Z,0.0,A,,R,5
195526,2009,R,664.0,R,716.0,R,93.0,R,652.0,R,0.0,R,652.0,R,617.0,R,95.0,R,0.0,R,0.0,R,0.0,R,0.0,A,,R,9
195544,2009,R,211.0,R,353.0,R,60.0,R,120.0,R,0.0,R,120.0,R,102.0,R,85.0,R,11.0,R,0.0,R,11.0,R,5.0,R,45.0,R,13
195562,2009,R,489.0,R,1054.0,R,46.0,R,492.0,R,0.0,R,492.0,R,399.0,R,81.0,R,9.0,Z,0.0,R,9.0,R,6.0,R,67.0,R,17
195623,2009,A,,A,,A,,R,0.0,R,0.0,R,0.0,R,0.0,A,,R,16.0,R,0.0,R,16.0,R,4.0,R,25.0,R,22
195669,2009,A,,A,,A,,A,,A,,A,,A,,A,,A,,A,,A,,A,,A,,R,18
195687,2009,R,19.0,R,119.0,R,16.0,R,33.0,R,0.0,R,33.0,R,18.0,R,55.0,R,1.0,R,0.0,R,1.0,R,1.0,R,100.0,R,10
195702,2009,A,,A,,A,,A,,A,,A,,A,,A,,A,,A,,A,,A,,A,,R,5
195720,2009,R,558.0,R,865.0,R,65.0,R,569.0,R,0.0,R,569.0,R,468.0,R,82.0,Z,0.0,Z,0.0,Z,0.0,Z,0.0,A,,R,14
195784,2009,R,38.0,R,56.0,R,68.0,R,53.0,R,0.0,R,53.0,R,40.0,R,75.0,R,0.0,R,0.0,R,0.0,R,0.0,A,,R,9
195793,2009,A,,A,,A,,A,,A,,A,,A,,A,,A,,A,,A,,A,,A,,R,14
195809,2009,R,3101.0,R,6081.0,R,51.0,R,3230.0,Z,0.0,R,3230.0,R,2528.0,R,78.0,R,6.0,Z,0.0,R,6.0,R,3.0,R,50.0,R,18
195845,2009,R,56.0,R,215.0,R,26.0,R,44.0,R,0.0,R,44.0,R,22.0,R,50.0,R,21.0,R,0.0,R,21.0,R,5.0,R,24.0,R,27
195924,2009,A,,A,,A,,R,90.0,R,1.0,R,89.0,R,60.0,R,67.0,R,22.0,R,1.0,R,21.0,R,15.0,R,71.0,R,35
195933,2009,A,,A,,A,,R,200.0,R,0.0,R,200.0,R,146.0,R,73.0,R,110.0,R,0.0,R,110.0,R,80.0,R,73.0,R,30
195988,2009,R,478.0,R,653.0,R,73.0,R,460.0,Z,0.0,R,460.0,R,229.0,R,50.0,R,27.0,Z,0.0,R,27.0,R,11.0,R,41.0,R,19
196006,2009,R,1234.0,R,1563.0,R,79.0,R,1156.0,Z,0.0,R,1156.0,R,795.0,R,69.0,R,17.0,Z,0.0,R,17.0,R,10.0,R,59.0,R,19
196015,2009,R,962.0,R,1482.0,R,65.0,R,812.0,Z,0.0,R,812.0,R,419.0,R,52.0,R,17.0,Z,0.0,R,17.0,R,6.0,R,35.0,R,20
196024,2009,R,957.0,R,1297.0,R,74.0,R,1008.0,Z,0.0,R,1008.0,R,617.0,R,61.0,R,8.0,Z,0.0,R,8.0,R,5.0,R,63.0,R,16
196033,2009,R,897.0,R,1162.0,R,77.0,R,967.0,Z,0.0,R,967.0,R,575.0,R,59.0,R,4.0,Z,0.0,R,4.0,R,1.0,R,25.0,R,11
196042,2009,R,888.0,R,2068.0,R,43.0,R,1020.0,Z,0.0,R,1020.0,R,763.0,R,75.0,R,36.0,Z,0.0,R,36.0,R,18.0,R,50.0,R,18
196051,2009,R,1129.0,R,1473.0,R,77.0,R,1106.0,Z,0.0,R,1106.0,R,565.0,R,51.0,R,26.0,Z,0.0,R,26.0,R,13.0,R,50.0,R,17
196060,2009,R,2325.0,R,3842.0,R,61.0,R,2398.0,Z,0.0,R,2398.0,R,2032.0,R,85.0,R,12.0,Z,0.0,R,12.0,R,9.0,R,75.0,R,19
196079,2009,R,2026.0,R,2880.0,R,70.0,R,2438.0,R,1.0,R,2437.0,R,2203.0,R,90.0,R,81.0,Z,0.0,R,81.0,R,71.0,R,88.0,R,20
196088,2009,R,3404.0,R,5361.0,R,63.0,R,3378.0,Z,0.0,R,3378.0,R,2992.0,R,89.0,R,12.0,Z,0.0,R,12.0,R,10.0,R,83.0,R,16
196097,2009,R,2801.0,R,4785.0,R,59.0,R,2880.0,Z,0.0,R,2880.0,R,2549.0,R,89.0,R,14.0,Z,0.0,R,14.0,R,8.0,R,57.0,R,19
196103,2009,R,283.0,R,503.0,R,56.0,R,310.0,Z,0.0,R,310.0,R,249.0,R,80.0,Z,0.0,Z,0.0,Z,0.0,Z,0.0,A,,R,16
196112,2009,R,203.0,R,837.0,R,24.0,R,207.0,Z,0.0,R,207.0,R,143.0,R,69.0,Z,0.0,Z,0.0,Z,0.0,Z,0.0,A,,R,17
196121,2009,R,1089.0,R,2051.0,R,53.0,R,991.0,Z,0.0,R,991.0,R,851.0,R,86.0,R,3.0,Z,0.0,R,3.0,R,0.0,R,0.0,R,18
196130,2009,R,1517.0,R,2938.0,R,52.0,R,1507.0,Z,0.0,R,1507.0,R,1088.0,R,72.0,R,15.0,Z,0.0,R,15.0,R,6.0,R,40.0,R,16
196149,2009,R,1166.0,R,1807.0,R,65.0,R,1172.0,Z,0.0,R,1172.0,R,929.0,R,79.0,Z,0.0,Z,0.0,Z,0.0,Z,0.0,A,,R,17
196158,2009,R,1103.0,R,1613.0,R,68.0,R,1187.0,Z,0.0,R,1187.0,R,1028.0,R,87.0,R,39.0,Z,0.0,R,39.0,R,14.0,R,36.0,R,17
196167,2009,R,948.0,R,1409.0,R,67.0,R,1079.0,Z,0.0,R,1079.0,R,973.0,R,90.0,R,2.0,Z,0.0,R,2.0,R,2.0,R,100.0,R,19
196176,2009,R,1056.0,R,1768.0,R,60.0,R,1287.0,Z,0.0,R,1287.0,R,1132.0,R,88.0,R,48.0,Z,0.0,R,48.0,R,35.0,R,73.0,R,15
196185,2009,R,1124.0,R,1732.0,R,65.0,R,1018.0,Z,0.0,R,1018.0,R,860.0,R,84.0,Z,0.0,Z,0.0,Z,0.0,Z,0.0,A,,R,18
196194,2009,R,1383.0,R,2201.0,R,63.0,R,1468.0,Z,0.0,R,1468.0,R,1172.0,R,80.0,R,5.0,Z,0.0,R,5.0,R,1.0,R,20.0,R,18
196200,2009,R,826.0,R,1174.0,R,70.0,R,805.0,Z,0.0,R,805.0,R,618.0,R,77.0,R,3.0,Z,0.0,R,3.0,R,1.0,R,33.0,R,14
196219,2009,R,694.0,R,1167.0,R,59.0,R,709.0,Z,0.0,R,709.0,R,581.0,R,82.0,Z,0.0,Z,0.0,Z,0.0,Z,0.0,A,,R,16
196237,2009,R,418.0,R,1237.0,R,34.0,R,341.0,Z,0.0,R,341.0,R,255.0,R,75.0,R,3.0,Z,0.0,R,3.0,R,1.0,R,33.0,R,20
196246,2009,R,1062.0,R,1692.0,R,63.0,R,1025.0,Z,0.0,R,1025.0,R,837.0,R,82.0,R,3.0,Z,0.0,R,3.0,R,3.0,R,100.0,R,16
196255,2009,A,,A,,A,,A,,A,,A,,A,,A,,A,,A,,A,,A,,A,,R,3
196264,2009,R,266.0,R,3733.0,R,7.0,R,298.0,Z,0.0,R,298.0,R,145.0,R,49.0,R,259.0,Z,0.0,R,259.0,R,144.0,R,56.0,R,16
196291,2009,R,358.0,R,466.0,R,77.0,R,396.0,Z,0.0,R,396.0,R,294.0,R,74.0,Z,0.0,Z,0.0,Z,0.0,Z,0.0,A,,R,16
196307,2009,A,,A,,A,,A,,A,,A,,A,,A,,A,,A,,A,,A,,A,,R,7
196389,2009,R,89.0,R,114.0,R,78.0,R,15.0,R,0.0,R,15.0,R,13.0,R,87.0,R,19.0,R,0.0,R,19.0,R,14.0,R,74.0,R,22
196413,2009,R,3244.0,R,3962.0,R,82.0,R,3162.0,R,0.0,R,3162.0,R,2870.0,R,91.0,R,24.0,R,0.0,R,24.0,R,14.0,R,58.0,R,15
196431,2009,R,66.0,R,216.0,R,31.0,R,46.0,R,0.0,R,46.0,R,23.0,R,50.0,R,0.0,R,0.0,R,0.0,R,0.0,A,,R,12
196440,2009,R,6.0,R,6.0,R,100.0,R,3.0,R,0.0,R,3.0,R,2.0,R,67.0,R,0.0,R,0.0,R,0.0,R,0.0,A,,R,13
196477,2009,R,1337.0,R,2102.0,R,64.0,R,1201.0,R,0.0,R,1201.0,R,458.0,R,38.0,R,26.0,R,0.0,R,26.0,R,4.0,R,15.0,R,36
196565,2009,R,1030.0,R,1557.0,R,66.0,R,885.0,R,0.0,R,885.0,R,500.0,R,56.0,R,39.0,R,0.0,R,39.0,R,20.0,R,51.0,R,19
196583,2009,R,44.0,R,65.0,R,68.0,R,42.0,R,0.0,R,42.0,R,29.0,R,69.0,Z,0.0,Z,0.0,Z,0.0,Z,0.0,A,,R,58
196592,2009,R,207.0,R,223.0,R,93.0,R,314.0,R,0.0,R,314.0,R,262.0,R,83.0,R,37.0,R,0.0,R,37.0,R,17.0,R,46.0,R,14
196653,2009,R,159.0,R,546.0,R,29.0,R,164.0,R,0.0,R,164.0,R,93.0,R,57.0,R,36.0,R,0.0,R,36.0,R,24.0,R,67.0,R,10
196680,2009,A,,A,,A,,A,,A,,A,,A,,A,,A,,A,,A,,A,,A,,R,15
196699,2009,R,571.0,R,958.0,R,60.0,R,515.0,R,0.0,R,515.0,R,305.0,R,59.0,R,75.0,R,0.0,R,75.0,R,31.0,R,41.0,R,22
196857,2009,A,,A,,A,,R,217.0,R,0.0,R,217.0,R,148.0,R,68.0,R,16.0,R,0.0,R,16.0,R,14.0,R,88.0,R,30
196866,2009,R,520.0,R,585.0,R,89.0,R,580.0,R,0.0,R,580.0,R,527.0,R,91.0,Z,0.0,Z,0.0,Z,0.0,Z,0.0,A,,R,10
197018,2009,R,362.0,R,449.0,R,81.0,R,346.0,Z,0.0,R,346.0,R,302.0,R,87.0,Z,0.0,Z,0.0,Z,0.0,Z,0.0,A,,R,24
197027,2009,R,289.0,R,289.0,R,100.0,R,304.0,R,12.0,R,292.0,R,243.0,R,83.0,Z,0.0,Z,0.0,Z,0.0,Z,0.0,A,,R,11
197036,2009,R,1262.0,R,1262.0,R,100.0,R,1263.0,R,1.0,R,1262.0,R,1164.0,R,92.0,Z,0.0,Z,0.0,Z,0.0,Z,0.0,A,,R,7
197045,2009,R,562.0,R,845.0,R,67.0,R,568.0,R,0.0,R,568.0,R,366.0,R,64.0,R,3.0,R,0.0,R,3.0,R,1.0,R,33.0,R,11
197081,2009,R,81.0,R,131.0,R,62.0,R,80.0,R,0.0,R,80.0,R,39.0,R,49.0,R,15.0,R,0.0,R,15.0,R,8.0,R,53.0,R,14
197133,2009,R,658.0,R,709.0,R,93.0,R,638.0,Z,0.0,R,638.0,R,610.0,R,96.0,Z,0.0,Z,0.0,Z,0.0,Z,0.0,A,,R,8
197142,2009,R,148.0,R,214.0,R,69.0,R,42.0,R,0.0,R,42.0,R,29.0,R,69.0,R,1.0,R,0.0,R,1.0,R,0.0,R,0.0,R,10
197151,2009,R,651.0,R,1052.0,R,62.0,R,660.0,R,0.0,R,660.0,R,530.0,R,80.0,R,1.0,R,0.0,R,1.0,R,1.0,R,100.0,R,9
197197,2009,R,519.0,R,589.0,R,88.0,R,480.0,Z,0.0,R,480.0,R,350.0,R,73.0,R,1.0,R,0.0,R,1.0,R,0.0,R,0.0,R,14
197221,2009,R,19.0,R,19.0,R,100.0,R,22.0,R,0.0,R,22.0,R,20.0,R,91.0,R,0.0,Z,0.0,R,0.0,Z,0.0,A,,R,7
197230,2009,R,145.0,R,172.0,R,84.0,R,155.0,R,0.0,R,155.0,R,118.0,R,76.0,R,0.0,R,0.0,R,0.0,R,0.0,A,,R,10
197285,2009,R,361.0,R,383.0,R,94.0,R,397.0,R,1.0,R,396.0,R,214.0,R,54.0,R,13.0,R,0.0,R,13.0,R,10.0,R,77.0,R,18
197294,2009,R,2360.0,R,4941.0,R,48.0,R,2042.0,Z,0.0,R,2042.0,R,1295.0,R,63.0,R,454.0,Z,0.0,R,454.0,R,227.0,R,50.0,R,18
197337,2009,A,,A,,A,,R,19.0,R,0.0,R,19.0,R,17.0,R,89.0,R,24.0,R,0.0,R,24.0,R,19.0,R,79.0,R,21
197522,2009,R,233.0,R,233.0,R,100.0,R,269.0,R,0.0,R,269.0,R,197.0,R,73.0,R,0.0,R,0.0,R,0.0,R,0.0,A,,R,31
197531,2009,A,,A,,A,,R,457.0,R,0.0,R,457.0,R,162.0,R,35.0,Z,0.0,Z,0.0,Z,0.0,Z,0.0,A,,R,29
197601,2009,R,25.0,R,26.0,R,96.0,R,18.0,R,0.0,R,18.0,R,12.0,R,67.0,R,0.0,R,0.0,R,0.0,R,0.0,A,,R,10
197610,2009,R,40.0,R,43.0,R,93.0,R,49.0,R,0.0,R,49.0,R,21.0,R,43.0,R,0.0,R,0.0,R,0.0,R,0.0,A,,R,17
197647,2009,R,24.0,R,42.0,R,57.0,R,24.0,R,0.0,R,24.0,R,17.0,R,71.0,R,0.0,R,0.0,R,0.0,R,0.0,A,,R,8
197674,2009,R,64.0,R,72.0,R,89.0,R,72.0,R,0.0,R,72.0,R,67.0,R,93.0,Z,0.0,Z,0.0,Z,0.0,Z,0.0,A,,R,11
197692,2009,R,22.0,R,22.0,R,100.0,R,32.0,R,0.0,R,32.0,R,32.0,R,100.0,R,0.0,R,0.0,R,0.0,R,0.0,A,,R,19
197708,2009,R,780.0,R,816.0,R,96.0,R,923.0,R,182.0,R,741.0,R,711.0,R,96.0,R,10.0,Z,0.0,R,10.0,R,8.0,R,80.0,R,7
197735,2009,R,74.0,R,74.0,R,100.0,R,64.0,R,0.0,R,64.0,R,64.0,R,100.0,Z,0.0,Z,0.0,Z,0.0,Z,0.0,A,,R,10
197744,2009,R,4.0,R,56.0,R,7.0,R,6.0,R,0.0,R,6.0,R,4.0,R,67.0,Z,0.0,Z,0.0,Z,0.0,Z,0.0,A,,R,26
197814,2009,R,292.0,R,1399.0,R,21.0,R,168.0,R,0.0,R,168.0,R,122.0,R,73.0,R,128.0,R,0.0,R,128.0,R,60.0,R,47.0,R,14
197832,2009,R,199.0,R,374.0,R,53.0,R,174.0,R,0.0,R,174.0,R,81.0,R,47.0,R,17.0,R,0.0,R,17.0,R,8.0,R,47.0,R,17
197850,2009,R,135.0,R,721.0,R,19.0,R,165.0,R,0.0,R,165.0,R,109.0,R,66.0,R,326.0,R,1.0,R,325.0,R,168.0,R,52.0,R,18
197869,2009,R,2733.0,R,3873.0,R,71.0,R,2773.0,R,0.0,R,2773.0,R,2397.0,R,86.0,R,8.0,R,0.0,R,8.0,R,4.0,R,50.0,R,17
197887,2009,R,453.0,R,3662.0,R,12.0,R,351.0,R,0.0,R,351.0,R,200.0,R,57.0,R,148.0,R,0.0,R,148.0,R,65.0,R,44.0,R,15
197911,2009,R,230.0,R,372.0,R,62.0,R,247.0,R,1.0,R,246.0,R,164.0,R,67.0,R,1.0,R,0.0,R,1.0,R,0.0,R,0.0,R,11
197966,2009,R,269.0,R,776.0,R,35.0,R,189.0,R,0.0,R,189.0,R,124.0,R,66.0,R,73.0,R,0.0,R,73.0,R,30.0,R,41.0,R,13
197984,2009,R,396.0,R,576.0,R,69.0,R,286.0,Z,0.0,R,286.0,R,168.0,R,59.0,R,4.0,R,2.0,R,2.0,R,2.0,R,100.0,R,17
197993,2009,R,231.0,R,264.0,R,88.0,R,192.0,R,0.0,R,192.0,R,146.0,R,76.0,R,3.0,R,0.0,R,3.0,R,1.0,R,33.0,R,11
198011,2009,R,169.0,R,614.0,R,28.0,R,129.0,R,1.0,R,128.0,R,88.0,R,69.0,R,61.0,R,0.0,R,61.0,R,26.0,R,43.0,R,16
198039,2009,R,187.0,R,740.0,R,25.0,R,135.0,R,0.0,R,135.0,R,88.0,R,65.0,R,119.0,R,0.0,R,119.0,R,55.0,R,46.0,R,15
198066,2009,R,188.0,R,237.0,R,79.0,R,183.0,R,0.0,R,183.0,R,108.0,R,59.0,R,0.0,R,0.0,R,0.0,R,0.0,A,,R,12
198075,2009,A,,A,,A,,R,20.0,R,0.0,R,20.0,R,20.0,R,100.0,R,0.0,R,0.0,R,0.0,R,0.0,A,,R,6
198084,2009,R,222.0,R,743.0,R,30.0,R,472.0,R,0.0,R,472.0,R,225.0,R,48.0,R,300.0,R,0.0,R,300.0,R,128.0,R,43.0,R,12
198109,2009,R,19.0,R,192.0,R,10.0,R,25.0,R,0.0,R,25.0,R,16.0,R,64.0,R,0.0,R,0.0,R,0.0,R,0.0,A,,R,10
198118,2009,R,677.0,R,2809.0,R,24.0,R,411.0,R,0.0,R,411.0,R,272.0,R,66.0,R,288.0,R,0.0,R,288.0,R,148.0,R,51.0,R,12
198136,2009,R,729.0,R,1301.0,R,56.0,R,800.0,Z,0.0,R,800.0,R,577.0,R,72.0,R,13.0,Z,0.0,R,13.0,R,3.0,R,23.0,R,19
198154,2009,R,947.0,R,2612.0,R,36.0,R,900.0,R,1.0,R,899.0,R,567.0,R,63.0,R,351.0,R,0.0,R,351.0,R,186.0,R,53.0,R,17
198190,2009,A,,A,,A,,R,4.0,R,0.0,R,4.0,R,4.0,R,100.0,R,1.0,R,0.0,R,1.0,R,1.0,R,100.0,R,6
198206,2009,R,193.0,R,620.0,R,31.0,R,139.0,Z,0.0,R,139.0,R,86.0,R,62.0,R,90.0,Z,0.0,R,90.0,R,42.0,R,47.0,R,9
198215,2009,R,309.0,R,431.0,R,72.0,R,247.0,R,0.0,R,247.0,R,174.0,R,70.0,R,1.0,R,0.0,R,1.0,R,0.0,R,0.0,R,16
198233,2009,R,671.0,R,2643.0,R,25.0,R,538.0,Z,0.0,R,538.0,R,405.0,R,75.0,R,405.0,Z,0.0,R,405.0,R,199.0,R,49.0,R,12
198242,2009,R,20.0,R,63.0,R,32.0,R,0.0,R,0.0,R,0.0,R,0.0,A,,R,0.0,R,0.0,R,0.0,R,0.0,A,,R,9
198251,2009,R,585.0,R,2923.0,R,20.0,R,293.0,Z,0.0,R,293.0,R,176.0,R,60.0,R,212.0,Z,0.0,R,212.0,R,67.0,R,32.0,R,16
198260,2009,R,1347.0,R,5028.0,R,27.0,R,1470.0,R,0.0,R,1470.0,R,886.0,R,60.0,R,1098.0,R,0.0,R,1098.0,R,417.0,R,38.0,R,23
198303,2009,R,513.0,R,597.0,R,86.0,R,321.0,R,0.0,R,321.0,R,143.0,R,45.0,R,1.0,R,0.0,R,1.0,R,1.0,R,100.0,R,20
198321,2009,R,103.0,R,740.0,R,14.0,R,191.0,R,0.0,R,191.0,R,85.0,R,45.0,R,150.0,R,0.0,R,150.0,R,55.0,R,37.0,R,10
198330,2009,R,445.0,R,1806.0,R,25.0,R,371.0,R,0.0,R,371.0,R,275.0,R,74.0,R,541.0,R,0.0,R,541.0,R,173.0,R,32.0,R,14
198367,2009,R,451.0,R,1806.0,R,25.0,R,306.0,R,0.0,R,306.0,R,205.0,R,67.0,R,455.0,R,0.0,R,455.0,R,223.0,R,49.0,R,12
198376,2009,R,513.0,R,1232.0,R,42.0,R,316.0,R,0.0,R,316.0,R,240.0,R,76.0,R,278.0,R,0.0,R,278.0,R,130.0,R,47.0,R,20
198385,2009,R,491.0,R,510.0,R,96.0,R,480.0,R,0.0,R,480.0,R,464.0,R,97.0,Z,0.0,Z,0.0,Z,0.0,Z,0.0,A,,R,11
198419,2009,R,1723.0,R,1764.0,R,98.0,R,1699.0,R,0.0,R,1699.0,R,1648.0,R,97.0,R,0.0,R,0.0,R,0.0,Z,0.0,A,,R,8
198455,2009,R,366.0,R,2390.0,R,15.0,R,247.0,Z,0.0,R,247.0,R,134.0,R,54.0,R,301.0,Z,0.0,R,301.0,R,128.0,R,43.0,R,10
198464,2009,R,3947.0,R,5475.0,R,72.0,R,4522.0,R,0.0,R,4522.0,R,3562.0,R,79.0,R,16.0,R,0.0,R,16.0,R,10.0,R,63.0,R,18
198491,2009,R,404.0,R,1555.0,R,26.0,R,273.0,R,106.0,R,167.0,R,128.0,R,77.0,R,221.0,R,91.0,R,130.0,R,91.0,R,70.0,R,21
198507,2009,R,660.0,R,907.0,R,73.0,R,636.0,R,0.0,R,636.0,R,485.0,R,76.0,R,2.0,R,0.0,R,2.0,R,1.0,R,50.0,R,16
198516,2009,R,1290.0,R,1363.0,R,95.0,R,1291.0,R,0.0,R,1291.0,R,1152.0,R,89.0,R,0.0,R,0.0,R,0.0,Z,0.0,A,,R,13
198525,2009,A,,A,,A,,R,40.0,R,0.0,R,40.0,R,34.0,R,85.0,R,0.0,R,0.0,R,0.0,R,0.0,A,,R,20
198534,2009,R,926.0,R,4593.0,R,20.0,R,835.0,R,3.0,R,832.0,R,575.0,R,69.0,R,1042.0,R,0.0,R,1042.0,R,434.0,R,42.0,R,13
198543,2009,R,754.0,R,1507.0,R,50.0,R,579.0,R,0.0,R,579.0,R,426.0,R,74.0,R,3.0,R,0.0,R,3.0,R,0.0,R,0.0,R,17
198552,2009,R,1040.0,R,2557.0,R,41.0,R,943.0,R,0.0,R,943.0,R,544.0,R,58.0,R,512.0,R,4.0,R,508.0,R,255.0,R,50.0,R,14
198561,2009,R,448.0,R,896.0,R,50.0,R,447.0,R,0.0,R,447.0,R,330.0,R,74.0,Z,0.0,Z,0.0,Z,0.0,Z,0.0,A,,R,13
198570,2009,R,684.0,R,2514.0,R,27.0,R,497.0,R,0.0,R,497.0,R,323.0,R,65.0,R,316.0,R,0.0,R,316.0,R,143.0,R,45.0,R,15
198598,2009,R,241.0,R,366.0,R,66.0,R,212.0,R,0.0,R,212.0,R,131.0,R,62.0,R,0.0,R,0.0,R,0.0,R,0.0,A,,R,13
198613,2009,R,449.0,R,926.0,R,48.0,R,406.0,R,0.0,R,406.0,R,326.0,R,80.0,R,30.0,R,0.0,R,30.0,R,18.0,R,60.0,R,15
198622,2009,R,2323.0,R,4489.0,R,52.0,R,1795.0,R,0.0,R,1795.0,R,1034.0,R,58.0,R,705.0,R,0.0,R,705.0,R,309.0,R,44.0,R,26
198631,2009,A,,A,,A,,R,72.0,R,14.0,R,58.0,R,48.0,R,83.0,R,1.0,R,1.0,R,0.0,R,0.0,A,,R,19
198640,2009,R,220.0,R,799.0,R,28.0,R,189.0,R,0.0,R,189.0,R,118.0,R,62.0,R,50.0,R,0.0,R,50.0,R,31.0,R,62.0,R,11
198668,2009,R,237.0,R,1120.0,R,21.0,R,170.0,R,0.0,R,170.0,R,117.0,R,69.0,R,245.0,R,0.0,R,245.0,R,124.0,R,51.0,R,10
198677,2009,R,7.0,R,19.0,R,37.0,R,7.0,R,1.0,R,6.0,R,3.0,R,50.0,R,4.0,R,0.0,R,4.0,R,1.0,R,25.0,R,6
198695,2009,R,1045.0,R,1077.0,R,97.0,R,870.0,R,0.0,R,870.0,R,686.0,R,79.0,R,70.0,R,0.0,R,70.0,R,56.0,R,80.0,R,15
198710,2009,R,311.0,R,1019.0,R,31.0,R,222.0,Z,0.0,R,222.0,R,122.0,R,55.0,R,52.0,Z,0.0,R,52.0,R,36.0,R,69.0,R,19
198729,2009,R,198.0,R,794.0,R,25.0,R,114.0,Z,0.0,R,114.0,R,65.0,R,57.0,R,95.0,Z,0.0,R,95.0,R,26.0,R,27.0,R,16
198747,2009,R,7.0,R,30.0,R,23.0,R,7.0,R,0.0,R,7.0,R,4.0,R,57.0,R,1.0,R,0.0,R,1.0,R,0.0,R,0.0,R,7
198756,2009,R,282.0,R,333.0,R,85.0,R,554.0,Z,0.0,R,554.0,R,380.0,R,69.0,R,3.0,Z,0.0,R,3.0,R,0.0,R,0.0,R,13
198774,2009,R,710.0,R,1995.0,R,36.0,R,672.0,Z,0.0,R,672.0,R,274.0,R,41.0,R,237.0,Z,0.0,R,237.0,R,120.0,R,51.0,R,14
198808,2009,R,161.0,R,275.0,R,59.0,R,229.0,Z,0.0,R,229.0,R,152.0,R,66.0,R,0.0,Z,0.0,R,0.0,Z,0.0,A,,R,13
198817,2009,R,424.0,R,1411.0,R,30.0,R,330.0,R,0.0,R,330.0,R,225.0,R,68.0,R,120.0,R,0.0,R,120.0,R,20.0,R,17.0,R,22
198835,2009,R,355.0,R,627.0,R,57.0,R,346.0,Z,0.0,R,346.0,R,249.0,R,72.0,R,0.0,R,0.0,R,0.0,R,0.0,A,,R,12
198844,2009,A,,A,,A,,R,36.0,R,0.0,R,36.0,R,28.0,R,78.0,R,25.0,R,0.0,R,25.0,R,19.0,R,76.0,R,20
198862,2009,R,422.0,R,480.0,R,88.0,R,332.0,R,0.0,R,332.0,R,170.0,R,51.0,R,4.0,R,0.0,R,4.0,R,1.0,R,25.0,R,17
198871,2009,R,326.0,R,358.0,R,91.0,R,282.0,R,0.0,R,282.0,R,133.0,R,47.0,R,5.0,R,0.0,R,5.0,R,1.0,R,20.0,R,22
198899,2009,R,299.0,R,403.0,R,74.0,R,299.0,R,0.0,R,299.0,R,177.0,R,59.0,R,1.0,R,0.0,R,1.0,R,1.0,R,100.0,R,12
198905,2009,R,98.0,R,517.0,R,19.0,R,58.0,R,0.0,R,58.0,R,30.0,R,52.0,R,44.0,R,0.0,R,44.0,R,22.0,R,50.0,R,14
198914,2009,R,197.0,R,438.0,R,45.0,R,171.0,Z,0.0,R,171.0,R,135.0,R,79.0,R,130.0,Z,0.0,R,130.0,R,57.0,R,44.0,R,15
198923,2009,R,213.0,R,671.0,R,32.0,R,103.0,Z,0.0,R,103.0,R,63.0,R,61.0,R,116.0,Z,0.0,R,116.0,R,48.0,R,41.0,R,13
198941,2009,A,,A,,A,,A,,A,,A,,A,,A,,A,,A,,A,,A,,A,,R,5
198950,2009,R,476.0,R,597.0,R,80.0,R,397.0,R,0.0,R,397.0,R,302.0,R,76.0,R,1.0,R,0.0,R,1.0,R,0.0,R,0.0,R,11
198969,2009,R,472.0,R,744.0,R,63.0,R,439.0,R,0.0,R,439.0,R,227.0,R,52.0,R,29.0,R,0.0,R,29.0,R,4.0,R,14.0,R,12
198978,2009,R,38.0,R,189.0,R,20.0,R,6.0,R,0.0,R,6.0,R,4.0,R,67.0,R,5.0,R,0.0,R,5.0,R,2.0,R,40.0,R,22
198987,2009,R,449.0,R,1250.0,R,36.0,R,351.0,Z,0.0,R,351.0,R,220.0,R,63.0,R,142.0,R,0.0,R,142.0,R,56.0,R,39.0,R,21
198996,2009,A,,A,,A,,R,2.0,R,0.0,R,2.0,R,2.0,R,100.0,R,0.0,R,0.0,R,0.0,R,0.0,A,,R,20
199005,2009,A,,A,,A,,R,2.0,Z,0.0,R,2.0,R,2.0,R,100.0,Z,0.0,Z,0.0,Z,0.0,Z,0.0,A,,R,20
199014,2009,A,,A,,A,,R,4.0,R,0.0,R,4.0,R,3.0,R,75.0,R,2.0,R,0.0,R,2.0,R,1.0,R,50.0,R,20
199023,2009,R,91.0,R,526.0,R,17.0,R,68.0,R,0.0,R,68.0,R,44.0,R,65.0,R,45.0,R,0.0,R,45.0,R,20.0,R,44.0,R,9
199032,2009,R,83.0,R,169.0,R,49.0,R,118.0,R,0.0,R,118.0,R,69.0,R,58.0,R,2.0,R,0.0,R,2.0,R,0.0,R,0.0,R,11
199069,2009,R,311.0,R,962.0,R,32.0,R,339.0,R,0.0,R,339.0,R,230.0,R,68.0,R,22.0,R,0.0,R,22.0,R,8.0,R,36.0,R,26
199078,2009,A,,A,,A,,R,5.0,Z,0.0,R,5.0,R,3.0,R,60.0,Z,0.0,Z,0.0,Z,0.0,Z,0.0,A,,R,5
199087,2009,R,371.0,R,1534.0,R,24.0,R,252.0,R,0.0,R,252.0,R,151.0,R,60.0,R,262.0,R,0.0,R,262.0,R,121.0,R,46.0,R,21
199102,2009,R,1879.0,R,2265.0,R,83.0,R,1592.0,R,0.0,R,1592.0,R,1227.0,R,77.0,R,15.0,R,0.0,R,15.0,R,5.0,R,33.0,R,16
199111,2009,R,639.0,R,959.0,R,67.0,R,586.0,R,0.0,R,586.0,R,480.0,R,82.0,Z,0.0,R,0.0,R,0.0,Z,0.0,A,,R,14
199120,2009,R,3958.0,R,4949.0,R,80.0,R,3852.0,R,0.0,R,3852.0,R,3685.0,R,96.0,R,13.0,R,0.0,R,13.0,R,11.0,R,85.0,R,14
199139,2009,R,3158.0,R,5580.0,R,57.0,R,3060.0,R,0.0,R,3060.0,R,2383.0,R,78.0,R,30.0,R,0.0,R,30.0,R,14.0,R,47.0,R,19
199148,2009,R,2497.0,R,4354.0,R,57.0,R,2472.0,R,0.0,R,2472.0,R,1894.0,R,77.0,R,20.0,R,0.0,R,20.0,R,14.0,R,70.0,R,18
199157,2009,R,1346.0,R,1905.0,R,71.0,R,1026.0,R,0.0,R,1026.0,R,790.0,R,77.0,R,9.0,R,0.0,R,9.0,R,5.0,R,56.0,R,15
199184,2009,R,179.0,R,232.0,R,77.0,R,164.0,R,0.0,R,164.0,R,127.0,R,77.0,Z,0.0,R,0.0,R,0.0,Z,0.0,A,,R,5
199193,2009,R,4718.0,R,5888.0,R,80.0,R,4660.0,R,0.0,R,4660.0,R,4237.0,R,91.0,R,9.0,R,0.0,R,9.0,R,3.0,R,33.0,R,17
199209,2009,R,236.0,R,459.0,R,51.0,R,234.0,R,0.0,R,234.0,R,121.0,R,52.0,R,20.0,R,0.0,R,20.0,R,6.0,R,30.0,R,13
199218,2009,R,1945.0,R,3616.0,R,54.0,R,2069.0,R,0.0,R,2069.0,R,1752.0,R,85.0,R,4.0,R,0.0,R,4.0,R,2.0,R,50.0,R,17
199263,2009,R,9.0,R,105.0,R,9.0,R,11.0,Z,0.0,R,11.0,R,10.0,R,91.0,R,4.0,Z,0.0,R,4.0,R,3.0,R,75.0,R,9
199272,2009,R,151.0,R,257.0,R,59.0,R,185.0,Z,0.0,R,185.0,R,121.0,R,65.0,R,1.0,R,0.0,R,1.0,R,0.0,R,0.0,R,11
199281,2009,R,1202.0,R,1908.0,R,63.0,R,1057.0,R,0.0,R,1057.0,R,714.0,R,68.0,R,16.0,R,0.0,R,16.0,R,4.0,R,25.0,R,15
199306,2009,R,230.0,R,367.0,R,63.0,R,194.0,Z,0.0,R,194.0,R,115.0,R,59.0,R,23.0,Z,0.0,R,23.0,R,16.0,R,70.0,R,12
199315,2009,R,44.0,R,72.0,R,61.0,R,45.0,Z,0.0,R,45.0,R,40.0,R,89.0,R,6.0,Z,0.0,R,6.0,R,3.0,R,50.0,R,9
199324,2009,R,301.0,R,1012.0,R,30.0,R,207.0,R,0.0,R,207.0,R,63.0,R,30.0,R,176.0,R,0.0,R,176.0,R,38.0,R,22.0,R,13
199333,2009,R,996.0,R,2640.0,R,38.0,R,897.0,R,0.0,R,897.0,R,513.0,R,57.0,R,214.0,R,0.0,R,214.0,R,73.0,R,34.0,R,22
199412,2009,R,314.0,R,608.0,R,52.0,R,307.0,R,0.0,R,307.0,R,240.0,R,78.0,R,2.0,R,0.0,R,2.0,R,2.0,R,100.0,R,13
199421,2009,R,354.0,R,1006.0,R,35.0,R,190.0,R,0.0,R,190.0,R,126.0,R,66.0,R,164.0,R,0.0,R,164.0,R,75.0,R,46.0,R,20
199449,2009,R,255.0,R,578.0,R,44.0,R,151.0,R,0.0,R,151.0,R,89.0,R,59.0,R,106.0,R,0.0,R,106.0,R,51.0,R,48.0,R,20
199458,2009,R,34.0,R,64.0,R,53.0,R,34.0,R,0.0,R,34.0,R,18.0,R,53.0,R,5.0,R,0.0,R,5.0,R,2.0,R,40.0,R,12
199467,2009,R,220.0,R,721.0,R,31.0,R,95.0,Z,0.0,R,95.0,R,47.0,R,49.0,R,30.0,Z,0.0,R,30.0,R,10.0,R,33.0,R,9
199476,2009,R,415.0,R,1004.0,R,41.0,R,312.0,R,0.0,R,312.0,R,221.0,R,71.0,R,201.0,R,0.0,R,201.0,R,90.0,R,45.0,R,21
199485,2009,R,340.0,R,1260.0,R,27.0,R,281.0,R,0.0,R,281.0,R,194.0,R,69.0,R,171.0,R,0.0,R,171.0,R,106.0,R,62.0,R,20
199494,2009,R,603.0,R,2690.0,R,22.0,R,507.0,R,0.0,R,507.0,R,359.0,R,71.0,R,586.0,R,0.0,R,586.0,R,262.0,R,45.0,R,8
199582,2009,R,424.0,R,576.0,R,74.0,R,441.0,R,44.0,R,397.0,R,248.0,R,62.0,R,12.0,R,0.0,R,12.0,R,1.0,R,8.0,R,16
199607,2009,R,142.0,R,238.0,R,60.0,R,118.0,R,0.0,R,118.0,R,88.0,R,75.0,R,4.0,R,0.0,R,4.0,R,1.0,R,25.0,R,10
199625,2009,R,229.0,R,552.0,R,41.0,R,113.0,R,0.0,R,113.0,R,75.0,R,66.0,R,58.0,R,1.0,R,57.0,R,20.0,R,35.0,R,10
199634,2009,R,545.0,R,1939.0,R,28.0,R,570.0,R,0.0,R,570.0,R,257.0,R,45.0,R,187.0,R,0.0,R,187.0,R,77.0,R,41.0,R,12
199643,2009,R,581.0,R,773.0,R,75.0,R,532.0,Z,0.0,R,532.0,R,274.0,R,52.0,R,24.0,Z,0.0,R,24.0,R,11.0,R,46.0,R,16
199689,2009,A,,A,,A,,R,71.0,R,0.0,R,71.0,R,42.0,R,59.0,R,0.0,R,0.0,R,0.0,R,0.0,A,,R,15
199698,2009,R,147.0,R,205.0,R,72.0,R,138.0,R,0.0,R,138.0,R,84.0,R,61.0,Z,0.0,Z,0.0,Z,0.0,Z,0.0,A,,R,10
199713,2009,A,,A,,A,,R,39.0,Z,0.0,R,39.0,R,26.0,R,67.0,R,19.0,R,1.0,R,18.0,R,9.0,R,50.0,R,16
199722,2009,R,647.0,R,1835.0,R,35.0,R,641.0,R,0.0,R,641.0,R,424.0,R,66.0,R,749.0,R,0.0,R,749.0,R,375.0,R,50.0,R,18
199731,2009,R,212.0,R,945.0,R,22.0,R,229.0,R,0.0,R,229.0,R,80.0,R,35.0,R,184.0,R,0.0,R,184.0,R,64.0,R,35.0,R,12
199740,2009,R,441.0,R,2159.0,R,20.0,R,150.0,R,0.0,R,150.0,R,93.0,R,62.0,R,177.0,R,0.0,R,177.0,R,70.0,R,40.0,R,10
199768,2009,R,400.0,R,918.0,R,44.0,R,360.0,Z,0.0,R,360.0,R,241.0,R,67.0,R,196.0,Z,0.0,R,196.0,R,110.0,R,56.0,R,18
199786,2009,R,558.0,R,2795.0,R,20.0,R,378.0,R,0.0,R,378.0,R,234.0,R,62.0,R,126.0,R,0.0,R,126.0,R,65.0,R,52.0,R,14
199795,2009,R,103.0,R,569.0,R,18.0,R,101.0,R,0.0,R,101.0,R,62.0,R,61.0,R,59.0,R,0.0,R,59.0,R,26.0,R,44.0,R,19
199838,2009,R,218.0,R,1544.0,R,14.0,R,361.0,R,0.0,R,361.0,R,223.0,R,62.0,R,207.0,R,0.0,R,207.0,R,85.0,R,41.0,R,11
199847,2009,R,1195.0,R,1237.0,R,97.0,R,1199.0,R,0.0,R,1199.0,R,1136.0,R,95.0,R,2.0,R,0.0,R,2.0,R,2.0,R,100.0,R,11
199856,2009,R,1245.0,R,8663.0,R,14.0,R,1096.0,R,60.0,R,1036.0,R,736.0,R,71.0,R,1690.0,R,85.0,R,1605.0,R,835.0,R,52.0,R,11
199865,2009,R,222.0,R,304.0,R,73.0,R,249.0,R,0.0,R,249.0,R,174.0,R,70.0,Z,0.0,Z,0.0,Z,0.0,Z,0.0,A,,R,12
199883,2009,A,,A,,A,,A,,A,,A,,A,,A,,A,,A,,A,,A,,A,,R,10
199892,2009,R,586.0,R,1586.0,R,37.0,R,508.0,R,0.0,R,508.0,R,351.0,R,69.0,R,188.0,R,0.0,R,188.0,R,92.0,R,49.0,R,20
199908,2009,R,299.0,R,1298.0,R,23.0,R,293.0,R,0.0,R,293.0,R,210.0,R,72.0,R,197.0,R,0.0,R,197.0,R,126.0,R,64.0,R,12
199926,2009,R,462.0,R,1291.0,R,36.0,R,248.0,R,0.0,R,248.0,R,178.0,R,72.0,R,21.0,R,0.0,R,21.0,R,14.0,R,67.0,R,6
199953,2009,R,204.0,R,915.0,R,22.0,R,185.0,R,0.0,R,185.0,R,105.0,R,57.0,R,97.0,R,0.0,R,97.0,R,37.0,R,38.0,R,19
199962,2009,R,375.0,R,478.0,R,78.0,R,431.0,Z,0.0,R,431.0,R,294.0,R,68.0,R,1.0,Z,0.0,R,1.0,R,1.0,R,100.0,R,13
199971,2009,R,9.0,R,9.0,R,100.0,A,,A,,A,,A,,A,,A,,A,,A,,A,,A,,R,8
199980,2009,A,,A,,A,,R,16.0,R,0.0,R,16.0,R,13.0,R,81.0,R,0.0,R,0.0,R,0.0,R,0.0,A,,R,21
199999,2009,R,794.0,R,1509.0,R,53.0,R,1353.0,R,0.0,R,1353.0,R,1053.0,R,78.0,R,4.0,R,0.0,R,4.0,R,2.0,R,50.0,R,17
200004,2009,R,1549.0,R,2505.0,R,62.0,R,1219.0,R,0.0,R,1219.0,R,929.0,R,76.0,R,5.0,R,0.0,R,5.0,R,3.0,R,60.0,R,15
200013,2009,R,69.0,R,594.0,R,12.0,R,13.0,R,0.0,R,13.0,R,4.0,R,31.0,R,22.0,R,0.0,R,22.0,R,8.0,R,36.0,R,24
200022,2009,R,892.0,R,1257.0,R,71.0,R,0.0,R,0.0,R,0.0,R,0.0,A,,R,0.0,R,0.0,R,0.0,R,0.0,A,,R,18
200059,2009,R,314.0,R,707.0,R,44.0,R,284.0,R,0.0,R,284.0,R,157.0,R,55.0,R,9.0,R,0.0,R,9.0,R,5.0,R,56.0,R,15
200086,2009,R,40.0,R,115.0,R,35.0,R,48.0,Z,0.0,R,48.0,R,12.0,R,25.0,R,20.0,Z,0.0,R,20.0,R,2.0,R,10.0,R,12
200110,2009,A,,A,,A,,R,22.0,R,0.0,R,22.0,R,11.0,R,50.0,R,0.0,R,0.0,R,0.0,R,0.0,A,,R,14
200129,2009,A,,A,,A,,R,32.0,R,0.0,R,32.0,R,24.0,R,75.0,R,0.0,R,0.0,R,0.0,R,0.0,A,,R,16
200156,2009,R,233.0,R,336.0,R,69.0,R,268.0,R,0.0,R,268.0,R,187.0,R,70.0,R,3.0,R,0.0,R,3.0,R,1.0,R,33.0,R,14
200165,2009,A,,A,,A,,R,10.0,Z,0.0,R,10.0,R,8.0,R,80.0,R,0.0,Z,0.0,R,0.0,R,0.0,A,,R,13
200192,2009,R,183.0,R,313.0,R,58.0,R,145.0,R,0.0,R,145.0,R,106.0,R,73.0,R,38.0,R,0.0,R,38.0,R,19.0,R,50.0,R,11
200208,2009,R,30.0,R,56.0,R,54.0,R,17.0,R,0.0,R,17.0,R,7.0,R,41.0,R,5.0,R,0.0,R,5.0,R,1.0,R,20.0,R,9
200217,2009,R,312.0,R,583.0,R,54.0,R,376.0,R,2.0,R,374.0,R,287.0,R,77.0,R,0.0,Z,0.0,R,0.0,Z,0.0,A,,R,15
200226,2009,R,147.0,R,468.0,R,31.0,R,90.0,R,0.0,R,90.0,R,55.0,R,61.0,R,0.0,R,0.0,R,0.0,R,0.0,A,,R,17
200244,2009,A,,A,,A,,A,,A,,A,,A,,A,,A,,A,,A,,A,,A,,R,8
200253,2009,R,419.0,R,1086.0,R,39.0,R,406.0,R,0.0,R,406.0,R,285.0,R,70.0,R,33.0,R,0.0,R,33.0,R,15.0,R,45.0,R,14
200262,2009,A,,A,,A,,R,5.0,R,0.0,R,5.0,R,5.0,R,100.0,R,0.0,R,0.0,R,0.0,R,0.0,A,,R,6
200280,2009,R,1974.0,R,3091.0,R,64.0,R,1926.0,R,3.0,R,1923.0,R,1475.0,R,77.0,R,16.0,Z,0.0,R,16.0,R,6.0,R,38.0,R,20
200305,2009,R,630.0,R,813.0,R,77.0,R,564.0,Z,0.0,R,564.0,R,451.0,R,80.0,R,38.0,Z,0.0,R,38.0,R,11.0,R,29.0,R,13
200314,2009,R,146.0,R,492.0,R,30.0,R,126.0,Z,0.0,R,126.0,R,60.0,R,48.0,R,11.0,Z,0.0,R,11.0,R,4.0,R,36.0,R,17
200332,2009,R,2436.0,R,3427.0,R,71.0,R,2655.0,R,1.0,R,2654.0,R,2080.0,R,78.0,R,30.0,R,0.0,R,30.0,R,16.0,R,53.0,R,19
200341,2009,R,147.0,R,498.0,R,30.0,R,142.0,R,0.0,R,142.0,R,78.0,R,55.0,R,13.0,R,3.0,R,10.0,R,2.0,R,20.0,R,17
200387,2009,A,,A,,A,,R,50.0,R,0.0,R,50.0,R,34.0,R,68.0,R,0.0,R,0.0,R,0.0,R,0.0,A,,R,13
200466,2009,R,41.0,R,73.0,R,56.0,R,34.0,R,0.0,R,34.0,R,22.0,R,65.0,R,2.0,R,0.0,R,2.0,R,2.0,R,100.0,R,10
200484,2009,R,68.0,R,96.0,R,71.0,R,62.0,Z,0.0,R,62.0,R,34.0,R,55.0,Z,0.0,Z,0.0,Z,0.0,Z,0.0,A,,R,13
200527,2009,R,178.0,R,211.0,R,84.0,R,46.0,R,0.0,R,46.0,R,26.0,R,57.0,R,1.0,Z,0.0,R,1.0,R,1.0,R,100.0,R,19
200554,2009,R,137.0,R,224.0,R,61.0,R,70.0,R,0.0,R,70.0,R,23.0,R,33.0,R,4.0,R,0.0,R,4.0,R,3.0,R,75.0,R,7
200572,2009,R,153.0,R,229.0,R,67.0,R,157.0,R,2.0,R,155.0,R,108.0,R,70.0,R,4.0,R,0.0,R,4.0,R,2.0,R,50.0,R,13
200590,2009,R,35.0,R,183.0,R,19.0,R,38.0,R,0.0,R,38.0,R,19.0,R,50.0,R,10.0,R,0.0,R,10.0,R,6.0,R,60.0,R,11
200624,2009,R,20.0,R,24.0,R,83.0,R,36.0,R,0.0,R,36.0,R,20.0,R,56.0,R,0.0,R,0.0,R,0.0,R,0.0,A,,R,4
200633,2009,R,85.0,R,151.0,R,56.0,R,22.0,R,0.0,R,22.0,R,16.0,R,73.0,R,11.0,R,0.0,R,11.0,R,8.0,R,73.0,R,12
200785,2009,R,169.0,R,242.0,R,70.0,R,239.0,R,0.0,R,239.0,R,105.0,R,44.0,R,158.0,R,0.0,R,158.0,R,54.0,R,34.0,R,18
200800,2009,R,4176.0,R,5917.0,R,71.0,R,3548.0,Z,0.0,R,3548.0,R,2457.0,R,69.0,R,160.0,Z,0.0,R,160.0,R,81.0,R,51.0,R,20
200828,2009,A,,A,,A,,R,52.0,Z,0.0,R,52.0,R,30.0,R,58.0,R,32.0,Z,0.0,R,32.0,R,16.0,R,50.0,R,10
200846,2009,R,358.0,R,730.0,R,49.0,R,309.0,Z,0.0,R,309.0,R,187.0,R,61.0,R,79.0,Z,0.0,R,79.0,R,41.0,R,52.0,R,21
200873,2009,R,18.0,R,23.0,R,78.0,R,11.0,R,0.0,R,11.0,R,11.0,R,100.0,R,3.0,R,0.0,R,3.0,R,3.0,R,100.0,R,10
201016,2009,R,25.0,R,85.0,R,29.0,R,22.0,R,0.0,R,22.0,R,13.0,R,59.0,R,17.0,R,0.0,R,17.0,R,6.0,R,35.0,R,10
201034,2009,A,,A,,A,,R,169.0,R,0.0,R,169.0,R,159.0,R,94.0,R,552.0,R,0.0,R,552.0,R,541.0,R,98.0,R,3
201061,2009,R,48.0,R,67.0,R,72.0,R,47.0,Z,0.0,R,47.0,R,35.0,R,74.0,Z,0.0,Z,0.0,Z,0.0,Z,0.0,A,,R,5
201098,2009,A,,A,,A,,R,63.0,R,2.0,R,61.0,R,61.0,R,100.0,R,0.0,Z,0.0,R,0.0,Z,0.0,A,,R,8
201104,2009,R,619.0,R,810.0,R,76.0,R,572.0,R,0.0,R,572.0,R,404.0,R,71.0,R,4.0,R,0.0,R,4.0,R,1.0,R,25.0,R,9
201131,2009,A,,A,,A,,R,82.0,Z,0.0,R,82.0,R,64.0,R,78.0,R,40.0,R,0.0,R,40.0,R,32.0,R,80.0,R,14
201140,2009,R,27.0,R,39.0,R,69.0,R,26.0,R,0.0,R,26.0,R,23.0,R,88.0,R,0.0,R,0.0,R,0.0,R,0.0,A,,R,8
201159,2009,A,,A,,A,,R,161.0,R,0.0,R,161.0,R,161.0,R,100.0,R,189.0,R,0.0,R,189.0,R,189.0,R,100.0,R,12
201177,2009,R,1.0,R,96.0,R,1.0,R,9.0,R,0.0,R,9.0,R,8.0,R,89.0,R,0.0,R,0.0,R,0.0,R,0.0,A,,R,1
201195,2009,R,754.0,R,996.0,R,76.0,R,738.0,R,0.0,R,738.0,R,624.0,R,85.0,R,0.0,R,0.0,R,0.0,R,0.0,A,,R,15
201283,2009,R,322.0,R,633.0,R,51.0,R,230.0,R,0.0,R,230.0,R,149.0,R,65.0,R,80.0,R,0.0,R,80.0,R,18.0,R,23.0,R,20
201371,2009,R,257.0,R,351.0,R,73.0,R,272.0,R,0.0,R,272.0,R,204.0,R,75.0,R,0.0,Z,0.0,R,0.0,Z,0.0,A,,R,13
201399,2009,R,80.0,R,84.0,R,95.0,R,125.0,R,0.0,R,125.0,R,73.0,R,58.0,R,12.0,R,0.0,R,12.0,R,3.0,R,25.0,R,14
201432,2009,R,400.0,R,948.0,R,42.0,R,345.0,R,4.0,R,341.0,R,172.0,R,50.0,R,74.0,R,2.0,R,72.0,R,32.0,R,44.0,R,24
201441,2009,R,3145.0,R,3893.0,R,81.0,R,3079.0,R,5.0,R,3074.0,R,2293.0,R,75.0,R,19.0,R,0.0,R,19.0,R,6.0,R,32.0,R,17
201469,2009,R,177.0,R,221.0,R,80.0,R,4.0,R,0.0,R,4.0,R,3.0,R,75.0,R,5.0,R,0.0,R,5.0,R,2.0,R,40.0,R,13
201478,2009,A,,A,,A,,R,151.0,R,0.0,R,151.0,R,143.0,R,95.0,R,11.0,R,0.0,R,11.0,R,10.0,R,91.0,R,7
201496,2009,A,,A,,A,,R,261.0,R,0.0,R,261.0,R,224.0,R,86.0,R,0.0,R,0.0,R,0.0,R,0.0,A,,R,22
201539,2009,A,,A,,A,,R,117.0,R,0.0,R,117.0,R,86.0,R,74.0,R,12.0,R,0.0,R,12.0,R,12.0,R,100.0,R,9
201548,2009,R,610.0,R,835.0,R,73.0,R,641.0,R,6.0,R,635.0,R,470.0,R,74.0,R,3.0,R,0.0,R,3.0,R,1.0,R,33.0,R,11
201584,2009,A,,A,,A,,R,52.0,Z,0.0,R,52.0,R,23.0,R,44.0,Z,0.0,Z,0.0,Z,0.0,Z,0.0,A,,R,3
201609,2009,A,,A,,A,,R,19.0,R,0.0,R,19.0,R,10.0,R,53.0,R,5.0,R,0.0,R,5.0,R,3.0,R,60.0,R,11
201618,2009,A,,A,,A,,R,15.0,R,0.0,R,15.0,R,11.0,R,73.0,R,0.0,R,0.0,R,0.0,R,0.0,A,,R,13
201627,2009,A,,A,,A,,R,30.0,R,0.0,R,30.0,R,15.0,R,50.0,R,12.0,R,0.0,R,12.0,R,5.0,R,42.0,R,14
201645,2009,R,966.0,R,1058.0,R,91.0,R,1026.0,R,0.0,R,1026.0,R,938.0,R,91.0,R,0.0,Z,0.0,R,0.0,Z,0.0,A,,R,9
201654,2009,R,723.0,R,906.0,R,80.0,R,773.0,R,0.0,R,773.0,R,635.0,R,82.0,R,1.0,R,0.0,R,1.0,R,0.0,R,0.0,R,14
201672,2009,R,641.0,R,1443.0,R,44.0,R,515.0,R,0.0,R,515.0,R,285.0,R,55.0,R,159.0,R,0.0,R,159.0,R,74.0,R,47.0,R,22
201681,2009,A,,A,,A,,R,49.0,R,0.0,R,49.0,R,43.0,R,88.0,R,0.0,R,0.0,R,0.0,R,0.0,A,,R,8
201690,2009,R,703.0,R,854.0,R,82.0,R,646.0,Z,0.0,R,646.0,R,371.0,R,57.0,R,8.0,Z,0.0,R,8.0,R,3.0,R,38.0,R,16
201751,2009,R,26.0,R,98.0,R,27.0,R,27.0,R,0.0,R,27.0,R,9.0,R,33.0,R,14.0,R,0.0,R,14.0,R,7.0,R,50.0,R,5
201803,2009,A,,A,,A,,R,105.0,R,0.0,R,105.0,R,22.0,R,21.0,R,60.0,R,0.0,R,60.0,R,57.0,R,95.0,R,7
201821,2009,R,13.0,R,138.0,R,9.0,R,14.0,R,0.0,R,14.0,R,12.0,R,86.0,R,6.0,R,0.0,R,6.0,R,6.0,R,100.0,R,7
201858,2009,R,135.0,R,252.0,R,54.0,R,115.0,Z,0.0,R,115.0,R,69.0,R,60.0,R,9.0,R,0.0,R,9.0,R,4.0,R,44.0,R,19
201867,2009,R,10.0,R,73.0,R,14.0,R,27.0,Z,0.0,R,27.0,R,27.0,R,100.0,R,0.0,Z,0.0,R,0.0,R,0.0,A,,R,27
201885,2009,R,4240.0,R,5595.0,R,76.0,R,3144.0,R,0.0,R,3144.0,R,2659.0,R,85.0,R,22.0,R,0.0,R,22.0,R,6.0,R,27.0,R,16
201928,2009,R,1408.0,R,3050.0,R,46.0,R,1177.0,R,0.0,R,1177.0,R,608.0,R,52.0,R,376.0,R,0.0,R,376.0,R,167.0,R,44.0,R,18
201946,2009,R,773.0,R,1442.0,R,54.0,R,0.0,R,0.0,R,0.0,R,0.0,A,,R,0.0,R,0.0,R,0.0,R,0.0,A,,R,18
201955,2009,R,807.0,R,1491.0,R,54.0,R,0.0,R,0.0,R,0.0,R,0.0,A,,R,0.0,R,0.0,R,0.0,R,0.0,A,,R,16
201964,2009,R,211.0,R,436.0,R,48.0,R,157.0,R,3.0,R,154.0,R,90.0,R,58.0,R,8.0,R,0.0,R,8.0,R,4.0,R,50.0,R,13
201973,2009,R,542.0,R,1199.0,R,45.0,R,303.0,Z,0.0,R,303.0,R,203.0,R,67.0,R,186.0,Z,0.0,R,186.0,R,63.0,R,34.0,R,18
201982,2009,A,,A,,A,,R,7.0,R,0.0,R,7.0,R,6.0,R,86.0,Z,0.0,Z,0.0,Z,0.0,Z,0.0,A,,R,17
202046,2009,R,110.0,R,154.0,R,71.0,R,103.0,R,0.0,R,103.0,R,83.0,R,81.0,R,0.0,R,0.0,R,0.0,R,0.0,A,,R,11
202055,2009,A,,A,,A,,R,63.0,R,0.0,R,63.0,R,52.0,R,83.0,R,0.0,R,0.0,R,0.0,R,0.0,A,,R,9
202064,2009,A,,A,,A,,Z,0.0,Z,0.0,Z,0.0,Z,0.0,A,,R,193.0,Z,0.0,R,193.0,R,134.0,R,69.0,R,152
202073,2009,R,85.0,R,92.0,R,92.0,R,42.0,R,0.0,R,42.0,R,38.0,R,90.0,R,0.0,R,0.0,R,0.0,R,0.0,A,,R,7
202134,2009,R,1141.0,R,3087.0,R,37.0,R,1007.0,R,0.0,R,1007.0,R,665.0,R,66.0,R,31.0,R,0.0,R,31.0,R,21.0,R,68.0,R,16
202152,2009,A,,A,,A,,R,127.0,Z,0.0,R,127.0,R,104.0,R,82.0,R,124.0,Z,0.0,R,124.0,R,99.0,R,80.0,R,16
202161,2009,R,188.0,R,297.0,R,63.0,R,203.0,R,0.0,R,203.0,R,147.0,R,72.0,R,0.0,R,0.0,R,0.0,R,0.0,A,,R,22
202170,2009,R,287.0,R,454.0,R,63.0,R,299.0,R,0.0,R,299.0,R,223.0,R,75.0,R,2.0,R,0.0,R,2.0,R,1.0,R,50.0,R,12
202189,2009,A,,A,,A,,R,168.0,R,0.0,R,168.0,R,84.0,R,50.0,R,0.0,R,0.0,R,0.0,R,0.0,A,,R,21
202204,2009,A,,A,,A,,A,,A,,A,,A,,A,,A,,A,,A,,A,,A,,R,18
202222,2009,R,2065.0,R,7018.0,R,29.0,R,1686.0,Z,0.0,R,1686.0,R,924.0,R,55.0,R,941.0,Z,0.0,R,941.0,R,344.0,R,37.0,R,20
202268,2009,A,,A,,A,,R,11.0,R,0.0,R,11.0,R,7.0,R,64.0,R,2.0,R,0.0,R,2.0,R,1.0,R,50.0,R,14
202356,2009,R,2124.0,R,7761.0,R,27.0,R,1840.0,R,0.0,R,1840.0,R,976.0,R,53.0,R,1027.0,R,0.0,R,1027.0,R,409.0,R,40.0,R,23
202435,2009,R,28.0,R,186.0,R,15.0,R,29.0,R,0.0,R,29.0,R,14.0,R,48.0,R,23.0,R,0.0,R,23.0,R,11.0,R,48.0,R,15
202453,2009,A,,A,,A,,R,59.0,R,0.0,R,59.0,R,40.0,R,68.0,R,0.0,R,0.0,R,0.0,R,0.0,A,,R,24
202480,2009,R,1693.0,R,1994.0,R,85.0,R,1985.0,Z,0.0,R,1985.0,R,1723.0,R,87.0,R,2.0,Z,0.0,R,2.0,R,2.0,R,100.0,R,15
202514,2009,R,215.0,R,333.0,R,65.0,R,218.0,R,0.0,R,218.0,R,141.0,R,65.0,R,3.0,R,0.0,R,3.0,R,2.0,R,67.0,R,14
202523,2009,R,649.0,R,694.0,R,94.0,R,605.0,R,0.0,R,605.0,R,543.0,R,90.0,R,0.0,R,0.0,R,0.0,R,0.0,A,,R,10
202541,2009,R,404.0,R,1335.0,R,30.0,R,245.0,R,0.0,R,245.0,R,125.0,R,51.0,R,107.0,R,0.0,R,107.0,R,43.0,R,40.0,R,25
202611,2009,R,17.0,R,104.0,R,16.0,R,7.0,R,0.0,R,7.0,R,3.0,R,43.0,R,8.0,R,0.0,R,8.0,R,2.0,R,25.0,R,8
202639,2009,A,,A,,A,,R,10.0,R,0.0,R,10.0,R,10.0,R,100.0,R,9.0,R,0.0,R,9.0,R,2.0,R,22.0,R,11
202648,2009,R,501.0,R,1295.0,R,39.0,R,362.0,R,1.0,R,361.0,R,198.0,R,55.0,R,227.0,R,0.0,R,227.0,R,71.0,R,31.0,R,20
202657,2009,A,,A,,A,,R,134.0,R,0.0,R,134.0,R,92.0,R,69.0,R,0.0,Z,0.0,R,0.0,Z,0.0,A,,R,13
202684,2009,R,263.0,R,325.0,R,81.0,R,0.0,Z,0.0,R,0.0,R,0.0,A,,R,12.0,Z,0.0,R,12.0,R,5.0,R,42.0,R,25
202736,2009,A,,A,,A,,R,18.0,R,0.0,R,18.0,R,6.0,R,33.0,R,4.0,R,0.0,R,4.0,R,2.0,R,50.0,R,16
202763,2009,R,626.0,R,894.0,R,70.0,R,617.0,R,0.0,R,617.0,R,455.0,R,74.0,R,4.0,R,0.0,R,4.0,R,2.0,R,50.0,R,16
202806,2009,R,193.0,R,1739.0,R,11.0,R,138.0,R,1.0,R,137.0,R,59.0,R,43.0,R,324.0,R,0.0,R,324.0,R,124.0,R,38.0,R,12
202888,2009,A,,A,,A,,R,79.0,R,0.0,R,79.0,R,59.0,R,75.0,R,34.0,R,0.0,R,34.0,R,24.0,R,71.0,R,14
202903,2009,R,74.0,R,115.0,R,64.0,R,55.0,R,0.0,R,55.0,R,38.0,R,69.0,R,1.0,R,0.0,R,1.0,R,1.0,R,100.0,R,12
202912,2009,R,9.0,R,74.0,R,12.0,R,7.0,R,0.0,R,7.0,R,6.0,R,86.0,R,7.0,R,0.0,R,7.0,R,4.0,R,57.0,R,7
202949,2009,A,,A,,A,,R,142.0,R,0.0,R,142.0,R,113.0,R,80.0,R,16.0,R,0.0,R,16.0,R,13.0,R,81.0,R,17
202985,2009,A,,A,,A,,R,36.0,Z,0.0,R,36.0,R,13.0,R,36.0,R,5.0,Z,0.0,R,5.0,R,2.0,R,40.0,R,6
203030,2009,A,,A,,A,,R,75.0,Z,0.0,R,75.0,R,56.0,R,75.0,R,7.0,Z,0.0,R,7.0,R,5.0,R,71.0,R,8
203085,2009,R,376.0,R,429.0,R,88.0,R,402.0,R,0.0,R,402.0,R,264.0,R,66.0,R,0.0,R,0.0,R,0.0,R,0.0,A,,R,16
203128,2009,R,296.0,R,391.0,R,76.0,R,331.0,Z,0.0,R,331.0,R,257.0,R,78.0,R,8.0,Z,0.0,R,8.0,R,5.0,R,63.0,R,12
203146,2009,A,,A,,A,,R,137.0,R,1.0,R,136.0,R,123.0,R,90.0,Z,0.0,Z,0.0,Z,0.0,Z,0.0,A,,R,11
203155,2009,R,1713.0,R,3007.0,R,57.0,R,1612.0,R,0.0,R,1612.0,R,857.0,R,53.0,R,147.0,R,0.0,R,147.0,R,58.0,R,39.0,R,18
203164,2009,A,,A,,A,,R,35.0,R,0.0,R,35.0,R,25.0,R,71.0,R,122.0,R,0.0,R,122.0,R,85.0,R,70.0,R,6
203225,2009,A,,A,,A,,R,161.0,R,0.0,R,161.0,R,111.0,R,69.0,R,0.0,R,0.0,R,0.0,R,0.0,A,,R,25
203234,2009,A,,A,,A,,A,,A,,A,,A,,A,,A,,A,,A,,A,,A,,R,16
203289,2009,R,23.0,R,32.0,R,72.0,R,35.0,R,0.0,R,35.0,R,27.0,R,77.0,R,0.0,R,0.0,R,0.0,R,0.0,A,,R,14
203313,2009,R,89.0,R,114.0,R,78.0,R,86.0,R,2.0,R,84.0,R,45.0,R,54.0,R,6.0,R,0.0,R,6.0,R,0.0,R,0.0,R,24
203331,2009,R,338.0,R,799.0,R,42.0,R,278.0,R,1.0,R,277.0,R,155.0,R,56.0,R,89.0,R,0.0,R,89.0,R,39.0,R,44.0,R,17
203368,2009,R,661.0,R,808.0,R,82.0,R,792.0,R,0.0,R,792.0,R,660.0,R,83.0,R,0.0,R,0.0,R,0.0,R,0.0,A,,R,13
203386,2009,R,59.0,R,314.0,R,19.0,R,70.0,R,0.0,R,70.0,R,58.0,R,83.0,R,60.0,R,0.0,R,60.0,R,47.0,R,78.0,R,9
203438,2009,A,,A,,A,,R,1.0,Z,0.0,R,1.0,R,1.0,R,100.0,Z,0.0,Z,0.0,Z,0.0,Z,0.0,A,,R,12
203447,2009,R,289.0,R,601.0,R,48.0,R,205.0,R,0.0,R,205.0,R,134.0,R,65.0,R,109.0,R,0.0,R,109.0,R,46.0,R,42.0,R,22
203456,2009,R,134.0,R,243.0,R,55.0,R,95.0,R,0.0,R,95.0,R,55.0,R,58.0,R,25.0,R,0.0,R,25.0,R,10.0,R,40.0,R,22
203465,2009,R,663.0,R,1135.0,R,58.0,R,610.0,R,0.0,R,610.0,R,381.0,R,62.0,R,85.0,R,0.0,R,85.0,R,45.0,R,53.0,R,25
203474,2009,R,352.0,R,617.0,R,57.0,R,248.0,R,0.0,R,248.0,R,166.0,R,67.0,R,58.0,R,0.0,R,58.0,R,25.0,R,43.0,R,25
203483,2009,R,384.0,R,596.0,R,64.0,R,289.0,R,0.0,R,289.0,R,196.0,R,68.0,R,64.0,R,0.0,R,64.0,R,35.0,R,55.0,R,24
203492,2009,R,265.0,R,419.0,R,63.0,R,167.0,R,0.0,R,167.0,R,108.0,R,65.0,R,23.0,R,0.0,R,23.0,R,10.0,R,43.0,R,21
203517,2009,R,4029.0,R,5286.0,R,76.0,R,3709.0,R,0.0,R,3709.0,R,2885.0,R,78.0,R,55.0,R,0.0,R,55.0,R,30.0,R,55.0,R,20
203526,2009,R,170.0,R,392.0,R,43.0,R,126.0,R,0.0,R,126.0,R,85.0,R,67.0,R,30.0,R,0.0,R,30.0,R,19.0,R,63.0,R,29
203535,2009,R,469.0,R,473.0,R,99.0,R,455.0,R,0.0,R,455.0,R,416.0,R,91.0,R,0.0,R,0.0,R,0.0,R,0.0,A,,R,10
203544,2009,R,76.0,R,236.0,R,32.0,R,12.0,R,0.0,R,12.0,R,9.0,R,75.0,R,2.0,R,0.0,R,2.0,R,1.0,R,50.0,R,11
203580,2009,R,264.0,R,377.0,R,70.0,R,250.0,R,0.0,R,250.0,R,163.0,R,65.0,R,1.0,R,0.0,R,1.0,R,0.0,R,0.0,R,15
203599,2009,R,1029.0,R,3054.0,R,34.0,R,961.0,Z,0.0,R,961.0,R,481.0,R,50.0,R,506.0,Z,0.0,R,506.0,R,175.0,R,35.0,R,20
203614,2009,A,,A,,A,,R,371.0,R,0.0,R,371.0,R,308.0,R,83.0,R,47.0,R,0.0,R,47.0,R,47.0,R,100.0,R,12
203678,2009,R,762.0,R,1186.0,R,64.0,R,625.0,R,0.0,R,625.0,R,405.0,R,65.0,R,96.0,R,0.0,R,96.0,R,43.0,R,45.0,R,23
203720,2009,R,112.0,R,214.0,R,52.0,R,51.0,R,0.0,R,51.0,R,41.0,R,80.0,R,6.0,R,0.0,R,6.0,R,6.0,R,100.0,R,13
203739,2009,R,53.0,R,139.0,R,38.0,R,48.0,R,0.0,R,48.0,R,36.0,R,75.0,R,2.0,R,0.0,R,2.0,R,1.0,R,50.0,R,13
203748,2009,R,1588.0,R,5691.0,R,28.0,R,950.0,R,0.0,R,950.0,R,556.0,R,59.0,R,333.0,R,0.0,R,333.0,R,122.0,R,37.0,R,24
203757,2009,R,99.0,R,469.0,R,21.0,R,112.0,R,0.0,R,112.0,R,62.0,R,55.0,R,29.0,R,0.0,R,29.0,R,10.0,R,34.0,R,11
203775,2009,R,477.0,R,757.0,R,63.0,R,389.0,R,0.0,R,389.0,R,273.0,R,70.0,R,2.0,R,0.0,R,2.0,R,2.0,R,100.0,R,15
203818,2009,R,69.0,R,87.0,R,79.0,R,53.0,R,1.0,R,52.0,R,41.0,R,79.0,R,1.0,R,0.0,R,1.0,R,1.0,R,100.0,R,15
203845,2009,R,385.0,R,447.0,R,86.0,R,385.0,R,0.0,R,385.0,R,299.0,R,78.0,Z,0.0,Z,0.0,Z,0.0,Z,0.0,A,,R,13
203881,2009,R,391.0,R,1822.0,R,21.0,R,227.0,R,0.0,R,227.0,R,137.0,R,60.0,R,110.0,R,0.0,R,110.0,R,55.0,R,50.0,R,26
203942,2009,A,,A,,A,,R,73.0,Z,0.0,R,73.0,R,58.0,R,79.0,R,80.0,Z,0.0,R,80.0,R,76.0,R,95.0,R,15
203960,2009,R,48.0,R,364.0,R,13.0,R,32.0,Z,0.0,R,32.0,R,25.0,R,78.0,R,4.0,R,0.0,R,4.0,R,2.0,R,50.0,R,12
204006,2009,R,787.0,R,1180.0,R,67.0,R,585.0,R,1.0,R,584.0,R,365.0,R,63.0,R,64.0,R,0.0,R,64.0,R,27.0,R,42.0,R,20
204015,2009,R,451.0,R,757.0,R,60.0,R,278.0,R,0.0,R,278.0,R,171.0,R,62.0,R,45.0,R,0.0,R,45.0,R,20.0,R,44.0,R,16
204024,2009,R,3235.0,R,3584.0,R,90.0,R,3606.0,R,1.0,R,3605.0,R,3211.0,R,89.0,R,3.0,R,0.0,R,3.0,R,1.0,R,33.0,R,17
204060,2009,R,130.0,R,148.0,R,88.0,R,27.0,R,0.0,R,27.0,R,27.0,R,100.0,R,0.0,R,0.0,R,0.0,R,0.0,A,,R,13
204121,2009,A,,A,,A,,R,21.0,R,2.0,R,19.0,R,16.0,R,84.0,R,19.0,R,1.0,R,18.0,R,14.0,R,78.0,R,15
204158,2009,A,,A,,A,,R,193.0,R,0.0,R,193.0,R,180.0,R,93.0,Z,0.0,Z,0.0,Z,0.0,Z,0.0,A,,R,4
204167,2009,A,,A,,A,,R,18.0,R,0.0,R,18.0,R,18.0,R,100.0,R,0.0,R,0.0,R,0.0,R,0.0,A,,R,18
204176,2009,R,103.0,R,208.0,R,50.0,R,77.0,R,0.0,R,77.0,R,61.0,R,79.0,R,0.0,R,0.0,R,0.0,R,0.0,A,,R,16
204185,2009,R,578.0,R,634.0,R,91.0,R,663.0,R,0.0,R,663.0,R,514.0,R,78.0,R,0.0,R,0.0,R,0.0,R,0.0,A,,R,14
204194,2009,R,302.0,R,598.0,R,51.0,R,368.0,R,0.0,R,368.0,R,270.0,R,73.0,R,0.0,R,0.0,R,0.0,R,0.0,A,,R,14
204200,2009,R,357.0,R,593.0,R,60.0,R,300.0,R,0.0,R,300.0,R,215.0,R,72.0,R,8.0,R,0.0,R,8.0,R,3.0,R,38.0,R,12
204255,2009,R,553.0,R,917.0,R,60.0,R,477.0,R,0.0,R,477.0,R,271.0,R,57.0,R,84.0,R,0.0,R,84.0,R,29.0,R,35.0,R,19
204264,2009,R,473.0,R,607.0,R,78.0,R,482.0,R,0.0,R,482.0,R,359.0,R,74.0,R,0.0,Z,0.0,R,0.0,R,0.0,A,,R,14
204307,2009,R,215.0,R,237.0,R,91.0,R,137.0,R,0.0,R,137.0,R,98.0,R,72.0,R,0.0,R,0.0,R,0.0,R,0.0,A,,R,13
204316,2009,R,231.0,R,231.0,R,100.0,R,388.0,Z,0.0,R,388.0,R,157.0,R,40.0,Z,0.0,Z,0.0,Z,0.0,Z,0.0,A,,R,14
204334,2009,A,,A,,A,,R,61.0,R,0.0,R,61.0,R,49.0,R,80.0,R,0.0,R,0.0,R,0.0,R,0.0,A,,R,17
204422,2009,R,454.0,R,1284.0,R,35.0,R,386.0,R,0.0,R,386.0,R,191.0,R,49.0,R,470.0,Z,0.0,R,470.0,R,172.0,R,37.0,R,17
204431,2009,A,,A,,A,,R,27.0,R,0.0,R,27.0,R,21.0,R,78.0,R,0.0,R,0.0,R,0.0,R,0.0,A,,R,15
204440,2009,R,363.0,R,806.0,R,45.0,R,285.0,R,0.0,R,285.0,R,172.0,R,60.0,R,316.0,R,0.0,R,316.0,R,175.0,R,55.0,R,19
204459,2009,A,,A,,A,,R,135.0,R,0.0,R,135.0,R,34.0,R,25.0,R,42.0,R,0.0,R,42.0,R,27.0,R,64.0,R,15
204468,2009,R,338.0,R,536.0,R,63.0,R,219.0,Z,0.0,R,219.0,R,147.0,R,67.0,R,14.0,Z,0.0,R,14.0,R,4.0,R,29.0,R,16
204486,2009,R,1332.0,R,1921.0,R,69.0,R,82.0,R,0.0,R,82.0,R,56.0,R,68.0,R,7.0,R,0.0,R,7.0,R,1.0,R,14.0,R,32
204501,2009,R,795.0,R,855.0,R,93.0,R,755.0,Z,0.0,R,755.0,R,701.0,R,93.0,R,11.0,Z,0.0,R,11.0,R,9.0,R,82.0,R,9
204592,2009,R,26.0,R,43.0,R,60.0,R,34.0,R,0.0,R,34.0,R,21.0,R,62.0,R,15.0,R,0.0,R,15.0,R,11.0,R,73.0,R,13
204608,2009,A,,A,,A,,R,663.0,R,0.0,R,663.0,R,353.0,R,53.0,R,0.0,R,0.0,R,0.0,R,0.0,A,,R,22
204617,2009,R,274.0,R,421.0,R,65.0,R,358.0,R,0.0,R,358.0,R,219.0,R,61.0,R,8.0,R,0.0,R,8.0,R,3.0,R,38.0,R,13
204626,2009,A,,A,,A,,R,94.0,R,1.0,R,93.0,R,61.0,R,66.0,R,152.0,R,0.0,R,152.0,R,59.0,R,39.0,R,17
204635,2009,R,641.0,R,750.0,R,85.0,R,742.0,R,0.0,R,742.0,R,612.0,R,82.0,R,0.0,R,0.0,R,0.0,R,0.0,A,,R,12
204662,2009,R,286.0,R,330.0,R,87.0,R,319.0,Z,0.0,R,319.0,R,204.0,R,64.0,R,3.0,Z,0.0,R,3.0,R,1.0,R,33.0,R,16
204671,2009,R,463.0,R,619.0,R,75.0,R,490.0,Z,0.0,R,490.0,R,323.0,R,66.0,R,12.0,Z,0.0,R,12.0,R,7.0,R,58.0,R,23
204680,2009,R,480.0,R,711.0,R,68.0,R,490.0,Z,0.0,R,490.0,R,340.0,R,69.0,R,16.0,Z,0.0,R,16.0,R,11.0,R,69.0,R,21
204699,2009,R,580.0,R,750.0,R,77.0,R,529.0,Z,0.0,R,529.0,R,398.0,R,75.0,R,24.0,Z,0.0,R,24.0,R,13.0,R,54.0,R,25
204705,2009,R,1073.0,R,1263.0,R,85.0,R,1067.0,R,1.0,R,1066.0,R,681.0,R,64.0,R,24.0,Z,0.0,R,24.0,R,8.0,R,33.0,R,27
204714,2009,A,,A,,A,,R,48.0,R,0.0,R,48.0,R,31.0,R,65.0,Z,0.0,Z,0.0,Z,0.0,Z,0.0,A,,R,14
204723,2009,A,,A,,A,,A,,A,,A,,A,,A,,A,,A,,A,,A,,A,,R,17
204741,2009,A,,A,,A,,R,29.0,Z,0.0,R,29.0,R,23.0,R,79.0,R,0.0,R,0.0,R,0.0,R,0.0,A,,R,14
204769,2009,A,,A,,A,,R,59.0,R,0.0,R,59.0,R,53.0,R,90.0,R,0.0,R,0.0,R,0.0,R,0.0,A,,R,15
204778,2009,A,,A,,A,,R,16.0,R,0.0,R,16.0,R,13.0,R,81.0,R,0.0,R,0.0,R,0.0,R,0.0,A,,R,15
204796,2009,R,6727.0,R,9317.0,R,72.0,R,6153.0,Z,0.0,R,6153.0,R,5691.0,R,92.0,R,20.0,Z,0.0,R,20.0,R,16.0,R,80.0,R,15
204802,2009,R,164.0,R,316.0,R,52.0,R,123.0,R,0.0,R,123.0,R,79.0,R,64.0,R,2.0,R,0.0,R,2.0,R,0.0,R,0.0,R,22
204820,2009,R,384.0,R,563.0,R,68.0,R,194.0,R,0.0,R,194.0,R,105.0,R,54.0,R,12.0,R,0.0,R,12.0,R,5.0,R,42.0,R,25
204839,2009,R,320.0,R,566.0,R,57.0,R,144.0,R,0.0,R,144.0,R,70.0,R,49.0,R,13.0,R,0.0,R,13.0,R,6.0,R,46.0,R,25
204848,2009,R,462.0,R,756.0,R,61.0,R,311.0,R,0.0,R,311.0,R,195.0,R,63.0,R,19.0,R,0.0,R,19.0,R,5.0,R,26.0,R,25
204857,2009,R,4056.0,R,5001.0,R,81.0,R,3974.0,Z,0.0,R,3974.0,R,3240.0,R,82.0,R,5.0,Z,0.0,R,5.0,R,2.0,R,40.0,R,19
204866,2009,R,331.0,R,529.0,R,63.0,R,162.0,R,0.0,R,162.0,R,100.0,R,62.0,R,5.0,R,0.0,R,5.0,R,0.0,R,0.0,R,22
204884,2009,R,62.0,R,84.0,R,74.0,R,42.0,R,0.0,R,42.0,R,25.0,R,60.0,R,0.0,R,0.0,R,0.0,R,0.0,A,,R,22
204893,2009,A,,A,,A,,A,,A,,A,,A,,A,,A,,A,,A,,A,,A,,R,13
204909,2009,R,498.0,R,520.0,R,96.0,R,569.0,Z,0.0,R,569.0,R,461.0,R,81.0,R,0.0,Z,0.0,R,0.0,Z,0.0,A,,R,11
204936,2009,R,635.0,R,835.0,R,76.0,R,659.0,R,0.0,R,659.0,R,500.0,R,76.0,R,2.0,R,0.0,R,2.0,R,1.0,R,50.0,R,12
204945,2009,R,2584.0,R,7210.0,R,36.0,R,1914.0,R,0.0,R,1914.0,R,1002.0,R,52.0,R,2306.0,R,0.0,R,2306.0,R,1047.0,R,45.0,R,20
204963,2009,A,,A,,A,,R,41.0,R,0.0,R,41.0,R,33.0,R,80.0,R,50.0,R,0.0,R,50.0,R,32.0,R,64.0,R,31
204981,2009,A,,A,,A,,R,47.0,R,0.0,R,47.0,R,34.0,R,72.0,R,13.0,R,0.0,R,13.0,R,12.0,R,92.0,R,8
205027,2009,R,6.0,R,18.0,R,33.0,R,11.0,R,0.0,R,11.0,R,3.0,R,27.0,R,0.0,R,0.0,R,0.0,R,0.0,A,,R,5
205054,2009,R,24.0,R,140.0,R,17.0,R,33.0,R,0.0,R,33.0,R,22.0,R,67.0,Z,0.0,Z,0.0,Z,0.0,Z,0.0,A,,R,13
205090,2009,A,,A,,A,,A,,A,,A,,A,,A,,A,,A,,A,,A,,A,,R,6
205124,2009,R,10.0,R,33.0,R,30.0,R,12.0,R,0.0,R,12.0,R,3.0,R,25.0,Z,0.0,Z,0.0,Z,0.0,Z,0.0,A,,R,7
205142,2009,A,,A,,A,,R,13.0,R,0.0,R,13.0,R,11.0,R,85.0,R,31.0,R,0.0,R,31.0,R,25.0,R,81.0,R,8
205179,2009,R,1058.0,R,1750.0,R,60.0,R,1109.0,R,0.0,R,1109.0,R,710.0,R,64.0,R,0.0,R,0.0,R,0.0,R,0.0,A,,R,13
205203,2009,R,324.0,R,648.0,R,50.0,R,341.0,R,0.0,R,341.0,R,197.0,R,58.0,R,18.0,R,0.0,R,18.0,R,6.0,R,33.0,R,16
205391,2009,R,50.0,R,64.0,R,78.0,R,84.0,R,0.0,R,84.0,R,55.0,R,65.0,R,0.0,R,0.0,R,0.0,R,0.0,A,,R,13
205443,2009,R,1093.0,R,1344.0,R,81.0,R,471.0,R,0.0,R,471.0,R,277.0,R,59.0,R,8.0,R,0.0,R,8.0,R,1.0,R,13.0,R,19
205470,2009,R,1511.0,R,4366.0,R,35.0,R,1322.0,R,0.0,R,1322.0,R,746.0,R,56.0,R,516.0,R,0.0,R,516.0,R,225.0,R,44.0,R,20
205513,2009,R,40.0,R,44.0,R,91.0,R,42.0,R,0.0,R,42.0,R,23.0,R,55.0,R,1.0,R,0.0,R,1.0,R,1.0,R,100.0,R,14
205522,2009,R,46.0,R,88.0,R,52.0,R,24.0,R,0.0,R,24.0,R,15.0,R,63.0,R,11.0,R,0.0,R,11.0,R,2.0,R,18.0,R,35
205531,2009,R,21.0,R,51.0,R,41.0,R,11.0,R,0.0,R,11.0,R,8.0,R,73.0,R,15.0,R,0.0,R,15.0,R,7.0,R,47.0,R,24
205559,2009,R,14.0,R,31.0,R,45.0,R,21.0,R,0.0,R,21.0,R,6.0,R,29.0,R,7.0,R,0.0,R,7.0,R,0.0,R,0.0,R,11
205568,2009,R,35.0,R,103.0,R,34.0,R,20.0,R,0.0,R,20.0,R,13.0,R,65.0,R,28.0,R,0.0,R,28.0,R,2.0,R,7.0,R,16
205610,2009,R,298.0,R,298.0,R,100.0,R,530.0,R,0.0,R,530.0,R,214.0,R,40.0,R,0.0,R,0.0,R,0.0,R,0.0,A,,R,19
205647,2009,R,172.0,R,172.0,R,100.0,R,378.0,R,0.0,R,378.0,R,189.0,R,50.0,R,0.0,R,0.0,R,0.0,R,0.0,A,,R,14
205692,2009,R,69.0,R,72.0,R,96.0,R,65.0,Z,0.0,R,65.0,R,29.0,R,45.0,Z,0.0,Z,0.0,Z,0.0,Z,0.0,A,,R,19
205708,2009,R,224.0,R,247.0,R,91.0,R,194.0,Z,0.0,R,194.0,R,79.0,R,41.0,R,11.0,Z,0.0,R,11.0,R,5.0,R,45.0,R,24
205717,2009,R,200.0,R,207.0,R,97.0,R,154.0,Z,0.0,R,154.0,R,50.0,R,32.0,R,1.0,Z,0.0,R,1.0,R,1.0,R,100.0,R,32
205726,2009,R,194.0,R,195.0,R,99.0,R,182.0,Z,0.0,R,182.0,R,57.0,R,31.0,R,12.0,Z,0.0,R,12.0,R,2.0,R,17.0,R,31
205841,2009,R,1524.0,R,3785.0,R,40.0,R,801.0,R,0.0,R,801.0,R,574.0,R,72.0,R,767.0,R,0.0,R,767.0,R,459.0,R,60.0,R,24
205887,2009,R,100.0,R,385.0,R,26.0,R,117.0,R,0.0,R,117.0,R,47.0,R,40.0,R,34.0,R,0.0,R,34.0,R,21.0,R,62.0,R,10
205957,2009,R,445.0,R,621.0,R,72.0,R,388.0,R,0.0,R,388.0,R,324.0,R,84.0,R,1.0,R,0.0,R,1.0,R,0.0,R,0.0,R,15
205966,2009,R,583.0,R,1049.0,R,56.0,R,274.0,R,0.0,R,274.0,R,206.0,R,75.0,R,385.0,R,0.0,R,385.0,R,108.0,R,28.0,R,26
206002,2009,R,17.0,R,26.0,R,65.0,R,8.0,R,0.0,R,8.0,R,5.0,R,63.0,R,1.0,R,0.0,R,1.0,R,1.0,R,100.0,R,2
206011,2009,R,410.0,R,1099.0,R,37.0,R,249.0,R,1.0,R,248.0,R,136.0,R,55.0,R,233.0,Z,0.0,R,233.0,R,132.0,R,57.0,R,21
206039,2009,A,,A,,A,,R,43.0,R,0.0,R,43.0,R,38.0,R,88.0,Z,0.0,Z,0.0,Z,0.0,Z,0.0,A,,R,13
206048,2009,R,502.0,R,1023.0,R,49.0,R,355.0,R,0.0,R,355.0,R,221.0,R,62.0,R,3.0,R,0.0,R,3.0,R,1.0,R,33.0,R,18
206084,2009,R,4181.0,R,5722.0,R,73.0,R,3773.0,R,0.0,R,3773.0,R,2566.0,R,68.0,R,212.0,R,0.0,R,212.0,R,63.0,R,30.0,R,19
206093,2009,A,,A,,A,,R,159.0,R,0.0,R,159.0,R,68.0,R,43.0,R,10.0,R,0.0,R,10.0,R,3.0,R,30.0,R,26
206154,2009,R,5.0,R,27.0,R,19.0,R,2.0,R,0.0,R,2.0,R,2.0,R,100.0,R,2.0,R,0.0,R,2.0,R,2.0,R,100.0,R,6
206172,2009,A,,A,,A,,R,34.0,R,0.0,R,34.0,R,29.0,R,85.0,R,0.0,R,0.0,R,0.0,R,0.0,A,,R,14
206181,2009,A,,A,,A,,R,125.0,R,0.0,R,125.0,R,99.0,R,79.0,R,95.0,R,0.0,R,95.0,R,92.0,R,97.0,R,8
206224,2009,R,61.0,R,100.0,R,61.0,R,75.0,R,0.0,R,75.0,R,35.0,R,47.0,R,15.0,R,0.0,R,15.0,R,6.0,R,40.0,R,10
206279,2009,R,19.0,R,316.0,R,6.0,R,14.0,R,0.0,R,14.0,R,9.0,R,64.0,R,6.0,R,0.0,R,6.0,R,2.0,R,33.0,R,12
206321,2009,A,,A,,A,,R,46.0,R,1.0,R,45.0,R,45.0,R,100.0,R,0.0,R,0.0,R,0.0,R,0.0,A,,R,12
206330,2009,R,217.0,R,617.0,R,35.0,R,252.0,R,0.0,R,252.0,R,111.0,R,44.0,R,58.0,R,0.0,R,58.0,R,31.0,R,53.0,R,18
206349,2009,R,95.0,R,303.0,R,31.0,R,110.0,R,0.0,R,110.0,R,75.0,R,68.0,R,3.0,R,0.0,R,3.0,R,1.0,R,33.0,R,9
206358,2009,A,,A,,A,,R,8.0,R,0.0,R,8.0,R,7.0,R,88.0,Z,0.0,Z,0.0,Z,0.0,Z,0.0,A,,R,17
206394,2009,R,56.0,R,97.0,R,58.0,R,57.0,R,0.0,R,57.0,R,40.0,R,70.0,R,0.0,R,0.0,R,0.0,R,0.0,A,,R,10
206419,2009,A,,A,,A,,R,21.0,R,0.0,R,21.0,R,21.0,R,100.0,R,1.0,R,0.0,R,1.0,R,1.0,R,100.0,R,20
206428,2009,A,,A,,A,,R,35.0,R,0.0,R,35.0,R,24.0,R,69.0,R,0.0,R,0.0,R,0.0,R,0.0,A,,R,8
206437,2009,R,489.0,R,619.0,R,79.0,R,516.0,Z,0.0,R,516.0,R,366.0,R,71.0,R,0.0,Z,0.0,R,0.0,R,0.0,A,,R,15
206446,2009,R,357.0,R,845.0,R,42.0,R,328.0,R,0.0,R,328.0,R,194.0,R,59.0,R,335.0,R,0.0,R,335.0,R,191.0,R,57.0,R,18
206482,2009,A,,A,,A,,R,37.0,R,0.0,R,37.0,R,30.0,R,81.0,R,25.0,R,0.0,R,25.0,R,20.0,R,80.0,R,17
206491,2009,R,142.0,R,157.0,R,90.0,R,181.0,R,0.0,R,181.0,R,110.0,R,61.0,R,1.0,R,0.0,R,1.0,R,1.0,R,100.0,R,13
206507,2009,R,335.0,R,537.0,R,62.0,R,342.0,R,0.0,R,342.0,R,220.0,R,64.0,R,7.0,R,0.0,R,7.0,R,3.0,R,43.0,R,14
206525,2009,R,488.0,R,531.0,R,92.0,R,510.0,R,0.0,R,510.0,R,398.0,R,78.0,R,0.0,R,0.0,R,0.0,R,0.0,A,,R,12
206589,2009,R,480.0,R,522.0,R,92.0,R,514.0,R,0.0,R,514.0,R,449.0,R,87.0,R,0.0,R,0.0,R,0.0,R,0.0,A,,R,11
206604,2009,R,2469.0,R,3735.0,R,66.0,R,2600.0,Z,0.0,R,2600.0,R,1820.0,R,70.0,R,47.0,Z,0.0,R,47.0,R,19.0,R,40.0,R,17
206613,2009,R,194.0,R,286.0,R,68.0,R,150.0,Z,0.0,R,150.0,R,106.0,R,71.0,R,21.0,Z,0.0,R,21.0,R,8.0,R,38.0,R,28
206622,2009,R,1178.0,R,1390.0,R,85.0,R,860.0,R,0.0,R,860.0,R,720.0,R,84.0,R,0.0,R,0.0,R,0.0,R,0.0,A,,R,13
206631,2009,R,137.0,R,188.0,R,73.0,R,138.0,R,5.0,R,133.0,R,80.0,R,60.0,R,13.0,R,0.0,R,13.0,R,2.0,R,15.0,R,26
206695,2009,R,2572.0,R,3590.0,R,72.0,R,1985.0,R,3.0,R,1982.0,R,1383.0,R,70.0,R,103.0,R,2.0,R,101.0,R,42.0,R,42.0,R,18
206783,2009,A,,A,,A,,R,9.0,R,0.0,R,9.0,R,6.0,R,67.0,R,0.0,R,0.0,R,0.0,R,0.0,A,,R,16
206817,2009,R,204.0,R,445.0,R,46.0,R,144.0,R,0.0,R,144.0,R,53.0,R,37.0,R,5.0,R,0.0,R,5.0,R,3.0,R,60.0,R,22
206835,2009,R,115.0,R,271.0,R,42.0,R,89.0,R,0.0,R,89.0,R,55.0,R,62.0,R,3.0,R,0.0,R,3.0,R,0.0,R,0.0,R,21
206862,2009,R,281.0,R,369.0,R,76.0,R,272.0,Z,0.0,R,272.0,R,188.0,R,69.0,R,1.0,Z,0.0,R,1.0,R,1.0,R,100.0,R,17
206880,2009,A,,A,,A,,R,31.0,R,0.0,R,31.0,R,23.0,R,74.0,R,0.0,R,0.0,R,0.0,R,0.0,A,,R,12
206905,2009,A,,A,,A,,R,79.0,R,0.0,R,79.0,R,65.0,R,82.0,R,76.0,R,0.0,R,76.0,R,66.0,R,87.0,R,21
206914,2009,R,820.0,R,1290.0,R,64.0,R,581.0,Z,0.0,R,581.0,R,330.0,R,57.0,R,65.0,Z,0.0,R,65.0,R,25.0,R,38.0,R,20
206923,2009,R,531.0,R,937.0,R,57.0,R,414.0,Z,0.0,R,414.0,R,170.0,R,41.0,R,170.0,Z,0.0,R,170.0,R,113.0,R,66.0,R,17
206932,2009,A,,A,,A,,R,31.0,R,0.0,R,31.0,R,24.0,R,77.0,R,5.0,R,0.0,R,5.0,R,3.0,R,60.0,R,23
206941,2009,R,1669.0,R,4088.0,R,41.0,R,1655.0,R,0.0,R,1655.0,R,1080.0,R,65.0,R,476.0,R,0.0,R,476.0,R,242.0,R,51.0,R,21
206969,2009,A,,A,,A,,R,7.0,R,0.0,R,7.0,R,6.0,R,86.0,R,0.0,R,0.0,R,0.0,R,0.0,A,,R,10
206996,2009,R,491.0,R,1152.0,R,43.0,R,459.0,R,0.0,R,459.0,R,231.0,R,50.0,R,110.0,R,0.0,R,110.0,R,39.0,R,35.0,R,25
207041,2009,R,599.0,R,1011.0,R,59.0,R,516.0,R,0.0,R,516.0,R,330.0,R,64.0,R,30.0,R,0.0,R,30.0,R,19.0,R,63.0,R,18
207050,2009,R,435.0,R,689.0,R,63.0,R,239.0,Z,0.0,R,239.0,R,109.0,R,46.0,R,165.0,Z,0.0,R,165.0,R,64.0,R,39.0,R,17
207069,2009,R,200.0,R,1107.0,R,18.0,R,225.0,Z,0.0,R,225.0,R,112.0,R,50.0,R,119.0,Z,0.0,R,119.0,R,29.0,R,24.0,R,24
207087,2009,A,,A,,A,,R,35.0,R,0.0,R,35.0,R,28.0,R,80.0,R,0.0,R,0.0,R,0.0,R,0.0,A,,R,14
207102,2009,A,,A,,A,,R,42.0,R,0.0,R,42.0,R,27.0,R,64.0,R,0.0,R,0.0,R,0.0,R,0.0,A,,R,15
207157,2009,R,93.0,R,95.0,R,98.0,R,71.0,Z,0.0,R,71.0,R,31.0,R,44.0,R,0.0,Z,0.0,R,0.0,R,0.0,A,,R,10
207166,2009,A,,A,,A,,R,7.0,R,0.0,R,7.0,R,5.0,R,71.0,Z,0.0,Z,0.0,Z,0.0,Z,0.0,A,,R,15
207209,2009,R,532.0,R,719.0,R,74.0,R,209.0,R,0.0,R,209.0,R,120.0,R,57.0,R,0.0,R,0.0,R,0.0,R,0.0,A,,R,14
207236,2009,R,501.0,R,883.0,R,57.0,R,423.0,Z,0.0,R,423.0,R,188.0,R,44.0,R,107.0,Z,0.0,R,107.0,R,38.0,R,36.0,R,25
207254,2009,A,,A,,A,,R,394.0,R,0.0,R,394.0,R,254.0,R,64.0,R,0.0,R,0.0,R,0.0,R,0.0,A,,R,22
207263,2009,R,1050.0,R,2288.0,R,46.0,R,955.0,Z,0.0,R,955.0,R,604.0,R,63.0,R,45.0,Z,0.0,R,45.0,R,23.0,R,51.0,R,20
207272,2009,A,,A,,A,,R,9.0,R,0.0,R,9.0,R,7.0,R,78.0,Z,0.0,Z,0.0,Z,0.0,Z,0.0,A,,R,9
207281,2009,R,909.0,R,2004.0,R,45.0,R,874.0,Z,0.0,R,874.0,R,470.0,R,54.0,R,181.0,Z,0.0,R,181.0,R,74.0,R,41.0,R,24
207290,2009,R,717.0,R,874.0,R,82.0,R,598.0,Z,0.0,R,598.0,R,316.0,R,53.0,R,49.0,Z,0.0,R,49.0,R,24.0,R,49.0,R,20
207306,2009,R,393.0,R,673.0,R,58.0,R,317.0,Z,0.0,R,317.0,R,184.0,R,58.0,R,0.0,Z,0.0,R,0.0,R,0.0,A,,R,16
207324,2009,R,452.0,R,462.0,R,98.0,R,430.0,Z,0.0,R,430.0,R,302.0,R,70.0,R,11.0,Z,0.0,R,11.0,R,3.0,R,27.0,R,14
207342,2009,A,,A,,A,,A,,A,,A,,A,,A,,A,,A,,A,,A,,A,,R,8
207351,2009,R,292.0,R,475.0,R,61.0,R,288.0,Z,0.0,R,288.0,R,153.0,R,53.0,R,8.0,Z,0.0,R,8.0,R,2.0,R,25.0,R,16
207388,2009,R,2996.0,R,4603.0,R,65.0,R,2952.0,Z,0.0,R,2952.0,R,2320.0,R,79.0,R,131.0,Z,0.0,R,131.0,R,77.0,R,59.0,R,18
207397,2009,R,577.0,R,1848.0,R,31.0,R,533.0,Z,0.0,R,533.0,R,281.0,R,53.0,R,551.0,Z,0.0,R,551.0,R,224.0,R,41.0,R,24
207403,2009,R,332.0,R,554.0,R,60.0,R,385.0,R,4.0,R,381.0,R,262.0,R,69.0,R,4.0,R,2.0,R,2.0,R,2.0,R,100.0,R,13
207449,2009,R,1425.0,R,4023.0,R,35.0,R,1319.0,Z,0.0,R,1319.0,R,687.0,R,52.0,R,1289.0,Z,0.0,R,1289.0,R,482.0,R,37.0,R,29
207458,2009,R,426.0,R,718.0,R,59.0,R,367.0,Z,0.0,R,367.0,R,280.0,R,76.0,R,1.0,Z,0.0,R,1.0,R,1.0,R,100.0,R,13
207500,2009,R,3693.0,R,5374.0,R,69.0,R,3752.0,Z,0.0,R,3752.0,R,3093.0,R,82.0,R,19.0,Z,0.0,R,19.0,R,8.0,R,42.0,R,17
207537,2009,A,,A,,A,,R,27.0,R,0.0,R,27.0,R,20.0,R,74.0,R,0.0,R,0.0,R,0.0,R,0.0,A,,R,20
207564,2009,R,915.0,R,1399.0,R,65.0,R,276.0,Z,0.0,R,276.0,R,93.0,R,34.0,R,285.0,Z,0.0,R,285.0,R,44.0,R,15.0,R,19
207582,2009,R,496.0,R,740.0,R,67.0,R,356.0,Z,0.0,R,356.0,R,266.0,R,75.0,R,2.0,Z,0.0,R,2.0,R,2.0,R,100.0,R,14
207607,2009,A,,A,,A,,R,2.0,R,0.0,R,2.0,R,1.0,R,50.0,R,55.0,R,1.0,R,54.0,R,47.0,R,87.0,R,4
207625,2009,A,,A,,A,,R,117.0,R,0.0,R,117.0,R,71.0,R,61.0,R,0.0,R,0.0,R,0.0,R,0.0,A,,R,60
207661,2009,R,752.0,R,1290.0,R,58.0,R,179.0,Z,0.0,R,179.0,R,97.0,R,54.0,R,18.0,Z,0.0,R,18.0,R,4.0,R,22.0,R,21
207670,2009,R,1041.0,R,3558.0,R,29.0,R,844.0,R,0.0,R,844.0,R,422.0,R,50.0,R,535.0,R,0.0,R,535.0,R,187.0,R,35.0,R,24
207689,2009,R,95.0,R,204.0,R,47.0,R,81.0,Z,0.0,R,81.0,R,48.0,R,59.0,R,3.0,Z,0.0,R,3.0,R,2.0,R,67.0,R,8
207704,2009,A,,A,,A,,R,71.0,R,0.0,R,71.0,R,58.0,R,82.0,R,0.0,R,0.0,R,0.0,R,0.0,A,,R,15
207722,2009,R,182.0,R,340.0,R,54.0,R,203.0,R,0.0,R,203.0,R,146.0,R,72.0,R,3.0,R,0.0,R,3.0,R,1.0,R,33.0,R,14
207740,2009,R,523.0,R,995.0,R,53.0,R,466.0,R,0.0,R,466.0,R,243.0,R,52.0,R,78.0,R,0.0,R,78.0,R,28.0,R,36.0,R,22
207786,2009,A,,A,,A,,R,32.0,R,0.0,R,32.0,R,28.0,R,88.0,R,0.0,R,0.0,R,0.0,R,0.0,A,,R,22
207847,2009,R,640.0,R,1198.0,R,53.0,R,583.0,R,0.0,R,583.0,R,343.0,R,59.0,R,19.0,R,0.0,R,19.0,R,5.0,R,26.0,R,18
207856,2009,R,46.0,R,89.0,R,52.0,R,42.0,Z,0.0,R,42.0,R,21.0,R,50.0,R,0.0,R,0.0,R,0.0,R,0.0,A,,R,15
207865,2009,R,898.0,R,1260.0,R,71.0,R,852.0,R,0.0,R,852.0,R,553.0,R,65.0,R,14.0,R,0.0,R,14.0,R,4.0,R,29.0,R,20
207935,2009,R,2203.0,R,5552.0,R,40.0,R,1582.0,R,0.0,R,1582.0,R,925.0,R,58.0,R,719.0,R,0.0,R,719.0,R,280.0,R,39.0,R,20
207962,2009,A,,A,,A,,R,293.0,R,1.0,R,292.0,R,226.0,R,77.0,Z,0.0,Z,0.0,Z,0.0,Z,0.0,A,,R,20
207971,2009,R,688.0,R,893.0,R,77.0,R,692.0,R,0.0,R,692.0,R,595.0,R,86.0,R,3.0,R,0.0,R,3.0,R,2.0,R,67.0,R,11
208017,2009,A,,A,,A,,R,11.0,R,0.0,R,11.0,R,7.0,R,64.0,R,0.0,R,0.0,R,0.0,R,0.0,A,,R,11
208026,2009,A,,A,,A,,R,85.0,R,0.0,R,85.0,R,80.0,R,94.0,R,35.0,R,0.0,R,35.0,R,30.0,R,86.0,R,12
208035,2009,R,375.0,R,2426.0,R,15.0,R,304.0,Z,0.0,R,304.0,R,159.0,R,52.0,R,116.0,Z,0.0,R,116.0,R,38.0,R,33.0,R,31
208044,2009,A,,A,,A,,R,13.0,R,0.0,R,13.0,R,2.0,R,15.0,R,0.0,R,0.0,R,0.0,R,0.0,A,,R,15
208053,2009,A,,A,,A,,R,35.0,R,0.0,R,35.0,R,23.0,R,66.0,R,10.0,R,0.0,R,10.0,R,5.0,R,50.0,R,8
208080,2009,A,,A,,A,,R,12.0,R,0.0,R,12.0,R,7.0,R,58.0,R,0.0,R,0.0,R,0.0,R,0.0,A,,R,18
208123,2009,A,,A,,A,,A,,A,,A,,A,,A,,A,,A,,A,,A,,A,,R,38
208239,2009,R,379.0,R,621.0,R,61.0,R,343.0,Z,0.0,R,343.0,R,190.0,R,55.0,R,132.0,Z,0.0,R,132.0,R,54.0,R,41.0,R,8
208248,2009,A,,A,,A,,R,68.0,R,0.0,R,68.0,R,53.0,R,78.0,R,0.0,R,0.0,R,0.0,R,0.0,A,,R,24
208275,2009,R,342.0,R,1423.0,R,24.0,R,317.0,R,0.0,R,317.0,R,179.0,R,56.0,R,243.0,R,0.0,R,243.0,R,95.0,R,39.0,R,16
208318,2009,R,526.0,R,1691.0,R,31.0,R,492.0,R,0.0,R,492.0,R,288.0,R,59.0,R,443.0,R,0.0,R,443.0,R,198.0,R,45.0,R,27
208390,2009,R,1081.0,R,2927.0,R,37.0,R,659.0,R,0.0,R,659.0,R,338.0,R,51.0,R,788.0,R,0.0,R,788.0,R,201.0,R,26.0,R,26
208406,2009,R,809.0,R,2951.0,R,27.0,R,895.0,R,0.0,R,895.0,R,814.0,R,91.0,R,1330.0,R,0.0,R,1330.0,R,638.0,R,48.0,R,17
208415,2009,R,162.0,R,1098.0,R,15.0,R,120.0,R,0.0,R,120.0,R,61.0,R,51.0,R,70.0,R,0.0,R,70.0,R,23.0,R,33.0,R,22
208433,2009,A,,A,,A,,R,22.0,R,0.0,R,22.0,R,14.0,R,64.0,R,0.0,R,0.0,R,0.0,R,0.0,A,,R,22
208479,2009,A,,A,,A,,R,247.0,R,0.0,R,247.0,R,216.0,R,87.0,Z,0.0,Z,0.0,Z,0.0,Z,0.0,A,,R,30
208488,2009,R,186.0,R,451.0,R,41.0,R,160.0,R,0.0,R,160.0,R,113.0,R,71.0,R,4.0,R,0.0,R,4.0,R,2.0,R,50.0,R,13
208512,2009,A,,A,,A,,R,47.0,R,0.0,R,47.0,R,39.0,R,83.0,R,45.0,R,0.0,R,45.0,R,40.0,R,89.0,R,6
208637,2009,A,,A,,A,,R,0.0,Z,0.0,R,0.0,Z,0.0,A,,R,80.0,R,0.0,R,80.0,R,62.0,R,78.0,R,12
208646,2009,R,436.0,R,1252.0,R,35.0,R,313.0,R,0.0,R,313.0,R,226.0,R,72.0,R,38.0,R,0.0,R,38.0,R,11.0,R,29.0,R,28
208655,2009,A,,A,,A,,R,46.0,R,0.0,R,46.0,R,45.0,R,98.0,R,0.0,R,0.0,R,0.0,R,0.0,A,,R,22
208725,2009,R,33.0,R,52.0,R,63.0,R,27.0,R,0.0,R,27.0,R,14.0,R,52.0,R,0.0,R,0.0,R,0.0,R,0.0,A,,R,12
208822,2009,R,407.0,R,627.0,R,65.0,R,397.0,R,0.0,R,397.0,R,315.0,R,79.0,R,1.0,R,0.0,R,1.0,R,1.0,R,100.0,R,11
208859,2009,A,,A,,A,,R,58.0,Z,0.0,R,58.0,R,56.0,R,97.0,Z,0.0,Z,0.0,Z,0.0,Z,0.0,A,,R,8
208965,2009,R,149.0,R,190.0,R,78.0,R,1.0,R,0.0,R,1.0,R,1.0,R,100.0,R,0.0,R,0.0,R,0.0,R,0.0,A,,R,24
209038,2009,R,1175.0,R,3686.0,R,32.0,R,947.0,R,0.0,R,947.0,R,587.0,R,62.0,R,694.0,R,0.0,R,694.0,R,301.0,R,43.0,R,23
209056,2009,R,498.0,R,601.0,R,83.0,R,533.0,R,0.0,R,533.0,R,440.0,R,83.0,R,0.0,R,0.0,R,0.0,R,0.0,A,,R,12
209065,2009,R,422.0,R,528.0,R,80.0,R,476.0,R,1.0,R,475.0,R,386.0,R,81.0,R,0.0,R,0.0,R,0.0,R,0.0,A,,R,12
209074,2009,R,1566.0,R,4125.0,R,38.0,R,897.0,R,0.0,R,897.0,R,508.0,R,57.0,R,484.0,R,0.0,R,484.0,R,195.0,R,40.0,R,21
209083,2009,A,,A,,A,,R,12.0,R,0.0,R,12.0,R,7.0,R,58.0,R,0.0,R,0.0,R,0.0,R,0.0,A,,R,15
209108,2009,R,11.0,R,277.0,R,4.0,R,12.0,R,0.0,R,12.0,R,7.0,R,58.0,R,12.0,R,0.0,R,12.0,R,6.0,R,50.0,R,6
209153,2009,A,,A,,A,,R,59.0,Z,0.0,R,59.0,R,48.0,R,81.0,Z,0.0,Z,0.0,Z,0.0,Z,0.0,A,,R,11
209205,2009,A,,A,,A,,R,28.0,R,0.0,R,28.0,R,15.0,R,54.0,R,0.0,R,0.0,R,0.0,R,0.0,A,,R,15
209241,2009,R,18.0,R,18.0,R,100.0,R,12.0,R,0.0,R,12.0,R,11.0,R,92.0,R,0.0,R,0.0,R,0.0,R,0.0,A,,R,5
209250,2009,R,1338.0,R,3041.0,R,44.0,R,1011.0,Z,0.0,R,1011.0,R,611.0,R,60.0,R,1080.0,Z,0.0,R,1080.0,R,400.0,R,37.0,R,20
209287,2009,R,67.0,R,171.0,R,39.0,R,71.0,R,0.0,R,71.0,R,52.0,R,73.0,R,0.0,R,0.0,R,0.0,R,0.0,A,,R,14
209348,2009,A,,A,,A,,A,,A,,A,,A,,A,,A,,A,,A,,A,,A,,R,7
209409,2009,R,78.0,R,143.0,R,55.0,R,80.0,R,0.0,R,80.0,R,62.0,R,78.0,R,0.0,R,0.0,R,0.0,R,0.0,A,,R,16
209490,2009,A,,A,,A,,A,,A,,A,,A,,A,,A,,A,,A,,A,,A,,R,8
209506,2009,R,355.0,R,1644.0,R,22.0,R,344.0,R,0.0,R,344.0,R,244.0,R,71.0,R,18.0,R,0.0,R,18.0,R,8.0,R,44.0,R,20
209533,2009,R,12.0,R,58.0,R,21.0,R,5.0,R,0.0,R,5.0,R,3.0,R,60.0,R,2.0,R,0.0,R,2.0,R,0.0,R,0.0,R,9
209542,2009,R,3315.0,R,5530.0,R,60.0,R,3006.0,R,0.0,R,3006.0,R,2483.0,R,83.0,R,184.0,R,0.0,R,184.0,R,114.0,R,62.0,R,25
209551,2009,R,3792.0,R,5447.0,R,70.0,R,4193.0,R,0.0,R,4193.0,R,3502.0,R,84.0,R,65.0,R,0.0,R,65.0,R,28.0,R,43.0,R,24
209603,2009,R,105.0,R,189.0,R,56.0,R,92.0,R,0.0,R,92.0,R,61.0,R,66.0,R,1.0,R,0.0,R,1.0,R,0.0,R,0.0,R,11
209612,2009,R,333.0,R,477.0,R,70.0,R,345.0,R,0.0,R,345.0,R,261.0,R,76.0,R,0.0,R,0.0,R,0.0,R,0.0,A,,R,11
209667,2009,A,,A,,A,,R,57.0,Z,0.0,R,57.0,R,45.0,R,79.0,Z,0.0,Z,0.0,Z,0.0,Z,0.0,A,,R,11
209676,2009,A,,A,,A,,R,93.0,Z,0.0,R,93.0,R,89.0,R,96.0,Z,0.0,Z,0.0,Z,0.0,Z,0.0,A,,R,10
209694,2009,A,,A,,A,,R,45.0,Z,0.0,R,45.0,R,35.0,R,78.0,Z,0.0,Z,0.0,Z,0.0,Z,0.0,A,,R,12
209700,2009,A,,A,,A,,R,16.0,R,0.0,R,16.0,R,14.0,R,88.0,R,0.0,R,0.0,R,0.0,R,0.0,A,,R,17
209719,2009,A,,A,,A,,R,10.0,R,0.0,R,10.0,R,10.0,R,100.0,R,0.0,R,0.0,R,0.0,R,0.0,A,,R,15
209746,2009,R,1428.0,R,6878.0,R,21.0,R,1372.0,R,0.0,R,1372.0,R,844.0,R,62.0,R,1280.0,R,0.0,R,1280.0,R,505.0,R,39.0,R,23
209807,2009,R,1551.0,R,6807.0,R,23.0,R,1567.0,R,0.0,R,1567.0,R,1098.0,R,70.0,R,201.0,R,0.0,R,201.0,R,99.0,R,49.0,R,22
209825,2009,R,816.0,R,913.0,R,89.0,R,794.0,R,1.0,R,793.0,R,682.0,R,86.0,R,0.0,R,0.0,R,0.0,R,0.0,A,,R,13
209922,2009,R,367.0,R,435.0,R,84.0,R,330.0,Z,0.0,R,330.0,R,292.0,R,88.0,R,0.0,R,0.0,R,0.0,R,0.0,A,,R,10
209940,2009,R,562.0,R,1511.0,R,37.0,R,416.0,R,0.0,R,416.0,R,227.0,R,55.0,R,381.0,R,0.0,R,381.0,R,135.0,R,35.0,R,17
209986,2009,A,,A,,A,,R,4.0,R,0.0,R,4.0,R,3.0,R,75.0,R,0.0,R,0.0,R,0.0,R,0.0,A,,R,11
210076,2009,A,,A,,A,,R,127.0,R,0.0,R,127.0,R,112.0,R,88.0,R,26.0,R,0.0,R,26.0,R,15.0,R,58.0,R,11
210100,2009,A,,A,,A,,R,21.0,R,0.0,R,21.0,R,16.0,R,76.0,R,0.0,R,0.0,R,0.0,R,0.0,A,,R,13
210146,2009,R,653.0,R,1382.0,R,47.0,R,675.0,R,0.0,R,675.0,R,456.0,R,68.0,R,33.0,R,0.0,R,33.0,R,15.0,R,45.0,R,18
210155,2009,R,465.0,R,1000.0,R,47.0,R,453.0,R,0.0,R,453.0,R,248.0,R,55.0,R,82.0,R,0.0,R,82.0,R,24.0,R,29.0,R,13
210234,2009,R,455.0,R,906.0,R,50.0,R,513.0,R,0.0,R,513.0,R,264.0,R,51.0,R,340.0,R,1.0,R,339.0,R,107.0,R,32.0,R,19
210270,2009,R,349.0,R,869.0,R,40.0,R,270.0,R,0.0,R,270.0,R,148.0,R,55.0,R,122.0,R,0.0,R,122.0,R,44.0,R,36.0,R,25
210304,2009,R,101.0,R,338.0,R,30.0,R,98.0,R,0.0,R,98.0,R,59.0,R,60.0,R,0.0,R,0.0,R,0.0,R,0.0,A,,R,22
210331,2009,R,215.0,R,297.0,R,72.0,R,186.0,R,1.0,R,185.0,R,134.0,R,72.0,R,1.0,Z,0.0,R,1.0,R,1.0,R,100.0,R,14
210340,2009,A,,A,,A,,R,35.0,R,0.0,R,35.0,R,27.0,R,77.0,R,0.0,R,0.0,R,0.0,R,0.0,A,,R,21
210359,2009,A,,A,,A,,R,109.0,R,0.0,R,109.0,R,48.0,R,44.0,R,34.0,R,0.0,R,34.0,R,16.0,R,47.0,R,20
210401,2009,R,541.0,R,621.0,R,87.0,R,482.0,R,0.0,R,482.0,R,424.0,R,88.0,Z,0.0,Z,0.0,Z,0.0,Z,0.0,A,,R,10
210429,2009,R,933.0,R,1535.0,R,61.0,R,884.0,R,0.0,R,884.0,R,628.0,R,71.0,R,50.0,R,0.0,R,50.0,R,23.0,R,46.0,R,20
210438,2009,R,8.0,R,8.0,R,100.0,R,0.0,R,0.0,R,0.0,R,0.0,A,,R,0.0,R,0.0,R,0.0,R,0.0,A,,R,10
210456,2009,A,,A,,A,,A,,A,,A,,A,,A,,A,,A,,A,,A,,A,,R,15
210474,2009,A,,A,,A,,R,34.0,R,5.0,R,29.0,R,5.0,R,17.0,Z,0.0,Z,0.0,Z,0.0,Z,0.0,A,,R,25
210483,2009,A,,A,,A,,R,209.0,R,0.0,R,209.0,R,178.0,R,85.0,R,0.0,R,0.0,R,0.0,R,0.0,A,,R,13
210492,2009,R,70.0,R,75.0,R,93.0,R,43.0,R,0.0,R,43.0,R,34.0,R,79.0,Z,0.0,Z,0.0,Z,0.0,Z,0.0,A,,R,6
210571,2009,R,541.0,R,652.0,R,83.0,R,509.0,R,1.0,R,508.0,R,372.0,R,73.0,R,0.0,R,0.0,R,0.0,R,0.0,A,,R,15
210599,2009,A,,A,,A,,R,197.0,R,0.0,R,197.0,R,170.0,R,86.0,R,0.0,R,0.0,R,0.0,R,0.0,A,,R,6
210605,2009,R,3107.0,R,6475.0,R,48.0,R,2722.0,R,0.0,R,2722.0,R,1527.0,R,56.0,R,1941.0,R,0.0,R,1941.0,R,766.0,R,39.0,R,17
210669,2009,R,580.0,R,640.0,R,91.0,R,562.0,R,0.0,R,562.0,R,494.0,R,88.0,R,3.0,R,0.0,R,3.0,R,1.0,R,33.0,R,12
210711,2009,A,,A,,A,,R,28.0,Z,0.0,R,28.0,R,25.0,R,89.0,R,4.0,Z,0.0,R,4.0,R,3.0,R,75.0,R,12
210739,2009,R,378.0,R,439.0,R,86.0,R,402.0,R,0.0,R,402.0,R,331.0,R,82.0,Z,0.0,Z,0.0,Z,0.0,Z,0.0,A,,R,13
210748,2009,A,,A,,A,,R,25.0,R,0.0,R,25.0,R,24.0,R,96.0,R,23.0,R,0.0,R,23.0,R,17.0,R,74.0,R,9
210775,2009,R,328.0,R,490.0,R,67.0,R,383.0,R,0.0,R,383.0,R,277.0,R,72.0,R,0.0,R,0.0,R,0.0,R,0.0,A,,R,14
210784,2009,A,,A,,A,,R,28.0,R,0.0,R,28.0,R,20.0,R,71.0,R,15.0,R,0.0,R,15.0,R,12.0,R,80.0,R,15
210890,2009,R,131.0,R,133.0,R,98.0,R,113.0,R,1.0,R,112.0,R,90.0,R,80.0,R,1.0,R,1.0,R,0.0,Z,0.0,A,,R,17
210906,2009,R,169.0,R,286.0,R,59.0,R,0.0,R,0.0,R,0.0,R,0.0,A,,R,0.0,R,0.0,R,0.0,R,0.0,A,,R,15
210942,2009,R,777.0,R,1266.0,R,61.0,R,546.0,R,0.0,R,546.0,R,334.0,R,61.0,R,123.0,R,0.0,R,123.0,R,58.0,R,47.0,R,21
210951,2009,A,,A,,A,,R,27.0,R,0.0,R,27.0,R,22.0,R,81.0,R,0.0,R,0.0,R,0.0,R,0.0,A,,R,10
210960,2009,R,652.0,R,897.0,R,73.0,R,611.0,R,0.0,R,611.0,R,360.0,R,59.0,R,40.0,R,0.0,R,40.0,R,16.0,R,40.0,R,20
211006,2009,A,,A,,A,,R,40.0,R,0.0,R,40.0,R,27.0,R,68.0,R,5.0,R,0.0,R,5.0,R,4.0,R,80.0,R,21
211024,2009,R,125.0,R,201.0,R,62.0,R,102.0,R,0.0,R,102.0,R,50.0,R,49.0,Z,0.0,Z,0.0,Z,0.0,Z,0.0,A,,R,14
211079,2009,R,256.0,R,583.0,R,44.0,P,323.0,P,0.0,P,323.0,P,197.0,P,61.0,P,233.0,P,0.0,P,233.0,P,68.0,P,29.0,R,16
211088,2009,R,525.0,R,709.0,R,74.0,R,591.0,Z,0.0,R,591.0,R,453.0,R,77.0,R,10.0,Z,0.0,R,10.0,R,5.0,R,50.0,R,13
211149,2009,A,,A,,A,,R,26.0,R,0.0,R,26.0,R,25.0,R,96.0,R,0.0,R,0.0,R,0.0,R,0.0,A,,R,12
211158,2009,R,2033.0,R,2661.0,R,76.0,R,1805.0,R,0.0,R,1805.0,R,1466.0,R,81.0,R,6.0,R,0.0,R,6.0,R,4.0,R,67.0,R,21
211200,2009,R,279.0,R,279.0,R,100.0,R,288.0,R,0.0,R,288.0,R,239.0,R,83.0,R,0.0,R,0.0,R,0.0,R,0.0,A,,R,30
211246,2009,A,,A,,A,,A,,A,,A,,A,,A,,A,,A,,A,,A,,A,,R,6
211273,2009,R,362.0,R,388.0,R,93.0,R,366.0,R,0.0,R,366.0,R,340.0,R,93.0,Z,0.0,Z,0.0,Z,0.0,Z,0.0,A,,R,8
211291,2009,R,920.0,R,958.0,R,96.0,R,958.0,Z,0.0,R,958.0,R,894.0,R,93.0,Z,0.0,Z,0.0,Z,0.0,Z,0.0,A,,R,10
211307,2009,R,2094.0,R,4672.0,R,45.0,R,2034.0,R,0.0,R,2034.0,R,1248.0,R,61.0,R,1176.0,R,0.0,R,1176.0,R,420.0,R,36.0,R,22
211316,2009,A,,A,,A,,R,48.0,Z,0.0,R,48.0,R,45.0,R,94.0,R,9.0,Z,0.0,R,9.0,R,9.0,R,100.0,R,11
211334,2009,A,,A,,A,,R,36.0,R,0.0,R,36.0,R,22.0,R,61.0,R,0.0,R,0.0,R,0.0,R,0.0,A,,R,21
211343,2009,R,1072.0,R,1776.0,R,60.0,R,875.0,Z,0.0,R,875.0,R,485.0,R,55.0,R,585.0,Z,0.0,R,585.0,R,163.0,R,28.0,R,17
211352,2009,R,357.0,R,474.0,R,75.0,R,503.0,Z,0.0,R,503.0,R,331.0,R,66.0,R,0.0,Z,0.0,R,0.0,R,0.0,A,,R,14
211361,2009,R,1373.0,R,2163.0,R,63.0,R,933.0,R,0.0,R,933.0,R,722.0,R,77.0,R,6.0,R,0.0,R,6.0,R,2.0,R,33.0,R,20
211398,2009,R,56.0,R,56.0,R,100.0,R,68.0,R,0.0,R,68.0,R,50.0,R,74.0,R,0.0,R,0.0,R,0.0,R,0.0,A,,R,15
211431,2009,R,250.0,R,675.0,R,37.0,R,226.0,R,0.0,R,226.0,R,156.0,R,69.0,R,11.0,R,0.0,R,11.0,R,5.0,R,45.0,R,10
211440,2009,R,1423.0,R,1467.0,R,97.0,R,1465.0,R,11.0,R,1454.0,R,1387.0,R,95.0,R,0.0,R,0.0,R,0.0,R,0.0,A,,R,11
211468,2009,R,196.0,R,403.0,R,49.0,R,194.0,R,0.0,R,194.0,R,153.0,R,79.0,R,2.0,R,0.0,R,2.0,R,2.0,R,100.0,R,11
211477,2009,R,173.0,R,305.0,R,57.0,R,137.0,R,3.0,R,134.0,R,69.0,R,51.0,R,105.0,R,0.0,R,105.0,R,42.0,R,40.0,R,15
211556,2009,R,131.0,R,387.0,R,34.0,R,176.0,R,0.0,R,176.0,R,125.0,R,71.0,Z,0.0,Z,0.0,Z,0.0,Z,0.0,A,,R,10
211583,2009,R,273.0,R,424.0,R,64.0,R,196.0,Z,0.0,R,196.0,R,133.0,R,68.0,R,5.0,Z,0.0,R,5.0,R,3.0,R,60.0,R,12
211608,2009,R,380.0,R,530.0,R,72.0,R,280.0,R,0.0,R,280.0,R,167.0,R,60.0,R,21.0,R,0.0,R,21.0,R,2.0,R,10.0,R,15
211617,2009,A,,A,,A,,R,273.0,R,2.0,R,271.0,R,161.0,R,59.0,R,36.0,Z,0.0,R,36.0,R,8.0,R,22.0,R,25
211635,2009,A,,A,,A,,R,3.0,R,0.0,R,3.0,R,2.0,R,67.0,R,0.0,R,0.0,R,0.0,R,0.0,A,,R,10
211644,2009,R,1391.0,R,2068.0,R,67.0,R,1228.0,R,11.0,R,1217.0,R,873.0,R,72.0,R,7.0,R,0.0,R,7.0,R,3.0,R,43.0,R,19
211750,2009,A,,A,,A,,R,217.0,R,0.0,R,217.0,R,204.0,R,94.0,R,0.0,R,0.0,R,0.0,R,0.0,A,,R,21
211802,2009,A,,A,,A,,A,,A,,A,,A,,A,,A,,A,,A,,A,,A,,R,6
211820,2009,A,,A,,A,,R,81.0,R,0.0,R,81.0,R,62.0,R,77.0,R,0.0,R,0.0,R,0.0,R,0.0,A,,R,15
211893,2009,R,22.0,R,26.0,R,85.0,R,26.0,R,0.0,R,26.0,R,24.0,R,92.0,R,0.0,R,0.0,R,0.0,R,0.0,A,,R,2
211909,2009,R,55.0,R,66.0,R,83.0,R,42.0,Z,0.0,R,42.0,R,41.0,R,98.0,R,28.0,Z,0.0,R,28.0,R,27.0,R,96.0,R,12
211927,2009,R,1803.0,R,4015.0,R,45.0,R,1564.0,R,0.0,R,1564.0,R,960.0,R,61.0,R,1020.0,R,0.0,R,1020.0,R,439.0,R,43.0,R,21
211954,2009,A,,A,,A,,R,103.0,R,0.0,R,103.0,R,71.0,R,69.0,R,0.0,R,0.0,R,0.0,R,0.0,A,,R,13
211981,2009,R,452.0,R,597.0,R,76.0,R,430.0,R,0.0,R,430.0,R,326.0,R,76.0,R,0.0,R,0.0,R,0.0,R,0.0,A,,R,15
212009,2009,R,581.0,R,653.0,R,89.0,R,613.0,R,0.0,R,613.0,R,566.0,R,92.0,R,0.0,R,0.0,R,0.0,R,0.0,A,,R,10
212045,2009,R,231.0,R,231.0,R,100.0,R,105.0,R,0.0,R,105.0,R,88.0,R,84.0,Z,0.0,Z,0.0,Z,0.0,Z,0.0,A,,R,19
212054,2009,R,2285.0,R,3822.0,R,60.0,R,2419.0,R,13.0,R,2406.0,R,1992.0,R,83.0,R,48.0,R,0.0,R,48.0,R,26.0,R,54.0,R,10
212072,2009,R,50.0,R,92.0,R,54.0,R,50.0,R,0.0,R,50.0,R,34.0,R,68.0,R,1.0,Z,0.0,R,1.0,R,1.0,R,100.0,R,12
212090,2009,R,63.0,R,162.0,R,39.0,R,60.0,R,0.0,R,60.0,R,26.0,R,43.0,R,32.0,R,0.0,R,32.0,R,10.0,R,31.0,R,23
212106,2009,R,1430.0,R,1579.0,R,91.0,R,1248.0,R,0.0,R,1248.0,R,1076.0,R,86.0,R,1.0,R,0.0,R,1.0,R,1.0,R,100.0,R,14
212115,2009,R,1342.0,R,1988.0,R,68.0,R,1262.0,R,0.0,R,1262.0,R,975.0,R,77.0,R,8.0,R,0.0,R,8.0,R,3.0,R,38.0,R,18
212133,2009,R,408.0,R,631.0,R,65.0,R,442.0,R,0.0,R,442.0,R,328.0,R,74.0,R,1.0,R,0.0,R,1.0,R,0.0,R,0.0,R,13
212160,2009,R,1409.0,R,1950.0,R,72.0,R,977.0,R,1.0,R,976.0,R,734.0,R,75.0,R,11.0,R,0.0,R,11.0,R,6.0,R,55.0,R,18
212197,2009,R,547.0,R,600.0,R,91.0,R,509.0,R,2.0,R,507.0,R,398.0,R,79.0,R,0.0,R,0.0,R,0.0,R,0.0,A,,R,14
212212,2009,A,,A,,A,,R,9.0,Z,0.0,R,9.0,R,7.0,R,78.0,Z,0.0,Z,0.0,Z,0.0,Z,0.0,A,,R,12
212230,2009,A,,A,,A,,R,24.0,Z,0.0,R,24.0,R,21.0,R,88.0,Z,0.0,Z,0.0,Z,0.0,Z,0.0,A,,R,17
212267,2009,A,,A,,A,,R,63.0,Z,0.0,R,63.0,R,41.0,R,65.0,R,14.0,Z,0.0,R,14.0,R,9.0,R,64.0,R,20
212276,2009,A,,A,,A,,R,37.0,Z,0.0,R,37.0,R,23.0,R,62.0,R,7.0,Z,0.0,R,7.0,R,6.0,R,86.0,R,23
212285,2009,A,,A,,A,,R,28.0,Z,0.0,R,28.0,R,23.0,R,82.0,Z,0.0,Z,0.0,Z,0.0,Z,0.0,A,,R,14
212294,2009,A,,A,,A,,R,32.0,Z,0.0,R,32.0,R,26.0,R,81.0,R,4.0,Z,0.0,R,4.0,R,4.0,R,100.0,R,18
212300,2009,A,,A,,A,,R,12.0,Z,0.0,R,12.0,R,9.0,R,75.0,Z,0.0,Z,0.0,Z,0.0,Z,0.0,A,,R,22
212328,2009,A,,A,,A,,R,60.0,Z,0.0,R,60.0,R,46.0,R,77.0,R,19.0,Z,0.0,R,19.0,R,13.0,R,68.0,R,16
212337,2009,A,,A,,A,,R,45.0,Z,0.0,R,45.0,R,30.0,R,67.0,R,15.0,Z,0.0,R,15.0,R,8.0,R,53.0,R,11
212355,2009,A,,A,,A,,R,56.0,Z,0.0,R,56.0,R,42.0,R,75.0,R,34.0,Z,0.0,R,34.0,R,19.0,R,56.0,R,19
212373,2009,A,,A,,A,,R,19.0,Z,0.0,R,19.0,R,16.0,R,84.0,R,9.0,Z,0.0,R,9.0,R,7.0,R,78.0,R,25
212382,2009,A,,A,,A,,R,59.0,Z,0.0,R,59.0,R,22.0,R,37.0,R,22.0,Z,0.0,R,22.0,R,11.0,R,50.0,R,19
212391,2009,A,,A,,A,,R,57.0,Z,0.0,R,57.0,R,37.0,R,65.0,R,10.0,Z,0.0,R,10.0,R,5.0,R,50.0,R,18
212407,2009,A,,A,,A,,A,,A,,A,,A,,A,,A,,A,,A,,A,,A,,R,10
212425,2009,R,92.0,R,140.0,R,66.0,R,108.0,R,0.0,R,108.0,R,75.0,R,69.0,R,29.0,R,0.0,R,29.0,R,16.0,R,55.0,R,15
212434,2009,R,90.0,R,90.0,R,100.0,R,57.0,R,4.0,R,53.0,R,37.0,R,70.0,R,0.0,R,0.0,R,0.0,R,0.0,A,,R,11
212568,2009,A,,A,,A,,R,8.0,R,0.0,R,8.0,R,7.0,R,88.0,R,0.0,R,0.0,R,0.0,R,0.0,A,,R,12
212577,2009,R,629.0,R,681.0,R,92.0,R,588.0,R,0.0,R,588.0,R,540.0,R,92.0,R,0.0,R,0.0,R,0.0,R,0.0,A,,R,10
212601,2009,R,649.0,R,1069.0,R,61.0,R,596.0,R,0.0,R,596.0,R,489.0,R,82.0,R,8.0,R,0.0,R,8.0,R,5.0,R,63.0,R,13
212656,2009,R,337.0,R,406.0,R,83.0,R,386.0,R,0.0,R,386.0,R,299.0,R,77.0,R,0.0,R,0.0,R,0.0,R,0.0,A,,R,14
212674,2009,R,739.0,R,760.0,R,97.0,R,714.0,R,0.0,R,714.0,R,645.0,R,90.0,R,0.0,R,0.0,R,0.0,R,0.0,A,,R,11
212683,2009,A,,A,,A,,R,49.0,Z,0.0,R,49.0,R,29.0,R,59.0,R,10.0,Z,0.0,R,10.0,R,5.0,R,50.0,R,19
212708,2009,A,,A,,A,,R,39.0,Z,0.0,R,39.0,R,25.0,R,64.0,R,10.0,Z,0.0,R,10.0,R,6.0,R,60.0,R,17
212753,2009,A,,A,,A,,R,75.0,Z,0.0,R,75.0,R,50.0,R,67.0,R,30.0,Z,0.0,R,30.0,R,15.0,R,50.0,R,20
212771,2009,R,0.0,R,7.0,R,0.0,R,1.0,R,0.0,R,1.0,R,1.0,R,100.0,R,0.0,R,0.0,R,0.0,R,0.0,A,,R,11
212805,2009,R,633.0,R,653.0,R,97.0,R,621.0,R,0.0,R,621.0,R,575.0,R,93.0,R,0.0,R,0.0,R,0.0,R,0.0,A,,R,16
212832,2009,R,313.0,R,498.0,R,63.0,R,339.0,R,0.0,R,339.0,R,257.0,R,76.0,R,7.0,R,0.0,R,7.0,R,5.0,R,71.0,R,13
212869,2009,R,208.0,R,570.0,R,36.0,R,131.0,R,4.0,R,127.0,R,63.0,R,50.0,R,3.0,R,0.0,R,3.0,R,2.0,R,67.0,R,12
212878,2009,R,1448.0,R,7037.0,R,21.0,R,1205.0,R,0.0,R,1205.0,R,660.0,R,55.0,R,742.0,R,0.0,R,742.0,R,336.0,R,45.0,R,19
212911,2009,R,323.0,R,336.0,R,96.0,R,327.0,R,0.0,R,327.0,R,317.0,R,97.0,R,0.0,R,0.0,R,0.0,R,0.0,A,,R,8
212975,2009,R,92.0,R,92.0,R,100.0,R,92.0,R,6.0,R,86.0,R,62.0,R,72.0,R,0.0,R,0.0,R,0.0,R,0.0,A,,R,8
212984,2009,R,378.0,R,552.0,R,68.0,R,404.0,R,3.0,R,401.0,R,304.0,R,76.0,R,2.0,R,0.0,R,2.0,R,1.0,R,50.0,R,12
212993,2009,R,40.0,R,43.0,R,93.0,R,55.0,R,0.0,R,55.0,R,35.0,R,64.0,R,0.0,R,0.0,R,0.0,Z,0.0,A,,R,5
213002,2009,A,,A,,A,,R,172.0,R,2.0,R,170.0,R,94.0,R,55.0,R,123.0,R,1.0,R,122.0,R,27.0,R,22.0,R,26
213011,2009,R,198.0,R,680.0,R,29.0,R,243.0,R,0.0,R,243.0,R,175.0,R,72.0,R,0.0,Z,0.0,R,0.0,Z,0.0,A,,R,11
213020,2009,R,3002.0,R,3854.0,R,78.0,R,3058.0,R,3.0,R,3055.0,R,2279.0,R,75.0,R,24.0,R,0.0,R,24.0,R,17.0,R,71.0,R,18
213057,2009,R,160.0,R,302.0,R,53.0,R,232.0,R,0.0,R,232.0,R,197.0,R,85.0,R,168.0,R,0.0,R,168.0,R,93.0,R,55.0,R,13
213163,2009,A,,A,,A,,A,,A,,A,,A,,A,,A,,A,,A,,A,,A,,R,6
213181,2009,A,,A,,A,,R,278.0,R,1.0,R,277.0,R,230.0,R,83.0,R,17.0,R,0.0,R,17.0,R,10.0,R,59.0,R,19
213215,2009,A,,A,,A,,R,50.0,Z,0.0,R,50.0,R,45.0,R,90.0,R,0.0,R,0.0,R,0.0,Z,0.0,A,,R,25
213233,2009,R,183.0,R,238.0,R,77.0,R,157.0,R,1.0,R,156.0,R,114.0,R,73.0,R,0.0,Z,0.0,R,0.0,Z,0.0,A,,R,13
213251,2009,R,366.0,R,487.0,R,75.0,R,461.0,R,1.0,R,460.0,R,391.0,R,85.0,Z,0.0,Z,0.0,Z,0.0,Z,0.0,A,,R,13
213303,2009,R,313.0,R,479.0,R,65.0,R,223.0,Z,0.0,R,223.0,R,135.0,R,61.0,R,9.0,Z,0.0,R,9.0,R,6.0,R,67.0,R,10
213312,2009,A,,A,,A,,R,159.0,R,3.0,R,156.0,R,91.0,R,58.0,R,0.0,R,0.0,R,0.0,R,0.0,A,,R,32
213321,2009,R,496.0,R,710.0,R,70.0,R,560.0,R,1.0,R,559.0,R,411.0,R,74.0,Z,0.0,Z,0.0,Z,0.0,Z,0.0,A,,R,13
213330,2009,A,,A,,A,,R,15.0,R,0.0,R,15.0,R,9.0,R,60.0,R,0.0,R,0.0,R,0.0,R,0.0,A,,R,17
213349,2009,R,1986.0,R,3017.0,R,66.0,R,1812.0,R,0.0,R,1812.0,R,1406.0,R,78.0,R,0.0,R,0.0,R,0.0,R,0.0,A,,R,19
213358,2009,R,190.0,R,381.0,R,50.0,R,227.0,R,0.0,R,227.0,R,136.0,R,60.0,R,1.0,R,0.0,R,1.0,R,1.0,R,100.0,R,12
213367,2009,R,948.0,R,1321.0,R,72.0,R,847.0,R,1.0,R,846.0,R,698.0,R,83.0,R,75.0,R,0.0,R,75.0,R,55.0,R,73.0,R,13
213376,2009,R,386.0,R,660.0,R,58.0,R,431.0,R,0.0,R,431.0,R,247.0,R,57.0,R,76.0,R,0.0,R,76.0,R,54.0,R,71.0,R,13
213385,2009,R,616.0,R,637.0,R,97.0,R,601.0,R,0.0,R,601.0,R,568.0,R,95.0,R,0.0,R,0.0,R,0.0,R,0.0,A,,R,11
213400,2009,R,126.0,R,290.0,R,43.0,R,118.0,R,0.0,R,118.0,R,89.0,R,75.0,R,6.0,R,0.0,R,6.0,R,5.0,R,83.0,R,14
213455,2009,A,,A,,A,,R,26.0,R,0.0,R,26.0,R,24.0,R,92.0,R,58.0,R,0.0,R,58.0,R,50.0,R,86.0,R,16
213473,2009,R,64.0,R,117.0,R,55.0,R,64.0,R,0.0,R,64.0,R,47.0,R,73.0,R,65.0,R,0.0,R,65.0,R,53.0,R,82.0,R,16
213491,2009,A,,A,,A,,R,20.0,Z,0.0,R,20.0,R,18.0,R,90.0,R,13.0,Z,0.0,R,13.0,R,12.0,R,92.0,R,14
213507,2009,R,378.0,R,497.0,R,76.0,R,396.0,R,1.0,R,395.0,R,338.0,R,86.0,R,0.0,R,0.0,R,0.0,R,0.0,A,,R,13
213525,2009,R,1476.0,R,3544.0,R,42.0,R,1215.0,R,0.0,R,1215.0,R,713.0,R,59.0,R,806.0,R,2.0,R,804.0,R,276.0,R,34.0,R,21
213534,2009,R,93.0,R,136.0,R,68.0,R,55.0,R,0.0,R,55.0,R,44.0,R,80.0,R,48.0,R,0.0,R,48.0,R,17.0,R,35.0,R,17
213543,2009,R,1193.0,R,1249.0,R,96.0,R,1205.0,R,0.0,R,1205.0,R,1134.0,R,94.0,R,0.0,R,0.0,R,0.0,R,0.0,A,,R,10
213552,2009,A,,A,,A,,R,19.0,R,0.0,R,19.0,R,17.0,R,89.0,R,8.0,R,0.0,R,8.0,R,7.0,R,88.0,R,11
213570,2009,A,,A,,A,,R,185.0,Z,0.0,R,185.0,R,109.0,R,59.0,Z,0.0,Z,0.0,Z,0.0,Z,0.0,A,,R,32
213589,2009,A,,A,,A,,R,130.0,Z,0.0,R,130.0,R,68.0,R,52.0,R,55.0,Z,0.0,R,55.0,R,32.0,R,58.0,R,27
213598,2009,R,579.0,R,629.0,R,92.0,R,531.0,R,0.0,R,531.0,R,395.0,R,74.0,R,2.0,R,0.0,R,2.0,R,1.0,R,50.0,R,16
213613,2009,R,1185.0,R,1565.0,R,76.0,R,1226.0,R,4.0,R,1222.0,R,839.0,R,69.0,R,10.0,R,0.0,R,10.0,R,1.0,R,10.0,R,21
213622,2009,A,,A,,A,,R,25.0,R,0.0,R,25.0,R,15.0,R,60.0,R,0.0,R,0.0,R,0.0,R,0.0,A,,R,7
213659,2009,R,1419.0,R,2696.0,R,53.0,R,1199.0,R,1.0,R,1198.0,R,696.0,R,58.0,R,434.0,R,0.0,R,434.0,R,187.0,R,43.0,R,19
213668,2009,R,386.0,R,429.0,R,90.0,R,340.0,Z,0.0,R,340.0,R,266.0,R,78.0,Z,0.0,Z,0.0,Z,0.0,Z,0.0,A,,R,14
213686,2009,R,32.0,R,34.0,R,94.0,R,11.0,R,0.0,R,11.0,R,8.0,R,73.0,R,5.0,R,0.0,R,5.0,R,3.0,R,60.0,R,18
213774,2009,R,147.0,R,449.0,R,33.0,R,146.0,R,0.0,R,146.0,R,88.0,R,60.0,R,63.0,R,0.0,R,63.0,R,33.0,R,52.0,R,10
213783,2009,R,714.0,R,1002.0,R,71.0,R,547.0,R,3.0,R,544.0,R,405.0,R,74.0,R,5.0,R,0.0,R,5.0,R,2.0,R,40.0,R,16
213826,2009,R,414.0,R,659.0,R,63.0,R,422.0,R,0.0,R,422.0,R,354.0,R,84.0,R,4.0,R,0.0,R,4.0,R,2.0,R,50.0,R,13
213914,2009,R,133.0,R,189.0,R,70.0,R,91.0,Z,0.0,R,91.0,R,60.0,R,66.0,Z,0.0,Z,0.0,Z,0.0,Z,0.0,A,,R,35
213932,2009,A,,A,,A,,A,,A,,A,,A,,A,,A,,A,,A,,A,,A,,R,9
213987,2009,R,978.0,R,1359.0,R,72.0,R,643.0,R,0.0,R,643.0,R,521.0,R,81.0,R,2.0,R,0.0,R,2.0,R,1.0,R,50.0,R,17
213996,2009,R,698.0,R,780.0,R,89.0,R,709.0,R,0.0,R,709.0,R,615.0,R,87.0,Z,0.0,Z,0.0,Z,0.0,Z,0.0,A,,R,13
214023,2009,R,29.0,R,36.0,R,81.0,R,60.0,R,5.0,R,55.0,R,38.0,R,69.0,R,7.0,R,0.0,R,7.0,R,5.0,R,71.0,R,16
214041,2009,R,1317.0,R,1949.0,R,68.0,R,1299.0,R,0.0,R,1299.0,R,1066.0,R,82.0,R,12.0,R,0.0,R,12.0,R,8.0,R,67.0,R,21
214069,2009,R,371.0,R,567.0,R,65.0,R,378.0,R,0.0,R,378.0,R,321.0,R,85.0,R,6.0,R,0.0,R,6.0,R,3.0,R,50.0,R,13
214111,2009,R,1484.0,R,3548.0,R,42.0,R,1462.0,Z,0.0,R,1462.0,R,882.0,R,60.0,R,874.0,Z,0.0,R,874.0,R,347.0,R,40.0,R,22
214148,2009,R,99.0,R,145.0,R,68.0,R,106.0,R,0.0,R,106.0,R,79.0,R,75.0,R,1.0,R,0.0,R,1.0,R,0.0,R,0.0,R,9
214157,2009,R,379.0,R,511.0,R,74.0,R,387.0,R,0.0,R,387.0,R,303.0,R,78.0,R,0.0,R,0.0,R,0.0,R,0.0,A,,R,10
214166,2009,R,349.0,R,517.0,R,68.0,R,177.0,Z,0.0,R,177.0,R,104.0,R,59.0,R,1.0,Z,0.0,R,1.0,R,0.0,R,0.0,R,14
214175,2009,R,577.0,R,628.0,R,92.0,R,597.0,R,0.0,R,597.0,R,547.0,R,92.0,R,0.0,R,0.0,R,0.0,Z,0.0,A,,R,12
214254,2009,A,,A,,A,,R,426.0,R,0.0,R,426.0,R,223.0,R,52.0,R,0.0,R,0.0,R,0.0,R,0.0,A,,R,40
214272,2009,R,520.0,R,603.0,R,86.0,R,539.0,Z,0.0,R,539.0,R,394.0,R,73.0,R,0.0,R,0.0,R,0.0,R,0.0,A,,R,14
214290,2009,A,,A,,A,,R,207.0,R,0.0,R,207.0,R,144.0,R,70.0,R,0.0,R,0.0,R,0.0,R,0.0,A,,R,16
214315,2009,R,15.0,R,26.0,R,58.0,R,22.0,R,0.0,R,22.0,R,12.0,R,55.0,R,0.0,R,0.0,R,0.0,R,0.0,A,,R,10
214379,2009,R,2064.0,R,4694.0,R,44.0,R,1914.0,R,0.0,R,1914.0,R,1163.0,R,61.0,R,1217.0,R,0.0,R,1217.0,R,460.0,R,38.0,R,24
214476,2009,A,,A,,A,,R,51.0,Z,0.0,R,51.0,R,39.0,R,76.0,R,22.0,Z,0.0,R,22.0,R,11.0,R,50.0,R,26
214528,2009,A,,A,,A,,R,185.0,R,1.0,R,184.0,R,138.0,R,75.0,R,37.0,R,0.0,R,37.0,R,27.0,R,73.0,R,13
214546,2009,A,,A,,A,,R,25.0,R,0.0,R,25.0,R,20.0,R,80.0,R,4.0,R,0.0,R,4.0,R,3.0,R,75.0,R,12
214582,2009,R,499.0,R,534.0,R,93.0,R,488.0,Z,0.0,R,488.0,R,221.0,R,45.0,R,100.0,Z,0.0,R,100.0,R,49.0,R,49.0,R,22
214591,2009,R,1082.0,R,1304.0,R,83.0,R,1041.0,R,0.0,R,1041.0,R,889.0,R,85.0,R,4.0,R,0.0,R,4.0,R,3.0,R,75.0,R,17
214625,2009,R,179.0,R,313.0,R,57.0,R,155.0,R,0.0,R,155.0,R,117.0,R,75.0,R,3.0,R,0.0,R,3.0,R,2.0,R,67.0,R,14
214634,2009,R,127.0,R,301.0,R,42.0,R,62.0,R,0.0,R,62.0,R,35.0,R,56.0,R,3.0,R,0.0,R,3.0,R,0.0,R,0.0,R,13
214643,2009,R,201.0,R,263.0,R,76.0,R,163.0,R,0.0,R,163.0,R,119.0,R,73.0,R,0.0,R,0.0,R,0.0,Z,0.0,A,,R,15
214652,2009,R,343.0,R,496.0,R,69.0,R,291.0,R,0.0,R,291.0,R,216.0,R,74.0,R,1.0,R,0.0,R,1.0,R,0.0,R,0.0,R,16
214670,2009,R,225.0,R,402.0,R,56.0,R,199.0,R,0.0,R,199.0,R,155.0,R,78.0,R,2.0,R,0.0,R,2.0,R,0.0,R,0.0,R,13
214689,2009,R,1582.0,R,1709.0,R,93.0,R,1337.0,R,1.0,R,1336.0,R,1131.0,R,85.0,R,5.0,R,0.0,R,5.0,R,2.0,R,40.0,R,17
214698,2009,R,248.0,R,428.0,R,58.0,R,270.0,R,0.0,R,270.0,R,185.0,R,69.0,R,2.0,R,0.0,R,2.0,R,1.0,R,50.0,R,17
214704,2009,R,786.0,R,1000.0,R,79.0,R,919.0,R,0.0,R,919.0,R,714.0,R,78.0,R,8.0,R,0.0,R,8.0,R,4.0,R,50.0,R,18
214713,2009,R,472.0,R,820.0,R,58.0,R,439.0,R,0.0,R,439.0,R,365.0,R,83.0,R,3.0,R,0.0,R,3.0,R,1.0,R,33.0,R,13
214731,2009,R,393.0,R,553.0,R,71.0,R,387.0,R,0.0,R,387.0,R,275.0,R,71.0,R,4.0,R,0.0,R,4.0,R,1.0,R,25.0,R,17
214740,2009,R,241.0,R,395.0,R,61.0,R,166.0,R,0.0,R,166.0,R,123.0,R,74.0,R,1.0,R,0.0,R,1.0,R,1.0,R,100.0,R,13
214759,2009,R,230.0,R,415.0,R,55.0,R,131.0,R,0.0,R,131.0,R,102.0,R,78.0,R,1.0,R,0.0,R,1.0,R,1.0,R,100.0,R,13
214768,2009,R,560.0,R,636.0,R,88.0,R,486.0,R,0.0,R,486.0,R,386.0,R,79.0,R,1.0,R,0.0,R,1.0,R,1.0,R,100.0,R,19
214777,2009,R,6540.0,R,7353.0,R,89.0,R,7232.0,R,6.0,R,7226.0,R,6739.0,R,93.0,R,13.0,R,0.0,R,13.0,R,12.0,R,92.0,R,17
214786,2009,R,259.0,R,362.0,R,72.0,R,201.0,R,0.0,R,201.0,R,142.0,R,71.0,Z,0.0,Z,0.0,Z,0.0,Z,0.0,A,,R,15
214795,2009,R,407.0,R,566.0,R,72.0,R,264.0,R,1.0,R,263.0,R,201.0,R,76.0,R,7.0,R,0.0,R,7.0,R,3.0,R,43.0,R,13
214801,2009,R,840.0,R,1234.0,R,68.0,R,791.0,R,0.0,R,791.0,R,573.0,R,72.0,R,9.0,R,0.0,R,9.0,R,4.0,R,44.0,R,20
214810,2009,R,346.0,R,431.0,R,80.0,R,313.0,R,1.0,R,312.0,R,245.0,R,79.0,R,0.0,Z,0.0,R,0.0,Z,0.0,A,,R,17
214829,2009,R,298.0,R,534.0,R,56.0,R,299.0,R,1.0,R,298.0,R,220.0,R,74.0,R,5.0,R,0.0,R,5.0,R,4.0,R,80.0,R,15
214838,2009,R,44.0,R,97.0,R,45.0,R,47.0,R,0.0,R,47.0,R,33.0,R,70.0,R,0.0,R,0.0,R,0.0,R,0.0,A,,R,16
214883,2009,R,16.0,R,414.0,R,4.0,R,1.0,R,0.0,R,1.0,R,0.0,R,0.0,R,2.0,R,0.0,R,2.0,R,1.0,R,50.0,R,17
214892,2009,R,162.0,R,162.0,R,100.0,R,156.0,R,0.0,R,156.0,R,79.0,R,51.0,R,0.0,R,0.0,R,0.0,R,0.0,A,,R,15
214944,2009,A,,A,,A,,R,89.0,R,0.0,R,89.0,R,79.0,R,89.0,R,35.0,R,0.0,R,35.0,R,28.0,R,80.0,R,15
214962,2009,A,,A,,A,,R,25.0,R,0.0,R,25.0,R,11.0,R,44.0,R,3.0,R,0.0,R,3.0,R,3.0,R,100.0,R,9
214971,2009,R,37.0,R,59.0,R,63.0,R,26.0,R,0.0,R,26.0,R,22.0,R,85.0,R,0.0,R,0.0,R,0.0,R,0.0,A,,R,7
215008,2009,A,,A,,A,,R,16.0,R,0.0,R,16.0,R,15.0,R,94.0,R,0.0,R,0.0,R,0.0,R,0.0,A,,R,17
215026,2009,A,,A,,A,,R,6.0,R,0.0,R,6.0,R,4.0,R,67.0,R,0.0,R,0.0,R,0.0,R,0.0,A,,R,10
215044,2009,A,,A,,A,,A,,A,,A,,A,,A,,A,,A,,A,,A,,A,,R,20
215053,2009,R,69.0,R,92.0,R,75.0,R,93.0,R,0.0,R,93.0,R,57.0,R,61.0,R,0.0,R,0.0,R,0.0,R,0.0,A,,R,10
215062,2009,R,2404.0,R,2861.0,R,84.0,R,2395.0,R,0.0,R,2395.0,R,2337.0,R,98.0,R,24.0,R,0.0,R,24.0,R,23.0,R,96.0,R,6
215099,2009,R,718.0,R,821.0,R,87.0,R,730.0,R,0.0,R,730.0,R,581.0,R,80.0,R,1.0,R,0.0,R,1.0,R,1.0,R,100.0,R,15
215105,2009,R,472.0,R,607.0,R,78.0,R,549.0,R,0.0,R,549.0,R,435.0,R,79.0,R,0.0,R,0.0,R,0.0,R,0.0,A,,R,10
215114,2009,R,161.0,R,260.0,R,62.0,R,146.0,R,0.0,R,146.0,R,120.0,R,82.0,R,6.0,R,0.0,R,6.0,R,1.0,R,17.0,R,15
215132,2009,R,513.0,R,573.0,R,90.0,R,535.0,R,0.0,R,535.0,R,456.0,R,85.0,Z,0.0,Z,0.0,Z,0.0,Z,0.0,A,,R,13
215239,2009,R,1848.0,R,5025.0,R,37.0,R,1678.0,R,0.0,R,1678.0,R,924.0,R,55.0,R,1809.0,R,0.0,R,1809.0,R,772.0,R,43.0,R,14
215266,2009,R,414.0,R,596.0,R,69.0,R,374.0,Z,0.0,R,374.0,R,274.0,R,73.0,R,4.0,Z,0.0,R,4.0,R,2.0,R,50.0,R,19
215275,2009,R,410.0,R,595.0,R,69.0,R,460.0,R,0.0,R,460.0,R,363.0,R,79.0,R,2.0,Z,0.0,R,2.0,R,1.0,R,50.0,R,22
215284,2009,R,797.0,R,947.0,R,84.0,R,804.0,Z,0.0,R,804.0,R,579.0,R,72.0,R,1.0,Z,0.0,R,1.0,R,0.0,R,0.0,R,20
215293,2009,R,3619.0,R,4700.0,R,77.0,R,3524.0,R,1.0,R,3523.0,R,3266.0,R,93.0,Z,0.0,Z,0.0,Z,0.0,Z,0.0,A,,R,15
215309,2009,R,203.0,R,256.0,R,79.0,R,192.0,R,0.0,R,192.0,R,112.0,R,58.0,R,9.0,Z,0.0,R,9.0,R,5.0,R,56.0,R,12
215336,2009,A,,A,,A,,R,25.0,R,0.0,R,25.0,R,21.0,R,84.0,R,0.0,R,0.0,R,0.0,R,0.0,A,,R,18
215381,2009,R,83.0,R,98.0,R,85.0,R,185.0,R,0.0,R,185.0,R,166.0,R,90.0,R,0.0,R,0.0,R,0.0,R,0.0,A,,R,8
215390,2009,A,,A,,A,,R,55.0,Z,0.0,R,55.0,R,44.0,R,80.0,R,24.0,Z,0.0,R,24.0,R,18.0,R,75.0,R,13
215415,2009,R,945.0,R,1140.0,R,83.0,R,837.0,R,1.0,R,836.0,R,545.0,R,65.0,R,0.0,R,0.0,R,0.0,R,0.0,A,,R,25
215433,2009,R,98.0,R,98.0,R,100.0,R,100.0,R,0.0,R,100.0,R,61.0,R,61.0,R,0.0,R,0.0,R,0.0,R,0.0,A,,R,26
215442,2009,R,516.0,R,1032.0,R,50.0,R,520.0,R,0.0,R,520.0,R,402.0,R,77.0,R,12.0,R,0.0,R,12.0,R,9.0,R,75.0,R,14
215479,2009,A,,A,,A,,A,,A,,A,,A,,A,,A,,A,,A,,A,,A,,R,5
215530,2009,A,,A,,A,,R,5.0,R,0.0,R,5.0,R,4.0,R,80.0,R,4.0,R,0.0,R,4.0,R,3.0,R,75.0,R,3
215585,2009,R,597.0,R,2010.0,R,30.0,R,628.0,R,0.0,R,628.0,R,307.0,R,49.0,R,354.0,R,0.0,R,354.0,R,127.0,R,36.0,R,22
215594,2009,A,,A,,A,,R,142.0,Z,0.0,R,142.0,R,129.0,R,91.0,R,58.0,Z,0.0,R,58.0,R,52.0,R,90.0,R,8
215637,2009,R,226.0,R,248.0,R,91.0,R,196.0,R,2.0,R,194.0,R,183.0,R,94.0,R,0.0,R,0.0,R,0.0,R,0.0,A,,R,24
215646,2009,A,,A,,A,,R,255.0,R,0.0,R,255.0,R,170.0,R,67.0,R,0.0,R,0.0,R,0.0,R,0.0,A,,R,29
215655,2009,R,722.0,R,1111.0,R,65.0,R,646.0,R,0.0,R,646.0,R,507.0,R,78.0,R,3.0,R,0.0,R,3.0,R,2.0,R,67.0,R,15
215682,2009,R,84.0,R,84.0,R,100.0,R,63.0,R,1.0,R,62.0,R,52.0,R,84.0,R,0.0,R,0.0,R,0.0,R,0.0,A,,R,18
215691,2009,R,177.0,R,223.0,R,79.0,R,126.0,R,0.0,R,126.0,R,80.0,R,63.0,R,0.0,R,0.0,R,0.0,R,0.0,A,,R,9
215743,2009,R,425.0,R,494.0,R,86.0,R,408.0,R,0.0,R,408.0,R,343.0,R,84.0,R,0.0,R,0.0,R,0.0,R,0.0,A,,R,14
215770,2009,R,1188.0,R,1563.0,R,76.0,R,1473.0,R,2.0,R,1471.0,R,1260.0,R,86.0,R,3.0,R,0.0,R,3.0,R,1.0,R,33.0,R,14
215798,2009,R,438.0,R,526.0,R,83.0,R,443.0,R,0.0,R,443.0,R,383.0,R,86.0,R,0.0,R,0.0,R,0.0,R,0.0,A,,R,13
215886,2009,A,,A,,A,,R,58.0,R,0.0,R,58.0,R,19.0,R,33.0,R,42.0,R,0.0,R,42.0,R,40.0,R,95.0,R,4
215929,2009,R,1028.0,R,1256.0,R,82.0,R,961.0,R,0.0,R,961.0,R,850.0,R,88.0,R,7.0,R,0.0,R,7.0,R,2.0,R,29.0,R,12
215947,2009,R,299.0,R,625.0,R,48.0,R,358.0,R,0.0,R,358.0,R,278.0,R,78.0,R,3.0,R,0.0,R,3.0,R,1.0,R,33.0,R,15
215965,2009,A,,A,,A,,R,6.0,R,0.0,R,6.0,R,3.0,R,50.0,R,0.0,R,0.0,R,0.0,R,0.0,A,,R,11
215974,2009,A,,A,,A,,R,11.0,R,0.0,R,11.0,R,10.0,R,91.0,R,2.0,R,0.0,R,2.0,R,2.0,R,100.0,R,8
215983,2009,A,,A,,A,,A,,A,,A,,A,,A,,A,,A,,A,,A,,A,,R,5
215992,2009,R,96.0,R,151.0,R,64.0,R,49.0,Z,0.0,R,49.0,R,24.0,R,49.0,R,1.0,Z,0.0,R,1.0,R,1.0,R,100.0,R,17
216010,2009,R,1675.0,R,2186.0,R,77.0,R,1718.0,R,0.0,R,1718.0,R,1237.0,R,72.0,R,6.0,R,0.0,R,6.0,R,4.0,R,67.0,R,20
216038,2009,R,1545.0,R,2279.0,R,68.0,R,1546.0,R,14.0,R,1532.0,R,1235.0,R,81.0,R,1.0,R,0.0,R,1.0,R,1.0,R,100.0,R,20
216047,2009,R,13.0,R,58.0,R,22.0,R,6.0,R,0.0,R,6.0,R,6.0,R,100.0,Z,0.0,Z,0.0,Z,0.0,Z,0.0,A,,R,9
216074,2009,A,,A,,A,,R,40.0,R,0.0,R,40.0,R,36.0,R,90.0,R,49.0,R,0.0,R,49.0,R,44.0,R,90.0,R,7
216083,2009,R,293.0,R,408.0,R,72.0,R,231.0,R,0.0,R,231.0,R,146.0,R,63.0,R,6.0,R,0.0,R,6.0,R,3.0,R,50.0,R,12
216162,2009,A,,A,,A,,A,,A,,A,,A,,A,,A,,A,,A,,A,,A,,R,10
216223,2009,A,,A,,A,,R,10.0,R,0.0,R,10.0,R,10.0,R,100.0,R,3.0,R,0.0,R,3.0,R,3.0,R,100.0,R,10
216278,2009,R,624.0,R,693.0,R,90.0,R,616.0,R,0.0,R,616.0,R,533.0,R,87.0,R,0.0,R,0.0,R,0.0,R,0.0,A,,R,13
216287,2009,R,394.0,R,426.0,R,92.0,R,372.0,R,0.0,R,372.0,R,367.0,R,99.0,R,0.0,Z,0.0,R,0.0,Z,0.0,A,,R,8
216296,2009,R,434.0,R,595.0,R,73.0,R,423.0,R,0.0,R,423.0,R,291.0,R,69.0,R,0.0,R,0.0,R,0.0,R,0.0,A,,R,15
216311,2009,R,38.0,R,39.0,R,97.0,R,34.0,Z,0.0,R,34.0,R,27.0,R,79.0,Z,0.0,Z,0.0,Z,0.0,Z,0.0,A,,R,23
216339,2009,R,4186.0,R,7115.0,R,59.0,R,3765.0,R,2.0,R,3763.0,R,3301.0,R,88.0,R,17.0,R,0.0,R,17.0,R,8.0,R,47.0,R,16
216357,2009,R,271.0,R,378.0,R,72.0,R,317.0,R,0.0,R,317.0,R,175.0,R,55.0,R,0.0,R,0.0,R,0.0,R,0.0,A,,R,13
216366,2009,A,,A,,A,,A,,A,,A,,A,,A,,A,,A,,A,,A,,A,,R,15
216418,2009,R,87.0,R,143.0,R,61.0,R,163.0,R,0.0,R,163.0,R,103.0,R,63.0,R,51.0,R,0.0,R,51.0,R,25.0,R,49.0,R,17
216427,2009,R,106.0,R,120.0,R,88.0,R,73.0,R,1.0,R,72.0,R,49.0,R,68.0,Z,0.0,Z,0.0,Z,0.0,Z,0.0,A,,R,11
216436,2009,R,104.0,R,174.0,R,60.0,R,87.0,R,0.0,R,87.0,R,66.0,R,76.0,R,0.0,R,0.0,R,0.0,R,0.0,A,,R,12
216445,2009,R,135.0,R,183.0,R,74.0,R,82.0,R,0.0,R,82.0,R,75.0,R,91.0,R,0.0,R,0.0,R,0.0,R,0.0,A,,R,10
216454,2009,R,183.0,R,212.0,R,86.0,R,141.0,R,3.0,R,138.0,R,124.0,R,90.0,R,0.0,R,0.0,R,0.0,R,0.0,A,,R,15
216524,2009,R,510.0,R,540.0,R,94.0,R,543.0,R,0.0,R,543.0,R,481.0,R,89.0,R,0.0,Z,0.0,R,0.0,Z,0.0,A,,R,12
216542,2009,R,189.0,R,413.0,R,46.0,R,150.0,R,0.0,R,150.0,R,88.0,R,59.0,R,183.0,R,0.0,R,183.0,R,61.0,R,33.0,R,14
216551,2009,R,167.0,R,213.0,R,78.0,R,177.0,R,0.0,R,177.0,R,89.0,R,50.0,R,0.0,R,0.0,R,0.0,R,0.0,A,,R,15
216579,2009,A,,A,,A,,R,72.0,R,1.0,R,71.0,R,60.0,R,85.0,R,0.0,R,0.0,R,0.0,R,0.0,A,,R,19
216597,2009,R,1643.0,R,1940.0,R,85.0,R,1602.0,R,0.0,R,1602.0,R,1508.0,R,94.0,R,0.0,R,0.0,R,0.0,R,0.0,A,,R,11
216630,2009,A,,A,,A,,R,14.0,Z,0.0,R,14.0,R,2.0,R,14.0,R,0.0,R,0.0,R,0.0,R,0.0,A,,R,12
216649,2009,A,,A,,A,,A,,A,,A,,A,,A,,A,,A,,A,,A,,A,,R,8
216667,2009,R,393.0,R,428.0,R,92.0,R,399.0,R,0.0,R,399.0,R,342.0,R,86.0,R,0.0,R,0.0,R,0.0,R,0.0,A,,R,12
216694,2009,R,385.0,R,445.0,R,87.0,R,380.0,R,0.0,R,380.0,R,287.0,R,76.0,R,0.0,R,0.0,R,0.0,R,0.0,A,,R,17
216746,2009,A,,A,,A,,R,17.0,R,0.0,R,17.0,R,14.0,R,82.0,R,3.0,R,0.0,R,3.0,R,2.0,R,67.0,R,15
216764,2009,R,2241.0,R,3623.0,R,62.0,R,1993.0,R,1.0,R,1992.0,R,1683.0,R,84.0,R,9.0,R,0.0,R,9.0,R,5.0,R,56.0,R,18
216773,2009,A,,A,,A,,R,12.0,R,0.0,R,12.0,R,5.0,R,42.0,R,0.0,R,0.0,R,0.0,R,0.0,A,,R,9
216782,2009,A,,A,,A,,R,115.0,R,0.0,R,115.0,R,73.0,R,63.0,R,9.0,R,0.0,R,9.0,R,1.0,R,11.0,R,32
216807,2009,R,445.0,R,445.0,R,100.0,R,451.0,R,0.0,R,451.0,R,390.0,R,86.0,R,0.0,R,0.0,R,0.0,R,0.0,A,,R,12
216825,2009,R,1322.0,R,2468.0,R,54.0,R,1055.0,R,0.0,R,1055.0,R,685.0,R,65.0,R,466.0,R,0.0,R,466.0,R,154.0,R,33.0,R,19
216852,2009,R,710.0,R,1003.0,R,71.0,R,718.0,R,0.0,R,718.0,R,519.0,R,72.0,R,4.0,R,0.0,R,4.0,R,1.0,R,25.0,R,12
216931,2009,R,527.0,R,732.0,R,72.0,R,561.0,R,0.0,R,561.0,R,447.0,R,80.0,R,4.0,R,0.0,R,4.0,R,1.0,R,25.0,R,15
216986,2009,R,46.0,R,59.0,R,78.0,R,32.0,R,0.0,R,32.0,R,19.0,R,59.0,R,0.0,R,0.0,R,0.0,R,0.0,A,,R,14
217013,2009,R,103.0,R,233.0,R,44.0,R,87.0,R,0.0,R,87.0,R,61.0,R,70.0,R,0.0,R,0.0,R,0.0,R,0.0,A,,R,10
217040,2009,R,25.0,R,27.0,R,93.0,R,23.0,Z,0.0,R,23.0,R,22.0,R,96.0,Z,0.0,Z,0.0,Z,0.0,Z,0.0,A,,R,13
217059,2009,R,1092.0,R,1414.0,R,77.0,R,1097.0,R,0.0,R,1097.0,R,857.0,R,78.0,R,12.0,R,0.0,R,12.0,R,5.0,R,42.0,R,16
217077,2009,A,,A,,A,,R,1320.0,R,1.0,R,1319.0,R,867.0,R,66.0,Z,0.0,Z,0.0,Z,0.0,Z,0.0,A,,R,17
217086,2009,R,79.0,R,100.0,R,79.0,R,53.0,R,0.0,R,53.0,R,33.0,R,62.0,R,10.0,R,0.0,R,10.0,R,8.0,R,80.0,R,19
217095,2009,A,,A,,A,,R,57.0,Z,0.0,R,57.0,R,38.0,R,67.0,R,15.0,Z,0.0,R,15.0,R,10.0,R,67.0,R,15
217156,2009,R,1493.0,R,1753.0,R,85.0,R,1548.0,Z,0.0,R,1548.0,R,1502.0,R,97.0,Z,0.0,Z,0.0,Z,0.0,Z,0.0,A,,R,9
217165,2009,R,750.0,R,864.0,R,87.0,R,907.0,R,0.0,R,907.0,R,788.0,R,87.0,R,4.0,R,0.0,R,4.0,R,3.0,R,75.0,R,18
217235,2009,R,2023.0,R,2818.0,R,72.0,R,2083.0,R,0.0,R,2083.0,R,1508.0,R,72.0,R,32.0,Z,0.0,R,32.0,R,6.0,R,19.0,R,31
217244,2009,A,,A,,A,,A,,A,,A,,A,,A,,A,,A,,A,,A,,A,,R,5
217305,2009,R,766.0,R,889.0,R,86.0,R,784.0,R,0.0,R,784.0,R,537.0,R,68.0,R,0.0,R,0.0,R,0.0,R,0.0,A,,R,18
217323,2009,A,,A,,A,,A,,A,,A,,A,,A,,A,,A,,A,,A,,A,,R,11
217350,2009,A,,A,,A,,R,0.0,R,0.0,R,0.0,R,0.0,A,,R,13.0,R,0.0,R,13.0,R,9.0,R,69.0,R,15
217402,2009,R,955.0,R,1100.0,R,87.0,R,989.0,R,0.0,R,989.0,R,902.0,R,91.0,R,12.0,R,0.0,R,12.0,R,8.0,R,67.0,R,13
217420,2009,R,1216.0,R,2136.0,R,57.0,R,1155.0,R,0.0,R,1155.0,R,895.0,R,77.0,R,35.0,R,0.0,R,35.0,R,18.0,R,51.0,R,22
217475,2009,R,2164.0,R,7789.0,R,28.0,R,2316.0,R,129.0,R,2187.0,R,1365.0,R,62.0,R,1438.0,R,59.0,R,1379.0,R,592.0,R,43.0,R,22
217484,2009,R,2919.0,R,3649.0,R,80.0,R,3033.0,R,0.0,R,3033.0,R,2382.0,R,79.0,R,73.0,R,0.0,R,73.0,R,36.0,R,49.0,R,16
217493,2009,R,447.0,R,538.0,R,83.0,R,438.0,Z,0.0,R,438.0,R,414.0,R,95.0,Z,0.0,Z,0.0,Z,0.0,Z,0.0,A,,R,10
217518,2009,R,1026.0,R,1216.0,R,84.0,R,954.0,R,0.0,R,954.0,R,744.0,R,78.0,Z,0.0,Z,0.0,Z,0.0,Z,0.0,A,,R,12
217536,2009,R,501.0,R,542.0,R,92.0,R,556.0,R,0.0,R,556.0,R,425.0,R,76.0,R,0.0,R,0.0,R,0.0,R,0.0,A,,R,14
217545,2009,A,,A,,A,,R,242.0,R,0.0,R,242.0,R,142.0,R,59.0,R,0.0,R,0.0,R,0.0,R,0.0,A,,R,14
217572,2009,A,,A,,A,,R,30.0,R,0.0,R,30.0,R,27.0,R,90.0,R,0.0,R,0.0,R,0.0,R,0.0,A,,R,7
217581,2009,A,,A,,A,,R,43.0,Z,0.0,R,43.0,R,29.0,R,67.0,R,10.0,Z,0.0,R,10.0,R,4.0,R,40.0,R,13
217606,2009,R,42.0,R,88.0,R,48.0,R,41.0,R,0.0,R,41.0,R,36.0,R,88.0,R,4.0,R,0.0,R,4.0,R,2.0,R,50.0,R,15
217615,2009,R,494.0,R,1010.0,R,49.0,R,395.0,R,0.0,R,395.0,R,224.0,R,57.0,R,165.0,R,0.0,R,165.0,R,78.0,R,47.0,R,20
217624,2009,R,241.0,R,296.0,R,81.0,R,326.0,R,0.0,R,326.0,R,202.0,R,62.0,R,0.0,R,0.0,R,0.0,R,0.0,A,,R,25
217633,2009,R,450.0,R,588.0,R,77.0,R,402.0,R,0.0,R,402.0,R,299.0,R,74.0,R,16.0,R,0.0,R,16.0,R,11.0,R,69.0,R,18
217688,2009,R,658.0,R,922.0,R,71.0,R,612.0,R,0.0,R,612.0,R,368.0,R,60.0,R,0.0,R,0.0,R,0.0,R,0.0,A,,R,16
217712,2009,R,272.0,R,950.0,R,29.0,R,186.0,R,0.0,R,186.0,R,105.0,R,56.0,R,265.0,R,0.0,R,265.0,R,105.0,R,40.0,R,19
217721,2009,R,833.0,R,978.0,R,85.0,R,877.0,R,0.0,R,877.0,R,528.0,R,60.0,R,11.0,R,0.0,R,11.0,R,3.0,R,27.0,R,17
217749,2009,R,806.0,R,955.0,R,84.0,R,752.0,R,0.0,R,752.0,R,538.0,R,72.0,R,4.0,R,0.0,R,4.0,R,3.0,R,75.0,R,13
217776,2009,R,168.0,R,245.0,R,69.0,R,142.0,R,0.0,R,142.0,R,95.0,R,67.0,R,0.0,R,0.0,R,0.0,R,0.0,A,,R,25
217794,2009,A,,A,,A,,R,65.0,R,0.0,R,65.0,R,50.0,R,77.0,R,18.0,R,0.0,R,18.0,R,13.0,R,72.0,R,14
217819,2009,R,2142.0,R,3164.0,R,68.0,R,1955.0,R,2.0,R,1953.0,R,1607.0,R,82.0,R,1.0,R,0.0,R,1.0,R,0.0,R,0.0,R,16
217828,2009,A,,A,,A,,R,10.0,R,0.0,R,10.0,R,8.0,R,80.0,R,4.0,R,0.0,R,4.0,R,3.0,R,75.0,R,14
217837,2009,R,176.0,R,310.0,R,57.0,R,177.0,R,0.0,R,177.0,R,89.0,R,50.0,R,82.0,R,0.0,R,82.0,R,29.0,R,35.0,R,22
217864,2009,R,591.0,R,700.0,R,84.0,R,607.0,R,0.0,R,607.0,R,502.0,R,83.0,R,0.0,R,0.0,R,0.0,R,0.0,A,,R,16
217873,2009,R,466.0,R,605.0,R,77.0,R,463.0,R,0.0,R,463.0,R,333.0,R,72.0,R,0.0,R,0.0,R,0.0,R,0.0,A,,R,14
217882,2009,R,3339.0,R,4353.0,R,77.0,R,2868.0,R,0.0,R,2868.0,R,2593.0,R,90.0,R,55.0,R,0.0,R,55.0,R,33.0,R,60.0,R,16
217891,2009,R,66.0,R,90.0,R,73.0,R,49.0,R,1.0,R,48.0,R,42.0,R,88.0,R,0.0,R,0.0,R,0.0,R,0.0,A,,R,15
217907,2009,R,196.0,R,238.0,R,82.0,R,152.0,R,0.0,R,152.0,R,102.0,R,67.0,R,0.0,R,0.0,R,0.0,R,0.0,A,,R,12
217925,2009,R,101.0,R,174.0,R,58.0,R,83.0,R,0.0,R,83.0,R,67.0,R,81.0,R,1.0,R,0.0,R,1.0,R,1.0,R,100.0,R,17
217934,2009,R,218.0,R,333.0,R,65.0,R,277.0,R,0.0,R,277.0,R,172.0,R,62.0,R,3.0,R,0.0,R,3.0,R,1.0,R,33.0,R,13
217961,2009,R,171.0,R,187.0,R,91.0,R,156.0,R,0.0,R,156.0,R,112.0,R,72.0,R,5.0,R,0.0,R,5.0,R,1.0,R,20.0,R,14
217989,2009,R,347.0,R,449.0,R,77.0,R,450.0,R,0.0,R,450.0,R,153.0,R,34.0,R,301.0,R,0.0,R,301.0,R,13.0,R,4.0,R,25
217998,2009,R,182.0,R,209.0,R,87.0,R,163.0,R,0.0,R,163.0,R,102.0,R,63.0,R,0.0,R,0.0,R,0.0,R,0.0,A,,R,12
218025,2009,R,1006.0,R,1919.0,R,52.0,R,805.0,R,0.0,R,805.0,R,453.0,R,56.0,R,331.0,R,0.0,R,331.0,R,100.0,R,30.0,R,26
218043,2009,R,11.0,R,21.0,R,52.0,R,21.0,R,0.0,R,21.0,R,18.0,R,86.0,R,6.0,R,0.0,R,6.0,R,4.0,R,67.0,R,6
218061,2009,R,791.0,R,1275.0,R,62.0,R,677.0,R,0.0,R,677.0,R,460.0,R,68.0,R,4.0,R,0.0,R,4.0,R,2.0,R,50.0,R,15
218070,2009,R,655.0,R,708.0,R,93.0,R,753.0,R,0.0,R,753.0,R,689.0,R,92.0,R,8.0,R,0.0,R,8.0,R,6.0,R,75.0,R,11
218089,2009,A,,A,,A,,R,1.0,R,0.0,R,1.0,R,0.0,R,0.0,R,19.0,R,0.0,R,19.0,R,8.0,R,42.0,R,4
218113,2009,R,1972.0,R,3902.0,R,51.0,R,1886.0,R,0.0,R,1886.0,R,959.0,R,51.0,R,783.0,R,0.0,R,783.0,R,314.0,R,40.0,R,20
218140,2009,R,915.0,R,1827.0,R,50.0,R,674.0,R,0.0,R,674.0,R,415.0,R,62.0,R,379.0,R,0.0,R,379.0,R,197.0,R,52.0,R,22
218159,2009,A,,A,,A,,R,39.0,R,0.0,R,39.0,R,35.0,R,90.0,R,22.0,R,0.0,R,22.0,R,14.0,R,64.0,R,20
218195,2009,A,,A,,A,,R,70.0,R,0.0,R,70.0,R,50.0,R,71.0,R,47.0,R,0.0,R,47.0,R,40.0,R,85.0,R,20
218229,2009,R,581.0,R,853.0,R,68.0,R,554.0,R,0.0,R,554.0,R,388.0,R,70.0,R,1.0,R,0.0,R,1.0,R,0.0,R,0.0,R,18
218238,2009,R,288.0,R,688.0,R,42.0,R,227.0,R,0.0,R,227.0,R,130.0,R,57.0,R,67.0,R,0.0,R,67.0,R,29.0,R,43.0,R,21
218335,2009,A,,A,,A,,A,,A,,A,,A,,A,,A,,A,,A,,A,,A,,R,8
218353,2009,R,1672.0,R,3827.0,R,44.0,R,1558.0,R,0.0,R,1558.0,R,833.0,R,53.0,R,743.0,R,0.0,R,743.0,R,264.0,R,36.0,R,20
218399,2009,R,300.0,R,346.0,R,87.0,R,292.0,R,0.0,R,292.0,R,163.0,R,56.0,R,1.0,R,0.0,R,1.0,R,1.0,R,100.0,R,17
218414,2009,R,342.0,R,448.0,R,76.0,R,297.0,R,0.0,R,297.0,R,183.0,R,62.0,R,2.0,R,0.0,R,2.0,R,2.0,R,100.0,R,17
218441,2009,R,491.0,R,623.0,R,79.0,R,498.0,R,0.0,R,498.0,R,328.0,R,66.0,R,7.0,R,0.0,R,7.0,R,3.0,R,43.0,R,15
218487,2009,R,414.0,R,913.0,R,45.0,R,413.0,R,0.0,R,413.0,R,224.0,R,54.0,R,140.0,R,0.0,R,140.0,R,52.0,R,37.0,R,20
218520,2009,R,861.0,R,1538.0,R,56.0,R,685.0,R,0.0,R,685.0,R,406.0,R,59.0,R,310.0,R,0.0,R,310.0,R,119.0,R,38.0,R,22
218539,2009,R,364.0,R,400.0,R,91.0,R,323.0,R,0.0,R,323.0,R,275.0,R,85.0,R,1.0,R,0.0,R,1.0,R,0.0,R,0.0,R,12
218645,2009,R,599.0,R,950.0,R,63.0,R,559.0,R,0.0,R,559.0,R,386.0,R,69.0,R,35.0,R,0.0,R,35.0,R,17.0,R,49.0,R,15
218654,2009,R,354.0,R,628.0,R,56.0,R,281.0,R,0.0,R,281.0,R,168.0,R,60.0,R,21.0,R,0.0,R,21.0,R,7.0,R,33.0,R,16
218663,2009,R,3881.0,R,5519.0,R,70.0,R,3826.0,R,0.0,R,3826.0,R,3321.0,R,87.0,R,33.0,R,0.0,R,33.0,R,12.0,R,36.0,R,18
218672,2009,R,341.0,R,452.0,R,75.0,R,329.0,R,0.0,R,329.0,R,180.0,R,55.0,R,29.0,R,0.0,R,29.0,R,10.0,R,34.0,R,18
218681,2009,R,239.0,R,353.0,R,68.0,R,217.0,R,0.0,R,217.0,R,110.0,R,51.0,R,47.0,R,0.0,R,47.0,R,16.0,R,34.0,R,22
218690,2009,R,299.0,R,427.0,R,70.0,R,223.0,R,0.0,R,223.0,R,119.0,R,53.0,R,22.0,R,0.0,R,22.0,R,7.0,R,32.0,R,14
218706,2009,R,100.0,R,147.0,R,68.0,R,76.0,R,0.0,R,76.0,R,45.0,R,59.0,R,11.0,R,0.0,R,11.0,R,9.0,R,82.0,R,24
218724,2009,R,1769.0,R,2795.0,R,63.0,R,1643.0,R,0.0,R,1643.0,R,1083.0,R,66.0,R,12.0,R,0.0,R,12.0,R,3.0,R,25.0,R,18
218733,2009,R,713.0,R,973.0,R,73.0,R,923.0,R,0.0,R,923.0,R,618.0,R,67.0,R,43.0,R,0.0,R,43.0,R,11.0,R,26.0,R,16
218742,2009,R,837.0,R,1706.0,R,49.0,R,708.0,R,0.0,R,708.0,R,457.0,R,65.0,R,20.0,R,0.0,R,20.0,R,7.0,R,35.0,R,17
218821,2009,R,451.0,R,506.0,R,89.0,R,444.0,R,0.0,R,444.0,R,242.0,R,55.0,R,1.0,R,0.0,R,1.0,R,1.0,R,100.0,R,18
218830,2009,R,919.0,R,1814.0,R,51.0,R,733.0,R,0.0,R,733.0,R,417.0,R,57.0,R,334.0,R,0.0,R,334.0,R,115.0,R,34.0,R,30
218858,2009,R,472.0,R,1165.0,R,41.0,R,308.0,R,1.0,R,307.0,R,186.0,R,61.0,R,261.0,R,1.0,R,260.0,R,126.0,R,48.0,R,19
218867,2009,A,,A,,A,,R,23.0,R,0.0,R,23.0,R,22.0,R,96.0,R,0.0,R,0.0,R,0.0,R,0.0,A,,R,17
218885,2009,R,1603.0,R,2850.0,R,56.0,R,1251.0,R,0.0,R,1251.0,R,571.0,R,46.0,R,200.0,R,0.0,R,200.0,R,82.0,R,41.0,R,22
218894,2009,R,2030.0,R,4027.0,R,50.0,R,1595.0,R,0.0,R,1595.0,R,951.0,R,60.0,R,660.0,R,0.0,R,660.0,R,305.0,R,46.0,R,22
218919,2009,R,276.0,R,314.0,R,88.0,R,146.0,R,0.0,R,146.0,R,92.0,R,63.0,R,0.0,R,0.0,R,0.0,R,0.0,A,,R,15
218955,2009,R,144.0,R,271.0,R,53.0,R,105.0,R,0.0,R,105.0,R,51.0,R,49.0,R,91.0,R,0.0,R,91.0,R,24.0,R,26.0,R,17
218964,2009,R,1060.0,R,1374.0,R,77.0,R,1075.0,R,0.0,R,1075.0,R,725.0,R,67.0,R,0.0,R,0.0,R,0.0,R,0.0,A,,R,15
218973,2009,R,392.0,R,419.0,R,94.0,R,415.0,R,0.0,R,415.0,R,358.0,R,86.0,R,0.0,R,0.0,R,0.0,R,0.0,A,,R,11
218991,2009,R,1020.0,R,1976.0,R,52.0,R,754.0,R,0.0,R,754.0,R,436.0,R,58.0,R,318.0,R,0.0,R,318.0,R,127.0,R,40.0,R,21
219000,2009,R,431.0,R,514.0,R,84.0,R,427.0,R,1.0,R,426.0,R,350.0,R,82.0,R,11.0,R,0.0,R,11.0,R,1.0,R,9.0,R,12
219037,2009,A,,A,,A,,R,58.0,R,0.0,R,58.0,R,46.0,R,79.0,R,0.0,R,0.0,R,0.0,R,0.0,A,,R,13
219046,2009,R,551.0,R,1215.0,R,45.0,R,484.0,Z,0.0,R,484.0,R,298.0,R,62.0,R,29.0,R,1.0,R,28.0,R,13.0,R,46.0,R,19
219055,2009,R,28.0,R,130.0,R,22.0,R,20.0,R,0.0,R,20.0,R,6.0,R,30.0,R,21.0,R,0.0,R,21.0,R,8.0,R,38.0,R,10
219082,2009,R,287.0,R,1125.0,R,26.0,R,251.0,Z,0.0,R,251.0,R,166.0,R,66.0,R,14.0,Z,0.0,R,14.0,R,4.0,R,29.0,R,17
219091,2009,R,168.0,R,291.0,R,58.0,R,154.0,R,0.0,R,154.0,R,96.0,R,62.0,R,1.0,R,0.0,R,1.0,R,0.0,R,0.0,R,11
219125,2009,A,,A,,A,,R,45.0,R,0.0,R,45.0,R,44.0,R,98.0,R,0.0,R,0.0,R,0.0,R,0.0,A,,R,7
219143,2009,R,605.0,R,650.0,R,93.0,R,492.0,R,9.0,R,483.0,R,403.0,R,83.0,R,45.0,R,0.0,R,45.0,R,29.0,R,64.0,R,15
219170,2009,A,,A,,A,,A,,A,,A,,A,,A,,A,,A,,A,,A,,A,,R,9
219189,2009,R,556.0,R,691.0,R,80.0,R,318.0,R,3.0,R,315.0,R,256.0,R,81.0,R,9.0,R,0.0,R,9.0,R,9.0,R,100.0,R,16
219198,2009,R,105.0,R,386.0,R,27.0,R,139.0,R,0.0,R,139.0,R,109.0,R,78.0,R,45.0,R,0.0,R,45.0,R,27.0,R,60.0,R,13
219204,2009,R,42.0,R,569.0,R,7.0,R,27.0,R,0.0,R,27.0,R,8.0,R,30.0,R,145.0,R,0.0,R,145.0,R,77.0,R,53.0,R,9
219213,2009,R,23.0,R,188.0,R,12.0,R,25.0,R,0.0,R,25.0,R,13.0,R,52.0,R,37.0,R,0.0,R,37.0,R,16.0,R,43.0,R,39
219259,2009,R,318.0,R,939.0,R,34.0,R,343.0,R,1.0,R,342.0,R,239.0,R,70.0,R,5.0,R,0.0,R,5.0,R,1.0,R,20.0,R,17
219277,2009,R,206.0,R,306.0,R,67.0,R,154.0,R,1.0,R,153.0,R,70.0,R,46.0,R,116.0,R,0.0,R,116.0,R,19.0,R,16.0,R,13
219295,2009,R,72.0,R,250.0,R,29.0,R,60.0,R,0.0,R,60.0,R,37.0,R,62.0,R,2.0,R,0.0,R,2.0,R,0.0,R,0.0,R,11
219338,2009,A,,A,,A,,A,,A,,A,,A,,A,,A,,A,,A,,A,,A,,R,12
219347,2009,R,360.0,R,601.0,R,60.0,R,310.0,R,0.0,R,310.0,R,255.0,R,82.0,R,3.0,R,0.0,R,3.0,R,2.0,R,67.0,R,14
219356,2009,R,2048.0,R,3399.0,R,60.0,R,1930.0,R,0.0,R,1930.0,R,1497.0,R,78.0,R,80.0,R,0.0,R,80.0,R,41.0,R,51.0,R,19
219374,2009,R,91.0,R,235.0,R,39.0,R,7.0,R,0.0,R,7.0,R,6.0,R,86.0,R,20.0,R,0.0,R,20.0,R,19.0,R,95.0,R,12
219383,2009,R,272.0,R,377.0,R,72.0,R,286.0,R,0.0,R,286.0,R,193.0,R,67.0,R,6.0,R,0.0,R,6.0,R,3.0,R,50.0,R,17
219392,2009,A,,A,,A,,A,,A,,A,,A,,A,,A,,A,,A,,A,,A,,R,4
219408,2009,R,55.0,R,73.0,R,75.0,R,49.0,R,0.0,R,49.0,R,16.0,R,33.0,R,8.0,R,0.0,R,8.0,R,1.0,R,13.0,R,10
219426,2009,R,670.0,R,1205.0,R,56.0,R,542.0,R,1.0,R,541.0,R,323.0,R,60.0,R,68.0,R,0.0,R,68.0,R,40.0,R,59.0,R,22
219453,2009,A,,A,,A,,R,63.0,R,0.0,R,63.0,R,53.0,R,84.0,R,0.0,R,0.0,R,0.0,R,0.0,A,,R,15
219471,2009,R,971.0,R,2441.0,R,40.0,R,1025.0,R,2.0,R,1023.0,R,743.0,R,73.0,R,143.0,Z,0.0,R,143.0,R,76.0,R,53.0,R,15
219480,2009,R,411.0,R,621.0,R,66.0,R,294.0,R,0.0,R,294.0,R,192.0,R,65.0,R,32.0,R,0.0,R,32.0,R,14.0,R,44.0,R,17
219505,2009,R,14.0,R,25.0,R,56.0,R,10.0,R,0.0,R,10.0,R,7.0,R,70.0,R,3.0,R,0.0,R,3.0,R,2.0,R,67.0,R,8
219578,2009,R,27.0,R,185.0,R,15.0,R,15.0,R,0.0,R,15.0,R,11.0,R,73.0,R,3.0,R,0.0,R,3.0,R,2.0,R,67.0,R,12
219587,2009,A,,A,,A,,R,17.0,R,0.0,R,17.0,R,12.0,R,71.0,Z,0.0,Z,0.0,Z,0.0,Z,0.0,A,,R,12
219596,2009,A,,A,,A,,R,100.0,R,1.0,R,99.0,R,91.0,R,92.0,R,7.0,R,0.0,R,7.0,R,7.0,R,100.0,R,20
219602,2009,R,1465.0,R,2695.0,R,54.0,R,1326.0,R,0.0,R,1326.0,R,895.0,R,67.0,R,145.0,R,0.0,R,145.0,R,57.0,R,39.0,R,20
219639,2009,R,55.0,R,270.0,R,20.0,R,51.0,R,0.0,R,51.0,R,39.0,R,76.0,R,0.0,R,0.0,R,0.0,R,0.0,A,,R,12
219709,2009,R,987.0,R,1384.0,R,71.0,R,932.0,R,2.0,R,930.0,R,764.0,R,82.0,R,2.0,R,0.0,R,2.0,R,2.0,R,100.0,R,13
219718,2009,R,351.0,R,429.0,R,82.0,R,259.0,R,0.0,R,259.0,R,167.0,R,64.0,R,1.0,R,0.0,R,1.0,R,1.0,R,100.0,R,19
219790,2009,R,191.0,R,298.0,R,64.0,R,213.0,Z,0.0,R,213.0,R,144.0,R,68.0,R,0.0,Z,0.0,R,0.0,Z,0.0,A,,R,16
219806,2009,R,513.0,R,629.0,R,82.0,R,444.0,R,0.0,R,444.0,R,293.0,R,66.0,R,0.0,R,0.0,R,0.0,R,0.0,A,,R,12
219824,2009,R,1274.0,R,2543.0,R,50.0,R,1056.0,R,0.0,R,1056.0,R,582.0,R,55.0,R,356.0,R,0.0,R,356.0,R,146.0,R,41.0,R,18
219833,2009,R,300.0,R,390.0,R,77.0,R,306.0,R,0.0,R,306.0,R,237.0,R,77.0,R,2.0,R,0.0,R,2.0,R,1.0,R,50.0,R,13
219879,2009,R,662.0,R,1015.0,R,65.0,R,544.0,Z,0.0,R,544.0,R,288.0,R,53.0,R,119.0,Z,0.0,R,119.0,R,50.0,R,42.0,R,24
219888,2009,R,851.0,R,1839.0,R,46.0,R,683.0,R,0.0,R,683.0,R,421.0,R,62.0,R,299.0,R,0.0,R,299.0,R,138.0,R,46.0,R,24
219903,2009,A,,A,,A,,R,458.0,R,3.0,R,455.0,R,290.0,R,64.0,Z,0.0,Z,0.0,Z,0.0,Z,0.0,A,,R,24
219921,2009,A,,A,,A,,R,83.0,R,0.0,R,83.0,R,72.0,R,87.0,R,43.0,R,0.0,R,43.0,R,27.0,R,63.0,R,21
219949,2009,R,200.0,R,401.0,R,50.0,R,195.0,R,0.0,R,195.0,R,120.0,R,62.0,R,1.0,R,0.0,R,1.0,R,1.0,R,100.0,R,16
219976,2009,R,596.0,R,759.0,R,79.0,R,657.0,R,0.0,R,657.0,R,510.0,R,78.0,R,1.0,R,0.0,R,1.0,R,0.0,R,0.0,R,16
219994,2009,A,,A,,A,,R,307.0,R,1.0,R,306.0,R,258.0,R,84.0,R,6.0,R,0.0,R,6.0,R,5.0,R,83.0,R,14
220002,2009,R,94.0,R,99.0,R,95.0,R,98.0,R,0.0,R,98.0,R,40.0,R,41.0,R,0.0,R,0.0,R,0.0,R,0.0,A,,R,21
220057,2009,R,741.0,R,1185.0,R,63.0,R,538.0,Z,0.0,R,538.0,R,288.0,R,54.0,R,115.0,Z,0.0,R,115.0,R,46.0,R,40.0,R,24
220075,2009,R,2068.0,R,3353.0,R,62.0,R,1940.0,R,2.0,R,1938.0,R,1350.0,R,70.0,R,28.0,R,0.0,R,28.0,R,17.0,R,61.0,R,20
220118,2009,R,53.0,R,59.0,R,90.0,R,46.0,R,0.0,R,46.0,R,38.0,R,83.0,R,0.0,R,0.0,R,0.0,R,0.0,A,,R,21
220127,2009,A,,A,,A,,R,185.0,Z,0.0,R,185.0,R,131.0,R,71.0,R,52.0,Z,0.0,R,52.0,R,32.0,R,62.0,R,26
220163,2009,A,,A,,A,,R,11.0,R,0.0,R,11.0,R,6.0,R,55.0,R,12.0,R,0.0,R,12.0,R,7.0,R,58.0,R,7
220181,2009,R,95.0,R,124.0,R,77.0,R,102.0,R,0.0,R,102.0,R,83.0,R,81.0,R,1.0,R,0.0,R,1.0,R,0.0,R,0.0,R,11
220206,2009,R,53.0,R,90.0,R,59.0,R,64.0,R,0.0,R,64.0,R,39.0,R,61.0,R,8.0,R,0.0,R,8.0,R,4.0,R,50.0,R,11
220215,2009,R,405.0,R,539.0,R,75.0,R,405.0,R,0.0,R,405.0,R,276.0,R,68.0,R,0.0,R,0.0,R,0.0,R,0.0,A,,R,15
220251,2009,A,,A,,A,,R,138.0,R,0.0,R,138.0,R,115.0,R,83.0,R,54.0,R,0.0,R,54.0,R,46.0,R,85.0,R,15
220279,2009,A,,A,,A,,R,269.0,R,0.0,R,269.0,R,47.0,R,17.0,R,52.0,R,0.0,R,52.0,R,3.0,R,6.0,R,25
220312,2009,R,62.0,R,88.0,R,70.0,R,52.0,Z,0.0,R,52.0,R,15.0,R,29.0,R,1.0,Z,0.0,R,1.0,R,0.0,R,0.0,R,6
220321,2009,A,,A,,A,,R,164.0,R,2.0,R,162.0,R,146.0,R,90.0,R,55.0,R,0.0,R,55.0,R,36.0,R,65.0,R,30
220394,2009,A,,A,,A,,R,83.0,R,0.0,R,83.0,R,65.0,R,78.0,R,8.0,R,0.0,R,8.0,R,6.0,R,75.0,R,15
220400,2009,R,1001.0,R,1611.0,R,62.0,R,762.0,Z,0.0,R,762.0,R,414.0,R,54.0,R,152.0,Z,0.0,R,152.0,R,57.0,R,38.0,R,22
220464,2009,R,30.0,R,51.0,R,59.0,R,42.0,R,0.0,R,42.0,R,24.0,R,57.0,R,4.0,R,0.0,R,4.0,R,2.0,R,50.0,R,19
220473,2009,R,127.0,R,217.0,R,59.0,R,118.0,R,0.0,R,118.0,R,87.0,R,74.0,R,0.0,R,0.0,R,0.0,R,0.0,A,,R,17
220491,2009,A,,A,,A,,R,154.0,R,0.0,R,154.0,R,126.0,R,82.0,R,36.0,R,0.0,R,36.0,R,26.0,R,72.0,R,16
220516,2009,R,207.0,R,618.0,R,33.0,R,184.0,R,0.0,R,184.0,R,128.0,R,70.0,R,0.0,R,0.0,R,0.0,R,0.0,A,,R,14
220552,2009,R,65.0,R,66.0,R,98.0,R,45.0,Z,0.0,R,45.0,R,20.0,R,44.0,Z,0.0,Z,0.0,Z,0.0,Z,0.0,A,,R,17
220589,2009,R,155.0,R,223.0,R,70.0,R,202.0,R,0.0,R,202.0,R,100.0,R,50.0,R,0.0,R,0.0,R,0.0,R,0.0,A,,R,13
220598,2009,R,691.0,R,778.0,R,89.0,R,624.0,R,0.0,R,624.0,R,380.0,R,61.0,R,1.0,R,0.0,R,1.0,R,1.0,R,100.0,R,21
220604,2009,R,206.0,R,336.0,R,61.0,R,123.0,Z,0.0,R,123.0,R,79.0,R,64.0,R,46.0,Z,0.0,R,46.0,R,3.0,R,7.0,R,12
220613,2009,R,829.0,R,1315.0,R,63.0,R,848.0,R,0.0,R,848.0,R,619.0,R,73.0,R,12.0,R,0.0,R,12.0,R,4.0,R,33.0,R,18
220631,2009,R,314.0,R,625.0,R,50.0,R,256.0,R,0.0,R,256.0,R,166.0,R,65.0,R,31.0,R,0.0,R,31.0,R,18.0,R,58.0,R,12
220640,2009,A,,A,,A,,R,185.0,Z,0.0,R,185.0,R,137.0,R,74.0,R,2.0,Z,0.0,R,2.0,R,1.0,R,50.0,R,23
220701,2009,R,224.0,R,341.0,R,66.0,R,205.0,R,0.0,R,205.0,R,132.0,R,64.0,R,6.0,R,0.0,R,6.0,R,3.0,R,50.0,R,17
220710,2009,R,302.0,R,379.0,R,80.0,R,297.0,R,0.0,R,297.0,R,223.0,R,75.0,R,0.0,R,0.0,R,0.0,R,0.0,A,,R,11
220756,2009,A,,A,,A,,R,237.0,R,0.0,R,237.0,R,186.0,R,78.0,R,64.0,Z,0.0,R,64.0,R,42.0,R,66.0,R,22
220765,2009,A,,A,,A,,R,37.0,R,0.0,R,37.0,R,23.0,R,62.0,R,0.0,R,0.0,R,0.0,R,0.0,A,,R,14
220808,2009,R,100.0,R,142.0,R,70.0,R,101.0,Z,0.0,R,101.0,R,66.0,R,65.0,Z,0.0,Z,0.0,Z,0.0,Z,0.0,A,,R,10
220853,2009,A,,A,,A,,R,282.0,R,2.0,R,280.0,R,279.0,R,100.0,R,14.0,R,1.0,R,13.0,R,12.0,R,92.0,R,22
220862,2009,R,2220.0,R,3817.0,R,58.0,R,1980.0,R,0.0,R,1980.0,R,1505.0,R,76.0,R,47.0,R,0.0,R,47.0,R,23.0,R,49.0,R,15
220941,2009,R,10.0,R,112.0,R,9.0,R,90.0,Z,0.0,R,90.0,R,23.0,R,26.0,R,12.0,R,0.0,R,12.0,R,5.0,R,42.0,R,18
220978,2009,R,3613.0,R,5913.0,R,61.0,R,3436.0,Z,0.0,R,3436.0,R,2496.0,R,73.0,R,74.0,Z,0.0,R,74.0,R,37.0,R,50.0,R,20
221014,2009,R,212.0,R,402.0,R,53.0,R,176.0,R,0.0,R,176.0,R,128.0,R,73.0,R,0.0,R,0.0,R,0.0,R,0.0,A,,R,13
221050,2009,A,,A,,A,,R,162.0,R,12.0,R,150.0,R,121.0,R,81.0,R,50.0,R,4.0,R,46.0,R,37.0,R,80.0,R,16
221096,2009,R,1098.0,R,1866.0,R,59.0,R,955.0,Z,0.0,R,955.0,R,551.0,R,58.0,R,185.0,Z,0.0,R,185.0,R,73.0,R,39.0,R,25
221102,2009,A,,A,,A,,R,150.0,R,0.0,R,150.0,R,129.0,R,86.0,R,20.0,R,0.0,R,20.0,R,12.0,R,60.0,R,18
221148,2009,A,,A,,A,,R,563.0,Z,0.0,R,563.0,R,358.0,R,64.0,Z,0.0,Z,0.0,Z,0.0,Z,0.0,A,,R,34
221157,2009,A,,A,,A,,A,,A,,A,,A,,A,,A,,A,,A,,A,,A,,R,12
221184,2009,R,931.0,R,2780.0,R,33.0,R,723.0,Z,0.0,R,723.0,R,361.0,R,50.0,R,472.0,Z,0.0,R,472.0,R,235.0,R,50.0,R,20
221236,2009,A,,A,,A,,R,80.0,R,0.0,R,80.0,R,59.0,R,74.0,R,28.0,R,0.0,R,28.0,R,20.0,R,71.0,R,11
221254,2009,R,36.0,R,68.0,R,53.0,R,53.0,R,0.0,R,53.0,R,45.0,R,85.0,R,4.0,R,0.0,R,4.0,R,3.0,R,75.0,R,8
221281,2009,A,,A,,A,,R,286.0,R,3.0,R,283.0,R,249.0,R,88.0,R,40.0,R,1.0,R,39.0,R,34.0,R,87.0,R,13
221290,2009,A,,A,,A,,R,22.0,R,0.0,R,22.0,R,16.0,R,73.0,R,15.0,R,0.0,R,15.0,R,11.0,R,73.0,R,22
221333,2009,A,,A,,A,,R,71.0,R,1.0,R,70.0,R,69.0,R,99.0,R,183.0,R,6.0,R,177.0,R,145.0,R,82.0,R,5
221351,2009,R,428.0,R,448.0,R,96.0,R,477.0,R,0.0,R,477.0,R,427.0,R,90.0,R,0.0,R,0.0,R,0.0,R,0.0,A,,R,10
221388,2009,A,,A,,A,,R,62.0,R,0.0,R,62.0,R,44.0,R,71.0,R,2.0,R,0.0,R,2.0,R,1.0,R,50.0,R,18
221397,2009,R,1384.0,R,2192.0,R,63.0,R,1059.0,R,2.0,R,1057.0,R,692.0,R,65.0,R,282.0,R,0.0,R,282.0,R,111.0,R,39.0,R,22
221430,2009,A,,A,,A,,R,123.0,R,0.0,R,123.0,R,120.0,R,98.0,R,36.0,R,0.0,R,36.0,R,22.0,R,61.0,R,22
221485,2009,R,2064.0,R,4069.0,R,51.0,R,1612.0,Z,0.0,R,1612.0,R,776.0,R,48.0,R,730.0,Z,0.0,R,730.0,R,289.0,R,40.0,R,23
221494,2009,A,,A,,A,,R,100.0,R,4.0,R,96.0,R,69.0,R,72.0,R,56.0,R,0.0,R,56.0,R,40.0,R,71.0,R,20
221519,2009,R,402.0,R,426.0,R,94.0,R,409.0,R,0.0,R,409.0,R,367.0,R,90.0,R,1.0,R,0.0,R,1.0,R,1.0,R,100.0,R,11
221582,2009,A,,A,,A,,R,71.0,R,1.0,R,70.0,R,54.0,R,77.0,R,207.0,R,0.0,R,207.0,R,197.0,R,95.0,R,13
221591,2009,A,,A,,A,,R,184.0,Z,0.0,R,184.0,R,140.0,R,76.0,R,40.0,Z,0.0,R,40.0,R,35.0,R,88.0,R,14
221607,2009,A,,A,,A,,R,82.0,R,0.0,R,82.0,R,63.0,R,77.0,R,12.0,R,0.0,R,12.0,R,9.0,R,75.0,R,15
221616,2009,A,,A,,A,,R,391.0,R,0.0,R,391.0,R,295.0,R,75.0,R,0.0,R,0.0,R,0.0,R,0.0,A,,R,19
221625,2009,A,,A,,A,,R,292.0,R,0.0,R,292.0,R,250.0,R,86.0,R,224.0,R,0.0,R,224.0,R,220.0,R,98.0,R,19
221634,2009,A,,A,,A,,R,64.0,R,0.0,R,64.0,R,44.0,R,69.0,R,6.0,R,0.0,R,6.0,R,4.0,R,67.0,R,27
221643,2009,R,1631.0,R,3263.0,R,50.0,R,1264.0,Z,0.0,R,1264.0,R,761.0,R,60.0,R,349.0,Z,0.0,R,349.0,R,143.0,R,41.0,R,24
221661,2009,R,595.0,R,779.0,R,76.0,R,526.0,R,0.0,R,526.0,R,367.0,R,70.0,R,14.0,R,0.0,R,14.0,R,6.0,R,43.0,R,16
221731,2009,R,246.0,R,407.0,R,60.0,R,259.0,Z,0.0,R,259.0,R,163.0,R,63.0,R,2.0,Z,0.0,R,2.0,R,0.0,R,0.0,R,15
221740,2009,R,2189.0,R,2937.0,R,75.0,R,2070.0,Z,0.0,R,2070.0,R,1389.0,R,67.0,R,13.0,Z,0.0,R,13.0,R,5.0,R,38.0,R,18
221759,2009,R,3698.0,R,5043.0,R,73.0,R,4200.0,R,0.0,R,4200.0,R,3519.0,R,84.0,R,15.0,R,0.0,R,15.0,R,8.0,R,53.0,R,19
221768,2009,R,1372.0,R,1990.0,R,69.0,R,1359.0,R,1.0,R,1358.0,R,975.0,R,72.0,R,33.0,R,0.0,R,33.0,R,21.0,R,64.0,R,19
221795,2009,R,44.0,R,68.0,R,65.0,R,36.0,R,3.0,R,33.0,R,27.0,R,82.0,R,1.0,R,0.0,R,1.0,R,1.0,R,100.0,R,11
221829,2009,A,,A,,A,,R,139.0,R,0.0,R,139.0,R,120.0,R,86.0,Z,0.0,Z,0.0,Z,0.0,Z,0.0,A,,R,20
221838,2009,R,1302.0,R,2054.0,R,63.0,R,1018.0,Z,0.0,R,1018.0,R,684.0,R,67.0,R,22.0,Z,0.0,R,22.0,R,10.0,R,45.0,R,16
221847,2009,R,1882.0,R,2737.0,R,69.0,R,1661.0,R,1.0,R,1660.0,R,1191.0,R,72.0,R,16.0,Z,0.0,R,16.0,R,8.0,R,50.0,R,21
221856,2009,R,92.0,R,229.0,R,40.0,R,130.0,R,0.0,R,130.0,R,43.0,R,33.0,R,6.0,R,0.0,R,6.0,R,1.0,R,17.0,R,29
221892,2009,R,240.0,R,321.0,R,75.0,R,218.0,R,0.0,R,218.0,R,155.0,R,71.0,R,0.0,R,0.0,R,0.0,R,0.0,A,,R,17
221908,2009,R,1201.0,R,1913.0,R,63.0,R,937.0,Z,0.0,R,937.0,R,569.0,R,61.0,R,174.0,Z,0.0,R,174.0,R,83.0,R,48.0,R,28
221953,2009,R,371.0,R,407.0,R,91.0,R,346.0,Z,0.0,R,346.0,R,212.0,R,61.0,R,2.0,Z,0.0,R,2.0,R,1.0,R,50.0,R,16
221971,2009,R,466.0,R,1392.0,R,33.0,R,437.0,R,0.0,R,437.0,R,405.0,R,93.0,R,25.0,R,0.0,R,25.0,R,22.0,R,88.0,R,12
221980,2009,A,,A,,A,,R,12.0,R,0.0,R,12.0,R,10.0,R,83.0,R,15.0,R,0.0,R,15.0,R,12.0,R,80.0,R,20
221999,2009,R,1598.0,R,1857.0,R,86.0,R,1569.0,R,0.0,R,1569.0,R,1514.0,R,96.0,R,0.0,R,0.0,R,0.0,R,0.0,A,,R,8
222026,2009,A,,A,,A,,R,34.0,R,0.0,R,34.0,R,26.0,R,76.0,Z,0.0,Z,0.0,Z,0.0,Z,0.0,A,,R,18
222053,2009,R,1499.0,R,2568.0,R,58.0,R,1193.0,R,1.0,R,1192.0,R,682.0,R,57.0,R,236.0,R,0.0,R,236.0,R,107.0,R,45.0,R,24
222062,2009,R,1558.0,R,2229.0,R,70.0,R,1144.0,R,2.0,R,1142.0,R,742.0,R,65.0,R,159.0,R,1.0,R,158.0,R,81.0,R,51.0,R,16
222099,2009,A,,A,,A,,R,251.0,R,0.0,R,251.0,R,192.0,R,76.0,R,23.0,R,0.0,R,23.0,R,16.0,R,70.0,R,24
222105,2009,R,27.0,R,86.0,R,31.0,R,12.0,R,1.0,R,11.0,R,8.0,R,73.0,R,67.0,R,3.0,R,64.0,R,53.0,R,83.0,R,12
222178,2009,R,982.0,R,1280.0,R,77.0,R,971.0,R,0.0,R,971.0,R,724.0,R,75.0,R,0.0,Z,0.0,R,0.0,Z,0.0,A,,R,15
222567,2009,R,338.0,R,3261.0,R,10.0,R,464.0,Z,0.0,R,464.0,R,329.0,R,71.0,R,562.0,Z,0.0,R,562.0,R,303.0,R,54.0,R,18
222576,2009,R,676.0,R,3599.0,R,19.0,R,507.0,Z,0.0,R,507.0,R,267.0,R,53.0,R,524.0,Z,0.0,R,524.0,R,215.0,R,41.0,R,22
222628,2009,A,,A,,A,,A,,A,,A,,A,,A,,A,,A,,A,,A,,A,,R,25
222673,2009,A,,A,,A,,R,97.0,Z,0.0,R,97.0,R,71.0,R,73.0,R,44.0,Z,0.0,R,44.0,R,21.0,R,48.0,R,20
222682,2009,A,,A,,A,,R,24.0,R,0.0,R,24.0,R,18.0,R,75.0,R,116.0,R,0.0,R,116.0,R,109.0,R,94.0,R,20
222691,2009,A,,A,,A,,R,46.0,Z,0.0,R,46.0,R,35.0,R,76.0,R,10.0,Z,0.0,R,10.0,R,7.0,R,70.0,R,20
222707,2009,A,,A,,A,,R,35.0,R,0.0,R,35.0,R,8.0,R,23.0,R,12.0,R,0.0,R,12.0,R,4.0,R,33.0,R,17
222761,2009,A,,A,,A,,R,337.0,R,8.0,R,329.0,R,243.0,R,74.0,Z,0.0,Z,0.0,Z,0.0,Z,0.0,A,,R,19
222822,2009,R,713.0,R,1967.0,R,36.0,R,563.0,Z,0.0,R,563.0,R,288.0,R,51.0,R,966.0,Z,0.0,R,966.0,R,454.0,R,47.0,R,17
222831,2009,R,1423.0,R,1989.0,R,72.0,R,1421.0,R,0.0,R,1421.0,R,833.0,R,59.0,R,46.0,R,0.0,R,46.0,R,15.0,R,33.0,R,18
222877,2009,R,22.0,R,48.0,R,46.0,R,10.0,Z,0.0,R,10.0,R,6.0,R,60.0,R,1.0,Z,0.0,R,1.0,R,1.0,R,100.0,R,12
222886,2009,A,,A,,A,,R,132.0,R,1.0,R,131.0,R,97.0,R,74.0,R,43.0,R,0.0,R,43.0,R,31.0,R,72.0,R,17
222938,2009,R,329.0,R,704.0,R,47.0,R,305.0,Z,0.0,R,305.0,R,184.0,R,60.0,R,107.0,Z,0.0,R,107.0,R,47.0,R,44.0,R,21
222983,2009,R,413.0,R,451.0,R,92.0,R,319.0,R,1.0,R,318.0,R,274.0,R,86.0,R,0.0,Z,0.0,R,0.0,Z,0.0,A,,R,13
222992,2009,R,1946.0,R,11824.0,R,16.0,R,1598.0,Z,0.0,R,1598.0,R,918.0,R,57.0,R,2200.0,Z,0.0,R,2200.0,R,1022.0,R,46.0,R,22
223056,2009,A,,A,,A,,R,79.0,R,0.0,R,79.0,R,64.0,R,81.0,R,0.0,R,0.0,R,0.0,R,0.0,A,,R,25
223083,2009,R,19.0,R,339.0,R,6.0,R,19.0,R,0.0,R,19.0,R,13.0,R,68.0,Z,0.0,Z,0.0,Z,0.0,Z,0.0,A,,R,16
223117,2009,R,2.0,R,23.0,R,9.0,R,0.0,R,0.0,R,0.0,R,0.0,A,,R,6.0,R,0.0,R,6.0,R,2.0,R,33.0,R,10
223214,2009,A,,A,,A,,A,,A,,A,,A,,A,,A,,A,,A,,A,,A,,R,4
223232,2009,R,3098.0,R,3547.0,R,87.0,R,3062.0,R,1.0,R,3061.0,R,2564.0,R,84.0,R,6.0,Z,0.0,R,6.0,R,4.0,R,67.0,R,15
223320,2009,R,448.0,R,1166.0,R,38.0,R,433.0,R,0.0,R,433.0,R,206.0,R,48.0,R,164.0,Z,0.0,R,164.0,R,60.0,R,37.0,R,19
223427,2009,R,2615.0,R,6061.0,R,43.0,R,2545.0,Z,0.0,R,2545.0,R,1345.0,R,53.0,R,802.0,Z,0.0,R,802.0,R,424.0,R,53.0,R,34
223463,2009,A,,A,,A,,R,344.0,R,0.0,R,344.0,R,248.0,R,72.0,R,0.0,R,0.0,R,0.0,R,0.0,A,,R,27
223472,2009,R,26.0,R,46.0,R,57.0,R,51.0,R,0.0,R,51.0,R,26.0,R,51.0,R,0.0,R,0.0,R,0.0,R,0.0,A,,R,27
223506,2009,R,236.0,R,1017.0,R,23.0,R,6.0,R,0.0,R,6.0,R,5.0,R,83.0,R,4.0,R,0.0,R,4.0,R,3.0,R,75.0,R,18
223524,2009,R,610.0,R,4942.0,R,12.0,R,490.0,Z,0.0,R,490.0,R,289.0,R,59.0,R,719.0,Z,0.0,R,719.0,R,344.0,R,48.0,R,21
223658,2009,A,,A,,A,,R,167.0,R,0.0,R,167.0,R,137.0,R,82.0,R,0.0,R,0.0,R,0.0,R,0.0,A,,R,18
223667,2009,A,,A,,A,,R,9.0,R,0.0,R,9.0,R,2.0,R,22.0,R,0.0,R,0.0,R,0.0,R,0.0,A,,R,4
223773,2009,R,467.0,R,2427.0,R,19.0,R,399.0,Z,0.0,R,399.0,R,200.0,R,50.0,R,248.0,Z,0.0,R,248.0,R,107.0,R,43.0,R,23
223816,2009,R,787.0,R,7656.0,R,10.0,R,701.0,R,0.0,R,701.0,R,370.0,R,53.0,R,3852.0,Z,0.0,R,3852.0,R,937.0,R,24.0,R,11
223852,2009,A,,A,,A,,R,48.0,R,0.0,R,48.0,R,44.0,R,92.0,R,0.0,R,0.0,R,0.0,R,0.0,A,,R,6
223898,2009,R,668.0,R,2514.0,R,27.0,R,695.0,R,0.0,R,695.0,R,361.0,R,52.0,R,700.0,R,0.0,R,700.0,R,365.0,R,52.0,R,20
223922,2009,R,234.0,R,738.0,R,32.0,R,294.0,R,0.0,R,294.0,R,125.0,R,43.0,R,280.0,R,0.0,R,280.0,R,148.0,R,53.0,R,18
224004,2009,R,225.0,R,408.0,R,55.0,R,229.0,R,0.0,R,229.0,R,118.0,R,52.0,R,12.0,R,0.0,R,12.0,R,1.0,R,8.0,R,10
224013,2009,A,,A,,A,,R,22.0,R,0.0,R,22.0,R,16.0,R,73.0,R,21.0,R,0.0,R,21.0,R,13.0,R,62.0,R,16
224110,2009,R,478.0,R,3697.0,R,13.0,R,365.0,Z,0.0,R,365.0,R,175.0,R,48.0,R,465.0,Z,0.0,R,465.0,R,171.0,R,37.0,R,25
224147,2009,R,1326.0,R,2281.0,R,58.0,R,1249.0,R,0.0,R,1249.0,R,770.0,R,62.0,R,29.0,R,0.0,R,29.0,R,14.0,R,48.0,R,19
224156,2009,A,,A,,A,,R,208.0,R,0.0,R,208.0,R,176.0,R,85.0,R,0.0,R,0.0,R,0.0,R,0.0,A,,R,23
224183,2009,R,252.0,R,308.0,R,82.0,R,199.0,R,0.0,R,199.0,R,126.0,R,63.0,R,36.0,R,0.0,R,36.0,R,31.0,R,86.0,R,31
224226,2009,R,350.0,R,573.0,R,61.0,R,348.0,R,0.0,R,348.0,R,242.0,R,70.0,R,2.0,R,0.0,R,2.0,R,0.0,R,0.0,R,14
224244,2009,R,38.0,R,112.0,R,34.0,R,30.0,R,0.0,R,30.0,R,23.0,R,77.0,R,1.0,R,0.0,R,1.0,R,1.0,R,100.0,R,21
224271,2009,R,34.0,R,41.0,R,83.0,R,46.0,R,0.0,R,46.0,R,42.0,R,91.0,Z,0.0,Z,0.0,Z,0.0,Z,0.0,A,,R,17
224323,2009,R,320.0,R,375.0,R,85.0,R,342.0,R,1.0,R,341.0,R,279.0,R,82.0,Z,0.0,Z,0.0,Z,0.0,Z,0.0,A,,R,13
224350,2009,R,882.0,R,2479.0,R,36.0,R,796.0,R,0.0,R,796.0,R,447.0,R,56.0,R,939.0,R,0.0,R,939.0,R,340.0,R,36.0,R,18
224402,2009,R,474.0,R,1543.0,R,31.0,R,295.0,R,0.0,R,295.0,R,137.0,R,46.0,R,217.0,R,0.0,R,217.0,R,74.0,R,34.0,R,18
224439,2009,A,,A,,A,,R,375.0,R,0.0,R,375.0,R,275.0,R,73.0,R,0.0,R,0.0,R,0.0,R,0.0,A,,R,18
224527,2009,R,279.0,R,436.0,R,64.0,R,295.0,R,0.0,R,295.0,R,180.0,R,61.0,R,0.0,R,0.0,R,0.0,R,0.0,A,,R,15
224545,2009,A,,A,,A,,A,,A,,A,,A,,A,,A,,A,,A,,A,,A,,R,11
224554,2009,R,624.0,R,904.0,R,69.0,R,542.0,Z,0.0,R,542.0,R,360.0,R,66.0,R,30.0,R,0.0,R,30.0,R,14.0,R,47.0,R,17
224572,2009,R,709.0,R,4460.0,R,16.0,R,716.0,Z,0.0,R,716.0,R,431.0,R,60.0,R,737.0,Z,0.0,R,737.0,R,353.0,R,48.0,R,25
224615,2009,R,449.0,R,4097.0,R,11.0,R,406.0,Z,0.0,R,406.0,R,231.0,R,57.0,R,491.0,Z,0.0,R,491.0,R,217.0,R,44.0,R,16
224642,2009,R,3073.0,R,7295.0,R,42.0,R,2599.0,R,1.0,R,2598.0,R,1828.0,R,70.0,R,2206.0,R,3.0,R,2203.0,R,1162.0,R,53.0,R,26
224660,2009,A,,A,,A,,R,93.0,R,0.0,R,93.0,R,78.0,R,84.0,R,21.0,R,0.0,R,21.0,R,19.0,R,90.0,R,16
224679,2009,A,,A,,A,,R,144.0,R,0.0,R,144.0,R,100.0,R,69.0,R,16.0,R,0.0,R,16.0,R,11.0,R,69.0,R,10
224758,2009,A,,A,,A,,R,28.0,Z,0.0,R,28.0,R,20.0,R,71.0,R,2.0,Z,0.0,R,2.0,R,2.0,R,100.0,R,18
224776,2009,R,285.0,R,714.0,R,40.0,R,324.0,R,0.0,R,324.0,R,201.0,R,62.0,R,114.0,R,0.0,R,114.0,R,44.0,R,39.0,R,20
224828,2009,A,,A,,A,,R,48.0,R,0.0,R,48.0,R,33.0,R,69.0,R,100.0,R,0.0,R,100.0,R,64.0,R,64.0,R,13
224891,2009,R,196.0,R,443.0,R,44.0,R,171.0,R,0.0,R,171.0,R,104.0,R,61.0,R,25.0,R,0.0,R,25.0,R,12.0,R,48.0,R,18
224907,2009,A,,A,,A,,R,132.0,R,0.0,R,132.0,R,32.0,R,24.0,R,0.0,R,0.0,R,0.0,R,0.0,A,,R,30
224961,2009,R,192.0,R,800.0,R,24.0,R,177.0,R,0.0,R,177.0,R,83.0,R,47.0,R,142.0,R,0.0,R,142.0,R,47.0,R,33.0,R,17
225070,2009,R,557.0,R,1111.0,R,50.0,R,550.0,Z,0.0,R,550.0,R,324.0,R,59.0,R,209.0,Z,0.0,R,209.0,R,121.0,R,58.0,R,33
225201,2009,A,,A,,A,,R,0.0,R,0.0,R,0.0,R,0.0,A,,R,0.0,R,0.0,R,0.0,R,0.0,A,,R,22
225247,2009,R,409.0,R,570.0,R,72.0,R,471.0,R,1.0,R,470.0,R,333.0,R,71.0,R,0.0,R,0.0,R,0.0,R,0.0,A,,R,13
225308,2009,R,635.0,R,2259.0,R,28.0,R,525.0,R,5.0,R,520.0,R,416.0,R,80.0,R,889.0,R,3.0,R,886.0,R,480.0,R,54.0,R,23
225371,2009,R,732.0,R,1848.0,R,40.0,R,418.0,R,0.0,R,418.0,R,207.0,R,50.0,R,202.0,R,0.0,R,202.0,R,69.0,R,34.0,R,20
225399,2009,R,547.0,R,796.0,R,69.0,R,556.0,R,0.0,R,556.0,R,404.0,R,73.0,R,4.0,R,0.0,R,4.0,R,1.0,R,25.0,R,15
225414,2009,A,,A,,A,,A,,A,,A,,A,,A,,A,,A,,A,,A,,A,,R,15
225423,2009,R,3824.0,R,14803.0,R,26.0,R,3047.0,Z,0.0,R,3047.0,R,1923.0,R,63.0,R,5075.0,Z,0.0,R,5075.0,R,2543.0,R,50.0,R,22
225432,2009,R,722.0,R,3297.0,R,22.0,R,699.0,R,0.0,R,699.0,R,426.0,R,61.0,R,291.0,R,0.0,R,291.0,R,135.0,R,46.0,R,20
225502,2009,A,,A,,A,,A,,A,,A,,A,,A,,A,,A,,A,,A,,A,,R,15
225511,2009,R,3100.0,R,6582.0,R,47.0,R,3486.0,Z,0.0,R,3486.0,R,2764.0,R,79.0,R,351.0,Z,0.0,R,351.0,R,228.0,R,65.0,R,22
225520,2009,R,326.0,R,597.0,R,55.0,R,275.0,R,0.0,R,275.0,R,141.0,R,51.0,R,124.0,R,0.0,R,124.0,R,68.0,R,55.0,R,14
225548,2009,R,202.0,R,366.0,R,55.0,R,304.0,R,0.0,R,304.0,R,189.0,R,62.0,R,4.0,R,0.0,R,4.0,R,1.0,R,25.0,R,10
225575,2009,R,250.0,R,340.0,R,74.0,R,179.0,R,0.0,R,179.0,R,98.0,R,55.0,R,0.0,Z,0.0,R,0.0,Z,0.0,A,,R,15
225627,2009,R,721.0,R,1364.0,R,53.0,R,884.0,R,0.0,R,884.0,R,592.0,R,67.0,R,4.0,R,0.0,R,4.0,R,0.0,R,0.0,R,13
225779,2009,A,,A,,A,,R,154.0,R,0.0,R,154.0,R,154.0,R,100.0,R,34.0,R,0.0,R,34.0,R,34.0,R,100.0,R,10
225788,2009,A,,A,,A,,R,191.0,R,0.0,R,191.0,R,191.0,R,100.0,R,78.0,R,0.0,R,78.0,R,78.0,R,100.0,R,12
225849,2009,R,142.0,R,182.0,R,78.0,R,131.0,R,3.0,R,128.0,R,67.0,R,52.0,R,17.0,R,1.0,R,16.0,R,4.0,R,25.0,R,32
225858,2009,R,92.0,R,107.0,R,86.0,R,82.0,R,0.0,R,82.0,R,61.0,R,74.0,R,6.0,R,0.0,R,6.0,R,0.0,R,0.0,R,32
225876,2009,R,86.0,R,183.0,R,47.0,R,100.0,R,0.0,R,100.0,R,39.0,R,39.0,R,2.0,R,0.0,R,2.0,R,0.0,R,0.0,R,15
225885,2009,R,119.0,R,170.0,R,70.0,R,148.0,R,0.0,R,148.0,R,60.0,R,41.0,Z,0.0,Z,0.0,Z,0.0,Z,0.0,A,,R,15
225991,2009,R,64.0,R,64.0,R,100.0,R,30.0,R,0.0,R,30.0,R,14.0,R,47.0,R,0.0,R,0.0,R,0.0,R,0.0,A,,R,16
226019,2009,R,1064.0,R,1804.0,R,59.0,R,888.0,R,0.0,R,888.0,R,477.0,R,54.0,R,285.0,R,1.0,R,284.0,R,125.0,R,44.0,R,17
226091,2009,R,1427.0,R,2116.0,R,67.0,R,1383.0,Z,0.0,R,1383.0,R,915.0,R,66.0,R,78.0,Z,0.0,R,78.0,R,35.0,R,45.0,R,19
226107,2009,R,383.0,R,661.0,R,58.0,R,321.0,Z,0.0,R,321.0,R,150.0,R,47.0,R,72.0,Z,0.0,R,72.0,R,27.0,R,38.0,R,22
226116,2009,R,326.0,R,1287.0,R,25.0,R,268.0,R,0.0,R,268.0,R,143.0,R,53.0,R,90.0,R,0.0,R,90.0,R,28.0,R,31.0,R,18
226125,2009,A,,A,,A,,R,63.0,R,0.0,R,63.0,R,50.0,R,79.0,R,0.0,R,0.0,R,0.0,R,0.0,A,,R,15
226134,2009,R,975.0,R,2166.0,R,45.0,R,766.0,Z,0.0,R,766.0,R,706.0,R,92.0,R,725.0,Z,0.0,R,725.0,R,569.0,R,78.0,R,23
226152,2009,R,715.0,R,1162.0,R,62.0,R,619.0,Z,0.0,R,619.0,R,387.0,R,63.0,R,18.0,Z,0.0,R,18.0,R,12.0,R,67.0,R,21
226204,2009,R,494.0,R,1294.0,R,38.0,R,465.0,R,0.0,R,465.0,R,313.0,R,67.0,R,543.0,R,0.0,R,543.0,R,301.0,R,55.0,R,16
226231,2009,R,344.0,R,639.0,R,54.0,R,341.0,R,0.0,R,341.0,R,242.0,R,71.0,R,0.0,R,0.0,R,0.0,R,0.0,A,,R,21
226277,2009,A,,A,,A,,R,440.0,Z,0.0,R,440.0,R,217.0,R,49.0,R,0.0,R,0.0,R,0.0,R,0.0,A,,R,32
226329,2009,R,553.0,R,633.0,R,87.0,R,149.0,R,0.0,R,149.0,R,83.0,R,56.0,R,8.0,R,0.0,R,8.0,R,8.0,R,100.0,R,15
226374,2009,A,,A,,A,,P,6.0,P,0.0,P,6.0,P,5.0,P,83.0,A,,A,,A,,A,,A,,P,7
226383,2009,R,250.0,R,508.0,R,49.0,R,269.0,R,0.0,R,269.0,R,179.0,R,67.0,R,4.0,R,0.0,R,4.0,R,3.0,R,75.0,R,12
226408,2009,R,256.0,R,782.0,R,33.0,R,432.0,R,0.0,R,432.0,R,257.0,R,59.0,R,472.0,R,0.0,R,472.0,R,246.0,R,52.0,R,14
226471,2009,R,595.0,R,861.0,R,69.0,R,475.0,R,0.0,R,475.0,R,304.0,R,64.0,R,4.0,R,0.0,R,4.0,R,3.0,R,75.0,R,11
226578,2009,R,1169.0,R,2175.0,R,54.0,R,913.0,Z,0.0,R,913.0,R,727.0,R,80.0,R,297.0,Z,0.0,R,297.0,R,146.0,R,49.0,R,21
226587,2009,R,320.0,R,612.0,R,52.0,R,332.0,R,0.0,R,332.0,R,183.0,R,55.0,R,0.0,R,0.0,R,0.0,R,0.0,A,,R,14
226675,2009,A,,A,,A,,A,,A,,A,,A,,A,,A,,A,,A,,A,,A,,R,8
226772,2009,A,,A,,A,,R,10.0,R,0.0,R,10.0,R,7.0,R,70.0,R,4.0,R,0.0,R,4.0,R,1.0,R,25.0,R,15
226806,2009,R,583.0,R,1337.0,R,44.0,R,2.0,R,0.0,R,2.0,R,2.0,R,100.0,R,2.0,R,0.0,R,2.0,R,1.0,R,50.0,R,16
226833,2009,R,701.0,R,1383.0,R,51.0,R,652.0,R,0.0,R,652.0,R,489.0,R,75.0,R,14.0,R,0.0,R,14.0,R,8.0,R,57.0,R,18
226860,2009,A,,A,,A,,R,12.0,Z,0.0,R,12.0,R,8.0,R,67.0,R,0.0,R,0.0,R,0.0,R,0.0,A,,R,13
226879,2009,R,64.0,R,119.0,R,54.0,R,57.0,R,0.0,R,57.0,R,46.0,R,81.0,R,2.0,R,0.0,R,2.0,R,2.0,R,100.0,R,19
226903,2009,A,,A,,A,,R,147.0,Z,0.0,R,147.0,R,85.0,R,58.0,Z,0.0,Z,0.0,Z,0.0,Z,0.0,A,,R,6
226930,2009,R,701.0,R,3150.0,R,22.0,R,475.0,Z,0.0,R,475.0,R,312.0,R,66.0,R,633.0,Z,0.0,R,633.0,R,282.0,R,45.0,R,27
227003,2009,A,,A,,A,,A,,A,,A,,A,,A,,A,,A,,A,,A,,A,,R,24
227058,2009,A,,A,,A,,R,10.0,R,2.0,R,8.0,R,8.0,R,100.0,R,4.0,R,0.0,R,4.0,R,4.0,R,100.0,R,11
227146,2009,R,1455.0,R,2559.0,R,57.0,R,1245.0,Z,0.0,R,1245.0,R,727.0,R,58.0,R,432.0,Z,0.0,R,432.0,R,197.0,R,46.0,R,23
227155,2009,A,,A,,A,,R,2.0,R,0.0,R,2.0,R,2.0,R,100.0,R,11.0,R,0.0,R,11.0,R,11.0,R,100.0,R,18
227182,2009,R,3845.0,R,14469.0,R,27.0,R,3190.0,R,0.0,R,3190.0,R,2191.0,R,69.0,R,2115.0,R,0.0,R,2115.0,R,1130.0,R,53.0,R,19
227191,2009,R,677.0,R,5722.0,R,12.0,R,559.0,Z,0.0,R,559.0,R,337.0,R,60.0,R,418.0,Z,0.0,R,418.0,R,195.0,R,47.0,R,27
227216,2009,R,3259.0,R,7294.0,R,45.0,R,3444.0,R,3.0,R,3441.0,R,2599.0,R,76.0,R,99.0,R,0.0,R,99.0,R,62.0,R,63.0,R,23
227225,2009,R,411.0,R,773.0,R,53.0,R,398.0,R,1.0,R,397.0,R,230.0,R,58.0,R,237.0,R,0.0,R,237.0,R,112.0,R,47.0,R,21
227243,2009,R,141.0,R,275.0,R,51.0,R,89.0,R,2.0,R,87.0,R,55.0,R,63.0,Z,0.0,Z,0.0,Z,0.0,Z,0.0,A,,R,20
227298,2009,A,,A,,A,,R,184.0,R,0.0,R,184.0,R,149.0,R,81.0,R,0.0,R,0.0,R,0.0,R,0.0,A,,R,30
227304,2009,R,344.0,R,1098.0,R,31.0,R,247.0,Z,0.0,R,247.0,R,192.0,R,78.0,R,241.0,Z,0.0,R,241.0,R,170.0,R,71.0,R,19
227313,2009,A,,A,,A,,R,75.0,Z,0.0,R,75.0,R,48.0,R,64.0,R,34.0,Z,0.0,R,34.0,R,3.0,R,9.0,R,14
227322,2009,A,,A,,A,,R,79.0,Z,0.0,R,79.0,R,49.0,R,62.0,R,8.0,Z,0.0,R,8.0,R,5.0,R,63.0,R,14
227331,2009,R,247.0,R,502.0,R,49.0,R,306.0,R,0.0,R,306.0,R,181.0,R,59.0,R,0.0,R,0.0,R,0.0,R,0.0,A,,R,11
227368,2009,R,2692.0,R,3839.0,R,70.0,R,2524.0,R,0.0,R,2524.0,R,1876.0,R,74.0,R,139.0,R,0.0,R,139.0,R,80.0,R,58.0,R,21
227377,2009,R,1563.0,R,3469.0,R,45.0,R,1130.0,R,0.0,R,1130.0,R,680.0,R,60.0,R,307.0,R,0.0,R,307.0,R,124.0,R,40.0,R,21
227386,2009,R,314.0,R,628.0,R,50.0,R,318.0,R,0.0,R,318.0,R,136.0,R,43.0,R,61.0,R,0.0,R,61.0,R,17.0,R,28.0,R,16
227401,2009,R,1121.0,R,1885.0,R,59.0,R,648.0,R,0.0,R,648.0,R,198.0,R,31.0,R,262.0,Z,0.0,R,262.0,R,106.0,R,40.0,R,25
227429,2009,R,35.0,R,65.0,R,54.0,R,79.0,R,0.0,R,79.0,R,7.0,R,9.0,R,0.0,R,0.0,R,0.0,R,0.0,A,,R,8
227526,2009,R,1589.0,R,1919.0,R,83.0,R,1291.0,R,3.0,R,1288.0,R,920.0,R,71.0,R,5.0,R,0.0,R,5.0,R,2.0,R,40.0,R,17
227687,2009,R,261.0,R,729.0,R,36.0,R,273.0,R,0.0,R,273.0,R,71.0,R,26.0,R,254.0,R,0.0,R,254.0,R,90.0,R,35.0,R,10
227748,2009,A,,A,,A,,R,38.0,R,0.0,R,38.0,R,22.0,R,58.0,Z,0.0,Z,0.0,Z,0.0,Z,0.0,A,,R,25
227757,2009,R,894.0,R,983.0,R,91.0,R,787.0,R,0.0,R,787.0,R,764.0,R,97.0,R,2.0,R,0.0,R,2.0,R,2.0,R,100.0,R,8
227766,2009,R,1094.0,R,6937.0,R,16.0,R,1022.0,Z,0.0,R,1022.0,R,695.0,R,68.0,R,1095.0,Z,0.0,R,1095.0,R,604.0,R,55.0,R,26
227836,2009,A,,A,,A,,R,102.0,R,1.0,R,101.0,R,34.0,R,34.0,R,0.0,R,0.0,R,0.0,R,0.0,A,,R,37
227845,2009,R,757.0,R,1179.0,R,64.0,R,742.0,R,0.0,R,742.0,R,610.0,R,82.0,R,9.0,R,0.0,R,9.0,R,6.0,R,67.0,R,15
227854,2009,R,919.0,R,2755.0,R,33.0,R,851.0,Z,0.0,R,851.0,R,433.0,R,51.0,R,669.0,Z,0.0,R,669.0,R,251.0,R,38.0,R,15
227863,2009,R,284.0,R,471.0,R,60.0,R,292.0,R,0.0,R,292.0,R,203.0,R,70.0,R,6.0,R,0.0,R,6.0,R,3.0,R,50.0,R,12
227881,2009,R,2122.0,R,4088.0,R,52.0,R,2090.0,R,0.0,R,2090.0,R,1575.0,R,75.0,R,53.0,R,0.0,R,53.0,R,30.0,R,57.0,R,20
227924,2009,R,2181.0,R,6416.0,R,34.0,R,1912.0,Z,0.0,R,1912.0,R,1114.0,R,58.0,R,1209.0,Z,0.0,R,1209.0,R,530.0,R,44.0,R,17
227979,2009,R,2977.0,R,7798.0,R,38.0,R,2895.0,Z,0.0,R,2895.0,R,1895.0,R,65.0,R,1898.0,Z,0.0,R,1898.0,R,953.0,R,50.0,R,22
228042,2009,R,289.0,R,368.0,R,79.0,R,266.0,R,0.0,R,266.0,R,180.0,R,68.0,R,0.0,R,0.0,R,0.0,R,0.0,A,,R,14
228088,2009,A,,A,,A,,R,40.0,R,0.0,R,40.0,R,37.0,R,93.0,R,0.0,R,0.0,R,0.0,R,0.0,A,,R,20
228149,2009,R,531.0,R,663.0,R,80.0,R,535.0,R,0.0,R,535.0,R,428.0,R,80.0,R,2.0,R,0.0,R,2.0,R,0.0,R,0.0,R,16
228158,2009,R,1084.0,R,3707.0,R,29.0,R,1582.0,Z,0.0,R,1582.0,R,759.0,R,48.0,R,621.0,R,0.0,R,621.0,R,583.0,R,94.0,R,25
228185,2009,A,,A,,A,,R,42.0,Z,0.0,R,42.0,R,9.0,R,21.0,R,2.0,Z,0.0,R,2.0,R,2.0,R,100.0,R,21
228200,2009,A,,A,,A,,R,150.0,R,0.0,R,150.0,R,103.0,R,69.0,R,75.0,R,0.0,R,75.0,R,53.0,R,71.0,R,25
228219,2009,A,,A,,A,,R,275.0,R,0.0,R,275.0,R,193.0,R,70.0,R,30.0,R,0.0,R,30.0,R,16.0,R,53.0,R,11
228246,2009,R,1325.0,R,1659.0,R,80.0,R,1397.0,R,0.0,R,1397.0,R,1225.0,R,88.0,R,1.0,R,0.0,R,1.0,R,1.0,R,100.0,R,11
228282,2009,A,,A,,A,,A,,A,,A,,A,,A,,A,,A,,A,,A,,A,,R,23
228291,2009,A,,A,,A,,R,5.0,R,0.0,R,5.0,R,2.0,R,40.0,R,0.0,R,0.0,R,0.0,R,0.0,A,,R,4
228316,2009,R,657.0,R,1696.0,R,39.0,R,514.0,R,0.0,R,514.0,R,304.0,R,59.0,R,302.0,R,0.0,R,302.0,R,141.0,R,47.0,R,24
228325,2009,R,267.0,R,565.0,R,47.0,R,217.0,Z,0.0,R,217.0,R,149.0,R,69.0,R,69.0,Z,0.0,R,69.0,R,29.0,R,42.0,R,20
228343,2009,R,375.0,R,405.0,R,93.0,R,349.0,R,0.0,R,349.0,R,294.0,R,84.0,R,0.0,R,0.0,R,0.0,R,0.0,A,,R,10
228431,2009,R,2529.0,R,3514.0,R,72.0,R,2484.0,R,0.0,R,2484.0,R,1614.0,R,65.0,R,98.0,R,0.0,R,98.0,R,20.0,R,20.0,R,21
228459,2009,R,3809.0,R,7163.0,R,53.0,R,3446.0,Z,0.0,R,3446.0,R,2706.0,R,79.0,R,79.0,Z,0.0,R,79.0,R,37.0,R,47.0,R,20
228468,2009,R,129.0,R,190.0,R,68.0,R,112.0,R,0.0,R,112.0,R,73.0,R,65.0,R,1.0,R,0.0,R,1.0,R,1.0,R,100.0,R,12
228486,2009,R,75.0,R,81.0,R,93.0,R,60.0,R,2.0,R,58.0,R,38.0,R,66.0,Z,0.0,Z,0.0,Z,0.0,Z,0.0,A,,R,15
228501,2009,R,371.0,R,731.0,R,51.0,R,310.0,R,0.0,R,310.0,R,147.0,R,47.0,R,17.0,R,0.0,R,17.0,R,5.0,R,29.0,R,14
228529,2009,R,1207.0,R,2488.0,R,49.0,R,1274.0,R,0.0,R,1274.0,R,845.0,R,66.0,R,21.0,R,0.0,R,21.0,R,8.0,R,38.0,R,22
228547,2009,R,5022.0,R,13752.0,R,37.0,R,3810.0,Z,0.0,R,3810.0,R,2195.0,R,58.0,R,5309.0,Z,0.0,R,5309.0,R,2054.0,R,39.0,R,24
228608,2009,R,482.0,R,1183.0,R,41.0,R,415.0,R,0.0,R,415.0,R,203.0,R,49.0,R,237.0,R,0.0,R,237.0,R,95.0,R,40.0,R,19
228635,2009,A,,A,,A,,A,,A,,A,,A,,A,,A,,A,,A,,A,,A,,R,3
228644,2009,R,5.0,R,332.0,R,2.0,R,0.0,R,0.0,R,0.0,R,0.0,A,,R,0.0,R,0.0,R,0.0,R,0.0,A,,R,2
228653,2009,A,,A,,A,,A,,A,,A,,A,,A,,A,,A,,A,,A,,A,,R,17
228680,2009,R,1149.0,R,4189.0,R,27.0,R,1167.0,R,0.0,R,1167.0,R,611.0,R,52.0,R,145.0,R,0.0,R,145.0,R,52.0,R,36.0,R,23
228699,2009,R,588.0,R,868.0,R,68.0,R,555.0,R,0.0,R,555.0,R,405.0,R,73.0,R,128.0,Z,0.0,R,128.0,R,70.0,R,55.0,R,23
228705,2009,R,943.0,R,2108.0,R,45.0,R,741.0,R,0.0,R,741.0,R,434.0,R,59.0,R,223.0,Z,0.0,R,223.0,R,99.0,R,44.0,R,15
228714,2009,R,493.0,R,622.0,R,79.0,R,491.0,R,0.0,R,491.0,R,267.0,R,54.0,R,27.0,R,0.0,R,27.0,R,15.0,R,56.0,R,12
228723,2009,R,7431.0,R,9648.0,R,77.0,R,7466.0,Z,0.0,R,7466.0,R,6916.0,R,93.0,R,627.0,Z,0.0,R,627.0,R,555.0,R,89.0,R,19
228769,2009,R,2435.0,R,6572.0,R,37.0,R,2230.0,Z,0.0,R,2230.0,R,1452.0,R,65.0,R,86.0,Z,0.0,R,86.0,R,41.0,R,48.0,R,23
228778,2009,R,7199.0,R,9741.0,R,74.0,R,6679.0,Z,0.0,R,6679.0,R,6173.0,R,92.0,R,39.0,Z,0.0,R,39.0,R,32.0,R,82.0,R,17
228787,2009,R,1293.0,R,2995.0,R,43.0,R,1091.0,R,0.0,R,1091.0,R,908.0,R,83.0,R,26.0,R,0.0,R,26.0,R,20.0,R,77.0,R,20
228796,2009,R,2380.0,R,4218.0,R,56.0,R,2272.0,R,0.0,R,2272.0,R,1616.0,R,71.0,R,317.0,R,0.0,R,317.0,R,93.0,R,29.0,R,19
228802,2009,R,587.0,R,1304.0,R,45.0,R,584.0,Z,0.0,R,584.0,R,375.0,R,64.0,R,1.0,R,0.0,R,1.0,R,1.0,R,100.0,R,16
228875,2009,R,1818.0,R,2240.0,R,81.0,R,1626.0,R,0.0,R,1626.0,R,1391.0,R,86.0,R,4.0,R,0.0,R,4.0,R,2.0,R,50.0,R,13
228884,2009,R,222.0,R,391.0,R,57.0,R,183.0,R,0.0,R,183.0,R,93.0,R,51.0,R,5.0,R,0.0,R,5.0,R,1.0,R,20.0,R,24
228981,2009,R,345.0,R,456.0,R,76.0,R,396.0,R,0.0,R,396.0,R,266.0,R,67.0,R,0.0,R,0.0,R,0.0,R,0.0,A,,R,15
229018,2009,R,324.0,R,728.0,R,45.0,R,320.0,R,0.0,R,320.0,R,194.0,R,61.0,R,8.0,R,0.0,R,8.0,R,1.0,R,13.0,R,17
229027,2009,R,4561.0,R,7242.0,R,63.0,R,4763.0,R,2.0,R,4761.0,R,2673.0,R,56.0,R,80.0,R,0.0,R,80.0,R,43.0,R,54.0,R,24
229036,2009,A,,A,,A,,R,247.0,R,0.0,R,247.0,R,184.0,R,74.0,R,0.0,R,0.0,R,0.0,R,0.0,A,,R,35
229063,2009,R,1091.0,R,1864.0,R,59.0,R,1269.0,R,0.0,R,1269.0,R,853.0,R,67.0,R,77.0,R,0.0,R,77.0,R,47.0,R,61.0,R,19
229115,2009,R,4514.0,R,7036.0,R,64.0,R,4338.0,R,0.0,R,4338.0,R,3517.0,R,81.0,R,47.0,R,0.0,R,47.0,R,26.0,R,55.0,R,22
229151,2009,A,,A,,A,,R,48.0,R,0.0,R,48.0,R,31.0,R,65.0,R,0.0,R,0.0,R,0.0,R,0.0,A,,R,20
229160,2009,R,183.0,R,452.0,R,40.0,R,201.0,Z,0.0,R,201.0,R,131.0,R,65.0,R,5.0,Z,0.0,R,5.0,R,1.0,R,20.0,R,14
229179,2009,R,737.0,R,2057.0,R,36.0,R,778.0,R,0.0,R,778.0,R,583.0,R,75.0,R,24.0,R,0.0,R,24.0,R,7.0,R,29.0,R,16
229267,2009,R,640.0,R,677.0,R,95.0,R,655.0,Z,0.0,R,655.0,R,585.0,R,89.0,R,0.0,Z,0.0,R,0.0,R,0.0,A,,R,9
229300,2009,A,,A,,A,,A,,A,,A,,A,,A,,A,,A,,A,,A,,A,,R,5
229319,2009,R,403.0,R,982.0,R,41.0,R,357.0,R,1.0,R,356.0,R,189.0,R,53.0,R,86.0,R,1.0,R,85.0,R,36.0,R,42.0,R,19
229328,2009,R,79.0,R,555.0,R,14.0,R,152.0,R,0.0,R,152.0,R,73.0,R,48.0,R,276.0,R,0.0,R,276.0,R,147.0,R,53.0,R,8
229337,2009,A,,A,,A,,A,,A,,A,,A,,A,,A,,A,,A,,A,,A,,R,4
229355,2009,R,2097.0,R,3658.0,R,57.0,R,1963.0,R,0.0,R,1963.0,R,1000.0,R,51.0,R,312.0,R,0.0,R,312.0,R,143.0,R,46.0,R,22
229416,2009,A,,A,,A,,R,1018.0,R,1.0,R,1017.0,R,704.0,R,69.0,R,0.0,R,0.0,R,0.0,R,0.0,A,,R,30
229425,2009,A,,A,,A,,R,83.0,R,0.0,R,83.0,R,69.0,R,83.0,R,98.0,R,0.0,R,98.0,R,86.0,R,88.0,R,16
229504,2009,R,296.0,R,1284.0,R,23.0,R,188.0,Z,0.0,R,188.0,R,153.0,R,81.0,R,265.0,Z,0.0,R,265.0,R,169.0,R,64.0,R,17
229522,2009,A,,A,,A,,R,11.0,R,0.0,R,11.0,R,10.0,R,91.0,R,21.0,Z,0.0,R,21.0,R,10.0,R,48.0,R,18
229540,2009,R,411.0,R,919.0,R,45.0,R,455.0,R,0.0,R,455.0,R,276.0,R,61.0,R,311.0,R,0.0,R,311.0,R,133.0,R,43.0,R,18
229780,2009,R,215.0,R,281.0,R,77.0,R,199.0,R,0.0,R,199.0,R,131.0,R,66.0,R,6.0,R,0.0,R,6.0,R,5.0,R,83.0,R,8
229799,2009,R,982.0,R,1683.0,R,58.0,R,873.0,R,0.0,R,873.0,R,470.0,R,54.0,R,217.0,R,0.0,R,217.0,R,78.0,R,36.0,R,23
229814,2009,R,1194.0,R,2066.0,R,58.0,R,1149.0,R,1.0,R,1148.0,R,737.0,R,64.0,R,22.0,R,0.0,R,22.0,R,9.0,R,41.0,R,22
229832,2009,R,281.0,R,1599.0,R,18.0,R,203.0,R,0.0,R,203.0,R,101.0,R,50.0,R,842.0,R,0.0,R,842.0,R,238.0,R,28.0,R,21
229841,2009,R,1092.0,R,1976.0,R,55.0,R,996.0,Z,0.0,R,996.0,R,632.0,R,63.0,R,341.0,Z,0.0,R,341.0,R,162.0,R,48.0,R,20
229887,2009,R,306.0,R,495.0,R,62.0,R,245.0,R,0.0,R,245.0,R,152.0,R,62.0,R,5.0,R,0.0,R,5.0,R,2.0,R,40.0,R,20
229957,2009,A,,A,,A,,R,67.0,R,0.0,R,67.0,R,61.0,R,91.0,R,0.0,R,0.0,R,0.0,R,0.0,A,,R,9
230010,2009,A,,A,,A,,R,118.0,Z,0.0,R,118.0,R,80.0,R,68.0,R,76.0,R,1.0,R,75.0,R,33.0,R,44.0,R,16
230038,2009,R,4672.0,R,5432.0,R,86.0,R,4592.0,R,1435.0,R,3157.0,R,2660.0,R,84.0,R,62.0,R,16.0,R,46.0,R,23.0,R,50.0,R,23
230047,2009,R,305.0,R,558.0,R,55.0,R,294.0,R,49.0,R,245.0,R,153.0,R,62.0,R,6.0,R,1.0,R,5.0,R,4.0,R,80.0,R,16
230056,2009,R,39.0,R,303.0,R,13.0,R,3.0,Z,0.0,R,3.0,R,1.0,R,33.0,R,7.0,Z,0.0,R,7.0,R,3.0,R,43.0,R,8
230065,2009,A,,A,,A,,R,66.0,R,1.0,R,65.0,R,59.0,R,91.0,R,77.0,R,0.0,R,77.0,R,64.0,R,83.0,R,12
230092,2009,R,448.0,R,750.0,R,60.0,R,452.0,R,15.0,R,437.0,R,211.0,R,48.0,R,60.0,R,5.0,R,55.0,R,20.0,R,36.0,R,16
230135,2009,A,,A,,A,,R,12.0,Z,0.0,R,12.0,R,12.0,R,100.0,Z,0.0,Z,0.0,Z,0.0,Z,0.0,A,,R,13
230144,2009,A,,A,,A,,R,19.0,R,2.0,R,17.0,R,16.0,R,94.0,R,0.0,R,0.0,R,0.0,Z,0.0,A,,R,10
230162,2009,A,,A,,A,,R,137.0,R,3.0,R,134.0,R,62.0,R,46.0,R,365.0,R,2.0,R,363.0,R,189.0,R,52.0,R,13
230171,2009,R,1399.0,R,3042.0,R,46.0,R,138.0,R,14.0,R,124.0,R,71.0,R,57.0,R,31.0,R,4.0,R,27.0,R,17.0,R,63.0,R,21
230199,2009,A,,A,,A,,R,22.0,R,0.0,R,22.0,R,5.0,R,23.0,R,0.0,R,0.0,R,0.0,R,0.0,A,,R,13
230205,2009,A,,A,,A,,R,15.0,R,0.0,R,15.0,R,15.0,R,100.0,R,0.0,R,0.0,R,0.0,R,0.0,A,,R,20
230214,2009,A,,A,,A,,R,77.0,Z,0.0,R,77.0,R,68.0,R,88.0,R,58.0,Z,0.0,R,58.0,R,48.0,R,83.0,R,15
230223,2009,A,,A,,A,,R,8.0,R,0.0,R,8.0,R,7.0,R,88.0,R,9.0,R,0.0,R,9.0,R,7.0,R,78.0,R,15
230366,2009,R,71.0,R,137.0,R,52.0,R,6.0,R,0.0,R,6.0,R,2.0,R,33.0,R,3.0,Z,0.0,R,3.0,R,1.0,R,33.0,R,12
230384,2009,R,107.0,R,158.0,R,68.0,R,2.0,R,0.0,R,2.0,R,1.0,R,50.0,R,0.0,R,0.0,R,0.0,R,0.0,A,,R,20
230418,2009,R,379.0,R,641.0,R,59.0,R,270.0,Z,0.0,R,270.0,R,107.0,R,40.0,R,56.0,Z,0.0,R,56.0,R,30.0,R,54.0,R,20
230472,2009,R,55.0,R,80.0,R,69.0,R,5.0,R,0.0,R,5.0,R,2.0,R,40.0,R,7.0,R,0.0,R,7.0,R,2.0,R,29.0,R,32
230490,2009,A,,A,,A,,R,88.0,R,0.0,R,88.0,R,20.0,R,23.0,R,107.0,R,0.0,R,107.0,R,20.0,R,19.0,R,21
230597,2009,R,1147.0,R,1412.0,R,81.0,R,1203.0,R,277.0,R,926.0,R,486.0,R,52.0,R,159.0,R,29.0,R,130.0,R,25.0,R,19.0,R,20
230603,2009,R,1331.0,R,1572.0,R,85.0,R,1028.0,R,201.0,R,827.0,R,574.0,R,69.0,R,38.0,R,6.0,R,32.0,R,15.0,R,47.0,R,24
230621,2009,A,,A,,A,,R,308.0,R,0.0,R,308.0,R,271.0,R,88.0,R,0.0,R,0.0,R,0.0,R,0.0,A,,R,20
230630,2009,A,,A,,A,,R,82.0,R,7.0,R,75.0,R,51.0,R,68.0,R,0.0,R,0.0,R,0.0,R,0.0,A,,R,15
230676,2009,A,,A,,A,,R,135.0,R,0.0,R,135.0,R,84.0,R,62.0,R,251.0,R,0.0,R,251.0,R,174.0,R,69.0,R,8
230728,2009,R,2639.0,R,3936.0,R,67.0,R,2549.0,R,524.0,R,2025.0,R,1492.0,R,74.0,R,213.0,R,36.0,R,177.0,R,94.0,R,53.0,R,18
230737,2009,R,2686.0,R,5935.0,R,45.0,R,1145.0,R,163.0,R,982.0,R,620.0,R,63.0,R,609.0,R,80.0,R,529.0,R,255.0,R,48.0,R,23
230746,2009,R,2373.0,R,6264.0,R,38.0,R,1844.0,R,0.0,R,1844.0,R,1050.0,R,57.0,R,1972.0,R,0.0,R,1972.0,R,885.0,R,45.0,R,26
230764,2009,R,2551.0,R,5422.0,R,47.0,R,2321.0,R,332.0,R,1989.0,R,1685.0,R,85.0,R,322.0,R,46.0,R,276.0,R,176.0,R,64.0,R,15
230782,2009,R,1729.0,R,3380.0,R,51.0,R,1665.0,R,391.0,R,1274.0,R,916.0,R,72.0,R,774.0,R,159.0,R,615.0,R,261.0,R,42.0,R,21
230807,2009,R,465.0,R,697.0,R,67.0,R,440.0,R,13.0,R,427.0,R,325.0,R,76.0,R,5.0,R,0.0,R,5.0,R,2.0,R,40.0,R,10
230816,2009,R,198.0,R,214.0,R,93.0,R,189.0,R,0.0,R,189.0,R,157.0,R,83.0,R,0.0,R,0.0,R,0.0,R,0.0,A,,R,9
230825,2009,R,20.0,R,70.0,R,29.0,R,21.0,R,0.0,R,21.0,R,12.0,R,57.0,R,0.0,R,0.0,R,0.0,R,0.0,A,,R,6
230834,2009,R,505.0,R,669.0,R,75.0,R,457.0,Z,0.0,R,457.0,R,319.0,R,70.0,R,0.0,Z,0.0,R,0.0,Z,0.0,A,,R,14
230852,2009,R,545.0,R,763.0,R,71.0,R,608.0,R,0.0,R,608.0,R,444.0,R,73.0,R,3.0,R,0.0,R,3.0,R,2.0,R,67.0,R,14
230861,2009,R,288.0,R,2043.0,R,14.0,R,227.0,Z,0.0,R,227.0,R,95.0,R,42.0,R,390.0,Z,0.0,R,390.0,R,164.0,R,42.0,R,14
230889,2009,R,8.0,R,96.0,R,8.0,R,9.0,R,0.0,R,9.0,R,5.0,R,56.0,R,0.0,R,0.0,R,0.0,R,0.0,A,,R,13
230898,2009,R,217.0,R,270.0,R,80.0,R,219.0,R,0.0,R,219.0,R,154.0,R,70.0,R,0.0,R,0.0,R,0.0,R,0.0,A,,R,14
230913,2009,R,298.0,R,467.0,R,64.0,R,296.0,Z,0.0,R,296.0,R,202.0,R,68.0,R,7.0,Z,0.0,R,7.0,R,1.0,R,14.0,R,14
230931,2009,R,391.0,R,485.0,R,81.0,R,352.0,Z,0.0,R,352.0,R,216.0,R,61.0,R,3.0,Z,0.0,R,3.0,R,2.0,R,67.0,R,15
230940,2009,R,64.0,R,87.0,R,74.0,R,85.0,R,0.0,R,85.0,R,67.0,R,79.0,R,0.0,R,0.0,R,0.0,R,0.0,A,,R,8
230959,2009,R,603.0,R,629.0,R,96.0,R,576.0,R,0.0,R,576.0,R,559.0,R,97.0,Z,0.0,Z,0.0,Z,0.0,Z,0.0,A,,R,9
230977,2009,A,,A,,A,,R,2.0,R,0.0,R,2.0,R,2.0,R,100.0,R,0.0,R,0.0,R,0.0,R,0.0,A,,R,16
230995,2009,R,642.0,R,692.0,R,93.0,R,565.0,R,0.0,R,565.0,R,429.0,R,76.0,R,3.0,R,0.0,R,3.0,R,1.0,R,33.0,R,15
231004,2009,A,,A,,A,,R,19.0,R,3.0,R,16.0,R,4.0,R,25.0,R,0.0,R,0.0,R,0.0,R,0.0,A,,R,8
231059,2009,R,470.0,R,543.0,R,87.0,R,543.0,R,0.0,R,543.0,R,483.0,R,89.0,R,0.0,Z,0.0,R,0.0,Z,0.0,A,,R,13
231077,2009,R,46.0,R,79.0,R,58.0,R,43.0,Z,0.0,R,43.0,R,32.0,R,74.0,R,3.0,Z,0.0,R,3.0,R,1.0,R,33.0,R,9
231086,2009,R,105.0,R,168.0,R,63.0,R,131.0,R,0.0,R,131.0,R,85.0,R,65.0,R,4.0,R,0.0,R,4.0,R,3.0,R,75.0,R,13
231095,2009,R,26.0,R,39.0,R,67.0,R,27.0,R,0.0,R,27.0,R,18.0,R,67.0,R,0.0,R,0.0,R,0.0,R,0.0,A,,R,7
231165,2009,R,247.0,R,591.0,R,42.0,R,291.0,Z,0.0,R,291.0,R,212.0,R,73.0,R,2.0,Z,0.0,R,2.0,R,0.0,R,0.0,R,11
231174,2009,R,2610.0,R,3283.0,R,80.0,R,2454.0,R,0.0,R,2454.0,R,2096.0,R,85.0,R,14.0,R,0.0,R,14.0,R,7.0,R,50.0,R,17
231280,2009,A,,A,,A,,R,44.0,R,0.0,R,44.0,R,40.0,R,91.0,R,7.0,R,0.0,R,7.0,R,6.0,R,86.0,R,17
231411,2009,R,319.0,R,323.0,R,99.0,R,224.0,R,2.0,R,222.0,R,157.0,R,71.0,R,0.0,R,0.0,R,0.0,R,0.0,A,,R,24
231420,2009,R,235.0,R,334.0,R,70.0,R,234.0,R,0.0,R,234.0,R,113.0,R,48.0,R,0.0,R,0.0,R,0.0,R,0.0,A,,R,12
231536,2009,R,652.0,R,1410.0,R,46.0,R,616.0,R,0.0,R,616.0,R,371.0,R,60.0,R,271.0,R,0.0,R,271.0,R,125.0,R,46.0,R,25
231554,2009,R,121.0,R,179.0,R,68.0,R,81.0,R,0.0,R,81.0,R,57.0,R,70.0,R,1.0,R,0.0,R,1.0,R,1.0,R,100.0,R,15
231581,2009,R,497.0,R,556.0,R,89.0,R,488.0,R,0.0,R,488.0,R,361.0,R,74.0,Z,0.0,Z,0.0,Z,0.0,Z,0.0,A,,R,14
231624,2009,R,1391.0,R,1569.0,R,89.0,R,1386.0,R,3.0,R,1383.0,R,1309.0,R,95.0,R,1.0,R,0.0,R,1.0,R,1.0,R,100.0,R,11
231642,2009,R,27.0,R,28.0,R,96.0,R,48.0,R,1.0,R,47.0,R,21.0,R,45.0,R,0.0,R,0.0,R,0.0,R,0.0,A,,R,30
231651,2009,R,78.0,R,651.0,R,12.0,R,60.0,R,0.0,R,60.0,R,41.0,R,68.0,R,22.0,R,0.0,R,22.0,R,8.0,R,36.0,R,20
231688,2009,A,,A,,A,,R,0.0,Z,0.0,R,0.0,R,0.0,A,,R,53.0,Z,0.0,R,53.0,R,27.0,R,51.0,R,18
231697,2009,R,537.0,R,1282.0,R,42.0,R,515.0,R,0.0,R,515.0,R,303.0,R,59.0,R,385.0,R,0.0,R,385.0,R,137.0,R,36.0,R,19
231712,2009,R,1213.0,R,1393.0,R,87.0,R,1137.0,R,0.0,R,1137.0,R,910.0,R,80.0,Z,0.0,Z,0.0,Z,0.0,Z,0.0,A,,R,18
231721,2009,A,,A,,A,,R,57.0,R,0.0,R,57.0,R,31.0,R,54.0,R,5.0,R,0.0,R,5.0,R,2.0,R,40.0,R,17
231785,2009,R,144.0,R,285.0,R,51.0,R,0.0,R,0.0,R,0.0,R,0.0,A,,R,9.0,R,0.0,R,9.0,R,6.0,R,67.0,R,16
231828,2009,R,185.0,R,292.0,R,63.0,R,3.0,R,0.0,R,3.0,R,2.0,R,67.0,R,6.0,R,0.0,R,6.0,R,5.0,R,83.0,R,15
231837,2009,R,91.0,R,346.0,R,26.0,R,72.0,R,0.0,R,72.0,R,51.0,R,71.0,R,1.0,R,0.0,R,1.0,R,0.0,R,0.0,R,10
231873,2009,R,160.0,R,336.0,R,48.0,R,192.0,R,0.0,R,192.0,R,116.0,R,60.0,R,70.0,R,0.0,R,70.0,R,30.0,R,43.0,R,20
231882,2009,R,444.0,R,899.0,R,49.0,R,410.0,R,0.0,R,410.0,R,257.0,R,63.0,R,158.0,R,0.0,R,158.0,R,85.0,R,54.0,R,18
231970,2009,A,,A,,A,,A,,A,,A,,A,,A,,A,,A,,A,,A,,A,,R,4
232016,2009,A,,A,,A,,R,385.0,R,0.0,R,385.0,R,113.0,R,29.0,Z,0.0,Z,0.0,Z,0.0,Z,0.0,A,,R,35
232025,2009,R,291.0,R,360.0,R,81.0,R,241.0,R,0.0,R,241.0,R,171.0,R,71.0,Z,0.0,Z,0.0,Z,0.0,Z,0.0,A,,R,10
232043,2009,R,218.0,R,376.0,R,58.0,R,183.0,Z,0.0,R,183.0,R,140.0,R,77.0,R,1.0,Z,0.0,R,1.0,R,1.0,R,100.0,R,10
232052,2009,R,111.0,R,207.0,R,54.0,R,104.0,R,0.0,R,104.0,R,68.0,R,65.0,R,76.0,R,0.0,R,76.0,R,38.0,R,50.0,R,15
232089,2009,R,531.0,R,597.0,R,89.0,R,582.0,R,0.0,R,582.0,R,297.0,R,51.0,R,1.0,R,0.0,R,1.0,R,0.0,R,0.0,R,17
232186,2009,R,2628.0,R,5677.0,R,46.0,R,2476.0,R,0.0,R,2476.0,R,2098.0,R,85.0,R,50.0,R,1.0,R,49.0,R,27.0,R,55.0,R,16
232195,2009,R,679.0,R,1838.0,R,37.0,R,690.0,R,0.0,R,690.0,R,418.0,R,61.0,R,531.0,R,0.0,R,531.0,R,230.0,R,43.0,R,23
232256,2009,R,295.0,R,311.0,R,95.0,R,314.0,R,2.0,R,312.0,R,242.0,R,78.0,R,0.0,R,0.0,R,0.0,R,0.0,A,,R,10
232265,2009,R,1017.0,R,1292.0,R,79.0,R,1191.0,R,0.0,R,1191.0,R,912.0,R,77.0,R,21.0,R,0.0,R,21.0,R,11.0,R,52.0,R,13
232308,2009,R,198.0,R,264.0,R,75.0,R,209.0,R,0.0,R,209.0,R,159.0,R,76.0,R,0.0,Z,0.0,R,0.0,Z,0.0,A,,R,10
232414,2009,R,979.0,R,3130.0,R,31.0,R,930.0,R,0.0,R,930.0,R,563.0,R,61.0,R,875.0,R,0.0,R,875.0,R,385.0,R,44.0,R,22
232423,2009,R,3950.0,R,4732.0,R,83.0,R,3956.0,R,0.0,R,3956.0,R,3629.0,R,92.0,R,1.0,R,0.0,R,1.0,R,1.0,R,100.0,R,16
232450,2009,R,854.0,R,2101.0,R,41.0,R,731.0,R,0.0,R,731.0,R,438.0,R,60.0,R,444.0,R,0.0,R,444.0,R,214.0,R,48.0,R,24
232502,2009,R,189.0,R,253.0,R,75.0,R,106.0,R,0.0,R,106.0,R,94.0,R,89.0,R,0.0,R,0.0,R,0.0,R,0.0,A,,R,25
232557,2009,R,3919.0,R,8447.0,R,46.0,R,2749.0,R,0.0,R,2749.0,R,2137.0,R,78.0,R,439.0,R,0.0,R,439.0,R,215.0,R,49.0,R,45
232566,2009,R,956.0,R,1154.0,R,83.0,R,1048.0,R,10.0,R,1038.0,R,819.0,R,79.0,R,1.0,R,0.0,R,1.0,R,0.0,R,0.0,R,18
232575,2009,R,614.0,R,1613.0,R,38.0,R,623.0,R,0.0,R,623.0,R,373.0,R,60.0,R,518.0,R,0.0,R,518.0,R,249.0,R,48.0,R,22
232593,2009,A,,A,,A,,A,,A,,A,,A,,A,,A,,A,,A,,A,,A,,R,4
232609,2009,R,593.0,R,742.0,R,80.0,R,593.0,R,0.0,R,593.0,R,427.0,R,72.0,R,1.0,R,0.0,R,1.0,R,0.0,R,0.0,R,12
232618,2009,A,,A,,A,,R,15.0,R,0.0,R,15.0,R,12.0,R,80.0,R,0.0,R,0.0,R,0.0,R,0.0,A,,R,9
232672,2009,R,223.0,R,352.0,R,63.0,R,267.0,R,0.0,R,267.0,R,183.0,R,69.0,R,27.0,R,0.0,R,27.0,R,18.0,R,67.0,R,10
232681,2009,R,925.0,R,1297.0,R,71.0,R,848.0,R,0.0,R,848.0,R,707.0,R,83.0,R,29.0,R,0.0,R,29.0,R,16.0,R,55.0,R,16
232706,2009,R,384.0,R,644.0,R,60.0,R,404.0,R,0.0,R,404.0,R,282.0,R,70.0,R,7.0,R,0.0,R,7.0,R,5.0,R,71.0,R,14
232724,2009,A,,A,,A,,A,,A,,A,,A,,A,,A,,A,,A,,A,,A,,R,8
232788,2009,R,458.0,R,706.0,R,65.0,R,453.0,R,0.0,R,453.0,R,251.0,R,55.0,R,136.0,R,0.0,R,136.0,R,50.0,R,37.0,R,23
232797,2009,R,850.0,R,986.0,R,86.0,R,31.0,R,0.0,R,31.0,R,23.0,R,74.0,R,28.0,R,0.0,R,28.0,R,14.0,R,50.0,R,19
232867,2009,R,466.0,R,1235.0,R,38.0,R,457.0,R,0.0,R,457.0,R,266.0,R,58.0,R,192.0,R,0.0,R,192.0,R,67.0,R,35.0,R,28
232885,2009,A,,A,,A,,R,127.0,R,0.0,R,127.0,R,99.0,R,78.0,R,0.0,R,0.0,R,0.0,Z,0.0,A,,R,8
232919,2009,A,,A,,A,,R,72.0,R,0.0,R,72.0,R,55.0,R,76.0,R,0.0,R,0.0,R,0.0,R,0.0,A,,R,12
232937,2009,R,1162.0,R,1664.0,R,70.0,R,1036.0,Z,0.0,R,1036.0,R,729.0,R,70.0,R,35.0,Z,0.0,R,35.0,R,13.0,R,37.0,R,20
232946,2009,R,4738.0,R,11528.0,R,41.0,R,4106.0,R,0.0,R,4106.0,R,2888.0,R,70.0,R,2715.0,R,0.0,R,2715.0,R,1307.0,R,48.0,R,26
232982,2009,R,2707.0,R,5196.0,R,52.0,R,2763.0,R,0.0,R,2763.0,R,2223.0,R,80.0,R,49.0,R,0.0,R,49.0,R,30.0,R,61.0,R,21
233019,2009,R,424.0,R,765.0,R,55.0,R,361.0,R,0.0,R,361.0,R,233.0,R,65.0,R,187.0,R,0.0,R,187.0,R,75.0,R,40.0,R,26
233037,2009,R,144.0,R,385.0,R,37.0,R,148.0,R,0.0,R,148.0,R,78.0,R,53.0,R,127.0,R,0.0,R,127.0,R,43.0,R,34.0,R,18
233082,2009,A,,A,,A,,A,,A,,A,,A,,A,,A,,A,,A,,A,,A,,R,5
233091,2009,R,19.0,R,77.0,R,25.0,R,15.0,R,0.0,R,15.0,R,8.0,R,53.0,R,15.0,R,0.0,R,15.0,R,3.0,R,20.0,R,11
233116,2009,R,333.0,R,1063.0,R,31.0,R,390.0,R,0.0,R,390.0,R,247.0,R,63.0,R,341.0,R,0.0,R,341.0,R,162.0,R,48.0,R,20
233277,2009,R,1447.0,R,2092.0,R,69.0,R,1872.0,R,0.0,R,1872.0,R,1467.0,R,78.0,R,3.0,R,0.0,R,3.0,R,0.0,R,0.0,R,18
233286,2009,A,,A,,A,,R,20.0,R,0.0,R,20.0,R,9.0,R,45.0,Z,0.0,Z,0.0,Z,0.0,Z,0.0,A,,R,4
233295,2009,R,362.0,R,409.0,R,89.0,R,361.0,Z,0.0,R,361.0,R,274.0,R,76.0,R,1.0,Z,0.0,R,1.0,R,0.0,R,0.0,R,11
233301,2009,R,135.0,R,168.0,R,80.0,R,144.0,R,1.0,R,143.0,R,83.0,R,58.0,Z,0.0,Z,0.0,Z,0.0,Z,0.0,A,,R,5
233310,2009,R,317.0,R,667.0,R,48.0,R,261.0,R,0.0,R,261.0,R,155.0,R,59.0,R,238.0,R,0.0,R,238.0,R,96.0,R,40.0,R,22
233329,2009,A,,A,,A,,R,121.0,R,0.0,R,121.0,R,68.0,R,56.0,R,0.0,R,0.0,R,0.0,R,0.0,A,,R,14
233338,2009,R,491.0,R,833.0,R,59.0,R,567.0,R,11.0,R,556.0,R,264.0,R,47.0,R,30.0,R,0.0,R,30.0,R,15.0,R,50.0,R,27
233356,2009,A,,A,,A,,R,3.0,R,0.0,R,3.0,R,2.0,R,67.0,R,0.0,R,0.0,R,0.0,R,0.0,A,,R,8
233374,2009,R,919.0,R,1220.0,R,75.0,R,738.0,R,0.0,R,738.0,R,677.0,R,92.0,R,0.0,R,0.0,R,0.0,R,0.0,A,,R,8
233408,2009,A,,A,,A,,R,31.0,R,0.0,R,31.0,R,29.0,R,94.0,R,0.0,R,0.0,R,0.0,R,0.0,A,,R,9
233426,2009,R,560.0,R,710.0,R,79.0,R,529.0,R,0.0,R,529.0,R,406.0,R,77.0,Z,0.0,Z,0.0,Z,0.0,Z,0.0,A,,R,13
233480,2009,A,,A,,A,,R,22.0,R,0.0,R,22.0,R,21.0,R,95.0,R,0.0,R,0.0,R,0.0,R,0.0,A,,R,6
233499,2009,R,157.0,R,188.0,R,84.0,R,200.0,R,0.0,R,200.0,R,79.0,R,40.0,R,1.0,R,0.0,R,1.0,R,1.0,R,100.0,R,15
233541,2009,R,443.0,R,681.0,R,65.0,R,399.0,R,0.0,R,399.0,R,283.0,R,71.0,R,3.0,R,0.0,R,3.0,R,0.0,R,0.0,R,9
233611,2009,R,210.0,R,263.0,R,80.0,R,229.0,R,56.0,R,173.0,R,83.0,R,48.0,R,1.0,Z,0.0,R,1.0,R,1.0,R,100.0,R,12
233639,2009,R,540.0,R,1325.0,R,41.0,R,517.0,R,0.0,R,517.0,R,325.0,R,63.0,R,279.0,R,0.0,R,279.0,R,125.0,R,45.0,R,21
233648,2009,R,524.0,R,869.0,R,60.0,R,451.0,R,0.0,R,451.0,R,299.0,R,66.0,R,207.0,R,0.0,R,207.0,R,54.0,R,26.0,R,20
233657,2009,A,,A,,A,,R,22.0,R,0.0,R,22.0,R,22.0,R,100.0,R,2.0,R,0.0,R,2.0,R,1.0,R,50.0,R,17
233666,2009,A,,A,,A,,R,25.0,R,1.0,R,24.0,R,22.0,R,92.0,R,9.0,R,1.0,R,8.0,R,7.0,R,88.0,R,14
233718,2009,R,157.0,R,199.0,R,79.0,R,198.0,Z,0.0,R,198.0,R,154.0,R,78.0,Z,0.0,Z,0.0,Z,0.0,Z,0.0,A,,R,8
233754,2009,R,1104.0,R,2899.0,R,38.0,R,951.0,R,0.0,R,951.0,R,535.0,R,56.0,R,838.0,R,0.0,R,838.0,R,331.0,R,39.0,R,24
233772,2009,R,3756.0,R,8576.0,R,44.0,R,3215.0,R,0.0,R,3215.0,R,2063.0,R,64.0,R,1891.0,R,0.0,R,1891.0,R,819.0,R,43.0,R,27
233897,2009,R,397.0,R,850.0,R,47.0,R,425.0,Z,0.0,R,425.0,R,288.0,R,68.0,R,2.0,Z,0.0,R,2.0,R,2.0,R,100.0,R,15
233903,2009,R,417.0,R,760.0,R,55.0,R,356.0,R,0.0,R,356.0,R,199.0,R,56.0,R,120.0,R,0.0,R,120.0,R,42.0,R,35.0,R,17
233912,2009,R,189.0,R,386.0,R,49.0,R,92.0,Z,0.0,R,92.0,R,63.0,R,68.0,R,0.0,Z,0.0,R,0.0,R,0.0,A,,R,9
233921,2009,R,5042.0,R,6056.0,R,83.0,R,5397.0,R,0.0,R,5397.0,R,4896.0,R,91.0,R,4.0,R,0.0,R,4.0,R,3.0,R,75.0,R,16
233949,2009,R,935.0,R,1888.0,R,50.0,R,870.0,R,0.0,R,870.0,R,510.0,R,59.0,R,413.0,R,0.0,R,413.0,R,191.0,R,46.0,R,23
234030,2009,R,3590.0,R,5684.0,R,63.0,R,3645.0,R,1.0,R,3644.0,R,3042.0,R,83.0,R,29.0,R,0.0,R,29.0,R,20.0,R,69.0,R,18
234076,2009,R,3239.0,R,4783.0,R,68.0,R,3252.0,R,0.0,R,3252.0,R,3163.0,R,97.0,R,4.0,R,0.0,R,4.0,R,3.0,R,75.0,R,18
234085,2009,R,430.0,R,464.0,R,93.0,R,392.0,R,0.0,R,392.0,R,328.0,R,84.0,R,0.0,R,0.0,R,0.0,R,0.0,A,,R,11
234119,2009,A,,A,,A,,R,10.0,R,0.0,R,10.0,R,8.0,R,80.0,R,22.0,R,2.0,R,20.0,R,19.0,R,95.0,R,20
234137,2009,R,24.0,R,75.0,R,32.0,R,23.0,R,0.0,R,23.0,R,23.0,R,100.0,R,26.0,R,0.0,R,26.0,R,25.0,R,96.0,R,9
234155,2009,R,1202.0,R,1431.0,R,84.0,R,1286.0,R,0.0,R,1286.0,R,867.0,R,67.0,R,38.0,R,0.0,R,38.0,R,24.0,R,63.0,R,17
234164,2009,R,554.0,R,603.0,R,92.0,R,352.0,Z,0.0,R,352.0,R,178.0,R,51.0,R,2.0,Z,0.0,R,2.0,R,0.0,R,0.0,R,17
234173,2009,R,319.0,R,411.0,R,78.0,R,329.0,R,0.0,R,329.0,R,228.0,R,69.0,R,0.0,R,0.0,R,0.0,R,0.0,A,,R,12
234191,2009,A,,A,,A,,R,81.0,R,0.0,R,81.0,R,42.0,R,52.0,R,0.0,R,0.0,R,0.0,R,0.0,A,,R,3
234207,2009,R,472.0,R,480.0,R,98.0,R,454.0,R,0.0,R,454.0,R,426.0,R,94.0,Z,0.0,Z,0.0,Z,0.0,Z,0.0,A,,R,7
234216,2009,R,62.0,R,156.0,R,40.0,R,18.0,Z,0.0,R,18.0,R,11.0,R,61.0,R,3.0,Z,0.0,R,3.0,R,1.0,R,33.0,R,14
234225,2009,A,,A,,A,,R,37.0,R,1.0,R,36.0,R,23.0,R,64.0,R,0.0,R,0.0,R,0.0,R,0.0,A,,R,16
234359,2009,A,,A,,A,,R,75.0,R,0.0,R,75.0,R,57.0,R,76.0,R,0.0,R,0.0,R,0.0,R,0.0,A,,R,10
234377,2009,R,501.0,R,861.0,R,58.0,R,475.0,R,0.0,R,475.0,R,322.0,R,68.0,R,135.0,R,0.0,R,135.0,R,60.0,R,44.0,R,25
234401,2009,A,,A,,A,,R,11.0,Z,0.0,R,11.0,R,7.0,R,64.0,R,12.0,Z,0.0,R,12.0,R,9.0,R,75.0,R,10
234492,2009,R,362.0,R,831.0,R,44.0,R,304.0,R,0.0,R,304.0,R,215.0,R,71.0,R,58.0,R,0.0,R,58.0,R,19.0,R,33.0,R,19
234650,2009,A,,A,,A,,R,15.0,Z,0.0,R,15.0,R,13.0,R,87.0,Z,0.0,Z,0.0,Z,0.0,Z,0.0,A,,R,15
234669,2009,R,460.0,R,7531.0,R,6.0,R,423.0,Z,0.0,R,423.0,R,285.0,R,67.0,R,181.0,Z,0.0,R,181.0,R,93.0,R,51.0,R,21
234687,2009,A,,A,,A,,R,10.0,Z,0.0,R,10.0,R,7.0,R,70.0,Z,0.0,Z,0.0,Z,0.0,Z,0.0,A,,R,15
234696,2009,R,73.0,R,1786.0,R,4.0,R,129.0,Z,0.0,R,129.0,R,103.0,R,80.0,R,40.0,Z,0.0,R,40.0,R,23.0,R,58.0,R,24
234711,2009,R,305.0,R,920.0,R,33.0,R,294.0,Z,0.0,R,294.0,R,165.0,R,56.0,R,28.0,Z,0.0,R,28.0,R,11.0,R,39.0,R,18
234739,2009,A,,A,,A,,A,,A,,A,,A,,A,,A,,A,,A,,A,,A,,R,20
234784,2009,A,,A,,A,,A,,A,,A,,A,,A,,A,,A,,A,,A,,A,,R,24
234827,2009,R,1646.0,R,3476.0,R,47.0,R,1555.0,R,0.0,R,1555.0,R,1206.0,R,78.0,R,15.0,R,0.0,R,15.0,R,7.0,R,47.0,R,21
234845,2009,R,287.0,R,1407.0,R,20.0,R,257.0,Z,0.0,R,257.0,R,152.0,R,59.0,R,45.0,Z,0.0,R,45.0,R,23.0,R,51.0,R,20
234915,2009,R,15.0,R,488.0,R,3.0,R,9.0,Z,0.0,R,9.0,R,2.0,R,22.0,R,10.0,Z,0.0,R,10.0,R,2.0,R,20.0,R,8
234924,2009,A,,A,,A,,R,15.0,R,0.0,R,15.0,R,8.0,R,53.0,Z,0.0,Z,0.0,Z,0.0,Z,0.0,A,,R,7
234933,2009,R,958.0,R,5600.0,R,17.0,R,803.0,Z,0.0,R,803.0,R,560.0,R,70.0,R,338.0,Z,0.0,R,338.0,R,169.0,R,50.0,R,17
234951,2009,R,239.0,R,3897.0,R,6.0,R,250.0,Z,0.0,R,250.0,R,138.0,R,55.0,R,20.0,Z,0.0,R,20.0,R,11.0,R,55.0,R,28
234979,2009,R,701.0,R,3618.0,R,19.0,R,739.0,Z,0.0,R,739.0,R,430.0,R,58.0,R,303.0,Z,0.0,R,303.0,R,141.0,R,47.0,R,22
235024,2009,R,190.0,R,278.0,R,68.0,R,205.0,R,0.0,R,205.0,R,130.0,R,63.0,R,0.0,R,0.0,R,0.0,R,0.0,A,,R,8
235088,2009,A,,A,,A,,R,62.0,R,1.0,R,61.0,R,54.0,R,89.0,R,0.0,R,0.0,R,0.0,R,0.0,A,,R,11
235097,2009,R,1459.0,R,2706.0,R,54.0,R,1488.0,Z,0.0,R,1488.0,R,1067.0,R,72.0,R,21.0,Z,0.0,R,21.0,R,5.0,R,24.0,R,21
235103,2009,R,572.0,R,4683.0,R,12.0,R,470.0,Z,0.0,R,470.0,R,290.0,R,62.0,R,139.0,Z,0.0,R,139.0,R,60.0,R,43.0,R,18
235149,2009,R,512.0,R,3176.0,R,16.0,R,456.0,Z,0.0,R,456.0,R,253.0,R,55.0,R,243.0,Z,0.0,R,243.0,R,91.0,R,37.0,R,18
235158,2009,A,,A,,A,,R,66.0,R,0.0,R,66.0,R,59.0,R,89.0,R,0.0,R,0.0,R,0.0,R,0.0,A,,R,15
235167,2009,R,577.0,R,1448.0,R,40.0,R,659.0,R,0.0,R,659.0,R,477.0,R,72.0,R,6.0,R,0.0,R,6.0,R,3.0,R,50.0,R,23
235237,2009,R,383.0,R,3737.0,R,10.0,R,362.0,Z,0.0,R,362.0,R,190.0,R,52.0,R,181.0,Z,0.0,R,181.0,R,59.0,R,33.0,R,22
235273,2009,A,,A,,A,,R,3.0,R,0.0,R,3.0,R,1.0,R,33.0,R,0.0,R,0.0,R,0.0,R,0.0,A,,R,7
235307,2009,A,,A,,A,,R,146.0,R,0.0,R,146.0,R,40.0,R,27.0,R,0.0,R,0.0,R,0.0,R,0.0,A,,R,16
235316,2009,R,1238.0,R,1489.0,R,83.0,R,1104.0,Z,0.0,R,1104.0,R,1014.0,R,92.0,R,3.0,Z,0.0,R,3.0,R,3.0,R,100.0,R,10
235334,2009,R,185.0,R,975.0,R,19.0,R,117.0,Z,0.0,R,117.0,R,67.0,R,57.0,R,14.0,Z,0.0,R,14.0,R,5.0,R,36.0,R,19
235343,2009,R,687.0,R,3376.0,R,20.0,R,665.0,Z,0.0,R,665.0,R,405.0,R,61.0,R,218.0,Z,0.0,R,218.0,R,91.0,R,42.0,R,16
235352,2009,A,,A,,A,,R,10.0,R,0.0,R,10.0,R,9.0,R,90.0,R,12.0,R,0.0,R,12.0,R,12.0,R,100.0,R,20
235422,2009,R,93.0,R,227.0,R,41.0,R,60.0,R,0.0,R,60.0,R,41.0,R,68.0,R,7.0,R,0.0,R,7.0,R,3.0,R,43.0,R,10
235431,2009,R,463.0,R,2948.0,R,16.0,R,437.0,Z,0.0,R,437.0,R,260.0,R,59.0,R,207.0,Z,0.0,R,207.0,R,101.0,R,49.0,R,19
235495,2009,A,,A,,A,,R,10.0,Z,0.0,R,10.0,R,8.0,R,80.0,R,1.0,Z,0.0,R,1.0,R,1.0,R,100.0,R,24
235501,2009,A,,A,,A,,R,186.0,R,0.0,R,186.0,R,156.0,R,84.0,Z,0.0,Z,0.0,Z,0.0,Z,0.0,A,,R,16
235510,2009,R,97.0,R,129.0,R,75.0,R,0.0,R,0.0,R,0.0,R,0.0,A,,R,0.0,R,0.0,R,0.0,R,0.0,A,,R,23
235529,2009,R,98.0,R,120.0,R,82.0,R,0.0,R,0.0,R,0.0,R,0.0,A,,R,0.0,R,0.0,R,0.0,R,0.0,A,,R,18
235547,2009,A,,A,,A,,A,,A,,A,,A,,A,,A,,A,,A,,A,,A,,R,9
235583,2009,A,,A,,A,,R,62.0,R,1.0,R,61.0,R,44.0,R,72.0,R,0.0,R,0.0,R,0.0,R,0.0,A,,R,23
235671,2009,R,177.0,R,3281.0,R,5.0,R,218.0,Z,0.0,R,218.0,R,135.0,R,62.0,R,29.0,Z,0.0,R,29.0,R,15.0,R,52.0,R,28
235699,2009,R,260.0,R,2942.0,R,9.0,R,224.0,Z,0.0,R,224.0,R,136.0,R,61.0,R,30.0,Z,0.0,R,30.0,R,16.0,R,53.0,R,17
235750,2009,R,305.0,R,1601.0,R,19.0,R,199.0,Z,0.0,R,199.0,R,129.0,R,65.0,R,59.0,Z,0.0,R,59.0,R,22.0,R,37.0,R,20
235769,2009,R,21.0,R,38.0,R,55.0,R,14.0,R,0.0,R,14.0,R,14.0,R,100.0,R,3.0,R,0.0,R,3.0,R,3.0,R,100.0,R,6
235954,2009,A,,A,,A,,R,10.0,R,0.0,R,10.0,R,9.0,R,90.0,Z,0.0,Z,0.0,Z,0.0,Z,0.0,A,,R,17
236018,2009,A,,A,,A,,R,84.0,Z,0.0,R,84.0,R,48.0,R,57.0,Z,0.0,Z,0.0,Z,0.0,Z,0.0,A,,R,14
236027,2009,A,,A,,A,,R,185.0,R,0.0,R,185.0,R,185.0,R,100.0,R,0.0,R,0.0,R,0.0,R,0.0,A,,R,15
236072,2009,R,135.0,R,4424.0,R,3.0,R,121.0,Z,0.0,R,121.0,R,73.0,R,60.0,R,59.0,Z,0.0,R,59.0,R,20.0,R,34.0,R,18
236133,2009,R,191.0,R,515.0,R,37.0,R,193.0,R,0.0,R,193.0,R,148.0,R,77.0,R,0.0,R,0.0,R,0.0,R,0.0,A,,R,15
236188,2009,R,527.0,R,3443.0,R,15.0,R,436.0,Z,0.0,R,436.0,R,259.0,R,59.0,R,237.0,Z,0.0,R,237.0,R,110.0,R,46.0,R,21
236212,2009,A,,A,,A,,R,106.0,R,0.0,R,106.0,R,94.0,R,89.0,R,0.0,R,0.0,R,0.0,R,0.0,A,,R,17
236230,2009,R,712.0,R,973.0,R,73.0,R,712.0,R,0.0,R,712.0,R,571.0,R,80.0,R,4.0,R,0.0,R,4.0,R,4.0,R,100.0,R,15
236258,2009,R,111.0,R,1059.0,R,10.0,R,124.0,Z,0.0,R,124.0,R,72.0,R,58.0,R,27.0,Z,0.0,R,27.0,R,7.0,R,26.0,R,17
236328,2009,R,721.0,R,790.0,R,91.0,R,676.0,R,0.0,R,676.0,R,581.0,R,86.0,R,0.0,R,0.0,R,0.0,R,0.0,A,,R,12
236382,2009,R,147.0,R,2103.0,R,7.0,R,131.0,Z,0.0,R,131.0,R,89.0,R,68.0,R,12.0,Z,0.0,R,12.0,R,9.0,R,75.0,R,25
236452,2009,R,176.0,R,406.0,R,43.0,R,176.0,R,0.0,R,176.0,R,135.0,R,77.0,R,1.0,R,0.0,R,1.0,R,1.0,R,100.0,R,12
236504,2009,R,156.0,R,3220.0,R,5.0,R,157.0,Z,0.0,R,157.0,R,88.0,R,56.0,R,50.0,Z,0.0,R,50.0,R,19.0,R,38.0,R,17
236513,2009,R,298.0,R,4520.0,R,7.0,R,281.0,Z,0.0,R,281.0,R,174.0,R,62.0,R,72.0,Z,0.0,R,72.0,R,34.0,R,47.0,R,19
236531,2009,A,,A,,A,,R,14.0,R,0.0,R,14.0,R,11.0,R,79.0,R,0.0,R,0.0,R,0.0,R,0.0,A,,R,24
236559,2009,A,,A,,A,,A,,A,,A,,A,,A,,A,,A,,A,,A,,A,,R,12
236577,2009,R,681.0,R,927.0,R,73.0,R,711.0,R,0.0,R,711.0,R,618.0,R,87.0,R,1.0,R,0.0,R,1.0,R,0.0,R,0.0,R,14
236595,2009,R,730.0,R,1180.0,R,62.0,R,882.0,R,0.0,R,882.0,R,793.0,R,90.0,R,5.0,R,0.0,R,5.0,R,3.0,R,60.0,R,13
236610,2009,R,327.0,R,2867.0,R,11.0,R,359.0,Z,0.0,R,359.0,R,258.0,R,72.0,R,68.0,Z,0.0,R,68.0,R,30.0,R,44.0,R,19
236638,2009,R,484.0,R,2569.0,R,19.0,R,394.0,Z,0.0,R,394.0,R,227.0,R,58.0,R,109.0,Z,0.0,R,109.0,R,43.0,R,39.0,R,22
236656,2009,R,429.0,R,2621.0,R,16.0,R,430.0,Z,0.0,R,430.0,R,252.0,R,59.0,R,150.0,Z,0.0,R,150.0,R,66.0,R,44.0,R,18
236692,2009,R,870.0,R,3868.0,R,22.0,R,819.0,Z,0.0,R,819.0,R,461.0,R,56.0,R,116.0,Z,0.0,R,116.0,R,41.0,R,35.0,R,19
236708,2009,R,989.0,R,4433.0,R,22.0,R,1100.0,Z,0.0,R,1100.0,R,612.0,R,56.0,R,148.0,Z,0.0,R,148.0,R,58.0,R,39.0,R,19
236744,2009,A,,A,,A,,R,57.0,R,0.0,R,57.0,R,48.0,R,84.0,R,0.0,R,0.0,R,0.0,R,0.0,A,,R,14
236753,2009,R,458.0,R,3164.0,R,14.0,R,470.0,Z,0.0,R,470.0,R,264.0,R,56.0,R,128.0,Z,0.0,R,128.0,R,55.0,R,43.0,R,19
236887,2009,R,409.0,R,2289.0,R,18.0,R,371.0,Z,0.0,R,371.0,R,244.0,R,66.0,R,52.0,Z,0.0,R,52.0,R,29.0,R,56.0,R,19
236896,2009,R,313.0,R,450.0,R,70.0,R,310.0,R,0.0,R,310.0,R,241.0,R,78.0,R,5.0,R,0.0,R,5.0,R,2.0,R,40.0,R,14
236939,2009,R,3627.0,R,6438.0,R,56.0,R,3391.0,Z,0.0,R,3391.0,R,2834.0,R,84.0,R,20.0,Z,0.0,R,20.0,R,8.0,R,40.0,R,15
236948,2009,R,6115.0,R,8622.0,R,71.0,R,5509.0,R,0.0,R,5509.0,R,5132.0,R,93.0,R,70.0,R,0.0,R,70.0,R,58.0,R,83.0,R,11
236975,2009,R,372.0,R,1322.0,R,28.0,R,411.0,Z,0.0,R,411.0,R,234.0,R,57.0,R,96.0,Z,0.0,R,96.0,R,48.0,R,50.0,R,18
236993,2009,R,49.0,R,86.0,R,57.0,R,52.0,R,0.0,R,52.0,R,32.0,R,62.0,R,12.0,R,0.0,R,12.0,R,6.0,R,50.0,R,21
237011,2009,R,2666.0,R,3642.0,R,73.0,R,2667.0,R,0.0,R,2667.0,R,2246.0,R,84.0,R,30.0,R,0.0,R,30.0,R,18.0,R,60.0,R,19
237039,2009,R,409.0,R,2562.0,R,16.0,R,339.0,Z,0.0,R,339.0,R,203.0,R,60.0,R,136.0,Z,0.0,R,136.0,R,62.0,R,46.0,R,17
237057,2009,R,396.0,R,435.0,R,91.0,R,401.0,R,0.0,R,401.0,R,372.0,R,93.0,Z,0.0,Z,0.0,Z,0.0,Z,0.0,A,,R,10
237066,2009,R,555.0,R,763.0,R,73.0,R,546.0,R,0.0,R,546.0,R,476.0,R,87.0,Z,0.0,Z,0.0,Z,0.0,Z,0.0,A,,R,12
237109,2009,R,402.0,R,1904.0,R,21.0,R,392.0,Z,0.0,R,392.0,R,243.0,R,62.0,R,102.0,Z,0.0,R,102.0,R,29.0,R,28.0,R,20
237118,2009,R,162.0,R,198.0,R,82.0,R,157.0,R,0.0,R,157.0,R,111.0,R,71.0,R,0.0,R,0.0,R,0.0,R,0.0,A,,R,10
237127,2009,A,,A,,A,,R,22.0,R,0.0,R,22.0,R,16.0,R,73.0,R,0.0,R,0.0,R,0.0,R,0.0,A,,R,9
237136,2009,R,47.0,R,131.0,R,36.0,R,35.0,R,0.0,R,35.0,R,26.0,R,74.0,R,0.0,R,0.0,R,0.0,R,0.0,A,,R,16
237145,2009,A,,A,,A,,R,21.0,R,0.0,R,21.0,R,19.0,R,90.0,R,0.0,R,0.0,R,0.0,R,0.0,A,,R,6
237154,2009,R,571.0,R,1590.0,R,36.0,R,431.0,R,0.0,R,431.0,R,163.0,R,38.0,R,131.0,R,0.0,R,131.0,R,44.0,R,34.0,R,14
237172,2009,A,,A,,A,,R,139.0,R,0.0,R,139.0,R,49.0,R,35.0,R,241.0,R,0.0,R,241.0,R,34.0,R,14.0,R,9
237181,2009,R,282.0,R,328.0,R,86.0,R,265.0,R,0.0,R,265.0,R,164.0,R,62.0,Z,0.0,Z,0.0,Z,0.0,Z,0.0,A,,R,14
237215,2009,R,304.0,R,502.0,R,61.0,R,270.0,R,0.0,R,270.0,R,164.0,R,61.0,R,13.0,R,0.0,R,13.0,R,13.0,R,100.0,R,17
237242,2009,A,,A,,A,,R,73.0,Z,0.0,R,73.0,R,67.0,R,92.0,R,40.0,Z,0.0,R,40.0,R,30.0,R,75.0,R,5
237303,2009,A,,A,,A,,R,40.0,R,0.0,R,40.0,R,23.0,R,58.0,R,0.0,R,0.0,R,0.0,R,0.0,A,,R,14
237312,2009,R,273.0,R,366.0,R,75.0,R,311.0,Z,0.0,R,311.0,R,174.0,R,56.0,Z,0.0,Z,0.0,Z,0.0,Z,0.0,A,,R,14
237321,2009,A,,A,,A,,R,36.0,R,0.0,R,36.0,R,16.0,R,44.0,R,0.0,R,0.0,R,0.0,R,0.0,A,,R,11
237330,2009,R,608.0,R,774.0,R,79.0,R,710.0,R,0.0,R,710.0,R,445.0,R,63.0,R,9.0,R,0.0,R,9.0,R,4.0,R,44.0,R,21
237358,2009,R,234.0,R,327.0,R,72.0,R,125.0,Z,0.0,R,125.0,R,72.0,R,58.0,R,0.0,Z,0.0,R,0.0,R,0.0,A,,R,13
237367,2009,R,800.0,R,1348.0,R,59.0,R,756.0,Z,0.0,R,756.0,R,456.0,R,60.0,R,15.0,Z,0.0,R,15.0,R,5.0,R,33.0,R,23
237385,2009,R,329.0,R,472.0,R,70.0,R,278.0,R,0.0,R,278.0,R,157.0,R,56.0,R,1.0,R,0.0,R,1.0,R,1.0,R,100.0,R,18
237419,2009,A,,A,,A,,R,10.0,Z,0.0,R,10.0,R,7.0,R,70.0,Z,0.0,Z,0.0,Z,0.0,R,0.0,A,,R,5
237437,2009,R,156.0,R,279.0,R,56.0,R,125.0,R,0.0,R,125.0,R,65.0,R,52.0,R,5.0,R,0.0,R,5.0,R,1.0,R,20.0,R,28
237473,2009,A,,A,,A,,R,142.0,Z,0.0,R,142.0,R,124.0,R,87.0,R,0.0,R,0.0,R,0.0,R,0.0,A,,R,11
237491,2009,A,,A,,A,,R,5.0,R,0.0,R,5.0,R,3.0,R,60.0,R,0.0,R,0.0,R,0.0,R,0.0,A,,R,10
237525,2009,R,1857.0,R,3114.0,R,60.0,R,1661.0,R,0.0,R,1661.0,R,1178.0,R,71.0,R,25.0,R,0.0,R,25.0,R,11.0,R,44.0,R,19
237543,2009,A,,A,,A,,R,72.0,R,0.0,R,72.0,R,66.0,R,92.0,R,115.0,R,0.0,R,115.0,R,115.0,R,100.0,R,9
237552,2009,A,,A,,A,,R,25.0,R,0.0,R,25.0,R,21.0,R,84.0,R,0.0,R,0.0,R,0.0,R,0.0,A,,R,10
237561,2009,A,,A,,A,,R,91.0,Z,0.0,R,91.0,R,69.0,R,76.0,R,6.0,Z,0.0,R,6.0,R,5.0,R,83.0,R,9
237570,2009,A,,A,,A,,R,18.0,Z,0.0,R,18.0,R,9.0,R,50.0,Z,0.0,Z,0.0,Z,0.0,Z,0.0,A,,R,4
237598,2009,R,16.0,R,19.0,R,84.0,R,8.0,R,0.0,R,8.0,R,7.0,R,88.0,R,3.0,R,0.0,R,3.0,R,2.0,R,67.0,R,15
237604,2009,A,,A,,A,,R,86.0,R,0.0,R,86.0,R,47.0,R,55.0,R,0.0,R,0.0,R,0.0,R,0.0,A,,R,24
237613,2009,A,,A,,A,,R,31.0,Z,0.0,R,31.0,R,29.0,R,94.0,Z,0.0,Z,0.0,Z,0.0,Z,0.0,A,,R,18
237640,2009,R,84.0,R,143.0,R,59.0,R,100.0,R,0.0,R,100.0,R,60.0,R,60.0,R,0.0,R,0.0,R,0.0,R,0.0,A,,R,10
237686,2009,R,708.0,R,1012.0,R,70.0,R,526.0,R,0.0,R,526.0,R,299.0,R,57.0,R,73.0,R,0.0,R,73.0,R,29.0,R,40.0,R,24
237701,2009,R,716.0,R,1053.0,R,68.0,R,627.0,R,1.0,R,626.0,R,316.0,R,50.0,R,10.0,R,0.0,R,10.0,R,4.0,R,40.0,R,26
237729,2009,A,,A,,A,,R,28.0,R,0.0,R,28.0,R,27.0,R,96.0,R,81.0,R,0.0,R,81.0,R,57.0,R,70.0,R,5
237783,2009,R,154.0,R,175.0,R,88.0,R,103.0,R,0.0,R,103.0,R,44.0,R,43.0,R,0.0,R,0.0,R,0.0,R,0.0,A,,R,19
237792,2009,R,786.0,R,1404.0,R,56.0,R,698.0,R,0.0,R,698.0,R,463.0,R,66.0,R,9.0,R,0.0,R,9.0,R,4.0,R,44.0,R,19
237817,2009,R,435.0,R,608.0,R,72.0,R,436.0,Z,0.0,R,436.0,R,257.0,R,59.0,R,95.0,Z,0.0,R,95.0,R,39.0,R,41.0,R,18
237844,2009,A,,A,,A,,R,65.0,R,0.0,R,65.0,R,65.0,R,100.0,R,5.0,R,0.0,R,5.0,R,5.0,R,100.0,R,9
237899,2009,R,285.0,R,688.0,R,41.0,R,335.0,R,0.0,R,335.0,R,200.0,R,60.0,R,20.0,R,0.0,R,20.0,R,10.0,R,50.0,R,19
237905,2009,A,,A,,A,,R,18.0,R,0.0,R,18.0,R,16.0,R,89.0,R,0.0,R,0.0,R,0.0,R,0.0,A,,R,7
237932,2009,R,573.0,R,960.0,R,60.0,R,549.0,R,1.0,R,548.0,R,362.0,R,66.0,R,3.0,R,0.0,R,3.0,R,1.0,R,33.0,R,19
237950,2009,R,285.0,R,579.0,R,49.0,R,229.0,R,0.0,R,229.0,R,121.0,R,53.0,R,3.0,R,0.0,R,3.0,R,1.0,R,33.0,R,11
237969,2009,R,399.0,R,469.0,R,85.0,R,382.0,R,0.0,R,382.0,R,284.0,R,74.0,R,1.0,R,0.0,R,1.0,R,0.0,R,0.0,R,13
237978,2009,R,31.0,R,31.0,R,100.0,R,30.0,R,0.0,R,30.0,R,15.0,R,50.0,R,0.0,R,0.0,R,0.0,R,0.0,A,,R,10
237987,2009,R,55.0,R,86.0,R,64.0,R,49.0,R,0.0,R,49.0,R,18.0,R,37.0,R,0.0,R,0.0,R,0.0,R,0.0,A,,R,17
237996,2009,R,73.0,R,73.0,R,100.0,R,68.0,Z,0.0,R,68.0,R,46.0,R,68.0,R,0.0,R,0.0,R,0.0,R,0.0,A,,R,38
238005,2009,A,,A,,A,,R,47.0,R,0.0,R,47.0,R,31.0,R,66.0,R,0.0,R,0.0,R,0.0,R,0.0,A,,R,20
238014,2009,R,437.0,R,932.0,R,47.0,R,325.0,R,2.0,R,323.0,R,185.0,R,57.0,R,83.0,R,0.0,R,83.0,R,23.0,R,28.0,R,18
238032,2009,R,4558.0,R,6012.0,R,76.0,R,5099.0,R,14.0,R,5085.0,R,4068.0,R,80.0,R,36.0,R,0.0,R,36.0,R,13.0,R,36.0,R,23
238078,2009,R,264.0,R,426.0,R,62.0,R,182.0,R,0.0,R,182.0,R,140.0,R,77.0,R,0.0,R,0.0,R,0.0,R,0.0,A,,R,11
238096,2009,A,,A,,A,,R,5.0,R,0.0,R,5.0,R,3.0,R,60.0,R,0.0,R,0.0,R,0.0,R,0.0,A,,R,10
238166,2009,A,,A,,A,,R,43.0,R,0.0,R,43.0,R,31.0,R,72.0,Z,0.0,Z,0.0,Z,0.0,Z,0.0,A,,R,14
238175,2009,A,,A,,A,,R,109.0,R,0.0,R,109.0,R,99.0,R,91.0,Z,0.0,Z,0.0,Z,0.0,Z,0.0,A,,R,14
238193,2009,R,231.0,R,540.0,R,43.0,R,252.0,R,0.0,R,252.0,R,185.0,R,73.0,R,15.0,R,0.0,R,15.0,R,8.0,R,53.0,R,13
238263,2009,R,1615.0,R,5580.0,R,29.0,R,5334.0,R,0.0,R,5334.0,R,2847.0,R,53.0,R,9463.0,R,0.0,R,9463.0,R,4240.0,R,45.0,R,12
238315,2009,A,,A,,A,,A,,A,,A,,A,,A,,A,,A,,A,,A,,A,,R,6
238324,2009,R,41.0,R,54.0,R,76.0,R,28.0,Z,0.0,R,28.0,R,24.0,R,86.0,R,3.0,Z,0.0,R,3.0,R,2.0,R,67.0,R,13
238333,2009,R,332.0,R,422.0,R,79.0,R,337.0,R,0.0,R,337.0,R,303.0,R,90.0,Z,0.0,Z,0.0,Z,0.0,Z,0.0,A,,R,11
238397,2009,R,510.0,R,787.0,R,65.0,R,476.0,R,0.0,R,476.0,R,310.0,R,65.0,R,275.0,R,0.0,R,275.0,R,167.0,R,61.0,R,10
238421,2009,A,,A,,A,,R,56.0,Z,0.0,R,56.0,R,52.0,R,93.0,R,44.0,Z,0.0,R,44.0,R,41.0,R,93.0,R,12
238430,2009,R,255.0,R,622.0,R,41.0,R,264.0,R,0.0,R,264.0,R,177.0,R,67.0,R,20.0,R,0.0,R,20.0,R,6.0,R,30.0,R,17
238458,2009,R,730.0,R,924.0,R,79.0,R,663.0,R,0.0,R,663.0,R,508.0,R,77.0,R,10.0,R,0.0,R,10.0,R,5.0,R,50.0,R,16
238476,2009,R,722.0,R,887.0,R,81.0,R,754.0,R,0.0,R,754.0,R,605.0,R,80.0,R,12.0,R,0.0,R,12.0,R,5.0,R,42.0,R,14
238616,2009,R,468.0,R,1052.0,R,44.0,R,402.0,Z,0.0,R,402.0,R,332.0,R,83.0,R,3.0,R,0.0,R,3.0,R,1.0,R,33.0,R,12
238661,2009,R,285.0,R,481.0,R,59.0,R,298.0,R,0.0,R,298.0,R,225.0,R,76.0,R,2.0,R,0.0,R,2.0,R,0.0,R,0.0,R,11
238722,2009,R,483.0,R,5545.0,R,9.0,R,379.0,R,0.0,R,379.0,R,242.0,R,64.0,R,415.0,R,0.0,R,415.0,R,213.0,R,51.0,R,9
238759,2009,R,568.0,R,2638.0,R,22.0,R,445.0,Z,0.0,R,445.0,R,285.0,R,64.0,R,800.0,Z,0.0,R,800.0,R,484.0,R,61.0,R,16
238786,2009,A,,A,,A,,R,38.0,R,0.0,R,38.0,R,34.0,R,89.0,R,0.0,R,0.0,R,0.0,R,0.0,A,,R,14
238810,2009,A,,A,,A,,R,47.0,R,0.0,R,47.0,R,44.0,R,94.0,R,15.0,R,0.0,R,15.0,R,11.0,R,73.0,R,14
238892,2009,R,188.0,R,245.0,R,77.0,R,12.0,R,1.0,R,11.0,R,7.0,R,64.0,R,1.0,R,0.0,R,1.0,R,1.0,R,100.0,R,22
238935,2009,R,15.0,R,81.0,R,19.0,R,9.0,R,0.0,R,9.0,R,4.0,R,44.0,R,12.0,R,0.0,R,12.0,R,3.0,R,25.0,R,15
238980,2009,R,152.0,R,662.0,R,23.0,R,209.0,R,0.0,R,209.0,R,144.0,R,69.0,R,27.0,R,0.0,R,27.0,R,9.0,R,33.0,R,15
239008,2009,R,173.0,R,683.0,R,25.0,R,107.0,R,0.0,R,107.0,R,68.0,R,64.0,R,146.0,R,0.0,R,146.0,R,97.0,R,66.0,R,14
239017,2009,R,348.0,R,419.0,R,83.0,R,373.0,R,0.0,R,373.0,R,324.0,R,87.0,R,9.0,R,0.0,R,9.0,R,7.0,R,78.0,R,9
239071,2009,R,196.0,R,241.0,R,81.0,R,196.0,R,0.0,R,196.0,R,134.0,R,68.0,R,1.0,R,0.0,R,1.0,R,0.0,R,0.0,R,14
239080,2009,R,316.0,R,584.0,R,54.0,R,284.0,R,0.0,R,284.0,R,215.0,R,76.0,R,0.0,R,0.0,R,0.0,R,0.0,A,,R,13
239105,2009,R,1947.0,R,2223.0,R,88.0,R,1950.0,R,0.0,R,1950.0,R,1728.0,R,89.0,R,0.0,R,0.0,R,0.0,R,0.0,A,,R,14
239132,2009,A,,A,,A,,R,43.0,Z,0.0,R,43.0,R,33.0,R,77.0,R,10.0,Z,0.0,R,10.0,R,7.0,R,70.0,R,13
239187,2009,A,,A,,A,,R,8.0,Z,0.0,R,8.0,R,8.0,R,100.0,R,0.0,R,0.0,R,0.0,Z,0.0,A,,R,7
239220,2009,R,292.0,R,752.0,R,39.0,R,192.0,R,0.0,R,192.0,R,122.0,R,64.0,R,161.0,R,0.0,R,161.0,R,111.0,R,69.0,R,21
239248,2009,R,1292.0,R,3616.0,R,36.0,R,1150.0,Z,0.0,R,1150.0,R,591.0,R,51.0,R,881.0,Z,0.0,R,881.0,R,465.0,R,53.0,R,17
239309,2009,R,177.0,R,225.0,R,79.0,R,175.0,R,0.0,R,175.0,R,121.0,R,69.0,R,2.0,R,0.0,R,2.0,R,0.0,R,0.0,R,15
239318,2009,R,526.0,R,680.0,R,77.0,R,625.0,R,0.0,R,625.0,R,468.0,R,75.0,R,19.0,R,0.0,R,19.0,R,3.0,R,16.0,R,14
239372,2009,R,291.0,R,2806.0,R,10.0,R,124.0,R,0.0,R,124.0,R,88.0,R,71.0,R,205.0,R,0.0,R,205.0,R,129.0,R,63.0,R,16
239390,2009,R,157.0,R,527.0,R,30.0,R,174.0,Z,0.0,R,174.0,R,117.0,R,67.0,R,2.0,Z,0.0,R,2.0,R,1.0,R,50.0,R,13
239442,2009,R,229.0,R,395.0,R,58.0,R,180.0,R,0.0,R,180.0,R,85.0,R,47.0,R,103.0,R,0.0,R,103.0,R,82.0,R,80.0,R,11
239460,2009,R,573.0,R,1639.0,R,35.0,R,397.0,Z,0.0,R,397.0,R,267.0,R,67.0,R,347.0,Z,0.0,R,347.0,R,245.0,R,71.0,R,20
239488,2009,R,1069.0,R,3474.0,R,31.0,R,764.0,R,0.0,R,764.0,R,522.0,R,68.0,R,547.0,R,0.0,R,547.0,R,332.0,R,61.0,R,18
239503,2009,R,95.0,R,163.0,R,58.0,R,98.0,R,0.0,R,98.0,R,76.0,R,78.0,R,0.0,R,0.0,R,0.0,R,0.0,A,,R,17
239512,2009,R,135.0,R,182.0,R,74.0,R,133.0,R,0.0,R,133.0,R,91.0,R,68.0,Z,0.0,Z,0.0,Z,0.0,Z,0.0,A,,R,12
239628,2009,R,249.0,R,286.0,R,87.0,R,283.0,R,0.0,R,283.0,R,236.0,R,83.0,R,0.0,R,0.0,R,0.0,Z,0.0,A,,R,15
239716,2009,R,543.0,R,630.0,R,86.0,R,532.0,R,0.0,R,532.0,R,427.0,R,80.0,R,1.0,R,0.0,R,1.0,R,1.0,R,100.0,R,14
239743,2009,R,30.0,R,148.0,R,20.0,R,33.0,R,0.0,R,33.0,R,20.0,R,61.0,R,0.0,R,0.0,R,0.0,R,0.0,A,,R,6
239877,2009,A,,A,,A,,R,43.0,Z,0.0,R,43.0,R,37.0,R,86.0,R,5.0,Z,0.0,R,5.0,R,5.0,R,100.0,R,11
239910,2009,R,336.0,R,549.0,R,61.0,R,322.0,R,0.0,R,322.0,R,227.0,R,70.0,R,141.0,R,0.0,R,141.0,R,123.0,R,87.0,R,17
239929,2009,R,194.0,R,386.0,R,50.0,R,1.0,R,0.0,R,1.0,R,1.0,R,100.0,R,1.0,R,0.0,R,1.0,R,1.0,R,100.0,R,16
239965,2009,A,,A,,A,,R,9.0,Z,0.0,R,9.0,R,9.0,R,100.0,R,0.0,Z,0.0,R,0.0,R,0.0,A,,R,5
240055,2009,R,3910.0,R,6432.0,R,61.0,R,3663.0,R,0.0,R,3663.0,R,2121.0,R,58.0,R,501.0,R,0.0,R,501.0,R,215.0,R,43.0,R,24
240107,2009,R,410.0,R,829.0,R,49.0,R,358.0,R,0.0,R,358.0,R,237.0,R,66.0,R,7.0,R,0.0,R,7.0,R,6.0,R,86.0,R,14
240116,2009,R,1927.0,R,3296.0,R,58.0,R,1823.0,R,0.0,R,1823.0,R,1141.0,R,63.0,R,873.0,R,1.0,R,872.0,R,496.0,R,57.0,R,14
240125,2009,R,480.0,R,2074.0,R,23.0,R,482.0,R,0.0,R,482.0,R,327.0,R,68.0,R,332.0,R,0.0,R,332.0,R,182.0,R,55.0,R,15
240170,2009,R,630.0,R,1389.0,R,45.0,R,547.0,R,0.0,R,547.0,R,275.0,R,50.0,R,230.0,R,0.0,R,230.0,R,111.0,R,48.0,R,12
240189,2009,R,1941.0,R,2666.0,R,73.0,R,2132.0,Z,0.0,R,2132.0,R,1662.0,R,78.0,R,22.0,Z,0.0,R,22.0,R,12.0,R,55.0,R,22
240198,2009,R,492.0,R,1300.0,R,38.0,R,328.0,Z,0.0,R,328.0,R,214.0,R,65.0,R,243.0,Z,0.0,R,243.0,R,180.0,R,74.0,R,10
240240,2009,A,,A,,A,,R,26.0,R,0.0,R,26.0,R,25.0,R,96.0,Z,0.0,Z,0.0,Z,0.0,Z,0.0,A,,R,13
240268,2009,R,2010.0,R,2750.0,R,73.0,R,2052.0,R,0.0,R,2052.0,R,1759.0,R,86.0,R,7.0,R,0.0,R,7.0,R,3.0,R,43.0,R,22
240277,2009,R,1037.0,R,1888.0,R,55.0,R,1000.0,R,0.0,R,1000.0,R,744.0,R,74.0,R,17.0,R,0.0,R,17.0,R,8.0,R,47.0,R,28
240329,2009,R,1826.0,R,2379.0,R,77.0,R,1779.0,R,0.0,R,1779.0,R,1493.0,R,84.0,R,6.0,R,0.0,R,6.0,R,4.0,R,67.0,R,21
240338,2009,R,202.0,R,253.0,R,80.0,R,224.0,R,0.0,R,224.0,R,169.0,R,75.0,R,0.0,R,0.0,R,0.0,R,0.0,A,,R,10
240365,2009,R,1874.0,R,4025.0,R,47.0,R,1807.0,Z,0.0,R,1807.0,R,1369.0,R,76.0,R,36.0,Z,0.0,R,36.0,R,12.0,R,33.0,R,24
240374,2009,R,788.0,R,1360.0,R,58.0,R,833.0,Z,0.0,R,833.0,R,536.0,R,64.0,R,96.0,Z,0.0,R,96.0,R,47.0,R,49.0,R,19
240392,2009,R,167.0,R,747.0,R,22.0,R,355.0,R,0.0,R,355.0,R,236.0,R,66.0,R,205.0,R,0.0,R,205.0,R,96.0,R,47.0,R,21
240417,2009,R,1517.0,R,2287.0,R,66.0,R,1633.0,Z,0.0,R,1633.0,R,1160.0,R,71.0,R,11.0,Z,0.0,R,11.0,R,5.0,R,45.0,R,21
240426,2009,R,364.0,R,738.0,R,49.0,R,303.0,Z,0.0,R,303.0,R,217.0,R,72.0,R,9.0,Z,0.0,R,9.0,R,3.0,R,33.0,R,18
240444,2009,R,5673.0,R,7636.0,R,74.0,R,5759.0,Z,0.0,R,5759.0,R,5404.0,R,94.0,R,14.0,Z,0.0,R,14.0,R,12.0,R,86.0,R,22
240453,2009,R,4051.0,R,6144.0,R,66.0,R,4002.0,Z,0.0,R,4002.0,R,2932.0,R,73.0,R,116.0,R,0.0,R,116.0,R,56.0,R,48.0,R,21
240462,2009,R,1531.0,R,2082.0,R,74.0,R,1468.0,Z,0.0,R,1468.0,R,1086.0,R,74.0,R,86.0,Z,0.0,R,86.0,R,24.0,R,28.0,R,22
240471,2009,R,1325.0,R,1876.0,R,71.0,R,1332.0,Z,0.0,R,1332.0,R,998.0,R,75.0,R,13.0,Z,0.0,R,13.0,R,8.0,R,62.0,R,23
240480,2009,R,1632.0,R,2385.0,R,68.0,R,1608.0,Z,0.0,R,1608.0,R,1260.0,R,78.0,R,24.0,Z,0.0,R,24.0,R,14.0,R,58.0,R,22
240505,2009,R,662.0,R,1583.0,R,42.0,R,657.0,R,0.0,R,657.0,R,459.0,R,70.0,R,64.0,R,0.0,R,64.0,R,28.0,R,44.0,R,15
240514,2009,R,291.0,R,1022.0,R,28.0,R,244.0,R,0.0,R,244.0,R,148.0,R,61.0,R,57.0,R,0.0,R,57.0,R,11.0,R,19.0,R,15
240596,2009,R,199.0,R,621.0,R,32.0,R,194.0,R,1.0,R,193.0,R,122.0,R,63.0,R,27.0,R,0.0,R,27.0,R,5.0,R,19.0,R,14
240620,2009,R,354.0,R,1397.0,R,25.0,R,320.0,R,0.0,R,320.0,R,175.0,R,55.0,R,97.0,R,0.0,R,97.0,R,26.0,R,27.0,R,17
240657,2009,R,509.0,R,693.0,R,73.0,R,452.0,R,0.0,R,452.0,R,264.0,R,58.0,R,44.0,R,0.0,R,44.0,R,9.0,R,20.0,R,15
240666,2009,R,530.0,R,1690.0,R,31.0,R,394.0,R,0.0,R,394.0,R,229.0,R,58.0,R,59.0,R,0.0,R,59.0,R,17.0,R,29.0,R,21
240693,2009,R,268.0,R,732.0,R,37.0,R,314.0,R,45.0,R,269.0,R,212.0,R,79.0,R,377.0,R,12.0,R,365.0,R,94.0,R,26.0,R,17
240709,2009,A,,A,,A,,R,11.0,R,0.0,R,11.0,R,2.0,R,18.0,R,6.0,R,0.0,R,6.0,R,1.0,R,17.0,R,12
240718,2009,A,,A,,A,,R,1274.0,R,0.0,R,1274.0,R,1105.0,R,87.0,Z,0.0,Z,0.0,Z,0.0,Z,0.0,A,,R,19
240727,2009,R,1576.0,R,2691.0,R,59.0,R,1681.0,R,7.0,R,1674.0,R,1212.0,R,72.0,R,12.0,Z,0.0,R,12.0,R,6.0,R,50.0,R,14
240736,2009,R,295.0,R,587.0,R,50.0,R,218.0,R,1.0,R,217.0,R,163.0,R,75.0,R,286.0,R,0.0,R,286.0,R,138.0,R,48.0,R,19
240745,2009,R,113.0,R,497.0,R,23.0,R,50.0,R,0.0,R,50.0,R,26.0,R,52.0,R,58.0,R,0.0,R,58.0,R,19.0,R,33.0,R,15
240754,2009,R,517.0,R,774.0,R,67.0,R,497.0,R,0.0,R,497.0,R,331.0,R,67.0,R,105.0,R,0.0,R,105.0,R,52.0,R,50.0,R,18
240790,2009,R,260.0,R,400.0,R,65.0,R,20.0,R,0.0,R,20.0,R,10.0,R,50.0,R,2.0,R,0.0,R,2.0,R,1.0,R,50.0,R,22
240879,2009,A,,A,,A,,R,263.0,R,0.0,R,263.0,R,208.0,R,79.0,R,0.0,R,0.0,R,0.0,R,0.0,A,,R,42
240985,2009,A,,A,,A,,R,232.0,R,0.0,R,232.0,R,129.0,R,56.0,R,0.0,R,0.0,R,0.0,R,0.0,A,,R,31
241100,2009,R,276.0,R,348.0,R,79.0,R,170.0,R,0.0,R,170.0,R,124.0,R,73.0,R,3.0,R,0.0,R,3.0,R,0.0,R,0.0,R,26
241128,2009,R,220.0,R,279.0,R,79.0,R,120.0,Z,0.0,R,120.0,R,102.0,R,85.0,R,1.0,Z,0.0,R,1.0,R,1.0,R,100.0,R,24
241146,2009,A,,A,,A,,R,420.0,R,0.0,R,420.0,R,176.0,R,42.0,R,3.0,R,0.0,R,3.0,R,1.0,R,33.0,R,17
241182,2009,A,,A,,A,,R,108.0,R,0.0,R,108.0,R,78.0,R,72.0,R,0.0,R,0.0,R,0.0,R,0.0,A,,R,20
241191,2009,R,174.0,R,271.0,R,64.0,R,155.0,R,0.0,R,155.0,R,113.0,R,73.0,R,2.0,R,0.0,R,2.0,R,0.0,R,0.0,R,17
241216,2009,R,239.0,R,339.0,R,71.0,R,220.0,R,0.0,R,220.0,R,162.0,R,74.0,R,18.0,R,0.0,R,18.0,R,11.0,R,61.0,R,20
241225,2009,R,277.0,R,443.0,R,63.0,R,236.0,R,0.0,R,236.0,R,161.0,R,68.0,R,36.0,R,0.0,R,36.0,R,14.0,R,39.0,R,23
241304,2009,R,198.0,R,226.0,R,88.0,R,119.0,R,0.0,R,119.0,R,51.0,R,43.0,R,41.0,R,0.0,R,41.0,R,11.0,R,27.0,R,21
241331,2009,A,,A,,A,,A,,A,,A,,A,,A,,A,,A,,A,,A,,A,,R,17
241377,2009,R,327.0,R,440.0,R,74.0,R,353.0,R,0.0,R,353.0,R,53.0,R,15.0,R,49.0,R,0.0,R,49.0,R,9.0,R,18.0,R,16
241386,2009,R,96.0,R,141.0,R,68.0,R,109.0,R,0.0,R,109.0,R,21.0,R,19.0,R,30.0,R,0.0,R,30.0,R,6.0,R,20.0,R,11
241395,2009,R,87.0,R,144.0,R,60.0,R,55.0,R,0.0,R,55.0,R,41.0,R,75.0,R,0.0,R,0.0,R,0.0,R,0.0,A,,R,18
241410,2009,R,996.0,R,1239.0,R,80.0,R,885.0,R,1.0,R,884.0,R,676.0,R,76.0,R,1.0,Z,0.0,R,1.0,R,1.0,R,100.0,R,23
241517,2009,R,335.0,R,386.0,R,87.0,R,275.0,R,0.0,R,275.0,R,249.0,R,91.0,Z,0.0,Z,0.0,Z,0.0,Z,0.0,A,,R,36
241614,2009,R,2.0,R,10.0,R,20.0,R,5.0,R,0.0,R,5.0,R,5.0,R,100.0,R,7.0,R,0.0,R,7.0,R,4.0,R,57.0,R,12
241720,2009,R,347.0,R,595.0,R,58.0,R,102.0,R,0.0,R,102.0,R,49.0,R,48.0,R,11.0,Z,0.0,R,11.0,R,7.0,R,64.0,R,16
241739,2009,R,1792.0,R,2480.0,R,72.0,R,1101.0,R,0.0,R,1101.0,R,785.0,R,71.0,R,84.0,R,0.0,R,84.0,R,28.0,R,33.0,R,35
241766,2009,R,20.0,R,83.0,R,24.0,R,31.0,Z,0.0,R,31.0,R,27.0,R,87.0,R,33.0,Z,0.0,R,33.0,R,20.0,R,61.0,R,5
241836,2009,R,174.0,R,311.0,R,56.0,R,21.0,R,0.0,R,21.0,R,15.0,R,71.0,R,36.0,R,0.0,R,36.0,R,27.0,R,75.0,R,21
241906,2009,A,,A,,A,,R,126.0,R,0.0,R,126.0,R,98.0,R,78.0,Z,0.0,Z,0.0,Z,0.0,Z,0.0,A,,R,20
241951,2009,R,67.0,R,118.0,R,57.0,R,65.0,R,0.0,R,65.0,R,49.0,R,75.0,R,5.0,R,0.0,R,5.0,R,3.0,R,60.0,R,13
242042,2009,R,301.0,R,383.0,R,79.0,R,363.0,R,0.0,R,363.0,R,261.0,R,72.0,R,2.0,R,0.0,R,2.0,R,1.0,R,50.0,R,14
242112,2009,R,357.0,R,817.0,R,44.0,R,372.0,R,0.0,R,372.0,R,237.0,R,64.0,R,0.0,R,0.0,R,0.0,R,0.0,A,,R,27
242121,2009,R,183.0,R,219.0,R,84.0,R,202.0,R,0.0,R,202.0,R,164.0,R,81.0,R,13.0,R,0.0,R,13.0,R,5.0,R,38.0,R,16
242130,2009,R,100.0,R,137.0,R,73.0,R,148.0,R,0.0,R,148.0,R,33.0,R,22.0,R,13.0,R,0.0,R,13.0,R,7.0,R,54.0,R,19
242149,2009,R,207.0,R,237.0,R,87.0,R,195.0,R,0.0,R,195.0,R,54.0,R,28.0,R,22.0,R,0.0,R,22.0,R,11.0,R,50.0,R,20
242316,2009,A,,A,,A,,R,347.0,R,0.0,R,347.0,R,252.0,R,73.0,R,0.0,R,0.0,R,0.0,R,0.0,A,,R,25
242413,2009,A,,A,,A,,R,220.0,Z,0.0,R,220.0,R,185.0,R,84.0,Z,0.0,Z,0.0,Z,0.0,Z,0.0,A,,R,15
242422,2009,A,,A,,A,,R,9010.0,R,87.0,R,8923.0,R,5772.0,R,65.0,R,0.0,R,0.0,R,0.0,R,0.0,A,,R,30
242556,2009,R,308.0,R,308.0,R,100.0,R,276.0,R,0.0,R,276.0,R,248.0,R,90.0,R,0.0,R,0.0,R,0.0,R,0.0,A,,R,16
242565,2009,R,299.0,R,357.0,R,84.0,R,256.0,R,0.0,R,256.0,R,256.0,R,100.0,R,26.0,R,0.0,R,26.0,R,26.0,R,100.0,R,14
242583,2009,R,277.0,R,338.0,R,82.0,R,403.0,R,0.0,R,403.0,R,264.0,R,66.0,R,48.0,R,0.0,R,48.0,R,29.0,R,60.0,R,97
242617,2009,R,1015.0,R,1161.0,R,87.0,R,791.0,R,0.0,R,791.0,R,625.0,R,79.0,R,63.0,R,0.0,R,63.0,R,25.0,R,40.0,R,23
242626,2009,R,859.0,R,1052.0,R,82.0,R,577.0,R,0.0,R,577.0,R,391.0,R,68.0,R,33.0,Z,0.0,R,33.0,R,12.0,R,36.0,R,30
242635,2009,R,884.0,R,1077.0,R,82.0,R,677.0,R,0.0,R,677.0,R,514.0,R,76.0,R,34.0,R,0.0,R,34.0,R,11.0,R,32.0,R,26
242644,2009,R,188.0,R,226.0,R,83.0,R,251.0,R,0.0,R,251.0,R,171.0,R,68.0,R,17.0,R,0.0,R,17.0,R,2.0,R,12.0,R,29
242653,2009,R,895.0,R,1354.0,R,66.0,R,749.0,R,0.0,R,749.0,R,535.0,R,71.0,R,113.0,R,0.0,R,113.0,R,49.0,R,43.0,R,19
242662,2009,R,1052.0,R,1294.0,R,81.0,R,641.0,R,0.0,R,641.0,R,460.0,R,72.0,R,182.0,R,0.0,R,182.0,R,51.0,R,28.0,R,29
242680,2009,R,452.0,R,552.0,R,82.0,R,364.0,R,0.0,R,364.0,R,262.0,R,72.0,R,40.0,R,0.0,R,40.0,R,14.0,R,35.0,R,26
242699,2009,R,292.0,R,385.0,R,76.0,R,314.0,R,0.0,R,314.0,R,231.0,R,74.0,R,41.0,R,0.0,R,41.0,R,18.0,R,44.0,R,21
242705,2009,R,1004.0,R,1198.0,R,84.0,R,1042.0,R,0.0,R,1042.0,R,757.0,R,73.0,R,59.0,R,0.0,R,59.0,R,25.0,R,42.0,R,26
242750,2009,A,,A,,A,,R,86.0,R,0.0,R,86.0,R,53.0,R,62.0,R,0.0,R,0.0,R,0.0,R,0.0,A,,R,14
242820,2009,A,,A,,A,,R,682.0,R,4.0,R,678.0,R,500.0,R,74.0,R,0.0,R,0.0,R,0.0,R,0.0,A,,R,28
242884,2009,A,,A,,A,,R,459.0,R,5.0,R,454.0,R,302.0,R,67.0,R,0.0,R,0.0,R,0.0,R,0.0,A,,R,24
242945,2009,A,,A,,A,,R,128.0,R,0.0,R,128.0,R,92.0,R,72.0,R,48.0,R,0.0,R,48.0,R,24.0,R,50.0,R,21
242954,2009,A,,A,,A,,R,41.0,R,1.0,R,40.0,R,21.0,R,53.0,R,4.0,R,0.0,R,4.0,R,1.0,R,25.0,R,18
242972,2009,R,620.0,R,855.0,R,73.0,R,150.0,R,0.0,R,150.0,R,84.0,R,56.0,R,1.0,R,0.0,R,1.0,R,0.0,R,0.0,R,34
242981,2009,R,339.0,R,492.0,R,69.0,R,84.0,R,0.0,R,84.0,R,40.0,R,48.0,R,0.0,R,0.0,R,0.0,R,0.0,A,,R,22
243072,2009,A,,A,,A,,R,359.0,R,2.0,R,357.0,R,340.0,R,95.0,R,54.0,R,0.0,R,54.0,R,48.0,R,89.0,R,21
243106,2009,R,749.0,R,843.0,R,89.0,R,724.0,R,0.0,R,724.0,R,554.0,R,77.0,R,2.0,R,0.0,R,2.0,R,0.0,R,0.0,R,26
243115,2009,R,998.0,R,999.0,R,100.0,R,924.0,R,0.0,R,924.0,R,760.0,R,82.0,R,0.0,R,0.0,R,0.0,R,0.0,A,,R,21
243133,2009,R,1201.0,R,1368.0,R,88.0,R,752.0,R,0.0,R,752.0,R,691.0,R,92.0,R,10.0,R,0.0,R,10.0,R,4.0,R,40.0,R,20
243142,2009,R,1137.0,R,1286.0,R,88.0,R,406.0,R,0.0,R,406.0,R,331.0,R,82.0,R,10.0,R,0.0,R,10.0,R,5.0,R,50.0,R,22
243151,2009,R,871.0,R,955.0,R,91.0,R,789.0,R,0.0,R,789.0,R,700.0,R,89.0,R,5.0,R,0.0,R,5.0,R,2.0,R,40.0,R,23
243179,2009,R,943.0,R,1041.0,R,91.0,R,974.0,Z,0.0,R,974.0,R,857.0,R,88.0,R,1.0,Z,0.0,R,1.0,R,1.0,R,100.0,R,15
243188,2009,R,557.0,R,632.0,R,88.0,R,156.0,R,0.0,R,156.0,R,90.0,R,58.0,Z,0.0,Z,0.0,Z,0.0,Z,0.0,A,,R,18
243197,2009,R,2325.0,R,2653.0,R,88.0,R,2348.0,R,0.0,R,2348.0,R,2124.0,R,90.0,R,100.0,R,0.0,R,100.0,R,25.0,R,25.0,R,16
243203,2009,A,,A,,A,,A,,A,,A,,A,,A,,A,,A,,A,,A,,A,,R,3
243212,2009,R,862.0,R,946.0,R,91.0,R,880.0,R,0.0,R,880.0,R,728.0,R,83.0,R,3.0,Z,0.0,R,3.0,R,2.0,R,67.0,R,17
243221,2009,R,2814.0,R,3299.0,R,85.0,R,2780.0,R,0.0,R,2780.0,R,2541.0,R,91.0,R,48.0,R,0.0,R,48.0,R,37.0,R,77.0,R,18
243346,2009,R,2082.0,R,3135.0,R,66.0,R,875.0,R,0.0,R,875.0,R,638.0,R,73.0,R,162.0,R,0.0,R,162.0,R,88.0,R,54.0,R,35
243407,2009,A,,A,,A,,R,15.0,R,0.0,R,15.0,R,11.0,R,73.0,R,0.0,R,0.0,R,0.0,R,0.0,A,,R,11
243416,2009,A,,A,,A,,R,128.0,Z,0.0,R,128.0,R,117.0,R,91.0,Z,0.0,Z,0.0,Z,0.0,Z,0.0,A,,R,22
243443,2009,R,726.0,R,1155.0,R,63.0,R,750.0,R,0.0,R,750.0,R,572.0,R,76.0,R,87.0,R,0.0,R,87.0,R,63.0,R,72.0,R,26
243568,2009,R,17.0,R,17.0,R,100.0,R,22.0,R,1.0,R,21.0,R,20.0,R,95.0,R,0.0,R,0.0,R,0.0,R,0.0,A,,R,22
243577,2009,R,534.0,R,833.0,R,64.0,R,694.0,R,0.0,R,694.0,R,495.0,R,71.0,R,27.0,R,0.0,R,27.0,R,10.0,R,37.0,R,21
243586,2009,R,208.0,R,275.0,R,76.0,R,213.0,R,0.0,R,213.0,R,144.0,R,68.0,R,4.0,R,0.0,R,4.0,R,1.0,R,25.0,R,26
243601,2009,R,2196.0,R,3050.0,R,72.0,R,1548.0,Z,0.0,R,1548.0,R,1142.0,R,74.0,R,118.0,Z,0.0,R,118.0,R,44.0,R,37.0,R,38
243638,2009,R,715.0,R,924.0,R,77.0,R,799.0,R,0.0,R,799.0,R,486.0,R,61.0,R,57.0,R,0.0,R,57.0,R,38.0,R,67.0,R,29
243647,2009,R,78.0,R,133.0,R,59.0,R,98.0,R,3.0,R,95.0,R,54.0,R,57.0,R,22.0,R,0.0,R,22.0,R,8.0,R,36.0,R,13
243665,2009,R,419.0,R,604.0,R,69.0,R,413.0,R,0.0,R,413.0,R,311.0,R,75.0,R,41.0,R,0.0,R,41.0,R,23.0,R,56.0,R,17
243744,2009,R,1692.0,R,1743.0,R,97.0,R,1703.0,R,0.0,R,1703.0,R,1676.0,R,98.0,R,0.0,R,0.0,R,0.0,R,0.0,A,,R,10
243780,2009,R,6149.0,R,8175.0,R,75.0,R,6935.0,R,3.0,R,6932.0,R,6008.0,R,87.0,R,84.0,R,0.0,R,84.0,R,41.0,R,49.0,R,14
243799,2009,A,,A,,A,,R,7.0,R,0.0,R,7.0,R,3.0,R,43.0,R,0.0,R,0.0,R,0.0,R,0.0,A,,R,8
243823,2009,A,,A,,A,,A,,A,,A,,A,,A,,A,,A,,A,,A,,A,,R,16
243832,2009,R,64.0,R,307.0,R,21.0,R,13.0,R,0.0,R,13.0,R,13.0,R,100.0,R,7.0,R,0.0,R,7.0,R,6.0,R,86.0,R,18
243841,2009,R,309.0,R,310.0,R,100.0,R,222.0,R,0.0,R,222.0,R,47.0,R,21.0,R,12.0,R,0.0,R,12.0,R,5.0,R,42.0,R,22
244011,2009,R,151.0,R,191.0,R,79.0,R,0.0,R,0.0,R,0.0,R,0.0,A,,R,0.0,R,0.0,R,0.0,R,0.0,A,,R,28
244154,2009,R,127.0,R,151.0,R,84.0,R,0.0,R,0.0,R,0.0,R,0.0,A,,R,0.0,R,0.0,R,0.0,R,0.0,A,,R,25
244190,2009,R,9.0,R,34.0,R,26.0,R,2.0,R,0.0,R,2.0,R,2.0,R,100.0,R,2.0,R,0.0,R,2.0,R,1.0,R,50.0,R,7
244233,2009,R,93.0,R,157.0,R,59.0,R,0.0,R,0.0,R,0.0,R,0.0,A,,R,0.0,R,0.0,R,0.0,R,0.0,A,,R,20
244279,2009,A,,A,,A,,R,133.0,R,0.0,R,133.0,R,94.0,R,71.0,R,17.0,R,0.0,R,17.0,R,16.0,R,94.0,R,37
244437,2009,R,3353.0,R,8982.0,R,37.0,R,3025.0,R,1.0,R,3024.0,R,1896.0,R,63.0,R,1656.0,R,0.0,R,1656.0,R,787.0,R,48.0,R,24
244446,2009,R,483.0,R,1005.0,R,48.0,R,350.0,R,0.0,R,350.0,R,186.0,R,53.0,R,396.0,R,0.0,R,396.0,R,135.0,R,34.0,R,27
244491,2009,A,,A,,A,,R,44.0,R,0.0,R,44.0,R,34.0,R,77.0,R,0.0,R,0.0,R,0.0,R,0.0,A,,R,12
244561,2009,A,,A,,A,,A,,A,,A,,A,,A,,A,,A,,A,,A,,A,,R,7
244613,2009,A,,A,,A,,R,46.0,R,3.0,R,43.0,R,37.0,R,86.0,R,23.0,R,2.0,R,21.0,R,18.0,R,86.0,R,22
245032,2009,R,92.0,R,106.0,R,87.0,R,81.0,Z,0.0,R,81.0,R,39.0,R,48.0,R,8.0,Z,0.0,R,8.0,R,5.0,R,63.0,R,32
245069,2009,A,,A,,A,,R,10.0,R,2.0,R,8.0,R,7.0,R,88.0,R,8.0,R,1.0,R,7.0,R,5.0,R,71.0,R,20
245281,2009,A,,A,,A,,R,27.0,R,1.0,R,26.0,R,22.0,R,85.0,Z,0.0,Z,0.0,Z,0.0,Z,0.0,A,,R,15
245290,2009,A,,A,,A,,R,30.0,R,0.0,R,30.0,R,25.0,R,83.0,R,80.0,R,0.0,R,80.0,R,63.0,R,79.0,R,6
245342,2009,A,,A,,A,,R,553.0,R,0.0,R,553.0,R,419.0,R,76.0,R,0.0,R,0.0,R,0.0,R,0.0,A,,R,46
245625,2009,R,343.0,R,1088.0,R,32.0,R,299.0,R,0.0,R,299.0,R,185.0,R,62.0,R,501.0,R,0.0,R,501.0,R,174.0,R,35.0,R,22
245652,2009,R,119.0,R,119.0,R,100.0,R,110.0,R,0.0,R,110.0,R,82.0,R,75.0,R,0.0,R,0.0,R,0.0,R,0.0,A,,R,8
245731,2009,A,,A,,A,,A,,A,,A,,A,,A,,A,,A,,A,,A,,A,,R,6
245777,2009,R,2.0,R,2.0,R,100.0,R,4.0,R,0.0,R,4.0,R,2.0,R,50.0,R,0.0,Z,0.0,R,0.0,Z,0.0,A,,R,5
245838,2009,A,,A,,A,,A,,A,,A,,A,,A,,A,,A,,A,,A,,A,,R,10
245847,2009,A,,A,,A,,A,,A,,A,,A,,A,,A,,A,,A,,A,,A,,R,9
245883,2009,R,32.0,R,109.0,R,29.0,R,38.0,R,0.0,R,38.0,R,0.0,R,0.0,R,0.0,R,0.0,R,0.0,R,0.0,A,,R,9
245892,2009,A,,A,,A,,A,,A,,A,,A,,A,,A,,A,,A,,A,,A,,R,15
245953,2009,R,93.0,R,360.0,R,26.0,R,91.0,R,0.0,R,91.0,R,49.0,R,54.0,R,13.0,R,0.0,R,13.0,R,4.0,R,31.0,R,20
245962,2009,A,,A,,A,,R,160.0,R,0.0,R,160.0,R,123.0,R,77.0,R,0.0,R,0.0,R,0.0,R,0.0,A,,R,14
245980,2009,A,,A,,A,,R,14.0,Z,0.0,R,14.0,R,11.0,R,79.0,Z,0.0,Z,0.0,Z,0.0,Z,0.0,A,,R,15
245999,2009,A,,A,,A,,R,199.0,R,1.0,R,198.0,R,92.0,R,46.0,R,137.0,R,0.0,R,137.0,R,56.0,R,41.0,R,18
246008,2009,A,,A,,A,,R,209.0,Z,0.0,R,209.0,R,153.0,R,73.0,Z,0.0,Z,0.0,Z,0.0,Z,0.0,A,,R,11
246017,2009,A,,A,,A,,R,32.0,R,0.0,R,32.0,R,10.0,R,31.0,R,32.0,R,0.0,R,32.0,R,21.0,R,66.0,R,10
246035,2009,A,,A,,A,,R,450.0,R,4.0,R,446.0,R,282.0,R,63.0,R,0.0,R,0.0,R,0.0,R,0.0,A,,R,36
246071,2009,A,,A,,A,,R,30.0,R,0.0,R,30.0,R,30.0,R,100.0,R,0.0,R,0.0,R,0.0,R,0.0,A,,R,9
246202,2009,A,,A,,A,,R,199.0,R,1.0,R,198.0,R,129.0,R,65.0,R,0.0,R,0.0,R,0.0,R,0.0,A,,R,25
246266,2009,A,,A,,A,,R,102.0,R,0.0,R,102.0,R,59.0,R,58.0,R,0.0,Z,0.0,R,0.0,R,0.0,A,,R,24
246354,2009,R,809.0,R,1915.0,R,42.0,R,812.0,Z,0.0,R,812.0,R,471.0,R,58.0,R,496.0,Z,0.0,R,496.0,R,211.0,R,43.0,R,17
246406,2009,A,,A,,A,,R,39.0,R,0.0,R,39.0,R,34.0,R,87.0,R,0.0,R,0.0,R,0.0,R,0.0,A,,R,20
246415,2009,A,,A,,A,,R,15.0,R,0.0,R,15.0,R,12.0,R,80.0,R,31.0,R,0.0,R,31.0,R,20.0,R,65.0,R,13
246460,2009,A,,A,,A,,R,66.0,R,3.0,R,63.0,R,10.0,R,16.0,R,0.0,R,0.0,R,0.0,R,0.0,A,,R,31
246594,2009,A,,A,,A,,R,32.0,R,1.0,R,31.0,R,18.0,R,58.0,Z,0.0,Z,0.0,Z,0.0,Z,0.0,A,,R,19
246813,2009,R,481.0,R,1040.0,R,46.0,R,347.0,R,0.0,R,347.0,R,179.0,R,52.0,R,223.0,R,0.0,R,223.0,R,101.0,R,45.0,R,22
246895,2009,A,,A,,A,,R,160.0,R,0.0,R,160.0,R,94.0,R,59.0,R,2.0,R,0.0,R,2.0,R,2.0,R,100.0,R,23
246974,2009,A,,A,,A,,R,224.0,Z,0.0,R,224.0,R,153.0,R,68.0,Z,0.0,Z,0.0,Z,0.0,Z,0.0,A,,R,32
247010,2009,A,,A,,A,,R,14.0,R,0.0,R,14.0,R,11.0,R,79.0,R,0.0,R,0.0,R,0.0,R,0.0,A,,R,6
247047,2009,A,,A,,A,,R,27.0,R,0.0,R,27.0,R,21.0,R,78.0,R,0.0,R,0.0,R,0.0,R,0.0,A,,R,11
247065,2009,R,104.0,R,342.0,R,30.0,R,2.0,R,0.0,R,2.0,R,1.0,R,50.0,R,0.0,R,0.0,R,0.0,R,0.0,A,,R,20
247153,2009,A,,A,,A,,R,18.0,R,0.0,R,18.0,R,9.0,R,50.0,R,15.0,R,0.0,R,15.0,R,9.0,R,60.0,R,18
247162,2009,A,,A,,A,,A,,A,,A,,A,,A,,A,,A,,A,,A,,A,,R,9
247409,2009,A,,A,,A,,A,,A,,A,,A,,A,,A,,A,,A,,A,,A,,R,14
247603,2009,R,821.0,R,1802.0,R,46.0,R,780.0,R,0.0,R,780.0,R,515.0,R,66.0,R,188.0,R,0.0,R,188.0,R,70.0,R,37.0,R,23
247649,2009,R,144.0,R,231.0,R,62.0,R,131.0,R,0.0,R,131.0,R,76.0,R,58.0,R,0.0,R,0.0,R,0.0,Z,0.0,A,,R,6
247700,2009,R,17.0,R,323.0,R,5.0,R,11.0,R,0.0,R,11.0,R,5.0,R,45.0,R,79.0,R,0.0,R,79.0,R,17.0,R,22.0,R,22
247773,2009,R,17.0,R,19.0,R,89.0,R,19.0,R,0.0,R,19.0,R,17.0,R,89.0,R,0.0,R,0.0,R,0.0,R,0.0,A,,R,13
247825,2009,A,,A,,A,,A,,A,,A,,A,,A,,A,,A,,A,,A,,A,,R,4
247834,2009,R,2971.0,R,7630.0,R,39.0,R,2756.0,R,0.0,R,2756.0,R,1803.0,R,65.0,R,1442.0,R,0.0,R,1442.0,R,732.0,R,51.0,R,23
247940,2009,R,648.0,R,1017.0,R,64.0,R,544.0,R,1.0,R,543.0,R,350.0,R,64.0,R,116.0,R,0.0,R,116.0,R,76.0,R,66.0,R,15
248165,2009,A,,A,,A,,R,5.0,Z,0.0,R,5.0,R,1.0,R,20.0,R,0.0,Z,0.0,R,0.0,Z,0.0,A,,R,21
248192,2009,A,,A,,A,,R,7.0,R,0.0,R,7.0,R,7.0,R,100.0,R,0.0,R,0.0,R,0.0,R,0.0,A,,R,8
248305,2009,A,,A,,A,,R,68.0,Z,0.0,R,68.0,R,47.0,R,69.0,R,35.0,Z,0.0,R,35.0,R,22.0,R,63.0,R,16
248314,2009,A,,A,,A,,R,16.0,R,0.0,R,16.0,R,12.0,R,75.0,R,9.0,R,0.0,R,9.0,R,9.0,R,100.0,R,20
248527,2009,A,,A,,A,,R,24.0,R,0.0,R,24.0,R,20.0,R,83.0,Z,0.0,Z,0.0,Z,0.0,Z,0.0,A,,R,25
248606,2009,A,,A,,A,,R,244.0,R,5.0,R,239.0,R,199.0,R,83.0,R,504.0,R,10.0,R,494.0,R,421.0,R,85.0,R,11
248624,2009,A,,A,,A,,R,35.0,R,0.0,R,35.0,R,5.0,R,14.0,R,0.0,R,0.0,R,0.0,R,0.0,A,,R,24
248633,2009,A,,A,,A,,R,31.0,R,0.0,R,31.0,R,31.0,R,100.0,R,0.0,R,0.0,R,0.0,R,0.0,A,,R,10
248660,2009,A,,A,,A,,R,10.0,R,0.0,R,10.0,R,10.0,R,100.0,R,0.0,R,0.0,R,0.0,R,0.0,A,,R,18
248703,2009,A,,A,,A,,R,47.0,Z,0.0,R,47.0,R,31.0,R,66.0,R,11.0,Z,0.0,R,11.0,R,5.0,R,45.0,R,11
248776,2009,R,199.0,R,497.0,R,40.0,R,82.0,R,0.0,R,82.0,R,41.0,R,50.0,R,215.0,R,0.0,R,215.0,R,100.0,R,47.0,R,18
248794,2009,R,168.0,R,242.0,R,69.0,R,147.0,R,0.0,R,147.0,R,81.0,R,55.0,R,70.0,R,0.0,R,70.0,R,40.0,R,57.0,R,18
248846,2009,R,101.0,R,183.0,R,55.0,R,89.0,R,0.0,R,89.0,R,64.0,R,72.0,R,4.0,R,0.0,R,4.0,R,3.0,R,75.0,R,18
248882,2009,R,4.0,R,145.0,R,3.0,R,2.0,R,0.0,R,2.0,R,1.0,R,50.0,R,35.0,R,0.0,R,35.0,R,16.0,R,46.0,R,19
248925,2009,A,,A,,A,,R,267.0,R,2.0,R,265.0,R,169.0,R,64.0,R,80.0,R,0.0,R,80.0,R,54.0,R,68.0,R,15
248934,2009,R,1905.0,R,2916.0,R,65.0,R,190.0,Z,0.0,R,190.0,R,104.0,R,55.0,R,0.0,Z,0.0,R,0.0,R,0.0,A,,R,25
248943,2009,A,,A,,A,,A,,A,,A,,A,,A,,A,,A,,A,,A,,A,,R,88
249061,2009,A,,A,,A,,R,12.0,R,0.0,R,12.0,R,10.0,R,83.0,R,28.0,R,0.0,R,28.0,R,22.0,R,79.0,R,12
249140,2009,A,,A,,A,,R,245.0,R,1.0,R,244.0,R,143.0,R,59.0,R,0.0,R,0.0,R,0.0,R,0.0,A,,R,32
249238,2009,A,,A,,A,,R,95.0,R,0.0,R,95.0,R,70.0,R,74.0,R,25.0,R,0.0,R,25.0,R,20.0,R,80.0,R,20
249247,2009,A,,A,,A,,R,361.0,Z,0.0,R,361.0,R,191.0,R,53.0,Z,0.0,Z,0.0,Z,0.0,Z,0.0,A,,R,21
249566,2009,A,,A,,A,,R,140.0,R,0.0,R,140.0,R,106.0,R,76.0,R,0.0,R,0.0,R,0.0,R,0.0,A,,R,5
249609,2009,A,,A,,A,,R,81.0,R,0.0,R,81.0,R,41.0,R,51.0,R,0.0,R,0.0,R,0.0,R,0.0,A,,R,32
250027,2009,R,147.0,R,149.0,R,99.0,R,109.0,Z,0.0,R,109.0,R,69.0,R,63.0,R,0.0,Z,0.0,R,0.0,R,0.0,A,,R,13
250072,2009,A,,A,,A,,R,35.0,R,1.0,R,34.0,R,24.0,R,71.0,R,10.0,Z,0.0,R,10.0,R,7.0,R,70.0,R,9
250285,2009,A,,A,,A,,R,47.0,R,2.0,R,45.0,R,21.0,R,47.0,Z,0.0,Z,0.0,Z,0.0,Z,0.0,A,,R,15
250407,2009,A,,A,,A,,R,188.0,R,0.0,R,188.0,R,122.0,R,65.0,R,0.0,R,0.0,R,0.0,R,0.0,A,,R,46
250498,2009,A,,A,,A,,R,61.0,R,0.0,R,61.0,R,45.0,R,74.0,Z,0.0,Z,0.0,Z,0.0,Z,0.0,A,,R,11
250744,2009,A,,A,,A,,R,33.0,R,0.0,R,33.0,R,18.0,R,55.0,R,18.0,R,0.0,R,18.0,R,8.0,R,44.0,R,32
250832,2009,A,,A,,A,,R,55.0,R,0.0,R,55.0,R,50.0,R,91.0,R,1.0,R,0.0,R,1.0,R,1.0,R,100.0,R,11
250902,2009,A,,A,,A,,R,34.0,R,2.0,R,32.0,R,24.0,R,75.0,R,34.0,R,1.0,R,33.0,R,23.0,R,70.0,R,12
250920,2009,A,,A,,A,,R,424.0,R,17.0,R,407.0,R,211.0,R,52.0,R,0.0,R,0.0,R,0.0,R,0.0,A,,R,17
250993,2009,A,,A,,A,,R,35.0,R,0.0,R,35.0,R,30.0,R,86.0,R,23.0,R,0.0,R,23.0,R,21.0,R,91.0,R,7
251075,2009,A,,A,,A,,R,167.0,R,0.0,R,167.0,R,97.0,R,58.0,R,0.0,R,0.0,R,0.0,R,0.0,A,,R,24
251251,2009,R,69.0,R,130.0,R,53.0,R,0.0,R,0.0,R,0.0,R,0.0,A,,R,0.0,R,0.0,R,0.0,R,0.0,A,,R,19
251260,2009,R,1101.0,R,2018.0,R,55.0,R,976.0,R,0.0,R,976.0,R,570.0,R,58.0,R,108.0,R,0.0,R,108.0,R,42.0,R,39.0,R,26
251312,2009,R,31.0,R,190.0,R,16.0,R,23.0,R,0.0,R,23.0,R,9.0,R,39.0,R,11.0,R,0.0,R,11.0,R,3.0,R,27.0,R,15
260293,2009,R,180.0,R,286.0,R,63.0,R,28.0,R,0.0,R,28.0,R,20.0,R,71.0,R,84.0,R,0.0,R,84.0,R,44.0,R,52.0,R,17
260336,2009,A,,A,,A,,R,2.0,R,0.0,R,2.0,R,1.0,R,50.0,R,0.0,R,0.0,R,0.0,R,0.0,A,,R,2
260354,2009,A,,A,,A,,R,23.0,R,0.0,R,23.0,R,17.0,R,74.0,R,2.0,R,0.0,R,2.0,R,1.0,R,50.0,R,15
260363,2009,A,,A,,A,,R,39.0,Z,0.0,R,39.0,R,24.0,R,62.0,R,0.0,Z,0.0,R,0.0,Z,0.0,A,,R,19
260372,2009,R,64.0,R,167.0,R,38.0,R,48.0,R,0.0,R,48.0,R,20.0,R,42.0,R,27.0,R,0.0,R,27.0,R,7.0,R,26.0,R,20
260664,2009,A,,A,,A,,A,,A,,A,,A,,A,,A,,A,,A,,A,,A,,R,6
260691,2009,A,,A,,A,,R,303.0,R,0.0,R,303.0,R,232.0,R,77.0,R,0.0,R,0.0,R,0.0,R,0.0,A,,R,25
260789,2009,A,,A,,A,,R,152.0,R,0.0,R,152.0,R,144.0,R,95.0,R,0.0,R,0.0,R,0.0,R,0.0,A,,R,16
260813,2009,A,,A,,A,,R,6.0,Z,0.0,R,6.0,R,5.0,R,83.0,Z,0.0,Z,0.0,Z,0.0,Z,0.0,A,,R,10
260901,2009,A,,A,,A,,R,158.0,R,1.0,R,157.0,R,110.0,R,70.0,R,4014.0,R,8.0,R,4006.0,R,1128.0,R,28.0,R,24
260910,2009,A,,A,,A,,R,3.0,R,0.0,R,3.0,R,2.0,R,67.0,R,4.0,R,0.0,R,4.0,R,3.0,R,75.0,R,27
260929,2009,A,,A,,A,,R,76.0,R,0.0,R,76.0,R,60.0,R,79.0,R,16.0,R,0.0,R,16.0,R,15.0,R,94.0,R,20
260947,2009,R,3.0,R,5.0,R,60.0,R,1.0,R,0.0,R,1.0,R,1.0,R,100.0,R,0.0,R,0.0,R,0.0,R,0.0,A,,R,3
260965,2009,A,,A,,A,,R,20.0,R,0.0,R,20.0,R,10.0,R,50.0,R,0.0,R,0.0,R,0.0,R,0.0,A,,R,16
260974,2009,R,71.0,R,98.0,R,72.0,R,12.0,R,0.0,R,12.0,R,10.0,R,83.0,R,1.0,R,0.0,R,1.0,R,0.0,R,0.0,R,18
260992,2009,R,152.0,R,440.0,R,35.0,R,116.0,R,0.0,R,116.0,R,52.0,R,45.0,R,224.0,Z,0.0,R,224.0,R,108.0,R,48.0,R,16
261375,2009,A,,A,,A,,R,16.0,R,0.0,R,16.0,R,16.0,R,100.0,R,63.0,R,3.0,R,60.0,R,55.0,R,92.0,R,3
261384,2009,A,,A,,A,,R,2.0,R,0.0,R,2.0,R,1.0,R,50.0,R,25.0,R,0.0,R,25.0,R,24.0,R,96.0,R,7
261393,2009,A,,A,,A,,R,3.0,R,0.0,R,3.0,R,3.0,R,100.0,R,28.0,R,0.0,R,28.0,R,27.0,R,96.0,R,5
261436,2009,A,,A,,A,,R,293.0,R,0.0,R,293.0,R,255.0,R,87.0,R,0.0,R,0.0,R,0.0,R,0.0,A,,R,12
261472,2009,R,210.0,R,290.0,R,72.0,R,198.0,R,8.0,R,190.0,R,104.0,R,55.0,R,42.0,R,0.0,R,42.0,R,16.0,R,38.0,R,23
261676,2009,A,,A,,A,,A,,A,,A,,A,,A,,A,,A,,A,,A,,A,,R,17
261685,2009,A,,A,,A,,A,,A,,A,,A,,A,,A,,A,,A,,A,,A,,R,18
261719,2009,A,,A,,A,,R,9.0,R,0.0,R,9.0,R,6.0,R,67.0,R,74.0,R,0.0,R,74.0,R,62.0,R,84.0,R,8
261773,2009,A,,A,,A,,R,44.0,Z,0.0,R,44.0,R,40.0,R,91.0,R,1.0,Z,0.0,R,1.0,R,1.0,R,100.0,R,15
261861,2009,R,88.0,R,88.0,R,100.0,R,65.0,R,0.0,R,65.0,R,49.0,R,75.0,R,0.0,R,0.0,R,0.0,R,0.0,A,,R,37
261931,2009,R,66.0,R,95.0,R,69.0,R,4.0,R,0.0,R,4.0,R,3.0,R,75.0,R,0.0,R,0.0,R,0.0,R,0.0,A,,R,20
262031,2009,R,1467.0,R,2331.0,R,63.0,R,1318.0,Z,0.0,R,1318.0,R,847.0,R,64.0,R,452.0,Z,0.0,R,452.0,R,171.0,R,38.0,R,26
262086,2009,A,,A,,A,,A,,A,,A,,A,,A,,A,,A,,A,,A,,A,,R,12
262129,2009,R,218.0,R,253.0,R,86.0,R,222.0,R,0.0,R,222.0,R,192.0,R,86.0,Z,0.0,Z,0.0,Z,0.0,Z,0.0,A,,R,10
262235,2009,A,,A,,A,,R,22.0,R,0.0,R,22.0,R,19.0,R,86.0,R,0.0,R,0.0,R,0.0,R,0.0,A,,R,20
262299,2009,A,,A,,A,,R,34.0,Z,0.0,R,34.0,R,25.0,R,74.0,R,20.0,Z,0.0,R,20.0,R,12.0,R,60.0,R,21
262332,2009,A,,A,,A,,R,19.0,R,0.0,R,19.0,R,17.0,R,89.0,R,0.0,R,0.0,R,0.0,R,0.0,A,,R,38
262341,2009,A,,A,,A,,R,277.0,R,1.0,R,276.0,R,254.0,R,92.0,R,0.0,R,0.0,R,0.0,R,0.0,A,,R,12
262369,2009,A,,A,,A,,R,158.0,R,0.0,R,158.0,R,132.0,R,84.0,R,0.0,R,0.0,R,0.0,R,0.0,A,,R,13
262402,2009,A,,A,,A,,A,,A,,A,,A,,A,,A,,A,,A,,A,,A,,R,12
262457,2009,A,,A,,A,,R,172.0,R,0.0,R,172.0,R,142.0,R,83.0,R,0.0,R,0.0,R,0.0,R,0.0,A,,R,19
262509,2009,A,,A,,A,,R,159.0,Z,0.0,R,159.0,R,127.0,R,80.0,Z,0.0,Z,0.0,Z,0.0,Z,0.0,A,,R,32
262660,2009,A,,A,,A,,R,36.0,Z,0.0,R,36.0,R,25.0,R,69.0,Z,0.0,Z,0.0,Z,0.0,Z,0.0,A,,R,12
362700,2009,A,,A,,A,,R,152.0,R,0.0,R,152.0,R,127.0,R,84.0,R,49.0,R,0.0,R,49.0,R,38.0,R,78.0,R,21
362782,2009,A,,A,,A,,A,,A,,A,,A,,A,,A,,A,,A,,A,,A,,R,3
363013,2009,A,,A,,A,,A,,A,,A,,A,,A,,A,,A,,A,,A,,A,,R,18
363077,2009,A,,A,,A,,R,84.0,R,0.0,R,84.0,R,67.0,R,80.0,R,29.0,R,0.0,R,29.0,R,25.0,R,86.0,R,22
363147,2009,A,,A,,A,,R,5.0,R,0.0,R,5.0,R,5.0,R,100.0,R,10.0,R,0.0,R,10.0,R,8.0,R,80.0,R,7
363165,2009,A,,A,,A,,R,465.0,Z,0.0,R,465.0,R,412.0,R,89.0,R,106.0,Z,0.0,R,106.0,R,71.0,R,67.0,R,16
363387,2009,R,123.0,R,300.0,R,41.0,R,112.0,R,0.0,R,112.0,R,72.0,R,64.0,R,88.0,R,0.0,R,88.0,R,58.0,R,66.0,R,23
363439,2009,R,99.0,R,140.0,R,71.0,R,70.0,R,0.0,R,70.0,R,55.0,R,79.0,R,18.0,R,0.0,R,18.0,R,14.0,R,78.0,R,18
363457,2009,A,,A,,A,,R,58.0,R,0.0,R,58.0,R,51.0,R,88.0,R,44.0,R,0.0,R,44.0,R,40.0,R,91.0,R,12
363590,2009,A,,A,,A,,R,165.0,R,0.0,R,165.0,R,125.0,R,76.0,R,0.0,R,0.0,R,0.0,R,0.0,A,,R,30
363633,2009,R,159.0,R,404.0,R,39.0,R,85.0,R,0.0,R,85.0,R,38.0,R,45.0,R,49.0,R,0.0,R,49.0,R,14.0,R,29.0,R,13
363679,2009,A,,A,,A,,R,27.0,R,0.0,R,27.0,R,22.0,R,81.0,R,5.0,R,0.0,R,5.0,R,4.0,R,80.0,R,18
363712,2009,R,12.0,R,43.0,R,28.0,R,12.0,R,3.0,R,9.0,R,4.0,R,44.0,R,0.0,R,0.0,R,0.0,R,0.0,A,,R,16
363882,2009,A,,A,,A,,R,5.0,R,0.0,R,5.0,R,4.0,R,80.0,R,5.0,R,0.0,R,5.0,R,5.0,R,100.0,R,8
363907,2009,R,205.0,R,348.0,R,59.0,R,212.0,R,0.0,R,212.0,R,34.0,R,16.0,R,48.0,R,0.0,R,48.0,R,9.0,R,19.0,R,18
363916,2009,R,114.0,R,143.0,R,80.0,R,141.0,Z,0.0,R,141.0,R,24.0,R,17.0,R,28.0,R,0.0,R,28.0,R,7.0,R,25.0,R,12
363934,2009,R,139.0,R,139.0,R,100.0,R,185.0,R,2.0,R,183.0,R,128.0,R,70.0,R,0.0,R,0.0,R,0.0,R,0.0,A,,R,21
364016,2009,R,531.0,R,3352.0,R,16.0,R,383.0,R,0.0,R,383.0,R,242.0,R,63.0,R,298.0,R,0.0,R,298.0,R,134.0,R,45.0,R,22
364025,2009,R,1153.0,R,4004.0,R,29.0,R,825.0,R,0.0,R,825.0,R,499.0,R,60.0,R,567.0,R,0.0,R,567.0,R,212.0,R,37.0,R,26
364122,2009,A,,A,,A,,A,,A,,A,,A,,A,,A,,A,,A,,A,,A,,R,1
364168,2009,R,166.0,R,207.0,R,80.0,R,0.0,R,0.0,R,0.0,R,0.0,A,,R,0.0,R,0.0,R,0.0,R,0.0,A,,R,9
364317,2009,A,,A,,A,,R,117.0,R,0.0,R,117.0,R,73.0,R,62.0,R,7.0,R,0.0,R,7.0,R,6.0,R,86.0,R,28
364326,2009,A,,A,,A,,R,47.0,R,0.0,R,47.0,R,31.0,R,66.0,R,34.0,R,0.0,R,34.0,R,21.0,R,62.0,R,35
364335,2009,A,,A,,A,,R,140.0,R,0.0,R,140.0,R,112.0,R,80.0,R,0.0,R,0.0,R,0.0,R,0.0,A,,R,56
364548,2009,A,,A,,A,,R,200.0,R,0.0,R,200.0,R,199.0,R,100.0,R,38.0,R,0.0,R,38.0,R,37.0,R,97.0,R,2
364566,2009,A,,A,,A,,R,10.0,R,0.0,R,10.0,R,10.0,R,100.0,R,11.0,R,0.0,R,11.0,R,7.0,R,64.0,R,25
364575,2009,A,,A,,A,,R,54.0,R,0.0,R,54.0,R,30.0,R,56.0,R,0.0,R,0.0,R,0.0,R,0.0,A,,R,14
364584,2009,A,,A,,A,,R,17.0,Z,0.0,R,17.0,R,13.0,R,76.0,R,10.0,Z,0.0,R,10.0,R,9.0,R,90.0,R,4
364593,2009,A,,A,,A,,R,26.0,R,0.0,R,26.0,R,25.0,R,96.0,R,0.0,R,0.0,R,0.0,R,0.0,A,,R,12
364618,2009,A,,A,,A,,R,41.0,R,0.0,R,41.0,R,25.0,R,61.0,R,0.0,R,0.0,R,0.0,R,0.0,A,,R,20
364627,2009,A,,A,,A,,R,21.0,R,0.0,R,21.0,R,17.0,R,81.0,R,165.0,R,0.0,R,165.0,R,123.0,R,75.0,R,7
364636,2009,A,,A,,A,,R,60.0,Z,0.0,R,60.0,R,54.0,R,90.0,R,5.0,Z,0.0,R,5.0,R,5.0,R,100.0,R,6
364751,2009,A,,A,,A,,A,,A,,A,,A,,A,,A,,A,,A,,A,,A,,R,18
364760,2009,A,,A,,A,,R,0.0,R,0.0,R,0.0,R,0.0,A,,R,6.0,R,0.0,R,6.0,R,6.0,R,100.0,R,20
364812,2009,A,,A,,A,,R,7.0,R,0.0,R,7.0,R,6.0,R,86.0,R,15.0,R,0.0,R,15.0,R,14.0,R,93.0,R,18
364885,2009,R,194.0,R,194.0,R,100.0,R,319.0,R,0.0,R,319.0,R,224.0,R,70.0,R,0.0,R,0.0,R,0.0,R,0.0,A,,R,13
364946,2009,A,,A,,A,,R,59.0,R,7.0,R,52.0,R,45.0,R,87.0,R,85.0,R,8.0,R,77.0,R,61.0,R,79.0,R,3
364955,2009,A,,A,,A,,R,308.0,R,0.0,R,308.0,R,210.0,R,68.0,R,0.0,R,0.0,R,0.0,R,0.0,A,,R,33
364964,2009,A,,A,,A,,R,27.0,R,0.0,R,27.0,R,19.0,R,70.0,Z,0.0,Z,0.0,Z,0.0,Z,0.0,A,,R,13
364973,2009,A,,A,,A,,R,126.0,R,0.0,R,126.0,R,98.0,R,78.0,R,0.0,R,0.0,R,0.0,R,0.0,A,,R,27
365055,2009,R,440.0,R,575.0,R,77.0,R,326.0,R,0.0,R,326.0,R,175.0,R,54.0,R,153.0,R,0.0,R,153.0,R,69.0,R,45.0,R,17
365073,2009,A,,A,,A,,R,25.0,R,0.0,R,25.0,R,21.0,R,84.0,R,4.0,R,0.0,R,4.0,R,3.0,R,75.0,R,15
365091,2009,A,,A,,A,,R,155.0,R,1.0,R,154.0,R,111.0,R,72.0,Z,0.0,Z,0.0,Z,0.0,Z,0.0,A,,R,19
365107,2009,A,,A,,A,,R,28.0,Z,0.0,R,28.0,R,25.0,R,89.0,R,73.0,Z,0.0,R,73.0,R,68.0,R,93.0,R,25
365125,2009,A,,A,,A,,R,56.0,R,0.0,R,56.0,R,45.0,R,80.0,R,0.0,R,0.0,R,0.0,R,0.0,A,,R,20
365198,2009,A,,A,,A,,R,6.0,R,0.0,R,6.0,R,2.0,R,33.0,R,9.0,R,0.0,R,9.0,R,7.0,R,78.0,R,9
365204,2009,R,967.0,R,987.0,R,98.0,R,194.0,R,0.0,R,194.0,R,141.0,R,73.0,R,0.0,R,0.0,R,0.0,R,0.0,A,,R,18
365213,2009,A,,A,,A,,R,38.0,R,0.0,R,38.0,R,23.0,R,61.0,R,118.0,R,0.0,R,118.0,R,61.0,R,52.0,R,8
365240,2009,A,,A,,A,,R,215.0,R,0.0,R,215.0,R,206.0,R,96.0,R,90.0,R,0.0,R,90.0,R,89.0,R,99.0,R,26
365374,2009,A,,A,,A,,R,150.0,R,0.0,R,150.0,R,91.0,R,61.0,R,132.0,R,0.0,R,132.0,R,48.0,R,36.0,R,6
365383,2009,A,,A,,A,,R,79.0,R,0.0,R,79.0,R,67.0,R,85.0,R,0.0,R,0.0,R,0.0,R,0.0,A,,R,15
365453,2009,A,,A,,A,,R,23.0,R,0.0,R,23.0,R,23.0,R,100.0,R,0.0,R,0.0,R,0.0,R,0.0,A,,R,11
365480,2009,A,,A,,A,,R,61.0,R,0.0,R,61.0,R,50.0,R,82.0,R,60.0,R,0.0,R,60.0,R,43.0,R,72.0,R,10
365505,2009,A,,A,,A,,R,49.0,R,0.0,R,49.0,R,45.0,R,92.0,R,0.0,R,0.0,R,0.0,R,0.0,A,,R,2
365569,2009,A,,A,,A,,R,20.0,R,0.0,R,20.0,R,19.0,R,95.0,R,20.0,R,0.0,R,20.0,R,18.0,R,90.0,R,13
365693,2009,A,,A,,A,,R,52.0,R,0.0,R,52.0,R,32.0,R,62.0,R,10.0,R,0.0,R,10.0,R,10.0,R,100.0,R,9
365824,2009,A,,A,,A,,A,,A,,A,,A,,A,,A,,A,,A,,A,,A,,R,16
365833,2009,A,,A,,A,,A,,A,,A,,A,,A,,A,,A,,A,,A,,A,,R,19
366003,2009,R,1.0,R,10.0,R,10.0,R,0.0,R,0.0,R,0.0,R,0.0,A,,R,0.0,R,0.0,R,0.0,R,0.0,A,,R,7
366155,2009,A,,A,,A,,R,12.0,Z,0.0,R,12.0,R,9.0,R,75.0,Z,0.0,Z,0.0,Z,0.0,Z,0.0,A,,R,25
366191,2009,A,,A,,A,,R,737.0,R,0.0,R,737.0,R,648.0,R,88.0,R,0.0,R,0.0,R,0.0,R,0.0,A,,R,30
366252,2009,R,1335.0,R,2048.0,R,65.0,R,378.0,R,1.0,R,377.0,R,249.0,R,66.0,R,7.0,R,0.0,R,7.0,R,5.0,R,71.0,R,16
366261,2009,R,36.0,R,69.0,R,52.0,R,34.0,R,0.0,R,34.0,R,18.0,R,53.0,R,0.0,R,0.0,R,0.0,R,0.0,A,,R,41
366270,2009,A,,A,,A,,R,93.0,Z,0.0,R,93.0,R,48.0,R,52.0,R,0.0,R,0.0,R,0.0,R,0.0,A,,R,7
366289,2009,A,,A,,A,,R,92.0,R,0.0,R,92.0,R,54.0,R,59.0,R,0.0,R,0.0,R,0.0,R,0.0,A,,R,18
366340,2009,R,37.0,R,53.0,R,70.0,R,14.0,R,1.0,R,13.0,R,6.0,R,46.0,R,3.0,R,0.0,R,3.0,R,1.0,R,33.0,R,11
366395,2009,R,4861.0,R,7979.0,R,61.0,R,4305.0,Z,0.0,R,4305.0,R,3005.0,R,70.0,R,1055.0,Z,0.0,R,1055.0,R,471.0,R,45.0,R,23
366401,2009,R,1047.0,R,3178.0,R,33.0,R,853.0,Z,0.0,R,853.0,R,460.0,R,54.0,R,715.0,Z,0.0,R,715.0,R,210.0,R,29.0,R,29
366438,2009,A,,A,,A,,R,19.0,Z,0.0,R,19.0,R,16.0,R,84.0,R,24.0,Z,0.0,R,24.0,R,19.0,R,79.0,R,13
366447,2009,R,193.0,R,408.0,R,47.0,R,96.0,R,0.0,R,96.0,R,61.0,R,64.0,R,132.0,R,0.0,R,132.0,R,59.0,R,45.0,R,16
366465,2009,R,297.0,R,473.0,R,63.0,R,194.0,R,0.0,R,194.0,R,108.0,R,56.0,R,128.0,R,0.0,R,128.0,R,61.0,R,48.0,R,19
366535,2009,A,,A,,A,,R,167.0,R,0.0,R,167.0,R,102.0,R,61.0,R,0.0,R,0.0,R,0.0,R,0.0,A,,R,23
366544,2009,R,115.0,R,133.0,R,86.0,R,78.0,R,0.0,R,78.0,R,44.0,R,56.0,R,10.0,R,0.0,R,10.0,R,2.0,R,20.0,R,18
366553,2009,R,632.0,R,953.0,R,66.0,R,15.0,R,0.0,R,15.0,R,11.0,R,73.0,R,5.0,R,0.0,R,5.0,R,2.0,R,40.0,R,16
366571,2009,A,,A,,A,,A,,A,,A,,A,,A,,A,,A,,A,,A,,A,,R,12
366580,2009,R,86.0,R,130.0,R,66.0,R,87.0,R,2.0,R,85.0,R,44.0,R,52.0,R,12.0,R,1.0,R,11.0,R,5.0,R,45.0,R,22
366623,2009,A,,A,,A,,R,13.0,R,0.0,R,13.0,R,11.0,R,85.0,R,8.0,R,0.0,R,8.0,R,5.0,R,63.0,R,3
366632,2009,A,,A,,A,,R,26.0,R,0.0,R,26.0,R,26.0,R,100.0,R,31.0,R,0.0,R,31.0,R,31.0,R,100.0,R,10
366650,2009,R,135.0,R,194.0,R,70.0,R,15.0,R,1.0,R,14.0,R,8.0,R,57.0,R,9.0,R,1.0,R,8.0,R,1.0,R,13.0,R,26
366678,2009,R,136.0,R,178.0,R,76.0,R,125.0,R,4.0,R,121.0,R,63.0,R,52.0,R,20.0,R,0.0,R,20.0,R,2.0,R,10.0,R,25
366696,2009,R,168.0,R,213.0,R,79.0,R,138.0,R,5.0,R,133.0,R,81.0,R,61.0,R,20.0,R,2.0,R,18.0,R,4.0,R,22.0,R,35
366711,2009,R,1114.0,R,3239.0,R,34.0,R,1296.0,Z,0.0,R,1296.0,R,988.0,R,76.0,R,276.0,Z,0.0,R,276.0,R,181.0,R,66.0,R,23
366748,2009,R,15.0,R,16.0,R,94.0,R,3.0,R,0.0,R,3.0,R,1.0,R,33.0,R,1.0,R,0.0,R,1.0,R,0.0,R,0.0,R,9
366960,2009,A,,A,,A,,R,283.0,R,0.0,R,283.0,R,199.0,R,70.0,R,0.0,R,0.0,R,0.0,R,0.0,A,,R,31
367024,2009,A,,A,,A,,R,9.0,R,0.0,R,9.0,R,7.0,R,78.0,R,5.0,R,0.0,R,5.0,R,3.0,R,60.0,R,29
367051,2009,A,,A,,A,,R,22.0,R,0.0,R,22.0,R,21.0,R,95.0,R,23.0,R,0.0,R,23.0,R,21.0,R,91.0,R,15
367088,2009,A,,A,,A,,R,13.0,R,0.0,R,13.0,R,10.0,R,77.0,R,0.0,R,0.0,R,0.0,R,0.0,A,,R,12
367097,2009,R,80.0,R,124.0,R,65.0,R,14.0,Z,0.0,R,14.0,R,9.0,R,64.0,Z,0.0,Z,0.0,Z,0.0,Z,0.0,A,,R,17
367103,2009,A,,A,,A,,R,24.0,R,0.0,R,24.0,R,15.0,R,63.0,R,0.0,Z,0.0,R,0.0,Z,0.0,A,,R,12
367112,2009,R,45.0,R,122.0,R,37.0,R,36.0,Z,0.0,R,36.0,R,31.0,R,86.0,R,44.0,R,2.0,R,42.0,R,9.0,R,21.0,R,22
367130,2009,A,,A,,A,,R,49.0,Z,0.0,R,49.0,R,35.0,R,71.0,R,17.0,Z,0.0,R,17.0,R,11.0,R,65.0,R,12
367158,2009,A,,A,,A,,A,,A,,A,,A,,A,,A,,A,,A,,A,,A,,R,22
367176,2009,A,,A,,A,,R,58.0,R,1.0,R,57.0,R,49.0,R,86.0,R,38.0,R,0.0,R,38.0,R,31.0,R,82.0,R,20
367194,2009,R,128.0,R,244.0,R,52.0,R,168.0,R,0.0,R,168.0,R,150.0,R,89.0,R,18.0,R,0.0,R,18.0,R,13.0,R,72.0,R,9
367264,2009,A,,A,,A,,A,,A,,A,,A,,A,,A,,A,,A,,A,,A,,R,37
367316,2009,A,,A,,A,,R,287.0,R,0.0,R,287.0,R,149.0,R,52.0,R,0.0,R,0.0,R,0.0,R,0.0,A,,R,20
367334,2009,A,,A,,A,,A,,A,,A,,A,,A,,A,,A,,A,,A,,A,,R,8
367361,2009,A,,A,,A,,R,25.0,Z,0.0,R,25.0,R,11.0,R,44.0,R,0.0,Z,0.0,R,0.0,Z,0.0,A,,R,13
367398,2009,A,,A,,A,,R,43.0,R,0.0,R,43.0,R,8.0,R,19.0,R,12.0,R,0.0,R,12.0,R,6.0,R,50.0,R,25
367413,2009,A,,A,,A,,R,176.0,Z,0.0,R,176.0,R,132.0,R,75.0,R,0.0,Z,0.0,R,0.0,Z,0.0,A,,R,28
367431,2009,A,,A,,A,,R,21.0,R,0.0,R,21.0,R,20.0,R,95.0,Z,0.0,Z,0.0,Z,0.0,Z,0.0,A,,R,22
367459,2009,R,797.0,R,2491.0,R,32.0,R,668.0,R,0.0,R,668.0,R,386.0,R,58.0,R,519.0,R,0.0,R,519.0,R,235.0,R,45.0,R,20
367662,2009,A,,A,,A,,R,27.0,Z,0.0,R,27.0,R,21.0,R,78.0,R,87.0,Z,0.0,R,87.0,R,62.0,R,71.0,R,25
367839,2009,R,142.0,R,144.0,R,99.0,R,219.0,R,8.0,R,211.0,R,175.0,R,83.0,R,0.0,R,0.0,R,0.0,R,0.0,A,,R,16
367875,2009,A,,A,,A,,R,219.0,R,0.0,R,219.0,R,39.0,R,18.0,R,0.0,R,0.0,R,0.0,R,0.0,A,,R,7
367884,2009,R,262.0,R,642.0,R,41.0,R,167.0,R,0.0,R,167.0,R,84.0,R,50.0,R,18.0,R,0.0,R,18.0,R,8.0,R,44.0,R,23
367893,2009,A,,A,,A,,A,,A,,A,,A,,A,,A,,A,,A,,A,,A,,R,2
367909,2009,R,134.0,R,178.0,R,75.0,R,128.0,R,0.0,R,128.0,R,58.0,R,45.0,R,54.0,R,0.0,R,54.0,R,20.0,R,37.0,R,24
367936,2009,R,36.0,R,44.0,R,82.0,A,,A,,A,,A,,A,,A,,A,,A,,A,,A,,R,11
367972,2009,A,,A,,A,,R,6.0,R,0.0,R,6.0,R,6.0,R,100.0,R,0.0,Z,0.0,R,0.0,Z,0.0,A,,R,34
367981,2009,A,,A,,A,,R,29.0,R,0.0,R,29.0,R,23.0,R,79.0,R,41.0,R,0.0,R,41.0,R,33.0,R,80.0,R,23
368036,2009,A,,A,,A,,R,36.0,R,0.0,R,36.0,R,33.0,R,92.0,R,0.0,R,0.0,R,0.0,R,0.0,A,,R,14
368160,2009,A,,A,,A,,R,12.0,R,0.0,R,12.0,R,10.0,R,83.0,R,3.0,R,0.0,R,3.0,R,3.0,R,100.0,R,1
368188,2009,A,,A,,A,,R,25.0,R,0.0,R,25.0,R,17.0,R,68.0,R,0.0,R,0.0,R,0.0,R,0.0,A,,R,11
368230,2009,A,,A,,A,,R,58.0,Z,0.0,R,58.0,R,29.0,R,50.0,R,18.0,Z,0.0,R,18.0,R,10.0,R,56.0,R,15
368364,2009,A,,A,,A,,R,58.0,R,13.0,R,45.0,R,40.0,R,89.0,R,80.0,R,7.0,R,73.0,R,68.0,R,93.0,R,18
368407,2009,A,,A,,A,,R,15.0,R,0.0,R,15.0,R,11.0,R,73.0,R,6.0,R,0.0,R,6.0,R,6.0,R,100.0,R,12
368443,2009,R,259.0,R,588.0,R,44.0,R,177.0,R,0.0,R,177.0,R,132.0,R,75.0,R,66.0,R,0.0,R,66.0,R,20.0,R,30.0,R,12
368452,2009,R,175.0,R,175.0,R,100.0,R,48.0,R,2.0,R,46.0,R,35.0,R,76.0,R,0.0,R,0.0,R,0.0,R,0.0,A,,R,16
368540,2009,A,,A,,A,,R,39.0,R,0.0,R,39.0,R,34.0,R,87.0,Z,0.0,R,0.0,R,0.0,Z,0.0,A,,R,21
368601,2009,R,195.0,R,263.0,R,74.0,R,11.0,R,0.0,R,11.0,R,4.0,R,36.0,R,2.0,R,0.0,R,2.0,R,0.0,R,0.0,R,27
368629,2009,A,,A,,A,,R,168.0,R,0.0,R,168.0,R,130.0,R,77.0,R,0.0,R,0.0,R,0.0,R,0.0,A,,R,25
368771,2009,A,,A,,A,,A,,A,,A,,A,,A,,A,,A,,A,,A,,A,,R,45
368780,2009,A,,A,,A,,R,43.0,R,0.0,R,43.0,R,12.0,R,28.0,R,0.0,R,0.0,R,0.0,R,0.0,A,,R,33
368799,2009,A,,A,,A,,R,122.0,R,0.0,R,122.0,R,115.0,R,94.0,R,196.0,R,0.0,R,196.0,R,182.0,R,93.0,R,12
368805,2009,A,,A,,A,,R,177.0,R,0.0,R,177.0,R,114.0,R,64.0,R,5.0,R,0.0,R,5.0,R,2.0,R,40.0,R,29
368832,2009,A,,A,,A,,R,20.0,R,0.0,R,20.0,R,9.0,R,45.0,R,10.0,R,0.0,R,10.0,R,10.0,R,100.0,R,37
368911,2009,R,143.0,R,265.0,R,54.0,R,182.0,R,0.0,R,182.0,R,86.0,R,47.0,R,137.0,R,0.0,R,137.0,R,36.0,R,26.0,R,16
369020,2009,A,,A,,A,,R,6.0,Z,0.0,R,6.0,R,3.0,R,50.0,Z,0.0,Z,0.0,Z,0.0,Z,0.0,A,,R,25
369084,2009,R,94.0,R,159.0,R,59.0,R,1.0,R,0.0,R,1.0,R,0.0,R,0.0,R,0.0,R,0.0,R,0.0,R,0.0,A,,R,21
369109,2009,A,,A,,A,,R,42.0,Z,0.0,R,42.0,R,38.0,R,90.0,R,42.0,Z,0.0,R,42.0,R,35.0,R,83.0,R,5
369400,2009,A,,A,,A,,R,979.0,R,1.0,R,978.0,R,919.0,R,94.0,R,0.0,R,0.0,R,0.0,R,0.0,A,,R,30
369419,2009,A,,A,,A,,R,249.0,Z,0.0,R,249.0,R,234.0,R,94.0,R,0.0,R,0.0,R,0.0,R,0.0,A,,R,8
369446,2009,A,,A,,A,,R,25.0,R,0.0,R,25.0,R,10.0,R,40.0,R,8.0,R,0.0,R,8.0,R,3.0,R,38.0,R,22
369455,2009,A,,A,,A,,A,,A,,A,,A,,A,,A,,A,,A,,A,,A,,R,11
369516,2009,R,93.0,R,93.0,R,100.0,R,38.0,R,0.0,R,38.0,R,30.0,R,79.0,R,0.0,R,0.0,R,0.0,R,0.0,A,,R,8
369668,2009,A,,A,,A,,R,63.0,R,2.0,R,61.0,R,57.0,R,93.0,R,12.0,R,0.0,R,12.0,R,12.0,R,100.0,R,10
369686,2009,A,,A,,A,,R,40.0,R,1.0,R,39.0,R,29.0,R,74.0,R,0.0,R,0.0,R,0.0,R,0.0,A,,R,30
369695,2009,A,,A,,A,,R,34.0,R,0.0,R,34.0,R,30.0,R,88.0,R,0.0,R,0.0,R,0.0,R,0.0,A,,R,40
369783,2009,A,,A,,A,,R,211.0,R,0.0,R,211.0,R,160.0,R,76.0,R,0.0,R,0.0,R,0.0,R,0.0,A,,R,31
369792,2009,A,,A,,A,,R,0.0,R,0.0,R,0.0,R,0.0,A,,Z,0.0,Z,0.0,Z,0.0,Z,0.0,A,,R,7
369853,2009,A,,A,,A,,R,14.0,Z,0.0,R,14.0,R,7.0,R,50.0,R,9.0,Z,0.0,R,9.0,R,2.0,R,22.0,R,8
369862,2009,R,16.0,R,47.0,R,34.0,R,29.0,Z,0.0,R,29.0,R,13.0,R,45.0,R,0.0,R,0.0,R,0.0,R,0.0,A,,R,11
369905,2009,R,211.0,R,338.0,R,62.0,R,3.0,R,0.0,R,3.0,R,2.0,R,67.0,R,3.0,R,0.0,R,3.0,R,2.0,R,67.0,R,13
369950,2009,A,,A,,A,,A,,A,,A,,A,,A,,A,,A,,A,,A,,A,,R,13
371034,2009,A,,A,,A,,R,2.0,Z,0.0,R,2.0,R,2.0,R,100.0,Z,0.0,Z,0.0,Z,0.0,Z,0.0,A,,R,8
371052,2009,A,,A,,A,,R,65.0,R,0.0,R,65.0,R,58.0,R,89.0,R,18.0,R,0.0,R,18.0,R,3.0,R,17.0,R,22
371140,2009,A,,A,,A,,R,49.0,R,0.0,R,49.0,R,35.0,R,71.0,R,10.0,R,0.0,R,10.0,R,3.0,R,30.0,R,15
371265,2009,A,,A,,A,,A,,A,,A,,A,,A,,A,,A,,A,,A,,A,,R,25
371760,2009,R,216.0,R,437.0,R,49.0,R,128.0,R,0.0,R,128.0,R,82.0,R,64.0,R,163.0,R,0.0,R,163.0,R,96.0,R,59.0,R,23
371779,2009,R,193.0,R,462.0,R,42.0,R,149.0,R,0.0,R,149.0,R,106.0,R,71.0,R,109.0,R,0.0,R,109.0,R,65.0,R,60.0,R,34
371830,2009,A,,A,,A,,R,17.0,R,0.0,R,17.0,R,4.0,R,24.0,R,1.0,R,0.0,R,1.0,R,1.0,R,100.0,R,25
371928,2009,A,,A,,A,,R,14.0,R,0.0,R,14.0,R,12.0,R,86.0,R,0.0,Z,0.0,R,0.0,Z,0.0,A,,R,15
371964,2009,A,,A,,A,,A,,A,,A,,A,,A,,A,,A,,A,,A,,A,,R,27
371982,2009,A,,A,,A,,R,212.0,R,0.0,R,212.0,R,144.0,R,68.0,R,0.0,R,0.0,R,0.0,R,0.0,A,,R,30
372000,2009,A,,A,,A,,R,41.0,R,0.0,R,41.0,R,39.0,R,95.0,Z,0.0,Z,0.0,Z,0.0,Z,0.0,A,,R,15
372028,2009,A,,A,,A,,R,70.0,R,0.0,R,70.0,R,58.0,R,83.0,R,0.0,R,0.0,R,0.0,R,0.0,A,,R,20
372037,2009,A,,A,,A,,R,310.0,R,0.0,R,310.0,R,206.0,R,66.0,R,3.0,R,0.0,R,3.0,R,3.0,R,100.0,R,14
372073,2009,A,,A,,A,,R,52.0,Z,0.0,R,52.0,R,37.0,R,71.0,R,0.0,R,0.0,R,0.0,R,0.0,A,,R,22
372082,2009,A,,A,,A,,R,616.0,R,0.0,R,616.0,R,441.0,R,72.0,R,501.0,R,0.0,R,501.0,R,191.0,R,38.0,R,30
372213,2009,A,,A,,A,,R,706.0,R,0.0,R,706.0,R,238.0,R,34.0,R,0.0,R,0.0,R,0.0,R,0.0,A,,R,45
372222,2009,A,,A,,A,,R,156.0,R,0.0,R,156.0,R,66.0,R,42.0,R,0.0,R,0.0,R,0.0,R,0.0,A,,R,20
372240,2009,A,,A,,A,,R,32.0,R,0.0,R,32.0,R,26.0,R,81.0,R,0.0,R,0.0,R,0.0,R,0.0,A,,R,10
372329,2009,R,248.0,R,248.0,R,100.0,R,328.0,R,38.0,R,290.0,R,224.0,R,77.0,Z,0.0,Z,0.0,Z,0.0,Z,0.0,A,,R,10
372356,2009,A,,A,,A,,R,35.0,R,0.0,R,35.0,R,30.0,R,86.0,R,0.0,R,0.0,R,0.0,R,0.0,A,,R,15
372462,2009,A,,A,,A,,R,14.0,R,0.0,R,14.0,R,9.0,R,64.0,R,9.0,R,0.0,R,9.0,R,7.0,R,78.0,R,2
372523,2009,A,,A,,A,,A,,A,,A,,A,,A,,A,,A,,A,,A,,A,,R,30
372578,2009,R,93.0,R,117.0,R,79.0,R,0.0,R,0.0,R,0.0,R,0.0,A,,R,0.0,R,0.0,R,0.0,R,0.0,A,,R,27
372718,2009,A,,A,,A,,R,112.0,R,7.0,R,105.0,R,57.0,R,54.0,R,1.0,R,0.0,R,1.0,R,1.0,R,100.0,R,12
372772,2009,A,,A,,A,,R,126.0,R,0.0,R,126.0,R,104.0,R,83.0,Z,0.0,Z,0.0,Z,0.0,Z,0.0,A,,R,43
372921,2009,A,,A,,A,,R,370.0,R,0.0,R,370.0,R,279.0,R,75.0,R,0.0,R,0.0,R,0.0,R,0.0,A,,R,8
372958,2009,A,,A,,A,,R,92.0,R,0.0,R,92.0,R,55.0,R,60.0,R,0.0,R,0.0,R,0.0,R,0.0,A,,R,28
373058,2009,A,,A,,A,,R,211.0,Z,0.0,R,211.0,R,194.0,R,92.0,R,0.0,R,0.0,R,0.0,R,0.0,A,,R,16
373085,2009,R,43.0,R,43.0,R,100.0,R,68.0,Z,0.0,R,68.0,R,33.0,R,49.0,Z,0.0,Z,0.0,Z,0.0,Z,0.0,A,,R,13
373119,2009,A,,A,,A,,R,107.0,R,0.0,R,107.0,R,35.0,R,33.0,R,111.0,R,0.0,R,111.0,R,29.0,R,26.0,R,30
373216,2009,A,,A,,A,,R,167.0,R,0.0,R,167.0,R,132.0,R,79.0,Z,0.0,Z,0.0,Z,0.0,Z,0.0,A,,R,21
373340,2009,A,,A,,A,,R,48.0,Z,0.0,R,48.0,R,45.0,R,94.0,R,22.0,Z,0.0,R,22.0,R,20.0,R,91.0,R,7
373447,2009,R,5.0,R,15.0,R,33.0,R,7.0,R,0.0,R,7.0,R,5.0,R,71.0,R,0.0,R,0.0,R,0.0,R,0.0,A,,R,30
373526,2009,A,,A,,A,,A,,A,,A,,A,,A,,A,,A,,A,,A,,A,,R,13
373605,2009,A,,A,,A,,R,19.0,R,0.0,R,19.0,R,12.0,R,63.0,R,0.0,R,0.0,R,0.0,R,0.0,A,,R,20
373678,2009,A,,A,,A,,R,71.0,R,0.0,R,71.0,R,64.0,R,90.0,R,31.0,R,0.0,R,31.0,R,28.0,R,90.0,R,17
373696,2009,A,,A,,A,,R,85.0,R,2.0,R,83.0,R,52.0,R,63.0,R,0.0,R,0.0,R,0.0,R,0.0,A,,R,23
373711,2009,A,,A,,A,,R,67.0,R,0.0,R,67.0,R,65.0,R,97.0,R,0.0,R,0.0,R,0.0,R,0.0,A,,R,10
373784,2009,A,,A,,A,,R,376.0,R,0.0,R,376.0,R,258.0,R,69.0,R,0.0,R,0.0,R,0.0,R,0.0,A,,R,32
373827,2009,R,139.0,R,173.0,R,80.0,R,149.0,Z,0.0,R,149.0,R,82.0,R,55.0,R,1.0,Z,0.0,R,1.0,R,0.0,R,0.0,R,13
373890,2009,A,,A,,A,,A,,A,,A,,A,,A,,A,,A,,A,,A,,A,,R,14
374112,2009,A,,A,,A,,R,13.0,R,0.0,R,13.0,R,10.0,R,77.0,R,6.0,R,0.0,R,6.0,R,3.0,R,50.0,R,2
374291,2009,A,,A,,A,,R,20.0,Z,0.0,R,20.0,R,18.0,R,90.0,Z,0.0,Z,0.0,Z,0.0,R,0.0,A,,R,14
374316,2009,A,,A,,A,,R,12.0,R,0.0,R,12.0,R,11.0,R,92.0,R,7.0,R,0.0,R,7.0,R,4.0,R,57.0,R,15
374440,2009,A,,A,,A,,R,2.0,R,0.0,R,2.0,R,2.0,R,100.0,Z,0.0,Z,0.0,Z,0.0,Z,0.0,A,,R,20
374574,2009,A,,A,,A,,R,265.0,Z,0.0,R,265.0,R,184.0,R,69.0,R,0.0,R,0.0,R,0.0,R,0.0,A,,R,28
374592,2009,A,,A,,A,,R,121.0,R,0.0,R,121.0,R,104.0,R,86.0,R,0.0,R,0.0,R,0.0,R,0.0,A,,R,18
374875,2009,A,,A,,A,,R,156.0,R,0.0,R,156.0,R,87.0,R,56.0,R,0.0,R,0.0,R,0.0,R,0.0,A,,R,4
374927,2009,A,,A,,A,,R,17.0,R,0.0,R,17.0,R,15.0,R,88.0,R,12.0,R,0.0,R,12.0,R,10.0,R,83.0,R,8
374972,2009,R,295.0,R,581.0,R,51.0,R,0.0,R,0.0,R,0.0,R,0.0,A,,R,0.0,Z,0.0,R,0.0,R,0.0,A,,R,16
374990,2009,A,,A,,A,,R,26.0,R,0.0,R,26.0,R,22.0,R,85.0,R,32.0,R,0.0,R,32.0,R,22.0,R,69.0,R,20
375106,2009,A,,A,,A,,A,,A,,A,,A,,A,,A,,A,,A,,A,,A,,R,7
375230,2009,R,15.0,R,48.0,R,31.0,R,11.0,R,0.0,R,11.0,R,8.0,R,73.0,R,0.0,R,0.0,R,0.0,R,0.0,A,,R,23
375300,2009,A,,A,,A,,R,72.0,R,0.0,R,72.0,R,57.0,R,79.0,R,0.0,R,0.0,R,0.0,R,0.0,A,,R,16
375319,2009,A,,A,,A,,R,45.0,R,0.0,R,45.0,R,35.0,R,78.0,R,0.0,R,0.0,R,0.0,R,0.0,A,,R,12
375373,2009,A,,A,,A,,R,137.0,R,0.0,R,137.0,R,108.0,R,79.0,R,0.0,R,0.0,R,0.0,R,0.0,A,,R,18
375407,2009,A,,A,,A,,R,37.0,R,0.0,R,37.0,R,31.0,R,84.0,R,24.0,R,1.0,R,23.0,R,20.0,R,87.0,R,15
375416,2009,A,,A,,A,,R,175.0,R,0.0,R,175.0,R,105.0,R,60.0,R,0.0,R,0.0,R,0.0,R,0.0,A,,R,20
375489,2009,R,339.0,R,339.0,R,100.0,R,286.0,R,0.0,R,286.0,R,119.0,R,42.0,Z,0.0,Z,0.0,Z,0.0,Z,0.0,A,,R,11
375540,2009,A,,A,,A,,R,13.0,R,0.0,R,13.0,R,12.0,R,92.0,R,9.0,R,0.0,R,9.0,R,7.0,R,78.0,R,25
375559,2009,A,,A,,A,,R,23.0,R,0.0,R,23.0,R,15.0,R,65.0,R,14.0,R,0.0,R,14.0,R,9.0,R,64.0,R,25
375568,2009,A,,A,,A,,R,13.0,Z,0.0,R,13.0,R,13.0,R,100.0,R,0.0,Z,0.0,R,0.0,R,0.0,A,,R,20
375647,2009,A,,A,,A,,R,185.0,Z,0.0,R,185.0,R,172.0,R,93.0,R,22.0,Z,0.0,R,22.0,R,13.0,R,59.0,R,10
375656,2009,A,,A,,A,,R,26.0,R,0.0,R,26.0,R,13.0,R,50.0,R,2.0,R,0.0,R,2.0,R,1.0,R,50.0,R,16
375683,2009,A,,A,,A,,R,64.0,Z,0.0,R,64.0,R,55.0,R,86.0,R,18.0,R,1.0,R,17.0,R,15.0,R,88.0,R,21
375692,2009,A,,A,,A,,R,8.0,Z,0.0,R,8.0,R,7.0,R,88.0,R,7.0,Z,0.0,R,7.0,R,6.0,R,86.0,R,5
375708,2009,A,,A,,A,,R,57.0,R,0.0,R,57.0,R,42.0,R,74.0,R,7.0,R,1.0,R,6.0,R,3.0,R,50.0,R,20
375717,2009,A,,A,,A,,R,49.0,R,1.0,R,48.0,R,46.0,R,96.0,R,23.0,R,0.0,R,23.0,R,20.0,R,87.0,R,10
375726,2009,A,,A,,A,,R,50.0,Z,0.0,R,50.0,R,22.0,R,44.0,R,20.0,Z,0.0,R,20.0,R,8.0,R,40.0,R,4
375735,2009,A,,A,,A,,R,63.0,R,0.0,R,63.0,R,23.0,R,37.0,R,24.0,R,0.0,R,24.0,R,11.0,R,46.0,R,8
375744,2009,A,,A,,A,,R,64.0,R,0.0,R,64.0,R,59.0,R,92.0,R,44.0,R,0.0,R,44.0,R,33.0,R,75.0,R,16
375753,2009,A,,A,,A,,R,3.0,Z,0.0,R,3.0,R,2.0,R,67.0,R,0.0,Z,0.0,R,0.0,R,0.0,A,,R,20
375762,2009,A,,A,,A,,R,20.0,Z,0.0,R,20.0,R,14.0,R,70.0,R,5.0,Z,0.0,R,5.0,R,2.0,R,40.0,R,8
375799,2009,A,,A,,A,,R,7.0,Z,0.0,R,7.0,R,3.0,R,43.0,Z,0.0,Z,0.0,Z,0.0,Z,0.0,A,,R,14
375841,2009,A,,A,,A,,R,118.0,R,0.0,R,118.0,R,96.0,R,81.0,Z,0.0,Z,0.0,Z,0.0,Z,0.0,A,,R,26
375939,2009,A,,A,,A,,R,47.0,R,0.0,R,47.0,R,47.0,R,100.0,Z,0.0,Z,0.0,Z,0.0,Z,0.0,A,,R,15
375948,2009,A,,A,,A,,A,,A,,A,,A,,A,,A,,A,,A,,A,,A,,R,27
375966,2009,A,,A,,A,,R,22.0,R,0.0,R,22.0,R,18.0,R,82.0,R,0.0,R,0.0,R,0.0,R,0.0,A,,R,50
375984,2009,A,,A,,A,,R,179.0,Z,0.0,R,179.0,R,104.0,R,58.0,R,40.0,Z,0.0,R,40.0,R,22.0,R,55.0,R,19
376039,2009,R,23.0,R,27.0,R,85.0,R,23.0,R,0.0,R,23.0,R,18.0,R,78.0,R,0.0,R,0.0,R,0.0,R,0.0,A,,R,14
376136,2009,A,,A,,A,,R,69.0,Z,0.0,R,69.0,R,53.0,R,77.0,Z,0.0,Z,0.0,Z,0.0,Z,0.0,A,,R,41
376224,2009,R,151.0,R,170.0,R,89.0,R,208.0,R,0.0,R,208.0,R,117.0,R,56.0,R,0.0,R,0.0,R,0.0,R,0.0,A,,R,29
376242,2009,A,,A,,A,,R,246.0,Z,0.0,R,246.0,R,169.0,R,69.0,Z,0.0,Z,0.0,Z,0.0,Z,0.0,A,,R,15
376288,2009,A,,A,,A,,R,56.0,R,0.0,R,56.0,R,40.0,R,71.0,R,0.0,R,0.0,R,0.0,R,0.0,A,,R,15
376321,2009,R,384.0,R,414.0,R,93.0,R,278.0,R,0.0,R,278.0,R,236.0,R,85.0,R,15.0,R,0.0,R,15.0,R,11.0,R,73.0,R,20
376330,2009,A,,A,,A,,R,68.0,R,0.0,R,68.0,R,49.0,R,72.0,R,0.0,Z,0.0,R,0.0,Z,0.0,A,,R,22
376385,2009,A,,A,,A,,R,545.0,R,0.0,R,545.0,R,394.0,R,72.0,R,35.0,R,0.0,R,35.0,R,30.0,R,86.0,R,19
376446,2009,A,,A,,A,,R,103.0,Z,0.0,R,103.0,R,63.0,R,61.0,R,34.0,Z,0.0,R,34.0,R,23.0,R,68.0,R,19
376631,2009,A,,A,,A,,R,9.0,R,0.0,R,9.0,R,8.0,R,89.0,R,4.0,R,0.0,R,4.0,R,3.0,R,75.0,R,17
376668,2009,A,,A,,A,,R,29.0,R,0.0,R,29.0,R,26.0,R,90.0,Z,0.0,Z,0.0,Z,0.0,Z,0.0,A,,R,4
376677,2009,A,,A,,A,,R,69.0,R,3.0,R,66.0,R,42.0,R,64.0,R,0.0,Z,0.0,R,0.0,R,0.0,A,,R,27
376695,2009,R,132.0,R,257.0,R,51.0,R,48.0,R,0.0,R,48.0,R,32.0,R,67.0,R,163.0,R,0.0,R,163.0,R,1.0,R,1.0,R,23
376950,2009,A,,A,,A,,R,5.0,R,0.0,R,5.0,R,5.0,R,100.0,Z,0.0,Z,0.0,Z,0.0,Z,0.0,A,,R,18
376987,2009,A,,A,,A,,R,31.0,R,0.0,R,31.0,R,27.0,R,87.0,R,0.0,R,0.0,R,0.0,R,0.0,A,,R,10
377069,2009,R,130.0,R,167.0,R,78.0,R,138.0,R,3.0,R,135.0,R,52.0,R,39.0,R,5.0,R,0.0,R,5.0,R,0.0,R,0.0,R,31
377111,2009,A,,A,,A,,R,176.0,R,0.0,R,176.0,R,108.0,R,61.0,R,0.0,R,0.0,R,0.0,R,0.0,A,,R,22
377193,2009,A,,A,,A,,R,15.0,R,0.0,R,15.0,R,14.0,R,93.0,R,22.0,R,0.0,R,22.0,R,13.0,R,59.0,R,8
377218,2009,A,,A,,A,,R,23.0,R,0.0,R,23.0,R,23.0,R,100.0,R,0.0,R,0.0,R,0.0,R,0.0,A,,R,15
377272,2009,A,,A,,A,,R,29.0,R,0.0,R,29.0,R,21.0,R,72.0,R,0.0,R,0.0,R,0.0,Z,0.0,A,,R,14
377281,2009,A,,A,,A,,R,48.0,R,0.0,R,48.0,R,39.0,R,81.0,R,0.0,R,0.0,R,0.0,R,0.0,A,,R,10
377315,2009,A,,A,,A,,R,30.0,R,0.0,R,30.0,R,21.0,R,70.0,R,0.0,R,0.0,R,0.0,R,0.0,A,,R,10
377342,2009,A,,A,,A,,R,47.0,R,0.0,R,47.0,R,39.0,R,83.0,R,0.0,R,0.0,R,0.0,R,0.0,A,,R,8
377421,2009,A,,A,,A,,R,96.0,Z,0.0,R,96.0,R,89.0,R,93.0,Z,0.0,Z,0.0,Z,0.0,Z,0.0,A,,R,30
377449,2009,A,,A,,A,,R,38.0,R,0.0,R,38.0,R,19.0,R,50.0,Z,0.0,Z,0.0,Z,0.0,Z,0.0,A,,R,8
377458,2009,A,,A,,A,,R,35.0,R,0.0,R,35.0,R,28.0,R,80.0,R,0.0,R,0.0,R,0.0,R,0.0,A,,R,17
377485,2009,A,,A,,A,,R,0.0,R,0.0,R,0.0,R,0.0,A,,R,2.0,R,0.0,R,2.0,R,2.0,R,100.0,R,7
377546,2009,R,32.0,R,40.0,R,80.0,R,31.0,R,0.0,R,31.0,R,26.0,R,84.0,R,0.0,R,0.0,R,0.0,R,0.0,A,,R,21
377555,2009,R,297.0,R,750.0,R,40.0,R,229.0,Z,0.0,R,229.0,R,181.0,R,79.0,R,29.0,Z,0.0,R,29.0,R,19.0,R,66.0,R,24
377564,2009,R,200.0,R,792.0,R,25.0,R,178.0,Z,0.0,R,178.0,R,131.0,R,74.0,R,63.0,Z,0.0,R,63.0,R,46.0,R,73.0,R,21
377634,2009,A,,A,,A,,A,,A,,A,,A,,A,,A,,A,,A,,A,,A,,R,3
377643,2009,A,,A,,A,,R,33.0,R,0.0,R,33.0,R,23.0,R,70.0,R,0.0,R,0.0,R,0.0,R,0.0,A,,R,23
377652,2009,A,,A,,A,,R,19.0,R,0.0,R,19.0,R,14.0,R,74.0,R,0.0,R,0.0,R,0.0,R,0.0,A,,R,23
377661,2009,A,,A,,A,,R,18.0,R,0.0,R,18.0,R,11.0,R,61.0,R,0.0,R,0.0,R,0.0,R,0.0,A,,R,23
377670,2009,A,,A,,A,,R,17.0,R,0.0,R,17.0,R,10.0,R,59.0,R,0.0,R,0.0,R,0.0,R,0.0,A,,R,15
377722,2009,A,,A,,A,,R,205.0,R,0.0,R,205.0,R,177.0,R,86.0,R,0.0,R,0.0,R,0.0,R,0.0,A,,R,22
377759,2009,A,,A,,A,,R,112.0,R,4.0,R,108.0,R,32.0,R,30.0,R,0.0,R,0.0,R,0.0,R,0.0,A,,R,15
378105,2009,A,,A,,A,,R,101.0,R,0.0,R,101.0,R,83.0,R,82.0,R,23.0,R,0.0,R,23.0,R,17.0,R,74.0,R,46
378406,2009,R,163.0,R,215.0,R,76.0,R,0.0,R,0.0,R,0.0,R,0.0,A,,R,0.0,R,0.0,R,0.0,R,0.0,A,,R,22
378576,2009,R,10.0,R,24.0,R,42.0,R,3.0,Z,0.0,R,3.0,R,3.0,R,100.0,R,3.0,Z,0.0,R,3.0,R,1.0,R,33.0,R,10
378886,2009,A,,A,,A,,R,46.0,R,0.0,R,46.0,R,43.0,R,93.0,R,38.0,R,0.0,R,38.0,R,35.0,R,92.0,R,29
378956,2009,A,,A,,A,,R,83.0,R,0.0,R,83.0,R,70.0,R,84.0,R,0.0,R,0.0,R,0.0,R,0.0,A,,R,20
379029,2009,A,,A,,A,,R,134.0,R,0.0,R,134.0,R,94.0,R,70.0,R,0.0,R,0.0,R,0.0,R,0.0,A,,R,19
379135,2009,A,,A,,A,,R,28.0,R,0.0,R,28.0,R,6.0,R,21.0,R,5.0,R,0.0,R,5.0,R,2.0,R,40.0,R,42
379463,2009,A,,A,,A,,A,,A,,A,,A,,A,,A,,A,,A,,A,,A,,R,18
379621,2009,A,,A,,A,,R,96.0,R,0.0,R,96.0,R,52.0,R,54.0,R,0.0,R,0.0,R,0.0,R,0.0,A,,R,12
379782,2009,A,,A,,A,,R,8.0,R,0.0,R,8.0,R,5.0,R,63.0,R,0.0,R,0.0,R,0.0,R,0.0,A,,R,18
380067,2009,A,,A,,A,,R,16.0,Z,0.0,R,16.0,R,14.0,R,88.0,Z,0.0,Z,0.0,Z,0.0,Z,0.0,A,,R,16
380094,2009,A,,A,,A,,R,137.0,R,0.0,R,137.0,R,89.0,R,65.0,R,0.0,R,0.0,R,0.0,R,0.0,A,,R,33
380359,2009,R,105.0,R,218.0,R,48.0,R,90.0,R,0.0,R,90.0,R,52.0,R,58.0,R,90.0,R,0.0,R,90.0,R,28.0,R,31.0,R,12
380368,2009,R,253.0,R,1166.0,R,22.0,R,177.0,R,0.0,R,177.0,R,91.0,R,51.0,R,26.0,R,0.0,R,26.0,R,13.0,R,50.0,R,29
380377,2009,R,79.0,R,131.0,R,60.0,R,9.0,Z,0.0,R,9.0,R,7.0,R,78.0,R,8.0,Z,0.0,R,8.0,R,3.0,R,38.0,R,13
380401,2009,A,,A,,A,,R,85.0,R,0.0,R,85.0,R,80.0,R,94.0,R,12.0,R,0.0,R,12.0,R,10.0,R,83.0,R,20
380410,2009,A,,A,,A,,R,30.0,R,0.0,R,30.0,R,30.0,R,100.0,R,57.0,R,0.0,R,57.0,R,57.0,R,100.0,R,20
380438,2009,R,116.0,R,185.0,R,63.0,R,179.0,Z,0.0,R,179.0,R,89.0,R,50.0,R,16.0,R,0.0,R,16.0,R,11.0,R,69.0,R,14
380447,2009,A,,A,,A,,R,3.0,R,0.0,R,3.0,R,2.0,R,67.0,R,59.0,R,0.0,R,59.0,R,50.0,R,85.0,R,20
380456,2009,A,,A,,A,,R,105.0,R,0.0,R,105.0,R,95.0,R,90.0,R,17.0,R,0.0,R,17.0,R,16.0,R,94.0,R,15
380465,2009,A,,A,,A,,R,42.0,R,0.0,R,42.0,R,19.0,R,45.0,R,0.0,R,0.0,R,0.0,R,0.0,A,,R,15
380474,2009,A,,A,,A,,R,58.0,R,0.0,R,58.0,R,12.0,R,21.0,R,52.0,R,0.0,R,52.0,R,18.0,R,35.0,R,25
381255,2009,A,,A,,A,,R,74.0,R,0.0,R,74.0,R,65.0,R,88.0,R,126.0,R,0.0,R,126.0,R,109.0,R,87.0,R,20
381282,2009,A,,A,,A,,R,179.0,R,0.0,R,179.0,R,153.0,R,85.0,R,45.0,R,0.0,R,45.0,R,39.0,R,87.0,R,20
381325,2009,A,,A,,A,,R,159.0,R,0.0,R,159.0,R,143.0,R,90.0,R,109.0,R,0.0,R,109.0,R,90.0,R,83.0,R,20
381334,2009,A,,A,,A,,R,36.0,R,0.0,R,36.0,R,35.0,R,97.0,R,90.0,R,0.0,R,90.0,R,65.0,R,72.0,R,20
381361,2009,A,,A,,A,,R,0.0,R,0.0,R,0.0,R,0.0,A,,R,2.0,R,0.0,R,2.0,R,2.0,R,100.0,R,4
381370,2009,A,,A,,A,,R,48.0,R,0.0,R,48.0,R,37.0,R,77.0,R,43.0,R,0.0,R,43.0,R,28.0,R,65.0,R,17
381404,2009,A,,A,,A,,R,101.0,Z,0.0,R,101.0,R,62.0,R,61.0,R,19.0,Z,0.0,R,19.0,R,8.0,R,42.0,R,19
381486,2009,A,,A,,A,,R,7.0,R,0.0,R,7.0,R,4.0,R,57.0,R,0.0,R,0.0,R,0.0,R,0.0,A,,R,6
381529,2009,A,,A,,A,,R,61.0,Z,0.0,R,61.0,R,37.0,R,61.0,R,1.0,Z,0.0,R,1.0,R,0.0,R,0.0,R,28
381617,2009,R,318.0,R,603.0,R,53.0,R,12.0,R,2.0,R,10.0,R,7.0,R,70.0,R,1.0,Z,0.0,R,1.0,R,1.0,R,100.0,R,28
381635,2009,A,,A,,A,,R,24.0,Z,0.0,R,24.0,R,18.0,R,75.0,R,14.0,Z,0.0,R,14.0,R,11.0,R,79.0,R,17
381644,2009,A,,A,,A,,R,14.0,R,1.0,R,13.0,R,10.0,R,77.0,Z,0.0,Z,0.0,Z,0.0,Z,0.0,A,,R,17
381699,2009,A,,A,,A,,R,15.0,R,0.0,R,15.0,R,3.0,R,20.0,R,2.0,R,0.0,R,2.0,R,1.0,R,50.0,R,10
381705,2009,A,,A,,A,,R,20.0,R,0.0,R,20.0,R,3.0,R,15.0,R,2.0,R,0.0,R,2.0,R,1.0,R,50.0,R,14
381732,2009,R,64.0,R,67.0,R,96.0,R,44.0,R,0.0,R,44.0,R,37.0,R,84.0,R,0.0,R,0.0,R,0.0,R,0.0,A,,R,16
381741,2009,A,,A,,A,,R,54.0,R,0.0,R,54.0,R,34.0,R,63.0,R,0.0,R,0.0,R,0.0,R,0.0,A,,R,21
381750,2009,A,,A,,A,,R,18.0,Z,0.0,R,18.0,R,14.0,R,78.0,R,16.0,Z,0.0,R,16.0,R,6.0,R,38.0,R,24
381787,2009,R,36.0,R,85.0,R,42.0,R,45.0,R,1.0,R,44.0,R,16.0,R,36.0,R,5.0,R,1.0,R,4.0,R,2.0,R,50.0,R,17
381796,2009,A,,A,,A,,R,113.0,R,0.0,R,113.0,R,63.0,R,56.0,R,0.0,R,0.0,R,0.0,R,0.0,A,,R,18
381909,2009,R,227.0,R,274.0,R,83.0,R,14.0,R,0.0,R,14.0,R,3.0,R,21.0,R,7.0,R,1.0,R,6.0,R,2.0,R,33.0,R,31
381945,2009,A,,A,,A,,R,17.0,Z,0.0,R,17.0,R,17.0,R,100.0,Z,0.0,Z,0.0,Z,0.0,Z,0.0,A,,R,46
382027,2009,A,,A,,A,,A,,A,,A,,A,,A,,A,,A,,A,,A,,A,,R,5
382054,2009,A,,A,,A,,A,,A,,A,,A,,A,,A,,A,,A,,A,,A,,R,24
382063,2009,A,,A,,A,,R,57.0,R,0.0,R,57.0,R,25.0,R,44.0,R,0.0,R,0.0,R,0.0,R,0.0,A,,R,25
382258,2009,A,,A,,A,,R,89.0,R,0.0,R,89.0,R,76.0,R,85.0,R,141.0,R,0.0,R,141.0,R,72.0,R,51.0,R,17
382267,2009,A,,A,,A,,R,80.0,R,0.0,R,80.0,R,59.0,R,74.0,R,14.0,R,0.0,R,14.0,R,14.0,R,100.0,R,25
382276,2009,A,,A,,A,,R,92.0,R,2.0,R,90.0,R,84.0,R,93.0,R,50.0,R,2.0,R,48.0,R,42.0,R,88.0,R,21
382382,2009,A,,A,,A,,A,,A,,A,,A,,A,,A,,A,,A,,A,,A,,R,15
382461,2009,A,,A,,A,,R,15.0,R,0.0,R,15.0,R,10.0,R,67.0,R,8.0,R,0.0,R,8.0,R,6.0,R,75.0,R,17
382504,2009,R,310.0,R,457.0,R,68.0,R,299.0,R,0.0,R,299.0,R,218.0,R,73.0,R,0.0,R,0.0,R,0.0,R,0.0,A,,R,38
382771,2009,R,84.0,R,117.0,R,72.0,R,62.0,R,0.0,R,62.0,R,35.0,R,56.0,R,24.0,R,0.0,R,24.0,R,15.0,R,63.0,R,26
382780,2009,A,,A,,A,,R,278.0,R,0.0,R,278.0,R,190.0,R,68.0,R,0.0,R,0.0,R,0.0,R,0.0,A,,R,19
382896,2009,A,,A,,A,,R,103.0,R,0.0,R,103.0,R,57.0,R,55.0,R,0.0,R,0.0,R,0.0,R,0.0,A,,R,24
382902,2009,A,,A,,A,,R,47.0,R,0.0,R,47.0,R,28.0,R,60.0,R,0.0,R,0.0,R,0.0,R,0.0,A,,R,18
382911,2009,R,27.0,R,34.0,R,79.0,R,29.0,Z,0.0,R,29.0,R,23.0,R,79.0,R,4.0,Z,0.0,R,4.0,R,3.0,R,75.0,R,6
382957,2009,A,,A,,A,,R,66.0,R,0.0,R,66.0,R,56.0,R,85.0,R,0.0,R,0.0,R,0.0,R,0.0,A,,R,21
383084,2009,A,,A,,A,,P,423.0,P,12.0,P,411.0,P,206.0,P,50.0,P,484.0,P,0.0,P,484.0,P,358.0,P,74.0,R,49
383163,2009,A,,A,,A,,R,10.0,R,0.0,R,10.0,R,2.0,R,20.0,R,41.0,R,0.0,R,41.0,R,6.0,R,15.0,R,46
383172,2009,A,,A,,A,,A,,A,,A,,A,,A,,A,,A,,A,,A,,A,,R,34
383190,2009,R,513.0,R,1303.0,R,39.0,R,444.0,R,0.0,R,444.0,R,271.0,R,61.0,R,228.0,R,0.0,R,228.0,R,85.0,R,37.0,R,18
383251,2009,A,,A,,A,,R,29.0,R,0.0,R,29.0,R,11.0,R,38.0,R,0.0,R,0.0,R,0.0,R,0.0,A,,R,9
383279,2009,A,,A,,A,,R,34.0,R,0.0,R,34.0,R,26.0,R,76.0,R,37.0,R,0.0,R,37.0,R,26.0,R,70.0,R,13
383297,2009,A,,A,,A,,R,40.0,R,1.0,R,39.0,R,31.0,R,79.0,R,123.0,R,0.0,R,123.0,R,111.0,R,90.0,R,19
383312,2009,A,,A,,A,,R,66.0,Z,0.0,R,66.0,R,54.0,R,82.0,Z,0.0,Z,0.0,Z,0.0,Z,0.0,A,,R,16
383330,2009,A,,A,,A,,R,65.0,R,1.0,R,64.0,R,52.0,R,81.0,R,35.0,R,0.0,R,35.0,R,29.0,R,83.0,R,10
383367,2009,A,,A,,A,,R,77.0,Z,0.0,R,77.0,R,69.0,R,90.0,R,68.0,R,0.0,R,68.0,R,59.0,R,87.0,R,3
383400,2009,A,,A,,A,,A,,A,,A,,A,,A,,A,,A,,A,,A,,A,,R,10
383464,2009,A,,A,,A,,R,66.0,R,3.0,R,63.0,R,10.0,R,16.0,R,0.0,R,0.0,R,0.0,R,0.0,A,,R,31
383507,2009,A,,A,,A,,R,4.0,R,1.0,R,3.0,R,3.0,R,100.0,Z,0.0,Z,0.0,Z,0.0,Z,0.0,A,,R,4
383525,2009,A,,A,,A,,R,139.0,R,0.0,R,139.0,R,123.0,R,88.0,R,0.0,R,0.0,R,0.0,R,0.0,A,,R,10
383765,2009,A,,A,,A,,R,66.0,Z,0.0,R,66.0,R,48.0,R,73.0,R,24.0,Z,0.0,R,24.0,R,13.0,R,54.0,R,13
383792,2009,A,,A,,A,,R,118.0,Z,0.0,R,118.0,R,106.0,R,90.0,Z,0.0,Z,0.0,Z,0.0,Z,0.0,A,,R,25
383899,2009,A,,A,,A,,R,37.0,Z,0.0,R,37.0,R,28.0,R,76.0,R,16.0,Z,0.0,R,16.0,R,12.0,R,75.0,R,20
383950,2009,R,154.0,R,381.0,R,40.0,R,124.0,R,0.0,R,124.0,R,53.0,R,43.0,R,9.0,R,0.0,R,9.0,R,2.0,R,22.0,R,16
383996,2009,R,75.0,R,197.0,R,38.0,R,52.0,R,0.0,R,52.0,R,22.0,R,42.0,R,36.0,R,0.0,R,36.0,R,12.0,R,33.0,R,15
384184,2009,A,,A,,A,,R,105.0,R,0.0,R,105.0,R,97.0,R,92.0,R,0.0,R,0.0,R,0.0,R,0.0,A,,R,36
384193,2009,A,,A,,A,,R,181.0,R,1.0,R,180.0,R,127.0,R,71.0,R,0.0,R,0.0,R,0.0,R,0.0,A,,R,17
384209,2009,A,,A,,A,,R,175.0,R,1.0,R,174.0,R,117.0,R,67.0,R,0.0,R,0.0,R,0.0,R,0.0,A,,R,30
384254,2009,R,28.0,R,44.0,R,64.0,R,30.0,R,0.0,R,30.0,R,22.0,R,73.0,R,0.0,R,0.0,R,0.0,R,0.0,A,,R,9
384333,2009,R,769.0,R,2613.0,R,29.0,R,457.0,R,0.0,R,457.0,R,276.0,R,60.0,R,463.0,R,0.0,R,463.0,R,166.0,R,36.0,R,25
384342,2009,R,691.0,R,1287.0,R,54.0,R,641.0,R,6.0,R,635.0,R,393.0,R,62.0,R,476.0,R,11.0,R,465.0,R,148.0,R,32.0,R,20
384360,2009,R,226.0,R,807.0,R,28.0,R,426.0,Z,0.0,R,426.0,R,199.0,R,47.0,R,136.0,Z,0.0,R,136.0,R,35.0,R,26.0,R,18
384379,2009,R,201.0,R,628.0,R,32.0,R,263.0,Z,0.0,R,263.0,R,157.0,R,60.0,R,22.0,Z,0.0,R,22.0,R,5.0,R,23.0,R,16
384388,2009,R,133.0,R,494.0,R,27.0,R,194.0,Z,0.0,R,194.0,R,82.0,R,42.0,R,60.0,Z,0.0,R,60.0,R,13.0,R,22.0,R,16
384397,2009,R,224.0,R,610.0,R,37.0,R,186.0,Z,0.0,R,186.0,R,119.0,R,64.0,R,43.0,Z,0.0,R,43.0,R,12.0,R,28.0,R,16
384412,2009,R,24.0,R,33.0,R,73.0,R,251.0,R,0.0,R,251.0,R,251.0,R,100.0,R,301.0,R,0.0,R,301.0,R,301.0,R,100.0,R,9
384421,2009,R,22.0,R,24.0,R,92.0,R,19.0,R,0.0,R,19.0,R,17.0,R,89.0,R,0.0,R,0.0,R,0.0,R,0.0,A,,R,15
385008,2009,A,,A,,A,,R,97.0,Z,0.0,R,97.0,R,68.0,R,70.0,R,0.0,Z,0.0,R,0.0,R,0.0,A,,R,19
385132,2009,A,,A,,A,,R,5.0,R,0.0,R,5.0,R,5.0,R,100.0,R,4.0,R,0.0,R,4.0,R,4.0,R,100.0,R,10
385503,2009,A,,A,,A,,R,135.0,R,0.0,R,135.0,R,93.0,R,69.0,R,0.0,Z,0.0,R,0.0,R,0.0,A,,R,16
385549,2009,A,,A,,A,,R,64.0,Z,0.0,R,64.0,R,31.0,R,48.0,Z,0.0,Z,0.0,Z,0.0,Z,0.0,A,,R,22
385619,2009,R,125.0,R,138.0,R,91.0,R,126.0,R,0.0,R,126.0,R,112.0,R,89.0,R,125.0,R,0.0,R,125.0,R,99.0,R,79.0,R,10
386153,2009,A,,A,,A,,R,236.0,R,0.0,R,236.0,R,184.0,R,78.0,R,218.0,R,0.0,R,218.0,R,199.0,R,91.0,R,21
386472,2009,R,43.0,R,97.0,R,44.0,R,9.0,R,0.0,R,9.0,R,6.0,R,67.0,R,6.0,R,0.0,R,6.0,R,4.0,R,67.0,R,11
387235,2009,A,,A,,A,,R,25.0,R,0.0,R,25.0,R,25.0,R,100.0,R,0.0,R,0.0,R,0.0,R,0.0,A,,R,30
387660,2009,A,,A,,A,,A,,A,,A,,A,,A,,A,,A,,A,,A,,A,,R,4
387819,2009,A,,A,,A,,R,24.0,Z,0.0,R,24.0,R,21.0,R,88.0,R,26.0,Z,0.0,R,26.0,R,21.0,R,81.0,R,6
387925,2009,A,,A,,A,,R,106.0,R,0.0,R,106.0,R,32.0,R,30.0,R,0.0,R,0.0,R,0.0,R,0.0,A,,R,25
388043,2009,R,330.0,R,381.0,R,87.0,R,65.0,R,0.0,R,65.0,R,48.0,R,74.0,R,96.0,R,0.0,R,96.0,R,25.0,R,26.0,R,17
388520,2009,R,2.0,R,98.0,R,2.0,R,1.0,Z,0.0,R,1.0,R,1.0,R,100.0,R,1.0,Z,0.0,R,1.0,R,1.0,R,100.0,R,21
388663,2009,A,,A,,A,,R,28.0,R,0.0,R,28.0,R,22.0,R,79.0,Z,0.0,Z,0.0,Z,0.0,Z,0.0,A,,R,16
389727,2009,R,296.0,R,349.0,R,85.0,R,76.0,R,0.0,R,76.0,R,21.0,R,28.0,R,39.0,R,0.0,R,39.0,R,2.0,R,5.0,R,28
389860,2009,A,,A,,A,,R,93.0,Z,0.0,R,93.0,R,76.0,R,82.0,R,84.0,Z,0.0,R,84.0,R,83.0,R,99.0,R,14
390701,2009,R,1102.0,R,3096.0,R,36.0,R,284.0,R,0.0,R,284.0,R,142.0,R,50.0,R,341.0,R,0.0,R,341.0,R,144.0,R,42.0,R,20
390905,2009,A,,A,,A,,R,119.0,R,0.0,R,119.0,R,20.0,R,17.0,Z,0.0,Z,0.0,Z,0.0,Z,0.0,A,,R,43
391005,2009,A,,A,,A,,R,24.0,Z,0.0,R,24.0,R,22.0,R,92.0,R,12.0,Z,0.0,R,12.0,R,11.0,R,92.0,R,20
391333,2009,A,,A,,A,,R,25.0,R,0.0,R,25.0,R,20.0,R,80.0,Z,0.0,Z,0.0,Z,0.0,Z,0.0,A,,R,13
391546,2009,A,,A,,A,,R,5.0,R,0.0,R,5.0,R,1.0,R,20.0,R,49.0,R,0.0,R,49.0,R,1.0,R,2.0,R,5
391564,2009,A,,A,,A,,R,73.0,R,0.0,R,73.0,R,49.0,R,67.0,R,24.0,R,0.0,R,24.0,R,18.0,R,75.0,R,27
391582,2009,R,53.0,R,164.0,R,32.0,R,42.0,R,0.0,R,42.0,R,17.0,R,40.0,R,30.0,R,0.0,R,30.0,R,15.0,R,50.0,R,18
391759,2009,A,,A,,A,,R,2.0,R,0.0,R,2.0,R,2.0,R,100.0,R,12.0,R,0.0,R,12.0,R,8.0,R,67.0,R,15
391810,2009,A,,A,,A,,R,11.0,Z,0.0,R,11.0,R,8.0,R,73.0,Z,0.0,Z,0.0,Z,0.0,Z,0.0,A,,R,31
392257,2009,A,,A,,A,,R,129.0,R,0.0,R,129.0,R,108.0,R,84.0,R,0.0,R,0.0,R,0.0,R,0.0,A,,R,49
392354,2009,A,,A,,A,,A,,A,,A,,A,,A,,A,,A,,A,,A,,A,,R,1
392415,2009,A,,A,,A,,R,153.0,R,0.0,R,153.0,R,100.0,R,65.0,R,0.0,R,0.0,R,0.0,R,0.0,A,,R,22
392798,2009,A,,A,,A,,R,33.0,R,0.0,R,33.0,R,26.0,R,79.0,R,10.0,R,0.0,R,10.0,R,5.0,R,50.0,R,17
392840,2009,R,56.0,R,117.0,R,48.0,R,37.0,R,1.0,R,36.0,R,17.0,R,47.0,R,2.0,R,0.0,R,2.0,R,1.0,R,50.0,R,11
393180,2009,A,,A,,A,,R,95.0,R,21.0,R,74.0,R,66.0,R,89.0,Z,0.0,Z,0.0,Z,0.0,Z,0.0,A,,R,25
393524,2009,A,,A,,A,,R,63.0,R,0.0,R,63.0,R,46.0,R,73.0,R,0.0,R,0.0,R,0.0,R,0.0,A,,R,15
393649,2009,A,,A,,A,,A,,A,,A,,A,,A,,A,,A,,A,,A,,A,,R,46
393861,2009,A,,A,,A,,R,319.0,R,0.0,R,319.0,R,292.0,R,92.0,R,131.0,R,0.0,R,131.0,R,105.0,R,80.0,R,12
393977,2009,A,,A,,A,,R,15.0,R,1.0,R,14.0,R,14.0,R,100.0,Z,0.0,Z,0.0,Z,0.0,Z,0.0,A,,R,16
395362,2009,R,211.0,R,729.0,R,29.0,R,137.0,Z,0.0,R,137.0,R,50.0,R,36.0,R,222.0,Z,0.0,R,222.0,R,30.0,R,14.0,R,18
395690,2009,A,,A,,A,,R,298.0,R,0.0,R,298.0,R,244.0,R,82.0,R,160.0,R,0.0,R,160.0,R,137.0,R,86.0,R,15
397270,2009,A,,A,,A,,A,,A,,A,,A,,A,,A,,A,,A,,A,,A,,R,18
397641,2009,A,,A,,A,,R,131.0,R,0.0,R,131.0,R,111.0,R,85.0,R,59.0,R,0.0,R,59.0,R,48.0,R,81.0,R,10
397942,2009,A,,A,,A,,R,530.0,R,2.0,R,528.0,R,362.0,R,69.0,R,0.0,R,0.0,R,0.0,R,0.0,A,,R,25
398130,2009,R,24.0,R,112.0,R,21.0,R,22.0,Z,0.0,R,22.0,R,11.0,R,50.0,R,9.0,R,1.0,R,8.0,R,6.0,R,75.0,R,12
398574,2009,A,,A,,A,,R,581.0,R,0.0,R,581.0,R,343.0,R,59.0,R,0.0,R,0.0,R,0.0,R,0.0,A,,R,30
399212,2009,R,1072.0,R,4187.0,R,26.0,R,781.0,Z,0.0,R,781.0,R,396.0,R,51.0,R,1800.0,Z,0.0,R,1800.0,R,322.0,R,18.0,R,42
399869,2009,A,,A,,A,,R,10.0,R,0.0,R,10.0,R,7.0,R,70.0,Z,0.0,Z,0.0,Z,0.0,Z,0.0,A,,R,30
399911,2009,R,132.0,R,132.0,R,100.0,R,125.0,R,0.0,R,125.0,R,113.0,R,90.0,R,0.0,R,0.0,R,0.0,R,0.0,A,,R,9
400080,2009,A,,A,,A,,R,1442.0,R,0.0,R,1442.0,R,1080.0,R,75.0,R,0.0,R,0.0,R,0.0,R,0.0,A,,R,24
400187,2009,A,,A,,A,,R,206.0,R,0.0,R,206.0,R,80.0,R,39.0,R,132.0,R,0.0,R,132.0,R,117.0,R,89.0,R,25
400637,2009,A,,A,,A,,R,204.0,R,0.0,R,204.0,R,74.0,R,36.0,R,0.0,R,0.0,R,0.0,R,0.0,A,,R,20
401223,2009,R,5.0,R,30.0,R,17.0,R,5.0,R,0.0,R,5.0,R,3.0,R,60.0,R,7.0,R,0.0,R,7.0,R,5.0,R,71.0,R,11
401339,2009,A,,A,,A,,A,,A,,A,,A,,A,,A,,A,,A,,A,,A,,R,41
401481,2009,A,,A,,A,,R,3.0,R,0.0,R,3.0,R,3.0,R,100.0,R,5.0,R,0.0,R,5.0,R,1.0,R,20.0,R,16
402563,2009,A,,A,,A,,R,77.0,R,0.0,R,77.0,R,40.0,R,52.0,R,0.0,R,0.0,R,0.0,R,0.0,A,,R,5
402615,2009,R,123.0,R,287.0,R,43.0,R,34.0,Z,0.0,R,34.0,R,13.0,R,38.0,R,7.0,Z,0.0,R,7.0,R,3.0,R,43.0,R,18
402633,2009,A,,A,,A,,A,,A,,A,,A,,A,,A,,A,,A,,A,,A,,R,3
402776,2009,R,8.0,R,50.0,R,16.0,R,33.0,R,15.0,R,18.0,R,13.0,R,72.0,R,47.0,R,18.0,R,29.0,R,19.0,R,66.0,R,7
402800,2009,A,,A,,A,,R,100.0,R,0.0,R,100.0,R,75.0,R,75.0,R,27.0,R,0.0,R,27.0,R,20.0,R,74.0,R,21
403414,2009,A,,A,,A,,R,8.0,R,0.0,R,8.0,R,6.0,R,75.0,Z,0.0,Z,0.0,Z,0.0,Z,0.0,A,,R,9
403469,2009,R,35.0,R,209.0,R,17.0,R,31.0,R,3.0,R,28.0,R,8.0,R,29.0,R,22.0,R,2.0,R,20.0,R,3.0,R,15.0,R,16
403478,2009,R,119.0,R,218.0,R,55.0,R,77.0,R,1.0,R,76.0,R,33.0,R,43.0,R,108.0,R,2.0,R,106.0,R,27.0,R,25.0,R,19
403487,2009,R,117.0,R,593.0,R,20.0,R,108.0,R,4.0,R,104.0,R,57.0,R,55.0,R,32.0,R,2.0,R,30.0,R,17.0,R,57.0,R,38
404055,2009,A,,A,,A,,R,75.0,R,0.0,R,75.0,R,53.0,R,71.0,R,0.0,R,0.0,R,0.0,R,0.0,A,,R,9
404073,2009,R,525.0,R,1399.0,R,38.0,R,17.0,Z,0.0,R,17.0,R,12.0,R,71.0,R,6.0,Z,0.0,R,6.0,R,1.0,R,17.0,R,27
404082,2009,R,1002.0,R,2148.0,R,47.0,R,16.0,R,1.0,R,15.0,R,7.0,R,47.0,R,6.0,R,1.0,R,5.0,R,1.0,R,20.0,R,31
404338,2009,R,3.0,R,11.0,R,27.0,R,15.0,R,0.0,R,15.0,R,7.0,R,47.0,R,0.0,R,0.0,R,0.0,R,0.0,A,,R,38
404365,2009,A,,A,,A,,R,221.0,R,0.0,R,221.0,R,212.0,R,96.0,R,0.0,R,0.0,R,0.0,R,0.0,A,,R,31
404374,2009,A,,A,,A,,R,217.0,R,0.0,R,217.0,R,161.0,R,74.0,R,0.0,R,0.0,R,0.0,R,0.0,A,,R,64
404383,2009,A,,A,,A,,R,335.0,R,0.0,R,335.0,R,232.0,R,69.0,R,0.0,R,0.0,R,0.0,R,0.0,A,,R,28
404426,2009,R,288.0,R,1677.0,R,17.0,R,194.0,R,0.0,R,194.0,R,88.0,R,45.0,R,709.0,R,0.0,R,709.0,R,164.0,R,23.0,R,18
404499,2009,A,,A,,A,,R,171.0,R,0.0,R,171.0,R,112.0,R,65.0,R,0.0,R,0.0,R,0.0,R,0.0,A,,R,28
404505,2009,A,,A,,A,,R,69.0,R,0.0,R,69.0,R,52.0,R,75.0,R,0.0,R,0.0,R,0.0,R,0.0,A,,R,42
404514,2009,A,,A,,A,,R,167.0,R,0.0,R,167.0,R,122.0,R,73.0,R,0.0,R,0.0,R,0.0,R,0.0,A,,R,88
404648,2009,R,299.0,R,766.0,R,39.0,R,1.0,R,0.0,R,1.0,R,1.0,R,100.0,R,3.0,R,0.0,R,3.0,R,0.0,R,0.0,R,19
404684,2009,A,,A,,A,,R,122.0,R,0.0,R,122.0,R,79.0,R,65.0,R,0.0,R,0.0,R,0.0,R,0.0,A,,R,18
404718,2009,A,,A,,A,,R,20.0,R,0.0,R,20.0,R,16.0,R,80.0,R,4.0,Z,0.0,R,4.0,R,4.0,R,100.0,R,14
404806,2009,R,87.0,R,104.0,R,84.0,R,118.0,R,0.0,R,118.0,R,55.0,R,47.0,R,15.0,R,0.0,R,15.0,R,6.0,R,40.0,R,14
404912,2009,A,,A,,A,,R,208.0,R,0.0,R,208.0,R,145.0,R,70.0,R,0.0,R,0.0,R,0.0,R,0.0,A,,R,25
404921,2009,R,255.0,R,264.0,R,97.0,R,149.0,R,0.0,R,149.0,R,122.0,R,82.0,R,0.0,R,0.0,R,0.0,R,0.0,A,,R,25
404994,2009,R,1710.0,R,2038.0,R,84.0,R,1278.0,R,2.0,R,1276.0,R,544.0,R,43.0,R,8.0,R,0.0,R,8.0,R,2.0,R,25.0,R,32
405003,2009,A,,A,,A,,R,23.0,R,0.0,R,23.0,R,19.0,R,83.0,R,0.0,R,0.0,R,0.0,R,0.0,A,,R,15
405012,2009,A,,A,,A,,R,52.0,R,0.0,R,52.0,R,43.0,R,83.0,R,0.0,R,0.0,R,0.0,R,0.0,A,,R,15
405021,2009,A,,A,,A,,R,44.0,R,0.0,R,44.0,R,38.0,R,86.0,R,0.0,R,0.0,R,0.0,R,0.0,A,,R,16
405058,2009,R,43.0,R,49.0,R,88.0,R,35.0,R,0.0,R,35.0,R,35.0,R,100.0,R,0.0,R,0.0,R,0.0,R,0.0,A,,R,26
405076,2009,A,,A,,A,,R,144.0,Z,0.0,R,144.0,R,92.0,R,64.0,Z,0.0,Z,0.0,Z,0.0,Z,0.0,A,,R,19
405748,2009,A,,A,,A,,R,13.0,R,0.0,R,13.0,R,12.0,R,92.0,R,63.0,R,0.0,R,63.0,R,25.0,R,40.0,R,12
405854,2009,R,27.0,R,27.0,R,100.0,R,30.0,Z,0.0,R,30.0,R,26.0,R,87.0,R,0.0,R,0.0,R,0.0,R,0.0,A,,R,12
405872,2009,R,744.0,R,1338.0,R,56.0,R,633.0,R,0.0,R,633.0,R,421.0,R,67.0,R,187.0,R,0.0,R,187.0,R,90.0,R,48.0,R,17
405979,2009,A,,A,,A,,R,69.0,R,0.0,R,69.0,R,34.0,R,49.0,R,0.0,R,0.0,R,0.0,R,0.0,A,,R,18
405988,2009,A,,A,,A,,R,61.0,R,0.0,R,61.0,R,30.0,R,49.0,R,0.0,R,0.0,R,0.0,R,0.0,A,,R,16
405997,2009,A,,A,,A,,R,306.0,R,0.0,R,306.0,R,164.0,R,54.0,R,0.0,R,0.0,R,0.0,R,0.0,A,,R,21
406006,2009,A,,A,,A,,R,87.0,R,0.0,R,87.0,R,41.0,R,47.0,R,0.0,R,0.0,R,0.0,R,0.0,A,,R,11
406015,2009,A,,A,,A,,R,444.0,R,0.0,R,444.0,R,167.0,R,38.0,R,0.0,R,0.0,R,0.0,R,0.0,A,,R,16
406024,2009,A,,A,,A,,R,33.0,R,0.0,R,33.0,R,22.0,R,67.0,R,27.0,R,0.0,R,27.0,R,17.0,R,63.0,R,12
406033,2009,A,,A,,A,,R,52.0,Z,0.0,R,52.0,R,42.0,R,81.0,R,25.0,Z,0.0,R,25.0,R,19.0,R,76.0,R,9
406051,2009,A,,A,,A,,R,51.0,Z,0.0,R,51.0,R,35.0,R,69.0,Z,0.0,Z,0.0,Z,0.0,Z,0.0,A,,R,17
406060,2009,A,,A,,A,,R,37.0,R,1.0,R,36.0,R,24.0,R,67.0,Z,0.0,Z,0.0,Z,0.0,Z,0.0,A,,R,19
406149,2009,A,,A,,A,,A,,A,,A,,A,,A,,A,,A,,A,,A,,A,,R,6
406194,2009,R,108.0,R,176.0,R,61.0,R,127.0,R,0.0,R,127.0,R,58.0,R,46.0,R,5.0,R,0.0,R,5.0,R,2.0,R,40.0,R,19
406200,2009,R,504.0,R,504.0,R,100.0,R,329.0,R,0.0,R,329.0,R,233.0,R,71.0,R,0.0,R,0.0,R,0.0,R,0.0,A,,R,27
406219,2009,R,70.0,R,95.0,R,74.0,R,43.0,R,0.0,R,43.0,R,15.0,R,35.0,R,18.0,Z,0.0,R,18.0,R,6.0,R,33.0,R,18
406264,2009,R,115.0,R,220.0,R,52.0,R,74.0,Z,0.0,R,74.0,R,67.0,R,91.0,R,0.0,Z,0.0,R,0.0,R,0.0,A,,R,31
406325,2009,A,,A,,A,,R,75.0,Z,0.0,R,75.0,R,70.0,R,93.0,Z,0.0,Z,0.0,Z,0.0,Z,0.0,A,,R,40
406361,2009,A,,A,,A,,R,25.0,R,0.0,R,25.0,R,25.0,R,100.0,R,0.0,R,0.0,R,0.0,R,0.0,A,,R,10
406413,2009,A,,A,,A,,A,,A,,A,,A,,A,,A,,A,,A,,A,,A,,R,20
406422,2009,A,,A,,A,,R,47.0,R,0.0,R,47.0,R,35.0,R,74.0,R,0.0,Z,0.0,R,0.0,R,0.0,A,,R,8
406486,2009,A,,A,,A,,A,,A,,A,,A,,A,,A,,A,,A,,A,,A,,R,8
406495,2009,A,,A,,A,,R,201.0,Z,0.0,R,201.0,R,124.0,R,62.0,R,4.0,Z,0.0,R,4.0,R,4.0,R,100.0,R,20
406547,2009,R,16.0,R,113.0,R,14.0,R,3.0,R,0.0,R,3.0,R,2.0,R,67.0,R,0.0,R,0.0,R,0.0,R,0.0,A,,R,15
406556,2009,A,,A,,A,,R,18.0,R,0.0,R,18.0,R,15.0,R,83.0,R,0.0,R,0.0,R,0.0,R,0.0,A,,R,14
407054,2009,A,,A,,A,,R,7.0,R,0.0,R,7.0,R,5.0,R,71.0,R,8.0,R,0.0,R,8.0,R,5.0,R,63.0,R,8
407063,2009,R,83.0,R,113.0,R,73.0,R,0.0,R,0.0,R,0.0,R,0.0,A,,R,0.0,R,0.0,R,0.0,R,0.0,A,,R,23
407090,2009,A,,A,,A,,R,8.0,Z,0.0,R,8.0,R,7.0,R,88.0,R,38.0,Z,0.0,R,38.0,R,34.0,R,89.0,R,24
407142,2009,A,,A,,A,,R,10.0,R,0.0,R,10.0,R,7.0,R,70.0,R,0.0,R,0.0,R,0.0,R,0.0,A,,R,23
407151,2009,A,,A,,A,,R,32.0,R,0.0,R,32.0,R,26.0,R,81.0,R,0.0,R,0.0,R,0.0,R,0.0,A,,R,21
407179,2009,A,,A,,A,,R,52.0,Z,0.0,R,52.0,R,41.0,R,79.0,R,20.0,Z,0.0,R,20.0,R,16.0,R,80.0,R,12
407285,2009,R,15.0,R,134.0,R,11.0,R,5.0,R,0.0,R,5.0,R,4.0,R,80.0,R,6.0,R,0.0,R,6.0,R,5.0,R,83.0,R,15
407319,2009,R,115.0,R,148.0,R,78.0,R,0.0,R,0.0,R,0.0,R,0.0,A,,R,1.0,R,0.0,R,1.0,R,0.0,R,0.0,R,21
407328,2009,A,,A,,A,,R,38.0,R,0.0,R,38.0,R,32.0,R,84.0,R,3.0,R,0.0,R,3.0,R,3.0,R,100.0,R,12
407355,2009,A,,A,,A,,R,129.0,R,0.0,R,129.0,R,121.0,R,94.0,R,4.0,R,0.0,R,4.0,R,3.0,R,75.0,R,12
407391,2009,A,,A,,A,,R,104.0,R,0.0,R,104.0,R,84.0,R,81.0,R,51.0,R,0.0,R,51.0,R,38.0,R,75.0,R,14
407407,2009,A,,A,,A,,R,50.0,R,0.0,R,50.0,R,46.0,R,92.0,R,30.0,R,0.0,R,30.0,R,22.0,R,73.0,R,22
407425,2009,A,,A,,A,,R,81.0,R,0.0,R,81.0,R,75.0,R,93.0,R,49.0,R,0.0,R,49.0,R,42.0,R,86.0,R,11
407434,2009,A,,A,,A,,R,55.0,R,0.0,R,55.0,R,44.0,R,80.0,R,10.0,R,0.0,R,10.0,R,6.0,R,60.0,R,20
407452,2009,A,,A,,A,,A,,A,,A,,A,,A,,A,,A,,A,,A,,A,,R,4
407461,2009,A,,A,,A,,R,141.0,R,0.0,R,141.0,R,141.0,R,100.0,R,0.0,R,0.0,R,0.0,R,0.0,A,,R,16
407470,2009,A,,A,,A,,R,36.0,R,0.0,R,36.0,R,34.0,R,94.0,R,0.0,R,0.0,R,0.0,R,0.0,A,,R,11
407489,2009,A,,A,,A,,R,13.0,R,0.0,R,13.0,R,13.0,R,100.0,R,79.0,R,0.0,R,79.0,R,79.0,R,100.0,R,9
407504,2009,A,,A,,A,,R,52.0,R,0.0,R,52.0,R,40.0,R,77.0,R,704.0,R,0.0,R,704.0,R,704.0,R,100.0,R,10
407513,2009,A,,A,,A,,R,308.0,R,0.0,R,308.0,R,299.0,R,97.0,R,90.0,R,0.0,R,90.0,R,73.0,R,81.0,R,15
407522,2009,A,,A,,A,,A,,A,,A,,A,,A,,A,,A,,A,,A,,A,,R,14
407568,2009,A,,A,,A,,R,4.0,R,0.0,R,4.0,R,4.0,R,100.0,R,14.0,R,0.0,R,14.0,R,11.0,R,79.0,R,10
407577,2009,A,,A,,A,,R,142.0,R,0.0,R,142.0,R,117.0,R,82.0,R,57.0,Z,0.0,R,57.0,R,41.0,R,72.0,R,15
407595,2009,A,,A,,A,,R,135.0,R,0.0,R,135.0,R,125.0,R,93.0,R,0.0,R,0.0,R,0.0,R,0.0,A,,R,10
407601,2009,A,,A,,A,,R,9.0,R,0.0,R,9.0,R,7.0,R,78.0,R,3.0,R,0.0,R,3.0,R,2.0,R,67.0,R,2
407683,2009,A,,A,,A,,R,13.0,R,1.0,R,12.0,R,11.0,R,92.0,R,26.0,R,0.0,R,26.0,R,18.0,R,69.0,R,17
407708,2009,A,,A,,A,,R,89.0,R,0.0,R,89.0,R,59.0,R,66.0,R,0.0,R,0.0,R,0.0,R,0.0,A,,R,19
407726,2009,A,,A,,A,,R,22.0,Z,0.0,R,22.0,R,14.0,R,64.0,R,13.0,Z,0.0,R,13.0,R,8.0,R,62.0,R,14
407735,2009,A,,A,,A,,R,54.0,Z,0.0,R,54.0,R,32.0,R,59.0,R,5.0,Z,0.0,R,5.0,R,3.0,R,60.0,R,15
407744,2009,A,,A,,A,,R,17.0,R,0.0,R,17.0,R,17.0,R,100.0,R,0.0,R,0.0,R,0.0,R,0.0,A,,R,8
407832,2009,A,,A,,A,,R,137.0,R,6.0,R,131.0,R,128.0,R,98.0,R,3.0,R,0.0,R,3.0,R,3.0,R,100.0,R,5
408039,2009,R,293.0,R,293.0,R,100.0,R,103.0,R,0.0,R,103.0,R,61.0,R,59.0,Z,0.0,Z,0.0,Z,0.0,Z,0.0,A,,R,15
408057,2009,A,,A,,A,,R,26.0,R,1.0,R,25.0,R,17.0,R,68.0,R,10.0,R,0.0,R,10.0,R,7.0,R,70.0,R,25
408066,2009,A,,A,,A,,R,9.0,R,0.0,R,9.0,R,6.0,R,67.0,R,13.0,R,0.0,R,13.0,R,7.0,R,54.0,R,16
408163,2009,A,,A,,A,,R,17.0,R,0.0,R,17.0,R,15.0,R,88.0,R,0.0,R,0.0,R,0.0,R,0.0,A,,R,12
408312,2009,A,,A,,A,,R,23.0,R,0.0,R,23.0,R,23.0,R,100.0,R,0.0,R,0.0,R,0.0,R,0.0,A,,R,10
408385,2009,A,,A,,A,,R,118.0,Z,0.0,R,118.0,R,70.0,R,59.0,Z,0.0,Z,0.0,Z,0.0,Z,0.0,A,,R,19
408394,2009,R,130.0,R,413.0,R,31.0,R,132.0,R,0.0,R,132.0,R,90.0,R,68.0,R,20.0,R,0.0,R,20.0,R,13.0,R,65.0,R,17
408437,2009,A,,A,,A,,A,,A,,A,,A,,A,,A,,A,,A,,A,,A,,R,7
408844,2009,R,596.0,R,696.0,R,86.0,R,18.0,Z,0.0,R,18.0,R,14.0,R,78.0,R,0.0,R,0.0,R,0.0,R,0.0,A,,R,37
408862,2009,A,,A,,A,,R,33.0,R,1.0,R,32.0,R,30.0,R,94.0,R,47.0,R,0.0,R,47.0,R,40.0,R,85.0,R,20
409032,2009,A,,A,,A,,R,108.0,R,0.0,R,108.0,R,96.0,R,89.0,R,0.0,R,0.0,R,0.0,R,0.0,A,,R,1
409069,2009,R,105.0,R,139.0,R,76.0,R,1.0,R,0.0,R,1.0,R,1.0,R,100.0,R,2.0,R,0.0,R,2.0,R,1.0,R,50.0,R,21
409120,2009,A,,A,,A,,R,137.0,R,0.0,R,137.0,R,117.0,R,85.0,R,0.0,R,0.0,R,0.0,R,0.0,A,,R,15
409166,2009,A,,A,,A,,R,34.0,R,0.0,R,34.0,R,26.0,R,76.0,R,1.0,R,0.0,R,1.0,R,1.0,R,100.0,R,10
409193,2009,A,,A,,A,,R,40.0,R,10.0,R,30.0,R,30.0,R,100.0,R,0.0,R,0.0,R,0.0,R,0.0,A,,R,20
409209,2009,A,,A,,A,,R,68.0,R,0.0,R,68.0,R,44.0,R,65.0,R,0.0,R,0.0,R,0.0,R,0.0,A,,R,20
409245,2009,A,,A,,A,,R,13.0,R,0.0,R,13.0,R,11.0,R,85.0,R,4.0,R,0.0,R,4.0,R,3.0,R,75.0,R,9
409315,2009,R,1876.0,R,8944.0,R,21.0,R,1859.0,R,0.0,R,1859.0,R,1192.0,R,64.0,R,951.0,R,0.0,R,951.0,R,489.0,R,51.0,R,26
409333,2009,R,46.0,R,46.0,R,100.0,R,34.0,R,0.0,R,34.0,R,27.0,R,79.0,R,0.0,R,0.0,R,0.0,R,0.0,A,,R,10
409537,2009,A,,A,,A,,R,4.0,R,0.0,R,4.0,R,4.0,R,100.0,R,17.0,R,0.0,R,17.0,R,14.0,R,82.0,R,10
409591,2009,A,,A,,A,,R,79.0,R,0.0,R,79.0,R,69.0,R,87.0,R,0.0,R,0.0,R,0.0,R,0.0,A,,R,14
409670,2009,R,120.0,R,138.0,R,87.0,R,184.0,R,0.0,R,184.0,R,119.0,R,65.0,R,13.0,R,0.0,R,13.0,R,6.0,R,46.0,R,29
409698,2009,R,944.0,R,1610.0,R,59.0,R,899.0,Z,0.0,R,899.0,R,639.0,R,71.0,R,14.0,Z,0.0,R,14.0,R,3.0,R,21.0,R,24
409829,2009,R,88.0,R,155.0,R,57.0,R,59.0,Z,0.0,R,59.0,R,41.0,R,69.0,R,5.0,Z,0.0,R,5.0,R,0.0,R,0.0,R,12
409838,2009,R,82.0,R,274.0,R,30.0,R,7.0,Z,0.0,R,7.0,R,5.0,R,71.0,R,10.0,R,0.0,R,10.0,R,5.0,R,50.0,R,13
409874,2009,R,164.0,R,328.0,R,50.0,R,122.0,R,0.0,R,122.0,R,88.0,R,72.0,R,64.0,R,0.0,R,64.0,R,43.0,R,67.0,R,29
410034,2009,A,,A,,A,,R,26.0,R,0.0,R,26.0,R,18.0,R,69.0,R,0.0,R,0.0,R,0.0,R,0.0,A,,R,5
410070,2009,A,,A,,A,,R,231.0,R,0.0,R,231.0,R,166.0,R,72.0,Z,0.0,Z,0.0,Z,0.0,Z,0.0,A,,R,35
410256,2009,A,,A,,A,,A,,A,,A,,A,,A,,A,,A,,A,,A,,A,,R,20
410283,2009,R,160.0,R,160.0,R,100.0,R,270.0,R,0.0,R,270.0,R,100.0,R,37.0,R,0.0,R,0.0,R,0.0,R,0.0,A,,R,14
410496,2009,R,115.0,R,160.0,R,72.0,R,91.0,R,0.0,R,91.0,R,30.0,R,33.0,R,11.0,R,0.0,R,11.0,R,5.0,R,45.0,R,2
410502,2009,R,97.0,R,174.0,R,56.0,R,53.0,R,0.0,R,53.0,R,35.0,R,66.0,R,122.0,R,0.0,R,122.0,R,41.0,R,34.0,R,12
410520,2009,R,17.0,R,25.0,R,68.0,R,14.0,R,0.0,R,14.0,R,11.0,R,79.0,R,6.0,R,0.0,R,6.0,R,3.0,R,50.0,R,26
410539,2009,A,,A,,A,,R,65.0,R,0.0,R,65.0,R,48.0,R,74.0,R,0.0,R,0.0,R,0.0,R,0.0,A,,R,35
410788,2009,A,,A,,A,,R,104.0,R,0.0,R,104.0,R,74.0,R,71.0,R,17.0,R,0.0,R,17.0,R,4.0,R,24.0,R,15
410797,2009,A,,A,,A,,A,,A,,A,,A,,A,,A,,A,,A,,A,,A,,R,29
410964,2009,A,,A,,A,,R,17.0,Z,0.0,R,17.0,R,17.0,R,100.0,R,3.0,Z,0.0,R,3.0,R,3.0,R,100.0,R,7
411055,2009,A,,A,,A,,A,,A,,A,,A,,A,,A,,A,,A,,A,,A,,R,25
411374,2009,A,,A,,A,,A,,A,,A,,A,,A,,A,,A,,A,,A,,A,,R,14
411684,2009,A,,A,,A,,R,86.0,R,0.0,R,86.0,R,59.0,R,69.0,R,0.0,R,0.0,R,0.0,R,0.0,A,,R,14
411754,2009,A,,A,,A,,A,,A,,A,,A,,A,,A,,A,,A,,A,,A,,R,10
412003,2009,A,,A,,A,,R,13.0,R,0.0,R,13.0,R,10.0,R,77.0,R,5.0,R,0.0,R,5.0,R,4.0,R,80.0,R,17
412173,2009,A,,A,,A,,R,125.0,R,0.0,R,125.0,R,118.0,R,94.0,R,0.0,R,0.0,R,0.0,R,0.0,A,,R,12
412535,2009,A,,A,,A,,R,17.0,R,0.0,R,17.0,R,15.0,R,88.0,R,0.0,R,0.0,R,0.0,R,0.0,A,,R,15
412544,2009,A,,A,,A,,R,59.0,R,0.0,R,59.0,R,57.0,R,97.0,R,14.0,R,0.0,R,14.0,R,11.0,R,79.0,R,9
412599,2009,A,,A,,A,,R,235.0,R,0.0,R,235.0,R,124.0,R,53.0,R,0.0,R,0.0,R,0.0,R,0.0,A,,R,23
412650,2009,A,,A,,A,,A,,A,,A,,A,,A,,A,,A,,A,,A,,A,,R,5
413176,2009,A,,A,,A,,R,3.0,R,0.0,R,3.0,R,3.0,R,100.0,R,1.0,R,0.0,R,1.0,R,1.0,R,100.0,R,2
413185,2009,A,,A,,A,,R,12.0,R,0.0,R,12.0,R,8.0,R,67.0,R,0.0,R,0.0,R,0.0,R,0.0,A,,R,18
413343,2009,A,,A,,A,,R,9.0,R,0.0,R,9.0,R,8.0,R,89.0,R,0.0,R,0.0,R,0.0,R,0.0,A,,R,6
413413,2009,R,7.0,R,787.0,R,1.0,R,5.0,R,0.0,R,5.0,R,1.0,R,20.0,R,69.0,R,1.0,R,68.0,R,20.0,R,29.0,R,20
413617,2009,R,119.0,R,224.0,R,53.0,R,1.0,R,0.0,R,1.0,R,1.0,R,100.0,R,1.0,R,0.0,R,1.0,R,1.0,R,100.0,R,16
413626,2009,R,50.0,R,73.0,R,68.0,R,58.0,Z,0.0,R,58.0,R,21.0,R,36.0,R,8.0,Z,0.0,R,8.0,R,4.0,R,50.0,R,13
413635,2009,A,,A,,A,,R,153.0,R,1.0,R,152.0,R,107.0,R,70.0,R,0.0,R,0.0,R,0.0,R,0.0,A,,R,40
413680,2009,A,,A,,A,,R,48.0,R,1.0,R,47.0,R,23.0,R,49.0,R,0.0,R,0.0,R,0.0,R,0.0,A,,R,18
413778,2009,A,,A,,A,,R,166.0,R,0.0,R,166.0,R,126.0,R,76.0,R,31.0,R,0.0,R,31.0,R,21.0,R,68.0,R,24
413802,2009,R,240.0,R,327.0,R,73.0,R,236.0,R,12.0,R,224.0,R,218.0,R,97.0,R,84.0,R,7.0,R,77.0,R,62.0,R,81.0,R,12
413820,2009,A,,A,,A,,R,8.0,R,0.0,R,8.0,R,7.0,R,88.0,R,0.0,Z,0.0,R,0.0,R,0.0,A,,R,6
413839,2009,R,156.0,R,185.0,R,84.0,R,0.0,R,0.0,R,0.0,R,0.0,A,,R,0.0,R,0.0,R,0.0,R,0.0,A,,R,21
413848,2009,R,47.0,R,61.0,R,77.0,R,1.0,R,0.0,R,1.0,R,0.0,R,0.0,R,0.0,R,0.0,R,0.0,R,0.0,A,,R,20
413857,2009,R,117.0,R,201.0,R,58.0,R,0.0,R,0.0,R,0.0,R,0.0,A,,R,0.0,R,0.0,R,0.0,R,0.0,A,,R,23
413866,2009,R,148.0,R,185.0,R,80.0,R,16.0,R,0.0,R,16.0,R,6.0,R,38.0,R,2.0,R,1.0,R,1.0,R,0.0,R,0.0,R,29
413884,2009,R,145.0,R,205.0,R,71.0,R,41.0,R,0.0,R,41.0,R,9.0,R,22.0,R,15.0,R,0.0,R,15.0,R,0.0,R,0.0,R,24
413918,2009,A,,A,,A,,R,28.0,Z,0.0,R,28.0,R,26.0,R,93.0,Z,0.0,Z,0.0,Z,0.0,Z,0.0,A,,R,18
413945,2009,A,,A,,A,,R,66.0,R,0.0,R,66.0,R,51.0,R,77.0,R,40.0,R,0.0,R,40.0,R,30.0,R,75.0,R,11
413972,2009,A,,A,,A,,R,109.0,R,0.0,R,109.0,R,92.0,R,84.0,R,40.0,R,0.0,R,40.0,R,32.0,R,80.0,R,20
414036,2009,A,,A,,A,,R,217.0,R,0.0,R,217.0,R,148.0,R,68.0,Z,0.0,Z,0.0,Z,0.0,Z,0.0,A,,R,24
414054,2009,A,,A,,A,,R,21.0,R,0.0,R,21.0,R,12.0,R,57.0,R,0.0,R,0.0,R,0.0,R,0.0,A,,R,14
414063,2009,A,,A,,A,,R,138.0,Z,0.0,R,138.0,R,125.0,R,91.0,R,26.0,R,0.0,R,26.0,R,21.0,R,81.0,R,11
414124,2009,A,,A,,A,,A,,A,,A,,A,,A,,A,,A,,A,,A,,A,,R,16
414160,2009,R,366.0,R,860.0,R,43.0,R,27.0,R,0.0,R,27.0,R,11.0,R,41.0,R,5.0,R,0.0,R,5.0,R,0.0,R,0.0,R,30
414452,2009,A,,A,,A,,R,18.0,Z,0.0,R,18.0,R,17.0,R,94.0,Z,0.0,Z,0.0,Z,0.0,Z,0.0,A,,R,8
414461,2009,R,1283.0,R,2072.0,R,62.0,R,1022.0,R,3.0,R,1019.0,R,639.0,R,63.0,R,0.0,Z,0.0,R,0.0,Z,0.0,A,,R,36
414489,2009,A,,A,,A,,R,95.0,R,0.0,R,95.0,R,76.0,R,80.0,R,0.0,R,0.0,R,0.0,R,0.0,A,,R,25
414531,2009,R,112.0,R,136.0,R,82.0,R,0.0,R,0.0,R,0.0,R,0.0,A,,R,0.0,R,0.0,R,0.0,R,0.0,A,,R,21
414540,2009,A,,A,,A,,R,164.0,R,0.0,R,164.0,R,105.0,R,64.0,R,0.0,R,0.0,R,0.0,R,0.0,A,,R,17
414559,2009,A,,A,,A,,R,6.0,Z,0.0,R,6.0,R,2.0,R,33.0,Z,0.0,Z,0.0,Z,0.0,Z,0.0,A,,R,8
414568,2009,R,200.0,R,283.0,R,71.0,R,1.0,R,0.0,R,1.0,R,0.0,R,0.0,R,0.0,R,0.0,R,0.0,R,0.0,A,,R,30
414586,2009,R,112.0,R,128.0,R,88.0,R,8.0,R,0.0,R,8.0,R,5.0,R,63.0,R,0.0,R,0.0,R,0.0,R,0.0,A,,R,25
414595,2009,R,3.0,R,14.0,R,21.0,R,0.0,R,0.0,R,0.0,R,0.0,A,,R,0.0,R,0.0,R,0.0,R,0.0,A,,R,14
414708,2009,R,1.0,R,228.0,R,0.0,R,10.0,Z,0.0,R,10.0,R,6.0,R,60.0,R,81.0,Z,0.0,R,81.0,R,34.0,R,42.0,R,20
414823,2009,R,558.0,R,749.0,R,74.0,R,426.0,R,0.0,R,426.0,R,307.0,R,72.0,R,1.0,R,0.0,R,1.0,R,0.0,R,0.0,R,28
414841,2009,R,62.0,R,99.0,R,63.0,R,63.0,R,1.0,R,62.0,R,39.0,R,63.0,R,10.0,R,1.0,R,9.0,R,3.0,R,33.0,R,19
414850,2009,R,55.0,R,194.0,R,28.0,R,47.0,R,0.0,R,47.0,R,32.0,R,68.0,R,5.0,R,0.0,R,5.0,R,3.0,R,60.0,R,15
414869,2009,A,,A,,A,,R,27.0,R,0.0,R,27.0,R,27.0,R,100.0,R,23.0,R,0.0,R,23.0,R,21.0,R,91.0,R,8
414878,2009,R,4.0,R,31.0,R,13.0,R,1.0,Z,0.0,R,1.0,R,1.0,R,100.0,Z,0.0,Z,0.0,Z,0.0,Z,0.0,A,,R,15
414911,2009,R,241.0,R,465.0,R,52.0,R,193.0,R,6.0,R,187.0,R,108.0,R,58.0,R,89.0,R,0.0,R,89.0,R,63.0,R,71.0,R,20
414939,2009,A,,A,,A,,R,127.0,Z,0.0,R,127.0,R,124.0,R,98.0,Z,0.0,Z,0.0,Z,0.0,Z,0.0,A,,R,11
415039,2009,A,,A,,A,,R,27.0,Z,0.0,R,27.0,R,14.0,R,52.0,R,13.0,Z,0.0,R,13.0,R,9.0,R,69.0,R,12
415057,2009,A,,A,,A,,A,,A,,A,,A,,A,,A,,A,,A,,A,,A,,R,24
415729,2009,A,,A,,A,,R,10.0,Z,0.0,R,10.0,R,9.0,R,90.0,R,9.0,Z,0.0,R,9.0,R,7.0,R,78.0,R,10
415774,2009,A,,A,,A,,R,377.0,R,1.0,R,376.0,R,291.0,R,77.0,R,127.0,R,0.0,R,127.0,R,101.0,R,80.0,R,19
415987,2009,A,,A,,A,,R,263.0,R,0.0,R,263.0,R,164.0,R,62.0,R,0.0,R,0.0,R,0.0,R,0.0,A,,R,24
416458,2009,A,,A,,A,,R,104.0,R,14.0,R,90.0,R,78.0,R,87.0,Z,0.0,Z,0.0,Z,0.0,Z,0.0,A,,R,18
416670,2009,A,,A,,A,,R,20.0,R,0.0,R,20.0,R,15.0,R,75.0,R,9.0,R,0.0,R,9.0,R,6.0,R,67.0,R,10
416801,2009,A,,A,,A,,A,,A,,A,,A,,A,,A,,A,,A,,A,,A,,R,1
416962,2009,A,,A,,A,,R,137.0,R,0.0,R,137.0,R,63.0,R,46.0,R,0.0,R,0.0,R,0.0,R,0.0,A,,R,19
416971,2009,A,,A,,A,,R,17.0,R,0.0,R,17.0,R,15.0,R,88.0,R,8.0,R,0.0,R,8.0,R,6.0,R,75.0,R,17
416980,2009,A,,A,,A,,R,20.0,R,0.0,R,20.0,R,14.0,R,70.0,R,12.0,R,0.0,R,12.0,R,5.0,R,42.0,R,14
417062,2009,A,,A,,A,,R,53.0,Z,0.0,R,53.0,R,38.0,R,72.0,Z,0.0,Z,0.0,Z,0.0,Z,0.0,A,,R,20
417105,2009,A,,A,,A,,R,0.0,R,0.0,R,0.0,R,0.0,A,,R,59.0,R,0.0,R,59.0,R,55.0,R,93.0,R,25
417123,2009,A,,A,,A,,R,60.0,R,1.0,R,59.0,R,52.0,R,88.0,R,4.0,R,0.0,R,4.0,R,3.0,R,75.0,R,9
417132,2009,A,,A,,A,,R,159.0,R,0.0,R,159.0,R,122.0,R,77.0,R,35.0,R,0.0,R,35.0,R,29.0,R,83.0,R,18
417318,2009,R,16.0,R,16.0,R,100.0,R,19.0,R,0.0,R,19.0,R,19.0,R,100.0,R,0.0,R,0.0,R,0.0,R,0.0,A,,R,3
417327,2009,R,52.0,R,70.0,R,74.0,R,27.0,R,0.0,R,27.0,R,11.0,R,41.0,R,0.0,R,0.0,R,0.0,R,0.0,A,,R,7
417381,2009,A,,A,,A,,R,55.0,Z,0.0,R,55.0,R,29.0,R,53.0,R,15.0,Z,0.0,R,15.0,R,5.0,R,33.0,R,21
417390,2009,A,,A,,A,,R,42.0,R,0.0,R,42.0,R,37.0,R,88.0,R,29.0,R,0.0,R,29.0,R,22.0,R,76.0,R,5
417406,2009,A,,A,,A,,R,24.0,R,0.0,R,24.0,R,23.0,R,96.0,R,3.0,R,0.0,R,3.0,R,2.0,R,67.0,R,14
417442,2009,A,,A,,A,,R,63.0,R,0.0,R,63.0,R,53.0,R,84.0,R,0.0,R,0.0,R,0.0,R,0.0,A,,R,15
417503,2009,A,,A,,A,,R,142.0,R,0.0,R,142.0,R,121.0,R,85.0,R,24.0,R,0.0,R,24.0,R,20.0,R,83.0,R,10
417549,2009,A,,A,,A,,R,68.0,R,0.0,R,68.0,R,32.0,R,47.0,R,0.0,R,0.0,R,0.0,R,0.0,A,,R,20
417567,2009,A,,A,,A,,R,103.0,R,0.0,R,103.0,R,76.0,R,74.0,R,0.0,R,0.0,R,0.0,R,0.0,A,,R,20
417576,2009,A,,A,,A,,R,30.0,Z,0.0,R,30.0,R,25.0,R,83.0,R,23.0,R,0.0,R,23.0,R,19.0,R,83.0,R,20
417628,2009,A,,A,,A,,R,31.0,R,0.0,R,31.0,R,27.0,R,87.0,R,6.0,R,0.0,R,6.0,R,5.0,R,83.0,R,3
417637,2009,A,,A,,A,,R,42.0,R,0.0,R,42.0,R,36.0,R,86.0,R,7.0,R,0.0,R,7.0,R,5.0,R,71.0,R,8
417646,2009,A,,A,,A,,R,3.0,R,0.0,R,3.0,R,3.0,R,100.0,R,7.0,R,0.0,R,7.0,R,5.0,R,71.0,R,10
417655,2009,A,,A,,A,,A,,A,,A,,A,,A,,A,,A,,A,,A,,A,,R,8
417673,2009,A,,A,,A,,R,28.0,R,0.0,R,28.0,R,26.0,R,93.0,R,11.0,R,0.0,R,11.0,R,11.0,R,100.0,R,4
417716,2009,A,,A,,A,,R,25.0,R,0.0,R,25.0,R,24.0,R,96.0,R,0.0,R,0.0,R,0.0,R,0.0,A,,R,10
417725,2009,A,,A,,A,,R,50.0,R,0.0,R,50.0,R,43.0,R,86.0,R,0.0,R,0.0,R,0.0,R,0.0,A,,R,19
417734,2009,R,4.0,R,6.0,R,67.0,R,5.0,R,0.0,R,5.0,R,3.0,R,60.0,R,0.0,R,0.0,R,0.0,R,0.0,A,,R,7
417752,2009,R,12.0,R,36.0,R,33.0,R,6.0,R,0.0,R,6.0,R,1.0,R,17.0,R,3.0,R,0.0,R,3.0,R,3.0,R,100.0,R,9
417789,2009,A,,A,,A,,R,74.0,Z,0.0,R,74.0,R,48.0,R,65.0,R,71.0,Z,0.0,R,71.0,R,52.0,R,73.0,R,10
417804,2009,A,,A,,A,,R,53.0,R,0.0,R,53.0,R,36.0,R,68.0,R,0.0,R,0.0,R,0.0,Z,0.0,A,,R,13
417822,2009,A,,A,,A,,R,104.0,R,1.0,R,103.0,R,56.0,R,54.0,R,182.0,Z,0.0,R,182.0,R,158.0,R,87.0,R,16
417840,2009,A,,A,,A,,R,119.0,R,0.0,R,119.0,R,78.0,R,66.0,R,14.0,R,0.0,R,14.0,R,8.0,R,57.0,R,23
417868,2009,A,,A,,A,,R,35.0,R,0.0,R,35.0,R,29.0,R,83.0,R,0.0,R,0.0,R,0.0,R,0.0,A,,R,15
417886,2009,A,,A,,A,,R,14.0,R,0.0,R,14.0,R,7.0,R,50.0,R,0.0,R,0.0,R,0.0,R,0.0,A,,R,13
417901,2009,A,,A,,A,,A,,A,,A,,A,,A,,A,,A,,A,,A,,A,,R,1
417910,2009,A,,A,,A,,R,198.0,R,0.0,R,198.0,R,182.0,R,92.0,R,0.0,R,0.0,R,0.0,R,0.0,A,,R,11
417947,2009,A,,A,,A,,R,4.0,Z,0.0,R,4.0,R,4.0,R,100.0,Z,0.0,Z,0.0,Z,0.0,Z,0.0,A,,R,8
417983,2009,A,,A,,A,,Z,0.0,Z,0.0,Z,0.0,Z,0.0,A,,R,66.0,R,0.0,R,66.0,R,30.0,R,45.0,R,7
417992,2009,A,,A,,A,,R,8.0,R,0.0,R,8.0,R,8.0,R,100.0,R,12.0,R,0.0,R,12.0,R,12.0,R,100.0,R,11
418001,2009,A,,A,,A,,R,149.0,R,0.0,R,149.0,R,109.0,R,73.0,R,0.0,R,0.0,R,0.0,R,0.0,A,,R,15
418010,2009,A,,A,,A,,R,8.0,R,0.0,R,8.0,R,7.0,R,88.0,R,26.0,R,0.0,R,26.0,R,23.0,R,88.0,R,19
418029,2009,A,,A,,A,,R,10.0,R,0.0,R,10.0,R,8.0,R,80.0,R,23.0,R,0.0,R,23.0,R,16.0,R,70.0,R,8
418038,2009,A,,A,,A,,R,61.0,R,0.0,R,61.0,R,54.0,R,89.0,R,0.0,R,0.0,R,0.0,R,0.0,A,,R,35
418056,2009,A,,A,,A,,R,71.0,R,0.0,R,71.0,R,68.0,R,96.0,R,14.0,R,0.0,R,14.0,R,12.0,R,86.0,R,40
418065,2009,A,,A,,A,,R,208.0,Z,0.0,R,208.0,R,193.0,R,93.0,R,242.0,Z,0.0,R,242.0,R,228.0,R,94.0,R,12
418083,2009,A,,A,,A,,R,53.0,Z,0.0,R,53.0,R,41.0,R,77.0,R,27.0,Z,0.0,R,27.0,R,15.0,R,56.0,R,28
418126,2009,R,34.0,R,213.0,R,16.0,R,1.0,R,0.0,R,1.0,R,1.0,R,100.0,R,0.0,R,0.0,R,0.0,R,0.0,A,,R,26
418162,2009,A,,A,,A,,R,268.0,R,0.0,R,268.0,R,208.0,R,78.0,R,82.0,R,0.0,R,82.0,R,59.0,R,72.0,R,17
418171,2009,A,,A,,A,,R,17.0,R,0.0,R,17.0,R,15.0,R,88.0,R,0.0,R,0.0,R,0.0,R,0.0,A,,R,12
418199,2009,A,,A,,A,,A,,A,,A,,A,,A,,A,,A,,A,,A,,A,,R,12
418205,2009,A,,A,,A,,R,58.0,R,5.0,R,53.0,R,47.0,R,89.0,R,1247.0,Z,0.0,R,1247.0,R,1221.0,R,98.0,R,32
418223,2009,A,,A,,A,,R,28.0,Z,0.0,R,28.0,R,26.0,R,93.0,R,0.0,Z,0.0,R,0.0,R,0.0,A,,R,4
418250,2009,A,,A,,A,,R,67.0,R,0.0,R,67.0,R,64.0,R,96.0,R,44.0,R,1.0,R,43.0,R,39.0,R,91.0,R,6
418269,2009,A,,A,,A,,A,,A,,A,,A,,A,,A,,A,,A,,A,,A,,R,19
418278,2009,A,,A,,A,,R,38.0,R,0.0,R,38.0,R,33.0,R,87.0,R,36.0,R,0.0,R,36.0,R,32.0,R,89.0,R,3
418287,2009,A,,A,,A,,R,84.0,R,0.0,R,84.0,R,72.0,R,86.0,R,29.0,R,0.0,R,29.0,R,22.0,R,76.0,R,8
418296,2009,A,,A,,A,,R,51.0,R,0.0,R,51.0,R,50.0,R,98.0,R,34.0,R,0.0,R,34.0,R,33.0,R,97.0,R,3
418302,2009,A,,A,,A,,R,40.0,R,0.0,R,40.0,R,29.0,R,73.0,R,15.0,R,0.0,R,15.0,R,6.0,R,40.0,R,10
418320,2009,A,,A,,A,,R,29.0,R,0.0,R,29.0,R,10.0,R,34.0,R,61.0,R,0.0,R,61.0,R,28.0,R,46.0,R,25
418339,2009,A,,A,,A,,R,93.0,R,0.0,R,93.0,R,36.0,R,39.0,R,39.0,R,0.0,R,39.0,R,13.0,R,33.0,R,15
418348,2009,A,,A,,A,,R,40.0,R,0.0,R,40.0,R,25.0,R,63.0,R,43.0,R,0.0,R,43.0,R,17.0,R,40.0,R,12
418357,2009,A,,A,,A,,R,65.0,R,0.0,R,65.0,R,50.0,R,77.0,R,5.0,R,0.0,R,5.0,R,3.0,R,60.0,R,8
418384,2009,A,,A,,A,,R,12.0,R,0.0,R,12.0,R,6.0,R,50.0,R,0.0,R,0.0,R,0.0,R,0.0,A,,R,11
418409,2009,A,,A,,A,,R,32.0,R,0.0,R,32.0,R,25.0,R,78.0,R,0.0,R,0.0,R,0.0,R,0.0,A,,R,10
418427,2009,A,,A,,A,,R,22.0,R,0.0,R,22.0,R,16.0,R,73.0,R,6.0,R,0.0,R,6.0,R,5.0,R,83.0,R,9
418445,2009,A,,A,,A,,R,36.0,R,0.0,R,36.0,R,30.0,R,83.0,R,0.0,R,0.0,R,0.0,R,0.0,A,,R,10
418481,2009,A,,A,,A,,R,17.0,R,0.0,R,17.0,R,15.0,R,88.0,R,0.0,R,0.0,R,0.0,R,0.0,A,,R,10
418506,2009,A,,A,,A,,R,38.0,R,0.0,R,38.0,R,33.0,R,87.0,R,0.0,R,0.0,R,0.0,R,0.0,A,,R,21
418515,2009,A,,A,,A,,R,30.0,Z,0.0,R,30.0,R,25.0,R,83.0,R,25.0,Z,0.0,R,25.0,R,19.0,R,76.0,R,12
418524,2009,A,,A,,A,,R,13.0,R,0.0,R,13.0,R,7.0,R,54.0,R,0.0,R,0.0,R,0.0,R,0.0,A,,R,13
418533,2009,A,,A,,A,,R,197.0,Z,0.0,R,197.0,R,155.0,R,79.0,R,31.0,R,0.0,R,31.0,R,27.0,R,87.0,R,21
418542,2009,A,,A,,A,,R,0.0,Z,0.0,R,0.0,Z,0.0,A,,R,27.0,R,0.0,R,27.0,R,18.0,R,67.0,R,9
418560,2009,A,,A,,A,,R,64.0,R,0.0,R,64.0,R,63.0,R,98.0,R,0.0,R,0.0,R,0.0,R,0.0,A,,R,10
418588,2009,A,,A,,A,,R,19.0,R,0.0,R,19.0,R,11.0,R,58.0,R,0.0,R,0.0,R,0.0,R,0.0,A,,R,10
418603,2009,A,,A,,A,,R,15.0,R,0.0,R,15.0,R,10.0,R,67.0,R,11.0,R,0.0,R,11.0,R,9.0,R,82.0,R,10
418612,2009,A,,A,,A,,R,9.0,R,0.0,R,9.0,R,8.0,R,89.0,R,0.0,R,0.0,R,0.0,R,0.0,A,,R,3
418658,2009,A,,A,,A,,A,,A,,A,,A,,A,,A,,A,,A,,A,,A,,R,36
418676,2009,A,,A,,A,,R,56.0,Z,0.0,R,56.0,R,46.0,R,82.0,Z,0.0,Z,0.0,Z,0.0,Z,0.0,A,,R,2
418700,2009,A,,A,,A,,R,144.0,R,0.0,R,144.0,R,92.0,R,64.0,R,0.0,R,0.0,R,0.0,R,0.0,A,,R,16
418737,2009,A,,A,,A,,P,125.0,P,0.0,P,125.0,P,86.0,P,69.0,A,,A,,A,,A,,A,,P,24
418755,2009,A,,A,,A,,R,83.0,R,0.0,R,83.0,R,73.0,R,88.0,R,0.0,R,0.0,R,0.0,R,0.0,A,,R,57
418764,2009,A,,A,,A,,R,9.0,R,0.0,R,9.0,R,6.0,R,67.0,Z,0.0,Z,0.0,Z,0.0,Z,0.0,A,,R,22
418773,2009,A,,A,,A,,R,1296.0,R,0.0,R,1296.0,R,359.0,R,28.0,R,878.0,R,0.0,R,878.0,R,150.0,R,17.0,R,33
418782,2009,A,,A,,A,,R,147.0,R,0.0,R,147.0,R,100.0,R,68.0,Z,0.0,Z,0.0,Z,0.0,Z,0.0,A,,R,21
418870,2009,A,,A,,A,,R,117.0,R,0.0,R,117.0,R,97.0,R,83.0,R,0.0,R,0.0,R,0.0,R,0.0,A,,R,38
418889,2009,A,,A,,A,,R,34.0,R,2.0,R,32.0,R,21.0,R,66.0,R,14.0,R,0.0,R,14.0,R,14.0,R,100.0,R,10
418904,2009,A,,A,,A,,R,13.0,Z,0.0,R,13.0,R,9.0,R,69.0,Z,0.0,Z,0.0,Z,0.0,Z,0.0,A,,R,38
418913,2009,A,,A,,A,,R,13.0,R,0.0,R,13.0,R,6.0,R,46.0,R,0.0,R,0.0,R,0.0,R,0.0,A,,R,11
418968,2009,A,,A,,A,,R,27.0,R,10.0,R,17.0,R,17.0,R,100.0,R,24.0,R,11.0,R,13.0,R,13.0,R,100.0,R,16
419022,2009,A,,A,,A,,R,391.0,R,0.0,R,391.0,R,286.0,R,73.0,R,14.0,R,0.0,R,14.0,R,11.0,R,79.0,R,21
419031,2009,A,,A,,A,,R,26.0,R,0.0,R,26.0,R,25.0,R,96.0,R,0.0,R,0.0,R,0.0,R,0.0,A,,R,8
419147,2009,A,,A,,A,,R,55.0,R,0.0,R,55.0,R,45.0,R,82.0,R,12.0,R,0.0,R,12.0,R,11.0,R,92.0,R,10
419156,2009,A,,A,,A,,R,8.0,R,0.0,R,8.0,R,5.0,R,63.0,R,0.0,R,0.0,R,0.0,R,0.0,A,,R,13
419183,2009,A,,A,,A,,R,218.0,R,0.0,R,218.0,R,181.0,R,83.0,R,0.0,R,0.0,R,0.0,R,0.0,A,,R,43
419217,2009,A,,A,,A,,R,7.0,R,0.0,R,7.0,R,7.0,R,100.0,R,0.0,R,0.0,R,0.0,R,0.0,A,,R,9
419226,2009,A,,A,,A,,R,407.0,R,0.0,R,407.0,R,249.0,R,61.0,R,0.0,R,0.0,R,0.0,R,0.0,A,,R,12
419235,2009,A,,A,,A,,R,53.0,R,8.0,R,45.0,R,39.0,R,87.0,R,0.0,R,0.0,R,0.0,R,0.0,A,,R,17
419244,2009,A,,A,,A,,R,47.0,R,0.0,R,47.0,R,37.0,R,79.0,R,50.0,R,0.0,R,50.0,R,37.0,R,74.0,R,12
419253,2009,A,,A,,A,,A,,A,,A,,A,,A,,A,,A,,A,,A,,A,,R,35
419262,2009,A,,A,,A,,R,48.0,R,0.0,R,48.0,R,33.0,R,69.0,R,0.0,R,0.0,R,0.0,R,0.0,A,,R,27
419271,2009,A,,A,,A,,R,4.0,R,0.0,R,4.0,R,2.0,R,50.0,R,9.0,R,0.0,R,9.0,R,8.0,R,89.0,R,15
419280,2009,A,,A,,A,,R,18.0,R,0.0,R,18.0,R,16.0,R,89.0,R,11.0,R,0.0,R,11.0,R,7.0,R,64.0,R,25
419314,2009,A,,A,,A,,R,13.0,R,0.0,R,13.0,R,12.0,R,92.0,R,0.0,R,0.0,R,0.0,R,0.0,A,,R,12
419341,2009,R,33.0,R,33.0,R,100.0,R,23.0,R,0.0,R,23.0,R,16.0,R,70.0,R,0.0,R,0.0,R,0.0,R,0.0,A,,R,15
419411,2009,A,,A,,A,,R,15.0,R,0.0,R,15.0,R,10.0,R,67.0,R,13.0,R,0.0,R,13.0,R,8.0,R,62.0,R,10
419420,2009,A,,A,,A,,R,41.0,Z,0.0,R,41.0,R,36.0,R,88.0,R,19.0,Z,0.0,R,19.0,R,10.0,R,53.0,R,9
419439,2009,A,,A,,A,,R,22.0,R,2.0,R,20.0,R,16.0,R,80.0,R,0.0,R,0.0,R,0.0,R,0.0,A,,R,6
419457,2009,R,14.0,R,17.0,R,82.0,A,,A,,A,,A,,A,,A,,A,,A,,A,,A,,R,12
419484,2009,A,,A,,A,,R,23.0,R,0.0,R,23.0,R,23.0,R,100.0,R,0.0,R,0.0,R,0.0,R,0.0,A,,R,8
419509,2009,A,,A,,A,,R,156.0,R,0.0,R,156.0,R,72.0,R,46.0,R,0.0,R,0.0,R,0.0,R,0.0,A,,R,13
419572,2009,A,,A,,A,,R,0.0,R,0.0,R,0.0,R,0.0,A,,R,16.0,R,0.0,R,16.0,R,2.0,R,13.0,R,14
419633,2009,A,,A,,A,,R,34.0,R,0.0,R,34.0,R,25.0,R,74.0,R,0.0,R,0.0,R,0.0,R,0.0,A,,R,6
419660,2009,A,,A,,A,,R,157.0,R,0.0,R,157.0,R,114.0,R,73.0,R,0.0,R,0.0,R,0.0,R,0.0,A,,R,23
419703,2009,A,,A,,A,,R,271.0,Z,0.0,R,271.0,R,197.0,R,73.0,Z,0.0,Z,0.0,Z,0.0,Z,0.0,A,,R,29
419712,2009,A,,A,,A,,R,152.0,R,0.0,R,152.0,R,103.0,R,68.0,Z,0.0,Z,0.0,Z,0.0,Z,0.0,A,,R,20
419721,2009,A,,A,,A,,R,206.0,Z,0.0,R,206.0,R,137.0,R,67.0,Z,0.0,Z,0.0,Z,0.0,Z,0.0,A,,R,20
420006,2009,R,55.0,R,106.0,R,52.0,R,76.0,R,0.0,R,76.0,R,27.0,R,36.0,R,47.0,R,0.0,R,47.0,R,21.0,R,45.0,R,11
420024,2009,A,,A,,A,,R,49.0,R,0.0,R,49.0,R,30.0,R,61.0,Z,0.0,Z,0.0,Z,0.0,Z,0.0,A,,R,24
420042,2009,A,,A,,A,,R,64.0,R,0.0,R,64.0,R,29.0,R,45.0,R,0.0,R,0.0,R,0.0,R,0.0,A,,R,10
420103,2009,A,,A,,A,,R,75.0,R,0.0,R,75.0,R,24.0,R,32.0,R,0.0,R,0.0,R,0.0,R,0.0,A,,R,25
420130,2009,A,,A,,A,,R,78.0,R,0.0,R,78.0,R,54.0,R,69.0,R,16.0,R,0.0,R,16.0,R,8.0,R,50.0,R,21
420194,2009,A,,A,,A,,R,58.0,R,0.0,R,58.0,R,51.0,R,88.0,R,0.0,R,0.0,R,0.0,R,0.0,A,,R,10
420200,2009,A,,A,,A,,R,19.0,R,0.0,R,19.0,R,17.0,R,89.0,R,77.0,R,2.0,R,75.0,R,70.0,R,93.0,R,10
420255,2009,A,,A,,A,,R,63.0,R,0.0,R,63.0,R,51.0,R,81.0,R,0.0,R,0.0,R,0.0,R,0.0,A,,R,20
420307,2009,R,748.0,R,1602.0,R,47.0,R,594.0,R,0.0,R,594.0,R,414.0,R,70.0,R,823.0,R,0.0,R,823.0,R,425.0,R,52.0,R,29
420316,2009,R,133.0,R,155.0,R,86.0,R,0.0,R,0.0,R,0.0,R,0.0,A,,R,0.0,R,0.0,R,0.0,R,0.0,A,,R,14
420325,2009,R,25.0,R,31.0,R,81.0,R,19.0,R,0.0,R,19.0,R,19.0,R,100.0,R,0.0,R,0.0,R,0.0,R,0.0,A,,R,12
420343,2009,A,,A,,A,,R,212.0,Z,0.0,R,212.0,R,132.0,R,62.0,Z,0.0,Z,0.0,Z,0.0,Z,0.0,A,,R,32
420352,2009,R,4.0,R,11.0,R,36.0,R,3.0,Z,0.0,R,3.0,R,2.0,R,67.0,R,2.0,Z,0.0,R,2.0,R,1.0,R,50.0,R,4
420370,2009,A,,A,,A,,A,,A,,A,,A,,A,,A,,A,,A,,A,,A,,R,32
420398,2009,R,764.0,R,3604.0,R,21.0,R,636.0,Z,0.0,R,636.0,R,459.0,R,72.0,R,1054.0,Z,0.0,R,1054.0,R,579.0,R,55.0,R,20
420404,2009,R,130.0,R,163.0,R,80.0,R,128.0,R,4.0,R,124.0,R,64.0,R,52.0,R,6.0,R,0.0,R,6.0,R,2.0,R,33.0,R,33
420431,2009,R,161.0,R,386.0,R,42.0,R,81.0,R,0.0,R,81.0,R,53.0,R,65.0,R,124.0,R,0.0,R,124.0,R,70.0,R,56.0,R,16
420440,2009,R,137.0,R,328.0,R,42.0,R,153.0,R,0.0,R,153.0,R,137.0,R,90.0,R,130.0,R,0.0,R,130.0,R,67.0,R,52.0,R,17
420459,2009,A,,A,,A,,R,45.0,R,0.0,R,45.0,R,32.0,R,71.0,R,13.0,R,0.0,R,13.0,R,2.0,R,15.0,R,7
420468,2009,A,,A,,A,,R,149.0,R,0.0,R,149.0,R,87.0,R,58.0,R,55.0,R,0.0,R,55.0,R,33.0,R,60.0,R,10
420495,2009,A,,A,,A,,R,161.0,R,0.0,R,161.0,R,107.0,R,66.0,Z,0.0,Z,0.0,Z,0.0,Z,0.0,A,,R,21
420501,2009,A,,A,,A,,R,172.0,R,1.0,R,171.0,R,114.0,R,67.0,R,0.0,Z,0.0,R,0.0,R,0.0,A,,R,37
420538,2009,R,220.0,R,475.0,R,46.0,R,233.0,Z,0.0,R,233.0,R,135.0,R,58.0,R,86.0,Z,0.0,R,86.0,R,17.0,R,20.0,R,22
420556,2009,R,46.0,R,230.0,R,20.0,R,33.0,R,0.0,R,33.0,R,16.0,R,48.0,R,80.0,R,0.0,R,80.0,R,22.0,R,28.0,R,14
420608,2009,A,,A,,A,,R,38.0,Z,0.0,R,38.0,R,30.0,R,79.0,R,1.0,Z,0.0,R,1.0,R,1.0,R,100.0,R,30
420723,2009,R,36.0,R,105.0,R,34.0,R,6.0,R,0.0,R,6.0,R,3.0,R,50.0,R,58.0,R,0.0,R,58.0,R,20.0,R,34.0,R,12
420866,2009,R,12.0,R,17.0,R,71.0,A,,A,,A,,A,,A,,A,,A,,A,,A,,A,,R,11
420981,2009,A,,A,,A,,R,60.0,R,0.0,R,60.0,R,60.0,R,100.0,R,0.0,R,0.0,R,0.0,R,0.0,A,,R,24
421009,2009,A,,A,,A,,R,129.0,R,0.0,R,129.0,R,36.0,R,28.0,R,0.0,R,0.0,R,0.0,R,0.0,A,,R,18
421018,2009,A,,A,,A,,R,222.0,R,0.0,R,222.0,R,74.0,R,33.0,R,0.0,R,0.0,R,0.0,R,0.0,A,,R,14
421513,2009,R,91.0,R,91.0,R,100.0,R,96.0,R,0.0,R,96.0,R,41.0,R,43.0,Z,0.0,Z,0.0,Z,0.0,Z,0.0,A,,R,10
421540,2009,A,,A,,A,,R,31.0,R,0.0,R,31.0,R,28.0,R,90.0,R,18.0,R,0.0,R,18.0,R,15.0,R,83.0,R,8
421559,2009,A,,A,,A,,R,35.0,R,0.0,R,35.0,R,31.0,R,89.0,R,11.0,R,0.0,R,11.0,R,8.0,R,73.0,R,9
421586,2009,A,,A,,A,,R,144.0,R,0.0,R,144.0,R,58.0,R,40.0,R,0.0,R,0.0,R,0.0,R,0.0,A,,R,20
421610,2009,A,,A,,A,,R,16.0,R,0.0,R,16.0,R,16.0,R,100.0,R,13.0,R,3.0,R,10.0,R,10.0,R,100.0,R,10
421665,2009,A,,A,,A,,R,5.0,R,0.0,R,5.0,R,5.0,R,100.0,R,7.0,R,0.0,R,7.0,R,5.0,R,71.0,R,8
421708,2009,A,,A,,A,,R,45.0,R,0.0,R,45.0,R,34.0,R,76.0,R,0.0,R,0.0,R,0.0,R,0.0,A,,R,16
421717,2009,A,,A,,A,,R,8.0,R,0.0,R,8.0,R,7.0,R,88.0,R,0.0,R,0.0,R,0.0,R,0.0,A,,R,10
421771,2009,A,,A,,A,,R,19.0,R,0.0,R,19.0,R,15.0,R,79.0,R,0.0,R,0.0,R,0.0,R,0.0,A,,R,25
421832,2009,R,106.0,R,106.0,R,100.0,R,143.0,R,0.0,R,143.0,R,91.0,R,64.0,R,0.0,R,0.0,R,0.0,R,0.0,A,,R,7
421841,2009,A,,A,,A,,R,118.0,R,0.0,R,118.0,R,59.0,R,50.0,R,0.0,R,0.0,R,0.0,R,0.0,A,,R,22
421878,2009,A,,A,,A,,R,60.0,R,0.0,R,60.0,R,51.0,R,85.0,R,17.0,R,0.0,R,17.0,R,14.0,R,82.0,R,16
421896,2009,A,,A,,A,,R,98.0,R,0.0,R,98.0,R,71.0,R,72.0,R,0.0,R,0.0,R,0.0,R,0.0,A,,R,15
422020,2009,A,,A,,A,,R,12.0,R,0.0,R,12.0,R,6.0,R,50.0,R,0.0,Z,0.0,R,0.0,Z,0.0,A,,R,14
422190,2009,A,,A,,A,,R,3.0,R,0.0,R,3.0,R,2.0,R,67.0,R,14.0,R,0.0,R,14.0,R,11.0,R,79.0,R,18
422695,2009,A,,A,,A,,R,230.0,R,0.0,R,230.0,R,193.0,R,84.0,R,0.0,R,0.0,R,0.0,R,0.0,A,,R,15
422835,2009,A,,A,,A,,R,17.0,R,0.0,R,17.0,R,11.0,R,65.0,R,0.0,R,0.0,R,0.0,R,0.0,A,,R,12
423120,2009,A,,A,,A,,A,,A,,A,,A,,A,,A,,A,,A,,A,,A,,R,30
423397,2009,A,,A,,A,,R,37.0,R,0.0,R,37.0,R,28.0,R,76.0,R,0.0,R,0.0,R,0.0,R,0.0,A,,R,19
423412,2009,A,,A,,A,,R,24.0,R,0.0,R,24.0,R,24.0,R,100.0,R,0.0,R,0.0,R,0.0,R,0.0,A,,R,4
423476,2009,R,51.0,R,118.0,R,43.0,R,74.0,Z,0.0,R,74.0,R,24.0,R,32.0,R,19.0,Z,0.0,R,19.0,R,5.0,R,26.0,R,9
423582,2009,A,,A,,A,,R,104.0,R,0.0,R,104.0,R,50.0,R,48.0,R,41.0,R,0.0,R,41.0,R,30.0,R,73.0,R,9
423643,2009,A,,A,,A,,A,,A,,A,,A,,A,,A,,A,,A,,A,,A,,R,1
423652,2009,R,41.0,R,360.0,R,11.0,R,31.0,R,0.0,R,31.0,R,12.0,R,39.0,R,54.0,R,0.0,R,54.0,R,22.0,R,41.0,R,15
423670,2009,R,16.0,R,49.0,R,33.0,R,0.0,R,0.0,R,0.0,R,0.0,A,,R,0.0,R,0.0,R,0.0,R,0.0,A,,R,9
423980,2009,A,,A,,A,,R,533.0,R,0.0,R,533.0,R,455.0,R,85.0,R,2.0,R,0.0,R,2.0,R,1.0,R,50.0,R,16
424008,2009,A,,A,,A,,R,19.0,R,0.0,R,19.0,R,19.0,R,100.0,R,0.0,R,0.0,R,0.0,R,0.0,A,,R,15
424424,2009,A,,A,,A,,R,78.0,R,0.0,R,78.0,R,51.0,R,65.0,R,0.0,R,0.0,R,0.0,R,0.0,A,,R,16
425250,2009,A,,A,,A,,R,13.0,R,0.0,R,13.0,R,5.0,R,38.0,R,9.0,R,0.0,R,9.0,R,8.0,R,89.0,R,12
425393,2009,A,,A,,A,,A,,A,,A,,A,,A,,A,,A,,A,,A,,A,,R,3
425870,2009,A,,A,,A,,A,,A,,A,,A,,A,,A,,A,,A,,A,,A,,R,3
425889,2009,A,,A,,A,,R,172.0,Z,0.0,R,172.0,R,104.0,R,60.0,R,0.0,Z,0.0,R,0.0,Z,0.0,A,,R,35
425986,2009,A,,A,,A,,R,34.0,R,0.0,R,34.0,R,22.0,R,65.0,R,1.0,R,0.0,R,1.0,R,1.0,R,100.0,R,22
426314,2009,R,81.0,R,1926.0,R,4.0,R,37.0,R,0.0,R,37.0,R,21.0,R,57.0,R,310.0,R,0.0,R,310.0,R,105.0,R,34.0,R,5
427025,2009,A,,A,,A,,R,1104.0,R,0.0,R,1104.0,R,1035.0,R,94.0,R,0.0,R,0.0,R,0.0,R,0.0,A,,R,48
427308,2009,A,,A,,A,,R,96.0,R,0.0,R,96.0,R,68.0,R,71.0,Z,0.0,R,0.0,R,0.0,Z,0.0,A,,R,17
427335,2009,A,,A,,A,,A,,A,,A,,A,,A,,A,,A,,A,,A,,A,,R,4
427663,2009,R,90.0,R,125.0,R,72.0,R,51.0,R,0.0,R,51.0,R,29.0,R,57.0,R,8.0,R,0.0,R,8.0,R,2.0,R,25.0,R,24
427894,2009,A,,A,,A,,R,26.0,R,0.0,R,26.0,R,24.0,R,92.0,R,123.0,R,0.0,R,123.0,R,109.0,R,89.0,R,20
427919,2009,A,,A,,A,,R,182.0,R,0.0,R,182.0,R,140.0,R,77.0,R,64.0,R,0.0,R,64.0,R,43.0,R,67.0,R,20
427973,2009,A,,A,,A,,R,36.0,R,0.0,R,36.0,R,13.0,R,36.0,R,0.0,R,0.0,R,0.0,R,0.0,A,,R,14
427982,2009,A,,A,,A,,R,37.0,R,1.0,R,36.0,R,12.0,R,33.0,Z,0.0,Z,0.0,Z,0.0,Z,0.0,A,,R,10
427991,2009,A,,A,,A,,R,91.0,R,0.0,R,91.0,R,68.0,R,75.0,R,55.0,R,0.0,R,55.0,R,23.0,R,42.0,R,17
428000,2009,A,,A,,A,,A,,A,,A,,A,,A,,A,,A,,A,,A,,A,,R,15
428019,2009,A,,A,,A,,R,18.0,R,0.0,R,18.0,R,17.0,R,94.0,R,7.0,R,0.0,R,7.0,R,7.0,R,100.0,R,12
428037,2009,A,,A,,A,,A,,A,,A,,A,,A,,A,,A,,A,,A,,A,,R,11
428055,2009,A,,A,,A,,R,51.0,R,0.0,R,51.0,R,30.0,R,59.0,R,0.0,R,0.0,R,0.0,R,0.0,A,,R,27
428073,2009,A,,A,,A,,R,7.0,R,0.0,R,7.0,R,7.0,R,100.0,R,0.0,R,0.0,R,0.0,R,0.0,A,,R,28
428125,2009,A,,A,,A,,R,9.0,R,0.0,R,9.0,R,8.0,R,89.0,R,0.0,R,0.0,R,0.0,R,0.0,A,,R,25
428143,2009,A,,A,,A,,R,79.0,R,4.0,R,75.0,R,47.0,R,63.0,Z,0.0,Z,0.0,Z,0.0,Z,0.0,A,,R,50
428170,2009,R,403.0,R,570.0,R,71.0,R,336.0,Z,0.0,R,336.0,R,168.0,R,50.0,R,82.0,Z,0.0,R,82.0,R,82.0,R,100.0,R,14
428259,2009,A,,A,,A,,A,,A,,A,,A,,A,,A,,A,,A,,A,,A,,R,8
428268,2009,R,11.0,R,11.0,R,100.0,R,2.0,R,0.0,R,2.0,R,1.0,R,50.0,R,0.0,R,0.0,R,0.0,R,0.0,A,,R,9
428286,2009,R,390.0,R,524.0,R,74.0,R,303.0,R,0.0,R,303.0,R,201.0,R,66.0,R,31.0,R,0.0,R,31.0,R,15.0,R,48.0,R,22
428295,2009,A,,A,,A,,A,,A,,A,,A,,A,,A,,A,,A,,A,,A,,R,5
428329,2009,R,38.0,R,40.0,R,95.0,R,40.0,R,0.0,R,40.0,R,25.0,R,63.0,R,0.0,R,0.0,R,0.0,R,0.0,A,,R,15
428392,2009,R,174.0,R,582.0,R,30.0,R,214.0,R,0.0,R,214.0,R,76.0,R,36.0,R,194.0,R,0.0,R,194.0,R,62.0,R,32.0,R,22
428444,2009,R,353.0,R,409.0,R,86.0,R,233.0,R,0.0,R,233.0,R,153.0,R,66.0,R,40.0,R,0.0,R,40.0,R,16.0,R,40.0,R,17
429100,2009,A,,A,,A,,A,,A,,A,,A,,A,,A,,A,,A,,A,,A,,R,17
429128,2009,R,3.0,R,109.0,R,3.0,R,3.0,R,0.0,R,3.0,R,1.0,R,33.0,R,74.0,R,0.0,R,74.0,R,27.0,R,36.0,R,12
429599,2009,R,215.0,R,259.0,R,83.0,R,3.0,R,0.0,R,3.0,R,2.0,R,67.0,R,0.0,R,0.0,R,0.0,R,0.0,A,,R,28
430050,2009,A,,A,,A,,R,77.0,R,0.0,R,77.0,R,54.0,R,70.0,R,0.0,R,0.0,R,0.0,R,0.0,A,,R,36
430087,2009,R,39.0,R,192.0,R,20.0,R,43.0,Z,0.0,R,43.0,R,24.0,R,56.0,R,18.0,Z,0.0,R,18.0,R,8.0,R,44.0,R,19
430096,2009,A,,A,,A,,R,101.0,R,0.0,R,101.0,R,63.0,R,62.0,R,46.0,R,3.0,R,43.0,R,24.0,R,56.0,R,27
430102,2009,R,4.0,R,41.0,R,10.0,A,,A,,A,,A,,A,,A,,A,,A,,A,,A,,R,12
430148,2009,R,92.0,R,212.0,R,43.0,R,55.0,Z,0.0,R,55.0,R,34.0,R,62.0,R,63.0,Z,0.0,R,63.0,R,33.0,R,52.0,R,21
430157,2009,R,79.0,R,111.0,R,71.0,R,27.0,R,0.0,R,27.0,R,20.0,R,74.0,R,0.0,R,0.0,R,0.0,R,0.0,A,,R,45
430166,2009,R,62.0,R,95.0,R,65.0,R,45.0,R,0.0,R,45.0,R,37.0,R,82.0,R,0.0,R,0.0,R,0.0,R,0.0,A,,R,30
430175,2009,A,,A,,A,,R,235.0,R,0.0,R,235.0,R,143.0,R,61.0,R,0.0,R,0.0,R,0.0,R,0.0,A,,R,24
430218,2009,A,,A,,A,,R,66.0,Z,0.0,R,66.0,R,43.0,R,65.0,R,24.0,Z,0.0,R,24.0,R,15.0,R,63.0,R,12
430227,2009,A,,A,,A,,R,55.0,Z,0.0,R,55.0,R,40.0,R,73.0,R,21.0,Z,0.0,R,21.0,R,8.0,R,38.0,R,25
430245,2009,A,,A,,A,,R,116.0,Z,0.0,R,116.0,R,73.0,R,63.0,Z,0.0,Z,0.0,Z,0.0,Z,0.0,A,,R,8
430254,2009,A,,A,,A,,A,,A,,A,,A,,A,,A,,A,,A,,A,,A,,R,25
430263,2009,R,118.0,R,162.0,R,73.0,R,30.0,R,1.0,R,29.0,R,19.0,R,66.0,R,6.0,R,1.0,R,5.0,R,0.0,R,0.0,R,30
430342,2009,A,,A,,A,,R,265.0,R,0.0,R,265.0,R,230.0,R,87.0,R,0.0,R,0.0,R,0.0,R,0.0,A,,R,20
430351,2009,R,90.0,R,118.0,R,76.0,R,61.0,R,4.0,R,57.0,R,26.0,R,46.0,R,5.0,R,1.0,R,4.0,R,0.0,R,0.0,R,21
430360,2009,R,57.0,R,72.0,R,79.0,R,58.0,R,3.0,R,55.0,R,33.0,R,60.0,R,5.0,R,0.0,R,5.0,R,2.0,R,40.0,R,16
430379,2009,R,141.0,R,171.0,R,82.0,R,131.0,R,4.0,R,127.0,R,57.0,R,45.0,R,25.0,R,0.0,R,25.0,R,7.0,R,28.0,R,24
430388,2009,R,80.0,R,105.0,R,76.0,R,85.0,R,1.0,R,84.0,R,58.0,R,69.0,R,9.0,R,2.0,R,7.0,R,2.0,R,29.0,R,25
430403,2009,A,,A,,A,,R,35.0,R,0.0,R,35.0,R,24.0,R,69.0,R,16.0,R,0.0,R,16.0,R,11.0,R,69.0,R,12
430421,2009,A,,A,,A,,R,129.0,R,1.0,R,128.0,R,75.0,R,59.0,R,0.0,R,0.0,R,0.0,R,0.0,A,,R,24
430485,2009,R,48.0,R,51.0,R,94.0,R,47.0,R,0.0,R,47.0,R,39.0,R,83.0,R,0.0,R,0.0,R,0.0,R,0.0,A,,R,35
430500,2009,A,,A,,A,,R,1.0,R,0.0,R,1.0,R,1.0,R,100.0,R,0.0,R,0.0,R,0.0,R,0.0,A,,R,1
430564,2009,A,,A,,A,,A,,A,,A,,A,,A,,A,,A,,A,,A,,A,,R,8
430582,2009,A,,A,,A,,A,,A,,A,,A,,A,,A,,A,,A,,A,,A,,R,50
430795,2009,A,,A,,A,,R,41.0,Z,0.0,R,41.0,R,36.0,R,88.0,R,24.0,Z,0.0,R,24.0,R,20.0,R,83.0,R,7
430810,2009,R,119.0,R,142.0,R,84.0,R,114.0,R,1.0,R,113.0,R,80.0,R,71.0,R,0.0,R,0.0,R,0.0,R,0.0,A,,R,9
430847,2009,A,,A,,A,,R,4.0,R,0.0,R,4.0,R,2.0,R,50.0,R,0.0,R,0.0,R,0.0,R,0.0,A,,R,18
430883,2009,A,,A,,A,,R,33.0,R,0.0,R,33.0,R,28.0,R,85.0,R,0.0,R,0.0,R,0.0,R,0.0,A,,R,8
430908,2009,A,,A,,A,,R,27.0,R,0.0,R,27.0,R,21.0,R,78.0,R,0.0,R,0.0,R,0.0,R,0.0,A,,R,12
430917,2009,A,,A,,A,,R,39.0,R,1.0,R,38.0,R,21.0,R,55.0,Z,0.0,Z,0.0,Z,0.0,Z,0.0,A,,R,12
430935,2009,R,138.0,R,220.0,R,63.0,R,106.0,Z,0.0,R,106.0,R,69.0,R,65.0,R,3.0,Z,0.0,R,3.0,R,2.0,R,67.0,R,28
430971,2009,A,,A,,A,,R,39.0,R,0.0,R,39.0,R,30.0,R,77.0,R,0.0,R,0.0,R,0.0,R,0.0,A,,R,40
430980,2009,A,,A,,A,,A,,A,,A,,A,,A,,A,,A,,A,,A,,A,,R,15
430999,2009,A,,A,,A,,R,58.0,R,0.0,R,58.0,R,54.0,R,93.0,R,0.0,R,0.0,R,0.0,Z,0.0,A,,R,20
431017,2009,A,,A,,A,,R,63.0,R,0.0,R,63.0,R,10.0,R,16.0,R,20.0,R,0.0,R,20.0,R,3.0,R,15.0,R,3
431026,2009,A,,A,,A,,R,154.0,R,2.0,R,152.0,R,121.0,R,80.0,R,83.0,R,1.0,R,82.0,R,62.0,R,76.0,R,14
431071,2009,A,,A,,A,,R,26.0,R,0.0,R,26.0,R,21.0,R,81.0,R,14.0,R,0.0,R,14.0,R,10.0,R,71.0,R,22
431099,2009,A,,A,,A,,R,26.0,R,0.0,R,26.0,R,19.0,R,73.0,R,21.0,R,0.0,R,21.0,R,18.0,R,86.0,R,12
431105,2009,A,,A,,A,,R,26.0,R,0.0,R,26.0,R,20.0,R,77.0,R,13.0,R,0.0,R,13.0,R,9.0,R,69.0,R,13
431123,2009,A,,A,,A,,R,242.0,Z,0.0,R,242.0,R,199.0,R,82.0,Z,0.0,Z,0.0,Z,0.0,Z,0.0,A,,R,15
431141,2009,A,,A,,A,,R,894.0,R,13.0,R,881.0,R,647.0,R,73.0,R,11.0,R,0.0,R,11.0,R,11.0,R,100.0,R,16
431169,2009,A,,A,,A,,R,120.0,R,0.0,R,120.0,R,101.0,R,84.0,R,0.0,R,0.0,R,0.0,R,0.0,A,,R,10
431196,2009,A,,A,,A,,R,114.0,R,0.0,R,114.0,R,71.0,R,62.0,R,0.0,R,0.0,R,0.0,R,0.0,A,,R,30
431266,2009,A,,A,,A,,Z,0.0,Z,0.0,Z,0.0,Z,0.0,A,,R,71.0,Z,0.0,R,71.0,R,14.0,R,20.0,R,4
431275,2009,A,,A,,A,,R,32.0,R,0.0,R,32.0,R,25.0,R,78.0,R,32.0,R,0.0,R,32.0,R,22.0,R,69.0,R,16
431284,2009,A,,A,,A,,R,23.0,R,0.0,R,23.0,R,23.0,R,100.0,R,14.0,R,0.0,R,14.0,R,14.0,R,100.0,R,15
431309,2009,R,393.0,R,393.0,R,100.0,R,480.0,R,2.0,R,478.0,R,421.0,R,88.0,Z,0.0,Z,0.0,Z,0.0,Z,0.0,A,,R,22
431558,2009,A,,A,,A,,R,144.0,R,0.0,R,144.0,R,103.0,R,72.0,R,0.0,R,0.0,R,0.0,R,0.0,A,,R,16
431600,2009,A,,A,,A,,R,29.0,R,0.0,R,29.0,R,17.0,R,59.0,R,0.0,R,0.0,R,0.0,R,0.0,A,,R,75
431637,2009,A,,A,,A,,R,77.0,R,0.0,R,77.0,R,39.0,R,51.0,R,87.0,R,0.0,R,87.0,R,45.0,R,52.0,R,21
431691,2009,A,,A,,A,,R,29.0,Z,0.0,R,29.0,R,27.0,R,93.0,R,0.0,R,0.0,R,0.0,R,0.0,A,,R,12
431716,2009,A,,A,,A,,R,262.0,Z,0.0,R,262.0,R,99.0,R,38.0,Z,0.0,Z,0.0,Z,0.0,Z,0.0,A,,R,3
431770,2009,A,,A,,A,,R,18.0,R,0.0,R,18.0,R,17.0,R,94.0,R,47.0,R,0.0,R,47.0,R,47.0,R,100.0,R,8
431877,2009,A,,A,,A,,R,21.0,R,0.0,R,21.0,R,17.0,R,81.0,R,19.0,R,0.0,R,19.0,R,19.0,R,100.0,R,10
431886,2009,A,,A,,A,,R,279.0,R,2.0,R,277.0,R,186.0,R,67.0,R,0.0,R,0.0,R,0.0,R,0.0,A,,R,19
431929,2009,A,,A,,A,,R,39.0,R,0.0,R,39.0,R,23.0,R,59.0,R,0.0,R,0.0,R,0.0,R,0.0,A,,R,13
431956,2009,A,,A,,A,,R,9.0,R,0.0,R,9.0,R,6.0,R,67.0,Z,0.0,Z,0.0,Z,0.0,Z,0.0,A,,R,15
431965,2009,A,,A,,A,,R,23.0,Z,0.0,R,23.0,R,20.0,R,87.0,Z,0.0,Z,0.0,Z,0.0,Z,0.0,A,,R,20
431983,2009,R,39.0,R,40.0,R,98.0,R,27.0,R,0.0,R,27.0,R,23.0,R,85.0,R,0.0,R,0.0,R,0.0,R,0.0,A,,R,26
432074,2009,A,,A,,A,,R,23.0,R,0.0,R,23.0,R,12.0,R,52.0,R,15.0,R,0.0,R,15.0,R,7.0,R,47.0,R,13
432117,2009,A,,A,,A,,R,5.0,R,0.0,R,5.0,R,5.0,R,100.0,R,24.0,R,0.0,R,24.0,R,22.0,R,92.0,R,20
432199,2009,R,241.0,R,484.0,R,50.0,R,166.0,R,0.0,R,166.0,R,68.0,R,41.0,R,33.0,R,0.0,R,33.0,R,6.0,R,18.0,R,20
432214,2009,R,44.0,R,189.0,R,23.0,R,25.0,R,0.0,R,25.0,R,10.0,R,40.0,R,36.0,R,0.0,R,36.0,R,14.0,R,39.0,R,22
432223,2009,A,,A,,A,,R,32.0,R,0.0,R,32.0,R,14.0,R,44.0,R,0.0,R,0.0,R,0.0,R,0.0,A,,R,9
432232,2009,A,,A,,A,,R,51.0,R,0.0,R,51.0,R,9.0,R,18.0,R,0.0,R,0.0,R,0.0,R,0.0,A,,R,16
432241,2009,A,,A,,A,,R,41.0,R,0.0,R,41.0,R,15.0,R,37.0,R,0.0,R,0.0,R,0.0,R,0.0,A,,R,11
432269,2009,A,,A,,A,,R,188.0,R,0.0,R,188.0,R,160.0,R,85.0,R,0.0,R,0.0,R,0.0,R,0.0,A,,R,20
432302,2009,A,,A,,A,,R,229.0,R,0.0,R,229.0,R,165.0,R,72.0,R,0.0,R,0.0,R,0.0,R,0.0,A,,R,31
432384,2009,A,,A,,A,,R,297.0,R,0.0,R,297.0,R,284.0,R,96.0,R,0.0,R,0.0,R,0.0,R,0.0,A,,R,19
432524,2009,R,119.0,R,130.0,R,92.0,R,109.0,Z,0.0,R,109.0,R,69.0,R,63.0,R,5.0,Z,0.0,R,5.0,R,2.0,R,40.0,R,15
432533,2009,R,555.0,R,745.0,R,74.0,R,357.0,R,0.0,R,357.0,R,201.0,R,56.0,R,99.0,R,0.0,R,99.0,R,30.0,R,30.0,R,20
433004,2009,A,,A,,A,,R,45.0,R,4.0,R,41.0,R,10.0,R,24.0,R,50.0,R,9.0,R,41.0,R,10.0,R,24.0,R,15
433013,2009,A,,A,,A,,R,134.0,R,0.0,R,134.0,R,101.0,R,75.0,R,1.0,R,0.0,R,1.0,R,1.0,R,100.0,R,28
433040,2009,A,,A,,A,,R,45.0,R,0.0,R,45.0,R,29.0,R,64.0,R,0.0,R,0.0,R,0.0,R,0.0,A,,R,4
433068,2009,A,,A,,A,,R,97.0,R,0.0,R,97.0,R,58.0,R,60.0,R,46.0,R,0.0,R,46.0,R,24.0,R,52.0,R,8
433101,2009,A,,A,,A,,R,382.0,Z,0.0,R,382.0,R,286.0,R,75.0,R,0.0,R,0.0,R,0.0,R,0.0,A,,R,39
433138,2009,A,,A,,A,,R,83.0,R,0.0,R,83.0,R,67.0,R,81.0,R,167.0,R,0.0,R,167.0,R,157.0,R,94.0,R,6
433165,2009,A,,A,,A,,A,,A,,A,,A,,A,,A,,A,,A,,A,,A,,R,2
433174,2009,A,,A,,A,,R,9.0,Z,0.0,R,9.0,R,9.0,R,100.0,R,13.0,Z,0.0,R,13.0,R,10.0,R,77.0,R,12
433387,2009,A,,A,,A,,R,1083.0,R,10.0,R,1073.0,R,752.0,R,70.0,R,0.0,R,0.0,R,0.0,R,0.0,A,,R,47
433420,2009,A,,A,,A,,R,86.0,Z,0.0,R,86.0,R,47.0,R,55.0,Z,0.0,Z,0.0,Z,0.0,Z,0.0,A,,R,22
433466,2009,A,,A,,A,,A,,A,,A,,A,,A,,A,,A,,A,,A,,A,,R,60
433536,2009,R,35.0,R,72.0,R,49.0,R,11.0,R,0.0,R,11.0,R,4.0,R,36.0,R,5.0,R,0.0,R,5.0,R,3.0,R,60.0,R,13
433563,2009,R,244.0,R,249.0,R,98.0,R,196.0,R,1.0,R,195.0,R,145.0,R,74.0,R,75.0,R,0.0,R,75.0,R,55.0,R,73.0,R,10
433660,2009,R,1967.0,R,3142.0,R,63.0,R,1830.0,Z,0.0,R,1830.0,R,1430.0,R,78.0,R,44.0,Z,0.0,R,44.0,R,27.0,R,61.0,R,22
433970,2009,A,,A,,A,,R,44.0,R,2.0,R,42.0,R,29.0,R,69.0,R,19.0,R,0.0,R,19.0,R,13.0,R,68.0,R,28
434016,2009,R,15.0,R,54.0,R,28.0,R,23.0,R,0.0,R,23.0,R,10.0,R,43.0,R,9.0,R,1.0,R,8.0,R,3.0,R,38.0,R,11
434034,2009,A,,A,,A,,A,,A,,A,,A,,A,,A,,A,,A,,A,,A,,R,9
434052,2009,R,128.0,R,156.0,R,82.0,R,125.0,R,4.0,R,121.0,R,60.0,R,50.0,R,10.0,R,0.0,R,10.0,R,0.0,R,0.0,R,30
434061,2009,R,313.0,R,2105.0,R,15.0,R,306.0,R,0.0,R,306.0,R,178.0,R,58.0,R,188.0,R,0.0,R,188.0,R,132.0,R,70.0,R,34
434122,2009,A,,A,,A,,R,4.0,Z,0.0,R,4.0,R,4.0,R,100.0,Z,0.0,Z,0.0,Z,0.0,Z,0.0,A,,R,4
434140,2009,A,,A,,A,,R,277.0,R,0.0,R,277.0,R,199.0,R,72.0,R,0.0,R,0.0,R,0.0,R,0.0,A,,R,25
434159,2009,A,,A,,A,,R,144.0,Z,0.0,R,144.0,R,75.0,R,52.0,R,0.0,Z,0.0,R,0.0,Z,0.0,A,,R,30
434274,2009,A,,A,,A,,R,47.0,R,2.0,R,45.0,R,39.0,R,87.0,R,31.0,R,1.0,R,30.0,R,26.0,R,87.0,R,8
434283,2009,A,,A,,A,,R,3.0,R,0.0,R,3.0,R,1.0,R,33.0,R,12.0,Z,0.0,R,12.0,R,10.0,R,83.0,R,8
434308,2009,A,,A,,A,,A,,A,,A,,A,,A,,A,,A,,A,,A,,A,,R,38
434317,2009,A,,A,,A,,R,264.0,R,19.0,R,245.0,R,164.0,R,67.0,R,0.0,R,0.0,R,0.0,R,0.0,A,,R,20
434326,2009,A,,A,,A,,R,13.0,R,0.0,R,13.0,R,7.0,R,54.0,R,21.0,R,0.0,R,21.0,R,14.0,R,67.0,R,4
434344,2009,A,,A,,A,,R,10.0,Z,0.0,R,10.0,R,2.0,R,20.0,R,4.0,Z,0.0,R,4.0,R,1.0,R,25.0,R,8
434362,2009,A,,A,,A,,R,18.0,R,0.0,R,18.0,R,15.0,R,83.0,R,15.0,R,0.0,R,15.0,R,9.0,R,60.0,R,22
434371,2009,A,,A,,A,,R,10.0,R,1.0,R,9.0,R,8.0,R,89.0,R,4.0,R,0.0,R,4.0,R,3.0,R,75.0,R,4
434380,2009,A,,A,,A,,R,59.0,R,0.0,R,59.0,R,11.0,R,19.0,Z,0.0,Z,0.0,Z,0.0,Z,0.0,A,,R,12
434414,2009,R,22.0,R,59.0,R,37.0,R,24.0,R,0.0,R,24.0,R,11.0,R,46.0,R,0.0,R,0.0,R,0.0,R,0.0,A,,R,5
434432,2009,R,23.0,R,25.0,R,92.0,R,17.0,R,0.0,R,17.0,R,12.0,R,71.0,R,1.0,R,0.0,R,1.0,R,1.0,R,100.0,R,20
434469,2009,A,,A,,A,,A,,A,,A,,A,,A,,A,,A,,A,,A,,A,,R,19
434496,2009,A,,A,,A,,R,15.0,R,0.0,R,15.0,R,11.0,R,73.0,Z,0.0,Z,0.0,Z,0.0,Z,0.0,A,,R,12
434502,2009,A,,A,,A,,R,20.0,R,0.0,R,20.0,R,8.0,R,40.0,R,1.0,R,0.0,R,1.0,R,1.0,R,100.0,R,9
434520,2009,A,,A,,A,,R,99.0,R,3.0,R,96.0,R,68.0,R,71.0,R,57.0,R,1.0,R,56.0,R,37.0,R,66.0,R,21
434539,2009,R,45.0,R,74.0,R,61.0,R,0.0,R,0.0,R,0.0,R,0.0,A,,R,0.0,R,0.0,R,0.0,R,0.0,A,,R,22
434548,2009,R,117.0,R,162.0,R,72.0,R,2.0,R,0.0,R,2.0,R,0.0,R,0.0,R,0.0,R,0.0,R,0.0,R,0.0,A,,R,22
434557,2009,R,64.0,R,96.0,R,67.0,R,9.0,R,1.0,R,8.0,R,3.0,R,38.0,R,7.0,R,0.0,R,7.0,R,2.0,R,29.0,R,25
434566,2009,R,90.0,R,113.0,R,80.0,R,51.0,R,2.0,R,49.0,R,34.0,R,69.0,R,9.0,R,0.0,R,9.0,R,1.0,R,11.0,R,28
434575,2009,R,66.0,R,82.0,R,80.0,R,73.0,R,4.0,R,69.0,R,44.0,R,64.0,R,2.0,R,0.0,R,2.0,R,1.0,R,50.0,R,23
434584,2009,R,12.0,R,68.0,R,18.0,R,8.0,R,0.0,R,8.0,R,6.0,R,75.0,R,6.0,R,0.0,R,6.0,R,1.0,R,17.0,R,6
434672,2009,R,2666.0,R,7356.0,R,36.0,R,2053.0,R,0.0,R,2053.0,R,1212.0,R,59.0,R,1201.0,R,0.0,R,1201.0,R,541.0,R,45.0,R,20
434690,2009,R,114.0,R,146.0,R,78.0,R,92.0,R,1.0,R,91.0,R,62.0,R,68.0,R,0.0,R,0.0,R,0.0,R,0.0,A,,R,29
434751,2009,R,33.0,R,40.0,R,83.0,R,25.0,R,0.0,R,25.0,R,11.0,R,44.0,R,1.0,R,0.0,R,1.0,R,1.0,R,100.0,R,13
434812,2009,A,,A,,A,,A,,A,,A,,A,,A,,A,,A,,A,,A,,A,,R,15
434821,2009,R,129.0,R,293.0,R,44.0,R,15.0,R,0.0,R,15.0,R,14.0,R,93.0,R,43.0,R,0.0,R,43.0,R,21.0,R,49.0,R,13
434830,2009,A,,A,,A,,R,55.0,R,0.0,R,55.0,R,44.0,R,80.0,R,42.0,R,0.0,R,42.0,R,35.0,R,83.0,R,25
434900,2009,A,,A,,A,,R,376.0,R,4.0,R,372.0,R,295.0,R,79.0,Z,0.0,Z,0.0,Z,0.0,Z,0.0,A,,R,21
434937,2009,A,,A,,A,,A,,A,,A,,A,,A,,A,,A,,A,,A,,A,,R,9
434946,2009,A,,A,,A,,R,168.0,R,0.0,R,168.0,R,58.0,R,35.0,R,0.0,R,0.0,R,0.0,R,0.0,A,,R,20
434955,2009,A,,A,,A,,R,51.0,R,0.0,R,51.0,R,22.0,R,43.0,R,0.0,R,0.0,R,0.0,R,0.0,A,,R,14
434964,2009,A,,A,,A,,R,30.0,R,0.0,R,30.0,R,7.0,R,23.0,R,0.0,R,0.0,R,0.0,R,0.0,A,,R,10
434973,2009,A,,A,,A,,R,24.0,R,0.0,R,24.0,R,10.0,R,42.0,R,0.0,R,0.0,R,0.0,R,0.0,A,,R,10
434982,2009,A,,A,,A,,R,68.0,R,0.0,R,68.0,R,29.0,R,43.0,R,0.0,R,0.0,R,0.0,R,0.0,A,,R,12
434991,2009,A,,A,,A,,R,48.0,R,0.0,R,48.0,R,20.0,R,42.0,R,0.0,R,0.0,R,0.0,R,0.0,A,,R,10
435000,2009,A,,A,,A,,A,,A,,A,,A,,A,,A,,A,,A,,A,,A,,R,7
436003,2009,A,,A,,A,,A,,A,,A,,A,,A,,A,,A,,A,,A,,A,,R,21
436012,2009,A,,A,,A,,R,414.0,Z,0.0,R,414.0,R,270.0,R,65.0,Z,0.0,Z,0.0,Z,0.0,Z,0.0,A,,R,20
436030,2009,A,,A,,A,,R,11.0,R,0.0,R,11.0,R,8.0,R,73.0,R,7.0,Z,0.0,R,7.0,R,6.0,R,86.0,R,10
436067,2009,A,,A,,A,,R,23.0,R,1.0,R,22.0,R,16.0,R,73.0,R,0.0,R,0.0,R,0.0,R,0.0,A,,R,11
436094,2009,R,8.0,R,9.0,R,89.0,A,,A,,A,,A,,A,,A,,A,,A,,A,,A,,R,12
436100,2009,A,,A,,A,,R,24.0,R,0.0,R,24.0,R,10.0,R,42.0,R,0.0,R,0.0,R,0.0,R,0.0,A,,R,18
436182,2009,A,,A,,A,,R,143.0,R,0.0,R,143.0,R,109.0,R,76.0,Z,0.0,Z,0.0,Z,0.0,Z,0.0,A,,R,28
436191,2009,A,,A,,A,,R,347.0,R,0.0,R,347.0,R,270.0,R,78.0,R,0.0,R,0.0,R,0.0,R,0.0,A,,R,22
436225,2009,A,,A,,A,,R,155.0,R,1.0,R,154.0,R,103.0,R,67.0,R,0.0,R,0.0,R,0.0,R,0.0,A,,R,37
436270,2009,A,,A,,A,,A,,A,,A,,A,,A,,A,,A,,A,,A,,A,,R,25
436289,2009,A,,A,,A,,R,38.0,R,0.0,R,38.0,R,30.0,R,79.0,R,0.0,R,0.0,R,0.0,R,0.0,A,,R,25
436304,2009,R,232.0,R,952.0,R,24.0,R,184.0,R,0.0,R,184.0,R,84.0,R,46.0,R,65.0,R,0.0,R,65.0,R,27.0,R,42.0,R,26
436429,2009,A,,A,,A,,R,160.0,R,0.0,R,160.0,R,149.0,R,93.0,R,0.0,R,0.0,R,0.0,R,0.0,A,,R,8
436438,2009,R,16.0,R,43.0,R,37.0,R,2.0,R,0.0,R,2.0,R,2.0,R,100.0,R,1.0,R,0.0,R,1.0,R,0.0,R,0.0,R,11
436465,2009,A,,A,,A,,R,519.0,R,5.0,R,514.0,R,426.0,R,83.0,Z,0.0,Z,0.0,Z,0.0,Z,0.0,A,,R,18
436474,2009,A,,A,,A,,A,,A,,A,,A,,A,,A,,A,,A,,A,,A,,R,20
436483,2009,R,13.0,R,203.0,R,6.0,R,7.0,R,0.0,R,7.0,R,2.0,R,29.0,R,36.0,R,0.0,R,36.0,R,17.0,R,47.0,R,14
436526,2009,A,,A,,A,,R,62.0,R,0.0,R,62.0,R,62.0,R,100.0,R,0.0,R,0.0,R,0.0,R,0.0,A,,R,28
436553,2009,A,,A,,A,,R,10.0,R,0.0,R,10.0,R,8.0,R,80.0,R,0.0,R,0.0,R,0.0,R,0.0,A,,R,20
436562,2009,A,,A,,A,,A,,A,,A,,A,,A,,A,,A,,A,,A,,A,,R,23
436599,2009,A,,A,,A,,R,1.0,Z,0.0,R,1.0,R,1.0,R,100.0,R,18.0,R,0.0,R,18.0,R,10.0,R,56.0,R,5
436614,2009,R,11.0,R,21.0,R,52.0,R,17.0,R,1.0,R,16.0,R,12.0,R,75.0,R,2.0,R,0.0,R,2.0,R,1.0,R,50.0,R,7
436632,2009,A,,A,,A,,A,,A,,A,,A,,A,,A,,A,,A,,A,,A,,R,10
436641,2009,A,,A,,A,,R,48.0,R,0.0,R,48.0,R,43.0,R,90.0,R,21.0,Z,0.0,R,21.0,R,19.0,R,90.0,R,30
436650,2009,A,,A,,A,,A,,A,,A,,A,,A,,A,,A,,A,,A,,A,,R,16
436702,2009,A,,A,,A,,R,91.0,R,0.0,R,91.0,R,89.0,R,98.0,R,58.0,R,0.0,R,58.0,R,45.0,R,78.0,R,13
436775,2009,A,,A,,A,,R,145.0,R,0.0,R,145.0,R,65.0,R,45.0,R,0.0,R,0.0,R,0.0,R,0.0,A,,R,16
436784,2009,A,,A,,A,,R,242.0,R,8.0,R,234.0,R,25.0,R,11.0,R,0.0,R,0.0,R,0.0,R,0.0,A,,R,10
436818,2009,R,686.0,R,924.0,R,74.0,R,754.0,R,0.0,R,754.0,R,598.0,R,79.0,R,18.0,R,1.0,R,17.0,R,10.0,R,59.0,R,19
436827,2009,R,222.0,R,314.0,R,71.0,R,224.0,R,0.0,R,224.0,R,178.0,R,79.0,R,8.0,R,0.0,R,8.0,R,2.0,R,25.0,R,15
436836,2009,R,209.0,R,432.0,R,48.0,R,236.0,R,0.0,R,236.0,R,191.0,R,81.0,R,14.0,R,0.0,R,14.0,R,11.0,R,79.0,R,16
436854,2009,A,,A,,A,,R,25.0,R,0.0,R,25.0,R,19.0,R,76.0,R,4.0,R,0.0,R,4.0,R,4.0,R,100.0,R,12
437042,2009,R,126.0,R,153.0,R,82.0,R,1.0,R,0.0,R,1.0,R,1.0,R,100.0,R,0.0,R,0.0,R,0.0,R,0.0,A,,R,24
437051,2009,R,155.0,R,180.0,R,86.0,R,2.0,R,0.0,R,2.0,R,2.0,R,100.0,R,0.0,R,0.0,R,0.0,R,0.0,A,,R,31
437060,2009,A,,A,,A,,R,142.0,R,0.0,R,142.0,R,99.0,R,70.0,R,0.0,R,0.0,R,0.0,R,0.0,A,,R,26
437103,2009,R,1241.0,R,2614.0,R,47.0,R,1293.0,R,0.0,R,1293.0,R,612.0,R,47.0,R,398.0,R,0.0,R,398.0,R,141.0,R,35.0,R,29
437219,2009,R,96.0,R,108.0,R,89.0,R,8.0,R,0.0,R,8.0,R,6.0,R,75.0,R,0.0,R,0.0,R,0.0,R,0.0,A,,R,25
437237,2009,A,,A,,A,,R,33.0,R,0.0,R,33.0,R,31.0,R,94.0,R,0.0,R,0.0,R,0.0,R,0.0,A,,R,9
437316,2009,A,,A,,A,,A,,A,,A,,A,,A,,A,,A,,A,,A,,A,,R,8
437325,2009,A,,A,,A,,A,,A,,A,,A,,A,,A,,A,,A,,A,,A,,R,12
437501,2009,A,,A,,A,,R,62.0,R,1.0,R,61.0,R,50.0,R,82.0,R,0.0,R,0.0,R,0.0,R,0.0,A,,R,26
437510,2009,A,,A,,A,,A,,A,,A,,A,,A,,A,,A,,A,,A,,A,,R,13
437529,2009,A,,A,,A,,R,246.0,Z,0.0,R,246.0,R,135.0,R,55.0,R,239.0,Z,0.0,R,239.0,R,99.0,R,41.0,R,16
437556,2009,A,,A,,A,,A,,A,,A,,A,,A,,A,,A,,A,,A,,A,,R,17
437565,2009,A,,A,,A,,R,81.0,R,0.0,R,81.0,R,28.0,R,35.0,R,0.0,R,0.0,R,0.0,R,0.0,A,,R,10
437583,2009,A,,A,,A,,R,74.0,R,0.0,R,74.0,R,58.0,R,78.0,R,0.0,R,0.0,R,0.0,R,0.0,A,,R,22
437608,2009,A,,A,,A,,R,53.0,Z,0.0,R,53.0,R,25.0,R,47.0,Z,0.0,Z,0.0,Z,0.0,Z,0.0,A,,R,20
437635,2009,A,,A,,A,,R,228.0,R,0.0,R,228.0,R,195.0,R,86.0,R,0.0,R,0.0,R,0.0,R,0.0,A,,R,20
437653,2009,A,,A,,A,,A,,A,,A,,A,,A,,A,,A,,A,,A,,A,,R,16
437662,2009,A,,A,,A,,R,608.0,R,0.0,R,608.0,R,468.0,R,77.0,R,12.0,R,0.0,R,12.0,R,10.0,R,83.0,R,39
437705,2009,A,,A,,A,,A,,A,,A,,A,,A,,A,,A,,A,,A,,A,,R,7
437723,2009,A,,A,,A,,R,251.0,R,0.0,R,251.0,R,217.0,R,86.0,R,0.0,R,0.0,R,0.0,R,0.0,A,,R,23
437732,2009,A,,A,,A,,R,63.0,R,0.0,R,63.0,R,52.0,R,83.0,R,0.0,R,0.0,R,0.0,R,0.0,A,,R,3
437750,2009,R,236.0,R,236.0,R,100.0,R,170.0,Z,0.0,R,170.0,R,91.0,R,54.0,Z,0.0,Z,0.0,Z,0.0,Z,0.0,A,,R,21
437769,2009,A,,A,,A,,R,300.0,R,0.0,R,300.0,R,265.0,R,88.0,R,0.0,R,0.0,R,0.0,R,0.0,A,,R,25
437778,2009,A,,A,,A,,R,74.0,Z,0.0,R,74.0,R,35.0,R,47.0,Z,0.0,Z,0.0,Z,0.0,Z,0.0,A,,R,23
437848,2009,R,268.0,R,327.0,R,82.0,R,279.0,R,9.0,R,270.0,R,154.0,R,57.0,R,21.0,R,1.0,R,20.0,R,4.0,R,20.0,R,28
437857,2009,A,,A,,A,,R,77.0,R,0.0,R,77.0,R,70.0,R,91.0,R,23.0,R,0.0,R,23.0,R,17.0,R,74.0,R,14
437884,2009,A,,A,,A,,R,65.0,R,0.0,R,65.0,R,37.0,R,57.0,Z,0.0,Z,0.0,Z,0.0,Z,0.0,A,,R,10
437927,2009,A,,A,,A,,R,167.0,Z,0.0,R,167.0,R,121.0,R,72.0,Z,0.0,Z,0.0,Z,0.0,Z,0.0,A,,R,26
437936,2009,A,,A,,A,,R,225.0,R,0.0,R,225.0,R,169.0,R,75.0,Z,0.0,Z,0.0,Z,0.0,Z,0.0,A,,R,26
438036,2009,A,,A,,A,,R,34.0,R,0.0,R,34.0,R,13.0,R,38.0,R,0.0,R,0.0,R,0.0,R,0.0,A,,R,11
438151,2009,A,,A,,A,,R,192.0,Z,0.0,R,192.0,R,103.0,R,54.0,R,0.0,Z,0.0,R,0.0,R,0.0,A,,R,25
438179,2009,A,,A,,A,,R,120.0,R,0.0,R,120.0,R,78.0,R,65.0,R,0.0,R,0.0,R,0.0,R,0.0,A,,R,12
438197,2009,A,,A,,A,,A,,A,,A,,A,,A,,A,,A,,A,,A,,A,,R,24
438212,2009,R,168.0,R,410.0,R,41.0,R,81.0,R,0.0,R,81.0,R,61.0,R,75.0,R,115.0,R,0.0,R,115.0,R,37.0,R,32.0,R,18
438258,2009,A,,A,,A,,R,96.0,R,0.0,R,96.0,R,74.0,R,77.0,Z,0.0,Z,0.0,Z,0.0,Z,0.0,A,,R,47
438267,2009,A,,A,,A,,R,49.0,R,0.0,R,49.0,R,37.0,R,76.0,R,49.0,R,0.0,R,49.0,R,35.0,R,71.0,R,18
438285,2009,A,,A,,A,,R,137.0,R,0.0,R,137.0,R,88.0,R,64.0,R,0.0,R,0.0,R,0.0,R,0.0,A,,R,25
438294,2009,A,,A,,A,,R,53.0,R,0.0,R,53.0,R,21.0,R,40.0,R,0.0,R,0.0,R,0.0,R,0.0,A,,R,25
438337,2009,A,,A,,A,,R,145.0,R,0.0,R,145.0,R,105.0,R,72.0,R,50.0,R,0.0,R,50.0,R,27.0,R,54.0,R,18
438382,2009,A,,A,,A,,R,24.0,R,0.0,R,24.0,R,14.0,R,58.0,R,0.0,R,0.0,R,0.0,R,0.0,A,,R,11
438416,2009,A,,A,,A,,R,69.0,R,0.0,R,69.0,R,22.0,R,32.0,R,0.0,R,0.0,R,0.0,R,0.0,A,,R,7
438498,2009,R,48.0,R,385.0,R,12.0,R,81.0,R,1.0,R,80.0,R,33.0,R,41.0,R,155.0,R,2.0,R,153.0,R,52.0,R,34.0,R,12
438504,2009,A,,A,,A,,R,659.0,R,1.0,R,658.0,R,621.0,R,94.0,R,0.0,R,0.0,R,0.0,R,0.0,A,,R,30
438586,2009,R,212.0,R,638.0,R,33.0,R,100.0,Z,0.0,R,100.0,R,50.0,R,50.0,R,160.0,Z,0.0,R,160.0,R,67.0,R,42.0,R,27
438601,2009,R,103.0,R,214.0,R,48.0,R,104.0,Z,0.0,R,104.0,R,68.0,R,65.0,R,19.0,Z,0.0,R,19.0,R,19.0,R,100.0,R,26
438610,2009,A,,A,,A,,R,71.0,R,0.0,R,71.0,R,20.0,R,28.0,R,0.0,R,0.0,R,0.0,R,0.0,A,,R,10
438629,2009,A,,A,,A,,R,0.0,R,0.0,R,0.0,R,0.0,A,,R,0.0,R,0.0,R,0.0,R,0.0,A,,R,3
438638,2009,A,,A,,A,,R,285.0,R,4.0,R,281.0,R,160.0,R,57.0,R,0.0,R,0.0,R,0.0,R,0.0,A,,R,24
438647,2009,R,146.0,R,166.0,R,88.0,R,134.0,R,0.0,R,134.0,R,80.0,R,60.0,R,9.0,R,0.0,R,9.0,R,1.0,R,11.0,R,24
438656,2009,A,,A,,A,,A,,A,,A,,A,,A,,A,,A,,A,,A,,A,,R,30
438674,2009,A,,A,,A,,R,10.0,R,0.0,R,10.0,R,5.0,R,50.0,R,3.0,R,0.0,R,3.0,R,3.0,R,100.0,R,18
438708,2009,R,69.0,R,221.0,R,31.0,R,43.0,R,0.0,R,43.0,R,28.0,R,65.0,R,34.0,R,0.0,R,34.0,R,20.0,R,59.0,R,20
438735,2009,A,,A,,A,,R,34.0,R,0.0,R,34.0,R,12.0,R,35.0,R,0.0,R,0.0,R,0.0,R,0.0,A,,R,14
438805,2009,A,,A,,A,,R,238.0,R,65.0,R,173.0,R,130.0,R,75.0,R,90.0,R,41.0,R,49.0,R,44.0,R,90.0,R,28
438869,2009,A,,A,,A,,R,170.0,R,0.0,R,170.0,R,93.0,R,55.0,R,0.0,R,0.0,R,0.0,R,0.0,A,,R,23
438887,2009,A,,A,,A,,A,,A,,A,,A,,A,,A,,A,,A,,A,,A,,R,48
438902,2009,R,187.0,R,229.0,R,82.0,R,3.0,R,0.0,R,3.0,R,1.0,R,33.0,R,1.0,R,0.0,R,1.0,R,1.0,R,100.0,R,29
438966,2009,R,63.0,R,134.0,R,47.0,R,0.0,R,0.0,R,0.0,R,0.0,A,,R,0.0,R,0.0,R,0.0,R,0.0,A,,R,18
438984,2009,A,,A,,A,,R,101.0,R,24.0,R,77.0,R,77.0,R,100.0,R,0.0,R,0.0,R,0.0,R,0.0,A,,R,25
439039,2009,A,,A,,A,,R,185.0,R,0.0,R,185.0,R,109.0,R,59.0,R,0.0,R,0.0,R,0.0,R,0.0,A,,R,8
439057,2009,R,2.0,R,4.0,R,50.0,R,1.0,R,0.0,R,1.0,R,0.0,R,0.0,R,0.0,R,0.0,R,0.0,R,0.0,A,,R,12
439127,2009,A,,A,,A,,R,120.0,R,0.0,R,120.0,R,69.0,R,58.0,R,0.0,R,0.0,R,0.0,R,0.0,A,,R,34
439136,2009,R,102.0,R,137.0,R,74.0,R,83.0,R,5.0,R,78.0,R,50.0,R,64.0,R,9.0,R,0.0,R,9.0,R,2.0,R,22.0,R,24
439145,2009,R,266.0,R,1496.0,R,18.0,R,287.0,Z,0.0,R,287.0,R,141.0,R,49.0,R,229.0,Z,0.0,R,229.0,R,92.0,R,40.0,R,20
439163,2009,R,352.0,R,1260.0,R,28.0,R,219.0,R,1.0,R,218.0,R,127.0,R,58.0,R,185.0,R,0.0,R,185.0,R,80.0,R,43.0,R,19
439190,2009,R,283.0,R,1413.0,R,20.0,R,275.0,Z,0.0,R,275.0,R,166.0,R,60.0,R,85.0,Z,0.0,R,85.0,R,45.0,R,53.0,R,21
439279,2009,A,,A,,A,,R,60.0,R,0.0,R,60.0,R,15.0,R,25.0,R,0.0,R,0.0,R,0.0,R,0.0,A,,R,11
439288,2009,R,391.0,R,528.0,R,74.0,R,291.0,R,0.0,R,291.0,R,195.0,R,67.0,R,2.0,R,0.0,R,2.0,R,1.0,R,50.0,R,25
439297,2009,A,,A,,A,,R,44.0,R,0.0,R,44.0,R,9.0,R,20.0,R,0.0,R,0.0,R,0.0,R,0.0,A,,R,9
439303,2009,R,32.0,R,34.0,R,94.0,R,15.0,R,0.0,R,15.0,R,11.0,R,73.0,R,1.0,R,0.0,R,1.0,R,1.0,R,100.0,R,8
439312,2009,R,8.0,R,18.0,R,44.0,R,4.0,R,0.0,R,4.0,R,2.0,R,50.0,R,1.0,R,0.0,R,1.0,R,1.0,R,100.0,R,7
439330,2009,R,4.0,R,28.0,R,14.0,R,2.0,R,0.0,R,2.0,R,0.0,R,0.0,R,7.0,R,0.0,R,7.0,R,2.0,R,29.0,R,10
439367,2009,A,,A,,A,,R,98.0,R,0.0,R,98.0,R,94.0,R,96.0,R,0.0,R,0.0,R,0.0,R,0.0,A,,R,16
439400,2009,A,,A,,A,,R,6.0,Z,0.0,R,6.0,R,6.0,R,100.0,R,25.0,Z,0.0,R,25.0,R,25.0,R,100.0,R,6
439437,2009,A,,A,,A,,R,69.0,Z,0.0,R,69.0,R,65.0,R,94.0,R,0.0,R,0.0,R,0.0,R,0.0,A,,R,15
439446,2009,A,,A,,A,,A,,A,,A,,A,,A,,A,,A,,A,,A,,A,,R,5
439455,2009,R,110.0,R,160.0,R,69.0,R,122.0,R,0.0,R,122.0,R,102.0,R,84.0,R,17.0,R,0.0,R,17.0,R,15.0,R,88.0,R,15
439473,2009,A,,A,,A,,R,30.0,R,0.0,R,30.0,R,20.0,R,67.0,R,39.0,R,0.0,R,39.0,R,27.0,R,69.0,R,20
439482,2009,R,37.0,R,56.0,R,66.0,R,19.0,R,0.0,R,19.0,R,4.0,R,21.0,R,3.0,R,0.0,R,3.0,R,1.0,R,33.0,R,20
439491,2009,R,91.0,R,93.0,R,98.0,R,91.0,R,0.0,R,91.0,R,71.0,R,78.0,R,0.0,R,0.0,R,0.0,R,0.0,A,,R,20
439507,2009,A,,A,,A,,R,164.0,R,0.0,R,164.0,R,127.0,R,77.0,Z,0.0,Z,0.0,Z,0.0,Z,0.0,A,,R,15
439525,2009,A,,A,,A,,R,148.0,R,1.0,R,147.0,R,122.0,R,83.0,R,0.0,R,0.0,R,0.0,R,0.0,A,,R,18
439570,2009,A,,A,,A,,R,164.0,R,0.0,R,164.0,R,108.0,R,66.0,R,0.0,R,0.0,R,0.0,R,0.0,A,,R,20
439589,2009,A,,A,,A,,R,36.0,R,0.0,R,36.0,R,26.0,R,72.0,R,3.0,R,0.0,R,3.0,R,2.0,R,67.0,R,25
439604,2009,A,,A,,A,,R,31.0,Z,0.0,R,31.0,R,28.0,R,90.0,R,0.0,R,0.0,R,0.0,R,0.0,A,,R,25
439613,2009,R,25.0,R,65.0,R,38.0,R,20.0,Z,0.0,R,20.0,R,16.0,R,80.0,R,10.0,Z,0.0,R,10.0,R,7.0,R,70.0,R,7
439622,2009,A,,A,,A,,R,101.0,R,0.0,R,101.0,R,83.0,R,82.0,R,0.0,R,0.0,R,0.0,R,0.0,A,,R,25
439631,2009,A,,A,,A,,R,19.0,R,0.0,R,19.0,R,18.0,R,95.0,Z,0.0,Z,0.0,Z,0.0,Z,0.0,A,,R,10
439659,2009,A,,A,,A,,R,0.0,R,0.0,R,0.0,R,0.0,A,,R,29.0,R,0.0,R,29.0,R,19.0,R,66.0,R,13
439668,2009,A,,A,,A,,A,,A,,A,,A,,A,,A,,A,,A,,A,,A,,R,12
439686,2009,A,,A,,A,,A,,A,,A,,A,,A,,A,,A,,A,,A,,A,,R,30
439695,2009,A,,A,,A,,R,27.0,R,0.0,R,27.0,R,25.0,R,93.0,R,2.0,R,0.0,R,2.0,R,2.0,R,100.0,R,25
439701,2009,R,3.0,R,33.0,R,9.0,R,3.0,R,0.0,R,3.0,R,3.0,R,100.0,R,8.0,R,0.0,R,8.0,R,1.0,R,13.0,R,12
439729,2009,A,,A,,A,,R,9.0,R,0.0,R,9.0,R,7.0,R,78.0,R,4.0,R,0.0,R,4.0,R,3.0,R,75.0,R,9
439738,2009,A,,A,,A,,R,210.0,R,0.0,R,210.0,R,142.0,R,68.0,R,0.0,R,0.0,R,0.0,R,0.0,A,,R,50
439747,2009,A,,A,,A,,R,34.0,R,0.0,R,34.0,R,28.0,R,82.0,R,9.0,R,0.0,R,9.0,R,7.0,R,78.0,R,25
439756,2009,A,,A,,A,,A,,A,,A,,A,,A,,A,,A,,A,,A,,A,,R,9
439774,2009,A,,A,,A,,R,26.0,Z,0.0,R,26.0,R,24.0,R,92.0,R,2.0,Z,0.0,R,2.0,R,2.0,R,100.0,R,18
439783,2009,A,,A,,A,,A,,A,,A,,A,,A,,A,,A,,A,,A,,A,,R,9
439792,2009,A,,A,,A,,R,311.0,R,0.0,R,311.0,R,233.0,R,75.0,R,0.0,R,0.0,R,0.0,R,0.0,A,,R,14
439826,2009,A,,A,,A,,R,91.0,R,7.0,R,84.0,R,41.0,R,49.0,R,0.0,R,0.0,R,0.0,R,0.0,A,,R,11
439844,2009,A,,A,,A,,R,12.0,R,0.0,R,12.0,R,12.0,R,100.0,R,0.0,Z,0.0,R,0.0,R,0.0,A,,R,14
439862,2009,R,15.0,R,20.0,R,75.0,R,24.0,R,0.0,R,24.0,R,24.0,R,100.0,R,4.0,R,0.0,R,4.0,R,4.0,R,100.0,R,27
439871,2009,A,,A,,A,,R,115.0,R,0.0,R,115.0,R,29.0,R,25.0,R,0.0,R,0.0,R,0.0,R,0.0,A,,R,10
439899,2009,A,,A,,A,,R,33.0,R,4.0,R,29.0,R,9.0,R,31.0,R,2.0,Z,0.0,R,2.0,R,1.0,R,50.0,R,13
439905,2009,A,,A,,A,,R,58.0,R,0.0,R,58.0,R,55.0,R,95.0,R,0.0,R,0.0,R,0.0,R,0.0,A,,R,15
439932,2009,A,,A,,A,,R,20.0,R,1.0,R,19.0,R,19.0,R,100.0,Z,0.0,Z,0.0,Z,0.0,Z,0.0,A,,R,9
439969,2009,R,8.0,R,35.0,R,23.0,R,15.0,R,0.0,R,15.0,R,11.0,R,73.0,R,0.0,R,0.0,R,0.0,R,0.0,A,,R,21
439978,2009,A,,A,,A,,R,58.0,R,0.0,R,58.0,R,48.0,R,83.0,R,0.0,R,0.0,R,0.0,R,0.0,A,,R,20
439996,2009,A,,A,,A,,R,47.0,R,0.0,R,47.0,R,40.0,R,85.0,R,0.0,R,0.0,R,0.0,R,0.0,A,,R,10
440059,2009,A,,A,,A,,R,39.0,R,0.0,R,39.0,R,25.0,R,64.0,R,0.0,R,0.0,R,0.0,R,0.0,A,,R,17
440077,2009,A,,A,,A,,R,16.0,R,0.0,R,16.0,R,12.0,R,75.0,R,0.0,R,0.0,R,0.0,R,0.0,A,,R,16
440086,2009,A,,A,,A,,R,47.0,R,0.0,R,47.0,R,9.0,R,19.0,R,27.0,R,0.0,R,27.0,R,4.0,R,15.0,R,25
440101,2009,A,,A,,A,,R,56.0,Z,0.0,R,56.0,R,39.0,R,70.0,R,13.0,Z,0.0,R,13.0,R,7.0,R,54.0,R,17
440110,2009,A,,A,,A,,R,133.0,R,1.0,R,132.0,R,81.0,R,61.0,R,0.0,R,0.0,R,0.0,R,0.0,A,,R,33
440129,2009,A,,A,,A,,R,240.0,R,1.0,R,239.0,R,150.0,R,63.0,R,0.0,R,0.0,R,0.0,R,0.0,A,,R,41
440147,2009,R,34.0,R,176.0,R,19.0,R,83.0,R,1.0,R,82.0,R,21.0,R,26.0,R,8.0,R,0.0,R,8.0,R,2.0,R,25.0,R,18
440165,2009,R,133.0,R,173.0,R,77.0,R,22.0,R,2.0,R,20.0,R,11.0,R,55.0,R,7.0,R,0.0,R,7.0,R,0.0,R,0.0,R,27
440174,2009,A,,A,,A,,R,13.0,R,0.0,R,13.0,R,11.0,R,85.0,R,0.0,R,0.0,R,0.0,R,0.0,A,,R,11
440217,2009,A,,A,,A,,R,18.0,R,0.0,R,18.0,R,16.0,R,89.0,R,0.0,R,0.0,R,0.0,R,0.0,A,,R,17
440226,2009,A,,A,,A,,R,43.0,R,0.0,R,43.0,R,33.0,R,77.0,R,0.0,R,0.0,R,0.0,R,0.0,A,,R,8
440235,2009,A,,A,,A,,R,54.0,R,0.0,R,54.0,R,49.0,R,91.0,R,4.0,R,0.0,R,4.0,R,4.0,R,100.0,R,16
440244,2009,R,781.0,R,1530.0,R,51.0,R,952.0,R,0.0,R,952.0,R,526.0,R,55.0,R,440.0,R,0.0,R,440.0,R,188.0,R,43.0,R,30
440253,2009,A,,A,,A,,A,,A,,A,,A,,A,,A,,A,,A,,A,,A,,R,24
440262,2009,A,,A,,A,,R,62.0,R,0.0,R,62.0,R,38.0,R,61.0,Z,0.0,Z,0.0,Z,0.0,Z,0.0,A,,R,30
440271,2009,A,,A,,A,,R,118.0,R,0.0,R,118.0,R,64.0,R,54.0,R,0.0,R,0.0,R,0.0,R,0.0,A,,R,23
440299,2009,R,86.0,R,158.0,R,54.0,R,67.0,R,0.0,R,67.0,R,35.0,R,52.0,R,57.0,R,0.0,R,57.0,R,35.0,R,61.0,R,20
440305,2009,R,536.0,R,1039.0,R,52.0,R,476.0,Z,0.0,R,476.0,R,265.0,R,56.0,R,184.0,Z,0.0,R,184.0,R,64.0,R,35.0,R,13
440323,2009,A,,A,,A,,R,141.0,R,0.0,R,141.0,R,58.0,R,41.0,R,0.0,R,0.0,R,0.0,R,0.0,A,,R,42
440332,2009,A,,A,,A,,R,112.0,R,0.0,R,112.0,R,61.0,R,54.0,R,0.0,R,0.0,R,0.0,R,0.0,A,,R,26
440341,2009,R,438.0,R,724.0,R,60.0,R,328.0,Z,0.0,R,328.0,R,201.0,R,61.0,R,43.0,Z,0.0,R,43.0,R,21.0,R,49.0,R,20
440369,2009,A,,A,,A,,A,,A,,A,,A,,A,,A,,A,,A,,A,,A,,R,22
440378,2009,A,,A,,A,,R,36.0,R,0.0,R,36.0,R,20.0,R,56.0,R,0.0,R,0.0,R,0.0,R,0.0,A,,R,21
440396,2009,R,39.0,R,55.0,R,71.0,R,41.0,R,0.0,R,41.0,R,38.0,R,93.0,R,0.0,R,0.0,R,0.0,R,0.0,A,,R,14
440402,2009,R,258.0,R,1423.0,R,18.0,R,199.0,R,0.0,R,199.0,R,117.0,R,59.0,R,123.0,R,0.0,R,123.0,R,14.0,R,11.0,R,19
440411,2009,A,,A,,A,,A,,A,,A,,A,,A,,A,,A,,A,,A,,A,,R,3
440420,2009,A,,A,,A,,R,19.0,R,0.0,R,19.0,R,5.0,R,26.0,R,0.0,R,0.0,R,0.0,R,0.0,A,,R,5
440439,2009,A,,A,,A,,R,60.0,R,0.0,R,60.0,R,22.0,R,37.0,R,0.0,R,0.0,R,0.0,R,0.0,A,,R,18
440448,2009,A,,A,,A,,R,152.0,R,0.0,R,152.0,R,53.0,R,35.0,R,0.0,R,0.0,R,0.0,R,0.0,A,,R,18
440457,2009,A,,A,,A,,R,59.0,R,0.0,R,59.0,R,14.0,R,24.0,R,0.0,R,0.0,R,0.0,R,0.0,A,,R,10
440466,2009,A,,A,,A,,R,46.0,R,0.0,R,46.0,R,20.0,R,43.0,R,0.0,R,0.0,R,0.0,R,0.0,A,,R,8
440484,2009,R,208.0,R,286.0,R,73.0,R,219.0,R,5.0,R,214.0,R,124.0,R,58.0,R,31.0,R,3.0,R,28.0,R,4.0,R,14.0,R,24
440536,2009,R,124.0,R,446.0,R,28.0,R,105.0,R,0.0,R,105.0,R,50.0,R,48.0,R,63.0,R,0.0,R,63.0,R,26.0,R,41.0,R,13
440545,2009,R,104.0,R,301.0,R,35.0,R,82.0,R,0.0,R,82.0,R,36.0,R,44.0,R,31.0,R,0.0,R,31.0,R,10.0,R,32.0,R,17
440590,2009,R,85.0,R,451.0,R,19.0,R,64.0,R,0.0,R,64.0,R,27.0,R,42.0,R,81.0,R,0.0,R,81.0,R,33.0,R,41.0,R,19
440624,2009,R,346.0,R,916.0,R,38.0,R,362.0,R,0.0,R,362.0,R,163.0,R,45.0,R,159.0,R,0.0,R,159.0,R,45.0,R,28.0,R,23
440642,2009,R,169.0,R,191.0,R,88.0,R,131.0,R,4.0,R,127.0,R,58.0,R,46.0,R,8.0,R,0.0,R,8.0,R,1.0,R,13.0,R,22
440651,2009,R,280.0,R,645.0,R,43.0,R,282.0,R,0.0,R,282.0,R,200.0,R,71.0,R,3.0,R,0.0,R,3.0,R,2.0,R,67.0,R,31
440721,2009,A,,A,,A,,R,58.0,R,0.0,R,58.0,R,54.0,R,93.0,R,75.0,R,0.0,R,75.0,R,62.0,R,83.0,R,35
440730,2009,A,,A,,A,,R,382.0,Z,0.0,R,382.0,R,338.0,R,88.0,Z,0.0,Z,0.0,Z,0.0,Z,0.0,A,,R,33
440749,2009,R,3.0,R,32.0,R,9.0,R,4.0,R,0.0,R,4.0,R,3.0,R,75.0,R,16.0,R,0.0,R,16.0,R,15.0,R,94.0,R,36
440758,2009,R,3.0,R,77.0,R,4.0,R,1.0,R,0.0,R,1.0,R,0.0,R,0.0,R,13.0,R,0.0,R,13.0,R,9.0,R,69.0,R,22
440767,2009,R,30.0,R,199.0,R,15.0,R,17.0,R,0.0,R,17.0,R,7.0,R,41.0,R,69.0,R,0.0,R,69.0,R,25.0,R,36.0,R,29
440776,2009,A,,A,,A,,R,26.0,Z,0.0,R,26.0,R,13.0,R,50.0,R,0.0,Z,0.0,R,0.0,Z,0.0,A,,R,12
440794,2009,R,28.0,R,55.0,R,51.0,R,13.0,R,0.0,R,13.0,R,8.0,R,62.0,R,7.0,R,0.0,R,7.0,R,2.0,R,29.0,R,12
440800,2009,A,,A,,A,,A,,A,,A,,A,,A,,A,,A,,A,,A,,A,,R,15
440819,2009,A,,A,,A,,A,,A,,A,,A,,A,,A,,A,,A,,A,,A,,R,15
440828,2009,A,,A,,A,,A,,A,,A,,A,,A,,A,,A,,A,,A,,A,,R,20
440846,2009,A,,A,,A,,A,,A,,A,,A,,A,,A,,A,,A,,A,,A,,R,24
440855,2009,A,,A,,A,,A,,A,,A,,A,,A,,A,,A,,A,,A,,A,,R,26
440873,2009,A,,A,,A,,R,409.0,R,0.0,R,409.0,R,284.0,R,69.0,R,0.0,R,0.0,R,0.0,R,0.0,A,,R,34
440882,2009,A,,A,,A,,R,90.0,R,0.0,R,90.0,R,76.0,R,84.0,Z,0.0,Z,0.0,Z,0.0,Z,0.0,A,,R,29
440891,2009,A,,A,,A,,R,86.0,R,1.0,R,85.0,R,53.0,R,62.0,Z,0.0,Z,0.0,Z,0.0,Z,0.0,A,,R,24
440907,2009,A,,A,,A,,R,74.0,R,0.0,R,74.0,R,66.0,R,89.0,R,20.0,R,8.0,R,12.0,R,8.0,R,67.0,R,25
440925,2009,R,81.0,R,241.0,R,34.0,R,191.0,Z,0.0,R,191.0,R,95.0,R,50.0,R,17.0,Z,0.0,R,17.0,R,4.0,R,24.0,R,15
440952,2009,A,,A,,A,,R,146.0,Z,0.0,R,146.0,R,86.0,R,59.0,R,32.0,Z,0.0,R,32.0,R,11.0,R,34.0,R,41
440970,2009,A,,A,,A,,R,49.0,R,0.0,R,49.0,R,32.0,R,65.0,R,0.0,R,0.0,R,0.0,R,0.0,A,,R,23
440989,2009,A,,A,,A,,R,246.0,R,1.0,R,245.0,R,155.0,R,63.0,Z,0.0,Z,0.0,Z,0.0,Z,0.0,A,,R,36
441016,2009,A,,A,,A,,A,,A,,A,,A,,A,,A,,A,,A,,A,,A,,R,28
441025,2009,R,83.0,R,139.0,R,60.0,R,64.0,R,0.0,R,64.0,R,15.0,R,23.0,R,24.0,R,0.0,R,24.0,R,4.0,R,17.0,R,20
441052,2009,A,,A,,A,,R,1460.0,R,0.0,R,1460.0,R,1350.0,R,92.0,R,0.0,R,0.0,R,0.0,R,0.0,A,,R,16
441070,2009,R,13.0,R,34.0,R,38.0,R,5.0,R,0.0,R,5.0,R,3.0,R,60.0,R,13.0,R,0.0,R,13.0,R,6.0,R,46.0,R,9
441089,2009,A,,A,,A,,R,1161.0,R,0.0,R,1161.0,R,1062.0,R,91.0,Z,0.0,Z,0.0,Z,0.0,Z,0.0,A,,R,18
441168,2009,A,,A,,A,,R,15.0,R,0.0,R,15.0,R,10.0,R,67.0,R,0.0,R,0.0,R,0.0,R,0.0,A,,R,15
441186,2009,R,50.0,R,218.0,R,23.0,R,47.0,Z,0.0,R,47.0,R,46.0,R,98.0,R,0.0,Z,0.0,R,0.0,R,0.0,A,,R,21
441195,2009,A,,A,,A,,R,37.0,R,0.0,R,37.0,R,35.0,R,95.0,R,0.0,R,0.0,R,0.0,R,0.0,A,,R,25
441201,2009,R,9.0,R,32.0,R,28.0,R,2.0,Z,0.0,R,2.0,R,2.0,R,100.0,R,4.0,Z,0.0,R,4.0,R,1.0,R,25.0,R,6
441210,2009,A,,A,,A,,R,28.0,Z,0.0,R,28.0,R,22.0,R,79.0,R,52.0,Z,0.0,R,52.0,R,41.0,R,79.0,R,15
441229,2009,A,,A,,A,,R,255.0,R,0.0,R,255.0,R,227.0,R,89.0,Z,0.0,Z,0.0,Z,0.0,Z,0.0,A,,R,5
441256,2009,A,,A,,A,,R,31.0,Z,0.0,R,31.0,R,27.0,R,87.0,R,6.0,Z,0.0,R,6.0,R,5.0,R,83.0,R,22
441274,2009,A,,A,,A,,R,77.0,R,0.0,R,77.0,R,66.0,R,86.0,R,21.0,R,0.0,R,21.0,R,15.0,R,71.0,R,15
441362,2009,A,,A,,A,,R,121.0,R,3.0,R,118.0,R,88.0,R,75.0,R,44.0,R,1.0,R,43.0,R,24.0,R,56.0,R,33
441371,2009,A,,A,,A,,A,,A,,A,,A,,A,,A,,A,,A,,A,,A,,R,23
441380,2009,A,,A,,A,,R,69.0,R,1.0,R,68.0,R,64.0,R,94.0,R,1.0,R,0.0,R,1.0,R,1.0,R,100.0,R,49
441399,2009,A,,A,,A,,R,100.0,R,0.0,R,100.0,R,20.0,R,20.0,R,0.0,R,0.0,R,0.0,R,0.0,A,,R,11
441405,2009,A,,A,,A,,R,57.0,R,0.0,R,57.0,R,50.0,R,88.0,R,0.0,R,0.0,R,0.0,R,0.0,A,,R,20
441414,2009,A,,A,,A,,R,13.0,R,0.0,R,13.0,R,5.0,R,38.0,R,96.0,R,0.0,R,96.0,R,16.0,R,17.0,R,15
441423,2009,A,,A,,A,,A,,A,,A,,A,,A,,A,,A,,A,,A,,A,,R,31
441432,2009,A,,A,,A,,R,143.0,R,0.0,R,143.0,R,112.0,R,78.0,R,0.0,R,0.0,R,0.0,R,0.0,A,,R,6
441441,2009,A,,A,,A,,R,399.0,R,2.0,R,397.0,R,337.0,R,85.0,R,1.0,R,0.0,R,1.0,R,1.0,R,100.0,R,40
441478,2009,A,,A,,A,,A,,A,,A,,A,,A,,A,,A,,A,,A,,A,,R,9
441487,2009,A,,A,,A,,R,151.0,Z,0.0,R,151.0,R,131.0,R,87.0,R,10.0,Z,0.0,R,10.0,R,8.0,R,80.0,R,11
441496,2009,A,,A,,A,,R,14.0,R,0.0,R,14.0,R,8.0,R,57.0,Z,0.0,Z,0.0,Z,0.0,Z,0.0,A,,R,13
441502,2009,R,82.0,R,110.0,R,75.0,R,82.0,R,0.0,R,82.0,R,59.0,R,72.0,R,0.0,R,0.0,R,0.0,R,0.0,A,,R,12
441511,2009,R,44.0,R,47.0,R,94.0,R,23.0,R,0.0,R,23.0,R,22.0,R,96.0,R,5.0,R,0.0,R,5.0,R,5.0,R,100.0,R,9
441548,2009,A,,A,,A,,R,109.0,R,0.0,R,109.0,R,101.0,R,93.0,R,5.0,Z,0.0,R,5.0,R,4.0,R,80.0,R,10
441566,2009,A,,A,,A,,A,,A,,A,,A,,A,,A,,A,,A,,A,,A,,R,15
441575,2009,A,,A,,A,,R,150.0,R,0.0,R,150.0,R,127.0,R,85.0,R,0.0,R,0.0,R,0.0,R,0.0,A,,R,15
441584,2009,A,,A,,A,,R,177.0,R,0.0,R,177.0,R,112.0,R,63.0,R,0.0,R,0.0,R,0.0,R,0.0,A,,R,37
441593,2009,A,,A,,A,,R,26.0,Z,0.0,R,26.0,R,18.0,R,69.0,R,0.0,Z,0.0,R,0.0,R,0.0,A,,R,20
441609,2009,R,1.0,R,1.0,R,100.0,A,,A,,A,,A,,A,,A,,A,,A,,A,,A,,R,7
441618,2009,A,,A,,A,,P,30.0,P,0.0,P,30.0,P,25.0,P,83.0,P,15.0,P,0.0,P,15.0,P,12.0,P,80.0,P,21
441627,2009,A,,A,,A,,R,12.0,R,0.0,R,12.0,R,12.0,R,100.0,Z,0.0,Z,0.0,Z,0.0,Z,0.0,A,,R,2
441636,2009,A,,A,,A,,R,20.0,R,0.0,R,20.0,R,20.0,R,100.0,R,20.0,R,0.0,R,20.0,R,15.0,R,75.0,R,14
441645,2009,A,,A,,A,,R,80.0,R,0.0,R,80.0,R,70.0,R,88.0,Z,0.0,Z,0.0,Z,0.0,Z,0.0,A,,R,15
441663,2009,A,,A,,A,,R,64.0,Z,0.0,R,64.0,R,50.0,R,78.0,R,1.0,R,0.0,R,1.0,R,1.0,R,100.0,R,14
441681,2009,A,,A,,A,,R,17.0,R,0.0,R,17.0,R,14.0,R,82.0,R,0.0,R,0.0,R,0.0,R,0.0,A,,R,8
441690,2009,R,9.0,R,68.0,R,13.0,R,2.0,R,0.0,R,2.0,R,0.0,R,0.0,R,6.0,R,0.0,R,6.0,R,4.0,R,67.0,R,13
441706,2009,A,,A,,A,,R,99.0,R,0.0,R,99.0,R,52.0,R,53.0,R,0.0,R,0.0,R,0.0,R,0.0,A,,R,34
441733,2009,A,,A,,A,,A,,A,,A,,A,,A,,A,,A,,A,,A,,A,,R,12
441742,2009,A,,A,,A,,R,292.0,R,1.0,R,291.0,R,218.0,R,75.0,Z,0.0,Z,0.0,Z,0.0,Z,0.0,A,,R,18
441751,2009,A,,A,,A,,R,4.0,R,0.0,R,4.0,R,4.0,R,100.0,Z,0.0,Z,0.0,Z,0.0,Z,0.0,A,,R,10
441760,2009,R,568.0,R,1107.0,R,51.0,R,466.0,R,0.0,R,466.0,R,237.0,R,51.0,R,171.0,R,0.0,R,171.0,R,70.0,R,41.0,R,17
441779,2009,A,,A,,A,,R,29.0,R,0.0,R,29.0,R,21.0,R,72.0,Z,0.0,Z,0.0,Z,0.0,Z,0.0,A,,R,22
441788,2009,A,,A,,A,,R,62.0,R,0.0,R,62.0,R,21.0,R,34.0,Z,0.0,Z,0.0,Z,0.0,Z,0.0,A,,R,25
441797,2009,A,,A,,A,,R,19.0,R,0.0,R,19.0,R,10.0,R,53.0,R,0.0,R,0.0,R,0.0,R,0.0,A,,R,10
441830,2009,A,,A,,A,,A,,A,,A,,A,,A,,A,,A,,A,,A,,A,,R,8
441858,2009,A,,A,,A,,R,188.0,Z,0.0,R,188.0,R,168.0,R,89.0,R,106.0,Z,0.0,R,106.0,R,78.0,R,74.0,R,25
441876,2009,A,,A,,A,,R,89.0,Z,0.0,R,89.0,R,79.0,R,89.0,R,31.0,Z,0.0,R,31.0,R,26.0,R,84.0,R,6
441900,2009,R,212.0,R,1205.0,R,18.0,R,149.0,R,0.0,R,149.0,R,98.0,R,66.0,R,49.0,R,0.0,R,49.0,R,15.0,R,31.0,R,20
441919,2009,A,,A,,A,,R,186.0,Z,0.0,R,186.0,R,62.0,R,33.0,R,47.0,Z,0.0,R,47.0,R,20.0,R,43.0,R,12
441928,2009,R,355.0,R,644.0,R,55.0,R,207.0,R,0.0,R,207.0,R,177.0,R,86.0,R,366.0,R,0.0,R,366.0,R,251.0,R,69.0,R,16
441937,2009,R,483.0,R,1120.0,R,43.0,R,525.0,Z,0.0,R,525.0,R,417.0,R,79.0,R,10.0,Z,0.0,R,10.0,R,7.0,R,70.0,R,19
441955,2009,R,155.0,R,169.0,R,92.0,R,1.0,R,0.0,R,1.0,R,1.0,R,100.0,R,0.0,R,0.0,R,0.0,R,0.0,A,,R,35
441964,2009,R,97.0,R,130.0,R,75.0,R,10.0,R,0.0,R,10.0,R,5.0,R,50.0,R,0.0,R,0.0,R,0.0,R,0.0,A,,R,33
441973,2009,R,470.0,R,702.0,R,67.0,R,298.0,R,0.0,R,298.0,R,165.0,R,55.0,R,48.0,R,0.0,R,48.0,R,21.0,R,44.0,R,18
441982,2009,R,85.0,R,86.0,R,99.0,R,75.0,R,0.0,R,75.0,R,71.0,R,95.0,R,0.0,R,0.0,R,0.0,R,0.0,A,,R,9
442000,2009,R,94.0,R,220.0,R,43.0,R,59.0,Z,0.0,R,59.0,R,25.0,R,42.0,R,44.0,Z,0.0,R,44.0,R,15.0,R,34.0,R,7
442037,2009,A,,A,,A,,R,143.0,Z,0.0,R,143.0,R,94.0,R,66.0,Z,0.0,Z,0.0,Z,0.0,Z,0.0,A,,R,33
442046,2009,A,,A,,A,,R,241.0,Z,0.0,R,241.0,R,149.0,R,62.0,R,103.0,Z,0.0,R,103.0,R,62.0,R,60.0,R,31
442073,2009,A,,A,,A,,R,255.0,Z,0.0,R,255.0,R,184.0,R,72.0,Z,0.0,Z,0.0,Z,0.0,Z,0.0,A,,R,28
442134,2009,A,,A,,A,,A,,A,,A,,A,,A,,A,,A,,A,,A,,A,,R,25
442143,2009,A,,A,,A,,R,57.0,R,0.0,R,57.0,R,23.0,R,40.0,R,0.0,R,0.0,R,0.0,R,0.0,A,,R,15
442152,2009,A,,A,,A,,R,57.0,R,0.0,R,57.0,R,27.0,R,47.0,R,0.0,R,0.0,R,0.0,R,0.0,A,,R,18
442161,2009,A,,A,,A,,R,157.0,R,0.0,R,157.0,R,54.0,R,34.0,R,0.0,R,0.0,R,0.0,R,0.0,A,,R,19
442170,2009,A,,A,,A,,R,58.0,R,0.0,R,58.0,R,24.0,R,41.0,R,0.0,R,0.0,R,0.0,R,0.0,A,,R,13
442189,2009,A,,A,,A,,R,23.0,R,0.0,R,23.0,R,9.0,R,39.0,R,0.0,R,0.0,R,0.0,R,0.0,A,,R,9
442204,2009,A,,A,,A,,R,15.0,R,0.0,R,15.0,R,14.0,R,93.0,R,5.0,R,0.0,R,5.0,R,5.0,R,100.0,R,25
442213,2009,A,,A,,A,,A,,A,,A,,A,,A,,A,,A,,A,,A,,A,,R,5
442222,2009,R,14.0,R,23.0,R,61.0,A,,A,,A,,A,,A,,A,,A,,A,,A,,A,,R,11
442231,2009,A,,A,,A,,R,148.0,Z,0.0,R,148.0,R,111.0,R,75.0,R,0.0,R,0.0,R,0.0,R,0.0,A,,R,25
442240,2009,A,,A,,A,,R,135.0,R,0.0,R,135.0,R,125.0,R,93.0,R,53.0,R,0.0,R,53.0,R,44.0,R,83.0,R,15
442310,2009,R,109.0,R,140.0,R,78.0,R,137.0,R,0.0,R,137.0,R,58.0,R,42.0,R,74.0,R,0.0,R,74.0,R,24.0,R,32.0,R,23
442329,2009,A,,A,,A,,R,214.0,R,0.0,R,214.0,R,135.0,R,63.0,R,0.0,R,0.0,R,0.0,R,0.0,A,,R,20
442338,2009,R,245.0,R,331.0,R,74.0,R,189.0,R,10.0,R,179.0,R,110.0,R,61.0,R,29.0,R,1.0,R,28.0,R,9.0,R,32.0,R,32
442347,2009,R,118.0,R,142.0,R,83.0,R,101.0,R,3.0,R,98.0,R,59.0,R,60.0,R,7.0,R,0.0,R,7.0,R,3.0,R,43.0,R,22
442356,2009,R,106.0,R,363.0,R,29.0,R,0.0,R,0.0,R,0.0,R,0.0,A,,R,0.0,R,0.0,R,0.0,R,0.0,A,,R,11
442365,2009,R,51.0,R,184.0,R,28.0,R,23.0,R,0.0,R,23.0,R,8.0,R,35.0,R,34.0,R,0.0,R,34.0,R,10.0,R,29.0,R,48
442383,2009,R,66.0,R,114.0,R,58.0,R,61.0,R,0.0,R,61.0,R,35.0,R,57.0,R,0.0,R,0.0,R,0.0,R,0.0,A,,R,20
442408,2009,A,,A,,A,,R,106.0,R,0.0,R,106.0,R,90.0,R,85.0,R,0.0,R,0.0,R,0.0,R,0.0,A,,R,20
442426,2009,R,185.0,R,199.0,R,93.0,R,100.0,R,2.0,R,98.0,R,78.0,R,80.0,R,0.0,Z,0.0,R,0.0,Z,0.0,A,,R,12
442435,2009,A,,A,,A,,R,38.0,Z,0.0,R,38.0,R,15.0,R,39.0,R,0.0,Z,0.0,R,0.0,Z,0.0,A,,R,15
442444,2009,A,,A,,A,,R,136.0,R,0.0,R,136.0,R,121.0,R,89.0,R,0.0,Z,0.0,R,0.0,Z,0.0,A,,R,14
442462,2009,A,,A,,A,,R,190.0,R,1.0,R,189.0,R,114.0,R,60.0,R,0.0,R,0.0,R,0.0,R,0.0,A,,R,35
442499,2009,R,57.0,R,94.0,R,61.0,R,0.0,Z,0.0,R,0.0,Z,0.0,A,,R,0.0,Z,0.0,R,0.0,Z,0.0,A,,R,16
442505,2009,R,135.0,R,201.0,R,67.0,R,0.0,Z,0.0,R,0.0,Z,0.0,A,,R,0.0,Z,0.0,R,0.0,Z,0.0,A,,R,25
442514,2009,A,,A,,A,,A,,A,,A,,A,,A,,A,,A,,A,,A,,A,,R,5
442523,2009,A,,A,,A,,R,16.0,R,0.0,R,16.0,R,11.0,R,69.0,Z,0.0,Z,0.0,Z,0.0,Z,0.0,A,,R,12
442569,2009,A,,A,,A,,R,2.0,R,0.0,R,2.0,R,1.0,R,50.0,R,10.0,R,0.0,R,10.0,R,6.0,R,60.0,R,49
442578,2009,R,23.0,R,224.0,R,10.0,R,3.0,R,0.0,R,3.0,R,3.0,R,100.0,R,8.0,R,0.0,R,8.0,R,4.0,R,50.0,R,14
442611,2009,A,,A,,A,,R,746.0,R,0.0,R,746.0,R,667.0,R,89.0,R,0.0,R,0.0,R,0.0,R,0.0,A,,R,30
442620,2009,A,,A,,A,,R,19.0,R,0.0,R,19.0,R,13.0,R,68.0,R,0.0,R,0.0,R,0.0,R,0.0,A,,R,21
442639,2009,R,3.0,R,3.0,R,100.0,R,1.0,R,0.0,R,1.0,R,0.0,R,0.0,R,0.0,R,0.0,R,0.0,R,0.0,A,,R,7
442648,2009,A,,A,,A,,R,198.0,R,0.0,R,198.0,R,122.0,R,62.0,R,0.0,R,0.0,R,0.0,R,0.0,A,,R,39
442657,2009,A,,A,,A,,A,,A,,A,,A,,A,,A,,A,,A,,A,,A,,R,31
442684,2009,A,,A,,A,,R,8.0,R,0.0,R,8.0,R,5.0,R,63.0,R,4.0,R,0.0,R,4.0,R,1.0,R,25.0,R,19
442718,2009,R,6.0,R,220.0,R,3.0,R,3.0,R,0.0,R,3.0,R,1.0,R,33.0,R,53.0,R,0.0,R,53.0,R,21.0,R,40.0,R,20
442727,2009,A,,A,,A,,A,,A,,A,,A,,A,,A,,A,,A,,A,,A,,R,25
442736,2009,A,,A,,A,,A,,A,,A,,A,,A,,A,,A,,A,,A,,A,,R,24
442745,2009,A,,A,,A,,R,307.0,R,0.0,R,307.0,R,231.0,R,75.0,R,0.0,R,0.0,R,0.0,R,0.0,A,,R,37
442781,2009,R,6.0,R,66.0,R,9.0,R,1.0,Z,0.0,R,1.0,R,1.0,R,100.0,R,48.0,Z,0.0,R,48.0,R,11.0,R,23.0,R,5
442790,2009,R,159.0,R,248.0,R,64.0,R,186.0,R,0.0,R,186.0,R,76.0,R,41.0,R,77.0,R,0.0,R,77.0,R,24.0,R,31.0,R,30
442815,2009,A,,A,,A,,R,154.0,R,2.0,R,152.0,R,113.0,R,74.0,R,54.0,R,1.0,R,53.0,R,34.0,R,64.0,R,30
442824,2009,R,211.0,R,754.0,R,28.0,R,167.0,R,0.0,R,167.0,R,73.0,R,44.0,R,122.0,R,0.0,R,122.0,R,42.0,R,34.0,R,16
442833,2009,R,261.0,R,1075.0,R,24.0,R,152.0,R,9.0,R,143.0,R,25.0,R,17.0,R,166.0,R,14.0,R,152.0,R,70.0,R,46.0,R,95
442842,2009,R,6.0,R,22.0,R,27.0,R,0.0,R,0.0,R,0.0,R,0.0,A,,R,0.0,R,0.0,R,0.0,R,0.0,A,,R,5
442851,2009,A,,A,,A,,R,36.0,R,0.0,R,36.0,R,22.0,R,61.0,R,0.0,R,0.0,R,0.0,R,0.0,A,,R,8
442879,2009,A,,A,,A,,R,154.0,R,0.0,R,154.0,R,122.0,R,79.0,R,0.0,R,0.0,R,0.0,R,0.0,A,,R,24
442888,2009,A,,A,,A,,R,153.0,R,0.0,R,153.0,R,82.0,R,54.0,R,0.0,R,0.0,R,0.0,R,0.0,A,,R,17
442897,2009,A,,A,,A,,A,,A,,A,,A,,A,,A,,A,,A,,A,,A,,R,7
442921,2009,A,,A,,A,,R,13.0,Z,0.0,R,13.0,R,13.0,R,100.0,R,3.0,Z,0.0,R,3.0,R,3.0,R,100.0,R,15
442930,2009,A,,A,,A,,R,570.0,R,0.0,R,570.0,R,89.0,R,16.0,R,0.0,R,0.0,R,0.0,R,0.0,A,,R,23
442949,2009,A,,A,,A,,A,,A,,A,,A,,A,,A,,A,,A,,A,,A,,R,10
442958,2009,A,,A,,A,,R,34.0,R,0.0,R,34.0,R,32.0,R,94.0,R,20.0,R,0.0,R,20.0,R,18.0,R,90.0,R,20
442967,2009,A,,A,,A,,A,,A,,A,,A,,A,,A,,A,,A,,A,,A,,R,25
442976,2009,A,,A,,A,,R,35.0,R,0.0,R,35.0,R,20.0,R,57.0,R,0.0,R,0.0,R,0.0,R,0.0,A,,R,12
442985,2009,A,,A,,A,,A,,A,,A,,A,,A,,A,,A,,A,,A,,A,,R,20
443021,2009,A,,A,,A,,R,30.0,R,0.0,R,30.0,R,24.0,R,80.0,Z,0.0,Z,0.0,Z,0.0,Z,0.0,A,,R,18
443049,2009,R,3.0,R,12.0,R,25.0,R,6.0,R,0.0,R,6.0,R,5.0,R,83.0,R,0.0,R,0.0,R,0.0,R,0.0,A,,R,11
443058,2009,R,3.0,R,27.0,R,11.0,R,4.0,R,0.0,R,4.0,R,2.0,R,50.0,R,0.0,R,0.0,R,0.0,R,0.0,A,,R,7
443076,2009,A,,A,,A,,Z,0.0,Z,0.0,Z,0.0,Z,0.0,A,,R,8.0,Z,0.0,R,8.0,R,5.0,R,63.0,R,4
443100,2009,A,,A,,A,,R,85.0,R,0.0,R,85.0,R,36.0,R,42.0,Z,0.0,Z,0.0,Z,0.0,Z,0.0,A,,R,17
443128,2009,R,1.0,R,2.0,R,50.0,R,0.0,R,0.0,R,0.0,R,0.0,A,,R,0.0,R,0.0,R,0.0,R,0.0,A,,R,25
443137,2009,A,,A,,A,,A,,A,,A,,A,,A,,A,,A,,A,,A,,A,,R,21
443146,2009,A,,A,,A,,P,107.0,P,0.0,P,107.0,P,80.0,P,75.0,P,0.0,P,0.0,P,0.0,P,0.0,A,,P,18
443173,2009,A,,A,,A,,R,16.0,R,0.0,R,16.0,R,11.0,R,69.0,R,6.0,R,0.0,R,6.0,R,4.0,R,67.0,R,14
443207,2009,A,,A,,A,,A,,A,,A,,A,,A,,A,,A,,A,,A,,A,,R,12
443216,2009,A,,A,,A,,R,11.0,R,0.0,R,11.0,R,4.0,R,36.0,R,0.0,R,0.0,R,0.0,R,0.0,A,,R,29
443225,2009,A,,A,,A,,R,10.0,Z,0.0,R,10.0,R,7.0,R,70.0,R,2.0,R,0.0,R,2.0,R,2.0,R,100.0,R,20
443234,2009,A,,A,,A,,R,87.0,R,0.0,R,87.0,R,59.0,R,68.0,R,0.0,R,0.0,R,0.0,R,0.0,A,,R,34
443252,2009,A,,A,,A,,R,468.0,Z,0.0,R,468.0,R,446.0,R,95.0,Z,0.0,Z,0.0,Z,0.0,Z,0.0,A,,R,23
443261,2009,A,,A,,A,,A,,A,,A,,A,,A,,A,,A,,A,,A,,A,,R,14
443270,2009,R,62.0,R,73.0,R,85.0,R,28.0,Z,0.0,R,28.0,R,28.0,R,100.0,R,14.0,Z,0.0,R,14.0,R,6.0,R,43.0,R,9
443289,2009,A,,A,,A,,R,27.0,R,0.0,R,27.0,R,22.0,R,81.0,R,0.0,R,0.0,R,0.0,R,0.0,A,,R,6
443298,2009,A,,A,,A,,R,23.0,Z,0.0,R,23.0,R,17.0,R,74.0,R,2.0,Z,0.0,R,2.0,R,1.0,R,50.0,R,24
443322,2009,A,,A,,A,,R,175.0,R,19.0,R,156.0,R,150.0,R,96.0,Z,0.0,Z,0.0,Z,0.0,Z,0.0,A,,R,12
443331,2009,R,581.0,R,815.0,R,71.0,A,,A,,A,,A,,A,,A,,A,,A,,A,,A,,R,21
443340,2009,R,4.0,R,29.0,R,14.0,R,7.0,R,0.0,R,7.0,R,4.0,R,57.0,R,0.0,R,0.0,R,0.0,Z,0.0,A,,R,6
443359,2009,A,,A,,A,,R,72.0,R,0.0,R,72.0,R,47.0,R,65.0,R,30.0,R,0.0,R,30.0,R,16.0,R,53.0,R,17
443377,2009,R,95.0,R,122.0,R,78.0,R,60.0,R,1.0,R,59.0,R,44.0,R,75.0,R,0.0,R,0.0,R,0.0,R,0.0,A,,R,12
443410,2009,R,132.0,R,208.0,R,63.0,R,138.0,R,0.0,R,138.0,R,101.0,R,73.0,R,1.0,Z,0.0,R,1.0,R,1.0,R,100.0,R,19
443429,2009,A,,A,,A,,A,,A,,A,,A,,A,,A,,A,,A,,A,,A,,R,12
443438,2009,A,,A,,A,,R,298.0,R,0.0,R,298.0,R,215.0,R,72.0,R,0.0,R,0.0,R,0.0,R,0.0,A,,R,29
443456,2009,A,,A,,A,,R,0.0,R,0.0,R,0.0,R,0.0,A,,R,0.0,R,0.0,R,0.0,R,0.0,A,,R,3
443465,2009,A,,A,,A,,R,0.0,R,0.0,R,0.0,R,0.0,A,,R,0.0,R,0.0,R,0.0,R,0.0,A,,R,3
443474,2009,A,,A,,A,,R,60.0,R,0.0,R,60.0,R,28.0,R,47.0,R,0.0,R,0.0,R,0.0,R,0.0,A,,R,18
443483,2009,A,,A,,A,,Z,0.0,Z,0.0,Z,0.0,Z,0.0,A,,R,14.0,R,0.0,R,14.0,R,7.0,R,50.0,R,7
443492,2009,R,509.0,R,1285.0,R,40.0,R,458.0,Z,0.0,R,458.0,R,239.0,R,52.0,R,68.0,Z,0.0,R,68.0,R,28.0,R,41.0,R,15
443517,2009,A,,A,,A,,R,24.0,R,0.0,R,24.0,R,19.0,R,79.0,R,0.0,R,0.0,R,0.0,R,0.0,A,,R,23
443526,2009,R,103.0,R,146.0,R,71.0,R,24.0,R,0.0,R,24.0,R,8.0,R,33.0,R,2.0,R,0.0,R,2.0,R,0.0,R,0.0,R,25
443535,2009,R,88.0,R,113.0,R,78.0,R,92.0,R,3.0,R,89.0,R,53.0,R,60.0,R,7.0,R,0.0,R,7.0,R,2.0,R,29.0,R,18
443544,2009,A,,A,,A,,R,33.0,R,0.0,R,33.0,R,8.0,R,24.0,R,0.0,R,0.0,R,0.0,R,0.0,A,,R,8
443553,2009,A,,A,,A,,R,167.0,R,0.0,R,167.0,R,121.0,R,72.0,R,84.0,R,0.0,R,84.0,R,58.0,R,69.0,R,18
443562,2009,R,192.0,R,242.0,R,79.0,R,190.0,R,2.0,R,188.0,R,152.0,R,81.0,R,38.0,R,0.0,R,38.0,R,33.0,R,87.0,R,16
443571,2009,A,,A,,A,,R,97.0,R,0.0,R,97.0,R,61.0,R,63.0,R,0.0,R,0.0,R,0.0,R,0.0,A,,R,17
443605,2009,A,,A,,A,,A,,A,,A,,A,,A,,A,,A,,A,,A,,A,,R,40
443623,2009,A,,A,,A,,R,146.0,R,0.0,R,146.0,R,107.0,R,73.0,R,0.0,R,0.0,R,0.0,R,0.0,A,,R,28
443632,2009,A,,A,,A,,A,,A,,A,,A,,A,,A,,A,,A,,A,,A,,R,10
443641,2009,A,,A,,A,,R,111.0,Z,0.0,R,111.0,R,95.0,R,86.0,R,45.0,Z,0.0,R,45.0,R,34.0,R,76.0,R,15
443650,2009,R,39.0,R,107.0,R,36.0,R,38.0,R,0.0,R,38.0,R,27.0,R,71.0,R,23.0,R,0.0,R,23.0,R,5.0,R,22.0,R,18
443669,2009,A,,A,,A,,R,98.0,Z,0.0,R,98.0,R,73.0,R,74.0,Z,0.0,Z,0.0,Z,0.0,Z,0.0,A,,R,30
443678,2009,A,,A,,A,,R,31.0,Z,0.0,R,31.0,R,24.0,R,77.0,R,9.0,R,1.0,R,8.0,R,5.0,R,63.0,R,10
443687,2009,R,121.0,R,210.0,R,58.0,R,148.0,R,2.0,R,146.0,R,53.0,R,36.0,R,22.0,R,0.0,R,22.0,R,2.0,R,9.0,R,19
443696,2009,A,,A,,A,,R,18.0,Z,0.0,R,18.0,R,6.0,R,33.0,R,0.0,Z,0.0,R,0.0,Z,0.0,A,,R,10
443739,2009,A,,A,,A,,R,81.0,R,0.0,R,81.0,R,59.0,R,73.0,R,0.0,R,0.0,R,0.0,R,0.0,A,,R,30
443748,2009,A,,A,,A,,A,,A,,A,,A,,A,,A,,A,,A,,A,,A,,R,24
443827,2009,A,,A,,A,,R,172.0,R,1.0,R,171.0,R,93.0,R,54.0,R,0.0,R,0.0,R,0.0,R,0.0,A,,R,27
443836,2009,A,,A,,A,,R,267.0,R,1.0,R,266.0,R,181.0,R,68.0,R,0.0,R,0.0,R,0.0,R,0.0,A,,R,20
443845,2009,A,,A,,A,,R,957.0,R,0.0,R,957.0,R,637.0,R,67.0,R,0.0,R,0.0,R,0.0,R,0.0,A,,R,20
443854,2009,R,110.0,R,148.0,R,74.0,R,128.0,R,0.0,R,128.0,R,73.0,R,57.0,R,9.0,R,0.0,R,9.0,R,5.0,R,56.0,R,18
443881,2009,A,,A,,A,,R,118.0,R,0.0,R,118.0,R,54.0,R,46.0,R,0.0,R,0.0,R,0.0,R,0.0,A,,R,23
443890,2009,A,,A,,A,,R,87.0,R,0.0,R,87.0,R,32.0,R,37.0,R,0.0,R,0.0,R,0.0,R,0.0,A,,R,23
443906,2009,A,,A,,A,,R,17.0,R,0.0,R,17.0,R,6.0,R,35.0,R,0.0,R,0.0,R,0.0,R,0.0,A,,R,5
443915,2009,A,,A,,A,,R,9.0,R,0.0,R,9.0,R,1.0,R,11.0,R,0.0,R,0.0,R,0.0,R,0.0,A,,R,4
443924,2009,A,,A,,A,,R,126.0,R,0.0,R,126.0,R,38.0,R,30.0,R,0.0,R,0.0,R,0.0,R,0.0,A,,R,15
443942,2009,A,,A,,A,,R,56.0,R,0.0,R,56.0,R,49.0,R,88.0,R,0.0,R,0.0,R,0.0,R,0.0,A,,R,20
443951,2009,A,,A,,A,,R,48.0,R,0.0,R,48.0,R,24.0,R,50.0,R,0.0,R,0.0,R,0.0,R,0.0,A,,R,11
443979,2009,A,,A,,A,,R,15.0,R,0.0,R,15.0,R,15.0,R,100.0,R,0.0,R,0.0,R,0.0,R,0.0,A,,R,10
443997,2009,R,23.0,R,118.0,R,19.0,R,17.0,R,0.0,R,17.0,R,9.0,R,53.0,R,4.0,R,0.0,R,4.0,R,2.0,R,50.0,R,20
444015,2009,A,,A,,A,,A,,A,,A,,A,,A,,A,,A,,A,,A,,A,,R,26
444024,2009,A,,A,,A,,R,187.0,R,0.0,R,187.0,R,124.0,R,66.0,R,0.0,R,0.0,R,0.0,R,0.0,A,,R,30
444033,2009,R,21.0,R,52.0,R,40.0,R,7.0,R,0.0,R,7.0,R,3.0,R,43.0,R,5.0,R,0.0,R,5.0,R,2.0,R,40.0,R,11
444042,2009,R,300.0,R,604.0,R,50.0,R,109.0,R,1.0,R,108.0,R,69.0,R,64.0,R,0.0,R,0.0,R,0.0,R,0.0,A,,R,32
444051,2009,A,,A,,A,,R,24.0,R,0.0,R,24.0,R,19.0,R,79.0,R,4.0,Z,0.0,R,4.0,R,3.0,R,75.0,R,23
444060,2009,R,148.0,R,199.0,R,74.0,R,0.0,Z,0.0,R,0.0,Z,0.0,A,,R,0.0,Z,0.0,R,0.0,Z,0.0,A,,R,17
444079,2009,A,,A,,A,,R,371.0,R,0.0,R,371.0,R,290.0,R,78.0,R,0.0,R,0.0,R,0.0,R,0.0,A,,R,25
444088,2009,A,,A,,A,,R,43.0,R,0.0,R,43.0,R,24.0,R,56.0,R,0.0,R,0.0,R,0.0,R,0.0,A,,R,10
444121,2009,A,,A,,A,,R,136.0,R,0.0,R,136.0,R,105.0,R,77.0,R,0.0,R,0.0,R,0.0,R,0.0,A,,R,19
444130,2009,A,,A,,A,,R,3.0,Z,0.0,R,3.0,R,3.0,R,100.0,R,1.0,Z,0.0,R,1.0,R,1.0,R,100.0,R,24
444158,2009,R,3686.0,R,11119.0,R,33.0,R,5667.0,R,0.0,R,5667.0,R,1612.0,R,28.0,R,0.0,R,0.0,R,0.0,R,0.0,A,,R,83
444167,2009,R,527.0,R,1302.0,R,40.0,R,3.0,Z,0.0,R,3.0,R,2.0,R,67.0,R,2.0,R,0.0,R,2.0,R,0.0,R,0.0,R,32
444176,2009,A,,A,,A,,R,21.0,Z,0.0,R,21.0,R,17.0,R,81.0,R,22.0,Z,0.0,R,22.0,R,18.0,R,82.0,R,9
444194,2009,A,,A,,A,,R,21.0,R,0.0,R,21.0,R,20.0,R,95.0,R,0.0,R,0.0,R,0.0,R,0.0,A,,R,14
444200,2009,A,,A,,A,,R,35.0,R,0.0,R,35.0,R,17.0,R,49.0,R,36.0,R,0.0,R,36.0,R,16.0,R,44.0,R,28
444219,2009,R,737.0,R,3618.0,R,20.0,R,663.0,Z,0.0,R,663.0,R,321.0,R,48.0,R,996.0,Z,0.0,R,996.0,R,217.0,R,22.0,R,31
444228,2009,A,,A,,A,,R,6.0,R,0.0,R,6.0,R,1.0,R,17.0,R,0.0,R,0.0,R,0.0,R,0.0,A,,R,12
444237,2009,A,,A,,A,,A,,A,,A,,A,,A,,A,,A,,A,,A,,A,,R,25
444255,2009,R,99.0,R,184.0,R,54.0,R,70.0,R,0.0,R,70.0,R,65.0,R,93.0,R,20.0,R,0.0,R,20.0,R,19.0,R,95.0,R,20
444264,2009,A,,A,,A,,R,44.0,R,0.0,R,44.0,R,35.0,R,80.0,R,50.0,Z,0.0,R,50.0,R,50.0,R,100.0,R,17
444282,2009,A,,A,,A,,R,36.0,Z,0.0,R,36.0,R,22.0,R,61.0,R,8.0,Z,0.0,R,8.0,R,6.0,R,75.0,R,14
444291,2009,A,,A,,A,,R,44.0,Z,0.0,R,44.0,R,25.0,R,57.0,R,18.0,Z,0.0,R,18.0,R,9.0,R,50.0,R,14
444307,2009,A,,A,,A,,R,48.0,Z,0.0,R,48.0,R,33.0,R,69.0,R,7.0,Z,0.0,R,7.0,R,5.0,R,71.0,R,23
444316,2009,A,,A,,A,,R,127.0,R,0.0,R,127.0,R,40.0,R,31.0,R,0.0,R,0.0,R,0.0,R,0.0,A,,R,17
444325,2009,A,,A,,A,,R,21.0,R,0.0,R,21.0,R,18.0,R,86.0,R,9.0,R,0.0,R,9.0,R,8.0,R,89.0,R,18
444334,2009,A,,A,,A,,R,147.0,R,0.0,R,147.0,R,135.0,R,92.0,R,0.0,R,0.0,R,0.0,R,0.0,A,,R,20
444343,2009,A,,A,,A,,R,113.0,R,0.0,R,113.0,R,94.0,R,83.0,R,0.0,R,0.0,R,0.0,R,0.0,A,,R,15
444352,2009,A,,A,,A,,R,170.0,R,0.0,R,170.0,R,100.0,R,59.0,R,0.0,R,0.0,R,0.0,R,0.0,A,,R,20
444361,2009,A,,A,,A,,A,,A,,A,,A,,A,,A,,A,,A,,A,,A,,R,15
444370,2009,A,,A,,A,,A,,A,,A,,A,,A,,A,,A,,A,,A,,A,,R,35
444389,2009,A,,A,,A,,R,154.0,R,0.0,R,154.0,R,116.0,R,75.0,R,0.0,R,0.0,R,0.0,R,0.0,A,,R,29
444398,2009,R,22.0,R,56.0,R,39.0,R,20.0,R,0.0,R,20.0,R,12.0,R,60.0,R,3.0,R,0.0,R,3.0,R,1.0,R,33.0,R,18
444404,2009,A,,A,,A,,R,49.0,R,0.0,R,49.0,R,42.0,R,86.0,R,36.0,R,0.0,R,36.0,R,35.0,R,97.0,R,13
444413,2009,R,45.0,R,51.0,R,88.0,R,50.0,R,0.0,R,50.0,R,38.0,R,76.0,R,0.0,R,0.0,R,0.0,R,0.0,A,,R,29
444422,2009,A,,A,,A,,R,53.0,R,0.0,R,53.0,R,25.0,R,47.0,R,0.0,R,0.0,R,0.0,R,0.0,A,,R,20
444440,2009,A,,A,,A,,R,86.0,Z,0.0,R,86.0,R,70.0,R,81.0,R,0.0,Z,0.0,R,0.0,R,0.0,A,,R,17
444459,2009,A,,A,,A,,A,,A,,A,,A,,A,,A,,A,,A,,A,,A,,R,4
444468,2009,A,,A,,A,,R,8.0,R,0.0,R,8.0,R,5.0,R,63.0,R,0.0,R,0.0,R,0.0,R,0.0,A,,R,10
444477,2009,A,,A,,A,,R,91.0,Z,0.0,R,91.0,R,82.0,R,90.0,Z,0.0,Z,0.0,Z,0.0,Z,0.0,A,,R,23
444486,2009,A,,A,,A,,R,12.0,R,0.0,R,12.0,R,12.0,R,100.0,R,9.0,R,0.0,R,9.0,R,8.0,R,89.0,R,25
444529,2009,A,,A,,A,,A,,A,,A,,A,,A,,A,,A,,A,,A,,A,,R,22
444547,2009,R,3.0,R,5.0,R,60.0,R,4.0,R,0.0,R,4.0,R,3.0,R,75.0,R,1.0,R,0.0,R,1.0,R,1.0,R,100.0,R,9
444556,2009,A,,A,,A,,R,24.0,R,0.0,R,24.0,R,14.0,R,58.0,Z,0.0,Z,0.0,Z,0.0,Z,0.0,A,,R,15
444565,2009,A,,A,,A,,R,48.0,R,0.0,R,48.0,R,42.0,R,88.0,R,24.0,R,0.0,R,24.0,R,20.0,R,83.0,R,12
444574,2009,A,,A,,A,,R,73.0,R,0.0,R,73.0,R,69.0,R,95.0,R,0.0,R,0.0,R,0.0,R,0.0,A,,R,20
444583,2009,A,,A,,A,,R,170.0,R,0.0,R,170.0,R,133.0,R,78.0,R,0.0,R,0.0,R,0.0,R,0.0,A,,R,30
444592,2009,A,,A,,A,,R,45.0,R,0.0,R,45.0,R,20.0,R,44.0,R,14.0,R,4.0,R,10.0,R,10.0,R,100.0,R,4
444608,2009,A,,A,,A,,R,6.0,R,0.0,R,6.0,R,5.0,R,83.0,Z,0.0,Z,0.0,Z,0.0,Z,0.0,A,,R,7
444626,2009,A,,A,,A,,R,13.0,R,0.0,R,13.0,R,9.0,R,69.0,R,20.0,R,0.0,R,20.0,R,16.0,R,80.0,R,2
444635,2009,A,,A,,A,,A,,A,,A,,A,,A,,A,,A,,A,,A,,A,,R,6
444644,2009,A,,A,,A,,A,,A,,A,,A,,A,,A,,A,,A,,A,,A,,R,22
444653,2009,A,,A,,A,,R,53.0,Z,0.0,R,53.0,R,16.0,R,30.0,R,5.0,R,2.0,R,3.0,R,1.0,R,33.0,R,15
444662,2009,A,,A,,A,,A,,A,,A,,A,,A,,A,,A,,A,,A,,A,,R,8
444671,2009,A,,A,,A,,R,71.0,R,0.0,R,71.0,R,58.0,R,82.0,R,0.0,R,0.0,R,0.0,R,0.0,A,,R,13
444680,2009,A,,A,,A,,R,15.0,R,0.0,R,15.0,R,15.0,R,100.0,Z,0.0,Z,0.0,Z,0.0,Z,0.0,A,,R,10
444705,2009,A,,A,,A,,R,10.0,R,0.0,R,10.0,R,9.0,R,90.0,Z,0.0,Z,0.0,Z,0.0,Z,0.0,A,,R,13
444714,2009,A,,A,,A,,A,,A,,A,,A,,A,,A,,A,,A,,A,,A,,R,42
444723,2009,A,,A,,A,,R,7.0,Z,0.0,R,7.0,R,7.0,R,100.0,R,24.0,Z,0.0,R,24.0,R,16.0,R,67.0,R,8
444732,2009,A,,A,,A,,R,29.0,R,0.0,R,29.0,R,19.0,R,66.0,R,0.0,R,0.0,R,0.0,R,0.0,A,,R,22
444750,2009,A,,A,,A,,R,2.0,R,0.0,R,2.0,R,1.0,R,50.0,R,0.0,R,0.0,R,0.0,R,0.0,A,,R,12
444769,2009,A,,A,,A,,R,16.0,R,0.0,R,16.0,R,13.0,R,81.0,R,18.0,R,0.0,R,18.0,R,14.0,R,78.0,R,14
444778,2009,R,12.0,R,16.0,R,75.0,R,10.0,R,0.0,R,10.0,R,3.0,R,30.0,R,2.0,R,1.0,R,1.0,R,1.0,R,100.0,R,6
444787,2009,A,,A,,A,,R,0.0,R,0.0,R,0.0,R,0.0,A,,R,9.0,R,0.0,R,9.0,R,4.0,R,44.0,R,1
444796,2009,A,,A,,A,,A,,A,,A,,A,,A,,A,,A,,A,,A,,A,,R,8
444802,2009,A,,A,,A,,R,23.0,R,2.0,R,21.0,R,10.0,R,48.0,R,20.0,R,1.0,R,19.0,R,8.0,R,42.0,R,18
444857,2009,A,,A,,A,,R,15.0,R,0.0,R,15.0,R,10.0,R,67.0,R,3.0,R,0.0,R,3.0,R,3.0,R,100.0,R,8
444866,2009,A,,A,,A,,A,,A,,A,,A,,A,,A,,A,,A,,A,,A,,R,16
444884,2009,A,,A,,A,,A,,A,,A,,A,,A,,A,,A,,A,,A,,A,,R,8
444893,2009,A,,A,,A,,A,,A,,A,,A,,A,,A,,A,,A,,A,,A,,R,13
444909,2009,A,,A,,A,,R,17.0,R,0.0,R,17.0,R,17.0,R,100.0,R,0.0,R,0.0,R,0.0,R,0.0,A,,R,5
444927,2009,R,48.0,R,127.0,R,38.0,R,63.0,R,1.0,R,62.0,R,36.0,R,58.0,R,19.0,R,0.0,R,19.0,R,12.0,R,63.0,R,11
444936,2009,A,,A,,A,,R,55.0,Z,0.0,R,55.0,R,31.0,R,56.0,R,0.0,R,0.0,R,0.0,R,0.0,A,,R,17
444945,2009,A,,A,,A,,R,131.0,R,0.0,R,131.0,R,112.0,R,85.0,R,0.0,R,0.0,R,0.0,R,0.0,A,,R,16
444954,2009,R,475.0,R,1170.0,R,41.0,R,409.0,Z,0.0,R,409.0,R,171.0,R,42.0,R,65.0,Z,0.0,R,65.0,R,27.0,R,42.0,R,21
444972,2009,A,,A,,A,,R,42.0,Z,0.0,R,42.0,R,26.0,R,62.0,R,0.0,R,0.0,R,0.0,R,0.0,A,,R,14
444990,2009,A,,A,,A,,A,,A,,A,,A,,A,,A,,A,,A,,A,,A,,R,16
445009,2009,R,350.0,R,982.0,R,36.0,R,370.0,Z,0.0,R,370.0,R,233.0,R,63.0,R,316.0,Z,0.0,R,316.0,R,107.0,R,34.0,R,27
445018,2009,R,226.0,R,380.0,R,59.0,R,299.0,R,0.0,R,299.0,R,125.0,R,42.0,R,53.0,R,0.0,R,53.0,R,18.0,R,34.0,R,19
445027,2009,R,2548.0,R,3732.0,R,68.0,R,10678.0,R,0.0,R,10678.0,R,4646.0,R,44.0,R,0.0,R,0.0,R,0.0,R,0.0,A,,R,40
445072,2009,R,151.0,R,248.0,R,61.0,R,94.0,R,0.0,R,94.0,R,29.0,R,31.0,R,15.0,R,0.0,R,15.0,R,5.0,R,33.0,R,23
445081,2009,R,135.0,R,182.0,R,74.0,R,0.0,R,0.0,R,0.0,R,0.0,A,,R,0.0,R,0.0,R,0.0,R,0.0,A,,R,24
445090,2009,R,111.0,R,126.0,R,88.0,R,103.0,R,23.0,R,80.0,R,69.0,R,86.0,R,14.0,R,6.0,R,8.0,R,5.0,R,63.0,R,15
445115,2009,A,,A,,A,,R,107.0,Z,0.0,R,107.0,R,76.0,R,71.0,Z,0.0,Z,0.0,Z,0.0,Z,0.0,A,,R,26
445124,2009,R,86.0,R,247.0,R,35.0,R,168.0,Z,0.0,R,168.0,R,78.0,R,46.0,R,57.0,Z,0.0,R,57.0,R,23.0,R,40.0,R,25
445133,2009,R,51.0,R,141.0,R,36.0,R,13.0,R,0.0,R,13.0,R,6.0,R,46.0,R,2.0,R,0.0,R,2.0,R,1.0,R,50.0,R,26
445142,2009,A,,A,,A,,R,104.0,Z,0.0,R,104.0,R,70.0,R,67.0,Z,0.0,Z,0.0,Z,0.0,Z,0.0,A,,R,30
445188,2009,R,1127.0,R,1269.0,R,89.0,R,923.0,R,0.0,R,923.0,R,766.0,R,83.0,R,2.0,R,0.0,R,2.0,R,1.0,R,50.0,R,16
445197,2009,A,,A,,A,,R,209.0,R,0.0,R,209.0,R,122.0,R,58.0,R,8.0,R,0.0,R,8.0,R,3.0,R,38.0,R,27
445203,2009,A,,A,,A,,R,194.0,R,0.0,R,194.0,R,111.0,R,57.0,R,0.0,R,0.0,R,0.0,R,0.0,A,,R,21
445212,2009,A,,A,,A,,R,141.0,R,1.0,R,140.0,R,126.0,R,90.0,R,57.0,R,0.0,R,57.0,R,47.0,R,82.0,R,15
445221,2009,A,,A,,A,,R,36.0,R,0.0,R,36.0,R,25.0,R,69.0,R,3.0,R,0.0,R,3.0,R,2.0,R,67.0,R,15
445230,2009,A,,A,,A,,R,231.0,R,0.0,R,231.0,R,118.0,R,51.0,R,0.0,R,0.0,R,0.0,R,0.0,A,,R,25
445249,2009,A,,A,,A,,R,165.0,R,0.0,R,165.0,R,94.0,R,57.0,R,0.0,R,0.0,R,0.0,R,0.0,A,,R,25
445258,2009,A,,A,,A,,R,14.0,R,0.0,R,14.0,R,10.0,R,71.0,Z,0.0,Z,0.0,Z,0.0,Z,0.0,A,,R,33
445267,2009,A,,A,,A,,A,,A,,A,,A,,A,,A,,A,,A,,A,,A,,R,25
445276,2009,R,85.0,R,147.0,R,58.0,R,55.0,R,0.0,R,55.0,R,20.0,R,36.0,R,7.0,R,0.0,R,7.0,R,0.0,R,0.0,R,20
445300,2009,A,,A,,A,,R,64.0,R,0.0,R,64.0,R,15.0,R,23.0,R,0.0,R,0.0,R,0.0,R,0.0,A,,R,8
445319,2009,A,,A,,A,,R,19.0,R,0.0,R,19.0,R,7.0,R,37.0,R,0.0,R,0.0,R,0.0,R,0.0,A,,R,6
445328,2009,A,,A,,A,,R,244.0,R,0.0,R,244.0,R,169.0,R,69.0,R,0.0,R,0.0,R,0.0,R,0.0,A,,R,28
445337,2009,A,,A,,A,,R,136.0,R,0.0,R,136.0,R,84.0,R,62.0,R,0.0,R,0.0,R,0.0,R,0.0,A,,R,20
445346,2009,A,,A,,A,,R,176.0,R,0.0,R,176.0,R,105.0,R,60.0,R,0.0,R,0.0,R,0.0,R,0.0,A,,R,26
445355,2009,A,,A,,A,,R,107.0,Z,0.0,R,107.0,R,65.0,R,61.0,Z,0.0,Z,0.0,Z,0.0,Z,0.0,A,,R,50
445364,2009,A,,A,,A,,R,33.0,R,0.0,R,33.0,R,21.0,R,64.0,R,0.0,R,0.0,R,0.0,R,0.0,A,,R,20
445373,2009,A,,A,,A,,A,,A,,A,,A,,A,,A,,A,,A,,A,,A,,R,20
445382,2009,A,,A,,A,,A,,A,,A,,A,,A,,A,,A,,A,,A,,A,,R,24
445391,2009,A,,A,,A,,R,28.0,R,0.0,R,28.0,R,12.0,R,43.0,R,0.0,R,0.0,R,0.0,R,0.0,A,,R,5
445407,2009,R,37.0,R,183.0,R,20.0,R,16.0,R,0.0,R,16.0,R,5.0,R,31.0,R,19.0,R,0.0,R,19.0,R,10.0,R,53.0,R,36
445416,2009,A,,A,,A,,R,5.0,R,0.0,R,5.0,R,4.0,R,80.0,R,2.0,R,0.0,R,2.0,R,0.0,R,0.0,R,26
445434,2009,R,192.0,R,256.0,R,75.0,R,179.0,R,0.0,R,179.0,R,97.0,R,54.0,R,48.0,R,0.0,R,48.0,R,19.0,R,40.0,R,14
445452,2009,A,,A,,A,,R,686.0,Z,0.0,R,686.0,R,552.0,R,80.0,R,0.0,R,0.0,R,0.0,R,0.0,A,,R,15
445461,2009,A,,A,,A,,A,,A,,A,,A,,A,,A,,A,,A,,A,,A,,R,28
445470,2009,R,78.0,R,87.0,R,90.0,R,55.0,R,0.0,R,55.0,R,29.0,R,53.0,R,11.0,R,0.0,R,11.0,R,4.0,R,36.0,R,12
445489,2009,A,,A,,A,,R,25.0,R,0.0,R,25.0,R,15.0,R,60.0,R,6.0,R,0.0,R,6.0,R,5.0,R,83.0,R,15
445498,2009,A,,A,,A,,R,29.0,Z,0.0,R,29.0,R,27.0,R,93.0,R,0.0,Z,0.0,R,0.0,R,0.0,A,,R,37
445504,2009,A,,A,,A,,R,25.0,Z,0.0,R,25.0,R,13.0,R,52.0,R,11.0,Z,0.0,R,11.0,R,4.0,R,36.0,R,15
445531,2009,A,,A,,A,,R,28.0,R,0.0,R,28.0,R,19.0,R,68.0,R,0.0,R,0.0,R,0.0,R,0.0,A,,R,12
445540,2009,A,,A,,A,,R,31.0,R,0.0,R,31.0,R,22.0,R,71.0,R,0.0,R,0.0,R,0.0,R,0.0,A,,R,17
445559,2009,A,,A,,A,,R,161.0,R,0.0,R,161.0,R,134.0,R,83.0,R,0.0,R,0.0,R,0.0,R,0.0,A,,R,21
445577,2009,A,,A,,A,,R,161.0,R,0.0,R,161.0,R,113.0,R,70.0,R,0.0,R,0.0,R,0.0,R,0.0,A,,R,34
445601,2009,A,,A,,A,,R,227.0,R,0.0,R,227.0,R,132.0,R,58.0,R,0.0,R,0.0,R,0.0,R,0.0,A,,R,38
445610,2009,A,,A,,A,,R,97.0,R,2.0,R,95.0,R,42.0,R,44.0,R,0.0,Z,0.0,R,0.0,Z,0.0,A,,R,30
445629,2009,A,,A,,A,,A,,A,,A,,A,,A,,A,,A,,A,,A,,A,,R,11
445638,2009,A,,A,,A,,A,,A,,A,,A,,A,,A,,A,,A,,A,,A,,R,8
445647,2009,A,,A,,A,,A,,A,,A,,A,,A,,A,,A,,A,,A,,A,,R,7
445656,2009,A,,A,,A,,A,,A,,A,,A,,A,,A,,A,,A,,A,,A,,R,10
445665,2009,A,,A,,A,,R,65.0,Z,0.0,R,65.0,R,31.0,R,48.0,Z,0.0,Z,0.0,Z,0.0,Z,0.0,A,,R,26
445674,2009,R,142.0,R,472.0,R,30.0,R,142.0,R,0.0,R,142.0,R,67.0,R,47.0,R,36.0,R,0.0,R,36.0,R,4.0,R,11.0,R,14
445683,2009,A,,A,,A,,R,24.0,R,0.0,R,24.0,R,12.0,R,50.0,R,24.0,R,0.0,R,24.0,R,16.0,R,67.0,R,7
445692,2009,R,131.0,R,131.0,R,100.0,R,28.0,Z,0.0,R,28.0,R,23.0,R,82.0,Z,0.0,Z,0.0,Z,0.0,Z,0.0,A,,R,16
445708,2009,R,659.0,R,891.0,R,74.0,R,461.0,R,0.0,R,461.0,R,348.0,R,75.0,R,0.0,R,0.0,R,0.0,R,0.0,A,,R,27
445717,2009,A,,A,,A,,R,123.0,R,0.0,R,123.0,R,48.0,R,39.0,R,0.0,R,0.0,R,0.0,R,0.0,A,,R,17
445726,2009,A,,A,,A,,R,339.0,Z,0.0,R,339.0,R,294.0,R,87.0,Z,0.0,Z,0.0,Z,0.0,Z,0.0,A,,R,21
445735,2009,A,,A,,A,,A,,A,,A,,A,,A,,A,,A,,A,,A,,A,,R,7
445744,2009,A,,A,,A,,R,164.0,R,0.0,R,164.0,R,133.0,R,81.0,R,0.0,R,0.0,R,0.0,R,0.0,A,,R,34
445753,2009,A,,A,,A,,R,96.0,R,0.0,R,96.0,R,72.0,R,75.0,R,0.0,R,0.0,R,0.0,R,0.0,A,,R,35
445762,2009,A,,A,,A,,R,62.0,R,0.0,R,62.0,R,32.0,R,52.0,R,0.0,R,0.0,R,0.0,R,0.0,A,,R,12
445771,2009,A,,A,,A,,A,,A,,A,,A,,A,,A,,A,,A,,A,,A,,R,24
445780,2009,A,,A,,A,,R,29.0,R,4.0,R,25.0,R,21.0,R,84.0,R,1.0,R,0.0,R,1.0,R,1.0,R,100.0,R,12
445799,2009,A,,A,,A,,R,710.0,R,1.0,R,709.0,R,654.0,R,92.0,R,0.0,R,0.0,R,0.0,R,0.0,A,,R,30
445814,2009,A,,A,,A,,R,207.0,R,0.0,R,207.0,R,140.0,R,68.0,Z,0.0,Z,0.0,Z,0.0,Z,0.0,A,,R,41
445832,2009,A,,A,,A,,R,44.0,R,0.0,R,44.0,R,43.0,R,98.0,R,15.0,R,0.0,R,15.0,R,13.0,R,87.0,R,7
445841,2009,A,,A,,A,,R,74.0,R,0.0,R,74.0,R,55.0,R,74.0,R,21.0,R,0.0,R,21.0,R,15.0,R,71.0,R,20
445850,2009,A,,A,,A,,R,16.0,R,0.0,R,16.0,R,11.0,R,69.0,R,3.0,R,0.0,R,3.0,R,3.0,R,100.0,R,20
445896,2009,A,,A,,A,,R,67.0,R,0.0,R,67.0,R,60.0,R,90.0,Z,0.0,Z,0.0,Z,0.0,Z,0.0,A,,R,16
445911,2009,A,,A,,A,,R,371.0,R,0.0,R,371.0,R,218.0,R,59.0,R,0.0,R,0.0,R,0.0,R,0.0,A,,R,9
445920,2009,R,76.0,R,431.0,R,18.0,R,2.0,R,0.0,R,2.0,R,1.0,R,50.0,R,7.0,R,0.0,R,7.0,R,2.0,R,29.0,R,15
445939,2009,R,31.0,R,158.0,R,20.0,R,5.0,R,0.0,R,5.0,R,5.0,R,100.0,R,9.0,R,0.0,R,9.0,R,9.0,R,100.0,R,15
445948,2009,A,,A,,A,,A,,A,,A,,A,,A,,A,,A,,A,,A,,A,,R,24
445957,2009,A,,A,,A,,A,,A,,A,,A,,A,,A,,A,,A,,A,,A,,R,14
445984,2009,A,,A,,A,,R,45.0,R,0.0,R,45.0,R,31.0,R,69.0,R,0.0,R,0.0,R,0.0,R,0.0,A,,R,13
445993,2009,A,,A,,A,,R,31.0,R,1.0,R,30.0,R,24.0,R,80.0,R,1.0,R,0.0,R,1.0,R,1.0,R,100.0,R,15
446048,2009,R,216.0,R,295.0,R,73.0,R,225.0,R,0.0,R,225.0,R,155.0,R,69.0,R,3.0,R,0.0,R,3.0,R,1.0,R,33.0,R,11
446057,2009,A,,A,,A,,A,,A,,A,,A,,A,,A,,A,,A,,A,,A,,R,15
446075,2009,A,,A,,A,,R,21.0,Z,0.0,R,21.0,R,21.0,R,100.0,Z,0.0,Z,0.0,Z,0.0,Z,0.0,A,,R,9
446084,2009,A,,A,,A,,Z,0.0,Z,0.0,Z,0.0,Z,0.0,A,,R,28.0,R,0.0,R,28.0,R,27.0,R,96.0,R,13
446093,2009,A,,A,,A,,R,80.0,R,0.0,R,80.0,R,68.0,R,85.0,R,0.0,R,0.0,R,0.0,R,0.0,A,,R,15
446109,2009,A,,A,,A,,R,292.0,R,0.0,R,292.0,R,228.0,R,78.0,R,0.0,R,0.0,R,0.0,R,0.0,A,,R,18
446118,2009,A,,A,,A,,R,78.0,R,0.0,R,78.0,R,57.0,R,73.0,R,0.0,R,0.0,R,0.0,R,0.0,A,,R,20
446127,2009,A,,A,,A,,R,37.0,R,0.0,R,37.0,R,22.0,R,59.0,R,15.0,R,0.0,R,15.0,R,9.0,R,60.0,R,11
446136,2009,A,,A,,A,,R,248.0,R,0.0,R,248.0,R,180.0,R,73.0,R,0.0,R,0.0,R,0.0,R,0.0,A,,R,22
446145,2009,A,,A,,A,,A,,A,,A,,A,,A,,A,,A,,A,,A,,A,,R,16
446154,2009,A,,A,,A,,R,107.0,R,0.0,R,107.0,R,96.0,R,90.0,R,0.0,R,0.0,R,0.0,R,0.0,A,,R,15
446163,2009,R,29.0,R,32.0,R,91.0,R,39.0,R,0.0,R,39.0,R,16.0,R,41.0,R,6.0,R,0.0,R,6.0,R,1.0,R,17.0,R,5
446190,2009,A,,A,,A,,R,14.0,R,0.0,R,14.0,R,12.0,R,86.0,R,0.0,R,0.0,R,0.0,R,0.0,A,,R,13
446206,2009,A,,A,,A,,R,6.0,R,0.0,R,6.0,R,5.0,R,83.0,R,2.0,R,0.0,R,2.0,R,2.0,R,100.0,R,2
446215,2009,A,,A,,A,,R,38.0,R,0.0,R,38.0,R,30.0,R,79.0,Z,0.0,Z,0.0,Z,0.0,Z,0.0,A,,R,22
446224,2009,A,,A,,A,,A,,A,,A,,A,,A,,A,,A,,A,,A,,A,,R,8
446233,2009,R,41.0,R,127.0,R,32.0,R,25.0,R,0.0,R,25.0,R,9.0,R,36.0,R,2.0,R,0.0,R,2.0,R,1.0,R,50.0,R,11
446242,2009,A,,A,,A,,R,56.0,R,0.0,R,56.0,R,21.0,R,38.0,R,0.0,R,0.0,R,0.0,R,0.0,A,,R,14
446251,2009,A,,A,,A,,R,0.0,R,0.0,R,0.0,R,0.0,A,,R,109.0,R,0.0,R,109.0,R,83.0,R,76.0,R,21
446260,2009,A,,A,,A,,R,30.0,R,0.0,R,30.0,R,25.0,R,83.0,R,7.0,R,0.0,R,7.0,R,6.0,R,86.0,R,15
446279,2009,A,,A,,A,,R,142.0,R,21.0,R,121.0,R,121.0,R,100.0,Z,0.0,Z,0.0,Z,0.0,Z,0.0,A,,R,15
446288,2009,A,,A,,A,,R,61.0,Z,0.0,R,61.0,R,54.0,R,89.0,R,9.0,Z,0.0,R,9.0,R,7.0,R,78.0,R,15
446297,2009,A,,A,,A,,R,3.0,Z,0.0,R,3.0,R,3.0,R,100.0,R,0.0,Z,0.0,R,0.0,R,0.0,A,,R,10
446303,2009,A,,A,,A,,R,34.0,R,0.0,R,34.0,R,29.0,R,85.0,R,29.0,Z,0.0,R,29.0,R,9.0,R,31.0,R,8
446312,2009,A,,A,,A,,R,93.0,R,0.0,R,93.0,R,75.0,R,81.0,R,0.0,R,0.0,R,0.0,R,0.0,A,,R,25
446321,2009,A,,A,,A,,A,,A,,A,,A,,A,,A,,A,,A,,A,,A,,R,4
446349,2009,A,,A,,A,,R,14.0,R,0.0,R,14.0,R,3.0,R,21.0,R,0.0,R,0.0,R,0.0,R,0.0,A,,R,9
446358,2009,A,,A,,A,,R,6.0,R,0.0,R,6.0,R,6.0,R,100.0,R,2.0,Z,0.0,R,2.0,R,2.0,R,100.0,R,12
446385,2009,R,20.0,R,51.0,R,39.0,R,28.0,R,0.0,R,28.0,R,9.0,R,32.0,Z,0.0,Z,0.0,Z,0.0,Z,0.0,A,,R,6
446394,2009,R,2.0,R,25.0,R,8.0,R,0.0,Z,0.0,R,0.0,R,0.0,A,,R,3.0,R,0.0,R,3.0,R,1.0,R,33.0,R,6
446400,2009,A,,A,,A,,R,70.0,R,0.0,R,70.0,R,34.0,R,49.0,R,0.0,R,0.0,R,0.0,R,0.0,A,,R,15
446419,2009,A,,A,,A,,A,,A,,A,,A,,A,,A,,A,,A,,A,,A,,R,34
446428,2009,A,,A,,A,,A,,A,,A,,A,,A,,A,,A,,A,,A,,A,,R,13
446437,2009,A,,A,,A,,P,113.0,P,6.0,P,107.0,P,107.0,P,100.0,P,27.0,P,0.0,P,27.0,P,27.0,P,100.0,R,10
446446,2009,A,,A,,A,,R,31.0,R,0.0,R,31.0,R,12.0,R,39.0,R,0.0,R,0.0,R,0.0,R,0.0,A,,R,16
446455,2009,A,,A,,A,,R,5.0,R,0.0,R,5.0,R,5.0,R,100.0,Z,0.0,Z,0.0,Z,0.0,Z,0.0,A,,R,8
446464,2009,A,,A,,A,,R,50.0,R,0.0,R,50.0,R,50.0,R,100.0,R,0.0,R,0.0,R,0.0,R,0.0,A,,R,4
446491,2009,A,,A,,A,,R,15.0,Z,0.0,R,15.0,R,15.0,R,100.0,R,0.0,Z,0.0,R,0.0,R,0.0,A,,R,23
446507,2009,A,,A,,A,,A,,A,,A,,A,,A,,A,,A,,A,,A,,A,,R,3
446516,2009,A,,A,,A,,R,0.0,R,0.0,R,0.0,R,0.0,A,,R,0.0,R,0.0,R,0.0,R,0.0,A,,R,6
446525,2009,A,,A,,A,,R,84.0,R,0.0,R,84.0,R,73.0,R,87.0,R,0.0,R,0.0,R,0.0,R,0.0,A,,R,28
446534,2009,A,,A,,A,,R,21.0,Z,0.0,R,21.0,R,11.0,R,52.0,R,0.0,R,0.0,R,0.0,R,0.0,A,,R,10
446543,2009,A,,A,,A,,R,20.0,R,0.0,R,20.0,R,20.0,R,100.0,R,0.0,R,0.0,R,0.0,R,0.0,A,,R,2
446552,2009,A,,A,,A,,R,364.0,R,0.0,R,364.0,R,314.0,R,86.0,R,0.0,R,0.0,R,0.0,R,0.0,A,,R,32
446561,2009,A,,A,,A,,R,44.0,R,0.0,R,44.0,R,38.0,R,86.0,R,54.0,R,0.0,R,54.0,R,44.0,R,81.0,R,12
446570,2009,A,,A,,A,,R,1.0,R,0.0,R,1.0,R,1.0,R,100.0,R,4.0,R,0.0,R,4.0,R,3.0,R,75.0,R,24
446589,2009,A,,A,,A,,R,46.0,R,0.0,R,46.0,R,46.0,R,100.0,R,22.0,R,0.0,R,22.0,R,22.0,R,100.0,R,15
446598,2009,R,13.0,R,18.0,R,72.0,R,22.0,Z,0.0,R,22.0,R,20.0,R,91.0,Z,0.0,Z,0.0,Z,0.0,Z,0.0,A,,R,12
446604,2009,R,310.0,R,559.0,R,55.0,R,270.0,R,0.0,R,270.0,R,263.0,R,97.0,Z,0.0,Z,0.0,Z,0.0,Z,0.0,A,,R,15
446613,2009,R,3.0,R,18.0,R,17.0,R,1.0,R,0.0,R,1.0,R,1.0,R,100.0,R,12.0,R,1.0,R,11.0,R,4.0,R,36.0,R,5
446622,2009,A,,A,,A,,R,4.0,R,0.0,R,4.0,R,4.0,R,100.0,Z,0.0,Z,0.0,Z,0.0,Z,0.0,A,,R,20
446640,2009,R,35.0,R,56.0,R,63.0,R,34.0,R,1.0,R,33.0,R,13.0,R,39.0,R,1.0,R,0.0,R,1.0,R,0.0,R,0.0,R,9
446668,2009,R,199.0,R,398.0,R,50.0,R,95.0,Z,0.0,R,95.0,R,57.0,R,60.0,R,66.0,Z,0.0,R,66.0,R,4.0,R,6.0,R,20
446677,2009,A,,A,,A,,R,23.0,R,0.0,R,23.0,R,15.0,R,65.0,R,0.0,R,0.0,R,0.0,R,0.0,A,,R,26
446710,2009,A,,A,,A,,R,22.0,R,0.0,R,22.0,R,8.0,R,36.0,R,0.0,R,0.0,R,0.0,R,0.0,A,,R,8
446729,2009,A,,A,,A,,R,0.0,R,0.0,R,0.0,R,0.0,A,,R,0.0,R,0.0,R,0.0,R,0.0,A,,R,1
446738,2009,A,,A,,A,,R,50.0,R,0.0,R,50.0,R,19.0,R,38.0,R,0.0,R,0.0,R,0.0,R,0.0,A,,R,14
446747,2009,A,,A,,A,,R,39.0,R,0.0,R,39.0,R,12.0,R,31.0,R,0.0,R,0.0,R,0.0,R,0.0,A,,R,12
446756,2009,A,,A,,A,,R,0.0,R,0.0,R,0.0,R,0.0,A,,R,0.0,R,0.0,R,0.0,R,0.0,A,,R,7
446765,2009,A,,A,,A,,R,20.0,R,0.0,R,20.0,R,8.0,R,40.0,R,0.0,R,0.0,R,0.0,R,0.0,A,,R,10
446774,2009,R,317.0,R,806.0,R,39.0,R,240.0,R,0.0,R,240.0,R,133.0,R,55.0,R,87.0,R,0.0,R,87.0,R,44.0,R,51.0,R,29
446783,2009,A,,A,,A,,R,111.0,R,0.0,R,111.0,R,88.0,R,79.0,R,3.0,R,0.0,R,3.0,R,1.0,R,33.0,R,15
446792,2009,R,26.0,R,116.0,R,22.0,R,57.0,R,1.0,R,56.0,R,33.0,R,59.0,R,40.0,R,2.0,R,38.0,R,18.0,R,47.0,R,17
446808,2009,R,42.0,R,97.0,R,43.0,R,55.0,R,1.0,R,54.0,R,24.0,R,44.0,R,26.0,Z,0.0,R,26.0,R,9.0,R,35.0,R,8
446817,2009,R,54.0,R,215.0,R,25.0,R,16.0,R,0.0,R,16.0,R,15.0,R,94.0,R,15.0,R,0.0,R,15.0,R,11.0,R,73.0,R,20
446835,2009,A,,A,,A,,R,156.0,R,0.0,R,156.0,R,126.0,R,81.0,R,0.0,R,0.0,R,0.0,R,0.0,A,,R,71
446844,2009,A,,A,,A,,R,121.0,Z,0.0,R,121.0,R,96.0,R,79.0,Z,0.0,Z,0.0,Z,0.0,Z,0.0,A,,R,33
446853,2009,A,,A,,A,,R,150.0,R,2.0,R,148.0,R,106.0,R,72.0,R,0.0,R,0.0,R,0.0,R,0.0,A,,R,47
446880,2009,R,38.0,R,58.0,R,66.0,R,44.0,R,2.0,R,42.0,R,36.0,R,86.0,R,18.0,R,1.0,R,17.0,R,14.0,R,82.0,R,14
446899,2009,R,124.0,R,160.0,R,78.0,R,0.0,R,0.0,R,0.0,R,0.0,A,,R,0.0,R,0.0,R,0.0,R,0.0,A,,R,24
446905,2009,R,100.0,R,136.0,R,74.0,R,11.0,R,0.0,R,11.0,R,9.0,R,82.0,R,1.0,R,0.0,R,1.0,R,0.0,R,0.0,R,28
446914,2009,R,240.0,R,311.0,R,77.0,R,0.0,R,0.0,R,0.0,R,0.0,A,,R,0.0,R,0.0,R,0.0,R,0.0,A,,R,25
446923,2009,R,109.0,R,152.0,R,72.0,R,79.0,R,5.0,R,74.0,R,37.0,R,50.0,R,16.0,R,0.0,R,16.0,R,6.0,R,38.0,R,23
446996,2009,A,,A,,A,,R,13.0,R,0.0,R,13.0,R,7.0,R,54.0,R,3.0,R,0.0,R,3.0,R,2.0,R,67.0,R,25
447014,2009,A,,A,,A,,R,41.0,R,0.0,R,41.0,R,32.0,R,78.0,R,0.0,R,0.0,R,0.0,R,0.0,A,,R,12
447023,2009,A,,A,,A,,R,155.0,R,0.0,R,155.0,R,122.0,R,79.0,R,0.0,R,0.0,R,0.0,R,0.0,A,,R,30
447050,2009,A,,A,,A,,A,,A,,A,,A,,A,,A,,A,,A,,A,,A,,R,14
447069,2009,R,123.0,R,153.0,R,80.0,R,109.0,R,0.0,R,109.0,R,46.0,R,42.0,R,4.0,R,0.0,R,4.0,R,1.0,R,25.0,R,19
447102,2009,A,,A,,A,,R,203.0,R,0.0,R,203.0,R,131.0,R,65.0,R,0.0,R,0.0,R,0.0,R,0.0,A,,R,41
447120,2009,A,,A,,A,,R,151.0,R,0.0,R,151.0,R,92.0,R,61.0,R,0.0,R,0.0,R,0.0,R,0.0,A,,R,28
447148,2009,A,,A,,A,,R,77.0,Z,0.0,R,77.0,R,60.0,R,78.0,R,43.0,Z,0.0,R,43.0,R,22.0,R,51.0,R,16
447157,2009,A,,A,,A,,R,22.0,Z,0.0,R,22.0,R,17.0,R,77.0,R,18.0,Z,0.0,R,18.0,R,5.0,R,28.0,R,15
447166,2009,A,,A,,A,,R,22.0,Z,0.0,R,22.0,R,10.0,R,45.0,R,3.0,Z,0.0,R,3.0,R,2.0,R,67.0,R,24
447175,2009,A,,A,,A,,R,30.0,Z,0.0,R,30.0,R,9.0,R,30.0,R,14.0,Z,0.0,R,14.0,R,6.0,R,43.0,R,24
447209,2009,A,,A,,A,,A,,A,,A,,A,,A,,A,,A,,A,,A,,A,,R,24
447218,2009,A,,A,,A,,A,,A,,A,,A,,A,,A,,A,,A,,A,,A,,R,24
447227,2009,A,,A,,A,,A,,A,,A,,A,,A,,A,,A,,A,,A,,A,,R,25
447236,2009,R,94.0,R,108.0,R,87.0,R,65.0,R,0.0,R,65.0,R,47.0,R,72.0,R,14.0,R,0.0,R,14.0,R,4.0,R,29.0,R,18
447245,2009,A,,A,,A,,A,,A,,A,,A,,A,,A,,A,,A,,A,,A,,R,23
447254,2009,A,,A,,A,,R,12.0,R,0.0,R,12.0,R,10.0,R,83.0,R,0.0,R,0.0,R,0.0,R,0.0,A,,R,6
447263,2009,R,173.0,R,173.0,R,100.0,R,109.0,R,0.0,R,109.0,R,102.0,R,94.0,Z,0.0,Z,0.0,Z,0.0,Z,0.0,A,,R,17
447272,2009,R,17.0,R,32.0,R,53.0,R,2.0,R,0.0,R,2.0,R,0.0,R,0.0,R,1.0,R,0.0,R,1.0,R,1.0,R,100.0,R,9
447290,2009,R,238.0,R,238.0,R,100.0,R,39.0,Z,0.0,R,39.0,R,26.0,R,67.0,Z,0.0,Z,0.0,Z,0.0,Z,0.0,A,,R,15
447315,2009,A,,A,,A,,R,30.0,R,0.0,R,30.0,R,17.0,R,57.0,R,4.0,R,0.0,R,4.0,R,2.0,R,50.0,R,14
447324,2009,A,,A,,A,,R,26.0,R,0.0,R,26.0,R,19.0,R,73.0,R,0.0,R,0.0,R,0.0,R,0.0,A,,R,21
447333,2009,A,,A,,A,,R,34.0,R,0.0,R,34.0,R,16.0,R,47.0,R,3.0,R,0.0,R,3.0,R,1.0,R,33.0,R,10
447342,2009,A,,A,,A,,R,29.0,R,0.0,R,29.0,R,23.0,R,79.0,R,5.0,R,0.0,R,5.0,R,3.0,R,60.0,R,17
447351,2009,A,,A,,A,,R,95.0,R,0.0,R,95.0,R,85.0,R,89.0,R,0.0,Z,0.0,R,0.0,Z,0.0,A,,R,21
447360,2009,A,,A,,A,,R,30.0,R,4.0,R,26.0,R,15.0,R,58.0,R,0.0,R,0.0,R,0.0,R,0.0,A,,R,11
447379,2009,A,,A,,A,,R,103.0,R,0.0,R,103.0,R,79.0,R,77.0,R,0.0,R,0.0,R,0.0,R,0.0,A,,R,8
447388,2009,A,,A,,A,,R,260.0,R,0.0,R,260.0,R,204.0,R,78.0,R,0.0,R,0.0,R,0.0,R,0.0,A,,R,3
447397,2009,R,39.0,R,73.0,R,53.0,R,52.0,R,0.0,R,52.0,R,24.0,R,46.0,R,9.0,R,0.0,R,9.0,R,8.0,R,89.0,R,11
447403,2009,A,,A,,A,,R,547.0,R,1.0,R,546.0,R,494.0,R,90.0,R,0.0,R,0.0,R,0.0,R,0.0,A,,R,30
447421,2009,R,58.0,R,90.0,R,64.0,R,58.0,R,3.0,R,55.0,R,27.0,R,49.0,R,40.0,R,0.0,R,40.0,R,11.0,R,28.0,R,4
447430,2009,A,,A,,A,,R,39.0,R,0.0,R,39.0,R,34.0,R,87.0,R,9.0,R,0.0,R,9.0,R,9.0,R,100.0,R,5
447449,2009,A,,A,,A,,R,12.0,R,0.0,R,12.0,R,11.0,R,92.0,R,3.0,Z,0.0,R,3.0,R,2.0,R,67.0,R,9
447458,2009,A,,A,,A,,R,510.0,R,0.0,R,510.0,R,234.0,R,46.0,R,0.0,R,0.0,R,0.0,R,0.0,A,,R,15
447467,2009,A,,A,,A,,R,103.0,R,0.0,R,103.0,R,81.0,R,79.0,R,0.0,R,0.0,R,0.0,R,0.0,A,,R,16
447476,2009,R,20.0,R,47.0,R,43.0,R,36.0,R,0.0,R,36.0,R,14.0,R,39.0,R,19.0,R,0.0,R,19.0,R,6.0,R,32.0,R,9
447485,2009,R,11.0,R,48.0,R,23.0,R,11.0,R,0.0,R,11.0,R,4.0,R,36.0,R,3.0,R,0.0,R,3.0,R,1.0,R,33.0,R,27
447494,2009,A,,A,,A,,R,128.0,R,0.0,R,128.0,R,78.0,R,61.0,R,32.0,R,0.0,R,32.0,R,19.0,R,59.0,R,25
447519,2009,A,,A,,A,,R,55.0,R,1.0,R,54.0,R,42.0,R,78.0,R,7.0,R,0.0,R,7.0,R,7.0,R,100.0,R,28
447528,2009,A,,A,,A,,R,144.0,R,0.0,R,144.0,R,102.0,R,71.0,R,0.0,R,0.0,R,0.0,R,0.0,A,,R,22
447582,2009,R,490.0,R,953.0,R,51.0,R,375.0,R,0.0,R,375.0,R,200.0,R,53.0,R,62.0,R,0.0,R,62.0,R,34.0,R,55.0,R,26
447591,2009,A,,A,,A,,R,51.0,R,0.0,R,51.0,R,36.0,R,71.0,R,0.0,R,0.0,R,0.0,R,0.0,A,,R,10
447625,2009,R,48.0,R,113.0,R,42.0,R,65.0,R,0.0,R,65.0,R,36.0,R,55.0,R,15.0,R,0.0,R,15.0,R,11.0,R,73.0,R,12
447634,2009,A,,A,,A,,R,164.0,R,1.0,R,163.0,R,110.0,R,67.0,R,0.0,R,0.0,R,0.0,R,0.0,A,,R,31
447652,2009,A,,A,,A,,R,69.0,R,0.0,R,69.0,R,24.0,R,35.0,R,0.0,R,0.0,R,0.0,R,0.0,A,,R,18
447661,2009,A,,A,,A,,R,28.0,R,0.0,R,28.0,R,12.0,R,43.0,R,0.0,R,0.0,R,0.0,R,0.0,A,,R,9
447670,2009,R,39.0,R,263.0,R,15.0,R,6.0,Z,0.0,R,6.0,R,6.0,R,100.0,R,6.0,Z,0.0,R,6.0,R,4.0,R,67.0,R,19
447689,2009,R,708.0,R,1633.0,R,43.0,R,360.0,R,0.0,R,360.0,R,272.0,R,76.0,R,104.0,R,0.0,R,104.0,R,58.0,R,56.0,R,17
447704,2009,A,,A,,A,,R,84.0,R,0.0,R,84.0,R,57.0,R,68.0,R,1.0,R,0.0,R,1.0,R,1.0,R,100.0,R,9
447713,2009,A,,A,,A,,R,0.0,R,0.0,R,0.0,R,0.0,A,,R,10.0,R,0.0,R,10.0,R,8.0,R,80.0,R,9
447722,2009,A,,A,,A,,R,45.0,Z,0.0,R,45.0,R,37.0,R,82.0,Z,0.0,Z,0.0,Z,0.0,Z,0.0,A,,R,20
447731,2009,A,,A,,A,,R,61.0,R,0.0,R,61.0,R,49.0,R,80.0,R,8.0,R,0.0,R,8.0,R,3.0,R,38.0,R,21
447759,2009,A,,A,,A,,R,47.0,R,0.0,R,47.0,R,33.0,R,70.0,R,0.0,R,0.0,R,0.0,R,0.0,A,,R,42
447768,2009,A,,A,,A,,R,728.0,R,0.0,R,728.0,R,670.0,R,92.0,R,0.0,R,0.0,R,0.0,R,0.0,A,,R,31
447777,2009,A,,A,,A,,A,,A,,A,,A,,A,,A,,A,,A,,A,,A,,R,4
447795,2009,A,,A,,A,,R,37.0,R,0.0,R,37.0,R,35.0,R,95.0,R,0.0,R,0.0,R,0.0,R,0.0,A,,R,8
447810,2009,A,,A,,A,,R,46.0,R,0.0,R,46.0,R,30.0,R,65.0,R,0.0,R,0.0,R,0.0,R,0.0,A,,R,15
447829,2009,A,,A,,A,,R,7.0,R,0.0,R,7.0,R,7.0,R,100.0,R,0.0,R,0.0,R,0.0,R,0.0,A,,R,19
447838,2009,A,,A,,A,,R,26.0,R,0.0,R,26.0,R,6.0,R,23.0,R,25.0,R,0.0,R,25.0,R,10.0,R,40.0,R,12
447847,2009,A,,A,,A,,A,,A,,A,,A,,A,,A,,A,,A,,A,,A,,R,1
447856,2009,A,,A,,A,,A,,A,,A,,A,,A,,A,,A,,A,,A,,A,,R,20
447865,2009,A,,A,,A,,R,5.0,Z,0.0,R,5.0,R,5.0,R,100.0,R,1.0,Z,0.0,R,1.0,R,1.0,R,100.0,R,7
447874,2009,A,,A,,A,,A,,A,,A,,A,,A,,A,,A,,A,,A,,A,,R,23
447883,2009,A,,A,,A,,R,27.0,Z,0.0,R,27.0,R,19.0,R,70.0,R,21.0,Z,0.0,R,21.0,R,16.0,R,76.0,R,17
447892,2009,A,,A,,A,,R,50.0,R,0.0,R,50.0,R,42.0,R,84.0,R,57.0,R,0.0,R,57.0,R,45.0,R,79.0,R,24
447908,2009,A,,A,,A,,R,4.0,R,0.0,R,4.0,R,3.0,R,75.0,R,0.0,R,0.0,R,0.0,R,0.0,A,,R,20
447917,2009,A,,A,,A,,A,,A,,A,,A,,A,,A,,A,,A,,A,,A,,R,14
447935,2009,R,50.0,R,132.0,R,38.0,R,31.0,R,0.0,R,31.0,R,23.0,R,74.0,R,0.0,R,0.0,R,0.0,R,0.0,A,,R,14
447953,2009,R,67.0,R,93.0,R,72.0,R,25.0,Z,0.0,R,25.0,R,18.0,R,72.0,R,5.0,Z,0.0,R,5.0,R,4.0,R,80.0,R,13
447962,2009,A,,A,,A,,R,107.0,R,0.0,R,107.0,R,81.0,R,76.0,R,0.0,R,0.0,R,0.0,R,0.0,A,,R,21
447971,2009,A,,A,,A,,R,81.0,R,1.0,R,80.0,R,71.0,R,89.0,Z,0.0,Z,0.0,Z,0.0,Z,0.0,A,,R,20
447980,2009,A,,A,,A,,R,21.0,R,0.0,R,21.0,R,16.0,R,76.0,R,2.0,R,0.0,R,2.0,R,2.0,R,100.0,R,9
447999,2009,A,,A,,A,,A,,A,,A,,A,,A,,A,,A,,A,,A,,A,,R,10
448008,2009,A,,A,,A,,R,14.0,R,0.0,R,14.0,R,9.0,R,64.0,Z,0.0,Z,0.0,Z,0.0,Z,0.0,A,,R,14
448017,2009,A,,A,,A,,A,,A,,A,,A,,A,,A,,A,,A,,A,,A,,R,6
448026,2009,A,,A,,A,,R,66.0,R,0.0,R,66.0,R,58.0,R,88.0,R,0.0,R,0.0,R,0.0,R,0.0,A,,R,9
448035,2009,A,,A,,A,,A,,A,,A,,A,,A,,A,,A,,A,,A,,A,,R,16
448044,2009,A,,A,,A,,A,,A,,A,,A,,A,,A,,A,,A,,A,,A,,R,5
448053,2009,A,,A,,A,,R,125.0,R,0.0,R,125.0,R,25.0,R,20.0,R,0.0,R,0.0,R,0.0,R,0.0,A,,R,6
448071,2009,A,,A,,A,,R,61.0,R,0.0,R,61.0,R,61.0,R,100.0,R,8.0,R,0.0,R,8.0,R,8.0,R,100.0,R,20
448080,2009,A,,A,,A,,R,5.0,Z,0.0,R,5.0,R,5.0,R,100.0,Z,0.0,Z,0.0,Z,0.0,Z,0.0,A,,R,10
448099,2009,A,,A,,A,,R,22.0,R,0.0,R,22.0,R,5.0,R,23.0,R,0.0,R,0.0,R,0.0,R,0.0,A,,R,17
448105,2009,A,,A,,A,,R,3.0,R,0.0,R,3.0,R,3.0,R,100.0,R,0.0,R,0.0,R,0.0,R,0.0,A,,R,12
448114,2009,A,,A,,A,,A,,A,,A,,A,,A,,A,,A,,A,,A,,A,,R,24
448123,2009,A,,A,,A,,R,66.0,R,0.0,R,66.0,R,47.0,R,71.0,R,0.0,R,0.0,R,0.0,R,0.0,A,,R,10
448141,2009,A,,A,,A,,R,43.0,R,0.0,R,43.0,R,35.0,R,81.0,R,0.0,R,0.0,R,0.0,R,0.0,A,,R,10
448150,2009,A,,A,,A,,R,139.0,R,0.0,R,139.0,R,138.0,R,99.0,Z,0.0,Z,0.0,Z,0.0,Z,0.0,A,,R,24
448196,2009,A,,A,,A,,R,59.0,R,0.0,R,59.0,R,48.0,R,81.0,R,0.0,R,0.0,R,0.0,R,0.0,A,,R,20
448202,2009,A,,A,,A,,R,26.0,R,0.0,R,26.0,R,13.0,R,50.0,R,7.0,R,0.0,R,7.0,R,5.0,R,71.0,R,15
448211,2009,A,,A,,A,,R,52.0,Z,0.0,R,52.0,R,39.0,R,75.0,R,25.0,Z,0.0,R,25.0,R,25.0,R,100.0,R,35
448220,2009,A,,A,,A,,R,34.0,R,3.0,R,31.0,R,26.0,R,84.0,R,22.0,R,1.0,R,21.0,R,16.0,R,76.0,R,19
448239,2009,A,,A,,A,,R,119.0,R,0.0,R,119.0,R,119.0,R,100.0,R,0.0,R,0.0,R,0.0,R,0.0,A,,R,60
448248,2009,A,,A,,A,,R,23.0,R,0.0,R,23.0,R,22.0,R,96.0,R,284.0,R,0.0,R,284.0,R,263.0,R,93.0,R,13
448257,2009,A,,A,,A,,R,3.0,R,0.0,R,3.0,R,3.0,R,100.0,R,0.0,R,0.0,R,0.0,R,0.0,A,,R,6
448266,2009,A,,A,,A,,R,50.0,R,0.0,R,50.0,R,30.0,R,60.0,R,0.0,Z,0.0,R,0.0,R,0.0,A,,R,15
448275,2009,A,,A,,A,,A,,A,,A,,A,,A,,A,,A,,A,,A,,A,,R,20
448284,2009,A,,A,,A,,R,2.0,R,0.0,R,2.0,R,1.0,R,50.0,R,3.0,R,0.0,R,3.0,R,2.0,R,67.0,R,12
448309,2009,A,,A,,A,,R,63.0,R,0.0,R,63.0,R,38.0,R,60.0,R,0.0,Z,0.0,R,0.0,Z,0.0,A,,R,26
448345,2009,R,199.0,R,431.0,R,46.0,R,76.0,R,0.0,R,76.0,R,30.0,R,39.0,R,121.0,Z,0.0,R,121.0,R,24.0,R,20.0,R,20
448354,2009,A,,A,,A,,R,72.0,R,1.0,R,71.0,R,62.0,R,87.0,R,22.0,R,0.0,R,22.0,R,18.0,R,82.0,R,14
448363,2009,A,,A,,A,,R,169.0,R,0.0,R,169.0,R,66.0,R,39.0,R,0.0,Z,0.0,R,0.0,Z,0.0,A,,R,35
448372,2009,A,,A,,A,,R,52.0,R,0.0,R,52.0,R,40.0,R,77.0,R,0.0,Z,0.0,R,0.0,Z,0.0,A,,R,11
448406,2009,A,,A,,A,,A,,A,,A,,A,,A,,A,,A,,A,,A,,A,,R,33
448415,2009,R,79.0,R,93.0,R,85.0,R,51.0,R,0.0,R,51.0,R,25.0,R,49.0,R,14.0,R,0.0,R,14.0,R,5.0,R,36.0,R,16
448424,2009,A,,A,,A,,R,31.0,R,0.0,R,31.0,R,19.0,R,61.0,R,0.0,R,0.0,R,0.0,R,0.0,A,,R,14
448433,2009,A,,A,,A,,R,742.0,R,2.0,R,740.0,R,697.0,R,94.0,R,0.0,R,0.0,R,0.0,R,0.0,A,,R,30
448442,2009,R,121.0,R,161.0,R,75.0,R,48.0,R,0.0,R,48.0,R,20.0,R,42.0,R,1.0,R,0.0,R,1.0,R,0.0,R,0.0,R,30
448451,2009,R,103.0,R,141.0,R,73.0,R,2.0,R,0.0,R,2.0,R,1.0,R,50.0,R,1.0,R,0.0,R,1.0,R,1.0,R,100.0,R,22
448460,2009,R,63.0,R,81.0,R,78.0,R,55.0,R,2.0,R,53.0,R,36.0,R,68.0,R,7.0,R,0.0,R,7.0,R,1.0,R,14.0,R,15
448479,2009,R,140.0,R,204.0,R,69.0,R,151.0,R,7.0,R,144.0,R,80.0,R,56.0,R,58.0,R,1.0,R,57.0,R,22.0,R,39.0,R,20
448488,2009,R,127.0,R,149.0,R,85.0,R,0.0,R,0.0,R,0.0,R,0.0,A,,R,0.0,R,0.0,R,0.0,R,0.0,A,,R,23
448497,2009,R,106.0,R,136.0,R,78.0,R,121.0,R,2.0,R,119.0,R,71.0,R,60.0,R,10.0,R,0.0,R,10.0,R,2.0,R,20.0,R,23
448503,2009,R,121.0,R,134.0,R,90.0,R,4.0,R,0.0,R,4.0,R,2.0,R,50.0,R,1.0,R,1.0,R,0.0,R,0.0,A,,R,17
448512,2009,R,86.0,R,129.0,R,67.0,R,1.0,R,0.0,R,1.0,R,0.0,R,0.0,R,1.0,R,0.0,R,1.0,R,0.0,R,0.0,R,20
448521,2009,A,,A,,A,,R,0.0,R,0.0,R,0.0,R,0.0,A,,R,0.0,R,0.0,R,0.0,R,0.0,A,,R,2
448530,2009,A,,A,,A,,R,57.0,R,0.0,R,57.0,R,26.0,R,46.0,R,0.0,R,0.0,R,0.0,R,0.0,A,,R,9
448549,2009,A,,A,,A,,R,0.0,R,0.0,R,0.0,R,0.0,A,,R,0.0,R,0.0,R,0.0,R,0.0,A,,R,10
448558,2009,A,,A,,A,,R,15.0,R,0.0,R,15.0,R,6.0,R,40.0,R,0.0,R,0.0,R,0.0,R,0.0,A,,R,5
448567,2009,A,,A,,A,,R,37.0,R,0.0,R,37.0,R,5.0,R,14.0,R,0.0,R,0.0,R,0.0,R,0.0,A,,R,11
448576,2009,R,383.0,R,423.0,R,91.0,R,73.0,R,0.0,R,73.0,R,44.0,R,60.0,R,40.0,R,1.0,R,39.0,R,19.0,R,49.0,R,15
448585,2009,R,3.0,R,215.0,R,1.0,R,3.0,R,0.0,R,3.0,R,0.0,R,0.0,R,65.0,R,0.0,R,65.0,R,16.0,R,25.0,R,14
448594,2009,R,314.0,R,1517.0,R,21.0,R,306.0,Z,0.0,R,306.0,R,128.0,R,42.0,R,381.0,Z,0.0,R,381.0,R,86.0,R,23.0,R,29
448600,2009,R,17.0,R,153.0,R,11.0,R,9.0,R,1.0,R,8.0,R,5.0,R,63.0,R,34.0,R,1.0,R,33.0,R,22.0,R,67.0,R,9
448619,2009,A,,A,,A,,R,9.0,R,0.0,R,9.0,R,6.0,R,67.0,R,3.0,R,0.0,R,3.0,R,3.0,R,100.0,R,28
448628,2009,R,47.0,R,114.0,R,41.0,R,80.0,R,0.0,R,80.0,R,41.0,R,51.0,R,7.0,R,1.0,R,6.0,R,2.0,R,33.0,R,13
448646,2009,A,,A,,A,,R,127.0,R,0.0,R,127.0,R,97.0,R,76.0,R,0.0,R,0.0,R,0.0,R,0.0,A,,R,18
448655,2009,A,,A,,A,,R,251.0,R,0.0,R,251.0,R,111.0,R,44.0,R,0.0,R,0.0,R,0.0,R,0.0,A,,R,26
448664,2009,R,55.0,R,72.0,R,76.0,R,44.0,Z,0.0,R,44.0,R,38.0,R,86.0,R,48.0,Z,0.0,R,48.0,R,34.0,R,71.0,R,9
448673,2009,R,190.0,R,500.0,R,38.0,R,124.0,R,0.0,R,124.0,R,49.0,R,40.0,R,9.0,R,0.0,R,9.0,R,5.0,R,56.0,R,24
448707,2009,A,,A,,A,,R,203.0,R,0.0,R,203.0,R,149.0,R,73.0,R,0.0,R,0.0,R,0.0,R,0.0,A,,R,41
448716,2009,A,,A,,A,,R,222.0,R,0.0,R,222.0,R,156.0,R,70.0,R,0.0,R,0.0,R,0.0,R,0.0,A,,R,25
448725,2009,A,,A,,A,,A,,A,,A,,A,,A,,A,,A,,A,,A,,A,,R,10
448734,2009,R,5.0,R,6.0,R,83.0,A,,A,,A,,A,,A,,A,,A,,A,,A,,A,,R,7
448752,2009,A,,A,,A,,R,51.0,R,4.0,R,47.0,R,21.0,R,45.0,R,0.0,R,0.0,R,0.0,R,0.0,A,,R,22
448761,2009,A,,A,,A,,R,84.0,R,0.0,R,84.0,R,42.0,R,50.0,Z,0.0,Z,0.0,Z,0.0,Z,0.0,A,,R,57
448770,2009,A,,A,,A,,R,56.0,R,1.0,R,55.0,R,34.0,R,62.0,R,14.0,R,0.0,R,14.0,R,8.0,R,57.0,R,18
448789,2009,R,196.0,R,301.0,R,65.0,R,151.0,Z,0.0,R,151.0,R,75.0,R,50.0,R,10.0,Z,0.0,R,10.0,R,1.0,R,10.0,R,23
448798,2009,A,,A,,A,,R,42.0,Z,0.0,R,42.0,R,21.0,R,50.0,Z,0.0,Z,0.0,Z,0.0,Z,0.0,A,,R,23
448804,2009,A,,A,,A,,A,,A,,A,,A,,A,,A,,A,,A,,A,,A,,R,12
448822,2009,A,,A,,A,,R,3.0,R,0.0,R,3.0,R,1.0,R,33.0,R,0.0,R,0.0,R,0.0,R,0.0,A,,R,4
448831,2009,A,,A,,A,,R,0.0,R,0.0,R,0.0,R,0.0,A,,R,0.0,R,0.0,R,0.0,R,0.0,A,,R,2
448840,2009,R,483.0,R,1005.0,R,48.0,R,375.0,R,0.0,R,375.0,R,255.0,R,68.0,R,16.0,R,0.0,R,16.0,R,11.0,R,69.0,R,24
448859,2009,R,70.0,R,89.0,R,79.0,R,45.0,R,0.0,R,45.0,R,35.0,R,78.0,Z,0.0,Z,0.0,Z,0.0,Z,0.0,A,,R,16
448877,2009,R,8.0,R,48.0,R,17.0,R,0.0,R,0.0,R,0.0,R,0.0,A,,R,7.0,R,0.0,R,7.0,R,4.0,R,57.0,R,13
448895,2009,A,,A,,A,,R,115.0,Z,0.0,R,115.0,R,78.0,R,68.0,Z,0.0,Z,0.0,Z,0.0,Z,0.0,A,,R,26
448965,2009,A,,A,,A,,R,39.0,R,0.0,R,39.0,R,37.0,R,95.0,R,1.0,R,0.0,R,1.0,R,1.0,R,100.0,R,20
448974,2009,A,,A,,A,,R,115.0,R,2.0,R,113.0,R,72.0,R,64.0,R,37.0,R,1.0,R,36.0,R,25.0,R,69.0,R,27
448983,2009,A,,A,,A,,R,84.0,R,1.0,R,83.0,R,53.0,R,64.0,R,47.0,R,0.0,R,47.0,R,30.0,R,64.0,R,24
449010,2009,R,200.0,R,304.0,R,66.0,R,107.0,R,0.0,R,107.0,R,73.0,R,68.0,R,11.0,R,0.0,R,11.0,R,2.0,R,18.0,R,23
449074,2009,A,,A,,A,,R,179.0,R,0.0,R,179.0,R,136.0,R,76.0,R,0.0,R,0.0,R,0.0,R,0.0,A,,R,25
449083,2009,A,,A,,A,,R,72.0,R,0.0,R,72.0,R,64.0,R,89.0,R,0.0,R,0.0,R,0.0,R,0.0,A,,R,25
449092,2009,R,110.0,R,110.0,R,100.0,R,81.0,R,0.0,R,81.0,R,70.0,R,86.0,Z,0.0,Z,0.0,Z,0.0,Z,0.0,A,,R,20
449117,2009,R,26.0,R,119.0,R,22.0,R,13.0,R,0.0,R,13.0,R,7.0,R,54.0,R,21.0,R,0.0,R,21.0,R,16.0,R,76.0,R,19
449126,2009,R,25.0,R,64.0,R,39.0,R,25.0,Z,0.0,R,25.0,R,25.0,R,100.0,Z,0.0,Z,0.0,Z,0.0,Z,0.0,A,,R,27
449135,2009,A,,A,,A,,R,243.0,R,1.0,R,242.0,R,199.0,R,82.0,Z,0.0,Z,0.0,Z,0.0,Z,0.0,A,,R,19
449144,2009,A,,A,,A,,R,153.0,R,1.0,R,152.0,R,125.0,R,82.0,Z,0.0,Z,0.0,Z,0.0,Z,0.0,A,,R,19
449153,2009,A,,A,,A,,R,120.0,R,3.0,R,117.0,R,97.0,R,83.0,Z,0.0,Z,0.0,Z,0.0,Z,0.0,A,,R,19
449162,2009,A,,A,,A,,R,36.0,R,0.0,R,36.0,R,23.0,R,64.0,R,0.0,R,0.0,R,0.0,R,0.0,A,,R,18
449171,2009,A,,A,,A,,R,23.0,R,0.0,R,23.0,R,9.0,R,39.0,R,11.0,R,0.0,R,11.0,R,9.0,R,82.0,R,15
449180,2009,A,,A,,A,,R,28.0,R,0.0,R,28.0,R,17.0,R,61.0,R,6.0,R,0.0,R,6.0,R,5.0,R,83.0,R,19
449199,2009,A,,A,,A,,R,34.0,R,0.0,R,34.0,R,17.0,R,50.0,R,0.0,R,0.0,R,0.0,R,0.0,A,,R,14
449205,2009,A,,A,,A,,R,20.0,R,0.0,R,20.0,R,9.0,R,45.0,R,3.0,R,0.0,R,3.0,R,1.0,R,33.0,R,12
449214,2009,A,,A,,A,,R,30.0,R,0.0,R,30.0,R,26.0,R,87.0,R,1.0,R,0.0,R,1.0,R,1.0,R,100.0,R,11
449223,2009,A,,A,,A,,R,36.0,R,0.0,R,36.0,R,22.0,R,61.0,R,0.0,R,0.0,R,0.0,R,0.0,A,,R,18
449232,2009,A,,A,,A,,R,33.0,R,0.0,R,33.0,R,18.0,R,55.0,R,1.0,R,0.0,R,1.0,R,0.0,R,0.0,R,19
449241,2009,A,,A,,A,,R,18.0,R,1.0,R,17.0,R,11.0,R,65.0,R,1.0,R,0.0,R,1.0,R,1.0,R,100.0,R,13
449250,2009,A,,A,,A,,R,192.0,R,0.0,R,192.0,R,141.0,R,73.0,R,0.0,R,0.0,R,0.0,R,0.0,A,,R,44
449269,2009,A,,A,,A,,A,,A,,A,,A,,A,,A,,A,,A,,A,,A,,R,24
449278,2009,A,,A,,A,,A,,A,,A,,A,,A,,A,,A,,A,,A,,A,,R,32
449302,2009,R,90.0,R,143.0,R,63.0,R,29.0,R,0.0,R,29.0,R,26.0,R,90.0,R,11.0,R,0.0,R,11.0,R,4.0,R,36.0,R,15
449311,2009,A,,A,,A,,R,156.0,R,0.0,R,156.0,R,101.0,R,65.0,R,49.0,R,0.0,R,49.0,R,29.0,R,59.0,R,25
449320,2009,A,,A,,A,,R,176.0,Z,0.0,R,176.0,R,135.0,R,77.0,R,0.0,R,0.0,R,0.0,R,0.0,A,,R,20
449339,2009,A,,A,,A,,R,111.0,Z,0.0,R,111.0,R,102.0,R,92.0,R,1091.0,Z,0.0,R,1091.0,R,573.0,R,53.0,R,28
449348,2009,R,6.0,R,33.0,R,18.0,R,0.0,Z,0.0,R,0.0,R,0.0,A,,R,7.0,R,1.0,R,6.0,R,4.0,R,67.0,R,10
449357,2009,A,,A,,A,,A,,A,,A,,A,,A,,A,,A,,A,,A,,A,,R,15
449366,2009,A,,A,,A,,R,156.0,R,0.0,R,156.0,R,131.0,R,84.0,R,35.0,R,0.0,R,35.0,R,31.0,R,89.0,R,19
449375,2009,A,,A,,A,,R,28.0,R,0.0,R,28.0,R,21.0,R,75.0,R,6.0,R,0.0,R,6.0,R,5.0,R,83.0,R,12
449384,2009,A,,A,,A,,R,11.0,R,0.0,R,11.0,R,10.0,R,91.0,R,0.0,R,0.0,R,0.0,R,0.0,A,,R,4
449393,2009,A,,A,,A,,R,50.0,R,0.0,R,50.0,R,42.0,R,84.0,R,0.0,R,0.0,R,0.0,R,0.0,A,,R,29
449418,2009,A,,A,,A,,R,22.0,R,0.0,R,22.0,R,13.0,R,59.0,R,1.0,R,0.0,R,1.0,R,1.0,R,100.0,R,25
449436,2009,A,,A,,A,,A,,A,,A,,A,,A,,A,,A,,A,,A,,A,,R,9
449445,2009,A,,A,,A,,R,26.0,R,0.0,R,26.0,R,20.0,R,77.0,R,0.0,R,0.0,R,0.0,R,0.0,A,,R,19
449454,2009,A,,A,,A,,R,47.0,Z,0.0,R,47.0,R,2.0,R,4.0,Z,0.0,Z,0.0,Z,0.0,Z,0.0,A,,R,7
449463,2009,A,,A,,A,,R,18.0,Z,0.0,R,18.0,R,16.0,R,89.0,R,5.0,Z,0.0,R,5.0,R,4.0,R,80.0,R,6
449472,2009,A,,A,,A,,R,25.0,R,0.0,R,25.0,R,21.0,R,84.0,R,0.0,R,0.0,R,0.0,R,0.0,A,,R,14
449490,2009,A,,A,,A,,R,68.0,R,0.0,R,68.0,R,17.0,R,25.0,R,0.0,R,0.0,R,0.0,R,0.0,A,,R,16
449506,2009,A,,A,,A,,R,37.0,R,0.0,R,37.0,R,35.0,R,95.0,R,0.0,R,0.0,R,0.0,R,0.0,A,,R,16
449515,2009,A,,A,,A,,R,191.0,R,1.0,R,190.0,R,168.0,R,88.0,Z,0.0,Z,0.0,Z,0.0,Z,0.0,A,,R,12
449524,2009,A,,A,,A,,R,63.0,R,0.0,R,63.0,R,49.0,R,78.0,R,0.0,R,0.0,R,0.0,R,0.0,A,,R,19
449533,2009,A,,A,,A,,A,,A,,A,,A,,A,,A,,A,,A,,A,,A,,R,14
449597,2009,A,,A,,A,,R,18.0,R,0.0,R,18.0,R,13.0,R,72.0,R,13.0,R,0.0,R,13.0,R,7.0,R,54.0,R,14
449603,2009,A,,A,,A,,R,22.0,R,0.0,R,22.0,R,22.0,R,100.0,R,4.0,R,0.0,R,4.0,R,4.0,R,100.0,R,13
449612,2009,A,,A,,A,,R,47.0,R,0.0,R,47.0,R,41.0,R,87.0,Z,0.0,Z,0.0,Z,0.0,Z,0.0,A,,R,15
449658,2009,R,24.0,R,24.0,R,100.0,R,24.0,Z,0.0,R,24.0,R,21.0,R,88.0,Z,0.0,Z,0.0,Z,0.0,Z,0.0,A,,R,11
449667,2009,A,,A,,A,,R,17.0,R,0.0,R,17.0,R,15.0,R,88.0,Z,0.0,Z,0.0,Z,0.0,Z,0.0,A,,R,5
449676,2009,A,,A,,A,,R,0.0,R,0.0,R,0.0,R,0.0,A,,R,1.0,R,0.0,R,1.0,R,1.0,R,100.0,R,6
449685,2009,A,,A,,A,,A,,A,,A,,A,,A,,A,,A,,A,,A,,A,,R,13
449694,2009,A,,A,,A,,R,98.0,R,0.0,R,98.0,R,96.0,R,98.0,R,0.0,R,0.0,R,0.0,R,0.0,A,,R,23
449700,2009,A,,A,,A,,A,,A,,A,,A,,A,,A,,A,,A,,A,,A,,R,27
449719,2009,A,,A,,A,,R,88.0,R,0.0,R,88.0,R,80.0,R,91.0,R,0.0,R,0.0,R,0.0,R,0.0,A,,R,14
449728,2009,A,,A,,A,,R,9.0,R,0.0,R,9.0,R,6.0,R,67.0,R,0.0,R,0.0,R,0.0,R,0.0,A,,R,18
449737,2009,A,,A,,A,,A,,A,,A,,A,,A,,A,,A,,A,,A,,A,,R,10
449746,2009,A,,A,,A,,R,178.0,R,34.0,R,144.0,R,139.0,R,97.0,Z,0.0,Z,0.0,Z,0.0,Z,0.0,A,,R,18
449755,2009,A,,A,,A,,A,,A,,A,,A,,A,,A,,A,,A,,A,,A,,R,15
449764,2009,R,31.0,R,45.0,R,69.0,R,36.0,R,0.0,R,36.0,R,22.0,R,61.0,R,0.0,R,0.0,R,0.0,R,0.0,A,,R,8
449773,2009,A,,A,,A,,A,,A,,A,,A,,A,,A,,A,,A,,A,,A,,R,12
449782,2009,A,,A,,A,,R,11.0,R,0.0,R,11.0,R,7.0,R,64.0,R,12.0,R,0.0,R,12.0,R,9.0,R,75.0,R,10
449791,2009,A,,A,,A,,A,,A,,A,,A,,A,,A,,A,,A,,A,,A,,R,11
449807,2009,A,,A,,A,,R,29.0,R,0.0,R,29.0,R,16.0,R,55.0,Z,0.0,Z,0.0,Z,0.0,Z,0.0,A,,R,21
449816,2009,A,,A,,A,,R,12.0,R,0.0,R,12.0,R,9.0,R,75.0,R,22.0,R,0.0,R,22.0,R,13.0,R,59.0,R,11
449825,2009,A,,A,,A,,R,21.0,Z,0.0,R,21.0,R,21.0,R,100.0,R,4.0,Z,0.0,R,4.0,R,4.0,R,100.0,R,6
449843,2009,A,,A,,A,,R,46.0,R,0.0,R,46.0,R,34.0,R,74.0,R,0.0,R,0.0,R,0.0,R,0.0,A,,R,17
449852,2009,A,,A,,A,,R,35.0,Z,0.0,R,35.0,R,35.0,R,100.0,Z,0.0,Z,0.0,Z,0.0,Z,0.0,A,,R,11
449861,2009,A,,A,,A,,A,,A,,A,,A,,A,,A,,A,,A,,A,,A,,R,14
449870,2009,R,7.0,R,38.0,R,18.0,R,11.0,R,0.0,R,11.0,R,6.0,R,55.0,R,2.0,R,0.0,R,2.0,R,1.0,R,50.0,R,7
449898,2009,R,1.0,R,114.0,R,1.0,R,1.0,Z,0.0,R,1.0,R,1.0,R,100.0,R,1.0,Z,0.0,R,1.0,R,1.0,R,100.0,R,19
449904,2009,A,,A,,A,,R,73.0,Z,0.0,R,73.0,R,28.0,R,38.0,Z,0.0,Z,0.0,Z,0.0,Z,0.0,A,,R,19
449913,2009,A,,A,,A,,R,24.0,R,0.0,R,24.0,R,20.0,R,83.0,R,14.0,R,0.0,R,14.0,R,11.0,R,79.0,R,15
449931,2009,A,,A,,A,,R,1.0,R,0.0,R,1.0,R,1.0,R,100.0,R,11.0,R,0.0,R,11.0,R,8.0,R,73.0,R,12
449940,2009,A,,A,,A,,R,114.0,R,0.0,R,114.0,R,58.0,R,51.0,R,0.0,R,0.0,R,0.0,R,0.0,A,,R,28
449959,2009,A,,A,,A,,R,74.0,Z,0.0,R,74.0,R,68.0,R,92.0,R,45.0,Z,0.0,R,45.0,R,32.0,R,71.0,R,15
449968,2009,A,,A,,A,,R,136.0,R,0.0,R,136.0,R,117.0,R,86.0,R,33.0,R,0.0,R,33.0,R,28.0,R,85.0,R,15
449977,2009,A,,A,,A,,R,120.0,R,0.0,R,120.0,R,106.0,R,88.0,R,28.0,R,0.0,R,28.0,R,22.0,R,79.0,R,18
450003,2009,R,119.0,R,119.0,R,100.0,R,90.0,R,0.0,R,90.0,R,78.0,R,87.0,Z,0.0,Z,0.0,Z,0.0,Z,0.0,A,,R,10
450012,2009,A,,A,,A,,R,6.0,R,0.0,R,6.0,R,5.0,R,83.0,R,10.0,R,0.0,R,10.0,R,7.0,R,70.0,R,27
450021,2009,R,324.0,R,324.0,R,100.0,R,60.0,R,0.0,R,60.0,R,9.0,R,15.0,R,0.0,Z,0.0,R,0.0,Z,0.0,A,,R,15
450049,2009,R,71.0,R,200.0,R,36.0,R,45.0,R,0.0,R,45.0,R,27.0,R,60.0,R,29.0,R,0.0,R,29.0,R,12.0,R,41.0,R,15
450058,2009,R,30.0,R,259.0,R,12.0,R,50.0,R,0.0,R,50.0,R,44.0,R,88.0,R,2.0,R,0.0,R,2.0,R,2.0,R,100.0,R,11
450067,2009,R,71.0,R,142.0,R,50.0,R,376.0,R,0.0,R,376.0,R,181.0,R,48.0,R,0.0,R,0.0,R,0.0,R,0.0,A,,R,15
450076,2009,A,,A,,A,,R,168.0,Z,0.0,R,168.0,R,92.0,R,55.0,Z,0.0,Z,0.0,Z,0.0,Z,0.0,A,,R,38
450085,2009,R,171.0,R,272.0,R,63.0,R,73.0,R,0.0,R,73.0,R,44.0,R,60.0,R,4.0,R,0.0,R,4.0,R,1.0,R,25.0,R,13
450094,2009,R,128.0,R,319.0,R,40.0,R,104.0,R,0.0,R,104.0,R,77.0,R,74.0,R,64.0,R,0.0,R,64.0,R,32.0,R,50.0,R,21
450119,2009,A,,A,,A,,A,,A,,A,,A,,A,,A,,A,,A,,A,,A,,R,17
450128,2009,R,206.0,R,206.0,R,100.0,R,138.0,R,0.0,R,138.0,R,87.0,R,63.0,R,0.0,R,0.0,R,0.0,R,0.0,A,,R,9
450137,2009,R,160.0,R,401.0,R,40.0,R,147.0,R,0.0,R,147.0,R,94.0,R,64.0,R,44.0,R,0.0,R,44.0,R,22.0,R,50.0,R,33
450146,2009,A,,A,,A,,R,6.0,R,0.0,R,6.0,R,6.0,R,100.0,R,0.0,R,0.0,R,0.0,R,0.0,A,,R,14
450155,2009,A,,A,,A,,R,127.0,Z,0.0,R,127.0,R,68.0,R,54.0,R,0.0,R,0.0,R,0.0,R,0.0,A,,R,29
450173,2009,A,,A,,A,,A,,A,,A,,A,,A,,A,,A,,A,,A,,A,,R,26
450182,2009,A,,A,,A,,R,68.0,R,0.0,R,68.0,R,49.0,R,72.0,R,0.0,R,0.0,R,0.0,R,0.0,A,,R,28
450191,2009,R,33.0,R,41.0,R,80.0,R,60.0,R,0.0,R,60.0,R,56.0,R,93.0,R,9.0,R,0.0,R,9.0,R,8.0,R,89.0,R,19
450207,2009,R,61.0,R,79.0,R,77.0,R,0.0,R,0.0,R,0.0,R,0.0,A,,R,0.0,R,0.0,R,0.0,R,0.0,A,,R,21
450216,2009,R,128.0,R,153.0,R,84.0,R,0.0,R,0.0,R,0.0,R,0.0,A,,R,1.0,R,0.0,R,1.0,R,0.0,R,0.0,R,22
450225,2009,R,107.0,R,146.0,R,73.0,R,13.0,R,0.0,R,13.0,R,3.0,R,23.0,R,3.0,R,0.0,R,3.0,R,0.0,R,0.0,R,27
450234,2009,R,81.0,R,105.0,R,77.0,R,0.0,R,0.0,R,0.0,R,0.0,A,,R,0.0,R,0.0,R,0.0,R,0.0,A,,R,23
450243,2009,R,142.0,R,175.0,R,81.0,R,18.0,R,1.0,R,17.0,R,8.0,R,47.0,R,2.0,R,0.0,R,2.0,R,1.0,R,50.0,R,31
450252,2009,R,78.0,R,95.0,R,82.0,R,2.0,R,0.0,R,2.0,R,1.0,R,50.0,R,0.0,R,0.0,R,0.0,R,0.0,A,,R,17
450261,2009,R,58.0,R,84.0,R,69.0,R,5.0,R,0.0,R,5.0,R,2.0,R,40.0,R,1.0,R,0.0,R,1.0,R,0.0,R,0.0,R,19
450270,2009,R,114.0,R,149.0,R,77.0,R,0.0,R,0.0,R,0.0,R,0.0,A,,R,0.0,R,0.0,R,0.0,R,0.0,A,,R,18
450289,2009,R,155.0,R,251.0,R,62.0,R,0.0,R,0.0,R,0.0,R,0.0,A,,R,0.0,R,0.0,R,0.0,R,0.0,A,,R,9
450386,2009,R,83.0,R,83.0,R,100.0,R,35.0,R,0.0,R,35.0,R,21.0,R,60.0,R,4.0,R,0.0,R,4.0,R,4.0,R,100.0,R,17
450395,2009,A,,A,,A,,R,30.0,R,0.0,R,30.0,R,23.0,R,77.0,R,0.0,R,0.0,R,0.0,R,0.0,A,,R,14
450401,2009,A,,A,,A,,R,60.0,R,1.0,R,59.0,R,46.0,R,78.0,R,0.0,R,0.0,R,0.0,R,0.0,A,,R,15
450429,2009,R,42.0,R,98.0,R,43.0,R,3.0,R,0.0,R,3.0,R,3.0,R,100.0,R,3.0,R,0.0,R,3.0,R,2.0,R,67.0,R,16
450438,2009,R,4.0,R,27.0,R,15.0,R,4.0,R,0.0,R,4.0,R,3.0,R,75.0,R,6.0,R,0.0,R,6.0,R,1.0,R,17.0,R,7
450447,2009,R,42.0,R,124.0,R,34.0,R,77.0,Z,0.0,R,77.0,R,55.0,R,71.0,R,3.0,Z,0.0,R,3.0,R,1.0,R,33.0,R,29
450456,2009,A,,A,,A,,R,26.0,R,0.0,R,26.0,R,8.0,R,31.0,R,0.0,R,0.0,R,0.0,R,0.0,A,,R,13
450465,2009,R,41.0,R,76.0,R,54.0,R,84.0,R,0.0,R,84.0,R,49.0,R,58.0,R,8.0,R,0.0,R,8.0,R,1.0,R,13.0,R,22
450474,2009,A,,A,,A,,R,107.0,R,0.0,R,107.0,R,56.0,R,52.0,R,0.0,R,0.0,R,0.0,R,0.0,A,,R,17
450483,2009,A,,A,,A,,R,3.0,R,0.0,R,3.0,R,0.0,R,0.0,R,0.0,R,0.0,R,0.0,R,0.0,A,,R,7
450492,2009,A,,A,,A,,R,37.0,R,0.0,R,37.0,R,13.0,R,35.0,R,0.0,R,0.0,R,0.0,R,0.0,A,,R,9
450508,2009,R,4.0,R,50.0,R,8.0,R,0.0,R,0.0,R,0.0,R,0.0,A,,R,0.0,R,0.0,R,0.0,R,0.0,A,,R,10
450517,2009,R,12.0,R,64.0,R,19.0,R,4.0,R,0.0,R,4.0,R,0.0,R,0.0,R,9.0,R,0.0,R,9.0,R,4.0,R,44.0,R,30
450526,2009,R,11.0,R,31.0,R,35.0,A,,A,,A,,A,,A,,A,,A,,A,,A,,A,,R,11
450535,2009,R,5.0,R,5.0,R,100.0,A,,A,,A,,A,,A,,A,,A,,A,,A,,A,,R,11
450544,2009,R,5.0,R,15.0,R,33.0,R,0.0,R,0.0,R,0.0,R,0.0,A,,R,2.0,R,0.0,R,2.0,R,0.0,R,0.0,R,9
450553,2009,A,,A,,A,,R,139.0,R,0.0,R,139.0,R,83.0,R,60.0,Z,0.0,Z,0.0,Z,0.0,Z,0.0,A,,R,30
450562,2009,A,,A,,A,,R,117.0,R,0.0,R,117.0,R,82.0,R,70.0,R,0.0,R,0.0,R,0.0,R,0.0,A,,R,23
450571,2009,R,53.0,R,271.0,R,20.0,R,62.0,R,0.0,R,62.0,R,29.0,R,47.0,R,52.0,R,0.0,R,52.0,R,14.0,R,27.0,R,24
450580,2009,A,,A,,A,,R,30.0,Z,0.0,R,30.0,R,21.0,R,70.0,R,11.0,Z,0.0,R,11.0,R,8.0,R,73.0,R,14
450599,2009,A,,A,,A,,R,50.0,R,1.0,R,49.0,R,31.0,R,63.0,R,15.0,Z,0.0,R,15.0,R,11.0,R,73.0,R,3
450605,2009,A,,A,,A,,R,42.0,Z,0.0,R,42.0,R,32.0,R,76.0,R,10.0,Z,0.0,R,10.0,R,3.0,R,30.0,R,19
450614,2009,A,,A,,A,,R,53.0,Z,0.0,R,53.0,R,42.0,R,79.0,R,20.0,Z,0.0,R,20.0,R,13.0,R,65.0,R,18
450623,2009,A,,A,,A,,R,85.0,Z,0.0,R,85.0,R,47.0,R,55.0,R,20.0,Z,0.0,R,20.0,R,10.0,R,50.0,R,17
450632,2009,A,,A,,A,,A,,A,,A,,A,,A,,A,,A,,A,,A,,A,,R,7
450641,2009,A,,A,,A,,R,60.0,Z,0.0,R,60.0,R,43.0,R,72.0,R,5.0,Z,0.0,R,5.0,R,4.0,R,80.0,R,12
450650,2009,A,,A,,A,,R,29.0,R,0.0,R,29.0,R,26.0,R,90.0,R,28.0,R,1.0,R,27.0,R,25.0,R,93.0,R,8
450669,2009,A,,A,,A,,R,118.0,R,0.0,R,118.0,R,67.0,R,57.0,R,0.0,R,0.0,R,0.0,R,0.0,A,,R,15
450678,2009,A,,A,,A,,R,56.0,R,0.0,R,56.0,R,31.0,R,55.0,Z,0.0,Z,0.0,Z,0.0,Z,0.0,A,,R,18
450696,2009,A,,A,,A,,R,104.0,Z,0.0,R,104.0,R,71.0,R,68.0,Z,0.0,Z,0.0,Z,0.0,Z,0.0,A,,R,53
450702,2009,A,,A,,A,,R,201.0,Z,0.0,R,201.0,R,139.0,R,69.0,Z,0.0,Z,0.0,Z,0.0,Z,0.0,A,,R,39
450720,2009,A,,A,,A,,R,71.0,Z,0.0,R,71.0,R,52.0,R,73.0,R,6.0,Z,0.0,R,6.0,R,2.0,R,33.0,R,25
450739,2009,A,,A,,A,,R,35.0,Z,0.0,R,35.0,R,26.0,R,74.0,R,1.0,Z,0.0,R,1.0,R,1.0,R,100.0,R,14
450748,2009,A,,A,,A,,R,58.0,Z,0.0,R,58.0,R,34.0,R,59.0,Z,0.0,Z,0.0,Z,0.0,Z,0.0,A,,R,44
450757,2009,A,,A,,A,,R,45.0,Z,0.0,R,45.0,R,38.0,R,84.0,R,24.0,Z,0.0,R,24.0,R,21.0,R,88.0,R,13
450766,2009,A,,A,,A,,A,,A,,A,,A,,A,,A,,A,,A,,A,,A,,R,14
450775,2009,A,,A,,A,,R,303.0,Z,0.0,R,303.0,R,250.0,R,83.0,Z,0.0,Z,0.0,Z,0.0,Z,0.0,A,,R,20
450784,2009,A,,A,,A,,R,18.0,R,0.0,R,18.0,R,9.0,R,50.0,R,5.0,R,0.0,R,5.0,R,3.0,R,60.0,R,13
450793,2009,A,,A,,A,,R,24.0,R,0.0,R,24.0,R,17.0,R,71.0,R,0.0,R,0.0,R,0.0,R,0.0,A,,R,20
450809,2009,A,,A,,A,,R,15.0,R,0.0,R,15.0,R,13.0,R,87.0,R,0.0,R,0.0,R,0.0,R,0.0,A,,R,16
450818,2009,A,,A,,A,,R,35.0,R,0.0,R,35.0,R,15.0,R,43.0,R,0.0,R,0.0,R,0.0,R,0.0,A,,R,22
450827,2009,A,,A,,A,,R,34.0,R,0.0,R,34.0,R,24.0,R,71.0,R,0.0,R,0.0,R,0.0,R,0.0,A,,R,22
450836,2009,A,,A,,A,,R,14.0,R,0.0,R,14.0,R,7.0,R,50.0,R,0.0,R,0.0,R,0.0,R,0.0,A,,R,11
450845,2009,A,,A,,A,,R,24.0,R,0.0,R,24.0,R,13.0,R,54.0,R,0.0,R,0.0,R,0.0,R,0.0,A,,R,15
450854,2009,A,,A,,A,,R,26.0,R,0.0,R,26.0,R,21.0,R,81.0,R,0.0,R,0.0,R,0.0,R,0.0,A,,R,18
450863,2009,A,,A,,A,,R,19.0,R,0.0,R,19.0,R,7.0,R,37.0,R,2.0,R,0.0,R,2.0,R,1.0,R,50.0,R,11
450872,2009,A,,A,,A,,R,22.0,R,0.0,R,22.0,R,15.0,R,68.0,R,2.0,R,0.0,R,2.0,R,1.0,R,50.0,R,12
450881,2009,A,,A,,A,,R,18.0,R,0.0,R,18.0,R,10.0,R,56.0,R,3.0,R,0.0,R,3.0,R,3.0,R,100.0,R,12
450933,2009,A,,A,,A,,R,18.0,R,0.0,R,18.0,R,11.0,R,61.0,R,96.0,R,0.0,R,96.0,R,59.0,R,61.0,R,50
450951,2009,A,,A,,A,,R,36.0,R,0.0,R,36.0,R,28.0,R,78.0,R,0.0,R,0.0,R,0.0,R,0.0,A,,R,14
450960,2009,A,,A,,A,,R,46.0,R,0.0,R,46.0,R,24.0,R,52.0,R,48.0,R,0.0,R,48.0,R,41.0,R,85.0,R,7
450979,2009,A,,A,,A,,A,,A,,A,,A,,A,,A,,A,,A,,A,,A,,R,22
450988,2009,A,,A,,A,,R,248.0,R,0.0,R,248.0,R,223.0,R,90.0,R,134.0,R,0.0,R,134.0,R,110.0,R,82.0,R,25
450997,2009,A,,A,,A,,R,93.0,R,0.0,R,93.0,R,23.0,R,25.0,R,9.0,R,0.0,R,9.0,R,6.0,R,67.0,R,29
451006,2009,A,,A,,A,,A,,A,,A,,A,,A,,A,,A,,A,,A,,A,,R,10
451015,2009,A,,A,,A,,R,12.0,R,0.0,R,12.0,R,10.0,R,83.0,R,0.0,R,0.0,R,0.0,R,0.0,A,,R,9
451024,2009,A,,A,,A,,A,,A,,A,,A,,A,,A,,A,,A,,A,,A,,R,10
451033,2009,A,,A,,A,,R,16.0,R,0.0,R,16.0,R,10.0,R,63.0,R,0.0,R,0.0,R,0.0,R,0.0,A,,R,12
451042,2009,A,,A,,A,,R,24.0,Z,0.0,R,24.0,R,24.0,R,100.0,R,7.0,Z,0.0,R,7.0,R,7.0,R,100.0,R,5
451051,2009,A,,A,,A,,A,,A,,A,,A,,A,,A,,A,,A,,A,,A,,R,5
451060,2009,R,15.0,R,48.0,R,31.0,R,24.0,R,0.0,R,24.0,R,18.0,R,75.0,R,3.0,R,0.0,R,3.0,R,2.0,R,67.0,R,13
451088,2009,A,,A,,A,,R,39.0,R,0.0,R,39.0,R,30.0,R,77.0,R,11.0,R,0.0,R,11.0,R,7.0,R,64.0,R,14
451097,2009,A,,A,,A,,R,130.0,R,0.0,R,130.0,R,110.0,R,85.0,R,67.0,Z,0.0,R,67.0,R,57.0,R,85.0,R,16
451103,2009,A,,A,,A,,R,44.0,R,0.0,R,44.0,R,31.0,R,70.0,R,0.0,R,0.0,R,0.0,Z,0.0,A,,R,15
451112,2009,A,,A,,A,,R,31.0,R,0.0,R,31.0,R,25.0,R,81.0,R,18.0,R,0.0,R,18.0,R,13.0,R,72.0,R,8
451121,2009,A,,A,,A,,R,34.0,R,0.0,R,34.0,R,30.0,R,88.0,R,0.0,R,0.0,R,0.0,R,0.0,A,,R,15
451149,2009,A,,A,,A,,R,44.0,R,0.0,R,44.0,R,44.0,R,100.0,R,0.0,R,0.0,R,0.0,R,0.0,A,,R,18
451158,2009,A,,A,,A,,R,69.0,Z,0.0,R,69.0,R,55.0,R,80.0,R,0.0,R,0.0,R,0.0,R,0.0,A,,R,15
451167,2009,A,,A,,A,,R,32.0,R,0.0,R,32.0,R,24.0,R,75.0,R,3.0,R,0.0,R,3.0,R,3.0,R,100.0,R,20
451185,2009,R,48.0,R,53.0,R,91.0,R,62.0,R,0.0,R,62.0,R,37.0,R,60.0,R,0.0,R,0.0,R,0.0,R,0.0,A,,R,12
451194,2009,A,,A,,A,,A,,A,,A,,A,,A,,A,,A,,A,,A,,A,,R,5
451200,2009,A,,A,,A,,R,9.0,R,0.0,R,9.0,R,5.0,R,56.0,R,0.0,Z,0.0,R,0.0,Z,0.0,A,,R,5
451219,2009,A,,A,,A,,A,,A,,A,,A,,A,,A,,A,,A,,A,,A,,R,5
451228,2009,A,,A,,A,,A,,A,,A,,A,,A,,A,,A,,A,,A,,A,,R,15
451237,2009,A,,A,,A,,R,38.0,R,0.0,R,38.0,R,38.0,R,100.0,Z,0.0,Z,0.0,Z,0.0,Z,0.0,A,,R,9
451246,2009,A,,A,,A,,R,18.0,R,3.0,R,15.0,R,14.0,R,93.0,R,1.0,R,1.0,R,0.0,R,0.0,A,,R,5
451255,2009,A,,A,,A,,R,6.0,R,0.0,R,6.0,R,6.0,R,100.0,R,0.0,R,0.0,R,0.0,R,0.0,A,,R,6
451264,2009,A,,A,,A,,A,,A,,A,,A,,A,,A,,A,,A,,A,,A,,R,27
451273,2009,A,,A,,A,,R,69.0,R,0.0,R,69.0,R,69.0,R,100.0,R,35.0,R,0.0,R,35.0,R,35.0,R,100.0,R,25
451282,2009,A,,A,,A,,R,43.0,R,0.0,R,43.0,R,21.0,R,49.0,R,26.0,R,0.0,R,26.0,R,16.0,R,62.0,R,20
451291,2009,A,,A,,A,,A,,A,,A,,A,,A,,A,,A,,A,,A,,A,,R,10
451307,2009,A,,A,,A,,R,37.0,Z,0.0,R,37.0,R,37.0,R,100.0,R,6.0,Z,0.0,R,6.0,R,6.0,R,100.0,R,13
451316,2009,A,,A,,A,,R,20.0,R,0.0,R,20.0,R,9.0,R,45.0,R,0.0,R,0.0,R,0.0,Z,0.0,A,,R,21
451325,2009,A,,A,,A,,R,5.0,Z,0.0,R,5.0,R,5.0,R,100.0,R,0.0,R,0.0,R,0.0,Z,0.0,A,,R,9
451334,2009,A,,A,,A,,R,37.0,R,0.0,R,37.0,R,24.0,R,65.0,R,2.0,R,0.0,R,2.0,R,2.0,R,100.0,R,11
451343,2009,A,,A,,A,,R,14.0,R,0.0,R,14.0,R,5.0,R,36.0,R,19.0,R,0.0,R,19.0,R,9.0,R,47.0,R,3
451352,2009,A,,A,,A,,A,,A,,A,,A,,A,,A,,A,,A,,A,,A,,R,15
451361,2009,A,,A,,A,,A,,A,,A,,A,,A,,A,,A,,A,,A,,A,,R,3
451370,2009,A,,A,,A,,A,,A,,A,,A,,A,,A,,A,,A,,A,,A,,R,10
451389,2009,A,,A,,A,,A,,A,,A,,A,,A,,A,,A,,A,,A,,A,,R,30
451398,2009,R,66.0,R,69.0,R,96.0,R,57.0,R,0.0,R,57.0,R,52.0,R,91.0,R,0.0,R,0.0,R,0.0,R,0.0,A,,R,20
451404,2009,R,46.0,R,66.0,R,70.0,R,25.0,R,0.0,R,25.0,R,22.0,R,88.0,R,0.0,R,0.0,R,0.0,R,0.0,A,,R,8
451413,2009,A,,A,,A,,R,15.0,R,0.0,R,15.0,R,14.0,R,93.0,R,0.0,R,0.0,R,0.0,R,0.0,A,,R,15
451422,2009,A,,A,,A,,R,82.0,R,0.0,R,82.0,R,67.0,R,82.0,Z,0.0,Z,0.0,Z,0.0,Z,0.0,A,,R,15
451431,2009,A,,A,,A,,R,0.0,R,0.0,R,0.0,Z,0.0,A,,R,71.0,R,0.0,R,71.0,R,17.0,R,24.0,R,6
451440,2009,A,,A,,A,,R,180.0,R,1.0,R,179.0,R,151.0,R,84.0,R,0.0,R,0.0,R,0.0,R,0.0,A,,R,17
451459,2009,A,,A,,A,,A,,A,,A,,A,,A,,A,,A,,A,,A,,A,,R,16
451468,2009,A,,A,,A,,R,32.0,R,0.0,R,32.0,R,31.0,R,97.0,R,0.0,R,0.0,R,0.0,R,0.0,A,,R,13
451477,2009,A,,A,,A,,A,,A,,A,,A,,A,,A,,A,,A,,A,,A,,R,15
451486,2009,A,,A,,A,,R,3.0,R,0.0,R,3.0,R,3.0,R,100.0,R,0.0,R,0.0,R,0.0,R,0.0,A,,R,15
451495,2009,A,,A,,A,,R,22.0,R,1.0,R,21.0,R,16.0,R,76.0,Z,0.0,Z,0.0,Z,0.0,Z,0.0,A,,R,13
451501,2009,A,,A,,A,,R,11.0,R,3.0,R,8.0,R,8.0,R,100.0,R,0.0,R,0.0,R,0.0,R,0.0,A,,R,4
451529,2009,A,,A,,A,,R,38.0,R,0.0,R,38.0,R,11.0,R,29.0,R,15.0,R,0.0,R,15.0,R,8.0,R,53.0,R,27
451538,2009,A,,A,,A,,R,126.0,R,1.0,R,125.0,R,87.0,R,70.0,R,0.0,R,0.0,R,0.0,R,0.0,A,,R,17
451547,2009,A,,A,,A,,R,56.0,Z,0.0,R,56.0,R,53.0,R,95.0,Z,0.0,Z,0.0,Z,0.0,Z,0.0,A,,R,25
451556,2009,R,273.0,R,332.0,R,82.0,R,206.0,R,4.0,R,202.0,R,154.0,R,76.0,R,0.0,R,0.0,R,0.0,R,0.0,A,,R,16
451565,2009,A,,A,,A,,R,177.0,Z,0.0,R,177.0,R,145.0,R,82.0,R,50.0,Z,0.0,R,50.0,R,41.0,R,82.0,R,18
451574,2009,A,,A,,A,,R,32.0,R,0.0,R,32.0,R,25.0,R,78.0,R,9.0,R,0.0,R,9.0,R,7.0,R,78.0,R,12
451583,2009,A,,A,,A,,R,1.0,R,0.0,R,1.0,R,1.0,R,100.0,R,7.0,R,0.0,R,7.0,R,1.0,R,14.0,R,8
451592,2009,A,,A,,A,,A,,A,,A,,A,,A,,A,,A,,A,,A,,A,,R,16
451608,2009,R,30.0,R,32.0,R,94.0,R,21.0,R,0.0,R,21.0,R,16.0,R,76.0,R,0.0,R,0.0,R,0.0,R,0.0,A,,R,11
451617,2009,A,,A,,A,,R,9.0,R,0.0,R,9.0,R,7.0,R,78.0,R,2.0,R,0.0,R,2.0,R,1.0,R,50.0,R,3
451626,2009,A,,A,,A,,R,14.0,R,0.0,R,14.0,R,13.0,R,93.0,Z,0.0,R,0.0,R,0.0,Z,0.0,A,,R,16
451635,2009,A,,A,,A,,A,,A,,A,,A,,A,,A,,A,,A,,A,,A,,R,13
451644,2009,A,,A,,A,,R,8.0,R,0.0,R,8.0,R,7.0,R,88.0,R,0.0,R,0.0,R,0.0,R,0.0,A,,R,20
451653,2009,A,,A,,A,,R,12.0,R,0.0,R,12.0,R,12.0,R,100.0,Z,0.0,Z,0.0,Z,0.0,Z,0.0,A,,R,15
451662,2009,R,116.0,R,3564.0,R,3.0,R,125.0,R,2.0,R,123.0,R,70.0,R,57.0,R,923.0,R,4.0,R,919.0,R,385.0,R,42.0,R,13
451671,2009,A,,A,,A,,A,,A,,A,,A,,A,,A,,A,,A,,A,,A,,R,19
451680,2009,A,,A,,A,,A,,A,,A,,A,,A,,A,,A,,A,,A,,A,,R,23
451699,2009,R,170.0,R,170.0,R,100.0,R,45.0,R,0.0,R,45.0,R,24.0,R,53.0,Z,0.0,Z,0.0,Z,0.0,Z,0.0,A,,R,17
451705,2009,A,,A,,A,,R,12.0,Z,0.0,R,12.0,R,9.0,R,75.0,Z,0.0,Z,0.0,Z,0.0,Z,0.0,A,,R,16
451714,2009,A,,A,,A,,R,162.0,R,1.0,R,161.0,R,132.0,R,82.0,R,0.0,R,0.0,R,0.0,R,0.0,A,,R,19
451741,2009,R,166.0,R,361.0,R,46.0,R,176.0,R,0.0,R,176.0,R,129.0,R,73.0,R,1.0,R,0.0,R,1.0,R,1.0,R,100.0,R,32
451750,2009,R,82.0,R,311.0,R,26.0,R,5.0,R,0.0,R,5.0,R,1.0,R,20.0,R,25.0,R,0.0,R,25.0,R,13.0,R,52.0,R,17
451769,2009,A,,A,,A,,R,11.0,R,1.0,R,10.0,R,8.0,R,80.0,R,7.0,R,0.0,R,7.0,R,2.0,R,29.0,R,24
451778,2009,A,,A,,A,,R,17.0,R,0.0,R,17.0,R,16.0,R,94.0,R,32.0,R,0.0,R,32.0,R,27.0,R,84.0,R,15
451796,2009,R,119.0,R,318.0,R,37.0,R,64.0,R,0.0,R,64.0,R,29.0,R,45.0,R,11.0,R,0.0,R,11.0,R,6.0,R,55.0,R,17
451802,2009,A,,A,,A,,R,28.0,R,0.0,R,28.0,R,23.0,R,82.0,R,0.0,R,0.0,R,0.0,R,0.0,A,,R,14
451811,2009,A,,A,,A,,R,10.0,R,0.0,R,10.0,R,7.0,R,70.0,R,5.0,R,0.0,R,5.0,R,3.0,R,60.0,R,15
451820,2009,R,360.0,R,483.0,R,75.0,R,165.0,R,0.0,R,165.0,R,92.0,R,56.0,R,147.0,R,0.0,R,147.0,R,73.0,R,50.0,R,28
451848,2009,R,122.0,R,231.0,R,53.0,R,68.0,R,0.0,R,68.0,R,43.0,R,63.0,R,37.0,R,0.0,R,37.0,R,17.0,R,46.0,R,18
451857,2009,A,,A,,A,,R,125.0,R,0.0,R,125.0,R,81.0,R,65.0,R,0.0,R,0.0,R,0.0,R,0.0,A,,R,21
451866,2009,A,,A,,A,,R,158.0,R,1.0,R,157.0,R,92.0,R,59.0,R,0.0,R,0.0,R,0.0,R,0.0,A,,R,25
451875,2009,R,13.0,R,82.0,R,16.0,R,4.0,R,0.0,R,4.0,R,3.0,R,75.0,R,21.0,R,0.0,R,21.0,R,6.0,R,29.0,R,34
451884,2009,R,12.0,R,169.0,R,7.0,R,0.0,R,0.0,R,0.0,R,0.0,A,,R,37.0,R,0.0,R,37.0,R,10.0,R,27.0,R,19
451893,2009,A,,A,,A,,A,,A,,A,,A,,A,,A,,A,,A,,A,,A,,R,25
451909,2009,A,,A,,A,,R,74.0,Z,0.0,R,74.0,R,64.0,R,86.0,R,0.0,R,0.0,R,0.0,R,0.0,A,,R,15
451918,2009,A,,A,,A,,R,40.0,Z,0.0,R,40.0,R,33.0,R,83.0,R,0.0,R,0.0,R,0.0,R,0.0,A,,R,20
451936,2009,R,54.0,R,90.0,R,60.0,R,15.0,R,0.0,R,15.0,R,5.0,R,33.0,R,1.0,R,0.0,R,1.0,R,0.0,R,0.0,R,19
451945,2009,R,105.0,R,147.0,R,71.0,R,7.0,R,2.0,R,5.0,R,1.0,R,20.0,R,3.0,R,0.0,R,3.0,R,0.0,R,0.0,R,19
451954,2009,R,47.0,R,72.0,R,65.0,R,0.0,R,0.0,R,0.0,R,0.0,A,,R,0.0,R,0.0,R,0.0,R,0.0,A,,R,19
451963,2009,R,93.0,R,115.0,R,81.0,R,0.0,R,0.0,R,0.0,R,0.0,A,,R,0.0,R,0.0,R,0.0,R,0.0,A,,R,33
451972,2009,R,89.0,R,107.0,R,83.0,R,30.0,R,0.0,R,30.0,R,9.0,R,30.0,R,1.0,R,0.0,R,1.0,R,1.0,R,100.0,R,23
451981,2009,R,77.0,R,99.0,R,78.0,R,5.0,R,0.0,R,5.0,R,0.0,R,0.0,R,0.0,R,0.0,R,0.0,R,0.0,A,,R,23
451990,2009,R,99.0,R,117.0,R,85.0,R,15.0,R,1.0,R,14.0,R,9.0,R,64.0,R,4.0,R,0.0,R,4.0,R,0.0,R,0.0,R,22
452009,2009,A,,A,,A,,R,29.0,R,0.0,R,29.0,R,24.0,R,83.0,R,0.0,R,0.0,R,0.0,R,0.0,A,,R,13
452018,2009,R,89.0,R,207.0,R,43.0,R,38.0,R,0.0,R,38.0,R,15.0,R,39.0,R,15.0,R,0.0,R,15.0,R,9.0,R,60.0,R,15
452027,2009,R,159.0,R,218.0,R,73.0,R,38.0,R,0.0,R,38.0,R,14.0,R,37.0,R,22.0,R,0.0,R,22.0,R,8.0,R,36.0,R,26
452036,2009,A,,A,,A,,A,,A,,A,,A,,A,,A,,A,,A,,A,,A,,R,32
452045,2009,A,,A,,A,,A,,A,,A,,A,,A,,A,,A,,A,,A,,A,,R,26
452054,2009,A,,A,,A,,R,117.0,R,0.0,R,117.0,R,83.0,R,71.0,R,0.0,R,0.0,R,0.0,R,0.0,A,,R,39
452063,2009,A,,A,,A,,R,131.0,R,0.0,R,131.0,R,92.0,R,70.0,R,0.0,R,0.0,R,0.0,R,0.0,A,,R,39
452072,2009,A,,A,,A,,A,,A,,A,,A,,A,,A,,A,,A,,A,,A,,R,14
452081,2009,A,,A,,A,,A,,A,,A,,A,,A,,A,,A,,A,,A,,A,,R,22
452090,2009,R,9.0,R,15.0,R,60.0,R,3.0,R,0.0,R,3.0,R,0.0,R,0.0,R,0.0,R,0.0,R,0.0,R,0.0,A,,R,7
452106,2009,A,,A,,A,,R,27.0,R,0.0,R,27.0,R,23.0,R,85.0,Z,0.0,Z,0.0,Z,0.0,Z,0.0,A,,R,10
452115,2009,A,,A,,A,,R,777.0,R,1.0,R,776.0,R,716.0,R,92.0,R,235.0,R,0.0,R,235.0,R,218.0,R,93.0,R,20
452124,2009,A,,A,,A,,R,144.0,R,0.0,R,144.0,R,105.0,R,73.0,R,0.0,R,0.0,R,0.0,R,0.0,A,,R,40
452133,2009,R,39.0,R,1153.0,R,3.0,A,,A,,A,,A,,A,,A,,A,,A,,A,,A,,R,8
452188,2009,A,,A,,A,,A,,A,,A,,A,,A,,A,,A,,A,,A,,A,,R,4
452203,2009,A,,A,,A,,A,,A,,A,,A,,A,,A,,A,,A,,A,,A,,R,4
452212,2009,A,,A,,A,,A,,A,,A,,A,,A,,A,,A,,A,,A,,A,,R,2
452230,2009,A,,A,,A,,A,,A,,A,,A,,A,,A,,A,,A,,A,,A,,R,11
452373,2009,R,17.0,R,63.0,R,27.0,A,,A,,A,,A,,A,,A,,A,,A,,A,,A,,R,7
452461,2009,A,,A,,A,,A,,A,,A,,A,,A,,A,,A,,A,,A,,A,,R,8
452470,2009,A,,A,,A,,A,,A,,A,,A,,A,,A,,A,,A,,A,,A,,R,12
452522,2009,A,,A,,A,,A,,A,,A,,A,,A,,A,,A,,A,,A,,A,,R,2
452540,2009,A,,A,,A,,A,,A,,A,,A,,A,,A,,A,,A,,A,,A,,R,10
452692,2009,A,,A,,A,,A,,A,,A,,A,,A,,A,,A,,A,,A,,A,,R,2
452771,2009,A,,A,,A,,A,,A,,A,,A,,A,,A,,A,,A,,A,,A,,R,10
452780,2009,A,,A,,A,,A,,A,,A,,A,,A,,A,,A,,A,,A,,A,,R,10
452823,2009,A,,A,,A,,A,,A,,A,,A,,A,,A,,A,,A,,A,,A,,R,5
452841,2009,A,,A,,A,,R,39.0,R,0.0,R,39.0,R,36.0,R,92.0,R,0.0,R,0.0,R,0.0,R,0.0,A,,R,12
452948,2009,A,,A,,A,,R,21.0,R,0.0,R,21.0,R,20.0,R,95.0,R,2.0,R,0.0,R,2.0,R,2.0,R,100.0,R,11
452957,2009,A,,A,,A,,A,,A,,A,,A,,A,,A,,A,,A,,A,,A,,R,3
452984,2009,A,,A,,A,,A,,A,,A,,A,,A,,A,,A,,A,,A,,A,,R,8
453075,2009,A,,A,,A,,A,,A,,A,,A,,A,,A,,A,,A,,A,,A,,R,17
453109,2009,R,108.0,R,112.0,R,96.0,R,38.0,R,0.0,R,38.0,R,31.0,R,82.0,R,0.0,R,0.0,R,0.0,R,0.0,A,,R,10
453297,2009,A,,A,,A,,R,51.0,Z,0.0,R,51.0,R,50.0,R,98.0,Z,0.0,Z,0.0,Z,0.0,Z,0.0,A,,R,9
453455,2009,R,21.0,R,40.0,R,53.0,R,23.0,R,0.0,R,23.0,R,14.0,R,61.0,R,12.0,R,0.0,R,12.0,R,5.0,R,42.0,R,12
453464,2009,R,62.0,R,94.0,R,66.0,R,34.0,R,0.0,R,34.0,R,24.0,R,71.0,R,42.0,R,0.0,R,42.0,R,4.0,R,10.0,R,18
453473,2009,R,46.0,R,78.0,R,59.0,R,11.0,R,0.0,R,11.0,R,8.0,R,73.0,R,25.0,R,0.0,R,25.0,R,10.0,R,40.0,R,4
453482,2009,R,29.0,R,56.0,R,52.0,R,19.0,R,0.0,R,19.0,R,15.0,R,79.0,R,26.0,R,0.0,R,26.0,R,11.0,R,42.0,R,11
453552,2009,A,,A,,A,,R,124.0,R,1.0,R,123.0,R,80.0,R,65.0,R,65.0,R,0.0,R,65.0,R,39.0,R,60.0,R,30
453570,2009,A,,A,,A,,R,24.0,Z,0.0,R,24.0,R,18.0,R,75.0,Z,0.0,Z,0.0,Z,0.0,Z,0.0,A,,R,19
453640,2009,A,,A,,A,,A,,A,,A,,A,,A,,A,,A,,A,,A,,A,,R,6
453747,2009,R,58.0,R,140.0,R,41.0,R,0.0,R,0.0,R,0.0,R,0.0,A,,R,0.0,R,0.0,R,0.0,R,0.0,A,,R,14
453756,2009,A,,A,,A,,A,,A,,A,,A,,A,,A,,A,,A,,A,,A,,R,7
453792,2009,A,,A,,A,,R,7.0,R,0.0,R,7.0,R,7.0,R,100.0,R,0.0,R,0.0,R,0.0,R,0.0,A,,R,8
453817,2009,A,,A,,A,,R,215.0,R,0.0,R,215.0,R,181.0,R,84.0,R,0.0,R,0.0,R,0.0,R,0.0,A,,R,24
453923,2009,A,,A,,A,,A,,A,,A,,A,,A,,A,,A,,A,,A,,A,,R,3
453932,2009,A,,A,,A,,A,,A,,A,,A,,A,,A,,A,,A,,A,,A,,R,7
454023,2009,A,,A,,A,,A,,A,,A,,A,,A,,A,,A,,A,,A,,A,,R,15
454032,2009,A,,A,,A,,A,,A,,A,,A,,A,,A,,A,,A,,A,,A,,R,15
454041,2009,A,,A,,A,,A,,A,,A,,A,,A,,A,,A,,A,,A,,A,,R,15
454069,2009,A,,A,,A,,A,,A,,A,,A,,A,,A,,A,,A,,A,,A,,R,4
454175,2009,A,,A,,A,,R,79.0,R,0.0,R,79.0,R,73.0,R,92.0,R,0.0,R,0.0,R,0.0,R,0.0,A,,R,20
454184,2009,R,103.0,R,133.0,R,77.0,R,68.0,R,0.0,R,68.0,R,46.0,R,68.0,R,0.0,R,0.0,R,0.0,R,0.0,A,,R,14
454193,2009,A,,A,,A,,R,26.0,R,0.0,R,26.0,R,20.0,R,77.0,R,0.0,R,0.0,R,0.0,R,0.0,A,,R,11
454209,2009,R,10.0,R,44.0,R,23.0,R,2.0,R,0.0,R,2.0,R,1.0,R,50.0,R,4.0,R,0.0,R,4.0,R,2.0,R,50.0,R,9
454227,2009,R,15.0,R,236.0,R,6.0,R,10.0,R,0.0,R,10.0,R,7.0,R,70.0,R,0.0,R,0.0,R,0.0,R,0.0,A,,R,26
454236,2009,R,23.0,R,299.0,R,8.0,R,7.0,R,0.0,R,7.0,R,5.0,R,71.0,R,0.0,R,0.0,R,0.0,R,0.0,A,,R,10
454245,2009,A,,A,,A,,R,6.0,R,0.0,R,6.0,R,4.0,R,67.0,R,1.0,R,0.0,R,1.0,R,0.0,R,0.0,R,17
454263,2009,A,,A,,A,,R,7.0,R,0.0,R,7.0,R,4.0,R,57.0,R,0.0,R,0.0,R,0.0,R,0.0,A,,R,18
454281,2009,A,,A,,A,,R,25.0,R,0.0,R,25.0,R,25.0,R,100.0,R,3.0,R,0.0,R,3.0,R,2.0,R,67.0,R,25
454290,2009,A,,A,,A,,R,51.0,R,0.0,R,51.0,R,36.0,R,71.0,R,20.0,R,0.0,R,20.0,R,16.0,R,80.0,R,21
454306,2009,A,,A,,A,,R,61.0,R,0.0,R,61.0,R,49.0,R,80.0,R,0.0,R,0.0,R,0.0,R,0.0,A,,R,17
454315,2009,A,,A,,A,,R,35.0,R,0.0,R,35.0,R,25.0,R,71.0,R,9.0,R,0.0,R,9.0,R,3.0,R,33.0,R,19
454324,2009,A,,A,,A,,R,9.0,R,0.0,R,9.0,R,7.0,R,78.0,R,5.0,R,0.0,R,5.0,R,4.0,R,80.0,R,18
454333,2009,A,,A,,A,,R,14.0,R,0.0,R,14.0,R,8.0,R,57.0,R,5.0,R,0.0,R,5.0,R,3.0,R,60.0,R,14
454342,2009,A,,A,,A,,R,14.0,R,0.0,R,14.0,R,10.0,R,71.0,R,2.0,R,0.0,R,2.0,R,1.0,R,50.0,R,15
454351,2009,A,,A,,A,,R,43.0,R,0.0,R,43.0,R,17.0,R,40.0,R,13.0,R,0.0,R,13.0,R,7.0,R,54.0,R,20
454360,2009,A,,A,,A,,R,40.0,R,0.0,R,40.0,R,21.0,R,53.0,R,10.0,R,0.0,R,10.0,R,4.0,R,40.0,R,21
454379,2009,A,,A,,A,,R,17.0,R,0.0,R,17.0,R,6.0,R,35.0,R,1.0,R,0.0,R,1.0,R,1.0,R,100.0,R,12
454388,2009,A,,A,,A,,R,19.0,R,0.0,R,19.0,R,12.0,R,63.0,R,1.0,R,0.0,R,1.0,R,1.0,R,100.0,R,15
454397,2009,A,,A,,A,,R,16.0,R,0.0,R,16.0,R,10.0,R,63.0,R,5.0,R,0.0,R,5.0,R,4.0,R,80.0,R,13
454403,2009,A,,A,,A,,R,47.0,R,0.0,R,47.0,R,35.0,R,74.0,R,25.0,R,0.0,R,25.0,R,18.0,R,72.0,R,11
454412,2009,A,,A,,A,,R,22.0,R,0.0,R,22.0,R,14.0,R,64.0,R,9.0,R,0.0,R,9.0,R,6.0,R,67.0,R,8
454421,2009,A,,A,,A,,R,11.0,R,0.0,R,11.0,R,7.0,R,64.0,R,11.0,R,0.0,R,11.0,R,7.0,R,64.0,R,6
454430,2009,A,,A,,A,,R,21.0,R,0.0,R,21.0,R,16.0,R,76.0,R,23.0,R,0.0,R,23.0,R,13.0,R,57.0,R,8
454449,2009,A,,A,,A,,R,8.0,R,0.0,R,8.0,R,7.0,R,88.0,R,13.0,R,0.0,R,13.0,R,11.0,R,85.0,R,6
454458,2009,R,148.0,R,148.0,R,100.0,R,148.0,R,0.0,R,148.0,R,76.0,R,51.0,R,0.0,R,0.0,R,0.0,R,0.0,A,,R,9
454467,2009,A,,A,,A,,R,27.0,R,0.0,R,27.0,R,17.0,R,63.0,R,6.0,R,0.0,R,6.0,R,2.0,R,33.0,R,12
454476,2009,A,,A,,A,,R,27.0,R,0.0,R,27.0,R,16.0,R,59.0,R,5.0,R,0.0,R,5.0,R,2.0,R,40.0,R,19
454485,2009,A,,A,,A,,R,26.0,R,0.0,R,26.0,R,13.0,R,50.0,R,6.0,R,0.0,R,6.0,R,1.0,R,17.0,R,13
454494,2009,A,,A,,A,,R,42.0,R,0.0,R,42.0,R,23.0,R,55.0,R,10.0,R,0.0,R,10.0,R,8.0,R,80.0,R,16
454500,2009,A,,A,,A,,R,13.0,R,0.0,R,13.0,R,9.0,R,69.0,R,1.0,R,0.0,R,1.0,R,0.0,R,0.0,R,13
454519,2009,A,,A,,A,,R,7.0,R,0.0,R,7.0,R,5.0,R,71.0,R,0.0,R,0.0,R,0.0,R,0.0,A,,R,13
454528,2009,A,,A,,A,,A,,A,,A,,A,,A,,A,,A,,A,,A,,A,,R,10
454537,2009,A,,A,,A,,R,87.0,R,0.0,R,87.0,R,83.0,R,95.0,Z,0.0,Z,0.0,Z,0.0,Z,0.0,A,,R,12
454546,2009,A,,A,,A,,R,45.0,Z,0.0,R,45.0,R,29.0,R,64.0,Z,0.0,Z,0.0,Z,0.0,Z,0.0,A,,R,11
454555,2009,A,,A,,A,,R,63.0,Z,0.0,R,63.0,R,35.0,R,56.0,Z,0.0,Z,0.0,Z,0.0,Z,0.0,A,,R,19
454564,2009,A,,A,,A,,R,182.0,R,0.0,R,182.0,R,93.0,R,51.0,Z,0.0,Z,0.0,Z,0.0,Z,0.0,A,,R,24
454573,2009,A,,A,,A,,R,35.0,Z,0.0,R,35.0,R,17.0,R,49.0,Z,0.0,Z,0.0,Z,0.0,Z,0.0,A,,R,24
454582,2009,A,,A,,A,,A,,A,,A,,A,,A,,A,,A,,A,,A,,A,,R,4
454591,2009,R,14.0,R,96.0,R,15.0,R,1.0,R,0.0,R,1.0,R,1.0,R,100.0,R,1.0,R,0.0,R,1.0,R,1.0,R,100.0,R,16
454607,2009,A,,A,,A,,R,206.0,R,0.0,R,206.0,R,171.0,R,83.0,R,0.0,R,0.0,R,0.0,R,0.0,A,,R,23
454616,2009,R,113.0,R,201.0,R,56.0,R,96.0,R,0.0,R,96.0,R,69.0,R,72.0,R,0.0,R,0.0,R,0.0,R,0.0,A,,R,15
454625,2009,R,190.0,R,235.0,R,81.0,R,0.0,Z,0.0,R,0.0,Z,0.0,A,,R,0.0,Z,0.0,R,0.0,Z,0.0,A,,R,10
454634,2009,A,,A,,A,,R,243.0,R,3.0,R,240.0,R,216.0,R,90.0,Z,0.0,Z,0.0,Z,0.0,Z,0.0,A,,R,12
454652,2009,A,,A,,A,,R,46.0,R,0.0,R,46.0,R,44.0,R,96.0,R,0.0,R,0.0,R,0.0,R,0.0,A,,R,20
454661,2009,A,,A,,A,,R,1.0,Z,0.0,R,1.0,R,1.0,R,100.0,Z,0.0,Z,0.0,Z,0.0,Z,0.0,A,,R,2
454698,2009,A,,A,,A,,Z,0.0,Z,0.0,Z,0.0,Z,0.0,A,,Z,0.0,Z,0.0,Z,0.0,Z,0.0,A,,R,15
454704,2009,A,,A,,A,,R,0.0,R,0.0,R,0.0,R,0.0,A,,R,0.0,Z,0.0,R,0.0,R,0.0,A,,R,18
454713,2009,A,,A,,A,,R,113.0,R,0.0,R,113.0,R,71.0,R,63.0,R,0.0,R,0.0,R,0.0,R,0.0,A,,R,14
454722,2009,A,,A,,A,,R,2.0,R,0.0,R,2.0,R,2.0,R,100.0,R,0.0,R,0.0,R,0.0,R,0.0,A,,R,25
454731,2009,A,,A,,A,,R,36.0,R,0.0,R,36.0,R,34.0,R,94.0,R,0.0,R,0.0,R,0.0,R,0.0,A,,R,12
454740,2009,R,14.0,R,64.0,R,22.0,R,4.0,R,0.0,R,4.0,R,4.0,R,100.0,R,33.0,R,0.0,R,33.0,R,23.0,R,70.0,R,7
454759,2009,A,,A,,A,,R,10.0,Z,0.0,R,10.0,R,8.0,R,80.0,Z,0.0,Z,0.0,Z,0.0,Z,0.0,A,,R,6
454768,2009,A,,A,,A,,R,23.0,R,0.0,R,23.0,R,21.0,R,91.0,R,10.0,R,0.0,R,10.0,R,9.0,R,90.0,R,20
454777,2009,A,,A,,A,,R,84.0,R,0.0,R,84.0,R,78.0,R,93.0,R,16.0,R,0.0,R,16.0,R,14.0,R,88.0,R,12
454786,2009,A,,A,,A,,R,1.0,R,0.0,R,1.0,R,1.0,R,100.0,R,51.0,R,0.0,R,51.0,R,45.0,R,88.0,R,7
454795,2009,A,,A,,A,,R,5.0,R,0.0,R,5.0,R,5.0,R,100.0,R,15.0,R,0.0,R,15.0,R,15.0,R,100.0,R,22
454801,2009,A,,A,,A,,R,15.0,R,0.0,R,15.0,R,8.0,R,53.0,R,0.0,R,0.0,R,0.0,R,0.0,A,,R,30
454810,2009,A,,A,,A,,A,,A,,A,,A,,A,,A,,A,,A,,A,,A,,R,8
454829,2009,A,,A,,A,,R,3.0,R,0.0,R,3.0,R,1.0,R,33.0,R,3.0,R,0.0,R,3.0,R,1.0,R,33.0,R,16
454847,2009,A,,A,,A,,R,125.0,R,0.0,R,125.0,R,125.0,R,100.0,R,0.0,R,0.0,R,0.0,R,0.0,A,,R,20
454856,2009,R,11.0,R,260.0,R,4.0,R,0.0,R,0.0,R,0.0,R,0.0,A,,R,0.0,R,0.0,R,0.0,R,0.0,A,,R,48
454865,2009,A,,A,,A,,R,10.0,R,0.0,R,10.0,R,9.0,R,90.0,R,0.0,R,0.0,R,0.0,R,0.0,A,,R,20
454874,2009,A,,A,,A,,R,32.0,R,0.0,R,32.0,R,24.0,R,75.0,R,5.0,R,0.0,R,5.0,R,5.0,R,100.0,R,8
454883,2009,A,,A,,A,,R,164.0,R,0.0,R,164.0,R,120.0,R,73.0,R,0.0,R,0.0,R,0.0,R,0.0,A,,R,24
454892,2009,A,,A,,A,,R,17.0,R,0.0,R,17.0,R,17.0,R,100.0,R,5.0,R,0.0,R,5.0,R,5.0,R,100.0,R,11
454908,2009,A,,A,,A,,A,,A,,A,,A,,A,,A,,A,,A,,A,,A,,R,32
454917,2009,A,,A,,A,,R,36.0,Z,0.0,R,36.0,R,32.0,R,89.0,R,27.0,Z,0.0,R,27.0,R,26.0,R,96.0,R,12
454926,2009,A,,A,,A,,R,75.0,R,0.0,R,75.0,R,72.0,R,96.0,R,0.0,R,0.0,R,0.0,R,0.0,A,,R,7
454935,2009,A,,A,,A,,R,59.0,R,0.0,R,59.0,R,57.0,R,97.0,R,0.0,R,0.0,R,0.0,R,0.0,A,,R,10
454944,2009,A,,A,,A,,R,49.0,R,0.0,R,49.0,R,45.0,R,92.0,R,9.0,R,0.0,R,9.0,R,9.0,R,100.0,R,20
454953,2009,A,,A,,A,,A,,A,,A,,A,,A,,A,,A,,A,,A,,A,,R,9
454962,2009,A,,A,,A,,A,,A,,A,,A,,A,,A,,A,,A,,A,,A,,R,8
454971,2009,A,,A,,A,,R,47.0,R,0.0,R,47.0,R,42.0,R,89.0,R,33.0,R,0.0,R,33.0,R,30.0,R,91.0,R,15
454980,2009,A,,A,,A,,R,48.0,R,0.0,R,48.0,R,42.0,R,88.0,R,0.0,R,0.0,R,0.0,R,0.0,A,,R,11
454999,2009,A,,A,,A,,R,24.0,R,0.0,R,24.0,R,21.0,R,88.0,R,3.0,R,0.0,R,3.0,R,2.0,R,67.0,R,7
455008,2009,A,,A,,A,,R,47.0,R,0.0,R,47.0,R,39.0,R,83.0,Z,0.0,Z,0.0,Z,0.0,Z,0.0,A,,R,11
455017,2009,A,,A,,A,,R,6.0,R,0.0,R,6.0,R,4.0,R,67.0,R,4.0,R,0.0,R,4.0,R,4.0,R,100.0,R,26
455026,2009,A,,A,,A,,A,,A,,A,,A,,A,,A,,A,,A,,A,,A,,R,4
455035,2009,A,,A,,A,,R,23.0,Z,0.0,R,23.0,R,23.0,R,100.0,Z,0.0,Z,0.0,Z,0.0,Z,0.0,A,,R,2
455044,2009,A,,A,,A,,R,3.0,Z,0.0,R,3.0,R,1.0,R,33.0,R,0.0,R,0.0,R,0.0,R,0.0,A,,R,2
455053,2009,A,,A,,A,,R,40.0,R,0.0,R,40.0,R,13.0,R,33.0,R,14.0,R,0.0,R,14.0,R,7.0,R,50.0,R,19
455062,2009,A,,A,,A,,R,9.0,R,0.0,R,9.0,R,9.0,R,100.0,R,7.0,R,0.0,R,7.0,R,7.0,R,100.0,R,20
455071,2009,A,,A,,A,,A,,A,,A,,A,,A,,A,,A,,A,,A,,A,,R,14
455080,2009,A,,A,,A,,R,32.0,R,0.0,R,32.0,R,26.0,R,81.0,R,12.0,R,0.0,R,12.0,R,10.0,R,83.0,R,7
455105,2009,A,,A,,A,,R,50.0,Z,0.0,R,50.0,R,40.0,R,80.0,R,0.0,R,0.0,R,0.0,R,0.0,A,,R,12
455114,2009,R,750.0,R,2209.0,R,34.0,R,0.0,R,0.0,R,0.0,R,0.0,A,,R,0.0,R,0.0,R,0.0,R,0.0,A,,R,20
455141,2009,A,,A,,A,,R,29.0,R,0.0,R,29.0,R,23.0,R,79.0,R,0.0,R,0.0,R,0.0,R,0.0,A,,R,15
455187,2009,A,,A,,A,,R,0.0,R,0.0,R,0.0,R,0.0,A,,R,0.0,R,0.0,R,0.0,R,0.0,A,,R,25
455196,2009,A,,A,,A,,R,209.0,R,0.0,R,209.0,R,177.0,R,85.0,Z,0.0,Z,0.0,Z,0.0,Z,0.0,A,,R,14
455202,2009,A,,A,,A,,R,0.0,R,0.0,R,0.0,R,0.0,A,,R,0.0,R,0.0,R,0.0,R,0.0,A,,R,11
455211,2009,A,,A,,A,,R,25.0,R,0.0,R,25.0,R,23.0,R,92.0,R,0.0,R,0.0,R,0.0,R,0.0,A,,R,9
455220,2009,A,,A,,A,,R,72.0,R,0.0,R,72.0,R,34.0,R,47.0,R,0.0,R,0.0,R,0.0,R,0.0,A,,R,15
455239,2009,A,,A,,A,,R,4.0,R,0.0,R,4.0,R,1.0,R,25.0,R,9.0,R,5.0,R,4.0,R,3.0,R,75.0,R,15
455248,2009,A,,A,,A,,R,5.0,R,0.0,R,5.0,R,5.0,R,100.0,R,0.0,R,0.0,R,0.0,R,0.0,A,,R,8
455257,2009,R,82.0,R,165.0,R,50.0,R,36.0,R,0.0,R,36.0,R,36.0,R,100.0,R,0.0,R,0.0,R,0.0,R,0.0,A,,R,28
455266,2009,A,,A,,A,,R,15.0,R,0.0,R,15.0,R,13.0,R,87.0,R,12.0,R,0.0,R,12.0,R,9.0,R,75.0,R,25
455275,2009,A,,A,,A,,R,33.0,R,0.0,R,33.0,R,26.0,R,79.0,R,0.0,R,0.0,R,0.0,R,0.0,A,,R,14
455284,2009,A,,A,,A,,R,58.0,R,0.0,R,58.0,R,50.0,R,86.0,R,11.0,R,0.0,R,11.0,R,11.0,R,100.0,R,18
455293,2009,A,,A,,A,,R,5.0,Z,0.0,R,5.0,R,3.0,R,60.0,R,7.0,Z,0.0,R,7.0,R,4.0,R,57.0,R,11
455309,2009,A,,A,,A,,R,27.0,R,0.0,R,27.0,R,6.0,R,22.0,R,0.0,R,0.0,R,0.0,R,0.0,A,,R,20
455318,2009,A,,A,,A,,R,25.0,R,0.0,R,25.0,R,24.0,R,96.0,Z,0.0,Z,0.0,Z,0.0,Z,0.0,A,,R,25
455327,2009,A,,A,,A,,A,,A,,A,,A,,A,,A,,A,,A,,A,,A,,R,11
455336,2009,A,,A,,A,,R,23.0,R,0.0,R,23.0,R,22.0,R,96.0,R,147.0,R,0.0,R,147.0,R,120.0,R,82.0,R,12
455345,2009,A,,A,,A,,A,,A,,A,,A,,A,,A,,A,,A,,A,,A,,R,10
455354,2009,A,,A,,A,,R,45.0,R,4.0,R,41.0,R,11.0,R,27.0,R,0.0,R,0.0,R,0.0,R,0.0,A,,R,14
455363,2009,A,,A,,A,,R,0.0,R,0.0,R,0.0,R,0.0,A,,R,0.0,R,0.0,R,0.0,R,0.0,A,,R,3
455372,2009,A,,A,,A,,A,,A,,A,,A,,A,,A,,A,,A,,A,,A,,R,10
455381,2009,A,,A,,A,,R,14.0,Z,0.0,R,14.0,R,12.0,R,86.0,R,2.0,Z,0.0,R,2.0,R,2.0,R,100.0,R,11
455390,2009,A,,A,,A,,R,184.0,R,0.0,R,184.0,R,102.0,R,55.0,R,0.0,R,0.0,R,0.0,R,0.0,A,,R,23
455415,2009,A,,A,,A,,R,2.0,Z,0.0,R,2.0,R,2.0,R,100.0,Z,0.0,Z,0.0,Z,0.0,Z,0.0,A,,R,9
455424,2009,A,,A,,A,,A,,A,,A,,A,,A,,A,,A,,A,,A,,A,,R,24
455460,2009,A,,A,,A,,R,98.0,R,0.0,R,98.0,R,69.0,R,70.0,R,0.0,R,0.0,R,0.0,R,0.0,A,,R,10
455479,2009,A,,A,,A,,R,130.0,Z,0.0,R,130.0,R,105.0,R,81.0,Z,0.0,Z,0.0,Z,0.0,Z,0.0,A,,R,25
455488,2009,A,,A,,A,,R,339.0,R,0.0,R,339.0,R,238.0,R,70.0,R,0.0,R,0.0,R,0.0,R,0.0,A,,R,43
455497,2009,A,,A,,A,,R,109.0,R,1.0,R,108.0,R,63.0,R,58.0,R,0.0,R,0.0,R,0.0,Z,0.0,A,,R,20
455503,2009,A,,A,,A,,A,,A,,A,,A,,A,,A,,A,,A,,A,,A,,R,15
455512,2009,R,226.0,R,1559.0,R,14.0,R,177.0,Z,0.0,R,177.0,R,115.0,R,65.0,R,293.0,Z,0.0,R,293.0,R,123.0,R,42.0,R,22
455530,2009,A,,A,,A,,R,74.0,R,0.0,R,74.0,R,40.0,R,54.0,R,0.0,R,0.0,R,0.0,R,0.0,A,,R,20
455549,2009,A,,A,,A,,R,0.0,R,0.0,R,0.0,R,0.0,A,,R,0.0,R,0.0,R,0.0,R,0.0,A,,R,30
455558,2009,A,,A,,A,,R,0.0,R,0.0,R,0.0,R,0.0,A,,R,0.0,R,0.0,R,0.0,R,0.0,A,,R,44
455567,2009,A,,A,,A,,R,51.0,R,0.0,R,51.0,R,44.0,R,86.0,R,0.0,R,0.0,R,0.0,Z,0.0,A,,R,19
455585,2009,R,46.0,R,173.0,R,27.0,R,1.0,R,0.0,R,1.0,R,1.0,R,100.0,R,3.0,R,0.0,R,3.0,R,2.0,R,67.0,R,13
455600,2009,R,140.0,R,140.0,R,100.0,R,35.0,R,0.0,R,35.0,R,16.0,R,46.0,R,0.0,R,0.0,R,0.0,R,0.0,A,,R,17
455619,2009,A,,A,,A,,R,0.0,Z,0.0,R,0.0,R,0.0,A,,Z,0.0,Z,0.0,Z,0.0,Z,0.0,A,,R,12
455628,2009,A,,A,,A,,R,0.0,R,0.0,R,0.0,R,0.0,A,,R,0.0,R,0.0,R,0.0,R,0.0,A,,R,6
455637,2009,R,4.0,R,5.0,R,80.0,R,27.0,R,0.0,R,27.0,R,19.0,R,70.0,R,3.0,R,0.0,R,3.0,R,3.0,R,100.0,R,2
455646,2009,R,20.0,R,30.0,R,67.0,R,17.0,R,0.0,R,17.0,R,12.0,R,71.0,R,1.0,R,0.0,R,1.0,R,1.0,R,100.0,R,6
455655,2009,R,30.0,R,91.0,R,33.0,R,0.0,R,0.0,R,0.0,R,0.0,A,,R,0.0,R,0.0,R,0.0,R,0.0,A,,R,22
455707,2009,A,,A,,A,,A,,A,,A,,A,,A,,A,,A,,A,,A,,A,,R,9
455716,2009,A,,A,,A,,R,376.0,R,0.0,R,376.0,R,261.0,R,69.0,R,83.0,R,0.0,R,83.0,R,26.0,R,31.0,R,13
455725,2009,A,,A,,A,,R,16.0,R,0.0,R,16.0,R,14.0,R,88.0,Z,0.0,Z,0.0,Z,0.0,Z,0.0,A,,R,8
455734,2009,A,,A,,A,,R,42.0,Z,0.0,R,42.0,R,40.0,R,95.0,R,0.0,R,0.0,R,0.0,R,0.0,A,,R,14
455743,2009,A,,A,,A,,R,0.0,R,0.0,R,0.0,R,0.0,A,,R,0.0,R,0.0,R,0.0,R,0.0,A,,R,15
455752,2009,A,,A,,A,,A,,A,,A,,A,,A,,A,,A,,A,,A,,A,,R,15
455761,2009,A,,A,,A,,R,80.0,R,0.0,R,80.0,R,71.0,R,89.0,R,20.0,R,0.0,R,20.0,R,17.0,R,85.0,R,16
455770,2009,R,19.0,R,25.0,R,76.0,R,10.0,R,0.0,R,10.0,R,7.0,R,70.0,R,0.0,R,0.0,R,0.0,R,0.0,A,,R,8
455789,2009,A,,A,,A,,R,3.0,Z,0.0,R,3.0,R,3.0,R,100.0,R,0.0,Z,0.0,R,0.0,Z,0.0,A,,R,3
455798,2009,A,,A,,A,,R,12.0,Z,0.0,R,12.0,R,12.0,R,100.0,R,6.0,Z,0.0,R,6.0,R,5.0,R,83.0,R,8
455822,2009,A,,A,,A,,R,0.0,R,0.0,R,0.0,R,0.0,A,,R,0.0,R,0.0,R,0.0,R,0.0,A,,R,12
455831,2009,A,,A,,A,,A,,A,,A,,A,,A,,A,,A,,A,,A,,A,,R,15
455840,2009,A,,A,,A,,A,,A,,A,,A,,A,,A,,A,,A,,A,,A,,R,10
455859,2009,A,,A,,A,,R,74.0,R,1.0,R,73.0,R,61.0,R,84.0,Z,0.0,Z,0.0,Z,0.0,Z,0.0,A,,R,15
455868,2009,A,,A,,A,,A,,A,,A,,A,,A,,A,,A,,A,,A,,A,,R,22
455877,2009,A,,A,,A,,R,20.0,R,0.0,R,20.0,R,19.0,R,95.0,R,0.0,R,0.0,R,0.0,R,0.0,A,,R,8
455886,2009,A,,A,,A,,R,28.0,R,0.0,R,28.0,R,27.0,R,96.0,R,17.0,R,0.0,R,17.0,R,12.0,R,71.0,R,9
455895,2009,A,,A,,A,,R,33.0,R,0.0,R,33.0,R,32.0,R,97.0,R,6.0,R,0.0,R,6.0,R,4.0,R,67.0,R,12
455901,2009,A,,A,,A,,R,78.0,R,0.0,R,78.0,R,69.0,R,88.0,R,0.0,R,0.0,R,0.0,R,0.0,A,,R,10
455910,2009,A,,A,,A,,A,,A,,A,,A,,A,,A,,A,,A,,A,,A,,R,1
455929,2009,A,,A,,A,,R,8.0,R,0.0,R,8.0,R,8.0,R,100.0,R,0.0,R,0.0,R,0.0,R,0.0,A,,R,10
455938,2009,A,,A,,A,,R,19.0,R,0.0,R,19.0,R,15.0,R,79.0,R,0.0,R,0.0,R,0.0,R,0.0,A,,R,6
455947,2009,A,,A,,A,,R,54.0,Z,0.0,R,54.0,R,48.0,R,89.0,R,1.0,Z,0.0,R,1.0,R,1.0,R,100.0,R,3
455956,2009,A,,A,,A,,R,30.0,R,0.0,R,30.0,R,30.0,R,100.0,R,0.0,R,0.0,R,0.0,R,0.0,A,,R,14
455965,2009,A,,A,,A,,R,59.0,R,0.0,R,59.0,R,57.0,R,97.0,R,0.0,R,0.0,R,0.0,R,0.0,A,,R,14
455974,2009,A,,A,,A,,A,,A,,A,,A,,A,,A,,A,,A,,A,,A,,R,12
455983,2009,A,,A,,A,,R,148.0,R,0.0,R,148.0,R,104.0,R,70.0,R,0.0,R,0.0,R,0.0,R,0.0,A,,R,7
456001,2009,A,,A,,A,,A,,A,,A,,A,,A,,A,,A,,A,,A,,A,,R,12
456010,2009,R,20.0,R,33.0,R,61.0,R,0.0,R,0.0,R,0.0,R,0.0,A,,R,0.0,R,0.0,R,0.0,R,0.0,A,,R,10
456029,2009,A,,A,,A,,R,79.0,R,0.0,R,79.0,R,65.0,R,82.0,R,0.0,R,0.0,R,0.0,R,0.0,A,,R,35
456038,2009,A,,A,,A,,A,,A,,A,,A,,A,,A,,A,,A,,A,,A,,R,25
456056,2009,R,270.0,R,270.0,R,100.0,R,0.0,R,0.0,R,0.0,R,0.0,A,,R,0.0,R,0.0,R,0.0,R,0.0,A,,R,17
456065,2009,A,,A,,A,,R,60.0,R,0.0,R,60.0,R,50.0,R,83.0,R,13.0,R,0.0,R,13.0,R,13.0,R,100.0,R,13
456074,2009,A,,A,,A,,R,74.0,R,0.0,R,74.0,R,67.0,R,91.0,R,8.0,R,0.0,R,8.0,R,8.0,R,100.0,R,14
456092,2009,A,,A,,A,,R,5.0,R,0.0,R,5.0,R,4.0,R,80.0,R,13.0,R,0.0,R,13.0,R,12.0,R,92.0,R,20
456117,2009,A,,A,,A,,R,0.0,R,0.0,R,0.0,R,0.0,A,,R,0.0,R,0.0,R,0.0,R,0.0,A,,R,16
456126,2009,A,,A,,A,,R,0.0,Z,0.0,R,0.0,Z,0.0,A,,R,0.0,Z,0.0,R,0.0,Z,0.0,A,,R,23
456135,2009,A,,A,,A,,R,35.0,Z,0.0,R,35.0,R,21.0,R,60.0,Z,0.0,Z,0.0,Z,0.0,Z,0.0,A,,R,17
456144,2009,A,,A,,A,,A,,A,,A,,A,,A,,A,,A,,A,,A,,A,,R,12
456153,2009,A,,A,,A,,A,,A,,A,,A,,A,,A,,A,,A,,A,,A,,R,12
456180,2009,A,,A,,A,,R,15.0,R,0.0,R,15.0,R,11.0,R,73.0,R,0.0,R,0.0,R,0.0,R,0.0,A,,R,16
456205,2009,R,57.0,R,113.0,R,50.0,R,0.0,R,0.0,R,0.0,R,0.0,A,,R,0.0,R,0.0,R,0.0,R,0.0,A,,R,18
456214,2009,A,,A,,A,,A,,A,,A,,A,,A,,A,,A,,A,,A,,A,,R,50
456250,2009,A,,A,,A,,R,33.0,Z,0.0,R,33.0,R,28.0,R,85.0,R,17.0,Z,0.0,R,17.0,R,14.0,R,82.0,R,18
456278,2009,R,283.0,R,286.0,R,99.0,R,0.0,Z,0.0,R,0.0,R,0.0,A,,R,0.0,Z,0.0,R,0.0,R,0.0,A,,R,40
456287,2009,A,,A,,A,,R,28.0,R,0.0,R,28.0,R,27.0,R,96.0,R,0.0,R,0.0,R,0.0,R,0.0,A,,R,9
456296,2009,R,213.0,R,437.0,R,49.0,R,40.0,R,0.0,R,40.0,R,18.0,R,45.0,R,0.0,R,0.0,R,0.0,R,0.0,A,,R,24
456302,2009,A,,A,,A,,A,,A,,A,,A,,A,,A,,A,,A,,A,,A,,R,26
456311,2009,A,,A,,A,,R,81.0,R,0.0,R,81.0,R,59.0,R,73.0,R,0.0,R,0.0,R,0.0,R,0.0,A,,R,22
456320,2009,A,,A,,A,,R,284.0,R,2.0,R,282.0,R,246.0,R,87.0,Z,0.0,Z,0.0,Z,0.0,Z,0.0,A,,R,31
456339,2009,A,,A,,A,,R,0.0,Z,0.0,R,0.0,Z,0.0,A,,Z,0.0,Z,0.0,Z,0.0,Z,0.0,A,,R,13
456348,2009,R,713.0,R,822.0,R,87.0,R,69.0,R,0.0,R,69.0,R,11.0,R,16.0,R,318.0,R,0.0,R,318.0,R,78.0,R,25.0,R,11
456357,2009,R,60.0,R,71.0,R,85.0,R,38.0,R,0.0,R,38.0,R,20.0,R,53.0,R,10.0,R,0.0,R,10.0,R,4.0,R,40.0,R,20
456366,2009,R,42.0,R,45.0,R,93.0,R,11.0,R,0.0,R,11.0,R,5.0,R,45.0,R,13.0,R,0.0,R,13.0,R,6.0,R,46.0,R,13
456375,2009,R,17.0,R,22.0,R,77.0,R,0.0,R,0.0,R,0.0,R,0.0,A,,R,0.0,R,0.0,R,0.0,R,0.0,A,,R,21
456384,2009,A,,A,,A,,R,73.0,R,0.0,R,73.0,R,43.0,R,59.0,R,0.0,R,0.0,R,0.0,R,0.0,A,,R,7
456393,2009,R,63.0,R,85.0,R,74.0,R,0.0,R,0.0,R,0.0,R,0.0,A,,R,0.0,R,0.0,R,0.0,R,0.0,A,,R,14
456409,2009,R,66.0,R,81.0,R,81.0,R,0.0,R,0.0,R,0.0,R,0.0,A,,R,0.0,R,0.0,R,0.0,R,0.0,A,,R,32
456418,2009,R,85.0,R,103.0,R,83.0,R,0.0,R,0.0,R,0.0,R,0.0,A,,R,0.0,R,0.0,R,0.0,R,0.0,A,,R,20
456427,2009,R,98.0,R,109.0,R,90.0,R,0.0,R,0.0,R,0.0,R,0.0,A,,R,0.0,R,0.0,R,0.0,R,0.0,A,,R,30
456436,2009,R,31.0,R,41.0,R,76.0,R,0.0,R,0.0,R,0.0,R,0.0,A,,R,0.0,R,0.0,R,0.0,R,0.0,A,,R,12
456445,2009,R,68.0,R,94.0,R,72.0,R,0.0,R,0.0,R,0.0,R,0.0,A,,R,0.0,R,0.0,R,0.0,R,0.0,A,,R,26
456454,2009,R,52.0,R,71.0,R,73.0,R,0.0,R,0.0,R,0.0,R,0.0,A,,R,0.0,R,0.0,R,0.0,R,0.0,A,,R,12
456481,2009,R,1.0,R,117.0,R,1.0,R,6.0,Z,0.0,R,6.0,R,5.0,R,83.0,R,10.0,Z,0.0,R,10.0,R,8.0,R,80.0,R,10
456490,2009,R,16.0,R,25.0,R,64.0,R,14.0,R,0.0,R,14.0,R,7.0,R,50.0,R,38.0,R,0.0,R,38.0,R,25.0,R,66.0,R,8
456506,2009,A,,A,,A,,A,,A,,A,,A,,A,,A,,A,,A,,A,,A,,R,14
456515,2009,A,,A,,A,,A,,A,,A,,A,,A,,A,,A,,A,,A,,A,,R,12
456551,2009,A,,A,,A,,R,9.0,R,0.0,R,9.0,R,8.0,R,89.0,R,0.0,R,0.0,R,0.0,R,0.0,A,,R,16
456560,2009,A,,A,,A,,R,0.0,R,0.0,R,0.0,R,0.0,A,,R,0.0,R,0.0,R,0.0,R,0.0,A,,R,23
456588,2009,A,,A,,A,,R,10.0,R,0.0,R,10.0,R,10.0,R,100.0,Z,0.0,Z,0.0,Z,0.0,Z,0.0,A,,R,15
456597,2009,A,,A,,A,,R,20.0,R,0.0,R,20.0,R,13.0,R,65.0,Z,0.0,Z,0.0,Z,0.0,Z,0.0,A,,R,21
456612,2009,R,67.0,R,67.0,R,100.0,R,0.0,Z,0.0,R,0.0,R,0.0,A,,Z,0.0,Z,0.0,Z,0.0,Z,0.0,A,,R,11
456719,2009,A,,A,,A,,R,0.0,R,0.0,R,0.0,R,0.0,A,,R,0.0,R,0.0,R,0.0,R,0.0,A,,R,13
456728,2009,A,,A,,A,,R,0.0,R,0.0,R,0.0,R,0.0,A,,R,0.0,R,0.0,R,0.0,R,0.0,A,,R,8
456737,2009,A,,A,,A,,R,0.0,R,0.0,R,0.0,R,0.0,A,,R,0.0,R,0.0,R,0.0,R,0.0,A,,R,12
456746,2009,A,,A,,A,,R,0.0,R,0.0,R,0.0,R,0.0,A,,R,0.0,R,0.0,R,0.0,R,0.0,A,,R,10
456755,2009,A,,A,,A,,R,0.0,R,0.0,R,0.0,R,0.0,A,,R,0.0,R,0.0,R,0.0,R,0.0,A,,R,3
456764,2009,A,,A,,A,,R,0.0,R,0.0,R,0.0,R,0.0,A,,R,0.0,R,0.0,R,0.0,R,0.0,A,,R,11
456773,2009,A,,A,,A,,R,0.0,R,0.0,R,0.0,R,0.0,A,,R,0.0,R,0.0,R,0.0,R,0.0,A,,R,6
456782,2009,R,35.0,R,185.0,R,19.0,R,0.0,R,0.0,R,0.0,R,0.0,A,,R,0.0,R,0.0,R,0.0,R,0.0,A,,R,12
456791,2009,R,73.0,R,73.0,R,100.0,R,0.0,Z,0.0,R,0.0,R,0.0,A,,Z,0.0,Z,0.0,Z,0.0,Z,0.0,A,,R,22
456807,2009,R,33.0,R,267.0,R,12.0,R,0.0,R,0.0,R,0.0,R,0.0,A,,R,0.0,R,0.0,R,0.0,R,0.0,A,,R,13
456816,2009,R,91.0,R,381.0,R,24.0,R,0.0,R,0.0,R,0.0,R,0.0,A,,R,0.0,R,0.0,R,0.0,R,0.0,A,,R,20
456825,2009,A,,A,,A,,R,31.0,R,0.0,R,31.0,R,24.0,R,77.0,R,0.0,R,0.0,R,0.0,R,0.0,A,,R,20
456834,2009,R,9.0,R,83.0,R,11.0,R,0.0,R,0.0,R,0.0,R,0.0,A,,R,0.0,R,0.0,R,0.0,R,0.0,A,,R,12
456852,2009,A,,A,,A,,R,0.0,R,0.0,R,0.0,R,0.0,A,,R,0.0,R,0.0,R,0.0,R,0.0,A,,R,35
456861,2009,A,,A,,A,,R,169.0,R,0.0,R,169.0,R,120.0,R,71.0,R,0.0,R,0.0,R,0.0,R,0.0,A,,R,24
456870,2009,A,,A,,A,,R,0.0,R,0.0,R,0.0,R,0.0,A,,R,0.0,R,0.0,R,0.0,R,0.0,A,,R,20
456889,2009,A,,A,,A,,R,101.0,R,0.0,R,101.0,R,56.0,R,55.0,R,0.0,R,0.0,R,0.0,R,0.0,A,,R,35
456898,2009,A,,A,,A,,R,0.0,R,0.0,R,0.0,R,0.0,A,,R,0.0,R,0.0,R,0.0,R,0.0,A,,R,13
456904,2009,A,,A,,A,,R,0.0,R,0.0,R,0.0,R,0.0,A,,R,0.0,R,0.0,R,0.0,R,0.0,A,,R,20
456913,2009,A,,A,,A,,R,0.0,R,0.0,R,0.0,R,0.0,A,,R,0.0,R,0.0,R,0.0,R,0.0,A,,R,14
456922,2009,A,,A,,A,,R,196.0,R,0.0,R,196.0,R,138.0,R,70.0,R,4.0,R,0.0,R,4.0,R,3.0,R,75.0,R,22
456931,2009,A,,A,,A,,R,0.0,Z,0.0,R,0.0,Z,0.0,A,,Z,0.0,Z,0.0,Z,0.0,Z,0.0,A,,R,32
456940,2009,A,,A,,A,,R,0.0,Z,0.0,R,0.0,Z,0.0,A,,Z,0.0,Z,0.0,Z,0.0,Z,0.0,A,,R,23
456959,2009,R,50.0,R,55.0,R,91.0,R,0.0,R,0.0,R,0.0,R,0.0,A,,R,0.0,R,0.0,R,0.0,R,0.0,A,,R,19
456968,2009,A,,A,,A,,R,11.0,R,0.0,R,11.0,R,7.0,R,64.0,R,0.0,Z,0.0,R,0.0,R,0.0,A,,R,12
456977,2009,R,79.0,R,79.0,R,100.0,R,0.0,Z,0.0,R,0.0,R,0.0,A,,Z,0.0,Z,0.0,Z,0.0,Z,0.0,A,,R,21
456995,2009,R,11.0,R,119.0,R,9.0,R,0.0,R,0.0,R,0.0,R,0.0,A,,R,0.0,R,0.0,R,0.0,R,0.0,A,,R,15
457004,2009,R,15.0,R,26.0,R,58.0,R,0.0,Z,0.0,R,0.0,Z,0.0,A,,R,0.0,Z,0.0,R,0.0,Z,0.0,A,,R,6
457013,2009,A,,A,,A,,R,0.0,R,0.0,R,0.0,R,0.0,A,,R,0.0,R,0.0,R,0.0,R,0.0,A,,R,82
457022,2009,R,30.0,R,43.0,R,70.0,R,0.0,Z,0.0,R,0.0,Z,0.0,A,,Z,0.0,Z,0.0,Z,0.0,Z,0.0,A,,R,21
457031,2009,A,,A,,A,,R,14.0,R,0.0,R,14.0,R,14.0,R,100.0,R,0.0,R,0.0,R,0.0,R,0.0,A,,R,11
457068,2009,A,,A,,A,,R,0.0,Z,0.0,R,0.0,R,0.0,A,,Z,0.0,Z,0.0,Z,0.0,Z,0.0,A,,R,13
457077,2009,A,,A,,A,,A,,A,,A,,A,,A,,A,,A,,A,,A,,A,,R,8
457086,2009,A,,A,,A,,R,14.0,R,0.0,R,14.0,R,12.0,R,86.0,R,0.0,Z,0.0,R,0.0,R,0.0,A,,R,14
457129,2009,R,6.0,R,65.0,R,9.0,R,0.0,R,0.0,R,0.0,R,0.0,A,,R,0.0,R,0.0,R,0.0,R,0.0,A,,R,12
457174,2009,A,,A,,A,,R,0.0,R,0.0,R,0.0,R,0.0,A,,R,0.0,R,0.0,R,0.0,R,0.0,A,,R,13
457192,2009,A,,A,,A,,R,26.0,Z,0.0,R,26.0,R,18.0,R,69.0,Z,0.0,Z,0.0,Z,0.0,Z,0.0,A,,R,18
457208,2009,A,,A,,A,,R,102.0,R,0.0,R,102.0,R,55.0,R,54.0,R,0.0,R,0.0,R,0.0,R,0.0,A,,R,18
