UNITID,Year,XGRCOHRT,GRCOHRT,XUGENTER,UGENTERN,XPGRCOHR,PGRCOHRT,XRRFTCT,RRFTCT,XRRFTEX,RRFTEX,XRRFTCTA,RRFTCTA,XRET_NMF,RET_NMF,XRET_PCF,RET_PCF,XRRPTCT,RRPTCT,XRRPTEX,RRPTEX,XRRPTCTA,RRPTCTA,XRET_NMP,RET_NMP,XRET_PCP,RET_PCP,XSTUFACR,STUFACR 
100654,2013,R,1088.0,R,1269.0,R,86.0,R,1001.0,Z,0.0,R,1001.0,R,632.0,R,63.0,R,8.0,R,0.0,R,8.0,R,4.0,R,50.0,R,15.0
100663,2013,R,1732.0,R,3277.0,R,53.0,R,1653.0,R,0.0,R,1653.0,R,1325.0,R,80.0,R,22.0,R,0.0,R,22.0,R,11.0,R,50.0,R,18.0
100690,2013,R,3.0,R,7.0,R,43.0,R,8.0,R,0.0,R,8.0,R,3.0,R,38.0,R,3.0,R,0.0,R,3.0,R,1.0,R,33.0,R,10.0
100706,2013,R,638.0,R,1474.0,R,43.0,R,615.0,R,0.0,R,615.0,R,498.0,R,81.0,R,9.0,R,0.0,R,9.0,R,4.0,R,44.0,R,16.0
100724,2013,R,1520.0,R,1768.0,R,86.0,R,1436.0,R,0.0,R,1436.0,R,893.0,R,62.0,R,43.0,R,0.0,R,43.0,R,13.0,R,30.0,R,16.0
100751,2013,R,6428.0,R,8133.0,R,79.0,R,6338.0,R,40.0,R,6298.0,R,5479.0,R,87.0,R,33.0,R,1.0,R,32.0,R,21.0,R,66.0,R,21.0
100760,2013,R,470.0,R,762.0,R,62.0,R,464.0,Z,0.0,R,464.0,R,198.0,R,43.0,R,226.0,Z,0.0,R,226.0,R,94.0,R,42.0,R,17.0
100812,2013,A,,A,,A,,A,,A,,A,,A,,A,,A,,A,,A,,A,,A,,R,17.0
100830,2013,R,685.0,R,1202.0,R,57.0,R,579.0,R,0.0,R,579.0,R,366.0,R,63.0,R,77.0,R,0.0,R,77.0,R,35.0,R,45.0,R,16.0
100858,2013,R,3696.0,R,4813.0,R,77.0,R,3805.0,R,0.0,R,3805.0,R,3404.0,R,89.0,R,34.0,R,0.0,R,34.0,R,29.0,R,85.0,R,18.0
100937,2013,R,356.0,R,384.0,R,93.0,R,327.0,R,1.0,R,326.0,R,262.0,R,80.0,A,,A,,A,,A,,A,,R,13.0
101028,2013,R,333.0,R,794.0,R,42.0,R,364.0,R,0.0,R,364.0,R,188.0,R,52.0,R,82.0,R,0.0,R,82.0,R,27.0,R,33.0,R,18.0
101073,2013,R,147.0,R,244.0,R,60.0,R,156.0,R,0.0,R,156.0,R,64.0,R,41.0,R,1.0,R,0.0,R,1.0,R,0.0,R,0.0,R,17.0
101116,2013,R,27.0,R,187.0,R,14.0,R,31.0,Z,0.0,R,31.0,R,6.0,R,19.0,R,7.0,Z,0.0,R,7.0,R,1.0,R,14.0,R,12.0
101143,2013,R,340.0,R,1015.0,R,33.0,R,292.0,R,0.0,R,292.0,R,158.0,R,54.0,R,60.0,R,0.0,R,60.0,R,27.0,R,45.0,R,18.0
101161,2013,R,1078.0,R,1906.0,R,57.0,R,971.0,R,0.0,R,971.0,R,506.0,R,52.0,R,206.0,R,0.0,R,206.0,R,82.0,R,40.0,R,25.0
101189,2013,R,287.0,R,915.0,R,31.0,R,346.0,R,0.0,R,346.0,R,173.0,R,50.0,R,23.0,R,0.0,R,23.0,R,10.0,R,43.0,R,15.0
101240,2013,R,1143.0,R,1985.0,R,58.0,R,993.0,R,0.0,R,993.0,R,555.0,R,56.0,R,326.0,R,0.0,R,326.0,R,126.0,R,39.0,R,20.0
101277,2013,A,,A,,A,,R,44.0,R,0.0,R,44.0,R,38.0,R,86.0,A,,A,,A,,A,,A,,R,17.0
101286,2013,R,840.0,R,1727.0,R,49.0,R,838.0,R,0.0,R,838.0,R,469.0,R,56.0,R,201.0,R,0.0,R,201.0,R,93.0,R,46.0,R,19.0
101295,2013,R,997.0,R,1750.0,R,57.0,R,950.0,R,0.0,R,950.0,R,605.0,R,64.0,R,181.0,R,0.0,R,181.0,R,98.0,R,54.0,R,17.0
101301,2013,R,371.0,R,670.0,R,55.0,R,337.0,R,0.0,R,337.0,R,179.0,R,53.0,R,44.0,R,0.0,R,44.0,R,12.0,R,27.0,R,17.0
101365,2013,R,25.0,R,117.0,R,21.0,R,2.0,R,0.0,R,2.0,R,1.0,R,50.0,R,0.0,Z,0.0,R,0.0,Z,0.0,A,,R,13.0
101435,2013,R,261.0,R,319.0,R,82.0,R,276.0,R,0.0,R,276.0,R,171.0,R,62.0,A,,A,,A,,A,,A,,R,14.0
101453,2013,R,7.0,R,25.0,R,28.0,R,2.0,Z,0.0,R,2.0,R,2.0,R,100.0,R,1.0,Z,0.0,R,1.0,R,0.0,R,0.0,R,5.0
101462,2013,R,142.0,R,766.0,R,19.0,R,123.0,R,0.0,R,123.0,R,52.0,R,42.0,R,68.0,R,0.0,R,68.0,R,14.0,R,21.0,R,19.0
101471,2013,R,246.0,R,293.0,R,84.0,R,190.0,R,0.0,R,190.0,R,118.0,R,62.0,R,52.0,R,0.0,R,52.0,R,17.0,R,33.0,R,12.0
101480,2013,R,1142.0,R,2083.0,R,55.0,R,1302.0,R,0.0,R,1302.0,R,926.0,R,71.0,R,30.0,R,0.0,R,30.0,R,9.0,R,30.0,R,18.0
101499,2013,R,246.0,R,454.0,R,54.0,R,274.0,Z,0.0,R,274.0,R,142.0,R,52.0,R,46.0,Z,0.0,R,46.0,R,21.0,R,46.0,R,17.0
101505,2013,R,1053.0,R,3349.0,R,31.0,R,1062.0,R,0.0,R,1062.0,R,556.0,R,52.0,R,530.0,R,0.0,R,530.0,R,234.0,R,44.0,R,22.0
101514,2013,R,1225.0,R,3748.0,R,33.0,R,1370.0,R,1.0,R,1369.0,R,787.0,R,57.0,R,829.0,R,0.0,R,829.0,R,388.0,R,47.0,R,26.0
101541,2013,R,66.0,R,115.0,R,57.0,R,77.0,Z,0.0,R,77.0,R,46.0,R,60.0,R,0.0,Z,0.0,R,0.0,R,0.0,A,,R,8.0
101569,2013,R,585.0,R,1099.0,R,53.0,R,617.0,R,0.0,R,617.0,R,324.0,R,53.0,R,154.0,R,0.0,R,154.0,R,37.0,R,24.0,R,17.0
101587,2013,R,375.0,R,637.0,R,59.0,R,365.0,R,0.0,R,365.0,R,211.0,R,58.0,R,13.0,R,0.0,R,13.0,R,7.0,R,54.0,R,16.0
101602,2013,R,410.0,R,730.0,R,56.0,R,349.0,R,0.0,R,349.0,R,199.0,R,57.0,R,43.0,R,0.0,R,43.0,R,15.0,R,35.0,R,17.0
101648,2013,R,249.0,R,281.0,R,89.0,R,244.0,R,0.0,R,244.0,R,93.0,R,38.0,A,,A,,A,,A,,A,,R,16.0
101675,2013,R,404.0,R,562.0,R,72.0,R,431.0,R,0.0,R,431.0,R,236.0,R,55.0,R,12.0,R,0.0,R,12.0,R,3.0,R,25.0,R,15.0
101693,2013,R,258.0,R,393.0,R,66.0,R,220.0,R,0.0,R,220.0,R,170.0,R,77.0,R,3.0,R,0.0,R,3.0,R,0.0,R,0.0,R,13.0
101709,2013,R,519.0,R,708.0,R,73.0,R,539.0,R,0.0,R,539.0,R,397.0,R,74.0,R,13.0,R,0.0,R,13.0,R,9.0,R,69.0,R,16.0
101736,2013,R,668.0,R,1486.0,R,45.0,R,722.0,R,0.0,R,722.0,R,380.0,R,53.0,R,138.0,R,0.0,R,138.0,R,43.0,R,31.0,R,21.0
101879,2013,R,953.0,R,1683.0,R,57.0,R,1051.0,R,0.0,R,1051.0,R,744.0,R,71.0,R,21.0,R,0.0,R,21.0,R,7.0,R,33.0,R,21.0
101897,2013,R,538.0,R,1107.0,R,49.0,R,604.0,R,0.0,R,604.0,R,371.0,R,61.0,R,137.0,Z,0.0,R,137.0,R,66.0,R,48.0,R,20.0
101912,2013,R,364.0,R,446.0,R,82.0,R,386.0,R,0.0,R,386.0,R,304.0,R,79.0,R,0.0,R,0.0,R,0.0,R,0.0,A,,R,14.0
101949,2013,R,427.0,R,687.0,R,62.0,R,363.0,R,0.0,R,363.0,R,206.0,R,57.0,R,55.0,R,0.0,R,55.0,R,30.0,R,55.0,R,17.0
101958,2013,R,4.0,R,4.0,R,100.0,R,6.0,Z,0.0,R,6.0,R,5.0,R,83.0,A,,A,,A,,A,,A,,R,15.0
101994,2013,R,68.0,R,234.0,R,29.0,R,84.0,R,0.0,R,84.0,R,41.0,R,49.0,R,10.0,R,0.0,R,10.0,R,4.0,R,40.0,R,12.0
102030,2013,R,835.0,R,1751.0,R,48.0,R,740.0,R,0.0,R,740.0,R,305.0,R,41.0,R,209.0,R,0.0,R,209.0,R,61.0,R,29.0,R,23.0
102049,2013,R,755.0,R,925.0,R,82.0,R,701.0,R,0.0,R,701.0,R,608.0,R,87.0,R,7.0,R,0.0,R,7.0,R,7.0,R,100.0,R,12.0
102058,2013,R,190.0,R,437.0,R,43.0,R,119.0,Z,0.0,R,119.0,R,50.0,R,42.0,R,17.0,R,0.0,R,17.0,R,3.0,R,18.0,R,15.0
102067,2013,R,877.0,R,1942.0,R,45.0,R,855.0,R,0.0,R,855.0,R,500.0,R,58.0,R,354.0,R,0.0,R,354.0,R,130.0,R,37.0,R,22.0
102076,2013,R,656.0,R,990.0,R,66.0,R,651.0,R,0.0,R,651.0,R,387.0,R,59.0,R,98.0,R,0.0,R,98.0,R,39.0,R,40.0,R,23.0
102094,2013,R,1834.0,R,2879.0,R,64.0,R,1886.0,R,0.0,R,1886.0,R,1280.0,R,68.0,R,56.0,R,0.0,R,56.0,R,20.0,R,36.0,R,19.0
102234,2013,R,432.0,R,499.0,R,87.0,R,295.0,R,0.0,R,295.0,R,223.0,R,76.0,R,0.0,R,0.0,R,0.0,R,0.0,A,,R,13.0
102261,2013,R,16.0,R,47.0,R,34.0,R,14.0,R,0.0,R,14.0,R,9.0,R,64.0,R,0.0,R,0.0,R,0.0,R,0.0,A,,R,12.0
102270,2013,R,163.0,R,244.0,R,67.0,R,276.0,R,0.0,R,276.0,R,169.0,R,61.0,R,18.0,R,0.0,R,18.0,R,2.0,R,11.0,R,14.0
102298,2013,R,256.0,R,319.0,R,80.0,R,207.0,R,0.0,R,207.0,R,68.0,R,33.0,R,12.0,R,0.0,R,12.0,R,8.0,R,67.0,R,20.0
102313,2013,R,201.0,R,534.0,R,38.0,R,241.0,R,0.0,R,241.0,R,120.0,R,50.0,R,89.0,R,0.0,R,89.0,R,36.0,R,40.0,R,12.0
102368,2013,R,1613.0,R,3452.0,R,47.0,R,1444.0,R,0.0,R,1444.0,R,1067.0,R,74.0,R,643.0,R,0.0,R,643.0,R,272.0,R,42.0,R,17.0
102377,2013,R,645.0,R,714.0,R,90.0,R,649.0,R,0.0,R,649.0,R,470.0,R,72.0,R,1.0,R,0.0,R,1.0,R,1.0,R,100.0,R,13.0
102395,2013,A,,A,,A,,A,,A,,A,,A,,A,,A,,A,,A,,A,,A,,R,8.0
102429,2013,R,753.0,R,1355.0,R,56.0,R,747.0,R,0.0,R,747.0,R,434.0,R,58.0,R,136.0,R,0.0,R,136.0,R,49.0,R,36.0,R,17.0
102553,2013,R,1411.0,R,2801.0,R,50.0,R,1004.0,R,0.0,R,1004.0,R,709.0,R,71.0,R,285.0,R,0.0,R,285.0,R,155.0,R,54.0,R,20.0
102580,2013,R,12.0,R,18.0,R,67.0,R,5.0,R,0.0,R,5.0,R,3.0,R,60.0,R,0.0,R,0.0,R,0.0,R,0.0,A,,R,8.0
102614,2013,R,775.0,R,2097.0,R,37.0,R,441.0,R,0.0,R,441.0,R,339.0,R,77.0,R,27.0,R,0.0,R,27.0,R,11.0,R,41.0,R,14.0
102632,2013,R,159.0,R,640.0,R,25.0,R,95.0,R,0.0,R,95.0,R,68.0,R,72.0,R,7.0,R,0.0,R,7.0,R,4.0,R,57.0,R,16.0
102669,2013,R,31.0,R,137.0,R,23.0,R,27.0,R,0.0,R,27.0,R,18.0,R,67.0,R,1.0,Z,0.0,R,1.0,R,1.0,R,100.0,R,8.0
102711,2013,A,,A,,A,,R,284.0,R,0.0,R,284.0,R,284.0,R,100.0,R,656.0,R,0.0,R,656.0,R,656.0,R,100.0,R,15.0
102845,2013,A,,A,,A,,R,60.0,R,0.0,R,60.0,R,26.0,R,43.0,A,,A,,A,,A,,A,,R,9.0
103361,2013,R,5.0,R,78.0,R,6.0,R,10.0,R,0.0,R,10.0,R,4.0,R,40.0,R,2.0,R,0.0,R,2.0,R,0.0,R,0.0,R,24.0
103501,2013,A,,A,,A,,R,203.0,R,0.0,R,203.0,R,167.0,R,82.0,A,,A,,A,,A,,A,,R,16.0
103644,2013,A,,A,,A,,R,0.0,R,0.0,R,0.0,R,0.0,A,,R,1.0,R,0.0,R,1.0,R,1.0,R,100.0,R,20.0
103723,2013,A,,A,,A,,A,,A,,A,,A,,A,,A,,A,,A,,A,,A,,R,10.0
103732,2013,A,,A,,A,,R,25.0,R,0.0,R,25.0,R,17.0,R,68.0,R,4.0,R,0.0,R,4.0,R,3.0,R,75.0,R,10.0
103741,2013,A,,A,,A,,R,55.0,R,0.0,R,55.0,R,40.0,R,73.0,R,12.0,R,0.0,R,12.0,R,7.0,R,58.0,R,20.0
103778,2013,A,,A,,A,,A,,A,,A,,A,,A,,R,0.0,R,0.0,R,0.0,R,0.0,A,,R,20.0
103787,2013,R,15.0,R,20.0,R,75.0,R,6.0,R,0.0,R,6.0,R,4.0,R,67.0,A,,A,,A,,A,,A,,R,6.0
103811,2013,A,,A,,A,,A,,A,,A,,A,,A,,A,,A,,A,,A,,A,,R,4.0
103893,2013,A,,A,,A,,R,0.0,R,0.0,R,0.0,R,0.0,A,,A,,A,,A,,A,,A,,R,35.0
103909,2013,A,,A,,A,,R,78.0,Z,0.0,R,78.0,R,56.0,R,72.0,R,0.0,R,0.0,R,0.0,R,0.0,A,,R,26.0
103927,2013,A,,A,,A,,R,77.0,Z,0.0,R,77.0,R,56.0,R,73.0,A,,A,,A,,A,,A,,R,37.0
103945,2013,A,,A,,A,,R,23.0,R,0.0,R,23.0,R,15.0,R,65.0,A,,A,,A,,A,,A,,R,15.0
103954,2013,A,,A,,A,,R,3.0,R,0.0,R,3.0,R,3.0,R,100.0,A,,A,,A,,A,,A,,R,20.0
103963,2013,A,,A,,A,,R,195.0,R,0.0,R,195.0,R,114.0,R,58.0,A,,A,,A,,A,,A,,R,27.0
104090,2013,A,,A,,A,,R,85.0,R,0.0,R,85.0,R,38.0,R,45.0,R,0.0,R,0.0,R,0.0,R,0.0,A,,R,30.0
104151,2013,R,7114.0,R,10751.0,R,66.0,R,6450.0,R,128.0,R,6322.0,R,5336.0,R,84.0,R,107.0,R,3.0,R,104.0,R,42.0,R,40.0,R,23.0
104160,2013,R,844.0,R,2202.0,R,38.0,R,917.0,R,0.0,R,917.0,R,573.0,R,62.0,R,1065.0,R,0.0,R,1065.0,R,435.0,R,41.0,R,22.0
104179,2013,R,6272.0,R,8953.0,R,70.0,R,6955.0,R,0.0,R,6955.0,R,5667.0,R,81.0,R,446.0,R,0.0,R,446.0,R,262.0,R,59.0,R,21.0
104188,2013,R,30.0,R,55.0,R,55.0,R,13.0,R,0.0,R,13.0,R,11.0,R,85.0,R,11.0,R,0.0,R,11.0,R,7.0,R,64.0,R,9.0
104294,2013,A,,A,,A,,R,47.0,R,0.0,R,47.0,R,32.0,R,68.0,R,13.0,R,0.0,R,13.0,R,8.0,R,62.0,R,8.0
104346,2013,R,544.0,R,2481.0,R,22.0,R,590.0,R,0.0,R,590.0,R,291.0,R,49.0,R,687.0,R,0.0,R,687.0,R,177.0,R,26.0,R,17.0
104364,2013,R,80.0,R,196.0,R,41.0,R,4.0,Z,0.0,R,4.0,Z,0.0,R,0.0,A,,A,,A,,A,,A,,R,9.0
104391,2013,A,,A,,A,,R,76.0,R,0.0,R,76.0,R,71.0,R,93.0,A,,A,,A,,A,,A,,R,18.0
104425,2013,R,494.0,R,1202.0,R,41.0,R,418.0,R,0.0,R,418.0,R,234.0,R,56.0,R,306.0,R,0.0,R,306.0,R,114.0,R,37.0,R,15.0
104434,2013,A,,A,,A,,R,26.0,R,0.0,R,26.0,R,19.0,R,73.0,A,,A,,A,,A,,A,,R,16.0
104443,2013,A,,A,,A,,R,28.0,R,0.0,R,28.0,R,18.0,R,64.0,R,9.0,R,0.0,R,9.0,R,6.0,R,67.0,R,17.0
104504,2013,A,,A,,A,,R,38.0,R,0.0,R,38.0,R,32.0,R,84.0,R,23.0,R,0.0,R,23.0,R,19.0,R,83.0,R,25.0
104568,2013,A,,A,,A,,R,132.0,R,1.0,R,131.0,R,112.0,R,85.0,R,95.0,R,2.0,R,93.0,R,62.0,R,67.0,R,16.0
104577,2013,R,502.0,R,1382.0,R,36.0,R,645.0,R,87.0,R,558.0,R,302.0,R,54.0,R,800.0,R,96.0,R,704.0,R,326.0,R,46.0,R,19.0
104586,2013,R,443.0,R,562.0,R,79.0,R,374.0,R,2.0,R,372.0,R,308.0,R,83.0,R,1.0,R,0.0,R,1.0,R,0.0,R,0.0,R,16.0
104665,2013,A,,A,,A,,A,,A,,A,,A,,A,,A,,A,,A,,A,,A,,R,3.0
104708,2013,R,2057.0,R,5796.0,R,35.0,R,2227.0,R,0.0,R,2227.0,R,1324.0,R,59.0,R,1473.0,R,0.0,R,1473.0,R,584.0,R,40.0,R,21.0
104717,2013,R,1554.0,R,12687.0,R,12.0,R,1264.0,Z,0.0,R,1264.0,R,743.0,R,59.0,R,2226.0,Z,0.0,R,2226.0,R,600.0,R,27.0,R,21.0
104805,2013,A,,A,,A,,R,32.0,R,0.0,R,32.0,R,28.0,R,88.0,A,,A,,A,,A,,A,,R,30.0
104911,2013,A,,A,,A,,R,63.0,R,0.0,R,63.0,R,40.0,R,63.0,A,,A,,A,,A,,A,,R,15.0
105118,2013,A,,A,,A,,R,36.0,R,0.0,R,36.0,R,28.0,R,78.0,A,,A,,A,,A,,A,,R,17.0
105145,2013,R,334.0,R,2024.0,R,17.0,R,309.0,R,0.0,R,309.0,R,171.0,R,55.0,R,393.0,R,0.0,R,393.0,R,158.0,R,40.0,R,14.0
105154,2013,R,1942.0,R,6419.0,R,30.0,R,2124.0,R,0.0,R,2124.0,R,1196.0,R,56.0,R,1741.0,R,0.0,R,1741.0,R,603.0,R,35.0,R,19.0
105163,2013,R,44.0,R,68.0,R,65.0,R,0.0,R,0.0,R,0.0,R,0.0,A,,R,0.0,R,0.0,R,0.0,R,0.0,A,,R,31.0
105172,2013,R,73.0,R,91.0,R,80.0,R,1.0,R,0.0,R,1.0,R,0.0,R,0.0,R,1.0,R,0.0,R,1.0,R,0.0,R,0.0,R,30.0
105206,2013,R,231.0,R,1513.0,R,15.0,R,227.0,Z,0.0,R,227.0,R,120.0,R,53.0,R,685.0,Z,0.0,R,685.0,R,303.0,R,44.0,R,16.0
105215,2013,A,,A,,A,,R,414.0,R,3.0,R,411.0,R,326.0,R,79.0,A,,A,,A,,A,,A,,R,23.0
105297,2013,R,210.0,R,321.0,R,65.0,R,5.0,R,0.0,R,5.0,R,4.0,R,80.0,R,0.0,R,0.0,R,0.0,R,0.0,A,,R,14.0
105330,2013,R,4348.0,R,7260.0,R,60.0,R,4092.0,R,2.0,R,4090.0,R,2936.0,R,72.0,R,105.0,R,0.0,R,105.0,R,46.0,R,44.0,R,19.0
105349,2013,R,54.0,R,838.0,R,6.0,R,87.0,R,0.0,R,87.0,R,23.0,R,26.0,R,125.0,R,0.0,R,125.0,R,35.0,R,28.0,R,13.0
105367,2013,A,,A,,A,,A,,A,,A,,A,,A,,R,4.0,R,0.0,R,4.0,R,1.0,R,25.0,R,6.0
105428,2013,R,733.0,R,3938.0,R,19.0,R,731.0,R,0.0,R,731.0,R,441.0,R,60.0,R,897.0,R,0.0,R,897.0,R,302.0,R,34.0,R,17.0
105482,2013,A,,A,,A,,A,,A,,A,,A,,A,,A,,A,,A,,A,,A,,R,20.0
105516,2013,A,,A,,A,,R,76.0,R,0.0,R,76.0,R,35.0,R,46.0,A,,A,,A,,A,,A,,R,21.0
105525,2013,R,2675.0,R,8694.0,R,31.0,R,2746.0,R,0.0,R,2746.0,R,1667.0,R,61.0,R,2676.0,R,0.0,R,2676.0,R,986.0,R,37.0,R,25.0
105534,2013,A,,A,,A,,R,108.0,R,0.0,R,108.0,R,87.0,R,81.0,A,,A,,A,,A,,A,,R,25.0
105543,2013,A,,A,,A,,R,177.0,R,0.0,R,177.0,R,129.0,R,73.0,A,,A,,A,,A,,A,,R,25.0
105589,2013,R,40.0,R,141.0,R,28.0,R,64.0,R,0.0,R,64.0,R,47.0,R,73.0,A,,A,,A,,A,,A,,R,9.0
105659,2013,A,,A,,A,,R,160.0,R,0.0,R,160.0,R,111.0,R,69.0,A,,A,,A,,A,,A,,R,31.0
105668,2013,R,172.0,R,5016.0,R,3.0,R,265.0,R,0.0,R,265.0,R,51.0,R,19.0,R,716.0,R,0.0,R,716.0,R,117.0,R,16.0,R,32.0
105677,2013,A,,A,,A,,A,,A,,A,,A,,A,,A,,A,,A,,A,,A,,R,6.0
105701,2013,A,,A,,A,,R,49.0,R,2.0,R,47.0,R,35.0,R,74.0,A,,A,,A,,A,,A,,R,12.0
105747,2013,R,898.0,R,3080.0,R,29.0,R,1022.0,R,0.0,R,1022.0,R,589.0,R,58.0,R,484.0,R,0.0,R,484.0,R,184.0,R,38.0,R,18.0
105792,2013,R,439.0,R,1562.0,R,28.0,R,456.0,R,0.0,R,456.0,R,271.0,R,59.0,R,354.0,R,0.0,R,354.0,R,98.0,R,28.0,R,17.0
105899,2013,R,90.0,R,251.0,R,36.0,R,94.0,R,0.0,R,94.0,R,64.0,R,68.0,R,1.0,R,0.0,R,1.0,R,0.0,R,0.0,R,13.0
105987,2013,A,,A,,A,,R,127.0,Z,0.0,R,127.0,R,95.0,R,75.0,A,,A,,A,,A,,A,,R,18.0
106041,2013,A,,A,,A,,R,488.0,R,4.0,R,484.0,R,342.0,R,71.0,A,,A,,A,,A,,A,,R,27.0
106102,2013,A,,A,,A,,R,28.0,R,0.0,R,28.0,R,5.0,R,18.0,A,,A,,A,,A,,A,,R,14.0
106111,2013,A,,A,,A,,R,76.0,R,0.0,R,76.0,R,50.0,R,66.0,R,23.0,R,0.0,R,23.0,R,15.0,R,65.0,R,21.0
106148,2013,R,440.0,R,2213.0,R,20.0,R,302.0,R,0.0,R,302.0,R,189.0,R,63.0,R,547.0,R,0.0,R,547.0,R,191.0,R,35.0,R,19.0
106245,2013,R,633.0,R,2661.0,R,24.0,R,806.0,R,0.0,R,806.0,R,562.0,R,70.0,R,30.0,R,0.0,R,30.0,R,14.0,R,47.0,R,14.0
106263,2013,A,,A,,A,,A,,A,,A,,A,,A,,A,,A,,A,,A,,A,,R,7.0
106281,2013,A,,A,,A,,R,22.0,R,0.0,R,22.0,R,12.0,R,55.0,R,0.0,R,0.0,R,0.0,R,0.0,A,,R,11.0
106306,2013,R,206.0,R,372.0,R,55.0,R,258.0,R,2.0,R,256.0,R,101.0,R,39.0,R,24.0,R,0.0,R,24.0,R,3.0,R,13.0,R,20.0
106315,2013,A,,A,,A,,R,7.0,R,0.0,R,7.0,R,4.0,R,57.0,R,0.0,R,0.0,R,0.0,R,0.0,A,,R,10.0
106324,2013,A,,A,,A,,R,24.0,R,0.0,R,24.0,R,16.0,R,67.0,R,0.0,R,0.0,R,0.0,R,0.0,A,,R,11.0
106342,2013,R,174.0,R,230.0,R,76.0,R,159.0,R,0.0,R,159.0,R,111.0,R,70.0,A,,A,,A,,A,,A,,R,12.0
106351,2013,A,,A,,A,,R,8.0,Z,0.0,R,8.0,R,6.0,R,75.0,A,,A,,A,,A,,A,,R,20.0
106360,2013,A,,A,,A,,R,20.0,R,0.0,R,20.0,R,16.0,R,80.0,A,,A,,A,,A,,A,,R,17.0
106397,2013,R,4300.0,R,5761.0,R,75.0,R,4550.0,R,2.0,R,4548.0,R,3734.0,R,82.0,R,24.0,R,0.0,R,24.0,R,13.0,R,54.0,R,19.0
106412,2013,R,557.0,R,727.0,R,77.0,R,564.0,R,0.0,R,564.0,R,317.0,R,56.0,R,11.0,R,0.0,R,11.0,R,1.0,R,9.0,R,15.0
106449,2013,R,779.0,R,1070.0,R,73.0,R,884.0,R,0.0,R,884.0,R,485.0,R,55.0,R,90.0,R,0.0,R,90.0,R,40.0,R,44.0,R,18.0
106458,2013,R,1575.0,R,2517.0,R,63.0,R,1633.0,R,0.0,R,1633.0,R,1194.0,R,73.0,R,38.0,R,0.0,R,38.0,R,16.0,R,42.0,R,18.0
106467,2013,R,1678.0,R,2405.0,R,70.0,R,1443.0,R,0.0,R,1443.0,R,1001.0,R,69.0,R,41.0,R,0.0,R,41.0,R,28.0,R,68.0,R,20.0
106485,2013,R,623.0,R,1384.0,R,45.0,R,582.0,R,2.0,R,580.0,R,246.0,R,42.0,R,17.0,R,0.0,R,17.0,R,6.0,R,35.0,R,17.0
106494,2013,A,,A,,A,,R,15.0,R,0.0,R,15.0,R,9.0,R,60.0,A,,A,,A,,A,,A,,R,16.0
106546,2013,A,,A,,A,,R,24.0,R,0.0,R,24.0,R,15.0,R,63.0,A,,A,,A,,A,,A,,R,13.0
106625,2013,R,344.0,R,517.0,R,67.0,R,389.0,R,0.0,R,389.0,R,230.0,R,59.0,R,71.0,R,0.0,R,71.0,R,34.0,R,48.0,R,17.0
106704,2013,R,2177.0,R,2842.0,R,77.0,R,2130.0,R,0.0,R,2130.0,R,1486.0,R,70.0,R,27.0,R,0.0,R,27.0,R,13.0,R,48.0,R,17.0
106713,2013,R,119.0,R,282.0,R,42.0,R,52.0,R,0.0,R,52.0,R,35.0,R,67.0,R,2.0,R,0.0,R,2.0,R,0.0,R,0.0,R,12.0
106795,2013,R,255.0,R,675.0,R,38.0,R,195.0,R,0.0,R,195.0,R,115.0,R,59.0,R,78.0,R,0.0,R,78.0,R,35.0,R,45.0,R,18.0
106810,2013,R,44.0,R,79.0,R,56.0,R,62.0,R,0.0,R,62.0,R,41.0,R,66.0,R,0.0,R,0.0,R,0.0,R,0.0,A,,R,10.0
106829,2013,A,,A,,A,,R,75.0,R,1.0,R,74.0,R,43.0,R,58.0,R,8.0,R,0.0,R,8.0,R,8.0,R,100.0,R,8.0
106883,2013,R,224.0,R,668.0,R,34.0,R,292.0,R,2.0,R,290.0,R,131.0,R,45.0,R,21.0,R,0.0,R,21.0,R,8.0,R,38.0,R,17.0
106892,2013,A,,A,,A,,A,,A,,A,,A,,A,,A,,A,,A,,A,,A,,R,38.0
106908,2013,A,,A,,A,,R,35.0,R,0.0,R,35.0,R,24.0,R,69.0,R,7.0,R,0.0,R,7.0,R,5.0,R,71.0,R,17.0
106980,2013,R,410.0,R,721.0,R,57.0,R,377.0,R,3.0,R,374.0,R,182.0,R,49.0,R,132.0,R,0.0,R,132.0,R,43.0,R,33.0,R,21.0
106999,2013,R,258.0,R,370.0,R,70.0,R,197.0,R,0.0,R,197.0,R,94.0,R,48.0,R,37.0,R,0.0,R,37.0,R,17.0,R,46.0,R,17.0
107044,2013,R,1030.0,R,1260.0,R,82.0,R,1019.0,R,0.0,R,1019.0,R,839.0,R,82.0,R,3.0,R,0.0,R,3.0,R,2.0,R,67.0,R,17.0
107071,2013,R,698.0,R,1002.0,R,70.0,R,775.0,R,0.0,R,775.0,R,443.0,R,57.0,R,6.0,R,0.0,R,6.0,R,0.0,R,0.0,R,15.0
107080,2013,R,450.0,R,469.0,R,96.0,R,369.0,R,0.0,R,369.0,R,324.0,R,88.0,A,,A,,A,,A,,A,,R,11.0
107099,2013,A,,A,,A,,R,3.0,R,0.0,R,3.0,R,3.0,R,100.0,A,,A,,A,,A,,A,,R,11.0
107123,2013,A,,A,,A,,A,,A,,A,,A,,A,,A,,A,,A,,A,,A,,R,9.0
107141,2013,R,303.0,R,721.0,R,42.0,R,318.0,R,0.0,R,318.0,R,262.0,R,82.0,A,,A,,A,,A,,A,,R,15.0
107211,2013,A,,A,,A,,R,9.0,R,0.0,R,9.0,R,5.0,R,56.0,A,,A,,A,,A,,A,,R,20.0
107220,2013,A,,A,,A,,R,189.0,R,2.0,R,187.0,R,126.0,R,67.0,R,127.0,R,0.0,R,127.0,R,110.0,R,87.0,R,14.0
107275,2013,A,,A,,A,,R,5.0,Z,0.0,R,5.0,R,5.0,R,100.0,A,,A,,A,,A,,A,,R,13.0
107293,2013,A,,A,,A,,R,32.0,R,0.0,R,32.0,R,25.0,R,78.0,A,,A,,A,,A,,A,,R,13.0
107318,2013,R,238.0,R,682.0,R,35.0,R,230.0,R,0.0,R,230.0,R,92.0,R,40.0,R,101.0,R,0.0,R,101.0,R,33.0,R,33.0,R,14.0
107327,2013,R,223.0,R,524.0,R,43.0,R,233.0,R,0.0,R,233.0,R,132.0,R,57.0,R,101.0,R,0.0,R,101.0,R,32.0,R,32.0,R,13.0
107363,2013,A,,A,,A,,R,13.0,R,0.0,R,13.0,R,9.0,R,69.0,A,,A,,A,,A,,A,,R,25.0
107442,2013,A,,A,,A,,R,49.0,R,0.0,R,49.0,R,42.0,R,86.0,A,,A,,A,,A,,A,,R,20.0
107460,2013,R,375.0,R,650.0,R,58.0,R,388.0,R,0.0,R,388.0,R,197.0,R,51.0,R,67.0,R,0.0,R,67.0,R,25.0,R,37.0,R,16.0
107488,2013,A,,A,,A,,R,227.0,R,5.0,R,222.0,R,68.0,R,31.0,R,10.0,R,0.0,R,10.0,R,1.0,R,10.0,R,5.0
107512,2013,R,393.0,R,459.0,R,86.0,R,363.0,R,0.0,R,363.0,R,277.0,R,76.0,A,,A,,A,,A,,A,,R,12.0
107521,2013,R,120.0,R,281.0,R,43.0,R,120.0,R,1.0,R,119.0,R,58.0,R,49.0,R,19.0,R,0.0,R,19.0,R,6.0,R,32.0,R,19.0
107549,2013,R,218.0,R,983.0,R,22.0,R,251.0,Z,0.0,R,251.0,R,135.0,R,54.0,R,47.0,R,0.0,R,47.0,R,13.0,R,28.0,R,18.0
107558,2013,R,159.0,R,173.0,R,92.0,R,157.0,R,0.0,R,157.0,R,109.0,R,69.0,R,0.0,R,0.0,R,0.0,R,0.0,A,,R,10.0
107585,2013,R,467.0,R,845.0,R,55.0,R,414.0,R,1.0,R,413.0,R,226.0,R,55.0,R,140.0,R,0.0,R,140.0,R,57.0,R,41.0,R,19.0
107600,2013,R,134.0,R,178.0,R,75.0,R,162.0,R,0.0,R,162.0,R,88.0,R,54.0,R,6.0,R,0.0,R,6.0,R,1.0,R,17.0,R,10.0
107619,2013,R,198.0,R,356.0,R,56.0,R,194.0,R,0.0,R,194.0,R,108.0,R,56.0,R,32.0,R,0.0,R,32.0,R,7.0,R,22.0,R,12.0
107637,2013,R,251.0,R,458.0,R,55.0,R,221.0,R,0.0,R,221.0,R,100.0,R,45.0,R,56.0,R,0.0,R,56.0,R,12.0,R,21.0,R,17.0
107655,2013,A,,A,,A,,R,13.0,R,0.0,R,13.0,R,11.0,R,85.0,A,,A,,A,,A,,A,,R,18.0
107664,2013,R,1053.0,R,2711.0,R,39.0,R,1177.0,Z,0.0,R,1177.0,R,606.0,R,51.0,R,505.0,R,0.0,R,505.0,R,250.0,R,50.0,R,23.0
107725,2013,R,235.0,R,589.0,R,40.0,R,312.0,R,0.0,R,312.0,R,165.0,R,53.0,R,68.0,R,0.0,R,68.0,R,21.0,R,31.0,R,18.0
107743,2013,R,137.0,R,389.0,R,35.0,R,148.0,R,0.0,R,148.0,R,82.0,R,55.0,R,15.0,R,0.0,R,15.0,R,4.0,R,27.0,R,17.0
107789,2013,A,,A,,A,,R,7.0,R,0.0,R,7.0,R,5.0,R,71.0,R,2.0,R,0.0,R,2.0,R,0.0,R,0.0,R,14.0
107831,2013,A,,A,,A,,R,9.0,R,0.0,R,9.0,R,6.0,R,67.0,A,,A,,A,,A,,A,,R,34.0
107840,2013,R,93.0,R,330.0,R,28.0,R,52.0,R,0.0,R,52.0,R,43.0,R,83.0,R,0.0,R,0.0,R,0.0,R,0.0,A,,R,28.0
107877,2013,R,154.0,R,253.0,R,61.0,R,131.0,R,0.0,R,131.0,R,77.0,R,59.0,A,,A,,A,,A,,A,,R,13.0
107974,2013,R,161.0,R,672.0,R,24.0,R,170.0,Z,0.0,R,170.0,R,86.0,R,51.0,R,44.0,Z,0.0,R,44.0,R,17.0,R,39.0,R,15.0
107983,2013,R,658.0,R,889.0,R,74.0,R,586.0,R,0.0,R,586.0,R,377.0,R,64.0,R,12.0,R,0.0,R,12.0,R,2.0,R,17.0,R,16.0
107992,2013,R,207.0,R,346.0,R,60.0,R,209.0,R,0.0,R,209.0,R,120.0,R,57.0,R,36.0,R,0.0,R,36.0,R,17.0,R,47.0,R,21.0
108065,2013,A,,A,,A,,R,15.0,R,0.0,R,15.0,R,4.0,R,27.0,R,3.0,R,0.0,R,3.0,R,1.0,R,33.0,R,11.0
108092,2013,R,1265.0,R,2262.0,R,56.0,R,785.0,Z,0.0,R,785.0,R,488.0,R,62.0,R,27.0,R,0.0,R,27.0,R,10.0,R,37.0,R,18.0
108232,2013,R,667.0,R,1943.0,R,34.0,R,669.0,R,0.0,R,669.0,R,475.0,R,71.0,R,305.0,R,0.0,R,305.0,R,126.0,R,41.0,R,16.0
108250,2013,R,42.0,R,52.0,R,81.0,R,0.0,R,0.0,R,0.0,R,0.0,A,,R,0.0,R,0.0,R,0.0,R,0.0,A,,R,17.0
108348,2013,A,,A,,A,,R,58.0,R,0.0,R,58.0,R,43.0,R,74.0,A,,A,,A,,A,,A,,R,5.0
108649,2013,A,,A,,A,,R,38.0,R,0.0,R,38.0,R,28.0,R,74.0,R,45.0,R,0.0,R,45.0,R,35.0,R,78.0,R,13.0
108667,2013,R,195.0,R,2186.0,R,9.0,R,148.0,Z,0.0,R,148.0,R,92.0,R,62.0,R,595.0,Z,0.0,R,595.0,R,214.0,R,36.0,R,24.0
108807,2013,R,917.0,R,2963.0,R,31.0,R,898.0,Z,0.0,R,898.0,R,647.0,R,72.0,R,877.0,Z,0.0,R,877.0,R,401.0,R,46.0,R,25.0
108852,2013,R,134.0,R,134.0,R,100.0,R,109.0,R,0.0,R,109.0,R,69.0,R,63.0,A,,A,,A,,A,,A,,R,13.0
108977,2013,A,,A,,A,,R,8.0,R,0.0,R,8.0,R,8.0,R,100.0,R,7.0,R,0.0,R,7.0,R,7.0,R,100.0,R,26.0
109040,2013,A,,A,,A,,R,209.0,R,0.0,R,209.0,R,134.0,R,64.0,A,,A,,A,,A,,A,,R,16.0
109208,2013,R,1434.0,R,8412.0,R,17.0,R,1188.0,Z,0.0,R,1188.0,R,811.0,R,68.0,R,2383.0,Z,0.0,R,2383.0,R,1043.0,R,44.0,R,28.0
109332,2013,A,,A,,A,,R,26.0,R,0.0,R,26.0,R,20.0,R,77.0,A,,A,,A,,A,,A,,R,24.0
109350,2013,R,978.0,R,3605.0,R,27.0,R,901.0,Z,0.0,R,901.0,R,669.0,R,74.0,R,1354.0,Z,0.0,R,1354.0,R,561.0,R,41.0,R,27.0
109651,2013,R,164.0,R,382.0,R,43.0,R,159.0,R,1.0,R,158.0,R,127.0,R,80.0,A,,A,,A,,A,,A,,R,9.0
109721,2013,A,,A,,A,,R,126.0,R,0.0,R,126.0,R,85.0,R,67.0,A,,A,,A,,A,,A,,R,28.0
109730,2013,A,,A,,A,,A,,A,,A,,A,,A,,A,,A,,A,,A,,A,,R,15.0
109785,2013,R,1217.0,R,1883.0,R,65.0,R,1247.0,R,0.0,R,1247.0,R,1026.0,R,82.0,R,3.0,R,0.0,R,3.0,R,1.0,R,33.0,R,14.0
109819,2013,R,1578.0,R,4773.0,R,33.0,R,1336.0,Z,0.0,R,1336.0,R,952.0,R,71.0,R,1561.0,Z,0.0,R,1561.0,R,765.0,R,49.0,R,31.0
109907,2013,R,265.0,R,1298.0,R,20.0,R,231.0,Z,0.0,R,231.0,R,124.0,R,54.0,R,322.0,Z,0.0,R,322.0,R,82.0,R,25.0,R,29.0
109934,2013,A,,A,,A,,R,14.0,R,0.0,R,14.0,R,12.0,R,86.0,A,,A,,A,,A,,A,,R,14.0
110060,2013,R,63.0,R,71.0,R,89.0,R,28.0,R,0.0,R,28.0,R,26.0,R,93.0,R,4.0,R,0.0,R,4.0,R,3.0,R,75.0,R,6.0
110097,2013,R,900.0,R,1222.0,R,74.0,R,914.0,R,0.0,R,914.0,R,777.0,R,85.0,R,0.0,R,0.0,R,0.0,R,0.0,A,,R,17.0
110185,2013,R,33.0,R,109.0,R,30.0,R,66.0,Z,0.0,R,66.0,R,51.0,R,77.0,R,53.0,Z,0.0,R,53.0,R,31.0,R,58.0,R,9.0
110194,2013,A,,A,,A,,R,32.0,R,0.0,R,32.0,R,31.0,R,97.0,A,,A,,A,,A,,A,,R,10.0
110219,2013,R,158.0,R,158.0,R,100.0,R,0.0,R,0.0,R,0.0,R,0.0,A,,A,,A,,A,,A,,A,,R,20.0
110246,2013,R,1299.0,R,3309.0,R,39.0,R,948.0,Z,0.0,R,948.0,R,667.0,R,70.0,R,744.0,Z,0.0,R,744.0,R,384.0,R,52.0,R,25.0
110316,2013,A,,A,,A,,A,,A,,A,,A,,A,,A,,A,,A,,A,,A,,R,15.0
110334,2013,R,1081.0,R,2925.0,R,37.0,R,930.0,Z,0.0,R,930.0,R,688.0,R,74.0,R,712.0,Z,0.0,R,712.0,R,353.0,R,50.0,R,25.0
110361,2013,R,967.0,R,1762.0,R,55.0,R,876.0,R,0.0,R,876.0,R,673.0,R,77.0,R,33.0,R,0.0,R,33.0,R,16.0,R,48.0,R,18.0
110370,2013,R,232.0,R,461.0,R,50.0,R,232.0,R,0.0,R,232.0,R,190.0,R,82.0,R,0.0,R,0.0,R,0.0,R,0.0,A,,R,9.0
110404,2013,R,248.0,R,255.0,R,97.0,R,264.0,R,0.0,R,264.0,R,255.0,R,97.0,A,,A,,A,,A,,A,,R,3.0
110413,2013,R,540.0,R,866.0,R,62.0,R,558.0,R,0.0,R,558.0,R,473.0,R,85.0,A,,A,,A,,A,,A,,R,15.0
110422,2013,R,4765.0,R,5784.0,R,82.0,R,3620.0,Z,0.0,R,3620.0,R,3348.0,R,92.0,R,15.0,Z,0.0,R,15.0,R,12.0,R,80.0,R,21.0
110468,2013,R,25.0,R,523.0,R,5.0,R,4.0,R,0.0,R,4.0,R,3.0,R,75.0,R,1.0,R,0.0,R,1.0,R,1.0,R,100.0,R,13.0
110486,2013,R,1323.0,R,2159.0,R,61.0,R,1294.0,Z,0.0,R,1294.0,R,963.0,R,74.0,R,35.0,Z,0.0,R,35.0,R,11.0,R,31.0,R,24.0
110495,2013,R,1181.0,R,2335.0,R,51.0,R,1082.0,Z,0.0,R,1082.0,R,944.0,R,87.0,R,27.0,Z,0.0,R,27.0,R,14.0,R,52.0,R,21.0
110510,2013,R,2319.0,R,4611.0,R,50.0,R,2390.0,Z,0.0,R,2390.0,R,2122.0,R,89.0,R,57.0,Z,0.0,R,57.0,R,32.0,R,56.0,R,27.0
110529,2013,R,3169.0,R,5839.0,R,54.0,R,3021.0,Z,0.0,R,3021.0,R,2718.0,R,90.0,R,97.0,Z,0.0,R,97.0,R,69.0,R,71.0,R,28.0
110538,2013,R,2316.0,R,4123.0,R,56.0,R,2659.0,Z,0.0,R,2659.0,R,2304.0,R,87.0,R,55.0,Z,0.0,R,55.0,R,32.0,R,58.0,R,24.0
110547,2013,R,1460.0,R,4775.0,R,31.0,R,1133.0,Z,0.0,R,1133.0,R,898.0,R,79.0,R,81.0,Z,0.0,R,81.0,R,46.0,R,57.0,R,23.0
110556,2013,R,3166.0,R,5954.0,R,53.0,R,3036.0,Z,0.0,R,3036.0,R,2527.0,R,83.0,R,103.0,Z,0.0,R,103.0,R,52.0,R,50.0,R,22.0
110565,2013,R,4512.0,R,9535.0,R,47.0,R,4419.0,Z,0.0,R,4419.0,R,3912.0,R,89.0,R,106.0,Z,0.0,R,106.0,R,68.0,R,64.0,R,24.0
110574,2013,R,1477.0,R,3643.0,R,41.0,R,1549.0,Z,0.0,R,1549.0,R,1201.0,R,78.0,R,23.0,Z,0.0,R,23.0,R,16.0,R,70.0,R,25.0
110583,2013,R,4119.0,R,7780.0,R,53.0,R,4145.0,Z,0.0,R,4145.0,R,3679.0,R,89.0,R,130.0,Z,0.0,R,130.0,R,100.0,R,77.0,R,22.0
110592,2013,R,2895.0,R,6349.0,R,46.0,R,2765.0,Z,0.0,R,2765.0,R,2269.0,R,82.0,R,143.0,Z,0.0,R,143.0,R,83.0,R,58.0,R,24.0
110608,2013,R,5760.0,R,11250.0,R,51.0,R,4088.0,Z,0.0,R,4088.0,R,3197.0,R,78.0,R,61.0,Z,0.0,R,61.0,R,30.0,R,49.0,R,24.0
110617,2013,R,3202.0,R,7822.0,R,41.0,R,2990.0,Z,0.0,R,2990.0,R,2467.0,R,83.0,R,161.0,Z,0.0,R,161.0,R,115.0,R,71.0,R,26.0
110635,2013,R,4677.0,R,6947.0,R,67.0,R,4127.0,R,0.0,R,4127.0,R,3977.0,R,96.0,R,35.0,R,0.0,R,35.0,R,29.0,R,83.0,R,17.0
110644,2013,R,5063.0,R,8220.0,R,62.0,R,5172.0,R,0.0,R,5172.0,R,4807.0,R,93.0,R,35.0,R,0.0,R,35.0,R,28.0,R,80.0,R,17.0
110653,2013,R,5449.0,R,7471.0,R,73.0,R,5067.0,R,0.0,R,5067.0,R,4649.0,R,92.0,R,10.0,R,0.0,R,10.0,R,7.0,R,70.0,R,19.0
110662,2013,R,5684.0,R,8525.0,R,67.0,R,5608.0,R,0.0,R,5608.0,R,5398.0,R,96.0,R,12.0,R,0.0,R,12.0,R,9.0,R,75.0,R,16.0
110671,2013,R,4187.0,R,5515.0,R,76.0,R,4001.0,R,0.0,R,4001.0,R,3560.0,R,89.0,R,33.0,R,0.0,R,33.0,R,28.0,R,85.0,R,19.0
110680,2013,R,5218.0,R,7932.0,R,66.0,R,4570.0,R,0.0,R,4570.0,R,4305.0,R,94.0,R,5.0,R,0.0,R,5.0,R,5.0,R,100.0,R,19.0
110705,2013,R,4597.0,R,6119.0,R,75.0,R,4722.0,R,0.0,R,4722.0,R,4341.0,R,92.0,R,19.0,R,0.0,R,19.0,R,13.0,R,68.0,R,17.0
110714,2013,R,3295.0,R,4303.0,R,77.0,R,3817.0,R,0.0,R,3817.0,R,3389.0,R,89.0,R,10.0,R,0.0,R,10.0,R,6.0,R,60.0,R,18.0
110778,2013,A,,A,,A,,A,,A,,A,,A,,A,,A,,A,,A,,A,,A,,R,17.0
110875,2013,A,,A,,A,,R,25.0,R,0.0,R,25.0,R,17.0,R,68.0,R,0.0,R,0.0,R,0.0,R,0.0,A,,R,18.0
110918,2013,R,2.0,R,10.0,R,20.0,R,3.0,R,0.0,R,3.0,R,3.0,R,100.0,R,0.0,R,0.0,R,0.0,R,0.0,A,,R,13.0
110945,2013,A,,A,,A,,R,95.0,R,0.0,R,95.0,R,26.0,R,27.0,A,,A,,A,,A,,A,,R,11.0
111009,2013,A,,A,,A,,R,107.0,Z,0.0,R,107.0,R,85.0,R,79.0,A,,A,,A,,A,,A,,R,35.0
111054,2013,A,,A,,A,,R,28.0,R,0.0,R,28.0,R,25.0,R,89.0,A,,A,,A,,A,,A,,R,18.0
111081,2013,R,172.0,R,329.0,R,52.0,R,180.0,R,0.0,R,180.0,R,153.0,R,85.0,A,,A,,A,,A,,A,,R,7.0
111188,2013,R,199.0,R,290.0,R,69.0,R,196.0,Z,0.0,R,196.0,R,161.0,R,82.0,R,2.0,Z,0.0,R,2.0,R,1.0,R,50.0,R,14.0
111434,2013,R,279.0,R,2193.0,R,13.0,R,259.0,Z,0.0,R,259.0,R,170.0,R,66.0,R,427.0,Z,0.0,R,427.0,R,146.0,R,34.0,R,25.0
111461,2013,R,1611.0,R,5118.0,R,31.0,R,1391.0,Z,0.0,R,1391.0,R,1060.0,R,76.0,R,1296.0,Z,0.0,R,1296.0,R,796.0,R,61.0,R,30.0
111513,2013,A,,A,,A,,R,21.0,R,0.0,R,21.0,R,20.0,R,95.0,R,22.0,R,0.0,R,22.0,R,20.0,R,91.0,R,9.0
111638,2013,A,,A,,A,,R,24.0,R,0.0,R,24.0,R,15.0,R,63.0,A,,A,,A,,A,,A,,R,24.0
111708,2013,A,,A,,A,,R,42.0,Z,0.0,R,42.0,R,33.0,R,79.0,R,24.0,Z,0.0,R,24.0,R,21.0,R,88.0,R,20.0
111717,2013,A,,A,,A,,R,134.0,Z,0.0,R,134.0,R,109.0,R,81.0,A,,A,,A,,A,,A,,R,20.0
111726,2013,A,,A,,A,,R,81.0,R,0.0,R,81.0,R,69.0,R,85.0,A,,A,,A,,A,,A,,R,20.0
111744,2013,A,,A,,A,,R,60.0,Z,0.0,R,60.0,R,54.0,R,90.0,A,,A,,A,,A,,A,,R,20.0
111762,2013,A,,A,,A,,R,42.0,Z,0.0,R,42.0,R,29.0,R,69.0,A,,A,,A,,A,,A,,R,16.0
111771,2013,A,,A,,A,,R,49.0,Z,0.0,R,49.0,R,36.0,R,73.0,A,,A,,A,,A,,A,,R,21.0
111799,2013,A,,A,,A,,R,21.0,Z,0.0,R,21.0,R,14.0,R,67.0,A,,A,,A,,A,,A,,R,20.0
111887,2013,R,1435.0,R,5784.0,R,25.0,R,1181.0,R,0.0,R,1181.0,R,872.0,R,74.0,R,1974.0,R,0.0,R,1974.0,R,1099.0,R,56.0,R,28.0
111896,2013,R,225.0,R,1650.0,R,14.0,R,203.0,Z,0.0,R,203.0,R,117.0,R,58.0,R,328.0,Z,0.0,R,328.0,R,94.0,R,29.0,R,25.0
111920,2013,R,823.0,R,3729.0,R,22.0,R,834.0,Z,0.0,R,834.0,R,645.0,R,77.0,R,1268.0,Z,0.0,R,1268.0,R,597.0,R,47.0,R,28.0
111939,2013,R,1247.0,R,5795.0,R,22.0,R,946.0,Z,0.0,R,946.0,R,692.0,R,73.0,R,1996.0,Z,0.0,R,1996.0,R,1224.0,R,61.0,R,27.0
111948,2013,R,1284.0,R,1724.0,R,74.0,R,1273.0,R,0.0,R,1273.0,R,1155.0,R,91.0,R,5.0,R,0.0,R,5.0,R,2.0,R,40.0,R,14.0
111966,2013,R,4.0,R,35.0,R,11.0,R,1.0,R,0.0,R,1.0,R,1.0,R,100.0,R,4.0,Z,0.0,R,4.0,R,1.0,R,25.0,R,7.0
112075,2013,R,373.0,R,604.0,R,62.0,R,300.0,R,0.0,R,300.0,R,229.0,R,76.0,R,1.0,R,0.0,R,1.0,R,0.0,R,0.0,R,11.0
112084,2013,R,125.0,R,282.0,R,44.0,R,82.0,R,0.0,R,82.0,R,56.0,R,68.0,R,9.0,R,0.0,R,9.0,R,1.0,R,11.0,R,17.0
112172,2013,R,1217.0,R,3979.0,R,31.0,R,768.0,Z,0.0,R,768.0,R,556.0,R,72.0,R,1086.0,Z,0.0,R,1086.0,R,687.0,R,63.0,R,33.0
112181,2013,A,,A,,A,,R,30.0,R,0.0,R,30.0,R,27.0,R,90.0,A,,A,,A,,A,,A,,R,9.0
112190,2013,R,1572.0,R,6038.0,R,26.0,R,1793.0,Z,0.0,R,1793.0,R,1225.0,R,68.0,R,2134.0,Z,0.0,R,2134.0,R,825.0,R,39.0,R,22.0
112260,2013,R,337.0,R,360.0,R,94.0,R,291.0,R,0.0,R,291.0,R,280.0,R,96.0,A,,A,,A,,A,,A,,R,9.0
112288,2013,A,,A,,A,,A,,A,,A,,A,,A,,A,,A,,A,,A,,A,,R,15.0
112367,2013,A,,A,,A,,R,143.0,R,53.0,R,90.0,R,44.0,R,49.0,R,157.0,R,18.0,R,139.0,R,75.0,R,54.0,R,26.0
112385,2013,R,182.0,R,4095.0,R,4.0,R,131.0,Z,0.0,R,131.0,R,80.0,R,61.0,R,634.0,Z,0.0,R,634.0,R,190.0,R,30.0,R,41.0
112394,2013,R,73.0,R,151.0,R,48.0,R,51.0,R,0.0,R,51.0,R,41.0,R,80.0,R,10.0,R,0.0,R,10.0,R,4.0,R,40.0,R,10.0
112446,2013,R,65.0,R,68.0,R,96.0,R,0.0,R,0.0,R,0.0,R,0.0,A,,A,,A,,A,,A,,A,,R,7.0
112455,2013,A,,A,,A,,R,10.0,R,0.0,R,10.0,R,8.0,R,80.0,A,,A,,A,,A,,A,,R,12.0
112561,2013,R,298.0,R,923.0,R,32.0,R,270.0,Z,0.0,R,270.0,R,156.0,R,58.0,R,308.0,Z,0.0,R,308.0,R,115.0,R,37.0,R,19.0
112570,2013,R,44.0,R,70.0,R,63.0,R,44.0,R,0.0,R,44.0,R,28.0,R,64.0,R,1.0,R,0.0,R,1.0,R,0.0,R,0.0,R,11.0
112686,2013,R,412.0,R,2631.0,R,16.0,R,315.0,Z,0.0,R,315.0,R,199.0,R,63.0,R,560.0,Z,0.0,R,560.0,R,168.0,R,30.0,R,29.0
112783,2013,A,,A,,A,,R,61.0,Z,0.0,R,61.0,R,25.0,R,41.0,R,1.0,Z,0.0,R,1.0,R,1.0,R,100.0,R,15.0
112826,2013,R,313.0,R,1780.0,R,18.0,R,316.0,Z,0.0,R,316.0,R,212.0,R,67.0,R,438.0,Z,0.0,R,438.0,R,172.0,R,39.0,R,26.0
113096,2013,R,734.0,R,4181.0,R,18.0,R,588.0,Z,0.0,R,588.0,R,453.0,R,77.0,R,1346.0,Z,0.0,R,1346.0,R,679.0,R,50.0,R,30.0
113111,2013,R,366.0,R,1756.0,R,21.0,R,368.0,Z,0.0,R,368.0,R,262.0,R,71.0,R,462.0,Z,0.0,R,462.0,R,245.0,R,53.0,R,25.0
113193,2013,R,1019.0,R,2935.0,R,35.0,R,1000.0,Z,0.0,R,1000.0,R,641.0,R,64.0,R,550.0,Z,0.0,R,550.0,R,188.0,R,34.0,R,25.0
113218,2013,R,600.0,R,2908.0,R,21.0,R,404.0,Z,0.0,R,404.0,R,292.0,R,72.0,R,767.0,Z,0.0,R,767.0,R,307.0,R,40.0,R,25.0
113236,2013,R,1084.0,R,4992.0,R,22.0,R,718.0,Z,0.0,R,718.0,R,526.0,R,73.0,R,1929.0,Z,0.0,R,1929.0,R,1140.0,R,59.0,R,26.0
113333,2013,R,2754.0,R,6947.0,R,40.0,R,2686.0,Z,0.0,R,2686.0,R,2123.0,R,79.0,R,1415.0,Z,0.0,R,1415.0,R,527.0,R,37.0,R,27.0
113397,2013,A,,A,,A,,R,294.0,R,1.0,R,293.0,R,178.0,R,61.0,R,47.0,R,0.0,R,47.0,R,35.0,R,74.0,R,23.0
113449,2013,A,,A,,A,,R,50.0,R,0.0,R,50.0,R,33.0,R,66.0,A,,A,,A,,A,,A,,R,15.0
113537,2013,A,,A,,A,,R,0.0,Z,0.0,R,0.0,Z,0.0,A,,A,,A,,A,,A,,A,,R,10.0
113573,2013,R,753.0,R,2355.0,R,32.0,R,623.0,Z,0.0,R,623.0,R,468.0,R,75.0,R,816.0,Z,0.0,R,816.0,R,490.0,R,60.0,R,29.0
113582,2013,R,19.0,R,48.0,R,40.0,R,8.0,R,0.0,R,8.0,R,5.0,R,63.0,R,1.0,R,0.0,R,1.0,R,0.0,R,0.0,R,12.0
113634,2013,R,1429.0,R,5027.0,R,28.0,R,1301.0,Z,0.0,R,1301.0,R,932.0,R,72.0,R,1473.0,Z,0.0,R,1473.0,R,723.0,R,49.0,R,30.0
113698,2013,R,306.0,R,474.0,R,65.0,R,265.0,R,0.0,R,265.0,R,227.0,R,86.0,A,,A,,A,,A,,A,,R,10.0
113856,2013,R,1331.0,R,7907.0,R,17.0,R,1032.0,Z,0.0,R,1032.0,R,755.0,R,73.0,R,3296.0,Z,0.0,R,3296.0,R,1591.0,R,48.0,R,48.0
113908,2013,A,,A,,A,,R,99.0,R,0.0,R,99.0,R,61.0,R,62.0,R,62.0,R,0.0,R,62.0,R,36.0,R,58.0,R,20.0
113980,2013,R,2216.0,R,6630.0,R,33.0,R,1783.0,Z,0.0,R,1783.0,R,1407.0,R,79.0,R,2081.0,Z,0.0,R,2081.0,R,1168.0,R,56.0,R,28.0
114044,2013,A,,A,,A,,A,,A,,A,,A,,A,,A,,A,,A,,A,,A,,R,13.0
114071,2013,A,,A,,A,,R,64.0,R,0.0,R,64.0,R,46.0,R,72.0,R,22.0,R,0.0,R,22.0,R,21.0,R,95.0,R,28.0
114080,2013,A,,A,,A,,R,49.0,R,0.0,R,49.0,R,26.0,R,53.0,R,4.0,R,0.0,R,4.0,R,4.0,R,100.0,R,35.0
114123,2013,A,,A,,A,,R,205.0,R,0.0,R,205.0,R,165.0,R,80.0,R,2.0,R,0.0,R,2.0,R,0.0,R,0.0,R,20.0
114266,2013,R,595.0,R,2645.0,R,22.0,R,541.0,Z,0.0,R,541.0,R,399.0,R,74.0,R,591.0,Z,0.0,R,591.0,R,276.0,R,47.0,R,28.0
114354,2013,R,517.0,R,1075.0,R,48.0,R,153.0,R,0.0,R,153.0,R,143.0,R,93.0,R,2.0,R,0.0,R,2.0,R,2.0,R,100.0,R,23.0
114390,2013,R,111.0,R,240.0,R,46.0,R,38.0,R,0.0,R,38.0,R,38.0,R,100.0,R,0.0,R,0.0,R,0.0,R,0.0,A,,R,24.0
114415,2013,R,113.0,R,177.0,R,64.0,R,165.0,R,0.0,R,165.0,R,130.0,R,79.0,R,0.0,R,0.0,R,0.0,R,0.0,A,,R,20.0
114433,2013,R,203.0,R,964.0,R,21.0,R,248.0,R,0.0,R,248.0,R,130.0,R,52.0,R,110.0,R,0.0,R,110.0,R,10.0,R,9.0,R,18.0
114460,2013,A,,A,,A,,R,28.0,R,0.0,R,28.0,R,24.0,R,86.0,R,14.0,R,0.0,R,14.0,R,11.0,R,79.0,R,13.0
114628,2013,A,,A,,A,,R,20.0,R,0.0,R,20.0,R,17.0,R,85.0,R,15.0,R,0.0,R,15.0,R,10.0,R,67.0,R,12.0
114716,2013,R,1200.0,R,5147.0,R,23.0,R,1161.0,Z,0.0,R,1161.0,R,821.0,R,71.0,R,1016.0,Z,0.0,R,1016.0,R,333.0,R,33.0,R,24.0
114761,2013,A,,A,,A,,R,29.0,R,0.0,R,29.0,R,24.0,R,83.0,A,,A,,A,,A,,A,,R,20.0
114789,2013,R,2057.0,R,6226.0,R,33.0,R,1845.0,Z,0.0,R,1845.0,R,1195.0,R,65.0,R,1758.0,Z,0.0,R,1758.0,R,806.0,R,46.0,R,26.0
114813,2013,R,210.0,R,740.0,R,28.0,R,236.0,R,0.0,R,236.0,R,195.0,R,83.0,R,4.0,R,0.0,R,4.0,R,2.0,R,50.0,R,13.0
114859,2013,R,2157.0,R,8160.0,R,26.0,R,769.0,Z,0.0,R,769.0,R,579.0,R,75.0,R,2571.0,Z,0.0,R,2571.0,R,1623.0,R,63.0,R,29.0
114938,2013,R,412.0,R,1876.0,R,22.0,R,412.0,Z,0.0,R,412.0,R,283.0,R,69.0,R,928.0,Z,0.0,R,928.0,R,227.0,R,24.0,R,22.0
114947,2013,A,,A,,A,,A,,A,,A,,A,,A,,A,,A,,A,,A,,A,,R,20.0
115001,2013,R,1288.0,R,4087.0,R,32.0,R,1276.0,Z,0.0,R,1276.0,R,982.0,R,77.0,R,1325.0,Z,0.0,R,1325.0,R,753.0,R,57.0,R,29.0
115010,2013,A,,A,,A,,R,220.0,R,0.0,R,220.0,R,170.0,R,77.0,A,,A,,A,,A,,A,,R,17.0
115083,2013,A,,A,,A,,R,0.0,R,0.0,R,0.0,R,0.0,A,,R,0.0,R,0.0,R,0.0,R,0.0,A,,R,14.0
115126,2013,R,1173.0,R,4307.0,R,27.0,R,1084.0,Z,0.0,R,1084.0,R,791.0,R,73.0,R,1130.0,Z,0.0,R,1130.0,R,599.0,R,53.0,R,34.0
115296,2013,R,1600.0,R,5709.0,R,28.0,R,1241.0,Z,0.0,R,1241.0,R,858.0,R,69.0,R,1548.0,Z,0.0,R,1548.0,R,835.0,R,54.0,R,29.0
115357,2013,A,,A,,A,,R,6.0,R,0.0,R,6.0,R,5.0,R,83.0,A,,A,,A,,A,,A,,R,10.0
115393,2013,R,798.0,R,2682.0,R,30.0,R,708.0,Z,0.0,R,708.0,R,518.0,R,73.0,R,501.0,Z,0.0,R,501.0,R,226.0,R,45.0,R,34.0
115409,2013,R,217.0,R,222.0,R,98.0,R,198.0,R,0.0,R,198.0,R,197.0,R,99.0,A,,A,,A,,A,,A,,R,8.0
115454,2013,R,75.0,R,234.0,R,32.0,R,47.0,R,1.0,R,46.0,R,29.0,R,63.0,R,38.0,R,0.0,R,38.0,R,25.0,R,66.0,R,23.0
115472,2013,R,145.0,R,370.0,R,39.0,R,144.0,R,1.0,R,143.0,R,82.0,R,57.0,R,71.0,R,0.0,R,71.0,R,47.0,R,66.0,R,20.0
115490,2013,R,82.0,R,309.0,R,27.0,R,94.0,R,1.0,R,93.0,R,67.0,R,72.0,R,71.0,R,0.0,R,71.0,R,34.0,R,48.0,R,27.0
115515,2013,R,62.0,R,207.0,R,30.0,R,51.0,R,0.0,R,51.0,R,29.0,R,57.0,R,50.0,R,0.0,R,50.0,R,28.0,R,56.0,R,20.0
115533,2013,R,111.0,R,310.0,R,36.0,R,119.0,R,1.0,R,118.0,R,87.0,R,74.0,R,52.0,R,0.0,R,52.0,R,28.0,R,54.0,R,21.0
115658,2013,A,,A,,A,,R,2.0,Z,0.0,R,2.0,R,2.0,R,100.0,R,17.0,Z,0.0,R,17.0,R,15.0,R,88.0,R,15.0
115728,2013,R,85.0,R,202.0,R,42.0,R,123.0,R,0.0,R,123.0,R,91.0,R,74.0,R,2.0,R,0.0,R,2.0,R,0.0,R,0.0,R,10.0
115755,2013,R,1344.0,R,2358.0,R,57.0,R,1199.0,Z,0.0,R,1199.0,R,930.0,R,78.0,R,36.0,Z,0.0,R,36.0,R,13.0,R,36.0,R,21.0
115773,2013,R,32.0,R,136.0,R,24.0,R,53.0,R,1.0,R,52.0,R,36.0,R,69.0,R,12.0,R,1.0,R,11.0,R,8.0,R,73.0,R,22.0
115861,2013,R,1048.0,R,1846.0,R,57.0,R,916.0,Z,0.0,R,916.0,R,684.0,R,75.0,R,472.0,Z,0.0,R,472.0,R,282.0,R,60.0,R,29.0
115931,2013,A,,A,,A,,R,232.0,R,0.0,R,232.0,R,231.0,R,100.0,A,,A,,A,,A,,A,,R,16.0
116226,2013,A,,A,,A,,A,,A,,A,,A,,A,,R,3.0,R,0.0,R,3.0,R,3.0,R,100.0,R,15.0
116350,2013,A,,A,,A,,R,38.0,Z,0.0,R,38.0,R,29.0,R,76.0,A,,A,,A,,A,,A,,R,12.0
116439,2013,R,1294.0,R,4736.0,R,27.0,R,1191.0,Z,0.0,R,1191.0,R,939.0,R,79.0,R,1209.0,Z,0.0,R,1209.0,R,609.0,R,50.0,R,31.0
116466,2013,R,149.0,R,192.0,R,78.0,R,0.0,R,0.0,R,0.0,R,0.0,A,,R,0.0,R,0.0,R,0.0,R,0.0,A,,R,36.0
116475,2013,R,57.0,R,66.0,R,86.0,R,0.0,R,0.0,R,0.0,R,0.0,A,,R,0.0,R,0.0,R,0.0,R,0.0,A,,R,24.0
116484,2013,R,78.0,R,108.0,R,72.0,R,0.0,R,0.0,R,0.0,R,0.0,A,,R,0.0,R,0.0,R,0.0,R,0.0,A,,R,33.0
116563,2013,A,,A,,A,,R,9.0,R,0.0,R,9.0,R,8.0,R,89.0,A,,A,,A,,A,,A,,R,15.0
116712,2013,A,,A,,A,,A,,A,,A,,A,,A,,A,,A,,A,,A,,A,,R,4.0
116846,2013,R,7.0,R,21.0,R,33.0,R,12.0,R,0.0,R,12.0,R,10.0,R,83.0,A,,A,,A,,A,,A,,R,3.0
117052,2013,R,1770.0,R,4777.0,R,37.0,R,1672.0,Z,0.0,R,1672.0,R,1126.0,R,67.0,R,1107.0,Z,0.0,R,1107.0,R,477.0,R,43.0,R,29.0
117104,2013,R,76.0,R,206.0,R,37.0,R,43.0,R,0.0,R,43.0,R,27.0,R,63.0,R,1.0,R,0.0,R,1.0,R,1.0,R,100.0,R,22.0
117113,2013,R,205.0,R,597.0,R,34.0,R,108.0,Z,0.0,R,108.0,R,67.0,R,62.0,R,16.0,Z,0.0,R,16.0,R,3.0,R,19.0,R,24.0
117140,2013,R,561.0,R,1228.0,R,46.0,R,619.0,R,5.0,R,614.0,R,540.0,R,88.0,R,2.0,R,0.0,R,2.0,R,0.0,R,0.0,R,17.0
117168,2013,R,67.0,R,141.0,R,48.0,R,76.0,R,0.0,R,76.0,R,64.0,R,84.0,R,2.0,R,0.0,R,2.0,R,0.0,R,0.0,R,12.0
117195,2013,R,134.0,R,664.0,R,20.0,R,162.0,Z,0.0,R,162.0,R,96.0,R,59.0,R,220.0,Z,0.0,R,220.0,R,69.0,R,31.0,R,18.0
117238,2013,A,,A,,A,,R,8.0,R,0.0,R,8.0,R,6.0,R,75.0,A,,A,,A,,A,,A,,R,15.0
117247,2013,R,400.0,R,3737.0,R,11.0,R,342.0,Z,0.0,R,342.0,R,196.0,R,57.0,R,1203.0,Z,0.0,R,1203.0,R,420.0,R,35.0,R,22.0
117274,2013,R,170.0,R,1228.0,R,14.0,R,158.0,Z,0.0,R,158.0,R,75.0,R,47.0,R,308.0,Z,0.0,R,308.0,R,50.0,R,16.0,R,21.0
117557,2013,R,9.0,R,32.0,R,28.0,R,15.0,R,0.0,R,15.0,R,11.0,R,73.0,R,0.0,R,0.0,R,0.0,R,0.0,A,,R,36.0
117575,2013,R,2.0,R,14.0,R,14.0,R,3.0,R,0.0,R,3.0,R,2.0,R,67.0,R,1.0,R,0.0,R,1.0,R,0.0,R,0.0,R,12.0
117627,2013,R,466.0,R,746.0,R,62.0,R,499.0,R,0.0,R,499.0,R,380.0,R,76.0,R,7.0,R,0.0,R,7.0,R,1.0,R,14.0,R,14.0
117636,2013,A,,A,,A,,A,,A,,A,,A,,A,,A,,A,,A,,A,,A,,R,3.0
117645,2013,R,2335.0,R,6815.0,R,34.0,R,2154.0,Z,0.0,R,2154.0,R,1577.0,R,73.0,R,2369.0,Z,0.0,R,2369.0,R,1214.0,R,51.0,R,30.0
117672,2013,A,,A,,A,,A,,A,,A,,A,,A,,A,,A,,A,,A,,A,,R,16.0
117690,2013,R,500.0,R,3037.0,R,16.0,R,432.0,Z,0.0,R,432.0,R,298.0,R,69.0,R,900.0,Z,0.0,R,900.0,R,487.0,R,54.0,R,35.0
117706,2013,R,865.0,R,5952.0,R,15.0,R,868.0,Z,0.0,R,868.0,R,649.0,R,75.0,R,2188.0,Z,0.0,R,2188.0,R,1247.0,R,57.0,R,36.0
117715,2013,R,220.0,R,3087.0,R,7.0,R,137.0,Z,0.0,R,137.0,R,82.0,R,60.0,R,601.0,Z,0.0,R,601.0,R,220.0,R,37.0,R,28.0
117724,2013,R,415.0,R,4362.0,R,10.0,R,410.0,Z,0.0,R,410.0,R,261.0,R,64.0,R,1224.0,Z,0.0,R,1224.0,R,453.0,R,37.0,R,33.0
117733,2013,R,804.0,R,5528.0,R,15.0,R,651.0,Z,0.0,R,651.0,R,493.0,R,76.0,R,1715.0,Z,0.0,R,1715.0,R,820.0,R,48.0,R,39.0
117751,2013,R,188.0,R,315.0,R,60.0,R,208.0,R,0.0,R,208.0,R,168.0,R,81.0,R,1.0,R,0.0,R,1.0,R,1.0,R,100.0,R,11.0
117788,2013,R,716.0,R,6673.0,R,11.0,R,660.0,Z,0.0,R,660.0,R,405.0,R,61.0,R,1964.0,Z,0.0,R,1964.0,R,741.0,R,38.0,R,37.0
117803,2013,A,,A,,A,,A,,A,,A,,A,,A,,A,,A,,A,,A,,A,,R,3.0
117867,2013,R,302.0,R,2251.0,R,13.0,R,361.0,Z,0.0,R,361.0,R,251.0,R,70.0,R,915.0,Z,0.0,R,915.0,R,477.0,R,52.0,R,33.0
117894,2013,R,535.0,R,2401.0,R,22.0,R,516.0,Z,0.0,R,516.0,R,371.0,R,72.0,R,728.0,Z,0.0,R,728.0,R,379.0,R,52.0,R,26.0
117928,2013,R,162.0,R,430.0,R,38.0,R,110.0,Z,0.0,R,110.0,R,60.0,R,55.0,R,57.0,Z,0.0,R,57.0,R,23.0,R,40.0,R,15.0
117946,2013,R,1340.0,R,1762.0,R,76.0,R,1275.0,R,1.0,R,1274.0,R,1165.0,R,91.0,R,2.0,R,0.0,R,2.0,R,2.0,R,100.0,R,11.0
117955,2013,A,,A,,A,,R,14.0,Z,0.0,R,14.0,R,13.0,R,93.0,A,,A,,A,,A,,A,,R,15.0
118116,2013,A,,A,,A,,R,6.0,Z,0.0,R,6.0,R,4.0,R,67.0,R,77.0,Z,0.0,R,77.0,R,49.0,R,64.0,R,20.0
118125,2013,A,,A,,A,,R,7.0,Z,0.0,R,7.0,R,5.0,R,71.0,R,40.0,Z,0.0,R,40.0,R,24.0,R,60.0,R,20.0
118134,2013,A,,A,,A,,R,5.0,R,0.0,R,5.0,R,4.0,R,80.0,R,6.0,R,0.0,R,6.0,R,3.0,R,50.0,R,16.0
118143,2013,A,,A,,A,,R,4.0,R,0.0,R,4.0,R,3.0,R,75.0,R,0.0,R,0.0,R,0.0,R,0.0,A,,R,14.0
118161,2013,A,,A,,A,,R,16.0,Z,0.0,R,16.0,R,14.0,R,88.0,A,,A,,A,,A,,A,,R,10.0
118189,2013,A,,A,,A,,R,133.0,R,0.0,R,133.0,R,100.0,R,75.0,A,,A,,A,,A,,A,,R,15.0
118198,2013,A,,A,,A,,R,275.0,R,0.0,R,275.0,R,185.0,R,67.0,R,2.0,R,0.0,R,2.0,R,0.0,R,0.0,R,22.0
118259,2013,A,,A,,A,,R,87.0,R,0.0,R,87.0,R,73.0,R,84.0,A,,A,,A,,A,,A,,R,23.0
118277,2013,A,,A,,A,,R,140.0,R,0.0,R,140.0,R,117.0,R,84.0,A,,A,,A,,A,,A,,R,21.0
118286,2013,A,,A,,A,,R,182.0,R,0.0,R,182.0,R,161.0,R,88.0,A,,A,,A,,A,,A,,R,23.0
118347,2013,R,265.0,R,1644.0,R,16.0,R,291.0,Z,0.0,R,291.0,R,207.0,R,71.0,R,589.0,Z,0.0,R,589.0,R,205.0,R,35.0,R,19.0
118356,2013,A,,A,,A,,R,476.0,R,1.0,R,475.0,R,317.0,R,67.0,R,118.0,R,1.0,R,117.0,R,87.0,R,74.0,R,27.0
118541,2013,R,288.0,R,382.0,R,75.0,R,334.0,R,0.0,R,334.0,R,222.0,R,66.0,R,5.0,R,0.0,R,5.0,R,3.0,R,60.0,R,17.0
118684,2013,R,240.0,R,908.0,R,26.0,R,240.0,Z,0.0,R,240.0,R,158.0,R,66.0,R,174.0,Z,0.0,R,174.0,R,61.0,R,35.0,R,16.0
118693,2013,R,134.0,R,227.0,R,59.0,R,168.0,R,0.0,R,168.0,R,137.0,R,82.0,R,1.0,R,0.0,R,1.0,R,1.0,R,100.0,R,15.0
118718,2013,R,1067.0,R,2671.0,R,40.0,R,939.0,Z,0.0,R,939.0,R,692.0,R,74.0,R,644.0,Z,0.0,R,644.0,R,296.0,R,46.0,R,28.0
118772,2013,R,161.0,R,2182.0,R,7.0,R,165.0,Z,0.0,R,165.0,R,83.0,R,50.0,R,633.0,Z,0.0,R,633.0,R,180.0,R,28.0,R,21.0
118888,2013,R,217.0,R,344.0,R,63.0,R,186.0,R,0.0,R,186.0,R,151.0,R,81.0,R,1.0,R,0.0,R,1.0,R,1.0,R,100.0,R,10.0
118912,2013,R,1459.0,R,4539.0,R,32.0,R,1439.0,Z,0.0,R,1439.0,R,964.0,R,67.0,R,1273.0,Z,0.0,R,1273.0,R,513.0,R,40.0,R,30.0
118921,2013,A,,A,,A,,R,137.0,R,2.0,R,135.0,R,84.0,R,62.0,R,28.0,R,0.0,R,28.0,R,16.0,R,57.0,R,21.0
118930,2013,R,371.0,R,2579.0,R,14.0,R,423.0,Z,0.0,R,423.0,R,298.0,R,70.0,R,548.0,Z,0.0,R,548.0,R,176.0,R,32.0,R,23.0
118958,2013,A,,A,,A,,R,6.0,R,0.0,R,6.0,R,6.0,R,100.0,A,,A,,A,,A,,A,,R,15.0
118967,2013,A,,A,,A,,R,126.0,R,1.0,R,125.0,R,103.0,R,82.0,A,,A,,A,,A,,A,,R,34.0
118976,2013,R,1629.0,R,4386.0,R,37.0,R,1284.0,Z,0.0,R,1284.0,R,907.0,R,71.0,R,1672.0,Z,0.0,R,1672.0,R,900.0,R,54.0,R,32.0
118994,2013,A,,A,,A,,R,3.0,R,0.0,R,3.0,R,2.0,R,67.0,A,,A,,A,,A,,A,,R,23.0
119058,2013,A,,A,,A,,A,,A,,A,,A,,A,,A,,A,,A,,A,,A,,R,1.0
119067,2013,R,415.0,R,3112.0,R,13.0,R,548.0,Z,0.0,R,548.0,R,361.0,R,66.0,R,1291.0,Z,0.0,R,1291.0,R,314.0,R,24.0,R,26.0
119137,2013,R,1826.0,R,4476.0,R,41.0,R,1738.0,Z,0.0,R,1738.0,R,1301.0,R,75.0,R,1289.0,Z,0.0,R,1289.0,R,681.0,R,53.0,R,34.0
119164,2013,R,2604.0,R,7521.0,R,35.0,R,2217.0,Z,0.0,R,2217.0,R,1750.0,R,79.0,R,1911.0,Z,0.0,R,1911.0,R,1135.0,R,59.0,R,26.0
119173,2013,R,554.0,R,826.0,R,67.0,R,284.0,R,0.0,R,284.0,R,225.0,R,79.0,R,1.0,R,0.0,R,1.0,R,0.0,R,0.0,R,12.0
119216,2013,R,943.0,R,3862.0,R,24.0,R,732.0,Z,0.0,R,732.0,R,510.0,R,70.0,R,1622.0,Z,0.0,R,1622.0,R,895.0,R,55.0,R,27.0
119234,2013,A,,A,,A,,R,35.0,R,0.0,R,35.0,R,17.0,R,49.0,R,101.0,R,0.0,R,101.0,R,73.0,R,72.0,R,6.0
119270,2013,R,440.0,R,552.0,R,80.0,R,25.0,R,0.0,R,25.0,R,14.0,R,56.0,R,2.0,R,0.0,R,2.0,R,1.0,R,50.0,R,6.0
119331,2013,R,517.0,R,1775.0,R,29.0,R,474.0,Z,0.0,R,474.0,R,361.0,R,76.0,R,622.0,Z,0.0,R,622.0,R,323.0,R,52.0,R,22.0
119340,2013,A,,A,,A,,R,37.0,R,0.0,R,37.0,R,19.0,R,51.0,A,,A,,A,,A,,A,,R,24.0
119359,2013,A,,A,,A,,R,102.0,R,1.0,R,101.0,R,80.0,R,79.0,A,,A,,A,,A,,A,,R,24.0
119368,2013,A,,A,,A,,R,40.0,R,0.0,R,40.0,R,25.0,R,63.0,A,,A,,A,,A,,A,,R,30.0
119438,2013,A,,A,,A,,R,25.0,R,0.0,R,25.0,R,17.0,R,68.0,A,,A,,A,,A,,A,,R,24.0
119456,2013,A,,A,,A,,R,56.0,R,0.0,R,56.0,R,36.0,R,64.0,A,,A,,A,,A,,A,,R,30.0
119465,2013,A,,A,,A,,R,77.0,R,0.0,R,77.0,R,61.0,R,79.0,A,,A,,A,,A,,A,,R,30.0
119508,2013,A,,A,,A,,R,117.0,R,0.0,R,117.0,R,66.0,R,56.0,A,,A,,A,,A,,A,,R,30.0
119544,2013,R,27.0,R,137.0,R,20.0,R,45.0,R,0.0,R,45.0,R,27.0,R,60.0,R,17.0,R,0.0,R,17.0,R,9.0,R,53.0,R,8.0
119553,2013,A,,A,,A,,R,84.0,R,0.0,R,84.0,R,69.0,R,82.0,A,,A,,A,,A,,A,,R,16.0
119605,2013,A,,A,,A,,R,231.0,R,0.0,R,231.0,R,177.0,R,77.0,R,549.0,R,0.0,R,549.0,R,106.0,R,19.0,R,22.0
119775,2013,R,26.0,R,92.0,R,28.0,R,16.0,R,0.0,R,16.0,R,8.0,R,50.0,R,0.0,R,0.0,R,0.0,R,0.0,A,,R,9.0
119845,2013,A,,A,,A,,R,24.0,Z,0.0,R,24.0,R,19.0,R,79.0,R,13.0,Z,0.0,R,13.0,R,9.0,R,69.0,R,15.0
119951,2013,A,,A,,A,,R,54.0,R,0.0,R,54.0,R,44.0,R,81.0,A,,A,,A,,A,,A,,R,18.0
120069,2013,A,,A,,A,,R,100.0,R,0.0,R,100.0,R,80.0,R,80.0,A,,A,,A,,A,,A,,R,23.0
120078,2013,A,,A,,A,,R,102.0,R,0.0,R,102.0,R,85.0,R,83.0,A,,A,,A,,A,,A,,R,34.0
120087,2013,A,,A,,A,,R,59.0,R,0.0,R,59.0,R,45.0,R,76.0,A,,A,,A,,A,,A,,R,15.0
120166,2013,R,47.0,R,52.0,R,90.0,R,47.0,Z,0.0,R,47.0,R,39.0,R,83.0,R,1.0,Z,0.0,R,1.0,R,0.0,R,0.0,R,29.0
120184,2013,R,172.0,R,344.0,R,50.0,R,182.0,R,0.0,R,182.0,R,140.0,R,77.0,R,0.0,R,0.0,R,0.0,R,0.0,A,,R,11.0
120254,2013,R,548.0,R,608.0,R,90.0,R,530.0,R,0.0,R,530.0,R,493.0,R,93.0,A,,A,,A,,A,,A,,R,10.0
120272,2013,A,,A,,A,,R,11.0,R,0.0,R,11.0,R,9.0,R,82.0,A,,A,,A,,A,,A,,R,14.0
120290,2013,R,776.0,R,3343.0,R,23.0,R,704.0,Z,0.0,R,704.0,R,540.0,R,77.0,R,657.0,Z,0.0,R,657.0,R,275.0,R,42.0,R,27.0
120342,2013,R,1930.0,R,6164.0,R,31.0,R,1349.0,Z,0.0,R,1349.0,R,1042.0,R,77.0,R,1949.0,Z,0.0,R,1949.0,R,1213.0,R,62.0,R,35.0
120403,2013,R,160.0,R,272.0,R,59.0,R,183.0,R,0.0,R,183.0,R,148.0,R,81.0,A,,A,,A,,A,,A,,R,5.0
120421,2013,R,523.0,R,2047.0,R,26.0,R,446.0,Z,0.0,R,446.0,R,308.0,R,69.0,R,551.0,Z,0.0,R,551.0,R,208.0,R,38.0,R,34.0
120537,2013,R,76.0,R,221.0,R,34.0,R,108.0,R,0.0,R,108.0,R,79.0,R,73.0,R,0.0,R,0.0,R,0.0,R,0.0,A,,R,14.0
120661,2013,A,,A,,A,,R,172.0,R,0.0,R,172.0,R,119.0,R,69.0,A,,A,,A,,A,,A,,R,29.0
120698,2013,A,,A,,A,,A,,A,,A,,A,,A,,A,,A,,A,,A,,A,,R,16.0
120768,2013,A,,A,,A,,A,,A,,A,,A,,A,,A,,A,,A,,A,,A,,R,10.0
120838,2013,A,,A,,A,,R,1.0,R,0.0,R,1.0,R,0.0,R,0.0,A,,A,,A,,A,,A,,R,12.0
120865,2013,R,334.0,R,500.0,R,67.0,R,188.0,Z,0.0,R,188.0,R,159.0,R,85.0,R,1.0,Z,0.0,R,1.0,R,1.0,R,100.0,R,16.0
120883,2013,R,958.0,R,1144.0,R,84.0,R,662.0,R,0.0,R,662.0,R,573.0,R,87.0,R,1.0,R,0.0,R,1.0,R,0.0,R,0.0,R,14.0
120953,2013,R,62.0,R,1075.0,R,6.0,R,80.0,Z,0.0,R,80.0,R,45.0,R,56.0,R,449.0,Z,0.0,R,449.0,R,75.0,R,17.0,R,36.0
120971,2013,R,2029.0,R,6869.0,R,30.0,R,2008.0,Z,0.0,R,2008.0,R,1456.0,R,73.0,R,2258.0,Z,0.0,R,2258.0,R,1052.0,R,47.0,R,27.0
121017,2013,A,,A,,A,,R,18.0,R,0.0,R,18.0,R,15.0,R,83.0,R,41.0,R,0.0,R,41.0,R,36.0,R,88.0,R,25.0
121044,2013,R,3343.0,R,8733.0,R,38.0,R,1506.0,Z,0.0,R,1506.0,R,971.0,R,64.0,R,2047.0,Z,0.0,R,2047.0,R,1222.0,R,60.0,R,26.0
121150,2013,R,783.0,R,966.0,R,81.0,R,787.0,R,0.0,R,787.0,R,722.0,R,92.0,R,0.0,R,0.0,R,0.0,R,0.0,A,,R,13.0
121257,2013,R,265.0,R,291.0,R,91.0,R,261.0,R,0.0,R,261.0,R,237.0,R,91.0,A,,A,,A,,A,,A,,R,12.0
121275,2013,A,,A,,A,,R,0.0,R,0.0,R,0.0,R,0.0,A,,A,,A,,A,,A,,A,,R,20.0
121309,2013,R,645.0,R,800.0,R,81.0,R,600.0,R,0.0,R,600.0,R,536.0,R,89.0,R,1.0,R,0.0,R,1.0,R,0.0,R,0.0,R,14.0
121345,2013,R,396.0,R,430.0,R,92.0,R,399.0,R,0.0,R,399.0,R,389.0,R,97.0,A,,A,,A,,A,,A,,R,7.0
121363,2013,R,433.0,R,1069.0,R,41.0,R,406.0,Z,0.0,R,406.0,R,278.0,R,68.0,R,256.0,Z,0.0,R,256.0,R,107.0,R,42.0,R,29.0
121381,2013,R,49.0,R,51.0,R,96.0,R,29.0,Z,0.0,R,29.0,R,16.0,R,55.0,R,0.0,Z,0.0,R,0.0,Z,0.0,A,,R,22.0
121433,2013,A,,A,,A,,R,11.0,Z,0.0,R,11.0,R,5.0,R,45.0,A,,A,,A,,A,,A,,R,20.0
121619,2013,R,1209.0,R,7466.0,R,16.0,R,1305.0,Z,0.0,R,1305.0,R,931.0,R,71.0,R,2709.0,Z,0.0,R,2709.0,R,811.0,R,30.0,R,43.0
121637,2013,A,,A,,A,,R,23.0,R,0.0,R,23.0,R,15.0,R,65.0,A,,A,,A,,A,,A,,R,13.0
121691,2013,R,662.0,R,1005.0,R,66.0,R,724.0,R,0.0,R,724.0,R,640.0,R,88.0,R,0.0,Z,0.0,R,0.0,Z,0.0,A,,R,14.0
121707,2013,R,310.0,R,1219.0,R,25.0,R,304.0,R,0.0,R,304.0,R,126.0,R,41.0,R,218.0,R,0.0,R,218.0,R,73.0,R,33.0,R,17.0
121859,2013,A,,A,,A,,R,29.0,R,0.0,R,29.0,R,24.0,R,83.0,R,16.0,R,0.0,R,16.0,R,10.0,R,63.0,R,19.0
121868,2013,A,,A,,A,,R,22.0,R,0.0,R,22.0,R,16.0,R,73.0,R,0.0,R,0.0,R,0.0,R,0.0,A,,R,24.0
121886,2013,R,966.0,R,4507.0,R,21.0,R,944.0,Z,0.0,R,944.0,R,702.0,R,74.0,R,2016.0,Z,0.0,R,2016.0,R,875.0,R,43.0,R,31.0
121901,2013,R,1415.0,R,5588.0,R,25.0,R,1006.0,Z,0.0,R,1006.0,R,679.0,R,67.0,R,1619.0,Z,0.0,R,1619.0,R,804.0,R,50.0,R,27.0
121983,2013,A,,A,,A,,R,8.0,Z,0.0,R,8.0,R,6.0,R,75.0,R,9.0,Z,0.0,R,9.0,R,4.0,R,44.0,R,4.0
121992,2013,A,,A,,A,,R,158.0,Z,0.0,R,158.0,R,138.0,R,87.0,R,29.0,Z,0.0,R,29.0,R,24.0,R,83.0,R,30.0
122117,2013,A,,A,,A,,A,,A,,A,,A,,A,,A,,A,,A,,A,,A,,R,21.0
122180,2013,R,1271.0,R,7784.0,R,16.0,R,1004.0,Z,0.0,R,1004.0,R,691.0,R,69.0,R,3347.0,Z,0.0,R,3347.0,R,916.0,R,27.0,R,28.0
122205,2013,R,1596.0,R,5751.0,R,28.0,R,1639.0,Z,0.0,R,1639.0,R,1204.0,R,73.0,R,1908.0,Z,0.0,R,1908.0,R,882.0,R,46.0,R,28.0
122250,2013,A,,A,,A,,A,,A,,A,,A,,A,,A,,A,,A,,A,,A,,R,5.0
122296,2013,A,,A,,A,,A,,A,,A,,A,,A,,A,,A,,A,,A,,A,,R,9.0
122339,2013,R,866.0,R,5735.0,R,15.0,R,809.0,Z,0.0,R,809.0,R,541.0,R,67.0,R,1395.0,Z,0.0,R,1395.0,R,538.0,R,39.0,R,29.0
122366,2013,R,76.0,R,80.0,R,95.0,R,94.0,R,0.0,R,94.0,R,80.0,R,85.0,R,16.0,R,1.0,R,15.0,R,7.0,R,47.0,R,17.0
122375,2013,R,1412.0,R,8529.0,R,17.0,R,1285.0,Z,0.0,R,1285.0,R,854.0,R,66.0,R,2280.0,Z,0.0,R,2280.0,R,883.0,R,39.0,R,33.0
122384,2013,R,600.0,R,4207.0,R,14.0,R,597.0,Z,0.0,R,597.0,R,404.0,R,68.0,R,1018.0,Z,0.0,R,1018.0,R,412.0,R,40.0,R,34.0
122409,2013,R,4432.0,R,8576.0,R,52.0,R,3829.0,Z,0.0,R,3829.0,R,3360.0,R,88.0,R,310.0,Z,0.0,R,310.0,R,234.0,R,75.0,R,25.0
122436,2013,R,1238.0,R,1618.0,R,77.0,R,1073.0,R,1.0,R,1072.0,R,967.0,R,90.0,R,1.0,R,0.0,R,1.0,R,1.0,R,100.0,R,15.0
122454,2013,R,72.0,R,168.0,R,43.0,R,81.0,R,0.0,R,81.0,R,53.0,R,65.0,R,1.0,R,0.0,R,1.0,R,0.0,R,0.0,R,11.0
122506,2013,R,33.0,R,49.0,R,67.0,R,37.0,R,0.0,R,37.0,R,32.0,R,86.0,A,,A,,A,,A,,A,,R,6.0
122597,2013,R,3550.0,R,8263.0,R,43.0,R,3756.0,Z,0.0,R,3756.0,R,3084.0,R,82.0,R,51.0,Z,0.0,R,51.0,R,18.0,R,35.0,R,22.0
122612,2013,R,1146.0,R,1726.0,R,66.0,R,1352.0,R,0.0,R,1352.0,R,1169.0,R,86.0,R,2.0,R,0.0,R,2.0,R,2.0,R,100.0,R,15.0
122658,2013,R,1683.0,R,4332.0,R,39.0,R,1352.0,Z,0.0,R,1352.0,R,1043.0,R,77.0,R,1198.0,Z,0.0,R,1198.0,R,715.0,R,60.0,R,37.0
122685,2013,A,,A,,A,,R,207.0,R,0.0,R,207.0,R,125.0,R,60.0,A,,A,,A,,A,,A,,R,18.0
122694,2013,A,,A,,A,,R,62.0,R,0.0,R,62.0,R,47.0,R,76.0,A,,A,,A,,A,,A,,R,20.0
122728,2013,R,160.0,R,365.0,R,44.0,R,135.0,R,0.0,R,135.0,R,111.0,R,82.0,R,0.0,R,0.0,R,0.0,R,0.0,A,,R,13.0
122746,2013,R,521.0,R,2985.0,R,17.0,R,460.0,Z,0.0,R,460.0,R,284.0,R,62.0,R,569.0,Z,0.0,R,569.0,R,218.0,R,38.0,R,25.0
122755,2013,R,3644.0,R,7641.0,R,48.0,R,3300.0,Z,0.0,R,3300.0,R,2898.0,R,88.0,R,84.0,Z,0.0,R,84.0,R,46.0,R,55.0,R,22.0
122791,2013,R,838.0,R,3238.0,R,26.0,R,762.0,Z,0.0,R,762.0,R,527.0,R,69.0,R,736.0,Z,0.0,R,736.0,R,318.0,R,43.0,R,26.0
122834,2013,R,63.0,R,283.0,R,22.0,R,39.0,R,0.0,R,39.0,R,27.0,R,69.0,A,,A,,A,,A,,A,,R,14.0
122843,2013,R,132.0,R,241.0,R,55.0,R,65.0,R,0.0,R,65.0,R,26.0,R,40.0,R,12.0,R,0.0,R,12.0,R,4.0,R,33.0,R,15.0
122852,2013,R,19.0,R,114.0,R,17.0,R,4.0,R,0.0,R,4.0,R,2.0,R,50.0,A,,A,,A,,A,,A,,R,14.0
122889,2013,R,2366.0,R,6141.0,R,39.0,R,2186.0,Z,0.0,R,2186.0,R,1321.0,R,60.0,R,1141.0,Z,0.0,R,1141.0,R,464.0,R,41.0,R,47.0
122931,2013,R,1291.0,R,1464.0,R,88.0,R,1276.0,R,0.0,R,1276.0,R,1212.0,R,95.0,R,2.0,R,0.0,R,2.0,R,2.0,R,100.0,R,12.0
122977,2013,R,3102.0,R,9033.0,R,34.0,R,2792.0,Z,0.0,R,2792.0,R,1965.0,R,70.0,R,3234.0,Z,0.0,R,3234.0,R,1720.0,R,53.0,R,30.0
123013,2013,R,1395.0,R,4941.0,R,28.0,R,1368.0,Z,0.0,R,1368.0,R,1009.0,R,74.0,R,1484.0,Z,0.0,R,1484.0,R,726.0,R,49.0,R,22.0
123165,2013,R,272.0,R,286.0,R,95.0,R,235.0,R,0.0,R,235.0,R,219.0,R,93.0,A,,A,,A,,A,,A,,R,10.0
123208,2013,A,,A,,A,,R,278.0,R,0.0,R,278.0,R,188.0,R,68.0,A,,A,,A,,A,,A,,R,16.0
123217,2013,R,1371.0,R,3099.0,R,44.0,R,1212.0,Z,0.0,R,1212.0,R,801.0,R,66.0,R,667.0,Z,0.0,R,667.0,R,275.0,R,41.0,R,30.0
123280,2013,R,10.0,R,14.0,R,71.0,R,6.0,R,1.0,R,5.0,R,3.0,R,60.0,R,2.0,R,0.0,R,2.0,R,0.0,R,0.0,R,5.0
123299,2013,R,867.0,R,2391.0,R,36.0,R,813.0,Z,0.0,R,813.0,R,468.0,R,58.0,R,472.0,Z,0.0,R,472.0,R,179.0,R,38.0,R,29.0
123341,2013,R,1764.0,R,5235.0,R,34.0,R,1571.0,Z,0.0,R,1571.0,R,1135.0,R,72.0,R,1499.0,Z,0.0,R,1499.0,R,854.0,R,57.0,R,27.0
123350,2013,A,,A,,A,,R,20.0,R,0.0,R,20.0,R,15.0,R,75.0,A,,A,,A,,A,,A,,R,13.0
123396,2013,A,,A,,A,,R,22.0,R,0.0,R,22.0,R,17.0,R,77.0,A,,A,,A,,A,,A,,R,15.0
123457,2013,R,149.0,R,330.0,R,45.0,R,147.0,R,0.0,R,147.0,R,119.0,R,81.0,R,0.0,Z,0.0,R,0.0,Z,0.0,A,,R,11.0
123484,2013,R,244.0,R,992.0,R,25.0,R,215.0,Z,0.0,R,215.0,R,117.0,R,54.0,R,84.0,Z,0.0,R,84.0,R,31.0,R,37.0,R,17.0
123493,2013,A,,A,,A,,R,278.0,R,5.0,R,273.0,R,246.0,R,90.0,R,153.0,R,2.0,R,151.0,R,103.0,R,68.0,R,27.0
123509,2013,R,598.0,R,3196.0,R,19.0,R,486.0,Z,0.0,R,486.0,R,373.0,R,77.0,R,607.0,Z,0.0,R,607.0,R,268.0,R,44.0,R,27.0
123527,2013,R,804.0,R,3360.0,R,24.0,R,825.0,Z,0.0,R,825.0,R,578.0,R,70.0,R,1121.0,Z,0.0,R,1121.0,R,613.0,R,55.0,R,24.0
123554,2013,R,622.0,R,803.0,R,77.0,R,623.0,R,0.0,R,623.0,R,561.0,R,90.0,A,,A,,A,,A,,A,,R,13.0
123563,2013,R,785.0,R,2558.0,R,31.0,R,625.0,Z,0.0,R,625.0,R,439.0,R,70.0,R,632.0,Z,0.0,R,632.0,R,274.0,R,43.0,R,24.0
123572,2013,R,1767.0,R,2729.0,R,65.0,R,1729.0,Z,0.0,R,1729.0,R,1453.0,R,84.0,R,20.0,Z,0.0,R,20.0,R,6.0,R,30.0,R,24.0
123581,2013,A,,A,,A,,R,29.0,R,0.0,R,29.0,R,25.0,R,86.0,A,,A,,A,,A,,A,,R,12.0
123633,2013,A,,A,,A,,A,,A,,A,,A,,A,,A,,A,,A,,A,,A,,R,16.0
123642,2013,A,,A,,A,,R,47.0,R,0.0,R,47.0,R,34.0,R,72.0,R,21.0,R,0.0,R,21.0,R,12.0,R,57.0,R,25.0
123651,2013,R,390.0,R,712.0,R,55.0,R,435.0,R,0.0,R,435.0,R,331.0,R,76.0,R,3.0,R,0.0,R,3.0,R,2.0,R,67.0,R,15.0
123679,2013,A,,A,,A,,R,205.0,R,0.0,R,205.0,R,134.0,R,65.0,A,,A,,A,,A,,A,,R,23.0
123800,2013,R,1743.0,R,5335.0,R,33.0,R,1196.0,Z,0.0,R,1196.0,R,938.0,R,78.0,R,1544.0,Z,0.0,R,1544.0,R,845.0,R,55.0,R,27.0
123952,2013,R,32.0,R,32.0,R,100.0,R,32.0,R,0.0,R,32.0,R,30.0,R,94.0,A,,A,,A,,A,,A,,R,15.0
123961,2013,R,2920.0,R,4670.0,R,63.0,R,3016.0,Z,0.0,R,3016.0,R,2895.0,R,96.0,R,5.0,Z,0.0,R,5.0,R,2.0,R,40.0,R,9.0
124113,2013,R,342.0,R,2252.0,R,15.0,R,359.0,Z,0.0,R,359.0,R,232.0,R,65.0,R,861.0,Z,0.0,R,861.0,R,107.0,R,12.0,R,33.0
124292,2013,R,88.0,R,103.0,R,85.0,R,84.0,R,0.0,R,84.0,R,73.0,R,87.0,A,,A,,A,,A,,A,,R,11.0
124344,2013,A,,A,,A,,R,112.0,R,1.0,R,111.0,R,73.0,R,66.0,R,19.0,R,0.0,R,19.0,R,15.0,R,79.0,R,32.0
124487,2013,R,9.0,R,50.0,R,18.0,R,7.0,R,0.0,R,7.0,R,1.0,R,14.0,R,11.0,R,0.0,R,11.0,R,7.0,R,64.0,R,9.0
124681,2013,A,,A,,A,,R,1012.0,R,0.0,R,1012.0,R,678.0,R,67.0,A,,A,,A,,A,,A,,R,30.0
124706,2013,A,,A,,A,,R,217.0,R,0.0,R,217.0,R,141.0,R,65.0,A,,A,,A,,A,,A,,R,24.0
124779,2013,A,,A,,A,,R,5.0,R,0.0,R,5.0,R,4.0,R,80.0,R,2.0,R,0.0,R,2.0,R,1.0,R,50.0,R,10.0
124937,2013,A,,A,,A,,R,336.0,R,0.0,R,336.0,R,251.0,R,75.0,A,,A,,A,,A,,A,,R,26.0
125028,2013,R,1283.0,R,3548.0,R,36.0,R,1189.0,Z,0.0,R,1189.0,R,806.0,R,68.0,R,868.0,Z,0.0,R,868.0,R,386.0,R,44.0,R,33.0
125082,2013,A,,A,,A,,R,16.0,Z,0.0,R,16.0,R,13.0,R,81.0,R,1.0,R,0.0,R,1.0,R,1.0,R,100.0,R,25.0
125091,2013,R,992.0,R,3272.0,R,30.0,R,951.0,Z,0.0,R,951.0,R,630.0,R,66.0,R,979.0,Z,0.0,R,979.0,R,447.0,R,46.0,R,26.0
125170,2013,R,309.0,R,2692.0,R,11.0,R,176.0,Z,0.0,R,176.0,R,109.0,R,62.0,R,767.0,Z,0.0,R,767.0,R,294.0,R,38.0,R,26.0
125231,2013,R,3.0,R,1754.0,R,0.0,R,0.0,R,0.0,R,0.0,R,0.0,A,,R,326.0,R,0.0,R,326.0,R,63.0,R,19.0,R,19.0
125310,2013,A,,A,,A,,R,4.0,Z,0.0,R,4.0,R,3.0,R,75.0,R,0.0,Z,0.0,R,0.0,R,0.0,A,,R,15.0
125462,2013,R,278.0,R,1214.0,R,23.0,R,254.0,Z,0.0,R,254.0,R,148.0,R,58.0,R,310.0,Z,0.0,R,310.0,R,97.0,R,31.0,R,27.0
125471,2013,R,338.0,R,3614.0,R,9.0,R,482.0,Z,0.0,R,482.0,R,338.0,R,70.0,R,942.0,Z,0.0,R,942.0,R,366.0,R,39.0,R,31.0
125499,2013,R,682.0,R,2886.0,R,24.0,R,719.0,Z,0.0,R,719.0,R,522.0,R,73.0,R,695.0,Z,0.0,R,695.0,R,292.0,R,42.0,R,24.0
125532,2013,A,,A,,A,,R,124.0,Z,0.0,R,124.0,R,71.0,R,57.0,R,0.0,R,0.0,R,0.0,R,0.0,A,,R,23.0
125727,2013,R,279.0,R,340.0,R,82.0,R,325.0,R,0.0,R,325.0,R,275.0,R,85.0,A,,A,,A,,A,,A,,R,12.0
125763,2013,R,440.0,R,502.0,R,88.0,R,404.0,R,0.0,R,404.0,R,335.0,R,83.0,R,2.0,Z,0.0,R,2.0,R,1.0,R,50.0,R,13.0
125897,2013,R,96.0,R,293.0,R,33.0,R,177.0,R,0.0,R,177.0,R,132.0,R,75.0,R,2.0,R,0.0,R,2.0,R,2.0,R,100.0,R,10.0
126076,2013,R,46.0,R,72.0,R,64.0,R,48.0,R,0.0,R,48.0,R,21.0,R,44.0,A,,A,,A,,A,,A,,R,19.0
126119,2013,R,671.0,R,2051.0,R,33.0,R,689.0,Z,0.0,R,689.0,R,426.0,R,62.0,R,596.0,Z,0.0,R,596.0,R,223.0,R,37.0,R,27.0
126164,2013,A,,A,,A,,R,13.0,R,0.0,R,13.0,R,10.0,R,77.0,A,,A,,A,,A,,A,,R,11.0
126182,2013,R,513.0,R,785.0,R,65.0,R,431.0,R,0.0,R,431.0,R,241.0,R,56.0,R,16.0,R,0.0,R,16.0,R,5.0,R,31.0,R,15.0
126207,2013,R,378.0,R,1157.0,R,33.0,R,273.0,R,0.0,R,273.0,R,148.0,R,54.0,R,170.0,R,0.0,R,170.0,R,60.0,R,35.0,R,16.0
126289,2013,R,407.0,R,2175.0,R,19.0,R,472.0,R,0.0,R,472.0,R,258.0,R,55.0,R,687.0,R,0.0,R,687.0,R,308.0,R,45.0,R,24.0
126359,2013,R,116.0,R,116.0,R,100.0,R,148.0,R,1.0,R,147.0,R,94.0,R,64.0,A,,A,,A,,A,,A,,R,33.0
126401,2013,A,,A,,A,,R,34.0,R,0.0,R,34.0,R,24.0,R,71.0,R,8.0,R,0.0,R,8.0,R,2.0,R,25.0,R,24.0
126562,2013,R,1081.0,R,2851.0,R,38.0,R,962.0,R,2.0,R,960.0,R,722.0,R,75.0,R,67.0,R,0.0,R,67.0,R,31.0,R,46.0,R,16.0
126580,2013,R,1515.0,R,2987.0,R,51.0,R,1331.0,R,0.0,R,1331.0,R,950.0,R,71.0,R,114.0,R,0.0,R,114.0,R,57.0,R,50.0,R,17.0
126605,2013,R,108.0,R,112.0,R,96.0,R,105.0,R,1.0,R,104.0,R,60.0,R,58.0,R,2.0,R,0.0,R,2.0,R,0.0,R,0.0,R,8.0
126614,2013,R,5789.0,R,7326.0,R,79.0,R,5437.0,R,3.0,R,5434.0,R,4598.0,R,85.0,R,40.0,R,0.0,R,40.0,R,21.0,R,53.0,R,18.0
126669,2013,R,360.0,R,2274.0,R,16.0,R,316.0,R,2.0,R,314.0,R,217.0,R,69.0,R,128.0,Z,0.0,R,128.0,R,29.0,R,23.0,R,14.0
126678,2013,R,522.0,R,572.0,R,91.0,R,510.0,R,0.0,R,510.0,R,490.0,R,96.0,A,,A,,A,,A,,A,,R,10.0
126687,2013,A,,A,,A,,R,140.0,R,0.0,R,140.0,R,92.0,R,66.0,A,,A,,A,,A,,A,,R,28.0
126702,2013,R,225.0,R,623.0,R,36.0,R,118.0,Z,0.0,R,118.0,R,57.0,R,48.0,R,73.0,Z,0.0,R,73.0,R,22.0,R,30.0,R,20.0
126711,2013,R,402.0,R,1124.0,R,36.0,R,0.0,R,0.0,R,0.0,R,0.0,A,,R,0.0,R,0.0,R,0.0,R,0.0,A,,R,14.0
126748,2013,R,129.0,R,336.0,R,38.0,R,175.0,R,0.0,R,175.0,R,71.0,R,41.0,R,45.0,R,0.0,R,45.0,R,12.0,R,27.0,R,10.0
126775,2013,R,954.0,R,1098.0,R,87.0,R,949.0,R,0.0,R,949.0,R,872.0,R,92.0,R,0.0,R,0.0,R,0.0,R,0.0,A,,R,16.0
126784,2013,A,,A,,A,,R,51.0,R,0.0,R,51.0,R,48.0,R,94.0,A,,A,,A,,A,,A,,R,12.0
126818,2013,R,4322.0,R,6275.0,R,69.0,R,4401.0,R,0.0,R,4401.0,R,3781.0,R,86.0,R,143.0,R,0.0,R,143.0,R,99.0,R,69.0,R,16.0
126827,2013,R,57.0,R,207.0,R,28.0,R,64.0,Z,0.0,R,64.0,R,26.0,R,41.0,R,43.0,Z,0.0,R,43.0,R,15.0,R,35.0,R,11.0
126854,2013,A,,A,,A,,R,21.0,R,0.0,R,21.0,R,13.0,R,62.0,A,,A,,A,,A,,A,,R,17.0
126863,2013,R,358.0,R,1861.0,R,19.0,R,327.0,R,0.0,R,327.0,R,174.0,R,53.0,R,825.0,R,0.0,R,825.0,R,317.0,R,38.0,R,21.0
126872,2013,A,,A,,A,,R,38.0,R,0.0,R,38.0,R,16.0,R,42.0,A,,A,,A,,A,,A,,R,12.0
126915,2013,A,,A,,A,,R,60.0,R,0.0,R,60.0,R,52.0,R,87.0,R,93.0,R,0.0,R,93.0,R,85.0,R,91.0,R,13.0
126924,2013,A,,A,,A,,R,14.0,R,0.0,R,14.0,R,9.0,R,64.0,A,,A,,A,,A,,A,,R,6.0
126942,2013,R,407.0,R,2505.0,R,16.0,R,584.0,R,4.0,R,580.0,R,307.0,R,53.0,R,1361.0,R,26.0,R,1335.0,R,483.0,R,36.0,R,22.0
126951,2013,A,,A,,A,,R,476.0,R,0.0,R,476.0,R,355.0,R,75.0,A,,A,,A,,A,,A,,R,22.0
127024,2013,R,28.0,R,33.0,R,85.0,R,4.0,Z,0.0,R,4.0,R,3.0,R,75.0,R,0.0,Z,0.0,R,0.0,R,0.0,A,,R,22.0
127060,2013,R,1399.0,R,1630.0,R,86.0,R,1203.0,R,0.0,R,1203.0,R,1044.0,R,87.0,R,0.0,R,0.0,R,0.0,R,0.0,A,,R,11.0
127158,2013,A,,A,,A,,R,167.0,R,0.0,R,167.0,R,139.0,R,83.0,R,303.0,R,0.0,R,303.0,R,208.0,R,69.0,R,12.0
127185,2013,R,862.0,R,1339.0,R,64.0,R,841.0,R,0.0,R,841.0,R,547.0,R,65.0,R,13.0,R,0.0,R,13.0,R,5.0,R,38.0,R,21.0
127200,2013,R,1088.0,R,4580.0,R,24.0,R,1290.0,R,1.0,R,1289.0,R,737.0,R,57.0,R,1639.0,R,2.0,R,1637.0,R,671.0,R,41.0,R,20.0
127219,2013,A,,A,,A,,R,30.0,Z,0.0,R,30.0,R,23.0,R,77.0,R,5.0,Z,0.0,R,5.0,R,4.0,R,80.0,R,16.0
127228,2013,A,,A,,A,,R,62.0,R,0.0,R,62.0,R,40.0,R,65.0,A,,A,,A,,A,,A,,R,20.0
127316,2013,A,,A,,A,,R,21.0,R,0.0,R,21.0,R,16.0,R,76.0,R,7.0,R,0.0,R,7.0,R,5.0,R,71.0,R,16.0
127389,2013,R,142.0,R,234.0,R,61.0,R,145.0,R,0.0,R,145.0,R,84.0,R,58.0,R,24.0,R,0.0,R,24.0,R,7.0,R,29.0,R,19.0
127556,2013,R,2081.0,R,2801.0,R,74.0,R,1215.0,R,0.0,R,1215.0,R,794.0,R,65.0,R,49.0,R,0.0,R,49.0,R,16.0,R,33.0,R,23.0
127565,2013,R,1726.0,R,5100.0,R,34.0,R,1718.0,R,101.0,R,1617.0,R,1064.0,R,66.0,R,588.0,R,73.0,R,515.0,R,245.0,R,48.0,R,20.0
127617,2013,R,53.0,R,275.0,R,19.0,R,77.0,R,10.0,R,67.0,R,39.0,R,58.0,R,112.0,R,19.0,R,93.0,R,46.0,R,49.0,R,13.0
127653,2013,R,37.0,R,131.0,R,28.0,R,24.0,R,0.0,R,24.0,R,14.0,R,58.0,R,3.0,R,0.0,R,3.0,R,1.0,R,33.0,R,11.0
127680,2013,R,4.0,R,76.0,R,5.0,R,3.0,Z,0.0,R,3.0,R,0.0,R,0.0,R,19.0,Z,0.0,R,19.0,R,3.0,R,16.0,R,12.0
127699,2013,R,1.0,R,79.0,R,1.0,R,0.0,Z,0.0,R,0.0,Z,0.0,A,,R,26.0,Z,0.0,R,26.0,R,8.0,R,31.0,R,7.0
127714,2013,R,14.0,R,275.0,R,5.0,R,1.0,R,0.0,R,1.0,R,0.0,R,0.0,R,9.0,R,0.0,R,9.0,R,4.0,R,44.0,R,12.0
127732,2013,R,267.0,R,433.0,R,62.0,R,348.0,R,20.0,R,328.0,R,193.0,R,59.0,R,63.0,R,16.0,R,47.0,R,12.0,R,26.0,R,24.0
127741,2013,R,1967.0,R,2924.0,R,67.0,R,2189.0,R,2.0,R,2187.0,R,1450.0,R,66.0,R,16.0,R,1.0,R,15.0,R,6.0,R,40.0,R,18.0
127778,2013,R,211.0,R,375.0,R,56.0,R,262.0,R,0.0,R,262.0,R,139.0,R,53.0,R,88.0,R,0.0,R,88.0,R,37.0,R,42.0,R,19.0
127787,2013,A,,A,,A,,R,67.0,R,0.0,R,67.0,R,47.0,R,70.0,R,11.0,R,0.0,R,11.0,R,4.0,R,36.0,R,24.0
127820,2013,R,1206.0,R,4074.0,R,30.0,R,1333.0,R,0.0,R,1333.0,R,708.0,R,53.0,R,1265.0,R,0.0,R,1265.0,R,433.0,R,34.0,R,23.0
127839,2013,A,,A,,A,,R,34.0,R,0.0,R,34.0,R,21.0,R,62.0,A,,A,,A,,A,,A,,R,10.0
127884,2013,R,394.0,R,1568.0,R,25.0,R,351.0,R,49.0,R,302.0,R,181.0,R,60.0,R,503.0,R,87.0,R,416.0,R,174.0,R,42.0,R,21.0
127909,2013,R,505.0,R,2561.0,R,20.0,R,555.0,R,23.0,R,532.0,R,305.0,R,57.0,R,984.0,R,44.0,R,940.0,R,382.0,R,41.0,R,20.0
127918,2013,R,389.0,R,986.0,R,39.0,R,474.0,R,0.0,R,474.0,R,388.0,R,82.0,R,16.0,R,0.0,R,16.0,R,8.0,R,50.0,R,14.0
127945,2013,R,47.0,R,286.0,R,16.0,R,95.0,R,0.0,R,95.0,R,63.0,R,66.0,R,3.0,R,0.0,R,3.0,R,0.0,R,0.0,R,7.0
127954,2013,A,,A,,A,,R,2.0,R,0.0,R,2.0,R,2.0,R,100.0,A,,A,,A,,A,,A,,R,20.0
128106,2013,R,765.0,R,1268.0,R,60.0,R,868.0,R,1.0,R,867.0,R,543.0,R,63.0,R,35.0,R,1.0,R,34.0,R,10.0,R,29.0,R,15.0
128151,2013,A,,A,,A,,R,121.0,R,0.0,R,121.0,R,90.0,R,74.0,R,18.0,R,0.0,R,18.0,R,12.0,R,67.0,R,20.0
128179,2013,A,,A,,A,,R,294.0,R,0.0,R,294.0,R,251.0,R,85.0,A,,A,,A,,A,,A,,R,14.0
128188,2013,A,,A,,A,,R,87.0,R,0.0,R,87.0,R,69.0,R,79.0,A,,A,,A,,A,,A,,R,11.0
128258,2013,R,266.0,R,473.0,R,56.0,R,240.0,R,0.0,R,240.0,R,139.0,R,58.0,R,45.0,R,0.0,R,45.0,R,18.0,R,40.0,R,13.0
128328,2013,R,1154.0,R,1154.0,R,100.0,R,981.0,R,11.0,R,970.0,R,868.0,R,89.0,A,,A,,A,,A,,A,,R,8.0
128337,2013,A,,A,,A,,R,35.0,R,0.0,R,35.0,R,28.0,R,80.0,R,19.0,R,0.0,R,19.0,R,16.0,R,84.0,R,25.0
128391,2013,R,466.0,R,624.0,R,75.0,R,449.0,R,0.0,R,449.0,R,307.0,R,68.0,R,1.0,R,0.0,R,1.0,R,1.0,R,100.0,R,16.0
128425,2013,R,7.0,R,7.0,R,100.0,R,6.0,R,0.0,R,6.0,R,5.0,R,83.0,A,,A,,A,,A,,A,,R,3.0
128498,2013,R,137.0,R,287.0,R,48.0,R,121.0,R,0.0,R,121.0,R,112.0,R,93.0,R,1.0,R,0.0,R,1.0,R,1.0,R,100.0,R,14.0
128540,2013,A,,A,,A,,R,23.0,R,0.0,R,23.0,R,19.0,R,83.0,R,2.0,R,0.0,R,2.0,R,2.0,R,100.0,R,15.0
128577,2013,R,228.0,R,587.0,R,39.0,R,217.0,R,0.0,R,217.0,R,164.0,R,76.0,R,80.0,Z,0.0,R,80.0,R,41.0,R,51.0,R,18.0
128586,2013,A,,A,,A,,R,17.0,R,0.0,R,17.0,R,14.0,R,82.0,A,,A,,A,,A,,A,,R,8.0
128674,2013,A,,A,,A,,A,,A,,A,,A,,A,,A,,A,,A,,A,,A,,R,23.0
128683,2013,R,166.0,R,259.0,R,64.0,R,23.0,Z,0.0,R,23.0,R,8.0,R,35.0,R,1.0,Z,0.0,R,1.0,R,0.0,R,0.0,R,9.0
128726,2013,A,,A,,A,,R,104.0,R,0.0,R,104.0,R,97.0,R,93.0,R,11.0,Z,0.0,R,11.0,R,9.0,R,82.0,R,8.0
128744,2013,R,538.0,R,796.0,R,68.0,R,591.0,R,3.0,R,588.0,R,374.0,R,64.0,R,7.0,R,4.0,R,3.0,R,3.0,R,100.0,R,16.0
128771,2013,R,1278.0,R,2492.0,R,51.0,R,1340.0,R,3.0,R,1337.0,R,1027.0,R,77.0,R,12.0,Z,0.0,R,12.0,R,8.0,R,67.0,R,16.0
128780,2013,A,,A,,A,,A,,A,,A,,A,,A,,A,,A,,A,,A,,A,,R,14.0
128896,2013,A,,A,,A,,A,,A,,A,,A,,A,,A,,A,,A,,A,,A,,R,15.0
128902,2013,R,489.0,R,515.0,R,95.0,R,503.0,Z,0.0,R,503.0,R,444.0,R,88.0,A,,A,,A,,A,,A,,R,9.0
128957,2013,A,,A,,A,,R,2.0,R,0.0,R,2.0,R,0.0,R,0.0,R,0.0,R,0.0,R,0.0,R,0.0,A,,R,15.0
129002,2013,A,,A,,A,,R,40.0,R,1.0,R,39.0,R,29.0,R,74.0,R,27.0,R,0.0,R,27.0,R,14.0,R,52.0,R,10.0
129020,2013,R,3741.0,R,4712.0,R,79.0,R,3083.0,R,7.0,R,3076.0,R,2889.0,R,94.0,R,7.0,R,0.0,R,7.0,R,6.0,R,86.0,R,16.0
129154,2013,R,116.0,R,1022.0,R,11.0,R,74.0,Z,0.0,R,74.0,R,40.0,R,54.0,R,130.0,Z,0.0,R,130.0,R,70.0,R,54.0,R,10.0
129181,2013,A,,A,,A,,R,405.0,R,0.0,R,405.0,R,337.0,R,83.0,R,28.0,R,0.0,R,28.0,R,20.0,R,71.0,R,12.0
129215,2013,R,963.0,R,1690.0,R,57.0,R,979.0,R,2.0,R,977.0,R,763.0,R,78.0,R,36.0,Z,0.0,R,36.0,R,29.0,R,81.0,R,16.0
129242,2013,R,963.0,R,1043.0,R,92.0,R,990.0,Z,0.0,R,990.0,R,861.0,R,87.0,A,,A,,A,,A,,A,,R,11.0
129349,2013,A,,A,,A,,R,50.0,R,0.0,R,50.0,R,45.0,R,90.0,R,4.0,R,0.0,R,4.0,R,3.0,R,75.0,R,15.0
129367,2013,R,312.0,R,1443.0,R,22.0,R,300.0,R,0.0,R,300.0,R,155.0,R,52.0,R,325.0,R,0.0,R,325.0,R,144.0,R,44.0,R,13.0
129482,2013,A,,A,,A,,R,45.0,R,0.0,R,45.0,R,28.0,R,62.0,A,,A,,A,,A,,A,,R,29.0
129525,2013,R,1267.0,R,1652.0,R,77.0,R,1278.0,R,0.0,R,1278.0,R,927.0,R,73.0,R,9.0,R,0.0,R,9.0,R,5.0,R,56.0,R,12.0
129534,2013,A,,A,,A,,R,7.0,Z,0.0,R,7.0,R,6.0,R,86.0,R,1.0,Z,0.0,R,1.0,R,1.0,R,100.0,R,4.0
129543,2013,R,574.0,R,1614.0,R,36.0,R,713.0,Z,0.0,R,713.0,R,439.0,R,62.0,R,435.0,Z,0.0,R,435.0,R,211.0,R,49.0,R,18.0
129613,2013,A,,A,,A,,A,,A,,A,,A,,A,,A,,A,,A,,A,,A,,R,7.0
129686,2013,R,17.0,R,22.0,R,77.0,R,12.0,Z,0.0,R,12.0,R,10.0,R,83.0,R,2.0,Z,0.0,R,2.0,R,1.0,R,50.0,R,4.0
129695,2013,R,958.0,R,2542.0,R,38.0,R,920.0,Z,0.0,R,920.0,R,558.0,R,61.0,R,765.0,Z,0.0,R,765.0,R,341.0,R,45.0,R,19.0
129729,2013,R,949.0,R,2320.0,R,41.0,R,904.0,Z,0.0,R,904.0,R,544.0,R,60.0,R,605.0,Z,0.0,R,605.0,R,255.0,R,42.0,R,21.0
129756,2013,R,346.0,R,1128.0,R,31.0,R,356.0,Z,0.0,R,356.0,R,222.0,R,62.0,R,223.0,Z,0.0,R,223.0,R,90.0,R,40.0,R,16.0
129774,2013,R,176.0,R,318.0,R,55.0,R,145.0,Z,0.0,R,145.0,R,94.0,R,65.0,R,3.0,Z,0.0,R,3.0,R,3.0,R,100.0,R,16.0
129808,2013,R,550.0,R,1425.0,R,39.0,R,554.0,Z,0.0,R,554.0,R,340.0,R,61.0,R,400.0,Z,0.0,R,400.0,R,183.0,R,46.0,R,18.0
129923,2013,A,,A,,A,,R,94.0,R,0.0,R,94.0,R,74.0,R,79.0,R,21.0,R,0.0,R,21.0,R,18.0,R,86.0,R,12.0
129932,2013,A,,A,,A,,A,,A,,A,,A,,A,,A,,A,,A,,A,,A,,R,20.0
129941,2013,R,1159.0,R,1440.0,R,80.0,R,1118.0,Z,0.0,R,1118.0,R,854.0,R,76.0,R,8.0,Z,0.0,R,8.0,R,6.0,R,75.0,R,16.0
129969,2013,A,,A,,A,,R,127.0,R,1.0,R,126.0,R,102.0,R,81.0,A,,A,,A,,A,,A,,R,15.0
130004,2013,R,646.0,R,1920.0,R,34.0,R,693.0,R,0.0,R,693.0,R,464.0,R,67.0,R,370.0,R,0.0,R,370.0,R,201.0,R,54.0,R,18.0
130040,2013,R,192.0,R,495.0,R,39.0,R,159.0,Z,0.0,R,159.0,R,88.0,R,55.0,R,77.0,Z,0.0,R,77.0,R,40.0,R,52.0,R,15.0
130110,2013,R,18.0,R,48.0,R,38.0,R,15.0,Z,0.0,R,15.0,R,14.0,R,93.0,R,1.0,R,0.0,R,1.0,R,1.0,R,100.0,R,5.0
130129,2013,A,,A,,A,,R,45.0,R,0.0,R,45.0,R,25.0,R,56.0,R,4.0,R,0.0,R,4.0,R,4.0,R,100.0,R,16.0
130174,2013,A,,A,,A,,R,482.0,R,1.0,R,481.0,R,324.0,R,67.0,R,176.0,R,0.0,R,176.0,R,110.0,R,63.0,R,11.0
130183,2013,R,460.0,R,2656.0,R,17.0,R,522.0,Z,0.0,R,522.0,R,206.0,R,39.0,R,714.0,Z,0.0,R,714.0,R,165.0,R,23.0,R,23.0
130217,2013,R,279.0,R,701.0,R,40.0,R,250.0,Z,0.0,R,250.0,R,121.0,R,48.0,R,190.0,Z,0.0,R,190.0,R,71.0,R,37.0,R,18.0
130226,2013,R,1795.0,R,2045.0,R,88.0,R,1780.0,Z,0.0,R,1780.0,R,1517.0,R,85.0,R,1.0,Z,0.0,R,1.0,R,1.0,R,100.0,R,12.0
130253,2013,R,1267.0,R,1390.0,R,91.0,R,865.0,Z,0.0,R,865.0,R,701.0,R,81.0,A,,A,,A,,A,,A,,R,14.0
130314,2013,R,153.0,R,250.0,R,61.0,R,157.0,Z,0.0,R,157.0,R,121.0,R,77.0,R,2.0,Z,0.0,R,2.0,R,2.0,R,100.0,R,10.0
130396,2013,R,835.0,R,2763.0,R,30.0,R,874.0,Z,0.0,R,874.0,R,516.0,R,59.0,R,691.0,Z,0.0,R,691.0,R,307.0,R,44.0,R,17.0
130448,2013,R,14.0,R,142.0,R,10.0,R,0.0,R,0.0,R,0.0,R,0.0,A,,R,0.0,R,0.0,R,0.0,R,0.0,A,,R,15.0
130493,2013,R,1361.0,R,2302.0,R,59.0,R,1360.0,Z,0.0,R,1360.0,R,1023.0,R,75.0,R,14.0,Z,0.0,R,14.0,R,7.0,R,50.0,R,14.0
130509,2013,A,,A,,A,,R,160.0,R,0.0,R,160.0,R,116.0,R,73.0,R,54.0,R,0.0,R,54.0,R,51.0,R,94.0,R,16.0
130590,2013,R,604.0,R,696.0,R,87.0,R,591.0,Z,0.0,R,591.0,R,537.0,R,91.0,A,,A,,A,,A,,A,,R,9.0
130606,2013,R,526.0,R,1541.0,R,34.0,R,584.0,Z,0.0,R,584.0,R,360.0,R,62.0,R,236.0,Z,0.0,R,236.0,R,105.0,R,44.0,R,18.0
130624,2013,R,217.0,R,217.0,R,100.0,R,225.0,Z,0.0,R,225.0,R,212.0,R,94.0,A,,A,,A,,A,,A,,R,7.0
130697,2013,R,741.0,R,807.0,R,92.0,R,752.0,Z,0.0,R,752.0,R,715.0,R,95.0,A,,A,,A,,A,,A,,R,9.0
130776,2013,R,784.0,R,1530.0,R,51.0,R,812.0,R,0.0,R,812.0,R,603.0,R,74.0,R,15.0,Z,0.0,R,15.0,R,6.0,R,40.0,R,15.0
130794,2013,R,1358.0,R,1389.0,R,98.0,R,1355.0,Z,0.0,R,1355.0,R,1337.0,R,99.0,A,,A,,A,,A,,A,,R,6.0
130837,2013,A,,A,,A,,A,,A,,A,,A,,A,,A,,A,,A,,A,,A,,R,6.0
130873,2013,A,,A,,A,,A,,A,,A,,A,,A,,A,,A,,A,,A,,A,,R,13.0
130891,2013,R,733.0,R,1225.0,R,60.0,R,733.0,R,0.0,R,733.0,R,434.0,R,59.0,R,173.0,R,0.0,R,173.0,R,63.0,R,36.0,R,13.0
130907,2013,R,523.0,R,902.0,R,58.0,R,504.0,Z,0.0,R,504.0,R,274.0,R,54.0,R,120.0,Z,0.0,R,120.0,R,38.0,R,32.0,R,13.0
130916,2013,R,953.0,R,1867.0,R,51.0,R,876.0,Z,0.0,R,876.0,R,524.0,R,60.0,R,386.0,Z,0.0,R,386.0,R,131.0,R,34.0,R,14.0
130934,2013,R,907.0,R,1183.0,R,77.0,R,1018.0,R,0.0,R,1018.0,R,664.0,R,65.0,R,18.0,R,0.0,R,18.0,R,7.0,R,39.0,R,16.0
130943,2013,R,4210.0,R,4708.0,R,89.0,R,3806.0,R,0.0,R,3806.0,R,3498.0,R,92.0,R,13.0,Z,0.0,R,13.0,R,6.0,R,46.0,R,15.0
130989,2013,R,93.0,R,163.0,R,57.0,R,90.0,R,1.0,R,89.0,R,49.0,R,55.0,R,5.0,R,0.0,R,5.0,R,3.0,R,60.0,R,23.0
131061,2013,A,,A,,A,,R,22.0,R,0.0,R,22.0,R,15.0,R,68.0,R,6.0,R,0.0,R,6.0,R,4.0,R,67.0,R,12.0
131098,2013,R,463.0,R,613.0,R,76.0,R,442.0,R,0.0,R,442.0,R,232.0,R,52.0,A,,A,,A,,A,,A,,R,16.0
131113,2013,R,368.0,R,2372.0,R,16.0,R,305.0,Z,0.0,R,305.0,R,195.0,R,64.0,R,462.0,Z,0.0,R,462.0,R,157.0,R,34.0,R,14.0
131159,2013,R,1623.0,R,2021.0,R,80.0,R,1594.0,R,0.0,R,1594.0,R,1406.0,R,88.0,R,3.0,R,0.0,R,3.0,R,2.0,R,67.0,R,12.0
131283,2013,R,836.0,R,958.0,R,87.0,R,880.0,Z,0.0,R,880.0,R,727.0,R,83.0,R,4.0,Z,0.0,R,4.0,R,3.0,R,75.0,R,8.0
131308,2013,R,36.0,R,90.0,R,40.0,R,41.0,R,0.0,R,41.0,R,37.0,R,90.0,R,1.0,R,0.0,R,1.0,R,1.0,R,100.0,R,9.0
131399,2013,R,241.0,R,1156.0,R,21.0,R,84.0,R,0.0,R,84.0,R,49.0,R,58.0,R,14.0,Z,0.0,R,14.0,R,4.0,R,29.0,R,11.0
131450,2013,R,200.0,R,310.0,R,65.0,R,212.0,R,0.0,R,212.0,R,146.0,R,69.0,R,1.0,R,0.0,R,1.0,R,0.0,R,0.0,R,6.0
131469,2013,R,2348.0,R,2921.0,R,80.0,R,2376.0,R,0.0,R,2376.0,R,2192.0,R,92.0,R,11.0,R,0.0,R,11.0,R,7.0,R,64.0,R,13.0
131496,2013,R,1593.0,R,2071.0,R,77.0,R,1568.0,R,0.0,R,1568.0,R,1505.0,R,96.0,R,2.0,R,0.0,R,2.0,R,1.0,R,50.0,R,11.0
131520,2013,R,1576.0,R,1945.0,R,81.0,R,1376.0,R,0.0,R,1376.0,R,1122.0,R,82.0,R,18.0,Z,0.0,R,18.0,R,4.0,R,22.0,R,10.0
131742,2013,A,,A,,A,,R,481.0,R,0.0,R,481.0,R,269.0,R,56.0,A,,A,,A,,A,,A,,R,38.0
131803,2013,R,10.0,R,189.0,R,5.0,R,0.0,R,0.0,R,0.0,R,0.0,A,,R,42.0,R,0.0,R,42.0,R,15.0,R,36.0,R,18.0
131830,2013,A,,A,,A,,R,6.0,R,0.0,R,6.0,R,4.0,R,67.0,A,,A,,A,,A,,A,,R,6.0
131876,2013,R,266.0,R,577.0,R,46.0,R,252.0,R,0.0,R,252.0,R,139.0,R,55.0,R,12.0,R,0.0,R,12.0,R,7.0,R,58.0,R,11.0
132268,2013,A,,A,,A,,R,260.0,R,0.0,R,260.0,R,186.0,R,72.0,A,,A,,A,,A,,A,,R,14.0
132338,2013,R,337.0,R,604.0,R,56.0,R,99.0,Z,0.0,R,99.0,R,66.0,R,67.0,R,27.0,Z,0.0,R,27.0,R,15.0,R,56.0,R,19.0
132374,2013,A,,A,,A,,R,523.0,R,0.0,R,523.0,R,292.0,R,56.0,A,,A,,A,,A,,A,,R,10.0
132408,2013,R,43.0,R,105.0,R,41.0,R,42.0,R,0.0,R,42.0,R,35.0,R,83.0,R,0.0,R,0.0,R,0.0,R,0.0,A,,R,14.0
132471,2013,R,562.0,R,1309.0,R,43.0,R,622.0,Z,0.0,R,622.0,R,373.0,R,60.0,R,3.0,Z,0.0,R,3.0,R,2.0,R,67.0,R,13.0
132602,2013,R,1017.0,R,1197.0,R,85.0,R,886.0,R,0.0,R,886.0,R,558.0,R,63.0,R,13.0,R,0.0,R,13.0,R,0.0,R,0.0,R,18.0
132657,2013,R,451.0,R,672.0,R,67.0,R,413.0,R,0.0,R,413.0,R,286.0,R,69.0,R,2.0,R,0.0,R,2.0,R,2.0,R,100.0,R,17.0
132666,2013,A,,A,,A,,R,28.0,R,0.0,R,28.0,R,23.0,R,82.0,A,,A,,A,,A,,A,,R,15.0
132675,2013,A,,A,,A,,R,83.0,R,0.0,R,83.0,R,15.0,R,18.0,R,18.0,R,0.0,R,18.0,R,2.0,R,11.0,R,10.0
132693,2013,R,1581.0,R,3202.0,R,49.0,R,0.0,R,0.0,R,0.0,R,0.0,A,,R,0.0,R,0.0,R,0.0,R,0.0,A,,R,20.0
132709,2013,R,4003.0,R,10672.0,R,38.0,R,0.0,R,0.0,R,0.0,R,0.0,A,,R,0.0,R,0.0,R,0.0,R,0.0,A,,R,24.0
132806,2013,A,,A,,A,,R,28.0,Z,0.0,R,28.0,R,22.0,R,79.0,A,,A,,A,,A,,A,,R,33.0
132842,2013,R,9.0,R,74.0,R,12.0,R,4.0,R,0.0,R,4.0,R,4.0,R,100.0,R,7.0,R,0.0,R,7.0,R,6.0,R,86.0,R,15.0
132851,2013,R,827.0,R,1591.0,R,52.0,R,0.0,R,0.0,R,0.0,R,0.0,A,,R,0.0,R,0.0,R,0.0,R,0.0,A,,R,26.0
132879,2013,R,44.0,R,87.0,R,51.0,R,79.0,R,0.0,R,79.0,R,59.0,R,75.0,R,4.0,R,0.0,R,4.0,R,0.0,R,0.0,R,14.0
132903,2013,R,5833.0,R,13778.0,R,42.0,R,5908.0,R,3.0,R,5905.0,R,5144.0,R,87.0,R,153.0,R,0.0,R,153.0,R,120.0,R,78.0,R,31.0
132976,2013,A,,A,,A,,R,163.0,R,0.0,R,163.0,R,133.0,R,82.0,A,,A,,A,,A,,A,,R,13.0
133021,2013,R,340.0,R,529.0,R,64.0,R,0.0,R,0.0,R,0.0,R,0.0,A,,R,0.0,R,0.0,R,0.0,R,0.0,A,,R,20.0
133085,2013,R,125.0,R,175.0,R,71.0,R,115.0,R,0.0,R,115.0,R,67.0,R,58.0,R,0.0,R,0.0,R,0.0,R,0.0,A,,R,15.0
133155,2013,A,,A,,A,,R,46.0,R,0.0,R,46.0,R,38.0,R,83.0,R,5.0,R,0.0,R,5.0,R,4.0,R,80.0,R,21.0
133386,2013,R,1497.0,R,3338.0,R,45.0,R,0.0,R,0.0,R,0.0,R,0.0,A,,R,0.0,R,0.0,R,0.0,R,0.0,A,,R,21.0
133465,2013,R,31.0,R,299.0,R,10.0,R,23.0,Z,0.0,R,23.0,R,6.0,R,26.0,R,3.0,Z,0.0,R,3.0,R,1.0,R,33.0,R,17.0
133492,2013,R,452.0,R,549.0,R,82.0,R,531.0,R,1.0,R,530.0,R,441.0,R,83.0,R,4.0,R,0.0,R,4.0,R,1.0,R,25.0,R,12.0
133508,2013,R,1779.0,R,3741.0,R,48.0,R,0.0,R,0.0,R,0.0,R,0.0,A,,R,0.0,R,0.0,R,0.0,R,0.0,A,,R,25.0
133526,2013,R,204.0,R,218.0,R,94.0,R,224.0,R,2.0,R,222.0,R,113.0,R,51.0,R,0.0,R,0.0,R,0.0,R,0.0,A,,R,15.0
133553,2013,R,941.0,R,1229.0,R,77.0,R,928.0,R,0.0,R,928.0,R,722.0,R,78.0,R,5.0,R,0.0,R,5.0,R,2.0,R,40.0,R,13.0
133650,2013,R,1273.0,R,1719.0,R,74.0,R,1510.0,R,0.0,R,1510.0,R,1231.0,R,82.0,R,7.0,R,0.0,R,7.0,R,2.0,R,29.0,R,17.0
133669,2013,R,3298.0,R,7177.0,R,46.0,R,2975.0,R,0.0,R,2975.0,R,2276.0,R,77.0,R,191.0,R,0.0,R,191.0,R,129.0,R,68.0,R,24.0
133702,2013,R,1923.0,R,5449.0,R,35.0,R,0.0,R,0.0,R,0.0,R,0.0,A,,R,0.0,R,0.0,R,0.0,R,0.0,A,,R,24.0
133711,2013,R,708.0,R,894.0,R,79.0,R,646.0,R,0.0,R,646.0,R,432.0,R,67.0,A,,A,,A,,A,,A,,R,17.0
133809,2013,R,196.0,R,225.0,R,87.0,R,189.0,R,0.0,R,189.0,R,127.0,R,67.0,R,2.0,R,0.0,R,2.0,R,2.0,R,100.0,R,11.0
133845,2013,A,,A,,A,,R,105.0,R,0.0,R,105.0,R,74.0,R,70.0,A,,A,,A,,A,,A,,R,24.0
133854,2013,A,,A,,A,,R,115.0,R,0.0,R,115.0,R,82.0,R,71.0,A,,A,,A,,A,,A,,R,23.0
133863,2013,A,,A,,A,,R,122.0,R,0.0,R,122.0,R,78.0,R,64.0,A,,A,,A,,A,,A,,R,22.0
133872,2013,R,45.0,R,586.0,R,8.0,R,56.0,R,0.0,R,56.0,R,40.0,R,71.0,R,6.0,R,0.0,R,6.0,R,0.0,R,0.0,R,10.0
133881,2013,R,781.0,R,1047.0,R,75.0,R,755.0,R,0.0,R,755.0,R,602.0,R,80.0,R,1.0,R,0.0,R,1.0,R,0.0,R,0.0,R,9.0
133942,2013,A,,A,,A,,A,,A,,A,,A,,A,,A,,A,,A,,A,,A,,R,17.0
133951,2013,R,4304.0,R,10561.0,R,41.0,R,4124.0,R,0.0,R,4124.0,R,3445.0,R,84.0,R,213.0,R,0.0,R,213.0,R,140.0,R,66.0,R,27.0
133960,2013,R,143.0,R,245.0,R,58.0,R,153.0,R,0.0,R,153.0,R,89.0,R,58.0,R,82.0,R,0.0,R,82.0,R,35.0,R,43.0,R,16.0
133979,2013,R,400.0,R,501.0,R,80.0,R,390.0,R,9.0,R,381.0,R,262.0,R,69.0,R,8.0,Z,0.0,R,8.0,R,6.0,R,75.0,R,16.0
133997,2013,A,,A,,A,,R,9.0,R,0.0,R,9.0,R,5.0,R,56.0,A,,A,,A,,A,,A,,R,12.0
134024,2013,A,,A,,A,,A,,A,,A,,A,,A,,A,,A,,A,,A,,A,,R,9.0
134079,2013,R,633.0,R,810.0,R,78.0,R,536.0,Z,0.0,R,536.0,R,417.0,R,78.0,R,0.0,Z,0.0,R,0.0,R,0.0,A,,R,14.0
134097,2013,R,5980.0,R,8512.0,R,70.0,R,5683.0,R,0.0,R,5683.0,R,5212.0,R,92.0,R,29.0,R,0.0,R,29.0,R,20.0,R,69.0,R,26.0
134112,2013,A,,A,,A,,R,312.0,R,0.0,R,312.0,R,284.0,R,91.0,A,,A,,A,,A,,A,,R,32.0
134121,2013,A,,A,,A,,R,0.0,R,0.0,R,0.0,R,0.0,A,,A,,A,,A,,A,,A,,R,15.0
134130,2013,R,6348.0,R,8666.0,R,73.0,R,6273.0,R,0.0,R,6273.0,R,6051.0,R,96.0,R,17.0,R,0.0,R,17.0,R,14.0,R,82.0,R,21.0
134149,2013,A,,A,,A,,R,46.0,R,0.0,R,46.0,R,10.0,R,22.0,R,23.0,R,0.0,R,23.0,R,0.0,R,0.0,R,24.0
134228,2013,A,,A,,A,,R,27.0,R,0.0,R,27.0,R,5.0,R,19.0,R,2.0,R,0.0,R,2.0,R,1.0,R,50.0,R,9.0
134237,2013,A,,A,,A,,R,3225.0,R,24.0,R,3201.0,R,1608.0,R,50.0,A,,A,,A,,A,,A,,R,22.0
134291,2013,A,,A,,A,,R,256.0,R,0.0,R,256.0,R,232.0,R,91.0,R,86.0,R,0.0,R,86.0,R,84.0,R,98.0,R,23.0
134307,2013,A,,A,,A,,R,121.0,R,0.0,R,121.0,R,67.0,R,55.0,R,95.0,R,0.0,R,95.0,R,43.0,R,45.0,R,16.0
134343,2013,R,536.0,R,1583.0,R,34.0,R,0.0,R,0.0,R,0.0,R,0.0,A,,R,0.0,R,0.0,R,0.0,R,0.0,A,,R,18.0
134422,2013,R,14.0,R,23.0,R,61.0,R,27.0,R,0.0,R,27.0,R,17.0,R,63.0,A,,A,,A,,A,,A,,R,8.0
134495,2013,R,3385.0,R,7624.0,R,44.0,R,3450.0,R,0.0,R,3450.0,R,2160.0,R,63.0,R,1744.0,R,0.0,R,1744.0,R,856.0,R,49.0,R,23.0
134510,2013,R,19.0,R,57.0,R,33.0,R,15.0,R,0.0,R,15.0,R,10.0,R,67.0,R,0.0,R,0.0,R,0.0,R,0.0,A,,R,5.0
134529,2013,A,,A,,A,,R,89.0,R,0.0,R,89.0,R,64.0,R,72.0,A,,A,,A,,A,,A,,R,15.0
134574,2013,A,,A,,A,,A,,A,,A,,A,,A,,A,,A,,A,,A,,A,,R,20.0
134608,2013,R,1519.0,R,3194.0,R,48.0,R,0.0,R,0.0,R,0.0,R,0.0,A,,R,0.0,R,0.0,R,0.0,R,0.0,A,,R,25.0
134680,2013,R,35.0,R,68.0,R,51.0,R,25.0,Z,0.0,R,25.0,R,15.0,R,60.0,R,14.0,Z,0.0,R,14.0,R,5.0,R,36.0,R,13.0
134714,2013,A,,A,,A,,R,61.0,R,0.0,R,61.0,R,55.0,R,90.0,R,32.0,R,0.0,R,32.0,R,27.0,R,84.0,R,12.0
134811,2013,R,446.0,R,923.0,R,48.0,R,307.0,Z,0.0,R,307.0,R,165.0,R,54.0,R,54.0,Z,0.0,R,54.0,R,21.0,R,39.0,R,18.0
134909,2013,R,52.0,R,65.0,R,80.0,R,0.0,R,0.0,R,0.0,R,0.0,A,,R,0.0,R,0.0,R,0.0,R,0.0,A,,R,16.0
134945,2013,R,532.0,R,1177.0,R,45.0,R,495.0,R,0.0,R,495.0,R,355.0,R,72.0,R,4.0,R,0.0,R,4.0,R,3.0,R,75.0,R,12.0
135063,2013,R,3.0,R,51.0,R,6.0,R,2.0,R,0.0,R,2.0,R,1.0,R,50.0,R,10.0,R,0.0,R,10.0,R,5.0,R,50.0,R,7.0
135081,2013,R,2014.0,R,2651.0,R,76.0,R,665.0,R,0.0,R,665.0,R,489.0,R,74.0,R,162.0,R,0.0,R,162.0,R,62.0,R,38.0,R,12.0
135124,2013,A,,A,,A,,R,142.0,Z,0.0,R,142.0,R,97.0,R,68.0,A,,A,,A,,A,,A,,R,26.0
135142,2013,A,,A,,A,,R,14.0,R,0.0,R,14.0,R,14.0,R,100.0,R,57.0,Z,0.0,R,57.0,R,55.0,R,96.0,R,14.0
135160,2013,R,318.0,R,766.0,R,42.0,R,0.0,R,0.0,R,0.0,R,0.0,A,,R,0.0,R,0.0,R,0.0,R,0.0,A,,R,16.0
135179,2013,A,,A,,A,,R,205.0,R,0.0,R,205.0,R,155.0,R,76.0,R,57.0,R,0.0,R,57.0,R,40.0,R,70.0,R,21.0
135188,2013,R,474.0,R,1076.0,R,44.0,R,0.0,R,0.0,R,0.0,R,0.0,A,,R,0.0,R,0.0,R,0.0,R,0.0,A,,R,19.0
135267,2013,A,,A,,A,,R,499.0,R,0.0,R,499.0,R,207.0,R,41.0,A,,A,,A,,A,,A,,R,20.0
135276,2013,A,,A,,A,,R,332.0,R,1.0,R,331.0,R,162.0,R,49.0,R,262.0,R,0.0,R,262.0,R,48.0,R,18.0,R,21.0
135294,2013,A,,A,,A,,R,223.0,R,0.0,R,223.0,R,81.0,R,36.0,R,189.0,Z,0.0,R,189.0,R,87.0,R,46.0,R,14.0
135337,2013,A,,A,,A,,R,9.0,R,0.0,R,9.0,R,4.0,R,44.0,R,3.0,R,0.0,R,3.0,R,3.0,R,100.0,R,11.0
135364,2013,R,3.0,R,103.0,R,3.0,R,3.0,R,0.0,R,3.0,R,2.0,R,67.0,R,11.0,R,0.0,R,11.0,R,6.0,R,55.0,R,28.0
135391,2013,R,1121.0,R,2422.0,R,46.0,R,0.0,R,0.0,R,0.0,R,0.0,A,,R,0.0,R,0.0,R,0.0,R,0.0,A,,R,22.0
135407,2013,A,,A,,A,,R,745.0,R,0.0,R,745.0,R,699.0,R,94.0,R,120.0,R,0.0,R,120.0,R,85.0,R,71.0,R,8.0
135416,2013,A,,A,,A,,R,175.0,R,0.0,R,175.0,R,107.0,R,61.0,A,,A,,A,,A,,A,,R,7.0
135522,2013,A,,A,,A,,R,332.0,R,5.0,R,327.0,R,72.0,R,22.0,R,26.0,R,8.0,R,18.0,R,12.0,R,67.0,R,9.0
135610,2013,A,,A,,A,,A,,A,,A,,A,,A,,A,,A,,A,,A,,A,,R,10.0
135647,2013,A,,A,,A,,R,938.0,R,8.0,R,930.0,R,747.0,R,80.0,R,315.0,R,0.0,R,315.0,R,283.0,R,90.0,R,31.0
135717,2013,R,8738.0,R,14767.0,R,59.0,R,0.0,R,0.0,R,0.0,R,0.0,A,,R,0.0,R,0.0,R,0.0,R,0.0,A,,R,24.0
135726,2013,R,2115.0,R,2866.0,R,74.0,R,1987.0,R,1.0,R,1986.0,R,1814.0,R,91.0,R,25.0,R,0.0,R,25.0,R,22.0,R,88.0,R,12.0
135735,2013,A,,A,,A,,R,189.0,R,0.0,R,189.0,R,146.0,R,77.0,R,94.0,R,0.0,R,94.0,R,60.0,R,64.0,R,20.0
135771,2013,A,,A,,A,,R,137.0,R,0.0,R,137.0,R,102.0,R,74.0,A,,A,,A,,A,,A,,R,16.0
135939,2013,A,,A,,A,,R,0.0,Z,0.0,R,0.0,R,0.0,A,,A,,A,,A,,A,,A,,R,14.0
135957,2013,A,,A,,A,,R,54.0,R,0.0,R,54.0,R,31.0,R,57.0,R,3.0,R,0.0,R,3.0,R,1.0,R,33.0,R,24.0
136048,2013,A,,A,,A,,R,5.0,R,0.0,R,5.0,R,5.0,R,100.0,R,4.0,R,0.0,R,4.0,R,4.0,R,100.0,R,10.0
136066,2013,R,180.0,R,190.0,R,95.0,R,5.0,R,0.0,R,5.0,R,3.0,R,60.0,R,0.0,R,0.0,R,0.0,R,0.0,A,,R,23.0
136075,2013,A,,A,,A,,R,29.0,Z,0.0,R,29.0,R,8.0,R,28.0,A,,A,,A,,A,,A,,R,13.0
136109,2013,A,,A,,A,,R,28.0,R,0.0,R,28.0,R,25.0,R,89.0,R,19.0,Z,0.0,R,19.0,R,14.0,R,74.0,R,15.0
136145,2013,R,168.0,R,294.0,R,57.0,R,159.0,R,0.0,R,159.0,R,106.0,R,67.0,R,57.0,R,0.0,R,57.0,R,26.0,R,46.0,R,20.0
136172,2013,R,1573.0,R,3703.0,R,42.0,R,1578.0,R,1.0,R,1577.0,R,1288.0,R,82.0,R,30.0,R,0.0,R,30.0,R,21.0,R,70.0,R,20.0
136206,2013,R,124.0,R,253.0,R,49.0,R,105.0,Z,0.0,R,105.0,R,75.0,R,71.0,R,0.0,Z,0.0,R,0.0,R,0.0,A,,R,13.0
136215,2013,R,614.0,R,1577.0,R,39.0,R,599.0,R,0.0,R,599.0,R,426.0,R,71.0,R,61.0,R,0.0,R,61.0,R,15.0,R,25.0,R,17.0
136233,2013,R,629.0,R,1548.0,R,41.0,R,0.0,R,0.0,R,0.0,R,0.0,A,,R,0.0,R,0.0,R,0.0,R,0.0,A,,R,28.0
136288,2013,A,,A,,A,,R,1.0,R,0.0,R,1.0,R,1.0,R,100.0,R,2.0,R,0.0,R,2.0,R,0.0,R,0.0,R,24.0
136303,2013,A,,A,,A,,R,174.0,R,0.0,R,174.0,R,89.0,R,51.0,R,140.0,R,0.0,R,140.0,R,70.0,R,50.0,R,6.0
136330,2013,R,578.0,R,1209.0,R,48.0,R,439.0,R,0.0,R,439.0,R,322.0,R,73.0,R,0.0,R,0.0,R,0.0,R,0.0,A,,R,13.0
136358,2013,R,2506.0,R,7383.0,R,34.0,R,0.0,R,0.0,R,0.0,R,0.0,A,,R,0.0,R,0.0,R,0.0,R,0.0,A,,R,30.0
136400,2013,R,1525.0,R,2759.0,R,55.0,R,1311.0,R,0.0,R,1311.0,R,837.0,R,64.0,R,804.0,R,0.0,R,804.0,R,402.0,R,50.0,R,27.0
136473,2013,R,1207.0,R,2539.0,R,48.0,R,0.0,R,0.0,R,0.0,R,0.0,A,,R,0.0,R,0.0,R,0.0,R,0.0,A,,R,23.0
136491,2013,A,,A,,A,,R,207.0,R,0.0,R,207.0,R,175.0,R,85.0,R,2.0,R,0.0,R,2.0,R,2.0,R,100.0,R,21.0
136516,2013,R,977.0,R,2292.0,R,43.0,R,0.0,R,0.0,R,0.0,R,0.0,A,,R,0.0,R,0.0,R,0.0,R,0.0,A,,R,19.0
136659,2013,A,,A,,A,,R,85.0,R,0.0,R,85.0,R,62.0,R,73.0,R,81.0,R,0.0,R,81.0,R,30.0,R,37.0,R,19.0
136765,2013,A,,A,,A,,R,424.0,R,0.0,R,424.0,R,375.0,R,88.0,R,145.0,R,0.0,R,145.0,R,120.0,R,83.0,R,24.0
136774,2013,R,257.0,R,341.0,R,75.0,R,312.0,R,0.0,R,312.0,R,243.0,R,78.0,A,,A,,A,,A,,A,,R,11.0
136783,2013,A,,A,,A,,R,0.0,R,0.0,R,0.0,R,0.0,A,,A,,A,,A,,A,,A,,R,8.0
136826,2013,A,,A,,A,,R,183.0,R,0.0,R,183.0,R,90.0,R,49.0,R,225.0,R,0.0,R,225.0,R,88.0,R,39.0,R,18.0
136950,2013,R,477.0,R,548.0,R,87.0,R,518.0,Z,0.0,R,518.0,R,432.0,R,83.0,A,,A,,A,,A,,A,,R,10.0
137023,2013,A,,A,,A,,R,130.0,R,4.0,R,126.0,R,126.0,R,100.0,R,127.0,R,0.0,R,127.0,R,63.0,R,50.0,R,10.0
137032,2013,R,639.0,R,2430.0,R,26.0,R,633.0,R,1.0,R,632.0,R,436.0,R,69.0,A,,A,,A,,A,,A,,R,15.0
137078,2013,R,2058.0,R,6378.0,R,32.0,R,0.0,R,0.0,R,0.0,R,0.0,A,,R,0.0,R,0.0,R,0.0,R,0.0,A,,R,22.0
137087,2013,A,,A,,A,,R,344.0,Z,0.0,R,344.0,R,279.0,R,81.0,R,1.0,Z,0.0,R,1.0,R,0.0,R,0.0,R,14.0
137096,2013,R,1418.0,R,4577.0,R,31.0,R,0.0,R,0.0,R,0.0,R,0.0,A,,R,0.0,R,0.0,R,0.0,R,0.0,A,,R,21.0
137120,2013,A,,A,,A,,R,368.0,R,0.0,R,368.0,R,216.0,R,59.0,R,124.0,R,0.0,R,124.0,R,68.0,R,55.0,R,3.0
137148,2013,R,2.0,R,34.0,R,6.0,R,1.0,Z,0.0,R,1.0,Z,0.0,R,0.0,R,14.0,Z,0.0,R,14.0,R,3.0,R,21.0,R,9.0
137209,2013,R,2140.0,R,4624.0,R,46.0,R,0.0,R,0.0,R,0.0,R,0.0,A,,R,0.0,R,0.0,R,0.0,R,0.0,A,,R,28.0
137245,2013,A,,A,,A,,R,577.0,R,0.0,R,577.0,R,344.0,R,60.0,A,,A,,A,,A,,A,,R,20.0
137272,2013,R,17.0,R,25.0,R,68.0,R,11.0,R,0.0,R,11.0,R,9.0,R,82.0,A,,A,,A,,A,,A,,R,8.0
137281,2013,R,697.0,R,1502.0,R,46.0,R,0.0,R,0.0,R,0.0,R,0.0,A,,R,0.0,R,0.0,R,0.0,R,0.0,A,,R,20.0
137315,2013,R,339.0,R,617.0,R,55.0,R,0.0,R,0.0,R,0.0,R,0.0,A,,R,0.0,R,0.0,R,0.0,R,0.0,A,,R,17.0
137351,2013,R,3815.0,R,7734.0,R,49.0,R,3715.0,R,0.0,R,3715.0,R,3298.0,R,89.0,R,35.0,R,0.0,R,35.0,R,17.0,R,49.0,R,24.0
137476,2013,R,194.0,R,329.0,R,59.0,R,208.0,R,1.0,R,207.0,R,128.0,R,62.0,R,2.0,R,0.0,R,2.0,R,1.0,R,50.0,R,14.0
137537,2013,A,,A,,A,,R,5.0,R,0.0,R,5.0,R,5.0,R,100.0,R,7.0,R,0.0,R,7.0,R,4.0,R,57.0,R,19.0
137546,2013,R,852.0,R,952.0,R,89.0,R,817.0,R,1.0,R,816.0,R,637.0,R,78.0,R,1.0,R,0.0,R,1.0,R,0.0,R,0.0,R,13.0
137564,2013,R,842.0,R,1508.0,R,56.0,R,562.0,R,0.0,R,562.0,R,386.0,R,69.0,R,30.0,R,0.0,R,30.0,R,14.0,R,47.0,R,20.0
137591,2013,A,,A,,A,,R,53.0,R,1.0,R,52.0,R,41.0,R,79.0,A,,A,,A,,A,,A,,R,10.0
137713,2013,A,,A,,A,,R,81.0,R,0.0,R,81.0,R,60.0,R,74.0,R,21.0,R,0.0,R,21.0,R,19.0,R,90.0,R,6.0
137759,2013,R,2158.0,R,4377.0,R,49.0,R,2098.0,R,0.0,R,2098.0,R,1232.0,R,59.0,R,789.0,R,0.0,R,789.0,R,408.0,R,52.0,R,26.0
137777,2013,R,4.0,R,11.0,R,36.0,R,5.0,R,0.0,R,5.0,R,3.0,R,60.0,A,,A,,A,,A,,A,,R,4.0
137801,2013,A,,A,,A,,R,2.0,R,0.0,R,2.0,R,1.0,R,50.0,R,0.0,R,0.0,R,0.0,R,0.0,A,,R,20.0
137810,2013,A,,A,,A,,R,0.0,R,0.0,R,0.0,R,0.0,A,,R,0.0,R,0.0,R,0.0,R,0.0,A,,R,24.0
137847,2013,R,1590.0,R,2112.0,R,75.0,R,1516.0,R,2.0,R,1514.0,R,1137.0,R,75.0,R,2.0,R,0.0,R,2.0,R,1.0,R,50.0,R,17.0
137856,2013,A,,A,,A,,R,42.0,R,0.0,R,42.0,R,32.0,R,76.0,R,30.0,R,0.0,R,30.0,R,6.0,R,20.0,R,9.0
137865,2013,A,,A,,A,,R,160.0,R,0.0,R,160.0,R,60.0,R,38.0,R,16.0,R,0.0,R,16.0,R,6.0,R,38.0,R,16.0
137953,2013,R,70.0,R,128.0,R,55.0,R,53.0,R,0.0,R,53.0,R,25.0,R,47.0,R,3.0,R,0.0,R,3.0,R,1.0,R,33.0,R,11.0
137962,2013,R,24.0,R,76.0,R,32.0,R,28.0,R,0.0,R,28.0,R,17.0,R,61.0,R,1.0,R,0.0,R,1.0,R,0.0,R,0.0,R,13.0
138132,2013,A,,A,,A,,R,22.0,R,0.0,R,22.0,R,18.0,R,82.0,R,4.0,R,0.0,R,4.0,R,4.0,R,100.0,R,14.0
138187,2013,R,5443.0,R,14564.0,R,37.0,R,0.0,R,0.0,R,0.0,R,0.0,A,,R,0.0,R,0.0,R,0.0,R,0.0,A,,R,30.0
138275,2013,R,171.0,R,355.0,R,48.0,R,195.0,R,0.0,R,195.0,R,96.0,R,49.0,R,4.0,R,0.0,R,4.0,R,0.0,R,0.0,R,22.0
138284,2013,A,,A,,A,,R,185.0,R,0.0,R,185.0,R,146.0,R,79.0,R,63.0,R,0.0,R,63.0,R,35.0,R,56.0,R,9.0
138293,2013,R,205.0,R,301.0,R,68.0,R,141.0,R,0.0,R,141.0,R,74.0,R,52.0,A,,A,,A,,A,,A,,R,22.0
138309,2013,R,241.0,R,1351.0,R,18.0,R,14.0,R,0.0,R,14.0,R,10.0,R,71.0,R,52.0,R,0.0,R,52.0,R,20.0,R,38.0,R,16.0
138354,2013,R,1316.0,R,2793.0,R,47.0,R,1625.0,R,0.0,R,1625.0,R,1138.0,R,70.0,R,170.0,R,0.0,R,170.0,R,116.0,R,68.0,R,24.0
138372,2013,A,,A,,A,,R,138.0,R,0.0,R,138.0,R,103.0,R,75.0,R,168.0,R,0.0,R,168.0,R,106.0,R,63.0,R,13.0
138479,2013,A,,A,,A,,R,576.0,R,1.0,R,575.0,R,308.0,R,54.0,A,,A,,A,,A,,A,,R,11.0
138488,2013,A,,A,,A,,R,90.0,R,0.0,R,90.0,R,47.0,R,52.0,R,90.0,R,0.0,R,90.0,R,46.0,R,51.0,R,7.0
138497,2013,A,,A,,A,,R,185.0,R,0.0,R,185.0,R,138.0,R,75.0,A,,A,,A,,A,,A,,R,6.0
138558,2013,R,944.0,R,1360.0,R,69.0,R,149.0,R,0.0,R,149.0,R,90.0,R,60.0,R,6.0,R,0.0,R,6.0,R,1.0,R,17.0,R,22.0
138600,2013,R,252.0,R,289.0,R,87.0,R,232.0,R,0.0,R,232.0,R,192.0,R,83.0,R,0.0,R,0.0,R,0.0,R,0.0,A,,R,11.0
138655,2013,R,107.0,R,115.0,R,93.0,R,100.0,Z,0.0,R,100.0,R,63.0,R,63.0,R,3.0,Z,0.0,R,3.0,R,3.0,R,100.0,R,25.0
138664,2013,R,14.0,R,14.0,R,100.0,R,9.0,Z,0.0,R,9.0,R,7.0,R,78.0,A,,A,,A,,A,,A,,R,10.0
138682,2013,R,416.0,R,1409.0,R,30.0,R,379.0,R,0.0,R,379.0,R,208.0,R,55.0,R,279.0,R,0.0,R,279.0,R,108.0,R,39.0,R,24.0
138691,2013,R,908.0,R,2198.0,R,41.0,R,1023.0,R,0.0,R,1023.0,R,575.0,R,56.0,R,228.0,R,0.0,R,228.0,R,95.0,R,42.0,R,22.0
138716,2013,R,508.0,R,897.0,R,57.0,R,495.0,R,0.0,R,495.0,R,345.0,R,70.0,R,7.0,R,0.0,R,7.0,R,3.0,R,43.0,R,20.0
138761,2013,R,184.0,R,207.0,R,89.0,R,174.0,R,0.0,R,174.0,R,77.0,R,44.0,A,,A,,A,,A,,A,,R,12.0
138789,2013,R,877.0,R,1697.0,R,52.0,R,968.0,R,0.0,R,968.0,R,652.0,R,67.0,R,94.0,R,0.0,R,94.0,R,39.0,R,41.0,R,18.0
138813,2013,R,719.0,R,1222.0,R,59.0,R,506.0,R,1.0,R,505.0,R,214.0,R,42.0,R,42.0,Z,0.0,R,42.0,R,17.0,R,40.0,R,24.0
138822,2013,A,,A,,A,,R,84.0,R,0.0,R,84.0,R,61.0,R,73.0,A,,A,,A,,A,,A,,R,20.0
138840,2013,R,430.0,R,2011.0,R,21.0,R,403.0,R,0.0,R,403.0,R,218.0,R,54.0,R,577.0,R,0.0,R,577.0,R,205.0,R,36.0,R,18.0
138868,2013,R,191.0,R,404.0,R,47.0,R,254.0,R,0.0,R,254.0,R,123.0,R,48.0,R,0.0,R,0.0,R,0.0,R,0.0,A,,R,22.0
138901,2013,R,265.0,R,1161.0,R,23.0,R,5.0,R,0.0,R,5.0,R,4.0,R,80.0,R,0.0,R,0.0,R,0.0,R,0.0,A,,R,27.0
138938,2013,A,,A,,A,,R,46.0,Z,0.0,R,46.0,R,36.0,R,78.0,A,,A,,A,,A,,A,,R,10.0
138947,2013,R,767.0,R,893.0,R,86.0,R,624.0,R,0.0,R,624.0,R,406.0,R,65.0,R,13.0,R,0.0,R,13.0,R,3.0,R,23.0,R,16.0
138956,2013,R,386.0,R,1370.0,R,28.0,R,321.0,R,0.0,R,321.0,R,181.0,R,56.0,R,445.0,R,0.0,R,445.0,R,189.0,R,42.0,R,16.0
139010,2013,R,234.0,R,852.0,R,27.0,R,345.0,R,0.0,R,345.0,R,190.0,R,55.0,R,218.0,R,0.0,R,218.0,R,90.0,R,41.0,R,16.0
139074,2013,A,,A,,A,,R,2.0,R,0.0,R,2.0,R,0.0,R,0.0,R,1.0,R,0.0,R,1.0,R,0.0,R,0.0,R,10.0
139092,2013,A,,A,,A,,R,10.0,R,0.0,R,10.0,R,9.0,R,90.0,A,,A,,A,,A,,A,,R,12.0
139144,2013,R,672.0,R,719.0,R,93.0,R,618.0,R,0.0,R,618.0,R,491.0,R,79.0,R,0.0,R,0.0,R,0.0,R,0.0,A,,R,12.0
139153,2013,R,57.0,R,108.0,R,53.0,R,27.0,R,0.0,R,27.0,R,26.0,R,96.0,R,18.0,R,0.0,R,18.0,R,17.0,R,94.0,R,12.0
139199,2013,R,201.0,R,527.0,R,38.0,R,169.0,R,0.0,R,169.0,R,113.0,R,67.0,R,10.0,R,0.0,R,10.0,R,1.0,R,10.0,R,12.0
139205,2013,R,147.0,R,286.0,R,51.0,R,135.0,R,1.0,R,134.0,R,80.0,R,60.0,R,1.0,R,0.0,R,1.0,R,1.0,R,100.0,R,17.0
139214,2013,R,6.0,R,19.0,R,32.0,R,4.0,R,0.0,R,4.0,R,1.0,R,25.0,R,6.0,R,0.0,R,6.0,R,3.0,R,50.0,R,9.0
139250,2013,R,528.0,R,930.0,R,57.0,R,204.0,R,0.0,R,204.0,R,117.0,R,57.0,R,23.0,R,0.0,R,23.0,R,12.0,R,52.0,R,18.0
139278,2013,R,662.0,R,2719.0,R,24.0,R,502.0,R,0.0,R,502.0,R,276.0,R,55.0,R,752.0,R,0.0,R,752.0,R,315.0,R,42.0,R,18.0
139287,2013,R,27.0,R,34.0,R,79.0,R,14.0,R,0.0,R,14.0,R,11.0,R,79.0,R,4.0,Z,0.0,R,4.0,R,4.0,R,100.0,R,8.0
139311,2013,R,476.0,R,1954.0,R,24.0,R,495.0,R,0.0,R,495.0,R,360.0,R,73.0,R,117.0,R,0.0,R,117.0,R,78.0,R,67.0,R,18.0
139357,2013,R,326.0,R,1287.0,R,25.0,R,347.0,R,0.0,R,347.0,R,158.0,R,46.0,R,411.0,R,0.0,R,411.0,R,155.0,R,38.0,R,19.0
139366,2013,R,1026.0,R,1942.0,R,53.0,R,1059.0,R,0.0,R,1059.0,R,704.0,R,66.0,R,59.0,R,0.0,R,59.0,R,31.0,R,53.0,R,17.0
139384,2013,R,549.0,R,2964.0,R,19.0,R,495.0,R,0.0,R,495.0,R,254.0,R,51.0,R,609.0,R,0.0,R,609.0,R,267.0,R,44.0,R,19.0
139393,2013,R,295.0,R,352.0,R,84.0,R,268.0,R,0.0,R,268.0,R,227.0,R,85.0,A,,A,,A,,A,,A,,R,14.0
139463,2013,R,819.0,R,1424.0,R,58.0,R,299.0,R,0.0,R,299.0,R,213.0,R,71.0,R,40.0,R,0.0,R,40.0,R,22.0,R,55.0,R,23.0
139506,2013,A,,A,,A,,R,19.0,R,0.0,R,19.0,R,16.0,R,84.0,A,,A,,A,,A,,A,,R,11.0
139579,2013,R,41.0,R,229.0,R,18.0,R,21.0,R,1.0,R,20.0,R,9.0,R,45.0,R,7.0,Z,0.0,R,7.0,R,1.0,R,14.0,R,15.0
139621,2013,R,929.0,R,1329.0,R,70.0,R,0.0,R,0.0,R,0.0,R,0.0,A,,R,0.0,R,0.0,R,0.0,R,0.0,A,,R,28.0
139630,2013,R,167.0,R,307.0,R,54.0,R,192.0,R,0.0,R,192.0,R,123.0,R,64.0,R,0.0,Z,0.0,R,0.0,R,0.0,A,,R,12.0
139658,2013,R,1853.0,R,2218.0,R,84.0,R,1363.0,R,11.0,R,1352.0,R,1276.0,R,94.0,R,0.0,Z,0.0,R,0.0,Z,0.0,A,,R,8.0
139700,2013,R,1018.0,R,2002.0,R,51.0,R,917.0,R,0.0,R,917.0,R,593.0,R,65.0,R,272.0,R,0.0,R,272.0,R,150.0,R,55.0,R,22.0
139719,2013,R,524.0,R,681.0,R,77.0,R,635.0,R,0.0,R,635.0,R,372.0,R,59.0,R,23.0,R,0.0,R,23.0,R,5.0,R,22.0,R,20.0
139746,2013,A,,A,,A,,A,,A,,A,,A,,A,,A,,A,,A,,A,,A,,R,12.0
139755,2013,R,2669.0,R,3705.0,R,72.0,R,3039.0,R,0.0,R,3039.0,R,2903.0,R,96.0,R,5.0,R,0.0,R,5.0,R,5.0,R,100.0,R,17.0
139764,2013,R,351.0,R,828.0,R,42.0,R,374.0,R,0.0,R,374.0,R,243.0,R,65.0,R,6.0,R,0.0,R,6.0,R,2.0,R,33.0,R,17.0
139861,2013,R,1395.0,R,1823.0,R,77.0,R,1304.0,R,0.0,R,1304.0,R,1103.0,R,85.0,R,7.0,R,0.0,R,7.0,R,5.0,R,71.0,R,17.0
139904,2013,R,977.0,R,1558.0,R,63.0,R,508.0,R,0.0,R,508.0,R,280.0,R,55.0,R,80.0,R,0.0,R,80.0,R,22.0,R,28.0,R,14.0
139931,2013,R,3544.0,R,5318.0,R,67.0,R,3576.0,R,1.0,R,3575.0,R,2877.0,R,80.0,R,28.0,R,0.0,R,28.0,R,15.0,R,54.0,R,21.0
139940,2013,R,3388.0,R,6868.0,R,49.0,R,3157.0,R,0.0,R,3157.0,R,2599.0,R,82.0,R,97.0,R,0.0,R,97.0,R,52.0,R,54.0,R,22.0
139959,2013,R,5219.0,R,6650.0,R,78.0,R,4922.0,R,0.0,R,4922.0,R,4635.0,R,94.0,R,13.0,R,0.0,R,13.0,R,13.0,R,100.0,R,17.0
139968,2013,R,1072.0,R,1553.0,R,69.0,R,1.0,R,0.0,R,1.0,R,1.0,R,100.0,R,0.0,R,0.0,R,0.0,R,0.0,A,,R,21.0
139986,2013,R,511.0,R,2387.0,R,21.0,R,446.0,R,0.0,R,446.0,R,216.0,R,48.0,R,542.0,R,0.0,R,542.0,R,251.0,R,46.0,R,21.0
139995,2013,R,93.0,R,93.0,R,100.0,R,107.0,R,0.0,R,107.0,R,72.0,R,67.0,A,,A,,A,,A,,A,,R,22.0
140003,2013,R,51.0,R,105.0,R,49.0,R,60.0,R,0.0,R,60.0,R,38.0,R,63.0,R,38.0,R,0.0,R,38.0,R,25.0,R,66.0,R,15.0
140012,2013,R,454.0,R,2545.0,R,18.0,R,391.0,R,0.0,R,391.0,R,214.0,R,55.0,R,400.0,R,0.0,R,400.0,R,211.0,R,53.0,R,22.0
140164,2013,R,3148.0,R,6191.0,R,51.0,R,3091.0,R,0.0,R,3091.0,R,2338.0,R,76.0,R,103.0,R,0.0,R,103.0,R,56.0,R,54.0,R,21.0
140234,2013,R,267.0,R,347.0,R,77.0,R,198.0,R,0.0,R,198.0,R,121.0,R,61.0,R,0.0,R,0.0,R,0.0,R,0.0,A,,R,11.0
140243,2013,R,378.0,R,1502.0,R,25.0,R,195.0,R,0.0,R,195.0,R,120.0,R,62.0,R,342.0,R,0.0,R,342.0,R,169.0,R,49.0,R,15.0
140252,2013,R,73.0,R,160.0,R,46.0,R,39.0,R,0.0,R,39.0,R,27.0,R,69.0,R,0.0,R,0.0,R,0.0,R,0.0,A,,R,13.0
140331,2013,R,1032.0,R,4236.0,R,24.0,R,1136.0,R,0.0,R,1136.0,R,565.0,R,50.0,R,1369.0,R,0.0,R,1369.0,R,518.0,R,38.0,R,24.0
140340,2013,R,39.0,R,56.0,R,70.0,R,19.0,R,0.0,R,19.0,R,6.0,R,32.0,R,0.0,Z,0.0,R,0.0,Z,0.0,A,,R,15.0
140447,2013,R,727.0,R,1280.0,R,57.0,R,645.0,R,0.0,R,645.0,R,529.0,R,82.0,R,46.0,R,0.0,R,46.0,R,31.0,R,67.0,R,12.0
140553,2013,R,483.0,R,557.0,R,87.0,R,567.0,R,0.0,R,567.0,R,454.0,R,80.0,R,3.0,R,0.0,R,3.0,R,2.0,R,67.0,R,12.0
140599,2013,R,212.0,R,801.0,R,26.0,R,142.0,R,0.0,R,142.0,R,78.0,R,55.0,R,107.0,R,0.0,R,107.0,R,50.0,R,47.0,R,15.0
140678,2013,R,395.0,R,1039.0,R,38.0,R,344.0,R,0.0,R,344.0,R,171.0,R,50.0,R,205.0,R,0.0,R,205.0,R,95.0,R,46.0,R,16.0
140696,2013,R,283.0,R,383.0,R,74.0,R,277.0,R,0.0,R,277.0,R,220.0,R,79.0,R,0.0,Z,0.0,R,0.0,Z,0.0,A,,R,14.0
140720,2013,R,252.0,R,356.0,R,71.0,R,173.0,R,0.0,R,173.0,R,117.0,R,68.0,R,3.0,R,0.0,R,3.0,R,0.0,R,0.0,R,13.0
140818,2013,R,253.0,R,354.0,R,71.0,R,208.0,R,0.0,R,208.0,R,146.0,R,70.0,R,2.0,R,0.0,R,2.0,R,1.0,R,50.0,R,14.0
140827,2013,A,,A,,A,,R,7.0,R,0.0,R,7.0,R,3.0,R,43.0,R,0.0,Z,0.0,R,0.0,Z,0.0,A,,R,6.0
140872,2013,R,344.0,R,404.0,R,85.0,R,341.0,R,0.0,R,341.0,R,205.0,R,60.0,R,2.0,R,0.0,R,2.0,R,1.0,R,50.0,R,14.0
140942,2013,R,362.0,R,1883.0,R,19.0,R,384.0,R,0.0,R,384.0,R,207.0,R,54.0,R,529.0,R,0.0,R,529.0,R,226.0,R,43.0,R,20.0
140951,2013,R,1598.0,R,2378.0,R,67.0,R,1664.0,R,0.0,R,1664.0,R,1343.0,R,81.0,R,36.0,R,0.0,R,36.0,R,30.0,R,83.0,R,18.0
140960,2013,R,1264.0,R,1539.0,R,82.0,R,1025.0,R,0.0,R,1025.0,R,720.0,R,70.0,R,30.0,R,0.0,R,30.0,R,13.0,R,43.0,R,23.0
140988,2013,R,307.0,R,439.0,R,70.0,R,277.0,R,0.0,R,277.0,R,196.0,R,71.0,R,0.0,R,0.0,R,0.0,R,0.0,A,,R,12.0
141006,2013,R,376.0,R,715.0,R,53.0,R,280.0,R,0.0,R,280.0,R,167.0,R,60.0,R,148.0,R,0.0,R,148.0,R,63.0,R,43.0,R,18.0
141015,2013,A,,A,,A,,R,6.0,R,0.0,R,6.0,R,5.0,R,83.0,A,,A,,A,,A,,A,,R,7.0
141060,2013,R,558.0,R,614.0,R,91.0,R,520.0,R,0.0,R,520.0,R,458.0,R,88.0,R,3.0,R,0.0,R,3.0,R,3.0,R,100.0,R,10.0
141097,2013,R,761.0,R,1675.0,R,45.0,R,743.0,R,0.0,R,743.0,R,538.0,R,72.0,R,21.0,R,0.0,R,21.0,R,11.0,R,52.0,R,21.0
141158,2013,R,78.0,R,900.0,R,9.0,R,85.0,R,0.0,R,85.0,R,49.0,R,58.0,R,125.0,R,0.0,R,125.0,R,50.0,R,40.0,R,12.0
141167,2013,R,70.0,R,311.0,R,23.0,R,102.0,R,0.0,R,102.0,R,48.0,R,47.0,R,10.0,R,0.0,R,10.0,R,6.0,R,60.0,R,10.0
141185,2013,R,163.0,R,280.0,R,58.0,R,173.0,R,0.0,R,173.0,R,130.0,R,75.0,R,5.0,R,0.0,R,5.0,R,2.0,R,40.0,R,14.0
141237,2013,R,197.0,R,899.0,R,22.0,R,189.0,R,0.0,R,189.0,R,121.0,R,64.0,R,3.0,R,0.0,R,3.0,R,1.0,R,33.0,R,16.0
141255,2013,R,303.0,R,1670.0,R,18.0,R,335.0,R,0.0,R,335.0,R,172.0,R,51.0,R,463.0,R,0.0,R,463.0,R,173.0,R,37.0,R,16.0
141264,2013,R,1688.0,R,2565.0,R,66.0,R,1920.0,R,0.0,R,1920.0,R,1322.0,R,69.0,R,36.0,R,0.0,R,36.0,R,16.0,R,44.0,R,20.0
141325,2013,R,119.0,R,209.0,R,57.0,R,121.0,R,0.0,R,121.0,R,80.0,R,66.0,R,0.0,Z,0.0,R,0.0,R,0.0,A,,R,10.0
141334,2013,R,2198.0,R,3138.0,R,70.0,R,2012.0,R,0.0,R,2012.0,R,1438.0,R,71.0,R,46.0,R,0.0,R,46.0,R,22.0,R,48.0,R,19.0
141361,2013,R,419.0,R,481.0,R,87.0,R,387.0,R,1.0,R,386.0,R,237.0,R,61.0,R,0.0,R,0.0,R,0.0,R,0.0,A,,R,11.0
141468,2013,R,195.0,R,410.0,R,48.0,R,155.0,R,2.0,R,153.0,R,87.0,R,57.0,R,97.0,R,3.0,R,94.0,R,44.0,R,47.0,R,22.0
141486,2013,R,263.0,R,488.0,R,54.0,R,233.0,R,0.0,R,233.0,R,170.0,R,73.0,R,47.0,R,0.0,R,47.0,R,11.0,R,23.0,R,11.0
141565,2013,R,489.0,R,1215.0,R,40.0,R,444.0,R,0.0,R,444.0,R,310.0,R,70.0,R,14.0,R,0.0,R,14.0,R,5.0,R,36.0,R,14.0
141574,2013,R,1957.0,R,4146.0,R,47.0,R,1884.0,R,0.0,R,1884.0,R,1467.0,R,78.0,R,68.0,R,0.0,R,68.0,R,44.0,R,65.0,R,13.0
141608,2013,A,,A,,A,,R,9.0,R,0.0,R,9.0,R,7.0,R,78.0,A,,A,,A,,A,,A,,R,16.0
141644,2013,R,516.0,R,1554.0,R,33.0,R,464.0,R,0.0,R,464.0,R,319.0,R,69.0,R,28.0,R,0.0,R,28.0,R,3.0,R,11.0,R,15.0
141680,2013,R,432.0,R,1612.0,R,27.0,R,375.0,R,0.0,R,375.0,R,227.0,R,61.0,R,255.0,R,0.0,R,255.0,R,83.0,R,33.0,R,16.0
141796,2013,R,815.0,R,3028.0,R,27.0,R,825.0,R,0.0,R,825.0,R,533.0,R,65.0,R,515.0,R,0.0,R,515.0,R,224.0,R,43.0,R,19.0
141802,2013,R,211.0,R,618.0,R,34.0,R,204.0,R,0.0,R,204.0,R,122.0,R,60.0,R,125.0,R,1.0,R,124.0,R,50.0,R,40.0,R,12.0
141811,2013,R,837.0,R,2994.0,R,28.0,R,904.0,R,0.0,R,904.0,R,580.0,R,64.0,R,429.0,R,0.0,R,429.0,R,167.0,R,39.0,R,24.0
141839,2013,R,431.0,R,1364.0,R,32.0,R,0.0,R,0.0,R,0.0,R,0.0,A,,R,0.0,R,0.0,R,0.0,R,0.0,A,,R,16.0
141848,2013,A,,A,,A,,R,40.0,R,0.0,R,40.0,R,31.0,R,78.0,R,3.0,R,0.0,R,3.0,R,3.0,R,100.0,R,9.0
141945,2013,A,,A,,A,,R,55.0,R,0.0,R,55.0,R,50.0,R,91.0,A,,A,,A,,A,,A,,R,15.0
141981,2013,R,214.0,R,952.0,R,22.0,R,161.0,R,0.0,R,161.0,R,109.0,R,68.0,R,135.0,R,0.0,R,135.0,R,70.0,R,52.0,R,20.0
141990,2013,R,283.0,R,1245.0,R,23.0,R,276.0,R,0.0,R,276.0,R,166.0,R,60.0,R,147.0,R,0.0,R,147.0,R,54.0,R,37.0,R,25.0
142054,2013,A,,A,,A,,R,37.0,Z,0.0,R,37.0,R,25.0,R,68.0,R,0.0,R,0.0,R,0.0,R,0.0,A,,R,18.0
142090,2013,R,47.0,R,59.0,R,80.0,R,50.0,R,0.0,R,50.0,R,33.0,R,66.0,R,4.0,R,0.0,R,4.0,R,2.0,R,50.0,R,15.0
142115,2013,R,2079.0,R,5393.0,R,39.0,R,2222.0,R,0.0,R,2222.0,R,1584.0,R,71.0,R,141.0,R,0.0,R,141.0,R,61.0,R,43.0,R,20.0
142179,2013,R,53.0,R,220.0,R,24.0,R,37.0,R,0.0,R,37.0,R,23.0,R,62.0,R,29.0,R,0.0,R,29.0,R,13.0,R,45.0,R,8.0
142276,2013,R,1334.0,R,3326.0,R,40.0,R,698.0,R,0.0,R,698.0,R,478.0,R,68.0,R,98.0,R,0.0,R,98.0,R,41.0,R,42.0,R,15.0
142285,2013,R,1590.0,R,3213.0,R,49.0,R,1580.0,R,0.0,R,1580.0,R,1242.0,R,79.0,R,37.0,R,0.0,R,37.0,R,11.0,R,30.0,R,18.0
142294,2013,R,291.0,R,358.0,R,81.0,R,287.0,R,4.0,R,283.0,R,249.0,R,88.0,R,5.0,R,0.0,R,5.0,R,2.0,R,40.0,R,11.0
142328,2013,R,446.0,R,1477.0,R,30.0,R,376.0,Z,0.0,R,376.0,R,225.0,R,60.0,R,37.0,Z,0.0,R,37.0,R,5.0,R,14.0,R,16.0
142337,2013,R,31.0,R,46.0,R,67.0,R,0.0,R,0.0,R,0.0,R,0.0,A,,R,0.0,R,0.0,R,0.0,R,0.0,A,,R,10.0
142407,2013,A,,A,,A,,R,30.0,R,0.0,R,30.0,R,25.0,R,83.0,R,0.0,R,0.0,R,0.0,R,0.0,A,,R,16.0
142416,2013,A,,A,,A,,R,24.0,Z,0.0,R,24.0,R,18.0,R,75.0,A,,A,,A,,A,,A,,R,20.0
142443,2013,R,754.0,R,1737.0,R,43.0,R,832.0,Z,0.0,R,832.0,R,456.0,R,55.0,R,299.0,Z,0.0,R,299.0,R,112.0,R,37.0,R,15.0
142461,2013,R,249.0,R,383.0,R,65.0,R,242.0,Z,0.0,R,242.0,R,184.0,R,76.0,R,1.0,Z,0.0,R,1.0,R,1.0,R,100.0,R,17.0
142489,2013,A,,A,,A,,R,18.0,R,2.0,R,16.0,R,12.0,R,75.0,A,,A,,A,,A,,A,,R,8.0
142522,2013,R,2234.0,R,9987.0,R,22.0,R,1664.0,R,567.0,R,1097.0,R,741.0,R,68.0,R,172.0,R,55.0,R,117.0,R,43.0,R,37.0,R,24.0
142559,2013,R,783.0,R,3684.0,R,21.0,R,1020.0,R,0.0,R,1020.0,R,574.0,R,56.0,R,434.0,R,0.0,R,434.0,R,160.0,R,37.0,R,21.0
142869,2013,A,,A,,A,,R,37.0,R,0.0,R,37.0,R,12.0,R,32.0,R,13.0,R,0.0,R,13.0,R,6.0,R,46.0,R,13.0
142878,2013,A,,A,,A,,R,40.0,R,0.0,R,40.0,R,35.0,R,88.0,A,,A,,A,,A,,A,,R,5.0
142887,2013,R,75.0,R,112.0,R,67.0,R,81.0,R,0.0,R,81.0,R,66.0,R,81.0,R,33.0,R,0.0,R,33.0,R,20.0,R,61.0,R,15.0
143048,2013,R,575.0,R,902.0,R,64.0,R,561.0,R,7.0,R,554.0,R,450.0,R,81.0,R,2.0,R,0.0,R,2.0,R,2.0,R,100.0,R,11.0
143084,2013,R,627.0,R,692.0,R,91.0,R,656.0,R,0.0,R,656.0,R,558.0,R,85.0,A,,A,,A,,A,,A,,R,12.0
143118,2013,R,701.0,R,1164.0,R,60.0,R,501.0,R,0.0,R,501.0,R,368.0,R,73.0,R,0.0,R,0.0,R,0.0,R,0.0,A,,R,15.0
143181,2013,A,,A,,A,,R,9.0,R,0.0,R,9.0,R,6.0,R,67.0,A,,A,,A,,A,,A,,R,11.0
143215,2013,R,1098.0,R,2735.0,R,40.0,R,1140.0,R,21.0,R,1119.0,R,720.0,R,64.0,R,436.0,R,26.0,R,410.0,R,174.0,R,42.0,R,21.0
143279,2013,R,438.0,R,1857.0,R,24.0,R,496.0,R,9.0,R,487.0,R,286.0,R,59.0,R,103.0,R,6.0,R,97.0,R,37.0,R,38.0,R,20.0
143288,2013,R,115.0,R,164.0,R,70.0,R,135.0,R,0.0,R,135.0,R,99.0,R,73.0,R,3.0,R,0.0,R,3.0,R,1.0,R,33.0,R,11.0
143297,2013,A,,A,,A,,A,,A,,A,,A,,A,,A,,A,,A,,A,,A,,R,8.0
143303,2013,A,,A,,A,,A,,A,,A,,A,,A,,A,,A,,A,,A,,A,,R,5.0
143358,2013,R,1082.0,R,1353.0,R,80.0,R,1015.0,Z,0.0,R,1015.0,R,894.0,R,88.0,R,1.0,Z,0.0,R,1.0,R,1.0,R,100.0,R,12.0
143376,2013,A,,A,,A,,R,259.0,R,1.0,R,258.0,R,190.0,R,74.0,R,92.0,R,0.0,R,92.0,R,80.0,R,87.0,R,10.0
143464,2013,A,,A,,A,,R,18.0,R,0.0,R,18.0,R,12.0,R,67.0,R,10.0,R,0.0,R,10.0,R,9.0,R,90.0,R,9.0
143473,2013,A,,A,,A,,R,19.0,R,0.0,R,19.0,R,19.0,R,100.0,R,54.0,R,0.0,R,54.0,R,50.0,R,93.0,R,9.0
143482,2013,A,,A,,A,,R,5.0,R,0.0,R,5.0,R,4.0,R,80.0,R,37.0,R,0.0,R,37.0,R,29.0,R,78.0,R,16.0
143491,2013,A,,A,,A,,R,6.0,R,0.0,R,6.0,R,6.0,R,100.0,R,66.0,R,0.0,R,66.0,R,53.0,R,80.0,R,12.0
143516,2013,A,,A,,A,,R,12.0,R,0.0,R,12.0,R,11.0,R,92.0,R,44.0,R,0.0,R,44.0,R,38.0,R,86.0,R,13.0
143534,2013,A,,A,,A,,R,6.0,R,0.0,R,6.0,R,4.0,R,67.0,A,,A,,A,,A,,A,,R,8.0
143543,2013,A,,A,,A,,R,21.0,R,0.0,R,21.0,R,16.0,R,76.0,R,5.0,R,0.0,R,5.0,R,3.0,R,60.0,R,13.0
143552,2013,A,,A,,A,,R,5.0,R,0.0,R,5.0,R,3.0,R,60.0,R,1.0,R,0.0,R,1.0,R,1.0,R,100.0,R,11.0
143613,2013,R,301.0,R,1186.0,R,25.0,R,358.0,R,3.0,R,355.0,R,180.0,R,51.0,R,138.0,R,2.0,R,136.0,R,41.0,R,30.0,R,15.0
143695,2013,A,,A,,A,,R,7.0,Z,0.0,R,7.0,R,5.0,R,71.0,A,,A,,A,,A,,A,,R,12.0
144005,2013,R,225.0,R,824.0,R,27.0,R,263.0,R,0.0,R,263.0,R,141.0,R,54.0,R,60.0,R,0.0,R,60.0,R,23.0,R,38.0,R,12.0
144050,2013,R,1426.0,R,1450.0,R,98.0,R,1527.0,R,6.0,R,1521.0,R,1511.0,R,99.0,A,,A,,A,,A,,A,,R,6.0
144157,2013,R,504.0,R,1454.0,R,35.0,R,778.0,R,28.0,R,750.0,R,372.0,R,50.0,R,199.0,R,16.0,R,183.0,R,39.0,R,21.0,R,33.0
144166,2013,R,556.0,R,1978.0,R,28.0,R,607.0,R,31.0,R,576.0,R,220.0,R,38.0,R,274.0,R,21.0,R,253.0,R,77.0,R,30.0,R,31.0
144175,2013,R,319.0,R,1324.0,R,24.0,R,348.0,R,18.0,R,330.0,R,147.0,R,45.0,R,109.0,R,6.0,R,103.0,R,46.0,R,45.0,R,32.0
144184,2013,R,447.0,R,2932.0,R,15.0,R,618.0,R,59.0,R,559.0,R,254.0,R,45.0,R,303.0,R,23.0,R,280.0,R,82.0,R,29.0,R,33.0
144193,2013,R,487.0,R,2774.0,R,18.0,R,533.0,R,20.0,R,513.0,R,242.0,R,47.0,R,335.0,R,26.0,R,309.0,R,118.0,R,38.0,R,43.0
144209,2013,R,1307.0,R,2888.0,R,45.0,R,1244.0,R,95.0,R,1149.0,R,588.0,R,51.0,R,342.0,R,28.0,R,314.0,R,124.0,R,39.0,R,37.0
144218,2013,R,933.0,R,3539.0,R,26.0,R,1077.0,R,32.0,R,1045.0,R,597.0,R,57.0,R,584.0,R,28.0,R,556.0,R,229.0,R,41.0,R,35.0
144281,2013,R,2125.0,R,2900.0,R,73.0,R,2024.0,R,0.0,R,2024.0,R,1347.0,R,67.0,R,67.0,R,0.0,R,67.0,R,24.0,R,36.0,R,12.0
144351,2013,R,376.0,R,619.0,R,61.0,R,318.0,R,0.0,R,318.0,R,214.0,R,67.0,A,,A,,A,,A,,A,,R,17.0
144467,2013,A,,A,,A,,R,158.0,Z,0.0,R,158.0,R,104.0,R,66.0,A,,A,,A,,A,,A,,R,39.0
144485,2013,A,,A,,A,,R,238.0,R,0.0,R,238.0,R,158.0,R,66.0,A,,A,,A,,A,,A,,R,23.0
144564,2013,R,426.0,R,2419.0,R,18.0,R,395.0,R,1.0,R,394.0,R,222.0,R,56.0,R,230.0,R,3.0,R,227.0,R,83.0,R,37.0,R,20.0
144573,2013,A,,A,,A,,R,12.0,R,0.0,R,12.0,R,9.0,R,75.0,A,,A,,A,,A,,A,,R,13.0
144740,2013,R,2422.0,R,4266.0,R,57.0,R,2589.0,R,0.0,R,2589.0,R,2210.0,R,85.0,R,2.0,R,0.0,R,2.0,R,1.0,R,50.0,R,16.0
144795,2013,A,,A,,A,,R,44.0,R,0.0,R,44.0,R,25.0,R,57.0,R,2.0,R,0.0,R,2.0,R,2.0,R,100.0,R,16.0
144865,2013,R,2521.0,R,8441.0,R,30.0,R,2820.0,R,75.0,R,2745.0,R,1875.0,R,68.0,R,1253.0,R,52.0,R,1201.0,R,633.0,R,53.0,R,24.0
144883,2013,R,178.0,R,251.0,R,71.0,R,188.0,R,0.0,R,188.0,R,56.0,R,30.0,R,0.0,R,0.0,R,0.0,R,0.0,A,,R,21.0
144892,2013,R,1329.0,R,2271.0,R,59.0,R,1295.0,R,0.0,R,1295.0,R,998.0,R,77.0,R,0.0,R,0.0,R,0.0,R,0.0,A,,R,14.0
144944,2013,R,975.0,R,2512.0,R,39.0,R,906.0,R,26.0,R,880.0,R,675.0,R,77.0,R,390.0,R,16.0,R,374.0,R,198.0,R,53.0,R,20.0
144962,2013,R,506.0,R,846.0,R,60.0,R,560.0,R,0.0,R,560.0,R,438.0,R,78.0,A,,A,,A,,A,,A,,R,13.0
144971,2013,R,138.0,R,225.0,R,61.0,R,156.0,R,0.0,R,156.0,R,100.0,R,64.0,A,,A,,A,,A,,A,,R,12.0
145099,2013,A,,A,,A,,R,68.0,R,0.0,R,68.0,R,53.0,R,78.0,A,,A,,A,,A,,A,,R,18.0
145239,2013,R,65.0,R,221.0,R,29.0,R,74.0,R,0.0,R,74.0,R,61.0,R,82.0,A,,A,,A,,A,,A,,R,18.0
145309,2013,A,,A,,A,,R,22.0,R,0.0,R,22.0,R,17.0,R,77.0,A,,A,,A,,A,,A,,R,7.0
145336,2013,A,,A,,A,,A,,A,,A,,A,,A,,A,,A,,A,,A,,A,,R,10.0
145354,2013,A,,A,,A,,R,1.0,R,0.0,R,1.0,R,1.0,R,100.0,A,,A,,A,,A,,A,,R,5.0
145372,2013,R,277.0,R,394.0,R,70.0,R,262.0,R,0.0,R,262.0,R,191.0,R,73.0,R,0.0,Z,0.0,R,0.0,Z,0.0,A,,R,11.0
145406,2013,A,,A,,A,,R,19.0,Z,0.0,R,19.0,R,17.0,R,89.0,R,24.0,Z,0.0,R,24.0,R,21.0,R,88.0,R,10.0
145424,2013,A,,A,,A,,R,3.0,R,0.0,R,3.0,R,2.0,R,67.0,R,7.0,R,0.0,R,7.0,R,4.0,R,57.0,R,11.0
145433,2013,A,,A,,A,,R,3.0,R,0.0,R,3.0,R,1.0,R,33.0,R,15.0,R,0.0,R,15.0,R,12.0,R,80.0,R,19.0
145460,2013,R,19.0,R,56.0,R,34.0,R,9.0,Z,0.0,R,9.0,R,3.0,R,33.0,R,7.0,Z,0.0,R,7.0,R,3.0,R,43.0,R,9.0
145497,2013,R,340.0,R,354.0,R,96.0,R,362.0,R,0.0,R,362.0,R,79.0,R,22.0,A,,A,,A,,A,,A,,R,20.0
145521,2013,R,335.0,R,743.0,R,45.0,R,363.0,R,3.0,R,360.0,R,221.0,R,61.0,R,100.0,R,7.0,R,93.0,R,30.0,R,32.0,R,16.0
145600,2013,R,3079.0,R,4797.0,R,64.0,R,3101.0,R,0.0,R,3101.0,R,2474.0,R,80.0,R,22.0,R,0.0,R,22.0,R,10.0,R,45.0,R,17.0
145619,2013,R,623.0,R,1283.0,R,49.0,R,605.0,R,0.0,R,605.0,R,443.0,R,73.0,R,3.0,Z,0.0,R,3.0,R,0.0,R,0.0,R,13.0
145637,2013,R,7321.0,R,9543.0,R,77.0,R,6914.0,R,0.0,R,6914.0,R,6434.0,R,93.0,R,7.0,R,0.0,R,7.0,R,4.0,R,57.0,R,20.0
145646,2013,R,527.0,R,570.0,R,92.0,R,490.0,R,0.0,R,490.0,R,429.0,R,88.0,A,,A,,A,,A,,A,,R,11.0
145682,2013,R,1125.0,R,4098.0,R,27.0,R,1074.0,R,12.0,R,1062.0,R,643.0,R,61.0,R,578.0,R,40.0,R,538.0,R,172.0,R,32.0,R,19.0
145691,2013,R,270.0,R,326.0,R,83.0,R,285.0,R,1.0,R,284.0,R,231.0,R,81.0,A,,A,,A,,A,,A,,R,11.0
145707,2013,R,220.0,R,505.0,R,44.0,R,257.0,R,11.0,R,246.0,R,169.0,R,69.0,R,26.0,R,4.0,R,22.0,R,7.0,R,32.0,R,14.0
145725,2013,R,464.0,R,808.0,R,57.0,R,406.0,R,0.0,R,406.0,R,349.0,R,86.0,A,,A,,A,,A,,A,,R,14.0
145770,2013,R,8.0,R,84.0,R,10.0,R,33.0,Z,0.0,R,33.0,R,12.0,R,36.0,R,28.0,Z,0.0,R,28.0,R,6.0,R,21.0,R,7.0
145813,2013,R,2978.0,R,4906.0,R,61.0,R,3076.0,Z,0.0,R,3076.0,R,2510.0,R,82.0,R,12.0,R,0.0,R,12.0,R,7.0,R,58.0,R,18.0
145831,2013,R,194.0,R,928.0,R,21.0,R,215.0,R,2.0,R,213.0,R,134.0,R,63.0,R,130.0,R,6.0,R,124.0,R,58.0,R,47.0,R,17.0
146010,2013,R,12.0,R,59.0,R,20.0,R,23.0,Z,0.0,R,23.0,R,9.0,R,39.0,R,10.0,Z,0.0,R,10.0,R,2.0,R,20.0,R,14.0
146205,2013,R,581.0,R,2980.0,R,19.0,R,512.0,R,19.0,R,493.0,R,293.0,R,59.0,R,276.0,R,30.0,R,246.0,R,84.0,R,34.0,R,24.0
146278,2013,R,419.0,R,904.0,R,46.0,R,379.0,R,2.0,R,377.0,R,229.0,R,61.0,R,124.0,R,4.0,R,120.0,R,41.0,R,34.0,R,10.0
146296,2013,R,987.0,R,4858.0,R,20.0,R,968.0,R,33.0,R,935.0,R,596.0,R,64.0,R,783.0,R,84.0,R,699.0,R,247.0,R,35.0,R,21.0
146339,2013,R,189.0,R,398.0,R,47.0,R,155.0,R,0.0,R,155.0,R,112.0,R,72.0,R,8.0,R,0.0,R,8.0,R,6.0,R,75.0,R,10.0
146348,2013,R,282.0,R,697.0,R,40.0,R,263.0,R,9.0,R,254.0,R,176.0,R,69.0,R,103.0,R,8.0,R,95.0,R,34.0,R,36.0,R,15.0
146366,2013,R,229.0,R,2195.0,R,10.0,R,284.0,R,2.0,R,282.0,R,155.0,R,55.0,R,168.0,R,22.0,R,146.0,R,56.0,R,38.0,R,21.0
146393,2013,R,86.0,R,350.0,R,25.0,R,46.0,R,0.0,R,46.0,R,26.0,R,57.0,R,6.0,R,0.0,R,6.0,R,1.0,R,17.0,R,10.0
146418,2013,R,472.0,R,1736.0,R,27.0,R,430.0,R,4.0,R,426.0,R,254.0,R,60.0,R,122.0,R,3.0,R,119.0,R,54.0,R,45.0,R,23.0
146427,2013,R,380.0,R,405.0,R,94.0,R,377.0,R,0.0,R,377.0,R,332.0,R,88.0,A,,A,,A,,A,,A,,R,11.0
146454,2013,A,,A,,A,,R,2.0,R,0.0,R,2.0,R,1.0,R,50.0,A,,A,,A,,A,,A,,R,8.0
146472,2013,R,1177.0,R,4561.0,R,26.0,R,1072.0,R,32.0,R,1040.0,R,676.0,R,65.0,R,781.0,R,51.0,R,730.0,R,306.0,R,42.0,R,18.0
146481,2013,R,399.0,R,493.0,R,81.0,R,416.0,R,0.0,R,416.0,R,342.0,R,82.0,A,,A,,A,,A,,A,,R,13.0
146506,2013,R,909.0,R,2655.0,R,34.0,R,976.0,R,13.0,R,963.0,R,628.0,R,65.0,R,164.0,R,3.0,R,161.0,R,76.0,R,47.0,R,25.0
146533,2013,A,,A,,A,,A,,A,,A,,A,,A,,A,,A,,A,,A,,A,,R,8.0
146603,2013,R,567.0,R,4167.0,R,14.0,R,612.0,R,32.0,R,580.0,R,382.0,R,66.0,R,178.0,R,24.0,R,154.0,R,72.0,R,47.0,R,22.0
146612,2013,R,694.0,R,1408.0,R,49.0,R,673.0,R,0.0,R,673.0,R,550.0,R,82.0,R,0.0,R,0.0,R,0.0,R,0.0,A,,R,13.0
146621,2013,R,7.0,R,21.0,R,33.0,R,7.0,R,0.0,R,7.0,R,6.0,R,86.0,R,0.0,R,0.0,R,0.0,R,0.0,A,,R,7.0
146667,2013,R,79.0,R,146.0,R,54.0,R,73.0,R,0.0,R,73.0,R,49.0,R,67.0,R,3.0,R,0.0,R,3.0,R,2.0,R,67.0,R,14.0
146676,2013,R,375.0,R,563.0,R,67.0,R,40.0,R,0.0,R,40.0,R,17.0,R,43.0,R,4.0,R,0.0,R,4.0,R,3.0,R,75.0,R,15.0
146685,2013,R,1024.0,R,2249.0,R,46.0,R,931.0,R,8.0,R,923.0,R,556.0,R,60.0,R,428.0,R,11.0,R,417.0,R,196.0,R,47.0,R,19.0
146700,2013,A,,A,,A,,R,213.0,R,0.0,R,213.0,R,147.0,R,69.0,A,,A,,A,,A,,A,,R,15.0
146719,2013,R,2497.0,R,3109.0,R,80.0,R,2001.0,R,0.0,R,2001.0,R,1709.0,R,85.0,R,2.0,R,0.0,R,2.0,R,0.0,R,0.0,R,14.0
146755,2013,A,,A,,A,,R,0.0,R,0.0,R,0.0,R,0.0,A,,R,0.0,R,0.0,R,0.0,R,0.0,A,,R,9.0
146791,2013,A,,A,,A,,R,137.0,R,0.0,R,137.0,R,113.0,R,82.0,A,,A,,A,,A,,A,,R,20.0
146807,2013,A,,A,,A,,R,5.0,R,1.0,R,4.0,R,4.0,R,100.0,R,1.0,R,0.0,R,1.0,R,1.0,R,100.0,R,9.0
146816,2013,R,22.0,R,74.0,R,30.0,R,27.0,R,0.0,R,27.0,R,8.0,R,30.0,R,5.0,R,0.0,R,5.0,R,1.0,R,20.0,R,10.0
146825,2013,R,120.0,R,198.0,R,61.0,R,146.0,R,0.0,R,146.0,R,98.0,R,67.0,A,,A,,A,,A,,A,,R,12.0
147004,2013,R,748.0,R,2502.0,R,30.0,R,408.0,R,2.0,R,406.0,R,274.0,R,67.0,R,354.0,R,6.0,R,348.0,R,159.0,R,46.0,R,20.0
147013,2013,R,387.0,R,751.0,R,52.0,R,297.0,R,9.0,R,288.0,R,215.0,R,75.0,A,,A,,A,,A,,A,,R,14.0
147129,2013,R,14.0,R,119.0,R,12.0,R,28.0,R,0.0,R,28.0,R,19.0,R,68.0,R,0.0,R,0.0,R,0.0,R,0.0,A,,R,9.0
147165,2013,R,6.0,R,147.0,R,4.0,R,0.0,R,0.0,R,0.0,R,0.0,A,,R,0.0,R,0.0,R,0.0,R,0.0,A,,R,8.0
147244,2013,R,450.0,R,595.0,R,76.0,R,529.0,R,1.0,R,528.0,R,404.0,R,77.0,R,3.0,R,0.0,R,3.0,R,1.0,R,33.0,R,11.0
147341,2013,R,390.0,R,437.0,R,89.0,R,340.0,R,0.0,R,340.0,R,258.0,R,76.0,A,,A,,A,,A,,A,,R,13.0
147369,2013,R,414.0,R,961.0,R,43.0,R,409.0,R,0.0,R,409.0,R,318.0,R,78.0,R,40.0,R,0.0,R,40.0,R,22.0,R,55.0,R,17.0
147378,2013,R,1651.0,R,4830.0,R,34.0,R,1623.0,R,62.0,R,1561.0,R,1068.0,R,68.0,R,516.0,R,23.0,R,493.0,R,204.0,R,41.0,R,25.0
147396,2013,R,38.0,R,44.0,R,86.0,R,59.0,Z,0.0,R,59.0,R,52.0,R,88.0,A,,A,,A,,A,,A,,R,12.0
147411,2013,R,325.0,R,1891.0,R,17.0,R,281.0,R,9.0,R,272.0,R,195.0,R,72.0,R,303.0,R,15.0,R,288.0,R,127.0,R,44.0,R,18.0
147439,2013,A,,A,,A,,R,15.0,R,0.0,R,15.0,R,10.0,R,67.0,R,1.0,R,0.0,R,1.0,R,1.0,R,100.0,R,16.0
147536,2013,R,27.0,R,381.0,R,7.0,R,18.0,R,0.0,R,18.0,R,13.0,R,72.0,R,7.0,R,0.0,R,7.0,R,4.0,R,57.0,R,12.0
147590,2013,A,,A,,A,,A,,A,,A,,A,,A,,A,,A,,A,,A,,A,,R,6.0
147642,2013,A,,A,,A,,R,4.0,R,0.0,R,4.0,R,4.0,R,100.0,R,19.0,R,0.0,R,19.0,R,15.0,R,79.0,R,11.0
147660,2013,R,529.0,R,919.0,R,58.0,R,552.0,R,0.0,R,552.0,R,435.0,R,79.0,R,0.0,R,0.0,R,0.0,R,0.0,A,,R,15.0
147679,2013,R,371.0,R,650.0,R,57.0,R,346.0,R,0.0,R,346.0,R,279.0,R,81.0,R,0.0,Z,0.0,R,0.0,Z,0.0,A,,R,12.0
147703,2013,R,2630.0,R,4581.0,R,57.0,R,2630.0,R,0.0,R,2630.0,R,1748.0,R,66.0,R,34.0,R,0.0,R,34.0,R,20.0,R,59.0,R,15.0
147749,2013,R,69.0,R,93.0,R,74.0,R,96.0,R,0.0,R,96.0,R,34.0,R,35.0,R,75.0,R,0.0,R,75.0,R,14.0,R,19.0,R,14.0
147767,2013,R,2040.0,R,2273.0,R,90.0,R,2037.0,R,0.0,R,2037.0,R,1990.0,R,98.0,A,,A,,A,,A,,A,,R,7.0
147776,2013,R,764.0,R,2251.0,R,34.0,R,1000.0,R,0.0,R,1000.0,R,610.0,R,61.0,R,40.0,R,0.0,R,40.0,R,9.0,R,23.0,R,16.0
147800,2013,R,749.0,R,2668.0,R,28.0,R,738.0,R,62.0,R,676.0,R,482.0,R,71.0,R,629.0,R,106.0,R,523.0,R,228.0,R,44.0,R,18.0
147819,2013,A,,A,,A,,R,38.0,R,0.0,R,38.0,R,28.0,R,74.0,A,,A,,A,,A,,A,,R,13.0
147828,2013,R,753.0,R,1098.0,R,69.0,R,667.0,R,0.0,R,667.0,R,503.0,R,75.0,R,5.0,R,0.0,R,5.0,R,0.0,R,0.0,R,16.0
147916,2013,R,675.0,R,1992.0,R,34.0,R,817.0,R,5.0,R,812.0,R,435.0,R,54.0,R,407.0,R,12.0,R,395.0,R,141.0,R,36.0,R,18.0
147970,2013,A,,A,,A,,R,67.0,R,0.0,R,67.0,R,47.0,R,70.0,A,,A,,A,,A,,A,,R,18.0
148007,2013,R,418.0,R,1166.0,R,36.0,R,363.0,R,7.0,R,356.0,R,164.0,R,46.0,R,202.0,R,7.0,R,195.0,R,72.0,R,37.0,R,16.0
148016,2013,R,125.0,R,161.0,R,78.0,R,112.0,R,1.0,R,111.0,R,97.0,R,87.0,R,4.0,Z,0.0,R,4.0,R,4.0,R,100.0,R,8.0
148098,2013,A,,A,,A,,R,43.0,R,0.0,R,43.0,R,37.0,R,86.0,A,,A,,A,,A,,A,,R,6.0
148131,2013,R,275.0,R,401.0,R,69.0,R,262.0,Z,0.0,R,262.0,R,176.0,R,67.0,R,0.0,Z,0.0,R,0.0,R,0.0,A,,R,14.0
148140,2013,A,,A,,A,,R,23.0,Z,0.0,R,23.0,R,17.0,R,74.0,A,,A,,A,,A,,A,,R,19.0
148177,2013,R,449.0,R,827.0,R,54.0,R,303.0,Z,0.0,R,303.0,R,151.0,R,50.0,R,80.0,Z,0.0,R,80.0,R,25.0,R,31.0,R,17.0
148256,2013,R,355.0,R,955.0,R,37.0,R,879.0,R,6.0,R,873.0,R,515.0,R,59.0,R,255.0,R,2.0,R,253.0,R,128.0,R,51.0,R,15.0
148292,2013,R,272.0,R,1165.0,R,23.0,R,258.0,R,2.0,R,256.0,R,166.0,R,65.0,R,307.0,R,2.0,R,305.0,R,87.0,R,29.0,R,15.0
148335,2013,R,698.0,R,1457.0,R,48.0,R,756.0,R,0.0,R,756.0,R,357.0,R,47.0,R,0.0,R,0.0,R,0.0,R,0.0,A,,R,19.0
148380,2013,R,776.0,R,1820.0,R,43.0,R,883.0,R,19.0,R,864.0,R,571.0,R,66.0,R,559.0,R,36.0,R,523.0,R,240.0,R,46.0,R,19.0
148399,2013,R,67.0,R,129.0,R,52.0,R,52.0,R,0.0,R,52.0,R,24.0,R,46.0,R,56.0,R,0.0,R,56.0,R,31.0,R,55.0,R,7.0
148405,2013,R,103.0,R,375.0,R,27.0,R,105.0,R,0.0,R,105.0,R,61.0,R,58.0,R,0.0,R,0.0,R,0.0,R,0.0,A,,R,10.0
148487,2013,R,429.0,R,1143.0,R,38.0,R,535.0,R,0.0,R,535.0,R,312.0,R,58.0,R,18.0,Z,0.0,R,18.0,R,7.0,R,39.0,R,11.0
148496,2013,R,497.0,R,651.0,R,76.0,R,405.0,R,0.0,R,405.0,R,334.0,R,82.0,R,1.0,R,0.0,R,1.0,R,1.0,R,100.0,R,12.0
148511,2013,A,,A,,A,,A,,A,,A,,A,,A,,A,,A,,A,,A,,A,,R,5.0
148575,2013,A,,A,,A,,A,,A,,A,,A,,A,,A,,A,,A,,A,,A,,R,9.0
148584,2013,R,237.0,R,460.0,R,52.0,R,220.0,R,0.0,R,220.0,R,174.0,R,79.0,A,,A,,A,,A,,A,,R,11.0
148593,2013,A,,A,,A,,A,,A,,A,,A,,A,,A,,A,,A,,A,,A,,R,10.0
148627,2013,R,591.0,R,943.0,R,63.0,R,473.0,R,0.0,R,473.0,R,357.0,R,75.0,R,2.0,R,0.0,R,2.0,R,1.0,R,50.0,R,13.0
148654,2013,R,312.0,R,996.0,R,31.0,R,269.0,R,0.0,R,269.0,R,200.0,R,74.0,R,1.0,R,0.0,R,1.0,R,0.0,R,0.0,R,13.0
148672,2013,R,374.0,R,842.0,R,44.0,R,373.0,R,2.0,R,371.0,R,242.0,R,65.0,R,112.0,R,3.0,R,109.0,R,58.0,R,53.0,R,16.0
148821,2013,R,100.0,R,371.0,R,27.0,R,31.0,R,0.0,R,31.0,R,12.0,R,39.0,R,91.0,R,14.0,R,77.0,R,40.0,R,52.0,R,16.0
148849,2013,R,8.0,R,20.0,R,40.0,R,7.0,R,0.0,R,7.0,R,6.0,R,86.0,R,0.0,R,0.0,R,0.0,R,0.0,A,,R,8.0
148876,2013,R,265.0,R,412.0,R,64.0,R,0.0,Z,0.0,R,0.0,Z,0.0,A,,R,0.0,Z,0.0,R,0.0,Z,0.0,A,,R,16.0
148937,2013,R,155.0,R,782.0,R,20.0,R,165.0,R,1.0,R,164.0,R,99.0,R,60.0,R,95.0,R,0.0,R,95.0,R,24.0,R,25.0,R,19.0
148955,2013,A,,A,,A,,R,13.0,R,0.0,R,13.0,R,10.0,R,77.0,A,,A,,A,,A,,A,,R,16.0
148991,2013,R,349.0,R,1171.0,R,30.0,R,287.0,R,7.0,R,280.0,R,166.0,R,59.0,R,103.0,R,8.0,R,95.0,R,46.0,R,48.0,R,16.0
149028,2013,A,,A,,A,,A,,A,,A,,A,,A,,A,,A,,A,,A,,A,,R,8.0
149204,2013,A,,A,,A,,R,6.0,R,0.0,R,6.0,R,5.0,R,83.0,A,,A,,A,,A,,A,,R,3.0
149222,2013,R,2591.0,R,4439.0,R,58.0,R,2179.0,R,0.0,R,2179.0,R,1317.0,R,60.0,R,48.0,R,0.0,R,48.0,R,13.0,R,27.0,R,16.0
149231,2013,R,1930.0,R,3243.0,R,60.0,R,2039.0,R,0.0,R,2039.0,R,1413.0,R,69.0,R,36.0,R,0.0,R,36.0,R,9.0,R,25.0,R,18.0
149310,2013,A,,A,,A,,R,25.0,R,0.0,R,25.0,R,16.0,R,64.0,A,,A,,A,,A,,A,,R,34.0
149329,2013,R,18.0,R,18.0,R,100.0,R,18.0,R,0.0,R,18.0,R,14.0,R,78.0,A,,A,,A,,A,,A,,R,13.0
149365,2013,R,502.0,R,1556.0,R,32.0,R,727.0,R,9.0,R,718.0,R,365.0,R,51.0,R,566.0,R,20.0,R,546.0,R,204.0,R,37.0,R,17.0
149499,2013,A,,A,,A,,R,2.0,R,0.0,R,2.0,R,2.0,R,100.0,A,,A,,A,,A,,A,,R,6.0
149505,2013,R,204.0,R,463.0,R,44.0,R,187.0,R,0.0,R,187.0,R,139.0,R,74.0,R,0.0,Z,0.0,R,0.0,Z,0.0,A,,R,11.0
149514,2013,R,182.0,R,274.0,R,66.0,R,157.0,R,0.0,R,157.0,R,109.0,R,69.0,R,1.0,R,0.0,R,1.0,R,0.0,R,0.0,R,14.0
149532,2013,R,751.0,R,2094.0,R,36.0,R,1384.0,R,19.0,R,1365.0,R,675.0,R,49.0,R,1249.0,R,54.0,R,1195.0,R,314.0,R,26.0,R,18.0
149550,2013,A,,A,,A,,R,41.0,R,0.0,R,41.0,R,25.0,R,61.0,R,10.0,R,0.0,R,10.0,R,5.0,R,50.0,R,14.0
149639,2013,R,15.0,R,46.0,R,33.0,R,24.0,R,0.0,R,24.0,R,17.0,R,71.0,A,,A,,A,,A,,A,,R,7.0
149727,2013,R,1006.0,R,3294.0,R,31.0,R,911.0,R,15.0,R,896.0,R,607.0,R,68.0,R,480.0,R,24.0,R,456.0,R,192.0,R,42.0,R,22.0
149763,2013,A,,A,,A,,A,,A,,A,,A,,A,,A,,A,,A,,A,,A,,R,11.0
149772,2013,R,1608.0,R,2895.0,R,56.0,R,1727.0,R,1.0,R,1726.0,R,1094.0,R,63.0,R,20.0,R,0.0,R,20.0,R,12.0,R,60.0,R,15.0
149781,2013,R,597.0,R,668.0,R,89.0,R,597.0,R,0.0,R,597.0,R,564.0,R,94.0,A,,A,,A,,A,,A,,R,12.0
149842,2013,R,1564.0,R,5310.0,R,29.0,R,1463.0,R,21.0,R,1442.0,R,986.0,R,68.0,R,776.0,R,18.0,R,758.0,R,338.0,R,45.0,R,20.0
150048,2013,R,143.0,R,209.0,R,68.0,R,112.0,R,0.0,R,112.0,R,57.0,R,51.0,R,10.0,R,0.0,R,10.0,R,5.0,R,50.0,R,12.0
150066,2013,R,434.0,R,643.0,R,67.0,R,515.0,R,0.0,R,515.0,R,378.0,R,73.0,R,4.0,R,0.0,R,4.0,R,1.0,R,25.0,R,11.0
150075,2013,A,,A,,A,,R,2.0,R,0.0,R,2.0,R,2.0,R,100.0,A,,A,,A,,A,,A,,R,5.0
150136,2013,R,3605.0,R,4620.0,R,78.0,R,3493.0,R,28.0,R,3465.0,R,2716.0,R,78.0,R,13.0,R,0.0,R,13.0,R,3.0,R,23.0,R,16.0
150145,2013,R,245.0,R,486.0,R,50.0,R,226.0,R,0.0,R,226.0,R,190.0,R,84.0,R,7.0,R,0.0,R,7.0,R,4.0,R,57.0,R,13.0
150163,2013,R,1014.0,R,1347.0,R,75.0,R,1101.0,R,0.0,R,1101.0,R,1003.0,R,91.0,R,0.0,R,0.0,R,0.0,R,0.0,A,,R,11.0
150172,2013,R,149.0,R,306.0,R,49.0,R,120.0,R,0.0,R,120.0,R,74.0,R,62.0,R,11.0,R,0.0,R,11.0,R,1.0,R,9.0,R,15.0
150251,2013,R,49.0,R,92.0,R,53.0,R,33.0,R,0.0,R,33.0,R,24.0,R,73.0,R,25.0,Z,0.0,R,25.0,R,20.0,R,80.0,R,18.0
150303,2013,A,,A,,A,,R,15.0,R,0.0,R,15.0,R,10.0,R,67.0,R,8.0,R,0.0,R,8.0,R,7.0,R,88.0,R,14.0
150400,2013,R,641.0,R,687.0,R,93.0,R,578.0,R,0.0,R,578.0,R,533.0,R,92.0,A,,A,,A,,A,,A,,R,10.0
150428,2013,A,,A,,A,,R,40.0,R,0.0,R,40.0,R,33.0,R,83.0,R,10.0,R,0.0,R,10.0,R,9.0,R,90.0,R,12.0
150437,2013,A,,A,,A,,R,16.0,R,0.0,R,16.0,R,11.0,R,69.0,A,,A,,A,,A,,A,,R,7.0
150455,2013,R,253.0,R,304.0,R,83.0,R,286.0,R,0.0,R,286.0,R,251.0,R,88.0,A,,A,,A,,A,,A,,R,10.0
150534,2013,R,543.0,R,699.0,R,78.0,R,518.0,R,0.0,R,518.0,R,444.0,R,86.0,A,,A,,A,,A,,A,,R,13.0
150604,2013,R,272.0,R,312.0,R,87.0,R,290.0,R,0.0,R,290.0,R,211.0,R,73.0,R,0.0,R,0.0,R,0.0,R,0.0,A,,R,11.0
150668,2013,R,167.0,R,251.0,R,67.0,R,168.0,R,0.0,R,168.0,R,129.0,R,77.0,A,,A,,A,,A,,A,,R,10.0
150677,2013,R,372.0,R,701.0,R,53.0,R,344.0,R,0.0,R,344.0,R,264.0,R,77.0,A,,A,,A,,A,,A,,R,24.0
150695,2013,A,,A,,A,,R,34.0,R,0.0,R,34.0,R,24.0,R,71.0,A,,A,,A,,A,,A,,R,10.0
150710,2013,A,,A,,A,,R,21.0,R,0.0,R,21.0,R,15.0,R,71.0,A,,A,,A,,A,,A,,R,15.0
150756,2013,R,334.0,R,353.0,R,95.0,R,372.0,R,0.0,R,372.0,R,301.0,R,81.0,A,,A,,A,,A,,A,,R,12.0
150765,2013,A,,A,,A,,R,11.0,R,0.0,R,11.0,R,8.0,R,73.0,A,,A,,A,,A,,A,,R,20.0
150774,2013,R,165.0,R,237.0,R,70.0,R,116.0,R,0.0,R,116.0,R,75.0,R,65.0,A,,A,,A,,A,,A,,R,14.0
150853,2013,A,,A,,A,,R,1.0,R,0.0,R,1.0,R,1.0,R,100.0,R,1.0,R,0.0,R,1.0,R,1.0,R,100.0,R,7.0
150941,2013,R,225.0,R,278.0,R,81.0,R,238.0,R,0.0,R,238.0,R,189.0,R,79.0,R,2.0,R,0.0,R,2.0,R,1.0,R,50.0,R,13.0
150987,2013,R,8051.0,R,21216.0,R,38.0,R,9239.0,R,4.0,R,9235.0,R,4523.0,R,49.0,R,8765.0,R,7.0,R,8758.0,R,3438.0,R,39.0,R,20.0
151102,2013,R,1577.0,R,4561.0,R,35.0,R,1329.0,R,0.0,R,1329.0,R,893.0,R,67.0,R,86.0,R,0.0,R,86.0,R,43.0,R,50.0,R,17.0
151111,2013,R,3503.0,R,6055.0,R,58.0,R,2867.0,R,1.0,R,2866.0,R,2062.0,R,72.0,R,288.0,R,1.0,R,287.0,R,153.0,R,53.0,R,18.0
151166,2013,R,214.0,R,836.0,R,26.0,R,12.0,R,0.0,R,12.0,R,4.0,R,33.0,R,13.0,R,0.0,R,13.0,R,2.0,R,15.0,R,13.0
151263,2013,R,800.0,R,1135.0,R,70.0,R,817.0,R,0.0,R,817.0,R,602.0,R,74.0,R,24.0,Z,0.0,R,24.0,R,5.0,R,21.0,R,12.0
151290,2013,R,571.0,R,1849.0,R,31.0,R,432.0,R,1.0,R,431.0,R,236.0,R,55.0,R,52.0,R,0.0,R,52.0,R,21.0,R,40.0,R,33.0
151306,2013,R,1688.0,R,2335.0,R,72.0,R,1817.0,R,0.0,R,1817.0,R,1250.0,R,69.0,R,24.0,R,0.0,R,24.0,R,11.0,R,46.0,R,16.0
151324,2013,R,2654.0,R,3456.0,R,77.0,R,2657.0,R,0.0,R,2657.0,R,1688.0,R,64.0,R,6.0,R,0.0,R,6.0,R,2.0,R,33.0,R,20.0
151333,2013,R,461.0,R,1855.0,R,25.0,R,396.0,R,0.0,R,396.0,R,241.0,R,61.0,R,43.0,R,0.0,R,43.0,R,17.0,R,40.0,R,16.0
151342,2013,R,835.0,R,2839.0,R,29.0,R,781.0,R,1.0,R,780.0,R,495.0,R,63.0,R,156.0,R,0.0,R,156.0,R,80.0,R,51.0,R,13.0
151351,2013,R,7583.0,R,12453.0,R,61.0,R,7574.0,R,0.0,R,7574.0,R,6803.0,R,90.0,R,34.0,R,0.0,R,34.0,R,27.0,R,79.0,R,18.0
151360,2013,R,696.0,R,2133.0,R,33.0,R,603.0,R,1.0,R,602.0,R,409.0,R,68.0,R,101.0,R,0.0,R,101.0,R,55.0,R,54.0,R,17.0
151379,2013,R,909.0,R,1850.0,R,49.0,R,821.0,R,2.0,R,819.0,R,498.0,R,61.0,R,96.0,R,0.0,R,96.0,R,44.0,R,46.0,R,15.0
151388,2013,R,386.0,R,1814.0,R,21.0,R,366.0,R,0.0,R,366.0,R,247.0,R,67.0,R,27.0,R,0.0,R,27.0,R,14.0,R,52.0,R,15.0
151458,2013,R,167.0,R,253.0,R,66.0,R,74.0,R,0.0,R,74.0,R,74.0,R,100.0,A,,A,,A,,A,,A,,R,23.0
151467,2013,R,159.0,R,260.0,R,61.0,R,172.0,R,0.0,R,172.0,R,114.0,R,66.0,A,,A,,A,,A,,A,,R,23.0
151494,2013,R,50.0,R,64.0,R,78.0,R,0.0,R,0.0,R,0.0,R,0.0,A,,R,0.0,R,0.0,R,0.0,R,0.0,A,,R,15.0
151500,2013,R,32.0,R,44.0,R,73.0,R,0.0,R,0.0,R,0.0,R,0.0,A,,R,0.0,R,0.0,R,0.0,R,0.0,A,,R,15.0
151519,2013,R,411.0,R,875.0,R,47.0,R,32.0,R,2.0,R,30.0,R,12.0,R,40.0,R,34.0,R,1.0,R,33.0,R,1.0,R,3.0,R,20.0
151537,2013,A,,A,,A,,R,39.0,R,0.0,R,39.0,R,15.0,R,38.0,A,,A,,A,,A,,A,,R,25.0
151564,2013,A,,A,,A,,R,12.0,R,0.0,R,12.0,R,10.0,R,83.0,R,25.0,R,0.0,R,25.0,R,18.0,R,72.0,R,8.0
151607,2013,A,,A,,A,,R,3.0,R,0.0,R,3.0,R,3.0,R,100.0,R,0.0,R,0.0,R,0.0,R,0.0,A,,R,15.0
151616,2013,R,98.0,R,200.0,R,49.0,R,1.0,Z,0.0,R,1.0,Z,0.0,R,0.0,A,,A,,A,,A,,A,,R,18.0
151625,2013,R,42.0,R,68.0,R,62.0,R,0.0,Z,0.0,R,0.0,Z,0.0,A,,A,,A,,A,,A,,A,,R,12.0
151652,2013,A,,A,,A,,R,47.0,R,0.0,R,47.0,R,30.0,R,64.0,R,15.0,R,0.0,R,15.0,R,6.0,R,40.0,R,19.0
151661,2013,A,,A,,A,,R,431.0,R,0.0,R,431.0,R,295.0,R,68.0,A,,A,,A,,A,,A,,R,30.0
151777,2013,R,367.0,R,392.0,R,94.0,R,372.0,R,0.0,R,372.0,R,256.0,R,69.0,R,0.0,R,0.0,R,0.0,R,0.0,A,,R,15.0
151786,2013,R,334.0,R,752.0,R,44.0,R,297.0,R,0.0,R,297.0,R,209.0,R,70.0,R,1.0,R,0.0,R,1.0,R,0.0,R,0.0,R,13.0
151801,2013,R,1358.0,R,3133.0,R,43.0,R,724.0,R,0.0,R,724.0,R,563.0,R,78.0,R,1.0,R,0.0,R,1.0,R,1.0,R,100.0,R,15.0
151810,2013,R,23.0,R,96.0,R,24.0,R,27.0,R,0.0,R,27.0,R,7.0,R,26.0,R,33.0,R,0.0,R,33.0,R,9.0,R,27.0,R,18.0
151829,2013,A,,A,,A,,R,7.0,R,0.0,R,7.0,R,6.0,R,86.0,A,,A,,A,,A,,A,,R,14.0
151874,2013,A,,A,,A,,R,27.0,R,0.0,R,27.0,R,11.0,R,41.0,R,2.0,R,0.0,R,2.0,R,1.0,R,50.0,R,21.0
151944,2013,R,67.0,R,133.0,R,50.0,R,0.0,Z,0.0,R,0.0,Z,0.0,A,,A,,A,,A,,A,,A,,R,9.0
151962,2013,R,16.0,R,33.0,R,48.0,R,0.0,R,0.0,R,0.0,Z,0.0,A,,A,,A,,A,,A,,A,,R,13.0
152044,2013,A,,A,,A,,R,8.0,R,0.0,R,8.0,R,6.0,R,75.0,R,31.0,R,0.0,R,31.0,R,25.0,R,81.0,R,20.0
152080,2013,R,2070.0,R,2197.0,R,94.0,R,2013.0,R,5.0,R,2008.0,R,1980.0,R,99.0,A,,A,,A,,A,,A,,R,10.0
152099,2013,R,99.0,R,639.0,R,15.0,R,101.0,R,1.0,R,100.0,R,79.0,R,79.0,R,8.0,R,0.0,R,8.0,R,6.0,R,75.0,R,15.0
152150,2013,A,,A,,A,,R,1.0,R,0.0,R,1.0,R,1.0,R,100.0,R,1.0,R,0.0,R,1.0,R,1.0,R,100.0,R,7.0
152220,2013,A,,A,,A,,R,18.0,R,0.0,R,18.0,R,13.0,R,72.0,A,,A,,A,,A,,A,,R,162.0
152248,2013,R,792.0,R,2419.0,R,33.0,R,890.0,Z,0.0,R,890.0,R,612.0,R,69.0,R,66.0,R,0.0,R,66.0,R,32.0,R,48.0,R,20.0
152266,2013,R,611.0,R,2679.0,R,23.0,R,611.0,R,0.0,R,611.0,R,373.0,R,61.0,R,44.0,R,0.0,R,44.0,R,20.0,R,45.0,R,17.0
152275,2013,A,,A,,A,,R,15.0,R,1.0,R,14.0,R,8.0,R,57.0,R,7.0,R,0.0,R,7.0,R,5.0,R,71.0,R,18.0
152309,2013,A,,A,,A,,R,52.0,R,0.0,R,52.0,R,45.0,R,87.0,R,1.0,Z,0.0,R,1.0,R,1.0,R,100.0,R,10.0
152318,2013,R,559.0,R,609.0,R,92.0,R,621.0,R,5.0,R,616.0,R,562.0,R,91.0,A,,A,,A,,A,,A,,R,13.0
152327,2013,A,,A,,A,,R,7.0,R,0.0,R,7.0,R,7.0,R,100.0,A,,A,,A,,A,,A,,R,13.0
152336,2013,R,385.0,R,684.0,R,56.0,R,319.0,R,0.0,R,319.0,R,223.0,R,70.0,R,2.0,R,0.0,R,2.0,R,1.0,R,50.0,R,12.0
152363,2013,R,295.0,R,412.0,R,72.0,R,235.0,R,0.0,R,235.0,R,169.0,R,72.0,R,0.0,R,0.0,R,0.0,R,0.0,A,,R,14.0
152381,2013,R,61.0,R,152.0,R,40.0,R,69.0,R,0.0,R,69.0,R,53.0,R,77.0,R,3.0,R,0.0,R,3.0,R,0.0,R,0.0,R,8.0
152390,2013,R,437.0,R,463.0,R,94.0,R,417.0,R,0.0,R,417.0,R,365.0,R,88.0,A,,A,,A,,A,,A,,R,10.0
152415,2013,A,,A,,A,,R,49.0,R,0.0,R,49.0,R,38.0,R,78.0,A,,A,,A,,A,,A,,R,27.0
152497,2013,A,,A,,A,,R,20.0,R,0.0,R,20.0,R,15.0,R,75.0,R,0.0,R,0.0,R,0.0,R,0.0,A,,R,8.0
152530,2013,R,459.0,R,666.0,R,69.0,R,498.0,R,0.0,R,498.0,R,445.0,R,89.0,R,0.0,Z,0.0,R,0.0,Z,0.0,A,,R,13.0
152567,2013,R,372.0,R,786.0,R,47.0,R,468.0,R,0.0,R,468.0,R,347.0,R,74.0,A,,A,,A,,A,,A,,R,15.0
152600,2013,R,876.0,R,1077.0,R,81.0,R,771.0,R,1.0,R,770.0,R,665.0,R,86.0,R,1.0,R,0.0,R,1.0,R,0.0,R,0.0,R,13.0
152628,2013,A,,A,,A,,R,14.0,R,1.0,R,13.0,R,9.0,R,69.0,R,2.0,R,0.0,R,2.0,R,2.0,R,100.0,R,14.0
152637,2013,R,2259.0,R,10801.0,R,21.0,R,25.0,R,0.0,R,25.0,R,13.0,R,52.0,R,1.0,R,0.0,R,1.0,R,0.0,R,0.0,R,16.0
152673,2013,R,241.0,R,246.0,R,98.0,R,252.0,R,0.0,R,252.0,R,215.0,R,85.0,A,,A,,A,,A,,A,,R,11.0
152798,2013,R,1.0,R,131.0,R,1.0,R,0.0,R,0.0,R,0.0,R,0.0,A,,R,0.0,R,0.0,R,0.0,R,0.0,A,,R,12.0
152822,2013,R,174.0,R,366.0,R,48.0,R,0.0,R,0.0,R,0.0,R,0.0,A,,R,0.0,R,0.0,R,0.0,R,0.0,A,,R,20.0
152992,2013,R,180.0,R,370.0,R,49.0,R,233.0,R,1.0,R,232.0,R,154.0,R,66.0,A,,A,,A,,A,,A,,R,12.0
153001,2013,R,269.0,R,689.0,R,39.0,R,228.0,R,0.0,R,228.0,R,158.0,R,69.0,R,0.0,R,0.0,R,0.0,R,0.0,A,,R,10.0
153074,2013,A,,A,,A,,R,20.0,R,0.0,R,20.0,R,16.0,R,80.0,A,,A,,A,,A,,A,,R,12.0
153083,2013,A,,A,,A,,R,16.0,R,0.0,R,16.0,R,15.0,R,94.0,A,,A,,A,,A,,A,,R,12.0
153092,2013,A,,A,,A,,R,4.0,R,0.0,R,4.0,R,4.0,R,100.0,A,,A,,A,,A,,A,,R,6.0
153108,2013,R,309.0,R,412.0,R,75.0,R,320.0,R,0.0,R,320.0,R,265.0,R,83.0,A,,A,,A,,A,,A,,R,12.0
153126,2013,R,181.0,R,313.0,R,58.0,R,155.0,R,0.0,R,155.0,R,118.0,R,76.0,A,,A,,A,,A,,A,,R,9.0
153144,2013,R,389.0,R,462.0,R,84.0,R,364.0,R,1.0,R,363.0,R,286.0,R,79.0,R,0.0,R,0.0,R,0.0,R,0.0,A,,R,11.0
153162,2013,R,270.0,R,317.0,R,85.0,R,302.0,R,1.0,R,301.0,R,249.0,R,83.0,A,,A,,A,,A,,A,,R,11.0
153171,2013,A,,A,,A,,R,5.0,R,0.0,R,5.0,R,3.0,R,60.0,A,,A,,A,,A,,A,,R,10.0
153214,2013,R,2250.0,R,7278.0,R,31.0,R,2501.0,R,0.0,R,2501.0,R,1321.0,R,53.0,R,1216.0,R,0.0,R,1216.0,R,428.0,R,35.0,R,19.0
153241,2013,R,11.0,R,16.0,R,69.0,R,11.0,R,0.0,R,11.0,R,9.0,R,82.0,A,,A,,A,,A,,A,,R,4.0
153250,2013,R,378.0,R,447.0,R,85.0,R,342.0,R,0.0,R,342.0,R,275.0,R,80.0,R,1.0,R,0.0,R,1.0,R,0.0,R,0.0,R,15.0
153269,2013,R,850.0,R,965.0,R,88.0,R,848.0,R,0.0,R,848.0,R,742.0,R,88.0,A,,A,,A,,A,,A,,R,11.0
153278,2013,R,441.0,R,592.0,R,74.0,R,445.0,R,7.0,R,438.0,R,280.0,R,64.0,R,0.0,R,0.0,R,0.0,R,0.0,A,,R,13.0
153296,2013,R,344.0,R,554.0,R,62.0,R,353.0,R,0.0,R,353.0,R,166.0,R,47.0,R,25.0,R,0.0,R,25.0,R,6.0,R,24.0,R,23.0
153302,2013,R,33.0,R,64.0,R,52.0,R,32.0,R,0.0,R,32.0,R,16.0,R,50.0,R,1.0,R,0.0,R,1.0,R,0.0,R,0.0,R,10.0
153311,2013,R,759.0,R,2909.0,R,26.0,R,859.0,R,0.0,R,859.0,R,499.0,R,58.0,R,469.0,Z,0.0,R,469.0,R,203.0,R,43.0,R,14.0
153320,2013,R,60.0,R,81.0,R,74.0,R,47.0,R,0.0,R,47.0,R,33.0,R,70.0,R,0.0,R,0.0,R,0.0,R,0.0,A,,R,10.0
153339,2013,A,,A,,A,,R,11.0,R,0.0,R,11.0,R,9.0,R,82.0,A,,A,,A,,A,,A,,R,7.0
153366,2013,R,326.0,R,663.0,R,49.0,R,231.0,R,2.0,R,229.0,R,161.0,R,70.0,R,0.0,Z,0.0,R,0.0,Z,0.0,A,,R,15.0
153375,2013,R,298.0,R,608.0,R,49.0,R,292.0,R,1.0,R,291.0,R,200.0,R,69.0,R,0.0,R,0.0,R,0.0,R,0.0,A,,R,13.0
153384,2013,R,423.0,R,463.0,R,91.0,R,444.0,R,0.0,R,444.0,R,414.0,R,93.0,A,,A,,A,,A,,A,,R,9.0
153409,2013,A,,A,,A,,R,0.0,R,0.0,R,0.0,R,0.0,A,,R,0.0,R,0.0,R,0.0,R,0.0,A,,R,19.0
153418,2013,A,,A,,A,,R,0.0,R,0.0,R,0.0,R,0.0,A,,R,0.0,R,0.0,R,0.0,R,0.0,A,,R,19.0
153427,2013,R,88.0,R,88.0,R,100.0,R,0.0,R,0.0,R,0.0,R,0.0,A,,A,,A,,A,,A,,A,,R,18.0
153445,2013,R,912.0,R,2138.0,R,43.0,R,1065.0,Z,0.0,R,1065.0,R,638.0,R,60.0,R,240.0,R,0.0,R,240.0,R,93.0,R,39.0,R,20.0
153463,2013,A,,A,,A,,R,6.0,R,0.0,R,6.0,R,6.0,R,100.0,A,,A,,A,,A,,A,,R,11.0
153472,2013,A,,A,,A,,R,916.0,R,2.0,R,914.0,R,466.0,R,51.0,R,64.0,R,0.0,R,64.0,R,15.0,R,23.0,R,18.0
153524,2013,R,1141.0,R,1369.0,R,83.0,R,1212.0,Z,0.0,R,1212.0,R,619.0,R,51.0,R,73.0,Z,0.0,R,73.0,R,26.0,R,36.0,R,18.0
153533,2013,R,405.0,R,1549.0,R,26.0,R,425.0,R,0.0,R,425.0,R,239.0,R,56.0,R,34.0,R,0.0,R,34.0,R,5.0,R,15.0,R,15.0
153542,2013,A,,A,,A,,R,10.0,R,0.0,R,10.0,R,8.0,R,80.0,A,,A,,A,,A,,A,,R,9.0
153588,2013,A,,A,,A,,R,9.0,R,0.0,R,9.0,R,9.0,R,100.0,A,,A,,A,,A,,A,,R,8.0
153597,2013,A,,A,,A,,R,39.0,Z,0.0,R,39.0,R,26.0,R,67.0,A,,A,,A,,A,,A,,R,11.0
153603,2013,R,6063.0,R,8560.0,R,71.0,R,5353.0,R,0.0,R,5353.0,R,4664.0,R,87.0,R,12.0,R,0.0,R,12.0,R,9.0,R,75.0,R,19.0
153621,2013,R,102.0,R,207.0,R,49.0,R,112.0,R,0.0,R,112.0,R,49.0,R,44.0,R,1.0,R,0.0,R,1.0,R,0.0,R,0.0,R,9.0
153630,2013,R,1163.0,R,3174.0,R,37.0,R,1316.0,R,1.0,R,1315.0,R,605.0,R,46.0,R,183.0,R,0.0,R,183.0,R,63.0,R,34.0,R,21.0
153658,2013,R,4270.0,R,5948.0,R,72.0,R,4293.0,R,0.0,R,4293.0,R,3685.0,R,86.0,R,177.0,R,0.0,R,177.0,R,143.0,R,81.0,R,16.0
153737,2013,R,2319.0,R,5644.0,R,41.0,R,2476.0,R,1.0,R,2475.0,R,1420.0,R,57.0,R,521.0,R,0.0,R,521.0,R,142.0,R,27.0,R,21.0
153746,2013,A,,A,,A,,R,31.0,R,0.0,R,31.0,R,20.0,R,65.0,A,,A,,A,,A,,A,,R,20.0
153764,2013,A,,A,,A,,R,44.0,Z,0.0,R,44.0,R,33.0,R,75.0,A,,A,,A,,A,,A,,R,15.0
153773,2013,A,,A,,A,,R,65.0,R,0.0,R,65.0,R,57.0,R,88.0,A,,A,,A,,A,,A,,R,7.0
153782,2013,A,,A,,A,,R,36.0,Z,0.0,R,36.0,R,30.0,R,83.0,A,,A,,A,,A,,A,,R,19.0
153825,2013,R,414.0,R,493.0,R,84.0,R,374.0,R,0.0,R,374.0,R,303.0,R,81.0,A,,A,,A,,A,,A,,R,12.0
153834,2013,R,627.0,R,668.0,R,94.0,R,644.0,R,0.0,R,644.0,R,561.0,R,87.0,R,1.0,R,0.0,R,1.0,R,0.0,R,0.0,R,12.0
153861,2013,R,18.0,R,76.0,R,24.0,R,33.0,R,0.0,R,33.0,R,27.0,R,82.0,R,1.0,R,0.0,R,1.0,R,0.0,R,0.0,R,13.0
153922,2013,R,360.0,R,1067.0,R,34.0,R,358.0,R,0.0,R,358.0,R,183.0,R,51.0,R,92.0,R,0.0,R,92.0,R,27.0,R,29.0,R,29.0
153977,2013,R,32.0,R,288.0,R,11.0,R,2.0,R,0.0,R,2.0,R,1.0,R,50.0,R,1.0,R,0.0,R,1.0,R,1.0,R,100.0,R,7.0
154004,2013,R,357.0,R,444.0,R,80.0,R,273.0,R,0.0,R,273.0,R,200.0,R,73.0,R,0.0,R,0.0,R,0.0,R,0.0,A,,R,13.0
154013,2013,R,154.0,R,444.0,R,35.0,R,158.0,R,0.0,R,158.0,R,130.0,R,82.0,R,0.0,R,0.0,R,0.0,R,0.0,A,,R,14.0
154022,2013,R,866.0,R,6930.0,R,12.0,R,1654.0,R,0.0,R,1654.0,R,599.0,R,36.0,A,,A,,A,,A,,A,,R,15.0
154059,2013,R,572.0,R,1516.0,R,38.0,R,617.0,R,0.0,R,617.0,R,487.0,R,79.0,R,61.0,R,0.0,R,61.0,R,20.0,R,33.0,R,20.0
154095,2013,R,1689.0,R,2781.0,R,61.0,R,1678.0,R,2.0,R,1676.0,R,1391.0,R,83.0,R,26.0,R,0.0,R,26.0,R,13.0,R,50.0,R,16.0
154101,2013,R,284.0,R,360.0,R,79.0,R,302.0,R,0.0,R,302.0,R,239.0,R,79.0,A,,A,,A,,A,,A,,R,11.0
154110,2013,R,592.0,R,2342.0,R,25.0,R,597.0,R,1.0,R,596.0,R,368.0,R,62.0,R,159.0,R,0.0,R,159.0,R,70.0,R,44.0,R,16.0
154129,2013,R,225.0,R,898.0,R,25.0,R,250.0,R,0.0,R,250.0,R,179.0,R,72.0,R,38.0,R,0.0,R,38.0,R,13.0,R,34.0,R,13.0
154165,2013,A,,A,,A,,R,13.0,R,0.0,R,13.0,R,8.0,R,62.0,A,,A,,A,,A,,A,,R,13.0
154174,2013,R,5.0,R,18.0,R,28.0,R,0.0,R,0.0,R,0.0,R,0.0,A,,R,0.0,R,0.0,R,0.0,R,0.0,A,,R,4.0
154208,2013,A,,A,,A,,R,18.0,R,0.0,R,18.0,R,12.0,R,67.0,A,,A,,A,,A,,A,,R,15.0
154235,2013,R,561.0,R,847.0,R,66.0,R,581.0,R,0.0,R,581.0,R,466.0,R,80.0,R,1.0,R,0.0,R,1.0,R,1.0,R,100.0,R,10.0
154262,2013,R,1.0,R,64.0,R,2.0,R,0.0,R,0.0,R,0.0,R,0.0,A,,R,0.0,R,0.0,R,0.0,R,0.0,A,,R,6.0
154332,2013,A,,A,,A,,R,12.0,Z,0.0,R,12.0,R,8.0,R,67.0,A,,A,,A,,A,,A,,R,16.0
154341,2013,A,,A,,A,,R,32.0,Z,0.0,R,32.0,R,23.0,R,72.0,A,,A,,A,,A,,A,,R,13.0
154350,2013,R,373.0,R,495.0,R,75.0,R,408.0,R,0.0,R,408.0,R,322.0,R,79.0,R,0.0,R,0.0,R,0.0,R,0.0,A,,R,13.0
154378,2013,R,311.0,R,723.0,R,43.0,R,289.0,R,0.0,R,289.0,R,158.0,R,55.0,R,69.0,R,0.0,R,69.0,R,31.0,R,45.0,R,20.0
154396,2013,R,289.0,R,422.0,R,68.0,R,271.0,Z,0.0,R,271.0,R,149.0,R,55.0,R,30.0,Z,0.0,R,30.0,R,8.0,R,27.0,R,15.0
154448,2013,A,,A,,A,,R,34.0,R,0.0,R,34.0,R,30.0,R,88.0,A,,A,,A,,A,,A,,R,15.0
154457,2013,A,,A,,A,,R,19.0,R,0.0,R,19.0,R,16.0,R,84.0,A,,A,,A,,A,,A,,R,10.0
154466,2013,A,,A,,A,,R,20.0,R,0.0,R,20.0,R,14.0,R,70.0,A,,A,,A,,A,,A,,R,11.0
154493,2013,R,241.0,R,475.0,R,51.0,R,241.0,R,0.0,R,241.0,R,174.0,R,72.0,R,5.0,R,0.0,R,5.0,R,1.0,R,20.0,R,17.0
154518,2013,R,119.0,R,353.0,R,34.0,R,154.0,R,0.0,R,154.0,R,75.0,R,49.0,R,1.0,R,0.0,R,1.0,R,1.0,R,100.0,R,20.0
154527,2013,R,451.0,R,524.0,R,86.0,R,483.0,R,1.0,R,482.0,R,390.0,R,81.0,R,0.0,R,0.0,R,0.0,R,0.0,A,,R,11.0
154545,2013,A,,A,,A,,R,8.0,R,0.0,R,8.0,R,5.0,R,63.0,A,,A,,A,,A,,A,,R,15.0
154572,2013,R,427.0,R,3248.0,R,13.0,R,582.0,R,0.0,R,582.0,R,219.0,R,38.0,R,134.0,R,0.0,R,134.0,R,60.0,R,45.0,R,21.0
154590,2013,R,264.0,R,615.0,R,43.0,R,256.0,R,0.0,R,256.0,R,156.0,R,61.0,A,,A,,A,,A,,A,,R,17.0
154642,2013,R,418.0,R,751.0,R,56.0,R,406.0,R,12.0,R,394.0,R,227.0,R,58.0,R,196.0,R,3.0,R,193.0,R,35.0,R,18.0,R,22.0
154688,2013,R,235.0,R,537.0,R,44.0,R,202.0,R,0.0,R,202.0,R,153.0,R,76.0,R,0.0,R,0.0,R,0.0,R,0.0,A,,R,9.0
154697,2013,R,430.0,R,2094.0,R,21.0,R,499.0,R,0.0,R,499.0,R,300.0,R,60.0,R,1048.0,R,1.0,R,1047.0,R,212.0,R,20.0,R,24.0
154712,2013,R,494.0,R,824.0,R,60.0,R,488.0,R,6.0,R,482.0,R,370.0,R,77.0,A,,A,,A,,A,,A,,R,15.0
154721,2013,R,184.0,R,305.0,R,60.0,R,131.0,R,0.0,R,131.0,R,84.0,R,64.0,R,0.0,R,0.0,R,0.0,R,0.0,A,,R,12.0
154749,2013,R,123.0,R,197.0,R,62.0,R,101.0,R,0.0,R,101.0,R,71.0,R,70.0,R,0.0,Z,0.0,R,0.0,Z,0.0,A,,R,10.0
154767,2013,R,134.0,R,151.0,R,89.0,R,0.0,Z,0.0,R,0.0,Z,0.0,A,,A,,A,,A,,A,,A,,R,12.0
154776,2013,R,187.0,R,190.0,R,98.0,R,0.0,Z,0.0,R,0.0,Z,0.0,A,,A,,A,,A,,A,,A,,R,13.0
154794,2013,A,,A,,A,,R,43.0,R,0.0,R,43.0,R,13.0,R,30.0,A,,A,,A,,A,,A,,R,22.0
154800,2013,R,1250.0,R,2999.0,R,42.0,R,1286.0,R,0.0,R,1286.0,R,750.0,R,58.0,R,506.0,R,0.0,R,506.0,R,153.0,R,30.0,R,19.0
154837,2013,R,30.0,R,61.0,R,49.0,R,0.0,R,0.0,R,0.0,R,0.0,A,,R,0.0,R,0.0,R,0.0,R,0.0,A,,R,9.0
154855,2013,A,,A,,A,,R,115.0,R,0.0,R,115.0,R,72.0,R,63.0,A,,A,,A,,A,,A,,R,14.0
154907,2013,R,357.0,R,1105.0,R,32.0,R,276.0,R,0.0,R,276.0,R,152.0,R,55.0,R,40.0,R,0.0,R,40.0,R,7.0,R,18.0,R,20.0
154925,2013,R,495.0,R,639.0,R,77.0,R,440.0,Z,0.0,R,440.0,R,274.0,R,62.0,R,28.0,Z,0.0,R,28.0,R,24.0,R,86.0,R,28.0
154934,2013,R,275.0,R,486.0,R,57.0,R,298.0,R,0.0,R,298.0,R,156.0,R,52.0,R,23.0,R,0.0,R,23.0,R,11.0,R,48.0,R,10.0
154952,2013,R,561.0,R,1098.0,R,51.0,R,863.0,R,0.0,R,863.0,R,473.0,R,55.0,R,265.0,R,2.0,R,263.0,R,63.0,R,24.0,R,26.0
154970,2013,A,,A,,A,,R,25.0,Z,0.0,R,25.0,R,14.0,R,56.0,R,9.0,Z,0.0,R,9.0,R,3.0,R,33.0,R,18.0
154998,2013,R,407.0,R,1132.0,R,36.0,R,411.0,R,0.0,R,411.0,R,211.0,R,51.0,R,50.0,R,0.0,R,50.0,R,24.0,R,48.0,R,12.0
155007,2013,R,105.0,R,209.0,R,50.0,R,48.0,Z,0.0,R,48.0,R,8.0,R,17.0,R,27.0,Z,0.0,R,27.0,R,11.0,R,41.0,R,9.0
155025,2013,R,668.0,R,1165.0,R,57.0,R,601.0,R,0.0,R,601.0,R,439.0,R,73.0,R,22.0,R,0.0,R,22.0,R,17.0,R,77.0,R,15.0
155052,2013,R,155.0,R,485.0,R,32.0,R,136.0,R,0.0,R,136.0,R,89.0,R,65.0,R,90.0,Z,0.0,R,90.0,R,41.0,R,46.0,R,14.0
155061,2013,R,981.0,R,3290.0,R,30.0,R,905.0,Z,0.0,R,905.0,R,592.0,R,65.0,R,55.0,R,0.0,R,55.0,R,21.0,R,38.0,R,18.0
155070,2013,R,37.0,R,81.0,R,46.0,R,40.0,R,0.0,R,40.0,R,23.0,R,58.0,R,0.0,R,0.0,R,0.0,Z,0.0,A,,R,11.0
155089,2013,R,178.0,R,485.0,R,37.0,R,193.0,R,0.0,R,193.0,R,125.0,R,65.0,R,3.0,R,0.0,R,3.0,R,2.0,R,67.0,R,14.0
155098,2013,R,385.0,R,839.0,R,46.0,R,399.0,R,0.0,R,399.0,R,234.0,R,59.0,R,169.0,R,0.0,R,169.0,R,45.0,R,27.0,R,12.0
155104,2013,R,445.0,R,790.0,R,56.0,R,451.0,R,0.0,R,451.0,R,250.0,R,55.0,R,86.0,R,0.0,R,86.0,R,20.0,R,23.0,R,13.0
155140,2013,R,145.0,R,198.0,R,73.0,R,0.0,R,0.0,R,0.0,R,0.0,A,,R,0.0,R,0.0,R,0.0,R,0.0,A,,R,16.0
155159,2013,A,,A,,A,,R,40.0,R,0.0,R,40.0,R,34.0,R,85.0,A,,A,,A,,A,,A,,R,10.0
155177,2013,R,163.0,R,219.0,R,74.0,R,168.0,R,0.0,R,168.0,R,128.0,R,76.0,R,0.0,R,0.0,R,0.0,R,0.0,A,,R,9.0
155186,2013,R,477.0,R,1109.0,R,43.0,R,449.0,R,0.0,R,449.0,R,250.0,R,56.0,R,139.0,R,0.0,R,139.0,R,26.0,R,19.0,R,18.0
155195,2013,R,915.0,R,2776.0,R,33.0,R,965.0,R,1.0,R,964.0,R,527.0,R,55.0,R,222.0,R,0.0,R,222.0,R,68.0,R,31.0,R,17.0
155201,2013,R,291.0,R,581.0,R,50.0,R,199.0,R,0.0,R,199.0,R,88.0,R,44.0,R,22.0,R,0.0,R,22.0,R,3.0,R,14.0,R,15.0
155210,2013,R,1377.0,R,6245.0,R,22.0,R,1330.0,R,0.0,R,1330.0,R,740.0,R,56.0,R,709.0,R,0.0,R,709.0,R,294.0,R,41.0,R,21.0
155283,2013,A,,A,,A,,R,34.0,R,0.0,R,34.0,R,11.0,R,32.0,A,,A,,A,,A,,A,,R,23.0
155292,2013,R,578.0,R,1644.0,R,35.0,R,606.0,R,0.0,R,606.0,R,299.0,R,49.0,R,585.0,R,0.0,R,585.0,R,207.0,R,35.0,R,15.0
155317,2013,R,3898.0,R,5727.0,R,68.0,R,3653.0,R,2.0,R,3651.0,R,2917.0,R,80.0,R,118.0,R,0.0,R,118.0,R,90.0,R,76.0,R,17.0
155335,2013,R,164.0,R,1504.0,R,11.0,R,190.0,R,0.0,R,190.0,R,138.0,R,73.0,R,2.0,R,0.0,R,2.0,R,0.0,R,0.0,R,14.0
155353,2013,A,,A,,A,,R,39.0,R,0.0,R,39.0,R,33.0,R,85.0,A,,A,,A,,A,,A,,R,15.0
155399,2013,R,3755.0,R,5656.0,R,66.0,R,3786.0,R,0.0,R,3786.0,R,3074.0,R,81.0,R,84.0,R,0.0,R,84.0,R,37.0,R,44.0,R,19.0
155414,2013,R,151.0,R,270.0,R,56.0,R,139.0,R,0.0,R,139.0,R,86.0,R,62.0,A,,A,,A,,A,,A,,R,14.0
155423,2013,A,,A,,A,,R,61.0,R,0.0,R,61.0,R,55.0,R,90.0,R,158.0,R,1.0,R,157.0,R,108.0,R,69.0,R,10.0
155441,2013,A,,A,,A,,R,7.0,R,0.0,R,7.0,R,5.0,R,71.0,R,5.0,R,0.0,R,5.0,R,4.0,R,80.0,R,7.0
155450,2013,R,176.0,R,357.0,R,49.0,R,201.0,R,0.0,R,201.0,R,100.0,R,50.0,R,38.0,Z,0.0,R,38.0,R,11.0,R,29.0,R,14.0
155487,2013,R,128.0,R,372.0,R,34.0,R,89.0,R,0.0,R,89.0,R,71.0,R,80.0,R,100.0,R,0.0,R,100.0,R,58.0,R,58.0,R,14.0
155496,2013,R,73.0,R,116.0,R,63.0,R,72.0,R,0.0,R,72.0,R,54.0,R,75.0,A,,A,,A,,A,,A,,R,14.0
155511,2013,R,170.0,R,262.0,R,65.0,R,175.0,R,1.0,R,174.0,R,100.0,R,57.0,R,0.0,R,0.0,R,0.0,R,0.0,A,,R,14.0
155520,2013,R,218.0,R,568.0,R,38.0,R,198.0,R,0.0,R,198.0,R,124.0,R,63.0,R,1.0,R,0.0,R,1.0,R,1.0,R,100.0,R,5.0
155566,2013,R,326.0,R,971.0,R,34.0,R,339.0,R,1.0,R,338.0,R,161.0,R,48.0,R,92.0,R,1.0,R,91.0,R,35.0,R,38.0,R,15.0
155593,2013,R,218.0,R,366.0,R,60.0,R,188.0,R,0.0,R,188.0,R,172.0,R,91.0,R,1.0,R,0.0,R,1.0,R,1.0,R,100.0,R,10.0
155618,2013,A,,A,,A,,R,216.0,R,0.0,R,216.0,R,143.0,R,66.0,R,4.0,R,0.0,R,4.0,R,2.0,R,50.0,R,12.0
155627,2013,R,144.0,R,187.0,R,77.0,R,154.0,R,0.0,R,154.0,R,95.0,R,62.0,R,0.0,R,0.0,R,0.0,R,0.0,A,,R,11.0
155636,2013,A,,A,,A,,A,,A,,A,,A,,A,,R,2.0,R,0.0,R,2.0,R,1.0,R,50.0,R,10.0
155681,2013,R,1128.0,R,1873.0,R,60.0,R,1054.0,Z,0.0,R,1054.0,R,783.0,R,74.0,R,10.0,Z,0.0,R,10.0,R,3.0,R,30.0,R,19.0
155715,2013,R,301.0,R,652.0,R,46.0,R,231.0,R,0.0,R,231.0,R,129.0,R,56.0,R,5.0,R,0.0,R,5.0,R,3.0,R,60.0,R,26.0
155812,2013,R,104.0,R,276.0,R,38.0,R,116.0,R,0.0,R,116.0,R,84.0,R,72.0,R,0.0,R,0.0,R,0.0,R,0.0,A,,R,10.0
155830,2013,R,143.0,R,331.0,R,43.0,R,204.0,R,1.0,R,203.0,R,162.0,R,80.0,R,28.0,R,0.0,R,28.0,R,22.0,R,79.0,R,11.0
155858,2013,R,300.0,R,471.0,R,64.0,R,356.0,R,0.0,R,356.0,R,234.0,R,66.0,R,38.0,R,0.0,R,38.0,R,12.0,R,32.0,R,13.0
155867,2013,A,,A,,A,,R,13.0,R,0.0,R,13.0,R,11.0,R,85.0,A,,A,,A,,A,,A,,R,10.0
155900,2013,R,128.0,R,375.0,R,34.0,R,148.0,R,0.0,R,148.0,R,97.0,R,66.0,A,,A,,A,,A,,A,,R,8.0
155937,2013,R,169.0,R,281.0,R,60.0,R,139.0,R,0.0,R,139.0,R,92.0,R,66.0,A,,A,,A,,A,,A,,R,13.0
155973,2013,R,159.0,R,280.0,R,57.0,R,140.0,R,0.0,R,140.0,R,86.0,R,61.0,R,2.0,Z,0.0,R,2.0,R,0.0,R,0.0,R,15.0
156082,2013,R,779.0,R,1934.0,R,40.0,R,803.0,R,0.0,R,803.0,R,518.0,R,65.0,R,73.0,R,0.0,R,73.0,R,18.0,R,25.0,R,14.0
156107,2013,R,189.0,R,1304.0,R,14.0,R,245.0,R,0.0,R,245.0,R,143.0,R,58.0,R,189.0,R,0.0,R,189.0,R,96.0,R,51.0,R,14.0
156125,2013,R,1218.0,R,2790.0,R,44.0,R,1219.0,R,0.0,R,1219.0,R,908.0,R,74.0,R,78.0,R,0.0,R,78.0,R,30.0,R,38.0,R,20.0
156134,2013,A,,A,,A,,R,145.0,R,0.0,R,145.0,R,90.0,R,62.0,A,,A,,A,,A,,A,,R,23.0
156189,2013,R,189.0,R,231.0,R,82.0,R,199.0,R,0.0,R,199.0,R,125.0,R,63.0,R,1.0,R,0.0,R,1.0,R,0.0,R,0.0,R,17.0
156213,2013,R,322.0,R,579.0,R,56.0,R,322.0,R,0.0,R,322.0,R,257.0,R,80.0,R,0.0,Z,0.0,R,0.0,Z,0.0,A,,R,12.0
156231,2013,R,418.0,R,714.0,R,59.0,R,454.0,R,1.0,R,453.0,R,218.0,R,48.0,R,85.0,R,0.0,R,85.0,R,27.0,R,32.0,R,15.0
156277,2013,A,,A,,A,,R,31.0,R,0.0,R,31.0,R,23.0,R,74.0,A,,A,,A,,A,,A,,R,15.0
156286,2013,R,674.0,R,803.0,R,84.0,R,606.0,R,0.0,R,606.0,R,483.0,R,80.0,R,1.0,R,0.0,R,1.0,R,0.0,R,0.0,R,12.0
156295,2013,R,397.0,R,454.0,R,87.0,R,391.0,R,0.0,R,391.0,R,317.0,R,81.0,A,,A,,A,,A,,A,,R,11.0
156310,2013,A,,A,,A,,R,1.0,R,0.0,R,1.0,R,1.0,R,100.0,R,1.0,R,0.0,R,1.0,R,1.0,R,100.0,R,7.0
156338,2013,R,306.0,R,762.0,R,40.0,R,359.0,R,0.0,R,359.0,R,205.0,R,57.0,R,251.0,R,0.0,R,251.0,R,99.0,R,39.0,R,15.0
156356,2013,R,151.0,R,347.0,R,44.0,R,163.0,R,0.0,R,163.0,R,93.0,R,57.0,R,2.0,R,0.0,R,2.0,R,0.0,R,0.0,R,14.0
156365,2013,R,522.0,R,1575.0,R,33.0,R,568.0,Z,0.0,R,568.0,R,391.0,R,69.0,R,9.0,Z,0.0,R,9.0,R,4.0,R,44.0,R,13.0
156392,2013,R,1369.0,R,2971.0,R,46.0,R,1722.0,R,1.0,R,1721.0,R,903.0,R,52.0,R,986.0,R,2.0,R,984.0,R,323.0,R,33.0,R,15.0
156408,2013,R,377.0,R,394.0,R,96.0,R,351.0,R,0.0,R,351.0,R,316.0,R,90.0,A,,A,,A,,A,,A,,R,11.0
156417,2013,R,5.0,R,39.0,R,13.0,R,10.0,R,0.0,R,10.0,R,8.0,R,80.0,R,1.0,R,0.0,R,1.0,R,0.0,R,0.0,R,14.0
156426,2013,A,,A,,A,,R,24.0,R,0.0,R,24.0,R,14.0,R,58.0,R,9.0,R,0.0,R,9.0,R,6.0,R,67.0,R,20.0
156444,2013,A,,A,,A,,R,12.0,R,4.0,R,8.0,R,6.0,R,75.0,A,,A,,A,,A,,A,,R,20.0
156471,2013,A,,A,,A,,R,113.0,Z,0.0,R,113.0,R,72.0,R,64.0,R,2.0,Z,0.0,R,2.0,R,0.0,R,0.0,R,16.0
156541,2013,R,488.0,R,862.0,R,57.0,R,459.0,R,0.0,R,459.0,R,237.0,R,52.0,R,0.0,R,0.0,R,0.0,R,0.0,A,,R,14.0
156620,2013,R,2380.0,R,4038.0,R,59.0,R,1943.0,R,0.0,R,1943.0,R,1389.0,R,71.0,R,22.0,R,0.0,R,22.0,R,10.0,R,45.0,R,17.0
156648,2013,R,835.0,R,1859.0,R,45.0,R,924.0,R,1.0,R,923.0,R,492.0,R,53.0,R,494.0,R,0.0,R,494.0,R,161.0,R,33.0,R,20.0
156745,2013,R,243.0,R,328.0,R,74.0,R,237.0,R,0.0,R,237.0,R,179.0,R,76.0,R,0.0,R,0.0,R,0.0,R,0.0,A,,R,9.0
156754,2013,A,,A,,A,,R,21.0,R,0.0,R,21.0,R,12.0,R,57.0,A,,A,,A,,A,,A,,R,7.0
156790,2013,R,486.0,R,735.0,R,66.0,R,494.0,R,2.0,R,492.0,R,302.0,R,61.0,R,86.0,R,0.0,R,86.0,R,32.0,R,37.0,R,13.0
156842,2013,A,,A,,A,,R,4.0,R,0.0,R,4.0,R,3.0,R,75.0,R,1.0,Z,0.0,R,1.0,R,0.0,R,0.0,R,17.0
156851,2013,R,171.0,R,394.0,R,43.0,R,145.0,R,0.0,R,145.0,R,65.0,R,45.0,R,95.0,R,0.0,R,95.0,R,35.0,R,37.0,R,10.0
156860,2013,R,395.0,R,941.0,R,42.0,R,446.0,R,2.0,R,444.0,R,231.0,R,52.0,R,330.0,R,2.0,R,328.0,R,118.0,R,36.0,R,17.0
156903,2013,R,8.0,R,18.0,R,44.0,R,0.0,R,0.0,R,0.0,R,0.0,A,,R,0.0,R,0.0,R,0.0,R,0.0,A,,R,6.0
156921,2013,R,874.0,R,2711.0,R,32.0,R,1106.0,R,1.0,R,1105.0,R,536.0,R,49.0,R,1119.0,R,1.0,R,1118.0,R,425.0,R,38.0,R,15.0
156949,2013,A,,A,,A,,R,13.0,R,0.0,R,13.0,R,12.0,R,92.0,R,4.0,R,0.0,R,4.0,R,3.0,R,75.0,R,10.0
156967,2013,A,,A,,A,,R,14.0,R,0.0,R,14.0,R,11.0,R,79.0,A,,A,,A,,A,,A,,R,20.0
157021,2013,R,53.0,R,270.0,R,20.0,R,0.0,R,0.0,R,0.0,R,0.0,A,,R,0.0,R,0.0,R,0.0,R,0.0,A,,R,11.0
157030,2013,R,20.0,R,28.0,R,71.0,R,13.0,R,0.0,R,13.0,R,8.0,R,62.0,R,0.0,R,0.0,R,0.0,R,0.0,A,,R,12.0
157058,2013,R,519.0,R,710.0,R,73.0,R,361.0,R,32.0,R,329.0,R,170.0,R,52.0,R,6.0,R,0.0,R,6.0,R,3.0,R,50.0,R,14.0
157076,2013,R,163.0,R,225.0,R,72.0,R,157.0,Z,0.0,R,157.0,R,102.0,R,65.0,A,,A,,A,,A,,A,,R,11.0
157085,2013,R,4619.0,R,5887.0,R,78.0,R,4588.0,R,2.0,R,4586.0,R,3785.0,R,83.0,R,59.0,R,0.0,R,59.0,R,23.0,R,39.0,R,18.0
157100,2013,R,129.0,R,203.0,R,64.0,R,199.0,R,0.0,R,199.0,R,106.0,R,53.0,A,,A,,A,,A,,A,,R,12.0
157216,2013,R,513.0,R,920.0,R,56.0,R,516.0,R,0.0,R,516.0,R,296.0,R,57.0,R,3.0,R,0.0,R,3.0,R,0.0,R,0.0,R,15.0
157270,2013,R,44.0,R,60.0,R,73.0,R,0.0,R,0.0,R,0.0,R,0.0,A,,R,0.0,R,0.0,R,0.0,R,0.0,A,,R,7.0
157289,2013,R,2807.0,R,4009.0,R,70.0,R,2645.0,R,0.0,R,2645.0,R,2060.0,R,78.0,R,57.0,R,0.0,R,57.0,R,25.0,R,44.0,R,11.0
157304,2013,R,286.0,R,562.0,R,51.0,R,347.0,R,1.0,R,346.0,R,223.0,R,64.0,R,128.0,R,0.0,R,128.0,R,53.0,R,41.0,R,11.0
157331,2013,R,402.0,R,848.0,R,47.0,R,410.0,R,1.0,R,409.0,R,251.0,R,61.0,R,181.0,R,0.0,R,181.0,R,68.0,R,38.0,R,13.0
157359,2013,A,,A,,A,,R,206.0,R,0.0,R,206.0,R,128.0,R,62.0,R,55.0,Z,0.0,R,55.0,R,19.0,R,35.0,R,18.0
157377,2013,R,79.0,R,284.0,R,28.0,R,99.0,R,0.0,R,99.0,R,82.0,R,83.0,R,24.0,R,0.0,R,24.0,R,16.0,R,67.0,R,13.0
157386,2013,R,1691.0,R,2258.0,R,75.0,R,1555.0,R,2.0,R,1553.0,R,1074.0,R,69.0,R,14.0,R,0.0,R,14.0,R,3.0,R,21.0,R,18.0
157401,2013,R,1569.0,R,3242.0,R,48.0,R,1603.0,R,2.0,R,1601.0,R,1169.0,R,73.0,R,23.0,R,0.0,R,23.0,R,11.0,R,48.0,R,16.0
157438,2013,R,243.0,R,1000.0,R,24.0,R,244.0,R,0.0,R,244.0,R,159.0,R,65.0,R,385.0,R,0.0,R,385.0,R,211.0,R,55.0,R,13.0
157447,2013,R,2218.0,R,3641.0,R,61.0,R,1843.0,R,0.0,R,1843.0,R,1243.0,R,67.0,R,54.0,R,0.0,R,54.0,R,20.0,R,37.0,R,19.0
157456,2013,A,,A,,A,,R,9.0,R,0.0,R,9.0,R,7.0,R,78.0,A,,A,,A,,A,,A,,R,6.0
157465,2013,R,3.0,R,29.0,R,10.0,R,0.0,R,0.0,R,0.0,R,0.0,A,,R,0.0,R,0.0,R,0.0,R,0.0,A,,R,5.0
157483,2013,R,649.0,R,1448.0,R,45.0,R,711.0,R,0.0,R,711.0,R,469.0,R,66.0,R,287.0,R,0.0,R,287.0,R,126.0,R,44.0,R,13.0
157508,2013,A,,A,,A,,R,7.0,R,0.0,R,7.0,R,6.0,R,86.0,R,6.0,R,0.0,R,6.0,R,5.0,R,83.0,R,16.0
157535,2013,R,386.0,R,828.0,R,47.0,R,368.0,Z,0.0,R,368.0,R,192.0,R,52.0,R,0.0,Z,0.0,R,0.0,Z,0.0,A,,R,16.0
157553,2013,R,361.0,R,722.0,R,50.0,R,384.0,R,0.0,R,384.0,R,214.0,R,56.0,R,70.0,R,1.0,R,69.0,R,29.0,R,42.0,R,17.0
157599,2013,R,279.0,R,417.0,R,67.0,R,1.0,Z,0.0,R,1.0,Z,0.0,R,0.0,A,,A,,A,,A,,A,,R,14.0
157614,2013,A,,A,,A,,R,14.0,R,0.0,R,14.0,R,8.0,R,57.0,R,3.0,R,0.0,R,3.0,R,2.0,R,67.0,R,21.0
157632,2013,R,115.0,R,195.0,R,59.0,R,126.0,R,0.0,R,126.0,R,78.0,R,62.0,R,8.0,R,0.0,R,8.0,R,2.0,R,25.0,R,8.0
157650,2013,A,,A,,A,,R,36.0,R,0.0,R,36.0,R,17.0,R,47.0,R,12.0,R,0.0,R,12.0,R,4.0,R,33.0,R,21.0
157669,2013,A,,A,,A,,R,24.0,R,1.0,R,23.0,R,18.0,R,78.0,R,5.0,R,0.0,R,5.0,R,1.0,R,20.0,R,19.0
157678,2013,A,,A,,A,,R,47.0,R,0.0,R,47.0,R,36.0,R,77.0,R,23.0,R,0.0,R,23.0,R,13.0,R,57.0,R,22.0
157696,2013,R,49.0,R,129.0,R,38.0,R,3.0,Z,0.0,R,3.0,R,1.0,R,33.0,A,,A,,A,,A,,A,,R,8.0
157711,2013,R,866.0,R,1610.0,R,54.0,R,928.0,R,2.0,R,926.0,R,581.0,R,63.0,R,389.0,R,0.0,R,389.0,R,168.0,R,43.0,R,18.0
157739,2013,R,296.0,R,880.0,R,34.0,R,361.0,R,1.0,R,360.0,R,211.0,R,59.0,R,58.0,R,0.0,R,58.0,R,18.0,R,31.0,R,13.0
157748,2013,R,96.0,R,258.0,R,37.0,R,66.0,Z,0.0,R,66.0,R,61.0,R,92.0,R,19.0,R,0.0,R,19.0,R,8.0,R,42.0,R,14.0
157757,2013,R,182.0,R,364.0,R,50.0,R,171.0,R,0.0,R,171.0,R,125.0,R,73.0,R,29.0,R,0.0,R,29.0,R,5.0,R,17.0,R,14.0
157766,2013,R,125.0,R,134.0,R,93.0,R,120.0,R,0.0,R,120.0,R,44.0,R,37.0,R,33.0,R,0.0,R,33.0,R,23.0,R,70.0,R,12.0
157793,2013,R,302.0,R,422.0,R,72.0,R,0.0,R,0.0,R,0.0,R,0.0,A,,R,0.0,R,0.0,R,0.0,R,0.0,A,,R,19.0
157809,2013,R,264.0,R,543.0,R,49.0,R,263.0,R,2.0,R,261.0,R,156.0,R,60.0,R,3.0,R,0.0,R,3.0,R,1.0,R,33.0,R,13.0
157818,2013,R,289.0,R,306.0,R,94.0,R,331.0,Z,0.0,R,331.0,R,289.0,R,87.0,R,0.0,R,0.0,R,0.0,R,0.0,A,,R,11.0
157827,2013,A,,A,,A,,R,31.0,Z,0.0,R,31.0,R,19.0,R,61.0,R,20.0,Z,0.0,R,20.0,R,8.0,R,40.0,R,20.0
157863,2013,R,239.0,R,326.0,R,73.0,R,212.0,R,0.0,R,212.0,R,119.0,R,56.0,R,2.0,R,0.0,R,2.0,R,0.0,R,0.0,R,13.0
157951,2013,R,3065.0,R,4118.0,R,74.0,R,2506.0,R,1.0,R,2505.0,R,1798.0,R,72.0,R,39.0,R,0.0,R,39.0,R,18.0,R,46.0,R,17.0
158088,2013,R,346.0,R,850.0,R,41.0,R,384.0,R,0.0,R,384.0,R,284.0,R,74.0,R,166.0,R,0.0,R,166.0,R,144.0,R,87.0,R,19.0
158158,2013,A,,A,,A,,R,56.0,R,0.0,R,56.0,R,35.0,R,63.0,R,23.0,R,0.0,R,23.0,R,18.0,R,78.0,R,17.0
158246,2013,A,,A,,A,,A,,A,,A,,A,,A,,A,,A,,A,,A,,A,,R,16.0
158325,2013,A,,A,,A,,A,,A,,A,,A,,A,,A,,A,,A,,A,,A,,R,7.0
158334,2013,A,,A,,A,,A,,A,,A,,A,,A,,A,,A,,A,,A,,A,,R,6.0
158343,2013,A,,A,,A,,R,28.0,R,9.0,R,19.0,R,18.0,R,95.0,R,18.0,R,2.0,R,16.0,R,15.0,R,94.0,R,25.0
158352,2013,R,155.0,R,681.0,R,23.0,R,281.0,R,0.0,R,281.0,R,131.0,R,47.0,R,196.0,R,0.0,R,196.0,R,84.0,R,43.0,R,30.0
158431,2013,R,1127.0,R,2965.0,R,38.0,R,1239.0,R,0.0,R,1239.0,R,637.0,R,51.0,R,354.0,R,0.0,R,354.0,R,136.0,R,38.0,R,34.0
158440,2013,A,,A,,A,,R,44.0,Z,0.0,R,44.0,R,27.0,R,61.0,A,,A,,A,,A,,A,,R,17.0
158477,2013,R,127.0,R,151.0,R,84.0,R,158.0,R,0.0,R,158.0,R,120.0,R,76.0,R,0.0,R,0.0,R,0.0,R,0.0,A,,R,9.0
158538,2013,A,,A,,A,,R,17.0,R,0.0,R,17.0,R,14.0,R,82.0,A,,A,,A,,A,,A,,R,20.0
158617,2013,A,,A,,A,,A,,A,,A,,A,,A,,A,,A,,A,,A,,A,,R,20.0
158644,2013,A,,A,,A,,R,13.0,R,0.0,R,13.0,R,10.0,R,77.0,R,14.0,R,0.0,R,14.0,R,7.0,R,50.0,R,11.0
158662,2013,R,1984.0,R,5312.0,R,37.0,R,1961.0,R,0.0,R,1961.0,R,1108.0,R,57.0,R,924.0,R,0.0,R,924.0,R,380.0,R,41.0,R,21.0
158723,2013,R,109.0,R,109.0,R,100.0,R,127.0,R,0.0,R,127.0,R,82.0,R,65.0,A,,A,,A,,A,,A,,R,14.0
158778,2013,A,,A,,A,,R,17.0,R,0.0,R,17.0,R,17.0,R,100.0,A,,A,,A,,A,,A,,R,19.0
158787,2013,A,,A,,A,,R,46.0,R,0.0,R,46.0,R,34.0,R,74.0,A,,A,,A,,A,,A,,R,15.0
158802,2013,R,224.0,R,267.0,R,84.0,R,343.0,R,0.0,R,343.0,R,203.0,R,59.0,R,8.0,R,0.0,R,8.0,R,1.0,R,13.0,R,14.0
158884,2013,R,193.0,R,955.0,R,20.0,R,161.0,R,0.0,R,161.0,R,70.0,R,43.0,R,121.0,R,0.0,R,121.0,R,46.0,R,38.0,R,26.0
159009,2013,R,701.0,R,1031.0,R,68.0,R,746.0,R,0.0,R,746.0,R,514.0,R,69.0,R,10.0,R,0.0,R,10.0,R,8.0,R,80.0,R,23.0
159027,2013,A,,A,,A,,R,17.0,R,1.0,R,16.0,R,14.0,R,88.0,A,,A,,A,,A,,A,,R,12.0
159197,2013,R,157.0,R,171.0,R,92.0,R,178.0,R,1.0,R,177.0,R,120.0,R,68.0,A,,A,,A,,A,,A,,R,16.0
159319,2013,A,,A,,A,,R,4.0,R,0.0,R,4.0,R,4.0,R,100.0,A,,A,,A,,A,,A,,R,14.0
159328,2013,A,,A,,A,,R,9.0,R,0.0,R,9.0,R,8.0,R,89.0,A,,A,,A,,A,,A,,R,11.0
159373,2013,A,,A,,A,,A,,A,,A,,A,,A,,A,,A,,A,,A,,A,,R,5.0
159382,2013,R,332.0,R,714.0,R,46.0,R,140.0,R,0.0,R,140.0,R,75.0,R,54.0,R,18.0,R,0.0,R,18.0,R,5.0,R,28.0,R,16.0
159391,2013,R,5498.0,R,7196.0,R,76.0,R,5717.0,R,0.0,R,5717.0,R,4716.0,R,82.0,R,8.0,R,0.0,R,8.0,R,4.0,R,50.0,R,23.0
159407,2013,R,524.0,R,859.0,R,61.0,R,568.0,R,0.0,R,568.0,R,288.0,R,51.0,R,208.0,R,0.0,R,208.0,R,88.0,R,42.0,R,23.0
159416,2013,R,334.0,R,1286.0,R,26.0,R,364.0,R,0.0,R,364.0,R,241.0,R,66.0,R,6.0,R,0.0,R,6.0,R,2.0,R,33.0,R,18.0
159443,2013,R,397.0,R,1594.0,R,25.0,R,517.0,R,0.0,R,517.0,R,317.0,R,61.0,R,340.0,R,0.0,R,340.0,R,141.0,R,41.0,R,15.0
159513,2013,A,,A,,A,,R,146.0,R,2.0,R,144.0,R,120.0,R,83.0,A,,A,,A,,A,,A,,R,15.0
159522,2013,A,,A,,A,,R,53.0,R,0.0,R,53.0,R,42.0,R,79.0,A,,A,,A,,A,,A,,R,14.0
159531,2013,A,,A,,A,,R,33.0,R,0.0,R,33.0,R,27.0,R,82.0,A,,A,,A,,A,,A,,R,11.0
159568,2013,R,265.0,R,351.0,R,75.0,R,292.0,R,0.0,R,292.0,R,155.0,R,53.0,R,1.0,R,0.0,R,1.0,R,0.0,R,0.0,R,16.0
159601,2013,A,,A,,A,,R,8.0,R,0.0,R,8.0,R,4.0,R,50.0,A,,A,,A,,A,,A,,R,6.0
159647,2013,R,1504.0,R,1923.0,R,78.0,R,1269.0,R,0.0,R,1269.0,R,998.0,R,79.0,R,37.0,R,0.0,R,37.0,R,9.0,R,24.0,R,23.0
159656,2013,R,620.0,R,821.0,R,76.0,R,867.0,R,0.0,R,867.0,R,697.0,R,80.0,R,5.0,R,0.0,R,5.0,R,3.0,R,60.0,R,10.0
159717,2013,R,1312.0,R,2311.0,R,57.0,R,1286.0,R,3.0,R,1283.0,R,887.0,R,69.0,R,16.0,R,0.0,R,16.0,R,4.0,R,25.0,R,22.0
159939,2013,R,842.0,R,1713.0,R,49.0,R,858.0,Z,0.0,R,858.0,R,579.0,R,67.0,R,24.0,Z,0.0,R,24.0,R,8.0,R,33.0,R,21.0
159948,2013,R,36.0,R,212.0,R,17.0,R,38.0,R,0.0,R,38.0,R,28.0,R,74.0,R,25.0,R,0.0,R,25.0,R,9.0,R,36.0,R,13.0
159966,2013,R,1059.0,R,1667.0,R,64.0,R,1035.0,R,0.0,R,1035.0,R,705.0,R,68.0,R,218.0,R,0.0,R,218.0,R,116.0,R,53.0,R,20.0
159993,2013,R,1318.0,R,2754.0,R,48.0,R,1288.0,R,1.0,R,1287.0,R,865.0,R,67.0,R,14.0,R,0.0,R,14.0,R,4.0,R,29.0,R,23.0
160010,2013,R,348.0,R,1643.0,R,21.0,R,400.0,R,0.0,R,400.0,R,262.0,R,66.0,R,179.0,R,0.0,R,179.0,R,106.0,R,59.0,R,21.0
160038,2013,R,1160.0,R,1717.0,R,68.0,R,1196.0,R,0.0,R,1196.0,R,859.0,R,72.0,R,56.0,R,0.0,R,56.0,R,25.0,R,45.0,R,20.0
160065,2013,R,54.0,R,161.0,R,34.0,R,59.0,R,0.0,R,59.0,R,42.0,R,71.0,R,3.0,R,0.0,R,3.0,R,2.0,R,67.0,R,11.0
160074,2013,R,107.0,R,299.0,R,36.0,R,97.0,R,0.0,R,97.0,R,58.0,R,60.0,R,6.0,R,0.0,R,6.0,R,3.0,R,50.0,R,13.0
160117,2013,A,,A,,A,,R,15.0,R,0.0,R,15.0,R,11.0,R,73.0,A,,A,,A,,A,,A,,R,6.0
160126,2013,A,,A,,A,,R,1.0,R,0.0,R,1.0,R,0.0,R,0.0,A,,A,,A,,A,,A,,R,7.0
160135,2013,A,,A,,A,,R,28.0,R,0.0,R,28.0,R,10.0,R,36.0,A,,A,,A,,A,,A,,R,10.0
160199,2013,A,,A,,A,,R,25.0,R,0.0,R,25.0,R,20.0,R,80.0,A,,A,,A,,A,,A,,R,13.0
160320,2013,A,,A,,A,,R,737.0,R,4.0,R,733.0,R,575.0,R,78.0,A,,A,,A,,A,,A,,R,16.0
160409,2013,R,14.0,R,62.0,R,23.0,R,9.0,R,0.0,R,9.0,R,9.0,R,100.0,A,,A,,A,,A,,A,,R,9.0
160445,2013,A,,A,,A,,R,12.0,R,0.0,R,12.0,R,9.0,R,75.0,A,,A,,A,,A,,A,,R,11.0
160472,2013,A,,A,,A,,R,27.0,R,0.0,R,27.0,R,21.0,R,78.0,A,,A,,A,,A,,A,,R,10.0
160481,2013,R,495.0,R,927.0,R,53.0,R,368.0,R,0.0,R,368.0,R,197.0,R,54.0,R,78.0,R,0.0,R,78.0,R,33.0,R,42.0,R,17.0
160524,2013,A,,A,,A,,R,120.0,Z,0.0,R,120.0,R,69.0,R,58.0,A,,A,,A,,A,,A,,R,17.0
160579,2013,R,498.0,R,1715.0,R,29.0,R,580.0,R,3.0,R,577.0,R,263.0,R,46.0,R,149.0,R,0.0,R,149.0,R,61.0,R,41.0,R,24.0
160597,2013,A,,A,,A,,R,4.0,R,0.0,R,4.0,R,4.0,R,100.0,R,2.0,R,0.0,R,2.0,R,2.0,R,100.0,R,20.0
160612,2013,R,2370.0,R,4718.0,R,50.0,R,2268.0,R,2.0,R,2266.0,R,1434.0,R,63.0,R,182.0,R,0.0,R,182.0,R,77.0,R,42.0,R,23.0
160621,2013,R,1104.0,R,1474.0,R,75.0,R,743.0,Z,0.0,R,743.0,R,501.0,R,67.0,R,38.0,R,0.0,R,38.0,R,15.0,R,39.0,R,15.0
160630,2013,R,200.0,R,525.0,R,38.0,R,172.0,R,0.0,R,172.0,R,90.0,R,52.0,R,33.0,R,0.0,R,33.0,R,17.0,R,52.0,R,18.0
160649,2013,R,377.0,R,845.0,R,45.0,R,347.0,R,0.0,R,347.0,R,150.0,R,43.0,R,30.0,R,0.0,R,30.0,R,16.0,R,53.0,R,20.0
160658,2013,R,2679.0,R,3980.0,R,67.0,R,2704.0,R,0.0,R,2704.0,R,2008.0,R,74.0,R,24.0,R,0.0,R,24.0,R,11.0,R,46.0,R,22.0
160667,2013,R,293.0,R,774.0,R,38.0,R,350.0,R,0.0,R,350.0,R,171.0,R,49.0,R,223.0,R,0.0,R,223.0,R,63.0,R,28.0,R,20.0
160755,2013,R,1609.0,R,1699.0,R,95.0,R,1641.0,Z,0.0,R,1641.0,R,1485.0,R,90.0,A,,A,,A,,A,,A,,R,9.0
160904,2013,R,674.0,R,806.0,R,84.0,R,659.0,R,0.0,R,659.0,R,473.0,R,72.0,R,2.0,R,0.0,R,2.0,R,0.0,R,0.0,R,15.0
160913,2013,R,215.0,R,913.0,R,24.0,R,212.0,R,3.0,R,209.0,R,125.0,R,60.0,R,164.0,R,7.0,R,157.0,R,84.0,R,54.0,R,19.0
160940,2013,A,,A,,A,,R,3.0,R,0.0,R,3.0,R,1.0,R,33.0,R,1.0,R,0.0,R,1.0,R,1.0,R,100.0,R,19.0
160959,2013,R,103.0,R,136.0,R,76.0,R,72.0,Z,0.0,R,72.0,R,58.0,R,81.0,R,0.0,Z,0.0,R,0.0,Z,0.0,A,,R,10.0
160977,2013,R,500.0,R,503.0,R,99.0,R,503.0,R,1.0,R,502.0,R,460.0,R,92.0,A,,A,,A,,A,,A,,R,10.0
160995,2013,A,,A,,A,,R,86.0,R,0.0,R,86.0,R,52.0,R,60.0,R,6.0,R,0.0,R,6.0,R,4.0,R,67.0,R,30.0
161004,2013,R,497.0,R,508.0,R,98.0,R,492.0,R,0.0,R,492.0,R,475.0,R,97.0,R,0.0,R,0.0,R,0.0,R,0.0,A,,R,9.0
161022,2013,R,2.0,R,28.0,R,7.0,R,2.0,R,0.0,R,2.0,R,2.0,R,100.0,R,1.0,R,0.0,R,1.0,R,1.0,R,100.0,R,6.0
161077,2013,R,439.0,R,1512.0,R,29.0,R,440.0,R,0.0,R,440.0,R,282.0,R,64.0,R,185.0,R,0.0,R,185.0,R,88.0,R,48.0,R,17.0
161086,2013,R,483.0,R,492.0,R,98.0,R,493.0,R,0.0,R,493.0,R,459.0,R,93.0,A,,A,,A,,A,,A,,R,10.0
161138,2013,R,381.0,R,1034.0,R,37.0,R,382.0,R,0.0,R,382.0,R,230.0,R,60.0,R,107.0,R,0.0,R,107.0,R,44.0,R,41.0,R,18.0
161165,2013,R,452.0,R,657.0,R,69.0,R,373.0,R,0.0,R,373.0,R,267.0,R,72.0,R,10.0,R,0.0,R,10.0,R,6.0,R,60.0,R,15.0
161192,2013,R,150.0,R,914.0,R,16.0,R,189.0,R,0.0,R,189.0,R,129.0,R,68.0,R,120.0,Z,0.0,R,120.0,R,56.0,R,47.0,R,18.0
161208,2013,R,25.0,R,59.0,R,42.0,R,11.0,Z,0.0,R,11.0,R,10.0,R,91.0,A,,A,,A,,A,,A,,R,8.0
161217,2013,R,273.0,R,1208.0,R,23.0,R,187.0,R,0.0,R,187.0,R,99.0,R,53.0,R,99.0,R,0.0,R,99.0,R,42.0,R,42.0,R,17.0
161226,2013,R,438.0,R,587.0,R,75.0,R,422.0,R,0.0,R,422.0,R,300.0,R,71.0,R,2.0,R,0.0,R,2.0,R,0.0,R,0.0,R,13.0
161235,2013,R,155.0,R,554.0,R,28.0,R,147.0,R,0.0,R,147.0,R,87.0,R,59.0,R,2.0,R,0.0,R,2.0,R,0.0,R,0.0,R,14.0
161244,2013,R,98.0,R,339.0,R,29.0,R,82.0,R,0.0,R,82.0,R,54.0,R,66.0,R,6.0,R,0.0,R,6.0,R,4.0,R,67.0,R,12.0
161253,2013,R,2148.0,R,2970.0,R,72.0,R,1919.0,R,1.0,R,1918.0,R,1547.0,R,81.0,R,46.0,R,0.0,R,46.0,R,24.0,R,52.0,R,16.0
161299,2013,R,234.0,R,385.0,R,61.0,R,268.0,R,0.0,R,268.0,R,202.0,R,75.0,A,,A,,A,,A,,A,,R,13.0
161341,2013,R,178.0,R,457.0,R,39.0,R,158.0,R,0.0,R,158.0,R,94.0,R,59.0,R,5.0,R,0.0,R,5.0,R,2.0,R,40.0,R,14.0
161457,2013,R,633.0,R,1081.0,R,59.0,R,516.0,R,0.0,R,516.0,R,383.0,R,74.0,R,1.0,R,0.0,R,1.0,R,0.0,R,0.0,R,13.0
161484,2013,R,120.0,R,510.0,R,24.0,R,129.0,R,0.0,R,129.0,R,72.0,R,56.0,R,31.0,Z,0.0,R,31.0,R,14.0,R,45.0,R,12.0
161493,2013,A,,A,,A,,R,119.0,R,0.0,R,119.0,R,84.0,R,71.0,R,23.0,R,0.0,R,23.0,R,11.0,R,48.0,R,16.0
161509,2013,R,103.0,R,134.0,R,77.0,R,82.0,R,0.0,R,82.0,R,52.0,R,63.0,R,0.0,R,0.0,R,0.0,R,0.0,A,,R,10.0
161518,2013,R,304.0,R,546.0,R,56.0,R,258.0,R,0.0,R,258.0,R,196.0,R,76.0,R,0.0,R,0.0,R,0.0,R,0.0,A,,R,12.0
161527,2013,A,,A,,A,,R,31.0,R,0.0,R,31.0,R,21.0,R,68.0,R,7.0,R,0.0,R,7.0,R,5.0,R,71.0,R,15.0
161545,2013,R,1002.0,R,2359.0,R,42.0,R,1007.0,R,0.0,R,1007.0,R,556.0,R,55.0,R,377.0,Z,0.0,R,377.0,R,187.0,R,50.0,R,19.0
161554,2013,R,741.0,R,2370.0,R,31.0,R,823.0,R,0.0,R,823.0,R,551.0,R,67.0,R,42.0,R,0.0,R,42.0,R,14.0,R,33.0,R,14.0
161563,2013,R,256.0,R,773.0,R,33.0,R,243.0,R,0.0,R,243.0,R,159.0,R,65.0,R,3.0,R,0.0,R,3.0,R,2.0,R,67.0,R,22.0
161572,2013,R,146.0,R,179.0,R,82.0,R,120.0,R,0.0,R,120.0,R,92.0,R,77.0,A,,A,,A,,A,,A,,R,11.0
161581,2013,R,146.0,R,166.0,R,88.0,R,111.0,R,0.0,R,111.0,R,53.0,R,48.0,R,2.0,R,0.0,R,2.0,R,0.0,R,0.0,R,13.0
161615,2013,A,,A,,A,,R,19.0,R,0.0,R,19.0,R,11.0,R,58.0,R,3.0,R,0.0,R,3.0,R,3.0,R,100.0,R,18.0
161651,2013,A,,A,,A,,R,5.0,R,0.0,R,5.0,R,4.0,R,80.0,R,8.0,R,0.0,R,8.0,R,5.0,R,63.0,R,10.0
161688,2013,R,509.0,R,866.0,R,59.0,R,503.0,R,0.0,R,503.0,R,256.0,R,51.0,R,141.0,R,0.0,R,141.0,R,42.0,R,30.0,R,14.0
161767,2013,R,1640.0,R,3911.0,R,42.0,R,1701.0,R,0.0,R,1701.0,R,1165.0,R,68.0,R,1267.0,R,0.0,R,1267.0,R,574.0,R,45.0,R,18.0
161776,2013,A,,A,,A,,R,63.0,R,0.0,R,63.0,R,40.0,R,63.0,A,,A,,A,,A,,A,,R,40.0
161800,2013,A,,A,,A,,R,23.0,R,1.0,R,22.0,R,11.0,R,50.0,R,8.0,Z,0.0,R,8.0,R,4.0,R,50.0,R,25.0
161855,2013,A,,A,,A,,R,17.0,R,0.0,R,17.0,R,14.0,R,82.0,R,5.0,R,0.0,R,5.0,R,4.0,R,80.0,R,25.0
161864,2013,R,470.0,R,1779.0,R,26.0,R,374.0,R,0.0,R,374.0,R,171.0,R,46.0,R,544.0,R,0.0,R,544.0,R,153.0,R,28.0,R,15.0
161873,2013,R,236.0,R,863.0,R,27.0,R,215.0,R,0.0,R,215.0,R,145.0,R,67.0,R,7.0,R,0.0,R,7.0,R,7.0,R,100.0,R,16.0
162007,2013,R,625.0,R,1193.0,R,52.0,R,477.0,R,0.0,R,477.0,R,335.0,R,70.0,R,7.0,R,0.0,R,7.0,R,4.0,R,57.0,R,16.0
162061,2013,R,51.0,R,98.0,R,52.0,R,65.0,R,0.0,R,65.0,R,53.0,R,82.0,R,0.0,R,0.0,R,0.0,R,0.0,A,,R,12.0
162104,2013,R,250.0,R,619.0,R,40.0,R,320.0,R,0.0,R,320.0,R,170.0,R,53.0,R,233.0,R,0.0,R,233.0,R,106.0,R,45.0,R,12.0
162122,2013,R,1268.0,R,2719.0,R,47.0,R,1250.0,R,0.0,R,1250.0,R,756.0,R,60.0,R,902.0,R,0.0,R,902.0,R,384.0,R,43.0,R,20.0
162168,2013,R,370.0,R,767.0,R,48.0,R,348.0,R,0.0,R,348.0,R,182.0,R,52.0,R,243.0,R,0.0,R,243.0,R,98.0,R,40.0,R,20.0
162210,2013,R,126.0,R,236.0,R,53.0,R,131.0,R,0.0,R,131.0,R,93.0,R,71.0,A,,A,,A,,A,,A,,R,10.0
162283,2013,R,353.0,R,697.0,R,51.0,R,425.0,R,0.0,R,425.0,R,260.0,R,61.0,R,17.0,R,0.0,R,17.0,R,15.0,R,88.0,R,14.0
162335,2013,A,,A,,A,,R,10.0,Z,0.0,R,10.0,R,7.0,R,70.0,A,,A,,A,,A,,A,,R,13.0
162371,2013,A,,A,,A,,R,235.0,R,3.0,R,232.0,R,190.0,R,82.0,A,,A,,A,,A,,A,,R,19.0
162557,2013,R,834.0,R,1666.0,R,50.0,R,860.0,R,0.0,R,860.0,R,543.0,R,63.0,R,548.0,R,0.0,R,548.0,R,269.0,R,49.0,R,16.0
162584,2013,R,889.0,R,1404.0,R,63.0,R,813.0,R,0.0,R,813.0,R,624.0,R,77.0,R,1.0,R,0.0,R,1.0,R,1.0,R,100.0,R,15.0
162609,2013,R,216.0,R,322.0,R,67.0,R,219.0,R,0.0,R,219.0,R,105.0,R,48.0,R,9.0,R,0.0,R,9.0,R,3.0,R,33.0,R,17.0
162654,2013,R,401.0,R,439.0,R,91.0,R,410.0,R,0.0,R,410.0,R,350.0,R,85.0,A,,A,,A,,A,,A,,R,9.0
162681,2013,A,,A,,A,,R,0.0,R,0.0,R,0.0,R,0.0,A,,R,2.0,R,0.0,R,2.0,R,2.0,R,100.0,R,19.0
162690,2013,R,410.0,R,1402.0,R,29.0,R,445.0,R,0.0,R,445.0,R,241.0,R,54.0,R,471.0,R,0.0,R,471.0,R,192.0,R,41.0,R,17.0
162706,2013,R,1030.0,R,2082.0,R,49.0,R,1001.0,R,1.0,R,1000.0,R,651.0,R,65.0,R,453.0,R,0.0,R,453.0,R,195.0,R,43.0,R,19.0
162760,2013,R,281.0,R,421.0,R,67.0,R,270.0,R,1.0,R,269.0,R,209.0,R,78.0,R,1.0,R,0.0,R,1.0,R,0.0,R,0.0,R,12.0
162779,2013,R,1151.0,R,2733.0,R,42.0,R,985.0,R,0.0,R,985.0,R,678.0,R,69.0,R,522.0,R,0.0,R,522.0,R,247.0,R,47.0,R,14.0
162830,2013,A,,A,,A,,R,32.0,Z,0.0,R,32.0,R,24.0,R,75.0,A,,A,,A,,A,,A,,R,15.0
162928,2013,R,1390.0,R,1791.0,R,78.0,R,1391.0,R,7.0,R,1384.0,R,1343.0,R,97.0,A,,A,,A,,A,,A,,R,10.0
162982,2013,A,,A,,A,,R,8.0,R,0.0,R,8.0,R,6.0,R,75.0,A,,A,,A,,A,,A,,R,16.0
163028,2013,A,,A,,A,,R,168.0,R,0.0,R,168.0,R,126.0,R,75.0,R,9.0,R,0.0,R,9.0,R,1.0,R,11.0,R,17.0
163046,2013,R,1096.0,R,1146.0,R,96.0,R,1072.0,R,0.0,R,1072.0,R,936.0,R,87.0,A,,A,,A,,A,,A,,R,12.0
163107,2013,A,,A,,A,,R,3.0,R,0.0,R,3.0,R,3.0,R,100.0,R,3.0,R,0.0,R,3.0,R,3.0,R,100.0,R,25.0
163204,2013,R,88.0,R,4676.0,R,2.0,R,157.0,R,0.0,R,157.0,R,56.0,R,36.0,R,1027.0,R,0.0,R,1027.0,R,163.0,R,16.0,R,17.0
163259,2013,A,,A,,A,,A,,A,,A,,A,,A,,A,,A,,A,,A,,A,,R,6.0
163268,2013,R,1653.0,R,2969.0,R,56.0,R,1547.0,R,0.0,R,1547.0,R,1351.0,R,87.0,R,13.0,R,0.0,R,13.0,R,9.0,R,69.0,R,20.0
163286,2013,R,4011.0,R,6249.0,R,64.0,R,3893.0,R,1.0,R,3892.0,R,3685.0,R,95.0,R,10.0,R,0.0,R,10.0,R,8.0,R,80.0,R,18.0
163295,2013,R,400.0,R,504.0,R,79.0,R,413.0,R,0.0,R,413.0,R,341.0,R,83.0,R,1.0,R,0.0,R,1.0,R,0.0,R,0.0,R,10.0
163338,2013,R,604.0,R,858.0,R,70.0,R,882.0,R,0.0,R,882.0,R,598.0,R,68.0,R,4.0,R,0.0,R,4.0,R,2.0,R,50.0,R,14.0
163347,2013,A,,A,,A,,R,125.0,Z,0.0,R,125.0,R,64.0,R,51.0,A,,A,,A,,A,,A,,R,21.0
163408,2013,A,,A,,A,,R,13.0,R,0.0,R,13.0,R,7.0,R,54.0,R,13.0,Z,0.0,R,13.0,R,7.0,R,54.0,R,25.0
163426,2013,R,1903.0,R,6954.0,R,27.0,R,2068.0,R,0.0,R,2068.0,R,1411.0,R,68.0,R,1346.0,R,0.0,R,1346.0,R,635.0,R,47.0,R,19.0
163453,2013,R,886.0,R,1340.0,R,66.0,R,1017.0,R,0.0,R,1017.0,R,733.0,R,72.0,R,20.0,R,0.0,R,20.0,R,11.0,R,55.0,R,16.0
163462,2013,R,429.0,R,513.0,R,84.0,R,447.0,R,0.0,R,447.0,R,348.0,R,78.0,A,,A,,A,,A,,A,,R,13.0
163532,2013,R,41.0,R,104.0,R,39.0,R,34.0,R,0.0,R,34.0,R,27.0,R,79.0,A,,A,,A,,A,,A,,R,18.0
163541,2013,A,,A,,A,,R,47.0,Z,0.0,R,47.0,R,24.0,R,51.0,R,12.0,Z,0.0,R,12.0,R,6.0,R,50.0,R,25.0
163578,2013,R,104.0,R,293.0,R,35.0,R,128.0,R,0.0,R,128.0,R,92.0,R,72.0,R,0.0,R,0.0,R,0.0,R,0.0,A,,R,12.0
163657,2013,R,1169.0,R,4149.0,R,28.0,R,1017.0,R,0.0,R,1017.0,R,633.0,R,62.0,R,1387.0,R,0.0,R,1387.0,R,672.0,R,48.0,R,15.0
163736,2013,A,,A,,A,,R,148.0,R,1.0,R,147.0,R,95.0,R,65.0,A,,A,,A,,A,,A,,R,32.0
163754,2013,A,,A,,A,,R,13.0,Z,0.0,R,13.0,R,10.0,R,77.0,R,3.0,Z,0.0,R,3.0,R,3.0,R,100.0,R,3.0
163815,2013,A,,A,,A,,R,11.0,R,0.0,R,11.0,R,9.0,R,82.0,R,10.0,R,0.0,R,10.0,R,8.0,R,80.0,R,25.0
163851,2013,R,1241.0,R,2277.0,R,55.0,R,1230.0,R,0.0,R,1230.0,R,990.0,R,80.0,R,2.0,R,0.0,R,2.0,R,1.0,R,50.0,R,16.0
163912,2013,R,383.0,R,497.0,R,77.0,R,419.0,R,0.0,R,419.0,R,377.0,R,90.0,R,0.0,R,0.0,R,0.0,R,0.0,A,,R,10.0
163921,2013,R,11.0,R,157.0,R,7.0,R,92.0,R,0.0,R,92.0,R,40.0,R,43.0,R,13.0,R,0.0,R,13.0,R,2.0,R,15.0,R,5.0
163976,2013,R,122.0,R,122.0,R,100.0,R,118.0,R,0.0,R,118.0,R,105.0,R,89.0,A,,A,,A,,A,,A,,R,8.0
164058,2013,A,,A,,A,,R,88.0,R,0.0,R,88.0,R,67.0,R,76.0,A,,A,,A,,A,,A,,R,22.0
164076,2013,R,2747.0,R,5174.0,R,53.0,R,2463.0,R,1.0,R,2462.0,R,2118.0,R,86.0,R,1.0,R,0.0,R,1.0,R,1.0,R,100.0,R,17.0
164100,2013,A,,A,,A,,R,226.0,R,0.0,R,226.0,R,164.0,R,73.0,A,,A,,A,,A,,A,,R,18.0
164155,2013,R,1171.0,R,1171.0,R,100.0,R,1186.0,R,0.0,R,1186.0,R,1159.0,R,98.0,A,,A,,A,,A,,A,,R,9.0
164173,2013,R,752.0,R,1105.0,R,68.0,R,860.0,R,0.0,R,860.0,R,643.0,R,75.0,R,1.0,R,0.0,R,1.0,R,0.0,R,0.0,R,14.0
164216,2013,R,349.0,R,414.0,R,84.0,R,397.0,R,0.0,R,397.0,R,321.0,R,81.0,A,,A,,A,,A,,A,,R,11.0
164270,2013,R,453.0,R,526.0,R,86.0,R,437.0,R,0.0,R,437.0,R,368.0,R,84.0,A,,A,,A,,A,,A,,R,11.0
164313,2013,R,409.0,R,981.0,R,42.0,R,427.0,R,0.0,R,427.0,R,199.0,R,47.0,R,320.0,R,0.0,R,320.0,R,132.0,R,41.0,R,17.0
164438,2013,A,,A,,A,,R,2.0,R,0.0,R,2.0,R,2.0,R,100.0,R,6.0,R,0.0,R,6.0,R,6.0,R,100.0,R,26.0
164447,2013,R,344.0,R,519.0,R,66.0,R,307.0,R,0.0,R,307.0,R,199.0,R,65.0,R,1.0,R,0.0,R,1.0,R,0.0,R,0.0,R,14.0
164465,2013,R,466.0,R,479.0,R,97.0,R,463.0,Z,0.0,R,463.0,R,452.0,R,98.0,A,,A,,A,,A,,A,,R,8.0
164492,2013,R,242.0,R,293.0,R,83.0,R,246.0,R,0.0,R,246.0,R,169.0,R,69.0,R,1.0,R,0.0,R,1.0,R,0.0,R,0.0,R,11.0
164535,2013,A,,A,,A,,R,13.0,R,0.0,R,13.0,R,9.0,R,69.0,A,,A,,A,,A,,A,,R,10.0
164562,2013,R,502.0,R,589.0,R,85.0,R,559.0,Z,0.0,R,559.0,R,466.0,R,83.0,A,,A,,A,,A,,A,,R,12.0
164580,2013,R,489.0,R,534.0,R,92.0,R,470.0,R,0.0,R,470.0,R,446.0,R,95.0,A,,A,,A,,A,,A,,R,14.0
164599,2013,A,,A,,A,,A,,A,,A,,A,,A,,A,,A,,A,,A,,A,,R,4.0
164614,2013,R,17.0,R,35.0,R,49.0,R,19.0,R,0.0,R,19.0,R,14.0,R,74.0,R,0.0,R,0.0,R,0.0,R,0.0,A,,R,13.0
164632,2013,R,136.0,R,417.0,R,33.0,R,155.0,R,0.0,R,155.0,R,112.0,R,72.0,A,,A,,A,,A,,A,,R,11.0
164641,2013,R,123.0,R,457.0,R,27.0,R,60.0,R,0.0,R,60.0,R,48.0,R,80.0,R,4.0,R,0.0,R,4.0,R,4.0,R,100.0,R,19.0
164678,2013,A,,A,,A,,R,50.0,R,0.0,R,50.0,R,40.0,R,80.0,R,22.0,R,0.0,R,22.0,R,21.0,R,95.0,R,10.0
164720,2013,R,359.0,R,595.0,R,60.0,R,334.0,R,0.0,R,334.0,R,214.0,R,64.0,A,,A,,A,,A,,A,,R,17.0
164739,2013,R,974.0,R,1199.0,R,81.0,R,976.0,R,0.0,R,976.0,R,913.0,R,94.0,A,,A,,A,,A,,A,,R,14.0
164748,2013,R,909.0,R,1072.0,R,85.0,R,778.0,R,0.0,R,778.0,R,638.0,R,82.0,R,2.0,R,0.0,R,2.0,R,1.0,R,50.0,R,12.0
164775,2013,R,278.0,R,807.0,R,34.0,R,289.0,R,0.0,R,289.0,R,171.0,R,59.0,R,207.0,R,1.0,R,206.0,R,89.0,R,43.0,R,15.0
164845,2013,A,,A,,A,,R,93.0,R,0.0,R,93.0,R,65.0,R,70.0,R,20.0,R,0.0,R,20.0,R,17.0,R,85.0,R,19.0
164872,2013,R,15.0,R,60.0,R,25.0,R,20.0,R,0.0,R,20.0,R,15.0,R,75.0,R,0.0,R,0.0,R,0.0,R,0.0,A,,R,6.0
164924,2013,R,2305.0,R,2556.0,R,90.0,R,2289.0,R,0.0,R,2289.0,R,2171.0,R,95.0,R,11.0,R,0.0,R,11.0,R,9.0,R,82.0,R,15.0
164933,2013,R,133.0,R,149.0,R,89.0,R,137.0,R,0.0,R,137.0,R,110.0,R,80.0,A,,A,,A,,A,,A,,R,6.0
164988,2013,R,3807.0,R,5248.0,R,73.0,R,3877.0,R,6.0,R,3871.0,R,3592.0,R,93.0,R,0.0,R,0.0,R,0.0,R,0.0,A,,R,13.0
165015,2013,R,833.0,R,910.0,R,92.0,R,820.0,R,17.0,R,803.0,R,747.0,R,93.0,A,,A,,A,,A,,A,,R,10.0
165024,2013,R,1451.0,R,2616.0,R,55.0,R,1425.0,R,0.0,R,1425.0,R,1160.0,R,81.0,R,29.0,R,0.0,R,29.0,R,6.0,R,21.0,R,19.0
165033,2013,R,1493.0,R,3036.0,R,49.0,R,1359.0,R,0.0,R,1359.0,R,836.0,R,62.0,R,536.0,Z,0.0,R,536.0,R,253.0,R,47.0,R,18.0
165060,2013,A,,A,,A,,R,5.0,R,0.0,R,5.0,R,4.0,R,80.0,R,1.0,R,0.0,R,1.0,R,1.0,R,100.0,R,15.0
165112,2013,R,1140.0,R,3822.0,R,30.0,R,1224.0,R,0.0,R,1224.0,R,725.0,R,59.0,R,1254.0,R,0.0,R,1254.0,R,615.0,R,49.0,R,20.0
165167,2013,R,28.0,R,282.0,R,10.0,R,24.0,R,0.0,R,24.0,R,17.0,R,71.0,R,31.0,R,0.0,R,31.0,R,17.0,R,55.0,R,13.0
165194,2013,R,485.0,R,1449.0,R,33.0,R,486.0,R,0.0,R,486.0,R,266.0,R,55.0,R,354.0,R,1.0,R,353.0,R,153.0,R,43.0,R,15.0
165255,2013,A,,A,,A,,R,42.0,R,0.0,R,42.0,R,41.0,R,98.0,R,29.0,R,0.0,R,29.0,R,26.0,R,90.0,R,12.0
165264,2013,R,2.0,R,21.0,R,10.0,R,0.0,R,0.0,R,0.0,R,0.0,A,,R,0.0,R,0.0,R,0.0,R,0.0,A,,R,7.0
165334,2013,R,614.0,R,713.0,R,86.0,R,587.0,R,0.0,R,587.0,R,520.0,R,89.0,R,7.0,R,0.0,R,7.0,R,7.0,R,100.0,R,10.0
165529,2013,R,640.0,R,854.0,R,75.0,R,584.0,R,0.0,R,584.0,R,410.0,R,70.0,R,1.0,R,0.0,R,1.0,R,1.0,R,100.0,R,11.0
165556,2013,A,,A,,A,,R,59.0,R,0.0,R,59.0,R,43.0,R,73.0,R,18.0,R,0.0,R,18.0,R,9.0,R,50.0,R,18.0
165574,2013,R,528.0,R,594.0,R,89.0,R,154.0,R,0.0,R,154.0,R,91.0,R,59.0,R,0.0,R,0.0,R,0.0,R,0.0,A,,R,16.0
165608,2013,A,,A,,A,,R,11.0,R,0.0,R,11.0,R,9.0,R,82.0,R,4.0,R,0.0,R,4.0,R,4.0,R,100.0,R,9.0
165635,2013,A,,A,,A,,R,42.0,R,0.0,R,42.0,R,27.0,R,64.0,A,,A,,A,,A,,A,,R,14.0
165644,2013,R,165.0,R,220.0,R,75.0,R,169.0,R,0.0,R,169.0,R,121.0,R,72.0,R,0.0,R,0.0,R,0.0,R,0.0,A,,R,18.0
165662,2013,R,862.0,R,1083.0,R,80.0,R,866.0,R,0.0,R,866.0,R,763.0,R,88.0,R,0.0,R,0.0,R,0.0,R,0.0,A,,R,16.0
165671,2013,R,515.0,R,686.0,R,75.0,R,553.0,R,0.0,R,553.0,R,448.0,R,81.0,A,,A,,A,,A,,A,,R,14.0
165699,2013,R,641.0,R,788.0,R,81.0,R,642.0,R,0.0,R,642.0,R,518.0,R,81.0,R,4.0,R,0.0,R,4.0,R,4.0,R,100.0,R,14.0
165750,2013,A,,A,,A,,R,40.0,R,0.0,R,40.0,R,23.0,R,58.0,A,,A,,A,,A,,A,,R,15.0
165802,2013,R,292.0,R,984.0,R,30.0,R,134.0,R,0.0,R,134.0,R,75.0,R,56.0,R,0.0,R,0.0,R,0.0,R,0.0,A,,R,18.0
165820,2013,R,790.0,R,1296.0,R,61.0,R,739.0,R,0.0,R,739.0,R,577.0,R,78.0,R,20.0,R,0.0,R,20.0,R,9.0,R,45.0,R,15.0
165866,2013,R,804.0,R,1249.0,R,64.0,R,821.0,R,0.0,R,821.0,R,600.0,R,73.0,R,5.0,R,0.0,R,5.0,R,4.0,R,80.0,R,16.0
165884,2013,R,182.0,R,226.0,R,81.0,R,0.0,R,0.0,R,0.0,R,0.0,A,,R,0.0,R,0.0,R,0.0,R,0.0,A,,R,10.0
165936,2013,R,477.0,R,553.0,R,86.0,R,465.0,R,6.0,R,459.0,R,379.0,R,83.0,R,0.0,R,0.0,R,0.0,R,0.0,A,,R,13.0
165981,2013,R,205.0,R,745.0,R,28.0,R,211.0,R,0.0,R,211.0,R,127.0,R,60.0,R,221.0,R,0.0,R,221.0,R,129.0,R,58.0,R,13.0
166009,2013,A,,A,,A,,R,29.0,R,0.0,R,29.0,R,26.0,R,90.0,A,,A,,A,,A,,A,,R,8.0
166018,2013,R,381.0,R,476.0,R,80.0,R,357.0,R,0.0,R,357.0,R,290.0,R,81.0,A,,A,,A,,A,,A,,R,11.0
166027,2013,R,1658.0,R,4002.0,R,41.0,R,1665.0,R,0.0,R,1665.0,R,1616.0,R,97.0,A,,A,,A,,A,,A,,R,8.0
166045,2013,A,,A,,A,,A,,A,,A,,A,,A,,A,,A,,A,,A,,A,,R,1.0
166054,2013,R,16.0,R,31.0,R,52.0,R,21.0,R,0.0,R,21.0,R,11.0,R,52.0,A,,A,,A,,A,,A,,R,10.0
166063,2013,A,,A,,A,,R,24.0,R,0.0,R,24.0,R,15.0,R,63.0,A,,A,,A,,A,,A,,R,7.0
166124,2013,R,719.0,R,766.0,R,94.0,R,763.0,R,0.0,R,763.0,R,726.0,R,95.0,A,,A,,A,,A,,A,,R,10.0
166133,2013,R,1066.0,R,2212.0,R,48.0,R,1162.0,Z,0.0,R,1162.0,R,678.0,R,58.0,R,483.0,Z,0.0,R,483.0,R,204.0,R,42.0,R,17.0
166276,2013,A,,A,,A,,A,,A,,A,,A,,A,,A,,A,,A,,A,,A,,R,14.0
166294,2013,A,,A,,A,,R,26.0,R,0.0,R,26.0,R,20.0,R,77.0,R,6.0,R,0.0,R,6.0,R,4.0,R,67.0,R,7.0
166319,2013,A,,A,,A,,R,26.0,R,0.0,R,26.0,R,22.0,R,85.0,R,13.0,R,0.0,R,13.0,R,12.0,R,92.0,R,8.0
166328,2013,A,,A,,A,,R,14.0,R,0.0,R,14.0,R,11.0,R,79.0,R,1.0,R,0.0,R,1.0,R,1.0,R,100.0,R,10.0
166391,2013,R,484.0,R,563.0,R,86.0,R,556.0,R,0.0,R,556.0,R,413.0,R,74.0,R,2.0,Z,0.0,R,2.0,R,0.0,R,0.0,R,13.0
166407,2013,A,,A,,A,,R,0.0,R,0.0,R,0.0,R,0.0,A,,R,1.0,R,0.0,R,1.0,R,1.0,R,100.0,R,7.0
166452,2013,R,317.0,R,558.0,R,57.0,R,334.0,R,0.0,R,334.0,R,263.0,R,79.0,R,1.0,R,0.0,R,1.0,R,0.0,R,0.0,R,11.0
166489,2013,R,12.0,R,18.0,R,67.0,R,13.0,R,0.0,R,13.0,R,8.0,R,62.0,R,0.0,R,0.0,R,0.0,R,0.0,A,,R,8.0
166498,2013,A,,A,,A,,R,67.0,R,0.0,R,67.0,R,54.0,R,81.0,R,33.0,R,0.0,R,33.0,R,23.0,R,70.0,R,16.0
166513,2013,R,1624.0,R,3499.0,R,46.0,R,1484.0,R,0.0,R,1484.0,R,1245.0,R,84.0,R,36.0,R,0.0,R,36.0,R,18.0,R,50.0,R,18.0
166586,2013,A,,A,,A,,R,4.0,R,0.0,R,4.0,R,3.0,R,75.0,R,1.0,R,0.0,R,1.0,R,1.0,R,100.0,R,7.0
166595,2013,A,,A,,A,,R,8.0,R,0.0,R,8.0,R,7.0,R,88.0,R,1.0,R,0.0,R,1.0,R,1.0,R,100.0,R,9.0
166601,2013,R,20.0,R,130.0,R,15.0,N,57.0,N,0.0,N,57.0,N,44.0,N,77.0,N,1.0,N,0.0,N,1.0,N,1.0,N,100.0,R,15.0
166629,2013,R,4683.0,R,6498.0,R,72.0,R,4585.0,R,5.0,R,4580.0,R,4090.0,R,89.0,R,7.0,R,0.0,R,7.0,R,3.0,R,43.0,R,18.0
166638,2013,R,1313.0,R,3434.0,R,38.0,R,1172.0,R,0.0,R,1172.0,R,908.0,R,77.0,R,95.0,R,0.0,R,95.0,R,68.0,R,72.0,R,15.0
166647,2013,R,656.0,R,1851.0,R,35.0,R,708.0,R,0.0,R,708.0,R,408.0,R,58.0,R,536.0,R,0.0,R,536.0,R,235.0,R,44.0,R,17.0
166656,2013,R,912.0,R,1129.0,R,81.0,R,910.0,R,0.0,R,910.0,R,809.0,R,89.0,A,,A,,A,,A,,A,,R,25.0
166674,2013,R,366.0,R,717.0,R,51.0,R,352.0,R,0.0,R,352.0,R,297.0,R,84.0,R,1.0,R,0.0,R,1.0,R,0.0,R,0.0,R,10.0
166683,2013,R,1115.0,R,1147.0,R,97.0,R,1135.0,R,3.0,R,1132.0,R,1108.0,R,98.0,A,,A,,A,,A,,A,,R,8.0
166692,2013,R,332.0,R,382.0,R,87.0,R,300.0,R,0.0,R,300.0,R,255.0,R,85.0,A,,A,,A,,A,,A,,R,16.0
166805,2013,A,,A,,A,,R,9.0,R,0.0,R,9.0,R,9.0,R,100.0,R,51.0,R,0.0,R,51.0,R,28.0,R,55.0,R,13.0
166823,2013,R,1281.0,R,2942.0,R,44.0,R,1213.0,R,0.0,R,1213.0,R,746.0,R,62.0,R,500.0,R,0.0,R,500.0,R,244.0,R,49.0,R,18.0
166850,2013,R,794.0,R,908.0,R,87.0,R,698.0,R,0.0,R,698.0,R,567.0,R,81.0,R,1.0,R,0.0,R,1.0,R,0.0,R,0.0,R,13.0
166869,2013,A,,A,,A,,A,,A,,A,,A,,A,,A,,A,,A,,A,,A,,R,10.0
166887,2013,R,1118.0,R,3250.0,R,34.0,R,1174.0,R,1.0,R,1173.0,R,739.0,R,63.0,R,826.0,R,0.0,R,826.0,R,393.0,R,48.0,R,23.0
166911,2013,R,102.0,R,122.0,R,84.0,R,97.0,R,0.0,R,97.0,R,68.0,R,70.0,R,0.0,R,0.0,R,0.0,R,0.0,A,,R,12.0
166939,2013,R,511.0,R,590.0,R,87.0,R,496.0,R,0.0,R,496.0,R,441.0,R,89.0,R,0.0,Z,0.0,R,0.0,Z,0.0,A,,R,10.0
166948,2013,R,307.0,R,430.0,R,71.0,R,285.0,R,0.0,R,285.0,R,148.0,R,52.0,R,1.0,R,0.0,R,1.0,R,0.0,R,0.0,R,14.0
166957,2013,R,596.0,R,1602.0,R,37.0,R,637.0,R,1.0,R,636.0,R,350.0,R,55.0,R,332.0,R,0.0,R,332.0,R,144.0,R,43.0,R,15.0
166975,2013,A,,A,,A,,A,,A,,A,,A,,A,,A,,A,,A,,A,,A,,R,15.0
166984,2013,R,60.0,R,114.0,R,53.0,R,82.0,R,0.0,R,82.0,R,59.0,R,72.0,A,,A,,A,,A,,A,,R,9.0
167020,2013,A,,A,,A,,R,76.0,R,0.0,R,76.0,R,44.0,R,58.0,A,,A,,A,,A,,A,,R,20.0
167039,2013,A,,A,,A,,R,11.0,R,0.0,R,11.0,R,8.0,R,73.0,A,,A,,A,,A,,A,,R,14.0
167057,2013,R,93.0,R,110.0,R,85.0,R,99.0,R,0.0,R,99.0,R,93.0,R,94.0,R,3.0,R,0.0,R,3.0,R,2.0,R,67.0,R,5.0
167224,2013,A,,A,,A,,R,24.0,R,0.0,R,24.0,R,18.0,R,75.0,A,,A,,A,,A,,A,,R,9.0
167251,2013,R,267.0,R,310.0,R,86.0,R,268.0,R,0.0,R,268.0,R,150.0,R,56.0,R,2.0,R,0.0,R,2.0,R,0.0,R,0.0,R,14.0
167260,2013,R,379.0,R,444.0,R,85.0,R,330.0,Z,0.0,R,330.0,R,229.0,R,69.0,R,1.0,Z,0.0,R,1.0,R,1.0,R,100.0,R,17.0
167288,2013,R,271.0,R,440.0,R,62.0,R,308.0,R,0.0,R,308.0,R,242.0,R,79.0,R,5.0,R,0.0,R,5.0,R,2.0,R,40.0,R,13.0
167297,2013,A,,A,,A,,R,16.0,R,0.0,R,16.0,R,15.0,R,94.0,A,,A,,A,,A,,A,,R,12.0
167312,2013,R,936.0,R,2232.0,R,42.0,R,950.0,R,0.0,R,950.0,R,610.0,R,64.0,R,572.0,R,0.0,R,572.0,R,281.0,R,49.0,R,17.0
167321,2013,R,135.0,R,214.0,R,63.0,R,139.0,R,2.0,R,137.0,R,70.0,R,51.0,R,14.0,Z,0.0,R,14.0,R,5.0,R,36.0,R,12.0
167358,2013,R,2891.0,R,3560.0,R,81.0,R,2664.0,R,1.0,R,2663.0,R,2544.0,R,96.0,A,,A,,A,,A,,A,,R,13.0
167376,2013,R,827.0,R,2265.0,R,37.0,R,835.0,R,0.0,R,835.0,R,521.0,R,62.0,R,606.0,R,0.0,R,606.0,R,299.0,R,49.0,R,21.0
167394,2013,R,187.0,R,459.0,R,41.0,R,194.0,R,0.0,R,194.0,R,155.0,R,80.0,R,0.0,R,0.0,R,0.0,R,0.0,A,,R,13.0
167455,2013,R,52.0,R,158.0,R,33.0,R,77.0,R,0.0,R,77.0,R,48.0,R,62.0,R,0.0,R,0.0,R,0.0,R,0.0,A,,R,10.0
167525,2013,R,366.0,R,1870.0,R,20.0,R,387.0,R,0.0,R,387.0,R,244.0,R,63.0,R,213.0,R,0.0,R,213.0,R,113.0,R,53.0,R,18.0
167534,2013,R,1007.0,R,2808.0,R,36.0,R,1185.0,R,7.0,R,1178.0,R,659.0,R,56.0,R,673.0,R,1.0,R,672.0,R,312.0,R,46.0,R,18.0
167598,2013,R,266.0,R,324.0,R,82.0,R,276.0,R,0.0,R,276.0,R,213.0,R,77.0,R,0.0,R,0.0,R,0.0,R,0.0,A,,R,13.0
167631,2013,R,226.0,R,667.0,R,34.0,R,262.0,R,0.0,R,262.0,R,125.0,R,48.0,R,250.0,R,0.0,R,250.0,R,90.0,R,36.0,R,14.0
167677,2013,A,,A,,A,,R,0.0,R,0.0,R,0.0,R,0.0,A,,R,0.0,R,0.0,R,0.0,R,0.0,A,,R,7.0
167729,2013,R,1074.0,R,2107.0,R,51.0,R,1086.0,R,0.0,R,1086.0,R,848.0,R,78.0,R,9.0,R,0.0,R,9.0,R,4.0,R,44.0,R,15.0
167738,2013,A,,A,,A,,R,216.0,R,0.0,R,216.0,R,134.0,R,62.0,R,51.0,R,0.0,R,51.0,R,31.0,R,61.0,R,31.0
167783,2013,R,338.0,R,409.0,R,83.0,R,401.0,R,1.0,R,400.0,R,345.0,R,86.0,A,,A,,A,,A,,A,,R,10.0
167792,2013,R,144.0,R,148.0,R,97.0,R,145.0,R,0.0,R,145.0,R,98.0,R,68.0,A,,A,,A,,A,,A,,R,6.0
167835,2013,R,643.0,R,728.0,R,88.0,R,651.0,R,0.0,R,651.0,R,610.0,R,94.0,A,,A,,A,,A,,A,,R,9.0
167871,2013,A,,A,,A,,R,17.0,R,0.0,R,17.0,R,15.0,R,88.0,R,13.0,R,0.0,R,13.0,R,12.0,R,92.0,R,9.0
167899,2013,R,510.0,R,596.0,R,86.0,R,541.0,R,0.0,R,541.0,R,456.0,R,84.0,A,,A,,A,,A,,A,,R,13.0
167905,2013,R,947.0,R,2314.0,R,41.0,R,855.0,R,0.0,R,855.0,R,521.0,R,61.0,R,477.0,R,0.0,R,477.0,R,197.0,R,41.0,R,17.0
167987,2013,R,1498.0,R,2256.0,R,66.0,R,1547.0,R,4.0,R,1543.0,R,1174.0,R,76.0,R,15.0,R,0.0,R,15.0,R,7.0,R,47.0,R,18.0
167996,2013,R,610.0,R,648.0,R,94.0,R,814.0,R,0.0,R,814.0,R,706.0,R,87.0,R,0.0,Z,0.0,R,0.0,Z,0.0,A,,R,12.0
168005,2013,R,1159.0,R,1603.0,R,72.0,R,1239.0,R,0.0,R,1239.0,R,935.0,R,75.0,R,1.0,R,0.0,R,1.0,R,0.0,R,0.0,R,11.0
168032,2013,A,,A,,A,,R,20.0,R,0.0,R,20.0,R,17.0,R,85.0,A,,A,,A,,A,,A,,R,19.0
168148,2013,R,1307.0,R,1393.0,R,94.0,R,1306.0,R,0.0,R,1306.0,R,1259.0,R,96.0,R,1.0,R,1.0,R,0.0,Z,0.0,A,,R,9.0
168218,2013,R,590.0,R,680.0,R,87.0,R,585.0,R,0.0,R,585.0,R,565.0,R,97.0,A,,A,,A,,A,,A,,R,7.0
168227,2013,R,877.0,R,1169.0,R,75.0,R,1026.0,R,0.0,R,1026.0,R,809.0,R,79.0,R,42.0,R,0.0,R,42.0,R,25.0,R,60.0,R,17.0
168254,2013,R,689.0,R,794.0,R,87.0,R,793.0,R,0.0,R,793.0,R,597.0,R,75.0,R,4.0,R,0.0,R,4.0,R,4.0,R,100.0,R,13.0
168263,2013,R,1285.0,R,1845.0,R,70.0,R,993.0,R,3.0,R,990.0,R,783.0,R,79.0,R,3.0,R,0.0,R,3.0,R,1.0,R,33.0,R,17.0
168281,2013,R,458.0,R,484.0,R,95.0,R,466.0,R,0.0,R,466.0,R,400.0,R,86.0,R,0.0,R,0.0,R,0.0,R,0.0,A,,R,11.0
168290,2013,R,215.0,R,291.0,R,74.0,R,198.0,R,0.0,R,198.0,R,131.0,R,66.0,A,,A,,A,,A,,A,,R,11.0
168342,2013,R,544.0,R,587.0,R,93.0,R,547.0,Z,0.0,R,547.0,R,536.0,R,98.0,A,,A,,A,,A,,A,,R,7.0
168421,2013,R,1103.0,R,1186.0,R,93.0,R,948.0,R,0.0,R,948.0,R,909.0,R,96.0,R,3.0,R,0.0,R,3.0,R,1.0,R,33.0,R,14.0
168430,2013,R,775.0,R,1421.0,R,55.0,R,781.0,R,0.0,R,781.0,R,627.0,R,80.0,R,3.0,R,0.0,R,3.0,R,1.0,R,33.0,R,18.0
168528,2013,R,458.0,R,664.0,R,69.0,R,592.0,R,0.0,R,592.0,R,344.0,R,58.0,R,0.0,R,0.0,R,0.0,R,0.0,A,,R,13.0
168546,2013,R,346.0,R,391.0,R,88.0,R,360.0,R,0.0,R,360.0,R,290.0,R,81.0,A,,A,,A,,A,,A,,R,11.0
168555,2013,A,,A,,A,,R,9.0,R,0.0,R,9.0,R,7.0,R,78.0,A,,A,,A,,A,,A,,R,13.0
168573,2013,A,,A,,A,,A,,A,,A,,A,,A,,A,,A,,A,,A,,A,,R,25.0
168591,2013,R,378.0,R,444.0,R,85.0,R,435.0,R,0.0,R,435.0,R,343.0,R,79.0,R,0.0,Z,0.0,R,0.0,Z,0.0,A,,R,12.0
168607,2013,R,316.0,R,683.0,R,46.0,R,367.0,R,0.0,R,367.0,R,212.0,R,58.0,R,141.0,R,1.0,R,140.0,R,42.0,R,30.0,R,14.0
168740,2013,R,307.0,R,581.0,R,53.0,R,383.0,R,0.0,R,383.0,R,301.0,R,79.0,R,2.0,R,0.0,R,2.0,R,1.0,R,50.0,R,9.0
168786,2013,R,390.0,R,497.0,R,78.0,R,452.0,R,1.0,R,451.0,R,342.0,R,76.0,R,0.0,R,0.0,R,0.0,R,0.0,A,,R,13.0
168838,2013,R,549.0,R,844.0,R,65.0,R,48.0,R,0.0,R,48.0,R,28.0,R,58.0,R,7.0,Z,0.0,R,7.0,R,5.0,R,71.0,R,18.0
168847,2013,R,672.0,R,1339.0,R,50.0,R,101.0,R,0.0,R,101.0,R,52.0,R,51.0,R,12.0,R,0.0,R,12.0,R,4.0,R,33.0,R,16.0
168883,2013,R,304.0,R,768.0,R,40.0,R,413.0,R,0.0,R,413.0,R,251.0,R,61.0,R,84.0,R,0.0,R,84.0,R,33.0,R,39.0,R,18.0
168892,2013,A,,A,,A,,R,11.0,R,0.0,R,11.0,R,9.0,R,82.0,R,12.0,R,0.0,R,12.0,R,6.0,R,50.0,R,5.0
169071,2013,A,,A,,A,,R,0.0,R,0.0,R,0.0,R,0.0,A,,R,0.0,R,0.0,R,0.0,R,0.0,A,,R,11.0
169080,2013,R,1006.0,R,1155.0,R,87.0,R,977.0,R,0.0,R,977.0,R,854.0,R,87.0,R,0.0,R,0.0,R,0.0,R,0.0,A,,R,12.0
169187,2013,A,,A,,A,,R,31.0,R,0.0,R,31.0,R,27.0,R,87.0,R,11.0,R,0.0,R,11.0,R,8.0,R,73.0,R,10.0
169248,2013,R,2964.0,R,4749.0,R,62.0,R,3353.0,R,0.0,R,3353.0,R,2572.0,R,77.0,R,63.0,R,0.0,R,63.0,R,26.0,R,41.0,R,21.0
169275,2013,R,301.0,R,1448.0,R,21.0,R,279.0,R,0.0,R,279.0,R,158.0,R,57.0,R,293.0,R,0.0,R,293.0,R,124.0,R,42.0,R,20.0
169284,2013,A,,A,,A,,R,70.0,R,0.0,R,70.0,R,48.0,R,69.0,R,15.0,R,0.0,R,15.0,R,9.0,R,60.0,R,15.0
169327,2013,R,43.0,R,119.0,R,36.0,R,30.0,R,0.0,R,30.0,R,13.0,R,43.0,R,4.0,R,0.0,R,4.0,R,1.0,R,25.0,R,12.0
169363,2013,R,184.0,R,287.0,R,64.0,R,152.0,R,0.0,R,152.0,R,94.0,R,62.0,R,1.0,R,0.0,R,1.0,R,0.0,R,0.0,R,10.0
169442,2013,R,218.0,R,399.0,R,55.0,R,247.0,R,0.0,R,247.0,R,193.0,R,78.0,R,27.0,R,0.0,R,27.0,R,17.0,R,63.0,R,9.0
169479,2013,R,451.0,R,1557.0,R,29.0,R,265.0,R,0.0,R,265.0,R,209.0,R,79.0,R,147.0,Z,0.0,R,147.0,R,64.0,R,44.0,R,17.0
169503,2013,A,,A,,A,,R,31.0,R,0.0,R,31.0,R,22.0,R,71.0,A,,A,,A,,A,,A,,R,21.0
169521,2013,R,891.0,R,2541.0,R,35.0,R,893.0,R,0.0,R,893.0,R,667.0,R,75.0,R,560.0,R,0.0,R,560.0,R,312.0,R,56.0,R,16.0
169576,2013,A,,A,,A,,R,14.0,R,0.0,R,14.0,R,9.0,R,64.0,R,8.0,R,0.0,R,8.0,R,7.0,R,88.0,R,8.0
169655,2013,R,242.0,R,340.0,R,71.0,R,197.0,R,0.0,R,197.0,R,145.0,R,74.0,R,17.0,R,0.0,R,17.0,R,9.0,R,53.0,R,9.0
169716,2013,R,491.0,R,711.0,R,69.0,R,479.0,R,0.0,R,479.0,R,395.0,R,82.0,R,2.0,R,0.0,R,2.0,R,0.0,R,0.0,R,13.0
169734,2013,A,,A,,A,,R,15.0,R,0.0,R,15.0,R,11.0,R,73.0,A,,A,,A,,A,,A,,R,20.0
169761,2013,A,,A,,A,,R,28.0,R,0.0,R,28.0,R,15.0,R,54.0,A,,A,,A,,A,,A,,R,27.0
169798,2013,R,2848.0,R,5196.0,R,55.0,R,2612.0,R,0.0,R,2612.0,R,1928.0,R,74.0,R,24.0,R,0.0,R,24.0,R,9.0,R,38.0,R,18.0
169910,2013,R,1982.0,R,4336.0,R,46.0,R,771.0,R,0.0,R,771.0,R,591.0,R,77.0,R,39.0,R,0.0,R,39.0,R,17.0,R,44.0,R,16.0
169947,2013,A,,A,,A,,R,16.0,R,0.0,R,16.0,R,14.0,R,88.0,A,,A,,A,,A,,A,,R,17.0
169974,2013,R,166.0,R,322.0,R,52.0,R,172.0,R,0.0,R,172.0,R,99.0,R,58.0,R,38.0,R,0.0,R,38.0,R,17.0,R,45.0,R,16.0
169983,2013,R,375.0,R,452.0,R,83.0,R,372.0,R,0.0,R,372.0,R,342.0,R,92.0,R,0.0,R,0.0,R,0.0,R,0.0,A,,R,13.0
169992,2013,R,262.0,R,513.0,R,51.0,R,215.0,R,0.0,R,215.0,R,138.0,R,64.0,R,22.0,R,0.0,R,22.0,R,9.0,R,41.0,R,15.0
170000,2013,R,116.0,R,245.0,R,47.0,R,102.0,R,0.0,R,102.0,R,67.0,R,66.0,R,2.0,R,0.0,R,2.0,R,1.0,R,50.0,R,11.0
170037,2013,R,356.0,R,508.0,R,70.0,R,335.0,R,0.0,R,335.0,R,255.0,R,76.0,R,0.0,Z,0.0,R,0.0,Z,0.0,A,,R,20.0
170046,2013,A,,A,,A,,R,76.0,R,0.0,R,76.0,R,57.0,R,75.0,A,,A,,A,,A,,A,,R,34.0
170055,2013,R,1893.0,R,5167.0,R,37.0,R,1971.0,R,0.0,R,1971.0,R,1122.0,R,57.0,R,1630.0,R,1.0,R,1629.0,R,690.0,R,42.0,R,21.0
170082,2013,R,4063.0,R,5860.0,R,69.0,R,3940.0,R,0.0,R,3940.0,R,3217.0,R,82.0,R,26.0,R,0.0,R,26.0,R,13.0,R,50.0,R,17.0
170091,2013,R,39.0,R,76.0,R,51.0,R,31.0,R,0.0,R,31.0,R,12.0,R,39.0,R,2.0,R,0.0,R,2.0,R,0.0,R,0.0,R,11.0
170240,2013,R,1564.0,R,3864.0,R,40.0,R,2275.0,R,0.0,R,2275.0,R,954.0,R,42.0,R,1805.0,R,0.0,R,1805.0,R,481.0,R,27.0,R,24.0
170301,2013,R,811.0,R,964.0,R,84.0,R,903.0,R,1.0,R,902.0,R,797.0,R,88.0,R,0.0,R,0.0,R,0.0,R,0.0,A,,R,13.0
170417,2013,R,51.0,R,65.0,R,78.0,R,0.0,R,0.0,R,0.0,R,0.0,A,,R,0.0,R,0.0,R,0.0,R,0.0,A,,R,15.0
170444,2013,R,830.0,R,1936.0,R,43.0,R,770.0,R,0.0,R,770.0,R,437.0,R,57.0,R,457.0,R,0.0,R,457.0,R,156.0,R,34.0,R,18.0
170514,2013,A,,A,,A,,R,1.0,R,0.0,R,1.0,R,1.0,R,100.0,R,27.0,R,0.0,R,27.0,R,25.0,R,93.0,R,8.0
170532,2013,R,453.0,R,506.0,R,90.0,R,334.0,R,0.0,R,334.0,R,307.0,R,92.0,A,,A,,A,,A,,A,,R,14.0
170541,2013,R,1040.0,R,3323.0,R,31.0,R,1118.0,R,0.0,R,1118.0,R,630.0,R,56.0,R,1001.0,R,2.0,R,999.0,R,379.0,R,38.0,R,23.0
170550,2013,R,297.0,R,1282.0,R,23.0,R,319.0,R,0.0,R,319.0,R,173.0,R,54.0,R,246.0,R,0.0,R,246.0,R,96.0,R,39.0,R,21.0
170587,2013,R,148.0,R,402.0,R,37.0,R,146.0,R,0.0,R,146.0,R,78.0,R,53.0,R,142.0,R,0.0,R,142.0,R,51.0,R,36.0,R,18.0
170611,2013,A,,A,,A,,R,74.0,R,0.0,R,74.0,R,56.0,R,76.0,R,23.0,R,0.0,R,23.0,R,19.0,R,83.0,R,18.0
170620,2013,R,392.0,R,985.0,R,40.0,R,459.0,R,0.0,R,459.0,R,235.0,R,51.0,R,347.0,R,0.0,R,347.0,R,126.0,R,36.0,R,15.0
170639,2013,R,398.0,R,718.0,R,55.0,R,424.0,R,0.0,R,424.0,R,317.0,R,75.0,R,15.0,R,0.0,R,15.0,R,10.0,R,67.0,R,16.0
170657,2013,R,1787.0,R,4340.0,R,41.0,R,1740.0,R,0.0,R,1740.0,R,1023.0,R,59.0,R,1676.0,R,0.0,R,1676.0,R,707.0,R,42.0,R,14.0
170675,2013,R,353.0,R,1434.0,R,25.0,R,324.0,R,0.0,R,324.0,R,265.0,R,82.0,R,17.0,Z,0.0,R,17.0,R,5.0,R,29.0,R,11.0
170736,2013,A,,A,,A,,R,24.0,R,0.0,R,24.0,R,18.0,R,75.0,A,,A,,A,,A,,A,,R,20.0
170790,2013,R,681.0,R,4158.0,R,16.0,R,708.0,R,0.0,R,708.0,R,439.0,R,62.0,R,821.0,R,0.0,R,821.0,R,442.0,R,54.0,R,27.0
170806,2013,R,198.0,R,875.0,R,23.0,R,143.0,R,0.0,R,143.0,R,117.0,R,82.0,R,13.0,R,0.0,R,13.0,R,4.0,R,31.0,R,11.0
170842,2013,R,170.0,R,364.0,R,47.0,R,130.0,R,0.0,R,130.0,R,87.0,R,67.0,R,6.0,R,0.0,R,6.0,R,1.0,R,17.0,R,11.0
170967,2013,R,150.0,R,356.0,R,42.0,R,134.0,R,0.0,R,134.0,R,77.0,R,57.0,R,17.0,R,0.0,R,17.0,R,6.0,R,35.0,R,11.0
170976,2013,R,6176.0,R,7191.0,R,86.0,R,6124.0,R,0.0,R,6124.0,R,5933.0,R,97.0,R,24.0,R,0.0,R,24.0,R,21.0,R,88.0,R,12.0
171012,2013,A,,A,,A,,R,32.0,R,0.0,R,32.0,R,4.0,R,13.0,A,,A,,A,,A,,A,,R,28.0
171100,2013,R,7924.0,R,9849.0,R,80.0,R,8218.0,R,0.0,R,8218.0,R,7438.0,R,91.0,R,136.0,R,0.0,R,136.0,R,85.0,R,63.0,R,17.0
171128,2013,R,1252.0,R,1492.0,R,84.0,R,1151.0,R,0.0,R,1151.0,R,946.0,R,82.0,R,2.0,R,0.0,R,2.0,R,0.0,R,0.0,R,13.0
171137,2013,R,908.0,R,1966.0,R,46.0,R,840.0,R,0.0,R,840.0,R,706.0,R,84.0,R,31.0,R,0.0,R,31.0,R,23.0,R,74.0,R,17.0
171146,2013,R,665.0,R,1829.0,R,36.0,R,587.0,R,0.0,R,587.0,R,469.0,R,80.0,R,39.0,R,0.0,R,39.0,R,21.0,R,54.0,R,16.0
171155,2013,R,432.0,R,1814.0,R,24.0,R,476.0,R,0.0,R,476.0,R,255.0,R,54.0,R,348.0,R,0.0,R,348.0,R,147.0,R,42.0,R,26.0
171225,2013,R,258.0,R,1060.0,R,24.0,R,272.0,R,1.0,R,271.0,R,137.0,R,51.0,R,316.0,R,0.0,R,316.0,R,123.0,R,39.0,R,24.0
171234,2013,R,96.0,R,687.0,R,14.0,R,141.0,R,0.0,R,141.0,R,74.0,R,52.0,R,118.0,R,0.0,R,118.0,R,57.0,R,48.0,R,17.0
171261,2013,A,,A,,A,,R,16.0,R,0.0,R,16.0,R,13.0,R,81.0,R,11.0,R,0.0,R,11.0,R,9.0,R,82.0,R,20.0
171298,2013,R,660.0,R,1152.0,R,57.0,R,49.0,Z,0.0,R,49.0,R,26.0,R,53.0,R,3.0,Z,0.0,R,3.0,R,1.0,R,33.0,R,24.0
171304,2013,R,491.0,R,1557.0,R,32.0,R,364.0,R,0.0,R,364.0,R,218.0,R,60.0,R,375.0,R,0.0,R,375.0,R,144.0,R,38.0,R,17.0
171313,2013,A,,A,,A,,R,98.0,R,0.0,R,98.0,R,71.0,R,72.0,A,,A,,A,,A,,A,,R,30.0
171322,2013,A,,A,,A,,R,81.0,R,0.0,R,81.0,R,60.0,R,74.0,A,,A,,A,,A,,A,,R,40.0
171395,2013,R,254.0,R,884.0,R,29.0,R,247.0,R,0.0,R,247.0,R,155.0,R,63.0,R,374.0,R,1.0,R,373.0,R,152.0,R,41.0,R,16.0
171456,2013,R,1642.0,R,2251.0,R,73.0,R,1200.0,R,2.0,R,1198.0,R,865.0,R,72.0,R,10.0,R,0.0,R,10.0,R,5.0,R,50.0,R,22.0
171465,2013,A,,A,,A,,R,2.0,R,0.0,R,2.0,R,2.0,R,100.0,A,,A,,A,,A,,A,,R,15.0
171483,2013,R,572.0,R,1263.0,R,45.0,R,0.0,R,0.0,R,0.0,Z,0.0,A,,R,0.0,R,0.0,R,0.0,Z,0.0,A,,R,18.0
171492,2013,R,298.0,R,929.0,R,32.0,R,323.0,Z,0.0,R,323.0,R,269.0,R,83.0,R,0.0,Z,0.0,R,0.0,Z,0.0,A,,R,11.0
171535,2013,R,1179.0,R,5476.0,R,22.0,R,1294.0,R,0.0,R,1294.0,R,619.0,R,48.0,R,1195.0,R,2.0,R,1193.0,R,516.0,R,43.0,R,26.0
171571,2013,R,2453.0,R,4838.0,R,51.0,R,2361.0,R,0.0,R,2361.0,R,1845.0,R,78.0,R,103.0,R,0.0,R,103.0,R,45.0,R,44.0,R,22.0
171599,2013,R,279.0,R,426.0,R,65.0,R,298.0,R,1.0,R,297.0,R,189.0,R,64.0,R,3.0,R,1.0,R,2.0,R,1.0,R,50.0,R,18.0
171775,2013,A,,A,,A,,R,16.0,R,0.0,R,16.0,R,13.0,R,81.0,R,5.0,R,0.0,R,5.0,R,4.0,R,80.0,R,12.0
171881,2013,R,37.0,R,83.0,R,45.0,R,66.0,R,0.0,R,66.0,R,52.0,R,79.0,R,0.0,R,0.0,R,0.0,R,0.0,A,,R,11.0
171988,2013,A,,A,,A,,R,33.0,R,0.0,R,33.0,R,24.0,R,73.0,A,,A,,A,,A,,A,,R,17.0
171997,2013,A,,A,,A,,R,196.0,R,0.0,R,196.0,R,166.0,R,85.0,A,,A,,A,,A,,A,,R,34.0
172015,2013,A,,A,,A,,R,75.0,R,0.0,R,75.0,R,60.0,R,80.0,A,,A,,A,,A,,A,,R,32.0
172033,2013,R,1.0,R,56.0,R,2.0,R,2.0,R,0.0,R,2.0,R,2.0,R,100.0,R,1.0,R,0.0,R,1.0,R,1.0,R,100.0,R,5.0
172051,2013,R,1582.0,R,2420.0,R,65.0,R,1635.0,R,0.0,R,1635.0,R,1152.0,R,70.0,R,18.0,R,0.0,R,18.0,R,8.0,R,44.0,R,20.0
172200,2013,R,1074.0,R,5694.0,R,19.0,R,885.0,R,0.0,R,885.0,R,514.0,R,58.0,R,789.0,R,0.0,R,789.0,R,432.0,R,55.0,R,28.0
172264,2013,R,300.0,R,868.0,R,35.0,R,274.0,Z,0.0,R,274.0,R,162.0,R,59.0,R,3.0,Z,0.0,R,3.0,R,1.0,R,33.0,R,12.0
172291,2013,R,525.0,R,1638.0,R,32.0,R,585.0,R,0.0,R,585.0,R,347.0,R,59.0,R,256.0,R,0.0,R,256.0,R,120.0,R,47.0,R,19.0
172307,2013,R,615.0,R,981.0,R,63.0,R,511.0,R,1.0,R,510.0,R,284.0,R,56.0,R,118.0,R,0.0,R,118.0,R,41.0,R,35.0,R,18.0
172325,2013,A,,A,,A,,A,,A,,A,,A,,A,,R,90.0,R,0.0,R,90.0,R,58.0,R,64.0,R,7.0
172334,2013,R,367.0,R,932.0,R,39.0,R,313.0,R,0.0,R,313.0,R,237.0,R,76.0,R,1.0,Z,0.0,R,1.0,R,0.0,R,0.0,R,12.0
172422,2013,A,,A,,A,,R,103.0,R,0.0,R,103.0,R,85.0,R,83.0,A,,A,,A,,A,,A,,R,11.0
172440,2013,R,105.0,R,188.0,R,56.0,R,87.0,R,0.0,R,87.0,R,50.0,R,57.0,R,1.0,R,0.0,R,1.0,R,1.0,R,100.0,R,10.0
172495,2013,A,,A,,A,,R,2.0,R,0.0,R,2.0,R,2.0,R,100.0,R,33.0,R,0.0,R,33.0,R,17.0,R,52.0,R,4.0
172608,2013,A,,A,,A,,A,,A,,A,,A,,A,,A,,A,,A,,A,,A,,R,14.0
172617,2013,R,777.0,R,2951.0,R,26.0,R,783.0,R,0.0,R,783.0,R,499.0,R,64.0,R,989.0,R,0.0,R,989.0,R,492.0,R,50.0,R,19.0
172635,2013,R,1225.0,R,8323.0,R,15.0,R,1236.0,R,0.0,R,1236.0,R,504.0,R,41.0,R,2585.0,R,0.0,R,2585.0,R,782.0,R,30.0,R,24.0
172644,2013,R,2075.0,R,4389.0,R,47.0,R,2172.0,R,3.0,R,2169.0,R,1669.0,R,77.0,R,164.0,R,0.0,R,164.0,R,77.0,R,47.0,R,15.0
172671,2013,R,155.0,R,310.0,R,50.0,R,165.0,R,0.0,R,165.0,R,116.0,R,70.0,R,101.0,R,0.0,R,101.0,R,43.0,R,43.0,R,16.0
172699,2013,R,3158.0,R,5148.0,R,61.0,R,2989.0,R,3.0,R,2986.0,R,2201.0,R,74.0,R,37.0,R,0.0,R,37.0,R,18.0,R,49.0,R,18.0
172802,2013,A,,A,,A,,R,4.0,R,0.0,R,4.0,R,3.0,R,75.0,R,11.0,R,0.0,R,11.0,R,9.0,R,82.0,R,12.0
172866,2013,R,9.0,R,35.0,R,26.0,R,0.0,R,0.0,R,0.0,R,0.0,A,,R,1.0,R,0.0,R,1.0,R,1.0,R,100.0,R,8.0
172918,2013,R,508.0,R,1387.0,R,37.0,R,570.0,R,0.0,R,570.0,R,432.0,R,76.0,R,43.0,R,0.0,R,43.0,R,18.0,R,42.0,R,25.0
172927,2013,A,,A,,A,,A,,A,,A,,A,,A,,A,,A,,A,,A,,A,,R,15.0
172954,2013,R,214.0,R,896.0,R,24.0,R,208.0,R,0.0,R,208.0,R,100.0,R,48.0,R,61.0,R,0.0,R,61.0,R,27.0,R,44.0,R,21.0
172963,2013,R,783.0,R,3906.0,R,20.0,R,880.0,R,0.0,R,880.0,R,462.0,R,53.0,R,469.0,R,0.0,R,469.0,R,193.0,R,41.0,R,31.0
173045,2013,R,463.0,R,778.0,R,60.0,R,380.0,R,0.0,R,380.0,R,310.0,R,82.0,R,1.0,R,0.0,R,1.0,R,1.0,R,100.0,R,12.0
173063,2013,R,372.0,R,1231.0,R,30.0,R,436.0,R,0.0,R,436.0,R,259.0,R,59.0,R,146.0,R,0.0,R,146.0,R,67.0,R,46.0,R,22.0
173115,2013,R,77.0,R,581.0,R,13.0,R,81.0,R,0.0,R,81.0,R,45.0,R,56.0,R,44.0,R,0.0,R,44.0,R,20.0,R,45.0,R,17.0
173124,2013,R,816.0,R,1623.0,R,50.0,R,747.0,R,0.0,R,747.0,R,502.0,R,67.0,R,16.0,R,0.0,R,16.0,R,7.0,R,44.0,R,23.0
173142,2013,R,146.0,R,200.0,R,73.0,R,136.0,R,0.0,R,136.0,R,98.0,R,72.0,R,0.0,R,0.0,R,0.0,R,0.0,A,,R,10.0
173160,2013,R,610.0,R,947.0,R,64.0,R,575.0,R,0.0,R,575.0,R,489.0,R,85.0,R,3.0,R,0.0,R,3.0,R,0.0,R,0.0,R,12.0
173203,2013,R,557.0,R,1918.0,R,29.0,R,545.0,R,0.0,R,545.0,R,318.0,R,58.0,R,164.0,R,0.0,R,164.0,R,57.0,R,35.0,R,26.0
173258,2013,R,527.0,R,539.0,R,98.0,R,528.0,R,0.0,R,528.0,R,507.0,R,96.0,A,,A,,A,,A,,A,,R,9.0
173300,2013,R,684.0,R,783.0,R,87.0,R,632.0,R,0.0,R,632.0,R,534.0,R,84.0,A,,A,,A,,A,,A,,R,11.0
173328,2013,R,282.0,R,1123.0,R,25.0,R,181.0,R,1.0,R,180.0,R,131.0,R,73.0,R,0.0,R,0.0,R,0.0,R,0.0,A,,R,16.0
173416,2013,R,325.0,R,1126.0,R,29.0,R,365.0,R,0.0,R,365.0,R,235.0,R,64.0,R,128.0,R,0.0,R,128.0,R,64.0,R,50.0,R,21.0
173452,2013,R,164.0,R,199.0,R,82.0,R,179.0,R,0.0,R,179.0,R,152.0,R,85.0,A,,A,,A,,A,,A,,R,12.0
173461,2013,R,442.0,R,2173.0,R,20.0,R,410.0,R,0.0,R,410.0,R,219.0,R,53.0,R,300.0,R,0.0,R,300.0,R,142.0,R,47.0,R,24.0
173470,2013,A,,A,,A,,R,1.0,R,0.0,R,1.0,R,1.0,R,100.0,A,,A,,A,,A,,A,,R,12.0
173489,2013,R,6.0,R,42.0,R,14.0,R,1.0,R,0.0,R,1.0,R,1.0,R,100.0,R,1.0,R,0.0,R,1.0,R,1.0,R,100.0,R,7.0
173559,2013,R,808.0,R,2648.0,R,31.0,R,759.0,R,0.0,R,759.0,R,425.0,R,56.0,R,242.0,R,0.0,R,242.0,R,110.0,R,45.0,R,22.0
173629,2013,R,65.0,R,281.0,R,23.0,R,20.0,R,0.0,R,20.0,R,6.0,R,30.0,R,15.0,R,0.0,R,15.0,R,3.0,R,20.0,R,12.0
173638,2013,R,287.0,R,1296.0,R,22.0,R,325.0,R,0.0,R,325.0,R,210.0,R,65.0,R,100.0,R,0.0,R,100.0,R,48.0,R,48.0,R,19.0
173647,2013,R,610.0,R,741.0,R,82.0,R,678.0,R,11.0,R,667.0,R,614.0,R,92.0,A,,A,,A,,A,,A,,R,11.0
173665,2013,R,536.0,R,729.0,R,74.0,R,541.0,R,1.0,R,540.0,R,439.0,R,81.0,R,0.0,R,0.0,R,0.0,R,0.0,A,,R,13.0
173708,2013,R,374.0,R,2089.0,R,18.0,R,382.0,R,0.0,R,382.0,R,270.0,R,71.0,R,387.0,R,0.0,R,387.0,R,189.0,R,49.0,R,21.0
173726,2013,A,,A,,A,,R,3.0,R,0.0,R,3.0,R,2.0,R,67.0,A,,A,,A,,A,,A,,R,22.0
173735,2013,R,239.0,R,648.0,R,37.0,R,218.0,R,0.0,R,218.0,R,114.0,R,52.0,R,23.0,R,0.0,R,23.0,R,9.0,R,39.0,R,17.0
173744,2013,A,,A,,A,,R,340.0,R,0.0,R,340.0,R,327.0,R,96.0,A,,A,,A,,A,,A,,R,17.0
173799,2013,R,468.0,R,2237.0,R,21.0,R,461.0,R,0.0,R,461.0,R,273.0,R,59.0,R,360.0,R,0.0,R,360.0,R,174.0,R,48.0,R,24.0
173805,2013,R,232.0,R,522.0,R,44.0,R,282.0,R,0.0,R,282.0,R,166.0,R,59.0,R,37.0,R,0.0,R,37.0,R,23.0,R,62.0,R,22.0
173887,2013,R,168.0,R,378.0,R,44.0,R,168.0,Z,0.0,R,168.0,R,79.0,R,47.0,R,10.0,Z,0.0,R,10.0,R,2.0,R,20.0,R,16.0
173902,2013,R,555.0,R,574.0,R,97.0,R,534.0,R,0.0,R,534.0,R,508.0,R,95.0,A,,A,,A,,A,,A,,R,10.0
173911,2013,R,404.0,R,1151.0,R,35.0,R,424.0,R,0.0,R,424.0,R,256.0,R,60.0,R,104.0,R,0.0,R,104.0,R,47.0,R,45.0,R,19.0
173920,2013,R,2436.0,R,4214.0,R,58.0,R,2298.0,R,0.0,R,2298.0,R,1692.0,R,74.0,R,11.0,R,0.0,R,11.0,R,6.0,R,55.0,R,24.0
173939,2013,A,,A,,A,,R,41.0,R,0.0,R,41.0,R,32.0,R,78.0,R,5.0,R,0.0,R,5.0,R,5.0,R,100.0,R,13.0
173966,2013,A,,A,,A,,A,,A,,A,,A,,A,,A,,A,,A,,A,,A,,R,7.0
173984,2013,R,27.0,R,332.0,R,8.0,R,3.0,Z,0.0,R,3.0,R,1.0,R,33.0,R,5.0,Z,0.0,R,5.0,Z,0.0,R,0.0,R,8.0
173993,2013,R,206.0,R,640.0,R,32.0,R,244.0,R,0.0,R,244.0,R,155.0,R,64.0,R,20.0,R,0.0,R,20.0,R,3.0,R,15.0,R,24.0
174020,2013,R,64.0,R,2130.0,R,3.0,R,67.0,R,0.0,R,67.0,R,41.0,R,61.0,R,26.0,R,0.0,R,26.0,R,14.0,R,54.0,R,17.0
174066,2013,R,5538.0,R,10550.0,R,52.0,R,5501.0,R,0.0,R,5501.0,R,4963.0,R,90.0,R,13.0,R,0.0,R,13.0,R,8.0,R,62.0,R,17.0
174075,2013,R,200.0,R,1103.0,R,18.0,R,233.0,R,0.0,R,233.0,R,161.0,R,69.0,R,8.0,R,0.0,R,8.0,R,3.0,R,38.0,R,19.0
174118,2013,R,115.0,R,204.0,R,56.0,R,172.0,R,0.0,R,172.0,R,144.0,R,84.0,A,,A,,A,,A,,A,,R,30.0
174127,2013,R,115.0,R,223.0,R,52.0,R,117.0,R,0.0,R,117.0,R,82.0,R,70.0,R,0.0,R,0.0,R,0.0,R,0.0,A,,R,15.0
174136,2013,R,662.0,R,3126.0,R,21.0,R,749.0,R,0.0,R,749.0,R,390.0,R,52.0,R,724.0,R,0.0,R,724.0,R,278.0,R,38.0,R,24.0
174154,2013,R,6.0,R,24.0,R,25.0,R,3.0,Z,0.0,R,3.0,R,1.0,R,33.0,R,0.0,Z,0.0,R,0.0,Z,0.0,A,,R,10.0
174190,2013,A,,A,,A,,R,19.0,R,0.0,R,19.0,R,14.0,R,74.0,A,,A,,A,,A,,A,,R,14.0
174206,2013,R,11.0,R,29.0,R,38.0,R,21.0,Z,0.0,R,21.0,R,13.0,R,62.0,R,1.0,Z,0.0,R,1.0,R,0.0,R,0.0,R,6.0
174233,2013,R,2050.0,R,3264.0,R,63.0,R,1875.0,R,0.0,R,1875.0,R,1408.0,R,75.0,R,5.0,R,0.0,R,5.0,R,4.0,R,80.0,R,18.0
174251,2013,R,468.0,R,643.0,R,73.0,R,411.0,R,0.0,R,411.0,R,358.0,R,87.0,R,2.0,R,0.0,R,2.0,R,1.0,R,50.0,R,13.0
174279,2013,R,41.0,R,243.0,R,17.0,R,13.0,R,0.0,R,13.0,R,8.0,R,62.0,R,8.0,R,0.0,R,8.0,R,6.0,R,75.0,R,14.0
174321,2013,A,,A,,A,,R,44.0,R,0.0,R,44.0,R,38.0,R,86.0,R,0.0,R,0.0,R,0.0,R,0.0,A,,R,11.0
174358,2013,R,944.0,R,1778.0,R,53.0,R,1052.0,R,0.0,R,1052.0,R,712.0,R,68.0,R,43.0,R,0.0,R,43.0,R,27.0,R,63.0,R,18.0
174376,2013,R,417.0,R,2559.0,R,16.0,R,423.0,R,0.0,R,423.0,R,243.0,R,57.0,R,502.0,R,0.0,R,502.0,R,230.0,R,46.0,R,25.0
174385,2013,A,,A,,A,,R,4.0,Z,0.0,R,4.0,R,2.0,R,50.0,R,32.0,Z,0.0,R,32.0,R,8.0,R,25.0,R,15.0
174394,2013,R,15.0,R,34.0,R,44.0,R,3.0,Z,0.0,R,3.0,R,1.0,R,33.0,R,1.0,Z,0.0,R,1.0,R,1.0,R,100.0,R,6.0
174428,2013,R,859.0,R,3820.0,R,22.0,R,899.0,R,0.0,R,899.0,R,498.0,R,55.0,R,570.0,R,0.0,R,570.0,R,267.0,R,47.0,R,25.0
174437,2013,R,246.0,R,471.0,R,52.0,R,269.0,R,0.0,R,269.0,R,196.0,R,73.0,R,0.0,R,0.0,R,0.0,R,0.0,A,,R,16.0
174473,2013,R,422.0,R,1432.0,R,29.0,R,467.0,R,0.0,R,467.0,R,253.0,R,54.0,R,135.0,R,0.0,R,135.0,R,65.0,R,48.0,R,22.0
174491,2013,R,464.0,R,1257.0,R,37.0,R,451.0,R,0.0,R,451.0,R,356.0,R,79.0,R,4.0,R,0.0,R,4.0,R,3.0,R,75.0,R,18.0
174507,2013,R,9.0,R,99.0,R,9.0,R,0.0,R,0.0,R,0.0,R,0.0,A,,Z,0.0,R,0.0,R,0.0,Z,0.0,A,,R,5.0
174525,2013,R,28.0,R,52.0,R,54.0,R,27.0,R,0.0,R,27.0,R,17.0,R,63.0,R,0.0,R,0.0,R,0.0,R,0.0,A,,R,15.0
174534,2013,A,,A,,A,,R,36.0,R,0.0,R,36.0,R,19.0,R,53.0,R,5.0,R,0.0,R,5.0,R,1.0,R,20.0,R,14.0
174570,2013,R,46.0,R,537.0,R,9.0,R,61.0,R,0.0,R,61.0,R,26.0,R,43.0,R,84.0,R,0.0,R,84.0,R,33.0,R,39.0,R,17.0
174604,2013,R,60.0,R,152.0,R,39.0,R,82.0,R,0.0,R,82.0,R,40.0,R,49.0,R,6.0,R,0.0,R,6.0,R,2.0,R,33.0,R,23.0
174738,2013,R,768.0,R,2041.0,R,38.0,R,777.0,R,0.0,R,777.0,R,422.0,R,54.0,R,293.0,R,0.0,R,293.0,R,129.0,R,44.0,R,22.0
174747,2013,R,538.0,R,581.0,R,93.0,R,490.0,R,0.0,R,490.0,R,435.0,R,89.0,R,0.0,R,0.0,R,0.0,R,0.0,A,,R,12.0
174756,2013,R,524.0,R,2057.0,R,25.0,R,497.0,R,0.0,R,497.0,R,292.0,R,59.0,R,413.0,R,0.0,R,413.0,R,185.0,R,45.0,R,22.0
174765,2013,A,,A,,A,,R,37.0,R,0.0,R,37.0,R,21.0,R,57.0,A,,A,,A,,A,,A,,R,10.0
174783,2013,R,1659.0,R,5558.0,R,30.0,R,1842.0,R,0.0,R,1842.0,R,1303.0,R,71.0,R,65.0,R,0.0,R,65.0,R,24.0,R,37.0,R,23.0
174792,2013,R,497.0,R,526.0,R,94.0,R,449.0,R,0.0,R,449.0,R,384.0,R,86.0,R,0.0,R,0.0,R,0.0,R,0.0,A,,R,12.0
174817,2013,R,307.0,R,538.0,R,57.0,R,328.0,R,0.0,R,328.0,R,259.0,R,79.0,R,0.0,R,0.0,R,0.0,R,0.0,A,,R,16.0
174844,2013,R,752.0,R,806.0,R,93.0,R,864.0,R,0.0,R,864.0,R,808.0,R,94.0,A,,A,,A,,A,,A,,R,12.0
174862,2013,R,198.0,R,300.0,R,66.0,R,171.0,R,0.0,R,171.0,R,119.0,R,70.0,R,0.0,R,0.0,R,0.0,R,0.0,A,,R,17.0
174899,2013,R,431.0,R,916.0,R,47.0,R,477.0,R,0.0,R,477.0,R,399.0,R,84.0,R,0.0,R,0.0,R,0.0,R,0.0,A,,R,15.0
174914,2013,R,1368.0,R,1664.0,R,82.0,R,1447.0,R,1.0,R,1446.0,R,1266.0,R,88.0,R,0.0,Z,0.0,R,0.0,Z,0.0,A,,R,15.0
174978,2013,A,,A,,A,,R,31.0,R,0.0,R,31.0,R,25.0,R,81.0,R,6.0,R,0.0,R,6.0,R,4.0,R,67.0,R,16.0
175005,2013,R,419.0,R,1065.0,R,39.0,R,402.0,R,0.0,R,402.0,R,316.0,R,79.0,R,0.0,R,0.0,R,0.0,R,0.0,A,,R,11.0
175014,2013,R,161.0,R,1549.0,R,10.0,R,17.0,Z,0.0,R,17.0,R,11.0,R,65.0,R,45.0,Z,0.0,R,45.0,R,20.0,R,44.0,R,16.0
175041,2013,R,699.0,R,2595.0,R,27.0,R,677.0,R,0.0,R,677.0,R,345.0,R,51.0,R,670.0,R,0.0,R,670.0,R,242.0,R,36.0,R,25.0
175078,2013,R,445.0,R,3626.0,R,12.0,R,478.0,R,0.0,R,478.0,R,322.0,R,67.0,R,7.0,R,0.0,R,7.0,R,3.0,R,43.0,R,26.0
175120,2013,A,,A,,A,,A,,A,,A,,A,,A,,A,,A,,A,,A,,A,,R,18.0
175157,2013,R,162.0,R,341.0,R,48.0,R,178.0,R,0.0,R,178.0,R,87.0,R,49.0,R,5.0,R,0.0,R,5.0,R,2.0,R,40.0,R,24.0
175227,2013,R,192.0,R,428.0,R,45.0,R,2.0,R,0.0,R,2.0,R,1.0,R,50.0,R,0.0,R,0.0,R,0.0,R,0.0,A,,R,10.0
175236,2013,R,605.0,R,1459.0,R,41.0,R,626.0,R,0.0,R,626.0,R,393.0,R,63.0,R,92.0,R,0.0,R,92.0,R,39.0,R,42.0,R,21.0
175263,2013,R,206.0,R,800.0,R,26.0,R,270.0,R,0.0,R,270.0,R,152.0,R,56.0,R,97.0,R,0.0,R,97.0,R,39.0,R,40.0,R,17.0
175272,2013,R,1630.0,R,2344.0,R,70.0,R,1765.0,R,0.0,R,1765.0,R,1382.0,R,78.0,R,8.0,R,0.0,R,8.0,R,2.0,R,25.0,R,20.0
175315,2013,R,812.0,R,3195.0,R,25.0,R,981.0,R,0.0,R,981.0,R,480.0,R,49.0,R,549.0,R,0.0,R,549.0,R,199.0,R,36.0,R,25.0
175342,2013,R,545.0,R,726.0,R,75.0,R,563.0,R,0.0,R,563.0,R,385.0,R,68.0,R,18.0,R,0.0,R,18.0,R,5.0,R,28.0,R,17.0
175421,2013,R,217.0,R,969.0,R,22.0,R,220.0,R,0.0,R,220.0,R,132.0,R,60.0,R,122.0,R,0.0,R,122.0,R,65.0,R,53.0,R,12.0
175430,2013,R,81.0,R,198.0,R,41.0,R,70.0,R,0.0,R,70.0,R,49.0,R,70.0,R,1.0,R,0.0,R,1.0,R,0.0,R,0.0,R,13.0
175494,2013,A,,A,,A,,R,52.0,R,0.0,R,52.0,R,38.0,R,73.0,A,,A,,A,,A,,A,,R,15.0
175519,2013,R,457.0,R,672.0,R,68.0,R,476.0,R,0.0,R,476.0,R,237.0,R,50.0,R,39.0,R,0.0,R,39.0,R,14.0,R,36.0,R,25.0
175528,2013,R,44.0,R,88.0,R,50.0,R,38.0,R,0.0,R,38.0,R,22.0,R,58.0,R,6.0,R,0.0,R,6.0,R,3.0,R,50.0,R,14.0
175573,2013,R,655.0,R,1163.0,R,56.0,R,760.0,R,0.0,R,760.0,R,442.0,R,58.0,R,44.0,R,0.0,R,44.0,R,4.0,R,9.0,R,19.0
175591,2013,A,,A,,A,,R,14.0,R,0.0,R,14.0,R,10.0,R,71.0,A,,A,,A,,A,,A,,R,4.0
175607,2013,A,,A,,A,,R,4.0,R,0.0,R,4.0,R,2.0,R,50.0,A,,A,,A,,A,,A,,R,20.0
175616,2013,R,381.0,R,853.0,R,45.0,R,381.0,R,0.0,R,381.0,R,252.0,R,66.0,R,3.0,R,0.0,R,3.0,R,0.0,R,0.0,R,18.0
175643,2013,R,717.0,R,1268.0,R,57.0,R,707.0,R,0.0,R,707.0,R,438.0,R,62.0,R,122.0,R,0.0,R,122.0,R,69.0,R,57.0,R,23.0
175652,2013,R,733.0,R,2234.0,R,33.0,R,748.0,R,0.0,R,748.0,R,532.0,R,71.0,R,425.0,R,0.0,R,425.0,R,141.0,R,33.0,R,14.0
175698,2013,A,,A,,A,,R,8.0,R,0.0,R,8.0,R,5.0,R,63.0,R,4.0,R,0.0,R,4.0,R,3.0,R,75.0,R,5.0
175722,2013,A,,A,,A,,R,3.0,R,0.0,R,3.0,R,2.0,R,67.0,A,,A,,A,,A,,A,,R,10.0
175786,2013,R,2745.0,R,4600.0,R,60.0,R,2908.0,R,0.0,R,2908.0,R,1501.0,R,52.0,R,479.0,R,0.0,R,479.0,R,158.0,R,33.0,R,19.0
175810,2013,R,1068.0,R,2416.0,R,44.0,R,1130.0,R,0.0,R,1130.0,R,617.0,R,55.0,R,337.0,R,0.0,R,337.0,R,69.0,R,20.0,R,18.0
175829,2013,R,1436.0,R,2867.0,R,50.0,R,1372.0,R,0.0,R,1372.0,R,942.0,R,69.0,R,164.0,R,0.0,R,164.0,R,36.0,R,22.0,R,19.0
175856,2013,R,1095.0,R,1843.0,R,59.0,R,862.0,R,0.0,R,862.0,R,651.0,R,76.0,R,11.0,R,0.0,R,11.0,R,3.0,R,27.0,R,15.0
175883,2013,R,1237.0,R,1915.0,R,65.0,R,1071.0,R,0.0,R,1071.0,R,644.0,R,60.0,R,257.0,R,0.0,R,257.0,R,93.0,R,36.0,R,24.0
175935,2013,R,483.0,R,1875.0,R,26.0,R,721.0,R,0.0,R,721.0,R,403.0,R,56.0,R,187.0,R,0.0,R,187.0,R,46.0,R,25.0,R,22.0
175980,2013,R,171.0,R,198.0,R,86.0,R,210.0,R,0.0,R,210.0,R,158.0,R,75.0,A,,A,,A,,A,,A,,R,8.0
176008,2013,R,688.0,R,1161.0,R,59.0,R,744.0,R,0.0,R,744.0,R,430.0,R,58.0,R,21.0,R,0.0,R,21.0,R,9.0,R,43.0,R,18.0
176017,2013,R,3564.0,R,5021.0,R,71.0,R,3351.0,R,1.0,R,3350.0,R,2867.0,R,86.0,R,22.0,Z,0.0,R,22.0,R,7.0,R,32.0,R,19.0
176026,2013,A,,A,,A,,A,,A,,A,,A,,A,,A,,A,,A,,A,,A,,R,4.0
176035,2013,R,182.0,R,781.0,R,23.0,R,182.0,R,0.0,R,182.0,R,144.0,R,79.0,R,3.0,R,0.0,R,3.0,R,1.0,R,33.0,R,13.0
176044,2013,R,459.0,R,742.0,R,62.0,R,389.0,R,0.0,R,389.0,R,206.0,R,53.0,R,3.0,R,0.0,R,3.0,R,1.0,R,33.0,R,13.0
176053,2013,R,588.0,R,924.0,R,64.0,R,465.0,R,0.0,R,465.0,R,318.0,R,68.0,R,17.0,R,0.0,R,17.0,R,7.0,R,41.0,R,15.0
176062,2013,A,,A,,A,,R,12.0,R,0.0,R,12.0,R,11.0,R,92.0,A,,A,,A,,A,,A,,R,21.0
176071,2013,R,2085.0,R,3582.0,R,58.0,R,1927.0,R,0.0,R,1927.0,R,1199.0,R,62.0,R,342.0,R,0.0,R,342.0,R,83.0,R,24.0,R,24.0
176080,2013,R,3149.0,R,4690.0,R,67.0,R,2887.0,R,7.0,R,2880.0,R,2261.0,R,79.0,R,7.0,R,1.0,R,6.0,R,2.0,R,33.0,R,19.0
176169,2013,R,1030.0,R,1366.0,R,75.0,R,1053.0,R,0.0,R,1053.0,R,674.0,R,64.0,R,73.0,R,0.0,R,73.0,R,51.0,R,70.0,R,20.0
176178,2013,R,1761.0,R,2842.0,R,62.0,R,1819.0,R,0.0,R,1819.0,R,1092.0,R,60.0,R,329.0,R,0.0,R,329.0,R,102.0,R,31.0,R,25.0
176239,2013,R,948.0,R,1838.0,R,52.0,R,1833.0,R,31.0,R,1802.0,R,1026.0,R,57.0,R,714.0,R,23.0,R,691.0,R,292.0,R,42.0,R,16.0
176318,2013,R,267.0,R,311.0,R,86.0,R,271.0,R,0.0,R,271.0,R,170.0,R,63.0,A,,A,,A,,A,,A,,R,18.0
176336,2013,R,7.0,R,9.0,R,78.0,R,4.0,R,2.0,R,2.0,R,2.0,R,100.0,R,3.0,R,2.0,R,1.0,R,1.0,R,100.0,R,6.0
176354,2013,R,646.0,R,866.0,R,75.0,R,655.0,R,0.0,R,655.0,R,372.0,R,57.0,R,17.0,R,0.0,R,17.0,R,13.0,R,76.0,R,24.0
176372,2013,R,1726.0,R,3408.0,R,51.0,R,1916.0,R,6.0,R,1910.0,R,1368.0,R,72.0,R,29.0,R,0.0,R,29.0,R,8.0,R,28.0,R,17.0
176390,2013,A,,A,,A,,R,47.0,Z,0.0,R,47.0,R,29.0,R,62.0,A,,A,,A,,A,,A,,R,19.0
176406,2013,R,153.0,R,214.0,R,71.0,R,243.0,R,0.0,R,243.0,R,170.0,R,70.0,A,,A,,A,,A,,A,,R,10.0
176479,2013,R,179.0,R,650.0,R,28.0,R,173.0,R,0.0,R,173.0,R,134.0,R,77.0,R,6.0,R,0.0,R,6.0,R,5.0,R,83.0,R,13.0
176549,2013,A,,A,,A,,R,72.0,R,0.0,R,72.0,R,53.0,R,74.0,A,,A,,A,,A,,A,,R,19.0
176628,2013,R,182.0,R,363.0,R,50.0,R,210.0,R,0.0,R,210.0,R,147.0,R,70.0,A,,A,,A,,A,,A,,R,14.0
176637,2013,R,96.0,R,124.0,R,77.0,R,0.0,R,0.0,R,0.0,R,0.0,A,,R,1.0,R,0.0,R,1.0,R,0.0,R,0.0,R,19.0
176664,2013,R,55.0,R,80.0,R,69.0,R,51.0,R,0.0,R,51.0,R,33.0,R,65.0,R,2.0,R,0.0,R,2.0,R,2.0,R,100.0,R,15.0
176716,2013,A,,A,,A,,R,12.0,R,0.0,R,12.0,R,8.0,R,67.0,A,,A,,A,,A,,A,,R,25.0
176770,2013,R,7.0,R,221.0,R,3.0,R,55.0,R,0.0,R,55.0,R,49.0,R,89.0,R,72.0,R,0.0,R,72.0,R,59.0,R,82.0,R,11.0
176789,2013,R,37.0,R,105.0,R,35.0,R,32.0,R,0.0,R,32.0,R,21.0,R,66.0,R,3.0,R,0.0,R,3.0,R,1.0,R,33.0,R,8.0
176798,2013,A,,A,,A,,R,10.0,R,0.0,R,10.0,R,10.0,R,100.0,R,34.0,R,0.0,R,34.0,R,25.0,R,74.0,R,12.0
176910,2013,R,49.0,R,99.0,R,49.0,R,47.0,R,0.0,R,47.0,R,33.0,R,70.0,R,1.0,Z,0.0,R,1.0,R,1.0,R,100.0,R,15.0
176947,2013,R,291.0,R,422.0,R,69.0,R,302.0,R,0.0,R,302.0,R,173.0,R,57.0,A,,A,,A,,A,,A,,R,14.0
176965,2013,R,1746.0,R,3387.0,R,52.0,R,1762.0,R,0.0,R,1762.0,R,1213.0,R,69.0,R,25.0,R,0.0,R,25.0,R,3.0,R,12.0,R,17.0
176983,2013,A,,A,,A,,R,53.0,R,0.0,R,53.0,R,46.0,R,87.0,R,0.0,R,0.0,R,0.0,R,0.0,A,,R,3.0
176992,2013,A,,A,,A,,R,10.0,R,0.0,R,10.0,R,2.0,R,20.0,R,1.0,R,0.0,R,1.0,R,1.0,R,100.0,R,12.0
177038,2013,A,,A,,A,,R,1.0,R,0.0,R,1.0,R,1.0,R,100.0,R,0.0,R,0.0,R,0.0,R,0.0,A,,R,11.0
177056,2013,A,,A,,A,,R,2.0,R,0.0,R,2.0,R,2.0,R,100.0,R,0.0,R,0.0,R,0.0,R,0.0,A,,R,6.0
177065,2013,R,671.0,R,2666.0,R,25.0,R,450.0,R,0.0,R,450.0,R,239.0,R,53.0,R,120.0,R,0.0,R,120.0,R,50.0,R,42.0,R,35.0
177083,2013,R,19.0,R,41.0,R,46.0,R,14.0,R,0.0,R,14.0,R,9.0,R,64.0,A,,A,,A,,A,,A,,R,4.0
177117,2013,R,124.0,R,134.0,R,93.0,R,127.0,R,0.0,R,127.0,R,100.0,R,79.0,R,0.0,R,0.0,R,0.0,R,0.0,A,,R,7.0
177135,2013,R,967.0,R,2529.0,R,38.0,R,837.0,R,1.0,R,836.0,R,470.0,R,56.0,R,252.0,R,0.0,R,252.0,R,68.0,R,27.0,R,15.0
177144,2013,R,220.0,R,312.0,R,71.0,R,216.0,R,0.0,R,216.0,R,144.0,R,67.0,R,1.0,R,0.0,R,1.0,R,1.0,R,100.0,R,13.0
177214,2013,R,433.0,R,939.0,R,46.0,R,482.0,R,0.0,R,482.0,R,407.0,R,84.0,R,88.0,R,0.0,R,88.0,R,35.0,R,40.0,R,19.0
177250,2013,R,624.0,R,1427.0,R,44.0,R,631.0,R,1.0,R,630.0,R,391.0,R,62.0,R,196.0,R,0.0,R,196.0,R,82.0,R,42.0,R,19.0
177287,2013,A,,A,,A,,R,17.0,R,0.0,R,17.0,R,8.0,R,47.0,R,1.0,R,0.0,R,1.0,R,1.0,R,100.0,R,16.0
177302,2013,R,338.0,R,534.0,R,63.0,R,332.0,R,0.0,R,332.0,R,231.0,R,70.0,A,,A,,A,,A,,A,,R,23.0
177339,2013,R,458.0,R,576.0,R,80.0,R,381.0,R,0.0,R,381.0,R,277.0,R,73.0,R,3.0,R,0.0,R,3.0,R,2.0,R,67.0,R,15.0
177418,2013,R,157.0,R,394.0,R,40.0,R,136.0,R,0.0,R,136.0,R,108.0,R,79.0,R,5.0,R,0.0,R,5.0,R,3.0,R,60.0,R,10.0
177436,2013,A,,A,,A,,R,33.0,R,0.0,R,33.0,R,24.0,R,73.0,R,5.0,R,0.0,R,5.0,R,5.0,R,100.0,R,9.0
177472,2013,R,2255.0,R,4783.0,R,47.0,R,2273.0,Z,0.0,R,2273.0,R,1344.0,R,59.0,R,830.0,Z,0.0,R,830.0,R,340.0,R,41.0,R,23.0
177542,2013,R,192.0,R,587.0,R,33.0,R,191.0,Z,0.0,R,191.0,R,119.0,R,62.0,R,2.0,Z,0.0,R,2.0,R,1.0,R,50.0,R,12.0
177551,2013,R,182.0,R,360.0,R,51.0,R,290.0,Z,0.0,R,290.0,R,125.0,R,43.0,R,30.0,Z,0.0,R,30.0,R,8.0,R,27.0,R,13.0
177579,2013,R,92.0,R,132.0,R,70.0,R,0.0,R,0.0,R,0.0,R,0.0,A,,A,,A,,A,,A,,A,,R,17.0
177588,2013,A,,A,,A,,R,4.0,R,0.0,R,4.0,R,3.0,R,75.0,A,,A,,A,,A,,A,,R,25.0
177603,2013,A,,A,,A,,R,12.0,R,0.0,R,12.0,R,11.0,R,92.0,R,4.0,R,0.0,R,4.0,R,2.0,R,50.0,R,8.0
177676,2013,R,933.0,R,1533.0,R,61.0,R,950.0,R,1.0,R,949.0,R,557.0,R,59.0,R,210.0,R,0.0,R,210.0,R,89.0,R,42.0,R,19.0
177685,2013,A,,A,,A,,R,7.0,R,0.0,R,7.0,R,7.0,R,100.0,A,,A,,A,,A,,A,,R,16.0
177719,2013,A,,A,,A,,A,,A,,A,,A,,A,,A,,A,,A,,A,,A,,R,17.0
177746,2013,R,141.0,R,149.0,R,95.0,R,172.0,R,0.0,R,172.0,R,127.0,R,74.0,A,,A,,A,,A,,A,,R,10.0
177816,2013,R,8.0,R,25.0,R,32.0,R,8.0,R,0.0,R,8.0,R,8.0,R,100.0,A,,A,,A,,A,,A,,R,6.0
177870,2013,A,,A,,A,,R,14.0,R,0.0,R,14.0,R,14.0,R,100.0,A,,A,,A,,A,,A,,R,7.0
177931,2013,A,,A,,A,,R,25.0,Z,0.0,R,25.0,R,16.0,R,64.0,A,,A,,A,,A,,A,,R,4.0
177940,2013,R,400.0,R,1007.0,R,40.0,R,338.0,R,0.0,R,338.0,R,178.0,R,53.0,R,15.0,R,0.0,R,15.0,R,9.0,R,60.0,R,15.0
177968,2013,R,1311.0,R,2697.0,R,49.0,R,1338.0,R,0.0,R,1338.0,R,946.0,R,71.0,R,13.0,R,0.0,R,13.0,R,3.0,R,23.0,R,17.0
177977,2013,R,486.0,R,691.0,R,70.0,R,483.0,R,4.0,R,479.0,R,376.0,R,78.0,R,7.0,R,0.0,R,7.0,R,3.0,R,43.0,R,13.0
177986,2013,A,,A,,A,,A,,A,,A,,A,,A,,A,,A,,A,,A,,A,,R,9.0
177995,2013,R,2473.0,R,7286.0,R,34.0,R,2548.0,R,3.0,R,2545.0,R,1393.0,R,55.0,R,1920.0,R,2.0,R,1918.0,R,622.0,R,32.0,R,19.0
178004,2013,A,,A,,A,,R,0.0,R,0.0,R,0.0,R,0.0,A,,R,1.0,R,0.0,R,1.0,R,1.0,R,100.0,R,8.0
178059,2013,R,392.0,R,790.0,R,50.0,R,348.0,R,0.0,R,348.0,R,302.0,R,87.0,R,20.0,R,0.0,R,20.0,R,7.0,R,35.0,R,12.0
178077,2013,A,,A,,A,,R,28.0,R,0.0,R,28.0,R,18.0,R,64.0,A,,A,,A,,A,,A,,R,16.0
178110,2013,R,23.0,R,98.0,R,23.0,R,23.0,R,0.0,R,23.0,R,5.0,R,22.0,A,,A,,A,,A,,A,,R,13.0
178183,2013,A,,A,,A,,R,33.0,R,0.0,R,33.0,R,29.0,R,88.0,A,,A,,A,,A,,A,,R,12.0
178208,2013,R,34.0,R,82.0,R,41.0,R,25.0,R,0.0,R,25.0,R,16.0,R,64.0,R,6.0,R,0.0,R,6.0,R,1.0,R,17.0,R,15.0
178217,2013,R,744.0,R,1050.0,R,71.0,R,819.0,R,2.0,R,817.0,R,554.0,R,68.0,R,101.0,R,1.0,R,100.0,R,49.0,R,49.0,R,22.0
178226,2013,R,21.0,R,24.0,R,88.0,R,17.0,Z,0.0,R,17.0,R,5.0,R,29.0,A,,A,,A,,A,,A,,R,13.0
178244,2013,R,264.0,R,2157.0,R,12.0,R,239.0,R,1.0,R,238.0,R,143.0,R,60.0,R,3.0,R,0.0,R,3.0,R,2.0,R,67.0,R,20.0
178262,2013,A,,A,,A,,R,92.0,R,0.0,R,92.0,R,67.0,R,73.0,A,,A,,A,,A,,A,,R,16.0
178305,2013,A,,A,,A,,R,0.0,Z,0.0,R,0.0,R,0.0,A,,A,,A,,A,,A,,A,,R,14.0
178314,2013,A,,A,,A,,R,10.0,R,0.0,R,10.0,R,9.0,R,90.0,A,,A,,A,,A,,A,,R,7.0
178341,2013,R,762.0,R,1697.0,R,45.0,R,704.0,R,4.0,R,700.0,R,463.0,R,66.0,R,45.0,R,0.0,R,45.0,R,17.0,R,38.0,R,19.0
178350,2013,R,1.0,R,35.0,R,3.0,R,1.0,Z,0.0,R,1.0,R,1.0,R,100.0,R,1.0,Z,0.0,R,1.0,R,1.0,R,100.0,R,10.0
178369,2013,R,412.0,R,823.0,R,50.0,R,367.0,R,0.0,R,367.0,R,160.0,R,44.0,R,2.0,R,0.0,R,2.0,R,1.0,R,50.0,R,14.0
178387,2013,R,845.0,R,1372.0,R,62.0,R,884.0,R,0.0,R,884.0,R,534.0,R,60.0,R,189.0,R,0.0,R,189.0,R,97.0,R,51.0,R,17.0
178396,2013,R,6060.0,R,7405.0,R,82.0,R,6378.0,R,2.0,R,6376.0,R,5326.0,R,84.0,R,123.0,R,0.0,R,123.0,R,77.0,R,63.0,R,20.0
178402,2013,R,1060.0,R,2449.0,R,43.0,R,1101.0,R,0.0,R,1101.0,R,807.0,R,73.0,R,24.0,R,0.0,R,24.0,R,12.0,R,50.0,R,13.0
178411,2013,R,1244.0,R,1690.0,R,74.0,R,1119.0,R,3.0,R,1116.0,R,922.0,R,83.0,R,5.0,R,0.0,R,5.0,R,3.0,R,60.0,R,17.0
178420,2013,R,464.0,R,2311.0,R,20.0,R,533.0,R,0.0,R,533.0,R,400.0,R,75.0,R,13.0,R,0.0,R,13.0,R,8.0,R,62.0,R,16.0
178448,2013,R,904.0,R,2200.0,R,41.0,R,1029.0,Z,0.0,R,1029.0,R,584.0,R,57.0,R,334.0,Z,0.0,R,334.0,R,105.0,R,31.0,R,22.0
178466,2013,A,,A,,A,,R,40.0,R,0.0,R,40.0,R,32.0,R,80.0,R,5.0,R,0.0,R,5.0,R,5.0,R,100.0,R,5.0
178484,2013,A,,A,,A,,R,183.0,R,0.0,R,183.0,R,139.0,R,76.0,A,,A,,A,,A,,A,,R,18.0
178527,2013,A,,A,,A,,R,13.0,R,0.0,R,13.0,R,10.0,R,77.0,R,0.0,R,0.0,R,0.0,R,0.0,A,,R,11.0
178606,2013,A,,A,,A,,A,,A,,A,,A,,A,,A,,A,,A,,A,,A,,R,2.0
178615,2013,R,1325.0,R,1857.0,R,71.0,R,1254.0,R,0.0,R,1254.0,R,1096.0,R,87.0,R,17.0,R,0.0,R,17.0,R,10.0,R,59.0,R,17.0
178624,2013,R,1313.0,R,1739.0,R,76.0,R,1279.0,R,0.0,R,1279.0,R,842.0,R,66.0,R,8.0,R,0.0,R,8.0,R,1.0,R,13.0,R,23.0
178679,2013,R,175.0,R,235.0,R,74.0,R,136.0,R,0.0,R,136.0,R,98.0,R,72.0,R,1.0,R,0.0,R,1.0,R,0.0,R,0.0,R,19.0
178697,2013,R,355.0,R,404.0,R,88.0,R,243.0,R,0.0,R,243.0,R,209.0,R,86.0,R,1.0,Z,0.0,R,1.0,R,1.0,R,100.0,R,15.0
178721,2013,R,157.0,R,1142.0,R,14.0,R,168.0,R,0.0,R,168.0,R,109.0,R,65.0,R,6.0,R,0.0,R,6.0,R,1.0,R,17.0,R,12.0
178767,2013,R,4.0,R,45.0,R,9.0,R,0.0,R,0.0,R,0.0,R,0.0,A,,R,0.0,R,0.0,R,0.0,R,0.0,A,,R,10.0
178828,2013,A,,A,,A,,R,56.0,R,0.0,R,56.0,R,55.0,R,98.0,A,,A,,A,,A,,A,,R,4.0
178891,2013,R,519.0,R,777.0,R,67.0,R,474.0,R,0.0,R,474.0,R,352.0,R,74.0,R,271.0,R,0.0,R,271.0,R,163.0,R,60.0,R,16.0
178989,2013,A,,A,,A,,A,,A,,A,,A,,A,,A,,A,,A,,A,,A,,R,11.0
179043,2013,R,437.0,R,943.0,R,46.0,R,446.0,R,0.0,R,446.0,R,390.0,R,87.0,R,1.0,R,0.0,R,1.0,R,0.0,R,0.0,R,12.0
179052,2013,A,,A,,A,,R,51.0,R,0.0,R,51.0,R,44.0,R,86.0,A,,A,,A,,A,,A,,R,7.0
179070,2013,A,,A,,A,,R,0.0,R,0.0,R,0.0,R,0.0,A,,R,0.0,R,0.0,R,0.0,R,0.0,A,,R,24.0
179159,2013,R,1638.0,R,6656.0,R,25.0,R,1670.0,R,0.0,R,1670.0,R,1450.0,R,87.0,R,1.0,R,0.0,R,1.0,R,0.0,R,0.0,R,12.0
179195,2013,A,,A,,A,,R,7.0,R,0.0,R,7.0,R,4.0,R,57.0,A,,A,,A,,A,,A,,R,11.0
179201,2013,A,,A,,A,,A,,A,,A,,A,,A,,A,,A,,A,,A,,A,,R,14.0
179229,2013,A,,A,,A,,R,15.0,R,0.0,R,15.0,R,10.0,R,67.0,A,,A,,A,,A,,A,,R,9.0
179238,2013,A,,A,,A,,R,13.0,R,0.0,R,13.0,R,10.0,R,77.0,A,,A,,A,,A,,A,,R,6.0
179256,2013,R,21.0,R,68.0,R,31.0,R,16.0,R,0.0,R,16.0,R,13.0,R,81.0,R,0.0,Z,0.0,R,0.0,Z,0.0,A,,R,14.0
179265,2013,R,246.0,R,278.0,R,88.0,R,247.0,R,0.0,R,247.0,R,229.0,R,93.0,R,0.0,R,0.0,R,0.0,R,0.0,A,,R,11.0
179308,2013,R,2840.0,R,6218.0,R,46.0,R,2905.0,R,0.0,R,2905.0,R,1563.0,R,54.0,R,1358.0,R,0.0,R,1358.0,R,439.0,R,32.0,R,21.0
179326,2013,R,458.0,R,820.0,R,56.0,R,519.0,R,0.0,R,519.0,R,330.0,R,64.0,R,41.0,R,0.0,R,41.0,R,27.0,R,66.0,R,15.0
179344,2013,R,596.0,R,1296.0,R,46.0,R,497.0,R,0.0,R,497.0,R,233.0,R,47.0,R,64.0,R,0.0,R,64.0,R,26.0,R,41.0,R,25.0
179399,2013,A,,A,,A,,A,,A,,A,,A,,A,,A,,A,,A,,A,,A,,R,5.0
179450,2013,A,,A,,A,,A,,A,,A,,A,,A,,A,,A,,A,,A,,A,,R,15.0
179511,2013,A,,A,,A,,R,241.0,R,0.0,R,241.0,R,152.0,R,63.0,A,,A,,A,,A,,A,,R,9.0
179539,2013,R,947.0,R,2125.0,R,45.0,R,873.0,R,1.0,R,872.0,R,521.0,R,60.0,R,267.0,R,0.0,R,267.0,R,93.0,R,35.0,R,19.0
179548,2013,R,168.0,R,224.0,R,75.0,R,137.0,R,0.0,R,137.0,R,92.0,R,67.0,R,0.0,R,0.0,R,0.0,R,0.0,A,,R,10.0
179557,2013,R,1583.0,R,2384.0,R,66.0,R,1723.0,R,1.0,R,1722.0,R,1251.0,R,73.0,R,149.0,R,0.0,R,149.0,R,69.0,R,46.0,R,24.0
179566,2013,R,2700.0,R,6188.0,R,44.0,R,2525.0,R,0.0,R,2525.0,R,1900.0,R,75.0,R,41.0,R,0.0,R,41.0,R,17.0,R,41.0,R,20.0
179645,2013,R,714.0,R,1639.0,R,44.0,R,747.0,Z,0.0,R,747.0,R,412.0,R,55.0,R,270.0,Z,0.0,R,270.0,R,102.0,R,38.0,R,23.0
179715,2013,R,364.0,R,490.0,R,74.0,R,322.0,R,0.0,R,322.0,R,208.0,R,65.0,R,42.0,R,0.0,R,42.0,R,21.0,R,50.0,R,22.0
179724,2013,A,,A,,A,,R,2.0,Z,0.0,R,2.0,R,2.0,R,100.0,R,2.0,Z,0.0,R,2.0,R,2.0,R,100.0,R,8.0
179867,2013,R,1595.0,R,1937.0,R,82.0,R,1622.0,R,0.0,R,1622.0,R,1564.0,R,96.0,R,15.0,R,0.0,R,15.0,R,11.0,R,73.0,R,8.0
179894,2013,R,487.0,R,1000.0,R,49.0,R,411.0,R,0.0,R,411.0,R,332.0,R,81.0,R,3.0,R,0.0,R,3.0,R,2.0,R,67.0,R,15.0
179919,2013,R,163.0,R,558.0,R,29.0,R,124.0,R,0.0,R,124.0,R,67.0,R,54.0,R,13.0,R,0.0,R,13.0,R,2.0,R,15.0,R,15.0
179946,2013,R,266.0,R,325.0,R,82.0,R,259.0,R,0.0,R,259.0,R,202.0,R,78.0,A,,A,,A,,A,,A,,R,15.0
179955,2013,R,259.0,R,300.0,R,86.0,R,305.0,Z,0.0,R,305.0,R,232.0,R,76.0,A,,A,,A,,A,,A,,R,10.0
179964,2013,R,193.0,R,258.0,R,75.0,R,196.0,R,1.0,R,195.0,R,145.0,R,74.0,R,3.0,R,0.0,R,3.0,R,2.0,R,67.0,R,10.0
179991,2013,A,,A,,A,,R,38.0,R,0.0,R,38.0,R,36.0,R,95.0,A,,A,,A,,A,,A,,R,16.0
180054,2013,R,91.0,R,130.0,R,70.0,R,94.0,R,1.0,R,93.0,R,53.0,R,57.0,R,4.0,R,1.0,R,3.0,R,1.0,R,33.0,R,12.0
180063,2013,A,,A,,A,,R,17.0,R,0.0,R,17.0,R,8.0,R,47.0,A,,A,,A,,A,,A,,R,9.0
180081,2013,R,164.0,R,466.0,R,35.0,R,156.0,R,0.0,R,156.0,R,81.0,R,52.0,R,13.0,R,0.0,R,13.0,R,3.0,R,23.0,R,15.0
180090,2013,A,,A,,A,,R,54.0,Z,0.0,R,54.0,R,52.0,R,96.0,A,,A,,A,,A,,A,,R,16.0
180106,2013,R,315.0,R,411.0,R,77.0,R,383.0,R,0.0,R,383.0,R,312.0,R,81.0,A,,A,,A,,A,,A,,R,12.0
180151,2013,R,113.0,R,177.0,R,64.0,R,98.0,R,0.0,R,98.0,R,52.0,R,53.0,R,8.0,R,0.0,R,8.0,R,7.0,R,88.0,R,10.0
180160,2013,R,37.0,R,48.0,R,77.0,R,24.0,R,1.0,R,23.0,R,11.0,R,48.0,R,3.0,R,0.0,R,3.0,R,1.0,R,33.0,R,12.0
180179,2013,R,666.0,R,1337.0,R,50.0,R,686.0,R,0.0,R,686.0,R,406.0,R,59.0,R,102.0,R,0.0,R,102.0,R,41.0,R,40.0,R,18.0
180197,2013,R,285.0,R,722.0,R,39.0,R,304.0,R,0.0,R,304.0,R,171.0,R,56.0,R,105.0,R,0.0,R,105.0,R,39.0,R,37.0,R,16.0
180203,2013,R,25.0,R,45.0,R,56.0,R,59.0,R,2.0,R,57.0,R,31.0,R,54.0,R,3.0,R,0.0,R,3.0,R,2.0,R,67.0,R,10.0
180212,2013,R,40.0,R,91.0,R,44.0,R,63.0,R,0.0,R,63.0,R,28.0,R,44.0,R,3.0,R,0.0,R,3.0,R,0.0,R,0.0,R,9.0
180249,2013,R,196.0,R,636.0,R,31.0,R,225.0,R,0.0,R,225.0,R,115.0,R,51.0,R,138.0,R,0.0,R,138.0,R,58.0,R,42.0,R,16.0
180258,2013,R,150.0,R,315.0,R,48.0,R,135.0,R,0.0,R,135.0,R,93.0,R,69.0,R,6.0,Z,0.0,R,6.0,R,2.0,R,33.0,R,12.0
180276,2013,R,204.0,R,660.0,R,31.0,R,200.0,R,0.0,R,200.0,R,105.0,R,53.0,R,64.0,R,0.0,R,64.0,R,25.0,R,39.0,R,12.0
180328,2013,R,73.0,R,99.0,R,74.0,R,47.0,R,0.0,R,47.0,R,25.0,R,53.0,R,20.0,R,0.0,R,20.0,R,9.0,R,45.0,R,14.0
180373,2013,R,97.0,R,202.0,R,48.0,R,102.0,R,1.0,R,101.0,R,60.0,R,59.0,R,9.0,R,0.0,R,9.0,R,3.0,R,33.0,R,9.0
180391,2013,A,,A,,A,,R,13.0,R,0.0,R,13.0,R,11.0,R,85.0,A,,A,,A,,A,,A,,R,15.0
180416,2013,R,262.0,R,442.0,R,59.0,R,240.0,R,0.0,R,240.0,R,165.0,R,69.0,R,3.0,R,0.0,R,3.0,R,0.0,R,0.0,R,15.0
180461,2013,R,2345.0,R,4046.0,R,58.0,R,2199.0,R,0.0,R,2199.0,R,1666.0,R,76.0,R,506.0,R,0.0,R,506.0,R,250.0,R,49.0,R,19.0
180489,2013,R,1783.0,R,3314.0,R,54.0,R,1333.0,R,0.0,R,1333.0,R,979.0,R,73.0,R,69.0,R,0.0,R,69.0,R,35.0,R,51.0,R,18.0
180522,2013,R,179.0,R,367.0,R,49.0,R,179.0,R,0.0,R,179.0,R,106.0,R,59.0,R,19.0,R,0.0,R,19.0,R,7.0,R,37.0,R,16.0
180595,2013,R,238.0,R,333.0,R,71.0,R,262.0,Z,0.0,R,262.0,R,178.0,R,68.0,R,0.0,Z,0.0,R,0.0,Z,0.0,A,,R,12.0
180647,2013,R,107.0,R,220.0,R,49.0,R,16.0,R,0.0,R,16.0,R,5.0,R,31.0,R,1.0,Z,0.0,R,1.0,R,1.0,R,100.0,R,15.0
180692,2013,R,250.0,R,578.0,R,43.0,R,170.0,R,0.0,R,170.0,R,117.0,R,69.0,R,5.0,R,0.0,R,5.0,R,2.0,R,40.0,R,16.0
180771,2013,A,,A,,A,,R,13.0,Z,0.0,R,13.0,R,9.0,R,69.0,A,,A,,A,,A,,A,,R,8.0
180814,2013,R,87.0,R,3107.0,R,3.0,R,2.0,R,0.0,R,2.0,R,1.0,R,50.0,R,153.0,R,0.0,R,153.0,R,58.0,R,38.0,R,33.0
180832,2013,R,32.0,R,204.0,R,16.0,R,35.0,R,0.0,R,35.0,R,24.0,R,69.0,R,0.0,R,0.0,R,0.0,R,0.0,A,,R,12.0
180878,2013,R,36.0,R,163.0,R,22.0,R,35.0,R,0.0,R,35.0,R,29.0,R,83.0,R,7.0,R,0.0,R,7.0,R,5.0,R,71.0,R,10.0
180902,2013,R,710.0,R,2532.0,R,28.0,R,740.0,R,0.0,R,740.0,R,465.0,R,63.0,R,199.0,Z,0.0,R,199.0,R,78.0,R,39.0,R,16.0
180948,2013,R,458.0,R,747.0,R,61.0,R,399.0,R,1.0,R,398.0,R,268.0,R,67.0,R,11.0,R,0.0,R,11.0,R,4.0,R,36.0,R,21.0
180957,2013,A,,A,,A,,R,18.0,R,0.0,R,18.0,R,15.0,R,83.0,A,,A,,A,,A,,A,,R,10.0
180984,2013,R,281.0,R,601.0,R,47.0,R,296.0,R,0.0,R,296.0,R,224.0,R,76.0,R,0.0,Z,0.0,R,0.0,Z,0.0,A,,R,14.0
181002,2013,R,963.0,R,1191.0,R,81.0,R,943.0,R,0.0,R,943.0,R,857.0,R,91.0,R,2.0,R,0.0,R,2.0,R,1.0,R,50.0,R,11.0
181020,2013,R,287.0,R,339.0,R,85.0,R,337.0,R,0.0,R,337.0,R,264.0,R,78.0,A,,A,,A,,A,,A,,R,12.0
181093,2013,R,96.0,R,160.0,R,60.0,R,71.0,R,0.0,R,71.0,R,51.0,R,72.0,R,0.0,Z,0.0,R,0.0,R,0.0,A,,R,13.0
181127,2013,R,345.0,R,440.0,R,78.0,R,236.0,R,0.0,R,236.0,R,156.0,R,66.0,A,,A,,A,,A,,A,,R,13.0
181136,2013,A,,A,,A,,R,19.0,R,0.0,R,19.0,R,15.0,R,79.0,A,,A,,A,,A,,A,,R,11.0
181145,2013,A,,A,,A,,A,,A,,A,,A,,A,,A,,A,,A,,A,,A,,R,7.0
181190,2013,A,,A,,A,,R,46.0,R,0.0,R,46.0,R,29.0,R,63.0,A,,A,,A,,A,,A,,R,14.0
181215,2013,R,1007.0,R,1474.0,R,68.0,R,1123.0,R,0.0,R,1123.0,R,848.0,R,76.0,R,13.0,R,0.0,R,13.0,R,6.0,R,46.0,R,16.0
181242,2013,A,,A,,A,,R,0.0,R,0.0,R,0.0,R,0.0,A,,R,1.0,R,0.0,R,1.0,R,1.0,R,100.0,R,19.0
181297,2013,R,37.0,R,200.0,R,19.0,R,28.0,R,0.0,R,28.0,R,22.0,R,79.0,R,0.0,Z,0.0,R,0.0,Z,0.0,A,,R,12.0
181303,2013,R,1077.0,R,4339.0,R,25.0,R,1237.0,R,0.0,R,1237.0,R,624.0,R,50.0,R,761.0,R,0.0,R,761.0,R,238.0,R,31.0,R,15.0
181312,2013,R,398.0,R,1186.0,R,34.0,R,425.0,R,0.0,R,425.0,R,225.0,R,53.0,R,109.0,R,0.0,R,109.0,R,38.0,R,35.0,R,9.0
181330,2013,R,367.0,R,494.0,R,74.0,R,363.0,R,0.0,R,363.0,R,224.0,R,62.0,R,0.0,R,0.0,R,0.0,R,0.0,A,,R,8.0
181376,2013,R,52.0,R,71.0,R,73.0,R,35.0,R,0.0,R,35.0,R,20.0,R,57.0,R,0.0,R,0.0,R,0.0,R,0.0,A,,R,10.0
181394,2013,R,1794.0,R,3251.0,R,55.0,R,1648.0,R,0.0,R,1648.0,R,1232.0,R,75.0,R,113.0,R,0.0,R,113.0,R,66.0,R,58.0,R,17.0
181400,2013,A,,A,,A,,R,1.0,R,0.0,R,1.0,R,1.0,R,100.0,R,0.0,R,0.0,R,0.0,R,0.0,A,,R,19.0
181419,2013,R,38.0,R,57.0,R,67.0,R,22.0,R,1.0,R,21.0,R,9.0,R,43.0,R,20.0,R,1.0,R,19.0,R,3.0,R,16.0,R,13.0
181428,2013,A,,A,,A,,A,,A,,A,,A,,A,,A,,A,,A,,A,,A,,R,3.0
181446,2013,R,379.0,R,509.0,R,74.0,R,356.0,R,0.0,R,356.0,R,276.0,R,78.0,A,,A,,A,,A,,A,,R,12.0
181464,2013,R,4396.0,R,5415.0,R,81.0,R,3918.0,R,0.0,R,3918.0,R,3277.0,R,84.0,R,19.0,R,0.0,R,19.0,R,9.0,R,47.0,R,21.0
181491,2013,R,749.0,R,1327.0,R,56.0,R,801.0,R,1.0,R,800.0,R,547.0,R,68.0,R,83.0,R,0.0,R,83.0,R,28.0,R,34.0,R,18.0
181534,2013,R,272.0,R,891.0,R,31.0,R,194.0,R,0.0,R,194.0,R,113.0,R,58.0,R,14.0,R,0.0,R,14.0,R,4.0,R,29.0,R,23.0
181543,2013,R,3.0,R,8.0,R,38.0,R,13.0,R,0.0,R,13.0,R,7.0,R,54.0,R,1.0,R,0.0,R,1.0,R,0.0,R,0.0,R,4.0
181604,2013,R,89.0,R,248.0,R,36.0,R,91.0,R,0.0,R,91.0,R,72.0,R,79.0,R,0.0,R,0.0,R,0.0,R,0.0,A,,R,14.0
181640,2013,R,1205.0,R,3625.0,R,33.0,R,1203.0,Z,0.0,R,1203.0,R,691.0,R,57.0,R,317.0,Z,0.0,R,317.0,R,158.0,R,50.0,R,19.0
181738,2013,R,178.0,R,285.0,R,62.0,R,145.0,R,0.0,R,145.0,R,99.0,R,68.0,R,1.0,R,0.0,R,1.0,R,0.0,R,0.0,R,11.0
181756,2013,A,,A,,A,,R,26.0,R,0.0,R,26.0,R,11.0,R,42.0,A,,A,,A,,A,,A,,R,18.0
181765,2013,R,70.0,R,150.0,R,47.0,R,96.0,R,0.0,R,96.0,R,64.0,R,67.0,A,,A,,A,,A,,A,,R,13.0
181783,2013,R,690.0,R,938.0,R,74.0,R,693.0,R,0.0,R,693.0,R,429.0,R,62.0,R,2.0,R,0.0,R,2.0,R,0.0,R,0.0,R,20.0
181792,2013,A,,A,,A,,A,,A,,A,,A,,A,,A,,A,,A,,A,,A,,R,4.0
181817,2013,R,336.0,R,811.0,R,41.0,R,375.0,R,2.0,R,373.0,R,181.0,R,49.0,R,95.0,Z,0.0,R,95.0,R,19.0,R,20.0,R,13.0
181853,2013,R,94.0,R,156.0,R,60.0,R,84.0,R,0.0,R,84.0,R,54.0,R,64.0,R,0.0,R,0.0,R,0.0,R,0.0,A,,R,13.0
181880,2013,A,,A,,A,,R,33.0,R,0.0,R,33.0,R,27.0,R,82.0,A,,A,,A,,A,,A,,R,10.0
181941,2013,A,,A,,A,,R,153.0,R,0.0,R,153.0,R,93.0,R,61.0,A,,A,,A,,A,,A,,R,18.0
182005,2013,R,1767.0,R,10407.0,R,17.0,R,0.0,Z,0.0,R,0.0,R,0.0,A,,R,0.0,Z,0.0,R,0.0,R,0.0,A,,R,23.0
182111,2013,R,241.0,R,424.0,R,57.0,R,115.0,Z,0.0,R,115.0,R,61.0,R,53.0,R,42.0,R,1.0,R,41.0,R,16.0,R,39.0,R,20.0
182148,2013,A,,A,,A,,R,76.0,R,0.0,R,76.0,R,53.0,R,70.0,R,21.0,R,0.0,R,21.0,R,13.0,R,62.0,R,24.0
182209,2013,A,,A,,A,,R,44.0,R,0.0,R,44.0,R,33.0,R,75.0,R,25.0,R,0.0,R,25.0,R,19.0,R,76.0,R,23.0
182281,2013,R,3585.0,R,6361.0,R,56.0,R,2986.0,R,0.0,R,2986.0,R,2309.0,R,77.0,R,294.0,R,0.0,R,294.0,R,85.0,R,29.0,R,21.0
182290,2013,R,3046.0,R,4606.0,R,66.0,R,2840.0,Z,0.0,R,2840.0,R,2269.0,R,80.0,R,45.0,Z,0.0,R,45.0,R,21.0,R,47.0,R,22.0
182306,2013,R,170.0,R,807.0,R,21.0,R,19.0,R,0.0,R,19.0,R,15.0,R,79.0,R,25.0,R,0.0,R,25.0,R,7.0,R,28.0,R,17.0
182397,2013,A,,A,,A,,R,27.0,Z,0.0,R,27.0,R,17.0,R,63.0,R,25.0,Z,0.0,R,25.0,R,15.0,R,60.0,R,18.0
182430,2013,A,,A,,A,,R,21.0,R,0.0,R,21.0,R,14.0,R,67.0,A,,A,,A,,A,,A,,R,20.0
182458,2013,R,91.0,R,183.0,R,50.0,R,70.0,R,0.0,R,70.0,R,52.0,R,74.0,A,,A,,A,,A,,A,,R,15.0
182500,2013,R,623.0,R,2211.0,R,28.0,R,548.0,R,0.0,R,548.0,R,363.0,R,66.0,R,1030.0,R,0.0,R,1030.0,R,482.0,R,47.0,R,20.0
182564,2013,R,329.0,R,931.0,R,35.0,R,0.0,R,0.0,R,0.0,R,0.0,A,,R,0.0,R,0.0,R,0.0,R,0.0,A,,R,21.0
182634,2013,R,399.0,R,436.0,R,92.0,R,508.0,R,0.0,R,508.0,R,374.0,R,74.0,A,,A,,A,,A,,A,,R,14.0
182652,2013,A,,A,,A,,R,43.0,R,0.0,R,43.0,R,38.0,R,88.0,A,,A,,A,,A,,A,,R,7.0
182661,2013,R,153.0,R,231.0,R,66.0,R,143.0,R,0.0,R,143.0,R,98.0,R,69.0,R,2.0,R,0.0,R,2.0,R,0.0,R,0.0,R,14.0
182670,2013,R,1112.0,R,1241.0,R,90.0,R,1095.0,R,0.0,R,1095.0,R,1065.0,R,97.0,A,,A,,A,,A,,A,,R,8.0
182704,2013,A,,A,,A,,R,11.0,R,0.0,R,11.0,R,9.0,R,82.0,R,1.0,R,0.0,R,1.0,R,1.0,R,100.0,R,12.0
182722,2013,A,,A,,A,,R,17.0,Z,0.0,R,17.0,R,10.0,R,59.0,R,3.0,Z,0.0,R,3.0,R,1.0,R,33.0,R,18.0
182795,2013,R,450.0,R,528.0,R,85.0,R,538.0,R,0.0,R,538.0,R,362.0,R,67.0,R,0.0,R,0.0,R,0.0,R,0.0,A,,R,12.0
182865,2013,A,,A,,A,,R,24.0,R,0.0,R,24.0,R,15.0,R,63.0,R,2.0,R,0.0,R,2.0,R,1.0,R,50.0,R,14.0
182892,2013,A,,A,,A,,R,39.0,R,0.0,R,39.0,R,36.0,R,92.0,R,7.0,R,0.0,R,7.0,R,7.0,R,100.0,R,13.0
182908,2013,R,5.0,R,27.0,R,19.0,R,22.0,R,0.0,R,22.0,R,14.0,R,64.0,R,7.0,R,0.0,R,7.0,R,3.0,R,43.0,R,4.0
182953,2013,A,,A,,A,,R,38.0,R,0.0,R,38.0,R,36.0,R,95.0,R,2.0,R,0.0,R,2.0,R,2.0,R,100.0,R,10.0
182980,2013,R,375.0,R,537.0,R,70.0,R,253.0,R,3.0,R,250.0,R,154.0,R,62.0,R,1.0,R,0.0,R,1.0,R,1.0,R,100.0,R,14.0
182999,2013,A,,A,,A,,R,54.0,R,0.0,R,54.0,R,41.0,R,76.0,R,3.0,Z,0.0,R,3.0,R,3.0,R,100.0,R,10.0
183026,2013,R,1370.0,R,5521.0,R,25.0,R,782.0,R,0.0,R,782.0,R,541.0,R,69.0,R,298.0,R,0.0,R,298.0,R,144.0,R,48.0,R,26.0
183035,2013,A,,A,,A,,A,,A,,A,,A,,A,,A,,A,,A,,A,,A,,R,12.0
183044,2013,R,2869.0,R,3505.0,R,82.0,R,2847.0,R,0.0,R,2847.0,R,2460.0,R,86.0,A,,A,,A,,A,,A,,R,19.0
183062,2013,R,1254.0,R,1427.0,R,88.0,R,1185.0,R,3.0,R,1182.0,R,903.0,R,76.0,R,1.0,Z,0.0,R,1.0,R,0.0,R,0.0,R,16.0
183071,2013,R,89.0,R,281.0,R,32.0,R,39.0,R,0.0,R,39.0,R,26.0,R,67.0,R,0.0,R,0.0,R,0.0,R,0.0,A,,R,13.0
183080,2013,R,923.0,R,1195.0,R,77.0,R,932.0,R,1.0,R,931.0,R,667.0,R,72.0,R,1.0,R,0.0,R,1.0,R,1.0,R,100.0,R,16.0
183099,2013,R,821.0,R,1681.0,R,49.0,R,843.0,R,0.0,R,843.0,R,478.0,R,57.0,R,270.0,R,0.0,R,270.0,R,127.0,R,47.0,R,11.0
183105,2013,R,71.0,R,274.0,R,26.0,R,93.0,R,0.0,R,93.0,R,62.0,R,67.0,R,100.0,R,0.0,R,100.0,R,63.0,R,63.0,R,8.0
183114,2013,R,51.0,R,344.0,R,15.0,R,68.0,R,1.0,R,67.0,R,41.0,R,61.0,R,106.0,Z,0.0,R,106.0,R,48.0,R,45.0,R,5.0
183123,2013,R,223.0,R,412.0,R,54.0,R,206.0,R,0.0,R,206.0,R,127.0,R,62.0,R,105.0,R,0.0,R,105.0,R,54.0,R,51.0,R,9.0
183132,2013,R,307.0,R,1033.0,R,30.0,R,339.0,R,0.0,R,339.0,R,208.0,R,61.0,R,255.0,R,0.0,R,255.0,R,134.0,R,53.0,R,12.0
183141,2013,R,279.0,R,865.0,R,32.0,R,268.0,R,0.0,R,268.0,R,168.0,R,63.0,R,255.0,R,0.0,R,255.0,R,125.0,R,49.0,R,9.0
183150,2013,R,231.0,R,1026.0,R,23.0,R,228.0,R,0.0,R,228.0,R,129.0,R,57.0,R,270.0,R,0.0,R,270.0,R,121.0,R,45.0,R,10.0
183202,2013,A,,A,,A,,R,10.0,R,0.0,R,10.0,R,8.0,R,80.0,A,,A,,A,,A,,A,,R,11.0
183211,2013,R,216.0,R,406.0,R,53.0,R,218.0,R,0.0,R,218.0,R,167.0,R,77.0,R,7.0,R,0.0,R,7.0,R,6.0,R,86.0,R,17.0
183239,2013,R,508.0,R,535.0,R,95.0,R,527.0,Z,0.0,R,527.0,R,447.0,R,85.0,R,0.0,R,0.0,R,0.0,R,0.0,A,,R,11.0
183248,2013,R,1.0,R,65.0,R,2.0,R,1.0,R,0.0,R,1.0,R,1.0,R,100.0,A,,A,,A,,A,,A,,R,6.0
183257,2013,R,70.0,R,471.0,R,15.0,R,25.0,R,0.0,R,25.0,R,15.0,R,60.0,R,10.0,R,0.0,R,10.0,R,5.0,R,50.0,R,11.0
183275,2013,R,14.0,R,25.0,R,56.0,R,25.0,R,2.0,R,23.0,R,10.0,R,43.0,A,,A,,A,,A,,A,,R,16.0
183488,2013,R,76.0,R,98.0,R,78.0,R,91.0,R,0.0,R,91.0,R,66.0,R,73.0,R,98.0,R,0.0,R,98.0,R,61.0,R,62.0,R,12.0
183600,2013,R,9.0,R,11.0,R,82.0,R,11.0,R,0.0,R,11.0,R,11.0,R,100.0,R,6.0,R,0.0,R,6.0,R,3.0,R,50.0,R,8.0
183655,2013,R,1264.0,R,2230.0,R,57.0,R,1144.0,R,0.0,R,1144.0,R,710.0,R,62.0,R,596.0,R,0.0,R,596.0,R,265.0,R,44.0,R,24.0
183725,2013,A,,A,,A,,R,93.0,Z,0.0,R,93.0,R,71.0,R,76.0,A,,A,,A,,A,,A,,R,15.0
183743,2013,R,2559.0,R,4659.0,R,55.0,R,2674.0,R,0.0,R,2674.0,R,1692.0,R,63.0,R,749.0,R,0.0,R,749.0,R,334.0,R,45.0,R,19.0
183789,2013,R,811.0,R,1706.0,R,48.0,R,303.0,R,0.0,R,303.0,R,193.0,R,64.0,R,6.0,R,0.0,R,6.0,R,1.0,R,17.0,R,14.0
183804,2013,A,,A,,A,,A,,A,,A,,A,,A,,A,,A,,A,,A,,A,,R,24.0
183822,2013,R,416.0,R,623.0,R,67.0,R,375.0,Z,0.0,R,375.0,R,238.0,R,63.0,R,6.0,Z,0.0,R,6.0,R,1.0,R,17.0,R,16.0
183859,2013,R,2519.0,R,4240.0,R,59.0,R,2705.0,Z,0.0,R,2705.0,R,1855.0,R,69.0,R,535.0,Z,0.0,R,535.0,R,253.0,R,47.0,R,21.0
183877,2013,R,1848.0,R,3328.0,R,56.0,R,1850.0,Z,0.0,R,1850.0,R,1168.0,R,63.0,R,454.0,Z,0.0,R,454.0,R,177.0,R,39.0,R,25.0
183910,2013,R,349.0,R,470.0,R,74.0,R,289.0,R,0.0,R,289.0,R,211.0,R,73.0,R,0.0,R,0.0,R,0.0,R,0.0,A,,R,11.0
183938,2013,R,2021.0,R,4117.0,R,49.0,R,2028.0,Z,0.0,R,2028.0,R,1224.0,R,60.0,R,569.0,Z,0.0,R,569.0,R,250.0,R,44.0,R,25.0
183974,2013,R,206.0,R,362.0,R,57.0,R,275.0,R,0.0,R,275.0,R,195.0,R,71.0,R,6.0,Z,0.0,R,6.0,R,4.0,R,67.0,R,17.0
183983,2013,A,,A,,A,,R,63.0,R,0.0,R,63.0,R,50.0,R,79.0,A,,A,,A,,A,,A,,R,15.0
184047,2013,A,,A,,A,,R,71.0,R,0.0,R,71.0,R,58.0,R,82.0,A,,A,,A,,A,,A,,R,20.0
184056,2013,A,,A,,A,,R,95.0,R,0.0,R,95.0,R,64.0,R,67.0,R,51.0,R,0.0,R,51.0,R,35.0,R,69.0,R,18.0
184092,2013,A,,A,,A,,R,58.0,R,0.0,R,58.0,R,37.0,R,64.0,A,,A,,A,,A,,A,,R,36.0
184144,2013,A,,A,,A,,R,37.0,R,0.0,R,37.0,R,28.0,R,76.0,R,13.0,R,0.0,R,13.0,R,10.0,R,77.0,R,18.0
184153,2013,A,,A,,A,,A,,A,,A,,A,,A,,A,,A,,A,,A,,A,,R,4.0
184180,2013,R,1386.0,R,2684.0,R,52.0,R,1455.0,Z,0.0,R,1455.0,R,1043.0,R,72.0,R,323.0,Z,0.0,R,323.0,R,157.0,R,49.0,R,20.0
184205,2013,R,797.0,R,1106.0,R,72.0,R,780.0,Z,0.0,R,780.0,R,508.0,R,65.0,R,250.0,Z,0.0,R,250.0,R,117.0,R,47.0,R,23.0
184278,2013,A,,A,,A,,A,,A,,A,,A,,A,,A,,A,,A,,A,,A,,R,15.0
184320,2013,A,,A,,A,,A,,A,,A,,A,,A,,A,,A,,A,,A,,A,,R,20.0
184348,2013,R,399.0,R,464.0,R,86.0,R,362.0,R,0.0,R,362.0,R,274.0,R,76.0,R,1.0,R,0.0,R,1.0,R,1.0,R,100.0,R,10.0
184357,2013,A,,A,,A,,R,9.0,Z,0.0,R,9.0,R,4.0,R,44.0,R,4.0,Z,0.0,R,4.0,R,3.0,R,75.0,R,3.0
184427,2013,A,,A,,A,,R,87.0,R,0.0,R,87.0,R,69.0,R,79.0,A,,A,,A,,A,,A,,R,18.0
184481,2013,R,2109.0,R,3581.0,R,59.0,R,2143.0,R,0.0,R,2143.0,R,1243.0,R,58.0,R,425.0,R,0.0,R,425.0,R,159.0,R,37.0,R,24.0
184506,2013,A,,A,,A,,R,33.0,R,0.0,R,33.0,R,17.0,R,52.0,R,13.0,R,0.0,R,13.0,R,7.0,R,54.0,R,20.0
184603,2013,R,577.0,R,2849.0,R,20.0,R,515.0,R,0.0,R,515.0,R,390.0,R,76.0,R,20.0,R,0.0,R,20.0,R,9.0,R,45.0,R,13.0
184612,2013,R,151.0,R,382.0,R,40.0,R,228.0,R,0.0,R,228.0,R,173.0,R,76.0,R,1.0,R,0.0,R,1.0,R,0.0,R,0.0,R,12.0
184694,2013,R,509.0,R,657.0,R,77.0,R,577.0,R,0.0,R,577.0,R,422.0,R,73.0,R,8.0,R,0.0,R,8.0,R,3.0,R,38.0,R,11.0
184746,2013,A,,A,,A,,R,92.0,R,0.0,R,92.0,R,75.0,R,82.0,R,33.0,R,0.0,R,33.0,R,25.0,R,76.0,R,6.0
184773,2013,R,275.0,R,656.0,R,42.0,R,160.0,R,0.0,R,160.0,R,114.0,R,71.0,R,1.0,R,0.0,R,1.0,R,0.0,R,0.0,R,11.0
184782,2013,R,1509.0,R,3080.0,R,49.0,R,1497.0,Z,0.0,R,1497.0,R,1259.0,R,84.0,R,4.0,Z,0.0,R,4.0,R,2.0,R,50.0,R,13.0
184791,2013,R,1579.0,R,2515.0,R,63.0,R,1632.0,R,0.0,R,1632.0,R,1040.0,R,64.0,R,469.0,R,0.0,R,469.0,R,198.0,R,42.0,R,29.0
184816,2013,A,,A,,A,,R,33.0,R,0.0,R,33.0,R,23.0,R,70.0,R,7.0,R,0.0,R,7.0,R,3.0,R,43.0,R,13.0
184870,2013,A,,A,,A,,R,85.0,R,0.0,R,85.0,R,65.0,R,76.0,R,31.0,R,0.0,R,31.0,R,19.0,R,61.0,R,38.0
184959,2013,R,71.0,R,221.0,R,32.0,R,149.0,R,0.0,R,149.0,R,112.0,R,75.0,R,40.0,Z,0.0,R,40.0,R,28.0,R,70.0,R,13.0
184968,2013,A,,A,,A,,R,6.0,R,0.0,R,6.0,R,1.0,R,17.0,R,3.0,R,0.0,R,3.0,R,3.0,R,100.0,R,9.0
184995,2013,R,2106.0,R,3232.0,R,65.0,R,2114.0,Z,0.0,R,2114.0,R,1094.0,R,52.0,R,467.0,Z,0.0,R,467.0,R,187.0,R,40.0,R,37.0
185129,2013,R,577.0,R,1622.0,R,36.0,R,712.0,Z,0.0,R,712.0,R,495.0,R,70.0,R,85.0,Z,0.0,R,85.0,R,43.0,R,51.0,R,15.0
185174,2013,A,,A,,A,,R,47.0,R,0.0,R,47.0,R,36.0,R,77.0,A,,A,,A,,A,,A,,R,3.0
185262,2013,R,1493.0,R,3046.0,R,49.0,R,1381.0,Z,0.0,R,1381.0,R,1017.0,R,74.0,R,29.0,Z,0.0,R,29.0,R,12.0,R,41.0,R,17.0
185332,2013,A,,A,,A,,R,97.0,R,0.0,R,97.0,R,65.0,R,67.0,R,31.0,R,0.0,R,31.0,R,18.0,R,58.0,R,31.0
185396,2013,A,,A,,A,,R,388.0,R,0.0,R,388.0,R,311.0,R,80.0,R,41.0,R,0.0,R,41.0,R,25.0,R,61.0,R,29.0
185466,2013,A,,A,,A,,R,218.0,R,0.0,R,218.0,R,158.0,R,72.0,R,118.0,R,0.0,R,118.0,R,85.0,R,72.0,R,25.0
185509,2013,R,1190.0,R,2731.0,R,44.0,R,1304.0,R,0.0,R,1304.0,R,799.0,R,61.0,R,699.0,R,0.0,R,699.0,R,295.0,R,42.0,R,17.0
185536,2013,R,2066.0,R,3451.0,R,60.0,R,2137.0,Z,0.0,R,2137.0,R,1370.0,R,64.0,R,528.0,Z,0.0,R,528.0,R,255.0,R,48.0,R,20.0
185572,2013,R,906.0,R,1230.0,R,74.0,R,1006.0,R,0.0,R,1006.0,R,800.0,R,80.0,R,0.0,Z,0.0,R,0.0,Z,0.0,A,,R,14.0
185590,2013,R,3030.0,R,4732.0,R,64.0,R,2202.0,Z,0.0,R,2202.0,R,1885.0,R,86.0,R,14.0,Z,0.0,R,14.0,R,8.0,R,57.0,R,17.0
185624,2013,A,,A,,A,,A,,A,,A,,A,,A,,A,,A,,A,,A,,A,,R,10.0
185651,2013,A,,A,,A,,R,2.0,Z,0.0,R,2.0,R,2.0,R,100.0,A,,A,,A,,A,,A,,R,10.0
185679,2013,A,,A,,A,,R,2.0,Z,0.0,R,2.0,R,1.0,R,50.0,R,4.0,Z,0.0,R,4.0,R,1.0,R,25.0,R,10.0
185721,2013,A,,A,,A,,R,163.0,R,0.0,R,163.0,R,135.0,R,83.0,A,,A,,A,,A,,A,,R,25.0
185730,2013,A,,A,,A,,R,26.0,R,0.0,R,26.0,R,17.0,R,65.0,A,,A,,A,,A,,A,,R,18.0
185767,2013,A,,A,,A,,R,14.0,R,0.0,R,14.0,R,11.0,R,79.0,R,6.0,R,0.0,R,6.0,R,4.0,R,67.0,R,17.0
185828,2013,R,957.0,R,2462.0,R,39.0,R,939.0,R,1.0,R,938.0,R,807.0,R,86.0,R,81.0,R,1.0,R,80.0,R,63.0,R,79.0,R,13.0
185873,2013,R,1810.0,R,3323.0,R,54.0,R,1827.0,R,0.0,R,1827.0,R,1259.0,R,69.0,R,478.0,R,0.0,R,478.0,R,217.0,R,45.0,R,26.0
185916,2013,A,,A,,A,,R,41.0,R,1.0,R,40.0,R,32.0,R,80.0,R,14.0,R,0.0,R,14.0,R,12.0,R,86.0,R,9.0
185970,2013,A,,A,,A,,R,24.0,R,0.0,R,24.0,R,20.0,R,83.0,R,1.0,R,0.0,R,1.0,R,1.0,R,100.0,R,16.0
186016,2013,A,,A,,A,,R,41.0,R,0.0,R,41.0,R,36.0,R,88.0,R,17.0,R,0.0,R,17.0,R,12.0,R,71.0,R,15.0
186034,2013,R,809.0,R,2145.0,R,38.0,R,867.0,R,0.0,R,867.0,R,524.0,R,60.0,R,825.0,R,0.0,R,825.0,R,330.0,R,40.0,R,21.0
186052,2013,A,,A,,A,,R,545.0,R,0.0,R,545.0,R,401.0,R,74.0,R,191.0,R,0.0,R,191.0,R,129.0,R,68.0,R,14.0
186131,2013,R,1284.0,R,1284.0,R,100.0,R,1357.0,Z,0.0,R,1357.0,R,1324.0,R,98.0,A,,A,,A,,A,,A,,R,6.0
186186,2013,R,19.0,R,171.0,R,11.0,R,25.0,R,0.0,R,25.0,R,14.0,R,56.0,A,,A,,A,,A,,A,,R,15.0
186201,2013,R,901.0,R,1642.0,R,55.0,R,869.0,Z,0.0,R,869.0,R,753.0,R,87.0,R,2.0,Z,0.0,R,2.0,R,1.0,R,50.0,R,17.0
186274,2013,A,,A,,A,,R,28.0,R,0.0,R,28.0,R,22.0,R,79.0,R,9.0,R,0.0,R,9.0,R,6.0,R,67.0,R,15.0
186283,2013,R,909.0,R,1384.0,R,66.0,R,919.0,R,0.0,R,919.0,R,725.0,R,79.0,R,7.0,R,0.0,R,7.0,R,1.0,R,14.0,R,12.0
186335,2013,A,,A,,A,,R,23.0,R,0.0,R,23.0,R,20.0,R,87.0,R,4.0,R,0.0,R,4.0,R,3.0,R,75.0,R,13.0
186371,2013,R,494.0,R,1356.0,R,36.0,R,481.0,R,0.0,R,481.0,R,372.0,R,77.0,R,4.0,R,0.0,R,4.0,R,3.0,R,75.0,R,12.0
186380,2013,R,6393.0,R,9314.0,R,69.0,R,6166.0,R,0.0,R,6166.0,R,5607.0,R,91.0,R,4.0,R,0.0,R,4.0,R,3.0,R,75.0,R,14.0
186399,2013,R,985.0,R,2107.0,R,47.0,R,1051.0,R,0.0,R,1051.0,R,780.0,R,74.0,R,1.0,R,0.0,R,1.0,R,1.0,R,100.0,R,12.0
186405,2013,A,,A,,A,,A,,A,,A,,A,,A,,A,,A,,A,,A,,A,,R,8.0
186423,2013,A,,A,,A,,R,0.0,R,0.0,R,0.0,R,0.0,A,,A,,A,,A,,A,,A,,R,7.0
186432,2013,R,607.0,R,738.0,R,82.0,R,390.0,R,0.0,R,390.0,R,290.0,R,74.0,R,6.0,R,0.0,R,6.0,R,3.0,R,50.0,R,13.0
186469,2013,R,221.0,R,381.0,R,58.0,R,202.0,R,1.0,R,201.0,R,119.0,R,59.0,R,94.0,R,0.0,R,94.0,R,47.0,R,50.0,R,18.0
186584,2013,R,1338.0,R,1908.0,R,70.0,R,1455.0,R,0.0,R,1455.0,R,1209.0,R,83.0,R,6.0,R,0.0,R,6.0,R,6.0,R,100.0,R,14.0
186593,2013,A,,A,,A,,R,16.0,R,0.0,R,16.0,R,15.0,R,94.0,R,6.0,R,0.0,R,6.0,R,5.0,R,83.0,R,12.0
186618,2013,R,124.0,R,237.0,R,52.0,R,146.0,Z,0.0,R,146.0,R,99.0,R,68.0,A,,A,,A,,A,,A,,R,10.0
186645,2013,R,1260.0,R,2036.0,R,62.0,R,1203.0,Z,0.0,R,1203.0,R,921.0,R,77.0,R,296.0,Z,0.0,R,296.0,R,125.0,R,42.0,R,22.0
186867,2013,R,622.0,R,651.0,R,96.0,R,614.0,R,0.0,R,614.0,R,591.0,R,96.0,A,,A,,A,,A,,A,,R,10.0
186876,2013,R,1066.0,R,2129.0,R,50.0,R,1001.0,R,1.0,R,1000.0,R,868.0,R,87.0,R,2.0,Z,0.0,R,2.0,R,2.0,R,100.0,R,17.0
186900,2013,R,18.0,R,50.0,R,36.0,R,12.0,R,0.0,R,12.0,R,1.0,R,8.0,A,,A,,A,,A,,A,,R,14.0
187000,2013,A,,A,,A,,R,54.0,R,0.0,R,54.0,R,43.0,R,80.0,A,,A,,A,,A,,A,,R,25.0
187046,2013,A,,A,,A,,R,0.0,R,0.0,R,0.0,R,0.0,A,,R,0.0,R,0.0,R,0.0,R,0.0,A,,R,20.0
187134,2013,R,1402.0,R,1737.0,R,81.0,R,1363.0,Z,0.0,R,1363.0,R,1274.0,R,93.0,R,0.0,Z,0.0,R,0.0,R,0.0,A,,R,13.0
187161,2013,A,,A,,A,,R,123.0,Z,0.0,R,123.0,R,87.0,R,71.0,A,,A,,A,,A,,A,,R,38.0
187198,2013,R,1790.0,R,3184.0,R,56.0,R,1876.0,R,0.0,R,1876.0,R,1181.0,R,63.0,R,568.0,R,0.0,R,568.0,R,234.0,R,41.0,R,26.0
187444,2013,R,1289.0,R,2830.0,R,46.0,R,1230.0,R,0.0,R,1230.0,R,920.0,R,75.0,R,10.0,R,0.0,R,10.0,R,6.0,R,60.0,R,15.0
187505,2013,A,,A,,A,,R,317.0,R,8.0,R,309.0,R,204.0,R,66.0,A,,A,,A,,A,,A,,R,21.0
187532,2013,R,2410.0,R,5781.0,R,42.0,R,2419.0,R,0.0,R,2419.0,R,1461.0,R,60.0,R,1543.0,R,0.0,R,1543.0,R,648.0,R,42.0,R,27.0
187596,2013,R,292.0,R,649.0,R,45.0,R,9.0,R,0.0,R,9.0,R,4.0,R,44.0,R,0.0,R,0.0,R,0.0,R,0.0,A,,R,14.0
187602,2013,A,,A,,A,,R,26.0,R,2.0,R,24.0,R,17.0,R,71.0,A,,A,,A,,A,,A,,R,16.0
187620,2013,R,1112.0,R,2224.0,R,50.0,R,1231.0,R,2.0,R,1229.0,R,705.0,R,57.0,R,297.0,R,0.0,R,297.0,R,115.0,R,39.0,R,23.0
187639,2013,R,327.0,R,1440.0,R,23.0,R,360.0,Z,0.0,R,360.0,R,202.0,R,56.0,R,103.0,Z,0.0,R,103.0,R,25.0,R,24.0,R,22.0
187648,2013,R,654.0,R,1119.0,R,58.0,R,702.0,R,0.0,R,702.0,R,408.0,R,58.0,R,7.0,R,0.0,R,7.0,R,4.0,R,57.0,R,18.0
187666,2013,R,396.0,R,1414.0,R,28.0,R,453.0,R,0.0,R,453.0,R,254.0,R,56.0,R,89.0,R,0.0,R,89.0,R,42.0,R,47.0,R,21.0
187745,2013,R,17.0,R,89.0,R,19.0,R,26.0,R,0.0,R,26.0,R,18.0,R,69.0,R,1.0,R,0.0,R,1.0,R,1.0,R,100.0,R,7.0
187897,2013,R,349.0,R,915.0,R,38.0,R,424.0,R,0.0,R,424.0,R,200.0,R,47.0,R,3.0,R,0.0,R,3.0,R,1.0,R,33.0,R,15.0
187903,2013,R,264.0,R,847.0,R,31.0,R,241.0,R,0.0,R,241.0,R,166.0,R,69.0,R,115.0,R,0.0,R,115.0,R,76.0,R,66.0,R,19.0
187912,2013,R,261.0,R,304.0,R,86.0,R,302.0,R,0.0,R,302.0,R,114.0,R,38.0,A,,A,,A,,A,,A,,R,8.0
187958,2013,R,292.0,R,500.0,R,58.0,R,342.0,Z,0.0,R,342.0,R,207.0,R,61.0,R,152.0,Z,0.0,R,152.0,R,50.0,R,33.0,R,21.0
187967,2013,R,316.0,R,441.0,R,72.0,R,346.0,R,0.0,R,346.0,R,265.0,R,77.0,R,2.0,R,0.0,R,2.0,R,2.0,R,100.0,R,13.0
187976,2013,R,62.0,R,126.0,R,49.0,R,50.0,Z,0.0,R,50.0,R,30.0,R,60.0,R,15.0,Z,0.0,R,15.0,R,2.0,R,13.0,R,14.0
187985,2013,R,3470.0,R,4790.0,R,72.0,R,3372.0,R,1.0,R,3371.0,R,2619.0,R,78.0,R,52.0,R,0.0,R,52.0,R,31.0,R,60.0,R,20.0
187994,2013,R,235.0,R,498.0,R,47.0,R,230.0,R,0.0,R,230.0,R,115.0,R,50.0,R,69.0,R,0.0,R,69.0,R,14.0,R,20.0,R,16.0
188003,2013,R,194.0,R,371.0,R,52.0,R,189.0,R,0.0,R,189.0,R,90.0,R,48.0,R,30.0,R,0.0,R,30.0,R,7.0,R,23.0,R,17.0
188021,2013,R,80.0,R,176.0,R,45.0,R,101.0,R,0.0,R,101.0,R,50.0,R,50.0,R,17.0,R,0.0,R,17.0,R,4.0,R,24.0,R,17.0
188030,2013,R,1902.0,R,2618.0,R,73.0,R,2034.0,R,0.0,R,2034.0,R,1505.0,R,74.0,R,27.0,R,0.0,R,27.0,R,11.0,R,41.0,R,17.0
188049,2013,R,270.0,R,407.0,R,66.0,R,295.0,R,0.0,R,295.0,R,162.0,R,55.0,R,67.0,Z,0.0,R,67.0,R,18.0,R,27.0,R,28.0
188058,2013,R,150.0,R,615.0,R,24.0,R,43.0,R,0.0,R,43.0,R,22.0,R,51.0,R,3.0,R,0.0,R,3.0,R,1.0,R,33.0,R,15.0
188100,2013,R,700.0,R,1847.0,R,38.0,R,779.0,R,0.0,R,779.0,R,432.0,R,55.0,R,234.0,R,0.0,R,234.0,R,91.0,R,39.0,R,19.0
188137,2013,R,438.0,R,1592.0,R,28.0,R,482.0,R,0.0,R,482.0,R,293.0,R,61.0,R,265.0,R,0.0,R,265.0,R,112.0,R,42.0,R,18.0
188146,2013,R,201.0,R,425.0,R,47.0,R,166.0,R,0.0,R,166.0,R,130.0,R,78.0,A,,A,,A,,A,,A,,R,13.0
188182,2013,R,48.0,R,139.0,R,35.0,R,50.0,Z,0.0,R,50.0,R,20.0,R,40.0,R,6.0,R,0.0,R,6.0,R,3.0,R,50.0,R,15.0
188216,2013,R,123.0,R,183.0,R,67.0,R,122.0,R,0.0,R,122.0,R,51.0,R,42.0,R,3.0,Z,0.0,R,3.0,R,1.0,R,33.0,R,16.0
188225,2013,R,101.0,R,168.0,R,60.0,R,127.0,Z,0.0,R,127.0,R,63.0,R,50.0,R,24.0,Z,0.0,R,24.0,R,9.0,R,38.0,R,14.0
188261,2013,R,55.0,R,102.0,R,54.0,R,117.0,R,12.0,R,105.0,R,65.0,R,62.0,R,51.0,R,0.0,R,51.0,R,25.0,R,49.0,R,15.0
188289,2013,A,,A,,A,,R,16.0,Z,0.0,R,16.0,R,12.0,R,75.0,R,6.0,Z,0.0,R,6.0,R,4.0,R,67.0,R,9.0
188304,2013,R,342.0,R,1019.0,R,34.0,R,208.0,R,0.0,R,208.0,R,114.0,R,55.0,R,14.0,R,0.0,R,14.0,R,6.0,R,43.0,R,14.0
188340,2013,R,278.0,R,486.0,R,57.0,R,86.0,R,0.0,R,86.0,R,66.0,R,77.0,R,1.0,R,0.0,R,1.0,R,0.0,R,0.0,R,15.0
188429,2013,R,903.0,R,1460.0,R,62.0,R,996.0,R,0.0,R,996.0,R,808.0,R,81.0,R,3.0,R,0.0,R,3.0,R,1.0,R,33.0,R,11.0
188438,2013,R,989.0,R,1379.0,R,72.0,R,740.0,Z,0.0,R,740.0,R,465.0,R,63.0,R,91.0,Z,0.0,R,91.0,R,40.0,R,44.0,R,19.0
188465,2013,R,222.0,R,296.0,R,75.0,R,15.0,R,0.0,R,15.0,R,9.0,R,60.0,R,0.0,R,0.0,R,0.0,R,0.0,A,,R,12.0
188517,2013,R,62.0,R,166.0,R,37.0,R,1.0,R,0.0,R,1.0,R,1.0,R,100.0,R,0.0,R,0.0,R,0.0,R,0.0,A,,R,9.0
188526,2013,R,243.0,R,371.0,R,65.0,R,247.0,R,0.0,R,247.0,R,200.0,R,81.0,R,0.0,R,0.0,R,0.0,R,0.0,A,,R,10.0
188641,2013,R,535.0,R,632.0,R,85.0,R,536.0,R,0.0,R,536.0,R,400.0,R,75.0,A,,A,,A,,A,,A,,R,12.0
188650,2013,A,,A,,A,,R,171.0,R,0.0,R,171.0,R,113.0,R,66.0,R,57.0,R,0.0,R,57.0,R,45.0,R,79.0,R,33.0
188669,2013,A,,A,,A,,R,26.0,R,0.0,R,26.0,R,17.0,R,65.0,A,,A,,A,,A,,A,,R,3.0
188678,2013,R,99.0,R,139.0,R,71.0,R,61.0,R,0.0,R,61.0,R,43.0,R,70.0,A,,A,,A,,A,,A,,R,12.0
188687,2013,R,20.0,R,151.0,R,13.0,R,27.0,R,0.0,R,27.0,R,10.0,R,37.0,R,20.0,Z,0.0,R,20.0,R,11.0,R,55.0,R,24.0
188696,2013,A,,A,,A,,R,129.0,R,0.0,R,129.0,R,68.0,R,53.0,A,,A,,A,,A,,A,,R,18.0
188854,2013,R,462.0,R,473.0,R,98.0,R,177.0,R,0.0,R,177.0,R,147.0,R,83.0,A,,A,,A,,A,,A,,R,30.0
188890,2013,A,,A,,A,,R,1050.0,R,1.0,R,1049.0,R,587.0,R,56.0,R,328.0,R,0.0,R,328.0,R,191.0,R,58.0,R,15.0
188915,2013,A,,A,,A,,R,6.0,R,0.0,R,6.0,R,5.0,R,83.0,A,,A,,A,,A,,A,,R,8.0
188942,2013,A,,A,,A,,R,45.0,R,0.0,R,45.0,R,37.0,R,82.0,A,,A,,A,,A,,A,,R,9.0
188988,2013,A,,A,,A,,R,87.0,R,0.0,R,87.0,R,57.0,R,66.0,A,,A,,A,,A,,A,,R,11.0
189088,2013,R,489.0,R,595.0,R,82.0,R,528.0,R,0.0,R,528.0,R,462.0,R,88.0,A,,A,,A,,A,,A,,R,10.0
189097,2013,R,573.0,R,654.0,R,88.0,R,594.0,R,0.0,R,594.0,R,580.0,R,98.0,R,5.0,R,0.0,R,5.0,R,5.0,R,100.0,R,10.0
189219,2013,A,,A,,A,,A,,A,,A,,A,,A,,A,,A,,A,,A,,A,,R,13.0
189228,2013,R,704.0,R,1279.0,R,55.0,R,449.0,R,0.0,R,449.0,R,259.0,R,58.0,R,15.0,R,0.0,R,15.0,R,3.0,R,20.0,R,24.0
189264,2013,R,9.0,R,21.0,R,43.0,R,13.0,R,0.0,R,13.0,R,11.0,R,85.0,A,,A,,A,,A,,A,,R,8.0
189273,2013,R,18.0,R,26.0,R,69.0,R,16.0,R,0.0,R,16.0,R,5.0,R,31.0,A,,A,,A,,A,,A,,R,11.0
189282,2013,R,2.0,R,110.0,R,2.0,R,1.0,R,0.0,R,1.0,R,1.0,R,100.0,R,6.0,R,0.0,R,6.0,R,4.0,R,67.0,R,7.0
189404,2013,A,,A,,A,,R,32.0,R,0.0,R,32.0,R,27.0,R,84.0,R,3.0,Z,0.0,R,3.0,R,2.0,R,67.0,R,14.0
189413,2013,R,220.0,R,321.0,R,69.0,R,236.0,R,0.0,R,236.0,R,115.0,R,49.0,A,,A,,A,,A,,A,,R,20.0
189422,2013,R,177.0,R,323.0,R,55.0,R,141.0,R,2.0,R,139.0,R,77.0,R,55.0,R,0.0,R,0.0,R,0.0,R,0.0,A,,R,10.0
189459,2013,R,200.0,R,449.0,R,45.0,R,59.0,Z,0.0,R,59.0,R,35.0,R,59.0,R,12.0,Z,0.0,R,12.0,R,2.0,R,17.0,R,16.0
189468,2013,A,,A,,A,,R,40.0,R,0.0,R,40.0,R,33.0,R,83.0,R,6.0,R,0.0,R,6.0,R,2.0,R,33.0,R,20.0
189477,2013,A,,A,,A,,R,64.0,Z,0.0,R,64.0,R,45.0,R,70.0,R,78.0,R,0.0,R,78.0,R,55.0,R,71.0,R,20.0
189547,2013,R,1433.0,R,1882.0,R,76.0,R,1357.0,Z,0.0,R,1357.0,R,799.0,R,59.0,R,119.0,Z,0.0,R,119.0,R,51.0,R,43.0,R,20.0
189556,2013,R,37.0,R,130.0,R,28.0,R,0.0,R,0.0,R,0.0,R,0.0,A,,R,0.0,R,0.0,R,0.0,R,0.0,A,,R,10.0
189565,2013,R,41.0,R,116.0,R,35.0,R,0.0,R,0.0,R,0.0,R,0.0,A,,R,0.0,R,0.0,R,0.0,R,0.0,A,,R,13.0
189574,2013,R,93.0,R,178.0,R,52.0,R,120.0,R,0.0,R,120.0,R,43.0,R,36.0,R,7.0,R,0.0,R,7.0,R,2.0,R,29.0,R,15.0
189583,2013,R,75.0,R,228.0,R,33.0,R,0.0,R,0.0,R,0.0,R,0.0,A,,R,0.0,R,0.0,R,0.0,R,0.0,A,,R,15.0
189592,2013,R,46.0,R,139.0,R,33.0,R,0.0,R,0.0,R,0.0,R,0.0,A,,R,0.0,R,0.0,R,0.0,R,0.0,A,,R,19.0
189653,2013,R,4.0,R,13.0,R,31.0,R,1.0,Z,0.0,R,1.0,R,1.0,R,100.0,A,,A,,A,,A,,A,,R,7.0
189705,2013,R,680.0,R,968.0,R,70.0,R,712.0,R,0.0,R,712.0,R,571.0,R,80.0,R,1.0,R,0.0,R,1.0,R,0.0,R,0.0,R,12.0
189714,2013,A,,A,,A,,R,16.0,R,0.0,R,16.0,R,8.0,R,50.0,R,5.0,R,0.0,R,5.0,R,3.0,R,60.0,R,12.0
189811,2013,A,,A,,A,,R,3.0,Z,0.0,R,3.0,R,3.0,R,100.0,R,10.0,Z,0.0,R,10.0,R,3.0,R,30.0,R,12.0
189839,2013,R,615.0,R,1217.0,R,51.0,R,651.0,Z,0.0,R,651.0,R,362.0,R,56.0,R,79.0,Z,0.0,R,79.0,R,29.0,R,37.0,R,24.0
189848,2013,R,345.0,R,412.0,R,84.0,R,268.0,R,0.0,R,268.0,R,193.0,R,72.0,R,0.0,R,0.0,R,0.0,R,0.0,A,,R,11.0
189857,2013,R,92.0,R,378.0,R,24.0,R,78.0,R,0.0,R,78.0,R,53.0,R,68.0,A,,A,,A,,A,,A,,R,40.0
189954,2013,A,,A,,A,,R,16.0,R,0.0,R,16.0,R,11.0,R,69.0,A,,A,,A,,A,,A,,R,14.0
190008,2013,A,,A,,A,,R,13.0,R,0.0,R,13.0,R,11.0,R,85.0,A,,A,,A,,A,,A,,R,3.0
190044,2013,R,757.0,R,934.0,R,81.0,R,778.0,R,1.0,R,777.0,R,676.0,R,87.0,R,0.0,R,0.0,R,0.0,R,0.0,A,,R,15.0
190053,2013,R,321.0,R,556.0,R,58.0,R,422.0,Z,0.0,R,422.0,R,224.0,R,53.0,R,22.0,Z,0.0,R,22.0,R,12.0,R,55.0,R,18.0
190071,2013,A,,A,,A,,A,,A,,A,,A,,A,,A,,A,,A,,A,,A,,R,2.0
190099,2013,R,759.0,R,780.0,R,97.0,R,756.0,R,0.0,R,756.0,R,704.0,R,93.0,A,,A,,A,,A,,A,,R,9.0
190114,2013,R,113.0,R,252.0,R,45.0,R,67.0,R,0.0,R,67.0,R,35.0,R,52.0,R,1.0,R,0.0,R,1.0,R,0.0,R,0.0,R,9.0
190150,2013,R,1476.0,R,2080.0,R,71.0,R,1431.0,R,0.0,R,1431.0,R,1393.0,R,97.0,R,29.0,R,0.0,R,29.0,R,28.0,R,97.0,R,6.0
190169,2013,R,339.0,R,562.0,R,60.0,R,348.0,R,0.0,R,348.0,R,216.0,R,62.0,R,61.0,R,0.0,R,61.0,R,24.0,R,39.0,R,20.0
190239,2013,A,,A,,A,,R,52.0,R,0.0,R,52.0,R,35.0,R,67.0,R,12.0,R,0.0,R,12.0,R,7.0,R,58.0,R,29.0
190248,2013,R,153.0,R,201.0,R,76.0,R,162.0,R,0.0,R,162.0,R,111.0,R,69.0,R,0.0,Z,0.0,R,0.0,Z,0.0,A,,R,12.0
190293,2013,A,,A,,A,,R,13.0,R,0.0,R,13.0,R,8.0,R,62.0,R,2.0,R,0.0,R,2.0,R,1.0,R,50.0,R,20.0
190309,2013,A,,A,,A,,R,5.0,R,0.0,R,5.0,R,2.0,R,40.0,A,,A,,A,,A,,A,,R,20.0
190318,2013,A,,A,,A,,R,37.0,R,0.0,R,37.0,R,30.0,R,81.0,R,10.0,R,0.0,R,10.0,R,9.0,R,90.0,R,20.0
190372,2013,R,178.0,R,222.0,R,80.0,R,181.0,R,0.0,R,181.0,R,173.0,R,96.0,A,,A,,A,,A,,A,,R,7.0
190415,2013,R,3223.0,R,3823.0,R,84.0,R,3217.0,Z,0.0,R,3217.0,R,3113.0,R,97.0,A,,A,,A,,A,,A,,R,12.0
190442,2013,R,916.0,R,1197.0,R,77.0,R,789.0,R,0.0,R,789.0,R,455.0,R,58.0,R,126.0,R,0.0,R,126.0,R,39.0,R,31.0,R,24.0
190451,2013,R,12.0,R,18.0,R,67.0,R,25.0,R,0.0,R,25.0,R,20.0,R,80.0,R,4.0,R,0.0,R,4.0,R,4.0,R,100.0,R,9.0
190503,2013,R,490.0,R,709.0,R,69.0,R,0.0,R,0.0,R,0.0,R,0.0,A,,A,,A,,A,,A,,A,,R,17.0
190512,2013,R,1245.0,R,3194.0,R,39.0,R,1171.0,Z,0.0,R,1171.0,R,1026.0,R,88.0,R,14.0,Z,0.0,R,14.0,R,9.0,R,64.0,R,16.0
190521,2013,R,4528.0,R,6898.0,R,66.0,R,4966.0,Z,0.0,R,4966.0,R,3181.0,R,64.0,R,1088.0,Z,0.0,R,1088.0,R,568.0,R,52.0,R,25.0
190530,2013,R,1638.0,R,3707.0,R,44.0,R,1524.0,Z,0.0,R,1524.0,R,885.0,R,58.0,R,211.0,Z,0.0,R,211.0,R,104.0,R,49.0,R,21.0
190549,2013,R,1183.0,R,4090.0,R,29.0,R,1140.0,Z,0.0,R,1140.0,R,985.0,R,86.0,R,8.0,Z,0.0,R,8.0,R,4.0,R,50.0,R,14.0
190558,2013,R,2630.0,R,3830.0,R,69.0,R,782.0,Z,0.0,R,782.0,R,648.0,R,83.0,R,20.0,Z,0.0,R,20.0,R,13.0,R,65.0,R,18.0
190567,2013,R,1431.0,R,3159.0,R,45.0,R,1381.0,Z,0.0,R,1381.0,R,1208.0,R,87.0,R,16.0,Z,0.0,R,16.0,R,9.0,R,56.0,R,11.0
190576,2013,A,,A,,A,,A,,A,,A,,A,,A,,R,0.0,R,0.0,R,0.0,R,0.0,A,,R,13.0
190585,2013,R,1118.0,R,2409.0,R,46.0,R,805.0,Z,0.0,R,805.0,R,541.0,R,67.0,R,98.0,Z,0.0,R,98.0,R,44.0,R,45.0,R,20.0
190594,2013,R,1921.0,R,4694.0,R,41.0,R,1924.0,Z,0.0,R,1924.0,R,1668.0,R,87.0,R,47.0,Z,0.0,R,47.0,R,30.0,R,64.0,R,12.0
190600,2013,R,1850.0,R,3951.0,R,47.0,R,1891.0,Z,0.0,R,1891.0,R,1474.0,R,78.0,R,17.0,Z,0.0,R,17.0,R,6.0,R,35.0,R,18.0
190619,2013,R,2534.0,R,8228.0,R,31.0,R,2517.0,Z,0.0,R,2517.0,R,1680.0,R,67.0,R,203.0,Z,0.0,R,203.0,R,93.0,R,46.0,R,21.0
190628,2013,R,2530.0,R,7270.0,R,35.0,R,2630.0,Z,0.0,R,2630.0,R,1678.0,R,64.0,R,626.0,Z,0.0,R,626.0,R,261.0,R,42.0,R,24.0
190637,2013,R,582.0,R,2930.0,R,20.0,R,535.0,Z,0.0,R,535.0,R,436.0,R,81.0,R,16.0,Z,0.0,R,16.0,R,10.0,R,63.0,R,14.0
190646,2013,R,994.0,R,1975.0,R,50.0,R,68.0,Z,0.0,R,68.0,R,44.0,R,65.0,R,5.0,Z,0.0,R,5.0,R,3.0,R,60.0,R,25.0
190655,2013,R,3119.0,R,5470.0,R,57.0,R,235.0,Z,0.0,R,235.0,R,180.0,R,77.0,R,8.0,Z,0.0,R,8.0,R,7.0,R,88.0,R,20.0
190664,2013,R,1350.0,R,4383.0,R,31.0,R,1427.0,Z,0.0,R,1427.0,R,1205.0,R,84.0,R,22.0,Z,0.0,R,22.0,R,15.0,R,68.0,R,13.0
190673,2013,R,3055.0,R,6093.0,R,50.0,R,3049.0,Z,0.0,R,3049.0,R,2161.0,R,71.0,R,283.0,Z,0.0,R,283.0,R,142.0,R,50.0,R,23.0
190691,2013,R,955.0,R,2602.0,R,37.0,R,1087.0,Z,0.0,R,1087.0,R,806.0,R,74.0,R,22.0,Z,0.0,R,22.0,R,14.0,R,64.0,R,20.0
190707,2013,A,,A,,A,,R,4.0,R,0.0,R,4.0,R,1.0,R,25.0,A,,A,,A,,A,,A,,R,10.0
190716,2013,R,251.0,R,553.0,R,45.0,R,273.0,R,0.0,R,273.0,R,215.0,R,79.0,R,1.0,R,0.0,R,1.0,R,0.0,R,0.0,R,10.0
190725,2013,R,409.0,R,833.0,R,49.0,R,438.0,R,0.0,R,438.0,R,322.0,R,74.0,R,1.0,R,0.0,R,1.0,R,0.0,R,0.0,R,13.0
190752,2013,R,12.0,R,17.0,R,71.0,R,22.0,R,0.0,R,22.0,R,19.0,R,86.0,A,,A,,A,,A,,A,,R,19.0
190761,2013,R,286.0,R,409.0,R,70.0,R,293.0,R,0.0,R,293.0,R,196.0,R,67.0,A,,A,,A,,A,,A,,R,15.0
190770,2013,R,236.0,R,771.0,R,31.0,R,374.0,R,0.0,R,374.0,R,232.0,R,62.0,R,14.0,R,0.0,R,14.0,R,1.0,R,7.0,R,15.0
190840,2013,R,1941.0,R,2648.0,R,73.0,R,2043.0,R,1.0,R,2042.0,R,1215.0,R,60.0,R,176.0,R,1.0,R,175.0,R,87.0,R,50.0,R,24.0
190956,2013,R,1.0,R,2.0,R,50.0,R,1.0,R,0.0,R,1.0,R,1.0,R,100.0,R,1.0,R,0.0,R,1.0,R,1.0,R,100.0,R,4.0
190974,2013,R,36.0,R,138.0,R,26.0,R,42.0,R,0.0,R,42.0,R,16.0,R,38.0,R,4.0,R,0.0,R,4.0,R,0.0,R,0.0,R,15.0
190983,2013,R,319.0,R,386.0,R,83.0,R,356.0,R,0.0,R,356.0,R,262.0,R,74.0,A,,A,,A,,A,,A,,R,11.0
191083,2013,R,2676.0,R,4164.0,R,64.0,R,2566.0,Z,0.0,R,2566.0,R,1362.0,R,53.0,R,319.0,Z,0.0,R,319.0,R,114.0,R,36.0,R,21.0
191126,2013,R,1279.0,R,3091.0,R,41.0,R,1210.0,Z,0.0,R,1210.0,R,1070.0,R,88.0,R,23.0,Z,0.0,R,23.0,R,16.0,R,70.0,R,17.0
191199,2013,R,1340.0,R,1999.0,R,67.0,R,1316.0,Z,0.0,R,1316.0,R,644.0,R,49.0,R,114.0,Z,0.0,R,114.0,R,43.0,R,38.0,R,20.0
191205,2013,R,150.0,R,220.0,R,68.0,R,174.0,R,0.0,R,174.0,R,116.0,R,67.0,R,2.0,R,0.0,R,2.0,R,1.0,R,50.0,R,16.0
191241,2013,R,1944.0,R,2395.0,R,81.0,R,1855.0,R,0.0,R,1855.0,R,1679.0,R,91.0,R,27.0,R,0.0,R,27.0,R,14.0,R,52.0,R,13.0
191287,2013,A,,A,,A,,A,,A,,A,,A,,A,,A,,A,,A,,A,,A,,R,8.0
191302,2013,R,623.0,R,755.0,R,83.0,R,691.0,Z,0.0,R,691.0,R,383.0,R,55.0,R,79.0,Z,0.0,R,79.0,R,38.0,R,48.0,R,21.0
191311,2013,A,,A,,A,,A,,A,,A,,A,,A,,A,,A,,A,,A,,A,,R,20.0
191339,2013,R,1068.0,R,1615.0,R,66.0,R,1090.0,R,1.0,R,1089.0,R,575.0,R,53.0,R,120.0,Z,0.0,R,120.0,R,52.0,R,43.0,R,18.0
191515,2013,R,491.0,R,506.0,R,97.0,R,469.0,R,0.0,R,469.0,R,441.0,R,94.0,A,,A,,A,,A,,A,,R,9.0
191533,2013,R,528.0,R,564.0,R,94.0,R,446.0,R,0.0,R,446.0,R,320.0,R,72.0,R,0.0,R,0.0,R,0.0,R,0.0,A,,R,11.0
191597,2013,R,6.0,R,10.0,R,60.0,R,0.0,R,0.0,R,0.0,R,0.0,A,,R,0.0,Z,0.0,R,0.0,R,0.0,A,,R,11.0
191612,2013,R,684.0,R,1024.0,R,67.0,R,836.0,R,1.0,R,835.0,R,487.0,R,58.0,R,42.0,R,0.0,R,42.0,R,19.0,R,45.0,R,19.0
191621,2013,R,188.0,R,315.0,R,60.0,R,172.0,R,0.0,R,172.0,R,129.0,R,75.0,R,0.0,R,0.0,R,0.0,R,0.0,A,,R,13.0
191630,2013,R,638.0,R,691.0,R,92.0,R,600.0,R,0.0,R,600.0,R,529.0,R,88.0,A,,A,,A,,A,,A,,R,11.0
191649,2013,R,1612.0,R,2101.0,R,77.0,R,1484.0,R,3.0,R,1481.0,R,1159.0,R,78.0,R,4.0,R,0.0,R,4.0,R,1.0,R,25.0,R,14.0
191676,2013,R,223.0,R,321.0,R,69.0,R,234.0,R,1.0,R,233.0,R,204.0,R,88.0,R,0.0,R,0.0,R,0.0,R,0.0,A,,R,13.0
191719,2013,R,2088.0,R,3807.0,R,55.0,R,2413.0,R,0.0,R,2413.0,R,1367.0,R,57.0,R,223.0,R,0.0,R,223.0,R,98.0,R,44.0,R,20.0
191728,2013,A,,A,,A,,R,242.0,R,0.0,R,242.0,R,194.0,R,80.0,R,101.0,R,0.0,R,101.0,R,80.0,R,79.0,R,17.0
191764,2013,R,10.0,R,29.0,R,34.0,R,17.0,R,0.0,R,17.0,R,8.0,R,47.0,R,4.0,R,0.0,R,4.0,R,1.0,R,25.0,R,9.0
191834,2013,A,,A,,A,,R,181.0,R,3.0,R,178.0,R,113.0,R,63.0,R,46.0,R,0.0,R,46.0,R,22.0,R,48.0,R,19.0
191931,2013,R,922.0,R,1407.0,R,66.0,R,722.0,R,0.0,R,722.0,R,597.0,R,83.0,A,,A,,A,,A,,A,,R,15.0
191940,2013,A,,A,,A,,A,,A,,A,,A,,A,,A,,A,,A,,A,,A,,R,12.0
191959,2013,R,37.0,R,37.0,R,100.0,R,50.0,R,0.0,R,50.0,R,43.0,R,86.0,A,,A,,A,,A,,A,,R,20.0
191968,2013,R,1789.0,R,1950.0,R,92.0,R,1580.0,R,1.0,R,1579.0,R,1382.0,R,88.0,R,0.0,R,0.0,R,0.0,R,0.0,A,,R,11.0
191986,2013,R,968.0,R,1362.0,R,71.0,R,991.0,Z,0.0,R,991.0,R,604.0,R,61.0,R,88.0,Z,0.0,R,88.0,R,35.0,R,40.0,R,18.0
192004,2013,R,68.0,R,113.0,R,60.0,R,0.0,R,0.0,R,0.0,R,0.0,A,,A,,A,,A,,A,,A,,R,23.0
192022,2013,R,698.0,R,1220.0,R,57.0,R,762.0,Z,0.0,R,762.0,R,428.0,R,56.0,R,149.0,Z,0.0,R,149.0,R,47.0,R,32.0,R,20.0
192040,2013,R,33.0,R,37.0,R,89.0,R,39.0,R,0.0,R,39.0,R,38.0,R,97.0,A,,A,,A,,A,,A,,R,5.0
192110,2013,R,109.0,R,151.0,R,72.0,R,108.0,R,0.0,R,108.0,R,102.0,R,94.0,A,,A,,A,,A,,A,,R,5.0
192156,2013,R,64.0,R,80.0,R,80.0,R,40.0,Z,0.0,R,40.0,R,24.0,R,60.0,R,1.0,Z,0.0,R,1.0,R,0.0,R,0.0,R,21.0
192165,2013,R,44.0,R,44.0,R,100.0,R,23.0,R,0.0,R,23.0,R,22.0,R,96.0,A,,A,,A,,A,,A,,R,15.0
192192,2013,R,240.0,R,569.0,R,42.0,R,229.0,R,0.0,R,229.0,R,166.0,R,72.0,R,0.0,R,0.0,R,0.0,R,0.0,A,,R,14.0
192271,2013,R,295.0,R,455.0,R,65.0,R,244.0,R,0.0,R,244.0,R,179.0,R,73.0,R,2.0,R,0.0,R,2.0,R,0.0,R,0.0,R,17.0
192323,2013,R,622.0,R,918.0,R,68.0,R,521.0,R,1.0,R,520.0,R,455.0,R,88.0,A,,A,,A,,A,,A,,R,13.0
192439,2013,R,864.0,R,1598.0,R,54.0,R,747.0,R,0.0,R,747.0,R,440.0,R,59.0,R,11.0,R,0.0,R,11.0,R,3.0,R,27.0,R,14.0
192448,2013,R,631.0,R,4999.0,R,13.0,R,954.0,R,0.0,R,954.0,R,684.0,R,72.0,R,21.0,R,0.0,R,21.0,R,14.0,R,67.0,R,11.0
192484,2013,A,,A,,A,,R,15.0,R,0.0,R,15.0,R,12.0,R,80.0,R,2.0,R,0.0,R,2.0,R,2.0,R,100.0,R,12.0
192509,2013,R,82.0,R,117.0,R,70.0,R,109.0,R,0.0,R,109.0,R,43.0,R,39.0,R,6.0,R,0.0,R,6.0,R,5.0,R,83.0,R,16.0
192563,2013,A,,A,,A,,A,,A,,A,,A,,A,,A,,A,,A,,A,,A,,R,8.0
192624,2013,R,27.0,R,44.0,R,61.0,R,24.0,R,0.0,R,24.0,R,23.0,R,96.0,A,,A,,A,,A,,A,,R,17.0
192688,2013,R,131.0,R,268.0,R,49.0,R,127.0,R,0.0,R,127.0,R,114.0,R,90.0,R,0.0,R,0.0,R,0.0,R,0.0,A,,R,29.0
192703,2013,R,755.0,R,912.0,R,83.0,R,842.0,R,0.0,R,842.0,R,740.0,R,88.0,R,0.0,R,0.0,R,0.0,R,0.0,A,,R,12.0
192712,2013,R,81.0,R,103.0,R,79.0,R,86.0,R,0.0,R,86.0,R,77.0,R,90.0,A,,A,,A,,A,,A,,R,18.0
192749,2013,R,475.0,R,540.0,R,88.0,R,529.0,R,0.0,R,529.0,R,398.0,R,75.0,R,0.0,R,0.0,R,0.0,R,0.0,A,,R,12.0
192785,2013,R,29.0,R,266.0,R,11.0,R,4.0,R,0.0,R,4.0,R,3.0,R,75.0,R,10.0,R,0.0,R,10.0,R,9.0,R,90.0,R,13.0
192800,2013,A,,A,,A,,R,0.0,R,0.0,R,0.0,R,0.0,A,,A,,A,,A,,A,,A,,R,30.0
192819,2013,R,1149.0,R,1530.0,R,75.0,R,1098.0,R,0.0,R,1098.0,R,993.0,R,90.0,A,,A,,A,,A,,A,,R,16.0
192828,2013,A,,A,,A,,R,15.0,R,0.0,R,15.0,R,10.0,R,67.0,R,8.0,R,0.0,R,8.0,R,5.0,R,63.0,R,9.0
192864,2013,R,397.0,R,565.0,R,70.0,R,461.0,R,0.0,R,461.0,R,304.0,R,66.0,R,8.0,R,0.0,R,8.0,R,5.0,R,63.0,R,11.0
192925,2013,R,436.0,R,632.0,R,69.0,R,293.0,R,0.0,R,293.0,R,172.0,R,59.0,R,0.0,R,0.0,R,0.0,R,0.0,A,,R,18.0
192961,2013,R,1.0,R,34.0,R,3.0,R,3.0,R,0.0,R,3.0,R,2.0,R,67.0,A,,A,,A,,A,,A,,R,5.0
192970,2013,A,,A,,A,,A,,A,,A,,A,,A,,A,,A,,A,,A,,A,,R,6.0
193016,2013,R,823.0,R,2960.0,R,28.0,R,786.0,R,0.0,R,786.0,R,551.0,R,70.0,R,24.0,R,0.0,R,24.0,R,8.0,R,33.0,R,18.0
193052,2013,R,17.0,R,119.0,R,14.0,R,14.0,R,0.0,R,14.0,R,13.0,R,93.0,R,0.0,Z,0.0,R,0.0,R,0.0,A,,R,23.0
193061,2013,R,4.0,R,5.0,R,80.0,R,6.0,R,0.0,R,6.0,R,6.0,R,100.0,A,,A,,A,,A,,A,,R,8.0
193070,2013,R,12.0,R,12.0,R,100.0,R,18.0,R,0.0,R,18.0,R,15.0,R,83.0,A,,A,,A,,A,,A,,R,7.0
193122,2013,A,,A,,A,,R,7.0,R,0.0,R,7.0,R,5.0,R,71.0,R,6.0,R,0.0,R,6.0,R,4.0,R,67.0,R,30.0
193186,2013,A,,A,,A,,R,12.0,R,0.0,R,12.0,R,9.0,R,75.0,R,14.0,R,0.0,R,14.0,R,11.0,R,79.0,R,16.0
193201,2013,R,202.0,R,215.0,R,94.0,R,149.0,R,0.0,R,149.0,R,79.0,R,53.0,A,,A,,A,,A,,A,,R,30.0
193247,2013,R,34.0,R,46.0,R,74.0,R,42.0,R,0.0,R,42.0,R,32.0,R,76.0,A,,A,,A,,A,,A,,R,9.0
193265,2013,A,,A,,A,,R,46.0,R,0.0,R,46.0,R,44.0,R,96.0,R,17.0,R,0.0,R,17.0,R,16.0,R,94.0,R,15.0
193283,2013,R,1474.0,R,1983.0,R,74.0,R,1521.0,R,3.0,R,1518.0,R,874.0,R,58.0,R,115.0,R,0.0,R,115.0,R,50.0,R,43.0,R,20.0
193292,2013,R,495.0,R,911.0,R,54.0,R,449.0,R,0.0,R,449.0,R,400.0,R,89.0,R,6.0,R,0.0,R,6.0,R,5.0,R,83.0,R,10.0
193308,2013,R,1107.0,R,3816.0,R,29.0,R,413.0,R,0.0,R,413.0,R,304.0,R,74.0,R,3.0,R,0.0,R,3.0,R,2.0,R,67.0,R,15.0
193326,2013,R,3354.0,R,5136.0,R,65.0,R,3500.0,R,2.0,R,3498.0,R,2057.0,R,59.0,R,589.0,R,0.0,R,589.0,R,219.0,R,37.0,R,24.0
193353,2013,R,448.0,R,679.0,R,66.0,R,441.0,R,1.0,R,440.0,R,306.0,R,70.0,R,1.0,R,0.0,R,1.0,R,0.0,R,0.0,R,14.0
193380,2013,A,,A,,A,,R,0.0,R,0.0,R,0.0,R,0.0,A,,A,,A,,A,,A,,A,,R,5.0
193399,2013,R,386.0,R,515.0,R,75.0,R,486.0,R,0.0,R,486.0,R,325.0,R,67.0,A,,A,,A,,A,,A,,R,13.0
193478,2013,R,4134.0,R,6395.0,R,65.0,R,4217.0,Z,0.0,R,4217.0,R,3089.0,R,73.0,R,733.0,Z,0.0,R,733.0,R,442.0,R,60.0,R,21.0
193584,2013,R,423.0,R,593.0,R,71.0,R,472.0,R,0.0,R,472.0,R,371.0,R,79.0,R,0.0,R,0.0,R,0.0,R,0.0,A,,R,10.0
193609,2013,A,,A,,A,,R,31.0,R,1.0,R,30.0,R,30.0,R,100.0,A,,A,,A,,A,,A,,R,6.0
193645,2013,R,473.0,R,737.0,R,64.0,R,543.0,R,0.0,R,543.0,R,337.0,R,62.0,R,15.0,R,0.0,R,15.0,R,4.0,R,27.0,R,14.0
193654,2013,R,996.0,R,2024.0,R,49.0,R,1044.0,R,0.0,R,1044.0,R,864.0,R,83.0,R,3.0,R,0.0,R,3.0,R,0.0,R,0.0,R,10.0
193672,2013,A,,A,,A,,A,,A,,A,,A,,A,,A,,A,,A,,A,,A,,R,12.0
193760,2013,A,,A,,A,,R,179.0,R,0.0,R,179.0,R,108.0,R,60.0,R,60.0,R,0.0,R,60.0,R,38.0,R,63.0,R,18.0
193788,2013,A,,A,,A,,R,76.0,R,0.0,R,76.0,R,67.0,R,88.0,R,11.0,R,0.0,R,11.0,R,11.0,R,100.0,R,12.0
193858,2013,A,,A,,A,,R,148.0,R,0.0,R,148.0,R,122.0,R,82.0,A,,A,,A,,A,,A,,R,20.0
193900,2013,R,5168.0,R,6536.0,R,79.0,R,5119.0,R,0.0,R,5119.0,R,4735.0,R,92.0,R,13.0,R,0.0,R,13.0,R,8.0,R,62.0,R,10.0
193946,2013,R,1397.0,R,2021.0,R,69.0,R,1346.0,Z,0.0,R,1346.0,R,871.0,R,65.0,R,104.0,Z,0.0,R,104.0,R,47.0,R,45.0,R,18.0
193973,2013,R,698.0,R,931.0,R,75.0,R,641.0,R,3.0,R,638.0,R,515.0,R,81.0,R,0.0,R,0.0,R,0.0,R,0.0,A,,R,12.0
193991,2013,A,,A,,A,,R,22.0,R,0.0,R,22.0,R,20.0,R,91.0,A,,A,,A,,A,,A,,R,12.0
194028,2013,R,359.0,R,514.0,R,70.0,R,307.0,Z,0.0,R,307.0,R,158.0,R,51.0,R,24.0,Z,0.0,R,24.0,R,9.0,R,38.0,R,16.0
194091,2013,R,775.0,R,1233.0,R,63.0,R,849.0,R,0.0,R,849.0,R,612.0,R,72.0,R,39.0,R,0.0,R,39.0,R,14.0,R,36.0,R,11.0
194116,2013,R,21.0,R,101.0,R,21.0,R,7.0,R,0.0,R,7.0,R,5.0,R,71.0,R,1.0,Z,0.0,R,1.0,R,0.0,R,0.0,R,10.0
194161,2013,R,249.0,R,492.0,R,51.0,R,235.0,R,0.0,R,235.0,R,167.0,R,71.0,R,7.0,R,0.0,R,7.0,R,1.0,R,14.0,R,13.0
194189,2013,R,1.0,R,3.0,R,33.0,R,4.0,R,0.0,R,4.0,R,4.0,R,100.0,A,,A,,A,,A,,A,,R,7.0
194222,2013,R,2239.0,R,3481.0,R,64.0,R,2188.0,R,0.0,R,2188.0,R,1185.0,R,54.0,R,230.0,R,0.0,R,230.0,R,104.0,R,45.0,R,25.0
194240,2013,R,1193.0,R,1925.0,R,62.0,R,1210.0,Z,0.0,R,1210.0,R,775.0,R,64.0,R,267.0,Z,0.0,R,267.0,R,125.0,R,47.0,R,18.0
194259,2013,A,,A,,A,,R,16.0,R,0.0,R,16.0,R,16.0,R,100.0,A,,A,,A,,A,,A,,R,16.0
194310,2013,R,1758.0,R,2612.0,R,67.0,R,1812.0,R,0.0,R,1812.0,R,1377.0,R,76.0,R,27.0,R,0.0,R,27.0,R,20.0,R,74.0,R,16.0
194392,2013,R,240.0,R,299.0,R,80.0,R,201.0,R,0.0,R,201.0,R,139.0,R,69.0,A,,A,,A,,A,,A,,R,15.0
194435,2013,A,,A,,A,,R,15.0,R,0.0,R,15.0,R,13.0,R,87.0,R,5.0,R,0.0,R,5.0,R,3.0,R,60.0,R,20.0
194499,2013,R,228.0,R,296.0,R,77.0,R,0.0,R,0.0,R,0.0,R,0.0,A,,A,,A,,A,,A,,A,,R,28.0
194541,2013,R,451.0,R,582.0,R,77.0,R,417.0,R,3.0,R,414.0,R,364.0,R,88.0,A,,A,,A,,A,,A,,R,17.0
194569,2013,R,38.0,R,184.0,R,21.0,R,31.0,R,0.0,R,31.0,R,27.0,R,87.0,R,1.0,R,0.0,R,1.0,R,0.0,R,0.0,R,22.0
194578,2013,R,712.0,R,908.0,R,78.0,R,704.0,R,18.0,R,686.0,R,595.0,R,87.0,R,1.0,R,0.0,R,1.0,R,1.0,R,100.0,R,9.0
194611,2013,R,239.0,R,240.0,R,100.0,R,487.0,R,0.0,R,487.0,R,196.0,R,40.0,R,0.0,R,0.0,R,0.0,R,0.0,A,,R,17.0
194657,2013,R,44.0,R,54.0,R,81.0,R,36.0,R,0.0,R,36.0,R,34.0,R,94.0,A,,A,,A,,A,,A,,R,15.0
194666,2013,R,36.0,R,61.0,R,59.0,R,43.0,R,0.0,R,43.0,R,42.0,R,98.0,A,,A,,A,,A,,A,,R,29.0
194675,2013,R,6.0,R,6.0,R,100.0,R,1.0,R,0.0,R,1.0,R,1.0,R,100.0,A,,A,,A,,A,,A,,R,8.0
194693,2013,R,14.0,R,14.0,R,100.0,R,15.0,R,0.0,R,15.0,R,7.0,R,47.0,A,,A,,A,,A,,A,,R,11.0
194718,2013,R,7.0,R,12.0,R,58.0,R,9.0,R,0.0,R,9.0,R,6.0,R,67.0,A,,A,,A,,A,,A,,R,7.0
194736,2013,A,,A,,A,,R,0.0,R,0.0,R,0.0,R,0.0,A,,A,,A,,A,,A,,A,,R,12.0
194763,2013,R,107.0,R,107.0,R,100.0,R,91.0,R,0.0,R,91.0,R,23.0,R,25.0,A,,A,,A,,A,,A,,R,35.0
194824,2013,R,1411.0,R,1610.0,R,88.0,R,1326.0,R,0.0,R,1326.0,R,1240.0,R,94.0,A,,A,,A,,A,,A,,R,15.0
194879,2013,A,,A,,A,,R,25.0,R,0.0,R,25.0,R,15.0,R,60.0,R,8.0,R,0.0,R,8.0,R,5.0,R,63.0,R,15.0
194958,2013,R,203.0,R,307.0,R,66.0,R,210.0,Z,0.0,R,210.0,R,180.0,R,86.0,R,3.0,Z,0.0,R,3.0,R,1.0,R,33.0,R,13.0
194967,2013,A,,A,,A,,R,33.0,R,0.0,R,33.0,R,11.0,R,33.0,R,28.0,R,0.0,R,28.0,R,13.0,R,46.0,R,23.0
195003,2013,R,2768.0,R,4229.0,R,65.0,R,2500.0,R,2.0,R,2498.0,R,2171.0,R,87.0,R,13.0,R,1.0,R,12.0,R,12.0,R,100.0,R,14.0
195030,2013,R,1472.0,R,1666.0,R,88.0,R,1343.0,R,0.0,R,1343.0,R,1290.0,R,96.0,A,,A,,A,,A,,A,,R,10.0
195058,2013,R,1452.0,R,2184.0,R,66.0,R,1433.0,Z,0.0,R,1433.0,R,1055.0,R,74.0,R,116.0,Z,0.0,R,116.0,R,51.0,R,44.0,R,23.0
195067,2013,A,,A,,A,,R,171.0,R,0.0,R,171.0,R,108.0,R,63.0,R,63.0,R,0.0,R,63.0,R,48.0,R,76.0,R,16.0
195128,2013,R,295.0,R,541.0,R,55.0,R,282.0,R,0.0,R,282.0,R,221.0,R,78.0,R,3.0,R,0.0,R,3.0,R,3.0,R,100.0,R,11.0
195164,2013,R,438.0,R,538.0,R,81.0,R,486.0,R,0.0,R,486.0,R,392.0,R,81.0,A,,A,,A,,A,,A,,R,12.0
195173,2013,R,566.0,R,760.0,R,74.0,R,691.0,R,0.0,R,691.0,R,550.0,R,80.0,R,4.0,R,0.0,R,4.0,R,2.0,R,50.0,R,18.0
195191,2013,R,7.0,R,100.0,R,7.0,R,7.0,Z,0.0,R,7.0,R,7.0,R,100.0,A,,A,,A,,A,,A,,R,8.0
195216,2013,R,629.0,R,677.0,R,93.0,R,642.0,R,1.0,R,641.0,R,574.0,R,90.0,A,,A,,A,,A,,A,,R,12.0
195234,2013,R,619.0,R,928.0,R,67.0,R,590.0,R,0.0,R,590.0,R,445.0,R,75.0,R,0.0,R,0.0,R,0.0,R,0.0,A,,R,13.0
195243,2013,R,332.0,R,878.0,R,38.0,R,270.0,R,0.0,R,270.0,R,199.0,R,74.0,R,0.0,R,0.0,R,0.0,R,0.0,A,,R,17.0
195289,2013,R,2.0,R,64.0,R,3.0,R,2.0,R,0.0,R,2.0,R,1.0,R,50.0,R,0.0,R,0.0,R,0.0,R,0.0,A,,R,5.0
195304,2013,R,427.0,R,475.0,R,90.0,R,344.0,R,0.0,R,344.0,R,284.0,R,83.0,A,,A,,A,,A,,A,,R,10.0
195322,2013,R,927.0,R,1619.0,R,57.0,R,840.0,Z,0.0,R,840.0,R,475.0,R,57.0,R,142.0,Z,0.0,R,142.0,R,59.0,R,42.0,R,30.0
195438,2013,R,16.0,R,27.0,R,59.0,R,10.0,R,2.0,R,8.0,R,4.0,R,50.0,A,,A,,A,,A,,A,,R,11.0
195474,2013,R,766.0,R,932.0,R,82.0,R,733.0,R,0.0,R,733.0,R,630.0,R,86.0,A,,A,,A,,A,,A,,R,12.0
195492,2013,R,5.0,R,5.0,R,100.0,R,9.0,R,0.0,R,9.0,R,5.0,R,56.0,A,,A,,A,,A,,A,,R,3.0
195526,2013,R,660.0,R,716.0,R,92.0,R,647.0,R,0.0,R,647.0,R,602.0,R,93.0,A,,A,,A,,A,,A,,R,9.0
195544,2013,R,544.0,R,1089.0,R,50.0,R,577.0,R,0.0,R,577.0,R,483.0,R,84.0,R,12.0,R,0.0,R,12.0,R,6.0,R,50.0,R,12.0
195623,2013,A,,A,,A,,R,3.0,R,0.0,R,3.0,R,0.0,R,0.0,R,16.0,R,0.0,R,16.0,R,2.0,R,13.0,R,26.0
195687,2013,R,3.0,R,84.0,R,4.0,R,6.0,R,0.0,R,6.0,R,5.0,R,83.0,R,1.0,R,0.0,R,1.0,R,1.0,R,100.0,R,7.0
195702,2013,A,,A,,A,,A,,A,,A,,A,,A,,A,,A,,A,,A,,A,,R,6.0
195720,2013,R,521.0,R,808.0,R,64.0,R,578.0,R,0.0,R,578.0,R,481.0,R,83.0,R,0.0,R,0.0,R,0.0,R,0.0,A,,R,13.0
195784,2013,A,,A,,A,,R,77.0,Z,0.0,R,77.0,R,44.0,R,57.0,A,,A,,A,,A,,A,,R,12.0
195793,2013,A,,A,,A,,R,1.0,R,0.0,R,1.0,R,1.0,R,100.0,A,,A,,A,,A,,A,,R,12.0
195809,2013,R,2789.0,R,7986.0,R,35.0,R,2757.0,Z,0.0,R,2757.0,R,2195.0,R,80.0,R,6.0,Z,0.0,R,6.0,R,3.0,R,50.0,R,17.0
195845,2013,R,31.0,R,116.0,R,27.0,R,36.0,R,0.0,R,36.0,R,15.0,R,42.0,R,11.0,R,0.0,R,11.0,R,5.0,R,45.0,R,16.0
195933,2013,A,,A,,A,,R,179.0,R,0.0,R,179.0,R,149.0,R,83.0,R,56.0,R,0.0,R,56.0,R,29.0,R,52.0,R,34.0
195988,2013,R,367.0,R,610.0,R,60.0,R,375.0,R,0.0,R,375.0,R,188.0,R,50.0,R,19.0,R,0.0,R,19.0,R,4.0,R,21.0,R,17.0
196006,2013,R,1094.0,R,1431.0,R,76.0,R,121.0,Z,0.0,R,121.0,R,103.0,R,85.0,R,0.0,R,0.0,R,0.0,R,0.0,A,,R,17.0
196015,2013,R,772.0,R,1098.0,R,70.0,R,127.0,Z,0.0,R,127.0,R,96.0,R,76.0,R,1.0,Z,0.0,R,1.0,Z,0.0,R,0.0,R,19.0
196024,2013,R,918.0,R,1300.0,R,71.0,R,99.0,R,0.0,R,99.0,R,68.0,R,69.0,R,0.0,R,0.0,R,0.0,R,0.0,A,,R,16.0
196033,2013,R,755.0,R,969.0,R,78.0,R,131.0,R,0.0,R,131.0,R,97.0,R,74.0,R,0.0,R,0.0,R,0.0,R,0.0,A,,R,18.0
196042,2013,R,1106.0,R,2479.0,R,45.0,R,402.0,Z,0.0,R,402.0,R,331.0,R,82.0,R,4.0,Z,0.0,R,4.0,R,1.0,R,25.0,R,19.0
196051,2013,R,841.0,R,1199.0,R,70.0,R,66.0,Z,0.0,R,66.0,R,44.0,R,67.0,R,0.0,R,0.0,R,0.0,R,0.0,A,,R,16.0
196060,2013,R,2564.0,R,4131.0,R,62.0,R,2562.0,Z,0.0,R,2562.0,R,2088.0,R,81.0,R,6.0,Z,0.0,R,6.0,R,3.0,R,50.0,R,19.0
196079,2013,R,2585.0,R,3828.0,R,68.0,R,2569.0,Z,0.0,R,2569.0,R,2331.0,R,91.0,R,95.0,Z,0.0,R,95.0,R,76.0,R,80.0,R,20.0
196088,2013,R,3636.0,R,5628.0,R,65.0,R,3611.0,Z,0.0,R,3611.0,R,3163.0,R,88.0,R,36.0,Z,0.0,R,36.0,R,29.0,R,81.0,R,14.0
196097,2013,R,2708.0,R,4448.0,R,61.0,R,2674.0,R,0.0,R,2674.0,R,2409.0,R,90.0,R,2.0,R,0.0,R,2.0,R,0.0,R,0.0,R,17.0
196103,2013,R,288.0,R,520.0,R,55.0,R,321.0,Z,0.0,R,321.0,R,275.0,R,86.0,R,0.0,R,0.0,R,0.0,R,0.0,A,,R,16.0
196112,2013,R,275.0,R,663.0,R,41.0,R,198.0,Z,0.0,R,198.0,R,166.0,R,84.0,A,,A,,A,,A,,A,,R,18.0
196121,2013,R,1079.0,R,2057.0,R,52.0,R,1083.0,Z,0.0,R,1083.0,R,875.0,R,81.0,R,2.0,Z,0.0,R,2.0,Z,0.0,R,0.0,R,18.0
196130,2013,R,1320.0,R,2469.0,R,53.0,R,1329.0,Z,0.0,R,1329.0,R,1001.0,R,75.0,R,10.0,Z,0.0,R,10.0,R,5.0,R,50.0,R,15.0
196149,2013,R,1206.0,R,1866.0,R,65.0,R,1210.0,R,0.0,R,1210.0,R,1003.0,R,83.0,R,0.0,R,0.0,R,0.0,R,0.0,A,,R,16.0
196158,2013,R,1096.0,R,1565.0,R,70.0,R,1003.0,R,0.0,R,1003.0,R,778.0,R,78.0,R,1.0,R,0.0,R,1.0,R,0.0,R,0.0,R,15.0
196167,2013,R,1128.0,R,1457.0,R,77.0,R,995.0,Z,0.0,R,995.0,R,898.0,R,90.0,R,2.0,Z,0.0,R,2.0,R,1.0,R,50.0,R,19.0
196176,2013,R,1104.0,R,1761.0,R,63.0,R,1119.0,Z,0.0,R,1119.0,R,976.0,R,87.0,R,0.0,R,0.0,R,0.0,R,0.0,A,,R,15.0
196185,2013,R,1119.0,R,1631.0,R,69.0,R,1144.0,Z,0.0,R,1144.0,R,1000.0,R,87.0,A,,A,,A,,A,,A,,R,18.0
196194,2013,R,1504.0,R,2353.0,R,64.0,R,1270.0,Z,0.0,R,1270.0,R,991.0,R,78.0,R,1.0,Z,0.0,R,1.0,Z,0.0,R,0.0,R,18.0
196200,2013,R,818.0,R,1082.0,R,76.0,R,883.0,Z,0.0,R,883.0,R,656.0,R,74.0,R,5.0,Z,0.0,R,5.0,R,1.0,R,20.0,R,13.0
196219,2013,R,773.0,R,1419.0,R,54.0,R,693.0,Z,0.0,R,693.0,R,571.0,R,82.0,R,1.0,Z,0.0,R,1.0,Z,0.0,R,0.0,R,16.0
196237,2013,R,415.0,R,1127.0,R,37.0,R,393.0,Z,0.0,R,393.0,R,298.0,R,76.0,R,3.0,Z,0.0,R,3.0,R,2.0,R,67.0,R,19.0
196246,2013,R,953.0,R,1594.0,R,60.0,R,967.0,Z,0.0,R,967.0,R,810.0,R,84.0,R,3.0,Z,0.0,R,3.0,R,1.0,R,33.0,R,16.0
196255,2013,A,,A,,A,,A,,A,,A,,A,,A,,A,,A,,A,,A,,A,,R,9.0
196264,2013,R,188.0,R,2292.0,R,8.0,R,91.0,R,0.0,R,91.0,R,45.0,R,49.0,R,50.0,R,0.0,R,50.0,R,25.0,R,50.0,R,14.0
196291,2013,R,330.0,R,439.0,R,75.0,R,329.0,Z,0.0,R,329.0,R,261.0,R,79.0,A,,A,,A,,A,,A,,R,16.0
196307,2013,A,,A,,A,,A,,A,,A,,A,,A,,A,,A,,A,,A,,A,,R,6.0
196389,2013,R,172.0,R,217.0,R,79.0,R,68.0,R,3.0,R,65.0,R,57.0,R,88.0,R,37.0,R,2.0,R,35.0,R,17.0,R,49.0,R,18.0
196413,2013,R,3476.0,R,4178.0,R,83.0,R,3382.0,R,1.0,R,3381.0,R,3107.0,R,92.0,R,10.0,R,0.0,R,10.0,R,7.0,R,70.0,R,16.0
196431,2013,R,49.0,R,199.0,R,25.0,R,71.0,R,0.0,R,71.0,R,50.0,R,70.0,A,,A,,A,,A,,A,,R,16.0
196440,2013,R,7.0,R,8.0,R,88.0,R,4.0,R,0.0,R,4.0,R,3.0,R,75.0,A,,A,,A,,A,,A,,R,10.0
196477,2013,R,553.0,R,910.0,R,61.0,R,533.0,R,0.0,R,533.0,R,222.0,R,42.0,R,5.0,Z,0.0,R,5.0,R,3.0,R,60.0,R,25.0
196565,2013,R,841.0,R,1276.0,R,66.0,R,952.0,R,1.0,R,951.0,R,502.0,R,53.0,R,54.0,Z,0.0,R,54.0,R,18.0,R,33.0,R,17.0
196583,2013,R,53.0,R,64.0,R,83.0,R,52.0,R,0.0,R,52.0,R,25.0,R,48.0,A,,A,,A,,A,,A,,R,20.0
196592,2013,R,716.0,R,1789.0,R,40.0,R,245.0,R,0.0,R,245.0,R,154.0,R,63.0,R,37.0,R,0.0,R,37.0,R,21.0,R,57.0,R,16.0
196653,2013,R,122.0,R,549.0,R,22.0,R,0.0,R,0.0,R,0.0,R,0.0,A,,R,0.0,R,0.0,R,0.0,R,0.0,A,,R,11.0
196680,2013,A,,A,,A,,A,,A,,A,,A,,A,,A,,A,,A,,A,,A,,R,18.0
196699,2013,R,583.0,R,891.0,R,65.0,R,561.0,Z,0.0,R,561.0,R,339.0,R,60.0,R,95.0,Z,0.0,R,95.0,R,42.0,R,44.0,R,20.0
196857,2013,A,,A,,A,,R,199.0,Z,0.0,R,199.0,R,134.0,R,67.0,A,,A,,A,,A,,A,,R,30.0
196866,2013,R,559.0,R,617.0,R,91.0,R,591.0,R,0.0,R,591.0,R,542.0,R,92.0,A,,A,,A,,A,,A,,R,10.0
197018,2013,R,512.0,R,594.0,R,86.0,R,434.0,R,0.0,R,434.0,R,385.0,R,89.0,A,,A,,A,,A,,A,,R,18.0
197027,2013,R,218.0,R,237.0,R,92.0,R,225.0,R,0.0,R,225.0,R,219.0,R,97.0,A,,A,,A,,A,,A,,R,13.0
197036,2013,R,1176.0,R,1176.0,R,100.0,R,1164.0,R,0.0,R,1164.0,R,1115.0,R,96.0,A,,A,,A,,A,,A,,R,7.0
197045,2013,R,486.0,R,904.0,R,54.0,R,506.0,R,0.0,R,506.0,R,364.0,R,72.0,R,0.0,R,0.0,R,0.0,R,0.0,A,,R,11.0
197081,2013,R,46.0,R,109.0,R,42.0,R,50.0,R,0.0,R,50.0,R,33.0,R,66.0,R,4.0,R,0.0,R,4.0,R,4.0,R,100.0,R,9.0
197133,2013,R,662.0,R,697.0,R,95.0,R,657.0,R,0.0,R,657.0,R,628.0,R,96.0,R,1.0,R,0.0,R,1.0,R,1.0,R,100.0,R,8.0
197142,2013,R,120.0,R,208.0,R,58.0,R,39.0,R,0.0,R,39.0,R,23.0,R,59.0,R,2.0,R,0.0,R,2.0,R,1.0,R,50.0,R,9.0
197151,2013,R,655.0,R,986.0,R,66.0,R,615.0,R,0.0,R,615.0,R,510.0,R,83.0,R,2.0,R,0.0,R,2.0,R,1.0,R,50.0,R,8.0
197197,2013,R,430.0,R,544.0,R,79.0,R,426.0,R,0.0,R,426.0,R,375.0,R,88.0,A,,A,,A,,A,,A,,R,14.0
197221,2013,R,26.0,R,26.0,R,100.0,R,22.0,R,0.0,R,22.0,R,20.0,R,91.0,A,,A,,A,,A,,A,,R,8.0
197230,2013,R,161.0,R,217.0,R,74.0,R,197.0,R,0.0,R,197.0,R,143.0,R,73.0,A,,A,,A,,A,,A,,R,10.0
197285,2013,R,232.0,R,477.0,R,49.0,R,51.0,R,0.0,R,51.0,R,30.0,R,59.0,R,0.0,R,0.0,R,0.0,R,0.0,A,,R,18.0
197294,2013,R,2070.0,R,3814.0,R,54.0,R,2231.0,Z,0.0,R,2231.0,R,1420.0,R,64.0,R,484.0,Z,0.0,R,484.0,R,251.0,R,52.0,R,17.0
197337,2013,A,,A,,A,,R,13.0,Z,0.0,R,13.0,R,10.0,R,77.0,R,4.0,R,0.0,R,4.0,R,4.0,R,100.0,R,20.0
197522,2013,R,183.0,R,270.0,R,68.0,R,179.0,R,0.0,R,179.0,R,143.0,R,80.0,A,,A,,A,,A,,A,,R,39.0
197531,2013,A,,A,,A,,R,401.0,R,0.0,R,401.0,R,150.0,R,37.0,A,,A,,A,,A,,A,,R,26.0
197601,2013,R,20.0,R,23.0,R,87.0,R,30.0,R,6.0,R,24.0,R,16.0,R,67.0,A,,A,,A,,A,,A,,R,10.0
197610,2013,R,64.0,R,71.0,R,90.0,R,78.0,R,0.0,R,78.0,R,49.0,R,63.0,A,,A,,A,,A,,A,,R,20.0
197647,2013,R,27.0,R,34.0,R,79.0,R,21.0,R,0.0,R,21.0,R,16.0,R,76.0,A,,A,,A,,A,,A,,R,9.0
197674,2013,R,69.0,R,73.0,R,95.0,R,83.0,R,0.0,R,83.0,R,65.0,R,78.0,A,,A,,A,,A,,A,,R,11.0
197692,2013,R,24.0,R,24.0,R,100.0,R,29.0,R,0.0,R,29.0,R,26.0,R,90.0,A,,A,,A,,A,,A,,R,15.0
197708,2013,R,860.0,R,890.0,R,97.0,R,905.0,R,384.0,R,521.0,R,484.0,R,93.0,R,10.0,R,0.0,R,10.0,R,7.0,R,70.0,R,6.0
197735,2013,R,111.0,R,114.0,R,97.0,R,90.0,R,0.0,R,90.0,R,88.0,R,98.0,A,,A,,A,,A,,A,,R,11.0
197744,2013,R,12.0,R,56.0,R,21.0,R,17.0,R,0.0,R,17.0,R,15.0,R,88.0,A,,A,,A,,A,,A,,R,20.0
197814,2013,R,391.0,R,1236.0,R,32.0,R,308.0,Z,0.0,R,308.0,R,189.0,R,61.0,R,189.0,Z,0.0,R,189.0,R,68.0,R,36.0,R,20.0
197832,2013,R,280.0,R,622.0,R,45.0,R,48.0,Z,0.0,R,48.0,R,18.0,R,38.0,R,6.0,Z,0.0,R,6.0,R,2.0,R,33.0,R,21.0
197850,2013,R,190.0,R,1017.0,R,19.0,R,161.0,R,0.0,R,161.0,R,87.0,R,54.0,R,193.0,R,0.0,R,193.0,R,75.0,R,39.0,R,15.0
197869,2013,R,2883.0,R,4326.0,R,67.0,R,3026.0,R,0.0,R,3026.0,R,2638.0,R,87.0,R,2.0,R,0.0,R,2.0,R,1.0,R,50.0,R,16.0
197887,2013,R,543.0,R,2820.0,R,19.0,R,624.0,R,0.0,R,624.0,R,365.0,R,58.0,R,495.0,R,0.0,R,495.0,R,239.0,R,48.0,R,17.0
197911,2013,R,215.0,R,318.0,R,68.0,R,201.0,R,0.0,R,201.0,R,138.0,R,69.0,R,0.0,R,0.0,R,0.0,R,0.0,A,,R,11.0
197966,2013,R,175.0,R,814.0,R,21.0,R,115.0,R,0.0,R,115.0,R,52.0,R,45.0,R,29.0,R,0.0,R,29.0,R,13.0,R,45.0,R,13.0
197984,2013,R,285.0,R,470.0,R,61.0,R,300.0,Z,0.0,R,300.0,R,195.0,R,65.0,R,3.0,Z,0.0,R,3.0,R,2.0,R,67.0,R,17.0
197993,2013,R,194.0,R,210.0,R,92.0,R,215.0,R,0.0,R,215.0,R,131.0,R,61.0,A,,A,,A,,A,,A,,R,10.0
198011,2013,R,139.0,R,651.0,R,21.0,R,142.0,Z,0.0,R,142.0,R,67.0,R,47.0,R,71.0,Z,0.0,R,71.0,R,16.0,R,23.0,R,12.0
198039,2013,R,171.0,R,705.0,R,24.0,R,168.0,R,0.0,R,168.0,R,112.0,R,67.0,R,205.0,R,0.0,R,205.0,R,98.0,R,48.0,R,11.0
198066,2013,R,242.0,R,302.0,R,80.0,R,219.0,R,0.0,R,219.0,R,124.0,R,57.0,R,1.0,R,0.0,R,1.0,R,1.0,R,100.0,R,11.0
198075,2013,A,,A,,A,,R,34.0,R,0.0,R,34.0,R,24.0,R,71.0,A,,A,,A,,A,,A,,R,22.0
198084,2013,R,186.0,R,651.0,R,29.0,R,171.0,R,0.0,R,171.0,R,108.0,R,63.0,R,174.0,R,78.0,R,96.0,R,33.0,R,34.0,R,20.0
198109,2013,R,25.0,R,145.0,R,17.0,R,0.0,R,0.0,R,0.0,R,0.0,A,,R,0.0,R,0.0,R,0.0,R,0.0,A,,R,9.0
198118,2013,R,272.0,R,2158.0,R,13.0,R,523.0,R,0.0,R,523.0,R,267.0,R,51.0,R,463.0,R,0.0,R,463.0,R,176.0,R,38.0,R,16.0
198136,2013,R,779.0,R,1785.0,R,44.0,R,821.0,R,0.0,R,821.0,R,578.0,R,70.0,R,3.0,R,0.0,R,3.0,R,1.0,R,33.0,R,16.0
198154,2013,R,1089.0,R,2635.0,R,41.0,R,1036.0,R,2.0,R,1034.0,R,603.0,R,58.0,R,415.0,R,0.0,R,415.0,R,172.0,R,41.0,R,14.0
198190,2013,A,,A,,A,,A,,A,,A,,A,,A,,A,,A,,A,,A,,A,,R,6.0
198206,2013,R,119.0,R,725.0,R,16.0,R,201.0,R,0.0,R,201.0,R,109.0,R,54.0,R,98.0,R,0.0,R,98.0,R,43.0,R,44.0,R,11.0
198215,2013,R,335.0,R,486.0,R,69.0,R,290.0,R,0.0,R,290.0,R,203.0,R,70.0,A,,A,,A,,A,,A,,R,14.0
198233,2013,R,486.0,R,2278.0,R,21.0,R,334.0,R,0.0,R,334.0,R,233.0,R,70.0,R,276.0,R,0.0,R,276.0,R,124.0,R,45.0,R,11.0
198242,2013,R,10.0,R,47.0,R,21.0,R,1.0,R,0.0,R,1.0,R,1.0,R,100.0,R,0.0,R,0.0,R,0.0,R,0.0,A,,R,7.0
198251,2013,R,581.0,R,2230.0,R,26.0,R,504.0,R,0.0,R,504.0,R,284.0,R,56.0,R,258.0,R,0.0,R,258.0,R,86.0,R,33.0,R,16.0
198260,2013,R,1710.0,R,5144.0,R,33.0,R,1157.0,R,0.0,R,1157.0,R,645.0,R,56.0,R,1351.0,R,0.0,R,1351.0,R,720.0,R,53.0,R,19.0
198303,2013,R,474.0,R,557.0,R,85.0,R,514.0,R,0.0,R,514.0,R,248.0,R,48.0,R,0.0,R,0.0,R,0.0,R,0.0,A,,R,16.0
198321,2013,R,259.0,R,1340.0,R,19.0,R,424.0,R,0.0,R,424.0,R,208.0,R,49.0,R,133.0,R,0.0,R,133.0,R,51.0,R,38.0,R,11.0
198330,2013,R,551.0,R,1639.0,R,34.0,R,479.0,R,0.0,R,479.0,R,281.0,R,59.0,R,350.0,R,0.0,R,350.0,R,96.0,R,27.0,R,15.0
198367,2013,R,279.0,R,969.0,R,29.0,R,238.0,Z,0.0,R,238.0,R,145.0,R,61.0,R,323.0,Z,0.0,R,323.0,R,151.0,R,47.0,R,12.0
198376,2013,R,587.0,R,1417.0,R,41.0,R,458.0,R,0.0,R,458.0,R,288.0,R,63.0,R,254.0,R,0.0,R,254.0,R,120.0,R,47.0,R,19.0
198385,2013,R,483.0,R,504.0,R,96.0,R,490.0,R,0.0,R,490.0,R,469.0,R,96.0,A,,A,,A,,A,,A,,R,10.0
198419,2013,R,1730.0,R,1884.0,R,92.0,R,1714.0,R,0.0,R,1714.0,R,1666.0,R,97.0,A,,A,,A,,A,,A,,R,7.0
198455,2013,R,261.0,R,1576.0,R,17.0,R,399.0,Z,0.0,R,399.0,R,201.0,R,50.0,R,393.0,R,0.0,R,393.0,R,174.0,R,44.0,R,16.0
198464,2013,R,4463.0,R,5947.0,R,75.0,R,3996.0,R,0.0,R,3996.0,R,3232.0,R,81.0,R,19.0,R,0.0,R,19.0,R,9.0,R,47.0,R,17.0
198491,2013,R,328.0,R,1302.0,R,25.0,R,334.0,R,28.0,R,306.0,R,129.0,R,42.0,R,120.0,R,15.0,R,105.0,R,37.0,R,35.0,R,22.0
198507,2013,R,322.0,R,496.0,R,65.0,R,523.0,R,0.0,R,523.0,R,379.0,R,72.0,R,4.0,R,0.0,R,4.0,R,1.0,R,25.0,R,15.0
198516,2013,R,1475.0,R,1577.0,R,94.0,R,1424.0,R,0.0,R,1424.0,R,1280.0,R,90.0,R,1.0,R,0.0,R,1.0,R,1.0,R,100.0,R,12.0
198525,2013,A,,A,,A,,R,57.0,R,1.0,R,56.0,R,32.0,R,57.0,R,0.0,R,0.0,R,0.0,R,0.0,A,,R,20.0
198534,2013,R,1068.0,R,5538.0,R,19.0,R,1193.0,R,19.0,R,1174.0,R,606.0,R,52.0,R,839.0,R,50.0,R,789.0,R,312.0,R,40.0,R,22.0
198543,2013,R,689.0,R,1755.0,R,39.0,R,600.0,R,0.0,R,600.0,R,428.0,R,71.0,R,12.0,R,0.0,R,12.0,R,4.0,R,33.0,R,17.0
198552,2013,R,819.0,R,2494.0,R,33.0,R,1070.0,R,0.0,R,1070.0,R,613.0,R,57.0,R,1008.0,R,0.0,R,1008.0,R,401.0,R,40.0,R,14.0
198561,2013,R,434.0,R,812.0,R,53.0,R,493.0,R,0.0,R,493.0,R,354.0,R,72.0,A,,A,,A,,A,,A,,R,13.0
198570,2013,R,401.0,R,1905.0,R,21.0,R,577.0,R,0.0,R,577.0,R,364.0,R,63.0,R,475.0,R,0.0,R,475.0,R,176.0,R,37.0,R,16.0
198598,2013,R,201.0,R,371.0,R,54.0,R,225.0,R,0.0,R,225.0,R,136.0,R,60.0,R,0.0,R,0.0,R,0.0,R,0.0,A,,R,12.0
198613,2013,R,392.0,R,675.0,R,58.0,R,305.0,R,0.0,R,305.0,R,219.0,R,72.0,R,17.0,R,0.0,R,17.0,R,10.0,R,59.0,R,15.0
198622,2013,R,1457.0,R,3798.0,R,38.0,R,1799.0,Z,0.0,R,1799.0,R,887.0,R,49.0,R,1098.0,R,0.0,R,1098.0,R,473.0,R,43.0,R,25.0
198640,2013,R,204.0,R,585.0,R,35.0,R,264.0,R,0.0,R,264.0,R,154.0,R,58.0,R,78.0,R,0.0,R,78.0,R,15.0,R,19.0,R,11.0
198668,2013,R,133.0,R,1057.0,R,13.0,R,170.0,R,0.0,R,170.0,R,118.0,R,69.0,R,234.0,R,0.0,R,234.0,R,112.0,R,48.0,R,9.0
198677,2013,R,9.0,R,15.0,R,60.0,R,4.0,R,0.0,R,4.0,R,4.0,R,100.0,R,1.0,R,0.0,R,1.0,R,1.0,R,100.0,R,7.0
198695,2013,R,1162.0,R,1249.0,R,93.0,R,1257.0,R,1.0,R,1256.0,R,942.0,R,75.0,R,0.0,R,0.0,R,0.0,R,0.0,A,,R,15.0
198710,2013,R,198.0,R,914.0,R,22.0,R,293.0,Z,0.0,R,293.0,R,151.0,R,52.0,R,535.0,Z,0.0,R,535.0,R,39.0,R,7.0,R,10.0
198729,2013,R,135.0,R,532.0,R,25.0,R,164.0,R,0.0,R,164.0,R,88.0,R,54.0,R,66.0,R,0.0,R,66.0,R,24.0,R,36.0,R,13.0
198747,2013,R,7.0,R,31.0,R,23.0,R,13.0,R,0.0,R,13.0,R,10.0,R,77.0,R,2.0,R,0.0,R,2.0,R,0.0,R,0.0,R,10.0
198756,2013,R,232.0,R,321.0,R,72.0,R,385.0,R,2.0,R,383.0,R,215.0,R,56.0,R,1.0,R,0.0,R,1.0,R,0.0,R,0.0,R,11.0
198774,2013,R,490.0,R,1792.0,R,27.0,R,468.0,Z,0.0,R,468.0,R,307.0,R,66.0,R,215.0,Z,0.0,R,215.0,R,104.0,R,48.0,R,15.0
198808,2013,R,226.0,R,395.0,R,57.0,R,182.0,R,0.0,R,182.0,R,109.0,R,60.0,A,,A,,A,,A,,A,,R,15.0
198817,2013,R,411.0,R,1428.0,R,29.0,R,390.0,R,0.0,R,390.0,R,219.0,R,56.0,R,140.0,R,0.0,R,140.0,R,41.0,R,29.0,R,15.0
198835,2013,R,311.0,R,426.0,R,73.0,R,330.0,R,1.0,R,329.0,R,205.0,R,62.0,A,,A,,A,,A,,A,,R,13.0
198844,2013,A,,A,,A,,R,24.0,R,0.0,R,24.0,R,21.0,R,88.0,R,26.0,R,0.0,R,26.0,R,22.0,R,85.0,R,20.0
198862,2013,R,395.0,R,460.0,R,86.0,R,355.0,R,0.0,R,355.0,R,188.0,R,53.0,A,,A,,A,,A,,A,,R,15.0
198871,2013,R,345.0,R,407.0,R,85.0,R,350.0,R,0.0,R,350.0,R,155.0,R,44.0,R,4.0,R,0.0,R,4.0,R,0.0,R,0.0,R,15.0
198899,2013,R,417.0,R,550.0,R,76.0,R,436.0,R,0.0,R,436.0,R,254.0,R,58.0,R,1.0,R,0.0,R,1.0,R,0.0,R,0.0,R,12.0
198905,2013,R,64.0,R,400.0,R,16.0,R,75.0,Z,0.0,R,75.0,R,37.0,R,49.0,R,22.0,Z,0.0,R,22.0,R,2.0,R,9.0,R,13.0
198914,2013,R,80.0,R,422.0,R,19.0,R,143.0,R,0.0,R,143.0,R,95.0,R,66.0,R,129.0,R,0.0,R,129.0,R,56.0,R,43.0,R,14.0
198923,2013,R,97.0,R,434.0,R,22.0,R,118.0,Z,0.0,R,118.0,R,57.0,R,48.0,R,57.0,Z,0.0,R,57.0,R,17.0,R,30.0,R,8.0
198941,2013,A,,A,,A,,A,,A,,A,,A,,A,,A,,A,,A,,A,,A,,R,4.0
198950,2013,R,415.0,R,501.0,R,83.0,R,407.0,R,0.0,R,407.0,R,295.0,R,72.0,R,1.0,R,0.0,R,1.0,R,1.0,R,100.0,R,12.0
198969,2013,R,548.0,R,892.0,R,61.0,R,435.0,R,0.0,R,435.0,R,237.0,R,54.0,R,17.0,R,0.0,R,17.0,R,2.0,R,12.0,R,12.0
198978,2013,R,275.0,R,989.0,R,28.0,R,0.0,Z,0.0,R,0.0,R,0.0,A,,R,0.0,Z,0.0,R,0.0,R,0.0,A,,R,45.0
198987,2013,R,382.0,R,1056.0,R,36.0,R,328.0,R,0.0,R,328.0,R,178.0,R,54.0,R,224.0,Z,0.0,R,224.0,R,103.0,R,46.0,R,21.0
198996,2013,A,,A,,A,,R,0.0,R,0.0,R,0.0,R,0.0,A,,A,,A,,A,,A,,A,,R,15.0
199005,2013,A,,A,,A,,R,8.0,R,0.0,R,8.0,R,7.0,R,88.0,A,,A,,A,,A,,A,,R,15.0
199014,2013,A,,A,,A,,R,23.0,R,0.0,R,23.0,R,16.0,R,70.0,R,12.0,R,0.0,R,12.0,R,3.0,R,25.0,R,20.0
199023,2013,R,83.0,R,406.0,R,20.0,R,89.0,R,0.0,R,89.0,R,43.0,R,48.0,R,23.0,R,0.0,R,23.0,R,8.0,R,35.0,R,10.0
199032,2013,R,103.0,R,247.0,R,42.0,R,95.0,R,0.0,R,95.0,R,55.0,R,58.0,R,4.0,R,0.0,R,4.0,R,3.0,R,75.0,R,12.0
199069,2013,R,200.0,R,943.0,R,21.0,R,237.0,Z,0.0,R,237.0,R,151.0,R,64.0,R,96.0,Z,0.0,R,96.0,R,53.0,R,55.0,R,14.0
199078,2013,A,,A,,A,,R,27.0,Z,0.0,R,27.0,R,18.0,R,67.0,A,,A,,A,,A,,A,,R,16.0
199087,2013,R,378.0,R,1392.0,R,27.0,R,395.0,Z,0.0,R,395.0,R,205.0,R,52.0,R,148.0,Z,0.0,R,148.0,R,69.0,R,47.0,R,25.0
199102,2013,R,1768.0,R,2210.0,R,80.0,R,1809.0,R,0.0,R,1809.0,R,1443.0,R,80.0,R,40.0,R,0.0,R,40.0,R,25.0,R,63.0,R,16.0
199111,2013,R,594.0,R,1237.0,R,48.0,R,552.0,R,0.0,R,552.0,R,443.0,R,80.0,R,1.0,R,0.0,R,1.0,R,1.0,R,100.0,R,14.0
199120,2013,R,3943.0,R,4822.0,R,82.0,R,3914.0,R,0.0,R,3914.0,R,3761.0,R,96.0,R,1.0,R,0.0,R,1.0,R,1.0,R,100.0,R,13.0
199139,2013,R,3057.0,R,5745.0,R,53.0,R,3512.0,R,0.0,R,3512.0,R,2823.0,R,80.0,R,29.0,R,0.0,R,29.0,R,15.0,R,52.0,R,19.0
199148,2013,R,2467.0,R,4265.0,R,58.0,R,2498.0,R,0.0,R,2498.0,R,1845.0,R,74.0,R,18.0,R,0.0,R,18.0,R,7.0,R,39.0,R,17.0
199157,2013,R,922.0,R,1482.0,R,62.0,R,1387.0,R,0.0,R,1387.0,R,1015.0,R,73.0,R,20.0,R,0.0,R,20.0,R,6.0,R,30.0,R,15.0
199184,2013,R,210.0,R,265.0,R,79.0,R,171.0,R,0.0,R,171.0,R,145.0,R,85.0,R,0.0,R,0.0,R,0.0,R,0.0,A,,R,6.0
199193,2013,R,4298.0,R,5865.0,R,73.0,R,4218.0,R,0.0,R,4218.0,R,3905.0,R,93.0,R,7.0,R,0.0,R,7.0,R,5.0,R,71.0,R,17.0
199209,2013,R,228.0,R,270.0,R,84.0,R,221.0,R,0.0,R,221.0,R,108.0,R,49.0,R,1.0,R,0.0,R,1.0,R,0.0,R,0.0,R,13.0
199218,2013,R,1935.0,R,3844.0,R,50.0,R,2051.0,R,0.0,R,2051.0,R,1772.0,R,86.0,R,2.0,R,0.0,R,2.0,R,0.0,R,0.0,R,17.0
199263,2013,R,55.0,R,324.0,R,17.0,R,94.0,R,0.0,R,94.0,R,49.0,R,52.0,R,73.0,R,0.0,R,73.0,R,42.0,R,58.0,R,9.0
199272,2013,R,331.0,R,488.0,R,68.0,R,232.0,R,0.0,R,232.0,R,155.0,R,67.0,R,0.0,R,0.0,R,0.0,R,0.0,A,,R,17.0
199281,2013,R,1033.0,R,1671.0,R,62.0,R,1012.0,R,0.0,R,1012.0,R,684.0,R,68.0,R,8.0,R,0.0,R,8.0,R,0.0,R,0.0,R,15.0
199306,2013,R,231.0,R,334.0,R,69.0,R,218.0,R,4.0,R,214.0,R,138.0,R,64.0,R,0.0,R,0.0,R,0.0,R,0.0,A,,R,12.0
199315,2013,R,31.0,R,59.0,R,53.0,R,31.0,R,0.0,R,31.0,R,18.0,R,58.0,R,0.0,R,0.0,R,0.0,R,0.0,A,,R,10.0
199324,2013,R,144.0,R,518.0,R,28.0,R,214.0,R,0.0,R,214.0,R,137.0,R,64.0,R,70.0,R,0.0,R,70.0,R,29.0,R,41.0,R,11.0
199333,2013,R,1038.0,R,4369.0,R,24.0,R,859.0,R,0.0,R,859.0,R,587.0,R,68.0,R,939.0,R,0.0,R,939.0,R,369.0,R,39.0,R,15.0
199412,2013,R,315.0,R,499.0,R,63.0,R,356.0,R,0.0,R,356.0,R,249.0,R,70.0,R,3.0,R,0.0,R,3.0,R,2.0,R,67.0,R,12.0
199421,2013,R,291.0,R,937.0,R,31.0,R,235.0,R,0.0,R,235.0,R,159.0,R,68.0,R,336.0,Z,0.0,R,336.0,R,162.0,R,48.0,R,15.0
199449,2013,R,224.0,R,811.0,R,28.0,R,281.0,R,0.0,R,281.0,R,170.0,R,60.0,R,155.0,R,0.0,R,155.0,R,76.0,R,49.0,R,17.0
199458,2013,R,38.0,R,66.0,R,58.0,R,35.0,R,0.0,R,35.0,R,19.0,R,54.0,R,0.0,R,0.0,R,0.0,R,0.0,A,,R,12.0
199467,2013,R,76.0,R,295.0,R,26.0,R,122.0,Z,0.0,R,122.0,R,60.0,R,49.0,R,50.0,Z,0.0,R,50.0,R,18.0,R,36.0,R,13.0
199476,2013,R,193.0,R,905.0,R,21.0,R,341.0,R,0.0,R,341.0,R,143.0,R,42.0,R,233.0,R,0.0,R,233.0,R,84.0,R,36.0,R,16.0
199485,2013,R,258.0,R,573.0,R,45.0,R,261.0,R,0.0,R,261.0,R,134.0,R,51.0,R,179.0,R,0.0,R,179.0,R,81.0,R,45.0,R,15.0
199494,2013,R,1633.0,R,5168.0,R,32.0,R,824.0,R,0.0,R,824.0,R,419.0,R,51.0,R,745.0,R,0.0,R,745.0,R,165.0,R,22.0,R,12.0
199582,2013,R,323.0,R,375.0,R,86.0,R,400.0,R,0.0,R,400.0,R,245.0,R,61.0,R,0.0,R,0.0,R,0.0,R,0.0,A,,R,12.0
199607,2013,R,180.0,R,273.0,R,66.0,R,172.0,R,0.0,R,172.0,R,137.0,R,80.0,R,0.0,R,0.0,R,0.0,R,0.0,A,,R,11.0
199625,2013,R,165.0,R,458.0,R,36.0,R,164.0,R,0.0,R,164.0,R,75.0,R,46.0,R,54.0,R,0.0,R,54.0,R,19.0,R,35.0,R,13.0
199634,2013,R,478.0,R,2235.0,R,21.0,R,645.0,Z,0.0,R,645.0,R,315.0,R,49.0,R,509.0,R,0.0,R,509.0,R,69.0,R,14.0,R,14.0
199643,2013,R,534.0,R,632.0,R,84.0,R,495.0,Z,0.0,R,495.0,R,211.0,R,43.0,R,12.0,Z,0.0,R,12.0,R,1.0,R,8.0,R,15.0
199689,2013,A,,A,,A,,R,2.0,R,0.0,R,2.0,R,2.0,R,100.0,R,18.0,R,0.0,R,18.0,R,16.0,R,89.0,R,15.0
199698,2013,R,178.0,R,274.0,R,65.0,R,97.0,R,0.0,R,97.0,R,68.0,R,70.0,A,,A,,A,,A,,A,,R,12.0
199713,2013,A,,A,,A,,R,35.0,R,0.0,R,35.0,R,26.0,R,74.0,R,1.0,R,0.0,R,1.0,R,0.0,R,0.0,R,18.0
199722,2013,R,226.0,R,519.0,R,44.0,R,209.0,R,0.0,R,209.0,R,101.0,R,48.0,R,91.0,R,0.0,R,91.0,R,31.0,R,34.0,R,13.0
199731,2013,R,143.0,R,981.0,R,15.0,R,202.0,Z,0.0,R,202.0,R,115.0,R,57.0,R,83.0,Z,0.0,R,83.0,R,40.0,R,48.0,R,16.0
199740,2013,R,258.0,R,1142.0,R,23.0,R,296.0,R,0.0,R,296.0,R,161.0,R,54.0,R,219.0,R,0.0,R,219.0,R,70.0,R,32.0,R,15.0
199759,2013,R,63.0,R,155.0,R,41.0,R,73.0,R,0.0,R,73.0,R,59.0,R,81.0,R,30.0,R,0.0,R,30.0,R,22.0,R,73.0,R,17.0
199768,2013,R,366.0,R,1163.0,R,31.0,R,465.0,R,12.0,R,453.0,R,288.0,R,64.0,R,135.0,R,0.0,R,135.0,R,52.0,R,39.0,R,16.0
199786,2013,R,392.0,R,1407.0,R,28.0,R,367.0,R,0.0,R,367.0,R,233.0,R,63.0,R,205.0,R,0.0,R,205.0,R,92.0,R,45.0,R,11.0
199795,2013,R,118.0,R,561.0,R,21.0,R,123.0,R,0.0,R,123.0,R,69.0,R,56.0,R,41.0,R,1.0,R,40.0,R,22.0,R,55.0,R,17.0
199838,2013,R,190.0,R,992.0,R,19.0,R,218.0,R,0.0,R,218.0,R,138.0,R,63.0,R,589.0,R,0.0,R,589.0,R,301.0,R,51.0,R,14.0
199847,2013,R,1230.0,R,1276.0,R,96.0,R,1234.0,R,1.0,R,1233.0,R,1146.0,R,93.0,R,0.0,R,0.0,R,0.0,R,0.0,A,,R,11.0
199856,2013,R,1629.0,R,9661.0,R,17.0,R,1622.0,R,0.0,R,1622.0,R,1131.0,R,70.0,R,1795.0,R,0.0,R,1795.0,R,814.0,R,45.0,R,17.0
199865,2013,R,220.0,R,299.0,R,74.0,R,214.0,R,0.0,R,214.0,R,147.0,R,69.0,A,,A,,A,,A,,A,,R,10.0
199883,2013,A,,A,,A,,A,,A,,A,,A,,A,,A,,A,,A,,A,,A,,R,10.0
199892,2013,R,440.0,R,1915.0,R,23.0,R,437.0,R,0.0,R,437.0,R,226.0,R,52.0,R,209.0,Z,0.0,R,209.0,R,72.0,R,34.0,R,16.0
199908,2013,R,319.0,R,1024.0,R,31.0,R,323.0,R,0.0,R,323.0,R,196.0,R,61.0,R,140.0,R,0.0,R,140.0,R,55.0,R,39.0,R,13.0
199926,2013,R,354.0,R,1013.0,R,35.0,R,465.0,R,0.0,R,465.0,R,300.0,R,65.0,R,83.0,R,0.0,R,83.0,R,27.0,R,33.0,R,11.0
199953,2013,R,201.0,R,880.0,R,23.0,R,224.0,Z,0.0,R,224.0,R,122.0,R,54.0,R,46.0,Z,0.0,R,46.0,R,27.0,R,59.0,R,16.0
199962,2013,R,642.0,R,754.0,R,85.0,R,548.0,R,0.0,R,548.0,R,413.0,R,75.0,R,0.0,Z,0.0,R,0.0,Z,0.0,A,,R,16.0
199971,2013,R,2.0,R,4.0,R,50.0,R,3.0,R,0.0,R,3.0,R,3.0,R,100.0,R,0.0,R,0.0,R,0.0,R,0.0,A,,R,12.0
199980,2013,A,,A,,A,,R,13.0,R,0.0,R,13.0,R,10.0,R,77.0,A,,A,,A,,A,,A,,R,20.0
199999,2013,R,724.0,R,1384.0,R,52.0,R,680.0,R,0.0,R,680.0,R,510.0,R,75.0,R,5.0,R,0.0,R,5.0,R,2.0,R,40.0,R,16.0
200004,2013,R,1614.0,R,2604.0,R,62.0,R,1550.0,R,0.0,R,1550.0,R,1219.0,R,79.0,R,8.0,R,0.0,R,8.0,R,6.0,R,75.0,R,16.0
200013,2013,R,46.0,R,251.0,R,18.0,R,2.0,Z,0.0,R,2.0,R,0.0,R,0.0,R,9.0,Z,0.0,R,9.0,R,3.0,R,33.0,R,16.0
200022,2013,R,847.0,R,1768.0,R,48.0,R,0.0,R,0.0,R,0.0,R,0.0,A,,R,0.0,R,0.0,R,0.0,R,0.0,A,,R,15.0
200059,2013,R,163.0,R,411.0,R,40.0,R,211.0,R,0.0,R,211.0,R,117.0,R,55.0,R,12.0,R,0.0,R,12.0,R,5.0,R,42.0,R,11.0
200086,2013,R,31.0,R,65.0,R,48.0,R,1.0,Z,0.0,R,1.0,R,1.0,R,100.0,R,0.0,R,0.0,R,0.0,R,0.0,A,,R,11.0
200110,2013,A,,A,,A,,R,20.0,R,0.0,R,20.0,R,18.0,R,90.0,A,,A,,A,,A,,A,,R,17.0
200129,2013,A,,A,,A,,R,24.0,R,0.0,R,24.0,R,22.0,R,92.0,A,,A,,A,,A,,A,,R,18.0
200156,2013,R,257.0,R,342.0,R,75.0,R,221.0,R,0.0,R,221.0,R,135.0,R,61.0,R,1.0,R,0.0,R,1.0,R,0.0,R,0.0,R,13.0
200165,2013,A,,A,,A,,R,21.0,R,0.0,R,21.0,R,11.0,R,52.0,A,,A,,A,,A,,A,,R,16.0
200192,2013,R,190.0,R,1098.0,R,17.0,R,205.0,R,0.0,R,205.0,R,107.0,R,52.0,R,11.0,R,0.0,R,11.0,R,5.0,R,45.0,R,13.0
200208,2013,R,34.0,R,59.0,R,58.0,R,34.0,R,0.0,R,34.0,R,18.0,R,53.0,R,10.0,R,0.0,R,10.0,R,2.0,R,20.0,R,9.0
200217,2013,R,423.0,R,780.0,R,54.0,R,402.0,R,1.0,R,401.0,R,283.0,R,71.0,R,0.0,R,0.0,R,0.0,R,0.0,A,,R,17.0
200226,2013,R,132.0,R,460.0,R,29.0,R,155.0,R,3.0,R,152.0,R,85.0,R,56.0,R,2.0,R,0.0,R,2.0,R,2.0,R,100.0,R,17.0
200244,2013,A,,A,,A,,A,,A,,A,,A,,A,,A,,A,,A,,A,,A,,R,7.0
200253,2013,R,349.0,R,1057.0,R,33.0,R,352.0,R,0.0,R,352.0,R,240.0,R,68.0,R,46.0,R,0.0,R,46.0,R,22.0,R,48.0,R,13.0
200262,2013,A,,A,,A,,R,4.0,R,0.0,R,4.0,R,4.0,R,100.0,A,,A,,A,,A,,A,,R,7.0
200280,2013,R,1888.0,R,3176.0,R,59.0,R,2334.0,R,0.0,R,2334.0,R,1751.0,R,75.0,R,26.0,R,0.0,R,26.0,R,10.0,R,38.0,R,19.0
200305,2013,R,740.0,R,1724.0,R,43.0,R,816.0,R,1.0,R,815.0,R,515.0,R,63.0,R,62.0,R,0.0,R,62.0,R,35.0,R,56.0,R,13.0
200314,2013,R,161.0,R,407.0,R,40.0,R,142.0,R,0.0,R,142.0,R,50.0,R,35.0,R,11.0,R,0.0,R,11.0,R,1.0,R,9.0,R,11.0
200332,2013,R,2524.0,R,3383.0,R,75.0,R,2408.0,R,3.0,R,2405.0,R,1877.0,R,78.0,R,34.0,R,0.0,R,34.0,R,17.0,R,50.0,R,19.0
200341,2013,R,138.0,R,502.0,R,27.0,R,163.0,R,0.0,R,163.0,R,95.0,R,58.0,R,13.0,R,0.0,R,13.0,R,2.0,R,15.0,R,16.0
200387,2013,A,,A,,A,,R,17.0,R,0.0,R,17.0,R,13.0,R,76.0,A,,A,,A,,A,,A,,R,16.0
200466,2013,R,46.0,R,65.0,R,71.0,R,0.0,R,0.0,R,0.0,R,0.0,A,,R,0.0,R,0.0,R,0.0,R,0.0,A,,R,7.0
200484,2013,R,43.0,R,64.0,R,67.0,R,40.0,R,0.0,R,40.0,R,26.0,R,65.0,R,1.0,R,0.0,R,1.0,R,0.0,R,0.0,R,14.0
200527,2013,R,109.0,R,186.0,R,59.0,R,22.0,R,0.0,R,22.0,R,11.0,R,50.0,R,0.0,R,0.0,R,0.0,R,0.0,A,,R,12.0
200554,2013,R,112.0,R,189.0,R,59.0,R,23.0,R,0.0,R,23.0,R,16.0,R,70.0,R,1.0,R,0.0,R,1.0,R,1.0,R,100.0,R,14.0
200572,2013,R,159.0,R,428.0,R,37.0,R,183.0,R,3.0,R,180.0,R,116.0,R,64.0,R,7.0,R,0.0,R,7.0,R,2.0,R,29.0,R,11.0
200590,2013,R,6.0,R,41.0,R,15.0,R,15.0,R,0.0,R,15.0,R,8.0,R,53.0,R,5.0,R,0.0,R,5.0,R,3.0,R,60.0,R,9.0
200624,2013,R,9.0,R,11.0,R,82.0,R,13.0,R,0.0,R,13.0,R,11.0,R,85.0,A,,A,,A,,A,,A,,R,6.0
200633,2013,R,53.0,R,86.0,R,62.0,R,40.0,Z,0.0,R,40.0,R,20.0,R,50.0,R,32.0,Z,0.0,R,32.0,R,10.0,R,31.0,R,12.0
200785,2013,R,31.0,R,58.0,R,53.0,R,1.0,R,0.0,R,1.0,R,1.0,R,100.0,R,0.0,Z,0.0,R,0.0,Z,0.0,A,,R,12.0
200800,2013,R,3589.0,R,5202.0,R,69.0,R,3074.0,R,0.0,R,3074.0,R,2040.0,R,66.0,R,131.0,R,0.0,R,131.0,R,43.0,R,33.0,R,20.0
200828,2013,A,,A,,A,,R,31.0,R,0.0,R,31.0,R,19.0,R,61.0,A,,A,,A,,A,,A,,R,6.0
200846,2013,R,283.0,R,819.0,R,35.0,R,352.0,R,0.0,R,352.0,R,214.0,R,61.0,R,81.0,R,0.0,R,81.0,R,38.0,R,47.0,R,19.0
200873,2013,R,15.0,R,19.0,R,79.0,R,11.0,R,0.0,R,11.0,R,5.0,R,45.0,A,,A,,A,,A,,A,,R,7.0
201016,2013,R,16.0,R,16.0,R,100.0,R,26.0,R,0.0,R,26.0,R,5.0,R,19.0,R,2.0,R,0.0,R,2.0,R,2.0,R,100.0,R,12.0
201034,2013,A,,A,,A,,R,161.0,R,0.0,R,161.0,R,124.0,R,77.0,R,296.0,R,0.0,R,296.0,R,254.0,R,86.0,R,6.0
201061,2013,R,54.0,R,66.0,R,82.0,R,38.0,Z,0.0,R,38.0,R,27.0,R,71.0,R,0.0,Z,0.0,R,0.0,Z,0.0,A,,R,8.0
201098,2013,A,,A,,A,,R,50.0,R,0.0,R,50.0,R,49.0,R,98.0,R,11.0,R,0.0,R,11.0,R,10.0,R,91.0,R,6.0
201104,2013,R,621.0,R,807.0,R,77.0,R,559.0,R,0.0,R,559.0,R,412.0,R,74.0,R,1.0,R,0.0,R,1.0,R,1.0,R,100.0,R,9.0
201131,2013,A,,A,,A,,R,56.0,R,0.0,R,56.0,R,42.0,R,75.0,R,80.0,Z,0.0,R,80.0,R,61.0,R,76.0,R,4.0
201140,2013,A,,A,,A,,A,,A,,A,,A,,A,,R,0.0,R,0.0,R,0.0,R,0.0,A,,R,7.0
201159,2013,A,,A,,A,,R,85.0,R,0.0,R,85.0,R,80.0,R,94.0,R,23.0,R,0.0,R,23.0,R,20.0,R,87.0,R,12.0
201177,2013,R,2.0,R,86.0,R,2.0,R,0.0,R,0.0,R,0.0,R,0.0,A,,R,0.0,R,0.0,R,0.0,R,0.0,A,,R,9.0
201195,2013,R,762.0,R,1028.0,R,74.0,R,712.0,R,0.0,R,712.0,R,564.0,R,79.0,R,0.0,R,0.0,R,0.0,R,0.0,A,,R,13.0
201283,2013,R,175.0,R,337.0,R,52.0,R,245.0,R,0.0,R,245.0,R,110.0,R,45.0,R,23.0,R,0.0,R,23.0,R,5.0,R,22.0,R,12.0
201371,2013,R,250.0,R,360.0,R,69.0,R,239.0,R,0.0,R,239.0,R,161.0,R,67.0,A,,A,,A,,A,,A,,R,14.0
201399,2013,A,,A,,A,,R,80.0,Z,0.0,R,80.0,R,51.0,R,64.0,R,25.0,Z,0.0,R,25.0,R,20.0,R,80.0,R,15.0
201432,2013,R,330.0,R,960.0,R,34.0,R,323.0,R,0.0,R,323.0,R,177.0,R,55.0,R,69.0,R,0.0,R,69.0,R,25.0,R,36.0,R,20.0
201441,2013,R,3330.0,R,4261.0,R,78.0,R,3591.0,R,0.0,R,3591.0,R,2518.0,R,70.0,R,30.0,R,0.0,R,30.0,R,11.0,R,37.0,R,18.0
201469,2013,R,33.0,R,189.0,R,17.0,R,2.0,R,0.0,R,2.0,R,0.0,R,0.0,R,0.0,R,0.0,R,0.0,R,0.0,A,,R,10.0
201478,2013,A,,A,,A,,R,145.0,R,0.0,R,145.0,R,145.0,R,100.0,R,15.0,R,0.0,R,15.0,R,15.0,R,100.0,R,6.0
201496,2013,A,,A,,A,,R,347.0,R,0.0,R,347.0,R,281.0,R,81.0,A,,A,,A,,A,,A,,R,15.0
201539,2013,A,,A,,A,,R,38.0,Z,0.0,R,38.0,R,36.0,R,95.0,R,7.0,Z,0.0,R,7.0,R,6.0,R,86.0,R,8.0
201548,2013,R,691.0,R,907.0,R,76.0,R,669.0,R,6.0,R,663.0,R,493.0,R,74.0,R,1.0,R,0.0,R,1.0,R,0.0,R,0.0,R,12.0
201584,2013,A,,A,,A,,R,10.0,Z,0.0,R,10.0,R,8.0,R,80.0,A,,A,,A,,A,,A,,R,6.0
201609,2013,A,,A,,A,,R,1.0,R,0.0,R,1.0,R,0.0,R,0.0,R,1.0,R,0.0,R,1.0,R,1.0,R,100.0,R,6.0
201618,2013,A,,A,,A,,R,4.0,R,0.0,R,4.0,R,1.0,R,25.0,A,,A,,A,,A,,A,,R,10.0
201627,2013,A,,A,,A,,R,4.0,Z,0.0,R,4.0,R,2.0,R,50.0,R,4.0,Z,0.0,R,4.0,R,3.0,R,75.0,R,8.0
201645,2013,R,1252.0,R,1377.0,R,91.0,R,1371.0,R,0.0,R,1371.0,R,1292.0,R,94.0,R,1.0,Z,0.0,R,1.0,R,1.0,R,100.0,R,10.0
201654,2013,R,779.0,R,948.0,R,82.0,R,832.0,R,1.0,R,831.0,R,708.0,R,85.0,R,0.0,R,0.0,R,0.0,R,0.0,A,,R,13.0
201672,2013,R,250.0,R,1210.0,R,21.0,R,254.0,R,1.0,R,253.0,R,109.0,R,43.0,R,401.0,R,0.0,R,401.0,R,155.0,R,39.0,R,15.0
201681,2013,A,,A,,A,,R,98.0,R,0.0,R,98.0,R,76.0,R,78.0,A,,A,,A,,A,,A,,R,10.0
201690,2013,R,411.0,R,581.0,R,71.0,R,503.0,R,1.0,R,502.0,R,265.0,R,53.0,R,13.0,R,0.0,R,13.0,R,4.0,R,31.0,R,13.0
201751,2013,R,46.0,R,109.0,R,42.0,R,69.0,R,0.0,R,69.0,R,23.0,R,33.0,R,67.0,Z,0.0,R,67.0,R,18.0,R,27.0,R,5.0
201803,2013,A,,A,,A,,R,96.0,R,0.0,R,96.0,R,88.0,R,92.0,R,44.0,R,0.0,R,44.0,R,42.0,R,95.0,R,8.0
201821,2013,R,28.0,R,214.0,R,13.0,Z,0.0,R,0.0,R,0.0,Z,0.0,A,,Z,0.0,R,0.0,R,0.0,Z,0.0,A,,R,10.0
201858,2013,R,109.0,R,185.0,R,59.0,R,100.0,R,0.0,R,100.0,R,77.0,R,77.0,R,6.0,R,0.0,R,6.0,R,2.0,R,33.0,R,13.0
201867,2013,A,,A,,A,,A,,A,,A,,A,,A,,A,,A,,A,,A,,A,,R,20.0
201885,2013,R,4431.0,R,5780.0,R,77.0,R,4105.0,R,2.0,R,4103.0,R,3472.0,R,85.0,R,28.0,R,0.0,R,28.0,R,17.0,R,61.0,R,17.0
201928,2013,R,988.0,R,4190.0,R,24.0,R,862.0,R,0.0,R,862.0,R,413.0,R,48.0,R,458.0,R,0.0,R,458.0,R,176.0,R,38.0,R,16.0
201946,2013,R,668.0,R,1317.0,R,51.0,R,0.0,R,0.0,R,0.0,R,0.0,A,,R,0.0,R,0.0,R,0.0,R,0.0,A,,R,14.0
201955,2013,R,921.0,R,1574.0,R,59.0,R,0.0,R,0.0,R,0.0,R,0.0,A,,R,0.0,R,0.0,R,0.0,R,0.0,A,,R,15.0
201964,2013,R,362.0,R,1321.0,R,27.0,R,146.0,R,1.0,R,145.0,R,93.0,R,64.0,R,1.0,R,0.0,R,1.0,R,0.0,R,0.0,R,13.0
201973,2013,R,289.0,R,2131.0,R,14.0,R,416.0,R,0.0,R,416.0,R,162.0,R,39.0,R,270.0,R,0.0,R,270.0,R,83.0,R,31.0,R,16.0
201982,2013,A,,A,,A,,R,29.0,Z,0.0,R,29.0,R,23.0,R,79.0,A,,A,,A,,A,,A,,R,13.0
202046,2013,R,155.0,R,194.0,R,80.0,R,138.0,R,0.0,R,138.0,R,108.0,R,78.0,A,,A,,A,,A,,A,,R,9.0
202055,2013,A,,A,,A,,R,44.0,R,0.0,R,44.0,R,31.0,R,70.0,A,,A,,A,,A,,A,,R,10.0
202073,2013,R,64.0,R,69.0,R,93.0,R,60.0,R,0.0,R,60.0,R,51.0,R,85.0,A,,A,,A,,A,,A,,R,7.0
202134,2013,R,1729.0,R,3827.0,R,45.0,R,1531.0,R,0.0,R,1531.0,R,1029.0,R,67.0,R,57.0,R,0.0,R,57.0,R,33.0,R,58.0,R,19.0
202152,2013,A,,A,,A,,R,123.0,R,0.0,R,123.0,R,109.0,R,89.0,R,32.0,R,0.0,R,32.0,R,29.0,R,91.0,R,19.0
202161,2013,R,85.0,R,183.0,R,46.0,R,118.0,R,0.0,R,118.0,R,95.0,R,81.0,A,,A,,A,,A,,A,,R,21.0
202170,2013,R,234.0,R,356.0,R,66.0,R,257.0,R,0.0,R,257.0,R,204.0,R,79.0,R,0.0,R,0.0,R,0.0,R,0.0,A,,R,11.0
202222,2013,R,1515.0,R,7027.0,R,22.0,R,1505.0,R,0.0,R,1505.0,R,739.0,R,49.0,R,1328.0,R,0.0,R,1328.0,R,426.0,R,32.0,R,18.0
202356,2013,R,1493.0,R,6122.0,R,24.0,R,1608.0,R,0.0,R,1608.0,R,764.0,R,48.0,R,1030.0,R,0.0,R,1030.0,R,352.0,R,34.0,R,21.0
202435,2013,R,7.0,R,90.0,R,8.0,R,8.0,Z,0.0,R,8.0,R,3.0,R,38.0,R,13.0,R,0.0,R,13.0,R,4.0,R,31.0,R,8.0
202453,2013,A,,A,,A,,R,18.0,R,0.0,R,18.0,R,12.0,R,67.0,R,4.0,R,0.0,R,4.0,R,1.0,R,25.0,R,17.0
202480,2013,R,1783.0,R,2010.0,R,89.0,R,2050.0,R,1.0,R,2049.0,R,1815.0,R,89.0,R,1.0,R,0.0,R,1.0,R,1.0,R,100.0,R,14.0
202514,2013,R,240.0,R,309.0,R,78.0,R,236.0,R,0.0,R,236.0,R,136.0,R,58.0,R,5.0,R,0.0,R,5.0,R,4.0,R,80.0,R,11.0
202523,2013,R,582.0,R,614.0,R,95.0,R,629.0,R,0.0,R,629.0,R,562.0,R,89.0,A,,A,,A,,A,,A,,R,10.0
202639,2013,A,,A,,A,,R,10.0,R,0.0,R,10.0,R,8.0,R,80.0,R,5.0,R,0.0,R,5.0,R,4.0,R,80.0,R,11.0
202648,2013,R,208.0,R,1060.0,R,20.0,R,278.0,R,0.0,R,278.0,R,147.0,R,53.0,R,218.0,R,0.0,R,218.0,R,100.0,R,46.0,R,16.0
202657,2013,A,,A,,A,,R,134.0,R,1.0,R,133.0,R,100.0,R,75.0,R,63.0,R,0.0,R,63.0,R,53.0,R,84.0,R,12.0
202684,2013,R,18.0,R,111.0,R,16.0,R,0.0,R,0.0,R,0.0,R,0.0,A,,R,0.0,R,0.0,R,0.0,R,0.0,A,,R,10.0
202736,2013,A,,A,,A,,R,25.0,R,0.0,R,25.0,R,8.0,R,32.0,A,,A,,A,,A,,A,,R,14.0
202763,2013,R,581.0,R,1504.0,R,39.0,R,525.0,Z,0.0,R,525.0,R,400.0,R,76.0,R,0.0,R,0.0,R,0.0,R,0.0,A,,R,14.0
202806,2013,R,9.0,R,1052.0,R,1.0,R,19.0,R,0.0,R,19.0,R,9.0,R,47.0,R,63.0,R,0.0,R,63.0,R,9.0,R,14.0,R,13.0
202888,2013,A,,A,,A,,R,7.0,R,0.0,R,7.0,R,6.0,R,86.0,R,9.0,R,0.0,R,9.0,R,6.0,R,67.0,R,7.0
202903,2013,R,59.0,R,111.0,R,53.0,R,51.0,R,0.0,R,51.0,R,39.0,R,76.0,R,6.0,R,0.0,R,6.0,R,4.0,R,67.0,R,12.0
202912,2013,R,16.0,R,90.0,R,18.0,R,0.0,R,0.0,R,0.0,R,0.0,A,,R,0.0,R,0.0,R,0.0,R,0.0,A,,R,7.0
202949,2013,A,,A,,A,,R,119.0,R,0.0,R,119.0,R,92.0,R,77.0,A,,A,,A,,A,,A,,R,18.0
202985,2013,A,,A,,A,,R,22.0,R,0.0,R,22.0,R,16.0,R,73.0,A,,A,,A,,A,,A,,R,13.0
203030,2013,A,,A,,A,,R,78.0,R,0.0,R,78.0,R,56.0,R,72.0,R,4.0,R,0.0,R,4.0,R,3.0,R,75.0,R,15.0
203085,2013,R,351.0,R,384.0,R,91.0,R,345.0,R,0.0,R,345.0,R,223.0,R,65.0,R,0.0,R,0.0,R,0.0,R,0.0,A,,R,16.0
203128,2013,R,287.0,R,381.0,R,75.0,R,304.0,R,0.0,R,304.0,R,230.0,R,76.0,R,4.0,R,0.0,R,4.0,R,1.0,R,25.0,R,11.0
203146,2013,A,,A,,A,,R,114.0,R,0.0,R,114.0,R,106.0,R,93.0,A,,A,,A,,A,,A,,R,13.0
203155,2013,R,874.0,R,1346.0,R,65.0,R,996.0,R,0.0,R,996.0,R,478.0,R,48.0,R,73.0,R,0.0,R,73.0,R,34.0,R,47.0,R,16.0
203225,2013,A,,A,,A,,R,114.0,R,0.0,R,114.0,R,67.0,R,59.0,A,,A,,A,,A,,A,,R,23.0
203234,2013,A,,A,,A,,R,51.0,R,0.0,R,51.0,R,40.0,R,78.0,A,,A,,A,,A,,A,,R,16.0
203289,2013,R,12.0,R,24.0,R,50.0,R,12.0,R,0.0,R,12.0,R,9.0,R,75.0,A,,A,,A,,A,,A,,R,10.0
203313,2013,R,46.0,R,61.0,R,75.0,R,0.0,R,0.0,R,0.0,R,0.0,A,,R,0.0,R,0.0,R,0.0,R,0.0,A,,R,22.0
203331,2013,R,458.0,R,1215.0,R,38.0,R,356.0,R,0.0,R,356.0,R,174.0,R,49.0,R,114.0,R,0.0,R,114.0,R,38.0,R,33.0,R,16.0
203368,2013,R,792.0,R,899.0,R,88.0,R,681.0,R,0.0,R,681.0,R,600.0,R,88.0,R,1.0,R,0.0,R,1.0,R,0.0,R,0.0,R,13.0
203386,2013,R,58.0,R,540.0,R,11.0,R,0.0,R,0.0,R,0.0,R,0.0,A,,A,,A,,A,,A,,A,,R,11.0
203438,2013,A,,A,,A,,R,20.0,R,0.0,R,20.0,R,20.0,R,100.0,R,14.0,R,0.0,R,14.0,R,10.0,R,71.0,R,6.0
203447,2013,R,151.0,R,372.0,R,41.0,R,118.0,R,0.0,R,118.0,R,58.0,R,49.0,R,49.0,R,0.0,R,49.0,R,18.0,R,37.0,R,23.0
203456,2013,R,101.0,R,196.0,R,52.0,R,60.0,R,0.0,R,60.0,R,36.0,R,60.0,R,9.0,R,0.0,R,9.0,R,4.0,R,44.0,R,28.0
203465,2013,R,604.0,R,1187.0,R,51.0,R,564.0,R,0.0,R,564.0,R,357.0,R,63.0,R,103.0,R,0.0,R,103.0,R,52.0,R,50.0,R,24.0
203474,2013,R,279.0,R,569.0,R,49.0,R,248.0,R,0.0,R,248.0,R,136.0,R,55.0,R,62.0,R,0.0,R,62.0,R,21.0,R,34.0,R,29.0
203483,2013,R,258.0,R,423.0,R,61.0,R,124.0,R,0.0,R,124.0,R,86.0,R,69.0,R,26.0,R,0.0,R,26.0,R,15.0,R,58.0,R,22.0
203492,2013,R,174.0,R,321.0,R,54.0,R,167.0,R,0.0,R,167.0,R,93.0,R,56.0,R,22.0,R,0.0,R,22.0,R,13.0,R,59.0,R,19.0
203517,2013,R,4293.0,R,5556.0,R,77.0,R,4044.0,R,0.0,R,4044.0,R,3144.0,R,78.0,R,69.0,R,0.0,R,69.0,R,32.0,R,46.0,R,21.0
203526,2013,R,274.0,R,536.0,R,51.0,R,210.0,R,0.0,R,210.0,R,128.0,R,61.0,R,39.0,R,0.0,R,39.0,R,19.0,R,49.0,R,26.0
203535,2013,R,480.0,R,500.0,R,96.0,R,446.0,R,0.0,R,446.0,R,427.0,R,96.0,A,,A,,A,,A,,A,,R,9.0
203544,2013,R,58.0,R,185.0,R,31.0,R,71.0,R,0.0,R,71.0,R,37.0,R,52.0,R,7.0,R,0.0,R,7.0,R,5.0,R,71.0,R,10.0
203580,2013,R,206.0,R,294.0,R,70.0,R,276.0,R,4.0,R,272.0,R,192.0,R,71.0,R,0.0,R,0.0,R,0.0,R,0.0,A,,R,14.0
203599,2013,R,720.0,R,2410.0,R,30.0,R,698.0,Z,0.0,R,698.0,R,326.0,R,47.0,R,548.0,Z,0.0,R,548.0,R,191.0,R,35.0,R,19.0
203614,2013,A,,A,,A,,R,229.0,R,0.0,R,229.0,R,210.0,R,92.0,R,0.0,R,0.0,R,0.0,R,0.0,A,,R,10.0
203678,2013,R,427.0,R,1318.0,R,32.0,R,418.0,Z,0.0,R,418.0,R,217.0,R,52.0,R,126.0,Z,0.0,R,126.0,R,54.0,R,43.0,R,15.0
203720,2013,R,48.0,R,182.0,R,26.0,R,44.0,R,0.0,R,44.0,R,25.0,R,57.0,R,5.0,R,0.0,R,5.0,R,1.0,R,20.0,R,20.0
203739,2013,R,12.0,R,73.0,R,16.0,R,22.0,R,0.0,R,22.0,R,13.0,R,59.0,R,5.0,R,0.0,R,5.0,R,1.0,R,20.0,R,9.0
203748,2013,R,997.0,R,3666.0,R,27.0,R,1224.0,Z,0.0,R,1224.0,R,738.0,R,60.0,R,1059.0,Z,0.0,R,1059.0,R,419.0,R,40.0,R,19.0
203757,2013,R,209.0,R,416.0,R,50.0,R,254.0,Z,0.0,R,254.0,R,158.0,R,62.0,R,13.0,Z,0.0,R,13.0,R,3.0,R,23.0,R,12.0
203775,2013,R,314.0,R,489.0,R,64.0,R,352.0,R,0.0,R,352.0,R,251.0,R,71.0,R,1.0,R,0.0,R,1.0,R,1.0,R,100.0,R,11.0
203845,2013,R,385.0,R,437.0,R,88.0,R,393.0,R,0.0,R,393.0,R,281.0,R,72.0,A,,A,,A,,A,,A,,R,11.0
203881,2013,R,190.0,R,1082.0,R,18.0,R,191.0,R,0.0,R,191.0,R,82.0,R,43.0,R,617.0,R,0.0,R,617.0,R,234.0,R,38.0,R,15.0
203942,2013,A,,A,,A,,R,29.0,R,0.0,R,29.0,R,22.0,R,76.0,R,31.0,R,0.0,R,31.0,R,28.0,R,90.0,R,7.0
203960,2013,R,31.0,R,393.0,R,8.0,R,22.0,R,0.0,R,22.0,R,19.0,R,86.0,R,0.0,R,0.0,R,0.0,R,0.0,A,,R,7.0
204006,2013,R,645.0,R,1161.0,R,56.0,R,626.0,R,1.0,R,625.0,R,405.0,R,65.0,R,120.0,R,0.0,R,120.0,R,45.0,R,38.0,R,19.0
204015,2013,R,359.0,R,936.0,R,38.0,R,334.0,R,1.0,R,333.0,R,202.0,R,61.0,R,62.0,R,0.0,R,62.0,R,16.0,R,26.0,R,16.0
204024,2013,R,3637.0,R,3955.0,R,92.0,R,3720.0,R,0.0,R,3720.0,R,3332.0,R,90.0,R,4.0,R,0.0,R,4.0,R,4.0,R,100.0,R,16.0
204060,2013,R,43.0,R,79.0,R,54.0,R,33.0,Z,0.0,R,33.0,R,17.0,R,52.0,R,9.0,Z,0.0,R,9.0,R,2.0,R,22.0,R,13.0
204121,2013,A,,A,,A,,R,23.0,R,2.0,R,21.0,R,16.0,R,76.0,R,23.0,R,3.0,R,20.0,R,14.0,R,70.0,R,15.0
204158,2013,A,,A,,A,,R,196.0,R,0.0,R,196.0,R,175.0,R,89.0,A,,A,,A,,A,,A,,R,5.0
204176,2013,R,86.0,R,242.0,R,36.0,R,82.0,R,0.0,R,82.0,R,63.0,R,77.0,R,3.0,R,0.0,R,3.0,R,2.0,R,67.0,R,12.0
204185,2013,R,552.0,R,645.0,R,86.0,R,647.0,R,0.0,R,647.0,R,477.0,R,74.0,A,,A,,A,,A,,A,,R,13.0
204194,2013,R,301.0,R,405.0,R,74.0,R,290.0,R,0.0,R,290.0,R,211.0,R,73.0,R,0.0,Z,0.0,R,0.0,Z,0.0,A,,R,17.0
204200,2013,R,312.0,R,496.0,R,63.0,R,274.0,R,0.0,R,274.0,R,190.0,R,69.0,R,7.0,R,0.0,R,7.0,R,3.0,R,43.0,R,11.0
204255,2013,R,358.0,R,2280.0,R,16.0,R,385.0,R,0.0,R,385.0,R,200.0,R,52.0,R,183.0,R,0.0,R,183.0,R,48.0,R,26.0,R,18.0
204264,2013,R,403.0,R,557.0,R,72.0,R,404.0,R,0.0,R,404.0,R,276.0,R,68.0,R,0.0,R,0.0,R,0.0,R,0.0,A,,R,14.0
204307,2013,A,,A,,A,,R,10.0,Z,0.0,R,10.0,R,9.0,R,90.0,R,0.0,Z,0.0,R,0.0,Z,0.0,A,,R,13.0
204316,2013,R,148.0,R,158.0,R,94.0,R,0.0,Z,0.0,R,0.0,Z,0.0,A,,A,,A,,A,,A,,A,,R,9.0
204334,2013,A,,A,,A,,R,26.0,R,0.0,R,26.0,R,22.0,R,85.0,A,,A,,A,,A,,A,,R,8.0
204422,2013,R,218.0,R,1092.0,R,20.0,R,229.0,R,0.0,R,229.0,R,121.0,R,53.0,R,195.0,R,0.0,R,195.0,R,79.0,R,41.0,R,14.0
204431,2013,A,,A,,A,,R,15.0,R,0.0,R,15.0,R,10.0,R,67.0,A,,A,,A,,A,,A,,R,19.0
204440,2013,R,160.0,R,1081.0,R,15.0,R,223.0,R,0.0,R,223.0,R,132.0,R,59.0,R,250.0,R,0.0,R,250.0,R,96.0,R,38.0,R,21.0
204459,2013,A,,A,,A,,R,31.0,R,0.0,R,31.0,R,24.0,R,77.0,A,,A,,A,,A,,A,,R,14.0
204468,2013,R,330.0,R,653.0,R,51.0,R,385.0,R,0.0,R,385.0,R,232.0,R,60.0,R,0.0,Z,0.0,R,0.0,Z,0.0,A,,R,15.0
204486,2013,R,1298.0,R,1564.0,R,83.0,R,105.0,R,0.0,R,105.0,R,71.0,R,68.0,R,3.0,R,0.0,R,3.0,R,0.0,R,0.0,R,26.0
204501,2013,R,780.0,R,804.0,R,97.0,R,759.0,R,0.0,R,759.0,R,709.0,R,93.0,R,5.0,R,0.0,R,5.0,R,2.0,R,40.0,R,9.0
204592,2013,R,26.0,R,58.0,R,45.0,R,23.0,R,0.0,R,23.0,R,13.0,R,57.0,R,11.0,R,0.0,R,11.0,R,7.0,R,64.0,R,16.0
204608,2013,A,,A,,A,,R,306.0,R,3.0,R,303.0,R,251.0,R,83.0,A,,A,,A,,A,,A,,R,20.0
204617,2013,R,237.0,R,739.0,R,32.0,R,266.0,R,0.0,R,266.0,R,176.0,R,66.0,R,5.0,R,0.0,R,5.0,R,1.0,R,20.0,R,14.0
204626,2013,A,,A,,A,,R,59.0,R,0.0,R,59.0,R,40.0,R,68.0,A,,A,,A,,A,,A,,R,21.0
204635,2013,R,613.0,R,1081.0,R,57.0,R,630.0,R,0.0,R,630.0,R,531.0,R,84.0,A,,A,,A,,A,,A,,R,12.0
204662,2013,R,280.0,R,313.0,R,89.0,R,304.0,R,0.0,R,304.0,R,197.0,R,65.0,R,2.0,R,0.0,R,2.0,R,1.0,R,50.0,R,16.0
204671,2013,R,381.0,R,498.0,R,77.0,R,414.0,R,0.0,R,414.0,R,245.0,R,59.0,R,13.0,R,0.0,R,13.0,R,2.0,R,15.0,R,17.0
204680,2013,R,486.0,R,580.0,R,84.0,R,470.0,R,0.0,R,470.0,R,297.0,R,63.0,R,15.0,R,0.0,R,15.0,R,8.0,R,53.0,R,19.0
204699,2013,R,406.0,R,539.0,R,75.0,R,353.0,R,1.0,R,352.0,R,220.0,R,63.0,R,56.0,R,0.0,R,56.0,R,33.0,R,59.0,R,18.0
204705,2013,R,1056.0,R,1264.0,R,84.0,R,1090.0,R,0.0,R,1090.0,R,626.0,R,57.0,R,46.0,R,0.0,R,46.0,R,11.0,R,24.0,R,25.0
204714,2013,A,,A,,A,,R,49.0,R,0.0,R,49.0,R,26.0,R,53.0,A,,A,,A,,A,,A,,R,21.0
204723,2013,A,,A,,A,,R,32.0,R,0.0,R,32.0,R,29.0,R,91.0,A,,A,,A,,A,,A,,R,28.0
204769,2013,A,,A,,A,,R,60.0,Z,0.0,R,60.0,R,47.0,R,78.0,A,,A,,A,,A,,A,,R,19.0
204778,2013,A,,A,,A,,R,62.0,Z,0.0,R,62.0,R,47.0,R,76.0,A,,A,,A,,A,,A,,R,17.0
204796,2013,R,7121.0,R,10129.0,R,70.0,R,7204.0,R,0.0,R,7204.0,R,6660.0,R,92.0,R,11.0,R,0.0,R,11.0,R,9.0,R,82.0,R,19.0
204802,2013,R,119.0,R,241.0,R,49.0,R,129.0,R,0.0,R,129.0,R,79.0,R,61.0,R,3.0,R,0.0,R,3.0,R,0.0,R,0.0,R,21.0
204820,2013,R,341.0,R,575.0,R,59.0,R,291.0,R,0.0,R,291.0,R,147.0,R,51.0,R,57.0,R,0.0,R,57.0,R,16.0,R,28.0,R,21.0
204839,2013,R,254.0,R,485.0,R,52.0,R,232.0,R,0.0,R,232.0,R,119.0,R,51.0,R,28.0,R,0.0,R,28.0,R,11.0,R,39.0,R,21.0
204848,2013,R,410.0,R,702.0,R,58.0,R,316.0,R,0.0,R,316.0,R,190.0,R,60.0,R,43.0,R,0.0,R,43.0,R,23.0,R,53.0,R,22.0
204857,2013,R,4233.0,R,5910.0,R,72.0,R,3869.0,R,0.0,R,3869.0,R,3042.0,R,79.0,R,17.0,R,0.0,R,17.0,R,7.0,R,41.0,R,18.0
204866,2013,R,288.0,R,521.0,R,55.0,R,266.0,R,0.0,R,266.0,R,138.0,R,52.0,R,18.0,R,0.0,R,18.0,R,5.0,R,28.0,R,20.0
204884,2013,R,35.0,R,91.0,R,38.0,R,50.0,R,0.0,R,50.0,R,32.0,R,64.0,A,,A,,A,,A,,A,,R,15.0
204893,2013,A,,A,,A,,R,0.0,R,0.0,R,0.0,R,0.0,A,,A,,A,,A,,A,,A,,R,10.0
204909,2013,R,536.0,R,570.0,R,94.0,R,537.0,R,0.0,R,537.0,R,430.0,R,80.0,R,0.0,Z,0.0,R,0.0,Z,0.0,A,,R,11.0
204936,2013,R,568.0,R,693.0,R,82.0,R,559.0,R,0.0,R,559.0,R,427.0,R,76.0,R,5.0,R,0.0,R,5.0,R,1.0,R,20.0,R,11.0
204945,2013,R,1414.0,R,3210.0,R,44.0,R,1483.0,R,0.0,R,1483.0,R,727.0,R,49.0,R,920.0,R,1.0,R,919.0,R,324.0,R,35.0,R,18.0
204963,2013,A,,A,,A,,R,52.0,R,0.0,R,52.0,R,33.0,R,63.0,R,51.0,R,0.0,R,51.0,R,36.0,R,71.0,R,16.0
204981,2013,A,,A,,A,,R,16.0,R,0.0,R,16.0,R,15.0,R,94.0,R,12.0,R,0.0,R,12.0,R,8.0,R,67.0,R,8.0
205027,2013,R,14.0,R,54.0,R,26.0,R,19.0,R,0.0,R,19.0,R,16.0,R,84.0,A,,A,,A,,A,,A,,R,5.0
205054,2013,R,21.0,R,130.0,R,16.0,R,18.0,R,0.0,R,18.0,R,13.0,R,72.0,A,,A,,A,,A,,A,,R,14.0
205090,2013,A,,A,,A,,A,,A,,A,,A,,A,,A,,A,,A,,A,,A,,R,8.0
205124,2013,R,13.0,R,15.0,R,87.0,R,14.0,R,0.0,R,14.0,R,10.0,R,71.0,A,,A,,A,,A,,A,,R,10.0
205142,2013,A,,A,,A,,R,16.0,R,1.0,R,15.0,R,14.0,R,93.0,R,17.0,R,0.0,R,17.0,R,16.0,R,94.0,R,15.0
205179,2013,A,,A,,A,,R,1.0,Z,0.0,R,1.0,R,1.0,R,100.0,A,,A,,A,,A,,A,,R,30.0
205203,2013,R,386.0,R,769.0,R,50.0,R,311.0,R,0.0,R,311.0,R,158.0,R,51.0,R,16.0,R,0.0,R,16.0,R,9.0,R,56.0,R,18.0
205391,2013,R,74.0,R,82.0,R,90.0,R,70.0,R,0.0,R,70.0,R,58.0,R,83.0,A,,A,,A,,A,,A,,R,12.0
205443,2013,R,1065.0,R,1337.0,R,80.0,R,739.0,R,0.0,R,739.0,R,384.0,R,52.0,R,26.0,R,0.0,R,26.0,R,11.0,R,42.0,R,19.0
205470,2013,R,1639.0,R,6312.0,R,26.0,R,2339.0,Z,0.0,R,2339.0,R,1071.0,R,46.0,R,1550.0,Z,0.0,R,1550.0,R,611.0,R,39.0,R,16.0
205513,2013,R,19.0,R,20.0,R,95.0,R,13.0,Z,0.0,R,13.0,R,2.0,R,15.0,R,5.0,Z,0.0,R,5.0,R,1.0,R,20.0,R,11.0
205522,2013,R,9.0,R,16.0,R,56.0,R,0.0,R,0.0,R,0.0,R,0.0,A,,R,1.0,R,0.0,R,1.0,R,1.0,R,100.0,R,10.0
205531,2013,R,6.0,R,16.0,R,38.0,R,3.0,R,0.0,R,3.0,R,0.0,R,0.0,R,1.0,R,0.0,R,1.0,R,0.0,R,0.0,R,9.0
205559,2013,R,9.0,R,17.0,R,53.0,R,5.0,R,0.0,R,5.0,R,1.0,R,20.0,R,2.0,R,0.0,R,2.0,R,1.0,R,50.0,R,11.0
205568,2013,R,5.0,R,18.0,R,28.0,R,5.0,R,0.0,R,5.0,R,4.0,R,80.0,R,0.0,R,0.0,R,0.0,R,0.0,A,,R,7.0
205610,2013,R,172.0,R,313.0,R,55.0,R,3.0,Z,0.0,R,3.0,R,2.0,R,67.0,A,,A,,A,,A,,A,,R,14.0
205647,2013,R,87.0,R,168.0,R,52.0,R,2.0,Z,0.0,R,2.0,R,0.0,R,0.0,A,,A,,A,,A,,A,,R,11.0
205708,2013,A,,A,,A,,R,55.0,R,0.0,R,55.0,R,27.0,R,49.0,R,0.0,R,0.0,R,0.0,R,0.0,A,,R,11.0
205726,2013,A,,A,,A,,R,72.0,R,0.0,R,72.0,R,23.0,R,32.0,R,0.0,R,0.0,R,0.0,R,0.0,A,,R,7.0
205841,2013,R,1398.0,R,3992.0,R,35.0,R,1585.0,R,0.0,R,1585.0,R,722.0,R,46.0,R,1685.0,R,0.0,R,1685.0,R,726.0,R,43.0,R,22.0
205887,2013,R,19.0,R,205.0,R,9.0,R,61.0,R,0.0,R,61.0,R,31.0,R,51.0,R,47.0,R,0.0,R,47.0,R,12.0,R,26.0,R,16.0
205957,2013,R,458.0,R,635.0,R,72.0,R,394.0,R,1.0,R,393.0,R,339.0,R,86.0,R,0.0,R,0.0,R,0.0,R,0.0,A,,R,15.0
205966,2013,R,289.0,R,685.0,R,42.0,R,192.0,R,0.0,R,192.0,R,90.0,R,47.0,R,114.0,R,0.0,R,114.0,R,47.0,R,41.0,R,17.0
206002,2013,R,67.0,R,71.0,R,94.0,R,45.0,R,0.0,R,45.0,R,16.0,R,36.0,R,0.0,R,0.0,R,0.0,R,0.0,A,,R,9.0
206011,2013,R,212.0,R,688.0,R,31.0,R,318.0,R,1.0,R,317.0,R,126.0,R,40.0,R,200.0,R,0.0,R,200.0,R,65.0,R,33.0,R,13.0
206039,2013,A,,A,,A,,R,37.0,R,0.0,R,37.0,R,27.0,R,73.0,A,,A,,A,,A,,A,,R,11.0
206048,2013,R,464.0,R,1132.0,R,41.0,R,447.0,R,0.0,R,447.0,R,290.0,R,65.0,R,0.0,R,0.0,R,0.0,R,0.0,A,,R,18.0
206084,2013,R,3277.0,R,4624.0,R,71.0,R,3228.0,R,1.0,R,3227.0,R,2196.0,R,68.0,R,75.0,R,0.0,R,75.0,R,32.0,R,43.0,R,21.0
206093,2013,A,,A,,A,,R,70.0,R,0.0,R,70.0,R,46.0,R,66.0,A,,A,,A,,A,,A,,R,30.0
206154,2013,R,2.0,R,11.0,R,18.0,R,1.0,R,0.0,R,1.0,R,0.0,R,0.0,R,1.0,R,0.0,R,1.0,R,1.0,R,100.0,R,6.0
206172,2013,A,,A,,A,,R,82.0,R,0.0,R,82.0,R,55.0,R,67.0,A,,A,,A,,A,,A,,R,15.0
206181,2013,A,,A,,A,,R,20.0,R,0.0,R,20.0,R,19.0,R,95.0,R,1.0,R,0.0,R,1.0,R,1.0,R,100.0,R,8.0
206224,2013,R,29.0,R,73.0,R,40.0,R,32.0,R,0.0,R,32.0,R,18.0,R,56.0,R,6.0,R,0.0,R,6.0,R,4.0,R,67.0,R,9.0
206279,2013,R,12.0,R,441.0,R,3.0,R,9.0,R,0.0,R,9.0,R,4.0,R,44.0,R,11.0,R,0.0,R,11.0,R,5.0,R,45.0,R,8.0
206321,2013,A,,A,,A,,R,17.0,R,0.0,R,17.0,R,16.0,R,94.0,R,0.0,R,0.0,R,0.0,R,0.0,A,,R,13.0
206330,2013,R,251.0,R,805.0,R,31.0,R,152.0,R,0.0,R,152.0,R,120.0,R,79.0,R,36.0,R,0.0,R,36.0,R,15.0,R,42.0,R,18.0
206349,2013,R,102.0,R,208.0,R,49.0,R,89.0,R,0.0,R,89.0,R,58.0,R,65.0,R,1.0,R,0.0,R,1.0,R,0.0,R,0.0,R,7.0
206358,2013,A,,A,,A,,R,5.0,Z,0.0,R,5.0,R,4.0,R,80.0,A,,A,,A,,A,,A,,R,9.0
206394,2013,R,10.0,R,45.0,R,22.0,R,17.0,R,0.0,R,17.0,R,12.0,R,71.0,R,0.0,R,0.0,R,0.0,R,0.0,A,,R,7.0
206437,2013,R,492.0,R,725.0,R,68.0,R,494.0,R,0.0,R,494.0,R,363.0,R,73.0,R,0.0,R,0.0,R,0.0,R,0.0,A,,R,13.0
206446,2013,R,129.0,R,867.0,R,15.0,R,279.0,R,0.0,R,279.0,R,170.0,R,61.0,R,184.0,R,0.0,R,184.0,R,66.0,R,36.0,R,17.0
206482,2013,A,,A,,A,,R,33.0,R,0.0,R,33.0,R,17.0,R,52.0,R,29.0,R,0.0,R,29.0,R,16.0,R,55.0,R,17.0
206491,2013,R,70.0,R,86.0,R,81.0,R,115.0,R,57.0,R,58.0,R,43.0,R,74.0,A,,A,,A,,A,,A,,R,8.0
206507,2013,R,256.0,R,323.0,R,79.0,R,274.0,R,0.0,R,274.0,R,224.0,R,82.0,R,2.0,R,0.0,R,2.0,R,1.0,R,50.0,R,15.0
206525,2013,R,549.0,R,631.0,R,87.0,R,489.0,R,0.0,R,489.0,R,364.0,R,74.0,A,,A,,A,,A,,A,,R,12.0
206589,2013,R,560.0,R,579.0,R,97.0,R,573.0,R,0.0,R,573.0,R,499.0,R,87.0,A,,A,,A,,A,,A,,R,12.0
206604,2013,R,2141.0,R,3473.0,R,62.0,R,2327.0,R,2.0,R,2325.0,R,1431.0,R,62.0,R,42.0,R,0.0,R,42.0,R,10.0,R,24.0,R,21.0
206613,2013,R,205.0,R,291.0,R,70.0,R,169.0,R,0.0,R,169.0,R,113.0,R,67.0,R,13.0,R,0.0,R,13.0,R,5.0,R,38.0,R,29.0
206622,2013,R,1284.0,R,1483.0,R,87.0,R,1061.0,R,4.0,R,1057.0,R,882.0,R,83.0,R,5.0,R,0.0,R,5.0,R,1.0,R,20.0,R,12.0
206631,2013,R,59.0,R,81.0,R,73.0,R,0.0,R,0.0,R,0.0,R,0.0,A,,R,0.0,R,0.0,R,0.0,R,0.0,A,,R,15.0
206695,2013,R,1985.0,R,3028.0,R,66.0,R,1944.0,R,1.0,R,1943.0,R,1347.0,R,69.0,R,110.0,R,0.0,R,110.0,R,41.0,R,37.0,R,17.0
206783,2013,A,,A,,A,,R,11.0,R,0.0,R,11.0,R,9.0,R,82.0,A,,A,,A,,A,,A,,R,12.0
206817,2013,R,237.0,R,428.0,R,55.0,R,160.0,R,0.0,R,160.0,R,53.0,R,33.0,R,0.0,R,0.0,R,0.0,R,0.0,A,,R,17.0
206835,2013,R,177.0,R,382.0,R,46.0,R,139.0,R,0.0,R,139.0,R,70.0,R,50.0,R,0.0,R,0.0,R,0.0,R,0.0,A,,R,15.0
206862,2013,R,283.0,R,376.0,R,75.0,R,275.0,R,0.0,R,275.0,R,186.0,R,68.0,R,0.0,R,0.0,R,0.0,R,0.0,A,,R,14.0
206880,2013,A,,A,,A,,R,29.0,R,0.0,R,29.0,R,28.0,R,97.0,A,,A,,A,,A,,A,,R,18.0
206905,2013,A,,A,,A,,R,2.0,R,0.0,R,2.0,R,2.0,R,100.0,R,16.0,R,0.0,R,16.0,R,16.0,R,100.0,R,29.0
206914,2013,R,829.0,R,1643.0,R,50.0,R,500.0,R,0.0,R,500.0,R,302.0,R,60.0,R,55.0,R,0.0,R,55.0,R,22.0,R,40.0,R,20.0
206923,2013,R,607.0,R,1042.0,R,58.0,R,733.0,R,0.0,R,733.0,R,436.0,R,59.0,R,105.0,R,0.0,R,105.0,R,42.0,R,40.0,R,24.0
206932,2013,A,,A,,A,,R,10.0,R,0.0,R,10.0,R,8.0,R,80.0,R,20.0,R,0.0,R,20.0,R,16.0,R,80.0,R,13.0
206941,2013,R,2082.0,R,3987.0,R,52.0,R,2092.0,R,0.0,R,2092.0,R,1362.0,R,65.0,R,178.0,R,0.0,R,178.0,R,82.0,R,46.0,R,21.0
206969,2013,A,,A,,A,,R,8.0,R,0.0,R,8.0,R,6.0,R,75.0,A,,A,,A,,A,,A,,R,9.0
206996,2013,R,501.0,R,985.0,R,51.0,R,487.0,R,0.0,R,487.0,R,214.0,R,44.0,R,78.0,R,0.0,R,78.0,R,29.0,R,37.0,R,24.0
207041,2013,R,596.0,R,1004.0,R,59.0,R,603.0,R,0.0,R,603.0,R,377.0,R,63.0,R,24.0,R,0.0,R,24.0,R,9.0,R,38.0,R,19.0
207050,2013,R,280.0,R,735.0,R,38.0,R,375.0,R,0.0,R,375.0,R,169.0,R,45.0,R,79.0,R,0.0,R,79.0,R,27.0,R,34.0,R,20.0
207069,2013,R,297.0,R,1714.0,R,17.0,R,346.0,R,0.0,R,346.0,R,169.0,R,49.0,R,140.0,R,0.0,R,140.0,R,49.0,R,35.0,R,26.0
207087,2013,A,,A,,A,,R,14.0,R,0.0,R,14.0,R,13.0,R,93.0,A,,A,,A,,A,,A,,R,13.0
207102,2013,A,,A,,A,,R,16.0,R,0.0,R,16.0,R,15.0,R,94.0,A,,A,,A,,A,,A,,R,14.0
207157,2013,R,40.0,R,42.0,R,95.0,R,53.0,R,0.0,R,53.0,R,24.0,R,45.0,R,1.0,R,0.0,R,1.0,R,1.0,R,100.0,R,6.0
207166,2013,A,,A,,A,,R,17.0,R,0.0,R,17.0,R,13.0,R,76.0,A,,A,,A,,A,,A,,R,15.0
207209,2013,R,597.0,R,1219.0,R,49.0,R,140.0,R,0.0,R,140.0,R,98.0,R,70.0,R,3.0,R,0.0,R,3.0,R,1.0,R,33.0,R,18.0
207236,2013,R,441.0,R,1199.0,R,37.0,R,340.0,R,0.0,R,340.0,R,186.0,R,55.0,R,117.0,R,0.0,R,117.0,R,49.0,R,42.0,R,20.0
207254,2013,A,,A,,A,,R,341.0,R,0.0,R,341.0,R,253.0,R,74.0,A,,A,,A,,A,,A,,R,21.0
207263,2013,R,852.0,R,2348.0,R,36.0,R,880.0,R,0.0,R,880.0,R,599.0,R,68.0,R,37.0,R,0.0,R,37.0,R,17.0,R,46.0,R,18.0
207272,2013,A,,A,,A,,R,33.0,Z,0.0,R,33.0,R,24.0,R,73.0,A,,A,,A,,A,,A,,R,12.0
207281,2013,R,815.0,R,2451.0,R,33.0,R,799.0,R,0.0,R,799.0,R,404.0,R,51.0,R,207.0,R,0.0,R,207.0,R,90.0,R,43.0,R,17.0
207290,2013,R,728.0,R,1125.0,R,65.0,R,766.0,R,0.0,R,766.0,R,403.0,R,53.0,R,52.0,R,0.0,R,52.0,R,27.0,R,52.0,R,22.0
207306,2013,R,386.0,R,720.0,R,54.0,R,360.0,R,0.0,R,360.0,R,213.0,R,59.0,R,54.0,R,0.0,R,54.0,R,19.0,R,35.0,R,17.0
207324,2013,R,526.0,R,676.0,R,78.0,R,395.0,R,0.0,R,395.0,R,336.0,R,85.0,R,3.0,R,0.0,R,3.0,R,2.0,R,67.0,R,16.0
207342,2013,A,,A,,A,,A,,A,,A,,A,,A,,A,,A,,A,,A,,A,,R,8.0
207351,2013,R,271.0,R,389.0,R,70.0,R,105.0,R,0.0,R,105.0,R,66.0,R,63.0,R,1.0,R,0.0,R,1.0,R,1.0,R,100.0,R,16.0
207388,2013,R,3701.0,R,5622.0,R,66.0,R,4160.0,R,0.0,R,4160.0,R,3270.0,R,79.0,R,131.0,R,0.0,R,131.0,R,83.0,R,63.0,R,20.0
207397,2013,R,524.0,R,4690.0,R,11.0,R,0.0,R,0.0,R,0.0,R,0.0,A,,R,0.0,R,0.0,R,0.0,R,0.0,A,,R,21.0
207403,2013,R,578.0,R,725.0,R,80.0,R,505.0,R,0.0,R,505.0,R,374.0,R,74.0,R,1.0,R,0.0,R,1.0,R,1.0,R,100.0,R,15.0
207449,2013,R,1158.0,R,4187.0,R,28.0,R,1207.0,R,0.0,R,1207.0,R,534.0,R,44.0,R,1278.0,R,0.0,R,1278.0,R,396.0,R,31.0,R,22.0
207458,2013,R,355.0,R,592.0,R,60.0,R,318.0,R,0.0,R,318.0,R,259.0,R,81.0,R,1.0,R,0.0,R,1.0,R,0.0,R,0.0,R,11.0
207500,2013,R,3727.0,R,5618.0,R,66.0,R,4063.0,R,0.0,R,4063.0,R,3411.0,R,84.0,R,30.0,R,0.0,R,30.0,R,16.0,R,53.0,R,18.0
207537,2013,A,,A,,A,,R,12.0,Z,0.0,R,12.0,R,11.0,R,92.0,A,,A,,A,,A,,A,,R,9.0
207564,2013,R,542.0,R,1395.0,R,39.0,R,80.0,R,0.0,R,80.0,R,29.0,R,36.0,R,11.0,R,0.0,R,11.0,R,3.0,R,27.0,R,19.0
207582,2013,R,393.0,R,617.0,R,64.0,R,465.0,R,2.0,R,463.0,R,373.0,R,81.0,R,4.0,R,0.0,R,4.0,R,1.0,R,25.0,R,15.0
207607,2013,A,,A,,A,,R,16.0,R,0.0,R,16.0,R,16.0,R,100.0,R,17.0,R,0.0,R,17.0,R,16.0,R,94.0,R,10.0
207625,2013,A,,A,,A,,R,91.0,R,0.0,R,91.0,R,48.0,R,53.0,A,,A,,A,,A,,A,,R,16.0
207661,2013,R,645.0,R,1554.0,R,42.0,R,225.0,R,0.0,R,225.0,R,136.0,R,60.0,R,17.0,R,0.0,R,17.0,R,3.0,R,18.0,R,23.0
207670,2013,R,822.0,R,2783.0,R,30.0,R,876.0,R,0.0,R,876.0,R,428.0,R,49.0,R,531.0,R,0.0,R,531.0,R,182.0,R,34.0,R,20.0
207689,2013,R,108.0,R,167.0,R,65.0,R,87.0,R,0.0,R,87.0,R,42.0,R,48.0,R,11.0,R,0.0,R,11.0,R,9.0,R,82.0,R,9.0
207704,2013,A,,A,,A,,R,13.0,R,0.0,R,13.0,R,9.0,R,69.0,A,,A,,A,,A,,A,,R,14.0
207722,2013,R,173.0,R,338.0,R,51.0,R,165.0,R,0.0,R,165.0,R,114.0,R,69.0,R,14.0,R,0.0,R,14.0,R,3.0,R,21.0,R,13.0
207740,2013,R,408.0,R,1027.0,R,40.0,R,410.0,R,0.0,R,410.0,R,221.0,R,54.0,R,148.0,R,0.0,R,148.0,R,40.0,R,27.0,R,16.0
207786,2013,A,,A,,A,,R,30.0,R,2.0,R,28.0,R,25.0,R,89.0,A,,A,,A,,A,,A,,R,25.0
207847,2013,R,511.0,R,1341.0,R,38.0,R,570.0,R,0.0,R,570.0,R,327.0,R,57.0,R,20.0,R,0.0,R,20.0,R,8.0,R,40.0,R,17.0
207856,2013,R,157.0,R,355.0,R,44.0,R,95.0,R,0.0,R,95.0,R,49.0,R,52.0,R,22.0,R,0.0,R,22.0,R,10.0,R,45.0,R,17.0
207865,2013,R,875.0,R,1414.0,R,62.0,R,762.0,R,0.0,R,762.0,R,534.0,R,70.0,R,13.0,R,0.0,R,13.0,R,5.0,R,38.0,R,18.0
207935,2013,R,1720.0,R,5968.0,R,29.0,R,1664.0,R,0.0,R,1664.0,R,891.0,R,54.0,R,1582.0,R,0.0,R,1582.0,R,595.0,R,38.0,R,19.0
207962,2013,A,,A,,A,,R,360.0,R,0.0,R,360.0,R,248.0,R,69.0,A,,A,,A,,A,,A,,R,30.0
207971,2013,R,851.0,R,1029.0,R,83.0,R,797.0,R,0.0,R,797.0,R,720.0,R,90.0,R,9.0,R,0.0,R,9.0,R,3.0,R,33.0,R,11.0
208017,2013,A,,A,,A,,R,6.0,R,0.0,R,6.0,R,4.0,R,67.0,A,,A,,A,,A,,A,,R,8.0
208026,2013,A,,A,,A,,R,99.0,R,0.0,R,99.0,R,96.0,R,97.0,R,67.0,R,0.0,R,67.0,R,65.0,R,97.0,R,13.0
208035,2013,R,273.0,R,885.0,R,31.0,R,308.0,R,0.0,R,308.0,R,152.0,R,49.0,R,91.0,R,0.0,R,91.0,R,12.0,R,13.0,R,19.0
208044,2013,A,,A,,A,,R,22.0,R,0.0,R,22.0,R,18.0,R,82.0,A,,A,,A,,A,,A,,R,15.0
208053,2013,A,,A,,A,,R,27.0,R,0.0,R,27.0,R,21.0,R,78.0,R,9.0,R,0.0,R,9.0,R,3.0,R,33.0,R,14.0
208080,2013,A,,A,,A,,R,11.0,R,0.0,R,11.0,R,8.0,R,73.0,A,,A,,A,,A,,A,,R,14.0
208123,2013,A,,A,,A,,A,,A,,A,,A,,A,,A,,A,,A,,A,,A,,R,12.0
208187,2013,A,,A,,A,,R,0.0,R,0.0,R,0.0,R,0.0,A,,A,,A,,A,,A,,A,,R,15.0
208239,2013,R,169.0,R,416.0,R,41.0,R,148.0,Z,0.0,R,148.0,R,67.0,R,45.0,R,30.0,Z,0.0,R,30.0,R,13.0,R,43.0,R,14.0
208248,2013,A,,A,,A,,R,23.0,R,0.0,R,23.0,R,21.0,R,91.0,A,,A,,A,,A,,A,,R,17.0
208275,2013,R,328.0,R,885.0,R,37.0,R,357.0,R,0.0,R,357.0,R,115.0,R,32.0,R,110.0,R,0.0,R,110.0,R,36.0,R,33.0,R,17.0
208318,2013,R,484.0,R,1475.0,R,33.0,R,651.0,Z,0.0,R,651.0,R,353.0,R,54.0,R,494.0,Z,0.0,R,494.0,R,198.0,R,40.0,R,22.0
208390,2013,R,876.0,R,2231.0,R,39.0,R,815.0,R,0.0,R,815.0,R,427.0,R,52.0,R,608.0,R,0.0,R,608.0,R,229.0,R,38.0,R,26.0
208406,2013,R,678.0,R,2910.0,R,23.0,R,730.0,R,0.0,R,730.0,R,356.0,R,49.0,R,927.0,R,0.0,R,927.0,R,266.0,R,29.0,R,23.0
208415,2013,R,81.0,R,182.0,R,45.0,R,31.0,R,0.0,R,31.0,R,1.0,R,3.0,R,47.0,R,0.0,R,47.0,R,1.0,R,2.0,R,14.0
208433,2013,A,,A,,A,,R,16.0,R,0.0,R,16.0,R,14.0,R,88.0,A,,A,,A,,A,,A,,R,13.0
208479,2013,A,,A,,A,,R,223.0,R,0.0,R,223.0,R,158.0,R,71.0,A,,A,,A,,A,,A,,R,43.0
208488,2013,R,220.0,R,507.0,R,43.0,R,246.0,R,0.0,R,246.0,R,174.0,R,71.0,R,1.0,R,0.0,R,1.0,R,0.0,R,0.0,R,23.0
208512,2013,A,,A,,A,,R,37.0,R,0.0,R,37.0,R,35.0,R,95.0,A,,A,,A,,A,,A,,R,10.0
208637,2013,A,,A,,A,,A,,A,,A,,A,,A,,A,,A,,A,,A,,A,,R,12.0
208646,2013,R,341.0,R,1153.0,R,30.0,R,381.0,R,0.0,R,381.0,R,243.0,R,64.0,R,45.0,R,0.0,R,45.0,R,20.0,R,44.0,R,25.0
208655,2013,A,,A,,A,,R,14.0,R,0.0,R,14.0,R,7.0,R,50.0,A,,A,,A,,A,,A,,R,12.0
208725,2013,R,31.0,R,70.0,R,44.0,R,45.0,R,0.0,R,45.0,R,21.0,R,47.0,R,2.0,R,0.0,R,2.0,R,0.0,R,0.0,R,12.0
208822,2013,R,619.0,R,893.0,R,69.0,R,420.0,R,0.0,R,420.0,R,347.0,R,83.0,R,2.0,R,0.0,R,2.0,R,2.0,R,100.0,R,14.0
208859,2013,A,,A,,A,,R,45.0,R,1.0,R,44.0,R,35.0,R,80.0,A,,A,,A,,A,,A,,R,10.0
208965,2013,R,62.0,R,91.0,R,68.0,R,0.0,R,0.0,R,0.0,R,0.0,A,,R,1.0,R,0.0,R,1.0,R,0.0,R,0.0,R,17.0
209038,2013,R,716.0,R,2264.0,R,32.0,R,671.0,R,0.0,R,671.0,R,338.0,R,50.0,R,668.0,R,1.0,R,667.0,R,288.0,R,43.0,R,18.0
209056,2013,R,473.0,R,595.0,R,79.0,R,552.0,R,0.0,R,552.0,R,476.0,R,86.0,A,,A,,A,,A,,A,,R,11.0
209065,2013,R,447.0,R,531.0,R,84.0,R,443.0,R,2.0,R,441.0,R,355.0,R,80.0,R,0.0,R,0.0,R,0.0,R,0.0,A,,R,12.0
209074,2013,R,809.0,R,2215.0,R,37.0,R,1187.0,R,3.0,R,1184.0,R,611.0,R,52.0,R,945.0,R,1.0,R,944.0,R,376.0,R,40.0,R,19.0
209083,2013,A,,A,,A,,R,7.0,R,0.0,R,7.0,R,5.0,R,71.0,A,,A,,A,,A,,A,,R,15.0
209108,2013,R,2.0,R,175.0,R,1.0,R,4.0,R,0.0,R,4.0,R,2.0,R,50.0,R,5.0,R,0.0,R,5.0,R,2.0,R,40.0,R,6.0
209153,2013,A,,A,,A,,R,65.0,Z,0.0,R,65.0,R,53.0,R,82.0,A,,A,,A,,A,,A,,R,13.0
209205,2013,A,,A,,A,,R,16.0,R,0.0,R,16.0,R,15.0,R,94.0,A,,A,,A,,A,,A,,R,15.0
209241,2013,R,15.0,R,15.0,R,100.0,R,13.0,R,0.0,R,13.0,R,11.0,R,85.0,A,,A,,A,,A,,A,,R,5.0
209250,2013,R,1269.0,R,5219.0,R,24.0,R,1461.0,R,0.0,R,1461.0,R,759.0,R,52.0,R,1033.0,Z,0.0,R,1033.0,R,354.0,R,34.0,R,21.0
209287,2013,R,51.0,R,127.0,R,40.0,R,30.0,R,0.0,R,30.0,R,20.0,R,67.0,R,2.0,R,0.0,R,2.0,R,1.0,R,50.0,R,15.0
209348,2013,A,,A,,A,,R,19.0,R,0.0,R,19.0,R,16.0,R,84.0,A,,A,,A,,A,,A,,R,11.0
209409,2013,R,82.0,R,143.0,R,57.0,R,68.0,Z,0.0,R,68.0,R,37.0,R,54.0,R,0.0,R,0.0,R,0.0,R,0.0,A,,R,12.0
209490,2013,A,,A,,A,,A,,A,,A,,A,,A,,A,,A,,A,,A,,A,,R,8.0
209506,2013,R,342.0,R,1804.0,R,19.0,R,388.0,R,0.0,R,388.0,R,288.0,R,74.0,R,16.0,R,0.0,R,16.0,R,4.0,R,25.0,R,21.0
209533,2013,R,20.0,R,41.0,R,49.0,R,19.0,R,0.0,R,19.0,R,10.0,R,53.0,R,0.0,R,0.0,R,0.0,R,0.0,A,,R,8.0
209542,2013,R,3553.0,R,6537.0,R,54.0,R,3324.0,R,0.0,R,3324.0,R,2797.0,R,84.0,R,189.0,R,0.0,R,189.0,R,105.0,R,56.0,R,23.0
209551,2013,R,3913.0,R,5672.0,R,69.0,R,3962.0,R,0.0,R,3962.0,R,3436.0,R,87.0,R,69.0,R,0.0,R,69.0,R,34.0,R,49.0,R,21.0
209603,2013,R,60.0,R,124.0,R,48.0,R,77.0,R,0.0,R,77.0,R,57.0,R,74.0,R,1.0,R,0.0,R,1.0,R,0.0,R,0.0,R,7.0
209612,2013,R,421.0,R,617.0,R,68.0,R,460.0,R,0.0,R,460.0,R,365.0,R,79.0,A,,A,,A,,A,,A,,R,10.0
209667,2013,A,,A,,A,,R,52.0,R,2.0,R,50.0,R,36.0,R,72.0,A,,A,,A,,A,,A,,R,12.0
209676,2013,A,,A,,A,,R,135.0,R,1.0,R,134.0,R,114.0,R,85.0,A,,A,,A,,A,,A,,R,13.0
209694,2013,A,,A,,A,,R,49.0,R,1.0,R,48.0,R,39.0,R,81.0,A,,A,,A,,A,,A,,R,10.0
209700,2013,A,,A,,A,,R,26.0,R,0.0,R,26.0,R,20.0,R,77.0,A,,A,,A,,A,,A,,R,20.0
209719,2013,A,,A,,A,,R,8.0,R,0.0,R,8.0,R,7.0,R,88.0,A,,A,,A,,A,,A,,R,15.0
209746,2013,R,1176.0,R,4860.0,R,24.0,R,1155.0,R,0.0,R,1155.0,R,679.0,R,59.0,R,1032.0,R,0.0,R,1032.0,R,478.0,R,46.0,R,22.0
209807,2013,R,1517.0,R,7388.0,R,21.0,R,1346.0,R,0.0,R,1346.0,R,983.0,R,73.0,R,119.0,R,0.0,R,119.0,R,43.0,R,36.0,R,21.0
209825,2013,R,835.0,R,927.0,R,90.0,R,872.0,R,0.0,R,872.0,R,785.0,R,90.0,R,1.0,R,0.0,R,1.0,R,1.0,R,100.0,R,13.0
209922,2013,R,354.0,R,433.0,R,82.0,R,320.0,R,0.0,R,320.0,R,301.0,R,94.0,R,0.0,R,0.0,R,0.0,R,0.0,A,,R,9.0
209940,2013,R,394.0,R,1203.0,R,33.0,R,389.0,R,0.0,R,389.0,R,226.0,R,58.0,R,461.0,Z,0.0,R,461.0,R,183.0,R,40.0,R,20.0
209986,2013,A,,A,,A,,R,8.0,R,0.0,R,8.0,R,6.0,R,75.0,A,,A,,A,,A,,A,,R,10.0
210076,2013,A,,A,,A,,R,0.0,R,0.0,R,0.0,R,0.0,A,,R,0.0,R,0.0,R,0.0,R,0.0,A,,R,10.0
210100,2013,A,,A,,A,,R,8.0,R,0.0,R,8.0,R,7.0,R,88.0,A,,A,,A,,A,,A,,R,14.0
210146,2013,R,595.0,R,1885.0,R,32.0,R,641.0,R,0.0,R,641.0,R,429.0,R,67.0,R,32.0,R,0.0,R,32.0,R,12.0,R,38.0,R,18.0
210155,2013,R,379.0,R,543.0,R,70.0,R,406.0,Z,0.0,R,406.0,R,202.0,R,50.0,R,46.0,Z,0.0,R,46.0,R,17.0,R,37.0,R,14.0
210234,2013,R,417.0,R,809.0,R,52.0,R,384.0,Z,0.0,R,384.0,R,196.0,R,51.0,R,236.0,Z,0.0,R,236.0,R,78.0,R,33.0,R,17.0
210270,2013,R,99.0,R,712.0,R,14.0,R,157.0,R,10.0,R,147.0,R,62.0,R,42.0,R,69.0,R,0.0,R,69.0,R,25.0,R,36.0,R,17.0
210304,2013,R,74.0,R,181.0,R,41.0,R,85.0,R,0.0,R,85.0,R,55.0,R,65.0,R,0.0,R,0.0,R,0.0,R,0.0,A,,R,11.0
210331,2013,R,222.0,R,280.0,R,79.0,R,218.0,R,0.0,R,218.0,R,167.0,R,77.0,A,,A,,A,,A,,A,,R,13.0
210340,2013,A,,A,,A,,R,10.0,R,0.0,R,10.0,R,5.0,R,50.0,A,,A,,A,,A,,A,,R,20.0
210359,2013,A,,A,,A,,R,19.0,R,0.0,R,19.0,R,5.0,R,26.0,R,4.0,R,0.0,R,4.0,R,2.0,R,50.0,R,30.0
210401,2013,R,545.0,R,588.0,R,93.0,R,525.0,R,0.0,R,525.0,R,451.0,R,86.0,A,,A,,A,,A,,A,,R,11.0
210429,2013,R,826.0,R,1634.0,R,51.0,R,1000.0,R,0.0,R,1000.0,R,685.0,R,69.0,R,32.0,R,0.0,R,32.0,R,14.0,R,44.0,R,18.0
210438,2013,A,,A,,A,,A,,A,,A,,A,,A,,R,0.0,R,0.0,R,0.0,R,0.0,A,,R,14.0
210456,2013,A,,A,,A,,A,,A,,A,,A,,A,,A,,A,,A,,A,,A,,R,11.0
210474,2013,A,,A,,A,,R,11.0,R,0.0,R,11.0,R,8.0,R,73.0,R,10.0,R,0.0,R,10.0,R,5.0,R,50.0,R,22.0
210483,2013,A,,A,,A,,R,45.0,R,0.0,R,45.0,R,32.0,R,71.0,A,,A,,A,,A,,A,,R,10.0
210492,2013,R,80.0,R,94.0,R,85.0,R,54.0,R,0.0,R,54.0,R,40.0,R,74.0,R,1.0,R,0.0,R,1.0,R,1.0,R,100.0,R,6.0
210571,2013,R,655.0,R,770.0,R,85.0,R,410.0,R,0.0,R,410.0,R,293.0,R,71.0,A,,A,,A,,A,,A,,R,15.0
210599,2013,A,,A,,A,,A,,A,,A,,A,,A,,A,,A,,A,,A,,A,,R,23.0
210605,2013,R,2170.0,R,5183.0,R,42.0,R,2473.0,R,0.0,R,2473.0,R,1371.0,R,55.0,R,1898.0,R,0.0,R,1898.0,R,781.0,R,41.0,R,19.0
210669,2013,R,601.0,R,658.0,R,91.0,R,584.0,Z,0.0,R,584.0,R,499.0,R,85.0,R,3.0,Z,0.0,R,3.0,R,2.0,R,67.0,R,11.0
210711,2013,A,,A,,A,,R,61.0,R,0.0,R,61.0,R,48.0,R,79.0,A,,A,,A,,A,,A,,R,11.0
210739,2013,R,417.0,R,494.0,R,84.0,R,389.0,R,0.0,R,389.0,R,331.0,R,85.0,A,,A,,A,,A,,A,,R,15.0
210748,2013,A,,A,,A,,R,43.0,R,0.0,R,43.0,R,38.0,R,88.0,R,31.0,R,0.0,R,31.0,R,28.0,R,90.0,R,10.0
210775,2013,R,389.0,R,581.0,R,67.0,R,411.0,R,0.0,R,411.0,R,292.0,R,71.0,R,0.0,R,0.0,R,0.0,R,0.0,A,,R,12.0
210784,2013,A,,A,,A,,R,60.0,R,0.0,R,60.0,R,57.0,R,95.0,R,21.0,R,0.0,R,21.0,R,19.0,R,90.0,R,13.0
210809,2013,A,,A,,A,,A,,A,,A,,A,,A,,A,,A,,A,,A,,A,,R,318.0
210890,2013,R,98.0,R,112.0,R,88.0,R,68.0,R,0.0,R,68.0,R,56.0,R,82.0,A,,A,,A,,A,,A,,R,28.0
210906,2013,R,73.0,R,140.0,R,52.0,R,40.0,R,1.0,R,39.0,R,24.0,R,62.0,R,37.0,Z,0.0,R,37.0,R,19.0,R,51.0,R,10.0
210942,2013,R,466.0,R,787.0,R,59.0,R,227.0,Z,0.0,R,227.0,R,125.0,R,55.0,R,55.0,Z,0.0,R,55.0,R,27.0,R,49.0,R,16.0
210951,2013,A,,A,,A,,R,38.0,R,0.0,R,38.0,R,16.0,R,42.0,A,,A,,A,,A,,A,,R,16.0
210960,2013,R,318.0,R,513.0,R,62.0,R,299.0,Z,0.0,R,299.0,R,162.0,R,54.0,R,18.0,Z,0.0,R,18.0,R,5.0,R,28.0,R,16.0
211006,2013,A,,A,,A,,R,52.0,R,0.0,R,52.0,R,49.0,R,94.0,R,7.0,R,0.0,R,7.0,R,7.0,R,100.0,R,22.0
211024,2013,R,99.0,R,165.0,R,60.0,R,77.0,R,0.0,R,77.0,R,58.0,R,75.0,R,5.0,R,0.0,R,5.0,R,3.0,R,60.0,R,11.0
211079,2013,R,291.0,R,1041.0,R,28.0,R,217.0,R,1.0,R,216.0,R,131.0,R,61.0,R,104.0,R,0.0,R,104.0,R,34.0,R,33.0,R,19.0
211088,2013,R,597.0,R,742.0,R,80.0,R,678.0,R,0.0,R,678.0,R,579.0,R,85.0,R,0.0,R,0.0,R,0.0,R,0.0,A,,R,12.0
211149,2013,A,,A,,A,,R,22.0,R,0.0,R,22.0,R,18.0,R,82.0,A,,A,,A,,A,,A,,R,11.0
211158,2013,R,2208.0,R,2821.0,R,78.0,R,1910.0,R,0.0,R,1910.0,R,1540.0,R,81.0,R,14.0,R,0.0,R,14.0,R,8.0,R,57.0,R,21.0
211200,2013,R,187.0,R,230.0,R,81.0,R,210.0,R,0.0,R,210.0,R,165.0,R,79.0,A,,A,,A,,A,,A,,R,30.0
211273,2013,R,365.0,R,385.0,R,95.0,R,365.0,R,0.0,R,365.0,R,331.0,R,91.0,A,,A,,A,,A,,A,,R,8.0
211291,2013,R,933.0,R,986.0,R,95.0,R,915.0,R,0.0,R,915.0,R,861.0,R,94.0,A,,A,,A,,A,,A,,R,10.0
211307,2013,R,1218.0,R,3813.0,R,32.0,R,1349.0,R,0.0,R,1349.0,R,959.0,R,71.0,R,1206.0,R,0.0,R,1206.0,R,556.0,R,46.0,R,18.0
211316,2013,A,,A,,A,,R,18.0,Z,0.0,R,18.0,R,16.0,R,89.0,R,2.0,Z,0.0,R,2.0,R,1.0,R,50.0,R,7.0
211334,2013,A,,A,,A,,R,27.0,R,0.0,R,27.0,R,25.0,R,93.0,A,,A,,A,,A,,A,,R,6.0
211343,2013,R,651.0,R,1572.0,R,41.0,R,567.0,R,0.0,R,567.0,R,342.0,R,60.0,R,294.0,R,0.0,R,294.0,R,117.0,R,40.0,R,18.0
211352,2013,R,304.0,R,407.0,R,75.0,R,384.0,R,2.0,R,382.0,R,272.0,R,71.0,A,,A,,A,,A,,A,,R,12.0
211361,2013,R,1164.0,R,1849.0,R,63.0,R,624.0,R,0.0,R,624.0,R,498.0,R,80.0,R,6.0,R,0.0,R,6.0,R,0.0,R,0.0,R,22.0
211398,2013,R,42.0,R,59.0,R,71.0,R,34.0,R,0.0,R,34.0,R,17.0,R,50.0,A,,A,,A,,A,,A,,R,14.0
211431,2013,R,203.0,R,910.0,R,22.0,R,210.0,R,0.0,R,210.0,R,151.0,R,72.0,R,9.0,R,0.0,R,9.0,R,2.0,R,22.0,R,11.0
211440,2013,R,1442.0,R,1535.0,R,94.0,R,1408.0,R,7.0,R,1401.0,R,1320.0,R,94.0,R,0.0,R,0.0,R,0.0,R,0.0,A,,R,10.0
211468,2013,R,140.0,R,386.0,R,36.0,R,145.0,R,0.0,R,145.0,R,97.0,R,67.0,R,0.0,R,0.0,R,0.0,R,0.0,A,,R,9.0
211477,2013,R,95.0,R,127.0,R,75.0,R,75.0,R,0.0,R,75.0,R,29.0,R,39.0,R,46.0,R,0.0,R,46.0,R,14.0,R,30.0,R,12.0
211556,2013,R,92.0,R,376.0,R,24.0,R,117.0,R,0.0,R,117.0,R,90.0,R,77.0,A,,A,,A,,A,,A,,R,10.0
211583,2013,R,190.0,R,431.0,R,44.0,R,210.0,R,0.0,R,210.0,R,152.0,R,72.0,R,1.0,R,0.0,R,1.0,R,1.0,R,100.0,R,10.0
211608,2013,R,344.0,R,409.0,R,84.0,R,315.0,R,0.0,R,315.0,R,171.0,R,54.0,R,1.0,R,0.0,R,1.0,R,0.0,R,0.0,R,16.0
211617,2013,A,,A,,A,,R,149.0,R,0.0,R,149.0,R,119.0,R,80.0,A,,A,,A,,A,,A,,R,37.0
211635,2013,A,,A,,A,,R,0.0,R,0.0,R,0.0,R,0.0,A,,A,,A,,A,,A,,A,,R,10.0
211644,2013,R,964.0,R,1591.0,R,61.0,R,940.0,R,1.0,R,939.0,R,711.0,R,76.0,R,14.0,R,0.0,R,14.0,R,11.0,R,79.0,R,20.0
211750,2013,A,,A,,A,,R,66.0,R,0.0,R,66.0,R,48.0,R,73.0,A,,A,,A,,A,,A,,R,11.0
211802,2013,A,,A,,A,,R,0.0,R,0.0,R,0.0,R,0.0,A,,R,0.0,R,0.0,R,0.0,R,0.0,A,,R,10.0
211820,2013,A,,A,,A,,R,19.0,R,1.0,R,18.0,R,14.0,R,78.0,R,0.0,Z,0.0,R,0.0,Z,0.0,A,,R,14.0
211893,2013,R,29.0,R,34.0,R,85.0,R,28.0,R,0.0,R,28.0,R,25.0,R,89.0,A,,A,,A,,A,,A,,R,2.0
211909,2013,R,53.0,R,70.0,R,76.0,R,53.0,R,0.0,R,53.0,R,50.0,R,94.0,R,17.0,R,0.0,R,17.0,R,15.0,R,88.0,R,12.0
211927,2013,R,1269.0,R,3619.0,R,35.0,R,1507.0,R,0.0,R,1507.0,R,943.0,R,63.0,R,1342.0,R,0.0,R,1342.0,R,579.0,R,43.0,R,22.0
211981,2013,R,416.0,R,527.0,R,79.0,R,464.0,R,0.0,R,464.0,R,312.0,R,67.0,A,,A,,A,,A,,A,,R,13.0
212009,2013,R,626.0,R,675.0,R,93.0,R,601.0,R,0.0,R,601.0,R,540.0,R,90.0,R,0.0,R,0.0,R,0.0,R,0.0,A,,R,10.0
212045,2013,R,74.0,R,140.0,R,53.0,R,84.0,R,0.0,R,84.0,R,61.0,R,73.0,R,0.0,R,0.0,R,0.0,R,0.0,A,,R,14.0
212054,2013,R,3022.0,R,4784.0,R,63.0,R,3016.0,R,0.0,R,3016.0,R,2607.0,R,86.0,R,78.0,R,0.0,R,78.0,R,65.0,R,83.0,R,10.0
212072,2013,R,24.0,R,42.0,R,57.0,R,31.0,R,0.0,R,31.0,R,22.0,R,71.0,A,,A,,A,,A,,A,,R,9.0
212090,2013,A,,A,,A,,R,39.0,R,0.0,R,39.0,R,19.0,R,49.0,R,12.0,R,0.0,R,12.0,R,7.0,R,58.0,R,24.0
212106,2013,R,1537.0,R,1709.0,R,90.0,R,1308.0,R,1.0,R,1307.0,R,1145.0,R,88.0,R,5.0,R,0.0,R,5.0,R,4.0,R,80.0,R,14.0
212115,2013,R,1143.0,R,1915.0,R,60.0,R,1229.0,R,0.0,R,1229.0,R,876.0,R,71.0,R,46.0,R,0.0,R,46.0,R,8.0,R,17.0,R,22.0
212133,2013,R,433.0,R,792.0,R,55.0,R,366.0,R,0.0,R,366.0,R,294.0,R,80.0,R,0.0,R,0.0,R,0.0,R,0.0,A,,R,13.0
212160,2013,R,1073.0,R,1622.0,R,66.0,R,953.0,R,0.0,R,953.0,R,689.0,R,72.0,R,7.0,R,0.0,R,7.0,R,1.0,R,14.0,R,19.0
212197,2013,R,530.0,R,585.0,R,91.0,R,503.0,R,1.0,R,502.0,R,410.0,R,82.0,A,,A,,A,,A,,A,,R,12.0
212212,2013,A,,A,,A,,R,24.0,R,0.0,R,24.0,R,17.0,R,71.0,A,,A,,A,,A,,A,,R,17.0
212230,2013,A,,A,,A,,R,23.0,R,0.0,R,23.0,R,16.0,R,70.0,A,,A,,A,,A,,A,,R,13.0
212267,2013,A,,A,,A,,R,35.0,R,0.0,R,35.0,R,26.0,R,74.0,R,17.0,R,0.0,R,17.0,R,9.0,R,53.0,R,23.0
212276,2013,A,,A,,A,,R,35.0,R,0.0,R,35.0,R,27.0,R,77.0,R,7.0,R,0.0,R,7.0,R,3.0,R,43.0,R,16.0
212285,2013,A,,A,,A,,R,22.0,R,0.0,R,22.0,R,18.0,R,82.0,R,3.0,R,0.0,R,3.0,R,3.0,R,100.0,R,15.0
212294,2013,A,,A,,A,,R,20.0,R,0.0,R,20.0,R,18.0,R,90.0,R,0.0,R,0.0,R,0.0,R,0.0,A,,R,19.0
212300,2013,A,,A,,A,,R,23.0,R,0.0,R,23.0,R,16.0,R,70.0,A,,A,,A,,A,,A,,R,21.0
212328,2013,A,,A,,A,,R,36.0,R,0.0,R,36.0,R,29.0,R,81.0,R,17.0,R,0.0,R,17.0,R,13.0,R,76.0,R,19.0
212337,2013,A,,A,,A,,R,32.0,R,0.0,R,32.0,R,19.0,R,59.0,R,16.0,R,0.0,R,16.0,R,8.0,R,50.0,R,24.0
212355,2013,A,,A,,A,,R,76.0,R,0.0,R,76.0,R,55.0,R,72.0,R,14.0,R,0.0,R,14.0,R,11.0,R,79.0,R,26.0
212373,2013,A,,A,,A,,R,25.0,R,0.0,R,25.0,R,19.0,R,76.0,R,4.0,R,0.0,R,4.0,R,4.0,R,100.0,R,16.0
212382,2013,A,,A,,A,,R,49.0,R,0.0,R,49.0,R,30.0,R,61.0,R,18.0,R,0.0,R,18.0,R,11.0,R,61.0,R,23.0
212391,2013,A,,A,,A,,R,45.0,R,0.0,R,45.0,R,33.0,R,73.0,R,7.0,R,0.0,R,7.0,R,5.0,R,71.0,R,15.0
212425,2013,R,54.0,R,70.0,R,77.0,R,82.0,Z,0.0,R,82.0,R,44.0,R,54.0,R,24.0,Z,0.0,R,24.0,R,13.0,R,54.0,R,9.0
212434,2013,R,77.0,R,77.0,R,100.0,R,86.0,R,9.0,R,77.0,R,67.0,R,87.0,A,,A,,A,,A,,A,,R,9.0
212452,2013,R,21.0,R,60.0,R,35.0,R,3.0,R,1.0,R,2.0,R,2.0,R,100.0,R,2.0,R,0.0,R,2.0,R,1.0,R,50.0,R,30.0
212568,2013,A,,A,,A,,R,12.0,R,0.0,R,12.0,R,11.0,R,92.0,A,,A,,A,,A,,A,,R,11.0
212577,2013,R,604.0,R,651.0,R,93.0,R,599.0,R,0.0,R,599.0,R,550.0,R,92.0,A,,A,,A,,A,,A,,R,9.0
212601,2013,R,611.0,R,1122.0,R,54.0,R,594.0,R,0.0,R,594.0,R,468.0,R,79.0,R,3.0,R,0.0,R,3.0,R,2.0,R,67.0,R,13.0
212656,2013,R,334.0,R,395.0,R,85.0,R,339.0,R,0.0,R,339.0,R,261.0,R,77.0,R,1.0,R,0.0,R,1.0,R,0.0,R,0.0,R,13.0
212674,2013,R,703.0,R,721.0,R,98.0,R,769.0,R,0.0,R,769.0,R,678.0,R,88.0,A,,A,,A,,A,,A,,R,10.0
212683,2013,A,,A,,A,,R,15.0,R,0.0,R,15.0,R,10.0,R,67.0,R,6.0,R,0.0,R,6.0,R,4.0,R,67.0,R,20.0
212708,2013,A,,A,,A,,R,40.0,R,0.0,R,40.0,R,28.0,R,70.0,R,14.0,R,0.0,R,14.0,R,10.0,R,71.0,R,21.0
212753,2013,A,,A,,A,,R,91.0,R,0.0,R,91.0,R,64.0,R,70.0,R,19.0,R,0.0,R,19.0,R,11.0,R,58.0,R,25.0
212771,2013,A,,A,,A,,A,,A,,A,,A,,A,,A,,A,,A,,A,,A,,R,5.0
212805,2013,R,648.0,R,706.0,R,92.0,R,670.0,R,1.0,R,669.0,R,590.0,R,88.0,A,,A,,A,,A,,A,,R,15.0
212832,2013,R,211.0,R,512.0,R,41.0,R,90.0,R,0.0,R,90.0,R,74.0,R,82.0,A,,A,,A,,A,,A,,R,14.0
212869,2013,R,249.0,R,692.0,R,36.0,R,262.0,R,0.0,R,262.0,R,147.0,R,56.0,R,28.0,R,0.0,R,28.0,R,2.0,R,7.0,R,15.0
212878,2013,R,1030.0,R,6023.0,R,17.0,R,1016.0,R,1.0,R,1015.0,R,585.0,R,58.0,R,1061.0,R,1.0,R,1060.0,R,496.0,R,47.0,R,17.0
212911,2013,R,330.0,R,332.0,R,99.0,R,323.0,R,0.0,R,323.0,R,316.0,R,98.0,A,,A,,A,,A,,A,,R,8.0
212975,2013,R,84.0,R,85.0,R,99.0,R,90.0,R,3.0,R,87.0,R,64.0,R,74.0,R,0.0,R,0.0,R,0.0,R,0.0,A,,R,8.0
212984,2013,R,288.0,R,661.0,R,44.0,R,308.0,R,0.0,R,308.0,R,240.0,R,78.0,R,1.0,R,0.0,R,1.0,R,1.0,R,100.0,R,12.0
212993,2013,R,17.0,R,17.0,R,100.0,R,14.0,R,0.0,R,14.0,R,13.0,R,93.0,A,,A,,A,,A,,A,,R,15.0
213002,2013,A,,A,,A,,R,63.0,R,1.0,R,62.0,R,38.0,R,61.0,A,,A,,A,,A,,A,,R,25.0
213011,2013,R,287.0,R,541.0,R,53.0,R,244.0,R,0.0,R,244.0,R,200.0,R,82.0,R,4.0,R,0.0,R,4.0,R,2.0,R,50.0,R,9.0
213020,2013,R,2756.0,R,3533.0,R,78.0,R,2924.0,R,3.0,R,2921.0,R,2144.0,R,73.0,R,10.0,R,0.0,R,10.0,R,3.0,R,30.0,R,19.0
213163,2013,A,,A,,A,,A,,A,,A,,A,,A,,A,,A,,A,,A,,A,,R,6.0
213181,2013,A,,A,,A,,R,283.0,R,0.0,R,283.0,R,223.0,R,79.0,A,,A,,A,,A,,A,,R,13.0
213215,2013,A,,A,,A,,R,20.0,R,0.0,R,20.0,R,18.0,R,90.0,R,9.0,R,0.0,R,9.0,R,9.0,R,100.0,R,29.0
213233,2013,R,156.0,R,219.0,R,71.0,R,190.0,R,2.0,R,188.0,R,136.0,R,72.0,R,0.0,Z,0.0,R,0.0,Z,0.0,A,,R,17.0
213251,2013,R,391.0,R,517.0,R,76.0,R,402.0,R,0.0,R,402.0,R,353.0,R,88.0,R,0.0,Z,0.0,R,0.0,Z,0.0,A,,R,13.0
213303,2013,R,311.0,R,463.0,R,67.0,R,256.0,R,0.0,R,256.0,R,183.0,R,71.0,R,0.0,R,0.0,R,0.0,R,0.0,A,,R,11.0
213312,2013,A,,A,,A,,R,93.0,R,0.0,R,93.0,R,60.0,R,65.0,A,,A,,A,,A,,A,,R,20.0
213321,2013,R,500.0,R,635.0,R,79.0,R,514.0,R,1.0,R,513.0,R,388.0,R,76.0,R,0.0,R,0.0,R,0.0,R,0.0,A,,R,13.0
213330,2013,A,,A,,A,,R,11.0,R,0.0,R,11.0,R,11.0,R,100.0,A,,A,,A,,A,,A,,R,8.0
213349,2013,R,1812.0,R,2557.0,R,71.0,R,1990.0,R,0.0,R,1990.0,R,1451.0,R,73.0,R,7.0,R,0.0,R,7.0,R,3.0,R,43.0,R,20.0
213358,2013,R,229.0,R,409.0,R,56.0,R,243.0,R,1.0,R,242.0,R,174.0,R,72.0,A,,A,,A,,A,,A,,R,13.0
213367,2013,R,936.0,R,1233.0,R,76.0,R,858.0,R,1.0,R,857.0,R,707.0,R,82.0,R,1.0,R,0.0,R,1.0,R,1.0,R,100.0,R,12.0
213376,2013,R,337.0,R,524.0,R,64.0,R,337.0,R,0.0,R,337.0,R,174.0,R,52.0,R,44.0,R,0.0,R,44.0,R,17.0,R,39.0,R,16.0
213385,2013,R,635.0,R,676.0,R,94.0,R,629.0,R,0.0,R,629.0,R,574.0,R,91.0,A,,A,,A,,A,,A,,R,10.0
213400,2013,R,134.0,R,390.0,R,34.0,R,134.0,R,0.0,R,134.0,R,96.0,R,72.0,R,7.0,R,0.0,R,7.0,R,4.0,R,57.0,R,17.0
213455,2013,A,,A,,A,,R,24.0,R,0.0,R,24.0,R,18.0,R,75.0,R,102.0,R,0.0,R,102.0,R,81.0,R,79.0,R,16.0
213473,2013,R,35.0,R,81.0,R,43.0,R,49.0,R,0.0,R,49.0,R,35.0,R,71.0,R,45.0,R,0.0,R,45.0,R,29.0,R,64.0,R,12.0
213491,2013,A,,A,,A,,R,16.0,R,0.0,R,16.0,R,13.0,R,81.0,R,21.0,R,0.0,R,21.0,R,15.0,R,71.0,R,14.0
213507,2013,R,415.0,R,512.0,R,81.0,R,404.0,R,0.0,R,404.0,R,334.0,R,83.0,A,,A,,A,,A,,A,,R,12.0
213525,2013,R,947.0,R,2950.0,R,32.0,R,991.0,R,0.0,R,991.0,R,550.0,R,55.0,R,445.0,R,0.0,R,445.0,R,172.0,R,39.0,R,18.0
213534,2013,R,219.0,R,305.0,R,72.0,R,197.0,Z,0.0,R,197.0,R,134.0,R,68.0,R,73.0,Z,0.0,R,73.0,R,28.0,R,38.0,R,16.0
213543,2013,R,1198.0,R,1243.0,R,96.0,R,1217.0,R,0.0,R,1217.0,R,1143.0,R,94.0,A,,A,,A,,A,,A,,R,10.0
213552,2013,A,,A,,A,,R,22.0,R,0.0,R,22.0,R,20.0,R,91.0,R,2.0,R,0.0,R,2.0,R,2.0,R,100.0,R,12.0
213570,2013,A,,A,,A,,R,136.0,R,0.0,R,136.0,R,99.0,R,73.0,A,,A,,A,,A,,A,,R,20.0
213589,2013,A,,A,,A,,R,123.0,R,0.0,R,123.0,R,68.0,R,55.0,R,19.0,R,0.0,R,19.0,R,12.0,R,63.0,R,22.0
213598,2013,R,331.0,R,446.0,R,74.0,R,447.0,R,0.0,R,447.0,R,320.0,R,72.0,R,1.0,R,0.0,R,1.0,R,0.0,R,0.0,R,17.0
213613,2013,R,1081.0,R,1360.0,R,79.0,R,1099.0,R,0.0,R,1099.0,R,772.0,R,70.0,R,9.0,R,0.0,R,9.0,R,3.0,R,33.0,R,21.0
213622,2013,A,,A,,A,,R,0.0,R,0.0,R,0.0,R,0.0,A,,R,0.0,R,0.0,R,0.0,R,0.0,A,,R,10.0
213659,2013,R,1055.0,R,2161.0,R,49.0,R,1240.0,R,2.0,R,1238.0,R,733.0,R,59.0,R,482.0,R,1.0,R,481.0,R,174.0,R,36.0,R,18.0
213668,2013,R,347.0,R,390.0,R,89.0,R,321.0,R,0.0,R,321.0,R,255.0,R,79.0,A,,A,,A,,A,,A,,R,14.0
213686,2013,R,12.0,R,22.0,R,55.0,R,10.0,R,0.0,R,10.0,R,6.0,R,60.0,R,4.0,R,0.0,R,4.0,R,4.0,R,100.0,R,11.0
213774,2013,R,157.0,R,318.0,R,49.0,R,204.0,R,0.0,R,204.0,R,119.0,R,58.0,R,26.0,R,0.0,R,26.0,R,19.0,R,73.0,R,9.0
213783,2013,R,622.0,R,843.0,R,74.0,R,456.0,R,0.0,R,456.0,R,328.0,R,72.0,R,2.0,R,0.0,R,2.0,R,1.0,R,50.0,R,16.0
213826,2013,R,405.0,R,614.0,R,66.0,R,454.0,R,0.0,R,454.0,R,369.0,R,81.0,R,7.0,R,0.0,R,7.0,R,3.0,R,43.0,R,13.0
213914,2013,R,100.0,R,195.0,R,51.0,R,128.0,R,0.0,R,128.0,R,94.0,R,73.0,A,,A,,A,,A,,A,,R,35.0
213932,2013,A,,A,,A,,A,,A,,A,,A,,A,,A,,A,,A,,A,,A,,R,9.0
213987,2013,R,596.0,R,668.0,R,89.0,R,669.0,R,3.0,R,666.0,R,533.0,R,80.0,R,12.0,R,0.0,R,12.0,R,3.0,R,25.0,R,13.0
213996,2013,R,648.0,R,778.0,R,83.0,R,708.0,R,0.0,R,708.0,R,613.0,R,87.0,A,,A,,A,,A,,A,,R,13.0
214023,2013,R,29.0,R,84.0,R,35.0,R,21.0,R,0.0,R,21.0,R,11.0,R,52.0,R,6.0,R,0.0,R,6.0,R,5.0,R,83.0,R,14.0
214041,2013,R,1284.0,R,2045.0,R,63.0,R,1298.0,R,0.0,R,1298.0,R,1053.0,R,81.0,R,8.0,R,0.0,R,8.0,R,1.0,R,13.0,R,22.0
214069,2013,R,428.0,R,676.0,R,63.0,R,511.0,R,0.0,R,511.0,R,414.0,R,81.0,R,12.0,R,0.0,R,12.0,R,7.0,R,58.0,R,13.0
214111,2013,R,1550.0,R,4562.0,R,34.0,R,1477.0,R,0.0,R,1477.0,R,911.0,R,62.0,R,1042.0,R,0.0,R,1042.0,R,419.0,R,40.0,R,20.0
214148,2013,R,74.0,R,116.0,R,64.0,R,104.0,R,0.0,R,104.0,R,82.0,R,79.0,R,1.0,R,0.0,R,1.0,R,1.0,R,100.0,R,8.0
214157,2013,R,355.0,R,479.0,R,74.0,R,378.0,R,0.0,R,378.0,R,296.0,R,78.0,A,,A,,A,,A,,A,,R,12.0
214166,2013,R,387.0,R,735.0,R,53.0,R,188.0,Z,0.0,R,188.0,R,113.0,R,60.0,R,3.0,Z,0.0,R,3.0,R,0.0,R,0.0,R,13.0
214175,2013,R,579.0,R,634.0,R,91.0,R,581.0,R,0.0,R,581.0,R,527.0,R,91.0,A,,A,,A,,A,,A,,R,11.0
214254,2013,A,,A,,A,,R,269.0,R,1.0,R,268.0,R,146.0,R,54.0,A,,A,,A,,A,,A,,R,45.0
214272,2013,R,501.0,R,619.0,R,81.0,R,574.0,R,0.0,R,574.0,R,378.0,R,66.0,R,0.0,R,0.0,R,0.0,R,0.0,A,,R,14.0
214290,2013,A,,A,,A,,R,258.0,R,0.0,R,258.0,R,192.0,R,74.0,A,,A,,A,,A,,A,,R,24.0
214379,2013,R,1498.0,R,3419.0,R,44.0,R,1523.0,R,2.0,R,1521.0,R,951.0,R,63.0,R,751.0,R,1.0,R,750.0,R,317.0,R,42.0,R,21.0
214476,2013,A,,A,,A,,R,7.0,R,0.0,R,7.0,R,6.0,R,86.0,R,12.0,R,4.0,R,8.0,R,6.0,R,75.0,R,15.0
214528,2013,A,,A,,A,,R,257.0,R,1.0,R,256.0,R,202.0,R,79.0,R,33.0,R,0.0,R,33.0,R,22.0,R,67.0,R,22.0
214546,2013,A,,A,,A,,R,17.0,R,0.0,R,17.0,R,10.0,R,59.0,R,0.0,R,0.0,R,0.0,R,0.0,A,,R,13.0
214582,2013,R,305.0,R,375.0,R,81.0,R,329.0,R,0.0,R,329.0,R,173.0,R,53.0,R,78.0,R,0.0,R,78.0,R,36.0,R,46.0,R,13.0
214591,2013,R,1103.0,R,1349.0,R,82.0,R,1026.0,R,0.0,R,1026.0,R,854.0,R,83.0,R,6.0,R,0.0,R,6.0,R,4.0,R,67.0,R,15.0
214625,2013,R,161.0,R,272.0,R,59.0,R,133.0,R,0.0,R,133.0,R,95.0,R,71.0,R,1.0,R,0.0,R,1.0,R,0.0,R,0.0,R,13.0
214634,2013,R,84.0,R,213.0,R,39.0,R,44.0,R,0.0,R,44.0,R,34.0,R,77.0,R,0.0,R,0.0,R,0.0,R,0.0,A,,R,10.0
214643,2013,R,167.0,R,238.0,R,70.0,R,144.0,R,0.0,R,144.0,R,117.0,R,81.0,R,0.0,R,0.0,R,0.0,R,0.0,A,,R,14.0
214652,2013,R,250.0,R,376.0,R,66.0,R,231.0,R,0.0,R,231.0,R,151.0,R,65.0,R,2.0,R,0.0,R,2.0,R,0.0,R,0.0,R,16.0
214670,2013,R,231.0,R,392.0,R,59.0,R,212.0,R,0.0,R,212.0,R,172.0,R,81.0,R,4.0,R,0.0,R,4.0,R,2.0,R,50.0,R,14.0
214689,2013,R,1415.0,R,1584.0,R,89.0,R,1278.0,R,0.0,R,1278.0,R,1060.0,R,83.0,R,5.0,R,0.0,R,5.0,R,2.0,R,40.0,R,17.0
214698,2013,R,241.0,R,340.0,R,71.0,R,201.0,R,0.0,R,201.0,R,136.0,R,68.0,R,3.0,R,0.0,R,3.0,R,0.0,R,0.0,R,16.0
214704,2013,R,792.0,R,1038.0,R,76.0,R,756.0,R,0.0,R,756.0,R,587.0,R,78.0,R,5.0,R,0.0,R,5.0,R,4.0,R,80.0,R,17.0
214713,2013,R,740.0,R,1103.0,R,67.0,R,621.0,R,1.0,R,620.0,R,508.0,R,82.0,R,2.0,R,0.0,R,2.0,R,1.0,R,50.0,R,14.0
214731,2013,R,326.0,R,491.0,R,66.0,R,360.0,R,1.0,R,359.0,R,264.0,R,74.0,R,5.0,R,0.0,R,5.0,R,1.0,R,20.0,R,16.0
214740,2013,R,184.0,R,304.0,R,61.0,R,126.0,R,0.0,R,126.0,R,97.0,R,77.0,R,4.0,R,0.0,R,4.0,R,4.0,R,100.0,R,12.0
214759,2013,R,198.0,R,314.0,R,63.0,R,137.0,R,0.0,R,137.0,R,101.0,R,74.0,R,0.0,R,0.0,R,0.0,R,0.0,A,,R,11.0
214768,2013,R,360.0,R,430.0,R,84.0,R,395.0,R,0.0,R,395.0,R,301.0,R,76.0,R,0.0,R,0.0,R,0.0,R,0.0,A,,R,15.0
214777,2013,R,8005.0,R,8875.0,R,90.0,R,7604.0,R,0.0,R,7604.0,R,7023.0,R,92.0,R,25.0,R,0.0,R,25.0,R,20.0,R,80.0,R,17.0
214786,2013,R,191.0,R,259.0,R,74.0,R,193.0,R,0.0,R,193.0,R,137.0,R,71.0,R,0.0,R,0.0,R,0.0,R,0.0,A,,R,12.0
214795,2013,R,307.0,R,434.0,R,71.0,R,216.0,R,0.0,R,216.0,R,159.0,R,74.0,R,6.0,R,0.0,R,6.0,R,2.0,R,33.0,R,12.0
214801,2013,R,917.0,R,1295.0,R,71.0,R,662.0,R,0.0,R,662.0,R,509.0,R,77.0,R,6.0,R,0.0,R,6.0,R,0.0,R,0.0,R,21.0
214810,2013,R,256.0,R,337.0,R,76.0,R,202.0,R,0.0,R,202.0,R,143.0,R,71.0,R,1.0,R,0.0,R,1.0,R,1.0,R,100.0,R,15.0
214829,2013,R,284.0,R,487.0,R,58.0,R,282.0,R,0.0,R,282.0,R,215.0,R,76.0,R,3.0,R,0.0,R,3.0,R,1.0,R,33.0,R,15.0
214838,2013,R,6.0,R,16.0,R,38.0,R,13.0,R,0.0,R,13.0,R,7.0,R,54.0,A,,A,,A,,A,,A,,R,15.0
214883,2013,R,12.0,R,255.0,R,5.0,R,8.0,R,0.0,R,8.0,R,5.0,R,63.0,R,43.0,R,0.0,R,43.0,R,13.0,R,30.0,R,15.0
214892,2013,R,115.0,R,115.0,R,100.0,R,130.0,R,0.0,R,130.0,R,90.0,R,69.0,A,,A,,A,,A,,A,,R,15.0
214944,2013,A,,A,,A,,R,90.0,R,0.0,R,90.0,R,75.0,R,83.0,R,9.0,R,0.0,R,9.0,R,7.0,R,78.0,R,14.0
214962,2013,A,,A,,A,,R,12.0,R,0.0,R,12.0,R,10.0,R,83.0,R,2.0,R,0.0,R,2.0,R,2.0,R,100.0,R,14.0
214971,2013,R,39.0,R,59.0,R,66.0,R,9.0,R,0.0,R,9.0,R,9.0,R,100.0,R,0.0,R,0.0,R,0.0,R,0.0,A,,R,7.0
215008,2013,A,,A,,A,,R,17.0,R,0.0,R,17.0,R,17.0,R,100.0,A,,A,,A,,A,,A,,R,15.0
215026,2013,A,,A,,A,,R,4.0,R,0.0,R,4.0,R,4.0,R,100.0,A,,A,,A,,A,,A,,R,4.0
215044,2013,A,,A,,A,,A,,A,,A,,A,,A,,A,,A,,A,,A,,A,,R,20.0
215053,2013,R,51.0,R,65.0,R,78.0,R,62.0,R,0.0,R,62.0,R,47.0,R,76.0,R,0.0,R,0.0,R,0.0,R,0.0,A,,R,8.0
215062,2013,R,2353.0,R,3214.0,R,73.0,R,2397.0,R,14.0,R,2383.0,R,2330.0,R,98.0,R,56.0,R,0.0,R,56.0,R,52.0,R,93.0,R,6.0
215099,2013,R,540.0,R,819.0,R,66.0,R,594.0,R,0.0,R,594.0,R,443.0,R,75.0,R,1.0,R,0.0,R,1.0,R,0.0,R,0.0,R,13.0
215105,2013,R,457.0,R,580.0,R,79.0,R,408.0,R,0.0,R,408.0,R,333.0,R,82.0,R,3.0,R,0.0,R,3.0,R,2.0,R,67.0,R,8.0
215114,2013,R,137.0,R,207.0,R,66.0,R,139.0,R,0.0,R,139.0,R,104.0,R,75.0,R,3.0,R,0.0,R,3.0,R,1.0,R,33.0,R,13.0
215132,2013,R,440.0,R,561.0,R,78.0,R,483.0,R,0.0,R,483.0,R,425.0,R,88.0,A,,A,,A,,A,,A,,R,11.0
215239,2013,R,1355.0,R,5225.0,R,26.0,R,1402.0,R,0.0,R,1402.0,R,715.0,R,51.0,R,2665.0,R,0.0,R,2665.0,R,1230.0,R,46.0,R,15.0
215266,2013,R,389.0,R,520.0,R,75.0,R,330.0,R,0.0,R,330.0,R,231.0,R,70.0,R,2.0,R,0.0,R,2.0,R,0.0,R,0.0,R,17.0
215275,2013,R,386.0,R,540.0,R,71.0,R,394.0,R,0.0,R,394.0,R,327.0,R,83.0,R,0.0,R,0.0,R,0.0,R,0.0,A,,R,18.0
215284,2013,R,688.0,R,836.0,R,82.0,R,764.0,Z,0.0,R,764.0,R,570.0,R,75.0,R,2.0,Z,0.0,R,2.0,R,0.0,R,0.0,R,20.0
215293,2013,R,3851.0,R,4831.0,R,80.0,R,3638.0,R,0.0,R,3638.0,R,3306.0,R,91.0,R,2.0,R,0.0,R,2.0,R,0.0,R,0.0,R,14.0
215309,2013,R,133.0,R,175.0,R,76.0,R,152.0,Z,0.0,R,152.0,R,93.0,R,61.0,R,8.0,R,0.0,R,8.0,R,6.0,R,75.0,R,10.0
215336,2013,A,,A,,A,,R,21.0,R,0.0,R,21.0,R,17.0,R,81.0,A,,A,,A,,A,,A,,R,16.0
215381,2013,R,107.0,R,151.0,R,71.0,R,102.0,Z,0.0,R,102.0,R,68.0,R,67.0,A,,A,,A,,A,,A,,R,10.0
215390,2013,A,,A,,A,,R,49.0,R,0.0,R,49.0,R,36.0,R,73.0,R,18.0,R,0.0,R,18.0,R,14.0,R,78.0,R,18.0
215415,2013,R,719.0,R,980.0,R,73.0,R,686.0,R,0.0,R,686.0,R,438.0,R,64.0,A,,A,,A,,A,,A,,R,21.0
215433,2013,R,116.0,R,143.0,R,81.0,R,265.0,R,0.0,R,265.0,R,120.0,R,45.0,R,43.0,R,0.0,R,43.0,R,25.0,R,58.0,R,13.0
215442,2013,R,539.0,R,1074.0,R,50.0,R,516.0,R,0.0,R,516.0,R,390.0,R,76.0,R,7.0,R,0.0,R,7.0,R,1.0,R,14.0,R,13.0
215479,2013,A,,A,,A,,A,,A,,A,,A,,A,,A,,A,,A,,A,,A,,R,6.0
215530,2013,A,,A,,A,,R,20.0,R,0.0,R,20.0,R,17.0,R,85.0,R,1.0,R,0.0,R,1.0,R,0.0,R,0.0,R,8.0
215585,2013,R,251.0,R,1674.0,R,15.0,R,257.0,R,0.0,R,257.0,R,123.0,R,48.0,R,712.0,R,0.0,R,712.0,R,307.0,R,43.0,R,17.0
215594,2013,A,,A,,A,,R,27.0,R,0.0,R,27.0,R,18.0,R,67.0,R,4.0,R,0.0,R,4.0,R,3.0,R,75.0,R,8.0
215628,2013,A,,A,,A,,R,0.0,Z,0.0,R,0.0,Z,0.0,A,,R,0.0,Z,0.0,R,0.0,Z,0.0,A,,R,3.0
215637,2013,R,333.0,R,349.0,R,95.0,R,187.0,R,5.0,R,182.0,R,172.0,R,95.0,A,,A,,A,,A,,A,,R,24.0
215646,2013,A,,A,,A,,R,131.0,R,1.0,R,130.0,R,102.0,R,78.0,A,,A,,A,,A,,A,,R,36.0
215655,2013,R,988.0,R,1353.0,R,73.0,R,848.0,R,0.0,R,848.0,R,683.0,R,81.0,R,6.0,R,0.0,R,6.0,R,4.0,R,67.0,R,15.0
215682,2013,R,111.0,R,111.0,R,100.0,R,126.0,R,0.0,R,126.0,R,102.0,R,81.0,A,,A,,A,,A,,A,,R,20.0
215691,2013,R,112.0,R,161.0,R,70.0,R,75.0,R,0.0,R,75.0,R,53.0,R,71.0,A,,A,,A,,A,,A,,R,10.0
215743,2013,R,400.0,R,404.0,R,99.0,R,431.0,R,31.0,R,400.0,R,329.0,R,82.0,R,0.0,R,0.0,R,0.0,R,0.0,A,,R,14.0
215770,2013,R,1272.0,R,1556.0,R,82.0,R,1229.0,R,0.0,R,1229.0,R,1094.0,R,89.0,R,2.0,R,0.0,R,2.0,R,1.0,R,50.0,R,15.0
215798,2013,R,472.0,R,530.0,R,89.0,R,339.0,R,0.0,R,339.0,R,289.0,R,85.0,A,,A,,A,,A,,A,,R,12.0
215886,2013,A,,A,,A,,R,68.0,R,0.0,R,68.0,R,37.0,R,54.0,R,1.0,Z,0.0,R,1.0,R,1.0,R,100.0,R,4.0
215929,2013,R,878.0,R,1035.0,R,85.0,R,961.0,R,0.0,R,961.0,R,868.0,R,90.0,R,0.0,R,0.0,R,0.0,R,0.0,A,,R,11.0
215947,2013,R,380.0,R,732.0,R,52.0,R,337.0,R,0.0,R,337.0,R,264.0,R,78.0,R,10.0,R,0.0,R,10.0,R,8.0,R,80.0,R,14.0
215974,2013,A,,A,,A,,R,11.0,R,0.0,R,11.0,R,9.0,R,82.0,R,1.0,R,0.0,R,1.0,R,1.0,R,100.0,R,5.0
215983,2013,A,,A,,A,,A,,A,,A,,A,,A,,A,,A,,A,,A,,A,,R,6.0
215992,2013,R,83.0,R,147.0,R,56.0,R,81.0,R,0.0,R,81.0,R,46.0,R,57.0,R,2.0,R,0.0,R,2.0,R,1.0,R,50.0,R,10.0
216010,2013,R,1516.0,R,1953.0,R,78.0,R,1480.0,R,0.0,R,1480.0,R,1056.0,R,71.0,R,5.0,R,0.0,R,5.0,R,2.0,R,40.0,R,19.0
216038,2013,R,1408.0,R,2060.0,R,68.0,R,1544.0,R,13.0,R,1531.0,R,1261.0,R,82.0,R,2.0,R,0.0,R,2.0,R,2.0,R,100.0,R,21.0
216047,2013,R,10.0,R,27.0,R,37.0,R,6.0,R,0.0,R,6.0,R,5.0,R,83.0,A,,A,,A,,A,,A,,R,7.0
216074,2013,A,,A,,A,,R,45.0,R,2.0,R,43.0,R,42.0,R,98.0,R,44.0,R,0.0,R,44.0,R,42.0,R,95.0,R,7.0
216083,2013,R,292.0,R,352.0,R,83.0,R,244.0,R,3.0,R,241.0,R,157.0,R,65.0,R,5.0,R,0.0,R,5.0,R,2.0,R,40.0,R,10.0
216162,2013,A,,A,,A,,A,,A,,A,,A,,A,,A,,A,,A,,A,,A,,R,8.0
216223,2013,A,,A,,A,,R,36.0,R,0.0,R,36.0,R,32.0,R,89.0,R,11.0,R,0.0,R,11.0,R,10.0,R,91.0,R,8.0
216278,2013,R,589.0,R,660.0,R,89.0,R,631.0,R,0.0,R,631.0,R,529.0,R,84.0,R,0.0,R,0.0,R,0.0,R,0.0,A,,R,12.0
216287,2013,R,388.0,R,405.0,R,96.0,R,378.0,R,0.0,R,378.0,R,361.0,R,96.0,A,,A,,A,,A,,A,,R,8.0
216296,2013,R,402.0,R,447.0,R,90.0,R,315.0,R,0.0,R,315.0,R,206.0,R,65.0,R,1.0,R,0.0,R,1.0,R,0.0,R,0.0,R,16.0
216311,2013,R,38.0,R,38.0,R,100.0,R,34.0,Z,0.0,R,34.0,R,30.0,R,88.0,A,,A,,A,,A,,A,,R,20.0
216339,2013,R,4380.0,R,7416.0,R,59.0,R,4109.0,R,0.0,R,4109.0,R,3650.0,R,89.0,R,23.0,R,0.0,R,23.0,R,16.0,R,70.0,R,14.0
216357,2013,R,303.0,R,367.0,R,83.0,R,298.0,R,0.0,R,298.0,R,195.0,R,65.0,A,,A,,A,,A,,A,,R,14.0
216366,2013,A,,A,,A,,A,,A,,A,,A,,A,,A,,A,,A,,A,,A,,R,15.0
216418,2013,A,,A,,A,,R,77.0,Z,0.0,R,77.0,R,45.0,R,58.0,R,22.0,Z,0.0,R,22.0,R,11.0,R,50.0,R,10.0
216427,2013,R,31.0,R,31.0,R,100.0,R,44.0,R,0.0,R,44.0,R,35.0,R,80.0,A,,A,,A,,A,,A,,R,7.0
216436,2013,R,107.0,R,108.0,R,99.0,R,90.0,R,0.0,R,90.0,R,64.0,R,71.0,A,,A,,A,,A,,A,,R,12.0
216445,2013,R,46.0,R,58.0,R,79.0,R,81.0,R,0.0,R,81.0,R,73.0,R,90.0,A,,A,,A,,A,,A,,R,11.0
216454,2013,R,82.0,R,99.0,R,83.0,R,100.0,R,0.0,R,100.0,R,81.0,R,81.0,A,,A,,A,,A,,A,,R,13.0
216524,2013,R,425.0,R,447.0,R,95.0,R,456.0,R,0.0,R,456.0,R,407.0,R,89.0,A,,A,,A,,A,,A,,R,12.0
216542,2013,R,134.0,R,191.0,R,70.0,R,163.0,R,0.0,R,163.0,R,120.0,R,74.0,R,16.0,R,0.0,R,16.0,R,0.0,R,0.0,R,14.0
216551,2013,R,166.0,R,184.0,R,90.0,R,170.0,R,1.0,R,169.0,R,78.0,R,46.0,A,,A,,A,,A,,A,,R,14.0
216579,2013,A,,A,,A,,R,84.0,Z,0.0,R,84.0,R,81.0,R,96.0,A,,A,,A,,A,,A,,R,17.0
216597,2013,R,1659.0,R,1870.0,R,89.0,R,1641.0,R,1.0,R,1640.0,R,1542.0,R,94.0,R,2.0,R,0.0,R,2.0,R,2.0,R,100.0,R,12.0
216630,2013,A,,A,,A,,R,5.0,R,0.0,R,5.0,R,2.0,R,40.0,A,,A,,A,,A,,A,,R,6.0
216649,2013,A,,A,,A,,A,,A,,A,,A,,A,,A,,A,,A,,A,,A,,R,13.0
216667,2013,R,326.0,R,361.0,R,90.0,R,376.0,R,0.0,R,376.0,R,323.0,R,86.0,A,,A,,A,,A,,A,,R,10.0
216694,2013,R,407.0,R,451.0,R,90.0,R,352.0,R,1.0,R,351.0,R,286.0,R,81.0,R,0.0,R,0.0,R,0.0,R,0.0,A,,R,14.0
216746,2013,A,,A,,A,,R,19.0,R,0.0,R,19.0,R,17.0,R,89.0,R,3.0,R,0.0,R,3.0,R,2.0,R,67.0,R,15.0
216764,2013,R,2292.0,R,3738.0,R,61.0,R,2326.0,R,0.0,R,2326.0,R,2032.0,R,87.0,R,8.0,R,0.0,R,8.0,R,1.0,R,13.0,R,20.0
216773,2013,A,,A,,A,,R,3.0,R,0.0,R,3.0,R,3.0,R,100.0,A,,A,,A,,A,,A,,R,8.0
216782,2013,A,,A,,A,,R,32.0,Z,0.0,R,32.0,R,18.0,R,56.0,R,21.0,Z,0.0,R,21.0,R,10.0,R,48.0,R,25.0
216807,2013,R,302.0,R,309.0,R,98.0,R,316.0,R,0.0,R,316.0,R,273.0,R,86.0,R,0.0,R,0.0,R,0.0,R,0.0,A,,R,11.0
216825,2013,R,1072.0,R,2050.0,R,52.0,R,1076.0,R,0.0,R,1076.0,R,633.0,R,59.0,R,605.0,R,0.0,R,605.0,R,217.0,R,36.0,R,17.0
216852,2013,R,827.0,R,991.0,R,83.0,R,710.0,R,0.0,R,710.0,R,536.0,R,75.0,R,7.0,R,0.0,R,7.0,R,4.0,R,57.0,R,12.0
216931,2013,R,584.0,R,836.0,R,70.0,R,589.0,R,0.0,R,589.0,R,462.0,R,78.0,R,7.0,R,0.0,R,7.0,R,1.0,R,14.0,R,14.0
217013,2013,R,70.0,R,130.0,R,54.0,R,75.0,R,0.0,R,75.0,R,40.0,R,53.0,R,0.0,R,0.0,R,0.0,R,0.0,A,,R,8.0
217040,2013,R,17.0,R,18.0,R,94.0,R,14.0,Z,0.0,R,14.0,R,13.0,R,93.0,A,,A,,A,,A,,A,,R,9.0
217059,2013,R,1070.0,R,1424.0,R,75.0,R,1135.0,R,0.0,R,1135.0,R,850.0,R,75.0,R,8.0,R,0.0,R,8.0,R,4.0,R,50.0,R,16.0
217077,2013,A,,A,,A,,R,448.0,R,0.0,R,448.0,R,372.0,R,83.0,A,,A,,A,,A,,A,,R,14.0
217086,2013,R,35.0,R,35.0,R,100.0,R,53.0,R,0.0,R,53.0,R,30.0,R,57.0,R,3.0,Z,0.0,R,3.0,R,2.0,R,67.0,R,11.0
217095,2013,A,,A,,A,,R,38.0,R,0.0,R,38.0,R,30.0,R,79.0,R,12.0,R,0.0,R,12.0,R,9.0,R,75.0,R,13.0
217156,2013,R,1542.0,R,1805.0,R,85.0,R,1536.0,R,0.0,R,1536.0,R,1492.0,R,97.0,A,,A,,A,,A,,A,,R,8.0
217165,2013,R,890.0,R,1004.0,R,89.0,R,772.0,R,2.0,R,770.0,R,695.0,R,90.0,A,,A,,A,,A,,A,,R,16.0
217235,2013,R,1957.0,R,2671.0,R,73.0,R,1737.0,R,0.0,R,1737.0,R,1372.0,R,79.0,R,15.0,R,0.0,R,15.0,R,5.0,R,33.0,R,24.0
217244,2013,A,,A,,A,,A,,A,,A,,A,,A,,A,,A,,A,,A,,A,,R,24.0
217305,2013,R,498.0,R,645.0,R,77.0,R,0.0,R,0.0,R,0.0,R,0.0,A,,A,,A,,A,,A,,A,,R,13.0
217323,2013,A,,A,,A,,A,,A,,A,,A,,A,,A,,A,,A,,A,,A,,R,8.0
217350,2013,A,,A,,A,,A,,A,,A,,A,,A,,R,5.0,R,0.0,R,5.0,R,3.0,R,60.0,R,5.0
217402,2013,R,1027.0,R,1215.0,R,85.0,R,998.0,R,0.0,R,998.0,R,906.0,R,91.0,R,0.0,R,0.0,R,0.0,R,0.0,A,,R,12.0
217420,2013,R,1128.0,R,1787.0,R,63.0,R,1038.0,R,0.0,R,1038.0,R,804.0,R,77.0,R,33.0,R,0.0,R,33.0,R,11.0,R,33.0,R,14.0
217475,2013,R,1657.0,R,8206.0,R,20.0,R,1963.0,R,24.0,R,1939.0,R,1250.0,R,64.0,R,1742.0,R,23.0,R,1719.0,R,812.0,R,47.0,R,18.0
217484,2013,R,2970.0,R,3779.0,R,79.0,R,2980.0,R,0.0,R,2980.0,R,2422.0,R,81.0,R,14.0,R,0.0,R,14.0,R,7.0,R,50.0,R,17.0
217493,2013,R,455.0,R,519.0,R,88.0,R,434.0,R,0.0,R,434.0,R,402.0,R,93.0,A,,A,,A,,A,,A,,R,9.0
217518,2013,R,1102.0,R,1304.0,R,85.0,R,997.0,R,0.0,R,997.0,R,828.0,R,83.0,Z,0.0,R,0.0,R,0.0,Z,0.0,A,,R,14.0
217536,2013,R,463.0,R,529.0,R,88.0,R,544.0,R,0.0,R,544.0,R,430.0,R,79.0,R,0.0,R,0.0,R,0.0,R,0.0,A,,R,13.0
217572,2013,A,,A,,A,,R,1.0,R,0.0,R,1.0,R,0.0,R,0.0,A,,A,,A,,A,,A,,R,8.0
217581,2013,A,,A,,A,,R,22.0,R,1.0,R,21.0,R,18.0,R,86.0,R,9.0,R,0.0,R,9.0,R,5.0,R,56.0,R,10.0
217606,2013,R,42.0,R,131.0,R,32.0,R,33.0,R,0.0,R,33.0,R,26.0,R,79.0,R,3.0,R,0.0,R,3.0,R,2.0,R,67.0,R,17.0
217615,2013,R,254.0,R,834.0,R,30.0,R,405.0,R,0.0,R,405.0,R,196.0,R,48.0,R,246.0,R,0.0,R,246.0,R,86.0,R,35.0,R,16.0
217624,2013,R,179.0,R,233.0,R,77.0,R,121.0,R,0.0,R,121.0,R,54.0,R,45.0,R,4.0,R,0.0,R,4.0,R,1.0,R,25.0,R,15.0
217633,2013,R,502.0,R,894.0,R,56.0,R,530.0,R,0.0,R,530.0,R,389.0,R,73.0,R,12.0,R,0.0,R,12.0,R,4.0,R,33.0,R,16.0
217688,2013,R,656.0,R,1009.0,R,65.0,R,626.0,R,0.0,R,626.0,R,405.0,R,65.0,A,,A,,A,,A,,A,,R,15.0
217712,2013,R,174.0,R,866.0,R,20.0,R,173.0,R,0.0,R,173.0,R,86.0,R,50.0,R,296.0,R,0.0,R,296.0,R,108.0,R,36.0,R,15.0
217721,2013,R,554.0,R,664.0,R,83.0,R,735.0,R,0.0,R,735.0,R,392.0,R,53.0,R,1.0,R,0.0,R,1.0,R,0.0,R,0.0,R,18.0
217749,2013,R,667.0,R,884.0,R,75.0,R,665.0,R,0.0,R,665.0,R,531.0,R,80.0,R,2.0,R,0.0,R,2.0,R,1.0,R,50.0,R,11.0
217776,2013,R,162.0,R,308.0,R,53.0,R,157.0,R,0.0,R,157.0,R,103.0,R,66.0,R,2.0,R,0.0,R,2.0,R,1.0,R,50.0,R,18.0
217794,2013,A,,A,,A,,R,19.0,R,0.0,R,19.0,R,15.0,R,79.0,R,20.0,R,0.0,R,20.0,R,14.0,R,70.0,R,11.0
217819,2013,R,2110.0,R,3090.0,R,68.0,R,2134.0,R,5.0,R,2129.0,R,1759.0,R,83.0,R,4.0,R,0.0,R,4.0,R,1.0,R,25.0,R,16.0
217828,2013,A,,A,,A,,R,35.0,R,0.0,R,35.0,R,24.0,R,69.0,R,9.0,R,0.0,R,9.0,R,7.0,R,78.0,R,15.0
217837,2013,R,211.0,R,428.0,R,49.0,R,216.0,R,0.0,R,216.0,R,111.0,R,51.0,R,54.0,R,0.0,R,54.0,R,13.0,R,24.0,R,17.0
217864,2013,R,645.0,R,831.0,R,78.0,R,676.0,R,1.0,R,675.0,R,571.0,R,85.0,R,0.0,R,0.0,R,0.0,R,0.0,A,,R,14.0
217873,2013,R,385.0,R,512.0,R,75.0,R,440.0,R,0.0,R,440.0,R,309.0,R,70.0,R,2.0,R,0.0,R,2.0,R,0.0,R,0.0,R,14.0
217882,2013,R,3286.0,R,4532.0,R,73.0,R,3435.0,R,0.0,R,3435.0,R,3158.0,R,92.0,R,28.0,R,0.0,R,28.0,R,18.0,R,64.0,R,17.0
217891,2013,R,78.0,R,90.0,R,87.0,R,0.0,R,0.0,R,0.0,R,0.0,A,,R,0.0,R,0.0,R,0.0,R,0.0,A,,R,21.0
217907,2013,R,245.0,R,382.0,R,64.0,R,187.0,R,0.0,R,187.0,R,111.0,R,59.0,R,11.0,R,0.0,R,11.0,R,6.0,R,55.0,R,12.0
217925,2013,R,102.0,R,171.0,R,60.0,R,101.0,R,0.0,R,101.0,R,86.0,R,85.0,R,2.0,R,0.0,R,2.0,R,1.0,R,50.0,R,15.0
217934,2013,R,127.0,R,281.0,R,45.0,R,187.0,R,0.0,R,187.0,R,120.0,R,64.0,R,1.0,R,0.0,R,1.0,R,1.0,R,100.0,R,10.0
217961,2013,R,231.0,R,271.0,R,85.0,R,181.0,R,0.0,R,181.0,R,133.0,R,73.0,R,2.0,R,0.0,R,2.0,R,1.0,R,50.0,R,11.0
217989,2013,R,350.0,R,477.0,R,73.0,R,627.0,R,0.0,R,627.0,R,229.0,R,37.0,R,74.0,R,0.0,R,74.0,R,28.0,R,38.0,R,39.0
217998,2013,R,207.0,R,250.0,R,83.0,R,137.0,R,0.0,R,137.0,R,114.0,R,83.0,R,8.0,R,0.0,R,8.0,R,1.0,R,13.0,R,12.0
218025,2013,R,827.0,R,1983.0,R,42.0,R,858.0,R,0.0,R,858.0,R,397.0,R,46.0,R,664.0,R,0.0,R,664.0,R,221.0,R,33.0,R,26.0
218043,2013,R,28.0,R,61.0,R,46.0,R,28.0,R,0.0,R,28.0,R,17.0,R,61.0,R,8.0,R,0.0,R,8.0,R,1.0,R,13.0,R,8.0
218061,2013,R,743.0,R,1225.0,R,61.0,R,814.0,R,0.0,R,814.0,R,544.0,R,67.0,R,0.0,R,0.0,R,0.0,R,0.0,A,,R,15.0
218070,2013,R,755.0,R,814.0,R,93.0,R,694.0,R,0.0,R,694.0,R,607.0,R,87.0,R,1.0,R,0.0,R,1.0,R,1.0,R,100.0,R,11.0
218089,2013,R,5.0,R,37.0,R,14.0,R,17.0,R,0.0,R,17.0,R,11.0,R,65.0,R,4.0,R,0.0,R,4.0,R,1.0,R,25.0,R,4.0
218113,2013,R,1570.0,R,3573.0,R,44.0,R,1749.0,R,0.0,R,1749.0,R,855.0,R,49.0,R,648.0,R,0.0,R,648.0,R,242.0,R,37.0,R,17.0
218140,2013,R,617.0,R,2152.0,R,29.0,R,641.0,R,0.0,R,641.0,R,365.0,R,57.0,R,434.0,R,0.0,R,434.0,R,190.0,R,44.0,R,21.0
218159,2013,A,,A,,A,,R,11.0,R,0.0,R,11.0,R,6.0,R,55.0,R,3.0,R,0.0,R,3.0,R,2.0,R,67.0,R,20.0
218195,2013,A,,A,,A,,R,5.0,R,0.0,R,5.0,R,4.0,R,80.0,R,3.0,R,0.0,R,3.0,R,3.0,R,100.0,R,20.0
218229,2013,R,516.0,R,743.0,R,69.0,R,567.0,R,0.0,R,567.0,R,348.0,R,61.0,R,2.0,R,0.0,R,2.0,R,0.0,R,0.0,R,16.0
218238,2013,R,448.0,R,963.0,R,47.0,R,266.0,R,0.0,R,266.0,R,155.0,R,58.0,R,32.0,R,0.0,R,32.0,R,12.0,R,38.0,R,19.0
218335,2013,A,,A,,A,,A,,A,,A,,A,,A,,A,,A,,A,,A,,A,,R,9.0
218353,2013,R,1568.0,R,3897.0,R,40.0,R,1570.0,R,0.0,R,1570.0,R,816.0,R,52.0,R,733.0,R,0.0,R,733.0,R,289.0,R,39.0,R,20.0
218399,2013,R,250.0,R,299.0,R,84.0,R,264.0,R,0.0,R,264.0,R,132.0,R,50.0,R,0.0,R,0.0,R,0.0,R,0.0,A,,R,15.0
218414,2013,R,237.0,R,317.0,R,75.0,R,220.0,R,0.0,R,220.0,R,151.0,R,69.0,A,,A,,A,,A,,A,,R,12.0
218441,2013,R,503.0,R,789.0,R,64.0,R,521.0,R,0.0,R,521.0,R,382.0,R,73.0,R,6.0,R,0.0,R,6.0,R,2.0,R,33.0,R,14.0
218487,2013,R,437.0,R,1104.0,R,40.0,R,369.0,R,0.0,R,369.0,R,195.0,R,53.0,R,159.0,R,0.0,R,159.0,R,54.0,R,34.0,R,16.0
218520,2013,R,741.0,R,1978.0,R,37.0,R,818.0,R,0.0,R,818.0,R,479.0,R,59.0,R,458.0,R,0.0,R,458.0,R,212.0,R,46.0,R,20.0
218539,2013,R,296.0,R,361.0,R,82.0,R,282.0,R,0.0,R,282.0,R,226.0,R,80.0,A,,A,,A,,A,,A,,R,12.0
218645,2013,R,594.0,R,1083.0,R,55.0,R,488.0,R,0.0,R,488.0,R,321.0,R,66.0,R,38.0,R,0.0,R,38.0,R,6.0,R,16.0,R,14.0
218654,2013,R,371.0,R,557.0,R,67.0,R,389.0,R,0.0,R,389.0,R,217.0,R,56.0,R,21.0,R,0.0,R,21.0,R,3.0,R,14.0,R,16.0
218663,2013,R,5003.0,R,6568.0,R,76.0,R,4580.0,R,0.0,R,4580.0,R,4002.0,R,87.0,R,45.0,R,0.0,R,45.0,R,11.0,R,24.0,R,18.0
218672,2013,R,341.0,R,1145.0,R,30.0,R,341.0,R,0.0,R,341.0,R,183.0,R,54.0,R,42.0,R,0.0,R,42.0,R,5.0,R,12.0,R,16.0
218681,2013,R,275.0,R,583.0,R,47.0,R,288.0,R,0.0,R,288.0,R,131.0,R,45.0,R,48.0,R,0.0,R,48.0,R,7.0,R,15.0,R,20.0
218690,2013,R,215.0,R,489.0,R,44.0,R,204.0,R,0.0,R,204.0,R,113.0,R,55.0,R,12.0,R,0.0,R,12.0,R,3.0,R,25.0,R,16.0
218706,2013,R,99.0,R,304.0,R,33.0,R,86.0,R,0.0,R,86.0,R,38.0,R,44.0,R,16.0,R,0.0,R,16.0,R,6.0,R,38.0,R,17.0
218724,2013,R,2084.0,R,3046.0,R,68.0,R,2200.0,R,0.0,R,2200.0,R,1378.0,R,63.0,R,6.0,R,0.0,R,6.0,R,1.0,R,17.0,R,17.0
218733,2013,R,559.0,R,745.0,R,75.0,R,662.0,R,0.0,R,662.0,R,399.0,R,60.0,R,2.0,R,0.0,R,2.0,R,1.0,R,50.0,R,14.0
218742,2013,R,755.0,R,1807.0,R,42.0,R,770.0,R,0.0,R,770.0,R,509.0,R,66.0,R,36.0,R,0.0,R,36.0,R,13.0,R,36.0,R,15.0
218821,2013,R,469.0,R,519.0,R,90.0,R,458.0,R,0.0,R,458.0,R,242.0,R,53.0,R,2.0,R,0.0,R,2.0,R,0.0,R,0.0,R,20.0
218830,2013,R,889.0,R,2433.0,R,37.0,R,838.0,R,0.0,R,838.0,R,471.0,R,56.0,R,341.0,R,0.0,R,341.0,R,114.0,R,33.0,R,17.0
218858,2013,R,399.0,R,1398.0,R,29.0,R,444.0,R,0.0,R,444.0,R,217.0,R,49.0,R,470.0,R,0.0,R,470.0,R,175.0,R,37.0,R,17.0
218867,2013,A,,A,,A,,R,2.0,R,0.0,R,2.0,R,2.0,R,100.0,A,,A,,A,,A,,A,,R,17.0
218885,2013,R,1788.0,R,2994.0,R,60.0,R,1749.0,R,0.0,R,1749.0,R,798.0,R,46.0,R,226.0,R,0.0,R,226.0,R,84.0,R,37.0,R,20.0
218894,2013,R,1893.0,R,4105.0,R,46.0,R,1942.0,R,0.0,R,1942.0,R,1028.0,R,53.0,R,1016.0,R,0.0,R,1016.0,R,371.0,R,37.0,R,21.0
218919,2013,R,138.0,R,225.0,R,61.0,R,188.0,R,0.0,R,188.0,R,87.0,R,46.0,R,0.0,R,0.0,R,0.0,R,0.0,A,,R,11.0
218955,2013,R,96.0,R,331.0,R,29.0,R,104.0,R,0.0,R,104.0,R,40.0,R,38.0,R,124.0,R,0.0,R,124.0,R,42.0,R,34.0,R,14.0
218964,2013,R,1096.0,R,1782.0,R,62.0,R,1141.0,R,0.0,R,1141.0,R,819.0,R,72.0,R,2.0,R,0.0,R,2.0,R,1.0,R,50.0,R,15.0
218973,2013,R,415.0,R,438.0,R,95.0,R,438.0,R,0.0,R,438.0,R,392.0,R,89.0,A,,A,,A,,A,,A,,R,12.0
218991,2013,R,865.0,R,1869.0,R,46.0,R,740.0,R,0.0,R,740.0,R,387.0,R,52.0,R,309.0,R,0.0,R,309.0,R,124.0,R,40.0,R,18.0
219000,2013,R,367.0,R,489.0,R,75.0,R,405.0,R,1.0,R,404.0,R,323.0,R,80.0,R,2.0,R,0.0,R,2.0,R,1.0,R,50.0,R,11.0
219037,2013,A,,A,,A,,R,34.0,R,0.0,R,34.0,R,29.0,R,85.0,A,,A,,A,,A,,A,,R,14.0
219046,2013,R,559.0,R,1576.0,R,35.0,R,483.0,R,1.0,R,482.0,R,286.0,R,59.0,R,43.0,R,0.0,R,43.0,R,23.0,R,53.0,R,20.0
219055,2013,R,10.0,R,103.0,R,10.0,R,12.0,R,0.0,R,12.0,R,4.0,R,33.0,R,29.0,R,0.0,R,29.0,R,7.0,R,24.0,R,12.0
219082,2013,R,286.0,R,1225.0,R,23.0,R,283.0,Z,0.0,R,283.0,R,196.0,R,69.0,R,18.0,R,0.0,R,18.0,R,8.0,R,44.0,R,18.0
219091,2013,R,168.0,R,301.0,R,56.0,R,199.0,R,1.0,R,198.0,R,152.0,R,77.0,R,3.0,R,0.0,R,3.0,R,2.0,R,67.0,R,11.0
219125,2013,A,,A,,A,,R,23.0,Z,0.0,R,23.0,R,15.0,R,65.0,A,,A,,A,,A,,A,,R,9.0
219143,2013,R,657.0,R,707.0,R,93.0,R,710.0,R,1.0,R,709.0,R,570.0,R,80.0,R,90.0,R,0.0,R,90.0,R,53.0,R,59.0,R,13.0
219170,2013,A,,A,,A,,A,,A,,A,,A,,A,,A,,A,,A,,A,,A,,R,10.0
219189,2013,R,374.0,R,594.0,R,63.0,R,320.0,R,1.0,R,319.0,R,251.0,R,79.0,R,9.0,R,0.0,R,9.0,R,7.0,R,78.0,R,13.0
219198,2013,R,107.0,R,477.0,R,22.0,R,115.0,R,0.0,R,115.0,R,77.0,R,67.0,R,12.0,R,0.0,R,12.0,R,7.0,R,58.0,R,10.0
219204,2013,R,13.0,R,719.0,R,2.0,R,12.0,Z,0.0,R,12.0,R,10.0,R,83.0,R,253.0,Z,0.0,R,253.0,R,70.0,R,28.0,R,14.0
219213,2013,R,4.0,R,165.0,R,2.0,R,9.0,Z,0.0,R,9.0,R,6.0,R,67.0,R,53.0,Z,0.0,R,53.0,R,24.0,R,45.0,R,12.0
219259,2013,R,369.0,R,1128.0,R,33.0,R,332.0,R,0.0,R,332.0,R,236.0,R,71.0,R,22.0,R,0.0,R,22.0,R,9.0,R,41.0,R,19.0
219277,2013,R,186.0,R,328.0,R,57.0,R,94.0,R,0.0,R,94.0,R,40.0,R,43.0,R,23.0,R,0.0,R,23.0,R,11.0,R,48.0,R,12.0
219295,2013,R,130.0,R,341.0,R,38.0,R,97.0,R,0.0,R,97.0,R,56.0,R,58.0,R,1.0,R,0.0,R,1.0,R,1.0,R,100.0,R,12.0
219338,2013,A,,A,,A,,A,,A,,A,,A,,A,,A,,A,,A,,A,,A,,R,12.0
219347,2013,R,546.0,R,757.0,R,72.0,R,441.0,R,1.0,R,440.0,R,347.0,R,79.0,R,10.0,R,0.0,R,10.0,R,7.0,R,70.0,R,14.0
219356,2013,R,2188.0,R,3353.0,R,65.0,R,2075.0,R,1.0,R,2074.0,R,1574.0,R,76.0,R,92.0,R,0.0,R,92.0,R,36.0,R,39.0,R,17.0
219374,2013,R,95.0,R,262.0,R,36.0,R,12.0,R,0.0,R,12.0,R,9.0,R,75.0,R,6.0,R,0.0,R,6.0,R,6.0,R,100.0,R,12.0
219383,2013,R,236.0,R,339.0,R,70.0,R,266.0,Z,0.0,R,266.0,R,175.0,R,66.0,R,1.0,Z,0.0,R,1.0,R,0.0,R,0.0,R,14.0
219392,2013,A,,A,,A,,A,,A,,A,,A,,A,,A,,A,,A,,A,,A,,R,4.0
219408,2013,R,50.0,R,57.0,R,88.0,R,29.0,R,0.0,R,29.0,R,9.0,R,31.0,R,4.0,R,0.0,R,4.0,R,1.0,R,25.0,R,10.0
219426,2013,R,472.0,R,958.0,R,49.0,R,580.0,R,3.0,R,577.0,R,347.0,R,60.0,R,58.0,R,0.0,R,58.0,R,36.0,R,62.0,R,20.0
219453,2013,A,,A,,A,,R,86.0,R,0.0,R,86.0,R,79.0,R,92.0,A,,A,,A,,A,,A,,R,12.0
219471,2013,R,1225.0,R,2199.0,R,56.0,R,1221.0,R,0.0,R,1221.0,R,934.0,R,76.0,R,103.0,R,0.0,R,103.0,R,51.0,R,50.0,R,17.0
219480,2013,R,226.0,R,425.0,R,53.0,R,242.0,R,1.0,R,241.0,R,99.0,R,41.0,R,24.0,R,0.0,R,24.0,R,8.0,R,33.0,R,13.0
219505,2013,R,9.0,R,23.0,R,39.0,R,5.0,R,0.0,R,5.0,R,3.0,R,60.0,R,2.0,R,0.0,R,2.0,R,2.0,R,100.0,R,11.0
219578,2013,R,34.0,R,138.0,R,25.0,R,8.0,R,0.0,R,8.0,R,7.0,R,88.0,R,0.0,R,0.0,R,0.0,R,0.0,A,,R,9.0
219587,2013,A,,A,,A,,R,22.0,R,0.0,R,22.0,R,20.0,R,91.0,A,,A,,A,,A,,A,,R,12.0
219596,2013,A,,A,,A,,R,124.0,R,0.0,R,124.0,R,106.0,R,85.0,A,,A,,A,,A,,A,,R,20.0
219602,2013,R,1237.0,R,2527.0,R,49.0,R,1162.0,R,0.0,R,1162.0,R,769.0,R,66.0,R,318.0,R,0.0,R,318.0,R,193.0,R,61.0,R,18.0
219639,2013,R,88.0,R,291.0,R,30.0,R,66.0,Z,0.0,R,66.0,R,49.0,R,74.0,R,0.0,Z,0.0,R,0.0,R,0.0,A,,R,12.0
219709,2013,R,1243.0,R,1739.0,R,71.0,R,1254.0,R,0.0,R,1254.0,R,1045.0,R,83.0,R,0.0,R,0.0,R,0.0,R,0.0,A,,R,13.0
219718,2013,R,550.0,R,1169.0,R,47.0,R,630.0,R,0.0,R,630.0,R,350.0,R,56.0,R,102.0,R,0.0,R,102.0,R,9.0,R,9.0,R,15.0
219790,2013,R,187.0,R,546.0,R,34.0,R,195.0,R,0.0,R,195.0,R,138.0,R,71.0,R,0.0,Z,0.0,R,0.0,Z,0.0,A,,R,15.0
219806,2013,R,480.0,R,596.0,R,81.0,R,453.0,R,0.0,R,453.0,R,311.0,R,69.0,R,0.0,R,0.0,R,0.0,R,0.0,A,,R,12.0
219824,2013,R,1156.0,R,2516.0,R,46.0,R,1230.0,R,0.0,R,1230.0,R,638.0,R,52.0,R,508.0,R,0.0,R,508.0,R,230.0,R,45.0,R,18.0
219833,2013,R,262.0,R,344.0,R,76.0,R,252.0,R,0.0,R,252.0,R,196.0,R,78.0,R,2.0,R,0.0,R,2.0,R,2.0,R,100.0,R,9.0
219879,2013,R,669.0,R,1004.0,R,67.0,R,648.0,Z,0.0,R,648.0,R,345.0,R,53.0,R,82.0,Z,0.0,R,82.0,R,32.0,R,39.0,R,23.0
219888,2013,R,750.0,R,1359.0,R,55.0,R,833.0,R,0.0,R,833.0,R,482.0,R,58.0,R,331.0,R,0.0,R,331.0,R,134.0,R,40.0,R,19.0
219903,2013,A,,A,,A,,R,296.0,R,0.0,R,296.0,R,204.0,R,69.0,A,,A,,A,,A,,A,,R,30.0
219921,2013,A,,A,,A,,R,54.0,R,0.0,R,54.0,R,46.0,R,85.0,R,21.0,R,0.0,R,21.0,R,14.0,R,67.0,R,15.0
219949,2013,R,212.0,R,471.0,R,45.0,R,212.0,R,0.0,R,212.0,R,135.0,R,64.0,R,0.0,R,0.0,R,0.0,R,0.0,A,,R,14.0
219976,2013,R,683.0,R,876.0,R,78.0,R,670.0,R,0.0,R,670.0,R,514.0,R,77.0,R,2.0,R,0.0,R,2.0,R,0.0,R,0.0,R,12.0
219994,2013,A,,A,,A,,R,314.0,R,1.0,R,313.0,R,271.0,R,87.0,R,30.0,R,0.0,R,30.0,R,22.0,R,73.0,R,17.0
220002,2013,R,13.0,R,38.0,R,34.0,R,6.0,R,0.0,R,6.0,R,2.0,R,33.0,R,0.0,R,0.0,R,0.0,R,0.0,A,,R,7.0
220057,2013,R,407.0,R,817.0,R,50.0,R,553.0,R,1.0,R,552.0,R,262.0,R,47.0,R,221.0,Z,0.0,R,221.0,R,66.0,R,30.0,R,20.0
220075,2013,R,1849.0,R,3093.0,R,60.0,R,2038.0,R,0.0,R,2038.0,R,1349.0,R,66.0,R,44.0,R,0.0,R,44.0,R,13.0,R,30.0,R,20.0
220118,2013,R,28.0,R,73.0,R,38.0,R,56.0,R,0.0,R,56.0,R,39.0,R,70.0,A,,A,,A,,A,,A,,R,18.0
220127,2013,A,,A,,A,,R,153.0,R,0.0,R,153.0,R,122.0,R,80.0,R,47.0,R,0.0,R,47.0,R,30.0,R,64.0,R,19.0
220163,2013,A,,A,,A,,R,41.0,R,0.0,R,41.0,R,25.0,R,61.0,R,35.0,R,0.0,R,35.0,R,21.0,R,60.0,R,8.0
220181,2013,R,230.0,R,281.0,R,82.0,R,221.0,R,0.0,R,221.0,R,155.0,R,70.0,R,2.0,R,0.0,R,2.0,R,0.0,R,0.0,R,11.0
220206,2013,R,62.0,R,113.0,R,55.0,R,60.0,R,0.0,R,60.0,R,43.0,R,72.0,R,1.0,R,0.0,R,1.0,R,1.0,R,100.0,R,10.0
220215,2013,R,355.0,R,495.0,R,72.0,R,321.0,R,0.0,R,321.0,R,249.0,R,78.0,R,0.0,R,0.0,R,0.0,R,0.0,A,,R,13.0
220251,2013,A,,A,,A,,R,208.0,R,3.0,R,205.0,R,175.0,R,85.0,R,1.0,R,0.0,R,1.0,R,0.0,R,0.0,R,15.0
220279,2013,A,,A,,A,,R,109.0,R,0.0,R,109.0,R,92.0,R,84.0,R,14.0,R,0.0,R,14.0,R,4.0,R,29.0,R,18.0
220312,2013,R,80.0,R,210.0,R,38.0,R,10.0,R,0.0,R,10.0,R,7.0,R,70.0,R,1.0,R,0.0,R,1.0,R,0.0,R,0.0,R,8.0
220321,2013,A,,A,,A,,R,29.0,R,0.0,R,29.0,R,24.0,R,83.0,R,1.0,R,0.0,R,1.0,R,0.0,R,0.0,R,18.0
220394,2013,A,,A,,A,,R,55.0,R,0.0,R,55.0,R,41.0,R,75.0,R,18.0,R,0.0,R,18.0,R,14.0,R,78.0,R,18.0
220400,2013,R,725.0,R,1166.0,R,62.0,R,696.0,Z,0.0,R,696.0,R,301.0,R,43.0,R,124.0,R,0.0,R,124.0,R,34.0,R,27.0,R,22.0
220464,2013,R,21.0,R,86.0,R,24.0,R,19.0,R,0.0,R,19.0,R,10.0,R,53.0,R,16.0,R,0.0,R,16.0,R,14.0,R,88.0,R,15.0
220473,2013,R,162.0,R,240.0,R,68.0,R,179.0,R,0.0,R,179.0,R,144.0,R,80.0,R,1.0,R,0.0,R,1.0,R,0.0,R,0.0,R,16.0
220491,2013,A,,A,,A,,R,4.0,Z,0.0,R,4.0,R,3.0,R,75.0,R,1.0,Z,0.0,R,1.0,R,1.0,R,100.0,R,17.0
220516,2013,R,233.0,R,826.0,R,28.0,R,214.0,R,0.0,R,214.0,R,147.0,R,69.0,R,0.0,R,0.0,R,0.0,R,0.0,A,,R,12.0
220552,2013,R,183.0,R,183.0,R,100.0,R,150.0,R,0.0,R,150.0,R,79.0,R,53.0,A,,A,,A,,A,,A,,R,13.0
220570,2013,A,,A,,A,,R,12.0,R,0.0,R,12.0,R,9.0,R,75.0,R,3.0,R,0.0,R,3.0,R,3.0,R,100.0,R,15.0
220598,2013,R,405.0,R,549.0,R,74.0,R,325.0,R,0.0,R,325.0,R,158.0,R,49.0,R,0.0,R,0.0,R,0.0,R,0.0,A,,R,17.0
220604,2013,R,149.0,R,288.0,R,52.0,R,175.0,R,0.0,R,175.0,R,80.0,R,46.0,R,7.0,R,0.0,R,7.0,R,3.0,R,43.0,R,13.0
220613,2013,R,808.0,R,1324.0,R,61.0,R,846.0,R,0.0,R,846.0,R,653.0,R,77.0,R,7.0,Z,0.0,R,7.0,R,2.0,R,29.0,R,18.0
220631,2013,R,185.0,R,501.0,R,37.0,R,234.0,R,0.0,R,234.0,R,174.0,R,74.0,R,16.0,R,0.0,R,16.0,R,7.0,R,44.0,R,13.0
220640,2013,A,,A,,A,,R,75.0,R,0.0,R,75.0,R,56.0,R,75.0,R,4.0,R,0.0,R,4.0,R,2.0,R,50.0,R,25.0
220701,2013,R,335.0,R,442.0,R,76.0,R,272.0,R,0.0,R,272.0,R,150.0,R,55.0,R,9.0,R,0.0,R,9.0,R,6.0,R,67.0,R,17.0
220710,2013,R,349.0,R,438.0,R,80.0,R,313.0,R,0.0,R,313.0,R,226.0,R,72.0,R,0.0,R,0.0,R,0.0,R,0.0,A,,R,13.0
220756,2013,A,,A,,A,,R,60.0,R,0.0,R,60.0,R,47.0,R,78.0,A,,A,,A,,A,,A,,R,16.0
220765,2013,A,,A,,A,,R,126.0,R,3.0,R,123.0,R,61.0,R,50.0,R,16.0,R,0.0,R,16.0,R,7.0,R,44.0,R,15.0
220808,2013,R,111.0,R,141.0,R,79.0,R,68.0,R,0.0,R,68.0,R,47.0,R,69.0,R,1.0,R,1.0,R,0.0,R,0.0,A,,R,12.0
220853,2013,A,,A,,A,,R,221.0,R,2.0,R,219.0,R,178.0,R,81.0,R,57.0,R,0.0,R,57.0,R,46.0,R,81.0,R,19.0
220862,2013,R,2025.0,R,3620.0,R,56.0,R,2114.0,R,0.0,R,2114.0,R,1603.0,R,76.0,R,67.0,R,0.0,R,67.0,R,28.0,R,42.0,R,14.0
220941,2013,R,235.0,R,835.0,R,28.0,R,25.0,R,0.0,R,25.0,R,15.0,R,60.0,R,18.0,R,0.0,R,18.0,R,12.0,R,67.0,R,30.0
220978,2013,R,3129.0,R,5134.0,R,61.0,R,3068.0,R,0.0,R,3068.0,R,2098.0,R,68.0,R,52.0,R,0.0,R,52.0,R,19.0,R,37.0,R,19.0
221014,2013,R,206.0,R,311.0,R,66.0,R,174.0,R,0.0,R,174.0,R,151.0,R,87.0,A,,A,,A,,A,,A,,R,11.0
221050,2013,A,,A,,A,,R,129.0,R,4.0,R,125.0,R,93.0,R,74.0,R,25.0,R,0.0,R,25.0,R,23.0,R,92.0,R,16.0
221096,2013,R,852.0,R,1523.0,R,56.0,R,752.0,R,2.0,R,750.0,R,398.0,R,53.0,R,259.0,R,3.0,R,256.0,R,90.0,R,35.0,R,20.0
221102,2013,A,,A,,A,,R,191.0,R,0.0,R,191.0,R,152.0,R,80.0,R,41.0,Z,0.0,R,41.0,R,32.0,R,78.0,R,20.0
221148,2013,A,,A,,A,,R,523.0,R,0.0,R,523.0,R,371.0,R,71.0,A,,A,,A,,A,,A,,R,30.0
221157,2013,A,,A,,A,,R,63.0,R,0.0,R,63.0,R,49.0,R,78.0,A,,A,,A,,A,,A,,R,12.0
221184,2013,R,844.0,R,2724.0,R,31.0,R,770.0,R,6.0,R,764.0,R,381.0,R,50.0,R,659.0,R,0.0,R,659.0,R,280.0,R,42.0,R,19.0
221236,2013,A,,A,,A,,R,73.0,R,0.0,R,73.0,R,60.0,R,82.0,R,1.0,Z,0.0,R,1.0,R,1.0,R,100.0,R,20.0
221254,2013,R,26.0,R,35.0,R,74.0,R,30.0,R,0.0,R,30.0,R,18.0,R,60.0,R,0.0,R,0.0,R,0.0,R,0.0,A,,R,8.0
221281,2013,A,,A,,A,,R,81.0,R,0.0,R,81.0,R,63.0,R,78.0,R,1.0,Z,0.0,R,1.0,R,0.0,R,0.0,R,13.0
221290,2013,A,,A,,A,,R,8.0,Z,0.0,R,8.0,R,5.0,R,63.0,R,5.0,Z,0.0,R,5.0,R,5.0,R,100.0,R,15.0
221333,2013,A,,A,,A,,R,47.0,R,1.0,R,46.0,R,31.0,R,67.0,R,4.0,R,0.0,R,4.0,R,3.0,R,75.0,R,10.0
221351,2013,R,545.0,R,574.0,R,95.0,R,553.0,R,0.0,R,553.0,R,512.0,R,93.0,A,,A,,A,,A,,A,,R,11.0
221388,2013,A,,A,,A,,R,21.0,R,0.0,R,21.0,R,14.0,R,67.0,R,19.0,R,0.0,R,19.0,R,4.0,R,21.0,R,15.0
221397,2013,R,888.0,R,2483.0,R,36.0,R,919.0,R,0.0,R,919.0,R,556.0,R,61.0,R,498.0,R,1.0,R,497.0,R,224.0,R,45.0,R,18.0
221430,2013,A,,A,,A,,R,85.0,R,0.0,R,85.0,R,67.0,R,79.0,R,21.0,R,0.0,R,21.0,R,18.0,R,86.0,R,20.0
221485,2013,R,1366.0,R,3052.0,R,45.0,R,1278.0,R,0.0,R,1278.0,R,601.0,R,47.0,R,1074.0,R,0.0,R,1074.0,R,347.0,R,32.0,R,19.0
221494,2013,A,,A,,A,,R,183.0,R,0.0,R,183.0,R,150.0,R,82.0,R,31.0,R,0.0,R,31.0,R,25.0,R,81.0,R,20.0
221519,2013,R,488.0,R,520.0,R,94.0,R,453.0,R,0.0,R,453.0,R,411.0,R,91.0,A,,A,,A,,A,,A,,R,11.0
221582,2013,A,,A,,A,,R,54.0,Z,0.0,R,54.0,R,42.0,R,78.0,R,88.0,Z,0.0,R,88.0,R,82.0,R,93.0,R,14.0
221591,2013,A,,A,,A,,R,69.0,R,0.0,R,69.0,R,50.0,R,72.0,R,2.0,R,0.0,R,2.0,R,1.0,R,50.0,R,17.0
221607,2013,A,,A,,A,,R,69.0,R,0.0,R,69.0,R,57.0,R,83.0,R,4.0,R,0.0,R,4.0,R,4.0,R,100.0,R,14.0
221616,2013,A,,A,,A,,R,188.0,R,0.0,R,188.0,R,147.0,R,78.0,A,,A,,A,,A,,A,,R,17.0
221625,2013,A,,A,,A,,R,215.0,R,0.0,R,215.0,R,167.0,R,78.0,R,168.0,R,0.0,R,168.0,R,133.0,R,79.0,R,10.0
221634,2013,A,,A,,A,,R,64.0,R,0.0,R,64.0,R,41.0,R,64.0,R,5.0,R,0.0,R,5.0,R,2.0,R,40.0,R,18.0
221643,2013,R,1767.0,R,3369.0,R,52.0,R,1638.0,Z,0.0,R,1638.0,R,895.0,R,55.0,R,399.0,Z,0.0,R,399.0,R,199.0,R,50.0,R,20.0
221661,2013,R,480.0,R,843.0,R,57.0,R,382.0,Z,0.0,R,382.0,R,294.0,R,77.0,R,10.0,Z,0.0,R,10.0,R,4.0,R,40.0,R,14.0
221731,2013,R,208.0,R,389.0,R,53.0,R,218.0,R,0.0,R,218.0,R,132.0,R,61.0,R,0.0,R,0.0,R,0.0,R,0.0,A,,R,12.0
221740,2013,R,2335.0,R,3235.0,R,72.0,R,2284.0,R,1.0,R,2283.0,R,1578.0,R,69.0,R,6.0,R,0.0,R,6.0,R,3.0,R,50.0,R,18.0
221759,2013,R,4261.0,R,5844.0,R,73.0,R,4197.0,R,0.0,R,4197.0,R,3594.0,R,86.0,R,10.0,R,0.0,R,10.0,R,4.0,R,40.0,R,17.0
221768,2013,R,1301.0,R,1736.0,R,75.0,R,1315.0,R,1.0,R,1314.0,R,919.0,R,70.0,R,5.0,R,0.0,R,5.0,R,0.0,R,0.0,R,17.0
221795,2013,R,51.0,R,98.0,R,52.0,R,5.0,R,0.0,R,5.0,R,1.0,R,20.0,A,,A,,A,,A,,A,,R,12.0
221829,2013,A,,A,,A,,R,61.0,R,0.0,R,61.0,R,52.0,R,85.0,A,,A,,A,,A,,A,,R,20.0
221838,2013,R,1326.0,R,2021.0,R,66.0,R,1017.0,R,0.0,R,1017.0,R,608.0,R,60.0,R,41.0,R,0.0,R,41.0,R,14.0,R,34.0,R,15.0
221847,2013,R,2161.0,R,2887.0,R,75.0,R,2046.0,Z,0.0,R,2046.0,R,1526.0,R,75.0,R,12.0,Z,0.0,R,12.0,R,5.0,R,42.0,R,21.0
221856,2013,R,130.0,R,284.0,R,46.0,R,30.0,R,0.0,R,30.0,R,20.0,R,67.0,R,2.0,R,0.0,R,2.0,R,0.0,R,0.0,R,21.0
221892,2013,R,245.0,R,341.0,R,72.0,R,234.0,R,0.0,R,234.0,R,175.0,R,75.0,R,5.0,R,0.0,R,5.0,R,3.0,R,60.0,R,15.0
221908,2013,R,855.0,R,1395.0,R,61.0,R,870.0,Z,0.0,R,870.0,R,490.0,R,56.0,R,198.0,Z,0.0,R,198.0,R,80.0,R,40.0,R,20.0
221953,2013,R,313.0,R,392.0,R,80.0,R,336.0,R,0.0,R,336.0,R,168.0,R,50.0,R,0.0,R,0.0,R,0.0,R,0.0,A,,R,15.0
221971,2013,R,472.0,R,1516.0,R,31.0,R,356.0,R,0.0,R,356.0,R,334.0,R,94.0,R,35.0,R,0.0,R,35.0,R,32.0,R,91.0,R,11.0
221980,2013,A,,A,,A,,R,89.0,R,0.0,R,89.0,R,70.0,R,79.0,R,8.0,R,0.0,R,8.0,R,8.0,R,100.0,R,20.0
221999,2013,R,1613.0,R,1851.0,R,87.0,R,1608.0,R,2.0,R,1606.0,R,1563.0,R,97.0,A,,A,,A,,A,,A,,R,8.0
222026,2013,A,,A,,A,,R,9.0,R,0.0,R,9.0,R,4.0,R,44.0,R,1.0,R,0.0,R,1.0,R,1.0,R,100.0,R,9.0
222053,2013,R,1142.0,R,2192.0,R,52.0,R,1157.0,R,2.0,R,1155.0,R,660.0,R,57.0,R,399.0,R,0.0,R,399.0,R,172.0,R,43.0,R,21.0
222062,2013,R,1196.0,R,1590.0,R,75.0,R,1259.0,R,0.0,R,1259.0,R,699.0,R,56.0,R,189.0,R,0.0,R,189.0,R,74.0,R,39.0,R,19.0
222099,2013,A,,A,,A,,R,165.0,R,1.0,R,164.0,R,124.0,R,76.0,A,,A,,A,,A,,A,,R,19.0
222105,2013,R,31.0,R,103.0,R,30.0,R,24.0,R,0.0,R,24.0,R,20.0,R,83.0,R,79.0,R,0.0,R,79.0,R,65.0,R,82.0,R,15.0
222178,2013,R,1026.0,R,1214.0,R,85.0,R,957.0,R,0.0,R,957.0,R,760.0,R,79.0,R,0.0,R,0.0,R,0.0,R,0.0,A,,R,14.0
222567,2013,R,431.0,R,3005.0,R,14.0,R,329.0,Z,0.0,R,329.0,R,192.0,R,58.0,R,503.0,Z,0.0,R,503.0,R,221.0,R,44.0,R,17.0
222576,2013,R,838.0,R,1906.0,R,44.0,R,809.0,R,0.0,R,809.0,R,456.0,R,56.0,R,622.0,R,0.0,R,622.0,R,251.0,R,40.0,R,21.0
222628,2013,A,,A,,A,,A,,A,,A,,A,,A,,A,,A,,A,,A,,A,,R,19.0
222673,2013,A,,A,,A,,R,63.0,R,0.0,R,63.0,R,52.0,R,83.0,R,28.0,R,0.0,R,28.0,R,18.0,R,64.0,R,20.0
222707,2013,A,,A,,A,,R,17.0,R,0.0,R,17.0,R,8.0,R,47.0,R,0.0,R,0.0,R,0.0,R,0.0,A,,R,4.0
222822,2013,R,796.0,R,2180.0,R,37.0,R,525.0,R,1.0,R,524.0,R,184.0,R,35.0,R,976.0,R,0.0,R,976.0,R,500.0,R,51.0,R,17.0
222831,2013,R,1207.0,R,1779.0,R,68.0,R,1378.0,R,0.0,R,1378.0,R,752.0,R,55.0,R,25.0,R,0.0,R,25.0,R,5.0,R,20.0,R,18.0
222877,2013,R,43.0,R,72.0,R,60.0,R,53.0,R,1.0,R,52.0,R,26.0,R,50.0,R,2.0,Z,0.0,R,2.0,R,1.0,R,50.0,R,15.0
222886,2013,A,,A,,A,,R,148.0,R,0.0,R,148.0,R,107.0,R,72.0,R,31.0,R,0.0,R,31.0,R,24.0,R,77.0,R,14.0
222938,2013,R,379.0,R,851.0,R,45.0,R,222.0,Z,0.0,R,222.0,R,110.0,R,50.0,R,53.0,Z,0.0,R,53.0,R,21.0,R,40.0,R,21.0
222983,2013,R,364.0,R,390.0,R,93.0,R,308.0,R,0.0,R,308.0,R,255.0,R,83.0,A,,A,,A,,A,,A,,R,12.0
222992,2013,R,2396.0,R,11169.0,R,21.0,R,2228.0,R,0.0,R,2228.0,R,1239.0,R,56.0,R,3409.0,R,0.0,R,3409.0,R,1471.0,R,43.0,R,21.0
223056,2013,A,,A,,A,,R,63.0,R,0.0,R,63.0,R,60.0,R,95.0,A,,A,,A,,A,,A,,R,25.0
223083,2013,A,,A,,A,,A,,A,,A,,A,,A,,A,,A,,A,,A,,A,,R,14.0
223117,2013,A,,A,,A,,R,0.0,R,0.0,R,0.0,R,0.0,A,,R,11.0,R,0.0,R,11.0,R,7.0,R,64.0,R,7.0
223214,2013,A,,A,,A,,A,,A,,A,,A,,A,,A,,A,,A,,A,,A,,R,4.0
223232,2013,R,3189.0,R,3720.0,R,86.0,R,3253.0,R,2.0,R,3251.0,R,2869.0,R,88.0,R,0.0,R,0.0,R,0.0,R,0.0,A,,R,15.0
223320,2013,R,350.0,R,1377.0,R,25.0,R,398.0,R,0.0,R,398.0,R,166.0,R,42.0,R,221.0,R,0.0,R,221.0,R,99.0,R,45.0,R,18.0
223427,2013,R,5592.0,R,9822.0,R,57.0,R,4875.0,R,0.0,R,4875.0,R,2671.0,R,55.0,R,2647.0,R,0.0,R,2647.0,R,1313.0,R,50.0,R,26.0
223463,2013,A,,A,,A,,R,5.0,Z,0.0,R,5.0,R,5.0,R,100.0,A,,A,,A,,A,,A,,R,23.0
223472,2013,R,19.0,R,62.0,R,31.0,R,28.0,R,0.0,R,28.0,R,14.0,R,50.0,A,,A,,A,,A,,A,,R,18.0
223506,2013,R,262.0,R,1103.0,R,24.0,R,5.0,Z,0.0,R,5.0,R,5.0,R,100.0,R,26.0,Z,0.0,R,26.0,R,22.0,R,85.0,R,17.0
223524,2013,R,586.0,R,3213.0,R,18.0,R,594.0,R,0.0,R,594.0,R,374.0,R,63.0,R,920.0,R,0.0,R,920.0,R,420.0,R,46.0,R,21.0
223658,2013,A,,A,,A,,R,56.0,R,0.0,R,56.0,R,44.0,R,79.0,A,,A,,A,,A,,A,,R,20.0
223667,2013,A,,A,,A,,R,5.0,Z,0.0,R,5.0,R,4.0,R,80.0,A,,A,,A,,A,,A,,R,3.0
223773,2013,R,399.0,R,1762.0,R,23.0,R,428.0,R,0.0,R,428.0,R,190.0,R,44.0,R,381.0,R,0.0,R,381.0,R,134.0,R,35.0,R,24.0
223816,2013,R,588.0,R,6245.0,R,9.0,R,1024.0,R,15.0,R,1009.0,R,450.0,R,45.0,R,3218.0,R,38.0,R,3180.0,R,485.0,R,15.0,R,20.0
223852,2013,A,,A,,A,,R,12.0,R,0.0,R,12.0,R,10.0,R,83.0,A,,A,,A,,A,,A,,R,4.0
223898,2013,R,426.0,R,1360.0,R,31.0,R,515.0,R,0.0,R,515.0,R,127.0,R,25.0,R,644.0,R,0.0,R,644.0,R,242.0,R,38.0,R,21.0
223922,2013,R,250.0,R,604.0,R,41.0,R,206.0,R,0.0,R,206.0,R,131.0,R,64.0,R,75.0,R,0.0,R,75.0,R,36.0,R,48.0,R,16.0
224004,2013,R,180.0,R,406.0,R,44.0,R,244.0,R,0.0,R,244.0,R,118.0,R,48.0,R,15.0,R,0.0,R,15.0,R,6.0,R,40.0,R,11.0
224013,2013,A,,A,,A,,R,33.0,R,0.0,R,33.0,R,26.0,R,79.0,R,10.0,R,0.0,R,10.0,R,9.0,R,90.0,R,16.0
224110,2013,R,971.0,R,4000.0,R,24.0,R,532.0,R,0.0,R,532.0,R,262.0,R,49.0,R,581.0,Z,0.0,R,581.0,R,290.0,R,50.0,R,25.0
224147,2013,R,2033.0,R,2997.0,R,68.0,R,1746.0,R,0.0,R,1746.0,R,1001.0,R,57.0,R,17.0,R,0.0,R,17.0,R,9.0,R,53.0,R,22.0
224156,2013,A,,A,,A,,R,57.0,R,0.0,R,57.0,R,45.0,R,79.0,A,,A,,A,,A,,A,,R,20.0
224183,2013,R,6.0,R,8.0,R,75.0,R,11.0,Z,0.0,R,11.0,R,4.0,R,36.0,R,7.0,Z,0.0,R,7.0,R,2.0,R,29.0,R,12.0
224226,2013,R,488.0,R,795.0,R,61.0,R,489.0,R,0.0,R,489.0,R,341.0,R,70.0,R,3.0,R,0.0,R,3.0,R,2.0,R,67.0,R,14.0
224244,2013,R,43.0,R,104.0,R,41.0,R,48.0,R,0.0,R,48.0,R,28.0,R,58.0,R,2.0,R,0.0,R,2.0,R,1.0,R,50.0,R,12.0
224271,2013,R,25.0,R,48.0,R,52.0,R,25.0,R,0.0,R,25.0,R,21.0,R,84.0,A,,A,,A,,A,,A,,R,24.0
224323,2013,R,380.0,R,440.0,R,86.0,R,353.0,R,0.0,R,353.0,R,272.0,R,77.0,R,0.0,R,0.0,R,0.0,R,0.0,A,,R,11.0
224350,2013,R,560.0,R,1778.0,R,31.0,R,657.0,R,0.0,R,657.0,R,372.0,R,57.0,R,580.0,Z,0.0,R,580.0,R,261.0,R,45.0,R,14.0
224439,2013,A,,A,,A,,R,95.0,R,12.0,R,83.0,R,57.0,R,69.0,A,,A,,A,,A,,A,,R,19.0
224527,2013,R,340.0,R,487.0,R,70.0,R,350.0,R,0.0,R,350.0,R,200.0,R,57.0,R,10.0,R,0.0,R,10.0,R,6.0,R,60.0,R,14.0
224545,2013,R,156.0,R,429.0,R,36.0,R,201.0,R,0.0,R,201.0,R,81.0,R,40.0,R,3.0,R,0.0,R,3.0,R,1.0,R,33.0,R,16.0
224554,2013,R,920.0,R,2070.0,R,44.0,R,809.0,R,0.0,R,809.0,R,541.0,R,67.0,R,15.0,R,0.0,R,15.0,R,6.0,R,40.0,R,18.0
224572,2013,R,813.0,R,4013.0,R,20.0,R,919.0,R,0.0,R,919.0,R,580.0,R,63.0,R,1079.0,R,0.0,R,1079.0,R,497.0,R,46.0,R,24.0
224615,2013,R,419.0,R,2871.0,R,15.0,R,553.0,R,0.0,R,553.0,R,313.0,R,57.0,R,857.0,R,0.0,R,857.0,R,380.0,R,44.0,R,19.0
224642,2013,R,2798.0,R,6799.0,R,41.0,R,3105.0,R,2.0,R,3103.0,R,1954.0,R,63.0,R,2209.0,R,0.0,R,2209.0,R,1124.0,R,51.0,R,24.0
224660,2013,A,,A,,A,,R,315.0,R,0.0,R,315.0,R,200.0,R,63.0,R,100.0,R,0.0,R,100.0,R,22.0,R,22.0,R,13.0
224679,2013,A,,A,,A,,R,128.0,R,0.0,R,128.0,R,91.0,R,71.0,R,29.0,Z,0.0,R,29.0,R,20.0,R,69.0,R,15.0
224758,2013,A,,A,,A,,R,14.0,R,0.0,R,14.0,R,9.0,R,64.0,R,4.0,R,0.0,R,4.0,R,3.0,R,75.0,R,12.0
224776,2013,R,309.0,R,529.0,R,58.0,R,130.0,Z,0.0,R,130.0,R,60.0,R,46.0,R,21.0,Z,0.0,R,21.0,R,6.0,R,29.0,R,19.0
224828,2013,A,,A,,A,,R,67.0,R,0.0,R,67.0,R,53.0,R,79.0,R,56.0,R,0.0,R,56.0,R,48.0,R,86.0,R,3.0
224891,2013,R,138.0,R,266.0,R,52.0,R,151.0,R,0.0,R,151.0,R,62.0,R,41.0,R,16.0,R,0.0,R,16.0,R,9.0,R,56.0,R,16.0
224907,2013,A,,A,,A,,N,21.0,N,0.0,N,21.0,N,21.0,N,100.0,N,14.0,N,0.0,N,14.0,N,13.0,N,93.0,N,15.0
224961,2013,R,161.0,R,751.0,R,21.0,R,155.0,R,0.0,R,155.0,R,80.0,R,52.0,R,144.0,R,0.0,R,144.0,R,62.0,R,43.0,R,16.0
225070,2013,R,336.0,R,1521.0,R,22.0,R,574.0,R,0.0,R,574.0,R,319.0,R,56.0,R,219.0,R,0.0,R,219.0,R,98.0,R,45.0,R,20.0
225201,2013,A,,A,,A,,R,57.0,Z,0.0,R,57.0,R,20.0,R,35.0,A,,A,,A,,A,,A,,R,20.0
225247,2013,R,413.0,R,583.0,R,71.0,R,393.0,R,0.0,R,393.0,R,247.0,R,63.0,R,0.0,R,0.0,R,0.0,R,0.0,A,,R,12.0
225308,2013,R,894.0,R,2185.0,R,41.0,R,939.0,R,7.0,R,932.0,R,515.0,R,55.0,R,323.0,R,2.0,R,321.0,R,161.0,R,50.0,R,20.0
225371,2013,R,547.0,R,1763.0,R,31.0,R,493.0,R,0.0,R,493.0,R,323.0,R,66.0,R,399.0,R,0.0,R,399.0,R,124.0,R,31.0,R,20.0
225399,2013,R,567.0,R,794.0,R,71.0,R,514.0,R,0.0,R,514.0,R,323.0,R,63.0,R,4.0,R,0.0,R,4.0,R,3.0,R,75.0,R,16.0
225414,2013,A,,A,,A,,A,,A,,A,,A,,A,,A,,A,,A,,A,,A,,R,16.0
225423,2013,R,3791.0,R,13221.0,R,29.0,R,3990.0,R,0.0,R,3990.0,R,2438.0,R,61.0,R,4736.0,R,0.0,R,4736.0,R,2123.0,R,45.0,R,25.0
225432,2013,R,1007.0,R,3452.0,R,29.0,R,1157.0,R,0.0,R,1157.0,R,730.0,R,63.0,R,285.0,R,0.0,R,285.0,R,149.0,R,52.0,R,21.0
225502,2013,R,281.0,R,775.0,R,36.0,R,251.0,Z,0.0,R,251.0,R,120.0,R,48.0,R,9.0,Z,0.0,R,9.0,R,2.0,R,22.0,R,17.0
225511,2013,R,3321.0,R,7111.0,R,47.0,R,3350.0,R,0.0,R,3350.0,R,2835.0,R,85.0,R,142.0,R,0.0,R,142.0,R,100.0,R,70.0,R,22.0
225520,2013,R,346.0,R,835.0,R,41.0,R,412.0,Z,0.0,R,412.0,R,171.0,R,42.0,R,242.0,Z,0.0,R,242.0,R,72.0,R,30.0,R,15.0
225548,2013,R,342.0,R,434.0,R,79.0,R,297.0,R,0.0,R,297.0,R,181.0,R,61.0,R,2.0,R,0.0,R,2.0,R,1.0,R,50.0,R,10.0
225575,2013,R,223.0,R,363.0,R,61.0,R,208.0,R,1.0,R,207.0,R,106.0,R,51.0,R,1.0,R,0.0,R,1.0,R,1.0,R,100.0,R,13.0
225627,2013,R,997.0,R,1892.0,R,53.0,R,1016.0,R,0.0,R,1016.0,R,702.0,R,69.0,R,48.0,R,0.0,R,48.0,R,18.0,R,38.0,R,14.0
225779,2013,A,,A,,A,,R,99.0,Z,0.0,R,99.0,R,82.0,R,83.0,R,42.0,Z,0.0,R,42.0,R,34.0,R,81.0,R,8.0
225788,2013,A,,A,,A,,R,145.0,Z,0.0,R,145.0,R,112.0,R,77.0,R,75.0,Z,0.0,R,75.0,R,63.0,R,84.0,R,8.0
225849,2013,R,82.0,R,110.0,R,75.0,R,0.0,R,0.0,R,0.0,R,0.0,A,,R,0.0,R,0.0,R,0.0,R,0.0,A,,R,24.0
225858,2013,R,93.0,R,106.0,R,88.0,R,0.0,R,0.0,R,0.0,R,0.0,A,,R,0.0,R,0.0,R,0.0,R,0.0,A,,R,43.0
225876,2013,R,139.0,R,319.0,R,44.0,R,127.0,R,0.0,R,127.0,R,58.0,R,46.0,R,5.0,R,0.0,R,5.0,R,0.0,R,0.0,R,16.0
225885,2013,R,157.0,R,245.0,R,64.0,R,175.0,R,0.0,R,175.0,R,102.0,R,58.0,R,2.0,R,0.0,R,2.0,R,0.0,R,0.0,R,14.0
225991,2013,R,24.0,R,66.0,R,36.0,R,24.0,R,0.0,R,24.0,R,13.0,R,54.0,A,,A,,A,,A,,A,,R,9.0
226019,2013,R,847.0,R,1569.0,R,54.0,R,908.0,R,0.0,R,908.0,R,507.0,R,56.0,R,296.0,R,0.0,R,296.0,R,145.0,R,49.0,R,17.0
226091,2013,R,1400.0,R,2297.0,R,61.0,R,1635.0,Z,0.0,R,1635.0,R,874.0,R,53.0,R,81.0,Z,0.0,R,81.0,R,26.0,R,32.0,R,21.0
226107,2013,R,325.0,R,584.0,R,56.0,R,265.0,R,0.0,R,265.0,R,124.0,R,47.0,R,124.0,R,0.0,R,124.0,R,54.0,R,44.0,R,16.0
226116,2013,R,208.0,R,675.0,R,31.0,R,210.0,R,0.0,R,210.0,R,119.0,R,57.0,R,68.0,R,0.0,R,68.0,R,24.0,R,35.0,R,19.0
226125,2013,A,,A,,A,,R,62.0,R,5.0,R,57.0,R,40.0,R,70.0,A,,A,,A,,A,,A,,R,15.0
226134,2013,R,964.0,R,2038.0,R,47.0,R,915.0,R,0.0,R,915.0,R,557.0,R,61.0,R,869.0,R,0.0,R,869.0,R,413.0,R,48.0,R,22.0
226152,2013,R,821.0,R,1313.0,R,63.0,R,825.0,Z,0.0,R,825.0,R,608.0,R,74.0,R,12.0,Z,0.0,R,12.0,R,5.0,R,42.0,R,21.0
226204,2013,R,445.0,R,1330.0,R,33.0,R,451.0,R,0.0,R,451.0,R,284.0,R,63.0,R,535.0,R,0.0,R,535.0,R,265.0,R,50.0,R,13.0
226231,2013,R,302.0,R,715.0,R,42.0,R,318.0,R,0.0,R,318.0,R,244.0,R,77.0,R,31.0,R,0.0,R,31.0,R,11.0,R,35.0,R,13.0
226277,2013,A,,A,,A,,R,234.0,R,0.0,R,234.0,R,191.0,R,82.0,A,,A,,A,,A,,A,,R,17.0
226374,2013,A,,A,,A,,R,14.0,R,1.0,R,13.0,R,11.0,R,85.0,A,,A,,A,,A,,A,,R,12.0
226383,2013,R,255.0,R,486.0,R,52.0,R,314.0,R,0.0,R,314.0,R,219.0,R,70.0,A,,A,,A,,A,,A,,R,12.0
226408,2013,R,233.0,R,764.0,R,30.0,R,197.0,R,0.0,R,197.0,R,107.0,R,54.0,R,297.0,R,0.0,R,297.0,R,136.0,R,46.0,R,14.0
226471,2013,R,672.0,R,1018.0,R,66.0,R,627.0,R,1.0,R,626.0,R,413.0,R,66.0,R,4.0,R,0.0,R,4.0,R,1.0,R,25.0,R,16.0
226578,2013,R,1044.0,R,1907.0,R,55.0,R,1178.0,Z,0.0,R,1178.0,R,618.0,R,52.0,R,385.0,Z,0.0,R,385.0,R,151.0,R,39.0,R,18.0
226587,2013,R,249.0,R,425.0,R,59.0,R,303.0,R,0.0,R,303.0,R,179.0,R,59.0,R,0.0,R,0.0,R,0.0,R,0.0,A,,R,12.0
226675,2013,A,,A,,A,,A,,A,,A,,A,,A,,A,,A,,A,,A,,A,,R,8.0
226772,2013,A,,A,,A,,R,18.0,R,0.0,R,18.0,R,12.0,R,67.0,R,4.0,R,0.0,R,4.0,R,2.0,R,50.0,R,8.0
226806,2013,R,434.0,R,1773.0,R,24.0,R,0.0,R,0.0,R,0.0,R,0.0,A,,R,0.0,R,0.0,R,0.0,R,0.0,A,,R,19.0
226833,2013,R,802.0,R,1395.0,R,57.0,R,614.0,R,0.0,R,614.0,R,413.0,R,67.0,R,9.0,R,0.0,R,9.0,R,5.0,R,56.0,R,17.0
226860,2013,A,,A,,A,,R,16.0,R,0.0,R,16.0,R,11.0,R,69.0,A,,A,,A,,A,,A,,R,18.0
226879,2013,R,43.0,R,90.0,R,48.0,R,39.0,R,0.0,R,39.0,R,27.0,R,69.0,R,10.0,R,0.0,R,10.0,R,5.0,R,50.0,R,13.0
226903,2013,A,,A,,A,,R,321.0,Z,0.0,R,321.0,R,196.0,R,61.0,A,,A,,A,,A,,A,,R,31.0
226930,2013,R,730.0,R,2503.0,R,29.0,R,752.0,R,0.0,R,752.0,R,443.0,R,59.0,R,724.0,R,0.0,R,724.0,R,351.0,R,48.0,R,26.0
227003,2013,A,,A,,A,,R,138.0,R,0.0,R,138.0,R,89.0,R,64.0,A,,A,,A,,A,,A,,R,27.0
227058,2013,A,,A,,A,,R,46.0,R,0.0,R,46.0,R,31.0,R,67.0,R,39.0,R,0.0,R,39.0,R,30.0,R,77.0,R,18.0
227146,2013,R,1523.0,R,2686.0,R,57.0,R,1395.0,R,0.0,R,1395.0,R,698.0,R,50.0,R,448.0,Z,0.0,R,448.0,R,173.0,R,39.0,R,24.0
227155,2013,A,,A,,A,,R,55.0,R,0.0,R,55.0,R,44.0,R,80.0,R,0.0,Z,0.0,R,0.0,R,0.0,A,,R,15.0
227182,2013,R,6261.0,R,20522.0,R,31.0,R,4965.0,R,0.0,R,4965.0,R,3070.0,R,62.0,R,10142.0,R,0.0,R,10142.0,R,5234.0,R,52.0,R,19.0
227191,2013,R,739.0,R,3558.0,R,21.0,R,740.0,R,0.0,R,740.0,R,448.0,R,61.0,R,733.0,R,0.0,R,733.0,R,310.0,R,42.0,R,26.0
227216,2013,R,4518.0,R,9117.0,R,50.0,R,4322.0,R,1.0,R,4321.0,R,3242.0,R,75.0,R,64.0,R,0.0,R,64.0,R,40.0,R,63.0,R,23.0
227225,2013,R,635.0,R,986.0,R,64.0,R,366.0,R,1.0,R,365.0,R,224.0,R,61.0,R,246.0,R,0.0,R,246.0,R,128.0,R,52.0,R,21.0
227243,2013,R,87.0,R,199.0,R,44.0,R,164.0,Z,0.0,R,164.0,R,93.0,R,57.0,R,0.0,Z,0.0,R,0.0,R,0.0,A,,R,12.0
227298,2013,A,,A,,A,,A,,A,,A,,A,,A,,A,,A,,A,,A,,A,,R,30.0
227304,2013,R,397.0,R,2447.0,R,16.0,R,382.0,R,0.0,R,382.0,R,207.0,R,54.0,R,350.0,R,0.0,R,350.0,R,241.0,R,69.0,R,17.0
227313,2013,A,,A,,A,,R,134.0,R,0.0,R,134.0,R,95.0,R,71.0,R,56.0,R,0.0,R,56.0,R,36.0,R,64.0,R,23.0
227322,2013,A,,A,,A,,R,159.0,R,0.0,R,159.0,R,109.0,R,69.0,R,55.0,R,0.0,R,55.0,R,35.0,R,64.0,R,18.0
227331,2013,R,335.0,R,565.0,R,59.0,R,316.0,R,0.0,R,316.0,R,176.0,R,56.0,R,3.0,R,0.0,R,3.0,R,1.0,R,33.0,R,14.0
227368,2013,R,3269.0,R,4771.0,R,69.0,R,2891.0,R,0.0,R,2891.0,R,2205.0,R,76.0,R,211.0,R,0.0,R,211.0,R,122.0,R,58.0,R,22.0
227377,2013,R,1275.0,R,3046.0,R,42.0,R,1409.0,R,0.0,R,1409.0,R,644.0,R,46.0,R,484.0,R,0.0,R,484.0,R,101.0,R,21.0,R,22.0
227386,2013,R,380.0,R,1127.0,R,34.0,R,350.0,R,0.0,R,350.0,R,153.0,R,44.0,R,71.0,R,0.0,R,71.0,R,22.0,R,31.0,R,19.0
227401,2013,R,970.0,R,2333.0,R,42.0,R,944.0,R,0.0,R,944.0,R,460.0,R,49.0,R,253.0,R,0.0,R,253.0,R,99.0,R,39.0,R,22.0
227429,2013,R,69.0,R,112.0,R,62.0,R,49.0,R,0.0,R,49.0,R,28.0,R,57.0,R,1.0,R,0.0,R,1.0,R,0.0,R,0.0,R,13.0
227526,2013,R,1463.0,R,1915.0,R,76.0,R,1595.0,R,1.0,R,1594.0,R,1082.0,R,68.0,R,2.0,Z,0.0,R,2.0,R,1.0,R,50.0,R,18.0
227687,2013,R,369.0,R,1026.0,R,36.0,R,357.0,Z,0.0,R,357.0,R,157.0,R,44.0,R,379.0,Z,0.0,R,379.0,R,203.0,R,54.0,R,23.0
227748,2013,A,,A,,A,,R,44.0,Z,0.0,R,44.0,R,28.0,R,64.0,R,2.0,R,0.0,R,2.0,R,0.0,R,0.0,R,15.0
227757,2013,R,976.0,R,1068.0,R,91.0,R,931.0,R,3.0,R,928.0,R,911.0,R,98.0,A,,A,,A,,A,,A,,R,6.0
227766,2013,R,982.0,R,5066.0,R,19.0,R,1001.0,R,0.0,R,1001.0,R,665.0,R,66.0,R,1542.0,R,0.0,R,1542.0,R,852.0,R,55.0,R,23.0
227836,2013,A,,A,,A,,R,181.0,R,0.0,R,181.0,R,143.0,R,79.0,A,,A,,A,,A,,A,,R,33.0
227845,2013,R,791.0,R,1104.0,R,72.0,R,777.0,R,0.0,R,777.0,R,642.0,R,83.0,R,11.0,R,0.0,R,11.0,R,4.0,R,36.0,R,13.0
227854,2013,R,481.0,R,1856.0,R,26.0,R,470.0,Z,0.0,R,470.0,R,233.0,R,50.0,R,622.0,Z,0.0,R,622.0,R,206.0,R,33.0,R,15.0
227863,2013,R,233.0,R,447.0,R,52.0,R,265.0,R,0.0,R,265.0,R,203.0,R,77.0,R,6.0,R,0.0,R,6.0,R,4.0,R,67.0,R,9.0
227881,2013,R,2375.0,R,4858.0,R,49.0,R,2344.0,Z,0.0,R,2344.0,R,1817.0,R,78.0,R,51.0,Z,0.0,R,51.0,R,25.0,R,49.0,R,24.0
227924,2013,R,1415.0,R,5167.0,R,27.0,R,1523.0,Z,0.0,R,1523.0,R,884.0,R,58.0,R,1965.0,Z,0.0,R,1965.0,R,851.0,R,43.0,R,20.0
227979,2013,R,2668.0,R,7620.0,R,35.0,R,3023.0,Z,0.0,R,3023.0,R,2023.0,R,67.0,R,2501.0,Z,0.0,R,2501.0,R,1312.0,R,52.0,R,20.0
228042,2013,R,299.0,R,389.0,R,77.0,R,272.0,R,0.0,R,272.0,R,181.0,R,67.0,R,0.0,R,0.0,R,0.0,R,0.0,A,,R,14.0
228088,2013,A,,A,,A,,R,16.0,R,0.0,R,16.0,R,11.0,R,69.0,A,,A,,A,,A,,A,,R,24.0
228149,2013,R,596.0,R,723.0,R,82.0,R,584.0,R,0.0,R,584.0,R,425.0,R,73.0,R,0.0,R,0.0,R,0.0,R,0.0,A,,R,12.0
228158,2013,R,1192.0,R,3312.0,R,36.0,R,1087.0,R,0.0,R,1087.0,R,510.0,R,47.0,R,297.0,R,0.0,R,297.0,R,102.0,R,34.0,R,24.0
228185,2013,A,,A,,A,,R,39.0,R,0.0,R,39.0,R,6.0,R,15.0,R,1.0,R,0.0,R,1.0,R,0.0,R,0.0,R,22.0
228200,2013,A,,A,,A,,R,131.0,R,0.0,R,131.0,R,72.0,R,55.0,A,,A,,A,,A,,A,,R,32.0
228219,2013,A,,A,,A,,R,136.0,R,0.0,R,136.0,R,89.0,R,65.0,A,,A,,A,,A,,A,,R,23.0
228246,2013,R,1428.0,R,1789.0,R,80.0,R,1425.0,R,0.0,R,1425.0,R,1267.0,R,89.0,R,1.0,R,0.0,R,1.0,R,1.0,R,100.0,R,11.0
228282,2013,A,,A,,A,,A,,A,,A,,A,,A,,A,,A,,A,,A,,A,,R,18.0
228291,2013,A,,A,,A,,R,3.0,R,0.0,R,3.0,R,2.0,R,67.0,A,,A,,A,,A,,A,,R,3.0
228316,2013,R,514.0,R,1741.0,R,30.0,R,561.0,R,0.0,R,561.0,R,308.0,R,55.0,R,290.0,R,0.0,R,290.0,R,118.0,R,41.0,R,23.0
228325,2013,R,330.0,R,585.0,R,56.0,R,218.0,R,0.0,R,218.0,R,146.0,R,67.0,R,3.0,R,0.0,R,3.0,R,1.0,R,33.0,R,18.0
228343,2013,R,491.0,R,559.0,R,88.0,R,357.0,R,1.0,R,356.0,R,311.0,R,87.0,A,,A,,A,,A,,A,,R,11.0
228431,2013,R,2227.0,R,3272.0,R,68.0,R,2336.0,Z,0.0,R,2336.0,R,1572.0,R,67.0,R,18.0,Z,0.0,R,18.0,R,7.0,R,39.0,R,20.0
228459,2013,R,5314.0,R,9100.0,R,58.0,R,4360.0,R,0.0,R,4360.0,R,3361.0,R,77.0,R,72.0,R,0.0,R,72.0,R,36.0,R,50.0,R,23.0
228468,2013,R,167.0,R,242.0,R,69.0,R,116.0,R,0.0,R,116.0,R,83.0,R,72.0,R,0.0,R,0.0,R,0.0,R,0.0,A,,R,12.0
228486,2013,R,60.0,R,76.0,R,79.0,R,2.0,R,0.0,R,2.0,R,1.0,R,50.0,A,,A,,A,,A,,A,,R,15.0
228501,2013,R,301.0,R,618.0,R,49.0,R,232.0,R,0.0,R,232.0,R,111.0,R,48.0,R,7.0,R,0.0,R,7.0,R,4.0,R,57.0,R,16.0
228529,2013,R,1698.0,R,3580.0,R,47.0,R,1648.0,R,43.0,R,1605.0,R,1097.0,R,68.0,R,76.0,R,2.0,R,74.0,R,52.0,R,70.0,R,20.0
228547,2013,R,4495.0,R,15290.0,R,29.0,R,4777.0,Z,0.0,R,4777.0,R,2682.0,R,56.0,R,4244.0,Z,0.0,R,4244.0,R,1908.0,R,45.0,R,26.0
228608,2013,R,358.0,R,1022.0,R,35.0,R,313.0,R,0.0,R,313.0,R,150.0,R,48.0,R,260.0,R,0.0,R,260.0,R,105.0,R,40.0,R,17.0
228635,2013,A,,A,,A,,A,,A,,A,,A,,A,,A,,A,,A,,A,,A,,R,3.0
228644,2013,A,,A,,A,,A,,A,,A,,A,,A,,A,,A,,A,,A,,A,,R,11.0
228653,2013,A,,A,,A,,A,,A,,A,,A,,A,,A,,A,,A,,A,,A,,R,24.0
228680,2013,R,787.0,R,2380.0,R,33.0,R,916.0,R,0.0,R,916.0,R,448.0,R,49.0,R,100.0,R,0.0,R,100.0,R,30.0,R,30.0,R,17.0
228699,2013,R,457.0,R,1046.0,R,44.0,R,454.0,Z,0.0,R,454.0,R,226.0,R,50.0,R,138.0,R,0.0,R,138.0,R,53.0,R,38.0,R,20.0
228705,2013,R,1216.0,R,2780.0,R,44.0,R,1230.0,R,0.0,R,1230.0,R,784.0,R,64.0,R,26.0,R,0.0,R,26.0,R,7.0,R,27.0,R,20.0
228723,2013,R,9030.0,R,12651.0,R,71.0,R,7174.0,R,0.0,R,7174.0,R,6559.0,R,91.0,R,965.0,R,0.0,R,965.0,R,851.0,R,88.0,R,22.0
228769,2013,R,2624.0,R,6526.0,R,40.0,R,2527.0,R,0.0,R,2527.0,R,1790.0,R,71.0,R,61.0,R,0.0,R,61.0,R,32.0,R,52.0,R,23.0
228778,2013,R,7118.0,R,9938.0,R,72.0,R,8034.0,R,0.0,R,8034.0,R,7522.0,R,94.0,R,56.0,R,0.0,R,56.0,R,43.0,R,77.0,R,18.0
228787,2013,R,2193.0,R,4126.0,R,53.0,R,1522.0,R,0.0,R,1522.0,R,1341.0,R,88.0,R,23.0,R,0.0,R,23.0,R,12.0,R,52.0,R,23.0
228796,2013,R,2961.0,R,5146.0,R,58.0,R,2723.0,Z,0.0,R,2723.0,R,1903.0,R,70.0,R,306.0,Z,0.0,R,306.0,R,148.0,R,48.0,R,21.0
228802,2013,R,701.0,R,1780.0,R,39.0,R,625.0,R,0.0,R,625.0,R,415.0,R,66.0,R,7.0,R,0.0,R,7.0,R,2.0,R,29.0,R,17.0
228875,2013,R,1935.0,R,2362.0,R,82.0,R,1849.0,R,0.0,R,1849.0,R,1668.0,R,90.0,R,4.0,R,0.0,R,4.0,R,4.0,R,100.0,R,13.0
228884,2013,R,242.0,R,416.0,R,58.0,R,146.0,R,0.0,R,146.0,R,46.0,R,32.0,A,,A,,A,,A,,A,,R,23.0
228981,2013,R,346.0,R,406.0,R,85.0,R,355.0,R,0.0,R,355.0,R,249.0,R,70.0,A,,A,,A,,A,,A,,R,14.0
229018,2013,R,314.0,R,852.0,R,37.0,R,363.0,R,0.0,R,363.0,R,241.0,R,66.0,R,3.0,R,0.0,R,3.0,R,2.0,R,67.0,R,19.0
229027,2013,R,3559.0,R,5738.0,R,62.0,R,4457.0,R,3.0,R,4454.0,R,2867.0,R,64.0,R,32.0,R,0.0,R,32.0,R,12.0,R,38.0,R,23.0
229036,2013,A,,A,,A,,R,116.0,R,0.0,R,116.0,R,89.0,R,77.0,A,,A,,A,,A,,A,,R,40.0
229063,2013,R,1057.0,R,1812.0,R,58.0,R,1218.0,R,0.0,R,1218.0,R,672.0,R,55.0,R,131.0,R,0.0,R,131.0,R,40.0,R,31.0,R,18.0
229115,2013,R,4725.0,R,7622.0,R,62.0,R,4494.0,R,0.0,R,4494.0,R,3700.0,R,82.0,R,67.0,R,0.0,R,67.0,R,43.0,R,64.0,R,20.0
229151,2013,A,,A,,A,,R,18.0,R,0.0,R,18.0,R,14.0,R,78.0,A,,A,,A,,A,,A,,R,20.0
229160,2013,R,266.0,R,577.0,R,46.0,R,278.0,R,0.0,R,278.0,R,196.0,R,71.0,R,4.0,R,0.0,R,4.0,R,2.0,R,50.0,R,15.0
229179,2013,R,1155.0,R,2755.0,R,42.0,R,1166.0,R,0.0,R,1166.0,R,849.0,R,73.0,R,20.0,R,0.0,R,20.0,R,10.0,R,50.0,R,19.0
229267,2013,R,534.0,R,575.0,R,93.0,R,596.0,R,1.0,R,595.0,R,524.0,R,88.0,R,0.0,R,0.0,R,0.0,R,0.0,A,,R,9.0
229300,2013,A,,A,,A,,A,,A,,A,,A,,A,,A,,A,,A,,A,,A,,R,5.0
229319,2013,R,493.0,R,1487.0,R,33.0,R,491.0,R,2.0,R,489.0,R,256.0,R,52.0,R,129.0,R,1.0,R,128.0,R,53.0,R,41.0,R,19.0
229328,2013,R,159.0,R,694.0,R,23.0,R,72.0,R,0.0,R,72.0,R,30.0,R,42.0,R,70.0,R,0.0,R,70.0,R,58.0,R,83.0,R,13.0
229337,2013,A,,A,,A,,A,,A,,A,,A,,A,,A,,A,,A,,A,,A,,R,5.0
229355,2013,R,2452.0,R,3696.0,R,66.0,R,2316.0,R,3.0,R,2313.0,R,1087.0,R,47.0,R,495.0,R,1.0,R,494.0,R,171.0,R,35.0,R,22.0
229416,2013,A,,A,,A,,R,495.0,R,2.0,R,493.0,R,362.0,R,73.0,A,,A,,A,,A,,A,,R,32.0
229425,2013,A,,A,,A,,R,8.0,R,0.0,R,8.0,R,4.0,R,50.0,R,18.0,R,0.0,R,18.0,R,17.0,R,94.0,R,15.0
229504,2013,R,336.0,R,1259.0,R,27.0,R,263.0,R,0.0,R,263.0,R,138.0,R,52.0,R,288.0,R,0.0,R,288.0,R,132.0,R,46.0,R,21.0
229522,2013,A,,A,,A,,R,15.0,R,0.0,R,15.0,R,6.0,R,40.0,R,16.0,R,0.0,R,16.0,R,9.0,R,56.0,R,4.0
229540,2013,R,390.0,R,914.0,R,43.0,R,457.0,R,0.0,R,457.0,R,299.0,R,65.0,R,292.0,R,0.0,R,292.0,R,137.0,R,47.0,R,17.0
229656,2013,A,,A,,A,,R,44.0,R,0.0,R,44.0,R,31.0,R,70.0,R,24.0,R,1.0,R,23.0,R,15.0,R,65.0,R,26.0
229780,2013,R,315.0,R,654.0,R,48.0,R,355.0,R,0.0,R,355.0,R,167.0,R,47.0,R,26.0,R,0.0,R,26.0,R,11.0,R,42.0,R,11.0
229799,2013,R,859.0,R,1632.0,R,53.0,R,876.0,R,1.0,R,875.0,R,438.0,R,50.0,R,297.0,R,0.0,R,297.0,R,109.0,R,37.0,R,18.0
229814,2013,R,1283.0,R,2277.0,R,56.0,R,1199.0,Z,0.0,R,1199.0,R,786.0,R,66.0,R,6.0,Z,0.0,R,6.0,R,5.0,R,83.0,R,19.0
229832,2013,R,347.0,R,826.0,R,42.0,R,279.0,R,0.0,R,279.0,R,154.0,R,55.0,R,408.0,R,0.0,R,408.0,R,132.0,R,32.0,R,27.0
229841,2013,R,1162.0,R,2180.0,R,53.0,R,1131.0,Z,0.0,R,1131.0,R,691.0,R,61.0,R,394.0,Z,0.0,R,394.0,R,186.0,R,47.0,R,21.0
229887,2013,R,286.0,R,435.0,R,66.0,R,309.0,R,0.0,R,309.0,R,153.0,R,50.0,R,10.0,R,0.0,R,10.0,R,4.0,R,40.0,R,17.0
229957,2013,A,,A,,A,,R,93.0,R,0.0,R,93.0,R,66.0,R,71.0,A,,A,,A,,A,,A,,R,10.0
230010,2013,A,,A,,A,,R,68.0,R,4.0,R,64.0,R,32.0,R,50.0,R,57.0,Z,0.0,R,57.0,R,37.0,R,65.0,R,16.0
230038,2013,R,4366.0,R,5212.0,R,84.0,R,5430.0,R,3195.0,R,2235.0,R,1891.0,R,85.0,R,95.0,R,41.0,R,54.0,R,41.0,R,76.0,R,19.0
230047,2013,R,510.0,R,780.0,R,65.0,R,498.0,R,180.0,R,318.0,R,195.0,R,61.0,R,10.0,R,1.0,R,9.0,R,5.0,R,56.0,R,14.0
230056,2013,R,21.0,R,74.0,R,28.0,R,0.0,R,0.0,R,0.0,R,0.0,A,,R,2.0,R,0.0,R,2.0,R,0.0,R,0.0,R,10.0
230065,2013,A,,A,,A,,R,92.0,R,0.0,R,92.0,R,81.0,R,88.0,R,126.0,R,0.0,R,126.0,R,91.0,R,72.0,R,12.0
230135,2013,A,,A,,A,,R,25.0,R,0.0,R,25.0,R,20.0,R,80.0,A,,A,,A,,A,,A,,R,12.0
230144,2013,A,,A,,A,,R,23.0,R,0.0,R,23.0,R,22.0,R,96.0,A,,A,,A,,A,,A,,R,10.0
230162,2013,A,,A,,A,,R,164.0,R,0.0,R,164.0,R,68.0,R,41.0,R,307.0,R,2.0,R,305.0,R,100.0,R,33.0,R,9.0
230171,2013,R,1388.0,R,2233.0,R,62.0,R,608.0,R,111.0,R,497.0,R,297.0,R,60.0,R,113.0,R,6.0,R,107.0,R,33.0,R,31.0,R,23.0
230199,2013,A,,A,,A,,R,23.0,R,0.0,R,23.0,R,4.0,R,17.0,A,,A,,A,,A,,A,,R,10.0
230205,2013,A,,A,,A,,R,13.0,R,0.0,R,13.0,R,13.0,R,100.0,R,2.0,R,0.0,R,2.0,R,2.0,R,100.0,R,20.0
230214,2013,A,,A,,A,,R,40.0,R,0.0,R,40.0,R,34.0,R,85.0,R,26.0,R,0.0,R,26.0,R,20.0,R,77.0,R,15.0
230366,2013,R,60.0,R,101.0,R,59.0,R,5.0,R,0.0,R,5.0,R,4.0,R,80.0,R,1.0,R,0.0,R,1.0,R,0.0,R,0.0,R,12.0
230384,2013,R,53.0,R,72.0,R,74.0,R,0.0,R,0.0,R,0.0,R,0.0,A,,R,0.0,R,0.0,R,0.0,R,0.0,A,,R,23.0
230418,2013,R,341.0,R,692.0,R,49.0,R,497.0,R,236.0,R,261.0,R,193.0,R,74.0,R,107.0,R,19.0,R,88.0,R,44.0,R,50.0,R,24.0
230472,2013,A,,A,,A,,R,0.0,R,0.0,R,0.0,R,0.0,A,,R,1.0,R,0.0,R,1.0,R,1.0,R,100.0,R,24.0
230490,2013,A,,A,,A,,R,113.0,R,2.0,R,111.0,R,86.0,R,77.0,R,175.0,R,1.0,R,174.0,R,111.0,R,64.0,R,16.0
230597,2013,R,1324.0,R,2421.0,R,55.0,R,1426.0,R,185.0,R,1241.0,R,545.0,R,44.0,R,102.0,R,10.0,R,92.0,R,23.0,R,25.0,R,21.0
230603,2013,R,1211.0,R,1700.0,R,71.0,R,1178.0,R,299.0,R,879.0,R,569.0,R,65.0,R,63.0,R,10.0,R,53.0,R,27.0,R,51.0,R,21.0
230621,2013,A,,A,,A,,R,249.0,R,0.0,R,249.0,R,154.0,R,62.0,A,,A,,A,,A,,A,,R,14.0
230630,2013,A,,A,,A,,R,21.0,R,0.0,R,21.0,R,8.0,R,38.0,A,,A,,A,,A,,A,,R,15.0
230676,2013,A,,A,,A,,R,99.0,R,0.0,R,99.0,R,73.0,R,74.0,R,26.0,Z,0.0,R,26.0,R,16.0,R,62.0,R,10.0
230728,2013,R,3564.0,R,5772.0,R,62.0,R,3023.0,R,864.0,R,2159.0,R,1420.0,R,66.0,R,383.0,R,35.0,R,348.0,R,159.0,R,46.0,R,21.0
230737,2013,R,2454.0,R,5252.0,R,47.0,R,1513.0,R,320.0,R,1193.0,R,724.0,R,61.0,R,475.0,R,74.0,R,401.0,R,169.0,R,42.0,R,23.0
230746,2013,R,1357.0,R,4753.0,R,29.0,R,1335.0,R,1.0,R,1334.0,R,697.0,R,52.0,R,1680.0,Z,0.0,R,1680.0,R,749.0,R,45.0,R,23.0
230764,2013,R,2790.0,R,5563.0,R,50.0,R,3079.0,R,581.0,R,2498.0,R,2196.0,R,88.0,R,415.0,R,80.0,R,335.0,R,220.0,R,66.0,R,13.0
230782,2013,R,1837.0,R,3490.0,R,53.0,R,1939.0,R,447.0,R,1492.0,R,1008.0,R,68.0,R,558.0,R,72.0,R,486.0,R,183.0,R,38.0,R,20.0
230807,2013,R,446.0,R,618.0,R,72.0,R,494.0,R,22.0,R,472.0,R,354.0,R,75.0,R,6.0,R,0.0,R,6.0,R,4.0,R,67.0,R,9.0
230816,2013,R,140.0,R,159.0,R,88.0,R,198.0,R,0.0,R,198.0,R,165.0,R,83.0,A,,A,,A,,A,,A,,R,8.0
230825,2013,R,44.0,R,94.0,R,47.0,R,26.0,R,0.0,R,26.0,R,6.0,R,23.0,R,0.0,R,0.0,R,0.0,R,0.0,A,,R,8.0
230834,2013,R,480.0,R,643.0,R,75.0,R,470.0,R,0.0,R,470.0,R,350.0,R,74.0,A,,A,,A,,A,,A,,R,13.0
230852,2013,R,594.0,R,800.0,R,74.0,R,601.0,R,0.0,R,601.0,R,474.0,R,79.0,A,,A,,A,,A,,A,,R,14.0
230861,2013,R,232.0,R,1973.0,R,12.0,R,267.0,R,0.0,R,267.0,R,154.0,R,58.0,R,748.0,R,0.0,R,748.0,R,303.0,R,41.0,R,12.0
230889,2013,R,2.0,R,63.0,R,3.0,R,6.0,R,0.0,R,6.0,R,4.0,R,67.0,R,0.0,R,0.0,R,0.0,R,0.0,A,,R,8.0
230898,2013,R,135.0,R,194.0,R,70.0,R,180.0,R,0.0,R,180.0,R,126.0,R,70.0,A,,A,,A,,A,,A,,R,14.0
230913,2013,R,224.0,R,403.0,R,56.0,R,236.0,R,0.0,R,236.0,R,146.0,R,62.0,R,0.0,R,0.0,R,0.0,R,0.0,A,,R,13.0
230931,2013,R,361.0,R,471.0,R,77.0,R,334.0,R,0.0,R,334.0,R,215.0,R,64.0,R,4.0,R,0.0,R,4.0,R,2.0,R,50.0,R,14.0
230940,2013,R,46.0,R,92.0,R,50.0,R,50.0,R,0.0,R,50.0,R,41.0,R,82.0,A,,A,,A,,A,,A,,R,6.0
230959,2013,R,625.0,R,655.0,R,95.0,R,598.0,R,0.0,R,598.0,R,569.0,R,95.0,A,,A,,A,,A,,A,,R,9.0
230977,2013,A,,A,,A,,R,18.0,R,0.0,R,18.0,R,15.0,R,83.0,R,0.0,R,0.0,R,0.0,R,0.0,A,,R,16.0
230995,2013,R,548.0,R,675.0,R,81.0,R,571.0,R,0.0,R,571.0,R,428.0,R,75.0,Z,0.0,R,0.0,R,0.0,Z,0.0,A,,R,14.0
231004,2013,A,,A,,A,,R,35.0,R,0.0,R,35.0,R,27.0,R,77.0,A,,A,,A,,A,,A,,R,9.0
231059,2013,R,506.0,R,565.0,R,90.0,R,544.0,R,0.0,R,544.0,R,478.0,R,88.0,R,0.0,R,0.0,R,0.0,R,0.0,A,,R,12.0
231077,2013,R,33.0,R,62.0,R,53.0,R,22.0,R,0.0,R,22.0,R,16.0,R,73.0,R,2.0,R,0.0,R,2.0,R,1.0,R,50.0,R,10.0
231086,2013,R,94.0,R,141.0,R,67.0,R,113.0,R,0.0,R,113.0,R,75.0,R,66.0,A,,A,,A,,A,,A,,R,15.0
231095,2013,R,17.0,R,52.0,R,33.0,R,16.0,R,0.0,R,16.0,R,10.0,R,63.0,R,0.0,R,0.0,R,0.0,R,0.0,A,,R,9.0
231165,2013,R,191.0,R,532.0,R,36.0,R,216.0,R,0.0,R,216.0,R,151.0,R,70.0,R,4.0,R,0.0,R,4.0,R,2.0,R,50.0,R,11.0
231174,2013,R,2483.0,R,3060.0,R,81.0,R,2354.0,R,0.0,R,2354.0,R,2019.0,R,86.0,R,18.0,R,0.0,R,18.0,R,9.0,R,50.0,R,15.0
231280,2013,A,,A,,A,,R,38.0,R,0.0,R,38.0,R,30.0,R,79.0,R,18.0,R,0.0,R,18.0,R,11.0,R,61.0,R,16.0
231411,2013,R,168.0,R,190.0,R,88.0,R,179.0,Z,0.0,R,179.0,R,136.0,R,76.0,A,,A,,A,,A,,A,,R,22.0
231420,2013,R,235.0,R,329.0,R,71.0,R,257.0,R,0.0,R,257.0,R,172.0,R,67.0,R,0.0,R,0.0,R,0.0,R,0.0,A,,R,10.0
231536,2013,R,554.0,R,1276.0,R,43.0,R,454.0,R,0.0,R,454.0,R,298.0,R,66.0,R,390.0,R,0.0,R,390.0,R,144.0,R,37.0,R,18.0
231554,2013,R,120.0,R,326.0,R,37.0,R,136.0,R,0.0,R,136.0,R,66.0,R,49.0,R,0.0,R,0.0,R,0.0,R,0.0,A,,R,14.0
231581,2013,R,536.0,R,605.0,R,89.0,R,552.0,R,0.0,R,552.0,R,421.0,R,76.0,A,,A,,A,,A,,A,,R,16.0
231624,2013,R,1479.0,R,1664.0,R,89.0,R,1465.0,R,4.0,R,1461.0,R,1397.0,R,96.0,R,2.0,R,0.0,R,2.0,R,2.0,R,100.0,R,12.0
231651,2013,R,218.0,R,655.0,R,33.0,R,199.0,R,1.0,R,198.0,R,152.0,R,77.0,R,15.0,R,1.0,R,14.0,R,9.0,R,64.0,R,37.0
231688,2013,A,,A,,A,,R,5.0,R,0.0,R,5.0,R,3.0,R,60.0,R,22.0,R,0.0,R,22.0,R,15.0,R,68.0,R,7.0
231697,2013,R,462.0,R,1074.0,R,43.0,R,439.0,R,0.0,R,439.0,R,243.0,R,55.0,R,312.0,R,0.0,R,312.0,R,135.0,R,43.0,R,17.0
231712,2013,R,1276.0,R,1475.0,R,87.0,R,1376.0,R,0.0,R,1376.0,R,1155.0,R,84.0,R,0.0,R,0.0,R,0.0,R,0.0,A,,R,16.0
231721,2013,A,,A,,A,,R,1.0,R,0.0,R,1.0,R,1.0,R,100.0,R,3.0,R,0.0,R,3.0,R,3.0,R,100.0,R,16.0
231785,2013,R,76.0,R,220.0,R,35.0,R,0.0,Z,0.0,R,0.0,R,0.0,A,,R,0.0,R,0.0,R,0.0,R,0.0,A,,R,13.0
231828,2013,R,86.0,R,304.0,R,28.0,R,1.0,R,0.0,R,1.0,R,1.0,R,100.0,R,0.0,R,0.0,R,0.0,R,0.0,A,,R,15.0
231837,2013,R,66.0,R,249.0,R,27.0,R,72.0,R,0.0,R,72.0,R,44.0,R,61.0,A,,A,,A,,A,,A,,R,9.0
231873,2013,R,162.0,R,297.0,R,55.0,R,145.0,R,0.0,R,145.0,R,88.0,R,61.0,R,61.0,R,0.0,R,61.0,R,23.0,R,38.0,R,15.0
231882,2013,R,457.0,R,872.0,R,52.0,R,433.0,R,0.0,R,433.0,R,274.0,R,63.0,R,166.0,R,0.0,R,166.0,R,68.0,R,41.0,R,17.0
232016,2013,R,19.0,R,24.0,R,79.0,R,0.0,Z,0.0,R,0.0,R,0.0,A,,R,1.0,Z,0.0,R,1.0,R,0.0,R,0.0,R,23.0
232025,2013,R,264.0,R,338.0,R,78.0,R,244.0,R,0.0,R,244.0,R,177.0,R,73.0,R,0.0,R,0.0,R,0.0,R,0.0,A,,R,11.0
232043,2013,R,232.0,R,401.0,R,58.0,R,217.0,R,0.0,R,217.0,R,168.0,R,77.0,R,0.0,Z,0.0,R,0.0,Z,0.0,A,,R,10.0
232052,2013,R,90.0,R,187.0,R,48.0,R,83.0,R,0.0,R,83.0,R,41.0,R,49.0,R,75.0,R,0.0,R,75.0,R,28.0,R,37.0,R,13.0
232089,2013,R,554.0,R,622.0,R,89.0,R,550.0,R,0.0,R,550.0,R,271.0,R,49.0,A,,A,,A,,A,,A,,R,16.0
232186,2013,R,2992.0,R,6171.0,R,48.0,R,2681.0,R,0.0,R,2681.0,R,2340.0,R,87.0,R,13.0,R,0.0,R,13.0,R,9.0,R,69.0,R,16.0
232195,2013,R,787.0,R,1940.0,R,41.0,R,699.0,R,0.0,R,699.0,R,425.0,R,61.0,R,530.0,R,0.0,R,530.0,R,224.0,R,42.0,R,24.0
232256,2013,R,292.0,R,308.0,R,95.0,R,342.0,R,0.0,R,342.0,R,268.0,R,78.0,R,0.0,R,0.0,R,0.0,Z,0.0,A,,R,11.0
232265,2013,R,955.0,R,1211.0,R,79.0,R,883.0,R,0.0,R,883.0,R,667.0,R,76.0,R,4.0,R,0.0,R,4.0,R,3.0,R,75.0,R,10.0
232308,2013,R,146.0,R,194.0,R,75.0,R,128.0,R,0.0,R,128.0,R,86.0,R,67.0,A,,A,,A,,A,,A,,R,7.0
232414,2013,R,825.0,R,2950.0,R,28.0,R,798.0,R,0.0,R,798.0,R,484.0,R,61.0,R,1009.0,R,0.0,R,1009.0,R,393.0,R,39.0,R,17.0
232423,2013,R,4199.0,R,4848.0,R,87.0,R,4323.0,R,0.0,R,4323.0,R,3993.0,R,92.0,R,2.0,R,0.0,R,2.0,R,0.0,R,0.0,R,16.0
232450,2013,R,835.0,R,2194.0,R,38.0,R,846.0,R,0.0,R,846.0,R,493.0,R,58.0,R,533.0,R,0.0,R,533.0,R,204.0,R,38.0,R,23.0
232502,2013,A,,A,,A,,R,37.0,R,0.0,R,37.0,R,19.0,R,51.0,R,8.0,R,0.0,R,8.0,R,4.0,R,50.0,R,24.0
232557,2013,R,3218.0,R,11529.0,R,28.0,R,3588.0,Z,0.0,R,3588.0,R,2458.0,R,69.0,R,1727.0,R,3.0,R,1724.0,R,371.0,R,22.0,R,18.0
232566,2013,R,1091.0,R,1395.0,R,78.0,R,1007.0,R,15.0,R,992.0,R,809.0,R,82.0,R,22.0,R,0.0,R,22.0,R,13.0,R,59.0,R,18.0
232575,2013,R,583.0,R,1499.0,R,39.0,R,525.0,R,0.0,R,525.0,R,370.0,R,70.0,R,531.0,R,0.0,R,531.0,R,223.0,R,42.0,R,18.0
232609,2013,R,512.0,R,662.0,R,77.0,R,517.0,R,2.0,R,515.0,R,403.0,R,78.0,A,,A,,A,,A,,A,,R,11.0
232618,2013,A,,A,,A,,A,,A,,A,,A,,A,,A,,A,,A,,A,,A,,R,4.0
232672,2013,R,217.0,R,385.0,R,56.0,R,242.0,R,0.0,R,242.0,R,166.0,R,69.0,R,0.0,R,0.0,R,0.0,R,0.0,A,,R,10.0
232681,2013,R,927.0,R,1269.0,R,73.0,R,937.0,Z,0.0,R,937.0,R,750.0,R,80.0,R,18.0,Z,0.0,R,18.0,R,10.0,R,56.0,R,14.0
232706,2013,R,397.0,R,698.0,R,57.0,R,373.0,R,0.0,R,373.0,R,269.0,R,72.0,R,2.0,R,0.0,R,2.0,R,0.0,R,0.0,R,13.0
232724,2013,A,,A,,A,,A,,A,,A,,A,,A,,A,,A,,A,,A,,A,,R,12.0
232788,2013,R,422.0,R,588.0,R,72.0,R,373.0,R,0.0,R,373.0,R,233.0,R,62.0,R,117.0,R,0.0,R,117.0,R,30.0,R,26.0,R,24.0
232797,2013,R,75.0,R,338.0,R,22.0,R,0.0,R,0.0,R,0.0,R,0.0,A,,R,0.0,R,0.0,R,0.0,R,0.0,A,,R,11.0
232867,2013,R,477.0,R,1175.0,R,41.0,R,370.0,R,0.0,R,370.0,R,212.0,R,57.0,R,172.0,R,0.0,R,172.0,R,66.0,R,38.0,R,26.0
232885,2013,A,,A,,A,,A,,A,,A,,A,,A,,A,,A,,A,,A,,A,,R,9.0
232919,2013,A,,A,,A,,R,98.0,Z,0.0,R,98.0,R,65.0,R,66.0,R,31.0,Z,0.0,R,31.0,R,11.0,R,35.0,R,18.0
232937,2013,R,797.0,R,1378.0,R,58.0,R,919.0,R,0.0,R,919.0,R,662.0,R,72.0,R,27.0,R,0.0,R,27.0,R,9.0,R,33.0,R,18.0
232946,2013,R,5819.0,R,12420.0,R,47.0,R,5137.0,R,0.0,R,5137.0,R,3571.0,R,70.0,R,3146.0,R,0.0,R,3146.0,R,1425.0,R,45.0,R,22.0
232982,2013,R,2908.0,R,5247.0,R,55.0,R,2668.0,R,55.0,R,2613.0,R,2079.0,R,80.0,R,34.0,R,0.0,R,34.0,R,17.0,R,50.0,R,20.0
233019,2013,R,542.0,R,862.0,R,63.0,R,392.0,R,0.0,R,392.0,R,230.0,R,59.0,R,117.0,R,0.0,R,117.0,R,48.0,R,41.0,R,16.0
233037,2013,R,120.0,R,300.0,R,40.0,R,116.0,R,0.0,R,116.0,R,63.0,R,54.0,R,79.0,R,0.0,R,79.0,R,20.0,R,25.0,R,12.0
233082,2013,R,9.0,R,15.0,R,60.0,R,0.0,R,0.0,R,0.0,R,0.0,A,,R,0.0,R,0.0,R,0.0,R,0.0,A,,R,7.0
233091,2013,R,88.0,R,184.0,R,48.0,R,83.0,Z,0.0,R,83.0,R,55.0,R,66.0,R,28.0,Z,0.0,R,28.0,R,8.0,R,29.0,R,14.0
233116,2013,R,349.0,R,1167.0,R,30.0,R,295.0,R,0.0,R,295.0,R,187.0,R,63.0,R,423.0,R,0.0,R,423.0,R,183.0,R,43.0,R,16.0
233277,2013,R,1986.0,R,2773.0,R,72.0,R,2052.0,R,0.0,R,2052.0,R,1602.0,R,78.0,R,1.0,R,0.0,R,1.0,R,1.0,R,100.0,R,18.0
233286,2013,A,,A,,A,,R,58.0,R,0.0,R,58.0,R,37.0,R,64.0,A,,A,,A,,A,,A,,R,12.0
233295,2013,R,382.0,R,431.0,R,89.0,R,411.0,R,0.0,R,411.0,R,318.0,R,77.0,A,,A,,A,,A,,A,,R,12.0
233301,2013,R,216.0,R,252.0,R,86.0,R,180.0,R,0.0,R,180.0,R,135.0,R,75.0,R,0.0,R,0.0,R,0.0,R,0.0,A,,R,9.0
233310,2013,R,222.0,R,533.0,R,42.0,R,196.0,R,0.0,R,196.0,R,110.0,R,56.0,R,234.0,R,0.0,R,234.0,R,96.0,R,41.0,R,20.0
233329,2013,A,,A,,A,,R,32.0,Z,0.0,R,32.0,R,17.0,R,53.0,A,,A,,A,,A,,A,,R,9.0
233338,2013,R,410.0,R,721.0,R,57.0,R,424.0,R,0.0,R,424.0,R,233.0,R,55.0,R,13.0,Z,0.0,R,13.0,R,4.0,R,31.0,R,24.0
233356,2013,R,4.0,R,4.0,R,100.0,R,3.0,R,0.0,R,3.0,R,2.0,R,67.0,R,0.0,R,0.0,R,0.0,R,0.0,A,,R,8.0
233374,2013,R,805.0,R,1005.0,R,80.0,R,781.0,R,0.0,R,781.0,R,732.0,R,94.0,R,0.0,R,0.0,R,0.0,R,0.0,A,,R,7.0
233408,2013,A,,A,,A,,R,7.0,R,0.0,R,7.0,R,7.0,R,100.0,A,,A,,A,,A,,A,,R,9.0
233426,2013,R,542.0,R,643.0,R,84.0,R,543.0,R,0.0,R,543.0,R,437.0,R,80.0,R,0.0,R,0.0,R,0.0,R,0.0,A,,R,11.0
233480,2013,A,,A,,A,,A,,A,,A,,A,,A,,A,,A,,A,,A,,A,,R,5.0
233541,2013,R,418.0,R,554.0,R,75.0,R,457.0,R,0.0,R,457.0,R,346.0,R,76.0,R,2.0,R,0.0,R,2.0,R,1.0,R,50.0,R,10.0
233611,2013,R,224.0,R,290.0,R,77.0,R,205.0,R,76.0,R,129.0,R,91.0,R,71.0,A,,A,,A,,A,,A,,R,14.0
233639,2013,R,411.0,R,893.0,R,46.0,R,447.0,R,0.0,R,447.0,R,281.0,R,63.0,R,232.0,R,0.0,R,232.0,R,88.0,R,38.0,R,20.0
233648,2013,R,437.0,R,647.0,R,68.0,R,402.0,R,0.0,R,402.0,R,236.0,R,59.0,R,102.0,R,0.0,R,102.0,R,38.0,R,37.0,R,20.0
233657,2013,A,,A,,A,,R,9.0,R,0.0,R,9.0,R,8.0,R,89.0,R,6.0,Z,0.0,R,6.0,R,5.0,R,83.0,R,16.0
233666,2013,A,,A,,A,,R,24.0,R,0.0,R,24.0,R,23.0,R,96.0,R,9.0,R,0.0,R,9.0,R,8.0,R,89.0,R,14.0
233684,2013,R,73.0,R,852.0,R,9.0,R,27.0,Z,0.0,R,27.0,R,14.0,R,52.0,R,119.0,Z,0.0,R,119.0,R,42.0,R,35.0,R,28.0
233718,2013,R,197.0,R,310.0,R,64.0,R,176.0,R,0.0,R,176.0,R,121.0,R,69.0,A,,A,,A,,A,,A,,R,8.0
233754,2013,R,935.0,R,2689.0,R,35.0,R,854.0,R,0.0,R,854.0,R,516.0,R,60.0,R,849.0,R,0.0,R,849.0,R,323.0,R,38.0,R,20.0
233772,2013,R,3033.0,R,7603.0,R,40.0,R,3004.0,R,0.0,R,3004.0,R,1808.0,R,60.0,R,2385.0,R,0.0,R,2385.0,R,867.0,R,36.0,R,20.0
233897,2013,R,332.0,R,967.0,R,34.0,R,370.0,R,0.0,R,370.0,R,263.0,R,71.0,R,2.0,R,0.0,R,2.0,R,1.0,R,50.0,R,17.0
233903,2013,R,329.0,R,545.0,R,60.0,R,292.0,R,0.0,R,292.0,R,194.0,R,66.0,R,70.0,R,0.0,R,70.0,R,26.0,R,37.0,R,16.0
233912,2013,R,45.0,R,95.0,R,47.0,R,78.0,R,0.0,R,78.0,R,41.0,R,53.0,R,4.0,Z,0.0,R,4.0,R,2.0,R,50.0,R,7.0
233921,2013,R,5360.0,R,6450.0,R,83.0,R,5413.0,R,1.0,R,5412.0,R,4935.0,R,91.0,R,6.0,R,0.0,R,6.0,R,4.0,R,67.0,R,16.0
233949,2013,R,1056.0,R,1847.0,R,57.0,R,844.0,R,0.0,R,844.0,R,500.0,R,59.0,R,401.0,R,0.0,R,401.0,R,172.0,R,43.0,R,22.0
234030,2013,R,3513.0,R,5669.0,R,62.0,R,3544.0,R,2.0,R,3542.0,R,3067.0,R,87.0,R,10.0,R,0.0,R,10.0,R,5.0,R,50.0,R,17.0
234076,2013,R,3516.0,R,5113.0,R,69.0,R,3395.0,R,0.0,R,3395.0,R,3293.0,R,97.0,R,2.0,R,0.0,R,2.0,R,1.0,R,50.0,R,16.0
234085,2013,R,421.0,R,466.0,R,90.0,R,453.0,R,0.0,R,453.0,R,381.0,R,84.0,A,,A,,A,,A,,A,,R,12.0
234119,2013,A,,A,,A,,R,39.0,R,0.0,R,39.0,R,30.0,R,77.0,R,51.0,R,0.0,R,51.0,R,39.0,R,76.0,R,20.0
234137,2013,R,95.0,R,126.0,R,75.0,R,77.0,R,0.0,R,77.0,R,43.0,R,56.0,R,38.0,R,0.0,R,38.0,R,18.0,R,47.0,R,10.0
234155,2013,R,1136.0,R,1556.0,R,73.0,R,1241.0,R,0.0,R,1241.0,R,806.0,R,65.0,R,3.0,R,0.0,R,3.0,R,1.0,R,33.0,R,16.0
234164,2013,R,402.0,R,487.0,R,83.0,R,380.0,R,0.0,R,380.0,R,206.0,R,54.0,R,3.0,R,0.0,R,3.0,R,1.0,R,33.0,R,14.0
234173,2013,R,453.0,R,527.0,R,86.0,R,435.0,R,0.0,R,435.0,R,293.0,R,67.0,A,,A,,A,,A,,A,,R,13.0
234191,2013,A,,A,,A,,R,5.0,R,0.0,R,5.0,R,4.0,R,80.0,A,,A,,A,,A,,A,,R,10.0
234207,2013,R,480.0,R,489.0,R,98.0,R,479.0,R,0.0,R,479.0,R,463.0,R,97.0,A,,A,,A,,A,,A,,R,8.0
234216,2013,A,,A,,A,,A,,A,,A,,A,,A,,A,,A,,A,,A,,A,,R,9.0
234225,2013,A,,A,,A,,R,47.0,R,0.0,R,47.0,R,43.0,R,91.0,A,,A,,A,,A,,A,,R,13.0
234359,2013,A,,A,,A,,R,54.0,R,0.0,R,54.0,R,44.0,R,81.0,A,,A,,A,,A,,A,,R,10.0
234377,2013,R,442.0,R,729.0,R,61.0,R,386.0,R,0.0,R,386.0,R,231.0,R,60.0,R,119.0,R,0.0,R,119.0,R,48.0,R,40.0,R,21.0
234401,2013,A,,A,,A,,R,18.0,Z,0.0,R,18.0,R,16.0,R,89.0,A,,A,,A,,A,,A,,R,13.0
234492,2013,R,200.0,R,553.0,R,36.0,R,121.0,Z,0.0,R,121.0,R,75.0,R,62.0,R,15.0,Z,0.0,R,15.0,R,6.0,R,40.0,R,20.0
234650,2013,A,,A,,A,,R,31.0,R,0.0,R,31.0,R,28.0,R,90.0,A,,A,,A,,A,,A,,R,15.0
234669,2013,R,679.0,R,6642.0,R,10.0,R,0.0,Z,0.0,R,0.0,R,0.0,A,,R,0.0,Z,0.0,R,0.0,R,0.0,A,,R,19.0
234696,2013,R,59.0,R,1070.0,R,6.0,R,35.0,Z,0.0,R,35.0,R,27.0,R,77.0,R,12.0,Z,0.0,R,12.0,R,5.0,R,42.0,R,23.0
234711,2013,R,267.0,R,747.0,R,36.0,R,237.0,Z,0.0,R,237.0,R,160.0,R,68.0,R,24.0,Z,0.0,R,24.0,R,9.0,R,38.0,R,18.0
234739,2013,A,,A,,A,,R,63.0,R,0.0,R,63.0,R,54.0,R,86.0,A,,A,,A,,A,,A,,R,30.0
234784,2013,A,,A,,A,,R,86.0,R,0.0,R,86.0,R,51.0,R,59.0,A,,A,,A,,A,,A,,R,24.0
234827,2013,R,1486.0,R,3178.0,R,47.0,R,1420.0,Z,0.0,R,1420.0,R,1049.0,R,74.0,R,18.0,Z,0.0,R,18.0,R,13.0,R,72.0,R,19.0
234845,2013,R,355.0,R,1375.0,R,26.0,R,0.0,Z,0.0,R,0.0,R,0.0,A,,R,0.0,Z,0.0,R,0.0,R,0.0,A,,R,18.0
234915,2013,R,6.0,R,409.0,R,1.0,R,5.0,R,0.0,R,5.0,R,2.0,R,40.0,R,26.0,R,0.0,R,26.0,R,20.0,R,77.0,R,7.0
234924,2013,A,,A,,A,,R,36.0,R,1.0,R,35.0,R,29.0,R,83.0,A,,A,,A,,A,,A,,R,12.0
234933,2013,R,819.0,R,4217.0,R,19.0,R,1118.0,Z,0.0,R,1118.0,R,673.0,R,60.0,R,570.0,Z,0.0,R,570.0,R,255.0,R,45.0,R,16.0
234951,2013,R,251.0,R,2035.0,R,12.0,R,234.0,Z,0.0,R,234.0,R,148.0,R,63.0,R,22.0,Z,0.0,R,22.0,R,10.0,R,45.0,R,23.0
234979,2013,R,723.0,R,3473.0,R,21.0,R,0.0,Z,0.0,R,0.0,R,0.0,A,,R,0.0,Z,0.0,R,0.0,R,0.0,A,,R,21.0
235024,2013,R,166.0,R,250.0,R,66.0,R,155.0,R,0.0,R,155.0,R,121.0,R,78.0,R,0.0,R,0.0,R,0.0,R,0.0,A,,R,8.0
235088,2013,A,,A,,A,,R,125.0,R,1.0,R,124.0,R,10.0,R,8.0,A,,A,,A,,A,,A,,R,15.0
235097,2013,R,1469.0,R,2878.0,R,51.0,R,1555.0,R,0.0,R,1555.0,R,1163.0,R,75.0,R,17.0,Z,0.0,R,17.0,R,10.0,R,59.0,R,21.0
235103,2013,R,397.0,R,3860.0,R,10.0,R,407.0,Z,0.0,R,407.0,R,255.0,R,63.0,R,137.0,Z,0.0,R,137.0,R,70.0,R,51.0,R,15.0
235149,2013,R,512.0,R,3031.0,R,17.0,R,507.0,Z,0.0,R,507.0,R,295.0,R,58.0,R,200.0,Z,0.0,R,200.0,R,98.0,R,49.0,R,17.0
235158,2013,A,,A,,A,,R,18.0,Z,0.0,R,18.0,R,17.0,R,94.0,A,,A,,A,,A,,A,,R,10.0
235167,2013,R,497.0,R,1276.0,R,39.0,R,521.0,R,0.0,R,521.0,R,386.0,R,74.0,R,13.0,R,0.0,R,13.0,R,6.0,R,46.0,R,23.0
235237,2013,R,325.0,R,2962.0,R,11.0,R,337.0,Z,0.0,R,337.0,R,174.0,R,52.0,R,152.0,Z,0.0,R,152.0,R,62.0,R,41.0,R,18.0
235307,2013,A,,A,,A,,R,25.0,R,0.0,R,25.0,R,18.0,R,72.0,R,0.0,R,0.0,R,0.0,R,0.0,A,,R,16.0
235316,2013,R,1238.0,R,1447.0,R,86.0,R,1095.0,R,0.0,R,1095.0,R,1032.0,R,94.0,R,1.0,R,0.0,R,1.0,R,1.0,R,100.0,R,12.0
235334,2013,R,246.0,R,772.0,R,32.0,R,109.0,Z,0.0,R,109.0,R,69.0,R,63.0,R,6.0,Z,0.0,R,6.0,R,4.0,R,67.0,R,18.0
235343,2013,R,602.0,R,2814.0,R,21.0,R,554.0,Z,0.0,R,554.0,R,346.0,R,62.0,R,202.0,Z,0.0,R,202.0,R,111.0,R,55.0,R,13.0
235352,2013,A,,A,,A,,R,14.0,R,0.0,R,14.0,R,12.0,R,86.0,A,,A,,A,,A,,A,,R,10.0
235422,2013,R,74.0,R,237.0,R,31.0,R,81.0,R,0.0,R,81.0,R,55.0,R,68.0,R,10.0,R,0.0,R,10.0,R,5.0,R,50.0,R,8.0
235431,2013,R,330.0,R,2543.0,R,13.0,R,287.0,Z,0.0,R,287.0,R,168.0,R,59.0,R,152.0,Z,0.0,R,152.0,R,74.0,R,49.0,R,16.0
235495,2013,A,,A,,A,,R,28.0,Z,0.0,R,28.0,R,22.0,R,79.0,R,0.0,Z,0.0,R,0.0,Z,0.0,A,,R,12.0
235501,2013,A,,A,,A,,R,211.0,R,0.0,R,211.0,R,182.0,R,86.0,A,,A,,A,,A,,A,,R,10.0
235510,2013,R,55.0,R,74.0,R,74.0,R,0.0,R,0.0,R,0.0,R,0.0,A,,R,0.0,R,0.0,R,0.0,R,0.0,A,,R,23.0
235529,2013,R,49.0,R,60.0,R,82.0,R,0.0,R,0.0,R,0.0,R,0.0,A,,R,0.0,R,0.0,R,0.0,R,0.0,A,,R,23.0
235547,2013,A,,A,,A,,A,,A,,A,,A,,A,,A,,A,,A,,A,,A,,R,9.0
235583,2013,A,,A,,A,,R,31.0,R,0.0,R,31.0,R,24.0,R,77.0,A,,A,,A,,A,,A,,R,12.0
235671,2013,R,158.0,R,2417.0,R,7.0,R,204.0,Z,0.0,R,204.0,R,127.0,R,62.0,R,9.0,Z,0.0,R,9.0,R,5.0,R,56.0,R,20.0
235699,2013,R,164.0,R,2380.0,R,7.0,R,0.0,Z,0.0,R,0.0,R,0.0,A,,R,0.0,Z,0.0,R,0.0,R,0.0,A,,R,16.0
235750,2013,R,239.0,R,1144.0,R,21.0,R,154.0,Z,0.0,R,154.0,R,84.0,R,55.0,R,25.0,Z,0.0,R,25.0,R,8.0,R,32.0,R,15.0
235769,2013,R,48.0,R,75.0,R,64.0,R,43.0,R,0.0,R,43.0,R,29.0,R,67.0,R,0.0,R,0.0,R,0.0,R,0.0,A,,R,14.0
235954,2013,A,,A,,A,,R,7.0,R,0.0,R,7.0,R,7.0,R,100.0,A,,A,,A,,A,,A,,R,12.0
236018,2013,A,,A,,A,,R,21.0,R,0.0,R,21.0,R,17.0,R,81.0,A,,A,,A,,A,,A,,R,13.0
236027,2013,A,,A,,A,,R,20.0,R,0.0,R,20.0,R,14.0,R,70.0,A,,A,,A,,A,,A,,R,8.0
236072,2013,R,99.0,R,4002.0,R,2.0,R,0.0,Z,0.0,R,0.0,R,0.0,A,,R,0.0,Z,0.0,R,0.0,R,0.0,A,,R,17.0
236133,2013,R,202.0,R,594.0,R,34.0,R,211.0,R,0.0,R,211.0,R,164.0,R,78.0,R,4.0,R,0.0,R,4.0,R,2.0,R,50.0,R,13.0
236188,2013,R,382.0,R,2824.0,R,14.0,R,0.0,Z,0.0,R,0.0,R,0.0,A,,R,0.0,Z,0.0,R,0.0,R,0.0,A,,R,20.0
236212,2013,A,,A,,A,,R,156.0,R,0.0,R,156.0,R,119.0,R,76.0,A,,A,,A,,A,,A,,R,20.0
236230,2013,R,648.0,R,950.0,R,68.0,R,633.0,R,0.0,R,633.0,R,518.0,R,82.0,A,,A,,A,,A,,A,,R,14.0
236258,2013,R,178.0,R,799.0,R,22.0,R,0.0,Z,0.0,R,0.0,R,0.0,A,,R,0.0,Z,0.0,R,0.0,R,0.0,A,,R,15.0
236328,2013,R,670.0,R,731.0,R,92.0,R,631.0,R,0.0,R,631.0,R,547.0,R,87.0,A,,A,,A,,A,,A,,R,12.0
236382,2013,R,134.0,R,1805.0,R,7.0,R,164.0,Z,0.0,R,164.0,R,113.0,R,69.0,R,33.0,Z,0.0,R,33.0,R,17.0,R,52.0,R,15.0
236452,2013,R,158.0,R,437.0,R,36.0,R,228.0,R,0.0,R,228.0,R,189.0,R,83.0,R,0.0,R,0.0,R,0.0,R,0.0,A,,R,12.0
236504,2013,R,193.0,R,2785.0,R,7.0,R,0.0,Z,0.0,R,0.0,R,0.0,A,,R,0.0,Z,0.0,R,0.0,R,0.0,A,,R,16.0
236513,2013,R,132.0,R,3425.0,R,4.0,R,0.0,Z,0.0,R,0.0,R,0.0,A,,R,0.0,Z,0.0,R,0.0,R,0.0,A,,R,16.0
236531,2013,A,,A,,A,,R,19.0,R,0.0,R,19.0,R,16.0,R,84.0,A,,A,,A,,A,,A,,R,25.0
236577,2013,R,765.0,R,994.0,R,77.0,R,784.0,R,0.0,R,784.0,R,670.0,R,85.0,R,0.0,R,0.0,R,0.0,R,0.0,A,,R,15.0
236595,2013,R,958.0,R,1365.0,R,70.0,R,901.0,R,0.0,R,901.0,R,775.0,R,86.0,R,2.0,R,0.0,R,2.0,R,2.0,R,100.0,R,12.0
236610,2013,R,341.0,R,2939.0,R,12.0,R,311.0,Z,0.0,R,311.0,R,194.0,R,62.0,R,57.0,Z,0.0,R,57.0,R,36.0,R,63.0,R,18.0
236638,2013,R,432.0,R,2137.0,R,20.0,R,363.0,Z,0.0,R,363.0,R,210.0,R,58.0,R,114.0,Z,0.0,R,114.0,R,39.0,R,34.0,R,16.0
236656,2013,R,401.0,R,2335.0,R,17.0,R,400.0,Z,0.0,R,400.0,R,240.0,R,60.0,R,138.0,Z,0.0,R,138.0,R,65.0,R,47.0,R,17.0
236692,2013,R,597.0,R,3180.0,R,19.0,R,616.0,Z,0.0,R,616.0,R,319.0,R,52.0,R,96.0,Z,0.0,R,96.0,R,46.0,R,48.0,R,18.0
236708,2013,R,808.0,R,3761.0,R,21.0,R,840.0,Z,0.0,R,840.0,R,458.0,R,55.0,R,145.0,Z,0.0,R,145.0,R,54.0,R,37.0,R,18.0
236744,2013,A,,A,,A,,R,20.0,R,0.0,R,20.0,R,12.0,R,60.0,A,,A,,A,,A,,A,,R,21.0
236753,2013,R,529.0,R,3205.0,R,17.0,R,385.0,Z,0.0,R,385.0,R,240.0,R,62.0,R,134.0,Z,0.0,R,134.0,R,69.0,R,51.0,R,18.0
236887,2013,R,454.0,R,2063.0,R,22.0,R,299.0,Z,0.0,R,299.0,R,201.0,R,67.0,R,48.0,Z,0.0,R,48.0,R,16.0,R,33.0,R,18.0
236896,2013,R,387.0,R,515.0,R,75.0,R,394.0,Z,0.0,R,394.0,R,305.0,R,77.0,R,0.0,R,0.0,R,0.0,R,0.0,A,,R,14.0
236939,2013,R,4057.0,R,6651.0,R,61.0,R,4013.0,R,0.0,R,4013.0,R,3201.0,R,80.0,R,66.0,R,0.0,R,66.0,R,36.0,R,55.0,R,15.0
236948,2013,R,6144.0,R,8389.0,R,73.0,R,5908.0,R,0.0,R,5908.0,R,5496.0,R,93.0,R,73.0,R,0.0,R,73.0,R,55.0,R,75.0,R,15.0
236975,2013,R,461.0,R,1387.0,R,33.0,R,428.0,Z,0.0,R,428.0,R,262.0,R,61.0,R,73.0,Z,0.0,R,73.0,R,33.0,R,45.0,R,18.0
236993,2013,A,,A,,A,,R,33.0,R,0.0,R,33.0,R,23.0,R,70.0,R,6.0,R,0.0,R,6.0,R,4.0,R,67.0,R,20.0
237011,2013,R,2764.0,R,3891.0,R,71.0,R,2660.0,R,0.0,R,2660.0,R,2203.0,R,83.0,R,28.0,R,0.0,R,28.0,R,13.0,R,46.0,R,20.0
237039,2013,R,289.0,R,1981.0,R,15.0,R,276.0,Z,0.0,R,276.0,R,164.0,R,59.0,R,117.0,Z,0.0,R,117.0,R,59.0,R,50.0,R,15.0
237057,2013,R,392.0,R,421.0,R,93.0,R,381.0,R,0.0,R,381.0,R,358.0,R,94.0,A,,A,,A,,A,,A,,R,9.0
237066,2013,R,593.0,R,691.0,R,86.0,R,631.0,R,0.0,R,631.0,R,562.0,R,89.0,A,,A,,A,,A,,A,,R,11.0
237109,2013,R,317.0,R,1389.0,R,23.0,R,285.0,Z,0.0,R,285.0,R,175.0,R,61.0,R,85.0,Z,0.0,R,85.0,R,37.0,R,44.0,R,19.0
237118,2013,R,438.0,R,524.0,R,84.0,R,394.0,R,0.0,R,394.0,R,227.0,R,58.0,R,0.0,R,0.0,R,0.0,R,0.0,A,,R,15.0
237127,2013,A,,A,,A,,R,9.0,R,0.0,R,9.0,R,6.0,R,67.0,A,,A,,A,,A,,A,,R,6.0
237136,2013,R,60.0,R,153.0,R,39.0,R,47.0,R,0.0,R,47.0,R,28.0,R,60.0,R,0.0,Z,0.0,R,0.0,Z,0.0,A,,R,17.0
237145,2013,A,,A,,A,,R,29.0,R,0.0,R,29.0,R,29.0,R,100.0,A,,A,,A,,A,,A,,R,7.0
237172,2013,A,,A,,A,,R,123.0,R,0.0,R,123.0,R,27.0,R,22.0,R,313.0,R,0.0,R,313.0,R,38.0,R,12.0,R,12.0
237181,2013,R,183.0,R,214.0,R,86.0,R,265.0,R,1.0,R,264.0,R,140.0,R,53.0,A,,A,,A,,A,,A,,R,12.0
237215,2013,R,295.0,R,486.0,R,61.0,R,163.0,R,0.0,R,163.0,R,98.0,R,60.0,R,4.0,R,0.0,R,4.0,R,0.0,R,0.0,R,15.0
237242,2013,A,,A,,A,,R,31.0,R,0.0,R,31.0,R,29.0,R,94.0,R,6.0,R,1.0,R,5.0,R,4.0,R,80.0,R,3.0
237303,2013,A,,A,,A,,R,41.0,Z,0.0,R,41.0,R,29.0,R,71.0,A,,A,,A,,A,,A,,R,17.0
237312,2013,R,271.0,R,627.0,R,43.0,R,240.0,R,0.0,R,240.0,R,159.0,R,66.0,R,1.0,R,0.0,R,1.0,R,1.0,R,100.0,R,14.0
237321,2013,A,,A,,A,,R,80.0,R,0.0,R,80.0,R,57.0,R,71.0,A,,A,,A,,A,,A,,R,10.0
237330,2013,R,507.0,R,711.0,R,71.0,R,562.0,R,0.0,R,562.0,R,359.0,R,64.0,R,6.0,R,0.0,R,6.0,R,4.0,R,67.0,R,17.0
237358,2013,R,269.0,R,322.0,R,84.0,R,214.0,R,0.0,R,214.0,R,106.0,R,50.0,R,0.0,R,0.0,R,0.0,R,0.0,A,,R,16.0
237367,2013,R,741.0,R,1205.0,R,61.0,R,721.0,Z,0.0,R,721.0,R,441.0,R,61.0,R,18.0,Z,0.0,R,18.0,R,9.0,R,50.0,R,17.0
237385,2013,R,280.0,R,491.0,R,57.0,R,169.0,R,0.0,R,169.0,R,107.0,R,63.0,R,1.0,R,0.0,R,1.0,R,0.0,R,0.0,R,16.0
237437,2013,R,120.0,R,224.0,R,54.0,R,114.0,R,1.0,R,113.0,R,45.0,R,40.0,R,4.0,R,0.0,R,4.0,R,2.0,R,50.0,R,27.0
237473,2013,A,,A,,A,,R,112.0,R,0.0,R,112.0,R,85.0,R,76.0,A,,A,,A,,A,,A,,R,10.0
237491,2013,A,,A,,A,,R,6.0,R,1.0,R,5.0,R,4.0,R,80.0,A,,A,,A,,A,,A,,R,9.0
237525,2013,R,1843.0,R,2937.0,R,63.0,R,1899.0,R,0.0,R,1899.0,R,1302.0,R,69.0,R,8.0,R,0.0,R,8.0,R,8.0,R,100.0,R,19.0
237543,2013,A,,A,,A,,R,64.0,R,0.0,R,64.0,R,50.0,R,78.0,R,48.0,Z,0.0,R,48.0,R,38.0,R,79.0,R,7.0
237552,2013,A,,A,,A,,R,22.0,R,0.0,R,22.0,R,19.0,R,86.0,A,,A,,A,,A,,A,,R,10.0
237561,2013,A,,A,,A,,R,41.0,R,0.0,R,41.0,R,41.0,R,100.0,R,2.0,R,0.0,R,2.0,R,2.0,R,100.0,R,10.0
237570,2013,A,,A,,A,,R,8.0,R,0.0,R,8.0,R,5.0,R,63.0,A,,A,,A,,A,,A,,R,6.0
237598,2013,R,10.0,R,11.0,R,91.0,R,38.0,R,0.0,R,38.0,R,33.0,R,87.0,R,1.0,R,0.0,R,1.0,R,1.0,R,100.0,R,17.0
237604,2013,A,,A,,A,,R,56.0,R,0.0,R,56.0,R,35.0,R,63.0,A,,A,,A,,A,,A,,R,27.0
237613,2013,A,,A,,A,,R,45.0,R,0.0,R,45.0,R,37.0,R,82.0,A,,A,,A,,A,,A,,R,14.0
237640,2013,R,89.0,R,128.0,R,70.0,R,100.0,R,0.0,R,100.0,R,64.0,R,64.0,A,,A,,A,,A,,A,,R,10.0
237686,2013,R,456.0,R,759.0,R,60.0,R,10.0,R,0.0,R,10.0,R,7.0,R,70.0,R,2.0,R,0.0,R,2.0,R,0.0,R,0.0,R,17.0
237701,2013,R,624.0,R,895.0,R,70.0,R,721.0,R,0.0,R,721.0,R,326.0,R,45.0,R,8.0,R,0.0,R,8.0,R,3.0,R,38.0,R,24.0
237729,2013,A,,A,,A,,R,30.0,R,0.0,R,30.0,R,23.0,R,77.0,R,17.0,R,0.0,R,17.0,R,13.0,R,76.0,R,11.0
237783,2013,R,129.0,R,198.0,R,65.0,R,138.0,R,0.0,R,138.0,R,56.0,R,41.0,A,,A,,A,,A,,A,,R,22.0
237792,2013,R,676.0,R,1208.0,R,56.0,R,747.0,R,0.0,R,747.0,R,511.0,R,68.0,R,9.0,R,0.0,R,9.0,R,2.0,R,22.0,R,17.0
237817,2013,R,468.0,R,754.0,R,62.0,R,416.0,R,0.0,R,416.0,R,190.0,R,46.0,R,77.0,R,0.0,R,77.0,R,25.0,R,32.0,R,15.0
237844,2013,A,,A,,A,,R,61.0,Z,0.0,R,61.0,R,30.0,R,49.0,R,27.0,Z,0.0,R,27.0,R,4.0,R,15.0,R,14.0
237899,2013,R,403.0,R,648.0,R,62.0,R,284.0,R,0.0,R,284.0,R,147.0,R,52.0,R,6.0,R,0.0,R,6.0,R,3.0,R,50.0,R,15.0
237905,2013,A,,A,,A,,R,0.0,R,0.0,R,0.0,R,0.0,A,,A,,A,,A,,A,,A,,R,7.0
237932,2013,R,498.0,R,911.0,R,55.0,R,517.0,R,0.0,R,517.0,R,350.0,R,68.0,R,4.0,R,0.0,R,4.0,R,1.0,R,25.0,R,14.0
237950,2013,R,298.0,R,498.0,R,60.0,R,190.0,R,0.0,R,190.0,R,101.0,R,53.0,R,9.0,R,0.0,R,9.0,R,6.0,R,67.0,R,12.0
237969,2013,R,471.0,R,512.0,R,92.0,R,404.0,R,0.0,R,404.0,R,263.0,R,65.0,R,1.0,R,0.0,R,1.0,R,0.0,R,0.0,R,13.0
237978,2013,R,54.0,R,54.0,R,100.0,R,21.0,R,0.0,R,21.0,R,14.0,R,67.0,A,,A,,A,,A,,A,,R,12.0
237987,2013,R,66.0,R,107.0,R,62.0,R,65.0,R,0.0,R,65.0,R,49.0,R,75.0,R,1.0,R,0.0,R,1.0,R,0.0,R,0.0,R,26.0
237996,2013,R,83.0,R,176.0,R,47.0,R,43.0,R,0.0,R,43.0,R,26.0,R,60.0,A,,A,,A,,A,,A,,R,22.0
238005,2013,A,,A,,A,,R,31.0,R,0.0,R,31.0,R,26.0,R,84.0,A,,A,,A,,A,,A,,R,20.0
238014,2013,R,249.0,R,591.0,R,42.0,R,275.0,R,0.0,R,275.0,R,144.0,R,52.0,R,93.0,R,0.0,R,93.0,R,27.0,R,29.0,R,14.0
238032,2013,R,4901.0,R,6609.0,R,74.0,R,5106.0,R,0.0,R,5106.0,R,3935.0,R,77.0,R,29.0,R,0.0,R,29.0,R,16.0,R,55.0,R,20.0
238078,2013,R,250.0,R,357.0,R,70.0,R,268.0,R,0.0,R,268.0,R,180.0,R,67.0,A,,A,,A,,A,,A,,R,12.0
238096,2013,A,,A,,A,,R,5.0,R,0.0,R,5.0,R,5.0,R,100.0,A,,A,,A,,A,,A,,R,8.0
238166,2013,A,,A,,A,,R,24.0,R,0.0,R,24.0,R,16.0,R,67.0,A,,A,,A,,A,,A,,R,16.0
238175,2013,A,,A,,A,,R,32.0,R,0.0,R,32.0,R,27.0,R,84.0,A,,A,,A,,A,,A,,R,14.0
238193,2013,R,202.0,R,397.0,R,51.0,R,191.0,Z,0.0,R,191.0,R,137.0,R,72.0,R,8.0,R,0.0,R,8.0,R,5.0,R,63.0,R,10.0
238263,2013,R,1264.0,R,4698.0,R,27.0,R,0.0,R,0.0,R,0.0,R,0.0,A,,R,0.0,R,0.0,R,0.0,R,0.0,A,,R,12.0
238324,2013,R,41.0,R,51.0,R,80.0,R,24.0,R,0.0,R,24.0,R,18.0,R,75.0,A,,A,,A,,A,,A,,R,9.0
238333,2013,R,299.0,R,373.0,R,80.0,R,311.0,R,0.0,R,311.0,R,287.0,R,92.0,A,,A,,A,,A,,A,,R,11.0
238397,2013,R,230.0,R,447.0,R,51.0,R,295.0,R,0.0,R,295.0,R,171.0,R,58.0,R,235.0,R,0.0,R,235.0,R,81.0,R,34.0,R,11.0
238430,2013,R,195.0,R,450.0,R,43.0,R,162.0,R,0.0,R,162.0,R,115.0,R,71.0,R,0.0,R,0.0,R,0.0,R,0.0,A,,R,17.0
238458,2013,R,678.0,R,852.0,R,80.0,R,712.0,R,0.0,R,712.0,R,541.0,R,76.0,R,14.0,R,0.0,R,14.0,R,8.0,R,57.0,R,14.0
238476,2013,R,714.0,R,833.0,R,86.0,R,718.0,R,0.0,R,718.0,R,563.0,R,78.0,R,2.0,R,0.0,R,2.0,R,1.0,R,50.0,R,13.0
238573,2013,A,,A,,A,,A,,A,,A,,A,,A,,A,,A,,A,,A,,A,,R,7.0
238616,2013,R,580.0,R,1248.0,R,46.0,R,603.0,R,0.0,R,603.0,R,428.0,R,71.0,R,5.0,R,0.0,R,5.0,R,2.0,R,40.0,R,12.0
238661,2013,R,298.0,R,552.0,R,54.0,R,340.0,R,0.0,R,340.0,R,278.0,R,82.0,R,2.0,R,0.0,R,2.0,R,0.0,R,0.0,R,10.0
238722,2013,R,399.0,R,5272.0,R,8.0,R,406.0,R,1.0,R,405.0,R,257.0,R,63.0,R,662.0,R,0.0,R,662.0,R,315.0,R,48.0,R,12.0
238759,2013,R,407.0,R,2750.0,R,15.0,R,367.0,R,0.0,R,367.0,R,233.0,R,63.0,R,1115.0,R,1.0,R,1114.0,R,583.0,R,52.0,R,15.0
238786,2013,A,,A,,A,,R,25.0,R,0.0,R,25.0,R,21.0,R,84.0,R,5.0,R,0.0,R,5.0,R,4.0,R,80.0,R,17.0
238810,2013,A,,A,,A,,R,38.0,Z,0.0,R,38.0,R,32.0,R,84.0,R,6.0,Z,0.0,R,6.0,R,6.0,R,100.0,R,14.0
238892,2013,R,79.0,R,94.0,R,84.0,R,1.0,R,0.0,R,1.0,R,1.0,R,100.0,R,0.0,R,0.0,R,0.0,R,0.0,A,,R,16.0
238980,2013,R,214.0,R,844.0,R,25.0,R,197.0,R,0.0,R,197.0,R,137.0,R,70.0,R,16.0,R,0.0,R,16.0,R,5.0,R,31.0,R,15.0
239008,2013,R,226.0,R,827.0,R,27.0,R,139.0,R,0.0,R,139.0,R,97.0,R,70.0,R,202.0,R,0.0,R,202.0,R,125.0,R,62.0,R,13.0
239017,2013,R,392.0,R,443.0,R,88.0,R,405.0,R,0.0,R,405.0,R,356.0,R,88.0,R,7.0,R,0.0,R,7.0,R,3.0,R,43.0,R,9.0
239071,2013,R,206.0,R,352.0,R,59.0,R,186.0,R,0.0,R,186.0,R,134.0,R,72.0,R,0.0,Z,0.0,R,0.0,R,0.0,A,,R,14.0
239080,2013,R,248.0,R,516.0,R,48.0,R,283.0,R,0.0,R,283.0,R,193.0,R,68.0,R,0.0,R,0.0,R,0.0,R,0.0,A,,R,11.0
239105,2013,R,1989.0,R,2247.0,R,89.0,R,1927.0,R,0.0,R,1927.0,R,1748.0,R,91.0,R,1.0,R,0.0,R,1.0,R,0.0,R,0.0,R,14.0
239132,2013,A,,A,,A,,R,23.0,R,0.0,R,23.0,R,14.0,R,61.0,R,5.0,R,0.0,R,5.0,R,4.0,R,80.0,R,14.0
239220,2013,R,265.0,R,614.0,R,43.0,R,245.0,R,0.0,R,245.0,R,137.0,R,56.0,R,258.0,R,1.0,R,257.0,R,153.0,R,60.0,R,15.0
239248,2013,R,897.0,R,2013.0,R,45.0,R,979.0,R,0.0,R,979.0,R,481.0,R,49.0,R,1038.0,R,0.0,R,1038.0,R,469.0,R,45.0,R,13.0
239309,2013,R,157.0,R,197.0,R,80.0,R,150.0,R,0.0,R,150.0,R,122.0,R,81.0,R,0.0,R,0.0,R,0.0,R,0.0,A,,R,10.0
239318,2013,R,538.0,R,747.0,R,72.0,R,484.0,R,0.0,R,484.0,R,401.0,R,83.0,R,1.0,R,0.0,R,1.0,R,0.0,R,0.0,R,14.0
239372,2013,R,163.0,R,1201.0,R,14.0,R,147.0,R,0.0,R,147.0,R,109.0,R,74.0,R,156.0,R,0.0,R,156.0,R,93.0,R,60.0,R,18.0
239390,2013,R,113.0,R,259.0,R,44.0,R,95.0,R,0.0,R,95.0,R,68.0,R,72.0,R,0.0,R,0.0,R,0.0,R,0.0,A,,R,10.0
239442,2013,R,149.0,R,340.0,R,44.0,R,161.0,R,0.0,R,161.0,R,105.0,R,65.0,R,118.0,R,0.0,R,118.0,R,68.0,R,58.0,R,10.0
239460,2013,R,486.0,R,1275.0,R,38.0,R,531.0,R,0.0,R,531.0,R,351.0,R,66.0,R,383.0,R,0.0,R,383.0,R,254.0,R,66.0,R,22.0
239488,2013,R,705.0,R,3562.0,R,20.0,R,738.0,R,2.0,R,736.0,R,391.0,R,53.0,R,407.0,R,0.0,R,407.0,R,204.0,R,50.0,R,16.0
239503,2013,R,40.0,R,56.0,R,71.0,R,33.0,R,0.0,R,33.0,R,17.0,R,52.0,Z,0.0,Z,0.0,Z,0.0,R,0.0,A,,R,15.0
239512,2013,R,140.0,R,182.0,R,77.0,R,182.0,R,0.0,R,182.0,R,124.0,R,68.0,R,1.0,R,0.0,R,1.0,R,0.0,R,0.0,R,10.0
239628,2013,R,238.0,R,255.0,R,93.0,R,205.0,R,1.0,R,204.0,R,176.0,R,86.0,R,0.0,R,0.0,R,0.0,R,0.0,A,,R,12.0
239716,2013,R,539.0,R,604.0,R,89.0,R,585.0,R,1.0,R,584.0,R,471.0,R,81.0,R,0.0,R,0.0,R,0.0,R,0.0,A,,R,14.0
239743,2013,R,40.0,R,149.0,R,27.0,R,50.0,R,0.0,R,50.0,R,36.0,R,72.0,A,,A,,A,,A,,A,,R,6.0
239877,2013,A,,A,,A,,R,29.0,Z,0.0,R,29.0,R,23.0,R,79.0,R,0.0,R,0.0,R,0.0,R,0.0,A,,R,12.0
239910,2013,R,281.0,R,1856.0,R,15.0,R,312.0,R,0.0,R,312.0,R,152.0,R,49.0,R,143.0,R,0.0,R,143.0,R,47.0,R,33.0,R,14.0
239929,2013,R,155.0,R,385.0,R,40.0,R,1.0,R,0.0,R,1.0,R,0.0,R,0.0,R,0.0,R,0.0,R,0.0,R,0.0,A,,R,13.0
240055,2013,R,3642.0,R,6407.0,R,57.0,R,3610.0,R,0.0,R,3610.0,R,2034.0,R,56.0,R,620.0,R,0.0,R,620.0,R,263.0,R,42.0,R,23.0
240107,2013,R,303.0,R,588.0,R,52.0,R,304.0,R,0.0,R,304.0,R,246.0,R,81.0,R,2.0,R,0.0,R,2.0,R,2.0,R,100.0,R,12.0
240116,2013,R,891.0,R,2254.0,R,40.0,R,1166.0,R,0.0,R,1166.0,R,689.0,R,59.0,R,709.0,R,1.0,R,708.0,R,382.0,R,54.0,R,14.0
240125,2013,R,256.0,R,2559.0,R,10.0,R,329.0,R,0.0,R,329.0,R,230.0,R,70.0,R,328.0,R,0.0,R,328.0,R,173.0,R,53.0,R,18.0
240170,2013,R,588.0,R,1326.0,R,44.0,R,581.0,R,0.0,R,581.0,R,365.0,R,63.0,R,330.0,R,0.0,R,330.0,R,166.0,R,50.0,R,13.0
240189,2013,R,2096.0,R,3140.0,R,67.0,R,2155.0,Z,0.0,R,2155.0,R,1658.0,R,77.0,R,13.0,Z,0.0,R,13.0,R,9.0,R,69.0,R,21.0
240198,2013,R,320.0,R,820.0,R,39.0,R,337.0,R,0.0,R,337.0,R,229.0,R,68.0,R,244.0,R,0.0,R,244.0,R,192.0,R,79.0,R,11.0
240240,2013,A,,A,,A,,R,8.0,R,0.0,R,8.0,R,7.0,R,88.0,A,,A,,A,,A,,A,,R,12.0
240268,2013,R,2014.0,R,2754.0,R,73.0,R,2065.0,Z,0.0,R,2065.0,R,1699.0,R,82.0,R,8.0,Z,0.0,R,8.0,R,4.0,R,50.0,R,20.0
240277,2013,R,782.0,R,2003.0,R,39.0,R,894.0,Z,0.0,R,894.0,R,643.0,R,72.0,R,27.0,Z,0.0,R,27.0,R,10.0,R,37.0,R,23.0
240329,2013,R,1995.0,R,2760.0,R,72.0,R,1890.0,R,0.0,R,1890.0,R,1636.0,R,87.0,R,7.0,Z,0.0,R,7.0,R,2.0,R,29.0,R,19.0
240338,2013,R,229.0,R,312.0,R,73.0,R,242.0,R,0.0,R,242.0,R,198.0,R,82.0,R,1.0,R,0.0,R,1.0,R,0.0,R,0.0,R,12.0
240365,2013,R,1730.0,R,4617.0,R,37.0,R,1812.0,Z,0.0,R,1812.0,R,1363.0,R,75.0,R,29.0,Z,0.0,R,29.0,R,10.0,R,34.0,R,22.0
240374,2013,R,686.0,R,1216.0,R,56.0,R,645.0,Z,0.0,R,645.0,R,469.0,R,73.0,R,67.0,Z,0.0,R,67.0,R,35.0,R,52.0,R,19.0
240392,2013,R,125.0,R,310.0,R,40.0,R,74.0,Z,0.0,R,74.0,R,32.0,R,43.0,R,4.0,Z,0.0,R,4.0,R,2.0,R,50.0,R,15.0
240417,2013,R,1561.0,R,2331.0,R,67.0,R,1479.0,Z,0.0,R,1479.0,R,1084.0,R,73.0,R,19.0,Z,0.0,R,19.0,R,9.0,R,47.0,R,20.0
240426,2013,R,318.0,R,724.0,R,44.0,R,361.0,Z,0.0,R,361.0,R,237.0,R,66.0,R,5.0,Z,0.0,R,5.0,R,1.0,R,20.0,R,16.0
240444,2013,R,6323.0,R,8182.0,R,77.0,R,6275.0,R,0.0,R,6275.0,R,5972.0,R,95.0,R,4.0,Z,0.0,R,4.0,R,3.0,R,75.0,R,18.0
240453,2013,R,3201.0,R,5360.0,R,60.0,R,3398.0,Z,0.0,R,3398.0,R,2381.0,R,70.0,R,94.0,Z,0.0,R,94.0,R,45.0,R,48.0,R,18.0
240462,2013,R,1625.0,R,2196.0,R,74.0,R,1666.0,Z,0.0,R,1666.0,R,1255.0,R,75.0,R,87.0,Z,0.0,R,87.0,R,38.0,R,44.0,R,21.0
240471,2013,R,1059.0,R,1617.0,R,65.0,R,1109.0,Z,0.0,R,1109.0,R,798.0,R,72.0,R,10.0,Z,0.0,R,10.0,R,5.0,R,50.0,R,20.0
240480,2013,R,1624.0,R,2504.0,R,65.0,R,1630.0,Z,0.0,R,1630.0,R,1286.0,R,79.0,R,7.0,Z,0.0,R,7.0,R,3.0,R,43.0,R,21.0
240505,2013,R,616.0,R,1451.0,R,42.0,R,624.0,R,0.0,R,624.0,R,375.0,R,60.0,R,88.0,R,0.0,R,88.0,R,30.0,R,34.0,R,14.0
240514,2013,R,235.0,R,836.0,R,28.0,R,208.0,R,0.0,R,208.0,R,98.0,R,47.0,R,91.0,R,0.0,R,91.0,R,21.0,R,23.0,R,11.0
240596,2013,R,229.0,R,491.0,R,47.0,R,202.0,R,0.0,R,202.0,R,123.0,R,61.0,R,36.0,Z,0.0,R,36.0,R,10.0,R,28.0,R,19.0
240620,2013,R,340.0,R,1124.0,R,30.0,R,346.0,R,0.0,R,346.0,R,183.0,R,53.0,R,107.0,R,0.0,R,107.0,R,27.0,R,25.0,R,14.0
240657,2013,R,372.0,R,451.0,R,82.0,R,420.0,R,0.0,R,420.0,R,225.0,R,54.0,R,32.0,R,0.0,R,32.0,R,9.0,R,28.0,R,13.0
240666,2013,R,448.0,R,1884.0,R,24.0,R,508.0,R,0.0,R,508.0,R,282.0,R,56.0,R,76.0,R,0.0,R,76.0,R,30.0,R,39.0,R,17.0
240693,2013,R,356.0,R,880.0,R,40.0,R,397.0,R,57.0,R,340.0,R,233.0,R,69.0,R,171.0,R,6.0,R,165.0,R,54.0,R,33.0,R,18.0
240709,2013,A,,A,,A,,R,35.0,R,0.0,R,35.0,R,15.0,R,43.0,R,10.0,R,0.0,R,10.0,R,4.0,R,40.0,R,15.0
240718,2013,A,,A,,A,,R,458.0,R,1.0,R,457.0,R,349.0,R,76.0,A,,A,,A,,A,,A,,R,25.0
240727,2013,R,1568.0,R,2664.0,R,59.0,R,1578.0,R,1.0,R,1577.0,R,1166.0,R,74.0,R,6.0,R,0.0,R,6.0,R,3.0,R,50.0,R,14.0
240736,2013,R,264.0,R,440.0,R,60.0,R,3.0,R,0.0,R,3.0,R,3.0,R,100.0,R,1.0,R,0.0,R,1.0,R,1.0,R,100.0,R,18.0
240745,2013,R,97.0,R,497.0,R,20.0,R,123.0,R,0.0,R,123.0,R,82.0,R,67.0,R,162.0,R,0.0,R,162.0,R,75.0,R,46.0,R,15.0
240754,2013,R,488.0,R,759.0,R,64.0,R,487.0,R,0.0,R,487.0,R,340.0,R,70.0,R,109.0,Z,0.0,R,109.0,R,58.0,R,53.0,R,17.0
240790,2013,R,256.0,R,301.0,R,85.0,R,56.0,R,0.0,R,56.0,R,34.0,R,61.0,R,5.0,R,0.0,R,5.0,R,4.0,R,80.0,R,21.0
240879,2013,A,,A,,A,,R,208.0,R,0.0,R,208.0,R,162.0,R,78.0,A,,A,,A,,A,,A,,R,32.0
240985,2013,A,,A,,A,,R,211.0,R,0.0,R,211.0,R,128.0,R,61.0,A,,A,,A,,A,,A,,R,37.0
241100,2013,R,127.0,R,142.0,R,89.0,R,164.0,Z,0.0,R,164.0,R,97.0,R,59.0,R,1.0,Z,0.0,R,1.0,R,1.0,R,100.0,R,20.0
241128,2013,R,210.0,R,261.0,R,80.0,R,195.0,R,0.0,R,195.0,R,130.0,R,67.0,R,3.0,R,0.0,R,3.0,R,1.0,R,33.0,R,22.0
241146,2013,A,,A,,A,,R,170.0,R,0.0,R,170.0,R,93.0,R,55.0,A,,A,,A,,A,,A,,R,10.0
241182,2013,A,,A,,A,,R,103.0,R,0.0,R,103.0,R,73.0,R,71.0,A,,A,,A,,A,,A,,R,25.0
241191,2013,R,195.0,R,313.0,R,62.0,R,204.0,R,0.0,R,204.0,R,171.0,R,84.0,R,3.0,R,0.0,R,3.0,R,3.0,R,100.0,R,20.0
241216,2013,R,266.0,R,354.0,R,75.0,R,275.0,R,0.0,R,275.0,R,198.0,R,72.0,R,8.0,R,0.0,R,8.0,R,6.0,R,75.0,R,25.0
241225,2013,R,229.0,R,388.0,R,59.0,R,181.0,R,0.0,R,181.0,R,127.0,R,70.0,R,8.0,R,0.0,R,8.0,R,6.0,R,75.0,R,20.0
241304,2013,R,250.0,R,295.0,R,85.0,R,5.0,R,0.0,R,5.0,R,2.0,R,40.0,R,0.0,R,0.0,R,0.0,R,0.0,A,,R,19.0
241331,2013,A,,A,,A,,A,,A,,A,,A,,A,,A,,A,,A,,A,,A,,R,19.0
241377,2013,R,237.0,R,323.0,R,73.0,R,122.0,R,0.0,R,122.0,R,97.0,R,80.0,R,7.0,R,0.0,R,7.0,R,1.0,R,14.0,R,19.0
241386,2013,R,46.0,R,88.0,R,52.0,R,36.0,R,0.0,R,36.0,R,27.0,R,75.0,R,1.0,R,0.0,R,1.0,R,1.0,R,100.0,R,17.0
241395,2013,R,97.0,R,185.0,R,52.0,R,76.0,Z,0.0,R,76.0,R,57.0,R,75.0,A,,A,,A,,A,,A,,R,25.0
241410,2013,R,1099.0,R,1344.0,R,82.0,R,1150.0,R,0.0,R,1150.0,R,864.0,R,75.0,R,4.0,R,0.0,R,4.0,R,1.0,R,25.0,R,21.0
241517,2013,R,328.0,R,488.0,R,67.0,R,0.0,R,0.0,R,0.0,R,0.0,A,,A,,A,,A,,A,,A,,R,32.0
241614,2013,R,13.0,R,59.0,R,22.0,R,3.0,R,0.0,R,3.0,R,2.0,R,67.0,R,3.0,R,0.0,R,3.0,R,1.0,R,33.0,R,11.0
241720,2013,R,167.0,R,385.0,R,43.0,R,100.0,Z,0.0,R,100.0,R,60.0,R,60.0,R,2.0,Z,0.0,R,2.0,R,1.0,R,50.0,R,27.0
241739,2013,R,1984.0,R,3464.0,R,57.0,R,1358.0,R,0.0,R,1358.0,R,970.0,R,71.0,R,85.0,R,0.0,R,85.0,R,20.0,R,24.0,R,24.0
241766,2013,R,24.0,R,135.0,R,18.0,R,27.0,R,0.0,R,27.0,R,23.0,R,85.0,R,48.0,R,0.0,R,48.0,R,41.0,R,85.0,R,6.0
241836,2013,R,183.0,R,231.0,R,79.0,R,10.0,R,0.0,R,10.0,R,5.0,R,50.0,R,0.0,R,0.0,R,0.0,R,0.0,A,,R,18.0
241906,2013,A,,A,,A,,R,121.0,R,0.0,R,121.0,R,96.0,R,79.0,A,,A,,A,,A,,A,,R,25.0
241951,2013,R,86.0,R,124.0,R,69.0,R,68.0,R,0.0,R,68.0,R,57.0,R,84.0,R,2.0,R,0.0,R,2.0,R,2.0,R,100.0,R,14.0
242042,2013,R,308.0,R,319.0,R,97.0,R,308.0,R,0.0,R,308.0,R,220.0,R,71.0,R,1.0,R,0.0,R,1.0,R,1.0,R,100.0,R,12.0
242112,2013,R,245.0,R,508.0,R,48.0,R,285.0,R,0.0,R,285.0,R,168.0,R,59.0,R,1.0,R,0.0,R,1.0,R,1.0,R,100.0,R,23.0
242121,2013,R,136.0,R,177.0,R,77.0,R,20.0,R,0.0,R,20.0,R,12.0,R,60.0,R,0.0,R,0.0,R,0.0,R,0.0,A,,R,22.0
242130,2013,R,151.0,R,177.0,R,85.0,R,164.0,R,0.0,R,164.0,R,34.0,R,21.0,R,4.0,R,0.0,R,4.0,R,0.0,R,0.0,R,25.0
242149,2013,R,219.0,R,243.0,R,90.0,R,207.0,R,0.0,R,207.0,R,32.0,R,15.0,R,15.0,R,0.0,R,15.0,R,9.0,R,60.0,R,20.0
242316,2013,A,,A,,A,,R,312.0,R,0.0,R,312.0,R,201.0,R,64.0,A,,A,,A,,A,,A,,R,20.0
242413,2013,A,,A,,A,,R,177.0,R,0.0,R,177.0,R,141.0,R,80.0,A,,A,,A,,A,,A,,R,20.0
242422,2013,A,,A,,A,,R,8397.0,R,2.0,R,8395.0,R,6168.0,R,73.0,A,,A,,A,,A,,A,,R,11.0
242556,2013,R,436.0,R,439.0,R,99.0,R,375.0,R,0.0,R,375.0,R,300.0,R,80.0,A,,A,,A,,A,,A,,R,15.0
242565,2013,R,254.0,R,272.0,R,93.0,R,323.0,Z,0.0,R,323.0,R,269.0,R,83.0,R,29.0,Z,0.0,R,29.0,R,25.0,R,86.0,R,15.0
242583,2013,R,259.0,R,303.0,R,85.0,R,300.0,R,0.0,R,300.0,R,259.0,R,86.0,R,40.0,R,0.0,R,40.0,R,20.0,R,50.0,R,12.0
242617,2013,R,882.0,R,1010.0,R,87.0,R,650.0,R,0.0,R,650.0,R,518.0,R,80.0,R,2.0,R,0.0,R,2.0,R,1.0,R,50.0,R,24.0
242626,2013,R,860.0,R,1002.0,R,86.0,R,541.0,R,0.0,R,541.0,R,389.0,R,72.0,R,4.0,R,0.0,R,4.0,R,2.0,R,50.0,R,30.0
242635,2013,R,817.0,R,999.0,R,82.0,R,445.0,R,0.0,R,445.0,R,335.0,R,75.0,R,4.0,R,0.0,R,4.0,R,0.0,R,0.0,R,26.0
242644,2013,R,507.0,R,567.0,R,89.0,R,85.0,R,0.0,R,85.0,R,62.0,R,73.0,R,6.0,R,0.0,R,6.0,R,1.0,R,17.0,R,28.0
242653,2013,R,819.0,R,1461.0,R,56.0,R,735.0,R,0.0,R,735.0,R,525.0,R,71.0,R,19.0,R,0.0,R,19.0,R,10.0,R,53.0,R,31.0
242662,2013,R,1058.0,R,1230.0,R,86.0,R,657.0,R,0.0,R,657.0,R,517.0,R,79.0,R,6.0,R,0.0,R,6.0,R,2.0,R,33.0,R,32.0
242680,2013,R,413.0,R,480.0,R,86.0,R,298.0,R,0.0,R,298.0,R,227.0,R,76.0,R,8.0,R,0.0,R,8.0,R,3.0,R,38.0,R,31.0
242699,2013,R,317.0,R,412.0,R,77.0,R,110.0,R,0.0,R,110.0,R,76.0,R,69.0,R,4.0,R,0.0,R,4.0,R,2.0,R,50.0,R,23.0
242705,2013,R,917.0,R,1097.0,R,84.0,R,778.0,R,0.0,R,778.0,R,592.0,R,76.0,R,7.0,R,0.0,R,7.0,R,2.0,R,29.0,R,25.0
242750,2013,A,,A,,A,,R,76.0,R,0.0,R,76.0,R,45.0,R,59.0,A,,A,,A,,A,,A,,R,10.0
242820,2013,A,,A,,A,,R,322.0,R,0.0,R,322.0,R,258.0,R,80.0,A,,A,,A,,A,,A,,R,25.0
242884,2013,A,,A,,A,,R,2143.0,R,0.0,R,2143.0,R,1304.0,R,61.0,A,,A,,A,,A,,A,,R,21.0
242945,2013,A,,A,,A,,R,155.0,R,0.0,R,155.0,R,114.0,R,74.0,R,33.0,R,0.0,R,33.0,R,21.0,R,64.0,R,20.0
242954,2013,A,,A,,A,,R,40.0,R,0.0,R,40.0,R,23.0,R,58.0,R,6.0,R,0.0,R,6.0,R,3.0,R,50.0,R,20.0
242972,2013,R,1029.0,R,1998.0,R,52.0,R,269.0,R,0.0,R,269.0,R,90.0,R,33.0,R,29.0,R,0.0,R,29.0,R,7.0,R,24.0,R,36.0
242981,2013,R,274.0,R,447.0,R,61.0,R,53.0,R,0.0,R,53.0,R,33.0,R,62.0,R,3.0,R,0.0,R,3.0,R,0.0,R,0.0,R,29.0
243072,2013,A,,A,,A,,R,584.0,R,2.0,R,582.0,R,396.0,R,68.0,R,38.0,R,0.0,R,38.0,R,28.0,R,74.0,R,25.0
243106,2013,R,718.0,R,798.0,R,90.0,R,574.0,R,0.0,R,574.0,R,477.0,R,83.0,R,1.0,R,0.0,R,1.0,R,1.0,R,100.0,R,25.0
243115,2013,R,863.0,R,887.0,R,97.0,R,816.0,R,0.0,R,816.0,R,648.0,R,79.0,A,,A,,A,,A,,A,,R,20.0
243133,2013,R,1131.0,R,1486.0,R,76.0,R,1132.0,R,0.0,R,1132.0,R,969.0,R,86.0,R,3.0,R,0.0,R,3.0,R,2.0,R,67.0,R,24.0
243142,2013,R,971.0,R,1037.0,R,94.0,R,496.0,R,0.0,R,496.0,R,415.0,R,84.0,R,1.0,R,0.0,R,1.0,R,0.0,R,0.0,R,18.0
243151,2013,R,871.0,R,1057.0,R,82.0,R,801.0,R,0.0,R,801.0,R,775.0,R,97.0,R,4.0,R,0.0,R,4.0,R,0.0,R,0.0,R,34.0
243179,2013,R,777.0,R,880.0,R,88.0,R,569.0,R,1.0,R,568.0,R,493.0,R,87.0,R,0.0,R,0.0,R,0.0,R,0.0,A,,R,15.0
243188,2013,R,645.0,R,704.0,R,92.0,R,83.0,Z,0.0,R,83.0,R,46.0,R,55.0,R,0.0,R,0.0,R,0.0,R,0.0,A,,R,19.0
243197,2013,R,1850.0,R,2075.0,R,89.0,R,1751.0,R,0.0,R,1751.0,R,1564.0,R,89.0,R,0.0,R,0.0,R,0.0,R,0.0,A,,R,16.0
243203,2013,A,,A,,A,,A,,A,,A,,A,,A,,A,,A,,A,,A,,A,,R,3.0
243212,2013,R,766.0,R,867.0,R,88.0,R,505.0,R,0.0,R,505.0,R,438.0,R,87.0,R,0.0,R,0.0,R,0.0,R,0.0,A,,R,16.0
243221,2013,R,2180.0,R,2595.0,R,84.0,R,1938.0,R,0.0,R,1938.0,R,1738.0,R,90.0,R,35.0,R,0.0,R,35.0,R,34.0,R,97.0,R,16.0
243346,2013,R,2050.0,R,2791.0,R,73.0,R,863.0,R,0.0,R,863.0,R,605.0,R,70.0,R,112.0,R,0.0,R,112.0,R,48.0,R,43.0,R,37.0
243407,2013,A,,A,,A,,R,12.0,R,0.0,R,12.0,R,12.0,R,100.0,A,,A,,A,,A,,A,,R,14.0
243416,2013,A,,A,,A,,R,70.0,R,0.0,R,70.0,R,52.0,R,74.0,A,,A,,A,,A,,A,,R,10.0
243443,2013,R,669.0,R,1160.0,R,58.0,R,824.0,R,0.0,R,824.0,R,626.0,R,76.0,R,71.0,R,0.0,R,71.0,R,49.0,R,69.0,R,22.0
243568,2013,R,12.0,R,12.0,R,100.0,R,13.0,R,0.0,R,13.0,R,9.0,R,69.0,A,,A,,A,,A,,A,,R,21.0
243577,2013,R,348.0,R,611.0,R,57.0,R,383.0,R,0.0,R,383.0,R,295.0,R,77.0,R,25.0,R,0.0,R,25.0,R,11.0,R,44.0,R,18.0
243586,2013,R,184.0,R,292.0,R,63.0,R,189.0,R,0.0,R,189.0,R,126.0,R,67.0,A,,A,,A,,A,,A,,R,24.0
243601,2013,R,2365.0,R,3080.0,R,77.0,R,1565.0,R,0.0,R,1565.0,R,1119.0,R,72.0,R,98.0,R,0.0,R,98.0,R,25.0,R,26.0,R,41.0
243638,2013,R,338.0,R,481.0,R,70.0,R,519.0,R,0.0,R,519.0,R,230.0,R,44.0,R,181.0,R,0.0,R,181.0,R,63.0,R,35.0,R,28.0
243647,2013,R,182.0,R,229.0,R,79.0,R,185.0,R,0.0,R,185.0,R,101.0,R,55.0,R,51.0,R,0.0,R,51.0,R,30.0,R,59.0,R,10.0
243665,2013,R,301.0,R,526.0,R,57.0,R,300.0,R,0.0,R,300.0,R,203.0,R,68.0,R,29.0,R,0.0,R,29.0,R,14.0,R,48.0,R,11.0
243744,2013,R,1674.0,R,1992.0,R,84.0,R,1762.0,R,0.0,R,1762.0,R,1737.0,R,99.0,A,,A,,A,,A,,A,,R,11.0
243780,2013,R,6388.0,R,7579.0,R,84.0,R,6428.0,R,0.0,R,6428.0,R,5823.0,R,91.0,R,23.0,R,0.0,R,23.0,R,10.0,R,43.0,R,13.0
243799,2013,A,,A,,A,,R,2.0,R,0.0,R,2.0,R,2.0,R,100.0,A,,A,,A,,A,,A,,R,8.0
243823,2013,R,8.0,R,133.0,R,6.0,R,0.0,R,0.0,R,0.0,R,0.0,A,,R,0.0,R,0.0,R,0.0,R,0.0,A,,R,11.0
243832,2013,R,94.0,R,461.0,R,20.0,R,19.0,R,0.0,R,19.0,R,10.0,R,53.0,R,5.0,R,0.0,R,5.0,R,3.0,R,60.0,R,18.0
243841,2013,R,361.0,R,390.0,R,93.0,R,275.0,R,0.0,R,275.0,R,114.0,R,41.0,R,17.0,R,0.0,R,17.0,R,4.0,R,24.0,R,22.0
244011,2013,R,81.0,R,95.0,R,85.0,R,0.0,R,0.0,R,0.0,R,0.0,A,,R,0.0,R,0.0,R,0.0,R,0.0,A,,R,21.0
244154,2013,R,34.0,R,40.0,R,85.0,R,0.0,R,0.0,R,0.0,R,0.0,A,,R,0.0,R,0.0,R,0.0,R,0.0,A,,R,19.0
244190,2013,R,6.0,R,37.0,R,16.0,R,1.0,Z,0.0,R,1.0,R,1.0,R,100.0,R,1.0,Z,0.0,R,1.0,R,1.0,R,100.0,R,9.0
244233,2013,R,33.0,R,108.0,R,31.0,R,0.0,R,0.0,R,0.0,R,0.0,A,,R,0.0,R,0.0,R,0.0,R,0.0,A,,R,10.0
244279,2013,A,,A,,A,,R,26.0,R,0.0,R,26.0,R,20.0,R,77.0,A,,A,,A,,A,,A,,R,12.0
244437,2013,R,2133.0,R,7136.0,R,30.0,R,2350.0,R,0.0,R,2350.0,R,1368.0,R,58.0,R,1523.0,R,0.0,R,1523.0,R,634.0,R,42.0,R,20.0
244446,2013,R,281.0,R,2851.0,R,10.0,R,228.0,R,0.0,R,228.0,R,125.0,R,55.0,R,379.0,R,0.0,R,379.0,R,139.0,R,37.0,R,25.0
244491,2013,A,,A,,A,,R,14.0,Z,0.0,R,14.0,R,13.0,R,93.0,A,,A,,A,,A,,A,,R,22.0
244561,2013,A,,A,,A,,A,,A,,A,,A,,A,,A,,A,,A,,A,,A,,R,15.0
244613,2013,A,,A,,A,,R,142.0,R,0.0,R,142.0,R,107.0,R,75.0,R,26.0,R,0.0,R,26.0,R,20.0,R,77.0,R,16.0
245032,2013,A,,A,,A,,R,74.0,R,0.0,R,74.0,R,41.0,R,55.0,R,0.0,R,0.0,R,0.0,R,0.0,A,,R,11.0
245069,2013,A,,A,,A,,R,31.0,Z,0.0,R,31.0,R,17.0,R,55.0,R,14.0,R,0.0,R,14.0,R,6.0,R,43.0,R,20.0
245281,2013,A,,A,,A,,R,4.0,R,0.0,R,4.0,R,3.0,R,75.0,A,,A,,A,,A,,A,,R,8.0
245290,2013,A,,A,,A,,R,19.0,R,0.0,R,19.0,R,17.0,R,89.0,R,4.0,R,0.0,R,4.0,R,3.0,R,75.0,R,10.0
245342,2013,A,,A,,A,,R,111.0,Z,0.0,R,111.0,R,60.0,R,54.0,A,,A,,A,,A,,A,,R,48.0
245421,2013,R,15.0,R,64.0,R,23.0,R,11.0,R,0.0,R,11.0,R,10.0,R,91.0,A,,A,,A,,A,,A,,R,9.0
245430,2013,R,14.0,R,55.0,R,25.0,R,18.0,R,0.0,R,18.0,R,14.0,R,78.0,R,2.0,R,0.0,R,2.0,R,1.0,R,50.0,R,11.0
245625,2013,R,328.0,R,1275.0,R,26.0,R,315.0,R,1.0,R,314.0,R,190.0,R,61.0,R,530.0,R,0.0,R,530.0,R,209.0,R,39.0,R,14.0
245652,2013,R,83.0,R,83.0,R,100.0,R,99.0,R,1.0,R,98.0,R,77.0,R,79.0,A,,A,,A,,A,,A,,R,8.0
245731,2013,A,,A,,A,,A,,A,,A,,A,,A,,A,,A,,A,,A,,A,,R,8.0
245777,2013,A,,A,,A,,R,1.0,R,0.0,R,1.0,R,1.0,R,100.0,A,,A,,A,,A,,A,,R,11.0
245838,2013,A,,A,,A,,A,,A,,A,,A,,A,,A,,A,,A,,A,,A,,R,8.0
245847,2013,A,,A,,A,,A,,A,,A,,A,,A,,A,,A,,A,,A,,A,,R,11.0
245883,2013,R,20.0,R,67.0,R,30.0,R,25.0,R,0.0,R,25.0,R,0.0,R,0.0,A,,A,,A,,A,,A,,R,9.0
245892,2013,A,,A,,A,,A,,A,,A,,A,,A,,A,,A,,A,,A,,A,,R,4.0
245953,2013,R,286.0,R,784.0,R,36.0,R,90.0,R,0.0,R,90.0,R,52.0,R,58.0,R,62.0,R,0.0,R,62.0,R,29.0,R,47.0,R,16.0
245962,2013,A,,A,,A,,R,0.0,R,0.0,R,0.0,R,0.0,A,,A,,A,,A,,A,,A,,R,12.0
245980,2013,A,,A,,A,,R,24.0,Z,0.0,R,24.0,R,17.0,R,71.0,A,,A,,A,,A,,A,,R,10.0
245999,2013,A,,A,,A,,R,169.0,R,0.0,R,169.0,R,120.0,R,71.0,R,78.0,R,0.0,R,78.0,R,50.0,R,64.0,R,20.0
246008,2013,A,,A,,A,,R,137.0,R,0.0,R,137.0,R,89.0,R,65.0,A,,A,,A,,A,,A,,R,10.0
246017,2013,A,,A,,A,,R,46.0,R,0.0,R,46.0,R,18.0,R,39.0,R,41.0,R,0.0,R,41.0,R,21.0,R,51.0,R,7.0
246035,2013,A,,A,,A,,R,30.0,Z,0.0,R,30.0,R,25.0,R,83.0,R,0.0,R,0.0,R,0.0,R,0.0,A,,R,14.0
246071,2013,A,,A,,A,,R,15.0,R,0.0,R,15.0,R,15.0,R,100.0,A,,A,,A,,A,,A,,R,4.0
246202,2013,A,,A,,A,,R,44.0,R,0.0,R,44.0,R,34.0,R,77.0,A,,A,,A,,A,,A,,R,23.0
246266,2013,A,,A,,A,,R,180.0,R,0.0,R,180.0,R,146.0,R,81.0,A,,A,,A,,A,,A,,R,27.0
246354,2013,R,419.0,R,1856.0,R,23.0,R,339.0,Z,0.0,R,339.0,R,200.0,R,59.0,R,1004.0,Z,0.0,R,1004.0,R,418.0,R,42.0,R,19.0
246406,2013,A,,A,,A,,R,17.0,R,0.0,R,17.0,R,16.0,R,94.0,A,,A,,A,,A,,A,,R,12.0
246415,2013,A,,A,,A,,R,0.0,R,0.0,R,0.0,R,0.0,A,,R,1.0,R,0.0,R,1.0,R,1.0,R,100.0,R,10.0
246460,2013,A,,A,,A,,R,103.0,R,0.0,R,103.0,R,27.0,R,26.0,A,,A,,A,,A,,A,,R,25.0
246594,2013,A,,A,,A,,R,23.0,R,0.0,R,23.0,R,15.0,R,65.0,A,,A,,A,,A,,A,,R,22.0
246789,2013,R,5.0,R,19.0,R,26.0,R,0.0,R,0.0,R,0.0,R,0.0,A,,R,0.0,R,0.0,R,0.0,R,0.0,A,,R,14.0
246813,2013,R,337.0,R,1617.0,R,21.0,R,323.0,R,0.0,R,323.0,R,192.0,R,59.0,R,544.0,R,0.0,R,544.0,R,226.0,R,42.0,R,14.0
246895,2013,A,,A,,A,,R,85.0,R,0.0,R,85.0,R,62.0,R,73.0,R,212.0,R,0.0,R,212.0,R,180.0,R,85.0,R,15.0
246974,2013,A,,A,,A,,R,37.0,Z,0.0,R,37.0,R,26.0,R,70.0,R,0.0,R,0.0,R,0.0,R,0.0,A,,R,35.0
247010,2013,A,,A,,A,,R,13.0,R,0.0,R,13.0,R,11.0,R,85.0,A,,A,,A,,A,,A,,R,7.0
247047,2013,A,,A,,A,,R,19.0,Z,0.0,R,19.0,R,10.0,R,53.0,A,,A,,A,,A,,A,,R,14.0
247065,2013,R,59.0,R,279.0,R,21.0,R,1.0,R,0.0,R,1.0,R,0.0,R,0.0,R,0.0,R,0.0,R,0.0,R,0.0,A,,R,15.0
247153,2013,A,,A,,A,,R,16.0,R,0.0,R,16.0,R,11.0,R,69.0,A,,A,,A,,A,,A,,R,24.0
247162,2013,A,,A,,A,,A,,A,,A,,A,,A,,R,0.0,R,0.0,R,0.0,R,0.0,A,,R,3.0
247409,2013,A,,A,,A,,R,90.0,R,0.0,R,90.0,R,67.0,R,74.0,A,,A,,A,,A,,A,,R,20.0
247603,2013,R,533.0,R,1159.0,R,46.0,R,558.0,R,0.0,R,558.0,R,371.0,R,66.0,R,131.0,R,0.0,R,131.0,R,55.0,R,42.0,R,15.0
247649,2013,R,138.0,R,239.0,R,58.0,R,120.0,R,0.0,R,120.0,R,83.0,R,69.0,A,,A,,A,,A,,A,,R,6.0
247700,2013,R,2.0,R,162.0,R,1.0,R,3.0,Z,0.0,R,3.0,R,1.0,R,33.0,R,53.0,Z,0.0,R,53.0,R,25.0,R,47.0,R,15.0
247773,2013,R,15.0,R,18.0,R,83.0,R,19.0,R,0.0,R,19.0,R,19.0,R,100.0,A,,A,,A,,A,,A,,R,12.0
247825,2013,A,,A,,A,,A,,A,,A,,A,,A,,A,,A,,A,,A,,A,,R,4.0
247834,2013,R,3167.0,R,10869.0,R,29.0,R,2926.0,R,0.0,R,2926.0,R,1847.0,R,63.0,R,2089.0,R,0.0,R,2089.0,R,1000.0,R,48.0,R,26.0
247940,2013,R,595.0,R,979.0,R,61.0,R,607.0,R,3.0,R,604.0,R,365.0,R,60.0,R,157.0,R,0.0,R,157.0,R,71.0,R,45.0,R,13.0
248165,2013,A,,A,,A,,R,9.0,R,0.0,R,9.0,R,7.0,R,78.0,R,4.0,R,0.0,R,4.0,R,3.0,R,75.0,R,18.0
248192,2013,A,,A,,A,,R,10.0,R,0.0,R,10.0,R,8.0,R,80.0,R,7.0,Z,0.0,R,7.0,R,6.0,R,86.0,R,7.0
248305,2013,A,,A,,A,,R,25.0,R,0.0,R,25.0,R,19.0,R,76.0,R,8.0,R,0.0,R,8.0,R,5.0,R,63.0,R,16.0
248314,2013,A,,A,,A,,R,5.0,R,0.0,R,5.0,R,4.0,R,80.0,A,,A,,A,,A,,A,,R,20.0
248527,2013,A,,A,,A,,R,33.0,Z,0.0,R,33.0,R,27.0,R,82.0,A,,A,,A,,A,,A,,R,25.0
248606,2013,A,,A,,A,,R,127.0,R,0.0,R,127.0,R,19.0,R,15.0,R,748.0,R,2.0,R,746.0,R,280.0,R,38.0,R,16.0
248624,2013,A,,A,,A,,R,21.0,R,0.0,R,21.0,R,19.0,R,90.0,A,,A,,A,,A,,A,,R,15.0
248633,2013,A,,A,,A,,R,29.0,R,0.0,R,29.0,R,23.0,R,79.0,A,,A,,A,,A,,A,,R,10.0
248660,2013,A,,A,,A,,R,1.0,R,0.0,R,1.0,R,1.0,R,100.0,R,1.0,R,0.0,R,1.0,R,1.0,R,100.0,R,17.0
248703,2013,A,,A,,A,,R,121.0,R,0.0,R,121.0,R,82.0,R,68.0,R,42.0,R,0.0,R,42.0,R,32.0,R,76.0,R,16.0
248776,2013,R,76.0,R,610.0,R,12.0,R,81.0,R,0.0,R,81.0,R,41.0,R,51.0,R,195.0,R,0.0,R,195.0,R,78.0,R,40.0,R,11.0
248846,2013,R,66.0,R,110.0,R,60.0,R,74.0,R,0.0,R,74.0,R,50.0,R,68.0,R,1.0,R,0.0,R,1.0,R,0.0,R,0.0,R,19.0
248882,2013,A,,A,,A,,R,4.0,R,0.0,R,4.0,R,3.0,R,75.0,R,12.0,Z,0.0,R,12.0,R,6.0,R,50.0,R,17.0
248925,2013,A,,A,,A,,R,136.0,R,0.0,R,136.0,R,99.0,R,73.0,R,245.0,R,0.0,R,245.0,R,66.0,R,27.0,R,16.0
248934,2013,R,948.0,R,2291.0,R,41.0,R,293.0,Z,0.0,R,293.0,R,184.0,R,63.0,A,,A,,A,,A,,A,,R,21.0
249061,2013,A,,A,,A,,R,44.0,R,0.0,R,44.0,R,36.0,R,82.0,R,29.0,R,0.0,R,29.0,R,24.0,R,83.0,R,15.0
249140,2013,A,,A,,A,,R,157.0,R,0.0,R,157.0,R,122.0,R,78.0,A,,A,,A,,A,,A,,R,19.0
249238,2013,A,,A,,A,,R,32.0,R,0.0,R,32.0,R,26.0,R,81.0,R,18.0,R,0.0,R,18.0,R,11.0,R,61.0,R,15.0
249566,2013,A,,A,,A,,R,160.0,R,0.0,R,160.0,R,132.0,R,83.0,A,,A,,A,,A,,A,,R,5.0
249609,2013,A,,A,,A,,R,49.0,Z,0.0,R,49.0,R,35.0,R,71.0,A,,A,,A,,A,,A,,R,18.0
250027,2013,R,95.0,R,167.0,R,57.0,R,89.0,R,0.0,R,89.0,R,55.0,R,62.0,R,0.0,R,0.0,R,0.0,R,0.0,A,,R,10.0
250072,2013,A,,A,,A,,R,55.0,R,0.0,R,55.0,R,45.0,R,82.0,R,8.0,R,0.0,R,8.0,R,5.0,R,63.0,R,12.0
250285,2013,A,,A,,A,,R,64.0,Z,0.0,R,64.0,R,30.0,R,47.0,R,6.0,Z,0.0,R,6.0,R,1.0,R,17.0,R,7.0
250407,2013,A,,A,,A,,A,,A,,A,,A,,A,,A,,A,,A,,A,,A,,R,36.0
250498,2013,A,,A,,A,,R,13.0,Z,0.0,R,13.0,R,9.0,R,69.0,A,,A,,A,,A,,A,,R,12.0
250601,2013,A,,A,,A,,R,13.0,Z,0.0,R,13.0,R,8.0,R,62.0,R,0.0,R,0.0,R,0.0,R,0.0,A,,R,16.0
250744,2013,A,,A,,A,,R,31.0,R,0.0,R,31.0,R,10.0,R,32.0,A,,A,,A,,A,,A,,R,39.0
250832,2013,A,,A,,A,,R,20.0,R,0.0,R,20.0,R,18.0,R,90.0,A,,A,,A,,A,,A,,R,8.0
250902,2013,A,,A,,A,,R,36.0,R,6.0,R,30.0,R,19.0,R,63.0,R,33.0,R,3.0,R,30.0,R,21.0,R,70.0,R,14.0
250993,2013,A,,A,,A,,R,33.0,R,0.0,R,33.0,R,21.0,R,64.0,R,37.0,R,0.0,R,37.0,R,14.0,R,38.0,R,10.0
251075,2013,A,,A,,A,,R,75.0,R,0.0,R,75.0,R,60.0,R,80.0,A,,A,,A,,A,,A,,R,30.0
251251,2013,R,21.0,R,24.0,R,88.0,R,0.0,R,0.0,R,0.0,R,0.0,A,,R,0.0,R,0.0,R,0.0,R,0.0,A,,R,16.0
251260,2013,R,1060.0,R,1951.0,R,54.0,R,1127.0,R,0.0,R,1127.0,R,619.0,R,55.0,R,141.0,R,0.0,R,141.0,R,64.0,R,45.0,R,23.0
251312,2013,R,23.0,R,312.0,R,7.0,R,12.0,R,0.0,R,12.0,R,5.0,R,42.0,R,5.0,R,0.0,R,5.0,R,2.0,R,40.0,R,17.0
260293,2013,A,,A,,A,,R,4.0,R,0.0,R,4.0,R,0.0,R,0.0,R,5.0,R,0.0,R,5.0,R,2.0,R,40.0,R,24.0
260336,2013,A,,A,,A,,R,24.0,R,0.0,R,24.0,R,3.0,R,13.0,A,,A,,A,,A,,A,,R,2.0
260354,2013,A,,A,,A,,R,19.0,R,3.0,R,16.0,R,10.0,R,63.0,R,0.0,Z,0.0,R,0.0,Z,0.0,A,,R,14.0
260363,2013,A,,A,,A,,R,0.0,R,0.0,R,0.0,R,0.0,A,,A,,A,,A,,A,,A,,R,12.0
260372,2013,R,37.0,R,77.0,R,48.0,R,60.0,R,0.0,R,60.0,R,32.0,R,53.0,R,51.0,R,0.0,R,51.0,R,15.0,R,29.0,R,20.0
260664,2013,A,,A,,A,,A,,A,,A,,A,,A,,A,,A,,A,,A,,A,,R,7.0
260691,2013,A,,A,,A,,R,363.0,R,0.0,R,363.0,R,264.0,R,73.0,A,,A,,A,,A,,A,,R,25.0
260789,2013,A,,A,,A,,R,9.0,R,0.0,R,9.0,R,8.0,R,89.0,A,,A,,A,,A,,A,,R,17.0
260813,2013,R,2.0,R,23.0,R,9.0,R,1.0,Z,0.0,R,1.0,R,1.0,R,100.0,A,,A,,A,,A,,A,,R,11.0
260901,2013,A,,A,,A,,R,5.0,R,0.0,R,5.0,R,2.0,R,40.0,R,981.0,R,5.0,R,976.0,R,390.0,R,40.0,R,19.0
260910,2013,A,,A,,A,,R,0.0,R,0.0,R,0.0,R,0.0,A,,R,1.0,R,0.0,R,1.0,R,1.0,R,100.0,R,19.0
260929,2013,A,,A,,A,,R,31.0,R,0.0,R,31.0,R,24.0,R,77.0,R,8.0,R,0.0,R,8.0,R,4.0,R,50.0,R,15.0
260947,2013,R,2.0,R,11.0,R,18.0,R,3.0,R,0.0,R,3.0,R,1.0,R,33.0,R,3.0,R,0.0,R,3.0,R,3.0,R,100.0,R,5.0
260965,2013,A,,A,,A,,R,7.0,R,0.0,R,7.0,R,7.0,R,100.0,A,,A,,A,,A,,A,,R,15.0
260974,2013,R,27.0,R,37.0,R,73.0,R,0.0,R,0.0,R,0.0,R,0.0,A,,R,0.0,R,0.0,R,0.0,R,0.0,A,,R,17.0
260992,2013,R,123.0,R,278.0,R,44.0,R,75.0,R,0.0,R,75.0,R,47.0,R,63.0,R,103.0,R,0.0,R,103.0,R,52.0,R,50.0,R,13.0
261375,2013,A,,A,,A,,R,18.0,R,0.0,R,18.0,R,16.0,R,89.0,R,50.0,R,0.0,R,50.0,R,46.0,R,92.0,R,13.0
261384,2013,A,,A,,A,,R,3.0,R,0.0,R,3.0,R,3.0,R,100.0,R,28.0,R,0.0,R,28.0,R,23.0,R,82.0,R,11.0
261393,2013,A,,A,,A,,R,17.0,R,0.0,R,17.0,R,17.0,R,100.0,R,49.0,R,0.0,R,49.0,R,47.0,R,96.0,R,12.0
261436,2013,A,,A,,A,,R,444.0,Z,0.0,R,444.0,R,377.0,R,85.0,A,,A,,A,,A,,A,,R,10.0
261472,2013,R,56.0,R,74.0,R,76.0,R,0.0,R,0.0,R,0.0,R,0.0,A,,R,0.0,R,0.0,R,0.0,R,0.0,A,,R,17.0
261676,2013,A,,A,,A,,R,50.0,R,0.0,R,50.0,R,41.0,R,82.0,A,,A,,A,,A,,A,,R,18.0
261685,2013,A,,A,,A,,R,46.0,R,0.0,R,46.0,R,32.0,R,70.0,A,,A,,A,,A,,A,,R,12.0
261719,2013,A,,A,,A,,R,26.0,R,0.0,R,26.0,R,17.0,R,65.0,A,,A,,A,,A,,A,,R,38.0
261773,2013,A,,A,,A,,R,42.0,R,0.0,R,42.0,R,8.0,R,19.0,R,2.0,R,0.0,R,2.0,R,0.0,R,0.0,R,12.0
261861,2013,R,30.0,R,55.0,R,55.0,R,24.0,R,0.0,R,24.0,R,15.0,R,63.0,A,,A,,A,,A,,A,,R,22.0
261931,2013,R,14.0,R,42.0,R,33.0,R,1.0,Z,0.0,R,1.0,R,0.0,R,0.0,A,,A,,A,,A,,A,,R,12.0
262031,2013,R,1152.0,R,2230.0,R,52.0,R,1048.0,R,0.0,R,1048.0,R,713.0,R,68.0,R,345.0,R,0.0,R,345.0,R,127.0,R,37.0,R,22.0
262086,2013,R,10.0,R,971.0,R,1.0,R,0.0,R,0.0,R,0.0,R,0.0,A,,R,0.0,R,0.0,R,0.0,R,0.0,A,,R,14.0
262129,2013,R,222.0,R,253.0,R,88.0,R,223.0,Z,0.0,R,223.0,R,181.0,R,81.0,A,,A,,A,,A,,A,,R,10.0
262235,2013,A,,A,,A,,R,3.0,R,0.0,R,3.0,R,2.0,R,67.0,A,,A,,A,,A,,A,,R,20.0
262299,2013,A,,A,,A,,R,16.0,R,0.0,R,16.0,R,15.0,R,94.0,R,5.0,R,0.0,R,5.0,R,4.0,R,80.0,R,15.0
262332,2013,A,,A,,A,,R,0.0,Z,0.0,R,0.0,R,0.0,A,,A,,A,,A,,A,,A,,R,49.0
262341,2013,A,,A,,A,,R,300.0,R,0.0,R,300.0,R,273.0,R,91.0,A,,A,,A,,A,,A,,R,12.0
262369,2013,A,,A,,A,,R,110.0,R,0.0,R,110.0,R,103.0,R,94.0,A,,A,,A,,A,,A,,R,14.0
262402,2013,A,,A,,A,,A,,A,,A,,A,,A,,A,,A,,A,,A,,A,,R,7.0
262457,2013,A,,A,,A,,R,33.0,R,0.0,R,33.0,R,27.0,R,82.0,A,,A,,A,,A,,A,,R,20.0
262466,2013,A,,A,,A,,A,,A,,A,,A,,A,,A,,A,,A,,A,,A,,R,8.0
262509,2013,A,,A,,A,,R,93.0,Z,0.0,R,93.0,R,60.0,R,65.0,A,,A,,A,,A,,A,,R,12.0
262660,2013,A,,A,,A,,R,16.0,R,0.0,R,16.0,R,9.0,R,56.0,R,13.0,R,0.0,R,13.0,R,5.0,R,38.0,R,14.0
362700,2013,A,,A,,A,,R,57.0,R,0.0,R,57.0,R,48.0,R,84.0,R,1.0,R,0.0,R,1.0,R,1.0,R,100.0,R,14.0
362782,2013,A,,A,,A,,A,,A,,A,,A,,A,,A,,A,,A,,A,,A,,R,10.0
363013,2013,A,,A,,A,,R,26.0,R,0.0,R,26.0,R,19.0,R,73.0,A,,A,,A,,A,,A,,R,17.0
363077,2013,A,,A,,A,,R,27.0,R,0.0,R,27.0,R,23.0,R,85.0,R,22.0,R,0.0,R,22.0,R,18.0,R,82.0,R,14.0
363147,2013,A,,A,,A,,R,9.0,R,0.0,R,9.0,R,9.0,R,100.0,R,21.0,R,0.0,R,21.0,R,19.0,R,90.0,R,10.0
363165,2013,A,,A,,A,,R,81.0,R,0.0,R,81.0,R,35.0,R,43.0,R,425.0,R,0.0,R,425.0,R,217.0,R,51.0,R,11.0
363387,2013,R,66.0,R,247.0,R,27.0,R,59.0,R,0.0,R,59.0,R,35.0,R,59.0,R,49.0,R,1.0,R,48.0,R,29.0,R,60.0,R,21.0
363439,2013,R,22.0,R,59.0,R,37.0,R,0.0,R,0.0,R,0.0,R,0.0,A,,R,0.0,R,0.0,R,0.0,R,0.0,A,,R,12.0
363590,2013,A,,A,,A,,R,48.0,R,0.0,R,48.0,R,37.0,R,77.0,A,,A,,A,,A,,A,,R,24.0
363633,2013,R,87.0,R,701.0,R,12.0,R,81.0,R,0.0,R,81.0,R,38.0,R,47.0,R,47.0,R,0.0,R,47.0,R,13.0,R,28.0,R,16.0
363679,2013,A,,A,,A,,R,42.0,Z,0.0,R,42.0,R,35.0,R,83.0,R,8.0,Z,0.0,R,8.0,R,2.0,R,25.0,R,15.0
363712,2013,R,18.0,R,36.0,R,50.0,R,16.0,R,0.0,R,16.0,R,15.0,R,94.0,A,,A,,A,,A,,A,,R,10.0
363882,2013,A,,A,,A,,R,1.0,R,0.0,R,1.0,R,1.0,R,100.0,R,12.0,R,0.0,R,12.0,R,11.0,R,92.0,R,12.0
363907,2013,R,152.0,R,225.0,R,68.0,R,77.0,R,0.0,R,77.0,R,56.0,R,73.0,R,0.0,R,0.0,R,0.0,R,0.0,A,,R,20.0
363916,2013,R,28.0,R,67.0,R,42.0,R,20.0,R,0.0,R,20.0,R,14.0,R,70.0,R,3.0,R,0.0,R,3.0,R,1.0,R,33.0,R,13.0
363934,2013,A,,A,,A,,R,92.0,R,1.0,R,91.0,R,58.0,R,64.0,A,,A,,A,,A,,A,,R,24.0
364016,2013,R,780.0,R,2949.0,R,26.0,R,882.0,R,0.0,R,882.0,R,568.0,R,64.0,R,519.0,R,0.0,R,519.0,R,197.0,R,38.0,R,18.0
364025,2013,R,1269.0,R,3680.0,R,34.0,R,1411.0,R,0.0,R,1411.0,R,895.0,R,63.0,R,898.0,R,0.0,R,898.0,R,342.0,R,38.0,R,25.0
364122,2013,A,,A,,A,,A,,A,,A,,A,,A,,A,,A,,A,,A,,A,,R,1.0
364168,2013,R,183.0,R,187.0,R,98.0,R,0.0,R,0.0,R,0.0,R,0.0,A,,R,0.0,R,0.0,R,0.0,R,0.0,A,,R,7.0
364326,2013,A,,A,,A,,A,,A,,A,,A,,A,,A,,A,,A,,A,,A,,R,28.0
364335,2013,A,,A,,A,,R,137.0,Z,0.0,R,137.0,R,105.0,R,77.0,A,,A,,A,,A,,A,,R,30.0
364548,2013,A,,A,,A,,R,238.0,R,0.0,R,238.0,R,214.0,R,90.0,R,35.0,R,0.0,R,35.0,R,32.0,R,91.0,R,4.0
364575,2013,A,,A,,A,,R,36.0,R,0.0,R,36.0,R,21.0,R,58.0,A,,A,,A,,A,,A,,R,10.0
364584,2013,A,,A,,A,,R,28.0,Z,0.0,R,28.0,R,20.0,R,71.0,R,11.0,R,1.0,R,10.0,R,6.0,R,60.0,R,12.0
364593,2013,A,,A,,A,,R,27.0,R,0.0,R,27.0,R,26.0,R,96.0,A,,A,,A,,A,,A,,R,1.0
364618,2013,A,,A,,A,,R,34.0,Z,0.0,R,34.0,R,28.0,R,82.0,A,,A,,A,,A,,A,,R,34.0
364627,2013,A,,A,,A,,R,55.0,R,0.0,R,55.0,R,42.0,R,76.0,R,181.0,R,0.0,R,181.0,R,117.0,R,65.0,R,11.0
364636,2013,A,,A,,A,,R,28.0,R,0.0,R,28.0,R,19.0,R,68.0,A,,A,,A,,A,,A,,R,9.0
364751,2013,A,,A,,A,,A,,A,,A,,A,,A,,A,,A,,A,,A,,A,,R,35.0
364760,2013,A,,A,,A,,R,23.0,R,1.0,R,22.0,R,16.0,R,73.0,R,20.0,R,0.0,R,20.0,R,14.0,R,70.0,R,12.0
364812,2013,A,,A,,A,,R,6.0,R,0.0,R,6.0,R,5.0,R,83.0,R,36.0,R,0.0,R,36.0,R,29.0,R,81.0,R,6.0
364946,2013,A,,A,,A,,R,24.0,R,0.0,R,24.0,R,21.0,R,88.0,R,74.0,R,0.0,R,74.0,R,60.0,R,81.0,R,3.0
364955,2013,A,,A,,A,,R,171.0,R,0.0,R,171.0,R,154.0,R,90.0,A,,A,,A,,A,,A,,R,31.0
364964,2013,A,,A,,A,,R,17.0,R,0.0,R,17.0,R,17.0,R,100.0,R,56.0,R,0.0,R,56.0,R,44.0,R,79.0,R,15.0
364973,2013,A,,A,,A,,R,120.0,Z,0.0,R,120.0,R,82.0,R,68.0,A,,A,,A,,A,,A,,R,34.0
365055,2013,R,262.0,R,373.0,R,70.0,R,322.0,Z,0.0,R,322.0,R,167.0,R,52.0,R,69.0,Z,0.0,R,69.0,R,32.0,R,46.0,R,16.0
365073,2013,A,,A,,A,,R,27.0,R,0.0,R,27.0,R,18.0,R,67.0,R,3.0,R,0.0,R,3.0,R,2.0,R,67.0,R,9.0
365091,2013,A,,A,,A,,R,14.0,R,0.0,R,14.0,R,11.0,R,79.0,A,,A,,A,,A,,A,,R,20.0
365125,2013,A,,A,,A,,R,19.0,R,0.0,R,19.0,R,18.0,R,95.0,A,,A,,A,,A,,A,,R,18.0
365198,2013,A,,A,,A,,R,16.0,R,0.0,R,16.0,R,10.0,R,63.0,R,11.0,R,0.0,R,11.0,R,8.0,R,73.0,R,6.0
365204,2013,R,2026.0,R,2026.0,R,100.0,R,1996.0,R,43.0,R,1953.0,R,1379.0,R,71.0,A,,A,,A,,A,,A,,R,10.0
365213,2013,A,,A,,A,,R,16.0,R,0.0,R,16.0,R,10.0,R,63.0,R,78.0,R,0.0,R,78.0,R,44.0,R,56.0,R,8.0
365240,2013,A,,A,,A,,R,64.0,R,0.0,R,64.0,R,57.0,R,89.0,R,14.0,R,0.0,R,14.0,R,13.0,R,93.0,R,12.0
365374,2013,A,,A,,A,,R,134.0,R,0.0,R,134.0,R,88.0,R,66.0,R,58.0,R,0.0,R,58.0,R,28.0,R,48.0,R,9.0
365383,2013,A,,A,,A,,R,93.0,R,0.0,R,93.0,R,58.0,R,62.0,A,,A,,A,,A,,A,,R,8.0
365453,2013,A,,A,,A,,R,5.0,Z,0.0,R,5.0,R,3.0,R,60.0,A,,A,,A,,A,,A,,R,17.0
365480,2013,A,,A,,A,,R,53.0,R,0.0,R,53.0,R,46.0,R,87.0,R,27.0,R,0.0,R,27.0,R,15.0,R,56.0,R,9.0
365505,2013,A,,A,,A,,R,52.0,R,1.0,R,51.0,R,42.0,R,82.0,A,,A,,A,,A,,A,,R,9.0
365569,2013,A,,A,,A,,R,11.0,R,0.0,R,11.0,R,9.0,R,82.0,R,28.0,R,0.0,R,28.0,R,25.0,R,89.0,R,13.0
365693,2013,A,,A,,A,,R,52.0,R,0.0,R,52.0,R,44.0,R,85.0,R,13.0,R,0.0,R,13.0,R,13.0,R,100.0,R,8.0
365763,2013,A,,A,,A,,R,21.0,R,0.0,R,21.0,R,21.0,R,100.0,A,,A,,A,,A,,A,,R,14.0
365824,2013,A,,A,,A,,R,77.0,R,0.0,R,77.0,R,54.0,R,70.0,A,,A,,A,,A,,A,,R,19.0
365833,2013,A,,A,,A,,R,58.0,R,0.0,R,58.0,R,45.0,R,78.0,A,,A,,A,,A,,A,,R,19.0
366003,2013,R,13.0,R,34.0,R,38.0,R,2.0,R,0.0,R,2.0,R,2.0,R,100.0,R,8.0,R,2.0,R,6.0,R,5.0,R,83.0,R,8.0
366155,2013,A,,A,,A,,R,15.0,R,0.0,R,15.0,R,12.0,R,80.0,A,,A,,A,,A,,A,,R,25.0
366191,2013,A,,A,,A,,R,351.0,R,1.0,R,350.0,R,215.0,R,61.0,A,,A,,A,,A,,A,,R,30.0
366252,2013,R,1387.0,R,1857.0,R,75.0,R,424.0,R,0.0,R,424.0,R,298.0,R,70.0,R,3.0,R,0.0,R,3.0,R,2.0,R,67.0,R,17.0
366261,2013,R,39.0,R,60.0,R,65.0,R,46.0,R,0.0,R,46.0,R,33.0,R,72.0,A,,A,,A,,A,,A,,R,31.0
366270,2013,A,,A,,A,,R,55.0,R,0.0,R,55.0,R,31.0,R,56.0,A,,A,,A,,A,,A,,R,22.0
366289,2013,A,,A,,A,,R,81.0,R,0.0,R,81.0,R,67.0,R,83.0,A,,A,,A,,A,,A,,R,14.0
366340,2013,R,43.0,R,165.0,R,26.0,R,31.0,R,0.0,R,31.0,R,16.0,R,52.0,A,,A,,A,,A,,A,,R,17.0
366395,2013,R,4603.0,R,7287.0,R,63.0,R,4551.0,R,0.0,R,4551.0,R,2908.0,R,64.0,R,879.0,R,0.0,R,879.0,R,399.0,R,45.0,R,24.0
366401,2013,R,868.0,R,2822.0,R,31.0,R,795.0,Z,0.0,R,795.0,R,656.0,R,83.0,R,776.0,Z,0.0,R,776.0,R,401.0,R,52.0,R,28.0
366438,2013,A,,A,,A,,R,30.0,R,0.0,R,30.0,R,21.0,R,70.0,R,41.0,R,0.0,R,41.0,R,31.0,R,76.0,R,15.0
366447,2013,R,79.0,R,513.0,R,15.0,R,87.0,R,0.0,R,87.0,R,53.0,R,61.0,R,226.0,R,0.0,R,226.0,R,92.0,R,41.0,R,13.0
366465,2013,R,157.0,R,991.0,R,16.0,R,139.0,R,0.0,R,139.0,R,83.0,R,60.0,R,183.0,R,0.0,R,183.0,R,78.0,R,43.0,R,16.0
366535,2013,A,,A,,A,,R,163.0,R,1.0,R,162.0,R,104.0,R,64.0,A,,A,,A,,A,,A,,R,20.0
366544,2013,A,,A,,A,,R,43.0,R,0.0,R,43.0,R,27.0,R,63.0,R,7.0,R,0.0,R,7.0,R,5.0,R,71.0,R,24.0
366553,2013,R,119.0,R,394.0,R,30.0,R,11.0,R,0.0,R,11.0,R,8.0,R,73.0,R,1.0,R,0.0,R,1.0,R,1.0,R,100.0,R,13.0
366571,2013,A,,A,,A,,A,,A,,A,,A,,A,,A,,A,,A,,A,,A,,R,8.0
366580,2013,R,44.0,R,59.0,R,75.0,R,1.0,R,0.0,R,1.0,R,1.0,R,100.0,R,0.0,R,0.0,R,0.0,R,0.0,A,,R,22.0
366623,2013,A,,A,,A,,R,3.0,Z,0.0,R,3.0,R,2.0,R,67.0,R,3.0,Z,0.0,R,3.0,R,3.0,R,100.0,R,7.0
366632,2013,A,,A,,A,,R,21.0,R,0.0,R,21.0,R,20.0,R,95.0,A,,A,,A,,A,,A,,R,20.0
366650,2013,R,49.0,R,72.0,R,68.0,R,0.0,R,0.0,R,0.0,R,0.0,A,,R,0.0,R,0.0,R,0.0,R,0.0,A,,R,20.0
366678,2013,R,61.0,R,76.0,R,80.0,R,0.0,R,0.0,R,0.0,R,0.0,A,,R,0.0,R,0.0,R,0.0,R,0.0,A,,R,22.0
366696,2013,R,105.0,R,114.0,R,92.0,R,0.0,R,0.0,R,0.0,R,0.0,A,,R,0.0,R,0.0,R,0.0,R,0.0,A,,R,31.0
366711,2013,R,2100.0,R,3821.0,R,55.0,R,1633.0,Z,0.0,R,1633.0,R,1344.0,R,82.0,R,150.0,Z,0.0,R,150.0,R,97.0,R,65.0,R,24.0
366748,2013,R,6.0,R,136.0,R,4.0,R,4.0,Z,0.0,R,4.0,R,1.0,R,25.0,R,4.0,Z,0.0,R,4.0,R,2.0,R,50.0,R,14.0
366960,2013,A,,A,,A,,R,102.0,R,0.0,R,102.0,R,85.0,R,83.0,A,,A,,A,,A,,A,,R,19.0
367024,2013,A,,A,,A,,R,0.0,R,0.0,R,0.0,R,0.0,A,,R,0.0,R,0.0,R,0.0,R,0.0,A,,R,19.0
367051,2013,A,,A,,A,,R,20.0,R,0.0,R,20.0,R,18.0,R,90.0,R,28.0,R,0.0,R,28.0,R,25.0,R,89.0,R,15.0
367088,2013,A,,A,,A,,R,14.0,R,0.0,R,14.0,R,7.0,R,50.0,A,,A,,A,,A,,A,,R,15.0
367097,2013,R,47.0,R,47.0,R,100.0,R,41.0,R,0.0,R,41.0,R,30.0,R,73.0,A,,A,,A,,A,,A,,R,21.0
367103,2013,R,5.0,R,5.0,R,100.0,R,21.0,Z,0.0,R,21.0,R,15.0,R,71.0,A,,A,,A,,A,,A,,R,10.0
367112,2013,R,107.0,R,191.0,R,56.0,R,112.0,Z,0.0,R,112.0,R,66.0,R,59.0,R,19.0,Z,0.0,R,19.0,R,9.0,R,47.0,R,18.0
367130,2013,A,,A,,A,,R,29.0,R,0.0,R,29.0,R,25.0,R,86.0,R,13.0,R,0.0,R,13.0,R,10.0,R,77.0,R,15.0
367158,2013,A,,A,,A,,R,47.0,R,0.0,R,47.0,R,42.0,R,89.0,A,,A,,A,,A,,A,,R,20.0
367194,2013,R,87.0,R,206.0,R,42.0,R,106.0,R,0.0,R,106.0,R,76.0,R,72.0,R,14.0,R,0.0,R,14.0,R,6.0,R,43.0,R,9.0
367316,2013,A,,A,,A,,R,194.0,R,0.0,R,194.0,R,124.0,R,64.0,A,,A,,A,,A,,A,,R,20.0
367334,2013,A,,A,,A,,A,,A,,A,,A,,A,,A,,A,,A,,A,,A,,R,8.0
367361,2013,A,,A,,A,,R,15.0,Z,0.0,R,15.0,R,11.0,R,73.0,A,,A,,A,,A,,A,,R,10.0
367398,2013,A,,A,,A,,R,256.0,R,0.0,R,256.0,R,238.0,R,93.0,R,171.0,R,0.0,R,171.0,R,119.0,R,70.0,R,25.0
367431,2013,A,,A,,A,,R,22.0,R,0.0,R,22.0,R,17.0,R,77.0,A,,A,,A,,A,,A,,R,18.0
367459,2013,R,952.0,R,2372.0,R,40.0,R,915.0,R,0.0,R,915.0,R,458.0,R,50.0,R,594.0,R,0.0,R,594.0,R,249.0,R,42.0,R,19.0
367662,2013,A,,A,,A,,R,10.0,R,0.0,R,10.0,R,7.0,R,70.0,R,45.0,R,0.0,R,45.0,R,33.0,R,73.0,R,20.0
367839,2013,R,32.0,R,68.0,R,47.0,R,25.0,R,0.0,R,25.0,R,11.0,R,44.0,R,3.0,R,0.0,R,3.0,R,2.0,R,67.0,R,13.0
367875,2013,A,,A,,A,,R,100.0,R,0.0,R,100.0,R,49.0,R,49.0,A,,A,,A,,A,,A,,R,12.0
367884,2013,R,145.0,R,463.0,R,31.0,R,53.0,R,0.0,R,53.0,R,26.0,R,49.0,R,7.0,R,0.0,R,7.0,R,2.0,R,29.0,R,14.0
367909,2013,A,,A,,A,,R,0.0,R,0.0,R,0.0,R,0.0,A,,R,1.0,R,0.0,R,1.0,R,0.0,R,0.0,R,19.0
367936,2013,R,17.0,R,155.0,R,11.0,R,20.0,Z,0.0,R,20.0,R,5.0,R,25.0,R,29.0,Z,0.0,R,29.0,R,3.0,R,10.0,R,9.0
367972,2013,A,,A,,A,,R,33.0,R,0.0,R,33.0,R,28.0,R,85.0,A,,A,,A,,A,,A,,R,22.0
367981,2013,A,,A,,A,,R,5.0,R,0.0,R,5.0,R,2.0,R,40.0,R,4.0,R,0.0,R,4.0,R,3.0,R,75.0,R,14.0
368036,2013,A,,A,,A,,A,,A,,A,,A,,A,,A,,A,,A,,A,,A,,R,19.0
368230,2013,A,,A,,A,,R,45.0,R,0.0,R,45.0,R,28.0,R,62.0,R,12.0,R,0.0,R,12.0,R,9.0,R,75.0,R,21.0
368364,2013,A,,A,,A,,R,27.0,Z,0.0,R,27.0,R,10.0,R,37.0,R,22.0,R,0.0,R,22.0,R,2.0,R,9.0,R,18.0
368407,2013,A,,A,,A,,R,29.0,R,0.0,R,29.0,R,21.0,R,72.0,R,8.0,R,0.0,R,8.0,R,6.0,R,75.0,R,14.0
368443,2013,R,45.0,R,155.0,R,29.0,R,0.0,R,0.0,R,0.0,R,0.0,A,,R,0.0,R,0.0,R,0.0,R,0.0,A,,R,17.0
368452,2013,R,83.0,R,102.0,R,81.0,R,30.0,R,0.0,R,30.0,R,19.0,R,63.0,A,,A,,A,,A,,A,,R,10.0
368540,2013,A,,A,,A,,R,10.0,R,0.0,R,10.0,R,8.0,R,80.0,A,,A,,A,,A,,A,,R,19.0
368601,2013,R,93.0,R,129.0,R,72.0,R,0.0,R,0.0,R,0.0,R,0.0,A,,R,0.0,R,0.0,R,0.0,R,0.0,A,,R,23.0
368629,2013,A,,A,,A,,R,173.0,R,0.0,R,173.0,R,114.0,R,66.0,A,,A,,A,,A,,A,,R,25.0
368647,2013,A,,A,,A,,R,0.0,Z,0.0,R,0.0,Z,0.0,A,,A,,A,,A,,A,,A,,R,8.0
368771,2013,A,,A,,A,,A,,A,,A,,A,,A,,A,,A,,A,,A,,A,,R,35.0
368780,2013,A,,A,,A,,R,83.0,R,0.0,R,83.0,R,53.0,R,64.0,A,,A,,A,,A,,A,,R,23.0
368805,2013,A,,A,,A,,R,67.0,R,0.0,R,67.0,R,47.0,R,70.0,A,,A,,A,,A,,A,,R,24.0
368832,2013,A,,A,,A,,R,5.0,R,0.0,R,5.0,R,3.0,R,60.0,R,1.0,R,0.0,R,1.0,R,1.0,R,100.0,R,30.0
368911,2013,R,99.0,R,589.0,R,17.0,R,88.0,R,0.0,R,88.0,R,53.0,R,60.0,R,162.0,R,0.0,R,162.0,R,92.0,R,57.0,R,10.0
369084,2013,R,53.0,R,80.0,R,66.0,R,0.0,R,0.0,R,0.0,R,0.0,A,,R,0.0,R,0.0,R,0.0,R,0.0,A,,R,14.0
369109,2013,A,,A,,A,,R,20.0,R,0.0,R,20.0,R,13.0,R,65.0,R,6.0,R,0.0,R,6.0,R,3.0,R,50.0,R,6.0
369400,2013,A,,A,,A,,R,605.0,R,4.0,R,601.0,R,424.0,R,71.0,A,,A,,A,,A,,A,,R,32.0
369419,2013,A,,A,,A,,R,463.0,R,3.0,R,460.0,R,374.0,R,81.0,A,,A,,A,,A,,A,,R,14.0
369446,2013,A,,A,,A,,R,12.0,R,0.0,R,12.0,R,5.0,R,42.0,R,2.0,R,0.0,R,2.0,R,1.0,R,50.0,R,14.0
369455,2013,A,,A,,A,,A,,A,,A,,A,,A,,A,,A,,A,,A,,A,,R,16.0
369516,2013,A,,A,,A,,R,0.0,R,0.0,R,0.0,R,0.0,A,,A,,A,,A,,A,,A,,R,39.0
369668,2013,A,,A,,A,,R,175.0,R,0.0,R,175.0,R,152.0,R,87.0,A,,A,,A,,A,,A,,R,10.0
369686,2013,A,,A,,A,,R,142.0,R,1.0,R,141.0,R,102.0,R,72.0,A,,A,,A,,A,,A,,R,22.0
369695,2013,A,,A,,A,,R,34.0,R,0.0,R,34.0,R,33.0,R,97.0,A,,A,,A,,A,,A,,R,33.0
369783,2013,A,,A,,A,,R,103.0,R,0.0,R,103.0,R,85.0,R,83.0,A,,A,,A,,A,,A,,R,24.0
369792,2013,A,,A,,A,,A,,A,,A,,A,,A,,A,,A,,A,,A,,A,,R,9.0
369862,2013,R,62.0,R,129.0,R,48.0,R,41.0,Z,0.0,R,41.0,R,22.0,R,54.0,R,21.0,Z,0.0,R,21.0,R,3.0,R,14.0,R,14.0
369905,2013,R,21.0,R,125.0,R,17.0,R,0.0,R,0.0,R,0.0,R,0.0,A,,R,1.0,R,0.0,R,1.0,R,1.0,R,100.0,R,9.0
369950,2013,A,,A,,A,,A,,A,,A,,A,,A,,A,,A,,A,,A,,A,,R,16.0
371034,2013,A,,A,,A,,R,19.0,Z,0.0,R,19.0,R,14.0,R,74.0,A,,A,,A,,A,,A,,R,13.0
371052,2013,A,,A,,A,,R,27.0,Z,0.0,R,27.0,R,10.0,R,37.0,A,,A,,A,,A,,A,,R,29.0
371140,2013,A,,A,,A,,R,16.0,R,0.0,R,16.0,R,13.0,R,81.0,R,4.0,R,0.0,R,4.0,R,4.0,R,100.0,R,12.0
371265,2013,A,,A,,A,,R,96.0,R,0.0,R,96.0,R,76.0,R,79.0,A,,A,,A,,A,,A,,R,30.0
371690,2013,A,,A,,A,,R,358.0,R,0.0,R,358.0,R,64.0,R,18.0,R,322.0,R,96.0,R,226.0,R,45.0,R,20.0,R,30.0
371760,2013,R,114.0,R,281.0,R,41.0,R,107.0,R,0.0,R,107.0,R,68.0,R,64.0,R,51.0,R,0.0,R,51.0,R,32.0,R,63.0,R,19.0
371779,2013,R,75.0,R,226.0,R,33.0,R,62.0,R,0.0,R,62.0,R,40.0,R,65.0,R,53.0,R,0.0,R,53.0,R,26.0,R,49.0,R,22.0
371830,2013,A,,A,,A,,R,17.0,R,0.0,R,17.0,R,10.0,R,59.0,R,6.0,R,0.0,R,6.0,R,4.0,R,67.0,R,25.0
371928,2013,A,,A,,A,,R,35.0,R,0.0,R,35.0,R,30.0,R,86.0,A,,A,,A,,A,,A,,R,14.0
371964,2013,A,,A,,A,,A,,A,,A,,A,,A,,A,,A,,A,,A,,A,,R,15.0
371982,2013,A,,A,,A,,R,95.0,R,0.0,R,95.0,R,66.0,R,69.0,R,1.0,R,0.0,R,1.0,R,0.0,R,0.0,R,30.0
372000,2013,A,,A,,A,,R,5.0,R,0.0,R,5.0,R,4.0,R,80.0,R,7.0,R,0.0,R,7.0,R,6.0,R,86.0,R,20.0
372028,2013,A,,A,,A,,R,56.0,R,0.0,R,56.0,R,43.0,R,77.0,A,,A,,A,,A,,A,,R,35.0
372037,2013,A,,A,,A,,R,149.0,R,0.0,R,149.0,R,118.0,R,79.0,R,20.0,R,0.0,R,20.0,R,14.0,R,70.0,R,28.0
372073,2013,A,,A,,A,,R,1.0,R,0.0,R,1.0,R,0.0,R,0.0,A,,A,,A,,A,,A,,R,19.0
372082,2013,A,,A,,A,,R,49.0,R,0.0,R,49.0,R,32.0,R,65.0,R,58.0,R,0.0,R,58.0,R,18.0,R,31.0,R,25.0
372213,2013,A,,A,,A,,R,571.0,R,0.0,R,571.0,R,198.0,R,35.0,A,,A,,A,,A,,A,,R,38.0
372222,2013,A,,A,,A,,R,103.0,R,0.0,R,103.0,R,52.0,R,50.0,A,,A,,A,,A,,A,,R,25.0
372240,2013,A,,A,,A,,R,5.0,R,0.0,R,5.0,R,3.0,R,60.0,A,,A,,A,,A,,A,,R,15.0
372329,2013,R,232.0,R,232.0,R,100.0,R,237.0,R,0.0,R,237.0,R,205.0,R,86.0,A,,A,,A,,A,,A,,R,7.0
372356,2013,A,,A,,A,,R,11.0,R,0.0,R,11.0,R,10.0,R,91.0,A,,A,,A,,A,,A,,R,17.0
372462,2013,A,,A,,A,,R,67.0,R,0.0,R,67.0,R,59.0,R,88.0,A,,A,,A,,A,,A,,R,14.0
372578,2013,R,27.0,R,53.0,R,51.0,R,0.0,R,0.0,R,0.0,R,0.0,A,,R,0.0,R,0.0,R,0.0,R,0.0,A,,R,11.0
372718,2013,A,,A,,A,,R,17.0,R,0.0,R,17.0,R,14.0,R,82.0,R,2.0,R,0.0,R,2.0,R,2.0,R,100.0,R,10.0
372772,2013,A,,A,,A,,R,73.0,Z,0.0,R,73.0,R,50.0,R,68.0,A,,A,,A,,A,,A,,R,15.0
372921,2013,A,,A,,A,,R,118.0,Z,0.0,R,118.0,R,63.0,R,53.0,A,,A,,A,,A,,A,,R,19.0
372958,2013,A,,A,,A,,R,0.0,Z,0.0,R,0.0,R,0.0,A,,A,,A,,A,,A,,A,,R,21.0
373058,2013,A,,A,,A,,R,29.0,Z,0.0,R,29.0,R,16.0,R,55.0,A,,A,,A,,A,,A,,R,26.0
373085,2013,R,62.0,R,82.0,R,76.0,R,142.0,Z,0.0,R,142.0,R,63.0,R,44.0,A,,A,,A,,A,,A,,R,9.0
373216,2013,A,,A,,A,,R,124.0,Z,0.0,R,124.0,R,111.0,R,90.0,A,,A,,A,,A,,A,,R,18.0
373340,2013,A,,A,,A,,R,25.0,R,0.0,R,25.0,R,20.0,R,80.0,A,,A,,A,,A,,A,,R,4.0
373526,2013,A,,A,,A,,A,,A,,A,,A,,A,,A,,A,,A,,A,,A,,R,9.0
373605,2013,A,,A,,A,,R,26.0,R,0.0,R,26.0,R,18.0,R,69.0,A,,A,,A,,A,,A,,R,10.0
373678,2013,A,,A,,A,,R,2.0,R,0.0,R,2.0,R,2.0,R,100.0,R,0.0,R,0.0,R,0.0,R,0.0,A,,R,17.0
373696,2013,A,,A,,A,,R,81.0,R,2.0,R,79.0,R,48.0,R,61.0,A,,A,,A,,A,,A,,R,19.0
373711,2013,A,,A,,A,,R,14.0,R,0.0,R,14.0,R,14.0,R,100.0,A,,A,,A,,A,,A,,R,10.0
373784,2013,A,,A,,A,,R,226.0,Z,0.0,R,226.0,R,156.0,R,69.0,A,,A,,A,,A,,A,,R,29.0
373827,2013,R,93.0,R,117.0,R,79.0,R,107.0,Z,0.0,R,107.0,R,73.0,R,68.0,R,1.0,Z,0.0,R,1.0,R,0.0,R,0.0,R,13.0
373890,2013,A,,A,,A,,R,78.0,R,0.0,R,78.0,R,57.0,R,73.0,A,,A,,A,,A,,A,,R,34.0
374112,2013,A,,A,,A,,R,16.0,R,0.0,R,16.0,R,15.0,R,94.0,R,1.0,R,0.0,R,1.0,R,1.0,R,100.0,R,8.0
374316,2013,A,,A,,A,,R,6.0,R,0.0,R,6.0,R,5.0,R,83.0,R,2.0,R,0.0,R,2.0,R,1.0,R,50.0,R,11.0
374343,2013,A,,A,,A,,R,19.0,R,0.0,R,19.0,R,18.0,R,95.0,A,,A,,A,,A,,A,,R,19.0
374440,2013,A,,A,,A,,R,5.0,Z,0.0,R,5.0,R,5.0,R,100.0,A,,A,,A,,A,,A,,R,15.0
374574,2013,A,,A,,A,,R,111.0,R,0.0,R,111.0,R,71.0,R,64.0,R,34.0,R,0.0,R,34.0,R,26.0,R,76.0,R,15.0
374592,2013,A,,A,,A,,R,131.0,R,0.0,R,131.0,R,95.0,R,73.0,A,,A,,A,,A,,A,,R,17.0
374875,2013,A,,A,,A,,R,166.0,R,0.0,R,166.0,R,125.0,R,75.0,A,,A,,A,,A,,A,,R,21.0
374927,2013,A,,A,,A,,R,16.0,R,0.0,R,16.0,R,15.0,R,94.0,R,8.0,R,0.0,R,8.0,R,6.0,R,75.0,R,7.0
374972,2013,R,45.0,R,206.0,R,22.0,R,0.0,R,0.0,R,0.0,R,0.0,A,,R,0.0,R,0.0,R,0.0,R,0.0,A,,R,16.0
374990,2013,A,,A,,A,,R,18.0,R,0.0,R,18.0,R,14.0,R,78.0,R,4.0,R,0.0,R,4.0,R,3.0,R,75.0,R,20.0
375106,2013,A,,A,,A,,A,,A,,A,,A,,A,,A,,A,,A,,A,,A,,R,10.0
375230,2013,R,10.0,R,50.0,R,20.0,R,11.0,R,0.0,R,11.0,R,9.0,R,82.0,A,,A,,A,,A,,A,,R,27.0
375300,2013,A,,A,,A,,R,69.0,R,0.0,R,69.0,R,50.0,R,72.0,A,,A,,A,,A,,A,,R,10.0
375319,2013,A,,A,,A,,R,34.0,R,0.0,R,34.0,R,24.0,R,71.0,A,,A,,A,,A,,A,,R,7.0
375373,2013,A,,A,,A,,R,217.0,R,0.0,R,217.0,R,197.0,R,91.0,A,,A,,A,,A,,A,,R,10.0
375407,2013,A,,A,,A,,R,79.0,R,0.0,R,79.0,R,65.0,R,82.0,R,11.0,R,0.0,R,11.0,R,10.0,R,91.0,R,14.0
375416,2013,A,,A,,A,,R,123.0,R,1.0,R,122.0,R,51.0,R,42.0,A,,A,,A,,A,,A,,R,13.0
375489,2013,R,86.0,R,110.0,R,78.0,R,2.0,Z,0.0,R,2.0,Z,0.0,R,0.0,A,,A,,A,,A,,A,,R,8.0
375540,2013,A,,A,,A,,R,20.0,R,0.0,R,20.0,R,12.0,R,60.0,R,15.0,R,0.0,R,15.0,R,14.0,R,93.0,R,25.0
375568,2013,A,,A,,A,,R,11.0,R,0.0,R,11.0,R,9.0,R,82.0,R,8.0,Z,0.0,R,8.0,R,8.0,R,100.0,R,14.0
375647,2013,A,,A,,A,,R,28.0,R,0.0,R,28.0,R,21.0,R,75.0,R,0.0,R,0.0,R,0.0,R,0.0,A,,R,6.0
375656,2013,A,,A,,A,,R,27.0,R,0.0,R,27.0,R,9.0,R,33.0,R,9.0,R,0.0,R,9.0,R,1.0,R,11.0,R,11.0
375683,2013,A,,A,,A,,R,122.0,Z,0.0,R,122.0,R,119.0,R,98.0,R,20.0,Z,0.0,R,20.0,R,19.0,R,95.0,R,18.0
375692,2013,A,,A,,A,,R,10.0,Z,0.0,R,10.0,R,8.0,R,80.0,R,9.0,Z,0.0,R,9.0,R,7.0,R,78.0,R,6.0
375708,2013,A,,A,,A,,R,69.0,R,0.0,R,69.0,R,32.0,R,46.0,R,158.0,R,0.0,R,158.0,R,104.0,R,66.0,R,24.0
375717,2013,A,,A,,A,,R,18.0,R,0.0,R,18.0,R,14.0,R,78.0,R,7.0,R,0.0,R,7.0,R,6.0,R,86.0,R,15.0
375726,2013,A,,A,,A,,R,66.0,R,0.0,R,66.0,R,34.0,R,52.0,R,57.0,R,0.0,R,57.0,R,35.0,R,61.0,R,4.0
375735,2013,A,,A,,A,,R,35.0,R,0.0,R,35.0,R,7.0,R,20.0,R,33.0,R,0.0,R,33.0,R,5.0,R,15.0,R,9.0
375744,2013,A,,A,,A,,R,37.0,R,0.0,R,37.0,R,33.0,R,89.0,R,33.0,R,0.0,R,33.0,R,30.0,R,91.0,R,13.0
375753,2013,A,,A,,A,,R,17.0,Z,0.0,R,17.0,R,11.0,R,65.0,R,1.0,Z,0.0,R,1.0,R,0.0,R,0.0,R,18.0
375762,2013,A,,A,,A,,R,22.0,R,0.0,R,22.0,R,16.0,R,73.0,R,4.0,R,0.0,R,4.0,R,2.0,R,50.0,R,10.0
375841,2013,A,,A,,A,,R,126.0,Z,0.0,R,126.0,R,87.0,R,69.0,A,,A,,A,,A,,A,,R,38.0
375939,2013,A,,A,,A,,R,86.0,R,0.0,R,86.0,R,53.0,R,62.0,A,,A,,A,,A,,A,,R,14.0
375966,2013,A,,A,,A,,R,2.0,R,0.0,R,2.0,R,1.0,R,50.0,R,0.0,R,0.0,R,0.0,R,0.0,A,,R,24.0
375984,2013,A,,A,,A,,R,93.0,R,0.0,R,93.0,R,38.0,R,41.0,R,10.0,R,0.0,R,10.0,R,6.0,R,60.0,R,27.0
376136,2013,A,,A,,A,,A,,A,,A,,A,,A,,A,,A,,A,,A,,A,,R,10.0
376224,2013,R,182.0,R,267.0,R,68.0,R,18.0,R,0.0,R,18.0,R,8.0,R,44.0,A,,A,,A,,A,,A,,R,29.0
376242,2013,A,,A,,A,,R,26.0,R,0.0,R,26.0,R,18.0,R,69.0,A,,A,,A,,A,,A,,R,12.0
376288,2013,A,,A,,A,,R,52.0,R,0.0,R,52.0,R,38.0,R,73.0,A,,A,,A,,A,,A,,R,13.0
376321,2013,R,313.0,R,752.0,R,42.0,R,417.0,R,0.0,R,417.0,R,151.0,R,36.0,R,13.0,R,0.0,R,13.0,R,3.0,R,23.0,R,25.0
376330,2013,A,,A,,A,,R,36.0,R,0.0,R,36.0,R,33.0,R,92.0,A,,A,,A,,A,,A,,R,15.0
376385,2013,A,,A,,A,,R,2.0,R,0.0,R,2.0,R,0.0,R,0.0,R,0.0,R,0.0,R,0.0,R,0.0,A,,R,19.0
376446,2013,A,,A,,A,,R,5.0,R,0.0,R,5.0,R,4.0,R,80.0,R,5.0,R,0.0,R,5.0,R,4.0,R,80.0,R,9.0
376631,2013,A,,A,,A,,R,13.0,R,0.0,R,13.0,R,8.0,R,62.0,R,6.0,R,0.0,R,6.0,R,5.0,R,83.0,R,15.0
376668,2013,A,,A,,A,,R,19.0,R,0.0,R,19.0,R,12.0,R,63.0,R,14.0,R,0.0,R,14.0,R,9.0,R,64.0,R,20.0
376677,2013,A,,A,,A,,R,9.0,R,0.0,R,9.0,R,6.0,R,67.0,A,,A,,A,,A,,A,,R,11.0
376695,2013,R,235.0,R,275.0,R,85.0,R,331.0,R,0.0,R,331.0,R,135.0,R,41.0,R,26.0,R,0.0,R,26.0,R,8.0,R,31.0,R,28.0
376987,2013,A,,A,,A,,R,57.0,R,0.0,R,57.0,R,56.0,R,98.0,A,,A,,A,,A,,A,,R,10.0
377069,2013,R,73.0,R,101.0,R,72.0,R,1.0,R,0.0,R,1.0,R,0.0,R,0.0,R,0.0,R,0.0,R,0.0,R,0.0,A,,R,19.0
377111,2013,A,,A,,A,,R,140.0,Z,0.0,R,140.0,R,103.0,R,74.0,A,,A,,A,,A,,A,,R,16.0
377193,2013,A,,A,,A,,R,2.0,R,0.0,R,2.0,R,2.0,R,100.0,R,2.0,R,0.0,R,2.0,R,2.0,R,100.0,R,11.0
377218,2013,A,,A,,A,,R,16.0,R,0.0,R,16.0,R,13.0,R,81.0,A,,A,,A,,A,,A,,R,20.0
377272,2013,A,,A,,A,,R,56.0,R,0.0,R,56.0,R,46.0,R,82.0,A,,A,,A,,A,,A,,R,12.0
377281,2013,A,,A,,A,,R,67.0,R,0.0,R,67.0,R,53.0,R,79.0,A,,A,,A,,A,,A,,R,13.0
377315,2013,A,,A,,A,,R,23.0,R,0.0,R,23.0,R,17.0,R,74.0,A,,A,,A,,A,,A,,R,8.0
377342,2013,A,,A,,A,,R,95.0,R,0.0,R,95.0,R,76.0,R,80.0,A,,A,,A,,A,,A,,R,15.0
377449,2013,R,24.0,R,39.0,R,62.0,R,28.0,Z,0.0,R,28.0,R,14.0,R,50.0,R,9.0,Z,0.0,R,9.0,R,4.0,R,44.0,R,7.0
377458,2013,R,40.0,R,63.0,R,63.0,R,41.0,Z,0.0,R,41.0,R,21.0,R,51.0,R,16.0,Z,0.0,R,16.0,R,13.0,R,81.0,R,10.0
377485,2013,A,,A,,A,,R,6.0,R,0.0,R,6.0,R,5.0,R,83.0,R,2.0,R,0.0,R,2.0,R,2.0,R,100.0,R,14.0
377546,2013,R,33.0,R,44.0,R,75.0,R,28.0,R,0.0,R,28.0,R,18.0,R,64.0,R,0.0,R,0.0,R,0.0,R,0.0,A,,R,18.0
377555,2013,R,554.0,R,1333.0,R,42.0,R,533.0,R,0.0,R,533.0,R,419.0,R,79.0,R,14.0,R,0.0,R,14.0,R,7.0,R,50.0,R,18.0
377564,2013,R,392.0,R,1189.0,R,33.0,R,324.0,R,1.0,R,323.0,R,251.0,R,78.0,R,15.0,R,0.0,R,15.0,R,8.0,R,53.0,R,17.0
377643,2013,A,,A,,A,,R,17.0,R,0.0,R,17.0,R,15.0,R,88.0,A,,A,,A,,A,,A,,R,30.0
377652,2013,A,,A,,A,,R,81.0,Z,0.0,R,81.0,R,40.0,R,49.0,A,,A,,A,,A,,A,,R,20.0
377661,2013,A,,A,,A,,R,51.0,R,0.0,R,51.0,R,36.0,R,71.0,A,,A,,A,,A,,A,,R,18.0
377670,2013,A,,A,,A,,R,40.0,Z,0.0,R,40.0,R,20.0,R,50.0,A,,A,,A,,A,,A,,R,15.0
377722,2013,A,,A,,A,,R,38.0,R,0.0,R,38.0,R,34.0,R,89.0,A,,A,,A,,A,,A,,R,15.0
377759,2013,A,,A,,A,,R,12.0,R,0.0,R,12.0,R,9.0,R,75.0,A,,A,,A,,A,,A,,R,12.0
378105,2013,A,,A,,A,,A,,A,,A,,A,,A,,A,,A,,A,,A,,A,,R,28.0
378406,2013,R,45.0,R,60.0,R,75.0,R,0.0,R,0.0,R,0.0,R,0.0,A,,R,0.0,R,0.0,R,0.0,R,0.0,A,,R,31.0
378576,2013,R,21.0,R,44.0,R,48.0,R,0.0,R,0.0,R,0.0,R,0.0,A,,R,0.0,R,0.0,R,0.0,R,0.0,A,,R,15.0
378886,2013,A,,A,,A,,R,25.0,R,0.0,R,25.0,R,19.0,R,76.0,R,8.0,R,0.0,R,8.0,R,6.0,R,75.0,R,13.0
378956,2013,A,,A,,A,,R,143.0,R,2.0,R,141.0,R,96.0,R,68.0,A,,A,,A,,A,,A,,R,15.0
379029,2013,A,,A,,A,,R,32.0,Z,0.0,R,32.0,R,23.0,R,72.0,A,,A,,A,,A,,A,,R,21.0
379135,2013,A,,A,,A,,R,11.0,R,0.0,R,11.0,R,5.0,R,45.0,R,2.0,R,0.0,R,2.0,R,0.0,R,0.0,R,26.0
379621,2013,A,,A,,A,,R,23.0,R,0.0,R,23.0,R,18.0,R,78.0,A,,A,,A,,A,,A,,R,13.0
379746,2013,A,,A,,A,,A,,A,,A,,A,,A,,A,,A,,A,,A,,A,,R,20.0
379782,2013,A,,A,,A,,R,0.0,R,0.0,R,0.0,R,0.0,A,,A,,A,,A,,A,,A,,R,16.0
380067,2013,A,,A,,A,,R,109.0,Z,0.0,R,109.0,R,90.0,R,83.0,A,,A,,A,,A,,A,,R,23.0
380094,2013,A,,A,,A,,R,112.0,Z,0.0,R,112.0,R,75.0,R,67.0,A,,A,,A,,A,,A,,R,16.0
380359,2013,R,92.0,R,166.0,R,55.0,R,94.0,R,0.0,R,94.0,R,52.0,R,55.0,R,26.0,R,0.0,R,26.0,R,10.0,R,38.0,R,15.0
380368,2013,R,168.0,R,1124.0,R,15.0,R,156.0,R,0.0,R,156.0,R,74.0,R,47.0,R,31.0,R,0.0,R,31.0,R,10.0,R,32.0,R,28.0
380377,2013,R,79.0,R,124.0,R,64.0,R,4.0,R,0.0,R,4.0,R,1.0,R,25.0,R,0.0,R,0.0,R,0.0,R,0.0,A,,R,13.0
380401,2013,A,,A,,A,,R,9.0,Z,0.0,R,9.0,R,5.0,R,56.0,R,3.0,Z,0.0,R,3.0,R,1.0,R,33.0,R,13.0
380438,2013,R,59.0,R,150.0,R,39.0,R,52.0,R,0.0,R,52.0,R,43.0,R,83.0,R,48.0,R,0.0,R,48.0,R,36.0,R,75.0,R,12.0
380456,2013,A,,A,,A,,R,36.0,R,1.0,R,35.0,R,26.0,R,74.0,R,3.0,R,0.0,R,3.0,R,2.0,R,67.0,R,15.0
380465,2013,A,,A,,A,,R,16.0,R,0.0,R,16.0,R,7.0,R,44.0,A,,A,,A,,A,,A,,R,15.0
380474,2013,A,,A,,A,,R,61.0,R,0.0,R,61.0,R,31.0,R,51.0,R,59.0,R,0.0,R,59.0,R,37.0,R,63.0,R,25.0
381255,2013,A,,A,,A,,R,0.0,Z,0.0,R,0.0,R,0.0,A,,R,51.0,Z,0.0,R,51.0,R,41.0,R,80.0,R,15.0
381282,2013,A,,A,,A,,R,38.0,Z,0.0,R,38.0,R,29.0,R,76.0,R,4.0,Z,0.0,R,4.0,R,3.0,R,75.0,R,21.0
381325,2013,A,,A,,A,,R,27.0,Z,0.0,R,27.0,R,23.0,R,85.0,R,12.0,Z,0.0,R,12.0,R,10.0,R,83.0,R,15.0
381334,2013,A,,A,,A,,R,13.0,Z,0.0,R,13.0,R,13.0,R,100.0,R,14.0,Z,0.0,R,14.0,R,13.0,R,93.0,R,14.0
381361,2013,A,,A,,A,,R,15.0,R,0.0,R,15.0,R,12.0,R,80.0,A,,A,,A,,A,,A,,R,5.0
381370,2013,A,,A,,A,,R,90.0,R,0.0,R,90.0,R,68.0,R,76.0,R,35.0,R,0.0,R,35.0,R,26.0,R,74.0,R,15.0
381404,2013,A,,A,,A,,R,147.0,R,0.0,R,147.0,R,111.0,R,76.0,R,52.0,R,0.0,R,52.0,R,37.0,R,71.0,R,21.0
381486,2013,A,,A,,A,,R,6.0,R,0.0,R,6.0,R,5.0,R,83.0,A,,A,,A,,A,,A,,R,5.0
381529,2013,A,,A,,A,,R,18.0,Z,0.0,R,18.0,R,10.0,R,56.0,R,5.0,Z,0.0,R,5.0,R,4.0,R,80.0,R,17.0
381617,2013,R,119.0,R,237.0,R,50.0,R,13.0,R,0.0,R,13.0,R,9.0,R,69.0,R,1.0,Z,0.0,R,1.0,R,1.0,R,100.0,R,16.0
381635,2013,A,,A,,A,,R,28.0,R,0.0,R,28.0,R,26.0,R,93.0,R,6.0,R,0.0,R,6.0,R,4.0,R,67.0,R,11.0
381644,2013,A,,A,,A,,R,46.0,R,1.0,R,45.0,R,31.0,R,69.0,A,,A,,A,,A,,A,,R,12.0
381699,2013,A,,A,,A,,R,24.0,R,0.0,R,24.0,R,11.0,R,46.0,R,12.0,R,0.0,R,12.0,R,5.0,R,42.0,R,11.0
381705,2013,A,,A,,A,,R,24.0,R,0.0,R,24.0,R,11.0,R,46.0,R,13.0,R,0.0,R,13.0,R,6.0,R,46.0,R,12.0
381732,2013,R,34.0,R,38.0,R,89.0,R,31.0,R,0.0,R,31.0,R,24.0,R,77.0,R,1.0,R,0.0,R,1.0,R,1.0,R,100.0,R,17.0
381741,2013,A,,A,,A,,A,,A,,A,,A,,A,,A,,A,,A,,A,,A,,R,11.0
381750,2013,A,,A,,A,,R,18.0,R,0.0,R,18.0,R,9.0,R,50.0,R,2.0,R,0.0,R,2.0,R,1.0,R,50.0,R,10.0
381787,2013,R,19.0,R,21.0,R,90.0,R,1.0,Z,0.0,R,1.0,R,0.0,R,0.0,R,0.0,Z,0.0,R,0.0,R,0.0,A,,R,16.0
381866,2013,A,,A,,A,,A,,A,,A,,A,,A,,A,,A,,A,,A,,A,,R,19.0
381909,2013,R,89.0,R,100.0,R,89.0,R,0.0,R,0.0,R,0.0,R,0.0,A,,R,0.0,R,0.0,R,0.0,R,0.0,A,,R,32.0
381945,2013,A,,A,,A,,R,85.0,R,0.0,R,85.0,R,4.0,R,5.0,A,,A,,A,,A,,A,,R,15.0
382063,2013,A,,A,,A,,R,15.0,R,0.0,R,15.0,R,10.0,R,67.0,A,,A,,A,,A,,A,,R,12.0
382258,2013,A,,A,,A,,R,45.0,R,0.0,R,45.0,R,39.0,R,87.0,R,197.0,R,0.0,R,197.0,R,143.0,R,73.0,R,19.0
382267,2013,A,,A,,A,,R,18.0,R,0.0,R,18.0,R,13.0,R,72.0,R,1.0,R,0.0,R,1.0,R,1.0,R,100.0,R,25.0
382276,2013,A,,A,,A,,R,71.0,R,0.0,R,71.0,R,58.0,R,82.0,R,7.0,R,0.0,R,7.0,R,4.0,R,57.0,R,23.0
382416,2013,A,,A,,A,,R,8.0,R,0.0,R,8.0,R,7.0,R,88.0,A,,A,,A,,A,,A,,R,12.0
382461,2013,A,,A,,A,,R,2.0,R,0.0,R,2.0,R,2.0,R,100.0,R,2.0,R,0.0,R,2.0,R,2.0,R,100.0,R,19.0
382504,2013,R,210.0,R,210.0,R,100.0,R,228.0,R,0.0,R,228.0,R,167.0,R,73.0,A,,A,,A,,A,,A,,R,34.0
382771,2013,R,109.0,R,252.0,R,43.0,R,113.0,Z,0.0,R,113.0,R,74.0,R,65.0,R,30.0,Z,0.0,R,30.0,R,10.0,R,33.0,R,18.0
382780,2013,A,,A,,A,,R,82.0,R,0.0,R,82.0,R,62.0,R,76.0,A,,A,,A,,A,,A,,R,12.0
382896,2013,A,,A,,A,,R,50.0,R,1.0,R,49.0,R,32.0,R,65.0,A,,A,,A,,A,,A,,R,25.0
382902,2013,A,,A,,A,,R,46.0,R,1.0,R,45.0,R,36.0,R,80.0,A,,A,,A,,A,,A,,R,16.0
382911,2013,R,47.0,R,59.0,R,80.0,R,39.0,Z,0.0,R,39.0,R,23.0,R,59.0,R,8.0,Z,0.0,R,8.0,R,2.0,R,25.0,R,9.0
382957,2013,A,,A,,A,,R,90.0,Z,0.0,R,90.0,R,49.0,R,54.0,A,,A,,A,,A,,A,,R,14.0
383020,2013,A,,A,,A,,A,,A,,A,,A,,A,,A,,A,,A,,A,,A,,R,10.0
383084,2013,A,,A,,A,,R,927.0,R,0.0,R,927.0,R,140.0,R,15.0,R,559.0,R,0.0,R,559.0,R,166.0,R,30.0,R,45.0
383163,2013,A,,A,,A,,R,5.0,Z,0.0,R,5.0,R,4.0,R,80.0,R,40.0,Z,0.0,R,40.0,R,37.0,R,93.0,R,20.0
383172,2013,A,,A,,A,,A,,A,,A,,A,,A,,A,,A,,A,,A,,A,,R,16.0
383190,2013,R,457.0,R,1334.0,R,34.0,R,486.0,R,0.0,R,486.0,R,260.0,R,53.0,R,311.0,R,0.0,R,311.0,R,112.0,R,36.0,R,16.0
383251,2013,A,,A,,A,,R,23.0,R,0.0,R,23.0,R,12.0,R,52.0,A,,A,,A,,A,,A,,R,14.0
383279,2013,A,,A,,A,,R,17.0,R,0.0,R,17.0,R,13.0,R,76.0,R,19.0,R,0.0,R,19.0,R,12.0,R,63.0,R,10.0
383297,2013,A,,A,,A,,R,71.0,R,0.0,R,71.0,R,64.0,R,90.0,R,17.0,R,0.0,R,17.0,R,16.0,R,94.0,R,18.0
383312,2013,A,,A,,A,,R,112.0,R,0.0,R,112.0,R,106.0,R,95.0,A,,A,,A,,A,,A,,R,9.0
383330,2013,A,,A,,A,,R,42.0,R,0.0,R,42.0,R,31.0,R,74.0,R,12.0,R,0.0,R,12.0,R,10.0,R,83.0,R,3.0
383367,2013,A,,A,,A,,R,169.0,R,0.0,R,169.0,R,155.0,R,92.0,R,6.0,R,0.0,R,6.0,R,5.0,R,83.0,R,6.0
383400,2013,A,,A,,A,,A,,A,,A,,A,,A,,A,,A,,A,,A,,A,,R,8.0
383464,2013,A,,A,,A,,R,94.0,R,0.0,R,94.0,R,56.0,R,60.0,A,,A,,A,,A,,A,,R,25.0
383507,2013,A,,A,,A,,R,10.0,Z,0.0,R,10.0,R,9.0,R,90.0,A,,A,,A,,A,,A,,R,3.0
383525,2013,A,,A,,A,,R,39.0,R,0.0,R,39.0,R,25.0,R,64.0,A,,A,,A,,A,,A,,R,10.0
383765,2013,A,,A,,A,,R,0.0,R,0.0,R,0.0,R,0.0,A,,R,0.0,R,0.0,R,0.0,R,0.0,A,,R,16.0
383792,2013,A,,A,,A,,R,127.0,R,0.0,R,127.0,R,98.0,R,77.0,A,,A,,A,,A,,A,,R,24.0
383899,2013,A,,A,,A,,R,225.0,R,0.0,R,225.0,R,158.0,R,70.0,R,107.0,Z,0.0,R,107.0,R,43.0,R,40.0,R,28.0
383950,2013,R,83.0,R,89.0,R,93.0,R,116.0,R,5.0,R,111.0,R,65.0,R,59.0,R,6.0,R,0.0,R,6.0,R,6.0,R,100.0,R,6.0
383996,2013,R,69.0,R,150.0,R,46.0,R,73.0,Z,0.0,R,73.0,R,24.0,R,33.0,R,23.0,Z,0.0,R,23.0,R,1.0,R,4.0,R,15.0
384209,2013,A,,A,,A,,R,197.0,R,0.0,R,197.0,R,156.0,R,79.0,A,,A,,A,,A,,A,,R,20.0
384254,2013,R,41.0,R,61.0,R,67.0,R,39.0,R,0.0,R,39.0,R,27.0,R,69.0,A,,A,,A,,A,,A,,R,11.0
384333,2013,R,855.0,R,2750.0,R,31.0,R,901.0,R,0.0,R,901.0,R,553.0,R,61.0,R,752.0,R,0.0,R,752.0,R,315.0,R,42.0,R,21.0
384342,2013,R,511.0,R,1489.0,R,34.0,R,563.0,R,11.0,R,552.0,R,331.0,R,60.0,R,192.0,R,7.0,R,185.0,R,58.0,R,31.0,R,19.0
384412,2013,R,12.0,R,34.0,R,35.0,R,24.0,R,0.0,R,24.0,R,8.0,R,33.0,A,,A,,A,,A,,A,,R,12.0
384421,2013,R,32.0,R,33.0,R,97.0,R,29.0,R,0.0,R,29.0,R,23.0,R,79.0,A,,A,,A,,A,,A,,R,18.0
385008,2013,A,,A,,A,,R,54.0,Z,0.0,R,54.0,R,32.0,R,59.0,A,,A,,A,,A,,A,,R,23.0
385132,2013,A,,A,,A,,R,71.0,R,1.0,R,70.0,R,62.0,R,89.0,R,12.0,R,0.0,R,12.0,R,7.0,R,58.0,R,11.0
385503,2013,A,,A,,A,,R,78.0,Z,0.0,R,78.0,R,47.0,R,60.0,R,0.0,Z,0.0,R,0.0,Z,0.0,A,,R,19.0
385549,2013,A,,A,,A,,R,57.0,Z,0.0,R,57.0,R,26.0,R,46.0,A,,A,,A,,A,,A,,R,10.0
385619,2013,R,54.0,R,57.0,R,95.0,R,53.0,R,0.0,R,53.0,R,38.0,R,72.0,A,,A,,A,,A,,A,,R,8.0
386153,2013,A,,A,,A,,R,179.0,R,0.0,R,179.0,R,155.0,R,87.0,R,134.0,R,0.0,R,134.0,R,117.0,R,87.0,R,15.0
386472,2013,R,11.0,R,47.0,R,23.0,R,5.0,R,0.0,R,5.0,R,2.0,R,40.0,R,0.0,Z,0.0,R,0.0,Z,0.0,A,,R,12.0
387660,2013,A,,A,,A,,R,1.0,Z,0.0,R,1.0,R,1.0,R,100.0,A,,A,,A,,A,,A,,R,3.0
387819,2013,A,,A,,A,,R,52.0,R,0.0,R,52.0,R,40.0,R,77.0,R,31.0,R,0.0,R,31.0,R,17.0,R,55.0,R,6.0
387925,2013,A,,A,,A,,R,68.0,R,0.0,R,68.0,R,32.0,R,47.0,A,,A,,A,,A,,A,,R,25.0
388043,2013,R,43.0,R,197.0,R,22.0,R,33.0,R,0.0,R,33.0,R,11.0,R,33.0,R,4.0,R,0.0,R,4.0,R,0.0,R,0.0,R,10.0
388520,2013,R,14.0,R,96.0,R,15.0,R,4.0,R,0.0,R,4.0,R,2.0,R,50.0,R,3.0,R,0.0,R,3.0,R,2.0,R,67.0,R,12.0
388663,2013,A,,A,,A,,R,32.0,R,0.0,R,32.0,R,24.0,R,75.0,A,,A,,A,,A,,A,,R,13.0
389727,2013,R,139.0,R,163.0,R,85.0,R,86.0,R,2.0,R,84.0,R,46.0,R,55.0,R,51.0,R,1.0,R,50.0,R,9.0,R,18.0,R,10.0
389860,2013,A,,A,,A,,R,68.0,R,0.0,R,68.0,R,58.0,R,85.0,R,37.0,R,0.0,R,37.0,R,35.0,R,95.0,R,8.0
390701,2013,A,,A,,A,,R,12.0,R,1.0,R,11.0,R,4.0,R,36.0,R,10.0,R,0.0,R,10.0,R,2.0,R,20.0,R,24.0
390905,2013,A,,A,,A,,R,240.0,R,0.0,R,240.0,R,235.0,R,98.0,A,,A,,A,,A,,A,,R,20.0
391005,2013,A,,A,,A,,R,6.0,R,0.0,R,6.0,R,5.0,R,83.0,A,,A,,A,,A,,A,,R,20.0
391333,2013,A,,A,,A,,R,12.0,R,0.0,R,12.0,R,10.0,R,83.0,A,,A,,A,,A,,A,,R,9.0
391546,2013,A,,A,,A,,R,3.0,R,0.0,R,3.0,R,1.0,R,33.0,R,54.0,R,0.0,R,54.0,R,9.0,R,17.0,R,5.0
391564,2013,A,,A,,A,,A,,A,,A,,A,,A,,A,,A,,A,,A,,A,,R,17.0
391582,2013,A,,A,,A,,A,,A,,A,,A,,A,,A,,A,,A,,A,,A,,R,5.0
391759,2013,A,,A,,A,,R,1.0,R,0.0,R,1.0,R,1.0,R,100.0,R,15.0,R,0.0,R,15.0,R,13.0,R,87.0,R,12.0
391810,2013,A,,A,,A,,R,14.0,R,0.0,R,14.0,R,13.0,R,93.0,A,,A,,A,,A,,A,,R,24.0
392257,2013,A,,A,,A,,R,657.0,R,0.0,R,657.0,R,521.0,R,79.0,A,,A,,A,,A,,A,,R,19.0
392354,2013,A,,A,,A,,R,1.0,R,0.0,R,1.0,R,1.0,R,100.0,A,,A,,A,,A,,A,,R,2.0
392415,2013,A,,A,,A,,R,93.0,Z,0.0,R,93.0,R,56.0,R,60.0,A,,A,,A,,A,,A,,R,23.0
392798,2013,A,,A,,A,,R,5.0,R,0.0,R,5.0,R,3.0,R,60.0,R,1.0,Z,0.0,R,1.0,R,1.0,R,100.0,R,7.0
392840,2013,R,53.0,R,103.0,R,51.0,R,45.0,R,0.0,R,45.0,R,29.0,R,64.0,R,3.0,R,0.0,R,3.0,R,2.0,R,67.0,R,10.0
393180,2013,A,,A,,A,,R,128.0,R,13.0,R,115.0,R,80.0,R,70.0,A,,A,,A,,A,,A,,R,12.0
393524,2013,A,,A,,A,,R,42.0,R,1.0,R,41.0,R,35.0,R,85.0,A,,A,,A,,A,,A,,R,23.0
393649,2013,A,,A,,A,,R,492.0,R,0.0,R,492.0,R,324.0,R,66.0,A,,A,,A,,A,,A,,R,40.0
393861,2013,A,,A,,A,,R,23.0,R,0.0,R,23.0,R,22.0,R,96.0,R,11.0,R,0.0,R,11.0,R,10.0,R,91.0,R,15.0
393977,2013,A,,A,,A,,R,11.0,Z,0.0,R,11.0,R,10.0,R,91.0,A,,A,,A,,A,,A,,R,16.0
395195,2013,A,,A,,A,,R,28.0,R,0.0,R,28.0,R,22.0,R,79.0,A,,A,,A,,A,,A,,R,17.0
395362,2013,R,157.0,R,575.0,R,27.0,R,199.0,R,0.0,R,199.0,R,114.0,R,57.0,R,123.0,R,0.0,R,123.0,R,36.0,R,29.0,R,15.0
395690,2013,A,,A,,A,,R,235.0,R,0.0,R,235.0,R,157.0,R,67.0,R,82.0,R,0.0,R,82.0,R,52.0,R,63.0,R,21.0
397270,2013,A,,A,,A,,R,0.0,R,0.0,R,0.0,R,0.0,A,,A,,A,,A,,A,,A,,R,10.0
397942,2013,A,,A,,A,,R,130.0,R,0.0,R,130.0,R,89.0,R,68.0,A,,A,,A,,A,,A,,R,40.0
398130,2013,R,53.0,R,109.0,R,49.0,R,42.0,R,0.0,R,42.0,R,24.0,R,57.0,R,17.0,R,0.0,R,17.0,R,9.0,R,53.0,R,22.0
398574,2013,A,,A,,A,,R,304.0,R,2.0,R,302.0,R,213.0,R,71.0,A,,A,,A,,A,,A,,R,24.0
399212,2013,R,1084.0,R,3936.0,R,28.0,R,1008.0,Z,0.0,R,1008.0,R,770.0,R,76.0,R,1060.0,Z,0.0,R,1060.0,R,526.0,R,50.0,R,40.0
399869,2013,A,,A,,A,,R,18.0,R,0.0,R,18.0,R,12.0,R,67.0,A,,A,,A,,A,,A,,R,20.0
399911,2013,R,112.0,R,112.0,R,100.0,R,103.0,R,0.0,R,103.0,R,99.0,R,96.0,A,,A,,A,,A,,A,,R,9.0
400080,2013,A,,A,,A,,R,1478.0,R,0.0,R,1478.0,R,352.0,R,24.0,A,,A,,A,,A,,A,,R,19.0
400187,2013,A,,A,,A,,R,170.0,R,0.0,R,170.0,R,153.0,R,90.0,R,38.0,R,0.0,R,38.0,R,32.0,R,84.0,R,25.0
401223,2013,R,2.0,R,17.0,R,12.0,R,3.0,R,0.0,R,3.0,R,3.0,R,100.0,R,3.0,R,0.0,R,3.0,R,2.0,R,67.0,R,7.0
401339,2013,A,,A,,A,,R,151.0,R,0.0,R,151.0,R,110.0,R,73.0,A,,A,,A,,A,,A,,R,24.0
401481,2013,A,,A,,A,,R,9.0,R,0.0,R,9.0,R,7.0,R,78.0,R,32.0,R,0.0,R,32.0,R,24.0,R,75.0,R,9.0
402563,2013,A,,A,,A,,R,62.0,R,0.0,R,62.0,R,44.0,R,71.0,A,,A,,A,,A,,A,,R,20.0
402615,2013,A,,A,,A,,A,,A,,A,,A,,A,,A,,A,,A,,A,,A,,R,7.0
402776,2013,R,22.0,R,43.0,R,51.0,R,10.0,R,0.0,R,10.0,R,8.0,R,80.0,R,15.0,R,0.0,R,15.0,R,12.0,R,80.0,R,7.0
402800,2013,A,,A,,A,,R,5.0,R,0.0,R,5.0,R,4.0,R,80.0,R,7.0,R,0.0,R,7.0,R,6.0,R,86.0,R,12.0
403414,2013,A,,A,,A,,R,2.0,Z,0.0,R,2.0,R,2.0,R,100.0,R,1.0,Z,0.0,R,1.0,R,1.0,R,100.0,R,5.0
403469,2013,R,69.0,R,761.0,R,9.0,R,83.0,R,7.0,R,76.0,R,58.0,R,76.0,R,27.0,R,2.0,R,25.0,R,11.0,R,44.0,R,19.0
403478,2013,R,160.0,R,391.0,R,41.0,R,128.0,R,1.0,R,127.0,R,82.0,R,65.0,R,14.0,R,1.0,R,13.0,R,2.0,R,15.0,R,16.0
403487,2013,R,269.0,R,955.0,R,28.0,R,214.0,R,8.0,R,206.0,R,127.0,R,62.0,R,142.0,R,7.0,R,135.0,R,9.0,R,7.0,R,35.0
404037,2013,A,,A,,A,,A,,A,,A,,A,,A,,A,,A,,A,,A,,A,,R,17.0
404055,2013,A,,A,,A,,R,99.0,R,0.0,R,99.0,R,51.0,R,52.0,R,0.0,R,0.0,R,0.0,R,0.0,A,,R,30.0
404073,2013,R,175.0,R,709.0,R,25.0,R,13.0,Z,0.0,R,13.0,R,7.0,R,54.0,R,3.0,Z,0.0,R,3.0,R,1.0,R,33.0,R,20.0
404082,2013,R,563.0,R,1048.0,R,54.0,R,45.0,Z,0.0,R,45.0,R,19.0,R,42.0,R,10.0,Z,0.0,R,10.0,R,2.0,R,20.0,R,22.0
404338,2013,R,3.0,R,32.0,R,9.0,R,3.0,R,0.0,R,3.0,R,1.0,R,33.0,A,,A,,A,,A,,A,,R,14.0
404365,2013,A,,A,,A,,R,29.0,R,0.0,R,29.0,R,16.0,R,55.0,A,,A,,A,,A,,A,,R,41.0
404374,2013,A,,A,,A,,R,25.0,Z,0.0,R,25.0,R,14.0,R,56.0,A,,A,,A,,A,,A,,R,31.0
404383,2013,A,,A,,A,,R,67.0,Z,0.0,R,67.0,R,41.0,R,61.0,A,,A,,A,,A,,A,,R,27.0
404426,2013,R,288.0,R,1383.0,R,21.0,R,250.0,R,0.0,R,250.0,R,112.0,R,45.0,R,531.0,R,0.0,R,531.0,R,131.0,R,25.0,R,22.0
404499,2013,A,,A,,A,,R,89.0,Z,0.0,R,89.0,R,64.0,R,72.0,A,,A,,A,,A,,A,,R,24.0
404505,2013,A,,A,,A,,R,39.0,Z,0.0,R,39.0,R,24.0,R,62.0,A,,A,,A,,A,,A,,R,17.0
404514,2013,A,,A,,A,,R,61.0,Z,0.0,R,61.0,R,35.0,R,57.0,A,,A,,A,,A,,A,,R,25.0
404648,2013,R,210.0,R,410.0,R,51.0,R,6.0,R,0.0,R,6.0,R,5.0,R,83.0,R,4.0,R,0.0,R,4.0,R,0.0,R,0.0,R,12.0
404684,2013,A,,A,,A,,R,236.0,R,0.0,R,236.0,R,176.0,R,75.0,A,,A,,A,,A,,A,,R,12.0
404718,2013,A,,A,,A,,R,32.0,R,0.0,R,32.0,R,27.0,R,84.0,A,,A,,A,,A,,A,,R,26.0
404806,2013,R,73.0,R,93.0,R,78.0,R,0.0,R,0.0,R,0.0,R,0.0,A,,R,0.0,R,0.0,R,0.0,R,0.0,A,,R,15.0
404912,2013,A,,A,,A,,R,302.0,R,0.0,R,302.0,R,224.0,R,74.0,A,,A,,A,,A,,A,,R,25.0
404921,2013,A,,A,,A,,R,81.0,Z,0.0,R,81.0,R,47.0,R,58.0,A,,A,,A,,A,,A,,R,6.0
404994,2013,R,1322.0,R,1518.0,R,87.0,R,1554.0,R,3.0,R,1551.0,R,611.0,R,39.0,R,44.0,R,0.0,R,44.0,R,20.0,R,45.0,R,20.0
405012,2013,A,,A,,A,,R,60.0,R,0.0,R,60.0,R,49.0,R,82.0,A,,A,,A,,A,,A,,R,19.0
405021,2013,A,,A,,A,,R,19.0,R,0.0,R,19.0,R,16.0,R,84.0,A,,A,,A,,A,,A,,R,18.0
405058,2013,R,42.0,R,42.0,R,100.0,R,49.0,R,0.0,R,49.0,R,39.0,R,80.0,A,,A,,A,,A,,A,,R,20.0
405076,2013,A,,A,,A,,R,264.0,Z,0.0,R,264.0,R,158.0,R,60.0,A,,A,,A,,A,,A,,R,42.0
405748,2013,A,,A,,A,,R,24.0,R,0.0,R,24.0,R,19.0,R,79.0,R,8.0,R,0.0,R,8.0,R,3.0,R,38.0,R,5.0
405854,2013,R,27.0,R,27.0,R,100.0,R,12.0,R,0.0,R,12.0,R,7.0,R,58.0,A,,A,,A,,A,,A,,R,15.0
405872,2013,R,513.0,R,997.0,R,51.0,R,575.0,R,0.0,R,575.0,R,404.0,R,70.0,R,279.0,R,0.0,R,279.0,R,130.0,R,47.0,R,15.0
405979,2013,A,,A,,A,,R,46.0,R,0.0,R,46.0,R,23.0,R,50.0,A,,A,,A,,A,,A,,R,19.0
405988,2013,A,,A,,A,,R,55.0,R,0.0,R,55.0,R,31.0,R,56.0,A,,A,,A,,A,,A,,R,15.0
405997,2013,A,,A,,A,,R,95.0,R,0.0,R,95.0,R,54.0,R,57.0,A,,A,,A,,A,,A,,R,15.0
406006,2013,A,,A,,A,,R,41.0,R,0.0,R,41.0,R,19.0,R,46.0,A,,A,,A,,A,,A,,R,15.0
406015,2013,A,,A,,A,,R,169.0,R,0.0,R,169.0,R,115.0,R,68.0,A,,A,,A,,A,,A,,R,24.0
406024,2013,A,,A,,A,,R,17.0,Z,0.0,R,17.0,R,8.0,R,47.0,R,0.0,Z,0.0,R,0.0,R,0.0,A,,R,15.0
406033,2013,A,,A,,A,,R,72.0,Z,0.0,R,72.0,R,49.0,R,68.0,R,0.0,Z,0.0,R,0.0,R,0.0,A,,R,21.0
406051,2013,A,,A,,A,,R,27.0,R,0.0,R,27.0,R,22.0,R,81.0,A,,A,,A,,A,,A,,R,15.0
406149,2013,A,,A,,A,,A,,A,,A,,A,,A,,A,,A,,A,,A,,A,,R,7.0
406194,2013,R,14.0,R,18.0,R,78.0,R,14.0,Z,0.0,R,14.0,R,8.0,R,57.0,R,1.0,Z,0.0,R,1.0,R,0.0,R,0.0,R,12.0
406200,2013,R,741.0,R,741.0,R,100.0,R,702.0,R,0.0,R,702.0,R,504.0,R,72.0,A,,A,,A,,A,,A,,R,17.0
406219,2013,R,12.0,R,43.0,R,28.0,R,0.0,R,0.0,R,0.0,R,0.0,A,,R,0.0,R,0.0,R,0.0,R,0.0,A,,R,7.0
406325,2013,A,,A,,A,,R,20.0,R,0.0,R,20.0,R,15.0,R,75.0,A,,A,,A,,A,,A,,R,10.0
406361,2013,A,,A,,A,,R,5.0,R,0.0,R,5.0,R,4.0,R,80.0,A,,A,,A,,A,,A,,R,11.0
406413,2013,A,,A,,A,,R,50.0,R,0.0,R,50.0,R,40.0,R,80.0,A,,A,,A,,A,,A,,R,15.0
406422,2013,A,,A,,A,,R,23.0,R,0.0,R,23.0,R,19.0,R,83.0,A,,A,,A,,A,,A,,R,10.0
406486,2013,A,,A,,A,,A,,A,,A,,A,,A,,A,,A,,A,,A,,A,,R,5.0
406495,2013,A,,A,,A,,R,124.0,R,0.0,R,124.0,R,92.0,R,74.0,R,40.0,Z,0.0,R,40.0,R,28.0,R,70.0,R,20.0
406547,2013,R,53.0,R,86.0,R,62.0,R,0.0,R,0.0,R,0.0,R,0.0,A,,R,0.0,R,0.0,R,0.0,R,0.0,A,,R,19.0
407009,2013,R,267.0,R,912.0,R,29.0,R,297.0,R,3.0,R,294.0,R,248.0,R,84.0,R,31.0,Z,0.0,R,31.0,R,15.0,R,48.0,R,14.0
407054,2013,A,,A,,A,,A,,A,,A,,A,,A,,A,,A,,A,,A,,A,,R,15.0
407063,2013,R,61.0,R,75.0,R,81.0,R,1.0,R,0.0,R,1.0,R,0.0,R,0.0,R,0.0,R,0.0,R,0.0,R,0.0,A,,R,14.0
407090,2013,A,,A,,A,,R,15.0,R,0.0,R,15.0,R,14.0,R,93.0,R,28.0,Z,0.0,R,28.0,R,20.0,R,71.0,R,14.0
407142,2013,A,,A,,A,,R,12.0,R,0.0,R,12.0,R,10.0,R,83.0,A,,A,,A,,A,,A,,R,20.0
407151,2013,A,,A,,A,,R,26.0,R,0.0,R,26.0,R,14.0,R,54.0,A,,A,,A,,A,,A,,R,20.0
407179,2013,A,,A,,A,,R,31.0,R,0.0,R,31.0,R,23.0,R,74.0,R,9.0,R,0.0,R,9.0,R,7.0,R,78.0,R,24.0
407285,2013,R,8.0,R,44.0,R,18.0,R,0.0,R,0.0,R,0.0,R,0.0,A,,R,2.0,R,0.0,R,2.0,R,0.0,R,0.0,R,12.0
407319,2013,R,63.0,R,101.0,R,62.0,R,0.0,R,0.0,R,0.0,R,0.0,A,,R,0.0,R,0.0,R,0.0,R,0.0,A,,R,17.0
407328,2013,R,38.0,R,41.0,R,93.0,R,29.0,R,0.0,R,29.0,R,22.0,R,76.0,R,1.0,Z,0.0,R,1.0,R,1.0,R,100.0,R,12.0
407355,2013,A,,A,,A,,R,28.0,R,0.0,R,28.0,R,24.0,R,86.0,A,,A,,A,,A,,A,,R,12.0
407391,2013,A,,A,,A,,R,15.0,R,0.0,R,15.0,R,12.0,R,80.0,R,4.0,R,0.0,R,4.0,R,4.0,R,100.0,R,15.0
407407,2013,A,,A,,A,,R,19.0,R,0.0,R,19.0,R,16.0,R,84.0,R,3.0,R,0.0,R,3.0,R,3.0,R,100.0,R,12.0
407425,2013,A,,A,,A,,R,23.0,R,0.0,R,23.0,R,21.0,R,91.0,R,24.0,R,0.0,R,24.0,R,20.0,R,83.0,R,15.0
407434,2013,A,,A,,A,,R,37.0,R,0.0,R,37.0,R,30.0,R,81.0,R,7.0,R,0.0,R,7.0,R,5.0,R,71.0,R,14.0
407452,2013,A,,A,,A,,R,62.0,R,0.0,R,62.0,R,57.0,R,92.0,A,,A,,A,,A,,A,,R,2.0
407461,2013,A,,A,,A,,R,95.0,R,0.0,R,95.0,R,81.0,R,85.0,R,4.0,R,0.0,R,4.0,R,4.0,R,100.0,R,15.0
407470,2013,A,,A,,A,,R,40.0,R,0.0,R,40.0,R,22.0,R,55.0,R,25.0,R,0.0,R,25.0,R,12.0,R,48.0,R,18.0
407489,2013,A,,A,,A,,R,21.0,R,0.0,R,21.0,R,19.0,R,90.0,R,13.0,R,0.0,R,13.0,R,10.0,R,77.0,R,6.0
407504,2013,A,,A,,A,,R,31.0,R,0.0,R,31.0,R,29.0,R,94.0,R,442.0,R,0.0,R,442.0,R,433.0,R,98.0,R,8.0
407513,2013,A,,A,,A,,R,116.0,R,0.0,R,116.0,R,97.0,R,84.0,R,60.0,R,0.0,R,60.0,R,53.0,R,88.0,R,18.0
407522,2013,A,,A,,A,,A,,A,,A,,A,,A,,A,,A,,A,,A,,A,,R,14.0
407568,2013,A,,A,,A,,R,10.0,R,0.0,R,10.0,R,9.0,R,90.0,R,8.0,R,1.0,R,7.0,R,6.0,R,86.0,R,15.0
407577,2013,A,,A,,A,,R,233.0,R,0.0,R,233.0,R,151.0,R,65.0,R,31.0,R,0.0,R,31.0,R,19.0,R,61.0,R,20.0
407595,2013,A,,A,,A,,R,189.0,R,0.0,R,189.0,R,128.0,R,68.0,A,,A,,A,,A,,A,,R,10.0
407601,2013,A,,A,,A,,R,11.0,Z,0.0,R,11.0,R,9.0,R,82.0,R,4.0,Z,0.0,R,4.0,R,4.0,R,100.0,R,5.0
407683,2013,A,,A,,A,,R,14.0,R,0.0,R,14.0,R,8.0,R,57.0,R,7.0,R,0.0,R,7.0,R,5.0,R,71.0,R,14.0
407708,2013,A,,A,,A,,R,61.0,R,0.0,R,61.0,R,44.0,R,72.0,A,,A,,A,,A,,A,,R,18.0
407726,2013,A,,A,,A,,R,21.0,R,0.0,R,21.0,R,15.0,R,71.0,R,4.0,R,0.0,R,4.0,R,1.0,R,25.0,R,13.0
407735,2013,A,,A,,A,,R,29.0,R,0.0,R,29.0,R,17.0,R,59.0,R,2.0,R,0.0,R,2.0,R,1.0,R,50.0,R,24.0
407832,2013,A,,A,,A,,R,67.0,R,0.0,R,67.0,R,58.0,R,87.0,R,50.0,R,0.0,R,50.0,R,50.0,R,100.0,R,11.0
408039,2013,R,76.0,R,177.0,R,43.0,R,1.0,Z,0.0,R,1.0,R,1.0,R,100.0,A,,A,,A,,A,,A,,R,11.0
408066,2013,A,,A,,A,,R,7.0,R,0.0,R,7.0,R,5.0,R,71.0,R,3.0,R,0.0,R,3.0,R,1.0,R,33.0,R,14.0
408163,2013,A,,A,,A,,R,13.0,R,0.0,R,13.0,R,12.0,R,92.0,A,,A,,A,,A,,A,,R,11.0
408312,2013,A,,A,,A,,R,23.0,R,0.0,R,23.0,R,15.0,R,65.0,A,,A,,A,,A,,A,,R,12.0
408385,2013,A,,A,,A,,R,314.0,Z,0.0,R,314.0,R,262.0,R,83.0,A,,A,,A,,A,,A,,R,29.0
408394,2013,R,87.0,R,311.0,R,28.0,R,80.0,R,0.0,R,80.0,R,45.0,R,56.0,R,14.0,R,0.0,R,14.0,R,3.0,R,21.0,R,14.0
408844,2013,R,283.0,R,589.0,R,48.0,R,51.0,R,0.0,R,51.0,R,40.0,R,78.0,R,10.0,Z,0.0,R,10.0,R,6.0,R,60.0,R,20.0
408862,2013,A,,A,,A,,R,62.0,R,1.0,R,61.0,R,51.0,R,84.0,R,86.0,R,0.0,R,86.0,R,78.0,R,91.0,R,20.0
409032,2013,A,,A,,A,,R,116.0,R,0.0,R,116.0,R,94.0,R,81.0,A,,A,,A,,A,,A,,R,1.0
409069,2013,R,67.0,R,86.0,R,78.0,R,1.0,R,0.0,R,1.0,R,1.0,R,100.0,R,0.0,R,0.0,R,0.0,R,0.0,A,,R,16.0
409120,2013,A,,A,,A,,R,75.0,R,0.0,R,75.0,R,64.0,R,85.0,A,,A,,A,,A,,A,,R,13.0
409166,2013,A,,A,,A,,R,8.0,Z,0.0,R,8.0,R,5.0,R,63.0,A,,A,,A,,A,,A,,R,10.0
409193,2013,A,,A,,A,,R,10.0,R,5.0,R,5.0,R,4.0,R,80.0,A,,A,,A,,A,,A,,R,20.0
409315,2013,R,2688.0,R,4913.0,R,55.0,R,7.0,Z,0.0,R,7.0,R,6.0,R,86.0,R,5.0,Z,0.0,R,5.0,R,3.0,R,60.0,R,26.0
409537,2013,A,,A,,A,,R,13.0,R,0.0,R,13.0,R,11.0,R,85.0,R,22.0,R,0.0,R,22.0,R,18.0,R,82.0,R,10.0
409591,2013,A,,A,,A,,R,34.0,R,0.0,R,34.0,R,26.0,R,76.0,R,14.0,R,0.0,R,14.0,R,14.0,R,100.0,R,8.0
409670,2013,A,,A,,A,,R,33.0,R,0.0,R,33.0,R,23.0,R,70.0,R,4.0,R,0.0,R,4.0,R,3.0,R,75.0,R,24.0
409698,2013,R,862.0,R,1763.0,R,49.0,R,900.0,Z,0.0,R,900.0,R,731.0,R,81.0,R,2.0,Z,0.0,R,2.0,R,1.0,R,50.0,R,22.0
409829,2013,A,,A,,A,,A,,A,,A,,A,,A,,A,,A,,A,,A,,A,,R,7.0
409838,2013,A,,A,,A,,A,,A,,A,,A,,A,,A,,A,,A,,A,,A,,R,6.0
409874,2013,R,72.0,R,193.0,R,37.0,R,71.0,R,0.0,R,71.0,R,51.0,R,72.0,R,46.0,R,0.0,R,46.0,R,21.0,R,46.0,R,23.0
410070,2013,A,,A,,A,,R,140.0,Z,0.0,R,140.0,R,79.0,R,56.0,A,,A,,A,,A,,A,,R,18.0
410256,2013,A,,A,,A,,A,,A,,A,,A,,A,,A,,A,,A,,A,,A,,R,14.0
410283,2013,R,382.0,R,382.0,R,100.0,R,374.0,Z,0.0,R,374.0,R,114.0,R,30.0,A,,A,,A,,A,,A,,R,33.0
410496,2013,R,40.0,R,168.0,R,24.0,R,72.0,R,0.0,R,72.0,R,25.0,R,35.0,R,2.0,R,0.0,R,2.0,R,1.0,R,50.0,R,10.0
410502,2013,R,234.0,R,554.0,R,42.0,R,97.0,Z,0.0,R,97.0,R,63.0,R,65.0,R,109.0,R,1.0,R,108.0,R,53.0,R,49.0,R,19.0
410520,2013,R,4.0,R,5.0,R,80.0,R,18.0,R,0.0,R,18.0,R,12.0,R,67.0,R,4.0,R,0.0,R,4.0,R,3.0,R,75.0,R,20.0
410539,2013,A,,A,,A,,R,76.0,R,0.0,R,76.0,R,56.0,R,74.0,A,,A,,A,,A,,A,,R,18.0
410788,2013,A,,A,,A,,R,44.0,R,0.0,R,44.0,R,32.0,R,73.0,R,82.0,R,0.0,R,82.0,R,65.0,R,79.0,R,18.0
410797,2013,A,,A,,A,,R,47.0,Z,0.0,R,47.0,R,38.0,R,81.0,A,,A,,A,,A,,A,,R,32.0
410964,2013,A,,A,,A,,R,4.0,R,0.0,R,4.0,R,4.0,R,100.0,R,1.0,Z,0.0,R,1.0,R,1.0,R,100.0,R,6.0
411055,2013,A,,A,,A,,R,347.0,R,0.0,R,347.0,R,57.0,R,16.0,A,,A,,A,,A,,A,,R,25.0
411374,2013,A,,A,,A,,R,414.0,R,0.0,R,414.0,R,114.0,R,28.0,A,,A,,A,,A,,A,,R,24.0
411684,2013,A,,A,,A,,R,12.0,R,0.0,R,12.0,R,7.0,R,58.0,A,,A,,A,,A,,A,,R,12.0
411754,2013,A,,A,,A,,A,,A,,A,,A,,A,,A,,A,,A,,A,,A,,R,13.0
412003,2013,A,,A,,A,,R,7.0,R,0.0,R,7.0,R,5.0,R,71.0,R,2.0,R,0.0,R,2.0,R,2.0,R,100.0,R,15.0
412173,2013,A,,A,,A,,R,39.0,R,0.0,R,39.0,R,37.0,R,95.0,A,,A,,A,,A,,A,,R,12.0
412535,2013,A,,A,,A,,R,12.0,R,0.0,R,12.0,R,10.0,R,83.0,A,,A,,A,,A,,A,,R,12.0
412544,2013,A,,A,,A,,R,18.0,R,0.0,R,18.0,R,16.0,R,89.0,R,1.0,R,0.0,R,1.0,R,1.0,R,100.0,R,8.0
412599,2013,A,,A,,A,,R,0.0,Z,0.0,R,0.0,R,0.0,A,,A,,A,,A,,A,,A,,R,21.0
412650,2013,A,,A,,A,,A,,A,,A,,A,,A,,A,,A,,A,,A,,A,,R,5.0
413176,2013,A,,A,,A,,R,35.0,Z,0.0,R,35.0,R,9.0,R,26.0,A,,A,,A,,A,,A,,R,12.0
413343,2013,A,,A,,A,,R,8.0,R,0.0,R,8.0,R,7.0,R,88.0,A,,A,,A,,A,,A,,R,5.0
413413,2013,R,2.0,R,658.0,R,0.0,R,0.0,R,0.0,R,0.0,R,0.0,A,,R,211.0,R,0.0,R,211.0,R,45.0,R,21.0,R,20.0
413617,2013,R,63.0,R,220.0,R,29.0,R,24.0,R,0.0,R,24.0,R,16.0,R,67.0,R,11.0,R,0.0,R,11.0,R,10.0,R,91.0,R,12.0
413626,2013,R,108.0,R,121.0,R,89.0,R,96.0,R,0.0,R,96.0,R,36.0,R,38.0,R,12.0,R,0.0,R,12.0,R,3.0,R,25.0,R,11.0
413635,2013,A,,A,,A,,R,130.0,R,0.0,R,130.0,R,106.0,R,82.0,A,,A,,A,,A,,A,,R,20.0
413680,2013,A,,A,,A,,R,223.0,R,4.0,R,219.0,R,145.0,R,66.0,A,,A,,A,,A,,A,,R,22.0
413778,2013,A,,A,,A,,R,215.0,R,0.0,R,215.0,R,156.0,R,73.0,A,,A,,A,,A,,A,,R,11.0
413802,2013,A,,A,,A,,R,64.0,R,0.0,R,64.0,R,55.0,R,86.0,R,110.0,R,1.0,R,109.0,R,77.0,R,71.0,R,14.0
413820,2013,A,,A,,A,,R,4.0,R,0.0,R,4.0,R,3.0,R,75.0,A,,A,,A,,A,,A,,R,2.0
413839,2013,R,59.0,R,71.0,R,83.0,R,0.0,R,0.0,R,0.0,R,0.0,A,,R,0.0,R,0.0,R,0.0,R,0.0,A,,R,19.0
413848,2013,R,40.0,R,45.0,R,89.0,R,0.0,R,0.0,R,0.0,R,0.0,A,,R,1.0,R,0.0,R,1.0,R,0.0,R,0.0,R,24.0
413857,2013,R,57.0,R,78.0,R,73.0,R,0.0,R,0.0,R,0.0,R,0.0,A,,R,0.0,R,0.0,R,0.0,R,0.0,A,,R,19.0
413866,2013,R,56.0,R,60.0,R,93.0,R,0.0,R,0.0,R,0.0,R,0.0,A,,R,0.0,R,0.0,R,0.0,R,0.0,A,,R,33.0
413884,2013,R,82.0,R,111.0,R,74.0,R,0.0,R,0.0,R,0.0,R,0.0,A,,R,0.0,R,0.0,R,0.0,R,0.0,A,,R,20.0
413945,2013,A,,A,,A,,R,16.0,R,0.0,R,16.0,R,12.0,R,75.0,A,,A,,A,,A,,A,,R,12.0
413972,2013,A,,A,,A,,R,46.0,Z,0.0,R,46.0,R,40.0,R,87.0,R,8.0,R,0.0,R,8.0,R,6.0,R,75.0,R,10.0
414054,2013,A,,A,,A,,R,13.0,R,0.0,R,13.0,R,8.0,R,62.0,R,3.0,Z,0.0,R,3.0,R,2.0,R,67.0,R,10.0
414063,2013,A,,A,,A,,R,57.0,R,0.0,R,57.0,R,50.0,R,88.0,R,3.0,R,0.0,R,3.0,R,3.0,R,100.0,R,19.0
414124,2013,A,,A,,A,,R,142.0,R,0.0,R,142.0,R,123.0,R,87.0,R,30.0,R,0.0,R,30.0,R,21.0,R,70.0,R,15.0
414160,2013,R,198.0,R,545.0,R,36.0,R,29.0,R,0.0,R,29.0,R,14.0,R,48.0,R,9.0,R,0.0,R,9.0,R,3.0,R,33.0,R,15.0
414452,2013,A,,A,,A,,R,14.0,Z,0.0,R,14.0,R,10.0,R,71.0,A,,A,,A,,A,,A,,R,9.0
414461,2013,R,1046.0,R,1487.0,R,70.0,R,1065.0,R,9.0,R,1056.0,R,739.0,R,70.0,A,,A,,A,,A,,A,,R,21.0
414489,2013,A,,A,,A,,R,102.0,R,0.0,R,102.0,R,73.0,R,72.0,A,,A,,A,,A,,A,,R,25.0
414531,2013,R,41.0,R,57.0,R,72.0,R,0.0,R,0.0,R,0.0,R,0.0,A,,R,0.0,R,0.0,R,0.0,R,0.0,A,,R,19.0
414540,2013,A,,A,,A,,R,86.0,R,0.0,R,86.0,R,69.0,R,80.0,R,1.0,R,0.0,R,1.0,R,1.0,R,100.0,R,14.0
414559,2013,A,,A,,A,,R,11.0,R,0.0,R,11.0,R,8.0,R,73.0,A,,A,,A,,A,,A,,R,8.0
414568,2013,R,80.0,R,106.0,R,75.0,R,1.0,R,0.0,R,1.0,R,0.0,R,0.0,R,0.0,R,0.0,R,0.0,R,0.0,A,,R,14.0
414586,2013,R,52.0,R,79.0,R,66.0,R,0.0,R,0.0,R,0.0,R,0.0,A,,R,0.0,R,0.0,R,0.0,R,0.0,A,,R,18.0
414595,2013,R,9.0,R,27.0,R,33.0,R,0.0,R,0.0,R,0.0,R,0.0,A,,R,0.0,R,0.0,R,0.0,R,0.0,A,,R,9.0
414708,2013,R,46.0,R,580.0,R,8.0,R,0.0,Z,0.0,R,0.0,R,0.0,A,,R,99.0,Z,0.0,R,99.0,R,26.0,R,26.0,R,14.0
414823,2013,R,486.0,R,659.0,R,74.0,R,419.0,R,0.0,R,419.0,R,292.0,R,70.0,R,4.0,R,0.0,R,4.0,R,1.0,R,25.0,R,26.0
414841,2013,R,20.0,R,23.0,R,87.0,R,33.0,R,1.0,R,32.0,R,14.0,R,44.0,R,6.0,R,0.0,R,6.0,R,2.0,R,33.0,R,15.0
414869,2013,A,,A,,A,,R,12.0,R,0.0,R,12.0,R,9.0,R,75.0,R,9.0,R,0.0,R,9.0,R,7.0,R,78.0,R,7.0
414878,2013,R,2.0,R,66.0,R,3.0,R,4.0,R,0.0,R,4.0,R,3.0,R,75.0,R,0.0,R,0.0,R,0.0,R,0.0,A,,R,8.0
414911,2013,R,225.0,R,969.0,R,23.0,R,258.0,R,0.0,R,258.0,R,147.0,R,57.0,R,31.0,R,0.0,R,31.0,R,19.0,R,61.0,R,17.0
414939,2013,A,,A,,A,,R,82.0,R,0.0,R,82.0,R,66.0,R,80.0,A,,A,,A,,A,,A,,R,18.0
415039,2013,A,,A,,A,,R,50.0,R,0.0,R,50.0,R,39.0,R,78.0,R,17.0,R,2.0,R,15.0,R,6.0,R,40.0,R,16.0
415057,2013,A,,A,,A,,R,115.0,R,0.0,R,115.0,R,102.0,R,89.0,A,,A,,A,,A,,A,,R,14.0
415729,2013,A,,A,,A,,R,3.0,R,0.0,R,3.0,R,3.0,R,100.0,R,1.0,Z,0.0,R,1.0,R,0.0,R,0.0,R,10.0
415774,2013,A,,A,,A,,R,173.0,R,0.0,R,173.0,R,140.0,R,81.0,R,76.0,R,0.0,R,76.0,R,53.0,R,70.0,R,14.0
415987,2013,A,,A,,A,,R,148.0,R,0.0,R,148.0,R,81.0,R,55.0,R,77.0,R,0.0,R,77.0,R,64.0,R,83.0,R,25.0
416458,2013,A,,A,,A,,R,103.0,R,0.0,R,103.0,R,86.0,R,83.0,A,,A,,A,,A,,A,,R,18.0
416670,2013,A,,A,,A,,R,30.0,R,0.0,R,30.0,R,18.0,R,60.0,R,64.0,Z,0.0,R,64.0,R,35.0,R,55.0,R,10.0
416801,2013,A,,A,,A,,A,,A,,A,,A,,A,,A,,A,,A,,A,,A,,R,4.0
416962,2013,A,,A,,A,,R,77.0,R,0.0,R,77.0,R,41.0,R,53.0,A,,A,,A,,A,,A,,R,20.0
416971,2013,A,,A,,A,,R,5.0,R,0.0,R,5.0,R,2.0,R,40.0,R,3.0,R,0.0,R,3.0,R,2.0,R,67.0,R,10.0
416980,2013,A,,A,,A,,R,5.0,R,0.0,R,5.0,R,3.0,R,60.0,R,6.0,R,0.0,R,6.0,R,3.0,R,50.0,R,8.0
417008,2013,A,,A,,A,,R,47.0,R,0.0,R,47.0,R,37.0,R,79.0,A,,A,,A,,A,,A,,R,16.0
417062,2013,A,,A,,A,,R,35.0,R,0.0,R,35.0,R,24.0,R,69.0,A,,A,,A,,A,,A,,R,22.0
417105,2013,A,,A,,A,,R,137.0,R,1.0,R,136.0,R,120.0,R,88.0,R,27.0,R,0.0,R,27.0,R,24.0,R,89.0,R,29.0
417123,2013,A,,A,,A,,R,59.0,R,3.0,R,56.0,R,54.0,R,96.0,R,0.0,R,0.0,R,0.0,R,0.0,A,,R,14.0
417132,2013,A,,A,,A,,R,111.0,R,0.0,R,111.0,R,55.0,R,50.0,R,8.0,R,0.0,R,8.0,R,2.0,R,25.0,R,31.0
417178,2013,A,,A,,A,,R,8.0,Z,0.0,R,8.0,R,7.0,R,88.0,A,,A,,A,,A,,A,,R,9.0
417187,2013,A,,A,,A,,R,25.0,Z,0.0,R,25.0,R,20.0,R,80.0,A,,A,,A,,A,,A,,R,7.0
417248,2013,A,,A,,A,,R,43.0,R,0.0,R,43.0,R,38.0,R,88.0,A,,A,,A,,A,,A,,R,10.0
417257,2013,A,,A,,A,,R,39.0,R,0.0,R,39.0,R,39.0,R,100.0,A,,A,,A,,A,,A,,R,10.0
417275,2013,A,,A,,A,,R,4.0,R,0.0,R,4.0,R,4.0,R,100.0,A,,A,,A,,A,,A,,R,13.0
417318,2013,A,,A,,A,,R,8.0,R,0.0,R,8.0,R,5.0,R,63.0,A,,A,,A,,A,,A,,R,15.0
417327,2013,R,25.0,R,83.0,R,30.0,R,30.0,Z,0.0,R,30.0,R,17.0,R,57.0,R,14.0,R,0.0,R,14.0,R,8.0,R,57.0,R,15.0
417381,2013,A,,A,,A,,R,27.0,R,0.0,R,27.0,R,18.0,R,67.0,R,2.0,R,0.0,R,2.0,R,1.0,R,50.0,R,20.0
417406,2013,A,,A,,A,,R,10.0,R,0.0,R,10.0,R,9.0,R,90.0,A,,A,,A,,A,,A,,R,8.0
417442,2013,A,,A,,A,,R,16.0,R,0.0,R,16.0,R,16.0,R,100.0,A,,A,,A,,A,,A,,R,14.0
417503,2013,A,,A,,A,,R,39.0,R,0.0,R,39.0,R,35.0,R,90.0,R,2.0,R,0.0,R,2.0,R,2.0,R,100.0,R,9.0
417549,2013,A,,A,,A,,R,176.0,R,0.0,R,176.0,R,91.0,R,52.0,A,,A,,A,,A,,A,,R,25.0
417576,2013,A,,A,,A,,R,142.0,R,0.0,R,142.0,R,122.0,R,86.0,R,7.0,Z,0.0,R,7.0,R,6.0,R,86.0,R,10.0
417600,2013,A,,A,,A,,R,19.0,R,0.0,R,19.0,R,19.0,R,100.0,A,,A,,A,,A,,A,,R,8.0
417628,2013,A,,A,,A,,R,20.0,R,0.0,R,20.0,R,17.0,R,85.0,R,1.0,Z,0.0,R,1.0,R,1.0,R,100.0,R,3.0
417637,2013,A,,A,,A,,R,39.0,R,0.0,R,39.0,R,31.0,R,79.0,A,,A,,A,,A,,A,,R,4.0
417646,2013,A,,A,,A,,R,8.0,R,0.0,R,8.0,R,8.0,R,100.0,A,,A,,A,,A,,A,,R,10.0
417655,2013,A,,A,,A,,R,18.0,R,0.0,R,18.0,R,16.0,R,89.0,A,,A,,A,,A,,A,,R,9.0
417673,2013,A,,A,,A,,R,4.0,R,0.0,R,4.0,R,4.0,R,100.0,R,0.0,Z,0.0,R,0.0,R,0.0,A,,R,4.0
417682,2013,A,,A,,A,,R,9.0,Z,0.0,R,9.0,R,6.0,R,67.0,A,,A,,A,,A,,A,,R,11.0
417716,2013,A,,A,,A,,R,18.0,Z,0.0,R,18.0,R,15.0,R,83.0,A,,A,,A,,A,,A,,R,9.0
417725,2013,A,,A,,A,,R,23.0,R,0.0,R,23.0,R,14.0,R,61.0,A,,A,,A,,A,,A,,R,15.0
417734,2013,R,3.0,R,47.0,R,6.0,R,0.0,R,0.0,R,0.0,R,0.0,A,,R,3.0,R,0.0,R,3.0,R,2.0,R,67.0,R,5.0
417743,2013,A,,A,,A,,R,9.0,R,0.0,R,9.0,R,7.0,R,78.0,R,0.0,R,0.0,R,0.0,R,0.0,A,,R,2.0
417752,2013,R,12.0,R,17.0,R,71.0,R,10.0,R,0.0,R,10.0,R,4.0,R,40.0,R,2.0,Z,0.0,R,2.0,R,2.0,R,100.0,R,4.0
417789,2013,A,,A,,A,,R,55.0,Z,0.0,R,55.0,R,35.0,R,64.0,R,58.0,Z,0.0,R,58.0,R,29.0,R,50.0,R,8.0
417798,2013,A,,A,,A,,R,5.0,R,0.0,R,5.0,R,5.0,R,100.0,A,,A,,A,,A,,A,,R,6.0
417804,2013,A,,A,,A,,R,3.0,R,0.0,R,3.0,R,1.0,R,33.0,A,,A,,A,,A,,A,,R,10.0
417831,2013,A,,A,,A,,R,71.0,R,0.0,R,71.0,R,69.0,R,97.0,A,,A,,A,,A,,A,,R,34.0
417840,2013,A,,A,,A,,R,41.0,R,0.0,R,41.0,R,30.0,R,73.0,A,,A,,A,,A,,A,,R,15.0
417868,2013,A,,A,,A,,R,35.0,R,0.0,R,35.0,R,27.0,R,77.0,A,,A,,A,,A,,A,,R,7.0
417886,2013,A,,A,,A,,R,12.0,R,0.0,R,12.0,R,9.0,R,75.0,A,,A,,A,,A,,A,,R,13.0
417901,2013,A,,A,,A,,A,,A,,A,,A,,A,,A,,A,,A,,A,,A,,R,24.0
417910,2013,A,,A,,A,,R,198.0,R,0.0,R,198.0,R,178.0,R,90.0,A,,A,,A,,A,,A,,R,11.0
417947,2013,A,,A,,A,,R,3.0,R,0.0,R,3.0,R,1.0,R,33.0,A,,A,,A,,A,,A,,R,6.0
417983,2013,A,,A,,A,,A,,A,,A,,A,,A,,R,41.0,R,0.0,R,41.0,R,29.0,R,71.0,R,5.0
417992,2013,A,,A,,A,,R,10.0,R,0.0,R,10.0,R,9.0,R,90.0,R,8.0,R,0.0,R,8.0,R,5.0,R,63.0,R,11.0
418001,2013,A,,A,,A,,R,34.0,R,0.0,R,34.0,R,25.0,R,74.0,A,,A,,A,,A,,A,,R,12.0
418010,2013,A,,A,,A,,R,3.0,R,0.0,R,3.0,R,3.0,R,100.0,R,5.0,R,0.0,R,5.0,R,4.0,R,80.0,R,6.0
418029,2013,A,,A,,A,,R,7.0,R,0.0,R,7.0,R,7.0,R,100.0,A,,A,,A,,A,,A,,R,10.0
418038,2013,A,,A,,A,,R,42.0,R,0.0,R,42.0,R,26.0,R,62.0,A,,A,,A,,A,,A,,R,36.0
418056,2013,A,,A,,A,,R,28.0,R,0.0,R,28.0,R,21.0,R,75.0,R,8.0,Z,0.0,R,8.0,R,4.0,R,50.0,R,47.0
418065,2013,A,,A,,A,,R,92.0,Z,0.0,R,92.0,R,80.0,R,87.0,R,17.0,Z,0.0,R,17.0,R,13.0,R,76.0,R,21.0
418083,2013,A,,A,,A,,R,10.0,R,0.0,R,10.0,R,6.0,R,60.0,R,10.0,R,0.0,R,10.0,R,8.0,R,80.0,R,24.0
418126,2013,R,43.0,R,150.0,R,29.0,R,0.0,R,0.0,R,0.0,R,0.0,A,,R,0.0,R,0.0,R,0.0,R,0.0,A,,R,9.0
418171,2013,A,,A,,A,,R,14.0,R,0.0,R,14.0,R,11.0,R,79.0,A,,A,,A,,A,,A,,R,18.0
418199,2013,A,,A,,A,,A,,A,,A,,A,,A,,A,,A,,A,,A,,A,,R,9.0
418205,2013,A,,A,,A,,R,30.0,R,0.0,R,30.0,R,27.0,R,90.0,R,74.0,R,0.0,R,74.0,R,66.0,R,89.0,R,12.0
418223,2013,A,,A,,A,,R,22.0,R,0.0,R,22.0,R,21.0,R,95.0,A,,A,,A,,A,,A,,R,4.0
418250,2013,A,,A,,A,,R,81.0,R,1.0,R,80.0,R,76.0,R,95.0,R,65.0,R,0.0,R,65.0,R,61.0,R,94.0,R,10.0
418269,2013,A,,A,,A,,R,19.0,R,0.0,R,19.0,R,17.0,R,89.0,A,,A,,A,,A,,A,,R,12.0
418278,2013,A,,A,,A,,R,27.0,R,0.0,R,27.0,R,23.0,R,85.0,R,37.0,R,0.0,R,37.0,R,31.0,R,84.0,R,2.0
418287,2013,A,,A,,A,,R,52.0,R,0.0,R,52.0,R,52.0,R,100.0,R,25.0,R,0.0,R,25.0,R,16.0,R,64.0,R,6.0
418296,2013,A,,A,,A,,R,64.0,R,0.0,R,64.0,R,62.0,R,97.0,R,367.0,R,0.0,R,367.0,R,340.0,R,93.0,R,15.0
418302,2013,A,,A,,A,,R,48.0,R,0.0,R,48.0,R,19.0,R,40.0,R,25.0,R,0.0,R,25.0,R,21.0,R,84.0,R,8.0
418320,2013,A,,A,,A,,R,23.0,R,0.0,R,23.0,R,13.0,R,57.0,R,48.0,R,0.0,R,48.0,R,38.0,R,79.0,R,9.0
418339,2013,A,,A,,A,,R,45.0,R,0.0,R,45.0,R,34.0,R,76.0,R,21.0,R,0.0,R,21.0,R,11.0,R,52.0,R,10.0
418348,2013,A,,A,,A,,R,47.0,R,0.0,R,47.0,R,30.0,R,64.0,R,42.0,R,0.0,R,42.0,R,20.0,R,48.0,R,10.0
418357,2013,A,,A,,A,,R,24.0,R,0.0,R,24.0,R,18.0,R,75.0,R,7.0,R,0.0,R,7.0,R,6.0,R,86.0,R,8.0
418384,2013,A,,A,,A,,R,41.0,R,18.0,R,23.0,R,5.0,R,22.0,A,,A,,A,,A,,A,,R,11.0
418409,2013,A,,A,,A,,R,41.0,R,0.0,R,41.0,R,35.0,R,85.0,R,49.0,R,0.0,R,49.0,R,40.0,R,82.0,R,10.0
418427,2013,A,,A,,A,,R,11.0,Z,0.0,R,11.0,R,8.0,R,73.0,R,0.0,R,0.0,R,0.0,R,0.0,A,,R,9.0
418445,2013,A,,A,,A,,R,18.0,R,0.0,R,18.0,R,11.0,R,61.0,A,,A,,A,,A,,A,,R,10.0
418454,2013,A,,A,,A,,R,233.0,R,0.0,R,233.0,R,193.0,R,83.0,R,17.0,R,0.0,R,17.0,R,13.0,R,76.0,R,12.0
418481,2013,A,,A,,A,,R,31.0,R,0.0,R,31.0,R,30.0,R,97.0,A,,A,,A,,A,,A,,R,15.0
418506,2013,A,,A,,A,,R,37.0,Z,0.0,R,37.0,R,34.0,R,92.0,A,,A,,A,,A,,A,,R,9.0
418515,2013,A,,A,,A,,R,45.0,R,0.0,R,45.0,R,37.0,R,82.0,R,24.0,R,0.0,R,24.0,R,23.0,R,96.0,R,10.0
418524,2013,A,,A,,A,,R,31.0,R,0.0,R,31.0,R,20.0,R,65.0,A,,A,,A,,A,,A,,R,12.0
418533,2013,A,,A,,A,,R,103.0,R,0.0,R,103.0,R,72.0,R,70.0,R,55.0,R,0.0,R,55.0,R,47.0,R,85.0,R,25.0
418542,2013,A,,A,,A,,R,29.0,R,0.0,R,29.0,R,29.0,R,100.0,R,39.0,R,0.0,R,39.0,R,39.0,R,100.0,R,4.0
418560,2013,A,,A,,A,,R,13.0,R,0.0,R,13.0,R,9.0,R,69.0,R,18.0,R,0.0,R,18.0,R,12.0,R,67.0,R,2.0
418588,2013,A,,A,,A,,R,16.0,R,0.0,R,16.0,R,13.0,R,81.0,A,,A,,A,,A,,A,,R,10.0
418603,2013,A,,A,,A,,R,14.0,R,0.0,R,14.0,R,13.0,R,93.0,R,14.0,R,0.0,R,14.0,R,11.0,R,79.0,R,11.0
418612,2013,A,,A,,A,,R,6.0,R,0.0,R,6.0,R,4.0,R,67.0,A,,A,,A,,A,,A,,R,16.0
418658,2013,A,,A,,A,,R,94.0,Z,0.0,R,94.0,R,77.0,R,82.0,A,,A,,A,,A,,A,,R,9.0
418700,2013,A,,A,,A,,R,109.0,R,0.0,R,109.0,R,79.0,R,72.0,A,,A,,A,,A,,A,,R,17.0
418755,2013,A,,A,,A,,R,41.0,R,0.0,R,41.0,R,24.0,R,59.0,A,,A,,A,,A,,A,,R,44.0
418764,2013,A,,A,,A,,R,31.0,R,0.0,R,31.0,R,27.0,R,87.0,A,,A,,A,,A,,A,,R,20.0
418773,2013,A,,A,,A,,R,564.0,R,0.0,R,564.0,R,556.0,R,99.0,R,184.0,R,0.0,R,184.0,R,156.0,R,85.0,R,19.0
418782,2013,A,,A,,A,,R,103.0,R,0.0,R,103.0,R,90.0,R,87.0,A,,A,,A,,A,,A,,R,15.0
418870,2013,A,,A,,A,,R,20.0,Z,0.0,R,20.0,R,13.0,R,65.0,A,,A,,A,,A,,A,,R,19.0
418889,2013,A,,A,,A,,R,48.0,R,0.0,R,48.0,R,35.0,R,73.0,R,7.0,R,0.0,R,7.0,R,7.0,R,100.0,R,18.0
418913,2013,A,,A,,A,,R,44.0,Z,0.0,R,44.0,R,28.0,R,64.0,A,,A,,A,,A,,A,,R,1.0
418968,2013,A,,A,,A,,R,78.0,R,0.0,R,78.0,R,47.0,R,60.0,A,,A,,A,,A,,A,,R,15.0
419031,2013,A,,A,,A,,R,7.0,R,0.0,R,7.0,R,5.0,R,71.0,A,,A,,A,,A,,A,,R,7.0
419095,2013,A,,A,,A,,R,23.0,R,0.0,R,23.0,R,15.0,R,65.0,A,,A,,A,,A,,A,,R,6.0
419147,2013,A,,A,,A,,R,37.0,R,0.0,R,37.0,R,32.0,R,86.0,R,8.0,R,0.0,R,8.0,R,7.0,R,88.0,R,8.0
419156,2013,A,,A,,A,,R,16.0,R,0.0,R,16.0,R,10.0,R,63.0,A,,A,,A,,A,,A,,R,10.0
419183,2013,A,,A,,A,,R,179.0,R,0.0,R,179.0,R,141.0,R,79.0,A,,A,,A,,A,,A,,R,54.0
419217,2013,A,,A,,A,,R,3.0,R,0.0,R,3.0,R,2.0,R,67.0,A,,A,,A,,A,,A,,R,10.0
419226,2013,A,,A,,A,,R,115.0,R,0.0,R,115.0,R,103.0,R,90.0,A,,A,,A,,A,,A,,R,9.0
419235,2013,A,,A,,A,,R,46.0,R,5.0,R,41.0,R,34.0,R,83.0,A,,A,,A,,A,,A,,R,20.0
419244,2013,A,,A,,A,,R,63.0,Z,0.0,R,63.0,R,52.0,R,83.0,R,22.0,R,0.0,R,22.0,R,14.0,R,64.0,R,16.0
419253,2013,A,,A,,A,,R,52.0,R,0.0,R,52.0,R,43.0,R,83.0,A,,A,,A,,A,,A,,R,18.0
419262,2013,A,,A,,A,,R,6.0,R,0.0,R,6.0,R,6.0,R,100.0,A,,A,,A,,A,,A,,A,
419271,2013,A,,A,,A,,R,7.0,R,0.0,R,7.0,R,6.0,R,86.0,R,2.0,R,0.0,R,2.0,R,2.0,R,100.0,R,7.0
419280,2013,A,,A,,A,,R,2.0,R,0.0,R,2.0,R,2.0,R,100.0,R,8.0,R,0.0,R,8.0,R,2.0,R,25.0,R,16.0
419314,2013,A,,A,,A,,R,12.0,R,0.0,R,12.0,R,11.0,R,92.0,A,,A,,A,,A,,A,,R,10.0
419332,2013,A,,A,,A,,R,10.0,R,0.0,R,10.0,R,9.0,R,90.0,R,7.0,R,0.0,R,7.0,R,5.0,R,71.0,R,5.0
419341,2013,R,35.0,R,35.0,R,100.0,R,33.0,R,0.0,R,33.0,R,22.0,R,67.0,A,,A,,A,,A,,A,,R,13.0
419411,2013,A,,A,,A,,R,45.0,R,0.0,R,45.0,R,36.0,R,80.0,R,24.0,R,0.0,R,24.0,R,19.0,R,79.0,R,25.0
419420,2013,A,,A,,A,,R,69.0,R,0.0,R,69.0,R,49.0,R,71.0,R,49.0,Z,0.0,R,49.0,R,41.0,R,84.0,R,8.0
419457,2013,R,1.0,R,39.0,R,3.0,R,3.0,Z,0.0,R,3.0,Z,0.0,R,0.0,R,10.0,Z,0.0,R,10.0,R,2.0,R,20.0,R,7.0
419484,2013,A,,A,,A,,R,17.0,R,0.0,R,17.0,R,11.0,R,65.0,A,,A,,A,,A,,A,,R,11.0
419509,2013,A,,A,,A,,R,85.0,R,0.0,R,85.0,R,55.0,R,65.0,A,,A,,A,,A,,A,,R,17.0
419633,2013,A,,A,,A,,R,34.0,R,0.0,R,34.0,R,25.0,R,74.0,A,,A,,A,,A,,A,,R,8.0
419660,2013,A,,A,,A,,R,214.0,R,0.0,R,214.0,R,155.0,R,72.0,A,,A,,A,,A,,A,,R,18.0
419703,2013,A,,A,,A,,R,396.0,Z,0.0,R,396.0,R,301.0,R,76.0,A,,A,,A,,A,,A,,R,22.0
419712,2013,A,,A,,A,,R,188.0,R,0.0,R,188.0,R,153.0,R,81.0,A,,A,,A,,A,,A,,R,16.0
419721,2013,A,,A,,A,,R,155.0,R,0.0,R,155.0,R,117.0,R,75.0,A,,A,,A,,A,,A,,R,18.0
420006,2013,A,,A,,A,,R,0.0,R,0.0,R,0.0,R,0.0,A,,R,3.0,R,0.0,R,3.0,R,2.0,R,67.0,R,24.0
420024,2013,R,24.0,R,32.0,R,75.0,R,29.0,Z,0.0,R,29.0,R,14.0,R,48.0,R,9.0,Z,0.0,R,9.0,R,5.0,R,56.0,R,20.0
420042,2013,A,,A,,A,,R,26.0,R,0.0,R,26.0,R,19.0,R,73.0,A,,A,,A,,A,,A,,R,16.0
420103,2013,A,,A,,A,,R,60.0,R,0.0,R,60.0,R,32.0,R,53.0,A,,A,,A,,A,,A,,R,25.0
420130,2013,A,,A,,A,,R,85.0,R,1.0,R,84.0,R,56.0,R,67.0,A,,A,,A,,A,,A,,R,15.0
420194,2013,A,,A,,A,,R,63.0,R,0.0,R,63.0,R,62.0,R,98.0,A,,A,,A,,A,,A,,R,10.0
420200,2013,A,,A,,A,,R,7.0,R,0.0,R,7.0,R,6.0,R,86.0,R,25.0,R,0.0,R,25.0,R,10.0,R,40.0,R,10.0
420255,2013,A,,A,,A,,R,31.0,R,0.0,R,31.0,R,27.0,R,87.0,A,,A,,A,,A,,A,,R,11.0
420307,2013,R,1041.0,R,1398.0,R,74.0,R,815.0,R,16.0,R,799.0,R,213.0,R,27.0,R,595.0,R,13.0,R,582.0,R,166.0,R,29.0,R,11.0
420316,2013,R,205.0,R,257.0,R,80.0,R,112.0,R,2.0,R,110.0,R,45.0,R,41.0,R,58.0,R,1.0,R,57.0,R,20.0,R,35.0,R,10.0
420325,2013,R,8.0,R,10.0,R,80.0,R,6.0,R,0.0,R,6.0,R,4.0,R,67.0,A,,A,,A,,A,,A,,R,14.0
420343,2013,A,,A,,A,,R,232.0,R,0.0,R,232.0,R,192.0,R,83.0,R,24.0,R,0.0,R,24.0,R,15.0,R,63.0,R,25.0
420370,2013,A,,A,,A,,R,501.0,R,0.0,R,501.0,R,317.0,R,63.0,A,,A,,A,,A,,A,,R,39.0
420398,2013,R,930.0,R,3433.0,R,27.0,R,949.0,Z,0.0,R,949.0,R,592.0,R,62.0,R,1686.0,Z,0.0,R,1686.0,R,864.0,R,51.0,R,21.0
420404,2013,R,55.0,R,73.0,R,75.0,R,42.0,R,2.0,R,40.0,R,17.0,R,43.0,R,11.0,R,0.0,R,11.0,R,3.0,R,27.0,R,30.0
420431,2013,R,127.0,R,694.0,R,18.0,R,79.0,R,0.0,R,79.0,R,35.0,R,44.0,R,164.0,R,0.0,R,164.0,R,79.0,R,48.0,R,12.0
420440,2013,R,174.0,R,609.0,R,29.0,R,170.0,R,0.0,R,170.0,R,107.0,R,63.0,R,125.0,R,0.0,R,125.0,R,63.0,R,50.0,R,15.0
420459,2013,A,,A,,A,,R,58.0,R,0.0,R,58.0,R,9.0,R,16.0,R,43.0,R,0.0,R,43.0,R,6.0,R,14.0,R,12.0
420468,2013,A,,A,,A,,R,197.0,R,0.0,R,197.0,R,175.0,R,89.0,R,100.0,R,0.0,R,100.0,R,84.0,R,84.0,R,13.0
420495,2013,A,,A,,A,,R,43.0,Z,0.0,R,43.0,R,32.0,R,74.0,A,,A,,A,,A,,A,,R,25.0
420501,2013,A,,A,,A,,R,74.0,Z,0.0,R,74.0,R,49.0,R,66.0,A,,A,,A,,A,,A,,R,23.0
420538,2013,R,256.0,R,446.0,R,57.0,R,198.0,R,1.0,R,197.0,R,110.0,R,56.0,R,39.0,R,1.0,R,38.0,R,13.0,R,34.0,R,20.0
420556,2013,R,62.0,R,268.0,R,23.0,R,20.0,R,0.0,R,20.0,R,7.0,R,35.0,R,26.0,R,0.0,R,26.0,R,7.0,R,27.0,R,14.0
420574,2013,R,395.0,R,927.0,R,43.0,R,357.0,R,18.0,R,339.0,R,284.0,R,84.0,R,16.0,Z,0.0,R,16.0,R,7.0,R,44.0,R,17.0
420608,2013,A,,A,,A,,R,22.0,R,0.0,R,22.0,R,17.0,R,77.0,R,1.0,R,0.0,R,1.0,R,1.0,R,100.0,R,30.0
420723,2013,R,102.0,R,247.0,R,41.0,R,50.0,R,0.0,R,50.0,R,27.0,R,54.0,R,99.0,R,0.0,R,99.0,R,45.0,R,45.0,R,12.0
420866,2013,A,,A,,A,,R,3.0,Z,0.0,R,3.0,R,1.0,R,33.0,R,5.0,Z,0.0,R,5.0,Z,0.0,R,0.0,R,7.0
420981,2013,A,,A,,A,,R,125.0,R,0.0,R,125.0,R,94.0,R,75.0,A,,A,,A,,A,,A,,R,18.0
421018,2013,A,,A,,A,,R,61.0,R,0.0,R,61.0,R,30.0,R,49.0,A,,A,,A,,A,,A,,R,11.0
421513,2013,R,43.0,R,89.0,R,48.0,R,87.0,R,3.0,R,84.0,R,22.0,R,26.0,A,,A,,A,,A,,A,,R,24.0
421540,2013,A,,A,,A,,R,50.0,R,0.0,R,50.0,R,48.0,R,96.0,R,83.0,R,0.0,R,83.0,R,78.0,R,94.0,R,10.0
421559,2013,A,,A,,A,,R,42.0,R,0.0,R,42.0,R,39.0,R,93.0,R,57.0,R,0.0,R,57.0,R,52.0,R,91.0,R,12.0
421586,2013,A,,A,,A,,R,85.0,R,0.0,R,85.0,R,62.0,R,73.0,A,,A,,A,,A,,A,,R,20.0
421610,2013,A,,A,,A,,R,31.0,R,0.0,R,31.0,R,30.0,R,97.0,R,15.0,R,0.0,R,15.0,R,13.0,R,87.0,R,10.0
421665,2013,A,,A,,A,,R,5.0,R,0.0,R,5.0,R,4.0,R,80.0,R,2.0,R,0.0,R,2.0,R,2.0,R,100.0,R,5.0
421708,2013,A,,A,,A,,R,188.0,R,0.0,R,188.0,R,135.0,R,72.0,A,,A,,A,,A,,A,,R,16.0
421717,2013,A,,A,,A,,R,15.0,R,0.0,R,15.0,R,10.0,R,67.0,A,,A,,A,,A,,A,,R,11.0
421771,2013,A,,A,,A,,R,8.0,R,0.0,R,8.0,R,5.0,R,63.0,A,,A,,A,,A,,A,,R,25.0
421832,2013,R,95.0,R,108.0,R,88.0,R,85.0,R,0.0,R,85.0,R,59.0,R,69.0,A,,A,,A,,A,,A,,R,10.0
421841,2013,R,90.0,R,129.0,R,70.0,R,83.0,R,0.0,R,83.0,R,55.0,R,66.0,A,,A,,A,,A,,A,,R,19.0
421878,2013,A,,A,,A,,R,58.0,R,0.0,R,58.0,R,49.0,R,84.0,R,25.0,R,0.0,R,25.0,R,20.0,R,80.0,R,14.0
421896,2013,A,,A,,A,,R,46.0,R,0.0,R,46.0,R,39.0,R,85.0,A,,A,,A,,A,,A,,R,21.0
422020,2013,A,,A,,A,,R,4.0,R,0.0,R,4.0,R,3.0,R,75.0,A,,A,,A,,A,,A,,R,16.0
422190,2013,A,,A,,A,,R,2.0,Z,0.0,R,2.0,R,2.0,R,100.0,R,28.0,Z,0.0,R,28.0,R,16.0,R,57.0,R,18.0
422695,2013,A,,A,,A,,R,5.0,R,0.0,R,5.0,R,5.0,R,100.0,A,,A,,A,,A,,A,,R,15.0
422835,2013,A,,A,,A,,R,92.0,R,0.0,R,92.0,R,72.0,R,78.0,A,,A,,A,,A,,A,,R,22.0
423120,2013,A,,A,,A,,A,,A,,A,,A,,A,,A,,A,,A,,A,,A,,R,45.0
423397,2013,A,,A,,A,,R,18.0,R,0.0,R,18.0,R,13.0,R,72.0,A,,A,,A,,A,,A,,R,8.0
423582,2013,A,,A,,A,,R,41.0,R,0.0,R,41.0,R,22.0,R,54.0,R,2.0,R,0.0,R,2.0,R,0.0,R,0.0,R,8.0
423652,2013,R,49.0,R,249.0,R,20.0,R,19.0,R,0.0,R,19.0,R,8.0,R,42.0,R,102.0,R,0.0,R,102.0,R,29.0,R,28.0,R,13.0
423980,2013,A,,A,,A,,R,357.0,Z,0.0,R,357.0,R,244.0,R,68.0,A,,A,,A,,A,,A,,R,37.0
425250,2013,A,,A,,A,,R,22.0,R,0.0,R,22.0,R,15.0,R,68.0,R,25.0,R,0.0,R,25.0,R,21.0,R,84.0,R,10.0
425870,2013,A,,A,,A,,A,,A,,A,,A,,A,,A,,A,,A,,A,,A,,R,2.0
425889,2013,A,,A,,A,,R,90.0,R,0.0,R,90.0,R,72.0,R,80.0,R,13.0,R,0.0,R,13.0,R,10.0,R,77.0,R,27.0
425986,2013,A,,A,,A,,R,54.0,R,0.0,R,54.0,R,37.0,R,69.0,A,,A,,A,,A,,A,,R,9.0
426314,2013,R,74.0,R,1400.0,R,5.0,R,47.0,R,0.0,R,47.0,R,29.0,R,62.0,R,259.0,R,0.0,R,259.0,R,101.0,R,39.0,R,12.0
427025,2013,A,,A,,A,,A,,A,,A,,A,,A,,A,,A,,A,,A,,A,,R,17.0
427308,2013,A,,A,,A,,R,121.0,R,7.0,R,114.0,R,87.0,R,76.0,A,,A,,A,,A,,A,,R,15.0
427335,2013,A,,A,,A,,A,,A,,A,,A,,A,,A,,A,,A,,A,,A,,R,4.0
427663,2013,R,58.0,R,64.0,R,91.0,R,0.0,R,0.0,R,0.0,R,0.0,A,,R,0.0,R,0.0,R,0.0,R,0.0,A,,R,22.0
427894,2013,A,,A,,A,,R,10.0,Z,0.0,R,10.0,R,8.0,R,80.0,R,23.0,Z,0.0,R,23.0,R,20.0,R,87.0,R,20.0
427919,2013,A,,A,,A,,R,34.0,R,0.0,R,34.0,R,27.0,R,79.0,R,14.0,R,0.0,R,14.0,R,4.0,R,29.0,R,20.0
427973,2013,R,52.0,R,53.0,R,98.0,R,47.0,R,0.0,R,47.0,R,24.0,R,51.0,R,3.0,R,0.0,R,3.0,R,0.0,R,0.0,R,9.0
427982,2013,R,28.0,R,46.0,R,61.0,R,27.0,Z,0.0,R,27.0,R,23.0,R,85.0,R,13.0,Z,0.0,R,13.0,R,11.0,R,85.0,R,9.0
427991,2013,A,,A,,A,,R,180.0,R,0.0,R,180.0,R,109.0,R,61.0,R,44.0,R,0.0,R,44.0,R,6.0,R,14.0,R,22.0
428000,2013,A,,A,,A,,R,0.0,R,0.0,R,0.0,R,0.0,A,,A,,A,,A,,A,,A,,R,20.0
428019,2013,A,,A,,A,,R,53.0,R,1.0,R,52.0,R,46.0,R,88.0,R,2.0,R,1.0,R,1.0,R,1.0,R,100.0,R,10.0
428055,2013,A,,A,,A,,R,59.0,R,0.0,R,59.0,R,37.0,R,63.0,A,,A,,A,,A,,A,,R,16.0
428073,2013,A,,A,,A,,R,19.0,R,0.0,R,19.0,R,12.0,R,63.0,A,,A,,A,,A,,A,,R,20.0
428125,2013,A,,A,,A,,R,16.0,R,0.0,R,16.0,R,7.0,R,44.0,A,,A,,A,,A,,A,,R,25.0
428143,2013,A,,A,,A,,R,115.0,R,0.0,R,115.0,R,97.0,R,84.0,A,,A,,A,,A,,A,,R,18.0
428170,2013,R,392.0,R,640.0,R,61.0,R,284.0,R,0.0,R,284.0,R,198.0,R,70.0,R,163.0,Z,0.0,R,163.0,R,87.0,R,53.0,R,5.0
428259,2013,A,,A,,A,,A,,A,,A,,A,,A,,R,0.0,R,0.0,R,0.0,R,0.0,A,,R,6.0
428268,2013,R,2.0,R,44.0,R,5.0,R,3.0,Z,0.0,R,3.0,R,2.0,R,67.0,R,2.0,Z,0.0,R,2.0,R,1.0,R,50.0,R,8.0
428286,2013,R,142.0,R,332.0,R,43.0,R,142.0,Z,0.0,R,142.0,R,81.0,R,57.0,R,26.0,Z,0.0,R,26.0,R,9.0,R,35.0,R,19.0
428295,2013,A,,A,,A,,A,,A,,A,,A,,A,,A,,A,,A,,A,,A,,R,5.0
428329,2013,R,28.0,R,38.0,R,74.0,R,25.0,R,0.0,R,25.0,R,19.0,R,76.0,A,,A,,A,,A,,A,,R,13.0
428392,2013,R,183.0,R,598.0,R,31.0,R,85.0,R,0.0,R,85.0,R,51.0,R,60.0,R,117.0,Z,0.0,R,117.0,R,38.0,R,32.0,R,15.0
428444,2013,R,191.0,R,414.0,R,46.0,R,93.0,Z,0.0,R,93.0,R,47.0,R,51.0,R,22.0,Z,0.0,R,22.0,R,11.0,R,50.0,R,16.0
429012,2013,A,,A,,A,,A,,A,,A,,A,,A,,A,,A,,A,,A,,A,,R,4.0
429100,2013,A,,A,,A,,A,,A,,A,,A,,A,,A,,A,,A,,A,,A,,R,9.0
429128,2013,R,5.0,R,351.0,R,1.0,R,2.0,R,0.0,R,2.0,R,2.0,R,100.0,R,63.0,R,0.0,R,63.0,R,34.0,R,54.0,R,22.0
429599,2013,R,76.0,R,87.0,R,87.0,R,0.0,R,0.0,R,0.0,R,0.0,A,,R,0.0,R,0.0,R,0.0,R,0.0,A,,R,20.0
430050,2013,A,,A,,A,,R,72.0,R,0.0,R,72.0,R,60.0,R,83.0,A,,A,,A,,A,,A,,R,17.0
430087,2013,R,11.0,R,103.0,R,11.0,R,23.0,Z,0.0,R,23.0,R,8.0,R,35.0,R,27.0,Z,0.0,R,27.0,R,14.0,R,52.0,R,11.0
430096,2013,A,,A,,A,,R,43.0,R,0.0,R,43.0,R,31.0,R,72.0,R,18.0,R,0.0,R,18.0,R,8.0,R,44.0,R,21.0
430148,2013,R,44.0,R,150.0,R,29.0,R,42.0,R,0.0,R,42.0,R,28.0,R,67.0,R,23.0,R,0.0,R,23.0,R,9.0,R,39.0,R,15.0
430157,2013,R,55.0,R,62.0,R,89.0,R,58.0,R,0.0,R,58.0,R,44.0,R,76.0,R,11.0,R,1.0,R,10.0,R,2.0,R,20.0,R,16.0
430166,2013,R,49.0,R,55.0,R,89.0,R,59.0,R,0.0,R,59.0,R,47.0,R,80.0,R,3.0,R,0.0,R,3.0,R,0.0,R,0.0,R,20.0
430175,2013,A,,A,,A,,R,76.0,R,0.0,R,76.0,R,52.0,R,68.0,A,,A,,A,,A,,A,,R,30.0
430184,2013,R,25.0,R,373.0,R,7.0,R,9.0,Z,0.0,R,9.0,R,4.0,R,44.0,R,69.0,Z,0.0,R,69.0,R,24.0,R,35.0,R,19.0
430218,2013,A,,A,,A,,R,52.0,R,1.0,R,51.0,R,42.0,R,82.0,R,21.0,R,0.0,R,21.0,R,17.0,R,81.0,R,21.0
430227,2013,A,,A,,A,,R,31.0,R,0.0,R,31.0,R,25.0,R,81.0,R,7.0,R,0.0,R,7.0,R,5.0,R,71.0,R,20.0
430245,2013,A,,A,,A,,R,770.0,Z,0.0,R,770.0,R,461.0,R,60.0,A,,A,,A,,A,,A,,R,27.0
430254,2013,A,,A,,A,,A,,A,,A,,A,,A,,A,,A,,A,,A,,A,,R,25.0
430263,2013,R,70.0,R,85.0,R,82.0,R,0.0,R,0.0,R,0.0,R,0.0,A,,R,0.0,R,0.0,R,0.0,R,0.0,A,,R,18.0
430306,2013,A,,A,,A,,R,10.0,R,0.0,R,10.0,R,7.0,R,70.0,R,1.0,R,0.0,R,1.0,R,1.0,R,100.0,R,4.0
430342,2013,A,,A,,A,,R,44.0,Z,0.0,R,44.0,R,40.0,R,91.0,A,,A,,A,,A,,A,,R,15.0
430351,2013,R,36.0,R,52.0,R,69.0,R,40.0,R,2.0,R,38.0,R,11.0,R,29.0,R,5.0,R,0.0,R,5.0,R,0.0,R,0.0,R,15.0
430360,2013,R,31.0,R,49.0,R,63.0,R,34.0,R,1.0,R,33.0,R,20.0,R,61.0,R,7.0,R,1.0,R,6.0,R,1.0,R,17.0,R,21.0
430379,2013,R,49.0,R,68.0,R,72.0,R,0.0,R,0.0,R,0.0,R,0.0,A,,R,0.0,R,0.0,R,0.0,R,0.0,A,,R,17.0
430388,2013,R,49.0,R,68.0,R,72.0,R,0.0,R,0.0,R,0.0,R,0.0,A,,R,0.0,R,0.0,R,0.0,R,0.0,A,,R,12.0
430403,2013,A,,A,,A,,R,20.0,R,0.0,R,20.0,R,14.0,R,70.0,A,,A,,A,,A,,A,,R,21.0
430421,2013,A,,A,,A,,R,53.0,R,0.0,R,53.0,R,30.0,R,57.0,A,,A,,A,,A,,A,,R,30.0
430485,2013,R,23.0,R,29.0,R,79.0,R,0.0,R,0.0,R,0.0,R,0.0,A,,R,0.0,R,0.0,R,0.0,R,0.0,A,,R,19.0
430564,2013,A,,A,,A,,A,,A,,A,,A,,A,,A,,A,,A,,A,,A,,R,10.0
430582,2013,A,,A,,A,,A,,A,,A,,A,,A,,A,,A,,A,,A,,A,,R,50.0
430643,2013,A,,A,,A,,A,,A,,A,,A,,A,,R,3.0,R,0.0,R,3.0,R,3.0,R,100.0,R,3.0
430670,2013,R,6.0,R,13.0,R,46.0,R,1.0,R,0.0,R,1.0,R,1.0,R,100.0,A,,A,,A,,A,,A,,R,6.0
430704,2013,A,,A,,A,,A,,A,,A,,A,,A,,A,,A,,A,,A,,A,,R,10.0
430795,2013,A,,A,,A,,R,56.0,R,0.0,R,56.0,R,54.0,R,96.0,R,14.0,R,0.0,R,14.0,R,1.0,R,7.0,R,16.0
430810,2013,R,95.0,R,132.0,R,72.0,R,96.0,R,0.0,R,96.0,R,78.0,R,81.0,R,4.0,R,0.0,R,4.0,R,1.0,R,25.0,R,13.0
430847,2013,A,,A,,A,,R,1.0,R,0.0,R,1.0,R,0.0,R,0.0,A,,A,,A,,A,,A,,A,
430883,2013,A,,A,,A,,R,14.0,R,0.0,R,14.0,R,9.0,R,64.0,A,,A,,A,,A,,A,,R,8.0
430908,2013,A,,A,,A,,R,24.0,R,0.0,R,24.0,R,18.0,R,75.0,R,8.0,R,0.0,R,8.0,R,6.0,R,75.0,R,13.0
430935,2013,R,244.0,R,361.0,R,68.0,R,229.0,R,0.0,R,229.0,R,129.0,R,56.0,R,10.0,R,0.0,R,10.0,R,5.0,R,50.0,R,30.0
430971,2013,A,,A,,A,,R,13.0,R,0.0,R,13.0,R,9.0,R,69.0,A,,A,,A,,A,,A,,R,8.0
430980,2013,A,,A,,A,,R,11.0,R,0.0,R,11.0,R,10.0,R,91.0,A,,A,,A,,A,,A,,R,20.0
430999,2013,A,,A,,A,,R,106.0,R,0.0,R,106.0,R,64.0,R,60.0,A,,A,,A,,A,,A,,R,10.0
431017,2013,A,,A,,A,,R,63.0,R,0.0,R,63.0,R,18.0,R,29.0,R,15.0,R,0.0,R,15.0,R,3.0,R,20.0,R,3.0
431026,2013,A,,A,,A,,R,499.0,R,8.0,R,491.0,R,359.0,R,73.0,R,107.0,R,3.0,R,104.0,R,74.0,R,71.0,R,18.0
431071,2013,A,,A,,A,,R,16.0,R,0.0,R,16.0,R,7.0,R,44.0,R,12.0,R,0.0,R,12.0,R,7.0,R,58.0,R,12.0
431099,2013,A,,A,,A,,R,25.0,R,0.0,R,25.0,R,17.0,R,68.0,R,14.0,R,0.0,R,14.0,R,10.0,R,71.0,R,17.0
431105,2013,A,,A,,A,,R,17.0,R,0.0,R,17.0,R,16.0,R,94.0,R,62.0,R,0.0,R,62.0,R,47.0,R,76.0,R,8.0
431123,2013,A,,A,,A,,R,88.0,Z,0.0,R,88.0,R,82.0,R,93.0,A,,A,,A,,A,,A,,R,15.0
431141,2013,A,,A,,A,,R,633.0,R,8.0,R,625.0,R,394.0,R,63.0,A,,A,,A,,A,,A,,R,15.0
431169,2013,A,,A,,A,,R,22.0,R,0.0,R,22.0,R,16.0,R,73.0,A,,A,,A,,A,,A,,R,10.0
431187,2013,A,,A,,A,,R,51.0,R,0.0,R,51.0,R,50.0,R,98.0,A,,A,,A,,A,,A,,R,4.0
431196,2013,A,,A,,A,,R,29.0,R,0.0,R,29.0,R,26.0,R,90.0,A,,A,,A,,A,,A,,R,25.0
431202,2013,A,,A,,A,,A,,A,,A,,A,,A,,R,11.0,R,0.0,R,11.0,R,8.0,R,73.0,R,12.0
431266,2013,A,,A,,A,,A,,A,,A,,A,,A,,R,32.0,R,0.0,R,32.0,R,24.0,R,75.0,R,8.0
431275,2013,A,,A,,A,,R,12.0,R,0.0,R,12.0,R,11.0,R,92.0,R,22.0,R,0.0,R,22.0,R,18.0,R,82.0,R,24.0
431284,2013,A,,A,,A,,R,4.0,R,0.0,R,4.0,R,4.0,R,100.0,R,15.0,R,0.0,R,15.0,R,12.0,R,80.0,R,9.0
431309,2013,A,,A,,A,,R,104.0,R,0.0,R,104.0,R,74.0,R,71.0,A,,A,,A,,A,,A,,R,16.0
431558,2013,A,,A,,A,,R,192.0,R,0.0,R,192.0,R,102.0,R,53.0,A,,A,,A,,A,,A,,R,17.0
431600,2013,A,,A,,A,,R,23.0,R,0.0,R,23.0,R,7.0,R,30.0,R,0.0,R,0.0,R,0.0,R,0.0,A,,R,12.0
431637,2013,A,,A,,A,,R,103.0,R,0.0,R,103.0,R,53.0,R,51.0,R,85.0,R,0.0,R,85.0,R,30.0,R,35.0,R,17.0
431691,2013,A,,A,,A,,R,16.0,Z,0.0,R,16.0,R,15.0,R,94.0,A,,A,,A,,A,,A,,R,10.0
431707,2013,A,,A,,A,,R,36.0,Z,0.0,R,36.0,R,31.0,R,86.0,A,,A,,A,,A,,A,,R,7.0
431716,2013,A,,A,,A,,R,286.0,R,0.0,R,286.0,R,195.0,R,68.0,A,,A,,A,,A,,A,,R,3.0
431770,2013,A,,A,,A,,R,13.0,R,0.0,R,13.0,R,13.0,R,100.0,R,22.0,R,0.0,R,22.0,R,20.0,R,91.0,R,8.0
431877,2013,A,,A,,A,,R,13.0,R,0.0,R,13.0,R,8.0,R,62.0,R,9.0,R,0.0,R,9.0,R,6.0,R,67.0,R,7.0
431886,2013,A,,A,,A,,R,149.0,R,0.0,R,149.0,R,126.0,R,85.0,A,,A,,A,,A,,A,,R,28.0
431929,2013,A,,A,,A,,R,37.0,R,0.0,R,37.0,R,22.0,R,59.0,A,,A,,A,,A,,A,,R,15.0
431956,2013,A,,A,,A,,R,2.0,Z,0.0,R,2.0,R,2.0,R,100.0,A,,A,,A,,A,,A,,R,15.0
431965,2013,A,,A,,A,,R,78.0,R,0.0,R,78.0,R,66.0,R,85.0,A,,A,,A,,A,,A,,R,14.0
431983,2013,R,37.0,R,39.0,R,95.0,R,18.0,R,0.0,R,18.0,R,18.0,R,100.0,A,,A,,A,,A,,A,,R,27.0
432074,2013,A,,A,,A,,R,41.0,R,0.0,R,41.0,R,33.0,R,80.0,R,79.0,R,0.0,R,79.0,R,56.0,R,71.0,R,13.0
432117,2013,A,,A,,A,,R,8.0,R,0.0,R,8.0,R,3.0,R,38.0,R,3.0,R,0.0,R,3.0,R,0.0,R,0.0,R,20.0
432223,2013,A,,A,,A,,R,58.0,R,0.0,R,58.0,R,42.0,R,72.0,A,,A,,A,,A,,A,,R,13.0
432232,2013,A,,A,,A,,R,81.0,R,0.0,R,81.0,R,39.0,R,48.0,A,,A,,A,,A,,A,,R,13.0
432241,2013,A,,A,,A,,R,59.0,R,0.0,R,59.0,R,31.0,R,53.0,A,,A,,A,,A,,A,,R,12.0
432269,2013,A,,A,,A,,R,36.0,Z,0.0,R,36.0,R,34.0,R,94.0,A,,A,,A,,A,,A,,R,10.0
432302,2013,A,,A,,A,,R,76.0,R,0.0,R,76.0,R,66.0,R,87.0,A,,A,,A,,A,,A,,R,19.0
432384,2013,A,,A,,A,,R,12.0,R,0.0,R,12.0,R,10.0,R,83.0,A,,A,,A,,A,,A,,R,13.0
432524,2013,R,87.0,R,113.0,R,77.0,R,87.0,R,0.0,R,87.0,R,64.0,R,74.0,R,2.0,Z,0.0,R,2.0,R,2.0,R,100.0,R,11.0
432533,2013,R,299.0,R,578.0,R,52.0,R,195.0,Z,0.0,R,195.0,R,118.0,R,61.0,R,57.0,Z,0.0,R,57.0,R,23.0,R,40.0,R,21.0
433004,2013,R,3.0,R,28.0,R,11.0,R,3.0,R,0.0,R,3.0,R,1.0,R,33.0,A,,A,,A,,A,,A,,R,11.0
433013,2013,A,,A,,A,,R,26.0,R,0.0,R,26.0,R,22.0,R,85.0,R,1.0,R,0.0,R,1.0,R,0.0,R,0.0,R,30.0
433040,2013,A,,A,,A,,R,32.0,R,0.0,R,32.0,R,29.0,R,91.0,A,,A,,A,,A,,A,,R,5.0
433068,2013,A,,A,,A,,R,113.0,R,0.0,R,113.0,R,94.0,R,83.0,R,38.0,R,0.0,R,38.0,R,23.0,R,61.0,R,13.0
433101,2013,A,,A,,A,,R,119.0,R,0.0,R,119.0,R,85.0,R,71.0,R,28.0,R,0.0,R,28.0,R,23.0,R,82.0,R,20.0
433138,2013,A,,A,,A,,R,180.0,R,0.0,R,180.0,R,134.0,R,74.0,R,221.0,R,0.0,R,221.0,R,210.0,R,95.0,R,6.0
433165,2013,A,,A,,A,,A,,A,,A,,A,,A,,A,,A,,A,,A,,A,,R,4.0
433174,2013,A,,A,,A,,R,3.0,R,0.0,R,3.0,R,1.0,R,33.0,R,9.0,R,0.0,R,9.0,R,6.0,R,67.0,R,6.0
433387,2013,A,,A,,A,,R,52.0,R,0.0,R,52.0,R,39.0,R,75.0,A,,A,,A,,A,,A,,R,41.0
433420,2013,R,25.0,R,236.0,R,11.0,R,6.0,R,0.0,R,6.0,R,4.0,R,67.0,A,,A,,A,,A,,A,,R,15.0
433466,2013,A,,A,,A,,R,136.0,R,0.0,R,136.0,R,96.0,R,71.0,R,26.0,Z,0.0,R,26.0,R,24.0,R,92.0,R,40.0
433536,2013,R,18.0,R,40.0,R,45.0,R,4.0,R,0.0,R,4.0,R,1.0,R,25.0,R,0.0,Z,0.0,R,0.0,Z,0.0,A,,R,14.0
433563,2013,R,23.0,R,48.0,R,48.0,R,34.0,R,0.0,R,34.0,R,15.0,R,44.0,A,,A,,A,,A,,A,,R,5.0
433660,2013,R,2668.0,R,3906.0,R,68.0,R,2687.0,R,0.0,R,2687.0,R,2059.0,R,77.0,R,73.0,R,0.0,R,73.0,R,43.0,R,59.0,R,22.0
433970,2013,A,,A,,A,,A,,A,,A,,A,,A,,A,,A,,A,,A,,A,,R,17.0
434016,2013,R,18.0,R,37.0,R,49.0,R,11.0,R,0.0,R,11.0,R,3.0,R,27.0,R,6.0,R,0.0,R,6.0,R,3.0,R,50.0,R,6.0
434034,2013,R,1.0,R,220.0,R,0.0,R,0.0,R,0.0,R,0.0,R,0.0,A,,R,0.0,R,0.0,R,0.0,R,0.0,A,,R,12.0
434052,2013,R,71.0,R,106.0,R,67.0,R,0.0,R,0.0,R,0.0,R,0.0,A,,R,0.0,R,0.0,R,0.0,R,0.0,A,,R,24.0
434061,2013,R,779.0,R,2461.0,R,32.0,R,641.0,R,1.0,R,640.0,R,339.0,R,53.0,R,423.0,R,0.0,R,423.0,R,159.0,R,38.0,R,26.0
434140,2013,A,,A,,A,,R,245.0,R,0.0,R,245.0,R,178.0,R,73.0,A,,A,,A,,A,,A,,R,25.0
434159,2013,A,,A,,A,,R,84.0,R,0.0,R,84.0,R,54.0,R,64.0,A,,A,,A,,A,,A,,R,18.0
434274,2013,A,,A,,A,,R,51.0,R,25.0,R,26.0,R,4.0,R,15.0,R,28.0,R,8.0,R,20.0,R,3.0,R,15.0,R,10.0
434283,2013,A,,A,,A,,R,29.0,R,3.0,R,26.0,R,4.0,R,15.0,A,,A,,A,,A,,A,,R,3.0
434308,2013,A,,A,,A,,A,,A,,A,,A,,A,,A,,A,,A,,A,,A,,R,30.0
434317,2013,A,,A,,A,,R,429.0,R,0.0,R,429.0,R,300.0,R,70.0,A,,A,,A,,A,,A,,R,31.0
434344,2013,A,,A,,A,,R,9.0,R,0.0,R,9.0,R,8.0,R,89.0,A,,A,,A,,A,,A,,R,12.0
434362,2013,A,,A,,A,,R,34.0,R,0.0,R,34.0,R,24.0,R,71.0,A,,A,,A,,A,,A,,R,18.0
434380,2013,A,,A,,A,,R,49.0,R,0.0,R,49.0,R,9.0,R,18.0,A,,A,,A,,A,,A,,R,10.0
434414,2013,R,497.0,R,972.0,R,51.0,R,576.0,R,0.0,R,576.0,R,254.0,R,44.0,R,47.0,R,0.0,R,47.0,R,16.0,R,34.0,R,19.0
434432,2013,R,10.0,R,23.0,R,43.0,R,18.0,R,0.0,R,18.0,R,14.0,R,78.0,A,,A,,A,,A,,A,,R,20.0
434469,2013,A,,A,,A,,R,15.0,R,0.0,R,15.0,R,12.0,R,80.0,R,25.0,R,0.0,R,25.0,R,19.0,R,76.0,R,8.0
434496,2013,A,,A,,A,,R,72.0,R,0.0,R,72.0,R,61.0,R,85.0,A,,A,,A,,A,,A,,R,20.0
434502,2013,A,,A,,A,,R,65.0,R,0.0,R,65.0,R,37.0,R,57.0,A,,A,,A,,A,,A,,R,18.0
434520,2013,A,,A,,A,,R,61.0,R,0.0,R,61.0,R,36.0,R,59.0,R,34.0,R,0.0,R,34.0,R,14.0,R,41.0,R,21.0
434539,2013,R,19.0,R,39.0,R,49.0,R,0.0,R,0.0,R,0.0,R,0.0,A,,R,0.0,R,0.0,R,0.0,R,0.0,A,,R,10.0
434548,2013,R,29.0,R,48.0,R,60.0,R,0.0,R,0.0,R,0.0,R,0.0,A,,R,0.0,R,0.0,R,0.0,R,0.0,A,,R,16.0
434557,2013,R,42.0,R,56.0,R,75.0,R,0.0,R,0.0,R,0.0,R,0.0,A,,R,0.0,R,0.0,R,0.0,R,0.0,A,,R,24.0
434566,2013,R,42.0,R,51.0,R,82.0,R,32.0,R,0.0,R,32.0,R,13.0,R,41.0,R,6.0,R,1.0,R,5.0,R,0.0,R,0.0,R,19.0
434575,2013,R,41.0,R,49.0,R,84.0,R,43.0,R,0.0,R,43.0,R,27.0,R,63.0,R,4.0,R,0.0,R,4.0,R,1.0,R,25.0,R,25.0
434584,2013,R,21.0,R,80.0,R,26.0,R,15.0,R,0.0,R,15.0,R,6.0,R,40.0,R,23.0,R,0.0,R,23.0,R,21.0,R,91.0,R,6.0
434672,2013,R,2508.0,R,7260.0,R,35.0,R,2539.0,R,0.0,R,2539.0,R,1310.0,R,52.0,R,2345.0,R,0.0,R,2345.0,R,967.0,R,41.0,R,18.0
434690,2013,R,122.0,R,126.0,R,97.0,R,142.0,R,0.0,R,142.0,R,131.0,R,92.0,R,15.0,R,0.0,R,15.0,R,5.0,R,33.0,R,17.0
434751,2013,R,7.0,R,17.0,R,41.0,R,15.0,R,0.0,R,15.0,R,10.0,R,67.0,R,0.0,R,0.0,R,0.0,R,0.0,A,,R,6.0
434812,2013,A,,A,,A,,R,17.0,Z,0.0,R,17.0,R,6.0,R,35.0,R,10.0,R,0.0,R,10.0,R,4.0,R,40.0,R,7.0
434821,2013,R,109.0,R,147.0,R,74.0,R,148.0,R,0.0,R,148.0,R,120.0,R,81.0,R,50.0,R,0.0,R,50.0,R,40.0,R,80.0,R,15.0
434830,2013,A,,A,,A,,R,49.0,R,0.0,R,49.0,R,40.0,R,82.0,R,33.0,R,0.0,R,33.0,R,20.0,R,61.0,R,20.0
434900,2013,A,,A,,A,,R,415.0,R,0.0,R,415.0,R,286.0,R,69.0,A,,A,,A,,A,,A,,R,20.0
434937,2013,R,1.0,R,9.0,R,11.0,R,9.0,R,0.0,R,9.0,R,9.0,R,100.0,A,,A,,A,,A,,A,,R,8.0
434946,2013,A,,A,,A,,R,51.0,R,0.0,R,51.0,R,21.0,R,41.0,A,,A,,A,,A,,A,,R,13.0
434955,2013,A,,A,,A,,R,32.0,R,0.0,R,32.0,R,13.0,R,41.0,A,,A,,A,,A,,A,,R,15.0
434973,2013,A,,A,,A,,R,19.0,R,0.0,R,19.0,R,11.0,R,58.0,A,,A,,A,,A,,A,,R,10.0
434982,2013,A,,A,,A,,R,40.0,R,0.0,R,40.0,R,21.0,R,53.0,A,,A,,A,,A,,A,,R,10.0
435000,2013,A,,A,,A,,A,,A,,A,,A,,A,,A,,A,,A,,A,,A,,R,5.0
436003,2013,A,,A,,A,,R,44.0,R,0.0,R,44.0,R,36.0,R,82.0,R,28.0,R,0.0,R,28.0,R,24.0,R,86.0,R,19.0
436012,2013,A,,A,,A,,R,94.0,R,7.0,R,87.0,R,57.0,R,66.0,A,,A,,A,,A,,A,,R,20.0
436030,2013,A,,A,,A,,R,31.0,R,0.0,R,31.0,R,16.0,R,52.0,R,3.0,R,0.0,R,3.0,R,2.0,R,67.0,R,15.0
436067,2013,A,,A,,A,,R,33.0,R,0.0,R,33.0,R,24.0,R,73.0,A,,A,,A,,A,,A,,R,12.0
436094,2013,R,9.0,R,64.0,R,14.0,R,7.0,Z,0.0,R,7.0,R,3.0,R,43.0,R,10.0,Z,0.0,R,10.0,R,0.0,R,0.0,R,11.0
436100,2013,A,,A,,A,,R,40.0,R,10.0,R,30.0,R,22.0,R,73.0,A,,A,,A,,A,,A,,R,20.0
436182,2013,A,,A,,A,,R,23.0,Z,0.0,R,23.0,R,10.0,R,43.0,A,,A,,A,,A,,A,,R,22.0
436191,2013,A,,A,,A,,R,76.0,R,0.0,R,76.0,R,44.0,R,58.0,A,,A,,A,,A,,A,,R,30.0
436225,2013,A,,A,,A,,R,122.0,R,0.0,R,122.0,R,102.0,R,84.0,A,,A,,A,,A,,A,,R,20.0
436270,2013,A,,A,,A,,A,,A,,A,,A,,A,,A,,A,,A,,A,,A,,R,25.0
436304,2013,R,229.0,R,1646.0,R,14.0,R,312.0,R,0.0,R,312.0,R,146.0,R,47.0,R,133.0,R,0.0,R,133.0,R,52.0,R,39.0,R,31.0
436429,2013,A,,A,,A,,R,71.0,R,0.0,R,71.0,R,53.0,R,75.0,A,,A,,A,,A,,A,,R,15.0
436438,2013,R,6.0,R,50.0,R,12.0,R,12.0,Z,0.0,R,12.0,R,4.0,R,33.0,R,7.0,Z,0.0,R,7.0,R,2.0,R,29.0,R,7.0
436465,2013,A,,A,,A,,R,261.0,R,0.0,R,261.0,R,178.0,R,68.0,A,,A,,A,,A,,A,,R,20.0
436483,2013,R,1.0,R,139.0,R,1.0,R,0.0,Z,0.0,R,0.0,Z,0.0,A,,R,30.0,Z,0.0,R,30.0,R,14.0,R,47.0,R,13.0
436553,2013,A,,A,,A,,R,13.0,R,0.0,R,13.0,R,11.0,R,85.0,A,,A,,A,,A,,A,,R,20.0
436599,2013,R,2.0,R,19.0,R,11.0,R,4.0,R,0.0,R,4.0,R,3.0,R,75.0,R,15.0,R,0.0,R,15.0,R,12.0,R,80.0,R,5.0
436614,2013,R,10.0,R,16.0,R,63.0,R,6.0,R,0.0,R,6.0,R,3.0,R,50.0,R,2.0,R,1.0,R,1.0,R,0.0,R,0.0,R,5.0
436632,2013,A,,A,,A,,R,40.0,R,0.0,R,40.0,R,34.0,R,85.0,R,20.0,Z,0.0,R,20.0,R,16.0,R,80.0,R,10.0
436641,2013,A,,A,,A,,R,26.0,Z,0.0,R,26.0,R,15.0,R,58.0,R,5.0,Z,0.0,R,5.0,R,4.0,R,80.0,R,34.0
436650,2013,A,,A,,A,,A,,A,,A,,A,,A,,A,,A,,A,,A,,A,,R,27.0
436702,2013,A,,A,,A,,R,0.0,R,0.0,R,0.0,R,0.0,A,,R,2.0,R,0.0,R,2.0,R,0.0,R,0.0,R,18.0
436775,2013,A,,A,,A,,R,39.0,Z,0.0,R,39.0,R,24.0,R,62.0,A,,A,,A,,A,,A,,R,13.0
436818,2013,R,639.0,R,874.0,R,73.0,R,762.0,R,2.0,R,760.0,R,641.0,R,84.0,R,19.0,R,0.0,R,19.0,R,13.0,R,68.0,R,19.0
436827,2013,R,209.0,R,286.0,R,73.0,R,254.0,R,1.0,R,253.0,R,199.0,R,79.0,R,2.0,R,0.0,R,2.0,R,2.0,R,100.0,R,13.0
436836,2013,R,222.0,R,393.0,R,56.0,R,255.0,R,0.0,R,255.0,R,209.0,R,82.0,R,9.0,R,0.0,R,9.0,R,7.0,R,78.0,R,15.0
437042,2013,R,96.0,R,105.0,R,91.0,R,0.0,R,0.0,R,0.0,R,0.0,A,,R,0.0,R,0.0,R,0.0,R,0.0,A,,R,24.0
437051,2013,R,88.0,R,107.0,R,82.0,R,0.0,R,0.0,R,0.0,R,0.0,A,,R,0.0,R,0.0,R,0.0,R,0.0,A,,R,27.0
437060,2013,A,,A,,A,,R,28.0,Z,0.0,R,28.0,R,13.0,R,46.0,A,,A,,A,,A,,A,,R,29.0
437097,2013,R,5.0,R,168.0,R,3.0,R,3.0,Z,0.0,R,3.0,R,2.0,R,67.0,R,0.0,R,0.0,R,0.0,R,0.0,A,,R,23.0
437103,2013,R,1385.0,R,2841.0,R,49.0,R,1394.0,R,0.0,R,1394.0,R,616.0,R,44.0,R,531.0,R,0.0,R,531.0,R,191.0,R,36.0,R,28.0
437219,2013,R,64.0,R,82.0,R,78.0,R,0.0,R,0.0,R,0.0,R,0.0,A,,R,0.0,R,0.0,R,0.0,R,0.0,A,,R,31.0
437237,2013,A,,A,,A,,R,51.0,R,0.0,R,51.0,R,48.0,R,94.0,A,,A,,A,,A,,A,,R,10.0
437316,2013,A,,A,,A,,A,,A,,A,,A,,A,,A,,A,,A,,A,,A,,R,8.0
437325,2013,A,,A,,A,,A,,A,,A,,A,,A,,A,,A,,A,,A,,A,,R,13.0
437501,2013,A,,A,,A,,R,23.0,R,0.0,R,23.0,R,18.0,R,78.0,A,,A,,A,,A,,A,,R,20.0
437529,2013,A,,A,,A,,R,172.0,Z,0.0,R,172.0,R,127.0,R,74.0,R,111.0,Z,0.0,R,111.0,R,79.0,R,71.0,R,16.0
437556,2013,A,,A,,A,,A,,A,,A,,A,,A,,A,,A,,A,,A,,A,,R,30.0
437608,2013,A,,A,,A,,R,62.0,Z,0.0,R,62.0,R,41.0,R,66.0,A,,A,,A,,A,,A,,R,20.0
437635,2013,A,,A,,A,,R,194.0,R,0.0,R,194.0,R,158.0,R,81.0,A,,A,,A,,A,,A,,R,16.0
437653,2013,A,,A,,A,,R,90.0,R,0.0,R,90.0,R,61.0,R,68.0,A,,A,,A,,A,,A,,R,9.0
437662,2013,A,,A,,A,,R,879.0,R,1.0,R,878.0,R,586.0,R,67.0,R,72.0,R,1.0,R,71.0,R,56.0,R,79.0,R,29.0
437705,2013,A,,A,,A,,R,0.0,R,0.0,R,0.0,R,0.0,A,,R,1.0,R,0.0,R,1.0,R,0.0,R,0.0,R,4.0
437732,2013,A,,A,,A,,R,110.0,R,0.0,R,110.0,R,62.0,R,56.0,A,,A,,A,,A,,A,,R,12.0
437750,2013,R,70.0,R,70.0,R,100.0,R,103.0,R,0.0,R,103.0,R,65.0,R,63.0,A,,A,,A,,A,,A,,R,17.0
437769,2013,A,,A,,A,,R,18.0,R,0.0,R,18.0,R,10.0,R,56.0,A,,A,,A,,A,,A,,R,10.0
437778,2013,A,,A,,A,,R,65.0,Z,0.0,R,65.0,R,37.0,R,57.0,A,,A,,A,,A,,A,,R,17.0
437848,2013,R,69.0,R,71.0,R,97.0,R,69.0,Z,0.0,R,69.0,R,42.0,R,61.0,R,1.0,Z,0.0,R,1.0,R,1.0,R,100.0,R,18.0
437857,2013,A,,A,,A,,R,12.0,R,0.0,R,12.0,R,12.0,R,100.0,R,2.0,R,0.0,R,2.0,R,1.0,R,50.0,R,14.0
437884,2013,A,,A,,A,,R,38.0,R,0.0,R,38.0,R,28.0,R,74.0,A,,A,,A,,A,,A,,R,8.0
437927,2013,A,,A,,A,,R,43.0,Z,0.0,R,43.0,R,32.0,R,74.0,A,,A,,A,,A,,A,,R,49.0
437936,2013,A,,A,,A,,R,36.0,Z,0.0,R,36.0,R,29.0,R,81.0,R,0.0,R,0.0,R,0.0,R,0.0,A,,R,20.0
438151,2013,A,,A,,A,,R,604.0,R,0.0,R,604.0,R,384.0,R,64.0,A,,A,,A,,A,,A,,R,20.0
438179,2013,A,,A,,A,,R,0.0,R,0.0,R,0.0,R,0.0,A,,R,0.0,R,0.0,R,0.0,R,0.0,A,,R,30.0
438197,2013,A,,A,,A,,R,54.0,R,0.0,R,54.0,R,38.0,R,70.0,A,,A,,A,,A,,A,,R,36.0
438212,2013,R,453.0,R,864.0,R,52.0,R,484.0,Z,0.0,R,484.0,R,324.0,R,67.0,R,227.0,Z,0.0,R,227.0,R,109.0,R,48.0,R,20.0
438258,2013,A,,A,,A,,R,30.0,Z,0.0,R,30.0,R,23.0,R,77.0,R,0.0,R,0.0,R,0.0,R,0.0,A,,R,20.0
438267,2013,A,,A,,A,,R,193.0,R,0.0,R,193.0,R,147.0,R,76.0,A,,A,,A,,A,,A,,R,17.0
438285,2013,A,,A,,A,,R,109.0,R,0.0,R,109.0,R,86.0,R,79.0,A,,A,,A,,A,,A,,R,25.0
438294,2013,A,,A,,A,,R,51.0,R,0.0,R,51.0,R,37.0,R,73.0,A,,A,,A,,A,,A,,R,25.0
438337,2013,A,,A,,A,,R,169.0,R,0.0,R,169.0,R,128.0,R,76.0,R,46.0,R,0.0,R,46.0,R,34.0,R,74.0,R,20.0
438416,2013,A,,A,,A,,R,98.0,R,0.0,R,98.0,R,29.0,R,30.0,A,,A,,A,,A,,A,,R,6.0
438498,2013,R,32.0,R,348.0,R,9.0,R,43.0,R,0.0,R,43.0,R,27.0,R,63.0,R,192.0,Z,0.0,R,192.0,R,109.0,R,57.0,R,7.0
438504,2013,A,,A,,A,,R,495.0,R,4.0,R,491.0,R,337.0,R,69.0,A,,A,,A,,A,,A,,R,34.0
438586,2013,R,38.0,R,209.0,R,18.0,R,77.0,Z,0.0,R,77.0,R,29.0,R,38.0,R,139.0,Z,0.0,R,139.0,R,40.0,R,29.0,R,22.0
438601,2013,A,,A,,A,,A,,A,,A,,A,,A,,R,6.0,Z,0.0,R,6.0,R,2.0,R,33.0,R,8.0
438610,2013,A,,A,,A,,R,61.0,R,0.0,R,61.0,R,28.0,R,46.0,A,,A,,A,,A,,A,,R,12.0
438629,2013,A,,A,,A,,R,12.0,R,0.0,R,12.0,R,5.0,R,42.0,A,,A,,A,,A,,A,,R,2.0
438647,2013,A,,A,,A,,R,127.0,R,0.0,R,127.0,R,73.0,R,57.0,R,7.0,R,1.0,R,6.0,R,3.0,R,50.0,R,24.0
438656,2013,A,,A,,A,,R,80.0,R,0.0,R,80.0,R,57.0,R,71.0,A,,A,,A,,A,,A,,R,30.0
438674,2013,A,,A,,A,,R,3.0,R,0.0,R,3.0,R,2.0,R,67.0,A,,A,,A,,A,,A,,R,13.0
438708,2013,R,55.0,R,170.0,R,32.0,R,81.0,Z,0.0,R,81.0,R,53.0,R,65.0,R,43.0,Z,0.0,R,43.0,R,20.0,R,47.0,R,19.0
438735,2013,A,,A,,A,,R,27.0,R,0.0,R,27.0,R,12.0,R,44.0,R,1.0,R,0.0,R,1.0,R,0.0,R,0.0,R,14.0
438805,2013,A,,A,,A,,A,,A,,A,,A,,A,,A,,A,,A,,A,,A,,R,37.0
438869,2013,A,,A,,A,,R,79.0,Z,0.0,R,79.0,R,52.0,R,66.0,A,,A,,A,,A,,A,,R,31.0
438902,2013,A,,A,,A,,R,0.0,R,0.0,R,0.0,R,0.0,A,,R,1.0,R,0.0,R,1.0,R,1.0,R,100.0,R,25.0
438984,2013,A,,A,,A,,R,75.0,R,0.0,R,75.0,R,56.0,R,75.0,R,0.0,R,0.0,R,0.0,R,0.0,A,,R,32.0
439020,2013,A,,A,,A,,A,,A,,A,,A,,A,,A,,A,,A,,A,,A,,R,14.0
439039,2013,A,,A,,A,,R,59.0,R,0.0,R,59.0,R,36.0,R,61.0,R,15.0,R,0.0,R,15.0,R,9.0,R,60.0,R,9.0
439057,2013,R,1.0,R,60.0,R,2.0,R,2.0,Z,0.0,R,2.0,Z,0.0,R,0.0,R,9.0,Z,0.0,R,9.0,R,1.0,R,11.0,R,7.0
439118,2013,A,,A,,A,,R,60.0,Z,0.0,R,60.0,R,43.0,R,72.0,R,0.0,R,0.0,R,0.0,R,0.0,A,,R,33.0
439127,2013,A,,A,,A,,R,89.0,R,0.0,R,89.0,R,69.0,R,78.0,A,,A,,A,,A,,A,,R,58.0
439136,2013,R,57.0,R,62.0,R,92.0,R,1.0,R,0.0,R,1.0,R,1.0,R,100.0,R,0.0,R,0.0,R,0.0,R,0.0,A,,R,18.0
439145,2013,R,253.0,R,1334.0,R,19.0,R,293.0,Z,0.0,R,293.0,R,150.0,R,51.0,R,210.0,Z,0.0,R,210.0,R,102.0,R,49.0,R,17.0
439190,2013,R,275.0,R,1312.0,R,21.0,R,275.0,Z,0.0,R,275.0,R,170.0,R,62.0,R,98.0,Z,0.0,R,98.0,R,42.0,R,43.0,R,17.0
439279,2013,A,,A,,A,,R,90.0,R,0.0,R,90.0,R,20.0,R,22.0,A,,A,,A,,A,,A,,R,12.0
439288,2013,R,327.0,R,469.0,R,70.0,R,298.0,R,0.0,R,298.0,R,242.0,R,81.0,R,2.0,R,0.0,R,2.0,R,0.0,R,0.0,R,22.0
439297,2013,A,,A,,A,,R,20.0,R,0.0,R,20.0,R,10.0,R,50.0,A,,A,,A,,A,,A,,R,10.0
439303,2013,R,13.0,R,19.0,R,68.0,R,12.0,Z,0.0,R,12.0,R,6.0,R,50.0,A,,A,,A,,A,,A,,R,8.0
439312,2013,R,5.0,R,8.0,R,63.0,R,7.0,R,0.0,R,7.0,R,5.0,R,71.0,A,,A,,A,,A,,A,,R,7.0
439367,2013,A,,A,,A,,R,44.0,R,0.0,R,44.0,R,40.0,R,91.0,A,,A,,A,,A,,A,,R,20.0
439394,2013,A,,A,,A,,A,,A,,A,,A,,A,,A,,A,,A,,A,,A,,R,7.0
439400,2013,A,,A,,A,,R,17.0,R,0.0,R,17.0,R,14.0,R,82.0,R,5.0,R,0.0,R,5.0,R,4.0,R,80.0,R,15.0
439437,2013,A,,A,,A,,R,57.0,R,0.0,R,57.0,R,38.0,R,67.0,A,,A,,A,,A,,A,,R,11.0
439446,2013,A,,A,,A,,A,,A,,A,,A,,A,,A,,A,,A,,A,,A,,R,7.0
439455,2013,R,129.0,R,167.0,R,77.0,R,175.0,R,0.0,R,175.0,R,141.0,R,81.0,R,31.0,R,0.0,R,31.0,R,22.0,R,71.0,R,15.0
439473,2013,A,,A,,A,,R,44.0,R,0.0,R,44.0,R,24.0,R,55.0,R,46.0,R,0.0,R,46.0,R,30.0,R,65.0,R,20.0
439482,2013,R,42.0,R,66.0,R,64.0,R,53.0,R,3.0,R,50.0,R,32.0,R,64.0,R,22.0,R,2.0,R,20.0,R,12.0,R,60.0,R,20.0
439491,2013,A,,A,,A,,R,143.0,R,0.0,R,143.0,R,27.0,R,19.0,A,,A,,A,,A,,A,,R,11.0
439507,2013,A,,A,,A,,R,262.0,R,0.0,R,262.0,R,208.0,R,79.0,A,,A,,A,,A,,A,,R,18.0
439525,2013,A,,A,,A,,R,239.0,R,0.0,R,239.0,R,187.0,R,78.0,A,,A,,A,,A,,A,,R,10.0
439570,2013,A,,A,,A,,R,247.0,R,0.0,R,247.0,R,190.0,R,77.0,A,,A,,A,,A,,A,,R,30.0
439589,2013,A,,A,,A,,R,72.0,Z,0.0,R,72.0,R,48.0,R,67.0,R,24.0,R,0.0,R,24.0,R,17.0,R,71.0,R,20.0
439613,2013,R,18.0,R,120.0,R,15.0,R,13.0,R,3.0,R,10.0,R,6.0,R,60.0,R,1.0,R,0.0,R,1.0,R,1.0,R,100.0,R,15.0
439622,2013,A,,A,,A,,R,22.0,R,0.0,R,22.0,R,22.0,R,100.0,A,,A,,A,,A,,A,,R,18.0
439631,2013,A,,A,,A,,R,24.0,R,0.0,R,24.0,R,22.0,R,92.0,A,,A,,A,,A,,A,,R,9.0
439668,2013,A,,A,,A,,A,,A,,A,,A,,A,,A,,A,,A,,A,,A,,R,10.0
439686,2013,A,,A,,A,,A,,A,,A,,A,,A,,A,,A,,A,,A,,A,,R,30.0
439701,2013,R,25.0,R,123.0,R,20.0,R,21.0,R,0.0,R,21.0,R,12.0,R,57.0,R,15.0,R,0.0,R,15.0,R,5.0,R,33.0,R,6.0
439729,2013,A,,A,,A,,R,1.0,R,0.0,R,1.0,R,1.0,R,100.0,R,0.0,R,0.0,R,0.0,R,0.0,A,,R,4.0
439738,2013,A,,A,,A,,R,36.0,Z,0.0,R,36.0,R,22.0,R,61.0,A,,A,,A,,A,,A,,R,18.0
439747,2013,A,,A,,A,,R,41.0,R,0.0,R,41.0,R,38.0,R,93.0,R,8.0,R,0.0,R,8.0,R,6.0,R,75.0,R,20.0
439774,2013,A,,A,,A,,R,23.0,R,0.0,R,23.0,R,19.0,R,83.0,R,8.0,R,0.0,R,8.0,R,7.0,R,88.0,R,18.0
439783,2013,A,,A,,A,,A,,A,,A,,A,,A,,A,,A,,A,,A,,A,,R,8.0
439792,2013,A,,A,,A,,R,48.0,Z,0.0,R,48.0,R,30.0,R,63.0,A,,A,,A,,A,,A,,R,22.0
439826,2013,A,,A,,A,,R,86.0,R,0.0,R,86.0,R,42.0,R,49.0,A,,A,,A,,A,,A,,R,30.0
439844,2013,A,,A,,A,,R,11.0,R,0.0,R,11.0,R,10.0,R,91.0,A,,A,,A,,A,,A,,R,22.0
439862,2013,R,17.0,R,25.0,R,68.0,R,12.0,R,1.0,R,11.0,R,9.0,R,82.0,R,1.0,R,0.0,R,1.0,R,0.0,R,0.0,R,11.0
439871,2013,A,,A,,A,,R,23.0,R,1.0,R,22.0,R,18.0,R,82.0,A,,A,,A,,A,,A,,R,10.0
439899,2013,A,,A,,A,,R,26.0,R,2.0,R,24.0,R,9.0,R,38.0,R,4.0,R,0.0,R,4.0,R,1.0,R,25.0,R,25.0
439905,2013,A,,A,,A,,R,0.0,R,0.0,R,0.0,R,0.0,A,,A,,A,,A,,A,,A,,R,7.0
439932,2013,A,,A,,A,,R,21.0,R,0.0,R,21.0,R,15.0,R,71.0,A,,A,,A,,A,,A,,R,7.0
439969,2013,A,,A,,A,,A,,A,,A,,A,,A,,R,0.0,R,0.0,R,0.0,R,0.0,A,,R,13.0
439978,2013,A,,A,,A,,R,59.0,R,0.0,R,59.0,R,38.0,R,64.0,A,,A,,A,,A,,A,,R,15.0
439996,2013,A,,A,,A,,R,70.0,R,0.0,R,70.0,R,59.0,R,84.0,A,,A,,A,,A,,A,,R,12.0
440059,2013,A,,A,,A,,R,81.0,R,0.0,R,81.0,R,31.0,R,38.0,R,3.0,Z,0.0,R,3.0,R,0.0,R,0.0,R,13.0
440077,2013,A,,A,,A,,R,21.0,R,0.0,R,21.0,R,9.0,R,43.0,A,,A,,A,,A,,A,,R,13.0
440086,2013,A,,A,,A,,R,161.0,R,0.0,R,161.0,R,111.0,R,69.0,R,64.0,R,0.0,R,64.0,R,34.0,R,53.0,R,25.0
440101,2013,A,,A,,A,,R,24.0,R,0.0,R,24.0,R,19.0,R,79.0,R,4.0,R,0.0,R,4.0,R,3.0,R,75.0,R,25.0
440110,2013,A,,A,,A,,R,174.0,R,0.0,R,174.0,R,138.0,R,79.0,A,,A,,A,,A,,A,,R,19.0
440129,2013,A,,A,,A,,R,113.0,R,0.0,R,113.0,R,81.0,R,72.0,A,,A,,A,,A,,A,,R,20.0
440147,2013,R,37.0,R,40.0,R,93.0,R,16.0,Z,0.0,R,16.0,R,6.0,R,38.0,R,1.0,Z,0.0,R,1.0,Z,0.0,R,0.0,R,15.0
440165,2013,R,21.0,R,29.0,R,72.0,R,0.0,R,0.0,R,0.0,R,0.0,A,,R,0.0,R,0.0,R,0.0,R,0.0,A,,R,12.0
440174,2013,A,,A,,A,,R,13.0,R,0.0,R,13.0,R,10.0,R,77.0,A,,A,,A,,A,,A,,R,9.0
440217,2013,A,,A,,A,,R,20.0,R,0.0,R,20.0,R,17.0,R,85.0,A,,A,,A,,A,,A,,R,17.0
440226,2013,A,,A,,A,,R,42.0,R,4.0,R,38.0,R,29.0,R,76.0,A,,A,,A,,A,,A,,R,8.0
440262,2013,A,,A,,A,,R,116.0,R,0.0,R,116.0,R,82.0,R,71.0,A,,A,,A,,A,,A,,R,15.0
440271,2013,A,,A,,A,,R,97.0,Z,0.0,R,97.0,R,53.0,R,55.0,A,,A,,A,,A,,A,,R,19.0
440299,2013,A,,A,,A,,R,2.0,R,0.0,R,2.0,R,1.0,R,50.0,R,1.0,R,0.0,R,1.0,R,0.0,R,0.0,R,40.0
440323,2013,A,,A,,A,,R,53.0,R,0.0,R,53.0,R,47.0,R,89.0,A,,A,,A,,A,,A,,R,39.0
440332,2013,A,,A,,A,,R,55.0,R,0.0,R,55.0,R,42.0,R,76.0,A,,A,,A,,A,,A,,R,35.0
440341,2013,R,330.0,R,624.0,R,53.0,R,134.0,R,1.0,R,133.0,R,68.0,R,51.0,R,7.0,Z,0.0,R,7.0,R,2.0,R,29.0,R,17.0
440369,2013,A,,A,,A,,R,61.0,R,0.0,R,61.0,R,35.0,R,57.0,A,,A,,A,,A,,A,,R,40.0
440396,2013,R,42.0,R,50.0,R,84.0,R,40.0,R,0.0,R,40.0,R,38.0,R,95.0,R,0.0,R,0.0,R,0.0,R,0.0,A,,R,15.0
440402,2013,R,289.0,R,837.0,R,35.0,R,269.0,R,0.0,R,269.0,R,144.0,R,54.0,R,80.0,R,0.0,R,80.0,R,33.0,R,41.0,R,14.0
440411,2013,A,,A,,A,,A,,A,,A,,A,,A,,A,,A,,A,,A,,A,,R,5.0
440420,2013,A,,A,,A,,R,4.0,R,0.0,R,4.0,R,2.0,R,50.0,A,,A,,A,,A,,A,,R,7.0
440439,2013,A,,A,,A,,R,100.0,R,0.0,R,100.0,R,42.0,R,42.0,A,,A,,A,,A,,A,,R,24.0
440448,2013,A,,A,,A,,R,104.0,R,0.0,R,104.0,R,41.0,R,39.0,A,,A,,A,,A,,A,,R,17.0
440457,2013,A,,A,,A,,R,57.0,R,0.0,R,57.0,R,22.0,R,39.0,A,,A,,A,,A,,A,,R,7.0
440466,2013,A,,A,,A,,R,10.0,R,0.0,R,10.0,R,4.0,R,40.0,A,,A,,A,,A,,A,,R,9.0
440484,2013,R,120.0,R,124.0,R,97.0,R,33.0,Z,0.0,R,33.0,R,22.0,R,67.0,R,1.0,Z,0.0,R,1.0,R,0.0,R,0.0,R,22.0
440642,2013,R,54.0,R,60.0,R,90.0,R,48.0,R,3.0,R,45.0,R,30.0,R,67.0,R,1.0,R,0.0,R,1.0,R,0.0,R,0.0,R,10.0
440651,2013,R,243.0,R,556.0,R,44.0,R,5.0,R,0.0,R,5.0,R,2.0,R,40.0,R,0.0,R,0.0,R,0.0,R,0.0,A,,R,23.0
440721,2013,A,,A,,A,,R,33.0,R,0.0,R,33.0,R,28.0,R,85.0,R,32.0,R,0.0,R,32.0,R,26.0,R,81.0,R,11.0
440730,2013,A,,A,,A,,R,374.0,R,0.0,R,374.0,R,333.0,R,89.0,A,,A,,A,,A,,A,,R,15.0
440749,2013,R,1.0,R,105.0,R,1.0,R,0.0,Z,0.0,R,0.0,Z,0.0,A,,R,4.0,Z,0.0,R,4.0,R,1.0,R,25.0,R,19.0
440758,2013,A,,A,,A,,R,5.0,Z,0.0,R,5.0,R,0.0,R,0.0,R,21.0,Z,0.0,R,21.0,R,8.0,R,38.0,R,15.0
440767,2013,A,,A,,A,,R,7.0,Z,0.0,R,7.0,R,2.0,R,29.0,R,60.0,Z,0.0,R,60.0,R,24.0,R,40.0,R,23.0
440776,2013,A,,A,,A,,R,9.0,Z,0.0,R,9.0,R,6.0,R,67.0,A,,A,,A,,A,,A,,R,10.0
440794,2013,R,53.0,R,149.0,R,36.0,R,42.0,R,0.0,R,42.0,R,26.0,R,62.0,R,4.0,R,0.0,R,4.0,R,2.0,R,50.0,R,15.0
440800,2013,A,,A,,A,,R,0.0,R,0.0,R,0.0,R,0.0,A,,A,,A,,A,,A,,A,,R,8.0
440819,2013,A,,A,,A,,R,0.0,R,0.0,R,0.0,R,0.0,A,,A,,A,,A,,A,,A,,R,16.0
440828,2013,A,,A,,A,,A,,A,,A,,A,,A,,A,,A,,A,,A,,A,,R,23.0
440855,2013,A,,A,,A,,A,,A,,A,,A,,A,,A,,A,,A,,A,,A,,R,17.0
440873,2013,A,,A,,A,,R,94.0,R,0.0,R,94.0,R,59.0,R,63.0,A,,A,,A,,A,,A,,R,49.0
440882,2013,A,,A,,A,,R,12.0,Z,0.0,R,12.0,R,9.0,R,75.0,A,,A,,A,,A,,A,,R,26.0
440891,2013,A,,A,,A,,R,45.0,R,0.0,R,45.0,R,32.0,R,71.0,A,,A,,A,,A,,A,,R,27.0
440907,2013,A,,A,,A,,R,252.0,R,0.0,R,252.0,R,202.0,R,80.0,R,271.0,R,0.0,R,271.0,R,177.0,R,65.0,R,25.0
440925,2013,R,16.0,R,56.0,R,29.0,R,10.0,Z,0.0,R,10.0,R,7.0,R,70.0,R,5.0,Z,0.0,R,5.0,R,3.0,R,60.0,R,15.0
440952,2013,A,,A,,A,,R,87.0,R,0.0,R,87.0,R,72.0,R,83.0,R,14.0,R,0.0,R,14.0,R,11.0,R,79.0,R,28.0
440989,2013,A,,A,,A,,R,88.0,R,0.0,R,88.0,R,48.0,R,55.0,A,,A,,A,,A,,A,,R,28.0
441016,2013,A,,A,,A,,R,132.0,R,1.0,R,131.0,R,96.0,R,73.0,A,,A,,A,,A,,A,,R,30.0
441025,2013,R,78.0,R,233.0,R,33.0,R,103.0,Z,0.0,R,103.0,R,64.0,R,62.0,R,27.0,Z,0.0,R,27.0,R,7.0,R,26.0,R,21.0
441052,2013,A,,A,,A,,R,140.0,R,0.0,R,140.0,R,103.0,R,74.0,A,,A,,A,,A,,A,,R,14.0
441070,2013,R,10.0,R,26.0,R,38.0,R,18.0,R,0.0,R,18.0,R,10.0,R,56.0,R,13.0,R,0.0,R,13.0,R,8.0,R,62.0,R,8.0
441089,2013,A,,A,,A,,R,493.0,R,0.0,R,493.0,R,369.0,R,75.0,A,,A,,A,,A,,A,,R,25.0
441168,2013,A,,A,,A,,R,18.0,Z,0.0,R,18.0,R,17.0,R,94.0,A,,A,,A,,A,,A,,R,14.0
441186,2013,A,,A,,A,,R,0.0,Z,0.0,R,0.0,R,0.0,A,,R,101.0,Z,0.0,R,101.0,R,94.0,R,93.0,R,16.0
441195,2013,A,,A,,A,,R,26.0,R,0.0,R,26.0,R,23.0,R,88.0,A,,A,,A,,A,,A,,R,18.0
441201,2013,R,19.0,R,44.0,R,43.0,R,27.0,Z,0.0,R,27.0,R,16.0,R,59.0,R,11.0,Z,0.0,R,11.0,R,4.0,R,36.0,R,12.0
441210,2013,A,,A,,A,,R,117.0,R,0.0,R,117.0,R,81.0,R,69.0,R,158.0,R,0.0,R,158.0,R,89.0,R,56.0,R,25.0
441229,2013,R,185.0,R,298.0,R,62.0,R,179.0,R,0.0,R,179.0,R,143.0,R,80.0,A,,A,,A,,A,,A,,R,7.0
441256,2013,A,,A,,A,,R,12.0,R,0.0,R,12.0,R,9.0,R,75.0,A,,A,,A,,A,,A,,R,15.0
441274,2013,A,,A,,A,,R,33.0,R,0.0,R,33.0,R,27.0,R,82.0,R,5.0,R,0.0,R,5.0,R,3.0,R,60.0,R,15.0
441317,2013,A,,A,,A,,R,55.0,R,0.0,R,55.0,R,50.0,R,91.0,A,,A,,A,,A,,A,,R,8.0
441335,2013,A,,A,,A,,R,0.0,R,0.0,R,0.0,R,0.0,A,,A,,A,,A,,A,,A,,R,10.0
441353,2013,A,,A,,A,,R,6.0,Z,0.0,R,6.0,R,6.0,R,100.0,A,,A,,A,,A,,A,,R,12.0
441362,2013,A,,A,,A,,R,99.0,R,0.0,R,99.0,R,68.0,R,69.0,R,30.0,R,0.0,R,30.0,R,13.0,R,43.0,R,44.0
441371,2013,A,,A,,A,,R,112.0,R,0.0,R,112.0,R,78.0,R,70.0,A,,A,,A,,A,,A,,R,16.0
441380,2013,A,,A,,A,,R,82.0,Z,0.0,R,82.0,R,48.0,R,59.0,R,16.0,Z,0.0,R,16.0,R,4.0,R,25.0,R,34.0
441405,2013,A,,A,,A,,R,10.0,R,0.0,R,10.0,R,7.0,R,70.0,A,,A,,A,,A,,A,,R,20.0
441414,2013,A,,A,,A,,R,22.0,R,0.0,R,22.0,R,10.0,R,45.0,R,140.0,R,0.0,R,140.0,R,50.0,R,36.0,R,22.0
441423,2013,A,,A,,A,,R,101.0,R,0.0,R,101.0,R,92.0,R,91.0,A,,A,,A,,A,,A,,R,25.0
441432,2013,A,,A,,A,,R,38.0,R,1.0,R,37.0,R,23.0,R,62.0,A,,A,,A,,A,,A,,R,8.0
441441,2013,A,,A,,A,,R,218.0,R,0.0,R,218.0,R,181.0,R,83.0,R,1.0,R,0.0,R,1.0,R,1.0,R,100.0,R,12.0
441478,2013,A,,A,,A,,A,,A,,A,,A,,A,,A,,A,,A,,A,,A,,R,5.0
441487,2013,A,,A,,A,,R,29.0,R,0.0,R,29.0,R,21.0,R,72.0,R,2.0,R,0.0,R,2.0,R,0.0,R,0.0,R,10.0
441496,2013,A,,A,,A,,R,24.0,Z,0.0,R,24.0,R,13.0,R,54.0,R,2.0,Z,0.0,R,2.0,R,0.0,R,0.0,R,8.0
441502,2013,R,117.0,R,274.0,R,43.0,R,102.0,R,0.0,R,102.0,R,90.0,R,88.0,R,11.0,R,0.0,R,11.0,R,9.0,R,82.0,R,20.0
441511,2013,R,44.0,R,86.0,R,51.0,R,70.0,R,0.0,R,70.0,R,63.0,R,90.0,R,15.0,R,0.0,R,15.0,R,13.0,R,87.0,R,19.0
441548,2013,A,,A,,A,,R,114.0,R,0.0,R,114.0,R,96.0,R,84.0,A,,A,,A,,A,,A,,R,8.0
441575,2013,A,,A,,A,,R,198.0,R,0.0,R,198.0,R,148.0,R,75.0,A,,A,,A,,A,,A,,R,14.0
441593,2013,A,,A,,A,,R,4.0,R,0.0,R,4.0,R,4.0,R,100.0,A,,A,,A,,A,,A,,R,24.0
441609,2013,R,5.0,R,5.0,R,100.0,R,2.0,R,0.0,R,2.0,R,2.0,R,100.0,A,,A,,A,,A,,A,,R,8.0
441618,2013,A,,A,,A,,R,10.0,Z,0.0,R,10.0,R,8.0,R,80.0,R,5.0,Z,0.0,R,5.0,R,5.0,R,100.0,R,3.0
441627,2013,A,,A,,A,,A,,A,,A,,A,,A,,A,,A,,A,,A,,A,,R,2.0
441636,2013,R,6.0,R,109.0,R,6.0,R,7.0,R,0.0,R,7.0,R,5.0,R,71.0,R,6.0,R,0.0,R,6.0,R,4.0,R,67.0,R,20.0
441645,2013,A,,A,,A,,R,19.0,R,0.0,R,19.0,R,17.0,R,89.0,R,0.0,R,0.0,R,0.0,R,0.0,A,,R,11.0
441663,2013,A,,A,,A,,R,80.0,R,0.0,R,80.0,R,52.0,R,65.0,R,5.0,R,0.0,R,5.0,R,3.0,R,60.0,R,16.0
441672,2013,A,,A,,A,,R,11.0,R,0.0,R,11.0,R,11.0,R,100.0,A,,A,,A,,A,,A,,R,6.0
441690,2013,R,12.0,R,97.0,R,12.0,R,9.0,R,0.0,R,9.0,R,7.0,R,78.0,R,4.0,R,0.0,R,4.0,R,4.0,R,100.0,R,13.0
441706,2013,A,,A,,A,,R,111.0,R,0.0,R,111.0,R,85.0,R,77.0,A,,A,,A,,A,,A,,R,17.0
441742,2013,A,,A,,A,,R,168.0,R,0.0,R,168.0,R,141.0,R,84.0,A,,A,,A,,A,,A,,R,21.0
441751,2013,A,,A,,A,,R,3.0,R,0.0,R,3.0,R,2.0,R,67.0,A,,A,,A,,A,,A,,R,15.0
441760,2013,R,439.0,R,991.0,R,44.0,R,418.0,R,0.0,R,418.0,R,215.0,R,51.0,R,216.0,Z,0.0,R,216.0,R,88.0,R,41.0,R,16.0
441779,2013,A,,A,,A,,R,13.0,Z,0.0,R,13.0,R,7.0,R,54.0,A,,A,,A,,A,,A,,R,17.0
441788,2013,A,,A,,A,,R,67.0,Z,0.0,R,67.0,R,37.0,R,55.0,R,2.0,Z,0.0,R,2.0,R,1.0,R,50.0,R,25.0
441830,2013,A,,A,,A,,R,5.0,R,0.0,R,5.0,R,4.0,R,80.0,R,20.0,R,0.0,R,20.0,R,17.0,R,85.0,R,8.0
441858,2013,A,,A,,A,,R,42.0,R,0.0,R,42.0,R,7.0,R,17.0,R,48.0,R,0.0,R,48.0,R,10.0,R,21.0,R,16.0
441876,2013,A,,A,,A,,R,26.0,R,0.0,R,26.0,R,19.0,R,73.0,R,10.0,Z,0.0,R,10.0,R,6.0,R,60.0,R,15.0
441894,2013,A,,A,,A,,N,6.0,N,0.0,N,6.0,N,6.0,N,100.0,N,0.0,N,0.0,N,0.0,N,0.0,A,,R,4.0
441900,2013,R,163.0,R,892.0,R,18.0,R,157.0,R,0.0,R,157.0,R,106.0,R,68.0,R,100.0,R,0.0,R,100.0,R,35.0,R,35.0,R,19.0
441919,2013,A,,A,,A,,R,111.0,R,6.0,R,105.0,R,42.0,R,40.0,R,20.0,R,0.0,R,20.0,R,5.0,R,25.0,R,8.0
441928,2013,R,183.0,R,326.0,R,56.0,R,56.0,R,1.0,R,55.0,R,15.0,R,27.0,R,104.0,R,2.0,R,102.0,R,41.0,R,40.0,R,11.0
441937,2013,R,823.0,R,1760.0,R,47.0,R,732.0,Z,0.0,R,732.0,R,572.0,R,78.0,R,24.0,Z,0.0,R,24.0,R,10.0,R,42.0,R,20.0
441955,2013,R,93.0,R,103.0,R,90.0,R,0.0,R,0.0,R,0.0,R,0.0,A,,R,0.0,R,0.0,R,0.0,R,0.0,A,,R,29.0
441964,2013,R,54.0,R,67.0,R,81.0,R,0.0,R,0.0,R,0.0,R,0.0,A,,R,0.0,R,0.0,R,0.0,R,0.0,A,,R,36.0
441973,2013,R,230.0,R,604.0,R,38.0,R,113.0,Z,0.0,R,113.0,R,63.0,R,56.0,R,54.0,Z,0.0,R,54.0,R,17.0,R,31.0,R,19.0
441982,2013,R,82.0,R,98.0,R,84.0,R,81.0,R,0.0,R,81.0,R,78.0,R,96.0,A,,A,,A,,A,,A,,R,8.0
442037,2013,A,,A,,A,,R,29.0,R,0.0,R,29.0,R,23.0,R,79.0,A,,A,,A,,A,,A,,R,21.0
442046,2013,A,,A,,A,,R,191.0,R,0.0,R,191.0,R,104.0,R,54.0,R,10.0,R,0.0,R,10.0,R,1.0,R,10.0,R,25.0
442073,2013,A,,A,,A,,R,115.0,R,0.0,R,115.0,R,86.0,R,75.0,R,96.0,R,0.0,R,96.0,R,74.0,R,77.0,R,13.0
442134,2013,A,,A,,A,,R,144.0,R,0.0,R,144.0,R,96.0,R,67.0,A,,A,,A,,A,,A,,R,25.0
442143,2013,A,,A,,A,,R,34.0,R,0.0,R,34.0,R,13.0,R,38.0,A,,A,,A,,A,,A,,R,12.0
442152,2013,A,,A,,A,,R,135.0,R,0.0,R,135.0,R,74.0,R,55.0,A,,A,,A,,A,,A,,R,18.0
442161,2013,A,,A,,A,,R,54.0,R,0.0,R,54.0,R,23.0,R,43.0,A,,A,,A,,A,,A,,R,11.0
442170,2013,A,,A,,A,,R,201.0,R,0.0,R,201.0,R,89.0,R,44.0,A,,A,,A,,A,,A,,R,15.0
442189,2013,A,,A,,A,,R,23.0,R,0.0,R,23.0,R,12.0,R,52.0,A,,A,,A,,A,,A,,R,14.0
442204,2013,A,,A,,A,,R,167.0,R,0.0,R,167.0,R,166.0,R,99.0,R,13.0,R,0.0,R,13.0,R,13.0,R,100.0,R,32.0
442213,2013,A,,A,,A,,R,0.0,R,0.0,R,0.0,R,0.0,A,,R,0.0,R,0.0,R,0.0,R,0.0,A,,R,6.0
442222,2013,A,,A,,A,,R,5.0,Z,0.0,R,5.0,R,3.0,R,60.0,R,11.0,Z,0.0,R,11.0,R,5.0,R,45.0,R,9.0
442231,2013,A,,A,,A,,R,187.0,Z,0.0,R,187.0,R,125.0,R,67.0,A,,A,,A,,A,,A,,R,36.0
442240,2013,A,,A,,A,,R,52.0,R,0.0,R,52.0,R,40.0,R,77.0,R,20.0,R,0.0,R,20.0,R,19.0,R,95.0,R,15.0
442329,2013,A,,A,,A,,R,189.0,Z,0.0,R,189.0,R,120.0,R,63.0,A,,A,,A,,A,,A,,R,30.0
442338,2013,R,45.0,R,77.0,R,58.0,R,0.0,R,0.0,R,0.0,R,0.0,A,,R,0.0,R,0.0,R,0.0,R,0.0,A,,R,14.0
442347,2013,R,41.0,R,57.0,R,72.0,R,27.0,R,0.0,R,27.0,R,9.0,R,33.0,R,7.0,R,0.0,R,7.0,R,2.0,R,29.0,R,10.0
442356,2013,R,109.0,R,476.0,R,23.0,R,1.0,R,0.0,R,1.0,R,0.0,R,0.0,R,0.0,R,0.0,R,0.0,R,0.0,A,,R,12.0
442383,2013,R,62.0,R,100.0,R,62.0,R,65.0,R,0.0,R,65.0,R,43.0,R,66.0,R,1.0,R,0.0,R,1.0,R,0.0,R,0.0,R,22.0
442408,2013,A,,A,,A,,R,20.0,Z,0.0,R,20.0,R,15.0,R,75.0,A,,A,,A,,A,,A,,R,30.0
442426,2013,A,,A,,A,,R,57.0,R,0.0,R,57.0,R,48.0,R,84.0,R,0.0,R,0.0,R,0.0,R,0.0,A,,R,9.0
442435,2013,R,14.0,R,18.0,R,78.0,R,21.0,R,0.0,R,21.0,R,12.0,R,57.0,A,,A,,A,,A,,A,,R,10.0
442444,2013,A,,A,,A,,R,45.0,R,0.0,R,45.0,R,35.0,R,78.0,A,,A,,A,,A,,A,,R,17.0
442462,2013,A,,A,,A,,R,96.0,R,0.0,R,96.0,R,74.0,R,77.0,A,,A,,A,,A,,A,,R,20.0
442523,2013,R,19.0,R,25.0,R,76.0,R,17.0,R,0.0,R,17.0,R,8.0,R,47.0,R,2.0,R,0.0,R,2.0,R,1.0,R,50.0,R,10.0
442569,2013,A,,A,,A,,R,843.0,R,4.0,R,839.0,R,322.0,R,38.0,R,288.0,R,0.0,R,288.0,R,30.0,R,10.0,R,15.0
442578,2013,R,12.0,R,49.0,R,24.0,R,1.0,R,0.0,R,1.0,R,0.0,R,0.0,R,1.0,R,0.0,R,1.0,R,1.0,R,100.0,R,8.0
442602,2013,A,,A,,A,,R,61.0,Z,0.0,R,61.0,R,50.0,R,82.0,R,0.0,R,0.0,R,0.0,R,0.0,A,,R,24.0
442611,2013,A,,A,,A,,R,346.0,R,1.0,R,345.0,R,239.0,R,69.0,A,,A,,A,,A,,A,,R,31.0
442620,2013,A,,A,,A,,R,40.0,R,0.0,R,40.0,R,29.0,R,73.0,A,,A,,A,,A,,A,,R,20.0
442639,2013,R,3.0,R,9.0,R,33.0,R,4.0,R,0.0,R,4.0,R,3.0,R,75.0,A,,A,,A,,A,,A,,R,12.0
442648,2013,A,,A,,A,,R,281.0,R,0.0,R,281.0,R,200.0,R,71.0,A,,A,,A,,A,,A,,R,19.0
442657,2013,A,,A,,A,,A,,A,,A,,A,,A,,A,,A,,A,,A,,A,,R,15.0
442718,2013,A,,A,,A,,R,3.0,Z,0.0,R,3.0,R,2.0,R,67.0,R,38.0,Z,0.0,R,38.0,R,14.0,R,37.0,R,15.0
442727,2013,A,,A,,A,,R,250.0,R,0.0,R,250.0,R,193.0,R,77.0,A,,A,,A,,A,,A,,R,24.0
442736,2013,A,,A,,A,,R,31.0,R,0.0,R,31.0,R,24.0,R,77.0,A,,A,,A,,A,,A,,R,30.0
442745,2013,A,,A,,A,,R,101.0,Z,0.0,R,101.0,R,69.0,R,68.0,A,,A,,A,,A,,A,,R,17.0
442781,2013,R,12.0,R,87.0,R,14.0,R,26.0,R,0.0,R,26.0,R,11.0,R,42.0,R,13.0,R,0.0,R,13.0,R,2.0,R,15.0,R,7.0
442790,2013,A,,A,,A,,R,113.0,R,0.0,R,113.0,R,52.0,R,46.0,R,9.0,R,0.0,R,9.0,R,2.0,R,22.0,R,24.0
442815,2013,A,,A,,A,,A,,A,,A,,A,,A,,A,,A,,A,,A,,A,,R,25.0
442842,2013,R,7.0,R,19.0,R,37.0,R,0.0,R,0.0,R,0.0,R,0.0,A,,R,0.0,R,0.0,R,0.0,R,0.0,A,,R,9.0
442879,2013,A,,A,,A,,R,297.0,R,0.0,R,297.0,R,257.0,R,87.0,A,,A,,A,,A,,A,,R,26.0
442888,2013,A,,A,,A,,R,61.0,Z,0.0,R,61.0,R,48.0,R,79.0,A,,A,,A,,A,,A,,R,11.0
442897,2013,A,,A,,A,,A,,A,,A,,A,,A,,R,1.0,R,0.0,R,1.0,R,0.0,R,0.0,R,8.0
442930,2013,A,,A,,A,,R,147.0,R,0.0,R,147.0,R,108.0,R,73.0,A,,A,,A,,A,,A,,R,15.0
442949,2013,A,,A,,A,,A,,A,,A,,A,,A,,A,,A,,A,,A,,A,,R,6.0
442958,2013,A,,A,,A,,R,10.0,R,0.0,R,10.0,R,9.0,R,90.0,R,15.0,R,0.0,R,15.0,R,13.0,R,87.0,R,20.0
442967,2013,A,,A,,A,,R,45.0,R,0.0,R,45.0,R,34.0,R,76.0,A,,A,,A,,A,,A,,R,25.0
442976,2013,A,,A,,A,,R,47.0,Z,0.0,R,47.0,R,33.0,R,70.0,A,,A,,A,,A,,A,,R,14.0
442985,2013,A,,A,,A,,R,21.0,R,0.0,R,21.0,R,13.0,R,62.0,A,,A,,A,,A,,A,,R,20.0
443021,2013,A,,A,,A,,R,121.0,R,0.0,R,121.0,R,76.0,R,63.0,A,,A,,A,,A,,A,,R,23.0
443049,2013,R,6.0,R,28.0,R,21.0,R,10.0,R,0.0,R,10.0,R,8.0,R,80.0,A,,A,,A,,A,,A,,R,15.0
443058,2013,R,2.0,R,24.0,R,8.0,R,1.0,R,1.0,R,0.0,R,0.0,A,,R,0.0,R,0.0,R,0.0,R,0.0,A,,R,7.0
443076,2013,A,,A,,A,,A,,A,,A,,A,,A,,R,0.0,R,0.0,R,0.0,R,0.0,A,,R,1.0
443100,2013,A,,A,,A,,R,75.0,R,0.0,R,75.0,R,34.0,R,45.0,A,,A,,A,,A,,A,,R,16.0
443137,2013,A,,A,,A,,A,,A,,A,,A,,A,,A,,A,,A,,A,,A,,R,21.0
443146,2013,A,,A,,A,,R,42.0,R,0.0,R,42.0,R,34.0,R,81.0,R,8.0,R,0.0,R,8.0,R,8.0,R,100.0,R,16.0
443173,2013,A,,A,,A,,R,3.0,R,0.0,R,3.0,R,2.0,R,67.0,R,2.0,R,0.0,R,2.0,R,0.0,R,0.0,R,12.0
443207,2013,A,,A,,A,,A,,A,,A,,A,,A,,A,,A,,A,,A,,A,,R,10.0
443216,2013,A,,A,,A,,R,60.0,R,0.0,R,60.0,R,59.0,R,98.0,A,,A,,A,,A,,A,,R,27.0
443225,2013,A,,A,,A,,R,53.0,R,0.0,R,53.0,R,37.0,R,70.0,A,,A,,A,,A,,A,,R,24.0
443234,2013,A,,A,,A,,R,33.0,R,0.0,R,33.0,R,19.0,R,58.0,A,,A,,A,,A,,A,,R,18.0
443252,2013,A,,A,,A,,R,588.0,R,0.0,R,588.0,R,565.0,R,96.0,A,,A,,A,,A,,A,,R,21.0
443261,2013,A,,A,,A,,R,42.0,Z,0.0,R,42.0,R,32.0,R,76.0,R,22.0,Z,0.0,R,22.0,R,15.0,R,68.0,R,8.0
443270,2013,R,71.0,R,90.0,R,79.0,R,64.0,R,0.0,R,64.0,R,46.0,R,72.0,R,9.0,Z,0.0,R,9.0,R,7.0,R,78.0,R,6.0
443289,2013,A,,A,,A,,R,26.0,R,1.0,R,25.0,R,20.0,R,80.0,A,,A,,A,,A,,A,,R,16.0
443298,2013,A,,A,,A,,R,5.0,R,0.0,R,5.0,R,3.0,R,60.0,A,,A,,A,,A,,A,,R,25.0
443322,2013,A,,A,,A,,R,91.0,R,0.0,R,91.0,R,75.0,R,82.0,A,,A,,A,,A,,A,,R,7.0
443331,2013,R,16.0,R,169.0,R,9.0,R,12.0,R,0.0,R,12.0,R,10.0,R,83.0,R,0.0,R,0.0,R,0.0,R,0.0,A,,R,22.0
443340,2013,R,9.0,R,22.0,R,41.0,R,4.0,R,0.0,R,4.0,R,1.0,R,25.0,A,,A,,A,,A,,A,,R,7.0
443359,2013,A,,A,,A,,R,40.0,R,0.0,R,40.0,R,25.0,R,63.0,R,6.0,R,0.0,R,6.0,R,4.0,R,67.0,R,15.0
443377,2013,R,61.0,R,71.0,R,86.0,R,61.0,R,0.0,R,61.0,R,52.0,R,85.0,A,,A,,A,,A,,A,,R,10.0
443410,2013,R,148.0,R,294.0,R,50.0,R,160.0,Z,0.0,R,160.0,R,121.0,R,76.0,R,0.0,Z,0.0,R,0.0,Z,0.0,A,,R,18.0
443429,2013,A,,A,,A,,R,9.0,R,0.0,R,9.0,R,8.0,R,89.0,A,,A,,A,,A,,A,,R,17.0
443438,2013,A,,A,,A,,R,25.0,Z,0.0,R,25.0,R,12.0,R,48.0,A,,A,,A,,A,,A,,R,16.0
443456,2013,A,,A,,A,,A,,A,,A,,A,,A,,A,,A,,A,,A,,A,,R,5.0
443465,2013,A,,A,,A,,A,,A,,A,,A,,A,,A,,A,,A,,A,,A,,R,4.0
443474,2013,A,,A,,A,,R,99.0,R,2.0,R,97.0,R,37.0,R,38.0,A,,A,,A,,A,,A,,R,18.0
443483,2013,A,,A,,A,,A,,A,,A,,A,,A,,A,,A,,A,,A,,A,,R,10.0
443492,2013,R,503.0,R,1360.0,R,37.0,R,635.0,Z,0.0,R,635.0,R,244.0,R,38.0,R,70.0,Z,0.0,R,70.0,R,23.0,R,33.0,R,17.0
443526,2013,R,35.0,R,46.0,R,76.0,R,0.0,R,0.0,R,0.0,R,0.0,A,,R,0.0,R,0.0,R,0.0,R,0.0,A,,R,38.0
443535,2013,R,41.0,R,67.0,R,61.0,R,0.0,R,0.0,R,0.0,R,0.0,A,,R,0.0,R,0.0,R,0.0,R,0.0,A,,R,13.0
443544,2013,A,,A,,A,,R,74.0,R,0.0,R,74.0,R,25.0,R,34.0,A,,A,,A,,A,,A,,R,6.0
443562,2013,R,532.0,R,696.0,R,76.0,R,348.0,R,0.0,R,348.0,R,242.0,R,70.0,R,42.0,R,0.0,R,42.0,R,31.0,R,74.0,R,21.0
443571,2013,A,,A,,A,,R,74.0,Z,0.0,R,74.0,R,57.0,R,77.0,A,,A,,A,,A,,A,,R,11.0
443599,2013,R,3.0,R,67.0,R,4.0,R,0.0,R,0.0,R,0.0,R,0.0,A,,R,0.0,R,0.0,R,0.0,R,0.0,A,,R,24.0
443623,2013,A,,A,,A,,R,169.0,Z,0.0,R,169.0,R,129.0,R,76.0,A,,A,,A,,A,,A,,R,40.0
443632,2013,A,,A,,A,,R,83.0,R,0.0,R,83.0,R,69.0,R,83.0,A,,A,,A,,A,,A,,R,15.0
443641,2013,A,,A,,A,,R,48.0,R,0.0,R,48.0,R,41.0,R,85.0,R,21.0,R,0.0,R,21.0,R,16.0,R,76.0,R,15.0
443650,2013,R,77.0,R,170.0,R,45.0,R,84.0,Z,0.0,R,84.0,R,63.0,R,75.0,R,40.0,Z,0.0,R,40.0,R,15.0,R,38.0,R,12.0
443669,2013,A,,A,,A,,R,107.0,Z,0.0,R,107.0,R,80.0,R,75.0,A,,A,,A,,A,,A,,R,16.0
443678,2013,A,,A,,A,,R,34.0,R,0.0,R,34.0,R,29.0,R,85.0,R,14.0,R,0.0,R,14.0,R,10.0,R,71.0,R,15.0
443687,2013,R,26.0,R,27.0,R,96.0,R,16.0,Z,0.0,R,16.0,R,5.0,R,31.0,R,0.0,Z,0.0,R,0.0,R,0.0,A,,R,17.0
443696,2013,A,,A,,A,,R,8.0,Z,0.0,R,8.0,R,6.0,R,75.0,A,,A,,A,,A,,A,,R,10.0
443739,2013,A,,A,,A,,R,84.0,R,0.0,R,84.0,R,70.0,R,83.0,A,,A,,A,,A,,A,,R,20.0
443748,2013,A,,A,,A,,R,89.0,R,0.0,R,89.0,R,65.0,R,73.0,A,,A,,A,,A,,A,,R,30.0
443766,2013,R,4.0,R,357.0,R,1.0,R,1.0,Z,0.0,R,1.0,R,0.0,R,0.0,R,52.0,Z,0.0,R,52.0,R,14.0,R,27.0,R,17.0
443784,2013,R,7.0,R,399.0,R,2.0,R,6.0,Z,0.0,R,6.0,R,2.0,R,33.0,R,74.0,Z,0.0,R,74.0,R,21.0,R,28.0,R,17.0
443827,2013,A,,A,,A,,R,125.0,R,0.0,R,125.0,R,112.0,R,90.0,A,,A,,A,,A,,A,,R,37.0
443836,2013,A,,A,,A,,R,70.0,R,0.0,R,70.0,R,55.0,R,79.0,A,,A,,A,,A,,A,,R,22.0
443845,2013,A,,A,,A,,R,195.0,R,0.0,R,195.0,R,115.0,R,59.0,A,,A,,A,,A,,A,,R,17.0
443854,2013,A,,A,,A,,R,96.0,R,0.0,R,96.0,R,68.0,R,71.0,R,5.0,R,0.0,R,5.0,R,2.0,R,40.0,R,30.0
443881,2013,A,,A,,A,,R,62.0,R,0.0,R,62.0,R,27.0,R,44.0,A,,A,,A,,A,,A,,R,21.0
443890,2013,A,,A,,A,,R,125.0,R,0.0,R,125.0,R,59.0,R,47.0,A,,A,,A,,A,,A,,R,18.0
443906,2013,A,,A,,A,,A,,A,,A,,A,,A,,A,,A,,A,,A,,A,,R,4.0
443924,2013,A,,A,,A,,R,92.0,R,0.0,R,92.0,R,27.0,R,29.0,A,,A,,A,,A,,A,,R,11.0
443942,2013,A,,A,,A,,R,9.0,R,0.0,R,9.0,R,7.0,R,78.0,A,,A,,A,,A,,A,,R,21.0
443951,2013,A,,A,,A,,R,59.0,R,0.0,R,59.0,R,39.0,R,66.0,A,,A,,A,,A,,A,,R,19.0
443979,2013,A,,A,,A,,R,4.0,R,0.0,R,4.0,R,3.0,R,75.0,R,1.0,R,0.0,R,1.0,R,1.0,R,100.0,R,5.0
444024,2013,A,,A,,A,,R,102.0,R,0.0,R,102.0,R,72.0,R,71.0,R,3.0,R,0.0,R,3.0,R,0.0,R,0.0,R,30.0
444042,2013,R,260.0,R,448.0,R,58.0,R,61.0,R,0.0,R,61.0,R,44.0,R,72.0,R,56.0,R,0.0,R,56.0,R,13.0,R,23.0,R,29.0
444051,2013,A,,A,,A,,R,51.0,Z,0.0,R,51.0,R,36.0,R,71.0,R,23.0,R,0.0,R,23.0,R,16.0,R,70.0,R,21.0
444079,2013,A,,A,,A,,R,51.0,Z,0.0,R,51.0,R,26.0,R,51.0,R,9.0,Z,0.0,R,9.0,R,5.0,R,56.0,R,13.0
444088,2013,A,,A,,A,,R,9.0,R,0.0,R,9.0,R,4.0,R,44.0,R,0.0,R,0.0,R,0.0,R,0.0,A,,R,30.0
444121,2013,A,,A,,A,,A,,A,,A,,A,,A,,A,,A,,A,,A,,A,,R,10.0
444130,2013,A,,A,,A,,A,,A,,A,,A,,A,,A,,A,,A,,A,,A,,R,3.0
444158,2013,R,1081.0,R,4000.0,R,27.0,R,723.0,Z,0.0,R,723.0,R,308.0,R,43.0,R,323.0,Z,0.0,R,323.0,R,115.0,R,36.0,R,29.0
444167,2013,R,440.0,R,1129.0,R,39.0,R,24.0,R,0.0,R,24.0,R,8.0,R,33.0,R,11.0,R,0.0,R,11.0,R,5.0,R,45.0,R,27.0
444194,2013,A,,A,,A,,R,43.0,R,0.0,R,43.0,R,30.0,R,70.0,A,,A,,A,,A,,A,,R,13.0
444200,2013,A,,A,,A,,R,121.0,R,0.0,R,121.0,R,69.0,R,57.0,R,31.0,R,0.0,R,31.0,R,16.0,R,52.0,R,33.0
444219,2013,R,543.0,R,2762.0,R,20.0,R,476.0,Z,0.0,R,476.0,R,352.0,R,74.0,R,936.0,Z,0.0,R,936.0,R,437.0,R,47.0,R,29.0
444228,2013,A,,A,,A,,R,14.0,R,0.0,R,14.0,R,14.0,R,100.0,A,,A,,A,,A,,A,,R,8.0
444237,2013,A,,A,,A,,R,48.0,R,0.0,R,48.0,R,31.0,R,65.0,A,,A,,A,,A,,A,,R,40.0
444255,2013,R,21.0,R,41.0,R,51.0,R,0.0,R,0.0,R,0.0,R,0.0,A,,R,0.0,R,0.0,R,0.0,R,0.0,A,,R,11.0
444264,2013,A,,A,,A,,R,36.0,R,0.0,R,36.0,R,34.0,R,94.0,R,10.0,R,0.0,R,10.0,R,7.0,R,70.0,R,8.0
444282,2013,A,,A,,A,,R,46.0,R,0.0,R,46.0,R,31.0,R,67.0,R,11.0,R,0.0,R,11.0,R,7.0,R,64.0,R,17.0
444291,2013,A,,A,,A,,R,52.0,R,0.0,R,52.0,R,29.0,R,56.0,R,8.0,R,0.0,R,8.0,R,5.0,R,63.0,R,17.0
444307,2013,A,,A,,A,,R,40.0,R,0.0,R,40.0,R,34.0,R,85.0,R,13.0,R,0.0,R,13.0,R,9.0,R,69.0,R,21.0
444316,2013,A,,A,,A,,R,148.0,R,0.0,R,148.0,R,125.0,R,84.0,A,,A,,A,,A,,A,,R,16.0
444325,2013,A,,A,,A,,R,6.0,R,0.0,R,6.0,R,5.0,R,83.0,R,5.0,R,0.0,R,5.0,R,5.0,R,100.0,R,20.0
444334,2013,A,,A,,A,,R,7.0,R,0.0,R,7.0,R,2.0,R,29.0,A,,A,,A,,A,,A,,R,15.0
444343,2013,A,,A,,A,,R,45.0,R,0.0,R,45.0,R,39.0,R,87.0,A,,A,,A,,A,,A,,R,15.0
444352,2013,A,,A,,A,,R,27.0,R,0.0,R,27.0,R,19.0,R,70.0,A,,A,,A,,A,,A,,R,11.0
444361,2013,A,,A,,A,,R,24.0,R,0.0,R,24.0,R,22.0,R,92.0,A,,A,,A,,A,,A,,R,18.0
444370,2013,A,,A,,A,,A,,A,,A,,A,,A,,A,,A,,A,,A,,A,,R,29.0
444389,2013,A,,A,,A,,R,107.0,R,0.0,R,107.0,R,84.0,R,79.0,A,,A,,A,,A,,A,,R,11.0
444398,2013,R,17.0,R,39.0,R,44.0,R,21.0,R,0.0,R,21.0,R,13.0,R,62.0,R,2.0,R,0.0,R,2.0,R,2.0,R,100.0,R,9.0
444404,2013,A,,A,,A,,R,44.0,R,0.0,R,44.0,R,36.0,R,82.0,R,26.0,R,0.0,R,26.0,R,22.0,R,85.0,R,15.0
444413,2013,R,32.0,R,39.0,R,82.0,R,48.0,R,0.0,R,48.0,R,32.0,R,67.0,A,,A,,A,,A,,A,,R,19.0
444422,2013,A,,A,,A,,R,3.0,R,0.0,R,3.0,R,2.0,R,67.0,A,,A,,A,,A,,A,,R,16.0
444440,2013,A,,A,,A,,R,84.0,R,0.0,R,84.0,R,63.0,R,75.0,A,,A,,A,,A,,A,,R,10.0
444468,2013,A,,A,,A,,R,0.0,R,0.0,R,0.0,R,0.0,A,,R,0.0,R,0.0,R,0.0,R,0.0,A,,R,14.0
444486,2013,A,,A,,A,,R,46.0,R,0.0,R,46.0,R,13.0,R,28.0,R,11.0,R,0.0,R,11.0,R,8.0,R,73.0,R,15.0
444510,2013,A,,A,,A,,R,18.0,R,0.0,R,18.0,R,11.0,R,61.0,R,14.0,R,0.0,R,14.0,R,10.0,R,71.0,R,19.0
444529,2013,A,,A,,A,,A,,A,,A,,A,,A,,A,,A,,A,,A,,A,,R,25.0
444547,2013,R,3.0,R,3.0,R,100.0,R,4.0,R,0.0,R,4.0,R,4.0,R,100.0,R,1.0,R,0.0,R,1.0,R,1.0,R,100.0,R,8.0
444556,2013,A,,A,,A,,R,69.0,R,0.0,R,69.0,R,45.0,R,65.0,A,,A,,A,,A,,A,,R,20.0
444565,2013,R,9.0,R,49.0,R,18.0,R,161.0,R,0.0,R,161.0,R,103.0,R,64.0,R,61.0,R,0.0,R,61.0,R,31.0,R,51.0,R,14.0
444574,2013,A,,A,,A,,R,0.0,R,0.0,R,0.0,R,0.0,A,,A,,A,,A,,A,,A,,R,20.0
444583,2013,A,,A,,A,,R,569.0,R,0.0,R,569.0,R,486.0,R,85.0,A,,A,,A,,A,,A,,R,30.0
444592,2013,A,,A,,A,,R,23.0,R,0.0,R,23.0,R,20.0,R,87.0,R,17.0,R,0.0,R,17.0,R,15.0,R,88.0,R,6.0
444608,2013,A,,A,,A,,R,18.0,R,0.0,R,18.0,R,16.0,R,89.0,A,,A,,A,,A,,A,,R,10.0
444635,2013,A,,A,,A,,A,,A,,A,,A,,A,,A,,A,,A,,A,,A,,R,7.0
444644,2013,A,,A,,A,,R,10.0,R,0.0,R,10.0,R,6.0,R,60.0,A,,A,,A,,A,,A,,R,22.0
444653,2013,A,,A,,A,,R,45.0,R,0.0,R,45.0,R,20.0,R,44.0,R,19.0,R,0.0,R,19.0,R,5.0,R,26.0,R,16.0
444662,2013,A,,A,,A,,R,18.0,R,0.0,R,18.0,R,16.0,R,89.0,A,,A,,A,,A,,A,,R,8.0
444671,2013,A,,A,,A,,R,60.0,R,0.0,R,60.0,R,50.0,R,83.0,A,,A,,A,,A,,A,,R,13.0
444680,2013,A,,A,,A,,R,20.0,Z,0.0,R,20.0,R,17.0,R,85.0,A,,A,,A,,A,,A,,R,26.0
444705,2013,A,,A,,A,,R,20.0,Z,0.0,R,20.0,R,15.0,R,75.0,A,,A,,A,,A,,A,,R,7.0
444714,2013,A,,A,,A,,R,198.0,R,0.0,R,198.0,R,101.0,R,51.0,A,,A,,A,,A,,A,,R,36.0
444723,2013,A,,A,,A,,R,205.0,Z,0.0,R,205.0,R,41.0,R,20.0,R,117.0,Z,0.0,R,117.0,R,29.0,R,25.0,R,41.0
444732,2013,A,,A,,A,,R,31.0,R,0.0,R,31.0,R,21.0,R,68.0,A,,A,,A,,A,,A,,R,25.0
444750,2013,A,,A,,A,,N,1.0,N,0.0,N,1.0,N,1.0,N,100.0,N,0.0,N,0.0,N,0.0,N,0.0,A,,N,5.0
444769,2013,A,,A,,A,,R,4.0,R,0.0,R,4.0,R,4.0,R,100.0,R,32.0,R,0.0,R,32.0,R,19.0,R,59.0,R,14.0
444778,2013,R,1.0,R,7.0,R,14.0,R,4.0,R,0.0,R,4.0,R,0.0,R,0.0,R,6.0,R,0.0,R,6.0,R,4.0,R,67.0,R,7.0
444787,2013,A,,A,,A,,A,,A,,A,,A,,A,,A,,A,,A,,A,,A,,R,10.0
444796,2013,A,,A,,A,,R,93.0,R,1.0,R,92.0,R,72.0,R,78.0,A,,A,,A,,A,,A,,R,10.0
444811,2013,A,,A,,A,,R,14.0,R,0.0,R,14.0,R,7.0,R,50.0,A,,A,,A,,A,,A,,R,13.0
444857,2013,A,,A,,A,,R,12.0,Z,0.0,R,12.0,R,10.0,R,83.0,A,,A,,A,,A,,A,,R,15.0
444866,2013,A,,A,,A,,R,31.0,Z,0.0,R,31.0,R,17.0,R,55.0,R,22.0,Z,0.0,R,22.0,R,12.0,R,55.0,R,11.0
444893,2013,A,,A,,A,,R,157.0,R,0.0,R,157.0,R,83.0,R,53.0,A,,A,,A,,A,,A,,R,25.0
444909,2013,A,,A,,A,,R,4.0,R,0.0,R,4.0,R,4.0,R,100.0,A,,A,,A,,A,,A,,R,4.0
444927,2013,R,72.0,R,147.0,R,49.0,R,41.0,Z,0.0,R,41.0,R,19.0,R,46.0,R,4.0,Z,0.0,R,4.0,R,1.0,R,25.0,R,16.0
444936,2013,A,,A,,A,,R,39.0,R,0.0,R,39.0,R,39.0,R,100.0,A,,A,,A,,A,,A,,R,10.0
444945,2013,A,,A,,A,,R,62.0,R,0.0,R,62.0,R,35.0,R,56.0,A,,A,,A,,A,,A,,R,16.0
444954,2013,R,384.0,R,1138.0,R,34.0,R,493.0,R,1.0,R,492.0,R,183.0,R,37.0,R,240.0,R,0.0,R,240.0,R,37.0,R,15.0,R,16.0
444972,2013,A,,A,,A,,R,40.0,Z,0.0,R,40.0,R,22.0,R,55.0,R,21.0,Z,0.0,R,21.0,R,6.0,R,29.0,R,9.0
444990,2013,A,,A,,A,,A,,A,,A,,A,,A,,A,,A,,A,,A,,A,,R,18.0
445018,2013,R,254.0,R,561.0,R,45.0,R,189.0,R,0.0,R,189.0,R,77.0,R,41.0,R,64.0,Z,0.0,R,64.0,R,30.0,R,47.0,R,14.0
445027,2013,R,607.0,R,2310.0,R,26.0,R,430.0,Z,0.0,R,430.0,R,148.0,R,34.0,R,282.0,Z,0.0,R,282.0,R,70.0,R,25.0,R,40.0
445072,2013,R,39.0,R,42.0,R,93.0,R,0.0,R,0.0,R,0.0,Z,0.0,A,,R,1.0,Z,0.0,R,1.0,R,0.0,R,0.0,R,18.0
445081,2013,R,19.0,R,25.0,R,76.0,R,0.0,R,0.0,R,0.0,R,0.0,A,,R,0.0,R,0.0,R,0.0,R,0.0,A,,R,12.0
445090,2013,R,243.0,R,274.0,R,89.0,R,89.0,R,7.0,R,82.0,R,70.0,R,85.0,R,24.0,R,1.0,R,23.0,R,7.0,R,30.0,R,10.0
445115,2013,A,,A,,A,,R,138.0,R,0.0,R,138.0,R,74.0,R,54.0,A,,A,,A,,A,,A,,R,35.0
445124,2013,R,12.0,R,42.0,R,29.0,R,17.0,Z,0.0,R,17.0,R,9.0,R,53.0,R,21.0,Z,0.0,R,21.0,R,11.0,R,52.0,R,12.0
445133,2013,R,39.0,R,124.0,R,31.0,R,30.0,Z,0.0,R,30.0,R,18.0,R,60.0,R,20.0,Z,0.0,R,20.0,R,10.0,R,50.0,R,19.0
445142,2013,A,,A,,A,,A,,A,,A,,A,,A,,A,,A,,A,,A,,A,,R,10.0
445188,2013,R,1653.0,R,1757.0,R,94.0,R,1492.0,R,0.0,R,1492.0,R,1258.0,R,84.0,R,0.0,R,0.0,R,0.0,R,0.0,A,,R,20.0
445197,2013,A,,A,,A,,R,51.0,R,0.0,R,51.0,R,31.0,R,61.0,R,12.0,R,0.0,R,12.0,R,3.0,R,25.0,R,24.0
445203,2013,A,,A,,A,,R,183.0,Z,0.0,R,183.0,R,133.0,R,73.0,A,,A,,A,,A,,A,,R,19.0
445212,2013,A,,A,,A,,R,47.0,R,0.0,R,47.0,R,38.0,R,81.0,R,21.0,R,0.0,R,21.0,R,15.0,R,71.0,R,15.0
445221,2013,A,,A,,A,,R,21.0,R,0.0,R,21.0,R,11.0,R,52.0,R,1.0,R,0.0,R,1.0,R,1.0,R,100.0,R,8.0
445230,2013,A,,A,,A,,R,254.0,R,1.0,R,253.0,R,149.0,R,59.0,A,,A,,A,,A,,A,,R,25.0
445249,2013,A,,A,,A,,R,110.0,Z,0.0,R,110.0,R,53.0,R,48.0,A,,A,,A,,A,,A,,R,18.0
445258,2013,A,,A,,A,,R,0.0,R,0.0,R,0.0,R,0.0,A,,A,,A,,A,,A,,A,,R,17.0
445267,2013,A,,A,,A,,A,,A,,A,,A,,A,,A,,A,,A,,A,,A,,R,25.0
445276,2013,R,36.0,R,43.0,R,84.0,R,3.0,R,0.0,R,3.0,R,2.0,R,67.0,R,0.0,Z,0.0,R,0.0,R,0.0,A,,R,15.0
445300,2013,A,,A,,A,,R,45.0,R,0.0,R,45.0,R,20.0,R,44.0,A,,A,,A,,A,,A,,R,9.0
445319,2013,A,,A,,A,,R,19.0,R,0.0,R,19.0,R,6.0,R,32.0,A,,A,,A,,A,,A,,R,6.0
445328,2013,A,,A,,A,,R,57.0,R,0.0,R,57.0,R,43.0,R,75.0,A,,A,,A,,A,,A,,R,27.0
445346,2013,A,,A,,A,,R,72.0,R,0.0,R,72.0,R,49.0,R,68.0,A,,A,,A,,A,,A,,R,30.0
445364,2013,A,,A,,A,,R,75.0,R,0.0,R,75.0,R,55.0,R,73.0,A,,A,,A,,A,,A,,R,35.0
445373,2013,A,,A,,A,,R,84.0,R,1.0,R,83.0,R,64.0,R,77.0,A,,A,,A,,A,,A,,R,28.0
445382,2013,A,,A,,A,,R,60.0,R,0.0,R,60.0,R,38.0,R,63.0,A,,A,,A,,A,,A,,R,34.0
445391,2013,A,,A,,A,,R,17.0,R,1.0,R,16.0,R,11.0,R,69.0,A,,A,,A,,A,,A,,R,7.0
445434,2013,A,,A,,A,,R,0.0,R,0.0,R,0.0,R,0.0,A,,R,0.0,R,0.0,R,0.0,R,0.0,A,,R,24.0
445452,2013,A,,A,,A,,R,333.0,R,2.0,R,331.0,R,195.0,R,59.0,A,,A,,A,,A,,A,,R,16.0
445461,2013,A,,A,,A,,R,178.0,R,1.0,R,177.0,R,107.0,R,60.0,A,,A,,A,,A,,A,,R,30.0
445470,2013,A,,A,,A,,R,36.0,R,0.0,R,36.0,R,27.0,R,75.0,A,,A,,A,,A,,A,,R,24.0
445498,2013,A,,A,,A,,R,23.0,R,0.0,R,23.0,R,20.0,R,87.0,A,,A,,A,,A,,A,,R,19.0
445504,2013,A,,A,,A,,R,14.0,R,0.0,R,14.0,R,10.0,R,71.0,R,12.0,R,0.0,R,12.0,R,9.0,R,75.0,R,12.0
445531,2013,A,,A,,A,,R,20.0,R,0.0,R,20.0,R,11.0,R,55.0,A,,A,,A,,A,,A,,A,
445540,2013,A,,A,,A,,R,21.0,R,0.0,R,21.0,R,15.0,R,71.0,A,,A,,A,,A,,A,,R,22.0
445559,2013,A,,A,,A,,R,34.0,Z,0.0,R,34.0,R,21.0,R,62.0,A,,A,,A,,A,,A,,R,33.0
445577,2013,A,,A,,A,,R,93.0,R,0.0,R,93.0,R,67.0,R,72.0,A,,A,,A,,A,,A,,R,20.0
445601,2013,A,,A,,A,,R,244.0,R,0.0,R,244.0,R,169.0,R,69.0,A,,A,,A,,A,,A,,R,22.0
445610,2013,A,,A,,A,,R,76.0,R,0.0,R,76.0,R,54.0,R,71.0,A,,A,,A,,A,,A,,R,16.0
445638,2013,A,,A,,A,,A,,A,,A,,A,,A,,A,,A,,A,,A,,A,,R,10.0
445647,2013,A,,A,,A,,A,,A,,A,,A,,A,,A,,A,,A,,A,,A,,R,13.0
445656,2013,A,,A,,A,,A,,A,,A,,A,,A,,A,,A,,A,,A,,A,,R,16.0
445665,2013,A,,A,,A,,R,51.0,Z,0.0,R,51.0,R,28.0,R,55.0,A,,A,,A,,A,,A,,R,15.0
445674,2013,R,150.0,R,678.0,R,22.0,R,107.0,R,0.0,R,107.0,R,55.0,R,51.0,R,25.0,Z,0.0,R,25.0,R,10.0,R,40.0,R,23.0
445683,2013,A,,A,,A,,R,1.0,R,0.0,R,1.0,R,1.0,R,100.0,A,,A,,A,,A,,A,,R,12.0
445692,2013,A,,A,,A,,R,103.0,R,0.0,R,103.0,R,85.0,R,83.0,R,0.0,R,0.0,R,0.0,R,0.0,A,,R,23.0
445708,2013,R,622.0,R,788.0,R,79.0,R,475.0,R,0.0,R,475.0,R,344.0,R,72.0,R,0.0,R,0.0,R,0.0,R,0.0,A,,R,23.0
445717,2013,A,,A,,A,,R,61.0,R,0.0,R,61.0,R,31.0,R,51.0,A,,A,,A,,A,,A,,R,20.0
445726,2013,A,,A,,A,,R,35.0,Z,0.0,R,35.0,R,13.0,R,37.0,A,,A,,A,,A,,A,,R,16.0
445735,2013,A,,A,,A,,A,,A,,A,,A,,A,,A,,A,,A,,A,,A,,R,6.0
445744,2013,A,,A,,A,,R,110.0,Z,0.0,R,110.0,R,80.0,R,73.0,A,,A,,A,,A,,A,,R,13.0
445753,2013,A,,A,,A,,R,21.0,Z,0.0,R,21.0,R,14.0,R,67.0,A,,A,,A,,A,,A,,R,14.0
445762,2013,A,,A,,A,,R,24.0,Z,0.0,R,24.0,R,24.0,R,100.0,R,1.0,Z,0.0,R,1.0,R,0.0,R,0.0,R,9.0
445771,2013,A,,A,,A,,R,54.0,R,0.0,R,54.0,R,41.0,R,76.0,A,,A,,A,,A,,A,,R,30.0
445780,2013,A,,A,,A,,R,51.0,R,0.0,R,51.0,R,33.0,R,65.0,A,,A,,A,,A,,A,,R,10.0
445799,2013,A,,A,,A,,R,567.0,R,1.0,R,566.0,R,395.0,R,70.0,A,,A,,A,,A,,A,,R,31.0
445814,2013,A,,A,,A,,R,134.0,R,1.0,R,133.0,R,84.0,R,63.0,A,,A,,A,,A,,A,,R,20.0
445841,2013,A,,A,,A,,R,16.0,R,0.0,R,16.0,R,14.0,R,88.0,R,4.0,R,0.0,R,4.0,R,3.0,R,75.0,R,20.0
445850,2013,A,,A,,A,,R,6.0,R,0.0,R,6.0,R,3.0,R,50.0,R,3.0,R,0.0,R,3.0,R,3.0,R,100.0,R,20.0
445896,2013,A,,A,,A,,R,18.0,R,0.0,R,18.0,R,12.0,R,67.0,A,,A,,A,,A,,A,,R,21.0
445911,2013,A,,A,,A,,R,106.0,R,0.0,R,106.0,R,67.0,R,63.0,R,18.0,R,0.0,R,18.0,R,14.0,R,78.0,R,12.0
445920,2013,R,41.0,R,99.0,R,41.0,R,5.0,R,0.0,R,5.0,R,2.0,R,40.0,R,1.0,R,0.0,R,1.0,R,0.0,R,0.0,R,15.0
445939,2013,R,6.0,R,24.0,R,25.0,R,2.0,R,0.0,R,2.0,R,2.0,R,100.0,R,1.0,R,0.0,R,1.0,R,0.0,R,0.0,R,9.0
445948,2013,A,,A,,A,,R,36.0,R,0.0,R,36.0,R,31.0,R,86.0,R,3.0,R,0.0,R,3.0,R,3.0,R,100.0,R,20.0
445957,2013,A,,A,,A,,A,,A,,A,,A,,A,,A,,A,,A,,A,,A,,R,14.0
445984,2013,A,,A,,A,,R,16.0,R,0.0,R,16.0,R,10.0,R,63.0,A,,A,,A,,A,,A,,R,13.0
445993,2013,A,,A,,A,,R,40.0,R,0.0,R,40.0,R,30.0,R,75.0,R,6.0,R,0.0,R,6.0,R,5.0,R,83.0,R,14.0
446048,2013,R,254.0,R,316.0,R,80.0,R,255.0,R,0.0,R,255.0,R,178.0,R,70.0,R,0.0,R,0.0,R,0.0,R,0.0,A,,R,16.0
446057,2013,A,,A,,A,,A,,A,,A,,A,,A,,A,,A,,A,,A,,A,,R,16.0
446075,2013,A,,A,,A,,R,3.0,R,0.0,R,3.0,R,2.0,R,67.0,A,,A,,A,,A,,A,,R,7.0
446084,2013,A,,A,,A,,A,,A,,A,,A,,A,,R,47.0,R,0.0,R,47.0,R,38.0,R,81.0,R,9.0
446093,2013,A,,A,,A,,R,60.0,R,0.0,R,60.0,R,52.0,R,87.0,A,,A,,A,,A,,A,,R,11.0
446109,2013,A,,A,,A,,R,73.0,Z,0.0,R,73.0,R,59.0,R,81.0,A,,A,,A,,A,,A,,R,21.0
446118,2013,A,,A,,A,,R,322.0,R,0.0,R,322.0,R,261.0,R,81.0,A,,A,,A,,A,,A,,R,14.0
446127,2013,R,27.0,R,132.0,R,20.0,R,2.0,R,0.0,R,2.0,R,2.0,R,100.0,A,,A,,A,,A,,A,,R,19.0
446136,2013,A,,A,,A,,R,0.0,R,0.0,R,0.0,R,0.0,A,,R,228.0,R,4.0,R,224.0,R,160.0,R,71.0,R,19.0
446145,2013,A,,A,,A,,R,4.0,R,0.0,R,4.0,R,3.0,R,75.0,R,0.0,R,0.0,R,0.0,R,0.0,A,,R,15.0
446163,2013,R,17.0,R,29.0,R,59.0,R,15.0,R,0.0,R,15.0,R,7.0,R,47.0,R,1.0,R,0.0,R,1.0,R,1.0,R,100.0,R,11.0
446190,2013,A,,A,,A,,R,10.0,R,0.0,R,10.0,R,7.0,R,70.0,A,,A,,A,,A,,A,,R,9.0
446206,2013,A,,A,,A,,R,11.0,R,0.0,R,11.0,R,7.0,R,64.0,R,2.0,R,0.0,R,2.0,R,2.0,R,100.0,R,2.0
446215,2013,A,,A,,A,,R,2.0,R,0.0,R,2.0,R,2.0,R,100.0,A,,A,,A,,A,,A,,R,22.0
446224,2013,A,,A,,A,,A,,A,,A,,A,,A,,A,,A,,A,,A,,A,,R,12.0
446233,2013,R,56.0,R,87.0,R,64.0,R,36.0,R,0.0,R,36.0,R,17.0,R,47.0,R,13.0,R,0.0,R,13.0,R,8.0,R,62.0,R,9.0
446242,2013,A,,A,,A,,R,51.0,R,0.0,R,51.0,R,32.0,R,63.0,R,0.0,R,0.0,R,0.0,R,0.0,A,,R,10.0
446251,2013,A,,A,,A,,A,,A,,A,,A,,A,,A,,A,,A,,A,,A,,R,20.0
446260,2013,A,,A,,A,,R,30.0,R,0.0,R,30.0,R,26.0,R,87.0,A,,A,,A,,A,,A,,R,15.0
446288,2013,A,,A,,A,,R,21.0,R,0.0,R,21.0,R,16.0,R,76.0,R,9.0,R,0.0,R,9.0,R,7.0,R,78.0,R,15.0
446303,2013,A,,A,,A,,R,13.0,R,0.0,R,13.0,R,10.0,R,77.0,R,14.0,R,0.0,R,14.0,R,11.0,R,79.0,R,6.0
446349,2013,A,,A,,A,,R,2.0,R,0.0,R,2.0,R,2.0,R,100.0,A,,A,,A,,A,,A,,R,10.0
446385,2013,R,25.0,R,68.0,R,37.0,R,31.0,R,0.0,R,31.0,R,22.0,R,71.0,A,,A,,A,,A,,A,,R,6.0
446394,2013,R,1.0,R,12.0,R,8.0,R,1.0,R,0.0,R,1.0,R,1.0,R,100.0,R,1.0,R,0.0,R,1.0,R,0.0,R,0.0,R,3.0
446400,2013,A,,A,,A,,R,123.0,R,0.0,R,123.0,R,35.0,R,28.0,A,,A,,A,,A,,A,,R,25.0
446437,2013,A,,A,,A,,R,52.0,R,0.0,R,52.0,R,25.0,R,48.0,R,24.0,R,0.0,R,24.0,R,20.0,R,83.0,R,10.0
446446,2013,A,,A,,A,,R,19.0,Z,0.0,R,19.0,R,9.0,R,47.0,R,13.0,Z,0.0,R,13.0,R,7.0,R,54.0,R,2.0
446455,2013,A,,A,,A,,R,27.0,R,0.0,R,27.0,R,27.0,R,100.0,A,,A,,A,,A,,A,,R,8.0
446464,2013,A,,A,,A,,R,7.0,Z,0.0,R,7.0,R,7.0,R,100.0,A,,A,,A,,A,,A,,R,13.0
446491,2013,A,,A,,A,,N,8.0,N,0.0,N,8.0,N,7.0,N,88.0,N,3.0,N,0.0,N,3.0,N,2.0,N,67.0,N,10.0
446516,2013,A,,A,,A,,R,13.0,R,0.0,R,13.0,R,11.0,R,85.0,A,,A,,A,,A,,A,,R,9.0
446525,2013,R,42.0,R,58.0,R,72.0,R,36.0,R,0.0,R,36.0,R,27.0,R,75.0,R,16.0,R,0.0,R,16.0,R,10.0,R,63.0,R,9.0
446534,2013,A,,A,,A,,R,47.0,R,0.0,R,47.0,R,35.0,R,74.0,A,,A,,A,,A,,A,,R,12.0
446543,2013,A,,A,,A,,R,37.0,R,0.0,R,37.0,R,30.0,R,81.0,A,,A,,A,,A,,A,,R,9.0
446552,2013,A,,A,,A,,R,1216.0,R,0.0,R,1216.0,R,904.0,R,74.0,A,,A,,A,,A,,A,,R,27.0
446561,2013,A,,A,,A,,R,0.0,R,0.0,R,0.0,R,0.0,A,,R,1.0,R,0.0,R,1.0,R,1.0,R,100.0,R,15.0
446570,2013,A,,A,,A,,R,6.0,R,0.0,R,6.0,R,5.0,R,83.0,R,20.0,R,0.0,R,20.0,R,18.0,R,90.0,R,8.0
446589,2013,A,,A,,A,,R,31.0,R,0.0,R,31.0,R,31.0,R,100.0,R,17.0,R,0.0,R,17.0,R,17.0,R,100.0,R,24.0
446598,2013,R,5.0,R,7.0,R,71.0,R,8.0,R,0.0,R,8.0,R,8.0,R,100.0,A,,A,,A,,A,,A,,R,12.0
446604,2013,R,305.0,R,476.0,R,64.0,R,227.0,R,0.0,R,227.0,R,215.0,R,95.0,A,,A,,A,,A,,A,,R,12.0
446640,2013,R,107.0,R,123.0,R,87.0,R,133.0,R,0.0,R,133.0,R,84.0,R,63.0,R,1.0,R,0.0,R,1.0,R,1.0,R,100.0,R,12.0
446668,2013,R,202.0,R,363.0,R,56.0,R,72.0,Z,0.0,R,72.0,R,38.0,R,53.0,R,43.0,Z,0.0,R,43.0,R,25.0,R,58.0,R,20.0
446677,2013,A,,A,,A,,R,3.0,R,0.0,R,3.0,R,3.0,R,100.0,A,,A,,A,,A,,A,,R,9.0
446710,2013,A,,A,,A,,A,,A,,A,,A,,A,,A,,A,,A,,A,,A,,R,4.0
446729,2013,A,,A,,A,,R,5.0,R,0.0,R,5.0,R,3.0,R,60.0,A,,A,,A,,A,,A,,R,3.0
446738,2013,A,,A,,A,,R,27.0,R,0.0,R,27.0,R,12.0,R,44.0,A,,A,,A,,A,,A,,R,14.0
446747,2013,A,,A,,A,,R,39.0,R,0.0,R,39.0,R,17.0,R,44.0,A,,A,,A,,A,,A,,R,17.0
446756,2013,A,,A,,A,,R,35.0,R,0.0,R,35.0,R,11.0,R,31.0,A,,A,,A,,A,,A,,R,12.0
446765,2013,A,,A,,A,,R,18.0,R,0.0,R,18.0,R,5.0,R,28.0,A,,A,,A,,A,,A,,R,6.0
446774,2013,R,331.0,R,1783.0,R,19.0,R,279.0,R,0.0,R,279.0,R,159.0,R,57.0,R,120.0,R,0.0,R,120.0,R,56.0,R,47.0,R,24.0
446792,2013,R,29.0,R,96.0,R,30.0,R,41.0,Z,0.0,R,41.0,R,19.0,R,46.0,R,20.0,Z,0.0,R,20.0,R,6.0,R,30.0,R,16.0
446808,2013,R,35.0,R,103.0,R,34.0,R,13.0,Z,0.0,R,13.0,R,7.0,R,54.0,R,14.0,Z,0.0,R,14.0,R,10.0,R,71.0,R,19.0
446817,2013,A,,A,,A,,A,,A,,A,,A,,A,,A,,A,,A,,A,,A,,R,8.0
446835,2013,A,,A,,A,,R,137.0,R,0.0,R,137.0,R,102.0,R,74.0,A,,A,,A,,A,,A,,R,37.0
446844,2013,A,,A,,A,,R,136.0,Z,0.0,R,136.0,R,98.0,R,72.0,A,,A,,A,,A,,A,,R,41.0
446853,2013,A,,A,,A,,R,134.0,R,0.0,R,134.0,R,101.0,R,75.0,A,,A,,A,,A,,A,,R,20.0
446880,2013,R,94.0,R,223.0,R,42.0,R,76.0,Z,0.0,R,76.0,R,51.0,R,67.0,R,24.0,Z,0.0,R,24.0,R,6.0,R,25.0,R,18.0
446899,2013,R,55.0,R,71.0,R,77.0,R,0.0,R,0.0,R,0.0,R,0.0,A,,R,0.0,R,0.0,R,0.0,R,0.0,A,,R,19.0
446905,2013,R,16.0,R,25.0,R,64.0,R,1.0,R,0.0,R,1.0,R,0.0,R,0.0,R,0.0,R,0.0,R,0.0,R,0.0,A,,R,24.0
446914,2013,R,74.0,R,88.0,R,84.0,R,0.0,R,0.0,R,0.0,R,0.0,A,,R,0.0,R,0.0,R,0.0,R,0.0,A,,R,22.0
446923,2013,R,68.0,R,90.0,R,76.0,R,0.0,R,0.0,R,0.0,R,0.0,A,,R,0.0,R,0.0,R,0.0,R,0.0,A,,R,16.0
446996,2013,A,,A,,A,,R,9.0,Z,0.0,R,9.0,R,6.0,R,67.0,R,9.0,Z,0.0,R,9.0,R,7.0,R,78.0,R,20.0
447014,2013,A,,A,,A,,R,93.0,R,0.0,R,93.0,R,84.0,R,90.0,A,,A,,A,,A,,A,,R,15.0
447023,2013,A,,A,,A,,R,203.0,Z,0.0,R,203.0,R,187.0,R,92.0,R,0.0,R,0.0,R,0.0,R,0.0,A,,R,27.0
447050,2013,R,1.0,R,150.0,R,1.0,R,0.0,R,0.0,R,0.0,R,0.0,A,,R,0.0,R,0.0,R,0.0,R,0.0,A,,R,7.0
447069,2013,R,44.0,R,54.0,R,81.0,R,27.0,Z,0.0,R,27.0,R,12.0,R,44.0,R,2.0,Z,0.0,R,2.0,R,1.0,R,50.0,R,18.0
447102,2013,A,,A,,A,,R,103.0,R,0.0,R,103.0,R,87.0,R,84.0,A,,A,,A,,A,,A,,R,43.0
447120,2013,A,,A,,A,,R,82.0,R,0.0,R,82.0,R,71.0,R,87.0,A,,A,,A,,A,,A,,R,23.0
447148,2013,A,,A,,A,,R,74.0,R,0.0,R,74.0,R,50.0,R,68.0,R,34.0,R,0.0,R,34.0,R,23.0,R,68.0,R,24.0
447157,2013,A,,A,,A,,R,20.0,R,0.0,R,20.0,R,16.0,R,80.0,R,4.0,R,0.0,R,4.0,R,4.0,R,100.0,A,
447166,2013,A,,A,,A,,R,18.0,R,0.0,R,18.0,R,16.0,R,89.0,R,7.0,R,0.0,R,7.0,R,4.0,R,57.0,R,20.0
447175,2013,A,,A,,A,,R,41.0,R,0.0,R,41.0,R,28.0,R,68.0,R,4.0,R,0.0,R,4.0,R,3.0,R,75.0,R,24.0
447209,2013,A,,A,,A,,R,57.0,R,0.0,R,57.0,R,23.0,R,40.0,A,,A,,A,,A,,A,,R,24.0
447218,2013,A,,A,,A,,R,78.0,R,0.0,R,78.0,R,43.0,R,55.0,A,,A,,A,,A,,A,,R,24.0
447227,2013,A,,A,,A,,R,70.0,R,0.0,R,70.0,R,32.0,R,46.0,A,,A,,A,,A,,A,,R,24.0
447236,2013,A,,A,,A,,R,0.0,R,0.0,R,0.0,R,0.0,A,,R,0.0,R,0.0,R,0.0,R,0.0,A,,R,20.0
447245,2013,A,,A,,A,,R,144.0,R,1.0,R,143.0,R,95.0,R,66.0,A,,A,,A,,A,,A,,R,23.0
447254,2013,A,,A,,A,,R,8.0,R,0.0,R,8.0,R,6.0,R,75.0,A,,A,,A,,A,,A,,R,3.0
447263,2013,R,80.0,R,80.0,R,100.0,R,0.0,R,0.0,R,0.0,R,0.0,A,,A,,A,,A,,A,,A,,R,13.0
447272,2013,R,9.0,R,102.0,R,9.0,R,18.0,Z,0.0,R,18.0,R,11.0,R,61.0,R,36.0,Z,0.0,R,36.0,R,8.0,R,22.0,R,17.0
447290,2013,R,115.0,R,264.0,R,44.0,R,2.0,Z,0.0,R,2.0,R,1.0,R,50.0,A,,A,,A,,A,,A,,R,8.0
447315,2013,A,,A,,A,,R,10.0,R,0.0,R,10.0,R,7.0,R,70.0,R,1.0,R,0.0,R,1.0,R,1.0,R,100.0,R,8.0
447324,2013,A,,A,,A,,R,36.0,R,0.0,R,36.0,R,16.0,R,44.0,R,11.0,R,0.0,R,11.0,R,8.0,R,73.0,R,14.0
447333,2013,A,,A,,A,,R,20.0,R,0.0,R,20.0,R,17.0,R,85.0,A,,A,,A,,A,,A,,R,9.0
447342,2013,A,,A,,A,,R,16.0,R,0.0,R,16.0,R,7.0,R,44.0,R,5.0,R,0.0,R,5.0,R,5.0,R,100.0,R,6.0
447351,2013,A,,A,,A,,R,24.0,R,0.0,R,24.0,R,15.0,R,63.0,A,,A,,A,,A,,A,,R,19.0
447360,2013,A,,A,,A,,R,1.0,Z,0.0,R,1.0,R,1.0,R,100.0,A,,A,,A,,A,,A,,R,13.0
447379,2013,A,,A,,A,,R,59.0,R,0.0,R,59.0,R,36.0,R,61.0,A,,A,,A,,A,,A,,R,11.0
447388,2013,A,,A,,A,,R,30.0,R,0.0,R,30.0,R,19.0,R,63.0,A,,A,,A,,A,,A,,R,15.0
447403,2013,A,,A,,A,,R,342.0,R,3.0,R,339.0,R,251.0,R,74.0,A,,A,,A,,A,,A,,R,29.0
447421,2013,R,47.0,R,97.0,R,48.0,R,4.0,R,0.0,R,4.0,R,4.0,R,100.0,R,1.0,R,0.0,R,1.0,R,1.0,R,100.0,R,12.0
447430,2013,A,,A,,A,,R,26.0,R,0.0,R,26.0,R,20.0,R,77.0,R,12.0,R,0.0,R,12.0,R,8.0,R,67.0,R,9.0
447449,2013,A,,A,,A,,R,15.0,R,2.0,R,13.0,R,2.0,R,15.0,R,13.0,R,0.0,R,13.0,R,2.0,R,15.0,R,10.0
447458,2013,A,,A,,A,,R,37.0,R,0.0,R,37.0,R,31.0,R,84.0,A,,A,,A,,A,,A,,R,12.0
447467,2013,A,,A,,A,,R,68.0,R,0.0,R,68.0,R,44.0,R,65.0,A,,A,,A,,A,,A,,R,14.0
447476,2013,R,8.0,R,20.0,R,40.0,R,0.0,R,0.0,R,0.0,R,0.0,A,,R,0.0,R,0.0,R,0.0,R,0.0,A,,R,6.0
447494,2013,A,,A,,A,,A,,A,,A,,A,,A,,A,,A,,A,,A,,A,,R,20.0
447519,2013,A,,A,,A,,A,,A,,A,,A,,A,,A,,A,,A,,A,,A,,R,30.0
447528,2013,A,,A,,A,,R,172.0,R,0.0,R,172.0,R,126.0,R,73.0,A,,A,,A,,A,,A,,R,16.0
447582,2013,R,575.0,R,897.0,R,64.0,R,476.0,R,2.0,R,474.0,R,188.0,R,40.0,R,62.0,R,0.0,R,62.0,R,12.0,R,19.0,R,20.0
447591,2013,A,,A,,A,,R,191.0,R,0.0,R,191.0,R,158.0,R,83.0,A,,A,,A,,A,,A,,R,14.0
447625,2013,R,23.0,R,128.0,R,18.0,R,34.0,R,0.0,R,34.0,R,28.0,R,82.0,R,19.0,R,0.0,R,19.0,R,13.0,R,68.0,R,12.0
447634,2013,A,,A,,A,,R,95.0,R,0.0,R,95.0,R,78.0,R,82.0,A,,A,,A,,A,,A,,R,29.0
447652,2013,A,,A,,A,,R,25.0,R,0.0,R,25.0,R,9.0,R,36.0,A,,A,,A,,A,,A,,R,11.0
447661,2013,A,,A,,A,,R,6.0,R,0.0,R,6.0,R,2.0,R,33.0,A,,A,,A,,A,,A,,R,6.0
447670,2013,R,21.0,R,70.0,R,30.0,R,8.0,R,0.0,R,8.0,R,3.0,R,38.0,R,1.0,R,0.0,R,1.0,R,1.0,R,100.0,R,11.0
447689,2013,R,1752.0,R,3212.0,R,55.0,R,1960.0,R,0.0,R,1960.0,R,1238.0,R,63.0,R,439.0,R,0.0,R,439.0,R,212.0,R,48.0,R,19.0
447704,2013,A,,A,,A,,R,13.0,Z,0.0,R,13.0,R,8.0,R,62.0,R,6.0,Z,0.0,R,6.0,R,4.0,R,67.0,R,19.0
447713,2013,A,,A,,A,,A,,A,,A,,A,,A,,R,0.0,R,0.0,R,0.0,R,0.0,A,,R,7.0
447722,2013,A,,A,,A,,R,8.0,R,0.0,R,8.0,R,7.0,R,88.0,A,,A,,A,,A,,A,,R,22.0
447731,2013,A,,A,,A,,R,14.0,Z,0.0,R,14.0,R,11.0,R,79.0,R,32.0,Z,0.0,R,32.0,R,23.0,R,72.0,R,21.0
447759,2013,A,,A,,A,,R,23.0,R,0.0,R,23.0,R,16.0,R,70.0,A,,A,,A,,A,,A,,R,28.0
447768,2013,A,,A,,A,,R,186.0,R,0.0,R,186.0,R,134.0,R,72.0,A,,A,,A,,A,,A,,R,36.0
447777,2013,A,,A,,A,,R,0.0,R,0.0,R,0.0,R,0.0,A,,R,73.0,R,1.0,R,72.0,R,67.0,R,93.0,R,22.0
447795,2013,A,,A,,A,,R,21.0,R,0.0,R,21.0,R,20.0,R,95.0,A,,A,,A,,A,,A,,R,8.0
447810,2013,A,,A,,A,,R,107.0,R,0.0,R,107.0,R,34.0,R,32.0,A,,A,,A,,A,,A,,R,15.0
447847,2013,R,5.0,R,5.0,R,100.0,R,14.0,R,0.0,R,14.0,R,12.0,R,86.0,A,,A,,A,,A,,A,,R,3.0
447856,2013,A,,A,,A,,A,,A,,A,,A,,A,,A,,A,,A,,A,,A,,R,12.0
447865,2013,A,,A,,A,,R,15.0,Z,0.0,R,15.0,R,14.0,R,93.0,R,18.0,Z,0.0,R,18.0,R,15.0,R,83.0,R,3.0
447874,2013,A,,A,,A,,A,,A,,A,,A,,A,,A,,A,,A,,A,,A,,R,30.0
447883,2013,A,,A,,A,,R,27.0,R,0.0,R,27.0,R,20.0,R,74.0,R,6.0,R,0.0,R,6.0,R,4.0,R,67.0,R,10.0
447892,2013,A,,A,,A,,R,30.0,R,0.0,R,30.0,R,21.0,R,70.0,R,10.0,R,0.0,R,10.0,R,9.0,R,90.0,R,38.0
447908,2013,A,,A,,A,,R,4.0,R,0.0,R,4.0,R,3.0,R,75.0,R,0.0,R,0.0,R,0.0,R,0.0,A,,R,20.0
447917,2013,A,,A,,A,,A,,A,,A,,A,,A,,A,,A,,A,,A,,A,,R,17.0
447935,2013,R,62.0,R,250.0,R,25.0,R,46.0,R,0.0,R,46.0,R,32.0,R,70.0,A,,A,,A,,A,,A,,R,14.0
447953,2013,R,64.0,R,93.0,R,69.0,R,89.0,R,3.0,R,86.0,R,46.0,R,53.0,R,0.0,R,0.0,R,0.0,R,0.0,A,,R,12.0
447962,2013,A,,A,,A,,R,77.0,R,0.0,R,77.0,R,54.0,R,70.0,A,,A,,A,,A,,A,,R,10.0
447971,2013,A,,A,,A,,R,44.0,R,0.0,R,44.0,R,41.0,R,93.0,A,,A,,A,,A,,A,,R,20.0
447980,2013,A,,A,,A,,R,36.0,R,0.0,R,36.0,R,29.0,R,81.0,R,6.0,R,0.0,R,6.0,R,5.0,R,83.0,R,13.0
447999,2013,A,,A,,A,,R,34.0,R,0.0,R,34.0,R,29.0,R,85.0,A,,A,,A,,A,,A,,R,7.0
448008,2013,A,,A,,A,,R,9.0,R,0.0,R,9.0,R,7.0,R,78.0,A,,A,,A,,A,,A,,R,10.0
448017,2013,A,,A,,A,,A,,A,,A,,A,,A,,A,,A,,A,,A,,A,,R,4.0
448026,2013,A,,A,,A,,R,12.0,R,0.0,R,12.0,R,10.0,R,83.0,R,0.0,R,0.0,R,0.0,R,0.0,A,,R,10.0
448035,2013,A,,A,,A,,A,,A,,A,,A,,A,,A,,A,,A,,A,,A,,R,12.0
448044,2013,A,,A,,A,,A,,A,,A,,A,,A,,A,,A,,A,,A,,A,,R,10.0
448053,2013,A,,A,,A,,R,52.0,R,0.0,R,52.0,R,16.0,R,31.0,A,,A,,A,,A,,A,,R,6.0
448071,2013,A,,A,,A,,R,50.0,R,0.0,R,50.0,R,45.0,R,90.0,R,25.0,R,0.0,R,25.0,R,22.0,R,88.0,R,21.0
448105,2013,A,,A,,A,,R,16.0,R,0.0,R,16.0,R,12.0,R,75.0,A,,A,,A,,A,,A,,R,12.0
448114,2013,A,,A,,A,,R,183.0,R,0.0,R,183.0,R,118.0,R,64.0,A,,A,,A,,A,,A,,R,22.0
448123,2013,A,,A,,A,,R,115.0,R,0.0,R,115.0,R,80.0,R,70.0,A,,A,,A,,A,,A,,R,10.0
448141,2013,A,,A,,A,,R,20.0,R,0.0,R,20.0,R,11.0,R,55.0,A,,A,,A,,A,,A,,R,17.0
448150,2013,A,,A,,A,,R,18.0,R,0.0,R,18.0,R,13.0,R,72.0,A,,A,,A,,A,,A,,R,20.0
448196,2013,A,,A,,A,,R,61.0,R,0.0,R,61.0,R,53.0,R,87.0,R,15.0,R,0.0,R,15.0,R,11.0,R,73.0,R,21.0
448202,2013,A,,A,,A,,R,37.0,R,0.0,R,37.0,R,12.0,R,32.0,R,5.0,R,0.0,R,5.0,R,4.0,R,80.0,R,13.0
448211,2013,A,,A,,A,,R,16.0,R,0.0,R,16.0,R,16.0,R,100.0,R,46.0,R,0.0,R,46.0,R,42.0,R,91.0,R,7.0
448220,2013,A,,A,,A,,R,15.0,R,0.0,R,15.0,R,14.0,R,93.0,A,,A,,A,,A,,A,,R,10.0
448239,2013,A,,A,,A,,A,,A,,A,,A,,A,,A,,A,,A,,A,,A,,R,16.0
448248,2013,A,,A,,A,,R,125.0,R,0.0,R,125.0,R,111.0,R,89.0,R,468.0,R,0.0,R,468.0,R,420.0,R,90.0,R,14.0
448257,2013,A,,A,,A,,R,39.0,R,0.0,R,39.0,R,32.0,R,82.0,A,,A,,A,,A,,A,,R,6.0
448275,2013,A,,A,,A,,A,,A,,A,,A,,A,,A,,A,,A,,A,,A,,R,20.0
448284,2013,A,,A,,A,,R,0.0,R,0.0,R,0.0,R,0.0,A,,A,,A,,A,,A,,A,,R,14.0
448309,2013,A,,A,,A,,R,1.0,R,0.0,R,1.0,R,1.0,R,100.0,A,,A,,A,,A,,A,,R,28.0
448345,2013,R,173.0,R,338.0,R,51.0,R,44.0,Z,0.0,R,44.0,R,20.0,R,45.0,R,60.0,Z,0.0,R,60.0,R,23.0,R,38.0,R,15.0
448354,2013,A,,A,,A,,R,62.0,Z,0.0,R,62.0,R,51.0,R,82.0,R,27.0,Z,0.0,R,27.0,R,23.0,R,85.0,R,12.0
448372,2013,A,,A,,A,,R,0.0,R,0.0,R,0.0,R,0.0,A,,A,,A,,A,,A,,A,,R,15.0
448406,2013,A,,A,,A,,R,249.0,Z,0.0,R,249.0,R,177.0,R,71.0,A,,A,,A,,A,,A,,R,15.0
448415,2013,A,,A,,A,,R,107.0,R,0.0,R,107.0,R,74.0,R,69.0,A,,A,,A,,A,,A,,R,13.0
448424,2013,A,,A,,A,,R,25.0,R,0.0,R,25.0,R,21.0,R,84.0,R,3.0,R,0.0,R,3.0,R,3.0,R,100.0,R,15.0
448433,2013,A,,A,,A,,R,447.0,R,1.0,R,446.0,R,363.0,R,81.0,A,,A,,A,,A,,A,,R,30.0
448442,2013,R,41.0,R,54.0,R,76.0,R,0.0,R,0.0,R,0.0,R,0.0,A,,R,0.0,R,0.0,R,0.0,R,0.0,A,,R,20.0
448451,2013,R,48.0,R,64.0,R,75.0,R,0.0,R,0.0,R,0.0,R,0.0,A,,R,0.0,R,0.0,R,0.0,R,0.0,A,,R,22.0
448460,2013,R,32.0,R,35.0,R,91.0,R,24.0,R,0.0,R,24.0,R,19.0,R,79.0,R,4.0,R,0.0,R,4.0,R,2.0,R,50.0,R,18.0
448479,2013,R,59.0,R,95.0,R,62.0,R,0.0,R,0.0,R,0.0,R,0.0,A,,R,0.0,R,0.0,R,0.0,R,0.0,A,,R,25.0
448488,2013,R,44.0,R,60.0,R,73.0,R,0.0,R,0.0,R,0.0,R,0.0,A,,R,0.0,R,0.0,R,0.0,R,0.0,A,,R,11.0
448497,2013,R,35.0,R,44.0,R,80.0,R,0.0,R,0.0,R,0.0,R,0.0,A,,R,0.0,R,0.0,R,0.0,R,0.0,A,,R,11.0
448503,2013,R,38.0,R,52.0,R,73.0,R,0.0,R,0.0,R,0.0,R,0.0,A,,R,0.0,R,0.0,R,0.0,R,0.0,A,,R,15.0
448512,2013,R,40.0,R,73.0,R,55.0,R,0.0,R,0.0,R,0.0,R,0.0,A,,R,0.0,R,0.0,R,0.0,R,0.0,A,,R,14.0
448521,2013,A,,A,,A,,R,1.0,R,0.0,R,1.0,R,0.0,R,0.0,A,,A,,A,,A,,A,,R,4.0
448558,2013,A,,A,,A,,A,,A,,A,,A,,A,,A,,A,,A,,A,,A,,R,4.0
448567,2013,A,,A,,A,,R,67.0,R,0.0,R,67.0,R,27.0,R,40.0,A,,A,,A,,A,,A,,R,16.0
448576,2013,R,357.0,R,718.0,R,50.0,R,159.0,Z,0.0,R,159.0,R,116.0,R,73.0,R,171.0,R,1.0,R,170.0,R,76.0,R,45.0,R,24.0
448585,2013,R,3.0,R,109.0,R,3.0,R,6.0,Z,0.0,R,6.0,R,2.0,R,33.0,R,44.0,Z,0.0,R,44.0,R,21.0,R,48.0,R,10.0
448594,2013,R,394.0,R,1580.0,R,25.0,R,332.0,Z,0.0,R,332.0,R,238.0,R,72.0,R,328.0,Z,0.0,R,328.0,R,118.0,R,36.0,R,32.0
448600,2013,R,24.0,R,71.0,R,34.0,R,17.0,R,0.0,R,17.0,R,12.0,R,71.0,R,80.0,R,0.0,R,80.0,R,52.0,R,65.0,R,13.0
448619,2013,A,,A,,A,,R,56.0,R,0.0,R,56.0,R,38.0,R,68.0,R,17.0,R,0.0,R,17.0,R,16.0,R,94.0,R,17.0
448628,2013,R,18.0,R,23.0,R,78.0,R,21.0,Z,0.0,R,21.0,R,11.0,R,52.0,R,1.0,Z,0.0,R,1.0,R,1.0,R,100.0,R,21.0
448646,2013,A,,A,,A,,R,34.0,R,0.0,R,34.0,R,20.0,R,59.0,A,,A,,A,,A,,A,,R,10.0
448664,2013,R,111.0,R,188.0,R,59.0,R,103.0,Z,0.0,R,103.0,R,60.0,R,58.0,R,24.0,Z,0.0,R,24.0,R,6.0,R,25.0,R,13.0
448673,2013,R,60.0,R,528.0,R,11.0,R,5.0,Z,0.0,R,5.0,R,3.0,R,60.0,R,13.0,Z,0.0,R,13.0,R,7.0,R,54.0,R,16.0
448707,2013,A,,A,,A,,R,159.0,R,0.0,R,159.0,R,109.0,R,69.0,A,,A,,A,,A,,A,,R,27.0
448716,2013,A,,A,,A,,R,213.0,R,0.0,R,213.0,R,93.0,R,44.0,A,,A,,A,,A,,A,,R,24.0
448734,2013,R,9.0,R,47.0,R,19.0,R,2.0,Z,0.0,R,2.0,Z,0.0,R,0.0,R,3.0,Z,0.0,R,3.0,R,2.0,R,67.0,R,7.0
448752,2013,A,,A,,A,,R,2.0,R,0.0,R,2.0,R,0.0,R,0.0,A,,A,,A,,A,,A,,R,9.0
448761,2013,A,,A,,A,,R,34.0,R,0.0,R,34.0,R,18.0,R,53.0,A,,A,,A,,A,,A,,R,23.0
448770,2013,A,,A,,A,,R,41.0,R,0.0,R,41.0,R,40.0,R,98.0,R,10.0,R,0.0,R,10.0,R,9.0,R,90.0,R,22.0
448789,2013,A,,A,,A,,A,,A,,A,,A,,A,,A,,A,,A,,A,,A,,R,5.0
448798,2013,A,,A,,A,,R,35.0,R,0.0,R,35.0,R,21.0,R,60.0,R,8.0,R,0.0,R,8.0,R,6.0,R,75.0,R,11.0
448804,2013,A,,A,,A,,A,,A,,A,,A,,A,,A,,A,,A,,A,,A,,R,10.0
448822,2013,A,,A,,A,,R,4.0,R,0.0,R,4.0,R,4.0,R,100.0,A,,A,,A,,A,,A,,R,4.0
448831,2013,A,,A,,A,,R,15.0,R,0.0,R,15.0,R,5.0,R,33.0,A,,A,,A,,A,,A,,R,4.0
448840,2013,R,518.0,R,1187.0,R,44.0,R,636.0,R,0.0,R,636.0,R,381.0,R,60.0,R,15.0,R,0.0,R,15.0,R,6.0,R,40.0,R,22.0
448859,2013,R,61.0,R,73.0,R,84.0,R,61.0,Z,0.0,R,61.0,R,48.0,R,79.0,A,,A,,A,,A,,A,,R,11.0
448886,2013,R,1069.0,R,2309.0,R,46.0,R,921.0,R,10.0,R,911.0,R,766.0,R,84.0,R,22.0,Z,0.0,R,22.0,R,13.0,R,59.0,R,24.0
448895,2013,A,,A,,A,,R,108.0,Z,0.0,R,108.0,R,72.0,R,67.0,A,,A,,A,,A,,A,,R,16.0
448974,2013,A,,A,,A,,R,75.0,R,0.0,R,75.0,R,60.0,R,80.0,R,26.0,R,0.0,R,26.0,R,18.0,R,69.0,R,25.0
448983,2013,A,,A,,A,,R,103.0,R,0.0,R,103.0,R,79.0,R,77.0,R,14.0,R,0.0,R,14.0,R,12.0,R,86.0,R,45.0
449010,2013,R,293.0,R,465.0,R,63.0,R,152.0,Z,0.0,R,152.0,R,63.0,R,41.0,R,11.0,Z,0.0,R,11.0,R,3.0,R,27.0,R,18.0
449038,2013,R,18.0,R,445.0,R,4.0,R,7.0,Z,0.0,R,7.0,R,3.0,R,43.0,R,51.0,Z,0.0,R,51.0,R,16.0,R,31.0,R,14.0
449074,2013,A,,A,,A,,R,338.0,R,0.0,R,338.0,R,243.0,R,72.0,A,,A,,A,,A,,A,,R,25.0
449083,2013,A,,A,,A,,R,86.0,R,0.0,R,86.0,R,70.0,R,81.0,A,,A,,A,,A,,A,,R,15.0
449092,2013,A,,A,,A,,R,302.0,R,0.0,R,302.0,R,281.0,R,93.0,A,,A,,A,,A,,A,,R,7.0
449117,2013,R,41.0,R,138.0,R,30.0,R,48.0,Z,0.0,R,48.0,R,27.0,R,56.0,R,10.0,Z,0.0,R,10.0,R,5.0,R,50.0,R,18.0
449126,2013,R,34.0,R,73.0,R,47.0,R,46.0,Z,0.0,R,46.0,R,25.0,R,54.0,R,10.0,Z,0.0,R,10.0,R,2.0,R,20.0,R,14.0
449135,2013,A,,A,,A,,R,125.0,R,0.0,R,125.0,R,85.0,R,68.0,A,,A,,A,,A,,A,,R,20.0
449144,2013,A,,A,,A,,R,122.0,R,0.0,R,122.0,R,84.0,R,69.0,A,,A,,A,,A,,A,,R,15.0
449153,2013,A,,A,,A,,R,68.0,R,2.0,R,66.0,R,50.0,R,76.0,A,,A,,A,,A,,A,,R,17.0
449162,2013,A,,A,,A,,R,26.0,R,0.0,R,26.0,R,13.0,R,50.0,A,,A,,A,,A,,A,,R,14.0
449171,2013,A,,A,,A,,R,24.0,R,0.0,R,24.0,R,15.0,R,63.0,R,13.0,R,0.0,R,13.0,R,6.0,R,46.0,R,13.0
449180,2013,A,,A,,A,,R,31.0,R,0.0,R,31.0,R,10.0,R,32.0,R,4.0,R,0.0,R,4.0,R,2.0,R,50.0,R,11.0
449199,2013,A,,A,,A,,R,15.0,R,0.0,R,15.0,R,13.0,R,87.0,R,2.0,R,0.0,R,2.0,R,1.0,R,50.0,R,8.0
449205,2013,A,,A,,A,,R,26.0,R,0.0,R,26.0,R,14.0,R,54.0,A,,A,,A,,A,,A,,R,4.0
449214,2013,A,,A,,A,,R,21.0,R,0.0,R,21.0,R,14.0,R,67.0,A,,A,,A,,A,,A,,R,7.0
449223,2013,A,,A,,A,,R,31.0,R,0.0,R,31.0,R,15.0,R,48.0,A,,A,,A,,A,,A,,R,8.0
449232,2013,A,,A,,A,,R,42.0,R,0.0,R,42.0,R,19.0,R,45.0,A,,A,,A,,A,,A,,R,13.0
449241,2013,A,,A,,A,,R,13.0,R,0.0,R,13.0,R,6.0,R,46.0,R,2.0,R,0.0,R,2.0,R,2.0,R,100.0,R,9.0
449250,2013,A,,A,,A,,R,206.0,R,0.0,R,206.0,R,169.0,R,82.0,A,,A,,A,,A,,A,,R,16.0
449269,2013,A,,A,,A,,R,164.0,R,0.0,R,164.0,R,113.0,R,69.0,A,,A,,A,,A,,A,,R,24.0
449302,2013,R,2.0,R,9.0,R,22.0,R,0.0,R,0.0,R,0.0,R,0.0,A,,R,1.0,R,0.0,R,1.0,R,0.0,R,0.0,R,6.0
449311,2013,A,,A,,A,,R,63.0,R,0.0,R,63.0,R,52.0,R,83.0,R,32.0,R,0.0,R,32.0,R,28.0,R,88.0,R,20.0
449320,2013,A,,A,,A,,R,262.0,R,0.0,R,262.0,R,211.0,R,81.0,A,,A,,A,,A,,A,,R,23.0
449339,2013,A,,A,,A,,R,224.0,R,1.0,R,223.0,R,187.0,R,84.0,R,2402.0,R,0.0,R,2402.0,R,1569.0,R,65.0,R,21.0
449348,2013,R,1.0,R,29.0,R,3.0,R,1.0,R,0.0,R,1.0,R,1.0,R,100.0,R,5.0,R,0.0,R,5.0,R,3.0,R,60.0,R,5.0
449357,2013,A,,A,,A,,R,36.0,R,0.0,R,36.0,R,10.0,R,28.0,A,,A,,A,,A,,A,,R,15.0
449366,2013,A,,A,,A,,A,,A,,A,,A,,A,,A,,A,,A,,A,,A,,R,11.0
449375,2013,A,,A,,A,,R,19.0,R,0.0,R,19.0,R,17.0,R,89.0,R,24.0,R,0.0,R,24.0,R,16.0,R,67.0,R,16.0
449384,2013,A,,A,,A,,R,4.0,R,0.0,R,4.0,R,4.0,R,100.0,A,,A,,A,,A,,A,,R,3.0
449393,2013,A,,A,,A,,R,24.0,R,0.0,R,24.0,R,20.0,R,83.0,A,,A,,A,,A,,A,,R,15.0
449436,2013,A,,A,,A,,R,90.0,R,0.0,R,90.0,R,78.0,R,87.0,R,36.0,R,0.0,R,36.0,R,30.0,R,83.0,R,17.0
449445,2013,A,,A,,A,,R,41.0,R,0.0,R,41.0,R,33.0,R,80.0,A,,A,,A,,A,,A,,R,15.0
449454,2013,A,,A,,A,,R,6.0,R,0.0,R,6.0,R,5.0,R,83.0,R,2.0,R,0.0,R,2.0,R,1.0,R,50.0,R,12.0
449463,2013,A,,A,,A,,R,15.0,Z,0.0,R,15.0,R,15.0,R,100.0,R,6.0,Z,0.0,R,6.0,R,5.0,R,83.0,R,8.0
449472,2013,A,,A,,A,,R,42.0,R,0.0,R,42.0,R,30.0,R,71.0,A,,A,,A,,A,,A,,R,9.0
449490,2013,A,,A,,A,,R,26.0,R,0.0,R,26.0,R,20.0,R,77.0,A,,A,,A,,A,,A,,R,13.0
449506,2013,A,,A,,A,,R,102.0,R,0.0,R,102.0,R,82.0,R,80.0,A,,A,,A,,A,,A,,R,17.0
449524,2013,R,36.0,R,189.0,R,19.0,R,46.0,R,0.0,R,46.0,R,38.0,R,83.0,A,,A,,A,,A,,A,,R,24.0
449533,2013,A,,A,,A,,A,,A,,A,,A,,A,,A,,A,,A,,A,,A,,R,13.0
449597,2013,A,,A,,A,,R,9.0,R,0.0,R,9.0,R,5.0,R,56.0,R,8.0,R,0.0,R,8.0,R,8.0,R,100.0,R,10.0
449603,2013,A,,A,,A,,R,100.0,R,0.0,R,100.0,R,90.0,R,90.0,R,8.0,R,0.0,R,8.0,R,7.0,R,88.0,R,11.0
449612,2013,A,,A,,A,,R,23.0,Z,0.0,R,23.0,R,15.0,R,65.0,A,,A,,A,,A,,A,,R,16.0
449658,2013,R,29.0,R,32.0,R,91.0,R,28.0,Z,0.0,R,28.0,R,25.0,R,89.0,A,,A,,A,,A,,A,,R,16.0
449667,2013,A,,A,,A,,R,14.0,R,0.0,R,14.0,R,10.0,R,71.0,A,,A,,A,,A,,A,,R,6.0
449676,2013,A,,A,,A,,A,,A,,A,,A,,A,,R,55.0,R,0.0,R,55.0,R,45.0,R,82.0,R,6.0
449685,2013,A,,A,,A,,R,110.0,R,0.0,R,110.0,R,69.0,R,63.0,A,,A,,A,,A,,A,,R,15.0
449700,2013,A,,A,,A,,R,199.0,R,0.0,R,199.0,R,161.0,R,81.0,A,,A,,A,,A,,A,,R,27.0
449719,2013,A,,A,,A,,R,25.0,R,0.0,R,25.0,R,17.0,R,68.0,A,,A,,A,,A,,A,,R,14.0
449728,2013,A,,A,,A,,R,4.0,R,0.0,R,4.0,R,3.0,R,75.0,A,,A,,A,,A,,A,,R,20.0
449746,2013,A,,A,,A,,R,60.0,Z,0.0,R,60.0,R,53.0,R,88.0,A,,A,,A,,A,,A,,R,13.0
449764,2013,R,31.0,R,48.0,R,65.0,R,24.0,R,0.0,R,24.0,R,17.0,R,71.0,A,,A,,A,,A,,A,,R,10.0
449773,2013,A,,A,,A,,A,,A,,A,,A,,A,,A,,A,,A,,A,,A,,R,13.0
449782,2013,A,,A,,A,,R,21.0,Z,0.0,R,21.0,R,16.0,R,76.0,R,30.0,Z,0.0,R,30.0,R,14.0,R,47.0,R,24.0
449791,2013,A,,A,,A,,A,,A,,A,,A,,A,,A,,A,,A,,A,,A,,R,8.0
449807,2013,A,,A,,A,,R,141.0,R,0.0,R,141.0,R,127.0,R,90.0,A,,A,,A,,A,,A,,R,17.0
449816,2013,A,,A,,A,,R,7.0,R,0.0,R,7.0,R,6.0,R,86.0,R,36.0,R,0.0,R,36.0,R,21.0,R,58.0,R,10.0
449852,2013,A,,A,,A,,R,35.0,R,1.0,R,34.0,R,32.0,R,94.0,R,0.0,Z,0.0,R,0.0,Z,0.0,A,,R,16.0
449861,2013,A,,A,,A,,R,30.0,R,0.0,R,30.0,R,19.0,R,63.0,A,,A,,A,,A,,A,,R,10.0
449870,2013,R,17.0,R,61.0,R,28.0,R,25.0,R,0.0,R,25.0,R,20.0,R,80.0,R,0.0,R,0.0,R,0.0,R,0.0,A,,R,8.0
449898,2013,R,12.0,R,223.0,R,5.0,R,10.0,Z,0.0,R,10.0,R,8.0,R,80.0,R,4.0,Z,0.0,R,4.0,R,2.0,R,50.0,R,9.0
449904,2013,A,,A,,A,,R,65.0,Z,0.0,R,65.0,R,23.0,R,35.0,A,,A,,A,,A,,A,,R,17.0
449931,2013,A,,A,,A,,R,0.0,R,0.0,R,0.0,R,0.0,A,,R,5.0,R,0.0,R,5.0,R,4.0,R,80.0,R,7.0
449959,2013,A,,A,,A,,R,29.0,R,0.0,R,29.0,R,26.0,R,90.0,R,28.0,R,0.0,R,28.0,R,20.0,R,71.0,R,15.0
449968,2013,A,,A,,A,,R,60.0,R,0.0,R,60.0,R,56.0,R,93.0,R,27.0,R,0.0,R,27.0,R,22.0,R,81.0,R,15.0
449977,2013,A,,A,,A,,R,45.0,R,0.0,R,45.0,R,37.0,R,82.0,R,19.0,R,0.0,R,19.0,R,17.0,R,89.0,R,15.0
449986,2013,A,,A,,A,,R,102.0,R,0.0,R,102.0,R,82.0,R,80.0,R,26.0,R,0.0,R,26.0,R,20.0,R,77.0,R,15.0
449995,2013,A,,A,,A,,R,36.0,R,0.0,R,36.0,R,33.0,R,92.0,R,24.0,R,0.0,R,24.0,R,15.0,R,63.0,R,15.0
450003,2013,R,65.0,R,93.0,R,70.0,R,69.0,Z,0.0,R,69.0,R,42.0,R,61.0,R,0.0,Z,0.0,R,0.0,R,0.0,A,,R,18.0
450021,2013,A,,A,,A,,R,111.0,R,1.0,R,110.0,R,25.0,R,23.0,A,,A,,A,,A,,A,,R,8.0
450049,2013,R,69.0,R,162.0,R,43.0,R,27.0,Z,0.0,R,27.0,R,17.0,R,63.0,R,6.0,Z,0.0,R,6.0,R,3.0,R,50.0,R,18.0
450058,2013,A,,A,,A,,R,131.0,Z,0.0,R,131.0,R,73.0,R,56.0,Z,0.0,Z,0.0,Z,0.0,R,0.0,A,,R,33.0
450067,2013,A,,A,,A,,R,64.0,Z,0.0,R,64.0,R,39.0,R,61.0,A,,A,,A,,A,,A,,R,20.0
450076,2013,A,,A,,A,,R,188.0,Z,0.0,R,188.0,R,82.0,R,44.0,A,,A,,A,,A,,A,,R,25.0
450085,2013,R,163.0,R,265.0,R,62.0,R,92.0,Z,0.0,R,92.0,R,49.0,R,53.0,R,7.0,R,1.0,R,6.0,R,1.0,R,17.0,R,18.0
450094,2013,R,139.0,R,413.0,R,34.0,R,101.0,Z,0.0,R,101.0,R,45.0,R,45.0,R,97.0,Z,0.0,R,97.0,R,30.0,R,31.0,R,19.0
450119,2013,A,,A,,A,,R,92.0,R,0.0,R,92.0,R,73.0,R,79.0,R,66.0,R,2.0,R,64.0,R,59.0,R,92.0,R,13.0
450128,2013,R,41.0,R,59.0,R,69.0,R,142.0,Z,0.0,R,142.0,R,121.0,R,85.0,R,167.0,Z,0.0,R,167.0,R,59.0,R,35.0,R,17.0
450146,2013,A,,A,,A,,R,2.0,R,0.0,R,2.0,R,2.0,R,100.0,A,,A,,A,,A,,A,,R,18.0
450155,2013,A,,A,,A,,R,91.0,R,0.0,R,91.0,R,74.0,R,81.0,A,,A,,A,,A,,A,,R,18.0
450173,2013,A,,A,,A,,R,2973.0,R,5.0,R,2968.0,R,1847.0,R,62.0,A,,A,,A,,A,,A,,R,37.0
450182,2013,A,,A,,A,,R,106.0,R,0.0,R,106.0,R,81.0,R,76.0,A,,A,,A,,A,,A,,R,18.0
450191,2013,R,182.0,R,234.0,R,78.0,R,93.0,R,3.0,R,90.0,R,57.0,R,63.0,R,30.0,R,1.0,R,29.0,R,8.0,R,28.0,R,10.0
450207,2013,R,21.0,R,31.0,R,68.0,R,0.0,R,0.0,R,0.0,R,0.0,A,,R,0.0,R,0.0,R,0.0,R,0.0,A,,R,13.0
450216,2013,R,140.0,R,162.0,R,86.0,R,0.0,R,0.0,R,0.0,R,0.0,A,,R,0.0,R,0.0,R,0.0,R,0.0,A,,R,24.0
450225,2013,R,72.0,R,89.0,R,81.0,R,0.0,R,0.0,R,0.0,R,0.0,A,,R,0.0,R,0.0,R,0.0,R,0.0,A,,R,28.0
450234,2013,R,24.0,R,43.0,R,56.0,R,0.0,R,0.0,R,0.0,R,0.0,A,,R,0.0,R,0.0,R,0.0,R,0.0,A,,R,14.0
450243,2013,R,43.0,R,49.0,R,88.0,R,1.0,R,0.0,R,1.0,R,1.0,R,100.0,R,0.0,R,0.0,R,0.0,R,0.0,A,,R,25.0
450252,2013,R,134.0,R,155.0,R,86.0,R,0.0,R,0.0,R,0.0,R,0.0,A,,R,0.0,R,0.0,R,0.0,R,0.0,A,,R,23.0
450261,2013,R,51.0,R,56.0,R,91.0,R,0.0,R,0.0,R,0.0,R,0.0,A,,R,0.0,R,0.0,R,0.0,R,0.0,A,,R,15.0
450270,2013,R,35.0,R,42.0,R,83.0,R,0.0,R,0.0,R,0.0,R,0.0,A,,R,0.0,R,0.0,R,0.0,R,0.0,A,,R,15.0
450289,2013,R,161.0,R,215.0,R,75.0,R,57.0,R,0.0,R,57.0,R,23.0,R,40.0,R,51.0,R,1.0,R,50.0,R,29.0,R,58.0,R,12.0
450298,2013,R,1.0,R,54.0,R,2.0,R,0.0,R,0.0,R,0.0,R,0.0,A,,R,13.0,R,0.0,R,13.0,R,4.0,R,31.0,R,18.0
450377,2013,R,4.0,R,130.0,R,3.0,R,1.0,Z,0.0,R,1.0,R,1.0,R,100.0,R,15.0,Z,0.0,R,15.0,R,3.0,R,20.0,R,22.0
450395,2013,A,,A,,A,,R,21.0,R,0.0,R,21.0,R,14.0,R,67.0,R,0.0,R,0.0,R,0.0,R,0.0,A,,R,13.0
450401,2013,A,,A,,A,,R,119.0,R,0.0,R,119.0,R,89.0,R,75.0,A,,A,,A,,A,,A,,R,15.0
450429,2013,R,16.0,R,39.0,R,41.0,R,0.0,R,0.0,R,0.0,R,0.0,A,,R,0.0,R,0.0,R,0.0,R,0.0,A,,R,9.0
450447,2013,R,12.0,R,35.0,R,34.0,R,8.0,Z,0.0,R,8.0,R,5.0,R,63.0,R,9.0,Z,0.0,R,9.0,R,1.0,R,11.0,R,9.0
450456,2013,A,,A,,A,,R,37.0,R,0.0,R,37.0,R,12.0,R,32.0,A,,A,,A,,A,,A,,R,9.0
450465,2013,R,15.0,R,52.0,R,29.0,R,8.0,Z,0.0,R,8.0,R,2.0,R,25.0,R,10.0,Z,0.0,R,10.0,R,5.0,R,50.0,R,13.0
450474,2013,A,,A,,A,,R,39.0,R,0.0,R,39.0,R,15.0,R,38.0,A,,A,,A,,A,,A,,R,14.0
450483,2013,A,,A,,A,,R,11.0,R,0.0,R,11.0,R,5.0,R,45.0,A,,A,,A,,A,,A,,R,16.0
450526,2013,R,13.0,R,115.0,R,11.0,R,6.0,Z,0.0,R,6.0,R,5.0,R,83.0,R,49.0,Z,0.0,R,49.0,R,14.0,R,29.0,R,12.0
450535,2013,R,7.0,R,70.0,R,10.0,R,7.0,Z,0.0,R,7.0,R,2.0,R,29.0,R,10.0,Z,0.0,R,10.0,R,2.0,R,20.0,R,8.0
450544,2013,R,4.0,R,87.0,R,5.0,R,15.0,Z,0.0,R,15.0,R,9.0,R,60.0,R,21.0,Z,0.0,R,21.0,R,5.0,R,24.0,R,15.0
450571,2013,R,45.0,R,342.0,R,13.0,R,8.0,Z,0.0,R,8.0,R,4.0,R,50.0,R,9.0,Z,0.0,R,9.0,R,5.0,R,56.0,R,16.0
450580,2013,A,,A,,A,,R,32.0,R,0.0,R,32.0,R,26.0,R,81.0,R,10.0,R,0.0,R,10.0,R,6.0,R,60.0,R,19.0
450599,2013,A,,A,,A,,R,51.0,R,0.0,R,51.0,R,30.0,R,59.0,R,2.0,R,0.0,R,2.0,R,1.0,R,50.0,R,20.0
450605,2013,A,,A,,A,,R,30.0,R,0.0,R,30.0,R,20.0,R,67.0,R,9.0,R,0.0,R,9.0,R,8.0,R,89.0,R,17.0
450614,2013,A,,A,,A,,R,31.0,R,0.0,R,31.0,R,20.0,R,65.0,R,6.0,R,0.0,R,6.0,R,4.0,R,67.0,R,18.0
450623,2013,A,,A,,A,,R,17.0,R,0.0,R,17.0,R,12.0,R,71.0,R,6.0,R,0.0,R,6.0,R,5.0,R,83.0,R,13.0
450632,2013,A,,A,,A,,A,,A,,A,,A,,A,,A,,A,,A,,A,,A,,R,5.0
450641,2013,A,,A,,A,,R,4.0,Z,0.0,R,4.0,R,3.0,R,75.0,R,0.0,Z,0.0,R,0.0,R,0.0,A,,R,14.0
450650,2013,A,,A,,A,,R,40.0,R,0.0,R,40.0,R,35.0,R,88.0,R,39.0,R,0.0,R,39.0,R,34.0,R,87.0,R,7.0
450669,2013,A,,A,,A,,R,68.0,Z,0.0,R,68.0,R,49.0,R,72.0,A,,A,,A,,A,,A,,R,12.0
450678,2013,A,,A,,A,,R,95.0,R,0.0,R,95.0,R,81.0,R,85.0,A,,A,,A,,A,,A,,R,20.0
450696,2013,A,,A,,A,,R,46.0,Z,0.0,R,46.0,R,36.0,R,78.0,R,0.0,R,0.0,R,0.0,R,0.0,A,,R,49.0
450702,2013,A,,A,,A,,R,22.0,Z,0.0,R,22.0,R,13.0,R,59.0,R,0.0,Z,0.0,R,0.0,Z,0.0,A,,R,37.0
450720,2013,A,,A,,A,,R,12.0,R,0.0,R,12.0,R,9.0,R,75.0,R,9.0,R,0.0,R,9.0,R,7.0,R,78.0,R,13.0
450739,2013,A,,A,,A,,R,12.0,R,0.0,R,12.0,R,12.0,R,100.0,R,8.0,R,0.0,R,8.0,R,7.0,R,88.0,R,14.0
450757,2013,A,,A,,A,,R,6.0,Z,0.0,R,6.0,R,3.0,R,50.0,R,1.0,Z,0.0,R,1.0,R,1.0,R,100.0,R,13.0
450766,2013,A,,A,,A,,A,,A,,A,,A,,A,,A,,A,,A,,A,,A,,R,7.0
450784,2013,A,,A,,A,,R,19.0,R,0.0,R,19.0,R,12.0,R,63.0,R,5.0,R,0.0,R,5.0,R,1.0,R,20.0,R,10.0
450793,2013,A,,A,,A,,R,33.0,R,0.0,R,33.0,R,15.0,R,45.0,R,8.0,R,0.0,R,8.0,R,3.0,R,38.0,R,10.0
450809,2013,A,,A,,A,,R,14.0,R,0.0,R,14.0,R,7.0,R,50.0,A,,A,,A,,A,,A,,R,8.0
450818,2013,A,,A,,A,,R,24.0,R,0.0,R,24.0,R,5.0,R,21.0,A,,A,,A,,A,,A,,R,9.0
450827,2013,A,,A,,A,,R,32.0,R,0.0,R,32.0,R,19.0,R,59.0,R,7.0,R,0.0,R,7.0,R,3.0,R,43.0,R,12.0
450836,2013,A,,A,,A,,R,45.0,R,0.0,R,45.0,R,16.0,R,36.0,A,,A,,A,,A,,A,,R,14.0
450845,2013,A,,A,,A,,R,8.0,R,0.0,R,8.0,R,4.0,R,50.0,R,2.0,R,0.0,R,2.0,R,0.0,R,0.0,R,4.0
450854,2013,A,,A,,A,,R,18.0,R,0.0,R,18.0,R,14.0,R,78.0,R,1.0,R,0.0,R,1.0,R,1.0,R,100.0,R,11.0
450863,2013,A,,A,,A,,R,23.0,R,0.0,R,23.0,R,9.0,R,39.0,A,,A,,A,,A,,A,,R,6.0
450872,2013,A,,A,,A,,R,24.0,R,0.0,R,24.0,R,12.0,R,50.0,R,9.0,R,0.0,R,9.0,R,4.0,R,44.0,R,9.0
450881,2013,A,,A,,A,,R,24.0,R,0.0,R,24.0,R,13.0,R,54.0,A,,A,,A,,A,,A,,R,7.0
450933,2013,A,,A,,A,,R,108.0,R,0.0,R,108.0,R,61.0,R,56.0,R,124.0,R,0.0,R,124.0,R,42.0,R,34.0,R,61.0
450951,2013,A,,A,,A,,R,27.0,R,0.0,R,27.0,R,20.0,R,74.0,A,,A,,A,,A,,A,,R,14.0
450960,2013,A,,A,,A,,R,168.0,R,0.0,R,168.0,R,100.0,R,60.0,A,,A,,A,,A,,A,,R,10.0
450979,2013,A,,A,,A,,R,3.0,Z,0.0,R,3.0,R,1.0,R,33.0,R,2.0,Z,0.0,R,2.0,R,0.0,R,0.0,R,18.0
450988,2013,A,,A,,A,,R,68.0,R,0.0,R,68.0,R,66.0,R,97.0,R,25.0,Z,0.0,R,25.0,R,17.0,R,68.0,R,27.0
451006,2013,A,,A,,A,,R,36.0,R,0.0,R,36.0,R,25.0,R,69.0,R,9.0,R,0.0,R,9.0,R,7.0,R,78.0,R,9.0
451015,2013,A,,A,,A,,R,278.0,R,0.0,R,278.0,R,236.0,R,85.0,A,,A,,A,,A,,A,,R,21.0
451033,2013,A,,A,,A,,A,,A,,A,,A,,A,,R,0.0,R,0.0,R,0.0,R,0.0,A,,R,12.0
451042,2013,A,,A,,A,,R,13.0,R,0.0,R,13.0,R,12.0,R,92.0,R,25.0,R,0.0,R,25.0,R,24.0,R,96.0,R,4.0
451051,2013,A,,A,,A,,R,7.0,R,0.0,R,7.0,R,7.0,R,100.0,R,27.0,Z,0.0,R,27.0,R,24.0,R,89.0,R,10.0
451060,2013,R,43.0,R,74.0,R,58.0,R,23.0,R,0.0,R,23.0,R,21.0,R,91.0,R,22.0,R,0.0,R,22.0,R,13.0,R,59.0,R,15.0
451097,2013,A,,A,,A,,R,28.0,Z,0.0,R,28.0,R,24.0,R,86.0,R,118.0,Z,0.0,R,118.0,R,100.0,R,85.0,R,17.0
451103,2013,A,,A,,A,,R,244.0,R,0.0,R,244.0,R,179.0,R,73.0,A,,A,,A,,A,,A,,R,18.0
451121,2013,A,,A,,A,,R,10.0,R,0.0,R,10.0,R,10.0,R,100.0,R,0.0,R,0.0,R,0.0,R,0.0,A,,R,10.0
451149,2013,A,,A,,A,,R,276.0,R,0.0,R,276.0,R,220.0,R,80.0,A,,A,,A,,A,,A,,R,20.0
451158,2013,A,,A,,A,,R,206.0,R,0.0,R,206.0,R,160.0,R,78.0,A,,A,,A,,A,,A,,R,20.0
451167,2013,A,,A,,A,,R,8.0,Z,0.0,R,8.0,R,6.0,R,75.0,R,1.0,R,0.0,R,1.0,R,1.0,R,100.0,R,7.0
451194,2013,A,,A,,A,,A,,A,,A,,A,,A,,A,,A,,A,,A,,A,,R,5.0
451219,2013,A,,A,,A,,A,,A,,A,,A,,A,,A,,A,,A,,A,,A,,R,7.0
451228,2013,A,,A,,A,,A,,A,,A,,A,,A,,A,,A,,A,,A,,A,,R,24.0
451237,2013,A,,A,,A,,R,29.0,R,0.0,R,29.0,R,23.0,R,79.0,A,,A,,A,,A,,A,,R,6.0
451255,2013,A,,A,,A,,R,8.0,R,0.0,R,8.0,R,5.0,R,63.0,R,4.0,R,0.0,R,4.0,R,3.0,R,75.0,R,7.0
451264,2013,A,,A,,A,,A,,A,,A,,A,,A,,A,,A,,A,,A,,A,,R,20.0
451282,2013,A,,A,,A,,R,31.0,R,0.0,R,31.0,R,18.0,R,58.0,R,15.0,R,0.0,R,15.0,R,11.0,R,73.0,R,20.0
451291,2013,A,,A,,A,,A,,A,,A,,A,,A,,A,,A,,A,,A,,A,,R,6.0
451307,2013,A,,A,,A,,R,7.0,R,0.0,R,7.0,R,6.0,R,86.0,R,12.0,Z,0.0,R,12.0,R,4.0,R,33.0,R,15.0
451316,2013,A,,A,,A,,R,8.0,Z,0.0,R,8.0,R,7.0,R,88.0,A,,A,,A,,A,,A,,R,12.0
451334,2013,A,,A,,A,,R,19.0,R,0.0,R,19.0,R,16.0,R,84.0,R,0.0,R,0.0,R,0.0,R,0.0,A,,R,18.0
451343,2013,A,,A,,A,,R,2.0,R,0.0,R,2.0,R,1.0,R,50.0,R,0.0,R,0.0,R,0.0,R,0.0,A,,R,22.0
451352,2013,A,,A,,A,,R,106.0,Z,0.0,R,106.0,R,67.0,R,63.0,R,42.0,Z,0.0,R,42.0,R,30.0,R,71.0,R,11.0
451361,2013,A,,A,,A,,A,,A,,A,,A,,A,,A,,A,,A,,A,,A,,R,6.0
451370,2013,R,8.0,R,19.0,R,42.0,R,3.0,R,0.0,R,3.0,R,3.0,R,100.0,A,,A,,A,,A,,A,,R,15.0
451398,2013,R,54.0,R,72.0,R,75.0,R,60.0,R,0.0,R,60.0,R,50.0,R,83.0,A,,A,,A,,A,,A,,R,18.0
451404,2013,R,68.0,R,146.0,R,47.0,R,32.0,R,0.0,R,32.0,R,21.0,R,66.0,A,,A,,A,,A,,A,,R,11.0
451413,2013,A,,A,,A,,R,68.0,R,0.0,R,68.0,R,52.0,R,76.0,A,,A,,A,,A,,A,,R,6.0
451422,2013,A,,A,,A,,A,,A,,A,,A,,A,,A,,A,,A,,A,,A,,R,18.0
451440,2013,A,,A,,A,,R,103.0,R,0.0,R,103.0,R,78.0,R,76.0,A,,A,,A,,A,,A,,R,14.0
451459,2013,A,,A,,A,,A,,A,,A,,A,,A,,A,,A,,A,,A,,A,,R,10.0
451468,2013,A,,A,,A,,R,32.0,R,0.0,R,32.0,R,28.0,R,88.0,A,,A,,A,,A,,A,,R,12.0
451477,2013,A,,A,,A,,A,,A,,A,,A,,A,,A,,A,,A,,A,,A,,R,30.0
451495,2013,A,,A,,A,,R,12.0,Z,0.0,R,12.0,R,12.0,R,100.0,R,0.0,Z,0.0,R,0.0,Z,0.0,A,,R,21.0
451501,2013,A,,A,,A,,R,22.0,R,2.0,R,20.0,R,12.0,R,60.0,A,,A,,A,,A,,A,,R,18.0
451529,2013,A,,A,,A,,R,35.0,R,0.0,R,35.0,R,19.0,R,54.0,R,33.0,R,0.0,R,33.0,R,13.0,R,39.0,R,12.0
451538,2013,A,,A,,A,,R,102.0,R,0.0,R,102.0,R,37.0,R,36.0,A,,A,,A,,A,,A,,R,16.0
451547,2013,A,,A,,A,,R,23.0,R,0.0,R,23.0,R,20.0,R,87.0,A,,A,,A,,A,,A,,R,25.0
451556,2013,R,434.0,R,1024.0,R,42.0,R,7.0,R,0.0,R,7.0,R,6.0,R,86.0,A,,A,,A,,A,,A,,R,21.0
451565,2013,A,,A,,A,,R,29.0,R,0.0,R,29.0,R,25.0,R,86.0,R,3.0,R,0.0,R,3.0,R,3.0,R,100.0,R,12.0
451574,2013,A,,A,,A,,R,27.0,R,0.0,R,27.0,R,20.0,R,74.0,A,,A,,A,,A,,A,,R,13.0
451583,2013,A,,A,,A,,R,22.0,R,0.0,R,22.0,R,16.0,R,73.0,R,36.0,R,0.0,R,36.0,R,26.0,R,72.0,R,9.0
451592,2013,A,,A,,A,,R,1.0,Z,0.0,R,1.0,R,1.0,R,100.0,R,3.0,Z,0.0,R,3.0,R,0.0,R,0.0,R,4.0
451617,2013,A,,A,,A,,R,9.0,Z,0.0,R,9.0,R,6.0,R,67.0,R,2.0,R,0.0,R,2.0,R,0.0,R,0.0,R,9.0
451626,2013,A,,A,,A,,R,26.0,R,0.0,R,26.0,R,19.0,R,73.0,R,9.0,R,0.0,R,9.0,R,5.0,R,56.0,R,11.0
451635,2013,A,,A,,A,,R,25.0,R,0.0,R,25.0,R,21.0,R,84.0,A,,A,,A,,A,,A,,R,10.0
451644,2013,A,,A,,A,,R,7.0,R,0.0,R,7.0,R,5.0,R,71.0,A,,A,,A,,A,,A,,R,20.0
451653,2013,A,,A,,A,,R,18.0,R,0.0,R,18.0,R,16.0,R,89.0,A,,A,,A,,A,,A,,R,8.0
451662,2013,A,,A,,A,,R,51.0,R,1.0,R,50.0,R,16.0,R,32.0,R,633.0,R,2.0,R,631.0,R,156.0,R,25.0,R,11.0
451671,2013,R,80.0,R,534.0,R,15.0,R,0.0,R,0.0,R,0.0,Z,0.0,A,,R,0.0,R,0.0,R,0.0,Z,0.0,A,,R,13.0
451699,2013,R,114.0,R,280.0,R,41.0,R,7.0,Z,0.0,R,7.0,R,1.0,R,14.0,A,,A,,A,,A,,A,,R,12.0
451705,2013,A,,A,,A,,R,2.0,R,0.0,R,2.0,R,1.0,R,50.0,A,,A,,A,,A,,A,,R,14.0
451714,2013,A,,A,,A,,R,48.0,R,0.0,R,48.0,R,39.0,R,81.0,A,,A,,A,,A,,A,,R,17.0
451741,2013,R,121.0,R,283.0,R,43.0,R,7.0,R,0.0,R,7.0,R,1.0,R,14.0,A,,A,,A,,A,,A,,R,29.0
451750,2013,R,46.0,R,201.0,R,23.0,R,0.0,R,0.0,R,0.0,R,0.0,A,,R,0.0,R,0.0,R,0.0,R,0.0,A,,R,12.0
451769,2013,R,21.0,R,82.0,R,26.0,R,4.0,R,0.0,R,4.0,R,3.0,R,75.0,R,1.0,R,0.0,R,1.0,R,1.0,R,100.0,R,14.0
451796,2013,R,247.0,R,426.0,R,58.0,R,115.0,Z,0.0,R,115.0,R,58.0,R,50.0,R,7.0,Z,0.0,R,7.0,R,3.0,R,43.0,R,18.0
451802,2013,A,,A,,A,,R,0.0,R,0.0,R,0.0,R,0.0,A,,Z,0.0,Z,0.0,Z,0.0,R,0.0,A,,R,9.0
451811,2013,A,,A,,A,,R,7.0,R,0.0,R,7.0,R,5.0,R,71.0,R,2.0,Z,0.0,R,2.0,R,2.0,R,100.0,R,7.0
451820,2013,R,174.0,R,462.0,R,38.0,R,161.0,Z,0.0,R,161.0,R,78.0,R,48.0,R,53.0,Z,0.0,R,53.0,R,16.0,R,30.0,R,22.0
451848,2013,R,72.0,R,152.0,R,47.0,R,44.0,Z,0.0,R,44.0,R,30.0,R,68.0,R,19.0,Z,0.0,R,19.0,R,8.0,R,42.0,R,12.0
451857,2013,A,,A,,A,,R,97.0,Z,0.0,R,97.0,R,59.0,R,61.0,A,,A,,A,,A,,A,,R,19.0
451866,2013,A,,A,,A,,R,89.0,Z,0.0,R,89.0,R,60.0,R,67.0,A,,A,,A,,A,,A,,R,15.0
451875,2013,R,1.0,R,59.0,R,2.0,R,3.0,Z,0.0,R,3.0,R,1.0,R,33.0,R,13.0,Z,0.0,R,13.0,R,5.0,R,38.0,R,17.0
451884,2013,A,,A,,A,,R,1.0,Z,0.0,R,1.0,R,1.0,R,100.0,R,34.0,Z,0.0,R,34.0,R,6.0,R,18.0,R,10.0
451909,2013,A,,A,,A,,R,140.0,Z,0.0,R,140.0,R,92.0,R,66.0,A,,A,,A,,A,,A,,R,35.0
451918,2013,A,,A,,A,,R,9.0,R,0.0,R,9.0,R,5.0,R,56.0,R,0.0,R,0.0,R,0.0,R,0.0,A,,R,16.0
451936,2013,R,38.0,R,50.0,R,76.0,R,0.0,R,0.0,R,0.0,R,0.0,A,,R,0.0,R,0.0,R,0.0,R,0.0,A,,R,11.0
451945,2013,R,46.0,R,61.0,R,75.0,R,0.0,R,0.0,R,0.0,R,0.0,A,,R,0.0,R,0.0,R,0.0,R,0.0,A,,R,12.0
451954,2013,R,41.0,R,53.0,R,77.0,R,0.0,R,0.0,R,0.0,R,0.0,A,,R,0.0,R,0.0,R,0.0,R,0.0,A,,R,15.0
451963,2013,R,59.0,R,75.0,R,79.0,R,0.0,R,0.0,R,0.0,R,0.0,A,,R,0.0,R,0.0,R,0.0,R,0.0,A,,R,22.0
451972,2013,R,29.0,R,32.0,R,91.0,R,0.0,R,0.0,R,0.0,R,0.0,A,,R,0.0,R,0.0,R,0.0,R,0.0,A,,R,15.0
451981,2013,R,39.0,R,50.0,R,78.0,R,0.0,R,0.0,R,0.0,R,0.0,A,,R,0.0,R,0.0,R,0.0,R,0.0,A,,R,9.0
451990,2013,R,63.0,R,81.0,R,78.0,R,0.0,R,0.0,R,0.0,R,0.0,A,,R,0.0,R,0.0,R,0.0,R,0.0,A,,R,19.0
452009,2013,A,,A,,A,,R,10.0,R,0.0,R,10.0,R,9.0,R,90.0,A,,A,,A,,A,,A,,R,11.0
452018,2013,R,111.0,R,199.0,R,56.0,R,60.0,Z,0.0,R,60.0,R,27.0,R,45.0,R,21.0,Z,0.0,R,21.0,R,7.0,R,33.0,R,12.0
452027,2013,R,119.0,R,329.0,R,36.0,R,99.0,Z,0.0,R,99.0,R,40.0,R,40.0,R,8.0,Z,0.0,R,8.0,R,1.0,R,13.0,R,19.0
452036,2013,A,,A,,A,,R,82.0,Z,0.0,R,82.0,R,61.0,R,74.0,A,,A,,A,,A,,A,,R,36.0
452045,2013,A,,A,,A,,R,111.0,Z,0.0,R,111.0,R,86.0,R,77.0,A,,A,,A,,A,,A,,R,44.0
452054,2013,A,,A,,A,,R,125.0,R,0.0,R,125.0,R,94.0,R,75.0,A,,A,,A,,A,,A,,R,39.0
452063,2013,A,,A,,A,,R,172.0,Z,0.0,R,172.0,R,117.0,R,68.0,A,,A,,A,,A,,A,,R,37.0
452072,2013,A,,A,,A,,R,30.0,R,0.0,R,30.0,R,23.0,R,77.0,A,,A,,A,,A,,A,,R,15.0
452081,2013,A,,A,,A,,R,74.0,R,0.0,R,74.0,R,60.0,R,81.0,A,,A,,A,,A,,A,,R,23.0
452090,2013,A,,A,,A,,R,5.0,Z,0.0,R,5.0,R,2.0,R,40.0,R,3.0,Z,0.0,R,3.0,Z,0.0,R,0.0,R,9.0
452106,2013,A,,A,,A,,R,32.0,R,0.0,R,32.0,R,32.0,R,100.0,A,,A,,A,,A,,A,,R,14.0
452115,2013,R,237.0,R,291.0,R,81.0,R,142.0,R,2.0,R,140.0,R,87.0,R,62.0,R,44.0,R,0.0,R,44.0,R,13.0,R,30.0,R,10.0
452124,2013,A,,A,,A,,R,59.0,Z,0.0,R,59.0,R,34.0,R,58.0,A,,A,,A,,A,,A,,R,15.0
452373,2013,R,42.0,R,231.0,R,18.0,R,29.0,R,0.0,R,29.0,R,9.0,R,31.0,R,26.0,R,0.0,R,26.0,R,15.0,R,58.0,R,13.0
452692,2013,A,,A,,A,,A,,A,,A,,A,,A,,A,,A,,A,,A,,A,,R,1.0
452771,2013,A,,A,,A,,A,,A,,A,,A,,A,,A,,A,,A,,A,,A,,R,8.0
452780,2013,A,,A,,A,,A,,A,,A,,A,,A,,A,,A,,A,,A,,A,,R,9.0
452841,2013,A,,A,,A,,R,72.0,R,0.0,R,72.0,R,30.0,R,42.0,A,,A,,A,,A,,A,,R,10.0
452948,2013,A,,A,,A,,R,14.0,Z,0.0,R,14.0,R,9.0,R,64.0,R,2.0,Z,0.0,R,2.0,R,1.0,R,50.0,R,16.0
452984,2013,A,,A,,A,,A,,A,,A,,A,,A,,A,,A,,A,,A,,A,,R,5.0
453075,2013,A,,A,,A,,R,27.0,Z,0.0,R,27.0,R,19.0,R,70.0,R,2.0,Z,0.0,R,2.0,R,1.0,R,50.0,R,24.0
453109,2013,R,105.0,R,110.0,R,95.0,R,93.0,R,0.0,R,93.0,R,79.0,R,85.0,A,,A,,A,,A,,A,,R,10.0
453127,2013,R,3.0,R,120.0,R,3.0,R,1.0,R,0.0,R,1.0,R,0.0,R,0.0,R,19.0,R,0.0,R,19.0,R,5.0,R,26.0,R,15.0
453163,2013,R,13.0,R,585.0,R,2.0,R,4.0,Z,0.0,R,4.0,R,2.0,R,50.0,R,81.0,Z,0.0,R,81.0,R,23.0,R,28.0,R,22.0
453215,2013,R,3.0,R,129.0,R,2.0,R,3.0,Z,0.0,R,3.0,R,1.0,R,33.0,R,51.0,Z,0.0,R,51.0,R,11.0,R,22.0,R,13.0
453297,2013,A,,A,,A,,R,3.0,R,0.0,R,3.0,R,2.0,R,67.0,A,,A,,A,,A,,A,,R,9.0
453455,2013,R,4.0,R,37.0,R,11.0,R,5.0,R,0.0,R,5.0,R,3.0,R,60.0,R,3.0,R,0.0,R,3.0,R,2.0,R,67.0,R,8.0
453464,2013,R,15.0,R,39.0,R,38.0,R,13.0,R,0.0,R,13.0,R,3.0,R,23.0,R,3.0,R,0.0,R,3.0,R,0.0,R,0.0,R,8.0
453473,2013,R,12.0,R,36.0,R,33.0,R,5.0,R,0.0,R,5.0,R,1.0,R,20.0,R,0.0,R,0.0,R,0.0,R,0.0,A,,R,7.0
453482,2013,R,4.0,R,19.0,R,21.0,R,6.0,R,0.0,R,6.0,R,4.0,R,67.0,R,1.0,R,0.0,R,1.0,R,0.0,R,0.0,R,4.0
453552,2013,A,,A,,A,,R,65.0,R,0.0,R,65.0,R,44.0,R,68.0,R,24.0,R,0.0,R,24.0,R,16.0,R,67.0,R,30.0
453570,2013,A,,A,,A,,R,24.0,R,0.0,R,24.0,R,19.0,R,79.0,A,,A,,A,,A,,A,,R,21.0
453747,2013,R,36.0,R,101.0,R,36.0,R,20.0,R,0.0,R,20.0,R,12.0,R,60.0,R,1.0,R,0.0,R,1.0,R,0.0,R,0.0,R,12.0
453756,2013,A,,A,,A,,R,36.0,R,1.0,R,35.0,R,13.0,R,37.0,A,,A,,A,,A,,A,,R,7.0
453817,2013,A,,A,,A,,R,68.0,R,0.0,R,68.0,R,58.0,R,85.0,A,,A,,A,,A,,A,,R,20.0
454078,2013,A,,A,,A,,A,,A,,A,,A,,A,,A,,A,,A,,A,,A,,R,13.0
454175,2013,A,,A,,A,,R,71.0,R,0.0,R,71.0,R,55.0,R,77.0,A,,A,,A,,A,,A,,R,20.0
454184,2013,R,125.0,R,151.0,R,83.0,R,202.0,R,0.0,R,202.0,R,121.0,R,60.0,R,1.0,Z,0.0,R,1.0,R,0.0,R,0.0,R,17.0
454227,2013,R,13.0,R,5098.0,R,0.0,R,17.0,R,0.0,R,17.0,R,14.0,R,82.0,R,8.0,R,0.0,R,8.0,R,5.0,R,63.0,R,26.0
454236,2013,R,13.0,R,281.0,R,5.0,R,2.0,R,0.0,R,2.0,R,2.0,R,100.0,R,1.0,R,0.0,R,1.0,R,1.0,R,100.0,R,11.0
454245,2013,R,5.0,R,191.0,R,3.0,R,6.0,R,0.0,R,6.0,R,5.0,R,83.0,R,1.0,R,0.0,R,1.0,R,0.0,R,0.0,R,15.0
454306,2013,A,,A,,A,,R,0.0,R,0.0,R,0.0,R,0.0,A,,R,80.0,R,3.0,R,77.0,R,61.0,R,79.0,R,34.0
454315,2013,A,,A,,A,,R,17.0,R,0.0,R,17.0,R,12.0,R,71.0,R,1.0,R,0.0,R,1.0,R,1.0,R,100.0,R,8.0
454324,2013,A,,A,,A,,R,9.0,R,0.0,R,9.0,R,6.0,R,67.0,R,3.0,R,0.0,R,3.0,R,2.0,R,67.0,R,8.0
454333,2013,A,,A,,A,,R,22.0,R,0.0,R,22.0,R,14.0,R,64.0,R,5.0,R,0.0,R,5.0,R,3.0,R,60.0,R,7.0
454342,2013,A,,A,,A,,R,21.0,R,0.0,R,21.0,R,9.0,R,43.0,R,7.0,R,0.0,R,7.0,R,2.0,R,29.0,R,9.0
454351,2013,A,,A,,A,,R,44.0,R,0.0,R,44.0,R,11.0,R,25.0,A,,A,,A,,A,,A,,R,12.0
454360,2013,A,,A,,A,,R,37.0,R,0.0,R,37.0,R,23.0,R,62.0,R,15.0,R,0.0,R,15.0,R,8.0,R,53.0,R,18.0
454379,2013,A,,A,,A,,R,45.0,R,0.0,R,45.0,R,21.0,R,47.0,A,,A,,A,,A,,A,,R,14.0
454388,2013,A,,A,,A,,R,30.0,R,0.0,R,30.0,R,18.0,R,60.0,R,2.0,R,0.0,R,2.0,R,0.0,R,0.0,R,8.0
454397,2013,A,,A,,A,,R,32.0,R,0.0,R,32.0,R,14.0,R,44.0,R,8.0,R,0.0,R,8.0,R,3.0,R,38.0,R,14.0
454458,2013,A,,A,,A,,R,33.0,R,0.0,R,33.0,R,11.0,R,33.0,A,,A,,A,,A,,A,,R,25.0
454467,2013,A,,A,,A,,R,29.0,R,0.0,R,29.0,R,13.0,R,45.0,R,5.0,R,0.0,R,5.0,R,3.0,R,60.0,R,11.0
454476,2013,A,,A,,A,,R,17.0,R,0.0,R,17.0,R,8.0,R,47.0,R,1.0,R,0.0,R,1.0,R,1.0,R,100.0,R,7.0
454485,2013,A,,A,,A,,R,11.0,R,0.0,R,11.0,R,4.0,R,36.0,A,,A,,A,,A,,A,,R,7.0
454494,2013,A,,A,,A,,R,27.0,R,0.0,R,27.0,R,13.0,R,48.0,A,,A,,A,,A,,A,,R,10.0
454500,2013,A,,A,,A,,R,36.0,R,0.0,R,36.0,R,21.0,R,58.0,R,5.0,R,0.0,R,5.0,R,4.0,R,80.0,R,8.0
454519,2013,A,,A,,A,,R,24.0,R,0.0,R,24.0,R,16.0,R,67.0,R,7.0,R,0.0,R,7.0,R,2.0,R,29.0,R,13.0
454528,2013,A,,A,,A,,R,24.0,R,0.0,R,24.0,R,21.0,R,88.0,R,6.0,R,0.0,R,6.0,R,5.0,R,83.0,R,8.0
454537,2013,A,,A,,A,,R,30.0,R,0.0,R,30.0,R,26.0,R,87.0,A,,A,,A,,A,,A,,R,12.0
454546,2013,A,,A,,A,,R,19.0,Z,0.0,R,19.0,R,11.0,R,58.0,A,,A,,A,,A,,A,,R,12.0
454555,2013,A,,A,,A,,R,57.0,Z,0.0,R,57.0,R,35.0,R,61.0,A,,A,,A,,A,,A,,R,18.0
454573,2013,A,,A,,A,,R,48.0,Z,0.0,R,48.0,R,26.0,R,54.0,A,,A,,A,,A,,A,,R,17.0
454582,2013,A,,A,,A,,A,,A,,A,,A,,A,,R,4.0,R,0.0,R,4.0,R,0.0,R,0.0,R,2.0
454591,2013,R,21.0,R,43.0,R,49.0,R,2.0,R,0.0,R,2.0,R,1.0,R,50.0,R,0.0,R,0.0,R,0.0,R,0.0,A,,R,7.0
454607,2013,A,,A,,A,,R,53.0,R,0.0,R,53.0,R,42.0,R,79.0,A,,A,,A,,A,,A,,R,15.0
454616,2013,R,33.0,R,87.0,R,38.0,R,48.0,R,0.0,R,48.0,R,30.0,R,63.0,R,20.0,R,0.0,R,20.0,R,8.0,R,40.0,R,8.0
454625,2013,R,186.0,R,243.0,R,77.0,R,72.0,R,1.0,R,71.0,R,45.0,R,63.0,R,43.0,R,3.0,R,40.0,R,18.0,R,45.0,R,10.0
454652,2013,A,,A,,A,,R,3.0,Z,0.0,R,3.0,R,1.0,R,33.0,A,,A,,A,,A,,A,,R,20.0
454689,2013,A,,A,,A,,R,1.0,R,0.0,R,1.0,R,1.0,R,100.0,A,,A,,A,,A,,A,,R,4.0
454698,2013,R,229.0,R,229.0,R,100.0,R,139.0,R,0.0,R,139.0,R,112.0,R,81.0,A,,A,,A,,A,,A,,R,11.0
454704,2013,A,,A,,A,,R,19.0,R,0.0,R,19.0,R,16.0,R,84.0,A,,A,,A,,A,,A,,R,25.0
454722,2013,A,,A,,A,,R,3.0,Z,0.0,R,3.0,R,3.0,R,100.0,R,0.0,Z,0.0,R,0.0,R,0.0,A,,R,25.0
454731,2013,A,,A,,A,,A,,A,,A,,A,,A,,A,,A,,A,,A,,A,,R,17.0
454740,2013,R,4.0,R,44.0,R,9.0,R,0.0,R,0.0,R,0.0,R,0.0,A,,R,4.0,R,0.0,R,4.0,R,2.0,R,50.0,R,14.0
454759,2013,A,,A,,A,,R,1.0,R,0.0,R,1.0,R,1.0,R,100.0,R,20.0,R,0.0,R,20.0,R,6.0,R,30.0,R,8.0
454768,2013,A,,A,,A,,R,16.0,R,0.0,R,16.0,R,13.0,R,81.0,R,7.0,R,0.0,R,7.0,R,5.0,R,71.0,R,20.0
454777,2013,A,,A,,A,,R,11.0,R,0.0,R,11.0,R,10.0,R,91.0,R,2.0,R,0.0,R,2.0,R,1.0,R,50.0,R,12.0
454786,2013,A,,A,,A,,R,61.0,R,0.0,R,61.0,R,43.0,R,70.0,R,113.0,R,0.0,R,113.0,R,79.0,R,70.0,R,10.0
454795,2013,A,,A,,A,,R,36.0,R,0.0,R,36.0,R,31.0,R,86.0,R,20.0,R,0.0,R,20.0,R,17.0,R,85.0,R,26.0
454801,2013,A,,A,,A,,R,26.0,R,0.0,R,26.0,R,22.0,R,85.0,R,0.0,R,0.0,R,0.0,R,0.0,A,,R,15.0
454810,2013,A,,A,,A,,R,98.0,R,0.0,R,98.0,R,87.0,R,89.0,A,,A,,A,,A,,A,,R,15.0
454829,2013,A,,A,,A,,R,1.0,R,0.0,R,1.0,R,1.0,R,100.0,R,5.0,R,0.0,R,5.0,R,4.0,R,80.0,R,13.0
454847,2013,A,,A,,A,,R,82.0,R,0.0,R,82.0,R,77.0,R,94.0,A,,A,,A,,A,,A,,R,21.0
454856,2013,A,,A,,A,,R,0.0,Z,0.0,R,0.0,Z,0.0,A,,A,,A,,A,,A,,A,,R,16.0
454865,2013,A,,A,,A,,R,60.0,Z,0.0,R,60.0,R,45.0,R,75.0,R,9.0,Z,0.0,R,9.0,R,8.0,R,89.0,R,15.0
454874,2013,A,,A,,A,,R,10.0,R,0.0,R,10.0,R,9.0,R,90.0,R,7.0,R,0.0,R,7.0,R,5.0,R,71.0,R,13.0
454883,2013,A,,A,,A,,R,0.0,R,0.0,R,0.0,R,0.0,A,,A,,A,,A,,A,,A,,R,25.0
454892,2013,A,,A,,A,,R,8.0,R,0.0,R,8.0,R,8.0,R,100.0,R,4.0,R,0.0,R,4.0,R,4.0,R,100.0,R,14.0
454908,2013,A,,A,,A,,R,19.0,Z,0.0,R,19.0,R,18.0,R,95.0,A,,A,,A,,A,,A,,R,6.0
454917,2013,A,,A,,A,,R,184.0,R,2.0,R,182.0,R,155.0,R,85.0,R,48.0,R,0.0,R,48.0,R,40.0,R,83.0,R,18.0
454926,2013,A,,A,,A,,R,30.0,R,0.0,R,30.0,R,25.0,R,83.0,A,,A,,A,,A,,A,,R,17.0
454935,2013,A,,A,,A,,R,47.0,R,0.0,R,47.0,R,46.0,R,98.0,A,,A,,A,,A,,A,,R,7.0
454944,2013,A,,A,,A,,R,13.0,R,0.0,R,13.0,R,8.0,R,62.0,R,2.0,R,0.0,R,2.0,R,1.0,R,50.0,R,13.0
454953,2013,A,,A,,A,,A,,A,,A,,A,,A,,A,,A,,A,,A,,A,,R,17.0
454962,2013,A,,A,,A,,R,2.0,R,0.0,R,2.0,R,2.0,R,100.0,R,1.0,Z,0.0,R,1.0,R,1.0,R,100.0,R,12.0
454971,2013,A,,A,,A,,R,19.0,R,0.0,R,19.0,R,15.0,R,79.0,R,5.0,R,0.0,R,5.0,R,5.0,R,100.0,R,9.0
454980,2013,A,,A,,A,,R,21.0,R,0.0,R,21.0,R,16.0,R,76.0,R,10.0,R,0.0,R,10.0,R,8.0,R,80.0,R,12.0
454999,2013,A,,A,,A,,R,11.0,R,0.0,R,11.0,R,6.0,R,55.0,R,5.0,R,0.0,R,5.0,R,2.0,R,40.0,R,10.0
455008,2013,A,,A,,A,,R,15.0,R,0.0,R,15.0,R,9.0,R,60.0,R,0.0,R,0.0,R,0.0,R,0.0,A,,R,11.0
455017,2013,A,,A,,A,,R,7.0,Z,0.0,R,7.0,R,6.0,R,86.0,R,4.0,Z,0.0,R,4.0,R,3.0,R,75.0,R,13.0
455026,2013,A,,A,,A,,A,,A,,A,,A,,A,,R,24.0,Z,0.0,R,24.0,R,16.0,R,67.0,R,5.0
455035,2013,A,,A,,A,,A,,A,,A,,A,,A,,A,,A,,A,,A,,A,,R,2.0
455053,2013,A,,A,,A,,R,12.0,R,0.0,R,12.0,R,7.0,R,58.0,R,32.0,R,0.0,R,32.0,R,17.0,R,53.0,R,16.0
455062,2013,A,,A,,A,,R,2.0,R,0.0,R,2.0,R,2.0,R,100.0,R,3.0,R,0.0,R,3.0,R,2.0,R,67.0,R,21.0
455071,2013,A,,A,,A,,A,,A,,A,,A,,A,,A,,A,,A,,A,,A,,R,15.0
455080,2013,A,,A,,A,,R,80.0,R,0.0,R,80.0,R,68.0,R,85.0,R,27.0,R,0.0,R,27.0,R,22.0,R,81.0,R,14.0
455105,2013,A,,A,,A,,R,12.0,R,0.0,R,12.0,R,11.0,R,92.0,A,,A,,A,,A,,A,,R,9.0
455114,2013,R,829.0,R,3438.0,R,24.0,R,879.0,R,0.0,R,879.0,R,436.0,R,50.0,R,714.0,R,0.0,R,714.0,R,267.0,R,37.0,R,20.0
455141,2013,A,,A,,A,,R,94.0,R,0.0,R,94.0,R,83.0,R,88.0,A,,A,,A,,A,,A,,R,9.0
455187,2013,A,,A,,A,,R,82.0,R,0.0,R,82.0,R,72.0,R,88.0,R,0.0,R,0.0,R,0.0,R,0.0,A,,R,25.0
455196,2013,A,,A,,A,,R,79.0,R,1.0,R,78.0,R,55.0,R,71.0,A,,A,,A,,A,,A,,R,18.0
455202,2013,A,,A,,A,,R,25.0,R,0.0,R,25.0,R,22.0,R,88.0,A,,A,,A,,A,,A,,R,12.0
455211,2013,A,,A,,A,,R,5.0,R,0.0,R,5.0,R,4.0,R,80.0,R,2.0,R,0.0,R,2.0,R,0.0,R,0.0,R,9.0
455220,2013,A,,A,,A,,R,45.0,R,0.0,R,45.0,R,14.0,R,31.0,A,,A,,A,,A,,A,,R,15.0
455239,2013,A,,A,,A,,R,41.0,R,0.0,R,41.0,R,36.0,R,88.0,R,65.0,R,0.0,R,65.0,R,53.0,R,82.0,R,7.0
455248,2013,A,,A,,A,,R,2.0,R,0.0,R,2.0,R,2.0,R,100.0,A,,A,,A,,A,,A,,R,10.0
455257,2013,R,69.0,R,94.0,R,73.0,R,71.0,R,0.0,R,71.0,R,60.0,R,85.0,A,,A,,A,,A,,A,,R,28.0
455275,2013,A,,A,,A,,R,108.0,Z,0.0,R,108.0,R,87.0,R,81.0,A,,A,,A,,A,,A,,R,11.0
455284,2013,A,,A,,A,,R,49.0,R,0.0,R,49.0,R,39.0,R,80.0,R,7.0,R,0.0,R,7.0,R,4.0,R,57.0,R,17.0
455293,2013,A,,A,,A,,R,5.0,Z,0.0,R,5.0,R,1.0,R,20.0,A,,A,,A,,A,,A,,R,9.0
455327,2013,A,,A,,A,,A,,A,,A,,A,,A,,A,,A,,A,,A,,A,,R,18.0
455336,2013,A,,A,,A,,R,159.0,R,9.0,R,150.0,R,149.0,R,99.0,A,,A,,A,,A,,A,,R,13.0
455345,2013,A,,A,,A,,R,30.0,Z,0.0,R,30.0,R,26.0,R,87.0,A,,A,,A,,A,,A,,R,8.0
455354,2013,A,,A,,A,,R,33.0,R,0.0,R,33.0,R,28.0,R,85.0,A,,A,,A,,A,,A,,R,14.0
455372,2013,A,,A,,A,,A,,A,,A,,A,,A,,A,,A,,A,,A,,A,,R,7.0
455381,2013,A,,A,,A,,R,15.0,R,0.0,R,15.0,R,15.0,R,100.0,R,7.0,R,0.0,R,7.0,R,7.0,R,100.0,R,7.0
455390,2013,R,29.0,R,206.0,R,14.0,R,31.0,R,0.0,R,31.0,R,20.0,R,65.0,R,20.0,R,0.0,R,20.0,R,13.0,R,65.0,R,14.0
455415,2013,A,,A,,A,,R,6.0,R,0.0,R,6.0,R,4.0,R,67.0,R,2.0,R,0.0,R,2.0,R,0.0,R,0.0,R,10.0
455424,2013,A,,A,,A,,R,72.0,R,0.0,R,72.0,R,58.0,R,81.0,A,,A,,A,,A,,A,,R,20.0
455460,2013,A,,A,,A,,R,44.0,Z,0.0,R,44.0,R,31.0,R,70.0,A,,A,,A,,A,,A,,R,31.0
455479,2013,A,,A,,A,,R,93.0,Z,0.0,R,93.0,R,53.0,R,57.0,A,,A,,A,,A,,A,,R,28.0
455488,2013,A,,A,,A,,R,63.0,Z,0.0,R,63.0,R,36.0,R,57.0,R,25.0,Z,0.0,R,25.0,R,13.0,R,52.0,R,24.0
455497,2013,A,,A,,A,,R,45.0,Z,0.0,R,45.0,R,24.0,R,53.0,A,,A,,A,,A,,A,,R,16.0
455512,2013,R,196.0,R,926.0,R,21.0,R,106.0,Z,0.0,R,106.0,R,75.0,R,71.0,R,199.0,Z,0.0,R,199.0,R,92.0,R,46.0,R,23.0
455549,2013,A,,A,,A,,R,8.0,R,0.0,R,8.0,R,4.0,R,50.0,A,,A,,A,,A,,A,,R,29.0
455558,2013,A,,A,,A,,R,39.0,R,0.0,R,39.0,R,21.0,R,54.0,A,,A,,A,,A,,A,,R,38.0
455567,2013,A,,A,,A,,R,41.0,Z,0.0,R,41.0,R,23.0,R,56.0,A,,A,,A,,A,,A,,R,36.0
455585,2013,R,29.0,R,71.0,R,41.0,R,1.0,R,0.0,R,1.0,R,1.0,R,100.0,R,1.0,R,0.0,R,1.0,R,1.0,R,100.0,R,9.0
455600,2013,R,63.0,R,122.0,R,52.0,R,0.0,Z,0.0,R,0.0,Z,0.0,A,,A,,A,,A,,A,,A,,R,10.0
455619,2013,R,74.0,R,166.0,R,45.0,R,0.0,Z,0.0,R,0.0,Z,0.0,A,,A,,A,,A,,A,,A,,R,11.0
455628,2013,A,,A,,A,,R,69.0,Z,0.0,R,69.0,R,32.0,R,46.0,A,,A,,A,,A,,A,,R,17.0
455646,2013,R,6.0,R,12.0,R,50.0,R,6.0,R,0.0,R,6.0,R,4.0,R,67.0,R,0.0,R,0.0,R,0.0,R,0.0,A,,R,6.0
455655,2013,R,126.0,R,197.0,R,64.0,R,100.0,Z,0.0,R,100.0,R,53.0,R,53.0,R,65.0,Z,0.0,R,65.0,R,21.0,R,32.0,R,12.0
455673,2013,R,2.0,R,6.0,R,33.0,R,10.0,R,0.0,R,10.0,R,7.0,R,70.0,R,1.0,R,0.0,R,1.0,R,1.0,R,100.0,R,7.0
455707,2013,A,,A,,A,,A,,A,,A,,A,,A,,A,,A,,A,,A,,A,,R,11.0
455716,2013,R,234.0,R,300.0,R,78.0,R,210.0,R,1.0,R,209.0,R,109.0,R,52.0,R,35.0,R,3.0,R,32.0,R,24.0,R,75.0,R,9.0
455725,2013,A,,A,,A,,R,113.0,R,0.0,R,113.0,R,80.0,R,71.0,A,,A,,A,,A,,A,,R,10.0
455734,2013,A,,A,,A,,R,107.0,R,0.0,R,107.0,R,75.0,R,70.0,A,,A,,A,,A,,A,,R,13.0
455743,2013,A,,A,,A,,R,28.0,R,0.0,R,28.0,R,24.0,R,86.0,A,,A,,A,,A,,A,,R,14.0
455752,2013,A,,A,,A,,R,15.0,R,1.0,R,14.0,R,11.0,R,79.0,A,,A,,A,,A,,A,,R,20.0
455761,2013,A,,A,,A,,R,45.0,R,0.0,R,45.0,R,34.0,R,76.0,R,17.0,R,0.0,R,17.0,R,11.0,R,65.0,R,15.0
455770,2013,R,20.0,R,30.0,R,67.0,R,11.0,Z,0.0,R,11.0,R,7.0,R,64.0,R,0.0,Z,0.0,R,0.0,Z,0.0,A,,R,10.0
455789,2013,A,,A,,A,,R,11.0,R,2.0,R,9.0,R,8.0,R,89.0,A,,A,,A,,A,,A,,R,3.0
455798,2013,A,,A,,A,,R,11.0,R,0.0,R,11.0,R,10.0,R,91.0,R,11.0,R,0.0,R,11.0,R,10.0,R,91.0,R,12.0
455831,2013,A,,A,,A,,R,43.0,R,0.0,R,43.0,R,13.0,R,30.0,A,,A,,A,,A,,A,,R,25.0
455840,2013,A,,A,,A,,R,83.0,R,0.0,R,83.0,R,54.0,R,65.0,A,,A,,A,,A,,A,,R,8.0
455859,2013,A,,A,,A,,R,37.0,R,0.0,R,37.0,R,28.0,R,76.0,A,,A,,A,,A,,A,,R,20.0
455868,2013,A,,A,,A,,R,14.0,Z,0.0,R,14.0,R,14.0,R,100.0,A,,A,,A,,A,,A,,R,22.0
455877,2013,A,,A,,A,,R,69.0,Z,0.0,R,69.0,R,62.0,R,90.0,A,,A,,A,,A,,A,,R,9.0
455886,2013,A,,A,,A,,R,22.0,R,0.0,R,22.0,R,20.0,R,91.0,R,5.0,R,0.0,R,5.0,R,5.0,R,100.0,R,10.0
455895,2013,A,,A,,A,,R,19.0,R,0.0,R,19.0,R,16.0,R,84.0,R,9.0,R,0.0,R,9.0,R,7.0,R,78.0,R,11.0
455901,2013,A,,A,,A,,R,41.0,R,0.0,R,41.0,R,38.0,R,93.0,A,,A,,A,,A,,A,,R,10.0
455910,2013,A,,A,,A,,A,,A,,A,,A,,A,,A,,A,,A,,A,,A,,R,9.0
455929,2013,A,,A,,A,,R,11.0,R,0.0,R,11.0,R,6.0,R,55.0,R,4.0,R,0.0,R,4.0,R,2.0,R,50.0,R,14.0
455938,2013,A,,A,,A,,A,,A,,A,,A,,A,,A,,A,,A,,A,,A,,R,3.0
455947,2013,A,,A,,A,,R,113.0,Z,0.0,R,113.0,R,99.0,R,88.0,R,6.0,Z,0.0,R,6.0,R,5.0,R,83.0,R,13.0
455956,2013,A,,A,,A,,R,59.0,R,0.0,R,59.0,R,35.0,R,59.0,A,,A,,A,,A,,A,,R,20.0
455965,2013,A,,A,,A,,R,28.0,R,1.0,R,27.0,R,26.0,R,96.0,A,,A,,A,,A,,A,,R,17.0
455974,2013,A,,A,,A,,A,,A,,A,,A,,A,,A,,A,,A,,A,,A,,R,15.0
455983,2013,A,,A,,A,,R,148.0,R,0.0,R,148.0,R,116.0,R,78.0,R,34.0,R,0.0,R,34.0,R,22.0,R,65.0,R,9.0
456001,2013,A,,A,,A,,A,,A,,A,,A,,A,,A,,A,,A,,A,,A,,R,11.0
456010,2013,R,18.0,R,67.0,R,27.0,R,33.0,Z,0.0,R,33.0,R,21.0,R,64.0,R,2.0,Z,0.0,R,2.0,Z,0.0,R,0.0,R,16.0
456029,2013,A,,A,,A,,R,31.0,R,0.0,R,31.0,R,23.0,R,74.0,A,,A,,A,,A,,A,,R,23.0
456038,2013,A,,A,,A,,R,200.0,R,1.0,R,199.0,R,152.0,R,76.0,A,,A,,A,,A,,A,,R,25.0
456056,2013,R,173.0,R,206.0,R,84.0,R,130.0,R,2.0,R,128.0,R,58.0,R,45.0,R,28.0,R,2.0,R,26.0,R,8.0,R,31.0,R,10.0
456065,2013,A,,A,,A,,R,20.0,R,0.0,R,20.0,R,14.0,R,70.0,R,7.0,R,0.0,R,7.0,R,3.0,R,43.0,R,20.0
456074,2013,A,,A,,A,,R,38.0,R,0.0,R,38.0,R,26.0,R,68.0,R,4.0,R,0.0,R,4.0,R,4.0,R,100.0,R,20.0
456092,2013,A,,A,,A,,R,22.0,R,0.0,R,22.0,R,13.0,R,59.0,R,8.0,R,0.0,R,8.0,R,5.0,R,63.0,R,18.0
456117,2013,A,,A,,A,,R,9.0,R,0.0,R,9.0,R,8.0,R,89.0,R,10.0,Z,0.0,R,10.0,R,4.0,R,40.0,R,5.0
456126,2013,A,,A,,A,,R,47.0,R,0.0,R,47.0,R,40.0,R,85.0,R,13.0,R,0.0,R,13.0,R,7.0,R,54.0,R,16.0
456135,2013,A,,A,,A,,R,26.0,R,0.0,R,26.0,R,18.0,R,69.0,R,6.0,R,0.0,R,6.0,R,5.0,R,83.0,R,11.0
456144,2013,A,,A,,A,,R,72.0,R,0.0,R,72.0,R,66.0,R,92.0,A,,A,,A,,A,,A,,R,7.0
456153,2013,A,,A,,A,,R,126.0,R,3.0,R,123.0,R,114.0,R,93.0,A,,A,,A,,A,,A,,R,14.0
456180,2013,A,,A,,A,,R,19.0,Z,0.0,R,19.0,R,14.0,R,74.0,A,,A,,A,,A,,A,,R,15.0
456205,2013,R,87.0,R,169.0,R,51.0,R,88.0,Z,0.0,R,88.0,R,42.0,R,48.0,R,15.0,Z,0.0,R,15.0,R,4.0,R,27.0,R,11.0
456214,2013,A,,A,,A,,A,,A,,A,,A,,A,,A,,A,,A,,A,,A,,R,30.0
456250,2013,A,,A,,A,,R,22.0,R,0.0,R,22.0,R,17.0,R,77.0,R,5.0,R,0.0,R,5.0,R,5.0,R,100.0,R,13.0
456278,2013,A,,A,,A,,R,61.0,R,0.0,R,61.0,R,19.0,R,31.0,R,0.0,R,0.0,R,0.0,R,0.0,A,,R,12.0
456287,2013,A,,A,,A,,R,26.0,R,0.0,R,26.0,R,23.0,R,88.0,A,,A,,A,,A,,A,,R,11.0
456296,2013,R,125.0,R,290.0,R,43.0,R,26.0,Z,0.0,R,26.0,R,11.0,R,42.0,R,3.0,Z,0.0,R,3.0,R,0.0,R,0.0,R,24.0
456302,2013,A,,A,,A,,R,62.0,Z,0.0,R,62.0,R,43.0,R,69.0,A,,A,,A,,A,,A,,R,30.0
456311,2013,A,,A,,A,,R,42.0,Z,0.0,R,42.0,R,26.0,R,62.0,A,,A,,A,,A,,A,,R,16.0
456320,2013,A,,A,,A,,R,88.0,R,1.0,R,87.0,R,61.0,R,70.0,A,,A,,A,,A,,A,,R,17.0
456339,2013,A,,A,,A,,R,126.0,R,2.0,R,124.0,R,76.0,R,61.0,A,,A,,A,,A,,A,,R,12.0
456348,2013,A,,A,,A,,R,779.0,Z,0.0,R,779.0,R,226.0,R,29.0,A,,A,,A,,A,,A,,R,25.0
456357,2013,A,,A,,A,,R,100.0,R,0.0,R,100.0,R,69.0,R,69.0,A,,A,,A,,A,,A,,R,19.0
456366,2013,A,,A,,A,,R,45.0,R,0.0,R,45.0,R,33.0,R,73.0,A,,A,,A,,A,,A,,R,17.0
456375,2013,A,,A,,A,,R,49.0,Z,0.0,R,49.0,R,28.0,R,57.0,A,,A,,A,,A,,A,,R,13.0
456393,2013,R,81.0,R,87.0,R,93.0,R,17.0,R,0.0,R,17.0,R,5.0,R,29.0,R,5.0,R,1.0,R,4.0,R,0.0,R,0.0,R,19.0
456409,2013,R,41.0,R,51.0,R,80.0,R,0.0,R,0.0,R,0.0,R,0.0,A,,R,0.0,R,0.0,R,0.0,R,0.0,A,,R,16.0
456418,2013,R,32.0,R,36.0,R,89.0,R,55.0,R,2.0,R,53.0,R,24.0,R,45.0,R,8.0,R,2.0,R,6.0,R,2.0,R,33.0,R,11.0
456427,2013,R,21.0,R,26.0,R,81.0,R,0.0,R,0.0,R,0.0,R,0.0,A,,R,0.0,R,0.0,R,0.0,R,0.0,A,,R,27.0
456436,2013,R,44.0,R,57.0,R,77.0,R,0.0,R,0.0,R,0.0,R,0.0,A,,R,0.0,R,0.0,R,0.0,R,0.0,A,,R,14.0
456445,2013,R,65.0,R,83.0,R,78.0,R,0.0,R,0.0,R,0.0,R,0.0,A,,R,0.0,R,0.0,R,0.0,R,0.0,A,,R,20.0
456454,2013,A,,A,,A,,R,32.0,Z,0.0,R,32.0,R,23.0,R,72.0,A,,A,,A,,A,,A,,R,14.0
456481,2013,R,2.0,R,8.0,R,25.0,R,3.0,R,0.0,R,3.0,R,1.0,R,33.0,R,0.0,R,0.0,R,0.0,R,0.0,A,,R,7.0
456490,2013,R,1.0,R,5.0,R,20.0,R,2.0,R,0.0,R,2.0,R,0.0,R,0.0,R,0.0,R,0.0,R,0.0,R,0.0,A,,R,5.0
456506,2013,A,,A,,A,,R,40.0,R,0.0,R,40.0,R,37.0,R,93.0,A,,A,,A,,A,,A,,R,26.0
456515,2013,A,,A,,A,,R,87.0,R,0.0,R,87.0,R,64.0,R,74.0,A,,A,,A,,A,,A,,R,19.0
456551,2013,A,,A,,A,,R,23.0,R,0.0,R,23.0,R,15.0,R,65.0,A,,A,,A,,A,,A,,R,21.0
456560,2013,A,,A,,A,,R,11.0,R,0.0,R,11.0,R,8.0,R,73.0,R,15.0,Z,0.0,R,15.0,R,8.0,R,53.0,R,11.0
456588,2013,A,,A,,A,,R,12.0,R,0.0,R,12.0,R,11.0,R,92.0,A,,A,,A,,A,,A,,R,18.0
456597,2013,A,,A,,A,,R,13.0,R,0.0,R,13.0,R,12.0,R,92.0,A,,A,,A,,A,,A,,R,13.0
456612,2013,R,102.0,R,227.0,R,45.0,R,0.0,Z,0.0,R,0.0,Z,0.0,A,,A,,A,,A,,A,,A,,R,10.0
456621,2013,A,,A,,A,,R,0.0,R,0.0,R,0.0,R,0.0,A,,R,7.0,R,0.0,R,7.0,R,0.0,R,0.0,R,15.0
456630,2013,R,1.0,R,14.0,R,7.0,R,0.0,R,0.0,R,0.0,R,0.0,A,,R,9.0,Z,0.0,R,9.0,R,4.0,R,44.0,R,10.0
456667,2013,R,1.0,R,228.0,R,0.0,R,1.0,Z,0.0,R,1.0,R,0.0,R,0.0,R,49.0,Z,0.0,R,49.0,R,16.0,R,33.0,R,12.0
456719,2013,A,,A,,A,,R,50.0,R,0.0,R,50.0,R,20.0,R,40.0,A,,A,,A,,A,,A,,R,12.0
456728,2013,A,,A,,A,,R,10.0,R,0.0,R,10.0,R,5.0,R,50.0,R,1.0,R,0.0,R,1.0,R,0.0,R,0.0,R,3.0
456737,2013,A,,A,,A,,R,29.0,R,0.0,R,29.0,R,18.0,R,62.0,A,,A,,A,,A,,A,,R,12.0
456746,2013,A,,A,,A,,R,25.0,R,0.0,R,25.0,R,15.0,R,60.0,R,9.0,R,0.0,R,9.0,R,8.0,R,89.0,R,14.0
456755,2013,A,,A,,A,,R,10.0,R,0.0,R,10.0,R,5.0,R,50.0,R,3.0,R,0.0,R,3.0,R,2.0,R,67.0,R,4.0
456764,2013,A,,A,,A,,R,24.0,R,0.0,R,24.0,R,14.0,R,58.0,R,11.0,R,0.0,R,11.0,R,8.0,R,73.0,R,12.0
456773,2013,A,,A,,A,,R,17.0,R,0.0,R,17.0,R,10.0,R,59.0,A,,A,,A,,A,,A,,R,6.0
456782,2013,R,18.0,R,73.0,R,25.0,R,5.0,R,0.0,R,5.0,R,2.0,R,40.0,R,2.0,R,0.0,R,2.0,R,2.0,R,100.0,R,19.0
456791,2013,R,112.0,R,257.0,R,44.0,R,1.0,Z,0.0,R,1.0,R,1.0,R,100.0,A,,A,,A,,A,,A,,R,17.0
456807,2013,R,23.0,R,59.0,R,39.0,R,2.0,R,0.0,R,2.0,R,1.0,R,50.0,R,2.0,R,0.0,R,2.0,R,0.0,R,0.0,R,9.0
456816,2013,R,30.0,R,65.0,R,46.0,R,1.0,R,0.0,R,1.0,R,1.0,R,100.0,R,1.0,R,0.0,R,1.0,R,0.0,R,0.0,R,9.0
456825,2013,A,,A,,A,,R,13.0,R,0.0,R,13.0,R,11.0,R,85.0,A,,A,,A,,A,,A,,R,15.0
456834,2013,R,7.0,R,43.0,R,16.0,R,4.0,R,0.0,R,4.0,R,4.0,R,100.0,R,2.0,R,0.0,R,2.0,R,1.0,R,50.0,R,25.0
456852,2013,A,,A,,A,,R,54.0,R,0.0,R,54.0,R,48.0,R,89.0,A,,A,,A,,A,,A,,R,25.0
456861,2013,A,,A,,A,,R,176.0,R,0.0,R,176.0,R,150.0,R,85.0,A,,A,,A,,A,,A,,R,20.0
456922,2013,A,,A,,A,,R,111.0,R,0.0,R,111.0,R,77.0,R,69.0,A,,A,,A,,A,,A,,R,40.0
456931,2013,A,,A,,A,,R,70.0,R,0.0,R,70.0,R,26.0,R,37.0,A,,A,,A,,A,,A,,R,23.0
456940,2013,A,,A,,A,,R,47.0,R,0.0,R,47.0,R,27.0,R,57.0,A,,A,,A,,A,,A,,R,29.0
456959,2013,R,155.0,R,201.0,R,77.0,R,140.0,R,0.0,R,140.0,R,110.0,R,79.0,A,,A,,A,,A,,A,,R,12.0
456968,2013,A,,A,,A,,R,2.0,R,0.0,R,2.0,R,2.0,R,100.0,R,4.0,R,0.0,R,4.0,R,4.0,R,100.0,R,20.0
456977,2013,A,,A,,A,,R,32.0,R,0.0,R,32.0,R,26.0,R,81.0,A,,A,,A,,A,,A,,R,18.0
457004,2013,R,4.0,R,20.0,R,20.0,R,9.0,R,0.0,R,9.0,R,4.0,R,44.0,R,3.0,R,0.0,R,3.0,R,2.0,R,67.0,R,10.0
457022,2013,R,31.0,R,40.0,R,78.0,R,1.0,Z,0.0,R,1.0,R,0.0,R,0.0,R,0.0,Z,0.0,R,0.0,Z,0.0,A,,R,14.0
457031,2013,A,,A,,A,,R,7.0,R,0.0,R,7.0,R,6.0,R,86.0,A,,A,,A,,A,,A,,R,12.0
457077,2013,A,,A,,A,,R,87.0,Z,0.0,R,87.0,R,53.0,R,61.0,A,,A,,A,,A,,A,,R,16.0
457086,2013,A,,A,,A,,R,46.0,Z,0.0,R,46.0,R,38.0,R,83.0,R,11.0,Z,0.0,R,11.0,R,8.0,R,73.0,R,15.0
457101,2013,A,,A,,A,,R,9.0,Z,0.0,R,9.0,R,6.0,R,67.0,R,0.0,R,0.0,R,0.0,R,0.0,A,,R,20.0
457110,2013,A,,A,,A,,R,10.0,Z,0.0,R,10.0,R,8.0,R,80.0,R,0.0,R,0.0,R,0.0,R,0.0,A,,R,15.0
457129,2013,R,2.0,R,248.0,R,1.0,R,0.0,R,0.0,R,0.0,R,0.0,A,,R,0.0,R,0.0,R,0.0,R,0.0,A,,R,9.0
457174,2013,A,,A,,A,,R,100.0,Z,0.0,R,100.0,R,71.0,R,71.0,A,,A,,A,,A,,A,,R,19.0
457183,2013,A,,A,,A,,A,,A,,A,,A,,A,,A,,A,,A,,A,,A,,R,10.0
457192,2013,A,,A,,A,,R,17.0,R,0.0,R,17.0,R,12.0,R,71.0,A,,A,,A,,A,,A,,R,20.0
457208,2013,A,,A,,A,,R,31.0,Z,0.0,R,31.0,R,22.0,R,71.0,A,,A,,A,,A,,A,,R,8.0
457226,2013,R,2.0,R,3.0,R,67.0,R,0.0,R,0.0,R,0.0,R,0.0,A,,R,0.0,R,0.0,R,0.0,R,0.0,A,,R,10.0
457244,2013,A,,A,,A,,R,50.0,R,0.0,R,50.0,R,49.0,R,98.0,R,30.0,R,0.0,R,30.0,R,29.0,R,97.0,R,14.0
457253,2013,A,,A,,A,,R,3.0,Z,0.0,R,3.0,R,1.0,R,33.0,R,7.0,Z,0.0,R,7.0,R,6.0,R,86.0,R,9.0
457280,2013,A,,A,,A,,R,26.0,R,0.0,R,26.0,R,19.0,R,73.0,R,8.0,R,0.0,R,8.0,R,7.0,R,88.0,R,20.0
457299,2013,A,,A,,A,,R,0.0,R,0.0,R,0.0,R,0.0,A,,R,0.0,R,0.0,R,0.0,R,0.0,A,,R,15.0
457314,2013,A,,A,,A,,R,24.0,R,0.0,R,24.0,R,17.0,R,71.0,A,,A,,A,,A,,A,,R,14.0
457323,2013,A,,A,,A,,R,23.0,R,0.0,R,23.0,R,20.0,R,87.0,R,14.0,R,0.0,R,14.0,R,10.0,R,71.0,R,11.0
457332,2013,A,,A,,A,,R,9.0,R,0.0,R,9.0,R,9.0,R,100.0,R,6.0,R,0.0,R,6.0,R,5.0,R,83.0,R,6.0
457341,2013,A,,A,,A,,R,12.0,R,0.0,R,12.0,R,11.0,R,92.0,R,5.0,R,0.0,R,5.0,R,3.0,R,60.0,R,11.0
457350,2013,A,,A,,A,,A,,A,,A,,A,,A,,R,19.0,R,0.0,R,19.0,R,18.0,R,95.0,R,3.0
457378,2013,A,,A,,A,,R,14.0,R,0.0,R,14.0,R,8.0,R,57.0,R,4.0,R,0.0,R,4.0,R,2.0,R,50.0,R,10.0
457387,2013,A,,A,,A,,R,30.0,R,1.0,R,29.0,R,24.0,R,83.0,R,4.0,R,0.0,R,4.0,R,3.0,R,75.0,R,15.0
457396,2013,A,,A,,A,,R,27.0,R,0.0,R,27.0,R,20.0,R,74.0,R,7.0,Z,0.0,R,7.0,R,6.0,R,86.0,R,20.0
457402,2013,A,,A,,A,,R,0.0,R,0.0,R,0.0,R,0.0,A,,R,0.0,R,0.0,R,0.0,R,0.0,A,,R,8.0
457411,2013,A,,A,,A,,R,38.0,Z,0.0,R,38.0,R,21.0,R,55.0,R,1.0,Z,0.0,R,1.0,R,0.0,R,0.0,R,19.0
457420,2013,A,,A,,A,,R,7.0,R,0.0,R,7.0,R,6.0,R,86.0,R,3.0,Z,0.0,R,3.0,R,3.0,R,100.0,R,7.0
457439,2013,A,,A,,A,,R,4.0,R,0.0,R,4.0,R,3.0,R,75.0,R,2.0,R,0.0,R,2.0,R,2.0,R,100.0,R,4.0
457448,2013,A,,A,,A,,R,20.0,R,0.0,R,20.0,R,15.0,R,75.0,A,,A,,A,,A,,A,,R,18.0
457457,2013,A,,A,,A,,R,19.0,R,0.0,R,19.0,R,12.0,R,63.0,R,3.0,R,0.0,R,3.0,R,3.0,R,100.0,R,13.0
457466,2013,A,,A,,A,,R,10.0,R,0.0,R,10.0,R,8.0,R,80.0,A,,A,,A,,A,,A,,R,20.0
457475,2013,A,,A,,A,,R,19.0,R,0.0,R,19.0,R,17.0,R,89.0,A,,A,,A,,A,,A,,R,12.0
457484,2013,R,8.0,R,19.0,R,42.0,R,20.0,R,0.0,R,20.0,R,17.0,R,85.0,R,5.0,R,0.0,R,5.0,R,4.0,R,80.0,R,13.0
457493,2013,A,,A,,A,,R,19.0,R,0.0,R,19.0,R,19.0,R,100.0,A,,A,,A,,A,,A,,R,12.0
457509,2013,A,,A,,A,,R,14.0,R,0.0,R,14.0,R,12.0,R,86.0,A,,A,,A,,A,,A,,R,12.0
457527,2013,A,,A,,A,,R,2.0,R,0.0,R,2.0,R,1.0,R,50.0,R,1.0,R,0.0,R,1.0,R,1.0,R,100.0,R,24.0
457536,2013,A,,A,,A,,R,15.0,R,0.0,R,15.0,R,13.0,R,87.0,A,,A,,A,,A,,A,,R,15.0
457545,2013,A,,A,,A,,R,44.0,R,0.0,R,44.0,R,38.0,R,86.0,R,7.0,R,0.0,R,7.0,R,5.0,R,71.0,R,15.0
457554,2013,A,,A,,A,,R,20.0,R,1.0,R,19.0,R,13.0,R,68.0,R,7.0,R,0.0,R,7.0,R,5.0,R,71.0,R,11.0
457563,2013,A,,A,,A,,R,28.0,R,0.0,R,28.0,R,24.0,R,86.0,A,,A,,A,,A,,A,,R,20.0
457572,2013,A,,A,,A,,R,13.0,R,0.0,R,13.0,R,10.0,R,77.0,A,,A,,A,,A,,A,,R,17.0
457581,2013,A,,A,,A,,R,20.0,R,0.0,R,20.0,R,14.0,R,70.0,A,,A,,A,,A,,A,,R,12.0
457590,2013,A,,A,,A,,R,2.0,R,0.0,R,2.0,R,2.0,R,100.0,R,0.0,R,0.0,R,0.0,R,0.0,A,,R,35.0
457606,2013,A,,A,,A,,R,55.0,R,0.0,R,55.0,R,25.0,R,45.0,A,,A,,A,,A,,A,,R,12.0
457615,2013,A,,A,,A,,A,,A,,A,,A,,A,,R,10.0,R,1.0,R,9.0,R,8.0,R,89.0,R,10.0
457624,2013,A,,A,,A,,R,27.0,R,0.0,R,27.0,R,22.0,R,81.0,A,,A,,A,,A,,A,,R,10.0
457633,2013,A,,A,,A,,R,45.0,Z,0.0,R,45.0,R,39.0,R,87.0,R,8.0,R,0.0,R,8.0,R,6.0,R,75.0,R,7.0
457642,2013,A,,A,,A,,R,31.0,R,0.0,R,31.0,R,21.0,R,68.0,R,8.0,R,0.0,R,8.0,R,6.0,R,75.0,R,24.0
457651,2013,A,,A,,A,,R,33.0,R,0.0,R,33.0,R,31.0,R,94.0,R,21.0,R,0.0,R,21.0,R,16.0,R,76.0,R,8.0
457679,2013,A,,A,,A,,R,2.0,R,0.0,R,2.0,R,2.0,R,100.0,A,,A,,A,,A,,A,,R,11.0
457688,2013,A,,A,,A,,R,0.0,R,0.0,R,0.0,R,0.0,A,,A,,A,,A,,A,,A,,R,30.0
457697,2013,A,,A,,A,,R,1.0,R,0.0,R,1.0,R,0.0,R,0.0,R,1.0,R,0.0,R,1.0,R,0.0,R,0.0,R,10.0
457703,2013,A,,A,,A,,R,6.0,R,0.0,R,6.0,R,4.0,R,67.0,R,1.0,R,0.0,R,1.0,R,0.0,R,0.0,R,20.0
457721,2013,A,,A,,A,,R,9.0,R,0.0,R,9.0,R,9.0,R,100.0,A,,A,,A,,A,,A,,R,10.0
457730,2013,A,,A,,A,,R,147.0,Z,0.0,R,147.0,R,135.0,R,92.0,R,13.0,Z,0.0,R,13.0,R,10.0,R,77.0,R,30.0
457749,2013,A,,A,,A,,R,18.0,Z,0.0,R,18.0,R,16.0,R,89.0,R,3.0,R,0.0,R,3.0,R,3.0,R,100.0,R,15.0
457758,2013,A,,A,,A,,R,34.0,R,0.0,R,34.0,R,28.0,R,82.0,R,20.0,R,0.0,R,20.0,R,12.0,R,60.0,R,25.0
457767,2013,A,,A,,A,,R,99.0,Z,0.0,R,99.0,R,63.0,R,64.0,A,,A,,A,,A,,A,,R,15.0
457776,2013,A,,A,,A,,R,9.0,R,0.0,R,9.0,R,8.0,R,89.0,A,,A,,A,,A,,A,,R,14.0
457785,2013,A,,A,,A,,R,102.0,R,0.0,R,102.0,R,87.0,R,85.0,A,,A,,A,,A,,A,,R,21.0
457794,2013,A,,A,,A,,R,26.0,Z,0.0,R,26.0,R,23.0,R,88.0,R,28.0,Z,0.0,R,28.0,R,25.0,R,89.0,R,25.0
457800,2013,A,,A,,A,,R,56.0,R,0.0,R,56.0,R,15.0,R,27.0,R,292.0,R,0.0,R,292.0,R,34.0,R,12.0,R,27.0
457819,2013,A,,A,,A,,A,,A,,A,,A,,A,,A,,A,,A,,A,,A,,R,8.0
457828,2013,A,,A,,A,,R,59.0,R,0.0,R,59.0,R,49.0,R,83.0,A,,A,,A,,A,,A,,R,22.0
457837,2013,A,,A,,A,,R,23.0,R,0.0,R,23.0,R,21.0,R,91.0,R,16.0,R,1.0,R,15.0,R,11.0,R,73.0,R,9.0
457846,2013,A,,A,,A,,R,2.0,R,0.0,R,2.0,R,2.0,R,100.0,R,17.0,R,0.0,R,17.0,R,15.0,R,88.0,R,9.0
457855,2013,A,,A,,A,,R,21.0,R,0.0,R,21.0,R,13.0,R,62.0,R,4.0,R,0.0,R,4.0,R,3.0,R,75.0,R,15.0
457864,2013,A,,A,,A,,R,24.0,R,0.0,R,24.0,R,22.0,R,92.0,R,16.0,Z,0.0,R,16.0,R,15.0,R,94.0,R,10.0
457873,2013,A,,A,,A,,A,,A,,A,,A,,A,,R,23.0,R,0.0,R,23.0,R,22.0,R,96.0,R,10.0
457891,2013,A,,A,,A,,R,13.0,R,0.0,R,13.0,R,3.0,R,23.0,A,,A,,A,,A,,A,,R,7.0
457916,2013,A,,A,,A,,R,23.0,R,0.0,R,23.0,R,21.0,R,91.0,R,2.0,R,0.0,R,2.0,R,2.0,R,100.0,R,10.0
457925,2013,A,,A,,A,,R,10.0,R,0.0,R,10.0,R,7.0,R,70.0,A,,A,,A,,A,,A,,R,4.0
457943,2013,A,,A,,A,,R,62.0,R,0.0,R,62.0,R,4.0,R,6.0,A,,A,,A,,A,,A,,R,4.0
457952,2013,A,,A,,A,,R,65.0,R,0.0,R,65.0,R,57.0,R,88.0,R,10.0,R,0.0,R,10.0,R,9.0,R,90.0,R,15.0
457961,2013,A,,A,,A,,R,19.0,R,0.0,R,19.0,R,14.0,R,74.0,A,,A,,A,,A,,A,,R,6.0
457989,2013,A,,A,,A,,R,36.0,R,0.0,R,36.0,R,19.0,R,53.0,A,,A,,A,,A,,A,,R,15.0
457998,2013,A,,A,,A,,R,22.0,R,0.0,R,22.0,R,21.0,R,95.0,R,3.0,R,0.0,R,3.0,R,3.0,R,100.0,R,11.0
458007,2013,A,,A,,A,,R,25.0,R,0.0,R,25.0,R,20.0,R,80.0,R,14.0,R,0.0,R,14.0,R,12.0,R,86.0,R,13.0
458016,2013,A,,A,,A,,R,91.0,R,0.0,R,91.0,R,87.0,R,96.0,A,,A,,A,,A,,A,,R,15.0
458025,2013,A,,A,,A,,A,,A,,A,,A,,A,,A,,A,,A,,A,,A,,R,4.0
458034,2013,A,,A,,A,,R,30.0,R,0.0,R,30.0,R,27.0,R,90.0,R,5.0,R,0.0,R,5.0,R,5.0,R,100.0,R,10.0
458043,2013,A,,A,,A,,R,16.0,R,0.0,R,16.0,R,12.0,R,75.0,R,2.0,R,0.0,R,2.0,R,2.0,R,100.0,R,15.0
458052,2013,A,,A,,A,,R,2.0,R,0.0,R,2.0,R,2.0,R,100.0,R,25.0,R,0.0,R,25.0,R,15.0,R,60.0,R,10.0
458061,2013,A,,A,,A,,R,19.0,R,0.0,R,19.0,R,3.0,R,16.0,R,69.0,R,0.0,R,69.0,R,24.0,R,35.0,R,30.0
458070,2013,A,,A,,A,,R,15.0,R,0.0,R,15.0,R,13.0,R,87.0,R,8.0,R,0.0,R,8.0,R,7.0,R,88.0,R,18.0
458098,2013,A,,A,,A,,R,29.0,R,0.0,R,29.0,R,20.0,R,69.0,A,,A,,A,,A,,A,,R,15.0
458104,2013,A,,A,,A,,R,22.0,Z,0.0,R,22.0,R,17.0,R,77.0,R,8.0,Z,0.0,R,8.0,R,6.0,R,75.0,R,16.0
458113,2013,R,3.0,R,13.0,R,23.0,R,4.0,R,0.0,R,4.0,R,2.0,R,50.0,R,1.0,R,0.0,R,1.0,R,0.0,R,0.0,R,5.0
458122,2013,A,,A,,A,,R,0.0,R,0.0,R,0.0,R,0.0,A,,A,,A,,A,,A,,A,,R,20.0
458131,2013,A,,A,,A,,R,104.0,R,0.0,R,104.0,R,94.0,R,90.0,A,,A,,A,,A,,A,,R,12.0
458140,2013,R,13.0,R,52.0,R,25.0,R,6.0,Z,0.0,R,6.0,R,6.0,R,100.0,A,,A,,A,,A,,A,,R,10.0
458168,2013,A,,A,,A,,R,50.0,R,0.0,R,50.0,R,43.0,R,86.0,R,0.0,R,0.0,R,0.0,R,0.0,A,,R,14.0
458177,2013,A,,A,,A,,R,19.0,R,0.0,R,19.0,R,16.0,R,84.0,R,6.0,R,0.0,R,6.0,R,2.0,R,33.0,R,12.0
458186,2013,A,,A,,A,,R,78.0,R,0.0,R,78.0,R,61.0,R,78.0,A,,A,,A,,A,,A,,R,27.0
458195,2013,A,,A,,A,,R,3.0,R,0.0,R,3.0,R,3.0,R,100.0,A,,A,,A,,A,,A,,R,3.0
458210,2013,R,22.0,R,168.0,R,13.0,R,11.0,R,0.0,R,11.0,R,10.0,R,91.0,R,0.0,R,0.0,R,0.0,R,0.0,A,,R,21.0
458229,2013,R,12.0,R,130.0,R,9.0,R,20.0,R,0.0,R,20.0,R,15.0,R,75.0,R,0.0,R,0.0,R,0.0,R,0.0,A,,R,20.0
458247,2013,A,,A,,A,,R,45.0,R,0.0,R,45.0,R,33.0,R,73.0,A,,A,,A,,A,,A,,R,20.0
458256,2013,R,298.0,R,445.0,R,67.0,R,182.0,R,2.0,R,180.0,R,129.0,R,72.0,R,107.0,R,8.0,R,99.0,R,33.0,R,33.0,R,14.0
458265,2013,A,,A,,A,,R,194.0,R,0.0,R,194.0,R,166.0,R,86.0,R,31.0,R,0.0,R,31.0,R,25.0,R,81.0,R,22.0
458274,2013,A,,A,,A,,R,47.0,R,0.0,R,47.0,R,42.0,R,89.0,R,14.0,R,0.0,R,14.0,R,11.0,R,79.0,R,15.0
458283,2013,A,,A,,A,,R,66.0,R,0.0,R,66.0,R,52.0,R,79.0,A,,A,,A,,A,,A,,R,20.0
458292,2013,A,,A,,A,,R,18.0,R,0.0,R,18.0,R,9.0,R,50.0,R,4.0,R,0.0,R,4.0,R,2.0,R,50.0,R,9.0
458308,2013,A,,A,,A,,R,11.0,R,0.0,R,11.0,R,7.0,R,64.0,A,,A,,A,,A,,A,,R,15.0
458317,2013,A,,A,,A,,R,35.0,R,0.0,R,35.0,R,16.0,R,46.0,A,,A,,A,,A,,A,,R,17.0
458326,2013,A,,A,,A,,R,22.0,R,0.0,R,22.0,R,8.0,R,36.0,R,2.0,R,0.0,R,2.0,R,2.0,R,100.0,R,9.0
458335,2013,A,,A,,A,,R,31.0,R,0.0,R,31.0,R,16.0,R,52.0,R,6.0,R,0.0,R,6.0,R,3.0,R,50.0,R,17.0
458344,2013,A,,A,,A,,R,17.0,R,0.0,R,17.0,R,9.0,R,53.0,R,2.0,R,0.0,R,2.0,R,1.0,R,50.0,R,6.0
458353,2013,A,,A,,A,,R,23.0,R,0.0,R,23.0,R,11.0,R,48.0,R,3.0,R,0.0,R,3.0,R,2.0,R,67.0,R,7.0
458362,2013,A,,A,,A,,R,40.0,R,0.0,R,40.0,R,24.0,R,60.0,A,,A,,A,,A,,A,,R,11.0
458371,2013,A,,A,,A,,R,29.0,R,0.0,R,29.0,R,20.0,R,69.0,A,,A,,A,,A,,A,,A,
458380,2013,A,,A,,A,,R,47.0,R,0.0,R,47.0,R,14.0,R,30.0,A,,A,,A,,A,,A,,R,35.0
458399,2013,A,,A,,A,,R,49.0,R,0.0,R,49.0,R,18.0,R,37.0,R,5.0,R,0.0,R,5.0,R,4.0,R,80.0,R,20.0
458405,2013,R,186.0,R,308.0,R,60.0,R,139.0,Z,0.0,R,139.0,R,77.0,R,55.0,R,19.0,Z,0.0,R,19.0,R,5.0,R,26.0,R,26.0
458414,2013,A,,A,,A,,A,,A,,A,,A,,A,,A,,A,,A,,A,,A,,R,20.0
458423,2013,A,,A,,A,,A,,A,,A,,A,,A,,A,,A,,A,,A,,A,,R,12.0
458432,2013,R,28.0,R,66.0,R,42.0,R,0.0,R,0.0,R,0.0,R,0.0,A,,R,0.0,R,0.0,R,0.0,R,0.0,A,,R,9.0
458441,2013,R,88.0,R,169.0,R,52.0,R,151.0,Z,0.0,R,151.0,R,87.0,R,58.0,R,28.0,Z,0.0,R,28.0,R,7.0,R,25.0,R,14.0
458469,2013,R,196.0,R,373.0,R,53.0,R,50.0,R,0.0,R,50.0,R,35.0,R,70.0,R,19.0,R,0.0,R,19.0,R,4.0,R,21.0,R,29.0
458478,2013,A,,A,,A,,R,46.0,Z,0.0,R,46.0,R,26.0,R,57.0,A,,A,,A,,A,,A,,R,15.0
458487,2013,A,,A,,A,,R,21.0,R,0.0,R,21.0,R,17.0,R,81.0,R,3.0,R,0.0,R,3.0,R,2.0,R,67.0,R,15.0
458496,2013,R,95.0,R,254.0,R,37.0,R,38.0,Z,0.0,R,38.0,R,20.0,R,53.0,R,42.0,Z,0.0,R,42.0,R,18.0,R,43.0,R,22.0
458502,2013,R,88.0,R,209.0,R,42.0,R,0.0,R,0.0,R,0.0,R,0.0,A,,R,0.0,R,0.0,R,0.0,R,0.0,A,,R,21.0
458557,2013,R,17.0,R,84.0,R,20.0,R,0.0,R,0.0,R,0.0,R,0.0,A,,R,0.0,R,0.0,R,0.0,R,0.0,A,,R,10.0
458593,2013,R,168.0,R,224.0,R,75.0,R,139.0,R,0.0,R,139.0,R,90.0,R,65.0,R,82.0,R,0.0,R,82.0,R,58.0,R,71.0,R,10.0
458609,2013,A,,A,,A,,A,,A,,A,,A,,A,,A,,A,,A,,A,,A,,R,15.0
458618,2013,A,,A,,A,,A,,A,,A,,A,,A,,A,,A,,A,,A,,A,,R,16.0
458627,2013,A,,A,,A,,A,,A,,A,,A,,A,,A,,A,,A,,A,,A,,R,9.0
458636,2013,A,,A,,A,,A,,A,,A,,A,,A,,A,,A,,A,,A,,A,,R,12.0
458645,2013,A,,A,,A,,A,,A,,A,,A,,A,,A,,A,,A,,A,,A,,R,10.0
458654,2013,A,,A,,A,,R,49.0,Z,0.0,R,49.0,R,34.0,R,69.0,A,,A,,A,,A,,A,,R,21.0
458663,2013,A,,A,,A,,A,,A,,A,,A,,A,,A,,A,,A,,A,,A,,R,11.0
458681,2013,A,,A,,A,,R,33.0,Z,0.0,R,33.0,R,21.0,R,64.0,A,,A,,A,,A,,A,,R,16.0
458690,2013,A,,A,,A,,R,131.0,R,0.0,R,131.0,R,99.0,R,76.0,A,,A,,A,,A,,A,,R,30.0
458706,2013,A,,A,,A,,R,62.0,R,0.0,R,62.0,R,49.0,R,79.0,A,,A,,A,,A,,A,,R,32.0
458715,2013,A,,A,,A,,R,27.0,R,0.0,R,27.0,R,20.0,R,74.0,A,,A,,A,,A,,A,,R,12.0
458733,2013,R,27.0,R,79.0,R,34.0,R,2.0,R,0.0,R,2.0,R,1.0,R,50.0,R,1.0,R,0.0,R,1.0,R,0.0,R,0.0,R,14.0
458742,2013,R,16.0,R,56.0,R,29.0,R,11.0,R,0.0,R,11.0,R,7.0,R,64.0,R,4.0,R,0.0,R,4.0,R,2.0,R,50.0,R,13.0
458751,2013,R,36.0,R,81.0,R,44.0,R,1.0,R,0.0,R,1.0,R,0.0,R,0.0,R,0.0,R,0.0,R,0.0,R,0.0,A,,R,11.0
458760,2013,R,25.0,R,66.0,R,38.0,R,1.0,R,0.0,R,1.0,R,0.0,R,0.0,R,0.0,R,0.0,R,0.0,R,0.0,A,,R,11.0
458779,2013,R,16.0,R,51.0,R,31.0,R,0.0,R,0.0,R,0.0,R,0.0,A,,R,0.0,R,0.0,R,0.0,R,0.0,A,,R,10.0
458797,2013,A,,A,,A,,R,35.0,R,0.0,R,35.0,R,25.0,R,71.0,A,,A,,A,,A,,A,,R,20.0
458803,2013,A,,A,,A,,R,55.0,R,0.0,R,55.0,R,36.0,R,65.0,R,12.0,R,0.0,R,12.0,R,9.0,R,75.0,R,18.0
458812,2013,A,,A,,A,,R,25.0,R,0.0,R,25.0,R,21.0,R,84.0,A,,A,,A,,A,,A,,R,13.0
458821,2013,A,,A,,A,,R,35.0,R,0.0,R,35.0,R,24.0,R,69.0,A,,A,,A,,A,,A,,R,19.0
458830,2013,A,,A,,A,,R,69.0,R,0.0,R,69.0,R,42.0,R,61.0,R,33.0,R,0.0,R,33.0,R,26.0,R,79.0,R,21.0
458849,2013,A,,A,,A,,R,61.0,R,0.0,R,61.0,R,54.0,R,89.0,R,12.0,R,0.0,R,12.0,R,10.0,R,83.0,R,23.0
458858,2013,A,,A,,A,,R,37.0,R,0.0,R,37.0,R,19.0,R,51.0,R,8.0,R,0.0,R,8.0,R,4.0,R,50.0,R,20.0
458867,2013,A,,A,,A,,R,61.0,R,0.0,R,61.0,R,43.0,R,70.0,R,11.0,R,0.0,R,11.0,R,9.0,R,82.0,R,20.0
458885,2013,A,,A,,A,,R,0.0,R,0.0,R,0.0,R,0.0,A,,R,5.0,Z,0.0,R,5.0,R,1.0,R,20.0,R,11.0
458919,2013,R,27.0,R,852.0,R,3.0,R,14.0,Z,0.0,R,14.0,R,6.0,R,43.0,R,157.0,Z,0.0,R,157.0,R,42.0,R,27.0,R,19.0
458937,2013,R,2.0,R,37.0,R,5.0,R,0.0,Z,0.0,R,0.0,R,0.0,A,,R,3.0,Z,0.0,R,3.0,R,0.0,R,0.0,R,15.0
458955,2013,R,1.0,R,40.0,R,3.0,R,0.0,R,0.0,R,0.0,R,0.0,A,,R,4.0,Z,0.0,R,4.0,R,0.0,R,0.0,R,9.0
458964,2013,R,14.0,R,344.0,R,4.0,R,6.0,Z,0.0,R,6.0,R,1.0,R,17.0,R,63.0,Z,0.0,R,63.0,R,14.0,R,22.0,R,23.0
458973,2013,R,10.0,R,328.0,R,3.0,R,5.0,Z,0.0,R,5.0,R,0.0,R,0.0,R,58.0,Z,0.0,R,58.0,R,15.0,R,26.0,R,12.0
458982,2013,R,132.0,R,440.0,R,30.0,R,73.0,Z,0.0,R,73.0,R,35.0,R,48.0,R,50.0,Z,0.0,R,50.0,R,20.0,R,40.0,R,21.0
458991,2013,R,29.0,R,68.0,R,43.0,R,6.0,R,0.0,R,6.0,R,4.0,R,67.0,R,1.0,R,0.0,R,1.0,R,1.0,R,100.0,R,15.0
459000,2013,A,,A,,A,,R,41.0,R,1.0,R,40.0,R,24.0,R,60.0,R,9.0,R,0.0,R,9.0,R,4.0,R,44.0,R,13.0
459019,2013,A,,A,,A,,R,42.0,R,0.0,R,42.0,R,26.0,R,62.0,R,16.0,R,0.0,R,16.0,R,6.0,R,38.0,R,20.0
459028,2013,A,,A,,A,,R,16.0,R,0.0,R,16.0,R,11.0,R,69.0,R,5.0,R,0.0,R,5.0,R,3.0,R,60.0,R,14.0
459037,2013,A,,A,,A,,R,37.0,R,0.0,R,37.0,R,19.0,R,51.0,R,15.0,R,0.0,R,15.0,R,10.0,R,67.0,R,18.0
459046,2013,A,,A,,A,,R,36.0,R,0.0,R,36.0,R,25.0,R,69.0,R,13.0,R,0.0,R,13.0,R,8.0,R,62.0,R,18.0
459055,2013,A,,A,,A,,R,26.0,R,0.0,R,26.0,R,22.0,R,85.0,R,8.0,R,0.0,R,8.0,R,6.0,R,75.0,R,18.0
459064,2013,A,,A,,A,,R,32.0,R,0.0,R,32.0,R,23.0,R,72.0,R,10.0,R,0.0,R,10.0,R,6.0,R,60.0,R,20.0
459073,2013,A,,A,,A,,R,28.0,R,0.0,R,28.0,R,18.0,R,64.0,A,,A,,A,,A,,A,,R,18.0
459091,2013,R,23.0,R,48.0,R,48.0,R,6.0,R,0.0,R,6.0,R,3.0,R,50.0,R,7.0,R,0.0,R,7.0,R,4.0,R,57.0,R,12.0
459107,2013,R,74.0,R,251.0,R,29.0,R,2.0,R,0.0,R,2.0,R,1.0,R,50.0,R,0.0,R,0.0,R,0.0,R,0.0,A,,R,13.0
459116,2013,A,,A,,A,,R,15.0,R,0.0,R,15.0,R,12.0,R,80.0,R,9.0,R,0.0,R,9.0,R,7.0,R,78.0,R,15.0
459125,2013,A,,A,,A,,R,17.0,R,1.0,R,16.0,R,11.0,R,69.0,A,,A,,A,,A,,A,,R,11.0
459134,2013,A,,A,,A,,R,22.0,R,0.0,R,22.0,R,5.0,R,23.0,R,23.0,R,0.0,R,23.0,R,9.0,R,39.0,R,10.0
459143,2013,A,,A,,A,,R,18.0,R,0.0,R,18.0,R,16.0,R,89.0,R,6.0,R,0.0,R,6.0,R,5.0,R,83.0,R,8.0
459152,2013,A,,A,,A,,R,9.0,R,0.0,R,9.0,R,8.0,R,89.0,R,15.0,R,0.0,R,15.0,R,13.0,R,87.0,R,11.0
459161,2013,A,,A,,A,,R,3.0,R,0.0,R,3.0,R,3.0,R,100.0,R,9.0,Z,0.0,R,9.0,R,8.0,R,89.0,R,6.0
459170,2013,A,,A,,A,,R,35.0,R,4.0,R,31.0,R,26.0,R,84.0,R,15.0,R,0.0,R,15.0,R,3.0,R,20.0,R,16.0
459189,2013,A,,A,,A,,R,12.0,R,0.0,R,12.0,R,11.0,R,92.0,R,11.0,R,0.0,R,11.0,R,7.0,R,64.0,R,6.0
459198,2013,A,,A,,A,,R,38.0,R,0.0,R,38.0,R,33.0,R,87.0,R,3.0,R,0.0,R,3.0,R,2.0,R,67.0,R,15.0
459204,2013,A,,A,,A,,R,0.0,R,0.0,R,0.0,R,0.0,A,,A,,A,,A,,A,,A,,R,15.0
459213,2013,A,,A,,A,,R,31.0,R,0.0,R,31.0,R,27.0,R,87.0,R,0.0,R,0.0,R,0.0,R,0.0,A,,R,15.0
459222,2013,A,,A,,A,,A,,A,,A,,A,,A,,A,,A,,A,,A,,A,,R,31.0
459231,2013,A,,A,,A,,R,103.0,Z,0.0,R,103.0,R,80.0,R,78.0,R,31.0,Z,0.0,R,31.0,R,16.0,R,52.0,R,13.0
459259,2013,R,19.0,R,189.0,R,10.0,R,15.0,Z,0.0,R,15.0,R,2.0,R,13.0,R,12.0,R,1.0,R,11.0,R,3.0,R,27.0,R,11.0
459268,2013,R,16.0,R,242.0,R,7.0,R,19.0,Z,0.0,R,19.0,R,10.0,R,53.0,R,6.0,Z,0.0,R,6.0,R,3.0,R,50.0,R,13.0
459277,2013,A,,A,,A,,R,245.0,R,0.0,R,245.0,R,92.0,R,38.0,A,,A,,A,,A,,A,,R,20.0
459286,2013,A,,A,,A,,R,56.0,R,0.0,R,56.0,R,18.0,R,32.0,R,22.0,R,0.0,R,22.0,R,16.0,R,73.0,R,15.0
459295,2013,A,,A,,A,,R,21.0,R,0.0,R,21.0,R,21.0,R,100.0,R,0.0,R,0.0,R,0.0,R,0.0,A,,R,10.0
459301,2013,A,,A,,A,,R,28.0,R,0.0,R,28.0,R,18.0,R,64.0,R,6.0,R,0.0,R,6.0,R,5.0,R,83.0,R,17.0
459310,2013,A,,A,,A,,R,35.0,R,0.0,R,35.0,R,32.0,R,91.0,A,,A,,A,,A,,A,,R,10.0
459329,2013,A,,A,,A,,R,97.0,R,0.0,R,97.0,R,82.0,R,85.0,R,5.0,R,0.0,R,5.0,R,3.0,R,60.0,R,10.0
459338,2013,A,,A,,A,,R,20.0,Z,0.0,R,20.0,R,18.0,R,90.0,A,,A,,A,,A,,A,,R,17.0
459347,2013,A,,A,,A,,R,3.0,R,0.0,R,3.0,R,3.0,R,100.0,R,2.0,R,0.0,R,2.0,R,1.0,R,50.0,R,5.0
459356,2013,A,,A,,A,,R,39.0,R,0.0,R,39.0,R,33.0,R,85.0,R,10.0,R,0.0,R,10.0,R,8.0,R,80.0,R,6.0
459365,2013,A,,A,,A,,R,27.0,R,0.0,R,27.0,R,17.0,R,63.0,R,6.0,R,0.0,R,6.0,R,5.0,R,83.0,R,8.0
459374,2013,A,,A,,A,,A,,A,,A,,A,,A,,A,,A,,A,,A,,A,,R,7.0
459392,2013,A,,A,,A,,R,1.0,R,0.0,R,1.0,R,1.0,R,100.0,A,,A,,A,,A,,A,,R,13.0
459408,2013,A,,A,,A,,R,22.0,R,0.0,R,22.0,R,18.0,R,82.0,R,2.0,Z,0.0,R,2.0,R,2.0,R,100.0,R,8.0
459417,2013,R,25.0,R,55.0,R,45.0,R,22.0,R,0.0,R,22.0,R,19.0,R,86.0,A,,A,,A,,A,,A,,R,14.0
459426,2013,A,,A,,A,,R,39.0,R,0.0,R,39.0,R,33.0,R,85.0,R,4.0,R,0.0,R,4.0,R,3.0,R,75.0,R,19.0
459435,2013,A,,A,,A,,R,18.0,R,0.0,R,18.0,R,8.0,R,44.0,A,,A,,A,,A,,A,,R,2.0
459444,2013,A,,A,,A,,R,10.0,R,0.0,R,10.0,R,7.0,R,70.0,R,3.0,R,0.0,R,3.0,R,2.0,R,67.0,R,8.0
459453,2013,A,,A,,A,,R,3.0,R,0.0,R,3.0,R,3.0,R,100.0,R,0.0,R,0.0,R,0.0,R,0.0,A,,R,25.0
459462,2013,A,,A,,A,,R,165.0,R,0.0,R,165.0,R,116.0,R,70.0,R,95.0,R,0.0,R,95.0,R,67.0,R,71.0,R,30.0
459471,2013,A,,A,,A,,R,5.0,R,0.0,R,5.0,R,5.0,R,100.0,R,1.0,R,0.0,R,1.0,R,1.0,R,100.0,R,7.0
459480,2013,A,,A,,A,,R,13.0,R,0.0,R,13.0,R,9.0,R,69.0,A,,A,,A,,A,,A,,R,9.0
459499,2013,A,,A,,A,,A,,A,,A,,A,,A,,A,,A,,A,,A,,A,,R,10.0
459514,2013,A,,A,,A,,R,12.0,R,1.0,R,11.0,R,9.0,R,82.0,A,,A,,A,,A,,A,,R,12.0
459523,2013,A,,A,,A,,R,7.0,Z,0.0,R,7.0,R,3.0,R,43.0,R,0.0,Z,0.0,R,0.0,Z,0.0,A,,R,15.0
459532,2013,A,,A,,A,,R,16.0,R,0.0,R,16.0,R,12.0,R,75.0,A,,A,,A,,A,,A,,R,25.0
459541,2013,A,,A,,A,,R,1.0,R,0.0,R,1.0,R,0.0,R,0.0,R,2.0,R,0.0,R,2.0,R,1.0,R,50.0,R,8.0
459550,2013,A,,A,,A,,R,85.0,R,0.0,R,85.0,R,70.0,R,82.0,R,7.0,R,0.0,R,7.0,R,7.0,R,100.0,R,13.0
459569,2013,A,,A,,A,,R,4.0,R,0.0,R,4.0,R,3.0,R,75.0,A,,A,,A,,A,,A,,R,6.0
459578,2013,A,,A,,A,,R,38.0,R,0.0,R,38.0,R,28.0,R,74.0,R,4.0,R,0.0,R,4.0,R,3.0,R,75.0,R,12.0
459587,2013,R,40.0,R,41.0,R,98.0,R,0.0,R,0.0,R,0.0,R,0.0,A,,R,0.0,R,0.0,R,0.0,R,0.0,A,,R,14.0
459596,2013,R,30.0,R,41.0,R,73.0,R,0.0,R,0.0,R,0.0,R,0.0,A,,R,0.0,R,0.0,R,0.0,R,0.0,A,,R,11.0
459602,2013,R,48.0,R,56.0,R,86.0,R,0.0,R,0.0,R,0.0,R,0.0,A,,R,0.0,R,0.0,R,0.0,R,0.0,A,,R,13.0
459611,2013,R,48.0,R,54.0,R,89.0,R,0.0,R,0.0,R,0.0,R,0.0,A,,R,0.0,R,0.0,R,0.0,R,0.0,A,,R,12.0
459620,2013,A,,A,,A,,R,0.0,R,0.0,R,0.0,R,0.0,A,,R,0.0,R,0.0,R,0.0,R,0.0,A,,R,4.0
459639,2013,R,64.0,R,76.0,R,84.0,R,0.0,R,0.0,R,0.0,R,0.0,A,,R,0.0,R,0.0,R,0.0,R,0.0,A,,R,52.0
459648,2013,R,47.0,R,51.0,R,92.0,R,0.0,R,0.0,R,0.0,R,0.0,A,,R,0.0,R,0.0,R,0.0,R,0.0,A,,R,21.0
459657,2013,R,37.0,R,45.0,R,82.0,R,0.0,R,0.0,R,0.0,R,0.0,A,,R,0.0,R,0.0,R,0.0,R,0.0,A,,R,18.0
459666,2013,R,58.0,R,70.0,R,83.0,R,0.0,R,0.0,R,0.0,R,0.0,A,,R,0.0,R,0.0,R,0.0,R,0.0,A,,R,23.0
459675,2013,R,24.0,R,30.0,R,80.0,R,0.0,R,0.0,R,0.0,R,0.0,A,,R,0.0,R,0.0,R,0.0,R,0.0,A,,R,24.0
459684,2013,A,,A,,A,,R,0.0,R,0.0,R,0.0,R,0.0,A,,R,0.0,R,0.0,R,0.0,R,0.0,A,,R,24.0
459693,2013,R,42.0,R,57.0,R,74.0,R,1.0,R,0.0,R,1.0,R,0.0,R,0.0,R,0.0,R,0.0,R,0.0,R,0.0,A,,R,40.0
459709,2013,R,60.0,R,83.0,R,72.0,R,0.0,R,0.0,R,0.0,R,0.0,A,,R,0.0,R,0.0,R,0.0,R,0.0,A,,R,24.0
459718,2013,R,78.0,R,87.0,R,90.0,R,0.0,R,0.0,R,0.0,R,0.0,A,,R,0.0,R,0.0,R,0.0,R,0.0,A,,R,31.0
459727,2013,R,6.0,R,106.0,R,6.0,R,6.0,R,0.0,R,6.0,R,4.0,R,67.0,R,0.0,R,0.0,R,0.0,R,0.0,A,,R,3.0
459815,2013,A,,A,,A,,R,41.0,R,0.0,R,41.0,R,24.0,R,59.0,A,,A,,A,,A,,A,,R,19.0
459824,2013,A,,A,,A,,A,,A,,A,,A,,A,,A,,A,,A,,A,,A,,R,5.0
459833,2013,R,7.0,R,26.0,R,27.0,R,3.0,R,0.0,R,3.0,R,1.0,R,33.0,R,0.0,R,0.0,R,0.0,R,0.0,A,,R,3.0
459842,2013,R,34.0,R,72.0,R,47.0,R,23.0,R,0.0,R,23.0,R,15.0,R,65.0,R,0.0,Z,0.0,R,0.0,Z,0.0,A,,R,16.0
459851,2013,R,48.0,R,94.0,R,51.0,R,13.0,Z,0.0,R,13.0,R,8.0,R,62.0,R,0.0,Z,0.0,R,0.0,Z,0.0,A,,R,11.0
459930,2013,R,115.0,R,251.0,R,46.0,R,91.0,R,0.0,R,91.0,R,61.0,R,67.0,R,49.0,R,1.0,R,48.0,R,37.0,R,77.0,R,27.0
459958,2013,A,,A,,A,,R,126.0,R,0.0,R,126.0,R,77.0,R,61.0,A,,A,,A,,A,,A,,R,29.0
459967,2013,A,,A,,A,,R,430.0,Z,0.0,R,430.0,R,167.0,R,39.0,A,,A,,A,,A,,A,,R,34.0
459985,2013,A,,A,,A,,R,325.0,Z,0.0,R,325.0,R,237.0,R,73.0,A,,A,,A,,A,,A,,R,28.0
459994,2013,R,5.0,R,533.0,R,1.0,R,3.0,R,0.0,R,3.0,R,0.0,R,0.0,R,207.0,R,0.0,R,207.0,R,23.0,R,11.0,R,3.0
460002,2013,A,,A,,A,,R,60.0,R,0.0,R,60.0,R,20.0,R,33.0,R,34.0,R,0.0,R,34.0,R,14.0,R,41.0,R,20.0
460011,2013,A,,A,,A,,R,12.0,R,0.0,R,12.0,R,9.0,R,75.0,R,2.0,R,0.0,R,2.0,R,1.0,R,50.0,R,20.0
460020,2013,A,,A,,A,,R,61.0,Z,0.0,R,61.0,R,37.0,R,61.0,A,,A,,A,,A,,A,,R,15.0
460039,2013,R,178.0,R,195.0,R,91.0,R,5.0,Z,0.0,R,5.0,R,1.0,R,20.0,A,,A,,A,,A,,A,,R,11.0
460048,2013,R,72.0,R,210.0,R,34.0,R,4.0,Z,0.0,R,4.0,R,1.0,R,25.0,A,,A,,A,,A,,A,,R,17.0
460057,2013,A,,A,,A,,R,11.0,Z,0.0,R,11.0,R,11.0,R,100.0,A,,A,,A,,A,,A,,R,9.0
460066,2013,A,,A,,A,,R,15.0,R,0.0,R,15.0,R,13.0,R,87.0,A,,A,,A,,A,,A,,R,15.0
460075,2013,R,16.0,R,16.0,R,100.0,R,7.0,R,0.0,R,7.0,R,7.0,R,100.0,A,,A,,A,,A,,A,,R,12.0
460093,2013,A,,A,,A,,R,144.0,R,0.0,R,144.0,R,65.0,R,45.0,A,,A,,A,,A,,A,,R,18.0
460109,2013,A,,A,,A,,R,56.0,R,0.0,R,56.0,R,50.0,R,89.0,A,,A,,A,,A,,A,,R,24.0
460118,2013,A,,A,,A,,R,25.0,R,0.0,R,25.0,R,19.0,R,76.0,A,,A,,A,,A,,A,,R,18.0
460127,2013,A,,A,,A,,R,60.0,R,0.0,R,60.0,R,54.0,R,90.0,A,,A,,A,,A,,A,,R,18.0
460136,2013,A,,A,,A,,R,290.0,R,1.0,R,289.0,R,204.0,R,71.0,A,,A,,A,,A,,A,,R,25.0
460145,2013,A,,A,,A,,R,94.0,R,0.0,R,94.0,R,78.0,R,83.0,A,,A,,A,,A,,A,,R,33.0
460172,2013,A,,A,,A,,R,46.0,R,0.0,R,46.0,R,35.0,R,76.0,A,,A,,A,,A,,A,,R,22.0
460181,2013,A,,A,,A,,R,93.0,R,0.0,R,93.0,R,61.0,R,66.0,A,,A,,A,,A,,A,,R,29.0
460190,2013,A,,A,,A,,R,82.0,R,0.0,R,82.0,R,69.0,R,84.0,A,,A,,A,,A,,A,,R,27.0
460206,2013,A,,A,,A,,R,102.0,R,0.0,R,102.0,R,76.0,R,75.0,A,,A,,A,,A,,A,,R,28.0
460215,2013,R,178.0,R,196.0,R,91.0,R,186.0,R,1.0,R,185.0,R,101.0,R,55.0,R,7.0,R,0.0,R,7.0,R,4.0,R,57.0,R,17.0
460349,2013,A,,A,,A,,A,,A,,A,,A,,A,,A,,A,,A,,A,,A,,R,6.0
460358,2013,A,,A,,A,,R,68.0,R,0.0,R,68.0,R,49.0,R,72.0,R,5.0,R,0.0,R,5.0,R,4.0,R,80.0,R,20.0
460367,2013,A,,A,,A,,R,78.0,R,0.0,R,78.0,R,51.0,R,65.0,A,,A,,A,,A,,A,,R,20.0
460385,2013,A,,A,,A,,R,24.0,R,0.0,R,24.0,R,21.0,R,88.0,R,24.0,R,0.0,R,24.0,R,22.0,R,92.0,R,10.0
460394,2013,R,396.0,R,3313.0,R,12.0,R,276.0,Z,0.0,R,276.0,R,180.0,R,65.0,R,793.0,Z,0.0,R,793.0,R,288.0,R,36.0,R,28.0
460446,2013,A,,A,,A,,R,32.0,Z,0.0,R,32.0,R,24.0,R,75.0,R,10.0,Z,0.0,R,10.0,R,10.0,R,100.0,R,18.0
460455,2013,A,,A,,A,,R,3.0,R,0.0,R,3.0,R,2.0,R,67.0,R,16.0,R,0.0,R,16.0,R,16.0,R,100.0,R,6.0
460464,2013,R,631.0,R,3551.0,R,18.0,R,469.0,Z,0.0,R,469.0,R,333.0,R,71.0,R,793.0,Z,0.0,R,793.0,R,404.0,R,51.0,R,38.0
460473,2013,A,,A,,A,,A,,A,,A,,A,,A,,A,,A,,A,,A,,A,,R,2.0
460482,2013,A,,A,,A,,R,42.0,R,0.0,R,42.0,R,20.0,R,48.0,A,,A,,A,,A,,A,,R,32.0
460516,2013,A,,A,,A,,R,29.0,Z,0.0,R,29.0,R,19.0,R,66.0,A,,A,,A,,A,,A,,R,15.0
460525,2013,A,,A,,A,,A,,A,,A,,A,,A,,A,,A,,A,,A,,A,,R,13.0
460534,2013,A,,A,,A,,R,110.0,Z,0.0,R,110.0,R,62.0,R,56.0,A,,A,,A,,A,,A,,R,16.0
460543,2013,A,,A,,A,,R,153.0,R,1.0,R,152.0,R,105.0,R,69.0,A,,A,,A,,A,,A,,R,35.0
460552,2013,A,,A,,A,,R,7.0,R,0.0,R,7.0,R,7.0,R,100.0,R,1.0,R,0.0,R,1.0,R,1.0,R,100.0,R,15.0
460561,2013,A,,A,,A,,R,38.0,R,0.0,R,38.0,R,38.0,R,100.0,A,,A,,A,,A,,A,,R,11.0
460570,2013,A,,A,,A,,R,27.0,R,0.0,R,27.0,R,17.0,R,63.0,R,12.0,R,0.0,R,12.0,R,8.0,R,67.0,R,13.0
460589,2013,A,,A,,A,,A,,A,,A,,A,,A,,A,,A,,A,,A,,A,,R,38.0
460598,2013,A,,A,,A,,R,155.0,R,0.0,R,155.0,R,73.0,R,47.0,R,27.0,R,0.0,R,27.0,R,8.0,R,30.0,R,23.0
460604,2013,A,,A,,A,,R,18.0,R,0.0,R,18.0,R,17.0,R,94.0,A,,A,,A,,A,,A,,R,17.0
460613,2013,R,169.0,R,254.0,R,67.0,R,34.0,Z,0.0,R,34.0,R,18.0,R,53.0,A,,A,,A,,A,,A,,R,14.0
460631,2013,A,,A,,A,,R,61.0,R,0.0,R,61.0,R,53.0,R,87.0,A,,A,,A,,A,,A,,R,18.0
460640,2013,A,,A,,A,,A,,A,,A,,A,,A,,A,,A,,A,,A,,A,,R,25.0
460659,2013,A,,A,,A,,R,48.0,R,0.0,R,48.0,R,39.0,R,81.0,A,,A,,A,,A,,A,,R,9.0
460668,2013,A,,A,,A,,R,113.0,R,0.0,R,113.0,R,71.0,R,63.0,A,,A,,A,,A,,A,,R,18.0
460677,2013,R,257.0,R,283.0,R,91.0,R,277.0,R,0.0,R,277.0,R,154.0,R,56.0,R,1.0,R,0.0,R,1.0,R,1.0,R,100.0,R,21.0
460686,2013,A,,A,,A,,R,57.0,Z,0.0,R,57.0,R,18.0,R,32.0,R,5.0,Z,0.0,R,5.0,R,2.0,R,40.0,R,15.0
460695,2013,A,,A,,A,,R,105.0,R,0.0,R,105.0,R,77.0,R,73.0,A,,A,,A,,A,,A,,R,12.0
460701,2013,A,,A,,A,,R,85.0,R,0.0,R,85.0,R,76.0,R,89.0,R,47.0,R,0.0,R,47.0,R,38.0,R,81.0,R,18.0
460710,2013,A,,A,,A,,R,13.0,Z,0.0,R,13.0,R,12.0,R,92.0,R,8.0,Z,0.0,R,8.0,R,3.0,R,38.0,R,17.0
460729,2013,A,,A,,A,,R,42.0,R,1.0,R,41.0,R,33.0,R,80.0,R,221.0,R,34.0,R,187.0,R,134.0,R,72.0,R,10.0
460738,2013,A,,A,,A,,R,2.0,R,0.0,R,2.0,R,1.0,R,50.0,R,8.0,Z,0.0,R,8.0,R,6.0,R,75.0,R,20.0
460747,2013,R,107.0,R,167.0,R,64.0,R,114.0,R,0.0,R,114.0,R,95.0,R,83.0,A,,A,,A,,A,,A,,R,19.0
460756,2013,R,3.0,R,407.0,R,1.0,R,64.0,Z,0.0,R,64.0,R,59.0,R,92.0,A,,A,,A,,A,,A,,R,15.0
460765,2013,A,,A,,A,,R,57.0,R,1.0,R,56.0,R,53.0,R,95.0,A,,A,,A,,A,,A,,R,10.0
460774,2013,R,154.0,R,226.0,R,68.0,R,101.0,R,0.0,R,101.0,R,70.0,R,69.0,R,50.0,R,4.0,R,46.0,R,31.0,R,67.0,R,10.0
460783,2013,A,,A,,A,,R,40.0,Z,0.0,R,40.0,R,21.0,R,53.0,A,,A,,A,,A,,A,,R,7.0
460808,2013,A,,A,,A,,A,,A,,A,,A,,A,,A,,A,,A,,A,,A,,R,12.0
460817,2013,R,95.0,R,153.0,R,62.0,R,85.0,Z,0.0,R,85.0,R,47.0,R,55.0,R,30.0,Z,0.0,R,30.0,R,7.0,R,23.0,R,17.0
460826,2013,R,35.0,R,165.0,R,21.0,R,82.0,Z,0.0,R,82.0,R,41.0,R,50.0,R,35.0,Z,0.0,R,35.0,R,15.0,R,43.0,R,18.0
460835,2013,R,102.0,R,283.0,R,36.0,R,163.0,Z,0.0,R,163.0,R,101.0,R,62.0,R,48.0,Z,0.0,R,48.0,R,17.0,R,35.0,R,23.0
460844,2013,R,83.0,R,108.0,R,77.0,R,75.0,R,2.0,R,73.0,R,56.0,R,77.0,R,48.0,R,2.0,R,46.0,R,31.0,R,67.0,R,10.0
460853,2013,R,143.0,R,204.0,R,70.0,R,153.0,R,0.0,R,153.0,R,121.0,R,79.0,R,119.0,R,0.0,R,119.0,R,70.0,R,59.0,R,10.0
460862,2013,A,,A,,A,,R,20.0,R,0.0,R,20.0,R,16.0,R,80.0,R,10.0,R,0.0,R,10.0,R,8.0,R,80.0,R,18.0
460871,2013,R,2.0,R,122.0,R,2.0,R,3.0,R,0.0,R,3.0,R,3.0,R,100.0,R,0.0,R,0.0,R,0.0,R,0.0,A,,R,15.0
460899,2013,A,,A,,A,,R,89.0,R,0.0,R,89.0,R,52.0,R,58.0,A,,A,,A,,A,,A,,R,20.0
460905,2013,A,,A,,A,,R,12.0,R,0.0,R,12.0,R,9.0,R,75.0,A,,A,,A,,A,,A,,R,15.0
460914,2013,A,,A,,A,,R,18.0,R,0.0,R,18.0,R,16.0,R,89.0,A,,A,,A,,A,,A,,R,24.0
460923,2013,R,236.0,R,284.0,R,83.0,R,149.0,R,1.0,R,148.0,R,86.0,R,58.0,R,48.0,R,1.0,R,47.0,R,27.0,R,57.0,R,10.0
460932,2013,A,,A,,A,,R,55.0,Z,0.0,R,55.0,R,55.0,R,100.0,A,,A,,A,,A,,A,,R,24.0
460950,2013,A,,A,,A,,A,,A,,A,,A,,A,,A,,A,,A,,A,,A,,R,8.0
460969,2013,A,,A,,A,,R,94.0,Z,0.0,R,94.0,R,90.0,R,96.0,A,,A,,A,,A,,A,,R,23.0
460978,2013,A,,A,,A,,R,117.0,Z,0.0,R,117.0,R,97.0,R,83.0,R,33.0,Z,0.0,R,33.0,R,23.0,R,70.0,R,21.0
460987,2013,A,,A,,A,,R,8.0,R,0.0,R,8.0,R,7.0,R,88.0,R,2.0,R,0.0,R,2.0,R,2.0,R,100.0,R,7.0
460996,2013,A,,A,,A,,R,37.0,R,0.0,R,37.0,R,35.0,R,95.0,R,6.0,R,0.0,R,6.0,R,5.0,R,83.0,R,11.0
461005,2013,A,,A,,A,,R,0.0,R,0.0,R,0.0,R,0.0,A,,R,0.0,R,0.0,R,0.0,R,0.0,A,,R,15.0
461014,2013,R,160.0,R,165.0,R,97.0,R,105.0,R,0.0,R,105.0,R,55.0,R,52.0,R,1.0,R,0.0,R,1.0,R,1.0,R,100.0,R,18.0
461023,2013,A,,A,,A,,R,20.0,R,0.0,R,20.0,R,15.0,R,75.0,R,0.0,R,0.0,R,0.0,R,0.0,A,,R,23.0
461032,2013,R,6.0,R,29.0,R,21.0,R,4.0,R,0.0,R,4.0,R,3.0,R,75.0,R,2.0,R,0.0,R,2.0,R,0.0,R,0.0,R,10.0
461041,2013,A,,A,,A,,R,211.0,R,0.0,R,211.0,R,205.0,R,97.0,R,56.0,R,0.0,R,56.0,R,47.0,R,84.0,R,25.0
461111,2013,A,,A,,A,,R,5.0,R,0.0,R,5.0,R,3.0,R,60.0,R,1.0,R,0.0,R,1.0,R,1.0,R,100.0,R,11.0
461148,2013,A,,A,,A,,R,50.0,Z,0.0,R,50.0,R,43.0,R,86.0,R,0.0,R,0.0,R,0.0,R,0.0,A,,R,4.0
461157,2013,A,,A,,A,,R,12.0,R,0.0,R,12.0,R,10.0,R,83.0,A,,A,,A,,A,,A,,R,5.0
461175,2013,A,,A,,A,,R,44.0,Z,0.0,R,44.0,R,43.0,R,98.0,R,7.0,Z,0.0,R,7.0,R,7.0,R,100.0,R,6.0
461193,2013,A,,A,,A,,R,60.0,R,5.0,R,55.0,R,50.0,R,91.0,R,6.0,R,1.0,R,5.0,R,4.0,R,80.0,R,14.0
461218,2013,A,,A,,A,,R,0.0,R,0.0,R,0.0,R,0.0,A,,R,2.0,R,0.0,R,2.0,R,2.0,R,100.0,R,17.0
461227,2013,A,,A,,A,,R,25.0,R,0.0,R,25.0,R,22.0,R,88.0,R,5.0,R,0.0,R,5.0,R,4.0,R,80.0,R,8.0
461236,2013,R,13.0,R,42.0,R,31.0,R,18.0,R,0.0,R,18.0,R,9.0,R,50.0,A,,A,,A,,A,,A,,R,10.0
461245,2013,A,,A,,A,,R,46.0,R,0.0,R,46.0,R,38.0,R,83.0,R,121.0,R,0.0,R,121.0,R,89.0,R,74.0,R,10.0
461254,2013,A,,A,,A,,R,7.0,R,0.0,R,7.0,R,7.0,R,100.0,A,,A,,A,,A,,A,,R,10.0
461263,2013,A,,A,,A,,R,7.0,Z,0.0,R,7.0,R,6.0,R,86.0,A,,A,,A,,A,,A,,R,10.0
461272,2013,A,,A,,A,,R,4.0,R,0.0,R,4.0,R,4.0,R,100.0,R,0.0,R,0.0,R,0.0,R,0.0,A,,R,8.0
461281,2013,A,,A,,A,,R,0.0,R,0.0,R,0.0,R,0.0,A,,R,0.0,R,0.0,R,0.0,R,0.0,A,,R,12.0
461290,2013,A,,A,,A,,R,8.0,R,0.0,R,8.0,R,8.0,R,100.0,R,12.0,R,0.0,R,12.0,R,11.0,R,92.0,R,7.0
461306,2013,A,,A,,A,,R,41.0,R,0.0,R,41.0,R,26.0,R,63.0,R,44.0,R,0.0,R,44.0,R,27.0,R,61.0,R,13.0
461315,2013,R,21.0,R,37.0,R,57.0,R,15.0,R,3.0,R,12.0,R,4.0,R,33.0,R,4.0,R,1.0,R,3.0,R,0.0,R,0.0,R,11.0
461324,2013,A,,A,,A,,A,,A,,A,,A,,A,,A,,A,,A,,A,,A,,R,25.0
461333,2013,A,,A,,A,,A,,A,,A,,A,,A,,A,,A,,A,,A,,A,,R,1.0
461342,2013,A,,A,,A,,R,7.0,R,0.0,R,7.0,R,7.0,R,100.0,R,0.0,R,0.0,R,0.0,R,0.0,A,,R,15.0
461351,2013,A,,A,,A,,R,23.0,R,0.0,R,23.0,R,21.0,R,91.0,R,635.0,R,16.0,R,619.0,R,615.0,R,99.0,R,22.0
461360,2013,A,,A,,A,,R,55.0,R,1.0,R,54.0,R,30.0,R,56.0,R,2.0,R,0.0,R,2.0,R,0.0,R,0.0,R,20.0
461379,2013,A,,A,,A,,A,,A,,A,,A,,A,,A,,A,,A,,A,,A,,R,2.0
461388,2013,A,,A,,A,,R,4.0,R,0.0,R,4.0,R,3.0,R,75.0,A,,A,,A,,A,,A,,R,25.0
461397,2013,A,,A,,A,,R,48.0,R,0.0,R,48.0,R,40.0,R,83.0,R,31.0,R,1.0,R,30.0,R,25.0,R,83.0,R,25.0
461403,2013,A,,A,,A,,R,5.0,R,0.0,R,5.0,R,3.0,R,60.0,A,,A,,A,,A,,A,,R,20.0
461412,2013,A,,A,,A,,A,,A,,A,,A,,A,,A,,A,,A,,A,,A,,R,12.0
461421,2013,A,,A,,A,,R,43.0,R,0.0,R,43.0,R,40.0,R,93.0,R,2.0,R,0.0,R,2.0,R,2.0,R,100.0,R,14.0
461430,2013,A,,A,,A,,A,,A,,A,,A,,A,,R,93.0,R,1.0,R,92.0,R,79.0,R,86.0,R,8.0
461449,2013,A,,A,,A,,R,61.0,R,0.0,R,61.0,R,57.0,R,93.0,R,32.0,R,0.0,R,32.0,R,30.0,R,94.0,R,25.0
461458,2013,A,,A,,A,,R,14.0,R,0.0,R,14.0,R,3.0,R,21.0,R,21.0,R,0.0,R,21.0,R,2.0,R,10.0,R,4.0
461476,2013,A,,A,,A,,R,12.0,Z,0.0,R,12.0,R,12.0,R,100.0,R,5.0,Z,0.0,R,5.0,R,5.0,R,100.0,R,8.0
461485,2013,A,,A,,A,,R,0.0,R,0.0,R,0.0,R,0.0,A,,R,2.0,R,0.0,R,2.0,R,1.0,R,50.0,R,8.0
461494,2013,A,,A,,A,,R,13.0,R,0.0,R,13.0,R,9.0,R,69.0,R,8.0,R,0.0,R,8.0,R,7.0,R,88.0,R,19.0
461500,2013,A,,A,,A,,R,1.0,R,0.0,R,1.0,R,1.0,R,100.0,R,11.0,R,0.0,R,11.0,R,8.0,R,73.0,R,12.0
461528,2013,R,19.0,R,74.0,R,26.0,R,4.0,R,1.0,R,3.0,R,1.0,R,33.0,R,7.0,R,0.0,R,7.0,R,4.0,R,57.0,R,5.0
461537,2013,A,,A,,A,,R,9.0,R,0.0,R,9.0,R,9.0,R,100.0,A,,A,,A,,A,,A,,R,11.0
461546,2013,A,,A,,A,,R,19.0,R,0.0,R,19.0,R,11.0,R,58.0,R,3.0,R,0.0,R,3.0,R,2.0,R,67.0,R,10.0
461555,2013,A,,A,,A,,R,149.0,R,0.0,R,149.0,R,133.0,R,89.0,A,,A,,A,,A,,A,,R,20.0
461564,2013,A,,A,,A,,R,12.0,R,0.0,R,12.0,R,8.0,R,67.0,R,10.0,Z,0.0,R,10.0,R,7.0,R,70.0,R,15.0
461573,2013,A,,A,,A,,R,56.0,R,0.0,R,56.0,R,42.0,R,75.0,A,,A,,A,,A,,A,,R,11.0
461582,2013,A,,A,,A,,A,,A,,A,,A,,A,,A,,A,,A,,A,,A,,R,12.0
461591,2013,A,,A,,A,,R,16.0,R,0.0,R,16.0,R,13.0,R,81.0,R,3.0,R,0.0,R,3.0,R,2.0,R,67.0,R,15.0
461607,2013,A,,A,,A,,R,17.0,R,0.0,R,17.0,R,13.0,R,76.0,R,2.0,R,1.0,R,1.0,R,1.0,R,100.0,R,16.0
461616,2013,A,,A,,A,,R,2.0,R,0.0,R,2.0,R,2.0,R,100.0,R,1.0,R,0.0,R,1.0,R,1.0,R,100.0,R,6.0
461625,2013,A,,A,,A,,R,4.0,R,0.0,R,4.0,R,4.0,R,100.0,A,,A,,A,,A,,A,,R,10.0
461634,2013,A,,A,,A,,R,361.0,R,22.0,R,339.0,R,179.0,R,53.0,R,121.0,R,2.0,R,119.0,R,53.0,R,45.0,R,25.0
461643,2013,A,,A,,A,,A,,A,,A,,A,,A,,A,,A,,A,,A,,A,,R,5.0
461652,2013,A,,A,,A,,R,4.0,R,0.0,R,4.0,R,4.0,R,100.0,A,,A,,A,,A,,A,,R,8.0
461661,2013,A,,A,,A,,R,0.0,R,0.0,R,0.0,R,0.0,A,,R,0.0,R,0.0,R,0.0,R,0.0,A,,R,6.0
461670,2013,A,,A,,A,,R,44.0,R,0.0,R,44.0,R,44.0,R,100.0,R,9.0,R,0.0,R,9.0,R,9.0,R,100.0,R,4.0
461689,2013,A,,A,,A,,R,4.0,R,0.0,R,4.0,R,3.0,R,75.0,A,,A,,A,,A,,A,,R,25.0
461698,2013,A,,A,,A,,R,14.0,Z,0.0,R,14.0,R,12.0,R,86.0,R,2.0,Z,0.0,R,2.0,R,2.0,R,100.0,R,20.0
461704,2013,A,,A,,A,,R,106.0,R,0.0,R,106.0,R,58.0,R,55.0,R,1.0,R,0.0,R,1.0,R,1.0,R,100.0,R,21.0
461713,2013,A,,A,,A,,A,,A,,A,,A,,A,,A,,A,,A,,A,,A,,R,13.0
461722,2013,A,,A,,A,,R,21.0,Z,0.0,R,21.0,R,17.0,R,81.0,R,5.0,Z,0.0,R,5.0,R,3.0,R,60.0,R,12.0
461731,2013,A,,A,,A,,R,34.0,R,0.0,R,34.0,R,15.0,R,44.0,R,1.0,R,0.0,R,1.0,R,0.0,R,0.0,R,10.0
461740,2013,A,,A,,A,,R,42.0,R,0.0,R,42.0,R,29.0,R,69.0,A,,A,,A,,A,,A,,R,28.0
461759,2013,R,3.0,R,30.0,R,10.0,R,0.0,R,0.0,R,0.0,R,0.0,A,,R,1.0,R,0.0,R,1.0,R,0.0,R,0.0,R,12.0
461768,2013,A,,A,,A,,A,,A,,A,,A,,A,,A,,A,,A,,A,,A,,R,23.0
461777,2013,R,9.0,R,9.0,R,100.0,R,18.0,R,0.0,R,18.0,R,15.0,R,83.0,A,,A,,A,,A,,A,,R,12.0
461786,2013,A,,A,,A,,R,33.0,R,0.0,R,33.0,R,28.0,R,85.0,A,,A,,A,,A,,A,,R,10.0
461795,2013,R,80.0,R,121.0,R,66.0,R,124.0,R,0.0,R,124.0,R,70.0,R,56.0,R,2.0,R,0.0,R,2.0,R,1.0,R,50.0,R,13.0
461801,2013,A,,A,,A,,R,2.0,R,0.0,R,2.0,R,2.0,R,100.0,A,,A,,A,,A,,A,,R,10.0
461810,2013,A,,A,,A,,R,7.0,R,0.0,R,7.0,R,4.0,R,57.0,R,5.0,R,0.0,R,5.0,R,3.0,R,60.0,R,20.0
461829,2013,A,,A,,A,,R,68.0,R,0.0,R,68.0,R,12.0,R,18.0,A,,A,,A,,A,,A,,R,12.0
461838,2013,A,,A,,A,,A,,A,,A,,A,,A,,A,,A,,A,,A,,A,,R,30.0
461847,2013,R,7.0,R,8.0,R,88.0,R,10.0,R,0.0,R,10.0,R,8.0,R,80.0,A,,A,,A,,A,,A,,R,5.0
461856,2013,A,,A,,A,,R,219.0,R,0.0,R,219.0,R,191.0,R,87.0,A,,A,,A,,A,,A,,R,20.0
461865,2013,A,,A,,A,,R,47.0,R,21.0,R,26.0,R,20.0,R,77.0,A,,A,,A,,A,,A,,R,35.0
461874,2013,A,,A,,A,,R,21.0,R,0.0,R,21.0,R,18.0,R,86.0,A,,A,,A,,A,,A,,R,9.0
461883,2013,R,3.0,R,8.0,R,38.0,R,7.0,R,0.0,R,7.0,R,3.0,R,43.0,R,1.0,R,0.0,R,1.0,R,1.0,R,100.0,R,10.0
461892,2013,A,,A,,A,,R,75.0,R,1.0,R,74.0,R,63.0,R,85.0,R,7.0,Z,0.0,R,7.0,R,6.0,R,86.0,R,15.0
461908,2013,A,,A,,A,,R,23.0,R,0.0,R,23.0,R,19.0,R,83.0,R,7.0,R,0.0,R,7.0,R,5.0,R,71.0,R,14.0
461917,2013,A,,A,,A,,R,42.0,R,0.0,R,42.0,R,30.0,R,71.0,R,12.0,R,0.0,R,12.0,R,9.0,R,75.0,R,15.0
461926,2013,A,,A,,A,,R,60.0,R,1.0,R,59.0,R,42.0,R,71.0,R,21.0,R,1.0,R,20.0,R,11.0,R,55.0,R,6.0
461935,2013,A,,A,,A,,R,7.0,R,0.0,R,7.0,R,3.0,R,43.0,R,1.0,R,0.0,R,1.0,R,0.0,R,0.0,R,13.0
461944,2013,A,,A,,A,,R,25.0,R,0.0,R,25.0,R,15.0,R,60.0,A,,A,,A,,A,,A,,R,12.0
461953,2013,R,27.0,R,35.0,R,77.0,R,23.0,R,0.0,R,23.0,R,20.0,R,87.0,R,0.0,R,0.0,R,0.0,R,0.0,A,,R,10.0
461962,2013,A,,A,,A,,R,150.0,R,0.0,R,150.0,R,131.0,R,87.0,R,147.0,Z,0.0,R,147.0,R,115.0,R,78.0,R,18.0
461971,2013,A,,A,,A,,R,9.0,Z,0.0,R,9.0,R,8.0,R,89.0,R,1.0,Z,0.0,R,1.0,R,1.0,R,100.0,R,16.0
461980,2013,A,,A,,A,,R,78.0,R,0.0,R,78.0,R,69.0,R,88.0,R,42.0,R,0.0,R,42.0,R,36.0,R,86.0,R,18.0
461999,2013,A,,A,,A,,R,29.0,R,0.0,R,29.0,R,5.0,R,17.0,A,,A,,A,,A,,A,,R,7.0
462008,2013,A,,A,,A,,R,37.0,R,0.0,R,37.0,R,33.0,R,89.0,R,5.0,R,0.0,R,5.0,R,4.0,R,80.0,R,15.0
462017,2013,A,,A,,A,,R,14.0,R,0.0,R,14.0,R,11.0,R,79.0,R,0.0,R,0.0,R,0.0,R,0.0,A,,R,11.0
462026,2013,A,,A,,A,,R,4.0,R,0.0,R,4.0,R,4.0,R,100.0,A,,A,,A,,A,,A,,R,20.0
462035,2013,A,,A,,A,,R,63.0,Z,0.0,R,63.0,R,56.0,R,89.0,R,19.0,Z,0.0,R,19.0,R,15.0,R,79.0,R,5.0
462053,2013,A,,A,,A,,R,21.0,R,0.0,R,21.0,R,14.0,R,67.0,A,,A,,A,,A,,A,,R,20.0
462062,2013,A,,A,,A,,R,7.0,R,0.0,R,7.0,R,6.0,R,86.0,R,3.0,Z,0.0,R,3.0,R,3.0,R,100.0,R,14.0
462071,2013,A,,A,,A,,R,22.0,R,0.0,R,22.0,R,19.0,R,86.0,R,5.0,R,0.0,R,5.0,R,4.0,R,80.0,R,15.0
462266,2013,A,,A,,A,,R,85.0,R,0.0,R,85.0,R,15.0,R,18.0,R,0.0,R,0.0,R,0.0,R,0.0,A,,R,12.0
462309,2013,A,,A,,A,,A,,A,,A,,A,,A,,A,,A,,A,,A,,A,,R,13.0
462318,2013,A,,A,,A,,A,,A,,A,,A,,A,,A,,A,,A,,A,,A,,R,20.0
462327,2013,A,,A,,A,,A,,A,,A,,A,,A,,A,,A,,A,,A,,A,,R,20.0
462336,2013,A,,A,,A,,R,4.0,Z,0.0,R,4.0,R,2.0,R,50.0,R,8.0,Z,0.0,R,8.0,R,6.0,R,75.0,R,25.0
462345,2013,A,,A,,A,,R,38.0,R,0.0,R,38.0,R,38.0,R,100.0,R,15.0,R,0.0,R,15.0,R,15.0,R,100.0,R,7.0
462354,2013,R,38.0,R,62.0,R,61.0,R,39.0,R,0.0,R,39.0,R,29.0,R,74.0,R,0.0,R,0.0,R,0.0,R,0.0,A,,R,17.0
462363,2013,R,30.0,R,43.0,R,70.0,R,0.0,R,0.0,R,0.0,R,0.0,A,,R,0.0,R,0.0,R,0.0,R,0.0,A,,R,18.0
462372,2013,R,60.0,R,67.0,R,90.0,R,0.0,R,0.0,R,0.0,R,0.0,A,,R,0.0,R,0.0,R,0.0,R,0.0,A,,R,25.0
462390,2013,A,,A,,A,,R,14.0,R,0.0,R,14.0,R,6.0,R,43.0,A,,A,,A,,A,,A,,R,5.0
462406,2013,A,,A,,A,,A,,A,,A,,A,,A,,A,,A,,A,,A,,A,,R,12.0
465812,2013,A,,A,,A,,R,0.0,R,0.0,R,0.0,R,0.0,A,,A,,A,,A,,A,,A,,R,30.0
466152,2013,A,,A,,A,,R,0.0,Z,0.0,R,0.0,R,0.0,A,,R,52.0,Z,0.0,R,52.0,R,17.0,R,33.0,R,44.0
466161,2013,A,,A,,A,,R,1.0,Z,0.0,R,1.0,R,0.0,R,0.0,R,11.0,Z,0.0,R,11.0,R,3.0,R,27.0,R,17.0
466170,2013,A,,A,,A,,R,2.0,Z,0.0,R,2.0,R,2.0,R,100.0,R,51.0,Z,0.0,R,51.0,R,23.0,R,45.0,R,17.0
466189,2013,R,4.0,R,108.0,R,4.0,R,7.0,Z,0.0,R,7.0,R,4.0,R,57.0,R,22.0,Z,0.0,R,22.0,R,7.0,R,32.0,R,17.0
466514,2013,R,39.0,R,87.0,R,45.0,R,2.0,R,0.0,R,2.0,R,2.0,R,100.0,R,0.0,R,0.0,R,0.0,R,0.0,A,,R,17.0
466523,2013,A,,A,,A,,R,15.0,R,0.0,R,15.0,R,12.0,R,80.0,R,2.0,R,0.0,R,2.0,R,0.0,R,0.0,R,15.0
466921,2013,R,2.0,R,141.0,R,1.0,R,9.0,R,0.0,R,9.0,R,7.0,R,78.0,R,0.0,R,0.0,R,0.0,R,0.0,A,,R,9.0
466930,2013,A,,A,,A,,R,0.0,R,0.0,R,0.0,R,0.0,A,,R,2.0,R,0.0,R,2.0,R,2.0,R,100.0,R,9.0
467058,2013,R,43.0,R,60.0,R,72.0,R,0.0,R,0.0,R,0.0,R,0.0,A,,R,0.0,R,0.0,R,0.0,R,0.0,A,,R,19.0
467094,2013,A,,A,,A,,R,13.0,R,0.0,R,13.0,R,12.0,R,92.0,R,4.0,R,0.0,R,4.0,R,4.0,R,100.0,R,20.0
467155,2013,A,,A,,A,,R,187.0,R,0.0,R,187.0,R,111.0,R,59.0,A,,A,,A,,A,,A,,R,30.0
467340,2013,A,,A,,A,,R,25.0,Z,0.0,R,25.0,R,13.0,R,52.0,A,,A,,A,,A,,A,,R,23.0
467368,2013,A,,A,,A,,R,24.0,Z,0.0,R,24.0,R,14.0,R,58.0,R,0.0,R,0.0,R,0.0,R,0.0,A,,R,22.0
467508,2013,A,,A,,A,,R,14.0,R,0.0,R,14.0,R,6.0,R,43.0,R,8.0,R,0.0,R,8.0,R,6.0,R,75.0,R,11.0
467517,2013,A,,A,,A,,R,26.0,R,0.0,R,26.0,R,12.0,R,46.0,R,1.0,R,0.0,R,1.0,R,0.0,R,0.0,R,10.0
467526,2013,A,,A,,A,,R,28.0,R,0.0,R,28.0,R,14.0,R,50.0,A,,A,,A,,A,,A,,R,7.0
467535,2013,A,,A,,A,,R,25.0,R,0.0,R,25.0,R,12.0,R,48.0,R,3.0,R,0.0,R,3.0,R,3.0,R,100.0,R,14.0
467544,2013,A,,A,,A,,R,18.0,R,0.0,R,18.0,R,9.0,R,50.0,A,,A,,A,,A,,A,,R,10.0
467553,2013,A,,A,,A,,R,17.0,R,0.0,R,17.0,R,8.0,R,47.0,A,,A,,A,,A,,A,,R,8.0
467562,2013,A,,A,,A,,R,24.0,R,0.0,R,24.0,R,16.0,R,67.0,R,3.0,R,0.0,R,3.0,R,2.0,R,67.0,R,9.0
467571,2013,A,,A,,A,,R,24.0,R,0.0,R,24.0,R,17.0,R,71.0,R,5.0,R,0.0,R,5.0,R,2.0,R,40.0,R,8.0
467580,2013,A,,A,,A,,R,11.0,R,0.0,R,11.0,R,7.0,R,64.0,A,,A,,A,,A,,A,,R,9.0
467599,2013,A,,A,,A,,R,17.0,R,0.0,R,17.0,R,10.0,R,59.0,R,0.0,R,0.0,R,0.0,R,0.0,A,,R,9.0
467605,2013,A,,A,,A,,R,23.0,R,0.0,R,23.0,R,18.0,R,78.0,R,5.0,R,0.0,R,5.0,R,4.0,R,80.0,R,9.0
467614,2013,A,,A,,A,,R,18.0,R,0.0,R,18.0,R,9.0,R,50.0,R,5.0,R,0.0,R,5.0,R,2.0,R,40.0,R,10.0
467623,2013,A,,A,,A,,R,25.0,R,0.0,R,25.0,R,21.0,R,84.0,R,3.0,R,0.0,R,3.0,R,2.0,R,67.0,R,8.0
467632,2013,A,,A,,A,,R,22.0,R,0.0,R,22.0,R,12.0,R,55.0,R,9.0,R,0.0,R,9.0,R,5.0,R,56.0,R,14.0
467641,2013,A,,A,,A,,R,40.0,R,0.0,R,40.0,R,24.0,R,60.0,R,7.0,R,0.0,R,7.0,R,5.0,R,71.0,R,16.0
467650,2013,A,,A,,A,,R,26.0,R,0.0,R,26.0,R,9.0,R,35.0,R,3.0,R,0.0,R,3.0,R,0.0,R,0.0,R,7.0
467669,2013,A,,A,,A,,R,36.0,R,0.0,R,36.0,R,14.0,R,39.0,A,,A,,A,,A,,A,,R,7.0
467678,2013,A,,A,,A,,R,35.0,R,0.0,R,35.0,R,22.0,R,63.0,A,,A,,A,,A,,A,,R,11.0
467784,2013,A,,A,,A,,R,90.0,R,0.0,R,90.0,R,53.0,R,59.0,A,,A,,A,,A,,A,,R,30.0
467793,2013,R,18.0,R,47.0,R,38.0,R,2.0,R,0.0,R,2.0,R,1.0,R,50.0,R,2.0,R,0.0,R,2.0,R,0.0,R,0.0,R,10.0
467809,2013,A,,A,,A,,R,30.0,R,0.0,R,30.0,R,21.0,R,70.0,A,,A,,A,,A,,A,,R,16.0
467863,2013,A,,A,,A,,R,47.0,R,0.0,R,47.0,R,40.0,R,85.0,R,4.0,R,0.0,R,4.0,R,3.0,R,75.0,R,15.0
467872,2013,A,,A,,A,,R,31.0,R,0.0,R,31.0,R,25.0,R,81.0,R,4.0,R,0.0,R,4.0,R,3.0,R,75.0,R,15.0
467881,2013,A,,A,,A,,R,71.0,R,0.0,R,71.0,R,45.0,R,63.0,A,,A,,A,,A,,A,,R,30.0
467906,2013,A,,A,,A,,R,12.0,R,0.0,R,12.0,R,11.0,R,92.0,R,1.0,R,0.0,R,1.0,R,1.0,R,100.0,R,20.0
468015,2013,R,52.0,R,96.0,R,54.0,R,44.0,Z,0.0,R,44.0,R,22.0,R,50.0,R,7.0,Z,0.0,R,7.0,R,2.0,R,29.0,R,19.0
468024,2013,R,2.0,R,146.0,R,1.0,R,9.0,Z,0.0,R,9.0,R,5.0,R,56.0,R,9.0,Z,0.0,R,9.0,R,1.0,R,11.0,R,12.0
468246,2013,A,,A,,A,,R,27.0,Z,0.0,R,27.0,R,25.0,R,93.0,A,,A,,A,,A,,A,,R,14.0
468255,2013,A,,A,,A,,R,17.0,R,0.0,R,17.0,R,16.0,R,94.0,A,,A,,A,,A,,A,,R,14.0
468398,2013,R,9.0,R,50.0,R,18.0,R,21.0,R,0.0,R,21.0,R,13.0,R,62.0,R,3.0,R,0.0,R,3.0,R,0.0,R,0.0,R,14.0
468705,2013,A,,A,,A,,R,40.0,Z,0.0,R,40.0,R,9.0,R,23.0,R,17.0,Z,0.0,R,17.0,R,9.0,R,53.0,R,20.0
468723,2013,R,180.0,R,400.0,R,45.0,R,92.0,R,0.0,R,92.0,R,43.0,R,47.0,R,21.0,R,0.0,R,21.0,R,4.0,R,19.0,R,32.0
468732,2013,A,,A,,A,,R,102.0,R,0.0,R,102.0,R,73.0,R,72.0,A,,A,,A,,A,,A,,R,18.0
468769,2013,A,,A,,A,,R,22.0,Z,0.0,R,22.0,R,19.0,R,86.0,A,,A,,A,,A,,A,,R,16.0
468866,2013,A,,A,,A,,R,7.0,R,0.0,R,7.0,R,7.0,R,100.0,A,,A,,A,,A,,A,,R,18.0
468875,2013,A,,A,,A,,R,117.0,Z,0.0,R,117.0,R,97.0,R,83.0,A,,A,,A,,A,,A,,R,24.0
468893,2013,A,,A,,A,,R,13.0,R,0.0,R,13.0,R,11.0,R,85.0,A,,A,,A,,A,,A,,R,16.0
468963,2013,A,,A,,A,,A,,A,,A,,A,,A,,A,,A,,A,,A,,A,,R,7.0
469054,2013,A,,A,,A,,R,108.0,Z,0.0,R,108.0,R,60.0,R,56.0,A,,A,,A,,A,,A,,R,14.0
469124,2013,A,,A,,A,,A,,A,,A,,A,,A,,A,,A,,A,,A,,A,,R,25.0
469133,2013,A,,A,,A,,R,104.0,R,0.0,R,104.0,R,81.0,R,78.0,R,66.0,R,0.0,R,66.0,R,48.0,R,73.0,R,25.0
469142,2013,A,,A,,A,,A,,A,,A,,A,,A,,A,,A,,A,,A,,A,,R,25.0
469151,2013,A,,A,,A,,A,,A,,A,,A,,A,,A,,A,,A,,A,,A,,R,15.0
469160,2013,A,,A,,A,,A,,A,,A,,A,,A,,A,,A,,A,,A,,A,,R,25.0
469188,2013,A,,A,,A,,A,,A,,A,,A,,A,,A,,A,,A,,A,,A,,R,8.0
469197,2013,A,,A,,A,,R,89.0,R,0.0,R,89.0,R,49.0,R,55.0,A,,A,,A,,A,,A,,R,20.0
469391,2013,A,,A,,A,,R,54.0,Z,0.0,R,54.0,R,43.0,R,80.0,A,,A,,A,,A,,A,,R,12.0
469407,2013,A,,A,,A,,R,190.0,R,0.0,R,190.0,R,132.0,R,69.0,A,,A,,A,,A,,A,,R,15.0
469416,2013,A,,A,,A,,R,183.0,R,0.0,R,183.0,R,132.0,R,72.0,A,,A,,A,,A,,A,,R,17.0
469568,2013,A,,A,,A,,A,,A,,A,,A,,A,,A,,A,,A,,A,,A,,R,9.0
469586,2013,A,,A,,A,,A,,A,,A,,A,,A,,A,,A,,A,,A,,A,,R,25.0
469610,2013,A,,A,,A,,R,151.0,R,0.0,R,151.0,R,87.0,R,58.0,A,,A,,A,,A,,A,,R,34.0
469629,2013,A,,A,,A,,R,38.0,R,0.0,R,38.0,R,24.0,R,63.0,A,,A,,A,,A,,A,,R,15.0
469638,2013,A,,A,,A,,R,111.0,R,0.0,R,111.0,R,103.0,R,93.0,A,,A,,A,,A,,A,,R,17.0
469647,2013,A,,A,,A,,R,100.0,R,0.0,R,100.0,R,88.0,R,88.0,R,80.0,R,0.0,R,80.0,R,65.0,R,81.0,R,18.0
469911,2013,A,,A,,A,,R,48.0,R,0.0,R,48.0,R,21.0,R,44.0,A,,A,,A,,A,,A,,R,11.0
469920,2013,A,,A,,A,,R,75.0,R,0.0,R,75.0,R,32.0,R,43.0,A,,A,,A,,A,,A,,R,13.0
469957,2013,A,,A,,A,,R,56.0,R,0.0,R,56.0,R,42.0,R,75.0,A,,A,,A,,A,,A,,R,10.0
469975,2013,A,,A,,A,,R,0.0,R,0.0,R,0.0,R,0.0,A,,R,36.0,R,1.0,R,35.0,R,25.0,R,71.0,R,14.0
469993,2013,A,,A,,A,,R,2.0,R,0.0,R,2.0,R,1.0,R,50.0,R,1.0,R,0.0,R,1.0,R,1.0,R,100.0,R,8.0
470047,2013,A,,A,,A,,R,5.0,R,0.0,R,5.0,R,5.0,R,100.0,A,,A,,A,,A,,A,,R,4.0
470092,2013,R,97.0,R,228.0,R,43.0,R,29.0,Z,0.0,R,29.0,R,14.0,R,48.0,R,50.0,Z,0.0,R,50.0,R,17.0,R,34.0,R,14.0
470162,2013,R,233.0,R,341.0,R,68.0,R,11.0,Z,0.0,R,11.0,R,3.0,R,27.0,A,,A,,A,,A,,A,,R,11.0
470223,2013,A,,A,,A,,R,17.0,R,0.0,R,17.0,R,15.0,R,88.0,R,1.0,R,0.0,R,1.0,R,0.0,R,0.0,R,20.0
470296,2013,A,,A,,A,,R,15.0,R,0.0,R,15.0,R,13.0,R,87.0,A,,A,,A,,A,,A,,R,25.0
470302,2013,A,,A,,A,,R,58.0,R,0.0,R,58.0,R,48.0,R,83.0,A,,A,,A,,A,,A,,R,23.0
470393,2013,A,,A,,A,,R,12.0,R,0.0,R,12.0,R,8.0,R,67.0,R,1.0,R,0.0,R,1.0,R,1.0,R,100.0,R,11.0
470852,2013,A,,A,,A,,R,0.0,R,0.0,R,0.0,R,0.0,A,,R,0.0,R,0.0,R,0.0,R,0.0,A,,R,11.0
470861,2013,R,50.0,R,59.0,R,85.0,R,0.0,R,0.0,R,0.0,R,0.0,A,,R,0.0,R,0.0,R,0.0,R,0.0,A,,R,34.0
470870,2013,R,47.0,R,57.0,R,82.0,R,0.0,R,0.0,R,0.0,R,0.0,A,,R,0.0,R,0.0,R,0.0,R,0.0,A,,R,19.0
470889,2013,R,56.0,R,80.0,R,70.0,R,0.0,R,0.0,R,0.0,R,0.0,A,,R,0.0,R,0.0,R,0.0,R,0.0,A,,R,15.0
470898,2013,R,37.0,R,50.0,R,74.0,R,0.0,R,0.0,R,0.0,R,0.0,A,,R,0.0,R,0.0,R,0.0,R,0.0,A,,R,22.0
470904,2013,R,47.0,R,58.0,R,81.0,R,0.0,R,0.0,R,0.0,R,0.0,A,,R,0.0,R,0.0,R,0.0,R,0.0,A,,R,41.0
474702,2013,A,,A,,A,,R,17.0,R,0.0,R,17.0,R,8.0,R,47.0,A,,A,,A,,A,,A,,R,9.0
474863,2013,A,,A,,A,,R,35.0,R,0.0,R,35.0,R,32.0,R,91.0,R,0.0,R,0.0,R,0.0,R,0.0,A,,R,17.0
474881,2013,R,22.0,R,48.0,R,46.0,R,19.0,R,0.0,R,19.0,R,15.0,R,79.0,R,15.0,R,0.0,R,15.0,R,5.0,R,33.0,R,6.0
474890,2013,A,,A,,A,,R,5.0,R,0.0,R,5.0,R,1.0,R,20.0,A,,A,,A,,A,,A,,R,17.0
474906,2013,A,,A,,A,,R,10.0,R,0.0,R,10.0,R,3.0,R,30.0,A,,A,,A,,A,,A,,R,6.0
474915,2013,A,,A,,A,,R,79.0,R,1.0,R,78.0,R,55.0,R,71.0,R,69.0,R,1.0,R,68.0,R,42.0,R,62.0,R,15.0
474924,2013,A,,A,,A,,R,65.0,R,0.0,R,65.0,R,47.0,R,72.0,R,71.0,R,0.0,R,71.0,R,54.0,R,76.0,R,10.0
474933,2013,A,,A,,A,,R,5.0,R,0.0,R,5.0,R,3.0,R,60.0,R,1.0,Z,0.0,R,1.0,Z,0.0,R,0.0,R,9.0
474942,2013,A,,A,,A,,R,11.0,R,0.0,R,11.0,R,10.0,R,91.0,R,1.0,R,0.0,R,1.0,R,1.0,R,100.0,R,12.0
474951,2013,A,,A,,A,,R,55.0,R,0.0,R,55.0,R,21.0,R,38.0,A,,A,,A,,A,,A,,R,14.0
474960,2013,A,,A,,A,,R,15.0,R,0.0,R,15.0,R,4.0,R,27.0,A,,A,,A,,A,,A,,R,5.0
474979,2013,A,,A,,A,,R,28.0,R,0.0,R,28.0,R,16.0,R,57.0,A,,A,,A,,A,,A,,R,5.0
474997,2013,A,,A,,A,,R,360.0,Z,0.0,R,360.0,R,237.0,R,66.0,A,,A,,A,,A,,A,,R,22.0
475015,2013,A,,A,,A,,R,46.0,R,0.0,R,46.0,R,36.0,R,78.0,A,,A,,A,,A,,A,,R,14.0
475024,2013,A,,A,,A,,R,55.0,Z,0.0,R,55.0,R,32.0,R,58.0,A,,A,,A,,A,,A,,R,27.0
475042,2013,R,39.0,R,131.0,R,30.0,R,0.0,Z,0.0,R,0.0,Z,0.0,A,,A,,A,,A,,A,,A,,R,18.0
475051,2013,A,,A,,A,,A,,A,,A,,A,,A,,A,,A,,A,,A,,A,,R,9.0
475060,2013,R,49.0,R,138.0,R,36.0,R,27.0,Z,0.0,R,27.0,R,19.0,R,70.0,R,8.0,Z,0.0,R,8.0,R,2.0,R,25.0,R,14.0
475079,2013,R,48.0,R,92.0,R,52.0,R,23.0,Z,0.0,R,23.0,R,8.0,R,35.0,R,12.0,Z,0.0,R,12.0,R,2.0,R,17.0,R,19.0
475097,2013,A,,A,,A,,A,,A,,A,,A,,A,,A,,A,,A,,A,,A,,R,8.0
475121,2013,A,,A,,A,,R,445.0,R,2.0,R,443.0,R,101.0,R,23.0,A,,A,,A,,A,,A,,R,28.0
475130,2013,A,,A,,A,,R,26.0,Z,0.0,R,26.0,R,18.0,R,69.0,A,,A,,A,,A,,A,,R,21.0
475176,2013,A,,A,,A,,R,31.0,R,0.0,R,31.0,R,24.0,R,77.0,A,,A,,A,,A,,A,,R,21.0
475185,2013,R,4.0,R,24.0,R,17.0,R,6.0,R,0.0,R,6.0,R,6.0,R,100.0,R,0.0,R,0.0,R,0.0,R,0.0,A,,R,10.0
475194,2013,R,49.0,R,92.0,R,53.0,R,49.0,Z,0.0,R,49.0,R,29.0,R,59.0,R,16.0,Z,0.0,R,16.0,R,4.0,R,25.0,R,12.0
475200,2013,A,,A,,A,,A,,A,,A,,A,,A,,A,,A,,A,,A,,A,,R,8.0
475237,2013,R,4.0,R,5.0,R,80.0,R,0.0,R,0.0,R,0.0,R,0.0,A,,A,,A,,A,,A,,A,,R,8.0
475255,2013,A,,A,,A,,R,21.0,R,0.0,R,21.0,R,17.0,R,81.0,A,,A,,A,,A,,A,,R,19.0
475273,2013,A,,A,,A,,A,,A,,A,,A,,A,,A,,A,,A,,A,,A,,R,12.0
475282,2013,A,,A,,A,,R,11.0,R,0.0,R,11.0,R,6.0,R,55.0,A,,A,,A,,A,,A,,R,10.0
475291,2013,R,6.0,R,28.0,R,21.0,R,0.0,Z,0.0,R,0.0,R,0.0,A,,R,0.0,Z,0.0,R,0.0,R,0.0,A,,R,7.0
475325,2013,A,,A,,A,,A,,A,,A,,A,,A,,A,,A,,A,,A,,A,,R,15.0
475352,2013,R,214.0,R,283.0,R,76.0,R,200.0,R,0.0,R,200.0,R,151.0,R,76.0,R,88.0,R,3.0,R,85.0,R,56.0,R,66.0,R,10.0
475370,2013,R,185.0,R,243.0,R,76.0,R,116.0,R,1.0,R,115.0,R,57.0,R,50.0,R,62.0,R,3.0,R,59.0,R,35.0,R,59.0,R,13.0
475389,2013,A,,A,,A,,R,20.0,R,0.0,R,20.0,R,14.0,R,70.0,A,,A,,A,,A,,A,,R,16.0
475404,2013,A,,A,,A,,A,,A,,A,,A,,A,,A,,A,,A,,A,,A,,R,10.0
475413,2013,A,,A,,A,,R,7.0,R,0.0,R,7.0,R,6.0,R,86.0,R,0.0,Z,0.0,R,0.0,R,0.0,A,,R,11.0
475422,2013,R,2.0,R,53.0,R,4.0,R,3.0,R,0.0,R,3.0,R,3.0,R,100.0,R,0.0,R,0.0,R,0.0,R,0.0,A,,R,4.0
475431,2013,A,,A,,A,,A,,A,,A,,A,,A,,A,,A,,A,,A,,A,,R,4.0
475440,2013,A,,A,,A,,R,15.0,R,0.0,R,15.0,R,10.0,R,67.0,A,,A,,A,,A,,A,,R,2.0
475459,2013,A,,A,,A,,R,131.0,Z,0.0,R,131.0,R,103.0,R,79.0,A,,A,,A,,A,,A,,R,17.0
475468,2013,A,,A,,A,,R,18.0,R,0.0,R,18.0,R,17.0,R,94.0,R,2.0,R,0.0,R,2.0,R,2.0,R,100.0,R,11.0
475477,2013,R,13.0,R,31.0,R,42.0,R,7.0,R,0.0,R,7.0,R,6.0,R,86.0,R,10.0,R,0.0,R,10.0,R,5.0,R,50.0,R,12.0
475486,2013,A,,A,,A,,R,37.0,R,0.0,R,37.0,R,32.0,R,86.0,A,,A,,A,,A,,A,,R,18.0
475501,2013,A,,A,,A,,R,42.0,R,1.0,R,41.0,R,39.0,R,95.0,A,,A,,A,,A,,A,,R,8.0
475529,2013,A,,A,,A,,R,27.0,R,0.0,R,27.0,R,24.0,R,89.0,R,1.0,Z,0.0,R,1.0,R,0.0,R,0.0,R,9.0
475538,2013,A,,A,,A,,R,59.0,R,0.0,R,59.0,R,49.0,R,83.0,R,14.0,R,0.0,R,14.0,R,12.0,R,86.0,R,20.0
475547,2013,A,,A,,A,,R,6.0,R,0.0,R,6.0,R,6.0,R,100.0,R,1.0,R,0.0,R,1.0,R,1.0,R,100.0,R,15.0
475556,2013,A,,A,,A,,R,16.0,R,0.0,R,16.0,R,12.0,R,75.0,R,5.0,R,0.0,R,5.0,R,3.0,R,60.0,R,15.0
475565,2013,R,278.0,R,278.0,R,100.0,R,289.0,Z,0.0,R,289.0,R,215.0,R,74.0,R,0.0,R,0.0,R,0.0,R,0.0,A,,R,14.0
475574,2013,A,,A,,A,,R,5.0,R,1.0,R,4.0,R,4.0,R,100.0,R,6.0,R,0.0,R,6.0,R,6.0,R,100.0,R,20.0
475583,2013,A,,A,,A,,R,18.0,R,0.0,R,18.0,R,8.0,R,44.0,A,,A,,A,,A,,A,,R,33.0
475592,2013,R,39.0,R,57.0,R,68.0,R,29.0,R,0.0,R,29.0,R,16.0,R,55.0,R,9.0,R,0.0,R,9.0,R,4.0,R,44.0,R,7.0
475608,2013,R,14.0,R,60.0,R,23.0,R,31.0,Z,0.0,R,31.0,R,25.0,R,81.0,R,13.0,Z,0.0,R,13.0,R,4.0,R,31.0,R,12.0
475617,2013,R,243.0,R,365.0,R,67.0,R,147.0,R,0.0,R,147.0,R,88.0,R,60.0,R,54.0,R,2.0,R,52.0,R,8.0,R,15.0,R,10.0
475626,2013,A,,A,,A,,R,0.0,R,0.0,R,0.0,R,0.0,A,,R,0.0,R,0.0,R,0.0,R,0.0,A,,R,8.0
475635,2013,R,3.0,R,5.0,R,60.0,R,4.0,Z,0.0,R,4.0,R,3.0,R,75.0,R,0.0,R,0.0,R,0.0,R,0.0,A,,R,5.0
475644,2013,A,,A,,A,,R,10.0,R,0.0,R,10.0,R,8.0,R,80.0,A,,A,,A,,A,,A,,R,8.0
475653,2013,A,,A,,A,,R,2.0,R,0.0,R,2.0,R,2.0,R,100.0,A,,A,,A,,A,,A,,R,16.0
475662,2013,A,,A,,A,,R,5.0,R,0.0,R,5.0,R,3.0,R,60.0,R,6.0,R,0.0,R,6.0,R,4.0,R,67.0,R,10.0
475680,2013,A,,A,,A,,R,5.0,R,0.0,R,5.0,R,5.0,R,100.0,A,,A,,A,,A,,A,,R,18.0
475699,2013,R,15.0,R,126.0,R,12.0,R,0.0,R,0.0,R,0.0,R,0.0,A,,R,0.0,R,0.0,R,0.0,R,0.0,A,,R,11.0
475705,2013,A,,A,,A,,R,2.0,R,0.0,R,2.0,R,1.0,R,50.0,A,,A,,A,,A,,A,,R,12.0
475714,2013,A,,A,,A,,R,8.0,R,0.0,R,8.0,R,5.0,R,63.0,R,6.0,R,0.0,R,6.0,R,5.0,R,83.0,R,6.0
475732,2013,R,2.0,R,313.0,R,1.0,R,2.0,R,0.0,R,2.0,R,2.0,R,100.0,R,2.0,R,0.0,R,2.0,R,0.0,R,0.0,R,12.0
475741,2013,R,4.0,R,76.0,R,5.0,R,1.0,R,0.0,R,1.0,R,0.0,R,0.0,R,1.0,R,0.0,R,1.0,R,0.0,R,0.0,R,18.0
475750,2013,A,,A,,A,,R,40.0,R,0.0,R,40.0,R,30.0,R,75.0,A,,A,,A,,A,,A,,R,62.0
475839,2013,R,10.0,R,30.0,R,33.0,R,0.0,R,0.0,R,0.0,R,0.0,A,,R,0.0,R,0.0,R,0.0,R,0.0,A,,R,14.0
475866,2013,R,99.0,R,117.0,R,85.0,R,17.0,R,0.0,R,17.0,R,9.0,R,53.0,R,10.0,R,0.0,R,10.0,R,3.0,R,30.0,R,6.0
475875,2013,A,,A,,A,,R,0.0,R,0.0,R,0.0,R,0.0,A,,R,10.0,R,0.0,R,10.0,R,0.0,R,0.0,R,6.0
475884,2013,A,,A,,A,,R,0.0,R,0.0,R,0.0,R,0.0,A,,R,6.0,R,0.0,R,6.0,R,2.0,R,33.0,R,11.0
476063,2013,A,,A,,A,,R,68.0,R,0.0,R,68.0,R,44.0,R,65.0,A,,A,,A,,A,,A,,R,23.0
476090,2013,A,,A,,A,,R,16.0,R,0.0,R,16.0,R,9.0,R,56.0,A,,A,,A,,A,,A,,R,10.0
476106,2013,A,,A,,A,,R,9.0,R,0.0,R,9.0,R,7.0,R,78.0,A,,A,,A,,A,,A,,R,7.0
476115,2013,A,,A,,A,,R,13.0,R,0.0,R,13.0,R,8.0,R,62.0,A,,A,,A,,A,,A,,R,3.0
476124,2013,A,,A,,A,,R,7.0,R,0.0,R,7.0,R,6.0,R,86.0,A,,A,,A,,A,,A,,R,3.0
476133,2013,A,,A,,A,,R,33.0,R,0.0,R,33.0,R,12.0,R,36.0,A,,A,,A,,A,,A,,R,17.0
476142,2013,A,,A,,A,,R,11.0,R,0.0,R,11.0,R,5.0,R,45.0,A,,A,,A,,A,,A,,R,7.0
476151,2013,A,,A,,A,,R,8.0,R,0.0,R,8.0,R,4.0,R,50.0,A,,A,,A,,A,,A,,R,4.0
476160,2013,A,,A,,A,,R,16.0,R,0.0,R,16.0,R,8.0,R,50.0,A,,A,,A,,A,,A,,R,7.0
476179,2013,A,,A,,A,,R,13.0,R,0.0,R,13.0,R,10.0,R,77.0,R,4.0,R,0.0,R,4.0,R,4.0,R,100.0,R,19.0
476203,2013,A,,A,,A,,A,,A,,A,,A,,A,,A,,A,,A,,A,,A,,R,8.0
476230,2013,A,,A,,A,,R,17.0,R,0.0,R,17.0,R,11.0,R,65.0,A,,A,,A,,A,,A,,R,15.0
476294,2013,A,,A,,A,,R,13.0,R,0.0,R,13.0,R,11.0,R,85.0,R,7.0,R,0.0,R,7.0,R,4.0,R,57.0,R,15.0
476319,2013,A,,A,,A,,R,0.0,R,0.0,R,0.0,R,0.0,A,,A,,A,,A,,A,,A,,R,5.0
476328,2013,A,,A,,A,,R,73.0,R,0.0,R,73.0,R,37.0,R,51.0,A,,A,,A,,A,,A,,R,24.0
476337,2013,A,,A,,A,,R,37.0,R,0.0,R,37.0,R,32.0,R,86.0,R,5.0,R,0.0,R,5.0,R,3.0,R,60.0,R,12.0
476346,2013,A,,A,,A,,A,,A,,A,,A,,A,,A,,A,,A,,A,,A,,R,25.0
476355,2013,A,,A,,A,,R,0.0,R,0.0,R,0.0,R,0.0,A,,A,,A,,A,,A,,A,,R,8.0
476373,2013,A,,A,,A,,R,1.0,Z,0.0,R,1.0,R,1.0,R,100.0,R,1.0,Z,0.0,R,1.0,R,0.0,R,0.0,R,4.0
476382,2013,A,,A,,A,,R,0.0,R,0.0,R,0.0,R,0.0,A,,A,,A,,A,,A,,A,,R,20.0
476391,2013,A,,A,,A,,R,3.0,R,0.0,R,3.0,R,1.0,R,33.0,A,,A,,A,,A,,A,,R,20.0
476470,2013,A,,A,,A,,R,253.0,R,0.0,R,253.0,R,228.0,R,90.0,A,,A,,A,,A,,A,,R,6.0
476489,2013,A,,A,,A,,R,33.0,R,0.0,R,33.0,R,14.0,R,42.0,A,,A,,A,,A,,A,,R,25.0
476498,2013,A,,A,,A,,R,35.0,Z,0.0,R,35.0,R,25.0,R,71.0,A,,A,,A,,A,,A,,R,25.0
476504,2013,A,,A,,A,,R,32.0,R,0.0,R,32.0,R,27.0,R,84.0,R,141.0,R,0.0,R,141.0,R,123.0,R,87.0,R,20.0
476513,2013,A,,A,,A,,R,11.0,R,0.0,R,11.0,R,8.0,R,73.0,A,,A,,A,,A,,A,,R,18.0
476522,2013,A,,A,,A,,R,30.0,R,0.0,R,30.0,R,23.0,R,77.0,R,7.0,R,0.0,R,7.0,R,4.0,R,57.0,R,16.0
476531,2013,A,,A,,A,,R,5.0,Z,0.0,R,5.0,R,2.0,R,40.0,R,2.0,R,0.0,R,2.0,R,1.0,R,50.0,R,10.0
476540,2013,A,,A,,A,,R,24.0,R,0.0,R,24.0,R,17.0,R,71.0,R,32.0,R,2.0,R,30.0,R,21.0,R,70.0,R,12.0
476559,2013,A,,A,,A,,R,101.0,R,2.0,R,99.0,R,69.0,R,70.0,R,45.0,R,1.0,R,44.0,R,29.0,R,66.0,R,16.0
476568,2013,A,,A,,A,,R,11.0,R,0.0,R,11.0,R,7.0,R,64.0,A,,A,,A,,A,,A,,R,8.0
476577,2013,A,,A,,A,,R,11.0,R,0.0,R,11.0,R,9.0,R,82.0,A,,A,,A,,A,,A,,R,6.0
476586,2013,A,,A,,A,,A,,A,,A,,A,,A,,A,,A,,A,,A,,A,,R,14.0
476595,2013,A,,A,,A,,R,11.0,R,0.0,R,11.0,R,8.0,R,73.0,R,0.0,R,0.0,R,0.0,R,0.0,A,,R,13.0
476601,2013,R,24.0,R,25.0,R,96.0,R,17.0,R,0.0,R,17.0,R,10.0,R,59.0,A,,A,,A,,A,,A,,R,10.0
476610,2013,A,,A,,A,,A,,A,,A,,A,,A,,A,,A,,A,,A,,A,,R,7.0
476629,2013,A,,A,,A,,R,39.0,R,0.0,R,39.0,R,33.0,R,85.0,A,,A,,A,,A,,A,,R,12.0
476638,2013,A,,A,,A,,A,,A,,A,,A,,A,,A,,A,,A,,A,,A,,N,10.0
476656,2013,A,,A,,A,,A,,A,,A,,A,,A,,A,,A,,A,,A,,A,,R,2.0
476674,2013,A,,A,,A,,R,5.0,R,0.0,R,5.0,R,5.0,R,100.0,A,,A,,A,,A,,A,,R,22.0
476683,2013,A,,A,,A,,R,10.0,R,0.0,R,10.0,R,9.0,R,90.0,A,,A,,A,,A,,A,,R,20.0
476692,2013,R,3.0,R,6.0,R,50.0,R,3.0,R,0.0,R,3.0,R,2.0,R,67.0,A,,A,,A,,A,,A,,R,9.0
476708,2013,A,,A,,A,,R,8.0,R,0.0,R,8.0,R,8.0,R,100.0,R,1.0,R,0.0,R,1.0,R,1.0,R,100.0,R,13.0
476717,2013,R,101.0,R,101.0,R,100.0,R,99.0,R,0.0,R,99.0,R,85.0,R,86.0,A,,A,,A,,A,,A,,R,10.0
476726,2013,A,,A,,A,,R,26.0,R,0.0,R,26.0,R,26.0,R,100.0,R,1.0,R,0.0,R,1.0,R,1.0,R,100.0,R,2.0
476735,2013,A,,A,,A,,N,12.0,N,0.0,N,12.0,N,5.0,N,42.0,N,0.0,N,0.0,N,0.0,N,0.0,A,,N,13.0
476744,2013,A,,A,,A,,R,23.0,R,0.0,R,23.0,R,21.0,R,91.0,R,23.0,R,0.0,R,23.0,R,22.0,R,96.0,R,7.0
476753,2013,A,,A,,A,,R,13.0,Z,0.0,R,13.0,R,13.0,R,100.0,R,2.0,Z,0.0,R,2.0,R,2.0,R,100.0,R,19.0
476762,2013,A,,A,,A,,R,7.0,R,0.0,R,7.0,R,5.0,R,71.0,A,,A,,A,,A,,A,,R,20.0
476771,2013,A,,A,,A,,R,6.0,Z,0.0,R,6.0,R,1.0,R,17.0,R,1.0,Z,0.0,R,1.0,R,1.0,R,100.0,R,4.0
476780,2013,A,,A,,A,,R,75.0,R,0.0,R,75.0,R,73.0,R,97.0,R,36.0,R,0.0,R,36.0,R,31.0,R,86.0,R,16.0
476799,2013,A,,A,,A,,A,,A,,A,,A,,A,,A,,A,,A,,A,,A,,R,8.0
476805,2013,A,,A,,A,,R,5.0,R,0.0,R,5.0,R,2.0,R,40.0,A,,A,,A,,A,,A,,R,14.0
476814,2013,A,,A,,A,,A,,A,,A,,A,,A,,A,,A,,A,,A,,A,,R,8.0
476823,2013,A,,A,,A,,R,4.0,R,0.0,R,4.0,R,3.0,R,75.0,A,,A,,A,,A,,A,,R,10.0
476832,2013,A,,A,,A,,R,10.0,Z,0.0,R,10.0,R,7.0,R,70.0,R,0.0,R,0.0,R,0.0,R,0.0,A,,R,4.0
476841,2013,A,,A,,A,,R,27.0,R,0.0,R,27.0,R,24.0,R,89.0,R,12.0,R,0.0,R,12.0,R,8.0,R,67.0,R,20.0
476850,2013,A,,A,,A,,R,58.0,R,0.0,R,58.0,R,46.0,R,79.0,R,1.0,R,0.0,R,1.0,R,1.0,R,100.0,R,15.0
476869,2013,A,,A,,A,,R,138.0,R,0.0,R,138.0,R,118.0,R,86.0,A,,A,,A,,A,,A,,R,14.0
476878,2013,A,,A,,A,,A,,A,,A,,A,,A,,A,,A,,A,,A,,A,,R,16.0
476887,2013,A,,A,,A,,R,41.0,R,0.0,R,41.0,R,36.0,R,88.0,R,25.0,R,0.0,R,25.0,R,20.0,R,80.0,R,13.0
476896,2013,A,,A,,A,,R,11.0,R,0.0,R,11.0,R,7.0,R,64.0,A,,A,,A,,A,,A,,R,8.0
476902,2013,A,,A,,A,,R,6.0,R,0.0,R,6.0,R,6.0,R,100.0,R,1.0,R,0.0,R,1.0,R,1.0,R,100.0,R,8.0
476911,2013,A,,A,,A,,R,65.0,R,0.0,R,65.0,R,57.0,R,88.0,R,52.0,R,0.0,R,52.0,R,41.0,R,79.0,R,20.0
476939,2013,A,,A,,A,,A,,A,,A,,A,,A,,R,39.0,R,0.0,R,39.0,R,37.0,R,95.0,R,5.0
476948,2013,A,,A,,A,,R,22.0,R,0.0,R,22.0,R,15.0,R,68.0,R,8.0,R,0.0,R,8.0,R,2.0,R,25.0,R,17.0
476957,2013,A,,A,,A,,R,8.0,R,0.0,R,8.0,R,8.0,R,100.0,A,,A,,A,,A,,A,,R,9.0
476966,2013,A,,A,,A,,R,28.0,Z,0.0,R,28.0,R,21.0,R,75.0,A,,A,,A,,A,,A,,R,6.0
476975,2013,A,,A,,A,,A,,A,,A,,A,,A,,A,,A,,A,,A,,A,,R,26.0
476984,2013,A,,A,,A,,R,2.0,R,0.0,R,2.0,R,2.0,R,100.0,R,4.0,R,0.0,R,4.0,R,3.0,R,75.0,R,15.0
476993,2013,A,,A,,A,,R,20.0,R,0.0,R,20.0,R,18.0,R,90.0,R,4.0,R,0.0,R,4.0,R,4.0,R,100.0,R,20.0
477002,2013,A,,A,,A,,R,14.0,R,0.0,R,14.0,R,10.0,R,71.0,R,6.0,R,0.0,R,6.0,R,5.0,R,83.0,R,6.0
477011,2013,R,2.0,R,33.0,R,6.0,R,2.0,Z,0.0,R,2.0,R,1.0,R,50.0,R,11.0,Z,0.0,R,11.0,R,3.0,R,27.0,R,7.0
477020,2013,R,2.0,R,50.0,R,4.0,R,2.0,Z,0.0,R,2.0,R,0.0,R,0.0,R,13.0,Z,0.0,R,13.0,R,4.0,R,31.0,R,8.0
477039,2013,A,,A,,A,,R,2.0,R,0.0,R,2.0,R,0.0,R,0.0,R,0.0,R,0.0,R,0.0,R,0.0,A,,R,11.0
477950,2013,A,,A,,A,,R,4.0,R,0.0,R,4.0,R,0.0,R,0.0,A,,A,,A,,A,,A,,R,15.0
477996,2013,A,,A,,A,,R,1.0,Z,0.0,R,1.0,R,0.0,R,0.0,R,23.0,Z,0.0,R,23.0,R,8.0,R,35.0,R,15.0
478005,2013,A,,A,,A,,R,3.0,Z,0.0,R,3.0,R,0.0,R,0.0,R,19.0,Z,0.0,R,19.0,R,8.0,R,42.0,R,44.0
478014,2013,A,,A,,A,,R,0.0,Z,0.0,R,0.0,Z,0.0,A,,R,11.0,Z,0.0,R,11.0,R,2.0,R,18.0,R,36.0
478582,2013,A,,A,,A,,R,33.0,R,0.0,R,33.0,R,25.0,R,76.0,R,15.0,R,0.0,R,15.0,R,8.0,R,53.0,R,25.0
478591,2013,A,,A,,A,,R,103.0,R,0.0,R,103.0,R,87.0,R,84.0,R,20.0,Z,0.0,R,20.0,R,19.0,R,95.0,R,18.0
478616,2013,A,,A,,A,,R,20.0,R,0.0,R,20.0,R,10.0,R,50.0,R,0.0,R,0.0,R,0.0,R,0.0,A,,R,16.0
478625,2013,A,,A,,A,,R,7.0,R,0.0,R,7.0,R,4.0,R,57.0,A,,A,,A,,A,,A,,R,10.0
478634,2013,A,,A,,A,,R,14.0,R,0.0,R,14.0,R,7.0,R,50.0,A,,A,,A,,A,,A,,R,8.0
478643,2013,A,,A,,A,,R,39.0,R,0.0,R,39.0,R,6.0,R,15.0,A,,A,,A,,A,,A,,R,15.0
478661,2013,A,,A,,A,,R,17.0,R,0.0,R,17.0,R,13.0,R,76.0,R,0.0,R,0.0,R,0.0,R,0.0,A,,R,16.0
478917,2013,A,,A,,A,,R,11.0,Z,0.0,R,11.0,R,9.0,R,82.0,A,,A,,A,,A,,A,,R,10.0
478953,2013,A,,A,,A,,R,18.0,R,0.0,R,18.0,R,15.0,R,83.0,R,3.0,R,0.0,R,3.0,R,2.0,R,67.0,R,12.0
479053,2013,A,,A,,A,,R,13.0,R,0.0,R,13.0,R,11.0,R,85.0,R,25.0,R,0.0,R,25.0,R,18.0,R,72.0,R,25.0
479062,2013,A,,A,,A,,R,9.0,R,0.0,R,9.0,R,8.0,R,89.0,A,,A,,A,,A,,A,,R,10.0
479123,2013,A,,A,,A,,R,8.0,R,0.0,R,8.0,R,6.0,R,75.0,A,,A,,A,,A,,A,,R,10.0
479248,2013,A,,A,,A,,R,89.0,R,0.0,R,89.0,R,70.0,R,79.0,R,10.0,R,0.0,R,10.0,R,8.0,R,80.0,R,10.0
479424,2013,A,,A,,A,,A,,A,,A,,A,,A,,A,,A,,A,,A,,A,,R,6.0
479549,2013,R,160.0,R,192.0,R,83.0,R,82.0,R,0.0,R,82.0,R,35.0,R,43.0,R,21.0,R,1.0,R,20.0,R,2.0,R,10.0,R,50.0
479558,2013,R,70.0,R,98.0,R,71.0,R,37.0,R,2.0,R,35.0,R,18.0,R,51.0,R,2.0,R,0.0,R,2.0,R,0.0,R,0.0,R,39.0
479567,2013,A,,A,,A,,R,0.0,R,0.0,R,0.0,R,0.0,A,,A,,A,,A,,A,,A,,R,15.0
479576,2013,A,,A,,A,,R,0.0,R,0.0,R,0.0,R,0.0,A,,R,0.0,R,0.0,R,0.0,R,0.0,A,,R,15.0
479585,2013,R,42.0,R,51.0,R,82.0,R,0.0,R,0.0,R,0.0,R,0.0,A,,R,0.0,R,0.0,R,0.0,R,0.0,A,,R,18.0
479594,2013,R,48.0,R,57.0,R,84.0,R,0.0,R,0.0,R,0.0,R,0.0,A,,R,0.0,R,0.0,R,0.0,R,0.0,A,,R,12.0
479600,2013,R,42.0,R,52.0,R,81.0,R,0.0,R,0.0,R,0.0,R,0.0,A,,R,0.0,R,0.0,R,0.0,R,0.0,A,,R,30.0
479619,2013,A,,A,,A,,R,0.0,R,0.0,R,0.0,R,0.0,A,,R,0.0,R,0.0,R,0.0,R,0.0,A,,R,15.0
479628,2013,R,77.0,R,93.0,R,83.0,R,0.0,R,0.0,R,0.0,R,0.0,A,,R,0.0,R,0.0,R,0.0,R,0.0,A,,R,31.0
479637,2013,R,41.0,R,49.0,R,84.0,R,0.0,R,0.0,R,0.0,R,0.0,A,,R,0.0,R,0.0,R,0.0,R,0.0,A,,R,16.0
479646,2013,R,37.0,R,51.0,R,73.0,R,0.0,R,0.0,R,0.0,R,0.0,A,,R,0.0,R,0.0,R,0.0,R,0.0,A,,R,15.0
479655,2013,R,49.0,R,60.0,R,82.0,R,0.0,R,0.0,R,0.0,R,0.0,A,,R,0.0,R,0.0,R,0.0,R,0.0,A,,R,20.0
479664,2013,R,14.0,R,14.0,R,100.0,R,20.0,R,0.0,R,20.0,R,6.0,R,30.0,R,1.0,R,0.0,R,1.0,R,0.0,R,0.0,R,22.0
479770,2013,A,,A,,A,,R,19.0,R,0.0,R,19.0,R,11.0,R,58.0,A,,A,,A,,A,,A,,R,8.0
479956,2013,R,88.0,R,1385.0,R,6.0,R,41.0,R,0.0,R,41.0,R,0.0,R,0.0,R,69.0,R,0.0,R,69.0,R,39.0,R,57.0,R,13.0
479965,2013,A,,A,,A,,R,28.0,R,0.0,R,28.0,R,28.0,R,100.0,A,,A,,A,,A,,A,,R,12.0
479974,2013,A,,A,,A,,R,8.0,Z,0.0,R,8.0,R,6.0,R,75.0,R,1.0,Z,0.0,R,1.0,R,1.0,R,100.0,R,20.0
479983,2013,A,,A,,A,,R,2.0,Z,0.0,R,2.0,R,2.0,R,100.0,R,1.0,Z,0.0,R,1.0,R,1.0,R,100.0,R,8.0
479992,2013,A,,A,,A,,R,2.0,R,0.0,R,2.0,R,2.0,R,100.0,R,3.0,R,0.0,R,3.0,R,0.0,R,0.0,R,10.0
480000,2013,A,,A,,A,,R,2.0,Z,0.0,R,2.0,R,2.0,R,100.0,R,4.0,Z,0.0,R,4.0,R,3.0,R,75.0,R,25.0
480019,2013,A,,A,,A,,A,,A,,A,,A,,A,,A,,A,,A,,A,,A,,R,10.0
480028,2013,A,,A,,A,,R,1.0,R,0.0,R,1.0,R,0.0,R,0.0,A,,A,,A,,A,,A,,R,9.0
480037,2013,A,,A,,A,,A,,A,,A,,A,,A,,A,,A,,A,,A,,A,,R,24.0
480064,2013,A,,A,,A,,R,1.0,R,0.0,R,1.0,R,1.0,R,100.0,R,2.0,R,0.0,R,2.0,R,1.0,R,50.0,R,19.0
480073,2013,R,2.0,R,48.0,R,4.0,R,10.0,Z,0.0,R,10.0,R,4.0,R,40.0,R,3.0,Z,0.0,R,3.0,Z,0.0,R,0.0,R,7.0
480082,2013,R,11.0,R,138.0,R,8.0,R,8.0,Z,0.0,R,8.0,R,4.0,R,50.0,R,3.0,Z,0.0,R,3.0,R,1.0,R,33.0,R,10.0
480091,2013,R,146.0,R,777.0,R,19.0,R,1.0,R,0.0,R,1.0,R,0.0,R,0.0,R,1.0,R,0.0,R,1.0,R,0.0,R,0.0,R,20.0
480107,2013,R,119.0,R,158.0,R,75.0,R,34.0,R,0.0,R,34.0,R,19.0,R,56.0,R,26.0,R,0.0,R,26.0,R,7.0,R,27.0,R,10.0
480125,2013,A,,A,,A,,R,86.0,Z,0.0,R,86.0,R,64.0,R,74.0,R,20.0,Z,0.0,R,20.0,R,15.0,R,75.0,R,21.0
480134,2013,A,,A,,A,,A,,A,,A,,A,,A,,A,,A,,A,,A,,A,,R,7.0
480143,2013,A,,A,,A,,R,0.0,Z,0.0,R,0.0,Z,0.0,A,,A,,A,,A,,A,,A,,R,15.0
480152,2013,A,,A,,A,,R,117.0,R,0.0,R,117.0,R,55.0,R,47.0,A,,A,,A,,A,,A,,R,47.0
480161,2013,A,,A,,A,,R,2.0,R,0.0,R,2.0,R,1.0,R,50.0,R,0.0,R,0.0,R,0.0,R,0.0,A,,R,7.0
480170,2013,A,,A,,A,,R,21.0,R,0.0,R,21.0,R,11.0,R,52.0,A,,A,,A,,A,,A,,R,23.0
480189,2013,R,239.0,R,425.0,R,56.0,R,284.0,R,2.0,R,282.0,R,148.0,R,52.0,R,23.0,R,0.0,R,23.0,R,5.0,R,22.0,R,15.0
480198,2013,A,,A,,A,,R,0.0,R,0.0,R,0.0,R,0.0,A,,A,,A,,A,,A,,A,,R,34.0
480204,2013,A,,A,,A,,R,0.0,Z,0.0,R,0.0,Z,0.0,A,,A,,A,,A,,A,,A,,R,18.0
480310,2013,A,,A,,A,,R,44.0,R,0.0,R,44.0,R,28.0,R,64.0,R,0.0,R,0.0,R,0.0,R,0.0,A,,R,20.0
480329,2013,A,,A,,A,,R,67.0,R,0.0,R,67.0,R,55.0,R,82.0,A,,A,,A,,A,,A,,R,24.0
480338,2013,A,,A,,A,,R,41.0,R,0.0,R,41.0,R,20.0,R,49.0,A,,A,,A,,A,,A,,R,24.0
480347,2013,A,,A,,A,,R,10.0,Z,0.0,R,10.0,R,9.0,R,90.0,A,,A,,A,,A,,A,,R,12.0
480356,2013,A,,A,,A,,R,23.0,R,0.0,R,23.0,R,19.0,R,83.0,A,,A,,A,,A,,A,,R,8.0
480444,2013,A,,A,,A,,R,0.0,R,0.0,R,0.0,R,0.0,A,,R,0.0,R,0.0,R,0.0,R,0.0,A,,R,1.0
480480,2013,R,7.0,R,33.0,R,21.0,R,3.0,R,0.0,R,3.0,R,0.0,R,0.0,A,,A,,A,,A,,A,,R,14.0
480514,2013,A,,A,,A,,R,42.0,Z,0.0,R,42.0,R,21.0,R,50.0,A,,A,,A,,A,,A,,R,36.0
480523,2013,A,,A,,A,,R,38.0,R,0.0,R,38.0,R,25.0,R,66.0,A,,A,,A,,A,,A,,R,15.0
480532,2013,A,,A,,A,,R,22.0,R,0.0,R,22.0,R,12.0,R,55.0,A,,A,,A,,A,,A,,R,34.0
480550,2013,A,,A,,A,,R,19.0,R,0.0,R,19.0,R,15.0,R,79.0,A,,A,,A,,A,,A,,R,32.0
480569,2013,A,,A,,A,,A,,A,,A,,A,,A,,A,,A,,A,,A,,A,,R,32.0
480657,2013,R,19.0,R,103.0,R,18.0,R,0.0,Z,0.0,R,0.0,Z,0.0,A,,R,0.0,Z,0.0,R,0.0,Z,0.0,A,,R,16.0
480693,2013,A,,A,,A,,R,56.0,R,0.0,R,56.0,R,41.0,R,73.0,R,5.0,R,0.0,R,5.0,R,3.0,R,60.0,R,8.0
480718,2013,A,,A,,A,,A,,A,,A,,A,,A,,A,,A,,A,,A,,A,,R,10.0
480727,2013,A,,A,,A,,R,30.0,R,0.0,R,30.0,R,28.0,R,93.0,A,,A,,A,,A,,A,,R,5.0
480736,2013,A,,A,,A,,R,0.0,Z,0.0,R,0.0,R,0.0,A,,R,0.0,R,0.0,R,0.0,R,0.0,A,,R,8.0
480754,2013,A,,A,,A,,R,15.0,R,0.0,R,15.0,R,13.0,R,87.0,R,10.0,R,0.0,R,10.0,R,8.0,R,80.0,R,10.0
480781,2013,A,,A,,A,,R,0.0,R,0.0,R,0.0,R,0.0,A,,R,0.0,R,0.0,R,0.0,R,0.0,A,,R,16.0
480815,2013,R,113.0,R,146.0,R,77.0,R,14.0,R,0.0,R,14.0,R,14.0,R,100.0,R,5.0,R,0.0,R,5.0,R,5.0,R,100.0,R,15.0
480824,2013,A,,A,,A,,R,0.0,R,0.0,R,0.0,R,0.0,A,,A,,A,,A,,A,,A,,R,13.0
480833,2013,A,,A,,A,,R,0.0,R,0.0,R,0.0,R,0.0,A,,A,,A,,A,,A,,A,,R,12.0
480842,2013,A,,A,,A,,R,0.0,R,0.0,R,0.0,R,0.0,A,,R,0.0,R,0.0,R,0.0,R,0.0,A,,R,23.0
480879,2013,A,,A,,A,,R,11.0,Z,0.0,R,11.0,R,9.0,R,82.0,R,0.0,R,0.0,R,0.0,R,0.0,A,,R,13.0
480888,2013,A,,A,,A,,A,,A,,A,,A,,A,,A,,A,,A,,A,,A,,R,15.0
480897,2013,A,,A,,A,,R,16.0,R,0.0,R,16.0,R,15.0,R,94.0,A,,A,,A,,A,,A,,R,30.0
480903,2013,A,,A,,A,,A,,A,,A,,A,,A,,A,,A,,A,,A,,A,,R,6.0
480912,2013,A,,A,,A,,R,1.0,R,0.0,R,1.0,R,1.0,R,100.0,A,,A,,A,,A,,A,,R,2.0
480930,2013,A,,A,,A,,R,11.0,R,0.0,R,11.0,R,9.0,R,82.0,R,0.0,R,0.0,R,0.0,R,0.0,A,,R,15.0
480967,2013,R,33.0,R,80.0,R,41.0,R,40.0,R,0.0,R,40.0,R,13.0,R,33.0,R,11.0,R,0.0,R,11.0,R,4.0,R,36.0,R,19.0
480976,2013,A,,A,,A,,R,0.0,R,0.0,R,0.0,R,0.0,A,,A,,A,,A,,A,,A,,R,12.0
480985,2013,R,11.0,R,42.0,R,26.0,R,0.0,R,0.0,R,0.0,R,0.0,A,,A,,A,,A,,A,,A,,R,11.0
480994,2013,A,,A,,A,,R,44.0,R,0.0,R,44.0,R,21.0,R,48.0,R,8.0,R,0.0,R,8.0,R,6.0,R,75.0,R,16.0
481003,2013,A,,A,,A,,A,,A,,A,,A,,A,,A,,A,,A,,A,,A,,R,20.0
481021,2013,A,,A,,A,,R,37.0,R,0.0,R,37.0,R,27.0,R,73.0,R,25.0,R,0.0,R,25.0,R,17.0,R,68.0,R,1.0
481049,2013,A,,A,,A,,R,1.0,Z,0.0,R,1.0,R,1.0,R,100.0,A,,A,,A,,A,,A,,R,3.0
481058,2013,R,50.0,R,76.0,R,66.0,R,26.0,R,0.0,R,26.0,R,23.0,R,88.0,R,30.0,R,0.0,R,30.0,R,27.0,R,90.0,R,25.0
481067,2013,A,,A,,A,,R,22.0,R,2.0,R,20.0,R,3.0,R,15.0,R,0.0,R,0.0,R,0.0,R,0.0,A,,R,22.0
481076,2013,A,,A,,A,,A,,A,,A,,A,,A,,R,0.0,R,0.0,R,0.0,R,0.0,A,,R,1.0
481085,2013,A,,A,,A,,A,,A,,A,,A,,A,,R,0.0,R,0.0,R,0.0,R,0.0,A,,R,21.0
481100,2013,A,,A,,A,,R,26.0,R,0.0,R,26.0,R,25.0,R,96.0,R,18.0,R,0.0,R,18.0,R,11.0,R,61.0,R,10.0
481119,2013,A,,A,,A,,R,50.0,R,0.0,R,50.0,R,24.0,R,48.0,A,,A,,A,,A,,A,,R,13.0
481128,2013,A,,A,,A,,R,0.0,R,0.0,R,0.0,R,0.0,A,,R,0.0,R,0.0,R,0.0,R,0.0,A,,R,13.0
481137,2013,A,,A,,A,,R,23.0,Z,0.0,R,23.0,R,22.0,R,96.0,A,,A,,A,,A,,A,,R,5.0
481146,2013,A,,A,,A,,A,,A,,A,,A,,A,,A,,A,,A,,A,,A,,R,20.0
481155,2013,A,,A,,A,,R,0.0,R,0.0,R,0.0,R,0.0,A,,A,,A,,A,,A,,A,,R,17.0
481164,2013,A,,A,,A,,A,,A,,A,,A,,A,,A,,A,,A,,A,,A,,R,16.0
481173,2013,A,,A,,A,,R,0.0,R,0.0,R,0.0,R,0.0,A,,A,,A,,A,,A,,A,,R,10.0
481182,2013,A,,A,,A,,R,72.0,Z,0.0,R,72.0,R,59.0,R,82.0,A,,A,,A,,A,,A,,R,35.0
481191,2013,A,,A,,A,,Z,0.0,Z,0.0,Z,0.0,Z,0.0,A,,A,,A,,A,,A,,A,,R,24.0
481207,2013,A,,A,,A,,R,40.0,R,0.0,R,40.0,R,33.0,R,83.0,A,,A,,A,,A,,A,,R,10.0
481225,2013,R,2.0,R,8.0,R,25.0,R,5.0,R,0.0,R,5.0,R,4.0,R,80.0,R,0.0,R,0.0,R,0.0,R,0.0,A,,R,4.0
481234,2013,A,,A,,A,,R,34.0,R,0.0,R,34.0,R,30.0,R,88.0,R,0.0,Z,0.0,R,0.0,Z,0.0,A,,R,16.0
481243,2013,A,,A,,A,,A,,A,,A,,A,,A,,A,,A,,A,,A,,A,,R,10.0
481252,2013,A,,A,,A,,R,4.0,Z,0.0,R,4.0,R,2.0,R,50.0,A,,A,,A,,A,,A,,R,8.0
481261,2013,A,,A,,A,,R,6.0,R,0.0,R,6.0,R,6.0,R,100.0,R,0.0,R,0.0,R,0.0,R,0.0,A,,R,4.0
481270,2013,A,,A,,A,,R,0.0,R,0.0,R,0.0,R,0.0,A,,R,0.0,R,0.0,R,0.0,R,0.0,A,,R,16.0
481289,2013,A,,A,,A,,R,0.0,R,0.0,R,0.0,R,0.0,A,,A,,A,,A,,A,,A,,R,15.0
481298,2013,A,,A,,A,,R,0.0,R,0.0,R,0.0,R,0.0,A,,A,,A,,A,,A,,A,,R,17.0
481304,2013,A,,A,,A,,R,17.0,R,0.0,R,17.0,R,14.0,R,82.0,R,0.0,R,0.0,R,0.0,R,0.0,A,,R,9.0
481313,2013,A,,A,,A,,Z,0.0,R,0.0,R,0.0,R,0.0,A,,Z,0.0,R,0.0,R,0.0,R,0.0,A,,R,10.0
481322,2013,A,,A,,A,,R,2.0,R,0.0,R,2.0,R,1.0,R,50.0,R,3.0,R,0.0,R,3.0,R,2.0,R,67.0,R,4.0
481331,2013,A,,A,,A,,A,,A,,A,,A,,A,,A,,A,,A,,A,,A,,R,2.0
481340,2013,A,,A,,A,,R,52.0,R,0.0,R,52.0,R,1.0,R,2.0,A,,A,,A,,A,,A,,R,9.0
481359,2013,A,,A,,A,,R,0.0,R,0.0,R,0.0,R,0.0,A,,R,0.0,R,0.0,R,0.0,R,0.0,A,,R,9.0
481368,2013,A,,A,,A,,R,0.0,R,0.0,R,0.0,R,0.0,A,,R,0.0,R,0.0,R,0.0,R,0.0,A,,R,6.0
481377,2013,A,,A,,A,,R,6.0,Z,0.0,R,6.0,R,4.0,R,67.0,A,,A,,A,,A,,A,,R,19.0
481386,2013,A,,A,,A,,R,14.0,Z,0.0,R,14.0,R,13.0,R,93.0,R,0.0,R,0.0,R,0.0,R,0.0,A,,R,10.0
481395,2013,A,,A,,A,,R,4.0,R,0.0,R,4.0,R,1.0,R,25.0,R,0.0,R,0.0,R,0.0,R,0.0,A,,R,9.0
481401,2013,A,,A,,A,,R,0.0,R,0.0,R,0.0,R,0.0,A,,R,0.0,R,0.0,R,0.0,R,0.0,A,,R,2.0
481410,2013,R,12.0,R,21.0,R,57.0,R,17.0,Z,0.0,R,17.0,R,12.0,R,71.0,A,,A,,A,,A,,A,,R,19.0
481429,2013,A,,A,,A,,R,45.0,R,0.0,R,45.0,R,36.0,R,80.0,A,,A,,A,,A,,A,,R,30.0
481438,2013,R,23.0,R,23.0,R,100.0,R,17.0,R,0.0,R,17.0,R,9.0,R,53.0,A,,A,,A,,A,,A,,R,11.0
481447,2013,A,,A,,A,,A,,A,,A,,A,,A,,A,,A,,A,,A,,A,,R,12.0
481456,2013,A,,A,,A,,R,9.0,Z,0.0,R,9.0,R,9.0,R,100.0,R,12.0,R,0.0,R,12.0,R,10.0,R,83.0,R,5.0
481465,2013,A,,A,,A,,R,31.0,R,0.0,R,31.0,R,27.0,R,87.0,R,21.0,R,0.0,R,21.0,R,19.0,R,90.0,R,10.0
481474,2013,A,,A,,A,,R,1.0,R,0.0,R,1.0,R,1.0,R,100.0,R,1.0,R,0.0,R,1.0,R,1.0,R,100.0,R,25.0
481483,2013,A,,A,,A,,R,129.0,R,0.0,R,129.0,R,120.0,R,93.0,R,41.0,R,0.0,R,41.0,R,38.0,R,93.0,R,23.0
481492,2013,A,,A,,A,,A,,A,,A,,A,,A,,A,,A,,A,,A,,A,,R,4.0
481508,2013,A,,A,,A,,R,0.0,R,0.0,R,0.0,R,0.0,A,,A,,A,,A,,A,,A,,R,25.0
481517,2013,A,,A,,A,,R,9.0,R,0.0,R,9.0,R,9.0,R,100.0,R,0.0,R,0.0,R,0.0,R,0.0,A,,R,8.0
481526,2013,A,,A,,A,,A,,A,,A,,A,,A,,A,,A,,A,,A,,A,,R,33.0
481544,2013,A,,A,,A,,A,,A,,A,,A,,A,,A,,A,,A,,A,,A,,R,15.0
481553,2013,A,,A,,A,,R,14.0,R,0.0,R,14.0,R,12.0,R,86.0,R,7.0,R,0.0,R,7.0,R,4.0,R,57.0,R,15.0
481562,2013,A,,A,,A,,R,52.0,R,0.0,R,52.0,R,48.0,R,92.0,R,0.0,R,0.0,R,0.0,R,0.0,A,,R,13.0
481571,2013,A,,A,,A,,R,1.0,R,0.0,R,1.0,R,0.0,R,0.0,R,0.0,R,0.0,R,0.0,R,0.0,A,,R,5.0
481580,2013,R,1.0,R,43.0,R,2.0,R,0.0,R,0.0,R,0.0,R,0.0,A,,R,0.0,R,0.0,R,0.0,R,0.0,A,,R,6.0
481599,2013,A,,A,,A,,R,15.0,R,0.0,R,15.0,R,6.0,R,40.0,A,,A,,A,,A,,A,,R,20.0
481614,2013,R,47.0,R,55.0,R,85.0,R,0.0,R,0.0,R,0.0,R,0.0,A,,R,0.0,R,0.0,R,0.0,R,0.0,A,,R,33.0
481623,2013,R,49.0,R,56.0,R,88.0,R,0.0,R,0.0,R,0.0,R,0.0,A,,R,0.0,R,0.0,R,0.0,R,0.0,A,,R,35.0
481632,2013,A,,A,,A,,R,27.0,R,0.0,R,27.0,R,16.0,R,59.0,A,,A,,A,,A,,A,,R,18.0
481669,2013,A,,A,,A,,A,,A,,A,,A,,A,,A,,A,,A,,A,,A,,R,30.0
481678,2013,A,,A,,A,,R,8.0,R,0.0,R,8.0,R,6.0,R,75.0,A,,A,,A,,A,,A,,R,18.0
481720,2013,R,16.0,R,141.0,R,11.0,R,0.0,Z,0.0,R,0.0,Z,0.0,A,,R,0.0,Z,0.0,R,0.0,Z,0.0,A,,R,13.0
481739,2013,A,,A,,A,,R,12.0,R,0.0,R,12.0,R,10.0,R,83.0,A,,A,,A,,A,,A,,R,17.0
481748,2013,A,,A,,A,,R,9.0,R,0.0,R,9.0,R,8.0,R,89.0,R,0.0,R,0.0,R,0.0,R,0.0,A,,R,23.0
481766,2013,R,23.0,R,45.0,R,51.0,R,0.0,Z,0.0,R,0.0,Z,0.0,A,,R,4.0,Z,0.0,R,4.0,R,4.0,R,100.0,R,9.0
481775,2013,A,,A,,A,,R,9.0,R,0.0,R,9.0,R,7.0,R,78.0,A,,A,,A,,A,,A,,R,16.0
481784,2013,A,,A,,A,,R,0.0,R,0.0,R,0.0,R,0.0,A,,A,,A,,A,,A,,A,,R,5.0
481827,2013,A,,A,,A,,A,,A,,A,,A,,A,,A,,A,,A,,A,,A,,R,10.0
481845,2013,A,,A,,A,,R,0.0,R,0.0,R,0.0,R,0.0,A,,R,0.0,R,0.0,R,0.0,R,0.0,A,,R,17.0
481854,2013,A,,A,,A,,A,,A,,A,,A,,A,,A,,A,,A,,A,,A,,R,36.0
481863,2013,A,,A,,A,,R,0.0,R,0.0,R,0.0,R,0.0,A,,A,,A,,A,,A,,A,,R,27.0
481890,2013,A,,A,,A,,R,0.0,R,0.0,R,0.0,R,0.0,A,,A,,A,,A,,A,,A,,R,8.0
481906,2013,A,,A,,A,,R,0.0,R,0.0,R,0.0,R,0.0,A,,A,,A,,A,,A,,A,,R,9.0
481915,2013,A,,A,,A,,Z,0.0,Z,0.0,Z,0.0,R,0.0,A,,A,,A,,A,,A,,A,,R,44.0
481942,2013,A,,A,,A,,A,,A,,A,,A,,A,,A,,A,,A,,A,,A,,R,20.0
481960,2013,A,,A,,A,,R,0.0,Z,0.0,R,0.0,R,0.0,A,,A,,A,,A,,A,,A,,R,18.0
481988,2013,A,,A,,A,,R,0.0,Z,0.0,R,0.0,Z,0.0,A,,A,,A,,A,,A,,A,,R,34.0
482015,2013,A,,A,,A,,R,0.0,R,0.0,R,0.0,R,0.0,A,,A,,A,,A,,A,,A,,R,27.0
482024,2013,A,,A,,A,,R,0.0,R,0.0,R,0.0,R,0.0,A,,A,,A,,A,,A,,A,,R,12.0
482033,2013,A,,A,,A,,R,0.0,Z,0.0,R,0.0,Z,0.0,A,,A,,A,,A,,A,,A,,R,18.0
482060,2013,A,,A,,A,,R,0.0,Z,0.0,R,0.0,Z,0.0,A,,A,,A,,A,,A,,A,,R,12.0
482097,2013,A,,A,,A,,R,0.0,R,0.0,R,0.0,R,0.0,A,,R,0.0,R,0.0,R,0.0,R,0.0,A,,R,19.0
482103,2013,A,,A,,A,,A,,A,,A,,A,,A,,A,,A,,A,,A,,A,,R,6.0
482149,2013,R,726.0,R,1450.0,R,50.0,R,877.0,R,0.0,R,877.0,R,593.0,R,68.0,R,65.0,R,0.0,R,65.0,R,30.0,R,46.0,R,14.0
482158,2013,R,1008.0,R,2556.0,R,39.0,R,354.0,R,0.0,R,354.0,R,249.0,R,70.0,R,29.0,R,0.0,R,29.0,R,13.0,R,45.0,R,20.0
482167,2013,A,,A,,A,,R,0.0,R,0.0,R,0.0,R,0.0,A,,R,4.0,R,0.0,R,4.0,R,3.0,R,75.0,R,25.0
482176,2013,A,,A,,A,,R,19.0,R,0.0,R,19.0,R,15.0,R,79.0,R,0.0,R,0.0,R,0.0,R,0.0,A,,R,15.0
482185,2013,A,,A,,A,,R,28.0,R,0.0,R,28.0,R,20.0,R,71.0,A,,A,,A,,A,,A,,R,16.0
482194,2013,A,,A,,A,,R,30.0,R,0.0,R,30.0,R,28.0,R,93.0,R,0.0,R,0.0,R,0.0,R,0.0,A,,R,12.0
482200,2013,A,,A,,A,,R,27.0,R,0.0,R,27.0,R,11.0,R,41.0,R,0.0,R,0.0,R,0.0,R,0.0,A,,R,25.0
482228,2013,R,7.0,R,35.0,R,20.0,R,2.0,R,0.0,R,2.0,R,1.0,R,50.0,R,4.0,R,0.0,R,4.0,R,2.0,R,50.0,R,5.0
482246,2013,A,,A,,A,,A,,A,,A,,A,,A,,A,,A,,A,,A,,A,,R,10.0
482255,2013,A,,A,,A,,R,0.0,Z,0.0,R,0.0,R,0.0,A,,R,0.0,Z,0.0,R,0.0,R,0.0,A,,R,4.0
482264,2013,A,,A,,A,,R,0.0,R,0.0,R,0.0,R,0.0,A,,R,0.0,R,0.0,R,0.0,R,0.0,A,,R,8.0
482273,2013,A,,A,,A,,R,0.0,R,0.0,R,0.0,R,0.0,A,,R,0.0,R,0.0,R,0.0,R,0.0,A,,R,6.0
482307,2013,A,,A,,A,,R,0.0,Z,0.0,R,0.0,Z,0.0,A,,R,13.0,Z,0.0,R,13.0,R,5.0,R,38.0,R,14.0
482316,2013,A,,A,,A,,R,0.0,R,0.0,R,0.0,R,0.0,A,,R,11.0,R,0.0,R,11.0,R,1.0,R,9.0,R,17.0
482325,2013,R,2.0,R,93.0,R,2.0,R,1.0,Z,0.0,R,1.0,R,1.0,R,100.0,R,26.0,Z,0.0,R,26.0,R,4.0,R,15.0,R,17.0
482334,2013,A,,A,,A,,R,0.0,Z,0.0,R,0.0,Z,0.0,A,,R,13.0,Z,0.0,R,13.0,R,3.0,R,23.0,R,17.0
482343,2013,A,,A,,A,,R,1.0,Z,0.0,R,1.0,R,1.0,R,100.0,R,22.0,Z,0.0,R,22.0,R,6.0,R,27.0,R,17.0
482352,2013,A,,A,,A,,R,0.0,Z,0.0,R,0.0,Z,0.0,A,,R,22.0,Z,0.0,R,22.0,R,5.0,R,23.0,R,17.0
482361,2013,A,,A,,A,,R,1.0,Z,0.0,R,1.0,R,0.0,R,0.0,R,19.0,Z,0.0,R,19.0,R,5.0,R,26.0,R,14.0
482370,2013,A,,A,,A,,R,1.0,Z,0.0,R,1.0,R,1.0,R,100.0,R,17.0,Z,0.0,R,17.0,R,6.0,R,35.0,R,23.0
482389,2013,A,,A,,A,,R,0.0,Z,0.0,R,0.0,Z,0.0,A,,R,1.0,Z,0.0,R,1.0,R,0.0,R,0.0,R,11.0
482398,2013,R,104.0,R,244.0,R,43.0,R,46.0,Z,0.0,R,46.0,R,17.0,R,37.0,R,16.0,Z,0.0,R,16.0,R,4.0,R,25.0,R,16.0
482413,2013,R,88.0,R,480.0,R,18.0,R,77.0,R,0.0,R,77.0,R,47.0,R,61.0,R,69.0,R,0.0,R,69.0,R,29.0,R,42.0,R,26.0
482422,2013,R,76.0,R,426.0,R,18.0,R,52.0,R,0.0,R,52.0,R,27.0,R,52.0,R,35.0,R,0.0,R,35.0,R,13.0,R,37.0,R,14.0
482431,2013,R,311.0,R,2322.0,R,13.0,R,329.0,R,1.0,R,328.0,R,192.0,R,59.0,R,223.0,R,0.0,R,223.0,R,78.0,R,35.0,R,19.0
482440,2013,R,12.0,R,291.0,R,4.0,R,16.0,R,0.0,R,16.0,R,9.0,R,56.0,R,28.0,R,0.0,R,28.0,R,13.0,R,46.0,R,14.0
482459,2013,R,63.0,R,728.0,R,9.0,R,73.0,R,0.0,R,73.0,R,45.0,R,62.0,R,71.0,R,0.0,R,71.0,R,22.0,R,31.0,R,18.0
482468,2013,R,58.0,R,919.0,R,6.0,R,67.0,R,0.0,R,67.0,R,28.0,R,42.0,R,111.0,R,0.0,R,111.0,R,43.0,R,39.0,R,17.0
482477,2013,R,512.0,R,7287.0,R,7.0,R,283.0,R,1.0,R,282.0,R,151.0,R,54.0,R,725.0,R,0.0,R,725.0,R,246.0,R,34.0,R,12.0
482486,2013,R,9.0,R,86.0,R,10.0,R,5.0,R,0.0,R,5.0,R,2.0,R,40.0,R,18.0,R,0.0,R,18.0,R,3.0,R,17.0,R,11.0
482495,2013,R,3.0,R,24.0,R,13.0,R,3.0,R,0.0,R,3.0,R,2.0,R,67.0,R,3.0,R,0.0,R,3.0,R,1.0,R,33.0,R,5.0
482501,2013,R,1.0,R,12.0,R,8.0,R,0.0,R,0.0,R,0.0,R,0.0,A,,R,11.0,R,0.0,R,11.0,R,3.0,R,27.0,R,32.0
482510,2013,R,6.0,R,64.0,R,9.0,R,2.0,R,0.0,R,2.0,R,0.0,R,0.0,R,7.0,R,0.0,R,7.0,R,3.0,R,43.0,R,16.0
482529,2013,R,5.0,R,94.0,R,5.0,R,4.0,R,0.0,R,4.0,R,1.0,R,25.0,R,10.0,R,0.0,R,10.0,R,5.0,R,50.0,R,16.0
482538,2013,R,28.0,R,254.0,R,11.0,R,24.0,R,0.0,R,24.0,R,18.0,R,75.0,R,31.0,R,0.0,R,31.0,R,6.0,R,19.0,R,13.0
482547,2013,R,8.0,R,100.0,R,8.0,R,8.0,R,0.0,R,8.0,R,4.0,R,50.0,R,9.0,R,0.0,R,9.0,R,5.0,R,56.0,R,19.0
482556,2013,R,103.0,R,439.0,R,23.0,R,78.0,R,1.0,R,77.0,R,47.0,R,61.0,R,37.0,R,0.0,R,37.0,R,10.0,R,27.0,R,11.0
482565,2013,R,13.0,R,171.0,R,8.0,R,6.0,R,0.0,R,6.0,R,3.0,R,50.0,R,24.0,R,0.0,R,24.0,R,4.0,R,17.0,R,12.0
482574,2013,R,118.0,R,986.0,R,12.0,R,54.0,R,0.0,R,54.0,R,31.0,R,57.0,R,101.0,R,0.0,R,101.0,R,38.0,R,38.0,R,17.0
482583,2013,R,4.0,R,50.0,R,8.0,R,7.0,R,0.0,R,7.0,R,2.0,R,29.0,R,6.0,R,0.0,R,6.0,R,2.0,R,33.0,R,16.0
482592,2013,A,,A,,A,,R,0.0,R,0.0,R,0.0,R,0.0,A,,R,1.0,R,0.0,R,1.0,R,1.0,R,100.0,R,14.0
482608,2013,R,59.0,R,370.0,R,16.0,R,60.0,R,0.0,R,60.0,R,29.0,R,48.0,R,62.0,R,0.0,R,62.0,R,9.0,R,15.0,R,12.0
482617,2013,R,3.0,R,103.0,R,3.0,R,1.0,R,0.0,R,1.0,R,0.0,R,0.0,R,19.0,R,0.0,R,19.0,R,7.0,R,37.0,R,12.0
482635,2013,R,54.0,R,712.0,R,8.0,R,68.0,R,1.0,R,67.0,R,35.0,R,52.0,R,89.0,R,0.0,R,89.0,R,25.0,R,28.0,R,12.0
482644,2013,A,,A,,A,,R,1.0,R,0.0,R,1.0,R,0.0,R,0.0,R,3.0,R,0.0,R,3.0,R,1.0,R,33.0,R,11.0
482653,2013,R,20.0,R,225.0,R,9.0,R,25.0,R,1.0,R,24.0,R,16.0,R,67.0,R,27.0,R,0.0,R,27.0,R,7.0,R,26.0,R,11.0
482662,2013,R,9.0,R,157.0,R,6.0,R,9.0,R,0.0,R,9.0,R,6.0,R,67.0,R,12.0,R,0.0,R,12.0,R,4.0,R,33.0,R,21.0
482671,2013,R,3.0,R,61.0,R,5.0,R,2.0,R,0.0,R,2.0,R,1.0,R,50.0,R,5.0,R,0.0,R,5.0,R,3.0,R,60.0,R,13.0
482680,2013,R,2799.0,R,4724.0,R,59.0,R,1110.0,R,0.0,R,1110.0,R,884.0,R,80.0,R,26.0,R,0.0,R,26.0,R,14.0,R,54.0,R,22.0
482699,2013,R,878.0,R,1166.0,R,75.0,R,0.0,R,0.0,R,0.0,R,0.0,A,,R,0.0,R,0.0,R,0.0,R,0.0,A,,R,27.0
482705,2013,A,,A,,A,,A,,A,,A,,A,,A,,A,,A,,A,,A,,A,,R,6.0
482857,2013,R,1313.0,R,4780.0,R,27.0,R,3400.0,R,0.0,R,3400.0,R,1224.0,R,36.0,R,1208.0,R,0.0,R,1208.0,R,340.0,R,28.0,R,15.0
482954,2013,R,64.0,R,142.0,R,45.0,R,6.0,Z,0.0,R,6.0,R,2.0,R,33.0,A,,A,,A,,A,,A,,R,11.0
482963,2013,A,,A,,A,,Z,0.0,Z,0.0,Z,0.0,Z,0.0,A,,A,,A,,A,,A,,A,,R,30.0
482990,2013,A,,A,,A,,R,0.0,R,0.0,R,0.0,R,0.0,A,,A,,A,,A,,A,,A,,R,16.0
483009,2013,A,,A,,A,,R,0.0,R,0.0,R,0.0,R,0.0,A,,A,,A,,A,,A,,A,,R,12.0
483018,2013,R,91.0,R,98.0,R,93.0,R,74.0,R,1.0,R,73.0,R,65.0,R,89.0,A,,A,,A,,A,,A,,R,7.0
483036,2013,A,,A,,A,,A,,A,,A,,A,,A,,A,,A,,A,,A,,A,,R,13.0
483045,2013,R,848.0,R,2460.0,R,34.0,R,770.0,R,0.0,R,770.0,R,358.0,R,46.0,R,1134.0,R,0.0,R,1134.0,R,644.0,R,57.0,R,17.0
483054,2013,A,,A,,A,,R,27.0,R,0.0,R,27.0,R,23.0,R,85.0,R,13.0,Z,0.0,R,13.0,R,11.0,R,85.0,R,12.0
483106,2013,A,,A,,A,,R,28.0,R,0.0,R,28.0,R,25.0,R,89.0,R,8.0,R,0.0,R,8.0,R,7.0,R,88.0,R,9.0
483124,2013,R,1135.0,R,3566.0,R,32.0,R,368.0,R,2.0,R,366.0,R,262.0,R,72.0,R,696.0,R,7.0,R,689.0,R,437.0,R,63.0,R,27.0
483212,2013,R,605.0,R,1238.0,R,49.0,R,510.0,R,0.0,R,510.0,R,220.0,R,43.0,R,115.0,R,0.0,R,115.0,R,30.0,R,26.0,R,12.0
