UNITID,Year,XGRCOHRT,GRCOHRT,XUGENTER,UGENTERN,XPGRCOHR,PGRCOHRT,XRRFTCT,RRFTCT,XRRFTEX,RRFTEX,XRRFTCTA,RRFTCTA,XRET_NMF,RET_NMF,XRET_PCF,RET_PCF,XRRPTCT,RRPTCT,XRRPTEX,RRPTEX,XRRPTCTA,RRPTCTA,XRET_NMP,RET_NMP,XRET_PCP,RET_PCP,XSTUFACR,STUFACR 
100654,2014,R,1194.0,R,1392.0,R,86.0,R,1066.0,R,0.0,R,1066.0,R,703.0,R,66.0,R,15.0,R,0.0,R,15.0,R,5.0,R,33.0,R,20.0
100663,2014,R,1719.0,R,3410.0,R,50.0,R,1730.0,R,1.0,R,1729.0,R,1433.0,R,83.0,R,40.0,R,0.0,R,40.0,R,23.0,R,58.0,R,18.0
100690,2014,R,6.0,R,12.0,R,50.0,R,3.0,Z,0.0,R,3.0,R,0.0,R,0.0,R,3.0,Z,0.0,R,3.0,R,2.0,R,67.0,R,10.0
100706,2014,R,714.0,R,1503.0,R,48.0,R,638.0,R,0.0,R,638.0,R,491.0,R,77.0,R,13.0,R,0.0,R,13.0,R,8.0,R,62.0,R,16.0
100724,2014,R,1068.0,R,1212.0,R,88.0,R,1518.0,R,0.0,R,1518.0,R,869.0,R,57.0,R,25.0,Z,0.0,R,25.0,R,7.0,R,28.0,R,16.0
100751,2014,R,6794.0,R,8615.0,R,79.0,R,6428.0,R,39.0,R,6389.0,R,5539.0,R,87.0,R,26.0,R,1.0,R,25.0,R,15.0,R,60.0,R,21.0
100760,2014,R,518.0,R,782.0,R,66.0,R,470.0,R,0.0,R,470.0,R,231.0,R,49.0,R,91.0,R,0.0,R,91.0,R,46.0,R,51.0,R,17.0
100812,2014,A,,A,,A,,A,,A,,A,,A,,A,,A,,A,,A,,A,,A,,R,16.0
100830,2014,R,637.0,R,1196.0,R,53.0,R,589.0,R,0.0,R,589.0,R,384.0,R,65.0,R,82.0,R,0.0,R,82.0,R,30.0,R,37.0,R,15.0
100858,2014,R,4552.0,R,5955.0,R,76.0,R,3693.0,R,0.0,R,3693.0,R,3343.0,R,91.0,R,30.0,R,0.0,R,30.0,R,18.0,R,60.0,R,17.0
100937,2014,R,352.0,R,381.0,R,92.0,R,356.0,R,0.0,R,356.0,R,298.0,R,84.0,A,,A,,A,,A,,A,,R,13.0
101028,2014,R,338.0,R,746.0,R,45.0,R,333.0,R,0.0,R,333.0,R,177.0,R,53.0,R,88.0,R,0.0,R,88.0,R,26.0,R,30.0,R,18.0
101073,2014,R,47.0,R,245.0,R,19.0,R,147.0,R,0.0,R,147.0,R,77.0,R,52.0,R,2.0,R,0.0,R,2.0,R,1.0,R,50.0,R,18.0
101116,2014,R,31.0,R,152.0,R,20.0,R,16.0,Z,0.0,R,16.0,R,8.0,R,50.0,R,7.0,Z,0.0,R,7.0,R,2.0,R,29.0,R,10.0
101143,2014,R,316.0,R,814.0,R,39.0,R,340.0,R,0.0,R,340.0,R,171.0,R,50.0,R,74.0,R,0.0,R,74.0,R,27.0,R,36.0,R,18.0
101161,2014,R,970.0,R,1861.0,R,52.0,R,1078.0,R,0.0,R,1078.0,R,650.0,R,60.0,R,210.0,R,0.0,R,210.0,R,74.0,R,35.0,R,25.0
101189,2014,R,385.0,R,1102.0,R,35.0,R,287.0,Z,0.0,R,287.0,R,173.0,R,60.0,R,6.0,Z,0.0,R,6.0,R,2.0,R,33.0,R,18.0
101240,2014,R,1044.0,R,1855.0,R,56.0,R,1143.0,R,0.0,R,1143.0,R,601.0,R,53.0,R,245.0,R,0.0,R,245.0,R,102.0,R,42.0,R,18.0
101277,2014,A,,A,,A,,R,39.0,R,0.0,R,39.0,R,32.0,R,82.0,R,0.0,R,0.0,R,0.0,R,0.0,A,,R,19.0
101286,2014,R,858.0,R,1883.0,R,46.0,R,840.0,R,0.0,R,840.0,R,473.0,R,56.0,R,204.0,R,0.0,R,204.0,R,94.0,R,46.0,R,19.0
101295,2014,R,935.0,R,1776.0,R,53.0,R,997.0,R,0.0,R,997.0,R,631.0,R,63.0,R,197.0,R,0.0,R,197.0,R,95.0,R,48.0,R,16.0
101301,2014,R,383.0,R,687.0,R,56.0,R,371.0,R,0.0,R,371.0,R,226.0,R,61.0,R,37.0,R,0.0,R,37.0,R,15.0,R,41.0,R,14.0
101365,2014,R,27.0,R,141.0,R,19.0,R,2.0,Z,0.0,R,2.0,R,0.0,R,0.0,R,0.0,Z,0.0,R,0.0,Z,0.0,A,,R,13.0
101435,2014,R,227.0,R,377.0,R,60.0,R,261.0,R,0.0,R,261.0,R,184.0,R,70.0,A,,A,,A,,A,,A,,R,15.0
101453,2014,R,2.0,R,8.0,R,25.0,R,7.0,R,0.0,R,7.0,R,4.0,R,57.0,R,0.0,R,0.0,R,0.0,R,0.0,A,,R,6.0
101462,2014,R,167.0,R,706.0,R,24.0,R,142.0,Z,0.0,R,142.0,R,55.0,R,39.0,R,71.0,Z,0.0,R,71.0,R,18.0,R,25.0,R,15.0
101471,2014,R,272.0,R,284.0,R,96.0,R,246.0,R,0.0,R,246.0,R,160.0,R,65.0,R,38.0,R,0.0,R,38.0,R,27.0,R,71.0,R,12.0
101480,2014,R,1169.0,R,2324.0,R,50.0,R,1142.0,R,0.0,R,1142.0,R,820.0,R,72.0,R,16.0,R,0.0,R,16.0,R,9.0,R,56.0,R,19.0
101499,2014,R,258.0,R,466.0,R,55.0,R,246.0,Z,0.0,R,246.0,R,127.0,R,52.0,R,53.0,Z,0.0,R,53.0,R,20.0,R,38.0,R,16.0
101505,2014,R,1096.0,R,3351.0,R,33.0,R,1053.0,R,0.0,R,1053.0,R,586.0,R,56.0,R,605.0,R,0.0,R,605.0,R,274.0,R,45.0,R,20.0
101514,2014,R,1260.0,R,3633.0,R,35.0,R,1225.0,R,0.0,R,1225.0,R,713.0,R,58.0,R,856.0,R,0.0,R,856.0,R,383.0,R,45.0,R,25.0
101541,2014,R,82.0,R,153.0,R,54.0,R,66.0,R,0.0,R,66.0,R,37.0,R,56.0,R,1.0,R,0.0,R,1.0,R,0.0,R,0.0,R,9.0
101569,2014,R,649.0,R,1297.0,R,50.0,R,585.0,R,0.0,R,585.0,R,292.0,R,50.0,R,114.0,R,0.0,R,114.0,R,40.0,R,35.0,R,18.0
101587,2014,R,348.0,R,574.0,R,61.0,R,355.0,R,0.0,R,355.0,R,229.0,R,65.0,R,5.0,R,0.0,R,5.0,R,3.0,R,60.0,R,15.0
101602,2014,R,447.0,R,747.0,R,60.0,R,410.0,R,0.0,R,410.0,R,247.0,R,60.0,R,54.0,R,0.0,R,54.0,R,22.0,R,41.0,R,17.0
101648,2014,R,278.0,R,299.0,R,93.0,R,249.0,R,0.0,R,249.0,R,88.0,R,35.0,A,,A,,A,,A,,A,,R,17.0
101675,2014,R,486.0,R,637.0,R,76.0,R,404.0,R,1.0,R,403.0,R,211.0,R,52.0,R,2.0,Z,0.0,R,2.0,Z,0.0,R,0.0,R,17.0
101693,2014,R,274.0,R,414.0,R,66.0,R,258.0,Z,0.0,R,258.0,R,199.0,R,77.0,R,1.0,R,0.0,R,1.0,R,0.0,R,0.0,R,12.0
101709,2014,R,530.0,R,736.0,R,72.0,R,519.0,R,0.0,R,519.0,R,409.0,R,79.0,R,12.0,R,0.0,R,12.0,R,5.0,R,42.0,R,16.0
101736,2014,R,684.0,R,1445.0,R,47.0,R,668.0,R,0.0,R,668.0,R,391.0,R,59.0,R,143.0,R,0.0,R,143.0,R,60.0,R,42.0,R,22.0
101879,2014,R,931.0,R,1844.0,R,50.0,R,953.0,R,0.0,R,953.0,R,689.0,R,72.0,R,17.0,R,0.0,R,17.0,R,5.0,R,29.0,R,17.0
101897,2014,R,534.0,R,1090.0,R,49.0,R,538.0,R,0.0,R,538.0,R,328.0,R,61.0,R,126.0,R,0.0,R,126.0,R,45.0,R,36.0,R,20.0
101912,2014,R,374.0,R,454.0,R,82.0,R,364.0,R,0.0,R,364.0,R,278.0,R,76.0,R,1.0,Z,0.0,R,1.0,R,0.0,R,0.0,R,14.0
101949,2014,R,436.0,R,725.0,R,60.0,R,427.0,R,0.0,R,427.0,R,251.0,R,59.0,R,42.0,R,0.0,R,42.0,R,18.0,R,43.0,R,17.0
101958,2014,R,40.0,R,53.0,R,75.0,R,4.0,R,0.0,R,4.0,R,1.0,R,25.0,A,,A,,A,,A,,A,,R,13.0
101994,2014,R,83.0,R,265.0,R,31.0,R,68.0,R,0.0,R,68.0,R,39.0,R,57.0,R,9.0,R,0.0,R,9.0,R,5.0,R,56.0,R,14.0
102030,2014,R,684.0,R,1471.0,R,46.0,R,835.0,R,0.0,R,835.0,R,341.0,R,41.0,R,130.0,R,0.0,R,130.0,R,42.0,R,32.0,R,20.0
102049,2014,R,728.0,R,869.0,R,84.0,R,755.0,R,0.0,R,755.0,R,664.0,R,88.0,R,10.0,R,0.0,R,10.0,R,8.0,R,80.0,R,12.0
102058,2014,R,140.0,R,319.0,R,44.0,R,190.0,R,0.0,R,190.0,R,66.0,R,35.0,R,50.0,R,0.0,R,50.0,R,5.0,R,10.0,R,15.0
102067,2014,R,718.0,R,2008.0,R,36.0,R,877.0,R,0.0,R,877.0,R,529.0,R,60.0,R,479.0,R,0.0,R,479.0,R,195.0,R,41.0,R,21.0
102076,2014,R,707.0,R,1019.0,R,69.0,R,656.0,R,0.0,R,656.0,R,409.0,R,62.0,R,60.0,R,0.0,R,60.0,R,27.0,R,45.0,R,21.0
102094,2014,R,2033.0,R,3063.0,R,66.0,R,1825.0,R,0.0,R,1825.0,R,1297.0,R,71.0,R,43.0,R,0.0,R,43.0,R,17.0,R,40.0,R,20.0
102234,2014,R,362.0,R,426.0,R,85.0,R,431.0,R,0.0,R,431.0,R,313.0,R,73.0,R,3.0,R,0.0,R,3.0,R,1.0,R,33.0,R,13.0
102261,2014,R,11.0,R,39.0,R,28.0,R,11.0,R,0.0,R,11.0,R,9.0,R,82.0,R,0.0,Z,0.0,R,0.0,Z,0.0,A,,R,13.0
102270,2014,R,321.0,R,492.0,R,65.0,R,163.0,R,0.0,R,163.0,R,109.0,R,67.0,A,,A,,A,,A,,A,,R,17.0
102298,2014,R,282.0,R,364.0,R,77.0,R,256.0,R,0.0,R,256.0,R,115.0,R,45.0,R,20.0,R,0.0,R,20.0,R,15.0,R,75.0,R,20.0
102313,2014,R,229.0,R,575.0,R,40.0,R,201.0,R,0.0,R,201.0,R,111.0,R,55.0,R,69.0,R,0.0,R,69.0,R,25.0,R,36.0,R,13.0
102368,2014,R,1502.0,R,3235.0,R,46.0,R,1613.0,R,0.0,R,1613.0,R,1212.0,R,75.0,R,508.0,R,0.0,R,508.0,R,191.0,R,38.0,R,15.0
102377,2014,R,634.0,R,690.0,R,92.0,R,645.0,R,0.0,R,645.0,R,463.0,R,72.0,R,2.0,R,0.0,R,2.0,R,2.0,R,100.0,R,13.0
102395,2014,A,,A,,A,,A,,A,,A,,A,,A,,A,,A,,A,,A,,A,,R,8.0
102429,2014,R,760.0,R,1494.0,R,51.0,R,753.0,R,0.0,R,753.0,R,460.0,R,61.0,R,152.0,R,0.0,R,152.0,R,67.0,R,44.0,R,17.0
102553,2014,R,1388.0,R,3006.0,R,46.0,R,991.0,Z,0.0,R,991.0,R,710.0,R,72.0,R,244.0,Z,0.0,R,244.0,R,111.0,R,45.0,R,19.0
102580,2014,R,14.0,R,23.0,R,61.0,R,3.0,R,0.0,R,3.0,R,1.0,R,33.0,R,0.0,R,0.0,R,0.0,R,0.0,A,,R,7.0
102614,2014,R,739.0,R,2105.0,R,35.0,R,468.0,Z,0.0,R,468.0,R,363.0,R,78.0,R,35.0,Z,0.0,R,35.0,R,17.0,R,49.0,R,14.0
102632,2014,R,154.0,R,720.0,R,21.0,R,60.0,Z,0.0,R,60.0,R,43.0,R,72.0,R,11.0,Z,0.0,R,11.0,R,7.0,R,64.0,R,15.0
102669,2014,R,18.0,R,129.0,R,14.0,R,31.0,R,0.0,R,31.0,R,24.0,R,77.0,R,1.0,Z,0.0,R,1.0,R,1.0,R,100.0,R,7.0
102711,2014,A,,A,,A,,R,180.0,R,0.0,R,180.0,R,180.0,R,100.0,R,179.0,R,0.0,R,179.0,R,179.0,R,100.0,R,15.0
102845,2014,A,,A,,A,,R,0.0,R,0.0,R,0.0,R,0.0,A,,A,,A,,A,,A,,A,,R,28.0
103501,2014,A,,A,,A,,R,102.0,Z,0.0,R,102.0,R,81.0,R,79.0,A,,A,,A,,A,,A,,R,17.0
103644,2014,A,,A,,A,,R,1.0,R,0.0,R,1.0,R,1.0,R,100.0,R,0.0,R,0.0,R,0.0,R,0.0,A,,R,22.0
103723,2014,A,,A,,A,,A,,A,,A,,A,,A,,A,,A,,A,,A,,A,,R,10.0
103732,2014,A,,A,,A,,R,10.0,R,0.0,R,10.0,R,8.0,R,80.0,R,3.0,R,0.0,R,3.0,R,3.0,R,100.0,R,10.0
103741,2014,A,,A,,A,,R,58.0,R,1.0,R,57.0,R,39.0,R,68.0,R,7.0,R,0.0,R,7.0,R,4.0,R,57.0,R,16.0
103778,2014,A,,A,,A,,A,,A,,A,,A,,A,,R,0.0,R,0.0,R,0.0,R,0.0,A,,R,20.0
103787,2014,R,24.0,R,34.0,R,71.0,R,14.0,R,0.0,R,14.0,R,6.0,R,43.0,A,,A,,A,,A,,A,,R,9.0
103811,2014,A,,A,,A,,A,,A,,A,,A,,A,,A,,A,,A,,A,,A,,R,8.0
103893,2014,A,,A,,A,,R,132.0,R,0.0,R,132.0,R,102.0,R,77.0,A,,A,,A,,A,,A,,R,39.0
103909,2014,A,,A,,A,,R,100.0,R,0.0,R,100.0,R,79.0,R,79.0,R,0.0,R,0.0,R,0.0,R,0.0,A,,R,43.0
103927,2014,A,,A,,A,,R,84.0,R,0.0,R,84.0,R,65.0,R,77.0,A,,A,,A,,A,,A,,R,64.0
103945,2014,A,,A,,A,,R,2.0,R,0.0,R,2.0,R,1.0,R,50.0,A,,A,,A,,A,,A,,R,22.0
103954,2014,A,,A,,A,,R,3.0,R,0.0,R,3.0,R,2.0,R,67.0,A,,A,,A,,A,,A,,R,20.0
103963,2014,A,,A,,A,,R,154.0,R,0.0,R,154.0,R,103.0,R,67.0,A,,A,,A,,A,,A,,R,22.0
104090,2014,A,,A,,A,,R,123.0,R,0.0,R,123.0,R,52.0,R,42.0,A,,A,,A,,A,,A,,R,35.0
104151,2014,R,7594.0,R,11601.0,R,65.0,R,7114.0,R,69.0,R,7045.0,R,6065.0,R,86.0,R,57.0,R,1.0,R,56.0,R,24.0,R,43.0,R,22.0
104160,2014,R,782.0,R,2213.0,R,35.0,R,844.0,R,0.0,R,844.0,R,510.0,R,60.0,R,942.0,R,0.0,R,942.0,R,382.0,R,41.0,R,21.0
104179,2014,R,6974.0,R,10038.0,R,69.0,R,6272.0,R,6.0,R,6266.0,R,5131.0,R,82.0,R,609.0,R,0.0,R,609.0,R,382.0,R,63.0,R,20.0
104188,2014,R,19.0,R,21.0,R,90.0,R,13.0,R,0.0,R,13.0,R,10.0,R,77.0,R,12.0,Z,0.0,R,12.0,R,8.0,R,67.0,R,9.0
104346,2014,R,536.0,R,2268.0,R,24.0,R,544.0,R,0.0,R,544.0,R,260.0,R,48.0,R,726.0,R,0.0,R,726.0,R,238.0,R,33.0,R,17.0
104364,2014,R,95.0,R,173.0,R,55.0,R,2.0,Z,0.0,R,2.0,R,2.0,R,100.0,A,,A,,A,,A,,A,,R,11.0
104391,2014,A,,A,,A,,R,85.0,R,0.0,R,85.0,R,81.0,R,95.0,A,,A,,A,,A,,A,,R,18.0
104425,2014,R,553.0,R,1262.0,R,44.0,R,494.0,R,0.0,R,494.0,R,277.0,R,56.0,R,309.0,R,0.0,R,309.0,R,111.0,R,36.0,R,16.0
104434,2014,A,,A,,A,,R,29.0,R,0.0,R,29.0,R,21.0,R,72.0,A,,A,,A,,A,,A,,R,20.0
104443,2014,A,,A,,A,,R,27.0,R,0.0,R,27.0,R,18.0,R,67.0,R,5.0,R,0.0,R,5.0,R,4.0,R,80.0,R,12.0
104504,2014,A,,A,,A,,R,41.0,R,0.0,R,41.0,R,31.0,R,76.0,R,26.0,R,0.0,R,26.0,R,21.0,R,81.0,R,25.0
104568,2014,A,,A,,A,,R,159.0,R,5.0,R,154.0,R,108.0,R,70.0,R,84.0,R,1.0,R,83.0,R,68.0,R,82.0,R,17.0
104577,2014,R,468.0,R,1313.0,R,36.0,R,502.0,R,70.0,R,432.0,R,242.0,R,56.0,R,795.0,R,103.0,R,692.0,R,305.0,R,44.0,R,20.0
104586,2014,R,503.0,R,609.0,R,83.0,R,443.0,R,0.0,R,443.0,R,364.0,R,82.0,R,5.0,R,0.0,R,5.0,R,3.0,R,60.0,R,16.0
104708,2014,R,1981.0,R,5771.0,R,34.0,R,2057.0,R,0.0,R,2057.0,R,1228.0,R,60.0,R,1462.0,R,0.0,R,1462.0,R,545.0,R,37.0,R,21.0
104717,2014,R,2039.0,R,13137.0,R,16.0,R,1554.0,R,0.0,R,1554.0,R,969.0,R,62.0,R,1710.0,R,0.0,R,1710.0,R,523.0,R,31.0,R,19.0
104911,2014,A,,A,,A,,R,71.0,R,4.0,R,67.0,R,42.0,R,63.0,A,,A,,A,,A,,A,,R,22.0
105145,2014,R,302.0,R,1734.0,R,17.0,R,334.0,R,0.0,R,334.0,R,187.0,R,56.0,R,448.0,R,0.0,R,448.0,R,160.0,R,36.0,R,13.0
105154,2014,R,1836.0,R,6150.0,R,30.0,R,1942.0,R,0.0,R,1942.0,R,1154.0,R,59.0,R,1532.0,R,0.0,R,1532.0,R,568.0,R,37.0,R,20.0
105163,2014,R,50.0,R,64.0,R,78.0,R,0.0,R,0.0,R,0.0,R,0.0,A,,R,0.0,R,0.0,R,0.0,R,0.0,A,,R,21.0
105172,2014,R,57.0,R,66.0,R,86.0,R,0.0,R,0.0,R,0.0,R,0.0,A,,R,0.0,R,0.0,R,0.0,R,0.0,A,,R,25.0
105206,2014,R,215.0,R,1286.0,R,17.0,R,231.0,R,1.0,R,230.0,R,114.0,R,50.0,R,750.0,R,0.0,R,750.0,R,273.0,R,36.0,R,14.0
105215,2014,A,,A,,A,,R,275.0,R,1.0,R,274.0,R,206.0,R,75.0,A,,A,,A,,A,,A,,R,23.0
105297,2014,R,181.0,R,286.0,R,63.0,R,5.0,R,0.0,R,5.0,R,4.0,R,80.0,R,0.0,R,0.0,R,0.0,R,0.0,A,,R,15.0
105330,2014,R,4383.0,R,7737.0,R,57.0,R,4347.0,R,0.0,R,4347.0,R,3202.0,R,74.0,R,378.0,R,0.0,R,378.0,R,234.0,R,62.0,R,18.0
105349,2014,R,72.0,R,1479.0,R,5.0,R,54.0,R,0.0,R,54.0,R,23.0,R,43.0,R,127.0,R,0.0,R,127.0,R,36.0,R,28.0,R,10.0
105367,2014,A,,A,,A,,R,0.0,R,0.0,R,0.0,R,0.0,A,,R,0.0,R,0.0,R,0.0,R,0.0,A,,R,6.0
105428,2014,R,742.0,R,3605.0,R,21.0,R,733.0,R,0.0,R,733.0,R,400.0,R,55.0,R,1053.0,R,0.0,R,1053.0,R,328.0,R,31.0,R,17.0
105482,2014,A,,A,,A,,A,,A,,A,,A,,A,,A,,A,,A,,A,,A,,R,20.0
105525,2014,R,2452.0,R,8447.0,R,29.0,R,2675.0,R,0.0,R,2675.0,R,1558.0,R,58.0,R,2589.0,R,0.0,R,2589.0,R,968.0,R,37.0,R,25.0
105534,2014,A,,A,,A,,R,69.0,R,0.0,R,69.0,R,51.0,R,74.0,A,,A,,A,,A,,A,,R,25.0
105543,2014,A,,A,,A,,R,221.0,R,0.0,R,221.0,R,151.0,R,68.0,A,,A,,A,,A,,A,,R,25.0
105589,2014,R,41.0,R,119.0,R,34.0,R,40.0,R,0.0,R,40.0,R,27.0,R,68.0,A,,A,,A,,A,,A,,R,9.0
105659,2014,A,,A,,A,,R,201.0,R,0.0,R,201.0,R,145.0,R,72.0,A,,A,,A,,A,,A,,R,34.0
105668,2014,R,113.0,R,4830.0,R,2.0,R,172.0,R,0.0,R,172.0,R,43.0,R,25.0,R,400.0,R,0.0,R,400.0,R,90.0,R,23.0,R,34.0
105677,2014,A,,A,,A,,A,,A,,A,,A,,A,,A,,A,,A,,A,,A,,R,6.0
105701,2014,A,,A,,A,,R,46.0,R,3.0,R,43.0,R,30.0,R,70.0,A,,A,,A,,A,,A,,R,15.0
105747,2014,R,847.0,R,2995.0,R,28.0,R,898.0,R,0.0,R,898.0,R,572.0,R,64.0,R,468.0,R,0.0,R,468.0,R,155.0,R,33.0,R,17.0
105792,2014,R,390.0,R,1310.0,R,30.0,R,439.0,R,0.0,R,439.0,R,262.0,R,60.0,R,425.0,Z,0.0,R,425.0,R,125.0,R,29.0,R,17.0
105899,2014,R,154.0,R,388.0,R,40.0,R,90.0,R,0.0,R,90.0,R,65.0,R,72.0,R,0.0,R,0.0,R,0.0,R,0.0,A,,R,15.0
105987,2014,A,,A,,A,,R,134.0,Z,0.0,R,134.0,R,108.0,R,81.0,A,,A,,A,,A,,A,,R,17.0
106041,2014,A,,A,,A,,R,449.0,R,1.0,R,448.0,R,327.0,R,73.0,A,,A,,A,,A,,A,,R,35.0
106102,2014,A,,A,,A,,R,2.0,R,0.0,R,2.0,R,2.0,R,100.0,A,,A,,A,,A,,A,,R,14.0
106111,2014,A,,A,,A,,R,36.0,R,0.0,R,36.0,R,24.0,R,67.0,R,8.0,R,0.0,R,8.0,R,6.0,R,75.0,R,15.0
106148,2014,R,556.0,R,2505.0,R,22.0,R,440.0,R,0.0,R,440.0,R,220.0,R,50.0,R,460.0,R,0.0,R,460.0,R,150.0,R,33.0,R,18.0
106245,2014,R,698.0,R,2658.0,R,26.0,R,633.0,R,0.0,R,633.0,R,450.0,R,71.0,R,34.0,R,0.0,R,34.0,R,19.0,R,56.0,R,13.0
106263,2014,A,,A,,A,,A,,A,,A,,A,,A,,A,,A,,A,,A,,A,,R,7.0
106281,2014,A,,A,,A,,R,16.0,R,0.0,R,16.0,R,8.0,R,50.0,R,4.0,R,0.0,R,4.0,R,3.0,R,75.0,R,9.0
106306,2014,R,283.0,R,407.0,R,70.0,R,22.0,R,0.0,R,22.0,R,8.0,R,36.0,R,15.0,R,0.0,R,15.0,R,7.0,R,47.0,R,23.0
106315,2014,A,,A,,A,,R,7.0,R,0.0,R,7.0,R,5.0,R,71.0,A,,A,,A,,A,,A,,R,12.0
106324,2014,A,,A,,A,,R,19.0,R,0.0,R,19.0,R,9.0,R,47.0,R,1.0,R,0.0,R,1.0,R,1.0,R,100.0,R,10.0
106342,2014,R,254.0,R,322.0,R,79.0,R,174.0,R,0.0,R,174.0,R,129.0,R,74.0,A,,A,,A,,A,,A,,R,14.0
106351,2014,A,,A,,A,,R,14.0,Z,0.0,R,14.0,R,12.0,R,86.0,A,,A,,A,,A,,A,,R,12.0
106360,2014,A,,A,,A,,R,9.0,R,0.0,R,9.0,R,7.0,R,78.0,A,,A,,A,,A,,A,,R,15.0
106397,2014,R,4518.0,R,6144.0,R,74.0,R,4300.0,R,0.0,R,4300.0,R,3562.0,R,83.0,R,39.0,R,0.0,R,39.0,R,25.0,R,64.0,R,19.0
106412,2014,R,484.0,R,662.0,R,73.0,R,557.0,R,1.0,R,556.0,R,346.0,R,62.0,R,11.0,R,0.0,R,11.0,R,2.0,R,18.0,R,15.0
106449,2014,R,605.0,R,878.0,R,69.0,R,779.0,R,0.0,R,779.0,R,440.0,R,56.0,R,60.0,R,0.0,R,60.0,R,19.0,R,32.0,R,17.0
106458,2014,R,1681.0,R,2579.0,R,65.0,R,1575.0,R,0.0,R,1575.0,R,1174.0,R,75.0,R,44.0,R,0.0,R,44.0,R,16.0,R,36.0,R,17.0
106467,2014,R,1863.0,R,2547.0,R,73.0,R,1380.0,R,0.0,R,1380.0,R,930.0,R,67.0,R,23.0,R,0.0,R,23.0,R,14.0,R,61.0,R,20.0
106485,2014,R,615.0,R,1362.0,R,45.0,R,502.0,R,0.0,R,502.0,R,235.0,R,47.0,R,18.0,R,0.0,R,18.0,R,5.0,R,28.0,R,17.0
106494,2014,A,,A,,A,,R,13.0,R,1.0,R,12.0,R,10.0,R,83.0,A,,A,,A,,A,,A,,R,17.0
106546,2014,A,,A,,A,,R,37.0,R,0.0,R,37.0,R,20.0,R,54.0,A,,A,,A,,A,,A,,R,13.0
106625,2014,R,298.0,R,472.0,R,63.0,R,344.0,R,0.0,R,344.0,R,186.0,R,54.0,R,46.0,R,0.0,R,46.0,R,19.0,R,41.0,R,16.0
106704,2014,R,2154.0,R,2850.0,R,76.0,R,2177.0,Z,0.0,R,2177.0,R,1522.0,R,70.0,R,25.0,Z,0.0,R,25.0,R,9.0,R,36.0,R,17.0
106713,2014,R,134.0,R,300.0,R,45.0,R,76.0,R,0.0,R,76.0,R,54.0,R,71.0,R,8.0,R,0.0,R,8.0,R,4.0,R,50.0,R,10.0
106795,2014,R,184.0,R,687.0,R,27.0,R,255.0,R,0.0,R,255.0,R,161.0,R,63.0,R,73.0,R,0.0,R,73.0,R,19.0,R,26.0,R,16.0
106810,2014,R,62.0,R,107.0,R,58.0,R,44.0,R,0.0,R,44.0,R,22.0,R,50.0,R,0.0,R,0.0,R,0.0,R,0.0,A,,R,10.0
106829,2014,A,,A,,A,,R,85.0,R,0.0,R,85.0,R,17.0,R,20.0,R,14.0,R,0.0,R,14.0,R,9.0,R,64.0,R,6.0
106883,2014,R,202.0,R,319.0,R,63.0,R,224.0,R,0.0,R,224.0,R,102.0,R,46.0,R,62.0,R,0.0,R,62.0,R,36.0,R,58.0,R,16.0
106892,2014,A,,A,,A,,A,,A,,A,,A,,A,,A,,A,,A,,A,,A,,R,32.0
106908,2014,A,,A,,A,,R,58.0,Z,0.0,R,58.0,R,46.0,R,79.0,R,9.0,Z,0.0,R,9.0,R,4.0,R,44.0,R,17.0
106980,2014,R,366.0,R,695.0,R,53.0,R,410.0,R,0.0,R,410.0,R,231.0,R,56.0,R,135.0,R,0.0,R,135.0,R,40.0,R,30.0,R,26.0
106999,2014,R,232.0,R,520.0,R,45.0,R,258.0,R,0.0,R,258.0,R,156.0,R,60.0,R,32.0,R,0.0,R,32.0,R,11.0,R,34.0,R,17.0
107044,2014,R,1063.0,R,1285.0,R,83.0,R,1030.0,R,0.0,R,1030.0,R,844.0,R,82.0,R,11.0,R,0.0,R,11.0,R,7.0,R,64.0,R,16.0
107071,2014,R,768.0,R,1099.0,R,70.0,R,698.0,R,0.0,R,698.0,R,417.0,R,60.0,R,4.0,R,0.0,R,4.0,R,0.0,R,0.0,R,17.0
107080,2014,R,314.0,R,336.0,R,93.0,R,435.0,R,0.0,R,435.0,R,377.0,R,87.0,A,,A,,A,,A,,A,,R,11.0
107099,2014,A,,A,,A,,R,9.0,R,0.0,R,9.0,R,8.0,R,89.0,A,,A,,A,,A,,A,,R,8.0
107123,2014,A,,A,,A,,A,,A,,A,,A,,A,,A,,A,,A,,A,,A,,R,10.0
107141,2014,R,318.0,R,909.0,R,35.0,R,303.0,R,0.0,R,303.0,R,256.0,R,84.0,A,,A,,A,,A,,A,,R,15.0
107211,2014,A,,A,,A,,R,8.0,R,0.0,R,8.0,R,5.0,R,63.0,A,,A,,A,,A,,A,,R,17.0
107220,2014,A,,A,,A,,R,166.0,R,0.0,R,166.0,R,128.0,R,77.0,R,92.0,R,0.0,R,92.0,R,41.0,R,45.0,R,11.0
107293,2014,A,,A,,A,,R,36.0,R,0.0,R,36.0,R,27.0,R,75.0,A,,A,,A,,A,,A,,R,14.0
107318,2014,R,187.0,R,355.0,R,53.0,R,238.0,R,0.0,R,238.0,R,116.0,R,49.0,R,88.0,R,0.0,R,88.0,R,30.0,R,34.0,R,14.0
107327,2014,R,185.0,R,601.0,R,31.0,R,223.0,R,0.0,R,223.0,R,128.0,R,57.0,R,60.0,R,0.0,R,60.0,R,29.0,R,48.0,R,14.0
107363,2014,A,,A,,A,,R,50.0,R,0.0,R,50.0,R,34.0,R,68.0,A,,A,,A,,A,,A,,R,25.0
107442,2014,A,,A,,A,,R,62.0,R,0.0,R,62.0,R,54.0,R,87.0,A,,A,,A,,A,,A,,R,20.0
107460,2014,R,362.0,R,837.0,R,43.0,R,374.0,R,0.0,R,374.0,R,188.0,R,50.0,R,109.0,R,0.0,R,109.0,R,41.0,R,38.0,R,16.0
107488,2014,A,,A,,A,,R,227.0,R,4.0,R,223.0,R,58.0,R,26.0,R,6.0,R,0.0,R,6.0,R,1.0,R,17.0,R,5.0
107512,2014,R,420.0,R,478.0,R,88.0,R,393.0,R,0.0,R,393.0,R,298.0,R,76.0,A,,A,,A,,A,,A,,R,13.0
107521,2014,R,145.0,R,301.0,R,48.0,R,120.0,R,0.0,R,120.0,R,66.0,R,55.0,R,27.0,R,0.0,R,27.0,R,13.0,R,48.0,R,15.0
107549,2014,R,189.0,R,818.0,R,23.0,R,218.0,R,0.0,R,218.0,R,100.0,R,46.0,R,47.0,R,0.0,R,47.0,R,10.0,R,21.0,R,16.0
107558,2014,R,171.0,R,202.0,R,85.0,R,159.0,R,0.0,R,159.0,R,108.0,R,68.0,R,0.0,R,0.0,R,0.0,R,0.0,A,,R,12.0
107585,2014,R,403.0,R,764.0,R,53.0,R,467.0,R,0.0,R,467.0,R,231.0,R,49.0,R,119.0,R,0.0,R,119.0,R,49.0,R,41.0,R,20.0
107600,2014,R,110.0,R,171.0,R,64.0,R,134.0,R,0.0,R,134.0,R,105.0,R,78.0,R,1.0,R,0.0,R,1.0,R,1.0,R,100.0,R,10.0
107619,2014,R,148.0,R,242.0,R,61.0,R,198.0,R,0.0,R,198.0,R,111.0,R,56.0,R,36.0,R,0.0,R,36.0,R,11.0,R,31.0,R,12.0
107637,2014,R,193.0,R,395.0,R,49.0,R,251.0,R,0.0,R,251.0,R,125.0,R,50.0,R,81.0,R,0.0,R,81.0,R,28.0,R,35.0,R,14.0
107655,2014,A,,A,,A,,R,12.0,R,0.0,R,12.0,R,9.0,R,75.0,A,,A,,A,,A,,A,,R,20.0
107664,2014,R,847.0,R,1938.0,R,44.0,R,1053.0,R,0.0,R,1053.0,R,603.0,R,57.0,R,313.0,R,0.0,R,313.0,R,122.0,R,39.0,R,22.0
107725,2014,R,224.0,R,484.0,R,46.0,R,235.0,R,0.0,R,235.0,R,128.0,R,54.0,R,71.0,R,0.0,R,71.0,R,25.0,R,35.0,R,15.0
107743,2014,R,121.0,R,363.0,R,33.0,R,137.0,R,0.0,R,137.0,R,60.0,R,44.0,R,15.0,R,0.0,R,15.0,R,6.0,R,40.0,R,17.0
107789,2014,A,,A,,A,,R,12.0,R,0.0,R,12.0,R,10.0,R,83.0,R,2.0,R,0.0,R,2.0,R,2.0,R,100.0,R,17.0
107831,2014,A,,A,,A,,R,1.0,R,0.0,R,1.0,R,1.0,R,100.0,A,,A,,A,,A,,A,,R,25.0
107840,2014,R,43.0,R,144.0,R,30.0,R,74.0,Z,0.0,R,74.0,R,43.0,R,58.0,R,19.0,Z,0.0,R,19.0,R,10.0,R,53.0,R,24.0
107877,2014,R,161.0,R,264.0,R,61.0,R,154.0,R,0.0,R,154.0,R,90.0,R,58.0,R,0.0,Z,0.0,R,0.0,Z,0.0,A,,R,15.0
107974,2014,R,139.0,R,629.0,R,22.0,R,161.0,R,0.0,R,161.0,R,80.0,R,50.0,R,77.0,R,0.0,R,77.0,R,34.0,R,44.0,R,14.0
107983,2014,R,699.0,R,1116.0,R,63.0,R,658.0,R,0.0,R,658.0,R,414.0,R,63.0,R,5.0,R,0.0,R,5.0,R,2.0,R,40.0,R,16.0
107992,2014,R,176.0,R,644.0,R,27.0,R,207.0,R,0.0,R,207.0,R,124.0,R,60.0,R,11.0,R,0.0,R,11.0,R,3.0,R,27.0,R,21.0
108065,2014,A,,A,,A,,R,16.0,R,0.0,R,16.0,R,4.0,R,25.0,R,3.0,R,0.0,R,3.0,R,1.0,R,33.0,R,12.0
108092,2014,R,1130.0,R,1968.0,R,57.0,R,853.0,R,0.0,R,853.0,R,564.0,R,66.0,R,40.0,R,0.0,R,40.0,R,13.0,R,33.0,R,18.0
108232,2014,R,704.0,R,2293.0,R,31.0,R,624.0,R,0.0,R,624.0,R,477.0,R,76.0,R,289.0,R,0.0,R,289.0,R,140.0,R,48.0,R,16.0
108250,2014,R,58.0,R,67.0,R,87.0,R,0.0,R,0.0,R,0.0,R,0.0,A,,R,0.0,R,0.0,R,0.0,R,0.0,A,,R,14.0
108348,2014,A,,A,,A,,R,38.0,R,0.0,R,38.0,R,30.0,R,79.0,A,,A,,A,,A,,A,,R,5.0
108649,2014,A,,A,,A,,R,39.0,R,1.0,R,38.0,R,31.0,R,82.0,R,44.0,R,2.0,R,42.0,R,30.0,R,71.0,R,19.0
108667,2014,R,205.0,R,2132.0,R,10.0,R,192.0,Z,0.0,R,192.0,R,122.0,R,64.0,R,691.0,Z,0.0,R,691.0,R,226.0,R,33.0,R,27.0
108807,2014,R,870.0,R,3055.0,R,28.0,R,905.0,Z,0.0,R,905.0,R,676.0,R,75.0,R,743.0,Z,0.0,R,743.0,R,398.0,R,54.0,R,24.0
108852,2014,R,146.0,R,148.0,R,99.0,R,134.0,R,0.0,R,134.0,R,80.0,R,60.0,A,,A,,A,,A,,A,,R,12.0
108977,2014,A,,A,,A,,R,5.0,R,0.0,R,5.0,R,3.0,R,60.0,R,7.0,R,0.0,R,7.0,R,7.0,R,100.0,R,25.0
109040,2014,A,,A,,A,,R,236.0,R,0.0,R,236.0,R,171.0,R,72.0,A,,A,,A,,A,,A,,R,29.0
109086,2014,A,,A,,A,,A,,A,,A,,A,,A,,A,,A,,A,,A,,A,,R,6.0
109208,2014,R,1340.0,R,7697.0,R,17.0,R,1422.0,Z,0.0,R,1422.0,R,994.0,R,70.0,R,2447.0,Z,0.0,R,2447.0,R,1073.0,R,44.0,R,27.0
109350,2014,R,973.0,R,3646.0,R,27.0,R,964.0,Z,0.0,R,964.0,R,723.0,R,75.0,R,1216.0,Z,0.0,R,1216.0,R,632.0,R,52.0,R,26.0
109651,2014,R,174.0,R,361.0,R,48.0,R,163.0,R,2.0,R,161.0,R,123.0,R,76.0,A,,A,,A,,A,,A,,R,9.0
109721,2014,A,,A,,A,,R,366.0,R,0.0,R,366.0,R,253.0,R,69.0,A,,A,,A,,A,,A,,R,28.0
109730,2014,A,,A,,A,,A,,A,,A,,A,,A,,A,,A,,A,,A,,A,,R,14.0
109785,2014,R,1039.0,R,1578.0,R,66.0,R,1217.0,R,0.0,R,1217.0,R,1034.0,R,85.0,R,8.0,R,0.0,R,8.0,R,2.0,R,25.0,R,11.0
109819,2014,R,1718.0,R,4942.0,R,35.0,R,1568.0,Z,0.0,R,1568.0,R,1105.0,R,70.0,R,1511.0,Z,0.0,R,1511.0,R,767.0,R,51.0,R,32.0
109907,2014,R,109.0,R,634.0,R,17.0,R,237.0,Z,0.0,R,237.0,R,100.0,R,42.0,R,261.0,Z,0.0,R,261.0,R,63.0,R,24.0,R,29.0
109934,2014,A,,A,,A,,R,26.0,R,0.0,R,26.0,R,24.0,R,92.0,A,,A,,A,,A,,A,,R,16.0
110060,2014,R,62.0,R,108.0,R,57.0,R,34.0,R,0.0,R,34.0,R,28.0,R,82.0,R,5.0,Z,0.0,R,5.0,R,5.0,R,100.0,R,6.0
110097,2014,R,943.0,R,1258.0,R,75.0,R,900.0,Z,0.0,R,900.0,R,783.0,R,87.0,R,0.0,Z,0.0,R,0.0,Z,0.0,A,,R,17.0
110185,2014,R,44.0,R,104.0,R,42.0,R,33.0,Z,0.0,R,33.0,R,27.0,R,82.0,R,48.0,Z,0.0,R,48.0,R,34.0,R,71.0,R,8.0
110194,2014,A,,A,,A,,R,42.0,R,0.0,R,42.0,R,36.0,R,86.0,A,,A,,A,,A,,A,,R,10.0
110219,2014,R,343.0,R,343.0,R,100.0,R,0.0,R,0.0,R,0.0,R,0.0,A,,A,,A,,A,,A,,A,,R,20.0
110246,2014,R,1290.0,R,3381.0,R,38.0,R,1271.0,Z,0.0,R,1271.0,R,888.0,R,70.0,R,677.0,Z,0.0,R,677.0,R,337.0,R,50.0,R,24.0
110316,2014,A,,A,,A,,A,,A,,A,,A,,A,,A,,A,,A,,A,,A,,R,11.0
110334,2014,R,1034.0,R,3101.0,R,33.0,R,1025.0,Z,0.0,R,1025.0,R,722.0,R,70.0,R,796.0,Z,0.0,R,796.0,R,380.0,R,48.0,R,25.0
110361,2014,R,1061.0,R,1898.0,R,56.0,R,967.0,R,0.0,R,967.0,R,798.0,R,83.0,R,26.0,R,0.0,R,26.0,R,9.0,R,35.0,R,18.0
110370,2014,R,273.0,R,488.0,R,56.0,R,232.0,R,0.0,R,232.0,R,186.0,R,80.0,R,0.0,R,0.0,R,0.0,R,0.0,A,,R,9.0
110404,2014,R,226.0,R,233.0,R,97.0,R,248.0,R,1.0,R,247.0,R,240.0,R,97.0,A,,A,,A,,A,,A,,R,3.0
110413,2014,R,556.0,R,847.0,R,66.0,R,540.0,R,0.0,R,540.0,R,448.0,R,83.0,A,,A,,A,,A,,A,,R,16.0
110422,2014,R,4648.0,R,5446.0,R,85.0,R,4765.0,Z,0.0,R,4765.0,R,4411.0,R,93.0,R,8.0,Z,0.0,R,8.0,R,7.0,R,88.0,R,22.0
110468,2014,R,16.0,R,442.0,R,4.0,R,24.0,R,0.0,R,24.0,R,20.0,R,83.0,R,1.0,R,0.0,R,1.0,R,0.0,R,0.0,R,14.0
110486,2014,R,1402.0,R,2296.0,R,61.0,R,1323.0,Z,0.0,R,1323.0,R,968.0,R,73.0,R,19.0,Z,0.0,R,19.0,R,8.0,R,42.0,R,26.0
110495,2014,R,1198.0,R,2163.0,R,55.0,R,1181.0,Z,0.0,R,1181.0,R,1000.0,R,85.0,R,43.0,Z,0.0,R,43.0,R,26.0,R,60.0,R,22.0
110510,2014,R,2654.0,R,5339.0,R,50.0,R,2319.0,Z,0.0,R,2319.0,R,2032.0,R,88.0,R,39.0,Z,0.0,R,39.0,R,27.0,R,69.0,R,30.0
110529,2014,R,3555.0,R,6437.0,R,55.0,R,3169.0,Z,0.0,R,3169.0,R,2815.0,R,89.0,R,87.0,Z,0.0,R,87.0,R,66.0,R,76.0,R,28.0
110538,2014,R,2907.0,R,4642.0,R,63.0,R,2316.0,Z,0.0,R,2316.0,R,2024.0,R,87.0,R,24.0,Z,0.0,R,24.0,R,14.0,R,58.0,R,26.0
110547,2014,R,1286.0,R,4514.0,R,28.0,R,1460.0,Z,0.0,R,1460.0,R,1163.0,R,80.0,R,96.0,Z,0.0,R,96.0,R,51.0,R,53.0,R,26.0
110556,2014,R,3387.0,R,5841.0,R,58.0,R,3166.0,Z,0.0,R,3166.0,R,2628.0,R,83.0,R,99.0,Z,0.0,R,99.0,R,47.0,R,47.0,R,25.0
110565,2014,R,4243.0,R,8446.0,R,50.0,R,4512.0,Z,0.0,R,4512.0,R,3996.0,R,89.0,R,155.0,Z,0.0,R,155.0,R,104.0,R,67.0,R,25.0
110574,2014,R,1431.0,R,3680.0,R,39.0,R,1477.0,Z,0.0,R,1477.0,R,1190.0,R,81.0,R,34.0,Z,0.0,R,34.0,R,21.0,R,62.0,R,27.0
110583,2014,R,4237.0,R,8317.0,R,51.0,R,4119.0,Z,0.0,R,4119.0,R,3703.0,R,90.0,R,224.0,Z,0.0,R,224.0,R,186.0,R,83.0,R,25.0
110592,2014,R,3141.0,R,6240.0,R,50.0,R,2895.0,Z,0.0,R,2895.0,R,2429.0,R,84.0,R,126.0,Z,0.0,R,126.0,R,67.0,R,53.0,R,27.0
110608,2014,R,5450.0,R,11562.0,R,47.0,R,5758.0,Z,0.0,R,5758.0,R,4447.0,R,77.0,R,58.0,Z,0.0,R,58.0,R,23.0,R,40.0,R,28.0
110617,2014,R,3473.0,R,7611.0,R,46.0,R,3202.0,Z,0.0,R,3202.0,R,2648.0,R,83.0,R,164.0,Z,0.0,R,164.0,R,109.0,R,66.0,R,27.0
110635,2014,R,5431.0,R,7653.0,R,71.0,R,4677.0,R,0.0,R,4677.0,R,4494.0,R,96.0,R,29.0,R,0.0,R,29.0,R,22.0,R,76.0,R,17.0
110644,2014,R,5331.0,R,8524.0,R,63.0,R,5063.0,R,0.0,R,5063.0,R,4717.0,R,93.0,R,50.0,R,0.0,R,50.0,R,34.0,R,68.0,R,18.0
110653,2014,R,5426.0,R,7469.0,R,73.0,R,5449.0,R,0.0,R,5449.0,R,5025.0,R,92.0,R,11.0,R,0.0,R,11.0,R,7.0,R,64.0,R,19.0
110662,2014,R,5753.0,R,8937.0,R,64.0,R,5684.0,R,0.0,R,5684.0,R,5505.0,R,97.0,R,13.0,R,0.0,R,13.0,R,8.0,R,62.0,R,16.0
110671,2014,R,4273.0,R,5572.0,R,77.0,R,4187.0,R,0.0,R,4187.0,R,3754.0,R,90.0,R,16.0,R,0.0,R,16.0,R,8.0,R,50.0,R,19.0
110680,2014,R,4913.0,R,7386.0,R,67.0,R,5218.0,R,0.0,R,5218.0,R,4936.0,R,95.0,R,10.0,R,0.0,R,10.0,R,8.0,R,80.0,R,19.0
110705,2014,R,4725.0,R,6331.0,R,75.0,R,4597.0,R,0.0,R,4597.0,R,4247.0,R,92.0,R,27.0,R,0.0,R,27.0,R,14.0,R,52.0,R,17.0
110714,2014,R,4019.0,R,5095.0,R,79.0,R,3295.0,R,0.0,R,3295.0,R,2931.0,R,89.0,R,7.0,R,0.0,R,7.0,R,1.0,R,14.0,R,18.0
110778,2014,A,,A,,A,,A,,A,,A,,A,,A,,A,,A,,A,,A,,A,,R,12.0
110875,2014,A,,A,,A,,R,31.0,R,0.0,R,31.0,R,31.0,R,100.0,R,0.0,R,0.0,R,0.0,R,0.0,A,,R,18.0
110918,2014,A,,A,,A,,R,2.0,R,0.0,R,2.0,R,1.0,R,50.0,R,0.0,R,0.0,R,0.0,R,0.0,A,,R,3.0
111009,2014,A,,A,,A,,R,96.0,Z,0.0,R,96.0,R,64.0,R,67.0,A,,A,,A,,A,,A,,R,30.0
111054,2014,A,,A,,A,,R,30.0,R,0.0,R,30.0,R,24.0,R,80.0,A,,A,,A,,A,,A,,R,16.0
111081,2014,R,187.0,R,309.0,R,61.0,R,172.0,R,0.0,R,172.0,R,149.0,R,87.0,A,,A,,A,,A,,A,,R,7.0
111188,2014,R,206.0,R,304.0,R,68.0,R,199.0,Z,0.0,R,199.0,R,165.0,R,83.0,R,3.0,Z,0.0,R,3.0,R,1.0,R,33.0,R,14.0
111434,2014,R,247.0,R,2134.0,R,12.0,R,262.0,Z,0.0,R,262.0,R,168.0,R,64.0,R,367.0,Z,0.0,R,367.0,R,139.0,R,38.0,R,25.0
111461,2014,R,1609.0,R,4784.0,R,34.0,R,1587.0,Z,0.0,R,1587.0,R,1199.0,R,76.0,R,1460.0,Z,0.0,R,1460.0,R,794.0,R,54.0,R,27.0
111513,2014,A,,A,,A,,R,32.0,R,0.0,R,32.0,R,30.0,R,94.0,R,24.0,R,0.0,R,24.0,R,20.0,R,83.0,R,12.0
111638,2014,A,,A,,A,,R,46.0,R,0.0,R,46.0,R,20.0,R,43.0,A,,A,,A,,A,,A,,R,20.0
111708,2014,A,,A,,A,,R,39.0,Z,0.0,R,39.0,R,29.0,R,74.0,R,35.0,Z,0.0,R,35.0,R,23.0,R,66.0,R,20.0
111717,2014,A,,A,,A,,R,103.0,Z,0.0,R,103.0,R,93.0,R,90.0,A,,A,,A,,A,,A,,R,20.0
111726,2014,A,,A,,A,,R,83.0,Z,0.0,R,83.0,R,78.0,R,94.0,A,,A,,A,,A,,A,,R,20.0
111744,2014,A,,A,,A,,R,28.0,Z,0.0,R,28.0,R,21.0,R,75.0,A,,A,,A,,A,,A,,R,20.0
111762,2014,A,,A,,A,,R,30.0,Z,0.0,R,30.0,R,25.0,R,83.0,A,,A,,A,,A,,A,,R,16.0
111799,2014,A,,A,,A,,R,28.0,Z,0.0,R,28.0,R,21.0,R,75.0,A,,A,,A,,A,,A,,R,20.0
111887,2014,R,1438.0,R,5244.0,R,27.0,R,1499.0,R,0.0,R,1499.0,R,945.0,R,63.0,R,2160.0,R,0.0,R,2160.0,R,1112.0,R,51.0,R,30.0
111896,2014,R,186.0,R,1524.0,R,12.0,R,219.0,Z,0.0,R,219.0,R,114.0,R,52.0,R,335.0,Z,0.0,R,335.0,R,98.0,R,29.0,R,26.0
111920,2014,R,899.0,R,3788.0,R,24.0,R,820.0,Z,0.0,R,820.0,R,622.0,R,76.0,R,1142.0,Z,0.0,R,1142.0,R,575.0,R,50.0,R,27.0
111939,2014,R,1190.0,R,5702.0,R,21.0,R,1221.0,Z,0.0,R,1221.0,R,882.0,R,72.0,R,2288.0,Z,0.0,R,2288.0,R,1354.0,R,59.0,R,26.0
111948,2014,R,1418.0,R,1819.0,R,78.0,R,1284.0,R,0.0,R,1284.0,R,1170.0,R,91.0,R,5.0,R,0.0,R,5.0,R,4.0,R,80.0,R,14.0
111966,2014,R,1.0,R,32.0,R,3.0,R,4.0,R,0.0,R,4.0,R,4.0,R,100.0,R,1.0,R,0.0,R,1.0,R,0.0,R,0.0,R,7.0
112075,2014,R,352.0,R,566.0,R,62.0,R,373.0,R,0.0,R,373.0,R,293.0,R,79.0,A,,A,,A,,A,,A,,R,10.0
112084,2014,R,136.0,R,273.0,R,50.0,R,91.0,Z,0.0,R,91.0,R,66.0,R,73.0,R,0.0,R,0.0,R,0.0,R,0.0,A,,R,18.0
112172,2014,R,1194.0,R,3814.0,R,31.0,R,1174.0,Z,0.0,R,1174.0,R,801.0,R,68.0,R,1040.0,Z,0.0,R,1040.0,R,594.0,R,57.0,R,30.0
112181,2014,A,,A,,A,,R,28.0,R,0.0,R,28.0,R,25.0,R,89.0,A,,A,,A,,A,,A,,R,9.0
112190,2014,R,1207.0,R,5476.0,R,22.0,R,1456.0,Z,0.0,R,1456.0,R,1023.0,R,70.0,R,1554.0,Z,0.0,R,1554.0,R,587.0,R,38.0,R,20.0
112260,2014,R,327.0,R,359.0,R,91.0,R,337.0,R,0.0,R,337.0,R,324.0,R,96.0,A,,A,,A,,A,,A,,R,8.0
112288,2014,A,,A,,A,,R,121.0,Z,0.0,R,121.0,R,96.0,R,79.0,A,,A,,A,,A,,A,,R,10.0
112367,2014,A,,A,,A,,R,251.0,R,29.0,R,222.0,R,78.0,R,35.0,R,195.0,R,28.0,R,167.0,R,91.0,R,54.0,R,23.0
112385,2014,R,221.0,R,4395.0,R,5.0,R,169.0,Z,0.0,R,169.0,R,95.0,R,56.0,R,1002.0,Z,0.0,R,1002.0,R,317.0,R,32.0,R,42.0
112394,2014,R,138.0,R,198.0,R,70.0,R,73.0,R,0.0,R,73.0,R,63.0,R,86.0,R,29.0,R,0.0,R,29.0,R,8.0,R,28.0,R,14.0
112446,2014,R,54.0,R,57.0,R,95.0,R,0.0,R,0.0,R,0.0,R,0.0,A,,A,,A,,A,,A,,A,,R,7.0
112455,2014,A,,A,,A,,R,10.0,Z,0.0,R,10.0,R,9.0,R,90.0,A,,A,,A,,A,,A,,R,12.0
112561,2014,R,204.0,R,786.0,R,26.0,R,278.0,Z,0.0,R,278.0,R,158.0,R,57.0,R,275.0,Z,0.0,R,275.0,R,100.0,R,36.0,R,17.0
112570,2014,R,56.0,R,85.0,R,66.0,R,40.0,R,0.0,R,40.0,R,28.0,R,70.0,R,0.0,Z,0.0,R,0.0,Z,0.0,A,,R,11.0
112686,2014,R,501.0,R,2732.0,R,18.0,R,412.0,Z,0.0,R,412.0,R,254.0,R,62.0,R,531.0,Z,0.0,R,531.0,R,179.0,R,34.0,R,26.0
112826,2014,R,276.0,R,1791.0,R,15.0,R,339.0,Z,0.0,R,339.0,R,214.0,R,63.0,R,380.0,Z,0.0,R,380.0,R,132.0,R,35.0,R,22.0
113096,2014,R,898.0,R,4429.0,R,20.0,R,732.0,Z,0.0,R,732.0,R,535.0,R,73.0,R,1424.0,Z,0.0,R,1424.0,R,748.0,R,53.0,R,30.0
113111,2014,R,574.0,R,1973.0,R,29.0,R,341.0,Z,0.0,R,341.0,R,226.0,R,66.0,R,471.0,Z,0.0,R,471.0,R,255.0,R,54.0,R,29.0
113193,2014,R,870.0,R,2999.0,R,29.0,R,946.0,Z,0.0,R,946.0,R,622.0,R,66.0,R,457.0,Z,0.0,R,457.0,R,204.0,R,45.0,R,24.0
113218,2014,R,540.0,R,2733.0,R,20.0,R,586.0,Z,0.0,R,586.0,R,423.0,R,72.0,R,712.0,Z,0.0,R,712.0,R,335.0,R,47.0,R,25.0
113236,2014,R,1085.0,R,4965.0,R,22.0,R,1001.0,Z,0.0,R,1001.0,R,750.0,R,75.0,R,1867.0,Z,0.0,R,1867.0,R,942.0,R,50.0,R,25.0
113333,2014,R,2772.0,R,6817.0,R,41.0,R,2517.0,Z,0.0,R,2517.0,R,2034.0,R,81.0,R,1055.0,Z,0.0,R,1055.0,R,500.0,R,47.0,R,31.0
113397,2014,A,,A,,A,,R,267.0,R,0.0,R,267.0,R,143.0,R,54.0,R,81.0,R,0.0,R,81.0,R,66.0,R,81.0,R,20.0
113449,2014,A,,A,,A,,R,43.0,R,0.0,R,43.0,R,34.0,R,79.0,A,,A,,A,,A,,A,,R,13.0
113537,2014,A,,A,,A,,R,0.0,R,0.0,R,0.0,R,0.0,A,,A,,A,,A,,A,,A,,R,10.0
113573,2014,R,787.0,R,2539.0,R,31.0,R,743.0,Z,0.0,R,743.0,R,553.0,R,74.0,R,744.0,Z,0.0,R,744.0,R,444.0,R,60.0,R,29.0
113582,2014,R,6.0,R,34.0,R,18.0,R,19.0,R,0.0,R,19.0,R,11.0,R,58.0,R,1.0,R,0.0,R,1.0,R,1.0,R,100.0,R,10.0
113634,2014,R,1363.0,R,5018.0,R,27.0,R,1408.0,Z,0.0,R,1408.0,R,1111.0,R,79.0,R,1307.0,Z,0.0,R,1307.0,R,667.0,R,51.0,R,27.0
113698,2014,R,262.0,R,385.0,R,68.0,R,305.0,R,0.0,R,305.0,R,249.0,R,82.0,A,,A,,A,,A,,A,,R,9.0
113856,2014,R,1667.0,R,8123.0,R,21.0,R,1479.0,Z,0.0,R,1479.0,R,1086.0,R,73.0,R,3613.0,Z,0.0,R,3613.0,R,1410.0,R,39.0,R,45.0
113908,2014,A,,A,,A,,R,99.0,R,0.0,R,99.0,R,62.0,R,63.0,R,21.0,R,0.0,R,21.0,R,16.0,R,76.0,R,21.0
113980,2014,R,2466.0,R,7088.0,R,35.0,R,2212.0,Z,0.0,R,2212.0,R,1681.0,R,76.0,R,2101.0,Z,0.0,R,2101.0,R,1061.0,R,50.0,R,28.0
114044,2014,A,,A,,A,,A,,A,,A,,A,,A,,A,,A,,A,,A,,A,,R,20.0
114071,2014,A,,A,,A,,R,75.0,R,0.0,R,75.0,R,49.0,R,65.0,R,23.0,R,0.0,R,23.0,R,20.0,R,87.0,R,29.0
114080,2014,A,,A,,A,,R,80.0,R,0.0,R,80.0,R,41.0,R,51.0,R,11.0,R,0.0,R,11.0,R,8.0,R,73.0,R,28.0
114123,2014,A,,A,,A,,R,293.0,R,0.0,R,293.0,R,239.0,R,82.0,R,7.0,R,0.0,R,7.0,R,4.0,R,57.0,R,21.0
114266,2014,R,596.0,R,2695.0,R,22.0,R,560.0,Z,0.0,R,560.0,R,403.0,R,72.0,R,502.0,Z,0.0,R,502.0,R,235.0,R,47.0,R,26.0
114354,2014,R,434.0,R,962.0,R,45.0,R,124.0,R,0.0,R,124.0,R,119.0,R,96.0,R,2.0,R,0.0,R,2.0,R,2.0,R,100.0,R,21.0
114390,2014,R,96.0,R,201.0,R,48.0,R,38.0,R,0.0,R,38.0,R,34.0,R,89.0,R,0.0,R,0.0,R,0.0,R,0.0,A,,R,17.0
114415,2014,R,103.0,R,142.0,R,73.0,R,113.0,R,0.0,R,113.0,R,92.0,R,81.0,R,2.0,R,0.0,R,2.0,R,0.0,R,0.0,R,15.0
114433,2014,R,266.0,R,741.0,R,36.0,R,186.0,Z,0.0,R,186.0,R,98.0,R,53.0,R,136.0,Z,0.0,R,136.0,R,42.0,R,31.0,R,22.0
114460,2014,A,,A,,A,,R,50.0,Z,0.0,R,50.0,R,39.0,R,78.0,R,12.0,Z,0.0,R,12.0,R,11.0,R,92.0,R,13.0
114637,2014,A,,A,,A,,R,0.0,R,0.0,R,0.0,R,0.0,A,,R,0.0,R,0.0,R,0.0,R,0.0,A,,R,20.0
114716,2014,R,1173.0,R,4732.0,R,25.0,R,1046.0,Z,0.0,R,1046.0,R,761.0,R,73.0,R,742.0,Z,0.0,R,742.0,R,277.0,R,37.0,R,27.0
114761,2014,A,,A,,A,,R,24.0,R,0.0,R,24.0,R,18.0,R,75.0,A,,A,,A,,A,,A,,R,16.0
114789,2014,R,1959.0,R,6353.0,R,31.0,R,2044.0,Z,0.0,R,2044.0,R,1370.0,R,67.0,R,1709.0,Z,0.0,R,1709.0,R,734.0,R,43.0,R,25.0
114813,2014,R,199.0,R,674.0,R,30.0,R,210.0,R,0.0,R,210.0,R,170.0,R,81.0,R,2.0,Z,0.0,R,2.0,R,0.0,R,0.0,R,11.0
114859,2014,R,2133.0,R,7839.0,R,27.0,R,1959.0,Z,0.0,R,1959.0,R,1414.0,R,72.0,R,2291.0,Z,0.0,R,2291.0,R,1329.0,R,58.0,R,29.0
114938,2014,R,472.0,R,1760.0,R,27.0,R,390.0,Z,0.0,R,390.0,R,277.0,R,71.0,R,588.0,Z,0.0,R,588.0,R,208.0,R,35.0,R,23.0
114947,2014,A,,A,,A,,A,,A,,A,,A,,A,,A,,A,,A,,A,,A,,R,16.0
115001,2014,R,1401.0,R,4090.0,R,34.0,R,1238.0,Z,0.0,R,1238.0,R,887.0,R,72.0,R,1060.0,Z,0.0,R,1060.0,R,577.0,R,54.0,R,26.0
115010,2014,A,,A,,A,,R,94.0,R,0.0,R,94.0,R,62.0,R,66.0,A,,A,,A,,A,,A,,R,16.0
115083,2014,A,,A,,A,,R,0.0,Z,0.0,R,0.0,R,0.0,A,,R,0.0,Z,0.0,R,0.0,R,0.0,A,,R,12.0
115126,2014,R,1265.0,R,4344.0,R,29.0,R,1113.0,Z,0.0,R,1113.0,R,795.0,R,71.0,R,1012.0,Z,0.0,R,1012.0,R,526.0,R,52.0,R,31.0
115296,2014,R,1435.0,R,5414.0,R,27.0,R,1516.0,Z,0.0,R,1516.0,R,1026.0,R,68.0,R,1511.0,Z,0.0,R,1511.0,R,774.0,R,51.0,R,28.0
115357,2014,A,,A,,A,,R,7.0,R,0.0,R,7.0,R,5.0,R,71.0,A,,A,,A,,A,,A,,R,14.0
115393,2014,R,888.0,R,3093.0,R,29.0,R,774.0,Z,0.0,R,774.0,R,582.0,R,75.0,R,953.0,Z,0.0,R,953.0,R,305.0,R,32.0,R,31.0
115409,2014,R,194.0,R,198.0,R,98.0,R,217.0,R,0.0,R,217.0,R,210.0,R,97.0,A,,A,,A,,A,,A,,R,8.0
115454,2014,R,27.0,R,110.0,R,25.0,R,75.0,R,0.0,R,75.0,R,46.0,R,61.0,R,52.0,R,0.0,R,52.0,R,17.0,R,33.0,R,23.0
115472,2014,R,100.0,R,229.0,R,44.0,R,143.0,R,0.0,R,143.0,R,79.0,R,55.0,R,72.0,R,0.0,R,72.0,R,34.0,R,47.0,R,25.0
115490,2014,R,48.0,R,162.0,R,30.0,R,82.0,R,0.0,R,82.0,R,38.0,R,46.0,R,84.0,R,0.0,R,84.0,R,37.0,R,44.0,R,34.0
115515,2014,R,25.0,R,98.0,R,26.0,R,62.0,R,0.0,R,62.0,R,33.0,R,53.0,R,55.0,R,0.0,R,55.0,R,24.0,R,44.0,R,16.0
115533,2014,R,71.0,R,174.0,R,41.0,R,111.0,R,0.0,R,111.0,R,77.0,R,69.0,R,54.0,R,0.0,R,54.0,R,30.0,R,56.0,R,24.0
115658,2014,A,,A,,A,,R,1.0,Z,0.0,R,1.0,R,1.0,R,100.0,R,22.0,Z,0.0,R,22.0,R,19.0,R,86.0,R,15.0
115728,2014,R,88.0,R,163.0,R,54.0,R,85.0,R,0.0,R,85.0,R,61.0,R,72.0,R,2.0,R,0.0,R,2.0,R,1.0,R,50.0,R,9.0
115755,2014,R,1364.0,R,2378.0,R,57.0,R,1344.0,Z,0.0,R,1344.0,R,996.0,R,74.0,R,24.0,Z,0.0,R,24.0,R,5.0,R,21.0,R,23.0
115773,2014,R,31.0,R,101.0,R,31.0,R,31.0,R,0.0,R,31.0,R,24.0,R,77.0,R,7.0,R,0.0,R,7.0,R,5.0,R,71.0,R,18.0
115861,2014,R,1152.0,R,2656.0,R,43.0,R,1048.0,R,0.0,R,1048.0,R,690.0,R,66.0,R,482.0,R,0.0,R,482.0,R,288.0,R,60.0,R,29.0
115931,2014,A,,A,,A,,R,153.0,Z,0.0,R,153.0,R,131.0,R,86.0,A,,A,,A,,A,,A,,R,15.0
116226,2014,R,6.0,R,25.0,R,24.0,R,0.0,R,0.0,R,0.0,R,0.0,A,,R,10.0,R,0.0,R,10.0,R,8.0,R,80.0,R,12.0
116350,2014,A,,A,,A,,R,67.0,Z,0.0,R,67.0,R,55.0,R,82.0,A,,A,,A,,A,,A,,R,12.0
116439,2014,R,1386.0,R,4512.0,R,31.0,R,1277.0,Z,0.0,R,1277.0,R,1011.0,R,79.0,R,1147.0,Z,0.0,R,1147.0,R,623.0,R,54.0,R,29.0
116466,2014,R,103.0,R,120.0,R,86.0,R,0.0,R,0.0,R,0.0,R,0.0,A,,R,0.0,R,0.0,R,0.0,R,0.0,A,,R,35.0
116475,2014,R,53.0,R,62.0,R,85.0,R,0.0,R,0.0,R,0.0,R,0.0,A,,R,0.0,R,0.0,R,0.0,R,0.0,A,,R,29.0
116484,2014,R,76.0,R,94.0,R,81.0,R,0.0,R,0.0,R,0.0,R,0.0,A,,R,0.0,R,0.0,R,0.0,R,0.0,A,,R,28.0
116563,2014,A,,A,,A,,R,32.0,R,0.0,R,32.0,R,26.0,R,81.0,A,,A,,A,,A,,A,,R,14.0
116712,2014,A,,A,,A,,A,,A,,A,,A,,A,,A,,A,,A,,A,,A,,R,5.0
116846,2014,R,12.0,R,31.0,R,39.0,R,7.0,R,0.0,R,7.0,R,6.0,R,86.0,R,0.0,R,0.0,R,0.0,R,0.0,A,,R,5.0
117052,2014,R,1843.0,R,5135.0,R,36.0,R,1741.0,Z,0.0,R,1741.0,R,1156.0,R,66.0,R,1068.0,Z,0.0,R,1068.0,R,470.0,R,44.0,R,27.0
117104,2014,R,97.0,R,213.0,R,46.0,R,45.0,Z,0.0,R,45.0,R,23.0,R,51.0,R,1.0,R,0.0,R,1.0,R,1.0,R,100.0,R,16.0
117113,2014,R,227.0,R,559.0,R,41.0,R,137.0,Z,0.0,R,137.0,R,76.0,R,55.0,R,16.0,Z,0.0,R,16.0,R,3.0,R,19.0,R,22.0
117140,2014,R,565.0,R,1189.0,R,48.0,R,561.0,R,1.0,R,560.0,R,483.0,R,86.0,R,2.0,R,0.0,R,2.0,R,2.0,R,100.0,R,17.0
117168,2014,R,67.0,R,149.0,R,45.0,R,67.0,R,0.0,R,67.0,R,51.0,R,76.0,R,1.0,R,0.0,R,1.0,R,1.0,R,100.0,R,12.0
117195,2014,R,126.0,R,775.0,R,16.0,R,120.0,Z,0.0,R,120.0,R,72.0,R,60.0,R,175.0,Z,0.0,R,175.0,R,49.0,R,28.0,R,17.0
117238,2014,A,,A,,A,,R,9.0,R,0.0,R,9.0,R,8.0,R,89.0,A,,A,,A,,A,,A,,R,21.0
117247,2014,R,302.0,R,3334.0,R,9.0,R,395.0,Z,0.0,R,395.0,R,222.0,R,56.0,R,1223.0,Z,0.0,R,1223.0,R,391.0,R,32.0,R,23.0
117274,2014,R,188.0,R,1309.0,R,14.0,R,167.0,Z,0.0,R,167.0,R,81.0,R,49.0,R,610.0,Z,0.0,R,610.0,R,65.0,R,11.0,R,19.0
117557,2014,R,12.0,R,38.0,R,32.0,R,4.0,R,0.0,R,4.0,R,3.0,R,75.0,R,0.0,R,0.0,R,0.0,R,0.0,A,,R,28.0
117575,2014,R,1.0,R,17.0,R,6.0,R,2.0,R,0.0,R,2.0,R,1.0,R,50.0,R,2.0,R,0.0,R,2.0,R,0.0,R,0.0,R,14.0
117627,2014,R,461.0,R,739.0,R,62.0,R,333.0,R,0.0,R,333.0,R,256.0,R,77.0,R,7.0,R,0.0,R,7.0,R,2.0,R,29.0,R,15.0
117636,2014,A,,A,,A,,A,,A,,A,,A,,A,,A,,A,,A,,A,,A,,R,3.0
117645,2014,R,2494.0,R,7192.0,R,35.0,R,2310.0,Z,0.0,R,2310.0,R,1689.0,R,73.0,R,1898.0,Z,0.0,R,1898.0,R,951.0,R,50.0,R,28.0
117672,2014,A,,A,,A,,A,,A,,A,,A,,A,,R,0.0,R,0.0,R,0.0,R,0.0,A,,R,17.0
117690,2014,R,552.0,R,3011.0,R,18.0,R,515.0,Z,0.0,R,515.0,R,382.0,R,74.0,R,969.0,Z,0.0,R,969.0,R,514.0,R,53.0,R,33.0
117706,2014,R,1335.0,R,6198.0,R,22.0,R,1235.0,Z,0.0,R,1235.0,R,924.0,R,75.0,R,2215.0,Z,0.0,R,2215.0,R,1184.0,R,53.0,R,39.0
117715,2014,R,196.0,R,2243.0,R,9.0,R,276.0,Z,0.0,R,276.0,R,159.0,R,58.0,R,695.0,Z,0.0,R,695.0,R,247.0,R,36.0,R,25.0
117724,2014,R,488.0,R,5013.0,R,10.0,R,536.0,Z,0.0,R,536.0,R,322.0,R,60.0,R,1539.0,Z,0.0,R,1539.0,R,553.0,R,36.0,R,35.0
117733,2014,R,871.0,R,5246.0,R,17.0,R,813.0,Z,0.0,R,813.0,R,596.0,R,73.0,R,1894.0,Z,0.0,R,1894.0,R,906.0,R,48.0,R,37.0
117751,2014,R,194.0,R,331.0,R,59.0,R,188.0,R,0.0,R,188.0,R,162.0,R,86.0,R,0.0,R,0.0,R,0.0,R,0.0,A,,R,10.0
117788,2014,R,819.0,R,5665.0,R,14.0,R,809.0,Z,0.0,R,809.0,R,508.0,R,63.0,R,1787.0,Z,0.0,R,1787.0,R,678.0,R,38.0,R,36.0
117803,2014,A,,A,,A,,A,,A,,A,,A,,A,,A,,A,,A,,A,,A,,R,3.0
117867,2014,R,512.0,R,3254.0,R,16.0,R,343.0,Z,0.0,R,343.0,R,243.0,R,71.0,R,821.0,Z,0.0,R,821.0,R,433.0,R,53.0,R,34.0
117894,2014,R,707.0,R,2424.0,R,29.0,R,528.0,Z,0.0,R,528.0,R,405.0,R,77.0,R,709.0,Z,0.0,R,709.0,R,379.0,R,53.0,R,24.0
117928,2014,R,126.0,R,288.0,R,44.0,R,111.0,Z,0.0,R,111.0,R,55.0,R,50.0,R,44.0,Z,0.0,R,44.0,R,17.0,R,39.0,R,16.0
117946,2014,R,1348.0,R,1784.0,R,76.0,R,1340.0,R,1.0,R,1339.0,R,1203.0,R,90.0,R,1.0,Z,0.0,R,1.0,R,1.0,R,100.0,R,11.0
117955,2014,A,,A,,A,,R,53.0,R,0.0,R,53.0,R,46.0,R,87.0,A,,A,,A,,A,,A,,R,15.0
118116,2014,A,,A,,A,,R,5.0,R,0.0,R,5.0,R,3.0,R,60.0,R,52.0,R,0.0,R,52.0,R,38.0,R,73.0,R,15.0
118125,2014,A,,A,,A,,R,9.0,R,0.0,R,9.0,R,6.0,R,67.0,R,21.0,R,0.0,R,21.0,R,15.0,R,71.0,R,15.0
118134,2014,A,,A,,A,,R,4.0,R,0.0,R,4.0,R,4.0,R,100.0,R,4.0,R,0.0,R,4.0,R,4.0,R,100.0,R,11.0
118143,2014,A,,A,,A,,R,4.0,R,0.0,R,4.0,R,3.0,R,75.0,R,1.0,R,0.0,R,1.0,R,1.0,R,100.0,R,15.0
118161,2014,A,,A,,A,,R,16.0,R,0.0,R,16.0,R,14.0,R,88.0,A,,A,,A,,A,,A,,R,10.0
118189,2014,A,,A,,A,,R,126.0,R,0.0,R,126.0,R,100.0,R,79.0,A,,A,,A,,A,,A,,R,15.0
118198,2014,A,,A,,A,,R,332.0,R,0.0,R,332.0,R,271.0,R,82.0,R,0.0,R,0.0,R,0.0,R,0.0,A,,R,27.0
118259,2014,A,,A,,A,,R,65.0,R,0.0,R,65.0,R,46.0,R,71.0,A,,A,,A,,A,,A,,R,19.0
118277,2014,A,,A,,A,,R,113.0,R,0.0,R,113.0,R,97.0,R,86.0,A,,A,,A,,A,,A,,R,20.0
118286,2014,A,,A,,A,,R,180.0,R,0.0,R,180.0,R,158.0,R,88.0,A,,A,,A,,A,,A,,R,24.0
118347,2014,R,237.0,R,1370.0,R,17.0,R,241.0,Z,0.0,R,241.0,R,157.0,R,65.0,R,492.0,Z,0.0,R,492.0,R,208.0,R,42.0,R,17.0
118356,2014,A,,A,,A,,R,573.0,R,0.0,R,573.0,R,337.0,R,59.0,R,83.0,R,0.0,R,83.0,R,77.0,R,93.0,R,24.0
118541,2014,R,312.0,R,421.0,R,74.0,R,288.0,R,0.0,R,288.0,R,197.0,R,68.0,R,2.0,R,0.0,R,2.0,R,1.0,R,50.0,R,18.0
118684,2014,R,230.0,R,1048.0,R,22.0,R,236.0,Z,0.0,R,236.0,R,138.0,R,58.0,R,169.0,Z,0.0,R,169.0,R,52.0,R,31.0,R,16.0
118693,2014,R,190.0,R,278.0,R,68.0,R,134.0,Z,0.0,R,134.0,R,107.0,R,80.0,A,,A,,A,,A,,A,,R,15.0
118718,2014,R,1064.0,R,2556.0,R,42.0,R,1048.0,Z,0.0,R,1048.0,R,762.0,R,73.0,R,582.0,Z,0.0,R,582.0,R,272.0,R,47.0,R,28.0
118772,2014,R,189.0,R,2152.0,R,9.0,R,161.0,Z,0.0,R,161.0,R,80.0,R,50.0,R,638.0,Z,0.0,R,638.0,R,202.0,R,32.0,R,24.0
118888,2014,R,187.0,R,305.0,R,61.0,R,194.0,R,0.0,R,194.0,R,138.0,R,71.0,R,0.0,R,0.0,R,0.0,R,0.0,A,,R,11.0
118912,2014,R,1366.0,R,4659.0,R,29.0,R,1236.0,Z,0.0,R,1236.0,R,881.0,R,71.0,R,1459.0,Z,0.0,R,1459.0,R,655.0,R,45.0,R,29.0
118921,2014,A,,A,,A,,R,110.0,R,0.0,R,110.0,R,63.0,R,57.0,R,56.0,R,0.0,R,56.0,R,45.0,R,80.0,R,18.0
118930,2014,R,302.0,R,2342.0,R,13.0,R,358.0,Z,0.0,R,358.0,R,247.0,R,69.0,R,450.0,Z,0.0,R,450.0,R,169.0,R,38.0,R,21.0
118958,2014,A,,A,,A,,R,7.0,Z,0.0,R,7.0,R,4.0,R,57.0,A,,A,,A,,A,,A,,R,15.0
118967,2014,A,,A,,A,,R,96.0,R,0.0,R,96.0,R,76.0,R,79.0,A,,A,,A,,A,,A,,R,40.0
118976,2014,R,1483.0,R,4424.0,R,34.0,R,1497.0,Z,0.0,R,1497.0,R,1103.0,R,74.0,R,1483.0,Z,0.0,R,1483.0,R,815.0,R,55.0,R,32.0
118994,2014,A,,A,,A,,R,6.0,R,0.0,R,6.0,R,6.0,R,100.0,A,,A,,A,,A,,A,,R,20.0
119058,2014,A,,A,,A,,A,,A,,A,,A,,A,,A,,A,,A,,A,,A,,R,1.0
119067,2014,R,580.0,R,2363.0,R,25.0,R,365.0,Z,0.0,R,365.0,R,255.0,R,70.0,R,1248.0,Z,0.0,R,1248.0,R,175.0,R,14.0,R,24.0
119137,2014,R,1721.0,R,4222.0,R,41.0,R,1765.0,Z,0.0,R,1765.0,R,1363.0,R,77.0,R,1148.0,Z,0.0,R,1148.0,R,634.0,R,55.0,R,34.0
119164,2014,R,2561.0,R,7389.0,R,35.0,R,2540.0,Z,0.0,R,2540.0,R,2024.0,R,80.0,R,2081.0,Z,0.0,R,2081.0,R,1304.0,R,63.0,R,26.0
119173,2014,R,463.0,R,782.0,R,59.0,R,312.0,R,0.0,R,312.0,R,241.0,R,77.0,R,1.0,R,0.0,R,1.0,R,0.0,R,0.0,R,12.0
119216,2014,R,1136.0,R,4228.0,R,27.0,R,917.0,Z,0.0,R,917.0,R,627.0,R,68.0,R,1540.0,Z,0.0,R,1540.0,R,833.0,R,54.0,R,29.0
119234,2014,R,22.0,R,102.0,R,22.0,R,21.0,R,0.0,R,21.0,R,12.0,R,57.0,R,72.0,R,0.0,R,72.0,R,42.0,R,58.0,R,5.0
119270,2014,R,303.0,R,435.0,R,70.0,R,24.0,R,1.0,R,23.0,R,15.0,R,65.0,R,1.0,R,0.0,R,1.0,R,0.0,R,0.0,R,5.0
119331,2014,R,530.0,R,1792.0,R,30.0,R,489.0,Z,0.0,R,489.0,R,367.0,R,75.0,R,534.0,Z,0.0,R,534.0,R,276.0,R,52.0,R,21.0
119359,2014,A,,A,,A,,R,131.0,R,0.0,R,131.0,R,102.0,R,78.0,A,,A,,A,,A,,A,,R,30.0
119456,2014,A,,A,,A,,R,86.0,R,0.0,R,86.0,R,57.0,R,66.0,A,,A,,A,,A,,A,,R,30.0
119465,2014,A,,A,,A,,R,71.0,R,0.0,R,71.0,R,58.0,R,82.0,A,,A,,A,,A,,A,,R,30.0
119508,2014,A,,A,,A,,R,119.0,R,2.0,R,117.0,R,91.0,R,78.0,R,0.0,R,0.0,R,0.0,R,0.0,A,,R,24.0
119544,2014,A,,A,,A,,R,21.0,R,0.0,R,21.0,R,0.0,R,0.0,R,4.0,R,0.0,R,4.0,R,0.0,R,0.0,R,2.0
119553,2014,A,,A,,A,,R,176.0,R,0.0,R,176.0,R,154.0,R,88.0,A,,A,,A,,A,,A,,R,19.0
119605,2014,A,,A,,A,,R,110.0,R,0.0,R,110.0,R,66.0,R,60.0,R,521.0,R,0.0,R,521.0,R,165.0,R,32.0,R,20.0
119775,2014,R,37.0,R,114.0,R,32.0,R,21.0,R,0.0,R,21.0,R,12.0,R,57.0,R,0.0,R,0.0,R,0.0,R,0.0,A,,R,8.0
119845,2014,A,,A,,A,,R,27.0,Z,0.0,R,27.0,R,22.0,R,81.0,R,5.0,Z,0.0,R,5.0,R,4.0,R,80.0,R,15.0
119951,2014,A,,A,,A,,R,43.0,R,0.0,R,43.0,R,38.0,R,88.0,A,,A,,A,,A,,A,,R,14.0
120069,2014,A,,A,,A,,R,71.0,R,0.0,R,71.0,R,60.0,R,85.0,A,,A,,A,,A,,A,,R,30.0
120078,2014,A,,A,,A,,R,176.0,R,0.0,R,176.0,R,124.0,R,70.0,A,,A,,A,,A,,A,,R,39.0
120087,2014,A,,A,,A,,R,36.0,R,0.0,R,36.0,R,24.0,R,67.0,A,,A,,A,,A,,A,,R,17.0
120184,2014,R,175.0,R,346.0,R,51.0,R,172.0,R,0.0,R,172.0,R,129.0,R,75.0,R,0.0,R,0.0,R,0.0,R,0.0,A,,R,11.0
120254,2014,R,546.0,R,602.0,R,91.0,R,548.0,R,0.0,R,548.0,R,507.0,R,93.0,A,,A,,A,,A,,A,,R,10.0
120272,2014,A,,A,,A,,R,14.0,Z,0.0,R,14.0,R,10.0,R,71.0,A,,A,,A,,A,,A,,R,18.0
120290,2014,R,776.0,R,4471.0,R,17.0,R,768.0,Z,0.0,R,768.0,R,591.0,R,77.0,R,1012.0,Z,0.0,R,1012.0,R,392.0,R,39.0,R,26.0
120342,2014,R,2285.0,R,6588.0,R,35.0,R,1842.0,Z,0.0,R,1842.0,R,1408.0,R,76.0,R,1610.0,Z,0.0,R,1610.0,R,894.0,R,56.0,R,33.0
120403,2014,R,238.0,R,366.0,R,65.0,R,160.0,R,0.0,R,160.0,R,126.0,R,79.0,A,,A,,A,,A,,A,,R,7.0
120421,2014,R,585.0,R,2286.0,R,26.0,R,504.0,Z,0.0,R,504.0,R,366.0,R,73.0,R,497.0,Z,0.0,R,497.0,R,208.0,R,42.0,R,32.0
120537,2014,R,84.0,R,245.0,R,34.0,R,68.0,R,0.0,R,68.0,R,55.0,R,81.0,R,0.0,R,0.0,R,0.0,R,0.0,A,,R,14.0
120661,2014,A,,A,,A,,R,219.0,Z,0.0,R,219.0,R,135.0,R,62.0,A,,A,,A,,A,,A,,R,26.0
120698,2014,A,,A,,A,,A,,A,,A,,A,,A,,A,,A,,A,,A,,A,,R,17.0
120768,2014,A,,A,,A,,A,,A,,A,,A,,A,,A,,A,,A,,A,,A,,R,10.0
120838,2014,R,1.0,R,2.0,R,50.0,R,0.0,R,0.0,R,0.0,R,0.0,A,,A,,A,,A,,A,,A,,R,10.0
120865,2014,R,324.0,R,479.0,R,68.0,R,239.0,R,0.0,R,239.0,R,188.0,R,79.0,R,1.0,R,0.0,R,1.0,R,1.0,R,100.0,R,16.0
120883,2014,R,923.0,R,1150.0,R,80.0,R,740.0,R,0.0,R,740.0,R,636.0,R,86.0,R,0.0,R,0.0,R,0.0,R,0.0,A,,R,14.0
120953,2014,R,89.0,R,1148.0,R,8.0,R,62.0,Z,0.0,R,62.0,R,33.0,R,53.0,R,642.0,Z,0.0,R,642.0,R,140.0,R,22.0,R,33.0
120971,2014,R,2036.0,R,7083.0,R,29.0,R,1925.0,Z,0.0,R,1925.0,R,1372.0,R,71.0,R,1858.0,Z,0.0,R,1858.0,R,904.0,R,49.0,R,26.0
121017,2014,A,,A,,A,,R,11.0,R,0.0,R,11.0,R,9.0,R,82.0,R,28.0,R,0.0,R,28.0,R,24.0,R,86.0,R,25.0
121044,2014,R,2929.0,R,8074.0,R,36.0,R,3343.0,Z,0.0,R,3343.0,R,2036.0,R,61.0,R,2474.0,Z,0.0,R,2474.0,R,1357.0,R,55.0,R,20.0
121150,2014,R,655.0,R,792.0,R,83.0,R,783.0,R,0.0,R,783.0,R,724.0,R,92.0,R,1.0,R,0.0,R,1.0,R,1.0,R,100.0,R,12.0
121257,2014,R,268.0,R,288.0,R,93.0,R,265.0,R,2.0,R,263.0,R,237.0,R,90.0,A,,A,,A,,A,,A,,R,12.0
121275,2014,A,,A,,A,,R,0.0,R,0.0,R,0.0,R,0.0,A,,A,,A,,A,,A,,A,,R,20.0
121309,2014,R,587.0,R,787.0,R,75.0,R,645.0,R,0.0,R,645.0,R,545.0,R,84.0,R,2.0,R,0.0,R,2.0,R,1.0,R,50.0,R,14.0
121345,2014,R,450.0,R,466.0,R,97.0,R,396.0,R,0.0,R,396.0,R,390.0,R,98.0,R,0.0,Z,0.0,R,0.0,Z,0.0,A,,R,7.0
121363,2014,R,433.0,R,1102.0,R,39.0,R,414.0,Z,0.0,R,414.0,R,289.0,R,70.0,R,240.0,Z,0.0,R,240.0,R,113.0,R,47.0,R,27.0
121381,2014,R,50.0,R,57.0,R,88.0,R,0.0,R,0.0,R,0.0,R,0.0,A,,R,0.0,R,0.0,R,0.0,R,0.0,A,,R,20.0
121433,2014,A,,A,,A,,R,15.0,Z,0.0,R,15.0,R,10.0,R,67.0,A,,A,,A,,A,,A,,R,20.0
121619,2014,R,1404.0,R,7534.0,R,19.0,R,1209.0,Z,0.0,R,1209.0,R,860.0,R,71.0,R,2860.0,R,65.0,R,2795.0,R,1095.0,R,39.0,R,38.0
121637,2014,A,,A,,A,,R,14.0,R,0.0,R,14.0,R,12.0,R,86.0,A,,A,,A,,A,,A,,R,16.0
121691,2014,R,740.0,R,991.0,R,75.0,R,662.0,R,0.0,R,662.0,R,579.0,R,87.0,R,1.0,R,0.0,R,1.0,R,0.0,R,0.0,R,14.0
121707,2014,R,334.0,R,1672.0,R,20.0,R,310.0,R,0.0,R,310.0,R,179.0,R,58.0,R,272.0,R,0.0,R,272.0,R,126.0,R,46.0,R,19.0
121859,2014,A,,A,,A,,R,41.0,R,0.0,R,41.0,R,30.0,R,73.0,R,29.0,R,0.0,R,29.0,R,17.0,R,59.0,R,19.0
121868,2014,A,,A,,A,,R,47.0,R,1.0,R,46.0,R,39.0,R,85.0,R,0.0,R,0.0,R,0.0,R,0.0,A,,R,24.0
121886,2014,R,786.0,R,4379.0,R,18.0,R,950.0,Z,0.0,R,950.0,R,751.0,R,79.0,R,1606.0,Z,0.0,R,1606.0,R,739.0,R,46.0,R,29.0
121901,2014,R,1526.0,R,5699.0,R,27.0,R,1359.0,Z,0.0,R,1359.0,R,921.0,R,68.0,R,1714.0,Z,0.0,R,1714.0,R,843.0,R,49.0,R,27.0
121983,2014,R,1.0,R,17.0,R,6.0,R,0.0,Z,0.0,R,0.0,Z,0.0,A,,R,3.0,Z,0.0,R,3.0,R,1.0,R,33.0,R,3.0
121992,2014,A,,A,,A,,R,171.0,R,0.0,R,171.0,R,149.0,R,87.0,R,32.0,R,0.0,R,32.0,R,28.0,R,88.0,R,30.0
122117,2014,A,,A,,A,,A,,A,,A,,A,,A,,A,,A,,A,,A,,A,,R,20.0
122126,2014,A,,A,,A,,A,,A,,A,,A,,A,,A,,A,,A,,A,,A,,R,6.0
122180,2014,R,1354.0,R,8072.0,R,17.0,R,1264.0,Z,0.0,R,1264.0,R,879.0,R,70.0,R,3363.0,Z,0.0,R,3363.0,R,954.0,R,28.0,R,28.0
122205,2014,R,1321.0,R,5264.0,R,25.0,R,1566.0,Z,0.0,R,1566.0,R,1201.0,R,77.0,R,1666.0,Z,0.0,R,1666.0,R,841.0,R,50.0,R,26.0
122296,2014,A,,A,,A,,A,,A,,A,,A,,A,,A,,A,,A,,A,,A,,R,8.0
122339,2014,R,978.0,R,6007.0,R,16.0,R,827.0,Z,0.0,R,827.0,R,571.0,R,69.0,R,1149.0,Z,0.0,R,1149.0,R,453.0,R,39.0,R,27.0
122366,2014,R,51.0,R,58.0,R,88.0,R,15.0,R,0.0,R,15.0,R,12.0,R,80.0,R,4.0,R,0.0,R,4.0,R,1.0,R,25.0,R,25.0
122375,2014,R,1398.0,R,9188.0,R,15.0,R,1288.0,Z,0.0,R,1288.0,R,878.0,R,68.0,R,1925.0,Z,0.0,R,1925.0,R,701.0,R,36.0,R,30.0
122384,2014,R,690.0,R,4398.0,R,16.0,R,546.0,Z,0.0,R,546.0,R,384.0,R,70.0,R,923.0,Z,0.0,R,923.0,R,373.0,R,40.0,R,30.0
122409,2014,R,4779.0,R,8803.0,R,54.0,R,4432.0,Z,0.0,R,4432.0,R,3891.0,R,88.0,R,328.0,Z,0.0,R,328.0,R,259.0,R,79.0,R,28.0
122436,2014,R,1129.0,R,1534.0,R,74.0,R,1238.0,R,0.0,R,1238.0,R,1112.0,R,90.0,R,0.0,R,0.0,R,0.0,R,0.0,A,,R,15.0
122454,2014,R,79.0,R,146.0,R,54.0,R,72.0,R,0.0,R,72.0,R,50.0,R,69.0,R,0.0,R,0.0,R,0.0,R,0.0,A,,R,11.0
122506,2014,R,41.0,R,53.0,R,77.0,R,33.0,R,0.0,R,33.0,R,27.0,R,82.0,A,,A,,A,,A,,A,,R,7.0
122597,2014,R,3630.0,R,7726.0,R,47.0,R,3549.0,Z,0.0,R,3549.0,R,2967.0,R,84.0,R,61.0,Z,0.0,R,61.0,R,24.0,R,39.0,R,24.0
122612,2014,R,1499.0,R,2068.0,R,72.0,R,1146.0,R,0.0,R,1146.0,R,999.0,R,87.0,R,2.0,R,0.0,R,2.0,R,1.0,R,50.0,R,14.0
122658,2014,R,2109.0,R,5341.0,R,39.0,R,1592.0,Z,0.0,R,1592.0,R,1219.0,R,77.0,R,1099.0,Z,0.0,R,1099.0,R,627.0,R,57.0,R,38.0
122685,2014,A,,A,,A,,R,490.0,R,0.0,R,490.0,R,334.0,R,68.0,A,,A,,A,,A,,A,,R,20.0
122728,2014,R,213.0,R,396.0,R,54.0,R,158.0,R,0.0,R,158.0,R,125.0,R,79.0,R,5.0,R,0.0,R,5.0,R,1.0,R,20.0,R,13.0
122746,2014,R,404.0,R,2875.0,R,14.0,R,482.0,Z,0.0,R,482.0,R,296.0,R,61.0,R,492.0,Z,0.0,R,492.0,R,201.0,R,41.0,R,24.0
122755,2014,R,3396.0,R,7509.0,R,45.0,R,3644.0,Z,0.0,R,3644.0,R,3156.0,R,87.0,R,92.0,Z,0.0,R,92.0,R,68.0,R,74.0,R,27.0
122791,2014,R,654.0,R,2922.0,R,22.0,R,834.0,Z,0.0,R,834.0,R,601.0,R,72.0,R,780.0,Z,0.0,R,780.0,R,363.0,R,47.0,R,24.0
122834,2014,R,40.0,R,363.0,R,11.0,R,0.0,R,0.0,R,0.0,R,0.0,A,,R,0.0,R,0.0,R,0.0,R,0.0,A,,R,11.0
122843,2014,R,133.0,R,207.0,R,64.0,R,11.0,R,0.0,R,11.0,R,2.0,R,18.0,R,8.0,R,0.0,R,8.0,R,1.0,R,13.0,R,13.0
122852,2014,R,27.0,R,141.0,R,19.0,R,0.0,R,0.0,R,0.0,R,0.0,A,,R,0.0,R,0.0,R,0.0,R,0.0,A,,R,8.0
122889,2014,R,3057.0,R,6460.0,R,47.0,R,2134.0,Z,0.0,R,2134.0,R,1068.0,R,50.0,R,911.0,Z,0.0,R,911.0,R,392.0,R,43.0,R,49.0
122931,2014,R,1318.0,R,1493.0,R,88.0,R,1291.0,R,0.0,R,1291.0,R,1242.0,R,96.0,R,0.0,R,0.0,R,0.0,R,0.0,A,,R,12.0
122977,2014,R,3236.0,R,8987.0,R,36.0,R,2956.0,Z,0.0,R,2956.0,R,2092.0,R,71.0,R,2647.0,Z,0.0,R,2647.0,R,1454.0,R,55.0,R,30.0
123013,2014,R,1579.0,R,5419.0,R,29.0,R,1349.0,Z,0.0,R,1349.0,R,1012.0,R,75.0,R,1361.0,Z,0.0,R,1361.0,R,681.0,R,50.0,R,23.0
123165,2014,R,249.0,R,260.0,R,96.0,R,272.0,R,0.0,R,272.0,R,257.0,R,94.0,R,0.0,R,0.0,R,0.0,R,0.0,A,,R,10.0
123208,2014,A,,A,,A,,R,133.0,R,0.0,R,133.0,R,98.0,R,74.0,A,,A,,A,,A,,A,,R,13.0
123217,2014,R,1411.0,R,3111.0,R,45.0,R,1341.0,Z,0.0,R,1341.0,R,945.0,R,70.0,R,711.0,Z,0.0,R,711.0,R,344.0,R,48.0,R,30.0
123280,2014,R,4.0,R,10.0,R,40.0,R,6.0,R,0.0,R,6.0,R,5.0,R,83.0,R,1.0,R,0.0,R,1.0,R,0.0,R,0.0,R,5.0
123299,2014,R,664.0,R,2270.0,R,29.0,R,861.0,Z,0.0,R,861.0,R,514.0,R,60.0,R,575.0,Z,0.0,R,575.0,R,196.0,R,34.0,R,25.0
123341,2014,R,1816.0,R,5399.0,R,34.0,R,1705.0,Z,0.0,R,1705.0,R,1146.0,R,67.0,R,1636.0,Z,0.0,R,1636.0,R,895.0,R,55.0,R,26.0
123350,2014,A,,A,,A,,R,34.0,R,10.0,R,24.0,R,16.0,R,67.0,A,,A,,A,,A,,A,,R,13.0
123396,2014,A,,A,,A,,R,9.0,R,0.0,R,9.0,R,7.0,R,78.0,A,,A,,A,,A,,A,,R,14.0
123457,2014,R,126.0,R,344.0,R,37.0,R,149.0,R,0.0,R,149.0,R,109.0,R,73.0,R,0.0,Z,0.0,R,0.0,Z,0.0,A,,R,11.0
123484,2014,R,208.0,R,687.0,R,30.0,R,192.0,Z,0.0,R,192.0,R,93.0,R,48.0,R,241.0,Z,0.0,R,241.0,R,26.0,R,11.0,R,15.0
123493,2014,A,,A,,A,,R,663.0,R,3.0,R,660.0,R,608.0,R,92.0,R,86.0,R,1.0,R,85.0,R,65.0,R,76.0,R,26.0
123509,2014,R,494.0,R,2804.0,R,18.0,R,559.0,Z,0.0,R,559.0,R,446.0,R,80.0,R,666.0,Z,0.0,R,666.0,R,308.0,R,46.0,R,25.0
123527,2014,R,983.0,R,3529.0,R,28.0,R,804.0,Z,0.0,R,804.0,R,530.0,R,66.0,R,1100.0,Z,0.0,R,1100.0,R,626.0,R,57.0,R,28.0
123554,2014,R,581.0,R,771.0,R,75.0,R,622.0,R,0.0,R,622.0,R,553.0,R,89.0,A,,A,,A,,A,,A,,R,13.0
123563,2014,R,651.0,R,2642.0,R,25.0,R,763.0,Z,0.0,R,763.0,R,564.0,R,74.0,R,568.0,Z,0.0,R,568.0,R,254.0,R,45.0,R,23.0
123572,2014,R,1794.0,R,2653.0,R,68.0,R,1767.0,Z,0.0,R,1767.0,R,1437.0,R,81.0,R,40.0,Z,0.0,R,40.0,R,18.0,R,45.0,R,26.0
123581,2014,A,,A,,A,,R,36.0,R,0.0,R,36.0,R,30.0,R,83.0,A,,A,,A,,A,,A,,R,13.0
123633,2014,A,,A,,A,,A,,A,,A,,A,,A,,A,,A,,A,,A,,A,,R,15.0
123642,2014,A,,A,,A,,R,32.0,R,0.0,R,32.0,R,29.0,R,91.0,R,12.0,R,0.0,R,12.0,R,5.0,R,42.0,R,25.0
123651,2014,R,313.0,R,555.0,R,56.0,R,390.0,R,0.0,R,390.0,R,294.0,R,75.0,R,5.0,R,0.0,R,5.0,R,3.0,R,60.0,R,15.0
123679,2014,A,,A,,A,,R,217.0,Z,0.0,R,217.0,R,148.0,R,68.0,A,,A,,A,,A,,A,,R,25.0
123800,2014,R,1671.0,R,5034.0,R,33.0,R,1706.0,Z,0.0,R,1706.0,R,1214.0,R,71.0,R,1337.0,Z,0.0,R,1337.0,R,657.0,R,49.0,R,28.0
123952,2014,R,34.0,R,34.0,R,100.0,R,32.0,R,0.0,R,32.0,R,31.0,R,97.0,A,,A,,A,,A,,A,,R,15.0
123961,2014,R,3093.0,R,4842.0,R,64.0,R,2920.0,Z,0.0,R,2920.0,R,2823.0,R,97.0,R,2.0,Z,0.0,R,2.0,R,2.0,R,100.0,R,9.0
124113,2014,R,358.0,R,2159.0,R,17.0,R,330.0,Z,0.0,R,330.0,R,208.0,R,63.0,R,888.0,Z,0.0,R,888.0,R,92.0,R,10.0,R,31.0
124292,2014,R,89.0,R,102.0,R,87.0,R,88.0,R,0.0,R,88.0,R,85.0,R,97.0,A,,A,,A,,A,,A,,R,11.0
124344,2014,A,,A,,A,,R,105.0,R,0.0,R,105.0,R,68.0,R,65.0,R,29.0,R,0.0,R,29.0,R,24.0,R,83.0,R,22.0
124487,2014,R,5.0,R,44.0,R,11.0,R,9.0,R,0.0,R,9.0,R,3.0,R,33.0,R,23.0,R,0.0,R,23.0,R,2.0,R,9.0,R,9.0
124681,2014,A,,A,,A,,R,932.0,R,0.0,R,932.0,R,618.0,R,66.0,A,,A,,A,,A,,A,,R,30.0
124706,2014,A,,A,,A,,R,111.0,Z,0.0,R,111.0,R,68.0,R,61.0,A,,A,,A,,A,,A,,R,24.0
124779,2014,A,,A,,A,,R,3.0,Z,0.0,R,3.0,R,2.0,R,67.0,R,2.0,Z,0.0,R,2.0,R,1.0,R,50.0,R,9.0
124937,2014,A,,A,,A,,R,160.0,Z,0.0,R,160.0,R,128.0,R,80.0,A,,A,,A,,A,,A,,R,18.0
125028,2014,R,1274.0,R,3696.0,R,34.0,R,1236.0,Z,0.0,R,1236.0,R,931.0,R,75.0,R,885.0,Z,0.0,R,885.0,R,394.0,R,45.0,R,32.0
125082,2014,A,,A,,A,,R,28.0,Z,0.0,R,28.0,R,18.0,R,64.0,R,1.0,Z,0.0,R,1.0,R,1.0,R,100.0,R,25.0
125091,2014,R,1087.0,R,3471.0,R,31.0,R,985.0,Z,0.0,R,985.0,R,653.0,R,66.0,R,1040.0,Z,0.0,R,1040.0,R,496.0,R,48.0,R,26.0
125170,2014,R,325.0,R,2510.0,R,13.0,R,307.0,Z,0.0,R,307.0,R,162.0,R,53.0,R,881.0,Z,0.0,R,881.0,R,293.0,R,33.0,R,28.0
125231,2014,R,2.0,R,2403.0,R,0.0,R,3.0,R,0.0,R,3.0,R,1.0,R,33.0,R,226.0,R,0.0,R,226.0,R,48.0,R,21.0,R,17.0
125310,2014,A,,A,,A,,R,6.0,Z,0.0,R,6.0,R,5.0,R,83.0,R,4.0,Z,0.0,R,4.0,R,4.0,R,100.0,R,15.0
125462,2014,R,263.0,R,947.0,R,28.0,R,273.0,Z,0.0,R,273.0,R,169.0,R,62.0,R,353.0,Z,0.0,R,353.0,R,86.0,R,24.0,R,27.0
125471,2014,R,437.0,R,3601.0,R,12.0,R,333.0,Z,0.0,R,333.0,R,197.0,R,59.0,R,1083.0,Z,0.0,R,1083.0,R,460.0,R,42.0,R,30.0
125499,2014,R,626.0,R,2642.0,R,24.0,R,663.0,Z,0.0,R,663.0,R,507.0,R,76.0,R,589.0,Z,0.0,R,589.0,R,271.0,R,46.0,R,22.0
125532,2014,A,,A,,A,,R,59.0,R,0.0,R,59.0,R,44.0,R,75.0,R,1.0,R,0.0,R,1.0,R,1.0,R,100.0,R,23.0
125727,2014,R,374.0,R,442.0,R,85.0,R,275.0,R,0.0,R,275.0,R,251.0,R,91.0,R,0.0,R,0.0,R,0.0,R,0.0,A,,R,12.0
125763,2014,R,378.0,R,471.0,R,80.0,R,440.0,R,0.0,R,440.0,R,384.0,R,87.0,R,1.0,R,0.0,R,1.0,R,1.0,R,100.0,R,13.0
125897,2014,R,142.0,R,310.0,R,46.0,R,96.0,R,0.0,R,96.0,R,76.0,R,79.0,R,4.0,R,0.0,R,4.0,R,2.0,R,50.0,R,10.0
126076,2014,R,54.0,R,101.0,R,53.0,R,46.0,R,0.0,R,46.0,R,33.0,R,72.0,A,,A,,A,,A,,A,,R,23.0
126119,2014,R,784.0,R,2033.0,R,39.0,R,633.0,Z,0.0,R,633.0,R,412.0,R,65.0,R,607.0,Z,0.0,R,607.0,R,258.0,R,43.0,R,27.0
126164,2014,A,,A,,A,,R,14.0,R,0.0,R,14.0,R,9.0,R,64.0,A,,A,,A,,A,,A,,R,11.0
126182,2014,R,471.0,R,731.0,R,64.0,R,434.0,Z,0.0,R,434.0,R,253.0,R,58.0,R,4.0,Z,0.0,R,4.0,R,1.0,R,25.0,R,15.0
126207,2014,R,276.0,R,1782.0,R,15.0,R,378.0,R,0.0,R,378.0,R,237.0,R,63.0,R,285.0,R,0.0,R,285.0,R,147.0,R,52.0,R,17.0
126289,2014,R,345.0,R,2982.0,R,12.0,R,439.0,R,0.0,R,439.0,R,223.0,R,51.0,R,614.0,R,0.0,R,614.0,R,226.0,R,37.0,R,24.0
126359,2014,R,106.0,R,106.0,R,100.0,R,116.0,R,0.0,R,116.0,R,77.0,R,66.0,A,,A,,A,,A,,A,,R,29.0
126401,2014,A,,A,,A,,R,24.0,R,0.0,R,24.0,R,16.0,R,67.0,R,4.0,R,0.0,R,4.0,R,1.0,R,25.0,R,24.0
126562,2014,R,1248.0,R,3498.0,R,36.0,R,1081.0,R,0.0,R,1081.0,R,775.0,R,72.0,R,99.0,R,0.0,R,99.0,R,50.0,R,51.0,R,16.0
126580,2014,R,1661.0,R,3263.0,R,51.0,R,1515.0,Z,0.0,R,1515.0,R,1002.0,R,66.0,R,95.0,Z,0.0,R,95.0,R,49.0,R,52.0,R,15.0
126605,2014,R,102.0,R,115.0,R,89.0,R,90.0,R,1.0,R,89.0,R,59.0,R,66.0,R,1.0,R,0.0,R,1.0,R,1.0,R,100.0,R,13.0
126614,2014,R,5814.0,R,7414.0,R,78.0,R,5789.0,R,1.0,R,5788.0,R,4851.0,R,84.0,R,51.0,Z,0.0,R,51.0,R,27.0,R,53.0,R,18.0
126669,2014,R,383.0,R,2321.0,R,17.0,R,347.0,R,0.0,R,347.0,R,250.0,R,72.0,R,103.0,Z,0.0,R,103.0,R,25.0,R,24.0,R,14.0
126678,2014,R,549.0,R,597.0,R,92.0,R,522.0,R,0.0,R,522.0,R,491.0,R,94.0,A,,A,,A,,A,,A,,R,10.0
126687,2014,A,,A,,A,,R,189.0,R,0.0,R,189.0,R,108.0,R,57.0,A,,A,,A,,A,,A,,R,32.0
126702,2014,R,166.0,R,462.0,R,36.0,R,145.0,Z,0.0,R,145.0,R,50.0,R,34.0,R,27.0,Z,0.0,R,27.0,R,5.0,R,19.0,R,19.0
126711,2014,R,418.0,R,1160.0,R,36.0,R,389.0,R,0.0,R,389.0,R,200.0,R,51.0,R,226.0,R,0.0,R,226.0,R,90.0,R,40.0,R,13.0
126748,2014,R,150.0,R,340.0,R,44.0,R,133.0,R,0.0,R,133.0,R,65.0,R,49.0,R,42.0,R,0.0,R,42.0,R,18.0,R,43.0,R,12.0
126775,2014,R,998.0,R,1158.0,R,86.0,R,954.0,R,0.0,R,954.0,R,894.0,R,94.0,R,0.0,R,0.0,R,0.0,R,0.0,A,,R,16.0
126784,2014,A,,A,,A,,R,60.0,R,0.0,R,60.0,R,54.0,R,90.0,A,,A,,A,,A,,A,,R,12.0
126818,2014,R,4253.0,R,6269.0,R,68.0,R,4321.0,R,2.0,R,4319.0,R,3673.0,R,85.0,R,112.0,R,0.0,R,112.0,R,79.0,R,71.0,R,16.0
126827,2014,R,22.0,R,218.0,R,10.0,R,38.0,Z,0.0,R,38.0,R,21.0,R,55.0,R,12.0,Z,0.0,R,12.0,R,3.0,R,25.0,R,11.0
126854,2014,A,,A,,A,,R,25.0,R,0.0,R,25.0,R,10.0,R,40.0,A,,A,,A,,A,,A,,R,23.0
126863,2014,R,284.0,R,1663.0,R,17.0,R,358.0,R,0.0,R,358.0,R,198.0,R,55.0,R,730.0,R,0.0,R,730.0,R,301.0,R,41.0,R,21.0
126872,2014,A,,A,,A,,R,8.0,R,1.0,R,7.0,R,3.0,R,43.0,A,,A,,A,,A,,A,,R,17.0
126915,2014,A,,A,,A,,R,103.0,R,0.0,R,103.0,R,102.0,R,99.0,R,90.0,Z,0.0,R,90.0,R,85.0,R,94.0,R,17.0
126942,2014,R,557.0,R,2812.0,R,20.0,R,407.0,R,2.0,R,405.0,R,215.0,R,53.0,R,1097.0,R,15.0,R,1082.0,R,401.0,R,37.0,R,25.0
126951,2014,A,,A,,A,,R,335.0,R,0.0,R,335.0,R,240.0,R,72.0,R,0.0,R,0.0,R,0.0,R,0.0,A,,R,23.0
127024,2014,R,45.0,R,57.0,R,79.0,R,0.0,R,0.0,R,0.0,R,0.0,A,,R,0.0,R,0.0,R,0.0,R,0.0,A,,R,19.0
127060,2014,R,1415.0,R,1641.0,R,86.0,R,1399.0,R,0.0,R,1399.0,R,1209.0,R,86.0,R,0.0,R,0.0,R,0.0,R,0.0,A,,R,11.0
127158,2014,A,,A,,A,,R,177.0,R,0.0,R,177.0,R,141.0,R,80.0,R,320.0,R,0.0,R,320.0,R,225.0,R,70.0,R,11.0
127185,2014,R,771.0,R,1190.0,R,65.0,R,862.0,R,20.0,R,842.0,R,441.0,R,52.0,R,11.0,Z,0.0,R,11.0,R,2.0,R,18.0,R,19.0
127200,2014,R,1029.0,R,4311.0,R,24.0,R,1090.0,R,0.0,R,1090.0,R,608.0,R,56.0,R,1423.0,R,0.0,R,1423.0,R,602.0,R,42.0,R,20.0
127219,2014,A,,A,,A,,R,22.0,Z,0.0,R,22.0,R,17.0,R,77.0,R,3.0,Z,0.0,R,3.0,R,2.0,R,67.0,R,16.0
127228,2014,A,,A,,A,,R,55.0,R,0.0,R,55.0,R,39.0,R,71.0,A,,A,,A,,A,,A,,R,13.0
127316,2014,A,,A,,A,,R,13.0,R,0.0,R,13.0,R,9.0,R,69.0,R,3.0,R,0.0,R,3.0,R,2.0,R,67.0,R,8.0
127389,2014,R,115.0,R,193.0,R,60.0,R,143.0,R,0.0,R,143.0,R,74.0,R,52.0,R,20.0,R,0.0,R,20.0,R,7.0,R,35.0,R,19.0
127556,2014,R,1756.0,R,2500.0,R,70.0,R,1125.0,R,0.0,R,1125.0,R,738.0,R,66.0,R,105.0,R,0.0,R,105.0,R,28.0,R,27.0,R,23.0
127565,2014,R,1760.0,R,4736.0,R,37.0,R,1726.0,R,30.0,R,1696.0,R,1060.0,R,63.0,R,508.0,R,17.0,R,491.0,R,225.0,R,46.0,R,19.0
127617,2014,R,69.0,R,311.0,R,22.0,R,54.0,R,0.0,R,54.0,R,37.0,R,69.0,R,140.0,R,29.0,R,111.0,R,54.0,R,49.0,R,15.0
127653,2014,R,61.0,R,163.0,R,37.0,R,37.0,R,0.0,R,37.0,R,26.0,R,70.0,R,0.0,Z,0.0,R,0.0,Z,0.0,A,,R,9.0
127680,2014,R,1.0,R,61.0,R,2.0,R,4.0,R,0.0,R,4.0,R,3.0,R,75.0,R,16.0,R,0.0,R,16.0,R,5.0,R,31.0,R,13.0
127699,2014,R,1.0,R,43.0,R,2.0,R,1.0,R,0.0,R,1.0,R,0.0,R,0.0,R,14.0,Z,0.0,R,14.0,R,5.0,R,36.0,R,13.0
127714,2014,R,9.0,R,120.0,R,8.0,R,3.0,R,0.0,R,3.0,R,2.0,R,67.0,R,9.0,R,0.0,R,9.0,R,4.0,R,44.0,R,10.0
127732,2014,R,389.0,R,567.0,R,69.0,R,267.0,R,26.0,R,241.0,R,131.0,R,54.0,R,49.0,R,19.0,R,30.0,R,3.0,R,10.0,R,20.0
127741,2014,R,1922.0,R,2868.0,R,67.0,R,1965.0,R,0.0,R,1965.0,R,1338.0,R,68.0,R,12.0,R,2.0,R,10.0,R,4.0,R,40.0,R,17.0
127778,2014,R,200.0,R,376.0,R,53.0,R,211.0,R,0.0,R,211.0,R,109.0,R,52.0,R,38.0,R,0.0,R,38.0,R,18.0,R,47.0,R,18.0
127787,2014,A,,A,,A,,R,33.0,R,0.0,R,33.0,R,19.0,R,58.0,R,0.0,R,0.0,R,0.0,R,0.0,A,,R,24.0
127820,2014,R,1002.0,R,3530.0,R,28.0,R,1206.0,R,0.0,R,1206.0,R,589.0,R,49.0,R,1344.0,R,0.0,R,1344.0,R,489.0,R,36.0,R,23.0
127839,2014,A,,A,,A,,R,11.0,R,1.0,R,10.0,R,5.0,R,50.0,A,,A,,A,,A,,A,,R,15.0
127884,2014,R,309.0,R,1733.0,R,18.0,R,394.0,R,89.0,R,305.0,R,167.0,R,55.0,R,455.0,R,115.0,R,340.0,R,137.0,R,40.0,R,17.0
127909,2014,R,460.0,R,2655.0,R,17.0,R,539.0,R,1.0,R,538.0,R,302.0,R,56.0,R,816.0,R,1.0,R,815.0,R,327.0,R,40.0,R,21.0
127918,2014,R,481.0,R,1019.0,R,47.0,R,389.0,R,0.0,R,389.0,R,303.0,R,78.0,R,1.0,R,0.0,R,1.0,R,1.0,R,100.0,R,14.0
127945,2014,R,18.0,R,338.0,R,5.0,R,47.0,R,0.0,R,47.0,R,25.0,R,53.0,R,17.0,R,0.0,R,17.0,R,9.0,R,53.0,R,9.0
127954,2014,A,,A,,A,,R,0.0,R,0.0,R,0.0,R,0.0,A,,A,,A,,A,,A,,A,,R,15.0
128106,2014,R,877.0,R,1328.0,R,66.0,R,765.0,R,1.0,R,764.0,R,483.0,R,63.0,R,28.0,R,0.0,R,28.0,R,9.0,R,32.0,R,16.0
128151,2014,A,,A,,A,,R,106.0,R,0.0,R,106.0,R,63.0,R,59.0,R,16.0,R,0.0,R,16.0,R,13.0,R,81.0,R,20.0
128179,2014,A,,A,,A,,R,182.0,R,0.0,R,182.0,R,151.0,R,83.0,A,,A,,A,,A,,A,,R,15.0
128188,2014,A,,A,,A,,R,74.0,R,0.0,R,74.0,R,57.0,R,77.0,A,,A,,A,,A,,A,,R,9.0
128258,2014,R,247.0,R,433.0,R,57.0,R,266.0,R,0.0,R,266.0,R,169.0,R,64.0,R,54.0,R,0.0,R,54.0,R,15.0,R,28.0,R,14.0
128328,2014,R,1138.0,R,1138.0,R,100.0,R,1154.0,R,8.0,R,1146.0,R,1072.0,R,94.0,A,,A,,A,,A,,A,,R,8.0
128337,2014,A,,A,,A,,R,47.0,R,0.0,R,47.0,R,30.0,R,64.0,R,14.0,R,0.0,R,14.0,R,8.0,R,57.0,R,20.0
128391,2014,R,449.0,R,979.0,R,46.0,R,466.0,R,1.0,R,465.0,R,324.0,R,70.0,R,3.0,Z,0.0,R,3.0,R,2.0,R,67.0,R,16.0
128425,2014,R,7.0,R,7.0,R,100.0,R,7.0,R,0.0,R,7.0,R,5.0,R,71.0,A,,A,,A,,A,,A,,R,4.0
128498,2014,R,157.0,R,279.0,R,56.0,R,137.0,Z,0.0,R,137.0,R,115.0,R,84.0,R,6.0,Z,0.0,R,6.0,R,3.0,R,50.0,R,14.0
128540,2014,A,,A,,A,,R,10.0,Z,0.0,R,10.0,R,9.0,R,90.0,R,5.0,Z,0.0,R,5.0,R,4.0,R,80.0,R,15.0
128577,2014,R,226.0,R,614.0,R,37.0,R,228.0,Z,0.0,R,228.0,R,152.0,R,67.0,R,70.0,Z,0.0,R,70.0,R,35.0,R,50.0,R,18.0
128586,2014,A,,A,,A,,R,15.0,R,0.0,R,15.0,R,12.0,R,80.0,A,,A,,A,,A,,A,,R,11.0
128674,2014,A,,A,,A,,A,,A,,A,,A,,A,,A,,A,,A,,A,,A,,R,18.0
128683,2014,R,144.0,R,224.0,R,64.0,R,13.0,Z,0.0,R,13.0,R,5.0,R,38.0,R,1.0,Z,0.0,R,1.0,R,0.0,R,0.0,R,11.0
128726,2014,A,,A,,A,,R,105.0,Z,0.0,R,105.0,R,98.0,R,93.0,R,11.0,Z,0.0,R,11.0,R,10.0,R,91.0,R,8.0
128744,2014,R,533.0,R,785.0,R,68.0,R,538.0,R,1.0,R,537.0,R,360.0,R,67.0,R,4.0,Z,0.0,R,4.0,R,0.0,R,0.0,R,17.0
128771,2014,R,1353.0,R,2693.0,R,50.0,R,1278.0,R,5.0,R,1273.0,R,1022.0,R,80.0,R,15.0,Z,0.0,R,15.0,R,8.0,R,53.0,R,15.0
128780,2014,A,,A,,A,,A,,A,,A,,A,,A,,A,,A,,A,,A,,A,,R,16.0
128896,2014,A,,A,,A,,A,,A,,A,,A,,A,,A,,A,,A,,A,,A,,R,15.0
128902,2014,R,498.0,R,538.0,R,93.0,R,489.0,Z,0.0,R,489.0,R,446.0,R,91.0,A,,A,,A,,A,,A,,R,9.0
128957,2014,A,,A,,A,,R,56.0,R,0.0,R,56.0,R,23.0,R,41.0,R,1.0,R,0.0,R,1.0,R,1.0,R,100.0,R,18.0
129002,2014,A,,A,,A,,R,48.0,R,0.0,R,48.0,R,32.0,R,67.0,R,18.0,R,0.0,R,18.0,R,12.0,R,67.0,R,10.0
129020,2014,R,3577.0,R,4540.0,R,79.0,R,3712.0,R,5.0,R,3707.0,R,3464.0,R,93.0,R,14.0,Z,0.0,R,14.0,R,13.0,R,93.0,R,16.0
129154,2014,R,176.0,R,921.0,R,19.0,R,55.0,Z,0.0,R,55.0,R,34.0,R,62.0,R,41.0,Z,0.0,R,41.0,R,26.0,R,63.0,R,10.0
129181,2014,A,,A,,A,,R,155.0,Z,0.0,R,155.0,R,120.0,R,77.0,R,119.0,Z,0.0,R,119.0,R,92.0,R,77.0,R,18.0
129215,2014,R,871.0,R,1639.0,R,53.0,R,963.0,Z,0.0,R,963.0,R,742.0,R,77.0,R,22.0,Z,0.0,R,22.0,R,18.0,R,82.0,R,16.0
129242,2014,R,1055.0,R,1166.0,R,90.0,R,963.0,Z,0.0,R,963.0,R,855.0,R,89.0,R,0.0,R,0.0,R,0.0,R,0.0,A,,R,11.0
129349,2014,A,,A,,A,,R,33.0,Z,0.0,R,33.0,R,28.0,R,85.0,R,3.0,Z,0.0,R,3.0,R,3.0,R,100.0,R,15.0
129367,2014,R,299.0,R,1152.0,R,26.0,R,315.0,Z,0.0,R,315.0,R,171.0,R,54.0,R,421.0,Z,0.0,R,421.0,R,177.0,R,42.0,R,13.0
129482,2014,A,,A,,A,,R,41.0,R,0.0,R,41.0,R,28.0,R,68.0,A,,A,,A,,A,,A,,R,22.0
129525,2014,R,1205.0,R,1635.0,R,74.0,R,1042.0,R,0.0,R,1042.0,R,773.0,R,74.0,R,9.0,Z,0.0,R,9.0,R,2.0,R,22.0,R,10.0
129534,2014,R,3.0,R,22.0,R,14.0,R,0.0,Z,0.0,R,0.0,R,0.0,A,,R,1.0,Z,0.0,R,1.0,R,1.0,R,100.0,R,4.0
129543,2014,R,522.0,R,1459.0,R,36.0,R,574.0,Z,0.0,R,574.0,R,355.0,R,62.0,R,420.0,Z,0.0,R,420.0,R,189.0,R,45.0,R,15.0
129695,2014,R,820.0,R,3071.0,R,27.0,R,958.0,Z,0.0,R,958.0,R,591.0,R,62.0,R,658.0,Z,0.0,R,658.0,R,290.0,R,44.0,R,17.0
129729,2014,R,798.0,R,2041.0,R,39.0,R,949.0,Z,0.0,R,949.0,R,587.0,R,62.0,R,578.0,Z,0.0,R,578.0,R,253.0,R,44.0,R,16.0
129756,2014,R,399.0,R,1001.0,R,40.0,R,346.0,Z,0.0,R,346.0,R,206.0,R,60.0,R,220.0,Z,0.0,R,220.0,R,95.0,R,43.0,R,17.0
129774,2014,R,145.0,R,259.0,R,56.0,R,176.0,R,0.0,R,176.0,R,104.0,R,59.0,R,2.0,R,0.0,R,2.0,R,0.0,R,0.0,R,16.0
129808,2014,R,537.0,R,1587.0,R,34.0,R,550.0,Z,0.0,R,550.0,R,319.0,R,58.0,R,388.0,Z,0.0,R,388.0,R,159.0,R,41.0,R,17.0
129923,2014,A,,A,,A,,R,77.0,R,0.0,R,77.0,R,66.0,R,86.0,R,32.0,R,0.0,R,32.0,R,24.0,R,75.0,R,12.0
129932,2014,A,,A,,A,,A,,A,,A,,A,,A,,A,,A,,A,,A,,A,,R,20.0
129941,2014,R,1216.0,R,1472.0,R,83.0,R,1156.0,R,0.0,R,1156.0,R,921.0,R,80.0,R,10.0,R,1.0,R,9.0,R,5.0,R,56.0,R,15.0
129969,2014,A,,A,,A,,R,111.0,R,1.0,R,110.0,R,94.0,R,85.0,A,,A,,A,,A,,A,,R,15.0
130004,2014,R,669.0,R,2671.0,R,25.0,R,646.0,R,0.0,R,646.0,R,430.0,R,67.0,R,335.0,R,0.0,R,335.0,R,174.0,R,52.0,R,18.0
130040,2014,R,178.0,R,505.0,R,35.0,R,192.0,Z,0.0,R,192.0,R,108.0,R,56.0,R,68.0,Z,0.0,R,68.0,R,32.0,R,47.0,R,16.0
130110,2014,R,22.0,R,34.0,R,65.0,R,18.0,Z,0.0,R,18.0,R,16.0,R,89.0,R,2.0,Z,0.0,R,2.0,R,1.0,R,50.0,R,4.0
130129,2014,A,,A,,A,,R,129.0,R,0.0,R,129.0,R,77.0,R,60.0,R,22.0,R,0.0,R,22.0,R,16.0,R,73.0,R,14.0
130174,2014,A,,A,,A,,R,523.0,R,2.0,R,521.0,R,365.0,R,70.0,R,198.0,R,3.0,R,195.0,R,123.0,R,63.0,R,11.0
130183,2014,R,424.0,R,2770.0,R,15.0,R,460.0,Z,0.0,R,460.0,R,222.0,R,48.0,R,576.0,Z,0.0,R,576.0,R,157.0,R,27.0,R,21.0
130217,2014,R,240.0,R,736.0,R,33.0,R,279.0,R,0.0,R,279.0,R,156.0,R,56.0,R,198.0,R,0.0,R,198.0,R,86.0,R,43.0,R,18.0
130226,2014,R,1651.0,R,1920.0,R,86.0,R,1795.0,Z,0.0,R,1795.0,R,1522.0,R,85.0,R,5.0,Z,0.0,R,5.0,R,2.0,R,40.0,R,13.0
130253,2014,R,1385.0,R,1514.0,R,91.0,R,1267.0,R,0.0,R,1267.0,R,1042.0,R,82.0,A,,A,,A,,A,,A,,R,15.0
130314,2014,R,149.0,R,283.0,R,53.0,R,153.0,Z,0.0,R,153.0,R,121.0,R,79.0,R,0.0,R,0.0,R,0.0,R,0.0,A,,R,11.0
130396,2014,R,750.0,R,2138.0,R,35.0,R,835.0,R,0.0,R,835.0,R,503.0,R,60.0,R,735.0,R,0.0,R,735.0,R,340.0,R,46.0,R,17.0
130448,2014,R,5.0,R,153.0,R,3.0,R,0.0,R,0.0,R,0.0,R,0.0,A,,R,0.0,R,0.0,R,0.0,R,0.0,A,,R,13.0
130493,2014,R,1275.0,R,2182.0,R,58.0,R,1361.0,Z,0.0,R,1361.0,R,1022.0,R,75.0,R,16.0,Z,0.0,R,16.0,R,7.0,R,44.0,R,14.0
130509,2014,A,,A,,A,,R,151.0,R,0.0,R,151.0,R,114.0,R,75.0,R,34.0,R,0.0,R,34.0,R,30.0,R,88.0,R,20.0
130590,2014,R,611.0,R,708.0,R,86.0,R,602.0,Z,0.0,R,602.0,R,536.0,R,89.0,A,,A,,A,,A,,A,,R,9.0
130606,2014,R,542.0,R,1462.0,R,37.0,R,526.0,Z,0.0,R,526.0,R,317.0,R,60.0,R,277.0,Z,0.0,R,277.0,R,116.0,R,42.0,R,17.0
130624,2014,R,249.0,R,249.0,R,100.0,R,217.0,Z,0.0,R,217.0,R,213.0,R,98.0,A,,A,,A,,A,,A,,R,7.0
130697,2014,R,750.0,R,825.0,R,91.0,R,741.0,Z,0.0,R,741.0,R,715.0,R,96.0,A,,A,,A,,A,,A,,R,8.0
130776,2014,R,774.0,R,1479.0,R,52.0,R,784.0,R,3.0,R,781.0,R,620.0,R,79.0,R,13.0,R,0.0,R,13.0,R,4.0,R,31.0,R,14.0
130794,2014,R,1360.0,R,1391.0,R,98.0,R,1358.0,Z,0.0,R,1358.0,R,1336.0,R,98.0,A,,A,,A,,A,,A,,R,6.0
130837,2014,A,,A,,A,,A,,A,,A,,A,,A,,A,,A,,A,,A,,A,,R,6.0
130873,2014,A,,A,,A,,A,,A,,A,,A,,A,,A,,A,,A,,A,,A,,R,11.0
130891,2014,R,646.0,R,1299.0,R,50.0,R,733.0,R,1.0,R,732.0,R,437.0,R,60.0,R,148.0,R,0.0,R,148.0,R,46.0,R,31.0,R,13.0
130907,2014,R,480.0,R,921.0,R,52.0,R,523.0,R,1.0,R,522.0,R,297.0,R,57.0,R,136.0,R,0.0,R,136.0,R,46.0,R,34.0,R,12.0
130916,2014,R,818.0,R,2104.0,R,39.0,R,953.0,R,0.0,R,953.0,R,539.0,R,57.0,R,351.0,R,0.0,R,351.0,R,138.0,R,39.0,R,13.0
130934,2014,R,878.0,R,1446.0,R,61.0,R,907.0,R,0.0,R,907.0,R,625.0,R,69.0,R,15.0,R,0.0,R,15.0,R,8.0,R,53.0,R,16.0
130943,2014,R,4510.0,R,4963.0,R,91.0,R,3794.0,R,0.0,R,3794.0,R,3471.0,R,91.0,R,10.0,R,0.0,R,10.0,R,7.0,R,70.0,R,15.0
130989,2014,R,161.0,R,250.0,R,64.0,R,93.0,R,0.0,R,93.0,R,71.0,R,76.0,R,7.0,R,0.0,R,7.0,R,4.0,R,57.0,R,20.0
131061,2014,A,,A,,A,,R,53.0,R,0.0,R,53.0,R,40.0,R,75.0,R,17.0,R,0.0,R,17.0,R,13.0,R,76.0,R,13.0
131098,2014,R,470.0,R,722.0,R,65.0,R,463.0,R,0.0,R,463.0,R,250.0,R,54.0,A,,A,,A,,A,,A,,R,14.0
131113,2014,R,288.0,R,2227.0,R,13.0,R,309.0,R,0.0,R,309.0,R,187.0,R,61.0,R,466.0,R,0.0,R,466.0,R,113.0,R,24.0,R,14.0
131159,2014,R,1784.0,R,2183.0,R,82.0,R,1623.0,R,0.0,R,1623.0,R,1439.0,R,89.0,R,3.0,R,0.0,R,3.0,R,2.0,R,67.0,R,12.0
131283,2014,R,830.0,R,937.0,R,89.0,R,836.0,R,0.0,R,836.0,R,687.0,R,82.0,R,1.0,R,0.0,R,1.0,R,1.0,R,100.0,R,7.0
131399,2014,R,197.0,R,1003.0,R,20.0,R,94.0,R,0.0,R,94.0,R,49.0,R,52.0,R,21.0,R,8.0,R,13.0,R,4.0,R,31.0,R,11.0
131450,2014,R,181.0,R,301.0,R,60.0,R,200.0,R,0.0,R,200.0,R,133.0,R,67.0,R,1.0,R,0.0,R,1.0,R,0.0,R,0.0,R,6.0
131469,2014,R,2410.0,R,3078.0,R,78.0,R,2348.0,R,0.0,R,2348.0,R,2193.0,R,93.0,R,8.0,R,0.0,R,8.0,R,5.0,R,63.0,R,12.0
131496,2014,R,1575.0,R,1971.0,R,80.0,R,1593.0,R,0.0,R,1593.0,R,1534.0,R,96.0,R,1.0,R,0.0,R,1.0,R,0.0,R,0.0,R,11.0
131520,2014,R,1467.0,R,1815.0,R,81.0,R,1576.0,R,0.0,R,1576.0,R,1340.0,R,85.0,R,18.0,R,0.0,R,18.0,R,5.0,R,28.0,R,8.0
131742,2014,A,,A,,A,,R,442.0,Z,0.0,R,442.0,R,256.0,R,58.0,A,,A,,A,,A,,A,,R,36.0
131803,2014,R,8.0,R,154.0,R,5.0,R,8.0,Z,0.0,R,8.0,R,4.0,R,50.0,R,72.0,Z,0.0,R,72.0,R,14.0,R,19.0,R,21.0
131830,2014,A,,A,,A,,R,4.0,R,0.0,R,4.0,R,4.0,R,100.0,A,,A,,A,,A,,A,,R,6.0
131876,2014,R,284.0,R,537.0,R,53.0,R,265.0,R,0.0,R,265.0,R,159.0,R,60.0,R,8.0,R,0.0,R,8.0,R,6.0,R,75.0,R,9.0
132268,2014,A,,A,,A,,R,194.0,R,1.0,R,193.0,R,142.0,R,74.0,A,,A,,A,,A,,A,,R,10.0
132338,2014,R,192.0,R,434.0,R,44.0,R,132.0,Z,0.0,R,132.0,R,74.0,R,56.0,R,16.0,Z,0.0,R,16.0,R,7.0,R,44.0,R,20.0
132374,2014,A,,A,,A,,R,512.0,R,0.0,R,512.0,R,324.0,R,63.0,A,,A,,A,,A,,A,,R,13.0
132408,2014,R,34.0,R,96.0,R,35.0,R,43.0,R,0.0,R,43.0,R,31.0,R,72.0,R,5.0,R,0.0,R,5.0,R,2.0,R,40.0,R,15.0
132471,2014,R,459.0,R,1094.0,R,42.0,R,562.0,Z,0.0,R,562.0,R,350.0,R,62.0,R,2.0,Z,0.0,R,2.0,R,1.0,R,50.0,R,12.0
132602,2014,R,939.0,R,1149.0,R,82.0,R,1017.0,R,0.0,R,1017.0,R,671.0,R,66.0,R,6.0,R,0.0,R,6.0,R,2.0,R,33.0,R,16.0
132657,2014,R,534.0,R,753.0,R,71.0,R,451.0,R,0.0,R,451.0,R,313.0,R,69.0,R,5.0,R,0.0,R,5.0,R,4.0,R,80.0,R,18.0
132666,2014,A,,A,,A,,R,7.0,R,0.0,R,7.0,R,5.0,R,71.0,A,,A,,A,,A,,A,,R,18.0
132675,2014,A,,A,,A,,R,82.0,R,0.0,R,82.0,R,14.0,R,17.0,R,10.0,R,0.0,R,10.0,R,1.0,R,10.0,R,10.0
132693,2014,R,1513.0,R,3002.0,R,50.0,R,0.0,R,0.0,R,0.0,R,0.0,A,,R,0.0,R,0.0,R,0.0,R,0.0,A,,R,24.0
132709,2014,R,3903.0,R,10805.0,R,36.0,R,0.0,R,0.0,R,0.0,R,0.0,A,,R,0.0,R,0.0,R,0.0,R,0.0,A,,R,27.0
132806,2014,A,,A,,A,,R,0.0,Z,0.0,R,0.0,R,0.0,A,,A,,A,,A,,A,,A,,R,42.0
132842,2014,R,6.0,R,62.0,R,10.0,R,9.0,R,0.0,R,9.0,R,5.0,R,56.0,R,1.0,R,0.0,R,1.0,R,0.0,R,0.0,R,15.0
132851,2014,R,900.0,R,1534.0,R,59.0,R,0.0,R,0.0,R,0.0,R,0.0,A,,R,0.0,R,0.0,R,0.0,R,0.0,A,,R,28.0
132879,2014,R,42.0,R,129.0,R,33.0,R,44.0,R,0.0,R,44.0,R,17.0,R,39.0,R,3.0,R,0.0,R,3.0,R,2.0,R,67.0,R,10.0
132903,2014,R,6216.0,R,13966.0,R,45.0,R,5816.0,R,0.0,R,5816.0,R,5089.0,R,88.0,R,214.0,R,0.0,R,214.0,R,178.0,R,83.0,R,31.0
132976,2014,A,,A,,A,,R,128.0,R,0.0,R,128.0,R,96.0,R,75.0,A,,A,,A,,A,,A,,R,8.0
133021,2014,R,309.0,R,534.0,R,58.0,R,0.0,R,0.0,R,0.0,R,0.0,A,,R,0.0,R,0.0,R,0.0,R,0.0,A,,R,18.0
133085,2014,R,71.0,R,121.0,R,59.0,R,125.0,R,0.0,R,125.0,R,75.0,R,60.0,R,1.0,R,0.0,R,1.0,R,0.0,R,0.0,R,12.0
133155,2014,A,,A,,A,,R,144.0,R,0.0,R,144.0,R,106.0,R,74.0,R,159.0,R,0.0,R,159.0,R,132.0,R,83.0,R,15.0
133386,2014,R,1170.0,R,2847.0,R,41.0,R,0.0,R,0.0,R,0.0,R,0.0,A,,R,0.0,R,0.0,R,0.0,R,0.0,A,,R,18.0
133465,2014,R,30.0,R,277.0,R,11.0,R,19.0,Z,0.0,R,19.0,R,5.0,R,26.0,R,18.0,Z,0.0,R,18.0,R,2.0,R,11.0,R,15.0
133492,2014,R,511.0,R,614.0,R,83.0,R,452.0,R,1.0,R,451.0,R,365.0,R,81.0,R,2.0,R,0.0,R,2.0,R,0.0,R,0.0,R,12.0
133508,2014,R,1851.0,R,3800.0,R,49.0,R,0.0,R,0.0,R,0.0,R,0.0,A,,R,0.0,R,0.0,R,0.0,R,0.0,A,,R,27.0
133526,2014,R,222.0,R,289.0,R,77.0,R,195.0,R,0.0,R,195.0,R,98.0,R,50.0,R,0.0,R,0.0,R,0.0,R,0.0,A,,R,15.0
133553,2014,R,1208.0,R,1468.0,R,82.0,R,924.0,R,0.0,R,924.0,R,732.0,R,79.0,R,3.0,R,0.0,R,3.0,R,2.0,R,67.0,R,14.0
133650,2014,R,1388.0,R,2229.0,R,62.0,R,1273.0,R,0.0,R,1273.0,R,1027.0,R,81.0,R,4.0,Z,0.0,R,4.0,R,2.0,R,50.0,R,15.0
133669,2014,R,2916.0,R,6479.0,R,45.0,R,3298.0,R,0.0,R,3298.0,R,2477.0,R,75.0,R,160.0,R,0.0,R,160.0,R,111.0,R,69.0,R,24.0
133702,2014,R,1564.0,R,4667.0,R,34.0,R,0.0,R,0.0,R,0.0,R,0.0,A,,R,0.0,R,0.0,R,0.0,R,0.0,A,,R,22.0
133711,2014,R,673.0,R,890.0,R,76.0,R,708.0,R,1.0,R,707.0,R,486.0,R,69.0,A,,A,,A,,A,,A,,R,18.0
133809,2014,R,212.0,R,212.0,R,100.0,R,189.0,R,0.0,R,189.0,R,121.0,R,64.0,R,2.0,R,0.0,R,2.0,R,1.0,R,50.0,R,13.0
133845,2014,A,,A,,A,,R,145.0,Z,0.0,R,145.0,R,114.0,R,79.0,A,,A,,A,,A,,A,,R,32.0
133854,2014,A,,A,,A,,R,126.0,Z,0.0,R,126.0,R,72.0,R,57.0,A,,A,,A,,A,,A,,R,31.0
133863,2014,A,,A,,A,,R,121.0,Z,0.0,R,121.0,R,68.0,R,56.0,A,,A,,A,,A,,A,,R,17.0
133872,2014,R,73.0,R,467.0,R,16.0,R,33.0,R,0.0,R,33.0,R,23.0,R,70.0,R,8.0,R,0.0,R,8.0,R,2.0,R,25.0,R,9.0
133881,2014,R,768.0,R,1172.0,R,66.0,R,781.0,R,0.0,R,781.0,R,590.0,R,76.0,R,2.0,R,0.0,R,2.0,R,2.0,R,100.0,R,9.0
133942,2014,A,,A,,A,,A,,A,,A,,A,,A,,A,,A,,A,,A,,A,,R,20.0
133951,2014,R,3761.0,R,10657.0,R,35.0,R,4301.0,R,0.0,R,4301.0,R,3623.0,R,84.0,R,220.0,R,0.0,R,220.0,R,136.0,R,62.0,R,26.0
133960,2014,R,204.0,R,422.0,R,48.0,R,143.0,R,0.0,R,143.0,R,78.0,R,55.0,R,80.0,R,0.0,R,80.0,R,33.0,R,41.0,R,12.0
133979,2014,R,457.0,R,516.0,R,89.0,R,400.0,R,2.0,R,398.0,R,249.0,R,63.0,R,12.0,R,0.0,R,12.0,R,8.0,R,67.0,R,16.0
133997,2014,A,,A,,A,,R,2.0,R,0.0,R,2.0,R,1.0,R,50.0,A,,A,,A,,A,,A,,R,15.0
134024,2014,A,,A,,A,,A,,A,,A,,A,,A,,A,,A,,A,,A,,A,,R,11.0
134079,2014,R,577.0,R,705.0,R,82.0,R,633.0,R,0.0,R,633.0,R,510.0,R,81.0,R,2.0,R,0.0,R,2.0,R,2.0,R,100.0,R,14.0
134097,2014,R,5944.0,R,8652.0,R,69.0,R,5980.0,R,1.0,R,5979.0,R,5516.0,R,92.0,R,52.0,R,0.0,R,52.0,R,41.0,R,79.0,R,26.0
134112,2014,A,,A,,A,,R,48.0,Z,0.0,R,48.0,R,34.0,R,71.0,A,,A,,A,,A,,A,,R,22.0
134121,2014,A,,A,,A,,R,0.0,R,0.0,R,0.0,R,0.0,A,,A,,A,,A,,A,,A,,R,18.0
134130,2014,R,6475.0,R,8842.0,R,73.0,R,6348.0,R,0.0,R,6348.0,R,6101.0,R,96.0,R,22.0,R,0.0,R,22.0,R,15.0,R,68.0,R,21.0
134149,2014,A,,A,,A,,R,0.0,R,0.0,R,0.0,R,0.0,A,,R,1.0,R,0.0,R,1.0,R,0.0,R,0.0,R,20.0
134228,2014,A,,A,,A,,R,20.0,R,0.0,R,20.0,R,5.0,R,25.0,R,2.0,R,0.0,R,2.0,R,1.0,R,50.0,R,8.0
134237,2014,A,,A,,A,,R,2807.0,R,10.0,R,2797.0,R,1936.0,R,69.0,A,,A,,A,,A,,A,,R,22.0
134291,2014,A,,A,,A,,R,312.0,R,0.0,R,312.0,R,265.0,R,85.0,R,65.0,R,0.0,R,65.0,R,57.0,R,88.0,R,17.0
134307,2014,A,,A,,A,,R,118.0,R,0.0,R,118.0,R,63.0,R,53.0,R,90.0,R,0.0,R,90.0,R,40.0,R,44.0,R,13.0
134343,2014,R,645.0,R,1300.0,R,50.0,R,0.0,R,0.0,R,0.0,R,0.0,A,,R,0.0,R,0.0,R,0.0,R,0.0,A,,R,19.0
134422,2014,R,25.0,R,25.0,R,100.0,R,14.0,R,0.0,R,14.0,R,10.0,R,71.0,A,,A,,A,,A,,A,,R,8.0
134495,2014,R,3287.0,R,7678.0,R,43.0,R,3385.0,R,0.0,R,3385.0,R,2058.0,R,61.0,R,1592.0,R,0.0,R,1592.0,R,792.0,R,50.0,R,23.0
134510,2014,R,34.0,R,60.0,R,57.0,R,17.0,R,0.0,R,17.0,R,10.0,R,59.0,R,0.0,R,0.0,R,0.0,R,0.0,A,,R,11.0
134529,2014,A,,A,,A,,R,19.0,R,0.0,R,19.0,R,13.0,R,68.0,A,,A,,A,,A,,A,,R,13.0
134574,2014,A,,A,,A,,A,,A,,A,,A,,A,,A,,A,,A,,A,,A,,R,20.0
134608,2014,R,1467.0,R,3336.0,R,44.0,R,0.0,R,0.0,R,0.0,R,0.0,A,,R,0.0,R,0.0,R,0.0,R,0.0,A,,R,26.0
134680,2014,R,42.0,R,96.0,R,44.0,R,30.0,Z,0.0,R,30.0,R,17.0,R,57.0,R,7.0,Z,0.0,R,7.0,R,2.0,R,29.0,R,14.0
134714,2014,A,,A,,A,,R,34.0,R,0.0,R,34.0,R,27.0,R,79.0,R,49.0,R,0.0,R,49.0,R,41.0,R,84.0,R,11.0
134811,2014,R,321.0,R,763.0,R,42.0,R,362.0,Z,0.0,R,362.0,R,200.0,R,55.0,R,23.0,Z,0.0,R,23.0,R,8.0,R,35.0,R,19.0
134909,2014,R,66.0,R,87.0,R,76.0,R,1.0,R,0.0,R,1.0,R,1.0,R,100.0,R,0.0,R,0.0,R,0.0,R,0.0,A,,R,17.0
134945,2014,R,393.0,R,923.0,R,43.0,R,532.0,R,0.0,R,532.0,R,387.0,R,73.0,R,7.0,R,0.0,R,7.0,R,2.0,R,29.0,R,11.0
135063,2014,R,5.0,R,67.0,R,7.0,R,1.0,R,0.0,R,1.0,R,0.0,R,0.0,R,4.0,R,0.0,R,4.0,R,3.0,R,75.0,R,7.0
135081,2014,R,2474.0,R,2822.0,R,88.0,R,684.0,R,0.0,R,684.0,R,516.0,R,75.0,R,181.0,Z,0.0,R,181.0,R,74.0,R,41.0,R,12.0
135124,2014,A,,A,,A,,R,182.0,R,0.0,R,182.0,R,104.0,R,57.0,A,,A,,A,,A,,A,,R,19.0
135142,2014,A,,A,,A,,R,7.0,R,0.0,R,7.0,R,6.0,R,86.0,R,65.0,R,0.0,R,65.0,R,62.0,R,95.0,R,20.0
135160,2014,R,296.0,R,694.0,R,43.0,R,0.0,R,0.0,R,0.0,R,0.0,A,,R,0.0,R,0.0,R,0.0,R,0.0,A,,R,14.0
135179,2014,A,,A,,A,,R,269.0,R,0.0,R,269.0,R,204.0,R,76.0,R,63.0,R,0.0,R,63.0,R,47.0,R,75.0,R,23.0
135188,2014,R,462.0,R,1092.0,R,42.0,R,0.0,R,0.0,R,0.0,R,0.0,A,,R,0.0,R,0.0,R,0.0,R,0.0,A,,R,18.0
135267,2014,A,,A,,A,,R,327.0,R,0.0,R,327.0,R,160.0,R,49.0,A,,A,,A,,A,,A,,R,20.0
135276,2014,A,,A,,A,,R,377.0,R,0.0,R,377.0,R,229.0,R,61.0,R,181.0,Z,0.0,R,181.0,R,53.0,R,29.0,R,22.0
135294,2014,A,,A,,A,,R,193.0,R,0.0,R,193.0,R,115.0,R,60.0,R,189.0,R,0.0,R,189.0,R,88.0,R,47.0,R,10.0
135337,2014,A,,A,,A,,R,10.0,R,0.0,R,10.0,R,6.0,R,60.0,R,2.0,R,0.0,R,2.0,R,1.0,R,50.0,R,14.0
135364,2014,R,3.0,R,109.0,R,3.0,R,3.0,R,0.0,R,3.0,R,3.0,R,100.0,R,16.0,R,0.0,R,16.0,R,10.0,R,63.0,R,37.0
135391,2014,R,1301.0,R,2753.0,R,47.0,R,0.0,R,0.0,R,0.0,R,0.0,A,,R,0.0,R,0.0,R,0.0,R,0.0,A,,R,22.0
135407,2014,A,,A,,A,,R,903.0,R,0.0,R,903.0,R,405.0,R,45.0,R,2.0,R,0.0,R,2.0,R,0.0,R,0.0,R,8.0
135416,2014,A,,A,,A,,R,50.0,R,0.0,R,50.0,R,30.0,R,60.0,A,,A,,A,,A,,A,,R,12.0
135522,2014,A,,A,,A,,R,205.0,R,1.0,R,204.0,R,59.0,R,29.0,A,,A,,A,,A,,A,,R,8.0
135559,2014,A,,A,,A,,A,,A,,A,,A,,A,,A,,A,,A,,A,,A,,R,10.0
135610,2014,A,,A,,A,,A,,A,,A,,A,,A,,A,,A,,A,,A,,A,,R,10.0
135647,2014,A,,A,,A,,R,252.0,R,0.0,R,252.0,R,217.0,R,86.0,R,89.0,R,0.0,R,89.0,R,76.0,R,85.0,R,25.0
135717,2014,R,8822.0,R,14909.0,R,59.0,R,0.0,R,0.0,R,0.0,R,0.0,A,,R,0.0,R,0.0,R,0.0,R,0.0,A,,R,23.0
135726,2014,R,2052.0,R,2921.0,R,70.0,R,2114.0,R,1.0,R,2113.0,R,1957.0,R,93.0,R,26.0,R,1.0,R,25.0,R,22.0,R,88.0,R,12.0
135735,2014,A,,A,,A,,R,436.0,R,0.0,R,436.0,R,261.0,R,60.0,R,82.0,R,0.0,R,82.0,R,34.0,R,41.0,R,14.0
135771,2014,A,,A,,A,,R,141.0,R,0.0,R,141.0,R,112.0,R,79.0,A,,A,,A,,A,,A,,R,14.0
135939,2014,A,,A,,A,,R,1.0,Z,0.0,R,1.0,R,0.0,R,0.0,A,,A,,A,,A,,A,,R,11.0
135957,2014,A,,A,,A,,R,96.0,R,0.0,R,96.0,R,64.0,R,67.0,A,,A,,A,,A,,A,,R,24.0
136048,2014,A,,A,,A,,R,20.0,R,0.0,R,20.0,R,3.0,R,15.0,R,6.0,Z,0.0,R,6.0,R,6.0,R,100.0,R,10.0
136066,2014,R,123.0,R,166.0,R,74.0,R,8.0,R,0.0,R,8.0,R,6.0,R,75.0,R,0.0,R,0.0,R,0.0,R,0.0,A,,R,23.0
136109,2014,A,,A,,A,,R,24.0,Z,0.0,R,24.0,R,20.0,R,83.0,R,4.0,Z,0.0,R,4.0,R,3.0,R,75.0,R,15.0
136145,2014,R,131.0,R,282.0,R,46.0,R,168.0,R,0.0,R,168.0,R,116.0,R,69.0,R,71.0,R,0.0,R,71.0,R,35.0,R,49.0,R,16.0
136172,2014,R,1792.0,R,3825.0,R,47.0,R,1573.0,R,0.0,R,1573.0,R,1303.0,R,83.0,R,36.0,R,0.0,R,36.0,R,26.0,R,72.0,R,20.0
136206,2014,R,106.0,R,233.0,R,45.0,R,123.0,R,0.0,R,123.0,R,75.0,R,61.0,A,,A,,A,,A,,A,,R,15.0
136215,2014,R,565.0,R,1376.0,R,41.0,R,614.0,R,0.0,R,614.0,R,456.0,R,74.0,R,33.0,R,0.0,R,33.0,R,7.0,R,21.0,R,16.0
136233,2014,R,571.0,R,1455.0,R,39.0,R,0.0,R,0.0,R,0.0,R,0.0,A,,R,0.0,R,0.0,R,0.0,R,0.0,A,,R,26.0
136288,2014,A,,A,,A,,R,1.0,R,0.0,R,1.0,R,0.0,R,0.0,R,1.0,R,0.0,R,1.0,R,0.0,R,0.0,R,24.0
136303,2014,A,,A,,A,,R,136.0,R,0.0,R,136.0,R,112.0,R,82.0,R,97.0,R,0.0,R,97.0,R,53.0,R,55.0,R,6.0
136330,2014,R,523.0,R,1196.0,R,44.0,R,578.0,R,0.0,R,578.0,R,426.0,R,74.0,R,0.0,R,0.0,R,0.0,R,0.0,A,,R,13.0
136358,2014,R,1729.0,R,7007.0,R,25.0,R,0.0,R,0.0,R,0.0,R,0.0,A,,R,0.0,R,0.0,R,0.0,R,0.0,A,,R,30.0
136400,2014,R,1636.0,R,2739.0,R,60.0,R,0.0,R,0.0,R,0.0,R,0.0,A,,R,0.0,R,0.0,R,0.0,R,0.0,A,,R,27.0
136473,2014,R,1028.0,R,1800.0,R,57.0,R,0.0,R,0.0,R,0.0,R,0.0,A,,R,0.0,R,0.0,R,0.0,R,0.0,A,,R,21.0
136491,2014,A,,A,,A,,R,205.0,R,0.0,R,205.0,R,165.0,R,80.0,R,2.0,Z,0.0,R,2.0,R,2.0,R,100.0,R,19.0
136516,2014,R,819.0,R,2103.0,R,39.0,R,0.0,R,0.0,R,0.0,R,0.0,A,,R,0.0,R,0.0,R,0.0,R,0.0,A,,R,26.0
136659,2014,A,,A,,A,,R,83.0,R,0.0,R,83.0,R,64.0,R,77.0,R,85.0,R,0.0,R,85.0,R,39.0,R,46.0,R,26.0
136765,2014,A,,A,,A,,R,412.0,R,0.0,R,412.0,R,345.0,R,84.0,R,145.0,R,0.0,R,145.0,R,118.0,R,81.0,R,24.0
136774,2014,R,268.0,R,336.0,R,80.0,R,257.0,R,0.0,R,257.0,R,214.0,R,83.0,R,0.0,Z,0.0,R,0.0,Z,0.0,A,,R,11.0
136783,2014,A,,A,,A,,R,8.0,R,0.0,R,8.0,R,7.0,R,88.0,A,,A,,A,,A,,A,,R,8.0
136826,2014,A,,A,,A,,R,216.0,R,0.0,R,216.0,R,102.0,R,47.0,R,108.0,R,0.0,R,108.0,R,44.0,R,41.0,R,18.0
136950,2014,R,540.0,R,609.0,R,89.0,R,477.0,R,1.0,R,476.0,R,393.0,R,83.0,A,,A,,A,,A,,A,,R,10.0
137023,2014,A,,A,,A,,R,130.0,R,4.0,R,126.0,R,119.0,R,94.0,R,127.0,R,0.0,R,127.0,R,88.0,R,69.0,R,12.0
137032,2014,R,616.0,R,2253.0,R,27.0,R,639.0,Z,0.0,R,639.0,R,436.0,R,68.0,R,0.0,Z,0.0,R,0.0,R,0.0,A,,R,15.0
137078,2014,R,2128.0,R,7065.0,R,30.0,R,0.0,R,0.0,R,0.0,R,0.0,A,,R,0.0,R,0.0,R,0.0,R,0.0,A,,R,22.0
137087,2014,A,,A,,A,,R,216.0,R,0.0,R,216.0,R,175.0,R,81.0,R,2.0,R,0.0,R,2.0,R,0.0,R,0.0,R,15.0
137096,2014,R,1632.0,R,4704.0,R,35.0,R,0.0,R,0.0,R,0.0,R,0.0,A,,R,0.0,R,0.0,R,0.0,R,0.0,A,,R,22.0
137120,2014,A,,A,,A,,R,247.0,R,0.0,R,247.0,R,149.0,R,60.0,R,123.0,R,0.0,R,123.0,R,54.0,R,44.0,R,3.0
137148,2014,A,,A,,A,,R,0.0,Z,0.0,R,0.0,Z,0.0,A,,R,1.0,Z,0.0,R,1.0,Z,0.0,R,0.0,R,9.0
137209,2014,R,1911.0,R,4653.0,R,41.0,R,0.0,R,0.0,R,0.0,R,0.0,A,,R,0.0,R,0.0,R,0.0,R,0.0,A,,R,29.0
137245,2014,A,,A,,A,,R,667.0,R,0.0,R,667.0,R,354.0,R,53.0,A,,A,,A,,A,,A,,R,14.0
137272,2014,R,6.0,R,11.0,R,55.0,R,11.0,R,0.0,R,11.0,R,10.0,R,91.0,A,,A,,A,,A,,A,,R,10.0
137281,2014,R,604.0,R,1390.0,R,43.0,R,0.0,R,0.0,R,0.0,R,0.0,A,,R,0.0,R,0.0,R,0.0,R,0.0,A,,R,20.0
137315,2014,R,311.0,R,610.0,R,51.0,R,0.0,R,0.0,R,0.0,R,0.0,A,,R,0.0,R,0.0,R,0.0,R,0.0,A,,R,17.0
137351,2014,R,4071.0,R,8046.0,R,51.0,R,3818.0,R,0.0,R,3818.0,R,3384.0,R,89.0,R,40.0,Z,0.0,R,40.0,R,27.0,R,68.0,R,25.0
137476,2014,R,162.0,R,296.0,R,55.0,R,194.0,R,0.0,R,194.0,R,140.0,R,72.0,R,1.0,R,0.0,R,1.0,R,0.0,R,0.0,R,12.0
137537,2014,A,,A,,A,,R,7.0,R,0.0,R,7.0,R,2.0,R,29.0,R,1.0,R,0.0,R,1.0,R,1.0,R,100.0,R,12.0
137546,2014,R,773.0,R,897.0,R,86.0,R,852.0,R,0.0,R,852.0,R,669.0,R,79.0,R,0.0,R,0.0,R,0.0,R,0.0,A,,R,12.0
137564,2014,R,842.0,R,1632.0,R,52.0,R,842.0,R,1.0,R,841.0,R,553.0,R,66.0,R,23.0,R,0.0,R,23.0,R,8.0,R,35.0,R,18.0
137591,2014,A,,A,,A,,R,77.0,R,0.0,R,77.0,R,63.0,R,82.0,A,,A,,A,,A,,A,,R,9.0
137713,2014,A,,A,,A,,R,93.0,R,0.0,R,93.0,R,60.0,R,65.0,R,21.0,R,0.0,R,21.0,R,18.0,R,86.0,R,6.0
137759,2014,R,2056.0,R,4195.0,R,49.0,R,2158.0,R,0.0,R,2158.0,R,1297.0,R,60.0,R,862.0,R,0.0,R,862.0,R,433.0,R,50.0,R,24.0
137777,2014,R,10.0,R,16.0,R,63.0,R,4.0,R,0.0,R,4.0,R,3.0,R,75.0,A,,A,,A,,A,,A,,R,4.0
137801,2014,A,,A,,A,,R,0.0,R,0.0,R,0.0,R,0.0,A,,A,,A,,A,,A,,A,,R,20.0
137810,2014,A,,A,,A,,R,0.0,R,0.0,R,0.0,R,0.0,A,,A,,A,,A,,A,,A,,R,20.0
137847,2014,R,1752.0,R,2245.0,R,78.0,R,1590.0,R,1.0,R,1589.0,R,1142.0,R,72.0,R,2.0,R,0.0,R,2.0,R,0.0,R,0.0,R,17.0
137856,2014,A,,A,,A,,R,20.0,Z,0.0,R,20.0,R,14.0,R,70.0,R,5.0,Z,0.0,R,5.0,R,3.0,R,60.0,R,12.0
137865,2014,A,,A,,A,,R,77.0,R,0.0,R,77.0,R,36.0,R,47.0,R,5.0,R,0.0,R,5.0,R,2.0,R,40.0,R,22.0
137953,2014,R,104.0,R,166.0,R,63.0,R,75.0,R,0.0,R,75.0,R,35.0,R,47.0,R,8.0,R,0.0,R,8.0,R,4.0,R,50.0,R,12.0
137962,2014,R,31.0,R,77.0,R,40.0,R,24.0,R,0.0,R,24.0,R,7.0,R,29.0,R,0.0,R,0.0,R,0.0,R,0.0,A,,R,8.0
138132,2014,A,,A,,A,,R,47.0,R,0.0,R,47.0,R,36.0,R,77.0,R,18.0,R,0.0,R,18.0,R,15.0,R,83.0,R,7.0
138187,2014,R,5436.0,R,13050.0,R,42.0,R,0.0,R,0.0,R,0.0,R,0.0,A,,R,0.0,R,0.0,R,0.0,R,0.0,A,,R,31.0
138275,2014,R,178.0,R,348.0,R,51.0,R,171.0,R,0.0,R,171.0,R,125.0,R,73.0,R,6.0,R,0.0,R,6.0,R,3.0,R,50.0,R,17.0
138284,2014,A,,A,,A,,R,146.0,R,0.0,R,146.0,R,129.0,R,88.0,R,17.0,R,0.0,R,17.0,R,12.0,R,71.0,R,10.0
138293,2014,R,149.0,R,268.0,R,56.0,R,205.0,R,0.0,R,205.0,R,116.0,R,57.0,A,,A,,A,,A,,A,,R,23.0
138309,2014,R,150.0,R,1622.0,R,9.0,R,53.0,R,0.0,R,53.0,R,20.0,R,38.0,R,21.0,R,0.0,R,21.0,R,10.0,R,48.0,R,18.0
138354,2014,R,1385.0,R,2771.0,R,50.0,R,1316.0,R,0.0,R,1316.0,R,973.0,R,74.0,R,17.0,Z,0.0,R,17.0,R,7.0,R,41.0,R,23.0
138372,2014,A,,A,,A,,R,232.0,R,0.0,R,232.0,R,154.0,R,66.0,R,33.0,R,0.0,R,33.0,R,16.0,R,48.0,R,11.0
138479,2014,A,,A,,A,,R,598.0,R,4.0,R,594.0,R,324.0,R,55.0,A,,A,,A,,A,,A,,R,8.0
138488,2014,A,,A,,A,,R,52.0,R,0.0,R,52.0,R,11.0,R,21.0,R,108.0,R,0.0,R,108.0,R,101.0,R,94.0,R,15.0
138497,2014,A,,A,,A,,R,201.0,R,0.0,R,201.0,R,171.0,R,85.0,A,,A,,A,,A,,A,,R,3.0
138558,2014,R,966.0,R,1341.0,R,72.0,R,222.0,R,0.0,R,222.0,R,132.0,R,59.0,R,6.0,R,0.0,R,6.0,R,1.0,R,17.0,R,22.0
138600,2014,R,225.0,R,271.0,R,83.0,R,252.0,R,0.0,R,252.0,R,206.0,R,82.0,R,0.0,R,0.0,R,0.0,R,0.0,A,,R,10.0
138655,2014,R,102.0,R,106.0,R,96.0,R,107.0,R,0.0,R,107.0,R,68.0,R,64.0,R,4.0,R,0.0,R,4.0,R,4.0,R,100.0,R,25.0
138664,2014,R,8.0,R,8.0,R,100.0,R,14.0,Z,0.0,R,14.0,R,10.0,R,71.0,A,,A,,A,,A,,A,,R,10.0
138682,2014,R,338.0,R,1197.0,R,28.0,R,416.0,R,0.0,R,416.0,R,229.0,R,55.0,R,374.0,R,0.0,R,374.0,R,150.0,R,40.0,R,18.0
138691,2014,R,785.0,R,2085.0,R,38.0,R,908.0,R,0.0,R,908.0,R,479.0,R,53.0,R,165.0,R,0.0,R,165.0,R,67.0,R,41.0,R,22.0
138716,2014,R,428.0,R,737.0,R,58.0,R,508.0,R,0.0,R,508.0,R,349.0,R,69.0,R,12.0,R,0.0,R,12.0,R,7.0,R,58.0,R,16.0
138761,2014,R,153.0,R,174.0,R,88.0,R,184.0,R,0.0,R,184.0,R,87.0,R,47.0,A,,A,,A,,A,,A,,R,15.0
138789,2014,R,795.0,R,1684.0,R,47.0,R,864.0,R,0.0,R,864.0,R,605.0,R,70.0,R,79.0,R,0.0,R,79.0,R,43.0,R,54.0,R,17.0
138813,2014,R,498.0,R,873.0,R,57.0,R,553.0,R,1.0,R,552.0,R,261.0,R,47.0,R,63.0,R,0.0,R,63.0,R,20.0,R,32.0,R,21.0
138822,2014,A,,A,,A,,R,80.0,R,0.0,R,80.0,R,60.0,R,75.0,A,,A,,A,,A,,A,,R,20.0
138840,2014,R,281.0,R,1888.0,R,15.0,R,430.0,R,0.0,R,430.0,R,241.0,R,56.0,R,545.0,R,0.0,R,545.0,R,207.0,R,38.0,R,16.0
138868,2014,R,280.0,R,572.0,R,49.0,R,190.0,R,0.0,R,190.0,R,91.0,R,48.0,R,1.0,R,0.0,R,1.0,R,1.0,R,100.0,R,20.0
138901,2014,R,244.0,R,1103.0,R,22.0,R,4.0,R,0.0,R,4.0,R,3.0,R,75.0,R,0.0,R,0.0,R,0.0,R,0.0,A,,R,20.0
138938,2014,A,,A,,A,,R,34.0,R,0.0,R,34.0,R,29.0,R,85.0,A,,A,,A,,A,,A,,R,10.0
138947,2014,R,706.0,R,828.0,R,85.0,R,767.0,R,0.0,R,767.0,R,469.0,R,61.0,R,14.0,R,0.0,R,14.0,R,0.0,R,0.0,R,17.0
138956,2014,R,321.0,R,1350.0,R,24.0,R,386.0,R,0.0,R,386.0,R,211.0,R,55.0,R,437.0,R,0.0,R,437.0,R,199.0,R,46.0,R,14.0
139010,2014,R,237.0,R,823.0,R,29.0,R,236.0,R,0.0,R,236.0,R,153.0,R,65.0,R,286.0,R,0.0,R,286.0,R,133.0,R,47.0,R,19.0
139074,2014,A,,A,,A,,R,3.0,R,0.0,R,3.0,R,1.0,R,33.0,R,0.0,R,0.0,R,0.0,R,0.0,A,,R,9.0
139092,2014,A,,A,,A,,R,5.0,R,0.0,R,5.0,R,4.0,R,80.0,A,,A,,A,,A,,A,,R,9.0
139144,2014,R,568.0,R,615.0,R,92.0,R,672.0,R,0.0,R,672.0,R,531.0,R,79.0,R,0.0,R,0.0,R,0.0,R,0.0,A,,R,12.0
139153,2014,R,24.0,R,74.0,R,32.0,R,57.0,R,0.0,R,57.0,R,12.0,R,21.0,R,34.0,R,0.0,R,34.0,R,17.0,R,50.0,R,13.0
139199,2014,R,226.0,R,518.0,R,44.0,R,201.0,R,0.0,R,201.0,R,133.0,R,66.0,R,3.0,R,0.0,R,3.0,R,1.0,R,33.0,R,11.0
139205,2014,R,111.0,R,283.0,R,39.0,R,147.0,R,0.0,R,147.0,R,74.0,R,50.0,R,1.0,R,0.0,R,1.0,R,0.0,R,0.0,R,14.0
139214,2014,R,2.0,R,17.0,R,12.0,R,6.0,R,0.0,R,6.0,R,2.0,R,33.0,R,11.0,R,0.0,R,11.0,R,6.0,R,55.0,R,10.0
139250,2014,R,576.0,R,1004.0,R,57.0,R,241.0,R,0.0,R,241.0,R,150.0,R,62.0,R,13.0,R,0.0,R,13.0,R,8.0,R,62.0,R,18.0
139278,2014,R,552.0,R,2601.0,R,21.0,R,662.0,R,0.0,R,662.0,R,313.0,R,47.0,R,940.0,R,0.0,R,940.0,R,378.0,R,40.0,R,17.0
139287,2014,R,34.0,R,39.0,R,87.0,R,21.0,R,0.0,R,21.0,R,21.0,R,100.0,R,6.0,R,0.0,R,6.0,R,3.0,R,50.0,R,10.0
139311,2014,R,458.0,R,1864.0,R,25.0,R,446.0,R,0.0,R,446.0,R,300.0,R,67.0,R,102.0,R,0.0,R,102.0,R,67.0,R,66.0,R,18.0
139357,2014,R,299.0,R,1697.0,R,18.0,R,326.0,R,0.0,R,326.0,R,146.0,R,45.0,R,350.0,R,0.0,R,350.0,R,129.0,R,37.0,R,18.0
139366,2014,R,905.0,R,1882.0,R,48.0,R,964.0,R,0.0,R,964.0,R,692.0,R,72.0,R,34.0,R,0.0,R,34.0,R,16.0,R,47.0,R,17.0
139384,2014,R,461.0,R,2875.0,R,16.0,R,549.0,R,0.0,R,549.0,R,291.0,R,53.0,R,605.0,R,0.0,R,605.0,R,251.0,R,41.0,R,19.0
139393,2014,R,265.0,R,342.0,R,77.0,R,295.0,R,0.0,R,295.0,R,251.0,R,85.0,A,,A,,A,,A,,A,,R,14.0
139463,2014,R,732.0,R,1278.0,R,57.0,R,333.0,R,0.0,R,333.0,R,237.0,R,71.0,R,48.0,R,0.0,R,48.0,R,29.0,R,60.0,R,29.0
139506,2014,A,,A,,A,,R,20.0,R,0.0,R,20.0,R,18.0,R,90.0,A,,A,,A,,A,,A,,R,11.0
139579,2014,R,43.0,R,233.0,R,18.0,R,25.0,Z,0.0,R,25.0,R,11.0,R,44.0,R,8.0,Z,0.0,R,8.0,R,3.0,R,38.0,R,11.0
139621,2014,R,974.0,R,1347.0,R,72.0,R,1.0,Z,0.0,R,1.0,R,0.0,R,0.0,R,0.0,Z,0.0,R,0.0,R,0.0,A,,R,28.0
139630,2014,R,193.0,R,334.0,R,58.0,R,167.0,R,0.0,R,167.0,R,104.0,R,62.0,R,0.0,R,0.0,R,0.0,R,0.0,A,,R,12.0
139658,2014,R,1823.0,R,2114.0,R,86.0,R,1354.0,R,6.0,R,1348.0,R,1281.0,R,95.0,R,0.0,Z,0.0,R,0.0,Z,0.0,A,,R,8.0
139700,2014,R,930.0,R,1861.0,R,50.0,R,0.0,R,0.0,R,0.0,R,0.0,A,,R,0.0,R,0.0,R,0.0,R,0.0,A,,R,21.0
139719,2014,R,217.0,R,390.0,R,56.0,R,515.0,R,0.0,R,515.0,R,291.0,R,57.0,R,12.0,R,0.0,R,12.0,R,3.0,R,25.0,R,17.0
139746,2014,A,,A,,A,,A,,A,,A,,A,,A,,A,,A,,A,,A,,A,,R,10.0
139755,2014,R,2805.0,R,3911.0,R,72.0,R,2669.0,R,0.0,R,2669.0,R,2563.0,R,96.0,R,4.0,R,0.0,R,4.0,R,1.0,R,25.0,R,18.0
139764,2014,R,386.0,R,845.0,R,46.0,R,349.0,R,0.0,R,349.0,R,243.0,R,70.0,R,8.0,R,0.0,R,8.0,R,4.0,R,50.0,R,16.0
139861,2014,R,1463.0,R,1888.0,R,77.0,R,1395.0,R,0.0,R,1395.0,R,1188.0,R,85.0,R,0.0,R,0.0,R,0.0,R,0.0,A,,R,18.0
139931,2014,R,3476.0,R,5240.0,R,66.0,R,3544.0,R,1.0,R,3543.0,R,2854.0,R,81.0,R,39.0,R,0.0,R,39.0,R,17.0,R,44.0,R,21.0
139940,2014,R,3640.0,R,7166.0,R,51.0,R,3388.0,R,0.0,R,3388.0,R,2750.0,R,81.0,R,81.0,R,0.0,R,81.0,R,46.0,R,57.0,R,21.0
139959,2014,R,5240.0,R,6764.0,R,77.0,R,5218.0,R,0.0,R,5218.0,R,4913.0,R,94.0,R,18.0,R,0.0,R,18.0,R,16.0,R,89.0,R,18.0
139968,2014,R,971.0,R,1478.0,R,66.0,R,0.0,R,0.0,R,0.0,R,0.0,A,,R,0.0,R,0.0,R,0.0,R,0.0,A,,R,21.0
139986,2014,R,406.0,R,2271.0,R,18.0,R,511.0,R,0.0,R,511.0,R,244.0,R,48.0,R,495.0,R,0.0,R,495.0,R,228.0,R,46.0,R,18.0
139995,2014,R,82.0,R,82.0,R,100.0,R,93.0,R,0.0,R,93.0,R,65.0,R,70.0,A,,A,,A,,A,,A,,R,23.0
140003,2014,R,50.0,R,99.0,R,51.0,R,51.0,R,1.0,R,50.0,R,34.0,R,68.0,R,54.0,R,0.0,R,54.0,R,34.0,R,63.0,R,15.0
140012,2014,R,291.0,R,2394.0,R,12.0,R,454.0,R,0.0,R,454.0,R,261.0,R,57.0,R,567.0,R,0.0,R,567.0,R,264.0,R,47.0,R,20.0
140164,2014,R,3652.0,R,6711.0,R,54.0,R,3148.0,R,0.0,R,3148.0,R,2482.0,R,79.0,R,81.0,R,0.0,R,81.0,R,47.0,R,58.0,R,21.0
140234,2014,R,233.0,R,335.0,R,70.0,R,267.0,R,0.0,R,267.0,R,164.0,R,61.0,R,4.0,R,0.0,R,4.0,R,3.0,R,75.0,R,10.0
140243,2014,R,294.0,R,1435.0,R,20.0,R,378.0,R,0.0,R,378.0,R,223.0,R,59.0,R,520.0,R,0.0,R,520.0,R,229.0,R,44.0,R,14.0
140252,2014,R,97.0,R,278.0,R,35.0,R,73.0,R,0.0,R,73.0,R,47.0,R,64.0,Z,0.0,R,0.0,R,0.0,Z,0.0,A,,R,12.0
140331,2014,R,852.0,R,3545.0,R,24.0,R,1032.0,R,0.0,R,1032.0,R,531.0,R,51.0,R,1144.0,R,0.0,R,1144.0,R,489.0,R,43.0,R,24.0
140340,2014,R,28.0,R,58.0,R,48.0,R,25.0,R,0.0,R,25.0,R,13.0,R,52.0,R,0.0,R,0.0,R,0.0,R,0.0,A,,R,14.0
140447,2014,R,804.0,R,1457.0,R,55.0,R,727.0,R,2.0,R,725.0,R,581.0,R,80.0,R,40.0,R,0.0,R,40.0,R,20.0,R,50.0,R,13.0
140553,2014,R,540.0,R,601.0,R,90.0,R,483.0,R,0.0,R,483.0,R,401.0,R,83.0,R,2.0,R,0.0,R,2.0,R,1.0,R,50.0,R,12.0
140599,2014,R,222.0,R,839.0,R,26.0,R,212.0,R,0.0,R,212.0,R,106.0,R,50.0,R,133.0,R,0.0,R,133.0,R,69.0,R,52.0,R,14.0
140678,2014,R,360.0,R,975.0,R,37.0,R,395.0,R,0.0,R,395.0,R,243.0,R,62.0,R,280.0,R,0.0,R,280.0,R,133.0,R,48.0,R,17.0
140696,2014,R,279.0,R,383.0,R,73.0,R,283.0,Z,0.0,R,283.0,R,201.0,R,71.0,Z,0.0,Z,0.0,Z,0.0,R,0.0,A,,R,14.0
140720,2014,R,205.0,R,276.0,R,74.0,R,234.0,R,0.0,R,234.0,R,130.0,R,56.0,R,16.0,R,0.0,R,16.0,R,5.0,R,31.0,R,12.0
140818,2014,R,269.0,R,381.0,R,71.0,R,232.0,R,0.0,R,232.0,R,170.0,R,73.0,R,2.0,R,0.0,R,2.0,R,1.0,R,50.0,R,11.0
140827,2014,A,,A,,A,,R,5.0,R,0.0,R,5.0,R,2.0,R,40.0,A,,A,,A,,A,,A,,R,7.0
140872,2014,R,310.0,R,498.0,R,62.0,R,324.0,R,0.0,R,324.0,R,205.0,R,63.0,R,0.0,R,0.0,R,0.0,R,0.0,A,,R,12.0
140942,2014,R,279.0,R,1855.0,R,15.0,R,362.0,R,0.0,R,362.0,R,209.0,R,58.0,R,538.0,R,0.0,R,538.0,R,239.0,R,44.0,R,17.0
140951,2014,R,1728.0,R,2550.0,R,68.0,R,1595.0,R,0.0,R,1595.0,R,1309.0,R,82.0,R,84.0,R,0.0,R,84.0,R,61.0,R,73.0,R,19.0
140960,2014,R,1196.0,R,1517.0,R,79.0,R,1261.0,R,0.0,R,1261.0,R,842.0,R,67.0,R,35.0,R,0.0,R,35.0,R,10.0,R,29.0,R,20.0
140988,2014,R,291.0,R,483.0,R,60.0,R,307.0,R,0.0,R,307.0,R,187.0,R,61.0,R,2.0,R,0.0,R,2.0,R,2.0,R,100.0,R,12.0
141006,2014,R,329.0,R,671.0,R,49.0,R,376.0,R,0.0,R,376.0,R,242.0,R,64.0,R,148.0,R,0.0,R,148.0,R,67.0,R,45.0,R,14.0
141015,2014,A,,A,,A,,R,7.0,R,0.0,R,7.0,R,7.0,R,100.0,A,,A,,A,,A,,A,,R,7.0
141060,2014,R,550.0,R,579.0,R,95.0,R,558.0,R,0.0,R,558.0,R,496.0,R,89.0,R,1.0,R,0.0,R,1.0,R,0.0,R,0.0,R,10.0
141097,2014,R,868.0,R,1685.0,R,52.0,R,733.0,R,0.0,R,733.0,R,547.0,R,75.0,R,42.0,R,0.0,R,42.0,R,26.0,R,62.0,R,21.0
141158,2014,R,70.0,R,941.0,R,7.0,R,78.0,R,0.0,R,78.0,R,41.0,R,53.0,R,148.0,R,0.0,R,148.0,R,70.0,R,47.0,R,12.0
141167,2014,R,88.0,R,296.0,R,30.0,R,70.0,R,0.0,R,70.0,R,46.0,R,66.0,R,9.0,R,0.0,R,9.0,R,2.0,R,22.0,R,10.0
141185,2014,R,160.0,R,331.0,R,48.0,R,163.0,R,0.0,R,163.0,R,116.0,R,71.0,R,5.0,R,0.0,R,5.0,R,2.0,R,40.0,R,15.0
141237,2014,R,207.0,R,921.0,R,22.0,R,187.0,R,0.0,R,187.0,R,126.0,R,67.0,R,2.0,R,0.0,R,2.0,R,0.0,R,0.0,R,14.0
141255,2014,R,251.0,R,1591.0,R,16.0,R,303.0,R,0.0,R,303.0,R,133.0,R,44.0,R,383.0,R,0.0,R,383.0,R,149.0,R,39.0,R,13.0
141264,2014,R,1585.0,R,2477.0,R,64.0,R,1675.0,R,0.0,R,1675.0,R,1163.0,R,69.0,R,33.0,R,0.0,R,33.0,R,15.0,R,45.0,R,19.0
141325,2014,R,106.0,R,200.0,R,53.0,R,119.0,R,0.0,R,119.0,R,80.0,R,67.0,R,0.0,R,0.0,R,0.0,R,0.0,A,,R,13.0
141334,2014,R,2167.0,R,3211.0,R,67.0,R,2198.0,R,0.0,R,2198.0,R,1627.0,R,74.0,R,39.0,R,0.0,R,39.0,R,25.0,R,64.0,R,21.0
141361,2014,R,448.0,R,514.0,R,87.0,R,419.0,R,0.0,R,419.0,R,284.0,R,68.0,R,0.0,R,0.0,R,0.0,R,0.0,A,,R,11.0
141468,2014,R,158.0,R,315.0,R,50.0,R,194.0,R,0.0,R,194.0,R,95.0,R,49.0,R,86.0,R,0.0,R,86.0,R,44.0,R,51.0,R,26.0
141486,2014,R,239.0,R,443.0,R,54.0,R,263.0,R,0.0,R,263.0,R,201.0,R,76.0,R,17.0,R,0.0,R,17.0,R,8.0,R,47.0,R,11.0
141565,2014,R,427.0,R,1093.0,R,39.0,R,487.0,R,0.0,R,487.0,R,322.0,R,66.0,R,7.0,R,0.0,R,7.0,R,1.0,R,14.0,R,14.0
141574,2014,R,1808.0,R,3901.0,R,46.0,R,1933.0,R,0.0,R,1933.0,R,1526.0,R,79.0,R,47.0,R,0.0,R,47.0,R,31.0,R,66.0,R,13.0
141608,2014,A,,A,,A,,R,9.0,R,0.0,R,9.0,R,7.0,R,78.0,A,,A,,A,,A,,A,,R,19.0
141644,2014,R,509.0,R,1436.0,R,35.0,R,516.0,R,0.0,R,516.0,R,361.0,R,70.0,R,60.0,R,0.0,R,60.0,R,10.0,R,17.0,R,13.0
141680,2014,R,416.0,R,1614.0,R,26.0,R,431.0,R,0.0,R,431.0,R,230.0,R,53.0,R,235.0,R,0.0,R,235.0,R,87.0,R,37.0,R,15.0
141796,2014,R,802.0,R,2850.0,R,28.0,R,807.0,R,0.0,R,807.0,R,520.0,R,64.0,R,441.0,R,0.0,R,441.0,R,223.0,R,51.0,R,18.0
141802,2014,R,212.0,R,500.0,R,42.0,R,184.0,R,0.0,R,184.0,R,109.0,R,59.0,R,102.0,R,0.0,R,102.0,R,41.0,R,40.0,R,11.0
141811,2014,R,946.0,R,2983.0,R,32.0,R,802.0,R,0.0,R,802.0,R,491.0,R,61.0,R,421.0,R,0.0,R,421.0,R,164.0,R,39.0,R,24.0
141839,2014,R,385.0,R,1248.0,R,31.0,R,0.0,R,0.0,R,0.0,R,0.0,A,,R,0.0,R,0.0,R,0.0,R,0.0,A,,R,15.0
141848,2014,A,,A,,A,,R,30.0,R,0.0,R,30.0,R,25.0,R,83.0,R,5.0,R,0.0,R,5.0,R,5.0,R,100.0,R,12.0
141945,2014,A,,A,,A,,R,56.0,R,0.0,R,56.0,R,50.0,R,89.0,A,,A,,A,,A,,A,,R,12.0
141981,2014,R,196.0,R,1017.0,R,19.0,R,214.0,R,0.0,R,214.0,R,131.0,R,61.0,R,77.0,R,0.0,R,77.0,R,33.0,R,43.0,R,20.0
141990,2014,R,276.0,R,1157.0,R,24.0,R,283.0,R,0.0,R,283.0,R,175.0,R,62.0,R,134.0,R,0.0,R,134.0,R,42.0,R,31.0,R,23.0
142054,2014,A,,A,,A,,R,49.0,R,0.0,R,49.0,R,34.0,R,69.0,R,0.0,R,0.0,R,0.0,R,0.0,A,,R,18.0
142090,2014,R,42.0,R,56.0,R,75.0,R,47.0,R,0.0,R,47.0,R,27.0,R,57.0,R,0.0,R,0.0,R,0.0,R,0.0,A,,R,14.0
142115,2014,R,2193.0,R,5982.0,R,37.0,R,2075.0,R,0.0,R,2075.0,R,1555.0,R,75.0,R,115.0,R,0.0,R,115.0,R,46.0,R,40.0,R,19.0
142179,2014,R,45.0,R,217.0,R,21.0,R,53.0,R,0.0,R,53.0,R,34.0,R,64.0,R,29.0,R,0.0,R,29.0,R,9.0,R,31.0,R,8.0
142276,2014,R,1591.0,R,3566.0,R,45.0,R,1055.0,R,0.0,R,1055.0,R,765.0,R,73.0,R,137.0,R,0.0,R,137.0,R,72.0,R,53.0,R,16.0
142285,2014,R,1554.0,R,2898.0,R,54.0,R,1590.0,R,0.0,R,1590.0,R,1231.0,R,77.0,R,40.0,R,0.0,R,40.0,R,14.0,R,35.0,R,17.0
142294,2014,R,276.0,R,337.0,R,82.0,R,291.0,Z,0.0,R,291.0,R,250.0,R,86.0,R,0.0,R,0.0,R,0.0,R,0.0,A,,R,11.0
142328,2014,R,491.0,R,915.0,R,54.0,R,366.0,Z,0.0,R,366.0,R,224.0,R,61.0,R,23.0,Z,0.0,R,23.0,R,4.0,R,17.0,R,16.0
142337,2014,R,24.0,R,29.0,R,83.0,R,0.0,R,0.0,R,0.0,R,0.0,A,,R,0.0,R,0.0,R,0.0,R,0.0,A,,R,11.0
142407,2014,A,,A,,A,,R,31.0,R,0.0,R,31.0,R,25.0,R,81.0,R,16.0,R,0.0,R,16.0,R,13.0,R,81.0,R,13.0
142416,2014,A,,A,,A,,R,16.0,R,0.0,R,16.0,R,14.0,R,88.0,A,,A,,A,,A,,A,,R,20.0
142443,2014,R,655.0,R,1671.0,R,39.0,R,754.0,R,0.0,R,754.0,R,418.0,R,55.0,R,295.0,R,0.0,R,295.0,R,102.0,R,35.0,R,15.0
142461,2014,R,274.0,R,392.0,R,70.0,R,247.0,Z,0.0,R,247.0,R,185.0,R,75.0,R,0.0,Z,0.0,R,0.0,Z,0.0,A,,R,17.0
142489,2014,A,,A,,A,,R,21.0,R,0.0,R,21.0,R,15.0,R,71.0,A,,A,,A,,A,,A,,R,11.0
142522,2014,R,1964.0,R,13955.0,R,14.0,R,1583.0,R,386.0,R,1197.0,R,827.0,R,69.0,R,113.0,R,25.0,R,88.0,R,35.0,R,40.0,R,25.0
142559,2014,R,672.0,R,3597.0,R,19.0,R,783.0,R,0.0,R,783.0,R,441.0,R,56.0,R,362.0,R,0.0,R,362.0,R,127.0,R,35.0,R,21.0
142869,2014,A,,A,,A,,R,15.0,R,0.0,R,15.0,R,10.0,R,67.0,R,14.0,R,0.0,R,14.0,R,7.0,R,50.0,R,9.0
142878,2014,A,,A,,A,,R,38.0,R,0.0,R,38.0,R,35.0,R,92.0,A,,A,,A,,A,,A,,R,6.0
142887,2014,R,69.0,R,103.0,R,67.0,R,75.0,R,0.0,R,75.0,R,54.0,R,72.0,R,25.0,R,0.0,R,25.0,R,17.0,R,68.0,R,15.0
143048,2014,R,603.0,R,889.0,R,68.0,R,574.0,R,8.0,R,566.0,R,463.0,R,82.0,R,2.0,R,0.0,R,2.0,R,0.0,R,0.0,R,9.0
143084,2014,R,726.0,R,804.0,R,90.0,R,627.0,R,0.0,R,627.0,R,520.0,R,83.0,A,,A,,A,,A,,A,,R,11.0
143118,2014,R,642.0,R,1256.0,R,51.0,R,642.0,R,0.0,R,642.0,R,456.0,R,71.0,R,0.0,R,0.0,R,0.0,R,0.0,A,,R,16.0
143181,2014,A,,A,,A,,R,13.0,R,0.0,R,13.0,R,9.0,R,69.0,A,,A,,A,,A,,A,,R,16.0
143215,2014,R,1039.0,R,2433.0,R,43.0,R,1098.0,R,22.0,R,1076.0,R,696.0,R,65.0,R,452.0,R,26.0,R,426.0,R,201.0,R,47.0,R,20.0
143279,2014,R,383.0,R,2097.0,R,18.0,R,438.0,R,1.0,R,437.0,R,207.0,R,47.0,R,131.0,R,3.0,R,128.0,R,39.0,R,30.0,R,20.0
143288,2014,R,167.0,R,229.0,R,73.0,R,115.0,R,0.0,R,115.0,R,71.0,R,62.0,R,1.0,R,0.0,R,1.0,R,0.0,R,0.0,R,12.0
143297,2014,A,,A,,A,,A,,A,,A,,A,,A,,A,,A,,A,,A,,A,,R,8.0
143303,2014,A,,A,,A,,A,,A,,A,,A,,A,,A,,A,,A,,A,,A,,R,5.0
143358,2014,R,947.0,R,1178.0,R,80.0,R,1082.0,R,1.0,R,1081.0,R,931.0,R,86.0,R,3.0,R,0.0,R,3.0,R,1.0,R,33.0,R,12.0
143376,2014,A,,A,,A,,R,219.0,Z,0.0,R,219.0,R,168.0,R,77.0,R,79.0,Z,0.0,R,79.0,R,58.0,R,73.0,R,10.0
143464,2014,A,,A,,A,,R,4.0,R,0.0,R,4.0,R,3.0,R,75.0,R,9.0,R,0.0,R,9.0,R,9.0,R,100.0,R,9.0
143473,2014,A,,A,,A,,R,5.0,R,0.0,R,5.0,R,5.0,R,100.0,R,45.0,R,0.0,R,45.0,R,35.0,R,78.0,R,11.0
143482,2014,A,,A,,A,,R,3.0,Z,0.0,R,3.0,R,3.0,R,100.0,R,23.0,R,0.0,R,23.0,R,13.0,R,57.0,R,11.0
143491,2014,A,,A,,A,,R,1.0,R,0.0,R,1.0,R,0.0,R,0.0,R,69.0,R,0.0,R,69.0,R,48.0,R,70.0,R,12.0
143516,2014,A,,A,,A,,R,4.0,R,0.0,R,4.0,R,4.0,R,100.0,R,30.0,R,0.0,R,30.0,R,23.0,R,77.0,R,9.0
143543,2014,A,,A,,A,,R,18.0,R,0.0,R,18.0,R,14.0,R,78.0,R,14.0,R,0.0,R,14.0,R,10.0,R,71.0,R,14.0
143552,2014,A,,A,,A,,R,4.0,R,0.0,R,4.0,R,4.0,R,100.0,R,0.0,R,0.0,R,0.0,R,0.0,A,,R,12.0
143613,2014,R,239.0,R,1179.0,R,20.0,R,301.0,R,4.0,R,297.0,R,181.0,R,61.0,R,128.0,R,4.0,R,124.0,R,44.0,R,35.0,R,15.0
143695,2014,A,,A,,A,,R,7.0,R,0.0,R,7.0,R,6.0,R,86.0,A,,A,,A,,A,,A,,R,7.0
144005,2014,R,253.0,R,835.0,R,30.0,R,225.0,R,0.0,R,225.0,R,119.0,R,53.0,R,51.0,R,0.0,R,51.0,R,17.0,R,33.0,R,12.0
144050,2014,R,1445.0,R,1475.0,R,98.0,R,1426.0,R,0.0,R,1426.0,R,1409.0,R,99.0,A,,A,,A,,A,,A,,R,6.0
144157,2014,R,416.0,R,1335.0,R,31.0,R,504.0,R,18.0,R,486.0,R,213.0,R,44.0,R,158.0,R,14.0,R,144.0,R,36.0,R,25.0,R,27.0
144166,2014,R,536.0,R,1836.0,R,29.0,R,556.0,R,35.0,R,521.0,R,192.0,R,37.0,R,218.0,R,25.0,R,193.0,R,55.0,R,28.0,R,29.0
144175,2014,R,194.0,R,1110.0,R,17.0,R,319.0,R,12.0,R,307.0,R,117.0,R,38.0,R,150.0,R,9.0,R,141.0,R,33.0,R,23.0,R,30.0
144184,2014,R,438.0,R,2667.0,R,16.0,R,447.0,R,42.0,R,405.0,R,202.0,R,50.0,R,195.0,R,14.0,R,181.0,R,72.0,R,40.0,R,29.0
144193,2014,R,418.0,R,2640.0,R,16.0,R,487.0,R,25.0,R,462.0,R,234.0,R,51.0,R,279.0,R,12.0,R,267.0,R,95.0,R,36.0,R,38.0
144209,2014,R,1297.0,R,3075.0,R,42.0,R,1307.0,R,58.0,R,1249.0,R,655.0,R,52.0,R,267.0,R,17.0,R,250.0,R,65.0,R,26.0,R,33.0
144218,2014,R,1013.0,R,3481.0,R,29.0,R,933.0,R,27.0,R,906.0,R,509.0,R,56.0,R,551.0,R,33.0,R,518.0,R,230.0,R,44.0,R,33.0
144281,2014,R,1787.0,R,2478.0,R,72.0,R,2125.0,R,0.0,R,2125.0,R,1508.0,R,71.0,R,36.0,Z,0.0,R,36.0,R,12.0,R,33.0,R,13.0
144351,2014,R,300.0,R,528.0,R,57.0,R,376.0,R,0.0,R,376.0,R,246.0,R,65.0,A,,A,,A,,A,,A,,R,17.0
144467,2014,A,,A,,A,,R,140.0,Z,0.0,R,140.0,R,82.0,R,59.0,A,,A,,A,,A,,A,,R,49.0
144485,2014,A,,A,,A,,R,199.0,Z,0.0,R,199.0,R,133.0,R,67.0,A,,A,,A,,A,,A,,R,25.0
144564,2014,R,381.0,R,1811.0,R,21.0,R,426.0,R,2.0,R,424.0,R,260.0,R,61.0,R,272.0,R,2.0,R,270.0,R,111.0,R,41.0,R,17.0
144573,2014,A,,A,,A,,R,21.0,R,1.0,R,20.0,R,16.0,R,80.0,A,,A,,A,,A,,A,,R,16.0
144740,2014,R,2540.0,R,4280.0,R,59.0,R,2422.0,R,0.0,R,2422.0,R,2111.0,R,87.0,R,3.0,R,0.0,R,3.0,R,0.0,R,0.0,R,17.0
144795,2014,A,,A,,A,,R,71.0,R,0.0,R,71.0,R,29.0,R,41.0,R,2.0,Z,0.0,R,2.0,R,2.0,R,100.0,R,16.0
144865,2014,R,2574.0,R,9138.0,R,28.0,R,2521.0,R,21.0,R,2500.0,R,1737.0,R,69.0,R,1292.0,R,31.0,R,1261.0,R,629.0,R,50.0,R,24.0
144883,2014,R,118.0,R,132.0,R,89.0,R,171.0,R,0.0,R,171.0,R,53.0,R,31.0,R,0.0,Z,0.0,R,0.0,Z,0.0,A,,R,20.0
144892,2014,R,1120.0,R,2073.0,R,54.0,R,1329.0,Z,0.0,R,1329.0,R,1004.0,R,76.0,R,4.0,Z,0.0,R,4.0,R,0.0,R,0.0,R,14.0
144944,2014,R,885.0,R,2576.0,R,34.0,R,975.0,R,76.0,R,899.0,R,681.0,R,76.0,R,382.0,R,29.0,R,353.0,R,193.0,R,55.0,R,20.0
144962,2014,R,510.0,R,888.0,R,57.0,R,506.0,R,0.0,R,506.0,R,413.0,R,82.0,A,,A,,A,,A,,A,,R,13.0
144971,2014,R,168.0,R,238.0,R,71.0,R,138.0,R,0.0,R,138.0,R,89.0,R,64.0,R,0.0,Z,0.0,R,0.0,Z,0.0,A,,R,12.0
145099,2014,A,,A,,A,,A,,A,,A,,A,,A,,A,,A,,A,,A,,A,,R,18.0
145239,2014,R,39.0,R,132.0,R,30.0,R,65.0,R,0.0,R,65.0,R,41.0,R,63.0,A,,A,,A,,A,,A,,R,16.0
145309,2014,A,,A,,A,,R,21.0,R,0.0,R,21.0,R,16.0,R,76.0,A,,A,,A,,A,,A,,R,9.0
145336,2014,R,211.0,R,1211.0,R,17.0,R,0.0,R,0.0,R,0.0,R,0.0,A,,R,0.0,R,0.0,R,0.0,R,0.0,A,,R,10.0
145354,2014,A,,A,,A,,R,0.0,R,0.0,R,0.0,R,0.0,A,,R,0.0,R,0.0,R,0.0,R,0.0,A,,R,4.0
145372,2014,R,268.0,R,392.0,R,68.0,R,277.0,R,0.0,R,277.0,R,195.0,R,70.0,R,0.0,R,0.0,R,0.0,R,0.0,A,,R,11.0
145406,2014,A,,A,,A,,R,13.0,Z,0.0,R,13.0,R,11.0,R,85.0,R,20.0,Z,0.0,R,20.0,R,16.0,R,80.0,R,6.0
145424,2014,A,,A,,A,,R,2.0,R,0.0,R,2.0,R,2.0,R,100.0,R,1.0,Z,0.0,R,1.0,R,1.0,R,100.0,R,14.0
145433,2014,A,,A,,A,,R,8.0,R,0.0,R,8.0,R,6.0,R,75.0,R,13.0,R,0.0,R,13.0,R,11.0,R,85.0,R,21.0
145460,2014,R,9.0,R,50.0,R,18.0,R,15.0,Z,0.0,R,15.0,R,8.0,R,53.0,R,8.0,Z,0.0,R,8.0,R,4.0,R,50.0,R,8.0
145497,2014,R,277.0,R,310.0,R,89.0,R,338.0,R,0.0,R,338.0,R,77.0,R,23.0,R,0.0,R,0.0,R,0.0,R,0.0,A,,R,16.0
145521,2014,R,324.0,R,647.0,R,50.0,R,335.0,R,4.0,R,331.0,R,203.0,R,61.0,R,88.0,R,7.0,R,81.0,R,20.0,R,25.0,R,15.0
145600,2014,R,3011.0,R,4813.0,R,63.0,R,3079.0,R,0.0,R,3079.0,R,2454.0,R,80.0,R,25.0,R,0.0,R,25.0,R,7.0,R,28.0,R,17.0
145619,2014,R,667.0,R,1270.0,R,53.0,R,622.0,R,1.0,R,621.0,R,452.0,R,73.0,R,4.0,R,0.0,R,4.0,R,2.0,R,50.0,R,13.0
145637,2014,R,6926.0,R,9157.0,R,76.0,R,7321.0,R,0.0,R,7321.0,R,6843.0,R,93.0,R,8.0,R,0.0,R,8.0,R,7.0,R,88.0,R,19.0
145646,2014,R,455.0,R,494.0,R,92.0,R,527.0,R,0.0,R,527.0,R,485.0,R,92.0,A,,A,,A,,A,,A,,R,11.0
145682,2014,R,1117.0,R,3639.0,R,31.0,R,1125.0,R,14.0,R,1111.0,R,768.0,R,69.0,R,463.0,R,17.0,R,446.0,R,195.0,R,44.0,R,18.0
145691,2014,R,253.0,R,292.0,R,87.0,R,270.0,R,0.0,R,270.0,R,206.0,R,76.0,A,,A,,A,,A,,A,,R,11.0
145707,2014,R,195.0,R,531.0,R,37.0,R,220.0,R,4.0,R,216.0,R,127.0,R,59.0,R,18.0,R,0.0,R,18.0,R,7.0,R,39.0,R,14.0
145725,2014,R,440.0,R,723.0,R,61.0,R,462.0,R,0.0,R,462.0,R,401.0,R,87.0,A,,A,,A,,A,,A,,R,13.0
145770,2014,R,12.0,R,56.0,R,21.0,R,8.0,Z,0.0,R,8.0,R,4.0,R,50.0,R,61.0,Z,0.0,R,61.0,R,17.0,R,28.0,R,6.0
145813,2014,R,3581.0,R,5483.0,R,65.0,R,2978.0,R,0.0,R,2978.0,R,2420.0,R,81.0,R,3.0,R,0.0,R,3.0,R,3.0,R,100.0,R,19.0
145831,2014,R,247.0,R,1003.0,R,25.0,R,194.0,R,1.0,R,193.0,R,112.0,R,58.0,R,126.0,R,7.0,R,119.0,R,55.0,R,46.0,R,16.0
146010,2014,R,14.0,R,26.0,R,54.0,R,11.0,Z,0.0,R,11.0,R,5.0,R,45.0,R,12.0,Z,0.0,R,12.0,R,7.0,R,58.0,R,14.0
146205,2014,R,475.0,R,2491.0,R,19.0,R,581.0,R,30.0,R,551.0,R,334.0,R,61.0,R,155.0,R,17.0,R,138.0,R,72.0,R,52.0,R,23.0
146278,2014,R,376.0,R,862.0,R,44.0,R,419.0,R,4.0,R,415.0,R,274.0,R,66.0,R,119.0,R,3.0,R,116.0,R,64.0,R,55.0,R,12.0
146296,2014,R,967.0,R,5062.0,R,19.0,R,987.0,R,32.0,R,955.0,R,566.0,R,59.0,R,712.0,R,68.0,R,644.0,R,268.0,R,42.0,R,23.0
146339,2014,R,193.0,R,459.0,R,42.0,R,189.0,R,1.0,R,188.0,R,130.0,R,69.0,R,12.0,R,0.0,R,12.0,R,6.0,R,50.0,R,10.0
146348,2014,R,260.0,R,651.0,R,40.0,R,282.0,R,5.0,R,277.0,R,187.0,R,68.0,R,101.0,R,5.0,R,96.0,R,50.0,R,52.0,R,14.0
146366,2014,R,164.0,R,1939.0,R,8.0,R,229.0,R,5.0,R,224.0,R,120.0,R,54.0,R,124.0,R,12.0,R,112.0,R,35.0,R,31.0,R,20.0
146393,2014,R,93.0,R,359.0,R,26.0,R,41.0,R,0.0,R,41.0,R,30.0,R,73.0,R,11.0,R,0.0,R,11.0,R,4.0,R,36.0,R,10.0
146418,2014,R,425.0,R,1774.0,R,24.0,R,472.0,R,9.0,R,463.0,R,305.0,R,66.0,R,131.0,R,7.0,R,124.0,R,47.0,R,38.0,R,21.0
146427,2014,R,362.0,R,400.0,R,91.0,R,380.0,R,0.0,R,380.0,R,336.0,R,88.0,A,,A,,A,,A,,A,,R,12.0
146454,2014,A,,A,,A,,R,11.0,R,0.0,R,11.0,R,8.0,R,73.0,A,,A,,A,,A,,A,,R,10.0
146472,2014,R,1140.0,R,3549.0,R,32.0,R,1177.0,R,27.0,R,1150.0,R,785.0,R,68.0,R,872.0,R,59.0,R,813.0,R,372.0,R,46.0,R,17.0
146481,2014,R,410.0,R,480.0,R,85.0,R,399.0,R,0.0,R,399.0,R,341.0,R,85.0,A,,A,,A,,A,,A,,R,12.0
146506,2014,R,771.0,R,2265.0,R,34.0,R,909.0,R,17.0,R,892.0,R,586.0,R,66.0,R,192.0,R,4.0,R,188.0,R,61.0,R,32.0,R,23.0
146533,2014,A,,A,,A,,A,,A,,A,,A,,A,,A,,A,,A,,A,,A,,R,8.0
146603,2014,R,558.0,R,3878.0,R,14.0,R,567.0,R,46.0,R,521.0,R,358.0,R,69.0,R,168.0,R,31.0,R,137.0,R,69.0,R,50.0,R,23.0
146612,2014,R,743.0,R,1436.0,R,52.0,R,694.0,R,0.0,R,694.0,R,573.0,R,83.0,R,0.0,R,0.0,R,0.0,R,0.0,A,,R,13.0
146667,2014,R,67.0,R,138.0,R,49.0,R,69.0,R,0.0,R,69.0,R,57.0,R,83.0,R,0.0,R,0.0,R,0.0,R,0.0,A,,R,14.0
146676,2014,R,369.0,R,563.0,R,66.0,R,29.0,R,1.0,R,28.0,R,15.0,R,54.0,R,9.0,R,2.0,R,7.0,R,4.0,R,57.0,R,18.0
146685,2014,R,1020.0,R,2316.0,R,44.0,R,1024.0,R,3.0,R,1021.0,R,622.0,R,61.0,R,394.0,R,14.0,R,380.0,R,168.0,R,44.0,R,21.0
146700,2014,A,,A,,A,,R,184.0,R,0.0,R,184.0,R,125.0,R,68.0,R,0.0,R,0.0,R,0.0,R,0.0,A,,R,21.0
146719,2014,R,2288.0,R,2780.0,R,82.0,R,2497.0,R,0.0,R,2497.0,R,2153.0,R,86.0,R,15.0,R,0.0,R,15.0,R,12.0,R,80.0,R,14.0
146755,2014,R,3.0,R,158.0,R,2.0,R,0.0,R,0.0,R,0.0,R,0.0,A,,R,0.0,R,0.0,R,0.0,R,0.0,A,,R,10.0
146791,2014,A,,A,,A,,R,98.0,Z,0.0,R,98.0,R,54.0,R,55.0,A,,A,,A,,A,,A,,R,16.0
146807,2014,A,,A,,A,,R,4.0,R,0.0,R,4.0,R,3.0,R,75.0,R,1.0,R,0.0,R,1.0,R,0.0,R,0.0,R,13.0
146816,2014,R,24.0,R,78.0,R,31.0,R,22.0,R,0.0,R,22.0,R,8.0,R,36.0,R,7.0,R,0.0,R,7.0,R,2.0,R,29.0,R,12.0
146825,2014,R,113.0,R,171.0,R,66.0,R,120.0,R,0.0,R,120.0,R,86.0,R,72.0,R,0.0,R,0.0,R,0.0,R,0.0,A,,R,13.0
147004,2014,R,702.0,R,2826.0,R,25.0,R,748.0,R,42.0,R,706.0,R,452.0,R,64.0,R,464.0,R,25.0,R,439.0,R,195.0,R,44.0,R,19.0
147013,2014,R,421.0,R,810.0,R,52.0,R,387.0,R,0.0,R,387.0,R,295.0,R,76.0,A,,A,,A,,A,,A,,R,14.0
147129,2014,R,4.0,R,143.0,R,3.0,R,14.0,R,0.0,R,14.0,R,11.0,R,79.0,R,0.0,R,0.0,R,0.0,R,0.0,A,,R,11.0
147165,2014,R,3.0,R,116.0,R,3.0,R,1.0,R,0.0,R,1.0,R,1.0,R,100.0,R,1.0,R,0.0,R,1.0,R,1.0,R,100.0,R,7.0
147244,2014,R,476.0,R,629.0,R,76.0,R,450.0,R,0.0,R,450.0,R,371.0,R,82.0,R,1.0,R,0.0,R,1.0,R,1.0,R,100.0,R,11.0
147341,2014,R,394.0,R,447.0,R,88.0,R,390.0,R,0.0,R,390.0,R,289.0,R,74.0,A,,A,,A,,A,,A,,R,12.0
147369,2014,R,430.0,R,953.0,R,45.0,R,413.0,R,0.0,R,413.0,R,358.0,R,87.0,R,40.0,R,0.0,R,40.0,R,11.0,R,28.0,R,17.0
147378,2014,R,1681.0,R,4334.0,R,39.0,R,1651.0,R,64.0,R,1587.0,R,1115.0,R,70.0,R,529.0,R,19.0,R,510.0,R,231.0,R,45.0,R,25.0
147396,2014,R,41.0,R,42.0,R,98.0,R,36.0,R,0.0,R,36.0,R,21.0,R,58.0,A,,A,,A,,A,,A,,R,10.0
147411,2014,R,309.0,R,1786.0,R,17.0,R,325.0,R,10.0,R,315.0,R,219.0,R,70.0,R,216.0,R,13.0,R,203.0,R,97.0,R,48.0,R,20.0
147439,2014,A,,A,,A,,R,16.0,R,0.0,R,16.0,R,9.0,R,56.0,R,3.0,R,0.0,R,3.0,R,2.0,R,67.0,R,15.0
147536,2014,R,13.0,R,332.0,R,4.0,R,27.0,R,0.0,R,27.0,R,14.0,R,52.0,R,1.0,R,0.0,R,1.0,R,0.0,R,0.0,R,12.0
147590,2014,A,,A,,A,,A,,A,,A,,A,,A,,A,,A,,A,,A,,A,,R,6.0
147642,2014,A,,A,,A,,R,7.0,R,0.0,R,7.0,R,6.0,R,86.0,R,18.0,R,0.0,R,18.0,R,15.0,R,83.0,R,8.0
147660,2014,R,576.0,R,923.0,R,62.0,R,529.0,R,0.0,R,529.0,R,414.0,R,78.0,A,,A,,A,,A,,A,,R,15.0
147679,2014,R,403.0,R,671.0,R,60.0,R,371.0,R,0.0,R,371.0,R,294.0,R,79.0,R,2.0,R,0.0,R,2.0,R,1.0,R,50.0,R,12.0
147703,2014,R,2499.0,R,4413.0,R,57.0,R,2630.0,R,0.0,R,2630.0,R,1855.0,R,71.0,R,49.0,R,0.0,R,49.0,R,21.0,R,43.0,R,15.0
147749,2014,R,53.0,R,85.0,R,62.0,R,69.0,Z,0.0,R,69.0,R,23.0,R,33.0,R,16.0,Z,0.0,R,16.0,R,4.0,R,25.0,R,16.0
147767,2014,R,2043.0,R,2270.0,R,90.0,R,2040.0,R,2.0,R,2038.0,R,1974.0,R,97.0,A,,A,,A,,A,,A,,R,7.0
147776,2014,R,726.0,R,2141.0,R,34.0,R,764.0,R,0.0,R,764.0,R,461.0,R,60.0,R,44.0,R,0.0,R,44.0,R,15.0,R,34.0,R,16.0
147800,2014,R,691.0,R,2387.0,R,29.0,R,749.0,R,87.0,R,662.0,R,497.0,R,75.0,R,513.0,R,114.0,R,399.0,R,188.0,R,47.0,R,18.0
147819,2014,A,,A,,A,,R,38.0,R,0.0,R,38.0,R,32.0,R,84.0,A,,A,,A,,A,,A,,R,12.0
147828,2014,R,779.0,R,1094.0,R,71.0,R,753.0,R,0.0,R,753.0,R,579.0,R,77.0,R,0.0,R,0.0,R,0.0,R,0.0,A,,R,16.0
147916,2014,R,857.0,R,2183.0,R,39.0,R,675.0,R,7.0,R,668.0,R,406.0,R,61.0,R,382.0,R,2.0,R,380.0,R,173.0,R,46.0,R,18.0
147970,2014,A,,A,,A,,R,56.0,R,0.0,R,56.0,R,40.0,R,71.0,A,,A,,A,,A,,A,,R,21.0
148007,2014,R,243.0,R,963.0,R,25.0,R,418.0,R,10.0,R,408.0,R,167.0,R,41.0,R,194.0,R,10.0,R,184.0,R,63.0,R,34.0,R,16.0
148016,2014,R,121.0,R,144.0,R,84.0,R,125.0,R,0.0,R,125.0,R,112.0,R,90.0,A,,A,,A,,A,,A,,R,7.0
148098,2014,A,,A,,A,,R,8.0,R,0.0,R,8.0,R,7.0,R,88.0,A,,A,,A,,A,,A,,R,6.0
148131,2014,R,214.0,R,312.0,R,69.0,R,275.0,R,0.0,R,275.0,R,208.0,R,76.0,R,0.0,R,0.0,R,0.0,R,0.0,A,,R,13.0
148140,2014,A,,A,,A,,R,40.0,R,0.0,R,40.0,R,22.0,R,55.0,A,,A,,A,,A,,A,,R,17.0
148177,2014,R,182.0,R,535.0,R,34.0,R,349.0,Z,0.0,R,349.0,R,161.0,R,46.0,R,41.0,R,1.0,R,40.0,R,7.0,R,18.0,R,14.0
148256,2014,R,518.0,R,1010.0,R,51.0,R,355.0,R,1.0,R,354.0,R,221.0,R,62.0,R,62.0,R,0.0,R,62.0,R,32.0,R,52.0,R,15.0
148292,2014,R,299.0,R,1268.0,R,24.0,R,272.0,R,1.0,R,271.0,R,152.0,R,56.0,R,333.0,R,5.0,R,328.0,R,92.0,R,28.0,R,16.0
148335,2014,R,726.0,R,1229.0,R,59.0,R,698.0,R,2.0,R,696.0,R,351.0,R,50.0,R,1.0,R,0.0,R,1.0,R,0.0,R,0.0,R,21.0
148380,2014,R,651.0,R,1792.0,R,36.0,R,776.0,R,20.0,R,756.0,R,516.0,R,68.0,R,368.0,R,15.0,R,353.0,R,163.0,R,46.0,R,16.0
148399,2014,R,34.0,R,170.0,R,20.0,R,67.0,R,0.0,R,67.0,R,28.0,R,42.0,R,62.0,R,0.0,R,62.0,R,32.0,R,52.0,R,8.0
148405,2014,R,147.0,R,353.0,R,42.0,R,103.0,R,0.0,R,103.0,R,66.0,R,64.0,R,0.0,R,0.0,R,0.0,R,0.0,A,,R,10.0
148487,2014,R,600.0,R,1285.0,R,47.0,R,429.0,Z,0.0,R,429.0,R,279.0,R,65.0,R,15.0,Z,0.0,R,15.0,R,7.0,R,47.0,R,11.0
148496,2014,R,473.0,R,641.0,R,74.0,R,497.0,R,0.0,R,497.0,R,401.0,R,81.0,R,0.0,R,0.0,R,0.0,R,0.0,A,,R,11.0
148511,2014,A,,A,,A,,A,,A,,A,,A,,A,,A,,A,,A,,A,,A,,R,5.0
148575,2014,A,,A,,A,,A,,A,,A,,A,,A,,A,,A,,A,,A,,A,,R,9.0
148584,2014,R,216.0,R,478.0,R,45.0,R,237.0,R,0.0,R,237.0,R,192.0,R,81.0,A,,A,,A,,A,,A,,R,11.0
148593,2014,A,,A,,A,,A,,A,,A,,A,,A,,A,,A,,A,,A,,A,,R,9.0
148627,2014,R,563.0,R,925.0,R,61.0,R,591.0,R,0.0,R,591.0,R,442.0,R,75.0,R,3.0,R,0.0,R,3.0,R,3.0,R,100.0,R,13.0
148654,2014,R,302.0,R,949.0,R,32.0,R,312.0,R,0.0,R,312.0,R,247.0,R,79.0,R,4.0,R,0.0,R,4.0,R,3.0,R,75.0,R,14.0
148672,2014,R,317.0,R,900.0,R,35.0,R,374.0,R,9.0,R,365.0,R,234.0,R,64.0,R,97.0,R,2.0,R,95.0,R,50.0,R,53.0,R,17.0
148821,2014,R,68.0,R,460.0,R,15.0,R,100.0,R,5.0,R,95.0,R,47.0,R,49.0,R,24.0,R,3.0,R,21.0,R,8.0,R,38.0,R,16.0
148849,2014,R,11.0,R,19.0,R,58.0,R,8.0,R,0.0,R,8.0,R,5.0,R,63.0,R,0.0,R,0.0,R,0.0,R,0.0,A,,R,8.0
148876,2014,R,237.0,R,368.0,R,64.0,Z,0.0,Z,0.0,Z,0.0,R,0.0,A,,Z,0.0,Z,0.0,Z,0.0,R,0.0,A,,R,15.0
148937,2014,R,142.0,R,723.0,R,20.0,R,155.0,R,1.0,R,154.0,R,91.0,R,59.0,R,44.0,R,0.0,R,44.0,R,14.0,R,32.0,R,16.0
148955,2014,A,,A,,A,,R,13.0,R,0.0,R,13.0,R,10.0,R,77.0,A,,A,,A,,A,,A,,R,17.0
148991,2014,R,293.0,R,990.0,R,30.0,R,349.0,R,4.0,R,345.0,R,227.0,R,66.0,R,136.0,R,7.0,R,129.0,R,60.0,R,47.0,R,16.0
149028,2014,A,,A,,A,,A,,A,,A,,A,,A,,A,,A,,A,,A,,A,,R,7.0
149204,2014,A,,A,,A,,R,17.0,Z,0.0,R,17.0,R,12.0,R,71.0,A,,A,,A,,A,,A,,R,3.0
149222,2014,R,2756.0,R,4768.0,R,58.0,R,2470.0,R,0.0,R,2470.0,R,1683.0,R,68.0,R,34.0,R,1.0,R,33.0,R,12.0,R,36.0,R,15.0
149231,2014,R,2093.0,R,3479.0,R,60.0,R,1930.0,R,0.0,R,1930.0,R,1402.0,R,73.0,R,36.0,R,0.0,R,36.0,R,13.0,R,36.0,R,18.0
149310,2014,A,,A,,A,,R,28.0,R,0.0,R,28.0,R,14.0,R,50.0,A,,A,,A,,A,,A,,R,17.0
149329,2014,R,18.0,R,19.0,R,95.0,R,18.0,R,0.0,R,18.0,R,18.0,R,100.0,A,,A,,A,,A,,A,,R,13.0
149365,2014,R,508.0,R,1501.0,R,34.0,R,502.0,R,6.0,R,496.0,R,191.0,R,39.0,R,448.0,R,12.0,R,436.0,R,126.0,R,29.0,R,14.0
149499,2014,A,,A,,A,,R,2.0,R,0.0,R,2.0,R,2.0,R,100.0,A,,A,,A,,A,,A,,R,8.0
149505,2014,R,190.0,R,465.0,R,41.0,R,203.0,R,0.0,R,203.0,R,171.0,R,84.0,R,1.0,R,0.0,R,1.0,R,1.0,R,100.0,R,11.0
149514,2014,R,164.0,R,250.0,R,66.0,R,182.0,R,0.0,R,182.0,R,141.0,R,77.0,A,,A,,A,,A,,A,,R,14.0
149532,2014,R,833.0,R,2416.0,R,34.0,R,751.0,R,9.0,R,742.0,R,471.0,R,63.0,R,462.0,R,14.0,R,448.0,R,211.0,R,47.0,R,20.0
149550,2014,A,,A,,A,,R,30.0,R,0.0,R,30.0,R,16.0,R,53.0,R,6.0,R,0.0,R,6.0,R,3.0,R,50.0,R,12.0
149639,2014,R,25.0,R,66.0,R,38.0,R,15.0,R,0.0,R,15.0,R,13.0,R,87.0,A,,A,,A,,A,,A,,R,8.0
149727,2014,R,1013.0,R,3715.0,R,27.0,R,1006.0,R,17.0,R,989.0,R,687.0,R,69.0,R,469.0,R,25.0,R,444.0,R,220.0,R,50.0,R,23.0
149763,2014,A,,A,,A,,A,,A,,A,,A,,A,,A,,A,,A,,A,,A,,R,10.0
149772,2014,R,1578.0,R,2818.0,R,56.0,R,1604.0,R,1.0,R,1603.0,R,1155.0,R,72.0,R,43.0,R,1.0,R,42.0,R,19.0,R,45.0,R,15.0
149781,2014,R,606.0,R,681.0,R,89.0,R,597.0,R,0.0,R,597.0,R,557.0,R,93.0,R,0.0,R,0.0,R,0.0,R,0.0,A,,R,12.0
149842,2014,R,1392.0,R,5245.0,R,27.0,R,1564.0,R,61.0,R,1503.0,R,1028.0,R,68.0,R,817.0,R,53.0,R,764.0,R,362.0,R,47.0,R,19.0
150048,2014,R,155.0,R,215.0,R,72.0,R,143.0,R,1.0,R,142.0,R,61.0,R,43.0,R,9.0,R,0.0,R,9.0,R,2.0,R,22.0,R,12.0
150066,2014,R,432.0,R,641.0,R,67.0,R,434.0,R,0.0,R,434.0,R,324.0,R,75.0,R,8.0,R,0.0,R,8.0,R,4.0,R,50.0,R,12.0
150075,2014,A,,A,,A,,R,1.0,R,0.0,R,1.0,R,1.0,R,100.0,A,,A,,A,,A,,A,,R,7.0
150136,2014,R,3589.0,R,4449.0,R,81.0,R,3574.0,R,23.0,R,3551.0,R,2891.0,R,81.0,R,10.0,R,0.0,R,10.0,R,5.0,R,50.0,R,15.0
150145,2014,R,220.0,R,470.0,R,47.0,R,245.0,R,0.0,R,245.0,R,199.0,R,81.0,R,1.0,R,0.0,R,1.0,R,0.0,R,0.0,R,12.0
150163,2014,R,969.0,R,1087.0,R,89.0,R,1014.0,R,0.0,R,1014.0,R,914.0,R,90.0,R,1.0,R,0.0,R,1.0,R,0.0,R,0.0,R,11.0
150172,2014,R,117.0,R,278.0,R,42.0,R,149.0,R,0.0,R,149.0,R,86.0,R,58.0,R,19.0,R,0.0,R,19.0,R,7.0,R,37.0,R,11.0
150251,2014,R,34.0,R,60.0,R,57.0,R,49.0,Z,0.0,R,49.0,R,34.0,R,69.0,R,43.0,Z,0.0,R,43.0,R,28.0,R,65.0,R,18.0
150303,2014,A,,A,,A,,R,19.0,R,0.0,R,19.0,R,16.0,R,84.0,R,6.0,R,0.0,R,6.0,R,5.0,R,83.0,R,20.0
150400,2014,R,514.0,R,556.0,R,92.0,R,641.0,R,0.0,R,641.0,R,594.0,R,93.0,A,,A,,A,,A,,A,,R,10.0
150428,2014,A,,A,,A,,R,16.0,R,0.0,R,16.0,R,14.0,R,88.0,R,0.0,R,0.0,R,0.0,R,0.0,A,,R,13.0
150437,2014,A,,A,,A,,R,20.0,R,0.0,R,20.0,R,14.0,R,70.0,A,,A,,A,,A,,A,,R,10.0
150455,2014,R,270.0,R,334.0,R,81.0,R,253.0,R,0.0,R,253.0,R,213.0,R,84.0,A,,A,,A,,A,,A,,R,9.0
150534,2014,R,532.0,R,737.0,R,72.0,R,543.0,R,0.0,R,543.0,R,459.0,R,85.0,A,,A,,A,,A,,A,,R,14.0
150604,2014,R,327.0,R,385.0,R,85.0,R,272.0,R,0.0,R,272.0,R,216.0,R,79.0,A,,A,,A,,A,,A,,R,12.0
150668,2014,R,159.0,R,219.0,R,73.0,R,167.0,R,0.0,R,167.0,R,129.0,R,77.0,A,,A,,A,,A,,A,,R,10.0
150677,2014,R,394.0,R,780.0,R,51.0,R,346.0,R,0.0,R,346.0,R,281.0,R,81.0,A,,A,,A,,A,,A,,R,26.0
150695,2014,A,,A,,A,,R,31.0,R,0.0,R,31.0,R,28.0,R,90.0,A,,A,,A,,A,,A,,R,10.0
150710,2014,A,,A,,A,,R,30.0,Z,0.0,R,30.0,R,17.0,R,57.0,A,,A,,A,,A,,A,,R,13.0
150756,2014,R,293.0,R,315.0,R,93.0,R,334.0,R,0.0,R,334.0,R,273.0,R,82.0,R,0.0,Z,0.0,R,0.0,Z,0.0,A,,R,12.0
150765,2014,A,,A,,A,,R,16.0,R,0.0,R,16.0,R,14.0,R,88.0,A,,A,,A,,A,,A,,R,20.0
150774,2014,R,160.0,R,236.0,R,68.0,R,158.0,R,0.0,R,158.0,R,98.0,R,62.0,A,,A,,A,,A,,A,,R,14.0
150853,2014,A,,A,,A,,R,12.0,R,0.0,R,12.0,R,8.0,R,67.0,R,1.0,R,0.0,R,1.0,R,1.0,R,100.0,R,7.0
150941,2014,R,226.0,R,315.0,R,72.0,R,225.0,R,0.0,R,225.0,R,194.0,R,86.0,R,1.0,R,0.0,R,1.0,R,1.0,R,100.0,R,12.0
150987,2014,R,7231.0,R,24267.0,R,30.0,R,8772.0,R,9.0,R,8763.0,R,3913.0,R,45.0,R,8130.0,R,3.0,R,8127.0,R,3116.0,R,38.0,R,19.0
151102,2014,R,1471.0,R,4592.0,R,32.0,R,1359.0,R,0.0,R,1359.0,R,930.0,R,68.0,R,65.0,Z,0.0,R,65.0,R,35.0,R,54.0,R,17.0
151111,2014,R,3772.0,R,6097.0,R,62.0,R,3317.0,R,0.0,R,3317.0,R,2352.0,R,71.0,R,281.0,R,0.0,R,281.0,R,152.0,R,54.0,R,19.0
151166,2014,R,198.0,R,851.0,R,23.0,R,28.0,R,0.0,R,28.0,R,9.0,R,32.0,R,19.0,R,0.0,R,19.0,R,4.0,R,21.0,R,12.0
151263,2014,R,963.0,R,1278.0,R,75.0,R,786.0,R,0.0,R,786.0,R,581.0,R,74.0,R,31.0,R,0.0,R,31.0,R,8.0,R,26.0,R,11.0
151290,2014,R,699.0,R,2329.0,R,30.0,R,476.0,R,3.0,R,473.0,R,264.0,R,56.0,R,59.0,R,0.0,R,59.0,R,20.0,R,34.0,R,36.0
151306,2014,R,1589.0,R,2300.0,R,69.0,R,1652.0,R,2.0,R,1650.0,R,1195.0,R,72.0,R,21.0,R,0.0,R,21.0,R,9.0,R,43.0,R,17.0
151324,2014,R,2735.0,R,3784.0,R,72.0,R,2653.0,R,1.0,R,2652.0,R,1710.0,R,64.0,R,7.0,R,0.0,R,7.0,R,3.0,R,43.0,R,20.0
151333,2014,R,493.0,R,1701.0,R,29.0,R,449.0,R,0.0,R,449.0,R,286.0,R,64.0,R,43.0,R,0.0,R,43.0,R,19.0,R,44.0,R,16.0
151342,2014,R,866.0,R,2739.0,R,32.0,R,818.0,R,1.0,R,817.0,R,538.0,R,66.0,R,80.0,R,0.0,R,80.0,R,34.0,R,43.0,R,13.0
151351,2014,R,7697.0,R,11888.0,R,65.0,R,7572.0,R,2.0,R,7570.0,R,6740.0,R,89.0,R,20.0,R,0.0,R,20.0,R,10.0,R,50.0,R,17.0
151360,2014,R,652.0,R,1982.0,R,33.0,R,670.0,R,0.0,R,670.0,R,446.0,R,67.0,R,125.0,R,0.0,R,125.0,R,67.0,R,54.0,R,15.0
151379,2014,R,894.0,R,1867.0,R,48.0,R,903.0,R,1.0,R,902.0,R,556.0,R,62.0,R,108.0,R,0.0,R,108.0,R,50.0,R,46.0,R,14.0
151388,2014,R,392.0,R,1793.0,R,22.0,R,385.0,R,0.0,R,385.0,R,243.0,R,63.0,R,18.0,R,0.0,R,18.0,R,8.0,R,44.0,R,15.0
151458,2014,R,165.0,R,196.0,R,84.0,R,34.0,R,0.0,R,34.0,R,30.0,R,88.0,A,,A,,A,,A,,A,,R,17.0
151467,2014,R,106.0,R,224.0,R,47.0,R,159.0,R,0.0,R,159.0,R,103.0,R,65.0,A,,A,,A,,A,,A,,R,24.0
151494,2014,R,73.0,R,78.0,R,94.0,R,0.0,R,0.0,R,0.0,R,0.0,A,,R,0.0,R,0.0,R,0.0,R,0.0,A,,R,15.0
151500,2014,R,29.0,R,33.0,R,88.0,R,0.0,R,0.0,R,0.0,R,0.0,A,,R,0.0,R,0.0,R,0.0,R,0.0,A,,R,9.0
151519,2014,R,269.0,R,616.0,R,44.0,R,44.0,R,0.0,R,44.0,R,20.0,R,45.0,R,26.0,R,0.0,R,26.0,R,2.0,R,8.0,R,18.0
151537,2014,A,,A,,A,,R,39.0,Z,0.0,R,39.0,R,15.0,R,38.0,A,,A,,A,,A,,A,,R,25.0
151564,2014,A,,A,,A,,R,12.0,Z,0.0,R,12.0,R,9.0,R,75.0,R,21.0,Z,0.0,R,21.0,R,15.0,R,71.0,R,10.0
151607,2014,A,,A,,A,,R,9.0,R,0.0,R,9.0,R,8.0,R,89.0,R,10.0,R,0.0,R,10.0,R,7.0,R,70.0,R,17.0
151616,2014,R,44.0,R,137.0,R,32.0,R,1.0,Z,0.0,R,1.0,Z,0.0,R,0.0,A,,A,,A,,A,,A,,R,17.0
151625,2014,A,,A,,A,,R,0.0,Z,0.0,R,0.0,Z,0.0,A,,A,,A,,A,,A,,A,,R,6.0
151652,2014,A,,A,,A,,R,62.0,R,0.0,R,62.0,R,42.0,R,68.0,R,13.0,R,0.0,R,13.0,R,8.0,R,62.0,R,15.0
151661,2014,A,,A,,A,,R,276.0,R,0.0,R,276.0,R,166.0,R,60.0,R,0.0,R,0.0,R,0.0,R,0.0,A,,R,28.0
151777,2014,R,441.0,R,479.0,R,92.0,R,367.0,R,0.0,R,367.0,R,254.0,R,69.0,R,0.0,R,0.0,R,0.0,R,0.0,A,,R,15.0
151786,2014,R,330.0,R,746.0,R,44.0,R,334.0,R,0.0,R,334.0,R,248.0,R,74.0,R,2.0,R,0.0,R,2.0,R,2.0,R,100.0,R,13.0
151801,2014,R,1457.0,R,3180.0,R,46.0,R,718.0,R,0.0,R,718.0,R,604.0,R,84.0,R,0.0,R,0.0,R,0.0,Z,0.0,A,,R,16.0
151810,2014,R,10.0,R,32.0,R,31.0,R,23.0,R,0.0,R,23.0,R,9.0,R,39.0,R,31.0,R,0.0,R,31.0,R,8.0,R,26.0,R,15.0
151829,2014,A,,A,,A,,R,21.0,R,0.0,R,21.0,R,16.0,R,76.0,A,,A,,A,,A,,A,,R,15.0
151874,2014,A,,A,,A,,R,24.0,R,0.0,R,24.0,R,10.0,R,42.0,R,2.0,R,0.0,R,2.0,R,1.0,R,50.0,R,20.0
151944,2014,R,54.0,R,133.0,R,41.0,R,0.0,Z,0.0,R,0.0,Z,0.0,A,,A,,A,,A,,A,,A,,R,11.0
151962,2014,R,13.0,R,16.0,R,81.0,R,0.0,R,0.0,R,0.0,R,0.0,A,,A,,A,,A,,A,,A,,R,10.0
152044,2014,A,,A,,A,,R,4.0,R,0.0,R,4.0,R,3.0,R,75.0,R,34.0,R,0.0,R,34.0,R,28.0,R,82.0,R,20.0
152080,2014,R,2012.0,R,2130.0,R,94.0,R,2070.0,R,4.0,R,2066.0,R,2025.0,R,98.0,A,,A,,A,,A,,A,,R,10.0
152099,2014,R,76.0,R,978.0,R,8.0,R,93.0,R,0.0,R,93.0,R,65.0,R,70.0,R,2.0,R,0.0,R,2.0,R,2.0,R,100.0,R,12.0
152150,2014,A,,A,,A,,R,4.0,Z,0.0,R,4.0,R,3.0,R,75.0,R,14.0,R,0.0,R,14.0,R,13.0,R,93.0,R,7.0
152248,2014,R,906.0,R,2830.0,R,32.0,R,792.0,R,2.0,R,790.0,R,581.0,R,74.0,R,35.0,R,0.0,R,35.0,R,26.0,R,74.0,R,19.0
152266,2014,R,536.0,R,2919.0,R,18.0,R,611.0,R,0.0,R,611.0,R,351.0,R,57.0,R,42.0,R,0.0,R,42.0,R,19.0,R,45.0,R,15.0
152275,2014,A,,A,,A,,R,10.0,R,0.0,R,10.0,R,6.0,R,60.0,R,5.0,R,0.0,R,5.0,R,4.0,R,80.0,R,20.0
152309,2014,A,,A,,A,,R,48.0,Z,0.0,R,48.0,R,40.0,R,83.0,R,1.0,Z,0.0,R,1.0,R,1.0,R,100.0,R,10.0
152318,2014,R,582.0,R,607.0,R,96.0,R,559.0,R,0.0,R,559.0,R,525.0,R,94.0,A,,A,,A,,A,,A,,R,13.0
152327,2014,A,,A,,A,,R,3.0,R,0.0,R,3.0,R,1.0,R,33.0,A,,A,,A,,A,,A,,R,8.0
152336,2014,R,344.0,R,580.0,R,59.0,R,340.0,R,1.0,R,339.0,R,241.0,R,71.0,R,3.0,R,0.0,R,3.0,R,2.0,R,67.0,R,12.0
152363,2014,R,241.0,R,386.0,R,62.0,R,273.0,R,0.0,R,273.0,R,202.0,R,74.0,R,0.0,Z,0.0,R,0.0,Z,0.0,A,,R,11.0
152381,2014,R,86.0,R,239.0,R,36.0,R,61.0,R,0.0,R,61.0,R,50.0,R,82.0,R,4.0,R,0.0,R,4.0,R,1.0,R,25.0,R,8.0
152390,2014,R,378.0,R,403.0,R,94.0,R,437.0,R,0.0,R,437.0,R,390.0,R,89.0,A,,A,,A,,A,,A,,R,10.0
152415,2014,A,,A,,A,,R,86.0,R,0.0,R,86.0,R,66.0,R,77.0,A,,A,,A,,A,,A,,R,33.0
152497,2014,A,,A,,A,,R,20.0,R,0.0,R,20.0,R,15.0,R,75.0,R,0.0,R,0.0,R,0.0,R,0.0,A,,R,8.0
152530,2014,R,433.0,R,662.0,R,65.0,R,459.0,R,0.0,R,459.0,R,405.0,R,88.0,R,1.0,R,0.0,R,1.0,R,0.0,R,0.0,R,13.0
152567,2014,R,523.0,R,1626.0,R,32.0,R,372.0,R,0.0,R,372.0,R,269.0,R,72.0,R,0.0,Z,0.0,R,0.0,Z,0.0,A,,R,11.0
152600,2014,R,714.0,R,932.0,R,77.0,R,876.0,R,0.0,R,876.0,R,738.0,R,84.0,R,0.0,R,0.0,R,0.0,R,0.0,A,,R,12.0
152628,2014,A,,A,,A,,R,16.0,R,0.0,R,16.0,R,13.0,R,81.0,R,4.0,R,0.0,R,4.0,R,4.0,R,100.0,R,11.0
152637,2014,R,2337.0,R,11346.0,R,21.0,R,34.0,R,0.0,R,34.0,R,19.0,R,56.0,R,0.0,R,0.0,R,0.0,R,0.0,A,,R,17.0
152673,2014,R,256.0,R,261.0,R,98.0,R,241.0,R,0.0,R,241.0,R,215.0,R,89.0,A,,A,,A,,A,,A,,R,10.0
152798,2014,A,,A,,A,,R,1.0,R,0.0,R,1.0,R,1.0,R,100.0,A,,A,,A,,A,,A,,R,9.0
152822,2014,R,140.0,R,275.0,R,51.0,R,147.0,R,0.0,R,147.0,R,111.0,R,76.0,R,7.0,Z,0.0,R,7.0,R,1.0,R,14.0,R,20.0
152992,2014,R,206.0,R,451.0,R,46.0,R,180.0,R,1.0,R,179.0,R,97.0,R,54.0,A,,A,,A,,A,,A,,R,12.0
153001,2014,R,201.0,R,505.0,R,40.0,R,269.0,R,2.0,R,267.0,R,196.0,R,73.0,R,0.0,R,0.0,R,0.0,R,0.0,A,,R,9.0
153074,2014,A,,A,,A,,R,13.0,R,0.0,R,13.0,R,12.0,R,92.0,A,,A,,A,,A,,A,,R,10.0
153083,2014,A,,A,,A,,R,11.0,R,0.0,R,11.0,R,8.0,R,73.0,A,,A,,A,,A,,A,,R,11.0
153092,2014,A,,A,,A,,R,7.0,R,0.0,R,7.0,R,5.0,R,71.0,A,,A,,A,,A,,A,,R,4.0
153108,2014,R,429.0,R,529.0,R,81.0,R,309.0,R,0.0,R,309.0,R,240.0,R,78.0,A,,A,,A,,A,,A,,R,13.0
153126,2014,R,183.0,R,261.0,R,70.0,R,181.0,R,1.0,R,180.0,R,132.0,R,73.0,R,0.0,R,0.0,R,0.0,R,0.0,A,,R,8.0
153144,2014,R,376.0,R,492.0,R,76.0,R,389.0,R,1.0,R,388.0,R,301.0,R,78.0,R,0.0,R,0.0,R,0.0,R,0.0,A,,R,11.0
153162,2014,R,262.0,R,289.0,R,91.0,R,270.0,Z,0.0,R,270.0,R,223.0,R,83.0,A,,A,,A,,A,,A,,R,11.0
153171,2014,A,,A,,A,,R,8.0,R,0.0,R,8.0,R,4.0,R,50.0,A,,A,,A,,A,,A,,R,7.0
153214,2014,R,2198.0,R,8982.0,R,24.0,R,2250.0,R,0.0,R,2250.0,R,1219.0,R,54.0,R,1287.0,R,0.0,R,1287.0,R,456.0,R,35.0,R,20.0
153241,2014,R,9.0,R,15.0,R,60.0,R,11.0,R,0.0,R,11.0,R,7.0,R,64.0,R,0.0,R,0.0,R,0.0,R,0.0,A,,R,5.0
153250,2014,R,336.0,R,397.0,R,85.0,R,378.0,R,0.0,R,378.0,R,318.0,R,84.0,R,0.0,R,0.0,R,0.0,R,0.0,A,,R,15.0
153269,2014,R,869.0,R,1011.0,R,86.0,R,850.0,Z,0.0,R,850.0,R,753.0,R,89.0,R,0.0,Z,0.0,R,0.0,Z,0.0,A,,R,12.0
153278,2014,R,444.0,R,616.0,R,72.0,R,441.0,R,0.0,R,441.0,R,286.0,R,65.0,R,0.0,R,0.0,R,0.0,R,0.0,A,,R,13.0
153296,2014,R,310.0,R,488.0,R,64.0,R,344.0,R,0.0,R,344.0,R,180.0,R,52.0,R,19.0,R,0.0,R,19.0,R,3.0,R,16.0,R,21.0
153302,2014,R,66.0,R,97.0,R,68.0,R,27.0,R,0.0,R,27.0,R,23.0,R,85.0,R,0.0,R,0.0,R,0.0,R,0.0,A,,R,9.0
153311,2014,R,588.0,R,3008.0,R,20.0,R,759.0,R,0.0,R,759.0,R,437.0,R,58.0,R,452.0,Z,0.0,R,452.0,R,211.0,R,47.0,R,17.0
153320,2014,R,87.0,R,117.0,R,74.0,R,36.0,R,0.0,R,36.0,R,24.0,R,67.0,R,0.0,R,0.0,R,0.0,R,0.0,A,,R,13.0
153339,2014,A,,A,,A,,R,10.0,R,0.0,R,10.0,R,8.0,R,80.0,A,,A,,A,,A,,A,,R,7.0
153366,2014,R,282.0,R,666.0,R,42.0,R,326.0,R,1.0,R,325.0,R,194.0,R,60.0,R,0.0,R,0.0,R,0.0,R,0.0,A,,R,13.0
153375,2014,R,279.0,R,600.0,R,47.0,R,298.0,R,1.0,R,297.0,R,212.0,R,71.0,R,0.0,R,0.0,R,0.0,R,0.0,A,,R,13.0
153384,2014,R,435.0,R,470.0,R,93.0,R,423.0,R,0.0,R,423.0,R,399.0,R,94.0,A,,A,,A,,A,,A,,R,9.0
153409,2014,A,,A,,A,,R,4.0,R,0.0,R,4.0,R,1.0,R,25.0,R,0.0,R,0.0,R,0.0,R,0.0,A,,R,27.0
153418,2014,A,,A,,A,,R,0.0,R,0.0,R,0.0,R,0.0,A,,R,0.0,R,0.0,R,0.0,R,0.0,A,,R,27.0
153427,2014,R,63.0,R,63.0,R,100.0,R,0.0,R,0.0,R,0.0,R,0.0,A,,A,,A,,A,,A,,A,,R,16.0
153445,2014,R,805.0,R,2018.0,R,40.0,R,912.0,R,0.0,R,912.0,R,671.0,R,74.0,R,211.0,R,0.0,R,211.0,R,92.0,R,44.0,R,15.0
153463,2014,A,,A,,A,,R,9.0,Z,0.0,R,9.0,R,7.0,R,78.0,A,,A,,A,,A,,A,,R,7.0
153472,2014,A,,A,,A,,R,706.0,R,1.0,R,705.0,R,382.0,R,54.0,R,65.0,Z,0.0,R,65.0,R,21.0,R,32.0,R,17.0
153524,2014,R,1239.0,R,1543.0,R,80.0,R,1140.0,R,0.0,R,1140.0,R,619.0,R,54.0,R,72.0,R,0.0,R,72.0,R,58.0,R,81.0,R,20.0
153533,2014,R,383.0,R,1487.0,R,26.0,R,405.0,R,0.0,R,405.0,R,224.0,R,55.0,R,23.0,R,0.0,R,23.0,R,3.0,R,13.0,R,15.0
153542,2014,A,,A,,A,,A,,A,,A,,A,,A,,A,,A,,A,,A,,A,,R,12.0
153588,2014,A,,A,,A,,R,6.0,R,0.0,R,6.0,R,5.0,R,83.0,A,,A,,A,,A,,A,,R,7.0
153597,2014,A,,A,,A,,R,35.0,R,0.0,R,35.0,R,23.0,R,66.0,A,,A,,A,,A,,A,,R,11.0
153603,2014,R,6016.0,R,8412.0,R,72.0,R,6063.0,R,0.0,R,6063.0,R,5238.0,R,86.0,R,24.0,R,0.0,R,24.0,R,19.0,R,79.0,R,19.0
153621,2014,R,75.0,R,168.0,R,45.0,R,102.0,R,0.0,R,102.0,R,59.0,R,58.0,R,1.0,R,0.0,R,1.0,R,0.0,R,0.0,R,10.0
153630,2014,R,1121.0,R,2963.0,R,38.0,R,1163.0,R,0.0,R,1163.0,R,577.0,R,50.0,R,230.0,R,0.0,R,230.0,R,69.0,R,30.0,R,19.0
153658,2014,R,4347.0,R,6335.0,R,69.0,R,4270.0,Z,0.0,R,4270.0,R,3677.0,R,86.0,R,190.0,R,0.0,R,190.0,R,142.0,R,75.0,R,16.0
153737,2014,R,1883.0,R,6922.0,R,27.0,R,2319.0,R,2.0,R,2317.0,R,1338.0,R,58.0,R,393.0,R,0.0,R,393.0,R,137.0,R,35.0,R,18.0
153746,2014,A,,A,,A,,R,28.0,R,0.0,R,28.0,R,22.0,R,79.0,A,,A,,A,,A,,A,,R,18.0
153764,2014,A,,A,,A,,R,33.0,R,0.0,R,33.0,R,22.0,R,67.0,A,,A,,A,,A,,A,,R,22.0
153773,2014,A,,A,,A,,R,64.0,R,0.0,R,64.0,R,55.0,R,86.0,A,,A,,A,,A,,A,,R,7.0
153782,2014,A,,A,,A,,R,24.0,R,0.0,R,24.0,R,20.0,R,83.0,A,,A,,A,,A,,A,,R,11.0
153825,2014,R,374.0,R,448.0,R,83.0,R,414.0,R,0.0,R,414.0,R,335.0,R,81.0,A,,A,,A,,A,,A,,R,12.0
153834,2014,R,559.0,R,595.0,R,94.0,R,627.0,R,0.0,R,627.0,R,534.0,R,85.0,R,1.0,R,0.0,R,1.0,R,0.0,R,0.0,R,12.0
153861,2014,R,21.0,R,95.0,R,22.0,R,18.0,Z,0.0,R,18.0,R,13.0,R,72.0,R,1.0,R,0.0,R,1.0,R,0.0,R,0.0,R,11.0
153922,2014,R,327.0,R,1016.0,R,32.0,R,360.0,R,0.0,R,360.0,R,191.0,R,53.0,R,76.0,R,0.0,R,76.0,R,25.0,R,33.0,R,26.0
153977,2014,R,40.0,R,270.0,R,15.0,R,2.0,R,0.0,R,2.0,R,0.0,R,0.0,R,1.0,R,0.0,R,1.0,R,0.0,R,0.0,R,8.0
154004,2014,R,353.0,R,434.0,R,81.0,R,357.0,R,0.0,R,357.0,R,267.0,R,75.0,R,0.0,R,0.0,R,0.0,R,0.0,A,,R,13.0
154013,2014,R,134.0,R,422.0,R,32.0,R,154.0,R,0.0,R,154.0,R,124.0,R,81.0,A,,A,,A,,A,,A,,R,14.0
154022,2014,R,781.0,R,7201.0,R,11.0,R,760.0,R,0.0,R,760.0,R,317.0,R,42.0,A,,A,,A,,A,,A,,R,14.0
154059,2014,R,575.0,R,1393.0,R,41.0,R,572.0,R,0.0,R,572.0,R,384.0,R,67.0,R,75.0,R,0.0,R,75.0,R,41.0,R,55.0,R,20.0
154095,2014,R,1762.0,R,2862.0,R,62.0,R,1689.0,R,3.0,R,1686.0,R,1430.0,R,85.0,R,33.0,R,0.0,R,33.0,R,11.0,R,33.0,R,16.0
154101,2014,R,315.0,R,400.0,R,79.0,R,284.0,R,0.0,R,284.0,R,220.0,R,77.0,A,,A,,A,,A,,A,,R,13.0
154110,2014,R,486.0,R,2123.0,R,23.0,R,592.0,R,3.0,R,589.0,R,343.0,R,58.0,R,178.0,Z,0.0,R,178.0,R,66.0,R,37.0,R,14.0
154129,2014,R,224.0,R,830.0,R,27.0,R,226.0,R,0.0,R,226.0,R,156.0,R,69.0,R,20.0,R,0.0,R,20.0,R,9.0,R,45.0,R,13.0
154165,2014,A,,A,,A,,R,11.0,R,0.0,R,11.0,R,7.0,R,64.0,A,,A,,A,,A,,A,,R,9.0
154174,2014,A,,A,,A,,R,0.0,R,0.0,R,0.0,R,0.0,A,,R,0.0,R,0.0,R,0.0,R,0.0,A,,R,4.0
154208,2014,A,,A,,A,,R,32.0,R,0.0,R,32.0,R,26.0,R,81.0,A,,A,,A,,A,,A,,R,15.0
154235,2014,R,522.0,R,801.0,R,65.0,R,561.0,R,0.0,R,561.0,R,434.0,R,77.0,R,1.0,R,0.0,R,1.0,R,1.0,R,100.0,R,11.0
154262,2014,R,4.0,R,81.0,R,5.0,R,0.0,R,0.0,R,0.0,R,0.0,A,,R,0.0,R,0.0,R,0.0,R,0.0,A,,R,5.0
154332,2014,A,,A,,A,,R,13.0,R,0.0,R,13.0,R,9.0,R,69.0,A,,A,,A,,A,,A,,R,8.0
154341,2014,A,,A,,A,,R,20.0,R,0.0,R,20.0,R,14.0,R,70.0,A,,A,,A,,A,,A,,R,16.0
154350,2014,R,344.0,R,451.0,R,76.0,R,373.0,R,0.0,R,373.0,R,305.0,R,82.0,R,0.0,R,0.0,R,0.0,R,0.0,A,,R,13.0
154378,2014,R,361.0,R,1282.0,R,28.0,R,311.0,R,0.0,R,311.0,R,158.0,R,51.0,R,70.0,R,0.0,R,70.0,R,22.0,R,31.0,R,18.0
154396,2014,R,289.0,R,772.0,R,37.0,R,287.0,Z,0.0,R,287.0,R,159.0,R,55.0,R,33.0,Z,0.0,R,33.0,R,11.0,R,33.0,R,15.0
154448,2014,A,,A,,A,,R,22.0,R,0.0,R,22.0,R,18.0,R,82.0,A,,A,,A,,A,,A,,R,12.0
154457,2014,A,,A,,A,,R,18.0,R,0.0,R,18.0,R,16.0,R,89.0,A,,A,,A,,A,,A,,R,8.0
154466,2014,A,,A,,A,,R,19.0,R,0.0,R,19.0,R,14.0,R,74.0,A,,A,,A,,A,,A,,R,11.0
154493,2014,R,355.0,R,453.0,R,78.0,R,239.0,R,0.0,R,239.0,R,159.0,R,67.0,R,26.0,R,0.0,R,26.0,R,17.0,R,65.0,R,18.0
154518,2014,R,145.0,R,431.0,R,34.0,R,119.0,R,0.0,R,119.0,R,64.0,R,54.0,R,1.0,R,0.0,R,1.0,R,1.0,R,100.0,R,26.0
154527,2014,R,464.0,R,526.0,R,88.0,R,451.0,R,2.0,R,449.0,R,334.0,R,74.0,A,,A,,A,,A,,A,,R,12.0
154545,2014,A,,A,,A,,R,11.0,R,0.0,R,11.0,R,7.0,R,64.0,A,,A,,A,,A,,A,,R,14.0
154572,2014,R,384.0,R,3253.0,R,12.0,R,427.0,R,0.0,R,427.0,R,241.0,R,56.0,R,143.0,R,0.0,R,143.0,R,51.0,R,36.0,R,17.0
154590,2014,R,337.0,R,640.0,R,53.0,R,252.0,R,0.0,R,252.0,R,158.0,R,63.0,A,,A,,A,,A,,A,,R,17.0
154642,2014,R,365.0,R,660.0,R,55.0,R,418.0,R,0.0,R,418.0,R,213.0,R,51.0,R,133.0,R,0.0,R,133.0,R,27.0,R,20.0,R,20.0
154688,2014,R,224.0,R,518.0,R,43.0,R,235.0,R,0.0,R,235.0,R,188.0,R,80.0,A,,A,,A,,A,,A,,R,10.0
154697,2014,R,527.0,R,1938.0,R,27.0,R,447.0,R,0.0,R,447.0,R,240.0,R,54.0,R,398.0,R,0.0,R,398.0,R,141.0,R,35.0,R,25.0
154712,2014,R,487.0,R,759.0,R,64.0,R,494.0,R,0.0,R,494.0,R,382.0,R,77.0,R,0.0,Z,0.0,R,0.0,Z,0.0,A,,R,14.0
154721,2014,R,188.0,R,313.0,R,60.0,R,182.0,R,1.0,R,181.0,R,108.0,R,60.0,A,,A,,A,,A,,A,,R,10.0
154749,2014,R,110.0,R,173.0,R,64.0,R,123.0,R,0.0,R,123.0,R,77.0,R,63.0,R,0.0,Z,0.0,R,0.0,R,0.0,A,,R,10.0
154767,2014,R,72.0,R,157.0,R,46.0,R,0.0,Z,0.0,R,0.0,Z,0.0,A,,A,,A,,A,,A,,A,,R,13.0
154776,2014,R,153.0,R,162.0,R,94.0,R,2.0,Z,0.0,R,2.0,R,1.0,R,50.0,A,,A,,A,,A,,A,,R,11.0
154794,2014,A,,A,,A,,R,8.0,R,0.0,R,8.0,R,7.0,R,88.0,A,,A,,A,,A,,A,,R,14.0
154800,2014,R,1378.0,R,2892.0,R,48.0,R,1250.0,R,0.0,R,1250.0,R,720.0,R,58.0,R,450.0,R,0.0,R,450.0,R,159.0,R,35.0,R,18.0
154837,2014,R,38.0,R,40.0,R,95.0,R,0.0,R,0.0,R,0.0,R,0.0,A,,R,0.0,R,0.0,R,0.0,R,0.0,A,,R,9.0
154855,2014,A,,A,,A,,R,116.0,R,0.0,R,116.0,R,63.0,R,54.0,R,0.0,R,0.0,R,0.0,R,0.0,A,,R,14.0
154907,2014,R,382.0,R,1318.0,R,29.0,R,357.0,R,0.0,R,357.0,R,175.0,R,49.0,R,49.0,R,0.0,R,49.0,R,36.0,R,73.0,R,20.0
154925,2014,R,386.0,R,527.0,R,73.0,R,495.0,Z,0.0,R,495.0,R,301.0,R,61.0,R,33.0,Z,0.0,R,33.0,R,25.0,R,76.0,R,24.0
154934,2014,R,347.0,R,944.0,R,37.0,R,275.0,R,1.0,R,274.0,R,146.0,R,53.0,R,45.0,R,0.0,R,45.0,R,15.0,R,33.0,R,14.0
154952,2014,R,514.0,R,886.0,R,58.0,R,561.0,R,0.0,R,561.0,R,328.0,R,58.0,R,201.0,R,0.0,R,201.0,R,53.0,R,26.0,R,23.0
154970,2014,A,,A,,A,,R,30.0,R,0.0,R,30.0,R,16.0,R,53.0,R,0.0,R,0.0,R,0.0,R,0.0,A,,R,20.0
154998,2014,R,387.0,R,1036.0,R,37.0,R,407.0,R,0.0,R,407.0,R,200.0,R,49.0,R,54.0,R,0.0,R,54.0,R,19.0,R,35.0,R,12.0
155007,2014,R,147.0,R,211.0,R,70.0,R,105.0,Z,0.0,R,105.0,R,47.0,R,45.0,R,30.0,Z,0.0,R,30.0,R,4.0,R,13.0,R,12.0
155025,2014,R,732.0,R,1256.0,R,58.0,R,668.0,R,0.0,R,668.0,R,485.0,R,73.0,R,28.0,R,0.0,R,28.0,R,16.0,R,57.0,R,18.0
155052,2014,R,93.0,R,480.0,R,19.0,R,155.0,R,0.0,R,155.0,R,118.0,R,76.0,R,19.0,R,0.0,R,19.0,R,13.0,R,68.0,R,14.0
155061,2014,R,975.0,R,3285.0,R,30.0,R,931.0,R,0.0,R,931.0,R,629.0,R,68.0,R,55.0,R,0.0,R,55.0,R,22.0,R,40.0,R,17.0
155070,2014,R,41.0,R,75.0,R,55.0,R,37.0,R,0.0,R,37.0,R,23.0,R,62.0,R,1.0,R,0.0,R,1.0,R,1.0,R,100.0,R,10.0
155089,2014,R,181.0,R,380.0,R,48.0,R,178.0,R,0.0,R,178.0,R,121.0,R,68.0,R,6.0,R,0.0,R,6.0,R,1.0,R,17.0,R,19.0
155098,2014,R,325.0,R,918.0,R,35.0,R,385.0,R,0.0,R,385.0,R,197.0,R,51.0,R,118.0,R,0.0,R,118.0,R,29.0,R,25.0,R,14.0
155104,2014,R,456.0,R,740.0,R,62.0,R,445.0,R,0.0,R,445.0,R,281.0,R,63.0,R,62.0,R,0.0,R,62.0,R,21.0,R,34.0,R,13.0
155140,2014,R,163.0,R,227.0,R,72.0,R,0.0,R,0.0,R,0.0,R,0.0,A,,R,0.0,R,0.0,R,0.0,R,0.0,A,,R,20.0
155159,2014,A,,A,,A,,R,43.0,Z,0.0,R,43.0,R,41.0,R,95.0,A,,A,,A,,A,,A,,R,12.0
155177,2014,R,160.0,R,233.0,R,69.0,R,163.0,R,0.0,R,163.0,R,104.0,R,64.0,R,2.0,R,0.0,R,2.0,R,0.0,R,0.0,R,9.0
155186,2014,R,426.0,R,942.0,R,45.0,R,477.0,R,0.0,R,477.0,R,181.0,R,38.0,R,102.0,R,0.0,R,102.0,R,22.0,R,22.0,R,17.0
155195,2014,R,866.0,R,2550.0,R,34.0,R,915.0,R,0.0,R,915.0,R,546.0,R,60.0,R,179.0,R,1.0,R,178.0,R,56.0,R,31.0,R,15.0
155201,2014,R,220.0,R,504.0,R,44.0,R,291.0,R,0.0,R,291.0,R,106.0,R,36.0,R,19.0,R,0.0,R,19.0,R,4.0,R,21.0,R,13.0
155210,2014,R,1521.0,R,6572.0,R,23.0,R,1430.0,R,0.0,R,1430.0,R,900.0,R,63.0,R,796.0,R,0.0,R,796.0,R,358.0,R,45.0,R,20.0
155283,2014,A,,A,,A,,R,0.0,Z,0.0,R,0.0,R,0.0,A,,A,,A,,A,,A,,A,,R,19.0
155292,2014,R,568.0,R,1642.0,R,35.0,R,578.0,R,0.0,R,578.0,R,327.0,R,57.0,R,445.0,R,0.0,R,445.0,R,166.0,R,37.0,R,13.0
155308,2014,R,1.0,R,10.0,R,10.0,R,4.0,R,0.0,R,4.0,R,0.0,R,0.0,R,0.0,R,0.0,R,0.0,R,0.0,A,,R,4.0
155317,2014,R,3977.0,R,5729.0,R,69.0,R,3898.0,R,1.0,R,3897.0,R,3134.0,R,80.0,R,102.0,R,0.0,R,102.0,R,73.0,R,72.0,R,17.0
155335,2014,R,174.0,R,1365.0,R,13.0,R,164.0,R,0.0,R,164.0,R,118.0,R,72.0,R,1.0,R,0.0,R,1.0,R,0.0,R,0.0,R,14.0
155353,2014,A,,A,,A,,R,33.0,R,0.0,R,33.0,R,27.0,R,82.0,A,,A,,A,,A,,A,,R,15.0
155399,2014,R,3691.0,R,5624.0,R,66.0,R,3754.0,R,0.0,R,3754.0,R,3125.0,R,83.0,R,65.0,R,0.0,R,65.0,R,35.0,R,54.0,R,19.0
155414,2014,R,142.0,R,246.0,R,58.0,R,151.0,R,0.0,R,151.0,R,95.0,R,63.0,R,0.0,Z,0.0,R,0.0,Z,0.0,A,,R,14.0
155423,2014,A,,A,,A,,R,83.0,R,0.0,R,83.0,R,63.0,R,76.0,R,215.0,R,1.0,R,214.0,R,144.0,R,67.0,R,8.0
155441,2014,A,,A,,A,,R,8.0,R,1.0,R,7.0,R,4.0,R,57.0,R,7.0,R,0.0,R,7.0,R,4.0,R,57.0,R,7.0
155450,2014,R,186.0,R,370.0,R,50.0,R,176.0,R,0.0,R,176.0,R,93.0,R,53.0,R,25.0,R,0.0,R,25.0,R,5.0,R,20.0,R,14.0
155487,2014,R,85.0,R,348.0,R,24.0,R,128.0,R,0.0,R,128.0,R,72.0,R,56.0,R,107.0,R,0.0,R,107.0,R,68.0,R,64.0,R,13.0
155496,2014,R,70.0,R,122.0,R,57.0,R,72.0,R,0.0,R,72.0,R,43.0,R,60.0,A,,A,,A,,A,,A,,R,17.0
155511,2014,R,151.0,R,238.0,R,63.0,R,170.0,R,0.0,R,170.0,R,97.0,R,57.0,R,0.0,R,0.0,R,0.0,R,0.0,A,,R,13.0
155520,2014,R,202.0,R,542.0,R,37.0,R,198.0,R,0.0,R,198.0,R,133.0,R,67.0,R,2.0,R,0.0,R,2.0,R,1.0,R,50.0,R,7.0
155566,2014,R,268.0,R,672.0,R,40.0,R,324.0,R,0.0,R,324.0,R,175.0,R,54.0,R,37.0,R,0.0,R,37.0,R,14.0,R,38.0,R,12.0
155593,2014,R,174.0,R,361.0,R,48.0,R,218.0,R,0.0,R,218.0,R,144.0,R,66.0,R,1.0,R,0.0,R,1.0,R,1.0,R,100.0,R,10.0
155618,2014,A,,A,,A,,R,188.0,R,0.0,R,188.0,R,113.0,R,60.0,R,2.0,R,0.0,R,2.0,R,1.0,R,50.0,R,9.0
155627,2014,R,173.0,R,233.0,R,74.0,R,144.0,R,0.0,R,144.0,R,91.0,R,63.0,R,1.0,R,0.0,R,1.0,R,0.0,R,0.0,R,18.0
155636,2014,A,,A,,A,,R,0.0,Z,0.0,R,0.0,Z,0.0,A,,R,3.0,R,0.0,R,3.0,R,0.0,R,0.0,R,8.0
155681,2014,R,1043.0,R,1723.0,R,61.0,R,1128.0,R,0.0,R,1128.0,R,816.0,R,72.0,R,16.0,R,0.0,R,16.0,R,5.0,R,31.0,R,19.0
155715,2014,R,302.0,R,576.0,R,52.0,R,301.0,R,0.0,R,301.0,R,166.0,R,55.0,R,22.0,Z,0.0,R,22.0,R,6.0,R,27.0,R,26.0
155812,2014,R,107.0,R,307.0,R,35.0,R,104.0,R,0.0,R,104.0,R,72.0,R,69.0,R,0.0,R,0.0,R,0.0,R,0.0,A,,R,9.0
155830,2014,R,102.0,R,387.0,R,26.0,R,143.0,R,0.0,R,143.0,R,107.0,R,75.0,R,16.0,R,0.0,R,16.0,R,10.0,R,63.0,R,10.0
155858,2014,R,351.0,R,474.0,R,74.0,R,301.0,R,0.0,R,301.0,R,191.0,R,63.0,R,34.0,Z,0.0,R,34.0,R,4.0,R,12.0,R,15.0
155867,2014,A,,A,,A,,R,14.0,R,0.0,R,14.0,R,12.0,R,86.0,A,,A,,A,,A,,A,,R,10.0
155900,2014,R,123.0,R,325.0,R,38.0,R,128.0,R,0.0,R,128.0,R,85.0,R,66.0,R,0.0,Z,0.0,R,0.0,Z,0.0,A,,R,8.0
155937,2014,R,188.0,R,253.0,R,74.0,R,169.0,R,0.0,R,169.0,R,107.0,R,63.0,A,,A,,A,,A,,A,,R,14.0
155973,2014,R,159.0,R,295.0,R,54.0,R,159.0,R,0.0,R,159.0,R,97.0,R,61.0,A,,A,,A,,A,,A,,R,12.0
156082,2014,R,753.0,R,1847.0,R,41.0,R,779.0,R,0.0,R,779.0,R,510.0,R,65.0,R,72.0,R,0.0,R,72.0,R,23.0,R,32.0,R,14.0
156107,2014,R,207.0,R,1268.0,R,16.0,R,189.0,R,0.0,R,189.0,R,117.0,R,62.0,R,191.0,R,0.0,R,191.0,R,80.0,R,42.0,R,14.0
156125,2014,R,1430.0,R,3340.0,R,43.0,R,1258.0,R,0.0,R,1258.0,R,937.0,R,74.0,R,67.0,R,0.0,R,67.0,R,25.0,R,37.0,R,18.0
156134,2014,A,,A,,A,,R,180.0,R,1.0,R,179.0,R,111.0,R,62.0,A,,A,,A,,A,,A,,R,34.0
156189,2014,R,229.0,R,262.0,R,87.0,R,189.0,R,0.0,R,189.0,R,142.0,R,75.0,A,,A,,A,,A,,A,,R,17.0
156213,2014,R,303.0,R,589.0,R,51.0,R,322.0,R,0.0,R,322.0,R,262.0,R,81.0,R,0.0,R,0.0,R,0.0,R,0.0,A,,R,12.0
156231,2014,R,363.0,R,739.0,R,49.0,R,418.0,R,0.0,R,418.0,R,226.0,R,54.0,R,128.0,R,0.0,R,128.0,R,37.0,R,29.0,R,14.0
156277,2014,A,,A,,A,,R,31.0,R,0.0,R,31.0,R,19.0,R,61.0,A,,A,,A,,A,,A,,R,14.0
156286,2014,R,665.0,R,783.0,R,85.0,R,674.0,R,0.0,R,674.0,R,537.0,R,80.0,R,2.0,Z,0.0,R,2.0,R,1.0,R,50.0,R,12.0
156295,2014,R,416.0,R,492.0,R,85.0,R,397.0,R,0.0,R,397.0,R,334.0,R,84.0,A,,A,,A,,A,,A,,R,10.0
156310,2014,A,,A,,A,,R,29.0,R,0.0,R,29.0,R,20.0,R,69.0,R,1.0,R,0.0,R,1.0,R,1.0,R,100.0,R,7.0
156338,2014,R,260.0,R,733.0,R,35.0,R,306.0,R,0.0,R,306.0,R,193.0,R,63.0,R,174.0,R,0.0,R,174.0,R,75.0,R,43.0,R,15.0
156356,2014,R,165.0,R,333.0,R,50.0,R,151.0,R,0.0,R,151.0,R,100.0,R,66.0,R,0.0,R,0.0,R,0.0,R,0.0,A,,R,14.0
156365,2014,R,511.0,R,1612.0,R,32.0,R,514.0,R,0.0,R,514.0,R,296.0,R,58.0,R,8.0,R,0.0,R,8.0,R,4.0,R,50.0,R,13.0
156392,2014,R,1415.0,R,2806.0,R,50.0,R,1369.0,R,0.0,R,1369.0,R,711.0,R,52.0,R,720.0,R,2.0,R,718.0,R,269.0,R,37.0,R,16.0
156408,2014,R,385.0,R,404.0,R,95.0,R,377.0,R,0.0,R,377.0,R,340.0,R,90.0,R,0.0,R,0.0,R,0.0,R,0.0,A,,R,10.0
156417,2014,R,10.0,R,47.0,R,21.0,R,5.0,R,0.0,R,5.0,R,3.0,R,60.0,R,1.0,R,0.0,R,1.0,R,0.0,R,0.0,R,12.0
156426,2014,A,,A,,A,,R,21.0,R,0.0,R,21.0,R,13.0,R,62.0,R,7.0,R,0.0,R,7.0,R,5.0,R,71.0,R,20.0
156444,2014,A,,A,,A,,R,12.0,R,4.0,R,8.0,R,6.0,R,75.0,A,,A,,A,,A,,A,,R,20.0
156471,2014,A,,A,,A,,R,70.0,R,0.0,R,70.0,R,39.0,R,56.0,R,0.0,R,0.0,R,0.0,R,0.0,A,,R,8.0
156541,2014,R,403.0,R,1179.0,R,34.0,R,488.0,R,0.0,R,488.0,R,292.0,R,60.0,R,0.0,R,0.0,R,0.0,R,0.0,A,,R,16.0
156620,2014,R,2537.0,R,4205.0,R,60.0,R,1988.0,R,0.0,R,1988.0,R,1428.0,R,72.0,R,38.0,R,0.0,R,38.0,R,18.0,R,47.0,R,15.0
156648,2014,R,796.0,R,1909.0,R,42.0,R,835.0,R,1.0,R,834.0,R,481.0,R,58.0,R,437.0,R,0.0,R,437.0,R,147.0,R,34.0,R,18.0
156745,2014,R,271.0,R,314.0,R,86.0,R,243.0,R,0.0,R,243.0,R,162.0,R,67.0,R,0.0,R,0.0,R,0.0,R,0.0,A,,R,9.0
156754,2014,A,,A,,A,,R,7.0,Z,0.0,R,7.0,R,5.0,R,71.0,A,,A,,A,,A,,A,,R,7.0
156790,2014,R,410.0,R,628.0,R,65.0,R,486.0,R,0.0,R,486.0,R,286.0,R,59.0,R,97.0,R,0.0,R,97.0,R,32.0,R,33.0,R,15.0
156842,2014,A,,A,,A,,R,13.0,Z,0.0,R,13.0,R,10.0,R,77.0,R,1.0,Z,0.0,R,1.0,R,1.0,R,100.0,R,17.0
156851,2014,R,159.0,R,405.0,R,39.0,R,171.0,R,0.0,R,171.0,R,88.0,R,51.0,R,87.0,R,0.0,R,87.0,R,32.0,R,37.0,R,10.0
156860,2014,R,358.0,R,936.0,R,38.0,R,395.0,R,0.0,R,395.0,R,228.0,R,58.0,R,255.0,R,0.0,R,255.0,R,82.0,R,32.0,R,19.0
156903,2014,A,,A,,A,,A,,A,,A,,A,,A,,A,,A,,A,,A,,A,,R,3.0
156921,2014,R,1118.0,R,2921.0,R,38.0,R,874.0,R,2.0,R,872.0,R,446.0,R,51.0,R,990.0,R,0.0,R,990.0,R,394.0,R,40.0,R,16.0
156949,2014,A,,A,,A,,R,13.0,R,0.0,R,13.0,R,12.0,R,92.0,R,4.0,R,0.0,R,4.0,R,3.0,R,75.0,R,10.0
156967,2014,A,,A,,A,,R,21.0,R,0.0,R,21.0,R,14.0,R,67.0,A,,A,,A,,A,,A,,R,20.0
157021,2014,R,38.0,R,200.0,R,19.0,R,0.0,R,0.0,R,0.0,R,0.0,A,,R,0.0,R,0.0,R,0.0,R,0.0,A,,R,6.0
157030,2014,R,13.0,R,24.0,R,54.0,R,19.0,R,0.0,R,19.0,R,11.0,R,58.0,R,0.0,R,0.0,R,0.0,R,0.0,A,,R,12.0
157058,2014,R,284.0,R,458.0,R,62.0,R,464.0,R,2.0,R,462.0,R,202.0,R,44.0,R,18.0,Z,0.0,R,18.0,R,4.0,R,22.0,R,12.0
157076,2014,R,230.0,R,307.0,R,75.0,R,163.0,R,0.0,R,163.0,R,107.0,R,66.0,A,,A,,A,,A,,A,,R,12.0
157085,2014,R,5144.0,R,6343.0,R,81.0,R,4619.0,R,1.0,R,4618.0,R,3795.0,R,82.0,R,65.0,R,0.0,R,65.0,R,31.0,R,48.0,R,18.0
157100,2014,R,171.0,R,259.0,R,66.0,R,129.0,R,0.0,R,129.0,R,67.0,R,52.0,A,,A,,A,,A,,A,,R,12.0
157216,2014,R,523.0,R,941.0,R,56.0,R,512.0,R,0.0,R,512.0,R,319.0,R,62.0,R,1.0,R,0.0,R,1.0,R,1.0,R,100.0,R,16.0
157270,2014,R,50.0,R,87.0,R,57.0,R,0.0,R,0.0,R,0.0,R,0.0,A,,R,0.0,R,0.0,R,0.0,R,0.0,A,,R,5.0
157289,2014,R,2832.0,R,3960.0,R,72.0,R,2805.0,R,0.0,R,2805.0,R,2260.0,R,81.0,R,48.0,R,0.0,R,48.0,R,27.0,R,56.0,R,12.0
157304,2014,R,251.0,R,687.0,R,37.0,R,286.0,R,0.0,R,286.0,R,194.0,R,68.0,R,121.0,R,0.0,R,121.0,R,60.0,R,50.0,R,14.0
157331,2014,R,358.0,R,648.0,R,55.0,R,402.0,R,0.0,R,402.0,R,205.0,R,51.0,R,182.0,R,0.0,R,182.0,R,74.0,R,41.0,R,11.0
157377,2014,R,74.0,R,223.0,R,33.0,R,79.0,R,0.0,R,79.0,R,63.0,R,80.0,R,28.0,R,0.0,R,28.0,R,22.0,R,79.0,R,15.0
157386,2014,R,1520.0,R,2061.0,R,74.0,R,1581.0,R,1.0,R,1580.0,R,1101.0,R,70.0,R,9.0,Z,0.0,R,9.0,R,3.0,R,33.0,R,18.0
157401,2014,R,1490.0,R,3280.0,R,45.0,R,1566.0,R,0.0,R,1566.0,R,1134.0,R,72.0,R,12.0,R,0.0,R,12.0,R,3.0,R,25.0,R,16.0
157438,2014,R,240.0,R,885.0,R,27.0,R,243.0,R,0.0,R,243.0,R,156.0,R,64.0,R,333.0,R,1.0,R,332.0,R,189.0,R,57.0,R,12.0
157447,2014,R,2143.0,R,3742.0,R,57.0,R,2022.0,Z,0.0,R,2022.0,R,1401.0,R,69.0,R,42.0,R,0.0,R,42.0,R,19.0,R,45.0,R,16.0
157456,2014,A,,A,,A,,R,3.0,R,0.0,R,3.0,R,2.0,R,67.0,A,,A,,A,,A,,A,,R,3.0
157465,2014,R,3.0,R,20.0,R,15.0,R,0.0,R,0.0,R,0.0,R,0.0,A,,A,,A,,A,,A,,A,,R,6.0
157483,2014,R,734.0,R,1418.0,R,52.0,R,649.0,R,0.0,R,649.0,R,430.0,R,66.0,R,215.0,R,0.0,R,215.0,R,81.0,R,38.0,R,14.0
157508,2014,A,,A,,A,,R,14.0,R,0.0,R,14.0,R,3.0,R,21.0,R,13.0,R,0.0,R,13.0,R,2.0,R,15.0,R,15.0
157535,2014,R,351.0,R,948.0,R,37.0,R,385.0,R,1.0,R,384.0,R,211.0,R,55.0,R,0.0,Z,0.0,R,0.0,Z,0.0,A,,R,16.0
157553,2014,R,380.0,R,794.0,R,48.0,R,361.0,R,0.0,R,361.0,R,214.0,R,59.0,R,73.0,R,0.0,R,73.0,R,26.0,R,36.0,R,18.0
157599,2014,R,202.0,R,295.0,R,68.0,R,0.0,Z,0.0,R,0.0,Z,0.0,A,,A,,A,,A,,A,,A,,R,15.0
157614,2014,A,,A,,A,,R,18.0,R,0.0,R,18.0,R,8.0,R,44.0,R,9.0,R,0.0,R,9.0,R,7.0,R,78.0,R,14.0
157632,2014,R,147.0,R,510.0,R,29.0,R,75.0,R,0.0,R,75.0,R,43.0,R,57.0,R,0.0,R,0.0,R,0.0,R,0.0,A,,R,10.0
157650,2014,A,,A,,A,,R,35.0,R,0.0,R,35.0,R,20.0,R,57.0,R,9.0,R,0.0,R,9.0,R,5.0,R,56.0,R,19.0
157669,2014,A,,A,,A,,R,33.0,R,0.0,R,33.0,R,17.0,R,52.0,R,7.0,R,0.0,R,7.0,R,0.0,R,0.0,R,11.0
157678,2014,A,,A,,A,,R,48.0,R,0.0,R,48.0,R,22.0,R,46.0,R,12.0,R,0.0,R,12.0,R,8.0,R,67.0,R,21.0
157696,2014,R,39.0,R,78.0,R,50.0,R,2.0,Z,0.0,R,2.0,R,2.0,R,100.0,A,,A,,A,,A,,A,,R,7.0
157711,2014,R,889.0,R,1569.0,R,57.0,R,866.0,R,1.0,R,865.0,R,490.0,R,57.0,R,344.0,R,0.0,R,344.0,R,115.0,R,33.0,R,18.0
157739,2014,R,267.0,R,464.0,R,58.0,R,296.0,R,0.0,R,296.0,R,180.0,R,61.0,R,61.0,R,0.0,R,61.0,R,21.0,R,34.0,R,15.0
157748,2014,R,93.0,R,284.0,R,33.0,R,96.0,R,0.0,R,96.0,R,66.0,R,69.0,R,24.0,R,0.0,R,24.0,R,20.0,R,83.0,R,11.0
157757,2014,R,171.0,R,365.0,R,47.0,R,182.0,R,0.0,R,182.0,R,134.0,R,74.0,R,31.0,R,0.0,R,31.0,R,9.0,R,29.0,R,14.0
157766,2014,R,71.0,R,107.0,R,66.0,R,0.0,R,0.0,R,0.0,R,0.0,A,,R,0.0,R,0.0,R,0.0,R,0.0,A,,R,7.0
157793,2014,R,230.0,R,340.0,R,68.0,R,0.0,R,0.0,R,0.0,R,0.0,A,,R,0.0,R,0.0,R,0.0,R,0.0,A,,R,19.0
157809,2014,R,276.0,R,549.0,R,50.0,R,264.0,R,0.0,R,264.0,R,188.0,R,71.0,R,0.0,R,0.0,R,0.0,R,0.0,A,,R,15.0
157818,2014,R,261.0,R,272.0,R,96.0,R,289.0,Z,0.0,R,289.0,R,241.0,R,83.0,R,0.0,R,0.0,R,0.0,R,0.0,A,,R,11.0
157827,2014,A,,A,,A,,R,34.0,R,0.0,R,34.0,R,20.0,R,59.0,R,29.0,R,2.0,R,27.0,R,10.0,R,37.0,R,20.0
157863,2014,R,239.0,R,317.0,R,75.0,R,239.0,R,0.0,R,239.0,R,148.0,R,62.0,R,1.0,R,0.0,R,1.0,R,1.0,R,100.0,R,13.0
157951,2014,R,3079.0,R,4099.0,R,75.0,R,2748.0,R,0.0,R,2748.0,R,2008.0,R,73.0,R,35.0,R,1.0,R,34.0,R,11.0,R,32.0,R,18.0
158088,2014,R,384.0,R,1160.0,R,33.0,R,346.0,R,2.0,R,344.0,R,130.0,R,38.0,R,126.0,R,0.0,R,126.0,R,61.0,R,48.0,R,17.0
158158,2014,A,,A,,A,,R,49.0,R,0.0,R,49.0,R,31.0,R,63.0,R,18.0,R,0.0,R,18.0,R,14.0,R,78.0,R,17.0
158246,2014,A,,A,,A,,R,71.0,R,0.0,R,71.0,R,50.0,R,70.0,A,,A,,A,,A,,A,,R,13.0
158325,2014,A,,A,,A,,A,,A,,A,,A,,A,,A,,A,,A,,A,,A,,R,8.0
158334,2014,A,,A,,A,,A,,A,,A,,A,,A,,A,,A,,A,,A,,A,,R,5.0
158343,2014,A,,A,,A,,R,28.0,R,0.0,R,28.0,R,28.0,R,100.0,R,13.0,R,0.0,R,13.0,R,13.0,R,100.0,R,15.0
158352,2014,R,245.0,R,710.0,R,35.0,R,242.0,Z,0.0,R,242.0,R,105.0,R,43.0,R,395.0,Z,0.0,R,395.0,R,148.0,R,37.0,R,28.0
158431,2014,R,1163.0,R,3180.0,R,37.0,R,1127.0,R,0.0,R,1127.0,R,503.0,R,45.0,R,405.0,R,0.0,R,405.0,R,158.0,R,39.0,R,36.0
158440,2014,A,,A,,A,,R,17.0,R,0.0,R,17.0,R,11.0,R,65.0,A,,A,,A,,A,,A,,R,18.0
158477,2014,R,140.0,R,160.0,R,88.0,R,127.0,R,0.0,R,127.0,R,102.0,R,80.0,R,1.0,R,0.0,R,1.0,R,1.0,R,100.0,R,8.0
158538,2014,A,,A,,A,,R,21.0,Z,0.0,R,21.0,R,17.0,R,81.0,A,,A,,A,,A,,A,,R,20.0
158617,2014,A,,A,,A,,A,,A,,A,,A,,A,,A,,A,,A,,A,,A,,R,20.0
158644,2014,A,,A,,A,,R,20.0,R,0.0,R,20.0,R,15.0,R,75.0,R,7.0,Z,0.0,R,7.0,R,5.0,R,71.0,R,10.0
158662,2014,R,1826.0,R,4577.0,R,40.0,R,1984.0,R,0.0,R,1984.0,R,946.0,R,48.0,R,1025.0,R,0.0,R,1025.0,R,329.0,R,32.0,R,19.0
158723,2014,R,132.0,R,132.0,R,100.0,R,109.0,R,0.0,R,109.0,R,79.0,R,72.0,A,,A,,A,,A,,A,,R,13.0
158778,2014,A,,A,,A,,R,24.0,R,0.0,R,24.0,R,7.0,R,29.0,A,,A,,A,,A,,A,,R,10.0
158787,2014,A,,A,,A,,R,33.0,R,0.0,R,33.0,R,27.0,R,82.0,A,,A,,A,,A,,A,,R,12.0
158802,2014,R,325.0,R,374.0,R,87.0,R,224.0,R,0.0,R,224.0,R,168.0,R,75.0,R,5.0,R,0.0,R,5.0,R,1.0,R,20.0,R,14.0
158884,2014,R,150.0,R,1325.0,R,11.0,R,183.0,R,0.0,R,183.0,R,79.0,R,43.0,R,98.0,Z,0.0,R,98.0,R,31.0,R,32.0,R,23.0
159009,2014,R,399.0,R,645.0,R,62.0,R,701.0,R,0.0,R,701.0,R,477.0,R,68.0,R,13.0,R,0.0,R,13.0,R,7.0,R,54.0,R,20.0
159027,2014,A,,A,,A,,R,6.0,R,0.0,R,6.0,R,6.0,R,100.0,A,,A,,A,,A,,A,,R,9.0
159197,2014,R,185.0,R,185.0,R,100.0,R,157.0,R,1.0,R,156.0,R,123.0,R,79.0,A,,A,,A,,A,,A,,R,16.0
159319,2014,A,,A,,A,,R,4.0,R,0.0,R,4.0,R,4.0,R,100.0,A,,A,,A,,A,,A,,R,10.0
159328,2014,A,,A,,A,,R,9.0,R,0.0,R,9.0,R,9.0,R,100.0,A,,A,,A,,A,,A,,R,13.0
159373,2014,A,,A,,A,,A,,A,,A,,A,,A,,A,,A,,A,,A,,A,,R,5.0
159382,2014,R,426.0,R,774.0,R,55.0,R,148.0,R,0.0,R,148.0,R,95.0,R,64.0,R,17.0,R,0.0,R,17.0,R,10.0,R,59.0,R,19.0
159391,2014,R,5652.0,R,7516.0,R,75.0,R,5498.0,R,1.0,R,5497.0,R,4652.0,R,85.0,R,3.0,R,0.0,R,3.0,R,1.0,R,33.0,R,22.0
159407,2014,R,602.0,R,961.0,R,63.0,R,524.0,R,0.0,R,524.0,R,291.0,R,56.0,R,180.0,R,0.0,R,180.0,R,84.0,R,47.0,R,21.0
159416,2014,R,333.0,R,986.0,R,34.0,R,334.0,R,0.0,R,334.0,R,221.0,R,66.0,R,11.0,R,0.0,R,11.0,R,5.0,R,45.0,R,20.0
159513,2014,A,,A,,A,,R,126.0,R,0.0,R,126.0,R,89.0,R,71.0,A,,A,,A,,A,,A,,R,15.0
159522,2014,A,,A,,A,,R,66.0,R,0.0,R,66.0,R,48.0,R,73.0,A,,A,,A,,A,,A,,R,15.0
159531,2014,A,,A,,A,,R,32.0,Z,0.0,R,32.0,R,24.0,R,75.0,A,,A,,A,,A,,A,,R,13.0
159568,2014,R,234.0,R,303.0,R,77.0,R,265.0,R,0.0,R,265.0,R,144.0,R,54.0,R,0.0,R,0.0,R,0.0,R,0.0,A,,R,11.0
159601,2014,A,,A,,A,,R,8.0,R,0.0,R,8.0,R,5.0,R,63.0,A,,A,,A,,A,,A,,R,6.0
159647,2014,R,1815.0,R,3507.0,R,52.0,R,1504.0,R,0.0,R,1504.0,R,1201.0,R,80.0,R,49.0,R,0.0,R,49.0,R,10.0,R,20.0,R,24.0
159656,2014,R,609.0,R,785.0,R,78.0,R,620.0,R,0.0,R,620.0,R,493.0,R,80.0,R,4.0,R,0.0,R,4.0,R,1.0,R,25.0,R,11.0
159717,2014,R,1241.0,R,2293.0,R,54.0,R,1307.0,R,1.0,R,1306.0,R,911.0,R,70.0,R,17.0,R,0.0,R,17.0,R,4.0,R,24.0,R,21.0
159939,2014,R,846.0,R,1847.0,R,46.0,R,842.0,Z,0.0,R,842.0,R,582.0,R,69.0,R,15.0,Z,0.0,R,15.0,R,4.0,R,27.0,R,21.0
159948,2014,R,52.0,R,292.0,R,18.0,R,30.0,R,0.0,R,30.0,R,27.0,R,90.0,R,15.0,R,0.0,R,15.0,R,11.0,R,73.0,R,13.0
159966,2014,R,1183.0,R,1649.0,R,72.0,R,1059.0,R,1.0,R,1058.0,R,733.0,R,69.0,R,183.0,R,0.0,R,183.0,R,95.0,R,52.0,R,20.0
159993,2014,R,1222.0,R,2705.0,R,45.0,R,1318.0,R,0.0,R,1318.0,R,926.0,R,70.0,R,20.0,R,0.0,R,20.0,R,8.0,R,40.0,R,21.0
160010,2014,R,315.0,R,1910.0,R,16.0,R,348.0,R,3.0,R,345.0,R,220.0,R,64.0,R,217.0,R,0.0,R,217.0,R,133.0,R,61.0,R,24.0
160029,2014,A,,A,,A,,A,,A,,A,,A,,A,,A,,A,,A,,A,,A,,R,3.0
160038,2014,R,1137.0,R,1638.0,R,69.0,R,1080.0,R,0.0,R,1080.0,R,739.0,R,68.0,R,58.0,R,0.0,R,58.0,R,28.0,R,48.0,R,20.0
160065,2014,R,60.0,R,193.0,R,31.0,R,54.0,Z,0.0,R,54.0,R,39.0,R,72.0,R,4.0,Z,0.0,R,4.0,R,0.0,R,0.0,R,16.0
160074,2014,R,86.0,R,390.0,R,22.0,R,107.0,R,0.0,R,107.0,R,56.0,R,52.0,R,4.0,R,0.0,R,4.0,R,3.0,R,75.0,R,18.0
160117,2014,A,,A,,A,,R,24.0,Z,0.0,R,24.0,R,15.0,R,63.0,A,,A,,A,,A,,A,,R,4.0
160126,2014,A,,A,,A,,R,7.0,R,0.0,R,7.0,R,6.0,R,86.0,R,0.0,R,0.0,R,0.0,R,0.0,A,,R,12.0
160135,2014,A,,A,,A,,R,25.0,R,0.0,R,25.0,R,8.0,R,32.0,A,,A,,A,,A,,A,,R,11.0
160199,2014,A,,A,,A,,R,16.0,R,0.0,R,16.0,R,9.0,R,56.0,A,,A,,A,,A,,A,,R,13.0
160320,2014,A,,A,,A,,R,850.0,R,0.0,R,850.0,R,609.0,R,72.0,A,,A,,A,,A,,A,,R,15.0
160409,2014,R,17.0,R,54.0,R,31.0,R,9.0,Z,0.0,R,9.0,R,8.0,R,89.0,A,,A,,A,,A,,A,,R,12.0
160445,2014,A,,A,,A,,R,14.0,Z,0.0,R,14.0,R,9.0,R,64.0,A,,A,,A,,A,,A,,R,16.0
160472,2014,A,,A,,A,,R,21.0,R,0.0,R,21.0,R,19.0,R,90.0,A,,A,,A,,A,,A,,R,12.0
160481,2014,R,412.0,R,713.0,R,58.0,R,495.0,R,0.0,R,495.0,R,229.0,R,46.0,R,90.0,Z,0.0,R,90.0,R,48.0,R,53.0,R,20.0
160524,2014,A,,A,,A,,R,116.0,R,1.0,R,115.0,R,73.0,R,63.0,A,,A,,A,,A,,A,,R,15.0
160579,2014,R,517.0,R,1657.0,R,31.0,R,498.0,R,0.0,R,498.0,R,282.0,R,57.0,R,261.0,R,1.0,R,260.0,R,112.0,R,43.0,R,23.0
160597,2014,A,,A,,A,,R,1.0,R,0.0,R,1.0,R,1.0,R,100.0,R,1.0,R,0.0,R,1.0,R,1.0,R,100.0,R,20.0
160612,2014,R,2347.0,R,4669.0,R,50.0,R,2362.0,R,1.0,R,2361.0,R,1466.0,R,62.0,R,174.0,R,0.0,R,174.0,R,64.0,R,37.0,R,22.0
160621,2014,R,905.0,R,1309.0,R,69.0,R,1100.0,R,0.0,R,1100.0,R,768.0,R,70.0,R,11.0,R,0.0,R,11.0,R,4.0,R,36.0,R,17.0
160630,2014,R,126.0,R,336.0,R,38.0,R,180.0,R,0.0,R,180.0,R,100.0,R,56.0,R,40.0,R,0.0,R,40.0,R,19.0,R,48.0,R,15.0
160649,2014,R,304.0,R,848.0,R,36.0,R,377.0,R,0.0,R,377.0,R,171.0,R,45.0,R,28.0,R,0.0,R,28.0,R,9.0,R,32.0,R,11.0
160658,2014,R,2906.0,R,4433.0,R,66.0,R,2679.0,R,0.0,R,2679.0,R,2044.0,R,76.0,R,14.0,R,0.0,R,14.0,R,2.0,R,14.0,R,23.0
160667,2014,R,342.0,R,918.0,R,37.0,R,293.0,R,0.0,R,293.0,R,139.0,R,47.0,R,215.0,R,0.0,R,215.0,R,99.0,R,46.0,R,21.0
160755,2014,R,1647.0,R,1763.0,R,93.0,R,1609.0,R,1.0,R,1608.0,R,1483.0,R,92.0,A,,A,,A,,A,,A,,R,9.0
160904,2014,R,579.0,R,734.0,R,79.0,R,674.0,R,0.0,R,674.0,R,477.0,R,71.0,R,1.0,R,0.0,R,1.0,R,1.0,R,100.0,R,14.0
160913,2014,R,145.0,R,1181.0,R,12.0,R,215.0,R,2.0,R,213.0,R,133.0,R,62.0,R,347.0,R,2.0,R,345.0,R,328.0,R,95.0,R,18.0
160940,2014,A,,A,,A,,R,7.0,R,0.0,R,7.0,R,3.0,R,43.0,R,5.0,R,0.0,R,5.0,R,3.0,R,60.0,R,27.0
160959,2014,R,79.0,R,112.0,R,71.0,R,103.0,R,0.0,R,103.0,R,83.0,R,81.0,R,0.0,R,0.0,R,0.0,R,0.0,A,,R,10.0
160977,2014,R,491.0,R,496.0,R,99.0,R,500.0,R,0.0,R,500.0,R,473.0,R,95.0,A,,A,,A,,A,,A,,R,10.0
160995,2014,A,,A,,A,,R,89.0,R,0.0,R,89.0,R,44.0,R,49.0,R,4.0,R,0.0,R,4.0,R,3.0,R,75.0,R,24.0
161004,2014,R,501.0,R,508.0,R,99.0,R,497.0,R,0.0,R,497.0,R,486.0,R,98.0,A,,A,,A,,A,,A,,R,9.0
161022,2014,R,7.0,R,27.0,R,26.0,R,2.0,R,0.0,R,2.0,R,1.0,R,50.0,R,0.0,R,0.0,R,0.0,R,0.0,A,,R,6.0
161077,2014,R,404.0,R,1220.0,R,33.0,R,439.0,R,0.0,R,439.0,R,261.0,R,59.0,R,161.0,R,0.0,R,161.0,R,76.0,R,47.0,R,17.0
161086,2014,R,480.0,R,495.0,R,97.0,R,483.0,R,0.0,R,483.0,R,446.0,R,92.0,A,,A,,A,,A,,A,,R,10.0
161138,2014,R,366.0,R,971.0,R,38.0,R,381.0,R,0.0,R,381.0,R,238.0,R,62.0,R,96.0,R,0.0,R,96.0,R,35.0,R,36.0,R,14.0
161165,2014,R,552.0,R,806.0,R,68.0,R,449.0,R,0.0,R,449.0,R,345.0,R,77.0,R,1.0,R,0.0,R,1.0,R,0.0,R,0.0,R,15.0
161192,2014,R,160.0,R,1130.0,R,14.0,R,150.0,Z,0.0,R,150.0,R,86.0,R,57.0,R,75.0,Z,0.0,R,75.0,R,39.0,R,52.0,R,18.0
161208,2014,R,14.0,R,53.0,R,26.0,R,25.0,R,0.0,R,25.0,R,25.0,R,100.0,A,,A,,A,,A,,A,,R,8.0
161217,2014,R,260.0,R,1233.0,R,21.0,R,189.0,R,0.0,R,189.0,R,93.0,R,49.0,R,80.0,R,0.0,R,80.0,R,34.0,R,43.0,R,17.0
161226,2014,R,410.0,R,528.0,R,78.0,R,438.0,R,0.0,R,438.0,R,327.0,R,75.0,R,1.0,R,0.0,R,1.0,R,0.0,R,0.0,R,13.0
161235,2014,R,130.0,R,637.0,R,20.0,R,137.0,R,0.0,R,137.0,R,88.0,R,64.0,R,4.0,R,0.0,R,4.0,R,2.0,R,50.0,R,16.0
161244,2014,R,111.0,R,303.0,R,37.0,R,71.0,R,0.0,R,71.0,R,54.0,R,76.0,R,5.0,R,0.0,R,5.0,R,1.0,R,20.0,R,12.0
161253,2014,R,2045.0,R,2958.0,R,69.0,R,2120.0,R,1.0,R,2119.0,R,1628.0,R,77.0,R,17.0,R,0.0,R,17.0,R,6.0,R,35.0,R,16.0
161299,2014,R,233.0,R,291.0,R,80.0,R,222.0,R,0.0,R,222.0,R,174.0,R,78.0,A,,A,,A,,A,,A,,R,13.0
161341,2014,R,182.0,R,441.0,R,41.0,R,178.0,Z,0.0,R,178.0,R,90.0,R,51.0,R,19.0,Z,0.0,R,19.0,R,7.0,R,37.0,R,13.0
161457,2014,R,574.0,R,1066.0,R,54.0,R,548.0,R,1.0,R,547.0,R,435.0,R,80.0,R,0.0,R,0.0,R,0.0,R,0.0,A,,R,13.0
161484,2014,R,117.0,R,459.0,R,25.0,R,120.0,R,0.0,R,120.0,R,65.0,R,54.0,R,39.0,R,0.0,R,39.0,R,12.0,R,31.0,R,12.0
161493,2014,A,,A,,A,,R,109.0,R,1.0,R,108.0,R,74.0,R,69.0,R,12.0,R,0.0,R,12.0,R,6.0,R,50.0,R,14.0
161509,2014,R,120.0,R,169.0,R,71.0,R,103.0,R,0.0,R,103.0,R,77.0,R,75.0,R,0.0,R,0.0,R,0.0,R,0.0,A,,R,10.0
161518,2014,R,263.0,R,495.0,R,53.0,R,304.0,R,0.0,R,304.0,R,234.0,R,77.0,R,130.0,R,0.0,R,130.0,R,77.0,R,59.0,R,11.0
161527,2014,A,,A,,A,,R,53.0,R,0.0,R,53.0,R,44.0,R,83.0,R,11.0,R,0.0,R,11.0,R,10.0,R,91.0,R,15.0
161545,2014,R,903.0,R,1926.0,R,47.0,R,1002.0,R,1.0,R,1001.0,R,561.0,R,56.0,R,381.0,R,1.0,R,380.0,R,155.0,R,41.0,R,18.0
161554,2014,R,701.0,R,2156.0,R,33.0,R,741.0,R,2.0,R,739.0,R,482.0,R,65.0,R,39.0,R,0.0,R,39.0,R,22.0,R,56.0,R,15.0
161563,2014,R,216.0,R,615.0,R,35.0,R,245.0,R,0.0,R,245.0,R,167.0,R,68.0,R,3.0,R,0.0,R,3.0,R,1.0,R,33.0,R,21.0
161572,2014,R,182.0,R,240.0,R,76.0,R,146.0,R,0.0,R,146.0,R,108.0,R,74.0,R,0.0,Z,0.0,R,0.0,Z,0.0,A,,R,11.0
161581,2014,R,96.0,R,242.0,R,40.0,R,146.0,R,1.0,R,145.0,R,81.0,R,56.0,R,5.0,R,0.0,R,5.0,R,0.0,R,0.0,R,10.0
161615,2014,A,,A,,A,,R,8.0,R,0.0,R,8.0,R,7.0,R,88.0,R,1.0,R,0.0,R,1.0,R,0.0,R,0.0,R,7.0
161651,2014,A,,A,,A,,R,2.0,Z,0.0,R,2.0,R,2.0,R,100.0,R,9.0,Z,0.0,R,9.0,R,7.0,R,78.0,R,11.0
161688,2014,R,627.0,R,921.0,R,68.0,R,509.0,R,0.0,R,509.0,R,295.0,R,58.0,R,116.0,R,0.0,R,116.0,R,43.0,R,37.0,R,14.0
161767,2014,R,1382.0,R,3664.0,R,38.0,R,1635.0,R,0.0,R,1635.0,R,1078.0,R,66.0,R,1052.0,R,0.0,R,1052.0,R,515.0,R,49.0,R,18.0
161776,2014,A,,A,,A,,R,89.0,R,0.0,R,89.0,R,54.0,R,61.0,A,,A,,A,,A,,A,,R,37.0
161800,2014,A,,A,,A,,R,46.0,Z,0.0,R,46.0,R,26.0,R,57.0,R,8.0,Z,0.0,R,8.0,R,5.0,R,63.0,R,25.0
161855,2014,A,,A,,A,,R,18.0,R,0.0,R,18.0,R,12.0,R,67.0,R,3.0,R,0.0,R,3.0,R,3.0,R,100.0,R,25.0
161864,2014,R,433.0,R,1498.0,R,29.0,R,448.0,R,0.0,R,448.0,R,224.0,R,50.0,R,579.0,R,0.0,R,579.0,R,185.0,R,32.0,R,17.0
161873,2014,R,226.0,R,909.0,R,25.0,R,236.0,R,0.0,R,236.0,R,186.0,R,79.0,R,5.0,R,0.0,R,5.0,R,3.0,R,60.0,R,15.0
162007,2014,R,594.0,R,1217.0,R,49.0,R,625.0,R,0.0,R,625.0,R,463.0,R,74.0,R,4.0,R,0.0,R,4.0,R,1.0,R,25.0,R,16.0
162061,2014,R,52.0,R,91.0,R,57.0,R,51.0,R,0.0,R,51.0,R,38.0,R,75.0,R,0.0,R,0.0,R,0.0,R,0.0,A,,R,12.0
162104,2014,R,306.0,R,630.0,R,49.0,R,250.0,R,0.0,R,250.0,R,133.0,R,53.0,R,201.0,R,0.0,R,201.0,R,70.0,R,35.0,R,12.0
162122,2014,R,1165.0,R,2564.0,R,45.0,R,1268.0,R,0.0,R,1268.0,R,773.0,R,61.0,R,837.0,R,0.0,R,837.0,R,331.0,R,40.0,R,18.0
162168,2014,R,326.0,R,701.0,R,47.0,R,370.0,R,0.0,R,370.0,R,206.0,R,56.0,R,252.0,R,0.0,R,252.0,R,107.0,R,42.0,R,19.0
162210,2014,R,114.0,R,258.0,R,44.0,R,126.0,R,0.0,R,126.0,R,75.0,R,60.0,R,0.0,R,0.0,R,0.0,R,0.0,A,,R,9.0
162283,2014,R,267.0,R,598.0,R,45.0,R,353.0,R,0.0,R,353.0,R,242.0,R,69.0,R,15.0,R,0.0,R,15.0,R,4.0,R,27.0,R,14.0
162335,2014,A,,A,,A,,R,8.0,Z,0.0,R,8.0,R,6.0,R,75.0,A,,A,,A,,A,,A,,R,13.0
162371,2014,A,,A,,A,,R,235.0,Z,0.0,R,235.0,R,196.0,R,83.0,A,,A,,A,,A,,A,,R,19.0
162557,2014,R,708.0,R,1497.0,R,47.0,R,834.0,R,0.0,R,834.0,R,541.0,R,65.0,R,468.0,R,0.0,R,468.0,R,237.0,R,51.0,R,15.0
162584,2014,R,957.0,R,1528.0,R,63.0,R,889.0,R,0.0,R,889.0,R,665.0,R,75.0,R,6.0,R,0.0,R,6.0,R,1.0,R,17.0,R,15.0
162609,2014,R,217.0,R,315.0,R,69.0,R,216.0,R,0.0,R,216.0,R,120.0,R,56.0,R,3.0,R,0.0,R,3.0,R,1.0,R,33.0,R,16.0
162654,2014,R,403.0,R,452.0,R,89.0,R,401.0,R,0.0,R,401.0,R,308.0,R,77.0,A,,A,,A,,A,,A,,R,9.0
162681,2014,A,,A,,A,,R,1.0,R,0.0,R,1.0,R,1.0,R,100.0,R,2.0,R,0.0,R,2.0,R,1.0,R,50.0,R,27.0
162690,2014,R,331.0,R,1324.0,R,25.0,R,409.0,R,0.0,R,409.0,R,252.0,R,62.0,R,539.0,R,0.0,R,539.0,R,235.0,R,44.0,R,18.0
162706,2014,R,941.0,R,1884.0,R,50.0,R,1030.0,R,1.0,R,1029.0,R,670.0,R,65.0,R,517.0,R,1.0,R,516.0,R,260.0,R,50.0,R,20.0
162760,2014,R,288.0,R,433.0,R,67.0,R,281.0,R,0.0,R,281.0,R,214.0,R,76.0,R,0.0,R,0.0,R,0.0,R,0.0,A,,R,11.0
162779,2014,R,1047.0,R,2532.0,R,41.0,R,1151.0,R,0.0,R,1151.0,R,844.0,R,73.0,R,665.0,R,0.0,R,665.0,R,335.0,R,50.0,R,14.0
162830,2014,A,,A,,A,,R,20.0,R,0.0,R,20.0,R,17.0,R,85.0,A,,A,,A,,A,,A,,R,17.0
162928,2014,R,1470.0,R,1933.0,R,76.0,R,1390.0,R,4.0,R,1386.0,R,1340.0,R,97.0,A,,A,,A,,A,,A,,R,9.0
162982,2014,A,,A,,A,,R,11.0,R,0.0,R,11.0,R,7.0,R,64.0,A,,A,,A,,A,,A,,R,16.0
163028,2014,A,,A,,A,,R,162.0,R,0.0,R,162.0,R,106.0,R,65.0,R,37.0,R,0.0,R,37.0,R,25.0,R,68.0,R,18.0
163046,2014,R,1134.0,R,1196.0,R,95.0,R,1096.0,R,0.0,R,1096.0,R,949.0,R,87.0,R,0.0,R,0.0,R,0.0,R,0.0,A,,R,12.0
163107,2014,A,,A,,A,,R,6.0,R,0.0,R,6.0,R,5.0,R,83.0,R,2.0,R,0.0,R,2.0,R,1.0,R,50.0,R,25.0
163204,2014,R,227.0,R,7526.0,R,3.0,R,87.0,R,0.0,R,87.0,R,24.0,R,28.0,R,458.0,R,0.0,R,458.0,R,96.0,R,21.0,R,22.0
163259,2014,A,,A,,A,,A,,A,,A,,A,,A,,A,,A,,A,,A,,A,,R,7.0
163268,2014,R,1616.0,R,2920.0,R,55.0,R,1653.0,R,0.0,R,1653.0,R,1472.0,R,89.0,R,4.0,R,0.0,R,4.0,R,2.0,R,50.0,R,19.0
163286,2014,R,4148.0,R,6377.0,R,65.0,R,4011.0,R,0.0,R,4011.0,R,3839.0,R,96.0,R,9.0,R,0.0,R,9.0,R,6.0,R,67.0,R,18.0
163295,2014,R,455.0,R,548.0,R,83.0,R,400.0,R,0.0,R,400.0,R,351.0,R,88.0,R,0.0,R,0.0,R,0.0,R,0.0,A,,R,10.0
163338,2014,R,756.0,R,1003.0,R,75.0,R,604.0,R,0.0,R,604.0,R,440.0,R,73.0,R,6.0,R,0.0,R,6.0,R,4.0,R,67.0,R,14.0
163347,2014,A,,A,,A,,R,111.0,Z,0.0,R,111.0,R,62.0,R,56.0,A,,A,,A,,A,,A,,R,22.0
163408,2014,A,,A,,A,,R,9.0,Z,0.0,R,9.0,R,6.0,R,67.0,R,13.0,Z,0.0,R,13.0,R,9.0,R,69.0,R,20.0
163426,2014,R,2061.0,R,6290.0,R,33.0,R,1903.0,R,0.0,R,1903.0,R,1310.0,R,69.0,R,1394.0,R,0.0,R,1394.0,R,669.0,R,48.0,R,18.0
163453,2014,R,1058.0,R,1531.0,R,69.0,R,886.0,R,0.0,R,886.0,R,667.0,R,75.0,R,13.0,R,0.0,R,13.0,R,7.0,R,54.0,R,14.0
163462,2014,R,510.0,R,574.0,R,89.0,R,429.0,R,0.0,R,429.0,R,341.0,R,79.0,A,,A,,A,,A,,A,,R,13.0
163532,2014,R,42.0,R,92.0,R,46.0,R,40.0,R,0.0,R,40.0,R,34.0,R,85.0,A,,A,,A,,A,,A,,R,17.0
163541,2014,A,,A,,A,,R,68.0,R,1.0,R,67.0,R,34.0,R,51.0,R,27.0,Z,0.0,R,27.0,R,14.0,R,52.0,R,25.0
163578,2014,R,107.0,R,266.0,R,40.0,R,104.0,R,0.0,R,104.0,R,88.0,R,85.0,R,0.0,R,0.0,R,0.0,R,0.0,A,,R,11.0
163657,2014,R,971.0,R,3727.0,R,26.0,R,1169.0,R,0.0,R,1169.0,R,701.0,R,60.0,R,1624.0,R,0.0,R,1624.0,R,826.0,R,51.0,R,15.0
163736,2014,A,,A,,A,,R,134.0,R,0.0,R,134.0,R,78.0,R,58.0,A,,A,,A,,A,,A,,R,32.0
163754,2014,A,,A,,A,,R,9.0,R,0.0,R,9.0,R,6.0,R,67.0,R,4.0,R,0.0,R,4.0,R,4.0,R,100.0,R,4.0
163815,2014,A,,A,,A,,R,18.0,R,0.0,R,18.0,R,13.0,R,72.0,R,13.0,R,0.0,R,13.0,R,10.0,R,77.0,R,25.0
163851,2014,R,1144.0,R,2157.0,R,53.0,R,1241.0,R,0.0,R,1241.0,R,1023.0,R,82.0,R,5.0,R,0.0,R,5.0,R,4.0,R,80.0,R,16.0
163912,2014,R,378.0,R,496.0,R,76.0,R,383.0,R,0.0,R,383.0,R,327.0,R,85.0,R,0.0,R,0.0,R,0.0,R,0.0,A,,R,10.0
163921,2014,R,8.0,R,94.0,R,9.0,R,11.0,R,0.0,R,11.0,R,1.0,R,9.0,R,80.0,R,0.0,R,80.0,R,23.0,R,29.0,R,6.0
163976,2014,R,136.0,R,136.0,R,100.0,R,122.0,R,0.0,R,122.0,R,105.0,R,86.0,A,,A,,A,,A,,A,,R,8.0
164058,2014,A,,A,,A,,R,102.0,R,0.0,R,102.0,R,59.0,R,58.0,A,,A,,A,,A,,A,,R,29.0
164076,2014,R,2711.0,R,4844.0,R,56.0,R,2747.0,R,2.0,R,2745.0,R,2347.0,R,86.0,R,1.0,R,0.0,R,1.0,R,1.0,R,100.0,R,17.0
164100,2014,A,,A,,A,,R,184.0,R,0.0,R,184.0,R,116.0,R,63.0,A,,A,,A,,A,,A,,R,18.0
164155,2014,R,1175.0,R,1175.0,R,100.0,R,1171.0,R,1.0,R,1170.0,R,1140.0,R,97.0,A,,A,,A,,A,,A,,R,9.0
164173,2014,R,689.0,R,985.0,R,70.0,R,752.0,R,0.0,R,752.0,R,597.0,R,79.0,R,0.0,R,0.0,R,0.0,R,0.0,A,,R,15.0
164216,2014,R,388.0,R,437.0,R,89.0,R,349.0,R,0.0,R,349.0,R,296.0,R,85.0,A,,A,,A,,A,,A,,R,11.0
164270,2014,R,409.0,R,476.0,R,86.0,R,453.0,R,0.0,R,453.0,R,377.0,R,83.0,A,,A,,A,,A,,A,,R,11.0
164313,2014,R,389.0,R,926.0,R,42.0,R,409.0,R,0.0,R,409.0,R,170.0,R,42.0,R,269.0,R,0.0,R,269.0,R,107.0,R,40.0,R,15.0
164438,2014,A,,A,,A,,R,1.0,R,0.0,R,1.0,R,1.0,R,100.0,R,4.0,R,0.0,R,4.0,R,1.0,R,25.0,R,16.0
164447,2014,R,308.0,R,452.0,R,68.0,R,344.0,R,0.0,R,344.0,R,237.0,R,69.0,R,2.0,R,0.0,R,2.0,R,0.0,R,0.0,R,13.0
164465,2014,R,469.0,R,486.0,R,97.0,R,466.0,R,0.0,R,466.0,R,459.0,R,98.0,A,,A,,A,,A,,A,,R,8.0
164492,2014,R,168.0,R,209.0,R,80.0,R,242.0,R,0.0,R,242.0,R,160.0,R,66.0,R,1.0,R,0.0,R,1.0,R,0.0,R,0.0,R,11.0
164535,2014,A,,A,,A,,R,16.0,R,0.0,R,16.0,R,14.0,R,88.0,A,,A,,A,,A,,A,,R,9.0
164562,2014,R,571.0,R,669.0,R,85.0,R,502.0,R,0.0,R,502.0,R,416.0,R,83.0,A,,A,,A,,A,,A,,R,12.0
164580,2014,R,506.0,R,549.0,R,92.0,R,489.0,R,0.0,R,489.0,R,462.0,R,94.0,A,,A,,A,,A,,A,,R,14.0
164599,2014,A,,A,,A,,A,,A,,A,,A,,A,,A,,A,,A,,A,,A,,R,4.0
164614,2014,R,8.0,R,26.0,R,31.0,R,17.0,R,0.0,R,17.0,R,7.0,R,41.0,R,0.0,R,0.0,R,0.0,R,0.0,A,,R,9.0
164632,2014,R,129.0,R,437.0,R,30.0,R,136.0,R,0.0,R,136.0,R,105.0,R,77.0,R,0.0,R,0.0,R,0.0,R,0.0,A,,R,12.0
164641,2014,R,136.0,R,389.0,R,35.0,R,63.0,R,0.0,R,63.0,R,56.0,R,89.0,R,6.0,R,0.0,R,6.0,R,5.0,R,83.0,R,19.0
164678,2014,A,,A,,A,,R,29.0,R,0.0,R,29.0,R,25.0,R,86.0,R,20.0,R,0.0,R,20.0,R,16.0,R,80.0,R,11.0
164720,2014,R,403.0,R,569.0,R,71.0,R,315.0,R,0.0,R,315.0,R,210.0,R,67.0,R,0.0,Z,0.0,R,0.0,Z,0.0,A,,R,16.0
164739,2014,R,978.0,R,1113.0,R,88.0,R,974.0,R,0.0,R,974.0,R,915.0,R,94.0,A,,A,,A,,A,,A,,R,12.0
164748,2014,R,928.0,R,1201.0,R,77.0,R,768.0,R,0.0,R,768.0,R,642.0,R,84.0,R,1.0,R,0.0,R,1.0,R,1.0,R,100.0,R,12.0
164775,2014,R,260.0,R,700.0,R,37.0,R,278.0,R,0.0,R,278.0,R,156.0,R,56.0,R,191.0,R,0.0,R,191.0,R,105.0,R,55.0,R,15.0
164845,2014,A,,A,,A,,R,86.0,R,0.0,R,86.0,R,59.0,R,69.0,R,23.0,R,0.0,R,23.0,R,8.0,R,35.0,R,18.0
164872,2014,R,24.0,R,108.0,R,22.0,R,15.0,R,0.0,R,15.0,R,10.0,R,67.0,A,,A,,A,,A,,A,,R,4.0
164924,2014,R,2284.0,R,2538.0,R,90.0,R,2305.0,R,0.0,R,2305.0,R,2214.0,R,96.0,R,4.0,R,0.0,R,4.0,R,3.0,R,75.0,R,15.0
164933,2014,R,125.0,R,125.0,R,100.0,R,133.0,R,0.0,R,133.0,R,119.0,R,89.0,A,,A,,A,,A,,A,,R,6.0
164988,2014,R,3915.0,R,5354.0,R,73.0,R,3807.0,R,9.0,R,3798.0,R,3551.0,R,93.0,R,0.0,R,0.0,R,0.0,R,0.0,A,,R,13.0
165015,2014,R,859.0,R,929.0,R,92.0,R,833.0,R,2.0,R,831.0,R,774.0,R,93.0,A,,A,,A,,A,,A,,R,10.0
165024,2014,R,1506.0,R,2662.0,R,57.0,R,1451.0,R,0.0,R,1451.0,R,1180.0,R,81.0,R,23.0,R,0.0,R,23.0,R,6.0,R,26.0,R,19.0
165033,2014,R,1385.0,R,2858.0,R,48.0,R,1493.0,R,3.0,R,1490.0,R,903.0,R,61.0,R,665.0,R,1.0,R,664.0,R,334.0,R,50.0,R,18.0
165060,2014,A,,A,,A,,R,3.0,R,0.0,R,3.0,R,2.0,R,67.0,R,3.0,R,0.0,R,3.0,R,3.0,R,100.0,R,15.0
165112,2014,R,1211.0,R,4093.0,R,30.0,R,1140.0,R,0.0,R,1140.0,R,765.0,R,67.0,R,1076.0,R,0.0,R,1076.0,R,555.0,R,52.0,R,17.0
165167,2014,R,10.0,R,386.0,R,3.0,R,28.0,R,0.0,R,28.0,R,17.0,R,61.0,R,158.0,R,0.0,R,158.0,R,30.0,R,19.0,R,9.0
165194,2014,R,376.0,R,1356.0,R,28.0,R,485.0,R,3.0,R,482.0,R,265.0,R,55.0,R,380.0,R,0.0,R,380.0,R,155.0,R,41.0,R,13.0
165255,2014,A,,A,,A,,R,53.0,R,0.0,R,53.0,R,52.0,R,98.0,R,27.0,R,0.0,R,27.0,R,26.0,R,96.0,R,12.0
165264,2014,R,1.0,R,196.0,R,1.0,R,0.0,R,0.0,R,0.0,R,0.0,A,,R,0.0,R,0.0,R,0.0,R,0.0,A,,R,8.0
165334,2014,R,547.0,R,648.0,R,84.0,R,614.0,R,0.0,R,614.0,R,540.0,R,88.0,R,7.0,R,0.0,R,7.0,R,6.0,R,86.0,R,10.0
165529,2014,R,648.0,R,873.0,R,74.0,R,640.0,R,0.0,R,640.0,R,455.0,R,71.0,R,0.0,Z,0.0,R,0.0,Z,0.0,A,,R,11.0
165556,2014,A,,A,,A,,R,59.0,R,0.0,R,59.0,R,43.0,R,73.0,R,24.0,R,0.0,R,24.0,R,17.0,R,71.0,R,23.0
165574,2014,R,445.0,R,506.0,R,88.0,R,155.0,R,0.0,R,155.0,R,108.0,R,70.0,R,0.0,R,0.0,R,0.0,R,0.0,A,,R,17.0
165608,2014,A,,A,,A,,R,8.0,R,0.0,R,8.0,R,8.0,R,100.0,R,2.0,Z,0.0,R,2.0,R,2.0,R,100.0,R,10.0
165635,2014,A,,A,,A,,R,28.0,R,0.0,R,28.0,R,13.0,R,46.0,A,,A,,A,,A,,A,,R,14.0
165644,2014,R,170.0,R,218.0,R,78.0,R,165.0,Z,0.0,R,165.0,R,118.0,R,72.0,A,,A,,A,,A,,A,,R,14.0
165662,2014,R,857.0,R,1098.0,R,78.0,R,862.0,R,0.0,R,862.0,R,768.0,R,89.0,R,0.0,R,0.0,R,0.0,R,0.0,A,,R,15.0
165671,2014,R,524.0,R,652.0,R,80.0,R,515.0,R,0.0,R,515.0,R,405.0,R,79.0,A,,A,,A,,A,,A,,R,14.0
165699,2014,R,748.0,R,930.0,R,80.0,R,629.0,R,0.0,R,629.0,R,525.0,R,83.0,R,4.0,R,0.0,R,4.0,R,2.0,R,50.0,R,13.0
165750,2014,A,,A,,A,,R,37.0,Z,0.0,R,37.0,R,21.0,R,57.0,A,,A,,A,,A,,A,,R,10.0
165802,2014,R,289.0,R,486.0,R,59.0,R,109.0,R,0.0,R,109.0,R,65.0,R,60.0,R,0.0,R,0.0,R,0.0,R,0.0,A,,R,17.0
165820,2014,R,720.0,R,1164.0,R,62.0,R,790.0,R,0.0,R,790.0,R,612.0,R,77.0,R,11.0,R,0.0,R,11.0,R,2.0,R,18.0,R,15.0
165866,2014,R,806.0,R,1347.0,R,60.0,R,804.0,R,0.0,R,804.0,R,599.0,R,75.0,R,5.0,R,0.0,R,5.0,R,2.0,R,40.0,R,16.0
165884,2014,R,208.0,R,258.0,R,81.0,R,0.0,R,0.0,R,0.0,R,0.0,A,,R,0.0,R,0.0,R,0.0,R,0.0,A,,R,10.0
165936,2014,R,400.0,R,463.0,R,86.0,R,477.0,R,0.0,R,477.0,R,388.0,R,81.0,R,1.0,R,0.0,R,1.0,R,1.0,R,100.0,R,13.0
165981,2014,R,197.0,R,754.0,R,26.0,R,205.0,R,0.0,R,205.0,R,122.0,R,60.0,R,172.0,R,0.0,R,172.0,R,78.0,R,45.0,R,13.0
166009,2014,A,,A,,A,,R,20.0,R,0.0,R,20.0,R,17.0,R,85.0,A,,A,,A,,A,,A,,R,4.0
166018,2014,R,324.0,R,387.0,R,84.0,R,381.0,R,0.0,R,381.0,R,296.0,R,78.0,A,,A,,A,,A,,A,,R,11.0
166027,2014,R,1650.0,R,3835.0,R,43.0,R,1657.0,R,1.0,R,1656.0,R,1620.0,R,98.0,A,,A,,A,,A,,A,,R,8.0
166045,2014,A,,A,,A,,A,,A,,A,,A,,A,,A,,A,,A,,A,,A,,R,1.0
166054,2014,R,14.0,R,28.0,R,50.0,R,21.0,R,0.0,R,21.0,R,21.0,R,100.0,A,,A,,A,,A,,A,,R,10.0
166063,2014,A,,A,,A,,R,17.0,R,0.0,R,17.0,R,16.0,R,94.0,A,,A,,A,,A,,A,,R,7.0
166124,2014,R,773.0,R,816.0,R,95.0,R,719.0,R,0.0,R,719.0,R,675.0,R,94.0,A,,A,,A,,A,,A,,R,10.0
166133,2014,R,983.0,R,2169.0,R,45.0,R,1066.0,R,0.0,R,1066.0,R,633.0,R,59.0,R,476.0,R,0.0,R,476.0,R,215.0,R,45.0,R,17.0
166294,2014,A,,A,,A,,R,12.0,R,0.0,R,12.0,R,10.0,R,83.0,R,11.0,R,0.0,R,11.0,R,8.0,R,73.0,R,7.0
166319,2014,A,,A,,A,,R,18.0,R,0.0,R,18.0,R,13.0,R,72.0,R,12.0,R,0.0,R,12.0,R,10.0,R,83.0,R,9.0
166328,2014,A,,A,,A,,R,16.0,R,0.0,R,16.0,R,10.0,R,63.0,R,11.0,R,0.0,R,11.0,R,10.0,R,91.0,R,10.0
166391,2014,R,501.0,R,576.0,R,87.0,R,484.0,R,0.0,R,484.0,R,363.0,R,75.0,R,1.0,R,0.0,R,1.0,R,1.0,R,100.0,R,13.0
166407,2014,R,1.0,R,21.0,R,5.0,R,0.0,R,0.0,R,0.0,R,0.0,A,,R,3.0,R,0.0,R,3.0,R,3.0,R,100.0,R,7.0
166452,2014,R,298.0,R,673.0,R,44.0,R,317.0,Z,0.0,R,317.0,R,241.0,R,76.0,R,6.0,Z,0.0,R,6.0,R,2.0,R,33.0,R,10.0
166489,2014,R,11.0,R,16.0,R,69.0,R,12.0,R,0.0,R,12.0,R,9.0,R,75.0,R,0.0,R,0.0,R,0.0,R,0.0,A,,R,8.0
166498,2014,A,,A,,A,,N,31.0,N,0.0,N,31.0,N,30.0,N,97.0,A,,A,,A,,A,,A,,N,11.0
166513,2014,R,1633.0,R,3303.0,R,49.0,R,1624.0,R,1.0,R,1623.0,R,1369.0,R,84.0,R,24.0,Z,0.0,R,24.0,R,16.0,R,67.0,R,18.0
166586,2014,A,,A,,A,,R,4.0,R,0.0,R,4.0,R,3.0,R,75.0,R,1.0,R,0.0,R,1.0,R,1.0,R,100.0,R,8.0
166595,2014,A,,A,,A,,R,8.0,R,0.0,R,8.0,R,7.0,R,88.0,R,2.0,R,0.0,R,2.0,R,2.0,R,100.0,R,9.0
166601,2014,R,25.0,R,140.0,R,18.0,R,10.0,R,0.0,R,10.0,R,6.0,R,60.0,R,0.0,R,0.0,R,0.0,R,0.0,A,,R,16.0
166629,2014,R,4691.0,R,6457.0,R,73.0,R,4618.0,R,8.0,R,4610.0,R,4144.0,R,90.0,R,3.0,R,0.0,R,3.0,R,1.0,R,33.0,R,17.0
166638,2014,R,1438.0,R,3568.0,R,40.0,R,1313.0,R,1.0,R,1312.0,R,1046.0,R,80.0,R,100.0,Z,0.0,R,100.0,R,60.0,R,60.0,R,16.0
166647,2014,R,648.0,R,1922.0,R,34.0,R,656.0,R,0.0,R,656.0,R,406.0,R,62.0,R,563.0,R,0.0,R,563.0,R,278.0,R,49.0,R,18.0
166656,2014,R,875.0,R,1099.0,R,80.0,R,883.0,R,0.0,R,883.0,R,765.0,R,87.0,A,,A,,A,,A,,A,,R,24.0
166674,2014,R,328.0,R,534.0,R,61.0,R,366.0,R,0.0,R,366.0,R,326.0,R,89.0,R,1.0,R,0.0,R,1.0,R,0.0,R,0.0,R,9.0
166683,2014,R,1043.0,R,1093.0,R,95.0,R,1116.0,R,4.0,R,1112.0,R,1097.0,R,99.0,A,,A,,A,,A,,A,,R,8.0
166692,2014,R,321.0,R,365.0,R,88.0,R,332.0,R,0.0,R,332.0,R,295.0,R,89.0,A,,A,,A,,A,,A,,R,16.0
166805,2014,A,,A,,A,,R,14.0,R,0.0,R,14.0,R,13.0,R,93.0,R,30.0,R,0.0,R,30.0,R,20.0,R,67.0,R,16.0
166823,2014,R,1190.0,R,2937.0,R,41.0,R,1281.0,R,0.0,R,1281.0,R,751.0,R,59.0,R,579.0,Z,0.0,R,579.0,R,270.0,R,47.0,R,17.0
166850,2014,R,858.0,R,937.0,R,92.0,R,794.0,R,0.0,R,794.0,R,661.0,R,83.0,A,,A,,A,,A,,A,,R,13.0
166869,2014,A,,A,,A,,A,,A,,A,,A,,A,,A,,A,,A,,A,,A,,R,10.0
166887,2014,R,1109.0,R,3064.0,R,36.0,R,1118.0,R,0.0,R,1118.0,R,694.0,R,62.0,R,916.0,R,1.0,R,915.0,R,434.0,R,47.0,R,19.0
166911,2014,R,101.0,R,121.0,R,83.0,R,102.0,R,0.0,R,102.0,R,79.0,R,77.0,R,1.0,R,0.0,R,1.0,R,1.0,R,100.0,R,12.0
166939,2014,R,530.0,R,624.0,R,85.0,R,511.0,R,0.0,R,511.0,R,463.0,R,91.0,R,1.0,R,0.0,R,1.0,R,0.0,R,0.0,R,10.0
166948,2014,R,358.0,R,483.0,R,74.0,R,262.0,R,0.0,R,262.0,R,177.0,R,68.0,R,0.0,R,0.0,R,0.0,R,0.0,A,,R,13.0
166957,2014,R,503.0,R,1378.0,R,37.0,R,596.0,R,0.0,R,596.0,R,362.0,R,61.0,R,319.0,R,0.0,R,319.0,R,138.0,R,43.0,R,13.0
166975,2014,A,,A,,A,,A,,A,,A,,A,,A,,A,,A,,A,,A,,A,,R,15.0
166984,2014,R,51.0,R,93.0,R,55.0,R,54.0,R,0.0,R,54.0,R,47.0,R,87.0,R,0.0,Z,0.0,R,0.0,R,0.0,A,,R,9.0
167020,2014,A,,A,,A,,R,86.0,R,0.0,R,86.0,R,50.0,R,58.0,A,,A,,A,,A,,A,,R,28.0
167039,2014,A,,A,,A,,R,11.0,R,0.0,R,11.0,R,7.0,R,64.0,A,,A,,A,,A,,A,,R,10.0
167057,2014,R,75.0,R,100.0,R,75.0,R,93.0,R,0.0,R,93.0,R,86.0,R,92.0,R,3.0,R,0.0,R,3.0,R,2.0,R,67.0,R,5.0
167224,2014,A,,A,,A,,R,17.0,R,0.0,R,17.0,R,14.0,R,82.0,A,,A,,A,,A,,A,,R,4.0
167251,2014,R,264.0,R,302.0,R,87.0,R,254.0,R,0.0,R,254.0,R,151.0,R,59.0,R,0.0,R,0.0,R,0.0,R,0.0,A,,R,15.0
167260,2014,R,399.0,R,460.0,R,87.0,R,379.0,R,2.0,R,377.0,R,267.0,R,71.0,R,1.0,R,0.0,R,1.0,R,0.0,R,0.0,R,17.0
167288,2014,R,351.0,R,559.0,R,63.0,R,271.0,R,0.0,R,271.0,R,212.0,R,78.0,R,4.0,R,1.0,R,3.0,R,0.0,R,0.0,R,13.0
167297,2014,A,,A,,A,,R,15.0,R,0.0,R,15.0,R,10.0,R,67.0,A,,A,,A,,A,,A,,R,12.0
167312,2014,R,737.0,R,1902.0,R,39.0,R,936.0,R,0.0,R,936.0,R,603.0,R,64.0,R,533.0,R,0.0,R,533.0,R,290.0,R,54.0,R,15.0
167321,2014,R,82.0,R,141.0,R,58.0,R,107.0,Z,0.0,R,107.0,R,58.0,R,54.0,R,1.0,Z,0.0,R,1.0,R,1.0,R,100.0,R,11.0
167358,2014,R,2944.0,R,3418.0,R,86.0,R,2891.0,R,2.0,R,2889.0,R,2779.0,R,96.0,A,,A,,A,,A,,A,,R,14.0
167376,2014,R,762.0,R,2123.0,R,36.0,R,827.0,R,0.0,R,827.0,R,513.0,R,62.0,R,691.0,R,0.0,R,691.0,R,391.0,R,57.0,R,20.0
167394,2014,R,187.0,R,415.0,R,45.0,R,187.0,R,0.0,R,187.0,R,160.0,R,86.0,R,0.0,R,0.0,R,0.0,R,0.0,A,,R,13.0
167455,2014,R,185.0,R,197.0,R,94.0,R,61.0,R,0.0,R,61.0,R,43.0,R,70.0,R,0.0,R,0.0,R,0.0,R,0.0,A,,R,10.0
167525,2014,R,370.0,R,1350.0,R,27.0,R,366.0,R,0.0,R,366.0,R,213.0,R,58.0,R,234.0,R,0.0,R,234.0,R,107.0,R,46.0,R,18.0
167534,2014,R,976.0,R,2726.0,R,36.0,R,1007.0,R,2.0,R,1005.0,R,528.0,R,53.0,R,836.0,R,1.0,R,835.0,R,432.0,R,52.0,R,18.0
167598,2014,R,249.0,R,276.0,R,90.0,R,266.0,R,0.0,R,266.0,R,223.0,R,84.0,A,,A,,A,,A,,A,,R,12.0
167631,2014,R,96.0,R,592.0,R,16.0,R,226.0,R,0.0,R,226.0,R,125.0,R,55.0,R,298.0,R,0.0,R,298.0,R,117.0,R,39.0,R,14.0
167677,2014,A,,A,,A,,R,0.0,R,0.0,R,0.0,R,0.0,A,,R,0.0,R,0.0,R,0.0,R,0.0,A,,R,5.0
167729,2014,R,1127.0,R,2106.0,R,54.0,R,1074.0,R,0.0,R,1074.0,R,871.0,R,81.0,R,13.0,R,0.0,R,13.0,R,5.0,R,38.0,R,15.0
167738,2014,A,,A,,A,,R,156.0,R,0.0,R,156.0,R,105.0,R,67.0,R,27.0,R,0.0,R,27.0,R,11.0,R,41.0,R,23.0
167783,2014,R,303.0,R,406.0,R,75.0,R,338.0,R,0.0,R,338.0,R,292.0,R,86.0,R,0.0,R,0.0,R,0.0,R,0.0,A,,R,10.0
167792,2014,R,116.0,R,119.0,R,97.0,R,144.0,Z,0.0,R,144.0,R,115.0,R,80.0,A,,A,,A,,A,,A,,R,6.0
167835,2014,R,616.0,R,689.0,R,89.0,R,643.0,R,0.0,R,643.0,R,603.0,R,94.0,A,,A,,A,,A,,A,,R,9.0
167871,2014,A,,A,,A,,R,39.0,R,0.0,R,39.0,R,33.0,R,85.0,R,17.0,R,0.0,R,17.0,R,15.0,R,88.0,R,7.0
167899,2014,R,562.0,R,643.0,R,87.0,R,510.0,R,0.0,R,510.0,R,424.0,R,83.0,A,,A,,A,,A,,A,,R,13.0
167905,2014,R,918.0,R,2296.0,R,40.0,R,947.0,R,0.0,R,947.0,R,597.0,R,63.0,R,454.0,R,0.0,R,454.0,R,197.0,R,43.0,R,17.0
167987,2014,R,1493.0,R,2248.0,R,66.0,R,1495.0,R,3.0,R,1492.0,R,1184.0,R,79.0,R,9.0,R,0.0,R,9.0,R,4.0,R,44.0,R,18.0
167996,2014,R,610.0,R,645.0,R,95.0,R,610.0,R,1.0,R,609.0,R,550.0,R,90.0,A,,A,,A,,A,,A,,R,12.0
168005,2014,R,1077.0,R,1527.0,R,71.0,R,1159.0,R,0.0,R,1159.0,R,877.0,R,76.0,R,6.0,R,0.0,R,6.0,R,2.0,R,33.0,R,11.0
168032,2014,A,,A,,A,,R,16.0,R,0.0,R,16.0,R,12.0,R,75.0,A,,A,,A,,A,,A,,R,17.0
168148,2014,R,1350.0,R,1412.0,R,96.0,R,1307.0,R,0.0,R,1307.0,R,1267.0,R,97.0,A,,A,,A,,A,,A,,R,9.0
168218,2014,R,593.0,R,713.0,R,83.0,R,590.0,R,0.0,R,590.0,R,556.0,R,94.0,A,,A,,A,,A,,A,,R,7.0
168227,2014,R,1063.0,R,1294.0,R,82.0,R,877.0,R,0.0,R,877.0,R,741.0,R,84.0,R,23.0,R,0.0,R,23.0,R,10.0,R,43.0,R,16.0
168254,2014,R,755.0,R,891.0,R,85.0,R,680.0,R,0.0,R,680.0,R,517.0,R,76.0,R,2.0,R,0.0,R,2.0,R,1.0,R,50.0,R,13.0
168263,2014,R,1220.0,R,1694.0,R,72.0,R,1285.0,R,2.0,R,1283.0,R,985.0,R,77.0,R,2.0,R,0.0,R,2.0,R,1.0,R,50.0,R,17.0
168281,2014,R,423.0,R,441.0,R,96.0,R,458.0,R,0.0,R,458.0,R,378.0,R,83.0,A,,A,,A,,A,,A,,R,10.0
168290,2014,R,266.0,R,307.0,R,87.0,R,215.0,Z,0.0,R,215.0,R,163.0,R,76.0,A,,A,,A,,A,,A,,R,11.0
168342,2014,R,546.0,R,601.0,R,91.0,R,544.0,Z,0.0,R,544.0,R,532.0,R,98.0,A,,A,,A,,A,,A,,R,6.0
168421,2014,R,1054.0,R,1135.0,R,93.0,R,1103.0,R,0.0,R,1103.0,R,1070.0,R,97.0,R,0.0,Z,0.0,R,0.0,Z,0.0,A,,R,14.0
168430,2014,R,785.0,R,1410.0,R,56.0,R,775.0,R,0.0,R,775.0,R,633.0,R,82.0,R,5.0,R,0.0,R,5.0,R,3.0,R,60.0,R,16.0
168528,2014,R,484.0,R,604.0,R,80.0,R,446.0,R,0.0,R,446.0,R,268.0,R,60.0,R,1.0,R,0.0,R,1.0,R,0.0,R,0.0,R,13.0
168546,2014,R,357.0,R,394.0,R,91.0,R,346.0,R,0.0,R,346.0,R,289.0,R,84.0,R,0.0,Z,0.0,R,0.0,Z,0.0,A,,R,11.0
168555,2014,A,,A,,A,,R,9.0,Z,0.0,R,9.0,R,6.0,R,67.0,A,,A,,A,,A,,A,,R,11.0
168573,2014,A,,A,,A,,A,,A,,A,,A,,A,,A,,A,,A,,A,,A,,R,20.0
168591,2014,R,356.0,R,425.0,R,84.0,R,376.0,R,1.0,R,375.0,R,296.0,R,79.0,A,,A,,A,,A,,A,,R,12.0
168607,2014,R,318.0,R,702.0,R,45.0,R,316.0,R,0.0,R,316.0,R,193.0,R,61.0,R,98.0,R,0.0,R,98.0,R,30.0,R,31.0,R,13.0
168740,2014,R,260.0,R,568.0,R,46.0,R,307.0,R,0.0,R,307.0,R,241.0,R,79.0,R,0.0,R,0.0,R,0.0,R,0.0,A,,R,9.0
168786,2014,R,353.0,R,454.0,R,78.0,R,390.0,R,0.0,R,390.0,R,306.0,R,78.0,R,1.0,R,0.0,R,1.0,R,1.0,R,100.0,R,13.0
168838,2014,R,497.0,R,790.0,R,63.0,R,48.0,Z,0.0,R,48.0,R,30.0,R,63.0,R,6.0,Z,0.0,R,6.0,R,3.0,R,50.0,R,27.0
168847,2014,R,443.0,R,1050.0,R,42.0,R,85.0,Z,0.0,R,85.0,R,36.0,R,42.0,R,10.0,Z,0.0,R,10.0,R,1.0,R,10.0,R,24.0
168883,2014,R,289.0,R,688.0,R,42.0,R,305.0,R,0.0,R,305.0,R,164.0,R,54.0,R,67.0,R,0.0,R,67.0,R,21.0,R,31.0,R,15.0
168892,2014,A,,A,,A,,R,8.0,R,0.0,R,8.0,R,7.0,R,88.0,R,11.0,Z,0.0,R,11.0,R,8.0,R,73.0,R,4.0
169071,2014,A,,A,,A,,R,17.0,R,0.0,R,17.0,R,13.0,R,76.0,R,15.0,R,0.0,R,15.0,R,13.0,R,87.0,R,9.0
169080,2014,R,949.0,R,1076.0,R,88.0,R,1006.0,R,0.0,R,1006.0,R,879.0,R,87.0,R,0.0,R,0.0,R,0.0,R,0.0,A,,R,12.0
169187,2014,A,,A,,A,,R,20.0,R,0.0,R,20.0,R,17.0,R,85.0,R,8.0,R,0.0,R,8.0,R,8.0,R,100.0,R,10.0
169248,2014,R,3766.0,R,5540.0,R,68.0,R,2964.0,R,0.0,R,2964.0,R,2265.0,R,76.0,R,48.0,R,0.0,R,48.0,R,17.0,R,35.0,R,20.0
169275,2014,R,649.0,R,2166.0,R,30.0,R,301.0,R,0.0,R,301.0,R,151.0,R,50.0,R,440.0,R,0.0,R,440.0,R,176.0,R,40.0,R,19.0
169284,2014,A,,A,,A,,R,92.0,R,0.0,R,92.0,R,66.0,R,72.0,R,14.0,R,0.0,R,14.0,R,8.0,R,57.0,R,14.0
169327,2014,R,55.0,R,139.0,R,40.0,R,43.0,R,0.0,R,43.0,R,31.0,R,72.0,R,5.0,R,0.0,R,5.0,R,2.0,R,40.0,R,12.0
169363,2014,R,156.0,R,276.0,R,57.0,R,184.0,R,0.0,R,184.0,R,127.0,R,69.0,R,4.0,R,0.0,R,4.0,R,3.0,R,75.0,R,10.0
169442,2014,R,232.0,R,400.0,R,58.0,R,218.0,R,0.0,R,218.0,R,179.0,R,82.0,R,23.0,R,0.0,R,23.0,R,16.0,R,70.0,R,9.0
169479,2014,R,488.0,R,1579.0,R,31.0,R,279.0,R,0.0,R,279.0,R,203.0,R,73.0,R,123.0,R,0.0,R,123.0,R,41.0,R,33.0,R,14.0
169503,2014,A,,A,,A,,R,20.0,R,0.0,R,20.0,R,13.0,R,65.0,A,,A,,A,,A,,A,,R,16.0
169521,2014,R,885.0,R,2540.0,R,35.0,R,891.0,R,0.0,R,891.0,R,648.0,R,73.0,R,606.0,R,0.0,R,606.0,R,303.0,R,50.0,R,17.0
169576,2014,A,,A,,A,,R,14.0,R,0.0,R,14.0,R,12.0,R,86.0,R,4.0,R,0.0,R,4.0,R,4.0,R,100.0,R,14.0
169655,2014,R,276.0,R,411.0,R,67.0,R,242.0,R,1.0,R,241.0,R,161.0,R,67.0,A,,A,,A,,A,,A,,R,9.0
169716,2014,R,458.0,R,746.0,R,61.0,R,491.0,R,0.0,R,491.0,R,398.0,R,81.0,R,2.0,R,0.0,R,2.0,R,1.0,R,50.0,R,13.0
169734,2014,A,,A,,A,,R,33.0,R,0.0,R,33.0,R,20.0,R,61.0,A,,A,,A,,A,,A,,R,16.0
169761,2014,A,,A,,A,,R,25.0,R,0.0,R,25.0,R,18.0,R,72.0,A,,A,,A,,A,,A,,R,23.0
169798,2014,R,2588.0,R,4736.0,R,55.0,R,2848.0,R,0.0,R,2848.0,R,2065.0,R,73.0,R,37.0,R,0.0,R,37.0,R,15.0,R,41.0,R,18.0
169910,2014,R,1888.0,R,3755.0,R,50.0,R,704.0,R,0.0,R,704.0,R,506.0,R,72.0,R,42.0,R,0.0,R,42.0,R,26.0,R,62.0,R,16.0
169947,2014,A,,A,,A,,R,17.0,R,0.0,R,17.0,R,13.0,R,76.0,A,,A,,A,,A,,A,,R,17.0
169974,2014,R,115.0,R,201.0,R,57.0,R,160.0,R,0.0,R,160.0,R,61.0,R,38.0,R,38.0,R,0.0,R,38.0,R,11.0,R,29.0,R,13.0
169983,2014,R,364.0,R,441.0,R,83.0,R,375.0,R,0.0,R,375.0,R,344.0,R,92.0,R,1.0,Z,0.0,R,1.0,R,1.0,R,100.0,R,13.0
169992,2014,R,211.0,R,410.0,R,51.0,R,264.0,R,0.0,R,264.0,R,176.0,R,67.0,R,31.0,R,0.0,R,31.0,R,20.0,R,65.0,R,15.0
170000,2014,R,89.0,R,186.0,R,48.0,R,90.0,R,0.0,R,90.0,R,61.0,R,68.0,R,1.0,R,0.0,R,1.0,R,0.0,R,0.0,R,13.0
170037,2014,R,299.0,R,1205.0,R,25.0,R,347.0,R,0.0,R,347.0,R,262.0,R,76.0,R,0.0,Z,0.0,R,0.0,Z,0.0,A,,R,20.0
170046,2014,A,,A,,A,,A,,A,,A,,A,,A,,A,,A,,A,,A,,A,,R,34.0
170055,2014,R,1661.0,R,4934.0,R,34.0,R,1893.0,R,0.0,R,1893.0,R,1104.0,R,58.0,R,1636.0,R,0.0,R,1636.0,R,696.0,R,43.0,R,20.0
170082,2014,R,4178.0,R,5950.0,R,70.0,R,4063.0,R,0.0,R,4063.0,R,3380.0,R,83.0,R,15.0,R,0.0,R,15.0,R,5.0,R,33.0,R,17.0
170091,2014,R,21.0,R,46.0,R,46.0,R,39.0,R,0.0,R,39.0,R,18.0,R,46.0,R,11.0,R,0.0,R,11.0,R,4.0,R,36.0,R,7.0
170240,2014,R,1640.0,R,4190.0,R,39.0,R,1564.0,R,0.0,R,1564.0,R,891.0,R,57.0,R,1069.0,R,0.0,R,1069.0,R,483.0,R,45.0,R,24.0
170301,2014,R,820.0,R,870.0,R,94.0,R,811.0,R,0.0,R,811.0,R,735.0,R,91.0,R,11.0,R,0.0,R,11.0,R,7.0,R,64.0,R,12.0
170417,2014,R,43.0,R,50.0,R,86.0,R,0.0,R,0.0,R,0.0,R,0.0,A,,R,0.0,R,0.0,R,0.0,R,0.0,A,,R,18.0
170444,2014,R,801.0,R,1820.0,R,44.0,R,830.0,R,0.0,R,830.0,R,446.0,R,54.0,R,389.0,R,0.0,R,389.0,R,147.0,R,38.0,R,18.0
170514,2014,A,,A,,A,,R,1.0,R,0.0,R,1.0,R,1.0,R,100.0,R,14.0,R,0.0,R,14.0,R,12.0,R,86.0,R,8.0
170532,2014,R,357.0,R,403.0,R,89.0,R,453.0,R,0.0,R,453.0,R,415.0,R,92.0,A,,A,,A,,A,,A,,R,13.0
170541,2014,R,937.0,R,3219.0,R,29.0,R,1040.0,R,0.0,R,1040.0,R,612.0,R,59.0,R,795.0,R,1.0,R,794.0,R,327.0,R,41.0,R,22.0
170550,2014,R,284.0,R,1215.0,R,23.0,R,297.0,R,0.0,R,297.0,R,178.0,R,60.0,R,276.0,R,0.0,R,276.0,R,121.0,R,44.0,R,16.0
170587,2014,R,102.0,R,343.0,R,30.0,R,148.0,R,0.0,R,148.0,R,77.0,R,52.0,R,123.0,R,0.0,R,123.0,R,46.0,R,37.0,R,18.0
170611,2014,A,,A,,A,,R,74.0,R,0.0,R,74.0,R,54.0,R,73.0,R,24.0,R,0.0,R,24.0,R,19.0,R,79.0,R,18.0
170620,2014,R,439.0,R,1796.0,R,24.0,R,0.0,R,0.0,R,0.0,R,0.0,A,,R,0.0,R,0.0,R,0.0,R,0.0,A,,R,15.0
170639,2014,R,454.0,R,785.0,R,58.0,R,398.0,R,0.0,R,398.0,R,297.0,R,75.0,R,11.0,R,0.0,R,11.0,R,7.0,R,64.0,R,16.0
170657,2014,R,1989.0,R,4989.0,R,40.0,R,1968.0,R,0.0,R,1968.0,R,1156.0,R,59.0,R,1679.0,R,0.0,R,1679.0,R,765.0,R,46.0,R,13.0
170675,2014,R,329.0,R,1384.0,R,24.0,R,353.0,R,1.0,R,352.0,R,290.0,R,82.0,R,12.0,R,0.0,R,12.0,R,4.0,R,33.0,R,11.0
170736,2014,A,,A,,A,,R,50.0,Z,0.0,R,50.0,R,30.0,R,60.0,R,0.0,Z,0.0,R,0.0,R,0.0,A,,R,20.0
170790,2014,R,647.0,R,4118.0,R,16.0,R,681.0,R,0.0,R,681.0,R,427.0,R,63.0,R,794.0,R,0.0,R,794.0,R,455.0,R,57.0,R,28.0
170806,2014,R,170.0,R,801.0,R,21.0,R,198.0,R,0.0,R,198.0,R,158.0,R,80.0,R,5.0,R,0.0,R,5.0,R,5.0,R,100.0,R,11.0
170842,2014,R,141.0,R,291.0,R,48.0,R,170.0,R,0.0,R,170.0,R,73.0,R,43.0,R,12.0,R,0.0,R,12.0,R,1.0,R,8.0,R,9.0
170967,2014,R,155.0,R,412.0,R,38.0,R,150.0,R,0.0,R,150.0,R,98.0,R,65.0,R,12.0,R,0.0,R,12.0,R,3.0,R,25.0,R,11.0
170976,2014,R,6475.0,R,7548.0,R,86.0,R,6176.0,R,0.0,R,6176.0,R,6004.0,R,97.0,R,24.0,R,0.0,R,24.0,R,21.0,R,88.0,R,12.0
171012,2014,A,,A,,A,,R,30.0,R,0.0,R,30.0,R,7.0,R,23.0,A,,A,,A,,A,,A,,R,29.0
171100,2014,R,7890.0,R,9998.0,R,79.0,R,7924.0,R,0.0,R,7924.0,R,7260.0,R,92.0,R,137.0,Z,0.0,R,137.0,R,82.0,R,60.0,R,17.0
171128,2014,R,1197.0,R,1451.0,R,82.0,R,1252.0,R,0.0,R,1252.0,R,1065.0,R,85.0,R,1.0,R,0.0,R,1.0,R,0.0,R,0.0,R,13.0
171137,2014,R,908.0,R,1899.0,R,48.0,R,908.0,R,0.0,R,908.0,R,727.0,R,80.0,R,46.0,R,0.0,R,46.0,R,35.0,R,76.0,R,15.0
171146,2014,R,595.0,R,1950.0,R,31.0,R,665.0,R,0.0,R,665.0,R,477.0,R,72.0,R,59.0,R,0.0,R,59.0,R,28.0,R,47.0,R,15.0
171155,2014,R,401.0,R,1738.0,R,23.0,R,438.0,R,10.0,R,428.0,R,218.0,R,51.0,R,329.0,R,6.0,R,323.0,R,144.0,R,45.0,R,21.0
171225,2014,R,216.0,R,949.0,R,23.0,R,258.0,R,0.0,R,258.0,R,135.0,R,52.0,R,321.0,R,0.0,R,321.0,R,133.0,R,41.0,R,19.0
171234,2014,R,175.0,R,752.0,R,23.0,R,96.0,R,0.0,R,96.0,R,53.0,R,55.0,R,93.0,R,0.0,R,93.0,R,49.0,R,53.0,R,16.0
171261,2014,A,,A,,A,,R,21.0,R,0.0,R,21.0,R,16.0,R,76.0,R,17.0,R,0.0,R,17.0,R,13.0,R,76.0,R,20.0
171298,2014,R,498.0,R,980.0,R,51.0,R,57.0,Z,0.0,R,57.0,R,28.0,R,49.0,R,0.0,Z,0.0,R,0.0,R,0.0,A,,R,33.0
171304,2014,R,560.0,R,1648.0,R,34.0,R,491.0,R,0.0,R,491.0,R,285.0,R,58.0,R,374.0,R,0.0,R,374.0,R,179.0,R,48.0,R,20.0
171313,2014,A,,A,,A,,A,,A,,A,,A,,A,,A,,A,,A,,A,,A,,R,30.0
171322,2014,A,,A,,A,,R,91.0,R,0.0,R,91.0,R,57.0,R,63.0,A,,A,,A,,A,,A,,R,40.0
171395,2014,R,227.0,R,398.0,R,57.0,R,254.0,R,0.0,R,254.0,R,149.0,R,59.0,R,495.0,R,0.0,R,495.0,R,197.0,R,40.0,R,16.0
171456,2014,R,1572.0,R,2113.0,R,74.0,R,1222.0,R,1.0,R,1221.0,R,888.0,R,73.0,R,12.0,R,0.0,R,12.0,R,2.0,R,17.0,R,21.0
171465,2014,A,,A,,A,,R,10.0,Z,0.0,R,10.0,R,8.0,R,80.0,A,,A,,A,,A,,A,,R,15.0
171483,2014,R,541.0,R,1177.0,R,46.0,R,0.0,R,0.0,R,0.0,R,0.0,A,,R,0.0,R,0.0,R,0.0,R,0.0,A,,R,18.0
171492,2014,R,338.0,R,891.0,R,38.0,R,298.0,R,3.0,R,295.0,R,230.0,R,78.0,R,0.0,Z,0.0,R,0.0,R,0.0,A,,R,16.0
171535,2014,R,1093.0,R,4868.0,R,22.0,R,1179.0,R,1.0,R,1178.0,R,570.0,R,48.0,R,1233.0,R,0.0,R,1233.0,R,487.0,R,39.0,R,25.0
171571,2014,R,2410.0,R,4749.0,R,51.0,R,2453.0,R,3.0,R,2450.0,R,1915.0,R,78.0,R,116.0,R,0.0,R,116.0,R,58.0,R,50.0,R,21.0
171599,2014,R,225.0,R,368.0,R,61.0,R,278.0,R,2.0,R,276.0,R,164.0,R,59.0,R,1.0,R,0.0,R,1.0,R,1.0,R,100.0,R,16.0
171775,2014,A,,A,,A,,R,12.0,R,0.0,R,12.0,R,7.0,R,58.0,R,4.0,R,0.0,R,4.0,R,3.0,R,75.0,R,16.0
171881,2014,R,53.0,R,95.0,R,56.0,R,37.0,R,0.0,R,37.0,R,22.0,R,59.0,R,0.0,R,0.0,R,0.0,R,0.0,A,,R,11.0
171988,2014,A,,A,,A,,R,48.0,R,0.0,R,48.0,R,39.0,R,81.0,A,,A,,A,,A,,A,,R,19.0
171997,2014,A,,A,,A,,R,72.0,R,0.0,R,72.0,R,62.0,R,86.0,A,,A,,A,,A,,A,,R,23.0
172015,2014,A,,A,,A,,R,83.0,R,0.0,R,83.0,R,66.0,R,80.0,A,,A,,A,,A,,A,,R,38.0
172033,2014,R,3.0,R,89.0,R,3.0,R,1.0,R,0.0,R,1.0,R,1.0,R,100.0,R,0.0,R,0.0,R,0.0,R,0.0,A,,R,6.0
172051,2014,R,1485.0,R,2305.0,R,64.0,R,1582.0,R,0.0,R,1582.0,R,1118.0,R,71.0,R,11.0,R,0.0,R,11.0,R,4.0,R,36.0,R,18.0
172200,2014,R,1204.0,R,5477.0,R,22.0,R,1107.0,R,0.0,R,1107.0,R,667.0,R,60.0,R,829.0,R,0.0,R,829.0,R,350.0,R,42.0,R,25.0
172264,2014,R,272.0,R,836.0,R,33.0,R,300.0,Z,0.0,R,300.0,R,189.0,R,63.0,R,1.0,Z,0.0,R,1.0,R,1.0,R,100.0,R,11.0
172291,2014,R,497.0,R,1443.0,R,34.0,R,525.0,R,0.0,R,525.0,R,288.0,R,55.0,R,232.0,R,0.0,R,232.0,R,103.0,R,44.0,R,18.0
172307,2014,R,533.0,R,799.0,R,67.0,R,615.0,R,0.0,R,615.0,R,329.0,R,53.0,R,150.0,R,0.0,R,150.0,R,59.0,R,39.0,R,17.0
172325,2014,A,,A,,A,,A,,A,,A,,A,,A,,R,180.0,R,0.0,R,180.0,R,132.0,R,73.0,R,9.0
172334,2014,R,337.0,R,778.0,R,43.0,R,366.0,R,0.0,R,366.0,R,283.0,R,77.0,R,2.0,Z,0.0,R,2.0,R,0.0,R,0.0,R,12.0
172422,2014,A,,A,,A,,R,129.0,R,0.0,R,129.0,R,121.0,R,94.0,A,,A,,A,,A,,A,,R,11.0
172440,2014,R,105.0,R,200.0,R,53.0,R,75.0,R,0.0,R,75.0,R,45.0,R,60.0,R,2.0,R,0.0,R,2.0,R,0.0,R,0.0,R,9.0
172495,2014,A,,A,,A,,R,59.0,R,0.0,R,59.0,R,31.0,R,53.0,R,4.0,Z,0.0,R,4.0,R,2.0,R,50.0,R,6.0
172608,2014,A,,A,,A,,A,,A,,A,,A,,A,,A,,A,,A,,A,,A,,R,12.0
172617,2014,R,745.0,R,2887.0,R,26.0,R,777.0,R,1.0,R,776.0,R,487.0,R,63.0,R,944.0,R,0.0,R,944.0,R,471.0,R,50.0,R,19.0
172635,2014,R,963.0,R,6756.0,R,14.0,R,1225.0,R,0.0,R,1225.0,R,391.0,R,32.0,R,2390.0,R,0.0,R,2390.0,R,721.0,R,30.0,R,24.0
172644,2014,R,2101.0,R,4975.0,R,42.0,R,2075.0,R,7.0,R,2068.0,R,1566.0,R,76.0,R,91.0,Z,0.0,R,91.0,R,35.0,R,38.0,R,15.0
172671,2014,R,144.0,R,258.0,R,56.0,R,155.0,R,0.0,R,155.0,R,101.0,R,65.0,R,86.0,R,0.0,R,86.0,R,33.0,R,38.0,R,13.0
172680,2014,A,,A,,A,,R,1.0,R,0.0,R,1.0,R,1.0,R,100.0,R,1.0,R,0.0,R,1.0,R,1.0,R,100.0,R,7.0
172699,2014,R,2970.0,R,4992.0,R,59.0,R,3158.0,R,2.0,R,3156.0,R,2446.0,R,78.0,R,32.0,R,0.0,R,32.0,R,14.0,R,44.0,R,18.0
172802,2014,A,,A,,A,,R,1.0,R,0.0,R,1.0,R,1.0,R,100.0,R,13.0,R,0.0,R,13.0,R,10.0,R,77.0,R,11.0
172866,2014,A,,A,,A,,R,0.0,R,0.0,R,0.0,R,0.0,A,,R,0.0,R,0.0,R,0.0,R,0.0,A,,R,8.0
172918,2014,R,468.0,R,1413.0,R,33.0,R,508.0,R,0.0,R,508.0,R,367.0,R,72.0,R,47.0,R,0.0,R,47.0,R,25.0,R,53.0,R,23.0
172927,2014,A,,A,,A,,A,,A,,A,,A,,A,,A,,A,,A,,A,,A,,R,15.0
172954,2014,R,190.0,R,893.0,R,21.0,R,214.0,R,0.0,R,214.0,R,109.0,R,51.0,R,94.0,R,0.0,R,94.0,R,41.0,R,44.0,R,21.0
172963,2014,R,759.0,R,3161.0,R,24.0,R,783.0,R,0.0,R,783.0,R,443.0,R,57.0,R,509.0,R,0.0,R,509.0,R,232.0,R,46.0,R,28.0
173045,2014,R,391.0,R,672.0,R,58.0,R,463.0,R,0.0,R,463.0,R,347.0,R,75.0,R,3.0,R,1.0,R,2.0,R,1.0,R,50.0,R,12.0
173063,2014,R,342.0,R,1210.0,R,28.0,R,372.0,R,0.0,R,372.0,R,218.0,R,59.0,R,116.0,R,0.0,R,116.0,R,55.0,R,47.0,R,20.0
173115,2014,R,78.0,R,510.0,R,15.0,R,77.0,R,0.0,R,77.0,R,42.0,R,55.0,R,46.0,R,0.0,R,46.0,R,20.0,R,43.0,R,17.0
173124,2014,R,787.0,R,1625.0,R,48.0,R,816.0,R,0.0,R,816.0,R,555.0,R,68.0,R,12.0,R,0.0,R,12.0,R,6.0,R,50.0,R,22.0
173142,2014,R,141.0,R,160.0,R,88.0,R,146.0,R,0.0,R,146.0,R,104.0,R,71.0,R,1.0,R,0.0,R,1.0,R,1.0,R,100.0,R,9.0
173160,2014,R,602.0,R,865.0,R,70.0,R,610.0,R,0.0,R,610.0,R,509.0,R,83.0,R,2.0,R,0.0,R,2.0,R,1.0,R,50.0,R,12.0
173203,2014,R,500.0,R,2048.0,R,24.0,R,557.0,R,0.0,R,557.0,R,303.0,R,54.0,R,123.0,R,0.0,R,123.0,R,41.0,R,33.0,R,25.0
173258,2014,R,521.0,R,531.0,R,98.0,R,527.0,R,0.0,R,527.0,R,510.0,R,97.0,A,,A,,A,,A,,A,,R,9.0
173300,2014,R,540.0,R,651.0,R,83.0,R,684.0,R,0.0,R,684.0,R,565.0,R,83.0,A,,A,,A,,A,,A,,R,12.0
173328,2014,R,242.0,R,990.0,R,24.0,R,281.0,R,0.0,R,281.0,R,194.0,R,69.0,R,0.0,R,0.0,R,0.0,R,0.0,A,,R,15.0
173416,2014,R,349.0,R,1140.0,R,31.0,R,325.0,R,0.0,R,325.0,R,198.0,R,61.0,R,115.0,R,0.0,R,115.0,R,48.0,R,42.0,R,20.0
173452,2014,R,188.0,R,205.0,R,92.0,R,164.0,R,1.0,R,163.0,R,131.0,R,80.0,R,0.0,R,0.0,R,0.0,R,0.0,A,,R,14.0
173461,2014,R,383.0,R,1989.0,R,19.0,R,442.0,R,0.0,R,442.0,R,253.0,R,57.0,R,264.0,R,0.0,R,264.0,R,122.0,R,46.0,R,22.0
173470,2014,A,,A,,A,,R,10.0,Z,0.0,R,10.0,R,8.0,R,80.0,A,,A,,A,,A,,A,,R,8.0
173489,2014,R,14.0,R,59.0,R,24.0,R,2.0,R,0.0,R,2.0,R,2.0,R,100.0,R,0.0,R,0.0,R,0.0,R,0.0,A,,R,9.0
173559,2014,R,739.0,R,2725.0,R,27.0,R,808.0,R,0.0,R,808.0,R,463.0,R,57.0,R,205.0,R,0.0,R,205.0,R,97.0,R,47.0,R,21.0
173629,2014,R,45.0,R,218.0,R,21.0,R,17.0,R,0.0,R,17.0,R,9.0,R,53.0,R,1.0,R,0.0,R,1.0,R,1.0,R,100.0,R,13.0
173638,2014,R,256.0,R,1244.0,R,21.0,R,287.0,R,0.0,R,287.0,R,189.0,R,66.0,R,71.0,R,0.0,R,71.0,R,41.0,R,58.0,R,20.0
173647,2014,R,613.0,R,661.0,R,93.0,R,610.0,R,4.0,R,606.0,R,549.0,R,91.0,A,,A,,A,,A,,A,,R,11.0
173665,2014,R,521.0,R,717.0,R,73.0,R,536.0,R,2.0,R,534.0,R,444.0,R,83.0,R,0.0,Z,0.0,R,0.0,Z,0.0,A,,R,13.0
173683,2014,A,,A,,A,,A,,A,,A,,A,,A,,A,,A,,A,,A,,A,,R,19.0
173708,2014,R,318.0,R,1987.0,R,16.0,R,374.0,R,0.0,R,374.0,R,251.0,R,67.0,R,341.0,R,0.0,R,341.0,R,164.0,R,48.0,R,21.0
173726,2014,A,,A,,A,,R,8.0,Z,0.0,R,8.0,R,4.0,R,50.0,A,,A,,A,,A,,A,,R,10.0
173735,2014,R,201.0,R,600.0,R,34.0,R,239.0,R,0.0,R,239.0,R,130.0,R,54.0,R,18.0,R,0.0,R,18.0,R,7.0,R,39.0,R,17.0
173744,2014,A,,A,,A,,R,213.0,R,0.0,R,213.0,R,203.0,R,95.0,A,,A,,A,,A,,A,,R,17.0
173799,2014,R,464.0,R,2450.0,R,19.0,R,468.0,R,0.0,R,468.0,R,250.0,R,53.0,R,319.0,R,0.0,R,319.0,R,133.0,R,42.0,R,24.0
173805,2014,R,198.0,R,593.0,R,33.0,R,232.0,R,0.0,R,232.0,R,147.0,R,63.0,R,25.0,R,0.0,R,25.0,R,7.0,R,28.0,R,23.0
173887,2014,R,99.0,R,257.0,R,39.0,R,133.0,Z,0.0,R,133.0,R,55.0,R,41.0,R,20.0,Z,0.0,R,20.0,R,10.0,R,50.0,R,17.0
173902,2014,R,541.0,R,573.0,R,94.0,R,555.0,R,0.0,R,555.0,R,524.0,R,94.0,A,,A,,A,,A,,A,,R,10.0
173911,2014,R,455.0,R,1237.0,R,37.0,R,404.0,R,0.0,R,404.0,R,259.0,R,64.0,R,109.0,R,0.0,R,109.0,R,46.0,R,42.0,R,18.0
173920,2014,R,2273.0,R,4156.0,R,55.0,R,2436.0,R,0.0,R,2436.0,R,1789.0,R,73.0,R,16.0,R,0.0,R,16.0,R,4.0,R,25.0,R,23.0
173939,2014,A,,A,,A,,R,44.0,R,0.0,R,44.0,R,28.0,R,64.0,R,12.0,R,0.0,R,12.0,R,9.0,R,75.0,R,8.0
173966,2014,A,,A,,A,,A,,A,,A,,A,,A,,A,,A,,A,,A,,A,,R,8.0
173984,2014,R,28.0,R,298.0,R,9.0,R,8.0,Z,0.0,R,8.0,R,3.0,R,38.0,R,13.0,Z,0.0,R,13.0,R,3.0,R,23.0,R,7.0
173993,2014,R,169.0,R,620.0,R,27.0,R,206.0,R,0.0,R,206.0,R,111.0,R,54.0,R,21.0,R,0.0,R,21.0,R,8.0,R,38.0,R,20.0
174020,2014,R,61.0,R,2056.0,R,3.0,R,64.0,R,0.0,R,64.0,R,45.0,R,70.0,R,36.0,R,0.0,R,36.0,R,24.0,R,67.0,R,17.0
174066,2014,R,5521.0,R,10383.0,R,53.0,R,5538.0,R,0.0,R,5538.0,R,5120.0,R,92.0,R,6.0,R,0.0,R,6.0,R,5.0,R,83.0,R,17.0
174075,2014,R,263.0,R,1182.0,R,22.0,R,200.0,R,0.0,R,200.0,R,132.0,R,66.0,R,13.0,R,0.0,R,13.0,R,7.0,R,54.0,R,21.0
174118,2014,R,120.0,R,165.0,R,73.0,R,126.0,R,0.0,R,126.0,R,106.0,R,84.0,A,,A,,A,,A,,A,,R,30.0
174127,2014,R,120.0,R,202.0,R,59.0,R,115.0,R,0.0,R,115.0,R,96.0,R,83.0,R,1.0,R,0.0,R,1.0,R,1.0,R,100.0,R,13.0
174136,2014,R,651.0,R,3194.0,R,20.0,R,662.0,R,0.0,R,662.0,R,323.0,R,49.0,R,607.0,R,0.0,R,607.0,R,253.0,R,42.0,R,24.0
174154,2014,R,17.0,R,71.0,R,24.0,R,1.0,Z,0.0,R,1.0,R,1.0,R,100.0,R,0.0,Z,0.0,R,0.0,Z,0.0,A,,R,11.0
174190,2014,A,,A,,A,,R,34.0,R,0.0,R,34.0,R,26.0,R,76.0,A,,A,,A,,A,,A,,R,12.0
174206,2014,R,24.0,R,56.0,R,43.0,R,11.0,Z,0.0,R,11.0,R,6.0,R,55.0,R,1.0,Z,0.0,R,1.0,Z,0.0,R,0.0,R,10.0
174233,2014,R,2187.0,R,3365.0,R,65.0,R,2049.0,R,0.0,R,2049.0,R,1579.0,R,77.0,R,4.0,R,0.0,R,4.0,R,1.0,R,25.0,R,18.0
174251,2014,R,411.0,R,611.0,R,67.0,R,468.0,R,0.0,R,468.0,R,369.0,R,79.0,R,1.0,R,0.0,R,1.0,R,1.0,R,100.0,R,13.0
174279,2014,R,32.0,R,181.0,R,18.0,R,23.0,R,0.0,R,23.0,R,5.0,R,22.0,R,2.0,R,0.0,R,2.0,R,0.0,R,0.0,R,11.0
174321,2014,A,,A,,A,,R,24.0,R,0.0,R,24.0,R,22.0,R,92.0,R,1.0,R,0.0,R,1.0,R,1.0,R,100.0,R,10.0
174358,2014,R,886.0,R,1621.0,R,55.0,R,944.0,R,0.0,R,944.0,R,667.0,R,71.0,R,43.0,R,0.0,R,43.0,R,26.0,R,60.0,R,20.0
174376,2014,R,424.0,R,2561.0,R,17.0,R,417.0,R,0.0,R,417.0,R,209.0,R,50.0,R,498.0,R,0.0,R,498.0,R,245.0,R,49.0,R,24.0
174385,2014,A,,A,,A,,R,0.0,R,0.0,R,0.0,R,0.0,A,,R,29.0,R,0.0,R,29.0,R,5.0,R,17.0,R,13.0
174394,2014,R,5.0,R,23.0,R,22.0,R,1.0,Z,0.0,R,1.0,R,0.0,R,0.0,R,0.0,Z,0.0,R,0.0,R,0.0,A,,R,5.0
174428,2014,R,878.0,R,3812.0,R,23.0,R,859.0,R,0.0,R,859.0,R,512.0,R,60.0,R,514.0,R,0.0,R,514.0,R,249.0,R,48.0,R,26.0
174437,2014,R,215.0,R,411.0,R,52.0,R,246.0,R,0.0,R,246.0,R,169.0,R,69.0,A,,A,,A,,A,,A,,R,15.0
174473,2014,R,297.0,R,1425.0,R,21.0,R,422.0,R,0.0,R,422.0,R,236.0,R,56.0,R,110.0,R,0.0,R,110.0,R,49.0,R,45.0,R,20.0
174491,2014,R,430.0,R,1436.0,R,30.0,R,464.0,R,0.0,R,464.0,R,372.0,R,80.0,R,4.0,R,0.0,R,4.0,R,4.0,R,100.0,R,18.0
174507,2014,R,3.0,R,67.0,R,4.0,R,2.0,R,0.0,R,2.0,R,1.0,R,50.0,R,0.0,R,0.0,R,0.0,R,0.0,A,,R,7.0
174525,2014,R,28.0,R,47.0,R,60.0,R,21.0,R,0.0,R,21.0,R,15.0,R,71.0,R,0.0,R,0.0,R,0.0,R,0.0,A,,R,16.0
174534,2014,A,,A,,A,,R,34.0,R,0.0,R,34.0,R,23.0,R,68.0,R,7.0,R,0.0,R,7.0,R,3.0,R,43.0,R,11.0
174570,2014,R,56.0,R,539.0,R,10.0,R,46.0,R,0.0,R,46.0,R,22.0,R,48.0,R,72.0,R,0.0,R,72.0,R,37.0,R,51.0,R,17.0
174604,2014,R,74.0,R,176.0,R,42.0,R,60.0,R,0.0,R,60.0,R,30.0,R,50.0,R,6.0,R,0.0,R,6.0,R,0.0,R,0.0,R,21.0
174738,2014,R,750.0,R,2130.0,R,35.0,R,768.0,R,0.0,R,768.0,R,423.0,R,55.0,R,283.0,R,0.0,R,283.0,R,123.0,R,43.0,R,21.0
174747,2014,R,542.0,R,585.0,R,93.0,R,538.0,R,0.0,R,538.0,R,474.0,R,88.0,R,0.0,R,0.0,R,0.0,R,0.0,A,,R,12.0
174756,2014,R,608.0,R,2128.0,R,29.0,R,524.0,R,0.0,R,524.0,R,281.0,R,54.0,R,452.0,R,0.0,R,452.0,R,191.0,R,42.0,R,23.0
174765,2014,A,,A,,A,,R,23.0,R,0.0,R,23.0,R,17.0,R,74.0,A,,A,,A,,A,,A,,R,9.0
174783,2014,R,1650.0,R,5283.0,R,31.0,R,1659.0,R,0.0,R,1659.0,R,1206.0,R,73.0,R,42.0,R,0.0,R,42.0,R,21.0,R,50.0,R,22.0
174792,2014,R,450.0,R,484.0,R,93.0,R,497.0,R,0.0,R,497.0,R,436.0,R,88.0,R,0.0,R,0.0,R,0.0,R,0.0,A,,R,12.0
174817,2014,R,334.0,R,562.0,R,59.0,R,307.0,R,0.0,R,307.0,R,241.0,R,79.0,R,0.0,R,0.0,R,0.0,R,0.0,A,,R,16.0
174844,2014,R,765.0,R,825.0,R,93.0,R,752.0,R,0.0,R,752.0,R,697.0,R,93.0,A,,A,,A,,A,,A,,R,11.0
174862,2014,R,139.0,R,282.0,R,49.0,R,198.0,R,0.0,R,198.0,R,131.0,R,66.0,R,12.0,R,0.0,R,12.0,R,3.0,R,25.0,R,18.0
174899,2014,R,460.0,R,871.0,R,53.0,R,431.0,R,0.0,R,431.0,R,360.0,R,84.0,R,0.0,R,0.0,R,0.0,R,0.0,A,,R,14.0
174914,2014,R,1408.0,R,1691.0,R,83.0,R,1368.0,R,0.0,R,1368.0,R,1166.0,R,85.0,R,0.0,R,0.0,R,0.0,R,0.0,A,,R,15.0
174978,2014,A,,A,,A,,R,32.0,R,0.0,R,32.0,R,21.0,R,66.0,R,5.0,R,0.0,R,5.0,R,3.0,R,60.0,R,13.0
175005,2014,R,456.0,R,1147.0,R,40.0,R,369.0,R,1.0,R,368.0,R,286.0,R,78.0,R,4.0,R,0.0,R,4.0,R,3.0,R,75.0,R,11.0
175014,2014,R,115.0,R,1292.0,R,9.0,R,38.0,Z,0.0,R,38.0,R,15.0,R,39.0,R,5.0,Z,0.0,R,5.0,R,2.0,R,40.0,R,18.0
175041,2014,R,661.0,R,2382.0,R,28.0,R,699.0,R,0.0,R,699.0,R,383.0,R,55.0,R,547.0,R,0.0,R,547.0,R,181.0,R,33.0,R,26.0
175078,2014,R,469.0,R,3847.0,R,12.0,R,445.0,R,0.0,R,445.0,R,305.0,R,69.0,R,4.0,R,0.0,R,4.0,R,1.0,R,25.0,R,29.0
175120,2014,A,,A,,A,,A,,A,,A,,A,,A,,A,,A,,A,,A,,A,,R,18.0
175157,2014,R,149.0,R,367.0,R,41.0,R,162.0,R,0.0,R,162.0,R,98.0,R,60.0,R,1.0,R,0.0,R,1.0,R,1.0,R,100.0,R,23.0
175227,2014,R,201.0,R,428.0,R,47.0,R,1.0,R,0.0,R,1.0,R,0.0,R,0.0,R,0.0,R,0.0,R,0.0,R,0.0,A,,R,10.0
175236,2014,R,551.0,R,1547.0,R,36.0,R,605.0,R,0.0,R,605.0,R,383.0,R,63.0,R,134.0,R,0.0,R,134.0,R,51.0,R,38.0,R,21.0
175263,2014,R,173.0,R,846.0,R,20.0,R,206.0,R,0.0,R,206.0,R,117.0,R,57.0,R,92.0,R,0.0,R,92.0,R,36.0,R,39.0,R,16.0
175272,2014,R,1631.0,R,2340.0,R,70.0,R,1630.0,R,0.0,R,1630.0,R,1246.0,R,76.0,R,11.0,R,0.0,R,11.0,R,3.0,R,27.0,R,20.0
175315,2014,R,718.0,R,3008.0,R,24.0,R,812.0,R,0.0,R,812.0,R,457.0,R,56.0,R,598.0,R,0.0,R,598.0,R,263.0,R,44.0,R,24.0
175342,2014,R,494.0,R,626.0,R,79.0,R,545.0,R,0.0,R,545.0,R,414.0,R,76.0,R,29.0,R,0.0,R,29.0,R,5.0,R,17.0,R,16.0
175421,2014,R,285.0,R,833.0,R,34.0,R,217.0,R,0.0,R,217.0,R,143.0,R,66.0,R,63.0,R,0.0,R,63.0,R,24.0,R,38.0,R,12.0
175430,2014,R,74.0,R,188.0,R,39.0,R,81.0,R,0.0,R,81.0,R,51.0,R,63.0,R,4.0,R,0.0,R,4.0,R,1.0,R,25.0,R,12.0
175494,2014,A,,A,,A,,R,26.0,R,2.0,R,24.0,R,18.0,R,75.0,A,,A,,A,,A,,A,,R,10.0
175519,2014,R,507.0,R,776.0,R,65.0,R,523.0,R,0.0,R,523.0,R,274.0,R,52.0,R,50.0,R,0.0,R,50.0,R,12.0,R,24.0,R,26.0
175528,2014,R,37.0,R,95.0,R,39.0,R,44.0,Z,0.0,R,44.0,R,16.0,R,36.0,R,4.0,Z,0.0,R,4.0,R,2.0,R,50.0,R,12.0
175573,2014,R,783.0,R,1310.0,R,60.0,R,655.0,R,0.0,R,655.0,R,411.0,R,63.0,R,37.0,R,0.0,R,37.0,R,4.0,R,11.0,R,23.0
175591,2014,A,,A,,A,,R,2.0,R,1.0,R,1.0,R,1.0,R,100.0,A,,A,,A,,A,,A,,R,9.0
175607,2014,A,,A,,A,,R,3.0,R,0.0,R,3.0,R,2.0,R,67.0,A,,A,,A,,A,,A,,R,20.0
175616,2014,R,405.0,R,1035.0,R,39.0,R,374.0,R,0.0,R,374.0,R,252.0,R,67.0,R,2.0,R,0.0,R,2.0,R,0.0,R,0.0,R,14.0
175643,2014,R,781.0,R,1200.0,R,65.0,R,739.0,R,0.0,R,739.0,R,449.0,R,61.0,R,35.0,R,0.0,R,35.0,R,10.0,R,29.0,R,22.0
175652,2014,R,798.0,R,2097.0,R,38.0,R,733.0,R,0.0,R,733.0,R,532.0,R,73.0,R,350.0,Z,0.0,R,350.0,R,111.0,R,32.0,R,12.0
175698,2014,A,,A,,A,,R,10.0,R,0.0,R,10.0,R,8.0,R,80.0,R,2.0,R,0.0,R,2.0,R,2.0,R,100.0,R,5.0
175722,2014,A,,A,,A,,R,7.0,R,0.0,R,7.0,R,5.0,R,71.0,A,,A,,A,,A,,A,,R,12.0
175786,2014,R,2388.0,R,4843.0,R,49.0,R,2745.0,R,0.0,R,2745.0,R,1488.0,R,54.0,R,197.0,R,0.0,R,197.0,R,68.0,R,35.0,R,18.0
175810,2014,R,961.0,R,2246.0,R,43.0,R,1038.0,R,0.0,R,1038.0,R,602.0,R,58.0,R,403.0,R,0.0,R,403.0,R,88.0,R,22.0,R,18.0
175829,2014,R,1213.0,R,2893.0,R,42.0,R,1436.0,Z,0.0,R,1436.0,R,1041.0,R,72.0,R,141.0,Z,0.0,R,141.0,R,24.0,R,17.0,R,19.0
175856,2014,R,1170.0,R,2000.0,R,59.0,R,1095.0,R,0.0,R,1095.0,R,852.0,R,78.0,R,8.0,R,0.0,R,8.0,R,5.0,R,63.0,R,15.0
175883,2014,R,1090.0,R,1756.0,R,62.0,R,1285.0,R,0.0,R,1285.0,R,644.0,R,50.0,R,311.0,Z,0.0,R,311.0,R,147.0,R,47.0,R,25.0
175935,2014,R,521.0,R,1735.0,R,30.0,R,503.0,R,0.0,R,503.0,R,303.0,R,60.0,R,110.0,Z,0.0,R,110.0,R,20.0,R,18.0,R,21.0
175980,2014,R,236.0,R,268.0,R,88.0,R,171.0,R,0.0,R,171.0,R,137.0,R,80.0,A,,A,,A,,A,,A,,R,9.0
176008,2014,R,628.0,R,1050.0,R,60.0,R,688.0,R,0.0,R,688.0,R,392.0,R,57.0,R,50.0,R,0.0,R,50.0,R,24.0,R,48.0,R,18.0
176017,2014,R,3762.0,R,5523.0,R,68.0,R,3564.0,R,4.0,R,3560.0,R,3015.0,R,85.0,R,18.0,R,0.0,R,18.0,R,7.0,R,39.0,R,18.0
176035,2014,R,242.0,R,912.0,R,27.0,R,180.0,R,0.0,R,180.0,R,125.0,R,69.0,R,1.0,R,0.0,R,1.0,R,1.0,R,100.0,R,14.0
176044,2014,R,387.0,R,663.0,R,58.0,R,459.0,R,0.0,R,459.0,R,297.0,R,65.0,R,34.0,R,0.0,R,34.0,R,9.0,R,26.0,R,14.0
176053,2014,R,577.0,R,919.0,R,63.0,R,588.0,R,0.0,R,588.0,R,421.0,R,72.0,R,10.0,R,0.0,R,10.0,R,4.0,R,40.0,R,15.0
176062,2014,A,,A,,A,,R,11.0,R,0.0,R,11.0,R,10.0,R,91.0,A,,A,,A,,A,,A,,R,20.0
176071,2014,R,1623.0,R,4968.0,R,33.0,R,2085.0,R,6.0,R,2079.0,R,1308.0,R,63.0,R,378.0,R,1.0,R,377.0,R,87.0,R,23.0,R,22.0
176080,2014,R,2964.0,R,4709.0,R,63.0,R,3149.0,R,1.0,R,3148.0,R,2524.0,R,80.0,R,7.0,R,1.0,R,6.0,R,3.0,R,50.0,R,19.0
176169,2014,R,1079.0,R,1691.0,R,64.0,R,1030.0,R,0.0,R,1030.0,R,688.0,R,67.0,R,57.0,R,0.0,R,57.0,R,45.0,R,79.0,R,22.0
176178,2014,R,1480.0,R,2732.0,R,54.0,R,1761.0,R,0.0,R,1761.0,R,1040.0,R,59.0,R,166.0,R,0.0,R,166.0,R,43.0,R,26.0,R,23.0
176239,2014,R,884.0,R,1793.0,R,49.0,R,977.0,R,29.0,R,948.0,R,566.0,R,60.0,R,531.0,R,2.0,R,529.0,R,157.0,R,30.0,R,16.0
176318,2014,R,286.0,R,286.0,R,100.0,R,267.0,R,0.0,R,267.0,R,189.0,R,71.0,A,,A,,A,,A,,A,,R,19.0
176336,2014,R,11.0,R,14.0,R,79.0,R,3.0,R,2.0,R,1.0,R,1.0,R,100.0,R,0.0,R,0.0,R,0.0,R,0.0,A,,R,6.0
176354,2014,R,575.0,R,853.0,R,67.0,R,646.0,R,0.0,R,646.0,R,389.0,R,60.0,R,17.0,R,0.0,R,17.0,R,10.0,R,59.0,R,24.0
176372,2014,R,1597.0,R,3172.0,R,50.0,R,1726.0,R,1.0,R,1725.0,R,1278.0,R,74.0,R,20.0,R,0.0,R,20.0,R,6.0,R,30.0,R,17.0
176390,2014,A,,A,,A,,R,37.0,R,0.0,R,37.0,R,25.0,R,68.0,A,,A,,A,,A,,A,,R,17.0
176406,2014,R,169.0,R,252.0,R,67.0,R,153.0,R,0.0,R,153.0,R,126.0,R,82.0,R,0.0,R,0.0,R,0.0,R,0.0,A,,R,11.0
176479,2014,R,160.0,R,800.0,R,20.0,R,179.0,R,0.0,R,179.0,R,129.0,R,72.0,R,3.0,R,0.0,R,3.0,R,3.0,R,100.0,R,15.0
176628,2014,R,204.0,R,400.0,R,51.0,R,182.0,R,0.0,R,182.0,R,129.0,R,71.0,A,,A,,A,,A,,A,,R,12.0
176637,2014,R,55.0,R,71.0,R,77.0,R,1.0,R,0.0,R,1.0,R,1.0,R,100.0,R,0.0,R,0.0,R,0.0,R,0.0,A,,R,15.0
176664,2014,R,76.0,R,107.0,R,71.0,R,55.0,R,0.0,R,55.0,R,38.0,R,69.0,R,1.0,R,0.0,R,1.0,R,1.0,R,100.0,R,14.0
176716,2014,A,,A,,A,,R,15.0,R,0.0,R,15.0,R,13.0,R,87.0,R,0.0,R,0.0,R,0.0,R,0.0,A,,R,25.0
176770,2014,R,7.0,R,188.0,R,4.0,R,7.0,R,0.0,R,7.0,R,2.0,R,29.0,R,6.0,R,0.0,R,6.0,R,0.0,R,0.0,R,11.0
176789,2014,R,36.0,R,84.0,R,43.0,R,37.0,R,0.0,R,37.0,R,20.0,R,54.0,R,4.0,R,0.0,R,4.0,R,2.0,R,50.0,R,7.0
176798,2014,A,,A,,A,,R,14.0,Z,0.0,R,14.0,R,10.0,R,71.0,R,35.0,Z,0.0,R,35.0,R,31.0,R,89.0,R,12.0
176910,2014,R,55.0,R,88.0,R,63.0,R,48.0,R,0.0,R,48.0,R,37.0,R,77.0,R,15.0,R,0.0,R,15.0,R,5.0,R,33.0,R,16.0
176947,2014,R,331.0,R,454.0,R,73.0,R,291.0,R,0.0,R,291.0,R,186.0,R,64.0,A,,A,,A,,A,,A,,R,14.0
176965,2014,R,1687.0,R,3256.0,R,52.0,R,1746.0,R,1.0,R,1745.0,R,1217.0,R,70.0,R,23.0,R,0.0,R,23.0,R,8.0,R,35.0,R,20.0
176983,2014,A,,A,,A,,R,46.0,R,0.0,R,46.0,R,39.0,R,85.0,R,0.0,R,0.0,R,0.0,R,0.0,A,,R,3.0
176992,2014,A,,A,,A,,R,8.0,Z,0.0,R,8.0,R,6.0,R,75.0,A,,A,,A,,A,,A,,R,15.0
177038,2014,R,2.0,R,26.0,R,8.0,R,0.0,Z,0.0,R,0.0,Z,0.0,A,,R,0.0,Z,0.0,R,0.0,Z,0.0,A,,R,4.0
177056,2014,A,,A,,A,,R,8.0,R,0.0,R,8.0,R,8.0,R,100.0,R,13.0,Z,0.0,R,13.0,R,12.0,R,92.0,R,4.0
177065,2014,R,627.0,R,2695.0,R,23.0,R,394.0,R,0.0,R,394.0,R,230.0,R,58.0,R,126.0,R,0.0,R,126.0,R,42.0,R,33.0,R,34.0
177083,2014,R,16.0,R,87.0,R,18.0,R,19.0,R,0.0,R,19.0,R,16.0,R,84.0,A,,A,,A,,A,,A,,R,4.0
177117,2014,R,130.0,R,137.0,R,95.0,R,124.0,R,0.0,R,124.0,R,82.0,R,66.0,R,0.0,R,0.0,R,0.0,R,0.0,A,,R,7.0
177135,2014,R,1041.0,R,2476.0,R,42.0,R,967.0,R,0.0,R,967.0,R,615.0,R,64.0,R,319.0,R,0.0,R,319.0,R,122.0,R,38.0,R,15.0
177144,2014,R,290.0,R,388.0,R,75.0,R,220.0,R,0.0,R,220.0,R,167.0,R,76.0,R,0.0,R,0.0,R,0.0,R,0.0,A,,R,15.0
177214,2014,R,400.0,R,869.0,R,46.0,R,433.0,R,0.0,R,433.0,R,366.0,R,85.0,R,86.0,R,0.0,R,86.0,R,38.0,R,44.0,R,19.0
177250,2014,R,578.0,R,1379.0,R,42.0,R,624.0,R,0.0,R,624.0,R,354.0,R,57.0,R,149.0,R,0.0,R,149.0,R,56.0,R,38.0,R,19.0
177287,2014,A,,A,,A,,R,40.0,R,0.0,R,40.0,R,23.0,R,58.0,R,7.0,R,0.0,R,7.0,R,6.0,R,86.0,R,15.0
177302,2014,R,445.0,R,445.0,R,100.0,R,338.0,R,0.0,R,338.0,R,194.0,R,57.0,A,,A,,A,,A,,A,,R,30.0
177339,2014,R,329.0,R,442.0,R,74.0,R,458.0,R,0.0,R,458.0,R,344.0,R,75.0,R,2.0,R,0.0,R,2.0,R,0.0,R,0.0,R,14.0
177418,2014,R,111.0,R,329.0,R,34.0,R,157.0,R,0.0,R,157.0,R,107.0,R,68.0,R,3.0,R,0.0,R,3.0,R,0.0,R,0.0,R,11.0
177436,2014,A,,A,,A,,R,34.0,R,0.0,R,34.0,R,24.0,R,71.0,R,7.0,R,0.0,R,7.0,R,5.0,R,71.0,R,9.0
177472,2014,R,2210.0,R,4522.0,R,49.0,R,2255.0,R,0.0,R,2255.0,R,1360.0,R,60.0,R,931.0,R,0.0,R,931.0,R,371.0,R,40.0,R,23.0
177542,2014,R,156.0,R,557.0,R,28.0,R,168.0,R,1.0,R,167.0,R,96.0,R,57.0,R,1.0,R,0.0,R,1.0,R,1.0,R,100.0,R,12.0
177551,2014,R,238.0,R,400.0,R,60.0,R,182.0,Z,0.0,R,182.0,R,92.0,R,51.0,R,13.0,Z,0.0,R,13.0,R,1.0,R,8.0,R,13.0
177579,2014,R,95.0,R,136.0,R,70.0,R,0.0,R,0.0,R,0.0,R,0.0,A,,A,,A,,A,,A,,A,,R,17.0
177588,2014,A,,A,,A,,R,4.0,R,0.0,R,4.0,R,2.0,R,50.0,A,,A,,A,,A,,A,,R,25.0
177603,2014,A,,A,,A,,R,4.0,R,0.0,R,4.0,R,4.0,R,100.0,R,5.0,R,0.0,R,5.0,R,5.0,R,100.0,R,7.0
177676,2014,R,943.0,R,1457.0,R,65.0,R,933.0,R,1.0,R,932.0,R,547.0,R,59.0,R,201.0,R,0.0,R,201.0,R,68.0,R,34.0,R,19.0
177685,2014,A,,A,,A,,R,9.0,R,0.0,R,9.0,R,7.0,R,78.0,A,,A,,A,,A,,A,,R,20.0
177719,2014,A,,A,,A,,A,,A,,A,,A,,A,,A,,A,,A,,A,,A,,R,12.0
177746,2014,R,134.0,R,187.0,R,72.0,R,141.0,R,0.0,R,141.0,R,109.0,R,77.0,R,0.0,Z,0.0,R,0.0,R,0.0,A,,R,9.0
177816,2014,R,8.0,R,25.0,R,32.0,R,8.0,R,0.0,R,8.0,R,7.0,R,88.0,R,0.0,R,0.0,R,0.0,R,0.0,A,,R,5.0
177870,2014,A,,A,,A,,R,12.0,R,0.0,R,12.0,R,12.0,R,100.0,A,,A,,A,,A,,A,,R,7.0
177931,2014,A,,A,,A,,R,13.0,R,0.0,R,13.0,R,8.0,R,62.0,R,0.0,R,0.0,R,0.0,R,0.0,A,,R,4.0
177940,2014,R,522.0,R,1111.0,R,47.0,R,289.0,R,0.0,R,289.0,R,187.0,R,65.0,R,10.0,R,0.0,R,10.0,R,3.0,R,30.0,R,17.0
177968,2014,R,1170.0,R,2401.0,R,49.0,R,1311.0,R,0.0,R,1311.0,R,919.0,R,70.0,R,13.0,R,0.0,R,13.0,R,2.0,R,15.0,R,13.0
177977,2014,R,481.0,R,634.0,R,76.0,R,503.0,R,2.0,R,501.0,R,395.0,R,79.0,R,6.0,R,0.0,R,6.0,R,2.0,R,33.0,R,12.0
177986,2014,A,,A,,A,,A,,A,,A,,A,,A,,A,,A,,A,,A,,A,,R,9.0
177995,2014,R,2235.0,R,7615.0,R,29.0,R,2473.0,R,1.0,R,2472.0,R,1383.0,R,56.0,R,1710.0,R,1.0,R,1709.0,R,561.0,R,33.0,R,19.0
178004,2014,A,,A,,A,,R,1.0,R,0.0,R,1.0,R,0.0,R,0.0,R,0.0,R,0.0,R,0.0,R,0.0,A,,R,8.0
178059,2014,R,408.0,R,805.0,R,51.0,R,392.0,R,0.0,R,392.0,R,339.0,R,86.0,R,17.0,R,0.0,R,17.0,R,2.0,R,12.0,R,13.0
178077,2014,A,,A,,A,,R,18.0,R,0.0,R,18.0,R,13.0,R,72.0,A,,A,,A,,A,,A,,R,16.0
178110,2014,R,27.0,R,49.0,R,55.0,R,23.0,R,0.0,R,23.0,R,15.0,R,65.0,A,,A,,A,,A,,A,,R,12.0
178183,2014,A,,A,,A,,R,7.0,R,0.0,R,7.0,R,6.0,R,86.0,A,,A,,A,,A,,A,,R,12.0
178208,2014,R,35.0,R,127.0,R,28.0,R,16.0,R,0.0,R,16.0,R,13.0,R,81.0,R,13.0,R,0.0,R,13.0,R,7.0,R,54.0,R,17.0
178217,2014,R,766.0,R,1010.0,R,76.0,R,744.0,R,1.0,R,743.0,R,501.0,R,67.0,R,96.0,Z,0.0,R,96.0,R,41.0,R,43.0,R,23.0
178226,2014,R,42.0,R,48.0,R,88.0,R,9.0,R,0.0,R,9.0,R,4.0,R,44.0,A,,A,,A,,A,,A,,R,17.0
178244,2014,R,225.0,R,2322.0,R,10.0,R,264.0,R,0.0,R,264.0,R,167.0,R,63.0,R,4.0,R,0.0,R,4.0,R,1.0,R,25.0,R,20.0
178262,2014,A,,A,,A,,R,37.0,R,0.0,R,37.0,R,24.0,R,65.0,A,,A,,A,,A,,A,,R,15.0
178305,2014,A,,A,,A,,R,0.0,Z,0.0,R,0.0,R,0.0,A,,R,0.0,Z,0.0,R,0.0,R,0.0,A,,R,15.0
178314,2014,A,,A,,A,,R,7.0,R,0.0,R,7.0,R,5.0,R,71.0,A,,A,,A,,A,,A,,R,10.0
178341,2014,R,803.0,R,1732.0,R,46.0,R,687.0,R,0.0,R,687.0,R,449.0,R,65.0,R,39.0,R,0.0,R,39.0,R,16.0,R,41.0,R,18.0
178350,2014,R,1.0,R,16.0,R,6.0,R,1.0,R,0.0,R,1.0,R,1.0,R,100.0,R,0.0,R,0.0,R,0.0,R,0.0,A,,R,9.0
178369,2014,R,375.0,R,813.0,R,46.0,R,361.0,R,0.0,R,361.0,R,186.0,R,52.0,R,3.0,R,0.0,R,3.0,R,2.0,R,67.0,R,16.0
178387,2014,R,899.0,R,1449.0,R,62.0,R,845.0,R,2.0,R,843.0,R,540.0,R,64.0,R,125.0,R,0.0,R,125.0,R,45.0,R,36.0,R,17.0
178396,2014,R,6408.0,R,7795.0,R,82.0,R,6060.0,R,0.0,R,6060.0,R,5223.0,R,86.0,R,134.0,R,0.0,R,134.0,R,91.0,R,68.0,R,20.0
178402,2014,R,1057.0,R,2320.0,R,46.0,R,1060.0,R,0.0,R,1060.0,R,774.0,R,73.0,R,18.0,R,0.0,R,18.0,R,5.0,R,28.0,R,14.0
178411,2014,R,1273.0,R,1751.0,R,73.0,R,1244.0,R,1.0,R,1243.0,R,1065.0,R,86.0,R,18.0,R,0.0,R,18.0,R,16.0,R,89.0,R,18.0
178420,2014,R,497.0,R,2285.0,R,22.0,R,464.0,R,0.0,R,464.0,R,365.0,R,79.0,R,18.0,R,0.0,R,18.0,R,6.0,R,33.0,R,17.0
178448,2014,R,984.0,R,2182.0,R,45.0,R,904.0,R,0.0,R,904.0,R,507.0,R,56.0,R,361.0,R,0.0,R,361.0,R,115.0,R,32.0,R,21.0
178466,2014,A,,A,,A,,R,30.0,R,0.0,R,30.0,R,27.0,R,90.0,A,,A,,A,,A,,A,,R,5.0
178484,2014,A,,A,,A,,R,73.0,R,0.0,R,73.0,R,59.0,R,81.0,A,,A,,A,,A,,A,,R,17.0
178527,2014,A,,A,,A,,R,20.0,R,0.0,R,20.0,R,19.0,R,95.0,R,4.0,R,0.0,R,4.0,R,3.0,R,75.0,R,12.0
178615,2014,R,1317.0,R,1972.0,R,67.0,R,1325.0,R,0.0,R,1325.0,R,1166.0,R,88.0,R,4.0,R,0.0,R,4.0,R,1.0,R,25.0,R,17.0
178624,2014,R,1372.0,R,1807.0,R,76.0,R,1252.0,R,0.0,R,1252.0,R,892.0,R,71.0,R,8.0,R,0.0,R,8.0,R,2.0,R,25.0,R,24.0
178679,2014,R,142.0,R,187.0,R,76.0,R,126.0,R,0.0,R,126.0,R,100.0,R,79.0,R,2.0,R,0.0,R,2.0,R,2.0,R,100.0,R,17.0
178697,2014,R,255.0,R,288.0,R,89.0,R,355.0,R,0.0,R,355.0,R,312.0,R,88.0,R,0.0,R,0.0,R,0.0,R,0.0,A,,R,15.0
178721,2014,R,169.0,R,1150.0,R,15.0,R,156.0,R,0.0,R,156.0,R,117.0,R,75.0,R,5.0,R,0.0,R,5.0,R,1.0,R,20.0,R,12.0
178767,2014,R,3.0,R,28.0,R,11.0,R,0.0,R,0.0,R,0.0,R,0.0,A,,R,0.0,R,0.0,R,0.0,R,0.0,A,,R,12.0
178828,2014,A,,A,,A,,R,57.0,R,0.0,R,57.0,R,54.0,R,95.0,A,,A,,A,,A,,A,,R,3.0
178891,2014,R,480.0,R,652.0,R,74.0,R,517.0,R,0.0,R,517.0,R,349.0,R,68.0,R,258.0,R,0.0,R,258.0,R,168.0,R,65.0,R,16.0
178989,2014,A,,A,,A,,A,,A,,A,,A,,A,,A,,A,,A,,A,,A,,R,10.0
179043,2014,R,398.0,R,1063.0,R,37.0,R,437.0,R,0.0,R,437.0,R,390.0,R,89.0,R,1.0,R,0.0,R,1.0,R,0.0,R,0.0,R,12.0
179052,2014,A,,A,,A,,R,45.0,R,0.0,R,45.0,R,39.0,R,87.0,A,,A,,A,,A,,A,,R,7.0
179070,2014,A,,A,,A,,R,0.0,R,0.0,R,0.0,R,0.0,A,,R,0.0,R,0.0,R,0.0,Z,0.0,A,,R,20.0
179159,2014,R,1639.0,R,5385.0,R,30.0,R,1638.0,Z,0.0,R,1638.0,R,1435.0,R,88.0,R,0.0,R,0.0,R,0.0,R,0.0,A,,R,12.0
179195,2014,A,,A,,A,,R,6.0,R,0.0,R,6.0,R,6.0,R,100.0,A,,A,,A,,A,,A,,R,16.0
179201,2014,A,,A,,A,,A,,A,,A,,A,,A,,A,,A,,A,,A,,A,,R,4.0
179229,2014,A,,A,,A,,R,7.0,R,0.0,R,7.0,R,4.0,R,57.0,A,,A,,A,,A,,A,,R,7.0
179238,2014,A,,A,,A,,R,24.0,R,0.0,R,24.0,R,15.0,R,63.0,A,,A,,A,,A,,A,,R,4.0
179256,2014,R,11.0,R,37.0,R,30.0,R,19.0,R,0.0,R,19.0,R,10.0,R,53.0,R,0.0,R,0.0,R,0.0,R,0.0,A,,R,9.0
179265,2014,R,195.0,R,258.0,R,76.0,R,246.0,R,0.0,R,246.0,R,217.0,R,88.0,A,,A,,A,,A,,A,,R,9.0
179308,2014,R,2510.0,R,6015.0,R,42.0,R,2840.0,R,0.0,R,2840.0,R,1606.0,R,57.0,R,1167.0,Z,0.0,R,1167.0,R,373.0,R,32.0,R,19.0
179326,2014,R,469.0,R,1029.0,R,46.0,R,455.0,R,0.0,R,455.0,R,306.0,R,67.0,R,24.0,R,0.0,R,24.0,R,9.0,R,38.0,R,15.0
179344,2014,R,492.0,R,1076.0,R,46.0,R,596.0,Z,0.0,R,596.0,R,237.0,R,40.0,R,71.0,Z,0.0,R,71.0,R,17.0,R,24.0,R,22.0
179450,2014,A,,A,,A,,A,,A,,A,,A,,A,,A,,A,,A,,A,,A,,R,16.0
179511,2014,A,,A,,A,,R,78.0,R,0.0,R,78.0,R,50.0,R,64.0,A,,A,,A,,A,,A,,R,12.0
179539,2014,R,864.0,R,2107.0,R,41.0,R,947.0,R,0.0,R,947.0,R,559.0,R,59.0,R,310.0,R,0.0,R,310.0,R,86.0,R,28.0,R,17.0
179548,2014,R,185.0,R,259.0,R,71.0,R,168.0,R,0.0,R,168.0,R,103.0,R,61.0,R,0.0,R,0.0,R,0.0,R,0.0,A,,R,9.0
179557,2014,R,1718.0,R,2477.0,R,69.0,R,1573.0,R,1.0,R,1572.0,R,1143.0,R,73.0,R,141.0,R,0.0,R,141.0,R,50.0,R,35.0,R,22.0
179566,2014,R,2826.0,R,6370.0,R,44.0,R,2699.0,R,0.0,R,2699.0,R,2031.0,R,75.0,R,51.0,R,0.0,R,51.0,R,15.0,R,29.0,R,20.0
179645,2014,R,729.0,R,1645.0,R,44.0,R,714.0,Z,0.0,R,714.0,R,436.0,R,61.0,R,235.0,Z,0.0,R,235.0,R,89.0,R,38.0,R,24.0
179715,2014,R,331.0,R,450.0,R,74.0,R,350.0,R,0.0,R,350.0,R,207.0,R,59.0,R,40.0,R,0.0,R,40.0,R,13.0,R,33.0,R,19.0
179867,2014,R,1727.0,R,2085.0,R,83.0,R,1595.0,R,0.0,R,1595.0,R,1550.0,R,97.0,R,13.0,R,0.0,R,13.0,R,12.0,R,92.0,R,8.0
179894,2014,R,457.0,R,959.0,R,48.0,R,487.0,R,0.0,R,487.0,R,375.0,R,77.0,R,15.0,R,0.0,R,15.0,R,4.0,R,27.0,R,13.0
179919,2014,R,132.0,R,498.0,R,27.0,R,163.0,Z,0.0,R,163.0,R,99.0,R,61.0,R,22.0,R,0.0,R,22.0,R,1.0,R,5.0,R,22.0
179946,2014,R,212.0,R,270.0,R,79.0,R,257.0,Z,0.0,R,257.0,R,201.0,R,78.0,A,,A,,A,,A,,A,,R,14.0
179955,2014,R,265.0,R,321.0,R,83.0,R,259.0,R,0.0,R,259.0,R,199.0,R,77.0,A,,A,,A,,A,,A,,R,10.0
179964,2014,R,200.0,R,261.0,R,77.0,R,193.0,R,0.0,R,193.0,R,147.0,R,76.0,R,1.0,R,0.0,R,1.0,R,1.0,R,100.0,R,10.0
179991,2014,A,,A,,A,,R,29.0,R,0.0,R,29.0,R,29.0,R,100.0,A,,A,,A,,A,,A,,R,15.0
180054,2014,R,100.0,R,175.0,R,57.0,R,91.0,R,0.0,R,91.0,R,42.0,R,46.0,R,9.0,R,0.0,R,9.0,R,4.0,R,44.0,R,12.0
180063,2014,A,,A,,A,,R,16.0,R,0.0,R,16.0,R,8.0,R,50.0,A,,A,,A,,A,,A,,R,12.0
180081,2014,R,146.0,R,450.0,R,32.0,R,172.0,R,0.0,R,172.0,R,88.0,R,51.0,R,13.0,R,0.0,R,13.0,R,5.0,R,38.0,R,15.0
180090,2014,A,,A,,A,,R,59.0,R,0.0,R,59.0,R,55.0,R,93.0,A,,A,,A,,A,,A,,R,12.0
180106,2014,R,354.0,R,430.0,R,82.0,R,315.0,R,0.0,R,315.0,R,253.0,R,80.0,A,,A,,A,,A,,A,,R,12.0
180151,2014,R,83.0,R,171.0,R,49.0,R,113.0,R,2.0,R,111.0,R,64.0,R,58.0,R,5.0,R,0.0,R,5.0,R,4.0,R,80.0,R,12.0
180160,2014,R,29.0,R,37.0,R,78.0,R,37.0,R,0.0,R,37.0,R,17.0,R,46.0,R,1.0,R,0.0,R,1.0,R,1.0,R,100.0,R,11.0
180179,2014,R,704.0,R,1325.0,R,53.0,R,417.0,R,0.0,R,417.0,R,239.0,R,57.0,R,49.0,R,0.0,R,49.0,R,19.0,R,39.0,R,17.0
180197,2014,R,272.0,R,760.0,R,36.0,R,285.0,R,0.0,R,285.0,R,160.0,R,56.0,R,83.0,Z,0.0,R,83.0,R,36.0,R,43.0,R,15.0
180203,2014,R,30.0,R,80.0,R,38.0,R,25.0,R,1.0,R,24.0,R,10.0,R,42.0,R,1.0,R,0.0,R,1.0,R,0.0,R,0.0,R,10.0
180212,2014,R,46.0,R,65.0,R,71.0,R,40.0,R,0.0,R,40.0,R,22.0,R,55.0,R,8.0,R,0.0,R,8.0,R,3.0,R,38.0,R,10.0
180249,2014,R,176.0,R,626.0,R,28.0,R,196.0,R,0.0,R,196.0,R,114.0,R,58.0,R,87.0,R,0.0,R,87.0,R,30.0,R,34.0,R,18.0
180258,2014,R,149.0,R,296.0,R,50.0,R,150.0,Z,0.0,R,150.0,R,81.0,R,54.0,R,2.0,Z,0.0,R,2.0,R,0.0,R,0.0,R,13.0
180276,2014,R,196.0,R,786.0,R,25.0,R,190.0,Z,0.0,R,190.0,R,113.0,R,59.0,R,55.0,Z,0.0,R,55.0,R,19.0,R,35.0,R,12.0
180328,2014,R,37.0,R,50.0,R,74.0,R,73.0,R,0.0,R,73.0,R,41.0,R,56.0,R,4.0,R,0.0,R,4.0,R,2.0,R,50.0,R,13.0
180373,2014,R,99.0,R,217.0,R,46.0,R,97.0,R,1.0,R,96.0,R,64.0,R,67.0,R,9.0,R,0.0,R,9.0,R,5.0,R,56.0,R,10.0
180391,2014,A,,A,,A,,R,14.0,R,0.0,R,14.0,R,13.0,R,93.0,A,,A,,A,,A,,A,,R,15.0
180416,2014,R,283.0,R,462.0,R,61.0,R,234.0,R,0.0,R,234.0,R,167.0,R,71.0,R,3.0,R,0.0,R,3.0,R,1.0,R,33.0,R,15.0
180461,2014,R,2428.0,R,4083.0,R,59.0,R,2312.0,R,0.0,R,2312.0,R,1759.0,R,76.0,R,535.0,R,0.0,R,535.0,R,277.0,R,52.0,R,19.0
180489,2014,R,1881.0,R,3337.0,R,56.0,R,1346.0,R,0.0,R,1346.0,R,977.0,R,73.0,R,57.0,R,0.0,R,57.0,R,25.0,R,44.0,R,18.0
180522,2014,R,196.0,R,341.0,R,57.0,R,179.0,R,0.0,R,179.0,R,105.0,R,59.0,R,21.0,R,0.0,R,21.0,R,9.0,R,43.0,R,14.0
180595,2014,R,229.0,R,295.0,R,78.0,R,238.0,R,0.0,R,238.0,R,169.0,R,71.0,A,,A,,A,,A,,A,,R,12.0
180647,2014,R,98.0,R,183.0,R,54.0,R,17.0,R,1.0,R,16.0,R,6.0,R,38.0,R,1.0,R,0.0,R,1.0,R,0.0,R,0.0,R,15.0
180692,2014,R,253.0,R,389.0,R,65.0,R,156.0,Z,0.0,R,156.0,R,105.0,R,67.0,R,1.0,Z,0.0,R,1.0,R,1.0,R,100.0,R,16.0
180771,2014,A,,A,,A,,R,6.0,R,0.0,R,6.0,R,5.0,R,83.0,A,,A,,A,,A,,A,,R,12.0
180814,2014,R,88.0,R,1749.0,R,5.0,R,87.0,R,0.0,R,87.0,R,42.0,R,48.0,R,37.0,R,0.0,R,37.0,R,8.0,R,22.0,R,32.0
180832,2014,R,28.0,R,175.0,R,16.0,R,32.0,R,0.0,R,32.0,R,21.0,R,66.0,R,4.0,R,0.0,R,4.0,R,2.0,R,50.0,R,11.0
180878,2014,R,50.0,R,139.0,R,36.0,R,36.0,R,1.0,R,35.0,R,29.0,R,83.0,R,1.0,R,0.0,R,1.0,R,1.0,R,100.0,R,10.0
180902,2014,R,622.0,R,2318.0,R,27.0,R,710.0,R,0.0,R,710.0,R,461.0,R,65.0,R,194.0,R,0.0,R,194.0,R,86.0,R,44.0,R,14.0
180948,2014,R,460.0,R,910.0,R,51.0,R,458.0,R,0.0,R,458.0,R,298.0,R,65.0,R,5.0,R,0.0,R,5.0,R,1.0,R,20.0,R,21.0
180957,2014,A,,A,,A,,R,8.0,R,0.0,R,8.0,R,6.0,R,75.0,A,,A,,A,,A,,A,,R,10.0
180984,2014,R,326.0,R,385.0,R,85.0,R,281.0,R,0.0,R,281.0,R,224.0,R,80.0,R,0.0,Z,0.0,R,0.0,Z,0.0,A,,R,13.0
181002,2014,R,1025.0,R,1211.0,R,85.0,R,963.0,R,1.0,R,962.0,R,879.0,R,91.0,R,3.0,R,0.0,R,3.0,R,2.0,R,67.0,R,11.0
181020,2014,R,268.0,R,313.0,R,86.0,R,287.0,R,0.0,R,287.0,R,207.0,R,72.0,A,,A,,A,,A,,A,,R,12.0
181093,2014,R,59.0,R,100.0,R,59.0,R,96.0,Z,0.0,R,96.0,R,66.0,R,69.0,R,0.0,Z,0.0,R,0.0,R,0.0,A,,R,14.0
181127,2014,R,345.0,R,451.0,R,76.0,R,345.0,R,0.0,R,345.0,R,257.0,R,74.0,A,,A,,A,,A,,A,,R,14.0
181136,2014,A,,A,,A,,R,14.0,R,0.0,R,14.0,R,11.0,R,79.0,A,,A,,A,,A,,A,,R,10.0
181145,2014,A,,A,,A,,A,,A,,A,,A,,A,,A,,A,,A,,A,,A,,R,7.0
181190,2014,A,,A,,A,,R,46.0,R,0.0,R,46.0,R,33.0,R,72.0,A,,A,,A,,A,,A,,R,10.0
181215,2014,R,985.0,R,1387.0,R,71.0,R,1007.0,R,0.0,R,1007.0,R,801.0,R,80.0,R,15.0,R,0.0,R,15.0,R,5.0,R,33.0,R,15.0
181242,2014,A,,A,,A,,R,3.0,R,0.0,R,3.0,R,1.0,R,33.0,R,0.0,R,0.0,R,0.0,R,0.0,A,,R,27.0
181297,2014,R,37.0,R,228.0,R,16.0,R,27.0,R,0.0,R,27.0,R,19.0,R,70.0,R,6.0,R,0.0,R,6.0,R,0.0,R,0.0,R,12.0
181303,2014,R,1075.0,R,4124.0,R,26.0,R,1077.0,R,0.0,R,1077.0,R,509.0,R,47.0,R,866.0,R,0.0,R,866.0,R,317.0,R,37.0,R,14.0
181312,2014,R,353.0,R,1171.0,R,30.0,R,398.0,Z,0.0,R,398.0,R,236.0,R,59.0,R,87.0,R,0.0,R,87.0,R,28.0,R,32.0,R,9.0
181330,2014,R,327.0,R,448.0,R,73.0,R,367.0,R,0.0,R,367.0,R,215.0,R,59.0,R,0.0,R,0.0,R,0.0,R,0.0,A,,R,10.0
181376,2014,R,27.0,R,44.0,R,61.0,R,47.0,Z,0.0,R,47.0,R,38.0,R,81.0,R,0.0,Z,0.0,R,0.0,Z,0.0,A,,R,8.0
181394,2014,R,1743.0,R,3012.0,R,58.0,R,1780.0,R,0.0,R,1780.0,R,1378.0,R,77.0,R,95.0,R,0.0,R,95.0,R,43.0,R,45.0,R,16.0
181400,2014,A,,A,,A,,R,3.0,R,0.0,R,3.0,R,0.0,R,0.0,R,1.0,R,0.0,R,1.0,R,1.0,R,100.0,R,27.0
181419,2014,R,13.0,R,39.0,R,33.0,R,38.0,R,1.0,R,37.0,R,9.0,R,24.0,R,17.0,R,0.0,R,17.0,R,12.0,R,71.0,R,6.0
181428,2014,A,,A,,A,,A,,A,,A,,A,,A,,A,,A,,A,,A,,A,,R,5.0
181446,2014,R,368.0,R,443.0,R,83.0,R,378.0,R,0.0,R,378.0,R,307.0,R,81.0,R,0.0,R,0.0,R,0.0,R,0.0,A,,R,12.0
181464,2014,R,4628.0,R,5632.0,R,82.0,R,4396.0,R,0.0,R,4396.0,R,3693.0,R,84.0,R,24.0,R,0.0,R,24.0,R,8.0,R,33.0,R,21.0
181491,2014,R,785.0,R,1341.0,R,59.0,R,749.0,R,0.0,R,749.0,R,517.0,R,69.0,R,78.0,R,0.0,R,78.0,R,23.0,R,29.0,R,17.0
181534,2014,R,259.0,R,890.0,R,29.0,R,272.0,R,0.0,R,272.0,R,159.0,R,58.0,R,6.0,R,0.0,R,6.0,R,0.0,R,0.0,R,20.0
181543,2014,R,4.0,R,12.0,R,33.0,R,3.0,R,0.0,R,3.0,R,3.0,R,100.0,R,1.0,R,0.0,R,1.0,R,0.0,R,0.0,R,6.0
181604,2014,R,71.0,R,264.0,R,27.0,R,89.0,R,0.0,R,89.0,R,70.0,R,79.0,A,,A,,A,,A,,A,,R,12.0
181640,2014,R,1064.0,R,3264.0,R,33.0,R,1205.0,R,0.0,R,1205.0,R,736.0,R,61.0,R,361.0,R,0.0,R,361.0,R,153.0,R,42.0,R,18.0
181738,2014,R,156.0,R,260.0,R,60.0,R,169.0,R,0.0,R,169.0,R,127.0,R,75.0,R,0.0,R,0.0,R,0.0,R,0.0,A,,R,10.0
181756,2014,A,,A,,A,,R,62.0,R,0.0,R,62.0,R,29.0,R,47.0,A,,A,,A,,A,,A,,R,21.0
181765,2014,R,122.0,R,263.0,R,46.0,R,70.0,R,0.0,R,70.0,R,46.0,R,66.0,A,,A,,A,,A,,A,,R,15.0
181783,2014,R,680.0,R,991.0,R,69.0,R,690.0,R,0.0,R,690.0,R,467.0,R,68.0,R,1.0,R,0.0,R,1.0,R,1.0,R,100.0,R,18.0
181792,2014,A,,A,,A,,A,,A,,A,,A,,A,,A,,A,,A,,A,,A,,R,4.0
181817,2014,R,336.0,R,736.0,R,46.0,R,336.0,R,1.0,R,335.0,R,198.0,R,59.0,R,83.0,R,0.0,R,83.0,R,23.0,R,28.0,R,15.0
181853,2014,R,85.0,R,132.0,R,64.0,R,94.0,R,3.0,R,91.0,R,51.0,R,56.0,A,,A,,A,,A,,A,,R,14.0
181880,2014,A,,A,,A,,R,52.0,R,0.0,R,52.0,R,45.0,R,87.0,A,,A,,A,,A,,A,,R,10.0
181941,2014,A,,A,,A,,R,166.0,R,0.0,R,166.0,R,120.0,R,72.0,A,,A,,A,,A,,A,,R,12.0
182005,2014,R,1922.0,R,8698.0,R,22.0,R,0.0,R,0.0,R,0.0,R,0.0,A,,R,0.0,R,0.0,R,0.0,R,0.0,A,,R,24.0
182111,2014,R,195.0,R,367.0,R,53.0,R,165.0,Z,0.0,R,165.0,R,83.0,R,50.0,R,25.0,Z,0.0,R,25.0,R,6.0,R,24.0,R,21.0
182148,2014,A,,A,,A,,R,81.0,R,1.0,R,80.0,R,49.0,R,61.0,R,0.0,R,0.0,R,0.0,R,0.0,A,,R,24.0
182209,2014,A,,A,,A,,R,81.0,R,0.0,R,81.0,R,45.0,R,56.0,R,29.0,R,0.0,R,29.0,R,15.0,R,52.0,R,28.0
182281,2014,R,3718.0,R,6478.0,R,57.0,R,3564.0,R,0.0,R,3564.0,R,2735.0,R,77.0,R,188.0,R,0.0,R,188.0,R,100.0,R,53.0,R,22.0
182290,2014,R,3332.0,R,5042.0,R,66.0,R,3046.0,R,0.0,R,3046.0,R,2498.0,R,82.0,R,40.0,R,0.0,R,40.0,R,19.0,R,48.0,R,22.0
182306,2014,R,265.0,R,631.0,R,42.0,R,17.0,R,0.0,R,17.0,R,11.0,R,65.0,R,13.0,R,0.0,R,13.0,R,3.0,R,23.0,R,17.0
182397,2014,A,,A,,A,,R,38.0,R,0.0,R,38.0,R,9.0,R,24.0,R,42.0,R,0.0,R,42.0,R,27.0,R,64.0,R,26.0
182458,2014,R,117.0,R,185.0,R,63.0,R,91.0,R,0.0,R,91.0,R,58.0,R,64.0,A,,A,,A,,A,,A,,R,11.0
182500,2014,R,642.0,R,2148.0,R,30.0,R,623.0,R,0.0,R,623.0,R,397.0,R,64.0,R,881.0,R,0.0,R,881.0,R,403.0,R,46.0,R,19.0
182564,2014,R,446.0,R,1057.0,R,42.0,R,0.0,R,0.0,R,0.0,R,0.0,A,,R,0.0,R,0.0,R,0.0,R,0.0,A,,R,19.0
182634,2014,R,331.0,R,389.0,R,85.0,R,399.0,R,0.0,R,399.0,R,302.0,R,76.0,A,,A,,A,,A,,A,,R,13.0
182652,2014,A,,A,,A,,R,40.0,R,0.0,R,40.0,R,35.0,R,88.0,A,,A,,A,,A,,A,,R,8.0
182661,2014,R,152.0,R,232.0,R,66.0,R,153.0,R,0.0,R,153.0,R,95.0,R,62.0,R,9.0,R,0.0,R,9.0,R,4.0,R,44.0,R,14.0
182670,2014,R,1152.0,R,1255.0,R,92.0,R,1112.0,R,0.0,R,1112.0,R,1086.0,R,98.0,A,,A,,A,,A,,A,,R,8.0
182704,2014,A,,A,,A,,R,7.0,R,0.0,R,7.0,R,6.0,R,86.0,R,8.0,R,0.0,R,8.0,R,5.0,R,63.0,R,10.0
182722,2014,A,,A,,A,,R,11.0,R,0.0,R,11.0,R,9.0,R,82.0,R,3.0,R,0.0,R,3.0,R,3.0,R,100.0,R,13.0
182795,2014,R,456.0,R,544.0,R,84.0,R,450.0,R,0.0,R,450.0,R,302.0,R,67.0,A,,A,,A,,A,,A,,R,12.0
182865,2014,A,,A,,A,,R,20.0,R,0.0,R,20.0,R,12.0,R,60.0,R,0.0,R,0.0,R,0.0,R,0.0,A,,R,9.0
182892,2014,A,,A,,A,,R,46.0,R,0.0,R,46.0,R,44.0,R,96.0,R,2.0,R,0.0,R,2.0,R,2.0,R,100.0,R,13.0
182917,2014,R,15.0,R,18.0,R,83.0,R,17.0,R,0.0,R,17.0,R,14.0,R,82.0,R,0.0,R,0.0,R,0.0,R,0.0,A,,R,4.0
182953,2014,A,,A,,A,,R,46.0,R,0.0,R,46.0,R,38.0,R,83.0,R,15.0,R,0.0,R,15.0,R,13.0,R,87.0,R,10.0
182980,2014,R,354.0,R,527.0,R,67.0,R,324.0,R,1.0,R,323.0,R,196.0,R,61.0,R,1.0,R,0.0,R,1.0,R,0.0,R,0.0,R,18.0
182999,2014,A,,A,,A,,R,51.0,R,0.0,R,51.0,R,42.0,R,82.0,R,3.0,Z,0.0,R,3.0,R,2.0,R,67.0,R,10.0
183026,2014,R,1975.0,R,8282.0,R,24.0,R,1175.0,R,0.0,R,1175.0,R,796.0,R,68.0,R,493.0,R,0.0,R,493.0,R,230.0,R,47.0,R,28.0
183035,2014,A,,A,,A,,A,,A,,A,,A,,A,,A,,A,,A,,A,,A,,R,12.0
183044,2014,R,3227.0,R,3819.0,R,84.0,R,2749.0,R,0.0,R,2749.0,R,2364.0,R,86.0,A,,A,,A,,A,,A,,R,19.0
183062,2014,R,1266.0,R,1481.0,R,85.0,R,1254.0,R,0.0,R,1254.0,R,959.0,R,76.0,R,4.0,Z,0.0,R,4.0,R,2.0,R,50.0,R,16.0
183071,2014,R,79.0,R,248.0,R,32.0,R,48.0,Z,0.0,R,48.0,R,39.0,R,81.0,R,0.0,Z,0.0,R,0.0,R,0.0,A,,R,13.0
183080,2014,R,750.0,R,1044.0,R,72.0,R,923.0,R,1.0,R,922.0,R,684.0,R,74.0,R,7.0,R,0.0,R,7.0,R,3.0,R,43.0,R,16.0
183099,2014,R,793.0,R,1704.0,R,47.0,R,814.0,R,0.0,R,814.0,R,482.0,R,59.0,R,243.0,R,0.0,R,243.0,R,114.0,R,47.0,R,12.0
183105,2014,R,125.0,R,453.0,R,28.0,R,75.0,R,0.0,R,75.0,R,50.0,R,67.0,R,64.0,R,0.0,R,64.0,R,32.0,R,50.0,R,7.0
183114,2014,R,54.0,R,421.0,R,13.0,R,51.0,R,0.0,R,51.0,R,32.0,R,63.0,R,125.0,R,1.0,R,124.0,R,44.0,R,35.0,R,6.0
183123,2014,R,202.0,R,384.0,R,53.0,R,212.0,R,0.0,R,212.0,R,132.0,R,62.0,R,96.0,R,0.0,R,96.0,R,37.0,R,39.0,R,10.0
183132,2014,R,315.0,R,1165.0,R,27.0,R,354.0,R,0.0,R,354.0,R,227.0,R,64.0,R,308.0,R,0.0,R,308.0,R,141.0,R,46.0,R,11.0
183141,2014,R,264.0,R,822.0,R,32.0,R,279.0,R,0.0,R,279.0,R,161.0,R,58.0,R,262.0,R,0.0,R,262.0,R,104.0,R,40.0,R,10.0
183150,2014,R,202.0,R,873.0,R,23.0,R,235.0,R,0.0,R,235.0,R,135.0,R,57.0,R,262.0,R,0.0,R,262.0,R,121.0,R,46.0,R,10.0
183202,2014,A,,A,,A,,R,6.0,Z,0.0,R,6.0,R,5.0,R,83.0,A,,A,,A,,A,,A,,R,11.0
183211,2014,R,172.0,R,376.0,R,46.0,R,213.0,R,0.0,R,213.0,R,158.0,R,74.0,R,3.0,R,0.0,R,3.0,R,2.0,R,67.0,R,17.0
183239,2014,R,523.0,R,555.0,R,94.0,R,508.0,R,0.0,R,508.0,R,456.0,R,90.0,R,0.0,R,0.0,R,0.0,R,0.0,A,,R,11.0
183248,2014,A,,A,,A,,R,1.0,R,0.0,R,1.0,R,1.0,R,100.0,A,,A,,A,,A,,A,,R,11.0
183257,2014,R,87.0,R,523.0,R,17.0,R,23.0,R,0.0,R,23.0,R,12.0,R,52.0,R,11.0,R,0.0,R,11.0,R,3.0,R,27.0,R,12.0
183275,2014,R,21.0,R,35.0,R,60.0,R,14.0,R,0.0,R,14.0,R,12.0,R,86.0,A,,A,,A,,A,,A,,R,12.0
183488,2014,R,109.0,R,147.0,R,74.0,R,76.0,R,0.0,R,76.0,R,43.0,R,57.0,R,12.0,R,0.0,R,12.0,R,10.0,R,83.0,R,15.0
183600,2014,R,5.0,R,15.0,R,33.0,R,9.0,R,0.0,R,9.0,R,9.0,R,100.0,R,7.0,R,0.0,R,7.0,R,7.0,R,100.0,R,8.0
183655,2014,R,1075.0,R,1897.0,R,57.0,R,1264.0,R,0.0,R,1264.0,R,763.0,R,60.0,R,622.0,R,0.0,R,622.0,R,263.0,R,42.0,R,21.0
183725,2014,A,,A,,A,,R,115.0,Z,0.0,R,115.0,R,96.0,R,83.0,A,,A,,A,,A,,A,,R,12.0
183743,2014,R,2713.0,R,4788.0,R,57.0,R,2559.0,R,0.0,R,2559.0,R,1717.0,R,67.0,R,655.0,R,0.0,R,655.0,R,330.0,R,50.0,R,19.0
183789,2014,R,777.0,R,1384.0,R,56.0,R,348.0,R,0.0,R,348.0,R,221.0,R,64.0,R,8.0,R,0.0,R,8.0,R,4.0,R,50.0,R,15.0
183804,2014,A,,A,,A,,A,,A,,A,,A,,A,,A,,A,,A,,A,,A,,R,25.0
183822,2014,R,432.0,R,639.0,R,68.0,R,416.0,R,0.0,R,416.0,R,305.0,R,73.0,R,9.0,R,0.0,R,9.0,R,3.0,R,33.0,R,16.0
183859,2014,R,2245.0,R,4249.0,R,53.0,R,2519.0,R,0.0,R,2519.0,R,1748.0,R,69.0,R,533.0,R,0.0,R,533.0,R,237.0,R,44.0,R,21.0
183877,2014,R,1713.0,R,3250.0,R,53.0,R,1848.0,R,0.0,R,1848.0,R,1158.0,R,63.0,R,448.0,R,0.0,R,448.0,R,175.0,R,39.0,R,24.0
183910,2014,R,386.0,R,448.0,R,86.0,R,330.0,R,0.0,R,330.0,R,278.0,R,84.0,R,24.0,R,0.0,R,24.0,R,10.0,R,42.0,R,12.0
183938,2014,R,1727.0,R,3594.0,R,48.0,R,2021.0,R,0.0,R,2021.0,R,1272.0,R,63.0,R,614.0,R,0.0,R,614.0,R,254.0,R,41.0,R,25.0
183974,2014,R,238.0,R,344.0,R,69.0,R,206.0,R,0.0,R,206.0,R,155.0,R,75.0,R,7.0,R,0.0,R,7.0,R,5.0,R,71.0,R,17.0
183983,2014,A,,A,,A,,R,65.0,R,0.0,R,65.0,R,55.0,R,85.0,A,,A,,A,,A,,A,,R,18.0
184047,2014,A,,A,,A,,R,55.0,R,0.0,R,55.0,R,41.0,R,75.0,A,,A,,A,,A,,A,,R,19.0
184056,2014,A,,A,,A,,R,140.0,R,0.0,R,140.0,R,110.0,R,79.0,R,29.0,R,0.0,R,29.0,R,24.0,R,83.0,R,20.0
184092,2014,A,,A,,A,,R,98.0,R,0.0,R,98.0,R,67.0,R,68.0,A,,A,,A,,A,,A,,R,32.0
184144,2014,A,,A,,A,,R,33.0,R,0.0,R,33.0,R,28.0,R,85.0,R,4.0,R,0.0,R,4.0,R,4.0,R,100.0,R,10.0
184153,2014,A,,A,,A,,A,,A,,A,,A,,A,,A,,A,,A,,A,,A,,R,4.0
184180,2014,R,1313.0,R,2631.0,R,50.0,R,1386.0,R,0.0,R,1386.0,R,1018.0,R,73.0,R,445.0,R,0.0,R,445.0,R,250.0,R,56.0,R,19.0
184205,2014,R,753.0,R,1132.0,R,67.0,R,798.0,R,0.0,R,798.0,R,528.0,R,66.0,R,216.0,R,0.0,R,216.0,R,85.0,R,39.0,R,23.0
184278,2014,A,,A,,A,,A,,A,,A,,A,,A,,A,,A,,A,,A,,A,,R,11.0
184320,2014,A,,A,,A,,A,,A,,A,,A,,A,,A,,A,,A,,A,,A,,R,20.0
184348,2014,R,302.0,R,405.0,R,75.0,R,399.0,R,0.0,R,399.0,R,335.0,R,84.0,R,1.0,R,0.0,R,1.0,R,0.0,R,0.0,R,9.0
184357,2014,A,,A,,A,,R,6.0,Z,0.0,R,6.0,R,4.0,R,67.0,R,4.0,R,0.0,R,4.0,R,3.0,R,75.0,R,4.0
184427,2014,A,,A,,A,,R,86.0,R,0.0,R,86.0,R,69.0,R,80.0,R,0.0,R,0.0,R,0.0,R,0.0,A,,R,24.0
184481,2014,R,1838.0,R,3470.0,R,53.0,R,2109.0,R,0.0,R,2109.0,R,1232.0,R,58.0,R,523.0,R,0.0,R,523.0,R,210.0,R,40.0,R,24.0
184506,2014,A,,A,,A,,R,42.0,R,0.0,R,42.0,R,27.0,R,64.0,R,11.0,R,0.0,R,11.0,R,5.0,R,45.0,R,17.0
184603,2014,R,604.0,R,2820.0,R,21.0,R,429.0,R,0.0,R,429.0,R,289.0,R,67.0,R,11.0,R,0.0,R,11.0,R,4.0,R,36.0,R,13.0
184612,2014,R,270.0,R,494.0,R,55.0,R,151.0,R,0.0,R,151.0,R,119.0,R,79.0,R,2.0,R,0.0,R,2.0,R,1.0,R,50.0,R,14.0
184694,2014,R,698.0,R,821.0,R,85.0,R,506.0,R,0.0,R,506.0,R,416.0,R,82.0,R,3.0,R,0.0,R,3.0,R,1.0,R,33.0,R,12.0
184746,2014,A,,A,,A,,R,106.0,R,0.0,R,106.0,R,86.0,R,81.0,R,41.0,R,0.0,R,41.0,R,33.0,R,80.0,R,10.0
184773,2014,R,228.0,R,638.0,R,36.0,R,275.0,R,0.0,R,275.0,R,192.0,R,70.0,R,0.0,R,0.0,R,0.0,R,0.0,A,,R,12.0
184782,2014,R,2278.0,R,3760.0,R,61.0,R,1509.0,R,0.0,R,1509.0,R,1263.0,R,84.0,R,11.0,R,0.0,R,11.0,R,7.0,R,64.0,R,17.0
184791,2014,R,1804.0,R,3082.0,R,59.0,R,1579.0,R,0.0,R,1579.0,R,1040.0,R,66.0,R,339.0,R,0.0,R,339.0,R,156.0,R,46.0,R,29.0
184816,2014,A,,A,,A,,R,20.0,R,0.0,R,20.0,R,14.0,R,70.0,R,6.0,R,0.0,R,6.0,R,3.0,R,50.0,R,13.0
184870,2014,A,,A,,A,,R,79.0,R,0.0,R,79.0,R,62.0,R,78.0,R,19.0,R,0.0,R,19.0,R,13.0,R,68.0,R,20.0
184959,2014,R,25.0,R,180.0,R,14.0,R,71.0,R,0.0,R,71.0,R,47.0,R,66.0,R,15.0,R,0.0,R,15.0,R,9.0,R,60.0,R,11.0
184968,2014,A,,A,,A,,R,4.0,R,0.0,R,4.0,R,1.0,R,25.0,R,1.0,R,0.0,R,1.0,R,1.0,R,100.0,R,9.0
184995,2014,R,1987.0,R,3170.0,R,63.0,R,2106.0,R,0.0,R,2106.0,R,1162.0,R,55.0,R,476.0,R,0.0,R,476.0,R,197.0,R,41.0,R,37.0
185129,2014,R,624.0,R,1654.0,R,38.0,R,577.0,R,0.0,R,577.0,R,418.0,R,72.0,R,73.0,R,0.0,R,73.0,R,29.0,R,40.0,R,14.0
185174,2014,A,,A,,A,,R,51.0,R,0.0,R,51.0,R,38.0,R,75.0,A,,A,,A,,A,,A,,R,4.0
185262,2014,R,1483.0,R,3163.0,R,47.0,R,1493.0,R,0.0,R,1493.0,R,1113.0,R,75.0,R,32.0,R,0.0,R,32.0,R,15.0,R,47.0,R,17.0
185332,2014,A,,A,,A,,R,79.0,R,0.0,R,79.0,R,60.0,R,76.0,R,23.0,R,0.0,R,23.0,R,14.0,R,61.0,R,18.0
185396,2014,A,,A,,A,,R,265.0,R,0.0,R,265.0,R,195.0,R,74.0,R,24.0,R,0.0,R,24.0,R,20.0,R,83.0,R,29.0
185466,2014,A,,A,,A,,R,152.0,R,0.0,R,152.0,R,148.0,R,97.0,R,58.0,R,0.0,R,58.0,R,54.0,R,93.0,R,25.0
185509,2014,R,1068.0,R,2459.0,R,43.0,R,1190.0,R,0.0,R,1190.0,R,793.0,R,67.0,R,961.0,R,0.0,R,961.0,R,399.0,R,42.0,R,18.0
185536,2014,R,1931.0,R,3255.0,R,59.0,R,2066.0,R,0.0,R,2066.0,R,1286.0,R,62.0,R,507.0,R,0.0,R,507.0,R,240.0,R,47.0,R,24.0
185572,2014,R,1056.0,R,1361.0,R,78.0,R,906.0,R,1.0,R,905.0,R,756.0,R,84.0,R,0.0,R,0.0,R,0.0,R,0.0,A,,R,14.0
185590,2014,R,2889.0,R,4621.0,R,63.0,R,3030.0,R,2.0,R,3028.0,R,2466.0,R,81.0,R,10.0,R,0.0,R,10.0,R,6.0,R,60.0,R,17.0
185624,2014,A,,A,,A,,A,,A,,A,,A,,A,,A,,A,,A,,A,,A,,R,10.0
185651,2014,A,,A,,A,,R,2.0,Z,0.0,R,2.0,R,2.0,R,100.0,A,,A,,A,,A,,A,,R,10.0
185679,2014,A,,A,,A,,R,2.0,Z,0.0,R,2.0,R,2.0,R,100.0,R,2.0,Z,0.0,R,2.0,R,2.0,R,100.0,R,10.0
185721,2014,R,69.0,R,122.0,R,57.0,R,222.0,R,0.0,R,222.0,R,154.0,R,69.0,R,0.0,R,0.0,R,0.0,R,0.0,A,,R,10.0
185730,2014,A,,A,,A,,R,31.0,R,0.0,R,31.0,R,16.0,R,52.0,A,,A,,A,,A,,A,,R,19.0
185767,2014,A,,A,,A,,R,23.0,R,0.0,R,23.0,R,15.0,R,65.0,R,15.0,R,0.0,R,15.0,R,11.0,R,73.0,R,25.0
185828,2014,R,953.0,R,2456.0,R,39.0,R,957.0,R,0.0,R,957.0,R,802.0,R,84.0,R,72.0,R,0.0,R,72.0,R,62.0,R,86.0,R,17.0
185873,2014,R,1665.0,R,3118.0,R,53.0,R,1810.0,R,0.0,R,1810.0,R,1280.0,R,71.0,R,406.0,R,0.0,R,406.0,R,178.0,R,44.0,R,26.0
185970,2014,A,,A,,A,,R,40.0,R,0.0,R,40.0,R,32.0,R,80.0,R,8.0,R,0.0,R,8.0,R,7.0,R,88.0,R,18.0
186016,2014,A,,A,,A,,R,32.0,R,0.0,R,32.0,R,29.0,R,91.0,R,9.0,R,0.0,R,9.0,R,7.0,R,78.0,R,16.0
186034,2014,R,752.0,R,1774.0,R,42.0,R,809.0,R,0.0,R,809.0,R,528.0,R,65.0,R,743.0,R,0.0,R,743.0,R,402.0,R,54.0,R,21.0
186052,2014,A,,A,,A,,R,425.0,Z,0.0,R,425.0,R,325.0,R,76.0,R,85.0,R,0.0,R,85.0,R,55.0,R,65.0,R,15.0
186131,2014,R,1310.0,R,1355.0,R,97.0,R,1284.0,R,0.0,R,1284.0,R,1254.0,R,98.0,A,,A,,A,,A,,A,,R,6.0
186186,2014,R,37.0,R,143.0,R,26.0,R,19.0,R,0.0,R,19.0,R,12.0,R,63.0,A,,A,,A,,A,,A,,R,14.0
186201,2014,R,976.0,R,1744.0,R,56.0,R,901.0,R,0.0,R,901.0,R,790.0,R,88.0,R,0.0,R,0.0,R,0.0,R,0.0,A,,R,18.0
186274,2014,A,,A,,A,,R,20.0,R,0.0,R,20.0,R,17.0,R,85.0,R,10.0,R,0.0,R,10.0,R,8.0,R,80.0,R,18.0
186283,2014,R,1006.0,R,1337.0,R,75.0,R,909.0,R,0.0,R,909.0,R,732.0,R,81.0,R,2.0,R,0.0,R,2.0,R,2.0,R,100.0,R,12.0
186335,2014,A,,A,,A,,R,23.0,R,0.0,R,23.0,R,20.0,R,87.0,R,4.0,R,0.0,R,4.0,R,3.0,R,75.0,R,13.0
186371,2014,R,421.0,R,1333.0,R,32.0,R,494.0,R,0.0,R,494.0,R,403.0,R,82.0,R,2.0,R,0.0,R,2.0,R,2.0,R,100.0,R,11.0
186380,2014,R,6409.0,R,9450.0,R,68.0,R,6393.0,R,0.0,R,6393.0,R,5889.0,R,92.0,R,10.0,R,0.0,R,10.0,R,6.0,R,60.0,R,16.0
186399,2014,R,1010.0,R,2295.0,R,44.0,R,985.0,R,0.0,R,985.0,R,843.0,R,86.0,R,3.0,R,0.0,R,3.0,R,1.0,R,33.0,R,11.0
186405,2014,A,,A,,A,,A,,A,,A,,A,,A,,A,,A,,A,,A,,A,,R,6.0
186423,2014,A,,A,,A,,A,,A,,A,,A,,A,,A,,A,,A,,A,,A,,R,7.0
186432,2014,R,582.0,R,825.0,R,71.0,R,607.0,R,0.0,R,607.0,R,491.0,R,81.0,R,3.0,R,0.0,R,3.0,R,1.0,R,33.0,R,13.0
186469,2014,R,198.0,R,429.0,R,46.0,R,228.0,R,0.0,R,228.0,R,130.0,R,57.0,R,91.0,R,0.0,R,91.0,R,29.0,R,32.0,R,17.0
186584,2014,R,1263.0,R,1695.0,R,75.0,R,1338.0,R,0.0,R,1338.0,R,1138.0,R,85.0,R,4.0,R,0.0,R,4.0,R,2.0,R,50.0,R,14.0
186593,2014,A,,A,,A,,R,19.0,R,0.0,R,19.0,R,14.0,R,74.0,R,9.0,R,0.0,R,9.0,R,9.0,R,100.0,R,12.0
186618,2014,R,141.0,R,234.0,R,60.0,R,124.0,R,0.0,R,124.0,R,84.0,R,68.0,A,,A,,A,,A,,A,,R,12.0
186645,2014,R,1186.0,R,1978.0,R,60.0,R,1260.0,R,0.0,R,1260.0,R,966.0,R,77.0,R,326.0,R,0.0,R,326.0,R,165.0,R,51.0,R,21.0
186867,2014,R,734.0,R,774.0,R,95.0,R,622.0,R,0.0,R,622.0,R,575.0,R,92.0,A,,A,,A,,A,,A,,R,10.0
186876,2014,R,1185.0,R,2277.0,R,52.0,R,1066.0,R,0.0,R,1066.0,R,930.0,R,87.0,R,3.0,R,0.0,R,3.0,R,1.0,R,33.0,R,17.0
186900,2014,R,6.0,R,36.0,R,17.0,R,18.0,R,0.0,R,18.0,R,14.0,R,78.0,A,,A,,A,,A,,A,,R,17.0
187000,2014,A,,A,,A,,R,57.0,R,2.0,R,55.0,R,46.0,R,84.0,A,,A,,A,,A,,A,,R,25.0
187046,2014,A,,A,,A,,R,0.0,R,0.0,R,0.0,R,0.0,A,,R,0.0,R,0.0,R,0.0,R,0.0,A,,R,15.0
187134,2014,R,1414.0,R,1777.0,R,80.0,R,1402.0,R,0.0,R,1402.0,R,1309.0,R,93.0,R,2.0,R,0.0,R,2.0,R,1.0,R,50.0,R,13.0
187161,2014,A,,A,,A,,R,153.0,Z,0.0,R,153.0,R,117.0,R,76.0,A,,A,,A,,A,,A,,R,23.0
187198,2014,R,1550.0,R,3532.0,R,44.0,R,1790.0,R,0.0,R,1790.0,R,1031.0,R,58.0,R,526.0,R,0.0,R,526.0,R,209.0,R,40.0,R,26.0
187444,2014,R,1167.0,R,2550.0,R,46.0,R,1289.0,R,0.0,R,1289.0,R,983.0,R,76.0,R,6.0,R,0.0,R,6.0,R,4.0,R,67.0,R,14.0
187505,2014,A,,A,,A,,R,300.0,R,11.0,R,289.0,R,154.0,R,53.0,A,,A,,A,,A,,A,,R,21.0
187532,2014,R,1959.0,R,4634.0,R,42.0,R,2480.0,R,1.0,R,2479.0,R,1475.0,R,59.0,R,1637.0,R,0.0,R,1637.0,R,639.0,R,39.0,R,24.0
187596,2014,R,242.0,R,419.0,R,58.0,R,21.0,R,0.0,R,21.0,R,12.0,R,57.0,R,2.0,R,0.0,R,2.0,R,1.0,R,50.0,R,14.0
187602,2014,A,,A,,A,,R,15.0,R,0.0,R,15.0,R,15.0,R,100.0,A,,A,,A,,A,,A,,R,24.0
187620,2014,R,1023.0,R,2072.0,R,49.0,R,1112.0,R,1.0,R,1111.0,R,657.0,R,59.0,R,261.0,R,1.0,R,260.0,R,97.0,R,37.0,R,23.0
187639,2014,R,243.0,R,1342.0,R,18.0,R,327.0,Z,0.0,R,327.0,R,193.0,R,59.0,R,111.0,Z,0.0,R,111.0,R,33.0,R,30.0,R,19.0
187648,2014,R,628.0,R,1136.0,R,55.0,R,654.0,R,0.0,R,654.0,R,388.0,R,59.0,R,7.0,R,0.0,R,7.0,R,5.0,R,71.0,R,19.0
187666,2014,R,292.0,R,1131.0,R,26.0,R,396.0,R,0.0,R,396.0,R,204.0,R,52.0,R,127.0,R,0.0,R,127.0,R,48.0,R,38.0,R,14.0
187745,2014,R,17.0,R,128.0,R,13.0,R,18.0,R,0.0,R,18.0,R,12.0,R,67.0,R,11.0,R,0.0,R,11.0,R,7.0,R,64.0,R,7.0
187897,2014,R,275.0,R,729.0,R,38.0,R,349.0,R,0.0,R,349.0,R,169.0,R,48.0,R,4.0,R,0.0,R,4.0,R,4.0,R,100.0,R,13.0
187903,2014,R,182.0,R,930.0,R,20.0,R,264.0,R,15.0,R,249.0,R,155.0,R,62.0,R,204.0,R,12.0,R,192.0,R,117.0,R,61.0,R,18.0
187912,2014,R,269.0,R,294.0,R,91.0,R,261.0,R,0.0,R,261.0,R,104.0,R,40.0,A,,A,,A,,A,,A,,R,10.0
187958,2014,R,213.0,R,393.0,R,54.0,R,292.0,R,1.0,R,291.0,R,169.0,R,58.0,R,123.0,R,0.0,R,123.0,R,40.0,R,33.0,R,18.0
187967,2014,R,286.0,R,425.0,R,67.0,R,316.0,R,0.0,R,316.0,R,249.0,R,79.0,R,2.0,R,0.0,R,2.0,R,1.0,R,50.0,R,14.0
187976,2014,R,64.0,R,136.0,R,47.0,R,62.0,R,0.0,R,62.0,R,28.0,R,45.0,R,14.0,Z,0.0,R,14.0,R,1.0,R,7.0,R,14.0
187985,2014,R,3089.0,R,4404.0,R,70.0,R,3470.0,R,1.0,R,3469.0,R,2742.0,R,79.0,R,47.0,R,0.0,R,47.0,R,21.0,R,45.0,R,19.0
187994,2014,R,175.0,R,400.0,R,44.0,R,235.0,R,0.0,R,235.0,R,100.0,R,43.0,R,55.0,R,0.0,R,55.0,R,14.0,R,25.0,R,16.0
188003,2014,R,140.0,R,281.0,R,50.0,R,194.0,R,0.0,R,194.0,R,87.0,R,45.0,R,21.0,R,0.0,R,21.0,R,7.0,R,33.0,R,19.0
188021,2014,R,60.0,R,160.0,R,38.0,R,80.0,R,0.0,R,80.0,R,31.0,R,39.0,R,24.0,R,0.0,R,24.0,R,8.0,R,33.0,R,16.0
188030,2014,R,1848.0,R,2611.0,R,71.0,R,1902.0,R,0.0,R,1902.0,R,1402.0,R,74.0,R,16.0,R,0.0,R,16.0,R,5.0,R,31.0,R,17.0
188049,2014,R,254.0,R,404.0,R,63.0,R,270.0,R,0.0,R,270.0,R,154.0,R,57.0,R,59.0,R,0.0,R,59.0,R,12.0,R,20.0,R,22.0
188058,2014,R,112.0,R,200.0,R,56.0,R,44.0,R,0.0,R,44.0,R,22.0,R,50.0,R,2.0,R,0.0,R,2.0,R,2.0,R,100.0,R,10.0
188100,2014,R,663.0,R,1703.0,R,39.0,R,700.0,R,0.0,R,700.0,R,365.0,R,52.0,R,204.0,R,0.0,R,204.0,R,75.0,R,37.0,R,20.0
188137,2014,R,317.0,R,1441.0,R,22.0,R,438.0,R,1.0,R,437.0,R,255.0,R,58.0,R,265.0,R,0.0,R,265.0,R,109.0,R,41.0,R,15.0
188146,2014,R,244.0,R,450.0,R,54.0,R,201.0,R,0.0,R,201.0,R,129.0,R,64.0,R,0.0,R,0.0,R,0.0,R,0.0,A,,R,15.0
188182,2014,R,49.0,R,135.0,R,36.0,R,47.0,R,0.0,R,47.0,R,27.0,R,57.0,R,2.0,Z,0.0,R,2.0,R,1.0,R,50.0,R,17.0
188216,2014,R,118.0,R,181.0,R,65.0,R,123.0,R,0.0,R,123.0,R,44.0,R,36.0,R,11.0,R,0.0,R,11.0,R,6.0,R,55.0,R,16.0
188225,2014,R,95.0,R,208.0,R,46.0,R,101.0,R,0.0,R,101.0,R,47.0,R,47.0,R,27.0,R,1.0,R,26.0,R,6.0,R,23.0,R,18.0
188261,2014,R,73.0,R,247.0,R,30.0,R,55.0,R,0.0,R,55.0,R,38.0,R,69.0,R,33.0,R,0.0,R,33.0,R,16.0,R,48.0,R,15.0
188289,2014,A,,A,,A,,R,21.0,R,0.0,R,21.0,R,15.0,R,71.0,R,5.0,R,0.0,R,5.0,R,4.0,R,80.0,R,6.0
188304,2014,R,318.0,R,948.0,R,34.0,R,208.0,R,0.0,R,208.0,R,115.0,R,55.0,R,4.0,R,0.0,R,4.0,R,1.0,R,25.0,R,16.0
188340,2014,R,285.0,R,469.0,R,61.0,R,73.0,R,0.0,R,73.0,R,48.0,R,66.0,R,0.0,Z,0.0,R,0.0,R,0.0,A,,R,15.0
188429,2014,R,954.0,R,1515.0,R,63.0,R,903.0,Z,0.0,R,903.0,R,749.0,R,83.0,R,15.0,Z,0.0,R,15.0,R,8.0,R,53.0,R,11.0
188438,2014,R,886.0,R,1233.0,R,72.0,R,989.0,Z,0.0,R,989.0,R,553.0,R,56.0,R,98.0,Z,0.0,R,98.0,R,34.0,R,35.0,R,20.0
188465,2014,R,159.0,R,252.0,R,63.0,R,26.0,R,0.0,R,26.0,R,14.0,R,54.0,R,0.0,R,0.0,R,0.0,R,0.0,A,,R,18.0
188517,2014,R,44.0,R,141.0,R,31.0,R,0.0,R,0.0,R,0.0,R,0.0,A,,R,0.0,R,0.0,R,0.0,R,0.0,A,,R,11.0
188526,2014,R,213.0,R,338.0,R,63.0,R,243.0,R,0.0,R,243.0,R,195.0,R,80.0,R,0.0,R,0.0,R,0.0,R,0.0,A,,R,10.0
188641,2014,R,489.0,R,625.0,R,78.0,R,535.0,Z,0.0,R,535.0,R,401.0,R,75.0,A,,A,,A,,A,,A,,R,12.0
188650,2014,A,,A,,A,,R,234.0,R,0.0,R,234.0,R,155.0,R,66.0,Z,0.0,Z,0.0,Z,0.0,Z,0.0,A,,R,30.0
188669,2014,A,,A,,A,,R,27.0,R,0.0,R,27.0,R,20.0,R,74.0,A,,A,,A,,A,,A,,R,3.0
188678,2014,R,103.0,R,156.0,R,66.0,R,99.0,R,0.0,R,99.0,R,62.0,R,63.0,A,,A,,A,,A,,A,,R,12.0
188687,2014,R,14.0,R,149.0,R,9.0,R,20.0,Z,0.0,R,20.0,R,6.0,R,30.0,R,17.0,Z,0.0,R,17.0,R,7.0,R,41.0,R,25.0
188696,2014,A,,A,,A,,R,139.0,Z,0.0,R,139.0,R,81.0,R,58.0,A,,A,,A,,A,,A,,R,18.0
188854,2014,R,606.0,R,619.0,R,98.0,R,161.0,Z,0.0,R,161.0,R,130.0,R,81.0,A,,A,,A,,A,,A,,R,20.0
188890,2014,A,,A,,A,,R,967.0,R,0.0,R,967.0,R,546.0,R,56.0,R,326.0,R,0.0,R,326.0,R,193.0,R,59.0,R,12.0
188915,2014,A,,A,,A,,R,9.0,R,0.0,R,9.0,R,8.0,R,89.0,A,,A,,A,,A,,A,,R,6.0
188942,2014,A,,A,,A,,R,26.0,R,0.0,R,26.0,R,15.0,R,58.0,A,,A,,A,,A,,A,,R,10.0
188988,2014,A,,A,,A,,R,91.0,R,0.0,R,91.0,R,55.0,R,60.0,A,,A,,A,,A,,A,,R,23.0
189088,2014,R,560.0,R,678.0,R,83.0,R,489.0,R,3.0,R,486.0,R,426.0,R,88.0,A,,A,,A,,A,,A,,R,10.0
189097,2014,R,610.0,R,685.0,R,89.0,R,573.0,R,0.0,R,573.0,R,542.0,R,95.0,R,5.0,R,0.0,R,5.0,R,5.0,R,100.0,R,10.0
189219,2014,A,,A,,A,,A,,A,,A,,A,,A,,A,,A,,A,,A,,A,,R,13.0
189228,2014,R,649.0,R,1340.0,R,48.0,R,520.0,R,0.0,R,520.0,R,305.0,R,59.0,R,17.0,R,0.0,R,17.0,R,4.0,R,24.0,R,22.0
189264,2014,R,5.0,R,9.0,R,56.0,R,9.0,R,0.0,R,9.0,R,4.0,R,44.0,A,,A,,A,,A,,A,,R,5.0
189273,2014,R,12.0,R,20.0,R,60.0,R,18.0,R,0.0,R,18.0,R,4.0,R,22.0,A,,A,,A,,A,,A,,R,10.0
189282,2014,R,1.0,R,134.0,R,1.0,R,0.0,R,0.0,R,0.0,R,0.0,A,,R,0.0,R,0.0,R,0.0,R,0.0,A,,R,7.0
189404,2014,A,,A,,A,,R,39.0,R,0.0,R,39.0,R,37.0,R,95.0,R,14.0,R,0.0,R,14.0,R,13.0,R,93.0,R,9.0
189413,2014,R,220.0,R,382.0,R,58.0,R,220.0,R,9.0,R,211.0,R,104.0,R,49.0,A,,A,,A,,A,,A,,R,20.0
189422,2014,R,110.0,R,235.0,R,47.0,R,177.0,R,2.0,R,175.0,R,84.0,R,48.0,R,2.0,R,0.0,R,2.0,R,1.0,R,50.0,R,13.0
189459,2014,R,154.0,R,321.0,R,48.0,R,53.0,Z,0.0,R,53.0,R,39.0,R,74.0,R,7.0,Z,0.0,R,7.0,R,4.0,R,57.0,R,15.0
189468,2014,A,,A,,A,,R,57.0,R,0.0,R,57.0,R,50.0,R,88.0,R,4.0,R,0.0,R,4.0,R,4.0,R,100.0,R,20.0
189477,2014,A,,A,,A,,R,54.0,R,0.0,R,54.0,R,39.0,R,72.0,R,53.0,R,0.0,R,53.0,R,45.0,R,85.0,R,20.0
189547,2014,R,1737.0,R,2200.0,R,79.0,R,1433.0,Z,0.0,R,1433.0,R,833.0,R,58.0,R,105.0,Z,0.0,R,105.0,R,44.0,R,42.0,R,20.0
189556,2014,R,17.0,R,90.0,R,19.0,R,0.0,R,0.0,R,0.0,R,0.0,A,,R,0.0,R,0.0,R,0.0,R,0.0,A,,R,12.0
189565,2014,R,56.0,R,133.0,R,42.0,R,1.0,R,0.0,R,1.0,R,0.0,R,0.0,R,0.0,R,0.0,R,0.0,R,0.0,A,,R,16.0
189574,2014,R,127.0,R,235.0,R,54.0,R,96.0,R,0.0,R,96.0,R,37.0,R,39.0,R,1.0,R,0.0,R,1.0,R,0.0,R,0.0,R,15.0
189583,2014,R,114.0,R,361.0,R,32.0,R,0.0,R,0.0,R,0.0,R,0.0,A,,R,0.0,R,0.0,R,0.0,R,0.0,A,,R,16.0
189592,2014,R,46.0,R,144.0,R,32.0,R,0.0,R,0.0,R,0.0,R,0.0,A,,R,0.0,R,0.0,R,0.0,R,0.0,A,,R,30.0
189653,2014,A,,A,,A,,R,4.0,R,0.0,R,4.0,R,2.0,R,50.0,A,,A,,A,,A,,A,,R,7.0
189705,2014,R,613.0,R,776.0,R,79.0,R,680.0,Z,0.0,R,680.0,R,584.0,R,86.0,R,2.0,Z,0.0,R,2.0,R,2.0,R,100.0,R,12.0
189714,2014,A,,A,,A,,R,33.0,R,0.0,R,33.0,R,23.0,R,70.0,R,9.0,R,0.0,R,9.0,R,8.0,R,89.0,R,12.0
189811,2014,A,,A,,A,,R,29.0,Z,0.0,R,29.0,R,14.0,R,48.0,R,4.0,Z,0.0,R,4.0,R,1.0,R,25.0,R,10.0
189839,2014,R,600.0,R,1074.0,R,56.0,R,615.0,Z,0.0,R,615.0,R,339.0,R,55.0,R,71.0,Z,0.0,R,71.0,R,22.0,R,31.0,R,26.0
189848,2014,R,265.0,R,323.0,R,82.0,R,345.0,R,0.0,R,345.0,R,253.0,R,73.0,R,0.0,R,0.0,R,0.0,R,0.0,A,,R,12.0
189857,2014,R,85.0,R,353.0,R,24.0,R,92.0,R,0.0,R,92.0,R,68.0,R,74.0,A,,A,,A,,A,,A,,R,37.0
189954,2014,A,,A,,A,,R,15.0,R,0.0,R,15.0,R,10.0,R,67.0,A,,A,,A,,A,,A,,R,20.0
189990,2014,A,,A,,A,,A,,A,,A,,A,,A,,A,,A,,A,,A,,A,,R,30.0
190008,2014,A,,A,,A,,R,14.0,R,0.0,R,14.0,R,11.0,R,79.0,A,,A,,A,,A,,A,,R,3.0
190044,2014,R,767.0,R,984.0,R,78.0,R,757.0,R,0.0,R,757.0,R,675.0,R,89.0,R,0.0,R,0.0,R,0.0,R,0.0,A,,R,14.0
190053,2014,R,332.0,R,515.0,R,64.0,R,321.0,Z,0.0,R,321.0,R,178.0,R,55.0,R,21.0,Z,0.0,R,21.0,R,5.0,R,24.0,R,18.0
190071,2014,A,,A,,A,,A,,A,,A,,A,,A,,A,,A,,A,,A,,A,,R,10.0
190099,2014,R,767.0,R,789.0,R,97.0,R,759.0,R,0.0,R,759.0,R,724.0,R,95.0,A,,A,,A,,A,,A,,R,9.0
190114,2014,R,87.0,R,286.0,R,30.0,R,62.0,R,0.0,R,62.0,R,26.0,R,42.0,R,2.0,R,0.0,R,2.0,R,0.0,R,0.0,R,11.0
190150,2014,R,1490.0,R,2118.0,R,70.0,R,1476.0,Z,0.0,R,1476.0,R,1424.0,R,96.0,R,33.0,Z,0.0,R,33.0,R,29.0,R,88.0,R,6.0
190169,2014,R,290.0,R,836.0,R,35.0,R,339.0,R,0.0,R,339.0,R,217.0,R,64.0,R,64.0,R,0.0,R,64.0,R,31.0,R,48.0,R,17.0
190239,2014,A,,A,,A,,R,44.0,R,0.0,R,44.0,R,36.0,R,82.0,R,17.0,R,0.0,R,17.0,R,11.0,R,65.0,R,18.0
190248,2014,R,136.0,R,246.0,R,55.0,R,153.0,R,0.0,R,153.0,R,114.0,R,75.0,R,0.0,R,0.0,R,0.0,R,0.0,A,,R,12.0
190293,2014,A,,A,,A,,R,6.0,R,0.0,R,6.0,R,4.0,R,67.0,R,1.0,R,0.0,R,1.0,R,0.0,R,0.0,R,20.0
190309,2014,A,,A,,A,,R,1.0,R,0.0,R,1.0,R,0.0,R,0.0,A,,A,,A,,A,,A,,R,20.0
190318,2014,A,,A,,A,,R,37.0,R,0.0,R,37.0,R,31.0,R,84.0,R,10.0,R,0.0,R,10.0,R,6.0,R,60.0,R,20.0
190372,2014,R,218.0,R,255.0,R,85.0,R,173.0,Z,0.0,R,173.0,R,166.0,R,96.0,A,,A,,A,,A,,A,,R,8.0
190415,2014,R,3225.0,R,3850.0,R,84.0,R,3223.0,R,2.0,R,3221.0,R,3109.0,R,97.0,A,,A,,A,,A,,A,,R,9.0
190442,2014,R,696.0,R,2035.0,R,34.0,R,914.0,Z,0.0,R,914.0,R,524.0,R,57.0,R,94.0,Z,0.0,R,94.0,R,38.0,R,40.0,R,20.0
190451,2014,R,9.0,R,12.0,R,75.0,R,12.0,R,0.0,R,12.0,R,6.0,R,50.0,R,6.0,R,0.0,R,6.0,R,4.0,R,67.0,R,9.0
190503,2014,R,430.0,R,768.0,R,56.0,R,0.0,R,0.0,R,0.0,R,0.0,A,,A,,A,,A,,A,,A,,R,15.0
190512,2014,R,1274.0,R,3764.0,R,34.0,R,1245.0,R,0.0,R,1245.0,R,1126.0,R,90.0,R,9.0,R,0.0,R,9.0,R,3.0,R,33.0,R,16.0
190521,2014,R,5551.0,R,9417.0,R,59.0,R,4528.0,R,0.0,R,4528.0,R,2949.0,R,65.0,R,875.0,R,0.0,R,875.0,R,475.0,R,54.0,R,26.0
190530,2014,R,1667.0,R,3704.0,R,45.0,R,1638.0,R,0.0,R,1638.0,R,1007.0,R,61.0,R,204.0,R,0.0,R,204.0,R,103.0,R,50.0,R,20.0
190549,2014,R,1347.0,R,4580.0,R,29.0,R,1183.0,R,0.0,R,1183.0,R,970.0,R,82.0,R,10.0,R,0.0,R,10.0,R,5.0,R,50.0,R,14.0
190558,2014,R,2402.0,R,3533.0,R,68.0,R,824.0,R,0.0,R,824.0,R,658.0,R,80.0,R,18.0,R,0.0,R,18.0,R,14.0,R,78.0,R,18.0
190567,2014,R,1425.0,R,3558.0,R,40.0,R,1431.0,R,0.0,R,1431.0,R,1230.0,R,86.0,R,13.0,R,0.0,R,13.0,R,9.0,R,69.0,R,11.0
190576,2014,A,,A,,A,,A,,A,,A,,A,,A,,A,,A,,A,,A,,A,,R,13.0
190585,2014,R,924.0,R,2163.0,R,43.0,R,1118.0,R,0.0,R,1118.0,R,676.0,R,60.0,R,119.0,R,0.0,R,119.0,R,68.0,R,57.0,R,19.0
190594,2014,R,2038.0,R,4962.0,R,41.0,R,1921.0,R,0.0,R,1921.0,R,1654.0,R,86.0,R,55.0,R,0.0,R,55.0,R,38.0,R,69.0,R,11.0
190600,2014,R,1744.0,R,3811.0,R,46.0,R,1850.0,R,0.0,R,1850.0,R,1459.0,R,79.0,R,11.0,R,0.0,R,11.0,R,4.0,R,36.0,R,17.0
190619,2014,R,2418.0,R,7796.0,R,31.0,R,2534.0,R,0.0,R,2534.0,R,1702.0,R,67.0,R,113.0,R,0.0,R,113.0,R,53.0,R,47.0,R,24.0
190628,2014,R,2610.0,R,7734.0,R,34.0,R,2523.0,R,0.0,R,2523.0,R,1661.0,R,66.0,R,416.0,R,0.0,R,416.0,R,164.0,R,39.0,R,24.0
190637,2014,R,660.0,R,3368.0,R,20.0,R,582.0,R,0.0,R,582.0,R,481.0,R,83.0,R,6.0,R,0.0,R,6.0,R,6.0,R,100.0,R,14.0
190646,2014,R,981.0,R,2088.0,R,47.0,R,43.0,R,0.0,R,43.0,R,28.0,R,65.0,R,1.0,R,0.0,R,1.0,R,0.0,R,0.0,R,19.0
190655,2014,R,3132.0,R,5672.0,R,55.0,R,430.0,R,0.0,R,430.0,R,321.0,R,75.0,R,19.0,R,0.0,R,19.0,R,16.0,R,84.0,R,17.0
190664,2014,R,1514.0,R,4926.0,R,31.0,R,1350.0,R,0.0,R,1350.0,R,1161.0,R,86.0,R,14.0,R,0.0,R,14.0,R,10.0,R,71.0,R,14.0
190673,2014,R,3057.0,R,6290.0,R,49.0,R,3055.0,R,0.0,R,3055.0,R,2108.0,R,69.0,R,341.0,R,0.0,R,341.0,R,171.0,R,50.0,R,22.0
190691,2014,R,960.0,R,2985.0,R,32.0,R,953.0,R,0.0,R,953.0,R,730.0,R,77.0,R,39.0,R,0.0,R,39.0,R,21.0,R,54.0,R,21.0
190707,2014,A,,A,,A,,R,9.0,R,0.0,R,9.0,R,7.0,R,78.0,A,,A,,A,,A,,A,,R,10.0
190716,2014,R,292.0,R,643.0,R,45.0,R,251.0,R,0.0,R,251.0,R,196.0,R,78.0,R,0.0,R,0.0,R,0.0,R,0.0,A,,R,9.0
190725,2014,R,419.0,R,797.0,R,53.0,R,409.0,R,0.0,R,409.0,R,334.0,R,82.0,R,2.0,R,0.0,R,2.0,R,1.0,R,50.0,R,13.0
190752,2014,R,6.0,R,13.0,R,46.0,R,12.0,R,0.0,R,12.0,R,6.0,R,50.0,A,,A,,A,,A,,A,,R,8.0
190761,2014,R,289.0,R,422.0,R,68.0,R,286.0,R,0.0,R,286.0,R,206.0,R,72.0,R,0.0,R,0.0,R,0.0,R,0.0,A,,R,15.0
190770,2014,R,182.0,R,798.0,R,23.0,R,235.0,R,0.0,R,235.0,R,159.0,R,68.0,R,11.0,R,0.0,R,11.0,R,1.0,R,9.0,R,13.0
190840,2014,R,1839.0,R,2564.0,R,72.0,R,1941.0,Z,0.0,R,1941.0,R,1215.0,R,63.0,R,173.0,Z,0.0,R,173.0,R,78.0,R,45.0,R,23.0
190956,2014,R,1.0,R,4.0,R,25.0,R,1.0,R,0.0,R,1.0,R,0.0,R,0.0,R,1.0,R,0.0,R,1.0,R,1.0,R,100.0,R,5.0
190974,2014,R,21.0,R,68.0,R,31.0,R,53.0,R,0.0,R,53.0,R,24.0,R,45.0,R,7.0,R,0.0,R,7.0,R,0.0,R,0.0,R,10.0
190983,2014,R,329.0,R,415.0,R,79.0,R,319.0,R,0.0,R,319.0,R,262.0,R,82.0,R,0.0,R,0.0,R,0.0,R,0.0,A,,R,12.0
191083,2014,R,2370.0,R,3820.0,R,62.0,R,2676.0,Z,0.0,R,2676.0,R,1406.0,R,53.0,R,292.0,Z,0.0,R,292.0,R,98.0,R,34.0,R,20.0
191126,2014,R,1306.0,R,3024.0,R,43.0,R,1279.0,R,0.0,R,1279.0,R,1138.0,R,89.0,R,25.0,Z,0.0,R,25.0,R,14.0,R,56.0,R,17.0
191199,2014,R,1271.0,R,1847.0,R,69.0,R,1340.0,Z,0.0,R,1340.0,R,744.0,R,56.0,R,109.0,Z,0.0,R,109.0,R,44.0,R,40.0,R,21.0
191205,2014,R,124.0,R,204.0,R,61.0,R,149.0,R,0.0,R,149.0,R,94.0,R,63.0,R,2.0,R,0.0,R,2.0,R,1.0,R,50.0,R,15.0
191241,2014,R,2229.0,R,2674.0,R,83.0,R,1944.0,R,1.0,R,1943.0,R,1738.0,R,89.0,R,23.0,R,0.0,R,23.0,R,17.0,R,74.0,R,14.0
191287,2014,A,,A,,A,,A,,A,,A,,A,,A,,A,,A,,A,,A,,A,,R,7.0
191302,2014,R,501.0,R,618.0,R,81.0,R,634.0,Z,0.0,R,634.0,R,338.0,R,53.0,R,60.0,Z,0.0,R,60.0,R,29.0,R,48.0,R,19.0
191311,2014,A,,A,,A,,A,,A,,A,,A,,A,,A,,A,,A,,A,,A,,R,17.0
191339,2014,R,1075.0,R,1620.0,R,66.0,R,1068.0,Z,0.0,R,1068.0,R,606.0,R,57.0,R,85.0,Z,0.0,R,85.0,R,35.0,R,41.0,R,17.0
191409,2014,A,,A,,A,,R,0.0,R,0.0,R,0.0,R,0.0,A,,R,0.0,R,0.0,R,0.0,R,0.0,A,,R,20.0
191515,2014,R,469.0,R,489.0,R,96.0,R,491.0,R,0.0,R,491.0,R,471.0,R,96.0,A,,A,,A,,A,,A,,R,9.0
191533,2014,R,419.0,R,458.0,R,91.0,R,528.0,R,0.0,R,528.0,R,411.0,R,78.0,R,0.0,R,0.0,R,0.0,R,0.0,A,,R,11.0
191597,2014,A,,A,,A,,R,0.0,R,0.0,R,0.0,R,0.0,A,,R,0.0,R,0.0,R,0.0,R,0.0,A,,R,11.0
191612,2014,R,638.0,R,985.0,R,65.0,R,684.0,R,2.0,R,682.0,R,383.0,R,56.0,R,34.0,R,0.0,R,34.0,R,17.0,R,50.0,R,21.0
191621,2014,R,168.0,R,267.0,R,63.0,R,185.0,R,0.0,R,185.0,R,136.0,R,74.0,A,,A,,A,,A,,A,,R,13.0
191630,2014,R,643.0,R,695.0,R,93.0,R,638.0,R,0.0,R,638.0,R,558.0,R,87.0,A,,A,,A,,A,,A,,R,11.0
191649,2014,R,1713.0,R,2202.0,R,78.0,R,1612.0,R,4.0,R,1608.0,R,1290.0,R,80.0,R,4.0,R,1.0,R,3.0,R,1.0,R,33.0,R,14.0
191676,2014,R,251.0,R,357.0,R,70.0,R,223.0,R,0.0,R,223.0,R,193.0,R,87.0,R,0.0,R,0.0,R,0.0,R,0.0,A,,R,11.0
191719,2014,R,1994.0,R,3682.0,R,54.0,R,2088.0,Z,0.0,R,2088.0,R,1172.0,R,56.0,R,206.0,Z,0.0,R,206.0,R,81.0,R,39.0,R,20.0
191728,2014,A,,A,,A,,R,262.0,R,0.0,R,262.0,R,205.0,R,78.0,R,112.0,R,0.0,R,112.0,R,92.0,R,82.0,R,16.0
191764,2014,R,9.0,R,36.0,R,25.0,R,10.0,R,0.0,R,10.0,R,7.0,R,70.0,R,0.0,R,0.0,R,0.0,R,0.0,A,,R,8.0
191834,2014,A,,A,,A,,R,238.0,R,4.0,R,234.0,R,137.0,R,59.0,R,26.0,R,0.0,R,26.0,R,11.0,R,42.0,R,16.0
191931,2014,R,800.0,R,1131.0,R,71.0,R,922.0,R,0.0,R,922.0,R,766.0,R,83.0,A,,A,,A,,A,,A,,R,15.0
191940,2014,A,,A,,A,,A,,A,,A,,A,,A,,A,,A,,A,,A,,A,,R,10.0
191959,2014,R,56.0,R,56.0,R,100.0,R,37.0,R,0.0,R,37.0,R,34.0,R,92.0,A,,A,,A,,A,,A,,R,30.0
191968,2014,R,1560.0,R,1682.0,R,93.0,R,1789.0,R,0.0,R,1789.0,R,1515.0,R,85.0,R,0.0,R,0.0,R,0.0,R,0.0,A,,R,11.0
191986,2014,R,966.0,R,1256.0,R,77.0,R,968.0,Z,0.0,R,968.0,R,568.0,R,59.0,R,66.0,Z,0.0,R,66.0,R,34.0,R,52.0,R,17.0
192004,2014,R,114.0,R,146.0,R,78.0,R,0.0,R,0.0,R,0.0,R,0.0,A,,A,,A,,A,,A,,A,,R,26.0
192022,2014,R,767.0,R,1228.0,R,62.0,R,698.0,Z,0.0,R,698.0,R,396.0,R,57.0,R,134.0,Z,0.0,R,134.0,R,50.0,R,37.0,R,18.0
192040,2014,R,41.0,R,41.0,R,100.0,R,32.0,R,0.0,R,32.0,R,31.0,R,97.0,A,,A,,A,,A,,A,,R,6.0
192110,2014,R,129.0,R,164.0,R,79.0,R,109.0,R,0.0,R,109.0,R,107.0,R,98.0,A,,A,,A,,A,,A,,R,5.0
192156,2014,R,30.0,R,54.0,R,56.0,R,64.0,Z,0.0,R,64.0,R,47.0,R,73.0,R,1.0,Z,0.0,R,1.0,R,0.0,R,0.0,R,17.0
192165,2014,R,41.0,R,41.0,R,100.0,R,44.0,Z,0.0,R,44.0,R,42.0,R,95.0,A,,A,,A,,A,,A,,R,15.0
192192,2014,R,228.0,R,551.0,R,41.0,R,224.0,R,0.0,R,224.0,R,164.0,R,73.0,R,0.0,R,0.0,R,0.0,R,0.0,A,,R,14.0
192271,2014,R,280.0,R,451.0,R,62.0,R,286.0,R,0.0,R,286.0,R,217.0,R,76.0,R,1.0,R,0.0,R,1.0,R,1.0,R,100.0,R,18.0
192323,2014,R,678.0,R,957.0,R,71.0,R,622.0,R,0.0,R,622.0,R,535.0,R,86.0,A,,A,,A,,A,,A,,R,13.0
192439,2014,R,829.0,R,1516.0,R,55.0,R,598.0,R,0.0,R,598.0,R,387.0,R,65.0,R,10.0,R,0.0,R,10.0,R,3.0,R,30.0,R,14.0
192448,2014,R,545.0,R,992.0,R,55.0,R,631.0,R,0.0,R,631.0,R,476.0,R,75.0,R,27.0,R,0.0,R,27.0,R,18.0,R,67.0,R,11.0
192484,2014,A,,A,,A,,R,25.0,R,0.0,R,25.0,R,23.0,R,92.0,R,1.0,Z,0.0,R,1.0,R,1.0,R,100.0,R,14.0
192509,2014,R,96.0,R,130.0,R,74.0,R,88.0,R,0.0,R,88.0,R,28.0,R,32.0,R,1.0,R,0.0,R,1.0,R,0.0,R,0.0,R,13.0
192563,2014,A,,A,,A,,A,,A,,A,,A,,A,,A,,A,,A,,A,,A,,R,8.0
192624,2014,R,36.0,R,49.0,R,73.0,R,27.0,R,0.0,R,27.0,R,27.0,R,100.0,A,,A,,A,,A,,A,,R,17.0
192688,2014,R,18.0,R,249.0,R,7.0,R,206.0,R,0.0,R,206.0,R,82.0,R,40.0,R,2.0,R,0.0,R,2.0,R,0.0,R,0.0,R,25.0
192703,2014,R,747.0,R,917.0,R,81.0,R,755.0,R,0.0,R,755.0,R,632.0,R,84.0,R,2.0,R,0.0,R,2.0,R,0.0,R,0.0,R,12.0
192712,2014,R,113.0,R,136.0,R,83.0,R,81.0,Z,0.0,R,81.0,R,66.0,R,81.0,A,,A,,A,,A,,A,,R,18.0
192749,2014,R,459.0,R,564.0,R,81.0,R,475.0,R,0.0,R,475.0,R,376.0,R,79.0,R,5.0,R,0.0,R,5.0,R,5.0,R,100.0,R,12.0
192785,2014,R,50.0,R,315.0,R,16.0,R,0.0,R,0.0,R,0.0,R,0.0,A,,R,5.0,R,0.0,R,5.0,R,5.0,R,100.0,R,8.0
192800,2014,A,,A,,A,,R,1.0,R,0.0,R,1.0,R,0.0,R,0.0,A,,A,,A,,A,,A,,R,25.0
192819,2014,R,1127.0,R,1518.0,R,74.0,R,1149.0,R,1.0,R,1148.0,R,1043.0,R,91.0,A,,A,,A,,A,,A,,R,16.0
192828,2014,A,,A,,A,,R,23.0,R,0.0,R,23.0,R,15.0,R,65.0,R,9.0,R,0.0,R,9.0,R,5.0,R,56.0,R,9.0
192864,2014,R,495.0,R,632.0,R,78.0,R,397.0,R,0.0,R,397.0,R,295.0,R,74.0,R,2.0,R,0.0,R,2.0,R,1.0,R,50.0,R,11.0
192925,2014,R,438.0,R,734.0,R,60.0,R,313.0,R,0.0,R,313.0,R,197.0,R,63.0,R,5.0,R,0.0,R,5.0,R,0.0,R,0.0,R,17.0
192961,2014,R,2.0,R,27.0,R,7.0,R,1.0,Z,0.0,R,1.0,R,1.0,R,100.0,R,0.0,R,0.0,R,0.0,R,0.0,A,,R,5.0
192970,2014,A,,A,,A,,A,,A,,A,,A,,A,,A,,A,,A,,A,,A,,R,6.0
193016,2014,R,741.0,R,2752.0,R,27.0,R,811.0,Z,0.0,R,811.0,R,537.0,R,66.0,R,9.0,Z,0.0,R,9.0,R,2.0,R,22.0,R,19.0
193052,2014,R,8.0,R,68.0,R,12.0,R,17.0,R,0.0,R,17.0,R,15.0,R,88.0,A,,A,,A,,A,,A,,R,31.0
193061,2014,R,1.0,R,3.0,R,33.0,R,4.0,R,0.0,R,4.0,R,4.0,R,100.0,A,,A,,A,,A,,A,,R,9.0
193070,2014,R,23.0,R,23.0,R,100.0,R,12.0,R,0.0,R,12.0,R,12.0,R,100.0,A,,A,,A,,A,,A,,R,7.0
193122,2014,A,,A,,A,,R,39.0,Z,0.0,R,39.0,R,33.0,R,85.0,R,102.0,Z,0.0,R,102.0,R,83.0,R,81.0,R,30.0
193186,2014,A,,A,,A,,R,24.0,R,0.0,R,24.0,R,22.0,R,92.0,R,12.0,R,0.0,R,12.0,R,10.0,R,83.0,R,16.0
193201,2014,R,111.0,R,154.0,R,72.0,R,202.0,R,0.0,R,202.0,R,88.0,R,44.0,A,,A,,A,,A,,A,,R,31.0
193247,2014,R,45.0,R,51.0,R,88.0,R,34.0,R,0.0,R,34.0,R,22.0,R,65.0,A,,A,,A,,A,,A,,R,10.0
193265,2014,A,,A,,A,,R,51.0,R,0.0,R,51.0,R,49.0,R,96.0,R,17.0,R,0.0,R,17.0,R,15.0,R,88.0,R,13.0
193283,2014,R,1334.0,R,1756.0,R,76.0,R,1474.0,R,3.0,R,1471.0,R,867.0,R,59.0,R,103.0,R,0.0,R,103.0,R,41.0,R,40.0,R,18.0
193292,2014,R,490.0,R,908.0,R,54.0,R,492.0,R,0.0,R,492.0,R,441.0,R,90.0,R,6.0,R,0.0,R,6.0,R,1.0,R,17.0,R,10.0
193308,2014,R,902.0,R,3598.0,R,25.0,R,325.0,R,0.0,R,325.0,R,243.0,R,75.0,R,20.0,R,0.0,R,20.0,R,10.0,R,50.0,R,15.0
193326,2014,R,2941.0,R,4943.0,R,59.0,R,3354.0,R,1.0,R,3353.0,R,2036.0,R,61.0,R,440.0,Z,0.0,R,440.0,R,174.0,R,40.0,R,22.0
193353,2014,R,411.0,R,629.0,R,65.0,R,448.0,R,0.0,R,448.0,R,333.0,R,74.0,R,1.0,R,0.0,R,1.0,R,0.0,R,0.0,R,14.0
193399,2014,R,518.0,R,623.0,R,83.0,R,386.0,R,0.0,R,386.0,R,268.0,R,69.0,A,,A,,A,,A,,A,,R,13.0
193478,2014,R,4005.0,R,6158.0,R,65.0,R,4134.0,Z,0.0,R,4134.0,R,2893.0,R,70.0,R,628.0,Z,0.0,R,628.0,R,366.0,R,58.0,R,20.0
193584,2014,R,476.0,R,622.0,R,77.0,R,423.0,R,0.0,R,423.0,R,353.0,R,83.0,R,0.0,R,0.0,R,0.0,R,0.0,A,,R,9.0
193609,2014,A,,A,,A,,R,17.0,Z,0.0,R,17.0,R,16.0,R,94.0,A,,A,,A,,A,,A,,R,7.0
193645,2014,R,398.0,R,673.0,R,59.0,R,473.0,R,1.0,R,472.0,R,252.0,R,53.0,R,19.0,R,0.0,R,19.0,R,3.0,R,16.0,R,15.0
193654,2014,R,1168.0,R,1990.0,R,59.0,R,994.0,R,0.0,R,994.0,R,828.0,R,83.0,R,38.0,R,0.0,R,38.0,R,30.0,R,79.0,R,10.0
193672,2014,A,,A,,A,,A,,A,,A,,A,,A,,A,,A,,A,,A,,A,,R,12.0
193760,2014,A,,A,,A,,R,160.0,R,0.0,R,160.0,R,87.0,R,54.0,R,79.0,R,0.0,R,79.0,R,49.0,R,62.0,R,18.0
193858,2014,A,,A,,A,,R,171.0,R,0.0,R,171.0,R,146.0,R,85.0,A,,A,,A,,A,,A,,R,20.0
193900,2014,R,5860.0,R,7239.0,R,81.0,R,5613.0,R,20.0,R,5593.0,R,5145.0,R,92.0,R,33.0,R,0.0,R,33.0,R,20.0,R,61.0,R,10.0
193946,2014,R,1311.0,R,1960.0,R,67.0,R,1397.0,Z,0.0,R,1397.0,R,872.0,R,62.0,R,107.0,Z,0.0,R,107.0,R,52.0,R,49.0,R,17.0
193973,2014,R,616.0,R,839.0,R,73.0,R,698.0,R,0.0,R,698.0,R,583.0,R,84.0,R,2.0,R,0.0,R,2.0,R,1.0,R,50.0,R,13.0
193991,2014,A,,A,,A,,R,30.0,R,0.0,R,30.0,R,26.0,R,87.0,A,,A,,A,,A,,A,,R,19.0
194028,2014,R,398.0,R,576.0,R,69.0,R,359.0,Z,0.0,R,359.0,R,187.0,R,52.0,R,36.0,Z,0.0,R,36.0,R,10.0,R,28.0,R,16.0
194091,2014,R,679.0,R,1152.0,R,59.0,R,773.0,R,2.0,R,771.0,R,582.0,R,75.0,R,54.0,R,0.0,R,54.0,R,18.0,R,33.0,R,14.0
194116,2014,R,13.0,R,82.0,R,16.0,R,9.0,R,0.0,R,9.0,R,8.0,R,89.0,R,1.0,R,0.0,R,1.0,R,1.0,R,100.0,R,9.0
194161,2014,R,240.0,R,492.0,R,49.0,R,216.0,R,0.0,R,216.0,R,138.0,R,64.0,R,15.0,Z,0.0,R,15.0,R,9.0,R,60.0,R,12.0
194189,2014,R,8.0,R,8.0,R,100.0,R,1.0,R,0.0,R,1.0,R,1.0,R,100.0,A,,A,,A,,A,,A,,R,7.0
194222,2014,R,2214.0,R,3480.0,R,64.0,R,2239.0,Z,0.0,R,2239.0,R,1269.0,R,57.0,R,237.0,Z,0.0,R,237.0,R,87.0,R,37.0,R,25.0
194240,2014,R,1165.0,R,1898.0,R,61.0,R,1193.0,Z,0.0,R,1193.0,R,763.0,R,64.0,R,239.0,Z,0.0,R,239.0,R,111.0,R,46.0,R,17.0
194259,2014,A,,A,,A,,R,9.0,R,0.0,R,9.0,R,9.0,R,100.0,A,,A,,A,,A,,A,,R,11.0
194310,2014,R,1938.0,R,3088.0,R,63.0,R,1758.0,R,0.0,R,1758.0,R,1337.0,R,76.0,R,42.0,R,0.0,R,42.0,R,33.0,R,79.0,R,14.0
194392,2014,R,244.0,R,308.0,R,79.0,R,174.0,R,0.0,R,174.0,R,119.0,R,68.0,A,,A,,A,,A,,A,,R,14.0
194435,2014,A,,A,,A,,R,11.0,R,0.0,R,11.0,R,8.0,R,73.0,R,1.0,R,0.0,R,1.0,R,1.0,R,100.0,R,20.0
194499,2014,R,221.0,R,303.0,R,73.0,R,0.0,R,0.0,R,0.0,R,0.0,A,,A,,A,,A,,A,,A,,R,28.0
194569,2014,R,48.0,R,171.0,R,28.0,R,25.0,R,1.0,R,24.0,R,15.0,R,63.0,R,0.0,R,0.0,R,0.0,R,0.0,A,,R,16.0
194578,2014,R,730.0,R,960.0,R,76.0,R,688.0,R,9.0,R,679.0,R,578.0,R,85.0,R,1.0,R,0.0,R,1.0,R,1.0,R,100.0,R,8.0
194657,2014,R,29.0,R,45.0,R,64.0,R,44.0,R,0.0,R,44.0,R,35.0,R,80.0,A,,A,,A,,A,,A,,R,17.0
194666,2014,R,45.0,R,70.0,R,64.0,R,36.0,R,0.0,R,36.0,R,35.0,R,97.0,A,,A,,A,,A,,A,,R,43.0
194675,2014,R,12.0,R,12.0,R,100.0,R,6.0,R,0.0,R,6.0,R,5.0,R,83.0,A,,A,,A,,A,,A,,R,8.0
194693,2014,R,20.0,R,20.0,R,100.0,R,14.0,R,0.0,R,14.0,R,7.0,R,50.0,A,,A,,A,,A,,A,,R,9.0
194736,2014,A,,A,,A,,R,0.0,R,0.0,R,0.0,R,0.0,A,,A,,A,,A,,A,,A,,R,14.0
194763,2014,R,111.0,R,111.0,R,100.0,R,107.0,R,0.0,R,107.0,R,18.0,R,17.0,A,,A,,A,,A,,A,,R,42.0
194824,2014,R,1331.0,R,1513.0,R,88.0,R,1411.0,R,0.0,R,1411.0,R,1310.0,R,93.0,A,,A,,A,,A,,A,,R,15.0
194879,2014,A,,A,,A,,R,31.0,R,0.0,R,31.0,R,17.0,R,55.0,R,2.0,R,0.0,R,2.0,R,1.0,R,50.0,R,11.0
194958,2014,R,255.0,R,351.0,R,73.0,R,203.0,R,0.0,R,203.0,R,162.0,R,80.0,R,3.0,Z,0.0,R,3.0,R,0.0,R,0.0,R,13.0
194967,2014,A,,A,,A,,R,1.0,R,0.0,R,1.0,R,1.0,R,100.0,A,,A,,A,,A,,A,,R,21.0
195003,2014,R,2677.0,R,3806.0,R,70.0,R,2553.0,R,2.0,R,2551.0,R,2201.0,R,86.0,R,16.0,R,0.0,R,16.0,R,13.0,R,81.0,R,13.0
195030,2014,R,1436.0,R,1670.0,R,86.0,R,1472.0,R,0.0,R,1472.0,R,1420.0,R,96.0,A,,A,,A,,A,,A,,R,10.0
195058,2014,R,1380.0,R,2151.0,R,64.0,R,1452.0,R,0.0,R,1452.0,R,1038.0,R,71.0,R,121.0,R,0.0,R,121.0,R,74.0,R,61.0,R,22.0
195067,2014,A,,A,,A,,R,162.0,R,0.0,R,162.0,R,116.0,R,72.0,R,44.0,R,0.0,R,44.0,R,29.0,R,66.0,R,18.0
195128,2014,R,283.0,R,499.0,R,57.0,R,295.0,R,0.0,R,295.0,R,239.0,R,81.0,R,2.0,R,0.0,R,2.0,R,2.0,R,100.0,R,12.0
195164,2014,R,435.0,R,513.0,R,85.0,R,438.0,R,0.0,R,438.0,R,366.0,R,84.0,A,,A,,A,,A,,A,,R,11.0
195173,2014,R,510.0,R,718.0,R,71.0,R,566.0,R,0.0,R,566.0,R,460.0,R,81.0,R,2.0,R,0.0,R,2.0,R,1.0,R,50.0,R,17.0
195191,2014,R,4.0,R,159.0,R,3.0,R,7.0,R,0.0,R,7.0,R,7.0,R,100.0,A,,A,,A,,A,,A,,R,8.0
195216,2014,R,600.0,R,658.0,R,91.0,R,629.0,R,0.0,R,629.0,R,565.0,R,90.0,A,,A,,A,,A,,A,,R,11.0
195234,2014,R,534.0,R,883.0,R,60.0,R,619.0,R,0.0,R,619.0,R,482.0,R,78.0,R,2.0,R,0.0,R,2.0,R,1.0,R,50.0,R,14.0
195243,2014,R,233.0,R,879.0,R,27.0,R,332.0,R,0.0,R,332.0,R,255.0,R,77.0,R,0.0,R,0.0,R,0.0,R,0.0,A,,R,14.0
195289,2014,R,1.0,R,51.0,R,2.0,R,2.0,R,0.0,R,2.0,R,0.0,R,0.0,R,2.0,R,0.0,R,2.0,R,0.0,R,0.0,R,5.0
195304,2014,R,356.0,R,388.0,R,92.0,R,427.0,R,0.0,R,427.0,R,362.0,R,85.0,A,,A,,A,,A,,A,,R,10.0
195322,2014,R,765.0,R,1443.0,R,53.0,R,927.0,Z,0.0,R,927.0,R,514.0,R,55.0,R,147.0,Z,0.0,R,147.0,R,61.0,R,41.0,R,25.0
195438,2014,R,22.0,R,48.0,R,46.0,R,12.0,R,2.0,R,10.0,R,4.0,R,40.0,A,,A,,A,,A,,A,,R,12.0
195474,2014,R,709.0,R,880.0,R,81.0,R,764.0,R,0.0,R,764.0,R,678.0,R,89.0,A,,A,,A,,A,,A,,R,11.0
195526,2014,R,724.0,R,754.0,R,96.0,R,660.0,R,0.0,R,660.0,R,625.0,R,95.0,A,,A,,A,,A,,A,,R,8.0
195544,2014,R,496.0,R,1032.0,R,48.0,R,544.0,R,0.0,R,544.0,R,449.0,R,83.0,R,3.0,R,0.0,R,3.0,R,2.0,R,67.0,R,11.0
195702,2014,R,9.0,R,127.0,R,7.0,R,3.0,R,0.0,R,3.0,R,3.0,R,100.0,R,0.0,R,0.0,R,0.0,R,0.0,A,,R,7.0
195720,2014,R,597.0,R,856.0,R,70.0,R,521.0,R,0.0,R,521.0,R,460.0,R,88.0,A,,A,,A,,A,,A,,R,12.0
195784,2014,A,,A,,A,,R,90.0,Z,0.0,R,90.0,R,64.0,R,71.0,A,,A,,A,,A,,A,,R,13.0
195793,2014,A,,A,,A,,A,,A,,A,,A,,A,,A,,A,,A,,A,,A,,R,10.0
195809,2014,R,2790.0,R,8087.0,R,34.0,R,2774.0,R,1.0,R,2773.0,R,2181.0,R,79.0,R,5.0,R,0.0,R,5.0,R,4.0,R,80.0,R,17.0
195845,2014,R,20.0,R,109.0,R,18.0,R,31.0,R,0.0,R,31.0,R,20.0,R,65.0,R,5.0,R,0.0,R,5.0,R,0.0,R,0.0,R,16.0
195933,2014,A,,A,,A,,R,197.0,R,0.0,R,197.0,R,155.0,R,79.0,R,41.0,R,0.0,R,41.0,R,29.0,R,71.0,R,17.0
195988,2014,R,329.0,R,448.0,R,73.0,R,367.0,R,0.0,R,367.0,R,185.0,R,50.0,R,24.0,R,0.0,R,24.0,R,4.0,R,17.0,R,18.0
196006,2014,R,1080.0,R,1398.0,R,77.0,R,146.0,Z,0.0,R,146.0,R,126.0,R,86.0,R,0.0,R,0.0,R,0.0,R,0.0,A,,R,18.0
196015,2014,R,726.0,R,1071.0,R,68.0,R,117.0,Z,0.0,R,117.0,R,89.0,R,76.0,R,1.0,Z,0.0,R,1.0,Z,0.0,R,0.0,R,17.0
196024,2014,R,944.0,R,1282.0,R,74.0,R,100.0,Z,0.0,R,100.0,R,69.0,R,69.0,R,0.0,R,0.0,R,0.0,R,0.0,A,,R,17.0
196033,2014,R,780.0,R,1027.0,R,76.0,R,178.0,Z,0.0,R,178.0,R,137.0,R,77.0,R,2.0,Z,0.0,R,2.0,Z,0.0,R,0.0,R,20.0
196042,2014,R,1047.0,R,2317.0,R,45.0,R,369.0,Z,0.0,R,369.0,R,294.0,R,80.0,R,4.0,Z,0.0,R,4.0,R,2.0,R,50.0,R,19.0
196051,2014,R,771.0,R,1091.0,R,71.0,R,84.0,Z,0.0,R,84.0,R,65.0,R,77.0,R,0.0,R,0.0,R,0.0,R,0.0,A,,R,11.0
196060,2014,R,2546.0,R,4074.0,R,62.0,R,2564.0,Z,0.0,R,2564.0,R,2072.0,R,81.0,R,2.0,Z,0.0,R,2.0,R,1.0,R,50.0,R,18.0
196079,2014,R,2528.0,R,3781.0,R,67.0,R,2585.0,R,13.0,R,2572.0,R,2295.0,R,89.0,R,48.0,R,0.0,R,48.0,R,42.0,R,88.0,R,20.0
196088,2014,R,3498.0,R,5293.0,R,66.0,R,3636.0,Z,0.0,R,3636.0,R,3203.0,R,88.0,R,17.0,Z,0.0,R,17.0,R,12.0,R,71.0,R,13.0
196097,2014,R,2852.0,R,4688.0,R,61.0,R,2708.0,Z,0.0,R,2708.0,R,2419.0,R,89.0,R,1.0,Z,0.0,R,1.0,Z,0.0,R,0.0,R,16.0
196103,2014,R,331.0,R,544.0,R,61.0,R,285.0,Z,0.0,R,285.0,R,239.0,R,84.0,A,,A,,A,,A,,A,,R,16.0
196112,2014,R,347.0,R,811.0,R,43.0,R,275.0,Z,0.0,R,275.0,R,206.0,R,75.0,A,,A,,A,,A,,A,,R,18.0
196121,2014,R,1089.0,R,2189.0,R,50.0,R,1079.0,R,0.0,R,1079.0,R,886.0,R,82.0,R,1.0,Z,0.0,R,1.0,R,1.0,R,100.0,R,17.0
196130,2014,R,1856.0,R,2953.0,R,63.0,R,1320.0,R,0.0,R,1320.0,R,968.0,R,73.0,R,4.0,R,0.0,R,4.0,R,2.0,R,50.0,R,16.0
196149,2014,R,1196.0,R,1843.0,R,65.0,R,1206.0,Z,0.0,R,1206.0,R,973.0,R,81.0,R,0.0,R,0.0,R,0.0,R,0.0,A,,R,16.0
196158,2014,R,1060.0,R,1453.0,R,73.0,R,1096.0,Z,0.0,R,1096.0,R,866.0,R,79.0,R,3.0,Z,0.0,R,3.0,R,3.0,R,100.0,R,15.0
196167,2014,R,1231.0,R,1550.0,R,79.0,R,1128.0,Z,0.0,R,1128.0,R,1014.0,R,90.0,R,4.0,Z,0.0,R,4.0,R,4.0,R,100.0,R,20.0
196176,2014,R,1077.0,R,1767.0,R,61.0,R,1104.0,R,0.0,R,1104.0,R,987.0,R,89.0,R,0.0,R,0.0,R,0.0,R,0.0,A,,R,15.0
196185,2014,R,1107.0,R,1640.0,R,68.0,R,1119.0,Z,0.0,R,1119.0,R,970.0,R,87.0,A,,A,,A,,A,,A,,R,19.0
196194,2014,R,1413.0,R,2209.0,R,64.0,R,1504.0,Z,0.0,R,1504.0,R,1208.0,R,80.0,R,2.0,Z,0.0,R,2.0,R,1.0,R,50.0,R,18.0
196200,2014,R,820.0,R,1089.0,R,75.0,R,818.0,Z,0.0,R,818.0,R,656.0,R,80.0,R,3.0,Z,0.0,R,3.0,R,2.0,R,67.0,R,13.0
196219,2014,R,744.0,R,1213.0,R,61.0,R,773.0,R,0.0,R,773.0,R,610.0,R,79.0,R,2.0,R,0.0,R,2.0,R,2.0,R,100.0,R,15.0
196237,2014,R,457.0,R,1148.0,R,40.0,R,415.0,R,0.0,R,415.0,R,347.0,R,84.0,R,0.0,R,0.0,R,0.0,R,0.0,A,,R,19.0
196246,2014,R,1034.0,R,1601.0,R,65.0,R,953.0,Z,0.0,R,953.0,R,776.0,R,81.0,R,1.0,Z,0.0,R,1.0,Z,0.0,R,0.0,R,16.0
196255,2014,A,,A,,A,,A,,A,,A,,A,,A,,A,,A,,A,,A,,A,,R,9.0
196264,2014,R,185.0,R,2240.0,R,8.0,R,101.0,R,1.0,R,100.0,R,57.0,R,57.0,R,33.0,Z,0.0,R,33.0,R,17.0,R,52.0,R,15.0
196291,2014,R,349.0,R,455.0,R,77.0,R,328.0,Z,0.0,R,328.0,R,278.0,R,85.0,A,,A,,A,,A,,A,,R,15.0
196307,2014,A,,A,,A,,A,,A,,A,,A,,A,,A,,A,,A,,A,,A,,R,6.0
196389,2014,R,219.0,R,274.0,R,80.0,R,172.0,R,6.0,R,166.0,R,131.0,R,79.0,R,32.0,R,3.0,R,29.0,R,12.0,R,41.0,R,18.0
196413,2014,R,3461.0,R,4223.0,R,82.0,R,3476.0,R,1.0,R,3475.0,R,3193.0,R,92.0,R,11.0,R,0.0,R,11.0,R,7.0,R,64.0,R,16.0
196431,2014,R,56.0,R,209.0,R,27.0,R,49.0,R,0.0,R,49.0,R,49.0,R,100.0,A,,A,,A,,A,,A,,R,19.0
196440,2014,R,5.0,R,5.0,R,100.0,R,7.0,R,0.0,R,7.0,R,4.0,R,57.0,A,,A,,A,,A,,A,,R,8.0
196477,2014,R,458.0,R,818.0,R,56.0,R,553.0,R,0.0,R,553.0,R,239.0,R,43.0,R,9.0,R,0.0,R,9.0,R,2.0,R,22.0,R,23.0
196565,2014,R,772.0,R,1224.0,R,63.0,R,841.0,R,1.0,R,840.0,R,450.0,R,54.0,R,45.0,Z,0.0,R,45.0,R,19.0,R,42.0,R,17.0
196583,2014,R,36.0,R,38.0,R,95.0,R,53.0,R,0.0,R,53.0,R,20.0,R,38.0,A,,A,,A,,A,,A,,R,10.0
196592,2014,R,602.0,R,1658.0,R,36.0,R,200.0,R,0.0,R,200.0,R,128.0,R,64.0,R,25.0,Z,0.0,R,25.0,R,16.0,R,64.0,R,16.0
196653,2014,R,128.0,R,392.0,R,33.0,R,0.0,R,0.0,R,0.0,R,0.0,A,,R,0.0,R,0.0,R,0.0,R,0.0,A,,R,11.0
196680,2014,A,,A,,A,,A,,A,,A,,A,,A,,A,,A,,A,,A,,A,,R,15.0
196699,2014,R,521.0,R,840.0,R,62.0,R,583.0,Z,0.0,R,583.0,R,360.0,R,62.0,R,70.0,Z,0.0,R,70.0,R,36.0,R,51.0,R,20.0
196857,2014,A,,A,,A,,R,174.0,Z,0.0,R,174.0,R,113.0,R,65.0,A,,A,,A,,A,,A,,R,30.0
196866,2014,R,570.0,R,628.0,R,91.0,R,559.0,R,0.0,R,559.0,R,505.0,R,90.0,A,,A,,A,,A,,A,,R,10.0
197018,2014,R,513.0,R,644.0,R,80.0,R,512.0,R,1.0,R,511.0,R,468.0,R,92.0,A,,A,,A,,A,,A,,R,20.0
197027,2014,R,230.0,R,261.0,R,88.0,R,214.0,R,0.0,R,214.0,R,204.0,R,95.0,A,,A,,A,,A,,A,,R,13.0
197036,2014,R,1200.0,R,1200.0,R,100.0,R,1176.0,R,0.0,R,1176.0,R,1101.0,R,94.0,A,,A,,A,,A,,A,,R,7.0
197045,2014,R,471.0,R,904.0,R,52.0,R,486.0,R,0.0,R,486.0,R,348.0,R,72.0,R,2.0,R,0.0,R,2.0,R,1.0,R,50.0,R,11.0
197081,2014,R,38.0,R,216.0,R,18.0,R,46.0,R,0.0,R,46.0,R,30.0,R,65.0,R,3.0,R,0.0,R,3.0,R,3.0,R,100.0,R,8.0
197133,2014,R,662.0,R,694.0,R,95.0,R,655.0,R,0.0,R,655.0,R,625.0,R,95.0,R,0.0,Z,0.0,R,0.0,Z,0.0,A,,R,8.0
197142,2014,R,105.0,R,189.0,R,56.0,R,80.0,R,0.0,R,80.0,R,48.0,R,60.0,R,1.0,R,0.0,R,1.0,R,1.0,R,100.0,R,8.0
197151,2014,R,621.0,R,995.0,R,62.0,R,655.0,R,0.0,R,655.0,R,537.0,R,82.0,R,1.0,R,1.0,R,0.0,Z,0.0,A,,R,9.0
197197,2014,R,441.0,R,563.0,R,78.0,R,430.0,R,0.0,R,430.0,R,353.0,R,82.0,A,,A,,A,,A,,A,,R,15.0
197221,2014,R,24.0,R,28.0,R,86.0,R,26.0,R,0.0,R,26.0,R,22.0,R,85.0,A,,A,,A,,A,,A,,R,8.0
197230,2014,R,163.0,R,209.0,R,78.0,R,161.0,R,0.0,R,161.0,R,111.0,R,69.0,A,,A,,A,,A,,A,,R,10.0
197285,2014,R,180.0,R,457.0,R,39.0,R,39.0,R,0.0,R,39.0,R,28.0,R,72.0,R,0.0,R,0.0,R,0.0,R,0.0,A,,R,17.0
197294,2014,R,2034.0,R,3816.0,R,53.0,R,2070.0,Z,0.0,R,2070.0,R,1366.0,R,66.0,R,442.0,Z,0.0,R,442.0,R,236.0,R,53.0,R,16.0
197337,2014,A,,A,,A,,R,8.0,Z,0.0,R,8.0,R,7.0,R,88.0,R,3.0,Z,0.0,R,3.0,R,3.0,R,100.0,R,20.0
197522,2014,R,141.0,R,196.0,R,72.0,R,183.0,R,1.0,R,182.0,R,155.0,R,85.0,A,,A,,A,,A,,A,,R,39.0
197531,2014,A,,A,,A,,R,393.0,R,0.0,R,393.0,R,151.0,R,38.0,A,,A,,A,,A,,A,,R,28.0
197601,2014,R,34.0,R,36.0,R,94.0,R,20.0,R,4.0,R,16.0,R,13.0,R,81.0,A,,A,,A,,A,,A,,R,11.0
197610,2014,R,52.0,R,52.0,R,100.0,R,64.0,R,0.0,R,64.0,R,41.0,R,64.0,A,,A,,A,,A,,A,,R,19.0
197647,2014,R,11.0,R,29.0,R,38.0,R,27.0,R,0.0,R,27.0,R,22.0,R,81.0,A,,A,,A,,A,,A,,R,9.0
197674,2014,R,83.0,R,92.0,R,90.0,R,69.0,R,0.0,R,69.0,R,66.0,R,96.0,A,,A,,A,,A,,A,,R,13.0
197692,2014,R,16.0,R,16.0,R,100.0,R,24.0,R,0.0,R,24.0,R,22.0,R,92.0,A,,A,,A,,A,,A,,R,11.0
197708,2014,R,811.0,R,828.0,R,98.0,R,860.0,R,365.0,R,495.0,R,472.0,R,95.0,R,2.0,R,0.0,R,2.0,R,1.0,R,50.0,R,7.0
197735,2014,R,101.0,R,103.0,R,98.0,R,111.0,R,0.0,R,111.0,R,109.0,R,98.0,A,,A,,A,,A,,A,,R,15.0
197744,2014,R,11.0,R,57.0,R,19.0,R,12.0,R,0.0,R,12.0,R,11.0,R,92.0,A,,A,,A,,A,,A,,R,23.0
197814,2014,R,301.0,R,1155.0,R,26.0,R,391.0,R,0.0,R,391.0,R,216.0,R,55.0,R,177.0,R,0.0,R,177.0,R,69.0,R,39.0,R,13.0
197832,2014,R,119.0,R,457.0,R,26.0,R,83.0,Z,0.0,R,83.0,R,34.0,R,41.0,R,29.0,Z,0.0,R,29.0,R,10.0,R,34.0,R,18.0
197850,2014,R,192.0,R,871.0,R,22.0,R,190.0,R,0.0,R,190.0,R,110.0,R,58.0,R,285.0,R,0.0,R,285.0,R,84.0,R,29.0,R,15.0
197869,2014,R,3030.0,R,4478.0,R,68.0,R,2883.0,R,0.0,R,2883.0,R,2526.0,R,88.0,R,0.0,R,0.0,R,0.0,R,0.0,A,,R,16.0
197887,2014,R,532.0,R,2463.0,R,22.0,R,543.0,R,1.0,R,542.0,R,287.0,R,53.0,R,555.0,R,0.0,R,555.0,R,214.0,R,39.0,R,18.0
197911,2014,R,185.0,R,324.0,R,57.0,R,215.0,R,0.0,R,215.0,R,160.0,R,74.0,R,2.0,R,0.0,R,2.0,R,1.0,R,50.0,R,11.0
197966,2014,R,146.0,R,803.0,R,18.0,R,175.0,R,0.0,R,175.0,R,100.0,R,57.0,R,113.0,R,0.0,R,113.0,R,62.0,R,55.0,R,13.0
197984,2014,R,291.0,R,427.0,R,68.0,R,285.0,Z,0.0,R,285.0,R,180.0,R,63.0,R,1.0,Z,0.0,R,1.0,R,0.0,R,0.0,R,16.0
197993,2014,R,166.0,R,201.0,R,83.0,R,194.0,R,0.0,R,194.0,R,100.0,R,52.0,R,0.0,R,0.0,R,0.0,R,0.0,A,,R,9.0
198011,2014,R,107.0,R,629.0,R,17.0,R,139.0,R,0.0,R,139.0,R,66.0,R,47.0,R,81.0,R,0.0,R,81.0,R,25.0,R,31.0,R,12.0
198039,2014,R,148.0,R,626.0,R,24.0,R,171.0,R,0.0,R,171.0,R,124.0,R,73.0,R,196.0,R,0.0,R,196.0,R,90.0,R,46.0,R,12.0
198066,2014,R,218.0,R,284.0,R,77.0,R,242.0,Z,0.0,R,242.0,R,143.0,R,59.0,R,0.0,R,0.0,R,0.0,R,0.0,A,,R,11.0
198075,2014,A,,A,,A,,R,29.0,R,0.0,R,29.0,R,22.0,R,76.0,A,,A,,A,,A,,A,,R,16.0
198084,2014,R,179.0,R,627.0,R,29.0,R,186.0,R,0.0,R,186.0,R,111.0,R,60.0,R,64.0,R,0.0,R,64.0,R,27.0,R,42.0,R,21.0
198109,2014,R,23.0,R,141.0,R,16.0,R,0.0,R,0.0,R,0.0,R,0.0,A,,R,0.0,R,0.0,R,0.0,R,0.0,A,,R,6.0
198118,2014,R,309.0,R,2101.0,R,15.0,R,340.0,R,0.0,R,340.0,R,200.0,R,59.0,R,271.0,Z,0.0,R,271.0,R,123.0,R,45.0,R,18.0
198136,2014,R,871.0,R,1088.0,R,80.0,R,771.0,R,0.0,R,771.0,R,556.0,R,72.0,R,5.0,R,0.0,R,5.0,R,1.0,R,20.0,R,16.0
198154,2014,R,1035.0,R,3021.0,R,34.0,R,1089.0,R,2.0,R,1087.0,R,763.0,R,70.0,R,500.0,R,2.0,R,498.0,R,270.0,R,54.0,R,13.0
198190,2014,A,,A,,A,,A,,A,,A,,A,,A,,A,,A,,A,,A,,A,,R,2.0
198206,2014,R,104.0,R,683.0,R,15.0,R,119.0,Z,0.0,R,119.0,R,70.0,R,59.0,R,103.0,Z,0.0,R,103.0,R,34.0,R,33.0,R,8.0
198215,2014,R,344.0,R,446.0,R,77.0,R,333.0,R,0.0,R,333.0,R,243.0,R,73.0,A,,A,,A,,A,,A,,R,13.0
198233,2014,R,483.0,R,2190.0,R,22.0,R,486.0,R,0.0,R,486.0,R,343.0,R,71.0,R,442.0,R,0.0,R,442.0,R,204.0,R,46.0,R,11.0
198242,2014,R,12.0,R,63.0,R,19.0,R,1.0,R,0.0,R,1.0,R,1.0,R,100.0,R,0.0,R,0.0,R,0.0,R,0.0,A,,R,5.0
198251,2014,R,572.0,R,1867.0,R,31.0,R,581.0,R,0.0,R,581.0,R,337.0,R,58.0,R,275.0,R,0.0,R,275.0,R,98.0,R,36.0,R,16.0
198260,2014,R,1648.0,R,5196.0,R,32.0,R,1710.0,Z,0.0,R,1710.0,R,945.0,R,55.0,R,2049.0,Z,0.0,R,2049.0,R,865.0,R,42.0,R,19.0
198303,2014,R,531.0,R,625.0,R,85.0,R,474.0,R,0.0,R,474.0,R,247.0,R,52.0,R,0.0,R,0.0,R,0.0,R,0.0,A,,R,16.0
198321,2014,R,261.0,R,898.0,R,29.0,R,335.0,R,0.0,R,335.0,R,188.0,R,56.0,R,574.0,R,0.0,R,574.0,R,188.0,R,33.0,R,10.0
198330,2014,R,495.0,R,1502.0,R,33.0,R,551.0,R,0.0,R,551.0,R,325.0,R,59.0,R,327.0,R,0.0,R,327.0,R,121.0,R,37.0,R,14.0
198367,2014,R,231.0,R,719.0,R,32.0,R,279.0,Z,0.0,R,279.0,R,160.0,R,57.0,R,402.0,Z,0.0,R,402.0,R,150.0,R,37.0,R,14.0
198376,2014,R,471.0,R,1215.0,R,39.0,R,587.0,R,0.0,R,587.0,R,352.0,R,60.0,R,297.0,R,0.0,R,297.0,R,148.0,R,50.0,R,20.0
198385,2014,R,502.0,R,517.0,R,97.0,R,482.0,R,0.0,R,482.0,R,459.0,R,95.0,A,,A,,A,,A,,A,,R,10.0
198419,2014,R,1721.0,R,1866.0,R,92.0,R,1730.0,R,0.0,R,1730.0,R,1682.0,R,97.0,A,,A,,A,,A,,A,,R,7.0
198455,2014,R,222.0,R,1657.0,R,13.0,R,235.0,Z,0.0,R,235.0,R,138.0,R,59.0,R,526.0,Z,0.0,R,526.0,R,213.0,R,40.0,R,18.0
198464,2014,R,4180.0,R,6145.0,R,68.0,R,4463.0,R,0.0,R,4463.0,R,3624.0,R,81.0,R,32.0,R,0.0,R,32.0,R,25.0,R,78.0,R,18.0
198491,2014,R,222.0,R,1169.0,R,19.0,R,328.0,R,0.0,R,328.0,R,106.0,R,32.0,R,156.0,R,0.0,R,156.0,R,33.0,R,21.0,R,26.0
198507,2014,R,204.0,R,349.0,R,58.0,R,322.0,R,0.0,R,322.0,R,220.0,R,68.0,R,1.0,R,0.0,R,1.0,R,1.0,R,100.0,R,14.0
198516,2014,R,1496.0,R,1594.0,R,94.0,R,1474.0,R,0.0,R,1474.0,R,1343.0,R,91.0,R,0.0,Z,0.0,R,0.0,Z,0.0,A,,R,12.0
198525,2014,A,,A,,A,,R,30.0,R,0.0,R,30.0,R,15.0,R,50.0,R,1.0,R,0.0,R,1.0,R,1.0,R,100.0,R,20.0
198534,2014,R,1076.0,R,5719.0,R,19.0,R,1068.0,R,45.0,R,1023.0,R,491.0,R,48.0,R,893.0,R,46.0,R,847.0,R,277.0,R,33.0,R,20.0
198543,2014,R,468.0,R,1431.0,R,33.0,R,689.0,R,0.0,R,689.0,R,513.0,R,74.0,R,18.0,R,0.0,R,18.0,R,3.0,R,17.0,R,18.0
198552,2014,R,703.0,R,2282.0,R,31.0,R,819.0,R,0.0,R,819.0,R,455.0,R,56.0,R,447.0,R,0.0,R,447.0,R,211.0,R,47.0,R,13.0
198561,2014,R,493.0,R,944.0,R,52.0,R,434.0,R,0.0,R,434.0,R,320.0,R,74.0,R,0.0,R,0.0,R,0.0,R,0.0,A,,R,13.0
198570,2014,R,486.0,R,2221.0,R,22.0,R,556.0,R,0.0,R,556.0,R,400.0,R,72.0,R,773.0,R,0.0,R,773.0,R,367.0,R,47.0,R,20.0
198598,2014,R,183.0,R,319.0,R,57.0,R,200.0,R,0.0,R,200.0,R,103.0,R,52.0,A,,A,,A,,A,,A,,R,12.0
198613,2014,R,351.0,R,591.0,R,59.0,R,392.0,R,0.0,R,392.0,R,290.0,R,74.0,R,14.0,R,0.0,R,14.0,R,7.0,R,50.0,R,14.0
198622,2014,R,1099.0,R,3602.0,R,31.0,R,937.0,R,0.0,R,937.0,R,386.0,R,41.0,R,1274.0,R,0.0,R,1274.0,R,649.0,R,51.0,R,20.0
198640,2014,R,213.0,R,437.0,R,49.0,R,204.0,R,0.0,R,204.0,R,109.0,R,53.0,R,95.0,R,0.0,R,95.0,R,31.0,R,33.0,R,11.0
198668,2014,R,120.0,R,976.0,R,12.0,R,133.0,R,0.0,R,133.0,R,86.0,R,65.0,R,283.0,R,0.0,R,283.0,R,144.0,R,51.0,R,6.0
198677,2014,R,5.0,R,15.0,R,33.0,R,6.0,R,0.0,R,6.0,R,3.0,R,50.0,R,3.0,R,0.0,R,3.0,R,2.0,R,67.0,R,7.0
198695,2014,R,1386.0,R,1455.0,R,95.0,R,1158.0,R,0.0,R,1158.0,R,894.0,R,77.0,A,,A,,A,,A,,A,,R,15.0
198710,2014,R,202.0,R,708.0,R,29.0,R,198.0,R,0.0,R,198.0,R,131.0,R,66.0,R,66.0,R,0.0,R,66.0,R,18.0,R,27.0,R,13.0
198729,2014,R,104.0,R,516.0,R,20.0,R,135.0,Z,0.0,R,135.0,R,77.0,R,57.0,R,47.0,Z,0.0,R,47.0,R,16.0,R,34.0,R,14.0
198747,2014,R,46.0,R,68.0,R,68.0,R,7.0,R,0.0,R,7.0,R,6.0,R,86.0,R,2.0,R,0.0,R,2.0,R,1.0,R,50.0,R,13.0
198756,2014,R,265.0,R,347.0,R,76.0,R,232.0,R,0.0,R,232.0,R,154.0,R,66.0,R,0.0,R,0.0,R,0.0,R,0.0,A,,R,11.0
198774,2014,R,353.0,R,1267.0,R,28.0,R,490.0,Z,0.0,R,490.0,R,327.0,R,67.0,R,248.0,Z,0.0,R,248.0,R,108.0,R,44.0,R,16.0
198808,2014,R,216.0,R,405.0,R,53.0,R,226.0,R,0.0,R,226.0,R,149.0,R,66.0,A,,A,,A,,A,,A,,R,15.0
198817,2014,R,336.0,R,1105.0,R,30.0,R,411.0,R,0.0,R,411.0,R,207.0,R,50.0,R,129.0,R,0.0,R,129.0,R,40.0,R,31.0,R,10.0
198835,2014,R,346.0,R,564.0,R,61.0,R,311.0,R,1.0,R,310.0,R,236.0,R,76.0,R,0.0,Z,0.0,R,0.0,Z,0.0,A,,R,12.0
198844,2014,A,,A,,A,,R,23.0,R,0.0,R,23.0,R,19.0,R,83.0,R,18.0,Z,0.0,R,18.0,R,15.0,R,83.0,R,20.0
198862,2014,R,453.0,R,512.0,R,88.0,R,395.0,R,0.0,R,395.0,R,218.0,R,55.0,A,,A,,A,,A,,A,,R,17.0
198871,2014,R,365.0,R,426.0,R,86.0,R,345.0,R,1.0,R,344.0,R,140.0,R,41.0,R,0.0,R,0.0,R,0.0,R,0.0,A,,R,15.0
198899,2014,R,404.0,R,514.0,R,79.0,R,417.0,R,0.0,R,417.0,R,232.0,R,56.0,R,2.0,R,0.0,R,2.0,R,0.0,R,0.0,R,11.0
198905,2014,R,46.0,R,244.0,R,19.0,R,64.0,R,0.0,R,64.0,R,35.0,R,55.0,R,31.0,R,0.0,R,31.0,R,2.0,R,6.0,R,14.0
198914,2014,R,131.0,R,424.0,R,31.0,R,80.0,R,0.0,R,80.0,R,52.0,R,65.0,R,66.0,R,0.0,R,66.0,R,30.0,R,45.0,R,14.0
198923,2014,R,61.0,R,425.0,R,14.0,R,97.0,Z,0.0,R,97.0,R,54.0,R,56.0,R,45.0,Z,0.0,R,45.0,R,17.0,R,38.0,R,8.0
198941,2014,A,,A,,A,,R,0.0,R,0.0,R,0.0,R,0.0,A,,R,0.0,R,0.0,R,0.0,R,0.0,A,,R,4.0
198950,2014,R,471.0,R,568.0,R,83.0,R,415.0,R,0.0,R,415.0,R,329.0,R,79.0,A,,A,,A,,A,,A,,R,12.0
198969,2014,R,526.0,R,823.0,R,64.0,R,548.0,R,0.0,R,548.0,R,346.0,R,63.0,R,10.0,R,0.0,R,10.0,R,5.0,R,50.0,R,12.0
198978,2014,R,350.0,R,1327.0,R,26.0,R,4.0,Z,0.0,R,4.0,R,4.0,R,100.0,R,1.0,Z,0.0,R,1.0,R,1.0,R,100.0,R,35.0
198987,2014,R,327.0,R,874.0,R,37.0,R,382.0,R,0.0,R,382.0,R,200.0,R,52.0,R,200.0,R,0.0,R,200.0,R,75.0,R,38.0,R,21.0
199005,2014,A,,A,,A,,R,22.0,R,0.0,R,22.0,R,20.0,R,91.0,A,,A,,A,,A,,A,,R,15.0
199014,2014,A,,A,,A,,R,20.0,R,0.0,R,20.0,R,14.0,R,70.0,R,10.0,R,0.0,R,10.0,R,4.0,R,40.0,R,20.0
199023,2014,R,89.0,R,450.0,R,20.0,R,83.0,R,0.0,R,83.0,R,44.0,R,53.0,R,37.0,R,0.0,R,37.0,R,12.0,R,32.0,R,8.0
199032,2014,R,106.0,R,231.0,R,46.0,R,103.0,R,0.0,R,103.0,R,60.0,R,58.0,R,4.0,R,0.0,R,4.0,R,2.0,R,50.0,R,12.0
199069,2014,R,285.0,R,937.0,R,30.0,R,200.0,Z,0.0,R,200.0,R,139.0,R,70.0,R,36.0,Z,0.0,R,36.0,R,17.0,R,47.0,R,13.0
199078,2014,A,,A,,A,,R,83.0,R,0.0,R,83.0,R,61.0,R,73.0,R,0.0,R,0.0,R,0.0,R,0.0,A,,R,16.0
199087,2014,R,359.0,R,1605.0,R,22.0,R,378.0,Z,0.0,R,378.0,R,216.0,R,57.0,R,139.0,Z,0.0,R,139.0,R,65.0,R,47.0,R,25.0
199102,2014,R,1707.0,R,2397.0,R,71.0,R,1768.0,R,0.0,R,1768.0,R,1399.0,R,79.0,R,9.0,R,0.0,R,9.0,R,3.0,R,33.0,R,18.0
199111,2014,R,628.0,R,1229.0,R,51.0,R,594.0,R,0.0,R,594.0,R,458.0,R,77.0,R,2.0,R,0.0,R,2.0,R,1.0,R,50.0,R,14.0
199120,2014,R,3976.0,R,5155.0,R,77.0,R,3943.0,R,0.0,R,3943.0,R,3827.0,R,97.0,R,3.0,R,0.0,R,3.0,R,2.0,R,67.0,R,13.0
199139,2014,R,3299.0,R,6130.0,R,54.0,R,3057.0,R,0.0,R,3057.0,R,2520.0,R,82.0,R,30.0,R,0.0,R,30.0,R,18.0,R,60.0,R,19.0
199148,2014,R,2572.0,R,4629.0,R,56.0,R,2467.0,R,0.0,R,2467.0,R,1934.0,R,78.0,R,15.0,R,0.0,R,15.0,R,4.0,R,27.0,R,17.0
199157,2014,R,923.0,R,1439.0,R,64.0,R,922.0,R,0.0,R,922.0,R,706.0,R,77.0,R,11.0,R,0.0,R,11.0,R,1.0,R,9.0,R,15.0
199184,2014,R,219.0,R,269.0,R,81.0,R,210.0,R,0.0,R,210.0,R,187.0,R,89.0,R,2.0,R,0.0,R,2.0,R,2.0,R,100.0,R,6.0
199193,2014,R,4493.0,R,6074.0,R,74.0,R,4159.0,R,0.0,R,4159.0,R,3867.0,R,93.0,R,6.0,R,0.0,R,6.0,R,1.0,R,17.0,R,16.0
199209,2014,R,319.0,R,526.0,R,61.0,R,218.0,R,0.0,R,218.0,R,121.0,R,56.0,R,1.0,R,0.0,R,1.0,R,0.0,R,0.0,R,13.0
199218,2014,R,2156.0,R,4052.0,R,53.0,R,1935.0,R,0.0,R,1935.0,R,1634.0,R,84.0,R,4.0,R,0.0,R,4.0,R,1.0,R,25.0,R,17.0
199263,2014,R,58.0,R,236.0,R,25.0,R,55.0,R,0.0,R,55.0,R,33.0,R,60.0,R,46.0,R,0.0,R,46.0,R,30.0,R,65.0,R,9.0
199272,2014,R,214.0,R,345.0,R,62.0,R,311.0,R,0.0,R,311.0,R,186.0,R,60.0,R,0.0,R,0.0,R,0.0,R,0.0,A,,R,13.0
199281,2014,R,1050.0,R,1776.0,R,59.0,R,1033.0,R,0.0,R,1033.0,R,703.0,R,68.0,R,17.0,R,0.0,R,17.0,R,4.0,R,24.0,R,15.0
199306,2014,R,200.0,R,325.0,R,62.0,R,231.0,R,0.0,R,231.0,R,153.0,R,66.0,R,3.0,R,0.0,R,3.0,R,2.0,R,67.0,R,12.0
199315,2014,R,23.0,R,51.0,R,45.0,R,29.0,R,0.0,R,29.0,R,16.0,R,55.0,R,1.0,Z,0.0,R,1.0,R,1.0,R,100.0,R,9.0
199324,2014,R,167.0,R,627.0,R,27.0,R,144.0,Z,0.0,R,144.0,R,94.0,R,65.0,R,70.0,Z,0.0,R,70.0,R,28.0,R,40.0,R,10.0
199333,2014,R,1186.0,R,2908.0,R,41.0,R,1038.0,R,0.0,R,1038.0,R,547.0,R,53.0,R,443.0,R,0.0,R,443.0,R,158.0,R,36.0,R,17.0
199412,2014,R,287.0,R,497.0,R,58.0,R,315.0,R,0.0,R,315.0,R,229.0,R,73.0,R,1.0,R,0.0,R,1.0,R,1.0,R,100.0,R,10.0
199421,2014,R,227.0,R,803.0,R,28.0,R,291.0,R,0.0,R,291.0,R,212.0,R,73.0,R,356.0,R,0.0,R,356.0,R,180.0,R,51.0,R,13.0
199449,2014,R,205.0,R,825.0,R,25.0,R,224.0,R,0.0,R,224.0,R,135.0,R,60.0,R,250.0,R,0.0,R,250.0,R,90.0,R,36.0,R,15.0
199458,2014,R,45.0,R,70.0,R,64.0,R,33.0,R,0.0,R,33.0,R,19.0,R,58.0,R,2.0,R,0.0,R,2.0,R,1.0,R,50.0,R,12.0
199467,2014,R,61.0,R,327.0,R,19.0,R,76.0,R,0.0,R,76.0,R,46.0,R,61.0,R,69.0,R,0.0,R,69.0,R,13.0,R,19.0,R,13.0
199476,2014,R,183.0,R,729.0,R,25.0,R,193.0,R,0.0,R,193.0,R,84.0,R,44.0,R,225.0,R,0.0,R,225.0,R,84.0,R,37.0,R,17.0
199485,2014,R,240.0,R,508.0,R,47.0,R,268.0,R,0.0,R,268.0,R,144.0,R,54.0,R,186.0,R,0.0,R,186.0,R,91.0,R,49.0,R,11.0
199494,2014,R,889.0,R,2978.0,R,30.0,R,1633.0,R,0.0,R,1633.0,R,546.0,R,33.0,R,1887.0,R,0.0,R,1887.0,R,546.0,R,29.0,R,11.0
199582,2014,R,267.0,R,301.0,R,89.0,R,323.0,R,0.0,R,323.0,R,135.0,R,42.0,R,0.0,R,0.0,R,0.0,R,0.0,A,,R,12.0
199607,2014,R,200.0,R,280.0,R,71.0,R,180.0,R,0.0,R,180.0,R,135.0,R,75.0,R,1.0,R,0.0,R,1.0,R,1.0,R,100.0,R,11.0
199625,2014,R,105.0,R,447.0,R,23.0,R,165.0,R,0.0,R,165.0,R,71.0,R,43.0,R,64.0,R,0.0,R,64.0,R,17.0,R,27.0,R,14.0
199634,2014,R,411.0,R,2202.0,R,19.0,R,478.0,R,0.0,R,478.0,R,260.0,R,54.0,R,199.0,R,0.0,R,199.0,R,73.0,R,37.0,R,16.0
199643,2014,R,460.0,R,575.0,R,80.0,R,534.0,Z,0.0,R,534.0,R,225.0,R,42.0,R,3.0,Z,0.0,R,3.0,R,0.0,R,0.0,R,15.0
199670,2014,A,,A,,A,,R,0.0,Z,0.0,R,0.0,Z,0.0,A,,R,0.0,Z,0.0,R,0.0,Z,0.0,A,,R,20.0
199689,2014,A,,A,,A,,R,26.0,Z,0.0,R,26.0,R,22.0,R,85.0,R,2.0,Z,0.0,R,2.0,R,2.0,R,100.0,R,15.0
199698,2014,R,152.0,R,234.0,R,65.0,R,178.0,R,0.0,R,178.0,R,107.0,R,60.0,A,,A,,A,,A,,A,,R,15.0
199713,2014,A,,A,,A,,R,25.0,R,0.0,R,25.0,R,11.0,R,44.0,A,,A,,A,,A,,A,,R,14.0
199722,2014,R,210.0,R,611.0,R,34.0,R,226.0,R,0.0,R,226.0,R,112.0,R,50.0,R,94.0,R,0.0,R,94.0,R,30.0,R,32.0,R,14.0
199731,2014,R,191.0,R,1022.0,R,19.0,R,143.0,R,0.0,R,143.0,R,93.0,R,65.0,R,96.0,R,0.0,R,96.0,R,35.0,R,36.0,R,15.0
199740,2014,R,266.0,R,1347.0,R,20.0,R,258.0,R,0.0,R,258.0,R,149.0,R,58.0,R,141.0,R,0.0,R,141.0,R,61.0,R,43.0,R,15.0
199759,2014,R,92.0,R,226.0,R,41.0,R,63.0,R,0.0,R,63.0,R,50.0,R,79.0,R,29.0,R,0.0,R,29.0,R,24.0,R,83.0,R,20.0
199768,2014,R,414.0,R,1148.0,R,36.0,R,366.0,R,14.0,R,352.0,R,249.0,R,71.0,R,134.0,R,1.0,R,133.0,R,58.0,R,44.0,R,17.0
199786,2014,R,369.0,R,1752.0,R,21.0,R,392.0,R,0.0,R,392.0,R,240.0,R,61.0,R,195.0,R,0.0,R,195.0,R,72.0,R,37.0,R,15.0
199795,2014,R,141.0,R,467.0,R,30.0,R,118.0,R,1.0,R,117.0,R,59.0,R,50.0,R,29.0,R,0.0,R,29.0,R,10.0,R,34.0,R,16.0
199838,2014,R,257.0,R,1476.0,R,17.0,R,190.0,Z,0.0,R,190.0,R,149.0,R,78.0,R,567.0,Z,0.0,R,567.0,R,102.0,R,18.0,R,16.0
199847,2014,R,1287.0,R,1319.0,R,98.0,R,1230.0,R,0.0,R,1230.0,R,1150.0,R,93.0,R,0.0,R,0.0,R,0.0,R,0.0,A,,R,11.0
199856,2014,R,2045.0,R,10655.0,R,19.0,R,1629.0,R,0.0,R,1629.0,R,1166.0,R,72.0,R,2094.0,R,0.0,R,2094.0,R,1040.0,R,50.0,R,18.0
199865,2014,R,234.0,R,293.0,R,80.0,R,220.0,R,0.0,R,220.0,R,145.0,R,66.0,A,,A,,A,,A,,A,,R,10.0
199883,2014,A,,A,,A,,A,,A,,A,,A,,A,,A,,A,,A,,A,,A,,R,10.0
199892,2014,R,395.0,R,1710.0,R,23.0,R,440.0,Z,0.0,R,440.0,R,272.0,R,62.0,R,215.0,Z,0.0,R,215.0,R,80.0,R,37.0,R,11.0
199908,2014,R,228.0,R,889.0,R,26.0,R,319.0,R,0.0,R,319.0,R,192.0,R,60.0,R,141.0,R,0.0,R,141.0,R,44.0,R,31.0,R,11.0
199926,2014,R,298.0,R,941.0,R,32.0,R,354.0,R,0.0,R,354.0,R,201.0,R,57.0,R,79.0,R,0.0,R,79.0,R,25.0,R,32.0,R,11.0
199953,2014,R,172.0,R,931.0,R,18.0,R,201.0,Z,0.0,R,201.0,R,91.0,R,45.0,R,56.0,Z,0.0,R,56.0,R,18.0,R,32.0,R,15.0
199962,2014,R,583.0,R,664.0,R,88.0,R,642.0,R,0.0,R,642.0,R,465.0,R,72.0,A,,A,,A,,A,,A,,R,15.0
199971,2014,R,2.0,R,4.0,R,50.0,R,2.0,R,0.0,R,2.0,R,2.0,R,100.0,A,,A,,A,,A,,A,,R,12.0
199980,2014,A,,A,,A,,R,17.0,R,0.0,R,17.0,R,12.0,R,71.0,A,,A,,A,,A,,A,,R,20.0
199999,2014,R,844.0,R,1407.0,R,60.0,R,724.0,R,0.0,R,724.0,R,569.0,R,79.0,R,4.0,R,0.0,R,4.0,R,2.0,R,50.0,R,14.0
200004,2014,R,1745.0,R,2711.0,R,64.0,R,1614.0,R,0.0,R,1614.0,R,1257.0,R,78.0,R,7.0,R,0.0,R,7.0,R,5.0,R,71.0,R,16.0
200013,2014,R,23.0,R,186.0,R,12.0,R,4.0,Z,0.0,R,4.0,R,3.0,R,75.0,R,2.0,Z,0.0,R,2.0,R,1.0,R,50.0,R,18.0
200022,2014,R,823.0,R,1683.0,R,49.0,R,0.0,R,0.0,R,0.0,R,0.0,A,,R,0.0,R,0.0,R,0.0,R,0.0,A,,R,14.0
200059,2014,R,182.0,R,542.0,R,34.0,R,163.0,R,0.0,R,163.0,R,93.0,R,57.0,R,2.0,R,0.0,R,2.0,R,1.0,R,50.0,R,11.0
200086,2014,R,15.0,R,52.0,R,29.0,R,1.0,R,0.0,R,1.0,R,1.0,R,100.0,R,1.0,R,0.0,R,1.0,R,1.0,R,100.0,R,7.0
200110,2014,A,,A,,A,,R,28.0,R,0.0,R,28.0,R,20.0,R,71.0,A,,A,,A,,A,,A,,R,13.0
200129,2014,A,,A,,A,,R,31.0,R,0.0,R,31.0,R,19.0,R,61.0,A,,A,,A,,A,,A,,R,17.0
200156,2014,R,210.0,R,287.0,R,73.0,R,257.0,R,0.0,R,257.0,R,170.0,R,66.0,R,4.0,R,0.0,R,4.0,R,0.0,R,0.0,R,13.0
200165,2014,A,,A,,A,,R,13.0,R,0.0,R,13.0,R,6.0,R,46.0,A,,A,,A,,A,,A,,R,12.0
200192,2014,R,197.0,R,1163.0,R,17.0,R,186.0,R,0.0,R,186.0,R,116.0,R,62.0,R,16.0,R,0.0,R,16.0,R,4.0,R,25.0,R,14.0
200208,2014,R,26.0,R,61.0,R,43.0,R,34.0,R,1.0,R,33.0,R,9.0,R,27.0,R,7.0,R,0.0,R,7.0,R,1.0,R,14.0,R,8.0
200217,2014,R,420.0,R,678.0,R,62.0,R,423.0,R,0.0,R,423.0,R,322.0,R,76.0,R,0.0,R,0.0,R,0.0,R,0.0,A,,R,15.0
200226,2014,R,170.0,R,500.0,R,34.0,R,132.0,R,0.0,R,132.0,R,72.0,R,55.0,R,2.0,R,0.0,R,2.0,R,1.0,R,50.0,R,17.0
200253,2014,R,316.0,R,1031.0,R,31.0,R,349.0,R,0.0,R,349.0,R,234.0,R,67.0,R,48.0,R,0.0,R,48.0,R,25.0,R,52.0,R,13.0
200262,2014,A,,A,,A,,R,2.0,R,0.0,R,2.0,R,2.0,R,100.0,A,,A,,A,,A,,A,,R,12.0
200280,2014,R,1882.0,R,3063.0,R,61.0,R,1887.0,Z,0.0,R,1887.0,R,1504.0,R,80.0,R,20.0,Z,0.0,R,20.0,R,10.0,R,50.0,R,19.0
200305,2014,R,682.0,R,1549.0,R,44.0,R,743.0,R,0.0,R,743.0,R,528.0,R,71.0,R,56.0,R,0.0,R,56.0,R,26.0,R,46.0,R,12.0
200314,2014,R,174.0,R,442.0,R,39.0,R,161.0,R,0.0,R,161.0,R,85.0,R,53.0,R,11.0,R,0.0,R,11.0,R,3.0,R,27.0,R,9.0
200332,2014,R,2452.0,R,3389.0,R,72.0,R,2525.0,R,0.0,R,2525.0,R,2023.0,R,80.0,R,29.0,R,0.0,R,29.0,R,14.0,R,48.0,R,19.0
200341,2014,R,150.0,R,487.0,R,31.0,R,146.0,R,0.0,R,146.0,R,68.0,R,47.0,R,21.0,R,0.0,R,21.0,R,2.0,R,10.0,R,18.0
200387,2014,A,,A,,A,,R,7.0,R,0.0,R,7.0,R,5.0,R,71.0,A,,A,,A,,A,,A,,R,16.0
200466,2014,R,45.0,R,86.0,R,52.0,R,0.0,R,0.0,R,0.0,R,0.0,A,,R,0.0,R,0.0,R,0.0,R,0.0,A,,R,7.0
200484,2014,R,69.0,R,84.0,R,82.0,R,43.0,R,0.0,R,43.0,R,27.0,R,63.0,R,8.0,R,0.0,R,8.0,R,5.0,R,63.0,R,11.0
200527,2014,R,123.0,R,168.0,R,73.0,R,18.0,R,0.0,R,18.0,R,14.0,R,78.0,R,0.0,R,0.0,R,0.0,R,0.0,A,,R,10.0
200554,2014,R,154.0,R,294.0,R,52.0,R,15.0,R,0.0,R,15.0,R,5.0,R,33.0,R,1.0,R,0.0,R,1.0,R,1.0,R,100.0,R,8.0
200572,2014,R,168.0,R,400.0,R,42.0,R,159.0,R,0.0,R,159.0,R,111.0,R,70.0,R,26.0,R,0.0,R,26.0,R,17.0,R,65.0,R,11.0
200590,2014,R,7.0,R,76.0,R,9.0,R,6.0,R,0.0,R,6.0,R,2.0,R,33.0,R,19.0,R,0.0,R,19.0,R,12.0,R,63.0,R,7.0
200624,2014,R,6.0,R,8.0,R,75.0,R,9.0,R,0.0,R,9.0,R,8.0,R,89.0,A,,A,,A,,A,,A,,R,6.0
200633,2014,R,58.0,R,81.0,R,72.0,R,53.0,Z,0.0,R,53.0,R,29.0,R,55.0,R,27.0,Z,0.0,R,27.0,R,7.0,R,26.0,R,14.0
200785,2014,R,39.0,R,81.0,R,48.0,R,0.0,Z,0.0,R,0.0,Z,0.0,A,,R,0.0,Z,0.0,R,0.0,Z,0.0,A,,R,12.0
200800,2014,R,3652.0,R,5136.0,R,71.0,R,2722.0,R,3.0,R,2719.0,R,2011.0,R,74.0,R,101.0,R,0.0,R,101.0,R,43.0,R,43.0,R,19.0
200828,2014,A,,A,,A,,R,30.0,R,1.0,R,29.0,R,15.0,R,52.0,A,,A,,A,,A,,A,,R,7.0
200846,2014,R,299.0,R,703.0,R,43.0,R,283.0,R,0.0,R,283.0,R,174.0,R,61.0,R,92.0,R,0.0,R,92.0,R,40.0,R,43.0,R,17.0
200873,2014,R,24.0,R,31.0,R,77.0,R,15.0,R,0.0,R,15.0,R,12.0,R,80.0,A,,A,,A,,A,,A,,R,11.0
201016,2014,R,22.0,R,22.0,R,100.0,R,16.0,R,0.0,R,16.0,R,5.0,R,31.0,A,,A,,A,,A,,A,,R,9.0
201034,2014,A,,A,,A,,R,161.0,R,0.0,R,161.0,R,106.0,R,66.0,R,277.0,R,0.0,R,277.0,R,260.0,R,94.0,R,6.0
201061,2014,R,50.0,R,68.0,R,74.0,R,54.0,R,0.0,R,54.0,R,36.0,R,67.0,R,1.0,R,0.0,R,1.0,R,0.0,R,0.0,R,8.0
201098,2014,A,,A,,A,,R,56.0,R,0.0,R,56.0,R,47.0,R,84.0,R,14.0,R,0.0,R,14.0,R,13.0,R,93.0,R,6.0
201104,2014,R,604.0,R,830.0,R,73.0,R,621.0,R,0.0,R,621.0,R,477.0,R,77.0,R,2.0,R,0.0,R,2.0,R,1.0,R,50.0,R,13.0
201131,2014,A,,A,,A,,R,57.0,R,0.0,R,57.0,R,38.0,R,67.0,R,80.0,R,0.0,R,80.0,R,65.0,R,81.0,R,4.0
201140,2014,A,,A,,A,,A,,A,,A,,A,,A,,R,27.0,R,0.0,R,27.0,R,23.0,R,85.0,R,7.0
201159,2014,A,,A,,A,,R,111.0,R,0.0,R,111.0,R,100.0,R,90.0,R,50.0,R,0.0,R,50.0,R,40.0,R,80.0,R,12.0
201177,2014,R,4.0,R,97.0,R,4.0,R,0.0,R,0.0,R,0.0,R,0.0,A,,R,0.0,R,0.0,R,0.0,R,0.0,A,,R,10.0
201195,2014,R,717.0,R,993.0,R,72.0,R,762.0,R,0.0,R,762.0,R,617.0,R,81.0,R,0.0,R,0.0,R,0.0,R,0.0,A,,R,13.0
201283,2014,R,156.0,R,311.0,R,50.0,R,175.0,R,0.0,R,175.0,R,110.0,R,63.0,R,51.0,R,0.0,R,51.0,R,14.0,R,27.0,R,11.0
201371,2014,R,218.0,R,349.0,R,62.0,R,250.0,R,0.0,R,250.0,R,174.0,R,70.0,A,,A,,A,,A,,A,,R,12.0
201399,2014,A,,A,,A,,R,78.0,Z,0.0,R,78.0,R,48.0,R,62.0,R,20.0,Z,0.0,R,20.0,R,13.0,R,65.0,R,12.0
201432,2014,R,336.0,R,893.0,R,38.0,R,330.0,R,0.0,R,330.0,R,168.0,R,51.0,R,78.0,R,0.0,R,78.0,R,32.0,R,41.0,R,19.0
201441,2014,R,3020.0,R,3999.0,R,76.0,R,3330.0,R,0.0,R,3330.0,R,2526.0,R,76.0,R,18.0,R,0.0,R,18.0,R,7.0,R,39.0,R,19.0
201469,2014,R,16.0,R,128.0,R,13.0,R,1.0,R,0.0,R,1.0,R,1.0,R,100.0,R,2.0,R,0.0,R,2.0,R,0.0,R,0.0,R,8.0
201478,2014,A,,A,,A,,R,100.0,R,0.0,R,100.0,R,100.0,R,100.0,R,8.0,R,0.0,R,8.0,R,8.0,R,100.0,R,6.0
201496,2014,A,,A,,A,,R,207.0,R,0.0,R,207.0,R,176.0,R,85.0,A,,A,,A,,A,,A,,R,12.0
201539,2014,A,,A,,A,,R,38.0,R,0.0,R,38.0,R,22.0,R,58.0,R,7.0,R,0.0,R,7.0,R,7.0,R,100.0,R,4.0
201548,2014,R,710.0,R,885.0,R,80.0,R,691.0,R,1.0,R,690.0,R,523.0,R,76.0,R,0.0,Z,0.0,R,0.0,Z,0.0,A,,R,12.0
201584,2014,A,,A,,A,,N,38.0,N,0.0,N,38.0,N,37.0,N,97.0,A,,A,,A,,A,,A,,N,20.0
201609,2014,A,,A,,A,,R,10.0,Z,0.0,R,10.0,R,5.0,R,50.0,R,6.0,Z,0.0,R,6.0,R,3.0,R,50.0,R,9.0
201618,2014,A,,A,,A,,R,6.0,R,0.0,R,6.0,R,3.0,R,50.0,A,,A,,A,,A,,A,,R,9.0
201627,2014,A,,A,,A,,R,2.0,Z,0.0,R,2.0,R,2.0,R,100.0,R,3.0,Z,0.0,R,3.0,R,2.0,R,67.0,R,10.0
201645,2014,R,1282.0,R,1384.0,R,93.0,R,1252.0,R,2.0,R,1250.0,R,1164.0,R,93.0,R,0.0,R,0.0,R,0.0,R,0.0,A,,R,11.0
201654,2014,R,786.0,R,1086.0,R,72.0,R,779.0,R,0.0,R,779.0,R,688.0,R,88.0,R,2.0,R,0.0,R,2.0,R,1.0,R,50.0,R,13.0
201672,2014,R,259.0,R,1373.0,R,19.0,R,250.0,R,0.0,R,250.0,R,107.0,R,43.0,R,352.0,R,0.0,R,352.0,R,150.0,R,43.0,R,15.0
201681,2014,A,,A,,A,,R,119.0,R,0.0,R,119.0,R,86.0,R,72.0,A,,A,,A,,A,,A,,R,10.0
201690,2014,R,401.0,R,528.0,R,76.0,R,411.0,R,0.0,R,411.0,R,210.0,R,51.0,R,6.0,R,0.0,R,6.0,R,0.0,R,0.0,R,12.0
201751,2014,R,61.0,R,117.0,R,52.0,R,46.0,R,0.0,R,46.0,R,24.0,R,52.0,R,25.0,R,0.0,R,25.0,R,10.0,R,40.0,R,4.0
201803,2014,A,,A,,A,,R,100.0,Z,0.0,R,100.0,R,98.0,R,98.0,R,43.0,Z,0.0,R,43.0,R,41.0,R,95.0,R,8.0
201821,2014,R,36.0,R,242.0,R,15.0,R,0.0,Z,0.0,R,0.0,Z,0.0,A,,R,0.0,Z,0.0,R,0.0,Z,0.0,A,,R,10.0
201858,2014,R,98.0,R,175.0,R,56.0,R,103.0,R,0.0,R,103.0,R,76.0,R,74.0,R,2.0,R,0.0,R,2.0,R,1.0,R,50.0,R,14.0
201867,2014,A,,A,,A,,A,,A,,A,,A,,A,,A,,A,,A,,A,,A,,R,21.0
201885,2014,R,4566.0,R,6022.0,R,76.0,R,4429.0,R,4.0,R,4425.0,R,3818.0,R,86.0,R,20.0,R,0.0,R,20.0,R,12.0,R,60.0,R,18.0
201928,2014,R,748.0,R,4153.0,R,18.0,R,988.0,R,0.0,R,988.0,R,414.0,R,42.0,R,595.0,R,0.0,R,595.0,R,224.0,R,38.0,R,15.0
201946,2014,R,549.0,R,1179.0,R,47.0,R,0.0,R,0.0,R,0.0,R,0.0,A,,R,0.0,R,0.0,R,0.0,R,0.0,A,,R,16.0
201955,2014,R,1158.0,R,1867.0,R,62.0,R,0.0,R,0.0,R,0.0,R,0.0,A,,R,0.0,R,0.0,R,0.0,R,0.0,A,,R,18.0
201964,2014,R,351.0,R,1271.0,R,28.0,R,154.0,R,1.0,R,153.0,R,98.0,R,64.0,R,1.0,R,0.0,R,1.0,R,0.0,R,0.0,R,10.0
201973,2014,R,239.0,R,2385.0,R,10.0,R,289.0,R,0.0,R,289.0,R,139.0,R,48.0,R,494.0,R,1.0,R,493.0,R,149.0,R,30.0,R,14.0
201982,2014,A,,A,,A,,R,47.0,R,0.0,R,47.0,R,28.0,R,60.0,A,,A,,A,,A,,A,,R,10.0
202046,2014,R,139.0,R,183.0,R,76.0,R,137.0,R,0.0,R,137.0,R,111.0,R,81.0,R,0.0,R,0.0,R,0.0,R,0.0,A,,R,9.0
202055,2014,A,,A,,A,,R,56.0,R,0.0,R,56.0,R,40.0,R,71.0,A,,A,,A,,A,,A,,R,9.0
202073,2014,R,55.0,R,61.0,R,90.0,R,60.0,R,0.0,R,60.0,R,56.0,R,93.0,A,,A,,A,,A,,A,,R,7.0
202134,2014,R,1562.0,R,3411.0,R,46.0,R,1729.0,R,0.0,R,1729.0,R,1205.0,R,70.0,R,44.0,R,0.0,R,44.0,R,25.0,R,57.0,R,17.0
202152,2014,A,,A,,A,,R,91.0,R,0.0,R,91.0,R,82.0,R,90.0,R,23.0,R,0.0,R,23.0,R,18.0,R,78.0,R,16.0
202161,2014,R,99.0,R,179.0,R,55.0,R,85.0,R,0.0,R,85.0,R,69.0,R,81.0,A,,A,,A,,A,,A,,R,22.0
202170,2014,R,245.0,R,346.0,R,71.0,R,234.0,R,0.0,R,234.0,R,188.0,R,80.0,R,1.0,R,0.0,R,1.0,R,1.0,R,100.0,R,12.0
202222,2014,R,1226.0,R,8269.0,R,15.0,R,1515.0,R,0.0,R,1515.0,R,840.0,R,55.0,R,1281.0,R,0.0,R,1281.0,R,469.0,R,37.0,R,19.0
202356,2014,R,1513.0,R,5838.0,R,26.0,R,1512.0,R,0.0,R,1512.0,R,828.0,R,55.0,R,1026.0,R,2.0,R,1024.0,R,385.0,R,38.0,R,21.0
202435,2014,R,5.0,R,69.0,R,7.0,R,7.0,R,0.0,R,7.0,R,2.0,R,29.0,R,18.0,R,0.0,R,18.0,R,16.0,R,89.0,R,8.0
202453,2014,A,,A,,A,,R,14.0,R,0.0,R,14.0,R,10.0,R,71.0,R,5.0,R,0.0,R,5.0,R,2.0,R,40.0,R,15.0
202480,2014,R,2172.0,R,2516.0,R,86.0,R,1783.0,R,0.0,R,1783.0,R,1614.0,R,91.0,R,4.0,R,0.0,R,4.0,R,3.0,R,75.0,R,15.0
202514,2014,R,233.0,R,299.0,R,78.0,R,240.0,R,0.0,R,240.0,R,127.0,R,53.0,R,1.0,R,0.0,R,1.0,R,1.0,R,100.0,R,11.0
202523,2014,R,609.0,R,635.0,R,96.0,R,582.0,R,0.0,R,582.0,R,518.0,R,89.0,A,,A,,A,,A,,A,,R,10.0
202639,2014,A,,A,,A,,R,12.0,R,0.0,R,12.0,R,9.0,R,75.0,R,7.0,R,0.0,R,7.0,R,5.0,R,71.0,R,9.0
202648,2014,R,154.0,R,1138.0,R,14.0,R,208.0,R,0.0,R,208.0,R,113.0,R,54.0,R,231.0,R,0.0,R,231.0,R,104.0,R,45.0,R,15.0
202657,2014,A,,A,,A,,R,112.0,R,0.0,R,112.0,R,81.0,R,72.0,R,38.0,R,0.0,R,38.0,R,31.0,R,82.0,R,13.0
202684,2014,R,30.0,R,122.0,R,25.0,R,1.0,R,0.0,R,1.0,R,0.0,R,0.0,R,0.0,R,0.0,R,0.0,R,0.0,A,,R,9.0
202736,2014,A,,A,,A,,R,32.0,R,0.0,R,32.0,R,16.0,R,50.0,A,,A,,A,,A,,A,,R,14.0
202763,2014,R,619.0,R,1534.0,R,40.0,R,513.0,R,0.0,R,513.0,R,411.0,R,80.0,A,,A,,A,,A,,A,,R,16.0
202806,2014,R,6.0,R,1031.0,R,1.0,R,9.0,R,0.0,R,9.0,R,2.0,R,22.0,R,77.0,R,0.0,R,77.0,R,17.0,R,22.0,R,11.0
202888,2014,A,,A,,A,,R,14.0,R,0.0,R,14.0,R,10.0,R,71.0,R,14.0,R,0.0,R,14.0,R,11.0,R,79.0,R,6.0
202903,2014,R,39.0,R,88.0,R,44.0,R,58.0,R,0.0,R,58.0,R,45.0,R,78.0,R,8.0,R,0.0,R,8.0,R,4.0,R,50.0,R,12.0
202912,2014,R,9.0,R,75.0,R,12.0,R,0.0,R,0.0,R,0.0,R,0.0,A,,R,0.0,R,0.0,R,0.0,R,0.0,A,,R,6.0
202949,2014,A,,A,,A,,R,111.0,R,0.0,R,111.0,R,96.0,R,86.0,A,,A,,A,,A,,A,,R,16.0
202985,2014,A,,A,,A,,R,20.0,Z,0.0,R,20.0,R,18.0,R,90.0,A,,A,,A,,A,,A,,R,15.0
203030,2014,A,,A,,A,,R,60.0,R,0.0,R,60.0,R,44.0,R,73.0,R,4.0,R,0.0,R,4.0,R,3.0,R,75.0,R,15.0
203085,2014,R,363.0,R,402.0,R,90.0,R,351.0,R,0.0,R,351.0,R,239.0,R,68.0,R,0.0,R,0.0,R,0.0,R,0.0,A,,R,13.0
203128,2014,R,274.0,R,348.0,R,79.0,R,287.0,R,0.0,R,287.0,R,199.0,R,69.0,R,3.0,R,0.0,R,3.0,R,1.0,R,33.0,R,11.0
203146,2014,A,,A,,A,,R,124.0,R,0.0,R,124.0,R,118.0,R,95.0,A,,A,,A,,A,,A,,R,12.0
203155,2014,R,828.0,R,1240.0,R,67.0,R,874.0,R,0.0,R,874.0,R,470.0,R,54.0,R,50.0,R,6.0,R,44.0,R,15.0,R,34.0,R,16.0
203225,2014,A,,A,,A,,R,73.0,R,0.0,R,73.0,R,51.0,R,70.0,A,,A,,A,,A,,A,,R,19.0
203234,2014,A,,A,,A,,R,42.0,R,0.0,R,42.0,R,32.0,R,76.0,A,,A,,A,,A,,A,,R,17.0
203289,2014,R,4.0,R,11.0,R,36.0,R,12.0,R,0.0,R,12.0,R,9.0,R,75.0,A,,A,,A,,A,,A,,R,10.0
203313,2014,R,48.0,R,52.0,R,92.0,R,0.0,R,0.0,R,0.0,R,0.0,A,,R,0.0,R,0.0,R,0.0,R,0.0,A,,R,18.0
203331,2014,R,557.0,R,1258.0,R,44.0,R,458.0,R,0.0,R,458.0,R,208.0,R,45.0,R,171.0,R,0.0,R,171.0,R,57.0,R,33.0,R,17.0
203368,2014,R,798.0,R,917.0,R,87.0,R,792.0,R,1.0,R,791.0,R,676.0,R,85.0,R,0.0,Z,0.0,R,0.0,Z,0.0,A,,R,13.0
203386,2014,R,97.0,R,636.0,R,15.0,R,0.0,R,0.0,R,0.0,R,0.0,A,,A,,A,,A,,A,,A,,R,14.0
203438,2014,A,,A,,A,,R,17.0,R,0.0,R,17.0,R,14.0,R,82.0,R,6.0,R,0.0,R,6.0,R,5.0,R,83.0,R,2.0
203447,2014,R,175.0,R,331.0,R,53.0,R,77.0,R,0.0,R,77.0,R,42.0,R,55.0,R,31.0,R,0.0,R,31.0,R,11.0,R,35.0,R,22.0
203456,2014,R,64.0,R,154.0,R,42.0,R,70.0,R,0.0,R,70.0,R,38.0,R,54.0,R,10.0,R,0.0,R,10.0,R,4.0,R,40.0,R,27.0
203465,2014,R,534.0,R,1021.0,R,52.0,R,598.0,R,0.0,R,598.0,R,384.0,R,64.0,R,123.0,R,0.0,R,123.0,R,64.0,R,52.0,R,22.0
203474,2014,R,270.0,R,508.0,R,53.0,R,239.0,R,0.0,R,239.0,R,139.0,R,58.0,R,71.0,R,0.0,R,71.0,R,31.0,R,44.0,R,29.0
203483,2014,R,223.0,R,380.0,R,59.0,R,145.0,R,0.0,R,145.0,R,89.0,R,61.0,R,37.0,R,0.0,R,37.0,R,10.0,R,27.0,R,21.0
203492,2014,R,182.0,R,334.0,R,54.0,R,133.0,R,0.0,R,133.0,R,77.0,R,58.0,R,23.0,R,0.0,R,23.0,R,11.0,R,48.0,R,20.0
203517,2014,R,4238.0,R,5323.0,R,80.0,R,4293.0,R,0.0,R,4293.0,R,3511.0,R,82.0,R,45.0,R,0.0,R,45.0,R,24.0,R,53.0,R,21.0
203526,2014,R,263.0,R,518.0,R,51.0,R,263.0,R,0.0,R,263.0,R,149.0,R,57.0,R,64.0,R,0.0,R,64.0,R,31.0,R,48.0,R,26.0
203535,2014,R,446.0,R,468.0,R,95.0,R,480.0,R,0.0,R,480.0,R,452.0,R,94.0,R,0.0,Z,0.0,R,0.0,Z,0.0,A,,R,10.0
203544,2014,R,55.0,R,163.0,R,34.0,R,49.0,R,0.0,R,49.0,R,31.0,R,63.0,R,6.0,R,0.0,R,6.0,R,5.0,R,83.0,R,8.0
203580,2014,R,186.0,R,262.0,R,71.0,R,206.0,R,0.0,R,206.0,R,139.0,R,67.0,A,,A,,A,,A,,A,,R,14.0
203599,2014,R,726.0,R,2230.0,R,33.0,R,720.0,R,0.0,R,720.0,R,326.0,R,45.0,R,512.0,R,0.0,R,512.0,R,213.0,R,42.0,R,16.0
203614,2014,A,,A,,A,,R,185.0,Z,0.0,R,185.0,R,180.0,R,97.0,R,22.0,R,0.0,R,22.0,R,22.0,R,100.0,R,10.0
203678,2014,R,425.0,R,1415.0,R,30.0,R,427.0,R,0.0,R,427.0,R,247.0,R,58.0,R,122.0,R,0.0,R,122.0,R,60.0,R,49.0,R,14.0
203720,2014,R,50.0,R,177.0,R,28.0,R,48.0,R,0.0,R,48.0,R,34.0,R,71.0,R,5.0,R,0.0,R,5.0,R,4.0,R,80.0,R,20.0
203739,2014,R,26.0,R,111.0,R,23.0,R,12.0,R,0.0,R,12.0,R,3.0,R,25.0,R,5.0,R,0.0,R,5.0,R,4.0,R,80.0,R,9.0
203748,2014,R,925.0,R,3451.0,R,27.0,R,997.0,R,0.0,R,997.0,R,631.0,R,63.0,R,931.0,R,0.0,R,931.0,R,399.0,R,43.0,R,20.0
203757,2014,R,154.0,R,298.0,R,52.0,R,209.0,R,0.0,R,209.0,R,124.0,R,59.0,R,14.0,R,0.0,R,14.0,R,2.0,R,14.0,R,11.0
203775,2014,R,311.0,R,467.0,R,67.0,R,314.0,R,0.0,R,314.0,R,221.0,R,70.0,R,2.0,R,0.0,R,2.0,R,1.0,R,50.0,R,12.0
203845,2014,R,357.0,R,420.0,R,85.0,R,385.0,R,0.0,R,385.0,R,283.0,R,74.0,A,,A,,A,,A,,A,,R,10.0
203881,2014,R,103.0,R,851.0,R,12.0,R,190.0,R,0.0,R,190.0,R,90.0,R,47.0,R,172.0,R,0.0,R,172.0,R,53.0,R,31.0,R,16.0
203942,2014,A,,A,,A,,R,41.0,R,0.0,R,41.0,R,32.0,R,78.0,R,35.0,R,0.0,R,35.0,R,29.0,R,83.0,R,7.0
203960,2014,R,34.0,R,418.0,R,8.0,R,14.0,R,0.0,R,14.0,R,8.0,R,57.0,R,0.0,R,0.0,R,0.0,R,0.0,A,,R,6.0
204006,2014,R,649.0,R,1123.0,R,58.0,R,593.0,R,0.0,R,593.0,R,365.0,R,62.0,R,108.0,R,0.0,R,108.0,R,34.0,R,31.0,R,17.0
204015,2014,R,332.0,R,911.0,R,36.0,R,345.0,R,1.0,R,344.0,R,199.0,R,58.0,R,58.0,R,0.0,R,58.0,R,12.0,R,21.0,R,15.0
204024,2014,R,3641.0,R,4202.0,R,87.0,R,3621.0,R,0.0,R,3621.0,R,3277.0,R,90.0,R,7.0,R,0.0,R,7.0,R,5.0,R,71.0,R,15.0
204060,2014,R,20.0,R,58.0,R,34.0,R,43.0,Z,0.0,R,43.0,R,11.0,R,26.0,R,13.0,Z,0.0,R,13.0,R,2.0,R,15.0,R,12.0
204121,2014,A,,A,,A,,R,23.0,R,4.0,R,19.0,R,13.0,R,68.0,R,19.0,R,2.0,R,17.0,R,11.0,R,65.0,R,15.0
204158,2014,A,,A,,A,,R,172.0,R,0.0,R,172.0,R,145.0,R,84.0,A,,A,,A,,A,,A,,R,5.0
204176,2014,R,79.0,R,213.0,R,37.0,R,86.0,R,0.0,R,86.0,R,76.0,R,88.0,R,10.0,R,0.0,R,10.0,R,4.0,R,40.0,R,12.0
204185,2014,R,635.0,R,693.0,R,92.0,R,552.0,R,0.0,R,552.0,R,432.0,R,78.0,A,,A,,A,,A,,A,,R,13.0
204194,2014,R,311.0,R,413.0,R,75.0,R,301.0,R,0.0,R,301.0,R,248.0,R,82.0,R,1.0,R,0.0,R,1.0,R,1.0,R,100.0,R,14.0
204200,2014,R,292.0,R,369.0,R,79.0,R,312.0,R,0.0,R,312.0,R,208.0,R,67.0,R,12.0,R,0.0,R,12.0,R,8.0,R,67.0,R,11.0
204255,2014,R,270.0,R,2176.0,R,12.0,R,358.0,R,0.0,R,358.0,R,198.0,R,55.0,R,530.0,R,0.0,R,530.0,R,278.0,R,52.0,R,16.0
204264,2014,R,384.0,R,581.0,R,66.0,R,403.0,R,0.0,R,403.0,R,285.0,R,71.0,R,0.0,R,0.0,R,0.0,R,0.0,A,,R,13.0
204307,2014,A,,A,,A,,R,22.0,Z,0.0,R,22.0,R,11.0,R,50.0,R,1.0,Z,0.0,R,1.0,R,1.0,R,100.0,R,16.0
204316,2014,R,141.0,R,151.0,R,93.0,R,0.0,Z,0.0,R,0.0,Z,0.0,A,,A,,A,,A,,A,,A,,R,11.0
204334,2014,A,,A,,A,,R,28.0,R,0.0,R,28.0,R,22.0,R,79.0,A,,A,,A,,A,,A,,R,7.0
204422,2014,R,212.0,R,1209.0,R,18.0,R,218.0,Z,0.0,R,218.0,R,101.0,R,46.0,R,273.0,Z,0.0,R,273.0,R,114.0,R,42.0,R,15.0
204431,2014,A,,A,,A,,R,13.0,R,0.0,R,13.0,R,8.0,R,62.0,A,,A,,A,,A,,A,,R,12.0
204440,2014,R,166.0,R,1050.0,R,16.0,R,160.0,R,1.0,R,159.0,R,110.0,R,69.0,R,152.0,R,0.0,R,152.0,R,66.0,R,43.0,R,17.0
204459,2014,A,,A,,A,,R,24.0,R,0.0,R,24.0,R,20.0,R,83.0,A,,A,,A,,A,,A,,R,14.0
204468,2014,R,336.0,R,688.0,R,49.0,R,329.0,R,0.0,R,329.0,R,205.0,R,62.0,R,4.0,R,0.0,R,4.0,R,1.0,R,25.0,R,14.0
204486,2014,R,1186.0,R,1464.0,R,81.0,R,91.0,R,0.0,R,91.0,R,56.0,R,62.0,R,8.0,R,0.0,R,8.0,R,2.0,R,25.0,R,26.0
204501,2014,R,797.0,R,825.0,R,97.0,R,773.0,R,0.0,R,773.0,R,729.0,R,94.0,A,,A,,A,,A,,A,,R,9.0
204592,2014,R,14.0,R,17.0,R,82.0,R,26.0,R,0.0,R,26.0,R,16.0,R,62.0,R,22.0,Z,0.0,R,22.0,R,17.0,R,77.0,R,16.0
204608,2014,A,,A,,A,,R,306.0,R,0.0,R,306.0,R,278.0,R,91.0,A,,A,,A,,A,,A,,R,20.0
204617,2014,R,226.0,R,693.0,R,33.0,R,237.0,R,0.0,R,237.0,R,165.0,R,70.0,R,2.0,R,0.0,R,2.0,R,1.0,R,50.0,R,15.0
204626,2014,A,,A,,A,,R,47.0,R,0.0,R,47.0,R,25.0,R,53.0,A,,A,,A,,A,,A,,R,19.0
204635,2014,R,628.0,R,1243.0,R,51.0,R,613.0,R,0.0,R,613.0,R,541.0,R,88.0,A,,A,,A,,A,,A,,R,12.0
204662,2014,R,317.0,R,364.0,R,87.0,R,280.0,R,0.0,R,280.0,R,189.0,R,68.0,R,5.0,R,0.0,R,5.0,R,2.0,R,40.0,R,17.0
204671,2014,R,417.0,R,514.0,R,81.0,R,381.0,R,0.0,R,381.0,R,243.0,R,64.0,R,13.0,R,0.0,R,13.0,R,5.0,R,38.0,R,18.0
204680,2014,R,470.0,R,587.0,R,80.0,R,486.0,R,0.0,R,486.0,R,327.0,R,67.0,R,17.0,R,0.0,R,17.0,R,4.0,R,24.0,R,17.0
204699,2014,R,422.0,R,552.0,R,76.0,R,406.0,R,0.0,R,406.0,R,285.0,R,70.0,R,41.0,R,0.0,R,41.0,R,24.0,R,59.0,R,17.0
204705,2014,R,1179.0,R,1432.0,R,82.0,R,1056.0,R,0.0,R,1056.0,R,664.0,R,63.0,R,36.0,R,0.0,R,36.0,R,10.0,R,28.0,R,25.0
204714,2014,A,,A,,A,,R,53.0,R,0.0,R,53.0,R,31.0,R,58.0,A,,A,,A,,A,,A,,R,22.0
204723,2014,A,,A,,A,,R,32.0,Z,0.0,R,32.0,R,27.0,R,84.0,A,,A,,A,,A,,A,,R,27.0
204769,2014,A,,A,,A,,R,49.0,R,0.0,R,49.0,R,43.0,R,88.0,A,,A,,A,,A,,A,,R,21.0
204778,2014,A,,A,,A,,R,54.0,R,0.0,R,54.0,R,38.0,R,70.0,A,,A,,A,,A,,A,,R,21.0
204796,2014,R,7070.0,R,10392.0,R,68.0,R,7121.0,R,0.0,R,7121.0,R,6670.0,R,94.0,R,9.0,R,0.0,R,9.0,R,4.0,R,44.0,R,18.0
204802,2014,R,90.0,R,242.0,R,37.0,R,119.0,R,0.0,R,119.0,R,75.0,R,63.0,R,2.0,R,0.0,R,2.0,R,1.0,R,50.0,R,21.0
204820,2014,R,352.0,R,548.0,R,64.0,R,341.0,R,0.0,R,341.0,R,169.0,R,50.0,R,42.0,R,0.0,R,42.0,R,11.0,R,26.0,R,20.0
204839,2014,R,225.0,R,432.0,R,52.0,R,254.0,R,0.0,R,254.0,R,126.0,R,50.0,R,21.0,R,0.0,R,21.0,R,4.0,R,19.0,R,20.0
204848,2014,R,407.0,R,669.0,R,61.0,R,410.0,R,0.0,R,410.0,R,265.0,R,65.0,R,55.0,R,0.0,R,55.0,R,28.0,R,51.0,R,22.0
204857,2014,R,4367.0,R,6146.0,R,71.0,R,4233.0,R,0.0,R,4233.0,R,3391.0,R,80.0,R,10.0,R,0.0,R,10.0,R,6.0,R,60.0,R,18.0
204866,2014,R,288.0,R,556.0,R,52.0,R,288.0,R,0.0,R,288.0,R,169.0,R,59.0,R,13.0,R,0.0,R,13.0,R,4.0,R,31.0,R,21.0
204884,2014,R,30.0,R,78.0,R,38.0,R,35.0,R,0.0,R,35.0,R,20.0,R,57.0,A,,A,,A,,A,,A,,R,11.0
204893,2014,A,,A,,A,,R,4.0,R,0.0,R,4.0,R,4.0,R,100.0,A,,A,,A,,A,,A,,R,11.0
204909,2014,R,458.0,R,488.0,R,94.0,R,536.0,R,0.0,R,536.0,R,423.0,R,79.0,R,1.0,R,0.0,R,1.0,R,1.0,R,100.0,R,10.0
204936,2014,R,560.0,R,720.0,R,78.0,R,568.0,R,0.0,R,568.0,R,444.0,R,78.0,R,7.0,R,0.0,R,7.0,R,3.0,R,43.0,R,10.0
204945,2014,R,1061.0,R,2553.0,R,42.0,R,1414.0,R,2.0,R,1412.0,R,679.0,R,48.0,R,839.0,R,0.0,R,839.0,R,291.0,R,35.0,R,16.0
204963,2014,A,,A,,A,,R,48.0,R,0.0,R,48.0,R,26.0,R,54.0,R,43.0,R,0.0,R,43.0,R,26.0,R,60.0,R,16.0
204981,2014,A,,A,,A,,R,11.0,R,0.0,R,11.0,R,7.0,R,64.0,R,8.0,R,0.0,R,8.0,R,6.0,R,75.0,R,5.0
205027,2014,R,19.0,R,51.0,R,37.0,R,14.0,R,2.0,R,12.0,R,12.0,R,100.0,A,,A,,A,,A,,A,,R,5.0
205054,2014,R,31.0,R,115.0,R,27.0,R,21.0,R,0.0,R,21.0,R,11.0,R,52.0,A,,A,,A,,A,,A,,R,14.0
205090,2014,A,,A,,A,,A,,A,,A,,A,,A,,A,,A,,A,,A,,A,,R,8.0
205124,2014,R,12.0,R,14.0,R,86.0,R,13.0,R,0.0,R,13.0,R,12.0,R,92.0,A,,A,,A,,A,,A,,R,12.0
205142,2014,A,,A,,A,,R,7.0,R,0.0,R,7.0,R,6.0,R,86.0,R,7.0,R,0.0,R,7.0,R,6.0,R,86.0,R,12.0
205179,2014,A,,A,,A,,R,0.0,R,0.0,R,0.0,R,0.0,A,,A,,A,,A,,A,,A,,R,20.0
205203,2014,R,341.0,R,666.0,R,51.0,R,386.0,R,1.0,R,385.0,R,216.0,R,56.0,R,19.0,R,0.0,R,19.0,R,6.0,R,32.0,R,19.0
205391,2014,R,69.0,R,80.0,R,86.0,R,74.0,R,0.0,R,74.0,R,57.0,R,77.0,R,0.0,R,0.0,R,0.0,R,0.0,A,,R,12.0
205443,2014,R,900.0,R,1383.0,R,65.0,R,715.0,R,0.0,R,715.0,R,405.0,R,57.0,R,17.0,R,0.0,R,17.0,R,6.0,R,35.0,R,16.0
205470,2014,R,1483.0,R,6820.0,R,22.0,R,1639.0,R,9.0,R,1630.0,R,864.0,R,53.0,R,1604.0,R,6.0,R,1598.0,R,658.0,R,41.0,R,15.0
205513,2014,R,16.0,R,18.0,R,89.0,R,19.0,R,0.0,R,19.0,R,7.0,R,37.0,R,1.0,R,0.0,R,1.0,R,1.0,R,100.0,R,11.0
205522,2014,A,,A,,A,,R,9.0,R,0.0,R,9.0,R,5.0,R,56.0,A,,A,,A,,A,,A,,R,7.0
205531,2014,R,4.0,R,7.0,R,57.0,R,6.0,R,0.0,R,6.0,R,6.0,R,100.0,A,,A,,A,,A,,A,,R,4.0
205559,2014,R,3.0,R,14.0,R,21.0,R,9.0,R,0.0,R,9.0,R,5.0,R,56.0,R,1.0,R,0.0,R,1.0,R,0.0,R,0.0,R,8.0
205568,2014,R,5.0,R,13.0,R,38.0,R,5.0,Z,0.0,R,5.0,R,2.0,R,40.0,A,,A,,A,,A,,A,,R,5.0
205610,2014,R,153.0,R,272.0,R,56.0,R,2.0,Z,0.0,R,2.0,Z,0.0,R,0.0,A,,A,,A,,A,,A,,R,16.0
205647,2014,R,46.0,R,127.0,R,36.0,R,1.0,Z,0.0,R,1.0,R,1.0,R,100.0,A,,A,,A,,A,,A,,R,12.0
205841,2014,R,1131.0,R,3417.0,R,33.0,R,1399.0,R,0.0,R,1399.0,R,594.0,R,42.0,R,1441.0,R,0.0,R,1441.0,R,563.0,R,39.0,R,22.0
205887,2014,R,50.0,R,271.0,R,18.0,R,19.0,R,0.0,R,19.0,R,12.0,R,63.0,R,13.0,R,0.0,R,13.0,R,4.0,R,31.0,R,12.0
205957,2014,R,463.0,R,614.0,R,75.0,R,426.0,R,2.0,R,424.0,R,367.0,R,87.0,R,1.0,R,0.0,R,1.0,R,1.0,R,100.0,R,14.0
205966,2014,R,357.0,R,1000.0,R,36.0,R,289.0,R,0.0,R,289.0,R,147.0,R,51.0,R,116.0,R,0.0,R,116.0,R,39.0,R,34.0,R,18.0
206002,2014,N,4.0,N,43.0,N,9.0,N,17.0,N,0.0,N,17.0,N,17.0,N,100.0,N,0.0,N,0.0,N,0.0,N,0.0,A,,N,4.0
206011,2014,R,158.0,R,926.0,R,17.0,R,212.0,R,0.0,R,212.0,R,114.0,R,54.0,R,161.0,R,0.0,R,161.0,R,61.0,R,38.0,R,15.0
206039,2014,A,,A,,A,,R,17.0,R,0.0,R,17.0,R,13.0,R,76.0,A,,A,,A,,A,,A,,R,9.0
206048,2014,R,500.0,R,983.0,R,51.0,R,450.0,R,0.0,R,450.0,R,281.0,R,62.0,R,0.0,R,0.0,R,0.0,R,0.0,A,,R,18.0
206084,2014,R,3359.0,R,4771.0,R,70.0,R,3137.0,R,4.0,R,3133.0,R,2195.0,R,70.0,R,74.0,R,1.0,R,73.0,R,35.0,R,48.0,R,20.0
206093,2014,A,,A,,A,,R,63.0,R,0.0,R,63.0,R,41.0,R,65.0,A,,A,,A,,A,,A,,R,30.0
206154,2014,R,2.0,R,17.0,R,12.0,R,2.0,R,0.0,R,2.0,R,2.0,R,100.0,R,2.0,R,0.0,R,2.0,R,2.0,R,100.0,R,6.0
206172,2014,A,,A,,A,,R,57.0,R,0.0,R,57.0,R,31.0,R,54.0,A,,A,,A,,A,,A,,R,18.0
206181,2014,A,,A,,A,,R,14.0,R,0.0,R,14.0,R,12.0,R,86.0,A,,A,,A,,A,,A,,R,8.0
206224,2014,R,23.0,R,51.0,R,45.0,R,33.0,R,0.0,R,33.0,R,16.0,R,48.0,R,5.0,R,0.0,R,5.0,R,2.0,R,40.0,R,9.0
206279,2014,A,,A,,A,,R,12.0,R,0.0,R,12.0,R,8.0,R,67.0,R,6.0,R,0.0,R,6.0,R,3.0,R,50.0,R,8.0
206321,2014,A,,A,,A,,R,16.0,R,0.0,R,16.0,R,14.0,R,88.0,R,28.0,R,0.0,R,28.0,R,27.0,R,96.0,R,11.0
206330,2014,R,241.0,R,1013.0,R,24.0,R,228.0,R,0.0,R,228.0,R,171.0,R,75.0,R,23.0,R,0.0,R,23.0,R,18.0,R,78.0,R,18.0
206349,2014,R,92.0,R,156.0,R,59.0,R,102.0,R,0.0,R,102.0,R,73.0,R,72.0,R,1.0,R,0.0,R,1.0,R,1.0,R,100.0,R,6.0
206358,2014,A,,A,,A,,R,10.0,R,0.0,R,10.0,R,8.0,R,80.0,A,,A,,A,,A,,A,,R,6.0
206394,2014,R,17.0,R,35.0,R,49.0,R,10.0,R,0.0,R,10.0,R,7.0,R,70.0,R,5.0,R,0.0,R,5.0,R,2.0,R,40.0,R,6.0
206437,2014,R,447.0,R,609.0,R,73.0,R,492.0,R,0.0,R,492.0,R,375.0,R,76.0,R,1.0,R,0.0,R,1.0,R,0.0,R,0.0,R,13.0
206446,2014,R,188.0,R,977.0,R,19.0,R,211.0,R,0.0,R,211.0,R,150.0,R,71.0,R,137.0,R,0.0,R,137.0,R,73.0,R,53.0,R,11.0
206482,2014,A,,A,,A,,R,39.0,R,0.0,R,39.0,R,22.0,R,56.0,R,23.0,R,0.0,R,23.0,R,13.0,R,57.0,R,15.0
206491,2014,R,33.0,R,40.0,R,83.0,R,70.0,R,0.0,R,70.0,R,23.0,R,33.0,A,,A,,A,,A,,A,,R,8.0
206507,2014,R,383.0,R,507.0,R,76.0,R,274.0,R,0.0,R,274.0,R,187.0,R,68.0,R,16.0,Z,0.0,R,16.0,R,6.0,R,38.0,R,16.0
206525,2014,R,516.0,R,585.0,R,88.0,R,549.0,R,0.0,R,549.0,R,439.0,R,80.0,A,,A,,A,,A,,A,,R,13.0
206589,2014,R,547.0,R,558.0,R,98.0,R,560.0,R,0.0,R,560.0,R,501.0,R,89.0,A,,A,,A,,A,,A,,R,11.0
206604,2014,R,2307.0,R,3596.0,R,64.0,R,2141.0,R,0.0,R,2141.0,R,1411.0,R,66.0,R,43.0,R,0.0,R,43.0,R,23.0,R,53.0,R,22.0
206613,2014,R,226.0,R,325.0,R,70.0,R,168.0,R,0.0,R,168.0,R,119.0,R,71.0,R,12.0,R,0.0,R,12.0,R,4.0,R,33.0,R,27.0
206622,2014,R,1210.0,R,1360.0,R,89.0,R,1284.0,R,1.0,R,1283.0,R,1086.0,R,85.0,R,5.0,R,0.0,R,5.0,R,3.0,R,60.0,R,12.0
206631,2014,R,75.0,R,85.0,R,88.0,R,1.0,R,0.0,R,1.0,R,1.0,R,100.0,R,0.0,R,0.0,R,0.0,R,0.0,A,,R,16.0
206695,2014,R,1704.0,R,2706.0,R,63.0,R,1985.0,R,1.0,R,1984.0,R,1386.0,R,70.0,R,105.0,R,0.0,R,105.0,R,36.0,R,34.0,R,15.0
206783,2014,A,,A,,A,,R,4.0,R,0.0,R,4.0,R,2.0,R,50.0,A,,A,,A,,A,,A,,R,12.0
206817,2014,R,205.0,R,404.0,R,51.0,R,132.0,R,0.0,R,132.0,R,68.0,R,52.0,R,0.0,R,0.0,R,0.0,R,0.0,A,,R,15.0
206835,2014,R,186.0,R,371.0,R,50.0,R,177.0,R,0.0,R,177.0,R,110.0,R,62.0,R,9.0,R,0.0,R,9.0,R,4.0,R,44.0,R,15.0
206862,2014,R,270.0,R,371.0,R,73.0,R,283.0,R,0.0,R,283.0,R,214.0,R,76.0,A,,A,,A,,A,,A,,R,15.0
206880,2014,A,,A,,A,,R,44.0,R,1.0,R,43.0,R,36.0,R,84.0,A,,A,,A,,A,,A,,R,9.0
206905,2014,A,,A,,A,,R,28.0,R,0.0,R,28.0,R,26.0,R,93.0,R,10.0,R,0.0,R,10.0,R,9.0,R,90.0,R,29.0
206914,2014,R,720.0,R,1575.0,R,46.0,R,526.0,R,2.0,R,524.0,R,325.0,R,62.0,R,50.0,R,0.0,R,50.0,R,18.0,R,36.0,R,19.0
206923,2014,R,682.0,R,1172.0,R,58.0,R,607.0,R,0.0,R,607.0,R,341.0,R,56.0,R,133.0,R,0.0,R,133.0,R,63.0,R,47.0,R,23.0
206932,2014,A,,A,,A,,R,11.0,R,0.0,R,11.0,R,11.0,R,100.0,R,12.0,R,0.0,R,12.0,R,9.0,R,75.0,R,17.0
206941,2014,R,2006.0,R,3986.0,R,50.0,R,2038.0,R,0.0,R,2038.0,R,1338.0,R,66.0,R,129.0,R,0.0,R,129.0,R,52.0,R,40.0,R,20.0
206969,2014,A,,A,,A,,R,6.0,R,0.0,R,6.0,R,5.0,R,83.0,A,,A,,A,,A,,A,,R,7.0
206996,2014,R,463.0,R,947.0,R,49.0,R,501.0,R,0.0,R,501.0,R,221.0,R,44.0,R,102.0,R,0.0,R,102.0,R,45.0,R,44.0,R,22.0
207041,2014,R,581.0,R,917.0,R,63.0,R,596.0,R,0.0,R,596.0,R,393.0,R,66.0,R,16.0,R,0.0,R,16.0,R,5.0,R,31.0,R,19.0
207050,2014,R,289.0,R,750.0,R,39.0,R,280.0,R,0.0,R,280.0,R,117.0,R,42.0,R,67.0,R,0.0,R,67.0,R,24.0,R,36.0,R,22.0
207069,2014,R,313.0,R,1621.0,R,19.0,R,297.0,R,0.0,R,297.0,R,162.0,R,55.0,R,116.0,R,0.0,R,116.0,R,26.0,R,22.0,R,23.0
207087,2014,A,,A,,A,,R,15.0,R,0.0,R,15.0,R,13.0,R,87.0,A,,A,,A,,A,,A,,R,9.0
207102,2014,A,,A,,A,,R,51.0,R,0.0,R,51.0,R,47.0,R,92.0,A,,A,,A,,A,,A,,R,19.0
207157,2014,R,47.0,R,70.0,R,67.0,R,40.0,R,0.0,R,40.0,R,27.0,R,68.0,R,1.0,R,0.0,R,1.0,R,0.0,R,0.0,R,6.0
207166,2014,A,,A,,A,,R,11.0,R,0.0,R,11.0,R,8.0,R,73.0,A,,A,,A,,A,,A,,R,15.0
207209,2014,R,582.0,R,1008.0,R,58.0,R,237.0,R,0.0,R,237.0,R,158.0,R,67.0,R,1.0,R,0.0,R,1.0,R,0.0,R,0.0,R,18.0
207236,2014,R,502.0,R,1286.0,R,39.0,R,441.0,R,0.0,R,441.0,R,238.0,R,54.0,R,167.0,R,0.0,R,167.0,R,72.0,R,43.0,R,16.0
207254,2014,A,,A,,A,,R,298.0,R,0.0,R,298.0,R,245.0,R,82.0,A,,A,,A,,A,,A,,R,20.0
207263,2014,R,906.0,R,2294.0,R,39.0,R,852.0,R,0.0,R,852.0,R,519.0,R,61.0,R,20.0,R,0.0,R,20.0,R,9.0,R,45.0,R,18.0
207272,2014,A,,A,,A,,R,16.0,Z,0.0,R,16.0,R,12.0,R,75.0,A,,A,,A,,A,,A,,R,10.0
207281,2014,R,853.0,R,2261.0,R,38.0,R,815.0,R,0.0,R,815.0,R,447.0,R,55.0,R,189.0,R,0.0,R,189.0,R,70.0,R,37.0,R,17.0
207290,2014,R,677.0,R,1091.0,R,62.0,R,728.0,R,0.0,R,728.0,R,374.0,R,51.0,R,60.0,R,0.0,R,60.0,R,26.0,R,43.0,R,21.0
207306,2014,R,370.0,R,745.0,R,50.0,R,386.0,R,0.0,R,386.0,R,231.0,R,60.0,R,45.0,R,0.0,R,45.0,R,13.0,R,29.0,R,14.0
207324,2014,R,503.0,R,862.0,R,58.0,R,526.0,R,0.0,R,526.0,R,394.0,R,75.0,R,4.0,R,0.0,R,4.0,R,1.0,R,25.0,R,14.0
207342,2014,A,,A,,A,,A,,A,,A,,A,,A,,A,,A,,A,,A,,A,,R,8.0
207351,2014,R,232.0,R,362.0,R,64.0,R,96.0,R,0.0,R,96.0,R,64.0,R,67.0,R,1.0,R,0.0,R,1.0,R,0.0,R,0.0,R,18.0
207388,2014,R,3871.0,R,5904.0,R,66.0,R,3701.0,R,0.0,R,3701.0,R,2993.0,R,81.0,R,150.0,R,0.0,R,150.0,R,91.0,R,61.0,R,20.0
207397,2014,R,541.0,R,2191.0,R,25.0,R,0.0,R,0.0,R,0.0,R,0.0,A,,R,0.0,R,0.0,R,0.0,R,0.0,A,,R,18.0
207403,2014,R,483.0,R,587.0,R,82.0,R,576.0,R,0.0,R,576.0,R,424.0,R,74.0,R,2.0,R,0.0,R,2.0,R,2.0,R,100.0,R,15.0
207449,2014,R,1259.0,R,4326.0,R,29.0,R,1158.0,R,0.0,R,1158.0,R,562.0,R,49.0,R,1259.0,R,0.0,R,1259.0,R,377.0,R,30.0,R,23.0
207458,2014,R,294.0,R,730.0,R,40.0,R,349.0,R,0.0,R,349.0,R,277.0,R,79.0,R,0.0,R,0.0,R,0.0,R,0.0,A,,R,11.0
207500,2014,R,3882.0,R,5707.0,R,68.0,R,3694.0,R,2.0,R,3692.0,R,3146.0,R,85.0,R,319.0,R,0.0,R,319.0,R,249.0,R,78.0,R,18.0
207537,2014,A,,A,,A,,R,12.0,R,0.0,R,12.0,R,10.0,R,83.0,A,,A,,A,,A,,A,,R,4.0
207564,2014,R,427.0,R,1478.0,R,29.0,R,19.0,R,0.0,R,19.0,R,4.0,R,21.0,R,5.0,R,0.0,R,5.0,R,3.0,R,60.0,R,17.0
207582,2014,R,400.0,R,639.0,R,63.0,R,392.0,R,6.0,R,386.0,R,309.0,R,80.0,R,4.0,Z,0.0,R,4.0,R,3.0,R,75.0,R,16.0
207607,2014,A,,A,,A,,R,34.0,R,1.0,R,33.0,R,28.0,R,85.0,R,48.0,R,0.0,R,48.0,R,41.0,R,85.0,R,14.0
207625,2014,A,,A,,A,,R,25.0,R,0.0,R,25.0,R,15.0,R,60.0,A,,A,,A,,A,,A,,R,12.0
207661,2014,R,611.0,R,1365.0,R,45.0,R,225.0,R,0.0,R,225.0,R,147.0,R,65.0,R,22.0,R,0.0,R,22.0,R,8.0,R,36.0,R,19.0
207670,2014,R,869.0,R,2708.0,R,32.0,R,827.0,R,0.0,R,827.0,R,444.0,R,54.0,R,510.0,R,0.0,R,510.0,R,161.0,R,32.0,R,19.0
207689,2014,R,102.0,R,221.0,R,46.0,R,108.0,R,0.0,R,108.0,R,67.0,R,62.0,R,15.0,R,0.0,R,15.0,R,14.0,R,93.0,R,9.0
207704,2014,A,,A,,A,,R,13.0,R,0.0,R,13.0,R,4.0,R,31.0,A,,A,,A,,A,,A,,R,9.0
207722,2014,R,168.0,R,307.0,R,55.0,R,172.0,R,0.0,R,172.0,R,130.0,R,76.0,A,,A,,A,,A,,A,,R,12.0
207740,2014,R,380.0,R,948.0,R,40.0,R,408.0,R,0.0,R,408.0,R,233.0,R,57.0,R,170.0,R,0.0,R,170.0,R,43.0,R,25.0,R,23.0
207786,2014,A,,A,,A,,R,28.0,R,0.0,R,28.0,R,26.0,R,93.0,A,,A,,A,,A,,A,,R,25.0
207847,2014,R,486.0,R,1300.0,R,37.0,R,511.0,R,0.0,R,511.0,R,329.0,R,64.0,R,22.0,R,0.0,R,22.0,R,7.0,R,32.0,R,17.0
207856,2014,R,126.0,R,273.0,R,46.0,R,155.0,R,0.0,R,155.0,R,68.0,R,44.0,R,34.0,R,0.0,R,34.0,R,8.0,R,24.0,R,11.0
207865,2014,R,896.0,R,1437.0,R,62.0,R,732.0,R,0.0,R,732.0,R,482.0,R,66.0,R,12.0,R,0.0,R,12.0,R,2.0,R,17.0,R,18.0
207935,2014,R,2058.0,R,8657.0,R,24.0,R,1716.0,R,0.0,R,1716.0,R,985.0,R,57.0,R,1537.0,R,0.0,R,1537.0,R,598.0,R,39.0,R,17.0
207962,2014,A,,A,,A,,R,522.0,R,0.0,R,522.0,R,367.0,R,70.0,A,,A,,A,,A,,A,,R,30.0
207971,2014,R,761.0,R,933.0,R,82.0,R,851.0,R,1.0,R,850.0,R,745.0,R,88.0,R,5.0,R,0.0,R,5.0,R,4.0,R,80.0,R,11.0
208017,2014,A,,A,,A,,R,10.0,R,0.0,R,10.0,R,6.0,R,60.0,A,,A,,A,,A,,A,,R,8.0
208026,2014,A,,A,,A,,R,63.0,Z,0.0,R,63.0,R,60.0,R,95.0,R,122.0,Z,0.0,R,122.0,R,119.0,R,98.0,R,13.0
208035,2014,R,238.0,R,619.0,R,38.0,R,273.0,R,0.0,R,273.0,R,132.0,R,48.0,R,71.0,R,0.0,R,71.0,R,21.0,R,30.0,R,15.0
208044,2014,A,,A,,A,,R,17.0,R,0.0,R,17.0,R,9.0,R,53.0,A,,A,,A,,A,,A,,R,20.0
208053,2014,A,,A,,A,,R,37.0,R,0.0,R,37.0,R,28.0,R,76.0,R,29.0,R,1.0,R,28.0,R,19.0,R,68.0,R,7.0
208080,2014,A,,A,,A,,R,17.0,R,0.0,R,17.0,R,13.0,R,76.0,A,,A,,A,,A,,A,,R,14.0
208123,2014,A,,A,,A,,A,,A,,A,,A,,A,,A,,A,,A,,A,,A,,R,8.0
208187,2014,A,,A,,A,,R,17.0,Z,0.0,R,17.0,R,13.0,R,76.0,A,,A,,A,,A,,A,,R,15.0
208239,2014,R,117.0,R,316.0,R,37.0,R,150.0,Z,0.0,R,150.0,R,76.0,R,51.0,R,15.0,Z,0.0,R,15.0,R,5.0,R,33.0,R,14.0
208248,2014,A,,A,,A,,R,23.0,R,0.0,R,23.0,R,18.0,R,78.0,A,,A,,A,,A,,A,,R,21.0
208275,2014,R,248.0,R,817.0,R,30.0,R,328.0,R,0.0,R,328.0,R,116.0,R,35.0,R,138.0,R,0.0,R,138.0,R,37.0,R,27.0,R,14.0
208318,2014,R,473.0,R,1429.0,R,33.0,R,485.0,Z,0.0,R,485.0,R,246.0,R,51.0,R,372.0,Z,0.0,R,372.0,R,125.0,R,34.0,R,20.0
208390,2014,R,785.0,R,2074.0,R,38.0,R,876.0,R,0.0,R,876.0,R,462.0,R,53.0,R,635.0,R,0.0,R,635.0,R,265.0,R,42.0,R,22.0
208406,2014,R,701.0,R,3066.0,R,23.0,R,726.0,R,0.0,R,726.0,R,361.0,R,50.0,R,1065.0,R,0.0,R,1065.0,R,349.0,R,33.0,R,21.0
208415,2014,R,67.0,R,262.0,R,26.0,R,81.0,R,0.0,R,81.0,R,43.0,R,53.0,R,41.0,R,0.0,R,41.0,R,19.0,R,46.0,R,14.0
208433,2014,A,,A,,A,,R,16.0,R,0.0,R,16.0,R,12.0,R,75.0,A,,A,,A,,A,,A,,R,12.0
208479,2014,A,,A,,A,,R,142.0,Z,0.0,R,142.0,R,106.0,R,75.0,A,,A,,A,,A,,A,,R,40.0
208488,2014,R,198.0,R,410.0,R,48.0,R,217.0,R,0.0,R,217.0,R,148.0,R,68.0,R,2.0,R,0.0,R,2.0,R,1.0,R,50.0,R,17.0
208512,2014,A,,A,,A,,R,28.0,R,0.0,R,28.0,R,26.0,R,93.0,A,,A,,A,,A,,A,,R,10.0
208637,2014,A,,A,,A,,A,,A,,A,,A,,A,,A,,A,,A,,A,,A,,R,11.0
208646,2014,R,282.0,R,1076.0,R,26.0,R,340.0,R,0.0,R,340.0,R,197.0,R,58.0,R,30.0,R,0.0,R,30.0,R,7.0,R,23.0,R,25.0
208655,2014,A,,A,,A,,R,15.0,R,0.0,R,15.0,R,9.0,R,60.0,A,,A,,A,,A,,A,,R,15.0
208725,2014,R,26.0,R,54.0,R,48.0,R,30.0,R,0.0,R,30.0,R,19.0,R,63.0,R,2.0,R,0.0,R,2.0,R,0.0,R,0.0,R,8.0
208822,2014,R,627.0,R,881.0,R,71.0,R,619.0,R,0.0,R,619.0,R,511.0,R,83.0,R,0.0,R,0.0,R,0.0,R,0.0,A,,R,14.0
208859,2014,A,,A,,A,,R,25.0,Z,0.0,R,25.0,R,18.0,R,72.0,A,,A,,A,,A,,A,,R,10.0
208965,2014,R,52.0,R,62.0,R,84.0,R,0.0,R,0.0,R,0.0,R,0.0,A,,R,1.0,R,0.0,R,1.0,R,1.0,R,100.0,R,15.0
209038,2014,R,555.0,R,1987.0,R,28.0,R,716.0,R,2.0,R,714.0,R,381.0,R,53.0,R,523.0,R,0.0,R,523.0,R,205.0,R,39.0,R,21.0
209056,2014,R,562.0,R,693.0,R,81.0,R,473.0,R,0.0,R,473.0,R,399.0,R,84.0,R,0.0,R,0.0,R,0.0,R,0.0,A,,R,12.0
209065,2014,R,461.0,R,569.0,R,81.0,R,446.0,R,2.0,R,444.0,R,393.0,R,89.0,R,2.0,R,0.0,R,2.0,R,1.0,R,50.0,R,12.0
209074,2014,R,625.0,R,2092.0,R,30.0,R,809.0,R,0.0,R,809.0,R,424.0,R,52.0,R,589.0,R,0.0,R,589.0,R,234.0,R,40.0,R,19.0
209083,2014,A,,A,,A,,R,17.0,R,0.0,R,17.0,R,14.0,R,82.0,A,,A,,A,,A,,A,,R,15.0
209108,2014,A,,A,,A,,R,2.0,R,0.0,R,2.0,R,1.0,R,50.0,R,6.0,R,0.0,R,6.0,R,3.0,R,50.0,R,6.0
209153,2014,A,,A,,A,,R,47.0,R,1.0,R,46.0,R,41.0,R,89.0,A,,A,,A,,A,,A,,R,9.0
209205,2014,A,,A,,A,,R,10.0,R,0.0,R,10.0,R,8.0,R,80.0,A,,A,,A,,A,,A,,R,15.0
209241,2014,R,8.0,R,8.0,R,100.0,R,15.0,R,0.0,R,15.0,R,13.0,R,87.0,A,,A,,A,,A,,A,,R,5.0
209250,2014,R,897.0,R,2595.0,R,35.0,R,1269.0,R,0.0,R,1269.0,R,694.0,R,55.0,R,913.0,R,0.0,R,913.0,R,322.0,R,35.0,R,20.0
209287,2014,R,44.0,R,81.0,R,54.0,R,51.0,R,0.0,R,51.0,R,38.0,R,75.0,R,4.0,Z,0.0,R,4.0,R,1.0,R,25.0,R,14.0
209348,2014,A,,A,,A,,R,9.0,R,0.0,R,9.0,R,8.0,R,89.0,A,,A,,A,,A,,A,,R,7.0
209409,2014,R,78.0,R,137.0,R,57.0,R,82.0,R,0.0,R,82.0,R,57.0,R,70.0,R,0.0,R,0.0,R,0.0,R,0.0,A,,R,15.0
209490,2014,A,,A,,A,,A,,A,,A,,A,,A,,A,,A,,A,,A,,A,,R,8.0
209506,2014,R,328.0,R,1559.0,R,21.0,R,342.0,R,0.0,R,342.0,R,250.0,R,73.0,R,21.0,R,0.0,R,21.0,R,8.0,R,38.0,R,19.0
209533,2014,R,26.0,R,58.0,R,45.0,R,20.0,R,0.0,R,20.0,R,11.0,R,55.0,R,1.0,R,0.0,R,1.0,R,1.0,R,100.0,R,8.0
209542,2014,R,3453.0,R,6370.0,R,54.0,R,3553.0,R,0.0,R,3553.0,R,2976.0,R,84.0,R,272.0,R,0.0,R,272.0,R,172.0,R,63.0,R,19.0
209551,2014,R,3895.0,R,5521.0,R,71.0,R,3913.0,R,1.0,R,3912.0,R,3413.0,R,87.0,R,46.0,R,0.0,R,46.0,R,27.0,R,59.0,R,19.0
209603,2014,R,73.0,R,135.0,R,54.0,R,60.0,R,0.0,R,60.0,R,50.0,R,83.0,R,1.0,R,0.0,R,1.0,R,0.0,R,0.0,R,7.0
209612,2014,R,459.0,R,633.0,R,73.0,R,421.0,R,2.0,R,419.0,R,340.0,R,81.0,A,,A,,A,,A,,A,,R,10.0
209667,2014,A,,A,,A,,R,36.0,Z,0.0,R,36.0,R,29.0,R,81.0,A,,A,,A,,A,,A,,R,11.0
209676,2014,A,,A,,A,,R,88.0,Z,0.0,R,88.0,R,70.0,R,80.0,A,,A,,A,,A,,A,,R,12.0
209694,2014,A,,A,,A,,R,49.0,R,1.0,R,48.0,R,41.0,R,85.0,A,,A,,A,,A,,A,,R,8.0
209700,2014,A,,A,,A,,R,35.0,R,0.0,R,35.0,R,22.0,R,63.0,A,,A,,A,,A,,A,,R,19.0
209719,2014,A,,A,,A,,R,3.0,R,0.0,R,3.0,R,3.0,R,100.0,A,,A,,A,,A,,A,,R,9.0
209746,2014,R,1043.0,R,4737.0,R,22.0,R,1176.0,R,0.0,R,1176.0,R,701.0,R,60.0,R,899.0,R,1.0,R,898.0,R,393.0,R,44.0,R,22.0
209807,2014,R,1571.0,R,6771.0,R,23.0,R,1517.0,R,0.0,R,1517.0,R,1102.0,R,73.0,R,126.0,R,0.0,R,126.0,R,52.0,R,41.0,R,19.0
209825,2014,R,1082.0,R,1167.0,R,93.0,R,835.0,R,0.0,R,835.0,R,750.0,R,90.0,A,,A,,A,,A,,A,,R,14.0
209922,2014,R,346.0,R,408.0,R,85.0,R,354.0,R,0.0,R,354.0,R,317.0,R,90.0,R,0.0,R,0.0,R,0.0,R,0.0,A,,R,9.0
209940,2014,R,313.0,R,1077.0,R,29.0,R,394.0,R,0.0,R,394.0,R,208.0,R,53.0,R,422.0,R,0.0,R,422.0,R,149.0,R,35.0,R,18.0
209986,2014,A,,A,,A,,R,12.0,R,0.0,R,12.0,R,10.0,R,83.0,A,,A,,A,,A,,A,,R,12.0
210076,2014,A,,A,,A,,R,5.0,R,0.0,R,5.0,R,3.0,R,60.0,R,0.0,R,0.0,R,0.0,R,0.0,A,,R,10.0
210100,2014,A,,A,,A,,R,10.0,R,0.0,R,10.0,R,7.0,R,70.0,A,,A,,A,,A,,A,,R,14.0
210146,2014,R,630.0,R,1932.0,R,33.0,R,593.0,R,0.0,R,593.0,R,438.0,R,74.0,R,33.0,R,0.0,R,33.0,R,15.0,R,45.0,R,21.0
210155,2014,R,466.0,R,678.0,R,69.0,R,431.0,Z,0.0,R,431.0,R,262.0,R,61.0,R,76.0,R,0.0,R,76.0,R,22.0,R,29.0,R,16.0
210234,2014,R,382.0,R,901.0,R,42.0,R,417.0,Z,0.0,R,417.0,R,176.0,R,42.0,R,218.0,Z,0.0,R,218.0,R,64.0,R,29.0,R,17.0
210270,2014,R,115.0,R,548.0,R,21.0,R,100.0,R,0.0,R,100.0,R,42.0,R,42.0,R,41.0,R,0.0,R,41.0,R,13.0,R,32.0,R,17.0
210304,2014,R,133.0,R,223.0,R,60.0,R,74.0,R,0.0,R,74.0,R,54.0,R,73.0,R,11.0,Z,0.0,R,11.0,R,8.0,R,73.0,R,12.0
210331,2014,R,220.0,R,289.0,R,76.0,R,222.0,R,0.0,R,222.0,R,170.0,R,77.0,A,,A,,A,,A,,A,,R,14.0
210340,2014,A,,A,,A,,R,10.0,R,0.0,R,10.0,R,9.0,R,90.0,A,,A,,A,,A,,A,,R,21.0
210359,2014,A,,A,,A,,R,6.0,R,0.0,R,6.0,R,2.0,R,33.0,A,,A,,A,,A,,A,,R,30.0
210401,2014,R,552.0,R,606.0,R,91.0,R,545.0,R,0.0,R,545.0,R,452.0,R,83.0,R,0.0,R,0.0,R,0.0,R,0.0,A,,R,11.0
210429,2014,R,834.0,R,1498.0,R,56.0,R,823.0,R,0.0,R,823.0,R,579.0,R,70.0,R,36.0,R,0.0,R,36.0,R,12.0,R,33.0,R,17.0
210438,2014,A,,A,,A,,A,,A,,A,,A,,A,,R,0.0,R,0.0,R,0.0,R,0.0,A,,R,15.0
210456,2014,A,,A,,A,,A,,A,,A,,A,,A,,A,,A,,A,,A,,A,,R,13.0
210474,2014,A,,A,,A,,R,21.0,R,0.0,R,21.0,R,17.0,R,81.0,R,7.0,R,0.0,R,7.0,R,5.0,R,71.0,R,11.0
210483,2014,A,,A,,A,,R,53.0,R,0.0,R,53.0,R,30.0,R,57.0,A,,A,,A,,A,,A,,R,14.0
210492,2014,R,85.0,R,101.0,R,84.0,R,80.0,R,0.0,R,80.0,R,61.0,R,76.0,R,0.0,R,0.0,R,0.0,R,0.0,A,,R,8.0
210571,2014,R,540.0,R,729.0,R,74.0,R,655.0,R,0.0,R,655.0,R,501.0,R,76.0,A,,A,,A,,A,,A,,R,15.0
210599,2014,A,,A,,A,,A,,A,,A,,A,,A,,A,,A,,A,,A,,A,,R,25.0
210605,2014,R,2108.0,R,4893.0,R,43.0,R,2170.0,R,0.0,R,2170.0,R,1200.0,R,55.0,R,1772.0,R,0.0,R,1772.0,R,766.0,R,43.0,R,19.0
210669,2014,R,473.0,R,550.0,R,86.0,R,601.0,R,1.0,R,600.0,R,500.0,R,83.0,R,3.0,R,0.0,R,3.0,R,1.0,R,33.0,R,10.0
210711,2014,A,,A,,A,,R,54.0,Z,0.0,R,54.0,R,43.0,R,80.0,A,,A,,A,,A,,A,,R,8.0
210739,2014,R,406.0,R,485.0,R,84.0,R,417.0,R,0.0,R,417.0,R,351.0,R,84.0,R,0.0,R,0.0,R,0.0,R,0.0,A,,R,14.0
210748,2014,A,,A,,A,,R,7.0,R,0.0,R,7.0,R,6.0,R,86.0,R,4.0,R,0.0,R,4.0,R,1.0,R,25.0,R,9.0
210775,2014,R,376.0,R,472.0,R,80.0,R,389.0,R,0.0,R,389.0,R,301.0,R,77.0,R,0.0,R,0.0,R,0.0,R,0.0,A,,R,12.0
210784,2014,A,,A,,A,,R,53.0,Z,0.0,R,53.0,R,49.0,R,92.0,R,16.0,Z,0.0,R,16.0,R,14.0,R,88.0,R,9.0
210809,2014,A,,A,,A,,A,,A,,A,,A,,A,,A,,A,,A,,A,,A,,R,274.0
210890,2014,R,85.0,R,105.0,R,81.0,R,98.0,R,0.0,R,98.0,R,79.0,R,81.0,A,,A,,A,,A,,A,,R,24.0
210906,2014,R,53.0,R,104.0,R,51.0,R,59.0,Z,0.0,R,59.0,R,45.0,R,76.0,R,29.0,Z,0.0,R,29.0,R,15.0,R,52.0,R,10.0
210942,2014,R,367.0,R,586.0,R,63.0,R,272.0,Z,0.0,R,272.0,R,127.0,R,47.0,R,14.0,Z,0.0,R,14.0,R,6.0,R,43.0,R,15.0
210951,2014,A,,A,,A,,R,35.0,R,0.0,R,35.0,R,30.0,R,86.0,A,,A,,A,,A,,A,,R,18.0
210960,2014,R,229.0,R,415.0,R,55.0,R,211.0,Z,0.0,R,211.0,R,118.0,R,56.0,R,22.0,Z,0.0,R,22.0,R,6.0,R,27.0,R,15.0
211006,2014,A,,A,,A,,R,45.0,R,1.0,R,44.0,R,33.0,R,75.0,R,4.0,R,0.0,R,4.0,R,3.0,R,75.0,R,23.0
211024,2014,R,88.0,R,157.0,R,56.0,R,85.0,R,0.0,R,85.0,R,66.0,R,78.0,R,5.0,R,0.0,R,5.0,R,1.0,R,20.0,R,9.0
211079,2014,R,325.0,R,977.0,R,33.0,R,291.0,R,0.0,R,291.0,R,153.0,R,53.0,R,119.0,R,0.0,R,119.0,R,92.0,R,77.0,R,17.0
211088,2014,R,673.0,R,882.0,R,76.0,R,597.0,R,0.0,R,597.0,R,487.0,R,82.0,R,0.0,R,0.0,R,0.0,R,0.0,A,,R,13.0
211149,2014,A,,A,,A,,R,19.0,R,0.0,R,19.0,R,14.0,R,74.0,A,,A,,A,,A,,A,,R,11.0
211158,2014,R,2162.0,R,2751.0,R,79.0,R,2208.0,R,0.0,R,2208.0,R,1733.0,R,78.0,R,10.0,R,0.0,R,10.0,R,5.0,R,50.0,R,21.0
211200,2014,R,199.0,R,249.0,R,80.0,R,187.0,R,0.0,R,187.0,R,145.0,R,78.0,A,,A,,A,,A,,A,,R,30.0
211273,2014,R,351.0,R,360.0,R,98.0,R,365.0,R,0.0,R,365.0,R,333.0,R,91.0,A,,A,,A,,A,,A,,R,8.0
211291,2014,R,939.0,R,996.0,R,94.0,R,933.0,R,0.0,R,933.0,R,869.0,R,93.0,A,,A,,A,,A,,A,,R,10.0
211307,2014,R,1127.0,R,3493.0,R,32.0,R,1206.0,R,0.0,R,1206.0,R,810.0,R,67.0,R,1187.0,R,0.0,R,1187.0,R,528.0,R,44.0,R,15.0
211316,2014,A,,A,,A,,R,33.0,R,0.0,R,33.0,R,31.0,R,94.0,R,5.0,Z,0.0,R,5.0,R,4.0,R,80.0,R,7.0
211334,2014,A,,A,,A,,R,31.0,R,0.0,R,31.0,R,25.0,R,81.0,A,,A,,A,,A,,A,,R,8.0
211343,2014,R,703.0,R,1530.0,R,46.0,R,651.0,R,0.0,R,651.0,R,405.0,R,62.0,R,319.0,R,0.0,R,319.0,R,123.0,R,39.0,R,18.0
211352,2014,R,392.0,R,503.0,R,78.0,R,303.0,R,0.0,R,303.0,R,233.0,R,77.0,A,,A,,A,,A,,A,,R,11.0
211361,2014,R,1015.0,R,1754.0,R,58.0,R,1109.0,R,0.0,R,1109.0,R,850.0,R,77.0,R,6.0,R,0.0,R,6.0,R,2.0,R,33.0,R,22.0
211398,2014,R,29.0,R,34.0,R,85.0,R,42.0,R,1.0,R,41.0,R,28.0,R,68.0,A,,A,,A,,A,,A,,R,15.0
211431,2014,R,198.0,R,397.0,R,50.0,R,203.0,R,0.0,R,203.0,R,158.0,R,78.0,R,2.0,R,0.0,R,2.0,R,0.0,R,0.0,R,11.0
211440,2014,R,1474.0,R,1558.0,R,95.0,R,1442.0,R,3.0,R,1439.0,R,1381.0,R,96.0,R,0.0,R,0.0,R,0.0,R,0.0,A,,R,10.0
211468,2014,R,170.0,R,380.0,R,45.0,R,140.0,Z,0.0,R,140.0,R,97.0,R,69.0,R,1.0,Z,0.0,R,1.0,R,0.0,R,0.0,R,10.0
211477,2014,R,98.0,R,132.0,R,74.0,R,95.0,R,2.0,R,93.0,R,54.0,R,58.0,R,32.0,Z,0.0,R,32.0,R,9.0,R,28.0,R,13.0
211556,2014,R,102.0,R,341.0,R,30.0,R,92.0,R,0.0,R,92.0,R,71.0,R,77.0,R,0.0,R,0.0,R,0.0,R,0.0,A,,R,9.0
211583,2014,R,186.0,R,412.0,R,45.0,R,190.0,R,0.0,R,190.0,R,148.0,R,78.0,R,0.0,R,0.0,R,0.0,R,0.0,A,,R,9.0
211608,2014,R,229.0,R,291.0,R,79.0,R,344.0,R,0.0,R,344.0,R,190.0,R,55.0,R,2.0,R,0.0,R,2.0,R,0.0,R,0.0,R,14.0
211617,2014,A,,A,,A,,R,133.0,R,0.0,R,133.0,R,101.0,R,76.0,A,,A,,A,,A,,A,,R,34.0
211635,2014,A,,A,,A,,R,0.0,R,0.0,R,0.0,R,0.0,A,,A,,A,,A,,A,,A,,R,10.0
211644,2014,R,937.0,R,1552.0,R,60.0,R,847.0,R,0.0,R,847.0,R,625.0,R,74.0,R,16.0,R,0.0,R,16.0,R,8.0,R,50.0,R,19.0
211802,2014,A,,A,,A,,R,29.0,R,0.0,R,29.0,R,25.0,R,86.0,R,10.0,R,0.0,R,10.0,R,5.0,R,50.0,R,10.0
211820,2014,A,,A,,A,,R,14.0,Z,0.0,R,14.0,R,10.0,R,71.0,R,0.0,Z,0.0,R,0.0,Z,0.0,A,,R,14.0
211893,2014,R,26.0,R,28.0,R,93.0,R,29.0,R,0.0,R,29.0,R,29.0,R,100.0,A,,A,,A,,A,,A,,R,2.0
211909,2014,R,51.0,R,67.0,R,76.0,R,51.0,R,0.0,R,51.0,R,47.0,R,92.0,R,16.0,R,0.0,R,16.0,R,14.0,R,88.0,R,12.0
211927,2014,R,1085.0,R,3348.0,R,32.0,R,1269.0,R,0.0,R,1269.0,R,770.0,R,61.0,R,1247.0,R,0.0,R,1247.0,R,505.0,R,40.0,R,19.0
211981,2014,R,489.0,R,649.0,R,75.0,R,416.0,R,0.0,R,416.0,R,300.0,R,72.0,A,,A,,A,,A,,A,,R,14.0
212009,2014,R,619.0,R,667.0,R,93.0,R,626.0,R,0.0,R,626.0,R,566.0,R,90.0,A,,A,,A,,A,,A,,R,10.0
212045,2014,R,79.0,R,148.0,R,53.0,R,83.0,R,0.0,R,83.0,R,71.0,R,86.0,R,5.0,R,0.0,R,5.0,R,3.0,R,60.0,R,14.0
212054,2014,R,2925.0,R,4448.0,R,66.0,R,3022.0,R,13.0,R,3009.0,R,2528.0,R,84.0,R,17.0,R,0.0,R,17.0,R,9.0,R,53.0,R,10.0
212072,2014,R,23.0,R,33.0,R,70.0,R,24.0,R,0.0,R,24.0,R,18.0,R,75.0,A,,A,,A,,A,,A,,R,9.0
212090,2014,A,,A,,A,,R,45.0,R,0.0,R,45.0,R,22.0,R,49.0,R,0.0,R,0.0,R,0.0,R,0.0,A,,R,24.0
212106,2014,R,1332.0,R,1518.0,R,88.0,R,1353.0,R,0.0,R,1353.0,R,1212.0,R,90.0,R,10.0,R,0.0,R,10.0,R,9.0,R,90.0,R,13.0
212115,2014,R,1263.0,R,1946.0,R,65.0,R,1143.0,R,0.0,R,1143.0,R,843.0,R,74.0,R,69.0,R,0.0,R,69.0,R,4.0,R,6.0,R,23.0
212133,2014,R,410.0,R,714.0,R,57.0,R,360.0,R,0.0,R,360.0,R,282.0,R,78.0,R,0.0,R,0.0,R,0.0,R,0.0,A,,R,11.0
212160,2014,R,1212.0,R,1647.0,R,74.0,R,922.0,R,0.0,R,922.0,R,645.0,R,70.0,R,11.0,R,0.0,R,11.0,R,7.0,R,64.0,R,19.0
212197,2014,R,447.0,R,480.0,R,93.0,R,530.0,R,0.0,R,530.0,R,421.0,R,79.0,A,,A,,A,,A,,A,,R,11.0
212212,2014,A,,A,,A,,R,21.0,R,0.0,R,21.0,R,18.0,R,86.0,A,,A,,A,,A,,A,,R,15.0
212230,2014,A,,A,,A,,R,17.0,R,0.0,R,17.0,R,16.0,R,94.0,A,,A,,A,,A,,A,,R,22.0
212267,2014,A,,A,,A,,R,42.0,R,0.0,R,42.0,R,21.0,R,50.0,R,18.0,R,0.0,R,18.0,R,13.0,R,72.0,R,21.0
212276,2014,A,,A,,A,,R,47.0,R,0.0,R,47.0,R,27.0,R,57.0,R,7.0,R,0.0,R,7.0,R,5.0,R,71.0,R,17.0
212285,2014,A,,A,,A,,R,26.0,R,0.0,R,26.0,R,18.0,R,69.0,R,1.0,R,0.0,R,1.0,R,1.0,R,100.0,R,17.0
212294,2014,A,,A,,A,,R,27.0,R,0.0,R,27.0,R,21.0,R,78.0,A,,A,,A,,A,,A,,R,19.0
212300,2014,A,,A,,A,,R,22.0,R,0.0,R,22.0,R,19.0,R,86.0,A,,A,,A,,A,,A,,R,19.0
212328,2014,A,,A,,A,,R,42.0,R,0.0,R,42.0,R,30.0,R,71.0,R,13.0,R,0.0,R,13.0,R,8.0,R,62.0,R,15.0
212337,2014,A,,A,,A,,R,43.0,R,0.0,R,43.0,R,31.0,R,72.0,R,9.0,R,0.0,R,9.0,R,6.0,R,67.0,R,19.0
212355,2014,A,,A,,A,,R,75.0,R,0.0,R,75.0,R,54.0,R,72.0,R,19.0,R,0.0,R,19.0,R,13.0,R,68.0,R,22.0
212373,2014,A,,A,,A,,R,20.0,R,0.0,R,20.0,R,16.0,R,80.0,R,8.0,R,0.0,R,8.0,R,7.0,R,88.0,R,12.0
212382,2014,A,,A,,A,,R,37.0,R,0.0,R,37.0,R,23.0,R,62.0,R,12.0,R,0.0,R,12.0,R,7.0,R,58.0,R,21.0
212391,2014,A,,A,,A,,R,41.0,R,0.0,R,41.0,R,26.0,R,63.0,R,18.0,R,0.0,R,18.0,R,10.0,R,56.0,R,15.0
212434,2014,R,82.0,R,82.0,R,100.0,R,77.0,R,0.0,R,77.0,R,54.0,R,70.0,A,,A,,A,,A,,A,,R,10.0
212452,2014,R,9.0,R,13.0,R,69.0,R,5.0,R,0.0,R,5.0,R,1.0,R,20.0,R,3.0,Z,0.0,R,3.0,R,3.0,R,100.0,R,15.0
212568,2014,A,,A,,A,,R,10.0,R,0.0,R,10.0,R,9.0,R,90.0,A,,A,,A,,A,,A,,R,11.0
212577,2014,R,591.0,R,634.0,R,93.0,R,604.0,R,0.0,R,604.0,R,549.0,R,91.0,R,1.0,R,0.0,R,1.0,R,0.0,R,0.0,R,9.0
212601,2014,R,594.0,R,1086.0,R,55.0,R,590.0,R,1.0,R,589.0,R,492.0,R,84.0,R,5.0,R,0.0,R,5.0,R,3.0,R,60.0,R,13.0
212656,2014,R,312.0,R,391.0,R,80.0,R,334.0,R,0.0,R,334.0,R,281.0,R,84.0,R,4.0,R,0.0,R,4.0,R,2.0,R,50.0,R,13.0
212674,2014,R,720.0,R,736.0,R,98.0,R,703.0,R,0.0,R,703.0,R,623.0,R,89.0,A,,A,,A,,A,,A,,R,10.0
212683,2014,A,,A,,A,,R,38.0,R,0.0,R,38.0,R,31.0,R,82.0,R,7.0,R,0.0,R,7.0,R,5.0,R,71.0,R,12.0
212708,2014,A,,A,,A,,R,37.0,R,0.0,R,37.0,R,20.0,R,54.0,R,6.0,R,0.0,R,6.0,R,5.0,R,83.0,R,14.0
212753,2014,A,,A,,A,,R,85.0,R,0.0,R,85.0,R,53.0,R,62.0,R,20.0,R,0.0,R,20.0,R,13.0,R,65.0,R,22.0
212771,2014,A,,A,,A,,A,,A,,A,,A,,A,,A,,A,,A,,A,,A,,R,5.0
212805,2014,R,637.0,R,698.0,R,91.0,R,648.0,R,3.0,R,645.0,R,591.0,R,92.0,A,,A,,A,,A,,A,,R,14.0
212832,2014,R,205.0,R,515.0,R,40.0,R,73.0,R,0.0,R,73.0,R,53.0,R,73.0,A,,A,,A,,A,,A,,R,13.0
212869,2014,R,235.0,R,596.0,R,39.0,R,249.0,R,0.0,R,249.0,R,143.0,R,57.0,R,12.0,R,0.0,R,12.0,R,3.0,R,25.0,R,15.0
212878,2014,R,2063.0,R,6290.0,R,33.0,R,1030.0,R,0.0,R,1030.0,R,540.0,R,52.0,R,1021.0,R,1.0,R,1020.0,R,434.0,R,43.0,R,15.0
212911,2014,R,338.0,R,348.0,R,97.0,R,330.0,R,0.0,R,330.0,R,320.0,R,97.0,A,,A,,A,,A,,A,,R,8.0
212975,2014,R,75.0,R,76.0,R,99.0,R,84.0,R,1.0,R,83.0,R,66.0,R,80.0,R,1.0,R,0.0,R,1.0,R,0.0,R,0.0,R,8.0
212984,2014,R,250.0,R,639.0,R,39.0,R,288.0,R,0.0,R,288.0,R,209.0,R,73.0,R,3.0,R,0.0,R,3.0,R,0.0,R,0.0,R,13.0
212993,2014,R,14.0,R,30.0,R,47.0,R,16.0,R,1.0,R,15.0,R,11.0,R,73.0,A,,A,,A,,A,,A,,R,10.0
213002,2014,A,,A,,A,,R,44.0,R,0.0,R,44.0,R,18.0,R,41.0,A,,A,,A,,A,,A,,R,22.0
213011,2014,R,220.0,R,454.0,R,48.0,R,287.0,R,0.0,R,287.0,R,228.0,R,79.0,R,1.0,R,0.0,R,1.0,R,0.0,R,0.0,R,9.0
213020,2014,R,2805.0,R,3529.0,R,79.0,R,2647.0,R,0.0,R,2647.0,R,1973.0,R,75.0,R,10.0,R,0.0,R,10.0,R,4.0,R,40.0,R,19.0
213163,2014,A,,A,,A,,A,,A,,A,,A,,A,,A,,A,,A,,A,,A,,R,6.0
213181,2014,A,,A,,A,,R,242.0,R,0.0,R,242.0,R,195.0,R,81.0,A,,A,,A,,A,,A,,R,16.0
213215,2014,A,,A,,A,,R,47.0,R,0.0,R,47.0,R,21.0,R,45.0,R,15.0,R,0.0,R,15.0,R,8.0,R,53.0,R,15.0
213233,2014,R,178.0,R,265.0,R,67.0,R,156.0,R,2.0,R,154.0,R,115.0,R,75.0,A,,A,,A,,A,,A,,R,18.0
213251,2014,R,423.0,R,522.0,R,81.0,R,391.0,R,0.0,R,391.0,R,344.0,R,88.0,A,,A,,A,,A,,A,,R,13.0
213303,2014,R,307.0,R,429.0,R,72.0,R,218.0,R,0.0,R,218.0,R,141.0,R,65.0,R,12.0,R,0.0,R,12.0,R,7.0,R,58.0,R,11.0
213321,2014,R,484.0,R,617.0,R,78.0,R,500.0,R,0.0,R,500.0,R,373.0,R,75.0,R,0.0,Z,0.0,R,0.0,Z,0.0,A,,R,12.0
213330,2014,A,,A,,A,,R,15.0,R,0.0,R,15.0,R,15.0,R,100.0,A,,A,,A,,A,,A,,R,9.0
213349,2014,R,1779.0,R,2422.0,R,73.0,R,1812.0,R,0.0,R,1812.0,R,1331.0,R,73.0,R,2.0,R,0.0,R,2.0,R,2.0,R,100.0,R,21.0
213358,2014,R,223.0,R,405.0,R,55.0,R,229.0,R,0.0,R,229.0,R,165.0,R,72.0,A,,A,,A,,A,,A,,R,12.0
213367,2014,R,918.0,R,1198.0,R,77.0,R,876.0,R,0.0,R,876.0,R,706.0,R,81.0,R,3.0,R,0.0,R,3.0,R,2.0,R,67.0,R,12.0
213376,2014,R,374.0,R,554.0,R,68.0,R,337.0,R,0.0,R,337.0,R,181.0,R,54.0,R,43.0,R,0.0,R,43.0,R,16.0,R,37.0,R,16.0
213385,2014,R,648.0,R,699.0,R,93.0,R,635.0,R,0.0,R,635.0,R,593.0,R,93.0,A,,A,,A,,A,,A,,R,10.0
213400,2014,R,211.0,R,545.0,R,39.0,R,121.0,R,0.0,R,121.0,R,91.0,R,75.0,R,7.0,R,0.0,R,7.0,R,3.0,R,43.0,R,15.0
213455,2014,A,,A,,A,,R,13.0,R,0.0,R,13.0,R,13.0,R,100.0,R,77.0,R,0.0,R,77.0,R,64.0,R,83.0,R,24.0
213473,2014,R,44.0,R,66.0,R,67.0,R,35.0,R,2.0,R,33.0,R,21.0,R,64.0,R,46.0,R,0.0,R,46.0,R,25.0,R,54.0,R,11.0
213491,2014,A,,A,,A,,R,24.0,R,0.0,R,24.0,R,18.0,R,75.0,R,25.0,R,0.0,R,25.0,R,23.0,R,92.0,R,14.0
213507,2014,R,413.0,R,479.0,R,86.0,R,415.0,R,2.0,R,413.0,R,350.0,R,85.0,A,,A,,A,,A,,A,,R,11.0
213525,2014,R,994.0,R,2680.0,R,37.0,R,947.0,R,0.0,R,947.0,R,522.0,R,55.0,R,475.0,R,1.0,R,474.0,R,212.0,R,45.0,R,17.0
213534,2014,R,244.0,R,392.0,R,62.0,R,219.0,R,0.0,R,219.0,R,145.0,R,66.0,R,50.0,Z,0.0,R,50.0,R,21.0,R,42.0,R,13.0
213543,2014,R,1299.0,R,1332.0,R,98.0,R,1198.0,R,0.0,R,1198.0,R,1145.0,R,96.0,A,,A,,A,,A,,A,,R,10.0
213552,2014,A,,A,,A,,R,30.0,R,0.0,R,30.0,R,27.0,R,90.0,R,15.0,R,0.0,R,15.0,R,14.0,R,93.0,R,12.0
213570,2014,A,,A,,A,,R,149.0,R,0.0,R,149.0,R,96.0,R,64.0,R,0.0,R,0.0,R,0.0,R,0.0,A,,R,21.0
213589,2014,A,,A,,A,,R,82.0,R,0.0,R,82.0,R,57.0,R,70.0,R,24.0,R,0.0,R,24.0,R,16.0,R,67.0,R,17.0
213598,2014,R,301.0,R,430.0,R,70.0,R,331.0,R,0.0,R,331.0,R,251.0,R,76.0,R,2.0,R,0.0,R,2.0,R,0.0,R,0.0,R,16.0
213613,2014,R,913.0,R,1230.0,R,74.0,R,1039.0,R,0.0,R,1039.0,R,710.0,R,68.0,R,3.0,R,0.0,R,3.0,R,2.0,R,67.0,R,21.0
213622,2014,A,,A,,A,,R,9.0,R,0.0,R,9.0,R,5.0,R,56.0,A,,A,,A,,A,,A,,R,11.0
213659,2014,R,992.0,R,2077.0,R,48.0,R,1055.0,R,0.0,R,1055.0,R,601.0,R,57.0,R,442.0,R,0.0,R,442.0,R,143.0,R,32.0,R,17.0
213668,2014,R,394.0,R,425.0,R,93.0,R,347.0,R,0.0,R,347.0,R,284.0,R,82.0,A,,A,,A,,A,,A,,R,14.0
213774,2014,R,157.0,R,345.0,R,46.0,R,159.0,R,0.0,R,159.0,R,96.0,R,60.0,R,27.0,R,0.0,R,27.0,R,11.0,R,41.0,R,10.0
213783,2014,R,541.0,R,735.0,R,74.0,R,468.0,R,0.0,R,468.0,R,350.0,R,75.0,R,2.0,R,0.0,R,2.0,R,1.0,R,50.0,R,18.0
213826,2014,R,368.0,R,584.0,R,63.0,R,405.0,R,1.0,R,404.0,R,323.0,R,80.0,R,0.0,Z,0.0,R,0.0,R,0.0,A,,R,11.0
213914,2014,R,102.0,R,179.0,R,57.0,R,100.0,R,0.0,R,100.0,R,67.0,R,67.0,A,,A,,A,,A,,A,,R,35.0
213932,2014,A,,A,,A,,A,,A,,A,,A,,A,,A,,A,,A,,A,,A,,R,10.0
213987,2014,R,611.0,R,726.0,R,84.0,R,594.0,R,0.0,R,594.0,R,476.0,R,80.0,R,6.0,R,0.0,R,6.0,R,5.0,R,83.0,R,13.0
213996,2014,R,696.0,R,844.0,R,82.0,R,648.0,R,0.0,R,648.0,R,567.0,R,88.0,A,,A,,A,,A,,A,,R,13.0
214023,2014,R,10.0,R,20.0,R,50.0,R,29.0,R,0.0,R,29.0,R,19.0,R,66.0,R,22.0,R,0.0,R,22.0,R,12.0,R,55.0,R,20.0
214041,2014,R,1347.0,R,2032.0,R,66.0,R,1277.0,R,0.0,R,1277.0,R,979.0,R,77.0,R,15.0,R,0.0,R,15.0,R,7.0,R,47.0,R,21.0
214069,2014,R,438.0,R,682.0,R,64.0,R,428.0,R,0.0,R,428.0,R,344.0,R,80.0,R,10.0,R,0.0,R,10.0,R,4.0,R,40.0,R,13.0
214111,2014,R,1493.0,R,4599.0,R,32.0,R,1550.0,R,0.0,R,1550.0,R,971.0,R,63.0,R,1016.0,R,0.0,R,1016.0,R,489.0,R,48.0,R,20.0
214148,2014,R,87.0,R,121.0,R,72.0,R,74.0,R,0.0,R,74.0,R,62.0,R,84.0,R,1.0,R,0.0,R,1.0,R,0.0,R,0.0,R,7.0
214157,2014,R,386.0,R,563.0,R,69.0,R,355.0,R,0.0,R,355.0,R,279.0,R,79.0,A,,A,,A,,A,,A,,R,12.0
214166,2014,R,370.0,R,710.0,R,52.0,R,182.0,Z,0.0,R,182.0,R,122.0,R,67.0,R,2.0,Z,0.0,R,2.0,R,2.0,R,100.0,R,12.0
214175,2014,R,589.0,R,659.0,R,89.0,R,579.0,R,0.0,R,579.0,R,528.0,R,91.0,A,,A,,A,,A,,A,,R,11.0
214254,2014,A,,A,,A,,R,190.0,R,1.0,R,189.0,R,106.0,R,56.0,A,,A,,A,,A,,A,,R,39.0
214272,2014,R,415.0,R,597.0,R,70.0,R,501.0,R,1.0,R,500.0,R,366.0,R,73.0,R,2.0,R,0.0,R,2.0,R,1.0,R,50.0,R,14.0
214290,2014,A,,A,,A,,R,281.0,R,0.0,R,281.0,R,192.0,R,68.0,A,,A,,A,,A,,A,,R,21.0
214379,2014,R,1425.0,R,3480.0,R,41.0,R,1498.0,R,1.0,R,1497.0,R,922.0,R,62.0,R,664.0,R,1.0,R,663.0,R,318.0,R,48.0,R,20.0
214476,2014,A,,A,,A,,R,8.0,R,0.0,R,8.0,R,7.0,R,88.0,R,5.0,R,2.0,R,3.0,R,2.0,R,67.0,R,10.0
214528,2014,A,,A,,A,,R,116.0,R,0.0,R,116.0,R,91.0,R,78.0,R,26.0,R,1.0,R,25.0,R,19.0,R,76.0,R,13.0
214546,2014,A,,A,,A,,R,13.0,R,0.0,R,13.0,R,9.0,R,69.0,R,2.0,Z,0.0,R,2.0,R,1.0,R,50.0,R,13.0
214582,2014,R,269.0,R,369.0,R,73.0,R,305.0,Z,0.0,R,305.0,R,160.0,R,52.0,R,70.0,Z,0.0,R,70.0,R,31.0,R,44.0,R,14.0
214591,2014,R,1178.0,R,1397.0,R,84.0,R,1047.0,R,0.0,R,1047.0,R,867.0,R,83.0,R,7.0,R,0.0,R,7.0,R,4.0,R,57.0,R,15.0
214625,2014,R,185.0,R,269.0,R,69.0,R,145.0,R,0.0,R,145.0,R,119.0,R,82.0,R,4.0,R,0.0,R,4.0,R,2.0,R,50.0,R,13.0
214634,2014,R,74.0,R,177.0,R,42.0,R,51.0,R,0.0,R,51.0,R,30.0,R,59.0,R,5.0,R,0.0,R,5.0,R,0.0,R,0.0,R,11.0
214643,2014,R,137.0,R,191.0,R,72.0,R,157.0,R,0.0,R,157.0,R,123.0,R,78.0,R,0.0,R,0.0,R,0.0,R,0.0,A,,R,13.0
214652,2014,R,263.0,R,364.0,R,72.0,R,205.0,R,0.0,R,205.0,R,144.0,R,70.0,R,3.0,R,0.0,R,3.0,R,1.0,R,33.0,R,16.0
214670,2014,R,212.0,R,369.0,R,57.0,R,223.0,R,0.0,R,223.0,R,176.0,R,79.0,R,1.0,R,0.0,R,1.0,R,0.0,R,0.0,R,14.0
214689,2014,R,1482.0,R,1654.0,R,90.0,R,1329.0,R,0.0,R,1329.0,R,1082.0,R,81.0,R,5.0,R,0.0,R,5.0,R,3.0,R,60.0,R,17.0
214698,2014,R,216.0,R,294.0,R,73.0,R,241.0,R,0.0,R,241.0,R,180.0,R,75.0,R,0.0,R,0.0,R,0.0,R,0.0,A,,R,16.0
214704,2014,R,846.0,R,1099.0,R,77.0,R,756.0,R,0.0,R,756.0,R,584.0,R,77.0,R,11.0,R,0.0,R,11.0,R,6.0,R,55.0,R,17.0
214713,2014,R,792.0,R,1178.0,R,67.0,R,737.0,R,0.0,R,737.0,R,612.0,R,83.0,R,4.0,R,0.0,R,4.0,R,3.0,R,75.0,R,14.0
214731,2014,R,382.0,R,550.0,R,69.0,R,313.0,R,0.0,R,313.0,R,227.0,R,73.0,R,6.0,R,0.0,R,6.0,R,1.0,R,17.0,R,15.0
214740,2014,R,150.0,R,264.0,R,57.0,R,128.0,R,0.0,R,128.0,R,98.0,R,77.0,R,3.0,R,0.0,R,3.0,R,1.0,R,33.0,R,11.0
214759,2014,R,194.0,R,289.0,R,67.0,R,124.0,R,0.0,R,124.0,R,96.0,R,77.0,R,1.0,R,0.0,R,1.0,R,1.0,R,100.0,R,11.0
214768,2014,R,304.0,R,390.0,R,78.0,R,325.0,R,0.0,R,325.0,R,257.0,R,79.0,R,2.0,R,0.0,R,2.0,R,1.0,R,50.0,R,14.0
214777,2014,R,8166.0,R,8972.0,R,91.0,R,7999.0,R,0.0,R,7999.0,R,7451.0,R,93.0,R,24.0,R,0.0,R,24.0,R,19.0,R,79.0,R,17.0
214786,2014,R,182.0,R,248.0,R,73.0,R,189.0,R,0.0,R,189.0,R,137.0,R,72.0,R,2.0,R,0.0,R,2.0,R,2.0,R,100.0,R,12.0
214795,2014,R,267.0,R,377.0,R,71.0,R,212.0,R,0.0,R,212.0,R,159.0,R,75.0,R,3.0,R,0.0,R,3.0,R,2.0,R,67.0,R,11.0
214801,2014,R,893.0,R,1287.0,R,69.0,R,902.0,R,0.0,R,902.0,R,737.0,R,82.0,R,6.0,R,0.0,R,6.0,R,4.0,R,67.0,R,20.0
214810,2014,R,247.0,R,313.0,R,79.0,R,212.0,R,0.0,R,212.0,R,159.0,R,75.0,R,1.0,R,0.0,R,1.0,R,1.0,R,100.0,R,14.0
214829,2014,R,298.0,R,485.0,R,61.0,R,275.0,R,0.0,R,275.0,R,206.0,R,75.0,R,5.0,R,0.0,R,5.0,R,3.0,R,60.0,R,14.0
214838,2014,A,,A,,A,,R,6.0,R,0.0,R,6.0,R,2.0,R,33.0,A,,A,,A,,A,,A,,A,
214883,2014,R,32.0,R,366.0,R,9.0,R,2.0,R,0.0,R,2.0,R,2.0,R,100.0,R,16.0,R,0.0,R,16.0,R,5.0,R,31.0,R,12.0
214892,2014,R,109.0,R,109.0,R,100.0,R,115.0,R,0.0,R,115.0,R,77.0,R,67.0,A,,A,,A,,A,,A,,R,15.0
214944,2014,A,,A,,A,,R,155.0,R,0.0,R,155.0,R,121.0,R,78.0,R,36.0,R,0.0,R,36.0,R,28.0,R,78.0,R,13.0
214962,2014,A,,A,,A,,R,15.0,R,0.0,R,15.0,R,13.0,R,87.0,R,6.0,R,0.0,R,6.0,R,5.0,R,83.0,R,14.0
214971,2014,R,21.0,R,49.0,R,43.0,R,14.0,R,0.0,R,14.0,R,13.0,R,93.0,R,0.0,R,0.0,R,0.0,R,0.0,A,,R,11.0
215008,2014,A,,A,,A,,R,13.0,R,0.0,R,13.0,R,11.0,R,85.0,A,,A,,A,,A,,A,,R,15.0
215026,2014,A,,A,,A,,R,0.0,R,0.0,R,0.0,R,0.0,A,,A,,A,,A,,A,,A,,R,6.0
215044,2014,A,,A,,A,,A,,A,,A,,A,,A,,A,,A,,A,,A,,A,,R,20.0
215053,2014,R,59.0,R,70.0,R,84.0,R,51.0,R,0.0,R,51.0,R,34.0,R,67.0,R,0.0,R,0.0,R,0.0,R,0.0,A,,R,8.0
215062,2014,R,2350.0,R,3076.0,R,76.0,R,2353.0,R,5.0,R,2348.0,R,2288.0,R,97.0,R,57.0,R,0.0,R,57.0,R,53.0,R,93.0,R,6.0
215099,2014,R,607.0,R,871.0,R,70.0,R,531.0,R,0.0,R,531.0,R,420.0,R,79.0,R,7.0,R,0.0,R,7.0,R,1.0,R,14.0,R,13.0
215105,2014,R,373.0,R,492.0,R,76.0,R,457.0,R,0.0,R,457.0,R,370.0,R,81.0,R,0.0,R,0.0,R,0.0,R,0.0,A,,R,8.0
215114,2014,R,159.0,R,239.0,R,67.0,R,137.0,R,0.0,R,137.0,R,103.0,R,75.0,R,2.0,R,0.0,R,2.0,R,2.0,R,100.0,R,14.0
215132,2014,R,360.0,R,385.0,R,94.0,R,440.0,R,0.0,R,440.0,R,388.0,R,88.0,A,,A,,A,,A,,A,,R,10.0
215239,2014,R,1346.0,R,4950.0,R,27.0,R,1362.0,R,0.0,R,1362.0,R,737.0,R,54.0,R,2885.0,R,0.0,R,2885.0,R,1297.0,R,45.0,R,16.0
215266,2014,R,391.0,R,507.0,R,77.0,R,321.0,R,0.0,R,321.0,R,232.0,R,72.0,R,2.0,R,0.0,R,2.0,R,1.0,R,50.0,R,18.0
215275,2014,R,423.0,R,529.0,R,80.0,R,386.0,R,0.0,R,386.0,R,292.0,R,76.0,R,0.0,R,0.0,R,0.0,R,0.0,A,,R,18.0
215284,2014,R,799.0,R,924.0,R,86.0,R,674.0,R,0.0,R,674.0,R,536.0,R,80.0,R,0.0,R,0.0,R,0.0,R,0.0,A,,R,20.0
215293,2014,R,3845.0,R,4845.0,R,79.0,R,3851.0,R,1.0,R,3850.0,R,3565.0,R,93.0,R,3.0,R,0.0,R,3.0,R,3.0,R,100.0,R,14.0
215309,2014,R,153.0,R,194.0,R,79.0,R,133.0,R,0.0,R,133.0,R,84.0,R,63.0,R,10.0,R,0.0,R,10.0,R,9.0,R,90.0,R,10.0
215336,2014,A,,A,,A,,R,22.0,R,0.0,R,22.0,R,19.0,R,86.0,A,,A,,A,,A,,A,,R,11.0
215381,2014,R,120.0,R,170.0,R,71.0,R,107.0,R,0.0,R,107.0,R,72.0,R,67.0,A,,A,,A,,A,,A,,R,10.0
215390,2014,A,,A,,A,,R,75.0,Z,0.0,R,75.0,R,65.0,R,87.0,R,14.0,R,0.0,R,14.0,R,14.0,R,100.0,R,13.0
215415,2014,R,832.0,R,1151.0,R,72.0,R,719.0,R,0.0,R,719.0,R,458.0,R,64.0,A,,A,,A,,A,,A,,R,21.0
215433,2014,R,356.0,R,511.0,R,70.0,R,130.0,R,0.0,R,130.0,R,78.0,R,60.0,R,23.0,R,0.0,R,23.0,R,12.0,R,52.0,R,13.0
215442,2014,R,629.0,R,1067.0,R,59.0,R,539.0,R,0.0,R,539.0,R,414.0,R,77.0,R,8.0,R,0.0,R,8.0,R,5.0,R,63.0,R,13.0
215479,2014,A,,A,,A,,A,,A,,A,,A,,A,,A,,A,,A,,A,,A,,R,5.0
215530,2014,A,,A,,A,,R,17.0,R,0.0,R,17.0,R,17.0,R,100.0,R,1.0,R,0.0,R,1.0,R,1.0,R,100.0,R,9.0
215585,2014,R,230.0,R,1402.0,R,16.0,R,251.0,Z,0.0,R,251.0,R,149.0,R,59.0,R,712.0,R,1.0,R,711.0,R,294.0,R,41.0,R,17.0
215594,2014,A,,A,,A,,R,26.0,R,0.0,R,26.0,R,16.0,R,62.0,R,3.0,R,0.0,R,3.0,R,1.0,R,33.0,R,6.0
215628,2014,A,,A,,A,,R,0.0,R,0.0,R,0.0,R,0.0,A,,R,0.0,R,0.0,R,0.0,R,0.0,A,,R,1.0
215637,2014,R,339.0,R,351.0,R,97.0,R,178.0,R,3.0,R,175.0,R,167.0,R,95.0,A,,A,,A,,A,,A,,R,23.0
215646,2014,A,,A,,A,,R,108.0,R,1.0,R,107.0,R,69.0,R,64.0,A,,A,,A,,A,,A,,R,34.0
215655,2014,R,858.0,R,2194.0,R,39.0,R,988.0,R,0.0,R,988.0,R,819.0,R,83.0,R,6.0,R,0.0,R,6.0,R,3.0,R,50.0,R,15.0
215682,2014,R,138.0,R,138.0,R,100.0,R,111.0,R,0.0,R,111.0,R,76.0,R,68.0,A,,A,,A,,A,,A,,R,16.0
215691,2014,R,124.0,R,170.0,R,73.0,R,112.0,R,0.0,R,112.0,R,75.0,R,67.0,A,,A,,A,,A,,A,,R,10.0
215743,2014,R,392.0,R,565.0,R,69.0,R,400.0,R,2.0,R,398.0,R,339.0,R,85.0,R,0.0,R,0.0,R,0.0,R,0.0,A,,R,14.0
215770,2014,R,1351.0,R,1638.0,R,82.0,R,1269.0,R,0.0,R,1269.0,R,1139.0,R,90.0,R,3.0,R,0.0,R,3.0,R,2.0,R,67.0,R,13.0
215798,2014,R,449.0,R,503.0,R,89.0,R,472.0,R,0.0,R,472.0,R,385.0,R,82.0,A,,A,,A,,A,,A,,R,12.0
215886,2014,A,,A,,A,,R,63.0,R,0.0,R,63.0,R,32.0,R,51.0,R,1.0,R,0.0,R,1.0,R,1.0,R,100.0,R,4.0
215929,2014,R,1062.0,R,1175.0,R,90.0,R,878.0,R,0.0,R,878.0,R,783.0,R,89.0,R,0.0,R,0.0,R,0.0,R,0.0,A,,R,11.0
215947,2014,R,333.0,R,646.0,R,52.0,R,380.0,R,0.0,R,380.0,R,300.0,R,79.0,R,6.0,R,0.0,R,6.0,R,0.0,R,0.0,R,14.0
215974,2014,A,,A,,A,,R,16.0,R,0.0,R,16.0,R,10.0,R,63.0,R,1.0,R,0.0,R,1.0,R,1.0,R,100.0,R,10.0
215983,2014,A,,A,,A,,R,19.0,R,0.0,R,19.0,R,13.0,R,68.0,A,,A,,A,,A,,A,,R,5.0
215992,2014,R,54.0,R,90.0,R,60.0,R,83.0,R,0.0,R,83.0,R,14.0,R,17.0,R,5.0,R,0.0,R,5.0,R,1.0,R,20.0,R,8.0
216010,2014,R,1478.0,R,1890.0,R,78.0,R,1516.0,R,0.0,R,1516.0,R,1121.0,R,74.0,R,6.0,R,0.0,R,6.0,R,3.0,R,50.0,R,19.0
216038,2014,R,1586.0,R,2227.0,R,71.0,R,1408.0,R,8.0,R,1400.0,R,1142.0,R,82.0,A,,A,,A,,A,,A,,R,22.0
216047,2014,R,11.0,R,28.0,R,39.0,R,10.0,R,0.0,R,10.0,R,8.0,R,80.0,A,,A,,A,,A,,A,,R,7.0
216074,2014,A,,A,,A,,R,30.0,R,0.0,R,30.0,R,28.0,R,93.0,R,55.0,Z,0.0,R,55.0,R,53.0,R,96.0,R,8.0
216083,2014,R,201.0,R,310.0,R,65.0,R,292.0,R,3.0,R,289.0,R,200.0,R,69.0,R,16.0,R,1.0,R,15.0,R,14.0,R,93.0,R,12.0
216162,2014,A,,A,,A,,A,,A,,A,,A,,A,,A,,A,,A,,A,,A,,R,8.0
216223,2014,A,,A,,A,,R,23.0,Z,0.0,R,23.0,R,20.0,R,87.0,R,6.0,Z,0.0,R,6.0,R,5.0,R,83.0,R,11.0
216278,2014,R,575.0,R,661.0,R,87.0,R,589.0,R,1.0,R,588.0,R,488.0,R,83.0,R,0.0,R,0.0,R,0.0,R,0.0,A,,R,12.0
216287,2014,R,407.0,R,427.0,R,95.0,R,388.0,R,0.0,R,388.0,R,370.0,R,95.0,A,,A,,A,,A,,A,,R,8.0
216296,2014,R,388.0,R,484.0,R,80.0,R,402.0,R,0.0,R,402.0,R,313.0,R,78.0,R,1.0,R,0.0,R,1.0,R,0.0,R,0.0,R,16.0
216311,2014,R,36.0,R,37.0,R,97.0,R,38.0,R,0.0,R,38.0,R,32.0,R,84.0,A,,A,,A,,A,,A,,R,19.0
216339,2014,R,4472.0,R,7391.0,R,61.0,R,4380.0,R,1.0,R,4379.0,R,3890.0,R,89.0,R,10.0,R,0.0,R,10.0,R,7.0,R,70.0,R,14.0
216357,2014,R,280.0,R,328.0,R,85.0,R,303.0,R,0.0,R,303.0,R,209.0,R,69.0,A,,A,,A,,A,,A,,R,13.0
216366,2014,A,,A,,A,,A,,A,,A,,A,,A,,A,,A,,A,,A,,A,,R,15.0
216418,2014,A,,A,,A,,R,54.0,Z,0.0,R,54.0,R,34.0,R,63.0,A,,A,,A,,A,,A,,R,8.0
216427,2014,R,25.0,R,28.0,R,89.0,R,30.0,R,0.0,R,30.0,R,24.0,R,80.0,A,,A,,A,,A,,A,,R,8.0
216436,2014,R,85.0,R,118.0,R,72.0,R,102.0,R,1.0,R,101.0,R,68.0,R,67.0,A,,A,,A,,A,,A,,R,12.0
216445,2014,R,78.0,R,103.0,R,76.0,R,81.0,R,0.0,R,81.0,R,69.0,R,85.0,A,,A,,A,,A,,A,,R,12.0
216454,2014,R,66.0,R,77.0,R,86.0,R,82.0,R,1.0,R,81.0,R,66.0,R,81.0,A,,A,,A,,A,,A,,R,11.0
216524,2014,R,497.0,R,525.0,R,95.0,R,425.0,R,0.0,R,425.0,R,390.0,R,92.0,A,,A,,A,,A,,A,,R,12.0
216542,2014,R,113.0,R,166.0,R,68.0,R,134.0,R,0.0,R,134.0,R,98.0,R,73.0,R,0.0,Z,0.0,R,0.0,R,0.0,A,,R,12.0
216551,2014,R,170.0,R,185.0,R,92.0,R,166.0,R,0.0,R,166.0,R,141.0,R,85.0,A,,A,,A,,A,,A,,R,14.0
216579,2014,A,,A,,A,,R,55.0,R,1.0,R,54.0,R,53.0,R,98.0,A,,A,,A,,A,,A,,R,23.0
216597,2014,R,1668.0,R,1895.0,R,88.0,R,1659.0,R,0.0,R,1659.0,R,1554.0,R,94.0,R,1.0,R,0.0,R,1.0,R,1.0,R,100.0,R,12.0
216630,2014,A,,A,,A,,A,,A,,A,,A,,A,,A,,A,,A,,A,,A,,R,7.0
216649,2014,A,,A,,A,,A,,A,,A,,A,,A,,A,,A,,A,,A,,A,,R,11.0
216667,2014,R,399.0,R,452.0,R,88.0,R,326.0,R,0.0,R,326.0,R,280.0,R,86.0,A,,A,,A,,A,,A,,R,11.0
216694,2014,R,335.0,R,367.0,R,91.0,R,407.0,R,0.0,R,407.0,R,333.0,R,82.0,R,0.0,R,0.0,R,0.0,R,0.0,A,,R,13.0
216746,2014,A,,A,,A,,R,32.0,R,0.0,R,32.0,R,30.0,R,94.0,R,10.0,R,0.0,R,10.0,R,9.0,R,90.0,R,15.0
216764,2014,R,2344.0,R,3747.0,R,63.0,R,2292.0,R,0.0,R,2292.0,R,2014.0,R,88.0,R,6.0,R,0.0,R,6.0,R,2.0,R,33.0,R,18.0
216773,2014,A,,A,,A,,R,6.0,R,0.0,R,6.0,R,6.0,R,100.0,A,,A,,A,,A,,A,,R,10.0
216782,2014,A,,A,,A,,R,26.0,R,0.0,R,26.0,R,24.0,R,92.0,R,3.0,R,0.0,R,3.0,R,2.0,R,67.0,R,9.0
216807,2014,R,278.0,R,314.0,R,89.0,R,300.0,Z,0.0,R,300.0,R,247.0,R,82.0,R,6.0,Z,0.0,R,6.0,R,1.0,R,17.0,R,10.0
216825,2014,R,982.0,R,1799.0,R,55.0,R,1072.0,R,0.0,R,1072.0,R,660.0,R,62.0,R,440.0,R,0.0,R,440.0,R,167.0,R,38.0,R,18.0
216852,2014,R,733.0,R,875.0,R,84.0,R,827.0,R,0.0,R,827.0,R,632.0,R,76.0,R,1.0,R,0.0,R,1.0,R,1.0,R,100.0,R,12.0
216931,2014,R,557.0,R,757.0,R,74.0,R,584.0,R,0.0,R,584.0,R,459.0,R,79.0,R,2.0,R,0.0,R,2.0,R,1.0,R,50.0,R,15.0
217013,2014,R,107.0,R,158.0,R,68.0,R,70.0,R,0.0,R,70.0,R,55.0,R,79.0,R,1.0,R,0.0,R,1.0,R,0.0,R,0.0,R,9.0
217040,2014,R,17.0,R,17.0,R,100.0,R,17.0,R,0.0,R,17.0,R,14.0,R,82.0,A,,A,,A,,A,,A,,R,9.0
217059,2014,R,1088.0,R,1426.0,R,76.0,R,1069.0,R,1.0,R,1068.0,R,841.0,R,79.0,R,1.0,R,0.0,R,1.0,R,0.0,R,0.0,R,16.0
217077,2014,A,,A,,A,,R,608.0,R,0.0,R,608.0,R,442.0,R,73.0,A,,A,,A,,A,,A,,R,16.0
217086,2014,R,33.0,R,46.0,R,72.0,R,35.0,R,0.0,R,35.0,R,22.0,R,63.0,R,0.0,Z,0.0,R,0.0,R,0.0,A,,R,10.0
217095,2014,A,,A,,A,,R,35.0,R,0.0,R,35.0,R,23.0,R,66.0,R,5.0,R,0.0,R,5.0,R,4.0,R,80.0,R,11.0
217156,2014,R,1559.0,R,1813.0,R,86.0,R,1542.0,R,0.0,R,1542.0,R,1504.0,R,98.0,A,,A,,A,,A,,A,,R,9.0
217165,2014,R,826.0,R,946.0,R,87.0,R,890.0,R,1.0,R,889.0,R,775.0,R,87.0,R,0.0,Z,0.0,R,0.0,Z,0.0,A,,R,14.0
217235,2014,R,1878.0,R,2556.0,R,73.0,R,1731.0,R,0.0,R,1731.0,R,1371.0,R,79.0,R,26.0,R,0.0,R,26.0,R,8.0,R,31.0,R,24.0
217305,2014,R,490.0,R,628.0,R,78.0,R,0.0,R,0.0,R,0.0,R,0.0,A,,A,,A,,A,,A,,A,,R,13.0
217323,2014,A,,A,,A,,A,,A,,A,,A,,A,,A,,A,,A,,A,,A,,R,8.0
217350,2014,A,,A,,A,,A,,A,,A,,A,,A,,R,4.0,R,0.0,R,4.0,R,4.0,R,100.0,R,7.0
217402,2014,R,1030.0,R,1189.0,R,87.0,R,1027.0,R,0.0,R,1027.0,R,944.0,R,92.0,A,,A,,A,,A,,A,,R,12.0
217420,2014,R,1072.0,R,1792.0,R,60.0,R,1128.0,R,0.0,R,1128.0,R,887.0,R,79.0,R,13.0,R,0.0,R,13.0,R,5.0,R,38.0,R,15.0
217475,2014,R,1634.0,R,8263.0,R,20.0,R,1627.0,R,19.0,R,1608.0,R,1042.0,R,65.0,R,1671.0,R,25.0,R,1646.0,R,761.0,R,46.0,R,18.0
217484,2014,R,3123.0,R,3931.0,R,79.0,R,2970.0,R,0.0,R,2970.0,R,2434.0,R,82.0,R,21.0,R,0.0,R,21.0,R,9.0,R,43.0,R,17.0
217493,2014,R,462.0,R,522.0,R,89.0,R,455.0,R,0.0,R,455.0,R,434.0,R,95.0,A,,A,,A,,A,,A,,R,10.0
217518,2014,R,1149.0,R,1353.0,R,85.0,R,1102.0,R,0.0,R,1102.0,R,872.0,R,79.0,R,0.0,R,0.0,R,0.0,R,0.0,A,,R,15.0
217536,2014,R,623.0,R,691.0,R,90.0,R,463.0,R,0.0,R,463.0,R,388.0,R,84.0,R,0.0,R,0.0,R,0.0,R,0.0,A,,R,13.0
217572,2014,A,,A,,A,,R,1.0,R,0.0,R,1.0,R,1.0,R,100.0,A,,A,,A,,A,,A,,R,8.0
217581,2014,A,,A,,A,,R,21.0,R,1.0,R,20.0,R,19.0,R,95.0,R,7.0,R,0.0,R,7.0,R,5.0,R,71.0,R,7.0
217606,2014,R,45.0,R,81.0,R,56.0,R,42.0,R,0.0,R,42.0,R,31.0,R,74.0,R,3.0,R,0.0,R,3.0,R,1.0,R,33.0,R,17.0
217615,2014,R,306.0,R,803.0,R,38.0,R,254.0,R,0.0,R,254.0,R,134.0,R,53.0,R,260.0,R,0.0,R,260.0,R,111.0,R,43.0,R,16.0
217624,2014,R,189.0,R,250.0,R,76.0,R,179.0,R,0.0,R,179.0,R,90.0,R,50.0,R,1.0,R,0.0,R,1.0,R,0.0,R,0.0,R,14.0
217633,2014,R,646.0,R,1050.0,R,62.0,R,502.0,R,0.0,R,502.0,R,386.0,R,77.0,R,3.0,R,0.0,R,3.0,R,1.0,R,33.0,R,14.0
217688,2014,R,652.0,R,979.0,R,67.0,R,656.0,R,0.0,R,656.0,R,422.0,R,64.0,A,,A,,A,,A,,A,,R,15.0
217712,2014,R,198.0,R,969.0,R,20.0,R,174.0,R,0.0,R,174.0,R,91.0,R,52.0,R,261.0,R,0.0,R,261.0,R,106.0,R,41.0,R,17.0
217721,2014,R,542.0,R,653.0,R,83.0,R,554.0,R,0.0,R,554.0,R,320.0,R,58.0,R,1.0,R,0.0,R,1.0,R,0.0,R,0.0,R,17.0
217749,2014,R,599.0,R,840.0,R,71.0,R,619.0,R,0.0,R,619.0,R,499.0,R,81.0,R,3.0,R,0.0,R,3.0,R,3.0,R,100.0,R,12.0
217776,2014,R,190.0,R,376.0,R,51.0,R,152.0,R,0.0,R,152.0,R,111.0,R,73.0,R,0.0,R,0.0,R,0.0,R,0.0,A,,R,18.0
217794,2014,A,,A,,A,,R,16.0,R,0.0,R,16.0,R,13.0,R,81.0,R,4.0,R,0.0,R,4.0,R,3.0,R,75.0,R,10.0
217819,2014,R,2161.0,R,3121.0,R,69.0,R,2110.0,R,0.0,R,2110.0,R,1667.0,R,79.0,R,6.0,R,0.0,R,6.0,R,1.0,R,17.0,R,15.0
217828,2014,A,,A,,A,,R,36.0,R,0.0,R,36.0,R,26.0,R,72.0,R,10.0,R,0.0,R,10.0,R,7.0,R,70.0,R,12.0
217837,2014,R,179.0,R,394.0,R,45.0,R,211.0,R,0.0,R,211.0,R,103.0,R,49.0,R,61.0,R,0.0,R,61.0,R,19.0,R,31.0,R,17.0
217864,2014,R,618.0,R,767.0,R,81.0,R,645.0,R,0.0,R,645.0,R,553.0,R,86.0,A,,A,,A,,A,,A,,R,13.0
217873,2014,R,389.0,R,517.0,R,75.0,R,385.0,R,1.0,R,384.0,R,271.0,R,71.0,A,,A,,A,,A,,A,,R,13.0
217882,2014,R,3470.0,R,4912.0,R,71.0,R,3286.0,R,0.0,R,3286.0,R,3032.0,R,92.0,R,3.0,R,0.0,R,3.0,R,2.0,R,67.0,R,16.0
217891,2014,R,105.0,R,131.0,R,80.0,R,0.0,R,0.0,R,0.0,R,0.0,A,,R,0.0,R,0.0,R,0.0,R,0.0,A,,R,10.0
217907,2014,R,229.0,R,389.0,R,59.0,R,235.0,R,0.0,R,235.0,R,151.0,R,64.0,R,6.0,R,0.0,R,6.0,R,4.0,R,67.0,R,12.0
217925,2014,R,104.0,R,179.0,R,58.0,R,101.0,R,0.0,R,101.0,R,70.0,R,69.0,R,1.0,R,0.0,R,1.0,R,0.0,R,0.0,R,14.0
217934,2014,R,136.0,R,291.0,R,47.0,R,127.0,R,0.0,R,127.0,R,94.0,R,74.0,R,1.0,R,0.0,R,1.0,R,1.0,R,100.0,R,11.0
217961,2014,R,233.0,R,275.0,R,85.0,R,231.0,R,0.0,R,231.0,R,163.0,R,71.0,R,0.0,R,0.0,R,0.0,R,0.0,A,,R,11.0
217989,2014,R,301.0,R,378.0,R,80.0,R,350.0,R,0.0,R,350.0,R,156.0,R,45.0,R,99.0,R,0.0,R,99.0,R,26.0,R,26.0,R,39.0
217998,2014,R,187.0,R,201.0,R,93.0,R,207.0,R,0.0,R,207.0,R,125.0,R,60.0,R,5.0,R,0.0,R,5.0,R,0.0,R,0.0,R,12.0
218025,2014,R,915.0,R,2167.0,R,42.0,R,827.0,R,0.0,R,827.0,R,436.0,R,53.0,R,620.0,R,0.0,R,620.0,R,215.0,R,35.0,R,26.0
218043,2014,R,15.0,R,37.0,R,41.0,R,28.0,R,1.0,R,27.0,R,17.0,R,63.0,R,8.0,R,0.0,R,8.0,R,4.0,R,50.0,R,7.0
218061,2014,R,756.0,R,1259.0,R,60.0,R,743.0,R,1.0,R,742.0,R,507.0,R,68.0,R,1.0,R,0.0,R,1.0,R,1.0,R,100.0,R,15.0
218070,2014,R,723.0,R,772.0,R,94.0,R,755.0,R,0.0,R,755.0,R,669.0,R,89.0,R,1.0,R,0.0,R,1.0,R,1.0,R,100.0,R,11.0
218113,2014,R,1418.0,R,3593.0,R,39.0,R,1570.0,R,1.0,R,1569.0,R,768.0,R,49.0,R,705.0,R,2.0,R,703.0,R,276.0,R,39.0,R,16.0
218140,2014,R,640.0,R,2140.0,R,30.0,R,617.0,R,0.0,R,617.0,R,357.0,R,58.0,R,488.0,R,0.0,R,488.0,R,188.0,R,39.0,R,21.0
218159,2014,A,,A,,A,,R,5.0,R,0.0,R,5.0,R,2.0,R,40.0,R,3.0,R,0.0,R,3.0,R,2.0,R,67.0,R,20.0
218195,2014,A,,A,,A,,R,5.0,R,0.0,R,5.0,R,4.0,R,80.0,R,3.0,R,0.0,R,3.0,R,3.0,R,100.0,R,20.0
218229,2014,R,553.0,R,799.0,R,69.0,R,516.0,R,0.0,R,516.0,R,351.0,R,68.0,R,1.0,R,0.0,R,1.0,R,1.0,R,100.0,R,15.0
218238,2014,R,448.0,R,881.0,R,51.0,R,435.0,R,0.0,R,435.0,R,263.0,R,60.0,R,16.0,R,0.0,R,16.0,R,8.0,R,50.0,R,14.0
218335,2014,A,,A,,A,,A,,A,,A,,A,,A,,A,,A,,A,,A,,A,,R,9.0
218353,2014,R,1676.0,R,3913.0,R,43.0,R,1568.0,R,0.0,R,1568.0,R,820.0,R,52.0,R,793.0,R,0.0,R,793.0,R,340.0,R,43.0,R,20.0
218399,2014,R,224.0,R,268.0,R,84.0,R,250.0,R,1.0,R,249.0,R,130.0,R,52.0,R,0.0,R,0.0,R,0.0,R,0.0,A,,R,13.0
218414,2014,R,277.0,R,376.0,R,74.0,R,237.0,R,0.0,R,237.0,R,170.0,R,72.0,A,,A,,A,,A,,A,,R,12.0
218441,2014,R,583.0,R,875.0,R,67.0,R,503.0,R,0.0,R,503.0,R,388.0,R,77.0,R,1.0,R,0.0,R,1.0,R,1.0,R,100.0,R,14.0
218487,2014,R,389.0,R,1394.0,R,28.0,R,437.0,R,0.0,R,437.0,R,234.0,R,54.0,R,172.0,R,0.0,R,172.0,R,62.0,R,36.0,R,16.0
218520,2014,R,584.0,R,1845.0,R,32.0,R,741.0,R,0.0,R,741.0,R,443.0,R,60.0,R,429.0,R,0.0,R,429.0,R,201.0,R,47.0,R,20.0
218539,2014,R,275.0,R,413.0,R,67.0,R,296.0,R,0.0,R,296.0,R,246.0,R,83.0,A,,A,,A,,A,,A,,R,12.0
218645,2014,R,595.0,R,1179.0,R,50.0,R,594.0,R,0.0,R,594.0,R,392.0,R,66.0,R,49.0,R,0.0,R,49.0,R,17.0,R,35.0,R,15.0
218654,2014,R,377.0,R,648.0,R,58.0,R,371.0,R,0.0,R,371.0,R,188.0,R,51.0,R,29.0,R,0.0,R,29.0,R,5.0,R,17.0,R,17.0
218663,2014,R,4943.0,R,6767.0,R,73.0,R,5002.0,R,0.0,R,5002.0,R,4398.0,R,88.0,R,43.0,R,0.0,R,43.0,R,18.0,R,42.0,R,18.0
218672,2014,R,312.0,R,1132.0,R,28.0,R,341.0,R,0.0,R,341.0,R,178.0,R,52.0,R,33.0,R,0.0,R,33.0,R,6.0,R,18.0,R,17.0
218681,2014,R,233.0,R,696.0,R,33.0,R,275.0,R,0.0,R,275.0,R,119.0,R,43.0,R,31.0,R,0.0,R,31.0,R,8.0,R,26.0,R,20.0
218690,2014,R,201.0,R,421.0,R,48.0,R,215.0,R,0.0,R,215.0,R,130.0,R,60.0,R,12.0,R,0.0,R,12.0,R,2.0,R,17.0,R,16.0
218706,2014,R,131.0,R,468.0,R,28.0,R,99.0,R,0.0,R,99.0,R,46.0,R,46.0,R,17.0,R,0.0,R,17.0,R,8.0,R,47.0,R,18.0
218724,2014,R,2374.0,R,3368.0,R,70.0,R,2084.0,R,0.0,R,2084.0,R,1394.0,R,67.0,R,11.0,R,0.0,R,11.0,R,2.0,R,18.0,R,17.0
218733,2014,R,632.0,R,803.0,R,79.0,R,559.0,R,0.0,R,559.0,R,351.0,R,63.0,R,7.0,R,0.0,R,7.0,R,1.0,R,14.0,R,15.0
218742,2014,R,775.0,R,1893.0,R,41.0,R,754.0,R,0.0,R,754.0,R,551.0,R,73.0,R,27.0,R,0.0,R,27.0,R,8.0,R,30.0,R,17.0
218821,2014,R,464.0,R,502.0,R,92.0,R,469.0,R,0.0,R,469.0,R,239.0,R,51.0,R,0.0,R,0.0,R,0.0,R,0.0,A,,R,19.0
218830,2014,R,874.0,R,2227.0,R,39.0,R,889.0,R,0.0,R,889.0,R,501.0,R,56.0,R,362.0,R,0.0,R,362.0,R,107.0,R,30.0,R,17.0
218858,2014,R,402.0,R,1287.0,R,31.0,R,399.0,R,0.0,R,399.0,R,206.0,R,52.0,R,387.0,R,0.0,R,387.0,R,129.0,R,33.0,R,17.0
218867,2014,A,,A,,A,,R,7.0,R,0.0,R,7.0,R,6.0,R,86.0,A,,A,,A,,A,,A,,R,18.0
218885,2014,R,1857.0,R,3020.0,R,61.0,R,1788.0,R,0.0,R,1788.0,R,848.0,R,47.0,R,246.0,R,0.0,R,246.0,R,95.0,R,39.0,R,20.0
218894,2014,R,1520.0,R,3816.0,R,40.0,R,1893.0,R,0.0,R,1893.0,R,940.0,R,50.0,R,875.0,R,0.0,R,875.0,R,307.0,R,35.0,R,21.0
218919,2014,R,136.0,R,161.0,R,84.0,R,138.0,R,0.0,R,138.0,R,62.0,R,45.0,R,0.0,R,0.0,R,0.0,R,0.0,A,,R,10.0
218955,2014,R,49.0,R,321.0,R,15.0,R,96.0,R,0.0,R,96.0,R,37.0,R,39.0,R,181.0,R,0.0,R,181.0,R,72.0,R,40.0,R,14.0
218964,2014,R,1018.0,R,1651.0,R,62.0,R,1096.0,R,0.0,R,1096.0,R,841.0,R,77.0,R,0.0,R,0.0,R,0.0,R,0.0,A,,R,14.0
218973,2014,R,487.0,R,498.0,R,98.0,R,415.0,R,0.0,R,415.0,R,369.0,R,89.0,A,,A,,A,,A,,A,,R,12.0
218991,2014,R,765.0,R,1749.0,R,44.0,R,865.0,R,0.0,R,865.0,R,446.0,R,52.0,R,401.0,R,0.0,R,401.0,R,139.0,R,35.0,R,18.0
219000,2014,R,396.0,R,496.0,R,80.0,R,367.0,R,0.0,R,367.0,R,295.0,R,80.0,R,0.0,R,0.0,R,0.0,R,0.0,A,,R,10.0
219037,2014,A,,A,,A,,R,24.0,R,0.0,R,24.0,R,20.0,R,83.0,A,,A,,A,,A,,A,,R,14.0
219046,2014,R,461.0,R,1510.0,R,31.0,R,481.0,Z,0.0,R,481.0,R,302.0,R,63.0,R,47.0,Z,0.0,R,47.0,R,24.0,R,51.0,R,20.0
219055,2014,R,9.0,R,98.0,R,9.0,R,9.0,R,0.0,R,9.0,R,3.0,R,33.0,R,23.0,R,0.0,R,23.0,R,6.0,R,26.0,R,7.0
219082,2014,R,269.0,R,1133.0,R,24.0,R,276.0,Z,0.0,R,276.0,R,179.0,R,65.0,R,22.0,Z,0.0,R,22.0,R,7.0,R,32.0,R,16.0
219091,2014,R,141.0,R,276.0,R,51.0,R,168.0,R,1.0,R,167.0,R,111.0,R,66.0,R,0.0,R,0.0,R,0.0,R,0.0,A,,R,9.0
219125,2014,A,,A,,A,,R,22.0,Z,0.0,R,22.0,R,16.0,R,73.0,A,,A,,A,,A,,A,,R,9.0
219143,2014,R,651.0,R,711.0,R,92.0,R,657.0,R,0.0,R,657.0,R,552.0,R,84.0,R,39.0,R,0.0,R,39.0,R,33.0,R,85.0,R,13.0
219170,2014,A,,A,,A,,A,,A,,A,,A,,A,,A,,A,,A,,A,,A,,R,10.0
219189,2014,R,348.0,R,613.0,R,57.0,R,374.0,R,0.0,R,374.0,R,290.0,R,78.0,R,23.0,R,0.0,R,23.0,R,16.0,R,70.0,R,13.0
219198,2014,R,112.0,R,539.0,R,21.0,R,107.0,R,0.0,R,107.0,R,75.0,R,70.0,R,10.0,R,0.0,R,10.0,R,7.0,R,70.0,R,10.0
219204,2014,R,12.0,R,423.0,R,3.0,R,12.0,R,0.0,R,12.0,R,3.0,R,25.0,R,171.0,R,0.0,R,171.0,R,43.0,R,25.0,R,13.0
219213,2014,A,,A,,A,,R,4.0,Z,0.0,R,4.0,R,1.0,R,25.0,R,56.0,Z,0.0,R,56.0,R,20.0,R,36.0,R,13.0
219259,2014,R,347.0,R,1521.0,R,23.0,R,326.0,R,0.0,R,326.0,R,223.0,R,68.0,R,18.0,R,0.0,R,18.0,R,9.0,R,50.0,R,18.0
219277,2014,R,117.0,R,210.0,R,56.0,R,108.0,R,2.0,R,106.0,R,53.0,R,50.0,R,23.0,R,1.0,R,22.0,R,11.0,R,50.0,R,7.0
219295,2014,R,104.0,R,280.0,R,37.0,R,121.0,R,0.0,R,121.0,R,64.0,R,53.0,R,1.0,R,0.0,R,1.0,R,0.0,R,0.0,R,10.0
219338,2014,A,,A,,A,,A,,A,,A,,A,,A,,A,,A,,A,,A,,A,,R,12.0
219347,2014,R,593.0,R,765.0,R,78.0,R,541.0,R,0.0,R,541.0,R,415.0,R,77.0,R,7.0,R,0.0,R,7.0,R,5.0,R,71.0,R,15.0
219356,2014,R,2159.0,R,3383.0,R,64.0,R,2137.0,R,0.0,R,2137.0,R,1645.0,R,77.0,R,100.0,R,0.0,R,100.0,R,45.0,R,45.0,R,17.0
219374,2014,R,38.0,R,63.0,R,60.0,R,6.0,R,0.0,R,6.0,R,4.0,R,67.0,R,3.0,R,0.0,R,3.0,R,0.0,R,0.0,R,12.0
219383,2014,R,238.0,R,342.0,R,70.0,R,236.0,R,0.0,R,236.0,R,171.0,R,72.0,R,1.0,Z,0.0,R,1.0,R,1.0,R,100.0,R,14.0
219392,2014,A,,A,,A,,A,,A,,A,,A,,A,,A,,A,,A,,A,,A,,R,4.0
219408,2014,R,24.0,R,36.0,R,67.0,R,50.0,R,0.0,R,50.0,R,11.0,R,22.0,R,5.0,R,0.0,R,5.0,R,1.0,R,20.0,R,10.0
219426,2014,R,395.0,R,907.0,R,44.0,R,472.0,R,6.0,R,466.0,R,298.0,R,64.0,R,93.0,R,0.0,R,93.0,R,51.0,R,55.0,R,20.0
219453,2014,A,,A,,A,,R,78.0,R,0.0,R,78.0,R,65.0,R,83.0,A,,A,,A,,A,,A,,R,11.0
219471,2014,R,1147.0,R,2565.0,R,45.0,R,1174.0,R,0.0,R,1174.0,R,874.0,R,74.0,R,106.0,R,0.0,R,106.0,R,61.0,R,58.0,R,17.0
219480,2014,R,141.0,R,332.0,R,42.0,R,226.0,R,0.0,R,226.0,R,119.0,R,53.0,R,34.0,R,0.0,R,34.0,R,6.0,R,18.0,R,12.0
219505,2014,R,11.0,R,38.0,R,29.0,R,9.0,R,0.0,R,9.0,R,6.0,R,67.0,R,1.0,R,0.0,R,1.0,R,0.0,R,0.0,R,11.0
219578,2014,R,30.0,R,134.0,R,22.0,R,19.0,R,0.0,R,19.0,R,14.0,R,74.0,R,0.0,R,0.0,R,0.0,R,0.0,A,,R,8.0
219587,2014,A,,A,,A,,R,21.0,R,0.0,R,21.0,R,20.0,R,95.0,A,,A,,A,,A,,A,,R,15.0
219596,2014,A,,A,,A,,R,57.0,R,0.0,R,57.0,R,47.0,R,82.0,A,,A,,A,,A,,A,,R,20.0
219602,2014,R,1184.0,R,2360.0,R,50.0,R,1211.0,R,0.0,R,1211.0,R,877.0,R,72.0,R,328.0,R,0.0,R,328.0,R,209.0,R,64.0,R,18.0
219639,2014,R,73.0,R,308.0,R,24.0,R,88.0,Z,0.0,R,88.0,R,64.0,R,73.0,A,,A,,A,,A,,A,,R,12.0
219709,2014,R,1392.0,R,1905.0,R,73.0,R,1243.0,R,0.0,R,1243.0,R,1029.0,R,83.0,R,0.0,R,0.0,R,0.0,R,0.0,A,,R,13.0
219718,2014,R,467.0,R,1161.0,R,40.0,R,445.0,R,0.0,R,445.0,R,247.0,R,56.0,R,31.0,R,0.0,R,31.0,R,5.0,R,16.0,R,12.0
219790,2014,R,188.0,R,586.0,R,32.0,R,187.0,R,0.0,R,187.0,R,111.0,R,59.0,R,0.0,Z,0.0,R,0.0,Z,0.0,A,,R,15.0
219806,2014,R,488.0,R,595.0,R,82.0,R,478.0,R,0.0,R,478.0,R,337.0,R,71.0,R,0.0,R,0.0,R,0.0,R,0.0,A,,R,11.0
219824,2014,R,1058.0,R,2486.0,R,43.0,R,1156.0,R,0.0,R,1156.0,R,602.0,R,52.0,R,482.0,R,0.0,R,482.0,R,175.0,R,36.0,R,18.0
219833,2014,R,351.0,R,474.0,R,74.0,R,262.0,R,0.0,R,262.0,R,220.0,R,84.0,R,1.0,R,0.0,R,1.0,R,1.0,R,100.0,R,13.0
219879,2014,R,684.0,R,983.0,R,70.0,R,669.0,Z,0.0,R,669.0,R,367.0,R,55.0,R,74.0,Z,0.0,R,74.0,R,33.0,R,45.0,R,21.0
219888,2014,R,731.0,R,1383.0,R,53.0,R,781.0,R,1.0,R,780.0,R,465.0,R,60.0,R,254.0,R,0.0,R,254.0,R,96.0,R,38.0,R,19.0
219903,2014,A,,A,,A,,R,328.0,Z,0.0,R,328.0,R,277.0,R,84.0,A,,A,,A,,A,,A,,R,32.0
219921,2014,A,,A,,A,,R,47.0,R,0.0,R,47.0,R,36.0,R,77.0,R,13.0,R,0.0,R,13.0,R,8.0,R,62.0,R,16.0
219949,2014,R,178.0,R,447.0,R,40.0,R,212.0,R,0.0,R,212.0,R,131.0,R,62.0,A,,A,,A,,A,,A,,R,14.0
219976,2014,R,625.0,R,843.0,R,74.0,R,683.0,R,3.0,R,680.0,R,547.0,R,80.0,R,1.0,R,0.0,R,1.0,R,0.0,R,0.0,R,12.0
219994,2014,A,,A,,A,,R,270.0,R,1.0,R,269.0,R,231.0,R,86.0,R,19.0,Z,0.0,R,19.0,R,14.0,R,74.0,R,15.0
220002,2014,R,4.0,R,18.0,R,22.0,R,0.0,R,0.0,R,0.0,R,0.0,A,,A,,A,,A,,A,,A,,R,5.0
220057,2014,R,390.0,R,729.0,R,53.0,R,407.0,Z,0.0,R,407.0,R,211.0,R,52.0,R,221.0,Z,0.0,R,221.0,R,67.0,R,30.0,R,18.0
220075,2014,R,2025.0,R,3190.0,R,63.0,R,1849.0,R,1.0,R,1848.0,R,1284.0,R,69.0,R,32.0,R,0.0,R,32.0,R,11.0,R,34.0,R,18.0
220118,2014,R,82.0,R,82.0,R,100.0,R,28.0,R,2.0,R,26.0,R,16.0,R,62.0,A,,A,,A,,A,,A,,R,17.0
220127,2014,A,,A,,A,,R,160.0,Z,0.0,R,160.0,R,123.0,R,77.0,R,32.0,Z,0.0,R,32.0,R,24.0,R,75.0,R,20.0
220163,2014,A,,A,,A,,R,13.0,R,0.0,R,13.0,R,9.0,R,69.0,R,29.0,R,0.0,R,29.0,R,19.0,R,66.0,R,9.0
220181,2014,R,221.0,R,314.0,R,70.0,R,230.0,R,0.0,R,230.0,R,188.0,R,82.0,R,2.0,R,0.0,R,2.0,R,1.0,R,50.0,R,13.0
220206,2014,R,51.0,R,118.0,R,43.0,R,40.0,R,0.0,R,40.0,R,29.0,R,73.0,R,1.0,R,0.0,R,1.0,R,0.0,R,0.0,R,10.0
220215,2014,R,340.0,R,498.0,R,68.0,R,355.0,R,0.0,R,355.0,R,262.0,R,74.0,R,1.0,R,0.0,R,1.0,R,1.0,R,100.0,R,14.0
220251,2014,A,,A,,A,,R,91.0,R,3.0,R,88.0,R,69.0,R,78.0,R,1.0,R,0.0,R,1.0,R,0.0,R,0.0,R,15.0
220279,2014,A,,A,,A,,R,88.0,R,0.0,R,88.0,R,63.0,R,72.0,R,18.0,R,0.0,R,18.0,R,13.0,R,72.0,R,23.0
220312,2014,R,83.0,R,243.0,R,34.0,R,18.0,R,0.0,R,18.0,R,8.0,R,44.0,R,0.0,R,0.0,R,0.0,R,0.0,A,,R,12.0
220321,2014,A,,A,,A,,R,61.0,R,0.0,R,61.0,R,53.0,R,87.0,R,1.0,R,0.0,R,1.0,R,0.0,R,0.0,R,17.0
220394,2014,A,,A,,A,,R,81.0,Z,0.0,R,81.0,R,64.0,R,79.0,R,18.0,Z,0.0,R,18.0,R,15.0,R,83.0,R,18.0
220400,2014,R,778.0,R,1204.0,R,65.0,R,725.0,R,0.0,R,725.0,R,349.0,R,48.0,R,149.0,R,0.0,R,149.0,R,61.0,R,41.0,R,23.0
220464,2014,R,12.0,R,50.0,R,24.0,R,21.0,R,0.0,R,21.0,R,17.0,R,81.0,R,2.0,R,0.0,R,2.0,R,2.0,R,100.0,R,15.0
220473,2014,R,187.0,R,252.0,R,74.0,R,162.0,R,0.0,R,162.0,R,108.0,R,67.0,R,0.0,Z,0.0,R,0.0,R,0.0,A,,R,17.0
220491,2014,A,,A,,A,,R,6.0,R,0.0,R,6.0,R,5.0,R,83.0,R,1.0,Z,0.0,R,1.0,R,1.0,R,100.0,R,13.0
220516,2014,R,188.0,R,784.0,R,24.0,R,213.0,R,0.0,R,213.0,R,162.0,R,76.0,R,1.0,R,0.0,R,1.0,R,1.0,R,100.0,R,11.0
220552,2014,R,149.0,R,152.0,R,98.0,R,126.0,R,0.0,R,126.0,R,75.0,R,60.0,A,,A,,A,,A,,A,,R,13.0
220570,2014,A,,A,,A,,R,5.0,R,0.0,R,5.0,R,4.0,R,80.0,R,2.0,R,0.0,R,2.0,R,2.0,R,100.0,R,15.0
220598,2014,R,312.0,R,397.0,R,79.0,R,405.0,R,0.0,R,405.0,R,181.0,R,45.0,A,,A,,A,,A,,A,,R,15.0
220604,2014,R,149.0,R,275.0,R,54.0,R,149.0,R,0.0,R,149.0,R,86.0,R,58.0,R,8.0,R,0.0,R,8.0,R,4.0,R,50.0,R,13.0
220613,2014,R,746.0,R,1342.0,R,56.0,R,808.0,R,0.0,R,808.0,R,644.0,R,80.0,R,4.0,R,0.0,R,4.0,R,0.0,R,0.0,R,17.0
220631,2014,R,254.0,R,544.0,R,47.0,R,185.0,R,1.0,R,184.0,R,127.0,R,69.0,R,6.0,R,0.0,R,6.0,R,3.0,R,50.0,R,13.0
220640,2014,A,,A,,A,,R,95.0,R,0.0,R,95.0,R,81.0,R,85.0,R,14.0,R,0.0,R,14.0,R,9.0,R,64.0,R,25.0
220701,2014,R,447.0,R,638.0,R,70.0,R,272.0,R,0.0,R,272.0,R,150.0,R,55.0,R,3.0,R,0.0,R,3.0,R,2.0,R,67.0,R,17.0
220710,2014,R,334.0,R,437.0,R,76.0,R,349.0,R,0.0,R,349.0,R,249.0,R,71.0,A,,A,,A,,A,,A,,R,13.0
220756,2014,A,,A,,A,,R,42.0,R,0.0,R,42.0,R,32.0,R,76.0,R,0.0,R,0.0,R,0.0,R,0.0,A,,R,16.0
220765,2014,A,,A,,A,,R,139.0,R,0.0,R,139.0,R,77.0,R,55.0,R,17.0,R,0.0,R,17.0,R,7.0,R,41.0,R,12.0
220808,2014,R,96.0,R,128.0,R,75.0,R,111.0,R,0.0,R,111.0,R,75.0,R,68.0,R,0.0,R,0.0,R,0.0,R,0.0,A,,R,11.0
220853,2014,A,,A,,A,,R,238.0,R,0.0,R,238.0,R,212.0,R,89.0,R,58.0,R,0.0,R,58.0,R,49.0,R,84.0,R,20.0
220862,2014,R,2266.0,R,3875.0,R,58.0,R,2025.0,R,0.0,R,2025.0,R,1583.0,R,78.0,R,53.0,R,0.0,R,53.0,R,26.0,R,49.0,R,14.0
220978,2014,R,3036.0,R,5021.0,R,60.0,R,3129.0,R,0.0,R,3129.0,R,2209.0,R,71.0,R,50.0,R,0.0,R,50.0,R,19.0,R,38.0,R,19.0
221014,2014,R,181.0,R,277.0,R,65.0,R,206.0,R,1.0,R,205.0,R,164.0,R,80.0,A,,A,,A,,A,,A,,R,13.0
221050,2014,A,,A,,A,,R,101.0,R,0.0,R,101.0,R,76.0,R,75.0,R,17.0,R,0.0,R,17.0,R,7.0,R,41.0,R,18.0
221096,2014,R,870.0,R,1479.0,R,59.0,R,852.0,Z,0.0,R,852.0,R,496.0,R,58.0,R,291.0,Z,0.0,R,291.0,R,123.0,R,42.0,R,21.0
221102,2014,A,,A,,A,,R,216.0,R,1.0,R,215.0,R,181.0,R,84.0,R,58.0,R,0.0,R,58.0,R,48.0,R,83.0,R,20.0
221148,2014,A,,A,,A,,R,242.0,R,0.0,R,242.0,R,166.0,R,69.0,R,0.0,R,0.0,R,0.0,R,0.0,A,,R,28.0
221157,2014,A,,A,,A,,R,62.0,R,0.0,R,62.0,R,50.0,R,81.0,A,,A,,A,,A,,A,,R,12.0
221184,2014,R,1043.0,R,2750.0,R,38.0,R,845.0,Z,0.0,R,845.0,R,445.0,R,53.0,R,663.0,Z,0.0,R,663.0,R,270.0,R,41.0,R,19.0
221236,2014,A,,A,,A,,R,84.0,R,0.0,R,84.0,R,60.0,R,71.0,R,33.0,R,0.0,R,33.0,R,33.0,R,100.0,R,18.0
221254,2014,R,25.0,R,50.0,R,50.0,R,23.0,R,0.0,R,23.0,R,18.0,R,78.0,R,0.0,R,0.0,R,0.0,R,0.0,A,,R,8.0
221281,2014,A,,A,,A,,R,62.0,Z,0.0,R,62.0,R,49.0,R,79.0,R,1.0,Z,0.0,R,1.0,R,0.0,R,0.0,R,14.0
221290,2014,A,,A,,A,,R,27.0,R,0.0,R,27.0,R,18.0,R,67.0,R,17.0,R,0.0,R,17.0,R,15.0,R,88.0,R,20.0
221333,2014,A,,A,,A,,R,49.0,R,1.0,R,48.0,R,34.0,R,71.0,R,9.0,R,1.0,R,8.0,R,7.0,R,88.0,R,10.0
221351,2014,R,507.0,R,543.0,R,93.0,R,545.0,R,0.0,R,545.0,R,481.0,R,88.0,A,,A,,A,,A,,A,,R,11.0
221388,2014,A,,A,,A,,R,35.0,R,0.0,R,35.0,R,25.0,R,71.0,R,4.0,R,0.0,R,4.0,R,2.0,R,50.0,R,12.0
221397,2014,R,824.0,R,1541.0,R,53.0,R,814.0,Z,0.0,R,814.0,R,470.0,R,58.0,R,373.0,Z,0.0,R,373.0,R,165.0,R,44.0,R,16.0
221430,2014,A,,A,,A,,R,100.0,R,0.0,R,100.0,R,79.0,R,79.0,R,5.0,R,0.0,R,5.0,R,4.0,R,80.0,R,20.0
221485,2014,R,1362.0,R,2974.0,R,46.0,R,1367.0,R,0.0,R,1367.0,R,740.0,R,54.0,R,846.0,R,0.0,R,846.0,R,320.0,R,38.0,R,20.0
221494,2014,A,,A,,A,,R,163.0,R,0.0,R,163.0,R,123.0,R,75.0,R,31.0,R,0.0,R,31.0,R,24.0,R,77.0,R,20.0
221519,2014,R,466.0,R,497.0,R,94.0,R,488.0,R,0.0,R,488.0,R,431.0,R,88.0,A,,A,,A,,A,,A,,R,10.0
221582,2014,A,,A,,A,,R,70.0,R,3.0,R,67.0,R,49.0,R,73.0,R,106.0,R,0.0,R,106.0,R,105.0,R,99.0,R,16.0
221591,2014,A,,A,,A,,R,148.0,R,1.0,R,147.0,R,125.0,R,85.0,R,19.0,R,0.0,R,19.0,R,18.0,R,95.0,R,17.0
221607,2014,A,,A,,A,,R,73.0,R,0.0,R,73.0,R,63.0,R,86.0,R,10.0,R,0.0,R,10.0,R,10.0,R,100.0,R,21.0
221616,2014,A,,A,,A,,R,207.0,R,0.0,R,207.0,R,161.0,R,78.0,R,0.0,R,0.0,R,0.0,R,0.0,A,,R,17.0
221625,2014,A,,A,,A,,R,182.0,R,0.0,R,182.0,R,165.0,R,91.0,R,160.0,R,0.0,R,160.0,R,154.0,R,96.0,R,13.0
221634,2014,A,,A,,A,,R,49.0,R,0.0,R,49.0,R,31.0,R,63.0,R,3.0,R,0.0,R,3.0,R,2.0,R,67.0,R,16.0
221643,2014,R,1829.0,R,3318.0,R,55.0,R,1767.0,Z,0.0,R,1767.0,R,988.0,R,56.0,R,375.0,Z,0.0,R,375.0,R,157.0,R,42.0,R,20.0
221661,2014,R,553.0,R,828.0,R,67.0,R,368.0,Z,0.0,R,368.0,R,288.0,R,78.0,R,6.0,Z,0.0,R,6.0,R,3.0,R,50.0,R,14.0
221731,2014,R,197.0,R,391.0,R,50.0,R,208.0,R,0.0,R,208.0,R,130.0,R,63.0,R,0.0,R,0.0,R,0.0,R,0.0,A,,R,12.0
221740,2014,R,2144.0,R,3027.0,R,71.0,R,2335.0,R,3.0,R,2332.0,R,1633.0,R,70.0,R,7.0,R,0.0,R,7.0,R,6.0,R,86.0,R,18.0
221759,2014,R,4689.0,R,6285.0,R,75.0,R,4261.0,R,0.0,R,4261.0,R,3688.0,R,87.0,R,15.0,R,0.0,R,15.0,R,9.0,R,60.0,R,17.0
221768,2014,R,1172.0,R,1636.0,R,72.0,R,1301.0,R,2.0,R,1299.0,R,922.0,R,71.0,R,7.0,R,0.0,R,7.0,R,3.0,R,43.0,R,17.0
221795,2014,R,88.0,R,99.0,R,89.0,R,3.0,R,0.0,R,3.0,R,2.0,R,67.0,A,,A,,A,,A,,A,,R,12.0
221829,2014,A,,A,,A,,R,68.0,R,0.0,R,68.0,R,53.0,R,78.0,A,,A,,A,,A,,A,,R,20.0
221838,2014,R,1331.0,R,2092.0,R,64.0,R,1289.0,R,0.0,R,1289.0,R,801.0,R,62.0,R,37.0,Z,0.0,R,37.0,R,14.0,R,38.0,R,19.0
221847,2014,R,1875.0,R,2666.0,R,70.0,R,2161.0,R,0.0,R,2161.0,R,1636.0,R,76.0,R,14.0,R,0.0,R,14.0,R,10.0,R,71.0,R,20.0
221856,2014,R,62.0,R,138.0,R,45.0,R,85.0,R,0.0,R,85.0,R,35.0,R,41.0,R,16.0,R,0.0,R,16.0,R,1.0,R,6.0,R,19.0
221892,2014,R,318.0,R,458.0,R,69.0,R,234.0,R,0.0,R,234.0,R,185.0,R,79.0,R,1.0,R,0.0,R,1.0,R,1.0,R,100.0,R,18.0
221908,2014,R,1077.0,R,1574.0,R,68.0,R,859.0,Z,0.0,R,859.0,R,505.0,R,59.0,R,164.0,Z,0.0,R,164.0,R,76.0,R,46.0,R,21.0
221953,2014,R,298.0,R,366.0,R,81.0,R,300.0,R,0.0,R,300.0,R,185.0,R,62.0,R,0.0,R,0.0,R,0.0,R,0.0,A,,R,15.0
221971,2014,R,328.0,R,1329.0,R,25.0,R,366.0,R,0.0,R,366.0,R,321.0,R,88.0,R,41.0,R,0.0,R,41.0,R,35.0,R,85.0,R,10.0
221980,2014,A,,A,,A,,R,1.0,R,0.0,R,1.0,R,1.0,R,100.0,R,103.0,Z,0.0,R,103.0,R,90.0,R,87.0,R,20.0
221999,2014,R,1604.0,R,1843.0,R,87.0,R,1613.0,R,2.0,R,1611.0,R,1560.0,R,97.0,R,0.0,R,0.0,R,0.0,R,0.0,A,,R,8.0
222026,2014,A,,A,,A,,R,2.0,Z,0.0,R,2.0,R,2.0,R,100.0,R,9.0,Z,0.0,R,9.0,R,4.0,R,44.0,R,12.0
222053,2014,R,1164.0,R,2124.0,R,55.0,R,1142.0,R,1.0,R,1141.0,R,615.0,R,54.0,R,421.0,R,1.0,R,420.0,R,174.0,R,41.0,R,21.0
222062,2014,R,1238.0,R,1682.0,R,74.0,R,1196.0,R,0.0,R,1196.0,R,666.0,R,56.0,R,167.0,R,0.0,R,167.0,R,77.0,R,46.0,R,18.0
222099,2014,A,,A,,A,,R,93.0,R,0.0,R,93.0,R,71.0,R,76.0,A,,A,,A,,A,,A,,R,18.0
222105,2014,R,37.0,R,109.0,R,34.0,R,31.0,R,1.0,R,30.0,R,18.0,R,60.0,R,39.0,R,0.0,R,39.0,R,26.0,R,67.0,R,15.0
222178,2014,R,974.0,R,1160.0,R,84.0,R,1026.0,R,0.0,R,1026.0,R,771.0,R,75.0,R,4.0,R,0.0,R,4.0,R,2.0,R,50.0,R,14.0
222567,2014,R,370.0,R,2832.0,R,13.0,R,431.0,Z,0.0,R,431.0,R,255.0,R,59.0,R,675.0,Z,0.0,R,675.0,R,292.0,R,43.0,R,17.0
222576,2014,R,801.0,R,1703.0,R,47.0,R,870.0,R,0.0,R,870.0,R,503.0,R,58.0,R,681.0,R,0.0,R,681.0,R,282.0,R,41.0,R,22.0
222628,2014,A,,A,,A,,A,,A,,A,,A,,A,,A,,A,,A,,A,,A,,R,18.0
222822,2014,R,595.0,R,1979.0,R,30.0,R,796.0,Z,0.0,R,796.0,R,363.0,R,46.0,R,412.0,Z,0.0,R,412.0,R,145.0,R,35.0,R,15.0
222831,2014,R,1281.0,R,1781.0,R,72.0,R,1207.0,R,0.0,R,1207.0,R,753.0,R,62.0,R,13.0,R,0.0,R,13.0,R,4.0,R,31.0,R,19.0
222877,2014,R,40.0,R,93.0,R,43.0,R,43.0,R,0.0,R,43.0,R,19.0,R,44.0,R,0.0,R,0.0,R,0.0,R,0.0,A,,R,13.0
222886,2014,A,,A,,A,,R,134.0,R,0.0,R,134.0,R,98.0,R,73.0,R,32.0,R,0.0,R,32.0,R,23.0,R,72.0,R,15.0
222938,2014,R,197.0,R,611.0,R,32.0,R,249.0,Z,0.0,R,249.0,R,96.0,R,39.0,R,47.0,Z,0.0,R,47.0,R,12.0,R,26.0,R,16.0
222983,2014,R,357.0,R,409.0,R,87.0,R,364.0,R,0.0,R,364.0,R,314.0,R,86.0,A,,A,,A,,A,,A,,R,12.0
222992,2014,R,2225.0,R,11150.0,R,20.0,R,2396.0,Z,0.0,R,2396.0,R,1332.0,R,56.0,R,3254.0,Z,0.0,R,3254.0,R,1470.0,R,45.0,R,21.0
223056,2014,A,,A,,A,,R,71.0,Z,0.0,R,71.0,R,57.0,R,80.0,A,,A,,A,,A,,A,,R,25.0
223083,2014,A,,A,,A,,A,,A,,A,,A,,A,,A,,A,,A,,A,,A,,R,14.0
223117,2014,A,,A,,A,,R,0.0,R,0.0,R,0.0,R,0.0,A,,R,5.0,R,0.0,R,5.0,R,4.0,R,80.0,R,7.0
223232,2014,R,3622.0,R,4114.0,R,88.0,R,3189.0,R,2.0,R,3187.0,R,2822.0,R,89.0,R,1.0,R,0.0,R,1.0,R,1.0,R,100.0,R,15.0
223320,2014,R,395.0,R,2061.0,R,19.0,R,350.0,Z,0.0,R,350.0,R,243.0,R,69.0,R,113.0,Z,0.0,R,113.0,R,31.0,R,27.0,R,21.0
223427,2014,R,5276.0,R,9316.0,R,57.0,R,5592.0,Z,0.0,R,5592.0,R,2723.0,R,49.0,R,3527.0,Z,0.0,R,3527.0,R,1415.0,R,40.0,R,26.0
223463,2014,A,,A,,A,,R,5.0,Z,0.0,R,5.0,R,5.0,R,100.0,A,,A,,A,,A,,A,,R,22.0
223472,2014,R,21.0,R,63.0,R,33.0,R,23.0,R,0.0,R,23.0,R,8.0,R,35.0,A,,A,,A,,A,,A,,R,24.0
223506,2014,R,236.0,R,1082.0,R,22.0,R,16.0,Z,0.0,R,16.0,R,15.0,R,94.0,R,47.0,Z,0.0,R,47.0,R,33.0,R,70.0,R,17.0
223524,2014,R,523.0,R,2570.0,R,20.0,R,586.0,R,0.0,R,586.0,R,351.0,R,60.0,R,925.0,R,0.0,R,925.0,R,433.0,R,47.0,R,23.0
223773,2014,R,348.0,R,1266.0,R,27.0,R,399.0,R,0.0,R,399.0,R,203.0,R,51.0,R,416.0,R,0.0,R,416.0,R,154.0,R,37.0,R,26.0
223816,2014,R,802.0,R,7144.0,R,11.0,R,588.0,R,10.0,R,578.0,R,312.0,R,54.0,R,2927.0,R,29.0,R,2898.0,R,580.0,R,20.0,R,18.0
223852,2014,A,,A,,A,,R,14.0,R,0.0,R,14.0,R,10.0,R,71.0,A,,A,,A,,A,,A,,R,4.0
223898,2014,R,437.0,R,1422.0,R,31.0,R,426.0,Z,0.0,R,426.0,R,220.0,R,52.0,R,600.0,Z,0.0,R,600.0,R,326.0,R,54.0,R,19.0
223922,2014,R,305.0,R,692.0,R,44.0,R,250.0,R,0.0,R,250.0,R,114.0,R,46.0,R,267.0,R,0.0,R,267.0,R,133.0,R,50.0,R,18.0
224004,2014,R,228.0,R,488.0,R,47.0,R,180.0,R,0.0,R,180.0,R,120.0,R,67.0,R,12.0,R,0.0,R,12.0,R,4.0,R,33.0,R,11.0
224013,2014,A,,A,,A,,R,27.0,R,0.0,R,27.0,R,23.0,R,85.0,R,10.0,R,0.0,R,10.0,R,8.0,R,80.0,R,18.0
224110,2014,R,897.0,R,3757.0,R,24.0,R,971.0,R,0.0,R,971.0,R,514.0,R,53.0,R,1692.0,R,0.0,R,1692.0,R,810.0,R,48.0,R,25.0
224147,2014,R,1940.0,R,2985.0,R,65.0,R,1974.0,R,0.0,R,1974.0,R,1099.0,R,56.0,R,53.0,R,0.0,R,53.0,R,17.0,R,32.0,R,23.0
224156,2014,A,,A,,A,,R,72.0,R,0.0,R,72.0,R,57.0,R,79.0,A,,A,,A,,A,,A,,R,18.0
224183,2014,A,,A,,A,,R,6.0,Z,0.0,R,6.0,R,3.0,R,50.0,R,0.0,Z,0.0,R,0.0,Z,0.0,A,,R,19.0
224226,2014,R,492.0,R,782.0,R,63.0,R,488.0,R,0.0,R,488.0,R,353.0,R,72.0,R,4.0,R,0.0,R,4.0,R,2.0,R,50.0,R,13.0
224244,2014,R,51.0,R,117.0,R,44.0,R,43.0,R,0.0,R,43.0,R,14.0,R,33.0,R,5.0,R,1.0,R,4.0,R,2.0,R,50.0,R,11.0
224271,2014,R,34.0,R,119.0,R,29.0,R,25.0,R,0.0,R,25.0,R,19.0,R,76.0,A,,A,,A,,A,,A,,R,23.0
224323,2014,R,342.0,R,380.0,R,90.0,R,380.0,R,0.0,R,380.0,R,304.0,R,80.0,A,,A,,A,,A,,A,,R,10.0
224350,2014,R,540.0,R,1804.0,R,30.0,R,560.0,R,0.0,R,560.0,R,332.0,R,59.0,R,658.0,R,0.0,R,658.0,R,322.0,R,49.0,R,14.0
224439,2014,A,,A,,A,,R,95.0,R,12.0,R,83.0,R,57.0,R,69.0,A,,A,,A,,A,,A,,R,18.0
224527,2014,R,363.0,R,517.0,R,70.0,R,340.0,R,0.0,R,340.0,R,208.0,R,61.0,R,0.0,R,0.0,R,0.0,R,0.0,A,,R,14.0
224545,2014,R,166.0,R,444.0,R,37.0,R,156.0,R,0.0,R,156.0,R,88.0,R,56.0,R,3.0,R,0.0,R,3.0,R,0.0,R,0.0,R,15.0
224554,2014,R,1016.0,R,2307.0,R,44.0,R,920.0,R,0.0,R,920.0,R,623.0,R,68.0,R,19.0,R,0.0,R,19.0,R,14.0,R,74.0,R,18.0
224572,2014,R,749.0,R,2897.0,R,26.0,R,813.0,R,0.0,R,813.0,R,516.0,R,63.0,R,1112.0,R,0.0,R,1112.0,R,521.0,R,47.0,R,25.0
224615,2014,R,308.0,R,1847.0,R,17.0,R,419.0,R,0.0,R,419.0,R,232.0,R,55.0,R,787.0,R,0.0,R,787.0,R,386.0,R,49.0,R,20.0
224642,2014,R,2815.0,R,6636.0,R,42.0,R,2798.0,R,0.0,R,2798.0,R,1744.0,R,62.0,R,2120.0,R,2.0,R,2118.0,R,985.0,R,47.0,R,26.0
224660,2014,A,,A,,A,,R,185.0,R,0.0,R,185.0,R,153.0,R,83.0,R,61.0,R,0.0,R,61.0,R,20.0,R,33.0,R,13.0
224679,2014,A,,A,,A,,R,161.0,R,0.0,R,161.0,R,117.0,R,73.0,R,22.0,R,1.0,R,21.0,R,15.0,R,71.0,R,15.0
224758,2014,A,,A,,A,,R,24.0,R,0.0,R,24.0,R,19.0,R,79.0,R,4.0,R,0.0,R,4.0,R,2.0,R,50.0,R,10.0
224776,2014,R,220.0,R,440.0,R,50.0,R,164.0,Z,0.0,R,164.0,R,68.0,R,41.0,R,20.0,Z,0.0,R,20.0,R,5.0,R,25.0,R,18.0
224828,2014,A,,A,,A,,R,19.0,R,0.0,R,19.0,R,15.0,R,79.0,R,5.0,R,0.0,R,5.0,R,5.0,R,100.0,R,4.0
224891,2014,R,98.0,R,583.0,R,17.0,R,138.0,R,0.0,R,138.0,R,61.0,R,44.0,R,18.0,R,0.0,R,18.0,R,10.0,R,56.0,R,17.0
224961,2014,R,128.0,R,699.0,R,18.0,R,161.0,R,0.0,R,161.0,R,75.0,R,47.0,R,144.0,R,0.0,R,144.0,R,66.0,R,46.0,R,15.0
225070,2014,R,614.0,R,1865.0,R,33.0,R,651.0,R,0.0,R,651.0,R,401.0,R,62.0,R,287.0,R,0.0,R,287.0,R,167.0,R,58.0,R,18.0
225201,2014,A,,A,,A,,R,20.0,R,0.0,R,20.0,R,9.0,R,45.0,A,,A,,A,,A,,A,,R,18.0
225247,2014,R,339.0,R,512.0,R,66.0,R,413.0,R,0.0,R,413.0,R,264.0,R,64.0,R,0.0,Z,0.0,R,0.0,Z,0.0,A,,R,12.0
225308,2014,R,909.0,R,1901.0,R,48.0,R,894.0,R,13.0,R,881.0,R,556.0,R,63.0,R,426.0,R,13.0,R,413.0,R,203.0,R,49.0,R,20.0
225371,2014,R,513.0,R,1396.0,R,37.0,R,501.0,R,0.0,R,501.0,R,260.0,R,52.0,R,187.0,R,0.0,R,187.0,R,60.0,R,32.0,R,20.0
225399,2014,R,615.0,R,818.0,R,75.0,R,567.0,Z,0.0,R,567.0,R,376.0,R,66.0,R,1.0,Z,0.0,R,1.0,Z,0.0,R,0.0,R,16.0
225414,2014,R,202.0,R,1493.0,R,14.0,R,0.0,R,0.0,R,0.0,R,0.0,A,,R,0.0,R,0.0,R,0.0,R,0.0,A,,R,16.0
225423,2014,R,3544.0,R,13126.0,R,27.0,R,3791.0,R,0.0,R,3791.0,R,2118.0,R,56.0,R,4830.0,R,0.0,R,4830.0,R,2028.0,R,42.0,R,22.0
225432,2014,R,914.0,R,3472.0,R,26.0,R,1007.0,R,0.0,R,1007.0,R,662.0,R,66.0,R,123.0,R,0.0,R,123.0,R,68.0,R,55.0,R,22.0
225502,2014,R,333.0,R,793.0,R,42.0,R,281.0,R,0.0,R,281.0,R,155.0,R,55.0,R,7.0,R,0.0,R,7.0,R,2.0,R,29.0,R,17.0
225511,2014,R,3908.0,R,9107.0,R,43.0,R,3321.0,R,0.0,R,3321.0,R,2864.0,R,86.0,R,113.0,R,0.0,R,113.0,R,72.0,R,64.0,R,22.0
225520,2014,R,333.0,R,580.0,R,57.0,R,346.0,Z,0.0,R,346.0,R,164.0,R,47.0,R,228.0,Z,0.0,R,228.0,R,62.0,R,27.0,R,15.0
225548,2014,R,300.0,R,402.0,R,75.0,R,342.0,R,0.0,R,342.0,R,185.0,R,54.0,R,5.0,R,0.0,R,5.0,R,4.0,R,80.0,R,10.0
225575,2014,R,203.0,R,282.0,R,72.0,R,223.0,R,0.0,R,223.0,R,127.0,R,57.0,R,5.0,R,0.0,R,5.0,R,1.0,R,20.0,R,15.0
225627,2014,R,913.0,R,1861.0,R,49.0,R,997.0,R,0.0,R,997.0,R,756.0,R,76.0,R,48.0,R,0.0,R,48.0,R,16.0,R,33.0,R,14.0
225779,2014,A,,A,,A,,R,96.0,R,0.0,R,96.0,R,70.0,R,73.0,R,21.0,R,0.0,R,21.0,R,18.0,R,86.0,R,10.0
225788,2014,A,,A,,A,,R,95.0,R,0.0,R,95.0,R,83.0,R,87.0,R,73.0,R,0.0,R,73.0,R,69.0,R,95.0,R,10.0
225849,2014,R,131.0,R,152.0,R,86.0,R,0.0,R,0.0,R,0.0,R,0.0,A,,R,0.0,R,0.0,R,0.0,R,0.0,A,,R,23.0
225858,2014,R,77.0,R,90.0,R,86.0,R,0.0,R,0.0,R,0.0,R,0.0,A,,R,0.0,R,0.0,R,0.0,R,0.0,A,,R,40.0
225876,2014,R,133.0,R,343.0,R,39.0,R,139.0,R,0.0,R,139.0,R,62.0,R,45.0,R,8.0,Z,0.0,R,8.0,R,5.0,R,63.0,R,18.0
225885,2014,R,186.0,R,367.0,R,51.0,R,157.0,R,0.0,R,157.0,R,87.0,R,55.0,R,1.0,R,0.0,R,1.0,R,1.0,R,100.0,R,19.0
225991,2014,R,37.0,R,76.0,R,49.0,R,24.0,R,0.0,R,24.0,R,16.0,R,67.0,A,,A,,A,,A,,A,,R,13.0
226019,2014,R,819.0,R,1492.0,R,55.0,R,847.0,R,0.0,R,847.0,R,502.0,R,59.0,R,332.0,R,0.0,R,332.0,R,161.0,R,48.0,R,17.0
226091,2014,R,1415.0,R,2367.0,R,60.0,R,1400.0,R,3.0,R,1397.0,R,840.0,R,60.0,R,51.0,R,0.0,R,51.0,R,26.0,R,51.0,R,22.0
226107,2014,R,341.0,R,548.0,R,62.0,R,325.0,R,0.0,R,325.0,R,159.0,R,49.0,R,109.0,R,0.0,R,109.0,R,41.0,R,38.0,R,21.0
226116,2014,R,172.0,R,389.0,R,44.0,R,208.0,R,0.0,R,208.0,R,116.0,R,56.0,R,86.0,R,0.0,R,86.0,R,39.0,R,45.0,R,17.0
226125,2014,A,,A,,A,,R,62.0,R,3.0,R,59.0,R,37.0,R,63.0,A,,A,,A,,A,,A,,R,14.0
226134,2014,R,959.0,R,1959.0,R,49.0,R,964.0,R,0.0,R,964.0,R,605.0,R,63.0,R,727.0,R,0.0,R,727.0,R,345.0,R,47.0,R,22.0
226152,2014,R,970.0,R,1525.0,R,64.0,R,821.0,Z,0.0,R,821.0,R,623.0,R,76.0,R,10.0,Z,0.0,R,10.0,R,4.0,R,40.0,R,21.0
226204,2014,R,327.0,R,1512.0,R,22.0,R,445.0,R,0.0,R,445.0,R,307.0,R,69.0,R,595.0,R,0.0,R,595.0,R,301.0,R,51.0,R,13.0
226231,2014,R,325.0,R,835.0,R,39.0,R,300.0,R,2.0,R,298.0,R,247.0,R,83.0,R,32.0,R,0.0,R,32.0,R,18.0,R,56.0,R,14.0
226277,2014,A,,A,,A,,R,164.0,R,0.0,R,164.0,R,115.0,R,70.0,R,0.0,R,0.0,R,0.0,R,0.0,A,,R,20.0
226374,2014,A,,A,,A,,R,16.0,R,0.0,R,16.0,R,12.0,R,75.0,A,,A,,A,,A,,A,,R,13.0
226383,2014,R,264.0,R,481.0,R,55.0,R,255.0,R,0.0,R,255.0,R,183.0,R,72.0,A,,A,,A,,A,,A,,R,12.0
226408,2014,R,161.0,R,628.0,R,26.0,R,243.0,R,0.0,R,243.0,R,146.0,R,60.0,R,281.0,R,0.0,R,281.0,R,97.0,R,35.0,R,14.0
226471,2014,R,706.0,R,964.0,R,73.0,R,672.0,R,0.0,R,672.0,R,459.0,R,68.0,R,3.0,R,0.0,R,3.0,R,3.0,R,100.0,R,17.0
226578,2014,R,983.0,R,1844.0,R,53.0,R,1044.0,R,0.0,R,1044.0,R,581.0,R,56.0,R,355.0,Z,0.0,R,355.0,R,156.0,R,44.0,R,17.0
226587,2014,R,207.0,R,308.0,R,67.0,R,249.0,R,0.0,R,249.0,R,130.0,R,52.0,R,1.0,R,0.0,R,1.0,R,0.0,R,0.0,R,10.0
226675,2014,A,,A,,A,,R,2.0,R,0.0,R,2.0,R,1.0,R,50.0,A,,A,,A,,A,,A,,R,8.0
226772,2014,A,,A,,A,,R,13.0,R,0.0,R,13.0,R,7.0,R,54.0,R,6.0,R,1.0,R,5.0,R,2.0,R,40.0,R,8.0
226806,2014,R,477.0,R,1118.0,R,43.0,R,0.0,R,0.0,R,0.0,R,0.0,A,,R,0.0,R,0.0,R,0.0,R,0.0,A,,R,17.0
226833,2014,R,828.0,R,1370.0,R,60.0,R,802.0,R,0.0,R,802.0,R,577.0,R,72.0,R,16.0,R,0.0,R,16.0,R,10.0,R,63.0,R,17.0
226860,2014,A,,A,,A,,R,12.0,R,0.0,R,12.0,R,9.0,R,75.0,A,,A,,A,,A,,A,,R,14.0
226879,2014,R,62.0,R,78.0,R,79.0,R,43.0,R,0.0,R,43.0,R,30.0,R,70.0,R,1.0,R,0.0,R,1.0,R,1.0,R,100.0,R,14.0
226903,2014,A,,A,,A,,R,255.0,R,0.0,R,255.0,R,147.0,R,58.0,A,,A,,A,,A,,A,,R,29.0
226930,2014,R,626.0,R,1778.0,R,35.0,R,730.0,R,0.0,R,730.0,R,435.0,R,60.0,R,663.0,R,0.0,R,663.0,R,316.0,R,48.0,R,27.0
227003,2014,A,,A,,A,,R,137.0,R,1.0,R,136.0,R,91.0,R,67.0,A,,A,,A,,A,,A,,R,30.0
227058,2014,A,,A,,A,,R,83.0,R,0.0,R,83.0,R,57.0,R,69.0,R,20.0,R,0.0,R,20.0,R,14.0,R,70.0,R,18.0
227146,2014,R,1313.0,R,2720.0,R,48.0,R,1523.0,R,0.0,R,1523.0,R,756.0,R,50.0,R,509.0,R,0.0,R,509.0,R,183.0,R,36.0,R,17.0
227155,2014,A,,A,,A,,R,10.0,Z,0.0,R,10.0,R,3.0,R,30.0,R,38.0,Z,0.0,R,38.0,R,6.0,R,16.0,R,16.0
227182,2014,R,5420.0,R,22753.0,R,24.0,R,6261.0,R,0.0,R,6261.0,R,4053.0,R,65.0,R,6048.0,R,0.0,R,6048.0,R,3105.0,R,51.0,R,18.0
227191,2014,R,567.0,R,2254.0,R,25.0,R,739.0,R,0.0,R,739.0,R,453.0,R,61.0,R,833.0,R,0.0,R,833.0,R,379.0,R,45.0,R,26.0
227216,2014,R,4339.0,R,8456.0,R,51.0,R,4182.0,R,1.0,R,4181.0,R,3263.0,R,78.0,R,65.0,R,0.0,R,65.0,R,42.0,R,65.0,R,23.0
227225,2014,R,583.0,R,886.0,R,66.0,R,461.0,R,0.0,R,461.0,R,291.0,R,63.0,R,345.0,R,0.0,R,345.0,R,135.0,R,39.0,R,20.0
227243,2014,R,1.0,R,39.0,R,3.0,R,86.0,Z,0.0,R,86.0,R,19.0,R,22.0,R,0.0,Z,0.0,R,0.0,R,0.0,A,,R,18.0
227298,2014,A,,A,,A,,A,,A,,A,,A,,A,,A,,A,,A,,A,,A,,R,30.0
227304,2014,R,263.0,R,2591.0,R,10.0,R,326.0,R,0.0,R,326.0,R,154.0,R,47.0,R,426.0,R,0.0,R,426.0,R,193.0,R,45.0,R,18.0
227313,2014,A,,A,,A,,R,146.0,R,0.0,R,146.0,R,126.0,R,86.0,R,57.0,Z,0.0,R,57.0,R,51.0,R,89.0,R,19.0
227322,2014,A,,A,,A,,R,148.0,R,0.0,R,148.0,R,133.0,R,90.0,R,60.0,R,0.0,R,60.0,R,49.0,R,82.0,R,24.0
227331,2014,R,357.0,R,604.0,R,59.0,R,335.0,R,0.0,R,335.0,R,211.0,R,63.0,R,3.0,R,0.0,R,3.0,R,1.0,R,33.0,R,16.0
227368,2014,R,3155.0,R,4695.0,R,67.0,R,3269.0,R,0.0,R,3269.0,R,2487.0,R,76.0,R,232.0,R,0.0,R,232.0,R,133.0,R,57.0,R,22.0
227377,2014,R,1185.0,R,2728.0,R,43.0,R,805.0,R,0.0,R,805.0,R,570.0,R,71.0,R,116.0,R,0.0,R,116.0,R,55.0,R,47.0,R,24.0
227386,2014,R,382.0,R,1027.0,R,37.0,R,380.0,R,0.0,R,380.0,R,182.0,R,48.0,R,75.0,R,0.0,R,75.0,R,29.0,R,39.0,R,18.0
227401,2014,R,799.0,R,2020.0,R,40.0,R,970.0,R,0.0,R,970.0,R,538.0,R,55.0,R,251.0,R,0.0,R,251.0,R,101.0,R,40.0,R,22.0
227429,2014,R,88.0,R,131.0,R,67.0,R,56.0,R,0.0,R,56.0,R,27.0,R,48.0,R,1.0,R,0.0,R,1.0,R,0.0,R,0.0,R,15.0
227526,2014,R,1608.0,R,2111.0,R,76.0,R,1463.0,R,6.0,R,1457.0,R,974.0,R,67.0,R,3.0,R,0.0,R,3.0,R,1.0,R,33.0,R,18.0
227687,2014,R,388.0,R,1108.0,R,35.0,R,369.0,Z,0.0,R,369.0,R,154.0,R,42.0,R,379.0,Z,0.0,R,379.0,R,251.0,R,66.0,R,23.0
227748,2014,A,,A,,A,,R,36.0,Z,0.0,R,36.0,R,22.0,R,61.0,R,1.0,Z,0.0,R,1.0,R,0.0,R,0.0,R,13.0
227757,2014,R,946.0,R,1005.0,R,94.0,R,976.0,R,1.0,R,975.0,R,935.0,R,96.0,R,0.0,R,0.0,R,0.0,R,0.0,A,,R,6.0
227766,2014,R,935.0,R,3710.0,R,25.0,R,982.0,R,0.0,R,982.0,R,683.0,R,70.0,R,1429.0,R,0.0,R,1429.0,R,728.0,R,51.0,R,23.0
227836,2014,A,,A,,A,,R,152.0,R,0.0,R,152.0,R,121.0,R,80.0,A,,A,,A,,A,,A,,R,40.0
227845,2014,R,810.0,R,1144.0,R,71.0,R,791.0,R,0.0,R,791.0,R,655.0,R,83.0,R,0.0,R,0.0,R,0.0,R,0.0,A,,R,13.0
227854,2014,R,426.0,R,1829.0,R,23.0,R,481.0,Z,0.0,R,481.0,R,238.0,R,49.0,R,649.0,Z,0.0,R,649.0,R,239.0,R,37.0,R,15.0
227863,2014,R,223.0,R,420.0,R,53.0,R,233.0,R,0.0,R,233.0,R,204.0,R,88.0,R,4.0,R,0.0,R,4.0,R,2.0,R,50.0,R,9.0
227881,2014,R,2448.0,R,5053.0,R,48.0,R,2375.0,R,0.0,R,2375.0,R,1870.0,R,79.0,R,77.0,R,0.0,R,77.0,R,48.0,R,62.0,R,21.0
227924,2014,R,1049.0,R,3996.0,R,26.0,R,1415.0,Z,0.0,R,1415.0,R,765.0,R,54.0,R,1922.0,Z,0.0,R,1922.0,R,788.0,R,41.0,R,19.0
227979,2014,R,2414.0,R,7165.0,R,34.0,R,2668.0,Z,0.0,R,2668.0,R,1773.0,R,66.0,R,2908.0,Z,0.0,R,2908.0,R,1510.0,R,52.0,R,19.0
228042,2014,R,273.0,R,417.0,R,65.0,R,299.0,R,0.0,R,299.0,R,201.0,R,67.0,R,0.0,R,0.0,R,0.0,R,0.0,A,,R,14.0
228088,2014,A,,A,,A,,R,23.0,R,0.0,R,23.0,R,18.0,R,78.0,A,,A,,A,,A,,A,,R,24.0
228149,2014,R,469.0,R,608.0,R,77.0,R,596.0,R,0.0,R,596.0,R,460.0,R,77.0,A,,A,,A,,A,,A,,R,12.0
228158,2014,R,1394.0,R,3704.0,R,38.0,R,1192.0,R,0.0,R,1192.0,R,554.0,R,46.0,R,293.0,R,0.0,R,293.0,R,105.0,R,36.0,R,25.0
228185,2014,A,,A,,A,,R,32.0,R,0.0,R,32.0,R,9.0,R,28.0,R,2.0,Z,0.0,R,2.0,R,1.0,R,50.0,R,20.0
228200,2014,A,,A,,A,,R,120.0,R,0.0,R,120.0,R,76.0,R,63.0,A,,A,,A,,A,,A,,R,17.0
228219,2014,A,,A,,A,,R,69.0,R,0.0,R,69.0,R,35.0,R,51.0,A,,A,,A,,A,,A,,R,20.0
228246,2014,R,1455.0,R,1762.0,R,83.0,R,1428.0,R,0.0,R,1428.0,R,1276.0,R,89.0,R,3.0,R,0.0,R,3.0,R,2.0,R,67.0,R,11.0
228282,2014,A,,A,,A,,A,,A,,A,,A,,A,,A,,A,,A,,A,,A,,R,13.0
228316,2014,R,795.0,R,2172.0,R,37.0,R,514.0,R,0.0,R,514.0,R,303.0,R,59.0,R,267.0,R,0.0,R,267.0,R,135.0,R,51.0,R,22.0
228325,2014,R,308.0,R,593.0,R,52.0,R,203.0,R,0.0,R,203.0,R,150.0,R,74.0,R,5.0,R,0.0,R,5.0,R,1.0,R,20.0,R,16.0
228343,2014,R,382.0,R,437.0,R,87.0,R,491.0,R,0.0,R,491.0,R,405.0,R,82.0,A,,A,,A,,A,,A,,R,12.0
228431,2014,R,2178.0,R,3269.0,R,67.0,R,2227.0,R,0.0,R,2227.0,R,1559.0,R,70.0,R,26.0,R,0.0,R,26.0,R,16.0,R,62.0,R,20.0
228459,2014,R,5234.0,R,9400.0,R,56.0,R,5314.0,R,0.0,R,5314.0,R,4039.0,R,76.0,R,51.0,R,0.0,R,51.0,R,35.0,R,69.0,R,23.0
228468,2014,R,164.0,R,259.0,R,63.0,R,167.0,R,0.0,R,167.0,R,115.0,R,69.0,R,0.0,R,0.0,R,0.0,R,0.0,A,,R,12.0
228486,2014,R,63.0,R,76.0,R,83.0,R,2.0,R,0.0,R,2.0,R,1.0,R,50.0,A,,A,,A,,A,,A,,R,13.0
228501,2014,R,328.0,R,630.0,R,52.0,R,301.0,R,0.0,R,301.0,R,155.0,R,51.0,R,4.0,R,0.0,R,4.0,R,1.0,R,25.0,R,15.0
228529,2014,R,2013.0,R,3301.0,R,61.0,R,1697.0,R,0.0,R,1697.0,R,1160.0,R,68.0,R,129.0,R,0.0,R,129.0,R,77.0,R,60.0,R,19.0
228547,2014,R,4065.0,R,15301.0,R,27.0,R,4507.0,Z,0.0,R,4507.0,R,2680.0,R,59.0,R,3909.0,Z,0.0,R,3909.0,R,1892.0,R,48.0,R,25.0
228608,2014,R,331.0,R,962.0,R,34.0,R,358.0,Z,0.0,R,358.0,R,156.0,R,44.0,R,313.0,Z,0.0,R,313.0,R,131.0,R,42.0,R,17.0
228635,2014,A,,A,,A,,A,,A,,A,,A,,A,,A,,A,,A,,A,,A,,R,2.0
228644,2014,A,,A,,A,,A,,A,,A,,A,,A,,A,,A,,A,,A,,A,,R,7.0
228653,2014,A,,A,,A,,A,,A,,A,,A,,A,,A,,A,,A,,A,,A,,R,24.0
228680,2014,R,816.0,R,2292.0,R,36.0,R,787.0,R,0.0,R,787.0,R,361.0,R,46.0,R,113.0,R,0.0,R,113.0,R,36.0,R,32.0,R,13.0
228699,2014,R,408.0,R,748.0,R,55.0,R,489.0,Z,0.0,R,489.0,R,322.0,R,66.0,R,169.0,Z,0.0,R,169.0,R,74.0,R,44.0,R,21.0
228705,2014,R,1088.0,R,3076.0,R,35.0,R,1216.0,R,0.0,R,1216.0,R,773.0,R,64.0,R,54.0,R,0.0,R,54.0,R,22.0,R,41.0,R,20.0
228723,2014,R,9489.0,R,13518.0,R,70.0,R,9030.0,Z,0.0,R,9030.0,R,8133.0,R,90.0,R,1211.0,Z,0.0,R,1211.0,R,1074.0,R,89.0,R,20.0
228769,2014,R,2683.0,R,8473.0,R,32.0,R,2624.0,R,0.0,R,2624.0,R,1819.0,R,69.0,R,89.0,R,0.0,R,89.0,R,45.0,R,51.0,R,26.0
228778,2014,R,7036.0,R,9663.0,R,73.0,R,7118.0,R,0.0,R,7118.0,R,6723.0,R,94.0,R,131.0,R,0.0,R,131.0,R,105.0,R,80.0,R,17.0
228787,2014,R,2480.0,R,4682.0,R,53.0,R,2193.0,R,0.0,R,2193.0,R,1894.0,R,86.0,R,40.0,R,0.0,R,40.0,R,27.0,R,68.0,R,22.0
228796,2014,R,2908.0,R,5264.0,R,55.0,R,2961.0,R,0.0,R,2961.0,R,2002.0,R,68.0,R,280.0,R,0.0,R,280.0,R,126.0,R,45.0,R,20.0
228802,2014,R,678.0,R,1716.0,R,40.0,R,701.0,R,0.0,R,701.0,R,429.0,R,61.0,R,6.0,R,0.0,R,6.0,R,3.0,R,50.0,R,21.0
228875,2014,R,1888.0,R,2285.0,R,83.0,R,1933.0,R,0.0,R,1933.0,R,1732.0,R,90.0,R,1.0,R,0.0,R,1.0,R,1.0,R,100.0,R,13.0
228884,2014,R,176.0,R,263.0,R,67.0,R,240.0,R,0.0,R,240.0,R,84.0,R,35.0,A,,A,,A,,A,,A,,R,20.0
228981,2014,R,309.0,R,390.0,R,79.0,R,346.0,R,0.0,R,346.0,R,242.0,R,70.0,A,,A,,A,,A,,A,,R,13.0
229018,2014,R,409.0,R,1033.0,R,40.0,R,314.0,R,0.0,R,314.0,R,217.0,R,69.0,R,18.0,R,0.0,R,18.0,R,6.0,R,33.0,R,18.0
229027,2014,R,4948.0,R,7171.0,R,69.0,R,3559.0,R,1.0,R,3558.0,R,2261.0,R,64.0,R,34.0,R,0.0,R,34.0,R,13.0,R,38.0,R,23.0
229036,2014,A,,A,,A,,R,103.0,R,0.0,R,103.0,R,83.0,R,81.0,A,,A,,A,,A,,A,,R,30.0
229063,2014,R,1434.0,R,2508.0,R,57.0,R,1057.0,R,0.0,R,1057.0,R,563.0,R,53.0,R,52.0,R,0.0,R,52.0,R,7.0,R,13.0,R,18.0
229115,2014,R,5519.0,R,8844.0,R,62.0,R,4725.0,R,0.0,R,4725.0,R,3944.0,R,83.0,R,60.0,R,0.0,R,60.0,R,37.0,R,62.0,R,22.0
229151,2014,A,,A,,A,,A,,A,,A,,A,,A,,A,,A,,A,,A,,A,,R,20.0
229160,2014,R,310.0,R,625.0,R,50.0,R,266.0,R,0.0,R,266.0,R,136.0,R,51.0,R,7.0,R,0.0,R,7.0,R,2.0,R,29.0,R,15.0
229179,2014,R,1153.0,R,2841.0,R,41.0,R,1155.0,R,0.0,R,1155.0,R,850.0,R,74.0,R,14.0,R,0.0,R,14.0,R,7.0,R,50.0,R,19.0
229267,2014,R,655.0,R,687.0,R,95.0,R,534.0,R,0.0,R,534.0,R,472.0,R,88.0,R,0.0,R,0.0,R,0.0,R,0.0,A,,R,9.0
229300,2014,A,,A,,A,,A,,A,,A,,A,,A,,A,,A,,A,,A,,A,,R,5.0
229319,2014,R,383.0,R,1320.0,R,29.0,R,493.0,R,2.0,R,491.0,R,242.0,R,49.0,R,273.0,R,1.0,R,272.0,R,128.0,R,47.0,R,19.0
229328,2014,R,112.0,R,794.0,R,14.0,R,159.0,R,0.0,R,159.0,R,49.0,R,31.0,R,191.0,R,0.0,R,191.0,R,30.0,R,16.0,R,13.0
229337,2014,A,,A,,A,,A,,A,,A,,A,,A,,A,,A,,A,,A,,A,,R,6.0
229355,2014,R,2466.0,R,3501.0,R,70.0,R,2452.0,R,0.0,R,2452.0,R,1288.0,R,53.0,R,506.0,R,0.0,R,506.0,R,199.0,R,39.0,R,21.0
229416,2014,A,,A,,A,,R,556.0,R,2.0,R,554.0,R,384.0,R,69.0,A,,A,,A,,A,,A,,R,32.0
229425,2014,A,,A,,A,,R,5.0,R,0.0,R,5.0,R,4.0,R,80.0,R,11.0,R,0.0,R,11.0,R,9.0,R,82.0,R,16.0
229504,2014,R,340.0,R,1026.0,R,33.0,R,336.0,R,0.0,R,336.0,R,179.0,R,53.0,R,212.0,R,0.0,R,212.0,R,105.0,R,50.0,R,16.0
229522,2014,A,,A,,A,,R,4.0,R,0.0,R,4.0,R,4.0,R,100.0,R,12.0,R,0.0,R,12.0,R,10.0,R,83.0,R,4.0
229540,2014,R,346.0,R,1308.0,R,26.0,R,390.0,R,0.0,R,390.0,R,218.0,R,56.0,R,290.0,R,0.0,R,290.0,R,127.0,R,44.0,R,13.0
229656,2014,A,,A,,A,,R,50.0,R,0.0,R,50.0,R,37.0,R,74.0,R,27.0,R,0.0,R,27.0,R,19.0,R,70.0,R,24.0
229780,2014,R,282.0,R,755.0,R,37.0,R,315.0,R,0.0,R,315.0,R,142.0,R,45.0,R,26.0,R,0.0,R,26.0,R,15.0,R,58.0,R,10.0
229799,2014,R,771.0,R,1520.0,R,51.0,R,859.0,R,1.0,R,858.0,R,426.0,R,50.0,R,310.0,R,0.0,R,310.0,R,119.0,R,38.0,R,18.0
229814,2014,R,1323.0,R,2334.0,R,57.0,R,1283.0,R,0.0,R,1283.0,R,856.0,R,67.0,R,16.0,R,0.0,R,16.0,R,7.0,R,44.0,R,20.0
229832,2014,R,283.0,R,1161.0,R,24.0,R,322.0,R,0.0,R,322.0,R,191.0,R,59.0,R,376.0,R,0.0,R,376.0,R,153.0,R,41.0,R,17.0
229841,2014,R,1165.0,R,2033.0,R,57.0,R,1162.0,Z,0.0,R,1162.0,R,741.0,R,64.0,R,471.0,Z,0.0,R,471.0,R,229.0,R,49.0,R,20.0
229887,2014,R,229.0,R,363.0,R,63.0,R,286.0,R,1.0,R,285.0,R,147.0,R,52.0,R,3.0,Z,0.0,R,3.0,R,1.0,R,33.0,R,18.0
229957,2014,A,,A,,A,,R,32.0,R,0.0,R,32.0,R,26.0,R,81.0,A,,A,,A,,A,,A,,R,9.0
230010,2014,A,,A,,A,,R,60.0,R,0.0,R,60.0,R,28.0,R,47.0,R,66.0,R,0.0,R,66.0,R,47.0,R,71.0,R,16.0
230038,2014,R,4014.0,R,4737.0,R,85.0,R,4366.0,R,1991.0,R,2375.0,R,2063.0,R,87.0,R,57.0,R,27.0,R,30.0,R,22.0,R,73.0,R,18.0
230047,2014,R,518.0,R,670.0,R,77.0,R,510.0,R,126.0,R,384.0,R,234.0,R,61.0,R,5.0,R,1.0,R,4.0,R,2.0,R,50.0,R,15.0
230056,2014,R,21.0,R,79.0,R,27.0,R,3.0,R,0.0,R,3.0,R,2.0,R,67.0,R,0.0,R,0.0,R,0.0,R,0.0,A,,R,10.0
230065,2014,A,,A,,A,,R,81.0,R,0.0,R,81.0,R,66.0,R,81.0,R,133.0,R,0.0,R,133.0,R,98.0,R,74.0,R,16.0
230135,2014,A,,A,,A,,R,28.0,Z,0.0,R,28.0,R,27.0,R,96.0,A,,A,,A,,A,,A,,R,12.0
230144,2014,A,,A,,A,,R,23.0,Z,0.0,R,23.0,R,22.0,R,96.0,A,,A,,A,,A,,A,,R,12.0
230162,2014,A,,A,,A,,R,103.0,R,0.0,R,103.0,R,60.0,R,58.0,R,394.0,R,27.0,R,367.0,R,202.0,R,55.0,R,12.0
230171,2014,R,1620.0,R,3191.0,R,51.0,R,646.0,R,31.0,R,615.0,R,335.0,R,54.0,R,130.0,R,1.0,R,129.0,R,32.0,R,25.0,R,20.0
230199,2014,A,,A,,A,,R,24.0,Z,0.0,R,24.0,R,4.0,R,17.0,A,,A,,A,,A,,A,,R,8.0
230205,2014,A,,A,,A,,R,15.0,R,0.0,R,15.0,R,13.0,R,87.0,R,2.0,R,0.0,R,2.0,R,2.0,R,100.0,R,20.0
230214,2014,A,,A,,A,,R,33.0,Z,0.0,R,33.0,R,26.0,R,79.0,R,15.0,Z,0.0,R,15.0,R,10.0,R,67.0,R,15.0
230366,2014,R,31.0,R,105.0,R,30.0,R,4.0,R,0.0,R,4.0,R,3.0,R,75.0,R,1.0,R,0.0,R,1.0,R,0.0,R,0.0,R,12.0
230384,2014,R,53.0,R,59.0,R,90.0,R,0.0,R,0.0,R,0.0,R,0.0,A,,R,0.0,R,0.0,R,0.0,R,0.0,A,,R,24.0
230418,2014,R,318.0,R,658.0,R,48.0,R,341.0,R,109.0,R,232.0,R,172.0,R,74.0,R,84.0,R,5.0,R,79.0,R,41.0,R,52.0,R,23.0
230472,2014,A,,A,,A,,R,0.0,R,0.0,R,0.0,R,0.0,A,,A,,A,,A,,A,,A,,R,24.0
230490,2014,A,,A,,A,,R,37.0,R,1.0,R,36.0,R,23.0,R,64.0,R,112.0,R,3.0,R,109.0,R,53.0,R,49.0,R,14.0
230597,2014,R,1475.0,R,2617.0,R,56.0,R,1323.0,R,250.0,R,1073.0,R,592.0,R,55.0,R,74.0,R,30.0,R,44.0,R,15.0,R,34.0,R,20.0
230603,2014,R,1168.0,R,1622.0,R,72.0,R,1166.0,R,159.0,R,1007.0,R,660.0,R,66.0,R,51.0,R,4.0,R,47.0,R,18.0,R,38.0,R,18.0
230621,2014,A,,A,,A,,R,19.0,R,1.0,R,18.0,R,9.0,R,50.0,A,,A,,A,,A,,A,,R,16.0
230630,2014,A,,A,,A,,R,15.0,R,0.0,R,15.0,R,12.0,R,80.0,A,,A,,A,,A,,A,,R,20.0
230676,2014,A,,A,,A,,R,53.0,R,0.0,R,53.0,R,46.0,R,87.0,R,56.0,R,0.0,R,56.0,R,35.0,R,63.0,R,14.0
230728,2014,R,3696.0,R,5844.0,R,63.0,R,2935.0,R,539.0,R,2396.0,R,1711.0,R,71.0,R,252.0,R,25.0,R,227.0,R,110.0,R,48.0,R,22.0
230737,2014,R,2637.0,R,5703.0,R,46.0,R,1365.0,R,129.0,R,1236.0,R,731.0,R,59.0,R,448.0,R,21.0,R,427.0,R,183.0,R,43.0,R,22.0
230746,2014,R,1206.0,R,4400.0,R,27.0,R,1357.0,R,0.0,R,1357.0,R,764.0,R,56.0,R,1585.0,Z,0.0,R,1585.0,R,683.0,R,43.0,R,21.0
230764,2014,R,2871.0,R,5437.0,R,53.0,R,2790.0,R,343.0,R,2447.0,R,2170.0,R,89.0,R,334.0,R,40.0,R,294.0,R,197.0,R,67.0,R,17.0
230782,2014,R,2168.0,R,5299.0,R,41.0,R,1212.0,R,3.0,R,1209.0,R,666.0,R,55.0,R,311.0,R,1.0,R,310.0,R,125.0,R,40.0,R,21.0
230807,2014,R,482.0,R,680.0,R,71.0,R,446.0,R,12.0,R,434.0,R,311.0,R,72.0,R,3.0,R,0.0,R,3.0,R,2.0,R,67.0,R,9.0
230816,2014,R,192.0,R,226.0,R,85.0,R,140.0,R,0.0,R,140.0,R,117.0,R,84.0,A,,A,,A,,A,,A,,R,9.0
230825,2014,R,32.0,R,74.0,R,43.0,R,32.0,R,0.0,R,32.0,R,15.0,R,47.0,R,1.0,R,0.0,R,1.0,R,0.0,R,0.0,R,6.0
230834,2014,R,372.0,R,595.0,R,63.0,R,480.0,R,0.0,R,480.0,R,332.0,R,69.0,R,0.0,R,0.0,R,0.0,R,0.0,A,,R,13.0
230852,2014,R,630.0,R,896.0,R,70.0,R,579.0,R,0.0,R,579.0,R,468.0,R,81.0,A,,A,,A,,A,,A,,R,14.0
230861,2014,R,234.0,R,2230.0,R,10.0,R,232.0,R,0.0,R,232.0,R,111.0,R,48.0,R,638.0,R,0.0,R,638.0,R,263.0,R,41.0,R,13.0
230889,2014,R,5.0,R,62.0,R,8.0,R,2.0,R,0.0,R,2.0,R,1.0,R,50.0,R,0.0,R,0.0,R,0.0,R,0.0,A,,R,6.0
230898,2014,R,131.0,R,198.0,R,66.0,R,135.0,R,1.0,R,134.0,R,93.0,R,69.0,A,,A,,A,,A,,A,,R,14.0
230913,2014,R,221.0,R,386.0,R,57.0,R,224.0,R,0.0,R,224.0,R,153.0,R,68.0,R,1.0,R,0.0,R,1.0,R,0.0,R,0.0,R,13.0
230931,2014,R,289.0,R,471.0,R,61.0,R,361.0,R,0.0,R,361.0,R,221.0,R,61.0,R,4.0,R,0.0,R,4.0,R,2.0,R,50.0,R,14.0
230940,2014,R,47.0,R,93.0,R,51.0,R,46.0,R,0.0,R,46.0,R,31.0,R,67.0,A,,A,,A,,A,,A,,R,5.0
230959,2014,R,580.0,R,603.0,R,96.0,R,625.0,R,0.0,R,625.0,R,598.0,R,96.0,A,,A,,A,,A,,A,,R,9.0
230977,2014,A,,A,,A,,R,15.0,R,0.0,R,15.0,R,14.0,R,93.0,R,0.0,R,0.0,R,0.0,R,0.0,A,,R,13.0
230995,2014,R,655.0,R,942.0,R,70.0,R,571.0,R,0.0,R,571.0,R,405.0,R,71.0,R,18.0,R,0.0,R,18.0,R,11.0,R,61.0,R,10.0
231004,2014,A,,A,,A,,R,34.0,R,0.0,R,34.0,R,17.0,R,50.0,A,,A,,A,,A,,A,,R,8.0
231059,2014,R,574.0,R,653.0,R,88.0,R,506.0,R,0.0,R,506.0,R,454.0,R,90.0,A,,A,,A,,A,,A,,R,12.0
231077,2014,R,84.0,R,141.0,R,60.0,R,29.0,R,0.0,R,29.0,R,19.0,R,66.0,R,0.0,R,0.0,R,0.0,R,0.0,A,,R,11.0
231086,2014,R,90.0,R,139.0,R,65.0,R,92.0,R,0.0,R,92.0,R,56.0,R,61.0,A,,A,,A,,A,,A,,R,14.0
231095,2014,R,21.0,R,39.0,R,54.0,R,17.0,R,0.0,R,17.0,R,14.0,R,82.0,R,0.0,R,0.0,R,0.0,R,0.0,A,,R,8.0
231165,2014,R,195.0,R,583.0,R,33.0,R,191.0,R,0.0,R,191.0,R,136.0,R,71.0,R,3.0,R,0.0,R,3.0,R,2.0,R,67.0,R,10.0
231174,2014,R,2286.0,R,3030.0,R,75.0,R,2483.0,R,0.0,R,2483.0,R,2160.0,R,87.0,R,12.0,R,0.0,R,12.0,R,6.0,R,50.0,R,15.0
231280,2014,A,,A,,A,,R,81.0,R,0.0,R,81.0,R,70.0,R,86.0,R,21.0,R,0.0,R,21.0,R,15.0,R,71.0,R,16.0
231411,2014,R,236.0,R,254.0,R,93.0,R,168.0,R,0.0,R,168.0,R,130.0,R,77.0,A,,A,,A,,A,,A,,R,24.0
231420,2014,R,213.0,R,310.0,R,69.0,R,235.0,R,0.0,R,235.0,R,129.0,R,55.0,R,2.0,R,0.0,R,2.0,R,1.0,R,50.0,R,13.0
231536,2014,R,552.0,R,1305.0,R,42.0,R,554.0,R,0.0,R,554.0,R,373.0,R,67.0,R,354.0,R,0.0,R,354.0,R,141.0,R,40.0,R,21.0
231554,2014,R,158.0,R,399.0,R,40.0,R,120.0,R,0.0,R,120.0,R,72.0,R,60.0,R,3.0,R,0.0,R,3.0,R,1.0,R,33.0,R,14.0
231581,2014,R,488.0,R,549.0,R,89.0,R,536.0,R,0.0,R,536.0,R,397.0,R,74.0,A,,A,,A,,A,,A,,R,15.0
231624,2014,R,1511.0,R,1668.0,R,91.0,R,1479.0,R,3.0,R,1476.0,R,1406.0,R,95.0,A,,A,,A,,A,,A,,R,12.0
231651,2014,R,202.0,R,908.0,R,22.0,R,213.0,R,0.0,R,213.0,R,166.0,R,78.0,R,11.0,R,0.0,R,11.0,R,3.0,R,27.0,R,32.0
231688,2014,A,,A,,A,,R,5.0,Z,0.0,R,5.0,R,3.0,R,60.0,R,11.0,Z,0.0,R,11.0,R,8.0,R,73.0,R,7.0
231697,2014,R,431.0,R,1047.0,R,41.0,R,462.0,R,0.0,R,462.0,R,279.0,R,60.0,R,319.0,R,0.0,R,319.0,R,124.0,R,39.0,R,20.0
231712,2014,R,1228.0,R,1396.0,R,88.0,R,1276.0,R,1.0,R,1275.0,R,1109.0,R,87.0,A,,A,,A,,A,,A,,R,15.0
231721,2014,A,,A,,A,,R,4.0,R,0.0,R,4.0,R,2.0,R,50.0,R,1.0,R,0.0,R,1.0,R,1.0,R,100.0,R,22.0
231785,2014,R,58.0,R,137.0,R,42.0,R,0.0,R,0.0,R,0.0,R,0.0,A,,R,0.0,R,0.0,R,0.0,R,0.0,A,,R,12.0
231828,2014,R,66.0,R,156.0,R,42.0,R,0.0,R,0.0,R,0.0,R,0.0,A,,R,0.0,R,0.0,R,0.0,R,0.0,A,,R,12.0
231837,2014,R,79.0,R,269.0,R,29.0,R,51.0,R,0.0,R,51.0,R,37.0,R,73.0,R,0.0,R,0.0,R,0.0,R,0.0,A,,R,9.0
231873,2014,R,113.0,R,221.0,R,51.0,R,162.0,R,0.0,R,162.0,R,99.0,R,61.0,R,69.0,R,0.0,R,69.0,R,23.0,R,33.0,R,17.0
231882,2014,R,381.0,R,691.0,R,55.0,R,457.0,R,0.0,R,457.0,R,285.0,R,62.0,R,152.0,R,0.0,R,152.0,R,75.0,R,49.0,R,20.0
232016,2014,R,10.0,R,13.0,R,77.0,R,0.0,R,0.0,R,0.0,R,0.0,A,,R,0.0,R,0.0,R,0.0,R,0.0,A,,R,12.0
232025,2014,R,284.0,R,372.0,R,76.0,R,264.0,R,0.0,R,264.0,R,194.0,R,73.0,R,0.0,R,0.0,R,0.0,R,0.0,A,,R,11.0
232043,2014,R,240.0,R,390.0,R,62.0,R,232.0,R,0.0,R,232.0,R,174.0,R,75.0,R,0.0,Z,0.0,R,0.0,Z,0.0,A,,R,10.0
232052,2014,R,63.0,R,171.0,R,37.0,R,90.0,R,0.0,R,90.0,R,52.0,R,58.0,R,62.0,R,0.0,R,62.0,R,30.0,R,48.0,R,15.0
232089,2014,R,499.0,R,574.0,R,87.0,R,554.0,R,0.0,R,554.0,R,266.0,R,48.0,A,,A,,A,,A,,A,,R,15.0
232186,2014,R,3046.0,R,6037.0,R,50.0,R,2992.0,R,1.0,R,2991.0,R,2620.0,R,88.0,R,19.0,R,0.0,R,19.0,R,14.0,R,74.0,R,16.0
232195,2014,R,799.0,R,1849.0,R,43.0,R,784.0,R,0.0,R,784.0,R,521.0,R,66.0,R,615.0,R,0.0,R,615.0,R,262.0,R,43.0,R,27.0
232256,2014,R,322.0,R,343.0,R,94.0,R,292.0,R,0.0,R,292.0,R,243.0,R,83.0,A,,A,,A,,A,,A,,R,11.0
232265,2014,R,855.0,R,1018.0,R,84.0,R,955.0,R,0.0,R,955.0,R,766.0,R,80.0,R,32.0,R,0.0,R,32.0,R,13.0,R,41.0,R,9.0
232308,2014,R,165.0,R,213.0,R,77.0,R,146.0,R,0.0,R,146.0,R,117.0,R,80.0,A,,A,,A,,A,,A,,R,8.0
232414,2014,R,772.0,R,2902.0,R,27.0,R,825.0,R,0.0,R,825.0,R,489.0,R,59.0,R,1044.0,R,0.0,R,1044.0,R,385.0,R,37.0,R,20.0
232423,2014,R,4358.0,R,5134.0,R,85.0,R,4199.0,R,0.0,R,4199.0,R,3879.0,R,92.0,R,3.0,R,0.0,R,3.0,R,3.0,R,100.0,R,16.0
232450,2014,R,889.0,R,2236.0,R,40.0,R,835.0,R,0.0,R,835.0,R,475.0,R,57.0,R,594.0,R,0.0,R,594.0,R,252.0,R,42.0,R,23.0
232502,2014,A,,A,,A,,R,28.0,R,0.0,R,28.0,R,13.0,R,46.0,R,1.0,R,0.0,R,1.0,R,1.0,R,100.0,R,24.0
232557,2014,R,3485.0,R,11647.0,R,30.0,R,3162.0,R,3.0,R,3159.0,R,2183.0,R,69.0,R,1292.0,R,1.0,R,1291.0,R,375.0,R,29.0,R,18.0
232566,2014,R,1077.0,R,1460.0,R,74.0,R,1091.0,R,9.0,R,1082.0,R,853.0,R,79.0,R,15.0,R,0.0,R,15.0,R,4.0,R,27.0,R,17.0
232575,2014,R,589.0,R,1431.0,R,41.0,R,583.0,R,0.0,R,583.0,R,389.0,R,67.0,R,520.0,R,0.0,R,520.0,R,241.0,R,46.0,R,19.0
232609,2014,R,512.0,R,707.0,R,72.0,R,512.0,R,0.0,R,512.0,R,359.0,R,70.0,A,,A,,A,,A,,A,,R,11.0
232618,2014,A,,A,,A,,A,,A,,A,,A,,A,,A,,A,,A,,A,,A,,R,4.0
232672,2014,R,260.0,R,401.0,R,65.0,R,217.0,R,0.0,R,217.0,R,158.0,R,73.0,A,,A,,A,,A,,A,,R,11.0
232681,2014,R,840.0,R,1175.0,R,71.0,R,927.0,R,0.0,R,927.0,R,723.0,R,78.0,R,17.0,R,0.0,R,17.0,R,7.0,R,41.0,R,14.0
232706,2014,R,350.0,R,575.0,R,61.0,R,397.0,R,0.0,R,397.0,R,320.0,R,81.0,R,3.0,R,0.0,R,3.0,R,3.0,R,100.0,R,13.0
232724,2014,A,,A,,A,,A,,A,,A,,A,,A,,A,,A,,A,,A,,A,,R,3.0
232788,2014,R,386.0,R,562.0,R,69.0,R,409.0,R,0.0,R,409.0,R,252.0,R,62.0,R,86.0,R,0.0,R,86.0,R,23.0,R,27.0,R,24.0
232797,2014,R,40.0,R,229.0,R,17.0,R,0.0,R,0.0,R,0.0,R,0.0,A,,R,0.0,R,0.0,R,0.0,R,0.0,A,,R,7.0
232867,2014,R,449.0,R,1034.0,R,43.0,R,477.0,R,0.0,R,477.0,R,286.0,R,60.0,R,211.0,R,0.0,R,211.0,R,88.0,R,42.0,R,29.0
232885,2014,A,,A,,A,,A,,A,,A,,A,,A,,A,,A,,A,,A,,A,,R,8.0
232919,2014,A,,A,,A,,R,95.0,Z,0.0,R,95.0,R,78.0,R,82.0,R,23.0,Z,0.0,R,23.0,R,3.0,R,13.0,R,10.0
232937,2014,R,557.0,R,1094.0,R,51.0,R,772.0,R,0.0,R,772.0,R,572.0,R,74.0,R,22.0,R,0.0,R,22.0,R,1.0,R,5.0,R,18.0
232946,2014,R,5818.0,R,12094.0,R,48.0,R,5819.0,R,0.0,R,5819.0,R,4014.0,R,69.0,R,3307.0,R,0.0,R,3307.0,R,1580.0,R,48.0,R,24.0
232982,2014,R,2764.0,R,5276.0,R,52.0,R,2908.0,R,39.0,R,2869.0,R,2310.0,R,81.0,R,34.0,R,0.0,R,34.0,R,22.0,R,65.0,R,20.0
233019,2014,R,366.0,R,839.0,R,44.0,R,370.0,R,0.0,R,370.0,R,226.0,R,61.0,R,130.0,R,0.0,R,130.0,R,49.0,R,38.0,R,22.0
233037,2014,R,93.0,R,274.0,R,34.0,R,120.0,R,0.0,R,120.0,R,58.0,R,48.0,R,77.0,R,0.0,R,77.0,R,18.0,R,23.0,R,14.0
233082,2014,A,,A,,A,,R,0.0,R,0.0,R,0.0,R,0.0,A,,R,0.0,R,0.0,R,0.0,R,0.0,A,,R,2.0
233091,2014,R,51.0,R,126.0,R,40.0,R,88.0,Z,0.0,R,88.0,R,55.0,R,63.0,R,24.0,Z,0.0,R,24.0,R,7.0,R,29.0,R,12.0
233116,2014,R,353.0,R,1092.0,R,32.0,R,349.0,R,0.0,R,349.0,R,245.0,R,70.0,R,416.0,R,0.0,R,416.0,R,190.0,R,46.0,R,19.0
233277,2014,R,2013.0,R,2730.0,R,74.0,R,1986.0,R,0.0,R,1986.0,R,1482.0,R,75.0,R,0.0,R,0.0,R,0.0,R,0.0,A,,R,18.0
233286,2014,A,,A,,A,,R,34.0,R,0.0,R,34.0,R,25.0,R,74.0,A,,A,,A,,A,,A,,R,11.0
233295,2014,R,427.0,R,461.0,R,93.0,R,382.0,R,0.0,R,382.0,R,294.0,R,77.0,R,0.0,Z,0.0,R,0.0,Z,0.0,A,,R,12.0
233301,2014,R,191.0,R,232.0,R,82.0,R,216.0,R,0.0,R,216.0,R,160.0,R,74.0,A,,A,,A,,A,,A,,R,10.0
233310,2014,R,196.0,R,557.0,R,35.0,R,222.0,R,0.0,R,222.0,R,125.0,R,56.0,R,191.0,R,0.0,R,191.0,R,81.0,R,42.0,R,26.0
233329,2014,A,,A,,A,,R,87.0,Z,0.0,R,87.0,R,48.0,R,55.0,A,,A,,A,,A,,A,,R,19.0
233338,2014,R,427.0,R,899.0,R,47.0,R,410.0,Z,0.0,R,410.0,R,233.0,R,57.0,R,15.0,Z,0.0,R,15.0,R,4.0,R,27.0,R,21.0
233356,2014,A,,A,,A,,R,4.0,R,0.0,R,4.0,R,4.0,R,100.0,R,0.0,R,0.0,R,0.0,R,0.0,A,,R,8.0
233374,2014,R,814.0,R,1055.0,R,77.0,R,805.0,R,1.0,R,804.0,R,756.0,R,94.0,R,2.0,R,0.0,R,2.0,R,1.0,R,50.0,R,8.0
233408,2014,A,,A,,A,,R,7.0,R,0.0,R,7.0,R,6.0,R,86.0,A,,A,,A,,A,,A,,R,8.0
233426,2014,R,562.0,R,665.0,R,85.0,R,542.0,R,1.0,R,541.0,R,431.0,R,80.0,R,0.0,R,0.0,R,0.0,R,0.0,A,,R,11.0
233480,2014,A,,A,,A,,A,,A,,A,,A,,A,,A,,A,,A,,A,,A,,R,5.0
233541,2014,R,417.0,R,586.0,R,71.0,R,418.0,R,0.0,R,418.0,R,316.0,R,76.0,R,0.0,R,0.0,R,0.0,R,0.0,A,,R,10.0
233611,2014,R,224.0,R,309.0,R,72.0,R,185.0,R,75.0,R,110.0,R,77.0,R,70.0,A,,A,,A,,A,,A,,R,15.0
233639,2014,R,377.0,R,830.0,R,45.0,R,411.0,R,0.0,R,411.0,R,289.0,R,70.0,R,226.0,R,0.0,R,226.0,R,92.0,R,41.0,R,23.0
233648,2014,R,472.0,R,666.0,R,71.0,R,437.0,R,0.0,R,437.0,R,280.0,R,64.0,R,88.0,R,0.0,R,88.0,R,35.0,R,40.0,R,24.0
233657,2014,A,,A,,A,,R,18.0,R,0.0,R,18.0,R,17.0,R,94.0,R,7.0,R,0.0,R,7.0,R,6.0,R,86.0,R,16.0
233666,2014,A,,A,,A,,R,22.0,R,1.0,R,21.0,R,19.0,R,90.0,R,8.0,Z,0.0,R,8.0,R,5.0,R,63.0,R,14.0
233684,2014,R,81.0,R,828.0,R,10.0,R,58.0,Z,0.0,R,58.0,R,25.0,R,43.0,R,161.0,Z,0.0,R,161.0,R,52.0,R,32.0,R,30.0
233718,2014,R,154.0,R,298.0,R,52.0,R,197.0,R,0.0,R,197.0,R,147.0,R,75.0,R,0.0,Z,0.0,R,0.0,Z,0.0,A,,R,8.0
233754,2014,R,857.0,R,2478.0,R,35.0,R,935.0,R,0.0,R,935.0,R,564.0,R,60.0,R,867.0,R,0.0,R,867.0,R,339.0,R,39.0,R,23.0
233772,2014,R,2649.0,R,7014.0,R,38.0,R,3033.0,R,0.0,R,3033.0,R,1790.0,R,59.0,R,2385.0,R,0.0,R,2385.0,R,875.0,R,37.0,R,22.0
233897,2014,R,304.0,R,925.0,R,33.0,R,332.0,R,0.0,R,332.0,R,224.0,R,67.0,R,3.0,R,0.0,R,3.0,R,0.0,R,0.0,R,12.0
233903,2014,R,386.0,R,643.0,R,60.0,R,329.0,R,0.0,R,329.0,R,228.0,R,69.0,R,82.0,R,0.0,R,82.0,R,27.0,R,33.0,R,20.0
233921,2014,R,5474.0,R,6492.0,R,84.0,R,5298.0,R,0.0,R,5298.0,R,4901.0,R,93.0,R,4.0,R,0.0,R,4.0,R,3.0,R,75.0,R,16.0
233949,2014,R,974.0,R,1741.0,R,56.0,R,1056.0,R,0.0,R,1056.0,R,636.0,R,60.0,R,379.0,R,0.0,R,379.0,R,147.0,R,39.0,R,26.0
234030,2014,R,3522.0,R,5867.0,R,60.0,R,3513.0,R,2.0,R,3511.0,R,3030.0,R,86.0,R,12.0,R,0.0,R,12.0,R,4.0,R,33.0,R,17.0
234076,2014,R,3706.0,R,5213.0,R,71.0,R,3516.0,R,0.0,R,3516.0,R,3421.0,R,97.0,R,1.0,R,0.0,R,1.0,R,1.0,R,100.0,R,15.0
234085,2014,R,452.0,R,486.0,R,93.0,R,419.0,R,0.0,R,419.0,R,373.0,R,89.0,A,,A,,A,,A,,A,,R,11.0
234119,2014,A,,A,,A,,R,35.0,R,0.0,R,35.0,R,26.0,R,74.0,R,37.0,R,0.0,R,37.0,R,27.0,R,73.0,R,20.0
234137,2014,R,48.0,R,60.0,R,80.0,R,70.0,Z,0.0,R,70.0,R,33.0,R,47.0,R,31.0,Z,0.0,R,31.0,R,16.0,R,52.0,R,10.0
234155,2014,R,906.0,R,1213.0,R,75.0,R,1136.0,R,0.0,R,1136.0,R,694.0,R,61.0,R,1.0,R,0.0,R,1.0,R,1.0,R,100.0,R,14.0
234164,2014,R,420.0,R,511.0,R,82.0,R,402.0,R,0.0,R,402.0,R,201.0,R,50.0,R,2.0,R,0.0,R,2.0,R,0.0,R,0.0,R,14.0
234173,2014,R,406.0,R,500.0,R,81.0,R,453.0,R,1.0,R,452.0,R,300.0,R,66.0,A,,A,,A,,A,,A,,R,13.0
234191,2014,A,,A,,A,,R,6.0,R,0.0,R,6.0,R,4.0,R,67.0,A,,A,,A,,A,,A,,R,14.0
234207,2014,R,471.0,R,482.0,R,98.0,R,480.0,R,0.0,R,480.0,R,467.0,R,97.0,A,,A,,A,,A,,A,,R,8.0
234216,2014,A,,A,,A,,A,,A,,A,,A,,A,,A,,A,,A,,A,,A,,R,6.0
234225,2014,A,,A,,A,,R,56.0,R,0.0,R,56.0,R,54.0,R,96.0,A,,A,,A,,A,,A,,R,14.0
234359,2014,A,,A,,A,,R,51.0,R,0.0,R,51.0,R,46.0,R,90.0,A,,A,,A,,A,,A,,R,9.0
234377,2014,R,428.0,R,685.0,R,62.0,R,442.0,R,0.0,R,442.0,R,286.0,R,65.0,R,146.0,R,0.0,R,146.0,R,55.0,R,38.0,R,26.0
234401,2014,A,,A,,A,,R,32.0,R,0.0,R,32.0,R,20.0,R,63.0,A,,A,,A,,A,,A,,R,10.0
234492,2014,R,158.0,R,450.0,R,35.0,R,104.0,Z,0.0,R,104.0,R,61.0,R,59.0,R,15.0,Z,0.0,R,15.0,R,3.0,R,20.0,R,19.0
234650,2014,A,,A,,A,,R,17.0,R,0.0,R,17.0,R,15.0,R,88.0,A,,A,,A,,A,,A,,R,15.0
234669,2014,R,502.0,R,6326.0,R,8.0,R,0.0,Z,0.0,R,0.0,R,0.0,A,,R,0.0,Z,0.0,R,0.0,R,0.0,A,,R,18.0
234696,2014,R,42.0,R,1120.0,R,4.0,R,59.0,Z,0.0,R,59.0,R,34.0,R,58.0,R,21.0,Z,0.0,R,21.0,R,13.0,R,62.0,R,22.0
234711,2014,R,332.0,R,743.0,R,45.0,R,267.0,Z,0.0,R,267.0,R,170.0,R,64.0,R,43.0,Z,0.0,R,43.0,R,20.0,R,47.0,R,17.0
234739,2014,A,,A,,A,,R,49.0,R,0.0,R,49.0,R,37.0,R,76.0,A,,A,,A,,A,,A,,R,30.0
234784,2014,A,,A,,A,,R,101.0,R,0.0,R,101.0,R,68.0,R,67.0,A,,A,,A,,A,,A,,R,24.0
234827,2014,R,1340.0,R,3570.0,R,38.0,R,1486.0,R,0.0,R,1486.0,R,1172.0,R,79.0,R,16.0,R,0.0,R,16.0,R,12.0,R,75.0,R,19.0
234845,2014,R,324.0,R,1425.0,R,23.0,R,0.0,Z,0.0,R,0.0,R,0.0,A,,R,0.0,Z,0.0,R,0.0,R,0.0,A,,R,17.0
234915,2014,A,,A,,A,,A,,A,,A,,A,,A,,R,6.0,R,0.0,R,6.0,R,1.0,R,17.0,R,11.0
234924,2014,A,,A,,A,,R,25.0,R,0.0,R,25.0,R,21.0,R,84.0,A,,A,,A,,A,,A,,R,14.0
234933,2014,R,950.0,R,4116.0,R,23.0,R,819.0,Z,0.0,R,819.0,R,523.0,R,64.0,R,465.0,Z,0.0,R,465.0,R,225.0,R,48.0,R,15.0
234951,2014,R,290.0,R,2065.0,R,14.0,R,251.0,Z,0.0,R,251.0,R,158.0,R,63.0,R,27.0,Z,0.0,R,27.0,R,9.0,R,33.0,R,23.0
234979,2014,R,705.0,R,3278.0,R,22.0,R,0.0,Z,0.0,R,0.0,R,0.0,A,,R,0.0,Z,0.0,R,0.0,R,0.0,A,,R,20.0
235024,2014,R,161.0,R,246.0,R,65.0,R,166.0,R,0.0,R,166.0,R,115.0,R,69.0,R,1.0,R,0.0,R,1.0,R,0.0,R,0.0,R,7.0
235088,2014,A,,A,,A,,R,72.0,R,0.0,R,72.0,R,59.0,R,82.0,A,,A,,A,,A,,A,,R,17.0
235097,2014,R,1581.0,R,2935.0,R,54.0,R,1469.0,R,0.0,R,1469.0,R,1138.0,R,77.0,R,17.0,R,0.0,R,17.0,R,2.0,R,12.0,R,21.0
235103,2014,R,334.0,R,3660.0,R,9.0,R,397.0,Z,0.0,R,397.0,R,245.0,R,62.0,R,135.0,Z,0.0,R,135.0,R,59.0,R,44.0,R,14.0
235149,2014,R,579.0,R,2872.0,R,20.0,R,512.0,Z,0.0,R,512.0,R,341.0,R,67.0,R,199.0,Z,0.0,R,199.0,R,103.0,R,52.0,R,17.0
235158,2014,A,,A,,A,,R,13.0,Z,0.0,R,13.0,R,11.0,R,85.0,A,,A,,A,,A,,A,,R,13.0
235167,2014,R,527.0,R,1306.0,R,40.0,R,497.0,R,0.0,R,497.0,R,345.0,R,69.0,R,12.0,R,0.0,R,12.0,R,8.0,R,67.0,R,22.0
235237,2014,R,358.0,R,2803.0,R,13.0,R,325.0,Z,0.0,R,325.0,R,173.0,R,53.0,R,163.0,Z,0.0,R,163.0,R,68.0,R,42.0,R,18.0
235307,2014,A,,A,,A,,R,46.0,R,0.0,R,46.0,R,40.0,R,87.0,R,1.0,R,0.0,R,1.0,R,0.0,R,0.0,R,16.0
235316,2014,R,1048.0,R,1242.0,R,84.0,R,1238.0,R,1.0,R,1237.0,R,1143.0,R,92.0,R,0.0,R,0.0,R,0.0,R,0.0,A,,R,11.0
235334,2014,R,285.0,R,798.0,R,36.0,R,246.0,Z,0.0,R,246.0,R,130.0,R,53.0,R,13.0,Z,0.0,R,13.0,R,6.0,R,46.0,R,20.0
235343,2014,R,594.0,R,2715.0,R,22.0,R,602.0,Z,0.0,R,602.0,R,373.0,R,62.0,R,212.0,Z,0.0,R,212.0,R,95.0,R,45.0,R,12.0
235352,2014,A,,A,,A,,R,9.0,R,0.0,R,9.0,R,8.0,R,89.0,A,,A,,A,,A,,A,,R,10.0
235422,2014,R,121.0,R,295.0,R,41.0,R,74.0,R,0.0,R,74.0,R,50.0,R,68.0,R,10.0,R,0.0,R,10.0,R,2.0,R,20.0,R,8.0
235431,2014,R,360.0,R,2646.0,R,14.0,R,330.0,Z,0.0,R,330.0,R,208.0,R,63.0,R,137.0,Z,0.0,R,137.0,R,69.0,R,50.0,R,15.0
235495,2014,A,,A,,A,,R,3.0,Z,0.0,R,3.0,R,3.0,R,100.0,R,0.0,Z,0.0,R,0.0,Z,0.0,A,,R,10.0
235501,2014,A,,A,,A,,R,155.0,R,0.0,R,155.0,R,109.0,R,70.0,A,,A,,A,,A,,A,,R,5.0
235510,2014,R,48.0,R,61.0,R,79.0,R,0.0,R,0.0,R,0.0,R,0.0,A,,R,1.0,R,0.0,R,1.0,R,0.0,R,0.0,R,19.0
235529,2014,R,34.0,R,37.0,R,92.0,R,0.0,R,0.0,R,0.0,R,0.0,A,,R,0.0,R,0.0,R,0.0,R,0.0,A,,R,16.0
235547,2014,A,,A,,A,,A,,A,,A,,A,,A,,A,,A,,A,,A,,A,,R,9.0
235583,2014,A,,A,,A,,R,28.0,R,0.0,R,28.0,R,20.0,R,71.0,A,,A,,A,,A,,A,,R,13.0
235671,2014,R,120.0,R,1968.0,R,6.0,R,158.0,Z,0.0,R,158.0,R,103.0,R,65.0,R,5.0,Z,0.0,R,5.0,R,3.0,R,60.0,R,16.0
235699,2014,R,152.0,R,2377.0,R,6.0,R,0.0,Z,0.0,R,0.0,R,0.0,A,,R,0.0,Z,0.0,R,0.0,R,0.0,A,,R,15.0
235750,2014,R,255.0,R,1222.0,R,21.0,R,239.0,Z,0.0,R,239.0,R,149.0,R,62.0,R,65.0,Z,0.0,R,65.0,R,26.0,R,40.0,R,16.0
235769,2014,R,68.0,R,91.0,R,75.0,R,48.0,Z,0.0,R,48.0,R,23.0,R,48.0,A,,A,,A,,A,,A,,R,14.0
235954,2014,A,,A,,A,,R,3.0,R,0.0,R,3.0,R,3.0,R,100.0,A,,A,,A,,A,,A,,R,12.0
236018,2014,A,,A,,A,,R,30.0,Z,0.0,R,30.0,R,23.0,R,77.0,A,,A,,A,,A,,A,,R,10.0
236027,2014,A,,A,,A,,R,27.0,R,0.0,R,27.0,R,21.0,R,78.0,A,,A,,A,,A,,A,,R,12.0
236072,2014,R,113.0,R,4316.0,R,3.0,R,0.0,Z,0.0,R,0.0,R,0.0,A,,R,0.0,Z,0.0,R,0.0,R,0.0,A,,R,16.0
236133,2014,R,239.0,R,594.0,R,40.0,R,201.0,R,0.0,R,201.0,R,148.0,R,74.0,R,13.0,R,0.0,R,13.0,R,6.0,R,46.0,R,13.0
236188,2014,R,443.0,R,3087.0,R,14.0,R,0.0,Z,0.0,R,0.0,R,0.0,A,,R,0.0,Z,0.0,R,0.0,R,0.0,A,,R,19.0
236212,2014,A,,A,,A,,R,176.0,R,0.0,R,176.0,R,142.0,R,81.0,A,,A,,A,,A,,A,,R,22.0
236230,2014,R,574.0,R,844.0,R,68.0,R,649.0,R,0.0,R,649.0,R,529.0,R,82.0,A,,A,,A,,A,,A,,R,11.0
236258,2014,R,184.0,R,797.0,R,23.0,R,0.0,Z,0.0,R,0.0,R,0.0,A,,R,0.0,Z,0.0,R,0.0,R,0.0,A,,R,15.0
236328,2014,R,663.0,R,726.0,R,91.0,R,670.0,R,0.0,R,670.0,R,585.0,R,87.0,A,,A,,A,,A,,A,,R,11.0
236382,2014,R,139.0,R,1716.0,R,8.0,R,134.0,Z,0.0,R,134.0,R,90.0,R,67.0,R,44.0,Z,0.0,R,44.0,R,25.0,R,57.0,R,14.0
236452,2014,R,154.0,R,473.0,R,33.0,R,158.0,R,0.0,R,158.0,R,127.0,R,80.0,R,0.0,R,0.0,R,0.0,R,0.0,A,,R,12.0
236504,2014,R,188.0,R,3149.0,R,6.0,R,0.0,Z,0.0,R,0.0,R,0.0,A,,R,0.0,Z,0.0,R,0.0,R,0.0,A,,R,15.0
236513,2014,R,175.0,R,3109.0,R,6.0,R,0.0,Z,0.0,R,0.0,R,0.0,A,,R,0.0,Z,0.0,R,0.0,R,0.0,A,,R,15.0
236531,2014,A,,A,,A,,R,22.0,R,0.0,R,22.0,R,17.0,R,77.0,A,,A,,A,,A,,A,,R,25.0
236577,2014,R,683.0,R,898.0,R,76.0,R,765.0,R,0.0,R,765.0,R,650.0,R,85.0,R,2.0,R,0.0,R,2.0,R,1.0,R,50.0,R,15.0
236595,2014,R,925.0,R,1343.0,R,69.0,R,958.0,R,0.0,R,958.0,R,833.0,R,87.0,R,5.0,R,0.0,R,5.0,R,2.0,R,40.0,R,12.0
236610,2014,R,272.0,R,3127.0,R,9.0,R,341.0,R,0.0,R,341.0,R,231.0,R,68.0,R,78.0,Z,0.0,R,78.0,R,37.0,R,47.0,R,17.0
236638,2014,R,422.0,R,2214.0,R,19.0,R,432.0,Z,0.0,R,432.0,R,259.0,R,60.0,R,114.0,Z,0.0,R,114.0,R,46.0,R,40.0,R,15.0
236656,2014,R,421.0,R,2298.0,R,18.0,R,401.0,Z,0.0,R,401.0,R,238.0,R,59.0,R,155.0,Z,0.0,R,155.0,R,76.0,R,49.0,R,17.0
236692,2014,R,684.0,R,5895.0,R,12.0,R,597.0,Z,0.0,R,597.0,R,349.0,R,58.0,R,81.0,Z,0.0,R,81.0,R,33.0,R,41.0,R,17.0
236708,2014,R,925.0,R,2795.0,R,33.0,R,808.0,Z,0.0,R,808.0,R,469.0,R,58.0,R,130.0,Z,0.0,R,130.0,R,48.0,R,37.0,R,18.0
236744,2014,A,,A,,A,,R,34.0,Z,0.0,R,34.0,R,22.0,R,65.0,A,,A,,A,,A,,A,,R,19.0
236753,2014,R,503.0,R,3070.0,R,16.0,R,529.0,Z,0.0,R,529.0,R,342.0,R,65.0,R,138.0,Z,0.0,R,138.0,R,73.0,R,53.0,R,18.0
236887,2014,R,437.0,R,1993.0,R,22.0,R,454.0,Z,0.0,R,454.0,R,288.0,R,63.0,R,37.0,Z,0.0,R,37.0,R,16.0,R,43.0,R,17.0
236896,2014,R,364.0,R,475.0,R,77.0,R,385.0,R,0.0,R,385.0,R,306.0,R,79.0,R,2.0,R,0.0,R,2.0,R,0.0,R,0.0,R,13.0
236939,2014,R,4357.0,R,7059.0,R,62.0,R,4057.0,R,0.0,R,4057.0,R,3221.0,R,79.0,R,106.0,R,0.0,R,106.0,R,63.0,R,59.0,R,15.0
236948,2014,R,6208.0,R,9071.0,R,68.0,R,6144.0,R,0.0,R,6144.0,R,5784.0,R,94.0,R,59.0,R,0.0,R,59.0,R,43.0,R,73.0,R,18.0
236975,2014,R,443.0,R,1310.0,R,34.0,R,461.0,Z,0.0,R,461.0,R,289.0,R,63.0,R,92.0,Z,0.0,R,92.0,R,46.0,R,50.0,R,17.0
236993,2014,A,,A,,A,,R,59.0,R,0.0,R,59.0,R,43.0,R,73.0,A,,A,,A,,A,,A,,R,20.0
237011,2014,R,2763.0,R,3947.0,R,70.0,R,2764.0,R,0.0,R,2764.0,R,2283.0,R,83.0,R,31.0,R,0.0,R,31.0,R,16.0,R,52.0,R,19.0
237039,2014,R,321.0,R,1863.0,R,17.0,R,289.0,Z,0.0,R,289.0,R,185.0,R,64.0,R,88.0,Z,0.0,R,88.0,R,33.0,R,38.0,R,15.0
237057,2014,R,395.0,R,424.0,R,93.0,R,392.0,R,0.0,R,392.0,R,369.0,R,94.0,A,,A,,A,,A,,A,,R,9.0
237066,2014,R,617.0,R,719.0,R,86.0,R,592.0,R,0.0,R,592.0,R,502.0,R,85.0,R,0.0,R,0.0,R,0.0,R,0.0,A,,R,11.0
237109,2014,R,334.0,R,1345.0,R,25.0,R,317.0,Z,0.0,R,317.0,R,189.0,R,60.0,R,85.0,Z,0.0,R,85.0,R,33.0,R,39.0,R,19.0
237118,2014,R,346.0,R,419.0,R,83.0,R,438.0,R,0.0,R,438.0,R,247.0,R,56.0,R,0.0,R,0.0,R,0.0,R,0.0,A,,R,16.0
237127,2014,A,,A,,A,,R,7.0,R,0.0,R,7.0,R,5.0,R,71.0,A,,A,,A,,A,,A,,R,11.0
237136,2014,R,34.0,R,144.0,R,24.0,R,48.0,R,0.0,R,48.0,R,35.0,R,73.0,R,0.0,R,0.0,R,0.0,R,0.0,A,,R,14.0
237145,2014,A,,A,,A,,R,16.0,R,0.0,R,16.0,R,13.0,R,81.0,A,,A,,A,,A,,A,,R,7.0
237172,2014,A,,A,,A,,R,109.0,R,0.0,R,109.0,R,17.0,R,16.0,R,346.0,R,0.0,R,346.0,R,27.0,R,8.0,R,12.0
237181,2014,R,246.0,R,280.0,R,88.0,R,181.0,R,1.0,R,180.0,R,126.0,R,70.0,A,,A,,A,,A,,A,,R,11.0
237215,2014,R,236.0,R,464.0,R,51.0,R,158.0,R,0.0,R,158.0,R,95.0,R,60.0,R,5.0,R,1.0,R,4.0,R,2.0,R,50.0,R,15.0
237242,2014,A,,A,,A,,R,37.0,R,1.0,R,36.0,R,35.0,R,97.0,R,6.0,R,0.0,R,6.0,R,4.0,R,67.0,R,3.0
237303,2014,A,,A,,A,,R,41.0,R,0.0,R,41.0,R,24.0,R,59.0,A,,A,,A,,A,,A,,R,17.0
237312,2014,R,332.0,R,650.0,R,51.0,R,271.0,R,0.0,R,271.0,R,166.0,R,61.0,R,0.0,R,0.0,R,0.0,R,0.0,A,,R,15.0
237321,2014,A,,A,,A,,R,41.0,R,0.0,R,41.0,R,31.0,R,76.0,A,,A,,A,,A,,A,,R,10.0
237330,2014,R,417.0,R,576.0,R,72.0,R,507.0,Z,0.0,R,507.0,R,338.0,R,67.0,R,10.0,R,4.0,R,6.0,R,1.0,R,17.0,R,15.0
237358,2014,R,212.0,R,257.0,R,82.0,R,217.0,R,0.0,R,217.0,R,152.0,R,70.0,R,0.0,R,0.0,R,0.0,R,0.0,A,,R,12.0
237367,2014,R,680.0,R,1101.0,R,62.0,R,741.0,R,0.0,R,741.0,R,471.0,R,64.0,R,9.0,R,0.0,R,9.0,R,2.0,R,22.0,R,15.0
237385,2014,R,264.0,R,863.0,R,31.0,R,175.0,R,0.0,R,175.0,R,114.0,R,65.0,R,1.0,R,0.0,R,1.0,R,0.0,R,0.0,R,16.0
237437,2014,R,110.0,R,201.0,R,55.0,R,120.0,R,1.0,R,119.0,R,50.0,R,42.0,R,5.0,R,0.0,R,5.0,R,2.0,R,40.0,R,26.0
237473,2014,A,,A,,A,,R,93.0,R,0.0,R,93.0,R,82.0,R,88.0,A,,A,,A,,A,,A,,R,11.0
237491,2014,A,,A,,A,,R,6.0,R,0.0,R,6.0,R,5.0,R,83.0,A,,A,,A,,A,,A,,R,9.0
237525,2014,R,1833.0,R,2941.0,R,62.0,R,1843.0,R,1.0,R,1842.0,R,1339.0,R,73.0,R,14.0,R,0.0,R,14.0,R,3.0,R,21.0,R,19.0
237543,2014,A,,A,,A,,R,67.0,R,0.0,R,67.0,R,59.0,R,88.0,R,89.0,Z,0.0,R,89.0,R,71.0,R,80.0,R,7.0
237552,2014,A,,A,,A,,R,25.0,Z,0.0,R,25.0,R,23.0,R,92.0,A,,A,,A,,A,,A,,R,10.0
237561,2014,A,,A,,A,,R,27.0,R,0.0,R,27.0,R,27.0,R,100.0,R,3.0,R,0.0,R,3.0,R,3.0,R,100.0,R,10.0
237570,2014,A,,A,,A,,R,14.0,R,0.0,R,14.0,R,11.0,R,79.0,A,,A,,A,,A,,A,,R,8.0
237598,2014,R,6.0,R,7.0,R,86.0,R,5.0,R,0.0,R,5.0,R,4.0,R,80.0,R,1.0,R,0.0,R,1.0,R,1.0,R,100.0,R,17.0
237604,2014,A,,A,,A,,R,37.0,R,0.0,R,37.0,R,15.0,R,41.0,A,,A,,A,,A,,A,,R,27.0
237613,2014,A,,A,,A,,R,43.0,R,0.0,R,43.0,R,38.0,R,88.0,A,,A,,A,,A,,A,,R,13.0
237640,2014,R,88.0,R,140.0,R,63.0,R,82.0,R,0.0,R,82.0,R,44.0,R,54.0,A,,A,,A,,A,,A,,R,10.0
237686,2014,R,288.0,R,639.0,R,45.0,R,2.0,R,0.0,R,2.0,R,1.0,R,50.0,R,0.0,R,0.0,R,0.0,R,0.0,A,,R,15.0
237701,2014,R,632.0,R,859.0,R,74.0,R,624.0,R,0.0,R,624.0,R,265.0,R,42.0,R,7.0,Z,0.0,R,7.0,R,1.0,R,14.0,R,22.0
237729,2014,A,,A,,A,,R,11.0,R,0.0,R,11.0,R,9.0,R,82.0,R,38.0,R,0.0,R,38.0,R,31.0,R,82.0,R,15.0
237783,2014,R,116.0,R,175.0,R,66.0,R,124.0,R,0.0,R,124.0,R,47.0,R,38.0,A,,A,,A,,A,,A,,R,18.0
237792,2014,R,634.0,R,1114.0,R,57.0,R,676.0,R,0.0,R,676.0,R,461.0,R,68.0,R,8.0,R,0.0,R,8.0,R,5.0,R,63.0,R,16.0
237817,2014,R,437.0,R,548.0,R,80.0,R,392.0,R,0.0,R,392.0,R,191.0,R,49.0,R,63.0,R,0.0,R,63.0,R,20.0,R,32.0,R,13.0
237844,2014,A,,A,,A,,R,66.0,R,0.0,R,66.0,R,40.0,R,61.0,R,28.0,R,0.0,R,28.0,R,4.0,R,14.0,R,13.0
237899,2014,R,397.0,R,1098.0,R,36.0,R,394.0,R,0.0,R,394.0,R,228.0,R,58.0,R,15.0,R,0.0,R,15.0,R,4.0,R,27.0,R,16.0
237905,2014,A,,A,,A,,A,,A,,A,,A,,A,,A,,A,,A,,A,,A,,R,7.0
237932,2014,R,466.0,R,833.0,R,56.0,R,498.0,R,0.0,R,498.0,R,331.0,R,66.0,R,3.0,R,0.0,R,3.0,R,3.0,R,100.0,R,14.0
237950,2014,R,260.0,R,493.0,R,53.0,R,298.0,R,0.0,R,298.0,R,159.0,R,53.0,R,7.0,R,0.0,R,7.0,R,4.0,R,57.0,R,12.0
237969,2014,R,415.0,R,467.0,R,89.0,R,471.0,R,0.0,R,471.0,R,344.0,R,73.0,R,0.0,R,0.0,R,0.0,R,0.0,A,,R,13.0
237978,2014,R,28.0,R,28.0,R,100.0,R,54.0,Z,0.0,R,54.0,R,34.0,R,63.0,A,,A,,A,,A,,A,,R,19.0
237987,2014,R,44.0,R,76.0,R,58.0,R,66.0,R,0.0,R,66.0,R,29.0,R,44.0,R,1.0,R,0.0,R,1.0,R,0.0,R,0.0,R,16.0
237996,2014,R,52.0,R,157.0,R,33.0,R,83.0,R,0.0,R,83.0,R,49.0,R,59.0,A,,A,,A,,A,,A,,R,24.0
238005,2014,A,,A,,A,,R,31.0,R,0.0,R,31.0,R,26.0,R,84.0,A,,A,,A,,A,,A,,R,20.0
238014,2014,R,277.0,R,605.0,R,46.0,R,249.0,R,0.0,R,249.0,R,141.0,R,57.0,R,88.0,R,0.0,R,88.0,R,28.0,R,32.0,R,16.0
238032,2014,R,4850.0,R,6384.0,R,76.0,R,4901.0,R,1.0,R,4900.0,R,3767.0,R,77.0,R,12.0,R,0.0,R,12.0,R,2.0,R,17.0,R,21.0
238078,2014,R,252.0,R,318.0,R,79.0,R,250.0,R,0.0,R,250.0,R,184.0,R,74.0,A,,A,,A,,A,,A,,R,12.0
238096,2014,A,,A,,A,,R,9.0,R,0.0,R,9.0,R,8.0,R,89.0,A,,A,,A,,A,,A,,R,8.0
238166,2014,A,,A,,A,,R,16.0,R,0.0,R,16.0,R,11.0,R,69.0,A,,A,,A,,A,,A,,R,14.0
238175,2014,A,,A,,A,,R,31.0,R,0.0,R,31.0,R,23.0,R,74.0,A,,A,,A,,A,,A,,R,11.0
238193,2014,R,193.0,R,351.0,R,55.0,R,202.0,R,0.0,R,202.0,R,149.0,R,74.0,R,6.0,R,0.0,R,6.0,R,2.0,R,33.0,R,10.0
238263,2014,R,1234.0,R,4435.0,R,28.0,R,0.0,R,0.0,R,0.0,R,0.0,A,,R,0.0,R,0.0,R,0.0,R,0.0,A,,R,11.0
238324,2014,R,26.0,R,44.0,R,59.0,R,41.0,R,0.0,R,41.0,R,36.0,R,88.0,A,,A,,A,,A,,A,,R,10.0
238333,2014,R,299.0,R,390.0,R,77.0,R,299.0,R,0.0,R,299.0,R,253.0,R,85.0,A,,A,,A,,A,,A,,R,10.0
238397,2014,R,254.0,R,448.0,R,57.0,R,230.0,R,0.0,R,230.0,R,120.0,R,52.0,R,217.0,R,0.0,R,217.0,R,114.0,R,53.0,R,12.0
238430,2014,R,188.0,R,436.0,R,43.0,R,195.0,R,0.0,R,195.0,R,140.0,R,72.0,R,0.0,R,0.0,R,0.0,R,0.0,A,,R,17.0
238458,2014,R,758.0,R,927.0,R,82.0,R,678.0,R,0.0,R,678.0,R,536.0,R,79.0,R,8.0,R,0.0,R,8.0,R,3.0,R,38.0,R,14.0
238476,2014,R,704.0,R,831.0,R,85.0,R,714.0,R,0.0,R,714.0,R,568.0,R,80.0,R,3.0,R,0.0,R,3.0,R,2.0,R,67.0,R,13.0
238573,2014,A,,A,,A,,A,,A,,A,,A,,A,,A,,A,,A,,A,,A,,R,7.0
238616,2014,R,639.0,R,1255.0,R,51.0,R,580.0,R,0.0,R,580.0,R,432.0,R,74.0,R,0.0,R,0.0,R,0.0,R,0.0,A,,R,13.0
238661,2014,R,289.0,R,539.0,R,54.0,R,298.0,R,0.0,R,298.0,R,241.0,R,81.0,R,0.0,R,0.0,R,0.0,R,0.0,A,,R,11.0
238722,2014,R,432.0,R,5999.0,R,7.0,R,391.0,R,0.0,R,391.0,R,254.0,R,65.0,R,551.0,R,1.0,R,550.0,R,237.0,R,43.0,R,12.0
238759,2014,R,330.0,R,2611.0,R,13.0,R,407.0,Z,0.0,R,407.0,R,275.0,R,68.0,R,1111.0,Z,0.0,R,1111.0,R,687.0,R,62.0,R,14.0
238786,2014,A,,A,,A,,R,15.0,R,0.0,R,15.0,R,14.0,R,93.0,R,8.0,R,0.0,R,8.0,R,7.0,R,88.0,R,20.0
238810,2014,A,,A,,A,,R,36.0,R,0.0,R,36.0,R,27.0,R,75.0,R,5.0,R,0.0,R,5.0,R,5.0,R,100.0,R,13.0
238892,2014,R,52.0,R,59.0,R,88.0,R,0.0,R,0.0,R,0.0,R,0.0,A,,R,0.0,R,0.0,R,0.0,R,0.0,A,,R,16.0
238980,2014,R,161.0,R,1080.0,R,15.0,R,214.0,R,0.0,R,214.0,R,147.0,R,69.0,R,2.0,R,0.0,R,2.0,R,1.0,R,50.0,R,14.0
239008,2014,R,114.0,R,1247.0,R,9.0,R,226.0,R,0.0,R,226.0,R,146.0,R,65.0,R,167.0,R,0.0,R,167.0,R,107.0,R,64.0,R,13.0
239017,2014,R,380.0,R,434.0,R,88.0,R,392.0,R,0.0,R,392.0,R,353.0,R,90.0,R,3.0,R,0.0,R,3.0,R,3.0,R,100.0,R,9.0
239071,2014,R,181.0,R,367.0,R,49.0,R,206.0,R,0.0,R,206.0,R,156.0,R,76.0,R,4.0,R,0.0,R,4.0,R,4.0,R,100.0,R,14.0
239080,2014,R,250.0,R,477.0,R,52.0,R,248.0,R,0.0,R,248.0,R,182.0,R,73.0,A,,A,,A,,A,,A,,R,11.0
239105,2014,R,1989.0,R,2274.0,R,87.0,R,1989.0,R,0.0,R,1989.0,R,1763.0,R,89.0,R,1.0,R,0.0,R,1.0,R,0.0,R,0.0,R,14.0
239132,2014,A,,A,,A,,R,22.0,R,0.0,R,22.0,R,14.0,R,64.0,R,5.0,R,0.0,R,5.0,R,3.0,R,60.0,A,
239220,2014,R,244.0,R,636.0,R,38.0,R,265.0,R,1.0,R,264.0,R,149.0,R,56.0,R,227.0,R,0.0,R,227.0,R,127.0,R,56.0,R,12.0
239248,2014,R,655.0,R,1945.0,R,34.0,R,897.0,R,0.0,R,897.0,R,481.0,R,54.0,R,827.0,R,0.0,R,827.0,R,469.0,R,57.0,R,12.0
239309,2014,R,144.0,R,197.0,R,73.0,R,157.0,R,0.0,R,157.0,R,119.0,R,76.0,R,0.0,R,0.0,R,0.0,R,0.0,A,,R,10.0
239318,2014,R,558.0,R,780.0,R,72.0,R,538.0,R,0.0,R,538.0,R,443.0,R,82.0,R,1.0,R,0.0,R,1.0,R,0.0,R,0.0,R,15.0
239372,2014,R,142.0,R,1139.0,R,12.0,R,163.0,R,0.0,R,163.0,R,123.0,R,75.0,R,178.0,R,0.0,R,178.0,R,113.0,R,63.0,R,15.0
239390,2014,R,154.0,R,297.0,R,52.0,R,113.0,R,0.0,R,113.0,R,88.0,R,78.0,R,1.0,R,0.0,R,1.0,R,1.0,R,100.0,R,10.0
239442,2014,R,141.0,R,398.0,R,35.0,R,149.0,R,0.0,R,149.0,R,90.0,R,60.0,R,80.0,R,0.0,R,80.0,R,28.0,R,35.0,R,8.0
239460,2014,R,398.0,R,1276.0,R,31.0,R,486.0,Z,0.0,R,486.0,R,311.0,R,64.0,R,413.0,Z,0.0,R,413.0,R,292.0,R,71.0,R,19.0
239488,2014,R,606.0,R,3522.0,R,17.0,R,684.0,R,0.0,R,684.0,R,379.0,R,55.0,R,441.0,R,0.0,R,441.0,R,216.0,R,49.0,R,17.0
239503,2014,R,27.0,R,37.0,R,73.0,R,40.0,R,0.0,R,40.0,R,19.0,R,48.0,R,0.0,R,0.0,R,0.0,R,0.0,A,,R,22.0
239512,2014,R,150.0,R,204.0,R,74.0,R,140.0,R,0.0,R,140.0,R,92.0,R,66.0,R,0.0,Z,0.0,R,0.0,Z,0.0,A,,R,11.0
239628,2014,R,211.0,R,237.0,R,89.0,R,238.0,R,0.0,R,238.0,R,201.0,R,84.0,R,0.0,R,0.0,R,0.0,R,0.0,A,,R,11.0
239716,2014,R,536.0,R,616.0,R,87.0,R,539.0,R,0.0,R,539.0,R,452.0,R,84.0,R,0.0,R,0.0,R,0.0,R,0.0,A,,R,14.0
239743,2014,R,45.0,R,94.0,R,48.0,R,40.0,R,0.0,R,40.0,R,29.0,R,73.0,A,,A,,A,,A,,A,,R,7.0
239877,2014,A,,A,,A,,R,27.0,R,0.0,R,27.0,R,22.0,R,81.0,A,,A,,A,,A,,A,,R,9.0
239910,2014,R,281.0,R,1449.0,R,19.0,R,280.0,R,1.0,R,279.0,R,213.0,R,76.0,R,128.0,R,1.0,R,127.0,R,84.0,R,66.0,R,13.0
239929,2014,R,94.0,R,261.0,R,36.0,R,0.0,R,0.0,R,0.0,R,0.0,A,,R,0.0,R,0.0,R,0.0,R,0.0,A,,R,12.0
240055,2014,R,3243.0,R,6473.0,R,50.0,R,3642.0,R,0.0,R,3642.0,R,2156.0,R,59.0,R,547.0,R,0.0,R,547.0,R,215.0,R,39.0,R,22.0
240107,2014,R,319.0,R,626.0,R,51.0,R,303.0,R,0.0,R,303.0,R,216.0,R,71.0,R,1.0,R,0.0,R,1.0,R,1.0,R,100.0,R,11.0
240116,2014,R,543.0,R,2262.0,R,24.0,R,896.0,R,0.0,R,896.0,R,562.0,R,63.0,R,477.0,R,0.0,R,477.0,R,261.0,R,55.0,R,12.0
240125,2014,R,237.0,R,2589.0,R,9.0,R,256.0,R,0.0,R,256.0,R,180.0,R,70.0,R,262.0,R,0.0,R,262.0,R,129.0,R,49.0,R,18.0
240170,2014,R,819.0,R,1550.0,R,53.0,R,588.0,R,0.0,R,588.0,R,352.0,R,60.0,R,247.0,R,0.0,R,247.0,R,143.0,R,58.0,R,11.0
240189,2014,R,2141.0,R,3195.0,R,67.0,R,2096.0,R,0.0,R,2096.0,R,1687.0,R,80.0,R,12.0,R,0.0,R,12.0,R,6.0,R,50.0,R,21.0
240198,2014,R,265.0,R,698.0,R,38.0,R,320.0,R,0.0,R,320.0,R,221.0,R,69.0,R,220.0,R,0.0,R,220.0,R,155.0,R,70.0,R,9.0
240240,2014,A,,A,,A,,R,16.0,R,0.0,R,16.0,R,15.0,R,94.0,A,,A,,A,,A,,A,,R,11.0
240268,2014,R,2096.0,R,2753.0,R,76.0,R,2014.0,R,0.0,R,2014.0,R,1659.0,R,82.0,R,3.0,R,0.0,R,3.0,R,1.0,R,33.0,R,20.0
240277,2014,R,756.0,R,2295.0,R,33.0,R,782.0,R,0.0,R,782.0,R,607.0,R,78.0,R,27.0,R,0.0,R,27.0,R,12.0,R,44.0,R,23.0
240329,2014,R,1985.0,R,2772.0,R,72.0,R,1995.0,R,0.0,R,1995.0,R,1708.0,R,86.0,R,10.0,R,0.0,R,10.0,R,6.0,R,60.0,R,19.0
240338,2014,R,220.0,R,310.0,R,71.0,R,229.0,R,0.0,R,229.0,R,161.0,R,70.0,R,0.0,Z,0.0,R,0.0,Z,0.0,A,,R,12.0
240365,2014,R,1688.0,R,5557.0,R,30.0,R,1730.0,R,0.0,R,1730.0,R,1353.0,R,78.0,R,17.0,R,0.0,R,17.0,R,11.0,R,65.0,R,22.0
240374,2014,R,577.0,R,1135.0,R,51.0,R,686.0,R,0.0,R,686.0,R,506.0,R,74.0,R,76.0,R,0.0,R,76.0,R,45.0,R,59.0,R,21.0
240392,2014,R,142.0,R,405.0,R,35.0,R,45.0,Z,0.0,R,45.0,R,15.0,R,33.0,R,18.0,Z,0.0,R,18.0,R,9.0,R,50.0,R,15.0
240417,2014,R,1453.0,R,2277.0,R,64.0,R,1561.0,R,0.0,R,1561.0,R,1184.0,R,76.0,R,12.0,R,0.0,R,12.0,R,5.0,R,42.0,R,20.0
240426,2014,R,326.0,R,697.0,R,47.0,R,318.0,R,0.0,R,318.0,R,233.0,R,73.0,R,7.0,R,0.0,R,7.0,R,3.0,R,43.0,R,16.0
240444,2014,R,6243.0,R,7947.0,R,79.0,R,6323.0,R,0.0,R,6323.0,R,6030.0,R,95.0,R,16.0,R,0.0,R,16.0,R,12.0,R,75.0,R,18.0
240453,2014,R,3374.0,R,5637.0,R,60.0,R,3201.0,R,0.0,R,3201.0,R,2246.0,R,70.0,R,102.0,R,0.0,R,102.0,R,60.0,R,59.0,R,18.0
240462,2014,R,1684.0,R,2271.0,R,74.0,R,1625.0,R,0.0,R,1625.0,R,1265.0,R,78.0,R,21.0,R,0.0,R,21.0,R,12.0,R,57.0,R,21.0
240471,2014,R,998.0,R,1632.0,R,61.0,R,1059.0,R,0.0,R,1059.0,R,802.0,R,76.0,R,12.0,R,0.0,R,12.0,R,9.0,R,75.0,R,21.0
240480,2014,R,1614.0,R,2424.0,R,67.0,R,1624.0,R,0.0,R,1624.0,R,1261.0,R,78.0,R,12.0,R,0.0,R,12.0,R,6.0,R,50.0,R,20.0
240505,2014,R,519.0,R,1233.0,R,42.0,R,616.0,R,0.0,R,616.0,R,369.0,R,60.0,R,69.0,R,0.0,R,69.0,R,25.0,R,36.0,R,12.0
240514,2014,R,215.0,R,791.0,R,27.0,R,235.0,R,0.0,R,235.0,R,111.0,R,47.0,R,74.0,R,0.0,R,74.0,R,13.0,R,18.0,R,11.0
240596,2014,R,158.0,R,414.0,R,38.0,R,229.0,R,1.0,R,228.0,R,152.0,R,67.0,R,36.0,R,0.0,R,36.0,R,13.0,R,36.0,R,17.0
240620,2014,R,347.0,R,804.0,R,43.0,R,318.0,R,0.0,R,318.0,R,181.0,R,57.0,R,120.0,R,0.0,R,120.0,R,40.0,R,33.0,R,15.0
240657,2014,R,366.0,R,456.0,R,80.0,R,372.0,R,0.0,R,372.0,R,232.0,R,62.0,R,28.0,R,0.0,R,28.0,R,8.0,R,29.0,R,12.0
240666,2014,R,421.0,R,1662.0,R,25.0,R,448.0,R,0.0,R,448.0,R,274.0,R,61.0,R,83.0,R,0.0,R,83.0,R,25.0,R,30.0,R,16.0
240693,2014,R,330.0,R,585.0,R,56.0,R,356.0,R,21.0,R,335.0,R,245.0,R,73.0,R,81.0,R,2.0,R,79.0,R,36.0,R,46.0,R,16.0
240709,2014,A,,A,,A,,R,25.0,R,0.0,R,25.0,R,13.0,R,52.0,R,10.0,R,0.0,R,10.0,R,5.0,R,50.0,R,14.0
240718,2014,A,,A,,A,,R,410.0,R,0.0,R,410.0,R,320.0,R,78.0,A,,A,,A,,A,,A,,R,25.0
240727,2014,R,1554.0,R,2625.0,R,59.0,R,1568.0,R,4.0,R,1564.0,R,1182.0,R,76.0,R,14.0,R,0.0,R,14.0,R,8.0,R,57.0,R,15.0
240736,2014,R,322.0,R,452.0,R,71.0,R,3.0,R,0.0,R,3.0,R,3.0,R,100.0,R,1.0,R,0.0,R,1.0,R,1.0,R,100.0,R,25.0
240745,2014,R,103.0,R,405.0,R,25.0,R,97.0,R,0.0,R,97.0,R,60.0,R,62.0,R,103.0,R,0.0,R,103.0,R,48.0,R,47.0,R,15.0
240754,2014,R,527.0,R,734.0,R,72.0,R,488.0,R,0.0,R,488.0,R,371.0,R,76.0,R,87.0,R,0.0,R,87.0,R,48.0,R,55.0,R,17.0
240790,2014,R,274.0,R,346.0,R,79.0,R,24.0,R,0.0,R,24.0,R,14.0,R,58.0,R,3.0,R,0.0,R,3.0,R,0.0,R,0.0,R,26.0
240879,2014,A,,A,,A,,R,153.0,R,0.0,R,153.0,R,111.0,R,73.0,A,,A,,A,,A,,A,,R,28.0
240985,2014,A,,A,,A,,R,117.0,R,0.0,R,117.0,R,71.0,R,61.0,A,,A,,A,,A,,A,,R,36.0
241100,2014,R,135.0,R,155.0,R,87.0,R,35.0,R,0.0,R,35.0,R,23.0,R,66.0,R,1.0,R,0.0,R,1.0,R,0.0,R,0.0,R,25.0
241128,2014,R,179.0,R,233.0,R,77.0,R,79.0,R,0.0,R,79.0,R,53.0,R,67.0,R,1.0,R,0.0,R,1.0,R,1.0,R,100.0,R,29.0
241146,2014,A,,A,,A,,R,328.0,R,0.0,R,328.0,R,195.0,R,59.0,A,,A,,A,,A,,A,,R,10.0
241182,2014,A,,A,,A,,R,195.0,R,0.0,R,195.0,R,158.0,R,81.0,A,,A,,A,,A,,A,,R,30.0
241191,2014,R,190.0,R,298.0,R,64.0,R,195.0,R,0.0,R,195.0,R,130.0,R,67.0,R,1.0,R,0.0,R,1.0,R,1.0,R,100.0,R,16.0
241216,2014,R,267.0,R,405.0,R,66.0,R,249.0,R,0.0,R,249.0,R,218.0,R,88.0,R,3.0,R,0.0,R,3.0,R,0.0,R,0.0,R,26.0
241225,2014,R,238.0,R,443.0,R,54.0,R,208.0,R,0.0,R,208.0,R,152.0,R,73.0,R,12.0,R,0.0,R,12.0,R,8.0,R,67.0,R,18.0
241304,2014,R,227.0,R,491.0,R,46.0,R,1.0,R,0.0,R,1.0,R,0.0,R,0.0,R,0.0,R,0.0,R,0.0,R,0.0,A,,R,19.0
241331,2014,R,30.0,R,37.0,R,81.0,R,0.0,R,0.0,R,0.0,R,0.0,A,,R,0.0,R,0.0,R,0.0,R,0.0,A,,R,20.0
241377,2014,R,267.0,R,348.0,R,77.0,R,91.0,R,0.0,R,91.0,R,66.0,R,73.0,R,5.0,R,0.0,R,5.0,R,3.0,R,60.0,R,18.0
241386,2014,R,39.0,R,92.0,R,42.0,R,7.0,R,0.0,R,7.0,R,5.0,R,71.0,R,1.0,R,0.0,R,1.0,R,0.0,R,0.0,R,13.0
241395,2014,R,84.0,R,160.0,R,53.0,R,97.0,R,0.0,R,97.0,R,70.0,R,72.0,A,,A,,A,,A,,A,,R,22.0
241410,2014,R,1000.0,R,1257.0,R,80.0,R,1076.0,R,0.0,R,1076.0,R,881.0,R,82.0,R,3.0,R,0.0,R,3.0,R,3.0,R,100.0,R,22.0
241517,2014,R,125.0,R,246.0,R,51.0,R,0.0,R,0.0,R,0.0,R,0.0,A,,A,,A,,A,,A,,A,,R,34.0
241614,2014,R,3.0,R,62.0,R,5.0,R,13.0,R,0.0,R,13.0,R,6.0,R,46.0,R,8.0,R,0.0,R,8.0,R,6.0,R,75.0,R,6.0
241720,2014,R,222.0,R,479.0,R,46.0,R,45.0,R,0.0,R,45.0,R,28.0,R,62.0,R,2.0,R,0.0,R,2.0,R,0.0,R,0.0,R,22.0
241739,2014,R,2084.0,R,2824.0,R,74.0,R,1267.0,R,0.0,R,1267.0,R,893.0,R,70.0,R,76.0,R,0.0,R,76.0,R,22.0,R,29.0,R,32.0
241766,2014,R,18.0,R,116.0,R,16.0,R,24.0,R,0.0,R,24.0,R,22.0,R,92.0,R,53.0,R,0.0,R,53.0,R,38.0,R,72.0,R,6.0
241836,2014,R,131.0,R,264.0,R,50.0,R,7.0,R,0.0,R,7.0,R,7.0,R,100.0,R,1.0,R,0.0,R,1.0,R,1.0,R,100.0,R,13.0
241906,2014,A,,A,,A,,R,109.0,R,0.0,R,109.0,R,73.0,R,67.0,A,,A,,A,,A,,A,,R,17.0
241951,2014,R,91.0,R,126.0,R,72.0,R,86.0,R,0.0,R,86.0,R,73.0,R,85.0,R,1.0,R,0.0,R,1.0,R,1.0,R,100.0,R,13.0
242042,2014,R,332.0,R,353.0,R,94.0,R,308.0,R,0.0,R,308.0,R,246.0,R,80.0,R,11.0,R,0.0,R,11.0,R,10.0,R,91.0,R,12.0
242112,2014,R,266.0,R,494.0,R,54.0,R,245.0,R,0.0,R,245.0,R,162.0,R,66.0,R,3.0,R,0.0,R,3.0,R,1.0,R,33.0,R,24.0
242121,2014,R,152.0,R,174.0,R,87.0,R,14.0,R,0.0,R,14.0,R,6.0,R,43.0,R,0.0,R,0.0,R,0.0,R,0.0,A,,R,30.0
242130,2014,R,213.0,R,270.0,R,79.0,R,151.0,R,0.0,R,151.0,R,145.0,R,96.0,R,5.0,R,0.0,R,5.0,R,0.0,R,0.0,R,24.0
242149,2014,R,181.0,R,193.0,R,94.0,R,219.0,R,0.0,R,219.0,R,36.0,R,16.0,R,6.0,R,0.0,R,6.0,R,5.0,R,83.0,R,20.0
242316,2014,A,,A,,A,,R,298.0,R,0.0,R,298.0,R,197.0,R,66.0,A,,A,,A,,A,,A,,R,18.0
242413,2014,A,,A,,A,,R,118.0,R,0.0,R,118.0,R,94.0,R,80.0,A,,A,,A,,A,,A,,R,20.0
242422,2014,A,,A,,A,,R,8287.0,R,2.0,R,8285.0,R,6492.0,R,78.0,A,,A,,A,,A,,A,,R,11.0
242556,2014,R,342.0,R,349.0,R,98.0,R,436.0,Z,0.0,R,436.0,R,177.0,R,41.0,A,,A,,A,,A,,A,,R,14.0
242565,2014,R,141.0,R,141.0,R,100.0,R,77.0,R,0.0,R,77.0,R,60.0,R,78.0,R,0.0,R,0.0,R,0.0,R,0.0,A,,R,18.0
242583,2014,R,267.0,R,309.0,R,86.0,R,259.0,R,0.0,R,259.0,R,259.0,R,100.0,R,20.0,R,0.0,R,20.0,R,13.0,R,65.0,R,11.0
242617,2014,R,972.0,R,1085.0,R,90.0,R,663.0,R,0.0,R,663.0,R,537.0,R,81.0,R,6.0,R,0.0,R,6.0,R,3.0,R,50.0,R,25.0
242626,2014,R,932.0,R,1081.0,R,86.0,R,624.0,R,0.0,R,624.0,R,473.0,R,76.0,R,6.0,R,0.0,R,6.0,R,4.0,R,67.0,R,28.0
242635,2014,R,894.0,R,1068.0,R,84.0,R,615.0,R,0.0,R,615.0,R,448.0,R,73.0,R,11.0,R,0.0,R,11.0,R,3.0,R,27.0,R,28.0
242644,2014,R,570.0,R,623.0,R,91.0,R,283.0,R,0.0,R,283.0,R,234.0,R,83.0,R,4.0,R,0.0,R,4.0,R,2.0,R,50.0,R,29.0
242653,2014,R,850.0,R,1527.0,R,56.0,R,702.0,R,0.0,R,702.0,R,516.0,R,74.0,R,22.0,R,0.0,R,22.0,R,5.0,R,23.0,R,25.0
242662,2014,R,1015.0,R,1196.0,R,85.0,R,704.0,R,0.0,R,704.0,R,532.0,R,76.0,R,3.0,R,0.0,R,3.0,R,1.0,R,33.0,R,34.0
242680,2014,R,446.0,R,508.0,R,88.0,R,323.0,R,0.0,R,323.0,R,237.0,R,73.0,R,1.0,R,0.0,R,1.0,R,0.0,R,0.0,R,29.0
242699,2014,R,337.0,R,429.0,R,79.0,R,225.0,R,0.0,R,225.0,R,161.0,R,72.0,R,6.0,R,0.0,R,6.0,R,2.0,R,33.0,R,22.0
242705,2014,R,1079.0,R,1232.0,R,88.0,R,781.0,R,0.0,R,781.0,R,581.0,R,74.0,R,8.0,R,0.0,R,8.0,R,3.0,R,38.0,R,28.0
242750,2014,A,,A,,A,,R,57.0,R,0.0,R,57.0,R,48.0,R,84.0,R,0.0,R,0.0,R,0.0,R,0.0,A,,R,12.0
242820,2014,A,,A,,A,,R,591.0,R,0.0,R,591.0,R,401.0,R,68.0,A,,A,,A,,A,,A,,R,25.0
242884,2014,A,,A,,A,,R,2157.0,R,2.0,R,2155.0,R,1285.0,R,60.0,A,,A,,A,,A,,A,,R,18.0
242945,2014,A,,A,,A,,R,180.0,R,0.0,R,180.0,R,145.0,R,81.0,R,44.0,R,0.0,R,44.0,R,31.0,R,70.0,R,22.0
242954,2014,A,,A,,A,,R,63.0,R,0.0,R,63.0,R,45.0,R,71.0,R,10.0,R,0.0,R,10.0,R,1.0,R,10.0,R,20.0
242972,2014,R,540.0,R,1458.0,R,37.0,R,288.0,R,0.0,R,288.0,R,172.0,R,60.0,R,78.0,R,0.0,R,78.0,R,21.0,R,27.0,R,29.0
242981,2014,R,199.0,R,349.0,R,57.0,R,50.0,R,0.0,R,50.0,R,25.0,R,50.0,R,2.0,R,0.0,R,2.0,R,1.0,R,50.0,R,27.0
243072,2014,A,,A,,A,,R,525.0,R,0.0,R,525.0,R,350.0,R,67.0,R,21.0,R,0.0,R,21.0,R,13.0,R,62.0,R,23.0
243106,2014,R,740.0,R,779.0,R,95.0,R,542.0,R,0.0,R,542.0,R,433.0,R,80.0,A,,A,,A,,A,,A,,R,26.0
243115,2014,R,913.0,R,990.0,R,92.0,R,768.0,R,0.0,R,768.0,R,609.0,R,79.0,R,0.0,R,0.0,R,0.0,R,0.0,A,,R,22.0
243133,2014,R,1188.0,R,1322.0,R,90.0,R,840.0,R,0.0,R,840.0,R,723.0,R,86.0,R,2.0,R,0.0,R,2.0,R,1.0,R,50.0,R,23.0
243142,2014,R,901.0,R,1024.0,R,88.0,R,624.0,R,0.0,R,624.0,R,497.0,R,80.0,R,2.0,R,0.0,R,2.0,R,2.0,R,100.0,R,23.0
243151,2014,R,787.0,R,890.0,R,88.0,R,871.0,R,0.0,R,871.0,R,755.0,R,87.0,R,1.0,Z,0.0,R,1.0,R,1.0,R,100.0,R,25.0
243179,2014,R,877.0,R,1006.0,R,87.0,R,657.0,R,0.0,R,657.0,R,597.0,R,91.0,R,3.0,R,0.0,R,3.0,R,2.0,R,67.0,R,16.0
243188,2014,R,510.0,R,556.0,R,92.0,R,99.0,R,0.0,R,99.0,R,56.0,R,57.0,A,,A,,A,,A,,A,,R,18.0
243197,2014,R,2135.0,R,2407.0,R,89.0,R,1850.0,R,0.0,R,1850.0,R,1697.0,R,92.0,R,1.0,R,0.0,R,1.0,R,1.0,R,100.0,R,17.0
243203,2014,A,,A,,A,,A,,A,,A,,A,,A,,A,,A,,A,,A,,A,,R,3.0
243212,2014,R,812.0,R,888.0,R,91.0,R,531.0,R,0.0,R,531.0,R,455.0,R,86.0,R,0.0,R,0.0,R,0.0,R,0.0,A,,R,18.0
243221,2014,R,2287.0,R,2805.0,R,82.0,R,2180.0,R,0.0,R,2180.0,R,1964.0,R,90.0,R,31.0,R,0.0,R,31.0,R,22.0,R,71.0,R,16.0
243346,2014,R,2038.0,R,2892.0,R,70.0,R,895.0,R,0.0,R,895.0,R,618.0,R,69.0,R,97.0,R,0.0,R,97.0,R,31.0,R,32.0,R,33.0
243407,2014,A,,A,,A,,R,7.0,R,0.0,R,7.0,R,7.0,R,100.0,A,,A,,A,,A,,A,,R,7.0
243443,2014,R,595.0,R,1053.0,R,57.0,R,669.0,R,0.0,R,669.0,R,502.0,R,75.0,R,59.0,R,0.0,R,59.0,R,40.0,R,68.0,R,22.0
243568,2014,R,10.0,R,10.0,R,100.0,R,12.0,R,0.0,R,12.0,R,11.0,R,92.0,A,,A,,A,,A,,A,,R,20.0
243577,2014,R,411.0,R,670.0,R,61.0,R,348.0,R,0.0,R,348.0,R,273.0,R,78.0,R,16.0,R,0.0,R,16.0,R,9.0,R,56.0,R,19.0
243586,2014,R,235.0,R,373.0,R,63.0,R,170.0,R,0.0,R,170.0,R,124.0,R,73.0,A,,A,,A,,A,,A,,R,25.0
243601,2014,R,2426.0,R,3248.0,R,75.0,R,1384.0,R,0.0,R,1384.0,R,1037.0,R,75.0,R,73.0,R,0.0,R,73.0,R,14.0,R,19.0,R,40.0
243638,2014,R,431.0,R,558.0,R,77.0,R,338.0,R,0.0,R,338.0,R,200.0,R,59.0,R,143.0,R,0.0,R,143.0,R,63.0,R,44.0,R,28.0
243647,2014,R,117.0,R,168.0,R,70.0,R,181.0,R,0.0,R,181.0,R,88.0,R,49.0,R,34.0,R,0.0,R,34.0,R,13.0,R,38.0,R,10.0
243665,2014,R,355.0,R,571.0,R,62.0,R,274.0,R,0.0,R,274.0,R,206.0,R,75.0,R,31.0,R,0.0,R,31.0,R,14.0,R,45.0,R,11.0
243744,2014,R,1677.0,R,1707.0,R,98.0,R,1674.0,R,0.0,R,1674.0,R,1648.0,R,98.0,A,,A,,A,,A,,A,,R,10.0
243780,2014,R,6533.0,R,7659.0,R,85.0,R,6373.0,R,3.0,R,6370.0,R,5890.0,R,92.0,R,15.0,Z,0.0,R,15.0,R,12.0,R,80.0,R,12.0
243799,2014,A,,A,,A,,R,5.0,R,0.0,R,5.0,R,4.0,R,80.0,A,,A,,A,,A,,A,,R,8.0
243823,2014,R,9.0,R,81.0,R,11.0,R,0.0,R,0.0,R,0.0,R,0.0,A,,R,0.0,R,0.0,R,0.0,R,0.0,A,,R,16.0
243832,2014,R,93.0,R,444.0,R,21.0,R,14.0,R,0.0,R,14.0,R,10.0,R,71.0,R,3.0,R,0.0,R,3.0,R,1.0,R,33.0,R,16.0
243841,2014,R,300.0,R,329.0,R,91.0,R,361.0,R,0.0,R,361.0,R,99.0,R,27.0,R,15.0,R,0.0,R,15.0,R,4.0,R,27.0,R,22.0
244011,2014,R,79.0,R,94.0,R,84.0,R,1.0,R,0.0,R,1.0,R,0.0,R,0.0,R,1.0,R,0.0,R,1.0,R,0.0,R,0.0,R,23.0
244154,2014,R,30.0,R,35.0,R,86.0,R,0.0,R,0.0,R,0.0,R,0.0,A,,R,0.0,R,0.0,R,0.0,R,0.0,A,,R,16.0
244190,2014,R,5.0,R,21.0,R,24.0,R,1.0,R,0.0,R,1.0,R,1.0,R,100.0,R,1.0,R,0.0,R,1.0,R,0.0,R,0.0,R,9.0
244233,2014,R,29.0,R,138.0,R,21.0,R,0.0,R,0.0,R,0.0,R,0.0,A,,R,0.0,R,0.0,R,0.0,R,0.0,A,,R,10.0
244279,2014,A,,A,,A,,R,40.0,R,0.0,R,40.0,R,30.0,R,75.0,A,,A,,A,,A,,A,,R,12.0
244437,2014,R,2090.0,R,7609.0,R,27.0,R,2133.0,R,0.0,R,2133.0,R,1299.0,R,61.0,R,1277.0,R,0.0,R,1277.0,R,613.0,R,48.0,R,19.0
244446,2014,R,168.0,R,2441.0,R,7.0,R,281.0,R,0.0,R,281.0,R,157.0,R,56.0,R,415.0,R,0.0,R,415.0,R,181.0,R,44.0,R,17.0
244491,2014,A,,A,,A,,R,24.0,Z,0.0,R,24.0,R,22.0,R,92.0,A,,A,,A,,A,,A,,R,18.0
244561,2014,A,,A,,A,,A,,A,,A,,A,,A,,A,,A,,A,,A,,A,,R,15.0
244613,2014,A,,A,,A,,R,91.0,R,0.0,R,91.0,R,72.0,R,79.0,R,90.0,R,0.0,R,90.0,R,67.0,R,74.0,R,23.0
245069,2014,A,,A,,A,,R,10.0,Z,0.0,R,10.0,R,5.0,R,50.0,R,9.0,R,2.0,R,7.0,R,2.0,R,29.0,R,20.0
245281,2014,A,,A,,A,,R,6.0,Z,0.0,R,6.0,R,5.0,R,83.0,A,,A,,A,,A,,A,,R,6.0
245290,2014,A,,A,,A,,R,31.0,R,0.0,R,31.0,R,25.0,R,81.0,R,15.0,R,0.0,R,15.0,R,12.0,R,80.0,R,10.0
245342,2014,A,,A,,A,,R,0.0,R,0.0,R,0.0,R,0.0,A,,A,,A,,A,,A,,A,,R,57.0
245421,2014,R,15.0,R,54.0,R,28.0,R,15.0,R,0.0,R,15.0,R,10.0,R,67.0,A,,A,,A,,A,,A,,R,8.0
245430,2014,R,18.0,R,59.0,R,31.0,R,14.0,R,0.0,R,14.0,R,10.0,R,71.0,A,,A,,A,,A,,A,,R,10.0
245625,2014,R,273.0,R,1372.0,R,20.0,R,328.0,R,0.0,R,328.0,R,199.0,R,61.0,R,248.0,R,0.0,R,248.0,R,91.0,R,37.0,R,17.0
245652,2014,R,76.0,R,76.0,R,100.0,R,83.0,R,1.0,R,82.0,R,74.0,R,90.0,A,,A,,A,,A,,A,,R,9.0
245731,2014,A,,A,,A,,A,,A,,A,,A,,A,,A,,A,,A,,A,,A,,R,16.0
245777,2014,A,,A,,A,,R,0.0,R,0.0,R,0.0,R,0.0,A,,A,,A,,A,,A,,A,,R,16.0
245838,2014,A,,A,,A,,A,,A,,A,,A,,A,,A,,A,,A,,A,,A,,R,8.0
245847,2014,A,,A,,A,,A,,A,,A,,A,,A,,A,,A,,A,,A,,A,,R,11.0
245883,2014,A,,A,,A,,A,,A,,A,,A,,A,,A,,A,,A,,A,,A,,R,9.0
245892,2014,A,,A,,A,,A,,A,,A,,A,,A,,A,,A,,A,,A,,A,,R,6.0
245953,2014,R,110.0,R,568.0,R,19.0,R,240.0,R,0.0,R,240.0,R,109.0,R,45.0,R,15.0,R,0.0,R,15.0,R,3.0,R,20.0,R,11.0
245962,2014,A,,A,,A,,R,0.0,R,0.0,R,0.0,R,0.0,A,,A,,A,,A,,A,,A,,R,5.0
245980,2014,A,,A,,A,,R,14.0,Z,0.0,R,14.0,R,11.0,R,79.0,A,,A,,A,,A,,A,,R,14.0
245999,2014,A,,A,,A,,R,189.0,R,0.0,R,189.0,R,126.0,R,67.0,R,156.0,R,0.0,R,156.0,R,94.0,R,60.0,R,20.0
246008,2014,A,,A,,A,,R,141.0,R,0.0,R,141.0,R,94.0,R,67.0,A,,A,,A,,A,,A,,R,14.0
246017,2014,A,,A,,A,,R,80.0,R,0.0,R,80.0,R,22.0,R,28.0,R,64.0,R,0.0,R,64.0,R,24.0,R,38.0,R,7.0
246035,2014,A,,A,,A,,R,0.0,R,0.0,R,0.0,R,0.0,A,,R,0.0,R,0.0,R,0.0,R,0.0,A,,R,11.0
246071,2014,A,,A,,A,,R,20.0,Z,0.0,R,20.0,R,18.0,R,90.0,A,,A,,A,,A,,A,,R,4.0
246202,2014,A,,A,,A,,R,40.0,R,1.0,R,39.0,R,31.0,R,79.0,A,,A,,A,,A,,A,,R,26.0
246266,2014,A,,A,,A,,R,169.0,R,0.0,R,169.0,R,134.0,R,79.0,A,,A,,A,,A,,A,,R,24.0
246354,2014,R,497.0,R,1794.0,R,28.0,R,419.0,Z,0.0,R,419.0,R,260.0,R,62.0,R,931.0,Z,0.0,R,931.0,R,385.0,R,41.0,R,20.0
246406,2014,A,,A,,A,,R,38.0,R,0.0,R,38.0,R,37.0,R,97.0,A,,A,,A,,A,,A,,R,15.0
246415,2014,A,,A,,A,,R,0.0,R,0.0,R,0.0,R,0.0,A,,R,0.0,R,0.0,R,0.0,R,0.0,A,,R,12.0
246460,2014,A,,A,,A,,R,83.0,R,0.0,R,83.0,R,30.0,R,36.0,A,,A,,A,,A,,A,,R,18.0
246594,2014,A,,A,,A,,R,44.0,R,0.0,R,44.0,R,35.0,R,80.0,A,,A,,A,,A,,A,,R,16.0
246789,2014,R,11.0,R,19.0,R,58.0,R,5.0,R,0.0,R,5.0,R,4.0,R,80.0,R,0.0,R,0.0,R,0.0,R,0.0,A,,R,13.0
246813,2014,R,308.0,R,1534.0,R,20.0,R,337.0,R,0.0,R,337.0,R,179.0,R,53.0,R,561.0,R,0.0,R,561.0,R,268.0,R,48.0,R,13.0
246895,2014,A,,A,,A,,R,77.0,R,0.0,R,77.0,R,45.0,R,58.0,R,64.0,R,0.0,R,64.0,R,57.0,R,89.0,R,15.0
246974,2014,A,,A,,A,,R,70.0,R,0.0,R,70.0,R,48.0,R,69.0,R,0.0,R,0.0,R,0.0,R,0.0,A,,R,36.0
247010,2014,A,,A,,A,,R,28.0,R,0.0,R,28.0,R,26.0,R,93.0,A,,A,,A,,A,,A,,R,6.0
247047,2014,A,,A,,A,,R,15.0,R,1.0,R,14.0,R,10.0,R,71.0,A,,A,,A,,A,,A,,R,17.0
247065,2014,R,29.0,R,132.0,R,22.0,R,0.0,R,0.0,R,0.0,R,0.0,A,,R,0.0,R,0.0,R,0.0,R,0.0,A,,R,10.0
247153,2014,A,,A,,A,,R,57.0,R,0.0,R,57.0,R,26.0,R,46.0,A,,A,,A,,A,,A,,R,20.0
247162,2014,A,,A,,A,,A,,A,,A,,A,,A,,R,0.0,R,0.0,R,0.0,R,0.0,A,,R,3.0
247409,2014,A,,A,,A,,R,59.0,R,0.0,R,59.0,R,49.0,R,83.0,A,,A,,A,,A,,A,,R,16.0
247603,2014,R,508.0,R,1085.0,R,47.0,R,533.0,R,0.0,R,533.0,R,374.0,R,70.0,R,157.0,R,0.0,R,157.0,R,80.0,R,51.0,R,19.0
247649,2014,R,102.0,R,216.0,R,47.0,R,126.0,R,0.0,R,126.0,R,87.0,R,69.0,R,0.0,R,0.0,R,0.0,R,0.0,A,,R,6.0
247700,2014,R,1.0,R,181.0,R,1.0,R,2.0,R,0.0,R,2.0,R,2.0,R,100.0,R,60.0,R,0.0,R,60.0,R,20.0,R,33.0,R,13.0
247773,2014,R,19.0,R,25.0,R,76.0,R,15.0,R,0.0,R,15.0,R,15.0,R,100.0,R,0.0,R,0.0,R,0.0,R,0.0,A,,R,13.0
247825,2014,A,,A,,A,,A,,A,,A,,A,,A,,A,,A,,A,,A,,A,,R,4.0
247834,2014,R,3247.0,R,10447.0,R,31.0,R,3167.0,R,1.0,R,3166.0,R,2095.0,R,66.0,R,2167.0,R,0.0,R,2167.0,R,1120.0,R,52.0,R,26.0
247940,2014,R,523.0,R,823.0,R,64.0,R,595.0,R,1.0,R,594.0,R,308.0,R,52.0,R,179.0,R,0.0,R,179.0,R,72.0,R,40.0,R,13.0
248165,2014,A,,A,,A,,R,20.0,R,0.0,R,20.0,R,6.0,R,30.0,R,8.0,R,0.0,R,8.0,R,2.0,R,25.0,R,19.0
248192,2014,A,,A,,A,,R,12.0,R,6.0,R,6.0,R,4.0,R,67.0,R,11.0,R,0.0,R,11.0,R,11.0,R,100.0,R,8.0
248305,2014,A,,A,,A,,R,29.0,R,0.0,R,29.0,R,20.0,R,69.0,R,6.0,R,0.0,R,6.0,R,4.0,R,67.0,R,18.0
248314,2014,A,,A,,A,,R,4.0,Z,0.0,R,4.0,R,4.0,R,100.0,A,,A,,A,,A,,A,,R,20.0
248527,2014,A,,A,,A,,R,39.0,Z,0.0,R,39.0,R,28.0,R,72.0,A,,A,,A,,A,,A,,R,20.0
248606,2014,A,,A,,A,,R,68.0,R,0.0,R,68.0,R,15.0,R,22.0,R,271.0,R,1.0,R,270.0,R,117.0,R,43.0,R,15.0
248624,2014,A,,A,,A,,R,12.0,R,0.0,R,12.0,R,11.0,R,92.0,A,,A,,A,,A,,A,,R,15.0
248633,2014,A,,A,,A,,R,30.0,R,0.0,R,30.0,R,20.0,R,67.0,A,,A,,A,,A,,A,,R,10.0
248660,2014,A,,A,,A,,R,1.0,Z,0.0,R,1.0,R,1.0,R,100.0,R,1.0,Z,0.0,R,1.0,R,1.0,R,100.0,R,17.0
248703,2014,A,,A,,A,,R,95.0,Z,0.0,R,95.0,R,87.0,R,92.0,R,54.0,Z,0.0,R,54.0,R,43.0,R,80.0,R,18.0
248846,2014,R,64.0,R,103.0,R,62.0,R,66.0,R,0.0,R,66.0,R,57.0,R,86.0,R,1.0,R,0.0,R,1.0,R,1.0,R,100.0,R,15.0
248882,2014,R,2.0,R,73.0,R,3.0,R,0.0,Z,0.0,R,0.0,R,0.0,A,,R,16.0,Z,0.0,R,16.0,R,6.0,R,38.0,R,13.0
248925,2014,A,,A,,A,,R,226.0,R,0.0,R,226.0,R,165.0,R,73.0,R,53.0,R,0.0,R,53.0,R,31.0,R,58.0,R,16.0
248934,2014,R,1609.0,R,3380.0,R,48.0,R,257.0,R,1.0,R,256.0,R,143.0,R,56.0,A,,A,,A,,A,,A,,R,21.0
249140,2014,A,,A,,A,,R,150.0,R,0.0,R,150.0,R,77.0,R,51.0,A,,A,,A,,A,,A,,R,21.0
249238,2014,A,,A,,A,,R,30.0,R,0.0,R,30.0,R,28.0,R,93.0,R,15.0,R,0.0,R,15.0,R,10.0,R,67.0,R,14.0
249566,2014,A,,A,,A,,R,360.0,R,0.0,R,360.0,R,292.0,R,81.0,A,,A,,A,,A,,A,,R,5.0
249609,2014,A,,A,,A,,R,66.0,Z,0.0,R,66.0,R,39.0,R,59.0,A,,A,,A,,A,,A,,R,13.0
250027,2014,R,78.0,R,78.0,R,100.0,R,95.0,R,1.0,R,94.0,R,64.0,R,68.0,A,,A,,A,,A,,A,,R,10.0
250072,2014,A,,A,,A,,R,44.0,R,0.0,R,44.0,R,32.0,R,73.0,R,10.0,R,0.0,R,10.0,R,6.0,R,60.0,R,16.0
250285,2014,A,,A,,A,,R,63.0,Z,0.0,R,63.0,R,40.0,R,63.0,R,9.0,Z,0.0,R,9.0,R,3.0,R,33.0,R,11.0
250498,2014,A,,A,,A,,R,34.0,Z,0.0,R,34.0,R,26.0,R,76.0,A,,A,,A,,A,,A,,R,11.0
250601,2014,A,,A,,A,,R,12.0,R,0.0,R,12.0,R,7.0,R,58.0,R,0.0,R,0.0,R,0.0,R,0.0,A,,R,15.0
250744,2014,A,,A,,A,,R,92.0,R,0.0,R,92.0,R,33.0,R,36.0,A,,A,,A,,A,,A,,R,25.0
250902,2014,A,,A,,A,,R,33.0,R,4.0,R,29.0,R,18.0,R,62.0,R,33.0,R,4.0,R,29.0,R,18.0,R,62.0,R,15.0
250993,2014,A,,A,,A,,R,38.0,R,0.0,R,38.0,R,24.0,R,63.0,R,36.0,R,0.0,R,36.0,R,19.0,R,53.0,R,9.0
251075,2014,A,,A,,A,,R,68.0,R,0.0,R,68.0,R,52.0,R,76.0,A,,A,,A,,A,,A,,R,39.0
251251,2014,R,38.0,R,47.0,R,81.0,R,0.0,R,0.0,R,0.0,R,0.0,A,,R,0.0,R,0.0,R,0.0,R,0.0,A,,R,10.0
251260,2014,R,1028.0,R,1922.0,R,53.0,R,1060.0,R,0.0,R,1060.0,R,613.0,R,58.0,R,142.0,R,0.0,R,142.0,R,60.0,R,42.0,R,23.0
251312,2014,R,22.0,R,254.0,R,9.0,R,22.0,R,0.0,R,22.0,R,8.0,R,36.0,R,9.0,R,0.0,R,9.0,R,1.0,R,11.0,R,12.0
260293,2014,A,,A,,A,,R,0.0,R,0.0,R,0.0,R,0.0,A,,R,0.0,R,0.0,R,0.0,R,0.0,A,,R,24.0
260336,2014,A,,A,,A,,R,3.0,R,0.0,R,3.0,R,3.0,R,100.0,A,,A,,A,,A,,A,,R,2.0
260354,2014,A,,A,,A,,R,8.0,Z,0.0,R,8.0,R,6.0,R,75.0,Z,0.0,R,0.0,R,0.0,Z,0.0,A,,R,13.0
260363,2014,A,,A,,A,,R,0.0,R,0.0,R,0.0,R,0.0,A,,A,,A,,A,,A,,A,,R,14.0
260372,2014,R,46.0,R,140.0,R,33.0,R,37.0,R,0.0,R,37.0,R,15.0,R,41.0,R,15.0,R,0.0,R,15.0,R,6.0,R,40.0,R,20.0
260664,2014,A,,A,,A,,A,,A,,A,,A,,A,,A,,A,,A,,A,,A,,R,4.0
260691,2014,A,,A,,A,,R,325.0,R,0.0,R,325.0,R,218.0,R,67.0,A,,A,,A,,A,,A,,R,25.0
260789,2014,A,,A,,A,,R,0.0,R,0.0,R,0.0,R,0.0,A,,A,,A,,A,,A,,A,,R,17.0
260813,2014,R,1.0,R,12.0,R,8.0,R,0.0,Z,0.0,R,0.0,R,0.0,A,,A,,A,,A,,A,,A,,R,10.0
260901,2014,A,,A,,A,,R,9.0,R,0.0,R,9.0,R,3.0,R,33.0,R,1470.0,R,4.0,R,1466.0,R,357.0,R,24.0,R,27.0
260910,2014,A,,A,,A,,R,0.0,R,0.0,R,0.0,R,0.0,A,,R,0.0,R,0.0,R,0.0,R,0.0,A,,R,27.0
260929,2014,A,,A,,A,,R,19.0,R,0.0,R,19.0,R,12.0,R,63.0,R,5.0,R,0.0,R,5.0,R,3.0,R,60.0,R,15.0
260947,2014,R,3.0,R,19.0,R,16.0,R,2.0,R,0.0,R,2.0,R,1.0,R,50.0,R,1.0,R,0.0,R,1.0,R,0.0,R,0.0,R,6.0
260965,2014,A,,A,,A,,R,7.0,Z,0.0,R,7.0,R,6.0,R,86.0,A,,A,,A,,A,,A,,R,15.0
260974,2014,R,33.0,R,41.0,R,80.0,R,0.0,R,0.0,R,0.0,R,0.0,A,,R,0.0,R,0.0,R,0.0,R,0.0,A,,R,13.0
260992,2014,R,51.0,R,168.0,R,30.0,R,123.0,Z,0.0,R,123.0,R,52.0,R,42.0,R,76.0,Z,0.0,R,76.0,R,39.0,R,51.0,R,17.0
261375,2014,A,,A,,A,,R,63.0,R,0.0,R,63.0,R,56.0,R,89.0,R,26.0,R,0.0,R,26.0,R,22.0,R,85.0,R,19.0
261384,2014,A,,A,,A,,R,27.0,R,0.0,R,27.0,R,25.0,R,93.0,R,37.0,R,0.0,R,37.0,R,31.0,R,84.0,R,13.0
261393,2014,A,,A,,A,,R,39.0,R,0.0,R,39.0,R,38.0,R,97.0,R,48.0,R,0.0,R,48.0,R,46.0,R,96.0,R,17.0
261436,2014,A,,A,,A,,R,486.0,R,0.0,R,486.0,R,367.0,R,76.0,A,,A,,A,,A,,A,,R,15.0
261472,2014,R,53.0,R,57.0,R,93.0,R,0.0,R,0.0,R,0.0,R,0.0,A,,R,0.0,R,0.0,R,0.0,R,0.0,A,,R,15.0
261676,2014,A,,A,,A,,R,62.0,R,0.0,R,62.0,R,51.0,R,82.0,A,,A,,A,,A,,A,,R,22.0
261685,2014,A,,A,,A,,R,35.0,R,0.0,R,35.0,R,27.0,R,77.0,A,,A,,A,,A,,A,,R,16.0
261719,2014,A,,A,,A,,R,48.0,R,0.0,R,48.0,R,21.0,R,44.0,A,,A,,A,,A,,A,,R,32.0
261773,2014,A,,A,,A,,R,24.0,R,0.0,R,24.0,R,8.0,R,33.0,R,1.0,R,0.0,R,1.0,R,0.0,R,0.0,R,8.0
261861,2014,R,24.0,R,35.0,R,69.0,R,30.0,R,0.0,R,30.0,R,24.0,R,80.0,A,,A,,A,,A,,A,,R,21.0
261931,2014,R,22.0,R,53.0,R,42.0,R,0.0,R,0.0,R,0.0,R,0.0,A,,A,,A,,A,,A,,A,,R,14.0
262031,2014,R,1217.0,R,2272.0,R,54.0,R,1152.0,R,0.0,R,1152.0,R,698.0,R,61.0,R,397.0,R,0.0,R,397.0,R,151.0,R,38.0,R,24.0
262086,2014,R,29.0,R,1056.0,R,3.0,R,0.0,R,0.0,R,0.0,Z,0.0,A,,R,0.0,R,0.0,R,0.0,R,0.0,A,,R,15.0
262129,2014,R,236.0,R,279.0,R,85.0,R,222.0,R,0.0,R,222.0,R,177.0,R,80.0,A,,A,,A,,A,,A,,R,10.0
262165,2014,R,14.0,R,28.0,R,50.0,R,1.0,R,0.0,R,1.0,R,1.0,R,100.0,R,0.0,R,0.0,R,0.0,R,0.0,A,,R,5.0
262235,2014,A,,A,,A,,R,3.0,R,0.0,R,3.0,R,3.0,R,100.0,A,,A,,A,,A,,A,,R,20.0
262299,2014,A,,A,,A,,R,20.0,R,0.0,R,20.0,R,14.0,R,70.0,R,5.0,R,0.0,R,5.0,R,5.0,R,100.0,R,15.0
262332,2014,A,,A,,A,,R,0.0,Z,0.0,R,0.0,R,0.0,A,,A,,A,,A,,A,,A,,R,46.0
262341,2014,A,,A,,A,,R,320.0,R,0.0,R,320.0,R,290.0,R,91.0,A,,A,,A,,A,,A,,R,12.0
262369,2014,A,,A,,A,,R,106.0,R,0.0,R,106.0,R,92.0,R,87.0,A,,A,,A,,A,,A,,R,14.0
262402,2014,A,,A,,A,,A,,A,,A,,A,,A,,A,,A,,A,,A,,A,,R,6.0
262466,2014,A,,A,,A,,A,,A,,A,,A,,A,,A,,A,,A,,A,,A,,R,8.0
262509,2014,A,,A,,A,,R,81.0,Z,0.0,R,81.0,R,56.0,R,69.0,A,,A,,A,,A,,A,,R,19.0
262660,2014,A,,A,,A,,R,15.0,R,0.0,R,15.0,R,8.0,R,53.0,R,10.0,R,0.0,R,10.0,R,4.0,R,40.0,R,10.0
362700,2014,A,,A,,A,,R,30.0,R,0.0,R,30.0,R,24.0,R,80.0,R,1.0,Z,0.0,R,1.0,R,1.0,R,100.0,R,16.0
362782,2014,A,,A,,A,,A,,A,,A,,A,,A,,A,,A,,A,,A,,A,,R,14.0
363013,2014,A,,A,,A,,R,21.0,R,0.0,R,21.0,R,18.0,R,86.0,A,,A,,A,,A,,A,,R,18.0
363077,2014,A,,A,,A,,R,44.0,R,0.0,R,44.0,R,37.0,R,84.0,R,22.0,R,0.0,R,22.0,R,14.0,R,64.0,R,16.0
363147,2014,A,,A,,A,,R,5.0,R,0.0,R,5.0,R,5.0,R,100.0,R,8.0,R,0.0,R,8.0,R,7.0,R,88.0,R,15.0
363165,2014,A,,A,,A,,R,139.0,R,0.0,R,139.0,R,60.0,R,43.0,R,130.0,R,0.0,R,130.0,R,68.0,R,52.0,R,14.0
363387,2014,R,49.0,R,151.0,R,32.0,R,66.0,R,0.0,R,66.0,R,43.0,R,65.0,R,59.0,R,0.0,R,59.0,R,31.0,R,53.0,R,25.0
363439,2014,R,8.0,R,20.0,R,40.0,R,0.0,R,0.0,R,0.0,R,0.0,A,,A,,A,,A,,A,,A,,R,11.0
363590,2014,A,,A,,A,,R,58.0,R,0.0,R,58.0,R,38.0,R,66.0,A,,A,,A,,A,,A,,R,24.0
363633,2014,R,81.0,R,579.0,R,14.0,R,87.0,R,0.0,R,87.0,R,42.0,R,48.0,R,34.0,R,0.0,R,34.0,R,9.0,R,26.0,R,17.0
363679,2014,A,,A,,A,,R,50.0,Z,0.0,R,50.0,R,33.0,R,66.0,R,13.0,Z,0.0,R,13.0,R,8.0,R,62.0,R,14.0
363712,2014,R,19.0,R,36.0,R,53.0,R,18.0,R,0.0,R,18.0,R,17.0,R,94.0,A,,A,,A,,A,,A,,R,11.0
363882,2014,A,,A,,A,,R,1.0,Z,0.0,R,1.0,R,1.0,R,100.0,R,5.0,Z,0.0,R,5.0,R,5.0,R,100.0,R,14.0
363907,2014,R,106.0,R,169.0,R,63.0,R,59.0,R,0.0,R,59.0,R,45.0,R,76.0,R,0.0,R,0.0,R,0.0,R,0.0,A,,R,17.0
363916,2014,R,81.0,R,118.0,R,69.0,R,10.0,R,0.0,R,10.0,R,9.0,R,90.0,R,0.0,R,0.0,R,0.0,R,0.0,A,,R,12.0
363934,2014,A,,A,,A,,R,107.0,R,0.0,R,107.0,R,62.0,R,58.0,A,,A,,A,,A,,A,,R,14.0
364016,2014,R,695.0,R,2732.0,R,25.0,R,780.0,R,0.0,R,780.0,R,508.0,R,65.0,R,588.0,R,0.0,R,588.0,R,241.0,R,41.0,R,18.0
364025,2014,R,1110.0,R,3723.0,R,30.0,R,1269.0,R,0.0,R,1269.0,R,801.0,R,63.0,R,735.0,R,0.0,R,735.0,R,295.0,R,40.0,R,21.0
364122,2014,A,,A,,A,,A,,A,,A,,A,,A,,A,,A,,A,,A,,A,,R,2.0
364168,2014,R,84.0,R,179.0,R,47.0,R,0.0,R,0.0,R,0.0,R,0.0,A,,R,0.0,R,0.0,R,0.0,R,0.0,A,,R,11.0
364326,2014,A,,A,,A,,A,,A,,A,,A,,A,,A,,A,,A,,A,,A,,R,47.0
364335,2014,A,,A,,A,,R,108.0,Z,0.0,R,108.0,R,81.0,R,75.0,A,,A,,A,,A,,A,,R,30.0
364548,2014,A,,A,,A,,R,248.0,R,0.0,R,248.0,R,226.0,R,91.0,R,30.0,R,0.0,R,30.0,R,24.0,R,80.0,R,4.0
364575,2014,A,,A,,A,,R,24.0,R,0.0,R,24.0,R,11.0,R,46.0,A,,A,,A,,A,,A,,R,10.0
364584,2014,A,,A,,A,,R,26.0,R,0.0,R,26.0,R,18.0,R,69.0,R,6.0,Z,0.0,R,6.0,R,3.0,R,50.0,R,7.0
364627,2014,A,,A,,A,,R,67.0,R,0.0,R,67.0,R,41.0,R,61.0,R,203.0,R,0.0,R,203.0,R,129.0,R,64.0,R,10.0
364636,2014,A,,A,,A,,R,32.0,Z,0.0,R,32.0,R,17.0,R,53.0,R,0.0,Z,0.0,R,0.0,Z,0.0,A,,R,10.0
364751,2014,A,,A,,A,,A,,A,,A,,A,,A,,A,,A,,A,,A,,A,,R,26.0
364760,2014,A,,A,,A,,R,34.0,R,0.0,R,34.0,R,24.0,R,71.0,R,27.0,R,0.0,R,27.0,R,19.0,R,70.0,R,11.0
364812,2014,A,,A,,A,,R,1.0,R,0.0,R,1.0,R,1.0,R,100.0,R,27.0,R,0.0,R,27.0,R,19.0,R,70.0,R,10.0
364946,2014,A,,A,,A,,R,24.0,R,0.0,R,24.0,R,20.0,R,83.0,R,74.0,R,3.0,R,71.0,R,59.0,R,83.0,R,3.0
364955,2014,A,,A,,A,,R,126.0,R,0.0,R,126.0,R,97.0,R,77.0,A,,A,,A,,A,,A,,R,34.0
364964,2014,A,,A,,A,,R,31.0,R,0.0,R,31.0,R,28.0,R,90.0,R,42.0,R,0.0,R,42.0,R,37.0,R,88.0,R,12.0
364973,2014,A,,A,,A,,R,132.0,Z,0.0,R,132.0,R,94.0,R,71.0,A,,A,,A,,A,,A,,R,31.0
365055,2014,R,162.0,R,280.0,R,58.0,R,262.0,Z,0.0,R,262.0,R,132.0,R,50.0,R,34.0,Z,0.0,R,34.0,R,7.0,R,21.0,R,14.0
365073,2014,A,,A,,A,,R,3.0,R,0.0,R,3.0,R,1.0,R,33.0,R,7.0,R,0.0,R,7.0,R,7.0,R,100.0,R,9.0
365091,2014,A,,A,,A,,R,24.0,Z,0.0,R,24.0,R,19.0,R,79.0,A,,A,,A,,A,,A,,R,20.0
365125,2014,A,,A,,A,,R,22.0,Z,0.0,R,22.0,R,19.0,R,86.0,A,,A,,A,,A,,A,,R,13.0
365198,2014,A,,A,,A,,R,17.0,R,0.0,R,17.0,R,13.0,R,76.0,R,5.0,R,0.0,R,5.0,R,4.0,R,80.0,R,10.0
365204,2014,R,2616.0,R,2945.0,R,89.0,R,2026.0,R,0.0,R,2026.0,R,1674.0,R,83.0,A,,A,,A,,A,,A,,R,10.0
365213,2014,A,,A,,A,,R,14.0,R,0.0,R,14.0,R,9.0,R,64.0,R,65.0,R,0.0,R,65.0,R,32.0,R,49.0,R,8.0
365240,2014,A,,A,,A,,A,,A,,A,,A,,A,,A,,A,,A,,A,,A,,R,12.0
365374,2014,A,,A,,A,,R,67.0,R,0.0,R,67.0,R,54.0,R,81.0,R,60.0,R,0.0,R,60.0,R,38.0,R,63.0,R,17.0
365383,2014,A,,A,,A,,R,108.0,R,0.0,R,108.0,R,65.0,R,60.0,A,,A,,A,,A,,A,,R,8.0
365480,2014,A,,A,,A,,R,45.0,R,0.0,R,45.0,R,36.0,R,80.0,R,76.0,R,0.0,R,76.0,R,42.0,R,55.0,R,10.0
365505,2014,A,,A,,A,,R,55.0,R,0.0,R,55.0,R,44.0,R,80.0,A,,A,,A,,A,,A,,R,11.0
365569,2014,A,,A,,A,,R,13.0,R,0.0,R,13.0,R,13.0,R,100.0,R,24.0,R,0.0,R,24.0,R,20.0,R,83.0,R,13.0
365693,2014,A,,A,,A,,R,85.0,R,0.0,R,85.0,R,64.0,R,75.0,R,18.0,R,0.0,R,18.0,R,18.0,R,100.0,R,8.0
365763,2014,A,,A,,A,,R,31.0,R,0.0,R,31.0,R,31.0,R,100.0,A,,A,,A,,A,,A,,R,15.0
365824,2014,A,,A,,A,,R,62.0,R,0.0,R,62.0,R,46.0,R,74.0,A,,A,,A,,A,,A,,R,27.0
365833,2014,A,,A,,A,,R,51.0,R,0.0,R,51.0,R,41.0,R,80.0,A,,A,,A,,A,,A,,R,23.0
366003,2014,R,8.0,R,32.0,R,25.0,R,1.0,R,0.0,R,1.0,R,1.0,R,100.0,R,12.0,R,4.0,R,8.0,R,6.0,R,75.0,R,8.0
366155,2014,A,,A,,A,,R,15.0,Z,0.0,R,15.0,R,12.0,R,80.0,A,,A,,A,,A,,A,,R,25.0
366191,2014,A,,A,,A,,R,372.0,R,0.0,R,372.0,R,288.0,R,77.0,A,,A,,A,,A,,A,,R,34.0
366252,2014,R,1262.0,R,1750.0,R,72.0,R,443.0,R,1.0,R,442.0,R,334.0,R,76.0,R,2.0,R,0.0,R,2.0,R,0.0,R,0.0,R,18.0
366261,2014,R,24.0,R,56.0,R,43.0,R,39.0,R,0.0,R,39.0,R,37.0,R,95.0,A,,A,,A,,A,,A,,R,19.0
366270,2014,A,,A,,A,,R,43.0,R,0.0,R,43.0,R,23.0,R,53.0,A,,A,,A,,A,,A,,R,17.0
366289,2014,A,,A,,A,,R,4.0,R,0.0,R,4.0,R,3.0,R,75.0,A,,A,,A,,A,,A,,R,14.0
366340,2014,R,37.0,R,105.0,R,35.0,R,43.0,R,0.0,R,43.0,R,9.0,R,21.0,R,81.0,R,0.0,R,81.0,R,11.0,R,14.0,R,21.0
366395,2014,R,4598.0,R,6826.0,R,67.0,R,4603.0,R,0.0,R,4603.0,R,3089.0,R,67.0,R,842.0,R,0.0,R,842.0,R,394.0,R,47.0,R,24.0
366401,2014,R,820.0,R,2854.0,R,29.0,R,872.0,Z,0.0,R,872.0,R,673.0,R,77.0,R,777.0,Z,0.0,R,777.0,R,407.0,R,52.0,R,27.0
366438,2014,A,,A,,A,,R,28.0,R,0.0,R,28.0,R,22.0,R,79.0,R,44.0,R,0.0,R,44.0,R,34.0,R,77.0,R,15.0
366465,2014,R,119.0,R,1124.0,R,11.0,R,157.0,R,0.0,R,157.0,R,87.0,R,55.0,R,193.0,R,0.0,R,193.0,R,107.0,R,55.0,R,16.0
366535,2014,A,,A,,A,,R,171.0,Z,0.0,R,171.0,R,105.0,R,61.0,A,,A,,A,,A,,A,,R,20.0
366544,2014,A,,A,,A,,R,46.0,R,0.0,R,46.0,R,27.0,R,59.0,R,0.0,R,0.0,R,0.0,R,0.0,A,,R,24.0
366553,2014,R,107.0,R,377.0,R,28.0,R,6.0,R,0.0,R,6.0,R,2.0,R,33.0,R,0.0,R,0.0,R,0.0,R,0.0,A,,R,16.0
366571,2014,A,,A,,A,,A,,A,,A,,A,,A,,A,,A,,A,,A,,A,,R,10.0
366580,2014,R,55.0,R,64.0,R,86.0,R,0.0,R,0.0,R,0.0,R,0.0,A,,R,0.0,R,0.0,R,0.0,R,0.0,A,,R,19.0
366623,2014,A,,A,,A,,R,3.0,R,0.0,R,3.0,R,3.0,R,100.0,R,3.0,R,0.0,R,3.0,R,2.0,R,67.0,R,5.0
366632,2014,A,,A,,A,,R,20.0,R,0.0,R,20.0,R,20.0,R,100.0,A,,A,,A,,A,,A,,R,20.0
366650,2014,R,41.0,R,53.0,R,77.0,R,3.0,R,0.0,R,3.0,R,1.0,R,33.0,R,1.0,R,0.0,R,1.0,R,0.0,R,0.0,R,18.0
366678,2014,R,72.0,R,79.0,R,91.0,R,0.0,R,0.0,R,0.0,R,0.0,A,,R,0.0,R,0.0,R,0.0,R,0.0,A,,R,21.0
366696,2014,R,95.0,R,105.0,R,90.0,R,0.0,R,0.0,R,0.0,R,0.0,A,,R,0.0,R,0.0,R,0.0,R,0.0,A,,R,28.0
366711,2014,R,2127.0,R,3856.0,R,55.0,R,2100.0,Z,0.0,R,2100.0,R,1738.0,R,83.0,R,58.0,Z,0.0,R,58.0,R,39.0,R,67.0,R,26.0
366748,2014,R,22.0,R,107.0,R,21.0,R,4.0,Z,0.0,R,4.0,R,3.0,R,75.0,R,8.0,Z,0.0,R,8.0,R,3.0,R,38.0,R,16.0
366960,2014,A,,A,,A,,R,88.0,R,0.0,R,88.0,R,74.0,R,84.0,A,,A,,A,,A,,A,,R,23.0
367024,2014,A,,A,,A,,R,1.0,R,0.0,R,1.0,R,0.0,R,0.0,R,2.0,R,0.0,R,2.0,R,1.0,R,50.0,R,27.0
367051,2014,A,,A,,A,,R,19.0,R,0.0,R,19.0,R,18.0,R,95.0,R,27.0,R,0.0,R,27.0,R,25.0,R,93.0,R,15.0
367088,2014,A,,A,,A,,R,25.0,R,1.0,R,24.0,R,16.0,R,67.0,A,,A,,A,,A,,A,,R,16.0
367097,2014,R,70.0,R,70.0,R,100.0,R,47.0,R,1.0,R,46.0,R,36.0,R,78.0,A,,A,,A,,A,,A,,R,21.0
367103,2014,R,18.0,R,18.0,R,100.0,R,14.0,Z,0.0,R,14.0,R,9.0,R,64.0,A,,A,,A,,A,,A,,R,12.0
367112,2014,R,113.0,R,222.0,R,51.0,R,107.0,R,0.0,R,107.0,R,51.0,R,48.0,R,18.0,Z,0.0,R,18.0,R,6.0,R,33.0,R,16.0
367130,2014,A,,A,,A,,R,30.0,R,0.0,R,30.0,R,24.0,R,80.0,R,9.0,R,0.0,R,9.0,R,9.0,R,100.0,R,18.0
367158,2014,A,,A,,A,,R,17.0,R,0.0,R,17.0,R,15.0,R,88.0,A,,A,,A,,A,,A,,R,27.0
367194,2014,R,86.0,R,142.0,R,61.0,R,61.0,R,0.0,R,61.0,R,42.0,R,69.0,R,4.0,R,0.0,R,4.0,R,1.0,R,25.0,R,7.0
367334,2014,A,,A,,A,,A,,A,,A,,A,,A,,A,,A,,A,,A,,A,,R,9.0
367361,2014,A,,A,,A,,R,12.0,Z,0.0,R,12.0,R,8.0,R,67.0,A,,A,,A,,A,,A,,R,12.0
367398,2014,A,,A,,A,,R,226.0,R,0.0,R,226.0,R,190.0,R,84.0,R,144.0,R,0.0,R,144.0,R,106.0,R,74.0,R,24.0
367431,2014,A,,A,,A,,R,23.0,R,0.0,R,23.0,R,18.0,R,78.0,A,,A,,A,,A,,A,,R,13.0
367459,2014,R,953.0,R,2278.0,R,42.0,R,952.0,R,0.0,R,952.0,R,534.0,R,56.0,R,607.0,R,0.0,R,607.0,R,275.0,R,45.0,R,18.0
367662,2014,A,,A,,A,,R,6.0,R,0.0,R,6.0,R,4.0,R,67.0,R,45.0,R,0.0,R,45.0,R,31.0,R,69.0,R,18.0
367839,2014,R,24.0,R,40.0,R,60.0,R,32.0,Z,0.0,R,32.0,R,24.0,R,75.0,R,3.0,Z,0.0,R,3.0,R,2.0,R,67.0,R,10.0
367875,2014,A,,A,,A,,R,87.0,R,0.0,R,87.0,R,46.0,R,53.0,A,,A,,A,,A,,A,,R,12.0
367884,2014,R,108.0,R,411.0,R,26.0,R,55.0,R,0.0,R,55.0,R,33.0,R,60.0,R,9.0,R,0.0,R,9.0,R,8.0,R,89.0,R,15.0
367909,2014,A,,A,,A,,R,0.0,R,0.0,R,0.0,R,0.0,A,,R,0.0,R,0.0,R,0.0,R,0.0,A,,R,20.0
367936,2014,R,19.0,R,109.0,R,17.0,R,12.0,Z,0.0,R,12.0,R,5.0,R,42.0,R,23.0,Z,0.0,R,23.0,R,6.0,R,26.0,R,9.0
367972,2014,A,,A,,A,,R,30.0,R,0.0,R,30.0,R,26.0,R,87.0,A,,A,,A,,A,,A,,R,22.0
367981,2014,A,,A,,A,,R,5.0,R,0.0,R,5.0,R,5.0,R,100.0,R,2.0,R,0.0,R,2.0,R,2.0,R,100.0,R,17.0
368036,2014,A,,A,,A,,A,,A,,A,,A,,A,,A,,A,,A,,A,,A,,R,24.0
368230,2014,A,,A,,A,,R,57.0,R,0.0,R,57.0,R,36.0,R,63.0,R,8.0,R,0.0,R,8.0,R,6.0,R,75.0,R,19.0
368364,2014,A,,A,,A,,R,52.0,R,0.0,R,52.0,R,19.0,R,37.0,R,25.0,R,0.0,R,25.0,R,9.0,R,36.0,R,18.0
368407,2014,A,,A,,A,,R,20.0,R,0.0,R,20.0,R,12.0,R,60.0,R,5.0,R,0.0,R,5.0,R,3.0,R,60.0,R,11.0
368443,2014,R,27.0,R,72.0,R,38.0,R,1.0,R,0.0,R,1.0,R,1.0,R,100.0,R,0.0,R,0.0,R,0.0,R,0.0,A,,R,20.0
368452,2014,R,56.0,R,76.0,R,74.0,R,38.0,Z,0.0,R,38.0,R,25.0,R,66.0,A,,A,,A,,A,,A,,R,9.0
368540,2014,A,,A,,A,,R,8.0,R,0.0,R,8.0,R,7.0,R,88.0,A,,A,,A,,A,,A,,R,15.0
368601,2014,R,118.0,R,141.0,R,84.0,R,1.0,R,0.0,R,1.0,R,1.0,R,100.0,R,0.0,R,0.0,R,0.0,R,0.0,A,,R,23.0
368629,2014,A,,A,,A,,R,228.0,R,0.0,R,228.0,R,150.0,R,66.0,A,,A,,A,,A,,A,,R,25.0
368647,2014,A,,A,,A,,R,0.0,R,0.0,R,0.0,R,0.0,A,,A,,A,,A,,A,,A,,R,7.0
368771,2014,A,,A,,A,,A,,A,,A,,A,,A,,A,,A,,A,,A,,A,,R,35.0
368780,2014,A,,A,,A,,R,124.0,R,0.0,R,124.0,R,68.0,R,55.0,A,,A,,A,,A,,A,,R,18.0
368805,2014,A,,A,,A,,R,51.0,R,0.0,R,51.0,R,28.0,R,55.0,A,,A,,A,,A,,A,,R,30.0
368832,2014,A,,A,,A,,R,7.0,R,0.0,R,7.0,R,6.0,R,86.0,R,5.0,R,0.0,R,5.0,R,5.0,R,100.0,R,20.0
368911,2014,R,96.0,R,727.0,R,13.0,R,99.0,R,0.0,R,99.0,R,55.0,R,56.0,R,188.0,R,0.0,R,188.0,R,95.0,R,51.0,R,11.0
369084,2014,R,29.0,R,46.0,R,63.0,R,0.0,R,0.0,R,0.0,R,0.0,A,,R,0.0,R,0.0,R,0.0,R,0.0,A,,R,12.0
369109,2014,A,,A,,A,,R,24.0,R,0.0,R,24.0,R,17.0,R,71.0,R,2.0,Z,0.0,R,2.0,R,2.0,R,100.0,R,5.0
369400,2014,A,,A,,A,,R,646.0,R,3.0,R,643.0,R,447.0,R,70.0,A,,A,,A,,A,,A,,R,29.0
369419,2014,A,,A,,A,,R,703.0,R,0.0,R,703.0,R,703.0,R,100.0,A,,A,,A,,A,,A,,R,9.0
369446,2014,A,,A,,A,,R,7.0,R,0.0,R,7.0,R,3.0,R,43.0,R,3.0,R,0.0,R,3.0,R,1.0,R,33.0,R,13.0
369455,2014,A,,A,,A,,A,,A,,A,,A,,A,,A,,A,,A,,A,,A,,R,16.0
369516,2014,A,,A,,A,,R,0.0,R,0.0,R,0.0,R,0.0,A,,A,,A,,A,,A,,A,,R,7.0
369668,2014,A,,A,,A,,R,176.0,R,0.0,R,176.0,R,152.0,R,86.0,A,,A,,A,,A,,A,,R,10.0
369686,2014,A,,A,,A,,R,95.0,R,0.0,R,95.0,R,70.0,R,74.0,A,,A,,A,,A,,A,,R,22.0
369695,2014,A,,A,,A,,R,31.0,Z,0.0,R,31.0,R,27.0,R,87.0,A,,A,,A,,A,,A,,R,32.0
369783,2014,A,,A,,A,,R,100.0,R,0.0,R,100.0,R,82.0,R,82.0,A,,A,,A,,A,,A,,R,25.0
369792,2014,A,,A,,A,,A,,A,,A,,A,,A,,A,,A,,A,,A,,A,,R,9.0
369862,2014,R,80.0,R,180.0,R,44.0,R,62.0,Z,0.0,R,62.0,R,24.0,R,39.0,R,35.0,Z,0.0,R,35.0,R,10.0,R,29.0,R,17.0
369905,2014,R,19.0,R,92.0,R,21.0,R,0.0,R,0.0,R,0.0,R,0.0,A,,R,0.0,R,0.0,R,0.0,R,0.0,A,,R,8.0
369950,2014,A,,A,,A,,A,,A,,A,,A,,A,,A,,A,,A,,A,,A,,R,10.0
371034,2014,A,,A,,A,,R,16.0,R,0.0,R,16.0,R,10.0,R,63.0,A,,A,,A,,A,,A,,R,15.0
371052,2014,A,,A,,A,,R,59.0,Z,0.0,R,59.0,R,24.0,R,41.0,A,,A,,A,,A,,A,,R,22.0
371140,2014,A,,A,,A,,R,14.0,Z,0.0,R,14.0,R,10.0,R,71.0,R,5.0,R,0.0,R,5.0,R,4.0,R,80.0,R,5.0
371265,2014,A,,A,,A,,R,136.0,R,0.0,R,136.0,R,104.0,R,76.0,A,,A,,A,,A,,A,,R,30.0
371690,2014,A,,A,,A,,R,407.0,R,0.0,R,407.0,R,73.0,R,18.0,R,107.0,R,20.0,R,87.0,R,9.0,R,10.0,R,30.0
371760,2014,R,69.0,R,149.0,R,46.0,R,114.0,R,0.0,R,114.0,R,73.0,R,64.0,R,54.0,R,0.0,R,54.0,R,23.0,R,43.0,R,22.0
371779,2014,R,52.0,R,146.0,R,36.0,R,75.0,R,0.0,R,75.0,R,47.0,R,63.0,R,59.0,R,0.0,R,59.0,R,30.0,R,51.0,R,27.0
371830,2014,A,,A,,A,,R,17.0,R,0.0,R,17.0,R,3.0,R,18.0,R,10.0,R,0.0,R,10.0,R,1.0,R,10.0,R,25.0
371928,2014,A,,A,,A,,R,37.0,R,0.0,R,37.0,R,32.0,R,86.0,A,,A,,A,,A,,A,,R,14.0
371964,2014,A,,A,,A,,A,,A,,A,,A,,A,,A,,A,,A,,A,,A,,R,20.0
371982,2014,A,,A,,A,,R,71.0,R,0.0,R,71.0,R,52.0,R,73.0,R,0.0,R,0.0,R,0.0,R,0.0,A,,R,30.0
372000,2014,A,,A,,A,,R,17.0,R,0.0,R,17.0,R,15.0,R,88.0,R,10.0,R,0.0,R,10.0,R,8.0,R,80.0,R,20.0
372028,2014,A,,A,,A,,R,50.0,R,0.0,R,50.0,R,40.0,R,80.0,A,,A,,A,,A,,A,,R,37.0
372037,2014,A,,A,,A,,R,140.0,R,0.0,R,140.0,R,91.0,R,65.0,R,2.0,R,0.0,R,2.0,R,0.0,R,0.0,R,28.0
372073,2014,A,,A,,A,,R,0.0,R,0.0,R,0.0,R,0.0,A,,A,,A,,A,,A,,A,,R,19.0
372082,2014,A,,A,,A,,R,32.0,R,0.0,R,32.0,R,18.0,R,56.0,R,12.0,R,0.0,R,12.0,R,4.0,R,33.0,R,25.0
372240,2014,A,,A,,A,,R,14.0,R,0.0,R,14.0,R,7.0,R,50.0,A,,A,,A,,A,,A,,R,15.0
372329,2014,R,309.0,R,309.0,R,100.0,R,232.0,R,0.0,R,232.0,R,208.0,R,90.0,A,,A,,A,,A,,A,,R,7.0
372356,2014,A,,A,,A,,R,13.0,R,0.0,R,13.0,R,9.0,R,69.0,A,,A,,A,,A,,A,,R,12.0
372462,2014,A,,A,,A,,R,10.0,R,0.0,R,10.0,R,8.0,R,80.0,A,,A,,A,,A,,A,,R,13.0
372578,2014,R,62.0,R,93.0,R,67.0,R,0.0,R,0.0,R,0.0,R,0.0,A,,R,0.0,R,0.0,R,0.0,R,0.0,A,,R,10.0
372718,2014,A,,A,,A,,R,13.0,R,0.0,R,13.0,R,13.0,R,100.0,R,3.0,R,0.0,R,3.0,R,3.0,R,100.0,R,12.0
372772,2014,A,,A,,A,,R,70.0,R,0.0,R,70.0,R,39.0,R,56.0,A,,A,,A,,A,,A,,R,19.0
372921,2014,A,,A,,A,,R,118.0,Z,0.0,R,118.0,R,69.0,R,58.0,A,,A,,A,,A,,A,,R,18.0
372958,2014,A,,A,,A,,R,10.0,Z,0.0,R,10.0,R,6.0,R,60.0,A,,A,,A,,A,,A,,R,17.0
373058,2014,A,,A,,A,,R,60.0,R,0.0,R,60.0,R,30.0,R,50.0,A,,A,,A,,A,,A,,R,29.0
373085,2014,R,71.0,R,97.0,R,73.0,R,62.0,Z,0.0,R,62.0,R,30.0,R,48.0,A,,A,,A,,A,,A,,R,12.0
373216,2014,A,,A,,A,,R,122.0,Z,0.0,R,122.0,R,111.0,R,91.0,A,,A,,A,,A,,A,,R,16.0
373456,2014,A,,A,,A,,R,12.0,R,0.0,R,12.0,R,12.0,R,100.0,R,3.0,R,0.0,R,3.0,R,3.0,R,100.0,R,6.0
373526,2014,A,,A,,A,,A,,A,,A,,A,,A,,A,,A,,A,,A,,A,,R,7.0
373605,2014,A,,A,,A,,R,18.0,R,1.0,R,17.0,R,2.0,R,12.0,A,,A,,A,,A,,A,,R,10.0
373678,2014,A,,A,,A,,R,30.0,R,0.0,R,30.0,R,26.0,R,87.0,R,20.0,R,0.0,R,20.0,R,11.0,R,55.0,R,17.0
373696,2014,A,,A,,A,,R,64.0,R,0.0,R,64.0,R,46.0,R,72.0,A,,A,,A,,A,,A,,R,13.0
373711,2014,A,,A,,A,,R,11.0,R,0.0,R,11.0,R,9.0,R,82.0,R,0.0,R,0.0,R,0.0,R,0.0,A,,R,11.0
373784,2014,A,,A,,A,,R,200.0,Z,0.0,R,200.0,R,123.0,R,62.0,A,,A,,A,,A,,A,,R,25.0
373890,2014,A,,A,,A,,A,,A,,A,,A,,A,,A,,A,,A,,A,,A,,R,34.0
374316,2014,A,,A,,A,,R,4.0,R,0.0,R,4.0,R,3.0,R,75.0,R,3.0,R,0.0,R,3.0,R,2.0,R,67.0,R,10.0
374343,2014,A,,A,,A,,R,25.0,Z,0.0,R,25.0,R,23.0,R,92.0,A,,A,,A,,A,,A,,R,16.0
374440,2014,A,,A,,A,,R,1.0,Z,0.0,R,1.0,R,0.0,R,0.0,A,,A,,A,,A,,A,,R,10.0
374574,2014,A,,A,,A,,R,101.0,R,0.0,R,101.0,R,81.0,R,80.0,R,53.0,R,0.0,R,53.0,R,37.0,R,70.0,R,18.0
374592,2014,A,,A,,A,,R,96.0,R,0.0,R,96.0,R,65.0,R,68.0,A,,A,,A,,A,,A,,R,17.0
374875,2014,A,,A,,A,,R,187.0,R,1.0,R,186.0,R,131.0,R,70.0,A,,A,,A,,A,,A,,R,20.0
374927,2014,A,,A,,A,,R,21.0,R,0.0,R,21.0,R,18.0,R,86.0,R,12.0,R,0.0,R,12.0,R,9.0,R,75.0,R,7.0
374972,2014,R,42.0,R,148.0,R,28.0,R,1.0,R,0.0,R,1.0,R,1.0,R,100.0,R,0.0,R,0.0,R,0.0,R,0.0,A,,R,20.0
374990,2014,A,,A,,A,,R,18.0,R,0.0,R,18.0,R,11.0,R,61.0,R,5.0,R,0.0,R,5.0,R,4.0,R,80.0,R,20.0
375106,2014,A,,A,,A,,A,,A,,A,,A,,A,,A,,A,,A,,A,,A,,R,15.0
375230,2014,R,9.0,R,37.0,R,24.0,R,10.0,R,0.0,R,10.0,R,9.0,R,90.0,A,,A,,A,,A,,A,,R,24.0
375300,2014,A,,A,,A,,R,64.0,R,0.0,R,64.0,R,47.0,R,73.0,A,,A,,A,,A,,A,,R,7.0
375319,2014,A,,A,,A,,R,29.0,R,0.0,R,29.0,R,21.0,R,72.0,A,,A,,A,,A,,A,,R,8.0
375373,2014,A,,A,,A,,R,151.0,R,0.0,R,151.0,R,142.0,R,94.0,A,,A,,A,,A,,A,,R,13.0
375407,2014,A,,A,,A,,R,33.0,Z,0.0,R,33.0,R,27.0,R,82.0,R,8.0,Z,0.0,R,8.0,R,8.0,R,100.0,R,12.0
375416,2014,A,,A,,A,,R,160.0,Z,0.0,R,160.0,R,95.0,R,59.0,A,,A,,A,,A,,A,,R,14.0
375489,2014,R,70.0,R,103.0,R,68.0,R,1.0,Z,0.0,R,1.0,Z,0.0,R,0.0,A,,A,,A,,A,,A,,R,8.0
375540,2014,A,,A,,A,,R,18.0,R,0.0,R,18.0,R,15.0,R,83.0,R,38.0,R,0.0,R,38.0,R,25.0,R,66.0,R,25.0
375568,2014,A,,A,,A,,R,4.0,R,0.0,R,4.0,R,4.0,R,100.0,R,3.0,R,0.0,R,3.0,R,3.0,R,100.0,R,15.0
375647,2014,A,,A,,A,,R,28.0,R,0.0,R,28.0,R,17.0,R,61.0,A,,A,,A,,A,,A,,R,5.0
375656,2014,A,,A,,A,,R,36.0,R,0.0,R,36.0,R,8.0,R,22.0,R,18.0,R,0.0,R,18.0,R,1.0,R,6.0,R,12.0
375683,2014,A,,A,,A,,R,67.0,R,0.0,R,67.0,R,66.0,R,99.0,R,659.0,R,0.0,R,659.0,R,648.0,R,98.0,R,18.0
375692,2014,A,,A,,A,,R,8.0,R,0.0,R,8.0,R,7.0,R,88.0,R,7.0,R,0.0,R,7.0,R,6.0,R,86.0,R,6.0
375708,2014,A,,A,,A,,R,36.0,R,0.0,R,36.0,R,20.0,R,56.0,R,137.0,R,0.0,R,137.0,R,95.0,R,69.0,R,24.0
375717,2014,A,,A,,A,,R,22.0,R,0.0,R,22.0,R,18.0,R,82.0,R,7.0,R,0.0,R,7.0,R,6.0,R,86.0,R,15.0
375726,2014,A,,A,,A,,R,48.0,R,0.0,R,48.0,R,26.0,R,54.0,R,58.0,R,0.0,R,58.0,R,30.0,R,52.0,R,4.0
375735,2014,A,,A,,A,,R,36.0,Z,0.0,R,36.0,R,7.0,R,19.0,R,26.0,Z,0.0,R,26.0,R,5.0,R,19.0,R,9.0
375744,2014,A,,A,,A,,R,4.0,R,0.0,R,4.0,R,3.0,R,75.0,R,16.0,R,0.0,R,16.0,R,15.0,R,94.0,R,8.0
375753,2014,A,,A,,A,,R,21.0,Z,0.0,R,21.0,R,14.0,R,67.0,R,0.0,Z,0.0,R,0.0,Z,0.0,A,,R,15.0
375762,2014,A,,A,,A,,R,15.0,R,0.0,R,15.0,R,11.0,R,73.0,R,6.0,R,0.0,R,6.0,R,3.0,R,50.0,R,11.0
375841,2014,A,,A,,A,,R,88.0,Z,0.0,R,88.0,R,65.0,R,74.0,A,,A,,A,,A,,A,,R,29.0
375939,2014,A,,A,,A,,R,123.0,R,0.0,R,123.0,R,83.0,R,67.0,A,,A,,A,,A,,A,,R,15.0
375966,2014,A,,A,,A,,R,8.0,R,0.0,R,8.0,R,7.0,R,88.0,R,3.0,R,0.0,R,3.0,R,3.0,R,100.0,R,20.0
375984,2014,A,,A,,A,,R,105.0,R,0.0,R,105.0,R,46.0,R,44.0,R,7.0,R,0.0,R,7.0,R,2.0,R,29.0,R,29.0
376224,2014,R,134.0,R,216.0,R,62.0,R,21.0,R,1.0,R,20.0,R,14.0,R,70.0,A,,A,,A,,A,,A,,R,34.0
376242,2014,A,,A,,A,,R,30.0,Z,0.0,R,30.0,R,23.0,R,77.0,A,,A,,A,,A,,A,,R,15.0
376288,2014,A,,A,,A,,R,58.0,R,0.0,R,58.0,R,38.0,R,66.0,A,,A,,A,,A,,A,,R,8.0
376321,2014,R,434.0,R,1148.0,R,38.0,R,313.0,R,0.0,R,313.0,R,172.0,R,55.0,R,104.0,R,0.0,R,104.0,R,14.0,R,13.0,R,22.0
376330,2014,A,,A,,A,,R,35.0,R,0.0,R,35.0,R,31.0,R,89.0,A,,A,,A,,A,,A,,R,15.0
376385,2014,A,,A,,A,,R,1.0,R,0.0,R,1.0,R,0.0,R,0.0,R,1.0,R,0.0,R,1.0,R,0.0,R,0.0,R,28.0
376446,2014,A,,A,,A,,R,6.0,R,0.0,R,6.0,R,5.0,R,83.0,R,2.0,Z,0.0,R,2.0,R,2.0,R,100.0,R,10.0
376631,2014,A,,A,,A,,R,16.0,R,0.0,R,16.0,R,13.0,R,81.0,R,4.0,R,0.0,R,4.0,R,3.0,R,75.0,R,18.0
376668,2014,A,,A,,A,,R,14.0,R,1.0,R,13.0,R,7.0,R,54.0,R,9.0,R,1.0,R,8.0,R,5.0,R,63.0,R,22.0
376677,2014,A,,A,,A,,R,16.0,R,0.0,R,16.0,R,10.0,R,63.0,A,,A,,A,,A,,A,,R,8.0
376695,2014,R,331.0,R,348.0,R,95.0,R,238.0,R,1.0,R,237.0,R,124.0,R,52.0,R,28.0,R,0.0,R,28.0,R,9.0,R,32.0,R,16.0
376950,2014,A,,A,,A,,R,4.0,Z,0.0,R,4.0,R,3.0,R,75.0,A,,A,,A,,A,,A,,R,2.0
376987,2014,A,,A,,A,,R,92.0,Z,0.0,R,92.0,R,63.0,R,68.0,A,,A,,A,,A,,A,,R,15.0
377069,2014,R,60.0,R,64.0,R,94.0,R,0.0,R,0.0,R,0.0,R,0.0,A,,R,0.0,R,0.0,R,0.0,R,0.0,A,,R,21.0
377111,2014,A,,A,,A,,R,120.0,Z,0.0,R,120.0,R,93.0,R,78.0,A,,A,,A,,A,,A,,R,17.0
377193,2014,A,,A,,A,,R,0.0,R,0.0,R,0.0,R,0.0,A,,R,1.0,R,0.0,R,1.0,R,1.0,R,100.0,R,7.0
377218,2014,A,,A,,A,,R,21.0,R,0.0,R,21.0,R,18.0,R,86.0,A,,A,,A,,A,,A,,R,17.0
377272,2014,A,,A,,A,,R,54.0,R,0.0,R,54.0,R,45.0,R,83.0,A,,A,,A,,A,,A,,R,11.0
377281,2014,A,,A,,A,,R,65.0,R,0.0,R,65.0,R,50.0,R,77.0,A,,A,,A,,A,,A,,R,12.0
377315,2014,A,,A,,A,,R,30.0,R,0.0,R,30.0,R,22.0,R,73.0,A,,A,,A,,A,,A,,R,8.0
377342,2014,A,,A,,A,,R,0.0,R,0.0,R,0.0,R,0.0,A,,A,,A,,A,,A,,A,,R,15.0
377449,2014,R,42.0,R,53.0,R,79.0,R,24.0,R,0.0,R,24.0,R,16.0,R,67.0,R,15.0,R,0.0,R,15.0,R,5.0,R,33.0,R,10.0
377458,2014,R,27.0,R,47.0,R,57.0,R,40.0,Z,0.0,R,40.0,R,26.0,R,65.0,R,23.0,Z,0.0,R,23.0,R,15.0,R,65.0,R,15.0
377485,2014,A,,A,,A,,R,14.0,R,0.0,R,14.0,R,8.0,R,57.0,R,1.0,R,0.0,R,1.0,R,1.0,R,100.0,R,9.0
377546,2014,R,25.0,R,34.0,R,74.0,R,33.0,R,0.0,R,33.0,R,22.0,R,67.0,R,0.0,R,0.0,R,0.0,R,0.0,A,,R,14.0
377555,2014,R,621.0,R,1441.0,R,43.0,R,554.0,R,0.0,R,554.0,R,460.0,R,83.0,R,16.0,R,0.0,R,16.0,R,13.0,R,81.0,R,19.0
377564,2014,R,415.0,R,1317.0,R,32.0,R,392.0,R,0.0,R,392.0,R,280.0,R,71.0,R,18.0,R,0.0,R,18.0,R,10.0,R,56.0,R,16.0
377652,2014,A,,A,,A,,R,151.0,R,0.0,R,151.0,R,105.0,R,70.0,A,,A,,A,,A,,A,,R,24.0
377661,2014,A,,A,,A,,R,35.0,R,0.0,R,35.0,R,27.0,R,77.0,A,,A,,A,,A,,A,,R,26.0
377670,2014,A,,A,,A,,R,50.0,R,0.0,R,50.0,R,30.0,R,60.0,A,,A,,A,,A,,A,,R,20.0
377722,2014,A,,A,,A,,R,75.0,R,0.0,R,75.0,R,65.0,R,87.0,A,,A,,A,,A,,A,,R,13.0
377759,2014,A,,A,,A,,R,20.0,R,0.0,R,20.0,R,4.0,R,20.0,A,,A,,A,,A,,A,,R,10.0
378105,2014,A,,A,,A,,A,,A,,A,,A,,A,,A,,A,,A,,A,,A,,R,28.0
378406,2014,R,49.0,R,55.0,R,89.0,R,0.0,R,0.0,R,0.0,R,0.0,A,,R,0.0,R,0.0,R,0.0,R,0.0,A,,R,28.0
378576,2014,R,7.0,R,38.0,R,18.0,R,0.0,R,0.0,R,0.0,R,0.0,A,,R,0.0,R,0.0,R,0.0,R,0.0,A,,R,15.0
378886,2014,A,,A,,A,,R,12.0,R,0.0,R,12.0,R,9.0,R,75.0,R,7.0,R,0.0,R,7.0,R,5.0,R,71.0,R,17.0
378956,2014,A,,A,,A,,R,99.0,R,0.0,R,99.0,R,63.0,R,64.0,A,,A,,A,,A,,A,,R,11.0
379135,2014,A,,A,,A,,R,34.0,Z,0.0,R,34.0,R,18.0,R,53.0,R,6.0,Z,0.0,R,6.0,R,5.0,R,83.0,R,23.0
379621,2014,A,,A,,A,,R,19.0,R,1.0,R,18.0,R,16.0,R,89.0,A,,A,,A,,A,,A,,R,11.0
379746,2014,A,,A,,A,,A,,A,,A,,A,,A,,A,,A,,A,,A,,A,,R,20.0
379782,2014,A,,A,,A,,R,0.0,R,0.0,R,0.0,R,0.0,A,,A,,A,,A,,A,,A,,R,15.0
380067,2014,A,,A,,A,,R,103.0,R,0.0,R,103.0,R,89.0,R,86.0,A,,A,,A,,A,,A,,R,20.0
380094,2014,A,,A,,A,,R,135.0,Z,0.0,R,135.0,R,93.0,R,69.0,A,,A,,A,,A,,A,,R,17.0
380359,2014,R,84.0,R,194.0,R,43.0,R,92.0,Z,0.0,R,92.0,R,62.0,R,67.0,R,41.0,R,1.0,R,40.0,R,15.0,R,38.0,R,15.0
380368,2014,R,152.0,R,1157.0,R,13.0,R,168.0,R,0.0,R,168.0,R,82.0,R,49.0,R,22.0,R,0.0,R,22.0,R,8.0,R,36.0,R,29.0
380377,2014,R,68.0,R,112.0,R,61.0,R,29.0,R,0.0,R,29.0,R,16.0,R,55.0,R,6.0,R,0.0,R,6.0,R,1.0,R,17.0,R,13.0
380401,2014,A,,A,,A,,R,19.0,R,0.0,R,19.0,R,8.0,R,42.0,R,0.0,R,0.0,R,0.0,R,0.0,A,,R,13.0
380438,2014,R,90.0,R,186.0,R,48.0,R,59.0,R,1.0,R,58.0,R,47.0,R,81.0,R,56.0,R,0.0,R,56.0,R,31.0,R,55.0,R,12.0
380456,2014,A,,A,,A,,R,21.0,Z,0.0,R,21.0,R,16.0,R,76.0,R,2.0,Z,0.0,R,2.0,R,2.0,R,100.0,R,15.0
380465,2014,A,,A,,A,,R,13.0,R,0.0,R,13.0,R,4.0,R,31.0,A,,A,,A,,A,,A,,R,15.0
380474,2014,A,,A,,A,,R,78.0,R,0.0,R,78.0,R,49.0,R,63.0,R,52.0,Z,0.0,R,52.0,R,39.0,R,75.0,R,25.0
381255,2014,A,,A,,A,,R,35.0,Z,0.0,R,35.0,R,34.0,R,97.0,R,20.0,Z,0.0,R,20.0,R,14.0,R,70.0,R,15.0
381282,2014,A,,A,,A,,R,34.0,Z,0.0,R,34.0,R,25.0,R,74.0,A,,A,,A,,A,,A,,R,20.0
381325,2014,A,,A,,A,,R,36.0,Z,0.0,R,36.0,R,28.0,R,78.0,R,9.0,Z,0.0,R,9.0,R,6.0,R,67.0,R,15.0
381361,2014,A,,A,,A,,R,14.0,R,0.0,R,14.0,R,12.0,R,86.0,A,,A,,A,,A,,A,,R,5.0
381370,2014,A,,A,,A,,R,90.0,R,0.0,R,90.0,R,71.0,R,79.0,R,25.0,R,0.0,R,25.0,R,19.0,R,76.0,R,12.0
381404,2014,A,,A,,A,,R,124.0,Z,0.0,R,124.0,R,107.0,R,86.0,R,91.0,R,0.0,R,91.0,R,81.0,R,89.0,R,18.0
381486,2014,A,,A,,A,,R,6.0,Z,0.0,R,6.0,R,6.0,R,100.0,A,,A,,A,,A,,A,,R,5.0
381529,2014,A,,A,,A,,R,26.0,Z,0.0,R,26.0,R,17.0,R,65.0,R,3.0,Z,0.0,R,3.0,R,2.0,R,67.0,R,13.0
381617,2014,R,65.0,R,190.0,R,34.0,R,9.0,Z,0.0,R,9.0,R,3.0,R,33.0,R,5.0,Z,0.0,R,5.0,R,2.0,R,40.0,R,19.0
381635,2014,A,,A,,A,,R,24.0,R,0.0,R,24.0,R,23.0,R,96.0,R,8.0,R,0.0,R,8.0,R,8.0,R,100.0,R,10.0
381644,2014,A,,A,,A,,R,46.0,R,0.0,R,46.0,R,28.0,R,61.0,A,,A,,A,,A,,A,,R,25.0
381699,2014,A,,A,,A,,R,18.0,R,0.0,R,18.0,R,9.0,R,50.0,R,10.0,R,0.0,R,10.0,R,5.0,R,50.0,R,11.0
381705,2014,A,,A,,A,,R,21.0,R,0.0,R,21.0,R,11.0,R,52.0,R,12.0,R,0.0,R,12.0,R,6.0,R,50.0,R,12.0
381732,2014,R,17.0,R,120.0,R,14.0,R,35.0,R,1.0,R,34.0,R,25.0,R,74.0,R,3.0,R,0.0,R,3.0,R,1.0,R,33.0,R,16.0
381750,2014,A,,A,,A,,R,15.0,R,0.0,R,15.0,R,9.0,R,60.0,R,5.0,R,0.0,R,5.0,R,4.0,R,80.0,A,
381787,2014,R,24.0,R,32.0,R,75.0,R,0.0,R,0.0,R,0.0,R,0.0,A,,R,0.0,R,0.0,R,0.0,R,0.0,A,,R,14.0
381866,2014,A,,A,,A,,A,,A,,A,,A,,A,,A,,A,,A,,A,,A,,R,16.0
381909,2014,R,70.0,R,85.0,R,82.0,R,0.0,R,0.0,R,0.0,R,0.0,A,,R,0.0,R,0.0,R,0.0,R,0.0,A,,R,31.0
381945,2014,A,,A,,A,,R,138.0,R,0.0,R,138.0,R,116.0,R,84.0,A,,A,,A,,A,,A,,R,15.0
382063,2014,A,,A,,A,,R,3.0,R,0.0,R,3.0,R,2.0,R,67.0,A,,A,,A,,A,,A,,R,10.0
382258,2014,A,,A,,A,,R,28.0,R,0.0,R,28.0,R,28.0,R,100.0,R,62.0,R,0.0,R,62.0,R,37.0,R,60.0,R,7.0
382267,2014,A,,A,,A,,R,9.0,R,0.0,R,9.0,R,7.0,R,78.0,R,1.0,R,0.0,R,1.0,R,0.0,R,0.0,R,25.0
382276,2014,A,,A,,A,,R,125.0,R,0.0,R,125.0,R,97.0,R,78.0,R,27.0,R,0.0,R,27.0,R,18.0,R,67.0,R,21.0
382416,2014,A,,A,,A,,R,7.0,R,0.0,R,7.0,R,6.0,R,86.0,A,,A,,A,,A,,A,,R,10.0
382461,2014,A,,A,,A,,R,6.0,R,0.0,R,6.0,R,4.0,R,67.0,R,1.0,R,0.0,R,1.0,R,1.0,R,100.0,R,12.0
382504,2014,R,161.0,R,230.0,R,70.0,R,210.0,R,0.0,R,210.0,R,169.0,R,80.0,A,,A,,A,,A,,A,,R,30.0
382771,2014,R,100.0,R,179.0,R,56.0,R,109.0,Z,0.0,R,109.0,R,56.0,R,51.0,R,42.0,Z,0.0,R,42.0,R,8.0,R,19.0,R,16.0
382780,2014,A,,A,,A,,R,45.0,R,0.0,R,45.0,R,30.0,R,67.0,A,,A,,A,,A,,A,,R,12.0
382896,2014,A,,A,,A,,R,89.0,R,0.0,R,89.0,R,60.0,R,67.0,A,,A,,A,,A,,A,,R,30.0
382902,2014,A,,A,,A,,R,34.0,R,0.0,R,34.0,R,23.0,R,68.0,A,,A,,A,,A,,A,,R,13.0
382911,2014,R,26.0,R,32.0,R,81.0,R,47.0,Z,0.0,R,47.0,R,26.0,R,55.0,R,4.0,Z,0.0,R,4.0,R,0.0,R,0.0,R,9.0
382957,2014,A,,A,,A,,R,90.0,Z,0.0,R,90.0,R,46.0,R,51.0,A,,A,,A,,A,,A,,R,17.0
383020,2014,A,,A,,A,,A,,A,,A,,A,,A,,A,,A,,A,,A,,A,,R,6.0
383084,2014,A,,A,,A,,R,942.0,R,0.0,R,942.0,R,169.0,R,18.0,R,1409.0,R,0.0,R,1409.0,R,349.0,R,25.0,R,40.0
383163,2014,A,,A,,A,,R,8.0,Z,0.0,R,8.0,R,7.0,R,88.0,R,76.0,Z,0.0,R,76.0,R,68.0,R,89.0,R,20.0
383172,2014,A,,A,,A,,A,,A,,A,,A,,A,,A,,A,,A,,A,,A,,R,16.0
383190,2014,R,395.0,R,1267.0,R,31.0,R,452.0,R,0.0,R,452.0,R,232.0,R,51.0,R,258.0,R,0.0,R,258.0,R,96.0,R,37.0,R,16.0
383251,2014,A,,A,,A,,R,24.0,R,0.0,R,24.0,R,10.0,R,42.0,A,,A,,A,,A,,A,,R,14.0
383279,2014,A,,A,,A,,R,15.0,R,0.0,R,15.0,R,10.0,R,67.0,R,6.0,R,0.0,R,6.0,R,1.0,R,17.0,R,10.0
383297,2014,A,,A,,A,,R,79.0,R,1.0,R,78.0,R,69.0,R,88.0,R,15.0,R,0.0,R,15.0,R,15.0,R,100.0,R,11.0
383312,2014,A,,A,,A,,R,82.0,R,0.0,R,82.0,R,75.0,R,91.0,A,,A,,A,,A,,A,,R,10.0
383330,2014,A,,A,,A,,R,45.0,R,0.0,R,45.0,R,39.0,R,87.0,R,15.0,R,0.0,R,15.0,R,14.0,R,93.0,R,3.0
383367,2014,A,,A,,A,,R,113.0,R,0.0,R,113.0,R,87.0,R,77.0,R,28.0,R,0.0,R,28.0,R,27.0,R,96.0,R,5.0
383400,2014,A,,A,,A,,A,,A,,A,,A,,A,,A,,A,,A,,A,,A,,R,8.0
383464,2014,A,,A,,A,,R,93.0,R,0.0,R,93.0,R,55.0,R,59.0,A,,A,,A,,A,,A,,R,15.0
383507,2014,A,,A,,A,,N,3.0,N,0.0,N,3.0,N,3.0,N,100.0,N,0.0,N,0.0,N,0.0,N,0.0,A,,N,3.0
383525,2014,A,,A,,A,,R,17.0,R,0.0,R,17.0,R,13.0,R,76.0,A,,A,,A,,A,,A,,R,10.0
383765,2014,A,,A,,A,,R,29.0,R,0.0,R,29.0,R,23.0,R,79.0,R,0.0,R,0.0,R,0.0,R,0.0,A,,R,17.0
383792,2014,A,,A,,A,,R,123.0,Z,0.0,R,123.0,R,103.0,R,84.0,A,,A,,A,,A,,A,,R,24.0
383899,2014,A,,A,,A,,R,624.0,R,0.0,R,624.0,R,344.0,R,55.0,R,135.0,R,0.0,R,135.0,R,67.0,R,50.0,R,29.0
383950,2014,R,84.0,R,86.0,R,98.0,R,84.0,R,2.0,R,82.0,R,33.0,R,40.0,R,1.0,R,0.0,R,1.0,R,1.0,R,100.0,R,9.0
383996,2014,R,52.0,R,140.0,R,37.0,R,69.0,R,0.0,R,69.0,R,31.0,R,45.0,R,17.0,R,0.0,R,17.0,R,9.0,R,53.0,R,14.0
384254,2014,R,52.0,R,87.0,R,60.0,R,41.0,R,0.0,R,41.0,R,33.0,R,80.0,R,0.0,R,0.0,R,0.0,R,0.0,A,,R,11.0
384333,2014,R,865.0,R,2836.0,R,31.0,R,855.0,R,0.0,R,855.0,R,562.0,R,66.0,R,781.0,Z,0.0,R,781.0,R,312.0,R,40.0,R,19.0
384342,2014,R,566.0,R,1893.0,R,30.0,R,511.0,R,8.0,R,503.0,R,277.0,R,55.0,R,272.0,R,14.0,R,258.0,R,105.0,R,41.0,R,19.0
384412,2014,R,8.0,R,22.0,R,36.0,R,12.0,Z,0.0,R,12.0,R,8.0,R,67.0,A,,A,,A,,A,,A,,R,12.0
384421,2014,R,19.0,R,25.0,R,76.0,R,32.0,R,0.0,R,32.0,R,25.0,R,78.0,A,,A,,A,,A,,A,,R,18.0
385008,2014,A,,A,,A,,R,53.0,Z,0.0,R,53.0,R,44.0,R,83.0,A,,A,,A,,A,,A,,R,23.0
385132,2014,A,,A,,A,,R,87.0,R,0.0,R,87.0,R,78.0,R,90.0,R,3.0,R,0.0,R,3.0,R,2.0,R,67.0,R,11.0
385503,2014,A,,A,,A,,R,61.0,Z,0.0,R,61.0,R,38.0,R,62.0,A,,A,,A,,A,,A,,R,17.0
385549,2014,A,,A,,A,,R,47.0,Z,0.0,R,47.0,R,24.0,R,51.0,A,,A,,A,,A,,A,,R,9.0
385619,2014,R,53.0,R,287.0,R,18.0,R,53.0,R,0.0,R,53.0,R,40.0,R,75.0,A,,A,,A,,A,,A,,R,7.0
386153,2014,A,,A,,A,,R,143.0,R,0.0,R,143.0,R,131.0,R,92.0,R,114.0,R,0.0,R,114.0,R,54.0,R,47.0,R,18.0
386472,2014,R,8.0,R,65.0,R,12.0,R,4.0,Z,0.0,R,4.0,R,2.0,R,50.0,R,0.0,Z,0.0,R,0.0,Z,0.0,A,,R,12.0
387660,2014,A,,A,,A,,R,1.0,R,0.0,R,1.0,R,1.0,R,100.0,A,,A,,A,,A,,A,,R,5.0
387819,2014,A,,A,,A,,R,49.0,R,1.0,R,48.0,R,31.0,R,65.0,R,10.0,R,0.0,R,10.0,R,6.0,R,60.0,R,6.0
387925,2014,A,,A,,A,,R,84.0,R,0.0,R,84.0,R,52.0,R,62.0,A,,A,,A,,A,,A,,R,25.0
388043,2014,R,12.0,R,98.0,R,12.0,R,43.0,R,0.0,R,43.0,R,13.0,R,30.0,R,3.0,R,0.0,R,3.0,R,0.0,R,0.0,R,10.0
388520,2014,R,10.0,R,101.0,R,10.0,R,6.0,R,0.0,R,6.0,R,3.0,R,50.0,R,6.0,R,0.0,R,6.0,R,1.0,R,17.0,R,13.0
388663,2014,A,,A,,A,,R,42.0,R,1.0,R,41.0,R,30.0,R,73.0,A,,A,,A,,A,,A,,R,12.0
389727,2014,R,59.0,R,75.0,R,79.0,R,21.0,R,0.0,R,21.0,R,11.0,R,52.0,R,8.0,R,0.0,R,8.0,R,4.0,R,50.0,R,11.0
389860,2014,A,,A,,A,,R,133.0,R,0.0,R,133.0,R,102.0,R,77.0,R,47.0,R,0.0,R,47.0,R,43.0,R,91.0,R,5.0
390701,2014,A,,A,,A,,R,3.0,R,0.0,R,3.0,R,0.0,R,0.0,R,4.0,R,0.0,R,4.0,R,2.0,R,50.0,R,24.0
390905,2014,A,,A,,A,,R,246.0,R,0.0,R,246.0,R,236.0,R,96.0,A,,A,,A,,A,,A,,R,20.0
391005,2014,A,,A,,A,,R,15.0,R,0.0,R,15.0,R,11.0,R,73.0,A,,A,,A,,A,,A,,R,20.0
391333,2014,A,,A,,A,,R,9.0,R,0.0,R,9.0,R,5.0,R,56.0,A,,A,,A,,A,,A,,R,10.0
391546,2014,A,,A,,A,,R,3.0,R,0.0,R,3.0,R,1.0,R,33.0,R,27.0,R,0.0,R,27.0,R,5.0,R,19.0,R,10.0
391564,2014,A,,A,,A,,A,,A,,A,,A,,A,,A,,A,,A,,A,,A,,R,19.0
391759,2014,A,,A,,A,,R,1.0,R,0.0,R,1.0,R,1.0,R,100.0,R,10.0,R,0.0,R,10.0,R,7.0,R,70.0,R,13.0
392257,2014,A,,A,,A,,R,802.0,R,0.0,R,802.0,R,609.0,R,76.0,A,,A,,A,,A,,A,,R,17.0
392354,2014,A,,A,,A,,R,1.0,R,0.0,R,1.0,R,1.0,R,100.0,A,,A,,A,,A,,A,,R,2.0
392415,2014,A,,A,,A,,R,58.0,Z,0.0,R,58.0,R,39.0,R,67.0,A,,A,,A,,A,,A,,R,25.0
392798,2014,A,,A,,A,,R,2.0,Z,0.0,R,2.0,R,1.0,R,50.0,R,4.0,Z,0.0,R,4.0,R,2.0,R,50.0,R,3.0
392840,2014,R,49.0,R,95.0,R,52.0,R,53.0,R,0.0,R,53.0,R,30.0,R,57.0,R,5.0,R,0.0,R,5.0,R,0.0,R,0.0,R,8.0
393180,2014,A,,A,,A,,R,138.0,R,12.0,R,126.0,R,92.0,R,73.0,A,,A,,A,,A,,A,,R,13.0
393524,2014,A,,A,,A,,R,48.0,R,0.0,R,48.0,R,41.0,R,85.0,A,,A,,A,,A,,A,,R,18.0
393649,2014,A,,A,,A,,R,444.0,R,0.0,R,444.0,R,312.0,R,70.0,A,,A,,A,,A,,A,,R,30.0
393861,2014,A,,A,,A,,R,44.0,R,0.0,R,44.0,R,42.0,R,95.0,R,10.0,R,0.0,R,10.0,R,10.0,R,100.0,R,20.0
393977,2014,A,,A,,A,,R,7.0,Z,0.0,R,7.0,R,7.0,R,100.0,A,,A,,A,,A,,A,,R,16.0
395195,2014,A,,A,,A,,R,50.0,R,0.0,R,50.0,R,22.0,R,44.0,A,,A,,A,,A,,A,,R,15.0
395362,2014,R,179.0,R,535.0,R,33.0,R,155.0,Z,0.0,R,155.0,R,83.0,R,54.0,R,145.0,Z,0.0,R,145.0,R,56.0,R,39.0,R,15.0
395690,2014,A,,A,,A,,A,,A,,A,,A,,A,,A,,A,,A,,A,,A,,R,20.0
397270,2014,A,,A,,A,,R,1.0,R,0.0,R,1.0,R,1.0,R,100.0,A,,A,,A,,A,,A,,R,10.0
397942,2014,A,,A,,A,,R,347.0,R,0.0,R,347.0,R,254.0,R,73.0,A,,A,,A,,A,,A,,R,30.0
398130,2014,R,31.0,R,66.0,R,47.0,R,53.0,R,0.0,R,53.0,R,32.0,R,60.0,R,10.0,R,0.0,R,10.0,R,8.0,R,80.0,R,18.0
398574,2014,A,,A,,A,,R,252.0,R,1.0,R,251.0,R,176.0,R,70.0,A,,A,,A,,A,,A,,R,24.0
399212,2014,R,1124.0,R,3600.0,R,31.0,R,1084.0,Z,0.0,R,1084.0,R,834.0,R,77.0,R,1120.0,Z,0.0,R,1120.0,R,537.0,R,48.0,R,38.0
399869,2014,A,,A,,A,,R,50.0,R,2.0,R,48.0,R,36.0,R,75.0,A,,A,,A,,A,,A,,R,19.0
399911,2014,R,100.0,R,100.0,R,100.0,R,112.0,Z,0.0,R,112.0,R,107.0,R,96.0,A,,A,,A,,A,,A,,R,9.0
400080,2014,A,,A,,A,,R,941.0,R,0.0,R,941.0,R,341.0,R,36.0,A,,A,,A,,A,,A,,R,14.0
400187,2014,A,,A,,A,,R,154.0,R,0.0,R,154.0,R,143.0,R,93.0,R,49.0,R,0.0,R,49.0,R,44.0,R,90.0,R,25.0
401223,2014,R,5.0,R,34.0,R,15.0,R,2.0,R,0.0,R,2.0,R,2.0,R,100.0,R,3.0,R,0.0,R,3.0,R,3.0,R,100.0,R,7.0
401339,2014,A,,A,,A,,R,57.0,R,0.0,R,57.0,R,33.0,R,58.0,A,,A,,A,,A,,A,,R,32.0
401481,2014,A,,A,,A,,R,8.0,R,0.0,R,8.0,R,7.0,R,88.0,R,12.0,R,0.0,R,12.0,R,9.0,R,75.0,R,9.0
401764,2014,A,,A,,A,,R,83.0,R,0.0,R,83.0,R,73.0,R,88.0,R,34.0,R,0.0,R,34.0,R,32.0,R,94.0,R,20.0
402563,2014,A,,A,,A,,R,19.0,R,0.0,R,19.0,R,14.0,R,74.0,A,,A,,A,,A,,A,,R,12.0
402615,2014,A,,A,,A,,A,,A,,A,,A,,A,,A,,A,,A,,A,,A,,R,6.0
402776,2014,R,17.0,R,25.0,R,68.0,R,13.0,R,0.0,R,13.0,R,12.0,R,92.0,R,10.0,R,0.0,R,10.0,R,8.0,R,80.0,R,8.0
402800,2014,A,,A,,A,,R,18.0,R,0.0,R,18.0,R,17.0,R,94.0,R,4.0,R,0.0,R,4.0,R,2.0,R,50.0,R,17.0
403414,2014,A,,A,,A,,R,3.0,R,0.0,R,3.0,R,3.0,R,100.0,R,3.0,Z,0.0,R,3.0,R,2.0,R,67.0,R,7.0
403469,2014,R,60.0,R,770.0,R,8.0,R,69.0,R,2.0,R,67.0,R,46.0,R,69.0,R,27.0,R,5.0,R,22.0,R,12.0,R,55.0,R,23.0
403478,2014,R,158.0,R,439.0,R,36.0,R,160.0,R,2.0,R,158.0,R,102.0,R,65.0,R,14.0,R,1.0,R,13.0,R,5.0,R,38.0,R,17.0
403487,2014,R,205.0,R,821.0,R,25.0,R,269.0,R,9.0,R,260.0,R,174.0,R,67.0,R,95.0,R,1.0,R,94.0,R,13.0,R,14.0,R,34.0
404037,2014,A,,A,,A,,A,,A,,A,,A,,A,,A,,A,,A,,A,,A,,R,18.0
404055,2014,A,,A,,A,,R,80.0,Z,0.0,R,80.0,R,40.0,R,50.0,A,,A,,A,,A,,A,,R,22.0
404073,2014,R,134.0,R,588.0,R,23.0,R,11.0,Z,0.0,R,11.0,R,5.0,R,45.0,R,8.0,Z,0.0,R,8.0,R,4.0,R,50.0,R,22.0
404082,2014,R,328.0,R,875.0,R,37.0,R,41.0,Z,0.0,R,41.0,R,18.0,R,44.0,R,12.0,Z,0.0,R,12.0,R,1.0,R,8.0,R,25.0
404338,2014,R,11.0,R,11.0,R,100.0,R,3.0,R,0.0,R,3.0,R,2.0,R,67.0,A,,A,,A,,A,,A,,R,8.0
404365,2014,A,,A,,A,,R,44.0,R,0.0,R,44.0,R,24.0,R,55.0,A,,A,,A,,A,,A,,R,37.0
404374,2014,A,,A,,A,,R,51.0,R,0.0,R,51.0,R,20.0,R,39.0,A,,A,,A,,A,,A,,R,35.0
404383,2014,A,,A,,A,,R,101.0,R,0.0,R,101.0,R,48.0,R,48.0,A,,A,,A,,A,,A,,R,21.0
404426,2014,R,376.0,R,1398.0,R,27.0,R,288.0,R,0.0,R,288.0,R,143.0,R,50.0,R,359.0,R,0.0,R,359.0,R,121.0,R,34.0,R,27.0
404499,2014,A,,A,,A,,R,103.0,Z,0.0,R,103.0,R,78.0,R,76.0,A,,A,,A,,A,,A,,R,21.0
404505,2014,A,,A,,A,,R,53.0,Z,0.0,R,53.0,R,37.0,R,70.0,A,,A,,A,,A,,A,,R,18.0
404514,2014,A,,A,,A,,R,63.0,Z,0.0,R,63.0,R,50.0,R,79.0,A,,A,,A,,A,,A,,R,21.0
404648,2014,R,145.0,R,363.0,R,40.0,R,10.0,Z,0.0,R,10.0,R,4.0,R,40.0,R,2.0,Z,0.0,R,2.0,R,0.0,R,0.0,R,18.0
404684,2014,A,,A,,A,,R,189.0,R,0.0,R,189.0,R,150.0,R,79.0,A,,A,,A,,A,,A,,R,16.0
404718,2014,A,,A,,A,,R,33.0,R,0.0,R,33.0,R,24.0,R,73.0,A,,A,,A,,A,,A,,R,29.0
404806,2014,R,65.0,R,118.0,R,55.0,R,0.0,R,0.0,R,0.0,R,0.0,A,,R,0.0,R,0.0,R,0.0,R,0.0,A,,R,16.0
404912,2014,A,,A,,A,,R,321.0,R,0.0,R,321.0,R,236.0,R,74.0,A,,A,,A,,A,,A,,R,25.0
404994,2014,R,1289.0,R,1584.0,R,81.0,R,1291.0,R,4.0,R,1287.0,R,517.0,R,40.0,R,5.0,R,0.0,R,5.0,R,2.0,R,40.0,R,20.0
405012,2014,A,,A,,A,,R,60.0,R,0.0,R,60.0,R,50.0,R,83.0,A,,A,,A,,A,,A,,R,23.0
405021,2014,A,,A,,A,,R,19.0,R,0.0,R,19.0,R,15.0,R,79.0,A,,A,,A,,A,,A,,R,20.0
405058,2014,R,49.0,R,52.0,R,94.0,R,42.0,R,0.0,R,42.0,R,33.0,R,79.0,A,,A,,A,,A,,A,,R,22.0
405076,2014,A,,A,,A,,R,271.0,R,0.0,R,271.0,R,127.0,R,47.0,A,,A,,A,,A,,A,,R,30.0
405748,2014,A,,A,,A,,R,7.0,R,0.0,R,7.0,R,5.0,R,71.0,R,5.0,Z,0.0,R,5.0,R,2.0,R,40.0,R,5.0
405854,2014,R,50.0,R,75.0,R,67.0,R,15.0,R,0.0,R,15.0,R,8.0,R,53.0,A,,A,,A,,A,,A,,R,16.0
405872,2014,R,497.0,R,988.0,R,50.0,R,513.0,R,0.0,R,513.0,R,366.0,R,71.0,R,220.0,R,0.0,R,220.0,R,132.0,R,60.0,R,15.0
405997,2014,A,,A,,A,,R,63.0,R,0.0,R,63.0,R,31.0,R,49.0,A,,A,,A,,A,,A,,R,13.0
406024,2014,A,,A,,A,,R,39.0,Z,0.0,R,39.0,R,23.0,R,59.0,R,0.0,R,0.0,R,0.0,R,0.0,A,,R,11.0
406033,2014,A,,A,,A,,R,82.0,R,0.0,R,82.0,R,58.0,R,71.0,R,0.0,R,0.0,R,0.0,R,0.0,A,,R,12.0
406149,2014,A,,A,,A,,A,,A,,A,,A,,A,,A,,A,,A,,A,,A,,R,7.0
406194,2014,R,12.0,R,13.0,R,92.0,R,4.0,R,0.0,R,4.0,R,2.0,R,50.0,R,1.0,R,0.0,R,1.0,R,0.0,R,0.0,R,12.0
406200,2014,R,604.0,R,604.0,R,100.0,R,673.0,R,0.0,R,673.0,R,477.0,R,71.0,A,,A,,A,,A,,A,,R,14.0
406219,2014,A,,A,,A,,A,,A,,A,,A,,A,,A,,A,,A,,A,,A,,R,2.0
406325,2014,A,,A,,A,,R,16.0,R,0.0,R,16.0,R,12.0,R,75.0,R,0.0,R,0.0,R,0.0,R,0.0,A,,R,7.0
406361,2014,A,,A,,A,,R,4.0,Z,0.0,R,4.0,R,2.0,R,50.0,A,,A,,A,,A,,A,,R,9.0
406413,2014,A,,A,,A,,R,43.0,R,0.0,R,43.0,R,32.0,R,74.0,A,,A,,A,,A,,A,,R,18.0
406422,2014,A,,A,,A,,R,30.0,R,0.0,R,30.0,R,20.0,R,67.0,A,,A,,A,,A,,A,,R,10.0
406486,2014,A,,A,,A,,A,,A,,A,,A,,A,,A,,A,,A,,A,,A,,R,5.0
406495,2014,A,,A,,A,,R,114.0,R,0.0,R,114.0,R,81.0,R,71.0,R,28.0,R,0.0,R,28.0,R,19.0,R,68.0,R,20.0
406547,2014,R,45.0,R,136.0,R,33.0,R,0.0,R,0.0,R,0.0,R,0.0,A,,R,0.0,R,0.0,R,0.0,R,0.0,A,,R,20.0
407009,2014,R,339.0,R,897.0,R,38.0,R,267.0,R,4.0,R,263.0,R,227.0,R,86.0,R,4.0,R,0.0,R,4.0,R,1.0,R,25.0,R,13.0
407054,2014,A,,A,,A,,A,,A,,A,,A,,A,,A,,A,,A,,A,,A,,R,15.0
407063,2014,R,85.0,R,114.0,R,75.0,R,0.0,R,0.0,R,0.0,R,0.0,A,,R,0.0,R,0.0,R,0.0,R,0.0,A,,R,15.0
407090,2014,A,,A,,A,,R,0.0,R,0.0,R,0.0,R,0.0,A,,R,2.0,Z,0.0,R,2.0,R,2.0,R,100.0,R,11.0
407142,2014,A,,A,,A,,R,11.0,R,0.0,R,11.0,R,11.0,R,100.0,A,,A,,A,,A,,A,,R,20.0
407151,2014,A,,A,,A,,R,22.0,Z,0.0,R,22.0,R,15.0,R,68.0,A,,A,,A,,A,,A,,R,20.0
407179,2014,A,,A,,A,,R,55.0,R,0.0,R,55.0,R,44.0,R,80.0,R,8.0,R,0.0,R,8.0,R,5.0,R,63.0,R,17.0
407285,2014,R,2.0,R,37.0,R,5.0,R,2.0,R,0.0,R,2.0,R,1.0,R,50.0,R,0.0,R,0.0,R,0.0,R,0.0,A,,R,9.0
407319,2014,R,33.0,R,48.0,R,69.0,R,0.0,R,0.0,R,0.0,R,0.0,A,,R,0.0,R,0.0,R,0.0,R,0.0,A,,R,13.0
407328,2014,R,36.0,R,45.0,R,80.0,R,38.0,R,0.0,R,38.0,R,27.0,R,71.0,R,2.0,R,0.0,R,2.0,R,1.0,R,50.0,R,12.0
407355,2014,A,,A,,A,,R,31.0,R,0.0,R,31.0,R,27.0,R,87.0,A,,A,,A,,A,,A,,R,18.0
407391,2014,A,,A,,A,,R,9.0,R,0.0,R,9.0,R,8.0,R,89.0,R,3.0,R,0.0,R,3.0,R,1.0,R,33.0,R,13.0
407407,2014,A,,A,,A,,R,32.0,R,0.0,R,32.0,R,31.0,R,97.0,R,8.0,R,0.0,R,8.0,R,6.0,R,75.0,R,13.0
407425,2014,A,,A,,A,,R,21.0,R,0.0,R,21.0,R,19.0,R,90.0,R,6.0,R,0.0,R,6.0,R,5.0,R,83.0,R,11.0
407434,2014,A,,A,,A,,R,66.0,R,0.0,R,66.0,R,52.0,R,79.0,R,31.0,R,0.0,R,31.0,R,19.0,R,61.0,R,7.0
407452,2014,A,,A,,A,,R,52.0,R,0.0,R,52.0,R,49.0,R,94.0,A,,A,,A,,A,,A,,R,4.0
407461,2014,A,,A,,A,,R,91.0,R,0.0,R,91.0,R,74.0,R,81.0,A,,A,,A,,A,,A,,R,12.0
407470,2014,A,,A,,A,,R,71.0,R,0.0,R,71.0,R,47.0,R,66.0,R,28.0,R,0.0,R,28.0,R,18.0,R,64.0,R,15.0
407489,2014,A,,A,,A,,R,18.0,R,0.0,R,18.0,R,15.0,R,83.0,R,13.0,R,0.0,R,13.0,R,11.0,R,85.0,R,3.0
407513,2014,A,,A,,A,,R,113.0,R,0.0,R,113.0,R,93.0,R,82.0,R,64.0,R,0.0,R,64.0,R,58.0,R,91.0,R,11.0
407522,2014,A,,A,,A,,A,,A,,A,,A,,A,,A,,A,,A,,A,,A,,R,11.0
407568,2014,A,,A,,A,,R,10.0,R,0.0,R,10.0,R,9.0,R,90.0,R,4.0,R,0.0,R,4.0,R,4.0,R,100.0,R,19.0
407577,2014,A,,A,,A,,R,244.0,R,0.0,R,244.0,R,153.0,R,63.0,R,29.0,R,0.0,R,29.0,R,17.0,R,59.0,R,20.0
407595,2014,A,,A,,A,,R,115.0,R,0.0,R,115.0,R,86.0,R,75.0,A,,A,,A,,A,,A,,R,12.0
407601,2014,A,,A,,A,,R,2.0,R,0.0,R,2.0,R,0.0,R,0.0,R,4.0,R,0.0,R,4.0,R,0.0,R,0.0,R,5.0
407683,2014,A,,A,,A,,R,13.0,R,0.0,R,13.0,R,10.0,R,77.0,R,16.0,R,0.0,R,16.0,R,15.0,R,94.0,R,16.0
407708,2014,A,,A,,A,,R,42.0,R,0.0,R,42.0,R,34.0,R,81.0,A,,A,,A,,A,,A,,R,15.0
407726,2014,A,,A,,A,,R,18.0,R,0.0,R,18.0,R,10.0,R,56.0,R,3.0,R,0.0,R,3.0,R,1.0,R,33.0,A,
407735,2014,A,,A,,A,,R,45.0,R,0.0,R,45.0,R,24.0,R,53.0,A,,A,,A,,A,,A,,R,14.0
407832,2014,A,,A,,A,,R,177.0,R,0.0,R,177.0,R,144.0,R,81.0,R,31.0,R,0.0,R,31.0,R,26.0,R,84.0,R,9.0
408039,2014,R,58.0,R,131.0,R,44.0,R,0.0,Z,0.0,R,0.0,Z,0.0,A,,A,,A,,A,,A,,A,,R,11.0
408066,2014,A,,A,,A,,R,18.0,R,0.0,R,18.0,R,13.0,R,72.0,R,8.0,R,0.0,R,8.0,R,8.0,R,100.0,R,15.0
408163,2014,A,,A,,A,,R,13.0,R,0.0,R,13.0,R,11.0,R,85.0,A,,A,,A,,A,,A,,R,8.0
408312,2014,A,,A,,A,,R,16.0,R,0.0,R,16.0,R,9.0,R,56.0,A,,A,,A,,A,,A,,R,16.0
408385,2014,A,,A,,A,,R,306.0,R,0.0,R,306.0,R,220.0,R,72.0,A,,A,,A,,A,,A,,R,33.0
408394,2014,R,85.0,R,380.0,R,22.0,R,87.0,R,0.0,R,87.0,R,35.0,R,40.0,R,18.0,R,0.0,R,18.0,R,2.0,R,11.0,R,15.0
408729,2014,R,31.0,R,52.0,R,60.0,R,41.0,R,1.0,R,40.0,R,28.0,R,70.0,R,5.0,R,0.0,R,5.0,R,5.0,R,100.0,R,10.0
408844,2014,R,263.0,R,492.0,R,53.0,R,58.0,R,0.0,R,58.0,R,48.0,R,83.0,R,9.0,R,0.0,R,9.0,R,5.0,R,56.0,R,20.0
408862,2014,A,,A,,A,,R,45.0,Z,0.0,R,45.0,R,40.0,R,89.0,R,81.0,Z,0.0,R,81.0,R,70.0,R,86.0,R,20.0
409032,2014,A,,A,,A,,R,108.0,R,0.0,R,108.0,R,87.0,R,81.0,A,,A,,A,,A,,A,,R,1.0
409069,2014,R,50.0,R,83.0,R,60.0,R,1.0,R,0.0,R,1.0,R,0.0,R,0.0,R,3.0,R,0.0,R,3.0,R,0.0,R,0.0,R,16.0
409120,2014,A,,A,,A,,R,74.0,Z,0.0,R,74.0,R,54.0,R,73.0,A,,A,,A,,A,,A,,R,12.0
409193,2014,A,,A,,A,,R,25.0,R,0.0,R,25.0,R,20.0,R,80.0,A,,A,,A,,A,,A,,R,20.0
409315,2014,R,2783.0,R,10762.0,R,26.0,R,18.0,R,0.0,R,18.0,R,12.0,R,67.0,R,9.0,R,0.0,R,9.0,R,4.0,R,44.0,R,27.0
409537,2014,A,,A,,A,,R,26.0,R,0.0,R,26.0,R,24.0,R,92.0,R,13.0,R,0.0,R,13.0,R,13.0,R,100.0,R,10.0
409591,2014,A,,A,,A,,R,33.0,R,0.0,R,33.0,R,29.0,R,88.0,R,23.0,R,0.0,R,23.0,R,18.0,R,78.0,R,8.0
409670,2014,A,,A,,A,,R,19.0,R,0.0,R,19.0,R,16.0,R,84.0,A,,A,,A,,A,,A,,R,24.0
409698,2014,R,1295.0,R,2488.0,R,52.0,R,862.0,Z,0.0,R,862.0,R,719.0,R,83.0,R,4.0,Z,0.0,R,4.0,R,2.0,R,50.0,R,23.0
409874,2014,R,37.0,R,85.0,R,44.0,R,72.0,R,0.0,R,72.0,R,54.0,R,75.0,R,31.0,R,0.0,R,31.0,R,14.0,R,45.0,R,25.0
410070,2014,A,,A,,A,,R,150.0,R,3.0,R,147.0,R,66.0,R,45.0,A,,A,,A,,A,,A,,R,21.0
410256,2014,A,,A,,A,,A,,A,,A,,A,,A,,A,,A,,A,,A,,A,,R,14.0
410283,2014,R,293.0,R,293.0,R,100.0,R,382.0,Z,0.0,R,382.0,R,138.0,R,36.0,A,,A,,A,,A,,A,,R,28.0
410496,2014,R,53.0,R,160.0,R,33.0,R,43.0,R,0.0,R,43.0,R,23.0,R,53.0,R,2.0,R,0.0,R,2.0,R,0.0,R,0.0,R,11.0
410502,2014,R,114.0,R,379.0,R,30.0,R,148.0,Z,0.0,R,148.0,R,75.0,R,51.0,R,54.0,Z,0.0,R,54.0,R,24.0,R,44.0,R,18.0
410520,2014,R,3.0,R,8.0,R,38.0,R,4.0,R,0.0,R,4.0,R,4.0,R,100.0,R,1.0,R,0.0,R,1.0,R,1.0,R,100.0,R,27.0
410788,2014,A,,A,,A,,R,32.0,R,0.0,R,32.0,R,30.0,R,94.0,R,49.0,R,0.0,R,49.0,R,32.0,R,65.0,R,15.0
410797,2014,A,,A,,A,,R,48.0,Z,0.0,R,48.0,R,32.0,R,67.0,A,,A,,A,,A,,A,,R,32.0
410964,2014,A,,A,,A,,R,3.0,Z,0.0,R,3.0,R,3.0,R,100.0,R,0.0,Z,0.0,R,0.0,R,0.0,A,,R,9.0
411684,2014,A,,A,,A,,R,12.0,R,0.0,R,12.0,R,8.0,R,67.0,A,,A,,A,,A,,A,,R,13.0
411754,2014,A,,A,,A,,A,,A,,A,,A,,A,,A,,A,,A,,A,,A,,R,9.0
412003,2014,A,,A,,A,,R,8.0,R,0.0,R,8.0,R,6.0,R,75.0,R,6.0,R,0.0,R,6.0,R,5.0,R,83.0,R,10.0
412173,2014,A,,A,,A,,R,44.0,R,0.0,R,44.0,R,38.0,R,86.0,A,,A,,A,,A,,A,,R,12.0
412535,2014,A,,A,,A,,R,12.0,R,0.0,R,12.0,R,12.0,R,100.0,A,,A,,A,,A,,A,,R,10.0
412544,2014,A,,A,,A,,R,6.0,R,0.0,R,6.0,R,6.0,R,100.0,R,0.0,R,0.0,R,0.0,R,0.0,A,,R,18.0
412599,2014,A,,A,,A,,R,7.0,Z,0.0,R,7.0,R,4.0,R,57.0,A,,A,,A,,A,,A,,R,18.0
412650,2014,A,,A,,A,,A,,A,,A,,A,,A,,A,,A,,A,,A,,A,,R,5.0
413176,2014,A,,A,,A,,R,35.0,Z,0.0,R,35.0,R,29.0,R,83.0,A,,A,,A,,A,,A,,R,12.0
413343,2014,A,,A,,A,,R,4.0,R,0.0,R,4.0,R,3.0,R,75.0,A,,A,,A,,A,,A,,R,5.0
413413,2014,R,3.0,R,918.0,R,0.0,R,2.0,R,0.0,R,2.0,R,0.0,R,0.0,R,140.0,R,0.0,R,140.0,R,31.0,R,22.0,R,20.0
413617,2014,R,47.0,R,206.0,R,23.0,R,5.0,R,0.0,R,5.0,R,3.0,R,60.0,R,5.0,R,0.0,R,5.0,R,0.0,R,0.0,R,7.0
413626,2014,R,77.0,R,105.0,R,73.0,R,108.0,R,0.0,R,108.0,R,40.0,R,37.0,R,11.0,R,0.0,R,11.0,R,4.0,R,36.0,R,10.0
413680,2014,A,,A,,A,,R,199.0,R,0.0,R,199.0,R,156.0,R,78.0,A,,A,,A,,A,,A,,R,22.0
413778,2014,A,,A,,A,,R,157.0,R,0.0,R,157.0,R,111.0,R,71.0,A,,A,,A,,A,,A,,R,13.0
413802,2014,A,,A,,A,,R,24.0,R,0.0,R,24.0,R,20.0,R,83.0,R,44.0,R,0.0,R,44.0,R,30.0,R,68.0,R,14.0
413820,2014,A,,A,,A,,R,4.0,R,0.0,R,4.0,R,3.0,R,75.0,A,,A,,A,,A,,A,,R,2.0
413839,2014,R,48.0,R,56.0,R,86.0,R,0.0,R,0.0,R,0.0,R,0.0,A,,R,0.0,R,0.0,R,0.0,R,0.0,A,,R,13.0
413848,2014,R,23.0,R,25.0,R,92.0,R,2.0,R,0.0,R,2.0,R,2.0,R,100.0,R,1.0,R,0.0,R,1.0,R,1.0,R,100.0,R,19.0
413857,2014,R,59.0,R,70.0,R,84.0,R,0.0,R,0.0,R,0.0,R,0.0,A,,R,0.0,R,0.0,R,0.0,R,0.0,A,,R,15.0
413866,2014,R,49.0,R,59.0,R,83.0,R,0.0,R,0.0,R,0.0,R,0.0,A,,R,0.0,R,0.0,R,0.0,R,0.0,A,,R,22.0
413884,2014,R,93.0,R,122.0,R,76.0,R,0.0,R,0.0,R,0.0,R,0.0,A,,R,0.0,R,0.0,R,0.0,R,0.0,A,,R,24.0
413945,2014,A,,A,,A,,R,21.0,R,0.0,R,21.0,R,16.0,R,76.0,A,,A,,A,,A,,A,,R,12.0
413972,2014,A,,A,,A,,R,45.0,R,0.0,R,45.0,R,42.0,R,93.0,R,8.0,R,0.0,R,8.0,R,7.0,R,88.0,R,10.0
414054,2014,A,,A,,A,,R,22.0,R,0.0,R,22.0,R,14.0,R,64.0,R,1.0,R,0.0,R,1.0,R,1.0,R,100.0,R,10.0
414063,2014,A,,A,,A,,R,53.0,R,0.0,R,53.0,R,45.0,R,85.0,R,3.0,R,0.0,R,3.0,R,2.0,R,67.0,R,14.0
414124,2014,A,,A,,A,,R,200.0,R,0.0,R,200.0,R,173.0,R,87.0,R,22.0,R,0.0,R,22.0,R,16.0,R,73.0,R,15.0
414160,2014,R,141.0,R,506.0,R,28.0,R,27.0,Z,0.0,R,27.0,R,13.0,R,48.0,R,6.0,Z,0.0,R,6.0,R,1.0,R,17.0,R,22.0
414452,2014,A,,A,,A,,R,17.0,Z,0.0,R,17.0,R,13.0,R,76.0,A,,A,,A,,A,,A,,R,8.0
414461,2014,R,952.0,R,1213.0,R,78.0,R,1046.0,R,4.0,R,1042.0,R,696.0,R,67.0,A,,A,,A,,A,,A,,R,30.0
414489,2014,A,,A,,A,,R,77.0,Z,0.0,R,77.0,R,56.0,R,73.0,A,,A,,A,,A,,A,,R,25.0
414531,2014,R,33.0,R,38.0,R,87.0,R,0.0,R,0.0,R,0.0,R,0.0,A,,R,0.0,R,0.0,R,0.0,R,0.0,A,,R,23.0
414540,2014,A,,A,,A,,R,60.0,R,0.0,R,60.0,R,52.0,R,87.0,R,9.0,R,0.0,R,9.0,R,9.0,R,100.0,R,14.0
414559,2014,A,,A,,A,,R,10.0,R,0.0,R,10.0,R,8.0,R,80.0,A,,A,,A,,A,,A,,R,5.0
414568,2014,R,50.0,R,66.0,R,76.0,R,0.0,R,0.0,R,0.0,R,0.0,A,,R,0.0,R,0.0,R,0.0,R,0.0,A,,R,13.0
414586,2014,R,49.0,R,73.0,R,67.0,R,0.0,R,0.0,R,0.0,R,0.0,A,,R,0.0,R,0.0,R,0.0,R,0.0,A,,R,19.0
414595,2014,R,8.0,R,19.0,R,42.0,R,1.0,R,0.0,R,1.0,R,1.0,R,100.0,R,6.0,R,0.0,R,6.0,R,5.0,R,83.0,R,8.0
414708,2014,R,22.0,R,496.0,R,4.0,R,30.0,Z,0.0,R,30.0,R,14.0,R,47.0,R,74.0,Z,0.0,R,74.0,R,16.0,R,22.0,R,13.0
414823,2014,R,452.0,R,605.0,R,75.0,R,413.0,R,0.0,R,413.0,R,287.0,R,69.0,R,5.0,R,0.0,R,5.0,R,0.0,R,0.0,R,25.0
414841,2014,R,32.0,R,35.0,R,91.0,R,21.0,R,1.0,R,20.0,R,11.0,R,55.0,R,0.0,R,0.0,R,0.0,R,0.0,A,,R,11.0
414869,2014,A,,A,,A,,R,18.0,R,0.0,R,18.0,R,9.0,R,50.0,R,6.0,R,0.0,R,6.0,R,5.0,R,83.0,R,9.0
414878,2014,R,6.0,R,218.0,R,3.0,R,2.0,R,0.0,R,2.0,R,0.0,R,0.0,R,0.0,R,0.0,R,0.0,R,0.0,A,,R,10.0
414911,2014,R,237.0,R,978.0,R,24.0,R,225.0,R,0.0,R,225.0,R,125.0,R,56.0,R,64.0,R,0.0,R,64.0,R,19.0,R,30.0,R,17.0
414939,2014,A,,A,,A,,R,74.0,R,0.0,R,74.0,R,52.0,R,70.0,A,,A,,A,,A,,A,,R,13.0
415039,2014,A,,A,,A,,R,43.0,R,0.0,R,43.0,R,28.0,R,65.0,R,11.0,R,0.0,R,11.0,R,10.0,R,91.0,R,14.0
415057,2014,A,,A,,A,,R,69.0,R,0.0,R,69.0,R,63.0,R,91.0,A,,A,,A,,A,,A,,R,10.0
415729,2014,A,,A,,A,,R,2.0,R,0.0,R,2.0,R,2.0,R,100.0,R,0.0,R,0.0,R,0.0,R,0.0,A,,R,10.0
415774,2014,A,,A,,A,,R,139.0,R,0.0,R,139.0,R,107.0,R,77.0,R,59.0,R,0.0,R,59.0,R,42.0,R,71.0,R,18.0
415987,2014,A,,A,,A,,R,171.0,R,0.0,R,171.0,R,123.0,R,72.0,A,,A,,A,,A,,A,,R,22.0
416458,2014,A,,A,,A,,R,117.0,R,0.0,R,117.0,R,77.0,R,66.0,A,,A,,A,,A,,A,,R,12.0
416670,2014,A,,A,,A,,R,34.0,R,0.0,R,34.0,R,26.0,R,76.0,R,46.0,R,0.0,R,46.0,R,27.0,R,59.0,R,10.0
416801,2014,A,,A,,A,,A,,A,,A,,A,,A,,A,,A,,A,,A,,A,,R,8.0
416971,2014,A,,A,,A,,R,7.0,Z,0.0,R,7.0,R,6.0,R,86.0,R,7.0,Z,0.0,R,7.0,R,5.0,R,71.0,R,14.0
416980,2014,A,,A,,A,,R,15.0,R,0.0,R,15.0,R,8.0,R,53.0,R,5.0,R,0.0,R,5.0,R,2.0,R,40.0,R,12.0
417008,2014,A,,A,,A,,R,55.0,R,0.0,R,55.0,R,44.0,R,80.0,A,,A,,A,,A,,A,,R,17.0
417062,2014,A,,A,,A,,R,22.0,R,0.0,R,22.0,R,19.0,R,86.0,A,,A,,A,,A,,A,,R,21.0
417105,2014,A,,A,,A,,R,115.0,R,0.0,R,115.0,R,105.0,R,91.0,R,17.0,R,1.0,R,16.0,R,15.0,R,94.0,R,20.0
417123,2014,A,,A,,A,,R,41.0,R,1.0,R,40.0,R,34.0,R,85.0,R,6.0,R,0.0,R,6.0,R,5.0,R,83.0,R,10.0
417132,2014,A,,A,,A,,R,122.0,R,0.0,R,122.0,R,69.0,R,57.0,R,15.0,R,0.0,R,15.0,R,10.0,R,67.0,R,31.0
417178,2014,A,,A,,A,,R,7.0,R,0.0,R,7.0,R,7.0,R,100.0,A,,A,,A,,A,,A,,R,7.0
417187,2014,A,,A,,A,,R,1.0,R,0.0,R,1.0,R,1.0,R,100.0,A,,A,,A,,A,,A,,R,4.0
417248,2014,A,,A,,A,,R,38.0,R,0.0,R,38.0,R,36.0,R,95.0,A,,A,,A,,A,,A,,R,13.0
417257,2014,A,,A,,A,,R,9.0,R,0.0,R,9.0,R,9.0,R,100.0,A,,A,,A,,A,,A,,R,8.0
417275,2014,A,,A,,A,,R,3.0,R,0.0,R,3.0,R,3.0,R,100.0,A,,A,,A,,A,,A,,R,15.0
417318,2014,A,,A,,A,,R,1.0,R,0.0,R,1.0,R,1.0,R,100.0,A,,A,,A,,A,,A,,R,10.0
417327,2014,R,28.0,R,99.0,R,28.0,R,25.0,R,0.0,R,25.0,R,4.0,R,16.0,R,8.0,R,2.0,R,6.0,R,1.0,R,17.0,R,15.0
417381,2014,A,,A,,A,,R,45.0,R,0.0,R,45.0,R,20.0,R,44.0,R,8.0,R,0.0,R,8.0,R,7.0,R,88.0,R,24.0
417406,2014,A,,A,,A,,R,6.0,R,0.0,R,6.0,R,5.0,R,83.0,A,,A,,A,,A,,A,,R,13.0
417442,2014,A,,A,,A,,R,11.0,R,0.0,R,11.0,R,6.0,R,55.0,A,,A,,A,,A,,A,,R,10.0
417503,2014,A,,A,,A,,R,37.0,R,0.0,R,37.0,R,30.0,R,81.0,R,7.0,R,0.0,R,7.0,R,6.0,R,86.0,R,11.0
417549,2014,A,,A,,A,,R,150.0,R,0.0,R,150.0,R,82.0,R,55.0,A,,A,,A,,A,,A,,R,20.0
417600,2014,A,,A,,A,,R,19.0,Z,0.0,R,19.0,R,18.0,R,95.0,A,,A,,A,,A,,A,,R,12.0
417628,2014,A,,A,,A,,R,4.0,R,0.0,R,4.0,R,3.0,R,75.0,R,0.0,R,0.0,R,0.0,R,0.0,A,,R,3.0
417637,2014,A,,A,,A,,R,12.0,R,0.0,R,12.0,R,11.0,R,92.0,A,,A,,A,,A,,A,,R,5.0
417646,2014,A,,A,,A,,R,10.0,R,0.0,R,10.0,R,7.0,R,70.0,A,,A,,A,,A,,A,,R,10.0
417655,2014,A,,A,,A,,R,19.0,Z,0.0,R,19.0,R,14.0,R,74.0,A,,A,,A,,A,,A,,R,8.0
417673,2014,A,,A,,A,,R,8.0,R,0.0,R,8.0,R,8.0,R,100.0,R,1.0,R,0.0,R,1.0,R,1.0,R,100.0,R,5.0
417682,2014,A,,A,,A,,R,3.0,R,0.0,R,3.0,R,3.0,R,100.0,A,,A,,A,,A,,A,,R,9.0
417716,2014,A,,A,,A,,R,11.0,R,0.0,R,11.0,R,10.0,R,91.0,A,,A,,A,,A,,A,,R,14.0
417725,2014,A,,A,,A,,R,10.0,R,0.0,R,10.0,R,5.0,R,50.0,A,,A,,A,,A,,A,,R,14.0
417734,2014,R,3.0,R,76.0,R,4.0,R,2.0,R,0.0,R,2.0,R,1.0,R,50.0,R,1.0,R,0.0,R,1.0,R,1.0,R,100.0,R,6.0
417752,2014,R,21.0,R,112.0,R,19.0,R,9.0,R,0.0,R,9.0,R,7.0,R,78.0,R,0.0,Z,0.0,R,0.0,R,0.0,A,,R,4.0
417789,2014,A,,A,,A,,R,31.0,R,0.0,R,31.0,R,21.0,R,68.0,R,48.0,R,0.0,R,48.0,R,26.0,R,54.0,R,6.0
417804,2014,A,,A,,A,,R,4.0,Z,0.0,R,4.0,R,2.0,R,50.0,A,,A,,A,,A,,A,,R,10.0
417831,2014,A,,A,,A,,R,66.0,R,0.0,R,66.0,R,64.0,R,97.0,A,,A,,A,,A,,A,,R,27.0
417840,2014,A,,A,,A,,R,190.0,R,0.0,R,190.0,R,190.0,R,100.0,R,0.0,R,0.0,R,0.0,R,0.0,A,,R,18.0
417868,2014,A,,A,,A,,R,22.0,R,0.0,R,22.0,R,13.0,R,59.0,R,0.0,R,0.0,R,0.0,R,0.0,A,,R,2.0
417886,2014,A,,A,,A,,R,10.0,R,0.0,R,10.0,R,7.0,R,70.0,A,,A,,A,,A,,A,,R,12.0
417901,2014,A,,A,,A,,A,,A,,A,,A,,A,,A,,A,,A,,A,,A,,R,24.0
417910,2014,A,,A,,A,,R,118.0,R,0.0,R,118.0,R,115.0,R,97.0,A,,A,,A,,A,,A,,R,11.0
417947,2014,A,,A,,A,,R,3.0,R,0.0,R,3.0,R,1.0,R,33.0,A,,A,,A,,A,,A,,R,6.0
417983,2014,A,,A,,A,,A,,A,,A,,A,,A,,R,44.0,R,0.0,R,44.0,R,24.0,R,55.0,R,6.0
417992,2014,A,,A,,A,,R,10.0,R,0.0,R,10.0,R,9.0,R,90.0,R,0.0,Z,0.0,R,0.0,Z,0.0,A,,R,16.0
418001,2014,A,,A,,A,,R,26.0,R,0.0,R,26.0,R,23.0,R,88.0,A,,A,,A,,A,,A,,R,12.0
418010,2014,A,,A,,A,,R,5.0,R,0.0,R,5.0,R,5.0,R,100.0,R,11.0,R,0.0,R,11.0,R,11.0,R,100.0,R,6.0
418029,2014,A,,A,,A,,R,8.0,R,0.0,R,8.0,R,8.0,R,100.0,A,,A,,A,,A,,A,,R,10.0
418038,2014,A,,A,,A,,R,24.0,R,0.0,R,24.0,R,22.0,R,92.0,A,,A,,A,,A,,A,,R,35.0
418056,2014,A,,A,,A,,R,49.0,R,0.0,R,49.0,R,36.0,R,73.0,R,9.0,R,0.0,R,9.0,R,6.0,R,67.0,R,47.0
418065,2014,A,,A,,A,,R,80.0,Z,0.0,R,80.0,R,61.0,R,76.0,R,30.0,Z,0.0,R,30.0,R,22.0,R,73.0,R,19.0
418083,2014,A,,A,,A,,R,32.0,R,0.0,R,32.0,R,9.0,R,28.0,R,24.0,R,0.0,R,24.0,R,17.0,R,71.0,R,24.0
418126,2014,R,32.0,R,130.0,R,25.0,R,0.0,R,0.0,R,0.0,R,0.0,A,,R,0.0,R,0.0,R,0.0,R,0.0,A,,R,12.0
418171,2014,A,,A,,A,,R,22.0,R,0.0,R,22.0,R,19.0,R,86.0,A,,A,,A,,A,,A,,R,18.0
418199,2014,A,,A,,A,,A,,A,,A,,A,,A,,A,,A,,A,,A,,A,,R,10.0
418205,2014,A,,A,,A,,R,54.0,R,0.0,R,54.0,R,41.0,R,76.0,R,37.0,R,0.0,R,37.0,R,35.0,R,95.0,R,12.0
418223,2014,A,,A,,A,,R,24.0,R,0.0,R,24.0,R,23.0,R,96.0,A,,A,,A,,A,,A,,R,4.0
418250,2014,A,,A,,A,,R,56.0,R,0.0,R,56.0,R,46.0,R,82.0,R,31.0,R,0.0,R,31.0,R,29.0,R,94.0,R,10.0
418269,2014,A,,A,,A,,R,10.0,R,0.0,R,10.0,R,10.0,R,100.0,A,,A,,A,,A,,A,,R,11.0
418278,2014,A,,A,,A,,R,12.0,R,0.0,R,12.0,R,11.0,R,92.0,R,19.0,R,0.0,R,19.0,R,18.0,R,95.0,R,15.0
418296,2014,A,,A,,A,,R,96.0,R,0.0,R,96.0,R,92.0,R,96.0,R,569.0,Z,0.0,R,569.0,R,555.0,R,98.0,R,15.0
418302,2014,A,,A,,A,,R,84.0,R,0.0,R,84.0,R,46.0,R,55.0,R,17.0,R,0.0,R,17.0,R,13.0,R,76.0,R,6.0
418320,2014,A,,A,,A,,R,48.0,R,0.0,R,48.0,R,26.0,R,54.0,R,51.0,R,0.0,R,51.0,R,39.0,R,76.0,R,9.0
418339,2014,A,,A,,A,,R,21.0,R,0.0,R,21.0,R,16.0,R,76.0,R,34.0,R,0.0,R,34.0,R,22.0,R,65.0,R,12.0
418348,2014,A,,A,,A,,R,48.0,R,0.0,R,48.0,R,29.0,R,60.0,R,41.0,R,0.0,R,41.0,R,15.0,R,37.0,R,13.0
418357,2014,A,,A,,A,,R,42.0,R,0.0,R,42.0,R,18.0,R,43.0,R,5.0,R,0.0,R,5.0,R,2.0,R,40.0,R,9.0
418384,2014,A,,A,,A,,R,26.0,R,0.0,R,26.0,R,7.0,R,27.0,A,,A,,A,,A,,A,,R,16.0
418409,2014,A,,A,,A,,R,22.0,R,0.0,R,22.0,R,15.0,R,68.0,R,67.0,R,0.0,R,67.0,R,59.0,R,88.0,R,10.0
418427,2014,A,,A,,A,,R,18.0,Z,0.0,R,18.0,R,11.0,R,61.0,R,0.0,R,0.0,R,0.0,R,0.0,A,,R,14.0
418445,2014,A,,A,,A,,R,18.0,R,0.0,R,18.0,R,8.0,R,44.0,A,,A,,A,,A,,A,,R,14.0
418454,2014,A,,A,,A,,R,182.0,R,0.0,R,182.0,R,114.0,R,63.0,R,22.0,R,0.0,R,22.0,R,0.0,R,0.0,R,12.0
418481,2014,A,,A,,A,,R,25.0,R,0.0,R,25.0,R,20.0,R,80.0,A,,A,,A,,A,,A,,R,15.0
418506,2014,A,,A,,A,,R,35.0,R,0.0,R,35.0,R,34.0,R,97.0,A,,A,,A,,A,,A,,R,8.0
418515,2014,A,,A,,A,,R,42.0,R,0.0,R,42.0,R,35.0,R,83.0,R,20.0,R,0.0,R,20.0,R,18.0,R,90.0,R,11.0
418524,2014,A,,A,,A,,R,27.0,R,0.0,R,27.0,R,15.0,R,56.0,A,,A,,A,,A,,A,,R,12.0
418533,2014,A,,A,,A,,R,140.0,R,0.0,R,140.0,R,119.0,R,85.0,R,124.0,R,0.0,R,124.0,R,103.0,R,83.0,R,25.0
418542,2014,A,,A,,A,,R,44.0,R,0.0,R,44.0,R,44.0,R,100.0,R,38.0,R,0.0,R,38.0,R,38.0,R,100.0,R,6.0
418560,2014,A,,A,,A,,R,12.0,R,0.0,R,12.0,R,7.0,R,58.0,R,21.0,Z,0.0,R,21.0,R,20.0,R,95.0,R,1.0
418588,2014,A,,A,,A,,R,15.0,R,0.0,R,15.0,R,11.0,R,73.0,A,,A,,A,,A,,A,,R,10.0
418603,2014,A,,A,,A,,R,4.0,R,0.0,R,4.0,R,4.0,R,100.0,R,13.0,R,0.0,R,13.0,R,12.0,R,92.0,R,11.0
418612,2014,A,,A,,A,,R,4.0,R,0.0,R,4.0,R,4.0,R,100.0,A,,A,,A,,A,,A,,R,9.0
418658,2014,A,,A,,A,,R,102.0,Z,0.0,R,102.0,R,74.0,R,73.0,A,,A,,A,,A,,A,,R,14.0
418755,2014,A,,A,,A,,R,23.0,R,0.0,R,23.0,R,17.0,R,74.0,A,,A,,A,,A,,A,,R,46.0
418764,2014,A,,A,,A,,R,41.0,R,0.0,R,41.0,R,31.0,R,76.0,A,,A,,A,,A,,A,,R,20.0
418773,2014,A,,A,,A,,R,562.0,R,0.0,R,562.0,R,554.0,R,99.0,R,186.0,R,0.0,R,186.0,R,150.0,R,81.0,R,19.0
418782,2014,A,,A,,A,,R,132.0,R,0.0,R,132.0,R,104.0,R,79.0,A,,A,,A,,A,,A,,R,16.0
418870,2014,A,,A,,A,,R,39.0,Z,0.0,R,39.0,R,21.0,R,54.0,A,,A,,A,,A,,A,,R,17.0
418889,2014,A,,A,,A,,R,33.0,Z,0.0,R,33.0,R,19.0,R,58.0,R,22.0,R,0.0,R,22.0,R,22.0,R,100.0,R,14.0
418913,2014,A,,A,,A,,R,0.0,R,0.0,R,0.0,R,0.0,A,,A,,A,,A,,A,,A,,R,1.0
418968,2014,A,,A,,A,,R,64.0,R,0.0,R,64.0,R,51.0,R,80.0,A,,A,,A,,A,,A,,R,13.0
419031,2014,A,,A,,A,,R,10.0,R,0.0,R,10.0,R,8.0,R,80.0,A,,A,,A,,A,,A,,R,9.0
419095,2014,A,,A,,A,,R,14.0,R,0.0,R,14.0,R,14.0,R,100.0,A,,A,,A,,A,,A,,R,7.0
419147,2014,A,,A,,A,,R,23.0,R,0.0,R,23.0,R,20.0,R,87.0,R,8.0,R,0.0,R,8.0,R,6.0,R,75.0,R,6.0
419156,2014,A,,A,,A,,R,19.0,R,0.0,R,19.0,R,9.0,R,47.0,A,,A,,A,,A,,A,,R,14.0
419183,2014,A,,A,,A,,R,183.0,R,0.0,R,183.0,R,145.0,R,79.0,A,,A,,A,,A,,A,,R,46.0
419217,2014,A,,A,,A,,R,6.0,R,0.0,R,6.0,R,1.0,R,17.0,A,,A,,A,,A,,A,,R,10.0
419226,2014,A,,A,,A,,R,149.0,R,3.0,R,146.0,R,139.0,R,95.0,A,,A,,A,,A,,A,,R,9.0
419235,2014,A,,A,,A,,R,55.0,R,4.0,R,51.0,R,43.0,R,84.0,A,,A,,A,,A,,A,,R,19.0
419244,2014,A,,A,,A,,R,49.0,R,0.0,R,49.0,R,36.0,R,73.0,R,31.0,R,1.0,R,30.0,R,16.0,R,53.0,R,15.0
419253,2014,A,,A,,A,,R,46.0,R,0.0,R,46.0,R,39.0,R,85.0,A,,A,,A,,A,,A,,R,13.0
419271,2014,A,,A,,A,,R,5.0,R,0.0,R,5.0,R,4.0,R,80.0,R,2.0,R,0.0,R,2.0,R,2.0,R,100.0,R,10.0
419280,2014,A,,A,,A,,R,7.0,R,0.0,R,7.0,R,6.0,R,86.0,R,3.0,R,0.0,R,3.0,R,1.0,R,33.0,R,20.0
419314,2014,A,,A,,A,,R,12.0,R,0.0,R,12.0,R,11.0,R,92.0,A,,A,,A,,A,,A,,R,15.0
419332,2014,A,,A,,A,,R,9.0,R,0.0,R,9.0,R,7.0,R,78.0,R,6.0,R,0.0,R,6.0,R,6.0,R,100.0,R,10.0
419341,2014,R,28.0,R,28.0,R,100.0,R,35.0,R,0.0,R,35.0,R,28.0,R,80.0,A,,A,,A,,A,,A,,R,10.0
419411,2014,A,,A,,A,,R,49.0,R,0.0,R,49.0,R,38.0,R,78.0,R,36.0,R,0.0,R,36.0,R,27.0,R,75.0,R,25.0
419420,2014,A,,A,,A,,R,51.0,R,0.0,R,51.0,R,41.0,R,80.0,R,52.0,R,0.0,R,52.0,R,37.0,R,71.0,R,8.0
419457,2014,R,2.0,R,26.0,R,8.0,R,1.0,Z,0.0,R,1.0,R,1.0,R,100.0,R,10.0,Z,0.0,R,10.0,R,4.0,R,40.0,R,4.0
419484,2014,A,,A,,A,,R,20.0,R,0.0,R,20.0,R,13.0,R,65.0,A,,A,,A,,A,,A,,R,9.0
419633,2014,A,,A,,A,,R,26.0,R,0.0,R,26.0,R,19.0,R,73.0,A,,A,,A,,A,,A,,R,9.0
419660,2014,A,,A,,A,,R,199.0,R,0.0,R,199.0,R,126.0,R,63.0,A,,A,,A,,A,,A,,R,17.0
419703,2014,A,,A,,A,,R,312.0,Z,0.0,R,312.0,R,243.0,R,78.0,A,,A,,A,,A,,A,,R,17.0
419712,2014,A,,A,,A,,R,147.0,Z,0.0,R,147.0,R,133.0,R,90.0,A,,A,,A,,A,,A,,R,11.0
419721,2014,A,,A,,A,,R,126.0,Z,0.0,R,126.0,R,88.0,R,70.0,A,,A,,A,,A,,A,,R,20.0
420006,2014,A,,A,,A,,R,0.0,R,0.0,R,0.0,R,0.0,A,,R,1.0,R,0.0,R,1.0,R,1.0,R,100.0,R,24.0
420024,2014,R,16.0,R,28.0,R,57.0,R,24.0,Z,0.0,R,24.0,R,8.0,R,33.0,R,8.0,Z,0.0,R,8.0,R,1.0,R,13.0,R,11.0
420042,2014,A,,A,,A,,R,19.0,R,0.0,R,19.0,R,15.0,R,79.0,A,,A,,A,,A,,A,,R,18.0
420103,2014,A,,A,,A,,R,77.0,R,0.0,R,77.0,R,58.0,R,75.0,A,,A,,A,,A,,A,,R,25.0
420130,2014,A,,A,,A,,R,65.0,R,1.0,R,64.0,R,45.0,R,70.0,A,,A,,A,,A,,A,,R,17.0
420194,2014,A,,A,,A,,R,99.0,Z,0.0,R,99.0,R,90.0,R,91.0,A,,A,,A,,A,,A,,R,6.0
420200,2014,A,,A,,A,,R,11.0,R,0.0,R,11.0,R,10.0,R,91.0,R,36.0,R,0.0,R,36.0,R,30.0,R,83.0,R,10.0
420255,2014,A,,A,,A,,R,42.0,R,0.0,R,42.0,R,34.0,R,81.0,A,,A,,A,,A,,A,,R,11.0
420307,2014,R,338.0,R,450.0,R,75.0,R,6.0,R,0.0,R,6.0,R,2.0,R,33.0,R,2.0,R,0.0,R,2.0,R,0.0,R,0.0,R,16.0
420316,2014,R,118.0,R,151.0,R,78.0,R,1.0,R,0.0,R,1.0,R,1.0,R,100.0,R,1.0,R,0.0,R,1.0,R,0.0,R,0.0,R,11.0
420325,2014,R,6.0,R,10.0,R,60.0,R,8.0,R,0.0,R,8.0,R,8.0,R,100.0,A,,A,,A,,A,,A,,R,20.0
420343,2014,A,,A,,A,,R,86.0,R,0.0,R,86.0,R,75.0,R,87.0,R,115.0,R,0.0,R,115.0,R,89.0,R,77.0,R,26.0
420370,2014,A,,A,,A,,R,470.0,R,0.0,R,470.0,R,308.0,R,66.0,A,,A,,A,,A,,A,,R,41.0
420398,2014,R,1019.0,R,3508.0,R,29.0,R,930.0,Z,0.0,R,930.0,R,589.0,R,63.0,R,1457.0,Z,0.0,R,1457.0,R,734.0,R,50.0,R,22.0
420404,2014,R,58.0,R,73.0,R,79.0,R,55.0,R,0.0,R,55.0,R,27.0,R,49.0,R,16.0,R,0.0,R,16.0,R,1.0,R,6.0,R,20.0
420431,2014,R,85.0,R,621.0,R,14.0,R,127.0,R,0.0,R,127.0,R,68.0,R,54.0,R,209.0,R,0.0,R,209.0,R,109.0,R,52.0,R,11.0
420440,2014,R,155.0,R,609.0,R,25.0,R,174.0,R,0.0,R,174.0,R,107.0,R,61.0,R,112.0,R,0.0,R,112.0,R,48.0,R,43.0,R,14.0
420459,2014,A,,A,,A,,R,38.0,R,0.0,R,38.0,R,6.0,R,16.0,R,16.0,R,0.0,R,16.0,R,4.0,R,25.0,R,12.0
420468,2014,A,,A,,A,,R,189.0,R,0.0,R,189.0,R,166.0,R,88.0,R,115.0,R,0.0,R,115.0,R,102.0,R,89.0,R,13.0
420495,2014,A,,A,,A,,R,43.0,Z,0.0,R,43.0,R,27.0,R,63.0,A,,A,,A,,A,,A,,R,30.0
420501,2014,A,,A,,A,,A,,A,,A,,A,,A,,A,,A,,A,,A,,A,,R,23.0
420538,2014,R,202.0,R,422.0,R,48.0,R,226.0,R,0.0,R,226.0,R,141.0,R,62.0,R,59.0,R,0.0,R,59.0,R,33.0,R,56.0,R,20.0
420556,2014,R,82.0,R,271.0,R,30.0,R,62.0,R,0.0,R,62.0,R,34.0,R,55.0,R,118.0,R,0.0,R,118.0,R,41.0,R,35.0,R,12.0
420574,2014,R,526.0,R,1074.0,R,49.0,R,395.0,R,8.0,R,387.0,R,318.0,R,82.0,R,14.0,R,0.0,R,14.0,R,7.0,R,50.0,R,18.0
420608,2014,A,,A,,A,,R,28.0,R,0.0,R,28.0,R,20.0,R,71.0,R,1.0,R,0.0,R,1.0,R,1.0,R,100.0,R,30.0
420723,2014,R,65.0,R,130.0,R,50.0,R,102.0,R,0.0,R,102.0,R,58.0,R,57.0,R,110.0,R,0.0,R,110.0,R,47.0,R,43.0,R,12.0
420866,2014,R,4.0,R,17.0,R,24.0,R,0.0,Z,0.0,R,0.0,Z,0.0,A,,R,2.0,Z,0.0,R,2.0,R,1.0,R,50.0,R,3.0
420981,2014,A,,A,,A,,R,213.0,R,0.0,R,213.0,R,159.0,R,75.0,A,,A,,A,,A,,A,,R,17.0
421513,2014,R,24.0,R,54.0,R,44.0,R,43.0,Z,0.0,R,43.0,R,9.0,R,21.0,A,,A,,A,,A,,A,,R,15.0
421540,2014,A,,A,,A,,R,31.0,Z,0.0,R,31.0,R,29.0,R,94.0,R,151.0,Z,0.0,R,151.0,R,144.0,R,95.0,R,10.0
421559,2014,A,,A,,A,,R,33.0,R,0.0,R,33.0,R,31.0,R,94.0,R,86.0,Z,0.0,R,86.0,R,82.0,R,95.0,R,12.0
421586,2014,A,,A,,A,,R,69.0,R,0.0,R,69.0,R,45.0,R,65.0,A,,A,,A,,A,,A,,R,20.0
421610,2014,A,,A,,A,,R,13.0,R,0.0,R,13.0,R,13.0,R,100.0,R,4.0,R,0.0,R,4.0,R,4.0,R,100.0,R,10.0
421665,2014,A,,A,,A,,R,2.0,R,0.0,R,2.0,R,2.0,R,100.0,R,3.0,R,0.0,R,3.0,R,3.0,R,100.0,R,4.0
421708,2014,A,,A,,A,,R,421.0,R,0.0,R,421.0,R,303.0,R,72.0,A,,A,,A,,A,,A,,R,16.0
421717,2014,A,,A,,A,,R,18.0,Z,0.0,R,18.0,R,14.0,R,78.0,A,,A,,A,,A,,A,,R,11.0
421771,2014,A,,A,,A,,R,5.0,R,0.0,R,5.0,R,4.0,R,80.0,A,,A,,A,,A,,A,,R,25.0
421832,2014,R,71.0,R,87.0,R,82.0,R,36.0,R,0.0,R,36.0,R,22.0,R,61.0,A,,A,,A,,A,,A,,R,10.0
421841,2014,R,55.0,R,118.0,R,47.0,R,90.0,R,0.0,R,90.0,R,58.0,R,64.0,A,,A,,A,,A,,A,,R,19.0
421878,2014,R,61.0,R,70.0,R,87.0,R,69.0,R,0.0,R,69.0,R,59.0,R,86.0,R,11.0,R,0.0,R,11.0,R,10.0,R,91.0,R,12.0
421896,2014,A,,A,,A,,R,90.0,R,0.0,R,90.0,R,71.0,R,79.0,A,,A,,A,,A,,A,,R,20.0
422190,2014,A,,A,,A,,R,1.0,Z,0.0,R,1.0,R,1.0,R,100.0,R,17.0,Z,0.0,R,17.0,R,8.0,R,47.0,R,18.0
422695,2014,A,,A,,A,,R,0.0,R,0.0,R,0.0,R,0.0,A,,A,,A,,A,,A,,A,,R,15.0
422835,2014,A,,A,,A,,R,99.0,R,0.0,R,99.0,R,78.0,R,79.0,A,,A,,A,,A,,A,,R,19.0
423120,2014,A,,A,,A,,R,545.0,R,0.0,R,545.0,R,482.0,R,88.0,A,,A,,A,,A,,A,,R,45.0
423397,2014,A,,A,,A,,R,13.0,R,0.0,R,13.0,R,11.0,R,85.0,A,,A,,A,,A,,A,,R,13.0
423652,2014,R,44.0,R,191.0,R,23.0,R,49.0,R,0.0,R,49.0,R,22.0,R,45.0,R,99.0,R,0.0,R,99.0,R,30.0,R,30.0,R,14.0
423980,2014,A,,A,,A,,R,265.0,Z,0.0,R,265.0,R,189.0,R,71.0,A,,A,,A,,A,,A,,R,37.0
425250,2014,A,,A,,A,,R,13.0,R,0.0,R,13.0,R,10.0,R,77.0,R,19.0,R,0.0,R,19.0,R,15.0,R,79.0,R,10.0
425889,2014,A,,A,,A,,R,110.0,R,0.0,R,110.0,R,91.0,R,83.0,R,24.0,R,0.0,R,24.0,R,21.0,R,88.0,R,33.0
425986,2014,A,,A,,A,,R,68.0,R,0.0,R,68.0,R,41.0,R,60.0,A,,A,,A,,A,,A,,R,22.0
426314,2014,A,,A,,A,,R,68.0,R,0.0,R,68.0,R,45.0,R,66.0,R,235.0,R,0.0,R,235.0,R,111.0,R,47.0,R,12.0
427025,2014,A,,A,,A,,A,,A,,A,,A,,A,,A,,A,,A,,A,,A,,R,20.0
427308,2014,A,,A,,A,,R,109.0,R,7.0,R,102.0,R,79.0,R,77.0,A,,A,,A,,A,,A,,R,15.0
427335,2014,A,,A,,A,,A,,A,,A,,A,,A,,A,,A,,A,,A,,A,,R,5.0
427663,2014,R,58.0,R,69.0,R,84.0,R,0.0,R,0.0,R,0.0,R,0.0,A,,R,0.0,R,0.0,R,0.0,R,0.0,A,,R,24.0
427894,2014,A,,A,,A,,R,10.0,R,0.0,R,10.0,R,7.0,R,70.0,R,38.0,Z,0.0,R,38.0,R,20.0,R,53.0,R,20.0
427919,2014,A,,A,,A,,R,25.0,Z,0.0,R,25.0,R,14.0,R,56.0,R,17.0,Z,0.0,R,17.0,R,9.0,R,53.0,R,20.0
427973,2014,A,,A,,A,,R,52.0,Z,0.0,R,52.0,R,26.0,R,50.0,R,1.0,Z,0.0,R,1.0,R,1.0,R,100.0,R,12.0
427982,2014,R,20.0,R,26.0,R,77.0,R,28.0,Z,0.0,R,28.0,R,22.0,R,79.0,R,18.0,Z,0.0,R,18.0,R,3.0,R,17.0,R,8.0
427991,2014,A,,A,,A,,R,228.0,R,0.0,R,228.0,R,155.0,R,68.0,R,62.0,R,0.0,R,62.0,R,31.0,R,50.0,R,19.0
428000,2014,A,,A,,A,,R,0.0,R,0.0,R,0.0,R,0.0,A,,A,,A,,A,,A,,A,,R,16.0
428019,2014,A,,A,,A,,R,46.0,R,0.0,R,46.0,R,40.0,R,87.0,A,,A,,A,,A,,A,,R,11.0
428055,2014,A,,A,,A,,R,40.0,R,0.0,R,40.0,R,29.0,R,73.0,A,,A,,A,,A,,A,,R,19.0
428073,2014,A,,A,,A,,R,18.0,R,0.0,R,18.0,R,9.0,R,50.0,A,,A,,A,,A,,A,,R,20.0
428125,2014,A,,A,,A,,R,22.0,R,0.0,R,22.0,R,16.0,R,73.0,A,,A,,A,,A,,A,,R,25.0
428143,2014,A,,A,,A,,R,64.0,R,0.0,R,64.0,R,49.0,R,77.0,A,,A,,A,,A,,A,,R,12.0
428170,2014,R,394.0,R,636.0,R,62.0,R,392.0,R,0.0,R,392.0,R,281.0,R,72.0,R,181.0,R,0.0,R,181.0,R,99.0,R,55.0,R,5.0
428259,2014,A,,A,,A,,R,0.0,R,0.0,R,0.0,R,0.0,A,,R,0.0,R,0.0,R,0.0,R,0.0,A,,R,4.0
428268,2014,A,,A,,A,,R,2.0,Z,0.0,R,2.0,R,1.0,R,50.0,R,9.0,Z,0.0,R,9.0,R,5.0,R,56.0,R,6.0
428286,2014,R,88.0,R,260.0,R,34.0,R,136.0,Z,0.0,R,136.0,R,76.0,R,56.0,R,33.0,Z,0.0,R,33.0,R,16.0,R,48.0,R,16.0
428295,2014,A,,A,,A,,A,,A,,A,,A,,A,,A,,A,,A,,A,,A,,R,5.0
428329,2014,R,17.0,R,26.0,R,65.0,R,28.0,R,0.0,R,28.0,R,18.0,R,64.0,A,,A,,A,,A,,A,,R,13.0
428392,2014,R,112.0,R,381.0,R,29.0,R,161.0,R,0.0,R,161.0,R,43.0,R,27.0,R,89.0,R,0.0,R,89.0,R,34.0,R,38.0,R,14.0
428444,2014,R,161.0,R,376.0,R,43.0,R,135.0,Z,0.0,R,135.0,R,72.0,R,53.0,R,22.0,Z,0.0,R,22.0,R,6.0,R,27.0,R,17.0
429012,2014,A,,A,,A,,A,,A,,A,,A,,A,,A,,A,,A,,A,,A,,R,5.0
429100,2014,A,,A,,A,,A,,A,,A,,A,,A,,A,,A,,A,,A,,A,,R,11.0
429128,2014,R,1.0,R,346.0,R,0.0,R,5.0,R,0.0,R,5.0,R,3.0,R,60.0,R,240.0,R,0.0,R,240.0,R,148.0,R,62.0,R,11.0
429599,2014,R,47.0,R,60.0,R,78.0,R,2.0,R,0.0,R,2.0,R,1.0,R,50.0,R,0.0,R,0.0,R,0.0,R,0.0,A,,R,24.0
430087,2014,R,23.0,R,106.0,R,22.0,R,8.0,Z,0.0,R,8.0,R,3.0,R,38.0,R,19.0,Z,0.0,R,19.0,R,4.0,R,21.0,R,9.0
430096,2014,A,,A,,A,,A,,A,,A,,A,,A,,A,,A,,A,,A,,A,,R,11.0
430148,2014,R,21.0,R,70.0,R,30.0,R,43.0,R,0.0,R,43.0,R,18.0,R,42.0,R,36.0,R,0.0,R,36.0,R,19.0,R,53.0,R,16.0
430157,2014,R,30.0,R,32.0,R,94.0,R,17.0,R,0.0,R,17.0,R,16.0,R,94.0,R,3.0,R,0.0,R,3.0,R,1.0,R,33.0,R,22.0
430166,2014,R,38.0,R,42.0,R,90.0,R,20.0,R,0.0,R,20.0,R,17.0,R,85.0,R,9.0,R,0.0,R,9.0,R,4.0,R,44.0,R,24.0
430175,2014,A,,A,,A,,R,74.0,R,0.0,R,74.0,R,40.0,R,54.0,A,,A,,A,,A,,A,,R,32.0
430184,2014,R,28.0,R,431.0,R,6.0,R,23.0,Z,0.0,R,23.0,R,8.0,R,35.0,R,118.0,Z,0.0,R,118.0,R,33.0,R,28.0,R,24.0
430218,2014,A,,A,,A,,R,41.0,R,0.0,R,41.0,R,31.0,R,76.0,R,12.0,R,0.0,R,12.0,R,6.0,R,50.0,R,11.0
430227,2014,A,,A,,A,,R,32.0,R,0.0,R,32.0,R,23.0,R,72.0,R,14.0,R,0.0,R,14.0,R,11.0,R,79.0,R,21.0
430245,2014,A,,A,,A,,R,494.0,R,1.0,R,493.0,R,217.0,R,44.0,A,,A,,A,,A,,A,,R,31.0
430254,2014,A,,A,,A,,A,,A,,A,,A,,A,,A,,A,,A,,A,,A,,R,25.0
430263,2014,R,42.0,R,55.0,R,76.0,R,0.0,R,0.0,R,0.0,R,0.0,A,,R,0.0,R,0.0,R,0.0,R,0.0,A,,R,15.0
430306,2014,A,,A,,A,,R,3.0,R,0.0,R,3.0,R,3.0,R,100.0,R,2.0,R,0.0,R,2.0,R,2.0,R,100.0,R,7.0
430342,2014,A,,A,,A,,R,39.0,Z,0.0,R,39.0,R,29.0,R,74.0,A,,A,,A,,A,,A,,R,15.0
430351,2014,R,18.0,R,29.0,R,62.0,R,39.0,R,2.0,R,37.0,R,14.0,R,38.0,R,9.0,R,1.0,R,8.0,R,0.0,R,0.0,R,11.0
430360,2014,R,17.0,R,25.0,R,68.0,R,34.0,R,3.0,R,31.0,R,12.0,R,39.0,R,7.0,R,0.0,R,7.0,R,0.0,R,0.0,R,25.0
430379,2014,R,75.0,R,93.0,R,81.0,R,0.0,R,0.0,R,0.0,R,0.0,A,,R,0.0,R,0.0,R,0.0,R,0.0,A,,R,21.0
430388,2014,R,52.0,R,57.0,R,91.0,R,0.0,R,0.0,R,0.0,R,0.0,A,,R,0.0,R,0.0,R,0.0,R,0.0,A,,R,14.0
430403,2014,A,,A,,A,,R,13.0,R,0.0,R,13.0,R,10.0,R,77.0,A,,A,,A,,A,,A,,R,17.0
430421,2014,A,,A,,A,,R,42.0,R,0.0,R,42.0,R,28.0,R,67.0,A,,A,,A,,A,,A,,R,30.0
430485,2014,R,28.0,R,32.0,R,88.0,R,0.0,R,0.0,R,0.0,R,0.0,A,,R,0.0,R,0.0,R,0.0,R,0.0,A,,R,16.0
430564,2014,A,,A,,A,,A,,A,,A,,A,,A,,A,,A,,A,,A,,A,,R,10.0
430582,2014,A,,A,,A,,A,,A,,A,,A,,A,,A,,A,,A,,A,,A,,R,50.0
430670,2014,R,12.0,R,17.0,R,71.0,R,1.0,R,0.0,R,1.0,R,1.0,R,100.0,A,,A,,A,,A,,A,,R,8.0
430704,2014,A,,A,,A,,A,,A,,A,,A,,A,,A,,A,,A,,A,,A,,R,10.0
430795,2014,A,,A,,A,,R,63.0,R,0.0,R,63.0,R,54.0,R,86.0,R,16.0,R,0.0,R,16.0,R,1.0,R,6.0,R,17.0
430810,2014,R,85.0,R,118.0,R,72.0,R,81.0,R,0.0,R,81.0,R,69.0,R,85.0,R,10.0,R,0.0,R,10.0,R,1.0,R,10.0,R,13.0
430883,2014,A,,A,,A,,R,7.0,R,0.0,R,7.0,R,5.0,R,71.0,A,,A,,A,,A,,A,,R,8.0
430908,2014,A,,A,,A,,R,31.0,R,0.0,R,31.0,R,20.0,R,65.0,R,6.0,R,0.0,R,6.0,R,4.0,R,67.0,R,14.0
430935,2014,R,221.0,R,466.0,R,47.0,R,244.0,R,0.0,R,244.0,R,152.0,R,62.0,R,10.0,R,0.0,R,10.0,R,5.0,R,50.0,R,31.0
430971,2014,A,,A,,A,,R,25.0,R,0.0,R,25.0,R,8.0,R,32.0,A,,A,,A,,A,,A,,R,8.0
430980,2014,A,,A,,A,,A,,A,,A,,A,,A,,A,,A,,A,,A,,A,,R,24.0
431017,2014,A,,A,,A,,R,69.0,R,0.0,R,69.0,R,23.0,R,33.0,R,22.0,R,0.0,R,22.0,R,5.0,R,23.0,R,3.0
431026,2014,A,,A,,A,,R,1056.0,R,10.0,R,1046.0,R,742.0,R,71.0,R,33.0,R,1.0,R,32.0,R,23.0,R,72.0,R,17.0
431071,2014,A,,A,,A,,R,23.0,R,5.0,R,18.0,R,8.0,R,44.0,R,12.0,R,0.0,R,12.0,R,6.0,R,50.0,R,14.0
431099,2014,A,,A,,A,,R,31.0,R,0.0,R,31.0,R,21.0,R,68.0,R,17.0,R,0.0,R,17.0,R,16.0,R,94.0,R,9.0
431105,2014,A,,A,,A,,R,8.0,R,0.0,R,8.0,R,7.0,R,88.0,R,69.0,R,0.0,R,69.0,R,47.0,R,68.0,R,9.0
431123,2014,A,,A,,A,,R,65.0,Z,0.0,R,65.0,R,57.0,R,88.0,A,,A,,A,,A,,A,,R,15.0
431141,2014,A,,A,,A,,R,492.0,R,3.0,R,489.0,R,329.0,R,67.0,A,,A,,A,,A,,A,,R,15.0
431169,2014,A,,A,,A,,R,30.0,R,0.0,R,30.0,R,23.0,R,77.0,A,,A,,A,,A,,A,,R,10.0
431187,2014,A,,A,,A,,R,45.0,R,0.0,R,45.0,R,45.0,R,100.0,A,,A,,A,,A,,A,,R,4.0
431196,2014,A,,A,,A,,R,29.0,Z,0.0,R,29.0,R,27.0,R,93.0,A,,A,,A,,A,,A,,R,25.0
431202,2014,A,,A,,A,,A,,A,,A,,A,,A,,R,10.0,R,0.0,R,10.0,R,8.0,R,80.0,R,7.0
431266,2014,A,,A,,A,,A,,A,,A,,A,,A,,R,13.0,R,0.0,R,13.0,R,8.0,R,62.0,R,7.0
431275,2014,A,,A,,A,,R,10.0,R,0.0,R,10.0,R,8.0,R,80.0,R,25.0,R,0.0,R,25.0,R,22.0,R,88.0,R,14.0
431284,2014,A,,A,,A,,R,1.0,R,0.0,R,1.0,R,1.0,R,100.0,R,6.0,R,0.0,R,6.0,R,4.0,R,67.0,R,9.0
431309,2014,A,,A,,A,,R,45.0,R,0.0,R,45.0,R,31.0,R,69.0,A,,A,,A,,A,,A,,R,15.0
431558,2014,A,,A,,A,,R,155.0,R,0.0,R,155.0,R,104.0,R,67.0,A,,A,,A,,A,,A,,R,15.0
431600,2014,A,,A,,A,,R,15.0,R,0.0,R,15.0,R,3.0,R,20.0,A,,A,,A,,A,,A,,R,11.0
431637,2014,A,,A,,A,,R,131.0,R,0.0,R,131.0,R,65.0,R,50.0,R,59.0,R,0.0,R,59.0,R,29.0,R,49.0,R,20.0
431691,2014,A,,A,,A,,R,16.0,R,0.0,R,16.0,R,16.0,R,100.0,A,,A,,A,,A,,A,,R,10.0
431707,2014,A,,A,,A,,A,,A,,A,,A,,A,,A,,A,,A,,A,,A,,R,5.0
431716,2014,A,,A,,A,,R,356.0,R,0.0,R,356.0,R,217.0,R,61.0,A,,A,,A,,A,,A,,R,3.0
431770,2014,A,,A,,A,,R,20.0,R,0.0,R,20.0,R,18.0,R,90.0,R,16.0,R,0.0,R,16.0,R,10.0,R,63.0,R,8.0
431877,2014,A,,A,,A,,R,10.0,R,0.0,R,10.0,R,9.0,R,90.0,R,11.0,R,0.0,R,11.0,R,9.0,R,82.0,R,9.0
431886,2014,A,,A,,A,,R,137.0,R,0.0,R,137.0,R,107.0,R,78.0,A,,A,,A,,A,,A,,R,25.0
431929,2014,R,17.0,R,46.0,R,37.0,R,62.0,R,0.0,R,62.0,R,23.0,R,37.0,R,0.0,R,0.0,R,0.0,R,0.0,A,,R,17.0
431956,2014,A,,A,,A,,R,28.0,Z,0.0,R,28.0,R,25.0,R,89.0,A,,A,,A,,A,,A,,R,15.0
431965,2014,A,,A,,A,,R,89.0,R,0.0,R,89.0,R,77.0,R,87.0,A,,A,,A,,A,,A,,R,15.0
431983,2014,R,26.0,R,27.0,R,96.0,R,37.0,R,0.0,R,37.0,R,34.0,R,92.0,A,,A,,A,,A,,A,,R,23.0
432074,2014,A,,A,,A,,R,42.0,R,0.0,R,42.0,R,35.0,R,83.0,R,88.0,R,0.0,R,88.0,R,66.0,R,75.0,R,13.0
432117,2014,A,,A,,A,,R,6.0,R,0.0,R,6.0,R,6.0,R,100.0,R,1.0,R,0.0,R,1.0,R,1.0,R,100.0,R,20.0
432223,2014,A,,A,,A,,R,8.0,R,0.0,R,8.0,R,4.0,R,50.0,A,,A,,A,,A,,A,,R,19.0
432241,2014,A,,A,,A,,R,11.0,R,0.0,R,11.0,R,4.0,R,36.0,A,,A,,A,,A,,A,,R,10.0
432269,2014,A,,A,,A,,R,39.0,Z,0.0,R,39.0,R,34.0,R,87.0,A,,A,,A,,A,,A,,R,10.0
432302,2014,A,,A,,A,,R,54.0,R,0.0,R,54.0,R,47.0,R,87.0,A,,A,,A,,A,,A,,R,15.0
432384,2014,A,,A,,A,,R,0.0,R,0.0,R,0.0,R,0.0,A,,A,,A,,A,,A,,A,,R,15.0
432524,2014,R,73.0,R,86.0,R,85.0,R,87.0,Z,0.0,R,87.0,R,78.0,R,90.0,R,4.0,Z,0.0,R,4.0,R,3.0,R,75.0,R,13.0
432533,2014,R,200.0,R,350.0,R,57.0,R,180.0,Z,0.0,R,180.0,R,97.0,R,54.0,R,28.0,Z,0.0,R,28.0,R,10.0,R,36.0,R,21.0
433004,2014,R,1.0,R,26.0,R,4.0,R,0.0,R,0.0,R,0.0,R,0.0,A,,A,,A,,A,,A,,A,,R,11.0
433013,2014,A,,A,,A,,R,47.0,R,0.0,R,47.0,R,35.0,R,74.0,R,0.0,R,0.0,R,0.0,R,0.0,A,,R,30.0
433040,2014,A,,A,,A,,R,39.0,R,0.0,R,39.0,R,33.0,R,85.0,A,,A,,A,,A,,A,,R,5.0
433068,2014,A,,A,,A,,R,111.0,R,0.0,R,111.0,R,81.0,R,73.0,R,43.0,R,0.0,R,43.0,R,21.0,R,49.0,R,14.0
433101,2014,A,,A,,A,,R,119.0,R,0.0,R,119.0,R,82.0,R,69.0,R,42.0,R,0.0,R,42.0,R,30.0,R,71.0,R,22.0
433138,2014,A,,A,,A,,R,71.0,Z,0.0,R,71.0,R,52.0,R,73.0,R,60.0,R,0.0,R,60.0,R,58.0,R,97.0,R,6.0
433165,2014,A,,A,,A,,A,,A,,A,,A,,A,,A,,A,,A,,A,,A,,R,4.0
433174,2014,R,2.0,R,107.0,R,2.0,R,4.0,R,0.0,R,4.0,R,4.0,R,100.0,R,23.0,R,0.0,R,23.0,R,16.0,R,70.0,R,7.0
433387,2014,A,,A,,A,,R,52.0,R,0.0,R,52.0,R,38.0,R,73.0,A,,A,,A,,A,,A,,R,41.0
433420,2014,R,23.0,R,324.0,R,7.0,R,3.0,R,0.0,R,3.0,R,2.0,R,67.0,R,0.0,R,0.0,R,0.0,R,0.0,A,,R,9.0
433466,2014,A,,A,,A,,R,182.0,R,0.0,R,182.0,R,143.0,R,79.0,R,25.0,R,0.0,R,25.0,R,23.0,R,92.0,R,44.0
433536,2014,R,26.0,R,48.0,R,54.0,R,3.0,Z,0.0,R,3.0,R,3.0,R,100.0,R,2.0,Z,0.0,R,2.0,R,1.0,R,50.0,R,14.0
433563,2014,R,15.0,R,27.0,R,56.0,R,23.0,R,0.0,R,23.0,R,17.0,R,74.0,A,,A,,A,,A,,A,,R,3.0
433660,2014,R,2725.0,R,3714.0,R,73.0,R,2668.0,R,0.0,R,2668.0,R,2086.0,R,78.0,R,71.0,R,0.0,R,71.0,R,41.0,R,58.0,R,22.0
433970,2014,A,,A,,A,,A,,A,,A,,A,,A,,A,,A,,A,,A,,A,,R,15.0
434016,2014,R,17.0,R,39.0,R,44.0,R,18.0,R,0.0,R,18.0,R,7.0,R,39.0,R,7.0,R,0.0,R,7.0,R,1.0,R,14.0,R,7.0
434052,2014,R,104.0,R,119.0,R,87.0,R,0.0,R,0.0,R,0.0,R,0.0,A,,R,0.0,R,0.0,R,0.0,R,0.0,A,,R,23.0
434061,2014,R,1133.0,R,1930.0,R,59.0,R,1176.0,R,0.0,R,1176.0,R,652.0,R,55.0,R,248.0,R,0.0,R,248.0,R,95.0,R,38.0,R,26.0
434140,2014,A,,A,,A,,R,247.0,R,1.0,R,246.0,R,191.0,R,78.0,A,,A,,A,,A,,A,,R,25.0
434159,2014,A,,A,,A,,R,72.0,R,0.0,R,72.0,R,55.0,R,76.0,R,0.0,R,0.0,R,0.0,R,0.0,A,,R,16.0
434274,2014,A,,A,,A,,R,53.0,R,20.0,R,33.0,R,5.0,R,15.0,R,20.0,Z,0.0,R,20.0,R,3.0,R,15.0,R,10.0
434283,2014,A,,A,,A,,R,24.0,R,1.0,R,23.0,R,4.0,R,17.0,A,,A,,A,,A,,A,,R,6.0
434308,2014,A,,A,,A,,A,,A,,A,,A,,A,,A,,A,,A,,A,,A,,R,30.0
434317,2014,A,,A,,A,,R,0.0,R,0.0,R,0.0,R,0.0,A,,A,,A,,A,,A,,A,,R,45.0
434344,2014,A,,A,,A,,R,4.0,R,0.0,R,4.0,R,2.0,R,50.0,A,,A,,A,,A,,A,,R,17.0
434362,2014,A,,A,,A,,R,33.0,R,0.0,R,33.0,R,26.0,R,79.0,A,,A,,A,,A,,A,,R,19.0
434380,2014,A,,A,,A,,R,29.0,R,0.0,R,29.0,R,5.0,R,17.0,A,,A,,A,,A,,A,,R,10.0
434414,2014,R,262.0,R,532.0,R,49.0,R,485.0,R,0.0,R,485.0,R,411.0,R,85.0,R,164.0,R,0.0,R,164.0,R,67.0,R,41.0,R,16.0
434432,2014,R,13.0,R,15.0,R,87.0,R,10.0,R,0.0,R,10.0,R,8.0,R,80.0,A,,A,,A,,A,,A,,R,20.0
434469,2014,A,,A,,A,,A,,A,,A,,A,,A,,A,,A,,A,,A,,A,,R,9.0
434496,2014,A,,A,,A,,R,55.0,R,0.0,R,55.0,R,51.0,R,93.0,R,0.0,R,0.0,R,0.0,R,0.0,A,,R,18.0
434502,2014,A,,A,,A,,R,26.0,R,0.0,R,26.0,R,17.0,R,65.0,A,,A,,A,,A,,A,,R,16.0
434520,2014,A,,A,,A,,A,,A,,A,,A,,A,,A,,A,,A,,A,,A,,R,11.0
434539,2014,R,24.0,R,57.0,R,42.0,R,0.0,R,0.0,R,0.0,R,0.0,A,,R,0.0,R,0.0,R,0.0,R,0.0,A,,R,10.0
434548,2014,R,37.0,R,47.0,R,79.0,R,0.0,R,0.0,R,0.0,R,0.0,A,,R,0.0,R,0.0,R,0.0,R,0.0,A,,R,13.0
434557,2014,R,27.0,R,32.0,R,84.0,R,0.0,R,0.0,R,0.0,R,0.0,A,,R,0.0,R,0.0,R,0.0,R,0.0,A,,R,25.0
434566,2014,R,35.0,R,44.0,R,80.0,R,50.0,R,2.0,R,48.0,R,27.0,R,56.0,R,6.0,R,0.0,R,6.0,R,0.0,R,0.0,R,20.0
434575,2014,R,40.0,R,45.0,R,89.0,R,42.0,R,0.0,R,42.0,R,18.0,R,43.0,R,4.0,R,0.0,R,4.0,R,0.0,R,0.0,R,19.0
434584,2014,R,20.0,R,72.0,R,28.0,R,21.0,R,0.0,R,21.0,R,17.0,R,81.0,R,9.0,R,0.0,R,9.0,R,3.0,R,33.0,R,5.0
434672,2014,R,2091.0,R,6404.0,R,33.0,R,2508.0,R,0.0,R,2508.0,R,1304.0,R,52.0,R,2432.0,R,0.0,R,2432.0,R,998.0,R,41.0,R,17.0
434690,2014,R,77.0,R,77.0,R,100.0,R,38.0,R,0.0,R,38.0,R,26.0,R,68.0,R,17.0,R,0.0,R,17.0,R,8.0,R,47.0,R,24.0
434751,2014,R,15.0,R,23.0,R,65.0,R,7.0,R,0.0,R,7.0,R,4.0,R,57.0,R,4.0,R,0.0,R,4.0,R,0.0,R,0.0,R,6.0
434812,2014,A,,A,,A,,A,,A,,A,,A,,A,,A,,A,,A,,A,,A,,R,4.0
434821,2014,A,,A,,A,,R,109.0,R,0.0,R,109.0,R,89.0,R,82.0,R,38.0,Z,0.0,R,38.0,R,30.0,R,79.0,R,16.0
434830,2014,A,,A,,A,,R,47.0,R,0.0,R,47.0,R,34.0,R,72.0,R,33.0,R,0.0,R,33.0,R,24.0,R,73.0,R,25.0
434900,2014,R,292.0,R,292.0,R,100.0,R,415.0,R,0.0,R,415.0,R,290.0,R,70.0,A,,A,,A,,A,,A,,R,21.0
434937,2014,R,6.0,R,9.0,R,67.0,R,1.0,R,0.0,R,1.0,R,1.0,R,100.0,A,,A,,A,,A,,A,,R,5.0
434973,2014,A,,A,,A,,R,7.0,R,0.0,R,7.0,R,4.0,R,57.0,A,,A,,A,,A,,A,,R,9.0
435000,2014,A,,A,,A,,A,,A,,A,,A,,A,,A,,A,,A,,A,,A,,R,5.0
436003,2014,A,,A,,A,,R,39.0,R,0.0,R,39.0,R,31.0,R,79.0,R,27.0,R,0.0,R,27.0,R,21.0,R,78.0,R,19.0
436012,2014,A,,A,,A,,R,109.0,R,5.0,R,104.0,R,75.0,R,72.0,A,,A,,A,,A,,A,,R,20.0
436030,2014,A,,A,,A,,R,10.0,R,0.0,R,10.0,R,4.0,R,40.0,R,16.0,R,0.0,R,16.0,R,10.0,R,63.0,R,10.0
436067,2014,A,,A,,A,,R,12.0,R,0.0,R,12.0,R,9.0,R,75.0,A,,A,,A,,A,,A,,R,7.0
436094,2014,R,14.0,R,61.0,R,23.0,R,5.0,Z,0.0,R,5.0,R,1.0,R,20.0,R,11.0,Z,0.0,R,11.0,R,1.0,R,9.0,R,8.0
436100,2014,A,,A,,A,,R,27.0,R,5.0,R,22.0,R,18.0,R,82.0,A,,A,,A,,A,,A,,R,20.0
436182,2014,A,,A,,A,,R,45.0,R,0.0,R,45.0,R,19.0,R,42.0,A,,A,,A,,A,,A,,R,17.0
436191,2014,A,,A,,A,,R,1.0,R,0.0,R,1.0,R,1.0,R,100.0,A,,A,,A,,A,,A,,R,33.0
436270,2014,A,,A,,A,,A,,A,,A,,A,,A,,A,,A,,A,,A,,A,,R,25.0
436304,2014,R,290.0,R,927.0,R,31.0,R,229.0,Z,0.0,R,229.0,R,120.0,R,52.0,R,108.0,Z,0.0,R,108.0,R,28.0,R,26.0,R,27.0
436429,2014,A,,A,,A,,R,262.0,R,0.0,R,262.0,R,230.0,R,88.0,A,,A,,A,,A,,A,,R,16.0
436438,2014,R,2.0,R,41.0,R,5.0,R,6.0,Z,0.0,R,6.0,R,1.0,R,17.0,R,11.0,Z,0.0,R,11.0,R,4.0,R,36.0,R,7.0
436465,2014,R,87.0,R,87.0,R,100.0,R,129.0,R,1.0,R,128.0,R,84.0,R,66.0,A,,A,,A,,A,,A,,R,19.0
436483,2014,R,1.0,R,80.0,R,1.0,R,1.0,R,0.0,R,1.0,R,1.0,R,100.0,R,29.0,R,0.0,R,29.0,R,13.0,R,45.0,R,13.0
436553,2014,A,,A,,A,,R,13.0,R,0.0,R,13.0,R,10.0,R,77.0,A,,A,,A,,A,,A,,R,20.0
436599,2014,R,2.0,R,19.0,R,11.0,R,2.0,Z,0.0,R,2.0,R,2.0,R,100.0,R,17.0,R,0.0,R,17.0,R,14.0,R,82.0,R,5.0
436614,2014,R,14.0,R,22.0,R,64.0,R,10.0,R,1.0,R,9.0,R,8.0,R,89.0,R,0.0,R,0.0,R,0.0,R,0.0,A,,R,6.0
436632,2014,A,,A,,A,,R,31.0,R,0.0,R,31.0,R,26.0,R,84.0,R,19.0,R,0.0,R,19.0,R,17.0,R,89.0,R,10.0
436641,2014,A,,A,,A,,R,38.0,Z,0.0,R,38.0,R,20.0,R,53.0,R,6.0,Z,0.0,R,6.0,R,1.0,R,17.0,R,35.0
436650,2014,A,,A,,A,,A,,A,,A,,A,,A,,A,,A,,A,,A,,A,,R,27.0
436702,2014,A,,A,,A,,R,21.0,R,0.0,R,21.0,R,18.0,R,86.0,R,65.0,R,0.0,R,65.0,R,53.0,R,82.0,R,19.0
436775,2014,A,,A,,A,,R,56.0,Z,0.0,R,56.0,R,48.0,R,86.0,A,,A,,A,,A,,A,,R,13.0
436818,2014,R,786.0,R,943.0,R,83.0,R,639.0,Z,0.0,R,639.0,R,545.0,R,85.0,R,22.0,Z,0.0,R,22.0,R,13.0,R,59.0,R,21.0
436827,2014,R,269.0,R,325.0,R,83.0,R,209.0,R,2.0,R,207.0,R,180.0,R,87.0,R,3.0,Z,0.0,R,3.0,R,1.0,R,33.0,R,22.0
436836,2014,R,331.0,R,509.0,R,65.0,R,222.0,Z,0.0,R,222.0,R,193.0,R,87.0,R,9.0,Z,0.0,R,9.0,R,6.0,R,67.0,R,17.0
437042,2014,R,71.0,R,90.0,R,79.0,R,0.0,R,0.0,R,0.0,R,0.0,A,,R,0.0,R,0.0,R,0.0,R,0.0,A,,R,24.0
437051,2014,R,86.0,R,105.0,R,82.0,R,0.0,R,0.0,R,0.0,R,0.0,A,,R,0.0,R,0.0,R,0.0,R,0.0,A,,R,25.0
437060,2014,A,,A,,A,,R,65.0,R,0.0,R,65.0,R,33.0,R,51.0,A,,A,,A,,A,,A,,R,25.0
437097,2014,R,4.0,R,185.0,R,2.0,R,5.0,R,0.0,R,5.0,R,3.0,R,60.0,R,0.0,R,0.0,R,0.0,R,0.0,A,,R,22.0
437103,2014,R,1399.0,R,3068.0,R,46.0,R,1055.0,R,0.0,R,1055.0,R,507.0,R,48.0,R,579.0,R,0.0,R,579.0,R,206.0,R,36.0,R,28.0
437219,2014,R,50.0,R,57.0,R,88.0,R,0.0,R,0.0,R,0.0,R,0.0,A,,R,0.0,R,0.0,R,0.0,R,0.0,A,,R,27.0
437237,2014,A,,A,,A,,R,53.0,R,0.0,R,53.0,R,41.0,R,77.0,A,,A,,A,,A,,A,,R,12.0
437316,2014,A,,A,,A,,A,,A,,A,,A,,A,,A,,A,,A,,A,,A,,R,10.0
437325,2014,A,,A,,A,,A,,A,,A,,A,,A,,A,,A,,A,,A,,A,,R,13.0
437529,2014,A,,A,,A,,R,177.0,R,0.0,R,177.0,R,154.0,R,87.0,R,96.0,R,0.0,R,96.0,R,59.0,R,61.0,R,16.0
437556,2014,A,,A,,A,,A,,A,,A,,A,,A,,A,,A,,A,,A,,A,,R,30.0
437608,2014,A,,A,,A,,R,121.0,R,0.0,R,121.0,R,87.0,R,72.0,A,,A,,A,,A,,A,,R,20.0
437635,2014,A,,A,,A,,R,221.0,R,0.0,R,221.0,R,177.0,R,80.0,A,,A,,A,,A,,A,,R,16.0
437653,2014,A,,A,,A,,R,56.0,R,0.0,R,56.0,R,17.0,R,30.0,A,,A,,A,,A,,A,,R,7.0
437662,2014,A,,A,,A,,R,424.0,R,1.0,R,423.0,R,229.0,R,54.0,R,134.0,R,0.0,R,134.0,R,111.0,R,83.0,R,18.0
437705,2014,A,,A,,A,,R,5.0,R,0.0,R,5.0,R,5.0,R,100.0,R,0.0,R,0.0,R,0.0,R,0.0,A,,R,3.0
437732,2014,A,,A,,A,,R,61.0,R,0.0,R,61.0,R,33.0,R,54.0,R,0.0,R,0.0,R,0.0,R,0.0,A,,R,6.0
437750,2014,R,71.0,R,71.0,R,100.0,R,70.0,R,0.0,R,70.0,R,43.0,R,61.0,A,,A,,A,,A,,A,,R,17.0
437769,2014,A,,A,,A,,R,16.0,R,0.0,R,16.0,R,8.0,R,50.0,A,,A,,A,,A,,A,,R,15.0
437778,2014,A,,A,,A,,R,107.0,Z,0.0,R,107.0,R,61.0,R,57.0,A,,A,,A,,A,,A,,R,11.0
437848,2014,R,70.0,R,86.0,R,81.0,R,4.0,R,0.0,R,4.0,R,2.0,R,50.0,R,0.0,R,0.0,R,0.0,R,0.0,A,,R,19.0
437857,2014,A,,A,,A,,R,20.0,R,0.0,R,20.0,R,18.0,R,90.0,R,3.0,R,0.0,R,3.0,R,3.0,R,100.0,R,9.0
437884,2014,A,,A,,A,,R,10.0,R,0.0,R,10.0,R,7.0,R,70.0,A,,A,,A,,A,,A,,R,8.0
437936,2014,A,,A,,A,,R,55.0,R,0.0,R,55.0,R,41.0,R,75.0,R,0.0,R,0.0,R,0.0,R,0.0,A,,R,25.0
438151,2014,A,,A,,A,,R,15.0,R,0.0,R,15.0,R,8.0,R,53.0,A,,A,,A,,A,,A,,R,30.0
438179,2014,A,,A,,A,,R,11.0,Z,0.0,R,11.0,R,8.0,R,73.0,A,,A,,A,,A,,A,,R,19.0
438197,2014,A,,A,,A,,A,,A,,A,,A,,A,,A,,A,,A,,A,,A,,R,36.0
438212,2014,R,615.0,R,1091.0,R,56.0,R,453.0,R,0.0,R,453.0,R,296.0,R,65.0,R,192.0,R,0.0,R,192.0,R,87.0,R,45.0,R,18.0
438258,2014,A,,A,,A,,R,42.0,R,0.0,R,42.0,R,33.0,R,79.0,R,8.0,R,0.0,R,8.0,R,7.0,R,88.0,R,26.0
438267,2014,A,,A,,A,,R,249.0,R,0.0,R,249.0,R,184.0,R,74.0,A,,A,,A,,A,,A,,R,15.0
438285,2014,A,,A,,A,,R,127.0,R,0.0,R,127.0,R,97.0,R,76.0,A,,A,,A,,A,,A,,R,25.0
438294,2014,A,,A,,A,,R,42.0,R,0.0,R,42.0,R,31.0,R,74.0,A,,A,,A,,A,,A,,R,25.0
438337,2014,A,,A,,A,,R,147.0,R,0.0,R,147.0,R,107.0,R,73.0,R,34.0,R,0.0,R,34.0,R,17.0,R,50.0,R,20.0
438498,2014,R,37.0,R,445.0,R,8.0,R,11.0,R,0.0,R,11.0,R,6.0,R,55.0,R,41.0,R,0.0,R,41.0,R,23.0,R,56.0,R,5.0
438504,2014,A,,A,,A,,R,465.0,R,1.0,R,464.0,R,325.0,R,70.0,A,,A,,A,,A,,A,,R,34.0
438586,2014,R,21.0,R,213.0,R,10.0,R,36.0,Z,0.0,R,36.0,R,13.0,R,36.0,R,85.0,Z,0.0,R,85.0,R,30.0,R,35.0,R,23.0
438601,2014,A,,A,,A,,A,,A,,A,,A,,A,,A,,A,,A,,A,,A,,R,10.0
438647,2014,A,,A,,A,,R,127.0,R,3.0,R,124.0,R,84.0,R,68.0,R,1.0,R,0.0,R,1.0,R,1.0,R,100.0,R,24.0
438656,2014,A,,A,,A,,R,123.0,R,0.0,R,123.0,R,85.0,R,69.0,A,,A,,A,,A,,A,,R,30.0
438674,2014,A,,A,,A,,R,9.0,R,0.0,R,9.0,R,7.0,R,78.0,A,,A,,A,,A,,A,,R,12.0
438708,2014,R,60.0,R,128.0,R,47.0,R,55.0,Z,0.0,R,55.0,R,28.0,R,51.0,R,30.0,Z,0.0,R,30.0,R,13.0,R,43.0,R,15.0
438735,2014,A,,A,,A,,R,34.0,Z,0.0,R,34.0,R,22.0,R,65.0,R,2.0,Z,0.0,R,2.0,R,0.0,R,0.0,R,13.0
438805,2014,A,,A,,A,,R,177.0,R,1.0,R,176.0,R,122.0,R,69.0,R,29.0,R,0.0,R,29.0,R,17.0,R,59.0,R,24.0
438869,2014,A,,A,,A,,R,85.0,Z,0.0,R,85.0,R,46.0,R,54.0,A,,A,,A,,A,,A,,R,18.0
438902,2014,A,,A,,A,,R,0.0,R,0.0,R,0.0,R,0.0,A,,R,0.0,R,0.0,R,0.0,R,0.0,A,,R,30.0
438984,2014,A,,A,,A,,R,75.0,R,0.0,R,75.0,R,59.0,R,79.0,R,1.0,R,0.0,R,1.0,R,0.0,R,0.0,R,22.0
439020,2014,A,,A,,A,,A,,A,,A,,A,,A,,A,,A,,A,,A,,A,,R,12.0
439057,2014,R,6.0,R,41.0,R,15.0,R,0.0,Z,0.0,R,0.0,Z,0.0,A,,R,4.0,Z,0.0,R,4.0,R,2.0,R,50.0,R,8.0
439118,2014,A,,A,,A,,R,71.0,R,0.0,R,71.0,R,52.0,R,73.0,R,0.0,R,0.0,R,0.0,R,0.0,A,,R,38.0
439127,2014,A,,A,,A,,R,83.0,R,0.0,R,83.0,R,70.0,R,84.0,A,,A,,A,,A,,A,,R,36.0
439136,2014,R,33.0,R,39.0,R,85.0,R,1.0,R,0.0,R,1.0,R,1.0,R,100.0,R,0.0,R,0.0,R,0.0,R,0.0,A,,R,17.0
439145,2014,R,307.0,R,1478.0,R,21.0,R,253.0,Z,0.0,R,253.0,R,129.0,R,51.0,R,195.0,Z,0.0,R,195.0,R,85.0,R,44.0,R,17.0
439190,2014,R,267.0,R,1255.0,R,21.0,R,275.0,Z,0.0,R,275.0,R,172.0,R,63.0,R,106.0,Z,0.0,R,106.0,R,61.0,R,58.0,R,17.0
439288,2014,R,298.0,R,405.0,R,74.0,R,261.0,R,0.0,R,261.0,R,180.0,R,69.0,R,3.0,R,0.0,R,3.0,R,0.0,R,0.0,R,17.0
439297,2014,A,,A,,A,,R,18.0,R,0.0,R,18.0,R,9.0,R,50.0,A,,A,,A,,A,,A,,R,9.0
439303,2014,R,15.0,R,15.0,R,100.0,R,13.0,R,0.0,R,13.0,R,11.0,R,85.0,A,,A,,A,,A,,A,,R,8.0
439312,2014,R,10.0,R,11.0,R,91.0,R,5.0,R,0.0,R,5.0,R,4.0,R,80.0,A,,A,,A,,A,,A,,R,7.0
439367,2014,A,,A,,A,,R,67.0,R,0.0,R,67.0,R,60.0,R,90.0,A,,A,,A,,A,,A,,R,20.0
439394,2014,A,,A,,A,,A,,A,,A,,A,,A,,A,,A,,A,,A,,A,,R,7.0
439400,2014,A,,A,,A,,R,16.0,R,0.0,R,16.0,R,14.0,R,88.0,R,10.0,R,0.0,R,10.0,R,7.0,R,70.0,R,15.0
439437,2014,A,,A,,A,,R,55.0,R,0.0,R,55.0,R,43.0,R,78.0,R,0.0,R,0.0,R,0.0,R,0.0,A,,R,15.0
439446,2014,A,,A,,A,,A,,A,,A,,A,,A,,A,,A,,A,,A,,A,,R,8.0
439455,2014,R,56.0,R,113.0,R,50.0,R,36.0,R,0.0,R,36.0,R,22.0,R,61.0,R,113.0,R,0.0,R,113.0,R,76.0,R,67.0,R,22.0
439473,2014,A,,A,,A,,R,50.0,R,0.0,R,50.0,R,28.0,R,56.0,R,44.0,R,0.0,R,44.0,R,24.0,R,55.0,R,20.0
439482,2014,A,,A,,A,,R,44.0,R,0.0,R,44.0,R,27.0,R,61.0,R,18.0,R,0.0,R,18.0,R,11.0,R,61.0,R,13.0
439491,2014,A,,A,,A,,R,195.0,R,0.0,R,195.0,R,113.0,R,58.0,R,0.0,Z,0.0,R,0.0,Z,0.0,A,,R,15.0
439507,2014,A,,A,,A,,R,221.0,Z,0.0,R,221.0,R,157.0,R,71.0,A,,A,,A,,A,,A,,R,15.0
439525,2014,A,,A,,A,,A,,A,,A,,A,,A,,A,,A,,A,,A,,A,,R,8.0
439570,2014,A,,A,,A,,R,175.0,R,0.0,R,175.0,R,124.0,R,71.0,A,,A,,A,,A,,A,,R,30.0
439589,2014,A,,A,,A,,R,97.0,R,1.0,R,96.0,R,60.0,R,63.0,R,0.0,R,0.0,R,0.0,R,0.0,A,,R,20.0
439613,2014,R,11.0,R,106.0,R,10.0,R,12.0,R,2.0,R,10.0,R,5.0,R,50.0,R,3.0,R,2.0,R,1.0,R,1.0,R,100.0,R,13.0
439622,2014,A,,A,,A,,R,21.0,R,0.0,R,21.0,R,21.0,R,100.0,A,,A,,A,,A,,A,,R,19.0
439631,2014,A,,A,,A,,R,23.0,Z,0.0,R,23.0,R,22.0,R,96.0,A,,A,,A,,A,,A,,R,9.0
439668,2014,A,,A,,A,,A,,A,,A,,A,,A,,A,,A,,A,,A,,A,,R,17.0
439686,2014,A,,A,,A,,A,,A,,A,,A,,A,,A,,A,,A,,A,,A,,R,31.0
439701,2014,R,31.0,R,146.0,R,21.0,R,25.0,R,0.0,R,25.0,R,15.0,R,60.0,R,28.0,R,0.0,R,28.0,R,13.0,R,46.0,R,9.0
439738,2014,A,,A,,A,,R,27.0,Z,0.0,R,27.0,R,21.0,R,78.0,A,,A,,A,,A,,A,,R,20.0
439747,2014,A,,A,,A,,R,25.0,R,0.0,R,25.0,R,24.0,R,96.0,R,7.0,R,0.0,R,7.0,R,5.0,R,71.0,R,20.0
439774,2014,A,,A,,A,,R,23.0,R,0.0,R,23.0,R,20.0,R,87.0,R,9.0,R,0.0,R,9.0,R,7.0,R,78.0,R,18.0
439783,2014,A,,A,,A,,A,,A,,A,,A,,A,,A,,A,,A,,A,,A,,R,8.0
439792,2014,A,,A,,A,,R,40.0,Z,0.0,R,40.0,R,30.0,R,75.0,A,,A,,A,,A,,A,,R,22.0
439826,2014,A,,A,,A,,R,71.0,R,0.0,R,71.0,R,35.0,R,49.0,A,,A,,A,,A,,A,,R,35.0
439844,2014,A,,A,,A,,R,16.0,R,0.0,R,16.0,R,15.0,R,94.0,A,,A,,A,,A,,A,,R,14.0
439862,2014,R,9.0,R,22.0,R,41.0,R,8.0,R,0.0,R,8.0,R,4.0,R,50.0,R,0.0,R,0.0,R,0.0,R,0.0,A,,R,8.0
439871,2014,A,,A,,A,,R,19.0,R,0.0,R,19.0,R,16.0,R,84.0,A,,A,,A,,A,,A,,R,10.0
439899,2014,A,,A,,A,,R,27.0,R,0.0,R,27.0,R,17.0,R,63.0,R,1.0,R,0.0,R,1.0,R,1.0,R,100.0,R,18.0
439905,2014,A,,A,,A,,R,6.0,R,0.0,R,6.0,R,5.0,R,83.0,A,,A,,A,,A,,A,,R,38.0
439932,2014,A,,A,,A,,R,20.0,Z,0.0,R,20.0,R,16.0,R,80.0,A,,A,,A,,A,,A,,R,4.0
439969,2014,R,26.0,R,26.0,R,100.0,R,0.0,R,0.0,R,0.0,R,0.0,A,,A,,A,,A,,A,,A,,R,13.0
439978,2014,A,,A,,A,,R,31.0,R,0.0,R,31.0,R,24.0,R,77.0,A,,A,,A,,A,,A,,R,12.0
439996,2014,A,,A,,A,,R,78.0,R,0.0,R,78.0,R,63.0,R,81.0,A,,A,,A,,A,,A,,R,12.0
440059,2014,A,,A,,A,,R,89.0,R,0.0,R,89.0,R,60.0,R,67.0,R,4.0,R,0.0,R,4.0,R,4.0,R,100.0,R,13.0
440077,2014,A,,A,,A,,R,30.0,R,0.0,R,30.0,R,24.0,R,80.0,A,,A,,A,,A,,A,,R,11.0
440086,2014,A,,A,,A,,R,196.0,R,1.0,R,195.0,R,145.0,R,74.0,R,55.0,R,0.0,R,55.0,R,37.0,R,67.0,R,29.0
440101,2014,A,,A,,A,,R,28.0,R,0.0,R,28.0,R,13.0,R,46.0,R,4.0,R,0.0,R,4.0,R,1.0,R,25.0,R,21.0
440147,2014,R,48.0,R,57.0,R,84.0,R,10.0,R,0.0,R,10.0,R,4.0,R,40.0,R,0.0,R,0.0,R,0.0,R,0.0,A,,R,17.0
440165,2014,R,11.0,R,19.0,R,58.0,R,0.0,R,0.0,R,0.0,R,0.0,A,,R,0.0,R,0.0,R,0.0,R,0.0,A,,R,7.0
440174,2014,A,,A,,A,,R,6.0,R,0.0,R,6.0,R,6.0,R,100.0,A,,A,,A,,A,,A,,R,10.0
440217,2014,A,,A,,A,,R,13.0,R,0.0,R,13.0,R,11.0,R,85.0,A,,A,,A,,A,,A,,R,17.0
440226,2014,A,,A,,A,,R,29.0,R,2.0,R,27.0,R,16.0,R,59.0,A,,A,,A,,A,,A,,R,9.0
440262,2014,A,,A,,A,,R,141.0,R,0.0,R,141.0,R,123.0,R,87.0,A,,A,,A,,A,,A,,R,23.0
440271,2014,A,,A,,A,,R,125.0,Z,0.0,R,125.0,R,76.0,R,61.0,A,,A,,A,,A,,A,,R,17.0
440299,2014,A,,A,,A,,R,0.0,R,0.0,R,0.0,R,0.0,A,,R,0.0,R,0.0,R,0.0,R,0.0,A,,R,40.0
440323,2014,A,,A,,A,,R,34.0,R,0.0,R,34.0,R,26.0,R,76.0,A,,A,,A,,A,,A,,R,44.0
440332,2014,A,,A,,A,,R,104.0,R,0.0,R,104.0,R,67.0,R,64.0,A,,A,,A,,A,,A,,R,32.0
440341,2014,R,169.0,R,435.0,R,39.0,R,184.0,Z,0.0,R,184.0,R,85.0,R,46.0,R,18.0,Z,0.0,R,18.0,R,4.0,R,22.0,R,15.0
440369,2014,A,,A,,A,,R,53.0,R,0.0,R,53.0,R,33.0,R,62.0,A,,A,,A,,A,,A,,R,40.0
440402,2014,R,353.0,R,1595.0,R,22.0,R,289.0,R,0.0,R,289.0,R,159.0,R,55.0,R,69.0,R,0.0,R,69.0,R,39.0,R,57.0,R,16.0
440411,2014,A,,A,,A,,A,,A,,A,,A,,A,,A,,A,,A,,A,,A,,R,4.0
440420,2014,A,,A,,A,,R,3.0,R,0.0,R,3.0,R,0.0,R,0.0,A,,A,,A,,A,,A,,R,9.0
440457,2014,A,,A,,A,,R,8.0,R,0.0,R,8.0,R,4.0,R,50.0,A,,A,,A,,A,,A,,R,8.0
440466,2014,A,,A,,A,,R,13.0,R,0.0,R,13.0,R,6.0,R,46.0,A,,A,,A,,A,,A,,R,9.0
440484,2014,R,117.0,R,140.0,R,84.0,R,2.0,R,0.0,R,2.0,R,1.0,R,50.0,R,0.0,R,0.0,R,0.0,R,0.0,A,,R,20.0
440642,2014,R,53.0,R,54.0,R,98.0,R,55.0,R,2.0,R,53.0,R,32.0,R,60.0,R,4.0,R,0.0,R,4.0,R,1.0,R,25.0,R,19.0
440651,2014,R,304.0,R,595.0,R,51.0,R,66.0,R,0.0,R,66.0,R,48.0,R,73.0,R,0.0,R,0.0,R,0.0,R,0.0,A,,R,31.0
440721,2014,A,,A,,A,,R,62.0,R,0.0,R,62.0,R,55.0,R,89.0,R,50.0,R,0.0,R,50.0,R,47.0,R,94.0,R,10.0
440730,2014,A,,A,,A,,R,322.0,R,0.0,R,322.0,R,288.0,R,89.0,A,,A,,A,,A,,A,,R,19.0
440749,2014,R,6.0,R,140.0,R,4.0,R,1.0,R,0.0,R,1.0,R,0.0,R,0.0,R,5.0,R,0.0,R,5.0,R,1.0,R,20.0,R,13.0
440758,2014,R,2.0,R,65.0,R,3.0,R,0.0,Z,0.0,R,0.0,R,0.0,A,,R,13.0,Z,0.0,R,13.0,R,3.0,R,23.0,R,13.0
440767,2014,A,,A,,A,,R,0.0,R,0.0,R,0.0,R,0.0,A,,R,66.0,Z,0.0,R,66.0,R,26.0,R,39.0,R,13.0
440776,2014,A,,A,,A,,R,12.0,Z,0.0,R,12.0,R,6.0,R,50.0,A,,A,,A,,A,,A,,R,10.0
440794,2014,R,150.0,R,251.0,R,60.0,R,36.0,R,0.0,R,36.0,R,29.0,R,81.0,R,4.0,R,0.0,R,4.0,R,0.0,R,0.0,R,14.0
440800,2014,A,,A,,A,,R,0.0,R,0.0,R,0.0,R,0.0,A,,A,,A,,A,,A,,A,,R,5.0
440819,2014,A,,A,,A,,R,0.0,R,0.0,R,0.0,R,0.0,A,,A,,A,,A,,A,,A,,R,15.0
440828,2014,A,,A,,A,,A,,A,,A,,A,,A,,A,,A,,A,,A,,A,,R,11.0
440855,2014,A,,A,,A,,A,,A,,A,,A,,A,,A,,A,,A,,A,,A,,R,11.0
440873,2014,A,,A,,A,,R,141.0,R,0.0,R,141.0,R,65.0,R,46.0,A,,A,,A,,A,,A,,R,46.0
440882,2014,A,,A,,A,,R,23.0,R,0.0,R,23.0,R,11.0,R,48.0,A,,A,,A,,A,,A,,R,26.0
440891,2014,A,,A,,A,,R,37.0,R,0.0,R,37.0,R,16.0,R,43.0,A,,A,,A,,A,,A,,R,20.0
440907,2014,A,,A,,A,,R,253.0,R,0.0,R,253.0,R,207.0,R,82.0,R,244.0,R,0.0,R,244.0,R,180.0,R,74.0,R,20.0
440925,2014,R,16.0,R,25.0,R,64.0,R,14.0,Z,0.0,R,14.0,R,6.0,R,43.0,R,11.0,Z,0.0,R,11.0,R,6.0,R,55.0,R,11.0
440952,2014,A,,A,,A,,R,65.0,R,0.0,R,65.0,R,44.0,R,68.0,R,14.0,R,0.0,R,14.0,R,11.0,R,79.0,R,23.0
440989,2014,A,,A,,A,,R,93.0,R,0.0,R,93.0,R,49.0,R,53.0,A,,A,,A,,A,,A,,R,32.0
441016,2014,A,,A,,A,,R,181.0,R,0.0,R,181.0,R,96.0,R,53.0,A,,A,,A,,A,,A,,R,30.0
441025,2014,R,77.0,R,234.0,R,33.0,R,78.0,Z,0.0,R,78.0,R,51.0,R,65.0,R,39.0,Z,0.0,R,39.0,R,6.0,R,15.0,R,18.0
441052,2014,A,,A,,A,,R,187.0,R,0.0,R,187.0,R,139.0,R,74.0,A,,A,,A,,A,,A,,R,25.0
441070,2014,R,16.0,R,38.0,R,42.0,R,10.0,R,0.0,R,10.0,R,10.0,R,100.0,R,11.0,R,0.0,R,11.0,R,6.0,R,55.0,R,10.0
441089,2014,A,,A,,A,,R,409.0,R,0.0,R,409.0,R,317.0,R,78.0,A,,A,,A,,A,,A,,R,25.0
441168,2014,A,,A,,A,,R,18.0,R,0.0,R,18.0,R,16.0,R,89.0,A,,A,,A,,A,,A,,R,15.0
441195,2014,A,,A,,A,,R,20.0,R,0.0,R,20.0,R,16.0,R,80.0,A,,A,,A,,A,,A,,R,14.0
441201,2014,R,3.0,R,13.0,R,23.0,R,19.0,Z,0.0,R,19.0,R,9.0,R,47.0,R,9.0,Z,0.0,R,9.0,R,2.0,R,22.0,R,10.0
441210,2014,A,,A,,A,,R,40.0,R,0.0,R,40.0,R,29.0,R,73.0,R,121.0,R,0.0,R,121.0,R,83.0,R,69.0,R,16.0
441229,2014,R,186.0,R,299.0,R,62.0,R,185.0,R,0.0,R,185.0,R,145.0,R,78.0,A,,A,,A,,A,,A,,R,7.0
441256,2014,A,,A,,A,,R,21.0,R,0.0,R,21.0,R,18.0,R,86.0,A,,A,,A,,A,,A,,R,13.0
441274,2014,A,,A,,A,,R,21.0,Z,0.0,R,21.0,R,18.0,R,86.0,R,2.0,Z,0.0,R,2.0,R,1.0,R,50.0,R,15.0
441317,2014,A,,A,,A,,R,17.0,R,0.0,R,17.0,R,15.0,R,88.0,A,,A,,A,,A,,A,,R,6.0
441335,2014,A,,A,,A,,A,,A,,A,,A,,A,,A,,A,,A,,A,,A,,R,5.0
441353,2014,A,,A,,A,,R,5.0,R,0.0,R,5.0,R,5.0,R,100.0,A,,A,,A,,A,,A,,R,8.0
441362,2014,A,,A,,A,,R,106.0,R,0.0,R,106.0,R,75.0,R,71.0,R,20.0,R,0.0,R,20.0,R,13.0,R,65.0,R,29.0
441371,2014,A,,A,,A,,R,98.0,R,0.0,R,98.0,R,60.0,R,61.0,A,,A,,A,,A,,A,,R,15.0
441380,2014,A,,A,,A,,R,78.0,R,0.0,R,78.0,R,51.0,R,65.0,R,35.0,R,0.0,R,35.0,R,24.0,R,69.0,R,36.0
441405,2014,A,,A,,A,,R,12.0,R,0.0,R,12.0,R,8.0,R,67.0,A,,A,,A,,A,,A,,R,20.0
441414,2014,A,,A,,A,,R,25.0,R,0.0,R,25.0,R,10.0,R,40.0,R,129.0,Z,0.0,R,129.0,R,36.0,R,28.0,R,25.0
441423,2014,A,,A,,A,,R,145.0,R,0.0,R,145.0,R,131.0,R,90.0,A,,A,,A,,A,,A,,R,22.0
441441,2014,A,,A,,A,,R,191.0,R,0.0,R,191.0,R,155.0,R,81.0,A,,A,,A,,A,,A,,R,8.0
441478,2014,A,,A,,A,,A,,A,,A,,A,,A,,A,,A,,A,,A,,A,,R,10.0
441487,2014,A,,A,,A,,R,29.0,R,0.0,R,29.0,R,21.0,R,72.0,R,25.0,R,0.0,R,25.0,R,17.0,R,68.0,R,12.0
441496,2014,A,,A,,A,,R,0.0,Z,0.0,R,0.0,R,0.0,A,,R,0.0,Z,0.0,R,0.0,R,0.0,A,,R,7.0
441502,2014,A,,A,,A,,R,94.0,R,0.0,R,94.0,R,48.0,R,51.0,R,44.0,R,0.0,R,44.0,R,30.0,R,68.0,R,18.0
441511,2014,R,34.0,R,60.0,R,57.0,R,44.0,R,0.0,R,44.0,R,40.0,R,91.0,R,16.0,R,0.0,R,16.0,R,14.0,R,88.0,R,17.0
441548,2014,A,,A,,A,,R,129.0,R,0.0,R,129.0,R,118.0,R,91.0,A,,A,,A,,A,,A,,R,10.0
441575,2014,A,,A,,A,,R,234.0,R,0.0,R,234.0,R,179.0,R,76.0,A,,A,,A,,A,,A,,R,17.0
441593,2014,A,,A,,A,,R,12.0,R,0.0,R,12.0,R,12.0,R,100.0,A,,A,,A,,A,,A,,R,32.0
441609,2014,A,,A,,A,,R,1.0,Z,0.0,R,1.0,R,1.0,R,100.0,A,,A,,A,,A,,A,,R,8.0
441618,2014,A,,A,,A,,R,6.0,R,0.0,R,6.0,R,3.0,R,50.0,R,2.0,R,0.0,R,2.0,R,2.0,R,100.0,R,7.0
441627,2014,A,,A,,A,,A,,A,,A,,A,,A,,A,,A,,A,,A,,A,,R,2.0
441636,2014,A,,A,,A,,R,6.0,R,0.0,R,6.0,R,5.0,R,83.0,R,3.0,R,0.0,R,3.0,R,2.0,R,67.0,R,14.0
441645,2014,A,,A,,A,,R,14.0,R,0.0,R,14.0,R,9.0,R,64.0,R,0.0,R,0.0,R,0.0,R,0.0,A,,R,10.0
441663,2014,A,,A,,A,,R,117.0,R,0.0,R,117.0,R,77.0,R,66.0,R,4.0,R,0.0,R,4.0,R,2.0,R,50.0,R,7.0
441672,2014,A,,A,,A,,R,57.0,R,0.0,R,57.0,R,52.0,R,91.0,A,,A,,A,,A,,A,,R,6.0
441690,2014,R,17.0,R,102.0,R,17.0,R,9.0,R,0.0,R,9.0,R,6.0,R,67.0,R,5.0,R,0.0,R,5.0,R,4.0,R,80.0,R,12.0
441706,2014,A,,A,,A,,R,141.0,R,0.0,R,141.0,R,97.0,R,69.0,A,,A,,A,,A,,A,,R,17.0
441742,2014,A,,A,,A,,R,174.0,Z,0.0,R,174.0,R,142.0,R,82.0,A,,A,,A,,A,,A,,R,28.0
441751,2014,A,,A,,A,,R,1.0,R,0.0,R,1.0,R,1.0,R,100.0,A,,A,,A,,A,,A,,R,15.0
441760,2014,R,484.0,R,977.0,R,50.0,R,381.0,Z,0.0,R,381.0,R,193.0,R,51.0,R,221.0,Z,0.0,R,221.0,R,93.0,R,42.0,R,17.0
441779,2014,A,,A,,A,,R,21.0,Z,0.0,R,21.0,R,11.0,R,52.0,A,,A,,A,,A,,A,,R,18.0
441788,2014,A,,A,,A,,R,58.0,Z,0.0,R,58.0,R,36.0,R,62.0,R,1.0,Z,0.0,R,1.0,R,0.0,R,0.0,R,15.0
441830,2014,A,,A,,A,,R,28.0,R,0.0,R,28.0,R,25.0,R,89.0,A,,A,,A,,A,,A,,R,10.0
441858,2014,A,,A,,A,,R,82.0,R,0.0,R,82.0,R,18.0,R,22.0,R,43.0,R,0.0,R,43.0,R,3.0,R,7.0,R,14.0
441876,2014,A,,A,,A,,R,16.0,R,0.0,R,16.0,R,14.0,R,88.0,R,3.0,R,0.0,R,3.0,R,2.0,R,67.0,R,18.0
441900,2014,R,205.0,R,1170.0,R,18.0,R,163.0,Z,0.0,R,163.0,R,111.0,R,68.0,R,101.0,R,0.0,R,101.0,R,40.0,R,40.0,R,18.0
441919,2014,R,77.0,R,89.0,R,87.0,R,16.0,R,0.0,R,16.0,R,6.0,R,38.0,R,3.0,R,0.0,R,3.0,R,3.0,R,100.0,R,11.0
441928,2014,R,58.0,R,121.0,R,48.0,R,19.0,R,0.0,R,19.0,R,9.0,R,47.0,R,18.0,R,0.0,R,18.0,R,11.0,R,61.0,R,10.0
441937,2014,R,929.0,R,2112.0,R,44.0,R,823.0,Z,0.0,R,823.0,R,629.0,R,76.0,R,9.0,Z,0.0,R,9.0,R,8.0,R,89.0,R,22.0
441955,2014,R,116.0,R,145.0,R,80.0,R,0.0,R,0.0,R,0.0,R,0.0,A,,R,0.0,R,0.0,R,0.0,R,0.0,A,,R,29.0
441964,2014,R,40.0,R,60.0,R,67.0,R,0.0,R,0.0,R,0.0,R,0.0,A,,R,0.0,R,0.0,R,0.0,R,0.0,A,,R,33.0
441973,2014,R,141.0,R,362.0,R,39.0,R,121.0,Z,0.0,R,121.0,R,73.0,R,60.0,R,42.0,Z,0.0,R,42.0,R,15.0,R,36.0,R,17.0
441982,2014,R,79.0,R,103.0,R,77.0,R,82.0,R,1.0,R,81.0,R,78.0,R,96.0,A,,A,,A,,A,,A,,R,8.0
442037,2014,A,,A,,A,,R,27.0,R,0.0,R,27.0,R,19.0,R,70.0,R,0.0,R,0.0,R,0.0,R,0.0,A,,R,23.0
442046,2014,A,,A,,A,,R,159.0,R,0.0,R,159.0,R,97.0,R,61.0,R,12.0,R,0.0,R,12.0,R,8.0,R,67.0,R,30.0
442073,2014,A,,A,,A,,R,88.0,R,0.0,R,88.0,R,71.0,R,81.0,R,46.0,R,0.0,R,46.0,R,31.0,R,67.0,R,16.0
442134,2014,A,,A,,A,,R,199.0,R,0.0,R,199.0,R,130.0,R,65.0,A,,A,,A,,A,,A,,R,25.0
442161,2014,A,,A,,A,,R,39.0,R,0.0,R,39.0,R,24.0,R,62.0,A,,A,,A,,A,,A,,R,12.0
442204,2014,A,,A,,A,,R,80.0,Z,0.0,R,80.0,R,77.0,R,96.0,R,3.0,Z,0.0,R,3.0,R,2.0,R,67.0,R,32.0
442213,2014,A,,A,,A,,R,1.0,R,0.0,R,1.0,R,1.0,R,100.0,R,1.0,R,0.0,R,1.0,R,1.0,R,100.0,R,7.0
442222,2014,R,2.0,R,94.0,R,2.0,R,0.0,Z,0.0,R,0.0,Z,0.0,A,,R,14.0,Z,0.0,R,14.0,R,4.0,R,29.0,R,10.0
442231,2014,A,,A,,A,,R,129.0,Z,0.0,R,129.0,R,82.0,R,64.0,A,,A,,A,,A,,A,,R,34.0
442240,2014,A,,A,,A,,R,36.0,Z,0.0,R,36.0,R,33.0,R,92.0,R,8.0,Z,0.0,R,8.0,R,7.0,R,88.0,R,15.0
442329,2014,A,,A,,A,,R,336.0,R,0.0,R,336.0,R,223.0,R,66.0,A,,A,,A,,A,,A,,R,30.0
442338,2014,R,34.0,R,36.0,R,94.0,R,0.0,R,0.0,R,0.0,R,0.0,A,,R,0.0,R,0.0,R,0.0,R,0.0,A,,R,11.0
442347,2014,R,29.0,R,34.0,R,85.0,R,42.0,R,1.0,R,41.0,R,19.0,R,46.0,R,12.0,R,0.0,R,12.0,R,1.0,R,8.0,R,15.0
442356,2014,R,121.0,R,451.0,R,27.0,R,1.0,R,0.0,R,1.0,R,0.0,R,0.0,R,1.0,R,0.0,R,1.0,R,0.0,R,0.0,R,12.0
442383,2014,R,60.0,R,88.0,R,68.0,R,62.0,R,0.0,R,62.0,R,40.0,R,65.0,R,1.0,R,0.0,R,1.0,R,0.0,R,0.0,R,17.0
442408,2014,A,,A,,A,,R,42.0,R,0.0,R,42.0,R,28.0,R,67.0,A,,A,,A,,A,,A,,R,24.0
442426,2014,A,,A,,A,,R,40.0,Z,0.0,R,40.0,R,32.0,R,80.0,R,10.0,Z,0.0,R,10.0,R,5.0,R,50.0,R,14.0
442435,2014,R,21.0,R,21.0,R,100.0,R,14.0,R,0.0,R,14.0,R,8.0,R,57.0,A,,A,,A,,A,,A,,R,12.0
442523,2014,R,27.0,R,28.0,R,96.0,R,19.0,R,0.0,R,19.0,R,9.0,R,47.0,R,1.0,R,0.0,R,1.0,R,1.0,R,100.0,R,15.0
442569,2014,A,,A,,A,,R,1773.0,R,0.0,R,1773.0,R,478.0,R,27.0,R,139.0,R,0.0,R,139.0,R,31.0,R,22.0,R,22.0
442578,2014,R,4.0,R,31.0,R,13.0,R,1.0,R,0.0,R,1.0,R,1.0,R,100.0,R,0.0,R,0.0,R,0.0,R,0.0,A,,R,10.0
442602,2014,A,,A,,A,,R,43.0,R,0.0,R,43.0,R,31.0,R,72.0,R,7.0,R,0.0,R,7.0,R,4.0,R,57.0,R,27.0
442611,2014,A,,A,,A,,R,358.0,R,4.0,R,354.0,R,237.0,R,67.0,A,,A,,A,,A,,A,,R,31.0
442620,2014,A,,A,,A,,A,,A,,A,,A,,A,,A,,A,,A,,A,,A,,R,20.0
442639,2014,R,4.0,R,9.0,R,44.0,R,3.0,R,0.0,R,3.0,R,2.0,R,67.0,A,,A,,A,,A,,A,,R,13.0
442657,2014,A,,A,,A,,R,96.0,Z,0.0,R,96.0,R,67.0,R,70.0,A,,A,,A,,A,,A,,R,9.0
442718,2014,A,,A,,A,,R,0.0,Z,0.0,R,0.0,R,0.0,A,,R,14.0,R,0.0,R,14.0,R,6.0,R,43.0,R,13.0
442727,2014,A,,A,,A,,R,270.0,R,0.0,R,270.0,R,217.0,R,80.0,A,,A,,A,,A,,A,,R,30.0
442736,2014,A,,A,,A,,R,41.0,R,0.0,R,41.0,R,31.0,R,76.0,A,,A,,A,,A,,A,,R,30.0
442745,2014,A,,A,,A,,R,69.0,R,0.0,R,69.0,R,37.0,R,54.0,A,,A,,A,,A,,A,,R,13.0
442781,2014,R,34.0,R,61.0,R,56.0,R,12.0,R,0.0,R,12.0,R,6.0,R,50.0,R,20.0,R,0.0,R,20.0,R,7.0,R,35.0,R,8.0
442790,2014,A,,A,,A,,R,92.0,R,0.0,R,92.0,R,50.0,R,54.0,R,3.0,R,0.0,R,3.0,R,1.0,R,33.0,R,24.0
442815,2014,A,,A,,A,,A,,A,,A,,A,,A,,A,,A,,A,,A,,A,,R,22.0
442842,2014,R,3.0,R,6.0,R,50.0,R,0.0,R,0.0,R,0.0,R,0.0,A,,R,0.0,R,0.0,R,0.0,R,0.0,A,,R,14.0
442879,2014,A,,A,,A,,R,317.0,R,0.0,R,317.0,R,282.0,R,89.0,A,,A,,A,,A,,A,,R,26.0
442888,2014,A,,A,,A,,R,12.0,R,0.0,R,12.0,R,9.0,R,75.0,A,,A,,A,,A,,A,,R,14.0
442897,2014,A,,A,,A,,R,0.0,Z,0.0,R,0.0,Z,0.0,A,,R,0.0,R,0.0,R,0.0,R,0.0,A,,R,3.0
442930,2014,A,,A,,A,,R,148.0,R,0.0,R,148.0,R,101.0,R,68.0,A,,A,,A,,A,,A,,R,15.0
442949,2014,A,,A,,A,,A,,A,,A,,A,,A,,A,,A,,A,,A,,A,,R,5.0
442958,2014,A,,A,,A,,R,15.0,Z,0.0,R,15.0,R,13.0,R,87.0,R,3.0,Z,0.0,R,3.0,R,3.0,R,100.0,R,20.0
442967,2014,A,,A,,A,,R,34.0,R,0.0,R,34.0,R,21.0,R,62.0,A,,A,,A,,A,,A,,R,25.0
442976,2014,A,,A,,A,,R,40.0,Z,0.0,R,40.0,R,26.0,R,65.0,A,,A,,A,,A,,A,,R,16.0
442985,2014,A,,A,,A,,R,3.0,R,0.0,R,3.0,R,2.0,R,67.0,A,,A,,A,,A,,A,,R,10.0
443021,2014,A,,A,,A,,R,108.0,Z,0.0,R,108.0,R,60.0,R,56.0,A,,A,,A,,A,,A,,R,22.0
443049,2014,R,9.0,R,35.0,R,26.0,R,10.0,R,0.0,R,10.0,R,7.0,R,70.0,R,0.0,R,0.0,R,0.0,R,0.0,A,,R,15.0
443058,2014,R,1.0,R,8.0,R,13.0,R,2.0,R,0.0,R,2.0,R,1.0,R,50.0,R,0.0,R,0.0,R,0.0,R,0.0,A,,R,4.0
443100,2014,A,,A,,A,,R,79.0,R,0.0,R,79.0,R,40.0,R,51.0,A,,A,,A,,A,,A,,R,15.0
443137,2014,A,,A,,A,,A,,A,,A,,A,,A,,A,,A,,A,,A,,A,,R,19.0
443146,2014,A,,A,,A,,R,10.0,R,0.0,R,10.0,R,8.0,R,80.0,R,5.0,Z,0.0,R,5.0,R,5.0,R,100.0,R,20.0
443173,2014,A,,A,,A,,R,11.0,R,0.0,R,11.0,R,9.0,R,82.0,R,1.0,R,0.0,R,1.0,R,0.0,R,0.0,R,11.0
443207,2014,A,,A,,A,,A,,A,,A,,A,,A,,A,,A,,A,,A,,A,,R,13.0
443216,2014,A,,A,,A,,R,35.0,R,0.0,R,35.0,R,22.0,R,63.0,A,,A,,A,,A,,A,,R,20.0
443225,2014,A,,A,,A,,R,57.0,R,0.0,R,57.0,R,42.0,R,74.0,A,,A,,A,,A,,A,,R,24.0
443234,2014,A,,A,,A,,R,35.0,R,0.0,R,35.0,R,24.0,R,69.0,A,,A,,A,,A,,A,,R,20.0
443252,2014,A,,A,,A,,R,490.0,R,0.0,R,490.0,R,452.0,R,92.0,A,,A,,A,,A,,A,,R,17.0
443261,2014,A,,A,,A,,R,45.0,R,0.0,R,45.0,R,34.0,R,76.0,R,23.0,R,0.0,R,23.0,R,16.0,R,70.0,R,8.0
443270,2014,R,56.0,R,85.0,R,66.0,R,71.0,R,0.0,R,71.0,R,50.0,R,70.0,R,19.0,R,0.0,R,19.0,R,16.0,R,84.0,R,6.0
443289,2014,A,,A,,A,,R,19.0,R,2.0,R,17.0,R,16.0,R,94.0,A,,A,,A,,A,,A,,R,17.0
443298,2014,A,,A,,A,,R,30.0,R,0.0,R,30.0,R,19.0,R,63.0,A,,A,,A,,A,,A,,R,25.0
443322,2014,A,,A,,A,,R,78.0,R,0.0,R,78.0,R,57.0,R,73.0,A,,A,,A,,A,,A,,R,6.0
443331,2014,R,13.0,R,157.0,R,8.0,R,16.0,R,0.0,R,16.0,R,15.0,R,94.0,R,0.0,R,0.0,R,0.0,R,0.0,A,,R,16.0
443340,2014,R,4.0,R,12.0,R,33.0,R,8.0,R,0.0,R,8.0,R,6.0,R,75.0,R,0.0,R,0.0,R,0.0,R,0.0,A,,R,7.0
443359,2014,A,,A,,A,,R,22.0,R,0.0,R,22.0,R,15.0,R,68.0,R,6.0,R,0.0,R,6.0,R,4.0,R,67.0,R,15.0
443377,2014,R,58.0,R,66.0,R,88.0,R,60.0,R,0.0,R,60.0,R,44.0,R,73.0,A,,A,,A,,A,,A,,R,9.0
443410,2014,R,154.0,R,282.0,R,55.0,R,158.0,Z,0.0,R,158.0,R,116.0,R,73.0,R,8.0,Z,0.0,R,8.0,R,0.0,R,0.0,R,14.0
443438,2014,A,,A,,A,,R,14.0,Z,0.0,R,14.0,R,8.0,R,57.0,A,,A,,A,,A,,A,,R,18.0
443483,2014,A,,A,,A,,A,,A,,A,,A,,A,,A,,A,,A,,A,,A,,R,10.0
443492,2014,R,374.0,R,1130.0,R,33.0,R,503.0,R,0.0,R,503.0,R,198.0,R,39.0,R,69.0,R,0.0,R,69.0,R,18.0,R,26.0,R,15.0
443526,2014,R,46.0,R,60.0,R,77.0,R,2.0,R,0.0,R,2.0,R,1.0,R,50.0,R,0.0,R,0.0,R,0.0,R,0.0,A,,R,27.0
443535,2014,R,57.0,R,65.0,R,88.0,R,0.0,R,0.0,R,0.0,R,0.0,A,,R,0.0,R,0.0,R,0.0,R,0.0,A,,R,16.0
443544,2014,A,,A,,A,,R,21.0,R,0.0,R,21.0,R,6.0,R,29.0,A,,A,,A,,A,,A,,R,8.0
443562,2014,R,327.0,R,393.0,R,83.0,R,348.0,R,0.0,R,348.0,R,227.0,R,65.0,R,42.0,R,0.0,R,42.0,R,26.0,R,62.0,R,22.0
443571,2014,A,,A,,A,,R,12.0,R,0.0,R,12.0,R,9.0,R,75.0,A,,A,,A,,A,,A,,R,13.0
443599,2014,R,1.0,R,137.0,R,1.0,R,0.0,R,0.0,R,0.0,R,0.0,A,,R,0.0,R,0.0,R,0.0,R,0.0,A,,R,19.0
443623,2014,A,,A,,A,,R,158.0,Z,0.0,R,158.0,R,103.0,R,65.0,A,,A,,A,,A,,A,,R,35.0
443632,2014,A,,A,,A,,R,85.0,R,12.0,R,73.0,R,50.0,R,68.0,A,,A,,A,,A,,A,,R,17.0
443641,2014,A,,A,,A,,R,31.0,Z,0.0,R,31.0,R,25.0,R,81.0,R,15.0,Z,0.0,R,15.0,R,13.0,R,87.0,R,15.0
443650,2014,R,70.0,R,171.0,R,41.0,R,77.0,Z,0.0,R,77.0,R,49.0,R,64.0,R,40.0,Z,0.0,R,40.0,R,21.0,R,53.0,R,15.0
443669,2014,A,,A,,A,,R,111.0,Z,0.0,R,111.0,R,81.0,R,73.0,A,,A,,A,,A,,A,,R,10.0
443678,2014,A,,A,,A,,R,31.0,R,0.0,R,31.0,R,26.0,R,84.0,R,13.0,R,0.0,R,13.0,R,12.0,R,92.0,R,13.0
443687,2014,R,78.0,R,80.0,R,98.0,R,8.0,R,0.0,R,8.0,R,1.0,R,13.0,R,0.0,R,0.0,R,0.0,R,0.0,A,,R,18.0
443696,2014,A,,A,,A,,R,10.0,Z,0.0,R,10.0,R,7.0,R,70.0,A,,A,,A,,A,,A,,R,10.0
443748,2014,A,,A,,A,,R,75.0,R,0.0,R,75.0,R,51.0,R,68.0,A,,A,,A,,A,,A,,R,30.0
443766,2014,R,9.0,R,419.0,R,2.0,R,2.0,Z,0.0,R,2.0,R,1.0,R,50.0,R,124.0,Z,0.0,R,124.0,R,15.0,R,12.0,R,18.0
443784,2014,R,12.0,R,365.0,R,3.0,R,7.0,Z,0.0,R,7.0,R,4.0,R,57.0,R,163.0,Z,0.0,R,163.0,R,44.0,R,27.0,R,19.0
443827,2014,A,,A,,A,,R,87.0,R,0.0,R,87.0,R,69.0,R,79.0,A,,A,,A,,A,,A,,R,30.0
443836,2014,A,,A,,A,,R,57.0,R,0.0,R,57.0,R,50.0,R,88.0,A,,A,,A,,A,,A,,R,23.0
443845,2014,A,,A,,A,,R,124.0,R,0.0,R,124.0,R,13.0,R,10.0,A,,A,,A,,A,,A,,R,12.0
443854,2014,A,,A,,A,,R,97.0,R,0.0,R,97.0,R,56.0,R,58.0,R,3.0,R,0.0,R,3.0,R,1.0,R,33.0,R,30.0
443942,2014,A,,A,,A,,R,16.0,R,0.0,R,16.0,R,11.0,R,69.0,A,,A,,A,,A,,A,,R,15.0
443951,2014,A,,A,,A,,R,20.0,R,0.0,R,20.0,R,15.0,R,75.0,A,,A,,A,,A,,A,,R,14.0
443979,2014,A,,A,,A,,R,4.0,R,0.0,R,4.0,R,3.0,R,75.0,R,2.0,R,0.0,R,2.0,R,2.0,R,100.0,R,8.0
444024,2014,A,,A,,A,,R,103.0,R,0.0,R,103.0,R,71.0,R,69.0,R,0.0,R,0.0,R,0.0,R,0.0,A,,R,24.0
444042,2014,R,200.0,R,349.0,R,57.0,R,82.0,R,0.0,R,82.0,R,50.0,R,61.0,R,6.0,R,0.0,R,6.0,R,2.0,R,33.0,R,26.0
444051,2014,A,,A,,A,,R,33.0,R,0.0,R,33.0,R,24.0,R,73.0,R,13.0,R,0.0,R,13.0,R,8.0,R,62.0,R,17.0
444079,2014,A,,A,,A,,R,25.0,Z,0.0,R,25.0,R,13.0,R,52.0,R,5.0,Z,0.0,R,5.0,R,4.0,R,80.0,R,7.0
444088,2014,A,,A,,A,,R,8.0,Z,0.0,R,8.0,R,5.0,R,63.0,A,,A,,A,,A,,A,,R,19.0
444130,2014,A,,A,,A,,A,,A,,A,,A,,A,,A,,A,,A,,A,,A,,R,2.0
444158,2014,R,862.0,R,4293.0,R,20.0,R,708.0,Z,0.0,R,708.0,R,297.0,R,42.0,R,282.0,Z,0.0,R,282.0,R,89.0,R,32.0,R,30.0
444167,2014,R,238.0,R,914.0,R,26.0,R,46.0,Z,0.0,R,46.0,R,16.0,R,35.0,R,9.0,Z,0.0,R,9.0,R,3.0,R,33.0,R,35.0
444194,2014,A,,A,,A,,R,33.0,R,3.0,R,30.0,R,24.0,R,80.0,A,,A,,A,,A,,A,,R,15.0
444200,2014,A,,A,,A,,R,62.0,R,1.0,R,61.0,R,45.0,R,74.0,R,62.0,R,1.0,R,61.0,R,45.0,R,74.0,R,19.0
444219,2014,R,620.0,R,2808.0,R,22.0,R,541.0,Z,0.0,R,541.0,R,395.0,R,73.0,R,980.0,Z,0.0,R,980.0,R,465.0,R,47.0,R,27.0
444228,2014,A,,A,,A,,R,11.0,Z,0.0,R,11.0,R,9.0,R,82.0,A,,A,,A,,A,,A,,R,8.0
444237,2014,A,,A,,A,,A,,A,,A,,A,,A,,A,,A,,A,,A,,A,,R,40.0
444255,2014,R,8.0,R,22.0,R,36.0,R,0.0,R,0.0,R,0.0,R,0.0,A,,R,0.0,R,0.0,R,0.0,R,0.0,A,,R,6.0
444264,2014,A,,A,,A,,R,36.0,R,0.0,R,36.0,R,30.0,R,83.0,R,11.0,R,0.0,R,11.0,R,8.0,R,73.0,R,8.0
444282,2014,A,,A,,A,,R,45.0,R,0.0,R,45.0,R,33.0,R,73.0,R,13.0,R,0.0,R,13.0,R,8.0,R,62.0,R,19.0
444291,2014,A,,A,,A,,R,39.0,R,0.0,R,39.0,R,18.0,R,46.0,R,8.0,R,0.0,R,8.0,R,5.0,R,63.0,R,14.0
444307,2014,A,,A,,A,,R,40.0,R,0.0,R,40.0,R,27.0,R,68.0,R,10.0,R,0.0,R,10.0,R,5.0,R,50.0,R,19.0
444316,2014,A,,A,,A,,R,148.0,R,0.0,R,148.0,R,125.0,R,84.0,A,,A,,A,,A,,A,,R,16.0
444325,2014,A,,A,,A,,R,29.0,R,0.0,R,29.0,R,15.0,R,52.0,R,1.0,R,0.0,R,1.0,R,1.0,R,100.0,R,27.0
444334,2014,A,,A,,A,,R,34.0,R,0.0,R,34.0,R,9.0,R,26.0,A,,A,,A,,A,,A,,R,15.0
444343,2014,A,,A,,A,,R,140.0,Z,0.0,R,140.0,R,112.0,R,80.0,A,,A,,A,,A,,A,,R,15.0
444352,2014,A,,A,,A,,R,11.0,R,0.0,R,11.0,R,3.0,R,27.0,A,,A,,A,,A,,A,,R,2.0
444361,2014,A,,A,,A,,R,30.0,R,0.0,R,30.0,R,26.0,R,87.0,A,,A,,A,,A,,A,,R,18.0
444370,2014,A,,A,,A,,A,,A,,A,,A,,A,,A,,A,,A,,A,,A,,R,23.0
444398,2014,R,19.0,R,35.0,R,54.0,R,15.0,R,0.0,R,15.0,R,11.0,R,73.0,R,1.0,R,0.0,R,1.0,R,1.0,R,100.0,R,9.0
444404,2014,A,,A,,A,,R,40.0,R,0.0,R,40.0,R,38.0,R,95.0,R,26.0,R,0.0,R,26.0,R,21.0,R,81.0,R,15.0
444413,2014,R,32.0,R,39.0,R,82.0,R,32.0,R,0.0,R,32.0,R,24.0,R,75.0,A,,A,,A,,A,,A,,R,18.0
444422,2014,A,,A,,A,,R,14.0,R,0.0,R,14.0,R,7.0,R,50.0,A,,A,,A,,A,,A,,R,16.0
444440,2014,A,,A,,A,,R,76.0,Z,0.0,R,76.0,R,65.0,R,86.0,A,,A,,A,,A,,A,,R,15.0
444468,2014,A,,A,,A,,R,12.0,R,0.0,R,12.0,R,10.0,R,83.0,A,,A,,A,,A,,A,,R,9.0
444486,2014,A,,A,,A,,R,14.0,R,0.0,R,14.0,R,11.0,R,79.0,R,10.0,R,0.0,R,10.0,R,9.0,R,90.0,R,15.0
444510,2014,A,,A,,A,,R,47.0,R,0.0,R,47.0,R,37.0,R,79.0,R,6.0,R,0.0,R,6.0,R,4.0,R,67.0,R,19.0
444529,2014,A,,A,,A,,A,,A,,A,,A,,A,,A,,A,,A,,A,,A,,R,25.0
444547,2014,R,1.0,R,2.0,R,50.0,R,1.0,R,1.0,R,0.0,R,0.0,A,,A,,A,,A,,A,,A,,R,9.0
444556,2014,A,,A,,A,,R,247.0,R,0.0,R,247.0,R,193.0,R,78.0,A,,A,,A,,A,,A,,R,23.0
444565,2014,R,10.0,R,140.0,R,7.0,R,2.0,R,0.0,R,2.0,R,2.0,R,100.0,R,31.0,R,0.0,R,31.0,R,15.0,R,48.0,R,13.0
444574,2014,A,,A,,A,,R,0.0,R,0.0,R,0.0,R,0.0,A,,A,,A,,A,,A,,A,,R,20.0
444583,2014,A,,A,,A,,R,490.0,R,0.0,R,490.0,R,413.0,R,84.0,A,,A,,A,,A,,A,,R,30.0
444592,2014,A,,A,,A,,R,14.0,R,0.0,R,14.0,R,2.0,R,14.0,R,9.0,R,0.0,R,9.0,R,1.0,R,11.0,R,10.0
444608,2014,A,,A,,A,,R,11.0,R,0.0,R,11.0,R,9.0,R,82.0,A,,A,,A,,A,,A,,R,10.0
444635,2014,A,,A,,A,,A,,A,,A,,A,,A,,A,,A,,A,,A,,A,,R,6.0
444644,2014,A,,A,,A,,R,6.0,R,0.0,R,6.0,R,5.0,R,83.0,A,,A,,A,,A,,A,,R,22.0
444653,2014,A,,A,,A,,R,46.0,R,0.0,R,46.0,R,22.0,R,48.0,R,24.0,R,0.0,R,24.0,R,6.0,R,25.0,R,15.0
444662,2014,A,,A,,A,,R,32.0,R,0.0,R,32.0,R,30.0,R,94.0,A,,A,,A,,A,,A,,R,11.0
444671,2014,A,,A,,A,,R,73.0,R,0.0,R,73.0,R,52.0,R,71.0,A,,A,,A,,A,,A,,R,16.0
444680,2014,A,,A,,A,,R,43.0,R,0.0,R,43.0,R,34.0,R,79.0,A,,A,,A,,A,,A,,R,25.0
444705,2014,A,,A,,A,,R,15.0,Z,0.0,R,15.0,R,13.0,R,87.0,A,,A,,A,,A,,A,,R,4.0
444714,2014,A,,A,,A,,R,124.0,Z,0.0,R,124.0,R,59.0,R,48.0,A,,A,,A,,A,,A,,R,32.0
444723,2014,A,,A,,A,,R,249.0,R,0.0,R,249.0,R,68.0,R,27.0,R,71.0,R,0.0,R,71.0,R,30.0,R,42.0,R,34.0
444732,2014,A,,A,,A,,R,101.0,R,0.0,R,101.0,R,69.0,R,68.0,A,,A,,A,,A,,A,,R,23.0
444769,2014,A,,A,,A,,R,3.0,R,0.0,R,3.0,R,2.0,R,67.0,R,40.0,R,0.0,R,40.0,R,27.0,R,68.0,R,12.0
444778,2014,A,,A,,A,,R,1.0,Z,0.0,R,1.0,R,0.0,R,0.0,R,3.0,Z,0.0,R,3.0,R,2.0,R,67.0,R,4.0
444787,2014,A,,A,,A,,R,0.0,R,0.0,R,0.0,R,0.0,A,,A,,A,,A,,A,,A,,R,8.0
444796,2014,A,,A,,A,,R,90.0,R,0.0,R,90.0,R,77.0,R,86.0,A,,A,,A,,A,,A,,R,10.0
444811,2014,A,,A,,A,,R,25.0,R,0.0,R,25.0,R,15.0,R,60.0,A,,A,,A,,A,,A,,R,23.0
444857,2014,A,,A,,A,,R,16.0,R,0.0,R,16.0,R,16.0,R,100.0,A,,A,,A,,A,,A,,R,9.0
444866,2014,A,,A,,A,,R,21.0,R,0.0,R,21.0,R,13.0,R,62.0,R,5.0,R,0.0,R,5.0,R,3.0,R,60.0,R,11.0
444893,2014,A,,A,,A,,R,206.0,R,0.0,R,206.0,R,135.0,R,66.0,A,,A,,A,,A,,A,,R,35.0
444909,2014,A,,A,,A,,R,4.0,R,0.0,R,4.0,R,0.0,R,0.0,A,,A,,A,,A,,A,,R,4.0
444927,2014,R,70.0,R,143.0,R,49.0,R,41.0,Z,0.0,R,41.0,R,17.0,R,41.0,R,6.0,R,0.0,R,6.0,R,0.0,R,0.0,R,17.0
444936,2014,A,,A,,A,,R,47.0,R,2.0,R,45.0,R,39.0,R,87.0,A,,A,,A,,A,,A,,R,10.0
444945,2014,A,,A,,A,,R,87.0,R,0.0,R,87.0,R,46.0,R,53.0,A,,A,,A,,A,,A,,R,11.0
444954,2014,R,349.0,R,867.0,R,40.0,R,384.0,R,0.0,R,384.0,R,179.0,R,47.0,R,150.0,R,0.0,R,150.0,R,37.0,R,25.0,R,18.0
444972,2014,R,15.0,R,23.0,R,65.0,R,0.0,R,0.0,R,0.0,R,0.0,A,,R,0.0,R,0.0,R,0.0,R,0.0,A,,R,5.0
444990,2014,A,,A,,A,,A,,A,,A,,A,,A,,A,,A,,A,,A,,A,,R,16.0
445027,2014,R,513.0,R,2779.0,R,18.0,R,399.0,Z,0.0,R,399.0,R,143.0,R,36.0,R,167.0,Z,0.0,R,167.0,R,82.0,R,49.0,R,41.0
445072,2014,R,79.0,R,94.0,R,84.0,R,0.0,R,0.0,R,0.0,R,0.0,A,,R,0.0,R,0.0,R,0.0,R,0.0,A,,R,14.0
445081,2014,R,29.0,R,37.0,R,78.0,R,0.0,R,0.0,R,0.0,R,0.0,A,,R,0.0,R,0.0,R,0.0,R,0.0,A,,R,14.0
445090,2014,R,127.0,R,146.0,R,87.0,R,35.0,R,0.0,R,35.0,R,17.0,R,49.0,R,15.0,R,0.0,R,15.0,R,8.0,R,53.0,R,11.0
445115,2014,A,,A,,A,,R,65.0,Z,0.0,R,65.0,R,46.0,R,71.0,A,,A,,A,,A,,A,,R,36.0
445124,2014,A,,A,,A,,A,,A,,A,,A,,A,,A,,A,,A,,A,,A,,R,8.0
445133,2014,R,33.0,R,107.0,R,31.0,R,28.0,Z,0.0,R,28.0,R,21.0,R,75.0,R,20.0,Z,0.0,R,20.0,R,12.0,R,60.0,R,20.0
445188,2014,R,1548.0,R,1659.0,R,93.0,R,1653.0,R,0.0,R,1653.0,R,1365.0,R,83.0,R,1.0,R,0.0,R,1.0,R,1.0,R,100.0,R,20.0
445197,2014,A,,A,,A,,R,85.0,R,0.0,R,85.0,R,54.0,R,64.0,A,,A,,A,,A,,A,,R,20.0
445203,2014,A,,A,,A,,R,147.0,Z,0.0,R,147.0,R,108.0,R,73.0,A,,A,,A,,A,,A,,R,15.0
445212,2014,A,,A,,A,,R,28.0,Z,0.0,R,28.0,R,25.0,R,89.0,R,12.0,Z,0.0,R,12.0,R,10.0,R,83.0,R,15.0
445221,2014,A,,A,,A,,R,18.0,R,0.0,R,18.0,R,10.0,R,56.0,R,7.0,R,0.0,R,7.0,R,4.0,R,57.0,R,9.0
445230,2014,A,,A,,A,,R,347.0,R,0.0,R,347.0,R,181.0,R,52.0,A,,A,,A,,A,,A,,R,25.0
445249,2014,A,,A,,A,,R,82.0,Z,0.0,R,82.0,R,52.0,R,63.0,A,,A,,A,,A,,A,,R,24.0
445258,2014,A,,A,,A,,R,0.0,R,0.0,R,0.0,R,0.0,A,,A,,A,,A,,A,,A,,R,9.0
445267,2014,A,,A,,A,,A,,A,,A,,A,,A,,A,,A,,A,,A,,A,,R,30.0
445276,2014,R,58.0,R,78.0,R,74.0,R,0.0,R,0.0,R,0.0,R,0.0,A,,R,0.0,R,0.0,R,0.0,R,0.0,A,,R,17.0
445300,2014,A,,A,,A,,R,40.0,R,0.0,R,40.0,R,17.0,R,43.0,A,,A,,A,,A,,A,,R,9.0
445319,2014,A,,A,,A,,R,5.0,R,0.0,R,5.0,R,3.0,R,60.0,A,,A,,A,,A,,A,,R,6.0
445328,2014,A,,A,,A,,R,75.0,R,0.0,R,75.0,R,50.0,R,67.0,A,,A,,A,,A,,A,,R,28.0
445346,2014,A,,A,,A,,R,85.0,R,0.0,R,85.0,R,51.0,R,60.0,A,,A,,A,,A,,A,,R,37.0
445364,2014,A,,A,,A,,R,95.0,R,0.0,R,95.0,R,71.0,R,75.0,A,,A,,A,,A,,A,,R,21.0
445373,2014,A,,A,,A,,A,,A,,A,,A,,A,,A,,A,,A,,A,,A,,R,28.0
445382,2014,A,,A,,A,,R,40.0,R,0.0,R,40.0,R,22.0,R,55.0,A,,A,,A,,A,,A,,R,34.0
445391,2014,A,,A,,A,,R,6.0,R,0.0,R,6.0,R,5.0,R,83.0,A,,A,,A,,A,,A,,R,6.0
445434,2014,A,,A,,A,,R,0.0,R,0.0,R,0.0,R,0.0,A,,R,0.0,R,0.0,R,0.0,R,0.0,A,,R,27.0
445461,2014,A,,A,,A,,R,173.0,R,1.0,R,172.0,R,106.0,R,62.0,A,,A,,A,,A,,A,,R,30.0
445470,2014,A,,A,,A,,R,47.0,R,0.0,R,47.0,R,37.0,R,79.0,A,,A,,A,,A,,A,,R,24.0
445498,2014,A,,A,,A,,R,28.0,R,0.0,R,28.0,R,23.0,R,82.0,A,,A,,A,,A,,A,,R,17.0
445504,2014,A,,A,,A,,R,14.0,R,0.0,R,14.0,R,9.0,R,64.0,R,4.0,R,0.0,R,4.0,R,1.0,R,25.0,R,19.0
445540,2014,A,,A,,A,,R,25.0,R,2.0,R,23.0,R,15.0,R,65.0,A,,A,,A,,A,,A,,R,28.0
445559,2014,A,,A,,A,,R,96.0,R,0.0,R,96.0,R,69.0,R,72.0,A,,A,,A,,A,,A,,R,32.0
445577,2014,A,,A,,A,,R,117.0,R,0.0,R,117.0,R,40.0,R,34.0,A,,A,,A,,A,,A,,R,24.0
445638,2014,A,,A,,A,,A,,A,,A,,A,,A,,A,,A,,A,,A,,A,,R,8.0
445647,2014,A,,A,,A,,A,,A,,A,,A,,A,,A,,A,,A,,A,,A,,R,9.0
445656,2014,A,,A,,A,,A,,A,,A,,A,,A,,A,,A,,A,,A,,A,,R,19.0
445665,2014,A,,A,,A,,R,62.0,Z,0.0,R,62.0,R,28.0,R,45.0,A,,A,,A,,A,,A,,R,11.0
445683,2014,A,,A,,A,,R,34.0,R,0.0,R,34.0,R,27.0,R,79.0,A,,A,,A,,A,,A,,R,13.0
445692,2014,A,,A,,A,,R,138.0,R,0.0,R,138.0,R,112.0,R,81.0,A,,A,,A,,A,,A,,R,24.0
445708,2014,R,610.0,R,780.0,R,78.0,R,499.0,R,0.0,R,499.0,R,368.0,R,74.0,R,2.0,R,0.0,R,2.0,R,1.0,R,50.0,R,22.0
445726,2014,A,,A,,A,,R,52.0,R,0.0,R,52.0,R,27.0,R,52.0,A,,A,,A,,A,,A,,R,20.0
445735,2014,A,,A,,A,,A,,A,,A,,A,,A,,A,,A,,A,,A,,A,,R,8.0
445744,2014,A,,A,,A,,R,78.0,Z,0.0,R,78.0,R,58.0,R,74.0,A,,A,,A,,A,,A,,R,19.0
445753,2014,A,,A,,A,,R,3.0,Z,0.0,R,3.0,R,2.0,R,67.0,A,,A,,A,,A,,A,,R,4.0
445762,2014,A,,A,,A,,R,0.0,R,0.0,R,0.0,R,0.0,A,,R,0.0,Z,0.0,R,0.0,R,0.0,A,,R,9.0
445771,2014,A,,A,,A,,R,32.0,R,0.0,R,32.0,R,26.0,R,81.0,A,,A,,A,,A,,A,,R,30.0
445780,2014,A,,A,,A,,R,24.0,R,1.0,R,23.0,R,13.0,R,57.0,A,,A,,A,,A,,A,,R,6.0
445799,2014,A,,A,,A,,R,560.0,R,0.0,R,560.0,R,413.0,R,74.0,A,,A,,A,,A,,A,,R,32.0
445814,2014,A,,A,,A,,R,85.0,R,2.0,R,83.0,R,56.0,R,67.0,A,,A,,A,,A,,A,,R,20.0
445841,2014,A,,A,,A,,R,9.0,R,0.0,R,9.0,R,5.0,R,56.0,R,2.0,R,0.0,R,2.0,R,2.0,R,100.0,R,20.0
445850,2014,A,,A,,A,,R,8.0,R,0.0,R,8.0,R,2.0,R,25.0,R,1.0,R,0.0,R,1.0,R,1.0,R,100.0,R,20.0
445911,2014,A,,A,,A,,R,61.0,R,0.0,R,61.0,R,52.0,R,85.0,R,21.0,R,0.0,R,21.0,R,16.0,R,76.0,R,13.0
445920,2014,R,15.0,R,57.0,R,26.0,R,7.0,R,0.0,R,7.0,R,4.0,R,57.0,R,0.0,R,0.0,R,0.0,R,0.0,A,,R,11.0
445948,2014,A,,A,,A,,R,62.0,R,0.0,R,62.0,R,51.0,R,82.0,R,3.0,R,0.0,R,3.0,R,3.0,R,100.0,R,20.0
445957,2014,A,,A,,A,,A,,A,,A,,A,,A,,A,,A,,A,,A,,A,,R,15.0
445984,2014,A,,A,,A,,R,31.0,R,0.0,R,31.0,R,22.0,R,71.0,A,,A,,A,,A,,A,,R,14.0
445993,2014,A,,A,,A,,R,80.0,R,0.0,R,80.0,R,57.0,R,71.0,R,16.0,R,0.0,R,16.0,R,15.0,R,94.0,R,13.0
446048,2014,R,304.0,R,384.0,R,79.0,R,254.0,R,0.0,R,254.0,R,188.0,R,74.0,A,,A,,A,,A,,A,,R,15.0
446057,2014,A,,A,,A,,A,,A,,A,,A,,A,,A,,A,,A,,A,,A,,R,16.0
446075,2014,A,,A,,A,,R,4.0,R,0.0,R,4.0,R,3.0,R,75.0,A,,A,,A,,A,,A,,R,7.0
446084,2014,A,,A,,A,,R,0.0,R,0.0,R,0.0,R,0.0,A,,R,56.0,R,0.0,R,56.0,R,47.0,R,84.0,R,8.0
446093,2014,A,,A,,A,,R,17.0,R,0.0,R,17.0,R,13.0,R,76.0,A,,A,,A,,A,,A,,R,14.0
446109,2014,A,,A,,A,,R,58.0,Z,0.0,R,58.0,R,48.0,R,83.0,A,,A,,A,,A,,A,,R,19.0
446118,2014,A,,A,,A,,R,331.0,R,0.0,R,331.0,R,223.0,R,67.0,A,,A,,A,,A,,A,,R,16.0
446127,2014,R,19.0,R,50.0,R,38.0,R,18.0,R,1.0,R,17.0,R,11.0,R,65.0,A,,A,,A,,A,,A,,R,19.0
446136,2014,A,,A,,A,,R,182.0,R,1.0,R,181.0,R,125.0,R,69.0,A,,A,,A,,A,,A,,R,28.0
446145,2014,A,,A,,A,,A,,A,,A,,A,,A,,A,,A,,A,,A,,A,,R,18.0
446163,2014,R,49.0,R,75.0,R,65.0,R,17.0,R,0.0,R,17.0,R,7.0,R,41.0,R,1.0,R,0.0,R,1.0,R,1.0,R,100.0,R,9.0
446190,2014,A,,A,,A,,R,8.0,R,0.0,R,8.0,R,7.0,R,88.0,A,,A,,A,,A,,A,,R,9.0
446206,2014,A,,A,,A,,R,9.0,R,0.0,R,9.0,R,7.0,R,78.0,R,1.0,R,0.0,R,1.0,R,1.0,R,100.0,R,2.0
446215,2014,A,,A,,A,,R,11.0,R,0.0,R,11.0,R,11.0,R,100.0,A,,A,,A,,A,,A,,R,20.0
446224,2014,A,,A,,A,,A,,A,,A,,A,,A,,A,,A,,A,,A,,A,,R,12.0
446233,2014,R,40.0,R,59.0,R,68.0,R,56.0,R,0.0,R,56.0,R,24.0,R,43.0,R,2.0,R,0.0,R,2.0,R,1.0,R,50.0,R,11.0
446242,2014,A,,A,,A,,R,51.0,R,0.0,R,51.0,R,37.0,R,73.0,A,,A,,A,,A,,A,,R,13.0
446251,2014,A,,A,,A,,A,,A,,A,,A,,A,,A,,A,,A,,A,,A,,R,20.0
446260,2014,A,,A,,A,,R,31.0,R,0.0,R,31.0,R,28.0,R,90.0,A,,A,,A,,A,,A,,R,15.0
446288,2014,A,,A,,A,,R,11.0,Z,0.0,R,11.0,R,8.0,R,73.0,R,6.0,Z,0.0,R,6.0,R,5.0,R,83.0,R,15.0
446303,2014,A,,A,,A,,R,14.0,R,0.0,R,14.0,R,12.0,R,86.0,R,10.0,R,0.0,R,10.0,R,9.0,R,90.0,R,6.0
446349,2014,A,,A,,A,,R,2.0,R,0.0,R,2.0,R,2.0,R,100.0,A,,A,,A,,A,,A,,R,10.0
446385,2014,R,25.0,R,61.0,R,41.0,R,0.0,R,0.0,R,0.0,R,0.0,A,,A,,A,,A,,A,,A,,R,5.0
446394,2014,A,,A,,A,,R,1.0,R,0.0,R,1.0,R,1.0,R,100.0,R,5.0,R,0.0,R,5.0,R,3.0,R,60.0,R,3.0
446400,2014,A,,A,,A,,R,78.0,R,0.0,R,78.0,R,30.0,R,38.0,A,,A,,A,,A,,A,,R,25.0
446446,2014,A,,A,,A,,R,0.0,Z,0.0,R,0.0,R,0.0,A,,R,0.0,Z,0.0,R,0.0,R,0.0,A,,R,4.0
446455,2014,A,,A,,A,,R,27.0,R,0.0,R,27.0,R,25.0,R,93.0,A,,A,,A,,A,,A,,R,8.0
446464,2014,A,,A,,A,,R,2.0,Z,0.0,R,2.0,R,2.0,R,100.0,A,,A,,A,,A,,A,,R,8.0
446516,2014,A,,A,,A,,R,24.0,R,0.0,R,24.0,R,13.0,R,54.0,A,,A,,A,,A,,A,,R,9.0
446525,2014,R,64.0,R,64.0,R,100.0,R,42.0,R,0.0,R,42.0,R,20.0,R,48.0,A,,A,,A,,A,,A,,R,12.0
446534,2014,A,,A,,A,,R,81.0,R,0.0,R,81.0,R,54.0,R,67.0,A,,A,,A,,A,,A,,R,9.0
446543,2014,A,,A,,A,,R,24.0,R,0.0,R,24.0,R,19.0,R,79.0,A,,A,,A,,A,,A,,R,9.0
446552,2014,A,,A,,A,,R,471.0,R,0.0,R,471.0,R,267.0,R,57.0,A,,A,,A,,A,,A,,R,25.0
446561,2014,A,,A,,A,,R,0.0,R,0.0,R,0.0,R,0.0,A,,A,,A,,A,,A,,A,,R,15.0
446570,2014,A,,A,,A,,R,5.0,R,0.0,R,5.0,R,4.0,R,80.0,R,9.0,R,0.0,R,9.0,R,9.0,R,100.0,R,8.0
446589,2014,A,,A,,A,,R,27.0,R,0.0,R,27.0,R,27.0,R,100.0,R,11.0,R,0.0,R,11.0,R,11.0,R,100.0,R,24.0
446598,2014,R,4.0,R,4.0,R,100.0,R,5.0,R,0.0,R,5.0,R,5.0,R,100.0,A,,A,,A,,A,,A,,R,12.0
446604,2014,R,286.0,R,358.0,R,80.0,R,305.0,R,0.0,R,305.0,R,297.0,R,97.0,A,,A,,A,,A,,A,,R,12.0
446613,2014,A,,A,,A,,R,0.0,R,0.0,R,0.0,R,0.0,A,,R,0.0,R,0.0,R,0.0,R,0.0,A,,R,15.0
446640,2014,R,101.0,R,120.0,R,84.0,R,107.0,R,0.0,R,107.0,R,59.0,R,55.0,R,0.0,R,0.0,R,0.0,R,0.0,A,,R,23.0
446668,2014,R,102.0,R,213.0,R,48.0,R,126.0,Z,0.0,R,126.0,R,65.0,R,52.0,R,41.0,Z,0.0,R,41.0,R,8.0,R,20.0,R,16.0
446677,2014,A,,A,,A,,R,5.0,R,0.0,R,5.0,R,3.0,R,60.0,A,,A,,A,,A,,A,,R,11.0
446729,2014,A,,A,,A,,R,0.0,R,0.0,R,0.0,R,0.0,A,,A,,A,,A,,A,,A,,R,2.0
446774,2014,R,274.0,R,1618.0,R,17.0,R,331.0,R,1.0,R,330.0,R,179.0,R,54.0,R,156.0,Z,0.0,R,156.0,R,61.0,R,39.0,R,25.0
446792,2014,R,28.0,R,31.0,R,90.0,R,26.0,Z,0.0,R,26.0,R,10.0,R,38.0,R,28.0,Z,0.0,R,28.0,R,10.0,R,36.0,R,14.0
446808,2014,R,36.0,R,59.0,R,61.0,R,29.0,Z,0.0,R,29.0,R,15.0,R,52.0,R,34.0,Z,0.0,R,34.0,R,13.0,R,38.0,R,16.0
446817,2014,A,,A,,A,,A,,A,,A,,A,,A,,A,,A,,A,,A,,A,,R,3.0
446835,2014,A,,A,,A,,R,107.0,Z,0.0,R,107.0,R,81.0,R,76.0,A,,A,,A,,A,,A,,R,34.0
446844,2014,A,,A,,A,,R,72.0,Z,0.0,R,72.0,R,52.0,R,72.0,A,,A,,A,,A,,A,,R,33.0
446880,2014,R,96.0,R,156.0,R,62.0,R,94.0,Z,0.0,R,94.0,R,24.0,R,26.0,R,14.0,Z,0.0,R,14.0,R,3.0,R,21.0,R,16.0
446899,2014,R,25.0,R,32.0,R,78.0,R,0.0,R,0.0,R,0.0,R,0.0,A,,R,0.0,R,0.0,R,0.0,R,0.0,A,,R,11.0
446905,2014,R,48.0,R,56.0,R,86.0,R,0.0,R,0.0,R,0.0,R,0.0,A,,R,1.0,R,0.0,R,1.0,R,1.0,R,100.0,R,18.0
446914,2014,R,68.0,R,92.0,R,74.0,R,0.0,R,0.0,R,0.0,R,0.0,A,,R,0.0,R,0.0,R,0.0,R,0.0,A,,R,23.0
446923,2014,R,62.0,R,77.0,R,81.0,R,0.0,R,0.0,R,0.0,R,0.0,A,,R,0.0,R,0.0,R,0.0,R,0.0,A,,R,14.0
446996,2014,A,,A,,A,,R,26.0,Z,0.0,R,26.0,R,14.0,R,54.0,R,3.0,Z,0.0,R,3.0,R,2.0,R,67.0,R,20.0
447014,2014,A,,A,,A,,R,123.0,R,0.0,R,123.0,R,97.0,R,79.0,A,,A,,A,,A,,A,,R,15.0
447023,2014,A,,A,,A,,R,279.0,R,0.0,R,279.0,R,223.0,R,80.0,R,15.0,Z,0.0,R,15.0,R,13.0,R,87.0,R,30.0
447050,2014,R,9.0,R,49.0,R,18.0,R,14.0,R,0.0,R,14.0,R,3.0,R,21.0,R,0.0,R,0.0,R,0.0,R,0.0,A,,R,9.0
447069,2014,R,63.0,R,69.0,R,91.0,R,2.0,R,0.0,R,2.0,R,1.0,R,50.0,R,2.0,R,0.0,R,2.0,R,0.0,R,0.0,R,20.0
447102,2014,A,,A,,A,,R,116.0,R,0.0,R,116.0,R,95.0,R,82.0,A,,A,,A,,A,,A,,R,33.0
447120,2014,A,,A,,A,,R,69.0,R,0.0,R,69.0,R,60.0,R,87.0,A,,A,,A,,A,,A,,R,22.0
447148,2014,A,,A,,A,,R,79.0,R,0.0,R,79.0,R,51.0,R,65.0,R,24.0,R,0.0,R,24.0,R,14.0,R,58.0,R,22.0
447166,2014,A,,A,,A,,R,22.0,R,0.0,R,22.0,R,18.0,R,82.0,R,3.0,R,0.0,R,3.0,R,1.0,R,33.0,R,13.0
447175,2014,A,,A,,A,,R,44.0,R,0.0,R,44.0,R,22.0,R,50.0,R,9.0,R,0.0,R,9.0,R,4.0,R,44.0,R,18.0
447209,2014,A,,A,,A,,A,,A,,A,,A,,A,,A,,A,,A,,A,,A,,R,26.0
447218,2014,A,,A,,A,,A,,A,,A,,A,,A,,A,,A,,A,,A,,A,,R,24.0
447227,2014,A,,A,,A,,A,,A,,A,,A,,A,,A,,A,,A,,A,,A,,R,24.0
447236,2014,A,,A,,A,,R,0.0,R,0.0,R,0.0,R,0.0,A,,R,0.0,R,0.0,R,0.0,R,0.0,A,,R,22.0
447245,2014,A,,A,,A,,R,114.0,R,0.0,R,114.0,R,77.0,R,68.0,A,,A,,A,,A,,A,,R,23.0
447254,2014,A,,A,,A,,R,8.0,R,0.0,R,8.0,R,5.0,R,63.0,A,,A,,A,,A,,A,,R,3.0
447263,2014,R,198.0,R,198.0,R,100.0,R,0.0,R,0.0,R,0.0,R,0.0,A,,A,,A,,A,,A,,A,,R,14.0
447272,2014,R,16.0,R,80.0,R,20.0,R,5.0,Z,0.0,R,5.0,R,2.0,R,40.0,R,19.0,Z,0.0,R,19.0,R,7.0,R,37.0,R,15.0
447290,2014,R,100.0,R,195.0,R,51.0,R,1.0,Z,0.0,R,1.0,R,1.0,R,100.0,A,,A,,A,,A,,A,,R,8.0
447315,2014,A,,A,,A,,R,13.0,R,0.0,R,13.0,R,10.0,R,77.0,R,7.0,R,0.0,R,7.0,R,3.0,R,43.0,R,5.0
447324,2014,A,,A,,A,,R,36.0,R,0.0,R,36.0,R,24.0,R,67.0,R,12.0,R,0.0,R,12.0,R,11.0,R,92.0,R,10.0
447333,2014,A,,A,,A,,R,11.0,R,0.0,R,11.0,R,8.0,R,73.0,A,,A,,A,,A,,A,,R,11.0
447342,2014,A,,A,,A,,R,14.0,R,0.0,R,14.0,R,11.0,R,79.0,R,6.0,R,0.0,R,6.0,R,1.0,R,17.0,R,6.0
447360,2014,A,,A,,A,,R,1.0,Z,0.0,R,1.0,R,1.0,R,100.0,A,,A,,A,,A,,A,,R,16.0
447379,2014,A,,A,,A,,R,15.0,R,0.0,R,15.0,R,8.0,R,53.0,A,,A,,A,,A,,A,,R,8.0
447403,2014,A,,A,,A,,R,326.0,R,2.0,R,324.0,R,229.0,R,71.0,A,,A,,A,,A,,A,,R,30.0
447421,2014,R,17.0,R,74.0,R,23.0,R,4.0,R,0.0,R,4.0,R,3.0,R,75.0,R,2.0,R,0.0,R,2.0,R,1.0,R,50.0,R,12.0
447430,2014,A,,A,,A,,R,26.0,R,0.0,R,26.0,R,24.0,R,92.0,R,11.0,R,0.0,R,11.0,R,9.0,R,82.0,R,10.0
447449,2014,A,,A,,A,,R,18.0,R,1.0,R,17.0,R,5.0,R,29.0,R,13.0,R,0.0,R,13.0,R,2.0,R,15.0,R,12.0
447458,2014,A,,A,,A,,R,33.0,R,0.0,R,33.0,R,27.0,R,82.0,A,,A,,A,,A,,A,,R,12.0
447467,2014,A,,A,,A,,R,70.0,R,0.0,R,70.0,R,37.0,R,53.0,A,,A,,A,,A,,A,,R,13.0
447476,2014,A,,A,,A,,R,0.0,R,0.0,R,0.0,R,0.0,A,,R,0.0,R,0.0,R,0.0,R,0.0,A,,R,2.0
447494,2014,A,,A,,A,,A,,A,,A,,A,,A,,A,,A,,A,,A,,A,,R,17.0
447519,2014,A,,A,,A,,A,,A,,A,,A,,A,,A,,A,,A,,A,,A,,R,18.0
447528,2014,A,,A,,A,,R,121.0,R,0.0,R,121.0,R,85.0,R,70.0,A,,A,,A,,A,,A,,R,15.0
447582,2014,R,407.0,R,827.0,R,49.0,R,575.0,R,0.0,R,575.0,R,229.0,R,40.0,R,59.0,R,0.0,R,59.0,R,20.0,R,34.0,R,15.0
447591,2014,A,,A,,A,,R,228.0,R,0.0,R,228.0,R,184.0,R,81.0,A,,A,,A,,A,,A,,R,12.0
447625,2014,R,5.0,R,67.0,R,7.0,R,23.0,R,0.0,R,23.0,R,20.0,R,87.0,R,41.0,R,0.0,R,41.0,R,31.0,R,76.0,R,12.0
447634,2014,A,,A,,A,,R,50.0,R,0.0,R,50.0,R,39.0,R,78.0,A,,A,,A,,A,,A,,R,29.0
447670,2014,R,11.0,R,38.0,R,29.0,R,8.0,R,0.0,R,8.0,R,3.0,R,38.0,R,0.0,R,0.0,R,0.0,R,0.0,A,,R,10.0
447689,2014,R,2186.0,R,3801.0,R,58.0,R,1752.0,R,0.0,R,1752.0,R,1191.0,R,68.0,R,355.0,R,0.0,R,355.0,R,187.0,R,53.0,R,19.0
447704,2014,A,,A,,A,,R,13.0,R,0.0,R,13.0,R,10.0,R,77.0,R,2.0,R,0.0,R,2.0,R,2.0,R,100.0,R,12.0
447713,2014,A,,A,,A,,A,,A,,A,,A,,A,,R,27.0,R,0.0,R,27.0,R,27.0,R,100.0,R,7.0
447722,2014,A,,A,,A,,A,,A,,A,,A,,A,,A,,A,,A,,A,,A,,R,18.0
447731,2014,A,,A,,A,,R,26.0,Z,0.0,R,26.0,R,21.0,R,81.0,R,9.0,Z,0.0,R,9.0,R,9.0,R,100.0,R,21.0
447759,2014,A,,A,,A,,R,47.0,R,0.0,R,47.0,R,39.0,R,83.0,R,0.0,R,0.0,R,0.0,R,0.0,A,,R,27.0
447768,2014,A,,A,,A,,R,183.0,R,0.0,R,183.0,R,145.0,R,79.0,A,,A,,A,,A,,A,,R,28.0
447777,2014,A,,A,,A,,R,3.0,R,0.0,R,3.0,R,3.0,R,100.0,R,319.0,R,0.0,R,319.0,R,64.0,R,20.0,R,29.0
447795,2014,A,,A,,A,,R,27.0,R,0.0,R,27.0,R,26.0,R,96.0,A,,A,,A,,A,,A,,R,8.0
447810,2014,A,,A,,A,,R,128.0,R,0.0,R,128.0,R,22.0,R,17.0,A,,A,,A,,A,,A,,R,15.0
447847,2014,R,42.0,R,46.0,R,91.0,R,5.0,R,0.0,R,5.0,R,4.0,R,80.0,A,,A,,A,,A,,A,,R,4.0
447856,2014,A,,A,,A,,N,28.0,N,0.0,N,28.0,N,21.0,N,75.0,A,,A,,A,,A,,A,,N,18.0
447865,2014,A,,A,,A,,R,8.0,R,0.0,R,8.0,R,8.0,R,100.0,R,2.0,R,0.0,R,2.0,R,2.0,R,100.0,R,8.0
447874,2014,A,,A,,A,,A,,A,,A,,A,,A,,A,,A,,A,,A,,A,,R,30.0
447883,2014,A,,A,,A,,R,33.0,R,0.0,R,33.0,R,23.0,R,70.0,R,22.0,R,0.0,R,22.0,R,15.0,R,68.0,R,12.0
447892,2014,A,,A,,A,,R,38.0,R,0.0,R,38.0,R,27.0,R,71.0,R,5.0,R,0.0,R,5.0,R,1.0,R,20.0,R,27.0
447908,2014,A,,A,,A,,R,8.0,R,0.0,R,8.0,R,6.0,R,75.0,R,1.0,Z,0.0,R,1.0,R,1.0,R,100.0,R,20.0
447917,2014,A,,A,,A,,A,,A,,A,,A,,A,,A,,A,,A,,A,,A,,R,14.0
447935,2014,R,36.0,R,120.0,R,30.0,R,34.0,R,0.0,R,34.0,R,22.0,R,65.0,A,,A,,A,,A,,A,,R,19.0
447953,2014,R,130.0,R,201.0,R,65.0,R,64.0,Z,0.0,R,64.0,R,36.0,R,56.0,R,2.0,Z,0.0,R,2.0,R,1.0,R,50.0,R,9.0
447962,2014,A,,A,,A,,R,28.0,R,0.0,R,28.0,R,19.0,R,68.0,A,,A,,A,,A,,A,,R,14.0
447971,2014,A,,A,,A,,R,36.0,R,0.0,R,36.0,R,30.0,R,83.0,A,,A,,A,,A,,A,,R,20.0
447980,2014,A,,A,,A,,R,87.0,R,0.0,R,87.0,R,72.0,R,83.0,R,10.0,R,0.0,R,10.0,R,9.0,R,90.0,R,19.0
447999,2014,A,,A,,A,,R,31.0,R,2.0,R,29.0,R,24.0,R,83.0,R,0.0,R,0.0,R,0.0,R,0.0,A,,R,9.0
448008,2014,A,,A,,A,,R,18.0,R,0.0,R,18.0,R,15.0,R,83.0,A,,A,,A,,A,,A,,R,11.0
448017,2014,A,,A,,A,,A,,A,,A,,A,,A,,A,,A,,A,,A,,A,,R,5.0
448026,2014,A,,A,,A,,R,16.0,R,0.0,R,16.0,R,14.0,R,88.0,R,0.0,R,0.0,R,0.0,R,0.0,A,,R,14.0
448035,2014,A,,A,,A,,A,,A,,A,,A,,A,,A,,A,,A,,A,,A,,R,12.0
448044,2014,A,,A,,A,,A,,A,,A,,A,,A,,A,,A,,A,,A,,A,,R,9.0
448071,2014,A,,A,,A,,R,69.0,R,0.0,R,69.0,R,58.0,R,84.0,R,38.0,R,0.0,R,38.0,R,29.0,R,76.0,R,19.0
448105,2014,A,,A,,A,,R,10.0,R,0.0,R,10.0,R,8.0,R,80.0,A,,A,,A,,A,,A,,R,12.0
448114,2014,A,,A,,A,,R,190.0,Z,0.0,R,190.0,R,99.0,R,52.0,A,,A,,A,,A,,A,,R,9.0
448123,2014,A,,A,,A,,R,102.0,R,0.0,R,102.0,R,78.0,R,76.0,A,,A,,A,,A,,A,,R,10.0
448141,2014,A,,A,,A,,R,20.0,R,0.0,R,20.0,R,9.0,R,45.0,A,,A,,A,,A,,A,,R,17.0
448150,2014,A,,A,,A,,R,17.0,R,0.0,R,17.0,R,12.0,R,71.0,A,,A,,A,,A,,A,,R,20.0
448196,2014,A,,A,,A,,R,79.0,R,0.0,R,79.0,R,66.0,R,84.0,R,10.0,R,0.0,R,10.0,R,8.0,R,80.0,R,14.0
448202,2014,A,,A,,A,,R,7.0,R,0.0,R,7.0,R,3.0,R,43.0,R,4.0,R,0.0,R,4.0,R,3.0,R,75.0,R,13.0
448211,2014,A,,A,,A,,R,16.0,R,0.0,R,16.0,R,14.0,R,88.0,R,20.0,R,0.0,R,20.0,R,17.0,R,85.0,R,10.0
448220,2014,A,,A,,A,,R,9.0,Z,0.0,R,9.0,R,8.0,R,89.0,A,,A,,A,,A,,A,,R,10.0
448239,2014,A,,A,,A,,A,,A,,A,,A,,A,,A,,A,,A,,A,,A,,R,17.0
448248,2014,A,,A,,A,,R,168.0,R,0.0,R,168.0,R,136.0,R,81.0,R,620.0,R,0.0,R,620.0,R,474.0,R,76.0,R,7.0
448257,2014,A,,A,,A,,R,17.0,R,0.0,R,17.0,R,15.0,R,88.0,A,,A,,A,,A,,A,,R,7.0
448275,2014,A,,A,,A,,A,,A,,A,,A,,A,,A,,A,,A,,A,,A,,R,20.0
448284,2014,A,,A,,A,,R,0.0,R,0.0,R,0.0,R,0.0,A,,A,,A,,A,,A,,A,,R,14.0
448309,2014,A,,A,,A,,R,10.0,R,0.0,R,10.0,R,7.0,R,70.0,A,,A,,A,,A,,A,,R,22.0
448345,2014,R,156.0,R,320.0,R,49.0,R,119.0,Z,0.0,R,119.0,R,59.0,R,50.0,R,64.0,Z,0.0,R,64.0,R,30.0,R,47.0,R,16.0
448354,2014,R,62.0,R,83.0,R,75.0,R,63.0,R,0.0,R,63.0,R,52.0,R,83.0,R,24.0,R,0.0,R,24.0,R,21.0,R,88.0,R,12.0
448415,2014,A,,A,,A,,R,122.0,R,0.0,R,122.0,R,69.0,R,57.0,A,,A,,A,,A,,A,,R,13.0
448424,2014,A,,A,,A,,R,24.0,R,0.0,R,24.0,R,21.0,R,88.0,R,3.0,R,0.0,R,3.0,R,3.0,R,100.0,R,9.0
448433,2014,A,,A,,A,,R,459.0,R,4.0,R,455.0,R,339.0,R,75.0,A,,A,,A,,A,,A,,R,31.0
448442,2014,R,43.0,R,54.0,R,80.0,R,1.0,R,0.0,R,1.0,R,0.0,R,0.0,R,1.0,R,0.0,R,1.0,R,0.0,R,0.0,R,17.0
448451,2014,R,58.0,R,65.0,R,89.0,R,0.0,R,0.0,R,0.0,R,0.0,A,,R,0.0,R,0.0,R,0.0,R,0.0,A,,R,21.0
448460,2014,R,24.0,R,31.0,R,77.0,R,34.0,R,3.0,R,31.0,R,14.0,R,45.0,R,3.0,R,0.0,R,3.0,R,0.0,R,0.0,R,14.0
448479,2014,R,47.0,R,59.0,R,80.0,R,0.0,R,0.0,R,0.0,R,0.0,A,,R,0.0,R,0.0,R,0.0,R,0.0,A,,R,17.0
448488,2014,R,56.0,R,77.0,R,73.0,R,0.0,R,0.0,R,0.0,R,0.0,A,,R,1.0,R,0.0,R,1.0,R,0.0,R,0.0,R,12.0
448497,2014,R,24.0,R,26.0,R,92.0,R,0.0,R,0.0,R,0.0,R,0.0,A,,R,0.0,R,0.0,R,0.0,R,0.0,A,,R,12.0
448503,2014,R,31.0,R,42.0,R,74.0,R,0.0,R,0.0,R,0.0,R,0.0,A,,R,0.0,R,0.0,R,0.0,R,0.0,A,,R,11.0
448512,2014,R,51.0,R,64.0,R,80.0,R,0.0,R,0.0,R,0.0,R,0.0,A,,R,0.0,R,0.0,R,0.0,R,0.0,A,,R,13.0
448567,2014,A,,A,,A,,R,28.0,R,0.0,R,28.0,R,15.0,R,54.0,A,,A,,A,,A,,A,,R,15.0
448576,2014,R,285.0,R,587.0,R,49.0,R,140.0,Z,0.0,R,140.0,R,86.0,R,61.0,R,56.0,Z,0.0,R,56.0,R,19.0,R,34.0,R,22.0
448585,2014,A,,A,,A,,R,3.0,R,0.0,R,3.0,R,1.0,R,33.0,R,24.0,R,0.0,R,24.0,R,11.0,R,46.0,R,13.0
448594,2014,R,432.0,R,1409.0,R,31.0,R,388.0,Z,0.0,R,388.0,R,254.0,R,65.0,R,406.0,Z,0.0,R,406.0,R,167.0,R,41.0,R,32.0
448600,2014,R,7.0,R,118.0,R,6.0,R,24.0,R,0.0,R,24.0,R,11.0,R,46.0,R,13.0,R,0.0,R,13.0,R,4.0,R,31.0,R,9.0
448619,2014,A,,A,,A,,R,56.0,R,0.0,R,56.0,R,38.0,R,68.0,R,35.0,R,0.0,R,35.0,R,31.0,R,89.0,R,12.0
448628,2014,R,32.0,R,45.0,R,71.0,R,0.0,R,0.0,R,0.0,R,0.0,A,,R,0.0,R,0.0,R,0.0,R,0.0,A,,R,18.0
448646,2014,A,,A,,A,,R,49.0,R,0.0,R,49.0,R,28.0,R,57.0,A,,A,,A,,A,,A,,R,7.0
448664,2014,R,90.0,R,151.0,R,60.0,R,111.0,Z,0.0,R,111.0,R,53.0,R,48.0,R,36.0,Z,0.0,R,36.0,R,8.0,R,22.0,R,15.0
448673,2014,R,50.0,R,342.0,R,15.0,R,7.0,Z,0.0,R,7.0,R,1.0,R,14.0,R,3.0,R,0.0,R,3.0,R,0.0,R,0.0,R,18.0
448707,2014,A,,A,,A,,R,199.0,R,0.0,R,199.0,R,127.0,R,64.0,A,,A,,A,,A,,A,,R,28.0
448716,2014,A,,A,,A,,R,148.0,R,0.0,R,148.0,R,73.0,R,49.0,A,,A,,A,,A,,A,,R,36.0
448734,2014,R,3.0,R,26.0,R,12.0,R,7.0,Z,0.0,R,7.0,R,3.0,R,43.0,R,9.0,Z,0.0,R,9.0,R,0.0,R,0.0,R,6.0
448752,2014,A,,A,,A,,R,2.0,R,0.0,R,2.0,R,1.0,R,50.0,A,,A,,A,,A,,A,,R,14.0
448761,2014,A,,A,,A,,R,4.0,R,0.0,R,4.0,R,0.0,R,0.0,A,,A,,A,,A,,A,,R,18.0
448770,2014,A,,A,,A,,R,39.0,R,2.0,R,37.0,R,31.0,R,84.0,R,3.0,R,0.0,R,3.0,R,3.0,R,100.0,R,25.0
448798,2014,A,,A,,A,,R,31.0,R,0.0,R,31.0,R,14.0,R,45.0,R,1.0,R,0.0,R,1.0,R,1.0,R,100.0,R,17.0
448804,2014,A,,A,,A,,A,,A,,A,,A,,A,,A,,A,,A,,A,,A,,R,9.0
448822,2014,A,,A,,A,,A,,A,,A,,A,,A,,A,,A,,A,,A,,A,,R,6.0
448840,2014,R,438.0,R,1022.0,R,43.0,R,518.0,R,0.0,R,518.0,R,337.0,R,65.0,R,10.0,R,0.0,R,10.0,R,3.0,R,30.0,R,19.0
448859,2014,R,48.0,R,57.0,R,84.0,R,61.0,R,0.0,R,61.0,R,47.0,R,77.0,A,,A,,A,,A,,A,,R,10.0
448886,2014,R,1148.0,R,2458.0,R,47.0,R,1069.0,R,12.0,R,1057.0,R,888.0,R,84.0,R,11.0,R,1.0,R,10.0,R,2.0,R,20.0,R,24.0
448895,2014,A,,A,,A,,R,121.0,Z,0.0,R,121.0,R,78.0,R,64.0,A,,A,,A,,A,,A,,R,10.0
448974,2014,A,,A,,A,,R,119.0,R,0.0,R,119.0,R,74.0,R,62.0,R,36.0,R,0.0,R,36.0,R,28.0,R,78.0,R,15.0
448983,2014,A,,A,,A,,R,58.0,R,0.0,R,58.0,R,38.0,R,66.0,R,25.0,R,0.0,R,25.0,R,13.0,R,52.0,R,25.0
449010,2014,R,190.0,R,314.0,R,61.0,R,222.0,Z,0.0,R,222.0,R,101.0,R,45.0,R,6.0,Z,0.0,R,6.0,R,2.0,R,33.0,R,17.0
449038,2014,R,32.0,R,464.0,R,7.0,R,13.0,Z,0.0,R,13.0,R,2.0,R,15.0,R,155.0,Z,0.0,R,155.0,R,31.0,R,20.0,R,14.0
449074,2014,A,,A,,A,,R,279.0,R,0.0,R,279.0,R,179.0,R,64.0,A,,A,,A,,A,,A,,R,25.0
449083,2014,A,,A,,A,,R,93.0,R,0.0,R,93.0,R,66.0,R,71.0,A,,A,,A,,A,,A,,R,14.0
449092,2014,A,,A,,A,,R,47.0,Z,0.0,R,47.0,R,41.0,R,87.0,A,,A,,A,,A,,A,,R,12.0
449117,2014,R,68.0,R,122.0,R,56.0,R,41.0,Z,0.0,R,41.0,R,26.0,R,63.0,R,5.0,Z,0.0,R,5.0,R,0.0,R,0.0,R,17.0
449126,2014,R,29.0,R,65.0,R,45.0,R,34.0,Z,0.0,R,34.0,R,23.0,R,68.0,R,12.0,Z,0.0,R,12.0,R,1.0,R,8.0,R,15.0
449135,2014,R,137.0,R,137.0,R,100.0,R,125.0,R,0.0,R,125.0,R,79.0,R,63.0,A,,A,,A,,A,,A,,R,19.0
449144,2014,R,91.0,R,91.0,R,100.0,R,87.0,R,0.0,R,87.0,R,58.0,R,67.0,A,,A,,A,,A,,A,,R,16.0
449153,2014,A,,A,,A,,R,73.0,R,1.0,R,72.0,R,54.0,R,75.0,A,,A,,A,,A,,A,,R,15.0
449162,2014,A,,A,,A,,R,32.0,R,0.0,R,32.0,R,13.0,R,41.0,A,,A,,A,,A,,A,,R,12.0
449171,2014,A,,A,,A,,R,26.0,R,0.0,R,26.0,R,20.0,R,77.0,R,8.0,R,0.0,R,8.0,R,5.0,R,63.0,R,8.0
449180,2014,A,,A,,A,,R,11.0,R,0.0,R,11.0,R,6.0,R,55.0,R,5.0,R,0.0,R,5.0,R,2.0,R,40.0,R,7.0
449199,2014,A,,A,,A,,R,23.0,R,0.0,R,23.0,R,13.0,R,57.0,R,6.0,R,0.0,R,6.0,R,2.0,R,33.0,R,7.0
449205,2014,A,,A,,A,,R,19.0,R,0.0,R,19.0,R,9.0,R,47.0,A,,A,,A,,A,,A,,R,5.0
449214,2014,A,,A,,A,,R,24.0,R,0.0,R,24.0,R,17.0,R,71.0,A,,A,,A,,A,,A,,R,6.0
449223,2014,A,,A,,A,,R,24.0,R,0.0,R,24.0,R,11.0,R,46.0,A,,A,,A,,A,,A,,R,8.0
449232,2014,A,,A,,A,,R,24.0,R,0.0,R,24.0,R,11.0,R,46.0,A,,A,,A,,A,,A,,R,12.0
449241,2014,A,,A,,A,,R,14.0,R,0.0,R,14.0,R,11.0,R,79.0,R,3.0,R,0.0,R,3.0,R,2.0,R,67.0,R,6.0
449250,2014,A,,A,,A,,R,254.0,R,0.0,R,254.0,R,201.0,R,79.0,A,,A,,A,,A,,A,,R,14.0
449269,2014,A,,A,,A,,A,,A,,A,,A,,A,,A,,A,,A,,A,,A,,R,24.0
449302,2014,A,,A,,A,,R,2.0,R,0.0,R,2.0,R,1.0,R,50.0,A,,A,,A,,A,,A,,R,5.0
449311,2014,A,,A,,A,,R,43.0,R,0.0,R,43.0,R,32.0,R,74.0,R,15.0,R,0.0,R,15.0,R,11.0,R,73.0,R,20.0
449320,2014,A,,A,,A,,R,120.0,R,0.0,R,120.0,R,98.0,R,82.0,R,0.0,R,0.0,R,0.0,R,0.0,A,,R,33.0
449339,2014,A,,A,,A,,R,387.0,R,0.0,R,387.0,R,295.0,R,76.0,R,2154.0,R,0.0,R,2154.0,R,1208.0,R,56.0,R,21.0
449348,2014,R,1.0,R,29.0,R,3.0,R,1.0,R,0.0,R,1.0,R,1.0,R,100.0,R,0.0,R,0.0,R,0.0,R,0.0,A,,R,5.0
449357,2014,A,,A,,A,,R,32.0,R,0.0,R,32.0,R,17.0,R,53.0,A,,A,,A,,A,,A,,R,15.0
449366,2014,A,,A,,A,,A,,A,,A,,A,,A,,A,,A,,A,,A,,A,,R,9.0
449384,2014,A,,A,,A,,R,3.0,R,0.0,R,3.0,R,3.0,R,100.0,R,0.0,R,0.0,R,0.0,R,0.0,A,,R,4.0
449393,2014,A,,A,,A,,R,12.0,R,0.0,R,12.0,R,9.0,R,75.0,A,,A,,A,,A,,A,,R,16.0
449436,2014,A,,A,,A,,R,128.0,R,0.0,R,128.0,R,101.0,R,79.0,R,37.0,R,0.0,R,37.0,R,31.0,R,84.0,R,12.0
449445,2014,A,,A,,A,,R,64.0,R,0.0,R,64.0,R,57.0,R,89.0,A,,A,,A,,A,,A,,R,15.0
449454,2014,A,,A,,A,,R,7.0,R,0.0,R,7.0,R,6.0,R,86.0,R,1.0,Z,0.0,R,1.0,R,1.0,R,100.0,R,12.0
449463,2014,A,,A,,A,,R,14.0,Z,0.0,R,14.0,R,12.0,R,86.0,R,6.0,Z,0.0,R,6.0,R,5.0,R,83.0,R,7.0
449472,2014,A,,A,,A,,R,28.0,R,0.0,R,28.0,R,19.0,R,68.0,A,,A,,A,,A,,A,,R,5.0
449490,2014,A,,A,,A,,R,55.0,Z,0.0,R,55.0,R,40.0,R,73.0,A,,A,,A,,A,,A,,R,13.0
449506,2014,A,,A,,A,,R,94.0,R,0.0,R,94.0,R,86.0,R,91.0,A,,A,,A,,A,,A,,R,21.0
449524,2014,R,17.0,R,95.0,R,18.0,R,26.0,R,0.0,R,26.0,R,20.0,R,77.0,A,,A,,A,,A,,A,,R,16.0
449533,2014,A,,A,,A,,A,,A,,A,,A,,A,,A,,A,,A,,A,,A,,R,15.0
449597,2014,A,,A,,A,,R,12.0,R,0.0,R,12.0,R,9.0,R,75.0,R,7.0,Z,0.0,R,7.0,R,4.0,R,57.0,R,9.0
449603,2014,A,,A,,A,,R,86.0,R,0.0,R,86.0,R,78.0,R,91.0,R,6.0,R,0.0,R,6.0,R,5.0,R,83.0,R,14.0
449612,2014,A,,A,,A,,R,26.0,R,0.0,R,26.0,R,22.0,R,85.0,A,,A,,A,,A,,A,,R,16.0
449658,2014,R,26.0,R,30.0,R,87.0,R,28.0,Z,0.0,R,28.0,R,24.0,R,86.0,A,,A,,A,,A,,A,,R,17.0
449667,2014,A,,A,,A,,R,11.0,R,0.0,R,11.0,R,8.0,R,73.0,A,,A,,A,,A,,A,,R,4.0
449676,2014,A,,A,,A,,A,,A,,A,,A,,A,,R,62.0,R,0.0,R,62.0,R,52.0,R,84.0,R,6.0
449685,2014,A,,A,,A,,R,117.0,R,0.0,R,117.0,R,85.0,R,73.0,A,,A,,A,,A,,A,,R,19.0
449700,2014,A,,A,,A,,R,195.0,R,0.0,R,195.0,R,140.0,R,72.0,A,,A,,A,,A,,A,,R,27.0
449719,2014,A,,A,,A,,R,78.0,R,0.0,R,78.0,R,60.0,R,77.0,A,,A,,A,,A,,A,,R,14.0
449728,2014,A,,A,,A,,R,5.0,R,0.0,R,5.0,R,1.0,R,20.0,A,,A,,A,,A,,A,,R,20.0
449746,2014,A,,A,,A,,R,42.0,R,0.0,R,42.0,R,40.0,R,95.0,A,,A,,A,,A,,A,,R,12.0
449764,2014,R,22.0,R,48.0,R,46.0,R,27.0,R,0.0,R,27.0,R,13.0,R,48.0,A,,A,,A,,A,,A,,R,9.0
449773,2014,A,,A,,A,,A,,A,,A,,A,,A,,A,,A,,A,,A,,A,,R,19.0
449782,2014,A,,A,,A,,R,28.0,Z,0.0,R,28.0,R,22.0,R,79.0,R,29.0,Z,0.0,R,29.0,R,17.0,R,59.0,R,12.0
449791,2014,A,,A,,A,,A,,A,,A,,A,,A,,A,,A,,A,,A,,A,,R,9.0
449807,2014,A,,A,,A,,R,53.0,R,0.0,R,53.0,R,43.0,R,81.0,A,,A,,A,,A,,A,,R,20.0
449816,2014,A,,A,,A,,R,9.0,R,0.0,R,9.0,R,6.0,R,67.0,R,54.0,R,0.0,R,54.0,R,34.0,R,63.0,R,8.0
449852,2014,A,,A,,A,,R,34.0,R,1.0,R,33.0,R,32.0,R,97.0,R,4.0,R,0.0,R,4.0,R,3.0,R,75.0,R,20.0
449861,2014,A,,A,,A,,R,46.0,R,0.0,R,46.0,R,32.0,R,70.0,A,,A,,A,,A,,A,,R,10.0
449870,2014,R,28.0,R,91.0,R,31.0,R,19.0,Z,0.0,R,19.0,R,11.0,R,58.0,R,0.0,Z,0.0,R,0.0,Z,0.0,A,,R,10.0
449898,2014,R,32.0,R,189.0,R,17.0,R,6.0,Z,0.0,R,6.0,R,5.0,R,83.0,R,23.0,Z,0.0,R,23.0,R,6.0,R,26.0,R,8.0
449904,2014,A,,A,,A,,R,75.0,Z,0.0,R,75.0,R,39.0,R,52.0,A,,A,,A,,A,,A,,R,10.0
449931,2014,A,,A,,A,,R,2.0,R,0.0,R,2.0,R,2.0,R,100.0,R,30.0,R,0.0,R,30.0,R,17.0,R,57.0,R,7.0
449959,2014,A,,A,,A,,R,25.0,Z,0.0,R,25.0,R,24.0,R,96.0,R,10.0,Z,0.0,R,10.0,R,8.0,R,80.0,R,15.0
449968,2014,A,,A,,A,,R,50.0,Z,0.0,R,50.0,R,43.0,R,86.0,R,23.0,Z,0.0,R,23.0,R,21.0,R,91.0,R,15.0
449977,2014,A,,A,,A,,R,34.0,Z,0.0,R,34.0,R,29.0,R,85.0,R,10.0,Z,0.0,R,10.0,R,8.0,R,80.0,R,15.0
449986,2014,A,,A,,A,,R,67.0,Z,0.0,R,67.0,R,53.0,R,79.0,R,17.0,Z,0.0,R,17.0,R,14.0,R,82.0,R,15.0
449995,2014,A,,A,,A,,R,29.0,R,0.0,R,29.0,R,24.0,R,83.0,R,8.0,R,0.0,R,8.0,R,6.0,R,75.0,R,15.0
450003,2014,R,38.0,R,96.0,R,40.0,R,65.0,Z,0.0,R,65.0,R,31.0,R,48.0,R,17.0,Z,0.0,R,17.0,R,2.0,R,12.0,R,16.0
450021,2014,A,,A,,A,,R,149.0,R,0.0,R,149.0,R,50.0,R,34.0,R,0.0,R,0.0,R,0.0,R,0.0,A,,R,10.0
450049,2014,R,38.0,R,120.0,R,32.0,R,38.0,Z,0.0,R,38.0,R,14.0,R,37.0,R,7.0,Z,0.0,R,7.0,R,4.0,R,57.0,R,16.0
450058,2014,A,,A,,A,,R,36.0,Z,0.0,R,36.0,R,23.0,R,64.0,A,,A,,A,,A,,A,,R,28.0
450067,2014,A,,A,,A,,R,94.0,Z,0.0,R,94.0,R,53.0,R,56.0,A,,A,,A,,A,,A,,R,17.0
450076,2014,A,,A,,A,,R,142.0,Z,0.0,R,142.0,R,74.0,R,52.0,A,,A,,A,,A,,A,,R,36.0
450085,2014,R,111.0,R,204.0,R,54.0,R,122.0,Z,0.0,R,122.0,R,54.0,R,44.0,R,7.0,Z,0.0,R,7.0,R,2.0,R,29.0,R,18.0
450094,2014,R,141.0,R,306.0,R,46.0,R,82.0,Z,0.0,R,82.0,R,45.0,R,55.0,R,69.0,Z,0.0,R,69.0,R,27.0,R,39.0,R,20.0
450119,2014,A,,A,,A,,R,62.0,R,4.0,R,58.0,R,46.0,R,79.0,R,37.0,R,2.0,R,35.0,R,30.0,R,86.0,R,16.0
450128,2014,A,,A,,A,,R,206.0,Z,0.0,R,206.0,R,155.0,R,75.0,R,18.0,Z,0.0,R,18.0,R,6.0,R,33.0,R,16.0
450146,2014,A,,A,,A,,R,2.0,R,0.0,R,2.0,R,2.0,R,100.0,A,,A,,A,,A,,A,,R,11.0
450173,2014,A,,A,,A,,R,3296.0,R,0.0,R,3296.0,R,1602.0,R,49.0,A,,A,,A,,A,,A,,R,35.0
450182,2014,A,,A,,A,,R,114.0,Z,0.0,R,114.0,R,77.0,R,68.0,A,,A,,A,,A,,A,,R,18.0
450191,2014,R,70.0,R,89.0,R,79.0,R,26.0,R,0.0,R,26.0,R,12.0,R,46.0,R,9.0,R,0.0,R,9.0,R,5.0,R,56.0,R,8.0
450207,2014,A,,A,,A,,A,,A,,A,,A,,A,,A,,A,,A,,A,,A,,R,19.0
450216,2014,R,109.0,R,134.0,R,81.0,R,2.0,R,0.0,R,2.0,R,2.0,R,100.0,R,0.0,R,0.0,R,0.0,R,0.0,A,,R,23.0
450225,2014,R,63.0,R,81.0,R,78.0,R,0.0,R,0.0,R,0.0,R,0.0,A,,R,0.0,R,0.0,R,0.0,R,0.0,A,,R,21.0
450234,2014,R,22.0,R,27.0,R,81.0,R,0.0,R,0.0,R,0.0,R,0.0,A,,R,0.0,R,0.0,R,0.0,R,0.0,A,,R,8.0
450243,2014,R,74.0,R,98.0,R,76.0,R,0.0,R,0.0,R,0.0,R,0.0,A,,R,0.0,R,0.0,R,0.0,R,0.0,A,,R,23.0
450252,2014,R,109.0,R,130.0,R,84.0,R,0.0,R,0.0,R,0.0,R,0.0,A,,R,0.0,R,0.0,R,0.0,R,0.0,A,,R,19.0
450261,2014,R,55.0,R,62.0,R,89.0,R,0.0,R,0.0,R,0.0,R,0.0,A,,R,0.0,R,0.0,R,0.0,R,0.0,A,,R,23.0
450270,2014,R,27.0,R,31.0,R,87.0,R,0.0,R,0.0,R,0.0,R,0.0,A,,R,0.0,R,0.0,R,0.0,R,0.0,A,,R,12.0
450289,2014,R,87.0,R,107.0,R,81.0,R,35.0,R,0.0,R,35.0,R,14.0,R,40.0,R,11.0,R,0.0,R,11.0,R,8.0,R,73.0,R,9.0
450298,2014,R,3.0,R,68.0,R,4.0,R,1.0,Z,0.0,R,1.0,R,0.0,R,0.0,R,23.0,Z,0.0,R,23.0,R,7.0,R,30.0,R,28.0
450377,2014,R,5.0,R,128.0,R,4.0,R,2.0,R,0.0,R,2.0,R,0.0,R,0.0,R,35.0,R,0.0,R,35.0,R,7.0,R,20.0,R,21.0
450395,2014,A,,A,,A,,R,15.0,R,0.0,R,15.0,R,14.0,R,93.0,A,,A,,A,,A,,A,,R,11.0
450401,2014,A,,A,,A,,R,107.0,R,0.0,R,107.0,R,78.0,R,73.0,A,,A,,A,,A,,A,,R,15.0
450429,2014,R,16.0,R,46.0,R,35.0,R,2.0,R,0.0,R,2.0,R,1.0,R,50.0,R,0.0,R,0.0,R,0.0,R,0.0,A,,R,11.0
450447,2014,A,,A,,A,,A,,A,,A,,A,,A,,A,,A,,A,,A,,A,,R,11.0
450456,2014,A,,A,,A,,R,11.0,R,0.0,R,11.0,R,2.0,R,18.0,A,,A,,A,,A,,A,,R,8.0
450465,2014,R,66.0,R,100.0,R,66.0,R,5.0,Z,0.0,R,5.0,R,4.0,R,80.0,R,8.0,Z,0.0,R,8.0,R,6.0,R,75.0,R,19.0
450483,2014,A,,A,,A,,R,18.0,R,0.0,R,18.0,R,6.0,R,33.0,A,,A,,A,,A,,A,,R,13.0
450526,2014,R,6.0,R,81.0,R,7.0,R,6.0,Z,0.0,R,6.0,R,3.0,R,50.0,R,24.0,Z,0.0,R,24.0,R,9.0,R,38.0,R,13.0
450535,2014,R,7.0,R,65.0,R,11.0,R,7.0,Z,0.0,R,7.0,R,3.0,R,43.0,R,12.0,Z,0.0,R,12.0,R,1.0,R,8.0,R,12.0
450544,2014,R,2.0,R,45.0,R,4.0,R,3.0,Z,0.0,R,3.0,R,0.0,R,0.0,R,19.0,Z,0.0,R,19.0,R,2.0,R,11.0,R,13.0
450571,2014,R,21.0,R,234.0,R,9.0,R,8.0,Z,0.0,R,8.0,R,2.0,R,25.0,R,2.0,Z,0.0,R,2.0,R,0.0,R,0.0,R,18.0
450580,2014,A,,A,,A,,R,18.0,R,0.0,R,18.0,R,11.0,R,61.0,R,9.0,R,0.0,R,9.0,R,4.0,R,44.0,R,15.0
450599,2014,A,,A,,A,,R,55.0,R,0.0,R,55.0,R,31.0,R,56.0,R,0.0,R,0.0,R,0.0,R,0.0,A,,R,22.0
450605,2014,A,,A,,A,,R,40.0,R,0.0,R,40.0,R,26.0,R,65.0,R,12.0,R,0.0,R,12.0,R,6.0,R,50.0,R,22.0
450614,2014,A,,A,,A,,R,39.0,R,0.0,R,39.0,R,23.0,R,59.0,R,3.0,R,0.0,R,3.0,R,1.0,R,33.0,R,16.0
450623,2014,A,,A,,A,,R,20.0,R,0.0,R,20.0,R,17.0,R,85.0,R,4.0,R,0.0,R,4.0,R,3.0,R,75.0,R,14.0
450632,2014,A,,A,,A,,A,,A,,A,,A,,A,,A,,A,,A,,A,,A,,R,6.0
450641,2014,A,,A,,A,,R,19.0,R,1.0,R,18.0,R,15.0,R,83.0,R,3.0,R,1.0,R,2.0,R,2.0,R,100.0,R,9.0
450650,2014,A,,A,,A,,R,32.0,R,0.0,R,32.0,R,28.0,R,88.0,R,41.0,R,0.0,R,41.0,R,32.0,R,78.0,R,7.0
450669,2014,A,,A,,A,,R,11.0,R,0.0,R,11.0,R,8.0,R,73.0,A,,A,,A,,A,,A,,R,13.0
450678,2014,A,,A,,A,,R,14.0,R,0.0,R,14.0,R,12.0,R,86.0,A,,A,,A,,A,,A,,R,20.0
450696,2014,A,,A,,A,,R,62.0,R,0.0,R,62.0,R,47.0,R,76.0,R,0.0,R,0.0,R,0.0,R,0.0,A,,R,55.0
450702,2014,A,,A,,A,,R,42.0,R,0.0,R,42.0,R,29.0,R,69.0,R,0.0,R,0.0,R,0.0,R,0.0,A,,R,42.0
450720,2014,A,,A,,A,,R,19.0,R,0.0,R,19.0,R,14.0,R,74.0,R,3.0,R,0.0,R,3.0,R,2.0,R,67.0,R,26.0
450739,2014,A,,A,,A,,R,18.0,R,0.0,R,18.0,R,14.0,R,78.0,R,22.0,R,0.0,R,22.0,R,20.0,R,91.0,R,13.0
450757,2014,A,,A,,A,,R,14.0,R,1.0,R,13.0,R,10.0,R,77.0,R,4.0,R,0.0,R,4.0,R,2.0,R,50.0,R,17.0
450766,2014,A,,A,,A,,A,,A,,A,,A,,A,,A,,A,,A,,A,,A,,R,7.0
450784,2014,A,,A,,A,,R,16.0,R,0.0,R,16.0,R,10.0,R,63.0,R,6.0,R,0.0,R,6.0,R,5.0,R,83.0,R,7.0
450793,2014,A,,A,,A,,R,31.0,R,0.0,R,31.0,R,26.0,R,84.0,R,11.0,R,0.0,R,11.0,R,6.0,R,55.0,R,14.0
450809,2014,A,,A,,A,,R,20.0,R,0.0,R,20.0,R,3.0,R,15.0,A,,A,,A,,A,,A,,R,4.0
450818,2014,A,,A,,A,,R,18.0,R,0.0,R,18.0,R,13.0,R,72.0,A,,A,,A,,A,,A,,R,9.0
450827,2014,A,,A,,A,,R,33.0,R,0.0,R,33.0,R,18.0,R,55.0,R,8.0,R,0.0,R,8.0,R,2.0,R,25.0,R,10.0
450836,2014,A,,A,,A,,R,42.0,R,0.0,R,42.0,R,15.0,R,36.0,A,,A,,A,,A,,A,,R,11.0
450845,2014,A,,A,,A,,R,6.0,R,0.0,R,6.0,R,5.0,R,83.0,R,2.0,R,0.0,R,2.0,R,1.0,R,50.0,R,5.0
450854,2014,A,,A,,A,,R,24.0,R,0.0,R,24.0,R,13.0,R,54.0,R,10.0,R,0.0,R,10.0,R,5.0,R,50.0,R,10.0
450863,2014,A,,A,,A,,R,16.0,R,0.0,R,16.0,R,11.0,R,69.0,A,,A,,A,,A,,A,,R,8.0
450872,2014,A,,A,,A,,R,20.0,R,0.0,R,20.0,R,13.0,R,65.0,R,6.0,R,0.0,R,6.0,R,4.0,R,67.0,R,7.0
450881,2014,A,,A,,A,,R,15.0,R,0.0,R,15.0,R,7.0,R,47.0,A,,A,,A,,A,,A,,R,5.0
450933,2014,A,,A,,A,,R,249.0,R,0.0,R,249.0,R,107.0,R,43.0,R,81.0,R,0.0,R,81.0,R,16.0,R,20.0,R,58.0
450951,2014,A,,A,,A,,R,24.0,R,0.0,R,24.0,R,20.0,R,83.0,A,,A,,A,,A,,A,,R,12.0
450960,2014,A,,A,,A,,R,173.0,R,0.0,R,173.0,R,137.0,R,79.0,A,,A,,A,,A,,A,,R,13.0
450979,2014,A,,A,,A,,R,64.0,R,0.0,R,64.0,R,16.0,R,25.0,R,8.0,R,0.0,R,8.0,R,2.0,R,25.0,R,17.0
450988,2014,A,,A,,A,,R,69.0,R,0.0,R,69.0,R,62.0,R,90.0,R,41.0,R,0.0,R,41.0,R,34.0,R,83.0,R,21.0
451006,2014,A,,A,,A,,R,23.0,Z,0.0,R,23.0,R,18.0,R,78.0,R,11.0,R,0.0,R,11.0,R,11.0,R,100.0,R,9.0
451015,2014,A,,A,,A,,A,,A,,A,,A,,A,,A,,A,,A,,A,,A,,R,7.0
451033,2014,A,,A,,A,,A,,A,,A,,A,,A,,R,0.0,R,0.0,R,0.0,R,0.0,A,,R,12.0
451042,2014,A,,A,,A,,R,15.0,R,0.0,R,15.0,R,13.0,R,87.0,R,38.0,R,0.0,R,38.0,R,32.0,R,84.0,R,5.0
451051,2014,A,,A,,A,,A,,A,,A,,A,,A,,A,,A,,A,,A,,A,,R,8.0
451060,2014,R,56.0,R,91.0,R,62.0,R,43.0,R,0.0,R,43.0,R,28.0,R,65.0,R,4.0,R,0.0,R,4.0,R,3.0,R,75.0,R,13.0
451097,2014,A,,A,,A,,R,27.0,R,0.0,R,27.0,R,23.0,R,85.0,R,19.0,R,0.0,R,19.0,R,16.0,R,84.0,R,16.0
451103,2014,A,,A,,A,,R,172.0,R,0.0,R,172.0,R,142.0,R,83.0,A,,A,,A,,A,,A,,R,22.0
451121,2014,A,,A,,A,,R,10.0,R,0.0,R,10.0,R,10.0,R,100.0,R,4.0,R,0.0,R,4.0,R,1.0,R,25.0,R,7.0
451149,2014,A,,A,,A,,R,96.0,R,0.0,R,96.0,R,73.0,R,76.0,A,,A,,A,,A,,A,,R,20.0
451158,2014,A,,A,,A,,R,38.0,R,1.0,R,37.0,R,33.0,R,89.0,A,,A,,A,,A,,A,,R,20.0
451167,2014,A,,A,,A,,R,10.0,R,0.0,R,10.0,R,10.0,R,100.0,R,1.0,R,0.0,R,1.0,R,1.0,R,100.0,R,4.0
451194,2014,A,,A,,A,,A,,A,,A,,A,,A,,A,,A,,A,,A,,A,,R,4.0
451219,2014,A,,A,,A,,A,,A,,A,,A,,A,,A,,A,,A,,A,,A,,R,5.0
451228,2014,A,,A,,A,,A,,A,,A,,A,,A,,A,,A,,A,,A,,A,,R,35.0
451237,2014,A,,A,,A,,R,29.0,R,0.0,R,29.0,R,25.0,R,86.0,A,,A,,A,,A,,A,,R,7.0
451255,2014,A,,A,,A,,R,13.0,R,0.0,R,13.0,R,9.0,R,69.0,R,3.0,R,0.0,R,3.0,R,2.0,R,67.0,R,10.0
451264,2014,A,,A,,A,,A,,A,,A,,A,,A,,A,,A,,A,,A,,A,,R,18.0
451282,2014,A,,A,,A,,R,21.0,R,0.0,R,21.0,R,12.0,R,57.0,R,12.0,R,0.0,R,12.0,R,9.0,R,75.0,R,12.0
451291,2014,A,,A,,A,,A,,A,,A,,A,,A,,A,,A,,A,,A,,A,,R,4.0
451307,2014,A,,A,,A,,R,8.0,R,0.0,R,8.0,R,6.0,R,75.0,R,9.0,R,0.0,R,9.0,R,1.0,R,11.0,R,19.0
451316,2014,A,,A,,A,,R,15.0,R,0.0,R,15.0,R,8.0,R,53.0,A,,A,,A,,A,,A,,R,12.0
451334,2014,A,,A,,A,,R,21.0,R,0.0,R,21.0,R,20.0,R,95.0,R,1.0,R,0.0,R,1.0,R,0.0,R,0.0,R,14.0
451343,2014,A,,A,,A,,R,5.0,R,0.0,R,5.0,R,2.0,R,40.0,A,,A,,A,,A,,A,,R,22.0
451352,2014,A,,A,,A,,R,65.0,R,0.0,R,65.0,R,42.0,R,65.0,R,21.0,R,0.0,R,21.0,R,15.0,R,71.0,R,11.0
451361,2014,A,,A,,A,,A,,A,,A,,A,,A,,A,,A,,A,,A,,A,,R,2.0
451370,2014,R,10.0,R,15.0,R,67.0,R,8.0,R,0.0,R,8.0,R,6.0,R,75.0,A,,A,,A,,A,,A,,R,9.0
451398,2014,R,57.0,R,68.0,R,84.0,R,54.0,R,0.0,R,54.0,R,46.0,R,85.0,A,,A,,A,,A,,A,,R,23.0
451404,2014,R,77.0,R,147.0,R,52.0,R,68.0,R,0.0,R,68.0,R,57.0,R,84.0,A,,A,,A,,A,,A,,R,12.0
451413,2014,A,,A,,A,,R,8.0,R,0.0,R,8.0,R,7.0,R,88.0,A,,A,,A,,A,,A,,R,9.0
451459,2014,A,,A,,A,,A,,A,,A,,A,,A,,A,,A,,A,,A,,A,,R,10.0
451468,2014,A,,A,,A,,R,14.0,R,0.0,R,14.0,R,12.0,R,86.0,A,,A,,A,,A,,A,,R,14.0
451477,2014,A,,A,,A,,A,,A,,A,,A,,A,,A,,A,,A,,A,,A,,R,42.0
451495,2014,A,,A,,A,,R,6.0,Z,0.0,R,6.0,R,5.0,R,83.0,R,0.0,R,0.0,R,0.0,R,0.0,A,,R,23.0
451501,2014,A,,A,,A,,R,45.0,R,0.0,R,45.0,R,27.0,R,60.0,A,,A,,A,,A,,A,,R,24.0
451529,2014,A,,A,,A,,R,9.0,R,0.0,R,9.0,R,5.0,R,56.0,R,26.0,R,0.0,R,26.0,R,12.0,R,46.0,R,10.0
451538,2014,A,,A,,A,,R,105.0,Z,0.0,R,105.0,R,86.0,R,82.0,R,0.0,R,0.0,R,0.0,R,0.0,A,,R,15.0
451547,2014,A,,A,,A,,R,22.0,R,0.0,R,22.0,R,18.0,R,82.0,A,,A,,A,,A,,A,,R,25.0
451556,2014,R,370.0,R,929.0,R,40.0,R,75.0,R,0.0,R,75.0,R,66.0,R,88.0,A,,A,,A,,A,,A,,R,19.0
451565,2014,A,,A,,A,,R,25.0,R,0.0,R,25.0,R,20.0,R,80.0,R,6.0,Z,0.0,R,6.0,R,5.0,R,83.0,R,12.0
451574,2014,A,,A,,A,,R,87.0,R,0.0,R,87.0,R,70.0,R,80.0,A,,A,,A,,A,,A,,R,15.0
451583,2014,A,,A,,A,,R,27.0,R,0.0,R,27.0,R,20.0,R,74.0,R,40.0,R,0.0,R,40.0,R,24.0,R,60.0,R,8.0
451617,2014,A,,A,,A,,R,9.0,Z,0.0,R,9.0,R,6.0,R,67.0,R,2.0,Z,0.0,R,2.0,R,0.0,R,0.0,R,9.0
451626,2014,A,,A,,A,,R,32.0,R,0.0,R,32.0,R,28.0,R,88.0,R,0.0,R,0.0,R,0.0,R,0.0,A,,R,11.0
451635,2014,A,,A,,A,,R,12.0,R,0.0,R,12.0,R,10.0,R,83.0,A,,A,,A,,A,,A,,R,10.0
451644,2014,A,,A,,A,,R,10.0,R,0.0,R,10.0,R,8.0,R,80.0,A,,A,,A,,A,,A,,R,20.0
451653,2014,A,,A,,A,,R,19.0,R,0.0,R,19.0,R,17.0,R,89.0,A,,A,,A,,A,,A,,R,8.0
451662,2014,A,,A,,A,,R,19.0,Z,0.0,R,19.0,R,6.0,R,32.0,R,531.0,Z,0.0,R,531.0,R,122.0,R,23.0,R,14.0
451671,2014,R,89.0,R,505.0,R,18.0,R,80.0,R,0.0,R,80.0,R,60.0,R,75.0,R,3.0,R,0.0,R,3.0,R,3.0,R,100.0,R,12.0
451699,2014,R,114.0,R,342.0,R,33.0,R,2.0,Z,0.0,R,2.0,R,2.0,R,100.0,A,,A,,A,,A,,A,,R,15.0
451705,2014,A,,A,,A,,R,2.0,R,0.0,R,2.0,R,1.0,R,50.0,A,,A,,A,,A,,A,,R,11.0
451714,2014,A,,A,,A,,R,62.0,R,0.0,R,62.0,R,47.0,R,76.0,A,,A,,A,,A,,A,,R,18.0
451741,2014,R,122.0,R,302.0,R,40.0,R,11.0,R,0.0,R,11.0,R,3.0,R,27.0,A,,A,,A,,A,,A,,R,31.0
451750,2014,R,34.0,R,188.0,R,18.0,R,1.0,R,1.0,R,0.0,R,0.0,A,,R,0.0,R,0.0,R,0.0,R,0.0,A,,R,10.0
451769,2014,R,12.0,R,69.0,R,17.0,R,5.0,R,0.0,R,5.0,R,4.0,R,80.0,R,0.0,R,0.0,R,0.0,R,0.0,A,,R,12.0
451796,2014,R,203.0,R,380.0,R,53.0,R,140.0,Z,0.0,R,140.0,R,71.0,R,51.0,R,15.0,Z,0.0,R,15.0,R,7.0,R,47.0,R,19.0
451820,2014,R,111.0,R,354.0,R,31.0,R,156.0,R,0.0,R,156.0,R,71.0,R,46.0,R,32.0,Z,0.0,R,32.0,R,6.0,R,19.0,R,19.0
451848,2014,R,35.0,R,106.0,R,33.0,R,40.0,Z,0.0,R,40.0,R,26.0,R,65.0,R,7.0,Z,0.0,R,7.0,R,2.0,R,29.0,R,12.0
451857,2014,A,,A,,A,,R,78.0,Z,0.0,R,78.0,R,52.0,R,67.0,A,,A,,A,,A,,A,,R,18.0
451866,2014,A,,A,,A,,R,108.0,Z,0.0,R,108.0,R,64.0,R,59.0,A,,A,,A,,A,,A,,R,11.0
451875,2014,R,1.0,R,44.0,R,2.0,R,1.0,R,0.0,R,1.0,R,0.0,R,0.0,R,15.0,R,0.0,R,15.0,R,5.0,R,33.0,R,13.0
451884,2014,R,1.0,R,67.0,R,1.0,R,0.0,R,0.0,R,0.0,R,0.0,A,,R,37.0,Z,0.0,R,37.0,R,10.0,R,27.0,R,13.0
451909,2014,A,,A,,A,,R,96.0,Z,0.0,R,96.0,R,58.0,R,60.0,A,,A,,A,,A,,A,,R,34.0
451918,2014,A,,A,,A,,R,24.0,R,0.0,R,24.0,R,15.0,R,63.0,R,10.0,R,0.0,R,10.0,R,9.0,R,90.0,R,16.0
451936,2014,R,37.0,R,44.0,R,84.0,R,1.0,R,0.0,R,1.0,R,1.0,R,100.0,R,0.0,R,0.0,R,0.0,R,0.0,A,,R,13.0
451945,2014,R,29.0,R,43.0,R,67.0,R,0.0,R,0.0,R,0.0,R,0.0,A,,R,0.0,R,0.0,R,0.0,R,0.0,A,,R,10.0
451954,2014,R,17.0,R,18.0,R,94.0,R,0.0,R,0.0,R,0.0,R,0.0,A,,R,0.0,R,0.0,R,0.0,R,0.0,A,,R,16.0
451963,2014,R,43.0,R,56.0,R,77.0,R,0.0,R,0.0,R,0.0,R,0.0,A,,R,0.0,R,0.0,R,0.0,R,0.0,A,,R,21.0
451972,2014,R,36.0,R,48.0,R,75.0,R,0.0,R,0.0,R,0.0,R,0.0,A,,R,0.0,R,0.0,R,0.0,R,0.0,A,,R,12.0
451981,2014,R,15.0,R,18.0,R,83.0,R,0.0,R,0.0,R,0.0,R,0.0,A,,R,0.0,R,0.0,R,0.0,R,0.0,A,,R,11.0
451990,2014,R,64.0,R,73.0,R,88.0,R,1.0,R,0.0,R,1.0,R,0.0,R,0.0,R,1.0,R,0.0,R,1.0,R,0.0,R,0.0,R,14.0
452009,2014,A,,A,,A,,R,6.0,R,0.0,R,6.0,R,5.0,R,83.0,A,,A,,A,,A,,A,,R,12.0
452018,2014,R,65.0,R,133.0,R,49.0,R,74.0,Z,0.0,R,74.0,R,30.0,R,41.0,R,16.0,Z,0.0,R,16.0,R,5.0,R,31.0,R,11.0
452027,2014,R,97.0,R,222.0,R,44.0,R,75.0,Z,0.0,R,75.0,R,39.0,R,52.0,R,38.0,Z,0.0,R,38.0,R,9.0,R,24.0,R,17.0
452036,2014,A,,A,,A,,R,77.0,Z,0.0,R,77.0,R,65.0,R,84.0,A,,A,,A,,A,,A,,R,32.0
452045,2014,A,,A,,A,,R,91.0,Z,0.0,R,91.0,R,65.0,R,71.0,A,,A,,A,,A,,A,,R,31.0
452054,2014,A,,A,,A,,R,90.0,Z,0.0,R,90.0,R,51.0,R,57.0,A,,A,,A,,A,,A,,R,34.0
452063,2014,A,,A,,A,,R,142.0,Z,0.0,R,142.0,R,83.0,R,58.0,A,,A,,A,,A,,A,,R,38.0
452072,2014,A,,A,,A,,R,43.0,R,0.0,R,43.0,R,37.0,R,86.0,A,,A,,A,,A,,A,,R,18.0
452081,2014,A,,A,,A,,R,79.0,R,0.0,R,79.0,R,59.0,R,75.0,A,,A,,A,,A,,A,,R,26.0
452090,2014,R,2.0,R,18.0,R,11.0,R,0.0,Z,0.0,R,0.0,Z,0.0,A,,R,0.0,Z,0.0,R,0.0,Z,0.0,A,,R,9.0
452106,2014,A,,A,,A,,R,28.0,R,7.0,R,21.0,R,21.0,R,100.0,A,,A,,A,,A,,A,,R,11.0
452115,2014,R,181.0,R,233.0,R,78.0,R,56.0,R,0.0,R,56.0,R,31.0,R,55.0,R,13.0,R,0.0,R,13.0,R,6.0,R,46.0,R,11.0
452124,2014,A,,A,,A,,R,69.0,Z,0.0,R,69.0,R,39.0,R,57.0,A,,A,,A,,A,,A,,R,18.0
452373,2014,R,30.0,R,128.0,R,23.0,R,42.0,R,0.0,R,42.0,R,15.0,R,36.0,R,28.0,R,0.0,R,28.0,R,8.0,R,29.0,R,11.0
452540,2014,A,,A,,A,,A,,A,,A,,A,,A,,A,,A,,A,,A,,A,,R,10.0
452771,2014,A,,A,,A,,A,,A,,A,,A,,A,,A,,A,,A,,A,,A,,R,9.0
452780,2014,A,,A,,A,,A,,A,,A,,A,,A,,A,,A,,A,,A,,A,,R,9.0
452887,2014,A,,A,,A,,R,15.0,R,0.0,R,15.0,R,14.0,R,93.0,A,,A,,A,,A,,A,,R,12.0
452948,2014,A,,A,,A,,R,22.0,Z,0.0,R,22.0,R,12.0,R,55.0,R,2.0,Z,0.0,R,2.0,R,1.0,R,50.0,R,12.0
453075,2014,A,,A,,A,,N,11.0,N,0.0,N,11.0,N,4.0,N,36.0,N,2.0,N,0.0,N,2.0,N,1.0,N,50.0,N,7.0
453109,2014,R,117.0,R,117.0,R,100.0,R,105.0,R,0.0,R,105.0,R,73.0,R,70.0,A,,A,,A,,A,,A,,R,10.0
453163,2014,R,13.0,R,832.0,R,2.0,R,9.0,Z,0.0,R,9.0,R,4.0,R,44.0,R,185.0,Z,0.0,R,185.0,R,39.0,R,21.0,R,25.0
453215,2014,R,7.0,R,151.0,R,5.0,R,3.0,Z,0.0,R,3.0,R,3.0,R,100.0,R,59.0,Z,0.0,R,59.0,R,17.0,R,29.0,R,17.0
453297,2014,A,,A,,A,,R,2.0,R,0.0,R,2.0,R,2.0,R,100.0,A,,A,,A,,A,,A,,R,9.0
453455,2014,R,3.0,R,21.0,R,14.0,R,4.0,R,0.0,R,4.0,R,2.0,R,50.0,R,1.0,R,0.0,R,1.0,R,0.0,R,0.0,R,5.0
453464,2014,R,5.0,R,25.0,R,20.0,R,15.0,R,0.0,R,15.0,R,5.0,R,33.0,R,2.0,R,0.0,R,2.0,R,0.0,R,0.0,R,5.0
453473,2014,R,7.0,R,27.0,R,26.0,R,12.0,R,0.0,R,12.0,R,3.0,R,25.0,R,1.0,R,0.0,R,1.0,R,0.0,R,0.0,R,5.0
453482,2014,R,3.0,R,15.0,R,20.0,R,4.0,R,0.0,R,4.0,R,2.0,R,50.0,R,2.0,R,0.0,R,2.0,R,0.0,R,0.0,R,7.0
453552,2014,A,,A,,A,,R,60.0,R,0.0,R,60.0,R,48.0,R,80.0,R,21.0,R,0.0,R,21.0,R,15.0,R,71.0,R,23.0
453570,2014,A,,A,,A,,R,18.0,R,0.0,R,18.0,R,14.0,R,78.0,A,,A,,A,,A,,A,,R,24.0
453747,2014,R,33.0,R,86.0,R,38.0,R,36.0,R,0.0,R,36.0,R,27.0,R,75.0,R,3.0,R,0.0,R,3.0,R,2.0,R,67.0,R,16.0
453756,2014,A,,A,,A,,R,65.0,R,0.0,R,65.0,R,31.0,R,48.0,A,,A,,A,,A,,A,,R,9.0
453817,2014,A,,A,,A,,R,68.0,R,0.0,R,68.0,R,52.0,R,76.0,A,,A,,A,,A,,A,,R,20.0
454078,2014,A,,A,,A,,R,17.0,Z,0.0,R,17.0,R,12.0,R,71.0,A,,A,,A,,A,,A,,R,10.0
454175,2014,A,,A,,A,,R,134.0,R,0.0,R,134.0,R,94.0,R,70.0,A,,A,,A,,A,,A,,R,20.0
454184,2014,R,143.0,R,170.0,R,84.0,R,125.0,R,0.0,R,125.0,R,77.0,R,62.0,R,2.0,R,0.0,R,2.0,R,0.0,R,0.0,R,16.0
454227,2014,R,15.0,R,5808.0,R,0.0,R,13.0,R,0.0,R,13.0,R,7.0,R,54.0,R,0.0,R,0.0,R,0.0,R,0.0,A,,R,35.0
454236,2014,R,14.0,R,267.0,R,5.0,R,13.0,R,0.0,R,13.0,R,10.0,R,77.0,R,0.0,R,0.0,R,0.0,R,0.0,A,,R,12.0
454245,2014,R,2.0,R,200.0,R,1.0,R,5.0,R,0.0,R,5.0,R,4.0,R,80.0,R,1.0,R,0.0,R,1.0,R,0.0,R,0.0,R,12.0
454306,2014,A,,A,,A,,R,117.0,Z,0.0,R,117.0,R,78.0,R,67.0,A,,A,,A,,A,,A,,R,30.0
454315,2014,A,,A,,A,,R,24.0,R,0.0,R,24.0,R,15.0,R,63.0,R,6.0,R,0.0,R,6.0,R,2.0,R,33.0,R,8.0
454324,2014,A,,A,,A,,R,21.0,R,0.0,R,21.0,R,14.0,R,67.0,R,5.0,R,0.0,R,5.0,R,2.0,R,40.0,R,7.0
454333,2014,A,,A,,A,,R,23.0,R,0.0,R,23.0,R,10.0,R,43.0,R,7.0,R,0.0,R,7.0,R,6.0,R,86.0,R,6.0
454342,2014,A,,A,,A,,R,22.0,R,0.0,R,22.0,R,8.0,R,36.0,R,7.0,R,0.0,R,7.0,R,5.0,R,71.0,R,6.0
454351,2014,A,,A,,A,,R,34.0,R,0.0,R,34.0,R,21.0,R,62.0,A,,A,,A,,A,,A,,R,12.0
454360,2014,A,,A,,A,,R,34.0,R,0.0,R,34.0,R,20.0,R,59.0,R,13.0,R,0.0,R,13.0,R,8.0,R,62.0,R,14.0
454379,2014,A,,A,,A,,R,41.0,R,0.0,R,41.0,R,25.0,R,61.0,A,,A,,A,,A,,A,,R,15.0
454388,2014,A,,A,,A,,R,23.0,R,0.0,R,23.0,R,10.0,R,43.0,R,14.0,R,0.0,R,14.0,R,10.0,R,71.0,R,8.0
454397,2014,A,,A,,A,,R,38.0,R,0.0,R,38.0,R,20.0,R,53.0,R,16.0,R,0.0,R,16.0,R,6.0,R,38.0,R,10.0
454458,2014,A,,A,,A,,R,15.0,Z,0.0,R,15.0,R,10.0,R,67.0,A,,A,,A,,A,,A,,R,37.0
454467,2014,A,,A,,A,,R,25.0,R,0.0,R,25.0,R,16.0,R,64.0,R,5.0,R,0.0,R,5.0,R,2.0,R,40.0,R,9.0
454476,2014,A,,A,,A,,R,11.0,R,0.0,R,11.0,R,9.0,R,82.0,R,6.0,R,0.0,R,6.0,R,5.0,R,83.0,R,6.0
454485,2014,A,,A,,A,,R,10.0,R,0.0,R,10.0,R,4.0,R,40.0,A,,A,,A,,A,,A,,R,4.0
454494,2014,A,,A,,A,,R,18.0,R,0.0,R,18.0,R,5.0,R,28.0,A,,A,,A,,A,,A,,R,6.0
454500,2014,A,,A,,A,,R,26.0,R,0.0,R,26.0,R,13.0,R,50.0,R,9.0,R,0.0,R,9.0,R,6.0,R,67.0,R,7.0
454519,2014,A,,A,,A,,R,22.0,R,0.0,R,22.0,R,7.0,R,32.0,R,15.0,R,0.0,R,15.0,R,6.0,R,40.0,R,11.0
454528,2014,A,,A,,A,,R,17.0,R,0.0,R,17.0,R,12.0,R,71.0,R,5.0,R,0.0,R,5.0,R,5.0,R,100.0,R,5.0
454537,2014,A,,A,,A,,R,57.0,R,0.0,R,57.0,R,55.0,R,96.0,A,,A,,A,,A,,A,,R,8.0
454546,2014,A,,A,,A,,R,25.0,Z,0.0,R,25.0,R,18.0,R,72.0,A,,A,,A,,A,,A,,R,8.0
454555,2014,A,,A,,A,,R,55.0,Z,0.0,R,55.0,R,34.0,R,62.0,A,,A,,A,,A,,A,,R,10.0
454573,2014,A,,A,,A,,R,87.0,Z,0.0,R,87.0,R,45.0,R,52.0,A,,A,,A,,A,,A,,R,9.0
454582,2014,A,,A,,A,,R,0.0,R,0.0,R,0.0,R,0.0,A,,A,,A,,A,,A,,A,,R,3.0
454591,2014,R,12.0,R,34.0,R,35.0,R,2.0,R,0.0,R,2.0,R,1.0,R,50.0,R,0.0,R,0.0,R,0.0,R,0.0,A,,R,8.0
454607,2014,A,,A,,A,,R,30.0,R,0.0,R,30.0,R,24.0,R,80.0,A,,A,,A,,A,,A,,R,14.0
454616,2014,R,58.0,R,109.0,R,53.0,R,33.0,R,0.0,R,33.0,R,20.0,R,61.0,R,12.0,R,0.0,R,12.0,R,5.0,R,42.0,R,10.0
454625,2014,R,81.0,R,106.0,R,76.0,R,22.0,R,0.0,R,22.0,R,15.0,R,68.0,R,5.0,R,0.0,R,5.0,R,4.0,R,80.0,R,9.0
454652,2014,A,,A,,A,,R,20.0,R,0.0,R,20.0,R,18.0,R,90.0,A,,A,,A,,A,,A,,R,20.0
454698,2014,R,252.0,R,252.0,R,100.0,R,229.0,R,0.0,R,229.0,R,183.0,R,80.0,A,,A,,A,,A,,A,,R,12.0
454704,2014,A,,A,,A,,N,20.0,N,0.0,N,20.0,N,15.0,N,75.0,A,,A,,A,,A,,A,,N,19.0
454722,2014,A,,A,,A,,R,5.0,Z,0.0,R,5.0,R,5.0,R,100.0,R,1.0,Z,0.0,R,1.0,R,1.0,R,100.0,R,25.0
454740,2014,R,3.0,R,57.0,R,5.0,R,4.0,R,0.0,R,4.0,R,1.0,R,25.0,R,4.0,R,0.0,R,4.0,R,2.0,R,50.0,R,14.0
454759,2014,A,,A,,A,,R,0.0,Z,0.0,R,0.0,Z,0.0,A,,R,0.0,Z,0.0,R,0.0,Z,0.0,A,,R,8.0
454768,2014,A,,A,,A,,R,11.0,Z,0.0,R,11.0,R,10.0,R,91.0,R,4.0,Z,0.0,R,4.0,R,2.0,R,50.0,R,20.0
454777,2014,A,,A,,A,,R,14.0,R,0.0,R,14.0,R,12.0,R,86.0,R,4.0,R,0.0,R,4.0,R,4.0,R,100.0,R,14.0
454786,2014,A,,A,,A,,R,23.0,R,0.0,R,23.0,R,16.0,R,70.0,R,355.0,Z,0.0,R,355.0,R,250.0,R,70.0,R,9.0
454795,2014,A,,A,,A,,R,31.0,R,0.0,R,31.0,R,31.0,R,100.0,R,23.0,R,0.0,R,23.0,R,12.0,R,52.0,R,33.0
454801,2014,A,,A,,A,,R,30.0,R,0.0,R,30.0,R,23.0,R,77.0,A,,A,,A,,A,,A,,R,16.0
454810,2014,A,,A,,A,,R,111.0,R,0.0,R,111.0,R,106.0,R,95.0,A,,A,,A,,A,,A,,R,15.0
454829,2014,A,,A,,A,,R,0.0,R,0.0,R,0.0,R,0.0,A,,R,42.0,R,0.0,R,42.0,R,0.0,R,0.0,R,5.0
454847,2014,A,,A,,A,,R,57.0,R,0.0,R,57.0,R,51.0,R,89.0,A,,A,,A,,A,,A,,R,17.0
454856,2014,A,,A,,A,,Z,0.0,Z,0.0,Z,0.0,R,0.0,A,,A,,A,,A,,A,,A,,R,16.0
454865,2014,A,,A,,A,,R,41.0,R,0.0,R,41.0,R,32.0,R,78.0,R,5.0,R,0.0,R,5.0,R,4.0,R,80.0,R,15.0
454874,2014,A,,A,,A,,R,19.0,R,2.0,R,17.0,R,15.0,R,88.0,R,3.0,Z,0.0,R,3.0,R,2.0,R,67.0,R,14.0
454883,2014,A,,A,,A,,R,76.0,R,0.0,R,76.0,R,47.0,R,62.0,A,,A,,A,,A,,A,,R,25.0
454892,2014,A,,A,,A,,R,11.0,R,0.0,R,11.0,R,11.0,R,100.0,R,6.0,R,0.0,R,6.0,R,6.0,R,100.0,R,10.0
454908,2014,A,,A,,A,,R,8.0,R,0.0,R,8.0,R,7.0,R,88.0,A,,A,,A,,A,,A,,R,7.0
454917,2014,A,,A,,A,,R,161.0,R,0.0,R,161.0,R,133.0,R,83.0,R,30.0,R,0.0,R,30.0,R,25.0,R,83.0,R,18.0
454926,2014,A,,A,,A,,R,41.0,R,0.0,R,41.0,R,35.0,R,85.0,A,,A,,A,,A,,A,,R,18.0
454935,2014,A,,A,,A,,R,56.0,R,0.0,R,56.0,R,53.0,R,95.0,A,,A,,A,,A,,A,,R,10.0
454944,2014,A,,A,,A,,R,21.0,Z,0.0,R,21.0,R,12.0,R,57.0,R,3.0,R,0.0,R,3.0,R,3.0,R,100.0,R,12.0
454953,2014,A,,A,,A,,A,,A,,A,,A,,A,,A,,A,,A,,A,,A,,R,14.0
454962,2014,A,,A,,A,,R,16.0,R,0.0,R,16.0,R,16.0,R,100.0,R,1.0,R,0.0,R,1.0,R,1.0,R,100.0,R,11.0
454971,2014,A,,A,,A,,R,20.0,R,0.0,R,20.0,R,16.0,R,80.0,R,5.0,R,0.0,R,5.0,R,5.0,R,100.0,R,14.0
454980,2014,A,,A,,A,,R,9.0,R,0.0,R,9.0,R,7.0,R,78.0,R,6.0,R,0.0,R,6.0,R,4.0,R,67.0,R,13.0
454999,2014,A,,A,,A,,R,8.0,R,0.0,R,8.0,R,5.0,R,63.0,R,1.0,R,0.0,R,1.0,R,1.0,R,100.0,R,13.0
455008,2014,A,,A,,A,,R,19.0,R,0.0,R,19.0,R,12.0,R,63.0,R,2.0,R,0.0,R,2.0,R,1.0,R,50.0,R,12.0
455017,2014,A,,A,,A,,R,4.0,R,0.0,R,4.0,R,3.0,R,75.0,R,2.0,R,0.0,R,2.0,R,2.0,R,100.0,R,5.0
455026,2014,A,,A,,A,,R,12.0,R,0.0,R,12.0,R,10.0,R,83.0,R,7.0,R,0.0,R,7.0,R,5.0,R,71.0,R,8.0
455035,2014,A,,A,,A,,R,13.0,R,0.0,R,13.0,R,10.0,R,77.0,A,,A,,A,,A,,A,,R,2.0
455053,2014,A,,A,,A,,R,4.0,R,0.0,R,4.0,R,3.0,R,75.0,R,16.0,R,0.0,R,16.0,R,9.0,R,56.0,R,16.0
455062,2014,A,,A,,A,,R,3.0,R,0.0,R,3.0,R,2.0,R,67.0,R,4.0,R,0.0,R,4.0,R,4.0,R,100.0,R,20.0
455071,2014,A,,A,,A,,A,,A,,A,,A,,A,,A,,A,,A,,A,,A,,R,20.0
455080,2014,A,,A,,A,,R,11.0,R,0.0,R,11.0,R,5.0,R,45.0,R,5.0,Z,0.0,R,5.0,R,4.0,R,80.0,R,16.0
455105,2014,A,,A,,A,,R,12.0,R,0.0,R,12.0,R,11.0,R,92.0,A,,A,,A,,A,,A,,R,11.0
455114,2014,R,585.0,R,3922.0,R,15.0,R,829.0,R,0.0,R,829.0,R,427.0,R,52.0,R,832.0,R,1.0,R,831.0,R,289.0,R,35.0,R,24.0
455141,2014,A,,A,,A,,R,69.0,R,0.0,R,69.0,R,55.0,R,80.0,A,,A,,A,,A,,A,,R,9.0
455187,2014,A,,A,,A,,R,63.0,R,0.0,R,63.0,R,58.0,R,92.0,R,63.0,R,0.0,R,63.0,R,57.0,R,90.0,R,25.0
455196,2014,A,,A,,A,,R,113.0,R,0.0,R,113.0,R,76.0,R,67.0,A,,A,,A,,A,,A,,R,20.0
455202,2014,A,,A,,A,,R,9.0,Z,0.0,R,9.0,R,8.0,R,89.0,R,0.0,Z,0.0,R,0.0,R,0.0,A,,R,12.0
455211,2014,A,,A,,A,,R,16.0,R,0.0,R,16.0,R,15.0,R,94.0,A,,A,,A,,A,,A,,R,9.0
455220,2014,A,,A,,A,,R,58.0,R,0.0,R,58.0,R,13.0,R,22.0,A,,A,,A,,A,,A,,R,15.0
455239,2014,A,,A,,A,,R,20.0,R,0.0,R,20.0,R,13.0,R,65.0,R,20.0,R,0.0,R,20.0,R,14.0,R,70.0,R,10.0
455257,2014,R,106.0,R,119.0,R,89.0,R,69.0,R,0.0,R,69.0,R,67.0,R,97.0,A,,A,,A,,A,,A,,R,27.0
455275,2014,A,,A,,A,,R,128.0,R,0.0,R,128.0,R,101.0,R,79.0,A,,A,,A,,A,,A,,R,12.0
455284,2014,A,,A,,A,,R,33.0,R,0.0,R,33.0,R,22.0,R,67.0,R,6.0,R,0.0,R,6.0,R,4.0,R,67.0,R,12.0
455293,2014,A,,A,,A,,R,8.0,Z,0.0,R,8.0,R,6.0,R,75.0,A,,A,,A,,A,,A,,R,10.0
455327,2014,A,,A,,A,,A,,A,,A,,A,,A,,A,,A,,A,,A,,A,,R,18.0
455336,2014,A,,A,,A,,R,172.0,R,6.0,R,166.0,R,159.0,R,96.0,A,,A,,A,,A,,A,,R,14.0
455345,2014,A,,A,,A,,R,25.0,R,0.0,R,25.0,R,18.0,R,72.0,A,,A,,A,,A,,A,,R,8.0
455354,2014,A,,A,,A,,R,63.0,R,0.0,R,63.0,R,45.0,R,71.0,A,,A,,A,,A,,A,,R,12.0
455381,2014,A,,A,,A,,R,5.0,R,0.0,R,5.0,R,5.0,R,100.0,R,2.0,R,0.0,R,2.0,R,2.0,R,100.0,R,11.0
455390,2014,R,5.0,R,106.0,R,5.0,R,29.0,R,0.0,R,29.0,R,18.0,R,62.0,R,27.0,R,0.0,R,27.0,R,10.0,R,37.0,R,13.0
455424,2014,A,,A,,A,,R,130.0,R,0.0,R,130.0,R,97.0,R,75.0,A,,A,,A,,A,,A,,R,20.0
455460,2014,A,,A,,A,,R,20.0,Z,0.0,R,20.0,R,10.0,R,50.0,A,,A,,A,,A,,A,,R,27.0
455479,2014,A,,A,,A,,R,99.0,Z,0.0,R,99.0,R,61.0,R,62.0,A,,A,,A,,A,,A,,R,27.0
455488,2014,A,,A,,A,,R,84.0,Z,0.0,R,84.0,R,50.0,R,60.0,R,21.0,Z,0.0,R,21.0,R,12.0,R,57.0,R,22.0
455512,2014,R,212.0,R,921.0,R,23.0,R,195.0,Z,0.0,R,195.0,R,120.0,R,62.0,R,208.0,Z,0.0,R,208.0,R,80.0,R,38.0,R,23.0
455549,2014,A,,A,,A,,R,19.0,R,0.0,R,19.0,R,8.0,R,42.0,A,,A,,A,,A,,A,,R,17.0
455558,2014,A,,A,,A,,R,71.0,R,0.0,R,71.0,R,37.0,R,52.0,A,,A,,A,,A,,A,,R,26.0
455567,2014,A,,A,,A,,R,85.0,R,0.0,R,85.0,R,46.0,R,54.0,A,,A,,A,,A,,A,,R,42.0
455585,2014,R,20.0,R,59.0,R,34.0,R,0.0,R,0.0,R,0.0,R,0.0,A,,R,0.0,R,0.0,R,0.0,R,0.0,A,,R,9.0
455600,2014,R,62.0,R,115.0,R,54.0,R,0.0,Z,0.0,R,0.0,R,0.0,A,,A,,A,,A,,A,,A,,R,9.0
455619,2014,R,64.0,R,156.0,R,41.0,R,0.0,Z,0.0,R,0.0,Z,0.0,A,,A,,A,,A,,A,,A,,R,9.0
455628,2014,A,,A,,A,,R,71.0,Z,0.0,R,71.0,R,31.0,R,44.0,A,,A,,A,,A,,A,,R,28.0
455655,2014,R,87.0,R,155.0,R,56.0,R,126.0,Z,0.0,R,126.0,R,58.0,R,46.0,R,63.0,Z,0.0,R,63.0,R,11.0,R,17.0,R,15.0
455664,2014,A,,A,,A,,A,,A,,A,,A,,A,,A,,A,,A,,A,,A,,R,5.0
455673,2014,A,,A,,A,,R,2.0,R,0.0,R,2.0,R,1.0,R,50.0,A,,A,,A,,A,,A,,R,5.0
455707,2014,A,,A,,A,,A,,A,,A,,A,,A,,A,,A,,A,,A,,A,,R,12.0
455716,2014,R,134.0,R,166.0,R,81.0,R,55.0,R,0.0,R,55.0,R,33.0,R,60.0,R,11.0,R,0.0,R,11.0,R,5.0,R,45.0,R,13.0
455725,2014,A,,A,,A,,R,227.0,R,0.0,R,227.0,R,160.0,R,70.0,A,,A,,A,,A,,A,,R,10.0
455734,2014,A,,A,,A,,R,78.0,Z,0.0,R,78.0,R,57.0,R,73.0,A,,A,,A,,A,,A,,R,12.0
455752,2014,A,,A,,A,,R,20.0,R,0.0,R,20.0,R,16.0,R,80.0,A,,A,,A,,A,,A,,R,20.0
455761,2014,A,,A,,A,,R,14.0,R,0.0,R,14.0,R,9.0,R,64.0,R,1.0,R,0.0,R,1.0,R,1.0,R,100.0,R,15.0
455770,2014,R,27.0,R,49.0,R,55.0,R,20.0,R,0.0,R,20.0,R,13.0,R,65.0,R,0.0,R,0.0,R,0.0,R,0.0,A,,R,11.0
455798,2014,A,,A,,A,,R,12.0,R,0.0,R,12.0,R,11.0,R,92.0,R,5.0,R,0.0,R,5.0,R,4.0,R,80.0,R,10.0
455831,2014,A,,A,,A,,R,32.0,R,0.0,R,32.0,R,10.0,R,31.0,A,,A,,A,,A,,A,,R,15.0
455840,2014,A,,A,,A,,R,45.0,R,0.0,R,45.0,R,32.0,R,71.0,A,,A,,A,,A,,A,,R,10.0
455859,2014,A,,A,,A,,R,34.0,R,0.0,R,34.0,R,29.0,R,85.0,R,0.0,R,0.0,R,0.0,R,0.0,A,,R,11.0
455868,2014,A,,A,,A,,R,20.0,R,0.0,R,20.0,R,18.0,R,90.0,A,,A,,A,,A,,A,,R,22.0
455877,2014,A,,A,,A,,R,106.0,R,0.0,R,106.0,R,97.0,R,92.0,A,,A,,A,,A,,A,,R,10.0
455886,2014,A,,A,,A,,R,15.0,R,0.0,R,15.0,R,15.0,R,100.0,R,4.0,R,0.0,R,4.0,R,3.0,R,75.0,R,11.0
455895,2014,A,,A,,A,,R,10.0,R,0.0,R,10.0,R,8.0,R,80.0,R,3.0,R,0.0,R,3.0,R,2.0,R,67.0,R,16.0
455901,2014,A,,A,,A,,R,31.0,R,0.0,R,31.0,R,29.0,R,94.0,A,,A,,A,,A,,A,,R,10.0
455910,2014,A,,A,,A,,A,,A,,A,,A,,A,,A,,A,,A,,A,,A,,R,4.0
455929,2014,A,,A,,A,,R,12.0,R,0.0,R,12.0,R,10.0,R,83.0,R,11.0,R,0.0,R,11.0,R,5.0,R,45.0,R,10.0
455947,2014,A,,A,,A,,R,113.0,Z,0.0,R,113.0,R,110.0,R,97.0,R,16.0,Z,0.0,R,16.0,R,15.0,R,94.0,R,13.0
455956,2014,A,,A,,A,,R,57.0,R,0.0,R,57.0,R,42.0,R,74.0,A,,A,,A,,A,,A,,R,29.0
455965,2014,A,,A,,A,,R,36.0,R,0.0,R,36.0,R,32.0,R,89.0,A,,A,,A,,A,,A,,R,10.0
455974,2014,A,,A,,A,,A,,A,,A,,A,,A,,A,,A,,A,,A,,A,,R,15.0
455983,2014,A,,A,,A,,R,168.0,R,0.0,R,168.0,R,132.0,R,79.0,R,28.0,Z,0.0,R,28.0,R,18.0,R,64.0,R,10.0
456001,2014,A,,A,,A,,R,41.0,R,0.0,R,41.0,R,28.0,R,68.0,A,,A,,A,,A,,A,,R,5.0
456010,2014,R,22.0,R,54.0,R,41.0,R,18.0,Z,0.0,R,18.0,R,8.0,R,44.0,R,6.0,Z,0.0,R,6.0,R,3.0,R,50.0,R,11.0
456029,2014,A,,A,,A,,R,14.0,R,0.0,R,14.0,R,10.0,R,71.0,A,,A,,A,,A,,A,,R,20.0
456038,2014,A,,A,,A,,R,230.0,R,1.0,R,229.0,R,164.0,R,72.0,A,,A,,A,,A,,A,,R,25.0
456056,2014,R,82.0,R,100.0,R,82.0,R,0.0,R,0.0,R,0.0,R,0.0,A,,R,0.0,R,0.0,R,0.0,R,0.0,A,,R,9.0
456065,2014,A,,A,,A,,R,26.0,R,0.0,R,26.0,R,20.0,R,77.0,R,4.0,R,0.0,R,4.0,R,3.0,R,75.0,R,20.0
456074,2014,A,,A,,A,,R,16.0,R,0.0,R,16.0,R,12.0,R,75.0,R,7.0,R,0.0,R,7.0,R,5.0,R,71.0,R,20.0
456092,2014,A,,A,,A,,R,12.0,R,0.0,R,12.0,R,9.0,R,75.0,R,12.0,R,0.0,R,12.0,R,10.0,R,83.0,R,16.0
456126,2014,A,,A,,A,,R,33.0,R,0.0,R,33.0,R,23.0,R,70.0,R,11.0,R,0.0,R,11.0,R,7.0,R,64.0,R,17.0
456135,2014,A,,A,,A,,R,22.0,R,0.0,R,22.0,R,14.0,R,64.0,R,5.0,R,0.0,R,5.0,R,5.0,R,100.0,R,11.0
456144,2014,A,,A,,A,,R,77.0,R,2.0,R,75.0,R,70.0,R,93.0,A,,A,,A,,A,,A,,R,7.0
456153,2014,A,,A,,A,,R,120.0,R,1.0,R,119.0,R,112.0,R,94.0,A,,A,,A,,A,,A,,R,15.0
456180,2014,A,,A,,A,,R,22.0,Z,0.0,R,22.0,R,20.0,R,91.0,A,,A,,A,,A,,A,,R,13.0
456205,2014,R,60.0,R,161.0,R,37.0,R,87.0,Z,0.0,R,87.0,R,36.0,R,41.0,R,28.0,Z,0.0,R,28.0,R,4.0,R,14.0,R,14.0
456214,2014,A,,A,,A,,A,,A,,A,,A,,A,,A,,A,,A,,A,,A,,R,20.0
456287,2014,A,,A,,A,,R,24.0,R,0.0,R,24.0,R,22.0,R,92.0,A,,A,,A,,A,,A,,R,14.0
456296,2014,R,66.0,R,200.0,R,33.0,R,49.0,Z,0.0,R,49.0,R,15.0,R,31.0,R,5.0,Z,0.0,R,5.0,R,0.0,R,0.0,R,18.0
456302,2014,A,,A,,A,,R,73.0,Z,0.0,R,73.0,R,51.0,R,70.0,A,,A,,A,,A,,A,,R,25.0
456320,2014,A,,A,,A,,R,79.0,R,1.0,R,78.0,R,47.0,R,60.0,A,,A,,A,,A,,A,,R,16.0
456339,2014,A,,A,,A,,R,97.0,R,0.0,R,97.0,R,59.0,R,61.0,A,,A,,A,,A,,A,,R,24.0
456348,2014,A,,A,,A,,R,334.0,Z,0.0,R,334.0,R,91.0,R,27.0,A,,A,,A,,A,,A,,R,25.0
456357,2014,A,,A,,A,,R,79.0,Z,0.0,R,79.0,R,51.0,R,65.0,A,,A,,A,,A,,A,,R,19.0
456366,2014,A,,A,,A,,R,62.0,Z,0.0,R,62.0,R,42.0,R,68.0,A,,A,,A,,A,,A,,R,17.0
456375,2014,A,,A,,A,,R,52.0,Z,0.0,R,52.0,R,29.0,R,56.0,A,,A,,A,,A,,A,,R,13.0
456393,2014,R,49.0,R,56.0,R,88.0,R,88.0,R,1.0,R,87.0,R,32.0,R,37.0,R,5.0,R,0.0,R,5.0,R,0.0,R,0.0,R,19.0
456409,2014,R,17.0,R,22.0,R,77.0,R,0.0,R,0.0,R,0.0,R,0.0,A,,R,0.0,R,0.0,R,0.0,R,0.0,A,,R,11.0
456418,2014,R,40.0,R,42.0,R,95.0,R,33.0,R,2.0,R,31.0,R,16.0,R,52.0,R,2.0,R,0.0,R,2.0,R,0.0,R,0.0,R,12.0
456427,2014,R,36.0,R,39.0,R,92.0,R,0.0,R,0.0,R,0.0,R,0.0,A,,R,0.0,R,0.0,R,0.0,R,0.0,A,,R,27.0
456436,2014,R,52.0,R,57.0,R,91.0,R,0.0,R,0.0,R,0.0,R,0.0,A,,R,0.0,R,0.0,R,0.0,R,0.0,A,,R,15.0
456445,2014,R,54.0,R,64.0,R,84.0,R,1.0,R,0.0,R,1.0,R,1.0,R,100.0,R,0.0,R,0.0,R,0.0,R,0.0,A,,R,23.0
456454,2014,A,,A,,A,,R,28.0,Z,0.0,R,28.0,R,20.0,R,71.0,A,,A,,A,,A,,A,,R,15.0
456481,2014,R,1.0,R,8.0,R,13.0,R,2.0,R,0.0,R,2.0,R,2.0,R,100.0,R,0.0,R,0.0,R,0.0,R,0.0,A,,R,6.0
456490,2014,R,1.0,R,7.0,R,14.0,R,1.0,Z,0.0,R,1.0,R,0.0,R,0.0,R,0.0,Z,0.0,R,0.0,R,0.0,A,,R,5.0
456506,2014,A,,A,,A,,R,40.0,R,0.0,R,40.0,R,27.0,R,68.0,A,,A,,A,,A,,A,,R,20.0
456515,2014,A,,A,,A,,R,57.0,R,0.0,R,57.0,R,46.0,R,81.0,A,,A,,A,,A,,A,,R,22.0
456551,2014,A,,A,,A,,R,18.0,R,0.0,R,18.0,R,16.0,R,89.0,A,,A,,A,,A,,A,,R,13.0
456560,2014,A,,A,,A,,R,19.0,Z,0.0,R,19.0,R,14.0,R,74.0,R,11.0,Z,0.0,R,11.0,R,4.0,R,36.0,R,12.0
456588,2014,A,,A,,A,,R,6.0,R,0.0,R,6.0,R,3.0,R,50.0,A,,A,,A,,A,,A,,R,15.0
456597,2014,A,,A,,A,,R,32.0,R,0.0,R,32.0,R,23.0,R,72.0,A,,A,,A,,A,,A,,R,14.0
456612,2014,R,112.0,R,222.0,R,50.0,R,0.0,Z,0.0,R,0.0,Z,0.0,A,,A,,A,,A,,A,,A,,R,10.0
456621,2014,R,2.0,R,45.0,R,4.0,R,0.0,Z,0.0,R,0.0,R,0.0,A,,R,9.0,Z,0.0,R,9.0,R,3.0,R,33.0,R,12.0
456719,2014,A,,A,,A,,R,24.0,R,0.0,R,24.0,R,12.0,R,50.0,A,,A,,A,,A,,A,,R,9.0
456728,2014,A,,A,,A,,R,8.0,R,0.0,R,8.0,R,6.0,R,75.0,A,,A,,A,,A,,A,,R,4.0
456737,2014,A,,A,,A,,R,43.0,R,0.0,R,43.0,R,20.0,R,47.0,A,,A,,A,,A,,A,,R,11.0
456746,2014,A,,A,,A,,R,25.0,R,0.0,R,25.0,R,14.0,R,56.0,R,6.0,R,0.0,R,6.0,R,3.0,R,50.0,R,9.0
456755,2014,A,,A,,A,,R,11.0,R,0.0,R,11.0,R,7.0,R,64.0,A,,A,,A,,A,,A,,R,6.0
456764,2014,A,,A,,A,,R,29.0,R,0.0,R,29.0,R,16.0,R,55.0,R,7.0,R,0.0,R,7.0,R,4.0,R,57.0,R,9.0
456773,2014,A,,A,,A,,R,16.0,R,0.0,R,16.0,R,6.0,R,38.0,A,,A,,A,,A,,A,,R,8.0
456782,2014,R,21.0,R,68.0,R,31.0,R,3.0,R,0.0,R,3.0,R,2.0,R,67.0,R,0.0,R,0.0,R,0.0,R,0.0,A,,R,19.0
456791,2014,R,78.0,R,183.0,R,43.0,R,0.0,Z,0.0,R,0.0,Z,0.0,A,,A,,A,,A,,A,,A,,R,12.0
456807,2014,R,22.0,R,58.0,R,38.0,R,0.0,R,0.0,R,0.0,R,0.0,A,,R,0.0,R,0.0,R,0.0,R,0.0,A,,R,9.0
456816,2014,R,17.0,R,50.0,R,34.0,R,2.0,R,0.0,R,2.0,R,0.0,R,0.0,R,1.0,R,0.0,R,1.0,R,0.0,R,0.0,R,10.0
456825,2014,A,,A,,A,,R,21.0,R,0.0,R,21.0,R,14.0,R,67.0,A,,A,,A,,A,,A,,R,13.0
456834,2014,R,1.0,R,15.0,R,7.0,R,4.0,R,0.0,R,4.0,R,1.0,R,25.0,R,1.0,R,0.0,R,1.0,R,0.0,R,0.0,R,18.0
456861,2014,A,,A,,A,,R,196.0,R,0.0,R,196.0,R,143.0,R,73.0,A,,A,,A,,A,,A,,R,18.0
456922,2014,A,,A,,A,,R,100.0,R,1.0,R,99.0,R,68.0,R,69.0,A,,A,,A,,A,,A,,R,19.0
456931,2014,A,,A,,A,,R,90.0,R,0.0,R,90.0,R,43.0,R,48.0,A,,A,,A,,A,,A,,R,18.0
456940,2014,A,,A,,A,,R,88.0,R,0.0,R,88.0,R,42.0,R,48.0,A,,A,,A,,A,,A,,R,31.0
456959,2014,R,112.0,R,150.0,R,75.0,R,155.0,R,0.0,R,155.0,R,126.0,R,81.0,R,0.0,R,0.0,R,0.0,R,0.0,A,,R,11.0
456968,2014,A,,A,,A,,R,11.0,R,0.0,R,11.0,R,9.0,R,82.0,R,4.0,R,0.0,R,4.0,R,4.0,R,100.0,R,20.0
456977,2014,A,,A,,A,,R,44.0,R,0.0,R,44.0,R,29.0,R,66.0,A,,A,,A,,A,,A,,R,18.0
457004,2014,R,3.0,R,10.0,R,30.0,R,4.0,R,0.0,R,4.0,R,4.0,R,100.0,R,2.0,R,0.0,R,2.0,R,1.0,R,50.0,R,5.0
457022,2014,R,19.0,R,46.0,R,41.0,R,0.0,Z,0.0,R,0.0,R,0.0,A,,R,0.0,Z,0.0,R,0.0,R,0.0,A,,R,13.0
457031,2014,A,,A,,A,,R,14.0,R,0.0,R,14.0,R,13.0,R,93.0,A,,A,,A,,A,,A,,R,13.0
457077,2014,A,,A,,A,,R,106.0,Z,0.0,R,106.0,R,60.0,R,57.0,A,,A,,A,,A,,A,,R,11.0
457086,2014,A,,A,,A,,R,12.0,R,0.0,R,12.0,R,9.0,R,75.0,R,2.0,R,0.0,R,2.0,R,0.0,R,0.0,R,15.0
457101,2014,A,,A,,A,,R,28.0,R,0.0,R,28.0,R,20.0,R,71.0,R,0.0,R,0.0,R,0.0,R,0.0,A,,R,30.0
457110,2014,A,,A,,A,,R,8.0,R,0.0,R,8.0,R,7.0,R,88.0,R,1.0,R,0.0,R,1.0,R,1.0,R,100.0,R,16.0
457129,2014,R,1.0,R,286.0,R,0.0,R,2.0,R,0.0,R,2.0,R,2.0,R,100.0,R,0.0,R,0.0,R,0.0,R,0.0,A,,R,10.0
457174,2014,A,,A,,A,,R,126.0,Z,0.0,R,126.0,R,75.0,R,60.0,A,,A,,A,,A,,A,,R,18.0
457183,2014,A,,A,,A,,A,,A,,A,,A,,A,,A,,A,,A,,A,,A,,R,10.0
457192,2014,A,,A,,A,,R,30.0,Z,0.0,R,30.0,R,15.0,R,50.0,A,,A,,A,,A,,A,,R,15.0
457208,2014,A,,A,,A,,R,6.0,R,0.0,R,6.0,R,5.0,R,83.0,A,,A,,A,,A,,A,,R,12.0
457226,2014,R,1.0,R,9.0,R,11.0,R,0.0,R,0.0,R,0.0,R,0.0,A,,R,0.0,R,0.0,R,0.0,R,0.0,A,,R,7.0
457244,2014,A,,A,,A,,R,10.0,R,0.0,R,10.0,R,9.0,R,90.0,R,5.0,R,0.0,R,5.0,R,3.0,R,60.0,R,14.0
457253,2014,A,,A,,A,,R,1.0,R,0.0,R,1.0,R,0.0,R,0.0,R,5.0,R,0.0,R,5.0,R,4.0,R,80.0,R,13.0
457299,2014,A,,A,,A,,R,0.0,R,0.0,R,0.0,R,0.0,A,,R,0.0,R,0.0,R,0.0,R,0.0,A,,R,15.0
457314,2014,A,,A,,A,,R,32.0,R,0.0,R,32.0,R,9.0,R,28.0,A,,A,,A,,A,,A,,R,11.0
457323,2014,A,,A,,A,,R,33.0,R,0.0,R,33.0,R,29.0,R,88.0,A,,A,,A,,A,,A,,R,14.0
457332,2014,A,,A,,A,,R,9.0,R,0.0,R,9.0,R,9.0,R,100.0,R,10.0,R,0.0,R,10.0,R,10.0,R,100.0,R,7.0
457341,2014,A,,A,,A,,R,15.0,R,0.0,R,15.0,R,14.0,R,93.0,R,1.0,Z,0.0,R,1.0,R,1.0,R,100.0,R,11.0
457350,2014,A,,A,,A,,A,,A,,A,,A,,A,,A,,A,,A,,A,,A,,R,3.0
457378,2014,A,,A,,A,,R,27.0,R,0.0,R,27.0,R,24.0,R,89.0,R,2.0,Z,0.0,R,2.0,R,2.0,R,100.0,R,10.0
457387,2014,A,,A,,A,,R,39.0,R,1.0,R,38.0,R,33.0,R,87.0,R,10.0,R,0.0,R,10.0,R,8.0,R,80.0,R,17.0
457396,2014,A,,A,,A,,R,32.0,R,0.0,R,32.0,R,26.0,R,81.0,R,15.0,R,0.0,R,15.0,R,11.0,R,73.0,R,22.0
457402,2014,A,,A,,A,,R,0.0,R,0.0,R,0.0,R,0.0,A,,R,0.0,R,0.0,R,0.0,R,0.0,A,,R,4.0
457411,2014,A,,A,,A,,R,30.0,Z,0.0,R,30.0,R,23.0,R,77.0,A,,A,,A,,A,,A,,R,12.0
457420,2014,A,,A,,A,,R,9.0,Z,0.0,R,9.0,R,8.0,R,89.0,R,1.0,Z,0.0,R,1.0,R,1.0,R,100.0,R,4.0
457439,2014,A,,A,,A,,R,3.0,R,0.0,R,3.0,R,2.0,R,67.0,R,6.0,R,0.0,R,6.0,R,5.0,R,83.0,R,1.0
457448,2014,A,,A,,A,,R,23.0,R,0.0,R,23.0,R,17.0,R,74.0,A,,A,,A,,A,,A,,R,15.0
457457,2014,A,,A,,A,,R,16.0,R,0.0,R,16.0,R,10.0,R,63.0,R,19.0,R,0.0,R,19.0,R,16.0,R,84.0,R,13.0
457466,2014,A,,A,,A,,R,11.0,R,0.0,R,11.0,R,9.0,R,82.0,A,,A,,A,,A,,A,,R,15.0
457475,2014,A,,A,,A,,R,33.0,Z,0.0,R,33.0,R,31.0,R,94.0,A,,A,,A,,A,,A,,R,13.0
457484,2014,R,6.0,R,10.0,R,60.0,R,8.0,R,1.0,R,7.0,R,5.0,R,71.0,R,5.0,R,0.0,R,5.0,R,4.0,R,80.0,R,13.0
457493,2014,A,,A,,A,,R,10.0,R,0.0,R,10.0,R,10.0,R,100.0,A,,A,,A,,A,,A,,R,10.0
457509,2014,A,,A,,A,,R,8.0,R,0.0,R,8.0,R,6.0,R,75.0,A,,A,,A,,A,,A,,R,13.0
457527,2014,A,,A,,A,,R,5.0,R,0.0,R,5.0,R,4.0,R,80.0,R,2.0,R,0.0,R,2.0,R,2.0,R,100.0,R,24.0
457536,2014,A,,A,,A,,R,21.0,R,5.0,R,16.0,R,15.0,R,94.0,A,,A,,A,,A,,A,,R,15.0
457545,2014,A,,A,,A,,R,29.0,Z,0.0,R,29.0,R,24.0,R,83.0,R,2.0,Z,0.0,R,2.0,R,2.0,R,100.0,R,15.0
457554,2014,A,,A,,A,,R,12.0,Z,0.0,R,12.0,R,9.0,R,75.0,R,3.0,Z,0.0,R,3.0,R,1.0,R,33.0,R,12.0
457563,2014,A,,A,,A,,R,51.0,R,0.0,R,51.0,R,48.0,R,94.0,A,,A,,A,,A,,A,,R,19.0
457572,2014,A,,A,,A,,R,13.0,R,0.0,R,13.0,R,10.0,R,77.0,A,,A,,A,,A,,A,,R,14.0
457581,2014,A,,A,,A,,R,17.0,R,0.0,R,17.0,R,13.0,R,76.0,A,,A,,A,,A,,A,,R,12.0
457590,2014,A,,A,,A,,R,0.0,R,0.0,R,0.0,R,0.0,A,,R,0.0,R,0.0,R,0.0,R,0.0,A,,R,35.0
457606,2014,A,,A,,A,,R,33.0,R,0.0,R,33.0,R,15.0,R,45.0,A,,A,,A,,A,,A,,R,12.0
457615,2014,A,,A,,A,,A,,A,,A,,A,,A,,R,12.0,R,0.0,R,12.0,R,12.0,R,100.0,R,10.0
457624,2014,A,,A,,A,,R,27.0,R,0.0,R,27.0,R,22.0,R,81.0,A,,A,,A,,A,,A,,R,8.0
457633,2014,A,,A,,A,,R,52.0,R,0.0,R,52.0,R,41.0,R,79.0,R,16.0,R,0.0,R,16.0,R,9.0,R,56.0,R,11.0
457642,2014,A,,A,,A,,R,22.0,R,0.0,R,22.0,R,19.0,R,86.0,R,3.0,R,0.0,R,3.0,R,3.0,R,100.0,R,23.0
457651,2014,A,,A,,A,,R,10.0,R,0.0,R,10.0,R,9.0,R,90.0,R,5.0,R,0.0,R,5.0,R,4.0,R,80.0,R,8.0
457679,2014,A,,A,,A,,R,6.0,R,0.0,R,6.0,R,4.0,R,67.0,A,,A,,A,,A,,A,,R,10.0
457688,2014,A,,A,,A,,R,0.0,R,0.0,R,0.0,R,0.0,A,,A,,A,,A,,A,,A,,R,14.0
457697,2014,A,,A,,A,,R,0.0,R,0.0,R,0.0,R,0.0,A,,R,0.0,R,0.0,R,0.0,R,0.0,A,,R,6.0
457703,2014,A,,A,,A,,R,3.0,R,0.0,R,3.0,R,2.0,R,67.0,R,11.0,R,0.0,R,11.0,R,6.0,R,55.0,R,20.0
457721,2014,A,,A,,A,,R,12.0,R,0.0,R,12.0,R,12.0,R,100.0,A,,A,,A,,A,,A,,R,12.0
457730,2014,A,,A,,A,,R,148.0,Z,0.0,R,148.0,R,138.0,R,93.0,R,6.0,Z,0.0,R,6.0,R,5.0,R,83.0,R,25.0
457749,2014,A,,A,,A,,R,17.0,Z,0.0,R,17.0,R,14.0,R,82.0,R,5.0,Z,0.0,R,5.0,R,5.0,R,100.0,R,13.0
457758,2014,A,,A,,A,,R,36.0,R,0.0,R,36.0,R,30.0,R,83.0,R,25.0,R,0.0,R,25.0,R,18.0,R,72.0,R,25.0
457767,2014,A,,A,,A,,R,74.0,R,0.0,R,74.0,R,55.0,R,74.0,A,,A,,A,,A,,A,,R,17.0
457776,2014,A,,A,,A,,R,6.0,R,0.0,R,6.0,R,5.0,R,83.0,A,,A,,A,,A,,A,,R,15.0
457785,2014,A,,A,,A,,R,113.0,Z,0.0,R,113.0,R,97.0,R,86.0,A,,A,,A,,A,,A,,R,24.0
457794,2014,A,,A,,A,,R,0.0,R,0.0,R,0.0,R,0.0,A,,R,0.0,R,0.0,R,0.0,R,0.0,A,,R,25.0
457800,2014,A,,A,,A,,R,83.0,R,0.0,R,83.0,R,15.0,R,18.0,R,269.0,R,0.0,R,269.0,R,50.0,R,19.0,R,21.0
457819,2014,A,,A,,A,,A,,A,,A,,A,,A,,A,,A,,A,,A,,A,,R,10.0
457828,2014,A,,A,,A,,R,32.0,R,0.0,R,32.0,R,26.0,R,81.0,A,,A,,A,,A,,A,,R,20.0
457837,2014,A,,A,,A,,R,23.0,R,0.0,R,23.0,R,17.0,R,74.0,R,25.0,R,0.0,R,25.0,R,21.0,R,84.0,R,12.0
457846,2014,A,,A,,A,,R,0.0,R,0.0,R,0.0,R,0.0,A,,R,14.0,R,0.0,R,14.0,R,13.0,R,93.0,R,8.0
457855,2014,A,,A,,A,,R,25.0,R,0.0,R,25.0,R,19.0,R,76.0,R,2.0,R,0.0,R,2.0,R,1.0,R,50.0,R,12.0
457864,2014,A,,A,,A,,R,30.0,R,0.0,R,30.0,R,24.0,R,80.0,R,12.0,R,0.0,R,12.0,R,12.0,R,100.0,R,15.0
457873,2014,A,,A,,A,,A,,A,,A,,A,,A,,R,16.0,R,0.0,R,16.0,R,15.0,R,94.0,R,10.0
457891,2014,A,,A,,A,,R,25.0,Z,0.0,R,25.0,R,21.0,R,84.0,A,,A,,A,,A,,A,,R,6.0
457916,2014,A,,A,,A,,R,24.0,R,0.0,R,24.0,R,22.0,R,92.0,R,2.0,R,0.0,R,2.0,R,2.0,R,100.0,R,8.0
457925,2014,A,,A,,A,,R,15.0,R,0.0,R,15.0,R,9.0,R,60.0,A,,A,,A,,A,,A,,R,6.0
457943,2014,A,,A,,A,,R,94.0,R,0.0,R,94.0,R,75.0,R,80.0,A,,A,,A,,A,,A,,R,4.0
457952,2014,A,,A,,A,,R,30.0,R,0.0,R,30.0,R,29.0,R,97.0,R,6.0,R,0.0,R,6.0,R,5.0,R,83.0,R,11.0
457961,2014,A,,A,,A,,R,40.0,R,0.0,R,40.0,R,35.0,R,88.0,A,,A,,A,,A,,A,,R,7.0
457989,2014,A,,A,,A,,R,24.0,Z,0.0,R,24.0,R,15.0,R,63.0,A,,A,,A,,A,,A,,R,13.0
457998,2014,A,,A,,A,,R,14.0,R,3.0,R,11.0,R,9.0,R,82.0,R,2.0,R,0.0,R,2.0,R,2.0,R,100.0,R,12.0
458007,2014,A,,A,,A,,R,26.0,R,0.0,R,26.0,R,19.0,R,73.0,R,5.0,R,0.0,R,5.0,R,4.0,R,80.0,R,15.0
458016,2014,A,,A,,A,,R,96.0,R,0.0,R,96.0,R,89.0,R,93.0,A,,A,,A,,A,,A,,R,15.0
458025,2014,A,,A,,A,,A,,A,,A,,A,,A,,A,,A,,A,,A,,A,,R,4.0
458034,2014,A,,A,,A,,R,14.0,R,0.0,R,14.0,R,3.0,R,21.0,R,3.0,R,0.0,R,3.0,R,3.0,R,100.0,R,8.0
458043,2014,A,,A,,A,,R,7.0,R,0.0,R,7.0,R,7.0,R,100.0,R,1.0,R,0.0,R,1.0,R,1.0,R,100.0,R,15.0
458052,2014,A,,A,,A,,R,0.0,R,0.0,R,0.0,R,0.0,A,,R,7.0,R,0.0,R,7.0,R,7.0,R,100.0,R,11.0
458061,2014,A,,A,,A,,R,8.0,R,0.0,R,8.0,R,2.0,R,25.0,R,61.0,R,2.0,R,59.0,R,18.0,R,31.0,R,35.0
458070,2014,A,,A,,A,,R,11.0,R,0.0,R,11.0,R,11.0,R,100.0,R,4.0,R,0.0,R,4.0,R,4.0,R,100.0,R,15.0
458098,2014,A,,A,,A,,R,15.0,Z,0.0,R,15.0,R,10.0,R,67.0,A,,A,,A,,A,,A,,R,15.0
458104,2014,A,,A,,A,,R,20.0,R,0.0,R,20.0,R,14.0,R,70.0,R,13.0,R,0.0,R,13.0,R,8.0,R,62.0,R,10.0
458113,2014,R,6.0,R,17.0,R,35.0,R,1.0,R,0.0,R,1.0,R,1.0,R,100.0,R,0.0,R,0.0,R,0.0,R,0.0,A,,R,7.0
458122,2014,A,,A,,A,,R,0.0,R,0.0,R,0.0,R,0.0,A,,A,,A,,A,,A,,A,,R,20.0
458131,2014,A,,A,,A,,R,83.0,R,0.0,R,83.0,R,70.0,R,84.0,A,,A,,A,,A,,A,,R,15.0
458140,2014,R,17.0,R,61.0,R,28.0,R,13.0,Z,0.0,R,13.0,R,10.0,R,77.0,A,,A,,A,,A,,A,,R,11.0
458168,2014,A,,A,,A,,R,50.0,Z,0.0,R,50.0,R,40.0,R,80.0,R,1.0,Z,0.0,R,1.0,R,0.0,R,0.0,R,7.0
458177,2014,A,,A,,A,,R,20.0,R,0.0,R,20.0,R,15.0,R,75.0,R,6.0,R,0.0,R,6.0,R,4.0,R,67.0,R,7.0
458186,2014,A,,A,,A,,R,56.0,R,0.0,R,56.0,R,46.0,R,82.0,A,,A,,A,,A,,A,,R,33.0
458195,2014,A,,A,,A,,R,1.0,R,0.0,R,1.0,R,1.0,R,100.0,A,,A,,A,,A,,A,,R,5.0
458210,2014,R,7.0,R,156.0,R,4.0,R,22.0,R,0.0,R,22.0,R,17.0,R,77.0,R,1.0,R,0.0,R,1.0,R,0.0,R,0.0,R,17.0
458229,2014,R,11.0,R,116.0,R,9.0,R,12.0,R,0.0,R,12.0,R,8.0,R,67.0,R,0.0,R,0.0,R,0.0,R,0.0,A,,R,18.0
458247,2014,A,,A,,A,,R,79.0,R,0.0,R,79.0,R,55.0,R,70.0,A,,A,,A,,A,,A,,R,20.0
458256,2014,R,130.0,R,195.0,R,67.0,R,0.0,R,0.0,R,0.0,R,0.0,A,,R,0.0,R,0.0,R,0.0,R,0.0,A,,R,16.0
458265,2014,A,,A,,A,,R,204.0,Z,0.0,R,204.0,R,152.0,R,75.0,R,119.0,Z,0.0,R,119.0,R,86.0,R,72.0,R,18.0
458274,2014,A,,A,,A,,R,35.0,Z,0.0,R,35.0,R,32.0,R,91.0,R,9.0,Z,0.0,R,9.0,R,8.0,R,89.0,R,15.0
458283,2014,A,,A,,A,,R,94.0,R,0.0,R,94.0,R,60.0,R,64.0,A,,A,,A,,A,,A,,R,21.0
458292,2014,A,,A,,A,,R,18.0,R,0.0,R,18.0,R,6.0,R,33.0,R,4.0,R,0.0,R,4.0,R,2.0,R,50.0,R,7.0
458317,2014,A,,A,,A,,R,38.0,R,0.0,R,38.0,R,26.0,R,68.0,A,,A,,A,,A,,A,,R,9.0
458326,2014,A,,A,,A,,R,19.0,R,0.0,R,19.0,R,7.0,R,37.0,R,4.0,R,0.0,R,4.0,R,3.0,R,75.0,R,7.0
458335,2014,A,,A,,A,,R,43.0,R,0.0,R,43.0,R,19.0,R,44.0,R,18.0,R,0.0,R,18.0,R,10.0,R,56.0,R,9.0
458344,2014,A,,A,,A,,R,10.0,R,0.0,R,10.0,R,3.0,R,30.0,R,3.0,R,0.0,R,3.0,R,1.0,R,33.0,R,3.0
458353,2014,A,,A,,A,,R,10.0,R,0.0,R,10.0,R,8.0,R,80.0,R,4.0,R,0.0,R,4.0,R,2.0,R,50.0,R,5.0
458362,2014,A,,A,,A,,R,27.0,R,0.0,R,27.0,R,16.0,R,59.0,A,,A,,A,,A,,A,,R,9.0
458380,2014,A,,A,,A,,R,58.0,R,0.0,R,58.0,R,20.0,R,34.0,A,,A,,A,,A,,A,,R,28.0
458399,2014,A,,A,,A,,R,34.0,R,0.0,R,34.0,R,15.0,R,44.0,R,5.0,R,0.0,R,5.0,R,4.0,R,80.0,R,20.0
458405,2014,R,180.0,R,349.0,R,52.0,R,186.0,Z,0.0,R,186.0,R,111.0,R,60.0,R,34.0,Z,0.0,R,34.0,R,7.0,R,21.0,R,22.0
458414,2014,A,,A,,A,,A,,A,,A,,A,,A,,A,,A,,A,,A,,A,,R,20.0
458423,2014,A,,A,,A,,A,,A,,A,,A,,A,,A,,A,,A,,A,,A,,R,10.0
458432,2014,R,27.0,R,92.0,R,29.0,R,1.0,R,0.0,R,1.0,R,1.0,R,100.0,R,1.0,R,0.0,R,1.0,R,0.0,R,0.0,R,9.0
458441,2014,R,77.0,R,177.0,R,44.0,R,88.0,Z,0.0,R,88.0,R,51.0,R,58.0,R,37.0,Z,0.0,R,37.0,R,10.0,R,27.0,R,14.0
458469,2014,R,219.0,R,401.0,R,55.0,R,85.0,R,0.0,R,85.0,R,48.0,R,56.0,R,2.0,R,0.0,R,2.0,R,1.0,R,50.0,R,30.0
458478,2014,A,,A,,A,,R,68.0,Z,0.0,R,68.0,R,49.0,R,72.0,A,,A,,A,,A,,A,,R,20.0
458487,2014,A,,A,,A,,R,5.0,Z,0.0,R,5.0,R,4.0,R,80.0,R,5.0,Z,0.0,R,5.0,R,3.0,R,60.0,R,15.0
458496,2014,R,39.0,R,203.0,R,19.0,R,76.0,Z,0.0,R,76.0,R,53.0,R,70.0,R,29.0,Z,0.0,R,29.0,R,16.0,R,55.0,R,21.0
458502,2014,R,69.0,R,184.0,R,38.0,R,0.0,R,0.0,R,0.0,R,0.0,A,,R,0.0,R,0.0,R,0.0,R,0.0,A,,R,22.0
458557,2014,R,2.0,R,25.0,R,8.0,R,0.0,R,0.0,R,0.0,R,0.0,A,,R,0.0,R,0.0,R,0.0,R,0.0,A,,R,8.0
458593,2014,R,94.0,R,130.0,R,72.0,R,0.0,R,0.0,R,0.0,R,0.0,A,,R,0.0,R,0.0,R,0.0,R,0.0,A,,R,12.0
458681,2014,A,,A,,A,,R,34.0,Z,0.0,R,34.0,R,16.0,R,47.0,A,,A,,A,,A,,A,,R,26.0
458690,2014,A,,A,,A,,R,135.0,R,0.0,R,135.0,R,88.0,R,65.0,A,,A,,A,,A,,A,,R,33.0
458706,2014,A,,A,,A,,R,48.0,R,0.0,R,48.0,R,29.0,R,60.0,A,,A,,A,,A,,A,,R,23.0
458715,2014,A,,A,,A,,R,30.0,R,0.0,R,30.0,R,18.0,R,60.0,A,,A,,A,,A,,A,,R,8.0
458733,2014,R,21.0,R,73.0,R,29.0,R,5.0,R,0.0,R,5.0,R,4.0,R,80.0,R,0.0,R,0.0,R,0.0,R,0.0,A,,R,13.0
458742,2014,R,21.0,R,81.0,R,26.0,R,4.0,R,0.0,R,4.0,R,2.0,R,50.0,R,0.0,R,0.0,R,0.0,R,0.0,A,,R,11.0
458751,2014,R,31.0,R,67.0,R,46.0,R,1.0,R,0.0,R,1.0,R,1.0,R,100.0,R,0.0,R,0.0,R,0.0,R,0.0,A,,R,9.0
458760,2014,R,33.0,R,63.0,R,52.0,R,0.0,R,0.0,R,0.0,R,0.0,A,,R,0.0,R,0.0,R,0.0,R,0.0,A,,R,10.0
458779,2014,R,21.0,R,47.0,R,45.0,R,0.0,R,0.0,R,0.0,R,0.0,A,,R,0.0,R,0.0,R,0.0,R,0.0,A,,R,8.0
458797,2014,A,,A,,A,,R,52.0,R,0.0,R,52.0,R,37.0,R,71.0,A,,A,,A,,A,,A,,R,20.0
458803,2014,A,,A,,A,,R,46.0,R,0.0,R,46.0,R,30.0,R,65.0,R,9.0,R,0.0,R,9.0,R,6.0,R,67.0,R,15.0
458812,2014,A,,A,,A,,R,13.0,R,0.0,R,13.0,R,11.0,R,85.0,A,,A,,A,,A,,A,,R,13.0
458821,2014,A,,A,,A,,R,63.0,R,0.0,R,63.0,R,33.0,R,52.0,A,,A,,A,,A,,A,,R,26.0
458830,2014,A,,A,,A,,R,61.0,R,0.0,R,61.0,R,34.0,R,56.0,R,21.0,R,0.0,R,21.0,R,14.0,R,67.0,R,21.0
458849,2014,A,,A,,A,,R,32.0,R,0.0,R,32.0,R,26.0,R,81.0,R,9.0,R,0.0,R,9.0,R,7.0,R,78.0,R,21.0
458858,2014,A,,A,,A,,R,46.0,R,0.0,R,46.0,R,25.0,R,54.0,R,7.0,R,0.0,R,7.0,R,2.0,R,29.0,R,19.0
458867,2014,A,,A,,A,,R,80.0,R,0.0,R,80.0,R,55.0,R,69.0,R,19.0,R,0.0,R,19.0,R,9.0,R,47.0,R,19.0
458885,2014,R,2.0,R,56.0,R,4.0,R,0.0,Z,0.0,R,0.0,R,0.0,A,,R,26.0,R,0.0,R,26.0,R,6.0,R,23.0,R,16.0
458919,2014,R,58.0,R,1127.0,R,5.0,R,25.0,Z,0.0,R,25.0,R,7.0,R,28.0,R,155.0,Z,0.0,R,155.0,R,75.0,R,48.0,R,24.0
458937,2014,A,,A,,A,,R,1.0,Z,0.0,R,1.0,R,1.0,R,100.0,R,18.0,Z,0.0,R,18.0,R,2.0,R,11.0,R,10.0
458955,2014,A,,A,,A,,R,1.0,Z,0.0,R,1.0,R,0.0,R,0.0,R,9.0,Z,0.0,R,9.0,R,1.0,R,11.0,R,9.0
458964,2014,R,17.0,R,372.0,R,5.0,R,11.0,Z,0.0,R,11.0,R,5.0,R,45.0,R,124.0,Z,0.0,R,124.0,R,29.0,R,23.0,R,26.0
458973,2014,R,29.0,R,379.0,R,8.0,R,7.0,Z,0.0,R,7.0,R,2.0,R,29.0,R,113.0,Z,0.0,R,113.0,R,34.0,R,30.0,R,16.0
458982,2014,R,108.0,R,387.0,R,28.0,R,111.0,Z,0.0,R,111.0,R,48.0,R,43.0,R,67.0,Z,0.0,R,67.0,R,19.0,R,28.0,R,19.0
458991,2014,R,22.0,R,66.0,R,33.0,R,1.0,R,0.0,R,1.0,R,0.0,R,0.0,R,0.0,R,0.0,R,0.0,R,0.0,A,,R,12.0
459000,2014,A,,A,,A,,R,39.0,R,0.0,R,39.0,R,24.0,R,62.0,R,5.0,R,0.0,R,5.0,R,1.0,R,20.0,R,17.0
459019,2014,A,,A,,A,,R,47.0,R,0.0,R,47.0,R,19.0,R,40.0,R,7.0,R,0.0,R,7.0,R,4.0,R,57.0,R,20.0
459028,2014,A,,A,,A,,R,24.0,R,0.0,R,24.0,R,14.0,R,58.0,R,3.0,R,0.0,R,3.0,R,2.0,R,67.0,A,
459037,2014,A,,A,,A,,R,28.0,R,0.0,R,28.0,R,15.0,R,54.0,R,11.0,R,0.0,R,11.0,R,4.0,R,36.0,R,20.0
459046,2014,A,,A,,A,,R,31.0,R,0.0,R,31.0,R,18.0,R,58.0,R,14.0,R,0.0,R,14.0,R,7.0,R,50.0,R,15.0
459055,2014,A,,A,,A,,R,44.0,R,0.0,R,44.0,R,37.0,R,84.0,R,11.0,R,0.0,R,11.0,R,10.0,R,91.0,R,13.0
459064,2014,A,,A,,A,,R,25.0,R,0.0,R,25.0,R,16.0,R,64.0,R,4.0,R,0.0,R,4.0,R,3.0,R,75.0,R,19.0
459073,2014,A,,A,,A,,R,31.0,R,0.0,R,31.0,R,16.0,R,52.0,A,,A,,A,,A,,A,,R,13.0
459091,2014,R,18.0,R,42.0,R,43.0,R,9.0,R,0.0,R,9.0,R,7.0,R,78.0,R,1.0,R,0.0,R,1.0,R,0.0,R,0.0,R,14.0
459107,2014,R,59.0,R,155.0,R,38.0,R,1.0,R,0.0,R,1.0,R,0.0,R,0.0,R,0.0,R,0.0,R,0.0,R,0.0,A,,R,11.0
459116,2014,A,,A,,A,,R,19.0,Z,0.0,R,19.0,R,13.0,R,68.0,R,8.0,Z,0.0,R,8.0,R,7.0,R,88.0,R,15.0
459125,2014,A,,A,,A,,R,15.0,R,0.0,R,15.0,R,9.0,R,60.0,A,,A,,A,,A,,A,,R,9.0
459134,2014,A,,A,,A,,R,11.0,R,0.0,R,11.0,R,10.0,R,91.0,R,20.0,R,0.0,R,20.0,R,19.0,R,95.0,R,5.0
459143,2014,A,,A,,A,,R,11.0,R,0.0,R,11.0,R,9.0,R,82.0,R,6.0,R,0.0,R,6.0,R,5.0,R,83.0,R,10.0
459152,2014,A,,A,,A,,R,13.0,R,0.0,R,13.0,R,1.0,R,8.0,R,7.0,R,0.0,R,7.0,R,7.0,R,100.0,R,11.0
459161,2014,A,,A,,A,,R,8.0,R,0.0,R,8.0,R,8.0,R,100.0,R,0.0,R,0.0,R,0.0,R,0.0,A,,R,18.0
459170,2014,A,,A,,A,,R,33.0,R,5.0,R,28.0,R,25.0,R,89.0,R,12.0,R,0.0,R,12.0,R,3.0,R,25.0,R,9.0
459189,2014,A,,A,,A,,R,8.0,R,0.0,R,8.0,R,8.0,R,100.0,R,10.0,R,0.0,R,10.0,R,9.0,R,90.0,R,10.0
459198,2014,A,,A,,A,,R,32.0,R,0.0,R,32.0,R,26.0,R,81.0,R,5.0,R,0.0,R,5.0,R,4.0,R,80.0,R,15.0
459204,2014,A,,A,,A,,R,0.0,R,0.0,R,0.0,R,0.0,A,,A,,A,,A,,A,,A,,R,16.0
459213,2014,A,,A,,A,,R,36.0,R,0.0,R,36.0,R,31.0,R,86.0,R,26.0,R,0.0,R,26.0,R,21.0,R,81.0,R,11.0
459222,2014,A,,A,,A,,A,,A,,A,,A,,A,,A,,A,,A,,A,,A,,R,31.0
459231,2014,A,,A,,A,,R,64.0,Z,0.0,R,64.0,R,46.0,R,72.0,R,31.0,Z,0.0,R,31.0,R,23.0,R,74.0,R,12.0
459259,2014,R,25.0,R,214.0,R,12.0,R,17.0,Z,0.0,R,17.0,R,7.0,R,41.0,R,12.0,Z,0.0,R,12.0,R,5.0,R,42.0,R,11.0
459268,2014,R,14.0,R,207.0,R,7.0,R,13.0,Z,0.0,R,13.0,R,6.0,R,46.0,R,11.0,Z,0.0,R,11.0,R,5.0,R,45.0,R,13.0
459277,2014,A,,A,,A,,R,102.0,Z,0.0,R,102.0,R,76.0,R,75.0,A,,A,,A,,A,,A,,R,20.0
459286,2014,A,,A,,A,,R,36.0,R,0.0,R,36.0,R,15.0,R,42.0,R,8.0,R,0.0,R,8.0,R,6.0,R,75.0,R,15.0
459295,2014,A,,A,,A,,R,11.0,Z,0.0,R,11.0,R,10.0,R,91.0,R,13.0,Z,0.0,R,13.0,R,13.0,R,100.0,R,7.0
459301,2014,A,,A,,A,,R,21.0,R,0.0,R,21.0,R,16.0,R,76.0,R,2.0,R,0.0,R,2.0,R,1.0,R,50.0,R,17.0
459310,2014,A,,A,,A,,R,35.0,R,3.0,R,32.0,R,31.0,R,97.0,A,,A,,A,,A,,A,,R,13.0
459329,2014,A,,A,,A,,R,94.0,R,0.0,R,94.0,R,61.0,R,65.0,R,3.0,R,0.0,R,3.0,R,2.0,R,67.0,R,11.0
459338,2014,A,,A,,A,,R,18.0,R,0.0,R,18.0,R,17.0,R,94.0,A,,A,,A,,A,,A,,R,16.0
459347,2014,A,,A,,A,,R,5.0,R,0.0,R,5.0,R,5.0,R,100.0,R,6.0,R,0.0,R,6.0,R,4.0,R,67.0,R,5.0
459356,2014,A,,A,,A,,R,1.0,R,0.0,R,1.0,R,1.0,R,100.0,R,4.0,R,0.0,R,4.0,R,3.0,R,75.0,R,8.0
459365,2014,A,,A,,A,,R,35.0,R,0.0,R,35.0,R,29.0,R,83.0,R,7.0,R,0.0,R,7.0,R,3.0,R,43.0,R,9.0
459374,2014,A,,A,,A,,A,,A,,A,,A,,A,,A,,A,,A,,A,,A,,R,9.0
459392,2014,A,,A,,A,,R,16.0,Z,0.0,R,16.0,R,14.0,R,88.0,R,0.0,R,0.0,R,0.0,R,0.0,A,,R,13.0
459408,2014,A,,A,,A,,R,12.0,R,0.0,R,12.0,R,10.0,R,83.0,R,4.0,R,0.0,R,4.0,R,4.0,R,100.0,R,9.0
459417,2014,R,37.0,R,61.0,R,61.0,R,18.0,R,0.0,R,18.0,R,17.0,R,94.0,A,,A,,A,,A,,A,,R,15.0
459426,2014,A,,A,,A,,R,38.0,R,0.0,R,38.0,R,32.0,R,84.0,R,1.0,R,0.0,R,1.0,R,1.0,R,100.0,R,14.0
459435,2014,A,,A,,A,,R,12.0,R,0.0,R,12.0,R,8.0,R,67.0,A,,A,,A,,A,,A,,R,2.0
459444,2014,A,,A,,A,,R,6.0,R,0.0,R,6.0,R,4.0,R,67.0,R,3.0,R,0.0,R,3.0,R,3.0,R,100.0,R,7.0
459453,2014,A,,A,,A,,R,19.0,Z,0.0,R,19.0,R,17.0,R,89.0,R,4.0,Z,0.0,R,4.0,R,3.0,R,75.0,R,25.0
459462,2014,A,,A,,A,,R,85.0,R,0.0,R,85.0,R,56.0,R,66.0,R,28.0,R,0.0,R,28.0,R,26.0,R,93.0,R,30.0
459471,2014,A,,A,,A,,R,5.0,R,0.0,R,5.0,R,5.0,R,100.0,R,10.0,R,0.0,R,10.0,R,7.0,R,70.0,R,3.0
459480,2014,A,,A,,A,,R,11.0,R,0.0,R,11.0,R,8.0,R,73.0,A,,A,,A,,A,,A,,R,13.0
459499,2014,A,,A,,A,,A,,A,,A,,A,,A,,A,,A,,A,,A,,A,,R,7.0
459514,2014,A,,A,,A,,R,28.0,R,1.0,R,27.0,R,25.0,R,93.0,A,,A,,A,,A,,A,,R,15.0
459523,2014,A,,A,,A,,R,8.0,R,0.0,R,8.0,R,3.0,R,38.0,R,4.0,R,0.0,R,4.0,R,0.0,R,0.0,R,13.0
459532,2014,A,,A,,A,,R,44.0,R,0.0,R,44.0,R,41.0,R,93.0,A,,A,,A,,A,,A,,R,25.0
459541,2014,A,,A,,A,,R,2.0,R,0.0,R,2.0,R,2.0,R,100.0,R,1.0,R,0.0,R,1.0,R,1.0,R,100.0,R,9.0
459550,2014,A,,A,,A,,R,19.0,R,0.0,R,19.0,R,19.0,R,100.0,R,0.0,R,0.0,R,0.0,R,0.0,A,,R,12.0
459569,2014,A,,A,,A,,R,5.0,R,0.0,R,5.0,R,3.0,R,60.0,A,,A,,A,,A,,A,,R,1.0
459578,2014,A,,A,,A,,R,16.0,Z,0.0,R,16.0,R,14.0,R,88.0,R,6.0,Z,0.0,R,6.0,R,5.0,R,83.0,R,12.0
459587,2014,R,43.0,R,48.0,R,90.0,R,0.0,R,0.0,R,0.0,R,0.0,A,,R,0.0,R,0.0,R,0.0,R,0.0,A,,R,17.0
459596,2014,R,30.0,R,39.0,R,77.0,R,0.0,R,0.0,R,0.0,R,0.0,A,,R,0.0,R,0.0,R,0.0,R,0.0,A,,R,12.0
459602,2014,R,33.0,R,38.0,R,87.0,R,0.0,R,0.0,R,0.0,R,0.0,A,,R,0.0,R,0.0,R,0.0,R,0.0,A,,R,13.0
459611,2014,R,46.0,R,58.0,R,79.0,R,0.0,R,0.0,R,0.0,R,0.0,A,,R,0.0,R,0.0,R,0.0,R,0.0,A,,R,15.0
459639,2014,R,47.0,R,49.0,R,96.0,R,0.0,R,0.0,R,0.0,R,0.0,A,,R,0.0,R,0.0,R,0.0,R,0.0,A,,R,37.0
459648,2014,R,18.0,R,27.0,R,67.0,R,0.0,R,0.0,R,0.0,R,0.0,A,,R,0.0,R,0.0,R,0.0,R,0.0,A,,R,10.0
459657,2014,R,50.0,R,60.0,R,83.0,R,0.0,R,0.0,R,0.0,R,0.0,A,,R,0.0,R,0.0,R,0.0,R,0.0,A,,R,21.0
459666,2014,R,57.0,R,67.0,R,85.0,R,0.0,R,0.0,R,0.0,R,0.0,A,,R,0.0,R,0.0,R,0.0,R,0.0,A,,R,16.0
459675,2014,R,49.0,R,52.0,R,94.0,R,0.0,R,0.0,R,0.0,R,0.0,A,,R,0.0,R,0.0,R,0.0,R,0.0,A,,R,29.0
459684,2014,A,,A,,A,,A,,A,,A,,A,,A,,A,,A,,A,,A,,A,,R,3.0
459693,2014,R,41.0,R,58.0,R,71.0,R,0.0,R,0.0,R,0.0,R,0.0,A,,R,0.0,R,0.0,R,0.0,R,0.0,A,,R,24.0
459709,2014,R,43.0,R,53.0,R,81.0,R,0.0,R,0.0,R,0.0,R,0.0,A,,R,0.0,R,0.0,R,0.0,R,0.0,A,,R,20.0
459718,2014,R,59.0,R,61.0,R,97.0,R,0.0,R,0.0,R,0.0,R,0.0,A,,R,0.0,R,0.0,R,0.0,R,0.0,A,,R,35.0
459727,2014,R,3.0,R,95.0,R,3.0,R,6.0,R,0.0,R,6.0,R,4.0,R,67.0,R,0.0,R,0.0,R,0.0,R,0.0,A,,R,8.0
459824,2014,A,,A,,A,,A,,A,,A,,A,,A,,A,,A,,A,,A,,A,,R,4.0
459833,2014,R,1.0,R,5.0,R,20.0,R,7.0,R,0.0,R,7.0,R,2.0,R,29.0,R,2.0,R,0.0,R,2.0,R,0.0,R,0.0,R,5.0
459842,2014,R,34.0,R,103.0,R,33.0,R,12.0,Z,0.0,R,12.0,R,3.0,R,25.0,R,9.0,Z,0.0,R,9.0,R,3.0,R,33.0,R,16.0
459851,2014,R,33.0,R,90.0,R,37.0,R,9.0,R,0.0,R,9.0,R,4.0,R,44.0,R,0.0,Z,0.0,R,0.0,Z,0.0,A,,R,11.0
459930,2014,R,88.0,R,177.0,R,50.0,R,115.0,R,0.0,R,115.0,R,67.0,R,58.0,R,58.0,Z,0.0,R,58.0,R,36.0,R,62.0,R,23.0
459958,2014,A,,A,,A,,R,55.0,Z,0.0,R,55.0,R,35.0,R,64.0,A,,A,,A,,A,,A,,R,28.0
459967,2014,A,,A,,A,,R,283.0,R,0.0,R,283.0,R,195.0,R,69.0,A,,A,,A,,A,,A,,R,35.0
459985,2014,A,,A,,A,,R,293.0,R,0.0,R,293.0,R,250.0,R,85.0,A,,A,,A,,A,,A,,R,30.0
459994,2014,R,28.0,R,891.0,R,3.0,R,4.0,Z,0.0,R,4.0,R,3.0,R,75.0,R,167.0,Z,0.0,R,167.0,R,65.0,R,39.0,R,4.0
460002,2014,A,,A,,A,,R,40.0,R,0.0,R,40.0,R,12.0,R,30.0,R,37.0,R,0.0,R,37.0,R,16.0,R,43.0,R,20.0
460011,2014,A,,A,,A,,R,10.0,R,0.0,R,10.0,R,8.0,R,80.0,R,1.0,R,0.0,R,1.0,R,1.0,R,100.0,R,20.0
460020,2014,A,,A,,A,,R,47.0,Z,0.0,R,47.0,R,29.0,R,62.0,A,,A,,A,,A,,A,,R,14.0
460039,2014,R,172.0,R,189.0,R,91.0,R,6.0,Z,0.0,R,6.0,R,3.0,R,50.0,A,,A,,A,,A,,A,,R,12.0
460048,2014,R,73.0,R,131.0,R,56.0,R,0.0,Z,0.0,R,0.0,Z,0.0,A,,A,,A,,A,,A,,A,,R,13.0
460057,2014,A,,A,,A,,R,14.0,R,0.0,R,14.0,R,14.0,R,100.0,A,,A,,A,,A,,A,,R,9.0
460066,2014,A,,A,,A,,R,21.0,R,0.0,R,21.0,R,20.0,R,95.0,A,,A,,A,,A,,A,,R,19.0
460075,2014,R,53.0,R,53.0,R,100.0,R,7.0,R,0.0,R,7.0,R,7.0,R,100.0,A,,A,,A,,A,,A,,R,12.0
460093,2014,A,,A,,A,,R,73.0,R,0.0,R,73.0,R,57.0,R,78.0,A,,A,,A,,A,,A,,R,20.0
460109,2014,A,,A,,A,,R,61.0,R,0.0,R,61.0,R,47.0,R,77.0,A,,A,,A,,A,,A,,R,19.0
460118,2014,A,,A,,A,,R,52.0,R,0.0,R,52.0,R,40.0,R,77.0,A,,A,,A,,A,,A,,R,22.0
460127,2014,A,,A,,A,,R,36.0,R,0.0,R,36.0,R,29.0,R,81.0,A,,A,,A,,A,,A,,R,23.0
460136,2014,A,,A,,A,,R,318.0,R,1.0,R,317.0,R,211.0,R,67.0,A,,A,,A,,A,,A,,R,25.0
460145,2014,A,,A,,A,,R,92.0,R,0.0,R,92.0,R,73.0,R,79.0,A,,A,,A,,A,,A,,R,23.0
460172,2014,A,,A,,A,,R,68.0,R,0.0,R,68.0,R,45.0,R,66.0,A,,A,,A,,A,,A,,R,18.0
460181,2014,A,,A,,A,,R,158.0,Z,0.0,R,158.0,R,108.0,R,68.0,A,,A,,A,,A,,A,,R,29.0
460190,2014,A,,A,,A,,R,124.0,Z,0.0,R,124.0,R,85.0,R,69.0,A,,A,,A,,A,,A,,R,27.0
460206,2014,A,,A,,A,,R,164.0,Z,0.0,R,164.0,R,135.0,R,82.0,A,,A,,A,,A,,A,,R,29.0
460215,2014,R,73.0,R,78.0,R,94.0,R,36.0,R,0.0,R,36.0,R,21.0,R,58.0,R,0.0,R,0.0,R,0.0,R,0.0,A,,R,15.0
460349,2014,A,,A,,A,,A,,A,,A,,A,,A,,A,,A,,A,,A,,A,,R,4.0
460358,2014,A,,A,,A,,R,67.0,R,0.0,R,67.0,R,44.0,R,66.0,R,1.0,R,0.0,R,1.0,R,1.0,R,100.0,R,20.0
460367,2014,A,,A,,A,,A,,A,,A,,A,,A,,A,,A,,A,,A,,A,,R,20.0
460385,2014,A,,A,,A,,R,15.0,R,0.0,R,15.0,R,13.0,R,87.0,R,2.0,R,0.0,R,2.0,R,2.0,R,100.0,R,10.0
460394,2014,R,473.0,R,3185.0,R,15.0,R,388.0,Z,0.0,R,388.0,R,260.0,R,67.0,R,748.0,Z,0.0,R,748.0,R,349.0,R,47.0,R,29.0
460446,2014,A,,A,,A,,R,44.0,R,0.0,R,44.0,R,39.0,R,89.0,R,10.0,R,0.0,R,10.0,R,7.0,R,70.0,R,15.0
460455,2014,A,,A,,A,,R,1.0,R,0.0,R,1.0,R,1.0,R,100.0,R,10.0,R,0.0,R,10.0,R,10.0,R,100.0,R,7.0
460464,2014,R,579.0,R,3211.0,R,18.0,R,613.0,Z,0.0,R,613.0,R,458.0,R,75.0,R,826.0,Z,0.0,R,826.0,R,370.0,R,45.0,R,34.0
460473,2014,A,,A,,A,,A,,A,,A,,A,,A,,A,,A,,A,,A,,A,,R,1.0
460482,2014,A,,A,,A,,R,43.0,R,0.0,R,43.0,R,16.0,R,37.0,A,,A,,A,,A,,A,,R,28.0
460516,2014,A,,A,,A,,R,42.0,Z,0.0,R,42.0,R,28.0,R,67.0,A,,A,,A,,A,,A,,R,10.0
460525,2014,A,,A,,A,,R,50.0,Z,0.0,R,50.0,R,39.0,R,78.0,A,,A,,A,,A,,A,,R,7.0
460534,2014,A,,A,,A,,R,132.0,Z,0.0,R,132.0,R,78.0,R,59.0,A,,A,,A,,A,,A,,R,12.0
460543,2014,A,,A,,A,,R,204.0,R,2.0,R,202.0,R,128.0,R,63.0,A,,A,,A,,A,,A,,R,37.0
460552,2014,A,,A,,A,,R,16.0,R,0.0,R,16.0,R,16.0,R,100.0,R,4.0,R,0.0,R,4.0,R,4.0,R,100.0,R,15.0
460561,2014,A,,A,,A,,R,46.0,R,0.0,R,46.0,R,43.0,R,93.0,A,,A,,A,,A,,A,,R,8.0
460570,2014,A,,A,,A,,R,42.0,R,0.0,R,42.0,R,33.0,R,79.0,R,10.0,R,0.0,R,10.0,R,8.0,R,80.0,R,9.0
460589,2014,A,,A,,A,,A,,A,,A,,A,,A,,A,,A,,A,,A,,A,,R,20.0
460598,2014,A,,A,,A,,A,,A,,A,,A,,A,,A,,A,,A,,A,,A,,R,16.0
460604,2014,A,,A,,A,,R,19.0,R,0.0,R,19.0,R,16.0,R,84.0,A,,A,,A,,A,,A,,R,13.0
460613,2014,R,190.0,R,265.0,R,72.0,R,21.0,Z,0.0,R,21.0,R,9.0,R,43.0,A,,A,,A,,A,,A,,R,15.0
460631,2014,A,,A,,A,,R,16.0,Z,0.0,R,16.0,R,9.0,R,56.0,A,,A,,A,,A,,A,,R,15.0
460640,2014,A,,A,,A,,A,,A,,A,,A,,A,,A,,A,,A,,A,,A,,R,20.0
460659,2014,A,,A,,A,,R,21.0,R,0.0,R,21.0,R,18.0,R,86.0,A,,A,,A,,A,,A,,R,11.0
460677,2014,R,185.0,R,213.0,R,87.0,R,257.0,R,0.0,R,257.0,R,62.0,R,24.0,R,14.0,R,0.0,R,14.0,R,6.0,R,43.0,R,20.0
460695,2014,A,,A,,A,,R,22.0,R,0.0,R,22.0,R,19.0,R,86.0,A,,A,,A,,A,,A,,R,9.0
460701,2014,A,,A,,A,,R,18.0,R,0.0,R,18.0,R,14.0,R,78.0,R,22.0,R,0.0,R,22.0,R,16.0,R,73.0,R,22.0
460710,2014,A,,A,,A,,R,4.0,Z,0.0,R,4.0,R,2.0,R,50.0,R,2.0,Z,0.0,R,2.0,R,0.0,R,0.0,R,17.0
460729,2014,A,,A,,A,,R,38.0,R,3.0,R,35.0,R,15.0,R,43.0,R,118.0,R,1.0,R,117.0,R,39.0,R,33.0,R,10.0
460738,2014,A,,A,,A,,R,0.0,R,0.0,R,0.0,R,0.0,A,,R,0.0,R,0.0,R,0.0,R,0.0,A,,R,20.0
460747,2014,R,136.0,R,213.0,R,64.0,R,0.0,R,0.0,R,0.0,R,0.0,A,,R,0.0,R,0.0,R,0.0,R,0.0,A,,R,22.0
460756,2014,A,,A,,A,,R,3.0,R,0.0,R,3.0,R,3.0,R,100.0,A,,A,,A,,A,,A,,R,15.0
460765,2014,A,,A,,A,,R,53.0,Z,0.0,R,53.0,R,47.0,R,89.0,A,,A,,A,,A,,A,,R,10.0
460774,2014,R,156.0,R,208.0,R,75.0,R,39.0,R,0.0,R,39.0,R,18.0,R,46.0,R,26.0,R,0.0,R,26.0,R,12.0,R,46.0,R,10.0
460783,2014,A,,A,,A,,R,29.0,Z,0.0,R,29.0,R,18.0,R,62.0,A,,A,,A,,A,,A,,R,7.0
460808,2014,A,,A,,A,,A,,A,,A,,A,,A,,A,,A,,A,,A,,A,,R,9.0
460817,2014,R,81.0,R,195.0,R,42.0,R,95.0,R,0.0,R,95.0,R,43.0,R,45.0,R,21.0,R,0.0,R,21.0,R,1.0,R,5.0,R,14.0
460826,2014,R,31.0,R,154.0,R,20.0,R,35.0,Z,0.0,R,35.0,R,22.0,R,63.0,R,14.0,Z,0.0,R,14.0,R,4.0,R,29.0,R,18.0
460835,2014,R,97.0,R,249.0,R,39.0,R,102.0,Z,0.0,R,102.0,R,66.0,R,65.0,R,40.0,Z,0.0,R,40.0,R,12.0,R,30.0,R,19.0
460844,2014,R,59.0,R,75.0,R,79.0,R,18.0,R,0.0,R,18.0,R,6.0,R,33.0,R,6.0,R,0.0,R,6.0,R,2.0,R,33.0,R,10.0
460853,2014,R,70.0,R,96.0,R,73.0,R,0.0,R,0.0,R,0.0,R,0.0,A,,R,0.0,R,0.0,R,0.0,R,0.0,A,,R,8.0
460862,2014,A,,A,,A,,R,25.0,R,0.0,R,25.0,R,23.0,R,92.0,R,29.0,R,0.0,R,29.0,R,20.0,R,69.0,R,14.0
460871,2014,R,2.0,R,143.0,R,1.0,R,2.0,R,0.0,R,2.0,R,2.0,R,100.0,R,0.0,R,0.0,R,0.0,R,0.0,A,,R,14.0
460899,2014,A,,A,,A,,R,11.0,R,0.0,R,11.0,R,4.0,R,36.0,A,,A,,A,,A,,A,,R,16.0
460905,2014,A,,A,,A,,R,7.0,R,0.0,R,7.0,R,6.0,R,86.0,A,,A,,A,,A,,A,,R,15.0
460914,2014,A,,A,,A,,R,17.0,R,0.0,R,17.0,R,16.0,R,94.0,A,,A,,A,,A,,A,,R,21.0
460923,2014,R,115.0,R,167.0,R,69.0,R,49.0,R,0.0,R,49.0,R,24.0,R,49.0,R,16.0,R,0.0,R,16.0,R,9.0,R,56.0,R,9.0
460932,2014,A,,A,,A,,R,39.0,R,0.0,R,39.0,R,39.0,R,100.0,A,,A,,A,,A,,A,,R,24.0
460950,2014,A,,A,,A,,A,,A,,A,,A,,A,,A,,A,,A,,A,,A,,R,8.0
460969,2014,A,,A,,A,,R,94.0,R,0.0,R,94.0,R,88.0,R,94.0,A,,A,,A,,A,,A,,R,27.0
460978,2014,A,,A,,A,,R,105.0,R,0.0,R,105.0,R,98.0,R,93.0,R,36.0,R,0.0,R,36.0,R,33.0,R,92.0,R,11.0
460987,2014,A,,A,,A,,R,31.0,R,0.0,R,31.0,R,28.0,R,90.0,R,1.0,R,0.0,R,1.0,R,1.0,R,100.0,R,12.0
460996,2014,A,,A,,A,,R,35.0,R,0.0,R,35.0,R,29.0,R,83.0,R,7.0,Z,0.0,R,7.0,R,7.0,R,100.0,R,11.0
461005,2014,A,,A,,A,,R,78.0,R,0.0,R,78.0,R,43.0,R,55.0,R,10.0,R,0.0,R,10.0,R,6.0,R,60.0,R,21.0
461014,2014,R,128.0,R,166.0,R,77.0,R,160.0,R,0.0,R,160.0,R,64.0,R,40.0,A,,A,,A,,A,,A,,R,22.0
461023,2014,A,,A,,A,,R,17.0,R,0.0,R,17.0,R,9.0,R,53.0,R,0.0,R,0.0,R,0.0,R,0.0,A,,R,20.0
461032,2014,R,3.0,R,10.0,R,30.0,R,4.0,R,0.0,R,4.0,R,4.0,R,100.0,R,4.0,R,0.0,R,4.0,R,3.0,R,75.0,R,8.0
461041,2014,A,,A,,A,,R,307.0,R,0.0,R,307.0,R,217.0,R,71.0,R,74.0,R,0.0,R,74.0,R,61.0,R,82.0,R,25.0
461111,2014,A,,A,,A,,R,20.0,Z,0.0,R,20.0,R,15.0,R,75.0,R,1.0,R,0.0,R,1.0,R,1.0,R,100.0,R,11.0
461148,2014,A,,A,,A,,R,50.0,R,0.0,R,50.0,R,43.0,R,86.0,A,,A,,A,,A,,A,,R,4.0
461157,2014,A,,A,,A,,R,19.0,R,0.0,R,19.0,R,17.0,R,89.0,A,,A,,A,,A,,A,,R,5.0
461175,2014,A,,A,,A,,R,37.0,Z,0.0,R,37.0,R,31.0,R,84.0,R,27.0,Z,0.0,R,27.0,R,24.0,R,89.0,R,6.0
461193,2014,A,,A,,A,,R,45.0,R,0.0,R,45.0,R,40.0,R,89.0,R,0.0,R,0.0,R,0.0,R,0.0,A,,R,14.0
461218,2014,A,,A,,A,,R,36.0,R,0.0,R,36.0,R,36.0,R,100.0,R,1.0,R,0.0,R,1.0,R,1.0,R,100.0,R,23.0
461227,2014,A,,A,,A,,R,27.0,R,0.0,R,27.0,R,22.0,R,81.0,R,3.0,R,0.0,R,3.0,R,2.0,R,67.0,R,9.0
461236,2014,R,20.0,R,45.0,R,44.0,R,13.0,R,0.0,R,13.0,R,10.0,R,77.0,R,0.0,R,0.0,R,0.0,R,0.0,A,,R,6.0
461245,2014,A,,A,,A,,R,53.0,R,0.0,R,53.0,R,45.0,R,85.0,R,106.0,R,0.0,R,106.0,R,94.0,R,89.0,R,10.0
461254,2014,A,,A,,A,,R,29.0,R,0.0,R,29.0,R,29.0,R,100.0,A,,A,,A,,A,,A,,R,10.0
461263,2014,A,,A,,A,,R,8.0,R,0.0,R,8.0,R,7.0,R,88.0,A,,A,,A,,A,,A,,R,10.0
461272,2014,A,,A,,A,,R,2.0,R,0.0,R,2.0,R,2.0,R,100.0,R,4.0,R,0.0,R,4.0,R,4.0,R,100.0,R,9.0
461281,2014,A,,A,,A,,R,0.0,R,0.0,R,0.0,R,0.0,A,,R,0.0,R,0.0,R,0.0,R,0.0,A,,R,12.0
461290,2014,A,,A,,A,,R,5.0,R,0.0,R,5.0,R,5.0,R,100.0,R,7.0,R,0.0,R,7.0,R,7.0,R,100.0,R,9.0
461306,2014,A,,A,,A,,R,71.0,R,0.0,R,71.0,R,40.0,R,56.0,R,52.0,R,0.0,R,52.0,R,25.0,R,48.0,R,13.0
461315,2014,R,12.0,R,21.0,R,57.0,R,21.0,R,0.0,R,21.0,R,9.0,R,43.0,R,15.0,R,1.0,R,14.0,R,5.0,R,36.0,R,8.0
461324,2014,A,,A,,A,,A,,A,,A,,A,,A,,A,,A,,A,,A,,A,,R,25.0
461333,2014,A,,A,,A,,A,,A,,A,,A,,A,,A,,A,,A,,A,,A,,R,2.0
461342,2014,A,,A,,A,,R,2.0,R,0.0,R,2.0,R,2.0,R,100.0,R,0.0,R,0.0,R,0.0,R,0.0,A,,R,15.0
461351,2014,A,,A,,A,,R,41.0,R,0.0,R,41.0,R,36.0,R,88.0,R,725.0,R,24.0,R,701.0,R,620.0,R,88.0,R,19.0
461360,2014,A,,A,,A,,R,33.0,Z,0.0,R,33.0,R,33.0,R,100.0,A,,A,,A,,A,,A,,R,20.0
461379,2014,A,,A,,A,,A,,A,,A,,A,,A,,A,,A,,A,,A,,A,,R,3.0
461388,2014,A,,A,,A,,R,23.0,R,0.0,R,23.0,R,8.0,R,35.0,A,,A,,A,,A,,A,,R,18.0
461397,2014,A,,A,,A,,R,30.0,R,0.0,R,30.0,R,28.0,R,93.0,R,16.0,R,0.0,R,16.0,R,15.0,R,94.0,R,25.0
461412,2014,A,,A,,A,,A,,A,,A,,A,,A,,A,,A,,A,,A,,A,,R,11.0
461421,2014,A,,A,,A,,R,16.0,R,0.0,R,16.0,R,14.0,R,88.0,A,,A,,A,,A,,A,,R,13.0
461430,2014,A,,A,,A,,A,,A,,A,,A,,A,,R,143.0,R,2.0,R,141.0,R,88.0,R,62.0,R,10.0
461449,2014,A,,A,,A,,R,73.0,R,0.0,R,73.0,R,64.0,R,88.0,R,34.0,Z,0.0,R,34.0,R,28.0,R,82.0,R,25.0
461476,2014,A,,A,,A,,R,9.0,Z,0.0,R,9.0,R,9.0,R,100.0,R,3.0,R,0.0,R,3.0,R,3.0,R,100.0,R,6.0
461485,2014,A,,A,,A,,A,,A,,A,,A,,A,,A,,A,,A,,A,,A,,R,9.0
461494,2014,A,,A,,A,,R,17.0,R,0.0,R,17.0,R,14.0,R,82.0,R,7.0,R,0.0,R,7.0,R,6.0,R,86.0,R,20.0
461500,2014,A,,A,,A,,R,1.0,R,0.0,R,1.0,R,1.0,R,100.0,R,12.0,R,0.0,R,12.0,R,10.0,R,83.0,R,12.0
461528,2014,R,13.0,R,42.0,R,31.0,R,10.0,R,0.0,R,10.0,R,7.0,R,70.0,R,23.0,R,1.0,R,22.0,R,8.0,R,36.0,R,5.0
461537,2014,A,,A,,A,,R,15.0,Z,0.0,R,15.0,R,15.0,R,100.0,A,,A,,A,,A,,A,,R,8.0
461546,2014,A,,A,,A,,R,17.0,R,0.0,R,17.0,R,7.0,R,41.0,R,2.0,R,0.0,R,2.0,R,2.0,R,100.0,R,9.0
461555,2014,A,,A,,A,,R,19.0,R,0.0,R,19.0,R,18.0,R,95.0,A,,A,,A,,A,,A,,R,20.0
461564,2014,A,,A,,A,,R,5.0,R,0.0,R,5.0,R,3.0,R,60.0,R,9.0,R,0.0,R,9.0,R,7.0,R,78.0,R,15.0
461573,2014,A,,A,,A,,R,57.0,R,0.0,R,57.0,R,43.0,R,75.0,A,,A,,A,,A,,A,,R,12.0
461582,2014,A,,A,,A,,A,,A,,A,,A,,A,,A,,A,,A,,A,,A,,R,12.0
461591,2014,A,,A,,A,,R,6.0,Z,0.0,R,6.0,R,5.0,R,83.0,R,1.0,Z,0.0,R,1.0,R,1.0,R,100.0,R,15.0
461607,2014,A,,A,,A,,R,8.0,R,0.0,R,8.0,R,7.0,R,88.0,R,6.0,R,0.0,R,6.0,R,5.0,R,83.0,R,13.0
461625,2014,A,,A,,A,,R,4.0,R,0.0,R,4.0,R,4.0,R,100.0,A,,A,,A,,A,,A,,R,10.0
461643,2014,A,,A,,A,,A,,A,,A,,A,,A,,A,,A,,A,,A,,A,,R,8.0
461652,2014,A,,A,,A,,R,5.0,R,0.0,R,5.0,R,5.0,R,100.0,R,0.0,R,0.0,R,0.0,R,0.0,A,,R,6.0
461670,2014,A,,A,,A,,R,49.0,R,0.0,R,49.0,R,46.0,R,94.0,R,1.0,R,0.0,R,1.0,R,1.0,R,100.0,R,4.0
461689,2014,A,,A,,A,,R,95.0,R,0.0,R,95.0,R,62.0,R,65.0,A,,A,,A,,A,,A,,R,25.0
461698,2014,A,,A,,A,,R,37.0,R,0.0,R,37.0,R,26.0,R,70.0,A,,A,,A,,A,,A,,R,16.0
461704,2014,A,,A,,A,,R,78.0,R,0.0,R,78.0,R,48.0,R,62.0,A,,A,,A,,A,,A,,R,15.0
461713,2014,A,,A,,A,,A,,A,,A,,A,,A,,A,,A,,A,,A,,A,,R,10.0
461722,2014,A,,A,,A,,R,79.0,Z,0.0,R,79.0,R,56.0,R,71.0,R,8.0,Z,0.0,R,8.0,R,4.0,R,50.0,R,10.0
461731,2014,A,,A,,A,,R,37.0,R,0.0,R,37.0,R,16.0,R,43.0,R,0.0,R,0.0,R,0.0,R,0.0,A,,R,13.0
461740,2014,A,,A,,A,,R,22.0,R,0.0,R,22.0,R,15.0,R,68.0,A,,A,,A,,A,,A,,R,26.0
461759,2014,R,58.0,R,130.0,R,45.0,R,0.0,R,0.0,R,0.0,R,0.0,A,,R,1.0,R,0.0,R,1.0,R,0.0,R,0.0,R,12.0
461768,2014,A,,A,,A,,A,,A,,A,,A,,A,,A,,A,,A,,A,,A,,R,22.0
461777,2014,R,13.0,R,13.0,R,100.0,R,7.0,R,0.0,R,7.0,R,5.0,R,71.0,A,,A,,A,,A,,A,,R,9.0
461786,2014,A,,A,,A,,R,34.0,R,0.0,R,34.0,R,30.0,R,88.0,A,,A,,A,,A,,A,,R,8.0
461795,2014,R,87.0,R,122.0,R,71.0,R,80.0,R,0.0,R,80.0,R,41.0,R,51.0,R,0.0,R,0.0,R,0.0,R,0.0,A,,R,15.0
461801,2014,A,,A,,A,,R,2.0,R,0.0,R,2.0,R,1.0,R,50.0,A,,A,,A,,A,,A,,R,10.0
461810,2014,A,,A,,A,,R,19.0,R,0.0,R,19.0,R,10.0,R,53.0,R,7.0,R,0.0,R,7.0,R,4.0,R,57.0,R,20.0
461829,2014,A,,A,,A,,R,123.0,R,0.0,R,123.0,R,23.0,R,19.0,A,,A,,A,,A,,A,,R,15.0
461838,2014,A,,A,,A,,A,,A,,A,,A,,A,,A,,A,,A,,A,,A,,R,30.0
461847,2014,R,3.0,R,36.0,R,8.0,R,7.0,R,0.0,R,7.0,R,1.0,R,14.0,A,,A,,A,,A,,A,,R,9.0
461856,2014,A,,A,,A,,R,209.0,R,0.0,R,209.0,R,164.0,R,78.0,A,,A,,A,,A,,A,,R,25.0
461865,2014,A,,A,,A,,R,50.0,R,22.0,R,28.0,R,21.0,R,75.0,A,,A,,A,,A,,A,,R,35.0
461874,2014,A,,A,,A,,R,19.0,R,0.0,R,19.0,R,17.0,R,89.0,A,,A,,A,,A,,A,,R,10.0
461883,2014,R,30.0,R,50.0,R,60.0,R,3.0,R,0.0,R,3.0,R,2.0,R,67.0,R,5.0,R,0.0,R,5.0,R,3.0,R,60.0,R,26.0
461892,2014,A,,A,,A,,R,60.0,R,0.0,R,60.0,R,47.0,R,78.0,R,6.0,R,0.0,R,6.0,R,6.0,R,100.0,R,18.0
461908,2014,A,,A,,A,,R,10.0,R,0.0,R,10.0,R,4.0,R,40.0,R,1.0,R,0.0,R,1.0,R,0.0,R,0.0,R,11.0
461917,2014,A,,A,,A,,R,32.0,Z,0.0,R,32.0,R,27.0,R,84.0,R,9.0,Z,0.0,R,9.0,R,8.0,R,89.0,R,15.0
461926,2014,A,,A,,A,,R,38.0,R,0.0,R,38.0,R,33.0,R,87.0,R,16.0,R,1.0,R,15.0,R,8.0,R,53.0,R,9.0
461935,2014,A,,A,,A,,R,2.0,R,0.0,R,2.0,R,1.0,R,50.0,R,1.0,R,0.0,R,1.0,R,0.0,R,0.0,R,11.0
461944,2014,A,,A,,A,,R,25.0,R,0.0,R,25.0,R,14.0,R,56.0,A,,A,,A,,A,,A,,R,13.0
461953,2014,R,2.0,R,4.0,R,50.0,R,13.0,Z,0.0,R,13.0,R,11.0,R,85.0,R,0.0,R,0.0,R,0.0,R,0.0,A,,R,10.0
461962,2014,A,,A,,A,,R,223.0,R,0.0,R,223.0,R,199.0,R,89.0,R,161.0,R,0.0,R,161.0,R,122.0,R,76.0,R,18.0
461971,2014,A,,A,,A,,R,1.0,R,0.0,R,1.0,R,1.0,R,100.0,R,8.0,Z,0.0,R,8.0,R,6.0,R,75.0,R,16.0
461980,2014,A,,A,,A,,R,35.0,R,0.0,R,35.0,R,29.0,R,83.0,R,24.0,R,0.0,R,24.0,R,22.0,R,92.0,R,12.0
461999,2014,A,,A,,A,,R,29.0,R,0.0,R,29.0,R,13.0,R,45.0,A,,A,,A,,A,,A,,R,7.0
462008,2014,A,,A,,A,,R,41.0,Z,0.0,R,41.0,R,31.0,R,76.0,R,22.0,Z,0.0,R,22.0,R,15.0,R,68.0,R,15.0
462017,2014,A,,A,,A,,R,7.0,R,0.0,R,7.0,R,6.0,R,86.0,A,,A,,A,,A,,A,,R,16.0
462026,2014,A,,A,,A,,R,4.0,R,0.0,R,4.0,R,4.0,R,100.0,A,,A,,A,,A,,A,,R,20.0
462035,2014,A,,A,,A,,R,51.0,R,0.0,R,51.0,R,48.0,R,94.0,R,20.0,R,0.0,R,20.0,R,18.0,R,90.0,R,9.0
462053,2014,A,,A,,A,,R,25.0,R,0.0,R,25.0,R,25.0,R,100.0,A,,A,,A,,A,,A,,R,20.0
462062,2014,A,,A,,A,,R,11.0,R,0.0,R,11.0,R,10.0,R,91.0,R,7.0,R,0.0,R,7.0,R,6.0,R,86.0,R,13.0
462071,2014,A,,A,,A,,R,19.0,Z,0.0,R,19.0,R,16.0,R,84.0,R,3.0,Z,0.0,R,3.0,R,2.0,R,67.0,R,15.0
462309,2014,A,,A,,A,,A,,A,,A,,A,,A,,A,,A,,A,,A,,A,,R,11.0
462318,2014,A,,A,,A,,A,,A,,A,,A,,A,,A,,A,,A,,A,,A,,R,30.0
462327,2014,A,,A,,A,,A,,A,,A,,A,,A,,A,,A,,A,,A,,A,,R,20.0
462336,2014,A,,A,,A,,R,1.0,Z,0.0,R,1.0,R,1.0,R,100.0,R,4.0,Z,0.0,R,4.0,R,3.0,R,75.0,R,25.0
462345,2014,A,,A,,A,,R,5.0,R,0.0,R,5.0,R,1.0,R,20.0,R,2.0,R,0.0,R,2.0,R,2.0,R,100.0,R,8.0
462354,2014,R,56.0,R,81.0,R,69.0,R,38.0,R,0.0,R,38.0,R,29.0,R,76.0,R,2.0,R,0.0,R,2.0,R,1.0,R,50.0,R,18.0
462363,2014,R,45.0,R,61.0,R,74.0,R,0.0,R,0.0,R,0.0,R,0.0,A,,R,0.0,R,0.0,R,0.0,R,0.0,A,,R,16.0
462372,2014,R,56.0,R,63.0,R,89.0,R,0.0,R,0.0,R,0.0,R,0.0,A,,R,0.0,R,0.0,R,0.0,R,0.0,A,,R,16.0
462390,2014,A,,A,,A,,R,1.0,R,0.0,R,1.0,R,0.0,R,0.0,A,,A,,A,,A,,A,,R,5.0
465812,2014,A,,A,,A,,R,280.0,R,0.0,R,280.0,R,55.0,R,20.0,A,,A,,A,,A,,A,,R,25.0
466152,2014,A,,A,,A,,R,0.0,R,0.0,R,0.0,R,0.0,A,,R,37.0,Z,0.0,R,37.0,R,9.0,R,24.0,R,13.0
466161,2014,A,,A,,A,,R,0.0,R,0.0,R,0.0,R,0.0,A,,R,12.0,R,0.0,R,12.0,R,2.0,R,17.0,R,13.0
466170,2014,A,,A,,A,,R,0.0,Z,0.0,R,0.0,R,0.0,A,,R,36.0,R,0.0,R,36.0,R,15.0,R,42.0,R,13.0
466189,2014,R,1.0,R,48.0,R,2.0,R,4.0,R,0.0,R,4.0,R,2.0,R,50.0,R,13.0,R,0.0,R,13.0,R,4.0,R,31.0,R,13.0
466514,2014,R,36.0,R,81.0,R,44.0,R,1.0,R,0.0,R,1.0,R,1.0,R,100.0,R,0.0,R,0.0,R,0.0,R,0.0,A,,R,16.0
466523,2014,A,,A,,A,,R,17.0,R,0.0,R,17.0,R,15.0,R,88.0,R,2.0,R,0.0,R,2.0,R,1.0,R,50.0,R,9.0
466921,2014,R,2.0,R,139.0,R,1.0,R,2.0,R,0.0,R,2.0,R,1.0,R,50.0,R,0.0,R,0.0,R,0.0,R,0.0,A,,R,12.0
466930,2014,R,1.0,R,174.0,R,1.0,R,0.0,R,0.0,R,0.0,R,0.0,A,,R,0.0,R,0.0,R,0.0,R,0.0,A,,R,9.0
467058,2014,R,24.0,R,34.0,R,71.0,R,0.0,R,0.0,R,0.0,R,0.0,A,,R,0.0,R,0.0,R,0.0,R,0.0,A,,R,13.0
467094,2014,A,,A,,A,,R,14.0,R,0.0,R,14.0,R,11.0,R,79.0,R,8.0,R,0.0,R,8.0,R,7.0,R,88.0,R,20.0
467155,2014,A,,A,,A,,R,158.0,R,1.0,R,157.0,R,101.0,R,64.0,A,,A,,A,,A,,A,,R,30.0
467340,2014,A,,A,,A,,R,18.0,Z,0.0,R,18.0,R,9.0,R,50.0,A,,A,,A,,A,,A,,R,15.0
467368,2014,A,,A,,A,,R,29.0,R,0.0,R,29.0,R,20.0,R,69.0,R,4.0,R,0.0,R,4.0,R,2.0,R,50.0,R,26.0
467508,2014,A,,A,,A,,R,19.0,R,0.0,R,19.0,R,13.0,R,68.0,R,7.0,R,0.0,R,7.0,R,4.0,R,57.0,R,12.0
467517,2014,A,,A,,A,,R,23.0,R,0.0,R,23.0,R,9.0,R,39.0,R,7.0,R,0.0,R,7.0,R,0.0,R,0.0,R,8.0
467526,2014,A,,A,,A,,R,28.0,R,0.0,R,28.0,R,11.0,R,39.0,A,,A,,A,,A,,A,,R,10.0
467535,2014,A,,A,,A,,R,32.0,R,0.0,R,32.0,R,16.0,R,50.0,R,5.0,R,0.0,R,5.0,R,1.0,R,20.0,R,9.0
467544,2014,A,,A,,A,,R,13.0,R,0.0,R,13.0,R,9.0,R,69.0,A,,A,,A,,A,,A,,R,6.0
467553,2014,A,,A,,A,,R,18.0,R,0.0,R,18.0,R,8.0,R,44.0,A,,A,,A,,A,,A,,R,8.0
467562,2014,A,,A,,A,,R,13.0,R,0.0,R,13.0,R,5.0,R,38.0,R,6.0,R,0.0,R,6.0,R,2.0,R,33.0,R,5.0
467571,2014,A,,A,,A,,R,21.0,R,0.0,R,21.0,R,8.0,R,38.0,A,,A,,A,,A,,A,,R,5.0
467580,2014,A,,A,,A,,R,18.0,R,0.0,R,18.0,R,14.0,R,78.0,A,,A,,A,,A,,A,,R,6.0
467599,2014,A,,A,,A,,R,26.0,R,0.0,R,26.0,R,19.0,R,73.0,R,1.0,R,0.0,R,1.0,R,1.0,R,100.0,R,7.0
467605,2014,A,,A,,A,,R,20.0,R,0.0,R,20.0,R,15.0,R,75.0,R,5.0,R,0.0,R,5.0,R,4.0,R,80.0,R,8.0
467614,2014,A,,A,,A,,R,25.0,R,1.0,R,24.0,R,9.0,R,38.0,R,8.0,R,0.0,R,8.0,R,5.0,R,63.0,R,9.0
467623,2014,A,,A,,A,,R,15.0,R,0.0,R,15.0,R,6.0,R,40.0,R,5.0,R,0.0,R,5.0,R,1.0,R,20.0,R,9.0
467632,2014,A,,A,,A,,R,24.0,R,0.0,R,24.0,R,20.0,R,83.0,R,13.0,R,0.0,R,13.0,R,5.0,R,38.0,R,14.0
467641,2014,A,,A,,A,,R,35.0,R,0.0,R,35.0,R,14.0,R,40.0,R,8.0,R,0.0,R,8.0,R,3.0,R,38.0,R,11.0
467650,2014,A,,A,,A,,R,12.0,R,0.0,R,12.0,R,4.0,R,33.0,R,7.0,R,0.0,R,7.0,R,2.0,R,29.0,R,7.0
467669,2014,A,,A,,A,,R,31.0,R,0.0,R,31.0,R,15.0,R,48.0,A,,A,,A,,A,,A,,R,5.0
467678,2014,A,,A,,A,,R,30.0,R,0.0,R,30.0,R,11.0,R,37.0,A,,A,,A,,A,,A,,R,20.0
467784,2014,A,,A,,A,,R,119.0,R,0.0,R,119.0,R,73.0,R,61.0,A,,A,,A,,A,,A,,R,30.0
467793,2014,R,3.0,R,27.0,R,11.0,R,3.0,R,0.0,R,3.0,R,2.0,R,67.0,R,1.0,R,0.0,R,1.0,R,0.0,R,0.0,R,10.0
467809,2014,A,,A,,A,,R,19.0,R,0.0,R,19.0,R,14.0,R,74.0,A,,A,,A,,A,,A,,R,16.0
467863,2014,A,,A,,A,,R,40.0,R,1.0,R,39.0,R,29.0,R,74.0,R,6.0,Z,0.0,R,6.0,R,4.0,R,67.0,R,15.0
467872,2014,A,,A,,A,,R,26.0,Z,0.0,R,26.0,R,24.0,R,92.0,R,4.0,Z,0.0,R,4.0,R,3.0,R,75.0,R,15.0
467881,2014,A,,A,,A,,A,,A,,A,,A,,A,,A,,A,,A,,A,,A,,R,30.0
467906,2014,A,,A,,A,,R,15.0,R,0.0,R,15.0,R,9.0,R,60.0,R,2.0,R,0.0,R,2.0,R,1.0,R,50.0,R,20.0
468015,2014,R,60.0,R,113.0,R,53.0,R,47.0,Z,0.0,R,47.0,R,20.0,R,43.0,R,3.0,Z,0.0,R,3.0,R,2.0,R,67.0,R,20.0
468024,2014,R,8.0,R,135.0,R,6.0,R,2.0,Z,0.0,R,2.0,R,2.0,R,100.0,R,8.0,Z,0.0,R,8.0,R,2.0,R,25.0,R,9.0
468246,2014,A,,A,,A,,R,35.0,R,0.0,R,35.0,R,30.0,R,86.0,A,,A,,A,,A,,A,,R,15.0
468255,2014,A,,A,,A,,R,38.0,R,0.0,R,38.0,R,32.0,R,84.0,A,,A,,A,,A,,A,,R,15.0
468398,2014,R,10.0,R,33.0,R,30.0,R,9.0,R,0.0,R,9.0,R,4.0,R,44.0,R,11.0,R,0.0,R,11.0,R,5.0,R,45.0,R,13.0
468705,2014,A,,A,,A,,R,86.0,Z,0.0,R,86.0,R,22.0,R,26.0,R,28.0,Z,0.0,R,28.0,R,12.0,R,43.0,R,20.0
468723,2014,R,107.0,R,324.0,R,33.0,R,29.0,R,0.0,R,29.0,R,28.0,R,97.0,R,5.0,R,0.0,R,5.0,R,4.0,R,80.0,R,31.0
468732,2014,A,,A,,A,,R,127.0,R,0.0,R,127.0,R,85.0,R,67.0,A,,A,,A,,A,,A,,R,16.0
468769,2014,A,,A,,A,,R,40.0,Z,0.0,R,40.0,R,36.0,R,90.0,A,,A,,A,,A,,A,,R,16.0
468866,2014,A,,A,,A,,R,7.0,R,0.0,R,7.0,R,6.0,R,86.0,A,,A,,A,,A,,A,,R,18.0
468875,2014,A,,A,,A,,R,111.0,R,0.0,R,111.0,R,88.0,R,79.0,A,,A,,A,,A,,A,,R,24.0
468893,2014,A,,A,,A,,R,26.0,R,0.0,R,26.0,R,16.0,R,62.0,A,,A,,A,,A,,A,,R,19.0
468963,2014,A,,A,,A,,A,,A,,A,,A,,A,,A,,A,,A,,A,,A,,R,7.0
469054,2014,A,,A,,A,,R,137.0,R,1.0,R,136.0,R,77.0,R,57.0,A,,A,,A,,A,,A,,R,19.0
469124,2014,A,,A,,A,,A,,A,,A,,A,,A,,A,,A,,A,,A,,A,,R,25.0
469133,2014,A,,A,,A,,A,,A,,A,,A,,A,,A,,A,,A,,A,,A,,R,25.0
469142,2014,A,,A,,A,,A,,A,,A,,A,,A,,A,,A,,A,,A,,A,,R,25.0
469151,2014,A,,A,,A,,A,,A,,A,,A,,A,,A,,A,,A,,A,,A,,R,15.0
469160,2014,A,,A,,A,,A,,A,,A,,A,,A,,A,,A,,A,,A,,A,,R,25.0
469197,2014,A,,A,,A,,R,31.0,R,0.0,R,31.0,R,19.0,R,61.0,A,,A,,A,,A,,A,,R,10.0
469407,2014,A,,A,,A,,R,170.0,R,0.0,R,170.0,R,112.0,R,66.0,A,,A,,A,,A,,A,,R,15.0
469416,2014,R,215.0,R,215.0,R,100.0,R,153.0,R,0.0,R,153.0,R,105.0,R,69.0,A,,A,,A,,A,,A,,R,18.0
469586,2014,A,,A,,A,,A,,A,,A,,A,,A,,A,,A,,A,,A,,A,,R,25.0
469610,2014,A,,A,,A,,R,242.0,R,0.0,R,242.0,R,147.0,R,61.0,A,,A,,A,,A,,A,,R,35.0
469629,2014,A,,A,,A,,R,58.0,R,0.0,R,58.0,R,31.0,R,53.0,A,,A,,A,,A,,A,,R,15.0
469638,2014,A,,A,,A,,R,310.0,R,0.0,R,310.0,R,292.0,R,94.0,A,,A,,A,,A,,A,,R,18.0
469647,2014,A,,A,,A,,R,100.0,R,0.0,R,100.0,R,94.0,R,94.0,R,76.0,R,0.0,R,76.0,R,60.0,R,79.0,R,18.0
469911,2014,A,,A,,A,,R,46.0,R,0.0,R,46.0,R,27.0,R,59.0,A,,A,,A,,A,,A,,R,11.0
469920,2014,A,,A,,A,,R,87.0,R,0.0,R,87.0,R,47.0,R,54.0,A,,A,,A,,A,,A,,R,12.0
469957,2014,A,,A,,A,,R,68.0,R,0.0,R,68.0,R,59.0,R,87.0,A,,A,,A,,A,,A,,R,11.0
469993,2014,A,,A,,A,,R,4.0,R,0.0,R,4.0,R,3.0,R,75.0,R,1.0,R,0.0,R,1.0,R,1.0,R,100.0,R,8.0
470047,2014,A,,A,,A,,R,15.0,R,0.0,R,15.0,R,12.0,R,80.0,A,,A,,A,,A,,A,,R,4.0
470092,2014,R,64.0,R,157.0,R,41.0,R,74.0,Z,0.0,R,74.0,R,27.0,R,36.0,R,31.0,Z,0.0,R,31.0,R,12.0,R,39.0,R,14.0
470162,2014,R,192.0,R,311.0,R,62.0,R,4.0,Z,0.0,R,4.0,R,2.0,R,50.0,A,,A,,A,,A,,A,,R,9.0
470223,2014,A,,A,,A,,R,13.0,R,0.0,R,13.0,R,12.0,R,92.0,R,2.0,R,0.0,R,2.0,R,1.0,R,50.0,R,20.0
470296,2014,A,,A,,A,,R,20.0,R,0.0,R,20.0,R,17.0,R,85.0,A,,A,,A,,A,,A,,R,25.0
470302,2014,A,,A,,A,,R,28.0,R,0.0,R,28.0,R,23.0,R,82.0,A,,A,,A,,A,,A,,R,32.0
470393,2014,A,,A,,A,,R,7.0,R,0.0,R,7.0,R,5.0,R,71.0,R,0.0,R,0.0,R,0.0,R,0.0,A,,R,15.0
470852,2014,A,,A,,A,,A,,A,,A,,A,,A,,A,,A,,A,,A,,A,,R,4.0
470861,2014,R,39.0,R,45.0,R,87.0,R,0.0,R,0.0,R,0.0,R,0.0,A,,R,0.0,R,0.0,R,0.0,R,0.0,A,,R,31.0
470870,2014,R,40.0,R,41.0,R,98.0,R,0.0,R,0.0,R,0.0,R,0.0,A,,R,0.0,R,0.0,R,0.0,R,0.0,A,,R,20.0
470889,2014,A,,A,,A,,A,,A,,A,,A,,A,,A,,A,,A,,A,,A,,R,17.0
470898,2014,R,38.0,R,39.0,R,97.0,R,0.0,R,0.0,R,0.0,R,0.0,A,,R,0.0,R,0.0,R,0.0,R,0.0,A,,R,17.0
470904,2014,R,30.0,R,30.0,R,100.0,R,0.0,R,0.0,R,0.0,R,0.0,A,,R,0.0,R,0.0,R,0.0,R,0.0,A,,R,16.0
474863,2014,A,,A,,A,,R,8.0,R,0.0,R,8.0,R,5.0,R,63.0,R,3.0,R,0.0,R,3.0,R,3.0,R,100.0,R,21.0
474881,2014,R,13.0,R,65.0,R,20.0,R,0.0,R,0.0,R,0.0,R,0.0,A,,R,0.0,R,0.0,R,0.0,R,0.0,A,,R,6.0
474890,2014,A,,A,,A,,R,2.0,R,0.0,R,2.0,R,1.0,R,50.0,A,,A,,A,,A,,A,,R,25.0
474906,2014,A,,A,,A,,R,8.0,R,0.0,R,8.0,R,1.0,R,13.0,A,,A,,A,,A,,A,,R,11.0
474915,2014,A,,A,,A,,R,113.0,R,1.0,R,112.0,R,91.0,R,81.0,R,75.0,R,0.0,R,75.0,R,57.0,R,76.0,R,18.0
474924,2014,A,,A,,A,,R,57.0,R,0.0,R,57.0,R,49.0,R,86.0,R,38.0,R,0.0,R,38.0,R,34.0,R,89.0,R,11.0
474933,2014,A,,A,,A,,R,11.0,Z,0.0,R,11.0,R,7.0,R,64.0,R,4.0,Z,0.0,R,4.0,R,4.0,R,100.0,R,7.0
474942,2014,A,,A,,A,,R,15.0,R,0.0,R,15.0,R,14.0,R,93.0,R,5.0,R,0.0,R,5.0,R,4.0,R,80.0,R,11.0
474997,2014,A,,A,,A,,R,60.0,Z,0.0,R,60.0,R,47.0,R,78.0,A,,A,,A,,A,,A,,R,12.0
475015,2014,A,,A,,A,,R,20.0,R,0.0,R,20.0,R,17.0,R,85.0,A,,A,,A,,A,,A,,R,15.0
475024,2014,A,,A,,A,,R,77.0,Z,0.0,R,77.0,R,59.0,R,77.0,A,,A,,A,,A,,A,,R,26.0
475042,2014,R,41.0,R,113.0,R,36.0,R,0.0,Z,0.0,R,0.0,Z,0.0,A,,A,,A,,A,,A,,A,,R,13.0
475060,2014,R,54.0,R,109.0,R,50.0,R,49.0,Z,0.0,R,49.0,R,27.0,R,55.0,R,33.0,Z,0.0,R,33.0,R,2.0,R,6.0,R,16.0
475079,2014,R,26.0,R,57.0,R,46.0,R,48.0,Z,0.0,R,48.0,R,23.0,R,48.0,R,18.0,Z,0.0,R,18.0,R,4.0,R,22.0,R,20.0
475097,2014,A,,A,,A,,A,,A,,A,,A,,A,,A,,A,,A,,A,,A,,R,14.0
475121,2014,A,,A,,A,,R,207.0,R,1.0,R,206.0,R,45.0,R,22.0,A,,A,,A,,A,,A,,R,26.0
475130,2014,A,,A,,A,,R,11.0,Z,0.0,R,11.0,R,7.0,R,64.0,A,,A,,A,,A,,A,,R,19.0
475185,2014,R,13.0,R,29.0,R,45.0,R,3.0,R,0.0,R,3.0,R,3.0,R,100.0,R,0.0,Z,0.0,R,0.0,Z,0.0,A,,R,5.0
475194,2014,R,57.0,R,98.0,R,58.0,R,49.0,Z,0.0,R,49.0,R,28.0,R,57.0,R,31.0,Z,0.0,R,31.0,R,5.0,R,16.0,R,11.0
475200,2014,A,,A,,A,,A,,A,,A,,A,,A,,A,,A,,A,,A,,A,,R,8.0
475255,2014,A,,A,,A,,R,25.0,R,1.0,R,24.0,R,22.0,R,92.0,A,,A,,A,,A,,A,,R,27.0
475273,2014,A,,A,,A,,A,,A,,A,,A,,A,,A,,A,,A,,A,,A,,R,12.0
475282,2014,A,,A,,A,,R,9.0,R,0.0,R,9.0,R,6.0,R,67.0,A,,A,,A,,A,,A,,R,7.0
475291,2014,R,4.0,R,32.0,R,13.0,R,0.0,Z,0.0,R,0.0,R,0.0,A,,R,0.0,Z,0.0,R,0.0,R,0.0,A,,R,7.0
475325,2014,A,,A,,A,,A,,A,,A,,A,,A,,A,,A,,A,,A,,A,,R,12.0
475352,2014,R,98.0,R,115.0,R,85.0,R,0.0,R,0.0,R,0.0,R,0.0,A,,R,0.0,R,0.0,R,0.0,R,0.0,A,,R,11.0
475370,2014,R,101.0,R,143.0,R,71.0,R,39.0,R,0.0,R,39.0,R,15.0,R,38.0,R,7.0,R,0.0,R,7.0,R,3.0,R,43.0,R,13.0
475389,2014,A,,A,,A,,R,15.0,R,0.0,R,15.0,R,13.0,R,87.0,A,,A,,A,,A,,A,,R,12.0
475398,2014,A,,A,,A,,A,,A,,A,,A,,A,,R,0.0,R,0.0,R,0.0,R,0.0,A,,R,9.0
475404,2014,A,,A,,A,,A,,A,,A,,A,,A,,A,,A,,A,,A,,A,,R,10.0
475413,2014,A,,A,,A,,R,28.0,R,0.0,R,28.0,R,10.0,R,36.0,R,1.0,R,0.0,R,1.0,R,0.0,R,0.0,R,12.0
475422,2014,R,5.0,R,5.0,R,100.0,R,2.0,R,0.0,R,2.0,R,1.0,R,50.0,R,1.0,R,0.0,R,1.0,R,0.0,R,0.0,R,5.0
475431,2014,A,,A,,A,,A,,A,,A,,A,,A,,A,,A,,A,,A,,A,,R,5.0
475459,2014,A,,A,,A,,R,281.0,R,0.0,R,281.0,R,207.0,R,74.0,A,,A,,A,,A,,A,,R,17.0
475468,2014,A,,A,,A,,R,19.0,R,0.0,R,19.0,R,15.0,R,79.0,R,1.0,R,0.0,R,1.0,R,1.0,R,100.0,R,8.0
475477,2014,R,5.0,R,30.0,R,17.0,R,13.0,R,0.0,R,13.0,R,6.0,R,46.0,R,6.0,R,0.0,R,6.0,R,5.0,R,83.0,R,8.0
475486,2014,A,,A,,A,,R,208.0,R,0.0,R,208.0,R,33.0,R,16.0,A,,A,,A,,A,,A,,R,19.0
475501,2014,A,,A,,A,,R,48.0,R,2.0,R,46.0,R,38.0,R,83.0,A,,A,,A,,A,,A,,R,8.0
475529,2014,A,,A,,A,,R,30.0,R,0.0,R,30.0,R,18.0,R,60.0,R,1.0,R,0.0,R,1.0,R,0.0,R,0.0,R,10.0
475538,2014,A,,A,,A,,R,48.0,R,0.0,R,48.0,R,41.0,R,85.0,R,4.0,R,0.0,R,4.0,R,3.0,R,75.0,R,20.0
475547,2014,A,,A,,A,,R,11.0,Z,0.0,R,11.0,R,7.0,R,64.0,R,2.0,Z,0.0,R,2.0,R,1.0,R,50.0,R,15.0
475556,2014,A,,A,,A,,R,18.0,Z,0.0,R,18.0,R,16.0,R,89.0,R,6.0,Z,0.0,R,6.0,R,5.0,R,83.0,R,15.0
475565,2014,R,410.0,R,410.0,R,100.0,R,278.0,Z,0.0,R,278.0,R,192.0,R,69.0,A,,A,,A,,A,,A,,R,15.0
475574,2014,A,,A,,A,,R,2.0,R,0.0,R,2.0,R,0.0,R,0.0,R,1.0,R,0.0,R,1.0,R,0.0,R,0.0,R,20.0
475583,2014,A,,A,,A,,R,51.0,R,0.0,R,51.0,R,12.0,R,24.0,A,,A,,A,,A,,A,,R,19.0
475592,2014,R,6.0,R,6.0,R,100.0,R,0.0,R,0.0,R,0.0,R,0.0,A,,R,0.0,R,0.0,R,0.0,R,0.0,A,,R,3.0
475608,2014,R,15.0,R,57.0,R,26.0,R,14.0,R,0.0,R,14.0,R,11.0,R,79.0,R,6.0,R,0.0,R,6.0,R,0.0,R,0.0,R,12.0
475617,2014,R,146.0,R,187.0,R,78.0,R,0.0,R,0.0,R,0.0,R,0.0,A,,R,0.0,R,0.0,R,0.0,R,0.0,A,,R,15.0
475626,2014,A,,A,,A,,R,2.0,R,0.0,R,2.0,R,1.0,R,50.0,R,1.0,R,0.0,R,1.0,R,0.0,R,0.0,R,6.0
475635,2014,R,3.0,R,5.0,R,60.0,R,3.0,R,0.0,R,3.0,R,3.0,R,100.0,R,0.0,R,0.0,R,0.0,R,0.0,A,,R,5.0
475644,2014,A,,A,,A,,R,23.0,R,0.0,R,23.0,R,21.0,R,91.0,A,,A,,A,,A,,A,,R,11.0
475653,2014,A,,A,,A,,R,4.0,R,0.0,R,4.0,R,4.0,R,100.0,A,,A,,A,,A,,A,,R,4.0
475662,2014,A,,A,,A,,R,8.0,R,0.0,R,8.0,R,7.0,R,88.0,R,9.0,R,0.0,R,9.0,R,6.0,R,67.0,R,8.0
475680,2014,A,,A,,A,,R,5.0,R,0.0,R,5.0,R,4.0,R,80.0,A,,A,,A,,A,,A,,R,15.0
475699,2014,R,6.0,R,54.0,R,11.0,R,10.0,R,0.0,R,10.0,R,4.0,R,40.0,R,1.0,R,0.0,R,1.0,R,1.0,R,100.0,R,6.0
475705,2014,A,,A,,A,,R,1.0,R,0.0,R,1.0,R,1.0,R,100.0,A,,A,,A,,A,,A,,R,11.0
475714,2014,A,,A,,A,,R,56.0,R,0.0,R,56.0,R,40.0,R,71.0,R,0.0,R,0.0,R,0.0,R,0.0,A,,R,6.0
475723,2014,A,,A,,A,,R,21.0,R,1.0,R,20.0,R,12.0,R,60.0,R,149.0,R,0.0,R,149.0,R,54.0,R,36.0,R,16.0
475732,2014,R,3.0,R,316.0,R,1.0,R,2.0,R,0.0,R,2.0,R,1.0,R,50.0,R,0.0,R,0.0,R,0.0,R,0.0,A,,R,11.0
475741,2014,R,2.0,R,96.0,R,2.0,R,4.0,R,0.0,R,4.0,R,3.0,R,75.0,R,0.0,R,0.0,R,0.0,R,0.0,A,,R,17.0
475750,2014,A,,A,,A,,R,51.0,R,0.0,R,51.0,R,36.0,R,71.0,A,,A,,A,,A,,A,,R,31.0
475839,2014,R,10.0,R,48.0,R,21.0,R,15.0,R,0.0,R,15.0,R,8.0,R,53.0,R,1.0,R,0.0,R,1.0,R,1.0,R,100.0,R,17.0
475866,2014,R,64.0,R,77.0,R,83.0,R,10.0,R,0.0,R,10.0,R,2.0,R,20.0,R,8.0,R,0.0,R,8.0,R,4.0,R,50.0,R,9.0
476063,2014,A,,A,,A,,R,43.0,R,0.0,R,43.0,R,31.0,R,72.0,A,,A,,A,,A,,A,,R,30.0
476090,2014,A,,A,,A,,R,19.0,R,0.0,R,19.0,R,10.0,R,53.0,A,,A,,A,,A,,A,,R,9.0
476106,2014,A,,A,,A,,R,11.0,R,0.0,R,11.0,R,4.0,R,36.0,A,,A,,A,,A,,A,,R,8.0
476115,2014,A,,A,,A,,R,6.0,R,0.0,R,6.0,R,3.0,R,50.0,A,,A,,A,,A,,A,,R,4.0
476124,2014,A,,A,,A,,R,1.0,R,0.0,R,1.0,R,0.0,R,0.0,A,,A,,A,,A,,A,,R,3.0
476133,2014,A,,A,,A,,R,43.0,R,0.0,R,43.0,R,21.0,R,49.0,A,,A,,A,,A,,A,,R,10.0
476142,2014,A,,A,,A,,R,13.0,R,0.0,R,13.0,R,6.0,R,46.0,A,,A,,A,,A,,A,,R,7.0
476151,2014,A,,A,,A,,R,10.0,R,0.0,R,10.0,R,1.0,R,10.0,A,,A,,A,,A,,A,,R,5.0
476160,2014,A,,A,,A,,R,16.0,R,0.0,R,16.0,R,9.0,R,56.0,A,,A,,A,,A,,A,,R,8.0
476179,2014,A,,A,,A,,R,66.0,R,0.0,R,66.0,R,38.0,R,58.0,R,14.0,R,0.0,R,14.0,R,6.0,R,43.0,R,19.0
476230,2014,A,,A,,A,,R,33.0,R,0.0,R,33.0,R,30.0,R,91.0,A,,A,,A,,A,,A,,R,13.0
476294,2014,A,,A,,A,,R,10.0,Z,0.0,R,10.0,R,9.0,R,90.0,R,6.0,Z,0.0,R,6.0,R,4.0,R,67.0,R,15.0
476328,2014,A,,A,,A,,R,105.0,R,1.0,R,104.0,R,49.0,R,47.0,A,,A,,A,,A,,A,,R,20.0
476337,2014,R,20.0,R,20.0,R,100.0,R,10.0,R,0.0,R,10.0,R,10.0,R,100.0,R,1.0,R,0.0,R,1.0,R,0.0,R,0.0,R,13.0
476346,2014,A,,A,,A,,A,,A,,A,,A,,A,,A,,A,,A,,A,,A,,R,25.0
476355,2014,A,,A,,A,,R,0.0,R,0.0,R,0.0,R,0.0,A,,A,,A,,A,,A,,A,,R,9.0
476382,2014,A,,A,,A,,R,79.0,R,0.0,R,79.0,R,54.0,R,68.0,A,,A,,A,,A,,A,,R,20.0
476391,2014,A,,A,,A,,R,34.0,R,0.0,R,34.0,R,15.0,R,44.0,A,,A,,A,,A,,A,,R,20.0
476470,2014,A,,A,,A,,R,102.0,R,0.0,R,102.0,R,85.0,R,83.0,A,,A,,A,,A,,A,,R,6.0
476489,2014,A,,A,,A,,R,13.0,R,0.0,R,13.0,R,6.0,R,46.0,A,,A,,A,,A,,A,,R,25.0
476498,2014,A,,A,,A,,R,32.0,R,0.0,R,32.0,R,28.0,R,88.0,A,,A,,A,,A,,A,,R,25.0
476504,2014,A,,A,,A,,R,20.0,R,0.0,R,20.0,R,17.0,R,85.0,R,165.0,R,0.0,R,165.0,R,153.0,R,93.0,R,20.0
476513,2014,A,,A,,A,,R,4.0,R,0.0,R,4.0,R,4.0,R,100.0,A,,A,,A,,A,,A,,R,14.0
476522,2014,A,,A,,A,,R,19.0,R,0.0,R,19.0,R,17.0,R,89.0,R,22.0,R,0.0,R,22.0,R,14.0,R,64.0,R,16.0
476531,2014,A,,A,,A,,R,7.0,R,0.0,R,7.0,R,2.0,R,29.0,R,2.0,R,0.0,R,2.0,R,1.0,R,50.0,R,11.0
476540,2014,A,,A,,A,,R,28.0,R,0.0,R,28.0,R,22.0,R,79.0,R,11.0,R,0.0,R,11.0,R,8.0,R,73.0,R,8.0
476559,2014,A,,A,,A,,R,78.0,R,0.0,R,78.0,R,56.0,R,72.0,R,27.0,R,0.0,R,27.0,R,18.0,R,67.0,R,16.0
476568,2014,A,,A,,A,,R,12.0,R,0.0,R,12.0,R,12.0,R,100.0,A,,A,,A,,A,,A,,R,6.0
476577,2014,A,,A,,A,,R,35.0,R,0.0,R,35.0,R,34.0,R,97.0,A,,A,,A,,A,,A,,R,12.0
476586,2014,A,,A,,A,,A,,A,,A,,A,,A,,A,,A,,A,,A,,A,,R,13.0
476595,2014,A,,A,,A,,R,23.0,R,0.0,R,23.0,R,20.0,R,87.0,R,36.0,R,0.0,R,36.0,R,32.0,R,89.0,R,18.0
476601,2014,R,24.0,R,25.0,R,96.0,R,24.0,R,0.0,R,24.0,R,16.0,R,67.0,A,,A,,A,,A,,A,,R,9.0
476610,2014,A,,A,,A,,A,,A,,A,,A,,A,,A,,A,,A,,A,,A,,R,7.0
476629,2014,A,,A,,A,,R,58.0,R,0.0,R,58.0,R,51.0,R,88.0,A,,A,,A,,A,,A,,R,14.0
476638,2014,A,,A,,A,,R,12.0,R,0.0,R,12.0,R,7.0,R,58.0,A,,A,,A,,A,,A,,R,16.0
476674,2014,A,,A,,A,,R,16.0,R,0.0,R,16.0,R,10.0,R,63.0,A,,A,,A,,A,,A,,R,16.0
476683,2014,A,,A,,A,,R,44.0,R,0.0,R,44.0,R,35.0,R,80.0,A,,A,,A,,A,,A,,R,23.0
476692,2014,R,6.0,R,7.0,R,86.0,R,3.0,R,0.0,R,3.0,R,3.0,R,100.0,A,,A,,A,,A,,A,,R,11.0
476708,2014,A,,A,,A,,R,15.0,R,0.0,R,15.0,R,13.0,R,87.0,R,8.0,R,0.0,R,8.0,R,7.0,R,88.0,R,15.0
476717,2014,R,121.0,R,122.0,R,99.0,R,101.0,R,0.0,R,101.0,R,98.0,R,97.0,A,,A,,A,,A,,A,,R,14.0
476726,2014,A,,A,,A,,R,103.0,R,0.0,R,103.0,R,99.0,R,96.0,A,,A,,A,,A,,A,,R,30.0
476735,2014,A,,A,,A,,R,0.0,R,0.0,R,0.0,R,0.0,A,,R,0.0,R,0.0,R,0.0,R,0.0,A,,R,8.0
476744,2014,A,,A,,A,,R,5.0,R,0.0,R,5.0,R,4.0,R,80.0,R,5.0,R,0.0,R,5.0,R,4.0,R,80.0,R,8.0
476753,2014,A,,A,,A,,R,11.0,R,0.0,R,11.0,R,10.0,R,91.0,A,,A,,A,,A,,A,,R,15.0
476762,2014,A,,A,,A,,R,13.0,R,0.0,R,13.0,R,11.0,R,85.0,A,,A,,A,,A,,A,,R,20.0
476771,2014,A,,A,,A,,R,5.0,R,0.0,R,5.0,R,1.0,R,20.0,R,4.0,R,0.0,R,4.0,R,4.0,R,100.0,R,4.0
476780,2014,A,,A,,A,,R,47.0,Z,0.0,R,47.0,R,43.0,R,91.0,R,26.0,Z,0.0,R,26.0,R,22.0,R,85.0,R,21.0
476799,2014,A,,A,,A,,A,,A,,A,,A,,A,,A,,A,,A,,A,,A,,R,8.0
476805,2014,A,,A,,A,,R,6.0,R,0.0,R,6.0,R,5.0,R,83.0,A,,A,,A,,A,,A,,R,13.0
476814,2014,A,,A,,A,,A,,A,,A,,A,,A,,A,,A,,A,,A,,A,,R,8.0
476823,2014,A,,A,,A,,R,5.0,Z,0.0,R,5.0,R,5.0,R,100.0,A,,A,,A,,A,,A,,R,15.0
476832,2014,A,,A,,A,,R,2.0,R,0.0,R,2.0,R,2.0,R,100.0,R,2.0,R,0.0,R,2.0,R,0.0,R,0.0,R,5.0
476841,2014,A,,A,,A,,R,21.0,Z,0.0,R,21.0,R,17.0,R,81.0,R,4.0,Z,0.0,R,4.0,R,3.0,R,75.0,R,20.0
476850,2014,A,,A,,A,,R,90.0,R,0.0,R,90.0,R,78.0,R,87.0,A,,A,,A,,A,,A,,R,14.0
476869,2014,A,,A,,A,,R,155.0,R,0.0,R,155.0,R,125.0,R,81.0,A,,A,,A,,A,,A,,R,10.0
476878,2014,A,,A,,A,,A,,A,,A,,A,,A,,A,,A,,A,,A,,A,,R,15.0
476887,2014,A,,A,,A,,R,19.0,Z,0.0,R,19.0,R,16.0,R,84.0,R,10.0,R,0.0,R,10.0,R,8.0,R,80.0,R,13.0
476896,2014,A,,A,,A,,R,23.0,R,0.0,R,23.0,R,17.0,R,74.0,A,,A,,A,,A,,A,,R,7.0
476902,2014,A,,A,,A,,R,9.0,R,0.0,R,9.0,R,4.0,R,44.0,R,1.0,R,0.0,R,1.0,R,1.0,R,100.0,R,8.0
476911,2014,A,,A,,A,,R,121.0,R,0.0,R,121.0,R,101.0,R,83.0,R,43.0,Z,0.0,R,43.0,R,26.0,R,60.0,R,20.0
476939,2014,A,,A,,A,,A,,A,,A,,A,,A,,R,32.0,R,0.0,R,32.0,R,26.0,R,81.0,R,6.0
476948,2014,A,,A,,A,,R,44.0,R,0.0,R,44.0,R,35.0,R,80.0,A,,A,,A,,A,,A,,R,25.0
476957,2014,A,,A,,A,,R,8.0,R,0.0,R,8.0,R,7.0,R,88.0,A,,A,,A,,A,,A,,R,4.0
476966,2014,A,,A,,A,,R,193.0,R,0.0,R,193.0,R,142.0,R,74.0,A,,A,,A,,A,,A,,R,6.0
476975,2014,A,,A,,A,,A,,A,,A,,A,,A,,A,,A,,A,,A,,A,,R,38.0
476984,2014,A,,A,,A,,R,7.0,Z,0.0,R,7.0,R,6.0,R,86.0,R,1.0,Z,0.0,R,1.0,R,1.0,R,100.0,R,15.0
476993,2014,A,,A,,A,,R,20.0,R,0.0,R,20.0,R,18.0,R,90.0,R,1.0,R,0.0,R,1.0,R,0.0,R,0.0,R,16.0
477002,2014,A,,A,,A,,R,15.0,R,0.0,R,15.0,R,11.0,R,73.0,R,10.0,R,0.0,R,10.0,R,10.0,R,100.0,R,6.0
477039,2014,R,1.0,R,55.0,R,2.0,R,0.0,R,0.0,R,0.0,R,0.0,A,,R,0.0,R,0.0,R,0.0,R,0.0,A,,R,13.0
477950,2014,A,,A,,A,,R,7.0,R,0.0,R,7.0,R,5.0,R,71.0,A,,A,,A,,A,,A,,R,20.0
477996,2014,A,,A,,A,,R,0.0,R,0.0,R,0.0,R,0.0,A,,R,30.0,R,0.0,R,30.0,R,10.0,R,33.0,R,13.0
478005,2014,A,,A,,A,,R,0.0,R,0.0,R,0.0,R,0.0,A,,R,17.0,R,0.0,R,17.0,R,11.0,R,65.0,R,13.0
478014,2014,A,,A,,A,,R,0.0,R,0.0,R,0.0,R,0.0,A,,R,30.0,R,0.0,R,30.0,R,5.0,R,17.0,R,13.0
478582,2014,A,,A,,A,,R,31.0,R,1.0,R,30.0,R,17.0,R,57.0,R,11.0,R,0.0,R,11.0,R,3.0,R,27.0,R,30.0
478591,2014,A,,A,,A,,R,87.0,R,0.0,R,87.0,R,78.0,R,90.0,R,54.0,R,0.0,R,54.0,R,45.0,R,83.0,R,15.0
478616,2014,A,,A,,A,,R,32.0,R,0.0,R,32.0,R,19.0,R,59.0,R,4.0,R,0.0,R,4.0,R,3.0,R,75.0,R,19.0
478634,2014,A,,A,,A,,R,3.0,R,0.0,R,3.0,R,3.0,R,100.0,A,,A,,A,,A,,A,,R,13.0
478643,2014,A,,A,,A,,R,25.0,R,0.0,R,25.0,R,15.0,R,60.0,A,,A,,A,,A,,A,,R,15.0
478661,2014,A,,A,,A,,R,43.0,R,0.0,R,43.0,R,34.0,R,79.0,R,13.0,R,0.0,R,13.0,R,10.0,R,77.0,R,10.0
478917,2014,A,,A,,A,,R,41.0,Z,0.0,R,41.0,R,37.0,R,90.0,A,,A,,A,,A,,A,,R,12.0
478953,2014,A,,A,,A,,R,28.0,R,0.0,R,28.0,R,24.0,R,86.0,R,2.0,R,0.0,R,2.0,R,2.0,R,100.0,R,11.0
479053,2014,A,,A,,A,,R,18.0,R,0.0,R,18.0,R,15.0,R,83.0,R,16.0,R,0.0,R,16.0,R,12.0,R,75.0,R,25.0
479062,2014,A,,A,,A,,R,13.0,R,0.0,R,13.0,R,12.0,R,92.0,A,,A,,A,,A,,A,,R,14.0
479123,2014,A,,A,,A,,R,11.0,R,0.0,R,11.0,R,9.0,R,82.0,A,,A,,A,,A,,A,,R,9.0
479248,2014,A,,A,,A,,R,107.0,R,0.0,R,107.0,R,83.0,R,78.0,R,16.0,R,0.0,R,16.0,R,13.0,R,81.0,R,10.0
479424,2014,A,,A,,A,,A,,A,,A,,A,,A,,A,,A,,A,,A,,A,,R,7.0
479549,2014,R,153.0,R,183.0,R,84.0,R,161.0,R,2.0,R,159.0,R,76.0,R,48.0,R,21.0,R,0.0,R,21.0,R,3.0,R,14.0,R,43.0
479558,2014,R,62.0,R,74.0,R,84.0,R,71.0,R,0.0,R,71.0,R,43.0,R,61.0,R,13.0,R,0.0,R,13.0,R,2.0,R,15.0,R,26.0
479567,2014,A,,A,,A,,A,,A,,A,,A,,A,,A,,A,,A,,A,,A,,R,6.0
479585,2014,A,,A,,A,,A,,A,,A,,A,,A,,A,,A,,A,,A,,A,,R,14.0
479594,2014,R,54.0,R,80.0,R,68.0,R,0.0,R,0.0,R,0.0,R,0.0,A,,R,0.0,R,0.0,R,0.0,R,0.0,A,,R,15.0
479600,2014,R,29.0,R,34.0,R,85.0,R,0.0,R,0.0,R,0.0,R,0.0,A,,R,0.0,R,0.0,R,0.0,R,0.0,A,,R,20.0
479619,2014,A,,A,,A,,A,,A,,A,,A,,A,,A,,A,,A,,A,,A,,R,9.0
479628,2014,R,42.0,R,56.0,R,75.0,R,0.0,R,0.0,R,0.0,R,0.0,A,,R,0.0,R,0.0,R,0.0,R,0.0,A,,R,22.0
479637,2014,R,28.0,R,38.0,R,74.0,R,0.0,R,0.0,R,0.0,R,0.0,A,,R,0.0,R,0.0,R,0.0,R,0.0,A,,R,21.0
479646,2014,R,17.0,R,19.0,R,89.0,R,0.0,R,0.0,R,0.0,R,0.0,A,,R,0.0,R,0.0,R,0.0,R,0.0,A,,R,14.0
479655,2014,R,43.0,R,50.0,R,86.0,R,0.0,R,0.0,R,0.0,R,0.0,A,,R,0.0,R,0.0,R,0.0,R,0.0,A,,R,18.0
479664,2014,A,,A,,A,,A,,A,,A,,A,,A,,A,,A,,A,,A,,A,,R,15.0
479956,2014,R,86.0,R,1631.0,R,5.0,R,88.0,R,0.0,R,88.0,R,50.0,R,57.0,R,163.0,Z,0.0,R,163.0,R,77.0,R,47.0,R,12.0
479965,2014,A,,A,,A,,R,25.0,R,0.0,R,25.0,R,22.0,R,88.0,A,,A,,A,,A,,A,,R,12.0
479974,2014,A,,A,,A,,R,11.0,Z,0.0,R,11.0,R,5.0,R,45.0,R,9.0,Z,0.0,R,9.0,R,1.0,R,11.0,R,20.0
479983,2014,A,,A,,A,,R,4.0,R,0.0,R,4.0,R,4.0,R,100.0,R,0.0,R,0.0,R,0.0,R,0.0,A,,R,8.0
479992,2014,A,,A,,A,,R,1.0,R,0.0,R,1.0,R,1.0,R,100.0,R,1.0,Z,0.0,R,1.0,R,1.0,R,100.0,R,10.0
480000,2014,A,,A,,A,,R,9.0,Z,0.0,R,9.0,R,9.0,R,100.0,R,9.0,Z,0.0,R,9.0,R,8.0,R,89.0,R,25.0
480019,2014,A,,A,,A,,A,,A,,A,,A,,A,,A,,A,,A,,A,,A,,R,12.0
480028,2014,A,,A,,A,,R,2.0,R,0.0,R,2.0,R,1.0,R,50.0,A,,A,,A,,A,,A,,R,9.0
480037,2014,A,,A,,A,,A,,A,,A,,A,,A,,A,,A,,A,,A,,A,,R,19.0
480064,2014,A,,A,,A,,R,13.0,R,0.0,R,13.0,R,4.0,R,31.0,R,4.0,R,0.0,R,4.0,R,2.0,R,50.0,R,27.0
480073,2014,R,9.0,R,89.0,R,10.0,R,1.0,Z,0.0,R,1.0,R,0.0,R,0.0,R,2.0,Z,0.0,R,2.0,R,2.0,R,100.0,R,7.0
480082,2014,R,11.0,R,133.0,R,8.0,R,11.0,Z,0.0,R,11.0,R,3.0,R,27.0,R,8.0,Z,0.0,R,8.0,R,1.0,R,13.0,R,9.0
480091,2014,R,203.0,R,1017.0,R,20.0,R,2.0,R,0.0,R,2.0,R,2.0,R,100.0,R,0.0,R,0.0,R,0.0,R,0.0,A,,R,23.0
480107,2014,R,83.0,R,102.0,R,81.0,R,27.0,R,0.0,R,27.0,R,15.0,R,56.0,R,11.0,R,0.0,R,11.0,R,10.0,R,91.0,R,11.0
480125,2014,A,,A,,A,,R,116.0,R,0.0,R,116.0,R,106.0,R,91.0,R,37.0,Z,0.0,R,37.0,R,30.0,R,81.0,R,19.0
480134,2014,A,,A,,A,,A,,A,,A,,A,,A,,A,,A,,A,,A,,A,,R,7.0
480143,2014,A,,A,,A,,R,0.0,Z,0.0,R,0.0,R,0.0,A,,A,,A,,A,,A,,A,,R,14.0
480161,2014,A,,A,,A,,R,2.0,Z,0.0,R,2.0,R,2.0,R,100.0,R,0.0,Z,0.0,R,0.0,Z,0.0,A,,R,7.0
480170,2014,A,,A,,A,,R,20.0,R,0.0,R,20.0,R,12.0,R,60.0,A,,A,,A,,A,,A,,R,21.0
480189,2014,R,176.0,R,285.0,R,62.0,R,239.0,R,0.0,R,239.0,R,114.0,R,48.0,R,32.0,R,0.0,R,32.0,R,8.0,R,25.0,R,15.0
480198,2014,A,,A,,A,,R,12.0,Z,0.0,R,12.0,R,12.0,R,100.0,A,,A,,A,,A,,A,,R,20.0
480204,2014,A,,A,,A,,R,0.0,R,0.0,R,0.0,R,0.0,A,,A,,A,,A,,A,,A,,R,18.0
480310,2014,A,,A,,A,,R,66.0,R,0.0,R,66.0,R,45.0,R,68.0,R,12.0,R,0.0,R,12.0,R,7.0,R,58.0,R,22.0
480329,2014,A,,A,,A,,R,105.0,R,0.0,R,105.0,R,71.0,R,68.0,A,,A,,A,,A,,A,,R,24.0
480338,2014,A,,A,,A,,R,61.0,R,0.0,R,61.0,R,30.0,R,49.0,A,,A,,A,,A,,A,,R,25.0
480347,2014,A,,A,,A,,R,18.0,Z,0.0,R,18.0,R,15.0,R,83.0,A,,A,,A,,A,,A,,R,12.0
480356,2014,A,,A,,A,,R,16.0,R,0.0,R,16.0,R,12.0,R,75.0,A,,A,,A,,A,,A,,R,4.0
480480,2014,R,1.0,R,14.0,R,7.0,R,7.0,R,0.0,R,7.0,R,3.0,R,43.0,R,0.0,R,0.0,R,0.0,R,0.0,A,,R,7.0
480499,2014,A,,A,,A,,R,0.0,R,0.0,R,0.0,R,0.0,A,,R,3.0,R,0.0,R,3.0,R,3.0,R,100.0,R,3.0
480514,2014,A,,A,,A,,R,125.0,R,0.0,R,125.0,R,61.0,R,49.0,A,,A,,A,,A,,A,,R,44.0
480523,2014,A,,A,,A,,R,21.0,R,0.0,R,21.0,R,16.0,R,76.0,A,,A,,A,,A,,A,,R,13.0
480532,2014,A,,A,,A,,R,46.0,R,0.0,R,46.0,R,34.0,R,74.0,A,,A,,A,,A,,A,,R,28.0
480550,2014,A,,A,,A,,R,53.0,R,0.0,R,53.0,R,40.0,R,75.0,A,,A,,A,,A,,A,,R,22.0
480569,2014,A,,A,,A,,A,,A,,A,,A,,A,,A,,A,,A,,A,,A,,R,26.0
480657,2014,R,4.0,R,72.0,R,6.0,R,4.0,Z,0.0,R,4.0,R,2.0,R,50.0,R,0.0,Z,0.0,R,0.0,R,0.0,A,,R,18.0
480693,2014,A,,A,,A,,R,24.0,R,0.0,R,24.0,R,17.0,R,71.0,R,2.0,R,0.0,R,2.0,R,1.0,R,50.0,R,9.0
480727,2014,A,,A,,A,,R,36.0,R,0.0,R,36.0,R,35.0,R,97.0,A,,A,,A,,A,,A,,R,5.0
480736,2014,A,,A,,A,,R,9.0,Z,0.0,R,9.0,R,3.0,R,33.0,R,3.0,R,0.0,R,3.0,R,3.0,R,100.0,R,6.0
480754,2014,A,,A,,A,,R,5.0,R,0.0,R,5.0,R,5.0,R,100.0,R,0.0,R,0.0,R,0.0,R,0.0,A,,R,10.0
480781,2014,A,,A,,A,,R,52.0,R,0.0,R,52.0,R,50.0,R,96.0,R,1.0,R,0.0,R,1.0,R,1.0,R,100.0,R,16.0
480815,2014,R,84.0,R,122.0,R,69.0,R,0.0,R,0.0,R,0.0,R,0.0,A,,R,0.0,R,0.0,R,0.0,R,0.0,A,,R,10.0
480824,2014,A,,A,,A,,R,132.0,R,0.0,R,132.0,R,106.0,R,80.0,A,,A,,A,,A,,A,,R,12.0
480833,2014,A,,A,,A,,R,207.0,R,0.0,R,207.0,R,161.0,R,78.0,A,,A,,A,,A,,A,,R,13.0
480842,2014,A,,A,,A,,R,3.0,R,0.0,R,3.0,R,3.0,R,100.0,R,1.0,R,0.0,R,1.0,R,1.0,R,100.0,R,17.0
480879,2014,A,,A,,A,,R,6.0,Z,0.0,R,6.0,R,3.0,R,50.0,A,,A,,A,,A,,A,,R,7.0
480888,2014,A,,A,,A,,A,,A,,A,,A,,A,,A,,A,,A,,A,,A,,R,11.0
480897,2014,A,,A,,A,,R,125.0,R,0.0,R,125.0,R,91.0,R,73.0,A,,A,,A,,A,,A,,R,30.0
480903,2014,A,,A,,A,,A,,A,,A,,A,,A,,A,,A,,A,,A,,A,,R,6.0
480912,2014,A,,A,,A,,R,0.0,R,0.0,R,0.0,R,0.0,A,,A,,A,,A,,A,,A,,R,2.0
480921,2014,A,,A,,A,,R,8.0,R,0.0,R,8.0,R,7.0,R,88.0,A,,A,,A,,A,,A,,R,17.0
480930,2014,A,,A,,A,,R,2.0,Z,0.0,R,2.0,R,2.0,R,100.0,R,1.0,Z,0.0,R,1.0,R,1.0,R,100.0,R,15.0
480967,2014,R,41.0,R,80.0,R,51.0,R,33.0,R,0.0,R,33.0,R,22.0,R,67.0,R,15.0,R,0.0,R,15.0,R,3.0,R,20.0,R,20.0
480976,2014,A,,A,,A,,R,10.0,Z,0.0,R,10.0,R,6.0,R,60.0,A,,A,,A,,A,,A,,R,13.0
480985,2014,R,4.0,R,39.0,R,10.0,R,11.0,R,0.0,R,11.0,R,10.0,R,91.0,A,,A,,A,,A,,A,,R,5.0
480994,2014,A,,A,,A,,R,13.0,R,0.0,R,13.0,R,9.0,R,69.0,R,1.0,R,0.0,R,1.0,R,1.0,R,100.0,R,15.0
481003,2014,A,,A,,A,,A,,A,,A,,A,,A,,A,,A,,A,,A,,A,,R,20.0
481021,2014,A,,A,,A,,R,29.0,R,0.0,R,29.0,R,29.0,R,100.0,R,20.0,R,0.0,R,20.0,R,14.0,R,70.0,R,1.0
481049,2014,A,,A,,A,,R,0.0,R,0.0,R,0.0,R,0.0,A,,A,,A,,A,,A,,A,,R,4.0
481058,2014,R,17.0,R,27.0,R,63.0,R,37.0,R,0.0,R,37.0,R,35.0,R,95.0,R,5.0,Z,0.0,R,5.0,R,4.0,R,80.0,R,27.0
481076,2014,A,,A,,A,,A,,A,,A,,A,,A,,R,0.0,R,0.0,R,0.0,R,0.0,A,,R,12.0
481085,2014,A,,A,,A,,A,,A,,A,,A,,A,,R,24.0,R,0.0,R,24.0,R,24.0,R,100.0,R,30.0
481100,2014,A,,A,,A,,R,14.0,R,0.0,R,14.0,R,14.0,R,100.0,R,24.0,R,0.0,R,24.0,R,21.0,R,88.0,R,5.0
481119,2014,A,,A,,A,,R,87.0,Z,0.0,R,87.0,R,45.0,R,52.0,A,,A,,A,,A,,A,,R,12.0
481128,2014,A,,A,,A,,R,5.0,R,0.0,R,5.0,R,0.0,R,0.0,R,83.0,R,0.0,R,83.0,R,20.0,R,24.0,R,26.0
481137,2014,A,,A,,A,,R,23.0,R,4.0,R,19.0,R,18.0,R,95.0,A,,A,,A,,A,,A,,R,6.0
481146,2014,A,,A,,A,,A,,A,,A,,A,,A,,A,,A,,A,,A,,A,,R,17.0
481155,2014,A,,A,,A,,R,111.0,R,0.0,R,111.0,R,82.0,R,74.0,A,,A,,A,,A,,A,,R,15.0
481164,2014,A,,A,,A,,A,,A,,A,,A,,A,,A,,A,,A,,A,,A,,R,20.0
481173,2014,A,,A,,A,,N,14.0,N,0.0,N,14.0,N,12.0,N,86.0,A,,A,,A,,A,,A,,N,10.0
481182,2014,A,,A,,A,,R,0.0,R,0.0,R,0.0,R,0.0,A,,A,,A,,A,,A,,A,,R,39.0
481191,2014,A,,A,,A,,R,353.0,R,0.0,R,353.0,R,336.0,R,95.0,A,,A,,A,,A,,A,,R,25.0
481207,2014,A,,A,,A,,R,28.0,R,0.0,R,28.0,R,28.0,R,100.0,A,,A,,A,,A,,A,,R,10.0
481225,2014,R,3.0,R,5.0,R,60.0,R,2.0,R,0.0,R,2.0,R,2.0,R,100.0,R,0.0,R,0.0,R,0.0,R,0.0,A,,R,2.0
481234,2014,A,,A,,A,,R,93.0,R,13.0,R,80.0,R,61.0,R,76.0,A,,A,,A,,A,,A,,R,18.0
481243,2014,A,,A,,A,,A,,A,,A,,A,,A,,A,,A,,A,,A,,A,,R,8.0
481252,2014,A,,A,,A,,R,1.0,Z,0.0,R,1.0,R,1.0,R,100.0,A,,A,,A,,A,,A,,R,11.0
481261,2014,A,,A,,A,,R,9.0,R,0.0,R,9.0,R,6.0,R,67.0,R,2.0,R,0.0,R,2.0,R,2.0,R,100.0,R,4.0
481270,2014,A,,A,,A,,R,7.0,Z,0.0,R,7.0,R,4.0,R,57.0,A,,A,,A,,A,,A,,R,16.0
481289,2014,A,,A,,A,,R,6.0,R,0.0,R,6.0,R,6.0,R,100.0,A,,A,,A,,A,,A,,R,15.0
481298,2014,A,,A,,A,,R,37.0,R,0.0,R,37.0,R,34.0,R,92.0,A,,A,,A,,A,,A,,R,14.0
481304,2014,A,,A,,A,,R,54.0,Z,0.0,R,54.0,R,46.0,R,85.0,R,15.0,Z,0.0,R,15.0,R,12.0,R,80.0,R,11.0
481313,2014,A,,A,,A,,R,28.0,R,0.0,R,28.0,R,6.0,R,21.0,R,1.0,R,0.0,R,1.0,R,0.0,R,0.0,R,17.0
481322,2014,A,,A,,A,,R,2.0,R,0.0,R,2.0,R,0.0,R,0.0,R,4.0,R,0.0,R,4.0,R,2.0,R,50.0,R,4.0
481331,2014,A,,A,,A,,A,,A,,A,,A,,A,,A,,A,,A,,A,,A,,R,2.0
481340,2014,A,,A,,A,,R,10.0,R,0.0,R,10.0,R,10.0,R,100.0,A,,A,,A,,A,,A,,R,8.0
481359,2014,A,,A,,A,,R,32.0,R,0.0,R,32.0,R,27.0,R,84.0,R,4.0,R,0.0,R,4.0,R,4.0,R,100.0,R,7.0
481368,2014,A,,A,,A,,R,11.0,R,0.0,R,11.0,R,11.0,R,100.0,A,,A,,A,,A,,A,,R,6.0
481377,2014,A,,A,,A,,R,12.0,Z,0.0,R,12.0,R,5.0,R,42.0,A,,A,,A,,A,,A,,R,11.0
481386,2014,A,,A,,A,,R,9.0,R,1.0,R,8.0,R,7.0,R,88.0,R,18.0,R,2.0,R,16.0,R,14.0,R,88.0,R,11.0
481395,2014,A,,A,,A,,R,10.0,Z,0.0,R,10.0,R,8.0,R,80.0,R,1.0,Z,0.0,R,1.0,R,0.0,R,0.0,R,5.0
481401,2014,A,,A,,A,,R,0.0,R,0.0,R,0.0,R,0.0,A,,R,0.0,R,0.0,R,0.0,R,0.0,A,,R,2.0
481410,2014,R,11.0,R,22.0,R,50.0,R,12.0,R,0.0,R,12.0,R,10.0,R,83.0,A,,A,,A,,A,,A,,R,17.0
481429,2014,A,,A,,A,,R,86.0,R,0.0,R,86.0,R,51.0,R,59.0,A,,A,,A,,A,,A,,R,27.0
481438,2014,R,23.0,R,24.0,R,96.0,R,23.0,R,0.0,R,23.0,R,17.0,R,74.0,A,,A,,A,,A,,A,,R,12.0
481447,2014,A,,A,,A,,A,,A,,A,,A,,A,,A,,A,,A,,A,,A,,R,12.0
481456,2014,A,,A,,A,,R,10.0,R,0.0,R,10.0,R,10.0,R,100.0,R,12.0,R,0.0,R,12.0,R,10.0,R,83.0,R,7.0
481465,2014,A,,A,,A,,R,3.0,R,0.0,R,3.0,R,3.0,R,100.0,R,1.0,R,0.0,R,1.0,R,1.0,R,100.0,R,10.0
481474,2014,A,,A,,A,,R,1.0,R,0.0,R,1.0,R,1.0,R,100.0,R,1.0,R,0.0,R,1.0,R,1.0,R,100.0,R,25.0
481483,2014,A,,A,,A,,R,129.0,R,0.0,R,129.0,R,110.0,R,85.0,R,41.0,R,0.0,R,41.0,R,36.0,R,88.0,R,21.0
481492,2014,A,,A,,A,,A,,A,,A,,A,,A,,A,,A,,A,,A,,A,,R,4.0
481508,2014,A,,A,,A,,R,40.0,R,0.0,R,40.0,R,37.0,R,93.0,A,,A,,A,,A,,A,,R,25.0
481517,2014,A,,A,,A,,R,16.0,R,0.0,R,16.0,R,11.0,R,69.0,R,0.0,R,0.0,R,0.0,R,0.0,A,,R,13.0
481526,2014,A,,A,,A,,A,,A,,A,,A,,A,,A,,A,,A,,A,,A,,R,21.0
481544,2014,A,,A,,A,,A,,A,,A,,A,,A,,A,,A,,A,,A,,A,,R,12.0
481553,2014,A,,A,,A,,R,41.0,Z,0.0,R,41.0,R,23.0,R,56.0,R,12.0,Z,0.0,R,12.0,R,6.0,R,50.0,R,14.0
481562,2014,A,,A,,A,,R,18.0,R,1.0,R,17.0,R,17.0,R,100.0,R,1.0,R,0.0,R,1.0,R,1.0,R,100.0,R,7.0
481571,2014,A,,A,,A,,R,4.0,R,0.0,R,4.0,R,2.0,R,50.0,R,0.0,Z,0.0,R,0.0,R,0.0,A,,R,14.0
481599,2014,A,,A,,A,,R,25.0,R,0.0,R,25.0,R,8.0,R,32.0,A,,A,,A,,A,,A,,R,25.0
481614,2014,R,55.0,R,62.0,R,89.0,R,0.0,R,0.0,R,0.0,R,0.0,A,,R,0.0,R,0.0,R,0.0,R,0.0,A,,R,23.0
481623,2014,R,54.0,R,57.0,R,95.0,R,0.0,R,0.0,R,0.0,R,0.0,A,,R,0.0,R,0.0,R,0.0,R,0.0,A,,R,28.0
481632,2014,A,,A,,A,,R,119.0,Z,0.0,R,119.0,R,73.0,R,61.0,A,,A,,A,,A,,A,,R,12.0
481669,2014,A,,A,,A,,A,,A,,A,,A,,A,,A,,A,,A,,A,,A,,R,30.0
481678,2014,A,,A,,A,,R,23.0,R,0.0,R,23.0,R,13.0,R,57.0,A,,A,,A,,A,,A,,R,20.0
481720,2014,R,18.0,R,153.0,R,12.0,R,16.0,Z,0.0,R,16.0,R,7.0,R,44.0,R,16.0,Z,0.0,R,16.0,R,4.0,R,25.0,R,10.0
481739,2014,A,,A,,A,,R,23.0,R,1.0,R,22.0,R,20.0,R,91.0,A,,A,,A,,A,,A,,R,18.0
481748,2014,A,,A,,A,,R,59.0,R,0.0,R,59.0,R,33.0,R,56.0,R,7.0,R,0.0,R,7.0,R,6.0,R,86.0,R,20.0
481766,2014,R,11.0,R,39.0,R,28.0,R,39.0,R,0.0,R,39.0,R,11.0,R,28.0,R,0.0,R,0.0,R,0.0,R,0.0,A,,R,29.0
481827,2014,A,,A,,A,,A,,A,,A,,A,,A,,A,,A,,A,,A,,A,,R,9.0
481845,2014,A,,A,,A,,R,39.0,R,0.0,R,39.0,R,31.0,R,79.0,R,11.0,R,0.0,R,11.0,R,5.0,R,45.0,R,14.0
481854,2014,A,,A,,A,,A,,A,,A,,A,,A,,A,,A,,A,,A,,A,,R,32.0
481863,2014,A,,A,,A,,R,28.0,R,0.0,R,28.0,R,20.0,R,71.0,A,,A,,A,,A,,A,,R,22.0
481890,2014,A,,A,,A,,R,6.0,R,0.0,R,6.0,R,5.0,R,83.0,A,,A,,A,,A,,A,,R,10.0
481906,2014,A,,A,,A,,R,40.0,R,0.0,R,40.0,R,29.0,R,73.0,A,,A,,A,,A,,A,,R,26.0
481915,2014,A,,A,,A,,R,55.0,R,0.0,R,55.0,R,23.0,R,42.0,A,,A,,A,,A,,A,,R,36.0
481942,2014,A,,A,,A,,A,,A,,A,,A,,A,,A,,A,,A,,A,,A,,R,25.0
481960,2014,A,,A,,A,,R,7.0,R,0.0,R,7.0,R,5.0,R,71.0,A,,A,,A,,A,,A,,R,18.0
481988,2014,A,,A,,A,,R,129.0,R,0.0,R,129.0,R,52.0,R,40.0,A,,A,,A,,A,,A,,R,34.0
482015,2014,A,,A,,A,,R,263.0,R,0.0,R,263.0,R,131.0,R,50.0,A,,A,,A,,A,,A,,R,25.0
482024,2014,A,,A,,A,,R,0.0,R,0.0,R,0.0,R,0.0,A,,A,,A,,A,,A,,A,,R,15.0
482033,2014,A,,A,,A,,R,107.0,Z,0.0,R,107.0,R,73.0,R,68.0,A,,A,,A,,A,,A,,R,10.0
482060,2014,A,,A,,A,,R,61.0,Z,0.0,R,61.0,R,38.0,R,62.0,A,,A,,A,,A,,A,,R,14.0
482097,2014,A,,A,,A,,R,103.0,R,0.0,R,103.0,R,75.0,R,73.0,A,,A,,A,,A,,A,,R,26.0
482103,2014,A,,A,,A,,A,,A,,A,,A,,A,,A,,A,,A,,A,,A,,R,8.0
482149,2014,R,740.0,R,1401.0,R,53.0,R,724.0,R,0.0,R,724.0,R,503.0,R,69.0,R,18.0,R,0.0,R,18.0,R,12.0,R,67.0,R,13.0
482158,2014,R,1218.0,R,2392.0,R,51.0,R,359.0,R,0.0,R,359.0,R,240.0,R,67.0,R,43.0,R,0.0,R,43.0,R,20.0,R,47.0,R,21.0
482167,2014,A,,A,,A,,R,11.0,R,0.0,R,11.0,R,6.0,R,55.0,R,6.0,R,0.0,R,6.0,R,1.0,R,17.0,R,25.0
482176,2014,A,,A,,A,,R,26.0,R,0.0,R,26.0,R,18.0,R,69.0,R,4.0,R,0.0,R,4.0,R,4.0,R,100.0,R,15.0
482185,2014,A,,A,,A,,R,20.0,R,0.0,R,20.0,R,14.0,R,70.0,A,,A,,A,,A,,A,,R,26.0
482194,2014,A,,A,,A,,R,30.0,R,0.0,R,30.0,R,30.0,R,100.0,R,7.0,R,0.0,R,7.0,R,7.0,R,100.0,R,16.0
482200,2014,A,,A,,A,,R,36.0,R,0.0,R,36.0,R,23.0,R,64.0,A,,A,,A,,A,,A,,R,25.0
482228,2014,R,9.0,R,27.0,R,33.0,R,2.0,R,0.0,R,2.0,R,2.0,R,100.0,R,2.0,R,0.0,R,2.0,R,2.0,R,100.0,R,6.0
482246,2014,A,,A,,A,,A,,A,,A,,A,,A,,A,,A,,A,,A,,A,,R,12.0
482255,2014,A,,A,,A,,R,21.0,Z,0.0,R,21.0,R,11.0,R,52.0,A,,A,,A,,A,,A,,R,8.0
482264,2014,A,,A,,A,,R,2.0,R,0.0,R,2.0,R,1.0,R,50.0,R,21.0,R,0.0,R,21.0,R,18.0,R,86.0,R,12.0
482273,2014,A,,A,,A,,R,2.0,R,0.0,R,2.0,R,2.0,R,100.0,R,13.0,R,0.0,R,13.0,R,11.0,R,85.0,R,9.0
482307,2014,A,,A,,A,,R,0.0,R,0.0,R,0.0,R,0.0,A,,R,11.0,R,0.0,R,11.0,R,5.0,R,45.0,R,13.0
482316,2014,A,,A,,A,,R,0.0,R,0.0,R,0.0,R,0.0,A,,R,19.0,R,0.0,R,19.0,R,7.0,R,37.0,R,13.0
482325,2014,R,2.0,R,68.0,R,3.0,R,2.0,R,0.0,R,2.0,R,0.0,R,0.0,R,24.0,R,0.0,R,24.0,R,11.0,R,46.0,R,13.0
482334,2014,A,,A,,A,,R,0.0,R,0.0,R,0.0,R,0.0,A,,R,41.0,R,0.0,R,41.0,R,14.0,R,34.0,R,13.0
482343,2014,A,,A,,A,,R,0.0,R,0.0,R,0.0,R,0.0,A,,R,22.0,R,0.0,R,22.0,R,8.0,R,36.0,R,13.0
482352,2014,A,,A,,A,,R,0.0,R,0.0,R,0.0,R,0.0,A,,R,13.0,Z,0.0,R,13.0,R,3.0,R,23.0,R,13.0
482361,2014,A,,A,,A,,R,0.0,R,0.0,R,0.0,R,0.0,A,,R,24.0,R,0.0,R,24.0,R,10.0,R,42.0,R,13.0
482370,2014,A,,A,,A,,R,0.0,Z,0.0,R,0.0,R,0.0,A,,R,19.0,R,0.0,R,19.0,R,7.0,R,37.0,R,13.0
482389,2014,A,,A,,A,,R,0.0,R,0.0,R,0.0,R,0.0,A,,R,12.0,R,0.0,R,12.0,R,7.0,R,58.0,R,13.0
482398,2014,R,85.0,R,167.0,R,51.0,R,81.0,Z,0.0,R,81.0,R,30.0,R,37.0,R,25.0,Z,0.0,R,25.0,R,10.0,R,40.0,R,18.0
482413,2014,R,43.0,R,404.0,R,11.0,R,80.0,R,0.0,R,80.0,R,45.0,R,56.0,R,23.0,R,0.0,R,23.0,R,3.0,R,13.0,R,27.0
482422,2014,R,44.0,R,319.0,R,14.0,R,68.0,R,0.0,R,68.0,R,49.0,R,72.0,R,28.0,R,0.0,R,28.0,R,6.0,R,21.0,R,11.0
482431,2014,R,184.0,R,1858.0,R,10.0,R,264.0,R,0.0,R,264.0,R,155.0,R,59.0,R,183.0,R,1.0,R,182.0,R,58.0,R,32.0,R,16.0
482440,2014,R,10.0,R,225.0,R,4.0,R,9.0,R,0.0,R,9.0,R,3.0,R,33.0,R,10.0,R,0.0,R,10.0,R,3.0,R,30.0,R,16.0
482459,2014,R,48.0,R,599.0,R,8.0,R,52.0,R,1.0,R,51.0,R,28.0,R,55.0,R,51.0,R,0.0,R,51.0,R,19.0,R,37.0,R,16.0
482468,2014,R,42.0,R,697.0,R,6.0,R,38.0,R,0.0,R,38.0,R,19.0,R,50.0,R,55.0,R,0.0,R,55.0,R,17.0,R,31.0,R,18.0
482477,2014,R,472.0,R,6348.0,R,7.0,R,280.0,R,1.0,R,279.0,R,154.0,R,55.0,R,559.0,R,1.0,R,558.0,R,168.0,R,30.0,R,11.0
482486,2014,R,6.0,R,126.0,R,5.0,R,9.0,R,0.0,R,9.0,R,7.0,R,78.0,R,12.0,R,0.0,R,12.0,R,5.0,R,42.0,R,9.0
482501,2014,A,,A,,A,,R,1.0,R,0.0,R,1.0,R,0.0,R,0.0,A,,A,,A,,A,,A,,R,33.0
482510,2014,R,4.0,R,68.0,R,6.0,R,5.0,R,0.0,R,5.0,R,2.0,R,40.0,R,6.0,R,0.0,R,6.0,R,1.0,R,17.0,R,15.0
482529,2014,R,1.0,R,71.0,R,1.0,R,4.0,R,0.0,R,4.0,R,4.0,R,100.0,R,5.0,R,0.0,R,5.0,R,2.0,R,40.0,R,12.0
482538,2014,R,11.0,R,185.0,R,6.0,R,20.0,R,0.0,R,20.0,R,14.0,R,70.0,R,15.0,R,0.0,R,15.0,R,2.0,R,13.0,R,11.0
482547,2014,R,6.0,R,98.0,R,6.0,R,6.0,R,0.0,R,6.0,R,3.0,R,50.0,R,7.0,R,0.0,R,7.0,R,2.0,R,29.0,R,19.0
482556,2014,R,102.0,R,420.0,R,24.0,R,82.0,R,0.0,R,82.0,R,48.0,R,59.0,R,49.0,R,1.0,R,48.0,R,12.0,R,25.0,R,10.0
482565,2014,R,8.0,R,133.0,R,6.0,R,13.0,R,0.0,R,13.0,R,6.0,R,46.0,R,7.0,R,0.0,R,7.0,R,2.0,R,29.0,R,9.0
482574,2014,R,85.0,R,773.0,R,11.0,R,87.0,R,0.0,R,87.0,R,48.0,R,55.0,R,63.0,R,0.0,R,63.0,R,19.0,R,30.0,R,16.0
482583,2014,R,1.0,R,64.0,R,2.0,R,3.0,R,0.0,R,3.0,R,2.0,R,67.0,R,3.0,R,0.0,R,3.0,R,0.0,R,0.0,R,15.0
482592,2014,R,2.0,R,18.0,R,11.0,R,0.0,R,0.0,R,0.0,R,0.0,A,,R,0.0,R,0.0,R,0.0,R,0.0,A,,R,8.0
482608,2014,R,39.0,R,300.0,R,13.0,R,50.0,R,0.0,R,50.0,R,27.0,R,54.0,R,46.0,R,0.0,R,46.0,R,13.0,R,28.0,R,10.0
482617,2014,R,3.0,R,111.0,R,3.0,R,2.0,R,0.0,R,2.0,R,0.0,R,0.0,R,15.0,R,0.0,R,15.0,R,4.0,R,27.0,R,11.0
482635,2014,R,18.0,R,572.0,R,3.0,R,45.0,R,0.0,R,45.0,R,20.0,R,44.0,R,46.0,R,0.0,R,46.0,R,11.0,R,24.0,R,10.0
482644,2014,A,,A,,A,,R,0.0,R,0.0,R,0.0,R,0.0,A,,R,1.0,R,0.0,R,1.0,R,1.0,R,100.0,R,2.0
482653,2014,R,12.0,R,187.0,R,6.0,R,15.0,R,0.0,R,15.0,R,5.0,R,33.0,R,6.0,R,0.0,R,6.0,R,1.0,R,17.0,R,10.0
482662,2014,R,4.0,R,128.0,R,3.0,R,9.0,R,1.0,R,8.0,R,4.0,R,50.0,R,11.0,R,0.0,R,11.0,R,3.0,R,27.0,R,19.0
482671,2014,R,2.0,R,49.0,R,4.0,R,3.0,R,0.0,R,3.0,R,1.0,R,33.0,R,3.0,R,0.0,R,3.0,R,1.0,R,33.0,R,9.0
482680,2014,R,2904.0,R,4797.0,R,61.0,R,1083.0,R,1.0,R,1082.0,R,894.0,R,83.0,R,28.0,R,0.0,R,28.0,R,14.0,R,50.0,R,21.0
482699,2014,R,819.0,R,1207.0,R,68.0,R,0.0,R,0.0,R,0.0,R,0.0,A,,R,0.0,R,0.0,R,0.0,R,0.0,A,,R,28.0
482705,2014,A,,A,,A,,A,,A,,A,,A,,A,,A,,A,,A,,A,,A,,R,10.0
482936,2014,R,389.0,R,518.0,R,75.0,R,0.0,R,0.0,R,0.0,R,0.0,A,,R,0.0,R,0.0,R,0.0,R,0.0,A,,R,18.0
482954,2014,R,62.0,R,165.0,R,38.0,R,12.0,Z,0.0,R,12.0,R,3.0,R,25.0,A,,A,,A,,A,,A,,R,13.0
482963,2014,A,,A,,A,,R,31.0,R,0.0,R,31.0,R,24.0,R,77.0,A,,A,,A,,A,,A,,R,35.0
482981,2014,A,,A,,A,,R,104.0,R,0.0,R,104.0,R,53.0,R,51.0,R,0.0,R,0.0,R,0.0,R,0.0,A,,R,18.0
482990,2014,A,,A,,A,,R,0.0,R,0.0,R,0.0,R,0.0,A,,A,,A,,A,,A,,A,,R,16.0
483009,2014,A,,A,,A,,R,43.0,R,0.0,R,43.0,R,31.0,R,72.0,A,,A,,A,,A,,A,,R,15.0
483018,2014,R,59.0,R,71.0,R,83.0,R,87.0,R,0.0,R,87.0,R,80.0,R,92.0,A,,A,,A,,A,,A,,R,7.0
483036,2014,A,,A,,A,,A,,A,,A,,A,,A,,A,,A,,A,,A,,A,,R,13.0
483045,2014,R,627.0,R,2608.0,R,24.0,R,848.0,R,0.0,R,848.0,R,404.0,R,48.0,R,1007.0,R,0.0,R,1007.0,R,503.0,R,50.0,R,15.0
483054,2014,A,,A,,A,,R,7.0,R,0.0,R,7.0,R,1.0,R,14.0,A,,A,,A,,A,,A,,R,12.0
483106,2014,A,,A,,A,,R,31.0,R,0.0,R,31.0,R,27.0,R,87.0,R,17.0,R,0.0,R,17.0,R,14.0,R,82.0,R,3.0
483124,2014,R,1150.0,R,4995.0,R,23.0,R,1135.0,R,4.0,R,1131.0,R,816.0,R,72.0,R,166.0,R,4.0,R,162.0,R,68.0,R,42.0,R,27.0
483212,2014,R,653.0,R,1254.0,R,52.0,R,605.0,R,0.0,R,605.0,R,297.0,R,49.0,R,182.0,R,0.0,R,182.0,R,79.0,R,43.0,R,12.0
483221,2014,A,,A,,A,,R,183.0,R,0.0,R,183.0,R,178.0,R,97.0,A,,A,,A,,A,,A,,R,14.0
483230,2014,A,,A,,A,,A,,A,,A,,A,,A,,A,,A,,A,,A,,A,,R,13.0
483258,2014,A,,A,,A,,R,15.0,R,1.0,R,14.0,R,9.0,R,64.0,R,0.0,R,0.0,R,0.0,R,0.0,A,,R,7.0
483276,2014,A,,A,,A,,R,5.0,R,0.0,R,5.0,R,4.0,R,80.0,A,,A,,A,,A,,A,,R,21.0
483285,2014,A,,A,,A,,Z,0.0,Z,0.0,Z,0.0,Z,0.0,A,,Z,0.0,Z,0.0,Z,0.0,Z,0.0,A,,R,3.0
483319,2014,R,73.0,R,74.0,R,99.0,R,0.0,R,0.0,R,0.0,R,0.0,A,,R,0.0,R,0.0,R,0.0,R,0.0,A,,R,22.0
483328,2014,A,,A,,A,,R,7.0,Z,0.0,R,7.0,R,7.0,R,100.0,R,2.0,Z,0.0,R,2.0,R,2.0,R,100.0,R,15.0
483337,2014,A,,A,,A,,R,3.0,Z,0.0,R,3.0,R,3.0,R,100.0,R,0.0,Z,0.0,R,0.0,R,0.0,A,,R,15.0
483346,2014,A,,A,,A,,R,1.0,R,0.0,R,1.0,R,1.0,R,100.0,R,14.0,R,0.0,R,14.0,R,12.0,R,86.0,R,4.0
483355,2014,A,,A,,A,,R,37.0,R,0.0,R,37.0,R,30.0,R,81.0,A,,A,,A,,A,,A,,R,16.0
483364,2014,A,,A,,A,,R,16.0,R,0.0,R,16.0,R,12.0,R,75.0,A,,A,,A,,A,,A,,R,16.0
483373,2014,A,,A,,A,,R,14.0,Z,0.0,R,14.0,R,8.0,R,57.0,A,,A,,A,,A,,A,,R,20.0
483382,2014,A,,A,,A,,R,50.0,R,0.0,R,50.0,R,48.0,R,96.0,A,,A,,A,,A,,A,,R,20.0
483425,2014,A,,A,,A,,R,3.0,R,0.0,R,3.0,R,3.0,R,100.0,A,,A,,A,,A,,A,,R,9.0
483443,2014,A,,A,,A,,A,,A,,A,,A,,A,,A,,A,,A,,A,,A,,R,3.0
483470,2014,A,,A,,A,,R,11.0,R,0.0,R,11.0,R,5.0,R,45.0,A,,A,,A,,A,,A,,R,10.0
483504,2014,A,,A,,A,,R,46.0,R,0.0,R,46.0,R,14.0,R,30.0,A,,A,,A,,A,,A,,R,20.0
483513,2014,A,,A,,A,,R,6.0,Z,0.0,R,6.0,R,2.0,R,33.0,A,,A,,A,,A,,A,,R,14.0
483522,2014,R,11.0,R,39.0,R,28.0,R,10.0,R,0.0,R,10.0,R,2.0,R,20.0,R,36.0,R,1.0,R,35.0,R,6.0,R,17.0,R,4.0
483568,2014,A,,A,,A,,R,0.0,R,0.0,R,0.0,R,0.0,A,,A,,A,,A,,A,,A,,R,7.0
483610,2014,A,,A,,A,,R,36.0,R,0.0,R,36.0,R,24.0,R,67.0,A,,A,,A,,A,,A,,R,21.0
483629,2014,A,,A,,A,,R,0.0,R,0.0,R,0.0,R,0.0,A,,A,,A,,A,,A,,A,,R,9.0
483638,2014,A,,A,,A,,R,1.0,R,0.0,R,1.0,R,1.0,R,100.0,R,0.0,R,0.0,R,0.0,R,0.0,A,,R,14.0
483647,2014,A,,A,,A,,R,23.0,R,7.0,R,16.0,R,12.0,R,75.0,A,,A,,A,,A,,A,,R,3.0
483665,2014,A,,A,,A,,R,5.0,R,0.0,R,5.0,R,3.0,R,60.0,A,,A,,A,,A,,A,,R,13.0
483674,2014,A,,A,,A,,A,,A,,A,,A,,A,,A,,A,,A,,A,,A,,R,12.0
483683,2014,A,,A,,A,,A,,A,,A,,A,,A,,A,,A,,A,,A,,A,,R,7.0
483692,2014,A,,A,,A,,A,,A,,A,,A,,A,,A,,A,,A,,A,,A,,R,16.0
483708,2014,A,,A,,A,,R,0.0,R,0.0,R,0.0,R,0.0,A,,R,0.0,R,0.0,R,0.0,R,0.0,A,,R,7.0
483717,2014,A,,A,,A,,R,6.0,R,0.0,R,6.0,R,5.0,R,83.0,R,1.0,R,0.0,R,1.0,R,1.0,R,100.0,R,24.0
483726,2014,A,,A,,A,,R,8.0,R,0.0,R,8.0,R,4.0,R,50.0,R,17.0,R,0.0,R,17.0,R,13.0,R,76.0,R,8.0
483735,2014,A,,A,,A,,R,7.0,R,0.0,R,7.0,R,6.0,R,86.0,R,1.0,R,0.0,R,1.0,R,1.0,R,100.0,R,10.0
483744,2014,A,,A,,A,,R,0.0,Z,0.0,R,0.0,R,0.0,A,,R,1.0,Z,0.0,R,1.0,R,1.0,R,100.0,R,15.0
483753,2014,A,,A,,A,,R,0.0,R,0.0,R,0.0,R,0.0,A,,R,1.0,R,0.0,R,1.0,R,0.0,R,0.0,R,4.0
483762,2014,A,,A,,A,,R,0.0,R,0.0,R,0.0,R,0.0,A,,A,,A,,A,,A,,A,,R,20.0
483771,2014,A,,A,,A,,R,7.0,R,0.0,R,7.0,R,1.0,R,14.0,A,,A,,A,,A,,A,,R,7.0
483780,2014,R,15.0,R,22.0,R,68.0,R,0.0,R,0.0,R,0.0,R,0.0,A,,R,0.0,R,0.0,R,0.0,R,0.0,A,,R,16.0
483799,2014,A,,A,,A,,A,,A,,A,,A,,A,,A,,A,,A,,A,,A,,R,7.0
483805,2014,A,,A,,A,,A,,A,,A,,A,,A,,A,,A,,A,,A,,A,,R,1.0
483814,2014,A,,A,,A,,R,0.0,R,0.0,R,0.0,R,0.0,A,,R,19.0,R,0.0,R,19.0,R,15.0,R,79.0,R,25.0
483823,2014,A,,A,,A,,R,8.0,R,0.0,R,8.0,R,6.0,R,75.0,A,,A,,A,,A,,A,,R,8.0
483841,2014,A,,A,,A,,R,12.0,R,0.0,R,12.0,R,12.0,R,100.0,R,0.0,Z,0.0,R,0.0,R,0.0,A,,R,10.0
483850,2014,A,,A,,A,,A,,A,,A,,A,,A,,R,76.0,R,32.0,R,44.0,R,36.0,R,82.0,R,15.0
483869,2014,A,,A,,A,,A,,A,,A,,A,,A,,A,,A,,A,,A,,A,,R,15.0
483878,2014,A,,A,,A,,R,76.0,R,0.0,R,76.0,R,72.0,R,95.0,A,,A,,A,,A,,A,,R,12.0
483887,2014,A,,A,,A,,A,,A,,A,,A,,A,,A,,A,,A,,A,,A,,R,10.0
483896,2014,A,,A,,A,,R,26.0,R,0.0,R,26.0,R,25.0,R,96.0,R,33.0,R,0.0,R,33.0,R,28.0,R,85.0,R,24.0
483902,2014,A,,A,,A,,R,29.0,R,0.0,R,29.0,R,29.0,R,100.0,A,,A,,A,,A,,A,,R,15.0
483911,2014,A,,A,,A,,R,0.0,R,0.0,R,0.0,R,0.0,A,,R,0.0,R,0.0,R,0.0,R,0.0,A,,R,10.0
483920,2014,A,,A,,A,,R,11.0,R,0.0,R,11.0,R,2.0,R,18.0,R,0.0,R,0.0,R,0.0,R,0.0,A,,R,8.0
483939,2014,A,,A,,A,,R,6.0,R,0.0,R,6.0,R,6.0,R,100.0,A,,A,,A,,A,,A,,R,10.0
483948,2014,A,,A,,A,,R,29.0,R,5.0,R,24.0,R,5.0,R,21.0,R,6.0,R,1.0,R,5.0,R,5.0,R,100.0,R,12.0
483957,2014,A,,A,,A,,R,5.0,R,0.0,R,5.0,R,5.0,R,100.0,R,0.0,R,0.0,R,0.0,R,0.0,A,,R,15.0
483966,2014,A,,A,,A,,R,0.0,R,0.0,R,0.0,R,0.0,A,,A,,A,,A,,A,,A,,R,5.0
483984,2014,R,8.0,R,34.0,R,24.0,R,16.0,Z,0.0,R,16.0,R,3.0,R,19.0,R,0.0,Z,0.0,R,0.0,R,0.0,A,,R,7.0
484002,2014,A,,A,,A,,R,11.0,R,0.0,R,11.0,R,10.0,R,91.0,R,3.0,R,0.0,R,3.0,R,3.0,R,100.0,R,20.0
484011,2014,A,,A,,A,,R,41.0,Z,0.0,R,41.0,R,41.0,R,100.0,R,0.0,Z,0.0,R,0.0,R,0.0,A,,R,15.0
484020,2014,A,,A,,A,,R,0.0,R,0.0,R,0.0,R,0.0,A,,R,0.0,R,0.0,R,0.0,R,0.0,A,,R,16.0
484039,2014,A,,A,,A,,R,1.0,R,0.0,R,1.0,R,1.0,R,100.0,R,0.0,R,0.0,R,0.0,R,0.0,A,,R,5.0
484048,2014,A,,A,,A,,R,0.0,Z,0.0,R,0.0,R,0.0,A,,A,,A,,A,,A,,A,,R,8.0
484057,2014,A,,A,,A,,R,13.0,R,0.0,R,13.0,R,13.0,R,100.0,R,43.0,R,0.0,R,43.0,R,41.0,R,95.0,R,12.0
484066,2014,A,,A,,A,,A,,A,,A,,A,,A,,A,,A,,A,,A,,A,,R,20.0
484075,2014,A,,A,,A,,R,5.0,R,0.0,R,5.0,R,2.0,R,40.0,R,1.0,R,0.0,R,1.0,R,0.0,R,0.0,R,12.0
484084,2014,A,,A,,A,,R,50.0,R,0.0,R,50.0,R,43.0,R,86.0,R,5.0,R,0.0,R,5.0,R,5.0,R,100.0,R,7.0
484093,2014,A,,A,,A,,R,0.0,R,0.0,R,0.0,R,0.0,A,,R,0.0,R,0.0,R,0.0,R,0.0,A,,R,7.0
484109,2014,A,,A,,A,,R,0.0,R,0.0,R,0.0,R,0.0,A,,A,,A,,A,,A,,A,,R,11.0
484118,2014,A,,A,,A,,R,0.0,Z,0.0,R,0.0,Z,0.0,A,,R,0.0,Z,0.0,R,0.0,Z,0.0,A,,R,5.0
484127,2014,A,,A,,A,,R,29.0,Z,0.0,R,29.0,R,28.0,R,97.0,A,,A,,A,,A,,A,,R,11.0
484136,2014,A,,A,,A,,R,3.0,R,0.0,R,3.0,R,3.0,R,100.0,A,,A,,A,,A,,A,,R,20.0
484145,2014,A,,A,,A,,R,5.0,R,0.0,R,5.0,R,4.0,R,80.0,A,,A,,A,,A,,A,,R,20.0
484154,2014,A,,A,,A,,R,0.0,R,0.0,R,0.0,R,0.0,A,,A,,A,,A,,A,,A,,R,20.0
484163,2014,A,,A,,A,,A,,A,,A,,A,,A,,A,,A,,A,,A,,A,,R,16.0
484172,2014,A,,A,,A,,A,,A,,A,,A,,A,,A,,A,,A,,A,,A,,R,18.0
484181,2014,R,112.0,R,145.0,R,77.0,R,86.0,R,0.0,R,86.0,R,78.0,R,91.0,R,0.0,R,0.0,R,0.0,R,0.0,A,,R,11.0
484190,2014,A,,A,,A,,R,3.0,R,0.0,R,3.0,R,2.0,R,67.0,R,0.0,Z,0.0,R,0.0,Z,0.0,A,,R,2.0
484206,2014,A,,A,,A,,R,0.0,R,0.0,R,0.0,R,0.0,A,,R,0.0,R,0.0,R,0.0,R,0.0,A,,R,15.0
484242,2014,A,,A,,A,,A,,A,,A,,A,,A,,A,,A,,A,,A,,A,,R,21.0
484303,2014,A,,A,,A,,R,0.0,Z,0.0,R,0.0,Z,0.0,A,,A,,A,,A,,A,,A,,R,3.0
484321,2014,A,,A,,A,,R,25.0,R,0.0,R,25.0,R,23.0,R,92.0,R,9.0,R,0.0,R,9.0,R,5.0,R,56.0,R,13.0
484330,2014,A,,A,,A,,R,0.0,R,0.0,R,0.0,R,0.0,A,,A,,A,,A,,A,,A,,R,15.0
484349,2014,A,,A,,A,,R,0.0,R,0.0,R,0.0,R,0.0,A,,A,,A,,A,,A,,A,,R,28.0
484358,2014,A,,A,,A,,R,0.0,R,0.0,R,0.0,R,0.0,A,,A,,A,,A,,A,,A,,R,41.0
484367,2014,A,,A,,A,,R,171.0,R,0.0,R,171.0,R,163.0,R,95.0,A,,A,,A,,A,,A,,R,20.0
484376,2014,A,,A,,A,,R,203.0,R,0.0,R,203.0,R,190.0,R,94.0,A,,A,,A,,A,,A,,R,18.0
484385,2014,A,,A,,A,,R,0.0,R,0.0,R,0.0,R,0.0,A,,R,0.0,R,0.0,R,0.0,R,0.0,A,,R,34.0
484394,2014,A,,A,,A,,R,0.0,R,0.0,R,0.0,R,0.0,A,,R,0.0,R,0.0,R,0.0,R,0.0,A,,R,22.0
484473,2014,R,8.0,R,328.0,R,2.0,Z,0.0,Z,0.0,Z,0.0,Z,0.0,A,,Z,0.0,Z,0.0,Z,0.0,Z,0.0,A,,R,27.0
484598,2014,A,,A,,A,,R,7.0,R,0.0,R,7.0,R,6.0,R,86.0,A,,A,,A,,A,,A,,R,13.0
484604,2014,A,,A,,A,,R,180.0,Z,0.0,R,180.0,R,161.0,R,89.0,R,27.0,Z,0.0,R,27.0,R,24.0,R,89.0,R,17.0
484613,2014,A,,A,,A,,R,694.0,R,0.0,R,694.0,R,289.0,R,42.0,A,,A,,A,,A,,A,,R,37.0
484622,2014,A,,A,,A,,R,39.0,R,0.0,R,39.0,R,10.0,R,26.0,A,,A,,A,,A,,A,,R,11.0
484631,2014,A,,A,,A,,R,307.0,R,0.0,R,307.0,R,207.0,R,67.0,A,,A,,A,,A,,A,,R,23.0
484640,2014,A,,A,,A,,R,19.0,R,0.0,R,19.0,R,7.0,R,37.0,A,,A,,A,,A,,A,,R,15.0
484668,2014,A,,A,,A,,R,105.0,R,0.0,R,105.0,R,62.0,R,59.0,A,,A,,A,,A,,A,,R,13.0
484677,2014,A,,A,,A,,R,136.0,R,0.0,R,136.0,R,58.0,R,43.0,A,,A,,A,,A,,A,,R,14.0
484686,2014,A,,A,,A,,R,46.0,R,0.0,R,46.0,R,21.0,R,46.0,A,,A,,A,,A,,A,,R,10.0
484695,2014,A,,A,,A,,R,61.0,R,0.0,R,61.0,R,26.0,R,43.0,A,,A,,A,,A,,A,,R,10.0
484701,2014,A,,A,,A,,R,57.0,R,0.0,R,57.0,R,22.0,R,39.0,A,,A,,A,,A,,A,,R,11.0
484710,2014,A,,A,,A,,R,43.0,R,0.0,R,43.0,R,23.0,R,53.0,A,,A,,A,,A,,A,,R,17.0
484729,2014,A,,A,,A,,R,41.0,R,0.0,R,41.0,R,21.0,R,51.0,A,,A,,A,,A,,A,,R,12.0
484738,2014,A,,A,,A,,R,25.0,R,0.0,R,25.0,R,9.0,R,36.0,A,,A,,A,,A,,A,,R,7.0
484747,2014,A,,A,,A,,R,138.0,R,0.0,R,138.0,R,55.0,R,40.0,A,,A,,A,,A,,A,,R,14.0
484756,2014,A,,A,,A,,R,174.0,R,0.0,R,174.0,R,63.0,R,36.0,A,,A,,A,,A,,A,,R,17.0
484765,2014,A,,A,,A,,R,14.0,R,0.0,R,14.0,R,4.0,R,29.0,A,,A,,A,,A,,A,,R,12.0
484783,2014,A,,A,,A,,R,46.0,R,0.0,R,46.0,R,23.0,R,50.0,A,,A,,A,,A,,A,,R,9.0
484817,2014,A,,A,,A,,R,1.0,R,0.0,R,1.0,R,0.0,R,0.0,R,0.0,R,0.0,R,0.0,R,0.0,A,,R,20.0
484826,2014,A,,A,,A,,R,0.0,R,0.0,R,0.0,R,0.0,A,,A,,A,,A,,A,,A,,R,11.0
484835,2014,R,60.0,R,125.0,R,48.0,R,14.0,R,0.0,R,14.0,R,4.0,R,29.0,A,,A,,A,,A,,A,,R,36.0
484844,2014,R,16.0,R,28.0,R,57.0,R,0.0,R,0.0,R,0.0,R,0.0,A,,A,,A,,A,,A,,A,,R,7.0
484871,2014,R,34.0,R,48.0,R,71.0,R,22.0,R,0.0,R,22.0,R,21.0,R,95.0,A,,A,,A,,A,,A,,R,35.0
484880,2014,A,,A,,A,,R,0.0,R,0.0,R,0.0,R,0.0,A,,A,,A,,A,,A,,A,,R,6.0
484899,2014,A,,A,,A,,R,0.0,R,0.0,R,0.0,R,0.0,A,,A,,A,,A,,A,,A,,R,17.0
484905,2014,R,115.0,R,576.0,R,20.0,R,122.0,R,2.0,R,120.0,R,67.0,R,56.0,R,3.0,R,0.0,R,3.0,R,0.0,R,0.0,R,18.0
484923,2014,A,,A,,A,,A,,A,,A,,A,,A,,A,,A,,A,,A,,A,,R,10.0
484932,2014,R,281.0,R,1070.0,R,26.0,R,0.0,Z,0.0,R,0.0,R,0.0,A,,R,0.0,Z,0.0,R,0.0,R,0.0,A,,R,12.0
484950,2014,A,,A,,A,,R,7.0,Z,0.0,R,7.0,R,6.0,R,86.0,A,,A,,A,,A,,A,,R,15.0
484978,2014,R,73.0,R,91.0,R,80.0,R,0.0,R,0.0,R,0.0,R,0.0,A,,R,0.0,R,0.0,R,0.0,R,0.0,A,,R,10.0
484996,2014,A,,A,,A,,R,0.0,R,0.0,R,0.0,R,0.0,A,,R,0.0,R,0.0,R,0.0,R,0.0,A,,R,22.0
485014,2014,A,,A,,A,,R,0.0,R,0.0,R,0.0,R,0.0,A,,A,,A,,A,,A,,A,,R,10.0
485032,2014,A,,A,,A,,R,4.0,R,0.0,R,4.0,R,4.0,R,100.0,R,1.0,R,0.0,R,1.0,R,1.0,R,100.0,R,11.0
485041,2014,A,,A,,A,,R,3.0,Z,0.0,R,3.0,R,2.0,R,67.0,A,,A,,A,,A,,A,,R,15.0
485078,2014,R,3.0,R,116.0,R,3.0,R,0.0,Z,0.0,R,0.0,Z,0.0,A,,R,0.0,Z,0.0,R,0.0,Z,0.0,A,,R,9.0
485087,2014,A,,A,,A,,R,35.0,Z,0.0,R,35.0,R,25.0,R,71.0,A,,A,,A,,A,,A,,R,8.0
485111,2014,R,1557.0,R,3272.0,R,48.0,R,1433.0,R,0.0,R,1433.0,R,767.0,R,54.0,R,116.0,R,0.0,R,116.0,R,65.0,R,56.0,R,25.0
485120,2014,A,,A,,A,,R,0.0,R,0.0,R,0.0,R,0.0,A,,R,0.0,R,0.0,R,0.0,R,0.0,A,,R,15.0
485139,2014,A,,A,,A,,R,6.0,R,0.0,R,6.0,R,6.0,R,100.0,A,,A,,A,,A,,A,,R,12.0
485166,2014,A,,A,,A,,R,0.0,R,0.0,R,0.0,R,0.0,A,,A,,A,,A,,A,,A,,R,17.0
485184,2014,A,,A,,A,,R,12.0,R,0.0,R,12.0,R,10.0,R,83.0,A,,A,,A,,A,,A,,R,9.0
485193,2014,A,,A,,A,,R,7.0,R,0.0,R,7.0,R,6.0,R,86.0,A,,A,,A,,A,,A,,R,9.0
485236,2014,A,,A,,A,,R,1.0,Z,0.0,R,1.0,R,1.0,R,100.0,R,12.0,Z,0.0,R,12.0,R,11.0,R,92.0,R,3.0
485245,2014,A,,A,,A,,R,9.0,Z,0.0,R,9.0,R,8.0,R,89.0,R,1.0,Z,0.0,R,1.0,R,1.0,R,100.0,R,7.0
485254,2014,A,,A,,A,,R,302.0,Z,0.0,R,302.0,R,277.0,R,92.0,A,,A,,A,,A,,A,,R,6.0
485263,2014,A,,A,,A,,R,21.0,R,0.0,R,21.0,R,16.0,R,76.0,A,,A,,A,,A,,A,,R,22.0
485272,2014,R,1.0,R,34.0,R,3.0,R,0.0,R,0.0,R,0.0,R,0.0,A,,R,0.0,R,0.0,R,0.0,R,0.0,A,,R,6.0
485281,2014,R,1.0,R,70.0,R,1.0,R,1.0,R,0.0,R,1.0,R,0.0,R,0.0,R,23.0,R,0.0,R,23.0,R,7.0,R,30.0,R,13.0
485306,2014,A,,A,,A,,R,15.0,Z,0.0,R,15.0,R,9.0,R,60.0,A,,A,,A,,A,,A,,R,18.0
485342,2014,A,,A,,A,,R,80.0,R,0.0,R,80.0,R,61.0,R,76.0,A,,A,,A,,A,,A,,R,16.0
485351,2014,A,,A,,A,,R,113.0,R,0.0,R,113.0,R,17.0,R,15.0,A,,A,,A,,A,,A,,R,24.0
485379,2014,A,,A,,A,,R,59.0,Z,0.0,R,59.0,R,46.0,R,78.0,A,,A,,A,,A,,A,,R,17.0
485388,2014,A,,A,,A,,R,59.0,Z,0.0,R,59.0,R,46.0,R,78.0,A,,A,,A,,A,,A,,R,15.0
485397,2014,A,,A,,A,,R,0.0,R,0.0,R,0.0,R,0.0,A,,A,,A,,A,,A,,A,,R,26.0
485412,2014,A,,A,,A,,R,21.0,R,1.0,R,20.0,R,14.0,R,70.0,A,,A,,A,,A,,A,,R,20.0
485421,2014,R,25.0,R,31.0,R,81.0,R,0.0,R,0.0,R,0.0,R,0.0,A,,R,0.0,R,0.0,R,0.0,R,0.0,A,,R,15.0
485458,2014,R,110.0,R,1211.0,R,9.0,R,155.0,R,0.0,R,155.0,R,29.0,R,19.0,R,387.0,R,0.0,R,387.0,R,54.0,R,14.0,R,12.0
